Scenario,Fold,part_number,origin_date,target_date,actual,Last Value,3-day Moving Average,7-day Moving Average,D+3 Plan Reference,moving_average_3d,plan_d3_reference,XGBoost,LightGBM,CatBoost,LSTM,Related LightGBM
source_total,fold_1,Part 0,2021-10-07,2021-10-10,1.0,5.0,4.0,1.7142857142857142,0.0,4.0,0.0,11.83105,13.7017984,6.827768034910363,12.889615,14.824
source_total,fold_1,Part 1,2021-10-07,2021-10-10,9.0,4.0,3.0,1.5714285714285714,0.0,3.0,0.0,11.635276,13.7017984,6.764699169590326,1.596116,14.824
source_total,fold_1,Part 10,2021-10-07,2021-10-10,73.0,118.0,127.0,76.71428571428571,0.0,127.0,0.0,36.998726,13.58954496,43.31478678685155,128.31607,14.7456
source_total,fold_1,Part 100,2021-10-07,2021-10-10,1.0,1.0,3.6666666666666665,10.285714285714286,0.0,3.6666666666666665,0.0,12.838335,13.7017984,7.69385485141302,36.98503,14.824
source_total,fold_1,Part 101,2021-10-07,2021-10-10,103.0,108.0,73.0,40.285714285714285,0.0,73.0,0.0,42.94509,15.56053504,39.85676568107921,33.003147,14.7456
source_total,fold_1,Part 102,2021-10-07,2021-10-10,5.0,1.0,13.666666666666666,13.571428571428571,0.0,13.666666666666666,0.0,13.488249,13.73769472,11.51569584111057,5.488314,14.824
source_total,fold_1,Part 103,2021-10-07,2021-10-10,136.0,112.0,108.66666666666667,94.28571428571429,0.0,108.66666666666667,0.0,37.032223,13.58954496,42.46179020862747,94.20252,14.7456
source_total,fold_1,Part 104,2021-10-07,2021-10-10,160.0,115.0,104.33333333333333,46.0,0.0,104.33333333333333,0.0,30.301508,13.58954496,24.860202247891685,71.48046,14.7456
source_total,fold_1,Part 105,2021-10-07,2021-10-10,2.0,4.0,10.666666666666666,12.142857142857142,0.0,10.666666666666666,0.0,16.38155,14.1017984,9.992404449751856,12.7033205,14.824
source_total,fold_1,Part 106,2021-10-07,2021-10-10,620.0,577.0,567.3333333333334,393.14285714285717,0.0,567.3333333333334,0.0,63.083904,13.58954496,42.354786884603165,385.8659,14.7456
source_total,fold_1,Part 107,2021-10-07,2021-10-10,101.0,126.0,148.33333333333334,122.42857142857143,0.0,148.33333333333334,0.0,43.701675,13.58954496,42.46179020862747,80.918236,14.7456
source_total,fold_1,Part 108,2021-10-07,2021-10-10,4.0,4.0,4.0,2.857142857142857,0.0,4.0,0.0,12.413103,13.7017984,6.940021488517026,11.421331,14.824
source_total,fold_1,Part 11,2021-10-07,2021-10-10,1.0,0.0,0.0,1.2857142857142858,0.0,0.0,0.0,11.200026,13.7017984,6.92092513350563,0.0,14.824
source_total,fold_1,Part 110,2021-10-07,2021-10-10,4.0,4.0,1.3333333333333333,0.5714285714285714,0.0,1.3333333333333333,0.0,11.635276,13.7017984,6.808671679898968,0.0,14.824
source_total,fold_1,Part 112,2021-10-07,2021-10-10,0.0,2.0,0.6666666666666666,0.2857142857142857,0.0,0.6666666666666666,0.0,11.635276,13.7017984,6.940021488517026,4.1119766,14.824
source_total,fold_1,Part 113,2021-10-07,2021-10-10,0.0,0.0,0.0,0.0,0.0,0.0,0.0,11.200026,13.7017984,6.940021488517026,27.96321,14.824
source_total,fold_1,Part 114,2021-10-07,2021-10-10,0.0,0.0,0.0,0.0,0.0,0.0,0.0,11.200026,13.7017984,6.940021488517026,25.306171,14.824
source_total,fold_1,Part 12,2021-10-07,2021-10-10,0.0,9.0,11.666666666666666,20.285714285714285,0.0,11.666666666666666,0.0,15.184509,13.73769472,11.64819112073946,24.068377,14.824
source_total,fold_1,Part 13,2021-10-07,2021-10-10,8.0,0.0,0.0,0.8571428571428571,0.0,0.0,0.0,11.200026,13.7017984,6.92092513350563,15.116353,14.824
source_total,fold_1,Part 14,2021-10-07,2021-10-10,82.0,83.0,84.33333333333333,54.0,0.0,84.33333333333333,0.0,33.16305,13.58954496,32.34384242953057,75.86981,14.7456
source_total,fold_1,Part 15,2021-10-07,2021-10-10,27.0,29.0,30.0,26.714285714285715,0.0,30.0,0.0,25.259678,15.848808959999998,17.75988120938449,37.876896,14.7456
source_total,fold_1,Part 16,2021-10-07,2021-10-10,52.0,60.0,58.333333333333336,42.857142857142854,0.0,58.333333333333336,0.0,34.621674,15.855144959999999,26.52790980644071,59.91498,14.7456
source_total,fold_1,Part 17,2021-10-07,2021-10-10,58.0,45.0,48.333333333333336,37.285714285714285,0.0,48.333333333333336,0.0,31.971037,15.855144959999999,24.788647998773882,40.17069,14.7456
source_total,fold_1,Part 18,2021-10-07,2021-10-10,151.0,181.0,152.33333333333334,109.0,0.0,152.33333333333334,0.0,34.441772,13.58954496,43.31478678685155,144.09166,14.7456
source_total,fold_1,Part 19,2021-10-07,2021-10-10,41.0,31.0,49.333333333333336,30.857142857142858,0.0,49.333333333333336,0.0,28.645504,15.855144959999999,26.350472302896563,30.767748,14.7456
source_total,fold_1,Part 2,2021-10-07,2021-10-10,555.0,569.0,497.0,344.57142857142856,0.0,497.0,0.0,29.503963,13.58954496,43.31478678685155,368.5627,14.7456
source_total,fold_1,Part 20,2021-10-07,2021-10-10,42.0,32.0,30.333333333333332,21.571428571428573,0.0,30.333333333333332,0.0,21.853653,14.64880896,12.36643755744256,24.055378,15.42
source_total,fold_1,Part 22,2021-10-07,2021-10-10,67.0,71.0,61.333333333333336,37.714285714285715,0.0,61.333333333333336,0.0,32.35751,14.949544959999999,33.211434089234615,72.26897,14.7456
source_total,fold_1,Part 23,2021-10-07,2021-10-10,0.0,0.0,0.0,0.0,0.0,0.0,0.0,11.200026,13.7017984,6.789368110536735,1.9722872,14.824
source_total,fold_1,Part 24,2021-10-07,2021-10-10,193.0,149.0,131.66666666666666,92.42857142857143,0.0,131.66666666666666,0.0,40.249355,13.58954496,43.31478678685155,138.73975,14.7456
source_total,fold_1,Part 25,2021-10-07,2021-10-10,45.0,42.0,46.666666666666664,31.714285714285715,0.0,46.666666666666664,0.0,29.36409,15.855144959999999,26.588052258409295,20.141808,14.7456
source_total,fold_1,Part 27,2021-10-07,2021-10-10,180.0,179.0,193.33333333333334,144.0,0.0,193.33333333333334,0.0,47.139816,13.58954496,43.31478678685155,208.7271,14.7456
source_total,fold_1,Part 28,2021-10-07,2021-10-10,550.0,552.0,540.6666666666666,383.14285714285717,0.0,540.6666666666666,0.0,31.68941,13.58954496,43.31478678685155,448.93445,14.7456
source_total,fold_1,Part 29,2021-10-07,2021-10-10,494.0,500.0,509.3333333333333,363.42857142857144,0.0,509.3333333333333,0.0,31.712431,13.58954496,43.421790110875854,390.84396,14.7456
source_total,fold_1,Part 3,2021-10-07,2021-10-10,159.0,74.0,114.33333333333333,93.14285714285714,0.0,114.33333333333333,0.0,34.321434,13.58954496,43.421790110875854,121.473,14.7456
source_total,fold_1,Part 30,2021-10-07,2021-10-10,244.0,293.0,256.3333333333333,198.85714285714286,0.0,256.3333333333333,0.0,69.235344,13.58954496,42.354786884603165,214.83315,14.7456
source_total,fold_1,Part 31,2021-10-07,2021-10-10,0.0,0.0,0.0,0.0,0.0,0.0,0.0,11.200026,13.7017984,6.789368110536735,0.0,14.824
source_total,fold_1,Part 32,2021-10-07,2021-10-10,0.0,0.0,0.0,0.0,0.0,0.0,0.0,11.200026,13.7017984,6.940021488517026,38.93894,14.824
source_total,fold_1,Part 33,2021-10-07,2021-10-10,79.0,84.0,113.66666666666667,89.85714285714286,0.0,113.66666666666667,0.0,36.25686,13.58954496,45.119372012629206,78.266045,14.7456
source_total,fold_1,Part 34,2021-10-07,2021-10-10,53.0,51.0,49.333333333333336,39.857142857142854,0.0,49.333333333333336,0.0,31.62569,15.855144959999999,24.286884602401166,43.63779,14.7456
source_total,fold_1,Part 35,2021-10-07,2021-10-10,2.0,0.0,0.3333333333333333,0.5714285714285714,0.0,0.3333333333333333,0.0,11.200026,13.7017984,6.8809251343997,16.765985,14.824
source_total,fold_1,Part 36,2021-10-07,2021-10-10,2.0,2.0,2.0,2.142857142857143,0.0,2.0,0.0,12.413103,13.7017984,6.940021488517026,29.963896,14.824
source_total,fold_1,Part 37,2021-10-07,2021-10-10,130.0,129.0,110.66666666666667,97.57142857142857,0.0,110.66666666666667,0.0,37.1576,13.58954496,37.095018785506966,69.84302,14.7456
source_total,fold_1,Part 38,2021-10-07,2021-10-10,107.0,119.0,102.0,80.57142857142857,0.0,102.0,0.0,42.176968,13.58954496,37.095018785506966,47.55593,14.7456
source_total,fold_1,Part 39,2021-10-07,2021-10-10,15.0,15.0,16.666666666666668,15.571428571428571,0.0,16.666666666666668,0.0,14.885345,13.73769472,10.999240140880659,9.116158,16.06
source_total,fold_1,Part 4,2021-10-07,2021-10-10,134.0,154.0,167.66666666666666,146.85714285714286,0.0,167.66666666666666,0.0,35.431274,13.58954496,43.31478678685155,174.68571,14.7456
source_total,fold_1,Part 40,2021-10-07,2021-10-10,0.0,0.0,0.0,0.0,0.0,0.0,0.0,11.200026,13.7017984,6.940021488517026,39.57133,14.824
source_total,fold_1,Part 41,2021-10-07,2021-10-10,22.0,13.0,18.333333333333332,22.857142857142858,0.0,18.333333333333332,0.0,17.297482,13.73769472,14.138674477466187,8.176116,14.7856
source_total,fold_1,Part 42,2021-10-07,2021-10-10,5.0,6.0,7.0,6.857142857142857,0.0,7.0,0.0,13.145958,13.7017984,7.385145716105107,15.628111,14.824
source_total,fold_1,Part 43,2021-10-07,2021-10-10,1.0,1.0,2.6666666666666665,22.571428571428573,0.0,2.6666666666666665,0.0,16.807713,13.7017984,16.68752904994346,15.92359,14.824
source_total,fold_1,Part 44,2021-10-07,2021-10-10,0.0,0.0,0.0,3.0,0.0,0.0,0.0,11.549066,13.7017984,6.940021488517026,8.532491,14.824
source_total,fold_1,Part 46,2021-10-07,2021-10-10,2.0,3.0,5.0,5.857142857142857,0.0,5.0,0.0,12.790712,13.7017984,6.940021488517026,11.595511,14.824
source_total,fold_1,Part 47,2021-10-07,2021-10-10,14.0,3.0,5.0,3.4285714285714284,0.0,5.0,0.0,12.608877,13.7017984,6.718888299490011,4.8832965,14.824
source_total,fold_1,Part 48,2021-10-07,2021-10-10,12.0,15.0,12.0,6.857142857142857,0.0,12.0,0.0,14.972694,14.1017984,8.132935650306312,12.058979,15.3856
source_total,fold_1,Part 49,2021-10-07,2021-10-10,2.0,3.0,6.666666666666667,5.0,0.0,6.666666666666667,0.0,12.790712,13.7017984,7.1828103963402405,10.884369,14.824
source_total,fold_1,Part 5,2021-10-07,2021-10-10,103.0,119.0,110.33333333333333,71.28571428571429,0.0,110.33333333333333,0.0,41.8003,13.58954496,43.421790110875854,124.886566,14.7456
source_total,fold_1,Part 50,2021-10-07,2021-10-10,48.0,38.0,45.666666666666664,28.857142857142858,0.0,45.666666666666664,0.0,28.04324,15.855144959999999,21.61138894885,54.231007,14.7456
source_total,fold_1,Part 51,2021-10-07,2021-10-10,85.0,66.0,60.0,44.57142857142857,0.0,60.0,0.0,34.1635,14.949544959999999,24.107668542788296,54.54488,14.7456
source_total,fold_1,Part 52,2021-10-07,2021-10-10,9.0,9.0,10.333333333333334,10.285714285714286,0.0,10.333333333333334,0.0,13.920364,13.7017984,9.55275295184358,24.299416,14.824
source_total,fold_1,Part 53,2021-10-07,2021-10-10,68.0,60.0,69.66666666666667,65.14285714285714,0.0,69.66666666666667,0.0,35.680367,15.855144959999999,37.20202210953127,53.225014,14.7456
source_total,fold_1,Part 54,2021-10-07,2021-10-10,119.0,122.0,94.33333333333333,72.71428571428571,0.0,94.33333333333333,0.0,39.46169,13.58954496,30.07812501667996,61.778095,14.7456
source_total,fold_1,Part 55,2021-10-07,2021-10-10,8.0,8.0,15.666666666666666,13.857142857142858,0.0,15.666666666666666,0.0,15.92889,13.73769472,11.416119320032294,1.7854701,14.824
source_total,fold_1,Part 56,2021-10-07,2021-10-10,82.0,93.0,111.33333333333333,101.42857142857143,0.0,111.33333333333333,0.0,36.40967,13.58954496,42.354786884603165,83.98146,14.7456
source_total,fold_1,Part 57,2021-10-07,2021-10-10,34.0,25.0,20.666666666666668,17.857142857142858,0.0,20.666666666666668,0.0,18.89803,14.64880896,12.069807994244236,49.47373,15.42
source_total,fold_1,Part 58,2021-10-07,2021-10-10,17.0,30.0,32.666666666666664,29.714285714285715,0.0,32.666666666666664,0.0,26.193615,14.64880896,17.64355270581293,23.042637,14.7456
source_total,fold_1,Part 59,2021-10-07,2021-10-10,4.0,3.0,8.666666666666666,11.714285714285714,0.0,8.666666666666666,0.0,13.515892,14.1017984,8.492268234217114,55.67043,14.824
source_total,fold_1,Part 6,2021-10-07,2021-10-10,115.0,119.0,117.33333333333333,82.28571428571429,0.0,117.33333333333333,0.0,44.23778,13.58954496,43.31478678685155,107.78509,14.7456
source_total,fold_1,Part 60,2021-10-07,2021-10-10,636.0,689.0,645.0,521.4285714285714,0.0,645.0,0.0,85.39483,13.58954496,42.354786884603165,349.29465,14.7456
source_total,fold_1,Part 61,2021-10-07,2021-10-10,28.0,23.0,32.0,34.57142857142857,0.0,32.0,0.0,24.712824,14.64880896,18.3275685030998,34.833313,14.7456
source_total,fold_1,Part 62,2021-10-07,2021-10-10,90.0,22.0,7.333333333333333,3.142857142857143,0.0,7.333333333333333,0.0,13.944535,13.7017984,7.336273181917541,6.4570355,14.7456
source_total,fold_1,Part 63,2021-10-07,2021-10-10,147.0,123.0,146.66666666666666,140.71428571428572,0.0,146.66666666666666,0.0,35.082737,13.58954496,42.354786884603165,88.42099,14.7456
source_total,fold_1,Part 64,2021-10-07,2021-10-10,40.0,35.0,34.0,20.142857142857142,0.0,34.0,0.0,25.387325,15.855144959999999,19.060294982286074,25.544462,16.06
source_total,fold_1,Part 65,2021-10-07,2021-10-10,264.0,281.0,283.3333333333333,247.28571428571428,0.0,283.3333333333333,0.0,80.39663,13.58954496,42.354786884603165,233.22142,14.7456
source_total,fold_1,Part 66,2021-10-07,2021-10-10,636.0,689.0,645.0,521.4285714285714,0.0,645.0,0.0,85.39483,13.58954496,42.354786884603165,403.00937,14.7456
source_total,fold_1,Part 67,2021-10-07,2021-10-10,28.0,23.0,32.0,34.57142857142857,0.0,32.0,0.0,24.712824,14.64880896,18.3275685030998,18.543423,14.7456
source_total,fold_1,Part 68,2021-10-07,2021-10-10,90.0,22.0,7.333333333333333,3.142857142857143,0.0,7.333333333333333,0.0,13.944535,13.7017984,7.336273181917541,26.829597,14.7456
source_total,fold_1,Part 69,2021-10-07,2021-10-10,147.0,123.0,146.66666666666666,140.71428571428572,0.0,146.66666666666666,0.0,35.082737,13.58954496,42.354786884603165,143.31702,14.7456
source_total,fold_1,Part 7,2021-10-07,2021-10-10,5.0,5.0,5.0,3.5714285714285716,0.0,5.0,0.0,12.413103,13.7017984,6.92092513350563,5.9922886,14.824
source_total,fold_1,Part 70,2021-10-07,2021-10-10,40.0,35.0,34.0,20.142857142857142,0.0,34.0,0.0,25.387325,15.855144959999999,19.060294982286074,36.401356,16.06
source_total,fold_1,Part 71,2021-10-07,2021-10-10,264.0,281.0,283.3333333333333,247.28571428571428,0.0,283.3333333333333,0.0,80.39663,13.58954496,42.354786884603165,237.49074,14.7456
source_total,fold_1,Part 72,2021-10-07,2021-10-10,26.0,21.0,8.333333333333334,8.571428571428571,0.0,8.333333333333334,0.0,14.427406,13.7017984,8.46613345589282,31.854303,15.36
source_total,fold_1,Part 73,2021-10-07,2021-10-10,63.0,57.0,83.66666666666667,76.85714285714286,0.0,83.66666666666667,0.0,36.89385,14.49514496,42.354786884603165,54.195988,14.7456
source_total,fold_1,Part 74,2021-10-07,2021-10-10,134.0,142.0,131.0,81.14285714285714,0.0,131.0,0.0,39.74318,13.58954496,43.31478678685155,145.7555,14.7456
source_total,fold_1,Part 75,2021-10-07,2021-10-10,227.0,238.0,198.33333333333334,146.85714285714286,0.0,198.33333333333334,0.0,36.260204,13.58954496,43.31478678685155,171.68347,14.7456
source_total,fold_1,Part 76,2021-10-07,2021-10-10,12.0,2.0,0.6666666666666666,0.2857142857142857,0.0,0.6666666666666666,0.0,11.635276,13.7017984,6.764699169590326,9.187029,14.824
source_total,fold_1,Part 77,2021-10-07,2021-10-10,63.0,51.0,75.66666666666667,71.42857142857143,0.0,75.66666666666667,0.0,35.7284,14.49514496,42.354786884603165,66.887825,14.7456
source_total,fold_1,Part 78,2021-10-07,2021-10-10,63.0,57.0,83.66666666666667,76.85714285714286,0.0,83.66666666666667,0.0,36.89385,14.49514496,42.354786884603165,54.89105,14.7456
source_total,fold_1,Part 79,2021-10-07,2021-10-10,0.0,6.0,8.0,5.428571428571429,0.0,8.0,0.0,13.192492,14.1017984,7.169348334759121,22.45537,14.824
source_total,fold_1,Part 8,2021-10-07,2021-10-10,5.0,5.0,5.0,3.5714285714285716,0.0,5.0,0.0,12.413103,13.7017984,6.92092513350563,20.212818,14.824
source_total,fold_1,Part 80,2021-10-07,2021-10-10,220.0,253.0,269.6666666666667,145.57142857142858,0.0,269.6666666666667,0.0,90.968185,23.853335039999997,59.063883925142456,231.85243,14.7456
source_total,fold_1,Part 81,2021-10-07,2021-10-10,321.0,349.0,376.6666666666667,219.42857142857142,0.0,376.6666666666667,0.0,167.26286,13.58954496,48.85510008807998,243.51967,14.7456
source_total,fold_1,Part 82,2021-10-07,2021-10-10,101.0,96.0,107.0,73.85714285714286,0.0,107.0,0.0,33.866325,13.58954496,48.85510008807998,66.291435,14.7456
source_total,fold_1,Part 83,2021-10-07,2021-10-10,12.0,15.0,17.333333333333332,10.571428571428571,0.0,17.333333333333332,0.0,17.41756,14.5981824,10.953831583348123,19.291359,15.3856
source_total,fold_1,Part 84,2021-10-07,2021-10-10,12.0,15.0,17.333333333333332,10.571428571428571,0.0,17.333333333333332,0.0,17.41756,14.5981824,10.953831583348123,9.888609,15.3856
source_total,fold_1,Part 85,2021-10-07,2021-10-10,7.0,14.0,8.666666666666666,4.285714285714286,0.0,8.666666666666666,0.0,13.596075,14.1017984,8.363837255996547,0.0,15.3856
source_total,fold_1,Part 86,2021-10-07,2021-10-10,2.0,3.0,1.6666666666666667,1.2857142857142858,0.0,1.6666666666666667,0.0,11.635276,13.7017984,6.940021488517026,5.2734766,14.824
source_total,fold_1,Part 87,2021-10-07,2021-10-10,18.0,11.0,19.666666666666668,16.142857142857142,0.0,19.666666666666668,0.0,16.84734,13.73769472,11.61191569629498,25.790188,14.824
source_total,fold_1,Part 88,2021-10-07,2021-10-10,71.0,0.0,0.0,1.4285714285714286,0.0,0.0,0.0,11.200026,13.7017984,6.858196100483905,6.3014946,14.824
source_total,fold_1,Part 89,2021-10-07,2021-10-10,24.0,1.0,8.333333333333334,12.857142857142858,0.0,8.333333333333334,0.0,12.838335,13.73769472,9.765743538012854,14.977738,14.824
source_total,fold_1,Part 9,2021-10-07,2021-10-10,5.0,5.0,5.0,3.5714285714285716,0.0,5.0,0.0,12.413103,13.7017984,6.92092513350563,30.551157,14.824
source_total,fold_1,Part 90,2021-10-07,2021-10-10,18.0,11.0,19.666666666666668,16.142857142857142,0.0,19.666666666666668,0.0,16.84734,13.73769472,12.041129954432007,20.74986,14.824
source_total,fold_1,Part 91,2021-10-07,2021-10-10,54.0,56.0,60.0,43.42857142857143,0.0,60.0,0.0,32.72284,15.855144959999999,33.390650148847485,22.6533,14.7456
source_total,fold_1,Part 92,2021-10-07,2021-10-10,672.0,666.0,668.6666666666666,477.14285714285717,0.0,668.6666666666666,0.0,89.10544,13.58954496,43.31478678685155,395.10526,14.7456
source_total,fold_1,Part 93,2021-10-07,2021-10-10,1.0,1.0,0.3333333333333333,0.14285714285714285,0.0,0.3333333333333333,0.0,11.200026,13.7017984,6.92092513350563,21.386902,14.824
source_total,fold_1,Part 94,2021-10-07,2021-10-10,42.0,38.0,39.333333333333336,40.0,36.0,39.333333333333336,36.0,43.50922,28.833015040000003,47.03324086502398,59.773575,22.7528
source_total,fold_1,Part 95,2021-10-07,2021-10-10,236.0,327.0,324.3333333333333,310.7142857142857,315.0,324.3333333333333,315.0,149.43764,28.833015040000003,85.03526574324216,379.69058,22.7528
source_total,fold_1,Part 96,2021-10-07,2021-10-10,1.0,1.0,0.3333333333333333,0.14285714285714285,0.0,0.3333333333333333,0.0,11.200026,13.7017984,6.92092513350563,5.7542768,14.824
source_total,fold_1,Part 97,2021-10-07,2021-10-10,99.0,106.0,114.0,78.14285714285714,0.0,114.0,0.0,41.47489,13.58954496,42.354786884603165,83.105484,14.7456
source_total,fold_1,Part 98,2021-10-07,2021-10-10,25.0,15.0,14.333333333333334,13.857142857142858,0.0,14.333333333333334,0.0,14.83881,13.73769472,10.658863964501997,13.806006,15.42
source_total,fold_1,Part 99,2021-10-07,2021-10-10,0.0,0.0,0.3333333333333333,3.0,0.0,0.3333333333333333,0.0,11.549066,13.7017984,6.940021488517026,13.877259,14.824
source_total,fold_1,Part 0,2021-10-08,2021-10-11,1.0,1.0,4.333333333333333,1.8571428571428572,0.0,4.333333333333333,0.0,12.006424,13.7017984,6.957000362344061,10.518108,14.824
source_total,fold_1,Part 1,2021-10-08,2021-10-11,9.0,9.0,6.0,2.857142857142857,0.0,6.0,0.0,13.113304,13.7017984,7.271693122572589,5.6555147,14.824
source_total,fold_1,Part 10,2021-10-08,2021-10-11,73.0,73.0,114.0,73.57142857142857,0.0,114.0,0.0,31.642498,13.58954496,46.882204319189356,118.6598,14.7456
source_total,fold_1,Part 100,2021-10-08,2021-10-11,1.0,1.0,1.3333333333333333,4.857142857142857,0.0,1.3333333333333333,0.0,11.977854,13.7017984,6.957000362344061,30.065113,14.824
source_total,fold_1,Part 101,2021-10-08,2021-10-11,103.0,103.0,99.33333333333333,50.285714285714285,0.0,99.33333333333333,0.0,61.72661,30.950807040000004,50.66961554038729,42.065758,27.1248
source_total,fold_1,Part 102,2021-10-08,2021-10-11,5.0,5.0,7.333333333333333,7.142857142857143,0.0,7.333333333333333,0.0,13.036585,13.75529472,8.162042304231754,16.349674,14.824
source_total,fold_1,Part 103,2021-10-08,2021-10-11,136.0,136.0,105.66666666666667,87.14285714285714,0.0,105.66666666666667,0.0,79.97246,29.729192960000002,44.20053688907258,116.23497,27.1248
source_total,fold_1,Part 104,2021-10-08,2021-10-11,160.0,160.0,143.66666666666666,68.0,0.0,143.66666666666666,0.0,88.83687,29.729192960000002,62.03298622236427,97.279785,27.1248
source_total,fold_1,Part 105,2021-10-08,2021-10-11,2.0,2.0,9.333333333333334,12.285714285714286,0.0,9.333333333333334,0.0,13.273584,14.3422464,9.819756615018306,12.903182,14.824
source_total,fold_1,Part 106,2021-10-08,2021-10-11,620.0,620.0,588.0,407.57142857142856,0.0,588.0,0.0,387.16745,29.729192960000002,72.94439207588745,400.88562,27.1248
source_total,fold_1,Part 107,2021-10-08,2021-10-11,101.0,101.0,112.33333333333333,109.14285714285714,0.0,112.33333333333333,0.0,71.32708,29.729192960000002,61.92598289833997,73.37278,27.1248
source_total,fold_1,Part 108,2021-10-08,2021-10-11,4.0,4.0,4.0,2.857142857142857,0.0,4.0,0.0,12.413103,13.7017984,6.957000362344061,10.547957,14.824
source_total,fold_1,Part 11,2021-10-08,2021-10-11,1.0,1.0,0.3333333333333333,0.14285714285714285,0.0,0.3333333333333333,0.0,11.200026,13.7017984,6.957000362344061,0.0,14.824
source_total,fold_1,Part 110,2021-10-08,2021-10-11,4.0,4.0,2.6666666666666665,1.1428571428571428,0.0,2.6666666666666665,0.0,11.635276,13.7017984,6.844746908737399,0.0,14.824
source_total,fold_1,Part 112,2021-10-08,2021-10-11,0.0,0.0,0.6666666666666666,0.2857142857142857,0.0,0.6666666666666666,0.0,11.200026,13.7017984,6.957000362344061,0.0,14.824
source_total,fold_1,Part 113,2021-10-08,2021-10-11,0.0,0.0,0.0,0.0,0.0,0.0,0.0,11.200026,13.7017984,6.957000362344061,28.405565,14.824
source_total,fold_1,Part 114,2021-10-08,2021-10-11,0.0,0.0,0.0,0.0,0.0,0.0,0.0,11.200026,13.7017984,6.957000362344061,26.48902,14.824
source_total,fold_1,Part 115,2021-10-08,2021-10-11,0.0,0.0,0.0,0.0,0.0,0.0,0.0,11.200026,13.7017984,6.957000362344061,16.133095,14.824
source_total,fold_1,Part 12,2021-10-08,2021-10-11,0.0,0.0,3.0,13.142857142857142,0.0,3.0,0.0,12.227712,13.7017984,8.19009647391519,16.106049,14.824
source_total,fold_1,Part 13,2021-10-08,2021-10-11,8.0,8.0,2.6666666666666665,1.2857142857142858,0.0,2.6666666666666665,0.0,12.335477,13.7017984,6.957000362344061,5.2260437,14.824
source_total,fold_1,Part 14,2021-10-08,2021-10-11,82.0,82.0,84.66666666666667,56.857142857142854,0.0,84.66666666666667,0.0,31.783278,13.58954496,38.06199137245973,77.05174,14.7456
source_total,fold_1,Part 15,2021-10-08,2021-10-11,27.0,27.0,29.0,24.142857142857142,0.0,29.0,0.0,20.32125,14.64880896,15.827699093148297,33.503674,15.3856
source_total,fold_1,Part 16,2021-10-08,2021-10-11,52.0,52.0,57.333333333333336,40.57142857142857,0.0,57.333333333333336,0.0,33.083645,15.855144959999999,34.511776162220485,60.108486,14.7456
source_total,fold_1,Part 17,2021-10-08,2021-10-11,58.0,58.0,49.0,37.42857142857143,0.0,49.0,0.0,33.195206,15.855144959999999,28.528082653350182,38.966522,14.7456
source_total,fold_1,Part 18,2021-10-08,2021-10-11,151.0,151.0,161.66666666666666,107.71428571428571,0.0,161.66666666666666,0.0,32.67677,13.58954496,46.77520099516505,141.05757,14.7456
source_total,fold_1,Part 19,2021-10-08,2021-10-11,41.0,41.0,43.0,32.857142857142854,0.0,43.0,0.0,30.318165,15.848808959999998,26.258922479274524,34.490845,14.7456
source_total,fold_1,Part 2,2021-10-08,2021-10-11,555.0,555.0,551.6666666666666,348.2857142857143,0.0,551.6666666666666,0.0,63.04902,13.58954496,57.79361017271253,375.5954,14.7456
source_total,fold_1,Part 20,2021-10-08,2021-10-11,42.0,42.0,27.333333333333332,24.0,0.0,27.333333333333332,0.0,26.98198,15.5095808,20.03978922422047,21.83127,14.7456
source_total,fold_1,Part 22,2021-10-08,2021-10-11,67.0,67.0,64.66666666666667,39.857142857142854,0.0,64.66666666666667,0.0,32.555553,13.58954496,29.727981842228587,59.39604,14.7456
source_total,fold_1,Part 23,2021-10-08,2021-10-11,0.0,0.0,0.0,0.0,0.0,0.0,0.0,11.200026,13.7017984,6.8063469843637705,4.432897,14.824
source_total,fold_1,Part 24,2021-10-08,2021-10-11,193.0,193.0,154.33333333333334,105.42857142857143,0.0,154.33333333333334,0.0,33.4425,13.58954496,46.77520099516505,152.67612,14.7456
source_total,fold_1,Part 25,2021-10-08,2021-10-11,45.0,45.0,44.666666666666664,32.285714285714285,0.0,44.666666666666664,0.0,35.219906,25.049192960000003,27.40412520483692,24.076046,21.204800000000002
source_total,fold_1,Part 27,2021-10-08,2021-10-11,180.0,180.0,184.0,141.14285714285714,0.0,184.0,0.0,42.319546,13.58954496,46.77520099516505,185.48679,14.7456
source_total,fold_1,Part 28,2021-10-08,2021-10-11,550.0,550.0,548.6666666666666,387.14285714285717,0.0,548.6666666666666,0.0,33.748634,13.58954496,57.79361017271253,444.66852,14.7456
source_total,fold_1,Part 29,2021-10-08,2021-10-11,494.0,494.0,497.3333333333333,362.0,0.0,497.3333333333333,0.0,32.263203,13.58954496,57.79361017271253,383.24316,14.7456
source_total,fold_1,Part 3,2021-10-08,2021-10-11,159.0,159.0,109.0,95.28571428571429,0.0,109.0,0.0,45.124634,13.58954496,42.71533208494726,90.99966,14.7456
source_total,fold_1,Part 30,2021-10-08,2021-10-11,244.0,244.0,271.6666666666667,186.14285714285714,0.0,271.6666666666667,0.0,205.28746,29.729192960000002,61.92598289833997,263.29114,27.1248
source_total,fold_1,Part 31,2021-10-08,2021-10-11,0.0,0.0,0.0,0.0,0.0,0.0,0.0,11.200026,13.7017984,6.8063469843637705,0.0,14.824
source_total,fold_1,Part 32,2021-10-08,2021-10-11,0.0,0.0,0.0,0.0,0.0,0.0,0.0,11.200026,13.7017984,6.8063469843637705,43.868206,14.824
source_total,fold_1,Part 33,2021-10-08,2021-10-11,79.0,79.0,91.66666666666667,83.28571428571429,0.0,91.66666666666667,0.0,51.697945,29.729192960000002,62.03298622236427,70.142914,27.1248
source_total,fold_1,Part 34,2021-10-08,2021-10-11,53.0,53.0,52.333333333333336,36.857142857142854,0.0,52.333333333333336,0.0,37.86156,29.729192960000002,29.506392785563637,60.97519,21.204800000000002
source_total,fold_1,Part 35,2021-10-08,2021-10-11,2.0,2.0,0.6666666666666666,0.5714285714285714,0.0,0.6666666666666666,0.0,11.635276,13.7017984,6.957000362344061,19.548946,14.824
source_total,fold_1,Part 36,2021-10-08,2021-10-11,2.0,2.0,2.0,1.4285714285714286,0.0,2.0,0.0,12.064068,13.7017984,6.957000362344061,18.880323,14.824
source_total,fold_1,Part 37,2021-10-08,2021-10-11,130.0,130.0,122.33333333333333,93.28571428571429,0.0,122.33333333333333,0.0,85.44591,29.729192960000002,61.92598289833997,96.04985,27.1248
source_total,fold_1,Part 38,2021-10-08,2021-10-11,107.0,107.0,106.66666666666667,78.0,0.0,106.66666666666667,0.0,82.28143,29.729192960000002,56.666214799243775,62.069904,27.1248
source_total,fold_1,Part 39,2021-10-08,2021-10-11,15.0,15.0,15.0,12.857142857142858,0.0,15.0,0.0,14.885345,14.15529472,10.523572322297138,12.802231,16.0
source_total,fold_1,Part 4,2021-10-08,2021-10-11,134.0,134.0,151.66666666666666,123.85714285714286,0.0,151.66666666666666,0.0,36.819355,13.58954496,46.77520099516505,169.07275,14.7456
source_total,fold_1,Part 40,2021-10-08,2021-10-11,0.0,0.0,0.0,0.0,0.0,0.0,0.0,11.200026,13.7017984,6.957000362344061,35.157322,14.824
source_total,fold_1,Part 41,2021-10-08,2021-10-11,22.0,22.0,17.0,17.571428571428573,0.0,17.0,0.0,17.269833,14.93129472,10.922947615863976,3.8173754,15.36
source_total,fold_1,Part 42,2021-10-08,2021-10-11,5.0,5.0,6.333333333333333,5.571428571428571,0.0,6.333333333333333,0.0,12.790712,13.7017984,6.8063469843637705,2.687078,14.824
source_total,fold_1,Part 43,2021-10-08,2021-10-11,1.0,1.0,1.3333333333333333,4.142857142857143,0.0,1.3333333333333333,0.0,11.977854,13.7017984,6.957000362344061,13.062792,14.824
source_total,fold_1,Part 44,2021-10-08,2021-10-11,0.0,0.0,0.0,0.0,0.0,0.0,0.0,11.200026,13.7017984,6.957000362344061,6.9417605,14.824
source_total,fold_1,Part 46,2021-10-08,2021-10-11,2.0,2.0,3.3333333333333335,4.0,0.0,3.3333333333333335,0.0,12.413103,13.7017984,6.8063469843637705,12.450584,14.824
source_total,fold_1,Part 47,2021-10-08,2021-10-11,14.0,14.0,8.333333333333334,5.285714285714286,0.0,8.333333333333334,0.0,14.160166,13.7017984,7.79234790843784,7.613314,14.7456
source_total,fold_1,Part 48,2021-10-08,2021-10-11,12.0,12.0,13.333333333333334,8.285714285714286,0.0,13.333333333333334,0.0,15.455566,14.1017984,10.050626325667789,6.429544,14.824
source_total,fold_1,Part 49,2021-10-08,2021-10-11,2.0,2.0,3.3333333333333335,5.285714285714286,0.0,3.3333333333333335,0.0,12.413103,13.7017984,6.8063469843637705,0.3644184,14.824
source_total,fold_1,Part 5,2021-10-08,2021-10-11,103.0,103.0,104.0,79.28571428571429,0.0,104.0,0.0,38.836754,13.58954496,38.06199137245973,112.412865,14.7456
source_total,fold_1,Part 50,2021-10-08,2021-10-11,48.0,48.0,49.666666666666664,32.42857142857143,0.0,49.666666666666664,0.0,31.90792,17.00919296,30.30596295144582,65.39527,17.6416
source_total,fold_1,Part 51,2021-10-08,2021-10-11,85.0,85.0,70.33333333333333,48.142857142857146,0.0,70.33333333333333,0.0,42.695965,29.729192960000002,36.30074448027378,68.91068,21.204800000000002
source_total,fold_1,Part 52,2021-10-08,2021-10-11,9.0,9.0,9.0,10.0,0.0,9.0,0.0,13.920364,13.7017984,8.488010269820442,26.356462,14.824
source_total,fold_1,Part 53,2021-10-08,2021-10-11,68.0,68.0,61.333333333333336,63.0,0.0,61.333333333333336,0.0,45.55657,29.729192960000002,40.6370846438547,63.19146,21.204800000000002
source_total,fold_1,Part 54,2021-10-08,2021-10-11,119.0,119.0,116.66666666666667,71.28571428571429,0.0,116.66666666666667,0.0,85.06485,29.729192960000002,61.92598289833997,83.625374,27.1248
source_total,fold_1,Part 55,2021-10-08,2021-10-11,8.0,8.0,11.333333333333334,12.0,0.0,11.333333333333334,0.0,13.920364,14.10511872,9.952507154214949,0.0,14.824
source_total,fold_1,Part 56,2021-10-08,2021-10-11,82.0,82.0,96.33333333333333,86.42857142857143,0.0,96.33333333333333,0.0,54.580093,29.729192960000002,61.92598289833997,100.546814,27.1248
source_total,fold_1,Part 57,2021-10-08,2021-10-11,34.0,34.0,25.666666666666668,17.142857142857142,0.0,25.666666666666668,0.0,25.072618,17.00919296,13.18982630836698,47.581654,15.42
source_total,fold_1,Part 58,2021-10-08,2021-10-11,17.0,17.0,22.333333333333332,25.428571428571427,0.0,22.333333333333332,0.0,25.002712,17.005278720000003,20.04671505490673,29.379694,17.6416
source_total,fold_1,Part 59,2021-10-08,2021-10-11,4.0,4.0,6.0,8.142857142857142,0.0,6.0,0.0,13.273584,13.7017984,7.972718988074666,44.570564,14.824
source_total,fold_1,Part 6,2021-10-08,2021-10-11,115.0,115.0,117.66666666666667,82.57142857142857,0.0,117.66666666666667,0.0,41.548923,13.58954496,46.77520099516505,95.20898,14.7456
source_total,fold_1,Part 60,2021-10-08,2021-10-11,636.0,636.0,660.3333333333334,490.14285714285717,0.0,660.3333333333334,0.0,387.16745,29.729192960000002,72.94439207588745,351.09055,27.1248
source_total,fold_1,Part 61,2021-10-08,2021-10-11,28.0,28.0,26.666666666666668,28.0,0.0,26.666666666666668,0.0,23.158123,17.00919296,16.273552683684706,28.20375,17.6416
source_total,fold_1,Part 62,2021-10-08,2021-10-11,90.0,90.0,37.333333333333336,16.0,0.0,37.333333333333336,0.0,32.497135,21.256780799999998,19.54363497229082,26.227856,14.7456
source_total,fold_1,Part 63,2021-10-08,2021-10-11,147.0,147.0,140.66666666666666,122.42857142857143,0.0,140.66666666666666,0.0,92.31508,29.729192960000002,62.03298622236427,120.3196,27.1248
source_total,fold_1,Part 64,2021-10-08,2021-10-11,40.0,40.0,37.666666666666664,25.142857142857142,0.0,37.666666666666664,0.0,31.593008,17.00919296,24.418248234528132,23.807447,17.6416
source_total,fold_1,Part 65,2021-10-08,2021-10-11,264.0,264.0,278.3333333333333,220.42857142857142,0.0,278.3333333333333,0.0,229.06097,29.729192960000002,61.92598289833997,278.4188,27.1248
source_total,fold_1,Part 66,2021-10-08,2021-10-11,636.0,636.0,660.3333333333334,490.14285714285717,0.0,660.3333333333334,0.0,387.16745,29.729192960000002,72.94439207588745,405.19263,27.1248
source_total,fold_1,Part 67,2021-10-08,2021-10-11,28.0,28.0,26.666666666666668,28.0,0.0,26.666666666666668,0.0,23.158123,17.00919296,16.273552683684706,29.126532,17.6416
source_total,fold_1,Part 68,2021-10-08,2021-10-11,90.0,90.0,37.333333333333336,16.0,0.0,37.333333333333336,0.0,32.497135,21.256780799999998,19.54363497229082,61.425774,14.7456
source_total,fold_1,Part 69,2021-10-08,2021-10-11,147.0,147.0,140.66666666666666,122.42857142857143,0.0,140.66666666666666,0.0,92.31508,29.729192960000002,62.03298622236427,178.58734,27.1248
source_total,fold_1,Part 7,2021-10-08,2021-10-11,5.0,5.0,5.0,3.5714285714285716,0.0,5.0,0.0,12.413103,13.7017984,6.937904007332666,5.594129,14.824
source_total,fold_1,Part 70,2021-10-08,2021-10-11,40.0,40.0,37.666666666666664,25.142857142857142,0.0,37.666666666666664,0.0,31.593008,17.00919296,24.418248234528132,34.167194,17.6416
source_total,fold_1,Part 71,2021-10-08,2021-10-11,264.0,264.0,278.3333333333333,220.42857142857142,0.0,278.3333333333333,0.0,229.06097,29.729192960000002,61.92598289833997,276.74313,27.1248
source_total,fold_1,Part 72,2021-10-08,2021-10-11,26.0,26.0,16.666666666666668,8.857142857142858,0.0,16.666666666666668,0.0,17.060501,14.1017984,10.68152812502189,33.485317,15.36
source_total,fold_1,Part 73,2021-10-08,2021-10-11,63.0,63.0,69.33333333333333,63.857142857142854,0.0,69.33333333333333,0.0,43.173325,29.729192960000002,44.307540213096885,51.643257,21.204800000000002
source_total,fold_1,Part 74,2021-10-08,2021-10-11,134.0,134.0,134.66666666666666,90.42857142857143,0.0,134.66666666666666,0.0,89.47987,29.729192960000002,64.34622416199238,122.20599,27.1248
source_total,fold_1,Part 75,2021-10-08,2021-10-11,227.0,227.0,214.33333333333334,146.28571428571428,0.0,214.33333333333334,0.0,96.28282,29.729192960000002,61.92598289833997,139.11578,27.1248
source_total,fold_1,Part 76,2021-10-08,2021-10-11,12.0,12.0,4.666666666666667,2.0,0.0,4.666666666666667,0.0,13.353767,13.7017984,7.475949807555589,12.587364,14.824
source_total,fold_1,Part 77,2021-10-08,2021-10-11,63.0,63.0,63.666666666666664,59.42857142857143,0.0,63.666666666666664,0.0,42.9621,29.729192960000002,44.307540213096885,74.3257,21.204800000000002
source_total,fold_1,Part 78,2021-10-08,2021-10-11,63.0,63.0,69.33333333333333,63.857142857142854,0.0,69.33333333333333,0.0,43.173325,29.729192960000002,44.307540213096885,55.055347,21.204800000000002
source_total,fold_1,Part 79,2021-10-08,2021-10-11,0.0,0.0,5.666666666666667,4.428571428571429,0.0,5.666666666666667,0.0,12.355463,13.7017984,7.3695390031589625,21.48882,14.824
source_total,fold_1,Part 8,2021-10-08,2021-10-11,5.0,5.0,5.0,3.5714285714285716,0.0,5.0,0.0,12.413103,13.7017984,6.937904007332666,19.612595,14.824
source_total,fold_1,Part 80,2021-10-08,2021-10-11,220.0,220.0,261.3333333333333,167.85714285714286,0.0,261.3333333333333,0.0,131.66275,29.729192960000002,62.03298622236427,204.6701,27.1248
source_total,fold_1,Part 81,2021-10-08,2021-10-11,321.0,321.0,367.3333333333333,242.85714285714286,0.0,367.3333333333333,0.0,265.74927,29.729192960000002,62.03298622236427,221.66222,27.1248
source_total,fold_1,Part 82,2021-10-08,2021-10-11,101.0,101.0,106.0,75.0,0.0,106.0,0.0,65.13511,29.729192960000002,62.03298622236427,67.847305,27.1248
source_total,fold_1,Part 83,2021-10-08,2021-10-11,12.0,12.0,15.666666666666666,11.0,0.0,15.666666666666666,0.0,14.885345,15.14927872,10.619973007888188,15.020742,14.824
source_total,fold_1,Part 84,2021-10-08,2021-10-11,12.0,12.0,15.666666666666666,11.0,0.0,15.666666666666666,0.0,14.885345,15.14927872,10.619973007888188,8.333033,14.824
source_total,fold_1,Part 85,2021-10-08,2021-10-11,7.0,7.0,10.666666666666666,4.857142857142857,0.0,10.666666666666666,0.0,13.484026,14.1017984,7.448212471420767,0.0,14.824
source_total,fold_1,Part 86,2021-10-08,2021-10-11,2.0,2.0,2.0,1.2857142857142858,0.0,2.0,0.0,11.635276,13.7017984,6.957000362344061,0.0,14.824
source_total,fold_1,Part 87,2021-10-08,2021-10-11,18.0,18.0,16.0,14.857142857142858,0.0,16.0,0.0,15.476112,14.64489472,10.872653689795445,14.461657,15.42
source_total,fold_1,Part 88,2021-10-08,2021-10-11,71.0,71.0,23.666666666666668,10.142857142857142,0.0,23.666666666666668,0.0,29.837412,15.1095808,15.062854809795006,11.6098385,14.7456
source_total,fold_1,Part 89,2021-10-08,2021-10-11,24.0,24.0,8.333333333333334,16.285714285714285,0.0,8.333333333333334,0.0,14.427406,13.7017984,9.432211302939717,15.494102,14.7456
source_total,fold_1,Part 9,2021-10-08,2021-10-11,5.0,5.0,5.0,3.5714285714285716,0.0,5.0,0.0,12.413103,13.7017984,6.937904007332666,28.510708,14.824
source_total,fold_1,Part 90,2021-10-08,2021-10-11,18.0,18.0,16.0,14.857142857142858,0.0,16.0,0.0,15.476112,14.64489472,11.301867947932472,16.556334,15.42
source_total,fold_1,Part 91,2021-10-08,2021-10-11,54.0,54.0,57.333333333333336,42.0,0.0,57.333333333333336,0.0,31.94924,15.855144959999999,33.470650147059345,15.945781,14.7456
source_total,fold_1,Part 92,2021-10-08,2021-10-11,672.0,672.0,669.3333333333334,478.0,0.0,669.3333333333334,0.0,91.164665,13.58954496,57.79361017271253,391.99088,14.7456
source_total,fold_1,Part 93,2021-10-08,2021-10-11,1.0,1.0,0.6666666666666666,0.2857142857142857,0.0,0.6666666666666666,0.0,11.200026,13.7017984,6.957000362344061,18.549828,14.824
source_total,fold_1,Part 94,2021-10-08,2021-10-11,42.0,42.0,39.666666666666664,40.285714285714285,35.0,39.666666666666664,35.0,44.582638,28.833015040000003,48.96486370850655,54.08977,22.7528
source_total,fold_1,Part 95,2021-10-08,2021-10-11,236.0,236.0,299.3333333333333,298.2857142857143,240.0,299.3333333333333,240.0,114.78477,28.833015040000003,97.61567967141384,372.5085,22.7528
source_total,fold_1,Part 96,2021-10-08,2021-10-11,1.0,1.0,0.6666666666666666,0.2857142857142857,0.0,0.6666666666666666,0.0,11.200026,13.7017984,6.957000362344061,2.0629191,14.824
source_total,fold_1,Part 97,2021-10-08,2021-10-11,99.0,99.0,107.66666666666667,77.28571428571429,0.0,107.66666666666667,0.0,69.10353,29.729192960000002,61.92598289833997,84.26887,27.1248
source_total,fold_1,Part 98,2021-10-08,2021-10-11,25.0,25.0,16.666666666666668,13.857142857142858,0.0,16.666666666666668,0.0,15.476112,14.1017984,9.870026146345168,20.259655,15.36
source_total,fold_1,Part 99,2021-10-08,2021-10-11,0.0,0.0,0.0,0.8571428571428571,0.0,0.0,0.0,11.200026,13.7017984,6.957000362344061,5.77706,14.824
source_total,fold_1,Part 0,2021-10-09,2021-10-12,3.0,1.0,2.3333333333333335,2.0,0.0,2.3333333333333335,0.0,11.977854,13.7017984,7.266792778667952,1.9754505,14.824
source_total,fold_1,Part 1,2021-10-09,2021-10-12,13.0,9.0,7.333333333333333,4.142857142857143,0.0,7.333333333333333,0.0,13.309078,13.7017984,8.19462270122863,0.0,14.824
source_total,fold_1,Part 10,2021-10-09,2021-10-12,145.0,73.0,88.0,84.0,0.0,88.0,0.0,54.695477,29.729192960000002,72.30371025121855,108.390076,27.1248
source_total,fold_1,Part 100,2021-10-09,2021-10-12,0.0,1.0,1.0,5.0,0.0,1.0,0.0,11.549066,13.7017984,7.026792860326314,10.513999,14.824
source_total,fold_1,Part 101,2021-10-09,2021-10-12,16.0,103.0,104.66666666666667,65.0,0.0,104.66666666666667,0.0,64.83071,39.24360704,73.89466591176387,37.603996,27.1248
source_total,fold_1,Part 102,2021-10-09,2021-10-12,48.0,5.0,3.6666666666666665,7.857142857142857,0.0,3.6666666666666665,0.0,12.632387,13.7017984,8.338520726743605,3.718545,14.824
source_total,fold_1,Part 103,2021-10-09,2021-10-12,180.0,136.0,128.0,106.57142857142857,0.0,128.0,0.0,97.13856,29.729192960000002,72.19670692719424,142.07077,27.1248
source_total,fold_1,Part 104,2021-10-09,2021-10-12,94.0,160.0,145.0,90.85714285714286,0.0,145.0,0.0,88.23457,29.729192960000002,72.19670692719424,110.12747,27.1248
source_total,fold_1,Part 105,2021-10-09,2021-10-12,2.0,2.0,2.6666666666666665,12.571428571428571,0.0,2.6666666666666665,0.0,12.895979,13.7017984,8.087827496949696,2.7479315,14.824
source_total,fold_1,Part 106,2021-10-09,2021-10-12,587.0,620.0,605.6666666666666,496.14285714285717,0.0,605.6666666666666,0.0,393.43845,29.729192960000002,91.13628368281678,426.71252,27.1248
source_total,fold_1,Part 107,2021-10-09,2021-10-12,134.0,101.0,109.33333333333333,123.57142857142857,0.0,109.33333333333333,0.0,77.7307,29.729192960000002,72.30371025121855,106.38369,27.1248
source_total,fold_1,Part 108,2021-10-09,2021-10-12,4.0,4.0,4.0,3.4285714285714284,0.0,4.0,0.0,12.413103,13.7017984,7.026792860326314,0.0,14.824
source_total,fold_1,Part 11,2021-10-09,2021-10-12,0.0,1.0,0.6666666666666666,0.2857142857142857,0.0,0.6666666666666666,0.0,11.200026,13.7017984,7.026792860326314,0.0,14.824
source_total,fold_1,Part 110,2021-10-09,2021-10-12,3.0,4.0,4.0,1.7142857142857142,0.0,4.0,0.0,12.064068,13.7017984,7.229708715013203,0.0,14.824
source_total,fold_1,Part 112,2021-10-09,2021-10-12,0.0,0.0,0.6666666666666666,0.2857142857142857,0.0,0.6666666666666666,0.0,11.6288185,13.7017984,7.026792860326314,0.0,14.824
source_total,fold_1,Part 113,2021-10-09,2021-10-12,0.0,0.0,0.0,0.0,0.0,0.0,0.0,11.200026,13.7017984,7.026792860326314,20.532433,14.824
source_total,fold_1,Part 114,2021-10-09,2021-10-12,0.0,0.0,0.0,0.0,0.0,0.0,0.0,11.200026,13.7017984,7.026792860326314,0.0,14.824
source_total,fold_1,Part 115,2021-10-09,2021-10-12,0.0,0.0,0.0,0.0,0.0,0.0,0.0,11.200026,13.7017984,7.026792860326314,14.553068,14.824
source_total,fold_1,Part 12,2021-10-09,2021-10-12,32.0,0.0,3.0,13.142857142857142,0.0,3.0,0.0,13.983985,13.7017984,10.518167825382157,6.270204,14.824
source_total,fold_1,Part 13,2021-10-09,2021-10-12,0.0,8.0,5.333333333333333,2.4285714285714284,0.0,5.333333333333333,0.0,12.88029,13.7017984,7.310196777503247,0.0,14.824
source_total,fold_1,Part 14,2021-10-09,2021-10-12,127.0,82.0,82.33333333333333,68.57142857142857,0.0,82.33333333333333,0.0,56.707306,29.729192960000002,54.471260917926855,79.67634,27.1248
source_total,fold_1,Part 15,2021-10-09,2021-10-12,29.0,27.0,27.666666666666668,28.0,0.0,27.666666666666668,0.0,23.880352,17.00919296,21.01147688179233,30.802185,17.6416
source_total,fold_1,Part 16,2021-10-09,2021-10-12,51.0,52.0,54.666666666666664,48.0,0.0,54.666666666666664,0.0,40.785435,29.729192960000002,44.14536633995937,47.630856,21.204800000000002
source_total,fold_1,Part 17,2021-10-09,2021-10-12,67.0,58.0,53.666666666666664,45.714285714285715,0.0,53.666666666666664,0.0,42.403133,29.729192960000002,42.44801619536483,37.975662,21.204800000000002
source_total,fold_1,Part 18,2021-10-09,2021-10-12,127.0,151.0,161.0,129.28571428571428,0.0,161.0,0.0,100.832954,29.729192960000002,72.30371025121855,166.37291,27.1248
source_total,fold_1,Part 19,2021-10-09,2021-10-12,32.0,41.0,37.666666666666664,38.714285714285715,0.0,37.666666666666664,0.0,39.770916,25.049192960000003,30.913861831214547,41.07473,21.204800000000002
source_total,fold_1,Part 2,2021-10-09,2021-10-12,559.0,555.0,559.6666666666666,427.57142857142856,0.0,559.6666666666666,0.0,370.36896,29.729192960000002,91.13628368281678,395.10297,27.1248
source_total,fold_1,Part 20,2021-10-09,2021-10-12,15.0,42.0,38.666666666666664,30.0,0.0,38.666666666666664,0.0,35.66905,25.049192960000003,32.82850580087009,7.1792326,21.204800000000002
source_total,fold_1,Part 22,2021-10-09,2021-10-12,40.0,67.0,68.33333333333333,49.42857142857143,0.0,68.33333333333333,0.0,40.94853,29.729192960000002,46.445212367903316,60.73652,21.204800000000002
source_total,fold_1,Part 23,2021-10-09,2021-10-12,18.0,0.0,0.0,0.0,0.0,0.0,0.0,11.200026,13.7017984,8.122806229230605,0.0,14.824
source_total,fold_1,Part 24,2021-10-09,2021-10-12,131.0,193.0,178.33333333333334,133.0,0.0,178.33333333333334,0.0,104.06397,29.729192960000002,72.19670692719424,189.34068,27.1248
source_total,fold_1,Part 25,2021-10-09,2021-10-12,44.0,45.0,44.0,38.714285714285715,0.0,44.0,0.0,38.17154,25.049192960000003,32.82850580087009,12.479345,21.204800000000002
source_total,fold_1,Part 27,2021-10-09,2021-10-12,168.0,180.0,179.66666666666666,166.85714285714286,0.0,179.66666666666666,0.0,112.824905,29.729192960000002,72.19670692719424,191.99248,27.1248
source_total,fold_1,Part 28,2021-10-09,2021-10-12,616.0,550.0,550.6666666666666,465.7142857142857,0.0,550.6666666666666,0.0,350.99695,29.729192960000002,91.13628368281678,465.8729,27.1248
source_total,fold_1,Part 29,2021-10-09,2021-10-12,452.0,494.0,496.0,432.57142857142856,0.0,496.0,0.0,314.98987,29.729192960000002,91.13628368281678,402.95572,27.1248
source_total,fold_1,Part 3,2021-10-09,2021-10-12,92.0,159.0,130.66666666666666,118.0,0.0,130.66666666666666,0.0,101.24042,29.729192960000002,55.67116010680526,98.95804,27.1248
source_total,fold_1,Part 30,2021-10-09,2021-10-12,359.0,244.0,260.3333333333333,221.0,0.0,260.3333333333333,0.0,179.67984,29.729192960000002,72.30371025121855,297.37784,27.1248
source_total,fold_1,Part 31,2021-10-09,2021-10-12,18.0,0.0,0.0,0.0,0.0,0.0,0.0,11.200026,13.7017984,8.122806229230605,0.0,14.824
source_total,fold_1,Part 32,2021-10-09,2021-10-12,0.0,0.0,0.0,0.0,0.0,0.0,0.0,11.200026,13.7017984,6.876139482346023,34.69145,14.824
source_total,fold_1,Part 33,2021-10-09,2021-10-12,106.0,79.0,80.66666666666667,94.57142857142857,0.0,80.66666666666667,0.0,52.026543,29.729192960000002,54.471260917926855,63.169216,27.1248
source_total,fold_1,Part 34,2021-10-09,2021-10-12,111.0,53.0,52.333333333333336,44.42857142857143,0.0,52.333333333333336,0.0,44.242043,29.729192960000002,39.21711674587257,67.5524,21.204800000000002
source_total,fold_1,Part 35,2021-10-09,2021-10-12,4.0,2.0,1.3333333333333333,0.8571428571428571,0.0,1.3333333333333333,0.0,11.635276,13.7017984,7.266792778667952,13.216096,14.824
source_total,fold_1,Part 36,2021-10-09,2021-10-12,2.0,2.0,2.0,1.7142857142857142,0.0,2.0,0.0,12.064068,13.7017984,7.026792860326314,1.068383,14.824
source_total,fold_1,Part 37,2021-10-09,2021-10-12,179.0,130.0,129.66666666666666,111.85714285714286,0.0,129.66666666666666,0.0,100.74522,29.729192960000002,72.19670692719424,128.01357,27.1248
source_total,fold_1,Part 38,2021-10-09,2021-10-12,100.0,107.0,111.0,93.28571428571429,0.0,111.0,0.0,91.96124,29.729192960000002,72.19670692719424,65.23335,27.1248
source_total,fold_1,Part 39,2021-10-09,2021-10-12,36.0,15.0,15.0,15.0,0.0,15.0,0.0,15.450027,14.15529472,13.104565947647576,3.7416801,15.3856
source_total,fold_1,Part 4,2021-10-09,2021-10-12,239.0,134.0,140.66666666666666,143.0,0.0,140.66666666666666,0.0,108.42516,29.729192960000002,72.19670692719424,179.77031,27.1248
source_total,fold_1,Part 40,2021-10-09,2021-10-12,0.0,0.0,0.0,0.0,0.0,0.0,0.0,11.200026,13.7017984,7.026792860326314,28.23032,14.824
source_total,fold_1,Part 41,2021-10-09,2021-10-12,55.0,22.0,19.0,20.714285714285715,0.0,19.0,0.0,20.522032,14.1017984,14.478645964541915,0.0,15.3856
source_total,fold_1,Part 42,2021-10-09,2021-10-12,8.0,5.0,5.333333333333333,6.285714285714286,0.0,5.333333333333333,0.0,12.790712,13.7017984,7.465282554657385,0.0,14.824
source_total,fold_1,Part 43,2021-10-09,2021-10-12,1.0,1.0,1.0,4.285714285714286,0.0,1.0,0.0,11.549066,13.7017984,7.026792860326314,0.0,14.824
source_total,fold_1,Part 44,2021-10-09,2021-10-12,0.0,0.0,0.0,0.0,0.0,0.0,0.0,11.200026,13.7017984,7.026792860326314,0.0,14.824
source_total,fold_1,Part 46,2021-10-09,2021-10-12,0.0,2.0,2.3333333333333335,4.285714285714286,0.0,2.3333333333333335,0.0,12.413103,13.7017984,6.876139482346023,0.0,14.824
source_total,fold_1,Part 47,2021-10-09,2021-10-12,26.0,14.0,10.333333333333334,7.285714285714286,0.0,10.333333333333334,0.0,14.507741,14.1017984,9.039743703558232,0.0,15.3856
source_total,fold_1,Part 48,2021-10-09,2021-10-12,7.0,12.0,13.0,10.0,0.0,13.0,0.0,15.455566,14.392422400000001,10.050626244605473,0.0,14.824
source_total,fold_1,Part 49,2021-10-09,2021-10-12,24.0,2.0,2.3333333333333335,5.571428571428571,0.0,2.3333333333333335,0.0,12.413103,13.7017984,8.122806229230605,0.0,14.824
source_total,fold_1,Part 5,2021-10-09,2021-10-12,97.0,103.0,108.33333333333333,94.0,0.0,108.33333333333333,0.0,73.10427,29.729192960000002,72.19670692719424,121.74077,27.1248
source_total,fold_1,Part 50,2021-10-09,2021-10-12,100.0,48.0,44.666666666666664,39.285714285714285,0.0,44.666666666666664,0.0,41.912018,25.049192960000003,36.34623134251257,52.571346,21.204800000000002
source_total,fold_1,Part 51,2021-10-09,2021-10-12,120.0,85.0,78.66666666666667,60.285714285714285,0.0,78.66666666666667,0.0,54.146297,29.729192960000002,54.471260917926855,78.616325,27.1248
source_total,fold_1,Part 52,2021-10-09,2021-10-12,22.0,9.0,9.0,11.285714285714286,0.0,9.0,0.0,13.920364,13.7017984,9.848908238211816,3.8445983,14.824
source_total,fold_1,Part 53,2021-10-09,2021-10-12,125.0,68.0,65.33333333333333,72.71428571428571,0.0,65.33333333333333,0.0,52.617455,29.729192960000002,54.471260917926855,58.958263,27.1248
source_total,fold_1,Part 54,2021-10-09,2021-10-12,123.0,119.0,120.0,88.28571428571429,0.0,120.0,0.0,91.998116,29.729192960000002,72.19670692719424,96.54882,27.1248
source_total,fold_1,Part 55,2021-10-09,2021-10-12,17.0,8.0,8.0,13.142857142857142,0.0,8.0,0.0,13.920364,13.7017984,9.08792021912513,0.0,14.824
source_total,fold_1,Part 56,2021-10-09,2021-10-12,154.0,82.0,85.66666666666667,98.14285714285714,0.0,85.66666666666667,0.0,58.051033,29.729192960000002,66.93693882809805,117.952,27.1248
source_total,fold_1,Part 57,2021-10-09,2021-10-12,56.0,34.0,31.0,22.0,0.0,31.0,0.0,30.317587,17.00919296,22.79328998933175,41.49905,16.06
source_total,fold_1,Part 58,2021-10-09,2021-10-12,67.0,17.0,21.333333333333332,27.857142857142858,0.0,21.333333333333332,0.0,22.005762,17.005278720000003,24.216956932710488,21.6574,16.4416
source_total,fold_1,Part 59,2021-10-09,2021-10-12,15.0,4.0,3.6666666666666665,8.714285714285714,0.0,3.6666666666666665,0.0,12.895979,13.7017984,8.069139648322603,39.683846,14.824
source_total,fold_1,Part 6,2021-10-09,2021-10-12,96.0,115.0,116.33333333333333,99.0,0.0,116.33333333333333,0.0,91.96124,29.729192960000002,72.19670692719424,117.18447,27.1248
source_total,fold_1,Part 60,2021-10-09,2021-10-12,929.0,636.0,653.6666666666666,581.0,0.0,653.6666666666666,0.0,393.43845,29.729192960000002,91.24328700684109,365.60934,27.1248
source_total,fold_1,Part 61,2021-10-09,2021-10-12,71.0,28.0,26.333333333333332,32.0,0.0,26.333333333333332,0.0,25.478674,17.00919296,26.166472236616197,18.680735,17.6416
source_total,fold_1,Part 62,2021-10-09,2021-10-12,166.0,90.0,67.33333333333333,28.857142857142858,0.0,67.33333333333333,0.0,48.749672,29.729192960000002,39.37959988127888,46.349205,27.1248
source_total,fold_1,Part 63,2021-10-09,2021-10-12,283.0,147.0,139.0,143.42857142857142,0.0,139.0,0.0,108.42516,29.729192960000002,72.19670692719424,175.25906,27.1248
source_total,fold_1,Part 64,2021-10-09,2021-10-12,73.0,40.0,38.333333333333336,30.857142857142858,0.0,38.333333333333336,0.0,34.376038,17.00919296,30.145244008581262,18.771269,17.6416
source_total,fold_1,Part 65,2021-10-09,2021-10-12,432.0,264.0,269.6666666666667,258.14285714285717,0.0,269.6666666666667,0.0,193.46935,29.729192960000002,72.19670692719424,327.72345,27.1248
source_total,fold_1,Part 66,2021-10-09,2021-10-12,929.0,636.0,653.6666666666666,581.0,0.0,653.6666666666666,0.0,393.43845,29.729192960000002,91.24328700684109,419.8498,27.1248
source_total,fold_1,Part 67,2021-10-09,2021-10-12,71.0,28.0,26.333333333333332,32.0,0.0,26.333333333333332,0.0,25.478674,17.00919296,26.166472236616197,14.875447,17.6416
source_total,fold_1,Part 68,2021-10-09,2021-10-12,166.0,90.0,67.33333333333333,28.857142857142858,0.0,67.33333333333333,0.0,48.749672,29.729192960000002,39.37959988127888,82.68658,27.1248
source_total,fold_1,Part 69,2021-10-09,2021-10-12,283.0,147.0,139.0,143.42857142857142,0.0,139.0,0.0,108.42516,29.729192960000002,72.19670692719424,219.54974,27.1248
source_total,fold_1,Part 7,2021-10-09,2021-10-12,5.0,5.0,5.0,4.285714285714286,0.0,5.0,0.0,12.413103,13.7017984,7.026792860326314,0.0,14.824
source_total,fold_1,Part 70,2021-10-09,2021-10-12,73.0,40.0,38.333333333333336,30.857142857142858,0.0,38.333333333333336,0.0,34.376038,17.00919296,30.145244008581262,24.536268,17.6416
source_total,fold_1,Part 71,2021-10-09,2021-10-12,432.0,264.0,269.6666666666667,258.14285714285717,0.0,269.6666666666667,0.0,193.46935,29.729192960000002,72.19670692719424,325.12186,27.1248
source_total,fold_1,Part 72,2021-10-09,2021-10-12,15.0,26.0,24.333333333333332,12.571428571428571,0.0,24.333333333333332,0.0,17.594486,17.00919296,13.229617736818412,21.804008,16.06
source_total,fold_1,Part 73,2021-10-09,2021-10-12,116.0,63.0,61.0,72.85714285714286,0.0,61.0,0.0,52.921135,29.729192960000002,62.63126073553664,55.31949,21.204800000000002
source_total,fold_1,Part 74,2021-10-09,2021-10-12,84.0,134.0,136.66666666666666,109.57142857142857,0.0,136.66666666666666,0.0,101.463165,29.729192960000002,74.61694819084666,132.07628,27.1248
source_total,fold_1,Part 75,2021-10-09,2021-10-12,82.0,227.0,230.66666666666666,178.71428571428572,0.0,230.66666666666666,0.0,159.47481,29.729192960000002,72.19670692719424,180.86528,27.1248
source_total,fold_1,Part 76,2021-10-09,2021-10-12,6.0,12.0,8.666666666666666,3.7142857142857144,0.0,8.666666666666666,0.0,14.024864,14.1017984,8.5035847509596,14.6532955,14.824
source_total,fold_1,Part 77,2021-10-09,2021-10-12,112.0,63.0,59.0,68.42857142857143,0.0,59.0,0.0,50.30105,29.729192960000002,59.06780849031876,81.84082,21.204800000000002
source_total,fold_1,Part 78,2021-10-09,2021-10-12,115.0,63.0,61.0,72.85714285714286,0.0,61.0,0.0,52.921135,29.729192960000002,62.63126073553664,52.84739,21.204800000000002
source_total,fold_1,Part 79,2021-10-09,2021-10-12,3.0,0.0,2.0,4.428571428571429,0.0,2.0,0.0,12.355463,13.7017984,7.266792778667952,9.541295,14.824
source_total,fold_1,Part 8,2021-10-09,2021-10-12,5.0,5.0,5.0,4.285714285714286,0.0,5.0,0.0,12.413103,13.7017984,7.026792860326314,7.3200016,14.824
source_total,fold_1,Part 80,2021-10-09,2021-10-12,110.0,220.0,231.0,199.28571428571428,0.0,231.0,0.0,159.23175,29.729192960000002,80.20690053477355,197.26671,27.1248
source_total,fold_1,Part 81,2021-10-09,2021-10-12,213.0,321.0,330.3333333333333,288.7142857142857,0.0,330.3333333333333,0.0,275.42615,29.729192960000002,80.46371006882833,227.87563,27.1248
source_total,fold_1,Part 82,2021-10-09,2021-10-12,103.0,101.0,99.33333333333333,89.42857142857143,0.0,99.33333333333333,0.0,66.08684,29.729192960000002,75.09693864570784,78.799515,27.1248
source_total,fold_1,Part 83,2021-10-09,2021-10-12,7.0,12.0,13.0,12.714285714285714,0.0,13.0,0.0,14.885345,14.15529472,10.522343448646122,7.784652,14.824
source_total,fold_1,Part 84,2021-10-09,2021-10-12,7.0,12.0,13.0,12.714285714285714,0.0,13.0,0.0,14.885345,14.15529472,10.522343448646122,0.0,14.824
source_total,fold_1,Part 85,2021-10-09,2021-10-12,2.0,7.0,9.333333333333334,5.857142857142857,0.0,9.333333333333334,0.0,13.437492,13.75529472,8.273030346489747,0.0,14.824
source_total,fold_1,Part 86,2021-10-09,2021-10-12,1.0,2.0,2.3333333333333335,1.5714285714285714,0.0,2.3333333333333335,0.0,12.064068,13.7017984,7.026792860326314,0.0,14.824
source_total,fold_1,Part 87,2021-10-09,2021-10-12,21.0,18.0,15.666666666666666,17.428571428571427,0.0,15.666666666666666,0.0,18.45274,14.1017984,12.947750193401216,0.9181297,15.3856
source_total,fold_1,Part 88,2021-10-09,2021-10-12,24.0,71.0,47.333333333333336,20.285714285714285,0.0,47.333333333333336,0.0,37.277508,15.5095808,27.701514140431424,7.048363,15.3856
source_total,fold_1,Part 89,2021-10-09,2021-10-12,0.0,24.0,16.333333333333332,19.714285714285715,0.0,16.333333333333332,0.0,18.581812,14.1017984,13.570324406341829,18.649809,15.3856
source_total,fold_1,Part 9,2021-10-09,2021-10-12,5.0,5.0,5.0,4.285714285714286,0.0,5.0,0.0,12.413103,13.7017984,7.026792860326314,23.696438,14.824
source_total,fold_1,Part 90,2021-10-09,2021-10-12,21.0,18.0,15.666666666666666,17.428571428571427,0.0,15.666666666666666,0.0,18.45274,14.1017984,13.376964451538242,0.0,15.3856
source_total,fold_1,Part 91,2021-10-09,2021-10-12,48.0,54.0,54.666666666666664,49.714285714285715,0.0,54.666666666666664,0.0,40.721058,29.729192960000002,42.881760122685435,7.702167,21.204800000000002
source_total,fold_1,Part 92,2021-10-09,2021-10-12,664.0,672.0,670.0,574.0,0.0,670.0,0.0,393.43845,29.729192960000002,91.13628368281678,408.9179,27.1248
source_total,fold_1,Part 93,2021-10-09,2021-10-12,2.0,1.0,1.0,0.42857142857142855,0.0,1.0,0.0,11.200026,13.7017984,7.026792860326314,0.0,14.824
source_total,fold_1,Part 94,2021-10-09,2021-10-12,42.0,42.0,40.666666666666664,40.42857142857143,22.0,40.666666666666664,22.0,38.817493,21.60003072,44.218532747510054,34.090485,18.4328
source_total,fold_1,Part 95,2021-10-09,2021-10-12,303.0,236.0,266.3333333333333,288.42857142857144,243.0,266.3333333333333,243.0,134.26979,28.833015040000003,90.12268316531139,372.51202,22.7528
source_total,fold_1,Part 96,2021-10-09,2021-10-12,2.0,1.0,1.0,0.42857142857142855,0.0,1.0,0.0,11.200026,13.7017984,7.026792860326314,0.0,14.824
source_total,fold_1,Part 97,2021-10-09,2021-10-12,85.0,99.0,101.33333333333333,91.42857142857143,0.0,101.33333333333333,0.0,67.56514,29.729192960000002,72.19670692719424,77.90727,27.1248
source_total,fold_1,Part 98,2021-10-09,2021-10-12,46.0,25.0,21.666666666666668,17.428571428571427,0.0,21.666666666666668,0.0,19.198328,14.93520896,14.478645964541915,7.1860933,15.3856
source_total,fold_1,Part 99,2021-10-09,2021-10-12,0.0,0.0,0.0,0.8571428571428571,0.0,0.0,0.0,11.200026,13.7017984,7.026792860326314,0.0,14.824
source_total,fold_1,Part 0,2021-10-10,2021-10-13,1.0,1.0,1.0,2.142857142857143,0.0,1.0,0.0,11.549066,13.7017984,7.266792778667952,0.0,14.824
source_total,fold_1,Part 1,2021-10-10,2021-10-13,3.0,9.0,9.0,5.428571428571429,0.0,9.0,0.0,13.6866865,13.7017984,8.19462270122863,0.0,14.824
source_total,fold_1,Part 10,2021-10-10,2021-10-13,118.0,73.0,73.0,94.42857142857143,0.0,73.0,0.0,53.609898,29.729192960000002,55.43126082017524,115.74431,27.1248
source_total,fold_1,Part 100,2021-10-10,2021-10-13,0.0,1.0,1.0,5.142857142857143,0.0,1.0,0.0,11.549066,13.7017984,7.026792860326314,8.160311,14.824
source_total,fold_1,Part 101,2021-10-10,2021-10-13,0.0,103.0,103.0,79.71428571428571,0.0,103.0,0.0,73.07868,39.24360704,73.89466591176387,33.75781,27.1248
source_total,fold_1,Part 102,2021-10-10,2021-10-13,43.0,5.0,5.0,8.571428571428571,0.0,5.0,0.0,17.02569,15.202246399999998,9.462267268398373,0.0,14.824
source_total,fold_1,Part 103,2021-10-10,2021-10-13,156.0,136.0,136.0,126.0,0.0,136.0,0.0,99.96972,29.729192960000002,81.31670664705241,170.33832,27.1248
source_total,fold_1,Part 104,2021-10-10,2021-10-13,127.0,160.0,160.0,113.71428571428571,0.0,160.0,0.0,100.05445,29.729192960000002,73.15670682944263,141.72353,27.1248
source_total,fold_1,Part 105,2021-10-10,2021-10-13,1.0,2.0,2.0,12.857142857142858,0.0,2.0,0.0,12.895979,13.7017984,8.087827496949696,0.0,14.824
source_total,fold_1,Part 106,2021-10-10,2021-10-13,587.0,620.0,620.0,584.7142857142857,0.0,620.0,0.0,393.43845,29.729192960000002,92.09628358506517,443.19156,27.1248
source_total,fold_1,Part 107,2021-10-10,2021-10-13,174.0,101.0,101.0,138.0,0.0,101.0,0.0,84.256355,29.729192960000002,73.15670682944263,137.59367,27.1248
source_total,fold_1,Part 108,2021-10-10,2021-10-13,0.0,4.0,4.0,4.0,0.0,4.0,0.0,12.413103,13.7017984,7.026792860326314,0.0,14.824
source_total,fold_1,Part 11,2021-10-10,2021-10-13,0.0,1.0,1.0,0.42857142857142855,0.0,1.0,0.0,11.200026,13.7017984,7.026792860326314,0.0,14.824
source_total,fold_1,Part 110,2021-10-10,2021-10-13,8.0,4.0,4.0,2.2857142857142856,0.0,4.0,0.0,12.413103,13.7017984,7.229708715013203,0.0,14.824
source_total,fold_1,Part 113,2021-10-10,2021-10-13,0.0,0.0,0.0,0.0,0.0,0.0,0.0,11.200026,13.7017984,7.026792860326314,21.466568,14.824
source_total,fold_1,Part 114,2021-10-10,2021-10-13,0.0,0.0,0.0,0.0,0.0,0.0,0.0,11.200026,13.7017984,7.026792860326314,0.0,14.824
source_total,fold_1,Part 116,2021-10-10,2021-10-13,0.0,0.0,0.0,0.0,0.0,0.0,0.0,0.0,0.0,0.0,0.0,0.0
source_total,fold_1,Part 12,2021-10-10,2021-10-13,39.0,0.0,0.0,13.142857142857142,0.0,0.0,0.0,13.75136,13.7017984,10.518167825382157,11.481779,14.824
source_total,fold_1,Part 13,2021-10-10,2021-10-13,0.0,8.0,8.0,3.5714285714285716,0.0,8.0,0.0,13.6866865,13.7017984,7.310196777503247,0.0,14.824
source_total,fold_1,Part 14,2021-10-10,2021-10-13,132.0,82.0,82.0,80.28571428571429,0.0,82.0,0.0,56.643047,29.729192960000002,55.43126082017524,92.2425,27.1248
source_total,fold_1,Part 15,2021-10-10,2021-10-13,27.0,27.0,27.0,31.857142857142858,0.0,27.0,0.0,24.329494,17.00919296,23.23237099719054,33.543236,17.6416
source_total,fold_1,Part 16,2021-10-10,2021-10-13,53.0,52.0,52.0,55.42857142857143,0.0,52.0,0.0,45.79888,29.729192960000002,44.102102197459445,49.29422,21.204800000000002
source_total,fold_1,Part 17,2021-10-10,2021-10-13,63.0,58.0,58.0,54.0,0.0,58.0,0.0,50.327408,29.729192960000002,50.49165644554906,50.633457,21.204800000000002
source_total,fold_1,Part 18,2021-10-10,2021-10-13,131.0,151.0,151.0,150.85714285714286,0.0,151.0,0.0,104.67833,29.729192960000002,73.15670682944263,193.09235,27.1248
source_total,fold_1,Part 19,2021-10-10,2021-10-13,32.0,41.0,41.0,44.57142857142857,0.0,41.0,0.0,40.299007,25.049192960000003,30.913861831214547,39.76865,21.204800000000002
source_total,fold_1,Part 2,2021-10-10,2021-10-13,513.0,555.0,555.0,506.85714285714283,0.0,555.0,0.0,353.3222,29.729192960000002,92.09628358506517,413.25223,27.1248
source_total,fold_1,Part 20,2021-10-10,2021-10-13,13.0,42.0,42.0,36.0,0.0,42.0,0.0,37.092686,25.049192960000003,32.82850580087009,0.26822725,21.204800000000002
source_total,fold_1,Part 22,2021-10-10,2021-10-13,41.0,67.0,67.0,59.0,0.0,67.0,0.0,47.02491,29.729192960000002,51.384816742529495,55.988544,21.204800000000002
source_total,fold_1,Part 23,2021-10-10,2021-10-13,20.0,0.0,0.0,0.0,0.0,0.0,0.0,11.200026,13.7017984,8.122806229230605,0.0,14.824
source_total,fold_1,Part 24,2021-10-10,2021-10-13,148.0,193.0,193.0,160.57142857142858,0.0,193.0,0.0,112.824905,29.729192960000002,73.15670682944263,238.28218,27.1248
source_total,fold_1,Part 25,2021-10-10,2021-10-13,23.0,45.0,45.0,45.142857142857146,0.0,45.0,0.0,38.69963,25.049192960000003,36.059405250362346,9.336354,21.204800000000002
source_total,fold_1,Part 27,2021-10-10,2021-10-13,156.0,180.0,180.0,192.57142857142858,0.0,180.0,0.0,136.7796,29.729192960000002,73.15670682944263,213.96252,27.1248
source_total,fold_1,Part 28,2021-10-10,2021-10-13,610.0,550.0,550.0,544.2857142857143,0.0,550.0,0.0,350.99695,29.729192960000002,92.09628358506517,481.03937,27.1248
source_total,fold_1,Part 29,2021-10-10,2021-10-13,434.0,494.0,494.0,503.14285714285717,0.0,494.0,0.0,314.98987,29.729192960000002,92.09628358506517,422.33084,27.1248
source_total,fold_1,Part 3,2021-10-10,2021-10-13,32.0,159.0,159.0,140.71428571428572,0.0,159.0,0.0,106.128555,29.729192960000002,81.29979639962765,126.45749,27.1248
source_total,fold_1,Part 30,2021-10-10,2021-10-13,314.0,244.0,244.0,255.85714285714286,0.0,244.0,0.0,176.82646,29.729192960000002,73.15670682944263,317.4576,27.1248
source_total,fold_1,Part 31,2021-10-10,2021-10-13,16.0,0.0,0.0,0.0,0.0,0.0,0.0,11.773799,13.7017984,7.998808734443571,0.0,14.824
source_total,fold_1,Part 32,2021-10-10,2021-10-13,19.0,0.0,0.0,0.0,0.0,0.0,0.0,11.200026,13.7017984,7.000136977133057,28.565664,14.824
source_total,fold_1,Part 33,2021-10-10,2021-10-13,80.0,79.0,79.0,105.85714285714286,0.0,79.0,0.0,58.236263,29.729192960000002,55.43126082017524,76.04998,27.1248
source_total,fold_1,Part 34,2021-10-10,2021-10-13,93.0,53.0,53.0,52.0,0.0,53.0,0.0,46.25073,29.729192960000002,46.92820420033118,73.398026,21.204800000000002
source_total,fold_1,Part 35,2021-10-10,2021-10-13,3.0,2.0,2.0,1.1428571428571428,0.0,2.0,0.0,12.064068,13.7017984,7.266792778667952,7.9442205,14.824
source_total,fold_1,Part 36,2021-10-10,2021-10-13,1.0,2.0,2.0,2.0,0.0,2.0,0.0,12.413103,13.7017984,7.026792860326314,4.010843,14.824
source_total,fold_1,Part 37,2021-10-10,2021-10-13,149.0,130.0,130.0,130.42857142857142,0.0,130.0,0.0,100.74522,29.729192960000002,73.15670682944263,162.27792,27.1248
source_total,fold_1,Part 38,2021-10-10,2021-10-13,116.0,107.0,107.0,108.57142857142857,0.0,107.0,0.0,95.46363,29.729192960000002,73.15670682944263,74.80637,27.1248
source_total,fold_1,Part 39,2021-10-10,2021-10-13,37.0,15.0,15.0,17.142857142857142,0.0,15.0,0.0,16.46466,14.15529472,13.07576586131621,0.0,15.3856
source_total,fold_1,Part 4,2021-10-10,2021-10-13,261.0,134.0,134.0,162.14285714285714,0.0,134.0,0.0,108.42516,29.729192960000002,73.15670682944263,213.88307,27.1248
source_total,fold_1,Part 40,2021-10-10,2021-10-13,0.0,0.0,0.0,0.0,0.0,0.0,0.0,11.200026,13.7017984,7.026792860326314,30.486967,14.824
source_total,fold_1,Part 41,2021-10-10,2021-10-13,53.0,22.0,22.0,23.857142857142858,0.0,22.0,0.0,22.961485,17.005278720000003,19.761191298585743,0.0,16.6816
source_total,fold_1,Part 42,2021-10-10,2021-10-13,9.0,5.0,5.0,7.0,0.0,5.0,0.0,12.658979,13.7017984,7.465282554657385,0.0,14.824
source_total,fold_1,Part 43,2021-10-10,2021-10-13,0.0,1.0,1.0,4.428571428571429,0.0,1.0,0.0,11.549066,13.7017984,7.026792860326314,0.0,14.824
source_total,fold_1,Part 44,2021-10-10,2021-10-13,0.0,0.0,0.0,0.0,0.0,0.0,0.0,11.200026,13.7017984,7.026792860326314,0.0,14.824
source_total,fold_1,Part 46,2021-10-10,2021-10-13,3.0,2.0,2.0,4.571428571428571,0.0,2.0,0.0,12.413103,13.7017984,6.876139482346023,0.0,14.824
source_total,fold_1,Part 47,2021-10-10,2021-10-13,15.0,14.0,14.0,9.285714285714286,0.0,14.0,0.0,14.885345,14.15529472,11.507476437916555,0.0,15.3856
source_total,fold_1,Part 48,2021-10-10,2021-10-13,0.0,12.0,12.0,11.714285714285714,0.0,12.0,0.0,15.455566,14.1017984,9.68864460329759,0.0,14.824
source_total,fold_1,Part 49,2021-10-10,2021-10-13,27.0,2.0,2.0,5.857142857142857,0.0,2.0,0.0,12.413103,13.7017984,8.122806229230605,0.0,14.824
source_total,fold_1,Part 5,2021-10-10,2021-10-13,142.0,103.0,103.0,108.71428571428571,0.0,103.0,0.0,73.98557,29.729192960000002,73.15670682944263,138.9934,27.1248
source_total,fold_1,Part 50,2021-10-10,2021-10-13,81.0,48.0,48.0,46.142857142857146,0.0,48.0,0.0,44.36364,25.049192960000003,40.53713069425321,53.774628,21.204800000000002
source_total,fold_1,Part 51,2021-10-10,2021-10-13,102.0,85.0,85.0,72.42857142857143,0.0,85.0,0.0,56.127983,29.729192960000002,55.43126082017524,95.37587,27.1248
source_total,fold_1,Part 52,2021-10-10,2021-10-13,9.0,9.0,9.0,12.571428571428571,0.0,9.0,0.0,13.920364,13.7017984,10.032112017152171,3.1932166,14.824
source_total,fold_1,Part 53,2021-10-10,2021-10-13,103.0,68.0,68.0,82.42857142857143,0.0,68.0,0.0,50.51662,29.729192960000002,55.43126082017524,60.04188,27.1248
source_total,fold_1,Part 54,2021-10-10,2021-10-13,52.0,119.0,119.0,105.28571428571429,0.0,119.0,0.0,96.78039,29.729192960000002,73.15670682944263,108.06183,27.1248
source_total,fold_1,Part 55,2021-10-10,2021-10-13,14.0,8.0,8.0,14.285714285714286,0.0,8.0,0.0,13.920364,13.7017984,9.08792021912513,0.0,14.824
source_total,fold_1,Part 56,2021-10-10,2021-10-13,215.0,82.0,82.0,109.85714285714286,0.0,82.0,0.0,64.63686,29.729192960000002,55.43126082017524,134.85179,27.1248
source_total,fold_1,Part 57,2021-10-10,2021-10-13,27.0,34.0,34.0,26.857142857142858,0.0,34.0,0.0,35.450455,17.00919296,27.43162463678604,41.338963,17.6416
source_total,fold_1,Part 58,2021-10-10,2021-10-13,63.0,17.0,17.0,30.285714285714285,0.0,17.0,0.0,22.454905,16.03174272,23.334473737103494,17.529701,16.4416
source_total,fold_1,Part 59,2021-10-10,2021-10-13,22.0,4.0,4.0,9.285714285714286,0.0,4.0,0.0,12.895979,13.7017984,8.069139648322603,42.180603,14.824
source_total,fold_1,Part 6,2021-10-10,2021-10-13,96.0,115.0,115.0,115.42857142857143,0.0,115.0,0.0,97.76819,29.729192960000002,73.15670682944263,144.19731,27.1248
source_total,fold_1,Part 60,2021-10-10,2021-10-13,828.0,636.0,636.0,671.8571428571429,0.0,636.0,0.0,393.43845,29.729192960000002,92.09628358506517,382.67743,27.1248
source_total,fold_1,Part 61,2021-10-10,2021-10-13,71.0,28.0,28.0,36.0,0.0,28.0,0.0,26.90231,17.00919296,26.166472236616197,25.345314,17.6416
source_total,fold_1,Part 62,2021-10-10,2021-10-13,142.0,90.0,90.0,41.714285714285715,0.0,90.0,0.0,51.082973,29.729192960000002,43.740568893338846,86.77171,27.1248
source_total,fold_1,Part 63,2021-10-10,2021-10-13,229.0,147.0,147.0,164.42857142857142,0.0,147.0,0.0,108.42516,29.729192960000002,73.15670682944263,217.89613,27.1248
source_total,fold_1,Part 64,2021-10-10,2021-10-13,53.0,40.0,40.0,36.57142857142857,0.0,40.0,0.0,34.614967,17.00919296,30.145244008581262,24.128704,17.6416
source_total,fold_1,Part 65,2021-10-10,2021-10-13,393.0,264.0,264.0,295.85714285714283,0.0,264.0,0.0,199.03432,29.729192960000002,73.15670682944263,355.94803,27.1248
source_total,fold_1,Part 66,2021-10-10,2021-10-13,828.0,636.0,636.0,671.8571428571429,0.0,636.0,0.0,393.43845,29.729192960000002,92.09628358506517,432.88937,27.1248
source_total,fold_1,Part 67,2021-10-10,2021-10-13,71.0,28.0,28.0,36.0,0.0,28.0,0.0,26.90231,17.00919296,26.166472236616197,15.681857,17.6416
source_total,fold_1,Part 68,2021-10-10,2021-10-13,142.0,90.0,90.0,41.714285714285715,0.0,90.0,0.0,51.082973,29.729192960000002,43.740568893338846,121.952156,27.1248
source_total,fold_1,Part 69,2021-10-10,2021-10-13,229.0,147.0,147.0,164.42857142857142,0.0,147.0,0.0,108.42516,29.729192960000002,73.15670682944263,263.19064,27.1248
source_total,fold_1,Part 7,2021-10-10,2021-10-13,5.0,5.0,5.0,5.0,0.0,5.0,0.0,12.413103,13.7017984,7.026792860326314,0.0,14.824
source_total,fold_1,Part 70,2021-10-10,2021-10-13,53.0,40.0,40.0,36.57142857142857,0.0,40.0,0.0,34.614967,17.00919296,30.145244008581262,21.12378,17.6416
source_total,fold_1,Part 71,2021-10-10,2021-10-13,393.0,264.0,264.0,295.85714285714283,0.0,264.0,0.0,199.03432,29.729192960000002,73.15670682944263,355.8897,27.1248
source_total,fold_1,Part 72,2021-10-10,2021-10-13,37.0,26.0,26.0,16.285714285714285,0.0,26.0,0.0,17.594486,17.00919296,13.657793116716615,14.4395685,16.06
source_total,fold_1,Part 73,2021-10-10,2021-10-13,123.0,63.0,63.0,81.85714285714286,0.0,63.0,0.0,52.317898,29.729192960000002,63.59126063778503,66.9608,21.204800000000002
source_total,fold_1,Part 74,2021-10-10,2021-10-13,88.0,134.0,134.0,128.71428571428572,0.0,134.0,0.0,100.43257,29.729192960000002,74.61694819084666,137.03468,27.1248
source_total,fold_1,Part 75,2021-10-10,2021-10-13,85.0,227.0,227.0,211.14285714285714,0.0,227.0,0.0,167.04561,29.729192960000002,73.15670682944263,195.38951,27.1248
source_total,fold_1,Part 76,2021-10-10,2021-10-13,18.0,12.0,12.0,5.428571428571429,0.0,12.0,0.0,14.402474,14.1017984,8.916123391774502,7.967884,14.824
source_total,fold_1,Part 77,2021-10-10,2021-10-13,118.0,63.0,63.0,77.42857142857143,0.0,63.0,0.0,51.540833,29.729192960000002,63.59126063778503,98.637535,21.204800000000002
source_total,fold_1,Part 78,2021-10-10,2021-10-13,122.0,63.0,63.0,81.85714285714286,0.0,63.0,0.0,52.317898,29.729192960000002,63.59126063778503,67.30997,21.204800000000002
source_total,fold_1,Part 79,2021-10-10,2021-10-13,4.0,0.0,0.0,4.428571428571429,0.0,0.0,0.0,11.549066,13.7017984,7.266792778667952,2.5105715,14.824
source_total,fold_1,Part 8,2021-10-10,2021-10-13,5.0,5.0,5.0,5.0,0.0,5.0,0.0,12.413103,13.7017984,7.026792860326314,5.1272063,14.824
source_total,fold_1,Part 80,2021-10-10,2021-10-13,151.0,220.0,220.0,230.71428571428572,0.0,220.0,0.0,167.73581,29.729192960000002,73.15670682944263,218.92444,27.1248
source_total,fold_1,Part 81,2021-10-10,2021-10-13,250.0,321.0,321.0,334.57142857142856,0.0,321.0,0.0,277.39426,29.729192960000002,73.15670682944263,260.3994,27.1248
source_total,fold_1,Part 82,2021-10-10,2021-10-13,99.0,101.0,101.0,103.85714285714286,0.0,101.0,0.0,68.00899,29.729192960000002,73.15670682944263,100.10543,27.1248
source_total,fold_1,Part 83,2021-10-10,2021-10-13,9.0,12.0,12.0,14.428571428571429,0.0,12.0,0.0,14.885345,14.1017984,10.405333408296087,3.8659258,14.824
source_total,fold_1,Part 84,2021-10-10,2021-10-13,9.0,12.0,12.0,14.428571428571429,0.0,12.0,0.0,14.885345,14.1017984,10.405333408296087,0.0,14.824
source_total,fold_1,Part 85,2021-10-10,2021-10-13,11.0,7.0,7.0,6.857142857142857,0.0,7.0,0.0,13.437492,13.7017984,7.589280049444419,0.0,14.824
source_total,fold_1,Part 86,2021-10-10,2021-10-13,2.0,2.0,2.0,1.8571428571428572,0.0,2.0,0.0,12.064068,13.7017984,7.026792860326314,0.0,14.824
source_total,fold_1,Part 87,2021-10-10,2021-10-13,14.0,18.0,18.0,20.0,0.0,18.0,0.0,19.23183,17.005278720000003,14.212935673850144,0.0,16.06
source_total,fold_1,Part 88,2021-10-10,2021-10-13,72.0,71.0,71.0,30.428571428571427,0.0,71.0,0.0,40.81142,29.729192960000002,39.6941248156931,23.930532,27.1248
source_total,fold_1,Part 89,2021-10-10,2021-10-13,2.0,24.0,24.0,23.142857142857142,0.0,24.0,0.0,19.932823,17.00919296,21.483578707444558,11.047053,16.6816
source_total,fold_1,Part 9,2021-10-10,2021-10-13,5.0,5.0,5.0,5.0,0.0,5.0,0.0,12.413103,13.7017984,7.026792860326314,15.983715,14.824
source_total,fold_1,Part 90,2021-10-10,2021-10-13,14.0,18.0,18.0,20.0,0.0,18.0,0.0,19.23183,17.005278720000003,14.64214993198717,0.0,16.06
source_total,fold_1,Part 91,2021-10-10,2021-10-13,54.0,54.0,54.0,57.42857142857143,0.0,54.0,0.0,46.79744,29.729192960000002,47.82136449731161,6.2703557,21.204800000000002
source_total,fold_1,Part 92,2021-10-10,2021-10-13,724.0,672.0,672.0,670.0,0.0,672.0,0.0,393.43845,29.729192960000002,92.09628358506517,422.84238,27.1248
source_total,fold_1,Part 93,2021-10-10,2021-10-13,4.0,1.0,1.0,0.5714285714285714,0.0,1.0,0.0,11.200026,13.7017984,7.026792860326314,0.0,14.824
source_total,fold_1,Part 94,2021-10-10,2021-10-13,28.0,42.0,42.0,40.57142857142857,20.0,42.0,20.0,38.817493,21.60003072,44.218532747510054,33.96521,18.4328
source_total,fold_1,Part 95,2021-10-10,2021-10-13,276.0,236.0,236.0,278.57142857142856,320.0,236.0,320.0,129.80267,28.833015040000003,90.01567984128708,371.69055,22.7528
source_total,fold_1,Part 96,2021-10-10,2021-10-13,4.0,1.0,1.0,0.5714285714285714,0.0,1.0,0.0,11.200026,13.7017984,7.026792860326314,0.0,14.824
source_total,fold_1,Part 97,2021-10-10,2021-10-13,91.0,99.0,99.0,105.57142857142857,0.0,99.0,0.0,70.456764,29.729192960000002,73.15670682944263,90.229805,27.1248
source_total,fold_1,Part 98,2021-10-10,2021-10-13,13.0,25.0,25.0,21.0,0.0,25.0,0.0,22.961485,17.00919296,15.122856651131453,0.7805109,16.06
source_total,fold_1,Part 99,2021-10-10,2021-10-13,0.0,0.0,0.0,0.8571428571428571,0.0,0.0,0.0,11.200026,13.7017984,7.026792860326314,0.0,14.824
source_total,fold_2,Part 0,2021-10-11,2021-10-14,0.0,1.0,1.0,2.2857142857142856,0.0,1.0,0.0,3.5967498,1.0167530181135755,2.3105597062098084,3.3526413,0.7682345793390619
source_total,fold_2,Part 1,2021-10-11,2021-10-14,0.0,9.0,9.0,6.428571428571429,0.0,9.0,0.0,9.559459,8.548858720722022,7.07842058892173,6.8614554,8.00474465053403
source_total,fold_2,Part 10,2021-10-11,2021-10-14,108.0,73.0,73.0,96.14285714285714,0.0,73.0,0.0,51.33484,39.287807634489354,76.26365333167121,76.28102,53.88170826044453
source_total,fold_2,Part 100,2021-10-11,2021-10-14,0.0,1.0,1.0,2.142857142857143,0.0,1.0,0.0,3.5967498,0.9999999983065728,2.602387051892247,0.0,1.0200524590464435
source_total,fold_2,Part 101,2021-10-11,2021-10-14,0.0,103.0,103.0,90.14285714285714,0.0,103.0,0.0,105.838646,103.13931178061398,86.57678187384944,84.3659,84.58929039422812
source_total,fold_2,Part 102,2021-10-11,2021-10-14,9.0,5.0,5.0,8.714285714285714,0.0,5.0,0.0,4.3684373,6.665965228150902,9.454201686809965,0.0,4.092751680259643
source_total,fold_2,Part 103,2021-10-11,2021-10-14,50.0,136.0,136.0,124.28571428571429,0.0,136.0,0.0,126.87804,89.89561434717703,162.16935408513575,129.9502,71.8820612146771
source_total,fold_2,Part 104,2021-10-11,2021-10-14,187.0,160.0,160.0,136.14285714285714,0.0,160.0,0.0,118.93922,87.92563961723857,158.74860413845954,114.41227,71.30251311807568
source_total,fold_2,Part 105,2021-10-11,2021-10-14,11.0,2.0,2.0,5.714285714285714,0.0,2.0,0.0,5.1012607,2.1928491488686688,4.2508902987639345,0.09844945,2.358187421024443
source_total,fold_2,Part 106,2021-10-11,2021-10-14,560.0,620.0,620.0,597.4285714285714,0.0,620.0,0.0,675.2853,581.2010191939811,668.1350783690048,542.79596,569.9030394905249
source_total,fold_2,Part 107,2021-10-11,2021-10-14,209.0,101.0,101.0,121.28571428571429,0.0,101.0,0.0,100.76452,69.37115627814381,128.3105225943843,102.45787,72.88593462285965
source_total,fold_2,Part 108,2021-10-11,2021-10-14,0.0,4.0,4.0,4.0,0.0,4.0,0.0,5.746149,4.250990022498228,3.652622480929942,0.0,3.071600852319813
source_total,fold_2,Part 11,2021-10-11,2021-10-14,0.0,1.0,1.0,0.5714285714285714,0.0,1.0,0.0,3.5967498,0.9999999983065728,0.8812578131909241,0.0,1.023022392874526
source_total,fold_2,Part 110,2021-10-11,2021-10-14,4.0,4.0,4.0,2.857142857142857,0.0,4.0,0.0,5.124197,3.3722250935948264,3.2171096420096514,1.367005,3.0487798320536017
source_total,fold_2,Part 113,2021-10-11,2021-10-14,7.0,0.0,0.0,0.0,0.0,0.0,0.0,3.1776612,2.6097692494936903e-08,0.2115962064375445,0.0,0.032151537495444936
source_total,fold_2,Part 114,2021-10-11,2021-10-14,0.0,0.0,0.0,0.0,0.0,0.0,0.0,3.1776612,2.6097692494936903e-08,0.2115962064375445,13.563024,0.032151537495444936
source_total,fold_2,Part 116,2021-10-11,2021-10-14,0.0,0.0,0.0,0.0,0.0,0.0,0.0,0.0,0.0,0.0,0.0,0.0
source_total,fold_2,Part 12,2021-10-11,2021-10-14,16.0,0.0,0.0,5.0,0.0,0.0,0.0,0.621745,2.379687082761775,7.331081624938262,0.90337926,0.935576201247024
source_total,fold_2,Part 13,2021-10-11,2021-10-14,0.0,8.0,8.0,4.571428571428571,0.0,8.0,0.0,8.235595,8.04995446559928,6.32272559465342,6.419633,7.903993321861006
source_total,fold_2,Part 14,2021-10-11,2021-10-14,110.0,82.0,82.0,83.0,0.0,82.0,0.0,60.10746,37.41429246743053,83.69165172552727,83.45383,53.72807184584016
source_total,fold_2,Part 15,2021-10-11,2021-10-14,20.0,27.0,27.0,28.285714285714285,0.0,27.0,0.0,17.836111,17.19454366227051,22.418384214266034,31.631025,15.811165725942608
source_total,fold_2,Part 16,2021-10-11,2021-10-14,54.0,52.0,52.0,54.714285714285715,0.0,52.0,0.0,47.249577,27.373021541964675,54.20826027982103,43.752216,30.29072977022724
source_total,fold_2,Part 17,2021-10-11,2021-10-14,90.0,58.0,58.0,53.857142857142854,0.0,58.0,0.0,46.44349,33.98102904269911,65.83559901457804,37.230537,32.45737201742817
source_total,fold_2,Part 18,2021-10-11,2021-10-14,106.0,151.0,151.0,151.57142857142858,0.0,151.0,0.0,126.47882,90.64969917535453,162.1340396915404,146.88362,88.45625079775436
source_total,fold_2,Part 19,2021-10-11,2021-10-14,34.0,41.0,41.0,44.57142857142857,0.0,41.0,0.0,35.128952,26.076009220180566,44.74761317530398,31.167095,21.95099522566305
source_total,fold_2,Part 2,2021-10-11,2021-10-14,564.0,555.0,555.0,530.1428571428571,0.0,555.0,0.0,598.9165,462.5160592351974,654.0287040342681,519.4713,367.068973158361
source_total,fold_2,Part 20,2021-10-11,2021-10-14,40.0,42.0,42.0,37.0,0.0,42.0,0.0,35.240685,22.347204480475703,36.82795890130946,28.55114,24.86745200907902
source_total,fold_2,Part 22,2021-10-11,2021-10-14,28.0,67.0,67.0,64.57142857142857,0.0,67.0,0.0,49.041744,33.85780780429791,57.70401655005628,56.06516,30.725453471233962
source_total,fold_2,Part 23,2021-10-11,2021-10-14,1.0,0.0,0.0,0.0,0.0,0.0,0.0,0.9164608,0.0,0.15502181578382235,0.0,0.7158173357582582
source_total,fold_2,Part 24,2021-10-11,2021-10-14,186.0,193.0,193.0,166.71428571428572,0.0,193.0,0.0,167.98544,126.19885806315244,184.6513509409666,174.3353,83.29147606682825
source_total,fold_2,Part 25,2021-10-11,2021-10-14,29.0,45.0,45.0,45.714285714285715,0.0,45.0,0.0,35.240685,22.347204480475703,39.10522684528923,29.75014,28.23431412387844
source_total,fold_2,Part 27,2021-10-11,2021-10-14,183.0,180.0,180.0,185.71428571428572,0.0,180.0,0.0,154.31183,96.81708937347273,185.46481000756341,178.22768,117.03381793430223
source_total,fold_2,Part 28,2021-10-11,2021-10-14,620.0,550.0,550.0,546.0,0.0,550.0,0.0,591.6902,462.5160592351974,653.4631749723886,528.603,470.3493794098588
source_total,fold_2,Part 29,2021-10-11,2021-10-14,424.0,494.0,494.0,500.57142857142856,0.0,494.0,0.0,437.1149,353.2901628743859,479.9596935377335,478.35587,337.2564825491124
source_total,fold_2,Part 3,2021-10-11,2021-10-14,2.0,159.0,159.0,139.85714285714286,0.0,159.0,0.0,124.35807,109.02365223823632,155.255910900429,163.72737,99.1378528574227
source_total,fold_2,Part 30,2021-10-11,2021-10-14,297.0,244.0,244.0,249.28571428571428,0.0,244.0,0.0,180.03163,148.53823471482121,283.18836561132133,260.804,127.53123015213127
source_total,fold_2,Part 31,2021-10-11,2021-10-14,25.0,0.0,0.0,0.0,0.0,0.0,0.0,1.16511,0.0,0.11844305705037428,0.0,0.38755452232250653
source_total,fold_2,Part 32,2021-10-11,2021-10-14,23.0,0.0,0.0,0.0,0.0,0.0,0.0,2.307059,0.0,0.3177128331409129,0.0,0.05051965860988553
source_total,fold_2,Part 33,2021-10-11,2021-10-14,77.0,79.0,79.0,93.85714285714286,0.0,79.0,0.0,55.37804,34.08792965237846,77.07746295344168,77.80385,32.44884827273473
source_total,fold_2,Part 34,2021-10-11,2021-10-14,55.0,53.0,53.0,51.42857142857143,0.0,53.0,0.0,47.642567,30.980859329809668,58.32769971150462,38.506462,38.48211051143698
source_total,fold_2,Part 35,2021-10-11,2021-10-14,2.0,2.0,2.0,1.2857142857142858,0.0,2.0,0.0,4.4793096,2.0079221022459195,0.9577141913817329,0.0,1.2340691617121098
source_total,fold_2,Part 36,2021-10-11,2021-10-14,1.0,2.0,2.0,2.0,0.0,2.0,0.0,5.1012607,2.1928491488686688,2.361725647774186,1.0322896,1.9811805158072249
source_total,fold_2,Part 37,2021-10-11,2021-10-14,185.0,130.0,130.0,121.71428571428571,0.0,130.0,0.0,126.8735,86.18440746488855,144.32215733838098,121.98758,70.65127580669454
source_total,fold_2,Part 38,2021-10-11,2021-10-14,87.0,107.0,107.0,104.85714285714286,0.0,107.0,0.0,107.27697,72.1631453444412,114.32650309550004,83.176445,60.35763384860556
source_total,fold_2,Part 39,2021-10-11,2021-10-14,43.0,15.0,15.0,15.714285714285714,0.0,15.0,0.0,7.9244227,12.513892689122395,19.089647487447134,3.0348577,11.553157988094123
source_total,fold_2,Part 4,2021-10-11,2021-10-14,236.0,134.0,134.0,148.42857142857142,0.0,134.0,0.0,130.46207,89.80478876242435,173.24785971208598,146.95882,84.87549172246234
source_total,fold_2,Part 40,2021-10-11,2021-10-14,1.0,0.0,0.0,0.0,0.0,0.0,0.0,3.1776612,2.6097692494936903e-08,0.2115962064375445,0.0,0.03188695223564155
source_total,fold_2,Part 41,2021-10-11,2021-10-14,53.0,22.0,22.0,20.428571428571427,0.0,22.0,0.0,15.729351,16.901124373573758,21.291360186494327,15.543836,14.705061185761418
source_total,fold_2,Part 42,2021-10-11,2021-10-14,16.0,5.0,5.0,5.857142857142857,0.0,5.0,0.0,5.124197,4.402902704412616,4.599325205279753,7.8505363,3.256708996692079
source_total,fold_2,Part 43,2021-10-11,2021-10-14,0.0,1.0,1.0,1.7142857142857142,0.0,1.0,0.0,3.5967498,0.9999999983065728,1.9088821262278444,4.536709,1.2621536211718223
source_total,fold_2,Part 44,2021-10-11,2021-10-14,0.0,0.0,0.0,0.0,0.0,0.0,0.0,3.1776612,2.6097692494936903e-08,0.2115962064375445,8.863664,0.032151537495444936
source_total,fold_2,Part 46,2021-10-11,2021-10-14,6.0,2.0,2.0,3.2857142857142856,0.0,2.0,0.0,4.4793096,1.9856841508308316,3.3479407845153304,0.35878116,2.003900469227842
source_total,fold_2,Part 47,2021-10-11,2021-10-14,6.0,14.0,14.0,10.142857142857142,0.0,14.0,0.0,8.4518175,13.08381800067688,8.726090836202616,10.40085,9.523679217091416
source_total,fold_2,Part 48,2021-10-11,2021-10-14,1.0,12.0,12.0,12.0,0.0,12.0,0.0,10.518092,11.072145667324376,11.727000887461031,0.4508427,11.926596198600084
source_total,fold_2,Part 49,2021-10-11,2021-10-14,21.0,2.0,2.0,4.0,0.0,2.0,0.0,2.5453398,1.1450992825145645,6.672160587746832,2.9290755,1.7361745145173504
source_total,fold_2,Part 5,2021-10-11,2021-10-14,146.0,103.0,103.0,106.14285714285714,0.0,103.0,0.0,98.33102,62.94974123437615,115.07472119181105,85.04204,59.22129007217717
source_total,fold_2,Part 50,2021-10-11,2021-10-14,95.0,48.0,48.0,47.0,0.0,48.0,0.0,39.145348,27.365940069869716,53.900538025654015,27.398268,29.10285108287169
source_total,fold_2,Part 51,2021-10-11,2021-10-14,92.0,85.0,85.0,74.28571428571429,0.0,85.0,0.0,59.21132,35.75320527405292,77.64399623152251,92.852264,38.12483615696557
source_total,fold_2,Part 52,2021-10-11,2021-10-14,9.0,9.0,9.0,9.571428571428571,0.0,9.0,0.0,7.65503,8.103912104390824,8.358794338543898,5.0538335,6.8344282801103615
source_total,fold_2,Part 53,2021-10-11,2021-10-14,83.0,68.0,68.0,68.71428571428571,0.0,68.0,0.0,49.733246,34.79113019582039,69.40959552778837,79.408394,37.6962534348013
source_total,fold_2,Part 54,2021-10-11,2021-10-14,70.0,119.0,119.0,108.42857142857143,0.0,119.0,0.0,112.5149,77.65317421840794,128.81140326733353,117.23984,61.320679809274516
source_total,fold_2,Part 55,2021-10-11,2021-10-14,1.0,8.0,8.0,11.285714285714286,0.0,8.0,0.0,6.9199085,7.171189536695883,7.824133257885334,9.289753,6.405467940768441
source_total,fold_2,Part 56,2021-10-11,2021-10-14,218.0,82.0,82.0,94.57142857142857,0.0,82.0,0.0,65.55848,40.17768759892756,102.59895628054164,57.471733,55.074565314248446
source_total,fold_2,Part 57,2021-10-11,2021-10-14,11.0,34.0,34.0,28.285714285714285,0.0,34.0,0.0,31.320337,21.85315093856279,35.99755223499499,30.732239,25.03119400478997
source_total,fold_2,Part 58,2021-10-11,2021-10-14,69.0,17.0,17.0,23.714285714285715,0.0,17.0,0.0,10.915343,18.7166772981029,28.14459258467874,20.638885,12.877739708100115
source_total,fold_2,Part 59,2021-10-11,2021-10-14,24.0,4.0,4.0,6.0,0.0,4.0,0.0,4.555023,1.813652236191255,3.7986838667016887,0.0,2.5958894989123915
source_total,fold_2,Part 6,2021-10-11,2021-10-14,107.0,115.0,115.0,116.0,0.0,115.0,0.0,111.075066,77.65317421840794,126.01743935685735,104.21301,66.59456864452754
source_total,fold_2,Part 60,2021-10-11,2021-10-14,784.0,636.0,636.0,639.8571428571429,0.0,636.0,0.0,643.4164,567.4818753596478,678.3549119282533,602.4197,565.7760491402007
source_total,fold_2,Part 61,2021-10-11,2021-10-14,79.0,28.0,28.0,29.714285714285715,0.0,28.0,0.0,20.5515,22.463304776963646,39.060229952069484,17.018402,15.119433560292372
source_total,fold_2,Part 62,2021-10-11,2021-10-14,145.0,90.0,90.0,54.57142857142857,0.0,90.0,0.0,67.59811,40.17768759892756,86.90078060209868,75.59926,49.994650042289884
source_total,fold_2,Part 63,2021-10-11,2021-10-14,219.0,147.0,147.0,146.85714285714286,0.0,147.0,0.0,133.54637,93.86482722911828,173.24785971208598,151.64424,84.15649157870192
source_total,fold_2,Part 64,2021-10-11,2021-10-14,47.0,40.0,40.0,37.42857142857143,0.0,40.0,0.0,32.677177,22.60202975386209,41.41092396838392,32.07389,22.689821943455787
source_total,fold_2,Part 65,2021-10-11,2021-10-14,393.0,264.0,264.0,272.2857142857143,0.0,264.0,0.0,214.30605,155.9922701178566,299.22248724551883,271.11102,146.3308158849163
source_total,fold_2,Part 66,2021-10-11,2021-10-14,784.0,636.0,636.0,639.8571428571429,0.0,636.0,0.0,643.4164,567.4818753596478,678.3549119282533,606.42944,565.7760491402007
source_total,fold_2,Part 67,2021-10-11,2021-10-14,79.0,28.0,28.0,29.714285714285715,0.0,28.0,0.0,20.5515,22.463304776963646,39.060229952069484,22.823984,15.119433560292372
source_total,fold_2,Part 68,2021-10-11,2021-10-14,145.0,90.0,90.0,54.57142857142857,0.0,90.0,0.0,67.59811,40.17768759892756,86.90078060209868,58.0532,49.994650042289884
source_total,fold_2,Part 69,2021-10-11,2021-10-14,219.0,147.0,147.0,146.85714285714286,0.0,147.0,0.0,133.54637,93.86482722911828,173.24785971208598,135.00859,84.15649157870192
source_total,fold_2,Part 7,2021-10-11,2021-10-14,5.0,5.0,5.0,5.0,0.0,5.0,0.0,5.124197,5.271201759583691,4.376669290885328,0.804018,4.226807126434648
source_total,fold_2,Part 70,2021-10-11,2021-10-14,47.0,40.0,40.0,37.42857142857143,0.0,40.0,0.0,32.677177,22.60202975386209,41.41092396838392,31.961302,22.689821943455787
source_total,fold_2,Part 71,2021-10-11,2021-10-14,393.0,264.0,264.0,272.2857142857143,0.0,264.0,0.0,214.30605,155.9922701178566,299.22248724551883,270.00174,146.3308158849163
source_total,fold_2,Part 72,2021-10-11,2021-10-14,39.0,26.0,26.0,18.428571428571427,0.0,26.0,0.0,18.673504,16.10384171027051,17.18175250053218,17.180166,12.06610226606808
source_total,fold_2,Part 73,2021-10-11,2021-10-14,118.0,63.0,63.0,71.85714285714286,0.0,63.0,0.0,51.363976,39.215612520695046,70.42079997930752,78.156456,47.366857702073084
source_total,fold_2,Part 74,2021-10-11,2021-10-14,171.0,134.0,134.0,132.71428571428572,0.0,134.0,0.0,116.933716,89.47149250432182,136.73974170446968,122.34963,88.17231743289268
source_total,fold_2,Part 75,2021-10-11,2021-10-14,95.0,227.0,227.0,214.71428571428572,0.0,227.0,0.0,170.49223,153.0757742616685,193.67751122619,202.0307,154.1020320943462
source_total,fold_2,Part 76,2021-10-11,2021-10-14,19.0,12.0,12.0,7.142857142857143,0.0,12.0,0.0,9.52293,9.391801301688082,7.284211518251329,1.5495008,7.836782537758972
source_total,fold_2,Part 77,2021-10-11,2021-10-14,113.0,63.0,63.0,68.42857142857143,0.0,63.0,0.0,51.130653,39.215612520695046,70.27836681717933,64.21866,46.76733314992312
source_total,fold_2,Part 78,2021-10-11,2021-10-14,117.0,63.0,63.0,71.85714285714286,0.0,63.0,0.0,51.130653,39.215612520695046,70.42079997930752,49.393986,46.50759852734994
source_total,fold_2,Part 79,2021-10-11,2021-10-14,4.0,0.0,0.0,3.4285714285714284,0.0,0.0,0.0,2.5557086,0.12430111351350287,2.765204041148687,3.5982406,0.2684624514300011
source_total,fold_2,Part 8,2021-10-11,2021-10-14,5.0,5.0,5.0,5.0,0.0,5.0,0.0,5.124197,5.271201759583691,4.376669290885328,3.4740205,4.226807126434648
source_total,fold_2,Part 80,2021-10-11,2021-10-14,187.0,220.0,220.0,241.28571428571428,0.0,220.0,0.0,163.80908,133.4826360377581,228.49567759687426,187.25525,136.32345580540812
source_total,fold_2,Part 81,2021-10-11,2021-10-14,283.0,321.0,321.0,344.85714285714283,0.0,321.0,0.0,265.9358,239.22117580219037,355.01483979028063,284.59625,213.79024392417503
source_total,fold_2,Part 82,2021-10-11,2021-10-14,96.0,101.0,101.0,103.57142857142857,0.0,101.0,0.0,91.78326,62.94974123437615,108.18930204938789,79.22388,56.358536545926505
source_total,fold_2,Part 83,2021-10-11,2021-10-14,14.0,12.0,12.0,14.285714285714286,0.0,12.0,0.0,9.52293,10.10865638464548,11.285234324694073,9.052256,10.388111587320852
source_total,fold_2,Part 84,2021-10-11,2021-10-14,14.0,12.0,12.0,14.285714285714286,0.0,12.0,0.0,9.52293,10.10865638464548,11.285234324694073,8.299716,10.388111587320852
source_total,fold_2,Part 85,2021-10-11,2021-10-14,12.0,7.0,7.0,7.714285714285714,0.0,7.0,0.0,6.798297,6.3074238965943525,7.203611403213243,2.1931653,4.867228008122623
source_total,fold_2,Part 86,2021-10-11,2021-10-14,1.0,2.0,2.0,1.8571428571428572,0.0,2.0,0.0,4.4793096,2.182383275136341,2.051966275594072,0.0,2.662638370655351
source_total,fold_2,Part 87,2021-10-11,2021-10-14,10.0,18.0,18.0,18.714285714285715,0.0,18.0,0.0,14.006341,15.397323455132822,17.58088515406363,17.957384,14.019415750830982
source_total,fold_2,Part 88,2021-10-11,2021-10-14,15.0,71.0,71.0,40.57142857142857,0.0,71.0,0.0,49.041744,34.03671331152173,51.26862345106254,63.620564,26.01665058451043
source_total,fold_2,Part 89,2021-10-11,2021-10-14,0.0,24.0,24.0,17.285714285714285,0.0,24.0,0.0,19.242678,17.7737202021745,16.199105321263445,16.166134,15.176143480300654
source_total,fold_2,Part 9,2021-10-11,2021-10-14,5.0,5.0,5.0,5.0,0.0,5.0,0.0,5.124197,5.271201759583691,4.376669290885328,5.9868975,4.226807126434648
source_total,fold_2,Part 90,2021-10-11,2021-10-14,10.0,18.0,18.0,18.714285714285715,0.0,18.0,0.0,14.006341,15.350760260142652,17.58088515406363,12.906744,14.019415750830982
source_total,fold_2,Part 91,2021-10-11,2021-10-14,46.0,54.0,54.0,56.57142857142857,0.0,54.0,0.0,47.505524,30.047536938287195,56.84172410689169,31.3686,29.83227673211646
source_total,fold_2,Part 92,2021-10-11,2021-10-14,744.0,672.0,672.0,670.5714285714286,0.0,672.0,0.0,685.47687,604.5719660072301,718.1941715450025,643.4913,630.5478153554614
source_total,fold_2,Part 93,2021-10-11,2021-10-14,1.0,1.0,1.0,0.7142857142857143,0.0,1.0,0.0,2.9747972,0.9749526174865695,0.8677208211224148,0.0,1.0276315387881458
source_total,fold_2,Part 94,2021-10-11,2021-10-14,35.0,42.0,42.0,40.857142857142854,39.0,42.0,39.0,51.17952,38.8144382596628,49.80361718511509,48.213017,43.15568062432877
source_total,fold_2,Part 95,2021-10-11,2021-10-14,352.0,236.0,236.0,273.85714285714283,317.0,236.0,317.0,268.78653,222.44998616857865,282.77605191737837,274.97885,260.33881114404426
source_total,fold_2,Part 96,2021-10-11,2021-10-14,1.0,1.0,1.0,0.7142857142857143,0.0,1.0,0.0,2.9747972,0.9749526174865695,0.8677208211224148,0.0,1.0276315387881458
source_total,fold_2,Part 97,2021-10-11,2021-10-14,99.0,99.0,99.0,105.42857142857143,0.0,99.0,0.0,87.02852,55.20205661484813,99.56851307736301,71.32388,51.981947800336094
source_total,fold_2,Part 98,2021-10-11,2021-10-14,13.0,25.0,25.0,20.428571428571427,0.0,25.0,0.0,17.88323,19.418245989513796,21.583709810777577,20.257887,15.67002359656111
source_total,fold_2,Part 99,2021-10-11,2021-10-14,0.0,0.0,0.0,0.14285714285714285,0.0,0.0,0.0,3.1776612,2.6097692494936903e-08,0.418669263582661,0.0,0.08518453068332117
source_total,fold_2,Part 0,2021-10-12,2021-10-15,0.0,3.0,1.6666666666666667,2.7142857142857144,0.0,1.6666666666666667,0.0,3.8848658,1.865432661660583,2.834949609554622,8.582239,1.8638878206113458
source_total,fold_2,Part 1,2021-10-12,2021-10-15,0.0,13.0,10.333333333333334,8.285714285714286,0.0,10.333333333333334,0.0,9.5928755,9.70963311238931,8.78007970597423,12.524075,9.832717897541986
source_total,fold_2,Part 10,2021-10-12,2021-10-15,114.0,145.0,97.0,100.85714285714286,123.0,97.0,123.0,130.72993,104.07269653588918,114.30861105979727,104.73139,120.02291234936833
source_total,fold_2,Part 100,2021-10-12,2021-10-15,0.0,0.0,0.6666666666666666,1.0,0.0,0.6666666666666666,0.0,3.5682,0.09406066215138595,0.7464199577141244,0.0,1.4427248688660808
source_total,fold_2,Part 102,2021-10-12,2021-10-15,12.0,48.0,19.333333333333332,12.142857142857142,31.0,19.333333333333332,31.0,36.897533,47.95188972207054,33.89651226326242,21.378296,25.679470986891744
source_total,fold_2,Part 103,2021-10-12,2021-10-15,43.0,180.0,150.66666666666666,129.28571428571428,36.0,150.66666666666666,36.0,149.5537,142.94910811792064,180.4198336408231,155.20448,127.43097176507119
source_total,fold_2,Part 104,2021-10-12,2021-10-15,242.0,94.0,138.0,143.57142857142858,212.0,138.0,212.0,198.96129,158.52334100640815,158.94240679208391,123.184135,164.46795179923822
source_total,fold_2,Part 105,2021-10-12,2021-10-15,16.0,2.0,2.0,5.142857142857143,13.0,2.0,13.0,9.054679,9.158145361446296,9.640991341784844,7.3257747,17.11159835968558
source_total,fold_2,Part 106,2021-10-12,2021-10-15,579.0,587.0,609.0,601.5714285714286,514.0,609.0,514.0,701.99335,678.8421265174103,691.2056795987525,564.53864,652.1642758562656
source_total,fold_2,Part 107,2021-10-12,2021-10-15,133.0,134.0,112.0,110.57142857142857,123.0,112.0,123.0,162.55528,133.9513002514223,142.24811538297237,105.18314,138.55279710823737
source_total,fold_2,Part 108,2021-10-12,2021-10-15,0.0,4.0,4.0,4.0,0.0,4.0,0.0,5.7175994,4.179481641327027,3.666884738462816,0.0,3.518272327099303
source_total,fold_2,Part 11,2021-10-12,2021-10-15,0.0,0.0,0.6666666666666666,0.5714285714285714,0.0,0.6666666666666666,0.0,3.5682,0.09406066215138595,0.5277418817898791,3.7170057,2.667801866395877
source_total,fold_2,Part 110,2021-10-12,2021-10-15,0.0,3.0,3.6666666666666665,3.2857142857142856,0.0,3.6666666666666665,0.0,5.7175994,2.2063650103751,2.659187515135443,6.812317,1.6091643771113058
source_total,fold_2,Part 113,2021-10-12,2021-10-15,5.0,0.0,0.0,0.0,0.0,0.0,0.0,3.1491115,2.6097692494936903e-08,0.20637987104889177,0.0,0.032151537495444936
source_total,fold_2,Part 114,2021-10-12,2021-10-15,0.0,0.0,0.0,0.0,0.0,0.0,0.0,3.1491115,2.6097692494936903e-08,0.20637987104889177,9.098587,0.032151537495444936
source_total,fold_2,Part 115,2021-10-12,2021-10-15,0.0,0.0,0.0,0.0,0.0,0.0,0.0,3.1491115,2.6097692494936903e-08,0.22175835246950726,0.58379555,0.032151537495444936
source_total,fold_2,Part 116,2021-10-12,2021-10-15,0.0,0.0,0.0,0.0,0.0,0.0,0.0,0.0,0.0,0.0,0.0,0.0
source_total,fold_2,Part 12,2021-10-12,2021-10-15,8.0,32.0,10.666666666666666,5.857142857142857,2.0,10.666666666666666,2.0,17.077284,21.892564654448027,11.258705755426652,11.980839,12.436978177931907
source_total,fold_2,Part 13,2021-10-12,2021-10-15,0.0,0.0,5.333333333333333,4.571428571428571,1.0,5.333333333333333,1.0,6.9045005,5.3330437395731645,3.1135641813599726,8.445891,0.662191219689299
source_total,fold_2,Part 14,2021-10-12,2021-10-15,128.0,127.0,97.0,89.57142857142857,109.0,97.0,109.0,125.27366,101.30930140439213,114.07269280040202,101.70144,118.2678235846166
source_total,fold_2,Part 15,2021-10-12,2021-10-15,13.0,29.0,27.666666666666668,28.142857142857142,28.0,27.666666666666668,28.0,31.583027,35.14208934720235,31.265366460188527,32.402775,35.74428317270078
source_total,fold_2,Part 16,2021-10-12,2021-10-15,56.0,51.0,51.666666666666664,54.142857142857146,41.0,51.666666666666664,41.0,59.603947,58.91509504299365,65.34940775686337,45.18201,56.26570512255072
source_total,fold_2,Part 17,2021-10-12,2021-10-15,91.0,67.0,61.0,55.42857142857143,75.0,61.0,75.0,85.934074,76.79491402968364,83.30372072174282,42.63034,70.20502091616682
source_total,fold_2,Part 18,2021-10-12,2021-10-15,102.0,127.0,143.0,152.14285714285714,83.0,143.0,83.0,143.96715,147.95995296208025,169.08316860765578,142.49237,151.1815071564802
source_total,fold_2,Part 19,2021-10-12,2021-10-15,38.0,32.0,38.0,40.57142857142857,40.0,38.0,40.0,50.530483,48.12858371283707,49.20837787996883,36.569157,44.96121014747645
source_total,fold_2,Part 2,2021-10-12,2021-10-15,632.0,559.0,556.3333333333334,554.1428571428571,564.0,556.3333333333334,564.0,628.4326,601.9029422023376,685.0690102029256,523.4868,547.2082843609963
source_total,fold_2,Part 20,2021-10-12,2021-10-15,33.0,15.0,33.0,31.857142857142858,34.0,33.0,34.0,39.441853,39.624342939270484,34.07258431466111,22.918854,41.2407855396402
source_total,fold_2,Part 22,2021-10-12,2021-10-15,8.0,40.0,58.0,62.142857142857146,6.0,58.0,6.0,47.246433,45.05238182235983,49.335940827967114,47.677677,38.22757172355218
source_total,fold_2,Part 23,2021-10-12,2021-10-15,1.0,18.0,6.0,2.5714285714285716,1.0,6.0,1.0,7.447171,7.863625285050522,7.038823209347489,1.0552571,7.178773017619045
source_total,fold_2,Part 24,2021-10-12,2021-10-15,182.0,131.0,172.33333333333334,167.57142857142858,146.0,172.33333333333334,146.0,187.50179,185.57098606978505,183.36115830920846,151.23798,149.6486583950584
source_total,fold_2,Part 25,2021-10-12,2021-10-15,32.0,44.0,44.666666666666664,44.714285714285715,18.0,44.666666666666664,18.0,40.846176,37.223362198999645,42.716312870763744,35.79059,42.41399036083204
source_total,fold_2,Part 27,2021-10-12,2021-10-15,209.0,168.0,176.0,180.0,193.0,176.0,193.0,222.80501,165.9830819003821,190.92240461276123,168.77762,207.0778213992634
source_total,fold_2,Part 28,2021-10-12,2021-10-15,608.0,616.0,572.0,558.8571428571429,544.0,572.0,544.0,649.2157,667.6510690508513,704.9378098010758,538.98193,661.9604385902926
source_total,fold_2,Part 29,2021-10-12,2021-10-15,436.0,452.0,480.0,489.42857142857144,400.0,480.0,400.0,453.16104,462.87616273295595,506.64354868103237,464.82578,457.9771030996824
source_total,fold_2,Part 3,2021-10-12,2021-10-15,2.0,92.0,136.66666666666666,128.0,0.0,136.66666666666666,0.0,101.87396,115.29231508446044,127.8999019472323,136.79156,97.28523433890257
source_total,fold_2,Part 30,2021-10-12,2021-10-15,261.0,359.0,282.3333333333333,272.2857142857143,241.0,282.3333333333333,241.0,351.6651,362.07066284076444,339.44523738104294,311.45737,379.45298304681245
source_total,fold_2,Part 31,2021-10-12,2021-10-15,56.0,18.0,6.0,2.5714285714285716,35.0,6.0,35.0,24.827766,18.346674975253684,12.246034243037204,3.2526789,23.210988122711036
source_total,fold_2,Part 32,2021-10-12,2021-10-15,1.0,0.0,0.0,0.0,0.0,0.0,0.0,3.1491115,0.0,0.43147182033836273,0.0,0.8077731954664203
source_total,fold_2,Part 33,2021-10-12,2021-10-15,93.0,106.0,88.0,88.28571428571429,75.0,88.0,75.0,98.85069,95.07605394305443,94.4544739902882,85.12853,99.2695247330927
source_total,fold_2,Part 34,2021-10-12,2021-10-15,16.0,111.0,72.33333333333333,61.0,1.0,72.33333333333333,1.0,86.96323,80.41003333282885,80.16928300576959,60.44949,63.18889221541053
source_total,fold_2,Part 35,2021-10-12,2021-10-15,9.0,4.0,2.6666666666666665,1.7142857142857142,11.0,2.6666666666666665,11.0,9.054679,9.751181079601201,6.974824802646662,6.2810497,10.717736110371394
source_total,fold_2,Part 36,2021-10-12,2021-10-15,1.0,2.0,2.0,2.0,0.0,2.0,0.0,5.072711,2.121340767697468,2.3759879053070634,0.845795,2.2041867005075626
source_total,fold_2,Part 37,2021-10-12,2021-10-15,157.0,179.0,146.33333333333334,133.71428571428572,121.0,146.33333333333334,121.0,170.1899,150.06838372520397,172.2476677473411,136.12848,157.61161236618608
source_total,fold_2,Part 38,2021-10-12,2021-10-15,114.0,100.0,104.66666666666667,105.85714285714286,100.0,104.66666666666667,100.0,124.28137,122.14155189151742,129.43699952825162,77.23697,125.30131824129569
source_total,fold_2,Part 39,2021-10-12,2021-10-15,42.0,36.0,22.0,18.0,44.0,22.0,44.0,43.161385,41.341008307752716,30.743294496388152,17.523222,25.78849980047743
source_total,fold_2,Part 4,2021-10-12,2021-10-15,308.0,239.0,169.0,156.57142857142858,259.0,169.0,259.0,221.78555,204.94285013370944,204.53808918622866,203.39726,225.65213113323458
source_total,fold_2,Part 40,2021-10-12,2021-10-15,3.0,0.0,0.0,0.0,7.0,0.0,7.0,4.270379,6.245566059571079,2.2090323270794734,4.14304,4.3219894018945935
source_total,fold_2,Part 41,2021-10-12,2021-10-15,61.0,55.0,33.0,24.571428571428573,56.0,33.0,56.0,57.45797,53.85612399745155,48.27232037092033,34.768192,51.299049671765914
source_total,fold_2,Part 42,2021-10-12,2021-10-15,17.0,8.0,6.0,6.0,22.0,6.0,22.0,13.672734,19.063196892460688,9.86105336660033,13.297212,20.45891920577413
source_total,fold_2,Part 43,2021-10-12,2021-10-15,0.0,1.0,1.0,1.1428571428571428,0.0,1.0,0.0,3.5682,0.9999999983065728,1.483446312236918,2.1107345,1.3542472676502597
source_total,fold_2,Part 44,2021-10-12,2021-10-15,0.0,0.0,0.0,0.0,0.0,0.0,0.0,3.1491115,2.6097692494936903e-08,0.20637987104889177,11.075179,0.6915384845186263
source_total,fold_2,Part 46,2021-10-12,2021-10-15,1.0,0.0,1.3333333333333333,2.2857142857142856,1.0,1.3333333333333333,1.0,4.9053354,1.7140725490277273,2.1053697960648545,0.3613718,1.921708316961515
source_total,fold_2,Part 47,2021-10-12,2021-10-15,15.0,26.0,18.0,13.285714285714286,19.0,18.0,19.0,17.560163,18.42374595897363,17.43112638709416,18.545046,18.542372809931102
source_total,fold_2,Part 48,2021-10-12,2021-10-15,1.0,7.0,10.333333333333334,11.857142857142858,0.0,10.333333333333334,0.0,8.66157,9.085313445324001,7.928124595363689,1.420567,7.653838032266422
source_total,fold_2,Part 49,2021-10-12,2021-10-15,21.0,24.0,9.333333333333334,5.714285714285714,25.0,9.333333333333334,25.0,18.53064,25.19072407160783,14.660746777264517,4.9686933,21.289990437207653
source_total,fold_2,Part 5,2021-10-12,2021-10-15,66.0,97.0,101.0,102.57142857142857,112.0,101.0,112.0,132.72188,118.6817045288584,124.06272900999011,87.70696,113.44848144922209
source_total,fold_2,Part 50,2021-10-12,2021-10-15,61.0,100.0,65.33333333333333,56.142857142857146,18.0,65.33333333333333,18.0,63.0171,68.93481403768388,77.82334732845395,58.380444,63.837489689328756
source_total,fold_2,Part 51,2021-10-12,2021-10-15,95.0,120.0,96.66666666666667,83.71428571428571,95.0,96.66666666666667,95.0,111.58252,99.64821421101453,108.3885929235013,98.61941,113.6843933903762
source_total,fold_2,Part 52,2021-10-12,2021-10-15,21.0,22.0,13.333333333333334,10.857142857142858,16.0,13.333333333333334,16.0,16.576681,13.464652821272038,14.157555691281994,7.6866455,17.204387727419206
source_total,fold_2,Part 53,2021-10-12,2021-10-15,109.0,125.0,87.0,73.28571428571429,136.0,87.0,136.0,131.62274,119.45721422789916,111.22493181228788,99.56234,113.55834806603406
source_total,fold_2,Part 54,2021-10-12,2021-10-15,118.0,123.0,120.33333333333333,118.57142857142857,116.0,120.33333333333333,116.0,150.79396,136.9390523819397,147.94557448087838,121.63297,136.68051589496963
source_total,fold_2,Part 55,2021-10-12,2021-10-15,1.0,17.0,11.0,10.714285714285714,0.0,11.0,0.0,9.5928755,9.721900274633478,10.686056662783669,15.289006,9.45409410158208
source_total,fold_2,Part 56,2021-10-12,2021-10-15,231.0,154.0,106.0,98.42857142857143,150.0,106.0,150.0,146.44965,127.33979364347536,132.6364083215093,99.80266,123.25564398194692
source_total,fold_2,Part 57,2021-10-12,2021-10-15,4.0,56.0,41.333333333333336,33.57142857142857,12.0,41.333333333333336,12.0,41.05233,50.06616136485618,50.68388024097949,38.9121,39.590363483710995
source_total,fold_2,Part 58,2021-10-12,2021-10-15,28.0,67.0,33.666666666666664,26.428571428571427,46.0,33.666666666666664,46.0,49.36483,57.23451713458974,49.27009789135093,36.868664,45.15435091965319
source_total,fold_2,Part 59,2021-10-12,2021-10-15,29.0,15.0,7.666666666666667,6.428571428571429,21.0,7.666666666666667,21.0,12.220569,8.496860037330151,9.472329747475827,6.2754755,17.16786551289446
source_total,fold_2,Part 6,2021-10-12,2021-10-15,122.0,96.0,108.66666666666667,113.42857142857143,86.0,108.66666666666667,86.0,124.022316,126.11524732633757,132.1435462069743,105.787834,120.13375179906403
source_total,fold_2,Part 60,2021-10-12,2021-10-15,759.0,929.0,733.6666666666666,688.2857142857143,642.0,733.6666666666666,642.0,820.29834,870.1491676349493,730.3050139804178,712.084,706.8323541267549
source_total,fold_2,Part 61,2021-10-12,2021-10-15,88.0,71.0,42.333333333333336,33.57142857142857,87.0,42.333333333333336,87.0,81.3446,75.59850879164131,63.39573241306693,37.812744,57.33127267253554
source_total,fold_2,Part 62,2021-10-12,2021-10-15,136.0,166.0,115.33333333333333,78.28571428571429,130.0,115.33333333333333,130.0,140.58148,123.88169655277378,122.26219394099647,118.852745,134.62069604040576
source_total,fold_2,Part 63,2021-10-12,2021-10-15,213.0,283.0,192.33333333333334,163.71428571428572,199.0,192.33333333333334,199.0,252.5592,259.41167272396774,212.63098743855602,210.70723,258.73492696028205
source_total,fold_2,Part 64,2021-10-12,2021-10-15,48.0,73.0,51.0,43.714285714285715,52.0,51.0,52.0,60.50847,61.09250056455111,63.401648195460865,53.282166,62.20174087737699
source_total,fold_2,Part 65,2021-10-12,2021-10-15,411.0,432.0,320.0,294.14285714285717,345.0,320.0,345.0,399.02182,413.80610814670234,377.5866487911344,356.3338,411.7206976193387
source_total,fold_2,Part 66,2021-10-12,2021-10-15,759.0,929.0,733.6666666666666,688.2857142857143,642.0,733.6666666666666,642.0,820.29834,870.1491676349493,730.3050139804178,717.47327,706.8323541267549
source_total,fold_2,Part 67,2021-10-12,2021-10-15,88.0,71.0,42.333333333333336,33.57142857142857,87.0,42.333333333333336,87.0,81.3446,75.59850879164131,63.39573241306693,51.21511,57.33127267253554
source_total,fold_2,Part 68,2021-10-12,2021-10-15,136.0,166.0,115.33333333333333,78.28571428571429,130.0,115.33333333333333,130.0,140.58148,123.88169655277378,122.26219394099647,99.26807,134.62069604040576
source_total,fold_2,Part 69,2021-10-12,2021-10-15,213.0,283.0,192.33333333333334,163.71428571428572,199.0,192.33333333333334,199.0,252.5592,259.41167272396774,212.63098743855602,204.1413,258.73492696028205
source_total,fold_2,Part 7,2021-10-12,2021-10-15,5.0,5.0,5.0,5.0,1.0,5.0,1.0,5.7175994,5.1996933784124915,4.912858333114034,0.0,4.668870813943728
source_total,fold_2,Part 70,2021-10-12,2021-10-15,48.0,73.0,51.0,43.714285714285715,52.0,51.0,52.0,60.50847,61.09250056455111,63.401648195460865,43.17291,62.20174087737699
source_total,fold_2,Part 71,2021-10-12,2021-10-15,411.0,432.0,320.0,294.14285714285717,345.0,320.0,345.0,399.02182,413.80610814670234,377.5866487911344,352.6781,411.7206976193387
source_total,fold_2,Part 72,2021-10-12,2021-10-15,32.0,15.0,22.333333333333332,20.428571428571427,26.0,22.333333333333332,26.0,28.28648,28.259081205421353,19.57432495255605,20.859911,24.05970658804919
source_total,fold_2,Part 73,2021-10-12,2021-10-15,107.0,116.0,80.66666666666667,73.28571428571429,51.0,80.66666666666667,51.0,97.5604,93.20390877216337,103.68740832411889,91.462036,91.99886979884265
source_total,fold_2,Part 74,2021-10-12,2021-10-15,171.0,84.0,117.33333333333333,127.14285714285714,123.0,117.33333333333333,123.0,136.30789,127.93688876670326,138.48479807096987,128.36726,120.00312471142142
source_total,fold_2,Part 75,2021-10-12,2021-10-15,99.0,82.0,178.66666666666666,200.85714285714286,101.0,178.66666666666666,101.0,133.44496,187.00933850945634,161.86173756146636,153.78078,152.06301041894855
source_total,fold_2,Part 76,2021-10-12,2021-10-15,13.0,6.0,10.0,8.0,10.0,10.0,10.0,11.3110485,9.252044341971576,7.314142504269855,5.651141,7.704658892028118
source_total,fold_2,Part 77,2021-10-12,2021-10-15,103.0,112.0,79.33333333333333,70.28571428571429,51.0,79.33333333333333,51.0,97.32708,93.20390877216337,102.06720122823229,73.342896,91.72359700209236
source_total,fold_2,Part 78,2021-10-12,2021-10-15,107.0,115.0,80.33333333333333,73.14285714285714,51.0,80.33333333333333,51.0,97.32708,93.20390877216337,102.20963439036048,66.81829,91.13961062411951
source_total,fold_2,Part 79,2021-10-12,2021-10-15,4.0,3.0,1.0,2.857142857142857,0.0,1.0,0.0,3.4657772,1.7412442314156769,2.886015393217738,2.3651369,2.0371952023682094
source_total,fold_2,Part 8,2021-10-12,2021-10-15,5.0,5.0,5.0,5.0,1.0,5.0,1.0,5.7175994,5.1996933784124915,4.912858333114034,0.3292745,4.668870813943728
source_total,fold_2,Part 80,2021-10-12,2021-10-15,171.0,110.0,183.33333333333334,222.0,219.0,183.33333333333334,219.0,223.00969,211.132828982736,229.04035821654028,180.78632,255.47665616413036
source_total,fold_2,Part 81,2021-10-12,2021-10-15,267.0,213.0,285.0,325.42857142857144,314.0,285.0,314.0,287.6211,278.0419116560203,336.7370375147471,291.40396,285.93736000556186
source_total,fold_2,Part 82,2021-10-12,2021-10-15,96.0,103.0,101.66666666666667,103.42857142857143,95.0,101.66666666666667,95.0,123.7892,116.70608015205244,126.93795909967176,89.709526,120.35736481721123
source_total,fold_2,Part 83,2021-10-12,2021-10-15,14.0,7.0,10.333333333333334,12.857142857142858,22.0,10.333333333333334,22.0,15.481543,19.773219056932774,14.340276329762688,17.44239,18.768771199763858
source_total,fold_2,Part 84,2021-10-12,2021-10-15,14.0,7.0,10.333333333333334,12.857142857142858,22.0,10.333333333333334,22.0,15.481543,19.773219056932774,14.340276329762688,14.738625,18.768771199763858
source_total,fold_2,Part 85,2021-10-12,2021-10-15,12.0,2.0,5.333333333333333,7.857142857142857,12.0,5.333333333333333,12.0,11.053848,12.382071913476123,10.181238645846324,5.524585,12.040921882233729
source_total,fold_2,Part 86,2021-10-12,2021-10-15,3.0,1.0,1.6666666666666667,1.8571428571428572,0.0,1.6666666666666667,0.0,4.9053354,1.1638963913441525,1.746586382791378,0.0,1.8373445160820374
source_total,fold_2,Part 87,2021-10-12,2021-10-15,7.0,21.0,19.0,17.571428571428573,6.0,19.0,6.0,15.882224,15.279130563567312,15.152818221237894,14.21418,18.197875091926917
source_total,fold_2,Part 88,2021-10-12,2021-10-15,0.0,24.0,55.333333333333336,44.0,0.0,55.333333333333336,0.0,37.04793,33.92639561756773,40.68082827071675,44.593967,25.65404446627526
source_total,fold_2,Part 89,2021-10-12,2021-10-15,0.0,0.0,16.0,13.857142857142858,0.0,16.0,0.0,14.270419,9.672291801377344,8.560882935914085,10.039529,7.36815784565317
source_total,fold_2,Part 9,2021-10-12,2021-10-15,5.0,5.0,5.0,5.0,1.0,5.0,1.0,5.7175994,5.1996933784124915,4.912858333114034,7.4337206,4.668870813943728
source_total,fold_2,Part 90,2021-10-12,2021-10-15,7.0,21.0,19.0,17.571428571428573,6.0,19.0,6.0,15.882224,15.232567368577142,15.152818221237894,11.658417,18.197875091926917
source_total,fold_2,Part 91,2021-10-12,2021-10-15,44.0,48.0,52.0,54.57142857142857,36.0,52.0,36.0,59.4852,56.35129537372065,61.59131046940439,29.180073,53.72710378359368
source_total,fold_2,Part 92,2021-10-12,2021-10-15,726.0,664.0,669.3333333333334,669.7142857142857,652.0,669.3333333333334,652.0,680.24023,710.7059579620085,712.7671923229167,606.9494,712.5929761903953
source_total,fold_2,Part 93,2021-10-12,2021-10-15,1.0,2.0,1.3333333333333333,1.0,0.0,1.3333333333333333,0.0,3.7355757,1.949327852645999,0.9937690640702748,0.0,1.0089314144688155
source_total,fold_2,Part 94,2021-10-12,2021-10-15,35.0,42.0,42.0,41.0,42.0,42.0,42.0,52.406578,42.449270647477505,49.09131107333917,49.2526,44.44414909209085
source_total,fold_2,Part 95,2021-10-12,2021-10-15,363.0,303.0,258.3333333333333,272.7142857142857,326.0,258.3333333333333,326.0,377.175,271.68748098059297,287.12729448025544,293.04016,302.91854791317513
source_total,fold_2,Part 96,2021-10-12,2021-10-15,1.0,2.0,1.3333333333333333,1.0,0.0,1.3333333333333333,0.0,3.7355757,1.949327852645999,0.9937690640702748,1.8368392,1.0089314144688155
source_total,fold_2,Part 97,2021-10-12,2021-10-15,129.0,85.0,94.33333333333333,100.71428571428571,81.0,94.33333333333333,81.0,108.972336,104.34786788500614,104.3015257842032,76.985146,96.5912117476565
source_total,fold_2,Part 98,2021-10-12,2021-10-15,23.0,46.0,32.0,24.428571428571427,20.0,32.0,20.0,34.57859,34.19338304425099,33.38648678577911,33.064224,33.09936174454976
source_total,fold_2,Part 99,2021-10-12,2021-10-15,0.0,0.0,0.0,0.0,0.0,0.0,0.0,1.758512,0.016442045607329456,0.0,0.0,2.8224001542785744
source_total,fold_2,Part 0,2021-10-13,2021-10-16,0.0,1.0,1.6666666666666667,1.8571428571428572,0.0,1.6666666666666667,0.0,1.9207572,0.3317728402108809,0.9292201588757116,9.754577,0.5436007737125214
source_total,fold_2,Part 1,2021-10-13,2021-10-16,0.0,3.0,8.333333333333334,8.0,0.0,8.333333333333334,0.0,5.5419064,4.508989206768541,4.177475650627763,8.733564,1.9793888334486387
source_total,fold_2,Part 10,2021-10-13,2021-10-16,161.0,118.0,112.0,96.14285714285714,148.0,112.0,148.0,129.85252,136.15751277775476,112.04962832751582,131.66837,115.1800995331971
source_total,fold_2,Part 100,2021-10-13,2021-10-16,0.0,0.0,0.3333333333333333,0.7142857142857143,0.0,0.3333333333333333,0.0,0.5504482,0.0371948399749574,0.06142028505540509,0.0,0.0
source_total,fold_2,Part 102,2021-10-13,2021-10-16,103.0,43.0,32.0,16.0,110.0,32.0,110.0,75.1197,51.76913892916755,43.567962109790145,63.729313,53.861296426871284
source_total,fold_2,Part 103,2021-10-13,2021-10-16,127.0,156.0,157.33333333333334,141.71428571428572,143.0,157.33333333333334,143.0,159.27495,152.82058090420094,182.04657174290367,146.30728,158.87636340206527
source_total,fold_2,Part 104,2021-10-13,2021-10-16,67.0,127.0,127.0,139.42857142857142,23.0,127.0,23.0,117.567474,86.17532727770917,150.94667160666526,95.4073,73.36934514349281
source_total,fold_2,Part 105,2021-10-13,2021-10-16,5.0,1.0,1.6666666666666667,2.142857142857143,1.0,1.6666666666666667,1.0,1.6389307,4.509679060127522,1.4176545360743482,3.842392,2.40527994389805
source_total,fold_2,Part 106,2021-10-13,2021-10-16,544.0,587.0,598.0,604.4285714285714,513.0,598.0,513.0,667.3193,639.2892986886169,643.0603244371263,530.63055,629.5662104423103
source_total,fold_2,Part 107,2021-10-13,2021-10-16,98.0,174.0,136.33333333333334,119.71428571428571,65.0,136.33333333333334,65.0,123.51097,122.74462888007328,141.9982142758582,116.312805,117.23548268830518
source_total,fold_2,Part 108,2021-10-13,2021-10-16,0.0,0.0,2.6666666666666665,3.4285714285714284,0.0,2.6666666666666665,0.0,3.902779,0.6116228563939508,1.8519260211231483,3.529444,1.217026106018393
source_total,fold_2,Part 11,2021-10-13,2021-10-16,0.0,0.0,0.3333333333333333,0.5714285714285714,1.0,0.3333333333333333,1.0,1.2988061,1.570246515724471,0.7757081943778985,7.2627954,2.195965005526169
source_total,fold_2,Part 110,2021-10-13,2021-10-16,0.0,8.0,5.0,4.428571428571429,0.0,5.0,0.0,5.205324,5.533553437552717,4.521408179259181,9.540411,7.550799774315867
source_total,fold_2,Part 113,2021-10-13,2021-10-16,0.0,0.0,0.0,0.0,0.0,0.0,0.0,1.6606386,2.6097692494936903e-08,0.20862369485485388,0.0,0.032151537495444936
source_total,fold_2,Part 114,2021-10-13,2021-10-16,0.0,0.0,0.0,0.0,0.0,0.0,0.0,1.6606386,2.6097692494936903e-08,0.20862369485485388,8.158796,0.032151537495444936
source_total,fold_2,Part 116,2021-10-13,2021-10-16,0.0,0.0,0.0,0.0,0.0,0.0,0.0,0.0,0.0,0.0,0.0,0.0
source_total,fold_2,Part 12,2021-10-13,2021-10-16,5.0,39.0,23.666666666666668,11.428571428571429,1.0,23.666666666666668,1.0,20.932661,15.697621899420954,15.019240625741213,13.892128,19.19922547192942
source_total,fold_2,Part 13,2021-10-13,2021-10-16,3.0,0.0,2.6666666666666665,4.571428571428571,3.0,2.6666666666666665,3.0,5.2570558,5.785277269362474,3.458877935779272,5.5946507,2.7634328620841893
source_total,fold_2,Part 14,2021-10-13,2021-10-16,130.0,132.0,113.66666666666667,95.71428571428571,113.0,113.66666666666667,113.0,119.023834,122.88217613297239,111.34453425972829,121.96013,111.36385405258059
source_total,fold_2,Part 15,2021-10-13,2021-10-16,37.0,27.0,27.666666666666668,27.571428571428573,30.0,27.666666666666668,30.0,28.57671,37.836711069453465,28.531487367678757,33.12618,35.44038270686657
source_total,fold_2,Part 16,2021-10-13,2021-10-16,37.0,53.0,52.0,53.142857142857146,41.0,52.0,41.0,54.392067,55.50494034304159,62.56138721503942,45.314835,64.07489850262907
source_total,fold_2,Part 17,2021-10-13,2021-10-16,87.0,63.0,62.666666666666664,58.142857142857146,74.0,62.666666666666664,74.0,79.612465,82.8957290403062,72.17439533583311,47.42194,73.49440914526569
source_total,fold_2,Part 18,2021-10-13,2021-10-16,108.0,131.0,136.33333333333334,149.0,103.0,136.33333333333334,103.0,134.61703,139.858758038277,148.02209761274932,128.4217,142.73479252915902
source_total,fold_2,Part 19,2021-10-13,2021-10-16,31.0,32.0,35.0,37.0,21.0,35.0,21.0,30.366829,25.51453592243819,36.54868919119379,35.714584,27.296129671002472
source_total,fold_2,Part 2,2021-10-13,2021-10-16,595.0,513.0,542.3333333333334,551.5714285714286,492.0,542.3333333333334,492.0,577.4389,510.71917334360455,579.0843265566651,471.10526,448.92696344950343
source_total,fold_2,Part 20,2021-10-13,2021-10-16,30.0,13.0,23.333333333333332,32.57142857142857,28.0,23.333333333333332,28.0,21.953588,34.20822294387568,27.866847410784764,18.691711,27.6844998859269
source_total,fold_2,Part 22,2021-10-13,2021-10-16,19.0,41.0,49.333333333333336,60.0,24.0,49.333333333333336,24.0,38.68496,37.78133359376171,48.85951960608509,38.08779,42.80636701993824
source_total,fold_2,Part 23,2021-10-13,2021-10-16,0.0,20.0,12.666666666666666,5.428571428571429,0.0,12.666666666666666,0.0,7.858344,10.674101527200452,9.734973868616569,5.936038,9.93637466634408
source_total,fold_2,Part 24,2021-10-13,2021-10-16,140.0,148.0,157.33333333333334,171.42857142857142,119.0,157.33333333333334,119.0,166.46764,174.70306636466415,158.53916334246279,133.19023,137.72444916707295
source_total,fold_2,Part 25,2021-10-13,2021-10-16,0.0,23.0,37.333333333333336,41.285714285714285,0.0,37.333333333333336,0.0,23.020243,23.39531327683805,29.54918227544024,30.638443,22.329098910603943
source_total,fold_2,Part 27,2021-10-13,2021-10-16,191.0,156.0,168.0,174.71428571428572,176.0,168.0,176.0,181.91302,158.9794908773463,165.48442972905335,190.56071,181.7102047757061
source_total,fold_2,Part 28,2021-10-13,2021-10-16,618.0,610.0,592.0,568.2857142857143,544.0,592.0,544.0,617.4698,607.5263505424552,610.6719290498951,570.11786,626.2047173901736
source_total,fold_2,Part 29,2021-10-13,2021-10-16,420.0,434.0,460.0,480.2857142857143,400.0,460.0,400.0,408.93698,417.0591916882566,425.2183827031762,447.7669,363.929384839668
source_total,fold_2,Part 3,2021-10-13,2021-10-16,0.0,32.0,94.33333333333333,119.14285714285714,0.0,94.33333333333333,0.0,75.32327,73.79221117530543,86.66406243591808,93.987045,82.89052504578561
source_total,fold_2,Part 30,2021-10-13,2021-10-16,0.0,314.0,305.6666666666667,277.42857142857144,0.0,305.6666666666667,0.0,254.85228,244.36056099192692,313.2178385456387,240.59654,196.64007581834406
source_total,fold_2,Part 31,2021-10-13,2021-10-16,0.0,16.0,11.333333333333334,4.857142857142857,0.0,11.333333333333334,0.0,4.346081,9.75435361551461,4.695736220499867,0.0,7.314706342352649
source_total,fold_2,Part 32,2021-10-13,2021-10-16,0.0,19.0,6.333333333333333,2.7142857142857144,0.0,6.333333333333333,0.0,5.9586964,8.696637907867252,7.764869800762449,0.95648015,6.835797287207298
source_total,fold_2,Part 33,2021-10-13,2021-10-16,0.0,80.0,88.33333333333333,83.71428571428571,0.0,88.33333333333333,0.0,62.804356,45.87013970896134,62.39462500854307,55.335785,40.88665988217481
source_total,fold_2,Part 34,2021-10-13,2021-10-16,0.0,93.0,85.66666666666667,66.71428571428571,0.0,85.66666666666667,0.0,71.88585,50.69725957245763,64.68601046157609,47.76749,38.75882181683418
source_total,fold_2,Part 35,2021-10-13,2021-10-16,0.0,3.0,3.0,2.142857142857143,0.0,3.0,0.0,2.8033118,3.2039891936335887,1.7907117845983933,2.341607,4.281706756045713
source_total,fold_2,Part 36,2021-10-13,2021-10-16,0.0,1.0,1.6666666666666667,1.8571428571428572,0.0,1.6666666666666667,0.0,1.6389307,1.128770835635291,1.041925299301596,1.1818396,1.1199949512708776
source_total,fold_2,Part 37,2021-10-13,2021-10-16,0.0,149.0,152.66666666666666,139.57142857142858,0.0,152.66666666666666,0.0,121.14354,85.4185195156282,137.13941403950008,92.897255,80.7437870950405
source_total,fold_2,Part 38,2021-10-13,2021-10-16,0.0,116.0,107.66666666666667,109.0,0.0,107.66666666666667,0.0,109.127884,75.23714081214665,106.83195001950781,71.082924,68.21709871039431
source_total,fold_2,Part 39,2021-10-13,2021-10-16,0.0,37.0,29.333333333333332,21.142857142857142,0.0,29.333333333333332,0.0,25.336992,21.613016466648293,24.274401308535047,18.95149,25.70095164367633
source_total,fold_2,Part 4,2021-10-13,2021-10-16,303.0,261.0,211.33333333333334,170.0,274.0,211.33333333333334,274.0,246.21834,212.45672892492436,237.99219202704478,217.73535,217.2722494599437
source_total,fold_2,Part 40,2021-10-13,2021-10-16,0.0,0.0,0.0,0.0,0.0,0.0,0.0,0.041678816,1.873789063610787,0.3701236032387989,1.4953811,0.8252445296012199
source_total,fold_2,Part 41,2021-10-13,2021-10-16,0.0,53.0,43.333333333333336,29.857142857142858,0.0,43.333333333333336,0.0,36.663784,35.89178687281685,42.06531249095924,28.15894,34.180425194660515
source_total,fold_2,Part 42,2021-10-13,2021-10-16,0.0,9.0,7.333333333333333,6.142857142857143,0.0,7.333333333333333,0.0,4.785671,7.460388551436063,5.044038283995489,9.583271,9.04102678710691
source_total,fold_2,Part 43,2021-10-13,2021-10-16,0.0,0.0,0.6666666666666666,0.8571428571428571,0.0,0.6666666666666666,0.0,1.9207572,0.09406066215138595,0.5994931478725931,3.3867266,0.6803152989194227
source_total,fold_2,Part 44,2021-10-13,2021-10-16,0.0,0.0,0.0,0.0,0.0,0.0,0.0,1.6606386,2.6097692494936903e-08,0.20862369485485388,12.256229,1.2530289389340188
source_total,fold_2,Part 46,2021-10-13,2021-10-16,0.0,3.0,1.6666666666666667,2.0,0.0,1.6666666666666667,0.0,3.4252648,1.656030558230629,1.9545403457163744,0.0,2.9356033651311777
source_total,fold_2,Part 47,2021-10-13,2021-10-16,0.0,15.0,18.333333333333332,14.285714285714286,0.0,18.333333333333332,0.0,10.663714,14.729471691766443,10.188687771252859,8.866679,11.84958400953466
source_total,fold_2,Part 48,2021-10-13,2021-10-16,0.0,0.0,6.333333333333333,10.0,0.0,6.333333333333333,0.0,6.0362477,3.7887942046617944,3.754396292441104,0.0,1.1407211836091058
source_total,fold_2,Part 49,2021-10-13,2021-10-16,0.0,27.0,17.666666666666668,8.857142857142858,0.0,17.666666666666668,0.0,10.800379,13.833277450553561,9.977855796452154,6.5093455,10.945292431523677
source_total,fold_2,Part 5,2021-10-13,2021-10-16,70.0,142.0,114.0,110.0,159.0,114.0,159.0,166.31596,155.84177482442573,151.12332203789637,121.86249,149.09146926069118
source_total,fold_2,Part 50,2021-10-13,2021-10-16,0.0,81.0,76.33333333333333,58.714285714285715,0.0,76.33333333333333,0.0,60.832714,45.87013970896134,63.647494274638774,45.312218,38.8314040477113
source_total,fold_2,Part 51,2021-10-13,2021-10-16,0.0,102.0,102.33333333333333,89.71428571428571,0.0,102.33333333333333,0.0,71.62678,54.36287267751974,71.85349296221159,77.23561,43.777738474377124
source_total,fold_2,Part 52,2021-10-13,2021-10-16,0.0,9.0,13.333333333333334,10.857142857142858,0.0,13.333333333333334,0.0,9.81123,10.057286228775306,6.641875647972386,8.442226,9.339635351493316
source_total,fold_2,Part 53,2021-10-13,2021-10-16,0.0,103.0,98.66666666666667,80.0,0.0,98.66666666666667,0.0,79.4594,60.34227313366642,72.81439532726498,71.770134,44.73605731162002
source_total,fold_2,Part 54,2021-10-13,2021-10-16,0.0,52.0,98.0,110.42857142857143,0.0,98.0,0.0,81.36979,71.39192373168265,89.12998512772874,63.090187,64.44917045837171
source_total,fold_2,Part 55,2021-10-13,2021-10-16,0.0,14.0,13.0,10.142857142857142,0.0,13.0,0.0,9.245044,11.203316815929261,8.495637909532293,13.63847,10.684354605551421
source_total,fold_2,Part 56,2021-10-13,2021-10-16,0.0,215.0,150.33333333333334,112.85714285714286,0.0,150.33333333333334,0.0,139.09712,74.12194187702404,127.26506581513061,134.01093,74.34698601413545
source_total,fold_2,Part 57,2021-10-13,2021-10-16,0.0,27.0,39.0,34.857142857142854,0.0,39.0,0.0,27.708307,27.993459164402612,31.907537595424007,27.53883,23.135869217359566
source_total,fold_2,Part 58,2021-10-13,2021-10-16,0.0,63.0,49.0,32.57142857142857,0.0,49.0,0.0,38.704163,36.20015864629597,42.135546498659025,45.48425,33.855386420332565
source_total,fold_2,Part 59,2021-10-13,2021-10-16,0.0,22.0,13.666666666666666,8.0,0.0,13.666666666666666,0.0,7.966943,10.004358203457212,8.892609101810892,3.4803863,9.910585416332331
source_total,fold_2,Part 6,2021-10-13,2021-10-16,116.0,96.0,102.33333333333333,110.14285714285714,96.0,102.33333333333333,96.0,116.85875,123.3061881092997,129.63117492269893,96.85998,128.40047000957497
source_total,fold_2,Part 60,2021-10-13,2021-10-16,0.0,828.0,797.6666666666666,712.8571428571429,0.0,797.6666666666666,0.0,732.4846,763.8736255326008,660.542459487785,621.1612,693.4234017687905
source_total,fold_2,Part 61,2021-10-13,2021-10-16,0.0,71.0,56.666666666666664,39.57142857142857,0.0,56.666666666666664,0.0,41.9174,36.272353760090276,45.86358125769917,32.913994,35.330276427621335
source_total,fold_2,Part 62,2021-10-13,2021-10-16,0.0,142.0,132.66666666666666,98.57142857142857,0.0,132.66666666666666,0.0,94.04294,66.04179218718512,99.01444162613093,86.77055,47.78931919906212
source_total,fold_2,Part 63,2021-10-13,2021-10-16,0.0,229.0,219.66666666666666,174.71428571428572,0.0,219.66666666666666,0.0,189.77655,138.62605743819864,203.06022997182285,172.60597,122.38429054115952
source_total,fold_2,Part 64,2021-10-13,2021-10-16,0.0,53.0,55.333333333333336,45.857142857142854,0.0,55.333333333333336,0.0,40.435722,35.945973997979905,46.58072539408006,50.812187,31.68353254114216
source_total,fold_2,Part 65,2021-10-13,2021-10-16,0.0,393.0,363.0,308.85714285714283,0.0,363.0,0.0,316.74817,337.190423166629,335.7989878884182,299.58508,280.743890757885
source_total,fold_2,Part 66,2021-10-13,2021-10-16,0.0,828.0,797.6666666666666,712.8571428571429,0.0,797.6666666666666,0.0,732.4846,763.8736255326008,660.542459487785,629.05664,693.4234017687905
source_total,fold_2,Part 67,2021-10-13,2021-10-16,0.0,71.0,56.666666666666664,39.57142857142857,0.0,56.666666666666664,0.0,41.9174,36.272353760090276,45.86358125769917,42.85526,35.330276427621335
source_total,fold_2,Part 68,2021-10-13,2021-10-16,0.0,142.0,132.66666666666666,98.57142857142857,0.0,132.66666666666666,0.0,94.04294,66.04179218718512,99.01444162613093,86.8499,47.78931919906212
source_total,fold_2,Part 69,2021-10-13,2021-10-16,0.0,229.0,219.66666666666666,174.71428571428572,0.0,219.66666666666666,0.0,189.77655,138.62605743819864,203.06022997182285,177.02385,122.38429054115952
source_total,fold_2,Part 7,2021-10-13,2021-10-16,5.0,5.0,5.0,5.0,1.0,5.0,1.0,3.4482002,4.917675885773523,4.254790436630223,2.1932638,4.577363218556128
source_total,fold_2,Part 70,2021-10-13,2021-10-16,0.0,53.0,55.333333333333336,45.857142857142854,0.0,55.333333333333336,0.0,40.435722,35.945973997979905,46.58072539408006,37.69043,31.68353254114216
source_total,fold_2,Part 71,2021-10-13,2021-10-16,0.0,393.0,363.0,308.85714285714283,0.0,363.0,0.0,316.74817,337.190423166629,335.7989878884182,291.0652,280.743890757885
source_total,fold_2,Part 72,2021-10-13,2021-10-16,0.0,37.0,26.0,25.285714285714285,31.0,26.0,31.0,33.959393,36.61662885298438,35.702800838745034,18.04547,44.07641002797692
source_total,fold_2,Part 73,2021-10-13,2021-10-16,0.0,123.0,100.66666666666667,78.28571428571429,52.0,100.66666666666667,52.0,92.957504,85.33513332741104,102.50080615282118,76.16353,79.46316708355882
source_total,fold_2,Part 74,2021-10-13,2021-10-16,0.0,88.0,102.0,121.42857142857143,144.0,102.0,144.0,141.90611,140.42814654222963,145.11197136203072,138.26575,142.74645905059026
source_total,fold_2,Part 75,2021-10-13,2021-10-16,0.0,85.0,131.33333333333334,187.57142857142858,241.0,131.33333333333334,241.0,220.1531,196.49928415602173,164.34387325731754,173.09288,210.13726921301716
source_total,fold_2,Part 76,2021-10-13,2021-10-16,0.0,18.0,12.0,10.571428571428571,10.0,12.0,10.0,12.7906,12.178381470224101,8.610486490501444,5.2895384,15.042922781028814
source_total,fold_2,Part 77,2021-10-13,2021-10-16,0.0,118.0,97.66666666666667,76.14285714285714,52.0,97.66666666666667,52.0,91.99682,85.33513332741104,102.50080615282118,77.429344,72.90686518824174
source_total,fold_2,Part 78,2021-10-13,2021-10-16,0.0,122.0,100.0,78.0,52.0,100.0,52.0,92.72418,85.33513332741104,102.50080615282118,67.74686,78.71464433246523
source_total,fold_2,Part 79,2021-10-13,2021-10-16,0.0,4.0,2.3333333333333335,1.8571428571428572,0.0,2.3333333333333335,0.0,1.9773017,3.3274789506841866,2.5025747846143886,0.0,3.814148767627087
source_total,fold_2,Part 8,2021-10-13,2021-10-16,5.0,5.0,5.0,5.0,1.0,5.0,1.0,3.4482002,4.917675885773523,4.254790436630223,0.32660168,4.577363218556128
source_total,fold_2,Part 80,2021-10-13,2021-10-16,0.0,151.0,160.33333333333334,199.14285714285714,222.0,160.33333333333334,222.0,230.39302,196.91996390598453,196.5769846336378,181.54181,226.15021798123678
source_total,fold_2,Part 81,2021-10-13,2021-10-16,0.0,250.0,261.3333333333333,299.42857142857144,319.0,261.3333333333333,319.0,291.08496,244.47692958433157,294.539699235835,272.18472,268.4256173927378
source_total,fold_2,Part 82,2021-10-13,2021-10-16,0.0,99.0,101.0,100.28571428571429,97.0,101.0,97.0,114.39935,117.72208279175145,121.927253905503,75.902435,120.56723695193006
source_total,fold_2,Part 83,2021-10-13,2021-10-16,0.0,9.0,9.333333333333334,11.285714285714286,17.0,9.333333333333334,17.0,11.285749,12.450332593067008,9.14134708346587,17.524143,19.79320580908994
source_total,fold_2,Part 84,2021-10-13,2021-10-16,0.0,9.0,9.333333333333334,11.285714285714286,17.0,9.333333333333334,17.0,11.285749,12.450332593067008,9.14134708346587,14.248382,19.79320580908994
source_total,fold_2,Part 85,2021-10-13,2021-10-16,12.0,11.0,6.666666666666667,7.857142857142857,12.0,6.666666666666667,12.0,11.315036,12.731466497201053,9.027007878908766,7.9405513,19.04296769644354
source_total,fold_2,Part 86,2021-10-13,2021-10-16,6.0,2.0,1.6666666666666667,2.0,0.0,1.6666666666666667,0.0,3.4252648,1.879469150040099,1.84452537365393,0.0,2.5876831978952275
source_total,fold_2,Part 87,2021-10-13,2021-10-16,5.0,14.0,17.666666666666668,16.857142857142858,6.0,17.666666666666668,6.0,11.805492,13.971316658159529,10.38704803007738,7.980422,12.70769418999807
source_total,fold_2,Part 88,2021-10-13,2021-10-16,0.0,72.0,55.666666666666664,54.285714285714285,0.0,55.666666666666664,0.0,40.143402,48.012065077899535,44.8382325501111,60.550808,49.84366068019455
source_total,fold_2,Part 89,2021-10-13,2021-10-16,0.0,2.0,8.666666666666666,14.142857142857142,0.0,8.666666666666666,0.0,9.194556,6.663685469099192,6.483173222666519,11.924839,5.691842875983517
source_total,fold_2,Part 9,2021-10-13,2021-10-16,5.0,5.0,5.0,5.0,1.0,5.0,1.0,3.4482002,4.917675885773523,4.254790436630223,10.10043,4.577363218556128
source_total,fold_2,Part 90,2021-10-13,2021-10-16,5.0,14.0,17.666666666666668,16.857142857142858,6.0,17.666666666666668,6.0,11.805492,13.924753463169358,10.38704803007738,12.726284,12.70769418999807
source_total,fold_2,Part 91,2021-10-13,2021-10-16,46.0,54.0,52.0,53.42857142857143,36.0,52.0,36.0,53.83945,51.79859957405568,57.7598889391615,31.413631,61.2974405959805
source_total,fold_2,Part 92,2021-10-13,2021-10-16,730.0,724.0,686.6666666666666,677.4285714285714,652.0,686.6666666666666,652.0,740.62054,751.0301978462678,642.7800654446314,645.54877,715.9057956482685
source_total,fold_2,Part 94,2021-10-13,2021-10-16,35.0,28.0,37.333333333333336,39.42857142857143,39.0,37.333333333333336,39.0,37.292492,43.54906701875627,45.2777030609969,42.121124,45.60683599345204
source_total,fold_2,Part 95,2021-10-13,2021-10-16,365.0,276.0,271.6666666666667,264.2857142857143,326.0,271.6666666666667,326.0,308.49496,300.1510698639921,324.1827571181987,319.88916,323.7721818050331
source_total,fold_2,Part 97,2021-10-13,2021-10-16,162.0,91.0,91.66666666666667,96.85714285714286,133.0,91.66666666666667,133.0,127.50731,115.25089856664269,107.75466783378087,73.36959,113.75561785669419
source_total,fold_2,Part 98,2021-10-13,2021-10-16,21.0,13.0,28.0,24.857142857142858,22.0,28.0,22.0,22.292192,30.48661411886123,25.879370333342965,27.7553,19.20342867877272
source_total,fold_2,Part 99,2021-10-13,2021-10-16,13.0,0.0,0.0,0.0,20.0,0.0,20.0,3.4112856,6.738567037397831,5.3701277695288745,0.8199662,11.567970394274552
source_total,fold_2,Part 10,2021-10-14,2021-10-17,161.0,108.0,123.66666666666667,94.71428571428571,0.0,123.66666666666667,0.0,106.96543,52.51800322328332,101.18031716440106,70.82616,40.741218646011696
source_total,fold_2,Part 100,2021-10-14,2021-10-17,0.0,0.0,0.0,0.5714285714285714,0.0,0.0,0.0,1.9318744,0.028574746875152626,0.6340262706609714,0.0,0.1388910249574404
source_total,fold_2,Part 102,2021-10-14,2021-10-17,103.0,9.0,33.333333333333336,17.142857142857142,0.0,33.333333333333336,0.0,29.570356,22.881724454503697,10.849069961730734,20.292961,25.240839871293733
source_total,fold_2,Part 103,2021-10-14,2021-10-17,127.0,50.0,128.66666666666666,132.85714285714286,0.0,128.66666666666666,0.0,90.12464,64.04679381459135,110.13919425699808,99.10024,68.11759149481745
source_total,fold_2,Part 104,2021-10-14,2021-10-17,67.0,187.0,136.0,149.71428571428572,0.0,136.0,0.0,102.57091,37.211069050421635,119.7336478067492,111.90903,50.34492167766614
source_total,fold_2,Part 105,2021-10-14,2021-10-17,5.0,11.0,4.666666666666667,3.142857142857143,0.0,4.666666666666667,0.0,5.4371166,6.270145815253969,4.429032296355157,3.1486971,11.522803419592202
source_total,fold_2,Part 106,2021-10-14,2021-10-17,544.0,560.0,578.0,602.0,0.0,578.0,0.0,587.1391,458.2120342691112,556.0297518689608,462.6532,340.1625780112521
source_total,fold_2,Part 107,2021-10-14,2021-10-17,98.0,209.0,172.33333333333334,131.57142857142858,0.0,172.33333333333334,0.0,139.50092,70.79401595576296,153.1164625163701,146.82402,44.08382721508759
source_total,fold_2,Part 108,2021-10-14,2021-10-17,0.0,0.0,1.3333333333333333,2.857142857142857,0.0,1.3333333333333333,0.0,5.04462,0.5361474715823016,2.3839622213178977,5.724724,0.0
source_total,fold_2,Part 11,2021-10-14,2021-10-17,0.0,0.0,0.0,0.5714285714285714,0.0,0.0,0.0,2.180524,1.133731619882245,0.7565546218145194,6.998935,0.5988653446678966
source_total,fold_2,Part 113,2021-10-14,2021-10-17,0.0,7.0,2.3333333333333335,1.0,0.0,2.3333333333333335,0.0,3.8121758,4.902336374455052,2.8473382757268286,0.0,4.063681890261323
source_total,fold_2,Part 114,2021-10-14,2021-10-17,0.0,0.0,0.0,0.0,0.0,0.0,0.0,2.8024766,2.6097692494936903e-08,0.20554004326190167,7.0954075,0.032151537495444936
source_total,fold_2,Part 116,2021-10-14,2021-10-17,0.0,0.0,0.0,0.0,0.0,0.0,0.0,0.0,0.0,0.0,0.0,0.0
source_total,fold_2,Part 12,2021-10-14,2021-10-17,5.0,16.0,29.0,12.428571428571429,0.0,29.0,0.0,18.666676,18.58881735249587,11.342145409154291,5.859515,12.323282597617126
source_total,fold_2,Part 13,2021-10-14,2021-10-17,3.0,0.0,0.0,4.571428571428571,0.0,0.0,0.0,2.5845692,1.4299875885376594,3.293456030736781,0.0,0.743869148361055
source_total,fold_2,Part 14,2021-10-14,2021-10-17,130.0,110.0,123.0,99.57142857142857,0.0,123.0,0.0,107.406906,48.09547838359634,102.15098182918175,88.88853,39.36155168386351
source_total,fold_2,Part 15,2021-10-14,2021-10-17,37.0,20.0,25.333333333333332,26.285714285714285,0.0,25.333333333333332,0.0,17.73266,16.793556595424736,19.470858380579806,26.185724,16.69642662329856
source_total,fold_2,Part 16,2021-10-14,2021-10-17,37.0,54.0,52.666666666666664,52.285714285714285,0.0,52.666666666666664,0.0,41.76778,21.88554131091175,45.936178035225524,34.560623,34.3556957822342
source_total,fold_2,Part 17,2021-10-14,2021-10-17,87.0,90.0,73.33333333333333,64.57142857142857,0.0,73.33333333333333,0.0,54.828564,23.494594428960525,51.14774902144823,55.152843,35.07497403326549
source_total,fold_2,Part 18,2021-10-14,2021-10-17,108.0,106.0,121.33333333333333,138.28571428571428,0.0,121.33333333333333,0.0,103.72187,46.75238496181725,115.73209787025084,103.69517,64.37092101740896
source_total,fold_2,Part 19,2021-10-14,2021-10-17,31.0,34.0,32.666666666666664,37.42857142857143,0.0,32.666666666666664,0.0,29.0035,18.16212446093093,31.12187312619303,35.39897,25.67787949442623
source_total,fold_2,Part 2,2021-10-14,2021-10-17,595.0,564.0,545.3333333333334,550.8571428571429,0.0,545.3333333333334,0.0,446.67178,455.25431943563194,535.5192104295816,429.04202,221.9102468478404
source_total,fold_2,Part 20,2021-10-14,2021-10-17,30.0,40.0,22.666666666666668,33.714285714285715,0.0,22.666666666666668,0.0,18.469759,19.812188802482783,25.991907995403057,23.275167,21.72741166861497
source_total,fold_2,Part 22,2021-10-14,2021-10-17,19.0,28.0,36.333333333333336,53.857142857142854,0.0,36.333333333333336,0.0,20.2157,18.055302054023905,36.41297250783882,38.524647,22.65344710168008
source_total,fold_2,Part 23,2021-10-14,2021-10-17,0.0,1.0,13.0,5.571428571428571,0.0,13.0,0.0,11.149333,5.7401510291653075,3.298316234378575,7.058879,2.078866466238823
source_total,fold_2,Part 24,2021-10-14,2021-10-17,140.0,186.0,155.0,176.71428571428572,0.0,155.0,0.0,128.53467,69.04437007849641,144.49664451960524,161.31403,70.14040527388885
source_total,fold_2,Part 25,2021-10-14,2021-10-17,0.0,29.0,32.0,39.42857142857143,0.0,32.0,0.0,18.523375,16.82027911069183,26.78241513681792,28.874544,17.071376548578776
source_total,fold_2,Part 27,2021-10-14,2021-10-17,191.0,183.0,169.0,175.28571428571428,0.0,169.0,0.0,135.94096,58.24423571875223,144.11331383813229,147.69402,86.36527477798322
source_total,fold_2,Part 28,2021-10-14,2021-10-17,618.0,620.0,615.3333333333334,578.0,0.0,615.3333333333334,0.0,588.226,495.80200550120793,561.4001372864437,455.7024,449.37626518706475
source_total,fold_2,Part 29,2021-10-14,2021-10-17,420.0,424.0,436.6666666666667,469.42857142857144,0.0,436.6666666666667,0.0,335.4215,293.0551503828713,371.3298417974668,368.89777,147.75855586214257
source_total,fold_2,Part 3,2021-10-14,2021-10-17,0.0,2.0,42.0,108.85714285714286,0.0,42.0,0.0,27.367968,14.90417567260423,40.455218405606956,75.46585,34.78620017555599
source_total,fold_2,Part 30,2021-10-14,2021-10-17,0.0,297.0,323.3333333333333,278.0,0.0,323.3333333333333,0.0,233.58125,197.26008641058246,285.8258323769829,261.0336,158.8211547352164
source_total,fold_2,Part 31,2021-10-14,2021-10-17,0.0,25.0,19.666666666666668,8.428571428571429,0.0,19.666666666666668,0.0,11.516692,15.367223411067874,8.18731318281455,2.5699596,13.879362401218296
source_total,fold_2,Part 32,2021-10-14,2021-10-17,0.0,23.0,14.0,6.0,0.0,14.0,0.0,11.316247,14.219727732871068,9.917482312629451,5.805811,9.69627679344068
source_total,fold_2,Part 33,2021-10-14,2021-10-17,0.0,77.0,87.66666666666667,82.71428571428571,0.0,87.66666666666667,0.0,69.65276,33.703672005574965,66.42662357513888,58.578762,33.942933793695815
source_total,fold_2,Part 34,2021-10-14,2021-10-17,0.0,55.0,86.33333333333333,67.28571428571429,0.0,86.33333333333333,0.0,74.310036,45.310795152158846,68.48997484983002,29.179087,36.42763485215446
source_total,fold_2,Part 35,2021-10-14,2021-10-17,0.0,2.0,3.0,2.4285714285714284,0.0,3.0,0.0,4.0253773,2.088340687096539,1.523399527881736,0.0,4.037525150329422
source_total,fold_2,Part 36,2021-10-14,2021-10-17,0.0,1.0,1.3333333333333333,1.7142857142857142,0.0,1.3333333333333333,0.0,2.1385264,0.9388891368433077,1.0517825516846955,0.0,1.014014210184704
source_total,fold_2,Part 37,2021-10-14,2021-10-17,0.0,185.0,171.0,147.57142857142858,0.0,171.0,0.0,119.23489,58.24423571875223,140.0706942883072,130.5601,56.76539754296137
source_total,fold_2,Part 38,2021-10-14,2021-10-17,0.0,87.0,101.0,104.42857142857143,0.0,101.0,0.0,78.089905,34.85062717114001,82.22743759596862,64.61954,41.25925595020406
source_total,fold_2,Part 39,2021-10-14,2021-10-17,0.0,43.0,38.666666666666664,25.142857142857142,0.0,38.666666666666664,0.0,30.801748,18.874572774132364,27.67881830734053,20.985598,27.908128603790917
source_total,fold_2,Part 4,2021-10-14,2021-10-17,303.0,236.0,245.33333333333334,181.71428571428572,0.0,245.33333333333334,0.0,172.9554,112.84657686268034,191.45929353487386,175.12305,82.01126217682268
source_total,fold_2,Part 40,2021-10-14,2021-10-17,0.0,1.0,0.3333333333333333,0.14285714285714285,0.0,0.3333333333333333,0.0,0.5560463,0.9211148890608054,0.4550660478309396,0.0,1.5187950099610144
source_total,fold_2,Part 41,2021-10-14,2021-10-17,0.0,53.0,53.666666666666664,35.57142857142857,0.0,53.666666666666664,0.0,44.47508,21.88554131091175,40.58294982548735,33.75399,31.729777457843
source_total,fold_2,Part 42,2021-10-14,2021-10-17,0.0,16.0,11.0,7.571428571428571,0.0,11.0,0.0,7.206923,9.814419750450517,6.77350189009311,13.259282,11.102679067555732
source_total,fold_2,Part 43,2021-10-14,2021-10-17,0.0,0.0,0.3333333333333333,0.7142857142857143,0.0,0.3333333333333333,0.0,3.0625958,0.04789721452374844,0.6797051113351742,6.270739,0.6065634728322816
source_total,fold_2,Part 44,2021-10-14,2021-10-17,0.0,0.0,0.0,0.0,0.0,0.0,0.0,2.8024766,2.6097692494936903e-08,0.20554004326190167,3.434853,0.032151537495444936
source_total,fold_2,Part 46,2021-10-14,2021-10-17,0.0,6.0,3.0,2.4285714285714284,0.0,3.0,0.0,3.0257924,3.57207526154859,3.816446611094605,3.8177614,5.019821386842352
source_total,fold_2,Part 47,2021-10-14,2021-10-17,0.0,6.0,15.666666666666666,14.714285714285714,0.0,15.666666666666666,0.0,7.044814,8.704364909845669,5.912814302633061,7.252141,11.070240556079817
source_total,fold_2,Part 48,2021-10-14,2021-10-17,0.0,1.0,2.6666666666666665,8.0,0.0,2.6666666666666665,0.0,6.3988967,0.7415897335761784,4.233835097018643,1.827168,1.6709177121555407
source_total,fold_2,Part 49,2021-10-14,2021-10-17,0.0,21.0,24.0,11.428571428571429,0.0,24.0,0.0,14.379968,15.991977158691812,9.486389758611748,6.573935,14.017154497422936
source_total,fold_2,Part 5,2021-10-14,2021-10-17,70.0,146.0,128.33333333333334,113.85714285714286,0.0,128.33333333333334,0.0,107.46091,56.043255724721604,97.56012642889937,108.12271,43.821661500370205
source_total,fold_2,Part 50,2021-10-14,2021-10-17,0.0,95.0,92.0,66.85714285714286,0.0,92.0,0.0,74.13864,31.13501668811841,66.57582774478024,66.278206,31.953253681451145
source_total,fold_2,Part 51,2021-10-14,2021-10-17,0.0,92.0,104.66666666666667,93.42857142857143,0.0,104.66666666666667,0.0,85.176,38.77110514775557,80.9778012338121,76.59185,33.72865052381344
source_total,fold_2,Part 52,2021-10-14,2021-10-17,0.0,9.0,13.333333333333334,10.857142857142858,0.0,13.333333333333334,0.0,10.223784,10.978986802797204,5.504181719207857,0.7780784,10.394132772306142
source_total,fold_2,Part 53,2021-10-14,2021-10-17,0.0,83.0,103.66666666666667,83.28571428571429,0.0,103.66666666666667,0.0,82.317986,39.32600521919637,80.76215156022315,76.7824,40.24723454412979
source_total,fold_2,Part 54,2021-10-14,2021-10-17,0.0,70.0,81.66666666666667,103.0,0.0,81.66666666666667,0.0,64.14899,30.037277335382036,81.51402407887718,70.749176,40.10508555843256
source_total,fold_2,Part 55,2021-10-14,2021-10-17,0.0,1.0,10.666666666666666,9.142857142857142,0.0,10.666666666666666,0.0,7.5084753,5.305494505723556,3.9755878374967253,12.54919,2.8334214724390727
source_total,fold_2,Part 56,2021-10-14,2021-10-17,0.0,218.0,195.66666666666666,130.71428571428572,0.0,195.66666666666666,0.0,145.65039,68.3714769220292,168.98525654314437,136.36736,53.19407623836918
source_total,fold_2,Part 57,2021-10-14,2021-10-17,0.0,11.0,31.333333333333332,32.857142857142854,0.0,31.333333333333332,0.0,20.55457,14.911891993826417,20.869260232865617,25.150955,12.748612998402393
source_total,fold_2,Part 58,2021-10-14,2021-10-17,0.0,69.0,66.33333333333333,38.142857142857146,0.0,66.33333333333333,0.0,47.82967,22.60471446452231,43.15035215897636,41.429375,30.741273059158033
source_total,fold_2,Part 59,2021-10-14,2021-10-17,0.0,24.0,20.333333333333332,11.0,0.0,20.333333333333332,0.0,12.095759,14.4239400836262,9.63163829697365,1.4606743,11.037399042907142
source_total,fold_2,Part 6,2021-10-14,2021-10-17,116.0,107.0,99.66666666666667,108.42857142857143,0.0,99.66666666666667,0.0,96.007,46.989898441337886,86.56493410546484,92.783966,47.76641628146835
source_total,fold_2,Part 60,2021-10-14,2021-10-17,0.0,784.0,847.0,726.4285714285714,0.0,847.0,0.0,797.93195,668.5970604293167,676.7282177547012,588.11316,584.856404397067
source_total,fold_2,Part 61,2021-10-14,2021-10-17,0.0,79.0,73.66666666666667,47.57142857142857,0.0,73.66666666666667,0.0,51.049667,22.55644564650889,46.34368775284993,42.59476,29.184697222134794
source_total,fold_2,Part 62,2021-10-14,2021-10-17,0.0,145.0,151.0,116.14285714285714,0.0,151.0,0.0,113.54698,57.021265377648,112.1045330002357,108.080765,58.671544465577014
source_total,fold_2,Part 63,2021-10-14,2021-10-17,0.0,219.0,243.66666666666666,188.42857142857142,0.0,243.66666666666666,0.0,154.14018,106.01733078752434,192.76712112399647,169.96744,80.23058985855266
source_total,fold_2,Part 64,2021-10-14,2021-10-17,0.0,47.0,57.666666666666664,47.57142857142857,0.0,57.666666666666664,0.0,42.31102,20.798087406191183,36.02139021228689,43.71879,26.73023361428728
source_total,fold_2,Part 65,2021-10-14,2021-10-17,0.0,393.0,406.0,324.85714285714283,0.0,406.0,0.0,279.49805,293.0551503828713,360.0017098009574,293.60483,187.9681996063476
source_total,fold_2,Part 66,2021-10-14,2021-10-17,0.0,784.0,847.0,726.4285714285714,0.0,847.0,0.0,797.93195,668.5970604293167,676.7282177547012,592.35236,584.856404397067
source_total,fold_2,Part 67,2021-10-14,2021-10-17,0.0,79.0,73.66666666666667,47.57142857142857,0.0,73.66666666666667,0.0,51.049667,22.55644564650889,46.34368775284993,46.028694,29.184697222134794
source_total,fold_2,Part 68,2021-10-14,2021-10-17,0.0,145.0,151.0,116.14285714285714,0.0,151.0,0.0,113.54698,57.021265377648,112.1045330002357,83.45882,58.671544465577014
source_total,fold_2,Part 69,2021-10-14,2021-10-17,0.0,219.0,243.66666666666666,188.42857142857142,0.0,243.66666666666666,0.0,154.14018,106.01733078752434,192.76712112399647,160.0054,80.23058985855266
source_total,fold_2,Part 7,2021-10-14,2021-10-17,5.0,5.0,5.0,5.0,0.0,5.0,0.0,4.0253773,4.770598044575277,3.631923744179211,4.4374013,6.566200459346074
source_total,fold_2,Part 70,2021-10-14,2021-10-17,0.0,47.0,57.666666666666664,47.57142857142857,0.0,57.666666666666664,0.0,42.31102,20.798087406191183,36.02139021228689,40.441917,26.73023361428728
source_total,fold_2,Part 71,2021-10-14,2021-10-17,0.0,393.0,406.0,324.85714285714283,0.0,406.0,0.0,279.49805,293.0551503828713,360.0017098009574,291.03598,187.9681996063476
source_total,fold_2,Part 72,2021-10-14,2021-10-17,0.0,39.0,30.333333333333332,27.857142857142858,0.0,30.333333333333332,0.0,24.688732,18.813181124501263,27.46077124737346,27.141901,28.23962754325859
source_total,fold_2,Part 73,2021-10-14,2021-10-17,0.0,118.0,119.0,87.0,0.0,119.0,0.0,105.575615,47.341520620683156,90.49785898615738,76.9905,35.27939723306636
source_total,fold_2,Part 74,2021-10-14,2021-10-17,0.0,171.0,114.33333333333333,125.57142857142857,0.0,114.33333333333333,0.0,85.31883,33.776894454313805,104.1702859644901,128.47629,41.4044734735188
source_total,fold_2,Part 75,2021-10-14,2021-10-17,0.0,95.0,87.33333333333333,167.14285714285714,0.0,87.33333333333333,0.0,57.19054,27.124935869865727,103.98850963063151,108.374855,51.6632901660877
source_total,fold_2,Part 76,2021-10-14,2021-10-17,0.0,19.0,14.333333333333334,13.0,0.0,14.333333333333334,0.0,11.018658,12.529403317732163,12.706557721228023,7.662556,15.81822202685296
source_total,fold_2,Part 77,2021-10-14,2021-10-17,0.0,113.0,114.33333333333333,85.0,0.0,114.33333333333333,0.0,104.436516,48.109260237448225,90.36932858327046,75.148,35.27939723306636
source_total,fold_2,Part 78,2021-10-14,2021-10-17,0.0,117.0,118.0,86.57142857142857,0.0,118.0,0.0,105.575615,47.341520620683156,90.49785898615738,65.05485,35.27939723306636
source_total,fold_2,Part 79,2021-10-14,2021-10-17,0.0,4.0,3.6666666666666665,1.5714285714285714,0.0,3.6666666666666665,0.0,4.3850427,3.679812478848936,2.009778086529465,0.0,5.067588081555412
source_total,fold_2,Part 8,2021-10-14,2021-10-17,5.0,5.0,5.0,5.0,0.0,5.0,0.0,4.0253773,4.770598044575277,3.631923744179211,4.3089767,6.566200459346074
source_total,fold_2,Part 80,2021-10-14,2021-10-17,0.0,187.0,149.33333333333334,189.71428571428572,0.0,149.33333333333334,0.0,125.60085,63.20256043534319,154.21147486791435,153.63509,84.11638510528299
source_total,fold_2,Part 81,2021-10-14,2021-10-17,0.0,283.0,248.66666666666666,290.0,0.0,248.66666666666666,0.0,198.48946,143.99681012415803,250.39370055744527,229.29285,134.9988517461785
source_total,fold_2,Part 82,2021-10-14,2021-10-17,0.0,96.0,99.33333333333333,100.28571428571429,0.0,99.33333333333333,0.0,88.60525,45.38244215873907,81.95469804426412,65.63857,43.00480900021873
source_total,fold_2,Part 83,2021-10-14,2021-10-17,0.0,14.0,10.0,11.142857142857142,0.0,10.0,0.0,6.136849,9.407866099501062,7.10342634262315,18.181856,11.513303028604858
source_total,fold_2,Part 84,2021-10-14,2021-10-17,0.0,14.0,10.0,11.142857142857142,0.0,10.0,0.0,6.136849,9.407866099501062,7.10342634262315,12.793155,11.513303028604858
source_total,fold_2,Part 85,2021-10-14,2021-10-17,12.0,12.0,8.333333333333334,7.571428571428571,0.0,8.333333333333334,0.0,5.685766,7.142348472852679,6.315942727557788,2.3829732,12.236393177583674
source_total,fold_2,Part 86,2021-10-14,2021-10-17,6.0,1.0,1.3333333333333333,1.7142857142857142,0.0,1.3333333333333333,0.0,3.0625958,0.9778056110881093,1.3462116582700716,0.0,0.9479471496151346
source_total,fold_2,Part 87,2021-10-14,2021-10-17,5.0,10.0,15.0,16.714285714285715,0.0,15.0,0.0,9.1278305,11.82104499289215,8.068752374481411,10.513569,12.562971399711856
source_total,fold_2,Part 88,2021-10-14,2021-10-17,0.0,15.0,37.0,56.42857142857143,0.0,37.0,0.0,23.8008,26.758772142213306,37.72885013308157,32.453205,16.670290460682327
source_total,fold_2,Part 89,2021-10-14,2021-10-17,0.0,0.0,0.6666666666666666,14.0,0.0,0.6666666666666666,0.0,2.180524,0.04107343071855823,6.769279529794444,10.064134,4.5580658604626265
source_total,fold_2,Part 9,2021-10-14,2021-10-17,5.0,5.0,5.0,5.0,0.0,5.0,0.0,4.0253773,4.770598044575277,3.631923744179211,7.9964876,6.566200459346074
source_total,fold_2,Part 90,2021-10-14,2021-10-17,5.0,10.0,15.0,16.714285714285715,0.0,15.0,0.0,9.1278305,11.774481797901979,8.068752374481411,9.793301,12.562971399711856
source_total,fold_2,Part 91,2021-10-14,2021-10-17,46.0,46.0,49.333333333333336,52.0,0.0,49.333333333333336,0.0,39.27175,20.03632880573814,39.1847036003947,30.362635,30.541473804042127
source_total,fold_2,Part 92,2021-10-14,2021-10-17,730.0,744.0,710.6666666666666,688.5714285714286,0.0,710.6666666666666,0.0,707.95544,630.8129681736716,666.5869059379344,550.5443,487.3697821567527
source_total,fold_2,Part 94,2021-10-14,2021-10-17,35.0,35.0,35.0,39.0,45.0,35.0,45.0,48.926918,44.20838984278541,45.458468719745795,39.874733,47.2893903081031
source_total,fold_2,Part 95,2021-10-14,2021-10-17,365.0,352.0,310.3333333333333,267.85714285714283,395.0,310.3333333333333,395.0,340.73956,346.2031716435658,346.41981357083097,328.84875,349.6376793330899
source_total,fold_2,Part 97,2021-10-14,2021-10-17,162.0,99.0,91.66666666666667,95.85714285714286,0.0,91.66666666666667,0.0,66.98575,27.99137884756693,70.76692017375855,64.21945,36.418903948701455
source_total,fold_2,Part 98,2021-10-14,2021-10-17,21.0,13.0,24.0,24.571428571428573,0.0,24.0,0.0,12.964739,11.762783243636006,12.942728438344378,13.524127,10.899315041142867
source_total,fold_2,Part 99,2021-10-14,2021-10-17,13.0,0.0,0.0,0.0,0.0,0.0,0.0,1.0226043,5.546042807773026,0.2652056550840918,0.0,0.7853146948064201
source_total,fold_3,Part 10,2021-10-15,2021-10-18,169.0,114.0,113.33333333333333,100.57142857142857,156.0,113.33333333333333,156.0,165.3401,152.16297589509682,139.49513989410974,104.772736,133.20711325222692
source_total,fold_3,Part 100,2021-10-15,2021-10-18,5.0,0.0,0.0,0.42857142857142855,5.0,0.0,5.0,3.6138706,4.987313757110423,2.415621896055626,0.0,5.072096202597495
source_total,fold_3,Part 102,2021-10-15,2021-10-18,47.0,12.0,21.333333333333332,18.142857142857142,33.0,21.333333333333332,33.0,24.539528,43.66528841527448,18.98272799106741,9.392634,29.161259473345456
source_total,fold_3,Part 103,2021-10-15,2021-10-18,81.0,43.0,83.0,119.57142857142857,59.0,83.0,59.0,89.67146,94.90145082783738,97.24403802170707,73.51845,94.59387123555608
source_total,fold_3,Part 104,2021-10-15,2021-10-18,109.0,242.0,185.33333333333334,161.42857142857142,107.0,185.33333333333334,107.0,180.3427,177.8419357659923,203.70702378609346,196.6565,181.09842148340607
source_total,fold_3,Part 105,2021-10-15,2021-10-18,9.0,16.0,9.333333333333334,5.142857142857143,10.0,9.333333333333334,10.0,7.104816,11.693407959878007,9.782107540238162,6.0295234,9.246346093141627
source_total,fold_3,Part 106,2021-10-15,2021-10-18,538.0,579.0,575.3333333333334,596.1428571428571,495.0,575.3333333333334,495.0,550.05566,589.6671858961186,638.2794603298345,515.09247,595.2935726114439
source_total,fold_3,Part 107,2021-10-15,2021-10-18,159.0,133.0,172.0,136.14285714285714,150.0,172.0,150.0,165.65285,156.44517285843366,173.43526314077303,125.21988,165.02098640212998
source_total,fold_3,Part 108,2021-10-15,2021-10-18,0.0,0.0,0.0,2.2857142857142856,0.0,0.0,0.0,3.6138706,1.588834347234475,2.4630641442038836,2.6945508,1.620691142179136
source_total,fold_3,Part 11,2021-10-15,2021-10-18,4.0,0.0,0.0,0.42857142857142855,4.0,0.0,4.0,2.9290366,2.5884685308377335,1.506685319933645,7.482617,2.4034438321766864
source_total,fold_3,Part 113,2021-10-15,2021-10-18,1.0,5.0,4.0,1.7142857142857142,0.0,4.0,0.0,4.1275105,4.292683359341115,3.034365723873705,0.0,2.671207296980201
source_total,fold_3,Part 114,2021-10-15,2021-10-18,0.0,0.0,0.0,0.0,0.0,0.0,0.0,3.6138706,0.3298801014296319,0.0,0.0,0.14061571082224308
source_total,fold_3,Part 116,2021-10-15,2021-10-18,0.0,0.0,0.0,0.0,0.0,0.0,0.0,3.6138706,0.333080101429632,0.11188002195667934,17.090267,0.14061571082224308
source_total,fold_3,Part 12,2021-10-15,2021-10-18,1.0,8.0,21.0,13.571428571428571,0.0,21.0,0.0,14.122811,10.98937859525397,8.166414061334095,4.951019,11.486755844950247
source_total,fold_3,Part 13,2021-10-15,2021-10-18,0.0,0.0,0.0,3.4285714285714284,0.0,0.0,0.0,2.9290366,0.3455511887381152,2.648915075814404,0.83444095,2.9475770586351175
source_total,fold_3,Part 14,2021-10-15,2021-10-18,122.0,128.0,123.33333333333333,106.14285714285714,96.0,123.33333333333333,96.0,131.63107,135.81436196856316,130.33528732097992,107.68611,125.39025948791227
source_total,fold_3,Part 15,2021-10-15,2021-10-18,12.0,13.0,20.0,24.285714285714285,9.0,20.0,9.0,13.594156,14.36901260789252,15.274203367241816,18.188913,15.748723217707115
source_total,fold_3,Part 16,2021-10-15,2021-10-18,46.0,56.0,54.333333333333336,52.857142857142854,52.0,54.333333333333336,52.0,62.275303,57.61493607369607,57.35818445536647,39.839657,58.89707396387761
source_total,fold_3,Part 17,2021-10-15,2021-10-18,92.0,91.0,81.33333333333333,69.28571428571429,66.0,81.33333333333333,66.0,78.58278,76.67822716324154,102.52668968937303,69.920204,84.01710405338196
source_total,fold_3,Part 18,2021-10-15,2021-10-18,150.0,102.0,113.0,131.28571428571428,131.0,113.0,131.0,160.00145,142.98126233947622,143.5308820152458,125.929504,144.2038955055602
source_total,fold_3,Part 19,2021-10-15,2021-10-18,25.0,38.0,34.666666666666664,37.0,21.0,34.666666666666664,21.0,35.06859,32.646367608652554,30.238509331779397,33.83355,32.67896724474284
source_total,fold_3,Part 2,2021-10-15,2021-10-18,588.0,632.0,569.6666666666666,561.8571428571429,514.0,569.6666666666666,514.0,549.591,634.4659146356751,618.1787873051956,525.77484,651.2362620216312
source_total,fold_3,Part 20,2021-10-15,2021-10-18,48.0,33.0,28.666666666666668,32.42857142857143,54.0,28.666666666666668,54.0,49.650078,47.018419902854944,37.908963652602274,28.670895,56.25510303007684
source_total,fold_3,Part 22,2021-10-15,2021-10-18,44.0,8.0,25.666666666666668,45.42857142857143,51.0,25.666666666666668,51.0,38.29383,43.735305591401776,36.85172315082387,38.789364,54.07226943315016
source_total,fold_3,Part 23,2021-10-15,2021-10-18,0.0,1.0,7.333333333333333,5.714285714285714,0.0,7.333333333333333,0.0,8.516175,4.399895547765517,3.2543278124892687,10.377989,5.429261168837744
source_total,fold_3,Part 24,2021-10-15,2021-10-18,125.0,182.0,172.0,175.14285714285714,112.0,172.0,112.0,160.65906,157.68726556758892,169.8650221536303,160.81987,155.7242454201619
source_total,fold_3,Part 25,2021-10-15,2021-10-18,48.0,32.0,28.0,37.57142857142857,18.0,28.0,18.0,29.911396,28.490671188489785,30.3511833854035,15.036008,32.41012398677085
source_total,fold_3,Part 27,2021-10-15,2021-10-18,168.0,209.0,182.66666666666666,179.42857142857142,149.0,182.66666666666666,149.0,182.96361,181.93553644016666,202.56000850062787,162.02954,169.93226261229927
source_total,fold_3,Part 28,2021-10-15,2021-10-18,598.0,608.0,612.6666666666666,586.2857142857143,544.0,612.6666666666666,544.0,549.48474,589.6671858961186,651.822062549805,504.3948,604.5730922672128
source_total,fold_3,Part 29,2021-10-15,2021-10-18,424.0,436.0,431.3333333333333,461.14285714285717,400.0,431.3333333333333,400.0,366.86978,404.8401263411171,427.525673322141,428.893,415.2359417398066
source_total,fold_3,Part 3,2021-10-15,2021-10-18,0.0,2.0,12.0,86.42857142857143,0.0,12.0,0.0,12.242594,5.395024611586357,31.627291036029405,84.45237,41.09863873843674
source_total,fold_3,Part 30,2021-10-15,2021-10-18,270.0,261.0,290.6666666666667,280.42857142857144,234.0,290.6666666666667,234.0,260.6819,284.66312810945607,312.0371743293928,262.39212,290.4669144922829
source_total,fold_3,Part 31,2021-10-15,2021-10-18,43.0,56.0,32.333333333333336,16.428571428571427,41.0,32.333333333333336,41.0,56.331177,59.62231517523522,35.76458832293741,16.976585,35.434418765158895
source_total,fold_3,Part 32,2021-10-15,2021-10-18,1.0,1.0,14.333333333333334,6.142857142857143,0.0,14.333333333333334,0.0,12.027039,7.013079672766696,5.359965726752659,11.253035,5.67686923361425
source_total,fold_3,Part 33,2021-10-15,2021-10-18,187.0,93.0,83.33333333333333,84.71428571428571,176.0,83.33333333333333,176.0,138.00058,126.97688110668061,115.93896809004688,83.99257,139.3784541161028
source_total,fold_3,Part 34,2021-10-15,2021-10-18,37.0,16.0,54.666666666666664,62.0,28.0,54.666666666666664,28.0,49.989338,76.5556216246019,49.5118819910147,45.89052,36.48847512526458
source_total,fold_3,Part 35,2021-10-15,2021-10-18,5.0,9.0,4.666666666666667,3.4285714285714284,2.0,4.666666666666667,2.0,7.6393614,6.006292372350923,5.628289961322306,5.4525867,6.528226918643874
source_total,fold_3,Part 36,2021-10-15,2021-10-18,17.0,1.0,1.0,1.5714285714285714,17.0,1.0,17.0,6.1972857,12.040906242814376,5.8148053464896226,12.241911,8.71162380639137
source_total,fold_3,Part 37,2021-10-15,2021-10-18,88.0,157.0,163.66666666666666,151.42857142857142,60.0,163.66666666666666,60.0,122.99814,123.57004564841729,162.2023443045594,123.80627,147.09550400671006
source_total,fold_3,Part 38,2021-10-15,2021-10-18,79.0,114.0,105.66666666666667,105.42857142857143,65.0,105.66666666666667,65.0,119.142746,128.41004501156277,122.50352723003863,94.37785,115.82498362393143
source_total,fold_3,Part 39,2021-10-15,2021-10-18,48.0,42.0,40.666666666666664,29.0,39.0,40.666666666666664,39.0,47.383514,44.83373324748771,40.509529793822466,30.453716,45.07215903449411
source_total,fold_3,Part 4,2021-10-15,2021-10-18,285.0,308.0,268.3333333333333,206.57142857142858,255.0,268.3333333333333,255.0,289.48853,235.59622460980978,237.8395773765911,273.20264,233.98073862514173
source_total,fold_3,Part 40,2021-10-15,2021-10-18,15.0,3.0,1.3333333333333333,0.5714285714285714,15.0,1.3333333333333333,15.0,6.518255,10.159316900056375,4.591073701543976,5.2941732,8.337385604023781
source_total,fold_3,Part 41,2021-10-15,2021-10-18,63.0,61.0,55.666666666666664,41.142857142857146,45.0,55.666666666666664,45.0,66.5602,64.72650990580543,68.50327747716696,40.648514,62.80686850418306
source_total,fold_3,Part 42,2021-10-15,2021-10-18,11.0,17.0,14.0,9.285714285714286,8.0,14.0,8.0,14.690742,14.320301312574726,11.523421582568384,7.8773265,13.73886673092001
source_total,fold_3,Part 43,2021-10-15,2021-10-18,0.0,0.0,0.0,0.5714285714285714,0.0,0.0,0.0,3.6138706,0.3298801014296319,0.5316853423598964,12.927824,0.8020042706972197
source_total,fold_3,Part 44,2021-10-15,2021-10-18,0.0,0.0,0.0,0.0,0.0,0.0,0.0,3.6138706,0.3298801014296319,0.0,6.752462,0.14061571082224308
source_total,fold_3,Part 46,2021-10-15,2021-10-18,1.0,1.0,3.3333333333333335,2.2857142857142856,0.0,3.3333333333333335,0.0,5.0513268,1.4533866615551576,2.777637403865075,3.0119584,1.1142719940183052
source_total,fold_3,Part 47,2021-10-15,2021-10-18,31.0,15.0,12.0,14.857142857142858,29.0,12.0,29.0,20.096615,37.174902148941484,16.431779409188167,7.2791405,28.59508013961494
source_total,fold_3,Part 48,2021-10-15,2021-10-18,0.0,1.0,0.6666666666666666,6.428571428571429,0.0,0.6666666666666666,0.0,3.6138706,0.9526045751930166,3.797368747147882,5.086573,5.063275564770899
source_total,fold_3,Part 49,2021-10-15,2021-10-18,29.0,21.0,23.0,14.142857142857142,26.0,23.0,26.0,22.465345,32.38749318734404,16.64199195428029,11.364094,25.960239420731998
source_total,fold_3,Part 5,2021-10-15,2021-10-18,109.0,66.0,118.0,108.57142857142857,90.0,118.0,90.0,105.53482,102.56415873477332,117.00686981454973,100.55679,111.15951528195717
source_total,fold_3,Part 50,2021-10-15,2021-10-18,39.0,61.0,79.0,68.71428571428571,36.0,79.0,36.0,71.62717,74.8250620076145,83.25408679914835,59.868156,74.65590609687058
source_total,fold_3,Part 51,2021-10-15,2021-10-18,100.0,95.0,96.33333333333333,94.85714285714286,90.0,96.33333333333333,90.0,107.03131,99.0074574154128,117.16963570176506,73.48302,119.61555839760689
source_total,fold_3,Part 52,2021-10-15,2021-10-18,15.0,21.0,13.0,12.571428571428571,3.0,13.0,3.0,12.153813,13.3235246641827,12.545498489456332,23.989643,13.39197786913041
source_total,fold_3,Part 53,2021-10-15,2021-10-18,114.0,109.0,98.33333333333333,89.14285714285714,103.0,98.33333333333333,103.0,114.87985,109.25895611277575,106.96672991243985,67.306885,113.24367553115545
source_total,fold_3,Part 54,2021-10-15,2021-10-18,165.0,118.0,80.0,102.85714285714286,155.0,80.0,155.0,139.9397,145.6704399572028,137.30157914990752,102.88363,143.38438730492237
source_total,fold_3,Part 55,2021-10-15,2021-10-18,1.0,1.0,5.333333333333333,8.142857142857142,0.0,5.333333333333333,0.0,8.034884,3.8959949204291155,4.163343521375037,5.6806316,6.251952923205378
source_total,fold_3,Part 56,2021-10-15,2021-10-18,183.0,231.0,221.33333333333334,152.0,141.0,221.33333333333334,141.0,194.00526,199.56050080730094,227.83810153505337,189.81366,186.9811865331094
source_total,fold_3,Part 57,2021-10-15,2021-10-18,19.0,4.0,14.0,28.571428571428573,15.0,14.0,15.0,12.558409,14.521827691312831,16.610545493259053,9.183956,16.630195813920206
source_total,fold_3,Part 58,2021-10-15,2021-10-18,22.0,28.0,53.333333333333336,39.714285714285715,19.0,53.333333333333336,19.0,45.188217,40.08491808202042,30.830422394443218,40.552998,32.52727438046386
source_total,fold_3,Part 59,2021-10-15,2021-10-18,25.0,29.0,25.0,14.571428571428571,21.0,25.0,21.0,25.835894,31.860642158045543,21.9389624925842,11.423298,23.207937884115033
source_total,fold_3,Part 6,2021-10-15,2021-10-18,104.0,122.0,108.33333333333333,109.42857142857143,86.0,108.33333333333333,86.0,114.94131,113.26362149370306,130.86748073617036,93.08659,128.45777621828336
source_total,fold_3,Part 60,2021-10-15,2021-10-18,798.0,759.0,790.3333333333334,744.0,675.0,790.3333333333334,675.0,802.7734,711.1698575815324,758.6473584563873,624.06683,856.4244420397886
source_total,fold_3,Part 61,2021-10-15,2021-10-18,81.0,88.0,79.33333333333333,56.142857142857146,58.0,79.33333333333333,58.0,88.98921,87.89530717231509,84.5463868781894,61.467728,79.53171856080621
source_total,fold_3,Part 62,2021-10-15,2021-10-18,146.0,136.0,141.0,122.71428571428571,126.0,141.0,126.0,157.74799,154.09314980538667,156.7490111404692,107.73162,150.67277046551533
source_total,fold_3,Part 63,2021-10-15,2021-10-18,215.0,213.0,220.33333333333334,197.85714285714286,194.0,220.33333333333334,194.0,214.90073,213.01626047482299,233.22956342260392,216.0894,181.16573639531353
source_total,fold_3,Part 64,2021-10-15,2021-10-18,51.0,48.0,49.333333333333336,48.714285714285715,48.0,49.333333333333336,48.0,63.055668,61.42813983787782,58.37284472737627,35.92329,55.82534156509844
source_total,fold_3,Part 65,2021-10-15,2021-10-18,415.0,411.0,399.0,345.85714285714283,351.0,399.0,351.0,409.0462,423.2897736711618,417.35361828402944,353.94083,428.8171038236292
source_total,fold_3,Part 66,2021-10-15,2021-10-18,798.0,759.0,790.3333333333334,744.0,675.0,790.3333333333334,675.0,802.7734,711.1698575815324,758.6473584563873,649.31116,856.4244420397886
source_total,fold_3,Part 67,2021-10-15,2021-10-18,81.0,88.0,79.33333333333333,56.142857142857146,58.0,79.33333333333333,58.0,88.98921,87.89530717231509,84.5463868781894,53.397144,79.53171856080621
source_total,fold_3,Part 68,2021-10-15,2021-10-18,146.0,136.0,141.0,122.71428571428571,126.0,141.0,126.0,157.74799,154.09314980538667,156.7490111404692,104.877846,150.67277046551533
source_total,fold_3,Part 69,2021-10-15,2021-10-18,215.0,213.0,220.33333333333334,197.85714285714286,194.0,220.33333333333334,194.0,214.90073,213.01626047482299,233.22956342260392,200.39815,181.16573639531353
source_total,fold_3,Part 7,2021-10-15,2021-10-18,5.0,5.0,5.0,5.0,1.0,5.0,1.0,4.53841,4.762024142265415,4.523764495486077,0.0,4.455081068471526
source_total,fold_3,Part 70,2021-10-15,2021-10-18,51.0,48.0,49.333333333333336,48.714285714285715,48.0,49.333333333333336,48.0,63.055668,61.42813983787782,58.37284472737627,51.321476,55.82534156509844
source_total,fold_3,Part 71,2021-10-15,2021-10-18,415.0,411.0,399.0,345.85714285714283,351.0,399.0,351.0,409.0462,423.2897736711618,417.35361828402944,383.09506,428.8171038236292
source_total,fold_3,Part 72,2021-10-15,2021-10-18,36.0,32.0,36.0,28.714285714285715,32.0,36.0,32.0,39.67664,37.6890070291834,32.23992737672458,26.348255,36.50565521708586
source_total,fold_3,Part 73,2021-10-15,2021-10-18,90.0,107.0,116.0,93.28571428571429,75.0,116.0,75.0,117.39022,107.84006887411918,116.75909472049375,78.213875,97.61634156885093
source_total,fold_3,Part 74,2021-10-15,2021-10-18,208.0,171.0,143.33333333333334,130.85714285714286,168.0,143.33333333333334,168.0,150.30095,140.36899178214543,165.51492166809905,142.99356,148.43208614646363
source_total,fold_3,Part 75,2021-10-15,2021-10-18,187.0,99.0,93.0,148.85714285714286,181.0,93.0,181.0,173.51047,136.14199515916525,152.64383315506197,152.33914,173.82445500700433
source_total,fold_3,Part 76,2021-10-15,2021-10-18,1.0,13.0,16.666666666666668,13.142857142857142,0.0,16.666666666666668,0.0,12.765243,14.53187408274932,13.083165485220105,8.960975,9.693581032866579
source_total,fold_3,Part 77,2021-10-15,2021-10-18,86.0,103.0,111.33333333333333,90.71428571428571,75.0,111.33333333333333,75.0,105.86005,99.84036861238495,104.41280878544094,67.09029,92.84622380863607
source_total,fold_3,Part 78,2021-10-15,2021-10-18,90.0,107.0,115.33333333333333,92.85714285714286,75.0,115.33333333333333,75.0,117.39022,107.84006887411918,114.08494734603099,83.28824,97.61634156885093
source_total,fold_3,Part 79,2021-10-15,2021-10-18,4.0,4.0,4.0,2.142857142857143,0.0,4.0,0.0,5.3722963,5.217718694017006,4.593895548923445,0.0,4.2008976903722335
source_total,fold_3,Part 8,2021-10-15,2021-10-18,5.0,5.0,5.0,5.0,1.0,5.0,1.0,4.53841,4.762024142265415,4.523764495486077,8.01483,4.455081068471526
source_total,fold_3,Part 80,2021-10-15,2021-10-18,165.0,171.0,169.66666666666666,182.71428571428572,169.0,169.66666666666666,169.0,178.69664,162.71139176783313,183.36801795401374,187.78835,169.833227920809
source_total,fold_3,Part 81,2021-10-15,2021-10-18,261.0,267.0,266.6666666666667,282.2857142857143,262.0,266.6666666666667,262.0,302.8827,267.9773771739041,271.55471005432946,281.78433,293.745851492028
source_total,fold_3,Part 82,2021-10-15,2021-10-18,96.0,96.0,97.0,99.57142857142857,93.0,97.0,93.0,103.607925,96.9321933802817,117.10249697136697,87.940926,111.22978436011938
source_total,fold_3,Part 83,2021-10-15,2021-10-18,18.0,14.0,12.333333333333334,11.428571428571429,22.0,12.333333333333334,22.0,11.943341,18.366680830113896,11.94433133684668,15.742257,21.189145011914835
source_total,fold_3,Part 84,2021-10-15,2021-10-18,18.0,14.0,12.333333333333334,11.428571428571429,22.0,12.333333333333334,22.0,11.943341,18.366680830113896,11.94433133684668,6.212843,21.189145011914835
source_total,fold_3,Part 85,2021-10-15,2021-10-18,11.0,12.0,11.666666666666666,8.285714285714286,6.0,11.666666666666666,6.0,9.288569,10.845060904617478,10.091385660764576,1.5094994,9.5749965197352
source_total,fold_3,Part 86,2021-10-15,2021-10-18,3.0,3.0,2.0,1.8571428571428572,0.0,2.0,0.0,4.7810826,1.9447367324718658,2.353796683632666,0.48133188,1.8393683550076185
source_total,fold_3,Part 87,2021-10-15,2021-10-18,9.0,7.0,10.333333333333334,15.142857142857142,12.0,10.333333333333334,12.0,10.838313,13.038292545496487,10.060233489148741,17.28971,13.931391082507343
source_total,fold_3,Part 88,2021-10-15,2021-10-18,0.0,0.0,29.0,46.285714285714285,0.0,29.0,0.0,24.477377,10.698919747166592,23.401990108166153,28.615845,18.149648943408163
source_total,fold_3,Part 89,2021-10-15,2021-10-18,0.0,0.0,0.6666666666666666,10.571428571428571,0.0,0.6666666666666666,0.0,4.460113,0.37962312085863875,4.610578351473574,8.514126,5.67074496451729
source_total,fold_3,Part 9,2021-10-15,2021-10-18,5.0,5.0,5.0,5.0,1.0,5.0,1.0,4.53841,4.762024142265415,4.523764495486077,10.600593,4.455081068471526
source_total,fold_3,Part 90,2021-10-15,2021-10-18,9.0,7.0,10.333333333333334,15.142857142857142,12.0,10.333333333333334,12.0,10.838313,13.038292545496487,10.060233489148741,15.445233,13.931391082507343
source_total,fold_3,Part 91,2021-10-15,2021-10-18,46.0,44.0,48.0,50.57142857142857,36.0,48.0,36.0,49.04783,41.73658303493708,45.80017210973973,32.849846,43.24085033887623
source_total,fold_3,Part 92,2021-10-15,2021-10-18,688.0,726.0,731.3333333333334,696.2857142857143,586.0,731.3333333333334,586.0,691.6145,692.8537695798848,726.4138391049459,581.25305,807.2736444726609
source_total,fold_3,Part 94,2021-10-15,2021-10-18,37.0,35.0,32.666666666666664,38.0,35.0,32.666666666666664,35.0,45.47864,40.41757099944644,39.74775001902507,40.316334,44.92913585903905
source_total,fold_3,Part 95,2021-10-15,2021-10-18,344.0,363.0,330.3333333333333,286.0,293.0,330.3333333333333,293.0,320.99496,385.2281215195022,352.9025778070638,323.65668,379.982620575809
source_total,fold_3,Part 97,2021-10-15,2021-10-18,114.0,129.0,106.33333333333333,100.14285714285714,103.0,106.33333333333333,103.0,138.87376,131.02638218820434,138.89223642511874,103.09447,135.62452022550633
source_total,fold_3,Part 98,2021-10-15,2021-10-18,54.0,23.0,16.333333333333332,24.285714285714285,53.0,16.333333333333332,53.0,22.69923,32.82108734221312,23.167065563295477,18.395504,32.94203045134222
source_total,fold_3,Part 99,2021-10-15,2021-10-18,19.0,0.0,0.0,0.0,15.0,0.0,15.0,5.5124516,9.549443173008514,2.8980990830116546,0.0,9.065023982816177
source_total,fold_3,Part 10,2021-10-16,2021-10-19,180.0,161.0,127.66666666666667,113.14285714285714,178.0,127.66666666666667,178.0,175.50612,162.55757210390104,158.3236619727053,138.19432,157.85244432035546
source_total,fold_3,Part 100,2021-10-16,2021-10-19,15.0,0.0,0.0,0.2857142857142857,16.0,0.0,16.0,6.1972857,10.482295744294968,3.9639510550025854,0.0,8.078747185144307
source_total,fold_3,Part 102,2021-10-16,2021-10-19,8.0,103.0,41.333333333333336,32.142857142857146,1.0,41.333333333333336,1.0,54.667667,63.48381722387476,53.52743755244795,40.022343,54.97791808019148
source_total,fold_3,Part 103,2021-10-16,2021-10-19,55.0,127.0,73.33333333333333,118.28571428571429,49.0,73.33333333333333,49.0,89.19159,99.30111611672912,125.00272073936152,115.74658,115.0423711198888
source_total,fold_3,Part 104,2021-10-16,2021-10-19,212.0,67.0,165.33333333333334,148.14285714285714,201.0,165.33333333333334,201.0,188.16792,149.09730842108632,176.34329738119686,159.04796,167.98509744486134
source_total,fold_3,Part 105,2021-10-16,2021-10-19,15.0,5.0,10.666666666666666,5.571428571428571,14.0,10.666666666666666,14.0,12.985846,14.124888852572328,8.85146227376998,2.8162546,14.867370848484915
source_total,fold_3,Part 106,2021-10-16,2021-10-19,563.0,544.0,561.0,585.2857142857143,491.0,561.0,491.0,690.6605,575.5919556435579,626.8996794090857,513.9081,574.6793858206527
source_total,fold_3,Part 107,2021-10-16,2021-10-19,104.0,98.0,146.66666666666666,135.71428571428572,81.0,146.66666666666666,81.0,119.15375,123.92075630730295,161.95834565899304,119.499374,150.53962164197085
source_total,fold_3,Part 108,2021-10-16,2021-10-19,0.0,0.0,0.0,1.7142857142857142,0.0,0.0,0.0,3.6138706,1.5666125140728158,1.4201140212056131,5.891372,1.4561204271970585
source_total,fold_3,Part 11,2021-10-16,2021-10-19,0.0,0.0,0.0,0.2857142857142857,0.0,0.0,0.0,3.6138706,2.3332594511879674,0.9844531825866163,0.0,1.5682693709893165
source_total,fold_3,Part 113,2021-10-16,2021-10-19,0.0,0.0,4.0,1.7142857142857142,0.0,4.0,0.0,6.661546,2.619200055599816,1.4815944021025196,0.0,1.1559974099842867
source_total,fold_3,Part 114,2021-10-16,2021-10-19,0.0,0.0,0.0,0.0,0.0,0.0,0.0,3.6138706,0.3298801014296319,0.025380047933126093,0.0,0.14061571082224308
source_total,fold_3,Part 116,2021-10-16,2021-10-19,0.0,0.0,0.0,0.0,0.0,0.0,0.0,3.6138706,0.34407682065323475,0.21163627483954173,9.354929,0.14061571082224308
source_total,fold_3,Part 12,2021-10-16,2021-10-19,1.0,5.0,9.666666666666666,14.285714285714286,0.0,9.666666666666666,0.0,9.238186,7.721772247489008,8.462462513373191,16.178743,10.811104564967339
source_total,fold_3,Part 13,2021-10-16,2021-10-19,0.0,3.0,1.0,2.7142857142857144,0.0,1.0,0.0,3.934841,1.8425867028507696,3.2218927667798454,0.0,2.721947743311388
source_total,fold_3,Part 14,2021-10-16,2021-10-19,124.0,130.0,122.66666666666667,113.0,110.0,122.66666666666667,110.0,143.77464,151.83382970323197,140.1572749045914,133.1788,152.03950016294684
source_total,fold_3,Part 15,2021-10-16,2021-10-19,7.0,37.0,23.333333333333332,25.714285714285715,0.0,23.333333333333332,0.0,25.94383,28.08060600617345,25.437127210701814,17.619284,29.878937770222855
source_total,fold_3,Part 16,2021-10-16,2021-10-19,53.0,37.0,49.0,50.714285714285715,50.0,49.0,50.0,54.846745,50.841882137218796,50.842423330593704,38.15505,50.714383280418154
source_total,fold_3,Part 17,2021-10-16,2021-10-19,121.0,87.0,89.33333333333333,73.42857142857143,117.0,89.33333333333333,117.0,132.70457,123.09353766478714,125.44177361668778,93.56997,125.47911313766305
source_total,fold_3,Part 18,2021-10-16,2021-10-19,135.0,108.0,105.33333333333333,125.14285714285714,125.0,105.33333333333333,125.0,145.01741,143.6108495104249,152.53585969336265,126.02536,152.01779176648535
source_total,fold_3,Part 19,2021-10-16,2021-10-19,6.0,31.0,34.333333333333336,35.57142857142857,2.0,34.333333333333336,2.0,30.204103,31.12067983187887,29.22477504953317,31.889423,30.010195003433083
source_total,fold_3,Part 2,2021-10-16,2021-10-19,599.0,595.0,597.0,567.5714285714286,548.0,597.0,548.0,731.2242,618.2631093942414,690.3901911766405,517.49146,640.8013769514879
source_total,fold_3,Part 20,2021-10-16,2021-10-19,37.0,30.0,34.333333333333336,30.714285714285715,25.0,34.333333333333336,25.0,33.50778,36.9328955427495,32.98700105661714,24.86105,31.24721562051161
source_total,fold_3,Part 22,2021-10-16,2021-10-19,34.0,19.0,18.333333333333332,38.57142857142857,33.0,18.333333333333332,33.0,26.40629,39.88011257906913,35.19509381173904,46.347366,32.074826951826466
source_total,fold_3,Part 23,2021-10-16,2021-10-19,0.0,0.0,0.6666666666666666,5.714285714285714,0.0,0.6666666666666666,0.0,3.6138706,0.4462268502743306,3.3024279855953047,2.2740889,3.5765360659903354
source_total,fold_3,Part 24,2021-10-16,2021-10-19,106.0,140.0,169.33333333333334,167.57142857142858,94.0,169.33333333333334,94.0,137.1684,135.39655253597292,172.41790875006473,158.92859,156.62868308292462
source_total,fold_3,Part 25,2021-10-16,2021-10-19,41.0,0.0,20.333333333333332,31.142857142857142,18.0,20.333333333333332,18.0,19.015646,20.065193167406754,22.282238080134924,25.185764,23.29480517470014
source_total,fold_3,Part 27,2021-10-16,2021-10-19,172.0,191.0,194.33333333333334,181.0,167.0,194.33333333333334,167.0,183.71156,180.48304935135104,199.6365628012478,179.76677,175.03893687159317
source_total,fold_3,Part 28,2021-10-16,2021-10-19,574.0,618.0,615.3333333333334,596.0,544.0,615.3333333333334,544.0,727.5732,608.4702447056583,689.84514040507,523.2624,629.9731264579184
source_total,fold_3,Part 29,2021-10-16,2021-10-19,412.0,420.0,426.6666666666667,450.57142857142856,400.0,426.6666666666667,400.0,439.33,424.27800627888587,433.90519434539186,440.97256,425.8881805052254
source_total,fold_3,Part 3,2021-10-16,2021-10-19,0.0,0.0,1.3333333333333333,63.714285714285715,0.0,1.3333333333333333,0.0,4.460113,0.4847700570217274,30.454056836406405,81.09066,19.423755725175695
source_total,fold_3,Part 30,2021-10-16,2021-10-19,137.0,0.0,186.0,245.57142857142858,89.0,186.0,89.0,144.40694,180.11653287982682,201.28311811389892,191.37622,202.9923727144417
source_total,fold_3,Part 31,2021-10-16,2021-10-19,47.0,0.0,27.0,16.428571428571427,40.0,27.0,40.0,28.418358,42.93101724785488,28.980768762418627,16.735044,33.71152772742833
source_total,fold_3,Part 32,2021-10-16,2021-10-19,0.0,0.0,8.0,6.142857142857143,0.0,8.0,0.0,9.252983,3.8579715226414253,2.83670747777359,2.9795954,3.84075421935888
source_total,fold_3,Part 33,2021-10-16,2021-10-19,166.0,0.0,56.666666666666664,73.42857142857143,174.0,56.666666666666664,174.0,123.10738,94.02284645484502,108.34711142164592,81.089874,114.53976895218723
source_total,fold_3,Part 34,2021-10-16,2021-10-19,91.0,0.0,23.666666666666668,54.42857142857143,91.0,23.666666666666668,91.0,68.83055,57.85706023728854,62.16663561781937,41.88745,74.71374319520282
source_total,fold_3,Part 35,2021-10-16,2021-10-19,1.0,0.0,3.6666666666666665,3.142857142857143,1.0,3.6666666666666665,1.0,4.861155,3.021816189702991,3.086120184839821,3.172081,2.3273913694158668
source_total,fold_3,Part 36,2021-10-16,2021-10-19,30.0,0.0,0.6666666666666666,1.2857142857142858,28.0,0.6666666666666666,28.0,9.034774,27.108826528424345,14.158171554416363,11.789483,18.30794835863377
source_total,fold_3,Part 37,2021-10-16,2021-10-19,114.0,0.0,114.0,132.85714285714286,122.0,114.0,122.0,136.68217,125.4514053365817,138.62741300676214,101.89395,149.06050658938406
source_total,fold_3,Part 38,2021-10-16,2021-10-19,84.0,0.0,67.0,90.14285714285714,79.0,67.0,79.0,83.8521,74.54734493736922,86.71913555674328,62.45523,82.77561851378603
source_total,fold_3,Part 39,2021-10-16,2021-10-19,46.0,0.0,28.333333333333332,26.857142857142858,43.0,28.333333333333332,43.0,30.786915,47.96058968928932,40.85914915256242,20.022999,46.42841623446441
source_total,fold_3,Part 4,2021-10-16,2021-10-19,258.0,303.0,282.3333333333333,230.71428571428572,255.0,282.3333333333333,255.0,307.25296,317.7855396321487,289.3528976258923,288.00876,328.13295892351215
source_total,fold_3,Part 40,2021-10-16,2021-10-19,19.0,0.0,1.3333333333333333,0.5714285714285714,14.0,1.3333333333333333,14.0,6.535668,11.490519825296063,6.4371907660062195,0.0,10.31224841610368
source_total,fold_3,Part 41,2021-10-16,2021-10-19,45.0,0.0,38.0,38.0,25.0,38.0,25.0,36.20365,40.04343747301817,40.00944212786238,23.871021,26.853814946799716
source_total,fold_3,Part 42,2021-10-16,2021-10-19,19.0,0.0,11.0,8.571428571428571,16.0,11.0,16.0,14.138216,17.2234393941129,11.007347331907344,10.556886,16.423087827221842
source_total,fold_3,Part 43,2021-10-16,2021-10-19,0.0,0.0,0.0,0.42857142857142855,0.0,0.0,0.0,3.6138706,0.3298801014296319,0.4358951915228282,5.906959,0.3634035690996084
source_total,fold_3,Part 44,2021-10-16,2021-10-19,0.0,0.0,0.0,0.0,0.0,0.0,0.0,3.6138706,0.333080101429632,0.18750463995144884,0.0,0.14061571082224308
source_total,fold_3,Part 46,2021-10-16,2021-10-19,0.0,0.0,2.3333333333333335,2.0,0.0,2.3333333333333335,0.0,6.305004,1.4511196687337833,1.4143891931275512,1.2333934,0.4896062077379086
source_total,fold_3,Part 47,2021-10-16,2021-10-19,42.0,0.0,7.0,12.857142857142858,39.0,7.0,39.0,23.180283,33.16267071678026,24.519699257451354,7.103554,27.319253565946013
source_total,fold_3,Part 48,2021-10-16,2021-10-19,0.0,0.0,0.6666666666666666,4.714285714285714,0.0,0.6666666666666666,0.0,3.6138706,0.4462268502743306,2.698813265085686,0.0,1.7815972630560368
source_total,fold_3,Part 49,2021-10-16,2021-10-19,37.0,0.0,14.0,13.857142857142858,39.0,14.0,39.0,26.047863,37.510826278483535,28.0215278099695,4.7401485,30.704435268896567
source_total,fold_3,Part 5,2021-10-16,2021-10-19,81.0,70.0,94.0,103.85714285714286,60.0,94.0,60.0,91.83415,85.6004855453099,100.50656891818377,89.080666,88.88659179540666
source_total,fold_3,Part 50,2021-10-16,2021-10-19,77.0,0.0,52.0,61.857142857142854,76.0,52.0,76.0,81.6178,87.33000860607888,66.94792601714819,42.44521,63.59306211308658
source_total,fold_3,Part 51,2021-10-16,2021-10-19,97.0,0.0,62.333333333333336,82.71428571428571,84.0,62.333333333333336,84.0,80.81609,96.55622252533429,85.20343049390024,54.013424,87.91774705340524
source_total,fold_3,Part 52,2021-10-16,2021-10-19,10.0,0.0,10.0,11.285714285714286,7.0,10.0,7.0,10.255934,11.548563747261655,9.04213183906758,5.971829,11.59796286356805
source_total,fold_3,Part 53,2021-10-16,2021-10-19,71.0,0.0,64.0,79.42857142857143,56.0,64.0,56.0,68.228615,85.61483762695634,85.07430441472368,64.7631,79.95311732332601
source_total,fold_3,Part 54,2021-10-16,2021-10-19,165.0,0.0,62.666666666666664,85.85714285714286,154.0,62.666666666666664,154.0,110.55917,100.05200213122791,122.0728906755062,98.059364,123.8198939375781
source_total,fold_3,Part 55,2021-10-16,2021-10-19,7.0,0.0,0.6666666666666666,7.0,6.0,0.6666666666666666,6.0,3.6138706,4.71567536642923,5.9231827498075305,0.0,5.654146488110128
source_total,fold_3,Part 56,2021-10-16,2021-10-19,166.0,0.0,149.66666666666666,140.28571428571428,121.0,149.66666666666666,121.0,146.27478,149.64640623326332,164.28422132607432,139.38129,159.15025858934032
source_total,fold_3,Part 57,2021-10-16,2021-10-19,6.0,0.0,5.0,23.714285714285715,8.0,5.0,8.0,8.215249,11.421894378508908,13.225993005480824,10.512185,15.018046397083204
source_total,fold_3,Part 58,2021-10-16,2021-10-19,24.0,0.0,32.333333333333336,37.285714285714285,27.0,32.333333333333336,27.0,31.688307,47.47332474854856,36.08874336392638,29.282799,27.852781955269133
source_total,fold_3,Part 59,2021-10-16,2021-10-19,26.0,0.0,17.666666666666668,14.0,29.0,17.666666666666668,29.0,22.756002,36.258477060905385,23.67097481470243,14.839058,28.722689637206795
source_total,fold_3,Part 6,2021-10-16,2021-10-19,97.0,116.0,115.0,109.57142857142857,82.0,115.0,82.0,118.79422,129.52606515455403,135.05650711554455,100.46052,129.3748807410849
source_total,fold_3,Part 60,2021-10-16,2021-10-19,729.0,0.0,514.3333333333334,653.1428571428571,670.0,514.3333333333334,670.0,551.0845,420.4958877627166,575.9225378561758,489.84586,406.30513195347373
source_total,fold_3,Part 61,2021-10-16,2021-10-19,74.0,0.0,55.666666666666664,52.142857142857146,52.0,55.666666666666664,52.0,56.6274,64.98235721038569,60.98520456389998,47.064655,57.168522899279594
source_total,fold_3,Part 62,2021-10-16,2021-10-19,141.0,0.0,93.66666666666667,109.85714285714286,128.0,93.66666666666667,128.0,138.22844,125.08474582323836,126.51891603150032,94.374725,137.47874996032354
source_total,fold_3,Part 63,2021-10-16,2021-10-19,227.0,0.0,144.0,176.85714285714286,210.0,144.0,210.0,189.60437,160.1679496193967,185.67000827739008,165.1991,179.74724072294964
source_total,fold_3,Part 64,2021-10-16,2021-10-19,45.0,0.0,31.666666666666668,43.0,40.0,31.666666666666668,40.0,31.753292,42.692583613408466,48.34151044706233,23.437178,47.12859123266928
source_total,fold_3,Part 65,2021-10-16,2021-10-19,394.0,0.0,268.0,308.14285714285717,345.0,268.0,345.0,283.12698,332.26246670105604,307.9177782020656,283.26212,258.9200831419521
source_total,fold_3,Part 66,2021-10-16,2021-10-19,729.0,0.0,514.3333333333334,653.1428571428571,670.0,514.3333333333334,670.0,551.0845,420.4958877627166,575.9225378561758,501.50128,406.30513195347373
source_total,fold_3,Part 67,2021-10-16,2021-10-19,74.0,0.0,55.666666666666664,52.142857142857146,52.0,55.666666666666664,52.0,56.6274,64.98235721038569,60.98520456389998,36.26289,57.168522899279594
source_total,fold_3,Part 68,2021-10-16,2021-10-19,141.0,0.0,93.66666666666667,109.85714285714286,128.0,93.66666666666667,128.0,138.22844,125.08474582323836,126.51891603150032,91.03463,137.47874996032354
source_total,fold_3,Part 69,2021-10-16,2021-10-19,227.0,0.0,144.0,176.85714285714286,210.0,144.0,210.0,189.60437,160.1679496193967,185.67000827739008,167.39668,179.74724072294964
source_total,fold_3,Part 7,2021-10-16,2021-10-19,5.0,5.0,5.0,5.0,1.0,5.0,1.0,5.3722963,4.855728577911621,5.025589520303406,0.0,5.021394109301216
source_total,fold_3,Part 70,2021-10-16,2021-10-19,45.0,0.0,31.666666666666668,43.0,40.0,31.666666666666668,40.0,31.753292,42.692583613408466,48.34151044706233,39.254295,47.12859123266928
source_total,fold_3,Part 71,2021-10-16,2021-10-19,394.0,0.0,268.0,308.14285714285717,345.0,268.0,345.0,283.12698,332.26246670105604,307.9177782020656,295.6073,258.9200831419521
source_total,fold_3,Part 72,2021-10-16,2021-10-19,38.0,0.0,23.666666666666668,25.0,33.0,23.666666666666668,33.0,25.424646,35.02825155032836,32.92055677902576,8.9992075,29.698020402307687
source_total,fold_3,Part 73,2021-10-16,2021-10-19,86.0,0.0,75.0,84.28571428571429,61.0,75.0,61.0,87.310455,108.25831003396172,84.22176396833513,71.48205,84.67817019361314
source_total,fold_3,Part 74,2021-10-16,2021-10-19,208.0,0.0,114.0,111.71428571428571,170.0,114.0,170.0,152.00298,136.57871532013505,151.9362664823137,109.74097,138.62223785977008
source_total,fold_3,Part 75,2021-10-16,2021-10-19,198.0,0.0,64.66666666666667,116.42857142857143,186.0,64.66666666666667,186.0,150.47359,116.85468130386678,136.86718275909084,136.3792,145.35720374476392
source_total,fold_3,Part 76,2021-10-16,2021-10-19,2.0,0.0,10.666666666666666,11.428571428571429,7.0,10.666666666666666,7.0,9.009318,9.556457698877598,7.394691313605264,5.363419,7.050889022897196
source_total,fold_3,Part 77,2021-10-16,2021-10-19,82.0,0.0,72.0,81.71428571428571,61.0,72.0,61.0,84.42454,98.71754506332078,76.74690506239818,46.21855,77.69818692181329
source_total,fold_3,Part 78,2021-10-16,2021-10-19,86.0,0.0,74.66666666666667,83.85714285714286,61.0,74.66666666666667,61.0,87.310455,108.25831003396172,84.22176396833513,62.138855,83.69388985065025
source_total,fold_3,Part 79,2021-10-16,2021-10-19,4.0,0.0,2.6666666666666665,2.142857142857143,0.0,2.6666666666666665,0.0,5.0513268,4.209424168663269,4.0543010838672515,0.0,2.8541179409099526
source_total,fold_3,Part 8,2021-10-16,2021-10-19,5.0,5.0,5.0,5.0,1.0,5.0,1.0,5.3722963,4.855728577911621,5.025589520303406,2.0129797,5.021394109301216
source_total,fold_3,Part 80,2021-10-16,2021-10-19,212.0,0.0,119.33333333333333,151.28571428571428,203.0,119.33333333333333,203.0,183.15663,141.65043219913497,172.32423862315562,159.95163,173.01509661945084
source_total,fold_3,Part 81,2021-10-16,2021-10-19,308.0,0.0,183.33333333333334,236.42857142857142,296.0,183.33333333333334,296.0,248.26262,185.96557123049593,227.26472643858443,229.81192,238.5488594482669
source_total,fold_3,Part 82,2021-10-16,2021-10-19,96.0,0.0,64.0,85.14285714285714,93.0,64.0,93.0,89.14726,98.22651423157565,93.94202371538749,80.66583,100.41532139106454
source_total,fold_3,Part 83,2021-10-16,2021-10-19,16.0,0.0,9.333333333333334,9.714285714285714,20.0,9.333333333333334,20.0,11.86028,15.925503275521901,12.121046492117408,10.580997,16.101941832461648
source_total,fold_3,Part 84,2021-10-16,2021-10-19,16.0,0.0,9.333333333333334,9.714285714285714,20.0,9.333333333333334,20.0,11.86028,15.925503275521901,12.121046492117408,5.2446394,16.101941832461648
source_total,fold_3,Part 85,2021-10-16,2021-10-19,1.0,12.0,12.0,9.0,0.0,12.0,0.0,10.509821,11.178043018380768,9.837721834857698,4.000477,10.282328936385229
source_total,fold_3,Part 86,2021-10-16,2021-10-19,2.0,6.0,3.3333333333333335,2.4285714285714284,0.0,3.3333333333333335,0.0,3.934841,4.297644870716609,4.241551211013245,0.0,4.2932759730598224
source_total,fold_3,Part 87,2021-10-16,2021-10-19,19.0,5.0,7.333333333333333,13.285714285714286,18.0,7.333333333333333,18.0,9.937104,12.66222666906153,9.72867115908484,10.881007,16.62290391338891
source_total,fold_3,Part 88,2021-10-16,2021-10-19,12.0,0.0,5.0,36.142857142857146,38.0,5.0,38.0,29.65235,37.47300153699323,45.8358528894554,21.889738,55.406140091124115
source_total,fold_3,Part 89,2021-10-16,2021-10-19,0.0,0.0,0.0,7.142857142857143,3.0,0.0,3.0,3.6138706,2.5884685308377335,5.556306956660645,1.3202214,5.702448765231854
source_total,fold_3,Part 9,2021-10-16,2021-10-19,5.0,5.0,5.0,5.0,1.0,5.0,1.0,5.3722963,4.855728577911621,5.025589520303406,7.6763735,5.021394109301216
source_total,fold_3,Part 90,2021-10-16,2021-10-19,19.0,5.0,7.333333333333333,13.285714285714286,18.0,7.333333333333333,18.0,9.937104,12.66222666906153,9.72867115908484,10.754866,16.62290391338891
source_total,fold_3,Part 91,2021-10-16,2021-10-19,44.0,46.0,45.333333333333336,49.42857142857143,36.0,45.333333333333336,36.0,47.383514,47.00437767189828,51.571357898188204,32.369205,46.20621641429747
source_total,fold_3,Part 92,2021-10-16,2021-10-19,658.0,730.0,733.3333333333334,704.5714285714286,586.0,733.3333333333334,586.0,842.575,711.1698575815324,761.6874266185807,597.8294,844.8401616968257
source_total,fold_3,Part 94,2021-10-16,2021-10-19,44.0,35.0,35.0,37.0,34.0,35.0,34.0,43.78637,38.07916958644955,40.22380651621022,37.869648,44.21406352922955
source_total,fold_3,Part 95,2021-10-16,2021-10-19,317.0,365.0,360.0,304.42857142857144,252.0,360.0,252.0,314.74875,385.2281215195022,352.1630143483428,335.18674,379.982620575809
source_total,fold_3,Part 97,2021-10-16,2021-10-19,126.0,162.0,130.0,109.14285714285714,121.0,130.0,121.0,159.49103,150.5051443933426,159.168415027352,132.74323,153.19586651369522
source_total,fold_3,Part 98,2021-10-16,2021-10-19,61.0,21.0,19.0,23.714285714285715,48.0,19.0,48.0,29.669634,40.932404070881496,28.873286366044702,17.645546,42.02958355250732
source_total,fold_3,Part 99,2021-10-16,2021-10-19,10.0,13.0,4.333333333333333,1.8571428571428572,8.0,4.333333333333333,8.0,6.2940083,9.42784315804384,6.940991777522731,0.0,8.723699483351702
source_total,fold_3,Part 10,2021-10-17,2021-10-20,195.0,161.0,145.33333333333334,125.71428571428571,178.0,145.33333333333334,178.0,160.03485,150.32481500099223,153.81665165510046,138.98528,151.221883116266
source_total,fold_3,Part 100,2021-10-17,2021-10-20,16.0,0.0,0.0,0.14285714285714285,16.0,0.0,16.0,6.199539,11.60999365885235,6.4889823950868735,0.0,7.773597211729489
source_total,fold_3,Part 102,2021-10-17,2021-10-20,3.0,103.0,72.66666666666667,46.142857142857146,1.0,72.66666666666667,1.0,71.19733,55.1191370838083,64.61459722500271,51.29354,50.55040427331686
source_total,fold_3,Part 103,2021-10-17,2021-10-20,114.0,127.0,99.0,117.0,49.0,99.0,49.0,130.69914,144.11035469013208,154.17917542315982,154.56557,142.51288083281645
source_total,fold_3,Part 104,2021-10-17,2021-10-20,192.0,67.0,125.33333333333333,134.85714285714286,201.0,125.33333333333333,201.0,171.68741,148.7131617121282,161.49394226158523,152.78761,167.38415583389644
source_total,fold_3,Part 105,2021-10-17,2021-10-20,10.0,5.0,8.666666666666666,6.0,14.0,8.666666666666666,14.0,10.873869,13.111122016905952,7.4650412933705965,0.0,14.280417847947545
source_total,fold_3,Part 106,2021-10-17,2021-10-20,545.0,544.0,555.6666666666666,574.4285714285714,491.0,555.6666666666666,491.0,576.79144,563.0043086738646,613.849534286084,511.8491,564.6375929690275
source_total,fold_3,Part 107,2021-10-17,2021-10-20,95.0,98.0,109.66666666666667,135.28571428571428,81.0,109.66666666666667,81.0,112.61315,106.2368037451713,128.28206623669757,110.14909,144.70236324191524
source_total,fold_3,Part 108,2021-10-17,2021-10-20,0.0,0.0,0.0,1.1428571428571428,0.0,0.0,0.0,3.9625764,1.5666125140728158,1.029376356895071,0.0,0.9187158160644765
source_total,fold_3,Part 11,2021-10-17,2021-10-20,2.0,0.0,0.0,0.14285714285714285,0.0,0.0,0.0,3.2777429,2.3773482166006374,2.197835575930746,0.0,2.119592067069845
source_total,fold_3,Part 113,2021-10-17,2021-10-20,0.0,0.0,1.6666666666666667,1.7142857142857142,0.0,1.6666666666666667,0.0,5.400032,0.9111274044247427,0.6535628030584313,0.0,1.43956446779059
source_total,fold_3,Part 114,2021-10-17,2021-10-20,0.0,0.0,0.0,0.0,0.0,0.0,0.0,3.9625764,0.3298801014296319,0.024952050979425877,0.0,0.14061571082224308
source_total,fold_3,Part 116,2021-10-17,2021-10-20,3.0,0.0,0.0,0.0,0.0,0.0,0.0,3.9625764,2.1631801299974756,0.6066002003584359,4.09302,1.8173863815862452
source_total,fold_3,Part 12,2021-10-17,2021-10-20,4.0,5.0,6.0,15.0,0.0,6.0,0.0,7.331221,6.673435333128538,9.274444639602104,9.742506,12.929691174845376
source_total,fold_3,Part 13,2021-10-17,2021-10-20,0.0,3.0,2.0,2.0,0.0,2.0,0.0,4.2835474,2.1499886025848878,3.1002241755040743,0.0,1.6201806879410765
source_total,fold_3,Part 14,2021-10-17,2021-10-20,125.0,130.0,129.33333333333334,119.85714285714286,110.0,129.33333333333334,110.0,135.12053,137.34365865133014,142.63505732878915,135.043,135.67865931310342
source_total,fold_3,Part 15,2021-10-17,2021-10-20,1.0,37.0,29.0,27.142857142857142,0.0,29.0,0.0,27.898182,26.788363919771665,26.891577750921417,17.311344,31.79479229434281
source_total,fold_3,Part 16,2021-10-17,2021-10-20,51.0,37.0,43.333333333333336,48.57142857142857,50.0,43.333333333333336,50.0,58.032272,56.47256675543076,47.21981261774384,38.85396,52.80366024837645
source_total,fold_3,Part 17,2021-10-17,2021-10-20,156.0,87.0,88.33333333333333,77.57142857142857,117.0,88.33333333333333,117.0,137.73546,123.69992847214101,126.2736573578531,108.063034,120.61472092701244
source_total,fold_3,Part 18,2021-10-17,2021-10-20,102.0,108.0,106.0,119.0,125.0,106.0,125.0,126.25023,120.1156839387965,145.9297166919399,107.70943,129.20277795845485
source_total,fold_3,Part 19,2021-10-17,2021-10-20,1.0,31.0,33.333333333333336,34.142857142857146,2.0,33.333333333333336,2.0,29.121704,25.73200309845192,27.90331046077479,24.910746,28.49734133601863
source_total,fold_3,Part 2,2021-10-17,2021-10-20,624.0,595.0,607.3333333333334,573.2857142857143,548.0,607.3333333333334,548.0,636.98206,596.209393271936,685.3032101904992,528.28973,619.3296754863466
source_total,fold_3,Part 20,2021-10-17,2021-10-20,25.0,30.0,31.0,29.0,25.0,31.0,25.0,40.71917,38.673790118223984,31.67764255993685,28.18455,37.60410486977346
source_total,fold_3,Part 22,2021-10-17,2021-10-20,50.0,19.0,15.333333333333334,31.714285714285715,33.0,15.333333333333334,33.0,33.603107,33.93797401303613,42.174373425175474,42.225803,49.96751284023698
source_total,fold_3,Part 23,2021-10-17,2021-10-20,0.0,0.0,0.3333333333333333,5.714285714285714,0.0,0.3333333333333333,0.0,3.9625764,0.36542640163503587,3.4623266758808704,0.0,4.795366916672209
source_total,fold_3,Part 24,2021-10-17,2021-10-20,85.0,140.0,154.0,160.0,94.0,154.0,94.0,162.29677,149.06434075025643,165.8506920265623,161.11095,158.98906255618994
source_total,fold_3,Part 25,2021-10-17,2021-10-20,39.0,0.0,10.666666666666666,24.714285714285715,18.0,10.666666666666666,18.0,14.466915,16.809501469964044,17.747778115080084,27.093441,19.404692228840457
source_total,fold_3,Part 27,2021-10-17,2021-10-20,160.0,191.0,197.0,182.57142857142858,167.0,197.0,167.0,179.99582,181.63751362444455,199.92144807637212,181.44548,170.12279361982633
source_total,fold_3,Part 28,2021-10-17,2021-10-20,572.0,618.0,614.6666666666666,605.7142857142857,544.0,614.6666666666666,544.0,637.8921,596.8016739293506,672.5678746567014,523.7993,619.5198296579638
source_total,fold_3,Part 29,2021-10-17,2021-10-20,420.0,420.0,425.3333333333333,440.0,400.0,425.3333333333333,400.0,386.21112,405.8663299124408,428.40724693263525,439.0149,415.98291192580336
source_total,fold_3,Part 3,2021-10-17,2021-10-20,0.0,0.0,0.6666666666666666,41.0,0.0,0.6666666666666666,0.0,4.8088183,0.36542640163503587,20.35666390953596,65.3524,20.446743111743938
source_total,fold_3,Part 30,2021-10-17,2021-10-20,122.0,0.0,87.0,210.71428571428572,89.0,87.0,89.0,134.58734,143.94547779696367,151.16703639670388,181.80507,159.18913103659585
source_total,fold_3,Part 31,2021-10-17,2021-10-20,60.0,0.0,18.666666666666668,16.428571428571427,40.0,18.666666666666668,40.0,43.009155,47.87896583883769,32.37885746271113,13.558328,35.16312944466386
source_total,fold_3,Part 32,2021-10-17,2021-10-20,0.0,0.0,0.3333333333333333,6.142857142857143,0.0,0.3333333333333333,0.0,3.9625764,0.36542640163503587,3.4623266758808704,6.8551464,4.795366916672209
source_total,fold_3,Part 33,2021-10-17,2021-10-20,223.0,0.0,31.0,62.142857142857146,174.0,31.0,174.0,116.02589,102.19333644707127,100.66518655292273,84.98119,100.99215142762102
source_total,fold_3,Part 34,2021-10-17,2021-10-20,76.0,0.0,5.333333333333333,46.857142857142854,91.0,5.333333333333333,91.0,44.475,49.99575728653429,53.80907425299492,36.89526,69.1482481202122
source_total,fold_3,Part 35,2021-10-17,2021-10-20,7.0,0.0,3.0,2.857142857142857,1.0,3.0,1.0,6.3951073,9.117410561930914,4.984551524921159,0.0,7.708548271601354
source_total,fold_3,Part 36,2021-10-17,2021-10-20,34.0,0.0,0.3333333333333333,1.0,28.0,0.3333333333333333,28.0,16.158482,29.452151675516006,16.630164372302687,5.3857555,18.53446383190589
source_total,fold_3,Part 37,2021-10-17,2021-10-20,148.0,0.0,52.333333333333336,114.28571428571429,122.0,52.333333333333336,122.0,126.86149,112.01781896928121,128.3969081723077,104.69969,137.6984569035286
source_total,fold_3,Part 38,2021-10-17,2021-10-20,44.0,0.0,38.0,74.85714285714286,79.0,38.0,79.0,73.936104,93.5347421679369,78.18705342189475,56.04839,73.1696872798197
source_total,fold_3,Part 39,2021-10-17,2021-10-20,47.0,0.0,14.0,24.714285714285715,43.0,14.0,43.0,25.411736,49.38420129382659,37.52578901540591,18.107363,46.9887194254346
source_total,fold_3,Part 4,2021-10-17,2021-10-20,280.0,303.0,304.6666666666667,254.85714285714286,255.0,304.6666666666667,255.0,306.96982,309.46379784616613,307.76856097168746,313.27072,318.5418611061076
source_total,fold_3,Part 40,2021-10-17,2021-10-20,7.0,0.0,1.0,0.5714285714285714,14.0,1.0,14.0,7.1733384,7.889793093011852,6.621515273846384,0.0,7.358823219460208
source_total,fold_3,Part 41,2021-10-17,2021-10-20,53.0,0.0,20.333333333333332,34.857142857142854,25.0,20.333333333333332,25.0,31.796783,43.11229977446606,37.31341627349896,21.579527,39.09528198152638
source_total,fold_3,Part 42,2021-10-17,2021-10-20,8.0,0.0,5.666666666666667,7.857142857142857,16.0,5.666666666666667,16.0,10.597811,14.839808532582106,12.194457491443563,6.24532,15.034868316368726
source_total,fold_3,Part 43,2021-10-17,2021-10-20,0.0,0.0,0.0,0.2857142857142857,0.0,0.0,0.0,3.9625764,0.3298801014296319,0.26153622987042624,0.0,0.3634035690996084
source_total,fold_3,Part 44,2021-10-17,2021-10-20,0.0,0.0,0.0,0.0,0.0,0.0,0.0,3.9625764,0.333080101429632,0.15738533026798862,0.0,0.14061571082224308
source_total,fold_3,Part 46,2021-10-17,2021-10-20,0.0,0.0,0.3333333333333333,1.7142857142857142,0.0,0.3333333333333333,0.0,3.9625764,0.36542640163503587,1.1042771922027406,0.0,1.2897904104521718
source_total,fold_3,Part 47,2021-10-17,2021-10-20,41.0,0.0,5.0,10.857142857142858,39.0,5.0,39.0,14.546457,37.01220562710165,24.358579071326318,4.649,29.72082799911836
source_total,fold_3,Part 48,2021-10-17,2021-10-20,0.0,0.0,0.3333333333333333,3.0,0.0,0.3333333333333333,0.0,3.9625764,0.36542640163503587,2.639461472288648,0.0,2.6632339389269037
source_total,fold_3,Part 49,2021-10-17,2021-10-20,19.0,0.0,7.0,13.571428571428571,39.0,7.0,39.0,14.082802,28.328093157562854,22.22289065926398,1.4501238,27.665727538370735
source_total,fold_3,Part 5,2021-10-17,2021-10-20,60.0,70.0,68.66666666666667,99.14285714285714,60.0,68.66666666666667,60.0,62.386963,53.19751410915295,89.44861242430594,72.452614,78.73643814588411
source_total,fold_3,Part 50,2021-10-17,2021-10-20,76.0,0.0,20.333333333333332,55.0,76.0,20.333333333333332,76.0,52.156338,59.27528570977718,61.36193495837371,38.336624,63.1087766921158
source_total,fold_3,Part 51,2021-10-17,2021-10-20,78.0,0.0,31.666666666666668,70.57142857142857,84.0,31.666666666666668,84.0,68.5668,85.37005194851469,75.0209350293852,51.83675,82.38632065000792
source_total,fold_3,Part 52,2021-10-17,2021-10-20,4.0,0.0,7.0,10.0,7.0,7.0,7.0,8.231771,7.292065075596127,8.799063726591434,2.199045,7.216530861156186
source_total,fold_3,Part 53,2021-10-17,2021-10-20,135.0,0.0,36.333333333333336,69.71428571428571,56.0,36.333333333333336,56.0,107.0295,102.07192904832137,97.03758186658668,95.8743,103.96792024189115
source_total,fold_3,Part 54,2021-10-17,2021-10-20,213.0,0.0,39.333333333333336,68.85714285714286,154.0,39.333333333333336,154.0,127.12919,114.10814497886112,116.54548281582854,109.04849,115.66581038124579
source_total,fold_3,Part 55,2021-10-17,2021-10-20,1.0,0.0,0.3333333333333333,5.857142857142857,6.0,0.3333333333333333,6.0,3.9625764,2.9858810700578804,5.137653539289111,0.0,5.353499487752762
source_total,fold_3,Part 56,2021-10-17,2021-10-20,147.0,0.0,77.0,128.57142857142858,121.0,77.0,121.0,126.86149,145.52467431365645,146.99665915150212,130.11015,138.0265285920054
source_total,fold_3,Part 57,2021-10-17,2021-10-20,18.0,0.0,1.3333333333333333,18.857142857142858,8.0,1.3333333333333333,8.0,5.270956,9.990879778050234,13.222105694608324,7.0510554,15.00709023427336
source_total,fold_3,Part 58,2021-10-17,2021-10-20,22.0,0.0,9.333333333333334,34.857142857142854,27.0,9.333333333333334,27.0,16.966019,30.87772155653973,28.92391795170122,16.348095,23.294169396310433
source_total,fold_3,Part 59,2021-10-17,2021-10-20,25.0,0.0,9.666666666666666,13.428571428571429,29.0,9.666666666666666,29.0,16.966019,30.696793648792852,19.08718491476738,8.811013,28.273553782339775
source_total,fold_3,Part 6,2021-10-17,2021-10-20,100.0,116.0,118.0,109.71428571428571,82.0,118.0,82.0,120.042076,114.61669073704563,131.63246107027953,101.19495,117.7684824152788
source_total,fold_3,Part 60,2021-10-17,2021-10-20,763.0,0.0,253.0,562.2857142857143,670.0,253.0,670.0,430.4313,347.3857092740605,472.8507521181385,523.46674,321.42146370182144
source_total,fold_3,Part 61,2021-10-17,2021-10-20,65.0,0.0,29.333333333333332,48.142857142857146,52.0,29.333333333333332,52.0,52.5022,58.25576834058648,49.972594126572616,40.656254,57.288433728173466
source_total,fold_3,Part 62,2021-10-17,2021-10-20,156.0,0.0,45.333333333333336,97.0,128.0,45.333333333333336,128.0,123.18381,112.13060182443986,117.77496857114207,86.680595,126.68806142096123
source_total,fold_3,Part 63,2021-10-17,2021-10-20,271.0,0.0,71.0,155.85714285714286,210.0,71.0,210.0,175.85378,140.29817351583716,169.22572856066986,197.34143,180.98967923545092
source_total,fold_3,Part 64,2021-10-17,2021-10-20,25.0,0.0,16.0,37.285714285714285,40.0,16.0,40.0,19.544727,36.19215990865889,34.79919336657915,23.955568,28.747437680238125
source_total,fold_3,Part 65,2021-10-17,2021-10-20,426.0,0.0,137.0,270.42857142857144,345.0,137.0,345.0,244.45079,290.5742057639743,247.91182171269895,282.21948,232.3154324695214
source_total,fold_3,Part 66,2021-10-17,2021-10-20,763.0,0.0,253.0,562.2857142857143,670.0,253.0,670.0,430.4313,347.3857092740605,472.8507521181385,547.5238,321.42146370182144
source_total,fold_3,Part 67,2021-10-17,2021-10-20,65.0,0.0,29.333333333333332,48.142857142857146,52.0,29.333333333333332,52.0,52.5022,58.25576834058648,49.972594126572616,38.82321,57.288433728173466
source_total,fold_3,Part 68,2021-10-17,2021-10-20,156.0,0.0,45.333333333333336,97.0,128.0,45.333333333333336,128.0,123.18381,112.13060182443986,117.77496857114207,90.90793,126.68806142096123
source_total,fold_3,Part 69,2021-10-17,2021-10-20,271.0,0.0,71.0,155.85714285714286,210.0,71.0,210.0,175.85378,140.29817351583716,169.22572856066986,184.90543,180.98967923545092
source_total,fold_3,Part 7,2021-10-17,2021-10-20,0.0,5.0,5.0,5.0,1.0,5.0,1.0,4.8871155,7.711788687471393,5.542401003951616,0.0,5.3076274554310805
source_total,fold_3,Part 70,2021-10-17,2021-10-20,25.0,0.0,16.0,37.285714285714285,40.0,16.0,40.0,19.544727,36.19215990865889,34.79919336657915,28.561123,28.747437680238125
source_total,fold_3,Part 71,2021-10-17,2021-10-20,426.0,0.0,137.0,270.42857142857144,345.0,137.0,345.0,244.45079,290.5742057639743,247.91182171269895,312.80396,232.3154324695214
source_total,fold_3,Part 72,2021-10-17,2021-10-20,29.0,0.0,10.666666666666666,21.285714285714285,33.0,10.666666666666666,33.0,16.966019,30.87772155653973,21.989833008892884,8.340238,28.230352364332244
source_total,fold_3,Part 73,2021-10-17,2021-10-20,80.0,0.0,35.666666666666664,75.28571428571429,61.0,35.666666666666664,61.0,77.11286,88.31951966957918,68.55382370845248,57.750587,76.72155344067441
source_total,fold_3,Part 74,2021-10-17,2021-10-20,211.0,0.0,57.0,92.57142857142857,170.0,57.0,170.0,130.39696,121.8076454945218,135.4653658660419,110.3052,122.60483568094395
source_total,fold_3,Part 75,2021-10-17,2021-10-20,204.0,0.0,33.0,84.0,186.0,33.0,186.0,137.62965,105.17852533133801,122.70910659616949,126.2479,128.19339534663285
source_total,fold_3,Part 76,2021-10-17,2021-10-20,8.0,0.0,4.333333333333333,9.714285714285714,7.0,4.333333333333333,7.0,7.9615507,8.1796136906018,8.936697828228876,1.3695055,9.141369525762522
source_total,fold_3,Part 77,2021-10-17,2021-10-20,76.0,0.0,34.333333333333336,72.71428571428571,61.0,34.333333333333336,61.0,66.73895,76.99985659853685,65.9875102395562,45.775997,73.81324343265766
source_total,fold_3,Part 78,2021-10-17,2021-10-20,80.0,0.0,35.666666666666664,74.85714285714286,61.0,35.666666666666664,61.0,77.11286,88.31951966957918,68.55382370845248,59.61927,76.72155344067441
source_total,fold_3,Part 79,2021-10-17,2021-10-20,4.0,0.0,1.3333333333333333,2.142857142857143,0.0,1.3333333333333333,0.0,5.400032,3.980709587691001,3.7667711519240683,0.0,3.4415130244099834
source_total,fold_3,Part 8,2021-10-17,2021-10-20,0.0,5.0,5.0,5.0,1.0,5.0,1.0,4.8871155,7.711788687471393,5.542401003951616,0.0,5.3076274554310805
source_total,fold_3,Part 80,2021-10-17,2021-10-20,221.0,0.0,57.0,119.85714285714286,203.0,57.0,203.0,169.83754,121.8076454945218,152.33821756616496,161.74033,152.34796250136486
source_total,fold_3,Part 81,2021-10-17,2021-10-20,317.0,0.0,89.0,190.57142857142858,296.0,89.0,296.0,204.61566,152.98541113493687,192.35177275627612,232.59058,186.71683255081933
source_total,fold_3,Part 82,2021-10-17,2021-10-20,96.0,0.0,32.0,70.71428571428571,93.0,32.0,93.0,81.44514,87.92098697614978,85.48493549963605,76.42985,93.09511215404045
source_total,fold_3,Part 83,2021-10-17,2021-10-20,15.0,0.0,4.666666666666667,8.0,20.0,4.666666666666667,20.0,10.426222,14.863529980422115,13.21342974019958,5.1775975,17.00045055700196
source_total,fold_3,Part 84,2021-10-17,2021-10-20,15.0,0.0,4.666666666666667,8.0,20.0,4.666666666666667,20.0,10.426222,14.863529980422115,13.21342974019958,6.05787,17.00045055700196
source_total,fold_3,Part 85,2021-10-17,2021-10-20,8.0,12.0,12.0,9.714285714285714,0.0,12.0,0.0,10.100931,11.70566787652318,10.795063380774607,1.4359939,11.680592361009131
source_total,fold_3,Part 86,2021-10-17,2021-10-20,1.0,6.0,5.0,3.0,0.0,5.0,0.0,5.7210016,4.762308413725588,5.051111445942276,0.0,5.002704858237678
source_total,fold_3,Part 87,2021-10-17,2021-10-20,13.0,5.0,5.666666666666667,11.428571428571429,18.0,5.666666666666667,18.0,8.601263,10.755405146644499,9.164130963572221,0.20331216,14.51390567828718
source_total,fold_3,Part 88,2021-10-17,2021-10-20,108.0,0.0,0.0,26.0,38.0,0.0,38.0,38.397743,20.066413729546422,47.64241817806099,29.372576,49.853688247815576
source_total,fold_3,Part 89,2021-10-17,2021-10-20,0.0,0.0,0.0,3.7142857142857144,3.0,0.0,3.0,3.9625764,2.523498255090327,4.546267024566983,0.0,3.670406991139333
source_total,fold_3,Part 9,2021-10-17,2021-10-20,0.0,5.0,5.0,5.0,1.0,5.0,1.0,4.8871155,7.711788687471393,5.542401003951616,6.15582,5.3076274554310805
source_total,fold_3,Part 90,2021-10-17,2021-10-20,13.0,5.0,5.666666666666667,11.428571428571429,18.0,5.666666666666667,18.0,8.601263,10.755405146644499,9.164130963572221,3.7429025,14.51390567828718
source_total,fold_3,Part 91,2021-10-17,2021-10-20,44.0,46.0,45.333333333333336,48.285714285714285,36.0,45.333333333333336,36.0,46.5086,42.947359559694625,47.877206306957675,29.988926,44.976899620696436
source_total,fold_3,Part 92,2021-10-17,2021-10-20,634.0,730.0,728.6666666666666,712.8571428571429,586.0,728.6666666666666,586.0,732.55884,692.8537695798848,751.0240686454081,593.70624,807.2736444726609
source_total,fold_3,Part 94,2021-10-17,2021-10-20,45.0,35.0,35.0,36.0,34.0,35.0,34.0,44.289036,38.11714055004919,40.387611672773325,31.758816,44.21406352922955
source_total,fold_3,Part 95,2021-10-17,2021-10-20,209.0,365.0,364.3333333333333,322.85714285714283,252.0,364.3333333333333,252.0,316.18967,387.8952902422839,358.12072478579614,336.68814,393.78812179173127
source_total,fold_3,Part 97,2021-10-17,2021-10-20,127.0,162.0,151.0,118.14285714285714,121.0,151.0,121.0,136.41776,135.9492000464344,148.9485252714114,127.3584,131.8787581151208
source_total,fold_3,Part 98,2021-10-17,2021-10-20,27.0,21.0,21.666666666666668,23.142857142857142,48.0,21.666666666666668,48.0,24.287148,40.836815706083996,28.927070772331525,16.540565,28.613260404679473
source_total,fold_3,Part 99,2021-10-17,2021-10-20,14.0,13.0,8.666666666666666,3.7142857142857144,8.0,8.666666666666666,8.0,6.28086,10.526835187435836,8.526071975905761,0.0,7.807606399973513
source_total,fold_3,Part 10,2021-10-18,2021-10-21,104.0,169.0,163.66666666666666,139.42857142857142,36.0,163.66666666666666,36.0,153.91537,145.6453616351388,164.3873582198315,167.07007,162.2531257812555
source_total,fold_3,Part 100,2021-10-18,2021-10-21,23.0,5.0,1.6666666666666667,0.7142857142857143,14.0,1.6666666666666667,14.0,6.2115746,10.54708754825327,5.505876819788474,0.0,8.93046150723148
source_total,fold_3,Part 102,2021-10-18,2021-10-21,33.0,47.0,84.33333333333333,52.142857142857146,28.0,84.33333333333333,28.0,70.009964,57.67192558684058,54.911741236213835,34.8312,35.62617569981101
source_total,fold_3,Part 103,2021-10-18,2021-10-21,153.0,81.0,111.66666666666667,109.14285714285714,216.0,111.66666666666667,216.0,184.18886,140.90494931247855,162.60895187989348,87.98942,149.72163810515224
source_total,fold_3,Part 104,2021-10-18,2021-10-21,92.0,109.0,81.0,127.57142857142857,61.0,81.0,61.0,122.79725,123.49496440941861,136.16924038851468,169.233,138.3182655102177
source_total,fold_3,Part 105,2021-10-18,2021-10-21,4.0,9.0,6.333333333333333,7.0,1.0,6.333333333333333,1.0,7.22517,7.727576477797283,7.574368984070794,9.575446,10.609808410417177
source_total,fold_3,Part 106,2021-10-18,2021-10-21,535.0,538.0,542.0,562.7142857142857,489.0,542.0,489.0,594.6638,567.7251453436842,606.3846637833933,512.9183,564.4021613108699
source_total,fold_3,Part 107,2021-10-18,2021-10-21,116.0,159.0,118.33333333333333,143.57142857142858,80.0,118.33333333333333,80.0,115.87247,115.96452594020009,144.05639419227512,131.01207,155.004124339866
source_total,fold_3,Part 108,2021-10-18,2021-10-21,0.0,0.0,0.0,0.5714285714285714,0.0,0.0,0.0,3.9625764,1.4920952179624865,0.8905311077528495,0.0,0.8088578480402598
source_total,fold_3,Part 11,2021-10-18,2021-10-21,2.0,4.0,1.3333333333333333,0.5714285714285714,3.0,1.3333333333333333,3.0,4.2835474,3.1786578311542892,2.1731849828209704,3.4674683,3.222841949284795
source_total,fold_3,Part 113,2021-10-18,2021-10-21,0.0,1.0,0.3333333333333333,1.8571428571428572,0.0,0.3333333333333333,0.0,3.9625764,0.8718041265537219,2.071634222698197,0.0,1.5576990585508637
source_total,fold_3,Part 114,2021-10-18,2021-10-21,0.0,0.0,0.0,0.0,0.0,0.0,0.0,3.9625764,0.3298801014296319,0.0,0.0,0.14061571082224308
source_total,fold_3,Part 116,2021-10-18,2021-10-21,3.0,0.0,0.0,0.0,2.0,0.0,2.0,3.9625764,1.910507340086299,0.44513235837860066,3.6399662,0.6954390849898993
source_total,fold_3,Part 12,2021-10-18,2021-10-21,1.0,1.0,3.6666666666666665,15.142857142857142,2.0,3.6666666666666665,2.0,5.400032,3.7605521579129992,8.820203536614006,3.0026796,11.202724212653665
source_total,fold_3,Part 13,2021-10-18,2021-10-21,2.0,0.0,2.0,0.8571428571428571,2.0,2.0,2.0,5.400032,2.2505485718340803,1.2475666776657235,0.14548157,1.465975990579096
source_total,fold_3,Part 14,2021-10-18,2021-10-21,107.0,122.0,127.33333333333333,125.57142857142857,105.0,127.33333333333333,105.0,132.35197,135.16050726460406,143.1461963975907,110.34778,130.3694222372201
source_total,fold_3,Part 15,2021-10-18,2021-10-21,7.0,12.0,28.666666666666668,25.0,11.0,28.666666666666668,11.0,21.51178,21.933531616419426,16.322315461686326,16.501078,20.106323744427876
source_total,fold_3,Part 16,2021-10-18,2021-10-21,54.0,46.0,40.0,47.714285714285715,48.0,40.0,48.0,55.52515,56.49111010632513,47.429809543559855,33.451702,52.131345860759815
source_total,fold_3,Part 17,2021-10-18,2021-10-21,152.0,92.0,88.66666666666667,82.42857142857143,153.0,88.66666666666667,153.0,148.74252,132.09264763718875,135.17665035452728,87.80746,131.29620724053507
source_total,fold_3,Part 18,2021-10-18,2021-10-21,99.0,150.0,122.0,118.85714285714286,80.0,122.0,80.0,130.0046,132.90118716244936,139.02229516832617,134.48988,126.71142260462372
source_total,fold_3,Part 19,2021-10-18,2021-10-21,0.0,25.0,29.0,31.857142857142858,0.0,29.0,0.0,23.438377,19.584337632219547,28.032506545456023,18.644701,24.299715586576884
source_total,fold_3,Part 2,2021-10-18,2021-10-21,678.0,588.0,592.6666666666666,578.0,597.0,592.6666666666666,597.0,640.4411,596.8016739293506,677.2150026132904,512.115,619.1561443935932
source_total,fold_3,Part 20,2021-10-18,2021-10-21,47.0,48.0,36.0,29.857142857142858,32.0,36.0,32.0,51.28121,50.85021991736512,43.35925568365292,51.493618,50.66479821416494
source_total,fold_3,Part 22,2021-10-18,2021-10-21,56.0,44.0,27.333333333333332,28.428571428571427,74.0,27.333333333333332,74.0,58.364464,49.69867151632816,44.493576146423976,35.763096,56.16429550496691
source_total,fold_3,Part 23,2021-10-18,2021-10-21,0.0,0.0,0.0,5.714285714285714,0.0,0.0,0.0,3.9625764,0.3298801014296319,3.435648679513907,3.0771554,4.960995460349088
source_total,fold_3,Part 24,2021-10-18,2021-10-21,195.0,125.0,135.0,150.28571428571428,229.0,135.0,229.0,197.62628,154.84489248366032,172.91195127661624,136.2091,177.45786380138307
source_total,fold_3,Part 25,2021-10-18,2021-10-21,30.0,48.0,16.0,25.142857142857142,18.0,16.0,18.0,28.912235,33.060368163265096,26.73024021717187,38.010372,36.15898337795286
source_total,fold_3,Part 27,2021-10-18,2021-10-21,163.0,168.0,183.33333333333334,180.85714285714286,126.0,183.33333333333334,126.0,165.82521,150.29058216663788,187.92883827126366,156.1304,167.58194187956477
source_total,fold_3,Part 28,2021-10-18,2021-10-21,608.0,598.0,611.3333333333334,612.5714285714286,544.0,611.3333333333334,544.0,648.90295,601.1957150631991,674.241418658649,524.5109,619.1561443935932
source_total,fold_3,Part 29,2021-10-18,2021-10-21,438.0,424.0,421.3333333333333,430.0,400.0,421.3333333333333,400.0,400.10565,410.26037104628926,441.5038843786967,430.4075,416.31976443019806
source_total,fold_3,Part 3,2021-10-18,2021-10-21,0.0,0.0,0.0,18.285714285714285,0.0,0.0,0.0,3.9625764,0.3298801014296319,12.20121922972686,40.311302,11.890555215509702
source_total,fold_3,Part 30,2021-10-18,2021-10-21,221.0,270.0,90.0,214.42857142857142,176.0,90.0,176.0,164.36241,159.8959279671832,179.19071208820012,260.08887,250.53607258598484
source_total,fold_3,Part 31,2021-10-18,2021-10-21,58.0,43.0,14.333333333333334,22.571428571428573,39.0,14.333333333333334,39.0,44.01063,45.93499655552385,35.35457731343822,31.079264,38.73051934984428
source_total,fold_3,Part 32,2021-10-18,2021-10-21,0.0,1.0,0.3333333333333333,6.285714285714286,0.0,0.3333333333333333,0.0,3.9625764,0.8718041265537219,3.7417325777732167,5.7678037,5.063275564770899
source_total,fold_3,Part 33,2021-10-18,2021-10-21,140.0,187.0,62.333333333333336,77.57142857142857,122.0,62.333333333333336,122.0,137.3046,143.62469190571025,135.5261413088558,154.46431,119.35077345078723
source_total,fold_3,Part 34,2021-10-18,2021-10-21,56.0,37.0,12.333333333333334,44.57142857142857,65.0,12.333333333333334,65.0,48.733967,50.19218352774709,47.317530234799975,40.00897,63.11983074133238
source_total,fold_3,Part 35,2021-10-18,2021-10-21,12.0,5.0,1.6666666666666667,3.2857142857142856,6.0,1.6666666666666667,6.0,3.7136831,6.705985192985279,5.318702377016821,6.8762946,6.4809781929390216
source_total,fold_3,Part 36,2021-10-18,2021-10-21,42.0,17.0,5.666666666666667,3.142857142857143,29.0,5.666666666666667,29.0,20.569235,20.26782927746724,14.518690030930092,19.095144,20.617643119856627
source_total,fold_3,Part 37,2021-10-18,2021-10-21,141.0,88.0,29.333333333333332,108.28571428571429,150.0,29.333333333333332,150.0,110.30523,128.87525466597097,151.5875071910954,122.42774,142.74603614627168
source_total,fold_3,Part 38,2021-10-18,2021-10-21,66.0,79.0,26.333333333333332,70.85714285714286,82.0,26.333333333333332,82.0,57.649868,54.28417118243904,92.19276543803849,64.907234,77.26689550993103
source_total,fold_3,Part 39,2021-10-18,2021-10-21,14.0,48.0,16.0,29.428571428571427,8.0,16.0,8.0,34.83793,42.165214643317114,39.45003772209316,26.086384,46.43618872835287
source_total,fold_3,Part 4,2021-10-18,2021-10-21,239.0,285.0,297.0,276.42857142857144,283.0,297.0,283.0,318.67563,309.46379784616613,298.8430822057708,297.42438,315.0766200007585
source_total,fold_3,Part 40,2021-10-18,2021-10-21,1.0,15.0,5.0,2.7142857142857144,1.0,5.0,1.0,5.5236936,9.22298047171508,7.132074623983598,6.1162415,7.195890489041524
source_total,fold_3,Part 41,2021-10-18,2021-10-21,18.0,63.0,21.0,40.714285714285715,13.0,21.0,13.0,39.679535,45.55091620178731,45.26861906515728,41.61296,48.88410801425031
source_total,fold_3,Part 42,2021-10-18,2021-10-21,6.0,11.0,3.6666666666666665,8.714285714285714,7.0,3.6666666666666665,7.0,5.615796,8.38703424708433,9.050998407906008,6.706927,8.831174342136588
source_total,fold_3,Part 43,2021-10-18,2021-10-21,0.0,0.0,0.0,0.14285714285714285,0.0,0.0,0.0,3.9625764,0.333080101429632,0.27191154809124995,11.113308,0.3587536112938358
source_total,fold_3,Part 44,2021-10-18,2021-10-21,5.0,0.0,0.0,0.0,10.0,0.0,10.0,5.227342,2.9394162459586193,1.0097389330494337,1.3993673,2.667303627836576
source_total,fold_3,Part 46,2021-10-18,2021-10-21,0.0,1.0,0.3333333333333333,1.5714285714285714,0.0,0.3333333333333333,0.0,3.9625764,0.875004126553722,1.3836830940950868,0.0,1.5576990585508637
source_total,fold_3,Part 47,2021-10-18,2021-10-21,28.0,31.0,10.333333333333334,13.285714285714286,21.0,10.333333333333334,21.0,19.421846,23.424655053457403,19.762335411584,13.033266,21.11271916205331
source_total,fold_3,Part 48,2021-10-18,2021-10-21,0.0,0.0,0.0,1.2857142857142858,0.0,0.0,0.0,3.9625764,0.34407682065323475,0.9896957184628796,0.0,0.9580143429964688
source_total,fold_3,Part 49,2021-10-18,2021-10-21,0.0,29.0,9.666666666666666,17.428571428571427,0.0,9.666666666666666,0.0,14.161105,17.47911932054831,17.557511389413637,14.416515,16.122534044210564
source_total,fold_3,Part 5,2021-10-18,2021-10-21,26.0,109.0,83.0,100.0,17.0,83.0,17.0,87.34341,70.19146709246003,95.33040222818065,93.86638,83.13388155498353
source_total,fold_3,Part 50,2021-10-18,2021-10-21,36.0,39.0,13.0,53.714285714285715,53.0,13.0,53.0,43.3441,50.211004339935265,50.39931392141288,49.16651,59.44047223199817
source_total,fold_3,Part 51,2021-10-18,2021-10-21,57.0,100.0,33.333333333333336,72.71428571428571,64.0,33.333333333333336,64.0,66.36756,71.99747183352108,84.35009829281617,82.418755,75.04718734284047
source_total,fold_3,Part 52,2021-10-18,2021-10-21,0.0,15.0,5.0,10.857142857142858,0.0,5.0,0.0,5.5236936,9.22298047171508,9.367178941050325,5.9274836,8.857722529033758
source_total,fold_3,Part 53,2021-10-18,2021-10-21,195.0,114.0,38.0,76.28571428571429,146.0,38.0,146.0,116.76741,129.7949456715301,117.22389954470694,105.52747,119.37367972851078
source_total,fold_3,Part 54,2021-10-18,2021-10-21,178.0,165.0,55.0,75.42857142857143,147.0,55.0,147.0,122.50002,137.5035361248756,131.47261311197394,169.62863,124.81105234581406
source_total,fold_3,Part 55,2021-10-18,2021-10-21,0.0,1.0,0.3333333333333333,4.857142857142857,0.0,0.3333333333333333,0.0,3.2777429,1.798514214484753,4.369002200517777,0.9934366,3.3874316876093813
source_total,fold_3,Part 56,2021-10-18,2021-10-21,156.0,183.0,61.0,143.0,161.0,61.0,161.0,148.61,154.0324234718205,146.43289399375257,161.67085,171.9234684083423
source_total,fold_3,Part 57,2021-10-18,2021-10-21,11.0,19.0,6.333333333333333,16.714285714285715,5.0,6.333333333333333,5.0,8.490537,11.665831606651718,15.183074613880608,19.368164,16.470773996776323
source_total,fold_3,Part 58,2021-10-18,2021-10-21,26.0,22.0,7.333333333333333,35.57142857142857,38.0,7.333333333333333,38.0,17.22352,17.997860527158682,26.334958701050873,21.309034,25.799901183277782
source_total,fold_3,Part 59,2021-10-18,2021-10-21,30.0,25.0,8.333333333333334,16.428571428571427,23.0,8.333333333333334,23.0,14.166522,17.164387863729562,15.00368098007674,11.373653,22.21344168456385
source_total,fold_3,Part 6,2021-10-18,2021-10-21,102.0,104.0,112.0,108.14285714285714,88.0,112.0,88.0,110.74502,101.11802165216946,128.14492479535917,89.378914,109.07599101615378
source_total,fold_3,Part 60,2021-10-18,2021-10-21,743.0,798.0,266.0,585.4285714285714,670.0,266.0,670.0,641.51776,569.8245245917925,588.037893582778,723.9977,576.7642315688269
source_total,fold_3,Part 61,2021-10-18,2021-10-21,26.0,81.0,27.0,55.714285714285715,21.0,27.0,21.0,53.469162,55.3304649023384,64.17325950223193,64.52862,56.29888110631415
source_total,fold_3,Part 62,2021-10-18,2021-10-21,144.0,146.0,48.666666666666664,105.0,128.0,48.666666666666664,128.0,115.14097,133.29943579130293,137.849684596851,117.63118,137.4414755385099
source_total,fold_3,Part 63,2021-10-18,2021-10-21,264.0,215.0,71.66666666666667,165.57142857142858,230.0,71.66666666666667,230.0,192.92365,174.51503400296204,194.9952911003613,241.09926,191.48614986852374
source_total,fold_3,Part 64,2021-10-18,2021-10-21,19.0,51.0,17.0,38.857142857142854,35.0,17.0,35.0,31.897484,35.26970338045574,36.22028038410778,42.938072,41.9140929870503
source_total,fold_3,Part 65,2021-10-18,2021-10-21,401.0,415.0,138.33333333333334,292.0,374.0,138.33333333333334,374.0,311.5744,301.87453685785624,321.85818176441245,386.38397,348.0706097944792
source_total,fold_3,Part 66,2021-10-18,2021-10-21,743.0,798.0,266.0,585.4285714285714,670.0,266.0,670.0,641.51776,569.8245245917925,588.037893582778,748.19446,576.7642315688269
source_total,fold_3,Part 67,2021-10-18,2021-10-21,26.0,81.0,27.0,55.714285714285715,21.0,27.0,21.0,53.469162,55.3304649023384,64.17325950223193,62.19316,56.29888110631415
source_total,fold_3,Part 68,2021-10-18,2021-10-21,144.0,146.0,48.666666666666664,105.0,128.0,48.666666666666664,128.0,115.14097,133.29943579130293,137.849684596851,118.09421,137.4414755385099
source_total,fold_3,Part 69,2021-10-18,2021-10-21,264.0,215.0,71.66666666666667,165.57142857142858,230.0,71.66666666666667,230.0,192.92365,174.51503400296204,194.9952911003613,238.58453,191.48614986852374
source_total,fold_3,Part 7,2021-10-18,2021-10-21,0.0,5.0,5.0,5.0,1.0,5.0,1.0,4.8871155,4.799995105865054,4.589742934355684,3.3409843,4.455081068471526
source_total,fold_3,Part 70,2021-10-18,2021-10-21,19.0,51.0,17.0,38.857142857142854,35.0,17.0,35.0,31.897484,35.26970338045574,36.22028038410778,36.22041,41.9140929870503
source_total,fold_3,Part 71,2021-10-18,2021-10-21,401.0,415.0,138.33333333333334,292.0,374.0,138.33333333333334,374.0,311.5744,301.87453685785624,321.85818176441245,420.81592,348.0706097944792
source_total,fold_3,Part 72,2021-10-18,2021-10-21,18.0,36.0,12.0,22.714285714285715,45.0,12.0,45.0,26.657202,25.109168866282232,22.8406222612179,22.228811,31.90822548436601
source_total,fold_3,Part 73,2021-10-18,2021-10-21,69.0,90.0,30.0,79.14285714285714,57.0,30.0,57.0,63.550804,65.53601710229637,84.39374044491007,64.83689,75.04718734284047
source_total,fold_3,Part 74,2021-10-18,2021-10-21,185.0,208.0,69.33333333333333,103.14285714285714,136.0,69.33333333333333,136.0,151.80696,161.03085974630528,166.1351964931145,174.21631,138.32466534006477
source_total,fold_3,Part 75,2021-10-18,2021-10-21,220.0,187.0,62.333333333333336,78.28571428571429,195.0,62.333333333333336,195.0,150.09431,158.29467954755847,149.23000304166217,184.59491,129.43509773367333
source_total,fold_3,Part 76,2021-10-18,2021-10-21,9.0,1.0,0.3333333333333333,8.142857142857142,16.0,0.3333333333333333,16.0,5.397501,7.862556365790981,8.813848238780817,6.722881,11.583264339696433
source_total,fold_3,Part 77,2021-10-18,2021-10-21,56.0,86.0,28.666666666666668,76.0,54.0,28.666666666666668,54.0,61.92115,65.53601710229637,81.55015970936626,64.41249,75.04718734284047
source_total,fold_3,Part 78,2021-10-18,2021-10-21,69.0,90.0,30.0,78.71428571428571,57.0,30.0,57.0,63.550804,65.53601710229637,84.39374044491007,78.564865,75.04718734284047
source_total,fold_3,Part 79,2021-10-18,2021-10-21,13.0,4.0,1.3333333333333333,2.7142857142857144,3.0,1.3333333333333333,3.0,4.2835474,4.34887316406687,4.333550648218779,0.0,4.267639283625652
source_total,fold_3,Part 8,2021-10-18,2021-10-21,0.0,5.0,5.0,5.0,1.0,5.0,1.0,4.8871155,4.799995105865054,4.589742934355684,3.1961305,4.455081068471526
source_total,fold_3,Part 80,2021-10-18,2021-10-21,256.0,165.0,55.0,112.0,214.0,55.0,214.0,139.56595,142.8584742494816,160.6160878561939,197.79852,168.91121710244323
source_total,fold_3,Part 81,2021-10-18,2021-10-21,343.0,261.0,87.0,182.0,304.0,87.0,304.0,210.99553,174.51503400296204,221.82816867046412,298.68948,213.91004271091666
source_total,fold_3,Part 82,2021-10-18,2021-10-21,87.0,96.0,32.0,70.0,90.0,32.0,90.0,83.45102,86.43835511723782,99.80522514032629,92.48711,99.85765277863138
source_total,fold_3,Part 83,2021-10-18,2021-10-21,16.0,18.0,6.0,8.857142857142858,19.0,6.0,19.0,10.610295,12.323308538521164,11.3889704555783,8.164102,14.913387374303564
source_total,fold_3,Part 84,2021-10-18,2021-10-21,16.0,18.0,6.0,8.857142857142858,19.0,6.0,19.0,10.610295,12.323308538521164,11.3889704555783,8.722236,14.913387374303564
source_total,fold_3,Part 85,2021-10-18,2021-10-21,23.0,11.0,11.666666666666666,10.285714285714286,12.0,11.666666666666666,12.0,13.441941,13.488620233388179,10.732299960977263,1.9621211,13.340124571582868
source_total,fold_3,Part 86,2021-10-18,2021-10-21,1.0,3.0,5.0,3.142857142857143,0.0,5.0,0.0,6.974679,3.317059391607741,3.7308634290092613,2.5346622,2.664583657047001
source_total,fold_3,Part 87,2021-10-18,2021-10-21,13.0,9.0,6.333333333333333,10.142857142857142,6.0,6.333333333333333,6.0,6.961149,7.2267882459891215,8.129014331524925,7.5087442,8.95906277022768
source_total,fold_3,Part 88,2021-10-18,2021-10-21,43.0,0.0,0.0,15.857142857142858,5.0,0.0,5.0,32.903126,13.802698943425385,23.921391129220517,23.367151,18.124345837512173
source_total,fold_3,Part 89,2021-10-18,2021-10-21,0.0,0.0,0.0,0.2857142857142857,4.0,0.0,4.0,3.2777429,2.043259266126647,1.637630935047639,0.0,1.6354950005170235
source_total,fold_3,Part 9,2021-10-18,2021-10-21,0.0,5.0,5.0,5.0,1.0,5.0,1.0,4.8871155,4.799995105865054,4.589742934355684,13.912128,4.455081068471526
source_total,fold_3,Part 90,2021-10-18,2021-10-21,13.0,9.0,6.333333333333333,10.142857142857142,6.0,6.333333333333333,6.0,6.961149,7.2267882459891215,8.129014331524925,7.5931025,8.95906277022768
source_total,fold_3,Part 91,2021-10-18,2021-10-21,74.0,46.0,46.0,47.142857142857146,36.0,46.0,36.0,46.5086,47.47346787143996,47.11415725675432,28.373075,44.976899620696436
source_total,fold_3,Part 92,2021-10-18,2021-10-21,586.0,688.0,716.0,715.1428571428571,586.0,716.0,586.0,738.36664,697.2478107137333,750.5221541806943,597.34235,807.2736444726609
source_total,fold_3,Part 94,2021-10-18,2021-10-21,43.0,37.0,35.666666666666664,35.285714285714285,34.0,35.666666666666664,34.0,44.289036,38.716533079100024,39.79020347251102,31.33942,43.909890237359726
source_total,fold_3,Part 95,2021-10-18,2021-10-21,250.0,344.0,358.0,338.2857142857143,284.0,358.0,284.0,319.2407,387.8952902422839,366.9206183972445,321.57483,383.34502951986684
source_total,fold_3,Part 97,2021-10-18,2021-10-21,140.0,114.0,146.0,120.28571428571429,99.0,146.0,99.0,131.305,128.59363055825602,153.34388227241737,114.65391,126.12456379719688
source_total,fold_3,Part 98,2021-10-18,2021-10-21,38.0,54.0,32.0,27.285714285714285,30.0,32.0,30.0,38.655857,45.55720803375022,42.14632397986782,26.395054,38.27798861902988
source_total,fold_3,Part 99,2021-10-18,2021-10-21,17.0,19.0,15.0,6.428571428571429,12.0,15.0,12.0,14.524242,13.721403165558323,12.143415112372576,4.4093266,14.796025236009136
