파일,충방전,판정,시점,label,예측,이상확률
Test03_OK_chg,충전,OK,0,0,0,0.0393
Test03_OK_chg,충전,OK,1,0,0,0.0603
Test03_OK_chg,충전,OK,2,0,0,0.0557
Test03_OK_chg,충전,OK,3,0,0,0.0671
Test03_OK_chg,충전,OK,4,0,0,0.0408
Test03_OK_chg,충전,OK,5,0,0,0.0604
Test03_OK_chg,충전,OK,6,0,0,0.0572
Test03_OK_chg,충전,OK,7,0,0,0.0617
Test03_OK_chg,충전,OK,8,0,0,0.0665
Test03_OK_chg,충전,OK,9,0,0,0.0409
Test03_OK_chg,충전,OK,10,0,0,0.0409
Test03_OK_chg,충전,OK,11,0,0,0.0408
Test03_OK_chg,충전,OK,12,0,0,0.0697
Test03_OK_chg,충전,OK,13,0,0,0.059
Test03_OK_chg,충전,OK,14,0,0,0.0395
Test03_OK_chg,충전,OK,15,0,0,0.0393
Test03_OK_chg,충전,OK,16,0,0,0.0393
Test03_OK_chg,충전,OK,17,0,0,0.0393
Test03_OK_chg,충전,OK,18,0,0,0.0603
Test03_OK_chg,충전,OK,19,0,0,0.059
Test03_OK_chg,충전,OK,20,0,0,0.0557
Test03_OK_chg,충전,OK,21,0,0,0.0557
Test03_OK_chg,충전,OK,22,0,0,0.0393
Test03_OK_chg,충전,OK,23,0,0,0.0393
Test03_OK_chg,충전,OK,24,0,0,0.0331
Test03_OK_chg,충전,OK,25,0,0,0.0395
Test03_OK_chg,충전,OK,26,0,0,0.0557
Test03_OK_chg,충전,OK,27,0,0,0.0393
Test03_OK_chg,충전,OK,28,0,0,0.0475
Test03_OK_chg,충전,OK,29,0,0,0.0409
Test03_OK_chg,충전,OK,30,0,0,0.0409
Test03_OK_chg,충전,OK,31,0,0,0.0502
Test03_OK_chg,충전,OK,32,0,0,0.0409
Test03_OK_chg,충전,OK,33,0,0,0.0572
Test03_OK_chg,충전,OK,34,0,0,0.0373
Test03_OK_chg,충전,OK,35,0,0,0.0572
Test03_OK_chg,충전,OK,36,0,0,0.0572
Test03_OK_chg,충전,OK,37,0,0,0.0572
Test03_OK_chg,충전,OK,38,0,0,0.0406
Test03_OK_chg,충전,OK,39,0,0,0.0557
Test03_OK_chg,충전,OK,40,0,0,0.0406
Test03_OK_chg,충전,OK,41,0,0,0.0393
Test03_OK_chg,충전,OK,42,0,0,0.0395
Test03_OK_chg,충전,OK,43,0,0,0.0557
Test03_OK_chg,충전,OK,44,0,0,0.0493
Test03_OK_chg,충전,OK,45,0,0,0.0409
Test03_OK_chg,충전,OK,46,0,0,0.0409
Test03_OK_chg,충전,OK,47,0,0,0.0409
Test03_OK_chg,충전,OK,48,0,0,0.0572
Test03_OK_chg,충전,OK,49,0,0,0.0572
Test03_OK_chg,충전,OK,50,0,0,0.0572
Test03_OK_chg,충전,OK,51,0,0,0.0572
Test03_OK_chg,충전,OK,52,0,0,0.0605
Test03_OK_chg,충전,OK,53,0,0,0.0572
Test03_OK_chg,충전,OK,54,0,0,0.0557
Test03_OK_chg,충전,OK,55,0,0,0.0406
Test03_OK_chg,충전,OK,56,0,1,0.606
Test03_OK_chg,충전,OK,57,0,0,0.2587
Test03_OK_chg,충전,OK,58,0,0,0.2604
Test03_OK_chg,충전,OK,59,0,0,0.0811
Test03_OK_chg,충전,OK,60,0,0,0.0663
Test03_OK_chg,충전,OK,61,0,0,0.0564
Test03_OK_chg,충전,OK,62,0,0,0.0605
Test03_OK_chg,충전,OK,63,0,0,0.1098
Test03_OK_chg,충전,OK,64,0,0,0.0656
Test03_OK_chg,충전,OK,65,0,0,0.0726
Test03_OK_chg,충전,OK,66,0,0,0.1082
Test03_OK_chg,충전,OK,67,0,0,0.1557
Test03_OK_chg,충전,OK,68,0,0,0.0547
Test03_OK_chg,충전,OK,69,0,0,0.1643
Test03_OK_chg,충전,OK,70,0,0,0.1505
Test03_OK_chg,충전,OK,71,0,0,0.0156
Test03_OK_chg,충전,OK,72,0,0,0.0445
Test03_OK_chg,충전,OK,73,0,0,0.0322
Test03_OK_chg,충전,OK,74,0,0,0.0203
Test03_OK_chg,충전,OK,75,0,0,0.0531
Test03_OK_chg,충전,OK,76,0,0,0.031
Test03_OK_chg,충전,OK,77,0,0,0.027
Test03_OK_chg,충전,OK,78,0,0,0.0369
Test03_OK_chg,충전,OK,79,0,0,0.163
Test03_OK_chg,충전,OK,80,0,0,0.1626
Test03_OK_chg,충전,OK,81,0,0,0.0581
Test03_OK_chg,충전,OK,82,0,0,0.1986
Test03_OK_chg,충전,OK,83,0,0,0.1111
Test03_OK_chg,충전,OK,84,0,0,0.0895
Test03_OK_chg,충전,OK,85,0,0,0.0829
Test03_OK_chg,충전,OK,86,0,0,0.09
Test03_OK_chg,충전,OK,87,0,0,0.0872
Test03_OK_chg,충전,OK,88,0,0,0.1937
Test03_OK_chg,충전,OK,89,0,0,0.0425
Test03_OK_chg,충전,OK,90,0,0,0.0372
Test03_OK_chg,충전,OK,91,0,0,0.04
Test03_OK_chg,충전,OK,92,0,0,0.0338
Test03_OK_chg,충전,OK,93,0,0,0.0935
Test03_OK_chg,충전,OK,94,0,0,0.1865
Test03_OK_chg,충전,OK,95,0,0,0.1775
Test03_OK_chg,충전,OK,96,0,0,0.0424
Test03_OK_chg,충전,OK,97,0,0,0.0352
Test03_OK_chg,충전,OK,98,0,0,0.0517
Test03_OK_chg,충전,OK,99,0,0,0.0322
Test03_OK_chg,충전,OK,100,0,0,0.029
Test03_OK_chg,충전,OK,101,0,0,0.0273
Test03_OK_chg,충전,OK,102,0,0,0.0586
Test03_OK_chg,충전,OK,103,0,0,0.0575
Test03_OK_chg,충전,OK,104,0,0,0.062
Test03_OK_chg,충전,OK,105,0,0,0.0765
Test03_OK_chg,충전,OK,106,0,0,0.0676
Test03_OK_chg,충전,OK,107,0,0,0.206
Test03_OK_chg,충전,OK,108,0,0,0.0721
Test03_OK_chg,충전,OK,109,0,0,0.0535
Test03_OK_chg,충전,OK,110,0,0,0.0614
Test03_OK_chg,충전,OK,111,0,0,0.1339
Test03_OK_chg,충전,OK,112,0,0,0.0895
Test03_OK_chg,충전,OK,113,0,0,0.0722
Test03_OK_chg,충전,OK,114,0,0,0.0618
Test03_OK_chg,충전,OK,115,0,0,0.1375
Test03_OK_chg,충전,OK,116,0,0,0.0546
Test03_OK_chg,충전,OK,117,0,0,0.0355
Test03_OK_chg,충전,OK,118,0,0,0.1704
Test03_OK_chg,충전,OK,119,0,0,0.0483
Test03_OK_chg,충전,OK,120,0,0,0.1407
Test03_OK_chg,충전,OK,121,0,0,0.115
Test03_OK_chg,충전,OK,122,0,0,0.077
Test03_OK_chg,충전,OK,123,0,0,0.1496
Test03_OK_chg,충전,OK,124,0,0,0.0513
Test03_OK_chg,충전,OK,125,0,0,0.0194
Test03_OK_chg,충전,OK,126,0,0,0.025
Test03_OK_chg,충전,OK,127,0,0,0.2151
Test03_OK_chg,충전,OK,128,0,0,0.1275
Test03_OK_chg,충전,OK,129,0,0,0.0573
Test03_OK_chg,충전,OK,130,0,0,0.055
Test03_OK_chg,충전,OK,131,0,0,0.101
Test03_OK_chg,충전,OK,132,0,0,0.1123
Test03_OK_chg,충전,OK,133,0,0,0.1738
Test03_OK_chg,충전,OK,134,0,0,0.026
Test03_OK_chg,충전,OK,135,0,0,0.0191
Test03_OK_chg,충전,OK,136,0,0,0.0488
Test03_OK_chg,충전,OK,137,0,0,0.0549
Test03_OK_chg,충전,OK,138,0,0,0.1426
Test03_OK_chg,충전,OK,139,0,0,0.1471
Test03_OK_chg,충전,OK,140,0,0,0.0411
Test03_OK_chg,충전,OK,141,0,0,0.0614
Test03_OK_chg,충전,OK,142,0,0,0.0902
Test03_OK_chg,충전,OK,143,0,0,0.0268
Test03_OK_chg,충전,OK,144,0,0,0.0286
Test03_OK_chg,충전,OK,145,0,0,0.0249
Test03_OK_chg,충전,OK,146,0,0,0.054
Test03_OK_chg,충전,OK,147,0,0,0.0459
Test03_OK_chg,충전,OK,148,0,0,0.0481
Test03_OK_chg,충전,OK,149,0,0,0.0935
Test03_OK_chg,충전,OK,150,0,0,0.0956
Test03_OK_chg,충전,OK,151,0,0,0.0421
Test03_OK_chg,충전,OK,152,0,0,0.0291
Test03_OK_chg,충전,OK,153,0,0,0.0488
Test03_OK_chg,충전,OK,154,0,0,0.0334
Test03_OK_chg,충전,OK,155,0,0,0.0284
Test03_OK_chg,충전,OK,156,0,0,0.1093
Test03_OK_chg,충전,OK,157,0,0,0.0413
Test03_OK_chg,충전,OK,158,0,0,0.0513
Test03_OK_chg,충전,OK,159,0,0,0.1457
Test03_OK_chg,충전,OK,160,0,0,0.0613
Test03_OK_chg,충전,OK,161,0,0,0.0755
Test03_OK_chg,충전,OK,162,0,0,0.115
Test03_OK_chg,충전,OK,163,0,0,0.0485
Test03_OK_chg,충전,OK,164,0,0,0.1344
Test03_OK_chg,충전,OK,165,0,0,0.066
Test03_OK_chg,충전,OK,166,0,0,0.0483
Test03_OK_chg,충전,OK,167,0,0,0.0478
Test03_OK_chg,충전,OK,168,0,0,0.0609
Test03_OK_chg,충전,OK,169,0,0,0.0555
Test03_OK_chg,충전,OK,170,0,0,0.1606
Test03_OK_chg,충전,OK,171,0,0,0.0455
Test03_OK_chg,충전,OK,172,0,0,0.0409
Test03_OK_chg,충전,OK,173,0,0,0.1925
Test03_OK_chg,충전,OK,174,0,0,0.0835
Test03_OK_chg,충전,OK,175,0,0,0.0346
Test03_OK_chg,충전,OK,176,0,0,0.0461
Test03_OK_chg,충전,OK,177,0,0,0.2487
Test03_OK_chg,충전,OK,178,0,0,0.1687
Test03_OK_chg,충전,OK,179,0,0,0.0514
Test03_OK_chg,충전,OK,180,0,0,0.0612
Test03_OK_chg,충전,OK,181,0,0,0.0381
Test03_OK_chg,충전,OK,182,0,0,0.063
Test03_OK_chg,충전,OK,183,0,0,0.2669
Test03_OK_chg,충전,OK,184,0,0,0.1647
Test03_OK_chg,충전,OK,185,0,0,0.0639
Test03_OK_chg,충전,OK,186,0,0,0.0597
Test03_OK_chg,충전,OK,187,0,0,0.0488
Test03_OK_chg,충전,OK,188,0,0,0.1585
Test03_OK_chg,충전,OK,189,0,0,0.0751
Test03_OK_chg,충전,OK,190,0,0,0.0236
Test03_OK_chg,충전,OK,191,0,0,0.063
Test03_OK_chg,충전,OK,192,0,0,0.0637
Test03_OK_chg,충전,OK,193,0,0,0.0564
Test03_OK_chg,충전,OK,194,0,0,0.0412
Test03_OK_chg,충전,OK,195,0,0,0.0455
Test03_OK_chg,충전,OK,196,0,0,0.0419
Test03_OK_chg,충전,OK,197,0,0,0.0916
Test03_OK_chg,충전,OK,198,0,0,0.0897
Test03_OK_chg,충전,OK,199,0,0,0.0632
Test03_OK_chg,충전,OK,200,0,0,0.0463
Test03_OK_chg,충전,OK,201,0,0,0.1591
Test03_OK_chg,충전,OK,202,0,0,0.0555
Test03_OK_chg,충전,OK,203,0,0,0.1101
Test03_OK_chg,충전,OK,204,0,0,0.0568
Test03_OK_chg,충전,OK,205,0,0,0.1501
Test03_OK_chg,충전,OK,206,0,0,0.1542
Test03_OK_chg,충전,OK,207,0,0,0.0548
Test03_OK_chg,충전,OK,208,0,0,0.1599
Test03_OK_chg,충전,OK,209,0,0,0.1944
Test03_OK_chg,충전,OK,210,0,0,0.1687
Test03_OK_chg,충전,OK,211,0,0,0.0561
Test03_OK_chg,충전,OK,212,0,0,0.0545
Test03_OK_chg,충전,OK,213,0,0,0.1715
Test03_OK_chg,충전,OK,214,0,0,0.2078
Test03_OK_chg,충전,OK,215,0,0,0.0394
Test03_OK_chg,충전,OK,216,0,0,0.0343
Test03_OK_chg,충전,OK,217,0,0,0.0514
Test03_OK_chg,충전,OK,218,0,0,0.1159
Test03_OK_chg,충전,OK,219,0,0,0.0105
Test03_OK_chg,충전,OK,220,0,0,0.0037
Test03_OK_chg,충전,OK,221,0,0,0.0182
Test03_OK_chg,충전,OK,222,0,0,0.1747
Test03_OK_chg,충전,OK,223,0,0,0.1266
Test03_OK_chg,충전,OK,224,0,0,0.0342
Test03_OK_chg,충전,OK,225,0,0,0.0343
Test03_OK_chg,충전,OK,226,0,0,0.0421
Test03_OK_chg,충전,OK,227,0,0,0.0344
Test03_OK_chg,충전,OK,228,0,0,0.0365
Test03_OK_chg,충전,OK,229,0,0,0.0475
Test03_OK_chg,충전,OK,230,0,0,0.0054
Test03_OK_chg,충전,OK,231,0,0,0.0054
Test03_OK_chg,충전,OK,232,0,0,0.0149
Test03_OK_chg,충전,OK,233,0,0,0.0341
Test03_OK_chg,충전,OK,234,0,0,0.0473
Test03_OK_chg,충전,OK,235,0,0,0.049
Test03_OK_chg,충전,OK,236,0,0,0.0502
Test03_OK_chg,충전,OK,237,0,0,0.0362
Test03_OK_chg,충전,OK,238,0,0,0.0056
Test03_OK_chg,충전,OK,239,0,0,0.0182
Test03_OK_chg,충전,OK,240,0,0,0.0056
Test03_OK_chg,충전,OK,241,0,0,0.1035
Test03_OK_chg,충전,OK,242,0,0,0.1114
Test03_OK_chg,충전,OK,243,0,0,0.0268
Test03_OK_chg,충전,OK,244,0,0,0.0433
Test03_OK_chg,충전,OK,245,0,0,0.0282
Test03_OK_chg,충전,OK,246,0,0,0.0168
Test03_OK_chg,충전,OK,247,0,0,0.0371
Test03_OK_chg,충전,OK,248,0,0,0.0253
Test03_OK_chg,충전,OK,249,0,0,0.0146
Test03_OK_chg,충전,OK,250,0,0,0.0106
Test03_OK_chg,충전,OK,251,0,0,0.0264
Test03_OK_chg,충전,OK,252,0,0,0.0912
Test03_OK_chg,충전,OK,253,0,0,0.0268
Test03_OK_chg,충전,OK,254,0,0,0.0264
Test03_OK_chg,충전,OK,255,0,0,0.0325
Test03_OK_chg,충전,OK,256,0,0,0.0278
Test03_OK_chg,충전,OK,257,0,0,0.0148
Test03_OK_chg,충전,OK,258,0,0,0.0054
Test03_OK_chg,충전,OK,259,0,0,0.0486
Test03_OK_chg,충전,OK,260,0,0,0.0434
Test03_OK_chg,충전,OK,261,0,0,0.0359
Test03_OK_chg,충전,OK,262,0,0,0.0264
Test03_OK_chg,충전,OK,263,0,0,0.0257
Test03_OK_chg,충전,OK,264,0,0,0.0146
Test03_OK_chg,충전,OK,265,0,0,0.0501
Test03_OK_chg,충전,OK,266,0,0,0.0363
Test03_OK_chg,충전,OK,267,0,0,0.0159
Test03_OK_chg,충전,OK,268,0,0,0.0182
Test03_OK_chg,충전,OK,269,0,0,0.0253
Test03_OK_chg,충전,OK,270,0,0,0.0384
Test03_OK_chg,충전,OK,271,0,0,0.0372
Test03_OK_chg,충전,OK,272,0,0,0.0209
Test03_OK_chg,충전,OK,273,0,0,0.0696
Test03_OK_chg,충전,OK,274,0,0,0.0315
Test03_OK_chg,충전,OK,275,0,0,0.0288
Test03_OK_chg,충전,OK,276,0,0,0.0056
Test03_OK_chg,충전,OK,277,0,0,0.021
Test03_OK_chg,충전,OK,278,0,0,0.031
Test03_OK_chg,충전,OK,279,0,0,0.0747
Test03_OK_chg,충전,OK,280,0,0,0.0314
Test03_OK_chg,충전,OK,281,0,0,0.1031
Test03_OK_chg,충전,OK,282,0,0,0.0168
Test03_OK_chg,충전,OK,283,0,0,0.0286
Test03_OK_chg,충전,OK,284,0,0,0.0312
Test03_OK_chg,충전,OK,285,0,0,0.0146
Test03_OK_chg,충전,OK,286,0,0,0.0159
Test03_OK_chg,충전,OK,287,0,0,0.0106
Test03_OK_chg,충전,OK,288,0,0,0.0216
Test03_OK_chg,충전,OK,289,0,0,0.024
Test03_OK_chg,충전,OK,290,0,0,0.0227
Test03_OK_chg,충전,OK,291,0,0,0.0054
Test03_OK_chg,충전,OK,292,0,0,0.0244
Test03_OK_chg,충전,OK,293,0,0,0.0187
Test03_OK_chg,충전,OK,294,0,0,0.011
Test03_OK_chg,충전,OK,295,0,0,0.0184
Test03_OK_chg,충전,OK,296,0,0,0.0328
Test03_OK_chg,충전,OK,297,0,0,0.0369
Test03_OK_chg,충전,OK,298,0,0,0.0347
Test03_OK_chg,충전,OK,299,0,0,0.0288
Test03_OK_chg,충전,OK,300,0,0,0.0148
Test03_OK_chg,충전,OK,301,0,0,0.0505
Test03_OK_chg,충전,OK,302,0,0,0.0056
Test03_OK_chg,충전,OK,303,0,0,0.0121
Test03_OK_chg,충전,OK,304,0,0,0.0316
Test03_OK_chg,충전,OK,305,0,0,0.0056
Test03_OK_chg,충전,OK,306,0,0,0.0144
Test03_OK_chg,충전,OK,307,0,0,0.0472
Test03_OK_chg,충전,OK,308,0,0,0.0886
Test03_OK_chg,충전,OK,309,0,0,0.0227
Test03_OK_chg,충전,OK,310,0,0,0.0056
Test03_OK_chg,충전,OK,311,0,0,0.048
Test03_OK_chg,충전,OK,312,0,0,0.0056
Test03_OK_chg,충전,OK,313,0,0,0.0309
Test03_OK_chg,충전,OK,314,0,0,0.0424
Test03_OK_chg,충전,OK,315,0,0,0.0562
Test03_OK_chg,충전,OK,316,0,0,0.1138
Test03_OK_chg,충전,OK,317,0,0,0.0277
Test03_OK_chg,충전,OK,318,0,0,0.1014
Test03_OK_chg,충전,OK,319,0,0,0.0146
Test03_OK_chg,충전,OK,320,0,0,0.0056
Test03_OK_chg,충전,OK,321,0,0,0.0228
Test03_OK_chg,충전,OK,322,0,0,0.0393
Test03_OK_chg,충전,OK,323,0,0,0.011
Test03_OK_chg,충전,OK,324,0,0,0.02
Test03_OK_chg,충전,OK,325,0,0,0.0897
Test03_OK_chg,충전,OK,326,0,0,0.0531
Test03_OK_chg,충전,OK,327,0,0,0.0214
Test03_OK_chg,충전,OK,328,0,0,0.0276
Test03_OK_chg,충전,OK,329,0,0,0.0809
Test03_OK_chg,충전,OK,330,0,0,0.0646
Test03_OK_chg,충전,OK,331,0,0,0.0534
Test03_OK_chg,충전,OK,332,0,0,0.0339
Test03_OK_chg,충전,OK,333,0,0,0.0054
Test03_OK_chg,충전,OK,334,0,0,0.0216
Test03_OK_chg,충전,OK,335,0,0,0.0302
Test03_OK_chg,충전,OK,336,0,0,0.2395
Test03_OK_chg,충전,OK,337,0,0,0.0386
Test03_OK_chg,충전,OK,338,0,0,0.0056
Test03_OK_chg,충전,OK,339,0,0,0.0056
Test03_OK_chg,충전,OK,340,0,0,0.0106
Test03_OK_chg,충전,OK,341,0,0,0.066
Test03_OK_chg,충전,OK,342,0,0,0.0226
Test03_OK_chg,충전,OK,343,0,0,0.0146
Test03_OK_chg,충전,OK,344,0,0,0.0012
Test03_OK_chg,충전,OK,345,0,0,0.0146
Test03_OK_chg,충전,OK,346,0,0,0.0692
Test03_OK_chg,충전,OK,347,0,0,0.0121
Test03_OK_chg,충전,OK,348,0,0,0.0598
Test03_OK_chg,충전,OK,349,0,0,0.0121
Test03_OK_chg,충전,OK,350,0,0,0.0282
Test03_OK_chg,충전,OK,351,0,0,0.0314
Test03_OK_chg,충전,OK,352,0,0,0.0259
Test03_OK_chg,충전,OK,353,0,0,0.001
Test03_OK_chg,충전,OK,354,0,0,0.021
Test03_OK_chg,충전,OK,355,0,0,0.0054
Test03_OK_chg,충전,OK,356,0,0,0.0182
Test03_OK_chg,충전,OK,357,0,0,0.0056
Test03_OK_chg,충전,OK,358,0,0,0.0054
Test03_OK_chg,충전,OK,359,0,0,0.0144
Test03_OK_chg,충전,OK,360,0,0,0.0193
Test03_OK_chg,충전,OK,361,0,0,0.0009
Test03_OK_chg,충전,OK,362,0,0,0.0048
Test03_OK_chg,충전,OK,363,0,0,0.018
Test03_OK_chg,충전,OK,364,0,0,0.0014
Test03_OK_chg,충전,OK,365,0,0,0.0463
Test03_OK_chg,충전,OK,366,0,0,0.0146
Test03_OK_chg,충전,OK,367,0,0,0.0056
Test03_OK_chg,충전,OK,368,0,0,0.0125
Test03_OK_chg,충전,OK,369,0,0,0.0021
Test03_OK_chg,충전,OK,370,0,0,0.0011
Test03_OK_chg,충전,OK,371,0,0,0.0123
Test03_OK_chg,충전,OK,372,0,0,0.0017
Test03_OK_chg,충전,OK,373,0,0,0.0052
Test03_OK_chg,충전,OK,374,0,0,0.0145
Test03_OK_chg,충전,OK,375,0,0,0.0145
Test03_OK_chg,충전,OK,376,0,0,0.0503
Test03_OK_chg,충전,OK,377,0,0,0.0393
Test03_OK_chg,충전,OK,378,0,0,0.0011
Test03_OK_chg,충전,OK,379,0,0,0.0125
Test03_OK_chg,충전,OK,380,0,0,0.0074
Test03_OK_chg,충전,OK,381,0,0,0.0015
Test03_OK_chg,충전,OK,382,0,0,0.0009
Test03_OK_chg,충전,OK,383,0,0,0.0984
Test03_OK_chg,충전,OK,384,0,0,0.051
Test03_OK_chg,충전,OK,385,0,0,0.0322
Test03_OK_chg,충전,OK,386,0,0,0.023
Test03_OK_chg,충전,OK,387,0,0,0.002
Test03_OK_chg,충전,OK,388,0,0,0.0115
Test03_OK_chg,충전,OK,389,0,0,0.0056
Test03_OK_chg,충전,OK,390,0,0,0.0017
Test03_OK_chg,충전,OK,391,0,0,0.0048
Test03_OK_chg,충전,OK,392,0,0,0.0015
Test03_OK_chg,충전,OK,393,0,0,0.0133
Test03_OK_chg,충전,OK,394,0,0,0.0067
Test03_OK_chg,충전,OK,395,0,0,0.0098
Test03_OK_chg,충전,OK,396,0,0,0.0181
Test03_OK_chg,충전,OK,397,0,0,0.0027
Test03_OK_chg,충전,OK,398,0,0,0.0019
Test03_OK_chg,충전,OK,399,0,0,0.0008
Test03_OK_chg,충전,OK,400,0,0,0.0451
Test03_OK_chg,충전,OK,401,0,0,0.0265
Test03_OK_chg,충전,OK,402,0,0,0.0423
Test03_OK_chg,충전,OK,403,0,0,0.0012
Test03_OK_chg,충전,OK,404,0,0,0.0012
Test03_OK_chg,충전,OK,405,0,0,0.0123
Test03_OK_chg,충전,OK,406,0,0,0.0046
Test03_OK_chg,충전,OK,407,0,0,0.0012
Test03_OK_chg,충전,OK,408,0,0,0.0157
Test03_OK_chg,충전,OK,409,0,0,0.0205
Test03_OK_chg,충전,OK,410,0,0,0.0009
Test03_OK_chg,충전,OK,411,0,0,0.0046
Test03_OK_chg,충전,OK,412,0,0,0.0049
Test03_OK_chg,충전,OK,413,0,0,0.0015
Test03_OK_chg,충전,OK,414,0,0,0.003
Test03_OK_chg,충전,OK,415,0,0,0.0009
Test03_OK_chg,충전,OK,416,0,0,0.0011
Test03_OK_chg,충전,OK,417,0,0,0.0021
Test03_OK_chg,충전,OK,418,0,0,0.0152
Test03_OK_chg,충전,OK,419,0,0,0.0101
Test03_OK_chg,충전,OK,420,0,0,0.0015
Test03_OK_chg,충전,OK,421,0,0,0.001
Test03_OK_chg,충전,OK,422,0,0,0.0015
Test03_OK_chg,충전,OK,423,0,0,0.0211
Test03_OK_chg,충전,OK,424,0,0,0.0008
Test03_OK_chg,충전,OK,425,0,0,0.0015
Test03_OK_chg,충전,OK,426,0,0,0.0123
Test03_OK_chg,충전,OK,427,0,0,0.0012
Test03_OK_chg,충전,OK,428,0,0,0.0009
Test03_OK_chg,충전,OK,429,0,0,0.0124
Test03_OK_chg,충전,OK,430,0,0,0.0095
Test03_OK_chg,충전,OK,431,0,0,0.0098
Test03_OK_chg,충전,OK,432,0,0,0.003
Test03_OK_chg,충전,OK,433,0,0,0.0021
Test03_OK_chg,충전,OK,434,0,0,0.0012
Test03_OK_chg,충전,OK,435,0,0,0.0045
Test03_OK_chg,충전,OK,436,0,0,0.0087
Test03_OK_chg,충전,OK,437,0,0,0.0013
Test03_OK_chg,충전,OK,438,0,0,0.0106
Test03_OK_chg,충전,OK,439,0,0,0.0037
Test03_OK_chg,충전,OK,440,0,0,0.0044
Test03_OK_chg,충전,OK,441,0,0,0.0029
Test03_OK_chg,충전,OK,442,0,0,0.0094
Test03_OK_chg,충전,OK,443,0,0,0.0027
Test03_OK_chg,충전,OK,444,0,0,0.0066
Test03_OK_chg,충전,OK,445,0,0,0.0098
Test03_OK_chg,충전,OK,446,0,0,0.003
Test03_OK_chg,충전,OK,447,0,0,0.0013
Test03_OK_chg,충전,OK,448,0,0,0.0013
Test03_OK_chg,충전,OK,449,0,0,0.0147
Test03_OK_chg,충전,OK,450,0,0,0.0352
Test03_OK_chg,충전,OK,451,0,0,0.0011
Test03_OK_chg,충전,OK,452,0,0,0.0119
Test03_OK_chg,충전,OK,453,0,0,0.0018
Test03_OK_chg,충전,OK,454,0,0,0.0009
Test03_OK_chg,충전,OK,455,0,0,0.001
Test03_OK_chg,충전,OK,456,0,0,0.0009
Test03_OK_chg,충전,OK,457,0,0,0.0046
Test03_OK_chg,충전,OK,458,0,0,0.0009
Test03_OK_chg,충전,OK,459,0,0,0.0015
Test03_OK_chg,충전,OK,460,0,0,0.0012
Test03_OK_chg,충전,OK,461,0,0,0.0012
Test03_OK_chg,충전,OK,462,0,0,0.0029
Test03_OK_chg,충전,OK,463,0,0,0.0032
Test03_OK_chg,충전,OK,464,0,0,0.0101
Test03_OK_chg,충전,OK,465,0,0,0.0015
Test03_OK_chg,충전,OK,466,0,0,0.0035
Test03_OK_chg,충전,OK,467,0,0,0.0008
Test03_OK_chg,충전,OK,468,0,0,0.0013
Test03_OK_chg,충전,OK,469,0,0,0.1508
Test03_OK_chg,충전,OK,470,0,0,0.0015
Test03_OK_chg,충전,OK,471,0,0,0.001
Test03_OK_chg,충전,OK,472,0,0,0.0015
Test03_OK_chg,충전,OK,473,0,0,0.0018
Test03_OK_chg,충전,OK,474,0,0,0.0045
Test03_OK_chg,충전,OK,475,0,0,0.0045
Test03_OK_chg,충전,OK,476,0,0,0.0012
Test03_OK_chg,충전,OK,477,0,0,0.0009
Test03_OK_chg,충전,OK,478,0,0,0.003
Test03_OK_chg,충전,OK,479,0,0,0.0015
Test03_OK_chg,충전,OK,480,0,0,0.0013
Test03_OK_chg,충전,OK,481,0,0,0.0046
Test03_OK_chg,충전,OK,482,0,0,0.0012
Test03_OK_chg,충전,OK,483,0,0,0.0015
Test03_OK_chg,충전,OK,484,0,0,0.0073
Test03_OK_chg,충전,OK,485,0,0,0.0149
Test03_OK_chg,충전,OK,486,0,0,0.0146
Test03_OK_chg,충전,OK,487,0,0,0.009
Test03_OK_chg,충전,OK,488,0,0,0.0025
Test03_OK_chg,충전,OK,489,0,0,0.001
Test03_OK_chg,충전,OK,490,0,0,0.0015
Test03_OK_chg,충전,OK,491,0,0,0.0032
Test03_OK_chg,충전,OK,492,0,0,0.0008
Test03_OK_chg,충전,OK,493,0,0,0.0011
Test03_OK_chg,충전,OK,494,0,0,0.0556
Test03_OK_chg,충전,OK,495,0,0,0.0035
Test03_OK_chg,충전,OK,496,0,0,0.0042
Test03_OK_chg,충전,OK,497,0,0,0.0403
Test03_OK_chg,충전,OK,498,0,0,0.001
Test03_OK_chg,충전,OK,499,0,0,0.0011
Test03_OK_chg,충전,OK,500,0,0,0.001
Test03_OK_chg,충전,OK,501,0,0,0.0014
Test03_OK_chg,충전,OK,502,0,0,0.0045
Test03_OK_chg,충전,OK,503,0,0,0.0015
Test03_OK_chg,충전,OK,504,0,0,0.0099
Test03_OK_chg,충전,OK,505,0,0,0.0099
Test03_OK_chg,충전,OK,506,0,0,0.0029
Test03_OK_chg,충전,OK,507,0,0,0.0194
Test03_OK_chg,충전,OK,508,0,0,0.0129
Test03_OK_chg,충전,OK,509,0,0,0.0056
Test03_OK_chg,충전,OK,510,0,0,0.0011
Test03_OK_chg,충전,OK,511,0,0,0.0045
Test03_OK_chg,충전,OK,512,0,0,0.0101
Test03_OK_chg,충전,OK,513,0,0,0.0282
Test03_OK_chg,충전,OK,514,0,0,0.0035
Test03_OK_chg,충전,OK,515,0,0,0.0021
Test03_OK_chg,충전,OK,516,0,0,0.0147
Test03_OK_chg,충전,OK,517,0,0,0.0103
Test03_OK_chg,충전,OK,518,0,0,0.0119
Test03_OK_chg,충전,OK,519,0,0,0.0084
Test03_OK_chg,충전,OK,520,0,0,0.001
Test03_OK_chg,충전,OK,521,0,0,0.001
Test03_OK_chg,충전,OK,522,0,0,0.004
Test03_OK_chg,충전,OK,523,0,0,0.0013
Test03_OK_chg,충전,OK,524,0,0,0.0009
Test03_OK_chg,충전,OK,525,0,0,0.0045
Test03_OK_chg,충전,OK,526,0,0,0.0029
Test03_OK_chg,충전,OK,527,0,0,0.001
Test03_OK_chg,충전,OK,528,0,0,0.0011
Test03_OK_chg,충전,OK,529,0,0,0.0012
Test03_OK_chg,충전,OK,530,0,0,0.0084
Test03_OK_chg,충전,OK,531,0,0,0.0008
Test03_OK_chg,충전,OK,532,0,0,0.0046
Test03_OK_chg,충전,OK,533,0,0,0.0327
Test03_OK_chg,충전,OK,534,0,0,0.009
Test03_OK_chg,충전,OK,535,0,0,0.0126
Test03_OK_chg,충전,OK,536,0,0,0.0008
Test03_OK_chg,충전,OK,537,0,0,0.0009
Test03_OK_chg,충전,OK,538,0,0,0.0092
Test03_OK_chg,충전,OK,539,0,0,0.0009
Test03_OK_chg,충전,OK,540,0,0,0.0009
Test03_OK_chg,충전,OK,541,0,0,0.0046
Test03_OK_chg,충전,OK,542,0,0,0.0031
Test03_OK_chg,충전,OK,543,0,0,0.0168
Test03_OK_chg,충전,OK,544,0,0,0.0218
Test03_OK_chg,충전,OK,545,0,0,0.001
Test03_OK_chg,충전,OK,546,0,0,0.0011
Test03_OK_chg,충전,OK,547,0,0,0.0046
Test03_OK_chg,충전,OK,548,0,0,0.0234
Test03_OK_chg,충전,OK,549,0,0,0.0026
Test03_OK_chg,충전,OK,550,0,0,0.0119
Test03_OK_chg,충전,OK,551,0,0,0.0046
Test03_OK_chg,충전,OK,552,0,0,0.0009
Test03_OK_chg,충전,OK,553,0,0,0.009
Test03_OK_chg,충전,OK,554,0,0,0.0114
Test03_OK_chg,충전,OK,555,0,0,0.0405
Test03_OK_chg,충전,OK,556,0,0,0.0194
Test03_OK_chg,충전,OK,557,0,0,0.0045
Test03_OK_chg,충전,OK,558,0,0,0.0054
Test03_OK_chg,충전,OK,559,0,0,0.0015
Test03_OK_chg,충전,OK,560,0,0,0.0101
Test03_OK_chg,충전,OK,561,0,0,0.0013
Test03_OK_chg,충전,OK,562,0,0,0.0029
Test03_OK_chg,충전,OK,563,0,0,0.0029
Test03_OK_chg,충전,OK,564,0,0,0.0162
Test03_OK_chg,충전,OK,565,0,0,0.1677
Test03_OK_chg,충전,OK,566,0,0,0.0029
Test03_OK_chg,충전,OK,567,0,0,0.0094
Test03_OK_chg,충전,OK,568,0,0,0.0046
Test03_OK_chg,충전,OK,569,0,0,0.0131
Test03_OK_chg,충전,OK,570,0,0,0.0084
Test03_OK_chg,충전,OK,571,0,0,0.0119
Test03_OK_chg,충전,OK,572,0,0,0.0025
Test03_OK_chg,충전,OK,573,0,0,0.0045
Test03_OK_chg,충전,OK,574,0,0,0.0023
Test03_OK_chg,충전,OK,575,0,0,0.001
Test03_OK_chg,충전,OK,576,0,0,0.0033
Test03_OK_chg,충전,OK,577,0,0,0.005
Test03_OK_chg,충전,OK,578,0,0,0.0034
Test03_OK_chg,충전,OK,579,0,0,0.0056
Test03_OK_chg,충전,OK,580,0,0,0.0125
Test03_OK_chg,충전,OK,581,0,0,0.005
Test03_OK_chg,충전,OK,582,0,0,0.001
Test03_OK_chg,충전,OK,583,0,0,0.015
Test03_OK_chg,충전,OK,584,0,0,0.0748
Test03_OK_chg,충전,OK,585,0,0,0.0013
Test03_OK_chg,충전,OK,586,0,0,0.0167
Test03_OK_chg,충전,OK,587,0,0,0.0219
Test03_OK_chg,충전,OK,588,0,0,0.3516
Test03_OK_chg,충전,OK,589,0,0,0.0282
Test03_OK_chg,충전,OK,590,0,0,0.0234
Test03_OK_chg,충전,OK,591,0,0,0.0234
Test03_OK_chg,충전,OK,592,0,0,0.0167
Test03_OK_chg,충전,OK,593,0,0,0.0219
Test03_OK_chg,충전,OK,594,0,0,0.001
Test03_OK_chg,충전,OK,595,0,0,0.0181
Test03_OK_chg,충전,OK,596,0,0,0.0146
Test03_OK_chg,충전,OK,597,0,0,0.0234
Test03_OK_chg,충전,OK,598,0,0,0.0133
Test03_OK_chg,충전,OK,599,0,0,0.001
Test03_OK_chg,충전,OK,600,0,0,0.0099
Test03_OK_chg,충전,OK,601,0,0,0.0472
Test03_OK_chg,충전,OK,602,0,0,0.0307
Test03_OK_chg,충전,OK,603,0,0,0.0119
Test03_OK_chg,충전,OK,604,0,0,0.0308
Test03_OK_chg,충전,OK,605,0,0,0.0008
Test03_OK_chg,충전,OK,606,0,0,0.0094
Test03_OK_chg,충전,OK,607,0,0,0.0106
Test03_OK_chg,충전,OK,608,0,0,0.0046
Test03_OK_chg,충전,OK,609,0,0,0.0008
Test03_OK_chg,충전,OK,610,0,0,0.0302
Test03_OK_chg,충전,OK,611,0,0,0.0047
Test03_OK_chg,충전,OK,612,0,0,0.0308
Test03_OK_chg,충전,OK,613,0,0,0.0022
Test03_OK_chg,충전,OK,614,0,0,0.0009
Test03_OK_chg,충전,OK,615,0,0,0.0056
Test03_OK_chg,충전,OK,616,0,0,0.0181
Test03_OK_chg,충전,OK,617,0,0,0.0022
Test03_OK_chg,충전,OK,618,0,0,0.0084
Test03_OK_chg,충전,OK,619,0,0,0.0232
Test03_OK_chg,충전,OK,620,0,0,0.0013
Test03_OK_chg,충전,OK,621,0,0,0.0254
Test03_OK_chg,충전,OK,622,0,0,0.0119
Test03_OK_chg,충전,OK,623,0,0,0.0133
Test03_OK_chg,충전,OK,624,0,0,0.0219
Test03_OK_chg,충전,OK,625,0,0,0.0008
Test03_OK_chg,충전,OK,626,0,0,0.0353
Test03_OK_chg,충전,OK,627,0,0,0.0167
Test03_OK_chg,충전,OK,628,0,0,0.001
Test03_OK_chg,충전,OK,629,0,0,0.0219
Test03_OK_chg,충전,OK,630,0,0,0.0012
Test03_OK_chg,충전,OK,631,0,0,0.0057
Test03_OK_chg,충전,OK,632,0,0,0.0099
Test03_OK_chg,충전,OK,633,0,0,0.0026
Test03_OK_chg,충전,OK,634,0,0,0.0138
Test03_OK_chg,충전,OK,635,0,0,0.0018
Test03_OK_chg,충전,OK,636,0,0,0.0405
Test03_OK_chg,충전,OK,637,0,0,0.0302
Test03_OK_chg,충전,OK,638,0,0,0.0308
Test03_OK_chg,충전,OK,639,0,0,0.0011
Test03_OK_chg,충전,OK,640,0,0,0.0339
Test03_OK_chg,충전,OK,641,0,0,0.0118
Test03_OK_chg,충전,OK,642,0,0,0.0008
Test03_OK_chg,충전,OK,643,0,0,0.0011
Test03_OK_chg,충전,OK,644,0,0,0.0061
Test03_OK_chg,충전,OK,645,0,0,0.0026
Test03_OK_chg,충전,OK,646,0,0,0.029
Test03_OK_chg,충전,OK,647,0,0,0.0018
Test03_OK_chg,충전,OK,648,0,0,0.0106
Test03_OK_chg,충전,OK,649,0,0,0.0029
Test03_OK_chg,충전,OK,650,0,0,0.0008
Test03_OK_chg,충전,OK,651,0,0,0.0071
Test03_OK_chg,충전,OK,652,0,0,0.0022
Test03_OK_chg,충전,OK,653,0,0,0.0053
Test03_OK_chg,충전,OK,654,0,0,0.0232
Test03_OK_chg,충전,OK,655,0,0,0.0256
Test03_OK_chg,충전,OK,656,0,0,0.0026
Test03_OK_chg,충전,OK,657,0,0,0.0307
Test03_OK_chg,충전,OK,658,0,0,0.0161
Test03_OK_chg,충전,OK,659,0,0,0.0353
Test03_OK_chg,충전,OK,660,0,0,0.0368
Test03_OK_chg,충전,OK,661,0,0,0.0232
Test03_OK_chg,충전,OK,662,0,0,0.0128
Test03_OK_chg,충전,OK,663,0,0,0.0234
Test03_OK_chg,충전,OK,664,0,0,0.0146
Test03_OK_chg,충전,OK,665,0,0,0.0104
Test03_OK_chg,충전,OK,666,0,0,0.0147
Test03_OK_chg,충전,OK,667,0,0,0.048
Test03_OK_chg,충전,OK,668,0,0,0.0061
Test03_OK_chg,충전,OK,669,0,0,0.0099
Test03_OK_chg,충전,OK,670,0,0,0.0057
Test03_OK_chg,충전,OK,671,0,0,0.0185
Test03_OK_chg,충전,OK,672,0,0,0.0445
Test03_OK_chg,충전,OK,673,0,0,0.022
Test03_OK_chg,충전,OK,674,0,0,0.0309
Test03_OK_chg,충전,OK,675,0,0,0.0256
Test03_OK_chg,충전,OK,676,0,0,0.031
Test03_OK_chg,충전,OK,677,0,0,0.0053
Test03_OK_chg,충전,OK,678,0,0,0.0127
Test03_OK_chg,충전,OK,679,0,0,0.0018
Test03_OK_chg,충전,OK,680,0,0,0.0559
Test03_OK_chg,충전,OK,681,0,0,0.0024
Test03_OK_chg,충전,OK,682,0,0,0.0094
Test03_OK_chg,충전,OK,683,0,0,0.0271
Test03_OK_chg,충전,OK,684,0,0,0.0134
Test03_OK_chg,충전,OK,685,0,0,0.0019
Test03_OK_chg,충전,OK,686,0,0,0.0031
Test03_OK_chg,충전,OK,687,0,0,0.0207
Test03_OK_chg,충전,OK,688,0,0,0.0182
Test03_OK_chg,충전,OK,689,0,0,0.0232
Test03_OK_chg,충전,OK,690,0,0,0.0354
Test03_OK_chg,충전,OK,691,0,0,0.0308
Test03_OK_chg,충전,OK,692,0,0,0.0302
Test03_OK_chg,충전,OK,693,0,0,0.1346
Test03_OK_chg,충전,OK,694,0,0,0.0721
Test03_OK_chg,충전,OK,695,0,0,0.0026
Test03_OK_chg,충전,OK,696,0,0,0.0133
Test03_OK_chg,충전,OK,697,0,0,0.0135
Test03_OK_chg,충전,OK,698,0,0,0.0147
Test03_OK_chg,충전,OK,699,0,0,0.0061
Test03_OK_chg,충전,OK,700,0,0,0.0135
Test03_OK_chg,충전,OK,701,0,0,0.0061
Test03_OK_chg,충전,OK,702,0,0,0.0181
Test03_OK_chg,충전,OK,703,0,0,0.0119
Test03_OK_chg,충전,OK,704,0,0,0.0143
Test03_OK_chg,충전,OK,705,0,0,0.0134
Test03_OK_chg,충전,OK,706,0,0,0.0232
Test03_OK_chg,충전,OK,707,0,0,0.0026
Test03_OK_chg,충전,OK,708,0,0,0.0481
Test03_OK_chg,충전,OK,709,0,0,0.0119
Test03_OK_chg,충전,OK,710,0,0,0.022
Test03_OK_chg,충전,OK,711,0,0,0.0147
Test03_OK_chg,충전,OK,712,0,0,0.0614
Test03_OK_chg,충전,OK,713,0,0,0.0308
Test03_OK_chg,충전,OK,714,0,0,0.0256
Test03_OK_chg,충전,OK,715,0,0,0.0061
Test03_OK_chg,충전,OK,716,0,0,0.0304
Test03_OK_chg,충전,OK,717,0,0,0.0124
Test03_OK_chg,충전,OK,718,0,0,0.0145
Test03_OK_chg,충전,OK,719,0,0,0.0027
Test03_OK_chg,충전,OK,720,0,0,0.0353
Test03_OK_chg,충전,OK,721,0,0,0.0147
Test03_OK_chg,충전,OK,722,0,0,0.0255
Test03_OK_chg,충전,OK,723,0,0,0.0147
Test03_OK_chg,충전,OK,724,0,0,0.0612
Test03_OK_chg,충전,OK,725,0,0,0.0613
Test03_OK_chg,충전,OK,726,0,0,0.0149
Test03_OK_chg,충전,OK,727,0,0,0.0125
Test03_OK_chg,충전,OK,728,0,0,0.0145
Test03_OK_chg,충전,OK,729,0,0,0.039
Test03_OK_chg,충전,OK,730,0,0,0.0027
Test03_OK_chg,충전,OK,731,0,0,0.0311
Test03_OK_chg,충전,OK,732,0,0,0.0347
Test03_OK_chg,충전,OK,733,0,0,0.0132
Test03_OK_chg,충전,OK,734,0,0,0.0132
Test03_OK_chg,충전,OK,735,0,0,0.0352
Test03_OK_chg,충전,OK,736,0,0,0.0308
Test03_OK_chg,충전,OK,737,0,0,0.0059
Test03_OK_chg,충전,OK,738,0,0,0.0131
Test03_OK_chg,충전,OK,739,0,0,0.0148
Test03_OK_chg,충전,OK,740,0,0,0.0152
Test03_OK_chg,충전,OK,741,0,0,0.0213
Test03_OK_chg,충전,OK,742,0,0,0.0147
Test03_OK_chg,충전,OK,743,0,0,0.0213
Test03_OK_chg,충전,OK,744,0,0,0.0147
Test03_OK_chg,충전,OK,745,0,0,0.0124
Test03_OK_chg,충전,OK,746,0,0,0.0218
Test03_OK_chg,충전,OK,747,0,0,0.0232
Test03_OK_chg,충전,OK,748,0,0,0.0307
Test03_OK_chg,충전,OK,749,0,0,0.0308
Test03_OK_chg,충전,OK,750,0,0,0.0026
Test03_OK_chg,충전,OK,751,0,0,0.0119
Test03_OK_chg,충전,OK,752,0,0,0.0145
Test03_OK_chg,충전,OK,753,0,0,0.0307
Test03_OK_chg,충전,OK,754,0,0,0.0352
Test03_OK_chg,충전,OK,755,0,0,0.0125
Test03_OK_chg,충전,OK,756,0,0,0.0255
Test03_OK_chg,충전,OK,757,0,0,0.0356
Test03_OK_chg,충전,OK,758,0,0,0.0254
Test03_OK_chg,충전,OK,759,0,0,0.0352
Test03_OK_chg,충전,OK,760,0,0,0.039
Test03_OK_chg,충전,OK,761,0,0,0.0147
Test03_OK_chg,충전,OK,762,0,0,0.0254
Test03_OK_chg,충전,OK,763,0,0,0.006
Test03_OK_chg,충전,OK,764,0,0,0.0307
Test03_OK_chg,충전,OK,765,0,0,0.0147
Test03_OK_chg,충전,OK,766,0,0,0.0061
Test03_OK_chg,충전,OK,767,0,0,0.0125
Test03_OK_chg,충전,OK,768,0,0,0.0023
Test03_OK_chg,충전,OK,769,0,0,0.0497
Test03_OK_chg,충전,OK,770,0,0,0.0309
Test03_OK_chg,충전,OK,771,0,0,0.0427
Test03_OK_chg,충전,OK,772,0,0,0.0133
Test03_OK_chg,충전,OK,773,0,0,0.0133
Test03_OK_chg,충전,OK,774,0,0,0.0133
Test03_OK_chg,충전,OK,775,0,0,0.0132
Test03_OK_chg,충전,OK,776,0,0,0.0122
Test03_OK_chg,충전,OK,777,0,0,0.039
Test03_OK_chg,충전,OK,778,0,0,0.0221
Test03_OK_chg,충전,OK,779,0,0,0.0133
Test03_OK_chg,충전,OK,780,0,0,0.0309
Test03_OK_chg,충전,OK,781,0,0,0.1245
Test03_OK_chg,충전,OK,782,0,0,0.0132
Test03_OK_chg,충전,OK,783,0,0,0.0339
Test03_OK_chg,충전,OK,784,0,0,0.039
Test03_OK_chg,충전,OK,785,0,0,0.0441
Test03_OK_chg,충전,OK,786,0,0,0.0219
Test03_OK_chg,충전,OK,787,0,0,0.0309
Test03_OK_chg,충전,OK,788,0,0,0.0124
Test03_OK_chg,충전,OK,789,0,0,0.0147
Test03_OK_chg,충전,OK,790,0,0,0.0127
Test03_OK_chg,충전,OK,791,0,0,0.0133
Test03_OK_chg,충전,OK,792,0,0,0.0147
Test03_OK_chg,충전,OK,793,0,0,0.0393
Test03_OK_chg,충전,OK,794,0,0,0.0479
Test03_OK_chg,충전,OK,795,0,0,0.0147
Test03_OK_chg,충전,OK,796,0,0,0.039
Test03_OK_chg,충전,OK,797,0,0,0.0135
Test03_OK_chg,충전,OK,798,0,0,0.0271
Test03_OK_chg,충전,OK,799,0,0,0.0428
Test03_OK_chg,충전,OK,800,0,0,0.0285
Test03_OK_chg,충전,OK,801,0,0,0.039
Test03_OK_chg,충전,OK,802,0,0,0.0147
Test03_OK_chg,충전,OK,803,0,0,0.0169
Test03_OK_chg,충전,OK,804,0,0,0.0444
Test03_OK_chg,충전,OK,805,0,0,0.0133
Test03_OK_chg,충전,OK,806,0,0,0.039
Test03_OK_chg,충전,OK,807,0,0,0.0308
Test03_OK_chg,충전,OK,808,0,0,0.0444
Test03_OK_chg,충전,OK,809,0,0,0.019
Test03_OK_chg,충전,OK,810,0,0,0.022
Test03_OK_chg,충전,OK,811,0,0,0.0219
Test03_OK_chg,충전,OK,812,0,0,0.0445
Test03_OK_chg,충전,OK,813,0,0,0.0134
Test03_OK_chg,충전,OK,814,0,0,0.0377
Test03_OK_chg,충전,OK,815,0,0,0.0027
Test03_OK_chg,충전,OK,816,0,0,0.0131
Test03_OK_chg,충전,OK,817,0,0,0.0221
Test03_OK_chg,충전,OK,818,0,0,0.039
Test03_OK_chg,충전,OK,819,0,0,0.0308
Test03_OK_chg,충전,OK,820,0,0,0.0341
Test03_OK_chg,충전,OK,821,0,0,0.0026
Test03_OK_chg,충전,OK,822,0,0,0.0125
Test03_OK_chg,충전,OK,823,0,0,0.0308
Test03_OK_chg,충전,OK,824,0,0,0.0061
Test03_OK_chg,충전,OK,825,0,0,0.0302
Test03_OK_chg,충전,OK,826,0,0,0.0133
Test03_OK_chg,충전,OK,827,0,0,0.0308
Test03_OK_chg,충전,OK,828,0,0,0.0309
Test03_OK_chg,충전,OK,829,0,0,0.0309
Test03_OK_chg,충전,OK,830,0,0,0.0309
Test03_OK_chg,충전,OK,831,0,0,0.0308
Test03_OK_chg,충전,OK,832,0,0,0.0339
Test03_OK_chg,충전,OK,833,0,0,0.0219
Test03_OK_chg,충전,OK,834,0,0,0.022
Test03_OK_chg,충전,OK,835,0,0,0.0151
Test03_OK_chg,충전,OK,836,0,0,0.0131
Test03_OK_chg,충전,OK,837,0,0,0.0251
Test03_OK_chg,충전,OK,838,0,0,0.0026
Test03_OK_chg,충전,OK,839,0,0,0.0133
Test03_OK_chg,충전,OK,840,0,0,0.0235
Test03_OK_chg,충전,OK,841,0,0,0.0255
Test03_OK_chg,충전,OK,842,0,0,0.0356
Test03_OK_chg,충전,OK,843,0,0,0.0089
Test03_OK_chg,충전,OK,844,0,0,0.0443
Test03_OK_chg,충전,OK,845,0,0,0.0132
Test03_OK_chg,충전,OK,846,0,0,0.0441
Test03_OK_chg,충전,OK,847,0,0,0.0123
Test03_OK_chg,충전,OK,848,0,0,0.0341
Test03_OK_chg,충전,OK,849,0,0,0.034
Test03_OK_chg,충전,OK,850,0,0,0.0219
Test03_OK_chg,충전,OK,851,0,0,0.0221
Test03_OK_chg,충전,OK,852,0,0,0.0302
Test03_OK_chg,충전,OK,853,0,0,0.0341
Test03_OK_chg,충전,OK,854,0,0,0.0289
Test03_OK_chg,충전,OK,855,0,0,0.0429
Test03_OK_chg,충전,OK,856,0,0,0.0377
Test03_OK_chg,충전,OK,857,0,0,0.0061
Test03_OK_chg,충전,OK,858,0,0,0.0377
Test03_OK_chg,충전,OK,859,0,0,0.034
Test03_OK_chg,충전,OK,860,0,0,0.0441
Test03_OK_chg,충전,OK,861,0,0,0.0442
Test03_OK_chg,충전,OK,862,0,0,0.0441
Test03_OK_chg,충전,OK,863,0,0,0.0443
Test03_OK_chg,충전,OK,864,0,0,0.0442
Test03_OK_chg,충전,OK,865,0,0,0.0219
Test03_OK_chg,충전,OK,866,0,0,0.0389
Test03_OK_chg,충전,OK,867,0,0,0.051
Test03_OK_chg,충전,OK,868,0,0,0.0562
Test03_OK_chg,충전,OK,869,0,0,0.0489
Test03_OK_chg,충전,OK,870,0,0,0.0577
Test03_OK_chg,충전,OK,871,0,0,0.0126
Test03_OK_chg,충전,OK,872,0,0,0.0127
Test03_OK_chg,충전,OK,873,0,0,0.0061
Test03_OK_chg,충전,OK,874,0,0,0.0355
Test03_OK_chg,충전,OK,875,0,0,0.0472
Test03_OK_chg,충전,OK,876,0,0,0.0391
Test03_OK_chg,충전,OK,877,0,0,0.0441
Test03_OK_chg,충전,OK,878,0,0,0.0134
Test03_OK_chg,충전,OK,879,0,0,0.039
Test03_OK_chg,충전,OK,880,0,0,0.0354
Test03_OK_chg,충전,OK,881,0,0,0.0355
Test03_OK_chg,충전,OK,882,0,0,0.0134
Test03_OK_chg,충전,OK,883,0,0,0.0561
Test03_OK_chg,충전,OK,884,0,0,0.0561
Test03_OK_chg,충전,OK,885,0,0,0.0508
Test03_OK_chg,충전,OK,886,0,0,0.0443
Test03_OK_chg,충전,OK,887,0,0,0.0442
Test03_OK_chg,충전,OK,888,0,0,0.0443
Test03_OK_chg,충전,OK,889,0,0,0.0208
Test03_OK_chg,충전,OK,890,0,0,0.0358
Test03_OK_chg,충전,OK,891,0,0,0.0389
Test03_OK_chg,충전,OK,892,0,0,0.0267
Test03_OK_chg,충전,OK,893,0,0,0.0474
Test03_OK_chg,충전,OK,894,0,0,0.0122
Test03_OK_chg,충전,OK,895,0,0,0.0443
Test03_OK_chg,충전,OK,896,0,0,0.039
Test03_OK_chg,충전,OK,897,0,0,0.0442
Test03_OK_chg,충전,OK,898,0,0,0.0443
Test03_OK_chg,충전,OK,899,0,0,0.039
Test03_OK_chg,충전,OK,900,0,0,0.0354
Test03_OK_chg,충전,OK,901,0,0,0.0443
Test03_OK_chg,충전,OK,902,0,0,0.0061
Test03_OK_chg,충전,OK,903,0,0,0.0356
Test03_OK_chg,충전,OK,904,0,0,0.0561
Test03_OK_chg,충전,OK,905,0,0,0.0612
Test03_OK_chg,충전,OK,906,0,0,0.0443
Test03_OK_chg,충전,OK,907,0,0,0.0269
Test03_OK_chg,충전,OK,908,0,0,0.0267
Test03_OK_chg,충전,OK,909,0,0,0.0267
Test03_OK_chg,충전,OK,910,0,0,0.0389
Test03_OK_chg,충전,OK,911,0,0,0.0026
Test03_OK_chg,충전,OK,912,0,0,0.0134
Test03_OK_chg,충전,OK,913,0,0,0.0355
Test03_OK_chg,충전,OK,914,0,0,0.0061
Test03_OK_chg,충전,OK,915,0,0,0.0421
Test03_OK_chg,충전,OK,916,0,0,0.051
Test03_OK_chg,충전,OK,917,0,0,0.0442
Test03_OK_chg,충전,OK,918,0,0,0.0442
Test03_OK_chg,충전,OK,919,0,0,0.042
Test03_OK_chg,충전,OK,920,0,0,0.0259
Test03_OK_chg,충전,OK,921,0,0,0.0443
Test03_OK_chg,충전,OK,922,0,0,0.0358
Test03_OK_chg,충전,OK,923,0,0,0.0353
Test03_OK_chg,충전,OK,924,0,0,0.0442
Test03_OK_chg,충전,OK,925,0,0,0.0442
Test03_OK_chg,충전,OK,926,0,0,0.0353
Test03_OK_chg,충전,OK,927,0,0,0.0267
Test03_OK_chg,충전,OK,928,0,0,0.0025
Test03_OK_chg,충전,OK,929,0,0,0.0356
Test03_OK_chg,충전,OK,930,0,0,0.0136
Test03_OK_chg,충전,OK,931,0,0,0.0443
Test03_OK_chg,충전,OK,932,0,0,0.049
Test03_OK_chg,충전,OK,933,0,0,0.0354
Test03_OK_chg,충전,OK,934,0,0,0.049
Test03_OK_chg,충전,OK,935,0,0,0.0508
Test03_OK_chg,충전,OK,936,0,0,0.0442
Test03_OK_chg,충전,OK,937,0,0,0.0282
Test03_OK_chg,충전,OK,938,0,0,0.0207
Test03_OK_chg,충전,OK,939,0,0,0.0354
Test03_OK_chg,충전,OK,940,0,0,0.037
Test03_OK_chg,충전,OK,941,0,0,0.0355
Test03_OK_chg,충전,OK,942,0,0,0.0443
Test03_OK_chg,충전,OK,943,0,0,0.0437
Test03_OK_chg,충전,OK,944,0,0,0.039
Test03_OK_chg,충전,OK,945,0,0,0.0267
Test03_OK_chg,충전,OK,946,0,0,0.0561
Test03_OK_chg,충전,OK,947,0,0,0.0561
Test03_OK_chg,충전,OK,948,0,0,0.0267
Test03_OK_chg,충전,OK,949,0,0,0.039
Test03_OK_chg,충전,OK,950,0,0,0.0483
Test03_OK_chg,충전,OK,951,0,0,0.0268
Test03_OK_chg,충전,OK,952,0,0,0.0266
Test03_OK_chg,충전,OK,953,0,0,0.0267
Test03_OK_chg,충전,OK,954,0,0,0.0027
Test03_OK_chg,충전,OK,955,0,0,0.0355
Test03_OK_chg,충전,OK,956,0,0,0.0561
Test03_OK_chg,충전,OK,957,0,0,0.0508
Test03_OK_chg,충전,OK,958,0,0,0.0268
Test03_OK_chg,충전,OK,959,0,0,0.039
Test03_OK_chg,충전,OK,960,0,0,0.0389
Test03_OK_chg,충전,OK,961,0,0,0.0474
Test03_OK_chg,충전,OK,962,0,0,0.0508
Test03_OK_chg,충전,OK,963,0,0,0.0266
Test03_OK_chg,충전,OK,964,0,0,0.0389
Test03_OK_chg,충전,OK,965,0,0,0.0108
Test03_OK_chg,충전,OK,966,0,0,0.0439
Test03_OK_chg,충전,OK,967,0,0,0.0204
Test03_OK_chg,충전,OK,968,0,0,0.0269
Test03_OK_chg,충전,OK,969,0,0,0.0126
Test03_OK_chg,충전,OK,970,0,0,0.0267
Test03_OK_chg,충전,OK,971,0,0,0.0302
Test03_OK_chg,충전,OK,972,0,0,0.0353
Test03_OK_chg,충전,OK,973,0,0,0.0106
Test03_OK_chg,충전,OK,974,0,0,0.0016
Test03_OK_chg,충전,OK,975,0,0,0.0141
Test03_OK_chg,충전,OK,976,0,0,0.0242
Test03_OK_chg,충전,OK,977,0,0,0.0062
Test03_OK_chg,충전,OK,978,0,0,0.039
Test03_OK_chg,충전,OK,979,0,0,0.0303
Test03_OK_chg,충전,OK,980,0,0,0.0332
Test03_OK_chg,충전,OK,981,0,0,0.024
Test03_OK_chg,충전,OK,982,0,0,0.0384
Test03_OK_chg,충전,OK,983,0,0,0.0473
Test03_OK_chg,충전,OK,984,0,0,0.0268
Test03_OK_chg,충전,OK,985,0,0,0.0107
Test03_OK_chg,충전,OK,986,0,0,0.0194
Test03_OK_chg,충전,OK,987,0,0,0.0473
Test03_OK_chg,충전,OK,988,0,0,0.02
Test03_OK_chg,충전,OK,989,0,0,0.0119
Test03_OK_chg,충전,OK,990,0,0,0.0352
Test03_OK_chg,충전,OK,991,0,0,0.0205
Test03_OK_chg,충전,OK,992,0,0,0.0112
Test03_OK_chg,충전,OK,993,0,0,0.0107
Test03_OK_chg,충전,OK,994,0,0,0.0201
Test03_OK_chg,충전,OK,995,0,0,0.0108
Test03_OK_chg,충전,OK,996,0,0,0.0305
Test03_OK_chg,충전,OK,997,0,0,0.0443
Test03_OK_chg,충전,OK,998,0,0,0.0442
Test03_OK_chg,충전,OK,999,0,0,0.0334
Test03_OK_chg,충전,OK,1000,0,0,0.0387
Test03_OK_chg,충전,OK,1001,0,0,0.0105
Test03_OK_chg,충전,OK,1002,0,0,0.0423
Test03_OK_chg,충전,OK,1003,0,0,0.0047
Test03_OK_chg,충전,OK,1004,0,0,0.0022
Test03_OK_chg,충전,OK,1005,0,0,0.0012
Test03_OK_chg,충전,OK,1006,0,0,0.0141
Test03_OK_chg,충전,OK,1007,0,0,0.0018
Test03_OK_chg,충전,OK,1008,0,0,0.0065
Test03_OK_chg,충전,OK,1009,0,0,0.0065
Test03_OK_chg,충전,OK,1010,0,0,0.0023
Test03_OK_chg,충전,OK,1011,0,0,0.03
Test03_OK_chg,충전,OK,1012,0,0,0.0303
Test03_OK_chg,충전,OK,1013,0,0,0.0302
Test03_OK_chg,충전,OK,1014,0,0,0.02
Test03_OK_chg,충전,OK,1015,0,0,0.03
Test03_OK_chg,충전,OK,1016,0,0,0.0422
Test03_OK_chg,충전,OK,1017,0,0,0.02
Test03_OK_chg,충전,OK,1018,0,0,0.0422
Test03_OK_chg,충전,OK,1019,0,0,0.02
Test03_OK_chg,충전,OK,1020,0,0,0.0439
Test03_OK_chg,충전,OK,1021,0,0,0.0317
Test03_OK_chg,충전,OK,1022,0,0,0.0203
Test03_OK_chg,충전,OK,1023,0,0,0.0422
Test03_OK_chg,충전,OK,1024,0,0,0.0298
Test03_OK_chg,충전,OK,1025,0,0,0.02
Test03_OK_chg,충전,OK,1026,0,0,0.0028
Test03_OK_chg,충전,OK,1027,0,0,0.042
Test03_OK_chg,충전,OK,1028,0,0,0.0298
Test03_OK_chg,충전,OK,1029,0,0,0.02
Test03_OK_chg,충전,OK,1030,0,0,0.02
Test03_OK_chg,충전,OK,1031,0,0,0.042
Test03_OK_chg,충전,OK,1032,0,0,0.042
Test03_OK_chg,충전,OK,1033,0,0,0.0298
Test03_OK_chg,충전,OK,1034,0,0,0.0298
Test03_OK_chg,충전,OK,1035,0,0,0.02
Test03_OK_chg,충전,OK,1036,0,0,0.0028
Test03_OK_chg,충전,OK,1037,0,0,0.0028
Test03_OK_chg,충전,OK,1038,0,0,0.042
Test03_OK_chg,충전,OK,1039,0,0,0.0359
Test03_OK_chg,충전,OK,1040,0,0,0.0298
Test03_OK_chg,충전,OK,1041,0,0,0.0297
Test03_OK_chg,충전,OK,1042,0,0,0.02
Test03_OK_chg,충전,OK,1043,0,0,0.0028
Test03_OK_chg,충전,OK,1044,0,0,0.0028
Test03_OK_chg,충전,OK,1045,0,0,0.0028
Test03_OK_chg,충전,OK,1046,0,0,0.03
Test03_OK_chg,충전,OK,1047,0,0,0.0331
Test03_OK_chg,충전,OK,1048,0,0,0.021
Test03_OK_chg,충전,OK,1049,0,0,0.021
Test03_OK_chg,충전,OK,1050,0,0,0.0171
Test03_OK_chg,충전,OK,1051,0,0,0.0171
Test03_OK_chg,충전,OK,1052,0,0,0.0028
Test03_OK_chg,충전,OK,1053,0,0,0.0028
Test03_OK_chg,충전,OK,1054,0,0,0.0028
Test03_OK_chg,충전,OK,1055,0,0,0.0028
Test03_OK_chg,충전,OK,1056,0,0,0.0028
Test03_OK_chg,충전,OK,1057,0,0,0.0028
Test03_OK_chg,충전,OK,1058,0,0,0.03
Test03_OK_chg,충전,OK,1059,0,0,0.0179
Test03_OK_chg,충전,OK,1060,0,0,0.0179
Test03_OK_chg,충전,OK,1061,0,0,0.0179
Test03_OK_chg,충전,OK,1062,0,0,0.0179
Test03_OK_chg,충전,OK,1063,0,0,0.0112
Test03_OK_chg,충전,OK,1064,0,0,0.0028
Test03_OK_chg,충전,OK,1065,0,0,0.0028
Test03_OK_chg,충전,OK,1066,0,0,0.0028
Test03_OK_chg,충전,OK,1067,0,0,0.0028
Test03_OK_chg,충전,OK,1068,0,0,0.0028
Test03_OK_chg,충전,OK,1069,0,0,0.03
Test03_OK_chg,충전,OK,1070,0,0,0.03
Test03_OK_chg,충전,OK,1071,0,0,0.03
Test03_OK_chg,충전,OK,1072,0,0,0.03
Test03_OK_chg,충전,OK,1073,0,0,0.0179
Test03_OK_chg,충전,OK,1074,0,0,0.0179
Test03_OK_chg,충전,OK,1075,0,0,0.021
Test03_OK_chg,충전,OK,1076,0,0,0.0125
Test03_OK_chg,충전,OK,1077,0,0,0.0125
Test03_OK_chg,충전,OK,1078,0,0,0.0124
Test03_OK_chg,충전,OK,1079,0,0,0.0028
Test03_OK_chg,충전,OK,1080,0,0,0.0028
Test03_OK_chg,충전,OK,1081,0,0,0.0028
Test03_OK_chg,충전,OK,1082,0,0,0.004
Test03_OK_chg,충전,OK,1083,0,0,0.0137
Test03_OK_chg,충전,OK,1084,0,0,0.0121
Test03_OK_chg,충전,OK,1085,0,0,0.0121
Test03_OK_chg,충전,OK,1086,0,0,0.0121
Test03_OK_chg,충전,OK,1087,0,0,0.03
Test03_OK_chg,충전,OK,1088,0,0,0.03
Test03_OK_chg,충전,OK,1089,0,0,0.0137
Test03_OK_chg,충전,OK,1090,0,0,0.0179
Test03_OK_chg,충전,OK,1091,0,0,0.03
Test03_OK_chg,충전,OK,1092,0,0,0.0179
Test03_OK_chg,충전,OK,1093,0,0,0.024
Test03_OK_chg,충전,OK,1094,0,0,0.021
Test03_OK_chg,충전,OK,1095,0,0,0.0298
Test03_OK_chg,충전,OK,1096,0,0,0.0125
Test03_OK_chg,충전,OK,1097,0,0,0.0125
Test03_OK_chg,충전,OK,1098,0,0,0.0124
Test03_OK_chg,충전,OK,1099,0,0,0.0087
Test03_OK_chg,충전,OK,1100,0,0,0.0028
Test03_OK_chg,충전,OK,1101,0,0,0.0028
Test03_OK_chg,충전,OK,1102,0,0,0.004
Test03_OK_chg,충전,OK,1103,0,0,0.0137
Test03_OK_chg,충전,OK,1104,0,0,0.0121
Test03_OK_chg,충전,OK,1105,0,0,0.0121
Test03_OK_chg,충전,OK,1106,0,0,0.0121
Test03_OK_chg,충전,OK,1107,0,0,0.0121
Test03_OK_chg,충전,OK,1108,0,0,0.0121
Test03_OK_chg,충전,OK,1109,0,0,0.0121
Test03_OK_chg,충전,OK,1110,0,0,0.03
Test03_OK_chg,충전,OK,1111,0,0,0.03
Test03_OK_chg,충전,OK,1112,0,0,0.03
Test03_OK_chg,충전,OK,1113,0,0,0.03
Test03_OK_chg,충전,OK,1114,0,0,0.03
Test03_OK_chg,충전,OK,1115,0,0,0.03
Test03_OK_chg,충전,OK,1116,0,0,0.0331
Test03_OK_chg,충전,OK,1117,0,0,0.042
Test03_OK_chg,충전,OK,1118,0,0,0.0298
Test03_OK_chg,충전,OK,1119,0,0,0.0133
Test03_OK_chg,충전,OK,1120,0,0,0.0133
Test03_OK_chg,충전,OK,1121,0,0,0.0125
Test03_OK_chg,충전,OK,1122,0,0,0.0125
Test03_OK_chg,충전,OK,1123,0,0,0.0125
Test03_OK_chg,충전,OK,1124,0,0,0.0126
Test03_OK_chg,충전,OK,1125,0,0,0.0138
Test03_OK_chg,충전,OK,1126,0,0,0.0234
Test03_OK_chg,충전,OK,1127,0,0,0.0217
Test03_OK_chg,충전,OK,1128,0,0,0.0121
Test03_OK_chg,충전,OK,1129,0,0,0.0121
Test03_OK_chg,충전,OK,1130,0,0,0.0121
Test03_OK_chg,충전,OK,1131,0,0,0.0121
Test03_OK_chg,충전,OK,1132,0,0,0.0121
Test03_OK_chg,충전,OK,1133,0,0,0.0121
Test03_OK_chg,충전,OK,1134,0,0,0.0121
Test03_OK_chg,충전,OK,1135,0,0,0.0121
Test03_OK_chg,충전,OK,1136,0,0,0.0121
Test03_OK_chg,충전,OK,1137,0,0,0.0121
Test03_OK_chg,충전,OK,1138,0,0,0.0121
Test03_OK_chg,충전,OK,1139,0,0,0.0121
Test03_OK_chg,충전,OK,1140,0,0,0.0121
Test03_OK_chg,충전,OK,1141,0,0,0.0121
Test03_OK_chg,충전,OK,1142,0,0,0.03
Test03_OK_chg,충전,OK,1143,0,0,0.0121
Test03_OK_chg,충전,OK,1144,0,0,0.03
Test03_OK_chg,충전,OK,1145,0,0,0.03
Test03_OK_chg,충전,OK,1146,0,0,0.0146
Test03_OK_chg,충전,OK,1147,0,0,0.03
Test03_OK_chg,충전,OK,1148,0,0,0.03
Test03_OK_chg,충전,OK,1149,0,0,0.0133
Test03_OK_chg,충전,OK,1150,0,0,0.0133
Test03_OK_chg,충전,OK,1151,0,0,0.0179
Test03_OK_chg,충전,OK,1152,0,0,0.0133
Test03_OK_chg,충전,OK,1153,0,0,0.0133
Test03_OK_chg,충전,OK,1154,0,0,0.0134
Test03_OK_chg,충전,OK,1155,0,0,0.0146
Test03_OK_chg,충전,OK,1156,0,0,0.0138
Test03_OK_chg,충전,OK,1157,0,0,0.0235
Test03_OK_chg,충전,OK,1158,0,0,0.0218
Test03_OK_chg,충전,OK,1159,0,0,0.0218
Test03_OK_chg,충전,OK,1160,0,0,0.0218
Test03_OK_chg,충전,OK,1161,0,0,0.0218
Test03_OK_chg,충전,OK,1162,0,0,0.0218
Test03_OK_chg,충전,OK,1163,0,0,0.0217
Test03_OK_chg,충전,OK,1164,0,0,0.0217
Test03_OK_chg,충전,OK,1165,0,0,0.0121
Test03_OK_chg,충전,OK,1166,0,0,0.0179
Test03_OK_chg,충전,OK,1167,0,0,0.0179
Test03_OK_chg,충전,OK,1168,0,0,0.0121
Test03_OK_chg,충전,OK,1169,0,0,0.0121
Test03_OK_chg,충전,OK,1170,0,0,0.0121
Test03_OK_chg,충전,OK,1171,0,0,0.0121
Test03_OK_chg,충전,OK,1172,0,0,0.0121
Test03_OK_chg,충전,OK,1173,0,0,0.0121
Test03_OK_chg,충전,OK,1174,0,0,0.0121
Test03_OK_chg,충전,OK,1175,0,0,0.0121
Test03_OK_chg,충전,OK,1176,0,0,0.0121
Test03_OK_chg,충전,OK,1177,0,0,0.0121
Test03_OK_chg,충전,OK,1178,0,0,0.0121
Test03_OK_chg,충전,OK,1179,0,0,0.0121
Test03_OK_chg,충전,OK,1180,0,0,0.0121
Test03_OK_chg,충전,OK,1181,0,0,0.0121
Test03_OK_chg,충전,OK,1182,0,0,0.0121
Test03_OK_chg,충전,OK,1183,0,0,0.0121
Test03_OK_chg,충전,OK,1184,0,0,0.0121
Test03_OK_chg,충전,OK,1185,0,0,0.0121
Test03_OK_chg,충전,OK,1186,0,0,0.0121
Test03_OK_chg,충전,OK,1187,0,0,0.0121
Test03_OK_chg,충전,OK,1188,0,0,0.0121
Test03_OK_chg,충전,OK,1189,0,0,0.0121
Test03_OK_chg,충전,OK,1190,0,0,0.03
Test03_OK_chg,충전,OK,1191,0,0,0.0121
Test03_OK_chg,충전,OK,1192,0,0,0.0121
Test03_OK_chg,충전,OK,1193,0,0,0.03
Test03_OK_chg,충전,OK,1194,0,0,0.03
Test03_OK_chg,충전,OK,1195,0,0,0.0146
Test03_OK_chg,충전,OK,1196,0,0,0.0146
Test03_OK_chg,충전,OK,1197,0,0,0.03
Test03_OK_chg,충전,OK,1198,0,0,0.0134
Test03_OK_chg,충전,OK,1199,0,0,0.0134
Test03_OK_chg,충전,OK,1200,0,0,0.03
Test03_OK_chg,충전,OK,1201,0,0,0.0134
Test03_OK_chg,충전,OK,1202,0,0,0.0134
Test03_OK_chg,충전,OK,1203,0,0,0.0138
Test03_OK_chg,충전,OK,1204,0,0,0.0243
Test03_OK_chg,충전,OK,1205,0,0,0.0243
Test03_OK_chg,충전,OK,1206,0,0,0.0303
Test03_OK_chg,충전,OK,1207,0,0,0.0218
Test03_OK_chg,충전,OK,1208,0,0,0.0286
Test03_OK_chg,충전,OK,1209,0,0,0.0218
Test03_OK_chg,충전,OK,1210,0,0,0.0218
Test03_OK_chg,충전,OK,1211,0,0,0.0218
Test03_OK_chg,충전,OK,1212,0,0,0.0218
Test03_OK_chg,충전,OK,1213,0,0,0.0218
Test03_OK_chg,충전,OK,1214,0,0,0.0218
Test03_OK_chg,충전,OK,1215,0,0,0.0218
Test03_OK_chg,충전,OK,1216,0,0,0.0217
Test03_OK_chg,충전,OK,1217,0,0,0.0179
Test03_OK_chg,충전,OK,1218,0,0,0.0179
Test03_OK_chg,충전,OK,1219,0,0,0.0179
Test03_OK_chg,충전,OK,1220,0,0,0.0121
Test03_OK_chg,충전,OK,1221,0,0,0.0121
Test03_OK_chg,충전,OK,1222,0,0,0.0121
Test03_OK_chg,충전,OK,1223,0,0,0.0121
Test03_OK_chg,충전,OK,1224,0,0,0.0121
Test03_OK_chg,충전,OK,1225,0,0,0.0121
Test03_OK_chg,충전,OK,1226,0,0,0.0121
Test03_OK_chg,충전,OK,1227,0,0,0.0121
Test03_OK_chg,충전,OK,1228,0,0,0.0121
Test03_OK_chg,충전,OK,1229,0,0,0.0121
Test03_OK_chg,충전,OK,1230,0,0,0.0121
Test03_OK_chg,충전,OK,1231,0,0,0.0121
Test03_OK_chg,충전,OK,1232,0,0,0.0121
Test03_OK_chg,충전,OK,1233,0,0,0.0121
Test03_OK_chg,충전,OK,1234,0,0,0.0121
Test03_OK_chg,충전,OK,1235,0,0,0.0121
Test03_OK_chg,충전,OK,1236,0,0,0.0121
Test03_OK_chg,충전,OK,1237,0,0,0.0121
Test03_OK_chg,충전,OK,1238,0,0,0.0121
Test03_OK_chg,충전,OK,1239,0,0,0.0121
Test03_OK_chg,충전,OK,1240,0,0,0.0121
Test03_OK_chg,충전,OK,1241,0,0,0.0121
Test03_OK_chg,충전,OK,1242,0,0,0.0121
Test03_OK_chg,충전,OK,1243,0,0,0.0121
Test03_OK_chg,충전,OK,1244,0,0,0.0121
Test03_OK_chg,충전,OK,1245,0,0,0.0121
Test03_OK_chg,충전,OK,1246,0,0,0.0121
Test03_OK_chg,충전,OK,1247,0,0,0.0121
Test03_OK_chg,충전,OK,1248,0,0,0.0121
Test03_OK_chg,충전,OK,1249,0,0,0.0121
Test03_OK_chg,충전,OK,1250,0,0,0.0121
Test03_OK_chg,충전,OK,1251,0,0,0.0121
Test03_OK_chg,충전,OK,1252,0,0,0.0121
Test03_OK_chg,충전,OK,1253,0,0,0.03
Test03_OK_chg,충전,OK,1254,0,0,0.0121
Test03_OK_chg,충전,OK,1255,0,0,0.0121
Test03_OK_chg,충전,OK,1256,0,0,0.03
Test03_OK_chg,충전,OK,1257,0,0,0.03
Test03_OK_chg,충전,OK,1258,0,0,0.0027
Test03_OK_chg,충전,OK,1259,0,0,0.03
Test03_OK_chg,충전,OK,1260,0,0,0.004
Test03_OK_chg,충전,OK,1261,0,0,0.03
Test03_OK_chg,충전,OK,1262,0,0,0.0134
Test03_OK_chg,충전,OK,1263,0,0,0.0146
Test03_OK_chg,충전,OK,1264,0,0,0.0146
Test03_OK_chg,충전,OK,1265,0,0,0.0146
Test03_OK_chg,충전,OK,1266,0,0,0.03
Test03_OK_chg,충전,OK,1267,0,0,0.0303
Test03_OK_chg,충전,OK,1268,0,0,0.0146
Test03_OK_chg,충전,OK,1269,0,0,0.0303
Test03_OK_chg,충전,OK,1270,0,0,0.0303
Test03_OK_chg,충전,OK,1271,0,0,0.0286
Test03_OK_chg,충전,OK,1272,0,0,0.0286
Test03_OK_chg,충전,OK,1273,0,0,0.0286
Test03_OK_chg,충전,OK,1274,0,0,0.0226
Test03_OK_chg,충전,OK,1275,0,0,0.0286
Test03_OK_chg,충전,OK,1276,0,0,0.0286
Test03_OK_chg,충전,OK,1277,0,0,0.0226
Test03_OK_chg,충전,OK,1278,0,0,0.0286
Test03_OK_chg,충전,OK,1279,0,0,0.0218
Test03_OK_chg,충전,OK,1280,0,0,0.0218
Test03_OK_chg,충전,OK,1281,0,0,0.0286
Test03_OK_chg,충전,OK,1282,0,0,0.0226
Test03_OK_chg,충전,OK,1283,0,0,0.0218
Test03_OK_chg,충전,OK,1284,0,0,0.0218
Test03_OK_chg,충전,OK,1285,0,0,0.0218
Test03_OK_chg,충전,OK,1286,0,0,0.0218
Test03_OK_chg,충전,OK,1287,0,0,0.0218
Test03_OK_chg,충전,OK,1288,0,0,0.0218
Test03_OK_chg,충전,OK,1289,0,0,0.0218
Test03_OK_chg,충전,OK,1290,0,0,0.0218
Test03_OK_chg,충전,OK,1291,0,0,0.0218
Test03_OK_chg,충전,OK,1292,0,0,0.0218
Test03_OK_chg,충전,OK,1293,0,0,0.0218
Test03_OK_chg,충전,OK,1294,0,0,0.0217
Test03_OK_chg,충전,OK,1295,0,0,0.0179
Test03_OK_chg,충전,OK,1296,0,0,0.0179
Test03_OK_chg,충전,OK,1297,0,0,0.0218
Test03_OK_chg,충전,OK,1298,0,0,0.0121
Test03_OK_chg,충전,OK,1299,0,0,0.0217
Test03_OK_chg,충전,OK,1300,0,0,0.0121
Test03_OK_chg,충전,OK,1301,0,0,0.0121
Test03_OK_chg,충전,OK,1302,0,0,0.0121
Test03_OK_chg,충전,OK,1303,0,0,0.0121
Test03_OK_chg,충전,OK,1304,0,0,0.0121
Test03_OK_chg,충전,OK,1305,0,0,0.0121
Test03_OK_chg,충전,OK,1306,0,0,0.0121
Test03_OK_chg,충전,OK,1307,0,0,0.0121
Test03_OK_chg,충전,OK,1308,0,0,0.0121
Test03_OK_chg,충전,OK,1309,0,0,0.0121
Test03_OK_chg,충전,OK,1310,0,0,0.0121
Test03_OK_chg,충전,OK,1311,0,0,0.0121
Test03_OK_chg,충전,OK,1312,0,0,0.0136
Test03_OK_chg,충전,OK,1313,0,0,0.0121
Test03_OK_chg,충전,OK,1314,0,0,0.0121
Test03_OK_chg,충전,OK,1315,0,0,0.0121
Test03_OK_chg,충전,OK,1316,0,0,0.0121
Test03_OK_chg,충전,OK,1317,0,0,0.0121
Test03_OK_chg,충전,OK,1318,0,0,0.0121
Test03_OK_chg,충전,OK,1319,0,0,0.0121
Test03_OK_chg,충전,OK,1320,0,0,0.0121
Test03_OK_chg,충전,OK,1321,0,0,0.0121
Test03_OK_chg,충전,OK,1322,0,0,0.0121
Test03_OK_chg,충전,OK,1323,0,0,0.0121
Test03_OK_chg,충전,OK,1324,0,0,0.0121
Test03_OK_chg,충전,OK,1325,0,0,0.0121
Test03_OK_chg,충전,OK,1326,0,0,0.0121
Test03_OK_chg,충전,OK,1327,0,0,0.0121
Test03_OK_chg,충전,OK,1328,0,0,0.0121
Test03_OK_chg,충전,OK,1329,0,0,0.0121
Test03_OK_chg,충전,OK,1330,0,0,0.0121
Test03_OK_chg,충전,OK,1331,0,0,0.0121
Test03_OK_chg,충전,OK,1332,0,0,0.0121
Test03_OK_chg,충전,OK,1333,0,0,0.0121
Test03_OK_chg,충전,OK,1334,0,0,0.0121
Test03_OK_chg,충전,OK,1335,0,0,0.0121
Test03_OK_chg,충전,OK,1336,0,0,0.0121
Test03_OK_chg,충전,OK,1337,0,0,0.0121
Test03_OK_chg,충전,OK,1338,0,0,0.0121
Test03_OK_chg,충전,OK,1339,0,0,0.0027
Test03_OK_chg,충전,OK,1340,0,0,0.0136
Test03_OK_chg,충전,OK,1341,0,0,0.0121
Test03_OK_chg,충전,OK,1342,0,0,0.0121
Test03_OK_chg,충전,OK,1343,0,0,0.0121
Test03_OK_chg,충전,OK,1344,0,0,0.0027
Test03_OK_chg,충전,OK,1345,0,0,0.0121
Test03_OK_chg,충전,OK,1346,0,0,0.0121
Test03_OK_chg,충전,OK,1347,0,0,0.0027
Test03_OK_chg,충전,OK,1348,0,0,0.0027
Test03_OK_chg,충전,OK,1349,0,0,0.0027
Test03_OK_chg,충전,OK,1350,0,0,0.0032
Test03_OK_chg,충전,OK,1351,0,0,0.0032
Test03_OK_chg,충전,OK,1352,0,0,0.0167
Test03_OK_chg,충전,OK,1353,0,0,0.0032
Test03_OK_chg,충전,OK,1354,0,0,0.0198
Test03_OK_chg,충전,OK,1355,0,0,0.0198
Test03_OK_chg,충전,OK,1356,0,0,0.0198
Test03_OK_chg,충전,OK,1357,0,0,0.0027
Test03_OK_chg,충전,OK,1358,0,0,0.0027
Test03_OK_chg,충전,OK,1359,0,0,0.0027
Test03_OK_chg,충전,OK,1360,0,0,0.0198
Test03_OK_chg,충전,OK,1361,0,0,0.0198
Test03_OK_chg,충전,OK,1362,0,0,0.0027
Test03_OK_chg,충전,OK,1363,0,0,0.0167
Test03_OK_chg,충전,OK,1364,0,0,0.0167
Test03_OK_chg,충전,OK,1365,0,0,0.0167
Test03_OK_chg,충전,OK,1366,0,0,0.0167
Test03_OK_chg,충전,OK,1367,0,0,0.0198
Test03_OK_chg,충전,OK,1368,0,0,0.0286
Test03_OK_chg,충전,OK,1369,0,0,0.0286
Test03_OK_chg,충전,OK,1370,0,0,0.0027
Test03_OK_chg,충전,OK,1371,0,0,0.0286
Test03_OK_chg,충전,OK,1372,0,0,0.0226
Test03_OK_chg,충전,OK,1373,0,0,0.0286
Test03_OK_chg,충전,OK,1374,0,0,0.0286
Test03_OK_chg,충전,OK,1375,0,0,0.0286
Test03_OK_chg,충전,OK,1376,0,0,0.0286
Test03_OK_chg,충전,OK,1377,0,0,0.0286
Test03_OK_chg,충전,OK,1378,0,0,0.0286
Test03_OK_chg,충전,OK,1379,0,0,0.0286
Test03_OK_chg,충전,OK,1380,0,0,0.0286
Test03_OK_chg,충전,OK,1381,0,0,0.0226
Test03_OK_chg,충전,OK,1382,0,0,0.0286
Test03_OK_chg,충전,OK,1383,0,0,0.0286
Test03_OK_chg,충전,OK,1384,0,0,0.0286
Test03_OK_chg,충전,OK,1385,0,0,0.0286
Test03_OK_chg,충전,OK,1386,0,0,0.0218
Test03_OK_chg,충전,OK,1387,0,0,0.0286
Test03_OK_chg,충전,OK,1388,0,0,0.0286
Test03_OK_chg,충전,OK,1389,0,0,0.0286
Test03_OK_chg,충전,OK,1390,0,0,0.0218
Test03_OK_chg,충전,OK,1391,0,0,0.0226
Test03_OK_chg,충전,OK,1392,0,0,0.0218
Test03_OK_chg,충전,OK,1393,0,0,0.0218
Test03_OK_chg,충전,OK,1394,0,0,0.0218
Test03_OK_chg,충전,OK,1395,0,0,0.0218
Test03_OK_chg,충전,OK,1396,0,0,0.0218
Test03_OK_chg,충전,OK,1397,0,0,0.0218
Test03_OK_chg,충전,OK,1398,0,0,0.0226
Test03_OK_chg,충전,OK,1399,0,0,0.0218
Test03_OK_chg,충전,OK,1400,0,0,0.0218
Test03_OK_chg,충전,OK,1401,0,0,0.0218
Test03_OK_chg,충전,OK,1402,0,0,0.0218
Test03_OK_chg,충전,OK,1403,0,0,0.0218
Test03_OK_chg,충전,OK,1404,0,0,0.0218
Test03_OK_chg,충전,OK,1405,0,0,0.0218
Test03_OK_chg,충전,OK,1406,0,0,0.0218
Test03_OK_chg,충전,OK,1407,0,0,0.0218
Test03_OK_chg,충전,OK,1408,0,0,0.0121
Test03_OK_chg,충전,OK,1409,0,0,0.0179
Test03_OK_chg,충전,OK,1410,0,0,0.0121
Test03_OK_chg,충전,OK,1411,0,0,0.0218
Test03_OK_chg,충전,OK,1412,0,0,0.0217
Test03_OK_chg,충전,OK,1413,0,0,0.0121
Test03_OK_chg,충전,OK,1414,0,0,0.0217
Test03_OK_chg,충전,OK,1415,0,0,0.0217
Test03_OK_chg,충전,OK,1416,0,0,0.0121
Test03_OK_chg,충전,OK,1417,0,0,0.0217
Test03_OK_chg,충전,OK,1418,0,0,0.0121
Test03_OK_chg,충전,OK,1419,0,0,0.0121
Test03_OK_chg,충전,OK,1420,0,0,0.0121
Test04_OK_dchg,방전,OK,0,0,0,0.0114
Test04_OK_dchg,방전,OK,1,0,0,0.0114
Test04_OK_dchg,방전,OK,2,0,0,0.0178
Test04_OK_dchg,방전,OK,3,0,0,0.0114
Test04_OK_dchg,방전,OK,4,0,0,0.0114
Test04_OK_dchg,방전,OK,5,0,0,0.0114
Test04_OK_dchg,방전,OK,6,0,0,0.0129
Test04_OK_dchg,방전,OK,7,0,0,0.0114
Test04_OK_dchg,방전,OK,8,0,0,0.0114
Test04_OK_dchg,방전,OK,9,0,0,0.0114
Test04_OK_dchg,방전,OK,10,0,0,0.0114
Test04_OK_dchg,방전,OK,11,0,0,0.0114
Test04_OK_dchg,방전,OK,12,0,0,0.0114
Test04_OK_dchg,방전,OK,13,0,0,0.0114
Test04_OK_dchg,방전,OK,14,0,0,0.0114
Test04_OK_dchg,방전,OK,15,0,0,0.0114
Test04_OK_dchg,방전,OK,16,0,0,0.0114
Test04_OK_dchg,방전,OK,17,0,0,0.0114
Test04_OK_dchg,방전,OK,18,0,0,0.0114
Test04_OK_dchg,방전,OK,19,0,0,0.0114
Test04_OK_dchg,방전,OK,20,0,0,0.0114
Test04_OK_dchg,방전,OK,21,0,0,0.0114
Test04_OK_dchg,방전,OK,22,0,0,0.0114
Test04_OK_dchg,방전,OK,23,0,0,0.0114
Test04_OK_dchg,방전,OK,24,0,0,0.0114
Test04_OK_dchg,방전,OK,25,0,0,0.0114
Test04_OK_dchg,방전,OK,26,0,0,0.0114
Test04_OK_dchg,방전,OK,27,0,0,0.0114
Test04_OK_dchg,방전,OK,28,0,0,0.0114
Test04_OK_dchg,방전,OK,29,0,0,0.0114
Test04_OK_dchg,방전,OK,30,0,0,0.0114
Test04_OK_dchg,방전,OK,31,0,0,0.0114
Test04_OK_dchg,방전,OK,32,0,0,0.0114
Test04_OK_dchg,방전,OK,33,0,0,0.0114
Test04_OK_dchg,방전,OK,34,0,0,0.0114
Test04_OK_dchg,방전,OK,35,0,0,0.0114
Test04_OK_dchg,방전,OK,36,0,0,0.0114
Test04_OK_dchg,방전,OK,37,0,0,0.0114
Test04_OK_dchg,방전,OK,38,0,0,0.0114
Test04_OK_dchg,방전,OK,39,0,0,0.0114
Test04_OK_dchg,방전,OK,40,0,0,0.0114
Test04_OK_dchg,방전,OK,41,0,0,0.0114
Test04_OK_dchg,방전,OK,42,0,0,0.0114
Test04_OK_dchg,방전,OK,43,0,0,0.0114
Test04_OK_dchg,방전,OK,44,0,0,0.0114
Test04_OK_dchg,방전,OK,45,0,0,0.0114
Test04_OK_dchg,방전,OK,46,0,0,0.0114
Test04_OK_dchg,방전,OK,47,0,0,0.0114
Test04_OK_dchg,방전,OK,48,0,0,0.0114
Test04_OK_dchg,방전,OK,49,0,0,0.0114
Test04_OK_dchg,방전,OK,50,0,0,0.0114
Test04_OK_dchg,방전,OK,51,0,0,0.0114
Test04_OK_dchg,방전,OK,52,0,0,0.0114
Test04_OK_dchg,방전,OK,53,0,0,0.0114
Test04_OK_dchg,방전,OK,54,0,0,0.0114
Test04_OK_dchg,방전,OK,55,0,0,0.0114
Test04_OK_dchg,방전,OK,56,0,0,0.0019
Test04_OK_dchg,방전,OK,57,0,0,0.0114
Test04_OK_dchg,방전,OK,58,0,0,0.0019
Test04_OK_dchg,방전,OK,59,0,0,0.0019
Test04_OK_dchg,방전,OK,60,0,0,0.0186
Test04_OK_dchg,방전,OK,61,0,0,0.0026
Test04_OK_dchg,방전,OK,62,0,0,0.0026
Test04_OK_dchg,방전,OK,63,0,0,0.0019
Test04_OK_dchg,방전,OK,64,0,0,0.0019
Test04_OK_dchg,방전,OK,65,0,0,0.0089
Test04_OK_dchg,방전,OK,66,0,0,0.0019
Test04_OK_dchg,방전,OK,67,0,0,0.002
Test04_OK_dchg,방전,OK,68,0,0,0.002
Test04_OK_dchg,방전,OK,69,0,0,0.0089
Test04_OK_dchg,방전,OK,70,0,0,0.002
Test04_OK_dchg,방전,OK,71,0,0,0.0032
Test04_OK_dchg,방전,OK,72,0,0,0.0113
Test04_OK_dchg,방전,OK,73,0,0,0.0113
Test04_OK_dchg,방전,OK,74,0,0,0.0113
Test04_OK_dchg,방전,OK,75,0,0,0.0113
Test04_OK_dchg,방전,OK,76,0,0,0.0113
Test04_OK_dchg,방전,OK,77,0,0,0.0113
Test04_OK_dchg,방전,OK,78,0,0,0.0113
Test04_OK_dchg,방전,OK,79,0,0,0.0155
Test04_OK_dchg,방전,OK,80,0,0,0.0113
Test04_OK_dchg,방전,OK,81,0,0,0.0113
Test04_OK_dchg,방전,OK,82,0,0,0.0113
Test04_OK_dchg,방전,OK,83,0,0,0.0224
Test04_OK_dchg,방전,OK,84,0,0,0.0113
Test04_OK_dchg,방전,OK,85,0,0,0.0113
Test04_OK_dchg,방전,OK,86,0,0,0.0113
Test04_OK_dchg,방전,OK,87,0,0,0.0113
Test04_OK_dchg,방전,OK,88,0,0,0.0113
Test04_OK_dchg,방전,OK,89,0,0,0.0113
Test04_OK_dchg,방전,OK,90,0,0,0.0113
Test04_OK_dchg,방전,OK,91,0,0,0.0113
Test04_OK_dchg,방전,OK,92,0,0,0.0224
Test04_OK_dchg,방전,OK,93,0,0,0.0113
Test04_OK_dchg,방전,OK,94,0,0,0.0113
Test04_OK_dchg,방전,OK,95,0,0,0.0224
Test04_OK_dchg,방전,OK,96,0,0,0.0224
Test04_OK_dchg,방전,OK,97,0,0,0.0032
Test04_OK_dchg,방전,OK,98,0,0,0.0224
Test04_OK_dchg,방전,OK,99,0,0,0.0224
Test04_OK_dchg,방전,OK,100,0,0,0.0019
Test04_OK_dchg,방전,OK,101,0,0,0.0224
Test04_OK_dchg,방전,OK,102,0,0,0.0224
Test04_OK_dchg,방전,OK,103,0,0,0.0255
Test04_OK_dchg,방전,OK,104,0,0,0.0343
Test04_OK_dchg,방전,OK,105,0,0,0.0343
Test04_OK_dchg,방전,OK,106,0,0,0.0343
Test04_OK_dchg,방전,OK,107,0,0,0.0019
Test04_OK_dchg,방전,OK,108,0,0,0.0343
Test04_OK_dchg,방전,OK,109,0,0,0.0343
Test04_OK_dchg,방전,OK,110,0,0,0.0343
Test04_OK_dchg,방전,OK,111,0,0,0.0343
Test04_OK_dchg,방전,OK,112,0,0,0.0343
Test04_OK_dchg,방전,OK,113,0,0,0.0283
Test04_OK_dchg,방전,OK,114,0,0,0.0343
Test04_OK_dchg,방전,OK,115,0,0,0.0343
Test04_OK_dchg,방전,OK,116,0,0,0.0343
Test04_OK_dchg,방전,OK,117,0,0,0.0343
Test04_OK_dchg,방전,OK,118,0,0,0.0343
Test04_OK_dchg,방전,OK,119,0,0,0.0275
Test04_OK_dchg,방전,OK,120,0,0,0.0343
Test04_OK_dchg,방전,OK,121,0,0,0.0343
Test04_OK_dchg,방전,OK,122,0,0,0.0343
Test04_OK_dchg,방전,OK,123,0,0,0.0358
Test04_OK_dchg,방전,OK,124,0,0,0.0343
Test04_OK_dchg,방전,OK,125,0,0,0.0343
Test04_OK_dchg,방전,OK,126,0,0,0.0343
Test04_OK_dchg,방전,OK,127,0,0,0.0275
Test04_OK_dchg,방전,OK,128,0,0,0.0343
Test04_OK_dchg,방전,OK,129,0,0,0.0343
Test04_OK_dchg,방전,OK,130,0,0,0.0275
Test04_OK_dchg,방전,OK,131,0,0,0.0343
Test04_OK_dchg,방전,OK,132,0,0,0.0343
Test04_OK_dchg,방전,OK,133,0,0,0.0343
Test04_OK_dchg,방전,OK,134,0,0,0.0275
Test04_OK_dchg,방전,OK,135,0,0,0.0275
Test04_OK_dchg,방전,OK,136,0,0,0.0343
Test04_OK_dchg,방전,OK,137,0,0,0.0343
Test04_OK_dchg,방전,OK,138,0,0,0.0275
Test04_OK_dchg,방전,OK,139,0,0,0.0275
Test04_OK_dchg,방전,OK,140,0,0,0.0275
Test04_OK_dchg,방전,OK,141,0,0,0.0275
Test04_OK_dchg,방전,OK,142,0,0,0.0275
Test04_OK_dchg,방전,OK,143,0,0,0.0275
Test04_OK_dchg,방전,OK,144,0,0,0.0275
Test04_OK_dchg,방전,OK,145,0,0,0.0343
Test04_OK_dchg,방전,OK,146,0,0,0.0275
Test04_OK_dchg,방전,OK,147,0,0,0.0275
Test04_OK_dchg,방전,OK,148,0,0,0.0275
Test04_OK_dchg,방전,OK,149,0,0,0.0275
Test04_OK_dchg,방전,OK,150,0,0,0.0275
Test04_OK_dchg,방전,OK,151,0,0,0.0275
Test04_OK_dchg,방전,OK,152,0,0,0.0275
Test04_OK_dchg,방전,OK,153,0,0,0.0275
Test04_OK_dchg,방전,OK,154,0,0,0.0289
Test04_OK_dchg,방전,OK,155,0,0,0.0275
Test04_OK_dchg,방전,OK,156,0,0,0.0274
Test04_OK_dchg,방전,OK,157,0,0,0.0274
Test04_OK_dchg,방전,OK,158,0,0,0.0274
Test04_OK_dchg,방전,OK,159,0,0,0.0275
Test04_OK_dchg,방전,OK,160,0,0,0.0275
Test04_OK_dchg,방전,OK,161,0,0,0.0275
Test04_OK_dchg,방전,OK,162,0,0,0.0178
Test04_OK_dchg,방전,OK,163,0,0,0.029
Test04_OK_dchg,방전,OK,164,0,0,0.0178
Test04_OK_dchg,방전,OK,165,0,0,0.0178
Test04_OK_dchg,방전,OK,166,0,0,0.0274
Test04_OK_dchg,방전,OK,167,0,0,0.0178
Test04_OK_dchg,방전,OK,168,0,0,0.0275
Test04_OK_dchg,방전,OK,169,0,0,0.0274
Test04_OK_dchg,방전,OK,170,0,0,0.0236
Test04_OK_dchg,방전,OK,171,0,0,0.0274
Test04_OK_dchg,방전,OK,172,0,0,0.0274
Test04_OK_dchg,방전,OK,173,0,0,0.0178
Test04_OK_dchg,방전,OK,174,0,0,0.0178
Test04_OK_dchg,방전,OK,175,0,0,0.0178
Test04_OK_dchg,방전,OK,176,0,0,0.0178
Test04_OK_dchg,방전,OK,177,0,0,0.0178
Test04_OK_dchg,방전,OK,178,0,0,0.0114
Test04_OK_dchg,방전,OK,179,0,0,0.0178
Test04_OK_dchg,방전,OK,180,0,0,0.0178
Test04_OK_dchg,방전,OK,181,0,0,0.0236
Test04_OK_dchg,방전,OK,182,0,0,0.0114
Test04_OK_dchg,방전,OK,183,0,0,0.0114
Test04_OK_dchg,방전,OK,184,0,0,0.0114
Test04_OK_dchg,방전,OK,185,0,0,0.0114
Test04_OK_dchg,방전,OK,186,0,0,0.0114
Test04_OK_dchg,방전,OK,187,0,0,0.0114
Test04_OK_dchg,방전,OK,188,0,0,0.0114
Test04_OK_dchg,방전,OK,189,0,0,0.0114
Test04_OK_dchg,방전,OK,190,0,0,0.0114
Test04_OK_dchg,방전,OK,191,0,0,0.0114
Test04_OK_dchg,방전,OK,192,0,0,0.0114
Test04_OK_dchg,방전,OK,193,0,0,0.0114
Test04_OK_dchg,방전,OK,194,0,0,0.0114
Test04_OK_dchg,방전,OK,195,0,0,0.0114
Test04_OK_dchg,방전,OK,196,0,0,0.0178
Test04_OK_dchg,방전,OK,197,0,0,0.0114
Test04_OK_dchg,방전,OK,198,0,0,0.0114
Test04_OK_dchg,방전,OK,199,0,0,0.0114
Test04_OK_dchg,방전,OK,200,0,0,0.0114
Test04_OK_dchg,방전,OK,201,0,0,0.0114
Test04_OK_dchg,방전,OK,202,0,0,0.0114
Test04_OK_dchg,방전,OK,203,0,0,0.0114
Test04_OK_dchg,방전,OK,204,0,0,0.0114
Test04_OK_dchg,방전,OK,205,0,0,0.0114
Test04_OK_dchg,방전,OK,206,0,0,0.0114
Test04_OK_dchg,방전,OK,207,0,0,0.0114
Test04_OK_dchg,방전,OK,208,0,0,0.0114
Test04_OK_dchg,방전,OK,209,0,0,0.0114
Test04_OK_dchg,방전,OK,210,0,0,0.0114
Test04_OK_dchg,방전,OK,211,0,0,0.0114
Test04_OK_dchg,방전,OK,212,0,0,0.0114
Test04_OK_dchg,방전,OK,213,0,0,0.0114
Test04_OK_dchg,방전,OK,214,0,0,0.0114
Test04_OK_dchg,방전,OK,215,0,0,0.0114
Test04_OK_dchg,방전,OK,216,0,0,0.0114
Test04_OK_dchg,방전,OK,217,0,0,0.0114
Test04_OK_dchg,방전,OK,218,0,0,0.0114
Test04_OK_dchg,방전,OK,219,0,0,0.0114
Test04_OK_dchg,방전,OK,220,0,0,0.0114
Test04_OK_dchg,방전,OK,221,0,0,0.0114
Test04_OK_dchg,방전,OK,222,0,0,0.0114
Test04_OK_dchg,방전,OK,223,0,0,0.0114
Test04_OK_dchg,방전,OK,224,0,0,0.0114
Test04_OK_dchg,방전,OK,225,0,0,0.0114
Test04_OK_dchg,방전,OK,226,0,0,0.0114
Test04_OK_dchg,방전,OK,227,0,0,0.0114
Test04_OK_dchg,방전,OK,228,0,0,0.0114
Test04_OK_dchg,방전,OK,229,0,0,0.0114
Test04_OK_dchg,방전,OK,230,0,0,0.0114
Test04_OK_dchg,방전,OK,231,0,0,0.0114
Test04_OK_dchg,방전,OK,232,0,0,0.0114
Test04_OK_dchg,방전,OK,233,0,0,0.0114
Test04_OK_dchg,방전,OK,234,0,0,0.0114
Test04_OK_dchg,방전,OK,235,0,0,0.0114
Test04_OK_dchg,방전,OK,236,0,0,0.0114
Test04_OK_dchg,방전,OK,237,0,0,0.0114
Test04_OK_dchg,방전,OK,238,0,0,0.0114
Test04_OK_dchg,방전,OK,239,0,0,0.0114
Test04_OK_dchg,방전,OK,240,0,0,0.0019
Test04_OK_dchg,방전,OK,241,0,0,0.0114
Test04_OK_dchg,방전,OK,242,0,0,0.0114
Test04_OK_dchg,방전,OK,243,0,0,0.0114
Test04_OK_dchg,방전,OK,244,0,0,0.0114
Test04_OK_dchg,방전,OK,245,0,0,0.0114
Test04_OK_dchg,방전,OK,246,0,0,0.0114
Test04_OK_dchg,방전,OK,247,0,0,0.0114
Test04_OK_dchg,방전,OK,248,0,0,0.0114
Test04_OK_dchg,방전,OK,249,0,0,0.0114
Test04_OK_dchg,방전,OK,250,0,0,0.0114
Test04_OK_dchg,방전,OK,251,0,0,0.0114
Test04_OK_dchg,방전,OK,252,0,0,0.0114
Test04_OK_dchg,방전,OK,253,0,0,0.0019
Test04_OK_dchg,방전,OK,254,0,0,0.0019
Test04_OK_dchg,방전,OK,255,0,0,0.0114
Test04_OK_dchg,방전,OK,256,0,0,0.0114
Test04_OK_dchg,방전,OK,257,0,0,0.0114
Test04_OK_dchg,방전,OK,258,0,0,0.0019
Test04_OK_dchg,방전,OK,259,0,0,0.0026
Test04_OK_dchg,방전,OK,260,0,0,0.0019
Test04_OK_dchg,방전,OK,261,0,0,0.0019
Test04_OK_dchg,방전,OK,262,0,0,0.0041
Test04_OK_dchg,방전,OK,263,0,0,0.0026
Test04_OK_dchg,방전,OK,264,0,0,0.0026
Test04_OK_dchg,방전,OK,265,0,0,0.0019
Test04_OK_dchg,방전,OK,266,0,0,0.0026
Test04_OK_dchg,방전,OK,267,0,0,0.0026
Test04_OK_dchg,방전,OK,268,0,0,0.0019
Test04_OK_dchg,방전,OK,269,0,0,0.0026
Test04_OK_dchg,방전,OK,270,0,0,0.0026
Test04_OK_dchg,방전,OK,271,0,0,0.0114
Test04_OK_dchg,방전,OK,272,0,0,0.0019
Test04_OK_dchg,방전,OK,273,0,0,0.0019
Test04_OK_dchg,방전,OK,274,0,0,0.0019
Test04_OK_dchg,방전,OK,275,0,0,0.0089
Test04_OK_dchg,방전,OK,276,0,0,0.0019
Test04_OK_dchg,방전,OK,277,0,0,0.0089
Test04_OK_dchg,방전,OK,278,0,0,0.0019
Test04_OK_dchg,방전,OK,279,0,0,0.002
Test04_OK_dchg,방전,OK,280,0,0,0.0089
Test04_OK_dchg,방전,OK,281,0,0,0.0032
Test04_OK_dchg,방전,OK,282,0,0,0.0032
Test04_OK_dchg,방전,OK,283,0,0,0.0032
Test04_OK_dchg,방전,OK,284,0,0,0.0032
Test04_OK_dchg,방전,OK,285,0,0,0.0113
Test04_OK_dchg,방전,OK,286,0,0,0.0113
Test04_OK_dchg,방전,OK,287,0,0,0.0113
Test04_OK_dchg,방전,OK,288,0,0,0.0113
Test04_OK_dchg,방전,OK,289,0,0,0.0089
Test04_OK_dchg,방전,OK,290,0,0,0.0113
Test04_OK_dchg,방전,OK,291,0,0,0.0113
Test04_OK_dchg,방전,OK,292,0,0,0.0113
Test04_OK_dchg,방전,OK,293,0,0,0.0113
Test04_OK_dchg,방전,OK,294,0,0,0.0113
Test04_OK_dchg,방전,OK,295,0,0,0.0113
Test04_OK_dchg,방전,OK,296,0,0,0.0113
Test04_OK_dchg,방전,OK,297,0,0,0.0113
Test04_OK_dchg,방전,OK,298,0,0,0.0113
Test04_OK_dchg,방전,OK,299,0,0,0.0155
Test04_OK_dchg,방전,OK,300,0,0,0.0113
Test04_OK_dchg,방전,OK,301,0,0,0.0224
Test04_OK_dchg,방전,OK,302,0,0,0.0113
Test04_OK_dchg,방전,OK,303,0,0,0.0113
Test04_OK_dchg,방전,OK,304,0,0,0.0113
Test04_OK_dchg,방전,OK,305,0,0,0.0113
Test04_OK_dchg,방전,OK,306,0,0,0.0113
Test04_OK_dchg,방전,OK,307,0,0,0.0089
Test04_OK_dchg,방전,OK,308,0,0,0.0032
Test04_OK_dchg,방전,OK,309,0,0,0.0113
Test04_OK_dchg,방전,OK,310,0,0,0.0113
Test04_OK_dchg,방전,OK,311,0,0,0.0224
Test04_OK_dchg,방전,OK,312,0,0,0.0113
Test04_OK_dchg,방전,OK,313,0,0,0.0113
Test04_OK_dchg,방전,OK,314,0,0,0.0113
Test04_OK_dchg,방전,OK,315,0,0,0.0113
Test04_OK_dchg,방전,OK,316,0,0,0.0113
Test04_OK_dchg,방전,OK,317,0,0,0.0113
Test04_OK_dchg,방전,OK,318,0,0,0.0113
Test04_OK_dchg,방전,OK,319,0,0,0.0224
Test04_OK_dchg,방전,OK,320,0,0,0.0113
Test04_OK_dchg,방전,OK,321,0,0,0.0224
Test04_OK_dchg,방전,OK,322,0,0,0.0113
Test04_OK_dchg,방전,OK,323,0,0,0.0224
Test04_OK_dchg,방전,OK,324,0,0,0.0032
Test04_OK_dchg,방전,OK,325,0,0,0.0032
Test04_OK_dchg,방전,OK,326,0,0,0.0224
Test04_OK_dchg,방전,OK,327,0,0,0.002
Test04_OK_dchg,방전,OK,328,0,0,0.002
Test04_OK_dchg,방전,OK,329,0,0,0.0032
Test04_OK_dchg,방전,OK,330,0,0,0.0032
Test04_OK_dchg,방전,OK,331,0,0,0.0113
Test04_OK_dchg,방전,OK,332,0,0,0.0113
Test04_OK_dchg,방전,OK,333,0,0,0.0113
Test04_OK_dchg,방전,OK,334,0,0,0.0224
Test04_OK_dchg,방전,OK,335,0,0,0.0113
Test04_OK_dchg,방전,OK,336,0,0,0.0113
Test04_OK_dchg,방전,OK,337,0,0,0.0224
Test04_OK_dchg,방전,OK,338,0,0,0.0113
Test04_OK_dchg,방전,OK,339,0,0,0.0113
Test04_OK_dchg,방전,OK,340,0,0,0.0224
Test04_OK_dchg,방전,OK,341,0,0,0.0239
Test04_OK_dchg,방전,OK,342,0,0,0.002
Test04_OK_dchg,방전,OK,343,0,0,0.002
Test04_OK_dchg,방전,OK,344,0,0,0.0032
Test04_OK_dchg,방전,OK,345,0,0,0.0224
Test04_OK_dchg,방전,OK,346,0,0,0.0224
Test04_OK_dchg,방전,OK,347,0,0,0.0224
Test04_OK_dchg,방전,OK,348,0,0,0.0224
Test04_OK_dchg,방전,OK,349,0,0,0.0255
Test04_OK_dchg,방전,OK,350,0,0,0.0255
Test04_OK_dchg,방전,OK,351,0,0,0.0255
Test04_OK_dchg,방전,OK,352,0,0,0.0343
Test04_OK_dchg,방전,OK,353,0,0,0.0343
Test04_OK_dchg,방전,OK,354,0,0,0.0343
Test04_OK_dchg,방전,OK,355,0,0,0.0343
Test04_OK_dchg,방전,OK,356,0,0,0.0343
Test04_OK_dchg,방전,OK,357,0,0,0.0343
Test04_OK_dchg,방전,OK,358,0,0,0.0343
Test04_OK_dchg,방전,OK,359,0,0,0.0343
Test04_OK_dchg,방전,OK,360,0,0,0.0343
Test04_OK_dchg,방전,OK,361,0,0,0.0343
Test04_OK_dchg,방전,OK,362,0,0,0.0343
Test04_OK_dchg,방전,OK,363,0,0,0.0343
Test04_OK_dchg,방전,OK,364,0,0,0.0343
Test04_OK_dchg,방전,OK,365,0,0,0.0343
Test04_OK_dchg,방전,OK,366,0,0,0.0343
Test04_OK_dchg,방전,OK,367,0,0,0.0343
Test04_OK_dchg,방전,OK,368,0,0,0.0275
Test04_OK_dchg,방전,OK,369,0,0,0.0275
Test04_OK_dchg,방전,OK,370,0,0,0.0343
Test04_OK_dchg,방전,OK,371,0,0,0.0343
Test04_OK_dchg,방전,OK,372,0,0,0.0343
Test04_OK_dchg,방전,OK,373,0,0,0.0283
Test04_OK_dchg,방전,OK,374,0,0,0.0343
Test04_OK_dchg,방전,OK,375,0,0,0.0343
Test04_OK_dchg,방전,OK,376,0,0,0.0275
Test04_OK_dchg,방전,OK,377,0,0,0.0343
Test04_OK_dchg,방전,OK,378,0,0,0.0283
Test04_OK_dchg,방전,OK,379,0,0,0.0343
Test04_OK_dchg,방전,OK,380,0,0,0.0343
Test04_OK_dchg,방전,OK,381,0,0,0.0343
Test04_OK_dchg,방전,OK,382,0,0,0.0343
Test04_OK_dchg,방전,OK,383,0,0,0.0275
Test04_OK_dchg,방전,OK,384,0,0,0.0275
Test04_OK_dchg,방전,OK,385,0,0,0.0343
Test04_OK_dchg,방전,OK,386,0,0,0.0343
Test04_OK_dchg,방전,OK,387,0,0,0.0343
Test04_OK_dchg,방전,OK,388,0,0,0.0343
Test04_OK_dchg,방전,OK,389,0,0,0.0343
Test04_OK_dchg,방전,OK,390,0,0,0.0283
Test04_OK_dchg,방전,OK,391,0,0,0.0343
Test04_OK_dchg,방전,OK,392,0,0,0.0283
Test04_OK_dchg,방전,OK,393,0,0,0.0275
Test04_OK_dchg,방전,OK,394,0,0,0.0343
Test04_OK_dchg,방전,OK,395,0,0,0.0275
Test04_OK_dchg,방전,OK,396,0,0,0.0343
Test04_OK_dchg,방전,OK,397,0,0,0.0358
Test04_OK_dchg,방전,OK,398,0,0,0.0275
Test04_OK_dchg,방전,OK,399,0,0,0.0275
Test04_OK_dchg,방전,OK,400,0,0,0.0275
Test04_OK_dchg,방전,OK,401,0,0,0.0275
Test04_OK_dchg,방전,OK,402,0,0,0.0275
Test04_OK_dchg,방전,OK,403,0,0,0.0275
Test04_OK_dchg,방전,OK,404,0,0,0.0275
Test04_OK_dchg,방전,OK,405,0,0,0.0275
Test04_OK_dchg,방전,OK,406,0,0,0.0275
Test04_OK_dchg,방전,OK,407,0,0,0.0275
Test04_OK_dchg,방전,OK,408,0,0,0.0343
Test04_OK_dchg,방전,OK,409,0,0,0.0275
Test04_OK_dchg,방전,OK,410,0,0,0.0275
Test04_OK_dchg,방전,OK,411,0,0,0.0275
Test04_OK_dchg,방전,OK,412,0,0,0.0343
Test04_OK_dchg,방전,OK,413,0,0,0.0275
Test04_OK_dchg,방전,OK,414,0,0,0.0275
Test04_OK_dchg,방전,OK,415,0,0,0.0275
Test04_OK_dchg,방전,OK,416,0,0,0.0275
Test04_OK_dchg,방전,OK,417,0,0,0.0343
Test04_OK_dchg,방전,OK,418,0,0,0.0343
Test04_OK_dchg,방전,OK,419,0,0,0.0275
Test04_OK_dchg,방전,OK,420,0,0,0.0275
Test04_OK_dchg,방전,OK,421,0,0,0.0275
Test04_OK_dchg,방전,OK,422,0,0,0.0275
Test04_OK_dchg,방전,OK,423,0,0,0.0275
Test04_OK_dchg,방전,OK,424,0,0,0.0275
Test04_OK_dchg,방전,OK,425,0,0,0.0275
Test04_OK_dchg,방전,OK,426,0,0,0.0275
Test04_OK_dchg,방전,OK,427,0,0,0.0275
Test04_OK_dchg,방전,OK,428,0,0,0.0275
Test04_OK_dchg,방전,OK,429,0,0,0.0275
Test04_OK_dchg,방전,OK,430,0,0,0.0275
Test04_OK_dchg,방전,OK,431,0,0,0.0275
Test04_OK_dchg,방전,OK,432,0,0,0.0275
Test04_OK_dchg,방전,OK,433,0,0,0.0275
Test04_OK_dchg,방전,OK,434,0,0,0.0275
Test04_OK_dchg,방전,OK,435,0,0,0.0275
Test04_OK_dchg,방전,OK,436,0,0,0.0274
Test04_OK_dchg,방전,OK,437,0,0,0.0275
Test04_OK_dchg,방전,OK,438,0,0,0.0275
Test04_OK_dchg,방전,OK,439,0,0,0.0275
Test04_OK_dchg,방전,OK,440,0,0,0.0275
Test04_OK_dchg,방전,OK,441,0,0,0.0275
Test04_OK_dchg,방전,OK,442,0,0,0.0275
Test04_OK_dchg,방전,OK,443,0,0,0.0589
Test04_OK_dchg,방전,OK,444,0,0,0.002
Test04_OK_dchg,방전,OK,445,0,0,0.002
Test04_OK_dchg,방전,OK,446,0,0,0.002
Test04_OK_dchg,방전,OK,447,0,0,0.0184
Test04_OK_dchg,방전,OK,448,0,0,0.002
Test04_OK_dchg,방전,OK,449,0,0,0.0113
Test04_OK_dchg,방전,OK,450,0,0,0.0268
Test04_OK_dchg,방전,OK,451,0,0,0.001
Test04_OK_dchg,방전,OK,452,0,0,0.0278
Test04_OK_dchg,방전,OK,453,0,0,0.0014
Test04_OK_dchg,방전,OK,454,0,0,0.0014
Test04_OK_dchg,방전,OK,455,0,0,0.0326
Test04_OK_dchg,방전,OK,456,0,0,0.021
Test04_OK_dchg,방전,OK,457,0,0,0.0014
Test04_OK_dchg,방전,OK,458,0,0,0.0211
Test04_OK_dchg,방전,OK,459,0,0,0.0211
Test04_OK_dchg,방전,OK,460,0,0,0.0089
Test04_OK_dchg,방전,OK,461,0,0,0.021
Test04_OK_dchg,방전,OK,462,0,0,0.0237
Test04_OK_dchg,방전,OK,463,0,0,0.0067
Test04_OK_dchg,방전,OK,464,0,0,0.0175
Test04_OK_dchg,방전,OK,465,0,0,0.001
Test04_OK_dchg,방전,OK,466,0,0,0.0014
Test04_OK_dchg,방전,OK,467,0,0,0.0104
Test04_OK_dchg,방전,OK,468,0,0,0.001
Test04_OK_dchg,방전,OK,469,0,0,0.0014
Test04_OK_dchg,방전,OK,470,0,0,0.0115
Test04_OK_dchg,방전,OK,471,0,0,0.0066
Test04_OK_dchg,방전,OK,472,0,0,0.0268
Test04_OK_dchg,방전,OK,473,0,0,0.0074
Test04_OK_dchg,방전,OK,474,0,0,0.044
Test04_OK_dchg,방전,OK,475,0,0,0.0175
Test04_OK_dchg,방전,OK,476,0,0,0.002
Test04_OK_dchg,방전,OK,477,0,0,0.001
Test04_OK_dchg,방전,OK,478,0,0,0.0294
Test04_OK_dchg,방전,OK,479,0,0,0.0304
Test04_OK_dchg,방전,OK,480,0,0,0.0104
Test04_OK_dchg,방전,OK,481,0,0,0.019
Test04_OK_dchg,방전,OK,482,0,0,0.0177
Test04_OK_dchg,방전,OK,483,0,0,0.0016
Test04_OK_dchg,방전,OK,484,0,0,0.002
Test04_OK_dchg,방전,OK,485,0,0,0.002
Test04_OK_dchg,방전,OK,486,0,0,0.0069
Test04_OK_dchg,방전,OK,487,0,0,0.0019
Test04_OK_dchg,방전,OK,488,0,0,0.0019
Test04_OK_dchg,방전,OK,489,0,0,0.0019
Test04_OK_dchg,방전,OK,490,0,0,0.0143
Test04_OK_dchg,방전,OK,491,0,0,0.0279
Test04_OK_dchg,방전,OK,492,0,0,0.0278
Test04_OK_dchg,방전,OK,493,0,0,0.0113
Test04_OK_dchg,방전,OK,494,0,0,0.0116
Test04_OK_dchg,방전,OK,495,0,0,0.0104
Test04_OK_dchg,방전,OK,496,0,0,0.021
Test04_OK_dchg,방전,OK,497,0,0,0.0129
Test04_OK_dchg,방전,OK,498,0,0,0.0016
Test04_OK_dchg,방전,OK,499,0,0,0.0116
Test04_OK_dchg,방전,OK,500,0,0,0.0083
Test04_OK_dchg,방전,OK,501,0,0,0.002
Test04_OK_dchg,방전,OK,502,0,0,0.0067
Test04_OK_dchg,방전,OK,503,0,0,0.0089
Test04_OK_dchg,방전,OK,504,0,0,0.001
Test04_OK_dchg,방전,OK,505,0,0,0.0104
Test04_OK_dchg,방전,OK,506,0,0,0.0104
Test04_OK_dchg,방전,OK,507,0,0,0.0184
Test04_OK_dchg,방전,OK,508,0,0,0.0019
Test04_OK_dchg,방전,OK,509,0,0,0.0032
Test04_OK_dchg,방전,OK,510,0,0,0.0378
Test04_OK_dchg,방전,OK,511,0,0,0.0066
Test04_OK_dchg,방전,OK,512,0,0,0.0184
Test04_OK_dchg,방전,OK,513,0,0,0.0202
Test04_OK_dchg,방전,OK,514,0,0,0.0096
Test04_OK_dchg,방전,OK,515,0,0,0.0147
Test04_OK_dchg,방전,OK,516,0,0,0.033
Test04_OK_dchg,방전,OK,517,0,0,0.0019
Test04_OK_dchg,방전,OK,518,0,0,0.0019
Test04_OK_dchg,방전,OK,519,0,0,0.0066
Test04_OK_dchg,방전,OK,520,0,0,0.0078
Test04_OK_dchg,방전,OK,521,0,0,0.0019
Test04_OK_dchg,방전,OK,522,0,0,0.0032
Test04_OK_dchg,방전,OK,523,0,0,0.0019
Test04_OK_dchg,방전,OK,524,0,0,0.0191
Test04_OK_dchg,방전,OK,525,0,0,0.0019
Test04_OK_dchg,방전,OK,526,0,0,0.0019
Test04_OK_dchg,방전,OK,527,0,0,0.0031
Test04_OK_dchg,방전,OK,528,0,0,0.0024
Test04_OK_dchg,방전,OK,529,0,0,0.0019
Test04_OK_dchg,방전,OK,530,0,0,0.0113
Test04_OK_dchg,방전,OK,531,0,0,0.0112
Test04_OK_dchg,방전,OK,532,0,0,0.025
Test04_OK_dchg,방전,OK,533,0,0,0.0068
Test04_OK_dchg,방전,OK,534,0,0,0.0403
Test04_OK_dchg,방전,OK,535,0,0,0.0208
Test04_OK_dchg,방전,OK,536,0,0,0.0113
Test04_OK_dchg,방전,OK,537,0,0,0.0019
Test04_OK_dchg,방전,OK,538,0,0,0.0029
Test04_OK_dchg,방전,OK,539,0,0,0.0019
Test04_OK_dchg,방전,OK,540,0,0,0.0019
Test04_OK_dchg,방전,OK,541,0,0,0.0019
Test04_OK_dchg,방전,OK,542,0,0,0.0303
Test04_OK_dchg,방전,OK,543,0,0,0.0191
Test04_OK_dchg,방전,OK,544,0,0,0.0279
Test04_OK_dchg,방전,OK,545,0,0,0.0147
Test04_OK_dchg,방전,OK,546,0,0,0.0155
Test04_OK_dchg,방전,OK,547,0,0,0.0019
Test04_OK_dchg,방전,OK,548,0,0,0.0019
Test04_OK_dchg,방전,OK,549,0,0,0.0019
Test04_OK_dchg,방전,OK,550,0,0,0.0014
Test04_OK_dchg,방전,OK,551,0,0,0.0279
Test04_OK_dchg,방전,OK,552,0,0,0.0019
Test04_OK_dchg,방전,OK,553,0,0,0.0191
Test04_OK_dchg,방전,OK,554,0,0,0.0157
Test04_OK_dchg,방전,OK,555,0,0,0.0083
Test04_OK_dchg,방전,OK,556,0,0,0.015
Test04_OK_dchg,방전,OK,557,0,0,0.0114
Test04_OK_dchg,방전,OK,558,0,0,0.0202
Test04_OK_dchg,방전,OK,559,0,0,0.0082
Test04_OK_dchg,방전,OK,560,0,0,0.0032
Test04_OK_dchg,방전,OK,561,0,0,0.0019
Test04_OK_dchg,방전,OK,562,0,0,0.0019
Test04_OK_dchg,방전,OK,563,0,0,0.0182
Test04_OK_dchg,방전,OK,564,0,0,0.0019
Test04_OK_dchg,방전,OK,565,0,0,0.0026
Test04_OK_dchg,방전,OK,566,0,0,0.0024
Test04_OK_dchg,방전,OK,567,0,0,0.0019
Test04_OK_dchg,방전,OK,568,0,0,0.025
Test04_OK_dchg,방전,OK,569,0,0,0.0087
Test04_OK_dchg,방전,OK,570,0,0,0.0019
Test04_OK_dchg,방전,OK,571,0,0,0.0191
Test04_OK_dchg,방전,OK,572,0,0,0.0019
Test04_OK_dchg,방전,OK,573,0,0,0.0279
Test04_OK_dchg,방전,OK,574,0,0,0.0112
Test04_OK_dchg,방전,OK,575,0,0,0.02
Test04_OK_dchg,방전,OK,576,0,0,0.0019
Test04_OK_dchg,방전,OK,577,0,0,0.0019
Test04_OK_dchg,방전,OK,578,0,0,0.0191
Test04_OK_dchg,방전,OK,579,0,0,0.0077
Test04_OK_dchg,방전,OK,580,0,0,0.0024
Test04_OK_dchg,방전,OK,581,0,0,0.0121
Test04_OK_dchg,방전,OK,582,0,0,0.0303
Test04_OK_dchg,방전,OK,583,0,0,0.0322
Test04_OK_dchg,방전,OK,584,0,0,0.0201
Test04_OK_dchg,방전,OK,585,0,0,0.0116
Test04_OK_dchg,방전,OK,586,0,0,0.0064
Test04_OK_dchg,방전,OK,587,0,0,0.0281
Test04_OK_dchg,방전,OK,588,0,0,0.0019
Test04_OK_dchg,방전,OK,589,0,0,0.0188
Test04_OK_dchg,방전,OK,590,0,0,0.0151
Test04_OK_dchg,방전,OK,591,0,0,0.027
Test04_OK_dchg,방전,OK,592,0,0,0.025
Test04_OK_dchg,방전,OK,593,0,0,0.002
Test04_OK_dchg,방전,OK,594,0,0,0.0019
Test04_OK_dchg,방전,OK,595,0,0,0.0116
Test04_OK_dchg,방전,OK,596,0,0,0.0303
Test04_OK_dchg,방전,OK,597,0,0,0.0024
Test04_OK_dchg,방전,OK,598,0,0,0.0019
Test04_OK_dchg,방전,OK,599,0,0,0.0183
Test04_OK_dchg,방전,OK,600,0,0,0.0156
Test04_OK_dchg,방전,OK,601,0,0,0.0355
Test04_OK_dchg,방전,OK,602,0,0,0.025
Test04_OK_dchg,방전,OK,603,0,0,0.0066
Test04_OK_dchg,방전,OK,604,0,0,0.0019
Test04_OK_dchg,방전,OK,605,0,0,0.002
Test04_OK_dchg,방전,OK,606,0,0,0.0019
Test04_OK_dchg,방전,OK,607,0,0,0.0295
Test04_OK_dchg,방전,OK,608,0,0,0.0084
Test04_OK_dchg,방전,OK,609,0,0,0.0019
Test04_OK_dchg,방전,OK,610,0,0,0.0022
Test04_OK_dchg,방전,OK,611,0,0,0.0029
Test04_OK_dchg,방전,OK,612,0,0,0.0156
Test04_OK_dchg,방전,OK,613,0,0,0.0087
Test04_OK_dchg,방전,OK,614,0,0,0.0276
Test04_OK_dchg,방전,OK,615,0,0,0.0019
Test04_OK_dchg,방전,OK,616,0,0,0.0189
Test04_OK_dchg,방전,OK,617,0,0,0.0225
Test04_OK_dchg,방전,OK,618,0,0,0.0277
Test04_OK_dchg,방전,OK,619,0,0,0.0183
Test04_OK_dchg,방전,OK,620,0,0,0.0083
Test04_OK_dchg,방전,OK,621,0,0,0.0022
Test04_OK_dchg,방전,OK,622,0,0,0.0208
Test04_OK_dchg,방전,OK,623,0,0,0.0276
Test04_OK_dchg,방전,OK,624,0,0,0.0084
Test04_OK_dchg,방전,OK,625,0,0,0.0019
Test04_OK_dchg,방전,OK,626,0,0,0.0084
Test04_OK_dchg,방전,OK,627,0,0,0.0016
Test04_OK_dchg,방전,OK,628,0,0,0.0024
Test04_OK_dchg,방전,OK,629,0,0,0.0062
Test04_OK_dchg,방전,OK,630,0,0,0.0183
Test04_OK_dchg,방전,OK,631,0,0,0.0191
Test04_OK_dchg,방전,OK,632,0,0,0.0174
Test04_OK_dchg,방전,OK,633,0,0,0.0086
Test04_OK_dchg,방전,OK,634,0,0,0.0177
Test04_OK_dchg,방전,OK,635,0,0,0.0156
Test04_OK_dchg,방전,OK,636,0,0,0.0227
Test04_OK_dchg,방전,OK,637,0,0,0.0191
Test04_OK_dchg,방전,OK,638,0,0,0.0235
Test04_OK_dchg,방전,OK,639,0,0,0.0031
Test04_OK_dchg,방전,OK,640,0,0,0.0156
Test04_OK_dchg,방전,OK,641,0,0,0.0129
Test04_OK_dchg,방전,OK,642,0,0,0.0224
Test04_OK_dchg,방전,OK,643,0,0,0.0065
Test04_OK_dchg,방전,OK,644,0,0,0.0019
Test04_OK_dchg,방전,OK,645,0,0,0.0019
Test04_OK_dchg,방전,OK,646,0,0,0.0086
Test04_OK_dchg,방전,OK,647,0,0,0.0156
Test04_OK_dchg,방전,OK,648,0,0,0.0111
Test04_OK_dchg,방전,OK,649,0,0,0.0174
Test04_OK_dchg,방전,OK,650,0,0,0.0183
Test04_OK_dchg,방전,OK,651,0,0,0.011
Test04_OK_dchg,방전,OK,652,0,0,0.0022
Test04_OK_dchg,방전,OK,653,0,0,0.0019
Test04_OK_dchg,방전,OK,654,0,0,0.0084
Test04_OK_dchg,방전,OK,655,0,0,0.0015
Test04_OK_dchg,방전,OK,656,0,0,0.0174
Test04_OK_dchg,방전,OK,657,0,0,0.0347
Test04_OK_dchg,방전,OK,658,0,0,0.0075
Test04_OK_dchg,방전,OK,659,0,0,0.0083
Test04_OK_dchg,방전,OK,660,0,0,0.0086
Test04_OK_dchg,방전,OK,661,0,0,0.0345
Test04_OK_dchg,방전,OK,662,0,0,0.0086
Test04_OK_dchg,방전,OK,663,0,0,0.0136
Test04_OK_dchg,방전,OK,664,0,0,0.0024
Test04_OK_dchg,방전,OK,665,0,0,0.0295
Test04_OK_dchg,방전,OK,666,0,0,0.0469
Test04_OK_dchg,방전,OK,667,0,0,0.0136
Test04_OK_dchg,방전,OK,668,0,0,0.0134
Test04_OK_dchg,방전,OK,669,0,0,0.0156
Test04_OK_dchg,방전,OK,670,0,0,0.0345
Test04_OK_dchg,방전,OK,671,0,0,0.0084
Test04_OK_dchg,방전,OK,672,0,0,0.0112
Test04_OK_dchg,방전,OK,673,0,0,0.0277
Test04_OK_dchg,방전,OK,674,0,0,0.0347
Test04_OK_dchg,방전,OK,675,0,0,0.0084
Test04_OK_dchg,방전,OK,676,0,0,0.0225
Test04_OK_dchg,방전,OK,677,0,0,0.0109
Test04_OK_dchg,방전,OK,678,0,0,0.0064
Test04_OK_dchg,방전,OK,679,0,0,0.0086
Test04_OK_dchg,방전,OK,680,0,0,0.0083
Test04_OK_dchg,방전,OK,681,0,0,0.0095
Test04_OK_dchg,방전,OK,682,0,0,0.0397
Test04_OK_dchg,방전,OK,683,0,0,0.0148
Test04_OK_dchg,방전,OK,684,0,0,0.0016
Test04_OK_dchg,방전,OK,685,0,0,0.0006
Test04_OK_dchg,방전,OK,686,0,0,0.0224
Test04_OK_dchg,방전,OK,687,0,0,0.0023
Test04_OK_dchg,방전,OK,688,0,0,0.0016
Test04_OK_dchg,방전,OK,689,0,0,0.0148
Test04_OK_dchg,방전,OK,690,0,0,0.0005
Test04_OK_dchg,방전,OK,691,0,0,0.0023
Test04_OK_dchg,방전,OK,692,0,0,0.0074
Test04_OK_dchg,방전,OK,693,0,0,0.0096
Test04_OK_dchg,방전,OK,694,0,0,0.0003
Test04_OK_dchg,방전,OK,695,0,0,0.0225
Test04_OK_dchg,방전,OK,696,0,0,0.0119
Test04_OK_dchg,방전,OK,697,0,0,0.0224
Test04_OK_dchg,방전,OK,698,0,0,0.0112
Test04_OK_dchg,방전,OK,699,0,0,0.0005
Test04_OK_dchg,방전,OK,700,0,0,0.0006
Test04_OK_dchg,방전,OK,701,0,0,0.0147
Test04_OK_dchg,방전,OK,702,0,0,0.0179
Test04_OK_dchg,방전,OK,703,0,0,0.0187
Test04_OK_dchg,방전,OK,704,0,0,0.0002
Test04_OK_dchg,방전,OK,705,0,0,0.0023
Test04_OK_dchg,방전,OK,706,0,0,0.0229
Test04_OK_dchg,방전,OK,707,0,0,0.0173
Test04_OK_dchg,방전,OK,708,0,0,0.0179
Test04_OK_dchg,방전,OK,709,0,0,0.0028
Test04_OK_dchg,방전,OK,710,0,0,0.0157
Test04_OK_dchg,방전,OK,711,0,0,0.0018
Test04_OK_dchg,방전,OK,712,0,0,0.0022
Test04_OK_dchg,방전,OK,713,0,0,0.0276
Test04_OK_dchg,방전,OK,714,0,0,0.0005
Test04_OK_dchg,방전,OK,715,0,0,0.0136
Test04_OK_dchg,방전,OK,716,0,0,0.0006
Test04_OK_dchg,방전,OK,717,0,0,0.0023
Test04_OK_dchg,방전,OK,718,0,0,0.0172
Test04_OK_dchg,방전,OK,719,0,0,0.002
Test04_OK_dchg,방전,OK,720,0,0,0.0003
Test04_OK_dchg,방전,OK,721,0,0,0.0004
Test04_OK_dchg,방전,OK,722,0,0,0.0011
Test04_OK_dchg,방전,OK,723,0,0,0.0003
Test04_OK_dchg,방전,OK,724,0,0,0.0005
Test04_OK_dchg,방전,OK,725,0,0,0.0173
Test04_OK_dchg,방전,OK,726,0,0,0.0276
Test04_OK_dchg,방전,OK,727,0,0,0.0174
Test04_OK_dchg,방전,OK,728,0,0,0.1634
Test04_OK_dchg,방전,OK,729,0,0,0.0016
Test04_OK_dchg,방전,OK,730,0,0,0.0052
Test04_OK_dchg,방전,OK,731,0,0,0.0016
Test04_OK_dchg,방전,OK,732,0,0,0.0052
Test04_OK_dchg,방전,OK,733,0,0,0.0052
Test04_OK_dchg,방전,OK,734,0,0,0.0052
Test04_OK_dchg,방전,OK,735,0,0,0.0052
Test04_OK_dchg,방전,OK,736,0,0,0.0016
Test04_OK_dchg,방전,OK,737,0,0,0.0015
Test04_OK_dchg,방전,OK,738,0,0,0.0051
Test04_OK_dchg,방전,OK,739,0,0,0.0051
Test04_OK_dchg,방전,OK,740,0,0,0.0023
Test04_OK_dchg,방전,OK,741,0,0,0.0051
Test04_OK_dchg,방전,OK,742,0,0,0.0018
Test04_OK_dchg,방전,OK,743,0,0,0.0018
Test04_OK_dchg,방전,OK,744,0,0,0.0006
Test04_OK_dchg,방전,OK,745,0,0,0.003
Test04_OK_dchg,방전,OK,746,0,0,0.0023
Test04_OK_dchg,방전,OK,747,0,0,0.0056
Test04_OK_dchg,방전,OK,748,0,0,0.0048
Test04_OK_dchg,방전,OK,749,0,0,0.0023
Test04_OK_dchg,방전,OK,750,0,0,0.0023
Test04_OK_dchg,방전,OK,751,0,0,0.0043
Test04_OK_dchg,방전,OK,752,0,0,0.0043
Test04_OK_dchg,방전,OK,753,0,0,0.0023
Test04_OK_dchg,방전,OK,754,0,0,0.0023
Test04_OK_dchg,방전,OK,755,0,0,0.0018
Test04_OK_dchg,방전,OK,756,0,0,0.0019
Test04_OK_dchg,방전,OK,757,0,0,0.0019
Test04_OK_dchg,방전,OK,758,0,0,0.0019
Test04_OK_dchg,방전,OK,759,0,0,0.0023
Test04_OK_dchg,방전,OK,760,0,0,0.0026
Test04_OK_dchg,방전,OK,761,0,0,0.0019
Test04_OK_dchg,방전,OK,762,0,0,0.0019
Test04_OK_dchg,방전,OK,763,0,0,0.0043
Test04_OK_dchg,방전,OK,764,0,0,0.0023
Test04_OK_dchg,방전,OK,765,0,0,0.0023
Test04_OK_dchg,방전,OK,766,0,0,0.0023
Test04_OK_dchg,방전,OK,767,0,0,0.0023
Test04_OK_dchg,방전,OK,768,0,0,0.0018
Test04_OK_dchg,방전,OK,769,0,0,0.0018
Test04_OK_dchg,방전,OK,770,0,0,0.0019
Test04_OK_dchg,방전,OK,771,0,0,0.0019
Test04_OK_dchg,방전,OK,772,0,0,0.0023
Test04_OK_dchg,방전,OK,773,0,0,0.0023
Test04_OK_dchg,방전,OK,774,0,0,0.0023
Test04_OK_dchg,방전,OK,775,0,0,0.0022
Test04_OK_dchg,방전,OK,776,0,0,0.0023
Test04_OK_dchg,방전,OK,777,0,0,0.0026
Test04_OK_dchg,방전,OK,778,0,0,0.0018
Test04_OK_dchg,방전,OK,779,0,0,0.0006
Test04_OK_dchg,방전,OK,780,0,0,0.0018
Test04_OK_dchg,방전,OK,781,0,0,0.0018
Test04_OK_dchg,방전,OK,782,0,0,0.0018
Test04_OK_dchg,방전,OK,783,0,0,0.0019
Test04_OK_dchg,방전,OK,784,0,0,0.0023
Test04_OK_dchg,방전,OK,785,0,0,0.0023
Test04_OK_dchg,방전,OK,786,0,0,0.0022
Test04_OK_dchg,방전,OK,787,0,0,0.0023
Test04_OK_dchg,방전,OK,788,0,0,0.0022
Test04_OK_dchg,방전,OK,789,0,0,0.0022
Test04_OK_dchg,방전,OK,790,0,0,0.0022
Test04_OK_dchg,방전,OK,791,0,0,0.0013
Test04_OK_dchg,방전,OK,792,0,0,0.0032
Test04_OK_dchg,방전,OK,793,0,0,0.0031
Test04_OK_dchg,방전,OK,794,0,0,0.0006
Test04_OK_dchg,방전,OK,795,0,0,0.0018
Test04_OK_dchg,방전,OK,796,0,0,0.0006
Test04_OK_dchg,방전,OK,797,0,0,0.0006
Test04_OK_dchg,방전,OK,798,0,0,0.0006
Test04_OK_dchg,방전,OK,799,0,0,0.0007
Test04_OK_dchg,방전,OK,800,0,0,0.0023
Test04_OK_dchg,방전,OK,801,0,0,0.0022
Test04_OK_dchg,방전,OK,802,0,0,0.0007
Test04_OK_dchg,방전,OK,803,0,0,0.0022
Test04_OK_dchg,방전,OK,804,0,0,0.0022
Test04_OK_dchg,방전,OK,805,0,0,0.0007
Test04_OK_dchg,방전,OK,806,0,0,0.0028
Test04_OK_dchg,방전,OK,807,0,0,0.0013
Test04_OK_dchg,방전,OK,808,0,0,0.0028
Test04_OK_dchg,방전,OK,809,0,0,0.0013
Test04_OK_dchg,방전,OK,810,0,0,0.0016
Test04_OK_dchg,방전,OK,811,0,0,0.0016
Test04_OK_dchg,방전,OK,812,0,0,0.0016
Test04_OK_dchg,방전,OK,813,0,0,0.0016
Test04_OK_dchg,방전,OK,814,0,0,0.0031
Test04_OK_dchg,방전,OK,815,0,0,0.0016
Test04_OK_dchg,방전,OK,816,0,0,0.0006
Test04_OK_dchg,방전,OK,817,0,0,0.0031
Test04_OK_dchg,방전,OK,818,0,0,0.0006
Test04_OK_dchg,방전,OK,819,0,0,0.0006
Test04_OK_dchg,방전,OK,820,0,0,0.0006
Test04_OK_dchg,방전,OK,821,0,0,0.0006
Test04_OK_dchg,방전,OK,822,0,0,0.0007
Test04_OK_dchg,방전,OK,823,0,0,0.0018
Test04_OK_dchg,방전,OK,824,0,0,0.0007
Test04_OK_dchg,방전,OK,825,0,0,0.0007
Test04_OK_dchg,방전,OK,826,0,0,0.0022
Test04_OK_dchg,방전,OK,827,0,0,0.0022
Test04_OK_dchg,방전,OK,828,0,0,0.0007
Test04_OK_dchg,방전,OK,829,0,0,0.0023
Test04_OK_dchg,방전,OK,830,0,0,0.0008
Test04_OK_dchg,방전,OK,831,0,0,0.0028
Test04_OK_dchg,방전,OK,832,0,0,0.0013
Test04_OK_dchg,방전,OK,833,0,0,0.0029
Test04_OK_dchg,방전,OK,834,0,0,0.0013
Test04_OK_dchg,방전,OK,835,0,0,0.0013
Test04_OK_dchg,방전,OK,836,0,0,0.0016
Test04_OK_dchg,방전,OK,837,0,0,0.0031
Test04_OK_dchg,방전,OK,838,0,0,0.0016
Test04_OK_dchg,방전,OK,839,0,0,0.0016
Test04_OK_dchg,방전,OK,840,0,0,0.0016
Test04_OK_dchg,방전,OK,841,0,0,0.0016
Test04_OK_dchg,방전,OK,842,0,0,0.0016
Test04_OK_dchg,방전,OK,843,0,0,0.0016
Test04_OK_dchg,방전,OK,844,0,0,0.0016
Test04_OK_dchg,방전,OK,845,0,0,0.0016
Test04_OK_dchg,방전,OK,846,0,0,0.0016
Test04_OK_dchg,방전,OK,847,0,0,0.0016
Test04_OK_dchg,방전,OK,848,0,0,0.0016
Test04_OK_dchg,방전,OK,849,0,0,0.0031
Test04_OK_dchg,방전,OK,850,0,0,0.0007
Test04_OK_dchg,방전,OK,851,0,0,0.0016
Test04_OK_dchg,방전,OK,852,0,0,0.0031
Test04_OK_dchg,방전,OK,853,0,0,0.0007
Test04_OK_dchg,방전,OK,854,0,0,0.0009
Test04_OK_dchg,방전,OK,855,0,0,0.0007
Test04_OK_dchg,방전,OK,856,0,0,0.0007
Test04_OK_dchg,방전,OK,857,0,0,0.0006
Test04_OK_dchg,방전,OK,858,0,0,0.0007
Test04_OK_dchg,방전,OK,859,0,0,0.0003
Test04_OK_dchg,방전,OK,860,0,0,0.0007
Test04_OK_dchg,방전,OK,861,0,0,0.0007
Test04_OK_dchg,방전,OK,862,0,0,0.0013
Test04_OK_dchg,방전,OK,863,0,0,0.0013
Test04_OK_dchg,방전,OK,864,0,0,0.0003
Test04_OK_dchg,방전,OK,865,0,0,0.0003
Test04_OK_dchg,방전,OK,866,0,0,0.0003
Test04_OK_dchg,방전,OK,867,0,0,0.0003
Test04_OK_dchg,방전,OK,868,0,0,0.0004
Test04_OK_dchg,방전,OK,869,0,0,0.0004
Test04_OK_dchg,방전,OK,870,0,0,0.0016
Test04_OK_dchg,방전,OK,871,0,0,0.0028
Test04_OK_dchg,방전,OK,872,0,0,0.0013
Test04_OK_dchg,방전,OK,873,0,0,0.0013
Test04_OK_dchg,방전,OK,874,0,0,0.0013
Test04_OK_dchg,방전,OK,875,0,0,0.0013
Test04_OK_dchg,방전,OK,876,0,0,0.0013
Test04_OK_dchg,방전,OK,877,0,0,0.0028
Test04_OK_dchg,방전,OK,878,0,0,0.0013
Test04_OK_dchg,방전,OK,879,0,0,0.0016
Test04_OK_dchg,방전,OK,880,0,0,0.0016
Test04_OK_dchg,방전,OK,881,0,0,0.0016
Test04_OK_dchg,방전,OK,882,0,0,0.0016
Test04_OK_dchg,방전,OK,883,0,0,0.0016
Test04_OK_dchg,방전,OK,884,0,0,0.0016
Test04_OK_dchg,방전,OK,885,0,0,0.0016
Test04_OK_dchg,방전,OK,886,0,0,0.0016
Test04_OK_dchg,방전,OK,887,0,0,0.0016
Test04_OK_dchg,방전,OK,888,0,0,0.0016
Test04_OK_dchg,방전,OK,889,0,0,0.0016
Test04_OK_dchg,방전,OK,890,0,0,0.0016
Test04_OK_dchg,방전,OK,891,0,0,0.0016
Test04_OK_dchg,방전,OK,892,0,0,0.0016
Test04_OK_dchg,방전,OK,893,0,0,0.0007
Test04_OK_dchg,방전,OK,894,0,0,0.0016
Test04_OK_dchg,방전,OK,895,0,0,0.0009
Test04_OK_dchg,방전,OK,896,0,0,0.0016
Test04_OK_dchg,방전,OK,897,0,0,0.0016
Test04_OK_dchg,방전,OK,898,0,0,0.0024
Test04_OK_dchg,방전,OK,899,0,0,0.0007
Test04_OK_dchg,방전,OK,900,0,0,0.0007
Test04_OK_dchg,방전,OK,901,0,0,0.0007
Test04_OK_dchg,방전,OK,902,0,0,0.0007
Test04_OK_dchg,방전,OK,903,0,0,0.0007
Test04_OK_dchg,방전,OK,904,0,0,0.0006
Test04_OK_dchg,방전,OK,905,0,0,0.0007
Test04_OK_dchg,방전,OK,906,0,0,0.0007
Test04_OK_dchg,방전,OK,907,0,0,0.0013
Test04_OK_dchg,방전,OK,908,0,0,0.0013
Test04_OK_dchg,방전,OK,909,0,0,0.0013
Test04_OK_dchg,방전,OK,910,0,0,0.0013
Test04_OK_dchg,방전,OK,911,0,0,0.0013
Test04_OK_dchg,방전,OK,912,0,0,0.0013
Test04_OK_dchg,방전,OK,913,0,0,0.0013
Test04_OK_dchg,방전,OK,914,0,0,0.0013
Test04_OK_dchg,방전,OK,915,0,0,0.0028
Test04_OK_dchg,방전,OK,916,0,0,0.0013
Test04_OK_dchg,방전,OK,917,0,0,0.0013
Test04_OK_dchg,방전,OK,918,0,0,0.0013
Test04_OK_dchg,방전,OK,919,0,0,0.0013
Test04_OK_dchg,방전,OK,920,0,0,0.0013
Test04_OK_dchg,방전,OK,921,0,0,0.0013
Test04_OK_dchg,방전,OK,922,0,0,0.0013
Test04_OK_dchg,방전,OK,923,0,0,0.0014
Test04_OK_dchg,방전,OK,924,0,0,0.0014
Test04_OK_dchg,방전,OK,925,0,0,0.0028
Test04_OK_dchg,방전,OK,926,0,0,0.0013
Test04_OK_dchg,방전,OK,927,0,0,0.0013
Test04_OK_dchg,방전,OK,928,0,0,0.0013
Test04_OK_dchg,방전,OK,929,0,0,0.0013
Test04_OK_dchg,방전,OK,930,0,0,0.0013
Test04_OK_dchg,방전,OK,931,0,0,0.0013
Test04_OK_dchg,방전,OK,932,0,0,0.0013
Test04_OK_dchg,방전,OK,933,0,0,0.0031
Test04_OK_dchg,방전,OK,934,0,0,0.0013
Test04_OK_dchg,방전,OK,935,0,0,0.0013
Test04_OK_dchg,방전,OK,936,0,0,0.0031
Test04_OK_dchg,방전,OK,937,0,0,0.0013
Test04_OK_dchg,방전,OK,938,0,0,0.0016
Test04_OK_dchg,방전,OK,939,0,0,0.0031
Test04_OK_dchg,방전,OK,940,0,0,0.0016
Test04_OK_dchg,방전,OK,941,0,0,0.0016
Test04_OK_dchg,방전,OK,942,0,0,0.0031
Test04_OK_dchg,방전,OK,943,0,0,0.0016
Test04_OK_dchg,방전,OK,944,0,0,0.0016
Test04_OK_dchg,방전,OK,945,0,0,0.0016
Test04_OK_dchg,방전,OK,946,0,0,0.0016
Test04_OK_dchg,방전,OK,947,0,0,0.0016
Test04_OK_dchg,방전,OK,948,0,0,0.0016
Test04_OK_dchg,방전,OK,949,0,0,0.0016
Test04_OK_dchg,방전,OK,950,0,0,0.0016
Test04_OK_dchg,방전,OK,951,0,0,0.0016
Test04_OK_dchg,방전,OK,952,0,0,0.0016
Test04_OK_dchg,방전,OK,953,0,0,0.0016
Test04_OK_dchg,방전,OK,954,0,0,0.0009
Test04_OK_dchg,방전,OK,955,0,0,0.0016
Test04_OK_dchg,방전,OK,956,0,0,0.0016
Test04_OK_dchg,방전,OK,957,0,0,0.0031
Test04_OK_dchg,방전,OK,958,0,0,0.0006
Test04_OK_dchg,방전,OK,959,0,0,0.0006
Test04_OK_dchg,방전,OK,960,0,0,0.0016
Test04_OK_dchg,방전,OK,961,0,0,0.0016
Test04_OK_dchg,방전,OK,962,0,0,0.0016
Test04_OK_dchg,방전,OK,963,0,0,0.0007
Test04_OK_dchg,방전,OK,964,0,0,0.0028
Test04_OK_dchg,방전,OK,965,0,0,0.0007
Test04_OK_dchg,방전,OK,966,0,0,0.0016
Test04_OK_dchg,방전,OK,967,0,0,0.0028
Test04_OK_dchg,방전,OK,968,0,0,0.0007
Test04_OK_dchg,방전,OK,969,0,0,0.0016
Test04_OK_dchg,방전,OK,970,0,0,0.0007
Test04_OK_dchg,방전,OK,971,0,0,0.0004
Test04_OK_dchg,방전,OK,972,0,0,0.0007
Test04_OK_dchg,방전,OK,973,0,0,0.0007
Test04_OK_dchg,방전,OK,974,0,0,0.0003
Test04_OK_dchg,방전,OK,975,0,0,0.0004
Test04_OK_dchg,방전,OK,976,0,0,0.0004
Test04_OK_dchg,방전,OK,977,0,0,0.0004
Test04_OK_dchg,방전,OK,978,0,0,0.0016
Test04_OK_dchg,방전,OK,979,0,0,0.0016
Test04_OK_dchg,방전,OK,980,0,0,0.0013
Test04_OK_dchg,방전,OK,981,0,0,0.0013
Test04_OK_dchg,방전,OK,982,0,0,0.0013
Test04_OK_dchg,방전,OK,983,0,0,0.0013
Test04_OK_dchg,방전,OK,984,0,0,0.0007
Test04_OK_dchg,방전,OK,985,0,0,0.0013
Test04_OK_dchg,방전,OK,986,0,0,0.0007
Test04_OK_dchg,방전,OK,987,0,0,0.0013
Test04_OK_dchg,방전,OK,988,0,0,0.0013
Test04_OK_dchg,방전,OK,989,0,0,0.0013
Test04_OK_dchg,방전,OK,990,0,0,0.0013
Test04_OK_dchg,방전,OK,991,0,0,0.0013
Test04_OK_dchg,방전,OK,992,0,0,0.0013
Test04_OK_dchg,방전,OK,993,0,0,0.0014
Test04_OK_dchg,방전,OK,994,0,0,0.0014
Test04_OK_dchg,방전,OK,995,0,0,0.0013
Test04_OK_dchg,방전,OK,996,0,0,0.0014
Test04_OK_dchg,방전,OK,997,0,0,0.0013
Test04_OK_dchg,방전,OK,998,0,0,0.0013
Test04_OK_dchg,방전,OK,999,0,0,0.0014
Test04_OK_dchg,방전,OK,1000,0,0,0.0013
Test04_OK_dchg,방전,OK,1001,0,0,0.0013
Test04_OK_dchg,방전,OK,1002,0,0,0.0014
Test04_OK_dchg,방전,OK,1003,0,0,0.0014
Test04_OK_dchg,방전,OK,1004,0,0,0.0013
Test04_OK_dchg,방전,OK,1005,0,0,0.0014
Test04_OK_dchg,방전,OK,1006,0,0,0.0013
Test04_OK_dchg,방전,OK,1007,0,0,0.0013
Test04_OK_dchg,방전,OK,1008,0,0,0.0013
Test04_OK_dchg,방전,OK,1009,0,0,0.0013
Test04_OK_dchg,방전,OK,1010,0,0,0.0013
Test04_OK_dchg,방전,OK,1011,0,0,0.0013
Test04_OK_dchg,방전,OK,1012,0,0,0.0013
Test04_OK_dchg,방전,OK,1013,0,0,0.0013
Test04_OK_dchg,방전,OK,1014,0,0,0.0013
Test04_OK_dchg,방전,OK,1015,0,0,0.0013
Test04_OK_dchg,방전,OK,1016,0,0,0.0013
Test04_OK_dchg,방전,OK,1017,0,0,0.0013
Test04_OK_dchg,방전,OK,1018,0,0,0.0013
Test04_OK_dchg,방전,OK,1019,0,0,0.0028
Test04_OK_dchg,방전,OK,1020,0,0,0.0013
Test04_OK_dchg,방전,OK,1021,0,0,0.0016
Test04_OK_dchg,방전,OK,1022,0,0,0.0013
Test04_OK_dchg,방전,OK,1023,0,0,0.0013
Test04_OK_dchg,방전,OK,1024,0,0,0.0016
Test04_OK_dchg,방전,OK,1025,0,0,0.0013
Test04_OK_dchg,방전,OK,1026,0,0,0.0016
Test04_OK_dchg,방전,OK,1027,0,0,0.0013
Test04_OK_dchg,방전,OK,1028,0,0,0.0016
Test04_OK_dchg,방전,OK,1029,0,0,0.0016
Test04_OK_dchg,방전,OK,1030,0,0,0.0016
Test04_OK_dchg,방전,OK,1031,0,0,0.0016
Test04_OK_dchg,방전,OK,1032,0,0,0.0013
Test04_OK_dchg,방전,OK,1033,0,0,0.0016
Test04_OK_dchg,방전,OK,1034,0,0,0.0016
Test04_OK_dchg,방전,OK,1035,0,0,0.0016
Test04_OK_dchg,방전,OK,1036,0,0,0.0016
Test04_OK_dchg,방전,OK,1037,0,0,0.0016
Test04_OK_dchg,방전,OK,1038,0,0,0.0016
Test04_OK_dchg,방전,OK,1039,0,0,0.0016
Test04_OK_dchg,방전,OK,1040,0,0,0.0016
Test04_OK_dchg,방전,OK,1041,0,0,0.0016
Test04_OK_dchg,방전,OK,1042,0,0,0.0031
Test04_OK_dchg,방전,OK,1043,0,0,0.0016
Test04_OK_dchg,방전,OK,1044,0,0,0.0016
Test04_OK_dchg,방전,OK,1045,0,0,0.0016
Test04_OK_dchg,방전,OK,1046,0,0,0.0016
Test04_OK_dchg,방전,OK,1047,0,0,0.0016
Test04_OK_dchg,방전,OK,1048,0,0,0.0016
Test04_OK_dchg,방전,OK,1049,0,0,0.0007
Test04_OK_dchg,방전,OK,1050,0,0,0.0016
Test04_OK_dchg,방전,OK,1051,0,0,0.0016
Test04_OK_dchg,방전,OK,1052,0,0,0.0016
Test04_OK_dchg,방전,OK,1053,0,0,0.0016
Test04_OK_dchg,방전,OK,1054,0,0,0.0016
Test04_OK_dchg,방전,OK,1055,0,0,0.0007
Test04_OK_dchg,방전,OK,1056,0,0,0.0016
Test04_OK_dchg,방전,OK,1057,0,0,0.0007
Test04_OK_dchg,방전,OK,1058,0,0,0.0007
Test04_OK_dchg,방전,OK,1059,0,0,0.0019
Test04_OK_dchg,방전,OK,1060,0,0,0.0007
Test04_OK_dchg,방전,OK,1061,0,0,0.0009
Test04_OK_dchg,방전,OK,1062,0,0,0.0022
Test04_OK_dchg,방전,OK,1063,0,0,0.0007
Test04_OK_dchg,방전,OK,1064,0,0,0.0013
Test04_OK_dchg,방전,OK,1065,0,0,0.0013
Test04_OK_dchg,방전,OK,1066,0,0,0.0028
Test04_OK_dchg,방전,OK,1067,0,0,0.0013
Test04_OK_dchg,방전,OK,1068,0,0,0.0013
Test04_OK_dchg,방전,OK,1069,0,0,0.0013
Test04_OK_dchg,방전,OK,1070,0,0,0.0013
Test04_OK_dchg,방전,OK,1071,0,0,0.0006
Test04_OK_dchg,방전,OK,1072,0,0,0.0013
Test04_OK_dchg,방전,OK,1073,0,0,0.0013
Test04_OK_dchg,방전,OK,1074,0,0,0.0013
Test04_OK_dchg,방전,OK,1075,0,0,0.0013
Test04_OK_dchg,방전,OK,1076,0,0,0.0013
Test04_OK_dchg,방전,OK,1077,0,0,0.0013
Test04_OK_dchg,방전,OK,1078,0,0,0.0013
Test04_OK_dchg,방전,OK,1079,0,0,0.0013
Test04_OK_dchg,방전,OK,1080,0,0,0.0013
Test04_OK_dchg,방전,OK,1081,0,0,0.0013
Test04_OK_dchg,방전,OK,1082,0,0,0.0013
Test04_OK_dchg,방전,OK,1083,0,0,0.0013
Test04_OK_dchg,방전,OK,1084,0,0,0.0013
Test04_OK_dchg,방전,OK,1085,0,0,0.0013
Test04_OK_dchg,방전,OK,1086,0,0,0.0013
Test04_OK_dchg,방전,OK,1087,0,0,0.0013
Test04_OK_dchg,방전,OK,1088,0,0,0.0013
Test04_OK_dchg,방전,OK,1089,0,0,0.0013
Test04_OK_dchg,방전,OK,1090,0,0,0.0013
Test04_OK_dchg,방전,OK,1091,0,0,0.0013
Test04_OK_dchg,방전,OK,1092,0,0,0.0013
Test04_OK_dchg,방전,OK,1093,0,0,0.0013
Test04_OK_dchg,방전,OK,1094,0,0,0.0013
Test04_OK_dchg,방전,OK,1095,0,0,0.0013
Test04_OK_dchg,방전,OK,1096,0,0,0.0013
Test04_OK_dchg,방전,OK,1097,0,0,0.0013
Test04_OK_dchg,방전,OK,1098,0,0,0.0013
Test04_OK_dchg,방전,OK,1099,0,0,0.0013
Test04_OK_dchg,방전,OK,1100,0,0,0.0013
Test04_OK_dchg,방전,OK,1101,0,0,0.0013
Test04_OK_dchg,방전,OK,1102,0,0,0.0013
Test04_OK_dchg,방전,OK,1103,0,0,0.0013
Test04_OK_dchg,방전,OK,1104,0,0,0.0013
Test04_OK_dchg,방전,OK,1105,0,0,0.0013
Test04_OK_dchg,방전,OK,1106,0,0,0.0013
Test04_OK_dchg,방전,OK,1107,0,0,0.0013
Test04_OK_dchg,방전,OK,1108,0,0,0.0013
Test04_OK_dchg,방전,OK,1109,0,0,0.0013
Test04_OK_dchg,방전,OK,1110,0,0,0.0016
Test04_OK_dchg,방전,OK,1111,0,0,0.0013
Test04_OK_dchg,방전,OK,1112,0,0,0.0013
Test04_OK_dchg,방전,OK,1113,0,0,0.0013
Test04_OK_dchg,방전,OK,1114,0,0,0.0013
Test04_OK_dchg,방전,OK,1115,0,0,0.0013
Test04_OK_dchg,방전,OK,1116,0,0,0.0013
Test04_OK_dchg,방전,OK,1117,0,0,0.0013
Test04_OK_dchg,방전,OK,1118,0,0,0.0014
Test04_OK_dchg,방전,OK,1119,0,0,0.0013
Test04_OK_dchg,방전,OK,1120,0,0,0.0013
Test04_OK_dchg,방전,OK,1121,0,0,0.0013
Test04_OK_dchg,방전,OK,1122,0,0,0.0013
Test04_OK_dchg,방전,OK,1123,0,0,0.0013
Test04_OK_dchg,방전,OK,1124,0,0,0.0013
Test04_OK_dchg,방전,OK,1125,0,0,0.0014
Test04_OK_dchg,방전,OK,1126,0,0,0.0013
Test04_OK_dchg,방전,OK,1127,0,0,0.0013
Test04_OK_dchg,방전,OK,1128,0,0,0.0013
Test04_OK_dchg,방전,OK,1129,0,0,0.0013
Test04_OK_dchg,방전,OK,1130,0,0,0.0014
Test04_OK_dchg,방전,OK,1131,0,0,0.0028
Test04_OK_dchg,방전,OK,1132,0,0,0.0014
Test04_OK_dchg,방전,OK,1133,0,0,0.0013
Test04_OK_dchg,방전,OK,1134,0,0,0.0013
Test04_OK_dchg,방전,OK,1135,0,0,0.0013
Test04_OK_dchg,방전,OK,1136,0,0,0.0014
Test04_OK_dchg,방전,OK,1137,0,0,0.0014
Test04_OK_dchg,방전,OK,1138,0,0,0.0014
Test04_OK_dchg,방전,OK,1139,0,0,0.0014
Test04_OK_dchg,방전,OK,1140,0,0,0.0029
Test04_OK_dchg,방전,OK,1141,0,0,0.0014
Test04_OK_dchg,방전,OK,1142,0,0,0.0013
Test04_OK_dchg,방전,OK,1143,0,0,0.0013
Test04_OK_dchg,방전,OK,1144,0,0,0.0013
Test04_OK_dchg,방전,OK,1145,0,0,0.0013
Test04_OK_dchg,방전,OK,1146,0,0,0.0013
Test04_OK_dchg,방전,OK,1147,0,0,0.0013
Test04_OK_dchg,방전,OK,1148,0,0,0.0028
Test04_OK_dchg,방전,OK,1149,0,0,0.0014
Test04_OK_dchg,방전,OK,1150,0,0,0.0013
Test04_OK_dchg,방전,OK,1151,0,0,0.0013
Test04_OK_dchg,방전,OK,1152,0,0,0.0013
Test04_OK_dchg,방전,OK,1153,0,0,0.0013
Test04_OK_dchg,방전,OK,1154,0,0,0.0013
Test04_OK_dchg,방전,OK,1155,0,0,0.0013
Test04_OK_dchg,방전,OK,1156,0,0,0.0013
Test04_OK_dchg,방전,OK,1157,0,0,0.0013
Test04_OK_dchg,방전,OK,1158,0,0,0.0013
Test04_OK_dchg,방전,OK,1159,0,0,0.0013
Test04_OK_dchg,방전,OK,1160,0,0,0.0028
Test04_OK_dchg,방전,OK,1161,0,0,0.0013
Test04_OK_dchg,방전,OK,1162,0,0,0.0013
Test04_OK_dchg,방전,OK,1163,0,0,0.0013
Test04_OK_dchg,방전,OK,1164,0,0,0.0013
Test04_OK_dchg,방전,OK,1165,0,0,0.0013
Test04_OK_dchg,방전,OK,1166,0,0,0.0013
Test04_OK_dchg,방전,OK,1167,0,0,0.0013
Test04_OK_dchg,방전,OK,1168,0,0,0.0013
Test04_OK_dchg,방전,OK,1169,0,0,0.0013
Test04_OK_dchg,방전,OK,1170,0,0,0.0013
Test04_OK_dchg,방전,OK,1171,0,0,0.0013
Test04_OK_dchg,방전,OK,1172,0,0,0.0013
Test04_OK_dchg,방전,OK,1173,0,0,0.0013
Test04_OK_dchg,방전,OK,1174,0,0,0.0013
Test04_OK_dchg,방전,OK,1175,0,0,0.0013
Test04_OK_dchg,방전,OK,1176,0,0,0.0013
Test04_OK_dchg,방전,OK,1177,0,0,0.0013
Test04_OK_dchg,방전,OK,1178,0,0,0.0013
Test04_OK_dchg,방전,OK,1179,0,0,0.0013
Test04_OK_dchg,방전,OK,1180,0,0,0.0013
Test04_OK_dchg,방전,OK,1181,0,0,0.0013
Test04_OK_dchg,방전,OK,1182,0,0,0.0013
Test04_OK_dchg,방전,OK,1183,0,0,0.0013
Test04_OK_dchg,방전,OK,1184,0,0,0.0013
Test04_OK_dchg,방전,OK,1185,0,0,0.0013
Test04_OK_dchg,방전,OK,1186,0,0,0.0028
Test04_OK_dchg,방전,OK,1187,0,0,0.0013
Test04_OK_dchg,방전,OK,1188,0,0,0.0013
Test04_OK_dchg,방전,OK,1189,0,0,0.0013
Test04_OK_dchg,방전,OK,1190,0,0,0.0013
Test04_OK_dchg,방전,OK,1191,0,0,0.0013
Test04_OK_dchg,방전,OK,1192,0,0,0.0013
Test04_OK_dchg,방전,OK,1193,0,0,0.0013
Test04_OK_dchg,방전,OK,1194,0,0,0.0013
Test04_OK_dchg,방전,OK,1195,0,0,0.0013
Test04_OK_dchg,방전,OK,1196,0,0,0.0013
Test04_OK_dchg,방전,OK,1197,0,0,0.0013
Test04_OK_dchg,방전,OK,1198,0,0,0.0016
Test04_OK_dchg,방전,OK,1199,0,0,0.0013
Test04_OK_dchg,방전,OK,1200,0,0,0.0016
Test04_OK_dchg,방전,OK,1201,0,0,0.0013
Test04_OK_dchg,방전,OK,1202,0,0,0.0013
Test04_OK_dchg,방전,OK,1203,0,0,0.0013
Test04_OK_dchg,방전,OK,1204,0,0,0.0016
Test04_OK_dchg,방전,OK,1205,0,0,0.0016
Test04_OK_dchg,방전,OK,1206,0,0,0.0013
Test04_OK_dchg,방전,OK,1207,0,0,0.0016
Test04_OK_dchg,방전,OK,1208,0,0,0.0013
Test04_OK_dchg,방전,OK,1209,0,0,0.0016
Test04_OK_dchg,방전,OK,1210,0,0,0.0016
Test04_OK_dchg,방전,OK,1211,0,0,0.0013
Test04_OK_dchg,방전,OK,1212,0,0,0.0013
Test04_OK_dchg,방전,OK,1213,0,0,0.0016
Test04_OK_dchg,방전,OK,1214,0,0,0.0016
Test04_OK_dchg,방전,OK,1215,0,0,0.0016
Test04_OK_dchg,방전,OK,1216,0,0,0.0016
Test04_OK_dchg,방전,OK,1217,0,0,0.0016
Test04_OK_dchg,방전,OK,1218,0,0,0.0016
Test04_OK_dchg,방전,OK,1219,0,0,0.0016
Test04_OK_dchg,방전,OK,1220,0,0,0.0016
Test04_OK_dchg,방전,OK,1221,0,0,0.0016
Test04_OK_dchg,방전,OK,1222,0,0,0.0016
Test04_OK_dchg,방전,OK,1223,0,0,0.0016
Test04_OK_dchg,방전,OK,1224,0,0,0.0009
Test04_OK_dchg,방전,OK,1225,0,0,0.0016
Test04_OK_dchg,방전,OK,1226,0,0,0.0016
Test04_OK_dchg,방전,OK,1227,0,0,0.0016
Test04_OK_dchg,방전,OK,1228,0,0,0.0007
Test04_OK_dchg,방전,OK,1229,0,0,0.0016
Test04_OK_dchg,방전,OK,1230,0,0,0.0016
Test04_OK_dchg,방전,OK,1231,0,0,0.0031
Test04_OK_dchg,방전,OK,1232,0,0,0.0016
Test04_OK_dchg,방전,OK,1233,0,0,0.0016
Test04_OK_dchg,방전,OK,1234,0,0,0.0016
Test04_OK_dchg,방전,OK,1235,0,0,0.0007
Test04_OK_dchg,방전,OK,1236,0,0,0.0016
Test04_OK_dchg,방전,OK,1237,0,0,0.0016
Test04_OK_dchg,방전,OK,1238,0,0,0.0016
Test04_OK_dchg,방전,OK,1239,0,0,0.0016
Test04_OK_dchg,방전,OK,1240,0,0,0.0016
Test04_OK_dchg,방전,OK,1241,0,0,0.0016
Test04_OK_dchg,방전,OK,1242,0,0,0.0016
Test04_OK_dchg,방전,OK,1243,0,0,0.0009
Test04_OK_dchg,방전,OK,1244,0,0,0.0016
Test04_OK_dchg,방전,OK,1245,0,0,0.0016
Test04_OK_dchg,방전,OK,1246,0,0,0.0009
Test04_OK_dchg,방전,OK,1247,0,0,0.0016
Test04_OK_dchg,방전,OK,1248,0,0,0.0007
Test04_OK_dchg,방전,OK,1249,0,0,0.0009
Test04_OK_dchg,방전,OK,1250,0,0,0.0007
Test04_OK_dchg,방전,OK,1251,0,0,0.0006
Test04_OK_dchg,방전,OK,1252,0,0,0.0006
Test04_OK_dchg,방전,OK,1253,0,0,0.0007
Test04_OK_dchg,방전,OK,1254,0,0,0.0006
Test04_OK_dchg,방전,OK,1255,0,0,0.0006
Test04_OK_dchg,방전,OK,1256,0,0,0.0007
Test04_OK_dchg,방전,OK,1257,0,0,0.0007
Test04_OK_dchg,방전,OK,1258,0,0,0.0007
Test04_OK_dchg,방전,OK,1259,0,0,0.0006
Test04_OK_dchg,방전,OK,1260,0,0,0.0007
Test04_OK_dchg,방전,OK,1261,0,0,0.0007
Test04_OK_dchg,방전,OK,1262,0,0,0.0006
Test04_OK_dchg,방전,OK,1263,0,0,0.0007
Test04_OK_dchg,방전,OK,1264,0,0,0.0022
Test04_OK_dchg,방전,OK,1265,0,0,0.0013
Test04_OK_dchg,방전,OK,1266,0,0,0.0013
Test04_OK_dchg,방전,OK,1267,0,0,0.0006
Test04_OK_dchg,방전,OK,1268,0,0,0.0007
Test04_OK_dchg,방전,OK,1269,0,0,0.0006
Test04_OK_dchg,방전,OK,1270,0,0,0.0009
Test04_OK_dchg,방전,OK,1271,0,0,0.0006
Test04_OK_dchg,방전,OK,1272,0,0,0.0007
Test04_OK_dchg,방전,OK,1273,0,0,0.0007
Test04_OK_dchg,방전,OK,1274,0,0,0.0007
Test04_OK_dchg,방전,OK,1275,0,0,0.0007
Test04_OK_dchg,방전,OK,1276,0,0,0.0007
Test04_OK_dchg,방전,OK,1277,0,0,0.0013
Test04_OK_dchg,방전,OK,1278,0,0,0.0013
Test04_OK_dchg,방전,OK,1279,0,0,0.0013
Test04_OK_dchg,방전,OK,1280,0,0,0.0013
Test04_OK_dchg,방전,OK,1281,0,0,0.0006
Test04_OK_dchg,방전,OK,1282,0,0,0.0013
Test04_OK_dchg,방전,OK,1283,0,0,0.0013
Test04_OK_dchg,방전,OK,1284,0,0,0.0013
Test04_OK_dchg,방전,OK,1285,0,0,0.0013
Test04_OK_dchg,방전,OK,1286,0,0,0.0013
Test04_OK_dchg,방전,OK,1287,0,0,0.0013
Test04_OK_dchg,방전,OK,1288,0,0,0.0013
Test04_OK_dchg,방전,OK,1289,0,0,0.0013
Test04_OK_dchg,방전,OK,1290,0,0,0.0013
Test04_OK_dchg,방전,OK,1291,0,0,0.0013
Test04_OK_dchg,방전,OK,1292,0,0,0.0013
Test04_OK_dchg,방전,OK,1293,0,0,0.0013
Test04_OK_dchg,방전,OK,1294,0,0,0.0013
Test04_OK_dchg,방전,OK,1295,0,0,0.0013
Test04_OK_dchg,방전,OK,1296,0,0,0.0013
Test04_OK_dchg,방전,OK,1297,0,0,0.0013
Test04_OK_dchg,방전,OK,1298,0,0,0.0013
Test04_OK_dchg,방전,OK,1299,0,0,0.0013
Test04_OK_dchg,방전,OK,1300,0,0,0.0013
Test04_OK_dchg,방전,OK,1301,0,0,0.0013
Test04_OK_dchg,방전,OK,1302,0,0,0.0013
Test04_OK_dchg,방전,OK,1303,0,0,0.0013
Test04_OK_dchg,방전,OK,1304,0,0,0.0013
Test04_OK_dchg,방전,OK,1305,0,0,0.0013
Test04_OK_dchg,방전,OK,1306,0,0,0.0013
Test04_OK_dchg,방전,OK,1307,0,0,0.0013
Test04_OK_dchg,방전,OK,1308,0,0,0.0013
Test04_OK_dchg,방전,OK,1309,0,0,0.0013
Test04_OK_dchg,방전,OK,1310,0,0,0.0013
Test04_OK_dchg,방전,OK,1311,0,0,0.0013
Test04_OK_dchg,방전,OK,1312,0,0,0.0013
Test04_OK_dchg,방전,OK,1313,0,0,0.0013
Test04_OK_dchg,방전,OK,1314,0,0,0.0013
Test04_OK_dchg,방전,OK,1315,0,0,0.0013
Test04_OK_dchg,방전,OK,1316,0,0,0.0013
Test04_OK_dchg,방전,OK,1317,0,0,0.0013
Test04_OK_dchg,방전,OK,1318,0,0,0.0013
Test04_OK_dchg,방전,OK,1319,0,0,0.0013
Test04_OK_dchg,방전,OK,1320,0,0,0.0013
Test04_OK_dchg,방전,OK,1321,0,0,0.0013
Test04_OK_dchg,방전,OK,1322,0,0,0.0013
Test04_OK_dchg,방전,OK,1323,0,0,0.0013
Test04_OK_dchg,방전,OK,1324,0,0,0.0013
Test04_OK_dchg,방전,OK,1325,0,0,0.0013
Test04_OK_dchg,방전,OK,1326,0,0,0.0013
Test04_OK_dchg,방전,OK,1327,0,0,0.0013
Test04_OK_dchg,방전,OK,1328,0,0,0.0013
Test04_OK_dchg,방전,OK,1329,0,0,0.0013
Test04_OK_dchg,방전,OK,1330,0,0,0.0013
Test04_OK_dchg,방전,OK,1331,0,0,0.0013
Test04_OK_dchg,방전,OK,1332,0,0,0.0013
Test04_OK_dchg,방전,OK,1333,0,0,0.0013
Test04_OK_dchg,방전,OK,1334,0,0,0.0013
Test04_OK_dchg,방전,OK,1335,0,0,0.0013
Test04_OK_dchg,방전,OK,1336,0,0,0.0013
Test04_OK_dchg,방전,OK,1337,0,0,0.0013
Test04_OK_dchg,방전,OK,1338,0,0,0.0013
Test04_OK_dchg,방전,OK,1339,0,0,0.0013
Test04_OK_dchg,방전,OK,1340,0,0,0.0013
Test04_OK_dchg,방전,OK,1341,0,0,0.0013
Test04_OK_dchg,방전,OK,1342,0,0,0.0013
Test04_OK_dchg,방전,OK,1343,0,0,0.0013
Test04_OK_dchg,방전,OK,1344,0,0,0.0013
Test04_OK_dchg,방전,OK,1345,0,0,0.0013
Test04_OK_dchg,방전,OK,1346,0,0,0.0013
Test04_OK_dchg,방전,OK,1347,0,0,0.0013
Test04_OK_dchg,방전,OK,1348,0,0,0.0013
Test04_OK_dchg,방전,OK,1349,0,0,0.0013
Test04_OK_dchg,방전,OK,1350,0,0,0.0013
Test04_OK_dchg,방전,OK,1351,0,0,0.0013
Test04_OK_dchg,방전,OK,1352,0,0,0.0013
Test04_OK_dchg,방전,OK,1353,0,0,0.0013
Test04_OK_dchg,방전,OK,1354,0,0,0.0013
Test04_OK_dchg,방전,OK,1355,0,0,0.0013
Test04_OK_dchg,방전,OK,1356,0,0,0.0013
Test04_OK_dchg,방전,OK,1357,0,0,0.0013
Test04_OK_dchg,방전,OK,1358,0,0,0.0013
Test04_OK_dchg,방전,OK,1359,0,0,0.0013
Test04_OK_dchg,방전,OK,1360,0,0,0.0013
Test04_OK_dchg,방전,OK,1361,0,0,0.0028
Test04_OK_dchg,방전,OK,1362,0,0,0.0013
Test04_OK_dchg,방전,OK,1363,0,0,0.0013
Test04_OK_dchg,방전,OK,1364,0,0,0.0013
Test04_OK_dchg,방전,OK,1365,0,0,0.0013
Test04_OK_dchg,방전,OK,1366,0,0,0.0013
Test04_OK_dchg,방전,OK,1367,0,0,0.0013
Test04_OK_dchg,방전,OK,1368,0,0,0.0013
Test04_OK_dchg,방전,OK,1369,0,0,0.0013
Test04_OK_dchg,방전,OK,1370,0,0,0.0013
Test04_OK_dchg,방전,OK,1371,0,0,0.0028
Test04_OK_dchg,방전,OK,1372,0,0,0.0013
Test04_OK_dchg,방전,OK,1373,0,0,0.0013
Test04_OK_dchg,방전,OK,1374,0,0,0.0013
Test04_OK_dchg,방전,OK,1375,0,0,0.0013
Test04_OK_dchg,방전,OK,1376,0,0,0.0028
Test04_OK_dchg,방전,OK,1377,0,0,0.0013
Test04_OK_dchg,방전,OK,1378,0,0,0.0013
Test04_OK_dchg,방전,OK,1379,0,0,0.0013
Test04_OK_dchg,방전,OK,1380,0,0,0.0013
Test04_OK_dchg,방전,OK,1381,0,0,0.0028
Test04_OK_dchg,방전,OK,1382,0,0,0.0013
Test04_OK_dchg,방전,OK,1383,0,0,0.0013
Test04_OK_dchg,방전,OK,1384,0,0,0.0013
Test04_OK_dchg,방전,OK,1385,0,0,0.0013
Test04_OK_dchg,방전,OK,1386,0,0,0.0013
Test04_OK_dchg,방전,OK,1387,0,0,0.0013
Test04_OK_dchg,방전,OK,1388,0,0,0.0013
Test04_OK_dchg,방전,OK,1389,0,0,0.0013
Test04_OK_dchg,방전,OK,1390,0,0,0.0013
Test04_OK_dchg,방전,OK,1391,0,0,0.0013
Test04_OK_dchg,방전,OK,1392,0,0,0.0013
Test04_OK_dchg,방전,OK,1393,0,0,0.0013
Test04_OK_dchg,방전,OK,1394,0,0,0.0013
Test04_OK_dchg,방전,OK,1395,0,0,0.0013
Test04_OK_dchg,방전,OK,1396,0,0,0.0013
Test04_OK_dchg,방전,OK,1397,0,0,0.0013
Test04_OK_dchg,방전,OK,1398,0,0,0.0013
Test04_OK_dchg,방전,OK,1399,0,0,0.0013
Test04_OK_dchg,방전,OK,1400,0,0,0.0013
Test04_OK_dchg,방전,OK,1401,0,0,0.0013
Test04_OK_dchg,방전,OK,1402,0,0,0.0013
Test04_OK_dchg,방전,OK,1403,0,0,0.0013
Test04_OK_dchg,방전,OK,1404,0,0,0.0013
Test04_OK_dchg,방전,OK,1405,0,0,0.0013
Test04_OK_dchg,방전,OK,1406,0,0,0.0013
Test04_OK_dchg,방전,OK,1407,0,0,0.0013
Test04_OK_dchg,방전,OK,1408,0,0,0.0013
Test04_OK_dchg,방전,OK,1409,0,0,0.0013
Test04_OK_dchg,방전,OK,1410,0,0,0.0013
Test04_OK_dchg,방전,OK,1411,0,0,0.0013
Test04_OK_dchg,방전,OK,1412,0,0,0.0013
Test04_OK_dchg,방전,OK,1413,0,0,0.0013
Test04_OK_dchg,방전,OK,1414,0,0,0.0013
Test04_OK_dchg,방전,OK,1415,0,0,0.0013
Test04_OK_dchg,방전,OK,1416,0,0,0.0013
Test04_OK_dchg,방전,OK,1417,0,0,0.0013
Test04_OK_dchg,방전,OK,1418,0,0,0.0013
Test04_OK_dchg,방전,OK,1419,0,0,0.0013
Test04_OK_dchg,방전,OK,1420,0,0,0.0013
Test04_OK_dchg,방전,OK,1421,0,0,0.0013
Test04_OK_dchg,방전,OK,1422,0,0,0.0013
Test04_OK_dchg,방전,OK,1423,0,0,0.0013
Test04_OK_dchg,방전,OK,1424,0,0,0.0013
Test04_OK_dchg,방전,OK,1425,0,0,0.0013
Test04_OK_dchg,방전,OK,1426,0,0,0.0014
Test04_OK_dchg,방전,OK,1427,0,0,0.0013
Test04_OK_dchg,방전,OK,1428,0,0,0.0013
Test04_OK_dchg,방전,OK,1429,0,0,0.0013
Test04_OK_dchg,방전,OK,1430,0,0,0.0013
Test04_OK_dchg,방전,OK,1431,0,0,0.0013
Test04_OK_dchg,방전,OK,1432,0,0,0.0013
Test04_OK_dchg,방전,OK,1433,0,0,0.0013
Test04_OK_dchg,방전,OK,1434,0,0,0.0013
Test04_OK_dchg,방전,OK,1435,0,0,0.0013
Test04_OK_dchg,방전,OK,1436,0,0,0.0013
Test04_OK_dchg,방전,OK,1437,0,0,0.0013
Test04_OK_dchg,방전,OK,1438,0,0,0.0013
Test04_OK_dchg,방전,OK,1439,0,0,0.0013
Test04_OK_dchg,방전,OK,1440,0,0,0.0013
Test04_OK_dchg,방전,OK,1441,0,0,0.0013
Test04_OK_dchg,방전,OK,1442,0,0,0.0013
Test04_OK_dchg,방전,OK,1443,0,0,0.0013
Test04_OK_dchg,방전,OK,1444,0,0,0.0013
Test04_OK_dchg,방전,OK,1445,0,0,0.0013
Test04_OK_dchg,방전,OK,1446,0,0,0.0013
Test04_OK_dchg,방전,OK,1447,0,0,0.0013
Test04_OK_dchg,방전,OK,1448,0,0,0.0013
Test04_OK_dchg,방전,OK,1449,0,0,0.0013
Test04_OK_dchg,방전,OK,1450,0,0,0.0013
Test04_OK_dchg,방전,OK,1451,0,0,0.0013
Test04_OK_dchg,방전,OK,1452,0,0,0.0013
Test04_OK_dchg,방전,OK,1453,0,0,0.0013
Test04_OK_dchg,방전,OK,1454,0,0,0.0013
Test04_OK_dchg,방전,OK,1455,0,0,0.0013
Test04_OK_dchg,방전,OK,1456,0,0,0.0013
Test04_OK_dchg,방전,OK,1457,0,0,0.0013
Test04_OK_dchg,방전,OK,1458,0,0,0.0013
Test04_OK_dchg,방전,OK,1459,0,0,0.0013
Test04_OK_dchg,방전,OK,1460,0,0,0.0013
Test04_OK_dchg,방전,OK,1461,0,0,0.0013
Test04_OK_dchg,방전,OK,1462,0,0,0.0013
Test04_OK_dchg,방전,OK,1463,0,0,0.0013
Test04_OK_dchg,방전,OK,1464,0,0,0.0013
Test04_OK_dchg,방전,OK,1465,0,0,0.0013
Test04_OK_dchg,방전,OK,1466,0,0,0.0028
Test04_OK_dchg,방전,OK,1467,0,0,0.0013
Test04_OK_dchg,방전,OK,1468,0,0,0.0013
Test04_OK_dchg,방전,OK,1469,0,0,0.0014
Test04_OK_dchg,방전,OK,1470,0,0,0.0013
Test04_OK_dchg,방전,OK,1471,0,0,0.0013
Test04_OK_dchg,방전,OK,1472,0,0,0.0013
Test04_OK_dchg,방전,OK,1473,0,0,0.0013
Test04_OK_dchg,방전,OK,1474,0,0,0.0013
Test04_OK_dchg,방전,OK,1475,0,0,0.0013
Test04_OK_dchg,방전,OK,1476,0,0,0.0014
Test04_OK_dchg,방전,OK,1477,0,0,0.0013
Test04_OK_dchg,방전,OK,1478,0,0,0.0013
Test04_OK_dchg,방전,OK,1479,0,0,0.0013
Test04_OK_dchg,방전,OK,1480,0,0,0.0013
Test04_OK_dchg,방전,OK,1481,0,0,0.0013
Test04_OK_dchg,방전,OK,1482,0,0,0.0013
Test04_OK_dchg,방전,OK,1483,0,0,0.0013
Test04_OK_dchg,방전,OK,1484,0,0,0.0014
Test04_OK_dchg,방전,OK,1485,0,0,0.0013
Test04_OK_dchg,방전,OK,1486,0,0,0.0013
Test04_OK_dchg,방전,OK,1487,0,0,0.0013
Test04_OK_dchg,방전,OK,1488,0,0,0.0013
Test04_OK_dchg,방전,OK,1489,0,0,0.0013
Test04_OK_dchg,방전,OK,1490,0,0,0.0013
Test04_OK_dchg,방전,OK,1491,0,0,0.0013
Test04_OK_dchg,방전,OK,1492,0,0,0.0014
Test04_OK_dchg,방전,OK,1493,0,0,0.0013
Test04_OK_dchg,방전,OK,1494,0,0,0.0013
Test04_OK_dchg,방전,OK,1495,0,0,0.0013
Test04_OK_dchg,방전,OK,1496,0,0,0.0013
Test04_OK_dchg,방전,OK,1497,0,0,0.0013
Test04_OK_dchg,방전,OK,1498,0,0,0.0028
Test04_OK_dchg,방전,OK,1499,0,0,0.0013
Test04_OK_dchg,방전,OK,1500,0,0,0.0013
Test04_OK_dchg,방전,OK,1501,0,0,0.0013
Test04_OK_dchg,방전,OK,1502,0,0,0.0013
Test04_OK_dchg,방전,OK,1503,0,0,0.0013
Test04_OK_dchg,방전,OK,1504,0,0,0.0013
Test06_NG_chg,충전,NG,0,1,0,0.2166
Test06_NG_chg,충전,NG,1,1,0,0.1966
Test06_NG_chg,충전,NG,2,1,0,0.1866
Test06_NG_chg,충전,NG,3,1,0,0.1867
Test06_NG_chg,충전,NG,4,1,0,0.2166
Test06_NG_chg,충전,NG,5,1,0,0.1866
Test06_NG_chg,충전,NG,6,1,0,0.2166
Test06_NG_chg,충전,NG,7,1,0,0.1882
Test06_NG_chg,충전,NG,8,1,0,0.1866
Test06_NG_chg,충전,NG,9,1,0,0.1954
Test06_NG_chg,충전,NG,10,1,0,0.2167
Test06_NG_chg,충전,NG,11,1,0,0.2354
Test06_NG_chg,충전,NG,12,1,0,0.2254
Test06_NG_chg,충전,NG,13,1,0,0.2166
Test06_NG_chg,충전,NG,14,1,0,0.1966
Test06_NG_chg,충전,NG,15,1,0,0.2154
Test06_NG_chg,충전,NG,16,1,0,0.2254
Test06_NG_chg,충전,NG,17,1,0,0.2354
Test06_NG_chg,충전,NG,18,1,0,0.1866
Test06_NG_chg,충전,NG,19,1,0,0.2166
Test06_NG_chg,충전,NG,20,1,0,0.1954
Test06_NG_chg,충전,NG,21,1,0,0.1866
Test06_NG_chg,충전,NG,22,1,0,0.2166
Test06_NG_chg,충전,NG,23,1,0,0.1954
Test06_NG_chg,충전,NG,24,1,0,0.1966
Test06_NG_chg,충전,NG,25,1,0,0.2166
Test06_NG_chg,충전,NG,26,1,0,0.1866
Test06_NG_chg,충전,NG,27,1,0,0.2254
Test06_NG_chg,충전,NG,28,1,0,0.1954
Test06_NG_chg,충전,NG,29,1,0,0.2354
Test06_NG_chg,충전,NG,30,1,0,0.1866
Test06_NG_chg,충전,NG,31,1,0,0.2254
Test06_NG_chg,충전,NG,32,1,0,0.1866
Test06_NG_chg,충전,NG,33,1,0,0.2166
Test06_NG_chg,충전,NG,34,1,0,0.2354
Test06_NG_chg,충전,NG,35,1,0,0.2254
Test06_NG_chg,충전,NG,36,1,0,0.2054
Test06_NG_chg,충전,NG,37,1,0,0.1967
Test06_NG_chg,충전,NG,38,1,0,0.2166
Test06_NG_chg,충전,NG,39,1,0,0.1866
Test06_NG_chg,충전,NG,40,1,0,0.2054
Test06_NG_chg,충전,NG,41,1,0,0.1866
Test06_NG_chg,충전,NG,42,1,0,0.1866
Test06_NG_chg,충전,NG,43,1,0,0.2167
Test06_NG_chg,충전,NG,44,1,0,0.2254
Test06_NG_chg,충전,NG,45,1,0,0.2254
Test06_NG_chg,충전,NG,46,1,0,0.1866
Test06_NG_chg,충전,NG,47,1,0,0.2166
Test06_NG_chg,충전,NG,48,1,0,0.2166
Test06_NG_chg,충전,NG,49,1,0,0.1866
Test06_NG_chg,충전,NG,50,1,0,0.1954
Test06_NG_chg,충전,NG,51,1,0,0.2167
Test06_NG_chg,충전,NG,52,1,0,0.2166
Test06_NG_chg,충전,NG,53,1,0,0.2166
Test06_NG_chg,충전,NG,54,1,0,0.1866
Test06_NG_chg,충전,NG,55,1,0,0.2166
Test06_NG_chg,충전,NG,56,1,0,0.2166
Test06_NG_chg,충전,NG,57,1,0,0.1966
Test06_NG_chg,충전,NG,58,1,0,0.2167
Test06_NG_chg,충전,NG,59,1,0,0.2354
Test06_NG_chg,충전,NG,60,1,0,0.2166
Test06_NG_chg,충전,NG,61,1,0,0.2166
Test06_NG_chg,충전,NG,62,1,0,0.2166
Test06_NG_chg,충전,NG,63,1,0,0.1866
Test06_NG_chg,충전,NG,64,1,0,0.2166
Test06_NG_chg,충전,NG,65,1,0,0.2166
Test06_NG_chg,충전,NG,66,1,0,0.2166
Test06_NG_chg,충전,NG,67,1,0,0.2054
Test06_NG_chg,충전,NG,68,1,0,0.1866
Test06_NG_chg,충전,NG,69,1,0,0.1866
Test06_NG_chg,충전,NG,70,1,0,0.2254
Test06_NG_chg,충전,NG,71,1,0,0.1866
Test06_NG_chg,충전,NG,72,1,0,0.1866
Test06_NG_chg,충전,NG,73,1,0,0.1966
Test06_NG_chg,충전,NG,74,1,0,0.2166
Test06_NG_chg,충전,NG,75,1,0,0.1866
Test06_NG_chg,충전,NG,76,1,0,0.2267
Test06_NG_chg,충전,NG,77,1,0,0.1866
Test06_NG_chg,충전,NG,78,1,0,0.1866
Test06_NG_chg,충전,NG,79,1,0,0.2166
Test06_NG_chg,충전,NG,80,1,0,0.2054
Test06_NG_chg,충전,NG,81,1,0,0.2054
Test06_NG_chg,충전,NG,82,1,0,0.2166
Test06_NG_chg,충전,NG,83,1,0,0.2054
Test06_NG_chg,충전,NG,84,1,0,0.2054
Test06_NG_chg,충전,NG,85,1,0,0.1866
Test06_NG_chg,충전,NG,86,1,0,0.1866
Test06_NG_chg,충전,NG,87,1,0,0.1866
Test06_NG_chg,충전,NG,88,1,0,0.1866
Test06_NG_chg,충전,NG,89,1,0,0.1866
Test06_NG_chg,충전,NG,90,1,0,0.2166
Test06_NG_chg,충전,NG,91,1,0,0.1866
Test06_NG_chg,충전,NG,92,1,0,0.1954
Test06_NG_chg,충전,NG,93,1,0,0.2167
Test06_NG_chg,충전,NG,94,1,0,0.1866
Test06_NG_chg,충전,NG,95,1,0,0.2054
Test06_NG_chg,충전,NG,96,1,0,0.2166
Test06_NG_chg,충전,NG,97,1,0,0.2166
Test06_NG_chg,충전,NG,98,1,0,0.1866
Test06_NG_chg,충전,NG,99,1,0,0.2167
Test06_NG_chg,충전,NG,100,1,0,0.2166
Test06_NG_chg,충전,NG,101,1,0,0.2166
Test06_NG_chg,충전,NG,102,1,0,0.2166
Test06_NG_chg,충전,NG,103,1,0,0.2166
Test06_NG_chg,충전,NG,104,1,0,0.197
Test06_NG_chg,충전,NG,105,1,0,0.1866
Test06_NG_chg,충전,NG,106,1,0,0.2054
Test06_NG_chg,충전,NG,107,1,0,0.2254
Test06_NG_chg,충전,NG,108,1,0,0.1954
Test06_NG_chg,충전,NG,109,1,0,0.2054
Test06_NG_chg,충전,NG,110,1,0,0.1866
Test06_NG_chg,충전,NG,111,1,0,0.1866
Test06_NG_chg,충전,NG,112,1,0,0.1866
Test06_NG_chg,충전,NG,113,1,0,0.1866
Test06_NG_chg,충전,NG,114,1,0,0.1954
Test06_NG_chg,충전,NG,115,1,0,0.2054
Test06_NG_chg,충전,NG,116,1,0,0.1954
Test06_NG_chg,충전,NG,117,1,0,0.1866
Test06_NG_chg,충전,NG,118,1,0,0.1866
Test06_NG_chg,충전,NG,119,1,0,0.2254
Test06_NG_chg,충전,NG,120,1,0,0.2166
Test06_NG_chg,충전,NG,121,1,0,0.2054
Test06_NG_chg,충전,NG,122,1,0,0.1866
Test06_NG_chg,충전,NG,123,1,0,0.1866
Test06_NG_chg,충전,NG,124,1,0,0.2166
Test06_NG_chg,충전,NG,125,1,0,0.2166
Test06_NG_chg,충전,NG,126,1,0,0.1866
Test06_NG_chg,충전,NG,127,1,0,0.2054
Test06_NG_chg,충전,NG,128,1,0,0.2054
Test06_NG_chg,충전,NG,129,1,0,0.2054
Test06_NG_chg,충전,NG,130,1,0,0.2266
Test06_NG_chg,충전,NG,131,1,0,0.2166
Test06_NG_chg,충전,NG,132,1,0,0.2166
Test06_NG_chg,충전,NG,133,1,0,0.1866
Test06_NG_chg,충전,NG,134,1,0,0.2166
Test06_NG_chg,충전,NG,135,1,0,0.2167
Test06_NG_chg,충전,NG,136,1,0,0.2166
Test06_NG_chg,충전,NG,137,1,0,0.1866
Test06_NG_chg,충전,NG,138,1,0,0.2166
Test06_NG_chg,충전,NG,139,1,0,0.1866
Test06_NG_chg,충전,NG,140,1,0,0.2166
Test06_NG_chg,충전,NG,141,1,0,0.2254
Test06_NG_chg,충전,NG,142,1,0,0.1866
Test06_NG_chg,충전,NG,143,1,0,0.2254
Test06_NG_chg,충전,NG,144,1,0,0.2166
Test06_NG_chg,충전,NG,145,1,0,0.1866
Test06_NG_chg,충전,NG,146,1,0,0.2054
Test06_NG_chg,충전,NG,147,1,0,0.1866
Test06_NG_chg,충전,NG,148,1,0,0.1866
Test06_NG_chg,충전,NG,149,1,0,0.2354
Test06_NG_chg,충전,NG,150,1,0,0.1866
Test06_NG_chg,충전,NG,151,1,0,0.2054
Test06_NG_chg,충전,NG,152,1,0,0.1866
Test06_NG_chg,충전,NG,153,1,0,0.2054
Test06_NG_chg,충전,NG,154,1,0,0.1954
Test06_NG_chg,충전,NG,155,1,0,0.1866
Test06_NG_chg,충전,NG,156,1,0,0.2166
Test06_NG_chg,충전,NG,157,1,0,0.2167
Test06_NG_chg,충전,NG,158,1,0,0.2054
Test06_NG_chg,충전,NG,159,1,0,0.1866
Test06_NG_chg,충전,NG,160,1,0,0.1866
Test06_NG_chg,충전,NG,161,1,0,0.2254
Test06_NG_chg,충전,NG,162,1,0,0.2166
Test06_NG_chg,충전,NG,163,1,0,0.1866
Test06_NG_chg,충전,NG,164,1,0,0.1866
Test06_NG_chg,충전,NG,165,1,0,0.1954
Test06_NG_chg,충전,NG,166,1,0,0.1866
Test06_NG_chg,충전,NG,167,1,0,0.1966
Test06_NG_chg,충전,NG,168,1,0,0.1866
Test06_NG_chg,충전,NG,169,1,0,0.2167
Test06_NG_chg,충전,NG,170,1,0,0.1966
Test06_NG_chg,충전,NG,171,1,0,0.2166
Test06_NG_chg,충전,NG,172,1,0,0.1866
Test06_NG_chg,충전,NG,173,1,0,0.2166
Test06_NG_chg,충전,NG,174,1,0,0.2166
Test06_NG_chg,충전,NG,175,1,0,0.1866
Test06_NG_chg,충전,NG,176,1,0,0.2254
Test06_NG_chg,충전,NG,177,1,0,0.2354
Test06_NG_chg,충전,NG,178,1,0,0.2166
Test06_NG_chg,충전,NG,179,1,0,0.1867
Test06_NG_chg,충전,NG,180,1,0,0.1954
Test06_NG_chg,충전,NG,181,1,0,0.2166
Test06_NG_chg,충전,NG,182,1,0,0.1866
Test06_NG_chg,충전,NG,183,1,0,0.2354
Test06_NG_chg,충전,NG,184,1,0,0.2166
Test06_NG_chg,충전,NG,185,1,0,0.1954
Test06_NG_chg,충전,NG,186,1,0,0.2254
Test06_NG_chg,충전,NG,187,1,0,0.2166
Test06_NG_chg,충전,NG,188,1,0,0.2166
Test06_NG_chg,충전,NG,189,1,0,0.2367
Test06_NG_chg,충전,NG,190,1,0,0.2166
Test06_NG_chg,충전,NG,191,1,0,0.2166
Test06_NG_chg,충전,NG,192,1,0,0.2166
Test06_NG_chg,충전,NG,193,1,0,0.1866
Test06_NG_chg,충전,NG,194,1,0,0.1866
Test06_NG_chg,충전,NG,195,1,0,0.2166
Test06_NG_chg,충전,NG,196,1,0,0.2166
Test06_NG_chg,충전,NG,197,1,0,0.1954
Test06_NG_chg,충전,NG,198,1,0,0.2166
Test06_NG_chg,충전,NG,199,1,0,0.1866
Test06_NG_chg,충전,NG,200,1,0,0.1866
Test06_NG_chg,충전,NG,201,1,0,0.2354
Test06_NG_chg,충전,NG,202,1,0,0.2054
Test06_NG_chg,충전,NG,203,1,0,0.2166
Test06_NG_chg,충전,NG,204,1,0,0.2166
Test06_NG_chg,충전,NG,205,1,0,0.2166
Test06_NG_chg,충전,NG,206,1,0,0.2054
Test06_NG_chg,충전,NG,207,1,0,0.2166
Test06_NG_chg,충전,NG,208,1,0,0.1866
Test06_NG_chg,충전,NG,209,1,0,0.2166
Test06_NG_chg,충전,NG,210,1,0,0.2054
Test06_NG_chg,충전,NG,211,1,0,0.1954
Test06_NG_chg,충전,NG,212,1,0,0.1866
Test06_NG_chg,충전,NG,213,1,0,0.1866
Test06_NG_chg,충전,NG,214,1,0,0.1867
Test06_NG_chg,충전,NG,215,1,0,0.2354
Test06_NG_chg,충전,NG,216,1,0,0.2254
Test06_NG_chg,충전,NG,217,1,0,0.1954
Test06_NG_chg,충전,NG,218,1,0,0.2054
Test06_NG_chg,충전,NG,219,1,0,0.2254
Test06_NG_chg,충전,NG,220,1,0,0.2254
Test06_NG_chg,충전,NG,221,1,0,0.2166
Test06_NG_chg,충전,NG,222,1,0,0.1954
Test06_NG_chg,충전,NG,223,1,0,0.2154
Test06_NG_chg,충전,NG,224,1,0,0.1866
Test06_NG_chg,충전,NG,225,1,0,0.1866
Test06_NG_chg,충전,NG,226,1,0,0.1866
Test06_NG_chg,충전,NG,227,1,0,0.1954
Test06_NG_chg,충전,NG,228,1,0,0.2166
Test06_NG_chg,충전,NG,229,1,0,0.2166
Test06_NG_chg,충전,NG,230,1,0,0.1954
Test06_NG_chg,충전,NG,231,1,0,0.1866
Test06_NG_chg,충전,NG,232,1,0,0.1954
Test06_NG_chg,충전,NG,233,1,0,0.2166
Test06_NG_chg,충전,NG,234,1,0,0.1954
Test06_NG_chg,충전,NG,235,1,0,0.1867
Test06_NG_chg,충전,NG,236,1,0,0.2354
Test06_NG_chg,충전,NG,237,1,0,0.2166
Test06_NG_chg,충전,NG,238,1,0,0.1866
Test06_NG_chg,충전,NG,239,1,0,0.2166
Test06_NG_chg,충전,NG,240,1,0,0.2254
Test06_NG_chg,충전,NG,241,1,0,0.1866
Test06_NG_chg,충전,NG,242,1,0,0.2254
Test06_NG_chg,충전,NG,243,1,0,0.1866
Test06_NG_chg,충전,NG,244,1,0,0.1866
Test06_NG_chg,충전,NG,245,1,0,0.2166
Test06_NG_chg,충전,NG,246,1,0,0.1866
Test06_NG_chg,충전,NG,247,1,0,0.1954
Test06_NG_chg,충전,NG,248,1,0,0.2167
Test06_NG_chg,충전,NG,249,1,0,0.2166
Test06_NG_chg,충전,NG,250,1,0,0.2166
Test06_NG_chg,충전,NG,251,1,0,0.2354
Test06_NG_chg,충전,NG,252,1,0,0.1866
Test06_NG_chg,충전,NG,253,1,0,0.2354
Test06_NG_chg,충전,NG,254,1,0,0.1954
Test06_NG_chg,충전,NG,255,1,0,0.1866
Test06_NG_chg,충전,NG,256,1,0,0.2254
Test06_NG_chg,충전,NG,257,1,0,0.1866
Test06_NG_chg,충전,NG,258,1,0,0.2254
Test06_NG_chg,충전,NG,259,1,0,0.1954
Test06_NG_chg,충전,NG,260,1,0,0.1954
Test06_NG_chg,충전,NG,261,1,0,0.1866
Test06_NG_chg,충전,NG,262,1,0,0.2166
Test06_NG_chg,충전,NG,263,1,0,0.2166
Test06_NG_chg,충전,NG,264,1,0,0.2354
Test06_NG_chg,충전,NG,265,1,0,0.1867
Test06_NG_chg,충전,NG,266,1,0,0.1866
Test06_NG_chg,충전,NG,267,1,0,0.2166
Test06_NG_chg,충전,NG,268,1,0,0.1866
Test06_NG_chg,충전,NG,269,1,0,0.1866
Test06_NG_chg,충전,NG,270,1,0,0.1866
Test06_NG_chg,충전,NG,271,1,0,0.2054
Test06_NG_chg,충전,NG,272,1,0,0.1866
Test06_NG_chg,충전,NG,273,1,0,0.1866
Test06_NG_chg,충전,NG,274,1,0,0.1866
Test06_NG_chg,충전,NG,275,1,0,0.2166
Test06_NG_chg,충전,NG,276,1,0,0.2167
Test06_NG_chg,충전,NG,277,1,0,0.1954
Test06_NG_chg,충전,NG,278,1,0,0.2167
Test06_NG_chg,충전,NG,279,1,0,0.2266
Test06_NG_chg,충전,NG,280,1,0,0.2354
Test06_NG_chg,충전,NG,281,1,0,0.1954
Test06_NG_chg,충전,NG,282,1,0,0.1866
Test06_NG_chg,충전,NG,283,1,0,0.1954
Test06_NG_chg,충전,NG,284,1,0,0.1882
Test06_NG_chg,충전,NG,285,1,0,0.2167
Test06_NG_chg,충전,NG,286,1,0,0.2266
Test06_NG_chg,충전,NG,287,1,0,0.1954
Test06_NG_chg,충전,NG,288,1,0,0.1954
Test06_NG_chg,충전,NG,289,1,0,0.2254
Test06_NG_chg,충전,NG,290,1,0,0.2054
Test06_NG_chg,충전,NG,291,1,0,0.2166
Test06_NG_chg,충전,NG,292,1,0,0.2254
Test06_NG_chg,충전,NG,293,1,0,0.1954
Test06_NG_chg,충전,NG,294,1,0,0.1866
Test06_NG_chg,충전,NG,295,1,0,0.2166
Test06_NG_chg,충전,NG,296,1,0,0.1954
Test06_NG_chg,충전,NG,297,1,0,0.1866
Test06_NG_chg,충전,NG,298,1,0,0.2254
Test06_NG_chg,충전,NG,299,1,0,0.2054
Test06_NG_chg,충전,NG,300,1,0,0.2254
Test06_NG_chg,충전,NG,301,1,0,0.1954
Test06_NG_chg,충전,NG,302,1,0,0.1954
Test06_NG_chg,충전,NG,303,1,0,0.1954
Test06_NG_chg,충전,NG,304,1,0,0.2167
Test06_NG_chg,충전,NG,305,1,0,0.2167
Test06_NG_chg,충전,NG,306,1,0,0.1866
Test06_NG_chg,충전,NG,307,1,0,0.1866
Test06_NG_chg,충전,NG,308,1,0,0.2166
Test06_NG_chg,충전,NG,309,1,0,0.2166
Test06_NG_chg,충전,NG,310,1,0,0.2166
Test06_NG_chg,충전,NG,311,1,0,0.1954
Test06_NG_chg,충전,NG,312,1,0,0.2266
Test06_NG_chg,충전,NG,313,1,0,0.2054
Test06_NG_chg,충전,NG,314,1,0,0.1866
Test06_NG_chg,충전,NG,315,1,0,0.2054
Test06_NG_chg,충전,NG,316,1,0,0.1867
Test06_NG_chg,충전,NG,317,1,0,0.1866
Test06_NG_chg,충전,NG,318,1,0,0.2166
Test06_NG_chg,충전,NG,319,1,0,0.2166
Test06_NG_chg,충전,NG,320,1,0,0.2166
Test06_NG_chg,충전,NG,321,1,0,0.1867
Test06_NG_chg,충전,NG,322,1,0,0.1866
Test06_NG_chg,충전,NG,323,1,0,0.197
Test06_NG_chg,충전,NG,324,1,0,0.2054
Test06_NG_chg,충전,NG,325,1,0,0.2054
Test06_NG_chg,충전,NG,326,1,0,0.1866
Test06_NG_chg,충전,NG,327,1,0,0.2166
Test06_NG_chg,충전,NG,328,1,0,0.2354
Test06_NG_chg,충전,NG,329,1,0,0.1954
Test06_NG_chg,충전,NG,330,1,0,0.2166
Test06_NG_chg,충전,NG,331,1,0,0.1866
Test06_NG_chg,충전,NG,332,1,0,0.2166
Test06_NG_chg,충전,NG,333,1,0,0.2266
Test06_NG_chg,충전,NG,334,1,0,0.2166
Test06_NG_chg,충전,NG,335,1,0,0.1866
Test06_NG_chg,충전,NG,336,1,0,0.2054
Test06_NG_chg,충전,NG,337,1,0,0.1866
Test06_NG_chg,충전,NG,338,1,0,0.1866
Test06_NG_chg,충전,NG,339,1,0,0.2166
Test06_NG_chg,충전,NG,340,1,0,0.1866
Test06_NG_chg,충전,NG,341,1,0,0.2254
Test06_NG_chg,충전,NG,342,1,0,0.1866
Test06_NG_chg,충전,NG,343,1,0,0.1866
Test06_NG_chg,충전,NG,344,1,0,0.1866
Test06_NG_chg,충전,NG,345,1,0,0.2254
Test06_NG_chg,충전,NG,346,1,0,0.1866
Test06_NG_chg,충전,NG,347,1,0,0.2054
Test06_NG_chg,충전,NG,348,1,0,0.2166
Test06_NG_chg,충전,NG,349,1,0,0.2166
Test06_NG_chg,충전,NG,350,1,0,0.2166
Test06_NG_chg,충전,NG,351,1,0,0.1954
Test06_NG_chg,충전,NG,352,1,0,0.2167
Test06_NG_chg,충전,NG,353,1,0,0.2166
Test06_NG_chg,충전,NG,354,1,0,0.2166
Test06_NG_chg,충전,NG,355,1,0,0.2166
Test06_NG_chg,충전,NG,356,1,0,0.2166
Test06_NG_chg,충전,NG,357,1,0,0.2254
Test06_NG_chg,충전,NG,358,1,0,0.2166
Test06_NG_chg,충전,NG,359,1,0,0.1966
Test06_NG_chg,충전,NG,360,1,0,0.1866
Test06_NG_chg,충전,NG,361,1,0,0.1866
Test06_NG_chg,충전,NG,362,1,0,0.2166
Test06_NG_chg,충전,NG,363,1,0,0.2166
Test06_NG_chg,충전,NG,364,1,0,0.2054
Test06_NG_chg,충전,NG,365,1,0,0.1954
Test06_NG_chg,충전,NG,366,1,0,0.1954
Test06_NG_chg,충전,NG,367,1,0,0.2054
Test06_NG_chg,충전,NG,368,1,0,0.1954
Test06_NG_chg,충전,NG,369,1,0,0.2054
Test06_NG_chg,충전,NG,370,1,0,0.1966
Test06_NG_chg,충전,NG,371,1,0,0.2166
Test06_NG_chg,충전,NG,372,1,0,0.1966
Test06_NG_chg,충전,NG,373,1,0,0.1866
Test06_NG_chg,충전,NG,374,1,0,0.2166
Test06_NG_chg,충전,NG,375,1,0,0.2166
Test06_NG_chg,충전,NG,376,1,0,0.1954
Test06_NG_chg,충전,NG,377,1,0,0.2166
Test06_NG_chg,충전,NG,378,1,0,0.1866
Test06_NG_chg,충전,NG,379,1,0,0.2166
Test06_NG_chg,충전,NG,380,1,0,0.2354
Test06_NG_chg,충전,NG,381,1,0,0.1866
Test06_NG_chg,충전,NG,382,1,0,0.1866
Test06_NG_chg,충전,NG,383,1,0,0.1866
Test06_NG_chg,충전,NG,384,1,0,0.2166
Test06_NG_chg,충전,NG,385,1,0,0.1866
Test06_NG_chg,충전,NG,386,1,0,0.1954
Test06_NG_chg,충전,NG,387,1,0,0.2166
Test06_NG_chg,충전,NG,388,1,0,0.2054
Test06_NG_chg,충전,NG,389,1,0,0.2054
Test06_NG_chg,충전,NG,390,1,0,0.1866
Test06_NG_chg,충전,NG,391,1,0,0.1866
Test06_NG_chg,충전,NG,392,1,0,0.1867
Test06_NG_chg,충전,NG,393,1,0,0.1866
Test06_NG_chg,충전,NG,394,1,0,0.2254
Test06_NG_chg,충전,NG,395,1,0,0.2166
Test06_NG_chg,충전,NG,396,1,0,0.1954
Test06_NG_chg,충전,NG,397,1,0,0.1867
Test06_NG_chg,충전,NG,398,1,0,0.2166
Test06_NG_chg,충전,NG,399,1,0,0.1866
Test06_NG_chg,충전,NG,400,1,0,0.1866
Test06_NG_chg,충전,NG,401,1,0,0.1954
Test06_NG_chg,충전,NG,402,1,0,0.2166
Test06_NG_chg,충전,NG,403,1,0,0.1954
Test06_NG_chg,충전,NG,404,1,0,0.2254
Test06_NG_chg,충전,NG,405,1,0,0.2167
Test06_NG_chg,충전,NG,406,1,0,0.2166
Test06_NG_chg,충전,NG,407,1,0,0.2254
Test06_NG_chg,충전,NG,408,1,0,0.1954
Test06_NG_chg,충전,NG,409,1,0,0.1866
Test06_NG_chg,충전,NG,410,1,0,0.2054
Test06_NG_chg,충전,NG,411,1,0,0.1866
Test06_NG_chg,충전,NG,412,1,0,0.2254
Test06_NG_chg,충전,NG,413,1,0,0.2054
Test06_NG_chg,충전,NG,414,1,0,0.2166
Test06_NG_chg,충전,NG,415,1,0,0.2054
Test06_NG_chg,충전,NG,416,1,0,0.1866
Test06_NG_chg,충전,NG,417,1,0,0.2254
Test06_NG_chg,충전,NG,418,1,0,0.2254
Test06_NG_chg,충전,NG,419,1,0,0.2166
Test06_NG_chg,충전,NG,420,1,0,0.1954
Test06_NG_chg,충전,NG,421,1,0,0.1866
Test06_NG_chg,충전,NG,422,1,0,0.2166
Test06_NG_chg,충전,NG,423,1,0,0.1954
Test06_NG_chg,충전,NG,424,1,0,0.1954
Test06_NG_chg,충전,NG,425,1,0,0.2166
Test06_NG_chg,충전,NG,426,1,0,0.2254
Test06_NG_chg,충전,NG,427,1,0,0.2054
Test06_NG_chg,충전,NG,428,1,0,0.2054
Test06_NG_chg,충전,NG,429,1,0,0.2166
Test06_NG_chg,충전,NG,430,1,0,0.2166
Test06_NG_chg,충전,NG,431,1,0,0.2166
Test06_NG_chg,충전,NG,432,1,0,0.1866
Test06_NG_chg,충전,NG,433,1,0,0.2054
Test06_NG_chg,충전,NG,434,1,0,0.2054
Test06_NG_chg,충전,NG,435,1,0,0.2054
Test06_NG_chg,충전,NG,436,1,0,0.1954
Test06_NG_chg,충전,NG,437,1,0,0.2166
Test06_NG_chg,충전,NG,438,1,0,0.2166
Test06_NG_chg,충전,NG,439,1,0,0.1866
Test06_NG_chg,충전,NG,440,1,0,0.1954
Test06_NG_chg,충전,NG,441,1,0,0.2166
Test06_NG_chg,충전,NG,442,1,0,0.1866
Test06_NG_chg,충전,NG,443,1,0,0.2166
Test06_NG_chg,충전,NG,444,1,0,0.1866
Test06_NG_chg,충전,NG,445,1,0,0.1954
Test06_NG_chg,충전,NG,446,1,0,0.2254
Test06_NG_chg,충전,NG,447,1,0,0.1866
Test06_NG_chg,충전,NG,448,1,0,0.2166
Test06_NG_chg,충전,NG,449,1,0,0.1966
Test06_NG_chg,충전,NG,450,1,0,0.1954
Test06_NG_chg,충전,NG,451,1,0,0.2166
Test06_NG_chg,충전,NG,452,1,0,0.2167
Test06_NG_chg,충전,NG,453,1,0,0.2254
Test06_NG_chg,충전,NG,454,1,0,0.2166
Test06_NG_chg,충전,NG,455,1,0,0.2354
Test06_NG_chg,충전,NG,456,1,0,0.2354
Test06_NG_chg,충전,NG,457,1,0,0.2254
Test06_NG_chg,충전,NG,458,1,0,0.1866
Test06_NG_chg,충전,NG,459,1,0,0.2066
Test06_NG_chg,충전,NG,460,1,0,0.2166
Test06_NG_chg,충전,NG,461,1,0,0.2166
Test06_NG_chg,충전,NG,462,1,0,0.2166
Test06_NG_chg,충전,NG,463,1,0,0.1867
Test06_NG_chg,충전,NG,464,1,0,0.2166
Test06_NG_chg,충전,NG,465,1,0,0.2254
Test06_NG_chg,충전,NG,466,1,0,0.2266
Test06_NG_chg,충전,NG,467,1,0,0.2254
Test06_NG_chg,충전,NG,468,1,0,0.1954
Test06_NG_chg,충전,NG,469,1,0,0.2166
Test06_NG_chg,충전,NG,470,1,0,0.1866
Test06_NG_chg,충전,NG,471,1,0,0.2166
Test06_NG_chg,충전,NG,472,1,0,0.1882
Test06_NG_chg,충전,NG,473,1,0,0.2166
Test06_NG_chg,충전,NG,474,1,0,0.2354
Test06_NG_chg,충전,NG,475,1,0,0.2166
Test06_NG_chg,충전,NG,476,1,0,0.2166
Test06_NG_chg,충전,NG,477,1,0,0.1866
Test06_NG_chg,충전,NG,478,1,0,0.1866
Test06_NG_chg,충전,NG,479,1,0,0.1268
Test06_NG_chg,충전,NG,480,1,0,0.1905
Test06_NG_chg,충전,NG,481,1,0,0.196
Test06_NG_chg,충전,NG,482,1,0,0.227
Test06_NG_chg,충전,NG,483,1,0,0.1866
Test06_NG_chg,충전,NG,484,1,0,0.197
Test06_NG_chg,충전,NG,485,1,0,0.1835
Test06_NG_chg,충전,NG,486,1,0,0.2182
Test06_NG_chg,충전,NG,487,1,0,0.237
Test06_NG_chg,충전,NG,488,1,0,0.1982
Test06_NG_chg,충전,NG,489,1,0,0.1966
Test06_NG_chg,충전,NG,490,1,0,0.1954
Test06_NG_chg,충전,NG,491,1,0,0.2254
Test06_NG_chg,충전,NG,492,1,0,0.2354
Test06_NG_chg,충전,NG,493,1,0,0.1966
Test06_NG_chg,충전,NG,494,1,0,0.2267
Test06_NG_chg,충전,NG,495,1,0,0.2513
Test06_NG_chg,충전,NG,496,1,0,0.315
Test06_NG_chg,충전,NG,497,1,0,0.295
Test06_NG_chg,충전,NG,498,1,0,0.2856
Test06_NG_chg,충전,NG,499,1,0,0.2856
Test06_NG_chg,충전,NG,500,1,0,0.2526
Test06_NG_chg,충전,NG,501,1,0,0.3359
Test06_NG_chg,충전,NG,502,1,0,0.357
Test06_NG_chg,충전,NG,503,1,0,0.3759
Test06_NG_chg,충전,NG,504,1,0,0.356
Test06_NG_chg,충전,NG,505,1,0,0.3359
Test06_NG_chg,충전,NG,506,1,0,0.3359
Test06_NG_chg,충전,NG,507,1,0,0.357
Test06_NG_chg,충전,NG,508,1,0,0.343
Test06_NG_chg,충전,NG,509,1,0,0.3359
Test06_NG_chg,충전,NG,510,1,0,0.3359
Test06_NG_chg,충전,NG,511,1,0,0.3431
Test06_NG_chg,충전,NG,512,1,0,0.3538
Test06_NG_chg,충전,NG,513,1,0,0.337
Test06_NG_chg,충전,NG,514,1,0,0.3364
Test06_NG_chg,충전,NG,515,1,0,0.337
Test06_NG_chg,충전,NG,516,1,0,0.3538
Test06_NG_chg,충전,NG,517,1,0,0.3338
Test06_NG_chg,충전,NG,518,1,0,0.3338
Test06_NG_chg,충전,NG,519,1,0,0.3238
Test06_NG_chg,충전,NG,520,1,0,0.3159
Test06_NG_chg,충전,NG,521,1,0,0.323
Test06_NG_chg,충전,NG,522,1,0,0.337
Test06_NG_chg,충전,NG,523,1,0,0.3338
Test06_NG_chg,충전,NG,524,1,0,0.337
Test06_NG_chg,충전,NG,525,1,0,0.2922
Test06_NG_chg,충전,NG,526,1,0,0.337
Test06_NG_chg,충전,NG,527,1,0,0.337
Test06_NG_chg,충전,NG,528,1,0,0.323
Test06_NG_chg,충전,NG,529,1,0,0.337
Test06_NG_chg,충전,NG,530,1,0,0.323
Test06_NG_chg,충전,NG,531,1,0,0.337
Test06_NG_chg,충전,NG,532,1,0,0.3172
Test06_NG_chg,충전,NG,533,1,0,0.323
Test06_NG_chg,충전,NG,534,1,0,0.337
Test06_NG_chg,충전,NG,535,1,0,0.337
Test06_NG_chg,충전,NG,536,1,0,0.323
Test06_NG_chg,충전,NG,537,1,0,0.3172
Test06_NG_chg,충전,NG,538,1,0,0.3033
Test06_NG_chg,충전,NG,539,1,0,0.3141
Test06_NG_chg,충전,NG,540,1,0,0.337
Test06_NG_chg,충전,NG,541,1,0,0.337
Test06_NG_chg,충전,NG,542,1,0,0.307
Test06_NG_chg,충전,NG,543,1,0,0.3264
Test06_NG_chg,충전,NG,544,1,0,0.3232
Test06_NG_chg,충전,NG,545,1,0,0.3161
Test06_NG_chg,충전,NG,546,1,0,0.3232
Test06_NG_chg,충전,NG,547,1,0,0.3101
Test06_NG_chg,충전,NG,548,1,0,0.3101
Test06_NG_chg,충전,NG,549,1,0,0.3133
Test06_NG_chg,충전,NG,550,1,0,0.3272
Test06_NG_chg,충전,NG,551,1,0,0.3101
Test06_NG_chg,충전,NG,552,1,0,0.3201
Test06_NG_chg,충전,NG,553,1,0,0.3001
Test06_NG_chg,충전,NG,554,1,0,0.3033
Test06_NG_chg,충전,NG,555,1,0,0.3201
Test06_NG_chg,충전,NG,556,1,0,0.3062
Test06_NG_chg,충전,NG,557,1,0,0.3001
Test06_NG_chg,충전,NG,558,1,0,0.2962
Test06_NG_chg,충전,NG,559,1,0,0.3001
Test06_NG_chg,충전,NG,560,1,0,0.3101
Test06_NG_chg,충전,NG,561,1,0,0.317
Test06_NG_chg,충전,NG,562,1,0,0.3062
Test06_NG_chg,충전,NG,563,1,0,0.3101
Test06_NG_chg,충전,NG,564,1,0,0.2962
Test06_NG_chg,충전,NG,565,1,0,0.3001
Test06_NG_chg,충전,NG,566,1,0,0.3062
Test06_NG_chg,충전,NG,567,1,0,0.3001
Test06_NG_chg,충전,NG,568,1,0,0.3001
Test06_NG_chg,충전,NG,569,1,0,0.3062
Test06_NG_chg,충전,NG,570,1,0,0.3001
Test06_NG_chg,충전,NG,571,1,0,0.3022
Test06_NG_chg,충전,NG,572,1,0,0.3201
Test06_NG_chg,충전,NG,573,1,0,0.3062
Test06_NG_chg,충전,NG,574,1,0,0.3101
Test06_NG_chg,충전,NG,575,1,0,0.3101
Test06_NG_chg,충전,NG,576,1,0,0.3101
Test06_NG_chg,충전,NG,577,1,0,0.3062
Test06_NG_chg,충전,NG,578,1,0,0.3078
Test06_NG_chg,충전,NG,579,1,0,0.3201
Test06_NG_chg,충전,NG,580,1,0,0.3062
Test06_NG_chg,충전,NG,581,1,0,0.3062
Test06_NG_chg,충전,NG,582,1,0,0.3101
Test06_NG_chg,충전,NG,583,1,0,0.3101
Test06_NG_chg,충전,NG,584,1,0,0.2962
Test06_NG_chg,충전,NG,585,1,0,0.2922
Test06_NG_chg,충전,NG,586,1,0,0.3101
Test06_NG_chg,충전,NG,587,1,0,0.3062
Test06_NG_chg,충전,NG,588,1,0,0.3101
Test06_NG_chg,충전,NG,589,1,0,0.3062
Test06_NG_chg,충전,NG,590,1,0,0.3101
Test06_NG_chg,충전,NG,591,1,0,0.3062
Test06_NG_chg,충전,NG,592,1,0,0.3101
Test06_NG_chg,충전,NG,593,1,0,0.3201
Test06_NG_chg,충전,NG,594,1,0,0.3062
Test06_NG_chg,충전,NG,595,1,0,0.3062
Test06_NG_chg,충전,NG,596,1,0,0.3
Test06_NG_chg,충전,NG,597,1,0,0.3101
Test06_NG_chg,충전,NG,598,1,0,0.3001
Test06_NG_chg,충전,NG,599,1,0,0.3062
Test06_NG_chg,충전,NG,600,1,0,0.2962
Test06_NG_chg,충전,NG,601,1,0,0.3201
Test06_NG_chg,충전,NG,602,1,0,0.3201
Test06_NG_chg,충전,NG,603,1,0,0.2962
Test06_NG_chg,충전,NG,604,1,0,0.2862
Test06_NG_chg,충전,NG,605,1,0,0.3162
Test06_NG_chg,충전,NG,606,1,0,0.3101
Test06_NG_chg,충전,NG,607,1,0,0.3062
Test06_NG_chg,충전,NG,608,1,0,0.3118
Test06_NG_chg,충전,NG,609,1,0,0.3101
Test06_NG_chg,충전,NG,610,1,0,0.3201
Test06_NG_chg,충전,NG,611,1,0,0.3062
Test06_NG_chg,충전,NG,612,1,0,0.3001
Test06_NG_chg,충전,NG,613,1,0,0.3062
Test06_NG_chg,충전,NG,614,1,0,0.3101
Test06_NG_chg,충전,NG,615,1,0,0.3062
Test06_NG_chg,충전,NG,616,1,0,0.3078
Test06_NG_chg,충전,NG,617,1,0,0.3201
Test06_NG_chg,충전,NG,618,1,0,0.2879
Test06_NG_chg,충전,NG,619,1,0,0.3001
Test06_NG_chg,충전,NG,620,1,0,0.3001
Test06_NG_chg,충전,NG,621,1,0,0.2961
Test06_NG_chg,충전,NG,622,1,0,0.3062
Test06_NG_chg,충전,NG,623,1,0,0.2962
Test06_NG_chg,충전,NG,624,1,0,0.3101
Test06_NG_chg,충전,NG,625,1,0,0.2962
Test06_NG_chg,충전,NG,626,1,0,0.3062
Test06_NG_chg,충전,NG,627,1,0,0.3201
Test06_NG_chg,충전,NG,628,1,0,0.3062
Test06_NG_chg,충전,NG,629,1,0,0.2862
Test06_NG_chg,충전,NG,630,1,0,0.2962
Test06_NG_chg,충전,NG,631,1,0,0.3118
Test06_NG_chg,충전,NG,632,1,0,0.3101
Test06_NG_chg,충전,NG,633,1,0,0.3201
Test06_NG_chg,충전,NG,634,1,0,0.2862
Test06_NG_chg,충전,NG,635,1,0,0.3062
Test06_NG_chg,충전,NG,636,1,0,0.3001
Test06_NG_chg,충전,NG,637,1,0,0.2862
Test06_NG_chg,충전,NG,638,1,0,0.2962
Test06_NG_chg,충전,NG,639,1,0,0.3101
Test06_NG_chg,충전,NG,640,1,0,0.3101
Test06_NG_chg,충전,NG,641,1,0,0.3001
Test06_NG_chg,충전,NG,642,1,0,0.3062
Test06_NG_chg,충전,NG,643,1,0,0.3101
Test06_NG_chg,충전,NG,644,1,0,0.3101
Test06_NG_chg,충전,NG,645,1,0,0.3001
Test06_NG_chg,충전,NG,646,1,0,0.3023
Test06_NG_chg,충전,NG,647,1,0,0.3001
Test06_NG_chg,충전,NG,648,1,0,0.297
Test06_NG_chg,충전,NG,649,1,0,0.3062
Test06_NG_chg,충전,NG,650,1,0,0.2962
Test06_NG_chg,충전,NG,651,1,0,0.3018
Test06_NG_chg,충전,NG,652,1,0,0.2862
Test06_NG_chg,충전,NG,653,1,0,0.3001
Test06_NG_chg,충전,NG,654,1,0,0.2979
Test06_NG_chg,충전,NG,655,1,0,0.3001
Test06_NG_chg,충전,NG,656,1,0,0.3062
Test06_NG_chg,충전,NG,657,1,0,0.3201
Test06_NG_chg,충전,NG,658,1,0,0.3001
Test06_NG_chg,충전,NG,659,1,0,0.2922
Test06_NG_chg,충전,NG,660,1,0,0.3162
Test06_NG_chg,충전,NG,661,1,0,0.3001
Test06_NG_chg,충전,NG,662,1,0,0.2978
Test06_NG_chg,충전,NG,663,1,0,0.2862
Test06_NG_chg,충전,NG,664,1,0,0.2862
Test06_NG_chg,충전,NG,665,1,0,0.3176
Test06_NG_chg,충전,NG,666,1,0,0.3315
Test06_NG_chg,충전,NG,667,1,0,0.2962
Test06_NG_chg,충전,NG,668,1,0,0.2862
Test06_NG_chg,충전,NG,669,1,0,0.3101
Test06_NG_chg,충전,NG,670,1,0,0.2962
Test06_NG_chg,충전,NG,671,1,0,0.2862
Test06_NG_chg,충전,NG,672,1,0,0.3001
Test06_NG_chg,충전,NG,673,1,0,0.2962
Test06_NG_chg,충전,NG,674,1,0,0.2962
Test06_NG_chg,충전,NG,675,1,0,0.3001
Test06_NG_chg,충전,NG,676,1,0,0.3155
Test06_NG_chg,충전,NG,677,1,0,0.307
Test06_NG_chg,충전,NG,678,1,0,0.3049
Test06_NG_chg,충전,NG,679,1,0,0.3386
Test06_NG_chg,충전,NG,680,1,0,0.3101
Test06_NG_chg,충전,NG,681,1,0,0.3061
Test06_NG_chg,충전,NG,682,1,0,0.3062
Test06_NG_chg,충전,NG,683,1,0,0.2962
Test06_NG_chg,충전,NG,684,1,0,0.3001
Test06_NG_chg,충전,NG,685,1,0,0.2962
Test06_NG_chg,충전,NG,686,1,0,0.3133
Test06_NG_chg,충전,NG,687,1,0,0.3299
Test06_NG_chg,충전,NG,688,1,0,0.3193
Test06_NG_chg,충전,NG,689,1,0,0.3062
Test06_NG_chg,충전,NG,690,1,0,0.3299
Test06_NG_chg,충전,NG,691,1,0,0.3049
Test06_NG_chg,충전,NG,692,1,0,0.2933
Test06_NG_chg,충전,NG,693,1,0,0.3055
Test06_NG_chg,충전,NG,694,1,0,0.3299
Test06_NG_chg,충전,NG,695,1,0,0.3132
Test06_NG_chg,충전,NG,696,1,0,0.3201
Test06_NG_chg,충전,NG,697,1,0,0.2289
Test06_NG_chg,충전,NG,698,1,0,0.3386
Test06_NG_chg,충전,NG,699,1,0,0.337
Test06_NG_chg,충전,NG,700,1,0,0.323
Test06_NG_chg,충전,NG,701,1,0,0.337
Test06_NG_chg,충전,NG,702,1,0,0.2933
Test06_NG_chg,충전,NG,703,1,0,0.2956
Test06_NG_chg,충전,NG,704,1,0,0.3386
Test06_NG_chg,충전,NG,705,1,0,0.3264
Test06_NG_chg,충전,NG,706,1,0,0.2922
Test06_NG_chg,충전,NG,707,1,0,0.337
Test06_NG_chg,충전,NG,708,1,0,0.3072
Test06_NG_chg,충전,NG,709,1,0,0.323
Test06_NG_chg,충전,NG,710,1,0,0.337
Test06_NG_chg,충전,NG,711,1,0,0.3033
Test06_NG_chg,충전,NG,712,1,0,0.3264
Test06_NG_chg,충전,NG,713,1,0,0.3188
Test06_NG_chg,충전,NG,714,1,0,0.2933
Test06_NG_chg,충전,NG,715,1,0,0.3264
Test06_NG_chg,충전,NG,716,1,0,0.337
Test06_NG_chg,충전,NG,717,1,0,0.3264
Test06_NG_chg,충전,NG,718,1,0,0.337
Test06_NG_chg,충전,NG,719,1,0,0.3181
Test06_NG_chg,충전,NG,720,1,0,0.3033
Test06_NG_chg,충전,NG,721,1,0,0.337
Test06_NG_chg,충전,NG,722,1,0,0.3264
Test06_NG_chg,충전,NG,723,1,0,0.327
Test06_NG_chg,충전,NG,724,1,0,0.337
Test06_NG_chg,충전,NG,725,1,0,0.3264
Test06_NG_chg,충전,NG,726,1,0,0.3264
Test06_NG_chg,충전,NG,727,1,0,0.327
Test06_NG_chg,충전,NG,728,1,0,0.337
Test06_NG_chg,충전,NG,729,1,0,0.337
Test06_NG_chg,충전,NG,730,1,0,0.3281
Test06_NG_chg,충전,NG,731,1,0,0.337
Test06_NG_chg,충전,NG,732,1,0,0.3386
Test06_NG_chg,충전,NG,733,1,0,0.337
Test06_NG_chg,충전,NG,734,1,0,0.3264
Test06_NG_chg,충전,NG,735,1,0,0.337
Test06_NG_chg,충전,NG,736,1,0,0.337
Test06_NG_chg,충전,NG,737,1,0,0.323
Test06_NG_chg,충전,NG,738,1,0,0.3264
Test06_NG_chg,충전,NG,739,1,0,0.3269
Test06_NG_chg,충전,NG,740,1,0,0.337
Test06_NG_chg,충전,NG,741,1,0,0.3159
Test06_NG_chg,충전,NG,742,1,0,0.3264
Test06_NG_chg,충전,NG,743,1,0,0.3281
Test06_NG_chg,충전,NG,744,1,0,0.337
Test06_NG_chg,충전,NG,745,1,0,0.3264
Test06_NG_chg,충전,NG,746,1,0,0.337
Test06_NG_chg,충전,NG,747,1,0,0.3264
Test06_NG_chg,충전,NG,748,1,0,0.327
Test06_NG_chg,충전,NG,749,1,0,0.3286
Test06_NG_chg,충전,NG,750,1,0,0.337
Test06_NG_chg,충전,NG,751,1,0,0.323
Test06_NG_chg,충전,NG,752,1,0,0.3159
Test06_NG_chg,충전,NG,753,1,0,0.3264
Test06_NG_chg,충전,NG,754,1,0,0.327
Test06_NG_chg,충전,NG,755,1,0,0.337
Test06_NG_chg,충전,NG,756,1,0,0.337
Test06_NG_chg,충전,NG,757,1,0,0.3264
Test06_NG_chg,충전,NG,758,1,0,0.3264
Test06_NG_chg,충전,NG,759,1,0,0.3386
Test06_NG_chg,충전,NG,760,1,0,0.337
Test06_NG_chg,충전,NG,761,1,0,0.3264
Test06_NG_chg,충전,NG,762,1,0,0.327
Test06_NG_chg,충전,NG,763,1,0,0.337
Test06_NG_chg,충전,NG,764,1,0,0.3264
Test06_NG_chg,충전,NG,765,1,0,0.323
Test06_NG_chg,충전,NG,766,1,0,0.337
Test06_NG_chg,충전,NG,767,1,0,0.337
Test06_NG_chg,충전,NG,768,1,0,0.3164
Test06_NG_chg,충전,NG,769,1,0,0.337
Test06_NG_chg,충전,NG,770,1,0,0.2956
Test06_NG_chg,충전,NG,771,1,0,0.3061
Test06_NG_chg,충전,NG,772,1,0,0.3286
Test06_NG_chg,충전,NG,773,1,0,0.313
Test06_NG_chg,충전,NG,774,1,0,0.3386
Test06_NG_chg,충전,NG,775,1,0,0.313
Test06_NG_chg,충전,NG,776,1,0,0.3264
Test06_NG_chg,충전,NG,777,1,0,0.327
Test06_NG_chg,충전,NG,778,1,0,0.3231
Test06_NG_chg,충전,NG,779,1,0,0.323
Test06_NG_chg,충전,NG,780,1,0,0.337
Test06_NG_chg,충전,NG,781,1,0,0.3264
Test06_NG_chg,충전,NG,782,1,0,0.337
Test06_NG_chg,충전,NG,783,1,0,0.337
Test06_NG_chg,충전,NG,784,1,0,0.3338
Test06_NG_chg,충전,NG,785,1,0,0.3264
Test06_NG_chg,충전,NG,786,1,0,0.3264
Test06_NG_chg,충전,NG,787,1,0,0.3221
Test06_NG_chg,충전,NG,788,1,0,0.337
Test06_NG_chg,충전,NG,789,1,0,0.326
Test06_NG_chg,충전,NG,790,1,0,0.337
Test06_NG_chg,충전,NG,791,1,0,0.3264
Test06_NG_chg,충전,NG,792,1,0,0.337
Test06_NG_chg,충전,NG,793,1,0,0.337
Test06_NG_chg,충전,NG,794,1,0,0.3264
Test06_NG_chg,충전,NG,795,1,0,0.327
Test06_NG_chg,충전,NG,796,1,0,0.3338
Test06_NG_chg,충전,NG,797,1,0,0.3264
Test06_NG_chg,충전,NG,798,1,0,0.323
Test06_NG_chg,충전,NG,799,1,0,0.337
Test06_NG_chg,충전,NG,800,1,0,0.323
Test06_NG_chg,충전,NG,801,1,0,0.337
Test06_NG_chg,충전,NG,802,1,0,0.3264
Test06_NG_chg,충전,NG,803,1,0,0.323
Test06_NG_chg,충전,NG,804,1,0,0.337
Test06_NG_chg,충전,NG,805,1,0,0.337
Test06_NG_chg,충전,NG,806,1,0,0.337
Test06_NG_chg,충전,NG,807,1,0,0.3264
Test06_NG_chg,충전,NG,808,1,0,0.3264
Test06_NG_chg,충전,NG,809,1,0,0.337
Test06_NG_chg,충전,NG,810,1,0,0.3264
Test06_NG_chg,충전,NG,811,1,0,0.337
Test06_NG_chg,충전,NG,812,1,0,0.337
Test06_NG_chg,충전,NG,813,1,0,0.3233
Test06_NG_chg,충전,NG,814,1,0,0.337
Test06_NG_chg,충전,NG,815,1,0,0.323
Test06_NG_chg,충전,NG,816,1,0,0.337
Test06_NG_chg,충전,NG,817,1,0,0.2956
Test06_NG_chg,충전,NG,818,1,0,0.337
Test06_NG_chg,충전,NG,819,1,0,0.3264
Test06_NG_chg,충전,NG,820,1,0,0.3264
Test06_NG_chg,충전,NG,821,1,0,0.3338
Test06_NG_chg,충전,NG,822,1,0,0.3264
Test06_NG_chg,충전,NG,823,1,0,0.337
Test06_NG_chg,충전,NG,824,1,0,0.3264
Test06_NG_chg,충전,NG,825,1,0,0.337
Test06_NG_chg,충전,NG,826,1,0,0.3386
Test06_NG_chg,충전,NG,827,1,0,0.327
Test06_NG_chg,충전,NG,828,1,0,0.327
Test06_NG_chg,충전,NG,829,1,0,0.327
Test06_NG_chg,충전,NG,830,1,0,0.2756
Test06_NG_chg,충전,NG,831,1,0,0.317
Test06_NG_chg,충전,NG,832,1,0,0.337
Test06_NG_chg,충전,NG,833,1,0,0.2964
Test06_NG_chg,충전,NG,834,1,0,0.313
Test06_NG_chg,충전,NG,835,1,0,0.327
Test06_NG_chg,충전,NG,836,1,0,0.2964
Test06_NG_chg,충전,NG,837,1,0,0.303
Test06_NG_chg,충전,NG,838,1,0,0.347
Test06_NG_chg,충전,NG,839,1,0,0.343
Test06_NG_chg,충전,NG,840,1,0,0.337
Test06_NG_chg,충전,NG,841,1,0,0.3264
Test06_NG_chg,충전,NG,842,1,0,0.323
Test06_NG_chg,충전,NG,843,1,0,0.337
Test06_NG_chg,충전,NG,844,1,0,0.323
Test06_NG_chg,충전,NG,845,1,0,0.3264
Test06_NG_chg,충전,NG,846,1,0,0.323
Test06_NG_chg,충전,NG,847,1,0,0.337
Test06_NG_chg,충전,NG,848,1,0,0.3264
Test06_NG_chg,충전,NG,849,1,0,0.337
Test06_NG_chg,충전,NG,850,1,0,0.3269
Test06_NG_chg,충전,NG,851,1,0,0.337
Test06_NG_chg,충전,NG,852,1,0,0.3264
Test06_NG_chg,충전,NG,853,1,0,0.1793
Test07_NG_dchg,방전,NG,0,0,0,0.2512
Test07_NG_dchg,방전,NG,1,0,0,0.2512
Test07_NG_dchg,방전,NG,2,0,0,0.2776
Test07_NG_dchg,방전,NG,3,0,0,0.1226
Test07_NG_dchg,방전,NG,4,0,0,0.1226
Test07_NG_dchg,방전,NG,5,0,0,0.2512
Test07_NG_dchg,방전,NG,6,0,0,0.1541
Test07_NG_dchg,방전,NG,7,0,0,0.258
Test07_NG_dchg,방전,NG,8,0,0,0.2776
Test07_NG_dchg,방전,NG,9,0,0,0.2776
Test07_NG_dchg,방전,NG,10,0,0,0.1541
Test07_NG_dchg,방전,NG,11,0,0,0.1226
Test07_NG_dchg,방전,NG,12,0,0,0.1226
Test07_NG_dchg,방전,NG,13,0,0,0.2512
Test07_NG_dchg,방전,NG,14,0,0,0.1541
Test07_NG_dchg,방전,NG,15,0,0,0.2776
Test07_NG_dchg,방전,NG,16,0,0,0.1226
Test07_NG_dchg,방전,NG,17,0,0,0.1226
Test07_NG_dchg,방전,NG,18,0,0,0.1226
Test07_NG_dchg,방전,NG,19,0,0,0.1541
Test07_NG_dchg,방전,NG,20,0,0,0.2037
Test07_NG_dchg,방전,NG,21,0,0,0.1226
Test07_NG_dchg,방전,NG,22,0,0,0.1541
Test07_NG_dchg,방전,NG,23,0,0,0.1226
Test07_NG_dchg,방전,NG,24,0,0,0.1226
Test07_NG_dchg,방전,NG,25,0,0,0.1226
Test07_NG_dchg,방전,NG,26,0,0,0.258
Test07_NG_dchg,방전,NG,27,0,0,0.1541
Test07_NG_dchg,방전,NG,28,0,0,0.2037
Test07_NG_dchg,방전,NG,29,0,0,0.1226
Test07_NG_dchg,방전,NG,30,0,0,0.1126
Test07_NG_dchg,방전,NG,31,0,0,0.1541
Test07_NG_dchg,방전,NG,32,0,0,0.2776
Test07_NG_dchg,방전,NG,33,0,0,0.1126
Test07_NG_dchg,방전,NG,34,0,0,0.2512
Test07_NG_dchg,방전,NG,35,0,0,0.1126
Test07_NG_dchg,방전,NG,36,0,0,0.2037
Test07_NG_dchg,방전,NG,37,0,0,0.1226
Test07_NG_dchg,방전,NG,38,0,0,0.1226
Test07_NG_dchg,방전,NG,39,0,0,0.2776
Test07_NG_dchg,방전,NG,40,0,0,0.1226
Test07_NG_dchg,방전,NG,41,0,0,0.2776
Test07_NG_dchg,방전,NG,42,0,0,0.1226
Test07_NG_dchg,방전,NG,43,0,0,0.1127
Test07_NG_dchg,방전,NG,44,0,0,0.1226
Test07_NG_dchg,방전,NG,45,0,0,0.1541
Test07_NG_dchg,방전,NG,46,0,0,0.1226
Test07_NG_dchg,방전,NG,47,0,0,0.1541
Test07_NG_dchg,방전,NG,48,0,0,0.1126
Test07_NG_dchg,방전,NG,49,0,0,0.1226
Test07_NG_dchg,방전,NG,50,0,0,0.1226
Test07_NG_dchg,방전,NG,51,0,0,0.258
Test07_NG_dchg,방전,NG,52,0,0,0.2512
Test07_NG_dchg,방전,NG,53,0,0,0.1226
Test07_NG_dchg,방전,NG,54,0,0,0.258
Test07_NG_dchg,방전,NG,55,0,0,0.258
Test07_NG_dchg,방전,NG,56,0,0,0.1226
Test07_NG_dchg,방전,NG,57,0,0,0.1226
Test07_NG_dchg,방전,NG,58,0,0,0.1226
Test07_NG_dchg,방전,NG,59,0,0,0.1226
Test07_NG_dchg,방전,NG,60,0,0,0.1541
Test07_NG_dchg,방전,NG,61,0,0,0.1226
Test07_NG_dchg,방전,NG,62,0,0,0.2512
Test07_NG_dchg,방전,NG,63,0,0,0.258
Test07_NG_dchg,방전,NG,64,0,0,0.2512
Test07_NG_dchg,방전,NG,65,0,0,0.1226
Test07_NG_dchg,방전,NG,66,0,0,0.2776
Test07_NG_dchg,방전,NG,67,0,0,0.1226
Test07_NG_dchg,방전,NG,68,0,0,0.1126
Test07_NG_dchg,방전,NG,69,0,0,0.1227
Test07_NG_dchg,방전,NG,70,0,0,0.1226
Test07_NG_dchg,방전,NG,71,0,0,0.258
Test07_NG_dchg,방전,NG,72,0,0,0.2776
Test07_NG_dchg,방전,NG,73,0,0,0.2512
Test07_NG_dchg,방전,NG,74,0,0,0.2512
Test07_NG_dchg,방전,NG,75,0,0,0.1126
Test07_NG_dchg,방전,NG,76,0,0,0.1226
Test07_NG_dchg,방전,NG,77,0,0,0.2512
Test07_NG_dchg,방전,NG,78,0,0,0.1653
Test07_NG_dchg,방전,NG,79,0,0,0.1653
Test07_NG_dchg,방전,NG,80,0,0,0.2512
Test07_NG_dchg,방전,NG,81,0,0,0.2512
Test07_NG_dchg,방전,NG,82,0,0,0.258
Test07_NG_dchg,방전,NG,83,0,0,0.1226
Test07_NG_dchg,방전,NG,84,0,0,0.2512
Test07_NG_dchg,방전,NG,85,0,0,0.2419
Test07_NG_dchg,방전,NG,86,0,0,0.258
Test07_NG_dchg,방전,NG,87,0,0,0.1226
Test07_NG_dchg,방전,NG,88,0,0,0.1126
Test07_NG_dchg,방전,NG,89,0,0,0.1226
Test07_NG_dchg,방전,NG,90,0,0,0.2512
Test07_NG_dchg,방전,NG,91,0,0,0.258
Test07_NG_dchg,방전,NG,92,0,0,0.2776
Test07_NG_dchg,방전,NG,93,0,0,0.1653
Test07_NG_dchg,방전,NG,94,0,0,0.2705
Test07_NG_dchg,방전,NG,95,0,0,0.1226
Test07_NG_dchg,방전,NG,96,0,0,0.1226
Test07_NG_dchg,방전,NG,97,0,0,0.1541
Test07_NG_dchg,방전,NG,98,0,0,0.258
Test07_NG_dchg,방전,NG,99,0,0,0.1541
Test07_NG_dchg,방전,NG,100,0,0,0.1226
Test07_NG_dchg,방전,NG,101,0,0,0.1541
Test07_NG_dchg,방전,NG,102,0,0,0.258
Test07_NG_dchg,방전,NG,103,0,0,0.2512
Test07_NG_dchg,방전,NG,104,0,0,0.258
Test07_NG_dchg,방전,NG,105,0,0,0.258
Test07_NG_dchg,방전,NG,106,0,0,0.258
Test07_NG_dchg,방전,NG,107,0,0,0.1653
Test07_NG_dchg,방전,NG,108,0,0,0.2512
Test07_NG_dchg,방전,NG,109,0,0,0.258
Test07_NG_dchg,방전,NG,110,0,0,0.1653
Test07_NG_dchg,방전,NG,111,0,0,0.1541
Test07_NG_dchg,방전,NG,112,0,0,0.2512
Test07_NG_dchg,방전,NG,113,0,0,0.258
Test07_NG_dchg,방전,NG,114,0,0,0.258
Test07_NG_dchg,방전,NG,115,0,0,0.1541
Test07_NG_dchg,방전,NG,116,0,0,0.2512
Test07_NG_dchg,방전,NG,117,0,0,0.1653
Test07_NG_dchg,방전,NG,118,0,0,0.1653
Test07_NG_dchg,방전,NG,119,0,0,0.2611
Test07_NG_dchg,방전,NG,120,0,0,0.1226
Test07_NG_dchg,방전,NG,121,0,0,0.2512
Test07_NG_dchg,방전,NG,122,0,0,0.2512
Test07_NG_dchg,방전,NG,123,0,0,0.1541
Test07_NG_dchg,방전,NG,124,0,0,0.1541
Test07_NG_dchg,방전,NG,125,0,0,0.2512
Test07_NG_dchg,방전,NG,126,0,0,0.1653
Test07_NG_dchg,방전,NG,127,0,0,0.1653
Test07_NG_dchg,방전,NG,128,0,0,0.1541
Test07_NG_dchg,방전,NG,129,0,0,0.1541
Test07_NG_dchg,방전,NG,130,0,0,0.1541
Test07_NG_dchg,방전,NG,131,0,0,0.258
Test07_NG_dchg,방전,NG,132,0,0,0.1541
Test07_NG_dchg,방전,NG,133,0,0,0.258
Test07_NG_dchg,방전,NG,134,0,0,0.1541
Test07_NG_dchg,방전,NG,135,0,0,0.1541
Test07_NG_dchg,방전,NG,136,0,0,0.1541
Test07_NG_dchg,방전,NG,137,0,0,0.1541
Test07_NG_dchg,방전,NG,138,0,0,0.2512
Test07_NG_dchg,방전,NG,139,0,0,0.1541
Test07_NG_dchg,방전,NG,140,0,0,0.2512
Test07_NG_dchg,방전,NG,141,0,0,0.1653
Test07_NG_dchg,방전,NG,142,0,0,0.1541
Test07_NG_dchg,방전,NG,143,0,0,0.2037
Test07_NG_dchg,방전,NG,144,0,0,0.1653
Test07_NG_dchg,방전,NG,145,0,0,0.1541
Test07_NG_dchg,방전,NG,146,0,0,0.1541
Test07_NG_dchg,방전,NG,147,0,0,0.1541
Test07_NG_dchg,방전,NG,148,0,0,0.1541
Test07_NG_dchg,방전,NG,149,0,0,0.1226
Test07_NG_dchg,방전,NG,150,0,0,0.1541
Test07_NG_dchg,방전,NG,151,0,0,0.1541
Test07_NG_dchg,방전,NG,152,0,0,0.2512
Test07_NG_dchg,방전,NG,153,0,0,0.1541
Test07_NG_dchg,방전,NG,154,0,0,0.1541
Test07_NG_dchg,방전,NG,155,0,0,0.2512
Test07_NG_dchg,방전,NG,156,0,0,0.1541
Test07_NG_dchg,방전,NG,157,0,0,0.2512
Test07_NG_dchg,방전,NG,158,0,0,0.2512
Test07_NG_dchg,방전,NG,159,0,0,0.1541
Test07_NG_dchg,방전,NG,160,0,0,0.2037
Test07_NG_dchg,방전,NG,161,0,0,0.1541
Test07_NG_dchg,방전,NG,162,0,0,0.2037
Test07_NG_dchg,방전,NG,163,0,0,0.1541
Test07_NG_dchg,방전,NG,164,0,0,0.2512
Test07_NG_dchg,방전,NG,165,0,0,0.1541
Test07_NG_dchg,방전,NG,166,0,0,0.1541
Test07_NG_dchg,방전,NG,167,0,0,0.1541
Test07_NG_dchg,방전,NG,168,0,0,0.2037
Test07_NG_dchg,방전,NG,169,0,0,0.2037
Test07_NG_dchg,방전,NG,170,0,0,0.1541
Test07_NG_dchg,방전,NG,171,0,0,0.1541
Test07_NG_dchg,방전,NG,172,0,0,0.2037
Test07_NG_dchg,방전,NG,173,0,0,0.1541
Test07_NG_dchg,방전,NG,174,0,0,0.1541
Test07_NG_dchg,방전,NG,175,0,0,0.1541
Test07_NG_dchg,방전,NG,176,0,0,0.1226
Test07_NG_dchg,방전,NG,177,0,0,0.2037
Test07_NG_dchg,방전,NG,178,0,0,0.1541
Test07_NG_dchg,방전,NG,179,0,0,0.1541
Test07_NG_dchg,방전,NG,180,0,0,0.1541
Test07_NG_dchg,방전,NG,181,0,0,0.1541
Test07_NG_dchg,방전,NG,182,0,0,0.1541
Test07_NG_dchg,방전,NG,183,0,0,0.1541
Test07_NG_dchg,방전,NG,184,0,0,0.1541
Test07_NG_dchg,방전,NG,185,0,0,0.2419
Test07_NG_dchg,방전,NG,186,0,0,0.2512
Test07_NG_dchg,방전,NG,187,0,0,0.2512
Test07_NG_dchg,방전,NG,188,0,0,0.1541
Test07_NG_dchg,방전,NG,189,0,0,0.1541
Test07_NG_dchg,방전,NG,190,0,0,0.1541
Test07_NG_dchg,방전,NG,191,0,0,0.1541
Test07_NG_dchg,방전,NG,192,0,0,0.2037
Test07_NG_dchg,방전,NG,193,0,0,0.1541
Test07_NG_dchg,방전,NG,194,0,0,0.1541
Test07_NG_dchg,방전,NG,195,0,0,0.1653
Test07_NG_dchg,방전,NG,196,0,0,0.2037
Test07_NG_dchg,방전,NG,197,0,0,0.1541
Test07_NG_dchg,방전,NG,198,0,0,0.1541
Test07_NG_dchg,방전,NG,199,0,0,0.2037
Test07_NG_dchg,방전,NG,200,0,0,0.1653
Test07_NG_dchg,방전,NG,201,0,0,0.1541
Test07_NG_dchg,방전,NG,202,0,0,0.1541
Test07_NG_dchg,방전,NG,203,0,0,0.1541
Test07_NG_dchg,방전,NG,204,0,0,0.2512
Test07_NG_dchg,방전,NG,205,0,0,0.1226
Test07_NG_dchg,방전,NG,206,0,0,0.2037
Test07_NG_dchg,방전,NG,207,0,0,0.2037
Test07_NG_dchg,방전,NG,208,0,0,0.1541
Test07_NG_dchg,방전,NG,209,0,0,0.2611
Test07_NG_dchg,방전,NG,210,0,0,0.2037
Test07_NG_dchg,방전,NG,211,0,0,0.2512
Test07_NG_dchg,방전,NG,212,0,0,0.1541
Test07_NG_dchg,방전,NG,213,0,0,0.2512
Test07_NG_dchg,방전,NG,214,0,0,0.2037
Test07_NG_dchg,방전,NG,215,0,0,0.1541
Test07_NG_dchg,방전,NG,216,0,0,0.1541
Test07_NG_dchg,방전,NG,217,0,0,0.1126
Test07_NG_dchg,방전,NG,218,0,0,0.1541
Test07_NG_dchg,방전,NG,219,0,0,0.1541
Test07_NG_dchg,방전,NG,220,0,0,0.2037
Test07_NG_dchg,방전,NG,221,0,0,0.2037
Test07_NG_dchg,방전,NG,222,0,0,0.2037
Test07_NG_dchg,방전,NG,223,0,0,0.1541
Test07_NG_dchg,방전,NG,224,0,0,0.1541
Test07_NG_dchg,방전,NG,225,0,0,0.1541
Test07_NG_dchg,방전,NG,226,0,0,0.2512
Test07_NG_dchg,방전,NG,227,0,0,0.2037
Test07_NG_dchg,방전,NG,228,0,0,0.1653
Test07_NG_dchg,방전,NG,229,0,0,0.1226
Test07_NG_dchg,방전,NG,230,0,0,0.1541
Test07_NG_dchg,방전,NG,231,0,0,0.1541
Test07_NG_dchg,방전,NG,232,0,0,0.1226
Test07_NG_dchg,방전,NG,233,0,0,0.1541
Test07_NG_dchg,방전,NG,234,0,0,0.1541
Test07_NG_dchg,방전,NG,235,0,0,0.1127
Test07_NG_dchg,방전,NG,236,0,0,0.2037
Test07_NG_dchg,방전,NG,237,0,0,0.1541
Test07_NG_dchg,방전,NG,238,0,0,0.1541
Test07_NG_dchg,방전,NG,239,0,0,0.2512
Test07_NG_dchg,방전,NG,240,0,0,0.1127
Test07_NG_dchg,방전,NG,241,0,0,0.185
Test07_NG_dchg,방전,NG,242,0,0,0.1541
Test07_NG_dchg,방전,NG,243,0,0,0.1541
Test07_NG_dchg,방전,NG,244,0,0,0.1541
Test07_NG_dchg,방전,NG,245,0,0,0.1541
Test07_NG_dchg,방전,NG,246,0,0,0.2037
Test07_NG_dchg,방전,NG,247,0,0,0.1541
Test07_NG_dchg,방전,NG,248,0,0,0.1227
Test07_NG_dchg,방전,NG,249,0,0,0.1541
Test07_NG_dchg,방전,NG,250,0,0,0.1541
Test07_NG_dchg,방전,NG,251,0,0,0.1541
Test07_NG_dchg,방전,NG,252,0,0,0.1653
Test07_NG_dchg,방전,NG,253,0,0,0.1653
Test07_NG_dchg,방전,NG,254,0,0,0.2421
Test07_NG_dchg,방전,NG,255,0,0,0.1541
Test07_NG_dchg,방전,NG,256,0,0,0.2512
Test07_NG_dchg,방전,NG,257,0,0,0.1653
Test07_NG_dchg,방전,NG,258,0,0,0.1541
Test07_NG_dchg,방전,NG,259,0,0,0.1541
Test07_NG_dchg,방전,NG,260,0,0,0.1541
Test07_NG_dchg,방전,NG,261,0,0,0.1653
Test07_NG_dchg,방전,NG,262,0,0,0.1653
Test07_NG_dchg,방전,NG,263,0,0,0.1541
Test07_NG_dchg,방전,NG,264,0,0,0.1541
Test07_NG_dchg,방전,NG,265,0,0,0.1653
Test07_NG_dchg,방전,NG,266,0,0,0.1541
Test07_NG_dchg,방전,NG,267,0,0,0.1541
Test07_NG_dchg,방전,NG,268,0,0,0.1541
Test07_NG_dchg,방전,NG,269,0,0,0.1541
Test07_NG_dchg,방전,NG,270,0,0,0.1541
Test07_NG_dchg,방전,NG,271,0,0,0.2512
Test07_NG_dchg,방전,NG,272,0,0,0.1226
Test07_NG_dchg,방전,NG,273,0,0,0.1541
Test07_NG_dchg,방전,NG,274,0,0,0.1126
Test07_NG_dchg,방전,NG,275,0,0,0.1324
Test07_NG_dchg,방전,NG,276,0,0,0.1541
Test07_NG_dchg,방전,NG,277,0,0,0.1541
Test07_NG_dchg,방전,NG,278,0,0,0.1127
Test07_NG_dchg,방전,NG,279,0,0,0.1541
Test07_NG_dchg,방전,NG,280,0,0,0.1126
Test07_NG_dchg,방전,NG,281,0,0,0.1126
Test07_NG_dchg,방전,NG,282,0,0,0.1541
Test07_NG_dchg,방전,NG,283,0,0,0.1653
Test07_NG_dchg,방전,NG,284,0,0,0.1541
Test07_NG_dchg,방전,NG,285,0,0,0.2421
Test07_NG_dchg,방전,NG,286,0,0,0.1541
Test07_NG_dchg,방전,NG,287,0,0,0.1126
Test07_NG_dchg,방전,NG,288,0,0,0.1541
Test07_NG_dchg,방전,NG,289,0,0,0.1226
Test07_NG_dchg,방전,NG,290,0,0,0.1653
Test07_NG_dchg,방전,NG,291,0,0,0.1227
Test07_NG_dchg,방전,NG,292,0,0,0.1127
Test07_NG_dchg,방전,NG,293,0,0,0.1126
Test07_NG_dchg,방전,NG,294,0,0,0.1541
Test07_NG_dchg,방전,NG,295,0,0,0.1127
Test07_NG_dchg,방전,NG,296,0,0,0.1126
Test07_NG_dchg,방전,NG,297,0,0,0.1126
Test07_NG_dchg,방전,NG,298,0,0,0.1126
Test07_NG_dchg,방전,NG,299,0,0,0.1126
Test07_NG_dchg,방전,NG,300,0,0,0.1127
Test07_NG_dchg,방전,NG,301,0,0,0.2419
Test07_NG_dchg,방전,NG,302,0,0,0.1126
Test07_NG_dchg,방전,NG,303,0,0,0.1127
Test07_NG_dchg,방전,NG,304,0,0,0.1127
Test07_NG_dchg,방전,NG,305,0,0,0.1226
Test07_NG_dchg,방전,NG,306,0,0,0.1126
Test07_NG_dchg,방전,NG,307,0,0,0.1541
Test07_NG_dchg,방전,NG,308,0,0,0.1126
Test07_NG_dchg,방전,NG,309,0,0,0.1324
Test07_NG_dchg,방전,NG,310,0,0,0.1127
Test07_NG_dchg,방전,NG,311,0,0,0.1226
Test07_NG_dchg,방전,NG,312,0,0,0.1226
Test07_NG_dchg,방전,NG,313,0,0,0.1127
Test07_NG_dchg,방전,NG,314,0,0,0.2419
Test07_NG_dchg,방전,NG,315,0,0,0.1126
Test07_NG_dchg,방전,NG,316,0,0,0.1126
Test07_NG_dchg,방전,NG,317,0,0,0.1653
Test07_NG_dchg,방전,NG,318,0,0,0.1541
Test07_NG_dchg,방전,NG,319,0,0,0.1126
Test07_NG_dchg,방전,NG,320,0,0,0.1126
Test07_NG_dchg,방전,NG,321,0,0,0.1541
Test07_NG_dchg,방전,NG,322,0,0,0.1541
Test07_NG_dchg,방전,NG,323,0,0,0.1126
Test07_NG_dchg,방전,NG,324,0,0,0.1541
Test07_NG_dchg,방전,NG,325,0,0,0.1126
Test07_NG_dchg,방전,NG,326,0,0,0.1127
Test07_NG_dchg,방전,NG,327,0,0,0.1227
Test07_NG_dchg,방전,NG,328,0,0,0.1227
Test07_NG_dchg,방전,NG,329,0,0,0.1126
Test07_NG_dchg,방전,NG,330,0,0,0.1653
Test07_NG_dchg,방전,NG,331,0,0,0.1126
Test07_NG_dchg,방전,NG,332,0,0,0.1126
Test07_NG_dchg,방전,NG,333,0,0,0.1324
Test07_NG_dchg,방전,NG,334,0,0,0.1541
Test07_NG_dchg,방전,NG,335,0,0,0.1126
Test07_NG_dchg,방전,NG,336,0,0,0.1126
Test07_NG_dchg,방전,NG,337,0,0,0.1126
Test07_NG_dchg,방전,NG,338,0,0,0.1126
Test07_NG_dchg,방전,NG,339,0,0,0.1126
Test07_NG_dchg,방전,NG,340,0,0,0.1126
Test07_NG_dchg,방전,NG,341,0,0,0.1126
Test07_NG_dchg,방전,NG,342,0,0,0.1126
Test07_NG_dchg,방전,NG,343,0,0,0.1324
Test07_NG_dchg,방전,NG,344,0,0,0.1541
Test07_NG_dchg,방전,NG,345,0,0,0.1226
Test07_NG_dchg,방전,NG,346,0,0,0.1541
Test07_NG_dchg,방전,NG,347,0,0,0.1127
Test07_NG_dchg,방전,NG,348,0,0,0.1126
Test07_NG_dchg,방전,NG,349,0,0,0.1325
Test07_NG_dchg,방전,NG,350,0,0,0.1324
Test07_NG_dchg,방전,NG,351,0,0,0.1126
Test07_NG_dchg,방전,NG,352,0,0,0.1126
Test07_NG_dchg,방전,NG,353,0,0,0.1126
Test07_NG_dchg,방전,NG,354,0,0,0.1126
Test07_NG_dchg,방전,NG,355,0,0,0.1226
Test07_NG_dchg,방전,NG,356,0,0,0.1324
Test07_NG_dchg,방전,NG,357,0,0,0.1126
Test07_NG_dchg,방전,NG,358,0,0,0.1126
Test07_NG_dchg,방전,NG,359,0,0,0.1127
Test07_NG_dchg,방전,NG,360,0,0,0.1126
Test07_NG_dchg,방전,NG,361,0,0,0.1127
Test07_NG_dchg,방전,NG,362,0,0,0.1126
Test07_NG_dchg,방전,NG,363,0,0,0.1127
Test07_NG_dchg,방전,NG,364,0,0,0.1127
Test07_NG_dchg,방전,NG,365,0,0,0.1127
Test07_NG_dchg,방전,NG,366,0,0,0.1126
Test07_NG_dchg,방전,NG,367,0,0,0.1126
Test07_NG_dchg,방전,NG,368,0,0,0.1226
Test07_NG_dchg,방전,NG,369,0,0,0.1126
Test07_NG_dchg,방전,NG,370,0,0,0.1126
Test07_NG_dchg,방전,NG,371,0,0,0.1127
Test07_NG_dchg,방전,NG,372,0,0,0.1127
Test07_NG_dchg,방전,NG,373,0,0,0.1126
Test07_NG_dchg,방전,NG,374,0,0,0.1126
Test07_NG_dchg,방전,NG,375,0,0,0.1126
Test07_NG_dchg,방전,NG,376,0,0,0.1126
Test07_NG_dchg,방전,NG,377,0,0,0.1127
Test07_NG_dchg,방전,NG,378,0,0,0.1127
Test07_NG_dchg,방전,NG,379,0,0,0.1126
Test07_NG_dchg,방전,NG,380,0,0,0.1126
Test07_NG_dchg,방전,NG,381,0,0,0.1126
Test07_NG_dchg,방전,NG,382,0,0,0.1126
Test07_NG_dchg,방전,NG,383,0,0,0.1126
Test07_NG_dchg,방전,NG,384,0,0,0.1126
Test07_NG_dchg,방전,NG,385,0,0,0.1126
Test07_NG_dchg,방전,NG,386,0,0,0.1127
Test07_NG_dchg,방전,NG,387,0,0,0.1126
Test07_NG_dchg,방전,NG,388,0,0,0.1126
Test07_NG_dchg,방전,NG,389,0,0,0.1126
Test07_NG_dchg,방전,NG,390,0,0,0.1541
Test07_NG_dchg,방전,NG,391,0,0,0.1126
Test07_NG_dchg,방전,NG,392,0,0,0.1126
Test07_NG_dchg,방전,NG,393,0,0,0.1126
Test07_NG_dchg,방전,NG,394,0,0,0.1127
Test07_NG_dchg,방전,NG,395,0,0,0.1126
Test07_NG_dchg,방전,NG,396,0,0,0.1126
Test07_NG_dchg,방전,NG,397,0,0,0.1541
Test07_NG_dchg,방전,NG,398,0,0,0.1127
Test07_NG_dchg,방전,NG,399,0,0,0.1127
Test07_NG_dchg,방전,NG,400,0,0,0.1126
Test07_NG_dchg,방전,NG,401,0,0,0.1126
Test07_NG_dchg,방전,NG,402,0,0,0.1126
Test07_NG_dchg,방전,NG,403,0,0,0.1127
Test07_NG_dchg,방전,NG,404,0,0,0.1126
Test07_NG_dchg,방전,NG,405,0,0,0.1126
Test07_NG_dchg,방전,NG,406,0,0,0.1126
Test07_NG_dchg,방전,NG,407,0,0,0.1126
Test07_NG_dchg,방전,NG,408,0,0,0.1126
Test07_NG_dchg,방전,NG,409,0,0,0.1126
Test07_NG_dchg,방전,NG,410,0,0,0.1126
Test07_NG_dchg,방전,NG,411,0,0,0.1126
Test07_NG_dchg,방전,NG,412,0,0,0.1126
Test07_NG_dchg,방전,NG,413,0,0,0.1126
Test07_NG_dchg,방전,NG,414,0,0,0.1126
Test07_NG_dchg,방전,NG,415,0,0,0.1126
Test07_NG_dchg,방전,NG,416,0,0,0.1126
Test07_NG_dchg,방전,NG,417,0,0,0.1126
Test07_NG_dchg,방전,NG,418,0,0,0.1126
Test07_NG_dchg,방전,NG,419,0,0,0.1126
Test07_NG_dchg,방전,NG,420,0,0,0.1126
Test07_NG_dchg,방전,NG,421,0,0,0.1126
Test07_NG_dchg,방전,NG,422,0,0,0.1126
Test07_NG_dchg,방전,NG,423,0,0,0.1126
Test07_NG_dchg,방전,NG,424,0,0,0.1126
Test07_NG_dchg,방전,NG,425,0,0,0.1127
Test07_NG_dchg,방전,NG,426,0,0,0.1126
Test07_NG_dchg,방전,NG,427,0,0,0.1126
Test07_NG_dchg,방전,NG,428,0,0,0.1126
Test07_NG_dchg,방전,NG,429,0,0,0.1126
Test07_NG_dchg,방전,NG,430,0,0,0.1126
Test07_NG_dchg,방전,NG,431,0,0,0.1127
Test07_NG_dchg,방전,NG,432,0,0,0.1126
Test07_NG_dchg,방전,NG,433,0,0,0.1127
Test07_NG_dchg,방전,NG,434,0,0,0.1126
Test07_NG_dchg,방전,NG,435,0,0,0.1127
Test07_NG_dchg,방전,NG,436,0,0,0.1127
Test07_NG_dchg,방전,NG,437,0,0,0.1126
Test07_NG_dchg,방전,NG,438,0,0,0.1126
Test07_NG_dchg,방전,NG,439,0,0,0.1127
Test07_NG_dchg,방전,NG,440,0,0,0.1126
Test07_NG_dchg,방전,NG,441,0,0,0.1126
Test07_NG_dchg,방전,NG,442,0,0,0.1126
Test07_NG_dchg,방전,NG,443,0,0,0.1126
Test07_NG_dchg,방전,NG,444,0,0,0.1126
Test07_NG_dchg,방전,NG,445,0,0,0.1126
Test07_NG_dchg,방전,NG,446,0,0,0.1126
Test07_NG_dchg,방전,NG,447,0,0,0.1126
Test07_NG_dchg,방전,NG,448,0,0,0.1126
Test07_NG_dchg,방전,NG,449,0,0,0.1126
Test07_NG_dchg,방전,NG,450,0,0,0.1126
Test07_NG_dchg,방전,NG,451,0,0,0.1126
Test07_NG_dchg,방전,NG,452,0,0,0.1127
Test07_NG_dchg,방전,NG,453,0,0,0.1126
Test07_NG_dchg,방전,NG,454,0,0,0.1126
Test07_NG_dchg,방전,NG,455,0,0,0.1127
Test07_NG_dchg,방전,NG,456,0,0,0.1126
Test07_NG_dchg,방전,NG,457,0,0,0.1127
Test07_NG_dchg,방전,NG,458,0,0,0.1126
Test07_NG_dchg,방전,NG,459,0,0,0.1126
Test07_NG_dchg,방전,NG,460,0,0,0.1126
Test07_NG_dchg,방전,NG,461,0,0,0.1126
Test07_NG_dchg,방전,NG,462,0,0,0.1126
Test07_NG_dchg,방전,NG,463,0,0,0.1126
Test07_NG_dchg,방전,NG,464,0,0,0.1126
Test07_NG_dchg,방전,NG,465,0,0,0.1126
Test07_NG_dchg,방전,NG,466,0,0,0.1127
Test07_NG_dchg,방전,NG,467,0,0,0.1126
Test07_NG_dchg,방전,NG,468,0,0,0.1126
Test07_NG_dchg,방전,NG,469,0,0,0.1126
Test07_NG_dchg,방전,NG,470,0,0,0.1126
Test07_NG_dchg,방전,NG,471,0,0,0.1127
Test07_NG_dchg,방전,NG,472,0,0,0.1127
Test07_NG_dchg,방전,NG,473,0,0,0.1126
Test07_NG_dchg,방전,NG,474,0,0,0.1127
Test07_NG_dchg,방전,NG,475,0,0,0.1126
Test07_NG_dchg,방전,NG,476,0,0,0.1126
Test07_NG_dchg,방전,NG,477,0,0,0.1127
Test07_NG_dchg,방전,NG,478,0,0,0.1126
Test07_NG_dchg,방전,NG,479,0,0,0.1127
Test07_NG_dchg,방전,NG,480,0,0,0.1126
Test07_NG_dchg,방전,NG,481,0,0,0.1126
Test07_NG_dchg,방전,NG,482,0,0,0.1126
Test07_NG_dchg,방전,NG,483,0,0,0.1126
Test07_NG_dchg,방전,NG,484,0,0,0.1126
Test07_NG_dchg,방전,NG,485,0,0,0.1126
Test07_NG_dchg,방전,NG,486,0,0,0.1126
Test07_NG_dchg,방전,NG,487,0,0,0.1127
Test07_NG_dchg,방전,NG,488,0,0,0.1126
Test07_NG_dchg,방전,NG,489,0,0,0.1126
Test07_NG_dchg,방전,NG,490,0,0,0.1127
Test07_NG_dchg,방전,NG,491,0,0,0.1126
Test07_NG_dchg,방전,NG,492,0,0,0.1127
Test07_NG_dchg,방전,NG,493,0,0,0.1126
Test07_NG_dchg,방전,NG,494,0,0,0.1126
Test07_NG_dchg,방전,NG,495,0,0,0.1126
Test07_NG_dchg,방전,NG,496,0,0,0.1126
Test07_NG_dchg,방전,NG,497,0,0,0.1126
Test07_NG_dchg,방전,NG,498,0,0,0.1126
Test07_NG_dchg,방전,NG,499,0,0,0.1126
Test07_NG_dchg,방전,NG,500,0,0,0.1126
Test07_NG_dchg,방전,NG,501,0,0,0.1126
Test07_NG_dchg,방전,NG,502,0,0,0.1126
Test07_NG_dchg,방전,NG,503,0,0,0.1126
Test07_NG_dchg,방전,NG,504,0,0,0.1127
Test07_NG_dchg,방전,NG,505,0,0,0.1126
Test07_NG_dchg,방전,NG,506,0,0,0.1126
Test07_NG_dchg,방전,NG,507,0,0,0.1127
Test07_NG_dchg,방전,NG,508,0,0,0.1126
Test07_NG_dchg,방전,NG,509,0,0,0.1127
Test07_NG_dchg,방전,NG,510,0,0,0.1127
Test07_NG_dchg,방전,NG,511,0,0,0.1126
Test07_NG_dchg,방전,NG,512,0,0,0.1127
Test07_NG_dchg,방전,NG,513,0,0,0.1126
Test07_NG_dchg,방전,NG,514,0,0,0.1127
Test07_NG_dchg,방전,NG,515,0,0,0.1127
Test07_NG_dchg,방전,NG,516,0,0,0.1126
Test07_NG_dchg,방전,NG,517,0,0,0.1126
Test07_NG_dchg,방전,NG,518,0,0,0.1126
Test07_NG_dchg,방전,NG,519,0,0,0.1126
Test07_NG_dchg,방전,NG,520,0,0,0.1126
Test07_NG_dchg,방전,NG,521,0,0,0.1126
Test07_NG_dchg,방전,NG,522,0,0,0.1126
Test07_NG_dchg,방전,NG,523,0,0,0.1126
Test07_NG_dchg,방전,NG,524,0,0,0.1127
Test07_NG_dchg,방전,NG,525,0,0,0.1126
Test07_NG_dchg,방전,NG,526,0,0,0.1126
Test07_NG_dchg,방전,NG,527,0,0,0.1126
Test07_NG_dchg,방전,NG,528,0,0,0.1126
Test07_NG_dchg,방전,NG,529,0,0,0.1217
Test07_NG_dchg,방전,NG,530,0,0,0.1126
Test07_NG_dchg,방전,NG,531,0,0,0.1126
Test07_NG_dchg,방전,NG,532,0,0,0.1126
Test07_NG_dchg,방전,NG,533,0,0,0.1126
Test07_NG_dchg,방전,NG,534,0,0,0.1129
Test07_NG_dchg,방전,NG,535,0,0,0.1126
Test07_NG_dchg,방전,NG,536,0,0,0.1179
Test07_NG_dchg,방전,NG,537,0,0,0.1179
Test07_NG_dchg,방전,NG,538,0,0,0.1126
Test07_NG_dchg,방전,NG,539,0,0,0.1126
Test07_NG_dchg,방전,NG,540,0,0,0.1126
Test07_NG_dchg,방전,NG,541,0,0,0.1126
Test07_NG_dchg,방전,NG,542,0,0,0.1179
Test07_NG_dchg,방전,NG,543,0,0,0.1127
Test07_NG_dchg,방전,NG,544,0,0,0.1126
Test07_NG_dchg,방전,NG,545,0,0,0.1126
Test07_NG_dchg,방전,NG,546,0,0,0.1126
Test07_NG_dchg,방전,NG,547,0,0,0.1126
Test07_NG_dchg,방전,NG,548,0,0,0.1126
Test07_NG_dchg,방전,NG,549,0,0,0.1126
Test07_NG_dchg,방전,NG,550,0,0,0.1127
Test07_NG_dchg,방전,NG,551,0,0,0.1126
Test07_NG_dchg,방전,NG,552,0,0,0.1126
Test07_NG_dchg,방전,NG,553,0,0,0.1126
Test07_NG_dchg,방전,NG,554,0,0,0.1126
Test07_NG_dchg,방전,NG,555,0,0,0.1126
Test07_NG_dchg,방전,NG,556,0,0,0.1126
Test07_NG_dchg,방전,NG,557,0,0,0.1126
Test07_NG_dchg,방전,NG,558,0,0,0.1127
Test07_NG_dchg,방전,NG,559,0,0,0.1126
Test07_NG_dchg,방전,NG,560,0,0,0.1126
Test07_NG_dchg,방전,NG,561,0,0,0.1126
Test07_NG_dchg,방전,NG,562,0,0,0.1126
Test07_NG_dchg,방전,NG,563,0,0,0.1126
Test07_NG_dchg,방전,NG,564,0,0,0.1126
Test07_NG_dchg,방전,NG,565,0,0,0.1126
Test07_NG_dchg,방전,NG,566,0,0,0.1126
Test07_NG_dchg,방전,NG,567,0,0,0.1126
Test07_NG_dchg,방전,NG,568,0,0,0.1126
Test07_NG_dchg,방전,NG,569,0,0,0.1126
Test07_NG_dchg,방전,NG,570,0,0,0.1226
Test07_NG_dchg,방전,NG,571,0,0,0.1226
Test07_NG_dchg,방전,NG,572,0,0,0.1126
Test07_NG_dchg,방전,NG,573,0,0,0.1127
Test07_NG_dchg,방전,NG,574,0,0,0.1126
Test07_NG_dchg,방전,NG,575,0,0,0.1126
Test07_NG_dchg,방전,NG,576,0,0,0.1126
Test07_NG_dchg,방전,NG,577,0,0,0.1126
Test07_NG_dchg,방전,NG,578,0,0,0.1126
Test07_NG_dchg,방전,NG,579,0,0,0.1126
Test07_NG_dchg,방전,NG,580,0,0,0.1226
Test07_NG_dchg,방전,NG,581,0,0,0.1127
Test07_NG_dchg,방전,NG,582,0,0,0.1126
Test07_NG_dchg,방전,NG,583,0,0,0.1126
Test07_NG_dchg,방전,NG,584,0,0,0.1126
Test07_NG_dchg,방전,NG,585,0,0,0.1126
Test07_NG_dchg,방전,NG,586,0,0,0.1126
Test07_NG_dchg,방전,NG,587,0,0,0.1126
Test07_NG_dchg,방전,NG,588,0,0,0.1126
Test07_NG_dchg,방전,NG,589,0,0,0.1126
Test07_NG_dchg,방전,NG,590,0,0,0.1126
Test07_NG_dchg,방전,NG,591,0,0,0.1126
Test07_NG_dchg,방전,NG,592,0,0,0.1126
Test07_NG_dchg,방전,NG,593,0,0,0.1127
Test07_NG_dchg,방전,NG,594,0,0,0.1126
Test07_NG_dchg,방전,NG,595,0,0,0.1127
Test07_NG_dchg,방전,NG,596,0,0,0.1126
Test07_NG_dchg,방전,NG,597,0,0,0.1226
Test07_NG_dchg,방전,NG,598,0,0,0.1126
Test07_NG_dchg,방전,NG,599,0,0,0.1126
Test07_NG_dchg,방전,NG,600,0,0,0.1126
Test07_NG_dchg,방전,NG,601,0,0,0.1126
Test07_NG_dchg,방전,NG,602,0,0,0.1126
Test07_NG_dchg,방전,NG,603,0,0,0.1126
Test07_NG_dchg,방전,NG,604,0,0,0.1126
Test07_NG_dchg,방전,NG,605,0,0,0.1126
Test07_NG_dchg,방전,NG,606,0,0,0.1127
Test07_NG_dchg,방전,NG,607,0,0,0.1541
Test07_NG_dchg,방전,NG,608,0,0,0.1226
Test07_NG_dchg,방전,NG,609,0,0,0.1127
Test07_NG_dchg,방전,NG,610,0,0,0.1126
Test07_NG_dchg,방전,NG,611,0,0,0.1541
Test07_NG_dchg,방전,NG,612,0,0,0.1126
Test07_NG_dchg,방전,NG,613,0,0,0.1126
Test07_NG_dchg,방전,NG,614,0,0,0.1126
Test07_NG_dchg,방전,NG,615,0,0,0.1126
Test07_NG_dchg,방전,NG,616,0,0,0.1126
Test07_NG_dchg,방전,NG,617,0,0,0.1126
Test07_NG_dchg,방전,NG,618,0,0,0.1126
Test07_NG_dchg,방전,NG,619,0,0,0.1126
Test07_NG_dchg,방전,NG,620,0,0,0.1126
Test07_NG_dchg,방전,NG,621,0,0,0.1126
Test07_NG_dchg,방전,NG,622,0,0,0.1541
Test07_NG_dchg,방전,NG,623,0,0,0.1126
Test07_NG_dchg,방전,NG,624,0,0,0.1127
Test07_NG_dchg,방전,NG,625,0,0,0.1127
Test07_NG_dchg,방전,NG,626,0,0,0.1126
Test07_NG_dchg,방전,NG,627,0,0,0.1126
Test07_NG_dchg,방전,NG,628,0,0,0.1127
Test07_NG_dchg,방전,NG,629,0,0,0.1126
Test07_NG_dchg,방전,NG,630,0,0,0.1126
Test07_NG_dchg,방전,NG,631,0,0,0.1127
Test07_NG_dchg,방전,NG,632,0,0,0.1127
Test07_NG_dchg,방전,NG,633,0,0,0.1127
Test07_NG_dchg,방전,NG,634,0,0,0.1127
Test07_NG_dchg,방전,NG,635,0,0,0.1126
Test07_NG_dchg,방전,NG,636,0,0,0.1126
Test07_NG_dchg,방전,NG,637,0,0,0.1126
Test07_NG_dchg,방전,NG,638,0,0,0.1541
Test07_NG_dchg,방전,NG,639,0,0,0.1226
Test07_NG_dchg,방전,NG,640,0,0,0.1226
Test07_NG_dchg,방전,NG,641,0,0,0.1127
Test07_NG_dchg,방전,NG,642,0,0,0.1126
Test07_NG_dchg,방전,NG,643,0,0,0.1126
Test07_NG_dchg,방전,NG,644,0,0,0.1541
Test07_NG_dchg,방전,NG,645,0,0,0.1541
Test07_NG_dchg,방전,NG,646,0,0,0.1127
Test07_NG_dchg,방전,NG,647,0,0,0.1127
Test07_NG_dchg,방전,NG,648,0,0,0.1127
Test07_NG_dchg,방전,NG,649,0,0,0.1126
Test07_NG_dchg,방전,NG,650,0,0,0.1541
Test07_NG_dchg,방전,NG,651,0,0,0.1541
Test07_NG_dchg,방전,NG,652,0,0,0.1226
Test07_NG_dchg,방전,NG,653,0,0,0.1126
Test07_NG_dchg,방전,NG,654,0,0,0.1126
Test07_NG_dchg,방전,NG,655,0,0,0.1127
Test07_NG_dchg,방전,NG,656,0,0,0.2611
Test07_NG_dchg,방전,NG,657,0,0,0.1226
Test07_NG_dchg,방전,NG,658,0,0,0.1126
Test07_NG_dchg,방전,NG,659,0,0,0.1541
Test07_NG_dchg,방전,NG,660,0,0,0.1541
Test07_NG_dchg,방전,NG,661,0,0,0.1126
Test07_NG_dchg,방전,NG,662,0,0,0.1126
Test07_NG_dchg,방전,NG,663,0,0,0.1541
Test07_NG_dchg,방전,NG,664,0,0,0.1541
Test07_NG_dchg,방전,NG,665,0,0,0.1226
Test07_NG_dchg,방전,NG,666,0,0,0.1541
Test07_NG_dchg,방전,NG,667,0,0,0.1541
Test07_NG_dchg,방전,NG,668,0,0,0.1126
Test07_NG_dchg,방전,NG,669,0,0,0.1126
Test07_NG_dchg,방전,NG,670,0,0,0.1226
Test07_NG_dchg,방전,NG,671,0,0,0.1226
Test07_NG_dchg,방전,NG,672,0,0,0.1541
Test07_NG_dchg,방전,NG,673,0,0,0.1126
Test07_NG_dchg,방전,NG,674,0,0,0.1226
Test07_NG_dchg,방전,NG,675,0,0,0.1126
Test07_NG_dchg,방전,NG,676,0,0,0.1126
Test07_NG_dchg,방전,NG,677,0,0,0.1541
Test07_NG_dchg,방전,NG,678,0,0,0.1226
Test07_NG_dchg,방전,NG,679,0,0,0.2611
Test07_NG_dchg,방전,NG,680,0,0,0.1126
Test07_NG_dchg,방전,NG,681,0,0,0.1126
Test07_NG_dchg,방전,NG,682,0,0,0.1126
Test07_NG_dchg,방전,NG,683,0,0,0.1127
Test07_NG_dchg,방전,NG,684,0,0,0.1226
Test07_NG_dchg,방전,NG,685,0,0,0.1226
Test07_NG_dchg,방전,NG,686,0,0,0.1226
Test07_NG_dchg,방전,NG,687,0,0,0.1541
Test07_NG_dchg,방전,NG,688,0,0,0.1226
Test07_NG_dchg,방전,NG,689,0,0,0.1226
Test07_NG_dchg,방전,NG,690,0,0,0.1541
Test07_NG_dchg,방전,NG,691,0,0,0.1226
Test07_NG_dchg,방전,NG,692,0,0,0.1541
Test07_NG_dchg,방전,NG,693,0,0,0.1226
Test07_NG_dchg,방전,NG,694,0,0,0.1227
Test07_NG_dchg,방전,NG,695,0,0,0.1126
Test07_NG_dchg,방전,NG,696,0,0,0.2611
Test07_NG_dchg,방전,NG,697,0,0,0.1227
Test07_NG_dchg,방전,NG,698,0,0,0.1226
Test07_NG_dchg,방전,NG,699,0,0,0.1126
Test07_NG_dchg,방전,NG,700,0,0,0.1226
Test07_NG_dchg,방전,NG,701,0,0,0.1541
Test07_NG_dchg,방전,NG,702,0,0,0.2512
Test07_NG_dchg,방전,NG,703,0,0,0.1126
Test07_NG_dchg,방전,NG,704,0,0,0.1126
Test07_NG_dchg,방전,NG,705,0,0,0.1226
Test07_NG_dchg,방전,NG,706,0,0,0.1541
Test07_NG_dchg,방전,NG,707,0,0,0.1541
Test07_NG_dchg,방전,NG,708,0,0,0.1226
Test07_NG_dchg,방전,NG,709,0,0,0.2419
Test07_NG_dchg,방전,NG,710,0,0,0.2776
Test07_NG_dchg,방전,NG,711,0,0,0.1226
Test07_NG_dchg,방전,NG,712,0,0,0.1541
Test07_NG_dchg,방전,NG,713,0,0,0.1541
Test07_NG_dchg,방전,NG,714,0,0,0.2611
Test07_NG_dchg,방전,NG,715,0,0,0.1227
Test07_NG_dchg,방전,NG,716,0,0,0.1226
Test07_NG_dchg,방전,NG,717,0,0,0.1541
Test07_NG_dchg,방전,NG,718,0,0,0.1127
Test07_NG_dchg,방전,NG,719,0,0,0.1226
Test07_NG_dchg,방전,NG,720,0,0,0.2419
Test07_NG_dchg,방전,NG,721,0,0,0.1541
Test07_NG_dchg,방전,NG,722,0,0,0.1227
Test07_NG_dchg,방전,NG,723,0,0,0.2512
Test07_NG_dchg,방전,NG,724,0,0,0.1126
Test07_NG_dchg,방전,NG,725,0,0,0.1226
Test07_NG_dchg,방전,NG,726,0,0,0.1541
Test07_NG_dchg,방전,NG,727,0,0,0.1126
Test07_NG_dchg,방전,NG,728,0,0,0.2419
Test07_NG_dchg,방전,NG,729,0,0,0.1226
Test07_NG_dchg,방전,NG,730,0,0,0.1541
Test07_NG_dchg,방전,NG,731,0,0,0.1226
Test07_NG_dchg,방전,NG,732,0,0,0.1541
Test07_NG_dchg,방전,NG,733,0,0,0.1126
Test07_NG_dchg,방전,NG,734,0,0,0.1226
Test07_NG_dchg,방전,NG,735,0,0,0.1226
Test07_NG_dchg,방전,NG,736,0,0,0.1653
Test07_NG_dchg,방전,NG,737,0,0,0.1226
Test07_NG_dchg,방전,NG,738,0,0,0.1226
Test07_NG_dchg,방전,NG,739,0,0,0.1541
Test07_NG_dchg,방전,NG,740,0,0,0.1126
Test07_NG_dchg,방전,NG,741,0,0,0.1226
Test07_NG_dchg,방전,NG,742,0,0,0.1126
Test07_NG_dchg,방전,NG,743,0,0,0.1126
Test07_NG_dchg,방전,NG,744,0,0,0.1226
Test07_NG_dchg,방전,NG,745,0,0,0.1653
Test07_NG_dchg,방전,NG,746,0,0,0.1226
Test07_NG_dchg,방전,NG,747,0,0,0.1126
Test07_NG_dchg,방전,NG,748,0,0,0.1541
Test07_NG_dchg,방전,NG,749,0,0,0.1126
Test07_NG_dchg,방전,NG,750,0,0,0.1541
Test07_NG_dchg,방전,NG,751,0,0,0.1226
Test07_NG_dchg,방전,NG,752,0,0,0.1226
Test07_NG_dchg,방전,NG,753,0,0,0.1226
Test07_NG_dchg,방전,NG,754,0,0,0.1226
Test07_NG_dchg,방전,NG,755,0,0,0.1226
Test07_NG_dchg,방전,NG,756,0,0,0.1541
Test07_NG_dchg,방전,NG,757,0,0,0.1226
Test07_NG_dchg,방전,NG,758,0,0,0.2611
Test07_NG_dchg,방전,NG,759,0,0,0.1126
Test07_NG_dchg,방전,NG,760,0,0,0.1226
Test07_NG_dchg,방전,NG,761,0,0,0.2776
Test07_NG_dchg,방전,NG,762,0,0,0.1226
Test07_NG_dchg,방전,NG,763,0,0,0.1227
Test07_NG_dchg,방전,NG,764,0,0,0.1226
Test07_NG_dchg,방전,NG,765,0,0,0.1127
Test07_NG_dchg,방전,NG,766,0,0,0.1226
Test07_NG_dchg,방전,NG,767,0,0,0.2776
Test07_NG_dchg,방전,NG,768,0,0,0.1127
Test07_NG_dchg,방전,NG,769,0,0,0.2776
Test07_NG_dchg,방전,NG,770,0,0,0.1541
Test07_NG_dchg,방전,NG,771,0,0,0.1226
Test07_NG_dchg,방전,NG,772,0,0,0.1126
Test07_NG_dchg,방전,NG,773,0,0,0.2512
Test07_NG_dchg,방전,NG,774,0,0,0.1126
Test07_NG_dchg,방전,NG,775,0,0,0.1541
Test07_NG_dchg,방전,NG,776,0,0,0.1226
Test07_NG_dchg,방전,NG,777,0,0,0.2512
Test07_NG_dchg,방전,NG,778,0,0,0.1126
Test07_NG_dchg,방전,NG,779,0,0,0.2419
Test07_NG_dchg,방전,NG,780,0,0,0.2419
Test07_NG_dchg,방전,NG,781,0,0,0.1541
Test07_NG_dchg,방전,NG,782,0,0,0.2419
Test07_NG_dchg,방전,NG,783,0,0,0.1126
Test07_NG_dchg,방전,NG,784,0,0,0.1653
Test07_NG_dchg,방전,NG,785,0,0,0.1226
Test07_NG_dchg,방전,NG,786,0,0,0.1226
Test07_NG_dchg,방전,NG,787,0,0,0.1226
Test07_NG_dchg,방전,NG,788,0,0,0.2419
Test07_NG_dchg,방전,NG,789,0,0,0.1653
Test07_NG_dchg,방전,NG,790,0,0,0.2512
Test07_NG_dchg,방전,NG,791,0,0,0.1126
Test07_NG_dchg,방전,NG,792,0,0,0.1126
Test07_NG_dchg,방전,NG,793,0,0,0.1126
Test07_NG_dchg,방전,NG,794,0,0,0.2776
Test07_NG_dchg,방전,NG,795,0,0,0.1126
Test07_NG_dchg,방전,NG,796,0,0,0.1226
Test07_NG_dchg,방전,NG,797,0,0,0.1226
Test07_NG_dchg,방전,NG,798,0,0,0.1226
Test07_NG_dchg,방전,NG,799,0,0,0.2419
Test07_NG_dchg,방전,NG,800,0,0,0.1541
Test07_NG_dchg,방전,NG,801,0,0,0.1226
Test07_NG_dchg,방전,NG,802,0,0,0.1226
Test07_NG_dchg,방전,NG,803,0,0,0.1541
Test07_NG_dchg,방전,NG,804,0,0,0.1226
Test07_NG_dchg,방전,NG,805,0,0,0.1541
Test07_NG_dchg,방전,NG,806,0,0,0.2512
Test07_NG_dchg,방전,NG,807,0,0,0.2512
Test07_NG_dchg,방전,NG,808,0,0,0.1126
Test07_NG_dchg,방전,NG,809,0,0,0.1126
Test07_NG_dchg,방전,NG,810,0,0,0.1226
Test07_NG_dchg,방전,NG,811,0,0,0.1126
Test07_NG_dchg,방전,NG,812,0,0,0.2419
Test07_NG_dchg,방전,NG,813,0,0,0.1126
Test07_NG_dchg,방전,NG,814,0,0,0.1541
Test07_NG_dchg,방전,NG,815,0,0,0.2419
Test07_NG_dchg,방전,NG,816,0,0,0.1126
Test07_NG_dchg,방전,NG,817,0,0,0.1126
Test07_NG_dchg,방전,NG,818,0,0,0.1541
Test07_NG_dchg,방전,NG,819,0,0,0.1126
Test07_NG_dchg,방전,NG,820,0,0,0.1126
Test07_NG_dchg,방전,NG,821,0,0,0.1541
Test07_NG_dchg,방전,NG,822,0,0,0.1126
Test07_NG_dchg,방전,NG,823,0,0,0.1226
Test07_NG_dchg,방전,NG,824,0,0,0.1541
Test07_NG_dchg,방전,NG,825,0,0,0.1541
Test07_NG_dchg,방전,NG,826,0,0,0.1541
Test07_NG_dchg,방전,NG,827,0,0,0.2611
Test07_NG_dchg,방전,NG,828,0,0,0.1226
Test07_NG_dchg,방전,NG,829,0,0,0.1126
Test07_NG_dchg,방전,NG,830,0,0,0.1126
Test07_NG_dchg,방전,NG,831,0,0,0.1127
Test07_NG_dchg,방전,NG,832,0,0,0.2421
Test07_NG_dchg,방전,NG,833,0,0,0.1127
Test07_NG_dchg,방전,NG,834,0,0,0.2512
Test07_NG_dchg,방전,NG,835,0,0,0.1541
Test07_NG_dchg,방전,NG,836,0,0,0.1127
Test07_NG_dchg,방전,NG,837,0,0,0.1541
Test07_NG_dchg,방전,NG,838,0,0,0.1126
Test07_NG_dchg,방전,NG,839,0,0,0.1126
Test07_NG_dchg,방전,NG,840,0,0,0.2421
Test07_NG_dchg,방전,NG,841,0,0,0.1226
Test07_NG_dchg,방전,NG,842,0,0,0.1541
Test07_NG_dchg,방전,NG,843,0,0,0.1653
Test07_NG_dchg,방전,NG,844,0,0,0.1541
Test07_NG_dchg,방전,NG,845,0,0,0.1126
Test07_NG_dchg,방전,NG,846,0,0,0.1226
Test07_NG_dchg,방전,NG,847,0,0,0.2611
Test07_NG_dchg,방전,NG,848,0,0,0.1226
Test07_NG_dchg,방전,NG,849,0,0,0.1226
Test07_NG_dchg,방전,NG,850,0,0,0.1127
Test07_NG_dchg,방전,NG,851,0,0,0.1541
Test07_NG_dchg,방전,NG,852,0,0,0.1226
Test07_NG_dchg,방전,NG,853,0,0,0.1541
Test07_NG_dchg,방전,NG,854,0,0,0.1126
Test07_NG_dchg,방전,NG,855,0,0,0.1541
Test07_NG_dchg,방전,NG,856,0,0,0.2419
Test07_NG_dchg,방전,NG,857,0,0,0.1541
Test07_NG_dchg,방전,NG,858,0,0,0.1541
Test07_NG_dchg,방전,NG,859,0,0,0.2421
Test07_NG_dchg,방전,NG,860,0,0,0.1541
Test07_NG_dchg,방전,NG,861,0,0,0.1126
Test07_NG_dchg,방전,NG,862,0,0,0.2421
Test07_NG_dchg,방전,NG,863,0,0,0.2611
Test07_NG_dchg,방전,NG,864,0,0,0.2611
Test07_NG_dchg,방전,NG,865,0,0,0.1126
Test07_NG_dchg,방전,NG,866,0,0,0.1226
Test07_NG_dchg,방전,NG,867,0,0,0.1541
Test07_NG_dchg,방전,NG,868,0,0,0.1226
Test07_NG_dchg,방전,NG,869,0,0,0.1541
Test07_NG_dchg,방전,NG,870,0,0,0.1126
Test07_NG_dchg,방전,NG,871,0,0,0.1226
Test07_NG_dchg,방전,NG,872,0,0,0.1226
Test07_NG_dchg,방전,NG,873,0,0,0.2419
Test07_NG_dchg,방전,NG,874,0,0,0.1541
Test07_NG_dchg,방전,NG,875,0,0,0.1227
Test07_NG_dchg,방전,NG,876,0,0,0.1126
Test07_NG_dchg,방전,NG,877,0,0,0.1541
Test07_NG_dchg,방전,NG,878,0,0,0.1126
Test07_NG_dchg,방전,NG,879,0,0,0.1226
Test07_NG_dchg,방전,NG,880,0,0,0.1541
Test07_NG_dchg,방전,NG,881,0,0,0.1126
Test07_NG_dchg,방전,NG,882,0,0,0.1126
Test07_NG_dchg,방전,NG,883,0,0,0.2421
Test07_NG_dchg,방전,NG,884,0,0,0.1541
Test07_NG_dchg,방전,NG,885,0,0,0.2421
Test07_NG_dchg,방전,NG,886,0,0,0.1541
Test07_NG_dchg,방전,NG,887,0,0,0.1541
Test07_NG_dchg,방전,NG,888,0,0,0.2512
Test07_NG_dchg,방전,NG,889,0,0,0.1541
Test07_NG_dchg,방전,NG,890,0,0,0.2512
Test07_NG_dchg,방전,NG,891,0,0,0.1541
Test07_NG_dchg,방전,NG,892,0,0,0.1541
Test07_NG_dchg,방전,NG,893,0,0,0.1541
Test07_NG_dchg,방전,NG,894,0,0,0.1126
Test07_NG_dchg,방전,NG,895,0,0,0.1541
Test07_NG_dchg,방전,NG,896,0,0,0.1126
Test07_NG_dchg,방전,NG,897,0,0,0.1126
Test07_NG_dchg,방전,NG,898,0,0,0.1126
Test07_NG_dchg,방전,NG,899,0,0,0.1541
Test07_NG_dchg,방전,NG,900,0,0,0.1541
Test07_NG_dchg,방전,NG,901,0,0,0.1126
Test07_NG_dchg,방전,NG,902,0,0,0.1541
Test07_NG_dchg,방전,NG,903,0,0,0.1127
Test07_NG_dchg,방전,NG,904,0,0,0.1541
Test07_NG_dchg,방전,NG,905,0,0,0.2421
Test07_NG_dchg,방전,NG,906,0,0,0.1541
Test07_NG_dchg,방전,NG,907,0,0,0.1126
Test07_NG_dchg,방전,NG,908,0,0,0.2421
Test07_NG_dchg,방전,NG,909,0,0,0.1126
Test07_NG_dchg,방전,NG,910,0,0,0.2421
Test07_NG_dchg,방전,NG,911,0,0,0.2037
Test07_NG_dchg,방전,NG,912,0,0,0.1541
Test07_NG_dchg,방전,NG,913,0,0,0.1126
Test07_NG_dchg,방전,NG,914,0,0,0.1541
Test07_NG_dchg,방전,NG,915,0,0,0.1653
Test07_NG_dchg,방전,NG,916,0,0,0.1126
Test07_NG_dchg,방전,NG,917,0,0,0.1541
Test07_NG_dchg,방전,NG,918,0,0,0.2037
Test07_NG_dchg,방전,NG,919,0,0,0.1541
Test07_NG_dchg,방전,NG,920,0,0,0.2512
Test07_NG_dchg,방전,NG,921,0,0,0.1541
Test07_NG_dchg,방전,NG,922,0,0,0.2421
Test07_NG_dchg,방전,NG,923,0,0,0.1541
Test07_NG_dchg,방전,NG,924,0,0,0.2421
Test07_NG_dchg,방전,NG,925,0,0,0.1127
Test07_NG_dchg,방전,NG,926,0,0,0.1541
Test07_NG_dchg,방전,NG,927,0,0,0.1226
Test07_NG_dchg,방전,NG,928,0,0,0.1127
Test07_NG_dchg,방전,NG,929,0,0,0.1226
Test07_NG_dchg,방전,NG,930,0,0,0.1126
Test07_NG_dchg,방전,NG,931,0,0,0.2512
Test07_NG_dchg,방전,NG,932,0,0,0.1226
Test07_NG_dchg,방전,NG,933,0,0,0.1541
Test07_NG_dchg,방전,NG,934,0,0,0.1127
Test07_NG_dchg,방전,NG,935,0,0,0.1541
Test07_NG_dchg,방전,NG,936,0,0,0.1541
Test07_NG_dchg,방전,NG,937,0,0,0.1226
Test07_NG_dchg,방전,NG,938,0,0,0.1126
Test07_NG_dchg,방전,NG,939,0,0,0.1126
Test07_NG_dchg,방전,NG,940,0,0,0.2512
Test07_NG_dchg,방전,NG,941,0,0,0.2419
Test07_NG_dchg,방전,NG,942,0,0,0.1541
Test07_NG_dchg,방전,NG,943,0,0,0.1226
Test07_NG_dchg,방전,NG,944,0,0,0.2421
Test07_NG_dchg,방전,NG,945,0,0,0.1226
Test07_NG_dchg,방전,NG,946,0,0,0.1226
Test07_NG_dchg,방전,NG,947,0,0,0.1541
Test07_NG_dchg,방전,NG,948,0,0,0.1226
Test07_NG_dchg,방전,NG,949,0,0,0.1126
Test07_NG_dchg,방전,NG,950,0,0,0.2421
Test07_NG_dchg,방전,NG,951,0,0,0.1226
Test07_NG_dchg,방전,NG,952,0,0,0.1541
Test07_NG_dchg,방전,NG,953,0,0,0.1126
Test07_NG_dchg,방전,NG,954,0,0,0.1541
Test07_NG_dchg,방전,NG,955,0,0,0.1541
Test07_NG_dchg,방전,NG,956,0,0,0.1227
Test07_NG_dchg,방전,NG,957,0,0,0.2037
Test07_NG_dchg,방전,NG,958,0,0,0.1226
Test07_NG_dchg,방전,NG,959,0,0,0.1126
Test07_NG_dchg,방전,NG,960,0,0,0.2037
Test07_NG_dchg,방전,NG,961,0,0,0.2037
Test07_NG_dchg,방전,NG,962,0,0,0.1541
Test07_NG_dchg,방전,NG,963,0,0,0.2037
Test07_NG_dchg,방전,NG,964,0,0,0.2512
Test07_NG_dchg,방전,NG,965,0,0,0.1126
Test07_NG_dchg,방전,NG,966,0,0,0.2419
Test07_NG_dchg,방전,NG,967,0,0,0.1541
Test07_NG_dchg,방전,NG,968,0,0,0.2512
Test07_NG_dchg,방전,NG,969,0,0,0.1126
Test07_NG_dchg,방전,NG,970,0,0,0.1226
Test07_NG_dchg,방전,NG,971,0,0,0.2037
Test07_NG_dchg,방전,NG,972,0,0,0.2512
Test07_NG_dchg,방전,NG,973,0,0,0.1126
Test07_NG_dchg,방전,NG,974,0,0,0.1541
Test07_NG_dchg,방전,NG,975,0,0,0.1126
Test07_NG_dchg,방전,NG,976,0,0,0.2512
Test07_NG_dchg,방전,NG,977,0,0,0.1127
Test07_NG_dchg,방전,NG,978,0,0,0.1126
Test07_NG_dchg,방전,NG,979,0,0,0.1226
Test07_NG_dchg,방전,NG,980,0,0,0.1541
Test07_NG_dchg,방전,NG,981,0,0,0.1541
Test07_NG_dchg,방전,NG,982,0,0,0.1541
Test07_NG_dchg,방전,NG,983,0,0,0.1541
Test07_NG_dchg,방전,NG,984,0,0,0.1226
Test07_NG_dchg,방전,NG,985,0,0,0.2037
Test07_NG_dchg,방전,NG,986,0,0,0.2421
Test07_NG_dchg,방전,NG,987,0,0,0.1541
Test07_NG_dchg,방전,NG,988,0,0,0.1541
Test07_NG_dchg,방전,NG,989,0,0,0.2037
Test07_NG_dchg,방전,NG,990,0,0,0.2421
Test07_NG_dchg,방전,NG,991,0,0,0.1541
Test07_NG_dchg,방전,NG,992,0,0,0.1127
Test07_NG_dchg,방전,NG,993,0,0,0.2037
Test07_NG_dchg,방전,NG,994,0,0,0.1126
Test07_NG_dchg,방전,NG,995,0,0,0.1226
Test07_NG_dchg,방전,NG,996,0,0,0.2037
Test07_NG_dchg,방전,NG,997,0,0,0.1226
Test07_NG_dchg,방전,NG,998,0,0,0.1126
Test07_NG_dchg,방전,NG,999,0,0,0.1126
Test07_NG_dchg,방전,NG,1000,0,0,0.2037
Test07_NG_dchg,방전,NG,1001,0,0,0.1126
Test07_NG_dchg,방전,NG,1002,0,0,0.1541
Test07_NG_dchg,방전,NG,1003,0,0,0.2037
Test07_NG_dchg,방전,NG,1004,0,0,0.1126
Test07_NG_dchg,방전,NG,1005,0,0,0.2419
Test07_NG_dchg,방전,NG,1006,0,0,0.1541
Test07_NG_dchg,방전,NG,1007,0,0,0.1127
Test07_NG_dchg,방전,NG,1008,0,0,0.1126
Test07_NG_dchg,방전,NG,1009,0,0,0.2037
Test07_NG_dchg,방전,NG,1010,0,0,0.2037
Test07_NG_dchg,방전,NG,1011,0,0,0.3603
Test07_NG_dchg,방전,NG,1012,0,0,0.2421
Test07_NG_dchg,방전,NG,1013,0,0,0.1541
Test07_NG_dchg,방전,NG,1014,0,0,0.1126
Test07_NG_dchg,방전,NG,1015,0,0,0.2421
Test07_NG_dchg,방전,NG,1016,0,0,0.1541
Test07_NG_dchg,방전,NG,1017,0,0,0.1226
Test07_NG_dchg,방전,NG,1018,0,0,0.2037
Test07_NG_dchg,방전,NG,1019,0,0,0.2037
Test07_NG_dchg,방전,NG,1020,0,0,0.1126
Test07_NG_dchg,방전,NG,1021,0,0,0.2512
Test07_NG_dchg,방전,NG,1022,0,0,0.2037
Test07_NG_dchg,방전,NG,1023,0,0,0.1127
Test07_NG_dchg,방전,NG,1024,0,0,0.1126
Test07_NG_dchg,방전,NG,1025,0,0,0.2512
Test07_NG_dchg,방전,NG,1026,0,0,0.2037
Test07_NG_dchg,방전,NG,1027,0,0,0.2512
Test07_NG_dchg,방전,NG,1028,0,0,0.1126
Test07_NG_dchg,방전,NG,1029,0,0,0.1126
Test07_NG_dchg,방전,NG,1030,0,0,0.1226
Test07_NG_dchg,방전,NG,1031,0,0,0.1226
Test07_NG_dchg,방전,NG,1032,0,0,0.1127
Test07_NG_dchg,방전,NG,1033,0,0,0.1226
Test07_NG_dchg,방전,NG,1034,0,0,0.1126
Test07_NG_dchg,방전,NG,1035,0,0,0.1126
Test07_NG_dchg,방전,NG,1036,0,0,0.1226
Test07_NG_dchg,방전,NG,1037,0,0,0.2419
Test07_NG_dchg,방전,NG,1038,0,0,0.2419
Test07_NG_dchg,방전,NG,1039,0,0,0.1653
Test07_NG_dchg,방전,NG,1040,0,0,0.2419
Test07_NG_dchg,방전,NG,1041,0,0,0.1226
Test07_NG_dchg,방전,NG,1042,0,0,0.1126
Test07_NG_dchg,방전,NG,1043,0,0,0.1126
Test07_NG_dchg,방전,NG,1044,0,0,0.1541
Test07_NG_dchg,방전,NG,1045,0,0,0.1541
Test07_NG_dchg,방전,NG,1046,0,0,0.2037
Test07_NG_dchg,방전,NG,1047,0,0,0.1126
Test07_NG_dchg,방전,NG,1048,0,0,0.1226
Test07_NG_dchg,방전,NG,1049,0,0,0.2512
Test07_NG_dchg,방전,NG,1050,0,0,0.1127
Test07_NG_dchg,방전,NG,1051,0,0,0.1127
Test07_NG_dchg,방전,NG,1052,0,0,0.2037
Test07_NG_dchg,방전,NG,1053,0,0,0.1126
Test07_NG_dchg,방전,NG,1054,0,0,0.2512
Test07_NG_dchg,방전,NG,1055,0,0,0.1126
Test07_NG_dchg,방전,NG,1056,0,0,0.1541
Test07_NG_dchg,방전,NG,1057,0,0,0.1126
Test07_NG_dchg,방전,NG,1058,0,0,0.1653
Test07_NG_dchg,방전,NG,1059,0,0,0.1541
Test07_NG_dchg,방전,NG,1060,0,0,0.2419
Test07_NG_dchg,방전,NG,1061,0,0,0.1126
Test07_NG_dchg,방전,NG,1062,0,0,0.1541
Test07_NG_dchg,방전,NG,1063,0,0,0.2419
Test07_NG_dchg,방전,NG,1064,0,0,0.2037
Test07_NG_dchg,방전,NG,1065,0,0,0.1541
Test07_NG_dchg,방전,NG,1066,0,0,0.1226
Test07_NG_dchg,방전,NG,1067,0,0,0.1541
Test07_NG_dchg,방전,NG,1068,0,0,0.1541
Test07_NG_dchg,방전,NG,1069,0,0,0.2419
Test07_NG_dchg,방전,NG,1070,0,0,0.1653
Test07_NG_dchg,방전,NG,1071,0,0,0.2419
Test07_NG_dchg,방전,NG,1072,0,0,0.1126
Test07_NG_dchg,방전,NG,1073,0,0,0.1126
Test07_NG_dchg,방전,NG,1074,0,0,0.1226
Test07_NG_dchg,방전,NG,1075,0,0,0.1126
Test07_NG_dchg,방전,NG,1076,0,0,0.2512
Test07_NG_dchg,방전,NG,1077,0,0,0.2419
Test07_NG_dchg,방전,NG,1078,0,0,0.2512
Test07_NG_dchg,방전,NG,1079,0,0,0.1541
Test07_NG_dchg,방전,NG,1080,0,0,0.1541
Test07_NG_dchg,방전,NG,1081,0,0,0.2419
Test07_NG_dchg,방전,NG,1082,0,0,0.2419
Test07_NG_dchg,방전,NG,1083,0,0,0.2419
Test07_NG_dchg,방전,NG,1084,0,0,0.1653
Test07_NG_dchg,방전,NG,1085,0,0,0.1227
Test07_NG_dchg,방전,NG,1086,0,0,0.1653
Test07_NG_dchg,방전,NG,1087,0,0,0.2419
Test07_NG_dchg,방전,NG,1088,0,0,0.1126
Test07_NG_dchg,방전,NG,1089,0,0,0.2512
Test07_NG_dchg,방전,NG,1090,0,0,0.1226
Test07_NG_dchg,방전,NG,1091,0,0,0.1541
Test07_NG_dchg,방전,NG,1092,0,0,0.2419
Test07_NG_dchg,방전,NG,1093,0,0,0.2419
Test07_NG_dchg,방전,NG,1094,0,0,0.1126
Test07_NG_dchg,방전,NG,1095,0,0,0.2037
Test07_NG_dchg,방전,NG,1096,0,0,0.1541
Test07_NG_dchg,방전,NG,1097,0,0,0.2419
Test07_NG_dchg,방전,NG,1098,0,0,0.1653
Test07_NG_dchg,방전,NG,1099,0,0,0.1126
Test07_NG_dchg,방전,NG,1100,0,0,0.1126
Test07_NG_dchg,방전,NG,1101,0,0,0.1126
Test07_NG_dchg,방전,NG,1102,0,0,0.1226
Test07_NG_dchg,방전,NG,1103,0,0,0.1227
Test07_NG_dchg,방전,NG,1104,0,0,0.2512
Test07_NG_dchg,방전,NG,1105,0,0,0.2419
Test07_NG_dchg,방전,NG,1106,0,0,0.1653
Test07_NG_dchg,방전,NG,1107,0,0,0.1127
Test07_NG_dchg,방전,NG,1108,0,0,0.1126
Test07_NG_dchg,방전,NG,1109,0,0,0.1126
Test07_NG_dchg,방전,NG,1110,0,0,0.1541
Test07_NG_dchg,방전,NG,1111,0,0,0.1126
Test07_NG_dchg,방전,NG,1112,0,0,0.2419
Test07_NG_dchg,방전,NG,1113,0,0,0.2419
Test07_NG_dchg,방전,NG,1114,0,0,0.1126
Test07_NG_dchg,방전,NG,1115,0,0,0.1126
Test07_NG_dchg,방전,NG,1116,0,0,0.2037
Test07_NG_dchg,방전,NG,1117,0,0,0.1126
Test07_NG_dchg,방전,NG,1118,0,0,0.1653
Test07_NG_dchg,방전,NG,1119,0,0,0.1126
Test07_NG_dchg,방전,NG,1120,0,0,0.1126
Test07_NG_dchg,방전,NG,1121,0,0,0.1653
Test07_NG_dchg,방전,NG,1122,0,0,0.1126
Test07_NG_dchg,방전,NG,1123,0,0,0.1653
Test07_NG_dchg,방전,NG,1124,0,0,0.1126
Test07_NG_dchg,방전,NG,1125,0,0,0.1226
Test07_NG_dchg,방전,NG,1126,0,0,0.1126
Test07_NG_dchg,방전,NG,1127,0,0,0.1653
Test07_NG_dchg,방전,NG,1128,0,0,0.1126
Test07_NG_dchg,방전,NG,1129,0,0,0.2419
Test07_NG_dchg,방전,NG,1130,0,0,0.1653
Test07_NG_dchg,방전,NG,1131,0,0,0.1126
Test07_NG_dchg,방전,NG,1132,0,0,0.1126
Test07_NG_dchg,방전,NG,1133,0,0,0.2512
Test07_NG_dchg,방전,NG,1134,0,0,0.1126
Test07_NG_dchg,방전,NG,1135,0,0,0.2419
Test07_NG_dchg,방전,NG,1136,0,0,0.2419
Test07_NG_dchg,방전,NG,1137,0,0,0.1126
Test07_NG_dchg,방전,NG,1138,0,0,0.1541
Test07_NG_dchg,방전,NG,1139,0,0,0.2421
Test07_NG_dchg,방전,NG,1140,0,0,0.1653
Test07_NG_dchg,방전,NG,1141,0,0,0.1126
Test07_NG_dchg,방전,NG,1142,0,0,0.2419
Test07_NG_dchg,방전,NG,1143,0,0,0.1226
Test07_NG_dchg,방전,NG,1144,0,0,0.1226
Test07_NG_dchg,방전,NG,1145,0,0,0.1126
Test07_NG_dchg,방전,NG,1146,0,0,0.1126
Test07_NG_dchg,방전,NG,1147,0,0,0.1126
Test07_NG_dchg,방전,NG,1148,0,0,0.1541
Test07_NG_dchg,방전,NG,1149,0,0,0.1653
Test07_NG_dchg,방전,NG,1150,0,0,0.1541
Test07_NG_dchg,방전,NG,1151,0,0,0.1126
Test07_NG_dchg,방전,NG,1152,0,0,0.1126
Test07_NG_dchg,방전,NG,1153,0,0,0.1653
Test07_NG_dchg,방전,NG,1154,0,0,0.2419
Test07_NG_dchg,방전,NG,1155,0,0,0.1226
Test07_NG_dchg,방전,NG,1156,0,0,0.1127
Test07_NG_dchg,방전,NG,1157,0,0,0.1226
Test07_NG_dchg,방전,NG,1158,0,0,0.1653
Test07_NG_dchg,방전,NG,1159,0,0,0.1653
Test07_NG_dchg,방전,NG,1160,0,0,0.1126
Test07_NG_dchg,방전,NG,1161,0,0,0.1126
Test07_NG_dchg,방전,NG,1162,0,0,0.1226
Test07_NG_dchg,방전,NG,1163,0,0,0.1541
Test07_NG_dchg,방전,NG,1164,0,0,0.1126
Test07_NG_dchg,방전,NG,1165,0,0,0.1653
Test07_NG_dchg,방전,NG,1166,0,0,0.1126
Test07_NG_dchg,방전,NG,1167,0,0,0.1126
Test07_NG_dchg,방전,NG,1168,0,0,0.1541
Test07_NG_dchg,방전,NG,1169,0,0,0.2419
Test07_NG_dchg,방전,NG,1170,0,0,0.1653
Test07_NG_dchg,방전,NG,1171,0,0,0.1653
Test07_NG_dchg,방전,NG,1172,0,0,0.1653
Test07_NG_dchg,방전,NG,1173,0,0,0.1126
Test07_NG_dchg,방전,NG,1174,0,0,0.2419
Test07_NG_dchg,방전,NG,1175,0,0,0.1126
Test07_NG_dchg,방전,NG,1176,0,0,0.1541
Test07_NG_dchg,방전,NG,1177,0,0,0.1226
Test07_NG_dchg,방전,NG,1178,0,0,0.1126
Test07_NG_dchg,방전,NG,1179,0,0,0.1126
Test07_NG_dchg,방전,NG,1180,0,0,0.1126
Test07_NG_dchg,방전,NG,1181,0,0,0.1126
Test07_NG_dchg,방전,NG,1182,0,0,0.1126
Test07_NG_dchg,방전,NG,1183,0,0,0.1127
Test07_NG_dchg,방전,NG,1184,0,0,0.1127
Test07_NG_dchg,방전,NG,1185,0,0,0.1653
Test07_NG_dchg,방전,NG,1186,0,0,0.1126
Test07_NG_dchg,방전,NG,1187,0,0,0.1126
Test07_NG_dchg,방전,NG,1188,0,0,0.1226
Test07_NG_dchg,방전,NG,1189,0,0,0.1126
Test07_NG_dchg,방전,NG,1190,0,0,0.1126
Test07_NG_dchg,방전,NG,1191,0,0,0.1227
Test07_NG_dchg,방전,NG,1192,0,0,0.1126
Test07_NG_dchg,방전,NG,1193,0,0,0.1127
Test07_NG_dchg,방전,NG,1194,0,0,0.1126
Test07_NG_dchg,방전,NG,1195,0,0,0.1127
Test07_NG_dchg,방전,NG,1196,0,0,0.1126
Test07_NG_dchg,방전,NG,1197,0,0,0.1126
Test07_NG_dchg,방전,NG,1198,0,0,0.1653
Test07_NG_dchg,방전,NG,1199,0,0,0.2419
Test07_NG_dchg,방전,NG,1200,0,0,0.1126
Test07_NG_dchg,방전,NG,1201,0,0,0.1127
Test07_NG_dchg,방전,NG,1202,0,0,0.1127
Test07_NG_dchg,방전,NG,1203,0,0,0.1541
Test07_NG_dchg,방전,NG,1204,0,0,0.1541
Test07_NG_dchg,방전,NG,1205,0,0,0.1127
Test07_NG_dchg,방전,NG,1206,0,0,0.1126
Test07_NG_dchg,방전,NG,1207,0,0,0.1126
Test07_NG_dchg,방전,NG,1208,0,0,0.2512
Test07_NG_dchg,방전,NG,1209,0,0,0.2037
Test07_NG_dchg,방전,NG,1210,0,0,0.1126
Test07_NG_dchg,방전,NG,1211,0,0,0.1226
Test07_NG_dchg,방전,NG,1212,0,0,0.1653
Test07_NG_dchg,방전,NG,1213,0,0,0.1541
Test07_NG_dchg,방전,NG,1214,0,0,0.1126
Test07_NG_dchg,방전,NG,1215,0,0,0.1126
Test07_NG_dchg,방전,NG,1216,0,0,0.1126
Test07_NG_dchg,방전,NG,1217,0,0,0.1226
Test07_NG_dchg,방전,NG,1218,0,0,0.1126
Test07_NG_dchg,방전,NG,1219,0,0,0.1653
Test07_NG_dchg,방전,NG,1220,0,0,0.1127
Test07_NG_dchg,방전,NG,1221,0,0,0.1541
Test07_NG_dchg,방전,NG,1222,0,0,0.1653
Test07_NG_dchg,방전,NG,1223,0,0,0.1653
Test07_NG_dchg,방전,NG,1224,0,0,0.1653
Test07_NG_dchg,방전,NG,1225,0,0,0.1541
Test07_NG_dchg,방전,NG,1226,0,0,0.1126
Test07_NG_dchg,방전,NG,1227,0,0,0.1653
Test07_NG_dchg,방전,NG,1228,0,0,0.1226
Test07_NG_dchg,방전,NG,1229,0,0,0.1226
Test07_NG_dchg,방전,NG,1230,0,0,0.2512
Test07_NG_dchg,방전,NG,1231,0,0,0.1126
Test07_NG_dchg,방전,NG,1232,0,0,0.1653
Test07_NG_dchg,방전,NG,1233,0,0,0.1126
Test07_NG_dchg,방전,NG,1234,0,0,0.1541
Test07_NG_dchg,방전,NG,1235,0,0,0.1226
Test07_NG_dchg,방전,NG,1236,0,0,0.1126
Test07_NG_dchg,방전,NG,1237,0,0,0.1126
Test07_NG_dchg,방전,NG,1238,0,0,0.1127
Test07_NG_dchg,방전,NG,1239,0,0,0.1126
Test07_NG_dchg,방전,NG,1240,0,0,0.1126
Test07_NG_dchg,방전,NG,1241,0,0,0.1126
Test07_NG_dchg,방전,NG,1242,0,0,0.1126
Test07_NG_dchg,방전,NG,1243,0,0,0.1126
Test07_NG_dchg,방전,NG,1244,0,0,0.2419
Test07_NG_dchg,방전,NG,1245,0,0,0.1126
Test07_NG_dchg,방전,NG,1246,0,0,0.1126
Test07_NG_dchg,방전,NG,1247,0,0,0.1126
Test07_NG_dchg,방전,NG,1248,0,0,0.1653
Test07_NG_dchg,방전,NG,1249,0,0,0.1126
Test07_NG_dchg,방전,NG,1250,0,0,0.1126
Test07_NG_dchg,방전,NG,1251,0,0,0.1653
Test07_NG_dchg,방전,NG,1252,0,0,0.1541
Test07_NG_dchg,방전,NG,1253,0,0,0.1126
Test07_NG_dchg,방전,NG,1254,0,0,0.1653
Test07_NG_dchg,방전,NG,1255,0,0,0.1126
Test07_NG_dchg,방전,NG,1256,0,0,0.1126
Test07_NG_dchg,방전,NG,1257,0,0,0.1126
Test07_NG_dchg,방전,NG,1258,0,0,0.1127
Test07_NG_dchg,방전,NG,1259,0,0,0.1126
Test07_NG_dchg,방전,NG,1260,0,0,0.1127
Test07_NG_dchg,방전,NG,1261,0,0,0.1226
Test07_NG_dchg,방전,NG,1262,0,0,0.2419
Test07_NG_dchg,방전,NG,1263,0,0,0.1126
Test07_NG_dchg,방전,NG,1264,0,0,0.1126
Test07_NG_dchg,방전,NG,1265,0,0,0.1126
Test07_NG_dchg,방전,NG,1266,0,0,0.1541
Test07_NG_dchg,방전,NG,1267,0,0,0.1126
Test07_NG_dchg,방전,NG,1268,0,0,0.1653
Test07_NG_dchg,방전,NG,1269,0,0,0.2037
Test07_NG_dchg,방전,NG,1270,0,0,0.1126
Test07_NG_dchg,방전,NG,1271,0,0,0.1126
Test07_NG_dchg,방전,NG,1272,0,0,0.1227
Test07_NG_dchg,방전,NG,1273,0,0,0.1541
Test07_NG_dchg,방전,NG,1274,0,0,0.1541
Test07_NG_dchg,방전,NG,1275,0,0,0.1127
Test07_NG_dchg,방전,NG,1276,0,0,0.1541
Test07_NG_dchg,방전,NG,1277,0,0,0.1226
Test07_NG_dchg,방전,NG,1278,0,0,0.1653
Test07_NG_dchg,방전,NG,1279,0,0,0.2419
Test07_NG_dchg,방전,NG,1280,0,0,0.1653
Test07_NG_dchg,방전,NG,1281,0,0,0.2419
Test07_NG_dchg,방전,NG,1282,0,0,0.1126
Test07_NG_dchg,방전,NG,1283,0,0,0.1126
Test07_NG_dchg,방전,NG,1284,0,0,0.1126
Test07_NG_dchg,방전,NG,1285,0,0,0.1127
Test07_NG_dchg,방전,NG,1286,0,0,0.1127
Test07_NG_dchg,방전,NG,1287,0,0,0.1127
Test07_NG_dchg,방전,NG,1288,0,0,0.1653
Test07_NG_dchg,방전,NG,1289,0,0,0.1126
Test07_NG_dchg,방전,NG,1290,0,0,0.1126
Test07_NG_dchg,방전,NG,1291,0,0,0.2419
Test07_NG_dchg,방전,NG,1292,0,0,0.1127
Test07_NG_dchg,방전,NG,1293,0,0,0.1126
Test07_NG_dchg,방전,NG,1294,0,0,0.1541
Test07_NG_dchg,방전,NG,1295,0,0,0.1126
Test07_NG_dchg,방전,NG,1296,0,0,0.1126
Test07_NG_dchg,방전,NG,1297,0,0,0.1126
Test07_NG_dchg,방전,NG,1298,0,0,0.1653
Test07_NG_dchg,방전,NG,1299,0,0,0.1226
Test07_NG_dchg,방전,NG,1300,0,0,0.1541
Test07_NG_dchg,방전,NG,1301,0,0,0.1126
Test07_NG_dchg,방전,NG,1302,0,0,0.1541
Test07_NG_dchg,방전,NG,1303,0,0,0.1226
Test07_NG_dchg,방전,NG,1304,0,0,0.2419
Test07_NG_dchg,방전,NG,1305,0,0,0.1541
Test07_NG_dchg,방전,NG,1306,0,0,0.1126
Test07_NG_dchg,방전,NG,1307,0,0,0.2419
Test07_NG_dchg,방전,NG,1308,0,0,0.1226
Test07_NG_dchg,방전,NG,1309,0,0,0.1126
Test07_NG_dchg,방전,NG,1310,0,0,0.1126
Test07_NG_dchg,방전,NG,1311,0,0,0.1126
Test07_NG_dchg,방전,NG,1312,0,0,0.1126
Test07_NG_dchg,방전,NG,1313,0,0,0.1226
Test07_NG_dchg,방전,NG,1314,0,0,0.1653
Test07_NG_dchg,방전,NG,1315,0,0,0.1126
Test07_NG_dchg,방전,NG,1316,0,0,0.1541
Test07_NG_dchg,방전,NG,1317,0,0,0.2419
Test07_NG_dchg,방전,NG,1318,0,0,0.1126
Test07_NG_dchg,방전,NG,1319,0,0,0.1126
Test07_NG_dchg,방전,NG,1320,0,0,0.1541
Test07_NG_dchg,방전,NG,1321,0,0,0.1541
Test07_NG_dchg,방전,NG,1322,0,0,0.1126
Test07_NG_dchg,방전,NG,1323,0,0,0.1126
Test07_NG_dchg,방전,NG,1324,0,0,0.1226
Test07_NG_dchg,방전,NG,1325,0,0,0.1126
Test07_NG_dchg,방전,NG,1326,0,0,0.1126
Test07_NG_dchg,방전,NG,1327,0,0,0.1541
Test07_NG_dchg,방전,NG,1328,0,0,0.2037
Test07_NG_dchg,방전,NG,1329,0,0,0.1126
Test07_NG_dchg,방전,NG,1330,0,0,0.2037
Test07_NG_dchg,방전,NG,1331,0,0,0.1126
Test07_NG_dchg,방전,NG,1332,0,0,0.1541
Test07_NG_dchg,방전,NG,1333,0,0,0.1226
Test07_NG_dchg,방전,NG,1334,0,0,0.1127
Test07_NG_dchg,방전,NG,1335,0,0,0.1126
Test07_NG_dchg,방전,NG,1336,0,0,0.1126
Test07_NG_dchg,방전,NG,1337,0,0,0.1126
Test07_NG_dchg,방전,NG,1338,0,0,0.1126
Test07_NG_dchg,방전,NG,1339,0,0,0.2512
Test07_NG_dchg,방전,NG,1340,0,0,0.2037
Test07_NG_dchg,방전,NG,1341,0,0,0.1126
Test07_NG_dchg,방전,NG,1342,0,0,0.1226
Test07_NG_dchg,방전,NG,1343,0,0,0.1126
Test07_NG_dchg,방전,NG,1344,0,0,0.1127
Test07_NG_dchg,방전,NG,1345,0,0,0.1126
Test07_NG_dchg,방전,NG,1346,0,0,0.1541
Test07_NG_dchg,방전,NG,1347,0,0,0.1226
Test07_NG_dchg,방전,NG,1348,0,0,0.1126
Test07_NG_dchg,방전,NG,1349,0,0,0.1126
Test07_NG_dchg,방전,NG,1350,0,0,0.2037
Test07_NG_dchg,방전,NG,1351,0,0,0.1126
Test07_NG_dchg,방전,NG,1352,0,0,0.1126
Test07_NG_dchg,방전,NG,1353,0,0,0.1541
Test07_NG_dchg,방전,NG,1354,0,0,0.1126
Test07_NG_dchg,방전,NG,1355,0,0,0.1126
Test07_NG_dchg,방전,NG,1356,0,0,0.1126
Test07_NG_dchg,방전,NG,1357,0,0,0.1126
Test07_NG_dchg,방전,NG,1358,0,0,0.1541
Test07_NG_dchg,방전,NG,1359,0,0,0.1126
Test07_NG_dchg,방전,NG,1360,0,0,0.1126
Test07_NG_dchg,방전,NG,1361,0,0,0.1226
Test07_NG_dchg,방전,NG,1362,0,0,0.1541
Test07_NG_dchg,방전,NG,1363,0,0,0.1226
Test07_NG_dchg,방전,NG,1364,0,0,0.1126
Test07_NG_dchg,방전,NG,1365,0,0,0.1126
Test07_NG_dchg,방전,NG,1366,0,0,0.1226
Test07_NG_dchg,방전,NG,1367,0,0,0.1126
Test07_NG_dchg,방전,NG,1368,0,0,0.1126
Test07_NG_dchg,방전,NG,1369,0,0,0.1226
Test07_NG_dchg,방전,NG,1370,0,0,0.1126
Test07_NG_dchg,방전,NG,1371,0,0,0.1541
Test07_NG_dchg,방전,NG,1372,0,0,0.1127
Test07_NG_dchg,방전,NG,1373,0,0,0.1126
Test07_NG_dchg,방전,NG,1374,0,0,0.1127
Test07_NG_dchg,방전,NG,1375,0,0,0.1126
Test07_NG_dchg,방전,NG,1376,0,0,0.1127
Test07_NG_dchg,방전,NG,1377,0,0,0.1226
Test07_NG_dchg,방전,NG,1378,0,0,0.1126
Test07_NG_dchg,방전,NG,1379,0,0,0.1653
Test07_NG_dchg,방전,NG,1380,0,0,0.1541
Test07_NG_dchg,방전,NG,1381,0,0,0.1226
Test07_NG_dchg,방전,NG,1382,0,0,0.1541
Test07_NG_dchg,방전,NG,1383,0,0,0.1126
Test07_NG_dchg,방전,NG,1384,0,0,0.2419
Test07_NG_dchg,방전,NG,1385,0,0,0.1226
Test07_NG_dchg,방전,NG,1386,0,0,0.1126
Test07_NG_dchg,방전,NG,1387,0,0,0.1126
Test07_NG_dchg,방전,NG,1388,0,0,0.1653
Test07_NG_dchg,방전,NG,1389,0,0,0.1126
Test07_NG_dchg,방전,NG,1390,0,0,0.1126
Test07_NG_dchg,방전,NG,1391,0,0,0.1126
Test07_NG_dchg,방전,NG,1392,0,0,0.1126
Test07_NG_dchg,방전,NG,1393,0,0,0.2512
Test07_NG_dchg,방전,NG,1394,0,0,0.1226
Test07_NG_dchg,방전,NG,1395,0,0,0.1127
Test07_NG_dchg,방전,NG,1396,0,0,0.1127
Test07_NG_dchg,방전,NG,1397,0,0,0.1126
Test07_NG_dchg,방전,NG,1398,0,0,0.1127
Test07_NG_dchg,방전,NG,1399,0,0,0.1126
Test07_NG_dchg,방전,NG,1400,0,0,0.1126
Test07_NG_dchg,방전,NG,1401,0,0,0.1541
Test07_NG_dchg,방전,NG,1402,0,0,0.1541
Test07_NG_dchg,방전,NG,1403,0,0,0.1126
Test07_NG_dchg,방전,NG,1404,0,0,0.1226
Test07_NG_dchg,방전,NG,1405,0,0,0.1126
Test07_NG_dchg,방전,NG,1406,0,0,0.1126
Test07_NG_dchg,방전,NG,1407,0,0,0.1127
Test07_NG_dchg,방전,NG,1408,0,0,0.1127
Test07_NG_dchg,방전,NG,1409,0,0,0.1126
Test07_NG_dchg,방전,NG,1410,0,0,0.1126
Test07_NG_dchg,방전,NG,1411,0,0,0.1541
Test07_NG_dchg,방전,NG,1412,0,0,0.1226
Test07_NG_dchg,방전,NG,1413,0,0,0.1126
Test07_NG_dchg,방전,NG,1414,0,0,0.1126
Test07_NG_dchg,방전,NG,1415,0,0,0.1126
Test07_NG_dchg,방전,NG,1416,0,0,0.1126
Test07_NG_dchg,방전,NG,1417,0,0,0.1126
Test07_NG_dchg,방전,NG,1418,0,0,0.1226
Test07_NG_dchg,방전,NG,1419,0,0,0.1126
Test07_NG_dchg,방전,NG,1420,0,0,0.1126
Test07_NG_dchg,방전,NG,1421,0,0,0.2512
Test07_NG_dchg,방전,NG,1422,0,0,0.1126
Test07_NG_dchg,방전,NG,1423,0,0,0.1126
Test07_NG_dchg,방전,NG,1424,0,0,0.1126
Test07_NG_dchg,방전,NG,1425,0,0,0.1126
Test07_NG_dchg,방전,NG,1426,0,0,0.2419
Test07_NG_dchg,방전,NG,1427,0,0,0.2512
Test07_NG_dchg,방전,NG,1428,0,0,0.1541
Test07_NG_dchg,방전,NG,1429,0,0,0.1227
Test07_NG_dchg,방전,NG,1430,0,0,0.1127
Test07_NG_dchg,방전,NG,1431,0,0,0.1126
Test07_NG_dchg,방전,NG,1432,0,0,0.1126
Test07_NG_dchg,방전,NG,1433,0,0,0.1226
Test07_NG_dchg,방전,NG,1434,0,0,0.1127
Test07_NG_dchg,방전,NG,1435,0,0,0.1126
Test07_NG_dchg,방전,NG,1436,0,0,0.1126
Test07_NG_dchg,방전,NG,1437,0,0,0.1127
Test07_NG_dchg,방전,NG,1438,0,0,0.1126
Test07_NG_dchg,방전,NG,1439,0,0,0.1126
Test07_NG_dchg,방전,NG,1440,0,0,0.1127
Test07_NG_dchg,방전,NG,1441,0,0,0.1126
Test07_NG_dchg,방전,NG,1442,0,0,0.1126
Test07_NG_dchg,방전,NG,1443,0,0,0.1541
Test07_NG_dchg,방전,NG,1444,0,0,0.2419
Test07_NG_dchg,방전,NG,1445,0,0,0.1541
Test07_NG_dchg,방전,NG,1446,0,0,0.1126
Test07_NG_dchg,방전,NG,1447,0,0,0.1126
Test07_NG_dchg,방전,NG,1448,0,0,0.2037
Test07_NG_dchg,방전,NG,1449,0,0,0.1653
Test07_NG_dchg,방전,NG,1450,0,0,0.1127
Test07_NG_dchg,방전,NG,1451,0,0,0.1126
Test07_NG_dchg,방전,NG,1452,0,0,0.1226
Test07_NG_dchg,방전,NG,1453,0,0,0.1541
Test07_NG_dchg,방전,NG,1454,0,0,0.1126
Test07_NG_dchg,방전,NG,1455,0,0,0.1126
Test07_NG_dchg,방전,NG,1456,0,0,0.1541
Test07_NG_dchg,방전,NG,1457,0,0,0.1126
Test07_NG_dchg,방전,NG,1458,0,0,0.1126
Test07_NG_dchg,방전,NG,1459,0,0,0.1126
Test07_NG_dchg,방전,NG,1460,0,0,0.1126
Test07_NG_dchg,방전,NG,1461,0,0,0.1126
Test07_NG_dchg,방전,NG,1462,0,0,0.1126
Test07_NG_dchg,방전,NG,1463,0,0,0.1126
Test07_NG_dchg,방전,NG,1464,0,0,0.1541
Test07_NG_dchg,방전,NG,1465,0,0,0.1126
Test07_NG_dchg,방전,NG,1466,0,0,0.1126
Test07_NG_dchg,방전,NG,1467,0,0,0.1226
Test07_NG_dchg,방전,NG,1468,0,0,0.1127
Test07_NG_dchg,방전,NG,1469,0,0,0.2419
Test07_NG_dchg,방전,NG,1470,0,0,0.1226
Test07_NG_dchg,방전,NG,1471,0,0,0.1541
Test07_NG_dchg,방전,NG,1472,0,0,0.1126
Test07_NG_dchg,방전,NG,1473,0,0,0.1127
Test07_NG_dchg,방전,NG,1474,0,0,0.1127
Test07_NG_dchg,방전,NG,1475,0,0,0.1126
Test07_NG_dchg,방전,NG,1476,0,0,0.1541
Test07_NG_dchg,방전,NG,1477,0,0,0.2512
Test07_NG_dchg,방전,NG,1478,0,0,0.1126
Test07_NG_dchg,방전,NG,1479,0,0,0.1127
Test07_NG_dchg,방전,NG,1480,0,0,0.1126
Test07_NG_dchg,방전,NG,1481,0,0,0.2037
Test07_NG_dchg,방전,NG,1482,0,0,0.2037
Test07_NG_dchg,방전,NG,1483,0,0,0.1126
Test07_NG_dchg,방전,NG,1484,0,0,0.1127
Test07_NG_dchg,방전,NG,1485,0,0,0.1127
Test07_NG_dchg,방전,NG,1486,0,0,0.1126
Test07_NG_dchg,방전,NG,1487,0,0,0.1127
Test07_NG_dchg,방전,NG,1488,0,0,0.1127
Test07_NG_dchg,방전,NG,1489,0,0,0.1126
Test07_NG_dchg,방전,NG,1490,0,0,0.1127
Test07_NG_dchg,방전,NG,1491,0,0,0.1541
Test07_NG_dchg,방전,NG,1492,0,0,0.1653
Test07_NG_dchg,방전,NG,1493,0,0,0.1226
Test07_NG_dchg,방전,NG,1494,0,0,0.1126
Test07_NG_dchg,방전,NG,1495,0,0,0.1226
Test07_NG_dchg,방전,NG,1496,0,0,0.1126
Test07_NG_dchg,방전,NG,1497,0,0,0.1126
Test07_NG_dchg,방전,NG,1498,0,0,0.1541
Test07_NG_dchg,방전,NG,1499,0,0,0.1126
Test07_NG_dchg,방전,NG,1500,0,0,0.1126
Test07_NG_dchg,방전,NG,1501,0,0,0.1226
Test07_NG_dchg,방전,NG,1502,0,0,0.2512
Test07_NG_dchg,방전,NG,1503,0,0,0.1126
Test07_NG_dchg,방전,NG,1504,0,0,0.1653
Test07_NG_dchg,방전,NG,1505,0,0,0.2037
Test07_NG_dchg,방전,NG,1506,0,0,0.1126
Test07_NG_dchg,방전,NG,1507,0,0,0.1653
Test07_NG_dchg,방전,NG,1508,0,0,0.1126
Test07_NG_dchg,방전,NG,1509,0,0,0.1126
Test07_NG_dchg,방전,NG,1510,0,0,0.1541
Test07_NG_dchg,방전,NG,1511,0,0,0.1127
Test07_NG_dchg,방전,NG,1512,0,0,0.1126
Test07_NG_dchg,방전,NG,1513,0,0,0.1226
Test07_NG_dchg,방전,NG,1514,0,0,0.1541
Test07_NG_dchg,방전,NG,1515,0,0,0.1126
Test07_NG_dchg,방전,NG,1516,0,0,0.1126
Test07_NG_dchg,방전,NG,1517,0,0,0.1126
Test07_NG_dchg,방전,NG,1518,0,0,0.1126
Test07_NG_dchg,방전,NG,1519,0,0,0.1126
Test07_NG_dchg,방전,NG,1520,0,0,0.1126
Test07_NG_dchg,방전,NG,1521,0,0,0.1227
Test07_NG_dchg,방전,NG,1522,0,0,0.1126
Test07_NG_dchg,방전,NG,1523,0,0,0.1126
Test07_NG_dchg,방전,NG,1524,0,0,0.1126
Test07_NG_dchg,방전,NG,1525,0,0,0.1126
Test07_NG_dchg,방전,NG,1526,0,0,0.1126
Test07_NG_dchg,방전,NG,1527,0,0,0.1126
Test07_NG_dchg,방전,NG,1528,0,0,0.1126
Test07_NG_dchg,방전,NG,1529,0,0,0.1541
Test07_NG_dchg,방전,NG,1530,0,0,0.1541
Test07_NG_dchg,방전,NG,1531,0,0,0.1541
Test07_NG_dchg,방전,NG,1532,0,0,0.1126
Test07_NG_dchg,방전,NG,1533,0,0,0.1126
Test07_NG_dchg,방전,NG,1534,0,0,0.1541
Test07_NG_dchg,방전,NG,1535,0,0,0.1127
Test07_NG_dchg,방전,NG,1536,0,0,0.1127
Test07_NG_dchg,방전,NG,1537,0,0,0.1226
Test07_NG_dchg,방전,NG,1538,0,0,0.1541
Test07_NG_dchg,방전,NG,1539,0,0,0.1126
Test07_NG_dchg,방전,NG,1540,0,0,0.1126
Test07_NG_dchg,방전,NG,1541,0,0,0.1126
Test07_NG_dchg,방전,NG,1542,0,0,0.1126
Test07_NG_dchg,방전,NG,1543,0,0,0.2512
Test07_NG_dchg,방전,NG,1544,0,0,0.1126
Test07_NG_dchg,방전,NG,1545,0,0,0.1126
Test07_NG_dchg,방전,NG,1546,0,0,0.1126
Test07_NG_dchg,방전,NG,1547,0,0,0.1126
Test07_NG_dchg,방전,NG,1548,0,0,0.1126
Test07_NG_dchg,방전,NG,1549,0,0,0.1126
Test07_NG_dchg,방전,NG,1550,0,0,0.1226
Test07_NG_dchg,방전,NG,1551,0,0,0.2419
Test07_NG_dchg,방전,NG,1552,0,0,0.1226
Test07_NG_dchg,방전,NG,1553,0,0,0.1126
Test07_NG_dchg,방전,NG,1554,0,0,0.1126
Test07_NG_dchg,방전,NG,1555,0,0,0.1126
Test07_NG_dchg,방전,NG,1556,0,0,0.1126
Test07_NG_dchg,방전,NG,1557,0,0,0.1126
Test07_NG_dchg,방전,NG,1558,0,0,0.1541
Test07_NG_dchg,방전,NG,1559,0,0,0.1127
Test07_NG_dchg,방전,NG,1560,0,0,0.1126
Test07_NG_dchg,방전,NG,1561,0,0,0.1541
Test07_NG_dchg,방전,NG,1562,0,0,0.1126
Test07_NG_dchg,방전,NG,1563,0,0,0.1127
Test07_NG_dchg,방전,NG,1564,0,0,0.1126
Test07_NG_dchg,방전,NG,1565,0,0,0.2512
Test07_NG_dchg,방전,NG,1566,0,0,0.1126
Test07_NG_dchg,방전,NG,1567,0,0,0.1126
Test07_NG_dchg,방전,NG,1568,0,0,0.1126
Test07_NG_dchg,방전,NG,1569,0,0,0.1127
Test07_NG_dchg,방전,NG,1570,0,0,0.1127
Test07_NG_dchg,방전,NG,1571,0,0,0.1127
Test07_NG_dchg,방전,NG,1572,0,0,0.1126
Test07_NG_dchg,방전,NG,1573,0,0,0.1541
Test07_NG_dchg,방전,NG,1574,0,0,0.1126
Test07_NG_dchg,방전,NG,1575,0,0,0.1126
Test07_NG_dchg,방전,NG,1576,0,0,0.1126
Test07_NG_dchg,방전,NG,1577,0,0,0.094
Test07_NG_dchg,방전,NG,1578,0,0,0.1126
Test07_NG_dchg,방전,NG,1579,0,0,0.1226
Test07_NG_dchg,방전,NG,1580,0,0,0.1126
Test07_NG_dchg,방전,NG,1581,0,0,0.1226
Test07_NG_dchg,방전,NG,1582,0,0,0.1126
Test07_NG_dchg,방전,NG,1583,0,0,0.1541
Test07_NG_dchg,방전,NG,1584,0,0,0.1226
Test07_NG_dchg,방전,NG,1585,0,0,0.1126
Test07_NG_dchg,방전,NG,1586,0,0,0.1126
Test07_NG_dchg,방전,NG,1587,0,0,0.1126
Test07_NG_dchg,방전,NG,1588,0,0,0.1227
Test07_NG_dchg,방전,NG,1589,0,0,0.1126
Test07_NG_dchg,방전,NG,1590,0,0,0.1126
Test07_NG_dchg,방전,NG,1591,0,0,0.1541
Test07_NG_dchg,방전,NG,1592,0,0,0.1127
Test07_NG_dchg,방전,NG,1593,0,0,0.1126
Test07_NG_dchg,방전,NG,1594,0,0,0.1541
Test07_NG_dchg,방전,NG,1595,0,0,0.2037
Test07_NG_dchg,방전,NG,1596,0,0,0.1127
Test07_NG_dchg,방전,NG,1597,0,0,0.1226
Test07_NG_dchg,방전,NG,1598,0,0,0.1126
Test07_NG_dchg,방전,NG,1599,0,0,0.1126
Test07_NG_dchg,방전,NG,1600,0,0,0.1226
Test07_NG_dchg,방전,NG,1601,0,0,0.1126
Test07_NG_dchg,방전,NG,1602,0,0,0.1127
Test07_NG_dchg,방전,NG,1603,0,0,0.1126
Test07_NG_dchg,방전,NG,1604,0,0,0.1126
Test07_NG_dchg,방전,NG,1605,0,0,0.2037
Test07_NG_dchg,방전,NG,1606,0,0,0.1126
Test07_NG_dchg,방전,NG,1607,0,0,0.1126
Test07_NG_dchg,방전,NG,1608,0,0,0.1126
Test07_NG_dchg,방전,NG,1609,0,0,0.1126
Test07_NG_dchg,방전,NG,1610,0,0,0.1126
Test07_NG_dchg,방전,NG,1611,0,0,0.1126
Test07_NG_dchg,방전,NG,1612,0,0,0.1126
Test07_NG_dchg,방전,NG,1613,0,0,0.1127
Test07_NG_dchg,방전,NG,1614,0,0,0.1126
Test07_NG_dchg,방전,NG,1615,0,0,0.1127
Test07_NG_dchg,방전,NG,1616,0,0,0.1127
Test07_NG_dchg,방전,NG,1617,0,0,0.1127
Test07_NG_dchg,방전,NG,1618,0,0,0.1126
Test07_NG_dchg,방전,NG,1619,0,0,0.1126
Test07_NG_dchg,방전,NG,1620,0,0,0.1126
Test07_NG_dchg,방전,NG,1621,0,0,0.1126
Test07_NG_dchg,방전,NG,1622,0,0,0.1126
Test07_NG_dchg,방전,NG,1623,0,0,0.1126
Test07_NG_dchg,방전,NG,1624,0,0,0.1126
Test07_NG_dchg,방전,NG,1625,0,0,0.1126
Test07_NG_dchg,방전,NG,1626,0,0,0.2512
Test07_NG_dchg,방전,NG,1627,0,0,0.1126
Test07_NG_dchg,방전,NG,1628,0,0,0.1126
Test07_NG_dchg,방전,NG,1629,0,0,0.1541
Test07_NG_dchg,방전,NG,1630,0,0,0.1127
Test07_NG_dchg,방전,NG,1631,0,0,0.1126
Test07_NG_dchg,방전,NG,1632,0,0,0.1126
Test07_NG_dchg,방전,NG,1633,0,0,0.1127
Test07_NG_dchg,방전,NG,1634,0,0,0.1126
Test07_NG_dchg,방전,NG,1635,0,0,0.1126
Test07_NG_dchg,방전,NG,1636,0,0,0.1126
Test07_NG_dchg,방전,NG,1637,0,0,0.1126
Test07_NG_dchg,방전,NG,1638,0,0,0.1126
Test07_NG_dchg,방전,NG,1639,0,0,0.1226
Test07_NG_dchg,방전,NG,1640,0,0,0.1126
Test07_NG_dchg,방전,NG,1641,0,0,0.1127
Test07_NG_dchg,방전,NG,1642,0,0,0.1226
Test07_NG_dchg,방전,NG,1643,0,0,0.2037
Test07_NG_dchg,방전,NG,1644,0,0,0.1126
Test07_NG_dchg,방전,NG,1645,0,0,0.1126
Test07_NG_dchg,방전,NG,1646,0,0,0.1127
Test07_NG_dchg,방전,NG,1647,0,0,0.1126
Test07_NG_dchg,방전,NG,1648,0,0,0.1127
Test07_NG_dchg,방전,NG,1649,0,0,0.1126
Test07_NG_dchg,방전,NG,1650,0,0,0.1126
Test07_NG_dchg,방전,NG,1651,0,0,0.1126
Test07_NG_dchg,방전,NG,1652,0,0,0.1126
Test07_NG_dchg,방전,NG,1653,0,0,0.1126
Test07_NG_dchg,방전,NG,1654,0,0,0.1126
Test07_NG_dchg,방전,NG,1655,0,0,0.1127
Test07_NG_dchg,방전,NG,1656,0,0,0.1126
Test07_NG_dchg,방전,NG,1657,0,0,0.1126
Test07_NG_dchg,방전,NG,1658,0,0,0.1127
Test07_NG_dchg,방전,NG,1659,0,0,0.1653
Test07_NG_dchg,방전,NG,1660,0,0,0.1126
Test07_NG_dchg,방전,NG,1661,0,0,0.1126
Test07_NG_dchg,방전,NG,1662,0,0,0.1126
Test07_NG_dchg,방전,NG,1663,0,0,0.1226
Test07_NG_dchg,방전,NG,1664,0,0,0.1127
Test07_NG_dchg,방전,NG,1665,0,0,0.1126
Test07_NG_dchg,방전,NG,1666,0,0,0.1126
Test07_NG_dchg,방전,NG,1667,0,0,0.1126
Test07_NG_dchg,방전,NG,1668,0,0,0.1126
Test07_NG_dchg,방전,NG,1669,0,0,0.1126
Test07_NG_dchg,방전,NG,1670,0,0,0.1127
Test07_NG_dchg,방전,NG,1671,0,0,0.1126
Test07_NG_dchg,방전,NG,1672,0,0,0.1126
Test07_NG_dchg,방전,NG,1673,0,0,0.1127
Test07_NG_dchg,방전,NG,1674,0,0,0.1126
Test07_NG_dchg,방전,NG,1675,0,0,0.1126
Test07_NG_dchg,방전,NG,1676,0,0,0.1127
Test07_NG_dchg,방전,NG,1677,0,0,0.1126
Test07_NG_dchg,방전,NG,1678,0,0,0.1126
Test07_NG_dchg,방전,NG,1679,0,0,0.1126
Test07_NG_dchg,방전,NG,1680,0,0,0.1126
Test07_NG_dchg,방전,NG,1681,0,0,0.1126
Test07_NG_dchg,방전,NG,1682,0,0,0.1126
Test07_NG_dchg,방전,NG,1683,0,0,0.1127
Test07_NG_dchg,방전,NG,1684,0,0,0.2512
Test07_NG_dchg,방전,NG,1685,0,0,0.1126
Test07_NG_dchg,방전,NG,1686,0,0,0.1127
Test07_NG_dchg,방전,NG,1687,0,0,0.1126
Test07_NG_dchg,방전,NG,1688,0,0,0.1126
Test07_NG_dchg,방전,NG,1689,0,0,0.1127
Test07_NG_dchg,방전,NG,1690,0,0,0.1126
Test07_NG_dchg,방전,NG,1691,0,0,0.1126
Test07_NG_dchg,방전,NG,1692,0,0,0.1226
Test07_NG_dchg,방전,NG,1693,0,0,0.1126
Test07_NG_dchg,방전,NG,1694,0,0,0.1126
Test07_NG_dchg,방전,NG,1695,0,0,0.1541
Test07_NG_dchg,방전,NG,1696,0,0,0.1126
Test07_NG_dchg,방전,NG,1697,0,0,0.1126
Test07_NG_dchg,방전,NG,1698,0,0,0.1126
Test07_NG_dchg,방전,NG,1699,0,0,0.1126
Test07_NG_dchg,방전,NG,1700,0,0,0.1127
Test07_NG_dchg,방전,NG,1701,0,0,0.1127
Test07_NG_dchg,방전,NG,1702,0,0,0.1126
Test07_NG_dchg,방전,NG,1703,0,0,0.1126
Test07_NG_dchg,방전,NG,1704,0,0,0.1126
Test07_NG_dchg,방전,NG,1705,0,0,0.1126
Test07_NG_dchg,방전,NG,1706,0,0,0.1126
Test07_NG_dchg,방전,NG,1707,0,0,0.1126
Test07_NG_dchg,방전,NG,1708,0,0,0.1126
Test07_NG_dchg,방전,NG,1709,0,0,0.1127
Test07_NG_dchg,방전,NG,1710,0,0,0.1126
Test07_NG_dchg,방전,NG,1711,0,0,0.1126
Test07_NG_dchg,방전,NG,1712,0,0,0.1226
Test07_NG_dchg,방전,NG,1713,0,0,0.1653
Test07_NG_dchg,방전,NG,1714,0,0,0.1126
Test07_NG_dchg,방전,NG,1715,0,0,0.2419
Test07_NG_dchg,방전,NG,1716,0,0,0.1126
Test07_NG_dchg,방전,NG,1717,0,0,0.1126
Test07_NG_dchg,방전,NG,1718,0,0,0.1126
Test07_NG_dchg,방전,NG,1719,0,0,0.1127
Test07_NG_dchg,방전,NG,1720,0,0,0.1126
Test07_NG_dchg,방전,NG,1721,0,0,0.1226
Test07_NG_dchg,방전,NG,1722,0,0,0.1126
Test07_NG_dchg,방전,NG,1723,0,0,0.1126
Test07_NG_dchg,방전,NG,1724,0,0,0.1126
Test07_NG_dchg,방전,NG,1725,0,0,0.1126
Test07_NG_dchg,방전,NG,1726,0,0,0.1126
Test07_NG_dchg,방전,NG,1727,0,0,0.1126
Test07_NG_dchg,방전,NG,1728,0,0,0.1226
Test07_NG_dchg,방전,NG,1729,0,0,0.1126
Test07_NG_dchg,방전,NG,1730,0,0,0.1126
Test07_NG_dchg,방전,NG,1731,0,0,0.1126
Test07_NG_dchg,방전,NG,1732,0,0,0.1126
Test07_NG_dchg,방전,NG,1733,0,0,0.1126
Test07_NG_dchg,방전,NG,1734,0,0,0.1126
Test07_NG_dchg,방전,NG,1735,0,0,0.1126
Test07_NG_dchg,방전,NG,1736,0,0,0.1126
Test07_NG_dchg,방전,NG,1737,0,0,0.1541
Test07_NG_dchg,방전,NG,1738,0,0,0.1126
Test07_NG_dchg,방전,NG,1739,0,0,0.1126
Test07_NG_dchg,방전,NG,1740,0,0,0.1126
Test07_NG_dchg,방전,NG,1741,0,0,0.1126
Test07_NG_dchg,방전,NG,1742,0,0,0.1127
Test07_NG_dchg,방전,NG,1743,0,0,0.1126
Test07_NG_dchg,방전,NG,1744,0,0,0.1126
Test07_NG_dchg,방전,NG,1745,0,0,0.1126
Test07_NG_dchg,방전,NG,1746,0,0,0.1126
Test07_NG_dchg,방전,NG,1747,0,0,0.1126
Test07_NG_dchg,방전,NG,1748,0,0,0.1126
Test07_NG_dchg,방전,NG,1749,0,0,0.1126
Test07_NG_dchg,방전,NG,1750,0,0,0.2419
Test07_NG_dchg,방전,NG,1751,0,0,0.1127
Test07_NG_dchg,방전,NG,1752,0,0,0.1126
Test07_NG_dchg,방전,NG,1753,0,0,0.1126
Test07_NG_dchg,방전,NG,1754,0,0,0.1127
Test07_NG_dchg,방전,NG,1755,0,0,0.1126
Test07_NG_dchg,방전,NG,1756,0,0,0.1126
Test07_NG_dchg,방전,NG,1757,0,0,0.1126
Test07_NG_dchg,방전,NG,1758,0,0,0.1126
Test07_NG_dchg,방전,NG,1759,0,0,0.1126
Test07_NG_dchg,방전,NG,1760,0,0,0.1653
Test07_NG_dchg,방전,NG,1761,0,0,0.1126
Test07_NG_dchg,방전,NG,1762,0,0,0.1126
Test07_NG_dchg,방전,NG,1763,0,0,0.1126
Test07_NG_dchg,방전,NG,1764,0,0,0.1126
Test07_NG_dchg,방전,NG,1765,0,0,0.1126
Test07_NG_dchg,방전,NG,1766,0,0,0.1127
Test07_NG_dchg,방전,NG,1767,0,0,0.1127
Test07_NG_dchg,방전,NG,1768,0,0,0.1126
Test07_NG_dchg,방전,NG,1769,0,0,0.1126
Test07_NG_dchg,방전,NG,1770,0,0,0.1127
Test07_NG_dchg,방전,NG,1771,0,0,0.1126
Test07_NG_dchg,방전,NG,1772,0,0,0.1126
Test07_NG_dchg,방전,NG,1773,0,0,0.1126
Test07_NG_dchg,방전,NG,1774,0,0,0.1126
Test07_NG_dchg,방전,NG,1775,0,0,0.1126
Test07_NG_dchg,방전,NG,1776,0,0,0.1126
Test07_NG_dchg,방전,NG,1777,0,0,0.1126
Test07_NG_dchg,방전,NG,1778,0,0,0.1226
Test07_NG_dchg,방전,NG,1779,0,0,0.1126
Test07_NG_dchg,방전,NG,1780,0,0,0.1126
Test07_NG_dchg,방전,NG,1781,0,0,0.1127
Test07_NG_dchg,방전,NG,1782,0,0,0.1126
Test07_NG_dchg,방전,NG,1783,0,0,0.1126
Test07_NG_dchg,방전,NG,1784,0,0,0.1126
Test07_NG_dchg,방전,NG,1785,0,0,0.1226
Test07_NG_dchg,방전,NG,1786,0,0,0.1126
Test07_NG_dchg,방전,NG,1787,0,0,0.1541
Test07_NG_dchg,방전,NG,1788,0,0,0.1126
Test07_NG_dchg,방전,NG,1789,0,0,0.1126
Test07_NG_dchg,방전,NG,1790,0,0,0.1126
Test07_NG_dchg,방전,NG,1791,0,0,0.1126
Test07_NG_dchg,방전,NG,1792,0,0,0.1126
Test07_NG_dchg,방전,NG,1793,0,0,0.1126
Test07_NG_dchg,방전,NG,1794,0,0,0.1126
Test07_NG_dchg,방전,NG,1795,0,0,0.1126
Test07_NG_dchg,방전,NG,1796,0,0,0.1541
Test07_NG_dchg,방전,NG,1797,0,0,0.1653
Test07_NG_dchg,방전,NG,1798,0,0,0.1127
Test07_NG_dchg,방전,NG,1799,0,0,0.1127
Test07_NG_dchg,방전,NG,1800,0,0,0.1126
Test07_NG_dchg,방전,NG,1801,0,0,0.1126
Test07_NG_dchg,방전,NG,1802,0,0,0.1126
Test07_NG_dchg,방전,NG,1803,0,0,0.1126
Test07_NG_dchg,방전,NG,1804,0,0,0.1226
Test07_NG_dchg,방전,NG,1805,0,0,0.1126
Test07_NG_dchg,방전,NG,1806,0,0,0.1653
Test07_NG_dchg,방전,NG,1807,0,0,0.1126
Test07_NG_dchg,방전,NG,1808,0,0,0.1126
Test07_NG_dchg,방전,NG,1809,0,0,0.1126
Test07_NG_dchg,방전,NG,1810,0,0,0.1126
Test07_NG_dchg,방전,NG,1811,0,0,0.1127
Test07_NG_dchg,방전,NG,1812,0,0,0.1127
Test07_NG_dchg,방전,NG,1813,0,0,0.1127
Test07_NG_dchg,방전,NG,1814,0,0,0.1127
Test07_NG_dchg,방전,NG,1815,0,0,0.1127
Test07_NG_dchg,방전,NG,1816,0,0,0.1126
Test07_NG_dchg,방전,NG,1817,0,0,0.1126
Test07_NG_dchg,방전,NG,1818,0,0,0.1126
Test07_NG_dchg,방전,NG,1819,0,0,0.1126
Test07_NG_dchg,방전,NG,1820,0,0,0.1126
Test07_NG_dchg,방전,NG,1821,0,0,0.1127
Test07_NG_dchg,방전,NG,1822,0,0,0.1126
Test07_NG_dchg,방전,NG,1823,0,0,0.1126
Test07_NG_dchg,방전,NG,1824,0,0,0.1126
Test07_NG_dchg,방전,NG,1825,0,0,0.1126
Test07_NG_dchg,방전,NG,1826,0,0,0.1126
Test07_NG_dchg,방전,NG,1827,0,0,0.1126
Test07_NG_dchg,방전,NG,1828,0,0,0.1126
Test07_NG_dchg,방전,NG,1829,0,0,0.1126
Test07_NG_dchg,방전,NG,1830,0,0,0.1126
Test07_NG_dchg,방전,NG,1831,0,0,0.1127
Test07_NG_dchg,방전,NG,1832,0,0,0.1127
Test07_NG_dchg,방전,NG,1833,0,0,0.1126
Test07_NG_dchg,방전,NG,1834,0,0,0.1126
Test07_NG_dchg,방전,NG,1835,0,0,0.1126
Test07_NG_dchg,방전,NG,1836,0,0,0.1126
Test07_NG_dchg,방전,NG,1837,0,0,0.1127
Test07_NG_dchg,방전,NG,1838,0,0,0.1127
Test07_NG_dchg,방전,NG,1839,0,0,0.1126
Test07_NG_dchg,방전,NG,1840,0,0,0.1126
Test07_NG_dchg,방전,NG,1841,0,0,0.1126
Test07_NG_dchg,방전,NG,1842,0,0,0.1126
Test07_NG_dchg,방전,NG,1843,0,0,0.1126
Test07_NG_dchg,방전,NG,1844,0,0,0.1126
Test07_NG_dchg,방전,NG,1845,0,0,0.1126
Test07_NG_dchg,방전,NG,1846,0,0,0.1127
Test07_NG_dchg,방전,NG,1847,0,0,0.1126
Test07_NG_dchg,방전,NG,1848,0,0,0.1126
Test07_NG_dchg,방전,NG,1849,0,0,0.1126
Test07_NG_dchg,방전,NG,1850,0,0,0.1126
Test07_NG_dchg,방전,NG,1851,0,0,0.1126
Test07_NG_dchg,방전,NG,1852,0,0,0.1126
Test07_NG_dchg,방전,NG,1853,0,0,0.1126
Test07_NG_dchg,방전,NG,1854,0,0,0.1126
Test07_NG_dchg,방전,NG,1855,0,0,0.1126
Test07_NG_dchg,방전,NG,1856,0,0,0.1126
Test07_NG_dchg,방전,NG,1857,0,0,0.1126
Test07_NG_dchg,방전,NG,1858,0,0,0.1126
Test07_NG_dchg,방전,NG,1859,0,0,0.1126
Test07_NG_dchg,방전,NG,1860,0,0,0.1126
Test07_NG_dchg,방전,NG,1861,0,0,0.1126
Test07_NG_dchg,방전,NG,1862,0,0,0.1127
Test07_NG_dchg,방전,NG,1863,0,0,0.1126
Test07_NG_dchg,방전,NG,1864,0,0,0.1126
Test07_NG_dchg,방전,NG,1865,0,0,0.1127
Test07_NG_dchg,방전,NG,1866,0,0,0.1127
Test07_NG_dchg,방전,NG,1867,0,0,0.1127
Test07_NG_dchg,방전,NG,1868,0,0,0.1126
Test07_NG_dchg,방전,NG,1869,0,0,0.1126
Test07_NG_dchg,방전,NG,1870,0,0,0.1126
Test07_NG_dchg,방전,NG,1871,0,0,0.1126
Test07_NG_dchg,방전,NG,1872,0,0,0.1126
Test07_NG_dchg,방전,NG,1873,0,0,0.1126
Test07_NG_dchg,방전,NG,1874,0,0,0.1126
Test07_NG_dchg,방전,NG,1875,0,0,0.1126
Test07_NG_dchg,방전,NG,1876,0,0,0.1126
Test07_NG_dchg,방전,NG,1877,0,0,0.1126
Test07_NG_dchg,방전,NG,1878,0,0,0.1127
Test07_NG_dchg,방전,NG,1879,0,0,0.1226
Test07_NG_dchg,방전,NG,1880,0,0,0.1126
Test07_NG_dchg,방전,NG,1881,0,0,0.1126
Test07_NG_dchg,방전,NG,1882,0,0,0.1126
Test07_NG_dchg,방전,NG,1883,0,0,0.1226
Test07_NG_dchg,방전,NG,1884,0,0,0.1126
Test07_NG_dchg,방전,NG,1885,0,0,0.1126
Test07_NG_dchg,방전,NG,1886,0,0,0.1126
Test07_NG_dchg,방전,NG,1887,0,0,0.1541
Test07_NG_dchg,방전,NG,1888,0,0,0.1126
Test07_NG_dchg,방전,NG,1889,0,0,0.1126
Test07_NG_dchg,방전,NG,1890,0,0,0.1126
Test07_NG_dchg,방전,NG,1891,0,0,0.1126
Test07_NG_dchg,방전,NG,1892,0,0,0.1126
Test07_NG_dchg,방전,NG,1893,0,0,0.1126
Test07_NG_dchg,방전,NG,1894,0,0,0.1126
Test07_NG_dchg,방전,NG,1895,0,0,0.1653
Test07_NG_dchg,방전,NG,1896,0,0,0.1126
Test07_NG_dchg,방전,NG,1897,0,0,0.1127
Test07_NG_dchg,방전,NG,1898,0,0,0.1126
Test07_NG_dchg,방전,NG,1899,0,0,0.1126
Test07_NG_dchg,방전,NG,1900,0,0,0.1126
Test07_NG_dchg,방전,NG,1901,0,0,0.1126
Test07_NG_dchg,방전,NG,1902,0,0,0.1126
Test07_NG_dchg,방전,NG,1903,0,0,0.1126
Test07_NG_dchg,방전,NG,1904,0,0,0.1126
Test07_NG_dchg,방전,NG,1905,0,0,0.1127
Test07_NG_dchg,방전,NG,1906,0,0,0.1126
Test07_NG_dchg,방전,NG,1907,0,0,0.1127
Test07_NG_dchg,방전,NG,1908,0,0,0.1126
Test07_NG_dchg,방전,NG,1909,0,0,0.1126
Test07_NG_dchg,방전,NG,1910,0,0,0.1126
Test07_NG_dchg,방전,NG,1911,0,0,0.1127
Test07_NG_dchg,방전,NG,1912,0,0,0.1126
Test07_NG_dchg,방전,NG,1913,0,0,0.1126
Test07_NG_dchg,방전,NG,1914,0,0,0.1127
Test07_NG_dchg,방전,NG,1915,0,0,0.1126
Test07_NG_dchg,방전,NG,1916,0,0,0.1653
Test07_NG_dchg,방전,NG,1917,0,0,0.1126
Test07_NG_dchg,방전,NG,1918,0,0,0.1126
Test07_NG_dchg,방전,NG,1919,0,0,0.1126
Test07_NG_dchg,방전,NG,1920,0,0,0.1127
Test07_NG_dchg,방전,NG,1921,0,0,0.1126
Test07_NG_dchg,방전,NG,1922,0,0,0.1127
Test07_NG_dchg,방전,NG,1923,0,0,0.1126
Test07_NG_dchg,방전,NG,1924,0,0,0.1126
Test07_NG_dchg,방전,NG,1925,0,0,0.1126
Test07_NG_dchg,방전,NG,1926,0,0,0.1126
Test07_NG_dchg,방전,NG,1927,0,0,0.1126
Test07_NG_dchg,방전,NG,1928,0,0,0.1126
Test07_NG_dchg,방전,NG,1929,0,0,0.1126
Test07_NG_dchg,방전,NG,1930,0,0,0.1039
Test07_NG_dchg,방전,NG,1931,0,0,0.1126
Test07_NG_dchg,방전,NG,1932,0,0,0.1127
Test07_NG_dchg,방전,NG,1933,0,0,0.1127
Test07_NG_dchg,방전,NG,1934,0,0,0.1653
Test07_NG_dchg,방전,NG,1935,0,0,0.1226
Test07_NG_dchg,방전,NG,1936,0,0,0.1126
Test07_NG_dchg,방전,NG,1937,0,0,0.1126
Test07_NG_dchg,방전,NG,1938,0,0,0.1126
Test07_NG_dchg,방전,NG,1939,0,0,0.1126
Test07_NG_dchg,방전,NG,1940,0,0,0.1126
Test07_NG_dchg,방전,NG,1941,0,0,0.1126
Test07_NG_dchg,방전,NG,1942,0,0,0.1126
Test07_NG_dchg,방전,NG,1943,0,0,0.1126
Test07_NG_dchg,방전,NG,1944,0,0,0.1126
Test07_NG_dchg,방전,NG,1945,0,0,0.1126
Test07_NG_dchg,방전,NG,1946,0,0,0.1127
Test07_NG_dchg,방전,NG,1947,0,0,0.1126
Test07_NG_dchg,방전,NG,1948,0,0,0.1126
Test07_NG_dchg,방전,NG,1949,0,0,0.1126
Test07_NG_dchg,방전,NG,1950,0,0,0.1127
Test07_NG_dchg,방전,NG,1951,0,0,0.1126
Test07_NG_dchg,방전,NG,1952,0,0,0.1126
Test07_NG_dchg,방전,NG,1953,0,0,0.1126
Test07_NG_dchg,방전,NG,1954,0,0,0.1126
Test07_NG_dchg,방전,NG,1955,0,0,0.1126
Test07_NG_dchg,방전,NG,1956,0,0,0.1127
Test07_NG_dchg,방전,NG,1957,0,0,0.1126
Test07_NG_dchg,방전,NG,1958,0,0,0.1126
Test07_NG_dchg,방전,NG,1959,0,0,0.1126
Test07_NG_dchg,방전,NG,1960,0,0,0.1126
Test07_NG_dchg,방전,NG,1961,0,0,0.1126
Test07_NG_dchg,방전,NG,1962,0,0,0.1126
Test07_NG_dchg,방전,NG,1963,0,0,0.1126
Test07_NG_dchg,방전,NG,1964,0,0,0.1126
Test07_NG_dchg,방전,NG,1965,0,0,0.1126
Test07_NG_dchg,방전,NG,1966,0,0,0.1127
Test07_NG_dchg,방전,NG,1967,0,0,0.1126
Test07_NG_dchg,방전,NG,1968,0,0,0.1126
Test07_NG_dchg,방전,NG,1969,0,0,0.1126
Test07_NG_dchg,방전,NG,1970,0,0,0.1126
Test07_NG_dchg,방전,NG,1971,0,0,0.1126
Test07_NG_dchg,방전,NG,1972,0,0,0.1126
Test07_NG_dchg,방전,NG,1973,0,0,0.1126
Test07_NG_dchg,방전,NG,1974,0,0,0.1126
Test07_NG_dchg,방전,NG,1975,0,0,0.1226
Test07_NG_dchg,방전,NG,1976,0,0,0.1126
Test07_NG_dchg,방전,NG,1977,0,0,0.1126
Test07_NG_dchg,방전,NG,1978,0,0,0.1126
Test07_NG_dchg,방전,NG,1979,0,0,0.1126
Test07_NG_dchg,방전,NG,1980,0,0,0.1126
Test07_NG_dchg,방전,NG,1981,0,0,0.1126
Test07_NG_dchg,방전,NG,1982,0,0,0.1126
Test07_NG_dchg,방전,NG,1983,0,0,0.1126
Test07_NG_dchg,방전,NG,1984,0,0,0.1127
Test07_NG_dchg,방전,NG,1985,0,0,0.1127
Test07_NG_dchg,방전,NG,1986,0,0,0.1126
Test07_NG_dchg,방전,NG,1987,0,0,0.1126
Test07_NG_dchg,방전,NG,1988,0,0,0.1126
Test07_NG_dchg,방전,NG,1989,0,0,0.1126
Test07_NG_dchg,방전,NG,1990,0,0,0.1126
Test07_NG_dchg,방전,NG,1991,0,0,0.1126
Test07_NG_dchg,방전,NG,1992,0,0,0.1126
Test07_NG_dchg,방전,NG,1993,0,0,0.1126
Test07_NG_dchg,방전,NG,1994,0,0,0.1126
Test07_NG_dchg,방전,NG,1995,0,0,0.1126
Test07_NG_dchg,방전,NG,1996,0,0,0.1126
Test07_NG_dchg,방전,NG,1997,0,0,0.1126
Test07_NG_dchg,방전,NG,1998,0,0,0.1127
Test07_NG_dchg,방전,NG,1999,0,0,0.1126
Test07_NG_dchg,방전,NG,2000,0,0,0.1126
Test07_NG_dchg,방전,NG,2001,0,0,0.1126
Test07_NG_dchg,방전,NG,2002,0,0,0.1126
Test07_NG_dchg,방전,NG,2003,0,0,0.1126
Test07_NG_dchg,방전,NG,2004,0,0,0.1126
Test07_NG_dchg,방전,NG,2005,0,0,0.1126
Test07_NG_dchg,방전,NG,2006,0,0,0.1126
Test07_NG_dchg,방전,NG,2007,0,0,0.1226
Test07_NG_dchg,방전,NG,2008,0,0,0.1126
Test07_NG_dchg,방전,NG,2009,0,0,0.1126
Test07_NG_dchg,방전,NG,2010,0,0,0.1127
Test07_NG_dchg,방전,NG,2011,0,0,0.1126
Test07_NG_dchg,방전,NG,2012,0,0,0.1126
Test07_NG_dchg,방전,NG,2013,0,0,0.1126
Test07_NG_dchg,방전,NG,2014,0,0,0.1226
Test07_NG_dchg,방전,NG,2015,0,0,0.1126
Test07_NG_dchg,방전,NG,2016,0,0,0.1126
Test07_NG_dchg,방전,NG,2017,0,0,0.1126
Test07_NG_dchg,방전,NG,2018,0,0,0.1126
Test07_NG_dchg,방전,NG,2019,0,0,0.1126
Test07_NG_dchg,방전,NG,2020,0,0,0.1126
Test07_NG_dchg,방전,NG,2021,0,0,0.1126
Test07_NG_dchg,방전,NG,2022,0,0,0.1126
Test07_NG_dchg,방전,NG,2023,0,0,0.1226
Test07_NG_dchg,방전,NG,2024,0,0,0.1126
Test07_NG_dchg,방전,NG,2025,0,0,0.1126
Test07_NG_dchg,방전,NG,2026,0,0,0.1126
Test07_NG_dchg,방전,NG,2027,0,0,0.1126
Test07_NG_dchg,방전,NG,2028,0,0,0.1126
Test07_NG_dchg,방전,NG,2029,0,0,0.1126
Test07_NG_dchg,방전,NG,2030,0,0,0.1126
Test07_NG_dchg,방전,NG,2031,0,0,0.1126
Test07_NG_dchg,방전,NG,2032,0,0,0.1126
Test07_NG_dchg,방전,NG,2033,0,0,0.1126
Test07_NG_dchg,방전,NG,2034,0,0,0.1126
Test07_NG_dchg,방전,NG,2035,0,0,0.1126
Test07_NG_dchg,방전,NG,2036,0,0,0.1127
Test07_NG_dchg,방전,NG,2037,0,0,0.1126
Test07_NG_dchg,방전,NG,2038,0,0,0.1126
Test07_NG_dchg,방전,NG,2039,0,0,0.1126
Test07_NG_dchg,방전,NG,2040,0,0,0.1126
Test07_NG_dchg,방전,NG,2041,0,0,0.1126
Test07_NG_dchg,방전,NG,2042,0,0,0.1126
Test07_NG_dchg,방전,NG,2043,0,0,0.1126
Test07_NG_dchg,방전,NG,2044,0,0,0.1126
Test07_NG_dchg,방전,NG,2045,0,0,0.1127
Test07_NG_dchg,방전,NG,2046,0,0,0.1127
Test07_NG_dchg,방전,NG,2047,0,0,0.1126
Test07_NG_dchg,방전,NG,2048,0,0,0.1127
Test07_NG_dchg,방전,NG,2049,0,0,0.1226
Test07_NG_dchg,방전,NG,2050,0,0,0.1126
Test07_NG_dchg,방전,NG,2051,0,0,0.1126
Test07_NG_dchg,방전,NG,2052,0,0,0.1126
Test07_NG_dchg,방전,NG,2053,0,0,0.1126
Test07_NG_dchg,방전,NG,2054,0,0,0.1126
Test07_NG_dchg,방전,NG,2055,0,0,0.1126
Test07_NG_dchg,방전,NG,2056,0,0,0.1127
Test07_NG_dchg,방전,NG,2057,0,0,0.1126
Test07_NG_dchg,방전,NG,2058,0,0,0.1127
Test07_NG_dchg,방전,NG,2059,0,0,0.1127
Test07_NG_dchg,방전,NG,2060,0,0,0.1126
Test07_NG_dchg,방전,NG,2061,0,0,0.1126
Test07_NG_dchg,방전,NG,2062,0,0,0.1126
Test07_NG_dchg,방전,NG,2063,0,0,0.1126
Test07_NG_dchg,방전,NG,2064,0,0,0.1127
Test07_NG_dchg,방전,NG,2065,0,0,0.1126
Test07_NG_dchg,방전,NG,2066,0,0,0.1126
Test07_NG_dchg,방전,NG,2067,0,0,0.1126
Test07_NG_dchg,방전,NG,2068,0,0,0.1126
Test07_NG_dchg,방전,NG,2069,0,0,0.1126
Test07_NG_dchg,방전,NG,2070,0,0,0.1126
Test07_NG_dchg,방전,NG,2071,0,0,0.1127
Test07_NG_dchg,방전,NG,2072,0,0,0.1126
Test07_NG_dchg,방전,NG,2073,0,0,0.1126
Test07_NG_dchg,방전,NG,2074,0,0,0.1126
Test07_NG_dchg,방전,NG,2075,0,0,0.1126
Test07_NG_dchg,방전,NG,2076,0,0,0.1127
Test07_NG_dchg,방전,NG,2077,0,0,0.1126
Test07_NG_dchg,방전,NG,2078,0,0,0.1126
Test07_NG_dchg,방전,NG,2079,0,0,0.1126
Test07_NG_dchg,방전,NG,2080,0,0,0.1126
Test07_NG_dchg,방전,NG,2081,0,0,0.1126
Test07_NG_dchg,방전,NG,2082,0,0,0.1126
Test07_NG_dchg,방전,NG,2083,0,0,0.1126
Test07_NG_dchg,방전,NG,2084,0,0,0.1127
Test07_NG_dchg,방전,NG,2085,0,0,0.1126
Test07_NG_dchg,방전,NG,2086,0,0,0.1126
Test07_NG_dchg,방전,NG,2087,0,0,0.1126
Test07_NG_dchg,방전,NG,2088,0,0,0.1127
Test07_NG_dchg,방전,NG,2089,0,0,0.1126
Test07_NG_dchg,방전,NG,2090,0,0,0.1126
Test07_NG_dchg,방전,NG,2091,0,0,0.1126
Test07_NG_dchg,방전,NG,2092,0,0,0.1126
Test07_NG_dchg,방전,NG,2093,0,0,0.1126
Test07_NG_dchg,방전,NG,2094,0,0,0.1126
Test07_NG_dchg,방전,NG,2095,0,0,0.1126
Test07_NG_dchg,방전,NG,2096,0,0,0.1126
Test07_NG_dchg,방전,NG,2097,0,0,0.1126
Test07_NG_dchg,방전,NG,2098,0,0,0.1126
Test07_NG_dchg,방전,NG,2099,0,0,0.1126
Test07_NG_dchg,방전,NG,2100,0,0,0.1127
Test07_NG_dchg,방전,NG,2101,0,0,0.1127
Test07_NG_dchg,방전,NG,2102,0,0,0.1126
Test07_NG_dchg,방전,NG,2103,0,0,0.1126
Test07_NG_dchg,방전,NG,2104,0,0,0.1126
Test07_NG_dchg,방전,NG,2105,0,0,0.1126
Test07_NG_dchg,방전,NG,2106,0,0,0.1127
Test07_NG_dchg,방전,NG,2107,0,0,0.1126
Test07_NG_dchg,방전,NG,2108,0,0,0.1127
Test07_NG_dchg,방전,NG,2109,0,0,0.1126
Test07_NG_dchg,방전,NG,2110,0,0,0.1127
Test07_NG_dchg,방전,NG,2111,0,0,0.1126
Test07_NG_dchg,방전,NG,2112,0,0,0.1126
Test07_NG_dchg,방전,NG,2113,0,0,0.1126
Test07_NG_dchg,방전,NG,2114,0,0,0.1126
Test07_NG_dchg,방전,NG,2115,0,0,0.1126
Test07_NG_dchg,방전,NG,2116,0,0,0.1127
Test07_NG_dchg,방전,NG,2117,0,0,0.1127
Test07_NG_dchg,방전,NG,2118,0,0,0.1126
Test07_NG_dchg,방전,NG,2119,0,0,0.1127
Test07_NG_dchg,방전,NG,2120,0,0,0.1127
Test07_NG_dchg,방전,NG,2121,0,0,0.1127
Test07_NG_dchg,방전,NG,2122,0,0,0.1127
Test07_NG_dchg,방전,NG,2123,0,0,0.1126
Test07_NG_dchg,방전,NG,2124,0,0,0.1126
Test07_NG_dchg,방전,NG,2125,0,0,0.1126
Test07_NG_dchg,방전,NG,2126,0,0,0.1126
Test07_NG_dchg,방전,NG,2127,0,0,0.1126
Test07_NG_dchg,방전,NG,2128,0,0,0.1126
Test07_NG_dchg,방전,NG,2129,0,0,0.1126
Test07_NG_dchg,방전,NG,2130,0,0,0.1126
Test07_NG_dchg,방전,NG,2131,0,0,0.1127
Test07_NG_dchg,방전,NG,2132,0,0,0.1126
Test07_NG_dchg,방전,NG,2133,0,0,0.1126
Test07_NG_dchg,방전,NG,2134,0,0,0.1126
Test07_NG_dchg,방전,NG,2135,0,0,0.1126
Test07_NG_dchg,방전,NG,2136,0,0,0.1127
Test07_NG_dchg,방전,NG,2137,0,0,0.1126
Test07_NG_dchg,방전,NG,2138,0,0,0.1126
Test07_NG_dchg,방전,NG,2139,0,0,0.1127
Test07_NG_dchg,방전,NG,2140,0,0,0.1126
Test07_NG_dchg,방전,NG,2141,0,0,0.1126
Test07_NG_dchg,방전,NG,2142,0,0,0.1126
Test07_NG_dchg,방전,NG,2143,0,0,0.1126
Test07_NG_dchg,방전,NG,2144,0,0,0.1126
Test07_NG_dchg,방전,NG,2145,0,0,0.1126
Test07_NG_dchg,방전,NG,2146,0,0,0.1127
Test07_NG_dchg,방전,NG,2147,0,0,0.1126
Test07_NG_dchg,방전,NG,2148,0,0,0.1226
Test07_NG_dchg,방전,NG,2149,0,0,0.1126
Test07_NG_dchg,방전,NG,2150,0,0,0.1126
Test07_NG_dchg,방전,NG,2151,0,0,0.1126
Test07_NG_dchg,방전,NG,2152,0,0,0.1126
Test07_NG_dchg,방전,NG,2153,0,0,0.1126
Test07_NG_dchg,방전,NG,2154,0,0,0.1126
Test07_NG_dchg,방전,NG,2155,0,0,0.1126
Test07_NG_dchg,방전,NG,2156,0,0,0.1126
Test07_NG_dchg,방전,NG,2157,0,0,0.1126
Test07_NG_dchg,방전,NG,2158,0,0,0.1126
Test07_NG_dchg,방전,NG,2159,0,0,0.1126
Test07_NG_dchg,방전,NG,2160,0,0,0.1126
Test07_NG_dchg,방전,NG,2161,0,0,0.1126
Test07_NG_dchg,방전,NG,2162,0,0,0.1126
Test07_NG_dchg,방전,NG,2163,0,0,0.1126
Test07_NG_dchg,방전,NG,2164,0,0,0.1126
Test07_NG_dchg,방전,NG,2165,0,0,0.1126
Test07_NG_dchg,방전,NG,2166,0,0,0.1127
Test07_NG_dchg,방전,NG,2167,0,0,0.1126
Test07_NG_dchg,방전,NG,2168,0,0,0.1126
Test07_NG_dchg,방전,NG,2169,0,0,0.1127
Test07_NG_dchg,방전,NG,2170,0,0,0.1127
Test07_NG_dchg,방전,NG,2171,0,0,0.1126
Test07_NG_dchg,방전,NG,2172,0,0,0.1126
Test07_NG_dchg,방전,NG,2173,0,0,0.1126
Test07_NG_dchg,방전,NG,2174,0,0,0.1126
Test07_NG_dchg,방전,NG,2175,0,0,0.1127
Test07_NG_dchg,방전,NG,2176,0,0,0.1126
Test07_NG_dchg,방전,NG,2177,0,0,0.1126
Test07_NG_dchg,방전,NG,2178,0,0,0.1226
Test07_NG_dchg,방전,NG,2179,0,0,0.1126
Test07_NG_dchg,방전,NG,2180,0,0,0.1126
Test07_NG_dchg,방전,NG,2181,0,0,0.1127
Test07_NG_dchg,방전,NG,2182,0,0,0.1126
Test07_NG_dchg,방전,NG,2183,0,0,0.1126
Test07_NG_dchg,방전,NG,2184,0,0,0.1126
Test07_NG_dchg,방전,NG,2185,0,0,0.1126
Test07_NG_dchg,방전,NG,2186,0,0,0.1126
Test07_NG_dchg,방전,NG,2187,0,0,0.1126
Test07_NG_dchg,방전,NG,2188,0,0,0.1127
Test07_NG_dchg,방전,NG,2189,0,0,0.1126
Test07_NG_dchg,방전,NG,2190,0,0,0.1126
Test07_NG_dchg,방전,NG,2191,0,0,0.1126
Test07_NG_dchg,방전,NG,2192,0,0,0.1126
Test07_NG_dchg,방전,NG,2193,0,0,0.1126
Test07_NG_dchg,방전,NG,2194,0,0,0.1126
Test07_NG_dchg,방전,NG,2195,0,0,0.1126
Test07_NG_dchg,방전,NG,2196,0,0,0.1226
Test07_NG_dchg,방전,NG,2197,0,0,0.1126
Test07_NG_dchg,방전,NG,2198,0,0,0.1126
Test07_NG_dchg,방전,NG,2199,0,0,0.1126
Test07_NG_dchg,방전,NG,2200,0,0,0.1127
Test07_NG_dchg,방전,NG,2201,0,0,0.1541
Test07_NG_dchg,방전,NG,2202,0,0,0.1126
Test07_NG_dchg,방전,NG,2203,0,0,0.1126
Test07_NG_dchg,방전,NG,2204,0,0,0.1126
Test07_NG_dchg,방전,NG,2205,0,0,0.1126
Test07_NG_dchg,방전,NG,2206,0,0,0.1126
Test07_NG_dchg,방전,NG,2207,0,0,0.1126
Test07_NG_dchg,방전,NG,2208,0,0,0.1126
Test07_NG_dchg,방전,NG,2209,0,0,0.1126
Test07_NG_dchg,방전,NG,2210,0,0,0.1126
Test07_NG_dchg,방전,NG,2211,0,0,0.1126
Test07_NG_dchg,방전,NG,2212,0,0,0.1126
Test07_NG_dchg,방전,NG,2213,0,0,0.1126
Test07_NG_dchg,방전,NG,2214,0,0,0.1126
Test07_NG_dchg,방전,NG,2215,0,0,0.1126
Test07_NG_dchg,방전,NG,2216,0,0,0.1126
Test07_NG_dchg,방전,NG,2217,0,0,0.1127
Test07_NG_dchg,방전,NG,2218,0,0,0.1127
Test07_NG_dchg,방전,NG,2219,0,0,0.1126
Test07_NG_dchg,방전,NG,2220,0,0,0.1126
Test07_NG_dchg,방전,NG,2221,0,0,0.1127
Test07_NG_dchg,방전,NG,2222,0,0,0.1126
Test07_NG_dchg,방전,NG,2223,0,0,0.1126
Test07_NG_dchg,방전,NG,2224,0,0,0.1126
Test07_NG_dchg,방전,NG,2225,0,0,0.1126
Test07_NG_dchg,방전,NG,2226,0,0,0.1126
Test07_NG_dchg,방전,NG,2227,0,0,0.1126
Test07_NG_dchg,방전,NG,2228,0,0,0.1126
Test07_NG_dchg,방전,NG,2229,0,0,0.1126
Test07_NG_dchg,방전,NG,2230,0,0,0.1126
Test07_NG_dchg,방전,NG,2231,0,0,0.1126
Test07_NG_dchg,방전,NG,2232,0,0,0.1126
Test07_NG_dchg,방전,NG,2233,0,0,0.1126
Test07_NG_dchg,방전,NG,2234,0,0,0.1126
Test07_NG_dchg,방전,NG,2235,0,0,0.1226
Test07_NG_dchg,방전,NG,2236,0,0,0.1126
Test07_NG_dchg,방전,NG,2237,0,0,0.1126
Test07_NG_dchg,방전,NG,2238,0,0,0.1126
Test07_NG_dchg,방전,NG,2239,0,0,0.1126
Test07_NG_dchg,방전,NG,2240,0,0,0.1126
Test07_NG_dchg,방전,NG,2241,0,0,0.1127
Test07_NG_dchg,방전,NG,2242,0,0,0.1127
Test07_NG_dchg,방전,NG,2243,0,0,0.1126
Test07_NG_dchg,방전,NG,2244,0,0,0.1126
Test07_NG_dchg,방전,NG,2245,0,0,0.1126
Test07_NG_dchg,방전,NG,2246,0,0,0.1126
Test07_NG_dchg,방전,NG,2247,0,0,0.1126
Test07_NG_dchg,방전,NG,2248,0,0,0.1126
Test07_NG_dchg,방전,NG,2249,0,0,0.1126
Test07_NG_dchg,방전,NG,2250,0,0,0.1126
Test07_NG_dchg,방전,NG,2251,0,0,0.1126
Test07_NG_dchg,방전,NG,2252,0,0,0.1127
Test07_NG_dchg,방전,NG,2253,0,0,0.1126
Test07_NG_dchg,방전,NG,2254,0,0,0.1126
Test07_NG_dchg,방전,NG,2255,0,0,0.1126
Test07_NG_dchg,방전,NG,2256,0,0,0.1126
Test07_NG_dchg,방전,NG,2257,0,0,0.1126
Test07_NG_dchg,방전,NG,2258,0,0,0.1126
Test07_NG_dchg,방전,NG,2259,0,0,0.1126
Test07_NG_dchg,방전,NG,2260,0,0,0.1126
Test07_NG_dchg,방전,NG,2261,0,0,0.1226
Test07_NG_dchg,방전,NG,2262,0,0,0.1126
Test07_NG_dchg,방전,NG,2263,0,0,0.1126
Test07_NG_dchg,방전,NG,2264,0,0,0.1126
Test07_NG_dchg,방전,NG,2265,0,0,0.1126
Test07_NG_dchg,방전,NG,2266,0,0,0.1126
Test07_NG_dchg,방전,NG,2267,0,0,0.1126
Test07_NG_dchg,방전,NG,2268,0,0,0.1126
Test07_NG_dchg,방전,NG,2269,0,0,0.1126
Test07_NG_dchg,방전,NG,2270,0,0,0.1126
Test07_NG_dchg,방전,NG,2271,0,0,0.1126
Test07_NG_dchg,방전,NG,2272,0,0,0.1126
Test07_NG_dchg,방전,NG,2273,0,0,0.1126
Test07_NG_dchg,방전,NG,2274,0,0,0.1126
Test07_NG_dchg,방전,NG,2275,0,0,0.1126
Test07_NG_dchg,방전,NG,2276,0,0,0.1126
Test07_NG_dchg,방전,NG,2277,0,0,0.1127
Test07_NG_dchg,방전,NG,2278,0,0,0.1126
Test07_NG_dchg,방전,NG,2279,0,0,0.1126
Test07_NG_dchg,방전,NG,2280,0,0,0.1126
Test07_NG_dchg,방전,NG,2281,0,0,0.1126
Test07_NG_dchg,방전,NG,2282,0,0,0.1126
Test07_NG_dchg,방전,NG,2283,0,0,0.1126
Test07_NG_dchg,방전,NG,2284,0,0,0.1127
Test07_NG_dchg,방전,NG,2285,0,0,0.1126
Test07_NG_dchg,방전,NG,2286,0,0,0.1126
Test07_NG_dchg,방전,NG,2287,0,0,0.1126
Test07_NG_dchg,방전,NG,2288,0,0,0.1541
Test07_NG_dchg,방전,NG,2289,0,0,0.1127
Test07_NG_dchg,방전,NG,2290,0,0,0.1126
Test07_NG_dchg,방전,NG,2291,0,0,0.1127
Test07_NG_dchg,방전,NG,2292,0,0,0.1126
Test07_NG_dchg,방전,NG,2293,0,0,0.1126
Test07_NG_dchg,방전,NG,2294,0,0,0.1127
Test07_NG_dchg,방전,NG,2295,0,0,0.1126
Test07_NG_dchg,방전,NG,2296,0,0,0.1126
Test07_NG_dchg,방전,NG,2297,0,0,0.1126
Test07_NG_dchg,방전,NG,2298,0,0,0.1126
Test07_NG_dchg,방전,NG,2299,0,0,0.1126
Test07_NG_dchg,방전,NG,2300,0,0,0.2419
Test07_NG_dchg,방전,NG,2301,0,0,0.1126
Test07_NG_dchg,방전,NG,2302,0,0,0.1126
Test07_NG_dchg,방전,NG,2303,0,0,0.1126
Test07_NG_dchg,방전,NG,2304,0,0,0.1126
Test07_NG_dchg,방전,NG,2305,0,0,0.1126
Test07_NG_dchg,방전,NG,2306,0,0,0.1126
Test07_NG_dchg,방전,NG,2307,0,0,0.1126
Test07_NG_dchg,방전,NG,2308,0,0,0.1126
Test07_NG_dchg,방전,NG,2309,0,0,0.1126
Test07_NG_dchg,방전,NG,2310,0,0,0.1126
Test07_NG_dchg,방전,NG,2311,0,0,0.1126
Test07_NG_dchg,방전,NG,2312,0,0,0.1127
Test07_NG_dchg,방전,NG,2313,0,0,0.1126
Test07_NG_dchg,방전,NG,2314,0,0,0.1126
Test07_NG_dchg,방전,NG,2315,0,0,0.1127
Test07_NG_dchg,방전,NG,2316,0,0,0.1126
Test07_NG_dchg,방전,NG,2317,0,0,0.1126
Test07_NG_dchg,방전,NG,2318,0,0,0.1126
Test07_NG_dchg,방전,NG,2319,0,0,0.1226
Test07_NG_dchg,방전,NG,2320,0,0,0.1126
Test07_NG_dchg,방전,NG,2321,0,0,0.1127
Test07_NG_dchg,방전,NG,2322,0,0,0.1126
Test07_NG_dchg,방전,NG,2323,0,0,0.1127
Test07_NG_dchg,방전,NG,2324,0,0,0.1126
Test07_NG_dchg,방전,NG,2325,0,0,0.1126
Test07_NG_dchg,방전,NG,2326,0,0,0.1126
Test07_NG_dchg,방전,NG,2327,0,0,0.1127
Test07_NG_dchg,방전,NG,2328,0,0,0.1126
Test07_NG_dchg,방전,NG,2329,0,0,0.1126
Test07_NG_dchg,방전,NG,2330,0,0,0.1126
Test07_NG_dchg,방전,NG,2331,0,0,0.1126
Test07_NG_dchg,방전,NG,2332,0,0,0.1126
Test07_NG_dchg,방전,NG,2333,0,0,0.1126
Test07_NG_dchg,방전,NG,2334,0,0,0.1126
Test07_NG_dchg,방전,NG,2335,0,0,0.1126
Test07_NG_dchg,방전,NG,2336,0,0,0.1126
Test07_NG_dchg,방전,NG,2337,0,0,0.1126
Test07_NG_dchg,방전,NG,2338,0,0,0.1126
Test07_NG_dchg,방전,NG,2339,0,0,0.1126
Test07_NG_dchg,방전,NG,2340,0,0,0.1126
Test07_NG_dchg,방전,NG,2341,0,0,0.1126
Test07_NG_dchg,방전,NG,2342,0,0,0.1227
Test07_NG_dchg,방전,NG,2343,0,0,0.1126
Test07_NG_dchg,방전,NG,2344,0,0,0.1126
Test07_NG_dchg,방전,NG,2345,0,0,0.1126
Test07_NG_dchg,방전,NG,2346,0,0,0.1126
Test07_NG_dchg,방전,NG,2347,0,0,0.1127
Test07_NG_dchg,방전,NG,2348,0,0,0.1127
Test07_NG_dchg,방전,NG,2349,0,0,0.1126
Test07_NG_dchg,방전,NG,2350,0,0,0.1126
Test07_NG_dchg,방전,NG,2351,0,0,0.1126
Test07_NG_dchg,방전,NG,2352,0,0,0.1127
Test07_NG_dchg,방전,NG,2353,0,0,0.1126
Test07_NG_dchg,방전,NG,2354,0,0,0.1126
Test07_NG_dchg,방전,NG,2355,0,0,0.1126
Test07_NG_dchg,방전,NG,2356,0,0,0.1127
Test07_NG_dchg,방전,NG,2357,0,0,0.1126
Test07_NG_dchg,방전,NG,2358,0,0,0.1126
Test07_NG_dchg,방전,NG,2359,0,0,0.1127
Test07_NG_dchg,방전,NG,2360,0,0,0.1127
Test07_NG_dchg,방전,NG,2361,0,0,0.1126
Test07_NG_dchg,방전,NG,2362,0,0,0.1126
Test07_NG_dchg,방전,NG,2363,0,0,0.1126
Test07_NG_dchg,방전,NG,2364,0,0,0.1126
Test07_NG_dchg,방전,NG,2365,0,0,0.1126
Test07_NG_dchg,방전,NG,2366,0,0,0.1126
Test07_NG_dchg,방전,NG,2367,0,0,0.1126
Test07_NG_dchg,방전,NG,2368,0,0,0.1226
Test07_NG_dchg,방전,NG,2369,0,0,0.1127
Test07_NG_dchg,방전,NG,2370,0,0,0.1126
Test07_NG_dchg,방전,NG,2371,0,0,0.1127
Test07_NG_dchg,방전,NG,2372,0,0,0.1126
Test07_NG_dchg,방전,NG,2373,0,0,0.1126
Test07_NG_dchg,방전,NG,2374,0,0,0.1126
Test07_NG_dchg,방전,NG,2375,0,0,0.1126
Test07_NG_dchg,방전,NG,2376,0,0,0.1126
Test07_NG_dchg,방전,NG,2377,0,0,0.1126
Test07_NG_dchg,방전,NG,2378,0,0,0.1127
Test07_NG_dchg,방전,NG,2379,0,0,0.1127
Test07_NG_dchg,방전,NG,2380,0,0,0.1127
Test07_NG_dchg,방전,NG,2381,0,0,0.1126
Test07_NG_dchg,방전,NG,2382,0,0,0.1126
Test07_NG_dchg,방전,NG,2383,0,0,0.1126
Test07_NG_dchg,방전,NG,2384,0,0,0.1127
Test07_NG_dchg,방전,NG,2385,0,0,0.1126
Test07_NG_dchg,방전,NG,2386,0,0,0.1126
Test07_NG_dchg,방전,NG,2387,0,0,0.1127
Test07_NG_dchg,방전,NG,2388,0,0,0.1126
Test07_NG_dchg,방전,NG,2389,0,0,0.1127
Test07_NG_dchg,방전,NG,2390,0,0,0.1126
Test07_NG_dchg,방전,NG,2391,0,0,0.1126
Test07_NG_dchg,방전,NG,2392,0,0,0.1126
Test07_NG_dchg,방전,NG,2393,0,0,0.1126
Test07_NG_dchg,방전,NG,2394,0,0,0.1126
Test07_NG_dchg,방전,NG,2395,0,0,0.1126
Test07_NG_dchg,방전,NG,2396,0,0,0.1126
Test07_NG_dchg,방전,NG,2397,0,0,0.1126
Test07_NG_dchg,방전,NG,2398,0,0,0.1126
Test07_NG_dchg,방전,NG,2399,0,0,0.1126
Test07_NG_dchg,방전,NG,2400,0,0,0.1126
Test07_NG_dchg,방전,NG,2401,0,0,0.1126
Test07_NG_dchg,방전,NG,2402,0,0,0.1126
Test07_NG_dchg,방전,NG,2403,0,0,0.1126
Test07_NG_dchg,방전,NG,2404,0,0,0.1126
Test07_NG_dchg,방전,NG,2405,0,0,0.1126
Test07_NG_dchg,방전,NG,2406,0,0,0.1126
Test07_NG_dchg,방전,NG,2407,0,0,0.1126
Test07_NG_dchg,방전,NG,2408,0,0,0.1126
Test07_NG_dchg,방전,NG,2409,0,0,0.1126
Test07_NG_dchg,방전,NG,2410,0,0,0.1126
Test07_NG_dchg,방전,NG,2411,0,0,0.1126
Test07_NG_dchg,방전,NG,2412,0,0,0.1126
Test07_NG_dchg,방전,NG,2413,0,0,0.1126
Test07_NG_dchg,방전,NG,2414,0,0,0.1126
Test07_NG_dchg,방전,NG,2415,0,0,0.1126
Test07_NG_dchg,방전,NG,2416,0,0,0.1226
Test07_NG_dchg,방전,NG,2417,0,0,0.1126
Test07_NG_dchg,방전,NG,2418,0,0,0.1126
Test07_NG_dchg,방전,NG,2419,0,0,0.1126
Test07_NG_dchg,방전,NG,2420,0,0,0.1126
Test07_NG_dchg,방전,NG,2421,0,0,0.1127
Test07_NG_dchg,방전,NG,2422,0,0,0.1226
Test07_NG_dchg,방전,NG,2423,0,0,0.1126
Test07_NG_dchg,방전,NG,2424,0,0,0.1126
Test07_NG_dchg,방전,NG,2425,0,0,0.1126
Test07_NG_dchg,방전,NG,2426,0,0,0.1127
Test07_NG_dchg,방전,NG,2427,0,0,0.1126
Test07_NG_dchg,방전,NG,2428,0,0,0.1126
Test07_NG_dchg,방전,NG,2429,0,0,0.1127
Test07_NG_dchg,방전,NG,2430,0,0,0.1126
Test07_NG_dchg,방전,NG,2431,0,0,0.1127
Test07_NG_dchg,방전,NG,2432,0,0,0.1126
Test07_NG_dchg,방전,NG,2433,0,0,0.1126
Test07_NG_dchg,방전,NG,2434,0,0,0.1127
Test07_NG_dchg,방전,NG,2435,0,0,0.1126
Test07_NG_dchg,방전,NG,2436,0,0,0.1126
Test07_NG_dchg,방전,NG,2437,0,0,0.1126
Test07_NG_dchg,방전,NG,2438,0,0,0.1126
Test07_NG_dchg,방전,NG,2439,0,0,0.1126
Test07_NG_dchg,방전,NG,2440,0,0,0.1127
Test07_NG_dchg,방전,NG,2441,0,0,0.1126
Test07_NG_dchg,방전,NG,2442,0,0,0.1126
Test07_NG_dchg,방전,NG,2443,0,0,0.1126
Test07_NG_dchg,방전,NG,2444,0,0,0.1126
Test07_NG_dchg,방전,NG,2445,0,0,0.1126
Test07_NG_dchg,방전,NG,2446,0,0,0.1127
Test07_NG_dchg,방전,NG,2447,0,0,0.1126
Test07_NG_dchg,방전,NG,2448,0,0,0.1039
Test07_NG_dchg,방전,NG,2449,0,0,0.1126
Test07_NG_dchg,방전,NG,2450,0,0,0.1126
Test07_NG_dchg,방전,NG,2451,0,0,0.1126
Test07_NG_dchg,방전,NG,2452,0,0,0.1126
Test07_NG_dchg,방전,NG,2453,0,0,0.1126
Test07_NG_dchg,방전,NG,2454,0,0,0.1127
Test07_NG_dchg,방전,NG,2455,0,0,0.1126
Test07_NG_dchg,방전,NG,2456,0,0,0.1126
Test07_NG_dchg,방전,NG,2457,0,0,0.1127
Test07_NG_dchg,방전,NG,2458,0,0,0.1126
Test07_NG_dchg,방전,NG,2459,0,0,0.1126
Test07_NG_dchg,방전,NG,2460,0,0,0.1126
Test07_NG_dchg,방전,NG,2461,0,0,0.1126
Test07_NG_dchg,방전,NG,2462,0,0,0.1126
Test07_NG_dchg,방전,NG,2463,0,0,0.1126
Test07_NG_dchg,방전,NG,2464,0,0,0.1126
Test07_NG_dchg,방전,NG,2465,0,0,0.1126
Test07_NG_dchg,방전,NG,2466,0,0,0.1126
Test07_NG_dchg,방전,NG,2467,0,0,0.1126
Test07_NG_dchg,방전,NG,2468,0,0,0.1126
Test07_NG_dchg,방전,NG,2469,0,0,0.1226
Test07_NG_dchg,방전,NG,2470,0,0,0.1126
Test07_NG_dchg,방전,NG,2471,0,0,0.1126
Test07_NG_dchg,방전,NG,2472,0,0,0.1126
Test07_NG_dchg,방전,NG,2473,0,0,0.1126
Test07_NG_dchg,방전,NG,2474,0,0,0.1126
Test07_NG_dchg,방전,NG,2475,0,0,0.1126
Test07_NG_dchg,방전,NG,2476,0,0,0.1126
Test07_NG_dchg,방전,NG,2477,0,0,0.1126
Test07_NG_dchg,방전,NG,2478,0,0,0.1126
Test07_NG_dchg,방전,NG,2479,0,0,0.1126
Test07_NG_dchg,방전,NG,2480,0,0,0.1126
Test07_NG_dchg,방전,NG,2481,0,0,0.1126
Test07_NG_dchg,방전,NG,2482,0,0,0.1127
Test07_NG_dchg,방전,NG,2483,0,0,0.1127
Test07_NG_dchg,방전,NG,2484,0,0,0.1126
Test07_NG_dchg,방전,NG,2485,0,0,0.1126
Test07_NG_dchg,방전,NG,2486,0,0,0.1126
Test07_NG_dchg,방전,NG,2487,0,0,0.1126
Test07_NG_dchg,방전,NG,2488,0,0,0.1126
Test07_NG_dchg,방전,NG,2489,0,0,0.1126
Test07_NG_dchg,방전,NG,2490,0,0,0.1126
Test07_NG_dchg,방전,NG,2491,0,0,0.1126
Test07_NG_dchg,방전,NG,2492,0,0,0.1541
Test07_NG_dchg,방전,NG,2493,0,0,0.1126
Test07_NG_dchg,방전,NG,2494,0,0,0.1126
Test07_NG_dchg,방전,NG,2495,0,0,0.1126
Test07_NG_dchg,방전,NG,2496,0,0,0.1126
Test07_NG_dchg,방전,NG,2497,0,0,0.1126
Test07_NG_dchg,방전,NG,2498,0,0,0.1126
Test07_NG_dchg,방전,NG,2499,0,0,0.1126
Test07_NG_dchg,방전,NG,2500,0,0,0.1126
Test07_NG_dchg,방전,NG,2501,0,0,0.1126
Test07_NG_dchg,방전,NG,2502,0,0,0.1126
Test07_NG_dchg,방전,NG,2503,0,0,0.1126
Test07_NG_dchg,방전,NG,2504,0,0,0.1126
Test07_NG_dchg,방전,NG,2505,0,0,0.1126
Test07_NG_dchg,방전,NG,2506,0,0,0.1126
Test07_NG_dchg,방전,NG,2507,0,0,0.1127
Test07_NG_dchg,방전,NG,2508,0,0,0.1126
Test07_NG_dchg,방전,NG,2509,0,0,0.1126
Test07_NG_dchg,방전,NG,2510,0,0,0.1127
Test07_NG_dchg,방전,NG,2511,0,0,0.1126
Test07_NG_dchg,방전,NG,2512,0,0,0.1126
Test07_NG_dchg,방전,NG,2513,0,0,0.1126
Test07_NG_dchg,방전,NG,2514,0,0,0.1126
Test07_NG_dchg,방전,NG,2515,0,0,0.1126
Test07_NG_dchg,방전,NG,2516,0,0,0.1126
Test07_NG_dchg,방전,NG,2517,0,0,0.1126
Test07_NG_dchg,방전,NG,2518,0,0,0.1126
Test07_NG_dchg,방전,NG,2519,0,0,0.1127
Test07_NG_dchg,방전,NG,2520,0,0,0.1126
Test07_NG_dchg,방전,NG,2521,0,0,0.1126
Test07_NG_dchg,방전,NG,2522,0,0,0.1126
Test07_NG_dchg,방전,NG,2523,0,0,0.1226
Test07_NG_dchg,방전,NG,2524,0,0,0.1127
Test07_NG_dchg,방전,NG,2525,0,0,0.1126
Test07_NG_dchg,방전,NG,2526,0,0,0.1126
Test07_NG_dchg,방전,NG,2527,0,0,0.1126
Test07_NG_dchg,방전,NG,2528,0,0,0.1126
Test07_NG_dchg,방전,NG,2529,0,0,0.1126
Test07_NG_dchg,방전,NG,2530,0,0,0.1226
Test07_NG_dchg,방전,NG,2531,0,0,0.1126
Test07_NG_dchg,방전,NG,2532,0,0,0.1127
Test07_NG_dchg,방전,NG,2533,0,0,0.1126
Test07_NG_dchg,방전,NG,2534,0,0,0.1126
Test07_NG_dchg,방전,NG,2535,0,0,0.1126
Test07_NG_dchg,방전,NG,2536,0,0,0.1126
Test07_NG_dchg,방전,NG,2537,0,0,0.1126
Test07_NG_dchg,방전,NG,2538,0,0,0.1126
Test07_NG_dchg,방전,NG,2539,0,0,0.1126
Test07_NG_dchg,방전,NG,2540,0,0,0.1126
Test07_NG_dchg,방전,NG,2541,0,0,0.1127
Test07_NG_dchg,방전,NG,2542,0,0,0.1126
Test07_NG_dchg,방전,NG,2543,0,0,0.1127
Test07_NG_dchg,방전,NG,2544,0,0,0.1126
Test07_NG_dchg,방전,NG,2545,0,0,0.1127
Test07_NG_dchg,방전,NG,2546,0,0,0.1126
Test07_NG_dchg,방전,NG,2547,0,0,0.1126
Test07_NG_dchg,방전,NG,2548,0,0,0.1127
Test07_NG_dchg,방전,NG,2549,0,0,0.1127
Test07_NG_dchg,방전,NG,2550,0,0,0.1226
Test07_NG_dchg,방전,NG,2551,0,0,0.1126
Test07_NG_dchg,방전,NG,2552,0,0,0.1126
Test07_NG_dchg,방전,NG,2553,0,0,0.1541
Test07_NG_dchg,방전,NG,2554,0,0,0.1541
Test07_NG_dchg,방전,NG,2555,0,0,0.1126
Test07_NG_dchg,방전,NG,2556,0,0,0.1127
Test07_NG_dchg,방전,NG,2557,0,0,0.1126
Test07_NG_dchg,방전,NG,2558,0,0,0.1126
Test07_NG_dchg,방전,NG,2559,0,0,0.1126
Test07_NG_dchg,방전,NG,2560,0,0,0.1226
Test07_NG_dchg,방전,NG,2561,0,0,0.1226
Test07_NG_dchg,방전,NG,2562,0,0,0.1126
Test07_NG_dchg,방전,NG,2563,0,0,0.1126
Test07_NG_dchg,방전,NG,2564,0,0,0.1126
Test07_NG_dchg,방전,NG,2565,0,0,0.1126
Test07_NG_dchg,방전,NG,2566,0,0,0.1126
Test07_NG_dchg,방전,NG,2567,0,0,0.1126
Test07_NG_dchg,방전,NG,2568,0,0,0.1126
Test07_NG_dchg,방전,NG,2569,0,0,0.1126
Test07_NG_dchg,방전,NG,2570,0,0,0.1226
Test07_NG_dchg,방전,NG,2571,0,0,0.1226
Test07_NG_dchg,방전,NG,2572,0,0,0.1126
Test07_NG_dchg,방전,NG,2573,0,0,0.1126
Test07_NG_dchg,방전,NG,2574,0,0,0.1126
Test07_NG_dchg,방전,NG,2575,0,0,0.1126
Test07_NG_dchg,방전,NG,2576,0,0,0.1126
Test07_NG_dchg,방전,NG,2577,0,0,0.1127
Test07_NG_dchg,방전,NG,2578,0,0,0.1126
Test07_NG_dchg,방전,NG,2579,0,0,0.1126
Test07_NG_dchg,방전,NG,2580,0,0,0.1126
Test07_NG_dchg,방전,NG,2581,0,0,0.1126
Test07_NG_dchg,방전,NG,2582,0,0,0.1226
Test07_NG_dchg,방전,NG,2583,0,0,0.1126
Test07_NG_dchg,방전,NG,2584,0,0,0.1126
Test07_NG_dchg,방전,NG,2585,0,0,0.1126
Test07_NG_dchg,방전,NG,2586,0,0,0.1126
Test07_NG_dchg,방전,NG,2587,0,0,0.1126
Test07_NG_dchg,방전,NG,2588,0,0,0.1126
Test07_NG_dchg,방전,NG,2589,0,0,0.1126
Test07_NG_dchg,방전,NG,2590,0,0,0.1126
Test07_NG_dchg,방전,NG,2591,0,0,0.1126
Test07_NG_dchg,방전,NG,2592,0,0,0.1126
Test07_NG_dchg,방전,NG,2593,0,0,0.1126
Test07_NG_dchg,방전,NG,2594,0,0,0.1127
Test07_NG_dchg,방전,NG,2595,0,0,0.1126
Test07_NG_dchg,방전,NG,2596,0,0,0.1126
Test07_NG_dchg,방전,NG,2597,0,0,0.1127
Test07_NG_dchg,방전,NG,2598,0,0,0.1126
Test07_NG_dchg,방전,NG,2599,0,0,0.1226
Test07_NG_dchg,방전,NG,2600,0,0,0.1126
Test07_NG_dchg,방전,NG,2601,0,0,0.1127
Test07_NG_dchg,방전,NG,2602,0,0,0.1126
Test07_NG_dchg,방전,NG,2603,0,0,0.1126
Test07_NG_dchg,방전,NG,2604,0,0,0.1126
Test07_NG_dchg,방전,NG,2605,0,0,0.1126
Test07_NG_dchg,방전,NG,2606,0,0,0.1126
Test07_NG_dchg,방전,NG,2607,0,0,0.1126
Test07_NG_dchg,방전,NG,2608,0,0,0.1126
Test07_NG_dchg,방전,NG,2609,0,0,0.1126
Test07_NG_dchg,방전,NG,2610,0,0,0.1226
Test07_NG_dchg,방전,NG,2611,0,0,0.1126
Test07_NG_dchg,방전,NG,2612,0,0,0.1126
Test07_NG_dchg,방전,NG,2613,0,0,0.1226
Test07_NG_dchg,방전,NG,2614,0,0,0.1126
Test07_NG_dchg,방전,NG,2615,0,0,0.1126
Test07_NG_dchg,방전,NG,2616,0,0,0.1126
Test07_NG_dchg,방전,NG,2617,0,0,0.1126
Test07_NG_dchg,방전,NG,2618,0,0,0.1126
Test07_NG_dchg,방전,NG,2619,0,0,0.1126
Test07_NG_dchg,방전,NG,2620,0,0,0.1126
Test07_NG_dchg,방전,NG,2621,0,0,0.1126
Test07_NG_dchg,방전,NG,2622,0,0,0.1126
Test07_NG_dchg,방전,NG,2623,0,0,0.1126
Test07_NG_dchg,방전,NG,2624,0,0,0.1226
Test07_NG_dchg,방전,NG,2625,0,0,0.1126
Test07_NG_dchg,방전,NG,2626,0,0,0.1126
Test07_NG_dchg,방전,NG,2627,0,0,0.1126
Test07_NG_dchg,방전,NG,2628,0,0,0.1127
Test07_NG_dchg,방전,NG,2629,0,0,0.1127
Test07_NG_dchg,방전,NG,2630,0,0,0.1126
Test07_NG_dchg,방전,NG,2631,0,0,0.1126
Test07_NG_dchg,방전,NG,2632,0,0,0.1126
Test07_NG_dchg,방전,NG,2633,0,0,0.1126
Test07_NG_dchg,방전,NG,2634,0,0,0.1126
Test07_NG_dchg,방전,NG,2635,0,0,0.1126
Test07_NG_dchg,방전,NG,2636,0,0,0.1127
Test07_NG_dchg,방전,NG,2637,0,0,0.1226
Test07_NG_dchg,방전,NG,2638,0,0,0.1126
Test07_NG_dchg,방전,NG,2639,0,0,0.1126
Test07_NG_dchg,방전,NG,2640,0,0,0.1126
Test07_NG_dchg,방전,NG,2641,0,0,0.1126
Test07_NG_dchg,방전,NG,2642,0,0,0.1541
Test07_NG_dchg,방전,NG,2643,0,0,0.1127
Test07_NG_dchg,방전,NG,2644,0,0,0.1126
Test07_NG_dchg,방전,NG,2645,0,0,0.1126
Test07_NG_dchg,방전,NG,2646,0,0,0.1126
Test07_NG_dchg,방전,NG,2647,0,0,0.1126
Test07_NG_dchg,방전,NG,2648,0,0,0.1126
Test07_NG_dchg,방전,NG,2649,0,0,0.1127
Test07_NG_dchg,방전,NG,2650,0,0,0.1126
Test07_NG_dchg,방전,NG,2651,0,0,0.1126
Test07_NG_dchg,방전,NG,2652,0,0,0.1126
Test07_NG_dchg,방전,NG,2653,0,0,0.1126
Test07_NG_dchg,방전,NG,2654,0,0,0.1226
Test07_NG_dchg,방전,NG,2655,0,0,0.1127
Test07_NG_dchg,방전,NG,2656,0,0,0.1126
Test07_NG_dchg,방전,NG,2657,0,0,0.1226
Test07_NG_dchg,방전,NG,2658,0,0,0.1226
Test07_NG_dchg,방전,NG,2659,0,0,0.1127
Test07_NG_dchg,방전,NG,2660,0,0,0.1127
Test07_NG_dchg,방전,NG,2661,0,0,0.1126
Test07_NG_dchg,방전,NG,2662,0,0,0.1126
Test07_NG_dchg,방전,NG,2663,0,0,0.1126
Test07_NG_dchg,방전,NG,2664,0,0,0.1541
Test07_NG_dchg,방전,NG,2665,0,0,0.1126
Test07_NG_dchg,방전,NG,2666,0,0,0.1127
Test07_NG_dchg,방전,NG,2667,0,0,0.1126
Test07_NG_dchg,방전,NG,2668,0,0,0.1126
Test07_NG_dchg,방전,NG,2669,0,0,0.1126
Test07_NG_dchg,방전,NG,2670,0,0,0.1126
Test07_NG_dchg,방전,NG,2671,0,0,0.1226
Test07_NG_dchg,방전,NG,2672,0,0,0.2419
Test07_NG_dchg,방전,NG,2673,0,0,0.1126
Test07_NG_dchg,방전,NG,2674,0,0,0.1226
Test07_NG_dchg,방전,NG,2675,0,0,0.1126
Test07_NG_dchg,방전,NG,2676,0,0,0.1226
Test07_NG_dchg,방전,NG,2677,0,0,0.1126
Test07_NG_dchg,방전,NG,2678,0,0,0.1226
Test07_NG_dchg,방전,NG,2679,0,0,0.1126
Test07_NG_dchg,방전,NG,2680,0,0,0.1127
Test07_NG_dchg,방전,NG,2681,0,0,0.1126
Test07_NG_dchg,방전,NG,2682,0,0,0.1126
Test07_NG_dchg,방전,NG,2683,0,0,0.1127
Test07_NG_dchg,방전,NG,2684,0,0,0.1126
Test07_NG_dchg,방전,NG,2685,0,0,0.1126
Test07_NG_dchg,방전,NG,2686,0,0,0.1126
Test07_NG_dchg,방전,NG,2687,0,0,0.1127
Test07_NG_dchg,방전,NG,2688,0,0,0.1126
Test07_NG_dchg,방전,NG,2689,0,0,0.1126
Test07_NG_dchg,방전,NG,2690,0,0,0.1126
Test07_NG_dchg,방전,NG,2691,0,0,0.1127
Test07_NG_dchg,방전,NG,2692,0,0,0.1127
Test07_NG_dchg,방전,NG,2693,0,0,0.1127
Test07_NG_dchg,방전,NG,2694,0,0,0.1541
Test07_NG_dchg,방전,NG,2695,0,0,0.1127
Test07_NG_dchg,방전,NG,2696,0,0,0.1126
Test07_NG_dchg,방전,NG,2697,0,0,0.1126
Test07_NG_dchg,방전,NG,2698,0,0,0.1126
Test07_NG_dchg,방전,NG,2699,0,0,0.1126
Test07_NG_dchg,방전,NG,2700,0,0,0.1541
Test07_NG_dchg,방전,NG,2701,0,0,0.1126
Test07_NG_dchg,방전,NG,2702,0,0,0.1126
Test07_NG_dchg,방전,NG,2703,0,0,0.1126
Test07_NG_dchg,방전,NG,2704,0,0,0.1126
Test07_NG_dchg,방전,NG,2705,0,0,0.1126
Test07_NG_dchg,방전,NG,2706,0,0,0.1227
Test07_NG_dchg,방전,NG,2707,0,0,0.1126
Test07_NG_dchg,방전,NG,2708,0,0,0.1226
Test07_NG_dchg,방전,NG,2709,0,0,0.1126
Test07_NG_dchg,방전,NG,2710,0,0,0.1126
Test07_NG_dchg,방전,NG,2711,0,0,0.1127
Test07_NG_dchg,방전,NG,2712,0,0,0.1126
Test07_NG_dchg,방전,NG,2713,0,0,0.1126
Test07_NG_dchg,방전,NG,2714,0,0,0.1126
Test07_NG_dchg,방전,NG,2715,0,0,0.1126
Test07_NG_dchg,방전,NG,2716,0,0,0.1126
Test07_NG_dchg,방전,NG,2717,0,0,0.1126
Test07_NG_dchg,방전,NG,2718,0,0,0.1126
Test07_NG_dchg,방전,NG,2719,0,0,0.1226
Test07_NG_dchg,방전,NG,2720,0,0,0.1127
Test07_NG_dchg,방전,NG,2721,0,0,0.1226
Test07_NG_dchg,방전,NG,2722,0,0,0.1126
Test07_NG_dchg,방전,NG,2723,0,0,0.1226
Test07_NG_dchg,방전,NG,2724,0,0,0.1127
Test07_NG_dchg,방전,NG,2725,0,0,0.1126
Test07_NG_dchg,방전,NG,2726,0,0,0.1126
Test07_NG_dchg,방전,NG,2727,0,0,0.1126
Test07_NG_dchg,방전,NG,2728,0,0,0.1127
Test07_NG_dchg,방전,NG,2729,0,0,0.1126
Test07_NG_dchg,방전,NG,2730,0,0,0.1127
Test07_NG_dchg,방전,NG,2731,0,0,0.1126
Test07_NG_dchg,방전,NG,2732,0,0,0.1126
Test07_NG_dchg,방전,NG,2733,0,0,0.1126
Test07_NG_dchg,방전,NG,2734,0,0,0.1127
Test07_NG_dchg,방전,NG,2735,0,0,0.1127
Test07_NG_dchg,방전,NG,2736,0,0,0.1126
Test07_NG_dchg,방전,NG,2737,0,0,0.1127
Test07_NG_dchg,방전,NG,2738,0,0,0.1126
Test07_NG_dchg,방전,NG,2739,0,0,0.1126
Test07_NG_dchg,방전,NG,2740,0,0,0.1127
Test07_NG_dchg,방전,NG,2741,0,0,0.1127
Test07_NG_dchg,방전,NG,2742,0,0,0.1541
Test07_NG_dchg,방전,NG,2743,0,0,0.1126
Test07_NG_dchg,방전,NG,2744,0,0,0.1126
Test07_NG_dchg,방전,NG,2745,0,0,0.1126
Test07_NG_dchg,방전,NG,2746,0,0,0.1126
Test07_NG_dchg,방전,NG,2747,0,0,0.1126
Test07_NG_dchg,방전,NG,2748,0,0,0.1126
Test07_NG_dchg,방전,NG,2749,0,0,0.1126
Test07_NG_dchg,방전,NG,2750,0,0,0.1126
Test07_NG_dchg,방전,NG,2751,0,0,0.1126
Test07_NG_dchg,방전,NG,2752,0,0,0.1126
Test07_NG_dchg,방전,NG,2753,0,0,0.1226
Test07_NG_dchg,방전,NG,2754,0,0,0.1126
Test07_NG_dchg,방전,NG,2755,0,0,0.1126
Test07_NG_dchg,방전,NG,2756,0,0,0.1126
Test07_NG_dchg,방전,NG,2757,0,0,0.1126
Test07_NG_dchg,방전,NG,2758,0,0,0.1126
Test07_NG_dchg,방전,NG,2759,0,0,0.1226
Test07_NG_dchg,방전,NG,2760,0,0,0.1127
Test07_NG_dchg,방전,NG,2761,0,0,0.1127
Test07_NG_dchg,방전,NG,2762,0,0,0.1126
Test07_NG_dchg,방전,NG,2763,0,0,0.1541
Test07_NG_dchg,방전,NG,2764,0,0,0.1226
Test07_NG_dchg,방전,NG,2765,0,0,0.1127
Test07_NG_dchg,방전,NG,2766,0,0,0.1126
Test07_NG_dchg,방전,NG,2767,0,0,0.1126
Test07_NG_dchg,방전,NG,2768,0,0,0.1126
Test07_NG_dchg,방전,NG,2769,0,0,0.1127
Test07_NG_dchg,방전,NG,2770,0,0,0.1127
Test07_NG_dchg,방전,NG,2771,0,0,0.1126
Test07_NG_dchg,방전,NG,2772,0,0,0.1127
Test07_NG_dchg,방전,NG,2773,0,0,0.1126
Test07_NG_dchg,방전,NG,2774,0,0,0.1126
Test07_NG_dchg,방전,NG,2775,0,0,0.1126
Test07_NG_dchg,방전,NG,2776,0,0,0.1126
Test07_NG_dchg,방전,NG,2777,0,0,0.1127
Test07_NG_dchg,방전,NG,2778,0,0,0.1126
Test07_NG_dchg,방전,NG,2779,0,0,0.1126
Test07_NG_dchg,방전,NG,2780,0,0,0.1126
Test07_NG_dchg,방전,NG,2781,0,0,0.1541
Test07_NG_dchg,방전,NG,2782,0,0,0.1126
Test07_NG_dchg,방전,NG,2783,0,0,0.1126
Test07_NG_dchg,방전,NG,2784,0,0,0.1126
Test07_NG_dchg,방전,NG,2785,0,0,0.1126
Test07_NG_dchg,방전,NG,2786,0,0,0.1126
Test07_NG_dchg,방전,NG,2787,0,0,0.1541
Test07_NG_dchg,방전,NG,2788,0,0,0.1126
Test07_NG_dchg,방전,NG,2789,0,0,0.1226
Test07_NG_dchg,방전,NG,2790,0,0,0.1127
Test07_NG_dchg,방전,NG,2791,0,0,0.1126
Test07_NG_dchg,방전,NG,2792,0,0,0.1126
Test07_NG_dchg,방전,NG,2793,0,0,0.1227
Test07_NG_dchg,방전,NG,2794,0,0,0.1126
Test07_NG_dchg,방전,NG,2795,0,0,0.1126
Test07_NG_dchg,방전,NG,2796,0,0,0.1127
Test07_NG_dchg,방전,NG,2797,0,0,0.1126
Test07_NG_dchg,방전,NG,2798,0,0,0.1226
Test07_NG_dchg,방전,NG,2799,0,0,0.1126
Test07_NG_dchg,방전,NG,2800,0,0,0.1126
Test07_NG_dchg,방전,NG,2801,0,0,0.1126
Test07_NG_dchg,방전,NG,2802,0,0,0.1126
Test07_NG_dchg,방전,NG,2803,0,0,0.1126
Test07_NG_dchg,방전,NG,2804,0,0,0.1126
Test07_NG_dchg,방전,NG,2805,0,0,0.1126
Test07_NG_dchg,방전,NG,2806,0,0,0.1127
Test07_NG_dchg,방전,NG,2807,0,0,0.1226
Test07_NG_dchg,방전,NG,2808,0,0,0.1126
Test07_NG_dchg,방전,NG,2809,0,0,0.1126
Test07_NG_dchg,방전,NG,2810,0,0,0.1126
Test07_NG_dchg,방전,NG,2811,0,0,0.1127
Test07_NG_dchg,방전,NG,2812,0,0,0.1226
Test07_NG_dchg,방전,NG,2813,0,0,0.1541
Test07_NG_dchg,방전,NG,2814,0,0,0.1126
Test07_NG_dchg,방전,NG,2815,0,0,0.1127
Test07_NG_dchg,방전,NG,2816,0,0,0.1127
Test07_NG_dchg,방전,NG,2817,0,0,0.1126
Test07_NG_dchg,방전,NG,2818,0,0,0.1126
Test07_NG_dchg,방전,NG,2819,0,0,0.1126
Test07_NG_dchg,방전,NG,2820,0,0,0.1126
Test07_NG_dchg,방전,NG,2821,0,0,0.1126
Test07_NG_dchg,방전,NG,2822,0,0,0.1127
Test07_NG_dchg,방전,NG,2823,0,0,0.1126
Test07_NG_dchg,방전,NG,2824,0,0,0.1226
Test07_NG_dchg,방전,NG,2825,0,0,0.1127
Test07_NG_dchg,방전,NG,2826,0,0,0.1126
Test07_NG_dchg,방전,NG,2827,0,0,0.1126
Test07_NG_dchg,방전,NG,2828,0,0,0.1126
Test07_NG_dchg,방전,NG,2829,0,0,0.1126
Test07_NG_dchg,방전,NG,2830,0,0,0.1126
Test07_NG_dchg,방전,NG,2831,0,0,0.1126
Test07_NG_dchg,방전,NG,2832,0,0,0.1126
Test07_NG_dchg,방전,NG,2833,0,0,0.1226
Test07_NG_dchg,방전,NG,2834,0,0,0.1127
Test07_NG_dchg,방전,NG,2835,0,0,0.1126
Test07_NG_dchg,방전,NG,2836,0,0,0.1126
Test07_NG_dchg,방전,NG,2837,0,0,0.1126
Test07_NG_dchg,방전,NG,2838,0,0,0.1126
Test07_NG_dchg,방전,NG,2839,0,0,0.1126
Test07_NG_dchg,방전,NG,2840,0,0,0.1127
Test07_NG_dchg,방전,NG,2841,0,0,0.1126
Test07_NG_dchg,방전,NG,2842,0,0,0.1126
Test07_NG_dchg,방전,NG,2843,0,0,0.1126
Test07_NG_dchg,방전,NG,2844,0,0,0.1127
Test07_NG_dchg,방전,NG,2845,0,0,0.1127
Test07_NG_dchg,방전,NG,2846,0,0,0.1226
Test07_NG_dchg,방전,NG,2847,0,0,0.1126
Test07_NG_dchg,방전,NG,2848,0,0,0.1226
Test07_NG_dchg,방전,NG,2849,0,0,0.1126
Test07_NG_dchg,방전,NG,2850,0,0,0.1126
Test07_NG_dchg,방전,NG,2851,0,0,0.1541
Test07_NG_dchg,방전,NG,2852,0,0,0.1126
Test07_NG_dchg,방전,NG,2853,0,0,0.1126
Test07_NG_dchg,방전,NG,2854,0,0,0.1126
Test07_NG_dchg,방전,NG,2855,0,0,0.1126
Test07_NG_dchg,방전,NG,2856,0,0,0.1126
Test07_NG_dchg,방전,NG,2857,0,0,0.1126
Test07_NG_dchg,방전,NG,2858,0,0,0.1126
Test07_NG_dchg,방전,NG,2859,0,0,0.1126
Test07_NG_dchg,방전,NG,2860,0,0,0.1541
Test07_NG_dchg,방전,NG,2861,0,0,0.1126
Test07_NG_dchg,방전,NG,2862,0,0,0.1126
Test07_NG_dchg,방전,NG,2863,0,0,0.1127
Test07_NG_dchg,방전,NG,2864,0,0,0.1126
Test07_NG_dchg,방전,NG,2865,0,0,0.1126
Test07_NG_dchg,방전,NG,2866,0,0,0.1126
Test07_NG_dchg,방전,NG,2867,0,0,0.1127
Test07_NG_dchg,방전,NG,2868,0,0,0.1541
Test07_NG_dchg,방전,NG,2869,0,0,0.1126
Test07_NG_dchg,방전,NG,2870,0,0,0.1226
Test07_NG_dchg,방전,NG,2871,0,0,0.1127
Test07_NG_dchg,방전,NG,2872,0,0,0.1126
Test07_NG_dchg,방전,NG,2873,0,0,0.1126
Test07_NG_dchg,방전,NG,2874,0,0,0.1226
Test07_NG_dchg,방전,NG,2875,0,0,0.1126
Test07_NG_dchg,방전,NG,2876,0,0,0.2037
Test07_NG_dchg,방전,NG,2877,0,0,0.1126
Test07_NG_dchg,방전,NG,2878,0,0,0.1126
Test07_NG_dchg,방전,NG,2879,0,0,0.1126
Test07_NG_dchg,방전,NG,2880,0,0,0.1126
Test07_NG_dchg,방전,NG,2881,0,0,0.1126
Test07_NG_dchg,방전,NG,2882,0,0,0.1126
Test07_NG_dchg,방전,NG,2883,0,0,0.1126
Test07_NG_dchg,방전,NG,2884,0,0,0.1126
Test07_NG_dchg,방전,NG,2885,0,0,0.1126
Test07_NG_dchg,방전,NG,2886,0,0,0.1126
Test07_NG_dchg,방전,NG,2887,0,0,0.1126
Test07_NG_dchg,방전,NG,2888,0,0,0.1541
Test07_NG_dchg,방전,NG,2889,0,0,0.1126
Test07_NG_dchg,방전,NG,2890,0,0,0.1127
Test07_NG_dchg,방전,NG,2891,0,0,0.1541
Test07_NG_dchg,방전,NG,2892,0,0,0.1126
Test07_NG_dchg,방전,NG,2893,0,0,0.1226
Test07_NG_dchg,방전,NG,2894,0,0,0.1226
Test07_NG_dchg,방전,NG,2895,0,0,0.1126
Test07_NG_dchg,방전,NG,2896,0,0,0.1126
Test07_NG_dchg,방전,NG,2897,0,0,0.1226
Test07_NG_dchg,방전,NG,2898,0,0,0.1126
Test07_NG_dchg,방전,NG,2899,0,0,0.1126
Test07_NG_dchg,방전,NG,2900,0,0,0.1126
Test07_NG_dchg,방전,NG,2901,0,0,0.1541
Test07_NG_dchg,방전,NG,2902,0,0,0.1126
Test07_NG_dchg,방전,NG,2903,0,0,0.1126
Test07_NG_dchg,방전,NG,2904,0,0,0.1126
Test07_NG_dchg,방전,NG,2905,0,0,0.1126
Test07_NG_dchg,방전,NG,2906,0,0,0.1126
Test07_NG_dchg,방전,NG,2907,0,0,0.1126
Test07_NG_dchg,방전,NG,2908,0,0,0.1126
Test07_NG_dchg,방전,NG,2909,0,0,0.1126
Test07_NG_dchg,방전,NG,2910,0,0,0.1226
Test07_NG_dchg,방전,NG,2911,0,0,0.1126
Test07_NG_dchg,방전,NG,2912,0,0,0.1653
Test07_NG_dchg,방전,NG,2913,0,0,0.1126
Test07_NG_dchg,방전,NG,2914,0,0,0.1126
Test07_NG_dchg,방전,NG,2915,0,0,0.1541
Test07_NG_dchg,방전,NG,2916,0,0,0.1127
Test07_NG_dchg,방전,NG,2917,0,0,0.1226
Test07_NG_dchg,방전,NG,2918,0,0,0.1126
Test07_NG_dchg,방전,NG,2919,0,0,0.1126
Test07_NG_dchg,방전,NG,2920,0,0,0.1226
Test07_NG_dchg,방전,NG,2921,0,0,0.1126
Test07_NG_dchg,방전,NG,2922,0,0,0.1126
Test07_NG_dchg,방전,NG,2923,0,0,0.1541
Test07_NG_dchg,방전,NG,2924,0,0,0.1126
Test07_NG_dchg,방전,NG,2925,0,0,0.1127
Test07_NG_dchg,방전,NG,2926,0,0,0.1126
Test07_NG_dchg,방전,NG,2927,0,0,0.1541
Test07_NG_dchg,방전,NG,2928,0,0,0.1226
Test07_NG_dchg,방전,NG,2929,0,0,0.1126
Test07_NG_dchg,방전,NG,2930,0,0,0.1126
Test07_NG_dchg,방전,NG,2931,0,0,0.1127
Test07_NG_dchg,방전,NG,2932,0,0,0.1126
Test07_NG_dchg,방전,NG,2933,0,0,0.1126
Test07_NG_dchg,방전,NG,2934,0,0,0.1126
Test07_NG_dchg,방전,NG,2935,0,0,0.1126
Test07_NG_dchg,방전,NG,2936,0,0,0.1126
Test07_NG_dchg,방전,NG,2937,0,0,0.1126
Test07_NG_dchg,방전,NG,2938,0,0,0.1541
Test07_NG_dchg,방전,NG,2939,0,0,0.1226
Test07_NG_dchg,방전,NG,2940,0,0,0.1126
Test07_NG_dchg,방전,NG,2941,0,0,0.1126
Test07_NG_dchg,방전,NG,2942,0,0,0.1541
Test07_NG_dchg,방전,NG,2943,0,0,0.1126
Test07_NG_dchg,방전,NG,2944,0,0,0.1127
Test07_NG_dchg,방전,NG,2945,0,0,0.1226
Test07_NG_dchg,방전,NG,2946,0,0,0.1541
Test07_NG_dchg,방전,NG,2947,0,0,0.1127
Test07_NG_dchg,방전,NG,2948,0,0,0.1127
Test07_NG_dchg,방전,NG,2949,0,0,0.1541
Test07_NG_dchg,방전,NG,2950,0,0,0.1126
Test07_NG_dchg,방전,NG,2951,0,0,0.1126
Test07_NG_dchg,방전,NG,2952,0,0,0.1226
Test07_NG_dchg,방전,NG,2953,0,0,0.1126
Test07_NG_dchg,방전,NG,2954,0,0,0.1126
Test07_NG_dchg,방전,NG,2955,0,0,0.1126
Test07_NG_dchg,방전,NG,2956,0,0,0.1126
Test07_NG_dchg,방전,NG,2957,0,0,0.1126
Test07_NG_dchg,방전,NG,2958,0,0,0.1227
Test07_NG_dchg,방전,NG,2959,0,0,0.1127
Test07_NG_dchg,방전,NG,2960,0,0,0.1126
Test07_NG_dchg,방전,NG,2961,0,0,0.1126
Test07_NG_dchg,방전,NG,2962,0,0,0.1226
Test07_NG_dchg,방전,NG,2963,0,0,0.1126
Test07_NG_dchg,방전,NG,2964,0,0,0.1127
Test07_NG_dchg,방전,NG,2965,0,0,0.1226
Test07_NG_dchg,방전,NG,2966,0,0,0.1126
Test07_NG_dchg,방전,NG,2967,0,0,0.1127
Test07_NG_dchg,방전,NG,2968,0,0,0.1227
Test07_NG_dchg,방전,NG,2969,0,0,0.1126
Test07_NG_dchg,방전,NG,2970,0,0,0.1126
Test07_NG_dchg,방전,NG,2971,0,0,0.1541
Test07_NG_dchg,방전,NG,2972,0,0,0.1126
Test07_NG_dchg,방전,NG,2973,0,0,0.1226
Test07_NG_dchg,방전,NG,2974,0,0,0.1127
Test07_NG_dchg,방전,NG,2975,0,0,0.1226
Test07_NG_dchg,방전,NG,2976,0,0,0.1226
Test07_NG_dchg,방전,NG,2977,0,0,0.1126
Test07_NG_dchg,방전,NG,2978,0,0,0.1126
Test07_NG_dchg,방전,NG,2979,0,0,0.1126
Test07_NG_dchg,방전,NG,2980,0,0,0.1226
Test07_NG_dchg,방전,NG,2981,0,0,0.1126
Test07_NG_dchg,방전,NG,2982,0,0,0.1126
Test07_NG_dchg,방전,NG,2983,0,0,0.1126
Test07_NG_dchg,방전,NG,2984,0,0,0.1126
Test07_NG_dchg,방전,NG,2985,0,0,0.1126
Test07_NG_dchg,방전,NG,2986,0,0,0.1126
Test07_NG_dchg,방전,NG,2987,0,0,0.1126
Test07_NG_dchg,방전,NG,2988,0,0,0.1126
Test07_NG_dchg,방전,NG,2989,0,0,0.1126
Test07_NG_dchg,방전,NG,2990,0,0,0.1226
Test07_NG_dchg,방전,NG,2991,0,0,0.1226
Test07_NG_dchg,방전,NG,2992,0,0,0.1127
Test07_NG_dchg,방전,NG,2993,0,0,0.1126
Test07_NG_dchg,방전,NG,2994,0,0,0.1126
Test07_NG_dchg,방전,NG,2995,0,0,0.1127
Test07_NG_dchg,방전,NG,2996,0,0,0.1126
Test07_NG_dchg,방전,NG,2997,0,0,0.1126
Test07_NG_dchg,방전,NG,2998,0,0,0.1226
Test07_NG_dchg,방전,NG,2999,0,0,0.1226
Test07_NG_dchg,방전,NG,3000,0,0,0.1126
Test07_NG_dchg,방전,NG,3001,0,0,0.1127
Test07_NG_dchg,방전,NG,3002,0,0,0.1127
Test07_NG_dchg,방전,NG,3003,0,0,0.1126
Test07_NG_dchg,방전,NG,3004,0,0,0.1126
Test07_NG_dchg,방전,NG,3005,0,0,0.1126
Test07_NG_dchg,방전,NG,3006,0,0,0.1126
Test07_NG_dchg,방전,NG,3007,0,0,0.1126
Test07_NG_dchg,방전,NG,3008,0,0,0.1127
Test07_NG_dchg,방전,NG,3009,0,0,0.1126
Test07_NG_dchg,방전,NG,3010,0,0,0.1653
Test07_NG_dchg,방전,NG,3011,0,0,0.1653
Test07_NG_dchg,방전,NG,3012,0,0,0.1126
Test07_NG_dchg,방전,NG,3013,0,0,0.1126
Test07_NG_dchg,방전,NG,3014,0,0,0.1126
Test07_NG_dchg,방전,NG,3015,0,0,0.1126
Test07_NG_dchg,방전,NG,3016,0,0,0.1126
Test07_NG_dchg,방전,NG,3017,0,0,0.1126
Test07_NG_dchg,방전,NG,3018,0,0,0.1226
Test07_NG_dchg,방전,NG,3019,0,0,0.1126
Test07_NG_dchg,방전,NG,3020,0,0,0.1126
Test07_NG_dchg,방전,NG,3021,0,0,0.1126
Test07_NG_dchg,방전,NG,3022,0,0,0.1126
Test07_NG_dchg,방전,NG,3023,0,0,0.1226
Test07_NG_dchg,방전,NG,3024,0,0,0.1126
Test07_NG_dchg,방전,NG,3025,0,0,0.1653
Test07_NG_dchg,방전,NG,3026,0,0,0.1126
Test07_NG_dchg,방전,NG,3027,0,0,0.1126
Test07_NG_dchg,방전,NG,3028,0,0,0.1541
Test07_NG_dchg,방전,NG,3029,0,0,0.1126
Test07_NG_dchg,방전,NG,3030,0,0,0.1126
Test07_NG_dchg,방전,NG,3031,0,0,0.1226
Test07_NG_dchg,방전,NG,3032,0,0,0.1324
Test07_NG_dchg,방전,NG,3033,0,0,0.1127
Test07_NG_dchg,방전,NG,3034,0,0,0.1126
Test07_NG_dchg,방전,NG,3035,0,0,0.1126
Test07_NG_dchg,방전,NG,3036,0,0,0.1126
Test07_NG_dchg,방전,NG,3037,0,0,0.1226
Test07_NG_dchg,방전,NG,3038,0,0,0.1126
Test07_NG_dchg,방전,NG,3039,0,0,0.1127
Test07_NG_dchg,방전,NG,3040,0,0,0.1126
Test07_NG_dchg,방전,NG,3041,0,0,0.1127
Test07_NG_dchg,방전,NG,3042,0,0,0.1126
Test07_NG_dchg,방전,NG,3043,0,0,0.1127
Test07_NG_dchg,방전,NG,3044,0,0,0.1541
Test07_NG_dchg,방전,NG,3045,0,0,0.1126
Test07_NG_dchg,방전,NG,3046,0,0,0.1226
Test07_NG_dchg,방전,NG,3047,0,0,0.1126
Test07_NG_dchg,방전,NG,3048,0,0,0.1541
Test07_NG_dchg,방전,NG,3049,0,0,0.1126
Test07_NG_dchg,방전,NG,3050,0,0,0.1126
Test07_NG_dchg,방전,NG,3051,0,0,0.1541
Test07_NG_dchg,방전,NG,3052,0,0,0.1126
Test07_NG_dchg,방전,NG,3053,0,0,0.1126
Test07_NG_dchg,방전,NG,3054,0,0,0.1541
Test07_NG_dchg,방전,NG,3055,0,0,0.1126
Test07_NG_dchg,방전,NG,3056,0,0,0.1127
Test07_NG_dchg,방전,NG,3057,0,0,0.1541
Test07_NG_dchg,방전,NG,3058,0,0,0.1126
Test07_NG_dchg,방전,NG,3059,0,0,0.1226
Test07_NG_dchg,방전,NG,3060,0,0,0.1126
Test07_NG_dchg,방전,NG,3061,0,0,0.1541
Test07_NG_dchg,방전,NG,3062,0,0,0.1126
Test07_NG_dchg,방전,NG,3063,0,0,0.1541
Test07_NG_dchg,방전,NG,3064,0,0,0.1126
Test07_NG_dchg,방전,NG,3065,0,0,0.1541
Test07_NG_dchg,방전,NG,3066,0,0,0.1126
Test07_NG_dchg,방전,NG,3067,0,0,0.1541
Test07_NG_dchg,방전,NG,3068,0,0,0.1126
Test07_NG_dchg,방전,NG,3069,0,0,0.1541
Test07_NG_dchg,방전,NG,3070,0,0,0.1126
Test07_NG_dchg,방전,NG,3071,0,0,0.1126
Test07_NG_dchg,방전,NG,3072,0,0,0.1127
Test07_NG_dchg,방전,NG,3073,0,0,0.1226
Test07_NG_dchg,방전,NG,3074,0,0,0.1127
Test07_NG_dchg,방전,NG,3075,0,0,0.1541
Test07_NG_dchg,방전,NG,3076,0,0,0.1126
Test07_NG_dchg,방전,NG,3077,0,0,0.1127
Test07_NG_dchg,방전,NG,3078,0,0,0.1126
Test07_NG_dchg,방전,NG,3079,0,0,0.1126
Test07_NG_dchg,방전,NG,3080,0,0,0.1127
Test07_NG_dchg,방전,NG,3081,0,0,0.1127
Test07_NG_dchg,방전,NG,3082,0,0,0.1126
Test07_NG_dchg,방전,NG,3083,0,0,0.1127
Test07_NG_dchg,방전,NG,3084,0,0,0.1541
Test07_NG_dchg,방전,NG,3085,0,0,0.1127
Test07_NG_dchg,방전,NG,3086,0,0,0.1126
Test07_NG_dchg,방전,NG,3087,0,0,0.1541
Test07_NG_dchg,방전,NG,3088,0,0,0.1126
Test07_NG_dchg,방전,NG,3089,0,0,0.1127
Test07_NG_dchg,방전,NG,3090,0,0,0.1126
Test07_NG_dchg,방전,NG,3091,0,0,0.1126
Test07_NG_dchg,방전,NG,3092,0,0,0.1541
Test07_NG_dchg,방전,NG,3093,0,0,0.1541
Test07_NG_dchg,방전,NG,3094,0,0,0.1126
Test07_NG_dchg,방전,NG,3095,0,0,0.1127
Test07_NG_dchg,방전,NG,3096,0,0,0.1126
Test07_NG_dchg,방전,NG,3097,0,0,0.1226
Test07_NG_dchg,방전,NG,3098,0,0,0.1541
Test07_NG_dchg,방전,NG,3099,0,0,0.1541
Test07_NG_dchg,방전,NG,3100,0,0,0.1127
Test07_NG_dchg,방전,NG,3101,0,0,0.1126
Test07_NG_dchg,방전,NG,3102,0,0,0.1541
Test07_NG_dchg,방전,NG,3103,0,0,0.1126
Test07_NG_dchg,방전,NG,3104,0,0,0.1126
Test07_NG_dchg,방전,NG,3105,0,0,0.1541
Test07_NG_dchg,방전,NG,3106,0,0,0.1226
Test07_NG_dchg,방전,NG,3107,0,0,0.1126
Test07_NG_dchg,방전,NG,3108,0,0,0.1541
Test07_NG_dchg,방전,NG,3109,0,0,0.1541
Test07_NG_dchg,방전,NG,3110,0,0,0.1541
Test07_NG_dchg,방전,NG,3111,0,0,0.1126
Test07_NG_dchg,방전,NG,3112,0,0,0.1126
Test07_NG_dchg,방전,NG,3113,0,0,0.1127
Test07_NG_dchg,방전,NG,3114,0,0,0.2512
Test07_NG_dchg,방전,NG,3115,0,0,0.1127
Test07_NG_dchg,방전,NG,3116,0,0,0.1226
Test07_NG_dchg,방전,NG,3117,0,0,0.1126
Test07_NG_dchg,방전,NG,3118,0,0,0.1126
Test07_NG_dchg,방전,NG,3119,0,0,0.1126
Test07_NG_dchg,방전,NG,3120,0,0,0.1126
Test07_NG_dchg,방전,NG,3121,0,0,0.1653
Test07_NG_dchg,방전,NG,3122,0,0,0.1653
Test07_NG_dchg,방전,NG,3123,0,0,0.1126
Test07_NG_dchg,방전,NG,3124,0,0,0.1126
Test07_NG_dchg,방전,NG,3125,0,0,0.1126
Test07_NG_dchg,방전,NG,3126,0,0,0.1126
Test07_NG_dchg,방전,NG,3127,0,0,0.1541
Test07_NG_dchg,방전,NG,3128,0,0,0.1126
Test07_NG_dchg,방전,NG,3129,0,0,0.1126
Test07_NG_dchg,방전,NG,3130,0,0,0.1127
Test07_NG_dchg,방전,NG,3131,0,0,0.1126
Test07_NG_dchg,방전,NG,3132,0,0,0.1126
Test07_NG_dchg,방전,NG,3133,0,0,0.1126
Test07_NG_dchg,방전,NG,3134,0,0,0.1227
Test07_NG_dchg,방전,NG,3135,0,0,0.1127
Test07_NG_dchg,방전,NG,3136,0,0,0.1226
Test07_NG_dchg,방전,NG,3137,0,0,0.1126
Test07_NG_dchg,방전,NG,3138,0,0,0.1226
Test07_NG_dchg,방전,NG,3139,0,0,0.1541
Test07_NG_dchg,방전,NG,3140,0,0,0.1226
Test07_NG_dchg,방전,NG,3141,0,0,0.1227
Test07_NG_dchg,방전,NG,3142,0,0,0.1126
Test07_NG_dchg,방전,NG,3143,0,0,0.1541
Test07_NG_dchg,방전,NG,3144,0,0,0.1541
Test07_NG_dchg,방전,NG,3145,0,0,0.1541
Test07_NG_dchg,방전,NG,3146,0,0,0.1541
Test07_NG_dchg,방전,NG,3147,0,0,0.1226
Test07_NG_dchg,방전,NG,3148,0,0,0.1541
Test07_NG_dchg,방전,NG,3149,0,0,0.1541
Test07_NG_dchg,방전,NG,3150,0,0,0.1126
Test07_NG_dchg,방전,NG,3151,0,0,0.1541
Test07_NG_dchg,방전,NG,3152,0,0,0.1541
Test07_NG_dchg,방전,NG,3153,0,0,0.1126
Test07_NG_dchg,방전,NG,3154,0,0,0.1126
Test07_NG_dchg,방전,NG,3155,0,0,0.1126
Test07_NG_dchg,방전,NG,3156,0,0,0.1541
Test07_NG_dchg,방전,NG,3157,0,0,0.1226
Test07_NG_dchg,방전,NG,3158,0,0,0.1226
Test07_NG_dchg,방전,NG,3159,0,0,0.1541
Test07_NG_dchg,방전,NG,3160,0,0,0.1226
Test07_NG_dchg,방전,NG,3161,0,0,0.1126
Test07_NG_dchg,방전,NG,3162,0,0,0.1541
Test07_NG_dchg,방전,NG,3163,0,0,0.1226
Test07_NG_dchg,방전,NG,3164,0,0,0.1126
Test07_NG_dchg,방전,NG,3165,0,0,0.1541
Test07_NG_dchg,방전,NG,3166,0,0,0.1541
Test07_NG_dchg,방전,NG,3167,0,0,0.1226
Test07_NG_dchg,방전,NG,3168,0,0,0.1126
Test07_NG_dchg,방전,NG,3169,0,0,0.1541
Test07_NG_dchg,방전,NG,3170,0,0,0.1126
Test07_NG_dchg,방전,NG,3171,0,0,0.1226
Test07_NG_dchg,방전,NG,3172,0,0,0.1126
Test07_NG_dchg,방전,NG,3173,0,0,0.1127
Test07_NG_dchg,방전,NG,3174,0,0,0.1126
Test07_NG_dchg,방전,NG,3175,0,0,0.1126
Test07_NG_dchg,방전,NG,3176,0,0,0.1126
Test07_NG_dchg,방전,NG,3177,0,0,0.1126
Test07_NG_dchg,방전,NG,3178,0,0,0.1126
Test07_NG_dchg,방전,NG,3179,0,0,0.1127
Test07_NG_dchg,방전,NG,3180,0,0,0.1126
Test07_NG_dchg,방전,NG,3181,0,0,0.1541
Test07_NG_dchg,방전,NG,3182,0,0,0.1126
Test07_NG_dchg,방전,NG,3183,0,0,0.1126
Test07_NG_dchg,방전,NG,3184,0,0,0.1126
Test07_NG_dchg,방전,NG,3185,0,0,0.1226
Test07_NG_dchg,방전,NG,3186,0,0,0.1126
Test07_NG_dchg,방전,NG,3187,0,0,0.1541
Test07_NG_dchg,방전,NG,3188,0,0,0.1541
Test07_NG_dchg,방전,NG,3189,0,0,0.1541
Test07_NG_dchg,방전,NG,3190,0,0,0.1226
Test07_NG_dchg,방전,NG,3191,0,0,0.1226
Test07_NG_dchg,방전,NG,3192,0,0,0.1126
Test07_NG_dchg,방전,NG,3193,0,0,0.1126
Test07_NG_dchg,방전,NG,3194,0,0,0.1126
Test07_NG_dchg,방전,NG,3195,0,0,0.1126
Test07_NG_dchg,방전,NG,3196,0,0,0.1126
Test07_NG_dchg,방전,NG,3197,0,0,0.1541
Test07_NG_dchg,방전,NG,3198,0,0,0.1126
Test07_NG_dchg,방전,NG,3199,0,0,0.1126
Test07_NG_dchg,방전,NG,3200,0,0,0.1541
Test07_NG_dchg,방전,NG,3201,0,0,0.1126
Test07_NG_dchg,방전,NG,3202,0,0,0.1126
Test07_NG_dchg,방전,NG,3203,0,0,0.1126
Test07_NG_dchg,방전,NG,3204,0,0,0.1226
Test07_NG_dchg,방전,NG,3205,0,0,0.1126
Test07_NG_dchg,방전,NG,3206,0,0,0.1541
Test07_NG_dchg,방전,NG,3207,0,0,0.1226
Test07_NG_dchg,방전,NG,3208,0,0,0.1126
Test07_NG_dchg,방전,NG,3209,0,0,0.1226
Test07_NG_dchg,방전,NG,3210,0,0,0.1226
Test07_NG_dchg,방전,NG,3211,0,0,0.1126
Test07_NG_dchg,방전,NG,3212,0,0,0.1226
Test07_NG_dchg,방전,NG,3213,0,0,0.1226
Test07_NG_dchg,방전,NG,3214,0,0,0.1126
Test07_NG_dchg,방전,NG,3215,0,0,0.1226
Test07_NG_dchg,방전,NG,3216,0,0,0.1541
Test07_NG_dchg,방전,NG,3217,0,0,0.1226
Test07_NG_dchg,방전,NG,3218,0,0,0.1126
Test07_NG_dchg,방전,NG,3219,0,0,0.1126
Test07_NG_dchg,방전,NG,3220,0,0,0.1226
Test07_NG_dchg,방전,NG,3221,0,0,0.1226
Test07_NG_dchg,방전,NG,3222,0,0,0.1126
Test07_NG_dchg,방전,NG,3223,0,0,0.1226
Test07_NG_dchg,방전,NG,3224,0,0,0.1126
Test07_NG_dchg,방전,NG,3225,0,0,0.1226
Test07_NG_dchg,방전,NG,3226,0,0,0.1226
Test07_NG_dchg,방전,NG,3227,0,0,0.1541
Test07_NG_dchg,방전,NG,3228,0,0,0.1226
Test07_NG_dchg,방전,NG,3229,0,0,0.1226
Test07_NG_dchg,방전,NG,3230,0,0,0.1126
Test07_NG_dchg,방전,NG,3231,0,0,0.1226
Test07_NG_dchg,방전,NG,3232,0,0,0.1541
Test07_NG_dchg,방전,NG,3233,0,0,0.1126
Test07_NG_dchg,방전,NG,3234,0,0,0.1541
Test07_NG_dchg,방전,NG,3235,0,0,0.1541
Test07_NG_dchg,방전,NG,3236,0,0,0.1127
Test07_NG_dchg,방전,NG,3237,0,0,0.1226
Test07_NG_dchg,방전,NG,3238,0,0,0.1126
Test07_NG_dchg,방전,NG,3239,0,0,0.1126
Test07_NG_dchg,방전,NG,3240,0,0,0.1226
Test07_NG_dchg,방전,NG,3241,0,0,0.1541
Test07_NG_dchg,방전,NG,3242,0,0,0.1126
Test07_NG_dchg,방전,NG,3243,0,0,0.1126
Test07_NG_dchg,방전,NG,3244,0,0,0.1226
Test07_NG_dchg,방전,NG,3245,0,0,0.1127
Test07_NG_dchg,방전,NG,3246,0,0,0.1226
Test07_NG_dchg,방전,NG,3247,0,0,0.1126
Test07_NG_dchg,방전,NG,3248,0,0,0.1541
Test07_NG_dchg,방전,NG,3249,0,0,0.1127
Test07_NG_dchg,방전,NG,3250,0,0,0.1541
Test07_NG_dchg,방전,NG,3251,0,0,0.1126
Test07_NG_dchg,방전,NG,3252,0,0,0.1226
Test07_NG_dchg,방전,NG,3253,0,0,0.1126
Test07_NG_dchg,방전,NG,3254,0,0,0.1126
Test07_NG_dchg,방전,NG,3255,0,0,0.1126
Test07_NG_dchg,방전,NG,3256,0,0,0.1127
Test07_NG_dchg,방전,NG,3257,0,0,0.1226
Test07_NG_dchg,방전,NG,3258,0,0,0.1541
Test07_NG_dchg,방전,NG,3259,0,0,0.1127
Test07_NG_dchg,방전,NG,3260,0,0,0.1126
Test07_NG_dchg,방전,NG,3261,0,0,0.1126
Test07_NG_dchg,방전,NG,3262,0,0,0.1226
Test07_NG_dchg,방전,NG,3263,0,0,0.1541
Test07_NG_dchg,방전,NG,3264,0,0,0.1126
Test07_NG_dchg,방전,NG,3265,0,0,0.1653
Test07_NG_dchg,방전,NG,3266,0,0,0.1127
Test07_NG_dchg,방전,NG,3267,0,0,0.1541
Test07_NG_dchg,방전,NG,3268,0,0,0.1126
Test07_NG_dchg,방전,NG,3269,0,0,0.1127
Test07_NG_dchg,방전,NG,3270,0,0,0.1226
Test07_NG_dchg,방전,NG,3271,0,0,0.1126
Test07_NG_dchg,방전,NG,3272,0,0,0.1126
Test07_NG_dchg,방전,NG,3273,0,0,0.1226
Test07_NG_dchg,방전,NG,3274,0,0,0.1126
Test07_NG_dchg,방전,NG,3275,0,0,0.1226
Test07_NG_dchg,방전,NG,3276,0,0,0.1126
Test07_NG_dchg,방전,NG,3277,0,0,0.1226
Test07_NG_dchg,방전,NG,3278,0,0,0.1541
Test07_NG_dchg,방전,NG,3279,0,0,0.1541
Test07_NG_dchg,방전,NG,3280,0,0,0.1126
Test07_NG_dchg,방전,NG,3281,0,0,0.1541
Test07_NG_dchg,방전,NG,3282,0,0,0.1541
Test07_NG_dchg,방전,NG,3283,0,0,0.1541
Test07_NG_dchg,방전,NG,3284,0,0,0.1541
Test07_NG_dchg,방전,NG,3285,0,0,0.1227
Test07_NG_dchg,방전,NG,3286,0,0,0.1226
Test07_NG_dchg,방전,NG,3287,0,0,0.1541
Test07_NG_dchg,방전,NG,3288,0,0,0.1541
Test07_NG_dchg,방전,NG,3289,0,0,0.1126
Test07_NG_dchg,방전,NG,3290,0,0,0.1541
Test07_NG_dchg,방전,NG,3291,0,0,0.1541
Test07_NG_dchg,방전,NG,3292,0,0,0.1226
Test07_NG_dchg,방전,NG,3293,0,0,0.1226
Test07_NG_dchg,방전,NG,3294,0,0,0.1226
Test07_NG_dchg,방전,NG,3295,0,0,0.1127
Test07_NG_dchg,방전,NG,3296,0,0,0.1541
Test07_NG_dchg,방전,NG,3297,0,0,0.1126
Test07_NG_dchg,방전,NG,3298,0,0,0.1126
Test07_NG_dchg,방전,NG,3299,0,0,0.1227
Test07_NG_dchg,방전,NG,3300,0,0,0.1541
Test07_NG_dchg,방전,NG,3301,0,0,0.1226
Test07_NG_dchg,방전,NG,3302,0,0,0.1541
Test07_NG_dchg,방전,NG,3303,0,0,0.1126
Test07_NG_dchg,방전,NG,3304,0,0,0.1227
Test07_NG_dchg,방전,NG,3305,0,0,0.1227
Test07_NG_dchg,방전,NG,3306,0,0,0.1126
Test07_NG_dchg,방전,NG,3307,0,0,0.1226
Test07_NG_dchg,방전,NG,3308,0,0,0.1127
Test07_NG_dchg,방전,NG,3309,0,0,0.1226
Test07_NG_dchg,방전,NG,3310,0,0,0.1541
Test07_NG_dchg,방전,NG,3311,0,0,0.1541
Test07_NG_dchg,방전,NG,3312,0,0,0.1226
Test07_NG_dchg,방전,NG,3313,0,0,0.1226
Test07_NG_dchg,방전,NG,3314,0,0,0.1226
Test07_NG_dchg,방전,NG,3315,0,0,0.1126
Test07_NG_dchg,방전,NG,3316,0,0,0.1226
Test07_NG_dchg,방전,NG,3317,0,0,0.1126
Test07_NG_dchg,방전,NG,3318,0,0,0.1226
Test07_NG_dchg,방전,NG,3319,0,0,0.1226
Test07_NG_dchg,방전,NG,3320,0,0,0.1226
Test07_NG_dchg,방전,NG,3321,0,0,0.1126
Test07_NG_dchg,방전,NG,3322,0,0,0.1226
Test07_NG_dchg,방전,NG,3323,0,0,0.1541
Test07_NG_dchg,방전,NG,3324,0,0,0.1226
Test07_NG_dchg,방전,NG,3325,0,0,0.1226
Test07_NG_dchg,방전,NG,3326,0,0,0.1126
Test07_NG_dchg,방전,NG,3327,0,0,0.1126
Test07_NG_dchg,방전,NG,3328,0,0,0.1226
Test07_NG_dchg,방전,NG,3329,0,0,0.1126
Test07_NG_dchg,방전,NG,3330,0,0,0.1126
Test07_NG_dchg,방전,NG,3331,0,0,0.1226
Test07_NG_dchg,방전,NG,3332,0,0,0.1541
Test07_NG_dchg,방전,NG,3333,0,0,0.1126
Test07_NG_dchg,방전,NG,3334,0,0,0.1126
Test07_NG_dchg,방전,NG,3335,0,0,0.1226
Test07_NG_dchg,방전,NG,3336,0,0,0.1226
Test07_NG_dchg,방전,NG,3337,0,0,0.1126
Test07_NG_dchg,방전,NG,3338,0,0,0.1126
Test07_NG_dchg,방전,NG,3339,0,0,0.1126
Test07_NG_dchg,방전,NG,3340,0,0,0.1226
Test07_NG_dchg,방전,NG,3341,0,0,0.1226
Test07_NG_dchg,방전,NG,3342,0,0,0.1227
Test07_NG_dchg,방전,NG,3343,0,0,0.1126
Test07_NG_dchg,방전,NG,3344,0,0,0.1126
Test07_NG_dchg,방전,NG,3345,0,0,0.1227
Test07_NG_dchg,방전,NG,3346,0,0,0.1226
Test07_NG_dchg,방전,NG,3347,0,0,0.1226
Test07_NG_dchg,방전,NG,3348,0,0,0.1541
Test07_NG_dchg,방전,NG,3349,0,0,0.1227
Test07_NG_dchg,방전,NG,3350,0,0,0.1541
Test07_NG_dchg,방전,NG,3351,0,0,0.1126
Test07_NG_dchg,방전,NG,3352,0,0,0.1226
Test07_NG_dchg,방전,NG,3353,0,0,0.1127
Test07_NG_dchg,방전,NG,3354,0,0,0.1541
Test07_NG_dchg,방전,NG,3355,0,0,0.1226
Test07_NG_dchg,방전,NG,3356,0,0,0.1227
Test07_NG_dchg,방전,NG,3357,0,0,0.1541
Test07_NG_dchg,방전,NG,3358,0,0,0.1541
Test07_NG_dchg,방전,NG,3359,0,0,0.1541
Test07_NG_dchg,방전,NG,3360,0,0,0.1226
Test07_NG_dchg,방전,NG,3361,0,0,0.1126
Test07_NG_dchg,방전,NG,3362,0,0,0.1541
Test07_NG_dchg,방전,NG,3363,0,0,0.1226
Test07_NG_dchg,방전,NG,3364,0,0,0.1126
Test07_NG_dchg,방전,NG,3365,0,0,0.1126
Test07_NG_dchg,방전,NG,3366,0,0,0.1226
Test07_NG_dchg,방전,NG,3367,0,0,0.1541
Test07_NG_dchg,방전,NG,3368,0,0,0.1541
Test07_NG_dchg,방전,NG,3369,0,0,0.1226
Test07_NG_dchg,방전,NG,3370,0,0,0.1541
Test07_NG_dchg,방전,NG,3371,0,0,0.1126
Test07_NG_dchg,방전,NG,3372,0,0,0.1226
Test07_NG_dchg,방전,NG,3373,0,0,0.1226
Test07_NG_dchg,방전,NG,3374,0,0,0.1126
Test07_NG_dchg,방전,NG,3375,0,0,0.1226
Test07_NG_dchg,방전,NG,3376,0,0,0.1127
Test07_NG_dchg,방전,NG,3377,0,0,0.1126
Test07_NG_dchg,방전,NG,3378,0,0,0.1541
Test07_NG_dchg,방전,NG,3379,0,0,0.1126
Test07_NG_dchg,방전,NG,3380,0,0,0.1126
Test07_NG_dchg,방전,NG,3381,0,0,0.1226
Test07_NG_dchg,방전,NG,3382,0,0,0.1126
Test07_NG_dchg,방전,NG,3383,0,0,0.1226
Test07_NG_dchg,방전,NG,3384,0,0,0.1226
Test07_NG_dchg,방전,NG,3385,0,0,0.1541
Test07_NG_dchg,방전,NG,3386,0,0,0.1226
Test07_NG_dchg,방전,NG,3387,0,0,0.1126
Test07_NG_dchg,방전,NG,3388,0,0,0.1226
Test07_NG_dchg,방전,NG,3389,0,0,0.1126
Test07_NG_dchg,방전,NG,3390,0,0,0.1227
Test07_NG_dchg,방전,NG,3391,0,0,0.1226
Test07_NG_dchg,방전,NG,3392,0,0,0.1227
Test07_NG_dchg,방전,NG,3393,0,0,0.1541
Test07_NG_dchg,방전,NG,3394,0,0,0.1126
Test07_NG_dchg,방전,NG,3395,0,0,0.1541
Test07_NG_dchg,방전,NG,3396,0,0,0.1541
Test07_NG_dchg,방전,NG,3397,0,0,0.1226
Test07_NG_dchg,방전,NG,3398,0,0,0.1653
Test07_NG_dchg,방전,NG,3399,0,0,0.1226
Test07_NG_dchg,방전,NG,3400,0,0,0.1226
Test07_NG_dchg,방전,NG,3401,0,0,0.1126
Test07_NG_dchg,방전,NG,3402,0,0,0.1126
Test07_NG_dchg,방전,NG,3403,0,0,0.1126
Test07_NG_dchg,방전,NG,3404,0,0,0.1226
Test07_NG_dchg,방전,NG,3405,0,0,0.1126
Test07_NG_dchg,방전,NG,3406,0,0,0.1226
Test07_NG_dchg,방전,NG,3407,0,0,0.1226
Test07_NG_dchg,방전,NG,3408,0,0,0.1226
Test07_NG_dchg,방전,NG,3409,0,0,0.1126
Test07_NG_dchg,방전,NG,3410,0,0,0.1541
Test07_NG_dchg,방전,NG,3411,0,0,0.1227
Test07_NG_dchg,방전,NG,3412,0,0,0.1227
Test07_NG_dchg,방전,NG,3413,0,0,0.1126
Test07_NG_dchg,방전,NG,3414,0,0,0.1226
Test07_NG_dchg,방전,NG,3415,0,0,0.1541
Test07_NG_dchg,방전,NG,3416,0,0,0.1127
Test07_NG_dchg,방전,NG,3417,0,0,0.1226
Test07_NG_dchg,방전,NG,3418,0,0,0.1126
Test07_NG_dchg,방전,NG,3419,0,0,0.1541
Test07_NG_dchg,방전,NG,3420,0,0,0.1126
Test07_NG_dchg,방전,NG,3421,0,0,0.1227
Test07_NG_dchg,방전,NG,3422,0,0,0.1226
Test07_NG_dchg,방전,NG,3423,0,0,0.1226
Test07_NG_dchg,방전,NG,3424,0,0,0.1127
Test07_NG_dchg,방전,NG,3425,0,0,0.1126
Test07_NG_dchg,방전,NG,3426,0,0,0.1227
Test07_NG_dchg,방전,NG,3427,0,0,0.1227
Test07_NG_dchg,방전,NG,3428,0,0,0.1226
Test07_NG_dchg,방전,NG,3429,0,0,0.1226
Test07_NG_dchg,방전,NG,3430,0,0,0.1126
Test07_NG_dchg,방전,NG,3431,0,0,0.1126
Test07_NG_dchg,방전,NG,3432,0,0,0.1226
Test07_NG_dchg,방전,NG,3433,0,0,0.1226
Test07_NG_dchg,방전,NG,3434,0,0,0.1226
Test07_NG_dchg,방전,NG,3435,0,0,0.1127
Test07_NG_dchg,방전,NG,3436,0,0,0.1541
Test07_NG_dchg,방전,NG,3437,0,0,0.1226
Test07_NG_dchg,방전,NG,3438,0,0,0.1227
Test07_NG_dchg,방전,NG,3439,0,0,0.1226
Test07_NG_dchg,방전,NG,3440,0,0,0.1127
Test07_NG_dchg,방전,NG,3441,0,0,0.1226
Test07_NG_dchg,방전,NG,3442,0,0,0.1126
Test07_NG_dchg,방전,NG,3443,0,0,0.1126
Test07_NG_dchg,방전,NG,3444,0,0,0.1126
Test07_NG_dchg,방전,NG,3445,0,0,0.1126
Test07_NG_dchg,방전,NG,3446,0,0,0.1541
Test07_NG_dchg,방전,NG,3447,0,0,0.1126
Test07_NG_dchg,방전,NG,3448,0,0,0.1127
Test07_NG_dchg,방전,NG,3449,0,0,0.1126
Test07_NG_dchg,방전,NG,3450,0,0,0.1226
Test07_NG_dchg,방전,NG,3451,0,0,0.1226
Test07_NG_dchg,방전,NG,3452,0,0,0.1126
Test07_NG_dchg,방전,NG,3453,0,0,0.1126
Test07_NG_dchg,방전,NG,3454,0,0,0.1227
Test07_NG_dchg,방전,NG,3455,0,0,0.1226
Test07_NG_dchg,방전,NG,3456,0,0,0.1324
Test07_NG_dchg,방전,NG,3457,0,0,0.1226
Test07_NG_dchg,방전,NG,3458,0,0,0.1126
Test07_NG_dchg,방전,NG,3459,0,0,0.1226
Test07_NG_dchg,방전,NG,3460,0,0,0.1126
Test07_NG_dchg,방전,NG,3461,0,0,0.1126
Test07_NG_dchg,방전,NG,3462,0,0,0.1226
Test07_NG_dchg,방전,NG,3463,0,0,0.1226
Test07_NG_dchg,방전,NG,3464,0,0,0.1541
Test07_NG_dchg,방전,NG,3465,0,0,0.1126
Test07_NG_dchg,방전,NG,3466,0,0,0.1226
Test07_NG_dchg,방전,NG,3467,0,0,0.1226
Test07_NG_dchg,방전,NG,3468,0,0,0.1226
Test07_NG_dchg,방전,NG,3469,0,0,0.1226
Test07_NG_dchg,방전,NG,3470,0,0,0.1226
Test07_NG_dchg,방전,NG,3471,0,0,0.1541
Test07_NG_dchg,방전,NG,3472,0,0,0.1541
Test07_NG_dchg,방전,NG,3473,0,0,0.1126
Test07_NG_dchg,방전,NG,3474,0,0,0.1541
Test07_NG_dchg,방전,NG,3475,0,0,0.1226
Test07_NG_dchg,방전,NG,3476,0,0,0.1541
Test07_NG_dchg,방전,NG,3477,0,0,0.1126
Test07_NG_dchg,방전,NG,3478,0,0,0.1541
Test07_NG_dchg,방전,NG,3479,0,0,0.1226
Test07_NG_dchg,방전,NG,3480,0,0,0.1226
Test07_NG_dchg,방전,NG,3481,0,0,0.1226
Test07_NG_dchg,방전,NG,3482,0,0,0.1541
Test07_NG_dchg,방전,NG,3483,0,0,0.1126
Test07_NG_dchg,방전,NG,3484,0,0,0.1541
Test07_NG_dchg,방전,NG,3485,0,0,0.1126
Test07_NG_dchg,방전,NG,3486,0,0,0.1126
Test07_NG_dchg,방전,NG,3487,0,0,0.1226
Test07_NG_dchg,방전,NG,3488,0,0,0.1226
Test07_NG_dchg,방전,NG,3489,0,0,0.1126
Test07_NG_dchg,방전,NG,3490,0,0,0.1126
Test07_NG_dchg,방전,NG,3491,0,0,0.1541
Test07_NG_dchg,방전,NG,3492,0,0,0.1226
Test07_NG_dchg,방전,NG,3493,0,0,0.1126
Test07_NG_dchg,방전,NG,3494,0,0,0.1226
Test07_NG_dchg,방전,NG,3495,0,0,0.1541
Test07_NG_dchg,방전,NG,3496,0,0,0.1226
Test07_NG_dchg,방전,NG,3497,0,0,0.1126
Test07_NG_dchg,방전,NG,3498,0,0,0.1126
Test07_NG_dchg,방전,NG,3499,0,0,0.1126
Test07_NG_dchg,방전,NG,3500,0,0,0.2419
Test07_NG_dchg,방전,NG,3501,0,0,0.2512
Test07_NG_dchg,방전,NG,3502,0,0,0.1541
Test07_NG_dchg,방전,NG,3503,0,0,0.1127
Test07_NG_dchg,방전,NG,3504,0,0,0.1541
Test07_NG_dchg,방전,NG,3505,0,0,0.1541
Test07_NG_dchg,방전,NG,3506,0,0,0.1541
Test07_NG_dchg,방전,NG,3507,0,0,0.1541
Test07_NG_dchg,방전,NG,3508,0,0,0.1126
Test07_NG_dchg,방전,NG,3509,0,0,0.1126
Test07_NG_dchg,방전,NG,3510,0,0,0.1126
Test07_NG_dchg,방전,NG,3511,0,0,0.1126
Test07_NG_dchg,방전,NG,3512,0,0,0.1126
Test07_NG_dchg,방전,NG,3513,0,0,0.1226
Test07_NG_dchg,방전,NG,3514,0,0,0.1126
Test07_NG_dchg,방전,NG,3515,0,0,0.1227
Test07_NG_dchg,방전,NG,3516,0,0,0.1226
Test07_NG_dchg,방전,NG,3517,0,0,0.1226
Test07_NG_dchg,방전,NG,3518,0,0,0.1226
Test07_NG_dchg,방전,NG,3519,0,0,0.1126
Test07_NG_dchg,방전,NG,3520,0,0,0.1126
Test07_NG_dchg,방전,NG,3521,0,0,0.1126
Test07_NG_dchg,방전,NG,3522,0,0,0.1126
Test07_NG_dchg,방전,NG,3523,0,0,0.1126
Test07_NG_dchg,방전,NG,3524,0,0,0.1226
Test07_NG_dchg,방전,NG,3525,0,0,0.1226
Test07_NG_dchg,방전,NG,3526,0,0,0.1126
Test07_NG_dchg,방전,NG,3527,0,0,0.1226
Test07_NG_dchg,방전,NG,3528,0,0,0.1653
Test07_NG_dchg,방전,NG,3529,0,0,0.1226
Test07_NG_dchg,방전,NG,3530,0,0,0.1126
Test07_NG_dchg,방전,NG,3531,0,0,0.1227
Test07_NG_dchg,방전,NG,3532,0,0,0.1127
Test07_NG_dchg,방전,NG,3533,0,0,0.1126
Test07_NG_dchg,방전,NG,3534,0,0,0.1127
Test07_NG_dchg,방전,NG,3535,0,0,0.1226
Test07_NG_dchg,방전,NG,3536,0,0,0.1227
Test07_NG_dchg,방전,NG,3537,0,0,0.1226
Test07_NG_dchg,방전,NG,3538,0,0,0.1126
Test07_NG_dchg,방전,NG,3539,0,0,0.1126
Test07_NG_dchg,방전,NG,3540,0,0,0.1541
Test07_NG_dchg,방전,NG,3541,0,0,0.1126
Test07_NG_dchg,방전,NG,3542,0,0,0.1126
Test07_NG_dchg,방전,NG,3543,0,0,0.1226
Test07_NG_dchg,방전,NG,3544,0,0,0.1541
Test07_NG_dchg,방전,NG,3545,0,0,0.1541
Test07_NG_dchg,방전,NG,3546,0,0,0.1126
Test07_NG_dchg,방전,NG,3547,0,0,0.1126
Test07_NG_dchg,방전,NG,3548,0,0,0.1226
Test07_NG_dchg,방전,NG,3549,0,0,0.1541
Test07_NG_dchg,방전,NG,3550,0,0,0.1226
Test07_NG_dchg,방전,NG,3551,0,0,0.1653
Test07_NG_dchg,방전,NG,3552,0,0,0.1226
Test07_NG_dchg,방전,NG,3553,0,0,0.1226
Test07_NG_dchg,방전,NG,3554,0,0,0.1226
Test07_NG_dchg,방전,NG,3555,0,0,0.1226
Test07_NG_dchg,방전,NG,3556,0,0,0.1126
Test07_NG_dchg,방전,NG,3557,0,0,0.1126
Test07_NG_dchg,방전,NG,3558,0,0,0.1126
Test07_NG_dchg,방전,NG,3559,0,0,0.1226
Test07_NG_dchg,방전,NG,3560,0,0,0.1126
Test07_NG_dchg,방전,NG,3561,0,0,0.1126
Test07_NG_dchg,방전,NG,3562,0,0,0.1226
Test07_NG_dchg,방전,NG,3563,0,0,0.1226
Test07_NG_dchg,방전,NG,3564,0,0,0.1541
Test07_NG_dchg,방전,NG,3565,0,0,0.1541
Test07_NG_dchg,방전,NG,3566,0,0,0.1126
Test07_NG_dchg,방전,NG,3567,0,0,0.1126
Test07_NG_dchg,방전,NG,3568,0,0,0.1126
Test07_NG_dchg,방전,NG,3569,0,0,0.1226
Test07_NG_dchg,방전,NG,3570,0,0,0.1226
Test07_NG_dchg,방전,NG,3571,0,0,0.1226
Test07_NG_dchg,방전,NG,3572,0,0,0.1541
Test07_NG_dchg,방전,NG,3573,0,0,0.1126
Test07_NG_dchg,방전,NG,3574,0,0,0.1226
Test07_NG_dchg,방전,NG,3575,0,0,0.1226
Test07_NG_dchg,방전,NG,3576,0,0,0.1541
Test07_NG_dchg,방전,NG,3577,0,0,0.1126
Test07_NG_dchg,방전,NG,3578,0,0,0.1226
Test07_NG_dchg,방전,NG,3579,0,0,0.1226
Test07_NG_dchg,방전,NG,3580,0,0,0.1541
Test07_NG_dchg,방전,NG,3581,0,0,0.1126
Test07_NG_dchg,방전,NG,3582,0,0,0.1226
Test07_NG_dchg,방전,NG,3583,0,0,0.2419
Test07_NG_dchg,방전,NG,3584,0,0,0.1541
Test07_NG_dchg,방전,NG,3585,0,0,0.1226
Test07_NG_dchg,방전,NG,3586,0,0,0.1126
Test07_NG_dchg,방전,NG,3587,0,0,0.1126
Test07_NG_dchg,방전,NG,3588,0,0,0.1226
Test07_NG_dchg,방전,NG,3589,0,0,0.1653
Test07_NG_dchg,방전,NG,3590,0,0,0.1126
Test07_NG_dchg,방전,NG,3591,0,0,0.1226
Test07_NG_dchg,방전,NG,3592,0,0,0.1126
Test07_NG_dchg,방전,NG,3593,0,0,0.1541
Test07_NG_dchg,방전,NG,3594,0,0,0.1226
Test07_NG_dchg,방전,NG,3595,0,0,0.1226
Test07_NG_dchg,방전,NG,3596,0,0,0.1126
Test07_NG_dchg,방전,NG,3597,0,0,0.1226
Test07_NG_dchg,방전,NG,3598,0,0,0.1126
Test07_NG_dchg,방전,NG,3599,0,0,0.1226
Test07_NG_dchg,방전,NG,3600,0,0,0.1226
Test07_NG_dchg,방전,NG,3601,0,0,0.1126
Test07_NG_dchg,방전,NG,3602,0,0,0.1226
Test07_NG_dchg,방전,NG,3603,0,0,0.1226
Test07_NG_dchg,방전,NG,3604,0,0,0.1226
Test07_NG_dchg,방전,NG,3605,0,0,0.1226
Test07_NG_dchg,방전,NG,3606,0,0,0.1126
Test07_NG_dchg,방전,NG,3607,0,0,0.1325
Test07_NG_dchg,방전,NG,3608,0,0,0.1126
Test07_NG_dchg,방전,NG,3609,0,0,0.1126
Test07_NG_dchg,방전,NG,3610,0,0,0.1126
Test07_NG_dchg,방전,NG,3611,0,0,0.1126
Test07_NG_dchg,방전,NG,3612,0,0,0.1226
Test07_NG_dchg,방전,NG,3613,0,0,0.1226
Test07_NG_dchg,방전,NG,3614,0,0,0.1541
Test07_NG_dchg,방전,NG,3615,0,0,0.1541
Test07_NG_dchg,방전,NG,3616,0,0,0.1126
Test07_NG_dchg,방전,NG,3617,0,0,0.1226
Test07_NG_dchg,방전,NG,3618,0,0,0.1226
Test07_NG_dchg,방전,NG,3619,0,0,0.1226
Test07_NG_dchg,방전,NG,3620,0,0,0.1226
Test07_NG_dchg,방전,NG,3621,0,0,0.1541
Test07_NG_dchg,방전,NG,3622,0,0,0.1126
Test07_NG_dchg,방전,NG,3623,0,0,0.1226
Test07_NG_dchg,방전,NG,3624,0,0,0.1126
Test07_NG_dchg,방전,NG,3625,0,0,0.1541
Test07_NG_dchg,방전,NG,3626,0,0,0.1324
Test07_NG_dchg,방전,NG,3627,0,0,0.1226
Test07_NG_dchg,방전,NG,3628,0,0,0.1541
Test07_NG_dchg,방전,NG,3629,0,0,0.1226
Test07_NG_dchg,방전,NG,3630,0,0,0.1226
Test07_NG_dchg,방전,NG,3631,0,0,0.1226
Test07_NG_dchg,방전,NG,3632,0,0,0.1126
Test07_NG_dchg,방전,NG,3633,0,0,0.1226
Test07_NG_dchg,방전,NG,3634,0,0,0.1126
Test07_NG_dchg,방전,NG,3635,0,0,0.1126
Test07_NG_dchg,방전,NG,3636,0,0,0.1126
Test07_NG_dchg,방전,NG,3637,0,0,0.1226
Test07_NG_dchg,방전,NG,3638,0,0,0.1226
Test07_NG_dchg,방전,NG,3639,0,0,0.1126
Test07_NG_dchg,방전,NG,3640,0,0,0.1226
Test07_NG_dchg,방전,NG,3641,0,0,0.1126
Test07_NG_dchg,방전,NG,3642,0,0,0.1324
Test07_NG_dchg,방전,NG,3643,0,0,0.1227
Test07_NG_dchg,방전,NG,3644,0,0,0.1126
Test07_NG_dchg,방전,NG,3645,0,0,0.1227
Test07_NG_dchg,방전,NG,3646,0,0,0.1126
Test07_NG_dchg,방전,NG,3647,0,0,0.1226
Test07_NG_dchg,방전,NG,3648,0,0,0.1126
Test07_NG_dchg,방전,NG,3649,0,0,0.1127
Test07_NG_dchg,방전,NG,3650,0,0,0.1226
Test07_NG_dchg,방전,NG,3651,0,0,0.1226
Test07_NG_dchg,방전,NG,3652,0,0,0.1126
Test07_NG_dchg,방전,NG,3653,0,0,0.1127
Test07_NG_dchg,방전,NG,3654,0,0,0.1126
Test07_NG_dchg,방전,NG,3655,0,0,0.1226
Test07_NG_dchg,방전,NG,3656,0,0,0.1126
Test07_NG_dchg,방전,NG,3657,0,0,0.1126
Test07_NG_dchg,방전,NG,3658,0,0,0.1126
Test07_NG_dchg,방전,NG,3659,0,0,0.1126
Test07_NG_dchg,방전,NG,3660,0,0,0.1126
Test07_NG_dchg,방전,NG,3661,0,0,0.1127
Test07_NG_dchg,방전,NG,3662,0,0,0.1227
Test07_NG_dchg,방전,NG,3663,0,0,0.1324
Test07_NG_dchg,방전,NG,3664,0,0,0.1226
Test07_NG_dchg,방전,NG,3665,0,0,0.1226
Test07_NG_dchg,방전,NG,3666,0,0,0.1226
Test07_NG_dchg,방전,NG,3667,0,0,0.1226
Test07_NG_dchg,방전,NG,3668,0,0,0.1126
Test07_NG_dchg,방전,NG,3669,0,0,0.1126
Test07_NG_dchg,방전,NG,3670,0,0,0.1127
Test07_NG_dchg,방전,NG,3671,0,0,0.1541
Test07_NG_dchg,방전,NG,3672,0,0,0.1126
Test07_NG_dchg,방전,NG,3673,0,0,0.1126
Test07_NG_dchg,방전,NG,3674,0,0,0.1226
Test07_NG_dchg,방전,NG,3675,0,0,0.1126
Test07_NG_dchg,방전,NG,3676,0,0,0.1126
Test07_NG_dchg,방전,NG,3677,0,0,0.1127
Test07_NG_dchg,방전,NG,3678,0,0,0.1126
Test07_NG_dchg,방전,NG,3679,0,0,0.1126
Test07_NG_dchg,방전,NG,3680,0,0,0.1126
Test07_NG_dchg,방전,NG,3681,0,0,0.1126
Test07_NG_dchg,방전,NG,3682,0,0,0.1226
Test07_NG_dchg,방전,NG,3683,0,0,0.1126
Test07_NG_dchg,방전,NG,3684,0,0,0.1126
Test07_NG_dchg,방전,NG,3685,0,0,0.1126
Test07_NG_dchg,방전,NG,3686,0,0,0.1126
Test07_NG_dchg,방전,NG,3687,0,0,0.1541
Test07_NG_dchg,방전,NG,3688,0,0,0.1126
Test07_NG_dchg,방전,NG,3689,0,0,0.1226
Test07_NG_dchg,방전,NG,3690,0,0,0.1226
Test07_NG_dchg,방전,NG,3691,0,0,0.1541
Test07_NG_dchg,방전,NG,3692,0,0,0.1127
Test07_NG_dchg,방전,NG,3693,0,0,0.1126
Test07_NG_dchg,방전,NG,3694,0,0,0.1226
Test07_NG_dchg,방전,NG,3695,0,0,0.1226
Test07_NG_dchg,방전,NG,3696,0,0,0.1226
Test07_NG_dchg,방전,NG,3697,0,0,0.1226
Test07_NG_dchg,방전,NG,3698,0,0,0.1226
Test07_NG_dchg,방전,NG,3699,0,0,0.1226
Test07_NG_dchg,방전,NG,3700,0,0,0.1226
Test07_NG_dchg,방전,NG,3701,0,0,0.1126
Test07_NG_dchg,방전,NG,3702,0,0,0.1127
Test07_NG_dchg,방전,NG,3703,0,0,0.1226
Test07_NG_dchg,방전,NG,3704,0,0,0.1226
Test07_NG_dchg,방전,NG,3705,0,0,0.1126
Test07_NG_dchg,방전,NG,3706,0,0,0.1324
Test07_NG_dchg,방전,NG,3707,0,0,0.1126
Test07_NG_dchg,방전,NG,3708,0,0,0.1226
Test07_NG_dchg,방전,NG,3709,0,0,0.1127
Test07_NG_dchg,방전,NG,3710,0,0,0.2419
Test07_NG_dchg,방전,NG,3711,0,0,0.1226
Test07_NG_dchg,방전,NG,3712,0,0,0.1541
Test07_NG_dchg,방전,NG,3713,0,0,0.1126
Test07_NG_dchg,방전,NG,3714,0,0,0.1226
Test07_NG_dchg,방전,NG,3715,0,0,0.1226
Test07_NG_dchg,방전,NG,3716,0,0,0.1324
Test07_NG_dchg,방전,NG,3717,0,0,0.1126
Test07_NG_dchg,방전,NG,3718,0,0,0.1127
Test07_NG_dchg,방전,NG,3719,0,0,0.1226
Test07_NG_dchg,방전,NG,3720,0,0,0.1541
Test07_NG_dchg,방전,NG,3721,0,0,0.1226
Test07_NG_dchg,방전,NG,3722,0,0,0.1126
Test07_NG_dchg,방전,NG,3723,0,0,0.1126
Test07_NG_dchg,방전,NG,3724,0,0,0.1324
Test07_NG_dchg,방전,NG,3725,0,0,0.1126
Test07_NG_dchg,방전,NG,3726,0,0,0.1226
Test07_NG_dchg,방전,NG,3727,0,0,0.1541
Test07_NG_dchg,방전,NG,3728,0,0,0.1126
Test07_NG_dchg,방전,NG,3729,0,0,0.1541
Test07_NG_dchg,방전,NG,3730,0,0,0.1226
Test07_NG_dchg,방전,NG,3731,0,0,0.1226
Test07_NG_dchg,방전,NG,3732,0,0,0.1226
Test07_NG_dchg,방전,NG,3733,0,0,0.1226
Test07_NG_dchg,방전,NG,3734,0,0,0.1226
Test07_NG_dchg,방전,NG,3735,0,0,0.1653
Test07_NG_dchg,방전,NG,3736,0,0,0.1126
Test07_NG_dchg,방전,NG,3737,0,0,0.1226
Test07_NG_dchg,방전,NG,3738,0,0,0.1226
Test07_NG_dchg,방전,NG,3739,0,0,0.1126
Test07_NG_dchg,방전,NG,3740,0,0,0.1226
Test07_NG_dchg,방전,NG,3741,0,0,0.1126
Test07_NG_dchg,방전,NG,3742,0,0,0.1126
Test07_NG_dchg,방전,NG,3743,0,0,0.1226
Test07_NG_dchg,방전,NG,3744,0,0,0.1324
Test07_NG_dchg,방전,NG,3745,0,0,0.1126
Test07_NG_dchg,방전,NG,3746,0,0,0.1226
Test07_NG_dchg,방전,NG,3747,0,0,0.1324
Test07_NG_dchg,방전,NG,3748,0,0,0.1226
Test07_NG_dchg,방전,NG,3749,0,0,0.1126
Test07_NG_dchg,방전,NG,3750,0,0,0.1126
Test07_NG_dchg,방전,NG,3751,0,0,0.1226
Test07_NG_dchg,방전,NG,3752,0,0,0.1541
Test07_NG_dchg,방전,NG,3753,0,0,0.1226
Test07_NG_dchg,방전,NG,3754,0,0,0.1126
Test07_NG_dchg,방전,NG,3755,0,0,0.1126
Test07_NG_dchg,방전,NG,3756,0,0,0.1126
Test07_NG_dchg,방전,NG,3757,0,0,0.1324
Test07_NG_dchg,방전,NG,3758,0,0,0.1127
Test07_NG_dchg,방전,NG,3759,0,0,0.1226
Test07_NG_dchg,방전,NG,3760,0,0,0.1226
Test07_NG_dchg,방전,NG,3761,0,0,0.1126
Test07_NG_dchg,방전,NG,3762,0,0,0.1541
Test07_NG_dchg,방전,NG,3763,0,0,0.1126
Test07_NG_dchg,방전,NG,3764,0,0,0.1126
Test07_NG_dchg,방전,NG,3765,0,0,0.1226
Test07_NG_dchg,방전,NG,3766,0,0,0.1126
Test07_NG_dchg,방전,NG,3767,0,0,0.1127
Test07_NG_dchg,방전,NG,3768,0,0,0.1126
Test07_NG_dchg,방전,NG,3769,0,0,0.1127
Test07_NG_dchg,방전,NG,3770,0,0,0.1226
Test07_NG_dchg,방전,NG,3771,0,0,0.1226
Test07_NG_dchg,방전,NG,3772,0,0,0.1227
Test07_NG_dchg,방전,NG,3773,0,0,0.1226
Test07_NG_dchg,방전,NG,3774,0,0,0.1127
Test07_NG_dchg,방전,NG,3775,0,0,0.1127
Test07_NG_dchg,방전,NG,3776,0,0,0.1226
Test07_NG_dchg,방전,NG,3777,0,0,0.1226
Test07_NG_dchg,방전,NG,3778,0,0,0.1127
Test07_NG_dchg,방전,NG,3779,0,0,0.1653
Test07_NG_dchg,방전,NG,3780,0,0,0.1226
Test07_NG_dchg,방전,NG,3781,0,0,0.1126
Test07_NG_dchg,방전,NG,3782,0,0,0.1126
Test07_NG_dchg,방전,NG,3783,0,0,0.1226
Test07_NG_dchg,방전,NG,3784,0,0,0.1126
Test07_NG_dchg,방전,NG,3785,0,0,0.1126
Test07_NG_dchg,방전,NG,3786,0,0,0.1127
Test07_NG_dchg,방전,NG,3787,0,0,0.1226
Test07_NG_dchg,방전,NG,3788,0,0,0.1653
Test07_NG_dchg,방전,NG,3789,0,0,0.1126
Test07_NG_dchg,방전,NG,3790,0,0,0.1653
Test07_NG_dchg,방전,NG,3791,0,0,0.1226
Test07_NG_dchg,방전,NG,3792,0,0,0.1126
Test07_NG_dchg,방전,NG,3793,0,0,0.1226
Test07_NG_dchg,방전,NG,3794,0,0,0.1126
Test07_NG_dchg,방전,NG,3795,0,0,0.1127
Test07_NG_dchg,방전,NG,3796,0,0,0.1226
Test07_NG_dchg,방전,NG,3797,0,0,0.1126
Test07_NG_dchg,방전,NG,3798,0,0,0.1541
Test07_NG_dchg,방전,NG,3799,0,0,0.1324
Test07_NG_dchg,방전,NG,3800,0,0,0.1541
Test07_NG_dchg,방전,NG,3801,0,0,0.1127
Test07_NG_dchg,방전,NG,3802,0,0,0.1227
Test07_NG_dchg,방전,NG,3803,0,0,0.1226
Test07_NG_dchg,방전,NG,3804,0,0,0.1226
Test07_NG_dchg,방전,NG,3805,0,0,0.1127
Test07_NG_dchg,방전,NG,3806,0,0,0.1126
Test07_NG_dchg,방전,NG,3807,0,0,0.1653
Test07_NG_dchg,방전,NG,3808,0,0,0.1226
Test07_NG_dchg,방전,NG,3809,0,0,0.1226
Test07_NG_dchg,방전,NG,3810,0,0,0.1226
Test07_NG_dchg,방전,NG,3811,0,0,0.1126
Test07_NG_dchg,방전,NG,3812,0,0,0.1226
Test07_NG_dchg,방전,NG,3813,0,0,0.1227
Test07_NG_dchg,방전,NG,3814,0,0,0.1226
Test07_NG_dchg,방전,NG,3815,0,0,0.1126
Test07_NG_dchg,방전,NG,3816,0,0,0.1541
Test07_NG_dchg,방전,NG,3817,0,0,0.1127
Test07_NG_dchg,방전,NG,3818,0,0,0.1126
Test07_NG_dchg,방전,NG,3819,0,0,0.1126
Test07_NG_dchg,방전,NG,3820,0,0,0.1226
Test07_NG_dchg,방전,NG,3821,0,0,0.1126
Test07_NG_dchg,방전,NG,3822,0,0,0.1126
Test07_NG_dchg,방전,NG,3823,0,0,0.1226
Test07_NG_dchg,방전,NG,3824,0,0,0.1324
Test07_NG_dchg,방전,NG,3825,0,0,0.1541
Test07_NG_dchg,방전,NG,3826,0,0,0.1226
Test07_NG_dchg,방전,NG,3827,0,0,0.1127
Test07_NG_dchg,방전,NG,3828,0,0,0.1541
Test07_NG_dchg,방전,NG,3829,0,0,0.1226
Test07_NG_dchg,방전,NG,3830,0,0,0.2611
Test07_NG_dchg,방전,NG,3831,0,0,0.2512
Test07_NG_dchg,방전,NG,3832,0,0,0.1226
Test07_NG_dchg,방전,NG,3833,0,0,0.1226
Test07_NG_dchg,방전,NG,3834,0,0,0.1227
Test07_NG_dchg,방전,NG,3835,0,0,0.1226
Test07_NG_dchg,방전,NG,3836,0,0,0.1126
Test07_NG_dchg,방전,NG,3837,0,0,0.1126
Test07_NG_dchg,방전,NG,3838,0,0,0.1126
Test07_NG_dchg,방전,NG,3839,0,0,0.1226
Test07_NG_dchg,방전,NG,3840,0,0,0.1541
Test07_NG_dchg,방전,NG,3841,0,0,0.1226
Test07_NG_dchg,방전,NG,3842,0,0,0.1226
Test07_NG_dchg,방전,NG,3843,0,0,0.1126
Test07_NG_dchg,방전,NG,3844,0,0,0.1126
Test07_NG_dchg,방전,NG,3845,0,0,0.1126
Test07_NG_dchg,방전,NG,3846,0,0,0.1324
Test07_NG_dchg,방전,NG,3847,0,0,0.1541
Test07_NG_dchg,방전,NG,3848,0,0,0.1126
Test07_NG_dchg,방전,NG,3849,0,0,0.2512
Test07_NG_dchg,방전,NG,3850,0,0,0.1226
Test07_NG_dchg,방전,NG,3851,0,0,0.1541
Test07_NG_dchg,방전,NG,3852,0,0,0.1653
Test07_NG_dchg,방전,NG,3853,0,0,0.1541
Test07_NG_dchg,방전,NG,3854,0,0,0.1226
Test07_NG_dchg,방전,NG,3855,0,0,0.2419
Test07_NG_dchg,방전,NG,3856,0,0,0.1541
Test07_NG_dchg,방전,NG,3857,0,0,0.1126
Test07_NG_dchg,방전,NG,3858,0,0,0.1127
Test07_NG_dchg,방전,NG,3859,0,0,0.1227
Test07_NG_dchg,방전,NG,3860,0,0,0.1126
Test07_NG_dchg,방전,NG,3861,0,0,0.1126
Test07_NG_dchg,방전,NG,3862,0,0,0.1226
Test07_NG_dchg,방전,NG,3863,0,0,0.1226
Test07_NG_dchg,방전,NG,3864,0,0,0.1324
Test07_NG_dchg,방전,NG,3865,0,0,0.1541
Test07_NG_dchg,방전,NG,3866,0,0,0.1127
Test07_NG_dchg,방전,NG,3867,0,0,0.1541
Test07_NG_dchg,방전,NG,3868,0,0,0.1541
Test07_NG_dchg,방전,NG,3869,0,0,0.1226
Test07_NG_dchg,방전,NG,3870,0,0,0.1653
Test07_NG_dchg,방전,NG,3871,0,0,0.1126
Test07_NG_dchg,방전,NG,3872,0,0,0.1227
Test07_NG_dchg,방전,NG,3873,0,0,0.1324
Test07_NG_dchg,방전,NG,3874,0,0,0.1127
Test07_NG_dchg,방전,NG,3875,0,0,0.1126
Test07_NG_dchg,방전,NG,3876,0,0,0.1226
Test07_NG_dchg,방전,NG,3877,0,0,0.1226
Test07_NG_dchg,방전,NG,3878,0,0,0.1324
Test07_NG_dchg,방전,NG,3879,0,0,0.1226
Test07_NG_dchg,방전,NG,3880,0,0,0.1226
Test07_NG_dchg,방전,NG,3881,0,0,0.1126
Test07_NG_dchg,방전,NG,3882,0,0,0.1653
Test07_NG_dchg,방전,NG,3883,0,0,0.1227
Test07_NG_dchg,방전,NG,3884,0,0,0.1227
Test07_NG_dchg,방전,NG,3885,0,0,0.1226
Test07_NG_dchg,방전,NG,3886,0,0,0.1226
Test07_NG_dchg,방전,NG,3887,0,0,0.1541
Test07_NG_dchg,방전,NG,3888,0,0,0.1126
Test07_NG_dchg,방전,NG,3889,0,0,0.2512
Test07_NG_dchg,방전,NG,3890,0,0,0.1126
Test07_NG_dchg,방전,NG,3891,0,0,0.1541
Test07_NG_dchg,방전,NG,3892,0,0,0.2421
Test07_NG_dchg,방전,NG,3893,0,0,0.1541
Test07_NG_dchg,방전,NG,3894,0,0,0.1226
Test07_NG_dchg,방전,NG,3895,0,0,0.1226
Test07_NG_dchg,방전,NG,3896,0,0,0.1324
Test07_NG_dchg,방전,NG,3897,0,0,0.1226
Test07_NG_dchg,방전,NG,3898,0,0,0.1226
Test07_NG_dchg,방전,NG,3899,0,0,0.1653
Test07_NG_dchg,방전,NG,3900,0,0,0.1226
Test07_NG_dchg,방전,NG,3901,0,0,0.1541
Test07_NG_dchg,방전,NG,3902,0,0,0.1226
Test07_NG_dchg,방전,NG,3903,0,0,0.1541
Test07_NG_dchg,방전,NG,3904,0,0,0.1226
Test07_NG_dchg,방전,NG,3905,0,0,0.1325
Test07_NG_dchg,방전,NG,3906,0,0,0.1226
Test07_NG_dchg,방전,NG,3907,0,0,0.1227
Test07_NG_dchg,방전,NG,3908,0,0,0.1226
Test07_NG_dchg,방전,NG,3909,0,0,0.1126
Test07_NG_dchg,방전,NG,3910,0,0,0.1127
Test07_NG_dchg,방전,NG,3911,0,0,0.1653
Test07_NG_dchg,방전,NG,3912,0,0,0.1227
Test07_NG_dchg,방전,NG,3913,0,0,0.1541
Test07_NG_dchg,방전,NG,3914,0,0,0.1653
Test07_NG_dchg,방전,NG,3915,0,0,0.1324
Test07_NG_dchg,방전,NG,3916,0,0,0.1653
Test07_NG_dchg,방전,NG,3917,0,0,0.1324
Test07_NG_dchg,방전,NG,3918,0,0,0.1126
Test07_NG_dchg,방전,NG,3919,0,0,0.1226
Test07_NG_dchg,방전,NG,3920,0,0,0.1126
Test07_NG_dchg,방전,NG,3921,0,0,0.1541
Test07_NG_dchg,방전,NG,3922,0,0,0.1541
Test07_NG_dchg,방전,NG,3923,0,0,0.2512
Test07_NG_dchg,방전,NG,3924,0,0,0.1226
Test07_NG_dchg,방전,NG,3925,0,0,0.1126
Test07_NG_dchg,방전,NG,3926,0,0,0.1126
Test07_NG_dchg,방전,NG,3927,0,0,0.1126
Test07_NG_dchg,방전,NG,3928,0,0,0.1126
Test07_NG_dchg,방전,NG,3929,0,0,0.1126
Test07_NG_dchg,방전,NG,3930,0,0,0.1226
Test07_NG_dchg,방전,NG,3931,0,0,0.1541
Test07_NG_dchg,방전,NG,3932,0,0,0.1325
Test07_NG_dchg,방전,NG,3933,0,0,0.1126
Test07_NG_dchg,방전,NG,3934,0,0,0.1653
Test07_NG_dchg,방전,NG,3935,0,0,0.1653
Test07_NG_dchg,방전,NG,3936,0,0,0.1126
Test07_NG_dchg,방전,NG,3937,0,0,0.1226
Test07_NG_dchg,방전,NG,3938,0,0,0.1127
Test07_NG_dchg,방전,NG,3939,0,0,0.1226
Test07_NG_dchg,방전,NG,3940,0,0,0.1653
Test07_NG_dchg,방전,NG,3941,0,0,0.1226
Test07_NG_dchg,방전,NG,3942,0,0,0.2419
Test07_NG_dchg,방전,NG,3943,0,0,0.1126
Test07_NG_dchg,방전,NG,3944,0,0,0.1226
Test07_NG_dchg,방전,NG,3945,0,0,0.1226
Test07_NG_dchg,방전,NG,3946,0,0,0.1541
Test07_NG_dchg,방전,NG,3947,0,0,0.1126
Test07_NG_dchg,방전,NG,3948,0,0,0.1653
Test07_NG_dchg,방전,NG,3949,0,0,0.1541
Test07_NG_dchg,방전,NG,3950,0,0,0.1126
Test07_NG_dchg,방전,NG,3951,0,0,0.1324
Test07_NG_dchg,방전,NG,3952,0,0,0.1541
Test07_NG_dchg,방전,NG,3953,0,0,0.1126
Test07_NG_dchg,방전,NG,3954,0,0,0.1226
Test07_NG_dchg,방전,NG,3955,0,0,0.1226
Test07_NG_dchg,방전,NG,3956,0,0,0.2419
Test07_NG_dchg,방전,NG,3957,0,0,0.1324
Test07_NG_dchg,방전,NG,3958,0,0,0.2419
Test07_NG_dchg,방전,NG,3959,0,0,0.1653
Test07_NG_dchg,방전,NG,3960,0,0,0.1227
Test07_NG_dchg,방전,NG,3961,0,0,0.1226
Test07_NG_dchg,방전,NG,3962,0,0,0.1127
Test07_NG_dchg,방전,NG,3963,0,0,0.1126
Test07_NG_dchg,방전,NG,3964,0,0,0.1541
Test07_NG_dchg,방전,NG,3965,0,0,0.1126
Test07_NG_dchg,방전,NG,3966,0,0,0.1653
Test07_NG_dchg,방전,NG,3967,0,0,0.1541
Test07_NG_dchg,방전,NG,3968,0,0,0.1541
Test07_NG_dchg,방전,NG,3969,0,0,0.1226
Test07_NG_dchg,방전,NG,3970,0,0,0.1226
Test07_NG_dchg,방전,NG,3971,0,0,0.1226
Test07_NG_dchg,방전,NG,3972,0,0,0.1126
Test07_NG_dchg,방전,NG,3973,0,0,0.1653
Test07_NG_dchg,방전,NG,3974,0,0,0.1226
Test07_NG_dchg,방전,NG,3975,0,0,0.1226
Test07_NG_dchg,방전,NG,3976,0,0,0.1541
Test07_NG_dchg,방전,NG,3977,0,0,0.1226
Test07_NG_dchg,방전,NG,3978,0,0,0.1541
Test07_NG_dchg,방전,NG,3979,0,0,0.1226
Test07_NG_dchg,방전,NG,3980,0,0,0.1226
Test07_NG_dchg,방전,NG,3981,0,0,0.1653
Test07_NG_dchg,방전,NG,3982,0,0,0.1126
Test07_NG_dchg,방전,NG,3983,0,0,0.1227
Test07_NG_dchg,방전,NG,3984,0,0,0.1226
Test07_NG_dchg,방전,NG,3985,0,0,0.1226
Test07_NG_dchg,방전,NG,3986,0,0,0.1226
Test07_NG_dchg,방전,NG,3987,0,0,0.1653
Test07_NG_dchg,방전,NG,3988,0,0,0.1541
Test07_NG_dchg,방전,NG,3989,0,0,0.1226
Test07_NG_dchg,방전,NG,3990,0,0,0.1324
Test07_NG_dchg,방전,NG,3991,0,0,0.1226
Test07_NG_dchg,방전,NG,3992,0,0,0.1541
Test07_NG_dchg,방전,NG,3993,0,0,0.1227
Test07_NG_dchg,방전,NG,3994,0,0,0.1653
Test07_NG_dchg,방전,NG,3995,0,0,0.1226
Test07_NG_dchg,방전,NG,3996,0,0,0.1227
Test07_NG_dchg,방전,NG,3997,0,0,0.1226
Test07_NG_dchg,방전,NG,3998,0,0,0.1226
Test07_NG_dchg,방전,NG,3999,0,0,0.1325
Test07_NG_dchg,방전,NG,4000,0,0,0.1226
Test07_NG_dchg,방전,NG,4001,0,0,0.1226
Test07_NG_dchg,방전,NG,4002,0,0,0.1541
Test07_NG_dchg,방전,NG,4003,0,0,0.1126
Test07_NG_dchg,방전,NG,4004,0,0,0.1653
Test07_NG_dchg,방전,NG,4005,0,0,0.1226
Test07_NG_dchg,방전,NG,4006,0,0,0.1126
Test07_NG_dchg,방전,NG,4007,0,0,0.1653
Test07_NG_dchg,방전,NG,4008,0,0,0.1226
Test07_NG_dchg,방전,NG,4009,0,0,0.1126
Test07_NG_dchg,방전,NG,4010,0,0,0.1541
Test07_NG_dchg,방전,NG,4011,0,0,0.1227
Test07_NG_dchg,방전,NG,4012,0,0,0.1126
Test07_NG_dchg,방전,NG,4013,0,0,0.1226
Test07_NG_dchg,방전,NG,4014,0,0,0.1226
Test07_NG_dchg,방전,NG,4015,0,0,0.1226
Test07_NG_dchg,방전,NG,4016,0,0,0.1226
Test07_NG_dchg,방전,NG,4017,0,0,0.1126
Test07_NG_dchg,방전,NG,4018,0,0,0.1126
Test07_NG_dchg,방전,NG,4019,0,0,0.1226
Test07_NG_dchg,방전,NG,4020,0,0,0.1226
Test07_NG_dchg,방전,NG,4021,0,0,0.1541
Test07_NG_dchg,방전,NG,4022,0,0,0.1227
Test07_NG_dchg,방전,NG,4023,0,0,0.1126
Test07_NG_dchg,방전,NG,4024,0,0,0.1227
Test07_NG_dchg,방전,NG,4025,0,0,0.1226
Test07_NG_dchg,방전,NG,4026,0,0,0.1226
Test07_NG_dchg,방전,NG,4027,0,0,0.1226
Test07_NG_dchg,방전,NG,4028,0,0,0.1653
Test07_NG_dchg,방전,NG,4029,0,0,0.1126
Test07_NG_dchg,방전,NG,4030,0,0,0.1127
Test07_NG_dchg,방전,NG,4031,0,0,0.1126
Test07_NG_dchg,방전,NG,4032,0,0,0.1541
Test07_NG_dchg,방전,NG,4033,0,0,0.1226
Test07_NG_dchg,방전,NG,4034,0,0,0.1126
Test07_NG_dchg,방전,NG,4035,0,0,0.1226
Test07_NG_dchg,방전,NG,4036,0,0,0.1541
Test07_NG_dchg,방전,NG,4037,0,0,0.1226
Test07_NG_dchg,방전,NG,4038,0,0,0.1226
Test07_NG_dchg,방전,NG,4039,0,0,0.2421
Test07_NG_dchg,방전,NG,4040,0,0,0.1226
Test07_NG_dchg,방전,NG,4041,0,0,0.1653
Test07_NG_dchg,방전,NG,4042,0,0,0.1126
Test07_NG_dchg,방전,NG,4043,0,0,0.1226
Test07_NG_dchg,방전,NG,4044,0,0,0.1126
Test07_NG_dchg,방전,NG,4045,0,0,0.1653
Test07_NG_dchg,방전,NG,4046,0,0,0.1541
Test07_NG_dchg,방전,NG,4047,0,0,0.1541
Test07_NG_dchg,방전,NG,4048,0,0,0.1226
Test07_NG_dchg,방전,NG,4049,0,0,0.1226
Test07_NG_dchg,방전,NG,4050,0,0,0.1324
Test07_NG_dchg,방전,NG,4051,0,0,0.1226
Test07_NG_dchg,방전,NG,4052,0,0,0.1541
Test07_NG_dchg,방전,NG,4053,0,0,0.1126
Test07_NG_dchg,방전,NG,4054,0,0,0.1126
Test07_NG_dchg,방전,NG,4055,0,0,0.1126
Test07_NG_dchg,방전,NG,4056,0,0,0.1226
Test07_NG_dchg,방전,NG,4057,0,0,0.1541
Test07_NG_dchg,방전,NG,4058,0,0,0.1541
Test07_NG_dchg,방전,NG,4059,0,0,0.1226
Test07_NG_dchg,방전,NG,4060,0,0,0.1541
Test07_NG_dchg,방전,NG,4061,0,0,0.1226
Test07_NG_dchg,방전,NG,4062,0,0,0.1226
Test07_NG_dchg,방전,NG,4063,0,0,0.1226
Test07_NG_dchg,방전,NG,4064,0,0,0.1126
Test07_NG_dchg,방전,NG,4065,0,0,0.1541
Test07_NG_dchg,방전,NG,4066,0,0,0.1226
Test07_NG_dchg,방전,NG,4067,0,0,0.1226
Test07_NG_dchg,방전,NG,4068,0,0,0.1541
Test07_NG_dchg,방전,NG,4069,0,0,0.1126
Test07_NG_dchg,방전,NG,4070,0,0,0.1227
Test07_NG_dchg,방전,NG,4071,0,0,0.1226
Test07_NG_dchg,방전,NG,4072,0,0,0.2037
Test07_NG_dchg,방전,NG,4073,0,0,0.1126
Test07_NG_dchg,방전,NG,4074,0,0,0.1126
Test07_NG_dchg,방전,NG,4075,0,0,0.1226
Test07_NG_dchg,방전,NG,4076,0,0,0.2512
Test07_NG_dchg,방전,NG,4077,0,0,0.1653
Test07_NG_dchg,방전,NG,4078,0,0,0.1126
Test07_NG_dchg,방전,NG,4079,0,0,0.1226
Test07_NG_dchg,방전,NG,4080,0,0,0.1226
Test07_NG_dchg,방전,NG,4081,0,0,0.1126
Test07_NG_dchg,방전,NG,4082,0,0,0.1126
Test07_NG_dchg,방전,NG,4083,0,0,0.2037
Test07_NG_dchg,방전,NG,4084,0,0,0.1226
Test07_NG_dchg,방전,NG,4085,0,0,0.1541
Test07_NG_dchg,방전,NG,4086,0,0,0.1226
Test07_NG_dchg,방전,NG,4087,0,0,0.1653
Test07_NG_dchg,방전,NG,4088,0,0,0.1126
Test07_NG_dchg,방전,NG,4089,0,0,0.1541
Test07_NG_dchg,방전,NG,4090,0,0,0.1541
Test07_NG_dchg,방전,NG,4091,0,0,0.1541
Test07_NG_dchg,방전,NG,4092,0,0,0.1541
Test07_NG_dchg,방전,NG,4093,0,0,0.1226
Test07_NG_dchg,방전,NG,4094,0,0,0.1541
Test07_NG_dchg,방전,NG,4095,0,0,0.1226
Test07_NG_dchg,방전,NG,4096,0,0,0.2705
Test07_NG_dchg,방전,NG,4097,0,0,0.1126
Test07_NG_dchg,방전,NG,4098,0,0,0.1541
Test07_NG_dchg,방전,NG,4099,0,0,0.1126
Test07_NG_dchg,방전,NG,4100,0,0,0.1126
Test07_NG_dchg,방전,NG,4101,0,0,0.1126
Test07_NG_dchg,방전,NG,4102,0,0,0.1126
Test07_NG_dchg,방전,NG,4103,0,0,0.1541
Test07_NG_dchg,방전,NG,4104,0,0,0.1226
Test07_NG_dchg,방전,NG,4105,0,0,0.1226
Test07_NG_dchg,방전,NG,4106,0,0,0.1226
Test07_NG_dchg,방전,NG,4107,0,0,0.1126
Test07_NG_dchg,방전,NG,4108,0,0,0.1226
Test07_NG_dchg,방전,NG,4109,0,0,0.1126
Test07_NG_dchg,방전,NG,4110,0,0,0.1226
Test07_NG_dchg,방전,NG,4111,0,0,0.1126
Test07_NG_dchg,방전,NG,4112,0,0,0.2512
Test07_NG_dchg,방전,NG,4113,0,0,0.1226
Test07_NG_dchg,방전,NG,4114,0,0,0.2419
Test07_NG_dchg,방전,NG,4115,0,0,0.1126
Test07_NG_dchg,방전,NG,4116,0,0,0.1126
Test07_NG_dchg,방전,NG,4117,0,0,0.1126
Test07_NG_dchg,방전,NG,4118,0,0,0.1126
Test07_NG_dchg,방전,NG,4119,0,0,0.2512
Test07_NG_dchg,방전,NG,4120,0,0,0.1226
Test07_NG_dchg,방전,NG,4121,0,0,0.1226
Test07_NG_dchg,방전,NG,4122,0,0,0.1226
Test07_NG_dchg,방전,NG,4123,0,0,0.1126
Test07_NG_dchg,방전,NG,4124,0,0,0.1226
Test07_NG_dchg,방전,NG,4125,0,0,0.1324
Test07_NG_dchg,방전,NG,4126,0,0,0.1226
Test07_NG_dchg,방전,NG,4127,0,0,0.1126
Test07_NG_dchg,방전,NG,4128,0,0,0.1226
Test07_NG_dchg,방전,NG,4129,0,0,0.1227
Test07_NG_dchg,방전,NG,4130,0,0,0.1126
Test07_NG_dchg,방전,NG,4131,0,0,0.1226
Test07_NG_dchg,방전,NG,4132,0,0,0.1541
Test07_NG_dchg,방전,NG,4133,0,0,0.1653
Test07_NG_dchg,방전,NG,4134,0,0,0.1226
Test07_NG_dchg,방전,NG,4135,0,0,0.1126
Test07_NG_dchg,방전,NG,4136,0,0,0.1226
Test07_NG_dchg,방전,NG,4137,0,0,0.1126
Test07_NG_dchg,방전,NG,4138,0,0,0.1126
Test07_NG_dchg,방전,NG,4139,0,0,0.1227
Test07_NG_dchg,방전,NG,4140,0,0,0.1226
Test07_NG_dchg,방전,NG,4141,0,0,0.1226
Test07_NG_dchg,방전,NG,4142,0,0,0.1126
Test07_NG_dchg,방전,NG,4143,0,0,0.1541
Test07_NG_dchg,방전,NG,4144,0,0,0.1127
Test07_NG_dchg,방전,NG,4145,0,0,0.1126
Test07_NG_dchg,방전,NG,4146,0,0,0.1541
Test07_NG_dchg,방전,NG,4147,0,0,0.1226
Test07_NG_dchg,방전,NG,4148,0,0,0.1226
Test07_NG_dchg,방전,NG,4149,0,0,0.1226
Test07_NG_dchg,방전,NG,4150,0,0,0.1541
Test07_NG_dchg,방전,NG,4151,0,0,0.1126
Test07_NG_dchg,방전,NG,4152,0,0,0.1541
Test07_NG_dchg,방전,NG,4153,0,0,0.1126
Test07_NG_dchg,방전,NG,4154,0,0,0.2037
Test07_NG_dchg,방전,NG,4155,0,0,0.1126
Test07_NG_dchg,방전,NG,4156,0,0,0.1228
Test07_NG_dchg,방전,NG,4157,0,0,0.1127
Test07_NG_dchg,방전,NG,4158,0,0,0.094
Test07_NG_dchg,방전,NG,4159,0,0,0.1552
Test07_NG_dchg,방전,NG,4160,0,0,0.129
Test07_NG_dchg,방전,NG,4161,0,0,0.1267
Test07_NG_dchg,방전,NG,4162,0,0,0.1541
Test07_NG_dchg,방전,NG,4163,0,0,0.1077
Test07_NG_dchg,방전,NG,4164,0,0,0.1165
Test07_NG_dchg,방전,NG,4165,0,0,0.1317
Test07_NG_dchg,방전,NG,4166,0,0,0.1129
Test07_NG_dchg,방전,NG,4167,0,0,0.0916
Test07_NG_dchg,방전,NG,4168,0,0,0.1228
Test07_NG_dchg,방전,NG,4169,0,0,0.1003
Test07_NG_dchg,방전,NG,4170,0,0,0.1217
Test07_NG_dchg,방전,NG,4171,0,0,0.1541
Test07_NG_dchg,방전,NG,4172,0,0,0.1129
Test07_NG_dchg,방전,NG,4173,0,0,0.1102
Test07_NG_dchg,방전,NG,4174,0,0,0.1471
Test07_NG_dchg,방전,NG,4175,0,0,0.1129
Test07_NG_dchg,방전,NG,4176,0,0,0.1217
Test07_NG_dchg,방전,NG,4177,0,0,0.1656
Test07_NG_dchg,방전,NG,4178,0,0,0.1279
Test07_NG_dchg,방전,NG,4179,0,0,0.0915
Test07_NG_dchg,방전,NG,4180,0,0,0.1329
Test07_NG_dchg,방전,NG,4181,0,0,0.1177
Test07_NG_dchg,방전,NG,4182,0,0,0.1218
Test07_NG_dchg,방전,NG,4183,0,0,0.1543
Test07_NG_dchg,방전,NG,4184,0,0,0.1541
Test07_NG_dchg,방전,NG,4185,0,0,0.1189
Test07_NG_dchg,방전,NG,4186,0,0,0.1046
Test07_NG_dchg,방전,NG,4187,0,0,0.1179
Test07_NG_dchg,방전,NG,4188,0,0,0.1217
Test07_NG_dchg,방전,NG,4189,0,0,0.1367
Test07_NG_dchg,방전,NG,4190,0,0,0.1014
Test07_NG_dchg,방전,NG,4191,0,0,0.288
Test07_NG_dchg,방전,NG,4192,0,0,0.1217
Test07_NG_dchg,방전,NG,4193,0,0,0.1631
Test07_NG_dchg,방전,NG,4194,0,0,0.1029
Test07_NG_dchg,방전,NG,4195,0,0,0.1039
Test07_NG_dchg,방전,NG,4196,0,0,0.145
Test07_NG_dchg,방전,NG,4197,0,0,0.1105
Test07_NG_dchg,방전,NG,4198,0,0,0.148
Test07_NG_dchg,방전,NG,4199,0,0,0.1782
Test07_NG_dchg,방전,NG,4200,0,0,0.1126
Test07_NG_dchg,방전,NG,4201,0,0,0.1126
Test07_NG_dchg,방전,NG,4202,0,0,0.1015
Test07_NG_dchg,방전,NG,4203,0,0,0.1359
Test07_NG_dchg,방전,NG,4204,0,0,0.1028
Test07_NG_dchg,방전,NG,4205,0,0,0.1265
Test07_NG_dchg,방전,NG,4206,0,0,0.1419
Test07_NG_dchg,방전,NG,4207,0,0,0.1226
Test07_NG_dchg,방전,NG,4208,0,0,0.1633
Test07_NG_dchg,방전,NG,4209,0,0,0.1631
Test07_NG_dchg,방전,NG,4210,0,0,0.1239
Test07_NG_dchg,방전,NG,4211,0,0,0.2776
Test07_NG_dchg,방전,NG,4212,0,0,0.1102
Test07_NG_dchg,방전,NG,4213,0,0,0.1461
Test07_NG_dchg,방전,NG,4214,0,0,0.2617
Test07_NG_dchg,방전,NG,4215,0,0,0.1127
Test07_NG_dchg,방전,NG,4216,0,0,0.1217
Test07_NG_dchg,방전,NG,4217,0,0,0.1367
Test07_NG_dchg,방전,NG,4218,0,0,0.1127
Test07_NG_dchg,방전,NG,4219,0,0,0.1631
Test07_NG_dchg,방전,NG,4220,0,0,0.154
Test07_NG_dchg,방전,NG,4221,0,0,0.1744
Test07_NG_dchg,방전,NG,4222,0,0,0.2603
Test07_NG_dchg,방전,NG,4223,0,0,0.2105
Test07_NG_dchg,방전,NG,4224,0,0,0.2127
Test07_NG_dchg,방전,NG,4225,0,0,0.0946
Test07_NG_dchg,방전,NG,4226,0,0,0.1015
Test07_NG_dchg,방전,NG,4227,0,0,0.1299
Test07_NG_dchg,방전,NG,4228,0,0,0.2331
Test07_NG_dchg,방전,NG,4229,0,0,0.1329
Test07_NG_dchg,방전,NG,4230,0,0,0.1217
Test07_NG_dchg,방전,NG,4231,0,0,0.1226
Test07_NG_dchg,방전,NG,4232,0,0,0.1178
Test07_NG_dchg,방전,NG,4233,0,0,0.1105
Test07_NG_dchg,방전,NG,4234,0,0,0.1126
Test07_NG_dchg,방전,NG,4235,0,0,0.1226
Test07_NG_dchg,방전,NG,4236,0,0,0.0945
Test07_NG_dchg,방전,NG,4237,0,0,0.1126
Test07_NG_dchg,방전,NG,4238,0,0,0.1046
Test07_NG_dchg,방전,NG,4239,0,0,0.1471
Test07_NG_dchg,방전,NG,4240,0,0,0.1317
Test07_NG_dchg,방전,NG,4241,0,0,0.1217
Test07_NG_dchg,방전,NG,4242,0,0,0.1217
Test07_NG_dchg,방전,NG,4243,0,0,0.1226
Test07_NG_dchg,방전,NG,4244,0,0,0.1172
Test07_NG_dchg,방전,NG,4245,0,0,0.1418
Test07_NG_dchg,방전,NG,4246,0,0,0.1228
Test07_NG_dchg,방전,NG,4247,0,0,0.1226
Test07_NG_dchg,방전,NG,4248,0,0,0.1217
Test07_NG_dchg,방전,NG,4249,0,0,0.1217
Test07_NG_dchg,방전,NG,4250,0,0,0.154
Test07_NG_dchg,방전,NG,4251,0,0,0.1129
Test07_NG_dchg,방전,NG,4252,0,0,0.1127
Test07_NG_dchg,방전,NG,4253,0,0,0.1239
Test07_NG_dchg,방전,NG,4254,0,0,0.1317
Test07_NG_dchg,방전,NG,4255,0,0,0.1631
Test07_NG_dchg,방전,NG,4256,0,0,0.1226
Test07_NG_dchg,방전,NG,4257,0,0,0.1317
Test07_NG_dchg,방전,NG,4258,0,0,0.1076
Test07_NG_dchg,방전,NG,4259,0,0,0.1126
Test07_NG_dchg,방전,NG,4260,0,0,0.1126
Test07_NG_dchg,방전,NG,4261,0,0,0.1631
Test07_NG_dchg,방전,NG,4262,0,0,0.1653
Test07_NG_dchg,방전,NG,4263,0,0,0.1328
Test07_NG_dchg,방전,NG,4264,0,0,0.1594
Test07_NG_dchg,방전,NG,4265,0,0,0.1217
Test07_NG_dchg,방전,NG,4266,0,0,0.1541
Test07_NG_dchg,방전,NG,4267,0,0,0.1126
Test07_NG_dchg,방전,NG,4268,0,0,0.1003
Test07_NG_dchg,방전,NG,4269,0,0,0.1165
Test07_NG_dchg,방전,NG,4270,0,0,0.1127
Test07_NG_dchg,방전,NG,4271,0,0,0.1218
Test07_NG_dchg,방전,NG,4272,0,0,0.1129
Test07_NG_dchg,방전,NG,4273,0,0,0.1512
Test07_NG_dchg,방전,NG,4274,0,0,0.1317
Test07_NG_dchg,방전,NG,4275,0,0,0.1541
Test07_NG_dchg,방전,NG,4276,0,0,0.1226
Test07_NG_dchg,방전,NG,4277,0,0,0.1631
Test07_NG_dchg,방전,NG,4278,0,0,0.1127
Test07_NG_dchg,방전,NG,4279,0,0,0.1126
Test07_NG_dchg,방전,NG,4280,0,0,0.1139
Test07_NG_dchg,방전,NG,4281,0,0,0.2611
Test07_NG_dchg,방전,NG,4282,0,0,0.1631
Test07_NG_dchg,방전,NG,4283,0,0,0.1005
Test07_NG_dchg,방전,NG,4284,0,0,0.1217
Test07_NG_dchg,방전,NG,4285,0,0,0.1317
Test07_NG_dchg,방전,NG,4286,0,0,0.1217
Test07_NG_dchg,방전,NG,4287,0,0,0.1005
Test07_NG_dchg,방전,NG,4288,0,0,0.1543
Test07_NG_dchg,방전,NG,4289,0,0,0.1129
Test07_NG_dchg,방전,NG,4290,0,0,0.1226
Test07_NG_dchg,방전,NG,4291,0,0,0.1318
Test07_NG_dchg,방전,NG,4292,0,0,0.1317
Test07_NG_dchg,방전,NG,4293,0,0,0.1543
Test07_NG_dchg,방전,NG,4294,0,0,0.1228
Test07_NG_dchg,방전,NG,4295,0,0,0.1128
Test07_NG_dchg,방전,NG,4296,0,0,0.0775
Test07_NG_dchg,방전,NG,4297,0,0,0.1874
Test07_NG_dchg,방전,NG,4298,0,0,0.1317
Test07_NG_dchg,방전,NG,4299,0,0,0.1176
Test07_NG_dchg,방전,NG,4300,0,0,0.1108
Test07_NG_dchg,방전,NG,4301,0,0,0.1227
Test07_NG_dchg,방전,NG,4302,0,0,0.1116
Test07_NG_dchg,방전,NG,4303,0,0,0.113
Test07_NG_dchg,방전,NG,4304,0,0,0.1317
Test07_NG_dchg,방전,NG,4305,0,0,0.1179
Test07_NG_dchg,방전,NG,4306,0,0,0.1226
Test07_NG_dchg,방전,NG,4307,0,0,0.1217
Test07_NG_dchg,방전,NG,4308,0,0,0.1228
Test07_NG_dchg,방전,NG,4309,0,0,0.1318
Test07_NG_dchg,방전,NG,4310,0,0,0.1631
Test07_NG_dchg,방전,NG,4311,0,0,0.1127
Test07_NG_dchg,방전,NG,4312,0,0,0.1126
Test07_NG_dchg,방전,NG,4313,0,0,0.1126
Test07_NG_dchg,방전,NG,4314,0,0,0.1226
Test07_NG_dchg,방전,NG,4315,0,0,0.1541
Test07_NG_dchg,방전,NG,4316,0,0,0.2512
Test07_NG_dchg,방전,NG,4317,0,0,0.1126
Test07_NG_dchg,방전,NG,4318,0,0,0.1126
Test07_NG_dchg,방전,NG,4319,0,0,0.1126
Test07_NG_dchg,방전,NG,4320,0,0,0.1226
Test07_NG_dchg,방전,NG,4321,0,0,0.1226
Test07_NG_dchg,방전,NG,4322,0,0,0.1317
Test07_NG_dchg,방전,NG,4323,0,0,0.1217
Test07_NG_dchg,방전,NG,4324,0,0,0.1226
Test07_NG_dchg,방전,NG,4325,0,0,0.1279
Test07_NG_dchg,방전,NG,4326,0,0,0.2512
Test07_NG_dchg,방전,NG,4327,0,0,0.1126
Test07_NG_dchg,방전,NG,4328,0,0,0.128
Test07_NG_dchg,방전,NG,4329,0,0,0.1317
Test07_NG_dchg,방전,NG,4330,0,0,0.1126
Test07_NG_dchg,방전,NG,4331,0,0,0.2512
Test07_NG_dchg,방전,NG,4332,0,0,0.1279
Test07_NG_dchg,방전,NG,4333,0,0,0.1541
Test07_NG_dchg,방전,NG,4334,0,0,0.1126
Test07_NG_dchg,방전,NG,4335,0,0,0.1226
Test07_NG_dchg,방전,NG,4336,0,0,0.1126
Test07_NG_dchg,방전,NG,4337,0,0,0.1126
Test07_NG_dchg,방전,NG,4338,0,0,0.1226
Test07_NG_dchg,방전,NG,4339,0,0,0.1126
Test07_NG_dchg,방전,NG,4340,0,0,0.1126
Test07_NG_dchg,방전,NG,4341,0,0,0.1126
Test07_NG_dchg,방전,NG,4342,0,0,0.1126
Test07_NG_dchg,방전,NG,4343,0,0,0.1226
Test07_NG_dchg,방전,NG,4344,0,0,0.1226
Test07_NG_dchg,방전,NG,4345,0,0,0.2419
Test07_NG_dchg,방전,NG,4346,0,0,0.1226
Test07_NG_dchg,방전,NG,4347,0,0,0.1541
Test07_NG_dchg,방전,NG,4348,0,0,0.1126
Test07_NG_dchg,방전,NG,4349,0,0,0.1126
Test07_NG_dchg,방전,NG,4350,0,0,0.1126
Test07_NG_dchg,방전,NG,4351,0,0,0.1541
Test07_NG_dchg,방전,NG,4352,0,0,0.1226
Test07_NG_dchg,방전,NG,4353,0,0,0.1127
Test07_NG_dchg,방전,NG,4354,0,0,0.1127
Test07_NG_dchg,방전,NG,4355,0,0,0.1126
Test07_NG_dchg,방전,NG,4356,0,0,0.1226
Test07_NG_dchg,방전,NG,4357,0,0,0.1126
Test07_NG_dchg,방전,NG,4358,0,0,0.1226
Test07_NG_dchg,방전,NG,4359,0,0,0.1126
Test07_NG_dchg,방전,NG,4360,0,0,0.1541
Test07_NG_dchg,방전,NG,4361,0,0,0.1127
Test07_NG_dchg,방전,NG,4362,0,0,0.1127
Test07_NG_dchg,방전,NG,4363,0,0,0.1127
Test07_NG_dchg,방전,NG,4364,0,0,0.1126
Test07_NG_dchg,방전,NG,4365,0,0,0.1126
Test07_NG_dchg,방전,NG,4366,0,0,0.1126
Test07_NG_dchg,방전,NG,4367,1,1,0.7337
Test07_NG_dchg,방전,NG,4368,1,1,0.7376
Test07_NG_dchg,방전,NG,4369,1,1,0.7376
Test07_NG_dchg,방전,NG,4370,1,1,0.7376
Test07_NG_dchg,방전,NG,4371,1,1,0.7376
Test07_NG_dchg,방전,NG,4372,1,1,0.704
Test07_NG_dchg,방전,NG,4373,1,1,0.704
Test07_NG_dchg,방전,NG,4374,1,1,0.7074
Test07_NG_dchg,방전,NG,4375,1,1,0.7374
Test07_NG_dchg,방전,NG,4376,1,1,0.7677
Test07_NG_dchg,방전,NG,4377,1,1,0.7691
Test07_NG_dchg,방전,NG,4378,1,1,0.7691
Test07_NG_dchg,방전,NG,4379,1,1,0.7691
Test07_NG_dchg,방전,NG,4380,1,1,0.7677
Test07_NG_dchg,방전,NG,4381,1,1,0.7677
Test07_NG_dchg,방전,NG,4382,1,1,0.7691
Test07_NG_dchg,방전,NG,4383,1,1,0.7691
Test07_NG_dchg,방전,NG,4384,1,1,0.7677
Test07_NG_dchg,방전,NG,4385,1,1,0.7691
Test07_NG_dchg,방전,NG,4386,1,1,0.7677
Test07_NG_dchg,방전,NG,4387,1,1,0.7691
Test07_NG_dchg,방전,NG,4388,1,1,0.7677
Test07_NG_dchg,방전,NG,4389,1,1,0.7691
Test07_NG_dchg,방전,NG,4390,1,1,0.7677
Test07_NG_dchg,방전,NG,4391,1,1,0.7677
Test07_NG_dchg,방전,NG,4392,1,1,0.7677
Test07_NG_dchg,방전,NG,4393,1,1,0.7691
Test07_NG_dchg,방전,NG,4394,1,1,0.7578
Test07_NG_dchg,방전,NG,4395,1,1,0.7691
Test07_NG_dchg,방전,NG,4396,1,1,0.7691
Test07_NG_dchg,방전,NG,4397,1,1,0.7691
Test07_NG_dchg,방전,NG,4398,1,1,0.7691
Test07_NG_dchg,방전,NG,4399,1,1,0.7714
Test07_NG_dchg,방전,NG,4400,1,1,0.7578
Test07_NG_dchg,방전,NG,4401,1,1,0.7691
Test07_NG_dchg,방전,NG,4402,1,1,0.7677
Test07_NG_dchg,방전,NG,4403,1,1,0.7691
Test07_NG_dchg,방전,NG,4404,1,1,0.7677
Test07_NG_dchg,방전,NG,4405,1,1,0.7578
Test07_NG_dchg,방전,NG,4406,1,1,0.7677
Test07_NG_dchg,방전,NG,4407,1,1,0.7677
Test07_NG_dchg,방전,NG,4408,1,1,0.7677
Test07_NG_dchg,방전,NG,4409,1,1,0.7677
Test07_NG_dchg,방전,NG,4410,1,1,0.7691
Test07_NG_dchg,방전,NG,4411,1,1,0.7677
Test07_NG_dchg,방전,NG,4412,1,1,0.7691
Test07_NG_dchg,방전,NG,4413,1,1,0.7677
Test07_NG_dchg,방전,NG,4414,1,1,0.7691
Test07_NG_dchg,방전,NG,4415,1,1,0.7677
Test07_NG_dchg,방전,NG,4416,1,1,0.7691
Test07_NG_dchg,방전,NG,4417,1,1,0.7677
Test07_NG_dchg,방전,NG,4418,1,1,0.7691
Test07_NG_dchg,방전,NG,4419,1,1,0.7677
Test07_NG_dchg,방전,NG,4420,1,1,0.7578
Test07_NG_dchg,방전,NG,4421,1,1,0.7691
Test07_NG_dchg,방전,NG,4422,1,1,0.7677
Test07_NG_dchg,방전,NG,4423,1,1,0.7776
Test07_NG_dchg,방전,NG,4424,1,1,0.7691
Test07_NG_dchg,방전,NG,4425,1,1,0.7691
Test07_NG_dchg,방전,NG,4426,1,1,0.7691
Test07_NG_dchg,방전,NG,4427,1,1,0.7678
Test07_NG_dchg,방전,NG,4428,1,1,0.7691
Test07_NG_dchg,방전,NG,4429,1,1,0.7691
Test07_NG_dchg,방전,NG,4430,1,1,0.7578
Test07_NG_dchg,방전,NG,4431,1,1,0.7691
Test07_NG_dchg,방전,NG,4432,1,1,0.7677
Test07_NG_dchg,방전,NG,4433,1,1,0.7691
Test07_NG_dchg,방전,NG,4434,1,1,0.7578
Test07_NG_dchg,방전,NG,4435,1,1,0.7677
Test07_NG_dchg,방전,NG,4436,1,1,0.7678
Test07_NG_dchg,방전,NG,4437,1,1,0.7677
Test07_NG_dchg,방전,NG,4438,1,1,0.7691
Test07_NG_dchg,방전,NG,4439,1,1,0.7714
Test07_NG_dchg,방전,NG,4440,1,1,0.7578
Test07_NG_dchg,방전,NG,4441,1,1,0.7691
Test07_NG_dchg,방전,NG,4442,1,1,0.7691
Test07_NG_dchg,방전,NG,4443,1,1,0.7691
Test07_NG_dchg,방전,NG,4444,1,1,0.7578
Test07_NG_dchg,방전,NG,4445,1,1,0.7677
Test07_NG_dchg,방전,NG,4446,1,1,0.7678
Test07_NG_dchg,방전,NG,4447,1,1,0.7578
Test07_NG_dchg,방전,NG,4448,1,1,0.7691
Test07_NG_dchg,방전,NG,4449,1,1,0.7665
Test07_NG_dchg,방전,NG,4450,1,1,0.7634
Test07_NG_dchg,방전,NG,4451,1,1,0.7634
Test07_NG_dchg,방전,NG,4452,1,1,0.7665
Test07_NG_dchg,방전,NG,4453,1,1,0.7348
Test07_NG_dchg,방전,NG,4454,1,1,0.7665
Test07_NG_dchg,방전,NG,4455,1,1,0.7665
Test07_NG_dchg,방전,NG,4456,1,1,0.7651
Test07_NG_dchg,방전,NG,4457,1,1,0.7665
Test07_NG_dchg,방전,NG,4458,1,1,0.7651
Test07_NG_dchg,방전,NG,4459,1,1,0.7651
Test07_NG_dchg,방전,NG,4460,1,1,0.7651
Test07_NG_dchg,방전,NG,4461,1,1,0.7651
Test07_NG_dchg,방전,NG,4462,1,1,0.7665
Test07_NG_dchg,방전,NG,4463,1,1,0.7665
Test07_NG_dchg,방전,NG,4464,1,1,0.7665
Test07_NG_dchg,방전,NG,4465,1,1,0.7665
Test07_NG_dchg,방전,NG,4466,1,1,0.7665
Test07_NG_dchg,방전,NG,4467,1,1,0.7665
Test07_NG_dchg,방전,NG,4468,1,1,0.7665
Test07_NG_dchg,방전,NG,4469,1,1,0.7665
Test07_NG_dchg,방전,NG,4470,1,1,0.7665
Test07_NG_dchg,방전,NG,4471,1,1,0.7665
Test07_NG_dchg,방전,NG,4472,1,1,0.7713
Test07_NG_dchg,방전,NG,4473,1,1,0.7551
Test07_NG_dchg,방전,NG,4474,1,1,0.7551
Test07_NG_dchg,방전,NG,4475,1,1,0.7651
Test07_NG_dchg,방전,NG,4476,1,1,0.7651
Test07_NG_dchg,방전,NG,4477,1,1,0.7551
Test07_NG_dchg,방전,NG,4478,1,1,0.7551
Test07_NG_dchg,방전,NG,4479,1,1,0.7665
Test07_NG_dchg,방전,NG,4480,1,1,0.7665
Test07_NG_dchg,방전,NG,4481,1,1,0.7665
Test07_NG_dchg,방전,NG,4482,1,1,0.7665
Test07_NG_dchg,방전,NG,4483,1,1,0.7665
Test07_NG_dchg,방전,NG,4484,1,1,0.7728
Test07_NG_dchg,방전,NG,4485,1,1,0.7665
Test07_NG_dchg,방전,NG,4486,1,1,0.7651
Test07_NG_dchg,방전,NG,4487,1,1,0.7651
Test07_NG_dchg,방전,NG,4488,1,1,0.6969
Test07_NG_dchg,방전,NG,4489,1,1,0.6936
Test07_NG_dchg,방전,NG,4490,1,1,0.6569
Test07_NG_dchg,방전,NG,4491,1,1,0.6869
Test07_NG_dchg,방전,NG,4492,1,1,0.6969
Test07_NG_dchg,방전,NG,4493,1,1,0.6969
Test07_NG_dchg,방전,NG,4494,1,1,0.696
Test07_NG_dchg,방전,NG,4495,1,1,0.696
Test07_NG_dchg,방전,NG,4496,1,1,0.696
Test07_NG_dchg,방전,NG,4497,1,1,0.696
Test07_NG_dchg,방전,NG,4498,1,1,0.716
Test07_NG_dchg,방전,NG,4499,1,1,0.7312
Test07_NG_dchg,방전,NG,4500,1,1,0.706
Test07_NG_dchg,방전,NG,4501,1,1,0.736
Test07_NG_dchg,방전,NG,4502,1,1,0.706
Test07_NG_dchg,방전,NG,4503,1,1,0.696
Test07_NG_dchg,방전,NG,4504,1,1,0.706
Test07_NG_dchg,방전,NG,4505,1,1,0.706
Test07_NG_dchg,방전,NG,4506,1,1,0.716
Test07_NG_dchg,방전,NG,4507,1,1,0.696
Test07_NG_dchg,방전,NG,4508,1,1,0.706
Test07_NG_dchg,방전,NG,4509,1,1,0.716
Test07_NG_dchg,방전,NG,4510,1,1,0.696
Test07_NG_dchg,방전,NG,4511,1,1,0.726
Test07_NG_dchg,방전,NG,4512,1,1,0.706
Test07_NG_dchg,방전,NG,4513,1,1,0.706
Test07_NG_dchg,방전,NG,4514,1,1,0.706
Test07_NG_dchg,방전,NG,4515,1,1,0.706
Test07_NG_dchg,방전,NG,4516,1,1,0.7194
Test07_NG_dchg,방전,NG,4517,1,1,0.7194
Test07_NG_dchg,방전,NG,4518,1,1,0.7294
Test07_NG_dchg,방전,NG,4519,1,1,0.7312
Test07_NG_dchg,방전,NG,4520,1,1,0.7194
Test07_NG_dchg,방전,NG,4521,1,1,0.7312
Test07_NG_dchg,방전,NG,4522,1,1,0.706
Test07_NG_dchg,방전,NG,4523,1,1,0.706
Test07_NG_dchg,방전,NG,4524,1,1,0.7312
Test07_NG_dchg,방전,NG,4525,1,1,0.7678
Test07_NG_dchg,방전,NG,4526,1,1,0.726
Test07_NG_dchg,방전,NG,4527,1,1,0.706
Test07_NG_dchg,방전,NG,4528,1,1,0.7678
Test07_NG_dchg,방전,NG,4529,1,1,0.706
Test07_NG_dchg,방전,NG,4530,1,1,0.7312
Test07_NG_dchg,방전,NG,4531,1,1,0.7678
Test07_NG_dchg,방전,NG,4532,1,1,0.7312
Test07_NG_dchg,방전,NG,4533,1,1,0.7312
Test07_NG_dchg,방전,NG,4534,1,1,0.7412
Test07_NG_dchg,방전,NG,4535,1,1,0.726
Test07_NG_dchg,방전,NG,4536,1,1,0.726
Test07_NG_dchg,방전,NG,4537,1,1,0.726
Test07_NG_dchg,방전,NG,4538,1,1,0.7212
Test07_NG_dchg,방전,NG,4539,1,1,0.696
Test07_NG_dchg,방전,NG,4540,1,1,0.7678
Test07_NG_dchg,방전,NG,4541,1,1,0.7194
Test07_NG_dchg,방전,NG,4542,1,1,0.7194
Test07_NG_dchg,방전,NG,4543,1,1,0.7294
Test07_NG_dchg,방전,NG,4544,1,1,0.726
Test07_NG_dchg,방전,NG,4545,1,1,0.696
Test07_NG_dchg,방전,NG,4546,1,1,0.696
Test07_NG_dchg,방전,NG,4547,1,1,0.706
Test07_NG_dchg,방전,NG,4548,1,1,0.706
Test07_NG_dchg,방전,NG,4549,1,1,0.696
Test07_NG_dchg,방전,NG,4550,1,1,0.696
Test07_NG_dchg,방전,NG,4551,1,1,0.696
Test07_NG_dchg,방전,NG,4552,1,1,0.676
Test07_NG_dchg,방전,NG,4553,1,1,0.676
Test07_NG_dchg,방전,NG,4554,1,1,0.676
Test07_NG_dchg,방전,NG,4555,1,1,0.706
Test07_NG_dchg,방전,NG,4556,1,1,0.676
Test07_NG_dchg,방전,NG,4557,1,1,0.696
Test07_NG_dchg,방전,NG,4558,1,1,0.706
Test07_NG_dchg,방전,NG,4559,1,1,0.696
Test07_NG_dchg,방전,NG,4560,1,1,0.7194
Test07_NG_dchg,방전,NG,4561,1,1,0.716
Test07_NG_dchg,방전,NG,4562,1,1,0.7212
Test07_NG_dchg,방전,NG,4563,1,1,0.7212
Test07_NG_dchg,방전,NG,4564,1,1,0.706
Test07_NG_dchg,방전,NG,4565,1,1,0.7493
Test07_NG_dchg,방전,NG,4566,1,1,0.7578
Test07_NG_dchg,방전,NG,4567,1,1,0.7212
Test07_NG_dchg,방전,NG,4568,1,1,0.7294
Test07_NG_dchg,방전,NG,4569,1,1,0.7212
Test07_NG_dchg,방전,NG,4570,1,1,0.7312
Test07_NG_dchg,방전,NG,4571,1,1,0.7312
Test07_NG_dchg,방전,NG,4572,1,1,0.706
Test07_NG_dchg,방전,NG,4573,1,1,0.706
Test07_NG_dchg,방전,NG,4574,1,1,0.7678
Test07_NG_dchg,방전,NG,4575,1,1,0.696
Test07_NG_dchg,방전,NG,4576,1,1,0.726
Test07_NG_dchg,방전,NG,4577,1,1,0.7212
Test07_NG_dchg,방전,NG,4578,1,1,0.706
Test07_NG_dchg,방전,NG,4579,1,1,0.7312
Test07_NG_dchg,방전,NG,4580,1,1,0.7212
Test07_NG_dchg,방전,NG,4581,1,1,0.7212
Test07_NG_dchg,방전,NG,4582,1,1,0.706
Test07_NG_dchg,방전,NG,4583,1,1,0.7312
Test07_NG_dchg,방전,NG,4584,1,1,0.7578
Test07_NG_dchg,방전,NG,4585,1,1,0.716
Test07_NG_dchg,방전,NG,4586,1,1,0.7212
Test07_NG_dchg,방전,NG,4587,1,1,0.726
Test07_NG_dchg,방전,NG,4588,1,1,0.7212
Test07_NG_dchg,방전,NG,4589,1,1,0.7212
Test07_NG_dchg,방전,NG,4590,1,1,0.696
Test07_NG_dchg,방전,NG,4591,1,1,0.7312
Test07_NG_dchg,방전,NG,4592,1,1,0.7212
Test07_NG_dchg,방전,NG,4593,1,1,0.7312
Test08_NG_chg,충전,NG,0,1,1,0.6707
Test08_NG_chg,충전,NG,1,1,1,0.6908
Test08_NG_chg,충전,NG,2,1,1,0.6608
Test08_NG_chg,충전,NG,3,1,1,0.6908
Test08_NG_chg,충전,NG,4,1,1,0.6611
Test08_NG_chg,충전,NG,5,1,1,0.6807
Test08_NG_chg,충전,NG,6,1,1,0.6908
Test08_NG_chg,충전,NG,7,1,1,0.6707
Test08_NG_chg,충전,NG,8,1,1,0.6908
Test08_NG_chg,충전,NG,9,1,1,0.6808
Test08_NG_chg,충전,NG,10,1,1,0.6708
Test08_NG_chg,충전,NG,11,1,1,0.7007
Test08_NG_chg,충전,NG,12,1,1,0.6608
Test08_NG_chg,충전,NG,13,1,1,0.6908
Test08_NG_chg,충전,NG,14,1,1,0.6707
Test08_NG_chg,충전,NG,15,1,1,0.6908
Test08_NG_chg,충전,NG,16,1,1,0.6707
Test08_NG_chg,충전,NG,17,1,1,0.6707
Test08_NG_chg,충전,NG,18,1,1,0.6908
Test08_NG_chg,충전,NG,19,1,1,0.6808
Test08_NG_chg,충전,NG,20,1,1,0.6808
Test08_NG_chg,충전,NG,21,1,1,0.6707
Test08_NG_chg,충전,NG,22,1,1,0.6611
Test08_NG_chg,충전,NG,23,1,1,0.6807
Test08_NG_chg,충전,NG,24,1,1,0.6711
Test08_NG_chg,충전,NG,25,1,1,0.6708
Test08_NG_chg,충전,NG,26,1,1,0.6707
Test08_NG_chg,충전,NG,27,1,1,0.6708
Test08_NG_chg,충전,NG,28,1,1,0.6707
Test08_NG_chg,충전,NG,29,1,1,0.6711
Test08_NG_chg,충전,NG,30,1,1,0.6807
Test08_NG_chg,충전,NG,31,1,1,0.6707
Test08_NG_chg,충전,NG,32,1,1,0.8232
Test08_NG_chg,충전,NG,33,1,1,0.7297
Test08_NG_chg,충전,NG,34,1,1,0.68
Test08_NG_chg,충전,NG,35,1,1,0.6601
Test08_NG_chg,충전,NG,36,1,1,0.6601
Test08_NG_chg,충전,NG,37,1,1,0.6901
Test08_NG_chg,충전,NG,38,1,1,0.6604
Test08_NG_chg,충전,NG,39,1,1,0.6901
Test08_NG_chg,충전,NG,40,1,1,0.6801
Test08_NG_chg,충전,NG,41,1,1,0.6604
Test08_NG_chg,충전,NG,42,1,1,0.6707
Test08_NG_chg,충전,NG,43,1,1,0.6807
Test08_NG_chg,충전,NG,44,1,1,0.6908
Test08_NG_chg,충전,NG,45,1,1,0.6707
Test08_NG_chg,충전,NG,46,1,1,0.6807
Test08_NG_chg,충전,NG,47,1,1,0.6808
Test08_NG_chg,충전,NG,48,1,1,0.6908
Test08_NG_chg,충전,NG,49,1,1,0.6807
Test08_NG_chg,충전,NG,50,1,1,0.8387
Test08_NG_chg,충전,NG,51,1,1,0.9519
Test08_NG_chg,충전,NG,52,1,1,0.8284
Test08_NG_chg,충전,NG,53,1,1,0.8184
Test08_NG_chg,충전,NG,54,1,1,0.7984
Test08_NG_chg,충전,NG,55,1,1,0.7954
Test08_NG_chg,충전,NG,56,1,1,0.7954
Test08_NG_chg,충전,NG,57,1,1,0.7877
Test08_NG_chg,충전,NG,58,1,1,0.7777
Test08_NG_chg,충전,NG,59,1,1,0.8122
Test08_NG_chg,충전,NG,60,1,1,0.771
Test08_NG_chg,충전,NG,61,1,1,0.7758
Test08_NG_chg,충전,NG,62,1,1,0.771
Test08_NG_chg,충전,NG,63,1,1,0.7758
Test08_NG_chg,충전,NG,64,1,1,0.7927
Test08_NG_chg,충전,NG,65,1,1,0.771
Test08_NG_chg,충전,NG,66,1,1,0.7886
Test08_NG_chg,충전,NG,67,1,1,0.7758
Test08_NG_chg,충전,NG,68,1,1,0.7758
Test08_NG_chg,충전,NG,69,1,1,0.7886
Test08_NG_chg,충전,NG,70,1,1,0.7758
Test08_NG_chg,충전,NG,71,1,1,0.7758
Test08_NG_chg,충전,NG,72,1,1,0.771
Test08_NG_chg,충전,NG,73,1,1,0.8082
Test08_NG_chg,충전,NG,74,1,1,0.8082
Test08_NG_chg,충전,NG,75,1,1,0.7837
Test08_NG_chg,충전,NG,76,1,1,0.7758
Test08_NG_chg,충전,NG,77,1,1,0.7758
Test08_NG_chg,충전,NG,78,1,1,0.7658
Test08_NG_chg,충전,NG,79,1,1,0.7758
Test08_NG_chg,충전,NG,80,1,1,0.7793
Test08_NG_chg,충전,NG,81,1,1,0.808
Test08_NG_chg,충전,NG,82,1,1,0.7657
Test08_NG_chg,충전,NG,83,1,1,0.7793
Test08_NG_chg,충전,NG,84,1,1,0.7757
Test08_NG_chg,충전,NG,85,1,1,0.7694
Test08_NG_chg,충전,NG,86,1,1,0.7794
Test08_NG_chg,충전,NG,87,1,1,0.7793
Test08_NG_chg,충전,NG,88,1,1,0.7693
Test08_NG_chg,충전,NG,89,1,1,0.7794
Test08_NG_chg,충전,NG,90,1,1,0.7794
Test08_NG_chg,충전,NG,91,1,1,0.7882
Test08_NG_chg,충전,NG,92,1,1,0.7837
Test08_NG_chg,충전,NG,93,1,1,0.7794
Test08_NG_chg,충전,NG,94,1,1,0.7794
Test08_NG_chg,충전,NG,95,1,1,0.7882
Test08_NG_chg,충전,NG,96,1,1,0.8082
Test08_NG_chg,충전,NG,97,1,1,0.7981
Test08_NG_chg,충전,NG,98,1,1,0.7758
Test08_NG_chg,충전,NG,99,1,1,0.7735
Test08_NG_chg,충전,NG,100,1,1,0.808
Test08_NG_chg,충전,NG,101,1,1,0.7793
Test08_NG_chg,충전,NG,102,1,1,0.7884
Test08_NG_chg,충전,NG,103,1,1,0.808
Test08_NG_chg,충전,NG,104,1,1,0.7657
Test08_NG_chg,충전,NG,105,1,1,0.7756
Test08_NG_chg,충전,NG,106,1,1,0.7793
Test08_NG_chg,충전,NG,107,1,1,0.7794
Test08_NG_chg,충전,NG,108,1,1,0.7793
Test08_NG_chg,충전,NG,109,1,1,0.7792
Test08_NG_chg,충전,NG,110,1,1,0.818
Test08_NG_chg,충전,NG,111,1,1,0.7793
Test08_NG_chg,충전,NG,112,1,1,0.7794
Test08_NG_chg,충전,NG,113,1,1,0.7693
Test08_NG_chg,충전,NG,114,1,1,0.7794
Test08_NG_chg,충전,NG,115,1,1,0.7794
Test08_NG_chg,충전,NG,116,1,1,0.8182
Test08_NG_chg,충전,NG,117,1,1,0.7693
Test08_NG_chg,충전,NG,118,1,1,0.8082
Test08_NG_chg,충전,NG,119,1,1,0.7793
Test08_NG_chg,충전,NG,120,1,1,0.7794
Test08_NG_chg,충전,NG,121,1,1,0.7794
Test08_NG_chg,충전,NG,122,1,1,0.808
Test08_NG_chg,충전,NG,123,1,1,0.7837
Test08_NG_chg,충전,NG,124,1,1,0.7793
Test08_NG_chg,충전,NG,125,1,1,0.7793
Test08_NG_chg,충전,NG,126,1,1,0.798
Test08_NG_chg,충전,NG,127,1,1,0.788
Test08_NG_chg,충전,NG,128,1,1,0.7693
Test08_NG_chg,충전,NG,129,1,1,0.7794
Test08_NG_chg,충전,NG,130,1,1,0.7794
Test08_NG_chg,충전,NG,131,1,1,0.7693
Test08_NG_chg,충전,NG,132,1,1,0.7693
Test08_NG_chg,충전,NG,133,1,1,0.7794
Test08_NG_chg,충전,NG,134,1,1,0.7693
Test08_NG_chg,충전,NG,135,1,1,0.7794
Test08_NG_chg,충전,NG,136,1,1,0.7793
Test08_NG_chg,충전,NG,137,1,1,0.7794
Test08_NG_chg,충전,NG,138,1,1,0.7793
Test08_NG_chg,충전,NG,139,1,1,0.808
Test08_NG_chg,충전,NG,140,1,1,0.7736
Test08_NG_chg,충전,NG,141,1,1,0.7793
Test08_NG_chg,충전,NG,142,1,1,0.7793
Test08_NG_chg,충전,NG,143,1,1,0.7692
Test08_NG_chg,충전,NG,144,1,1,0.7793
Test08_NG_chg,충전,NG,145,1,1,0.7884
Test08_NG_chg,충전,NG,146,1,1,0.7692
Test08_NG_chg,충전,NG,147,1,1,0.7879
Test08_NG_chg,충전,NG,148,1,1,0.7793
Test08_NG_chg,충전,NG,149,1,1,0.7693
Test08_NG_chg,충전,NG,150,1,1,0.7882
Test08_NG_chg,충전,NG,151,1,1,0.7794
Test08_NG_chg,충전,NG,152,1,1,0.7886
Test08_NG_chg,충전,NG,153,1,1,0.7693
Test08_NG_chg,충전,NG,154,1,1,0.7793
Test08_NG_chg,충전,NG,155,1,1,0.7794
Test08_NG_chg,충전,NG,156,1,1,0.7794
Test08_NG_chg,충전,NG,157,1,1,0.7793
Test08_NG_chg,충전,NG,158,1,1,0.7794
Test08_NG_chg,충전,NG,159,1,1,0.8082
Test08_NG_chg,충전,NG,160,1,1,0.7694
Test08_NG_chg,충전,NG,161,1,1,0.788
Test08_NG_chg,충전,NG,162,1,1,0.7794
Test08_NG_chg,충전,NG,163,1,1,0.7793
Test08_NG_chg,충전,NG,164,1,1,0.7794
Test08_NG_chg,충전,NG,165,1,1,0.7694
Test08_NG_chg,충전,NG,166,1,1,0.7793
Test08_NG_chg,충전,NG,167,1,1,0.7694
Test08_NG_chg,충전,NG,168,1,1,0.7792
Test08_NG_chg,충전,NG,169,1,1,0.7794
Test08_NG_chg,충전,NG,170,1,1,0.7793
Test08_NG_chg,충전,NG,171,1,1,0.7882
Test08_NG_chg,충전,NG,172,1,1,0.7794
Test08_NG_chg,충전,NG,173,1,1,0.7794
Test08_NG_chg,충전,NG,174,1,1,0.8082
Test08_NG_chg,충전,NG,175,1,1,0.7693
Test08_NG_chg,충전,NG,176,1,1,0.7794
Test08_NG_chg,충전,NG,177,1,1,0.7884
Test08_NG_chg,충전,NG,178,1,1,0.7793
Test08_NG_chg,충전,NG,179,1,1,0.8191
Test08_NG_chg,충전,NG,180,1,1,0.7693
Test08_NG_chg,충전,NG,181,1,1,0.7794
Test08_NG_chg,충전,NG,182,1,1,0.7794
Test08_NG_chg,충전,NG,183,1,1,0.7793
Test08_NG_chg,충전,NG,184,1,1,0.7793
Test08_NG_chg,충전,NG,185,1,1,0.7793
Test08_NG_chg,충전,NG,186,1,1,0.7793
Test08_NG_chg,충전,NG,187,1,1,0.7981
Test08_NG_chg,충전,NG,188,1,1,0.7794
Test08_NG_chg,충전,NG,189,1,1,0.7693
Test08_NG_chg,충전,NG,190,1,1,0.808
Test08_NG_chg,충전,NG,191,1,1,0.7794
Test08_NG_chg,충전,NG,192,1,1,0.8082
Test08_NG_chg,충전,NG,193,1,1,0.7693
Test08_NG_chg,충전,NG,194,1,1,0.7694
Test08_NG_chg,충전,NG,195,1,1,0.818
Test08_NG_chg,충전,NG,196,1,1,0.7693
Test08_NG_chg,충전,NG,197,1,1,0.7693
Test08_NG_chg,충전,NG,198,1,1,0.7793
Test08_NG_chg,충전,NG,199,1,1,0.7836
Test08_NG_chg,충전,NG,200,1,1,0.7794
Test08_NG_chg,충전,NG,201,1,1,0.7793
Test08_NG_chg,충전,NG,202,1,1,0.7794
Test08_NG_chg,충전,NG,203,1,1,0.7693
Test08_NG_chg,충전,NG,204,1,1,0.7793
Test08_NG_chg,충전,NG,205,1,1,0.7794
Test08_NG_chg,충전,NG,206,1,1,0.7794
Test08_NG_chg,충전,NG,207,1,1,0.8007
Test08_NG_chg,충전,NG,208,1,1,0.7794
Test08_NG_chg,충전,NG,209,1,1,0.7793
Test08_NG_chg,충전,NG,210,1,1,0.7881
Test08_NG_chg,충전,NG,211,1,1,0.7794
Test08_NG_chg,충전,NG,212,1,1,0.8082
Test08_NG_chg,충전,NG,213,1,1,0.808
Test08_NG_chg,충전,NG,214,1,1,0.7794
Test08_NG_chg,충전,NG,215,1,1,0.7693
Test08_NG_chg,충전,NG,216,1,1,0.798
Test08_NG_chg,충전,NG,217,1,1,0.7694
Test08_NG_chg,충전,NG,218,1,1,0.808
Test08_NG_chg,충전,NG,219,1,1,0.808
Test08_NG_chg,충전,NG,220,1,1,0.8079
Test08_NG_chg,충전,NG,221,1,1,0.7794
Test08_NG_chg,충전,NG,222,1,1,0.7694
Test08_NG_chg,충전,NG,223,1,1,0.7879
Test08_NG_chg,충전,NG,224,1,1,0.7794
Test08_NG_chg,충전,NG,225,1,1,0.7794
Test08_NG_chg,충전,NG,226,1,1,0.7792
Test08_NG_chg,충전,NG,227,1,1,0.7794
Test08_NG_chg,충전,NG,228,1,1,0.8082
Test08_NG_chg,충전,NG,229,1,1,0.7836
Test08_NG_chg,충전,NG,230,1,1,0.8182
Test08_NG_chg,충전,NG,231,1,1,0.7693
Test08_NG_chg,충전,NG,232,1,1,0.7794
Test08_NG_chg,충전,NG,233,1,1,0.7694
Test08_NG_chg,충전,NG,234,1,1,0.7794
Test08_NG_chg,충전,NG,235,1,1,0.7793
Test08_NG_chg,충전,NG,236,1,1,0.7794
Test08_NG_chg,충전,NG,237,1,1,0.7693
Test08_NG_chg,충전,NG,238,1,1,0.7794
Test08_NG_chg,충전,NG,239,1,1,0.7693
Test08_NG_chg,충전,NG,240,1,1,0.7694
Test08_NG_chg,충전,NG,241,1,1,0.808
Test08_NG_chg,충전,NG,242,1,1,0.7794
Test08_NG_chg,충전,NG,243,1,1,0.7784
Test08_NG_chg,충전,NG,244,1,1,0.7884
Test08_NG_chg,충전,NG,245,1,1,0.7793
Test08_NG_chg,충전,NG,246,1,1,0.7794
Test08_NG_chg,충전,NG,247,1,1,0.808
Test08_NG_chg,충전,NG,248,1,1,0.7694
Test08_NG_chg,충전,NG,249,1,1,0.8082
Test08_NG_chg,충전,NG,250,1,1,0.7793
Test08_NG_chg,충전,NG,251,1,1,0.7693
Test08_NG_chg,충전,NG,252,1,1,0.7794
Test08_NG_chg,충전,NG,253,1,1,0.8123
Test08_NG_chg,충전,NG,254,1,1,0.7692
Test08_NG_chg,충전,NG,255,1,1,0.8006
Test08_NG_chg,충전,NG,256,1,1,0.7794
Test08_NG_chg,충전,NG,257,1,1,0.7692
Test08_NG_chg,충전,NG,258,1,1,0.8008
Test08_NG_chg,충전,NG,259,1,1,0.7793
Test08_NG_chg,충전,NG,260,1,1,0.818
Test08_NG_chg,충전,NG,261,1,1,0.7692
Test08_NG_chg,충전,NG,262,1,1,0.7792
Test08_NG_chg,충전,NG,263,1,1,0.7694
Test08_NG_chg,충전,NG,264,1,1,0.7982
Test08_NG_chg,충전,NG,265,1,1,0.7693
Test08_NG_chg,충전,NG,266,1,1,0.7693
Test08_NG_chg,충전,NG,267,1,1,0.7835
Test08_NG_chg,충전,NG,268,1,1,0.8179
Test08_NG_chg,충전,NG,269,1,1,0.788
Test08_NG_chg,충전,NG,270,1,1,0.7793
Test08_NG_chg,충전,NG,271,1,1,0.7794
Test08_NG_chg,충전,NG,272,1,1,0.7693
Test08_NG_chg,충전,NG,273,1,1,0.7793
Test08_NG_chg,충전,NG,274,1,1,0.7693
Test08_NG_chg,충전,NG,275,1,1,0.798
Test08_NG_chg,충전,NG,276,1,1,0.7693
Test08_NG_chg,충전,NG,277,1,1,0.7692
Test08_NG_chg,충전,NG,278,1,1,0.7794
Test08_NG_chg,충전,NG,279,1,1,0.808
Test08_NG_chg,충전,NG,280,1,1,0.7786
Test08_NG_chg,충전,NG,281,1,1,0.7785
Test08_NG_chg,충전,NG,282,1,1,0.7794
Test08_NG_chg,충전,NG,283,1,1,0.7884
Test08_NG_chg,충전,NG,284,1,1,0.7793
Test08_NG_chg,충전,NG,285,1,1,0.818
Test08_NG_chg,충전,NG,286,1,1,0.7794
Test08_NG_chg,충전,NG,287,1,1,0.818
Test08_NG_chg,충전,NG,288,1,1,0.8079
Test08_NG_chg,충전,NG,289,1,1,0.7883
Test08_NG_chg,충전,NG,290,1,1,0.7794
Test08_NG_chg,충전,NG,291,1,1,0.7693
Test08_NG_chg,충전,NG,292,1,1,0.7906
Test08_NG_chg,충전,NG,293,1,1,0.7883
Test08_NG_chg,충전,NG,294,1,1,0.7993
Test08_NG_chg,충전,NG,295,1,1,0.798
Test08_NG_chg,충전,NG,296,1,1,0.7793
Test08_NG_chg,충전,NG,297,1,1,0.7793
Test08_NG_chg,충전,NG,298,1,1,0.7794
Test08_NG_chg,충전,NG,299,1,1,0.798
Test08_NG_chg,충전,NG,300,1,1,0.788
Test08_NG_chg,충전,NG,301,1,1,0.798
Test08_NG_chg,충전,NG,302,1,1,0.7793
Test08_NG_chg,충전,NG,303,1,1,0.808
Test08_NG_chg,충전,NG,304,1,1,0.7884
Test08_NG_chg,충전,NG,305,1,1,0.7883
Test08_NG_chg,충전,NG,306,1,1,0.7793
Test08_NG_chg,충전,NG,307,1,1,0.7693
Test08_NG_chg,충전,NG,308,1,1,0.7884
Test08_NG_chg,충전,NG,309,1,1,0.8079
Test08_NG_chg,충전,NG,310,1,1,0.818
Test08_NG_chg,충전,NG,311,1,1,0.7793
Test08_NG_chg,충전,NG,312,1,1,0.7784
Test08_NG_chg,충전,NG,313,1,1,0.7693
Test08_NG_chg,충전,NG,314,1,1,0.7693
Test08_NG_chg,충전,NG,315,1,1,0.7884
Test08_NG_chg,충전,NG,316,1,1,0.7692
Test08_NG_chg,충전,NG,317,1,1,0.7793
Test08_NG_chg,충전,NG,318,1,1,0.808
Test08_NG_chg,충전,NG,319,1,1,0.818
Test08_NG_chg,충전,NG,320,1,1,0.808
Test08_NG_chg,충전,NG,321,1,1,0.7879
Test08_NG_chg,충전,NG,322,1,1,0.818
Test08_NG_chg,충전,NG,323,1,1,0.8079
Test08_NG_chg,충전,NG,324,1,1,0.7793
Test08_NG_chg,충전,NG,325,1,1,0.7692
Test08_NG_chg,충전,NG,326,1,1,0.7884
Test08_NG_chg,충전,NG,327,1,1,0.8079
Test08_NG_chg,충전,NG,328,1,1,0.7793
Test08_NG_chg,충전,NG,329,1,1,0.8179
Test08_NG_chg,충전,NG,330,1,1,0.818
Test08_NG_chg,충전,NG,331,1,1,0.7792
Test08_NG_chg,충전,NG,332,1,1,0.808
Test08_NG_chg,충전,NG,333,1,1,0.7793
Test08_NG_chg,충전,NG,334,1,1,0.7794
Test08_NG_chg,충전,NG,335,1,1,0.7884
Test08_NG_chg,충전,NG,336,1,1,0.808
Test08_NG_chg,충전,NG,337,1,1,0.7792
Test08_NG_chg,충전,NG,338,1,1,0.788
Test08_NG_chg,충전,NG,339,1,1,0.7784
Test08_NG_chg,충전,NG,340,1,1,0.798
Test08_NG_chg,충전,NG,341,1,1,0.8094
Test08_NG_chg,충전,NG,342,1,1,0.7794
Test08_NG_chg,충전,NG,343,1,1,0.7793
Test08_NG_chg,충전,NG,344,1,1,0.7693
Test08_NG_chg,충전,NG,345,1,1,0.7793
Test08_NG_chg,충전,NG,346,1,1,0.788
Test08_NG_chg,충전,NG,347,1,1,0.7693
Test08_NG_chg,충전,NG,348,1,1,0.7884
Test08_NG_chg,충전,NG,349,1,1,0.808
Test08_NG_chg,충전,NG,350,1,1,0.7692
Test08_NG_chg,충전,NG,351,1,1,0.7793
Test08_NG_chg,충전,NG,352,1,1,0.798
Test08_NG_chg,충전,NG,353,1,1,0.808
Test08_NG_chg,충전,NG,354,1,1,0.7693
Test08_NG_chg,충전,NG,355,1,1,0.808
Test08_NG_chg,충전,NG,356,1,1,0.808
Test08_NG_chg,충전,NG,357,1,1,0.808
Test08_NG_chg,충전,NG,358,1,1,0.7693
Test08_NG_chg,충전,NG,359,1,1,0.788
Test08_NG_chg,충전,NG,360,1,1,0.7793
Test08_NG_chg,충전,NG,361,1,1,0.818
Test08_NG_chg,충전,NG,362,1,1,0.7793
Test08_NG_chg,충전,NG,363,1,1,0.8191
Test08_NG_chg,충전,NG,364,1,1,0.7793
Test08_NG_chg,충전,NG,365,1,1,0.808
Test08_NG_chg,충전,NG,366,1,1,0.7693
Test08_NG_chg,충전,NG,367,1,1,0.808
Test08_NG_chg,충전,NG,368,1,1,0.808
Test08_NG_chg,충전,NG,369,1,1,0.798
Test08_NG_chg,충전,NG,370,1,1,0.7794
Test08_NG_chg,충전,NG,371,1,1,0.818
Test08_NG_chg,충전,NG,372,1,1,0.798
Test08_NG_chg,충전,NG,373,1,1,0.8179
Test08_NG_chg,충전,NG,374,1,1,0.7794
Test08_NG_chg,충전,NG,375,1,1,0.818
Test08_NG_chg,충전,NG,376,1,1,0.8079
Test08_NG_chg,충전,NG,377,1,1,0.7761
Test08_NG_chg,충전,NG,378,1,1,0.7861
Test08_NG_chg,충전,NG,379,1,1,0.818
Test08_NG_chg,충전,NG,380,1,1,0.8079
Test08_NG_chg,충전,NG,381,1,1,0.776
Test08_NG_chg,충전,NG,382,1,1,0.818
Test08_NG_chg,충전,NG,383,1,1,0.7861
Test08_NG_chg,충전,NG,384,1,1,0.7761
Test08_NG_chg,충전,NG,385,1,1,0.8062
Test08_NG_chg,충전,NG,386,1,1,0.8061
Test08_NG_chg,충전,NG,387,1,1,0.818
Test08_NG_chg,충전,NG,388,1,1,0.8179
Test08_NG_chg,충전,NG,389,1,1,0.8061
Test08_NG_chg,충전,NG,390,1,1,0.818
Test08_NG_chg,충전,NG,391,1,1,0.838
Test08_NG_chg,충전,NG,392,1,1,0.818
Test08_NG_chg,충전,NG,393,1,1,0.8061
Test08_NG_chg,충전,NG,394,1,1,0.8061
Test08_NG_chg,충전,NG,395,1,1,0.818
Test08_NG_chg,충전,NG,396,1,1,0.8179
Test08_NG_chg,충전,NG,397,1,1,0.8061
Test08_NG_chg,충전,NG,398,1,1,0.818
Test08_NG_chg,충전,NG,399,1,1,0.806
Test08_NG_chg,충전,NG,400,1,1,0.818
Test08_NG_chg,충전,NG,401,1,1,0.7925
Test08_NG_chg,충전,NG,402,1,1,0.8061
Test08_NG_chg,충전,NG,403,1,1,0.8106
Test08_NG_chg,충전,NG,404,1,1,0.808
Test08_NG_chg,충전,NG,405,1,1,0.818
Test08_NG_chg,충전,NG,406,1,1,0.8061
Test08_NG_chg,충전,NG,407,1,1,0.808
Test08_NG_chg,충전,NG,408,1,1,0.818
Test08_NG_chg,충전,NG,409,1,1,0.7961
Test08_NG_chg,충전,NG,410,1,1,0.818
Test08_NG_chg,충전,NG,411,1,1,0.808
Test08_NG_chg,충전,NG,412,1,1,0.8094
Test08_NG_chg,충전,NG,413,1,1,0.808
Test08_NG_chg,충전,NG,414,1,1,0.8061
Test08_NG_chg,충전,NG,415,1,1,0.818
Test08_NG_chg,충전,NG,416,1,1,0.8106
Test08_NG_chg,충전,NG,417,1,1,0.808
Test08_NG_chg,충전,NG,418,1,1,0.818
Test08_NG_chg,충전,NG,419,1,1,0.808
Test08_NG_chg,충전,NG,420,1,1,0.808
Test08_NG_chg,충전,NG,421,1,1,0.8061
Test08_NG_chg,충전,NG,422,1,1,0.818
Test08_NG_chg,충전,NG,423,1,1,0.808
Test08_NG_chg,충전,NG,424,1,1,0.8179
Test08_NG_chg,충전,NG,425,1,1,0.8061
Test08_NG_chg,충전,NG,426,1,1,0.818
Test08_NG_chg,충전,NG,427,1,1,0.806
Test08_NG_chg,충전,NG,428,1,1,0.818
Test08_NG_chg,충전,NG,429,1,1,0.9345
Test08_NG_chg,충전,NG,430,1,1,0.8103
Test08_NG_chg,충전,NG,431,1,1,0.818
Test08_NG_chg,충전,NG,432,1,1,0.838
Test08_NG_chg,충전,NG,433,1,1,0.818
Test08_NG_chg,충전,NG,434,1,1,0.808
Test08_NG_chg,충전,NG,435,1,1,0.8061
Test08_NG_chg,충전,NG,436,1,1,0.808
Test08_NG_chg,충전,NG,437,1,1,0.806
Test08_NG_chg,충전,NG,438,1,1,0.808
Test08_NG_chg,충전,NG,439,1,1,0.818
Test08_NG_chg,충전,NG,440,1,1,0.8151
Test08_NG_chg,충전,NG,441,1,1,0.818
Test08_NG_chg,충전,NG,442,1,1,0.8179
Test08_NG_chg,충전,NG,443,1,1,0.8351
Test08_NG_chg,충전,NG,444,1,1,0.818
Test08_NG_chg,충전,NG,445,1,1,0.8179
Test08_NG_chg,충전,NG,446,1,1,0.8251
Test08_NG_chg,충전,NG,447,1,1,0.818
Test08_NG_chg,충전,NG,448,1,1,0.9364
Test08_NG_chg,충전,NG,449,1,1,0.8131
Test08_NG_chg,충전,NG,450,1,1,0.8351
Test08_NG_chg,충전,NG,451,1,1,0.8351
Test08_NG_chg,충전,NG,452,1,1,0.806
Test08_NG_chg,충전,NG,453,1,1,0.8462
Test08_NG_chg,충전,NG,454,1,1,0.8377
Test08_NG_chg,충전,NG,455,1,1,0.8351
Test08_NG_chg,충전,NG,456,1,1,0.8351
Test08_NG_chg,충전,NG,457,1,1,0.8631
Test08_NG_chg,충전,NG,458,1,1,0.8151
Test08_NG_chg,충전,NG,459,1,1,0.8751
Test08_NG_chg,충전,NG,460,1,1,0.8551
Test08_NG_chg,충전,NG,461,1,1,0.8549
Test08_NG_chg,충전,NG,462,1,1,0.8631
Test08_NG_chg,충전,NG,463,1,1,0.855
Test08_NG_chg,충전,NG,464,1,1,0.8751
Test08_NG_chg,충전,NG,465,1,1,0.8751
Test08_NG_chg,충전,NG,466,1,1,0.8751
Test08_NG_chg,충전,NG,467,1,1,0.8578
Test08_NG_chg,충전,NG,468,1,1,0.8751
Test08_NG_chg,충전,NG,469,1,1,0.8551
Test08_NG_chg,충전,NG,470,1,1,0.8751
Test08_NG_chg,충전,NG,471,1,1,0.8549
Test08_NG_chg,충전,NG,472,1,1,0.8631
Test08_NG_chg,충전,NG,473,1,1,0.8353
Test08_NG_chg,충전,NG,474,1,1,0.8751
Test08_NG_chg,충전,NG,475,1,1,0.8751
Test08_NG_chg,충전,NG,476,1,1,0.855
Test08_NG_chg,충전,NG,477,1,1,0.8578
Test08_NG_chg,충전,NG,478,1,1,0.8751
Test08_NG_chg,충전,NG,479,1,1,0.8556
Test08_NG_chg,충전,NG,480,1,1,0.8643
Test08_NG_chg,충전,NG,481,1,1,0.8632
Test08_NG_chg,충전,NG,482,1,1,0.855
Test08_NG_chg,충전,NG,483,1,1,0.8729
Test08_NG_chg,충전,NG,484,1,1,0.9648
Test08_NG_chg,충전,NG,485,1,1,0.8631
Test08_NG_chg,충전,NG,486,1,1,0.8729
Test08_NG_chg,충전,NG,487,1,1,0.8528
Test08_NG_chg,충전,NG,488,1,1,0.894
Test08_NG_chg,충전,NG,489,1,1,0.8528
Test08_NG_chg,충전,NG,490,1,1,0.8556
Test08_NG_chg,충전,NG,491,1,1,0.965
Test08_NG_chg,충전,NG,492,1,1,0.8729
Test08_NG_chg,충전,NG,493,1,1,0.8729
Test08_NG_chg,충전,NG,494,1,1,0.8528
Test08_NG_chg,충전,NG,495,1,1,0.8729
Test08_NG_chg,충전,NG,496,1,1,0.8556
Test08_NG_chg,충전,NG,497,1,1,0.8729
Test08_NG_chg,충전,NG,498,1,1,0.8729
Test08_NG_chg,충전,NG,499,1,1,0.8729
Test08_NG_chg,충전,NG,500,1,1,0.8729
Test08_NG_chg,충전,NG,501,1,1,0.8651
Test08_NG_chg,충전,NG,502,1,1,0.965
Test08_NG_chg,충전,NG,503,1,1,0.9647
Test08_NG_chg,충전,NG,504,1,1,0.8529
Test08_NG_chg,충전,NG,505,1,1,0.8556
Test08_NG_chg,충전,NG,506,1,1,0.8729
Test08_NG_chg,충전,NG,507,1,1,0.8729
Test08_NG_chg,충전,NG,508,1,1,0.8655
Test08_NG_chg,충전,NG,509,1,1,0.8528
Test08_NG_chg,충전,NG,510,1,1,0.8729
Test08_NG_chg,충전,NG,511,1,1,0.8529
Test08_NG_chg,충전,NG,512,1,1,0.8656
Test08_NG_chg,충전,NG,513,1,1,0.8729
Test08_NG_chg,충전,NG,514,1,1,0.8527
Test08_NG_chg,충전,NG,515,1,1,0.8855
Test08_NG_chg,충전,NG,516,1,1,0.8632
Test08_NG_chg,충전,NG,517,1,1,0.8729
Test08_NG_chg,충전,NG,518,1,1,0.8528
Test08_NG_chg,충전,NG,519,1,1,0.8656
Test08_NG_chg,충전,NG,520,1,1,0.8729
Test08_NG_chg,충전,NG,521,1,1,0.8528
Test08_NG_chg,충전,NG,522,1,1,0.8528
Test08_NG_chg,충전,NG,523,1,1,0.8729
Test08_NG_chg,충전,NG,524,1,1,0.8556
Test08_NG_chg,충전,NG,525,1,1,0.8729
Test08_NG_chg,충전,NG,526,1,1,0.8729
Test08_NG_chg,충전,NG,527,1,1,0.9649
Test08_NG_chg,충전,NG,528,1,1,0.8528
Test08_NG_chg,충전,NG,529,1,1,0.8528
Test08_NG_chg,충전,NG,530,1,1,0.9649
Test08_NG_chg,충전,NG,531,1,1,0.8431
Test08_NG_chg,충전,NG,532,1,1,0.8729
Test08_NG_chg,충전,NG,533,1,1,0.8528
Test08_NG_chg,충전,NG,534,1,1,0.8729
Test08_NG_chg,충전,NG,535,1,1,0.8556
Test08_NG_chg,충전,NG,536,1,1,0.8729
Test08_NG_chg,충전,NG,537,1,1,0.8551
Test08_NG_chg,충전,NG,538,1,1,0.8751
Test08_NG_chg,충전,NG,539,1,1,0.8729
Test08_NG_chg,충전,NG,540,1,1,0.8729
Test08_NG_chg,충전,NG,541,1,1,0.8677
Test08_NG_chg,충전,NG,542,1,1,0.8729
Test08_NG_chg,충전,NG,543,1,1,0.8429
Test08_NG_chg,충전,NG,544,1,1,0.8751
Test08_NG_chg,충전,NG,545,1,1,0.9647
Test08_NG_chg,충전,NG,546,1,1,0.8665
Test08_NG_chg,충전,NG,547,1,1,0.8529
Test08_NG_chg,충전,NG,548,1,1,0.8551
Test08_NG_chg,충전,NG,549,1,1,0.9645
Test08_NG_chg,충전,NG,550,1,1,0.8765
Test08_NG_chg,충전,NG,551,1,1,0.8551
Test08_NG_chg,충전,NG,552,1,1,0.9664
Test08_NG_chg,충전,NG,553,1,1,0.8751
Test08_NG_chg,충전,NG,554,1,1,0.8751
Test08_NG_chg,충전,NG,555,1,1,0.8578
Test08_NG_chg,충전,NG,556,1,1,0.9665
Test08_NG_chg,충전,NG,557,1,1,0.8751
Test08_NG_chg,충전,NG,558,1,1,0.8751
Test08_NG_chg,충전,NG,559,1,1,0.8551
Test08_NG_chg,충전,NG,560,1,1,0.9665
Test08_NG_chg,충전,NG,561,1,1,0.8751
Test08_NG_chg,충전,NG,562,1,1,0.855
Test08_NG_chg,충전,NG,563,1,1,0.8751
Test08_NG_chg,충전,NG,564,1,1,0.9664
Test08_NG_chg,충전,NG,565,1,1,0.8631
Test08_NG_chg,충전,NG,566,1,1,0.8551
Test08_NG_chg,충전,NG,567,1,1,0.9665
Test08_NG_chg,충전,NG,568,1,1,0.8578
Test08_NG_chg,충전,NG,569,1,1,0.8751
Test08_NG_chg,충전,NG,570,1,1,0.8751
Test08_NG_chg,충전,NG,571,1,1,0.855
Test08_NG_chg,충전,NG,572,1,1,0.8578
Test08_NG_chg,충전,NG,573,1,1,0.8751
Test08_NG_chg,충전,NG,574,1,1,0.9645
Test08_NG_chg,충전,NG,575,1,1,0.8551
Test08_NG_chg,충전,NG,576,1,1,0.8578
Test08_NG_chg,충전,NG,577,1,1,0.8751
Test08_NG_chg,충전,NG,578,1,1,0.9698
Test08_NG_chg,충전,NG,579,1,1,0.8578
Test08_NG_chg,충전,NG,580,1,1,0.8777
Test08_NG_chg,충전,NG,581,1,1,0.9665
Test08_NG_chg,충전,NG,582,1,1,0.8578
Test08_NG_chg,충전,NG,583,1,1,0.8751
Test08_NG_chg,충전,NG,584,1,1,0.8578
Test08_NG_chg,충전,NG,585,1,1,0.8751
Test08_NG_chg,충전,NG,586,1,1,0.8751
Test08_NG_chg,충전,NG,587,1,1,0.855
Test08_NG_chg,충전,NG,588,1,1,0.855
Test08_NG_chg,충전,NG,589,1,1,0.8751
Test08_NG_chg,충전,NG,590,1,1,0.855
Test08_NG_chg,충전,NG,591,1,1,0.855
Test08_NG_chg,충전,NG,592,1,1,0.9645
Test08_NG_chg,충전,NG,593,1,1,0.855
Test08_NG_chg,충전,NG,594,1,1,0.8751
Test08_NG_chg,충전,NG,595,1,1,0.8651
Test08_NG_chg,충전,NG,596,1,1,0.8751
Test08_NG_chg,충전,NG,597,1,1,0.9645
Test08_NG_chg,충전,NG,598,1,1,0.9706
Test08_NG_chg,충전,NG,599,1,1,0.8578
Test08_NG_chg,충전,NG,600,1,1,0.9706
Test08_NG_chg,충전,NG,601,1,1,0.8751
Test08_NG_chg,충전,NG,602,1,1,0.9804
Test08_NG_chg,충전,NG,603,1,1,0.9706
Test08_NG_chg,충전,NG,604,1,1,0.8751
Test08_NG_chg,충전,NG,605,1,1,0.9706
Test08_NG_chg,충전,NG,606,1,1,0.8651
Test08_NG_chg,충전,NG,607,1,1,0.8678
Test08_NG_chg,충전,NG,608,1,1,0.8793
Test08_NG_chg,충전,NG,609,1,1,0.9706
Test08_NG_chg,충전,NG,610,1,1,0.9706
Test08_NG_chg,충전,NG,611,1,1,0.9707
Test08_NG_chg,충전,NG,612,1,1,0.9645
Test08_NG_chg,충전,NG,613,1,1,0.9706
Test08_NG_chg,충전,NG,614,1,1,0.9706
Test08_NG_chg,충전,NG,615,1,1,0.9706
Test08_NG_chg,충전,NG,616,1,1,0.9706
Test08_NG_chg,충전,NG,617,1,1,0.9804
Test08_NG_chg,충전,NG,618,1,1,0.9803
Test08_NG_chg,충전,NG,619,1,1,0.9803
Test08_NG_chg,충전,NG,620,1,1,0.9706
Test08_NG_chg,충전,NG,621,1,1,0.9706
Test08_NG_chg,충전,NG,622,1,1,0.9804
Test08_NG_chg,충전,NG,623,1,1,0.9665
Test08_NG_chg,충전,NG,624,1,1,0.9706
Test08_NG_chg,충전,NG,625,1,1,0.9706
Test08_NG_chg,충전,NG,626,1,1,0.9706
Test08_NG_chg,충전,NG,627,1,1,0.9706
Test08_NG_chg,충전,NG,628,1,1,0.9706
Test08_NG_chg,충전,NG,629,1,1,0.9706
Test08_NG_chg,충전,NG,630,1,1,0.9706
Test08_NG_chg,충전,NG,631,1,1,0.9706
Test08_NG_chg,충전,NG,632,1,1,0.9706
Test08_NG_chg,충전,NG,633,1,1,0.9706
Test08_NG_chg,충전,NG,634,1,1,0.9805
Test08_NG_chg,충전,NG,635,1,1,0.9706
Test08_NG_chg,충전,NG,636,1,1,0.9706
Test08_NG_chg,충전,NG,637,1,1,0.9706
Test08_NG_chg,충전,NG,638,1,1,0.9706
Test08_NG_chg,충전,NG,639,1,1,0.9706
Test08_NG_chg,충전,NG,640,1,1,0.9706
Test08_NG_chg,충전,NG,641,1,1,0.9804
Test08_NG_chg,충전,NG,642,1,1,0.9706
Test08_NG_chg,충전,NG,643,1,1,0.9707
Test08_NG_chg,충전,NG,644,1,1,0.9706
Test08_NG_chg,충전,NG,645,1,1,0.9804
Test08_NG_chg,충전,NG,646,1,1,0.9706
Test08_NG_chg,충전,NG,647,1,1,0.9706
Test08_NG_chg,충전,NG,648,1,1,0.9706
Test08_NG_chg,충전,NG,649,1,1,0.9707
Test08_NG_chg,충전,NG,650,1,1,0.9706
Test08_NG_chg,충전,NG,651,1,1,0.9804
Test08_NG_chg,충전,NG,652,1,1,0.9706
Test08_NG_chg,충전,NG,653,1,1,0.9602
Test08_NG_chg,충전,NG,654,1,1,0.9706
Test08_NG_chg,충전,NG,655,1,1,0.9706
Test08_NG_chg,충전,NG,656,1,1,0.9706
Test08_NG_chg,충전,NG,657,1,1,0.9707
Test08_NG_chg,충전,NG,658,1,1,0.9601
Test08_NG_chg,충전,NG,659,1,1,0.9804
Test08_NG_chg,충전,NG,660,1,1,0.9706
Test08_NG_chg,충전,NG,661,1,1,0.9706
Test08_NG_chg,충전,NG,662,1,1,0.9805
Test08_NG_chg,충전,NG,663,1,1,0.9706
Test08_NG_chg,충전,NG,664,1,1,0.9803
Test08_NG_chg,충전,NG,665,1,1,0.9706
Test08_NG_chg,충전,NG,666,1,1,0.9707
Test08_NG_chg,충전,NG,667,1,1,0.9804
Test08_NG_chg,충전,NG,668,1,1,0.9706
Test08_NG_chg,충전,NG,669,1,1,0.9601
Test08_NG_chg,충전,NG,670,1,1,0.9706
Test08_NG_chg,충전,NG,671,1,1,0.9706
Test08_NG_chg,충전,NG,672,1,1,0.9706
Test08_NG_chg,충전,NG,673,1,1,0.9804
Test08_NG_chg,충전,NG,674,1,1,0.9706
Test08_NG_chg,충전,NG,675,1,1,0.9706
Test08_NG_chg,충전,NG,676,1,1,0.9706
Test08_NG_chg,충전,NG,677,1,1,0.9706
Test08_NG_chg,충전,NG,678,1,1,0.9706
Test08_NG_chg,충전,NG,679,1,1,0.9706
Test08_NG_chg,충전,NG,680,1,1,0.9803
Test08_NG_chg,충전,NG,681,1,1,0.9706
Test08_NG_chg,충전,NG,682,1,1,0.9706
Test08_NG_chg,충전,NG,683,1,1,0.9706
Test08_NG_chg,충전,NG,684,1,1,0.9803
Test08_NG_chg,충전,NG,685,1,1,0.9706
Test08_NG_chg,충전,NG,686,1,1,0.9804
Test08_NG_chg,충전,NG,687,1,1,0.9756
Test08_NG_chg,충전,NG,688,1,1,0.9804
Test08_NG_chg,충전,NG,689,1,1,0.9804
Test08_NG_chg,충전,NG,690,1,1,0.9803
Test08_NG_chg,충전,NG,691,1,1,0.9804
Test08_NG_chg,충전,NG,692,1,1,0.9706
Test08_NG_chg,충전,NG,693,1,1,0.9804
Test08_NG_chg,충전,NG,694,1,1,0.9706
Test08_NG_chg,충전,NG,695,1,1,0.9706
Test08_NG_chg,충전,NG,696,1,1,0.9804
Test08_NG_chg,충전,NG,697,1,1,0.9706
Test08_NG_chg,충전,NG,698,1,1,0.9706
Test08_NG_chg,충전,NG,699,1,1,0.9706
Test08_NG_chg,충전,NG,700,1,1,0.9804
Test08_NG_chg,충전,NG,701,1,1,0.9706
Test08_NG_chg,충전,NG,702,1,1,0.9707
Test08_NG_chg,충전,NG,703,1,1,0.9706
Test08_NG_chg,충전,NG,704,1,1,0.9804
Test08_NG_chg,충전,NG,705,1,1,0.9706
Test08_NG_chg,충전,NG,706,1,1,0.9706
Test08_NG_chg,충전,NG,707,1,1,0.9601
Test08_NG_chg,충전,NG,708,1,1,0.9804
Test08_NG_chg,충전,NG,709,1,1,0.9706
Test08_NG_chg,충전,NG,710,1,1,0.9804
Test08_NG_chg,충전,NG,711,1,1,0.9757
Test08_NG_chg,충전,NG,712,1,1,0.9803
Test08_NG_chg,충전,NG,713,1,1,0.9804
Test08_NG_chg,충전,NG,714,1,1,0.9803
Test08_NG_chg,충전,NG,715,1,1,0.9601
Test08_NG_chg,충전,NG,716,1,1,0.9706
Test08_NG_chg,충전,NG,717,1,1,0.9804
Test08_NG_chg,충전,NG,718,1,1,0.9601
Test08_NG_chg,충전,NG,719,1,1,0.9706
Test08_NG_chg,충전,NG,720,1,1,0.9706
Test08_NG_chg,충전,NG,721,1,1,0.9706
Test08_NG_chg,충전,NG,722,1,1,0.9804
Test08_NG_chg,충전,NG,723,1,1,0.9806
Test08_NG_chg,충전,NG,724,1,1,0.9804
Test08_NG_chg,충전,NG,725,1,1,0.9706
Test08_NG_chg,충전,NG,726,1,1,0.9706
Test08_NG_chg,충전,NG,727,1,1,0.9804
Test08_NG_chg,충전,NG,728,1,1,0.9804
Test08_NG_chg,충전,NG,729,1,1,0.9706
Test08_NG_chg,충전,NG,730,1,1,0.9707
Test08_NG_chg,충전,NG,731,1,1,0.9706
Test08_NG_chg,충전,NG,732,1,1,0.9706
Test08_NG_chg,충전,NG,733,1,1,0.9706
Test08_NG_chg,충전,NG,734,1,1,0.9804
Test08_NG_chg,충전,NG,735,1,1,0.9804
Test08_NG_chg,충전,NG,736,1,1,0.9804
Test08_NG_chg,충전,NG,737,1,1,0.9805
Test08_NG_chg,충전,NG,738,1,1,0.9804
Test08_NG_chg,충전,NG,739,1,1,0.9706
Test08_NG_chg,충전,NG,740,1,1,0.9706
Test08_NG_chg,충전,NG,741,1,1,0.9803
Test08_NG_chg,충전,NG,742,1,1,0.9706
Test08_NG_chg,충전,NG,743,1,1,0.9803
Test08_NG_chg,충전,NG,744,1,1,0.9706
Test08_NG_chg,충전,NG,745,1,1,0.9805
Test08_NG_chg,충전,NG,746,1,1,0.9706
Test08_NG_chg,충전,NG,747,1,1,0.9706
Test08_NG_chg,충전,NG,748,1,1,0.9804
Test08_NG_chg,충전,NG,749,1,1,0.9804
Test08_NG_chg,충전,NG,750,1,1,0.9804
Test08_NG_chg,충전,NG,751,1,1,0.9706
Test08_NG_chg,충전,NG,752,1,1,0.9804
Test08_NG_chg,충전,NG,753,1,1,0.9601
Test08_NG_chg,충전,NG,754,1,1,0.9804
Test08_NG_chg,충전,NG,755,1,1,0.9805
Test08_NG_chg,충전,NG,756,1,1,0.9804
Test08_NG_chg,충전,NG,757,1,1,0.9706
Test08_NG_chg,충전,NG,758,1,1,0.9804
Test08_NG_chg,충전,NG,759,1,1,0.9803
Test08_NG_chg,충전,NG,760,1,1,0.9804
Test08_NG_chg,충전,NG,761,1,1,0.9706
Test08_NG_chg,충전,NG,762,1,1,0.9804
Test08_NG_chg,충전,NG,763,1,1,0.9706
Test08_NG_chg,충전,NG,764,1,1,0.9804
Test08_NG_chg,충전,NG,765,1,1,0.9804
Test08_NG_chg,충전,NG,766,1,1,0.9804
Test08_NG_chg,충전,NG,767,1,1,0.9805
Test08_NG_chg,충전,NG,768,1,1,0.9804
Test08_NG_chg,충전,NG,769,1,1,0.9804
Test08_NG_chg,충전,NG,770,1,1,0.9803
Test08_NG_chg,충전,NG,771,1,1,0.9803
Test08_NG_chg,충전,NG,772,1,1,0.9804
Test08_NG_chg,충전,NG,773,1,1,0.9804
Test08_NG_chg,충전,NG,774,1,1,0.9803
Test08_NG_chg,충전,NG,775,1,1,0.9706
Test08_NG_chg,충전,NG,776,1,1,0.9803
Test08_NG_chg,충전,NG,777,1,1,0.9804
Test08_NG_chg,충전,NG,778,1,1,0.9804
Test08_NG_chg,충전,NG,779,1,1,0.9804
Test08_NG_chg,충전,NG,780,1,1,0.9803
Test08_NG_chg,충전,NG,781,1,1,0.9706
Test08_NG_chg,충전,NG,782,1,1,0.9706
Test08_NG_chg,충전,NG,783,1,1,0.9804
Test08_NG_chg,충전,NG,784,1,1,0.9803
Test08_NG_chg,충전,NG,785,1,1,0.9706
Test08_NG_chg,충전,NG,786,1,1,0.9707
Test08_NG_chg,충전,NG,787,1,1,0.9706
Test08_NG_chg,충전,NG,788,1,1,0.9805
Test08_NG_chg,충전,NG,789,1,1,0.9706
Test08_NG_chg,충전,NG,790,1,1,0.9706
Test08_NG_chg,충전,NG,791,1,1,0.9804
Test08_NG_chg,충전,NG,792,1,1,0.9803
Test08_NG_chg,충전,NG,793,1,1,0.9804
Test08_NG_chg,충전,NG,794,1,1,0.9803
Test08_NG_chg,충전,NG,795,1,1,0.9804
Test08_NG_chg,충전,NG,796,1,1,0.9804
Test08_NG_chg,충전,NG,797,1,1,0.9804
Test08_NG_chg,충전,NG,798,1,1,0.9803
Test08_NG_chg,충전,NG,799,1,1,0.9706
Test08_NG_chg,충전,NG,800,1,1,0.9803
Test08_NG_chg,충전,NG,801,1,1,0.9706
Test08_NG_chg,충전,NG,802,1,1,0.9805
Test08_NG_chg,충전,NG,803,1,1,0.9706
Test08_NG_chg,충전,NG,804,1,1,0.9707
Test08_NG_chg,충전,NG,805,1,1,0.9804
Test08_NG_chg,충전,NG,806,1,1,0.9686
Test08_NG_chg,충전,NG,807,1,1,0.9804
Test08_NG_chg,충전,NG,808,1,1,0.9601
Test08_NG_chg,충전,NG,809,1,1,0.9804
Test08_NG_chg,충전,NG,810,1,1,0.9804
Test08_NG_chg,충전,NG,811,1,1,0.9706
Test08_NG_chg,충전,NG,812,1,1,0.9803
Test08_NG_chg,충전,NG,813,1,1,0.9804
Test08_NG_chg,충전,NG,814,1,1,0.9706
Test08_NG_chg,충전,NG,815,1,1,0.9706
Test08_NG_chg,충전,NG,816,1,1,0.9784
Test08_NG_chg,충전,NG,817,1,1,0.9706
Test08_NG_chg,충전,NG,818,1,1,0.9804
Test08_NG_chg,충전,NG,819,1,1,0.9803
Test08_NG_chg,충전,NG,820,1,1,0.9706
Test08_NG_chg,충전,NG,821,1,1,0.9804
Test08_NG_chg,충전,NG,822,1,1,0.9804
Test08_NG_chg,충전,NG,823,1,1,0.9706
Test08_NG_chg,충전,NG,824,1,1,0.9804
Test08_NG_chg,충전,NG,825,1,1,0.9847
Test08_NG_chg,충전,NG,826,1,1,0.9805
Test08_NG_chg,충전,NG,827,1,1,0.9804
Test08_NG_chg,충전,NG,828,1,1,0.9804
Test08_NG_chg,충전,NG,829,1,1,0.9706
Test08_NG_chg,충전,NG,830,1,1,0.9706
Test08_NG_chg,충전,NG,831,1,1,0.9803
Test08_NG_chg,충전,NG,832,1,1,0.9804
Test08_NG_chg,충전,NG,833,1,1,0.9803
Test08_NG_chg,충전,NG,834,1,1,0.9706
Test08_NG_chg,충전,NG,835,1,1,0.9804
Test08_NG_chg,충전,NG,836,1,1,0.9706
Test08_NG_chg,충전,NG,837,1,1,0.9805
Test08_NG_chg,충전,NG,838,1,1,0.9805
Test08_NG_chg,충전,NG,839,1,1,0.9804
Test08_NG_chg,충전,NG,840,1,1,0.9805
Test08_NG_chg,충전,NG,841,1,1,0.9804
Test08_NG_chg,충전,NG,842,1,1,0.9804
Test08_NG_chg,충전,NG,843,1,1,0.9803
Test08_NG_chg,충전,NG,844,1,1,0.9804
Test08_NG_chg,충전,NG,845,1,1,0.9804
Test08_NG_chg,충전,NG,846,1,1,0.9804
Test08_NG_chg,충전,NG,847,1,1,0.9804
Test08_NG_chg,충전,NG,848,1,1,0.9805
Test08_NG_chg,충전,NG,849,1,1,0.9804
Test08_NG_chg,충전,NG,850,1,1,0.9803
Test08_NG_chg,충전,NG,851,1,1,0.9706
Test08_NG_chg,충전,NG,852,1,1,0.9803
Test08_NG_chg,충전,NG,853,1,1,0.9706
Test08_NG_chg,충전,NG,854,1,1,0.9803
Test08_NG_chg,충전,NG,855,1,1,0.9804
Test08_NG_chg,충전,NG,856,1,1,0.9706
Test08_NG_chg,충전,NG,857,1,1,0.9804
Test08_NG_chg,충전,NG,858,1,1,0.9706
Test08_NG_chg,충전,NG,859,1,1,0.9706
Test08_NG_chg,충전,NG,860,1,1,0.9706
Test08_NG_chg,충전,NG,861,1,1,0.9804
Test08_NG_chg,충전,NG,862,1,1,0.9706
Test08_NG_chg,충전,NG,863,1,1,0.9698
Test08_NG_chg,충전,NG,864,1,1,0.9706
Test08_NG_chg,충전,NG,865,1,1,0.9805
Test08_NG_chg,충전,NG,866,1,1,0.9805
Test08_NG_chg,충전,NG,867,1,1,0.9804
Test08_NG_chg,충전,NG,868,1,1,0.9804
Test08_NG_chg,충전,NG,869,1,1,0.9706
Test08_NG_chg,충전,NG,870,1,1,0.9848
Test08_NG_chg,충전,NG,871,1,1,0.9804
Test08_NG_chg,충전,NG,872,1,1,0.9804
Test08_NG_chg,충전,NG,873,1,1,0.9805
Test08_NG_chg,충전,NG,874,1,1,0.9804
Test08_NG_chg,충전,NG,875,1,1,0.9804
Test08_NG_chg,충전,NG,876,1,1,0.9803
Test08_NG_chg,충전,NG,877,1,1,0.9706
Test08_NG_chg,충전,NG,878,1,1,0.9706
Test08_NG_chg,충전,NG,879,1,1,0.9804
Test08_NG_chg,충전,NG,880,1,1,0.9803
Test08_NG_chg,충전,NG,881,1,1,0.9804
Test08_NG_chg,충전,NG,882,1,1,0.9706
Test08_NG_chg,충전,NG,883,1,1,0.9804
Test08_NG_chg,충전,NG,884,1,1,0.9803
Test08_NG_chg,충전,NG,885,1,1,0.9804
Test08_NG_chg,충전,NG,886,1,1,0.9803
Test08_NG_chg,충전,NG,887,1,1,0.9706
Test08_NG_chg,충전,NG,888,1,1,0.9804
Test08_NG_chg,충전,NG,889,1,1,0.9804
Test08_NG_chg,충전,NG,890,1,1,0.9805
Test08_NG_chg,충전,NG,891,1,1,0.9706
Test08_NG_chg,충전,NG,892,1,1,0.9803
Test08_NG_chg,충전,NG,893,1,1,0.9706
Test08_NG_chg,충전,NG,894,1,1,0.9803
Test08_NG_chg,충전,NG,895,1,1,0.9803
Test08_NG_chg,충전,NG,896,1,1,0.9706
Test08_NG_chg,충전,NG,897,1,1,0.9804
Test08_NG_chg,충전,NG,898,1,1,0.9805
Test08_NG_chg,충전,NG,899,1,1,0.9706
Test08_NG_chg,충전,NG,900,1,1,0.9804
Test08_NG_chg,충전,NG,901,1,1,0.9291
Test08_NG_chg,충전,NG,902,1,1,0.9706
Test08_NG_chg,충전,NG,903,1,1,0.9805
Test08_NG_chg,충전,NG,904,1,1,0.9804
Test08_NG_chg,충전,NG,905,1,1,0.9706
Test08_NG_chg,충전,NG,906,1,1,0.9803
Test08_NG_chg,충전,NG,907,1,1,0.9804
Test08_NG_chg,충전,NG,908,1,1,0.9804
Test08_NG_chg,충전,NG,909,1,1,0.9803
Test08_NG_chg,충전,NG,910,1,1,0.9803
Test08_NG_chg,충전,NG,911,1,1,0.9804
Test08_NG_chg,충전,NG,912,1,1,0.9804
Test08_NG_chg,충전,NG,913,1,1,0.9706
Test08_NG_chg,충전,NG,914,1,1,0.9803
Test08_NG_chg,충전,NG,915,1,1,0.9804
Test08_NG_chg,충전,NG,916,1,1,0.9803
Test08_NG_chg,충전,NG,917,1,1,0.9804
Test08_NG_chg,충전,NG,918,1,1,0.9803
Test08_NG_chg,충전,NG,919,1,1,0.9706
Test08_NG_chg,충전,NG,920,1,1,0.9803
Test08_NG_chg,충전,NG,921,1,1,0.9803
Test08_NG_chg,충전,NG,922,1,1,0.9804
Test08_NG_chg,충전,NG,923,1,1,0.9706
Test08_NG_chg,충전,NG,924,1,1,0.9803
Test08_NG_chg,충전,NG,925,1,1,0.9803
Test08_NG_chg,충전,NG,926,1,1,0.9804
Test08_NG_chg,충전,NG,927,1,1,0.9805
Test08_NG_chg,충전,NG,928,1,1,0.9804
Test08_NG_chg,충전,NG,929,1,1,0.9805
Test08_NG_chg,충전,NG,930,1,1,0.9749
Test08_NG_chg,충전,NG,931,1,1,0.9803
Test08_NG_chg,충전,NG,932,1,1,0.9704
Test08_NG_chg,충전,NG,933,1,1,0.9803
Test08_NG_chg,충전,NG,934,1,1,0.9706
Test08_NG_chg,충전,NG,935,1,1,0.9804
Test08_NG_chg,충전,NG,936,1,1,0.9804
Test08_NG_chg,충전,NG,937,1,1,0.9804
Test08_NG_chg,충전,NG,938,1,1,0.9804
Test08_NG_chg,충전,NG,939,1,1,0.9803
Test08_NG_chg,충전,NG,940,1,1,0.9804
Test08_NG_chg,충전,NG,941,1,1,0.9804
Test08_NG_chg,충전,NG,942,1,1,0.9706
Test08_NG_chg,충전,NG,943,1,1,0.9804
Test08_NG_chg,충전,NG,944,1,1,0.9706
Test08_NG_chg,충전,NG,945,1,1,0.9707
Test08_NG_chg,충전,NG,946,1,1,0.9706
Test08_NG_chg,충전,NG,947,1,1,0.9804
Test08_NG_chg,충전,NG,948,1,1,0.9706
Test08_NG_chg,충전,NG,949,1,1,0.9804
Test08_NG_chg,충전,NG,950,1,1,0.9805
Test08_NG_chg,충전,NG,951,1,1,0.9706
Test08_NG_chg,충전,NG,952,1,1,0.9805
Test08_NG_chg,충전,NG,953,1,1,0.9804
Test08_NG_chg,충전,NG,954,1,1,0.9803
Test08_NG_chg,충전,NG,955,1,1,0.9804
Test08_NG_chg,충전,NG,956,1,1,0.9706
Test08_NG_chg,충전,NG,957,1,1,0.9707
Test08_NG_chg,충전,NG,958,1,1,0.9804
Test08_NG_chg,충전,NG,959,1,1,0.9706
Test08_NG_chg,충전,NG,960,1,1,0.9706
Test08_NG_chg,충전,NG,961,1,1,0.9707
Test08_NG_chg,충전,NG,962,1,1,0.9804
Test08_NG_chg,충전,NG,963,1,1,0.9803
Test08_NG_chg,충전,NG,964,1,1,0.9804
Test08_NG_chg,충전,NG,965,1,1,0.9706
Test08_NG_chg,충전,NG,966,1,1,0.9804
Test08_NG_chg,충전,NG,967,1,1,0.9804
Test08_NG_chg,충전,NG,968,1,1,0.9804
Test08_NG_chg,충전,NG,969,1,1,0.9706
Test08_NG_chg,충전,NG,970,1,1,0.9805
Test08_NG_chg,충전,NG,971,1,1,0.9706
Test08_NG_chg,충전,NG,972,1,1,0.9804
Test08_NG_chg,충전,NG,973,1,1,0.9706
Test08_NG_chg,충전,NG,974,1,1,0.9707
Test08_NG_chg,충전,NG,975,1,1,0.9706
Test08_NG_chg,충전,NG,976,1,1,0.9804
Test08_NG_chg,충전,NG,977,1,1,0.9846
Test08_NG_chg,충전,NG,978,1,1,0.9803
Test08_NG_chg,충전,NG,979,1,1,0.9706
Test08_NG_chg,충전,NG,980,1,1,0.9804
Test08_NG_chg,충전,NG,981,1,1,0.9803
Test08_NG_chg,충전,NG,982,1,1,0.9706
Test08_NG_chg,충전,NG,983,1,1,0.9804
Test08_NG_chg,충전,NG,984,1,1,0.9706
Test08_NG_chg,충전,NG,985,1,1,0.9804
Test08_NG_chg,충전,NG,986,1,1,0.9706
Test08_NG_chg,충전,NG,987,1,1,0.9804
Test08_NG_chg,충전,NG,988,1,1,0.9706
Test08_NG_chg,충전,NG,989,1,1,0.9706
Test08_NG_chg,충전,NG,990,1,1,0.9804
Test08_NG_chg,충전,NG,991,1,1,0.9803
Test08_NG_chg,충전,NG,992,1,1,0.9706
Test08_NG_chg,충전,NG,993,1,1,0.9706
Test08_NG_chg,충전,NG,994,1,1,0.9804
Test08_NG_chg,충전,NG,995,1,1,0.9706
Test08_NG_chg,충전,NG,996,1,1,0.9706
Test08_NG_chg,충전,NG,997,1,1,0.9804
Test08_NG_chg,충전,NG,998,1,1,0.9847
Test08_NG_chg,충전,NG,999,1,1,0.9706
Test08_NG_chg,충전,NG,1000,1,1,0.9706
Test08_NG_chg,충전,NG,1001,1,1,0.9706
Test08_NG_chg,충전,NG,1002,1,1,0.9804
Test08_NG_chg,충전,NG,1003,1,1,0.9706
Test08_NG_chg,충전,NG,1004,1,1,0.9804
Test08_NG_chg,충전,NG,1005,1,1,0.9706
Test08_NG_chg,충전,NG,1006,1,1,0.9706
Test08_NG_chg,충전,NG,1007,1,1,0.9706
Test08_NG_chg,충전,NG,1008,1,1,0.9804
Test08_NG_chg,충전,NG,1009,1,1,0.9706
Test08_NG_chg,충전,NG,1010,1,1,0.9804
Test08_NG_chg,충전,NG,1011,1,1,0.9706
Test08_NG_chg,충전,NG,1012,1,1,0.9706
Test08_NG_chg,충전,NG,1013,1,1,0.9804
Test08_NG_chg,충전,NG,1014,1,1,0.9804
Test08_NG_chg,충전,NG,1015,1,1,0.9804
Test08_NG_chg,충전,NG,1016,1,1,0.9704
Test08_NG_chg,충전,NG,1017,1,1,0.9805
Test08_NG_chg,충전,NG,1018,1,1,0.9804
Test08_NG_chg,충전,NG,1019,1,1,0.9706
Test08_NG_chg,충전,NG,1020,1,1,0.9706
Test08_NG_chg,충전,NG,1021,1,1,0.9706
Test08_NG_chg,충전,NG,1022,1,1,0.9804
Test08_NG_chg,충전,NG,1023,1,1,0.9804
Test08_NG_chg,충전,NG,1024,1,1,0.9706
Test08_NG_chg,충전,NG,1025,1,1,0.9706
Test08_NG_chg,충전,NG,1026,1,1,0.9804
Test08_NG_chg,충전,NG,1027,1,1,0.9706
Test08_NG_chg,충전,NG,1028,1,1,0.9706
Test08_NG_chg,충전,NG,1029,1,1,0.9804
Test08_NG_chg,충전,NG,1030,1,1,0.9706
Test08_NG_chg,충전,NG,1031,1,1,0.9706
Test08_NG_chg,충전,NG,1032,1,1,0.9804
Test08_NG_chg,충전,NG,1033,1,1,0.9706
Test08_NG_chg,충전,NG,1034,1,1,0.9804
Test08_NG_chg,충전,NG,1035,1,1,0.9706
Test08_NG_chg,충전,NG,1036,1,1,0.9804
Test08_NG_chg,충전,NG,1037,1,1,0.9706
Test08_NG_chg,충전,NG,1038,1,1,0.9804
Test08_NG_chg,충전,NG,1039,1,1,0.9804
Test08_NG_chg,충전,NG,1040,1,1,0.9707
Test08_NG_chg,충전,NG,1041,1,1,0.9804
Test08_NG_chg,충전,NG,1042,1,1,0.9805
Test08_NG_chg,충전,NG,1043,1,1,0.9804
Test08_NG_chg,충전,NG,1044,1,1,0.9706
Test08_NG_chg,충전,NG,1045,1,1,0.9706
Test08_NG_chg,충전,NG,1046,1,1,0.9706
Test08_NG_chg,충전,NG,1047,1,1,0.9706
Test08_NG_chg,충전,NG,1048,1,1,0.9846
Test08_NG_chg,충전,NG,1049,1,1,0.9804
Test08_NG_chg,충전,NG,1050,1,1,0.9804
Test08_NG_chg,충전,NG,1051,1,1,0.9706
Test08_NG_chg,충전,NG,1052,1,1,0.9706
Test08_NG_chg,충전,NG,1053,1,1,0.9706
Test08_NG_chg,충전,NG,1054,1,1,0.9706
Test08_NG_chg,충전,NG,1055,1,1,0.9706
Test08_NG_chg,충전,NG,1056,1,1,0.9803
Test08_NG_chg,충전,NG,1057,1,1,0.9804
Test08_NG_chg,충전,NG,1058,1,1,0.9706
Test08_NG_chg,충전,NG,1059,1,1,0.9706
Test08_NG_chg,충전,NG,1060,1,1,0.9706
Test08_NG_chg,충전,NG,1061,1,1,0.9706
Test08_NG_chg,충전,NG,1062,1,1,0.9803
Test08_NG_chg,충전,NG,1063,1,1,0.9804
Test08_NG_chg,충전,NG,1064,1,1,0.9757
Test08_NG_chg,충전,NG,1065,1,1,0.9804
Test08_NG_chg,충전,NG,1066,1,1,0.9804
Test08_NG_chg,충전,NG,1067,1,1,0.9706
Test08_NG_chg,충전,NG,1068,1,1,0.9757
Test08_NG_chg,충전,NG,1069,1,1,0.9804
Test08_NG_chg,충전,NG,1070,1,1,0.9804
Test08_NG_chg,충전,NG,1071,1,1,0.9706
Test08_NG_chg,충전,NG,1072,1,1,0.9706
Test08_NG_chg,충전,NG,1073,1,1,0.9706
Test08_NG_chg,충전,NG,1074,1,1,0.9805
Test08_NG_chg,충전,NG,1075,1,1,0.9757
Test08_NG_chg,충전,NG,1076,1,1,0.9706
Test08_NG_chg,충전,NG,1077,1,1,0.9706
Test08_NG_chg,충전,NG,1078,1,1,0.9804
Test08_NG_chg,충전,NG,1079,1,1,0.9805
Test08_NG_chg,충전,NG,1080,1,1,0.9706
Test08_NG_chg,충전,NG,1081,1,1,0.9706
Test08_NG_chg,충전,NG,1082,1,1,0.9707
Test08_NG_chg,충전,NG,1083,1,1,0.9804
Test08_NG_chg,충전,NG,1084,1,1,0.9847
Test08_NG_chg,충전,NG,1085,1,1,0.9804
Test08_NG_chg,충전,NG,1086,1,1,0.9706
Test08_NG_chg,충전,NG,1087,1,1,0.9847
Test08_NG_chg,충전,NG,1088,1,1,0.9706
Test08_NG_chg,충전,NG,1089,1,1,0.9703
Test08_NG_chg,충전,NG,1090,1,1,0.9706
Test08_NG_chg,충전,NG,1091,1,1,0.9804
Test08_NG_chg,충전,NG,1092,1,1,0.9706
Test08_NG_chg,충전,NG,1093,1,1,0.9803
Test08_NG_chg,충전,NG,1094,1,1,0.9847
Test08_NG_chg,충전,NG,1095,1,1,0.9804
Test08_NG_chg,충전,NG,1096,1,1,0.9706
Test08_NG_chg,충전,NG,1097,1,1,0.9706
Test08_NG_chg,충전,NG,1098,1,1,0.9804
Test08_NG_chg,충전,NG,1099,1,1,0.9804
Test08_NG_chg,충전,NG,1100,1,1,0.9804
Test08_NG_chg,충전,NG,1101,1,1,0.9706
Test08_NG_chg,충전,NG,1102,1,1,0.9757
Test08_NG_chg,충전,NG,1103,1,1,0.9804
Test08_NG_chg,충전,NG,1104,1,1,0.9706
Test08_NG_chg,충전,NG,1105,1,1,0.9757
Test08_NG_chg,충전,NG,1106,1,1,0.9706
Test08_NG_chg,충전,NG,1107,1,1,0.9706
Test08_NG_chg,충전,NG,1108,1,1,0.9847
Test08_NG_chg,충전,NG,1109,1,1,0.9803
Test08_NG_chg,충전,NG,1110,1,1,0.9804
Test08_NG_chg,충전,NG,1111,1,1,0.9804
Test08_NG_chg,충전,NG,1112,1,1,0.9804
Test08_NG_chg,충전,NG,1113,1,1,0.9707
Test08_NG_chg,충전,NG,1114,1,1,0.9804
Test08_NG_chg,충전,NG,1115,1,1,0.9706
Test08_NG_chg,충전,NG,1116,1,1,0.9804
Test08_NG_chg,충전,NG,1117,1,1,0.9805
Test08_NG_chg,충전,NG,1118,1,1,0.9804
Test08_NG_chg,충전,NG,1119,1,1,0.9706
Test08_NG_chg,충전,NG,1120,1,1,0.9803
Test08_NG_chg,충전,NG,1121,1,1,0.9847
Test08_NG_chg,충전,NG,1122,1,1,0.9804
Test08_NG_chg,충전,NG,1123,1,1,0.9804
Test08_NG_chg,충전,NG,1124,1,1,0.9805
Test08_NG_chg,충전,NG,1125,1,1,0.9804
Test08_NG_chg,충전,NG,1126,1,1,0.9706
Test08_NG_chg,충전,NG,1127,1,1,0.9803
Test08_NG_chg,충전,NG,1128,1,1,0.9804
Test08_NG_chg,충전,NG,1129,1,1,0.9804
Test08_NG_chg,충전,NG,1130,1,1,0.9706
Test08_NG_chg,충전,NG,1131,1,1,0.9804
Test08_NG_chg,충전,NG,1132,1,1,0.9804
Test08_NG_chg,충전,NG,1133,1,1,0.9699
Test08_NG_chg,충전,NG,1134,1,1,0.9803
Test08_NG_chg,충전,NG,1135,1,1,0.9804
Test08_NG_chg,충전,NG,1136,1,1,0.9803
Test08_NG_chg,충전,NG,1137,1,1,0.9804
Test08_NG_chg,충전,NG,1138,1,1,0.9803
Test08_NG_chg,충전,NG,1139,1,1,0.9804
Test08_NG_chg,충전,NG,1140,1,1,0.9803
Test08_NG_chg,충전,NG,1141,1,1,0.9757
Test08_NG_chg,충전,NG,1142,1,1,0.9707
Test08_NG_chg,충전,NG,1143,1,1,0.9804
Test08_NG_chg,충전,NG,1144,1,1,0.9706
Test08_NG_chg,충전,NG,1145,1,1,0.9804
Test08_NG_chg,충전,NG,1146,1,1,0.9756
Test08_NG_chg,충전,NG,1147,1,1,0.9804
Test08_NG_chg,충전,NG,1148,1,1,0.9803
Test08_NG_chg,충전,NG,1149,1,1,0.966
Test08_NG_chg,충전,NG,1150,1,1,0.9704
Test08_NG_chg,충전,NG,1151,1,1,0.9803
Test08_NG_chg,충전,NG,1152,1,1,0.9804
Test08_NG_chg,충전,NG,1153,1,1,0.9804
Test08_NG_chg,충전,NG,1154,1,1,0.9803
Test08_NG_chg,충전,NG,1155,1,1,0.9803
Test08_NG_chg,충전,NG,1156,1,1,0.9804
Test08_NG_chg,충전,NG,1157,1,1,0.9804
Test08_NG_chg,충전,NG,1158,1,1,0.9804
Test08_NG_chg,충전,NG,1159,1,1,0.9804
Test08_NG_chg,충전,NG,1160,1,1,0.9804
Test08_NG_chg,충전,NG,1161,1,1,0.9704
Test08_NG_chg,충전,NG,1162,1,1,0.9846
Test08_NG_chg,충전,NG,1163,1,1,0.9803
Test08_NG_chg,충전,NG,1164,1,1,0.9804
Test08_NG_chg,충전,NG,1165,1,1,0.9804
Test08_NG_chg,충전,NG,1166,1,1,0.9804
Test08_NG_chg,충전,NG,1167,1,1,0.9803
Test08_NG_chg,충전,NG,1168,1,1,0.9804
Test08_NG_chg,충전,NG,1169,1,1,0.9846
Test08_NG_chg,충전,NG,1170,1,1,0.9804
Test08_NG_chg,충전,NG,1171,1,1,0.9487
Test08_NG_chg,충전,NG,1172,1,1,0.9757
Test08_NG_chg,충전,NG,1173,1,1,0.9804
Test08_NG_chg,충전,NG,1174,1,1,0.9803
Test08_NG_chg,충전,NG,1175,1,1,0.9784
Test08_NG_chg,충전,NG,1176,1,1,0.9803
Test08_NG_chg,충전,NG,1177,1,1,0.9804
Test08_NG_chg,충전,NG,1178,1,1,0.9706
Test08_NG_chg,충전,NG,1179,1,1,0.9599
Test08_NG_chg,충전,NG,1180,1,1,0.9757
Test08_NG_chg,충전,NG,1181,1,1,0.9803
Test08_NG_chg,충전,NG,1182,1,1,0.9804
Test08_NG_chg,충전,NG,1183,1,1,0.9757
Test08_NG_chg,충전,NG,1184,1,1,0.9803
Test08_NG_chg,충전,NG,1185,1,1,0.9804
Test08_NG_chg,충전,NG,1186,1,1,0.9803
Test08_NG_chg,충전,NG,1187,1,1,0.9847
Test08_NG_chg,충전,NG,1188,1,1,0.9803
Test08_NG_chg,충전,NG,1189,1,1,0.9804
Test08_NG_chg,충전,NG,1190,1,1,0.9804
Test08_NG_chg,충전,NG,1191,1,1,0.9698
Test08_NG_chg,충전,NG,1192,1,1,0.966
Test08_NG_chg,충전,NG,1193,1,1,0.9804
Test08_NG_chg,충전,NG,1194,1,1,0.9217
Test08_NG_chg,충전,NG,1195,1,1,0.9804
Test08_NG_chg,충전,NG,1196,1,1,0.9804
Test08_NG_chg,충전,NG,1197,1,1,0.9757
Test08_NG_chg,충전,NG,1198,1,1,0.9803
Test08_NG_chg,충전,NG,1199,1,1,0.9704
Test08_NG_chg,충전,NG,1200,1,1,0.9757
Test08_NG_chg,충전,NG,1201,1,1,0.9846
Test08_NG_chg,충전,NG,1202,1,1,0.9587
Test08_NG_chg,충전,NG,1203,1,1,0.9804
Test08_NG_chg,충전,NG,1204,1,1,0.9804
Test08_NG_chg,충전,NG,1205,1,1,0.9803
Test08_NG_chg,충전,NG,1206,1,1,0.9804
Test08_NG_chg,충전,NG,1207,1,1,0.9704
Test08_NG_chg,충전,NG,1208,1,1,0.9804
Test08_NG_chg,충전,NG,1209,1,1,0.9804
Test08_NG_chg,충전,NG,1210,1,1,0.9803
Test08_NG_chg,충전,NG,1211,1,1,0.9804
Test08_NG_chg,충전,NG,1212,1,1,0.9804
Test08_NG_chg,충전,NG,1213,1,1,0.9804
Test08_NG_chg,충전,NG,1214,1,1,0.9804
Test08_NG_chg,충전,NG,1215,1,1,0.9803
Test08_NG_chg,충전,NG,1216,1,1,0.9804
Test08_NG_chg,충전,NG,1217,1,1,0.9804
Test08_NG_chg,충전,NG,1218,1,1,0.9805
Test08_NG_chg,충전,NG,1219,1,1,0.9291
Test08_NG_chg,충전,NG,1220,1,1,0.9804
Test08_NG_chg,충전,NG,1221,1,1,0.9804
Test08_NG_chg,충전,NG,1222,1,1,0.9757
Test08_NG_chg,충전,NG,1223,1,1,0.9804
Test08_NG_chg,충전,NG,1224,1,1,0.9804
Test08_NG_chg,충전,NG,1225,1,1,0.9698
Test08_NG_chg,충전,NG,1226,1,1,0.9804
Test08_NG_chg,충전,NG,1227,1,1,0.9803
Test08_NG_chg,충전,NG,1228,1,1,0.9804
Test08_NG_chg,충전,NG,1229,1,1,0.9804
Test08_NG_chg,충전,NG,1230,1,1,0.9804
Test08_NG_chg,충전,NG,1231,1,1,0.9804
Test08_NG_chg,충전,NG,1232,1,1,0.9586
Test08_NG_chg,충전,NG,1233,1,1,0.9804
Test08_NG_chg,충전,NG,1234,1,1,0.9804
Test08_NG_chg,충전,NG,1235,1,1,0.9804
Test08_NG_chg,충전,NG,1236,1,1,0.9703
Test08_NG_chg,충전,NG,1237,1,1,0.9757
Test08_NG_chg,충전,NG,1238,1,1,0.9804
Test08_NG_chg,충전,NG,1239,1,1,0.9847
Test08_NG_chg,충전,NG,1240,1,1,0.9192
Test08_NG_chg,충전,NG,1241,1,1,0.9804
Test08_NG_chg,충전,NG,1242,1,1,0.9804
Test08_NG_chg,충전,NG,1243,1,1,0.9704
Test08_NG_chg,충전,NG,1244,1,1,0.9804
Test08_NG_chg,충전,NG,1245,1,1,0.9847
Test08_NG_chg,충전,NG,1246,1,1,0.9804
Test08_NG_chg,충전,NG,1247,1,1,0.9757
Test08_NG_chg,충전,NG,1248,1,1,0.9804
Test08_NG_chg,충전,NG,1249,1,1,0.9804
Test08_NG_chg,충전,NG,1250,1,1,0.9804
Test08_NG_chg,충전,NG,1251,1,1,0.9804
Test08_NG_chg,충전,NG,1252,1,1,0.9847
Test08_NG_chg,충전,NG,1253,1,1,0.9804
Test08_NG_chg,충전,NG,1254,1,1,0.9698
Test08_NG_chg,충전,NG,1255,1,1,0.9804
Test08_NG_chg,충전,NG,1256,1,1,0.9699
Test08_NG_chg,충전,NG,1257,1,1,0.9757
Test08_NG_chg,충전,NG,1258,1,1,0.9804
Test08_NG_chg,충전,NG,1259,1,1,0.9803
Test08_NG_chg,충전,NG,1260,1,1,0.966
Test08_NG_chg,충전,NG,1261,1,1,0.9804
Test08_NG_chg,충전,NG,1262,1,1,0.9804
Test08_NG_chg,충전,NG,1263,1,1,0.9804
Test08_NG_chg,충전,NG,1264,1,1,0.9804
Test08_NG_chg,충전,NG,1265,1,1,0.9698
Test08_NG_chg,충전,NG,1266,1,1,0.9804
Test08_NG_chg,충전,NG,1267,1,1,0.9804
Test08_NG_chg,충전,NG,1268,1,1,0.9598
Test08_NG_chg,충전,NG,1269,1,1,0.9803
Test08_NG_chg,충전,NG,1270,1,1,0.9804
Test08_NG_chg,충전,NG,1271,1,1,0.9804
Test08_NG_chg,충전,NG,1272,1,1,0.9803
Test08_NG_chg,충전,NG,1273,1,1,0.9804
Test08_NG_chg,충전,NG,1274,1,1,0.9803
Test08_NG_chg,충전,NG,1275,1,1,0.9804
Test08_NG_chg,충전,NG,1276,1,1,0.9803
Test08_NG_chg,충전,NG,1277,1,1,0.9803
Test08_NG_chg,충전,NG,1278,1,1,0.9804
Test08_NG_chg,충전,NG,1279,1,1,0.9847
Test08_NG_chg,충전,NG,1280,1,1,0.9699
Test08_NG_chg,충전,NG,1281,1,1,0.9804
Test08_NG_chg,충전,NG,1282,1,1,0.9804
Test08_NG_chg,충전,NG,1283,1,1,0.9804
Test08_NG_chg,충전,NG,1284,1,1,0.9804
Test08_NG_chg,충전,NG,1285,1,1,0.9804
Test08_NG_chg,충전,NG,1286,1,1,0.9804
Test08_NG_chg,충전,NG,1287,1,1,0.9804
Test08_NG_chg,충전,NG,1288,1,1,0.9804
Test08_NG_chg,충전,NG,1289,1,1,0.9804
Test08_NG_chg,충전,NG,1290,1,1,0.9704
Test08_NG_chg,충전,NG,1291,1,1,0.9847
Test08_NG_chg,충전,NG,1292,1,1,0.9757
Test08_NG_chg,충전,NG,1293,1,1,0.9804
Test08_NG_chg,충전,NG,1294,1,1,0.9804
Test08_NG_chg,충전,NG,1295,1,1,0.9804
Test08_NG_chg,충전,NG,1296,1,1,0.9804
Test08_NG_chg,충전,NG,1297,1,1,0.9804
Test08_NG_chg,충전,NG,1298,1,1,0.9804
Test08_NG_chg,충전,NG,1299,1,1,0.9804
Test08_NG_chg,충전,NG,1300,1,1,0.9804
Test08_NG_chg,충전,NG,1301,1,1,0.9847
Test08_NG_chg,충전,NG,1302,1,1,0.9804
Test08_NG_chg,충전,NG,1303,1,1,0.9803
Test08_NG_chg,충전,NG,1304,1,1,0.9757
Test08_NG_chg,충전,NG,1305,1,1,0.9757
Test08_NG_chg,충전,NG,1306,1,1,0.9804
Test08_NG_chg,충전,NG,1307,1,1,0.9699
Test08_NG_chg,충전,NG,1308,1,1,0.9804
Test08_NG_chg,충전,NG,1309,1,1,0.9686
Test08_NG_chg,충전,NG,1310,1,1,0.9804
Test08_NG_chg,충전,NG,1311,1,1,0.9803
Test08_NG_chg,충전,NG,1312,1,1,0.9804
Test08_NG_chg,충전,NG,1313,1,1,0.9803
Test08_NG_chg,충전,NG,1314,1,1,0.9804
Test08_NG_chg,충전,NG,1315,1,1,0.9598
Test08_NG_chg,충전,NG,1316,1,1,0.9804
Test08_NG_chg,충전,NG,1317,1,1,0.9847
Test08_NG_chg,충전,NG,1318,1,1,0.9803
Test08_NG_chg,충전,NG,1319,1,1,0.9804
Test08_NG_chg,충전,NG,1320,1,1,0.9846
Test08_NG_chg,충전,NG,1321,1,1,0.9804
Test08_NG_chg,충전,NG,1322,1,1,0.9804
Test08_NG_chg,충전,NG,1323,1,1,0.9847
Test08_NG_chg,충전,NG,1324,1,1,0.9804
Test08_NG_chg,충전,NG,1325,1,1,0.9193
Test08_NG_chg,충전,NG,1326,1,1,0.9804
Test08_NG_chg,충전,NG,1327,1,1,0.9804
Test08_NG_chg,충전,NG,1328,1,1,0.9804
Test08_NG_chg,충전,NG,1329,1,1,0.9586
Test08_NG_chg,충전,NG,1330,1,1,0.9804
Test08_NG_chg,충전,NG,1331,1,1,0.9598
Test08_NG_chg,충전,NG,1332,1,1,0.9804
Test08_NG_chg,충전,NG,1333,1,1,0.9803
Test08_NG_chg,충전,NG,1334,1,1,0.9804
Test08_NG_chg,충전,NG,1335,1,1,0.9757
Test08_NG_chg,충전,NG,1336,1,1,0.9757
Test08_NG_chg,충전,NG,1337,1,1,0.9805
Test08_NG_chg,충전,NG,1338,1,1,0.9847
Test08_NG_chg,충전,NG,1339,1,1,0.9803
Test08_NG_chg,충전,NG,1340,1,1,0.9804
Test08_NG_chg,충전,NG,1341,1,1,0.9803
Test08_NG_chg,충전,NG,1342,1,1,0.9804
Test08_NG_chg,충전,NG,1343,1,1,0.9804
Test08_NG_chg,충전,NG,1344,1,1,0.9699
Test08_NG_chg,충전,NG,1345,1,1,0.9804
Test08_NG_chg,충전,NG,1346,1,1,0.966
Test08_NG_chg,충전,NG,1347,1,1,0.9804
Test08_NG_chg,충전,NG,1348,1,1,0.9804
Test08_NG_chg,충전,NG,1349,1,1,0.9847
Test08_NG_chg,충전,NG,1350,1,1,0.9804
Test08_NG_chg,충전,NG,1351,1,1,0.9804
Test08_NG_chg,충전,NG,1352,1,1,0.9803
Test08_NG_chg,충전,NG,1353,1,1,0.9804
Test08_NG_chg,충전,NG,1354,1,1,0.9804
Test08_NG_chg,충전,NG,1355,1,1,0.9804
Test08_NG_chg,충전,NG,1356,1,1,0.9803
Test08_NG_chg,충전,NG,1357,1,1,0.9804
Test08_NG_chg,충전,NG,1358,1,1,0.9804
Test08_NG_chg,충전,NG,1359,1,1,0.9804
Test08_NG_chg,충전,NG,1360,1,1,0.9847
Test08_NG_chg,충전,NG,1361,1,1,0.9804
Test08_NG_chg,충전,NG,1362,1,1,0.9757
Test08_NG_chg,충전,NG,1363,1,1,0.9804
Test08_NG_chg,충전,NG,1364,1,1,0.9757
Test08_NG_chg,충전,NG,1365,1,1,0.9804
Test08_NG_chg,충전,NG,1366,1,1,0.9804
Test08_NG_chg,충전,NG,1367,1,1,0.9757
Test08_NG_chg,충전,NG,1368,1,1,0.9804
Test08_NG_chg,충전,NG,1369,1,1,0.9804
Test08_NG_chg,충전,NG,1370,1,1,0.9804
Test08_NG_chg,충전,NG,1371,1,1,0.9804
Test08_NG_chg,충전,NG,1372,1,1,0.9804
Test08_NG_chg,충전,NG,1373,1,1,0.9686
Test08_NG_chg,충전,NG,1374,1,1,0.9804
Test08_NG_chg,충전,NG,1375,1,1,0.9847
Test08_NG_chg,충전,NG,1376,1,1,0.9804
Test08_NG_chg,충전,NG,1377,1,1,0.9803
Test08_NG_chg,충전,NG,1378,1,1,0.9804
Test08_NG_chg,충전,NG,1379,1,1,0.9847
Test08_NG_chg,충전,NG,1380,1,1,0.9804
Test08_NG_chg,충전,NG,1381,1,1,0.9847
Test08_NG_chg,충전,NG,1382,1,1,0.9418
Test08_NG_chg,충전,NG,1383,1,1,0.9847
Test08_NG_chg,충전,NG,1384,1,1,0.9804
Test08_NG_chg,충전,NG,1385,1,1,0.9805
Test08_NG_chg,충전,NG,1386,1,1,0.9804
Test08_NG_chg,충전,NG,1387,1,1,0.9804
Test08_NG_chg,충전,NG,1388,1,1,0.9804
Test08_NG_chg,충전,NG,1389,1,1,0.9803
Test08_NG_chg,충전,NG,1390,1,1,0.9804
Test08_NG_chg,충전,NG,1391,1,1,0.9803
Test08_NG_chg,충전,NG,1392,1,1,0.9292
Test08_NG_chg,충전,NG,1393,1,1,0.9804
Test08_NG_chg,충전,NG,1394,1,1,0.9704
Test08_NG_chg,충전,NG,1395,1,1,0.9847
Test08_NG_chg,충전,NG,1396,1,1,0.9658
Test08_NG_chg,충전,NG,1397,1,1,0.9804
Test08_NG_chg,충전,NG,1398,1,1,0.9803
Test08_NG_chg,충전,NG,1399,1,1,0.969
Test08_NG_chg,충전,NG,1400,1,1,0.9757
Test08_NG_chg,충전,NG,1401,1,1,0.9847
Test08_NG_chg,충전,NG,1402,1,1,0.9804
Test08_NG_chg,충전,NG,1403,1,1,0.9804
Test08_NG_chg,충전,NG,1404,1,1,0.9684
Test08_NG_chg,충전,NG,1405,1,1,0.9699
Test08_NG_chg,충전,NG,1406,1,1,0.9804
Test08_NG_chg,충전,NG,1407,1,1,0.9094
Test08_NG_chg,충전,NG,1408,1,1,0.9192
Test08_NG_chg,충전,NG,1409,1,1,0.9291
Test08_NG_chg,충전,NG,1410,1,1,0.9803
Test08_NG_chg,충전,NG,1411,1,1,0.9757
Test08_NG_chg,충전,NG,1412,1,1,0.9804
Test08_NG_chg,충전,NG,1413,1,1,0.9757
Test08_NG_chg,충전,NG,1414,1,1,0.9704
Test08_NG_chg,충전,NG,1415,1,1,0.9803
Test08_NG_chg,충전,NG,1416,1,1,0.9847
Test08_NG_chg,충전,NG,1417,1,1,0.9804
Test08_NG_chg,충전,NG,1418,1,1,0.9804
Test08_NG_chg,충전,NG,1419,1,1,0.9804
Test08_NG_chg,충전,NG,1420,1,1,0.9804
Test08_NG_chg,충전,NG,1421,1,1,0.9757
Test08_NG_chg,충전,NG,1422,1,1,0.9803
Test08_NG_chg,충전,NG,1423,1,1,0.9804
Test08_NG_chg,충전,NG,1424,1,1,0.9847
Test08_NG_chg,충전,NG,1425,1,1,0.9803
Test08_NG_chg,충전,NG,1426,1,1,0.9803
Test08_NG_chg,충전,NG,1427,1,1,0.956
Test08_NG_chg,충전,NG,1428,1,1,0.9699
Test08_NG_chg,충전,NG,1429,1,1,0.9804
Test08_NG_chg,충전,NG,1430,1,1,0.9803
Test08_NG_chg,충전,NG,1431,1,1,0.9804
Test08_NG_chg,충전,NG,1432,1,1,0.9804
Test08_NG_chg,충전,NG,1433,1,1,0.9804
Test08_NG_chg,충전,NG,1434,1,1,0.9804
Test08_NG_chg,충전,NG,1435,1,1,0.9804
Test08_NG_chg,충전,NG,1436,1,1,0.9804
Test08_NG_chg,충전,NG,1437,1,1,0.9803
Test08_NG_chg,충전,NG,1438,1,1,0.9804
Test08_NG_chg,충전,NG,1439,1,1,0.9805
Test08_NG_chg,충전,NG,1440,1,1,0.9804
Test08_NG_chg,충전,NG,1441,1,1,0.9699
Test08_NG_chg,충전,NG,1442,1,1,0.9804
Test08_NG_chg,충전,NG,1443,1,1,0.9803
Test08_NG_chg,충전,NG,1444,1,1,0.9804
Test08_NG_chg,충전,NG,1445,1,1,0.9804
Test08_NG_chg,충전,NG,1446,1,1,0.9804
Test08_NG_chg,충전,NG,1447,1,1,0.9804
Test08_NG_chg,충전,NG,1448,1,1,0.9805
Test08_NG_chg,충전,NG,1449,1,1,0.956
Test08_NG_chg,충전,NG,1450,1,1,0.9804
Test08_NG_chg,충전,NG,1451,1,1,0.9804
Test08_NG_chg,충전,NG,1452,1,1,0.9586
Test08_NG_chg,충전,NG,1453,1,1,0.9804
Test08_NG_chg,충전,NG,1454,1,1,0.9804
Test08_NG_chg,충전,NG,1455,1,1,0.9803
Test08_NG_chg,충전,NG,1456,1,1,0.9804
Test08_NG_chg,충전,NG,1457,1,1,0.9846
Test08_NG_chg,충전,NG,1458,1,1,0.9804
Test08_NG_chg,충전,NG,1459,1,1,0.9804
Test08_NG_chg,충전,NG,1460,1,1,0.9698
Test08_NG_chg,충전,NG,1461,1,1,0.9804
Test08_NG_chg,충전,NG,1462,1,1,0.9599
Test08_NG_chg,충전,NG,1463,1,1,0.9804
Test08_NG_chg,충전,NG,1464,1,1,0.9804
Test08_NG_chg,충전,NG,1465,1,1,0.9804
Test08_NG_chg,충전,NG,1466,1,1,0.9804
Test08_NG_chg,충전,NG,1467,1,1,0.9804
Test08_NG_chg,충전,NG,1468,1,1,0.9804
Test08_NG_chg,충전,NG,1469,1,1,0.9699
Test08_NG_chg,충전,NG,1470,1,1,0.9804
Test08_NG_chg,충전,NG,1471,1,1,0.9803
Test08_NG_chg,충전,NG,1472,1,1,0.9804
Test08_NG_chg,충전,NG,1473,1,1,0.9804
Test08_NG_chg,충전,NG,1474,1,1,0.9804
Test08_NG_chg,충전,NG,1475,1,1,0.9804
Test08_NG_chg,충전,NG,1476,1,1,0.9402
Test08_NG_chg,충전,NG,1477,1,1,0.9803
Test08_NG_chg,충전,NG,1478,1,1,0.9804
Test08_NG_chg,충전,NG,1479,1,1,0.9803
Test08_NG_chg,충전,NG,1480,1,1,0.9804
Test08_NG_chg,충전,NG,1481,1,1,0.9803
Test08_NG_chg,충전,NG,1482,1,1,0.9804
Test08_NG_chg,충전,NG,1483,1,1,0.9804
Test08_NG_chg,충전,NG,1484,1,1,0.9684
Test08_NG_chg,충전,NG,1485,1,1,0.9804
Test08_NG_chg,충전,NG,1486,1,1,0.9804
Test08_NG_chg,충전,NG,1487,1,1,0.9803
Test08_NG_chg,충전,NG,1488,1,1,0.9804
Test08_NG_chg,충전,NG,1489,1,1,0.9804
Test08_NG_chg,충전,NG,1490,1,1,0.9703
Test08_NG_chg,충전,NG,1491,1,1,0.966
Test08_NG_chg,충전,NG,1492,1,1,0.9703
Test08_NG_chg,충전,NG,1493,1,1,0.9704
Test08_NG_chg,충전,NG,1494,1,1,0.9704
Test08_NG_chg,충전,NG,1495,1,1,0.9847
Test08_NG_chg,충전,NG,1496,1,1,0.9703
Test08_NG_chg,충전,NG,1497,1,1,0.9804
Test08_NG_chg,충전,NG,1498,1,1,0.9757
Test08_NG_chg,충전,NG,1499,1,1,0.9804
Test08_NG_chg,충전,NG,1500,1,1,0.9803
Test08_NG_chg,충전,NG,1501,1,1,0.9804
Test08_NG_chg,충전,NG,1502,1,1,0.9804
Test08_NG_chg,충전,NG,1503,1,1,0.9804
Test08_NG_chg,충전,NG,1504,1,1,0.9803
Test08_NG_chg,충전,NG,1505,1,1,0.9804
Test08_NG_chg,충전,NG,1506,1,1,0.9708
Test08_NG_chg,충전,NG,1507,1,1,0.9665
Test08_NG_chg,충전,NG,1508,1,1,0.9804
Test08_NG_chg,충전,NG,1509,1,1,0.9381
Test08_NG_chg,충전,NG,1510,1,1,0.9784
Test08_NG_chg,충전,NG,1511,1,1,0.9804
Test08_NG_chg,충전,NG,1512,1,1,0.9804
Test08_NG_chg,충전,NG,1513,1,1,0.9804
Test08_NG_chg,충전,NG,1514,1,1,0.9093
Test08_NG_chg,충전,NG,1515,1,1,0.9698
Test08_NG_chg,충전,NG,1516,1,1,0.9698
Test08_NG_chg,충전,NG,1517,1,1,0.9704
Test08_NG_chg,충전,NG,1518,1,1,0.9704
Test08_NG_chg,충전,NG,1519,1,1,0.9704
Test08_NG_chg,충전,NG,1520,1,1,0.9804
Test08_NG_chg,충전,NG,1521,1,1,0.9804
Test08_NG_chg,충전,NG,1522,1,1,0.9698
Test08_NG_chg,충전,NG,1523,1,1,0.9665
Test08_NG_chg,충전,NG,1524,1,1,0.9804
Test08_NG_chg,충전,NG,1525,1,1,0.9665
Test08_NG_chg,충전,NG,1526,1,1,0.9804
Test08_NG_chg,충전,NG,1527,1,1,0.9803
Test08_NG_chg,충전,NG,1528,1,1,0.9804
Test08_NG_chg,충전,NG,1529,1,1,0.9804
Test08_NG_chg,충전,NG,1530,1,1,0.9708
Test08_NG_chg,충전,NG,1531,1,1,0.9665
Test08_NG_chg,충전,NG,1532,1,1,0.9698
Test08_NG_chg,충전,NG,1533,1,1,0.966
Test08_NG_chg,충전,NG,1534,1,1,0.9665
Test08_NG_chg,충전,NG,1535,1,1,0.9698
Test08_NG_chg,충전,NG,1536,1,1,0.9704
Test08_NG_chg,충전,NG,1537,1,1,0.9804
Test08_NG_chg,충전,NG,1538,1,1,0.9704
Test08_NG_chg,충전,NG,1539,1,1,0.9804
Test08_NG_chg,충전,NG,1540,1,1,0.9804
Test08_NG_chg,충전,NG,1541,1,1,0.9804
Test08_NG_chg,충전,NG,1542,1,1,0.9707
Test08_NG_chg,충전,NG,1543,1,1,0.9192
Test08_NG_chg,충전,NG,1544,1,1,0.966
Test08_NG_chg,충전,NG,1545,1,1,0.9698
Test08_NG_chg,충전,NG,1546,1,1,0.9704
Test08_NG_chg,충전,NG,1547,1,1,0.9803
Test08_NG_chg,충전,NG,1548,1,1,0.9704
Test08_NG_chg,충전,NG,1549,1,1,0.9708
Test08_NG_chg,충전,NG,1550,1,1,0.9698
Test08_NG_chg,충전,NG,1551,1,1,0.9558
Test08_NG_chg,충전,NG,1552,1,1,0.9708
Test08_NG_chg,충전,NG,1553,1,1,0.9698
Test08_NG_chg,충전,NG,1554,1,1,0.956
Test08_NG_chg,충전,NG,1555,1,1,0.9698
Test08_NG_chg,충전,NG,1556,1,1,0.9665
Test08_NG_chg,충전,NG,1557,1,1,0.9665
Test08_NG_chg,충전,NG,1558,1,1,0.9664
Test08_NG_chg,충전,NG,1559,1,1,0.9369
Test08_NG_chg,충전,NG,1560,1,1,0.9698
Test08_NG_chg,충전,NG,1561,1,1,0.966
Test08_NG_chg,충전,NG,1562,1,1,0.9665
Test08_NG_chg,충전,NG,1563,1,1,0.9704
Test08_NG_chg,충전,NG,1564,1,1,0.9804
Test08_NG_chg,충전,NG,1565,1,1,0.9698
Test08_NG_chg,충전,NG,1566,1,1,0.9665
Test08_NG_chg,충전,NG,1567,1,1,0.9665
Test08_NG_chg,충전,NG,1568,1,1,0.9804
Test08_NG_chg,충전,NG,1569,1,1,0.9804
Test08_NG_chg,충전,NG,1570,1,1,0.9665
Test08_NG_chg,충전,NG,1571,1,1,0.9704
Test08_NG_chg,충전,NG,1572,1,1,0.9708
Test08_NG_chg,충전,NG,1573,1,1,0.9665
Test08_NG_chg,충전,NG,1574,1,1,0.9192
Test08_NG_chg,충전,NG,1575,1,1,0.9665
Test08_NG_chg,충전,NG,1576,1,1,0.9598
Test08_NG_chg,충전,NG,1577,1,1,0.9704
Test08_NG_chg,충전,NG,1578,1,1,0.9665
Test08_NG_chg,충전,NG,1579,1,1,0.9193
Test08_NG_chg,충전,NG,1580,1,1,0.9704
Test08_NG_chg,충전,NG,1581,1,1,0.9601
Test08_NG_chg,충전,NG,1582,1,1,0.9698
Test08_NG_chg,충전,NG,1583,1,1,0.9558
Test08_NG_chg,충전,NG,1584,1,1,0.9804
Test08_NG_chg,충전,NG,1585,1,1,0.9665
Test08_NG_chg,충전,NG,1586,1,1,0.9698
Test08_NG_chg,충전,NG,1587,1,1,0.9698
Test08_NG_chg,충전,NG,1588,1,1,0.9664
Test08_NG_chg,충전,NG,1589,1,1,0.9665
Test08_NG_chg,충전,NG,1590,1,1,0.9665
Test08_NG_chg,충전,NG,1591,1,1,0.9665
Test08_NG_chg,충전,NG,1592,1,1,0.9708
Test08_NG_chg,충전,NG,1593,1,1,0.9586
Test08_NG_chg,충전,NG,1594,1,1,0.956
Test08_NG_chg,충전,NG,1595,1,1,0.9665
Test08_NG_chg,충전,NG,1596,1,1,0.9665
Test08_NG_chg,충전,NG,1597,1,1,0.9598
Test08_NG_chg,충전,NG,1598,1,1,0.966
Test08_NG_chg,충전,NG,1599,1,1,0.9665
Test08_NG_chg,충전,NG,1600,1,1,0.9698
Test08_NG_chg,충전,NG,1601,1,1,0.9665
Test08_NG_chg,충전,NG,1602,1,1,0.9665
Test08_NG_chg,충전,NG,1603,1,1,0.9704
Test08_NG_chg,충전,NG,1604,1,1,0.9707
Test08_NG_chg,충전,NG,1605,1,1,0.9708
Test08_NG_chg,충전,NG,1606,1,1,0.9698
Test08_NG_chg,충전,NG,1607,1,1,0.9664
Test08_NG_chg,충전,NG,1608,1,1,0.9665
Test08_NG_chg,충전,NG,1609,1,1,0.9665
Test08_NG_chg,충전,NG,1610,1,1,0.968
Test08_NG_chg,충전,NG,1611,1,1,0.9665
Test08_NG_chg,충전,NG,1612,1,1,0.9664
Test08_NG_chg,충전,NG,1613,1,1,0.9558
Test08_NG_chg,충전,NG,1614,1,1,0.947
Test08_NG_chg,충전,NG,1615,1,1,0.9558
Test08_NG_chg,충전,NG,1616,1,1,0.9665
Test08_NG_chg,충전,NG,1617,1,1,0.9665
Test08_NG_chg,충전,NG,1618,1,1,0.9665
Test08_NG_chg,충전,NG,1619,1,1,0.9664
Test08_NG_chg,충전,NG,1620,1,1,0.9558
Test08_NG_chg,충전,NG,1621,1,1,0.9665
Test08_NG_chg,충전,NG,1622,1,1,0.9664
Test08_NG_chg,충전,NG,1623,1,1,0.9665
Test08_NG_chg,충전,NG,1624,1,1,0.9665
Test08_NG_chg,충전,NG,1625,1,1,0.9698
Test08_NG_chg,충전,NG,1626,1,1,0.9558
Test08_NG_chg,충전,NG,1627,1,1,0.9482
Test08_NG_chg,충전,NG,1628,1,1,0.9665
Test08_NG_chg,충전,NG,1629,1,1,0.9665
Test08_NG_chg,충전,NG,1630,1,1,0.968
Test08_NG_chg,충전,NG,1631,1,1,0.9558
Test08_NG_chg,충전,NG,1632,1,1,0.9586
Test08_NG_chg,충전,NG,1633,1,1,0.9665
Test08_NG_chg,충전,NG,1634,1,1,0.9672
Test08_NG_chg,충전,NG,1635,1,1,0.9665
Test08_NG_chg,충전,NG,1636,1,1,0.9698
Test08_NG_chg,충전,NG,1637,1,1,0.9665
Test08_NG_chg,충전,NG,1638,1,1,0.9665
Test08_NG_chg,충전,NG,1639,1,1,0.9444
Test08_NG_chg,충전,NG,1640,1,1,0.9395
Test08_NG_chg,충전,NG,1641,1,1,0.9444
Test08_NG_chg,충전,NG,1642,1,1,0.9558
Test08_NG_chg,충전,NG,1643,1,1,0.968
Test08_NG_chg,충전,NG,1644,1,1,0.9558
Test08_NG_chg,충전,NG,1645,1,1,0.947
Test08_NG_chg,충전,NG,1646,1,1,0.9369
Test08_NG_chg,충전,NG,1647,1,1,0.9558
Test08_NG_chg,충전,NG,1648,1,1,0.9558
Test08_NG_chg,충전,NG,1649,1,1,0.9558
Test08_NG_chg,충전,NG,1650,1,1,0.9373
Test08_NG_chg,충전,NG,1651,1,1,0.956
Test08_NG_chg,충전,NG,1652,1,1,0.968
Test08_NG_chg,충전,NG,1653,1,1,0.956
Test08_NG_chg,충전,NG,1654,1,1,0.9444
Test08_NG_chg,충전,NG,1655,1,1,0.968
Test08_NG_chg,충전,NG,1656,1,1,0.9665
Test08_NG_chg,충전,NG,1657,1,1,0.9558
Test08_NG_chg,충전,NG,1658,1,1,0.9544
Test08_NG_chg,충전,NG,1659,1,1,0.9665
Test08_NG_chg,충전,NG,1660,1,1,0.9664
Test08_NG_chg,충전,NG,1661,1,1,0.9558
Test08_NG_chg,충전,NG,1662,1,1,0.9665
Test08_NG_chg,충전,NG,1663,1,1,0.9665
Test08_NG_chg,충전,NG,1664,1,1,0.937
Test08_NG_chg,충전,NG,1665,1,1,0.9558
Test08_NG_chg,충전,NG,1666,1,1,0.9601
Test08_NG_chg,충전,NG,1667,1,1,0.9665
Test08_NG_chg,충전,NG,1668,1,1,0.9665
Test08_NG_chg,충전,NG,1669,1,1,0.968
Test08_NG_chg,충전,NG,1670,1,1,0.9558
Test08_NG_chg,충전,NG,1671,1,1,0.9544
Test08_NG_chg,충전,NG,1672,1,1,0.9558
Test08_NG_chg,충전,NG,1673,1,1,0.968
Test08_NG_chg,충전,NG,1674,1,1,0.9647
Test08_NG_chg,충전,NG,1675,1,1,0.9558
Test08_NG_chg,충전,NG,1676,1,1,0.9558
Test08_NG_chg,충전,NG,1677,1,1,0.9558
Test08_NG_chg,충전,NG,1678,1,1,0.9558
Test08_NG_chg,충전,NG,1679,1,1,0.9558
Test08_NG_chg,충전,NG,1680,1,1,0.9558
Test08_NG_chg,충전,NG,1681,1,1,0.9665
Test08_NG_chg,충전,NG,1682,1,1,0.9665
Test08_NG_chg,충전,NG,1683,1,1,0.9665
Test08_NG_chg,충전,NG,1684,1,1,0.969
Test08_NG_chg,충전,NG,1685,1,1,0.9665
Test08_NG_chg,충전,NG,1686,1,1,0.9647
Test08_NG_chg,충전,NG,1687,1,1,0.969
Test08_NG_chg,충전,NG,1688,1,1,0.956
Test08_NG_chg,충전,NG,1689,1,1,0.9665
Test08_NG_chg,충전,NG,1690,1,1,0.9381
Test08_NG_chg,충전,NG,1691,1,1,0.9558
Test08_NG_chg,충전,NG,1692,1,1,0.968
Test08_NG_chg,충전,NG,1693,1,1,0.968
Test08_NG_chg,충전,NG,1694,1,1,0.9647
Test08_NG_chg,충전,NG,1695,1,1,0.9647
Test08_NG_chg,충전,NG,1696,1,1,0.9667
Test08_NG_chg,충전,NG,1697,1,1,0.9444
Test08_NG_chg,충전,NG,1698,1,1,0.954
Test08_NG_chg,충전,NG,1699,1,1,0.947
Test08_NG_chg,충전,NG,1700,1,1,0.9647
Test08_NG_chg,충전,NG,1701,1,1,0.9647
Test08_NG_chg,충전,NG,1702,1,1,0.9647
Test08_NG_chg,충전,NG,1703,1,1,0.9558
Test08_NG_chg,충전,NG,1704,1,1,0.9558
Test08_NG_chg,충전,NG,1705,1,1,0.9647
Test08_NG_chg,충전,NG,1706,1,1,0.9558
Test08_NG_chg,충전,NG,1707,1,1,0.9647
Test08_NG_chg,충전,NG,1708,1,1,0.9558
Test08_NG_chg,충전,NG,1709,1,1,0.9558
Test08_NG_chg,충전,NG,1710,1,1,0.9647
Test08_NG_chg,충전,NG,1711,1,1,0.968
Test08_NG_chg,충전,NG,1712,1,1,0.969
Test08_NG_chg,충전,NG,1713,1,1,0.9583
Test08_NG_chg,충전,NG,1714,1,1,0.9647
Test08_NG_chg,충전,NG,1715,1,1,0.9482
Test08_NG_chg,충전,NG,1716,1,1,0.9558
Test08_NG_chg,충전,NG,1717,1,1,0.9647
Test08_NG_chg,충전,NG,1718,1,1,0.9558
Test08_NG_chg,충전,NG,1719,1,1,0.9647
Test08_NG_chg,충전,NG,1720,1,1,0.954
Test08_NG_chg,충전,NG,1721,1,1,0.954
Test08_NG_chg,충전,NG,1722,1,1,0.954
Test08_NG_chg,충전,NG,1723,1,1,0.9647
Test08_NG_chg,충전,NG,1724,1,1,0.9647
Test08_NG_chg,충전,NG,1725,1,1,0.954
Test08_NG_chg,충전,NG,1726,1,1,0.9558
Test08_NG_chg,충전,NG,1727,1,1,0.9647
Test08_NG_chg,충전,NG,1728,1,1,0.9647
Test08_NG_chg,충전,NG,1729,1,1,0.954
Test08_NG_chg,충전,NG,1730,1,1,0.9647
Test08_NG_chg,충전,NG,1731,1,1,0.9647
Test08_NG_chg,충전,NG,1732,1,1,0.954
Test08_NG_chg,충전,NG,1733,1,1,0.954
Test08_NG_chg,충전,NG,1734,1,1,0.9647
Test08_NG_chg,충전,NG,1735,1,1,0.954
Test08_NG_chg,충전,NG,1736,1,1,0.9647
Test08_NG_chg,충전,NG,1737,1,1,0.9558
Test08_NG_chg,충전,NG,1738,1,1,0.954
Test08_NG_chg,충전,NG,1739,1,1,0.954
Test08_NG_chg,충전,NG,1740,1,1,0.8492
Test08_NG_chg,충전,NG,1741,1,1,0.954
Test08_NG_chg,충전,NG,1742,1,1,0.954
Test08_NG_chg,충전,NG,1743,1,1,0.8692
Test08_NG_chg,충전,NG,1744,1,1,0.8729
Test08_NG_chg,충전,NG,1745,1,1,0.969
Test08_NG_chg,충전,NG,1746,1,1,0.9647
Test08_NG_chg,충전,NG,1747,1,1,0.9647
Test08_NG_chg,충전,NG,1748,1,1,0.9647
Test08_NG_chg,충전,NG,1749,1,1,0.9647
Test08_NG_chg,충전,NG,1750,1,1,0.8556
Test08_NG_chg,충전,NG,1751,1,1,0.9647
Test08_NG_chg,충전,NG,1752,1,1,0.9647
Test08_NG_chg,충전,NG,1753,1,1,0.9287
Test08_NG_chg,충전,NG,1754,1,1,0.8751
Test08_NG_chg,충전,NG,1755,1,1,0.9645
Test08_NG_chg,충전,NG,1756,1,1,0.8729
Test08_NG_chg,충전,NG,1757,1,1,0.9558
Test08_NG_chg,충전,NG,1758,1,1,0.8528
Test08_NG_chg,충전,NG,1759,1,1,0.9647
Test08_NG_chg,충전,NG,1760,1,1,0.9667
Test08_NG_chg,충전,NG,1761,1,1,0.9558
Test08_NG_chg,충전,NG,1762,1,1,0.9665
Test08_NG_chg,충전,NG,1763,1,1,0.8692
Test08_NG_chg,충전,NG,1764,1,1,0.9647
Test08_NG_chg,충전,NG,1765,1,1,0.8656
Test08_NG_chg,충전,NG,1766,1,1,0.9544
Test08_NG_chg,충전,NG,1767,1,1,0.8729
Test08_NG_chg,충전,NG,1768,1,1,0.8529
Test08_NG_chg,충전,NG,1769,1,1,0.9638
Test08_NG_chg,충전,NG,1770,1,1,0.9647
Test08_NG_chg,충전,NG,1771,1,1,0.8729
Test08_NG_chg,충전,NG,1772,1,1,0.8528
Test08_NG_chg,충전,NG,1773,1,1,0.8629
Test08_NG_chg,충전,NG,1774,1,1,0.8692
Test08_NG_chg,충전,NG,1775,1,1,0.8527
Test08_NG_chg,충전,NG,1776,1,1,0.9484
Test08_NG_chg,충전,NG,1777,1,1,0.947
Test08_NG_chg,충전,NG,1778,1,1,0.9596
Test08_NG_chg,충전,NG,1779,1,1,0.8528
Test08_NG_chg,충전,NG,1780,1,1,0.8972
Test08_NG_chg,충전,NG,1781,1,1,0.9647
Test08_NG_chg,충전,NG,1782,1,1,0.9665
Test08_NG_chg,충전,NG,1783,1,1,0.8729
Test08_NG_chg,충전,NG,1784,1,1,0.8556
Test08_NG_chg,충전,NG,1785,1,1,0.9665
Test08_NG_chg,충전,NG,1786,1,1,0.9665
Test08_NG_chg,충전,NG,1787,1,1,0.8528
Test08_NG_chg,충전,NG,1788,1,1,0.9665
Test08_NG_chg,충전,NG,1789,1,1,0.9664
Test08_NG_chg,충전,NG,1790,1,1,0.9665
Test08_NG_chg,충전,NG,1791,1,1,0.8751
Test08_NG_chg,충전,NG,1792,1,1,0.9664
Test08_NG_chg,충전,NG,1793,1,1,0.8771
Test08_NG_chg,충전,NG,1794,1,1,0.9647
Test08_NG_chg,충전,NG,1795,1,1,0.8751
Test08_NG_chg,충전,NG,1796,1,1,0.8571
Test08_NG_chg,충전,NG,1797,1,1,0.9665
Test08_NG_chg,충전,NG,1798,1,1,0.8528
Test08_NG_chg,충전,NG,1799,1,1,0.855
Test08_NG_chg,충전,NG,1800,1,1,0.968
Test08_NG_chg,충전,NG,1801,1,1,0.9647
Test08_NG_chg,충전,NG,1802,1,1,0.9665
Test08_NG_chg,충전,NG,1803,1,1,0.9664
Test08_NG_chg,충전,NG,1804,1,1,0.8729
Test08_NG_chg,충전,NG,1805,1,1,0.8529
Test08_NG_chg,충전,NG,1806,1,1,0.9664
Test08_NG_chg,충전,NG,1807,1,1,0.855
Test08_NG_chg,충전,NG,1808,1,1,0.9647
Test08_NG_chg,충전,NG,1809,1,1,0.843
Test08_NG_chg,충전,NG,1810,1,1,0.8751
Test08_NG_chg,충전,NG,1811,1,1,0.8599
Test08_NG_chg,충전,NG,1812,1,1,0.8729
Test08_NG_chg,충전,NG,1813,1,1,0.8528
Test08_NG_chg,충전,NG,1814,1,1,0.9665
Test08_NG_chg,충전,NG,1815,1,1,0.9664
Test08_NG_chg,충전,NG,1816,1,1,0.8751
Test08_NG_chg,충전,NG,1817,1,1,0.8729
Test08_NG_chg,충전,NG,1818,1,1,0.8556
Test08_NG_chg,충전,NG,1819,1,1,0.8729
Test08_NG_chg,충전,NG,1820,1,1,0.8578
Test08_NG_chg,충전,NG,1821,1,1,0.9665
Test08_NG_chg,충전,NG,1822,1,1,0.9649
Test08_NG_chg,충전,NG,1823,1,1,0.9664
Test08_NG_chg,충전,NG,1824,1,1,0.8751
Test08_NG_chg,충전,NG,1825,1,1,0.855
Test08_NG_chg,충전,NG,1826,1,1,0.9665
Test08_NG_chg,충전,NG,1827,1,1,0.9665
Test08_NG_chg,충전,NG,1828,1,1,0.9664
Test08_NG_chg,충전,NG,1829,1,1,0.9665
Test08_NG_chg,충전,NG,1830,1,1,0.845
Test08_NG_chg,충전,NG,1831,1,1,0.9665
Test08_NG_chg,충전,NG,1832,1,1,0.8631
Test08_NG_chg,충전,NG,1833,1,1,0.9644
Test08_NG_chg,충전,NG,1834,1,1,0.9665
Test08_NG_chg,충전,NG,1835,1,1,0.9665
Test08_NG_chg,충전,NG,1836,1,1,0.9665
Test08_NG_chg,충전,NG,1837,1,1,0.9669
Test08_NG_chg,충전,NG,1838,1,1,0.9664
Test08_NG_chg,충전,NG,1839,1,1,0.9645
Test08_NG_chg,충전,NG,1840,1,1,0.9664
Test08_NG_chg,충전,NG,1841,1,1,0.9665
Test08_NG_chg,충전,NG,1842,1,1,0.8631
Test08_NG_chg,충전,NG,1843,1,1,0.9649
Test08_NG_chg,충전,NG,1844,1,1,0.9664
Test08_NG_chg,충전,NG,1845,1,1,0.855
Test08_NG_chg,충전,NG,1846,1,1,0.9649
Test08_NG_chg,충전,NG,1847,1,1,0.9665
Test08_NG_chg,충전,NG,1848,1,1,0.8459
Test08_NG_chg,충전,NG,1849,1,1,0.8631
Test08_NG_chg,충전,NG,1850,1,1,0.9664
Test08_NG_chg,충전,NG,1851,1,1,0.9665
Test08_NG_chg,충전,NG,1852,1,1,0.9645
Test08_NG_chg,충전,NG,1853,1,1,0.9645
Test08_NG_chg,충전,NG,1854,1,1,0.965
Test08_NG_chg,충전,NG,1855,1,1,0.9645
Test08_NG_chg,충전,NG,1856,1,1,0.846
Test08_NG_chg,충전,NG,1857,1,1,0.8632
Test08_NG_chg,충전,NG,1858,1,1,0.9651
Test08_NG_chg,충전,NG,1859,1,1,0.8632
Test08_NG_chg,충전,NG,1860,1,1,0.8432
Test08_NG_chg,충전,NG,1861,1,1,0.846
Test08_NG_chg,충전,NG,1862,1,1,0.9649
Test08_NG_chg,충전,NG,1863,1,1,0.9651
Test08_NG_chg,충전,NG,1864,1,1,0.846
Test08_NG_chg,충전,NG,1865,1,1,0.9645
Test08_NG_chg,충전,NG,1866,1,1,0.8532
Test08_NG_chg,충전,NG,1867,1,1,0.846
Test08_NG_chg,충전,NG,1868,1,1,0.9645
Test08_NG_chg,충전,NG,1869,1,1,0.9645
Test08_NG_chg,충전,NG,1870,1,1,0.9651
Test08_NG_chg,충전,NG,1871,1,1,0.9649
Test08_NG_chg,충전,NG,1872,1,1,0.8431
Test08_NG_chg,충전,NG,1873,1,1,0.846
Test08_NG_chg,충전,NG,1874,1,1,0.9651
Test08_NG_chg,충전,NG,1875,1,1,0.9647
Test08_NG_chg,충전,NG,1876,1,1,0.9651
Test08_NG_chg,충전,NG,1877,1,1,0.9651
Test08_NG_chg,충전,NG,1878,1,1,0.9651
Test08_NG_chg,충전,NG,1879,1,1,0.9647
Test08_NG_chg,충전,NG,1880,1,1,0.8632
Test08_NG_chg,충전,NG,1881,1,1,0.8632
Test08_NG_chg,충전,NG,1882,1,1,0.9648
Test08_NG_chg,충전,NG,1883,1,1,0.9651
Test08_NG_chg,충전,NG,1884,1,1,0.9651
Test08_NG_chg,충전,NG,1885,1,1,0.8632
Test08_NG_chg,충전,NG,1886,1,1,0.8432
Test08_NG_chg,충전,NG,1887,1,1,0.965
Test08_NG_chg,충전,NG,1888,1,1,0.8632
Test08_NG_chg,충전,NG,1889,1,1,0.965
Test08_NG_chg,충전,NG,1890,1,1,0.9651
Test08_NG_chg,충전,NG,1891,1,1,0.965
Test08_NG_chg,충전,NG,1892,1,1,0.9651
Test08_NG_chg,충전,NG,1893,1,1,0.9648
Test08_NG_chg,충전,NG,1894,1,1,0.9651
Test08_NG_chg,충전,NG,1895,1,1,0.9651
Test08_NG_chg,충전,NG,1896,1,1,0.9651
Test08_NG_chg,충전,NG,1897,1,1,0.9649
Test08_NG_chg,충전,NG,1898,1,1,0.965
Test08_NG_chg,충전,NG,1899,1,1,0.9651
Test08_NG_chg,충전,NG,1900,1,1,0.9651
Test08_NG_chg,충전,NG,1901,1,1,0.846
Test08_NG_chg,충전,NG,1902,1,1,0.9651
Test08_NG_chg,충전,NG,1903,1,1,0.9651
Test08_NG_chg,충전,NG,1904,1,1,0.9651
Test08_NG_chg,충전,NG,1905,1,1,0.9648
Test08_NG_chg,충전,NG,1906,1,1,0.8632
Test08_NG_chg,충전,NG,1907,1,1,0.8632
Test08_NG_chg,충전,NG,1908,1,1,0.9651
Test08_NG_chg,충전,NG,1909,1,1,0.9651
Test08_NG_chg,충전,NG,1910,1,1,0.9651
Test08_NG_chg,충전,NG,1911,1,1,0.8432
Test08_NG_chg,충전,NG,1912,1,1,0.9651
Test08_NG_chg,충전,NG,1913,1,1,0.8632
Test08_NG_chg,충전,NG,1914,1,1,0.846
Test08_NG_chg,충전,NG,1915,1,1,0.8632
Test08_NG_chg,충전,NG,1916,1,1,0.9648
Test08_NG_chg,충전,NG,1917,1,1,0.9352
Test08_NG_chg,충전,NG,1918,1,1,0.9648
Test08_NG_chg,충전,NG,1919,1,1,0.9651
Test08_NG_chg,충전,NG,1920,1,1,0.9648
Test08_NG_chg,충전,NG,1921,1,1,0.9651
Test08_NG_chg,충전,NG,1922,1,1,0.8632
Test08_NG_chg,충전,NG,1923,1,1,0.9651
Test08_NG_chg,충전,NG,1924,1,1,0.9648
Test08_NG_chg,충전,NG,1925,1,1,0.8432
Test08_NG_chg,충전,NG,1926,1,1,0.8632
Test08_NG_chg,충전,NG,1927,1,1,0.9651
Test08_NG_chg,충전,NG,1928,1,1,0.8432
Test08_NG_chg,충전,NG,1929,1,1,0.965
Test08_NG_chg,충전,NG,1930,1,1,0.9651
Test08_NG_chg,충전,NG,1931,1,1,0.9651
Test08_NG_chg,충전,NG,1932,1,1,0.9651
Test08_NG_chg,충전,NG,1933,1,1,0.9651
Test08_NG_chg,충전,NG,1934,1,1,0.9648
Test08_NG_chg,충전,NG,1935,1,1,0.965
Test08_NG_chg,충전,NG,1936,1,1,0.9651
Test08_NG_chg,충전,NG,1937,1,1,0.9648
Test08_NG_chg,충전,NG,1938,1,1,0.9651
Test08_NG_chg,충전,NG,1939,1,1,0.965
Test08_NG_chg,충전,NG,1940,1,1,0.9651
Test08_NG_chg,충전,NG,1941,1,1,0.9651
Test08_NG_chg,충전,NG,1942,1,1,0.8432
Test08_NG_chg,충전,NG,1943,1,1,0.965
Test08_NG_chg,충전,NG,1944,1,1,0.9651
Test08_NG_chg,충전,NG,1945,1,1,0.9651
Test08_NG_chg,충전,NG,1946,1,1,0.9651
Test08_NG_chg,충전,NG,1947,1,1,0.965
Test08_NG_chg,충전,NG,1948,1,1,0.8632
Test08_NG_chg,충전,NG,1949,1,1,0.965
Test08_NG_chg,충전,NG,1950,1,1,0.9651
Test08_NG_chg,충전,NG,1951,1,1,0.9651
Test08_NG_chg,충전,NG,1952,1,1,0.9651
Test08_NG_chg,충전,NG,1953,1,1,0.9651
Test08_NG_chg,충전,NG,1954,1,1,0.9648
Test08_NG_chg,충전,NG,1955,1,1,0.9651
Test08_NG_chg,충전,NG,1956,1,1,0.9651
Test08_NG_chg,충전,NG,1957,1,1,0.9647
Test08_NG_chg,충전,NG,1958,1,1,0.9651
Test08_NG_chg,충전,NG,1959,1,1,0.965
Test08_NG_chg,충전,NG,1960,1,1,0.9651
Test08_NG_chg,충전,NG,1961,1,1,0.965
Test08_NG_chg,충전,NG,1962,1,1,0.8632
Test08_NG_chg,충전,NG,1963,1,1,0.9648
Test08_NG_chg,충전,NG,1964,1,1,0.8532
Test08_NG_chg,충전,NG,1965,1,1,0.9651
Test08_NG_chg,충전,NG,1966,1,1,0.9651
Test08_NG_chg,충전,NG,1967,1,1,0.8632
Test08_NG_chg,충전,NG,1968,1,1,0.9651
Test08_NG_chg,충전,NG,1969,1,1,0.9648
Test08_NG_chg,충전,NG,1970,1,1,0.9647
Test08_NG_chg,충전,NG,1971,1,1,0.9648
Test08_NG_chg,충전,NG,1972,1,1,0.9651
Test08_NG_chg,충전,NG,1973,1,1,0.9648
Test08_NG_chg,충전,NG,1974,1,1,0.9647
Test08_NG_chg,충전,NG,1975,1,1,0.8632
Test08_NG_chg,충전,NG,1976,1,1,0.9647
Test08_NG_chg,충전,NG,1977,1,1,0.9648
Test08_NG_chg,충전,NG,1978,1,1,0.9647
Test08_NG_chg,충전,NG,1979,1,1,0.9647
Test08_NG_chg,충전,NG,1980,1,1,0.9647
Test08_NG_chg,충전,NG,1981,1,1,0.9651
Test08_NG_chg,충전,NG,1982,1,1,0.9651
Test08_NG_chg,충전,NG,1983,1,1,0.9647
Test08_NG_chg,충전,NG,1984,1,1,0.9651
Test08_NG_chg,충전,NG,1985,1,1,0.9651
Test08_NG_chg,충전,NG,1986,1,1,0.9651
Test08_NG_chg,충전,NG,1987,1,1,0.9651
Test08_NG_chg,충전,NG,1988,1,1,0.9647
Test08_NG_chg,충전,NG,1989,1,1,0.9647
Test08_NG_chg,충전,NG,1990,1,1,0.9648
Test08_NG_chg,충전,NG,1991,1,1,0.9647
Test08_NG_chg,충전,NG,1992,1,1,0.9647
Test08_NG_chg,충전,NG,1993,1,1,0.965
Test08_NG_chg,충전,NG,1994,1,1,0.9647
Test08_NG_chg,충전,NG,1995,1,1,0.856
Test08_NG_chg,충전,NG,1996,1,1,0.8664
Test08_NG_chg,충전,NG,1997,1,1,0.965
Test08_NG_chg,충전,NG,1998,1,1,0.9647
Test08_NG_chg,충전,NG,1999,1,1,0.9648
Test08_NG_chg,충전,NG,2000,1,1,0.9647
Test08_NG_chg,충전,NG,2001,1,1,0.9647
Test08_NG_chg,충전,NG,2002,1,1,0.9647
Test08_NG_chg,충전,NG,2003,1,1,0.9647
Test08_NG_chg,충전,NG,2004,1,1,0.9648
Test08_NG_chg,충전,NG,2005,1,1,0.965
Test08_NG_chg,충전,NG,2006,1,1,0.9647
Test08_NG_chg,충전,NG,2007,1,1,0.965
Test08_NG_chg,충전,NG,2008,1,1,0.9647
Test08_NG_chg,충전,NG,2009,1,1,0.965
Test08_NG_chg,충전,NG,2010,1,1,0.9598
Test08_NG_chg,충전,NG,2011,1,1,0.965
Test08_NG_chg,충전,NG,2012,1,1,0.9647
Test08_NG_chg,충전,NG,2013,1,1,0.9647
Test08_NG_chg,충전,NG,2014,1,1,0.965
Test08_NG_chg,충전,NG,2015,1,1,0.9647
Test08_NG_chg,충전,NG,2016,1,1,0.9681
Test08_NG_chg,충전,NG,2017,1,1,0.9693
Test08_NG_chg,충전,NG,2018,1,1,0.965
Test08_NG_chg,충전,NG,2019,1,1,0.9679
Test08_NG_chg,충전,NG,2020,1,1,0.9647
Test08_NG_chg,충전,NG,2021,1,1,0.968
Test08_NG_chg,충전,NG,2022,1,1,0.965
Test08_NG_chg,충전,NG,2023,1,1,0.9651
Test08_NG_chg,충전,NG,2024,1,1,0.9647
Test08_NG_chg,충전,NG,2025,1,1,0.9679
Test08_NG_chg,충전,NG,2026,1,1,0.965
Test08_NG_chg,충전,NG,2027,1,1,0.9647
Test08_NG_chg,충전,NG,2028,1,1,0.965
Test08_NG_chg,충전,NG,2029,1,1,0.9647
Test08_NG_chg,충전,NG,2030,1,1,0.9648
Test08_NG_chg,충전,NG,2031,1,1,0.9647
Test08_NG_chg,충전,NG,2032,1,1,0.8664
Test08_NG_chg,충전,NG,2033,1,1,0.9682
Test08_NG_chg,충전,NG,2034,1,1,0.9648
Test08_NG_chg,충전,NG,2035,1,1,0.9651
Test08_NG_chg,충전,NG,2036,1,1,0.9682
Test08_NG_chg,충전,NG,2037,1,1,0.9682
Test08_NG_chg,충전,NG,2038,1,1,0.965
Test08_NG_chg,충전,NG,2039,1,1,0.9647
Test08_NG_chg,충전,NG,2040,1,1,0.9648
Test08_NG_chg,충전,NG,2041,1,1,0.9647
Test08_NG_chg,충전,NG,2042,1,1,0.9679
Test08_NG_chg,충전,NG,2043,1,1,0.9647
Test08_NG_chg,충전,NG,2044,1,1,0.9679
Test08_NG_chg,충전,NG,2045,1,1,0.9681
Test08_NG_chg,충전,NG,2046,1,1,0.9651
Test08_NG_chg,충전,NG,2047,1,1,0.9647
Test08_NG_chg,충전,NG,2048,1,1,0.9682
Test08_NG_chg,충전,NG,2049,1,1,0.965
Test08_NG_chg,충전,NG,2050,1,1,0.9679
Test08_NG_chg,충전,NG,2051,1,1,0.9647
Test08_NG_chg,충전,NG,2052,1,1,0.9682
Test08_NG_chg,충전,NG,2053,1,1,0.9681
Test08_NG_chg,충전,NG,2054,1,1,0.965
Test08_NG_chg,충전,NG,2055,1,1,0.9679
Test08_NG_chg,충전,NG,2056,1,1,0.9651
Test08_NG_chg,충전,NG,2057,1,1,0.9679
Test08_NG_chg,충전,NG,2058,1,1,0.9651
Test08_NG_chg,충전,NG,2059,1,1,0.965
Test08_NG_chg,충전,NG,2060,1,1,0.9679
Test08_NG_chg,충전,NG,2061,1,1,0.965
Test08_NG_chg,충전,NG,2062,1,1,0.9648
Test08_NG_chg,충전,NG,2063,1,1,0.9679
Test08_NG_chg,충전,NG,2064,1,1,0.9679
Test08_NG_chg,충전,NG,2065,1,1,0.968
Test08_NG_chg,충전,NG,2066,1,1,0.9681
Test08_NG_chg,충전,NG,2067,1,1,0.9679
Test08_NG_chg,충전,NG,2068,1,1,0.9679
Test08_NG_chg,충전,NG,2069,1,1,0.9682
Test08_NG_chg,충전,NG,2070,1,1,0.9681
Test08_NG_chg,충전,NG,2071,1,1,0.9679
Test08_NG_chg,충전,NG,2072,1,1,0.9679
Test08_NG_chg,충전,NG,2073,1,1,0.9681
Test08_NG_chg,충전,NG,2074,1,1,0.9681
Test08_NG_chg,충전,NG,2075,1,1,0.9679
Test08_NG_chg,충전,NG,2076,1,1,0.9679
Test08_NG_chg,충전,NG,2077,1,1,0.9648
Test08_NG_chg,충전,NG,2078,1,1,0.9679
Test08_NG_chg,충전,NG,2079,1,1,0.9679
Test08_NG_chg,충전,NG,2080,1,1,0.9651
Test08_NG_chg,충전,NG,2081,1,1,0.8493
Test08_NG_chg,충전,NG,2082,1,1,0.9682
Test08_NG_chg,충전,NG,2083,1,1,0.9651
Test08_NG_chg,충전,NG,2084,1,1,0.9651
Test08_NG_chg,충전,NG,2085,1,1,0.9682
Test08_NG_chg,충전,NG,2086,1,1,0.9681
Test08_NG_chg,충전,NG,2087,1,1,0.9679
Test08_NG_chg,충전,NG,2088,1,1,0.9679
Test08_NG_chg,충전,NG,2089,1,1,0.9681
Test08_NG_chg,충전,NG,2090,1,1,0.9681
Test08_NG_chg,충전,NG,2091,1,1,0.9679
Test08_NG_chg,충전,NG,2092,1,1,0.9679
Test08_NG_chg,충전,NG,2093,1,1,0.9682
Test08_NG_chg,충전,NG,2094,1,1,0.968
Test08_NG_chg,충전,NG,2095,1,1,0.9679
Test08_NG_chg,충전,NG,2096,1,1,0.9679
Test08_NG_chg,충전,NG,2097,1,1,0.9679
Test08_NG_chg,충전,NG,2098,1,1,0.9681
Test08_NG_chg,충전,NG,2099,1,1,0.9681
Test08_NG_chg,충전,NG,2100,1,1,0.9679
Test08_NG_chg,충전,NG,2101,1,1,0.9679
Test08_NG_chg,충전,NG,2102,1,1,0.9679
Test08_NG_chg,충전,NG,2103,1,1,0.968
Test08_NG_chg,충전,NG,2104,1,1,0.9681
Test08_NG_chg,충전,NG,2105,1,1,0.9679
Test08_NG_chg,충전,NG,2106,1,1,0.9682
Test08_NG_chg,충전,NG,2107,1,1,0.9682
Test08_NG_chg,충전,NG,2108,1,1,0.9682
Test08_NG_chg,충전,NG,2109,1,1,0.9679
Test08_NG_chg,충전,NG,2110,1,1,0.9681
Test08_NG_chg,충전,NG,2111,1,1,0.9679
Test08_NG_chg,충전,NG,2112,1,1,0.9681
Test08_NG_chg,충전,NG,2113,1,1,0.9679
Test08_NG_chg,충전,NG,2114,1,1,0.9681
Test08_NG_chg,충전,NG,2115,1,1,0.9826
Test08_NG_chg,충전,NG,2116,1,1,0.9681
Test08_NG_chg,충전,NG,2117,1,1,0.9681
Test08_NG_chg,충전,NG,2118,1,1,0.9679
Test08_NG_chg,충전,NG,2119,1,1,0.9681
Test08_NG_chg,충전,NG,2120,1,1,0.9679
Test08_NG_chg,충전,NG,2121,1,1,0.9681
Test08_NG_chg,충전,NG,2122,1,1,0.9681
Test08_NG_chg,충전,NG,2123,1,1,0.9679
Test08_NG_chg,충전,NG,2124,1,1,0.9679
Test08_NG_chg,충전,NG,2125,1,1,0.9786
Test08_NG_chg,충전,NG,2126,1,1,0.9682
Test08_NG_chg,충전,NG,2127,1,1,0.9681
Test08_NG_chg,충전,NG,2128,1,1,0.9679
Test08_NG_chg,충전,NG,2129,1,1,0.9681
Test08_NG_chg,충전,NG,2130,1,1,0.9679
Test08_NG_chg,충전,NG,2131,1,1,0.9681
Test08_NG_chg,충전,NG,2132,1,1,0.9681
Test08_NG_chg,충전,NG,2133,1,1,0.9679
Test08_NG_chg,충전,NG,2134,1,1,0.968
Test08_NG_chg,충전,NG,2135,1,1,0.9778
Test08_NG_chg,충전,NG,2136,1,1,0.968
Test08_NG_chg,충전,NG,2137,1,1,0.9679
Test08_NG_chg,충전,NG,2138,1,1,0.9682
Test08_NG_chg,충전,NG,2139,1,1,0.9682
Test08_NG_chg,충전,NG,2140,1,1,0.9681
Test08_NG_chg,충전,NG,2141,1,1,0.9679
Test08_NG_chg,충전,NG,2142,1,1,0.9679
Test08_NG_chg,충전,NG,2143,1,1,0.9681
Test08_NG_chg,충전,NG,2144,1,1,0.9679
Test08_NG_chg,충전,NG,2145,1,1,0.968
Test08_NG_chg,충전,NG,2146,1,1,0.9679
Test08_NG_chg,충전,NG,2147,1,1,0.9681
Test08_NG_chg,충전,NG,2148,1,1,0.9681
Test08_NG_chg,충전,NG,2149,1,1,0.9681
Test08_NG_chg,충전,NG,2150,1,1,0.9679
Test08_NG_chg,충전,NG,2151,1,1,0.9679
Test08_NG_chg,충전,NG,2152,1,1,0.9783
Test08_NG_chg,충전,NG,2153,1,1,0.968
Test08_NG_chg,충전,NG,2154,1,1,0.9679
Test08_NG_chg,충전,NG,2155,1,1,0.9682
Test08_NG_chg,충전,NG,2156,1,1,0.9679
Test08_NG_chg,충전,NG,2157,1,1,0.9781
Test08_NG_chg,충전,NG,2158,1,1,0.968
Test08_NG_chg,충전,NG,2159,1,1,0.9682
Test08_NG_chg,충전,NG,2160,1,1,0.9783
Test08_NG_chg,충전,NG,2161,1,1,0.9679
Test08_NG_chg,충전,NG,2162,1,1,0.9682
Test08_NG_chg,충전,NG,2163,1,1,0.9682
Test08_NG_chg,충전,NG,2164,1,1,0.9679
Test08_NG_chg,충전,NG,2165,1,1,0.9786
Test08_NG_chg,충전,NG,2166,1,1,0.9778
Test08_NG_chg,충전,NG,2167,1,1,0.9786
Test08_NG_chg,충전,NG,2168,1,1,0.9783
Test08_NG_chg,충전,NG,2169,1,1,0.9679
Test08_NG_chg,충전,NG,2170,1,1,0.9783
Test08_NG_chg,충전,NG,2171,1,1,0.968
Test08_NG_chg,충전,NG,2172,1,1,0.9682
Test08_NG_chg,충전,NG,2173,1,1,0.9783
Test08_NG_chg,충전,NG,2174,1,1,0.9681
Test08_NG_chg,충전,NG,2175,1,1,0.9679
Test08_NG_chg,충전,NG,2176,1,1,0.968
Test08_NG_chg,충전,NG,2177,1,1,0.9783
Test08_NG_chg,충전,NG,2178,1,1,0.9681
Test08_NG_chg,충전,NG,2179,1,1,0.9682
Test08_NG_chg,충전,NG,2180,1,1,0.9786
Test08_NG_chg,충전,NG,2181,1,1,0.9681
Test08_NG_chg,충전,NG,2182,1,1,0.9783
Test08_NG_chg,충전,NG,2183,1,1,0.9682
Test08_NG_chg,충전,NG,2184,1,1,0.9786
Test08_NG_chg,충전,NG,2185,1,1,0.9781
Test08_NG_chg,충전,NG,2186,1,1,0.9679
Test08_NG_chg,충전,NG,2187,1,1,0.9681
Test08_NG_chg,충전,NG,2188,1,1,0.9786
Test08_NG_chg,충전,NG,2189,1,1,0.9681
Test08_NG_chg,충전,NG,2190,1,1,0.9778
Test08_NG_chg,충전,NG,2191,1,1,0.9681
Test08_NG_chg,충전,NG,2192,1,1,0.9679
Test08_NG_chg,충전,NG,2193,1,1,0.9779
Test08_NG_chg,충전,NG,2194,1,1,0.9679
Test08_NG_chg,충전,NG,2195,1,1,0.9679
Test08_NG_chg,충전,NG,2196,1,1,0.9681
Test08_NG_chg,충전,NG,2197,1,1,0.9783
Test08_NG_chg,충전,NG,2198,1,1,0.9786
Test08_NG_chg,충전,NG,2199,1,1,0.9778
Test08_NG_chg,충전,NG,2200,1,1,0.9682
Test08_NG_chg,충전,NG,2201,1,1,0.9784
Test08_NG_chg,충전,NG,2202,1,1,0.9679
Test08_NG_chg,충전,NG,2203,1,1,0.9786
Test08_NG_chg,충전,NG,2204,1,1,0.9783
Test08_NG_chg,충전,NG,2205,1,1,0.9682
Test08_NG_chg,충전,NG,2206,1,1,0.9783
Test08_NG_chg,충전,NG,2207,1,1,0.9786
Test08_NG_chg,충전,NG,2208,1,1,0.9681
Test08_NG_chg,충전,NG,2209,1,1,0.9786
Test08_NG_chg,충전,NG,2210,1,1,0.9783
Test08_NG_chg,충전,NG,2211,1,1,0.9681
Test08_NG_chg,충전,NG,2212,1,1,0.9778
Test08_NG_chg,충전,NG,2213,1,1,0.9784
Test08_NG_chg,충전,NG,2214,1,1,0.9783
Test08_NG_chg,충전,NG,2215,1,1,0.9785
Test08_NG_chg,충전,NG,2216,1,1,0.9786
Test08_NG_chg,충전,NG,2217,1,1,0.9783
Test08_NG_chg,충전,NG,2218,1,1,0.9786
Test08_NG_chg,충전,NG,2219,1,1,0.9679
Test08_NG_chg,충전,NG,2220,1,1,0.9787
Test08_NG_chg,충전,NG,2221,1,1,0.9681
Test08_NG_chg,충전,NG,2222,1,1,0.9786
Test08_NG_chg,충전,NG,2223,1,1,0.9786
Test08_NG_chg,충전,NG,2224,1,1,0.9783
Test08_NG_chg,충전,NG,2225,1,1,0.9787
Test08_NG_chg,충전,NG,2226,1,1,0.9679
Test08_NG_chg,충전,NG,2227,1,1,0.9788
Test08_NG_chg,충전,NG,2228,1,1,0.983
Test08_NG_chg,충전,NG,2229,1,1,0.9783
Test08_NG_chg,충전,NG,2230,1,1,0.9788
Test08_NG_chg,충전,NG,2231,1,1,0.9786
Test08_NG_chg,충전,NG,2232,1,1,0.9783
Test08_NG_chg,충전,NG,2233,1,1,0.9681
Test08_NG_chg,충전,NG,2234,1,1,0.9785
Test08_NG_chg,충전,NG,2235,1,1,0.9786
Test08_NG_chg,충전,NG,2236,1,1,0.9786
Test08_NG_chg,충전,NG,2237,1,1,0.9783
Test08_NG_chg,충전,NG,2238,1,1,0.9783
Test08_NG_chg,충전,NG,2239,1,1,0.9786
Test08_NG_chg,충전,NG,2240,1,1,0.9788
Test08_NG_chg,충전,NG,2241,1,1,0.9783
Test08_NG_chg,충전,NG,2242,1,1,0.9786
Test08_NG_chg,충전,NG,2243,1,1,0.9783
Test08_NG_chg,충전,NG,2244,1,1,0.9786
Test08_NG_chg,충전,NG,2245,1,1,0.9823
Test08_NG_chg,충전,NG,2246,1,1,0.9786
Test08_NG_chg,충전,NG,2247,1,1,0.9786
Test08_NG_chg,충전,NG,2248,1,1,0.9783
Test08_NG_chg,충전,NG,2249,1,1,0.9786
Test08_NG_chg,충전,NG,2250,1,1,0.9786
Test08_NG_chg,충전,NG,2251,1,1,0.9786
Test08_NG_chg,충전,NG,2252,1,1,0.9787
Test08_NG_chg,충전,NG,2253,1,1,0.9783
Test08_NG_chg,충전,NG,2254,1,1,0.9785
Test08_NG_chg,충전,NG,2255,1,1,0.9784
Test08_NG_chg,충전,NG,2256,1,1,0.9786
Test08_NG_chg,충전,NG,2257,1,1,0.9783
Test08_NG_chg,충전,NG,2258,1,1,0.9788
Test08_NG_chg,충전,NG,2259,1,1,0.9786
Test08_NG_chg,충전,NG,2260,1,1,0.9783
Test08_NG_chg,충전,NG,2261,1,1,0.9786
Test08_NG_chg,충전,NG,2262,1,1,0.9783
Test08_NG_chg,충전,NG,2263,1,1,0.9783
Test08_NG_chg,충전,NG,2264,1,1,0.9784
Test08_NG_chg,충전,NG,2265,1,1,0.9788
Test08_NG_chg,충전,NG,2266,1,1,0.9786
Test08_NG_chg,충전,NG,2267,1,1,0.9783
Test08_NG_chg,충전,NG,2268,1,1,0.9784
Test08_NG_chg,충전,NG,2269,1,1,0.9788
Test08_NG_chg,충전,NG,2270,1,1,0.9786
Test08_NG_chg,충전,NG,2271,1,1,0.9785
Test08_NG_chg,충전,NG,2272,1,1,0.9787
Test08_NG_chg,충전,NG,2273,1,1,0.9785
Test08_NG_chg,충전,NG,2274,1,1,0.9785
Test08_NG_chg,충전,NG,2275,1,1,0.9783
Test08_NG_chg,충전,NG,2276,1,1,0.9783
Test08_NG_chg,충전,NG,2277,1,1,0.9783
Test08_NG_chg,충전,NG,2278,1,1,0.9784
Test08_NG_chg,충전,NG,2279,1,1,0.9783
Test08_NG_chg,충전,NG,2280,1,1,0.9786
Test08_NG_chg,충전,NG,2281,1,1,0.9786
Test08_NG_chg,충전,NG,2282,1,1,0.9786
Test08_NG_chg,충전,NG,2283,1,1,0.9788
Test08_NG_chg,충전,NG,2284,1,1,0.9786
Test08_NG_chg,충전,NG,2285,1,1,0.9783
Test08_NG_chg,충전,NG,2286,1,1,0.9786
Test08_NG_chg,충전,NG,2287,1,1,0.9783
Test08_NG_chg,충전,NG,2288,1,1,0.9786
Test08_NG_chg,충전,NG,2289,1,1,0.9788
Test08_NG_chg,충전,NG,2290,1,1,0.9785
Test08_NG_chg,충전,NG,2291,1,1,0.9783
Test08_NG_chg,충전,NG,2292,1,1,0.9787
Test08_NG_chg,충전,NG,2293,1,1,0.9783
Test08_NG_chg,충전,NG,2294,1,1,0.9786
Test08_NG_chg,충전,NG,2295,1,1,0.9783
Test08_NG_chg,충전,NG,2296,1,1,0.9785
Test08_NG_chg,충전,NG,2297,1,1,0.9784
Test08_NG_chg,충전,NG,2298,1,1,0.9786
Test08_NG_chg,충전,NG,2299,1,1,0.9785
Test08_NG_chg,충전,NG,2300,1,1,0.9784
Test08_NG_chg,충전,NG,2301,1,1,0.9783
Test08_NG_chg,충전,NG,2302,1,1,0.9784
Test08_NG_chg,충전,NG,2303,1,1,0.9783
Test08_NG_chg,충전,NG,2304,1,1,0.9786
Test08_NG_chg,충전,NG,2305,1,1,0.9786
Test08_NG_chg,충전,NG,2306,1,1,0.9786
Test08_NG_chg,충전,NG,2307,1,1,0.9783
Test08_NG_chg,충전,NG,2308,1,1,0.9788
Test08_NG_chg,충전,NG,2309,1,1,0.9788
Test08_NG_chg,충전,NG,2310,1,1,0.9786
Test08_NG_chg,충전,NG,2311,1,1,0.9787
Test08_NG_chg,충전,NG,2312,1,1,0.9783
Test08_NG_chg,충전,NG,2313,1,1,0.9785
Test08_NG_chg,충전,NG,2314,1,1,0.9786
Test08_NG_chg,충전,NG,2315,1,1,0.9787
Test08_NG_chg,충전,NG,2316,1,1,0.9783
Test08_NG_chg,충전,NG,2317,1,1,0.9785
Test08_NG_chg,충전,NG,2318,1,1,0.9787
Test08_NG_chg,충전,NG,2319,1,1,0.9787
Test08_NG_chg,충전,NG,2320,1,1,0.9783
Test08_NG_chg,충전,NG,2321,1,1,0.9786
Test08_NG_chg,충전,NG,2322,1,1,0.9785
Test08_NG_chg,충전,NG,2323,1,1,0.9784
Test08_NG_chg,충전,NG,2324,1,1,0.9783
Test08_NG_chg,충전,NG,2325,1,1,0.9788
Test08_NG_chg,충전,NG,2326,1,1,0.9786
Test08_NG_chg,충전,NG,2327,1,1,0.9786
Test08_NG_chg,충전,NG,2328,1,1,0.9788
Test08_NG_chg,충전,NG,2329,1,1,0.9786
Test08_NG_chg,충전,NG,2330,1,1,0.9786
Test08_NG_chg,충전,NG,2331,1,1,0.9783
Test08_NG_chg,충전,NG,2332,1,1,0.9784
Test08_NG_chg,충전,NG,2333,1,1,0.9783
Test08_NG_chg,충전,NG,2334,1,1,0.9785
Test08_NG_chg,충전,NG,2335,1,1,0.9787
Test08_NG_chg,충전,NG,2336,1,1,0.9785
Test08_NG_chg,충전,NG,2337,1,1,0.9786
Test08_NG_chg,충전,NG,2338,1,1,0.9778
Test08_NG_chg,충전,NG,2339,1,1,0.9783
Test08_NG_chg,충전,NG,2340,1,1,0.9786
Test08_NG_chg,충전,NG,2341,1,1,0.9783
Test08_NG_chg,충전,NG,2342,1,1,0.9785
Test08_NG_chg,충전,NG,2343,1,1,0.9783
Test08_NG_chg,충전,NG,2344,1,1,0.9823
Test08_NG_chg,충전,NG,2345,1,1,0.9787
Test08_NG_chg,충전,NG,2346,1,1,0.9786
Test08_NG_chg,충전,NG,2347,1,1,0.9786
Test08_NG_chg,충전,NG,2348,1,1,0.9785
Test08_NG_chg,충전,NG,2349,1,1,0.9783
Test08_NG_chg,충전,NG,2350,1,1,0.9788
Test08_NG_chg,충전,NG,2351,1,1,0.9786
Test08_NG_chg,충전,NG,2352,1,1,0.9786
Test08_NG_chg,충전,NG,2353,1,1,0.9785
Test08_NG_chg,충전,NG,2354,1,1,0.9786
Test08_NG_chg,충전,NG,2355,1,1,0.9785
Test08_NG_chg,충전,NG,2356,1,1,0.9786
Test08_NG_chg,충전,NG,2357,1,1,0.9788
Test08_NG_chg,충전,NG,2358,1,1,0.9783
Test08_NG_chg,충전,NG,2359,1,1,0.9786
Test08_NG_chg,충전,NG,2360,1,1,0.9788
Test08_NG_chg,충전,NG,2361,1,1,0.9783
Test08_NG_chg,충전,NG,2362,1,1,0.9786
Test08_NG_chg,충전,NG,2363,1,1,0.9788
Test08_NG_chg,충전,NG,2364,1,1,0.9788
Test08_NG_chg,충전,NG,2365,1,1,0.9786
Test08_NG_chg,충전,NG,2366,1,1,0.9783
Test08_NG_chg,충전,NG,2367,1,1,0.9785
Test08_NG_chg,충전,NG,2368,1,1,0.9788
Test08_NG_chg,충전,NG,2369,1,1,0.9786
Test08_NG_chg,충전,NG,2370,1,1,0.9788
Test08_NG_chg,충전,NG,2371,1,1,0.9785
Test08_NG_chg,충전,NG,2372,1,1,0.9788
Test08_NG_chg,충전,NG,2373,1,1,0.9786
Test08_NG_chg,충전,NG,2374,1,1,0.9785
Test08_NG_chg,충전,NG,2375,1,1,0.978
Test08_NG_chg,충전,NG,2376,1,1,0.9785
Test08_NG_chg,충전,NG,2377,1,1,0.9787
Test08_NG_chg,충전,NG,2378,1,1,0.9785
Test08_NG_chg,충전,NG,2379,1,1,0.9788
Test08_NG_chg,충전,NG,2380,1,1,0.9788
Test08_NG_chg,충전,NG,2381,1,1,0.9783
Test08_NG_chg,충전,NG,2382,1,1,0.9785
Test08_NG_chg,충전,NG,2383,1,1,0.978
Test08_NG_chg,충전,NG,2384,1,1,0.9785
Test08_NG_chg,충전,NG,2385,1,1,0.9786
Test08_NG_chg,충전,NG,2386,1,1,0.9783
Test08_NG_chg,충전,NG,2387,1,1,0.9778
Test08_NG_chg,충전,NG,2388,1,1,0.9786
Test08_NG_chg,충전,NG,2389,1,1,0.9783
Test08_NG_chg,충전,NG,2390,1,1,0.9783
Test08_NG_chg,충전,NG,2391,1,1,0.9781
Test08_NG_chg,충전,NG,2392,1,1,0.9785
Test08_NG_chg,충전,NG,2393,1,1,0.9785
Test08_NG_chg,충전,NG,2394,1,1,0.9785
Test08_NG_chg,충전,NG,2395,1,1,0.9788
