파일,충방전,판정,시점,label,예측,재구성오차
Test03_OK_chg,충전,OK,0,0,0,0.070014
Test03_OK_chg,충전,OK,1,0,0,0.042361
Test03_OK_chg,충전,OK,2,0,0,0.03597
Test03_OK_chg,충전,OK,3,0,0,2.056525
Test03_OK_chg,충전,OK,4,0,0,0.045683
Test03_OK_chg,충전,OK,5,0,0,0.040371
Test03_OK_chg,충전,OK,6,0,0,0.037664
Test03_OK_chg,충전,OK,7,0,0,0.036924
Test03_OK_chg,충전,OK,8,0,0,0.03137
Test03_OK_chg,충전,OK,9,0,0,0.029298
Test03_OK_chg,충전,OK,10,0,0,0.026682
Test03_OK_chg,충전,OK,11,0,0,0.028816
Test03_OK_chg,충전,OK,12,0,0,0.026978
Test03_OK_chg,충전,OK,13,0,0,0.022797
Test03_OK_chg,충전,OK,14,0,0,0.018761
Test03_OK_chg,충전,OK,15,0,0,0.019308
Test03_OK_chg,충전,OK,16,0,0,0.01899
Test03_OK_chg,충전,OK,17,0,0,0.017717
Test03_OK_chg,충전,OK,18,0,0,0.020325
Test03_OK_chg,충전,OK,19,0,0,0.020432
Test03_OK_chg,충전,OK,20,0,0,0.020877
Test03_OK_chg,충전,OK,21,0,0,0.021297
Test03_OK_chg,충전,OK,22,0,0,0.017353
Test03_OK_chg,충전,OK,23,0,0,0.017205
Test03_OK_chg,충전,OK,24,0,0,0.012453
Test03_OK_chg,충전,OK,25,0,0,0.017078
Test03_OK_chg,충전,OK,26,0,0,0.020892
Test03_OK_chg,충전,OK,27,0,0,0.017414
Test03_OK_chg,충전,OK,28,0,0,2.034096
Test03_OK_chg,충전,OK,29,0,0,0.023469
Test03_OK_chg,충전,OK,30,0,0,0.026412
Test03_OK_chg,충전,OK,31,0,0,0.023907
Test03_OK_chg,충전,OK,32,0,0,0.026197
Test03_OK_chg,충전,OK,33,0,0,1.291855
Test03_OK_chg,충전,OK,34,0,0,1.299877
Test03_OK_chg,충전,OK,35,0,0,1.301095
Test03_OK_chg,충전,OK,36,0,0,1.31198
Test03_OK_chg,충전,OK,37,0,0,1.315079
Test03_OK_chg,충전,OK,38,0,0,1.334514
Test03_OK_chg,충전,OK,39,0,0,1.342409
Test03_OK_chg,충전,OK,40,0,0,1.360238
Test03_OK_chg,충전,OK,41,0,0,0.107819
Test03_OK_chg,충전,OK,42,0,0,0.126334
Test03_OK_chg,충전,OK,43,0,0,1.396466
Test03_OK_chg,충전,OK,44,0,0,3.460577
Test03_OK_chg,충전,OK,45,0,0,0.167192
Test03_OK_chg,충전,OK,46,0,0,0.184596
Test03_OK_chg,충전,OK,47,0,0,0.205265
Test03_OK_chg,충전,OK,48,0,0,1.480095
Test03_OK_chg,충전,OK,49,0,0,0.239447
Test03_OK_chg,충전,OK,50,0,0,0.255578
Test03_OK_chg,충전,OK,51,0,0,0.274336
Test03_OK_chg,충전,OK,52,0,0,0.297276
Test03_OK_chg,충전,OK,53,0,0,0.316531
Test03_OK_chg,충전,OK,54,0,0,0.346641
Test03_OK_chg,충전,OK,55,0,0,1.651099
Test03_OK_chg,충전,OK,56,0,0,68.711655
Test03_OK_chg,충전,OK,57,0,0,220.166743
Test03_OK_chg,충전,OK,58,0,0,4.582519
Test03_OK_chg,충전,OK,59,0,0,2.481858
Test03_OK_chg,충전,OK,60,0,0,0.307141
Test03_OK_chg,충전,OK,61,0,0,0.489565
Test03_OK_chg,충전,OK,62,0,0,0.492592
Test03_OK_chg,충전,OK,63,0,0,0.890206
Test03_OK_chg,충전,OK,64,0,0,0.141311
Test03_OK_chg,충전,OK,65,0,0,2.513428
Test03_OK_chg,충전,OK,66,0,0,1.941673
Test03_OK_chg,충전,OK,67,0,0,1.776663
Test03_OK_chg,충전,OK,68,0,0,0.218894
Test03_OK_chg,충전,OK,69,0,0,0.56134
Test03_OK_chg,충전,OK,70,0,0,3.145448
Test03_OK_chg,충전,OK,71,0,0,0.763994
Test03_OK_chg,충전,OK,72,0,0,0.227306
Test03_OK_chg,충전,OK,73,0,0,0.501838
Test03_OK_chg,충전,OK,74,0,0,1.202258
Test03_OK_chg,충전,OK,75,0,0,1.106421
Test03_OK_chg,충전,OK,76,0,0,0.391146
Test03_OK_chg,충전,OK,77,0,0,0.835561
Test03_OK_chg,충전,OK,78,0,0,1.436526
Test03_OK_chg,충전,OK,79,0,0,2.004082
Test03_OK_chg,충전,OK,80,0,0,1.871002
Test03_OK_chg,충전,OK,81,0,0,2.023154
Test03_OK_chg,충전,OK,82,0,0,0.659408
Test03_OK_chg,충전,OK,83,0,0,1.883353
Test03_OK_chg,충전,OK,84,0,0,1.337598
Test03_OK_chg,충전,OK,85,0,0,1.318473
Test03_OK_chg,충전,OK,86,0,0,1.514484
Test03_OK_chg,충전,OK,87,0,0,2.78572
Test03_OK_chg,충전,OK,88,0,0,2.203074
Test03_OK_chg,충전,OK,89,0,0,1.896074
Test03_OK_chg,충전,OK,90,0,0,1.290989
Test03_OK_chg,충전,OK,91,0,0,0.639067
Test03_OK_chg,충전,OK,92,0,0,1.078915
Test03_OK_chg,충전,OK,93,0,0,1.681327
Test03_OK_chg,충전,OK,94,0,0,3.244089
Test03_OK_chg,충전,OK,95,0,0,0.368483
Test03_OK_chg,충전,OK,96,0,0,2.013163
Test03_OK_chg,충전,OK,97,0,0,1.6724
Test03_OK_chg,충전,OK,98,0,0,2.182765
Test03_OK_chg,충전,OK,99,0,0,3.037223
Test03_OK_chg,충전,OK,100,0,0,1.281811
Test03_OK_chg,충전,OK,101,0,0,1.695792
Test03_OK_chg,충전,OK,102,0,0,2.093903
Test03_OK_chg,충전,OK,103,0,0,0.418945
Test03_OK_chg,충전,OK,104,0,0,0.580532
Test03_OK_chg,충전,OK,105,0,0,0.074962
Test03_OK_chg,충전,OK,106,0,0,0.487314
Test03_OK_chg,충전,OK,107,0,0,3.089663
Test03_OK_chg,충전,OK,108,0,0,2.983069
Test03_OK_chg,충전,OK,109,0,0,0.716907
Test03_OK_chg,충전,OK,110,0,0,0.337445
Test03_OK_chg,충전,OK,111,0,0,1.669816
Test03_OK_chg,충전,OK,112,0,0,2.441214
Test03_OK_chg,충전,OK,113,0,0,0.481905
Test03_OK_chg,충전,OK,114,0,0,1.682291
Test03_OK_chg,충전,OK,115,0,0,3.386257
Test03_OK_chg,충전,OK,116,0,0,1.117926
Test03_OK_chg,충전,OK,117,0,0,0.321701
Test03_OK_chg,충전,OK,118,0,0,1.449795
Test03_OK_chg,충전,OK,119,0,0,3.364895
Test03_OK_chg,충전,OK,120,0,0,0.851535
Test03_OK_chg,충전,OK,121,0,0,0.398855
Test03_OK_chg,충전,OK,122,0,0,0.509398
Test03_OK_chg,충전,OK,123,0,0,4.509943
Test03_OK_chg,충전,OK,124,0,0,2.432676
Test03_OK_chg,충전,OK,125,0,0,0.498442
Test03_OK_chg,충전,OK,126,0,0,0.500297
Test03_OK_chg,충전,OK,127,0,0,1.705842
Test03_OK_chg,충전,OK,128,0,0,0.73644
Test03_OK_chg,충전,OK,129,0,0,1.158498
Test03_OK_chg,충전,OK,130,0,0,0.762765
Test03_OK_chg,충전,OK,131,0,0,1.118997
Test03_OK_chg,충전,OK,132,0,0,3.002901
Test03_OK_chg,충전,OK,133,0,0,3.150947
Test03_OK_chg,충전,OK,134,0,0,0.772669
Test03_OK_chg,충전,OK,135,0,0,0.602683
Test03_OK_chg,충전,OK,136,0,0,0.145997
Test03_OK_chg,충전,OK,137,0,0,0.385039
Test03_OK_chg,충전,OK,138,0,0,1.760847
Test03_OK_chg,충전,OK,139,0,0,0.878649
Test03_OK_chg,충전,OK,140,0,0,0.525502
Test03_OK_chg,충전,OK,141,0,0,0.231507
Test03_OK_chg,충전,OK,142,0,0,1.930826
Test03_OK_chg,충전,OK,143,0,0,0.782039
Test03_OK_chg,충전,OK,144,0,0,0.115555
Test03_OK_chg,충전,OK,145,0,0,0.318689
Test03_OK_chg,충전,OK,146,0,0,0.541456
Test03_OK_chg,충전,OK,147,0,0,1.285562
Test03_OK_chg,충전,OK,148,0,0,1.143449
Test03_OK_chg,충전,OK,149,0,0,1.172853
Test03_OK_chg,충전,OK,150,0,0,2.3569
Test03_OK_chg,충전,OK,151,0,0,0.480023
Test03_OK_chg,충전,OK,152,0,0,0.328831
Test03_OK_chg,충전,OK,153,0,0,1.348207
Test03_OK_chg,충전,OK,154,0,0,0.125648
Test03_OK_chg,충전,OK,155,0,0,0.704114
Test03_OK_chg,충전,OK,156,0,0,0.511797
Test03_OK_chg,충전,OK,157,0,0,0.711436
Test03_OK_chg,충전,OK,158,0,0,1.23886
Test03_OK_chg,충전,OK,159,0,0,3.514938
Test03_OK_chg,충전,OK,160,0,0,4.349708
Test03_OK_chg,충전,OK,161,0,0,1.541877
Test03_OK_chg,충전,OK,162,0,0,1.324359
Test03_OK_chg,충전,OK,163,0,0,1.659981
Test03_OK_chg,충전,OK,164,0,0,2.463574
Test03_OK_chg,충전,OK,165,0,0,1.226577
Test03_OK_chg,충전,OK,166,0,0,2.141625
Test03_OK_chg,충전,OK,167,0,0,1.424023
Test03_OK_chg,충전,OK,168,0,0,1.507786
Test03_OK_chg,충전,OK,169,0,0,1.424105
Test03_OK_chg,충전,OK,170,0,0,1.786537
Test03_OK_chg,충전,OK,171,0,0,1.815179
Test03_OK_chg,충전,OK,172,0,0,0.580113
Test03_OK_chg,충전,OK,173,0,0,2.998695
Test03_OK_chg,충전,OK,174,0,0,2.13672
Test03_OK_chg,충전,OK,175,0,0,1.681538
Test03_OK_chg,충전,OK,176,0,0,0.293778
Test03_OK_chg,충전,OK,177,0,0,5.312115
Test03_OK_chg,충전,OK,178,0,0,2.077641
Test03_OK_chg,충전,OK,179,0,0,3.012885
Test03_OK_chg,충전,OK,180,0,0,0.484986
Test03_OK_chg,충전,OK,181,0,0,0.882831
Test03_OK_chg,충전,OK,182,0,0,1.011365
Test03_OK_chg,충전,OK,183,0,0,2.672782
Test03_OK_chg,충전,OK,184,0,0,2.009238
Test03_OK_chg,충전,OK,185,0,0,0.276055
Test03_OK_chg,충전,OK,186,0,0,1.742518
Test03_OK_chg,충전,OK,187,0,0,1.745929
Test03_OK_chg,충전,OK,188,0,0,2.019139
Test03_OK_chg,충전,OK,189,0,0,0.852275
Test03_OK_chg,충전,OK,190,0,0,1.349647
Test03_OK_chg,충전,OK,191,0,0,0.96663
Test03_OK_chg,충전,OK,192,0,0,0.127075
Test03_OK_chg,충전,OK,193,0,0,0.955998
Test03_OK_chg,충전,OK,194,0,0,0.443051
Test03_OK_chg,충전,OK,195,0,0,2.231905
Test03_OK_chg,충전,OK,196,0,0,1.58553
Test03_OK_chg,충전,OK,197,0,0,0.389195
Test03_OK_chg,충전,OK,198,0,0,3.210317
Test03_OK_chg,충전,OK,199,0,0,0.772692
Test03_OK_chg,충전,OK,200,0,0,0.27483
Test03_OK_chg,충전,OK,201,0,0,1.919754
Test03_OK_chg,충전,OK,202,0,0,2.784424
Test03_OK_chg,충전,OK,203,0,0,0.354792
Test03_OK_chg,충전,OK,204,0,0,0.125312
Test03_OK_chg,충전,OK,205,0,0,2.502315
Test03_OK_chg,충전,OK,206,0,0,1.30252
Test03_OK_chg,충전,OK,207,0,0,1.432115
Test03_OK_chg,충전,OK,208,0,0,0.997274
Test03_OK_chg,충전,OK,209,0,0,3.004183
Test03_OK_chg,충전,OK,210,0,0,2.270735
Test03_OK_chg,충전,OK,211,0,0,1.682568
Test03_OK_chg,충전,OK,212,0,0,0.798296
Test03_OK_chg,충전,OK,213,0,0,0.727016
Test03_OK_chg,충전,OK,214,0,0,0.120633
Test03_OK_chg,충전,OK,215,0,0,0.141982
Test03_OK_chg,충전,OK,216,0,0,0.519675
Test03_OK_chg,충전,OK,217,0,0,0.143173
Test03_OK_chg,충전,OK,218,0,0,0.587372
Test03_OK_chg,충전,OK,219,0,0,3.597445
Test03_OK_chg,충전,OK,220,0,0,0.996131
Test03_OK_chg,충전,OK,221,0,0,0.725893
Test03_OK_chg,충전,OK,222,0,0,0.697578
Test03_OK_chg,충전,OK,223,0,0,1.348252
Test03_OK_chg,충전,OK,224,0,0,2.056057
Test03_OK_chg,충전,OK,225,0,0,1.599832
Test03_OK_chg,충전,OK,226,0,0,0.86005
Test03_OK_chg,충전,OK,227,0,0,0.311974
Test03_OK_chg,충전,OK,228,0,0,0.360584
Test03_OK_chg,충전,OK,229,0,0,2.159221
Test03_OK_chg,충전,OK,230,0,0,1.154776
Test03_OK_chg,충전,OK,231,0,0,0.317693
Test03_OK_chg,충전,OK,232,0,0,0.179608
Test03_OK_chg,충전,OK,233,0,0,0.621539
Test03_OK_chg,충전,OK,234,0,0,1.106544
Test03_OK_chg,충전,OK,235,0,0,2.216921
Test03_OK_chg,충전,OK,236,0,0,1.206416
Test03_OK_chg,충전,OK,237,0,0,2.645119
Test03_OK_chg,충전,OK,238,0,0,0.381686
Test03_OK_chg,충전,OK,239,0,0,1.037979
Test03_OK_chg,충전,OK,240,0,0,0.331558
Test03_OK_chg,충전,OK,241,0,0,2.789402
Test03_OK_chg,충전,OK,242,0,0,3.26434
Test03_OK_chg,충전,OK,243,0,0,0.727854
Test03_OK_chg,충전,OK,244,0,0,1.078949
Test03_OK_chg,충전,OK,245,0,0,0.552705
Test03_OK_chg,충전,OK,246,0,0,1.177893
Test03_OK_chg,충전,OK,247,0,0,3.299689
Test03_OK_chg,충전,OK,248,0,0,2.461205
Test03_OK_chg,충전,OK,249,0,0,0.541888
Test03_OK_chg,충전,OK,250,0,0,1.263725
Test03_OK_chg,충전,OK,251,0,0,1.464672
Test03_OK_chg,충전,OK,252,0,0,0.864712
Test03_OK_chg,충전,OK,253,0,0,2.137738
Test03_OK_chg,충전,OK,254,0,0,1.172046
Test03_OK_chg,충전,OK,255,0,0,1.429173
Test03_OK_chg,충전,OK,256,0,0,2.150399
Test03_OK_chg,충전,OK,257,0,0,0.427123
Test03_OK_chg,충전,OK,258,0,0,0.534245
Test03_OK_chg,충전,OK,259,0,0,0.095394
Test03_OK_chg,충전,OK,260,0,0,2.302421
Test03_OK_chg,충전,OK,261,0,0,0.796035
Test03_OK_chg,충전,OK,262,0,0,0.759884
Test03_OK_chg,충전,OK,263,0,0,0.165934
Test03_OK_chg,충전,OK,264,0,0,2.640843
Test03_OK_chg,충전,OK,265,0,0,2.879456
Test03_OK_chg,충전,OK,266,0,0,0.122251
Test03_OK_chg,충전,OK,267,0,0,0.126119
Test03_OK_chg,충전,OK,268,0,0,1.449927
Test03_OK_chg,충전,OK,269,0,0,1.600318
Test03_OK_chg,충전,OK,270,0,0,0.560046
Test03_OK_chg,충전,OK,271,0,0,0.076977
Test03_OK_chg,충전,OK,272,0,0,0.703903
Test03_OK_chg,충전,OK,273,0,0,3.646577
Test03_OK_chg,충전,OK,274,0,0,0.689098
Test03_OK_chg,충전,OK,275,0,0,1.421133
Test03_OK_chg,충전,OK,276,0,0,0.476633
Test03_OK_chg,충전,OK,277,0,0,0.378229
Test03_OK_chg,충전,OK,278,0,0,0.935244
Test03_OK_chg,충전,OK,279,0,0,2.901364
Test03_OK_chg,충전,OK,280,0,0,0.932266
Test03_OK_chg,충전,OK,281,0,0,2.157795
Test03_OK_chg,충전,OK,282,0,0,0.683516
Test03_OK_chg,충전,OK,283,0,0,1.581805
Test03_OK_chg,충전,OK,284,0,0,1.185204
Test03_OK_chg,충전,OK,285,0,0,1.481973
Test03_OK_chg,충전,OK,286,0,0,0.428639
Test03_OK_chg,충전,OK,287,0,0,1.753627
Test03_OK_chg,충전,OK,288,0,0,0.657674
Test03_OK_chg,충전,OK,289,0,0,1.699415
Test03_OK_chg,충전,OK,290,0,0,0.655158
Test03_OK_chg,충전,OK,291,0,0,1.597947
Test03_OK_chg,충전,OK,292,0,0,1.403575
Test03_OK_chg,충전,OK,293,0,0,2.215383
Test03_OK_chg,충전,OK,294,0,0,1.683542
Test03_OK_chg,충전,OK,295,0,0,0.729178
Test03_OK_chg,충전,OK,296,0,0,0.51024
Test03_OK_chg,충전,OK,297,0,0,0.745229
Test03_OK_chg,충전,OK,298,0,0,1.527078
Test03_OK_chg,충전,OK,299,0,0,2.71626
Test03_OK_chg,충전,OK,300,0,0,0.836521
Test03_OK_chg,충전,OK,301,0,0,0.973628
Test03_OK_chg,충전,OK,302,0,0,0.346157
Test03_OK_chg,충전,OK,303,0,0,0.528115
Test03_OK_chg,충전,OK,304,0,0,1.976003
Test03_OK_chg,충전,OK,305,0,0,1.143296
Test03_OK_chg,충전,OK,306,0,0,0.227974
Test03_OK_chg,충전,OK,307,0,0,0.795182
Test03_OK_chg,충전,OK,308,0,0,1.081497
Test03_OK_chg,충전,OK,309,0,0,1.831136
Test03_OK_chg,충전,OK,310,0,0,2.243934
Test03_OK_chg,충전,OK,311,0,0,0.379754
Test03_OK_chg,충전,OK,312,0,0,0.719584
Test03_OK_chg,충전,OK,313,0,0,1.302238
Test03_OK_chg,충전,OK,314,0,0,0.880881
Test03_OK_chg,충전,OK,315,0,0,2.216789
Test03_OK_chg,충전,OK,316,0,0,0.268371
Test03_OK_chg,충전,OK,317,0,0,2.121243
Test03_OK_chg,충전,OK,318,0,0,1.815838
Test03_OK_chg,충전,OK,319,0,0,0.741465
Test03_OK_chg,충전,OK,320,0,0,0.84839
Test03_OK_chg,충전,OK,321,0,0,0.730202
Test03_OK_chg,충전,OK,322,0,0,1.141051
Test03_OK_chg,충전,OK,323,0,0,2.994474
Test03_OK_chg,충전,OK,324,0,0,0.48261
Test03_OK_chg,충전,OK,325,0,0,1.380656
Test03_OK_chg,충전,OK,326,0,0,3.291954
Test03_OK_chg,충전,OK,327,0,0,0.140228
Test03_OK_chg,충전,OK,328,0,0,0.350002
Test03_OK_chg,충전,OK,329,0,0,1.597458
Test03_OK_chg,충전,OK,330,0,0,3.190144
Test03_OK_chg,충전,OK,331,0,0,3.694322
Test03_OK_chg,충전,OK,332,0,0,0.294206
Test03_OK_chg,충전,OK,333,0,0,2.092849
Test03_OK_chg,충전,OK,334,0,0,0.171376
Test03_OK_chg,충전,OK,335,0,0,1.465768
Test03_OK_chg,충전,OK,336,0,0,4.01883
Test03_OK_chg,충전,OK,337,0,0,2.271395
Test03_OK_chg,충전,OK,338,0,0,1.358656
Test03_OK_chg,충전,OK,339,0,0,0.800037
Test03_OK_chg,충전,OK,340,0,0,1.118554
Test03_OK_chg,충전,OK,341,0,0,1.296714
Test03_OK_chg,충전,OK,342,0,0,0.100526
Test03_OK_chg,충전,OK,343,0,0,1.545408
Test03_OK_chg,충전,OK,344,0,0,1.933789
Test03_OK_chg,충전,OK,345,0,0,1.543003
Test03_OK_chg,충전,OK,346,0,0,1.862385
Test03_OK_chg,충전,OK,347,0,0,0.842036
Test03_OK_chg,충전,OK,348,0,0,3.058745
Test03_OK_chg,충전,OK,349,0,0,0.259946
Test03_OK_chg,충전,OK,350,0,0,3.848644
Test03_OK_chg,충전,OK,351,0,0,0.89506
Test03_OK_chg,충전,OK,352,0,0,0.782705
Test03_OK_chg,충전,OK,353,0,0,1.158189
Test03_OK_chg,충전,OK,354,0,0,0.133575
Test03_OK_chg,충전,OK,355,0,0,1.495748
Test03_OK_chg,충전,OK,356,0,0,2.286025
Test03_OK_chg,충전,OK,357,0,0,0.996862
Test03_OK_chg,충전,OK,358,0,0,0.176721
Test03_OK_chg,충전,OK,359,0,0,1.371891
Test03_OK_chg,충전,OK,360,0,0,2.755641
Test03_OK_chg,충전,OK,361,0,0,0.444384
Test03_OK_chg,충전,OK,362,0,0,0.670644
Test03_OK_chg,충전,OK,363,0,0,2.26486
Test03_OK_chg,충전,OK,364,0,0,1.078397
Test03_OK_chg,충전,OK,365,0,0,0.823811
Test03_OK_chg,충전,OK,366,0,0,1.492081
Test03_OK_chg,충전,OK,367,0,0,0.385761
Test03_OK_chg,충전,OK,368,0,0,2.492287
Test03_OK_chg,충전,OK,369,0,0,0.608274
Test03_OK_chg,충전,OK,370,0,0,0.569049
Test03_OK_chg,충전,OK,371,0,0,0.381133
Test03_OK_chg,충전,OK,372,0,0,1.517443
Test03_OK_chg,충전,OK,373,0,0,1.224484
Test03_OK_chg,충전,OK,374,0,0,0.173644
Test03_OK_chg,충전,OK,375,0,0,0.157655
Test03_OK_chg,충전,OK,376,0,0,2.446761
Test03_OK_chg,충전,OK,377,0,0,3.036667
Test03_OK_chg,충전,OK,378,0,0,2.381168
Test03_OK_chg,충전,OK,379,0,0,0.9799
Test03_OK_chg,충전,OK,380,0,0,0.813399
Test03_OK_chg,충전,OK,381,0,0,0.719748
Test03_OK_chg,충전,OK,382,0,0,0.245434
Test03_OK_chg,충전,OK,383,0,0,2.201078
Test03_OK_chg,충전,OK,384,0,0,0.679446
Test03_OK_chg,충전,OK,385,0,0,1.034427
Test03_OK_chg,충전,OK,386,0,0,3.000917
Test03_OK_chg,충전,OK,387,0,0,1.35834
Test03_OK_chg,충전,OK,388,0,0,1.507247
Test03_OK_chg,충전,OK,389,0,0,0.363499
Test03_OK_chg,충전,OK,390,0,0,1.212369
Test03_OK_chg,충전,OK,391,0,0,0.576146
Test03_OK_chg,충전,OK,392,0,0,0.45584
Test03_OK_chg,충전,OK,393,0,0,1.414558
Test03_OK_chg,충전,OK,394,0,0,0.508643
Test03_OK_chg,충전,OK,395,0,0,1.442267
Test03_OK_chg,충전,OK,396,0,0,2.334577
Test03_OK_chg,충전,OK,397,0,0,0.726172
Test03_OK_chg,충전,OK,398,0,0,0.080002
Test03_OK_chg,충전,OK,399,0,0,0.35282
Test03_OK_chg,충전,OK,400,0,0,2.183396
Test03_OK_chg,충전,OK,401,0,0,0.910094
Test03_OK_chg,충전,OK,402,0,0,1.550988
Test03_OK_chg,충전,OK,403,0,0,3.902763
Test03_OK_chg,충전,OK,404,0,0,2.371401
Test03_OK_chg,충전,OK,405,0,0,1.708799
Test03_OK_chg,충전,OK,406,0,0,0.60241
Test03_OK_chg,충전,OK,407,0,0,1.126184
Test03_OK_chg,충전,OK,408,0,0,0.956065
Test03_OK_chg,충전,OK,409,0,0,1.286988
Test03_OK_chg,충전,OK,410,0,0,0.362875
Test03_OK_chg,충전,OK,411,0,0,0.81984
Test03_OK_chg,충전,OK,412,0,0,0.288025
Test03_OK_chg,충전,OK,413,0,0,1.468736
Test03_OK_chg,충전,OK,414,0,0,4.434631
Test03_OK_chg,충전,OK,415,0,0,0.912744
Test03_OK_chg,충전,OK,416,0,0,1.013505
Test03_OK_chg,충전,OK,417,0,0,0.755412
Test03_OK_chg,충전,OK,418,0,0,2.74341
Test03_OK_chg,충전,OK,419,0,0,1.354768
Test03_OK_chg,충전,OK,420,0,0,0.376685
Test03_OK_chg,충전,OK,421,0,0,0.844869
Test03_OK_chg,충전,OK,422,0,0,2.982478
Test03_OK_chg,충전,OK,423,0,0,1.280628
Test03_OK_chg,충전,OK,424,0,0,0.305818
Test03_OK_chg,충전,OK,425,0,0,1.062181
Test03_OK_chg,충전,OK,426,0,0,0.242968
Test03_OK_chg,충전,OK,427,0,0,0.764994
Test03_OK_chg,충전,OK,428,0,0,0.108375
Test03_OK_chg,충전,OK,429,0,0,0.915972
Test03_OK_chg,충전,OK,430,0,0,1.824341
Test03_OK_chg,충전,OK,431,0,0,1.947909
Test03_OK_chg,충전,OK,432,0,0,1.596334
Test03_OK_chg,충전,OK,433,0,0,2.079052
Test03_OK_chg,충전,OK,434,0,0,0.923848
Test03_OK_chg,충전,OK,435,0,0,0.746437
Test03_OK_chg,충전,OK,436,0,0,0.139599
Test03_OK_chg,충전,OK,437,0,0,0.265777
Test03_OK_chg,충전,OK,438,0,0,1.494025
Test03_OK_chg,충전,OK,439,0,0,0.907861
Test03_OK_chg,충전,OK,440,0,0,1.504565
Test03_OK_chg,충전,OK,441,0,0,3.76397
Test03_OK_chg,충전,OK,442,0,0,2.341329
Test03_OK_chg,충전,OK,443,0,0,1.983726
Test03_OK_chg,충전,OK,444,0,0,0.523772
Test03_OK_chg,충전,OK,445,0,0,1.245026
Test03_OK_chg,충전,OK,446,0,0,0.361292
Test03_OK_chg,충전,OK,447,0,0,1.06707
Test03_OK_chg,충전,OK,448,0,0,1.062111
Test03_OK_chg,충전,OK,449,0,0,0.545764
Test03_OK_chg,충전,OK,450,0,0,3.016234
Test03_OK_chg,충전,OK,451,0,0,1.905395
Test03_OK_chg,충전,OK,452,0,0,0.745905
Test03_OK_chg,충전,OK,453,0,0,0.705301
Test03_OK_chg,충전,OK,454,0,0,2.196088
Test03_OK_chg,충전,OK,455,0,0,0.319653
Test03_OK_chg,충전,OK,456,0,0,0.491504
Test03_OK_chg,충전,OK,457,0,0,0.793086
Test03_OK_chg,충전,OK,458,0,0,0.123772
Test03_OK_chg,충전,OK,459,0,0,1.279243
Test03_OK_chg,충전,OK,460,0,0,0.831586
Test03_OK_chg,충전,OK,461,0,0,0.935064
Test03_OK_chg,충전,OK,462,0,0,0.549538
Test03_OK_chg,충전,OK,463,0,0,1.445625
Test03_OK_chg,충전,OK,464,0,0,1.877231
Test03_OK_chg,충전,OK,465,0,0,1.331417
Test03_OK_chg,충전,OK,466,0,0,0.082601
Test03_OK_chg,충전,OK,467,0,0,0.284725
Test03_OK_chg,충전,OK,468,0,0,0.302362
Test03_OK_chg,충전,OK,469,0,0,3.607592
Test03_OK_chg,충전,OK,470,0,0,1.744094
Test03_OK_chg,충전,OK,471,0,0,3.538322
Test03_OK_chg,충전,OK,472,0,0,0.758635
Test03_OK_chg,충전,OK,473,0,0,1.051163
Test03_OK_chg,충전,OK,474,0,0,1.812114
Test03_OK_chg,충전,OK,475,0,0,2.380818
Test03_OK_chg,충전,OK,476,0,0,0.930252
Test03_OK_chg,충전,OK,477,0,0,0.233101
Test03_OK_chg,충전,OK,478,0,0,0.193799
Test03_OK_chg,충전,OK,479,0,0,1.299685
Test03_OK_chg,충전,OK,480,0,0,0.174987
Test03_OK_chg,충전,OK,481,0,0,0.561409
Test03_OK_chg,충전,OK,482,0,0,0.822979
Test03_OK_chg,충전,OK,483,0,0,0.341683
Test03_OK_chg,충전,OK,484,0,0,0.754779
Test03_OK_chg,충전,OK,485,0,0,2.160502
Test03_OK_chg,충전,OK,486,0,0,1.116975
Test03_OK_chg,충전,OK,487,0,0,1.871556
Test03_OK_chg,충전,OK,488,0,0,0.610436
Test03_OK_chg,충전,OK,489,0,0,0.574927
Test03_OK_chg,충전,OK,490,0,0,0.202721
Test03_OK_chg,충전,OK,491,0,0,0.223897
Test03_OK_chg,충전,OK,492,0,0,1.155028
Test03_OK_chg,충전,OK,493,0,0,0.673632
Test03_OK_chg,충전,OK,494,0,0,2.411818
Test03_OK_chg,충전,OK,495,0,0,1.094416
Test03_OK_chg,충전,OK,496,0,0,0.600633
Test03_OK_chg,충전,OK,497,0,0,1.153889
Test03_OK_chg,충전,OK,498,0,0,0.426135
Test03_OK_chg,충전,OK,499,0,0,2.004645
Test03_OK_chg,충전,OK,500,0,0,0.842039
Test03_OK_chg,충전,OK,501,0,0,2.512358
Test03_OK_chg,충전,OK,502,0,0,2.903458
Test03_OK_chg,충전,OK,503,0,0,0.74932
Test03_OK_chg,충전,OK,504,0,0,2.499721
Test03_OK_chg,충전,OK,505,0,0,1.134506
Test03_OK_chg,충전,OK,506,0,0,0.299034
Test03_OK_chg,충전,OK,507,0,0,0.595978
Test03_OK_chg,충전,OK,508,0,0,0.510594
Test03_OK_chg,충전,OK,509,0,0,2.181704
Test03_OK_chg,충전,OK,510,0,0,2.909797
Test03_OK_chg,충전,OK,511,0,0,1.919445
Test03_OK_chg,충전,OK,512,0,0,0.576284
Test03_OK_chg,충전,OK,513,0,0,0.970049
Test03_OK_chg,충전,OK,514,0,0,1.278712
Test03_OK_chg,충전,OK,515,0,0,0.275423
Test03_OK_chg,충전,OK,516,0,0,1.337811
Test03_OK_chg,충전,OK,517,0,0,0.837608
Test03_OK_chg,충전,OK,518,0,0,2.741144
Test03_OK_chg,충전,OK,519,0,0,0.584199
Test03_OK_chg,충전,OK,520,0,0,3.298184
Test03_OK_chg,충전,OK,521,0,0,1.010229
Test03_OK_chg,충전,OK,522,0,0,0.481992
Test03_OK_chg,충전,OK,523,0,0,0.555748
Test03_OK_chg,충전,OK,524,0,0,0.177093
Test03_OK_chg,충전,OK,525,0,0,0.862032
Test03_OK_chg,충전,OK,526,0,0,0.780196
Test03_OK_chg,충전,OK,527,0,0,1.317673
Test03_OK_chg,충전,OK,528,0,0,1.967623
Test03_OK_chg,충전,OK,529,0,0,0.391885
Test03_OK_chg,충전,OK,530,0,0,0.792205
Test03_OK_chg,충전,OK,531,0,0,0.938217
Test03_OK_chg,충전,OK,532,0,0,0.141021
Test03_OK_chg,충전,OK,533,0,0,2.329446
Test03_OK_chg,충전,OK,534,0,0,1.077851
Test03_OK_chg,충전,OK,535,0,0,0.54283
Test03_OK_chg,충전,OK,536,0,0,0.567009
Test03_OK_chg,충전,OK,537,0,0,0.217162
Test03_OK_chg,충전,OK,538,0,0,0.287149
Test03_OK_chg,충전,OK,539,0,0,0.210068
Test03_OK_chg,충전,OK,540,0,0,0.115075
Test03_OK_chg,충전,OK,541,0,0,1.730831
Test03_OK_chg,충전,OK,542,0,0,1.465771
Test03_OK_chg,충전,OK,543,0,0,2.291307
Test03_OK_chg,충전,OK,544,0,0,3.456235
Test03_OK_chg,충전,OK,545,0,0,2.363431
Test03_OK_chg,충전,OK,546,0,0,1.478122
Test03_OK_chg,충전,OK,547,0,0,1.860383
Test03_OK_chg,충전,OK,548,0,0,2.356997
Test03_OK_chg,충전,OK,549,0,0,1.078843
Test03_OK_chg,충전,OK,550,0,0,0.287505
Test03_OK_chg,충전,OK,551,0,0,2.599852
Test03_OK_chg,충전,OK,552,0,0,0.869719
Test03_OK_chg,충전,OK,553,0,0,0.077673
Test03_OK_chg,충전,OK,554,0,0,0.92464
Test03_OK_chg,충전,OK,555,0,0,1.808455
Test03_OK_chg,충전,OK,556,0,0,1.564783
Test03_OK_chg,충전,OK,557,0,0,3.794652
Test03_OK_chg,충전,OK,558,0,0,0.185167
Test03_OK_chg,충전,OK,559,0,0,0.233475
Test03_OK_chg,충전,OK,560,0,0,0.443383
Test03_OK_chg,충전,OK,561,0,0,1.076213
Test03_OK_chg,충전,OK,562,0,0,1.297663
Test03_OK_chg,충전,OK,563,0,0,0.568189
Test03_OK_chg,충전,OK,564,0,0,0.993777
Test03_OK_chg,충전,OK,565,0,0,3.683153
Test03_OK_chg,충전,OK,566,0,0,0.521069
Test03_OK_chg,충전,OK,567,0,0,1.76047
Test03_OK_chg,충전,OK,568,0,0,2.652657
Test03_OK_chg,충전,OK,569,0,0,0.397384
Test03_OK_chg,충전,OK,570,0,0,0.397185
Test03_OK_chg,충전,OK,571,0,0,1.688391
Test03_OK_chg,충전,OK,572,0,0,2.550819
Test03_OK_chg,충전,OK,573,0,0,4.854411
Test03_OK_chg,충전,OK,574,0,0,0.759887
Test03_OK_chg,충전,OK,575,0,0,0.487486
Test03_OK_chg,충전,OK,576,0,0,0.863343
Test03_OK_chg,충전,OK,577,0,0,0.264021
Test03_OK_chg,충전,OK,578,0,0,0.059323
Test03_OK_chg,충전,OK,579,0,0,0.130566
Test03_OK_chg,충전,OK,580,0,0,0.770993
Test03_OK_chg,충전,OK,581,0,0,0.190168
Test03_OK_chg,충전,OK,582,0,0,1.006895
Test03_OK_chg,충전,OK,583,0,0,0.959147
Test03_OK_chg,충전,OK,584,0,0,5.004897
Test03_OK_chg,충전,OK,585,0,0,1.076242
Test03_OK_chg,충전,OK,586,0,0,0.610807
Test03_OK_chg,충전,OK,587,0,0,0.236545
Test03_OK_chg,충전,OK,588,0,0,3.147347
Test03_OK_chg,충전,OK,589,0,0,1.596603
Test03_OK_chg,충전,OK,590,0,0,0.266433
Test03_OK_chg,충전,OK,591,0,0,0.570101
Test03_OK_chg,충전,OK,592,0,0,0.735479
Test03_OK_chg,충전,OK,593,0,0,0.772405
Test03_OK_chg,충전,OK,594,0,0,1.590467
Test03_OK_chg,충전,OK,595,0,0,0.200803
Test03_OK_chg,충전,OK,596,0,0,0.149734
Test03_OK_chg,충전,OK,597,0,0,0.304726
Test03_OK_chg,충전,OK,598,0,0,0.201169
Test03_OK_chg,충전,OK,599,0,0,1.662324
Test03_OK_chg,충전,OK,600,0,0,0.830648
Test03_OK_chg,충전,OK,601,0,0,0.413047
Test03_OK_chg,충전,OK,602,0,0,1.798756
Test03_OK_chg,충전,OK,603,0,0,1.807827
Test03_OK_chg,충전,OK,604,0,0,2.21999
Test03_OK_chg,충전,OK,605,0,0,0.687269
Test03_OK_chg,충전,OK,606,0,0,3.20023
Test03_OK_chg,충전,OK,607,0,0,0.594906
Test03_OK_chg,충전,OK,608,0,0,1.143987
Test03_OK_chg,충전,OK,609,0,0,0.993581
Test03_OK_chg,충전,OK,610,0,0,0.325585
Test03_OK_chg,충전,OK,611,0,0,1.037822
Test03_OK_chg,충전,OK,612,0,0,2.467397
Test03_OK_chg,충전,OK,613,0,0,0.30625
Test03_OK_chg,충전,OK,614,0,0,0.264021
Test03_OK_chg,충전,OK,615,0,0,0.272624
Test03_OK_chg,충전,OK,616,0,0,1.053776
Test03_OK_chg,충전,OK,617,0,0,0.559199
Test03_OK_chg,충전,OK,618,0,0,0.190751
Test03_OK_chg,충전,OK,619,0,0,0.875715
Test03_OK_chg,충전,OK,620,0,0,1.125879
Test03_OK_chg,충전,OK,621,0,0,3.756226
Test03_OK_chg,충전,OK,622,0,0,0.58382
Test03_OK_chg,충전,OK,623,0,0,1.651008
Test03_OK_chg,충전,OK,624,0,0,0.377182
Test03_OK_chg,충전,OK,625,0,0,0.936291
Test03_OK_chg,충전,OK,626,0,0,1.04248
Test03_OK_chg,충전,OK,627,0,0,2.236555
Test03_OK_chg,충전,OK,628,0,0,1.669292
Test03_OK_chg,충전,OK,629,0,0,0.299624
Test03_OK_chg,충전,OK,630,0,0,1.012974
Test03_OK_chg,충전,OK,631,0,0,0.772356
Test03_OK_chg,충전,OK,632,0,0,2.633821
Test03_OK_chg,충전,OK,633,0,0,0.281656
Test03_OK_chg,충전,OK,634,0,0,0.230409
Test03_OK_chg,충전,OK,635,0,0,0.360164
Test03_OK_chg,충전,OK,636,0,0,1.384371
Test03_OK_chg,충전,OK,637,0,0,0.612137
Test03_OK_chg,충전,OK,638,0,0,2.523328
Test03_OK_chg,충전,OK,639,0,0,1.783189
Test03_OK_chg,충전,OK,640,0,0,1.663986
Test03_OK_chg,충전,OK,641,0,0,0.291672
Test03_OK_chg,충전,OK,642,0,0,0.539372
Test03_OK_chg,충전,OK,643,0,0,0.664077
Test03_OK_chg,충전,OK,644,0,0,1.06997
Test03_OK_chg,충전,OK,645,0,0,1.946336
Test03_OK_chg,충전,OK,646,0,0,0.21368
Test03_OK_chg,충전,OK,647,0,0,0.509003
Test03_OK_chg,충전,OK,648,0,0,0.864558
Test03_OK_chg,충전,OK,649,0,0,1.189345
Test03_OK_chg,충전,OK,650,0,0,0.254397
Test03_OK_chg,충전,OK,651,0,0,0.257402
Test03_OK_chg,충전,OK,652,0,0,0.87847
Test03_OK_chg,충전,OK,653,0,0,0.322866
Test03_OK_chg,충전,OK,654,0,0,0.233026
Test03_OK_chg,충전,OK,655,0,0,3.735367
Test03_OK_chg,충전,OK,656,0,0,1.511779
Test03_OK_chg,충전,OK,657,0,0,1.997133
Test03_OK_chg,충전,OK,658,0,0,0.38235
Test03_OK_chg,충전,OK,659,0,0,0.139418
Test03_OK_chg,충전,OK,660,0,0,1.315
Test03_OK_chg,충전,OK,661,0,0,0.116303
Test03_OK_chg,충전,OK,662,0,0,0.253354
Test03_OK_chg,충전,OK,663,0,0,1.615712
Test03_OK_chg,충전,OK,664,0,0,1.554311
Test03_OK_chg,충전,OK,665,0,0,1.621074
Test03_OK_chg,충전,OK,666,0,0,0.174817
Test03_OK_chg,충전,OK,667,0,0,2.881572
Test03_OK_chg,충전,OK,668,0,0,0.461156
Test03_OK_chg,충전,OK,669,0,0,1.115753
Test03_OK_chg,충전,OK,670,0,0,1.878058
Test03_OK_chg,충전,OK,671,0,0,0.169266
Test03_OK_chg,충전,OK,672,0,0,3.911294
Test03_OK_chg,충전,OK,673,0,0,0.594142
Test03_OK_chg,충전,OK,674,0,0,1.886874
Test03_OK_chg,충전,OK,675,0,0,1.538629
Test03_OK_chg,충전,OK,676,0,0,0.412291
Test03_OK_chg,충전,OK,677,0,0,2.841228
Test03_OK_chg,충전,OK,678,0,0,1.244441
Test03_OK_chg,충전,OK,679,0,0,3.608106
Test03_OK_chg,충전,OK,680,0,0,1.512596
Test03_OK_chg,충전,OK,681,0,0,1.721811
Test03_OK_chg,충전,OK,682,0,0,3.019827
Test03_OK_chg,충전,OK,683,0,0,1.31849
Test03_OK_chg,충전,OK,684,0,0,0.210597
Test03_OK_chg,충전,OK,685,0,0,0.407901
Test03_OK_chg,충전,OK,686,0,0,1.183003
Test03_OK_chg,충전,OK,687,0,0,1.389207
Test03_OK_chg,충전,OK,688,0,0,1.1681
Test03_OK_chg,충전,OK,689,0,0,0.124162
Test03_OK_chg,충전,OK,690,0,0,0.110225
Test03_OK_chg,충전,OK,691,0,0,1.527032
Test03_OK_chg,충전,OK,692,0,0,0.668255
Test03_OK_chg,충전,OK,693,0,0,4.59692
Test03_OK_chg,충전,OK,694,0,0,1.804479
Test03_OK_chg,충전,OK,695,0,0,1.857807
Test03_OK_chg,충전,OK,696,0,0,2.708981
Test03_OK_chg,충전,OK,697,0,0,0.737955
Test03_OK_chg,충전,OK,698,0,0,0.248523
Test03_OK_chg,충전,OK,699,0,0,2.372019
Test03_OK_chg,충전,OK,700,0,0,0.459174
Test03_OK_chg,충전,OK,701,0,0,0.681919
Test03_OK_chg,충전,OK,702,0,0,0.861254
Test03_OK_chg,충전,OK,703,0,0,1.596068
Test03_OK_chg,충전,OK,704,0,0,1.086653
Test03_OK_chg,충전,OK,705,0,0,0.334639
Test03_OK_chg,충전,OK,706,0,0,0.412495
Test03_OK_chg,충전,OK,707,0,0,0.57226
Test03_OK_chg,충전,OK,708,0,0,1.615233
Test03_OK_chg,충전,OK,709,0,0,0.53264
Test03_OK_chg,충전,OK,710,0,0,1.55526
Test03_OK_chg,충전,OK,711,0,0,0.481598
Test03_OK_chg,충전,OK,712,0,0,2.635155
Test03_OK_chg,충전,OK,713,0,0,0.845616
Test03_OK_chg,충전,OK,714,0,0,3.481398
Test03_OK_chg,충전,OK,715,0,0,2.376878
Test03_OK_chg,충전,OK,716,0,0,0.226381
Test03_OK_chg,충전,OK,717,0,0,1.572479
Test03_OK_chg,충전,OK,718,0,0,0.342099
Test03_OK_chg,충전,OK,719,0,0,0.62465
Test03_OK_chg,충전,OK,720,0,0,1.641967
Test03_OK_chg,충전,OK,721,0,0,0.615834
Test03_OK_chg,충전,OK,722,0,0,0.35578
Test03_OK_chg,충전,OK,723,0,0,0.336098
Test03_OK_chg,충전,OK,724,0,0,2.344001
Test03_OK_chg,충전,OK,725,0,0,3.277871
Test03_OK_chg,충전,OK,726,0,0,0.358497
Test03_OK_chg,충전,OK,727,0,0,0.884443
Test03_OK_chg,충전,OK,728,0,0,0.205542
Test03_OK_chg,충전,OK,729,0,0,0.931881
Test03_OK_chg,충전,OK,730,0,0,1.958947
Test03_OK_chg,충전,OK,731,0,0,1.472727
Test03_OK_chg,충전,OK,732,0,0,0.827216
Test03_OK_chg,충전,OK,733,0,0,2.076815
Test03_OK_chg,충전,OK,734,0,0,0.557766
Test03_OK_chg,충전,OK,735,0,0,0.052114
Test03_OK_chg,충전,OK,736,0,0,0.430872
Test03_OK_chg,충전,OK,737,0,0,0.442824
Test03_OK_chg,충전,OK,738,0,0,0.322276
Test03_OK_chg,충전,OK,739,0,0,0.211623
Test03_OK_chg,충전,OK,740,0,0,0.613144
Test03_OK_chg,충전,OK,741,0,0,0.614212
Test03_OK_chg,충전,OK,742,0,0,0.70254
Test03_OK_chg,충전,OK,743,0,0,0.214305
Test03_OK_chg,충전,OK,744,0,0,0.406227
Test03_OK_chg,충전,OK,745,0,0,0.651349
Test03_OK_chg,충전,OK,746,0,0,0.153181
Test03_OK_chg,충전,OK,747,0,0,0.12962
Test03_OK_chg,충전,OK,748,0,0,0.527251
Test03_OK_chg,충전,OK,749,0,0,0.757564
Test03_OK_chg,충전,OK,750,0,0,0.888235
Test03_OK_chg,충전,OK,751,0,0,0.596764
Test03_OK_chg,충전,OK,752,0,0,1.472451
Test03_OK_chg,충전,OK,753,0,0,0.311764
Test03_OK_chg,충전,OK,754,0,0,0.043657
Test03_OK_chg,충전,OK,755,0,0,0.971321
Test03_OK_chg,충전,OK,756,0,0,1.020108
Test03_OK_chg,충전,OK,757,0,0,0.655584
Test03_OK_chg,충전,OK,758,0,0,0.143375
Test03_OK_chg,충전,OK,759,0,0,0.082819
Test03_OK_chg,충전,OK,760,0,0,1.439404
Test03_OK_chg,충전,OK,761,0,0,0.48162
Test03_OK_chg,충전,OK,762,0,0,0.267002
Test03_OK_chg,충전,OK,763,0,0,0.978002
Test03_OK_chg,충전,OK,764,0,0,0.141216
Test03_OK_chg,충전,OK,765,0,0,0.225385
Test03_OK_chg,충전,OK,766,0,0,0.487275
Test03_OK_chg,충전,OK,767,0,0,0.343136
Test03_OK_chg,충전,OK,768,0,0,1.237341
Test03_OK_chg,충전,OK,769,0,0,3.621886
Test03_OK_chg,충전,OK,770,0,0,1.772492
Test03_OK_chg,충전,OK,771,0,0,1.878847
Test03_OK_chg,충전,OK,772,0,0,1.648626
Test03_OK_chg,충전,OK,773,0,0,0.327625
Test03_OK_chg,충전,OK,774,0,0,0.681952
Test03_OK_chg,충전,OK,775,0,0,0.292727
Test03_OK_chg,충전,OK,776,0,0,0.472115
Test03_OK_chg,충전,OK,777,0,0,0.827436
Test03_OK_chg,충전,OK,778,0,0,0.322389
Test03_OK_chg,충전,OK,779,0,0,0.417125
Test03_OK_chg,충전,OK,780,0,0,0.334828
Test03_OK_chg,충전,OK,781,0,0,1.693486
Test03_OK_chg,충전,OK,782,0,0,0.436788
Test03_OK_chg,충전,OK,783,0,0,0.512515
Test03_OK_chg,충전,OK,784,0,0,0.619465
Test03_OK_chg,충전,OK,785,0,0,0.551384
Test03_OK_chg,충전,OK,786,0,0,0.165003
Test03_OK_chg,충전,OK,787,0,0,0.914393
Test03_OK_chg,충전,OK,788,0,0,0.300133
Test03_OK_chg,충전,OK,789,0,0,0.817247
Test03_OK_chg,충전,OK,790,0,0,0.419329
Test03_OK_chg,충전,OK,791,0,0,0.474243
Test03_OK_chg,충전,OK,792,0,0,1.752394
Test03_OK_chg,충전,OK,793,0,0,0.163966
Test03_OK_chg,충전,OK,794,0,0,0.493067
Test03_OK_chg,충전,OK,795,0,0,0.449324
Test03_OK_chg,충전,OK,796,0,0,1.889407
Test03_OK_chg,충전,OK,797,0,0,0.384208
Test03_OK_chg,충전,OK,798,0,0,1.282409
Test03_OK_chg,충전,OK,799,0,0,0.147089
Test03_OK_chg,충전,OK,800,0,0,0.132884
Test03_OK_chg,충전,OK,801,0,0,1.060445
Test03_OK_chg,충전,OK,802,0,0,0.627641
Test03_OK_chg,충전,OK,803,0,0,0.148785
Test03_OK_chg,충전,OK,804,0,0,0.135264
Test03_OK_chg,충전,OK,805,0,0,0.887048
Test03_OK_chg,충전,OK,806,0,0,1.894493
Test03_OK_chg,충전,OK,807,0,0,1.413314
Test03_OK_chg,충전,OK,808,0,0,0.628761
Test03_OK_chg,충전,OK,809,0,0,0.165622
Test03_OK_chg,충전,OK,810,0,0,0.216353
Test03_OK_chg,충전,OK,811,0,0,0.140854
Test03_OK_chg,충전,OK,812,0,0,1.22253
Test03_OK_chg,충전,OK,813,0,0,0.919494
Test03_OK_chg,충전,OK,814,0,0,0.134849
Test03_OK_chg,충전,OK,815,0,0,2.118596
Test03_OK_chg,충전,OK,816,0,0,0.581848
Test03_OK_chg,충전,OK,817,0,0,0.542664
Test03_OK_chg,충전,OK,818,0,0,3.007301
Test03_OK_chg,충전,OK,819,0,0,0.106496
Test03_OK_chg,충전,OK,820,0,0,0.298374
Test03_OK_chg,충전,OK,821,0,0,1.161081
Test03_OK_chg,충전,OK,822,0,0,0.824853
Test03_OK_chg,충전,OK,823,0,0,0.148744
Test03_OK_chg,충전,OK,824,0,0,0.999006
Test03_OK_chg,충전,OK,825,0,0,1.362154
Test03_OK_chg,충전,OK,826,0,0,2.296579
Test03_OK_chg,충전,OK,827,0,0,0.102918
Test03_OK_chg,충전,OK,828,0,0,0.318742
Test03_OK_chg,충전,OK,829,0,0,0.223492
Test03_OK_chg,충전,OK,830,0,0,0.253458
Test03_OK_chg,충전,OK,831,0,0,0.159835
Test03_OK_chg,충전,OK,832,0,0,0.076495
Test03_OK_chg,충전,OK,833,0,0,0.156459
Test03_OK_chg,충전,OK,834,0,0,0.196656
Test03_OK_chg,충전,OK,835,0,0,0.172954
Test03_OK_chg,충전,OK,836,0,0,0.184037
Test03_OK_chg,충전,OK,837,0,0,0.116664
Test03_OK_chg,충전,OK,838,0,0,1.040687
Test03_OK_chg,충전,OK,839,0,0,1.120029
Test03_OK_chg,충전,OK,840,0,0,0.205314
Test03_OK_chg,충전,OK,841,0,0,0.219392
Test03_OK_chg,충전,OK,842,0,0,0.33439
Test03_OK_chg,충전,OK,843,0,0,0.281839
Test03_OK_chg,충전,OK,844,0,0,0.692869
Test03_OK_chg,충전,OK,845,0,0,0.16281
Test03_OK_chg,충전,OK,846,0,0,0.43676
Test03_OK_chg,충전,OK,847,0,0,1.468069
Test03_OK_chg,충전,OK,848,0,0,0.119327
Test03_OK_chg,충전,OK,849,0,0,0.080373
Test03_OK_chg,충전,OK,850,0,0,0.276874
Test03_OK_chg,충전,OK,851,0,0,0.390807
Test03_OK_chg,충전,OK,852,0,0,0.507137
Test03_OK_chg,충전,OK,853,0,0,1.265196
Test03_OK_chg,충전,OK,854,0,0,0.268479
Test03_OK_chg,충전,OK,855,0,0,0.135095
Test03_OK_chg,충전,OK,856,0,0,0.256316
Test03_OK_chg,충전,OK,857,0,0,2.007806
Test03_OK_chg,충전,OK,858,0,0,0.110889
Test03_OK_chg,충전,OK,859,0,0,0.105299
Test03_OK_chg,충전,OK,860,0,0,0.177597
Test03_OK_chg,충전,OK,861,0,0,0.736016
Test03_OK_chg,충전,OK,862,0,0,0.204425
Test03_OK_chg,충전,OK,863,0,0,0.715222
Test03_OK_chg,충전,OK,864,0,0,1.70669
Test03_OK_chg,충전,OK,865,0,0,1.996606
Test03_OK_chg,충전,OK,866,0,0,1.559631
Test03_OK_chg,충전,OK,867,0,0,0.13311
Test03_OK_chg,충전,OK,868,0,0,0.264123
Test03_OK_chg,충전,OK,869,0,0,0.157185
Test03_OK_chg,충전,OK,870,0,0,0.069828
Test03_OK_chg,충전,OK,871,0,0,0.681429
Test03_OK_chg,충전,OK,872,0,0,0.520497
Test03_OK_chg,충전,OK,873,0,0,1.301101
Test03_OK_chg,충전,OK,874,0,0,0.391203
Test03_OK_chg,충전,OK,875,0,0,0.088087
Test03_OK_chg,충전,OK,876,0,0,0.125829
Test03_OK_chg,충전,OK,877,0,0,0.10714
Test03_OK_chg,충전,OK,878,0,0,0.510604
Test03_OK_chg,충전,OK,879,0,0,0.345057
Test03_OK_chg,충전,OK,880,0,0,0.133477
Test03_OK_chg,충전,OK,881,0,0,0.20138
Test03_OK_chg,충전,OK,882,0,0,0.338769
Test03_OK_chg,충전,OK,883,0,0,0.045147
Test03_OK_chg,충전,OK,884,0,0,1.319238
Test03_OK_chg,충전,OK,885,0,0,0.06882
Test03_OK_chg,충전,OK,886,0,0,0.961427
Test03_OK_chg,충전,OK,887,0,0,0.157465
Test03_OK_chg,충전,OK,888,0,0,0.824393
Test03_OK_chg,충전,OK,889,0,0,0.604096
Test03_OK_chg,충전,OK,890,0,0,0.493487
Test03_OK_chg,충전,OK,891,0,0,0.088485
Test03_OK_chg,충전,OK,892,0,0,0.336103
Test03_OK_chg,충전,OK,893,0,0,0.410769
Test03_OK_chg,충전,OK,894,0,0,4.243488
Test03_OK_chg,충전,OK,895,0,0,0.655692
Test03_OK_chg,충전,OK,896,0,0,0.132441
Test03_OK_chg,충전,OK,897,0,0,0.086505
Test03_OK_chg,충전,OK,898,0,0,0.59072
Test03_OK_chg,충전,OK,899,0,0,1.466274
Test03_OK_chg,충전,OK,900,0,0,0.161821
Test03_OK_chg,충전,OK,901,0,0,0.570953
Test03_OK_chg,충전,OK,902,0,0,2.202189
Test03_OK_chg,충전,OK,903,0,0,0.315057
Test03_OK_chg,충전,OK,904,0,0,0.564505
Test03_OK_chg,충전,OK,905,0,0,0.459449
Test03_OK_chg,충전,OK,906,0,0,1.024835
Test03_OK_chg,충전,OK,907,0,0,1.559765
Test03_OK_chg,충전,OK,908,0,0,0.746839
Test03_OK_chg,충전,OK,909,0,0,0.250096
Test03_OK_chg,충전,OK,910,0,0,1.140855
Test03_OK_chg,충전,OK,911,0,0,1.975574
Test03_OK_chg,충전,OK,912,0,0,1.026947
Test03_OK_chg,충전,OK,913,0,0,0.168886
Test03_OK_chg,충전,OK,914,0,0,1.656396
Test03_OK_chg,충전,OK,915,0,0,1.336167
Test03_OK_chg,충전,OK,916,0,0,0.093593
Test03_OK_chg,충전,OK,917,0,0,0.311901
Test03_OK_chg,충전,OK,918,0,0,0.347775
Test03_OK_chg,충전,OK,919,0,0,0.083722
Test03_OK_chg,충전,OK,920,0,0,1.897701
Test03_OK_chg,충전,OK,921,0,0,0.846747
Test03_OK_chg,충전,OK,922,0,0,0.326793
Test03_OK_chg,충전,OK,923,0,0,0.126563
Test03_OK_chg,충전,OK,924,0,0,0.247859
Test03_OK_chg,충전,OK,925,0,0,0.220833
Test03_OK_chg,충전,OK,926,0,0,0.18291
Test03_OK_chg,충전,OK,927,0,0,0.911034
Test03_OK_chg,충전,OK,928,0,0,0.756722
Test03_OK_chg,충전,OK,929,0,0,0.205931
Test03_OK_chg,충전,OK,930,0,0,1.080528
Test03_OK_chg,충전,OK,931,0,0,1.021411
Test03_OK_chg,충전,OK,932,0,0,0.079385
Test03_OK_chg,충전,OK,933,0,0,0.153941
Test03_OK_chg,충전,OK,934,0,0,0.15381
Test03_OK_chg,충전,OK,935,0,0,0.060414
Test03_OK_chg,충전,OK,936,0,0,0.973412
Test03_OK_chg,충전,OK,937,0,0,0.154748
Test03_OK_chg,충전,OK,938,0,0,0.456659
Test03_OK_chg,충전,OK,939,0,0,1.580134
Test03_OK_chg,충전,OK,940,0,0,1.383474
Test03_OK_chg,충전,OK,941,0,0,0.414966
Test03_OK_chg,충전,OK,942,0,0,1.548771
Test03_OK_chg,충전,OK,943,0,0,0.091664
Test03_OK_chg,충전,OK,944,0,0,0.222565
Test03_OK_chg,충전,OK,945,0,0,0.387062
Test03_OK_chg,충전,OK,946,0,0,0.060082
Test03_OK_chg,충전,OK,947,0,0,1.191216
Test03_OK_chg,충전,OK,948,0,0,0.532237
Test03_OK_chg,충전,OK,949,0,0,0.350836
Test03_OK_chg,충전,OK,950,0,0,1.59618
Test03_OK_chg,충전,OK,951,0,0,0.320864
Test03_OK_chg,충전,OK,952,0,0,0.476371
Test03_OK_chg,충전,OK,953,0,0,0.10564
Test03_OK_chg,충전,OK,954,0,0,1.097502
Test03_OK_chg,충전,OK,955,0,0,0.333399
Test03_OK_chg,충전,OK,956,0,0,0.171066
Test03_OK_chg,충전,OK,957,0,0,0.06994
Test03_OK_chg,충전,OK,958,0,0,0.483873
Test03_OK_chg,충전,OK,959,0,0,1.056228
Test03_OK_chg,충전,OK,960,0,0,1.056753
Test03_OK_chg,충전,OK,961,0,0,0.424699
Test03_OK_chg,충전,OK,962,0,0,0.093371
Test03_OK_chg,충전,OK,963,0,0,0.245818
Test03_OK_chg,충전,OK,964,0,0,0.270554
Test03_OK_chg,충전,OK,965,0,0,0.365468
Test03_OK_chg,충전,OK,966,0,0,0.311655
Test03_OK_chg,충전,OK,967,0,0,0.324551
Test03_OK_chg,충전,OK,968,0,0,0.326186
Test03_OK_chg,충전,OK,969,0,0,0.871777
Test03_OK_chg,충전,OK,970,0,0,0.062739
Test03_OK_chg,충전,OK,971,0,0,0.325508
Test03_OK_chg,충전,OK,972,0,0,0.17539
Test03_OK_chg,충전,OK,973,0,0,0.272108
Test03_OK_chg,충전,OK,974,0,0,0.695081
Test03_OK_chg,충전,OK,975,0,0,0.123856
Test03_OK_chg,충전,OK,976,0,0,0.093226
Test03_OK_chg,충전,OK,977,0,0,0.531938
Test03_OK_chg,충전,OK,978,0,0,0.886591
Test03_OK_chg,충전,OK,979,0,0,0.085313
Test03_OK_chg,충전,OK,980,0,0,0.035251
Test03_OK_chg,충전,OK,981,0,0,0.040824
Test03_OK_chg,충전,OK,982,0,0,0.119102
Test03_OK_chg,충전,OK,983,0,0,0.19769
Test03_OK_chg,충전,OK,984,0,0,0.32662
Test03_OK_chg,충전,OK,985,0,0,0.390256
Test03_OK_chg,충전,OK,986,0,0,0.151442
Test03_OK_chg,충전,OK,987,0,0,0.051038
Test03_OK_chg,충전,OK,988,0,0,0.132149
Test03_OK_chg,충전,OK,989,0,0,0.738776
Test03_OK_chg,충전,OK,990,0,0,0.190222
Test03_OK_chg,충전,OK,991,0,0,1.358986
Test03_OK_chg,충전,OK,992,0,0,1.358691
Test03_OK_chg,충전,OK,993,0,0,0.130133
Test03_OK_chg,충전,OK,994,0,0,0.212421
Test03_OK_chg,충전,OK,995,0,0,1.336224
Test03_OK_chg,충전,OK,996,0,0,1.028444
Test03_OK_chg,충전,OK,997,0,0,0.787548
Test03_OK_chg,충전,OK,998,0,0,1.600917
Test03_OK_chg,충전,OK,999,0,0,1.32241
Test03_OK_chg,충전,OK,1000,0,0,0.778655
Test03_OK_chg,충전,OK,1001,0,0,0.43482
Test03_OK_chg,충전,OK,1002,0,0,0.09986
Test03_OK_chg,충전,OK,1003,0,0,0.572937
Test03_OK_chg,충전,OK,1004,0,0,1.648567
Test03_OK_chg,충전,OK,1005,0,0,0.160102
Test03_OK_chg,충전,OK,1006,0,0,0.208089
Test03_OK_chg,충전,OK,1007,0,0,0.149256
Test03_OK_chg,충전,OK,1008,0,0,0.07854
Test03_OK_chg,충전,OK,1009,0,0,0.108866
Test03_OK_chg,충전,OK,1010,0,0,0.904042
Test03_OK_chg,충전,OK,1011,0,0,7.932299
Test03_OK_chg,충전,OK,1012,0,0,0.475678
Test03_OK_chg,충전,OK,1013,0,0,0.357905
Test03_OK_chg,충전,OK,1014,0,0,0.019333
Test03_OK_chg,충전,OK,1015,0,0,0.020209
Test03_OK_chg,충전,OK,1016,0,0,0.037458
Test03_OK_chg,충전,OK,1017,0,0,0.009921
Test03_OK_chg,충전,OK,1018,0,0,0.027138
Test03_OK_chg,충전,OK,1019,0,0,0.008865
Test03_OK_chg,충전,OK,1020,0,0,0.051991
Test03_OK_chg,충전,OK,1021,0,0,0.018069
Test03_OK_chg,충전,OK,1022,0,0,0.008705
Test03_OK_chg,충전,OK,1023,0,0,0.023292
Test03_OK_chg,충전,OK,1024,0,0,0.012879
Test03_OK_chg,충전,OK,1025,0,0,0.007351
Test03_OK_chg,충전,OK,1026,0,0,0.178038
Test03_OK_chg,충전,OK,1027,0,0,0.028233
Test03_OK_chg,충전,OK,1028,0,0,0.021254
Test03_OK_chg,충전,OK,1029,0,0,0.009533
Test03_OK_chg,충전,OK,1030,0,0,0.00899
Test03_OK_chg,충전,OK,1031,0,0,0.042799
Test03_OK_chg,충전,OK,1032,0,0,0.022957
Test03_OK_chg,충전,OK,1033,0,0,0.015743
Test03_OK_chg,충전,OK,1034,0,0,1.289143
Test03_OK_chg,충전,OK,1035,0,0,1.261423
Test03_OK_chg,충전,OK,1036,0,0,0.15772
Test03_OK_chg,충전,OK,1037,0,0,0.136252
Test03_OK_chg,충전,OK,1038,0,0,0.038401
Test03_OK_chg,충전,OK,1039,0,0,0.027211
Test03_OK_chg,충전,OK,1040,0,0,0.023269
Test03_OK_chg,충전,OK,1041,0,0,0.01737
Test03_OK_chg,충전,OK,1042,0,0,0.016939
Test03_OK_chg,충전,OK,1043,0,0,0.090725
Test03_OK_chg,충전,OK,1044,0,0,0.069427
Test03_OK_chg,충전,OK,1045,0,0,0.06065
Test03_OK_chg,충전,OK,1046,0,0,0.069734
Test03_OK_chg,충전,OK,1047,0,0,0.041777
Test03_OK_chg,충전,OK,1048,0,0,1.315703
Test03_OK_chg,충전,OK,1049,0,0,1.283521
Test03_OK_chg,충전,OK,1050,0,0,0.028822
Test03_OK_chg,충전,OK,1051,0,0,0.029051
Test03_OK_chg,충전,OK,1052,0,0,0.068397
Test03_OK_chg,충전,OK,1053,0,0,0.069812
Test03_OK_chg,충전,OK,1054,0,0,0.076797
Test03_OK_chg,충전,OK,1055,0,0,0.084025
Test03_OK_chg,충전,OK,1056,0,0,0.072254
Test03_OK_chg,충전,OK,1057,0,0,0.070266
Test03_OK_chg,충전,OK,1058,0,0,0.09675
Test03_OK_chg,충전,OK,1059,0,0,0.092567
Test03_OK_chg,충전,OK,1060,0,0,0.090304
Test03_OK_chg,충전,OK,1061,0,0,0.085022
Test03_OK_chg,충전,OK,1062,0,0,0.060765
Test03_OK_chg,충전,OK,1063,0,0,0.040283
Test03_OK_chg,충전,OK,1064,0,0,0.074762
Test03_OK_chg,충전,OK,1065,0,0,0.075909
Test03_OK_chg,충전,OK,1066,0,0,0.079659
Test03_OK_chg,충전,OK,1067,0,0,1.367401
Test03_OK_chg,충전,OK,1068,0,0,0.072042
Test03_OK_chg,충전,OK,1069,0,0,1.334977
Test03_OK_chg,충전,OK,1070,0,0,1.360846
Test03_OK_chg,충전,OK,1071,0,0,0.072253
Test03_OK_chg,충전,OK,1072,0,0,1.31927
Test03_OK_chg,충전,OK,1073,0,0,1.348888
Test03_OK_chg,충전,OK,1074,0,0,0.045178
Test03_OK_chg,충전,OK,1075,0,0,0.030082
Test03_OK_chg,충전,OK,1076,0,0,0.101562
Test03_OK_chg,충전,OK,1077,0,0,1.348324
Test03_OK_chg,충전,OK,1078,0,0,0.098715
Test03_OK_chg,충전,OK,1079,0,0,1.352551
Test03_OK_chg,충전,OK,1080,0,0,0.049146
Test03_OK_chg,충전,OK,1081,0,0,0.033004
Test03_OK_chg,충전,OK,1082,0,0,0.020885
Test03_OK_chg,충전,OK,1083,0,0,0.012589
Test03_OK_chg,충전,OK,1084,0,0,0.014672
Test03_OK_chg,충전,OK,1085,0,0,0.015805
Test03_OK_chg,충전,OK,1086,0,0,0.029551
Test03_OK_chg,충전,OK,1087,0,0,0.199075
Test03_OK_chg,충전,OK,1088,0,0,0.165582
Test03_OK_chg,충전,OK,1089,0,0,0.019582
Test03_OK_chg,충전,OK,1090,0,0,0.118913
Test03_OK_chg,충전,OK,1091,0,0,0.095302
Test03_OK_chg,충전,OK,1092,0,0,1.314001
Test03_OK_chg,충전,OK,1093,0,0,1.333353
Test03_OK_chg,충전,OK,1094,0,0,0.030843
Test03_OK_chg,충전,OK,1095,0,0,0.018709
Test03_OK_chg,충전,OK,1096,0,0,0.133126
Test03_OK_chg,충전,OK,1097,0,0,0.103133
Test03_OK_chg,충전,OK,1098,0,0,0.073439
Test03_OK_chg,충전,OK,1099,0,0,0.072805
Test03_OK_chg,충전,OK,1100,0,0,0.05091
Test03_OK_chg,충전,OK,1101,0,0,0.034733
Test03_OK_chg,충전,OK,1102,0,0,0.020235
Test03_OK_chg,충전,OK,1103,0,0,0.016277
Test03_OK_chg,충전,OK,1104,0,0,0.010932
Test03_OK_chg,충전,OK,1105,0,0,0.014354
Test03_OK_chg,충전,OK,1106,0,0,0.021923
Test03_OK_chg,충전,OK,1107,0,0,0.032699
Test03_OK_chg,충전,OK,1108,0,0,0.035338
Test03_OK_chg,충전,OK,1109,0,0,0.031519
Test03_OK_chg,충전,OK,1110,0,0,0.186956
Test03_OK_chg,충전,OK,1111,0,0,0.148536
Test03_OK_chg,충전,OK,1112,0,0,0.115683
Test03_OK_chg,충전,OK,1113,0,0,0.093003
Test03_OK_chg,충전,OK,1114,0,0,0.064957
Test03_OK_chg,충전,OK,1115,0,0,0.04918
Test03_OK_chg,충전,OK,1116,0,0,0.035333
Test03_OK_chg,충전,OK,1117,0,0,0.023766
Test03_OK_chg,충전,OK,1118,0,0,0.01289
Test03_OK_chg,충전,OK,1119,0,0,0.169201
Test03_OK_chg,충전,OK,1120,0,0,0.1341
Test03_OK_chg,충전,OK,1121,0,0,0.098567
Test03_OK_chg,충전,OK,1122,0,0,0.069506
Test03_OK_chg,충전,OK,1123,0,0,0.046292
Test03_OK_chg,충전,OK,1124,0,0,0.027833
Test03_OK_chg,충전,OK,1125,0,0,0.015499
Test03_OK_chg,충전,OK,1126,0,0,0.007148
Test03_OK_chg,충전,OK,1127,0,0,0.003699
Test03_OK_chg,충전,OK,1128,0,0,0.0032
Test03_OK_chg,충전,OK,1129,0,0,0.00291
Test03_OK_chg,충전,OK,1130,0,0,0.003267
Test03_OK_chg,충전,OK,1131,0,0,0.006063
Test03_OK_chg,충전,OK,1132,0,0,0.006539
Test03_OK_chg,충전,OK,1133,0,0,0.006241
Test03_OK_chg,충전,OK,1134,0,0,0.010614
Test03_OK_chg,충전,OK,1135,0,0,0.012032
Test03_OK_chg,충전,OK,1136,0,0,0.011636
Test03_OK_chg,충전,OK,1137,0,0,0.018169
Test03_OK_chg,충전,OK,1138,0,0,0.022203
Test03_OK_chg,충전,OK,1139,0,0,0.019043
Test03_OK_chg,충전,OK,1140,0,0,0.027287
Test03_OK_chg,충전,OK,1141,0,0,0.017105
Test03_OK_chg,충전,OK,1142,0,0,0.186125
Test03_OK_chg,충전,OK,1143,0,0,0.028777
Test03_OK_chg,충전,OK,1144,0,0,0.141729
Test03_OK_chg,충전,OK,1145,0,0,0.110355
Test03_OK_chg,충전,OK,1146,0,0,0.041323
Test03_OK_chg,충전,OK,1147,0,0,0.0841
Test03_OK_chg,충전,OK,1148,0,0,0.061014
Test03_OK_chg,충전,OK,1149,0,0,0.066309
Test03_OK_chg,충전,OK,1150,0,0,0.065151
Test03_OK_chg,충전,OK,1151,0,0,0.044119
Test03_OK_chg,충전,OK,1152,0,0,0.057927
Test03_OK_chg,충전,OK,1153,0,0,0.055896
Test03_OK_chg,충전,OK,1154,0,0,0.041713
Test03_OK_chg,충전,OK,1155,0,0,0.023976
Test03_OK_chg,충전,OK,1156,0,0,0.020489
Test03_OK_chg,충전,OK,1157,0,0,0.010842
Test03_OK_chg,충전,OK,1158,0,0,0.004747
Test03_OK_chg,충전,OK,1159,0,0,0.006267
Test03_OK_chg,충전,OK,1160,0,0,0.005387
Test03_OK_chg,충전,OK,1161,0,0,0.005588
Test03_OK_chg,충전,OK,1162,0,0,0.004
Test03_OK_chg,충전,OK,1163,0,0,0.00419
Test03_OK_chg,충전,OK,1164,0,0,0.004044
Test03_OK_chg,충전,OK,1165,0,0,0.003916
Test03_OK_chg,충전,OK,1166,0,0,0.004425
Test03_OK_chg,충전,OK,1167,0,0,0.00449
Test03_OK_chg,충전,OK,1168,0,0,0.003438
Test03_OK_chg,충전,OK,1169,0,0,0.003389
Test03_OK_chg,충전,OK,1170,0,0,0.003085
Test03_OK_chg,충전,OK,1171,0,0,0.002867
Test03_OK_chg,충전,OK,1172,0,0,0.003213
Test03_OK_chg,충전,OK,1173,0,0,0.00323
Test03_OK_chg,충전,OK,1174,0,0,0.007476
Test03_OK_chg,충전,OK,1175,0,0,0.002624
Test03_OK_chg,충전,OK,1176,0,0,0.004112
Test03_OK_chg,충전,OK,1177,0,0,0.005204
Test03_OK_chg,충전,OK,1178,0,0,0.006235
Test03_OK_chg,충전,OK,1179,0,0,0.013058
Test03_OK_chg,충전,OK,1180,0,0,0.013309
Test03_OK_chg,충전,OK,1181,0,0,0.012185
Test03_OK_chg,충전,OK,1182,0,0,0.013605
Test03_OK_chg,충전,OK,1183,0,0,0.016199
Test03_OK_chg,충전,OK,1184,0,0,0.00977
Test03_OK_chg,충전,OK,1185,0,0,0.006938
Test03_OK_chg,충전,OK,1186,0,0,0.007755
Test03_OK_chg,충전,OK,1187,0,0,0.008779
Test03_OK_chg,충전,OK,1188,0,0,0.0116
Test03_OK_chg,충전,OK,1189,0,0,0.011753
Test03_OK_chg,충전,OK,1190,0,0,0.176025
Test03_OK_chg,충전,OK,1191,0,0,0.015788
Test03_OK_chg,충전,OK,1192,0,0,0.01276
Test03_OK_chg,충전,OK,1193,0,0,0.137292
Test03_OK_chg,충전,OK,1194,0,0,0.114094
Test03_OK_chg,충전,OK,1195,0,0,0.039524
Test03_OK_chg,충전,OK,1196,0,0,0.036469
Test03_OK_chg,충전,OK,1197,0,0,0.083972
Test03_OK_chg,충전,OK,1198,0,0,0.050864
Test03_OK_chg,충전,OK,1199,0,0,0.049576
Test03_OK_chg,충전,OK,1200,0,0,0.08726
Test03_OK_chg,충전,OK,1201,0,0,0.043253
Test03_OK_chg,충전,OK,1202,0,0,0.040332
Test03_OK_chg,충전,OK,1203,0,0,0.022112
Test03_OK_chg,충전,OK,1204,0,0,0.012264
Test03_OK_chg,충전,OK,1205,0,0,0.011994
Test03_OK_chg,충전,OK,1206,0,0,0.014499
Test03_OK_chg,충전,OK,1207,0,0,0.005016
Test03_OK_chg,충전,OK,1208,0,0,0.007414
Test03_OK_chg,충전,OK,1209,0,0,0.006229
Test03_OK_chg,충전,OK,1210,0,0,0.005727
Test03_OK_chg,충전,OK,1211,0,0,0.005391
Test03_OK_chg,충전,OK,1212,0,0,0.006406
Test03_OK_chg,충전,OK,1213,0,0,0.004512
Test03_OK_chg,충전,OK,1214,0,0,0.00431
Test03_OK_chg,충전,OK,1215,0,0,0.005256
Test03_OK_chg,충전,OK,1216,0,0,0.00385
Test03_OK_chg,충전,OK,1217,0,0,0.003847
Test03_OK_chg,충전,OK,1218,0,0,0.003831
Test03_OK_chg,충전,OK,1219,0,0,0.00403
Test03_OK_chg,충전,OK,1220,0,0,0.003731
Test03_OK_chg,충전,OK,1221,0,0,0.003638
Test03_OK_chg,충전,OK,1222,0,0,0.004139
Test03_OK_chg,충전,OK,1223,0,0,0.003395
Test03_OK_chg,충전,OK,1224,0,0,0.003093
Test03_OK_chg,충전,OK,1225,0,0,0.00334
Test03_OK_chg,충전,OK,1226,0,0,0.003006
Test03_OK_chg,충전,OK,1227,0,0,0.003134
Test03_OK_chg,충전,OK,1228,0,0,0.002553
Test03_OK_chg,충전,OK,1229,0,0,0.003065
Test03_OK_chg,충전,OK,1230,0,0,0.003238
Test03_OK_chg,충전,OK,1231,0,0,0.004724
Test03_OK_chg,충전,OK,1232,0,0,0.002455
Test03_OK_chg,충전,OK,1233,0,0,0.004185
Test03_OK_chg,충전,OK,1234,0,0,0.002144
Test03_OK_chg,충전,OK,1235,0,0,0.005788
Test03_OK_chg,충전,OK,1236,0,0,0.007084
Test03_OK_chg,충전,OK,1237,0,0,0.004086
Test03_OK_chg,충전,OK,1238,0,0,0.007239
Test03_OK_chg,충전,OK,1239,0,0,0.003822
Test03_OK_chg,충전,OK,1240,0,0,0.004797
Test03_OK_chg,충전,OK,1241,0,0,0.006356
Test03_OK_chg,충전,OK,1242,0,0,0.004769
Test03_OK_chg,충전,OK,1243,0,0,1.283948
Test03_OK_chg,충전,OK,1244,0,0,0.004896
Test03_OK_chg,충전,OK,1245,0,0,1.253812
Test03_OK_chg,충전,OK,1246,0,0,1.28468
Test03_OK_chg,충전,OK,1247,0,0,0.00732
Test03_OK_chg,충전,OK,1248,0,0,0.006869
Test03_OK_chg,충전,OK,1249,0,0,0.006543
Test03_OK_chg,충전,OK,1250,0,0,0.004921
Test03_OK_chg,충전,OK,1251,0,0,0.008181
Test03_OK_chg,충전,OK,1252,0,0,0.008191
Test03_OK_chg,충전,OK,1253,0,0,0.182529
Test03_OK_chg,충전,OK,1254,0,0,0.011525
Test03_OK_chg,충전,OK,1255,0,0,0.016079
Test03_OK_chg,충전,OK,1256,0,0,0.141507
Test03_OK_chg,충전,OK,1257,0,0,0.109642
Test03_OK_chg,충전,OK,1258,0,0,0.378189
Test03_OK_chg,충전,OK,1259,0,0,0.111583
Test03_OK_chg,충전,OK,1260,0,0,0.032731
Test03_OK_chg,충전,OK,1261,0,0,0.091852
Test03_OK_chg,충전,OK,1262,0,0,0.050642
Test03_OK_chg,충전,OK,1263,0,0,0.02732
Test03_OK_chg,충전,OK,1264,0,0,0.028658
Test03_OK_chg,충전,OK,1265,0,0,0.025652
Test03_OK_chg,충전,OK,1266,0,0,0.116078
Test03_OK_chg,충전,OK,1267,0,0,0.01466
Test03_OK_chg,충전,OK,1268,0,0,0.022928
Test03_OK_chg,충전,OK,1269,0,0,0.011472
Test03_OK_chg,충전,OK,1270,0,0,0.010955
Test03_OK_chg,충전,OK,1271,0,0,0.004995
Test03_OK_chg,충전,OK,1272,0,0,0.005129
Test03_OK_chg,충전,OK,1273,0,0,0.004939
Test03_OK_chg,충전,OK,1274,0,0,0.004464
Test03_OK_chg,충전,OK,1275,0,0,0.004949
Test03_OK_chg,충전,OK,1276,0,0,0.004208
Test03_OK_chg,충전,OK,1277,0,0,0.00369
Test03_OK_chg,충전,OK,1278,0,0,0.004223
Test03_OK_chg,충전,OK,1279,0,0,0.003228
Test03_OK_chg,충전,OK,1280,0,0,0.004049
Test03_OK_chg,충전,OK,1281,0,0,0.004716
Test03_OK_chg,충전,OK,1282,0,0,0.004417
Test03_OK_chg,충전,OK,1283,0,0,0.003469
Test03_OK_chg,충전,OK,1284,0,0,0.003384
Test03_OK_chg,충전,OK,1285,0,0,0.00298
Test03_OK_chg,충전,OK,1286,0,0,0.003806
Test03_OK_chg,충전,OK,1287,0,0,0.003031
Test03_OK_chg,충전,OK,1288,0,0,0.003541
Test03_OK_chg,충전,OK,1289,0,0,0.002636
Test03_OK_chg,충전,OK,1290,0,0,0.002625
Test03_OK_chg,충전,OK,1291,0,0,0.003576
Test03_OK_chg,충전,OK,1292,0,0,0.002727
Test03_OK_chg,충전,OK,1293,0,0,0.002384
Test03_OK_chg,충전,OK,1294,0,0,0.002454
Test03_OK_chg,충전,OK,1295,0,0,0.00231
Test03_OK_chg,충전,OK,1296,0,0,0.002264
Test03_OK_chg,충전,OK,1297,0,0,0.002765
Test03_OK_chg,충전,OK,1298,0,0,0.002255
Test03_OK_chg,충전,OK,1299,0,0,0.003224
Test03_OK_chg,충전,OK,1300,0,0,0.002455
Test03_OK_chg,충전,OK,1301,0,0,0.002147
Test03_OK_chg,충전,OK,1302,0,0,0.002266
Test03_OK_chg,충전,OK,1303,0,0,0.002686
Test03_OK_chg,충전,OK,1304,0,0,0.002136
Test03_OK_chg,충전,OK,1305,0,0,0.002997
Test03_OK_chg,충전,OK,1306,0,0,0.002548
Test03_OK_chg,충전,OK,1307,0,0,0.002229
Test03_OK_chg,충전,OK,1308,0,0,0.001879
Test03_OK_chg,충전,OK,1309,0,0,0.001931
Test03_OK_chg,충전,OK,1310,0,0,0.00186
Test03_OK_chg,충전,OK,1311,0,0,0.002032
Test03_OK_chg,충전,OK,1312,0,0,0.001725
Test03_OK_chg,충전,OK,1313,0,0,0.001589
Test03_OK_chg,충전,OK,1314,0,0,0.001805
Test03_OK_chg,충전,OK,1315,0,0,0.002391
Test03_OK_chg,충전,OK,1316,0,0,0.002068
Test03_OK_chg,충전,OK,1317,0,0,0.001628
Test03_OK_chg,충전,OK,1318,0,0,0.002132
Test03_OK_chg,충전,OK,1319,0,0,0.002585
Test03_OK_chg,충전,OK,1320,0,0,0.002223
Test03_OK_chg,충전,OK,1321,0,0,0.0015
Test03_OK_chg,충전,OK,1322,0,0,0.001794
Test03_OK_chg,충전,OK,1323,0,0,0.002599
Test03_OK_chg,충전,OK,1324,0,0,0.002931
Test03_OK_chg,충전,OK,1325,0,0,0.003487
Test03_OK_chg,충전,OK,1326,0,0,0.001962
Test03_OK_chg,충전,OK,1327,0,0,0.002046
Test03_OK_chg,충전,OK,1328,0,0,0.002876
Test03_OK_chg,충전,OK,1329,0,0,0.004378
Test03_OK_chg,충전,OK,1330,0,0,0.001621
Test03_OK_chg,충전,OK,1331,0,0,0.002016
Test03_OK_chg,충전,OK,1332,0,0,0.001685
Test03_OK_chg,충전,OK,1333,0,0,0.001855
Test03_OK_chg,충전,OK,1334,0,0,0.001687
Test03_OK_chg,충전,OK,1335,0,0,0.002648
Test03_OK_chg,충전,OK,1336,0,0,0.001991
Test03_OK_chg,충전,OK,1337,0,0,0.003292
Test03_OK_chg,충전,OK,1338,0,0,0.00217
Test03_OK_chg,충전,OK,1339,0,0,0.169253
Test03_OK_chg,충전,OK,1340,0,0,0.006098
Test03_OK_chg,충전,OK,1341,0,0,0.006357
Test03_OK_chg,충전,OK,1342,0,0,0.006153
Test03_OK_chg,충전,OK,1343,0,0,0.006898
Test03_OK_chg,충전,OK,1344,0,0,0.13959
Test03_OK_chg,충전,OK,1345,0,0,0.014107
Test03_OK_chg,충전,OK,1346,0,0,0.014129
Test03_OK_chg,충전,OK,1347,0,0,0.115609
Test03_OK_chg,충전,OK,1348,0,0,0.097602
Test03_OK_chg,충전,OK,1349,0,0,0.093151
Test03_OK_chg,충전,OK,1350,0,0,0.038665
Test03_OK_chg,충전,OK,1351,0,0,0.03768
Test03_OK_chg,충전,OK,1352,0,0,0.063202
Test03_OK_chg,충전,OK,1353,0,0,0.035985
Test03_OK_chg,충전,OK,1354,0,0,0.044659
Test03_OK_chg,충전,OK,1355,0,0,0.050252
Test03_OK_chg,충전,OK,1356,0,0,0.04831
Test03_OK_chg,충전,OK,1357,0,0,0.156854
Test03_OK_chg,충전,OK,1358,0,0,0.153285
Test03_OK_chg,충전,OK,1359,0,0,0.149523
Test03_OK_chg,충전,OK,1360,0,0,0.033757
Test03_OK_chg,충전,OK,1361,0,0,0.033882
Test03_OK_chg,충전,OK,1362,0,0,0.143388
Test03_OK_chg,충전,OK,1363,0,0,0.043675
Test03_OK_chg,충전,OK,1364,0,0,0.044118
Test03_OK_chg,충전,OK,1365,0,0,0.040783
Test03_OK_chg,충전,OK,1366,0,0,0.039169
Test03_OK_chg,충전,OK,1367,0,0,0.022653
Test03_OK_chg,충전,OK,1368,0,0,0.014059
Test03_OK_chg,충전,OK,1369,0,0,0.007321
Test03_OK_chg,충전,OK,1370,0,0,0.221235
Test03_OK_chg,충전,OK,1371,0,0,0.011319
Test03_OK_chg,충전,OK,1372,0,0,0.005612
Test03_OK_chg,충전,OK,1373,0,0,0.006497
Test03_OK_chg,충전,OK,1374,0,0,0.005527
Test03_OK_chg,충전,OK,1375,0,0,0.006674
Test03_OK_chg,충전,OK,1376,0,0,0.006723
Test03_OK_chg,충전,OK,1377,0,0,0.006755
Test03_OK_chg,충전,OK,1378,0,0,0.00707
Test03_OK_chg,충전,OK,1379,0,0,0.006711
Test03_OK_chg,충전,OK,1380,0,0,0.00383
Test03_OK_chg,충전,OK,1381,0,0,0.003549
Test03_OK_chg,충전,OK,1382,0,0,0.004043
Test03_OK_chg,충전,OK,1383,0,0,0.003702
Test03_OK_chg,충전,OK,1384,0,0,0.003469
Test03_OK_chg,충전,OK,1385,0,0,0.004256
Test03_OK_chg,충전,OK,1386,0,0,0.003022
Test03_OK_chg,충전,OK,1387,0,0,0.004009
Test03_OK_chg,충전,OK,1388,0,0,0.00402
Test03_OK_chg,충전,OK,1389,0,0,0.003937
Test03_OK_chg,충전,OK,1390,0,0,0.002929
Test03_OK_chg,충전,OK,1391,0,0,0.003504
Test03_OK_chg,충전,OK,1392,0,0,0.002738
Test03_OK_chg,충전,OK,1393,0,0,0.002979
Test03_OK_chg,충전,OK,1394,0,0,0.002695
Test03_OK_chg,충전,OK,1395,0,0,0.002299
Test03_OK_chg,충전,OK,1396,0,0,0.002409
Test03_OK_chg,충전,OK,1397,0,0,0.002426
Test03_OK_chg,충전,OK,1398,0,0,0.003353
Test03_OK_chg,충전,OK,1399,0,0,0.002214
Test03_OK_chg,충전,OK,1400,0,0,0.002497
Test03_OK_chg,충전,OK,1401,0,0,0.003438
Test03_OK_chg,충전,OK,1402,0,0,0.002272
Test03_OK_chg,충전,OK,1403,0,0,0.002857
Test03_OK_chg,충전,OK,1404,0,0,0.002128
Test03_OK_chg,충전,OK,1405,0,0,0.002272
Test03_OK_chg,충전,OK,1406,0,0,0.002202
Test03_OK_chg,충전,OK,1407,0,0,0.002125
Test03_OK_chg,충전,OK,1408,0,0,0.00383
Test03_OK_chg,충전,OK,1409,0,0,0.002817
Test03_OK_chg,충전,OK,1410,0,0,0.003671
Test03_OK_chg,충전,OK,1411,0,0,0.002198
Test03_OK_chg,충전,OK,1412,0,0,0.002313
Test03_OK_chg,충전,OK,1413,0,0,0.003027
Test03_OK_chg,충전,OK,1414,0,0,0.002461
Test03_OK_chg,충전,OK,1415,0,0,0.00254
Test03_OK_chg,충전,OK,1416,0,0,0.003174
Test03_OK_chg,충전,OK,1417,0,0,0.002198
Test03_OK_chg,충전,OK,1418,0,0,0.002879
Test03_OK_chg,충전,OK,1419,0,0,0.002593
Test03_OK_chg,충전,OK,1420,0,0,0.002861
Test04_OK_dchg,방전,OK,0,0,0,0.005241
Test04_OK_dchg,방전,OK,1,0,0,0.005565
Test04_OK_dchg,방전,OK,2,0,0,0.004602
Test04_OK_dchg,방전,OK,3,0,0,0.00401
Test04_OK_dchg,방전,OK,4,0,0,0.004129
Test04_OK_dchg,방전,OK,5,0,0,0.005029
Test04_OK_dchg,방전,OK,6,0,0,0.003437
Test04_OK_dchg,방전,OK,7,0,0,0.0031
Test04_OK_dchg,방전,OK,8,0,0,0.003292
Test04_OK_dchg,방전,OK,9,0,0,0.002456
Test04_OK_dchg,방전,OK,10,0,0,0.001184
Test04_OK_dchg,방전,OK,11,0,0,0.001911
Test04_OK_dchg,방전,OK,12,0,0,0.001824
Test04_OK_dchg,방전,OK,13,0,0,0.001398
Test04_OK_dchg,방전,OK,14,0,0,0.001421
Test04_OK_dchg,방전,OK,15,0,0,0.002359
Test04_OK_dchg,방전,OK,16,0,0,1.29148
Test04_OK_dchg,방전,OK,17,0,0,1.247235
Test04_OK_dchg,방전,OK,18,0,0,0.002127
Test04_OK_dchg,방전,OK,19,0,0,0.001904
Test04_OK_dchg,방전,OK,20,0,0,0.001773
Test04_OK_dchg,방전,OK,21,0,0,0.001991
Test04_OK_dchg,방전,OK,22,0,0,0.002201
Test04_OK_dchg,방전,OK,23,0,0,0.002877
Test04_OK_dchg,방전,OK,24,0,0,1.288651
Test04_OK_dchg,방전,OK,25,0,0,1.245044
Test04_OK_dchg,방전,OK,26,0,0,0.002563
Test04_OK_dchg,방전,OK,27,0,0,1.289615
Test04_OK_dchg,방전,OK,28,0,0,0.00197
Test04_OK_dchg,방전,OK,29,0,0,0.003147
Test04_OK_dchg,방전,OK,30,0,0,0.002977
Test04_OK_dchg,방전,OK,31,0,0,1.244326
Test04_OK_dchg,방전,OK,32,0,0,1.289671
Test04_OK_dchg,방전,OK,33,0,0,0.001579
Test04_OK_dchg,방전,OK,34,0,0,0.001622
Test04_OK_dchg,방전,OK,35,0,0,0.00186
Test04_OK_dchg,방전,OK,36,0,0,0.001734
Test04_OK_dchg,방전,OK,37,0,0,0.002266
Test04_OK_dchg,방전,OK,38,0,0,0.001823
Test04_OK_dchg,방전,OK,39,0,0,0.001807
Test04_OK_dchg,방전,OK,40,0,0,0.00166
Test04_OK_dchg,방전,OK,41,0,0,0.001581
Test04_OK_dchg,방전,OK,42,0,0,0.001581
Test04_OK_dchg,방전,OK,43,0,0,0.001724
Test04_OK_dchg,방전,OK,44,0,0,0.001596
Test04_OK_dchg,방전,OK,45,0,0,0.001502
Test04_OK_dchg,방전,OK,46,0,0,0.001762
Test04_OK_dchg,방전,OK,47,0,0,0.001624
Test04_OK_dchg,방전,OK,48,0,0,0.001855
Test04_OK_dchg,방전,OK,49,0,0,0.001833
Test04_OK_dchg,방전,OK,50,0,0,0.002121
Test04_OK_dchg,방전,OK,51,0,0,0.002373
Test04_OK_dchg,방전,OK,52,0,0,0.002526
Test04_OK_dchg,방전,OK,53,0,0,0.003004
Test04_OK_dchg,방전,OK,54,0,0,0.00338
Test04_OK_dchg,방전,OK,55,0,0,0.005457
Test04_OK_dchg,방전,OK,56,0,0,1.389157
Test04_OK_dchg,방전,OK,57,0,0,1.30055
Test04_OK_dchg,방전,OK,58,0,0,0.113066
Test04_OK_dchg,방전,OK,59,0,0,0.085013
Test04_OK_dchg,방전,OK,60,0,0,0.046728
Test04_OK_dchg,방전,OK,61,0,0,0.040668
Test04_OK_dchg,방전,OK,62,0,0,0.038932
Test04_OK_dchg,방전,OK,63,0,0,0.060253
Test04_OK_dchg,방전,OK,64,0,0,0.037473
Test04_OK_dchg,방전,OK,65,0,0,0.088975
Test04_OK_dchg,방전,OK,66,0,0,0.039376
Test04_OK_dchg,방전,OK,67,0,0,0.023445
Test04_OK_dchg,방전,OK,68,0,0,0.02401
Test04_OK_dchg,방전,OK,69,0,0,0.091449
Test04_OK_dchg,방전,OK,70,0,0,0.02753
Test04_OK_dchg,방전,OK,71,0,0,0.012701
Test04_OK_dchg,방전,OK,72,0,0,0.007448
Test04_OK_dchg,방전,OK,73,0,0,0.006858
Test04_OK_dchg,방전,OK,74,0,0,0.007133
Test04_OK_dchg,방전,OK,75,0,0,0.003533
Test04_OK_dchg,방전,OK,76,0,0,0.007238
Test04_OK_dchg,방전,OK,77,0,0,0.005984
Test04_OK_dchg,방전,OK,78,0,0,0.003857
Test04_OK_dchg,방전,OK,79,0,0,0.206626
Test04_OK_dchg,방전,OK,80,0,0,0.005307
Test04_OK_dchg,방전,OK,81,0,0,0.01076
Test04_OK_dchg,방전,OK,82,0,0,0.009917
Test04_OK_dchg,방전,OK,83,0,0,0.203849
Test04_OK_dchg,방전,OK,84,0,0,0.021066
Test04_OK_dchg,방전,OK,85,0,0,0.022924
Test04_OK_dchg,방전,OK,86,0,0,0.021097
Test04_OK_dchg,방전,OK,87,0,0,0.025965
Test04_OK_dchg,방전,OK,88,0,0,0.027099
Test04_OK_dchg,방전,OK,89,0,0,0.019284
Test04_OK_dchg,방전,OK,90,0,0,0.029903
Test04_OK_dchg,방전,OK,91,0,0,0.031962
Test04_OK_dchg,방전,OK,92,0,0,0.148312
Test04_OK_dchg,방전,OK,93,0,0,0.035976
Test04_OK_dchg,방전,OK,94,0,0,0.036467
Test04_OK_dchg,방전,OK,95,0,0,0.137472
Test04_OK_dchg,방전,OK,96,0,0,0.10475
Test04_OK_dchg,방전,OK,97,0,0,0.075592
Test04_OK_dchg,방전,OK,98,0,0,0.075083
Test04_OK_dchg,방전,OK,99,0,0,0.050044
Test04_OK_dchg,방전,OK,100,0,0,0.134429
Test04_OK_dchg,방전,OK,101,0,0,0.034746
Test04_OK_dchg,방전,OK,102,0,0,0.035269
Test04_OK_dchg,방전,OK,103,0,0,0.02062
Test04_OK_dchg,방전,OK,104,0,0,0.014812
Test04_OK_dchg,방전,OK,105,0,0,0.016019
Test04_OK_dchg,방전,OK,106,0,0,0.016561
Test04_OK_dchg,방전,OK,107,0,0,0.246063
Test04_OK_dchg,방전,OK,108,0,0,0.011598
Test04_OK_dchg,방전,OK,109,0,0,0.012966
Test04_OK_dchg,방전,OK,110,0,0,0.008534
Test04_OK_dchg,방전,OK,111,0,0,0.00727
Test04_OK_dchg,방전,OK,112,0,0,0.006496
Test04_OK_dchg,방전,OK,113,0,0,0.005588
Test04_OK_dchg,방전,OK,114,0,0,0.006093
Test04_OK_dchg,방전,OK,115,0,0,0.005726
Test04_OK_dchg,방전,OK,116,0,0,0.006794
Test04_OK_dchg,방전,OK,117,0,0,0.004378
Test04_OK_dchg,방전,OK,118,0,0,0.004679
Test04_OK_dchg,방전,OK,119,0,0,0.003805
Test04_OK_dchg,방전,OK,120,0,0,0.003862
Test04_OK_dchg,방전,OK,121,0,0,0.003919
Test04_OK_dchg,방전,OK,122,0,0,0.004295
Test04_OK_dchg,방전,OK,123,0,0,0.005039
Test04_OK_dchg,방전,OK,124,0,0,0.004135
Test04_OK_dchg,방전,OK,125,0,0,0.00407
Test04_OK_dchg,방전,OK,126,0,0,0.004924
Test04_OK_dchg,방전,OK,127,0,0,0.003238
Test04_OK_dchg,방전,OK,128,0,0,0.003661
Test04_OK_dchg,방전,OK,129,0,0,0.004026
Test04_OK_dchg,방전,OK,130,0,0,0.003219
Test04_OK_dchg,방전,OK,131,0,0,0.003921
Test04_OK_dchg,방전,OK,132,0,0,0.004043
Test04_OK_dchg,방전,OK,133,0,0,0.004024
Test04_OK_dchg,방전,OK,134,0,0,0.003158
Test04_OK_dchg,방전,OK,135,0,0,0.003302
Test04_OK_dchg,방전,OK,136,0,0,0.004089
Test04_OK_dchg,방전,OK,137,0,0,0.004611
Test04_OK_dchg,방전,OK,138,0,0,0.003
Test04_OK_dchg,방전,OK,139,0,0,0.003018
Test04_OK_dchg,방전,OK,140,0,0,0.002786
Test04_OK_dchg,방전,OK,141,0,0,0.002913
Test04_OK_dchg,방전,OK,142,0,0,0.003891
Test04_OK_dchg,방전,OK,143,0,0,0.002647
Test04_OK_dchg,방전,OK,144,0,0,0.002669
Test04_OK_dchg,방전,OK,145,0,0,0.004858
Test04_OK_dchg,방전,OK,146,0,0,0.002921
Test04_OK_dchg,방전,OK,147,0,0,0.002437
Test04_OK_dchg,방전,OK,148,0,0,0.00236
Test04_OK_dchg,방전,OK,149,0,0,0.0025
Test04_OK_dchg,방전,OK,150,0,0,0.004526
Test04_OK_dchg,방전,OK,151,0,0,0.002244
Test04_OK_dchg,방전,OK,152,0,0,0.00217
Test04_OK_dchg,방전,OK,153,0,0,0.002339
Test04_OK_dchg,방전,OK,154,0,0,0.002572
Test04_OK_dchg,방전,OK,155,0,0,0.002898
Test04_OK_dchg,방전,OK,156,0,0,0.002568
Test04_OK_dchg,방전,OK,157,0,0,0.001998
Test04_OK_dchg,방전,OK,158,0,0,0.001991
Test04_OK_dchg,방전,OK,159,0,0,0.004771
Test04_OK_dchg,방전,OK,160,0,0,0.002113
Test04_OK_dchg,방전,OK,161,0,0,0.002769
Test04_OK_dchg,방전,OK,162,0,0,0.004478
Test04_OK_dchg,방전,OK,163,0,0,0.00239
Test04_OK_dchg,방전,OK,164,0,0,0.002278
Test04_OK_dchg,방전,OK,165,0,0,0.002232
Test04_OK_dchg,방전,OK,166,0,0,0.001659
Test04_OK_dchg,방전,OK,167,0,0,0.001747
Test04_OK_dchg,방전,OK,168,0,0,0.002025
Test04_OK_dchg,방전,OK,169,0,0,0.001796
Test04_OK_dchg,방전,OK,170,0,0,0.001627
Test04_OK_dchg,방전,OK,171,0,0,0.002085
Test04_OK_dchg,방전,OK,172,0,0,0.002128
Test04_OK_dchg,방전,OK,173,0,0,0.001402
Test04_OK_dchg,방전,OK,174,0,0,0.001486
Test04_OK_dchg,방전,OK,175,0,0,0.001574
Test04_OK_dchg,방전,OK,176,0,0,0.001397
Test04_OK_dchg,방전,OK,177,0,0,0.001438
Test04_OK_dchg,방전,OK,178,0,0,0.001567
Test04_OK_dchg,방전,OK,179,0,0,0.00337
Test04_OK_dchg,방전,OK,180,0,0,0.003406
Test04_OK_dchg,방전,OK,181,0,0,0.002403
Test04_OK_dchg,방전,OK,182,0,0,1.291386
Test04_OK_dchg,방전,OK,183,0,0,0.002086
Test04_OK_dchg,방전,OK,184,0,0,1.244201
Test04_OK_dchg,방전,OK,185,0,0,0.001213
Test04_OK_dchg,방전,OK,186,0,0,1.291231
Test04_OK_dchg,방전,OK,187,0,0,1.246085
Test04_OK_dchg,방전,OK,188,0,0,1.291042
Test04_OK_dchg,방전,OK,189,0,0,0.00112
Test04_OK_dchg,방전,OK,190,0,0,0.001251
Test04_OK_dchg,방전,OK,191,0,0,0.004787
Test04_OK_dchg,방전,OK,192,0,0,1.244364
Test04_OK_dchg,방전,OK,193,0,0,1.291362
Test04_OK_dchg,방전,OK,194,0,0,0.001185
Test04_OK_dchg,방전,OK,195,0,0,0.001106
Test04_OK_dchg,방전,OK,196,0,0,0.001518
Test04_OK_dchg,방전,OK,197,0,0,0.00123
Test04_OK_dchg,방전,OK,198,0,0,0.001013
Test04_OK_dchg,방전,OK,199,0,0,0.001042
Test04_OK_dchg,방전,OK,200,0,0,1.245347
Test04_OK_dchg,방전,OK,201,0,0,1.28794
Test04_OK_dchg,방전,OK,202,0,0,0.001321
Test04_OK_dchg,방전,OK,203,0,0,1.245512
Test04_OK_dchg,방전,OK,204,0,0,1.28813
Test04_OK_dchg,방전,OK,205,0,0,0.001336
Test04_OK_dchg,방전,OK,206,0,0,0.001077
Test04_OK_dchg,방전,OK,207,0,0,0.001175
Test04_OK_dchg,방전,OK,208,0,0,0.001052
Test04_OK_dchg,방전,OK,209,0,0,0.001214
Test04_OK_dchg,방전,OK,210,0,0,0.004922
Test04_OK_dchg,방전,OK,211,0,0,0.001303
Test04_OK_dchg,방전,OK,212,0,0,0.001154
Test04_OK_dchg,방전,OK,213,0,0,0.001438
Test04_OK_dchg,방전,OK,214,0,0,0.001144
Test04_OK_dchg,방전,OK,215,0,0,0.001136
Test04_OK_dchg,방전,OK,216,0,0,0.001256
Test04_OK_dchg,방전,OK,217,0,0,0.001367
Test04_OK_dchg,방전,OK,218,0,0,0.001265
Test04_OK_dchg,방전,OK,219,0,0,0.001189
Test04_OK_dchg,방전,OK,220,0,0,0.001245
Test04_OK_dchg,방전,OK,221,0,0,0.001181
Test04_OK_dchg,방전,OK,222,0,0,0.00174
Test04_OK_dchg,방전,OK,223,0,0,0.001236
Test04_OK_dchg,방전,OK,224,0,0,0.001444
Test04_OK_dchg,방전,OK,225,0,0,0.001696
Test04_OK_dchg,방전,OK,226,0,0,0.001324
Test04_OK_dchg,방전,OK,227,0,0,0.001977
Test04_OK_dchg,방전,OK,228,0,0,0.003455
Test04_OK_dchg,방전,OK,229,0,0,0.001525
Test04_OK_dchg,방전,OK,230,0,0,0.001985
Test04_OK_dchg,방전,OK,231,0,0,0.00159
Test04_OK_dchg,방전,OK,232,0,0,0.001758
Test04_OK_dchg,방전,OK,233,0,0,0.002269
Test04_OK_dchg,방전,OK,234,0,0,0.002319
Test04_OK_dchg,방전,OK,235,0,0,0.001613
Test04_OK_dchg,방전,OK,236,0,0,0.002405
Test04_OK_dchg,방전,OK,237,0,0,0.002603
Test04_OK_dchg,방전,OK,238,0,0,0.001847
Test04_OK_dchg,방전,OK,239,0,0,0.00222
Test04_OK_dchg,방전,OK,240,0,0,0.165571
Test04_OK_dchg,방전,OK,241,0,0,0.006309
Test04_OK_dchg,방전,OK,242,0,0,0.005432
Test04_OK_dchg,방전,OK,243,0,0,0.006574
Test04_OK_dchg,방전,OK,244,0,0,0.00535
Test04_OK_dchg,방전,OK,245,0,0,0.005087
Test04_OK_dchg,방전,OK,246,0,0,0.005329
Test04_OK_dchg,방전,OK,247,0,0,0.005512
Test04_OK_dchg,방전,OK,248,0,0,0.00553
Test04_OK_dchg,방전,OK,249,0,0,0.005578
Test04_OK_dchg,방전,OK,250,0,0,0.002188
Test04_OK_dchg,방전,OK,251,0,0,0.002741
Test04_OK_dchg,방전,OK,252,0,0,0.002602
Test04_OK_dchg,방전,OK,253,0,0,0.161671
Test04_OK_dchg,방전,OK,254,0,0,0.125891
Test04_OK_dchg,방전,OK,255,0,0,0.014534
Test04_OK_dchg,방전,OK,256,0,0,0.015345
Test04_OK_dchg,방전,OK,257,0,0,0.014631
Test04_OK_dchg,방전,OK,258,0,0,0.096132
Test04_OK_dchg,방전,OK,259,0,0,0.02737
Test04_OK_dchg,방전,OK,260,0,0,0.0714
Test04_OK_dchg,방전,OK,261,0,0,0.049007
Test04_OK_dchg,방전,OK,262,0,0,0.064892
Test04_OK_dchg,방전,OK,263,0,0,0.044828
Test04_OK_dchg,방전,OK,264,0,0,0.028167
Test04_OK_dchg,방전,OK,265,0,0,0.068293
Test04_OK_dchg,방전,OK,266,0,0,0.044886
Test04_OK_dchg,방전,OK,267,0,0,0.046156
Test04_OK_dchg,방전,OK,268,0,0,0.066594
Test04_OK_dchg,방전,OK,269,0,0,0.046623
Test04_OK_dchg,방전,OK,270,0,0,0.030754
Test04_OK_dchg,방전,OK,271,0,0,0.018988
Test04_OK_dchg,방전,OK,272,0,0,0.091728
Test04_OK_dchg,방전,OK,273,0,0,0.0638
Test04_OK_dchg,방전,OK,274,0,0,0.043411
Test04_OK_dchg,방전,OK,275,0,0,0.056284
Test04_OK_dchg,방전,OK,276,0,0,0.045033
Test04_OK_dchg,방전,OK,277,0,0,0.080986
Test04_OK_dchg,방전,OK,278,0,0,0.042954
Test04_OK_dchg,방전,OK,279,0,0,0.026027
Test04_OK_dchg,방전,OK,280,0,0,0.104065
Test04_OK_dchg,방전,OK,281,0,0,0.014342
Test04_OK_dchg,방전,OK,282,0,0,0.015273
Test04_OK_dchg,방전,OK,283,0,0,0.014276
Test04_OK_dchg,방전,OK,284,0,0,0.01576
Test04_OK_dchg,방전,OK,285,0,0,0.00693
Test04_OK_dchg,방전,OK,286,0,0,0.007628
Test04_OK_dchg,방전,OK,287,0,0,0.003546
Test04_OK_dchg,방전,OK,288,0,0,0.008353
Test04_OK_dchg,방전,OK,289,0,0,0.166629
Test04_OK_dchg,방전,OK,290,0,0,0.004098
Test04_OK_dchg,방전,OK,291,0,0,0.00267
Test04_OK_dchg,방전,OK,292,0,0,0.002835
Test04_OK_dchg,방전,OK,293,0,0,0.002958
Test04_OK_dchg,방전,OK,294,0,0,0.00364
Test04_OK_dchg,방전,OK,295,0,0,0.003032
Test04_OK_dchg,방전,OK,296,0,0,0.004525
Test04_OK_dchg,방전,OK,297,0,0,0.007989
Test04_OK_dchg,방전,OK,298,0,0,0.003595
Test04_OK_dchg,방전,OK,299,0,0,0.193926
Test04_OK_dchg,방전,OK,300,0,0,0.005484
Test04_OK_dchg,방전,OK,301,0,0,0.219528
Test04_OK_dchg,방전,OK,302,0,0,0.014614
Test04_OK_dchg,방전,OK,303,0,0,0.012279
Test04_OK_dchg,방전,OK,304,0,0,0.013614
Test04_OK_dchg,방전,OK,305,0,0,0.01623
Test04_OK_dchg,방전,OK,306,0,0,0.014703
Test04_OK_dchg,방전,OK,307,0,0,0.117626
Test04_OK_dchg,방전,OK,308,0,0,0.029492
Test04_OK_dchg,방전,OK,309,0,0,0.016935
Test04_OK_dchg,방전,OK,310,0,0,0.017063
Test04_OK_dchg,방전,OK,311,0,0,0.19917
Test04_OK_dchg,방전,OK,312,0,0,0.015534
Test04_OK_dchg,방전,OK,313,0,0,0.012895
Test04_OK_dchg,방전,OK,314,0,0,0.013424
Test04_OK_dchg,방전,OK,315,0,0,0.015482
Test04_OK_dchg,방전,OK,316,0,0,0.015372
Test04_OK_dchg,방전,OK,317,0,0,0.013239
Test04_OK_dchg,방전,OK,318,0,0,0.009838
Test04_OK_dchg,방전,OK,319,0,0,0.195109
Test04_OK_dchg,방전,OK,320,0,0,0.017857
Test04_OK_dchg,방전,OK,321,0,0,0.195655
Test04_OK_dchg,방전,OK,322,0,0,0.01946
Test04_OK_dchg,방전,OK,323,0,0,0.162464
Test04_OK_dchg,방전,OK,324,0,0,0.027603
Test04_OK_dchg,방전,OK,325,0,0,0.028581
Test04_OK_dchg,방전,OK,326,0,0,0.12758
Test04_OK_dchg,방전,OK,327,0,0,0.045701
Test04_OK_dchg,방전,OK,328,0,0,0.049113
Test04_OK_dchg,방전,OK,329,0,0,0.035641
Test04_OK_dchg,방전,OK,330,0,0,0.032802
Test04_OK_dchg,방전,OK,331,0,0,0.030647
Test04_OK_dchg,방전,OK,332,0,0,0.02649
Test04_OK_dchg,방전,OK,333,0,0,0.023712
Test04_OK_dchg,방전,OK,334,0,0,0.169633
Test04_OK_dchg,방전,OK,335,0,0,0.033503
Test04_OK_dchg,방전,OK,336,0,0,0.023629
Test04_OK_dchg,방전,OK,337,0,0,0.151914
Test04_OK_dchg,방전,OK,338,0,0,0.049743
Test04_OK_dchg,방전,OK,339,0,0,0.046244
Test04_OK_dchg,방전,OK,340,0,0,0.112246
Test04_OK_dchg,방전,OK,341,0,0,0.082651
Test04_OK_dchg,방전,OK,342,0,0,0.101874
Test04_OK_dchg,방전,OK,343,0,0,0.102485
Test04_OK_dchg,방전,OK,344,0,0,0.085996
Test04_OK_dchg,방전,OK,345,0,0,0.068347
Test04_OK_dchg,방전,OK,346,0,0,0.053578
Test04_OK_dchg,방전,OK,347,0,0,0.049554
Test04_OK_dchg,방전,OK,348,0,0,0.033312
Test04_OK_dchg,방전,OK,349,0,0,0.025699
Test04_OK_dchg,방전,OK,350,0,0,0.020244
Test04_OK_dchg,방전,OK,351,0,0,0.020817
Test04_OK_dchg,방전,OK,352,0,0,0.014654
Test04_OK_dchg,방전,OK,353,0,0,0.012326
Test04_OK_dchg,방전,OK,354,0,0,0.010922
Test04_OK_dchg,방전,OK,355,0,0,0.010688
Test04_OK_dchg,방전,OK,356,0,0,0.013336
Test04_OK_dchg,방전,OK,357,0,0,0.009631
Test04_OK_dchg,방전,OK,358,0,0,0.007857
Test04_OK_dchg,방전,OK,359,0,0,0.007566
Test04_OK_dchg,방전,OK,360,0,0,0.007849
Test04_OK_dchg,방전,OK,361,0,0,0.007216
Test04_OK_dchg,방전,OK,362,0,0,0.007181
Test04_OK_dchg,방전,OK,363,0,0,0.005373
Test04_OK_dchg,방전,OK,364,0,0,0.00763
Test04_OK_dchg,방전,OK,365,0,0,0.006063
Test04_OK_dchg,방전,OK,366,0,0,0.004551
Test04_OK_dchg,방전,OK,367,0,0,0.004103
Test04_OK_dchg,방전,OK,368,0,0,0.004247
Test04_OK_dchg,방전,OK,369,0,0,0.003996
Test04_OK_dchg,방전,OK,370,0,0,0.005107
Test04_OK_dchg,방전,OK,371,0,0,0.005194
Test04_OK_dchg,방전,OK,372,0,0,0.004302
Test04_OK_dchg,방전,OK,373,0,0,0.003865
Test04_OK_dchg,방전,OK,374,0,0,0.004449
Test04_OK_dchg,방전,OK,375,0,0,0.004846
Test04_OK_dchg,방전,OK,376,0,0,0.003776
Test04_OK_dchg,방전,OK,377,0,0,0.004839
Test04_OK_dchg,방전,OK,378,0,0,0.003602
Test04_OK_dchg,방전,OK,379,0,0,0.003981
Test04_OK_dchg,방전,OK,380,0,0,1.299313
Test04_OK_dchg,방전,OK,381,0,0,1.240356
Test04_OK_dchg,방전,OK,382,0,0,0.004987
Test04_OK_dchg,방전,OK,383,0,0,0.003436
Test04_OK_dchg,방전,OK,384,0,0,0.003357
Test04_OK_dchg,방전,OK,385,0,0,0.003599
Test04_OK_dchg,방전,OK,386,0,0,1.299962
Test04_OK_dchg,방전,OK,387,0,0,1.240772
Test04_OK_dchg,방전,OK,388,0,0,0.003835
Test04_OK_dchg,방전,OK,389,0,0,0.003599
Test04_OK_dchg,방전,OK,390,0,0,0.003478
Test04_OK_dchg,방전,OK,391,0,0,0.00389
Test04_OK_dchg,방전,OK,392,0,0,1.297643
Test04_OK_dchg,방전,OK,393,0,0,1.239801
Test04_OK_dchg,방전,OK,394,0,0,0.003813
Test04_OK_dchg,방전,OK,395,0,0,1.297037
Test04_OK_dchg,방전,OK,396,0,0,1.240633
Test04_OK_dchg,방전,OK,397,0,0,1.297645
Test04_OK_dchg,방전,OK,398,0,0,1.240132
Test04_OK_dchg,방전,OK,399,0,0,1.296374
Test04_OK_dchg,방전,OK,400,0,0,1.24043
Test04_OK_dchg,방전,OK,401,0,0,0.003602
Test04_OK_dchg,방전,OK,402,0,0,1.295872
Test04_OK_dchg,방전,OK,403,0,0,0.003965
Test04_OK_dchg,방전,OK,404,0,0,0.003887
Test04_OK_dchg,방전,OK,405,0,0,0.003396
Test04_OK_dchg,방전,OK,406,0,0,1.240184
Test04_OK_dchg,방전,OK,407,0,0,1.295442
Test04_OK_dchg,방전,OK,408,0,0,0.005632
Test04_OK_dchg,방전,OK,409,0,0,0.003203
Test04_OK_dchg,방전,OK,410,0,0,0.003839
Test04_OK_dchg,방전,OK,411,0,0,1.241139
Test04_OK_dchg,방전,OK,412,0,0,1.297059
Test04_OK_dchg,방전,OK,413,0,0,1.241244
Test04_OK_dchg,방전,OK,414,0,0,1.29588
Test04_OK_dchg,방전,OK,415,0,0,0.003228
Test04_OK_dchg,방전,OK,416,0,0,0.004175
Test04_OK_dchg,방전,OK,417,0,0,0.009125
Test04_OK_dchg,방전,OK,418,0,0,0.009646
Test04_OK_dchg,방전,OK,419,0,0,0.01116
Test04_OK_dchg,방전,OK,420,0,0,0.015735
Test04_OK_dchg,방전,OK,421,0,0,0.023904
Test04_OK_dchg,방전,OK,422,0,0,0.034228
Test04_OK_dchg,방전,OK,423,0,0,0.048414
Test04_OK_dchg,방전,OK,424,0,0,0.070799
Test04_OK_dchg,방전,OK,425,0,0,0.09242
Test04_OK_dchg,방전,OK,426,0,0,0.125855
Test04_OK_dchg,방전,OK,427,0,0,0.166147
Test04_OK_dchg,방전,OK,428,0,0,0.211176
Test04_OK_dchg,방전,OK,429,0,0,0.26825
Test04_OK_dchg,방전,OK,430,0,0,0.325406
Test04_OK_dchg,방전,OK,431,0,0,0.406466
Test04_OK_dchg,방전,OK,432,0,0,0.478699
Test04_OK_dchg,방전,OK,433,0,0,0.559247
Test04_OK_dchg,방전,OK,434,0,0,0.642597
Test04_OK_dchg,방전,OK,435,0,0,0.752373
Test04_OK_dchg,방전,OK,436,0,0,0.810421
Test04_OK_dchg,방전,OK,437,0,0,0.918777
Test04_OK_dchg,방전,OK,438,0,0,1.011885
Test04_OK_dchg,방전,OK,439,0,0,1.113998
Test04_OK_dchg,방전,OK,440,0,0,1.18199
Test04_OK_dchg,방전,OK,441,0,0,1.28187
Test04_OK_dchg,방전,OK,442,0,0,1.37038
Test04_OK_dchg,방전,OK,443,0,0,89.846052
Test04_OK_dchg,방전,OK,444,0,0,40.668078
Test04_OK_dchg,방전,OK,445,0,0,1.740833
Test04_OK_dchg,방전,OK,446,0,0,0.965421
Test04_OK_dchg,방전,OK,447,0,0,1.427474
Test04_OK_dchg,방전,OK,448,0,0,0.677544
Test04_OK_dchg,방전,OK,449,0,0,0.859383
Test04_OK_dchg,방전,OK,450,0,0,0.364951
Test04_OK_dchg,방전,OK,451,0,0,0.693005
Test04_OK_dchg,방전,OK,452,0,0,1.188007
Test04_OK_dchg,방전,OK,453,0,0,1.856946
Test04_OK_dchg,방전,OK,454,0,0,0.950972
Test04_OK_dchg,방전,OK,455,0,0,0.676162
Test04_OK_dchg,방전,OK,456,0,0,3.018296
Test04_OK_dchg,방전,OK,457,0,0,1.936038
Test04_OK_dchg,방전,OK,458,0,0,0.978257
Test04_OK_dchg,방전,OK,459,0,0,1.763553
Test04_OK_dchg,방전,OK,460,0,0,1.324773
Test04_OK_dchg,방전,OK,461,0,0,1.082127
Test04_OK_dchg,방전,OK,462,0,0,0.491539
Test04_OK_dchg,방전,OK,463,0,0,4.108506
Test04_OK_dchg,방전,OK,464,0,0,1.719969
Test04_OK_dchg,방전,OK,465,0,0,0.701255
Test04_OK_dchg,방전,OK,466,0,0,2.989598
Test04_OK_dchg,방전,OK,467,0,0,0.557007
Test04_OK_dchg,방전,OK,468,0,0,0.760648
Test04_OK_dchg,방전,OK,469,0,0,0.671489
Test04_OK_dchg,방전,OK,470,0,0,0.165894
Test04_OK_dchg,방전,OK,471,0,0,5.760685
Test04_OK_dchg,방전,OK,472,0,0,0.444966
Test04_OK_dchg,방전,OK,473,0,0,0.291156
Test04_OK_dchg,방전,OK,474,0,0,0.691049
Test04_OK_dchg,방전,OK,475,0,0,0.383991
Test04_OK_dchg,방전,OK,476,0,0,0.455907
Test04_OK_dchg,방전,OK,477,0,0,1.564604
Test04_OK_dchg,방전,OK,478,0,0,1.109417
Test04_OK_dchg,방전,OK,479,0,0,0.681626
Test04_OK_dchg,방전,OK,480,0,0,0.110352
Test04_OK_dchg,방전,OK,481,0,0,0.708417
Test04_OK_dchg,방전,OK,482,0,0,0.09543
Test04_OK_dchg,방전,OK,483,0,0,3.242872
Test04_OK_dchg,방전,OK,484,0,0,0.305432
Test04_OK_dchg,방전,OK,485,0,0,0.259329
Test04_OK_dchg,방전,OK,486,0,0,0.635018
Test04_OK_dchg,방전,OK,487,0,0,1.047284
Test04_OK_dchg,방전,OK,488,0,0,2.070188
Test04_OK_dchg,방전,OK,489,0,0,0.605742
Test04_OK_dchg,방전,OK,490,0,0,0.148314
Test04_OK_dchg,방전,OK,491,0,0,0.327892
Test04_OK_dchg,방전,OK,492,0,0,1.595121
Test04_OK_dchg,방전,OK,493,0,0,1.280775
Test04_OK_dchg,방전,OK,494,0,0,2.833334
Test04_OK_dchg,방전,OK,495,0,0,0.055055
Test04_OK_dchg,방전,OK,496,0,0,3.158661
Test04_OK_dchg,방전,OK,497,0,0,0.711187
Test04_OK_dchg,방전,OK,498,0,0,0.439889
Test04_OK_dchg,방전,OK,499,0,0,0.312819
Test04_OK_dchg,방전,OK,500,0,0,0.743424
Test04_OK_dchg,방전,OK,501,0,0,0.254666
Test04_OK_dchg,방전,OK,502,0,0,2.175632
Test04_OK_dchg,방전,OK,503,0,0,3.138807
Test04_OK_dchg,방전,OK,504,0,0,0.257394
Test04_OK_dchg,방전,OK,505,0,0,1.938079
Test04_OK_dchg,방전,OK,506,0,0,0.085459
Test04_OK_dchg,방전,OK,507,0,0,0.188624
Test04_OK_dchg,방전,OK,508,0,0,0.501422
Test04_OK_dchg,방전,OK,509,0,0,1.95709
Test04_OK_dchg,방전,OK,510,0,0,3.05718
Test04_OK_dchg,방전,OK,511,0,0,4.377633
Test04_OK_dchg,방전,OK,512,0,0,1.187447
Test04_OK_dchg,방전,OK,513,0,0,0.488541
Test04_OK_dchg,방전,OK,514,0,0,0.292094
Test04_OK_dchg,방전,OK,515,0,0,3.786721
Test04_OK_dchg,방전,OK,516,0,0,0.926573
Test04_OK_dchg,방전,OK,517,0,0,0.553109
Test04_OK_dchg,방전,OK,518,0,0,0.547534
Test04_OK_dchg,방전,OK,519,0,0,1.333756
Test04_OK_dchg,방전,OK,520,0,0,3.558412
Test04_OK_dchg,방전,OK,521,0,0,1.690758
Test04_OK_dchg,방전,OK,522,0,0,1.500966
Test04_OK_dchg,방전,OK,523,0,0,0.282342
Test04_OK_dchg,방전,OK,524,0,0,0.359191
Test04_OK_dchg,방전,OK,525,0,0,0.574825
Test04_OK_dchg,방전,OK,526,0,0,1.706391
Test04_OK_dchg,방전,OK,527,0,0,0.150067
Test04_OK_dchg,방전,OK,528,0,0,0.224168
Test04_OK_dchg,방전,OK,529,0,0,0.493237
Test04_OK_dchg,방전,OK,530,0,0,0.551773
Test04_OK_dchg,방전,OK,531,0,0,0.18216
Test04_OK_dchg,방전,OK,532,0,0,0.727149
Test04_OK_dchg,방전,OK,533,0,0,2.724337
Test04_OK_dchg,방전,OK,534,0,0,4.686968
Test04_OK_dchg,방전,OK,535,0,0,0.959752
Test04_OK_dchg,방전,OK,536,0,0,0.084224
Test04_OK_dchg,방전,OK,537,0,0,0.890194
Test04_OK_dchg,방전,OK,538,0,0,1.250754
Test04_OK_dchg,방전,OK,539,0,0,2.105694
Test04_OK_dchg,방전,OK,540,0,0,0.653993
Test04_OK_dchg,방전,OK,541,0,0,0.212993
Test04_OK_dchg,방전,OK,542,0,0,0.723849
Test04_OK_dchg,방전,OK,543,0,0,1.040785
Test04_OK_dchg,방전,OK,544,0,0,3.353437
Test04_OK_dchg,방전,OK,545,0,0,2.748503
Test04_OK_dchg,방전,OK,546,0,0,1.477684
Test04_OK_dchg,방전,OK,547,0,0,0.610148
Test04_OK_dchg,방전,OK,548,0,0,0.700034
Test04_OK_dchg,방전,OK,549,0,0,0.137305
Test04_OK_dchg,방전,OK,550,0,0,2.567625
Test04_OK_dchg,방전,OK,551,0,0,0.614604
Test04_OK_dchg,방전,OK,552,0,0,0.207894
Test04_OK_dchg,방전,OK,553,0,0,0.409128
Test04_OK_dchg,방전,OK,554,0,0,0.743842
Test04_OK_dchg,방전,OK,555,0,0,0.473248
Test04_OK_dchg,방전,OK,556,0,0,5.173972
Test04_OK_dchg,방전,OK,557,0,0,0.151092
Test04_OK_dchg,방전,OK,558,0,0,2.254958
Test04_OK_dchg,방전,OK,559,0,0,1.020743
Test04_OK_dchg,방전,OK,560,0,0,1.084039
Test04_OK_dchg,방전,OK,561,0,0,0.122462
Test04_OK_dchg,방전,OK,562,0,0,0.235926
Test04_OK_dchg,방전,OK,563,0,0,1.578752
Test04_OK_dchg,방전,OK,564,0,0,0.848767
Test04_OK_dchg,방전,OK,565,0,0,0.80713
Test04_OK_dchg,방전,OK,566,0,0,0.216088
Test04_OK_dchg,방전,OK,567,0,0,1.510491
Test04_OK_dchg,방전,OK,568,0,0,1.093575
Test04_OK_dchg,방전,OK,569,0,0,0.519568
Test04_OK_dchg,방전,OK,570,0,0,0.707995
Test04_OK_dchg,방전,OK,571,0,0,0.265547
Test04_OK_dchg,방전,OK,572,0,0,0.658015
Test04_OK_dchg,방전,OK,573,0,0,1.443565
Test04_OK_dchg,방전,OK,574,0,0,1.221163
Test04_OK_dchg,방전,OK,575,0,0,2.128727
Test04_OK_dchg,방전,OK,576,0,0,0.210613
Test04_OK_dchg,방전,OK,577,0,0,0.562565
Test04_OK_dchg,방전,OK,578,0,0,0.22757
Test04_OK_dchg,방전,OK,579,0,0,2.24712
Test04_OK_dchg,방전,OK,580,0,0,0.377578
Test04_OK_dchg,방전,OK,581,0,0,0.346055
Test04_OK_dchg,방전,OK,582,0,0,1.416399
Test04_OK_dchg,방전,OK,583,0,0,3.505319
Test04_OK_dchg,방전,OK,584,0,0,1.259214
Test04_OK_dchg,방전,OK,585,0,0,1.878574
Test04_OK_dchg,방전,OK,586,0,0,4.219478
Test04_OK_dchg,방전,OK,587,0,0,0.341429
Test04_OK_dchg,방전,OK,588,0,0,0.982638
Test04_OK_dchg,방전,OK,589,0,0,0.258679
Test04_OK_dchg,방전,OK,590,0,0,1.46555
Test04_OK_dchg,방전,OK,591,0,0,3.522021
Test04_OK_dchg,방전,OK,592,0,0,1.60075
Test04_OK_dchg,방전,OK,593,0,0,1.984646
Test04_OK_dchg,방전,OK,594,0,0,1.05462
Test04_OK_dchg,방전,OK,595,0,0,0.932405
Test04_OK_dchg,방전,OK,596,0,0,5.045447
Test04_OK_dchg,방전,OK,597,0,0,1.237021
Test04_OK_dchg,방전,OK,598,0,0,1.34635
Test04_OK_dchg,방전,OK,599,0,0,0.767966
Test04_OK_dchg,방전,OK,600,0,0,0.793253
Test04_OK_dchg,방전,OK,601,0,0,4.171739
Test04_OK_dchg,방전,OK,602,0,0,1.676005
Test04_OK_dchg,방전,OK,603,0,0,3.99647
Test04_OK_dchg,방전,OK,604,0,0,0.605952
Test04_OK_dchg,방전,OK,605,0,0,1.098481
Test04_OK_dchg,방전,OK,606,0,0,1.135076
Test04_OK_dchg,방전,OK,607,0,0,0.527493
Test04_OK_dchg,방전,OK,608,0,0,2.926827
Test04_OK_dchg,방전,OK,609,0,0,0.615283
Test04_OK_dchg,방전,OK,610,0,0,0.656135
Test04_OK_dchg,방전,OK,611,0,0,1.024492
Test04_OK_dchg,방전,OK,612,0,0,0.586207
Test04_OK_dchg,방전,OK,613,0,0,2.031839
Test04_OK_dchg,방전,OK,614,0,0,1.738541
Test04_OK_dchg,방전,OK,615,0,0,1.489373
Test04_OK_dchg,방전,OK,616,0,0,0.55454
Test04_OK_dchg,방전,OK,617,0,0,1.962694
Test04_OK_dchg,방전,OK,618,0,0,1.640874
Test04_OK_dchg,방전,OK,619,0,0,0.28282
Test04_OK_dchg,방전,OK,620,0,0,1.311894
Test04_OK_dchg,방전,OK,621,0,0,0.320382
Test04_OK_dchg,방전,OK,622,0,0,1.49987
Test04_OK_dchg,방전,OK,623,0,0,0.160272
Test04_OK_dchg,방전,OK,624,0,0,1.791691
Test04_OK_dchg,방전,OK,625,0,0,0.631702
Test04_OK_dchg,방전,OK,626,0,0,2.630137
Test04_OK_dchg,방전,OK,627,0,0,0.599841
Test04_OK_dchg,방전,OK,628,0,0,1.935285
Test04_OK_dchg,방전,OK,629,0,0,2.602086
Test04_OK_dchg,방전,OK,630,0,0,0.284194
Test04_OK_dchg,방전,OK,631,0,0,1.455296
Test04_OK_dchg,방전,OK,632,0,0,0.954186
Test04_OK_dchg,방전,OK,633,0,0,0.394133
Test04_OK_dchg,방전,OK,634,0,0,0.434286
Test04_OK_dchg,방전,OK,635,0,0,1.314861
Test04_OK_dchg,방전,OK,636,0,0,3.088073
Test04_OK_dchg,방전,OK,637,0,0,1.412553
Test04_OK_dchg,방전,OK,638,0,0,0.566376
Test04_OK_dchg,방전,OK,639,0,0,0.13124
Test04_OK_dchg,방전,OK,640,0,0,0.208689
Test04_OK_dchg,방전,OK,641,0,0,0.971924
Test04_OK_dchg,방전,OK,642,0,0,1.606043
Test04_OK_dchg,방전,OK,643,0,0,2.064491
Test04_OK_dchg,방전,OK,644,0,0,0.259818
Test04_OK_dchg,방전,OK,645,0,0,0.406533
Test04_OK_dchg,방전,OK,646,0,0,0.597218
Test04_OK_dchg,방전,OK,647,0,0,0.919307
Test04_OK_dchg,방전,OK,648,0,0,1.130432
Test04_OK_dchg,방전,OK,649,0,0,2.022834
Test04_OK_dchg,방전,OK,650,0,0,0.906114
Test04_OK_dchg,방전,OK,651,0,0,1.457662
Test04_OK_dchg,방전,OK,652,0,0,1.512579
Test04_OK_dchg,방전,OK,653,0,0,0.687798
Test04_OK_dchg,방전,OK,654,0,0,1.237989
Test04_OK_dchg,방전,OK,655,0,0,2.137034
Test04_OK_dchg,방전,OK,656,0,0,1.662658
Test04_OK_dchg,방전,OK,657,0,0,1.872529
Test04_OK_dchg,방전,OK,658,0,0,0.644777
Test04_OK_dchg,방전,OK,659,0,0,0.755614
Test04_OK_dchg,방전,OK,660,0,0,1.765872
Test04_OK_dchg,방전,OK,661,0,0,0.676052
Test04_OK_dchg,방전,OK,662,0,0,0.495023
Test04_OK_dchg,방전,OK,663,0,0,0.424601
Test04_OK_dchg,방전,OK,664,0,0,0.426232
Test04_OK_dchg,방전,OK,665,0,0,0.410356
Test04_OK_dchg,방전,OK,666,0,0,4.801663
Test04_OK_dchg,방전,OK,667,0,0,1.143351
Test04_OK_dchg,방전,OK,668,0,0,0.65786
Test04_OK_dchg,방전,OK,669,0,0,0.684268
Test04_OK_dchg,방전,OK,670,0,0,0.51719
Test04_OK_dchg,방전,OK,671,0,0,0.707427
Test04_OK_dchg,방전,OK,672,0,0,0.596469
Test04_OK_dchg,방전,OK,673,0,0,0.221234
Test04_OK_dchg,방전,OK,674,0,0,3.332967
Test04_OK_dchg,방전,OK,675,0,0,1.803995
Test04_OK_dchg,방전,OK,676,0,0,1.41844
Test04_OK_dchg,방전,OK,677,0,0,1.260978
Test04_OK_dchg,방전,OK,678,0,0,0.703073
Test04_OK_dchg,방전,OK,679,0,0,1.490544
Test04_OK_dchg,방전,OK,680,0,0,0.180072
Test04_OK_dchg,방전,OK,681,0,0,0.784791
Test04_OK_dchg,방전,OK,682,0,0,2.003129
Test04_OK_dchg,방전,OK,683,0,0,0.173437
Test04_OK_dchg,방전,OK,684,0,0,0.501557
Test04_OK_dchg,방전,OK,685,0,0,0.596149
Test04_OK_dchg,방전,OK,686,0,0,1.86595
Test04_OK_dchg,방전,OK,687,0,0,0.223817
Test04_OK_dchg,방전,OK,688,0,0,2.280576
Test04_OK_dchg,방전,OK,689,0,0,0.123803
Test04_OK_dchg,방전,OK,690,0,0,0.437661
Test04_OK_dchg,방전,OK,691,0,0,1.808987
Test04_OK_dchg,방전,OK,692,0,0,1.602149
Test04_OK_dchg,방전,OK,693,0,0,0.174187
Test04_OK_dchg,방전,OK,694,0,0,1.354464
Test04_OK_dchg,방전,OK,695,0,0,0.89008
Test04_OK_dchg,방전,OK,696,0,0,0.163038
Test04_OK_dchg,방전,OK,697,0,0,0.304871
Test04_OK_dchg,방전,OK,698,0,0,1.347707
Test04_OK_dchg,방전,OK,699,0,0,1.567122
Test04_OK_dchg,방전,OK,700,0,0,0.653055
Test04_OK_dchg,방전,OK,701,0,0,0.430261
Test04_OK_dchg,방전,OK,702,0,0,0.125599
Test04_OK_dchg,방전,OK,703,0,0,0.128639
Test04_OK_dchg,방전,OK,704,0,0,1.264979
Test04_OK_dchg,방전,OK,705,0,0,0.371597
Test04_OK_dchg,방전,OK,706,0,0,2.834707
Test04_OK_dchg,방전,OK,707,0,0,2.437839
Test04_OK_dchg,방전,OK,708,0,0,0.392829
Test04_OK_dchg,방전,OK,709,0,0,0.724613
Test04_OK_dchg,방전,OK,710,0,0,0.299345
Test04_OK_dchg,방전,OK,711,0,0,0.348889
Test04_OK_dchg,방전,OK,712,0,0,1.963096
Test04_OK_dchg,방전,OK,713,0,0,1.944335
Test04_OK_dchg,방전,OK,714,0,0,1.207841
Test04_OK_dchg,방전,OK,715,0,0,0.762558
Test04_OK_dchg,방전,OK,716,0,0,1.598638
Test04_OK_dchg,방전,OK,717,0,0,1.393888
Test04_OK_dchg,방전,OK,718,0,0,1.425577
Test04_OK_dchg,방전,OK,719,0,0,2.22664
Test04_OK_dchg,방전,OK,720,0,0,0.670119
Test04_OK_dchg,방전,OK,721,0,0,2.802524
Test04_OK_dchg,방전,OK,722,0,0,0.678612
Test04_OK_dchg,방전,OK,723,0,0,0.569845
Test04_OK_dchg,방전,OK,724,0,0,0.931393
Test04_OK_dchg,방전,OK,725,0,0,1.313557
Test04_OK_dchg,방전,OK,726,0,0,0.904044
Test04_OK_dchg,방전,OK,727,0,0,1.347453
Test04_OK_dchg,방전,OK,728,0,1,377.510754
Test04_OK_dchg,방전,OK,729,0,1,30.834257
Test04_OK_dchg,방전,OK,730,0,1,13.414651
Test04_OK_dchg,방전,OK,731,0,1,12.208127
Test04_OK_dchg,방전,OK,732,0,1,10.077714
Test04_OK_dchg,방전,OK,733,0,1,11.555246
Test04_OK_dchg,방전,OK,734,0,1,8.843656
Test04_OK_dchg,방전,OK,735,0,1,8.553637
Test04_OK_dchg,방전,OK,736,0,1,5.064285
Test04_OK_dchg,방전,OK,737,0,1,3.871196
Test04_OK_dchg,방전,OK,738,0,0,0.412312
Test04_OK_dchg,방전,OK,739,0,0,0.332897
Test04_OK_dchg,방전,OK,740,0,0,0.408546
Test04_OK_dchg,방전,OK,741,0,0,0.336255
Test04_OK_dchg,방전,OK,742,0,0,0.237517
Test04_OK_dchg,방전,OK,743,0,0,0.274127
Test04_OK_dchg,방전,OK,744,0,0,0.229174
Test04_OK_dchg,방전,OK,745,0,0,0.295735
Test04_OK_dchg,방전,OK,746,0,0,0.48202
Test04_OK_dchg,방전,OK,747,0,0,0.152958
Test04_OK_dchg,방전,OK,748,0,0,0.243909
Test04_OK_dchg,방전,OK,749,0,0,0.423935
Test04_OK_dchg,방전,OK,750,0,0,0.291132
Test04_OK_dchg,방전,OK,751,0,0,0.098199
Test04_OK_dchg,방전,OK,752,0,0,0.251855
Test04_OK_dchg,방전,OK,753,0,0,0.244095
Test04_OK_dchg,방전,OK,754,0,0,0.190093
Test04_OK_dchg,방전,OK,755,0,0,0.084853
Test04_OK_dchg,방전,OK,756,0,0,0.107606
Test04_OK_dchg,방전,OK,757,0,0,0.174495
Test04_OK_dchg,방전,OK,758,0,0,0.083682
Test04_OK_dchg,방전,OK,759,0,0,0.18239
Test04_OK_dchg,방전,OK,760,0,0,0.103264
Test04_OK_dchg,방전,OK,761,0,0,0.050907
Test04_OK_dchg,방전,OK,762,0,0,0.07401
Test04_OK_dchg,방전,OK,763,0,0,0.11098
Test04_OK_dchg,방전,OK,764,0,0,0.492256
Test04_OK_dchg,방전,OK,765,0,0,0.167791
Test04_OK_dchg,방전,OK,766,0,0,0.110716
Test04_OK_dchg,방전,OK,767,0,0,0.098338
Test04_OK_dchg,방전,OK,768,0,0,0.080076
Test04_OK_dchg,방전,OK,769,0,0,0.0662
Test04_OK_dchg,방전,OK,770,0,0,0.090955
Test04_OK_dchg,방전,OK,771,0,0,0.171497
Test04_OK_dchg,방전,OK,772,0,0,0.441547
Test04_OK_dchg,방전,OK,773,0,0,0.1562
Test04_OK_dchg,방전,OK,774,0,0,0.099855
Test04_OK_dchg,방전,OK,775,0,0,0.077028
Test04_OK_dchg,방전,OK,776,0,0,0.081289
Test04_OK_dchg,방전,OK,777,0,0,0.050335
Test04_OK_dchg,방전,OK,778,0,0,0.082244
Test04_OK_dchg,방전,OK,779,0,0,0.08773
Test04_OK_dchg,방전,OK,780,0,0,0.143293
Test04_OK_dchg,방전,OK,781,0,0,0.119218
Test04_OK_dchg,방전,OK,782,0,0,0.155993
Test04_OK_dchg,방전,OK,783,0,0,0.23371
Test04_OK_dchg,방전,OK,784,0,0,0.381463
Test04_OK_dchg,방전,OK,785,0,0,0.161689
Test04_OK_dchg,방전,OK,786,0,0,0.12909
Test04_OK_dchg,방전,OK,787,0,0,0.110857
Test04_OK_dchg,방전,OK,788,0,0,0.113718
Test04_OK_dchg,방전,OK,789,0,0,0.084283
Test04_OK_dchg,방전,OK,790,0,0,0.035094
Test04_OK_dchg,방전,OK,791,0,0,0.022854
Test04_OK_dchg,방전,OK,792,0,0,0.013353
Test04_OK_dchg,방전,OK,793,0,0,0.00879
Test04_OK_dchg,방전,OK,794,0,0,0.196064
Test04_OK_dchg,방전,OK,795,0,0,0.201765
Test04_OK_dchg,방전,OK,796,0,0,0.169132
Test04_OK_dchg,방전,OK,797,0,0,0.186688
Test04_OK_dchg,방전,OK,798,0,0,0.206021
Test04_OK_dchg,방전,OK,799,0,0,0.53866
Test04_OK_dchg,방전,OK,800,0,0,0.3974
Test04_OK_dchg,방전,OK,801,0,0,0.361539
Test04_OK_dchg,방전,OK,802,0,0,0.288522
Test04_OK_dchg,방전,OK,803,0,0,0.124037
Test04_OK_dchg,방전,OK,804,0,0,0.091446
Test04_OK_dchg,방전,OK,805,0,0,0.051671
Test04_OK_dchg,방전,OK,806,0,0,0.032327
Test04_OK_dchg,방전,OK,807,0,0,0.023564
Test04_OK_dchg,방전,OK,808,0,0,0.032275
Test04_OK_dchg,방전,OK,809,0,0,0.016625
Test04_OK_dchg,방전,OK,810,0,0,0.011274
Test04_OK_dchg,방전,OK,811,0,0,0.01147
Test04_OK_dchg,방전,OK,812,0,0,1.273647
Test04_OK_dchg,방전,OK,813,0,0,1.296221
Test04_OK_dchg,방전,OK,814,0,0,0.02408
Test04_OK_dchg,방전,OK,815,0,0,0.023005
Test04_OK_dchg,방전,OK,816,0,0,0.186488
Test04_OK_dchg,방전,OK,817,0,0,0.015301
Test04_OK_dchg,방전,OK,818,0,0,0.174705
Test04_OK_dchg,방전,OK,819,0,0,1.441393
Test04_OK_dchg,방전,OK,820,0,0,1.4247
Test04_OK_dchg,방전,OK,821,0,0,0.160145
Test04_OK_dchg,방전,OK,822,0,0,0.143271
Test04_OK_dchg,방전,OK,823,0,0,0.213643
Test04_OK_dchg,방전,OK,824,0,0,0.525841
Test04_OK_dchg,방전,OK,825,0,0,0.46495
Test04_OK_dchg,방전,OK,826,0,0,0.425313
Test04_OK_dchg,방전,OK,827,0,0,0.29832
Test04_OK_dchg,방전,OK,828,0,0,0.295465
Test04_OK_dchg,방전,OK,829,0,0,0.106722
Test04_OK_dchg,방전,OK,830,0,0,0.109703
Test04_OK_dchg,방전,OK,831,0,0,0.059638
Test04_OK_dchg,방전,OK,832,0,0,1.297116
Test04_OK_dchg,방전,OK,833,0,0,1.300073
Test04_OK_dchg,방전,OK,834,0,0,1.270146
Test04_OK_dchg,방전,OK,835,0,0,1.287922
Test04_OK_dchg,방전,OK,836,0,0,0.014638
Test04_OK_dchg,방전,OK,837,0,0,0.015834
Test04_OK_dchg,방전,OK,838,0,0,0.021936
Test04_OK_dchg,방전,OK,839,0,0,0.022962
Test04_OK_dchg,방전,OK,840,0,0,1.281282
Test04_OK_dchg,방전,OK,841,0,0,1.305491
Test04_OK_dchg,방전,OK,842,0,0,1.294693
Test04_OK_dchg,방전,OK,843,0,0,1.33388
Test04_OK_dchg,방전,OK,844,0,0,0.071757
Test04_OK_dchg,방전,OK,845,0,0,0.059568
Test04_OK_dchg,방전,OK,846,0,0,0.071178
Test04_OK_dchg,방전,OK,847,0,0,0.100825
Test04_OK_dchg,방전,OK,848,0,0,0.160527
Test04_OK_dchg,방전,OK,849,0,0,1.432354
Test04_OK_dchg,방전,OK,850,0,0,1.826817
Test04_OK_dchg,방전,OK,851,0,0,1.487713
Test04_OK_dchg,방전,OK,852,0,0,1.485109
Test04_OK_dchg,방전,OK,853,0,0,0.391213
Test04_OK_dchg,방전,OK,854,0,0,1.627605
Test04_OK_dchg,방전,OK,855,0,0,1.570553
Test04_OK_dchg,방전,OK,856,0,0,0.276457
Test04_OK_dchg,방전,OK,857,0,0,1.492082
Test04_OK_dchg,방전,OK,858,0,0,0.218869
Test04_OK_dchg,방전,OK,859,0,0,1.547377
Test04_OK_dchg,방전,OK,860,0,0,1.43938
Test04_OK_dchg,방전,OK,861,0,0,1.380223
Test04_OK_dchg,방전,OK,862,0,0,0.100983
Test04_OK_dchg,방전,OK,863,0,0,1.382852
Test04_OK_dchg,방전,OK,864,0,0,1.437462
Test04_OK_dchg,방전,OK,865,0,0,0.137546
Test04_OK_dchg,방전,OK,866,0,0,1.389135
Test04_OK_dchg,방전,OK,867,0,0,1.413586
Test04_OK_dchg,방전,OK,868,0,0,0.104938
Test04_OK_dchg,방전,OK,869,0,0,0.097095
Test04_OK_dchg,방전,OK,870,0,0,1.341477
Test04_OK_dchg,방전,OK,871,0,0,1.344109
Test04_OK_dchg,방전,OK,872,0,0,0.069887
Test04_OK_dchg,방전,OK,873,0,0,0.073378
Test04_OK_dchg,방전,OK,874,0,0,0.068636
Test04_OK_dchg,방전,OK,875,0,0,0.06916
Test04_OK_dchg,방전,OK,876,0,0,0.06688
Test04_OK_dchg,방전,OK,877,0,0,0.063959
Test04_OK_dchg,방전,OK,878,0,0,0.060374
Test04_OK_dchg,방전,OK,879,0,0,0.058247
Test04_OK_dchg,방전,OK,880,0,0,0.062807
Test04_OK_dchg,방전,OK,881,0,0,0.057539
Test04_OK_dchg,방전,OK,882,0,0,0.044971
Test04_OK_dchg,방전,OK,883,0,0,0.060193
Test04_OK_dchg,방전,OK,884,0,0,0.069847
Test04_OK_dchg,방전,OK,885,0,0,0.06242
Test04_OK_dchg,방전,OK,886,0,0,0.038976
Test04_OK_dchg,방전,OK,887,0,0,0.056038
Test04_OK_dchg,방전,OK,888,0,0,0.053424
Test04_OK_dchg,방전,OK,889,0,0,0.057621
Test04_OK_dchg,방전,OK,890,0,0,0.049255
Test04_OK_dchg,방전,OK,891,0,0,0.101712
Test04_OK_dchg,방전,OK,892,0,0,0.086248
Test04_OK_dchg,방전,OK,893,0,0,1.779781
Test04_OK_dchg,방전,OK,894,0,0,1.395074
Test04_OK_dchg,방전,OK,895,0,0,0.502343
Test04_OK_dchg,방전,OK,896,0,0,0.153081
Test04_OK_dchg,방전,OK,897,0,0,0.195773
Test04_OK_dchg,방전,OK,898,0,0,0.286889
Test04_OK_dchg,방전,OK,899,0,0,0.335015
Test04_OK_dchg,방전,OK,900,0,0,0.270401
Test04_OK_dchg,방전,OK,901,0,0,0.228048
Test04_OK_dchg,방전,OK,902,0,0,0.238639
Test04_OK_dchg,방전,OK,903,0,0,0.193958
Test04_OK_dchg,방전,OK,904,0,0,0.405485
Test04_OK_dchg,방전,OK,905,0,0,0.163452
Test04_OK_dchg,방전,OK,906,0,0,0.148619
Test04_OK_dchg,방전,OK,907,0,0,0.085919
Test04_OK_dchg,방전,OK,908,0,0,0.066893
Test04_OK_dchg,방전,OK,909,0,0,0.073725
Test04_OK_dchg,방전,OK,910,0,0,0.129492
Test04_OK_dchg,방전,OK,911,0,0,0.056649
Test04_OK_dchg,방전,OK,912,0,0,0.064769
Test04_OK_dchg,방전,OK,913,0,0,0.064522
Test04_OK_dchg,방전,OK,914,0,0,0.054216
Test04_OK_dchg,방전,OK,915,0,0,0.038997
Test04_OK_dchg,방전,OK,916,0,0,0.04514
Test04_OK_dchg,방전,OK,917,0,0,0.049974
Test04_OK_dchg,방전,OK,918,0,0,0.053209
Test04_OK_dchg,방전,OK,919,0,0,0.051686
Test04_OK_dchg,방전,OK,920,0,0,0.053322
Test04_OK_dchg,방전,OK,921,0,0,0.067612
Test04_OK_dchg,방전,OK,922,0,0,0.079861
Test04_OK_dchg,방전,OK,923,0,0,0.079108
Test04_OK_dchg,방전,OK,924,0,0,0.079526
Test04_OK_dchg,방전,OK,925,0,0,0.077374
Test04_OK_dchg,방전,OK,926,0,0,0.074952
Test04_OK_dchg,방전,OK,927,0,0,0.072213
Test04_OK_dchg,방전,OK,928,0,0,0.069372
Test04_OK_dchg,방전,OK,929,0,0,0.064843
Test04_OK_dchg,방전,OK,930,0,0,0.061389
Test04_OK_dchg,방전,OK,931,0,0,0.055192
Test04_OK_dchg,방전,OK,932,0,0,0.052265
Test04_OK_dchg,방전,OK,933,0,0,0.051097
Test04_OK_dchg,방전,OK,934,0,0,0.044356
Test04_OK_dchg,방전,OK,935,0,0,0.040182
Test04_OK_dchg,방전,OK,936,0,0,0.040566
Test04_OK_dchg,방전,OK,937,0,0,0.031483
Test04_OK_dchg,방전,OK,938,0,0,0.029924
Test04_OK_dchg,방전,OK,939,0,0,0.025755
Test04_OK_dchg,방전,OK,940,0,0,0.027111
Test04_OK_dchg,방전,OK,941,0,0,0.017999
Test04_OK_dchg,방전,OK,942,0,0,0.021112
Test04_OK_dchg,방전,OK,943,0,0,0.017884
Test04_OK_dchg,방전,OK,944,0,0,0.028217
Test04_OK_dchg,방전,OK,945,0,0,0.014841
Test04_OK_dchg,방전,OK,946,0,0,0.010234
Test04_OK_dchg,방전,OK,947,0,0,0.021573
Test04_OK_dchg,방전,OK,948,0,0,0.013867
Test04_OK_dchg,방전,OK,949,0,0,0.022479
Test04_OK_dchg,방전,OK,950,0,0,0.020022
Test04_OK_dchg,방전,OK,951,0,0,0.030035
Test04_OK_dchg,방전,OK,952,0,0,0.033326
Test04_OK_dchg,방전,OK,953,0,0,0.041608
Test04_OK_dchg,방전,OK,954,0,0,0.681476
Test04_OK_dchg,방전,OK,955,0,0,0.062457
Test04_OK_dchg,방전,OK,956,0,0,0.070867
Test04_OK_dchg,방전,OK,957,0,0,0.089361
Test04_OK_dchg,방전,OK,958,0,0,0.291179
Test04_OK_dchg,방전,OK,959,0,0,0.280649
Test04_OK_dchg,방전,OK,960,0,0,0.104062
Test04_OK_dchg,방전,OK,961,0,0,0.126848
Test04_OK_dchg,방전,OK,962,0,0,0.144563
Test04_OK_dchg,방전,OK,963,0,0,0.454115
Test04_OK_dchg,방전,OK,964,0,0,0.191591
Test04_OK_dchg,방전,OK,965,0,0,0.429226
Test04_OK_dchg,방전,OK,966,0,0,0.203963
Test04_OK_dchg,방전,OK,967,0,0,0.169754
Test04_OK_dchg,방전,OK,968,0,0,0.287473
Test04_OK_dchg,방전,OK,969,0,0,0.162662
Test04_OK_dchg,방전,OK,970,0,0,0.18773
Test04_OK_dchg,방전,OK,971,0,0,0.149327
Test04_OK_dchg,방전,OK,972,0,0,0.123989
Test04_OK_dchg,방전,OK,973,0,0,0.110191
Test04_OK_dchg,방전,OK,974,0,0,0.119875
Test04_OK_dchg,방전,OK,975,0,0,0.120638
Test04_OK_dchg,방전,OK,976,0,0,0.084227
Test04_OK_dchg,방전,OK,977,0,0,0.092511
Test04_OK_dchg,방전,OK,978,0,0,0.062621
Test04_OK_dchg,방전,OK,979,0,0,0.046433
Test04_OK_dchg,방전,OK,980,0,0,0.02978
Test04_OK_dchg,방전,OK,981,0,0,0.029342
Test04_OK_dchg,방전,OK,982,0,0,0.020789
Test04_OK_dchg,방전,OK,983,0,0,0.020136
Test04_OK_dchg,방전,OK,984,0,0,0.209132
Test04_OK_dchg,방전,OK,985,0,0,0.020386
Test04_OK_dchg,방전,OK,986,0,0,0.174825
Test04_OK_dchg,방전,OK,987,0,0,0.027017
Test04_OK_dchg,방전,OK,988,0,0,0.028556
Test04_OK_dchg,방전,OK,989,0,0,0.031242
Test04_OK_dchg,방전,OK,990,0,0,0.032836
Test04_OK_dchg,방전,OK,991,0,0,0.036531
Test04_OK_dchg,방전,OK,992,0,0,0.037811
Test04_OK_dchg,방전,OK,993,0,0,0.100081
Test04_OK_dchg,방전,OK,994,0,0,0.089391
Test04_OK_dchg,방전,OK,995,0,0,0.045661
Test04_OK_dchg,방전,OK,996,0,0,0.082324
Test04_OK_dchg,방전,OK,997,0,0,0.052073
Test04_OK_dchg,방전,OK,998,0,0,0.059693
Test04_OK_dchg,방전,OK,999,0,0,0.069578
Test04_OK_dchg,방전,OK,1000,0,0,0.066235
Test04_OK_dchg,방전,OK,1001,0,0,0.063395
Test04_OK_dchg,방전,OK,1002,0,0,0.059323
Test04_OK_dchg,방전,OK,1003,0,0,0.059963
Test04_OK_dchg,방전,OK,1004,0,0,0.053325
Test04_OK_dchg,방전,OK,1005,0,0,1.337137
Test04_OK_dchg,방전,OK,1006,0,0,1.290958
Test04_OK_dchg,방전,OK,1007,0,0,0.043439
Test04_OK_dchg,방전,OK,1008,0,0,0.042371
Test04_OK_dchg,방전,OK,1009,0,0,1.328232
Test04_OK_dchg,방전,OK,1010,0,0,0.039046
Test04_OK_dchg,방전,OK,1011,0,0,0.033873
Test04_OK_dchg,방전,OK,1012,0,0,0.030622
Test04_OK_dchg,방전,OK,1013,0,0,0.029779
Test04_OK_dchg,방전,OK,1014,0,0,1.279722
Test04_OK_dchg,방전,OK,1015,0,0,1.305568
Test04_OK_dchg,방전,OK,1016,0,0,0.025333
Test04_OK_dchg,방전,OK,1017,0,0,0.025162
Test04_OK_dchg,방전,OK,1018,0,0,0.030754
Test04_OK_dchg,방전,OK,1019,0,0,0.018552
Test04_OK_dchg,방전,OK,1020,0,0,0.022879
Test04_OK_dchg,방전,OK,1021,0,0,0.016771
Test04_OK_dchg,방전,OK,1022,0,0,0.018506
Test04_OK_dchg,방전,OK,1023,0,0,0.020579
Test04_OK_dchg,방전,OK,1024,0,0,0.013953
Test04_OK_dchg,방전,OK,1025,0,0,0.015009
Test04_OK_dchg,방전,OK,1026,0,0,0.016152
Test04_OK_dchg,방전,OK,1027,0,0,0.012608
Test04_OK_dchg,방전,OK,1028,0,0,0.01096
Test04_OK_dchg,방전,OK,1029,0,0,0.011003
Test04_OK_dchg,방전,OK,1030,0,0,0.008816
Test04_OK_dchg,방전,OK,1031,0,0,0.00838
Test04_OK_dchg,방전,OK,1032,0,0,0.010785
Test04_OK_dchg,방전,OK,1033,0,0,0.007225
Test04_OK_dchg,방전,OK,1034,0,0,0.009834
Test04_OK_dchg,방전,OK,1035,0,0,0.009043
Test04_OK_dchg,방전,OK,1036,0,0,0.006525
Test04_OK_dchg,방전,OK,1037,0,0,0.00535
Test04_OK_dchg,방전,OK,1038,0,0,0.005993
Test04_OK_dchg,방전,OK,1039,0,0,0.008281
Test04_OK_dchg,방전,OK,1040,0,0,0.015447
Test04_OK_dchg,방전,OK,1041,0,0,0.010336
Test04_OK_dchg,방전,OK,1042,0,0,0.012922
Test04_OK_dchg,방전,OK,1043,0,0,0.017255
Test04_OK_dchg,방전,OK,1044,0,0,0.014745
Test04_OK_dchg,방전,OK,1045,0,0,0.019306
Test04_OK_dchg,방전,OK,1046,0,0,0.025332
Test04_OK_dchg,방전,OK,1047,0,0,0.025492
Test04_OK_dchg,방전,OK,1048,0,0,0.048083
Test04_OK_dchg,방전,OK,1049,0,0,0.552552
Test04_OK_dchg,방전,OK,1050,0,0,0.052753
Test04_OK_dchg,방전,OK,1051,0,0,0.08274
Test04_OK_dchg,방전,OK,1052,0,0,0.111407
Test04_OK_dchg,방전,OK,1053,0,0,0.090307
Test04_OK_dchg,방전,OK,1054,0,0,0.116357
Test04_OK_dchg,방전,OK,1055,0,0,0.39221
Test04_OK_dchg,방전,OK,1056,0,0,0.180093
Test04_OK_dchg,방전,OK,1057,0,0,0.297149
Test04_OK_dchg,방전,OK,1058,0,0,0.253486
Test04_OK_dchg,방전,OK,1059,0,0,0.218546
Test04_OK_dchg,방전,OK,1060,0,0,0.20942
Test04_OK_dchg,방전,OK,1061,0,0,0.237167
Test04_OK_dchg,방전,OK,1062,0,0,0.163183
Test04_OK_dchg,방전,OK,1063,0,0,0.114131
Test04_OK_dchg,방전,OK,1064,0,0,0.076976
Test04_OK_dchg,방전,OK,1065,0,0,0.081851
Test04_OK_dchg,방전,OK,1066,0,0,0.058439
Test04_OK_dchg,방전,OK,1067,0,0,0.080108
Test04_OK_dchg,방전,OK,1068,0,0,0.050803
Test04_OK_dchg,방전,OK,1069,0,0,0.052055
Test04_OK_dchg,방전,OK,1070,0,0,0.039692
Test04_OK_dchg,방전,OK,1071,0,0,0.633376
Test04_OK_dchg,방전,OK,1072,0,0,0.024013
Test04_OK_dchg,방전,OK,1073,0,0,0.02088
Test04_OK_dchg,방전,OK,1074,0,0,0.020647
Test04_OK_dchg,방전,OK,1075,0,0,0.0135
Test04_OK_dchg,방전,OK,1076,0,0,0.012981
Test04_OK_dchg,방전,OK,1077,0,0,0.013029
Test04_OK_dchg,방전,OK,1078,0,0,0.012276
Test04_OK_dchg,방전,OK,1079,0,0,0.007523
Test04_OK_dchg,방전,OK,1080,0,0,0.01208
Test04_OK_dchg,방전,OK,1081,0,0,0.008926
Test04_OK_dchg,방전,OK,1082,0,0,0.005817
Test04_OK_dchg,방전,OK,1083,0,0,0.008979
Test04_OK_dchg,방전,OK,1084,0,0,0.003518
Test04_OK_dchg,방전,OK,1085,0,0,0.004811
Test04_OK_dchg,방전,OK,1086,0,0,0.007372
Test04_OK_dchg,방전,OK,1087,0,0,0.007929
Test04_OK_dchg,방전,OK,1088,0,0,0.0123
Test04_OK_dchg,방전,OK,1089,0,0,0.003656
Test04_OK_dchg,방전,OK,1090,0,0,0.007474
Test04_OK_dchg,방전,OK,1091,0,0,0.009117
Test04_OK_dchg,방전,OK,1092,0,0,0.004445
Test04_OK_dchg,방전,OK,1093,0,0,0.003394
Test04_OK_dchg,방전,OK,1094,0,0,0.003765
Test04_OK_dchg,방전,OK,1095,0,0,0.008009
Test04_OK_dchg,방전,OK,1096,0,0,0.003566
Test04_OK_dchg,방전,OK,1097,0,0,0.003762
Test04_OK_dchg,방전,OK,1098,0,0,0.006205
Test04_OK_dchg,방전,OK,1099,0,0,0.007849
Test04_OK_dchg,방전,OK,1100,0,0,0.005442
Test04_OK_dchg,방전,OK,1101,0,0,0.007983
Test04_OK_dchg,방전,OK,1102,0,0,0.004994
Test04_OK_dchg,방전,OK,1103,0,0,0.005578
Test04_OK_dchg,방전,OK,1104,0,0,0.006699
Test04_OK_dchg,방전,OK,1105,0,0,0.006494
Test04_OK_dchg,방전,OK,1106,0,0,0.007342
Test04_OK_dchg,방전,OK,1107,0,0,0.007406
Test04_OK_dchg,방전,OK,1108,0,0,0.01185
Test04_OK_dchg,방전,OK,1109,0,0,0.010465
Test04_OK_dchg,방전,OK,1110,0,0,0.219354
Test04_OK_dchg,방전,OK,1111,0,0,0.011637
Test04_OK_dchg,방전,OK,1112,0,0,0.012203
Test04_OK_dchg,방전,OK,1113,0,0,0.015755
Test04_OK_dchg,방전,OK,1114,0,0,1.287244
Test04_OK_dchg,방전,OK,1115,0,0,1.274635
Test04_OK_dchg,방전,OK,1116,0,0,0.01854
Test04_OK_dchg,방전,OK,1117,0,0,0.020141
Test04_OK_dchg,방전,OK,1118,0,0,1.393912
Test04_OK_dchg,방전,OK,1119,0,0,0.024992
Test04_OK_dchg,방전,OK,1120,0,0,0.025701
Test04_OK_dchg,방전,OK,1121,0,0,0.027219
Test04_OK_dchg,방전,OK,1122,0,0,0.029571
Test04_OK_dchg,방전,OK,1123,0,0,1.278406
Test04_OK_dchg,방전,OK,1124,0,0,1.318122
Test04_OK_dchg,방전,OK,1125,0,0,0.088358
Test04_OK_dchg,방전,OK,1126,0,0,0.040331
Test04_OK_dchg,방전,OK,1127,0,0,0.083592
Test04_OK_dchg,방전,OK,1128,0,0,0.046233
Test04_OK_dchg,방전,OK,1129,0,0,0.050609
Test04_OK_dchg,방전,OK,1130,0,0,0.06826
Test04_OK_dchg,방전,OK,1131,0,0,0.066609
Test04_OK_dchg,방전,OK,1132,0,0,0.061398
Test04_OK_dchg,방전,OK,1133,0,0,0.05783
Test04_OK_dchg,방전,OK,1134,0,0,0.054371
Test04_OK_dchg,방전,OK,1135,0,0,0.069399
Test04_OK_dchg,방전,OK,1136,0,0,0.047666
Test04_OK_dchg,방전,OK,1137,0,0,0.044958
Test04_OK_dchg,방전,OK,1138,0,0,0.042616
Test04_OK_dchg,방전,OK,1139,0,0,0.040052
Test04_OK_dchg,방전,OK,1140,0,0,0.039184
Test04_OK_dchg,방전,OK,1141,0,0,0.040251
Test04_OK_dchg,방전,OK,1142,0,0,0.033381
Test04_OK_dchg,방전,OK,1143,0,0,0.032607
Test04_OK_dchg,방전,OK,1144,0,0,0.030037
Test04_OK_dchg,방전,OK,1145,0,0,0.030249
Test04_OK_dchg,방전,OK,1146,0,0,0.027683
Test04_OK_dchg,방전,OK,1147,0,0,0.027517
Test04_OK_dchg,방전,OK,1148,0,0,0.025428
Test04_OK_dchg,방전,OK,1149,0,0,0.030734
Test04_OK_dchg,방전,OK,1150,0,0,0.023231
Test04_OK_dchg,방전,OK,1151,0,0,0.022558
Test04_OK_dchg,방전,OK,1152,0,0,0.019015
Test04_OK_dchg,방전,OK,1153,0,0,0.020644
Test04_OK_dchg,방전,OK,1154,0,0,0.023779
Test04_OK_dchg,방전,OK,1155,0,0,0.02429
Test04_OK_dchg,방전,OK,1156,0,0,0.015716
Test04_OK_dchg,방전,OK,1157,0,0,0.014281
Test04_OK_dchg,방전,OK,1158,0,0,0.014907
Test04_OK_dchg,방전,OK,1159,0,0,0.013873
Test04_OK_dchg,방전,OK,1160,0,0,0.012435
Test04_OK_dchg,방전,OK,1161,0,0,0.013948
Test04_OK_dchg,방전,OK,1162,0,0,0.01204
Test04_OK_dchg,방전,OK,1163,0,0,0.012057
Test04_OK_dchg,방전,OK,1164,0,0,0.010725
Test04_OK_dchg,방전,OK,1165,0,0,0.010194
Test04_OK_dchg,방전,OK,1166,0,0,0.013024
Test04_OK_dchg,방전,OK,1167,0,0,0.010418
Test04_OK_dchg,방전,OK,1168,0,0,0.01006
Test04_OK_dchg,방전,OK,1169,0,0,0.010461
Test04_OK_dchg,방전,OK,1170,0,0,0.010114
Test04_OK_dchg,방전,OK,1171,0,0,0.013388
Test04_OK_dchg,방전,OK,1172,0,0,0.009147
Test04_OK_dchg,방전,OK,1173,0,0,0.010302
Test04_OK_dchg,방전,OK,1174,0,0,0.009088
Test04_OK_dchg,방전,OK,1175,0,0,0.009211
Test04_OK_dchg,방전,OK,1176,0,0,0.008698
Test04_OK_dchg,방전,OK,1177,0,0,0.009439
Test04_OK_dchg,방전,OK,1178,0,0,0.015698
Test04_OK_dchg,방전,OK,1179,0,0,0.012888
Test04_OK_dchg,방전,OK,1180,0,0,0.011933
Test04_OK_dchg,방전,OK,1181,0,0,0.011678
Test04_OK_dchg,방전,OK,1182,0,0,0.011148
Test04_OK_dchg,방전,OK,1183,0,0,0.00908
Test04_OK_dchg,방전,OK,1184,0,0,0.010009
Test04_OK_dchg,방전,OK,1185,0,0,0.014348
Test04_OK_dchg,방전,OK,1186,0,0,0.009462
Test04_OK_dchg,방전,OK,1187,0,0,0.009017
Test04_OK_dchg,방전,OK,1188,0,0,0.009168
Test04_OK_dchg,방전,OK,1189,0,0,0.008575
Test04_OK_dchg,방전,OK,1190,0,0,0.009361
Test04_OK_dchg,방전,OK,1191,0,0,0.010242
Test04_OK_dchg,방전,OK,1192,0,0,1.286689
Test04_OK_dchg,방전,OK,1193,0,0,0.008393
Test04_OK_dchg,방전,OK,1194,0,0,0.008375
Test04_OK_dchg,방전,OK,1195,0,0,1.262775
Test04_OK_dchg,방전,OK,1196,0,0,1.283676
Test04_OK_dchg,방전,OK,1197,0,0,1.265734
Test04_OK_dchg,방전,OK,1198,0,0,1.28425
Test04_OK_dchg,방전,OK,1199,0,0,0.007467
Test04_OK_dchg,방전,OK,1200,0,0,0.006819
Test04_OK_dchg,방전,OK,1201,0,0,0.008201
Test04_OK_dchg,방전,OK,1202,0,0,0.006113
Test04_OK_dchg,방전,OK,1203,0,0,0.006574
Test04_OK_dchg,방전,OK,1204,0,0,0.005967
Test04_OK_dchg,방전,OK,1205,0,0,0.008455
Test04_OK_dchg,방전,OK,1206,0,0,0.006922
Test04_OK_dchg,방전,OK,1207,0,0,0.00632
Test04_OK_dchg,방전,OK,1208,0,0,0.007951
Test04_OK_dchg,방전,OK,1209,0,0,0.006418
Test04_OK_dchg,방전,OK,1210,0,0,0.005276
Test04_OK_dchg,방전,OK,1211,0,0,0.006299
Test04_OK_dchg,방전,OK,1212,0,0,0.006153
Test04_OK_dchg,방전,OK,1213,0,0,0.007253
Test04_OK_dchg,방전,OK,1214,0,0,0.006097
Test04_OK_dchg,방전,OK,1215,0,0,0.006096
Test04_OK_dchg,방전,OK,1216,0,0,0.006578
Test04_OK_dchg,방전,OK,1217,0,0,0.006503
Test04_OK_dchg,방전,OK,1218,0,0,0.007618
Test04_OK_dchg,방전,OK,1219,0,0,0.0069
Test04_OK_dchg,방전,OK,1220,0,0,0.006509
Test04_OK_dchg,방전,OK,1221,0,0,0.006682
Test04_OK_dchg,방전,OK,1222,0,0,0.008373
Test04_OK_dchg,방전,OK,1223,0,0,0.008162
Test04_OK_dchg,방전,OK,1224,0,0,0.63522
Test04_OK_dchg,방전,OK,1225,0,0,0.010782
Test04_OK_dchg,방전,OK,1226,0,0,0.009926
Test04_OK_dchg,방전,OK,1227,0,0,0.009092
Test04_OK_dchg,방전,OK,1228,0,0,0.662731
Test04_OK_dchg,방전,OK,1229,0,0,0.01853
Test04_OK_dchg,방전,OK,1230,0,0,0.016409
Test04_OK_dchg,방전,OK,1231,0,0,0.028419
Test04_OK_dchg,방전,OK,1232,0,0,0.028572
Test04_OK_dchg,방전,OK,1233,0,0,0.029152
Test04_OK_dchg,방전,OK,1234,0,0,0.012622
Test04_OK_dchg,방전,OK,1235,0,0,0.49865
Test04_OK_dchg,방전,OK,1236,0,0,0.02454
Test04_OK_dchg,방전,OK,1237,0,0,0.033074
Test04_OK_dchg,방전,OK,1238,0,0,0.029305
Test04_OK_dchg,방전,OK,1239,0,0,0.025301
Test04_OK_dchg,방전,OK,1240,0,0,0.045165
Test04_OK_dchg,방전,OK,1241,0,0,0.078116
Test04_OK_dchg,방전,OK,1242,0,0,0.056133
Test04_OK_dchg,방전,OK,1243,0,0,0.467805
Test04_OK_dchg,방전,OK,1244,0,0,0.082513
Test04_OK_dchg,방전,OK,1245,0,0,0.074077
Test04_OK_dchg,방전,OK,1246,0,0,0.41073
Test04_OK_dchg,방전,OK,1247,0,0,0.115669
Test04_OK_dchg,방전,OK,1248,0,0,0.293731
Test04_OK_dchg,방전,OK,1249,0,0,0.348007
Test04_OK_dchg,방전,OK,1250,0,0,0.243424
Test04_OK_dchg,방전,OK,1251,0,0,0.178676
Test04_OK_dchg,방전,OK,1252,0,0,0.1894
Test04_OK_dchg,방전,OK,1253,0,0,0.224334
Test04_OK_dchg,방전,OK,1254,0,0,0.170973
Test04_OK_dchg,방전,OK,1255,0,0,0.214819
Test04_OK_dchg,방전,OK,1256,0,0,0.188503
Test04_OK_dchg,방전,OK,1257,0,0,0.179669
Test04_OK_dchg,방전,OK,1258,0,0,0.137449
Test04_OK_dchg,방전,OK,1259,0,0,0.247018
Test04_OK_dchg,방전,OK,1260,0,0,0.173707
Test04_OK_dchg,방전,OK,1261,0,0,0.124831
Test04_OK_dchg,방전,OK,1262,0,0,0.318807
Test04_OK_dchg,방전,OK,1263,0,0,0.130896
Test04_OK_dchg,방전,OK,1264,0,0,0.079447
Test04_OK_dchg,방전,OK,1265,0,0,0.092767
Test04_OK_dchg,방전,OK,1266,0,0,0.065324
Test04_OK_dchg,방전,OK,1267,0,0,0.451562
Test04_OK_dchg,방전,OK,1268,0,0,0.081786
Test04_OK_dchg,방전,OK,1269,0,0,0.4486
Test04_OK_dchg,방전,OK,1270,0,0,0.086455
Test04_OK_dchg,방전,OK,1271,0,0,0.457149
Test04_OK_dchg,방전,OK,1272,0,0,0.054034
Test04_OK_dchg,방전,OK,1273,0,0,0.055731
Test04_OK_dchg,방전,OK,1274,0,0,0.045166
Test04_OK_dchg,방전,OK,1275,0,0,0.036223
Test04_OK_dchg,방전,OK,1276,0,0,0.05306
Test04_OK_dchg,방전,OK,1277,0,0,0.021199
Test04_OK_dchg,방전,OK,1278,0,0,0.033561
Test04_OK_dchg,방전,OK,1279,0,0,0.013492
Test04_OK_dchg,방전,OK,1280,0,0,0.018071
Test04_OK_dchg,방전,OK,1281,0,0,0.66537
Test04_OK_dchg,방전,OK,1282,0,0,1.290029
Test04_OK_dchg,방전,OK,1283,0,0,1.260562
Test04_OK_dchg,방전,OK,1284,0,0,0.008572
Test04_OK_dchg,방전,OK,1285,0,0,0.007399
Test04_OK_dchg,방전,OK,1286,0,0,1.286962
Test04_OK_dchg,방전,OK,1287,0,0,0.007764
Test04_OK_dchg,방전,OK,1288,0,0,0.00775
Test04_OK_dchg,방전,OK,1289,0,0,0.00791
Test04_OK_dchg,방전,OK,1290,0,0,0.00694
Test04_OK_dchg,방전,OK,1291,0,0,0.005054
Test04_OK_dchg,방전,OK,1292,0,0,1.254459
Test04_OK_dchg,방전,OK,1293,0,0,1.283861
Test04_OK_dchg,방전,OK,1294,0,0,0.00436
Test04_OK_dchg,방전,OK,1295,0,0,0.003939
Test04_OK_dchg,방전,OK,1296,0,0,0.003812
Test04_OK_dchg,방전,OK,1297,0,0,0.003736
Test04_OK_dchg,방전,OK,1298,0,0,0.004265
Test04_OK_dchg,방전,OK,1299,0,0,0.003515
Test04_OK_dchg,방전,OK,1300,0,0,0.003642
Test04_OK_dchg,방전,OK,1301,0,0,0.007201
Test04_OK_dchg,방전,OK,1302,0,0,0.006913
Test04_OK_dchg,방전,OK,1303,0,0,0.004185
Test04_OK_dchg,방전,OK,1304,0,0,0.004139
Test04_OK_dchg,방전,OK,1305,0,0,0.008819
Test04_OK_dchg,방전,OK,1306,0,0,0.004113
Test04_OK_dchg,방전,OK,1307,0,0,0.002928
Test04_OK_dchg,방전,OK,1308,0,0,0.006761
Test04_OK_dchg,방전,OK,1309,0,0,0.003347
Test04_OK_dchg,방전,OK,1310,0,0,0.003337
Test04_OK_dchg,방전,OK,1311,0,0,0.006969
Test04_OK_dchg,방전,OK,1312,0,0,0.007478
Test04_OK_dchg,방전,OK,1313,0,0,0.004926
Test04_OK_dchg,방전,OK,1314,0,0,0.006575
Test04_OK_dchg,방전,OK,1315,0,0,0.004588
Test04_OK_dchg,방전,OK,1316,0,0,0.003505
Test04_OK_dchg,방전,OK,1317,0,0,0.00454
Test04_OK_dchg,방전,OK,1318,0,0,0.007009
Test04_OK_dchg,방전,OK,1319,0,0,0.003407
Test04_OK_dchg,방전,OK,1320,0,0,0.003476
Test04_OK_dchg,방전,OK,1321,0,0,0.003913
Test04_OK_dchg,방전,OK,1322,0,0,0.005954
Test04_OK_dchg,방전,OK,1323,0,0,0.005732
Test04_OK_dchg,방전,OK,1324,0,0,0.004492
Test04_OK_dchg,방전,OK,1325,0,0,0.003017
Test04_OK_dchg,방전,OK,1326,0,0,0.00654
Test04_OK_dchg,방전,OK,1327,0,0,0.005716
Test04_OK_dchg,방전,OK,1328,0,0,0.004423
Test04_OK_dchg,방전,OK,1329,0,0,0.003373
Test04_OK_dchg,방전,OK,1330,0,0,0.00386
Test04_OK_dchg,방전,OK,1331,0,0,0.005117
Test04_OK_dchg,방전,OK,1332,0,0,0.004115
Test04_OK_dchg,방전,OK,1333,0,0,0.011973
Test04_OK_dchg,방전,OK,1334,0,0,0.004306
Test04_OK_dchg,방전,OK,1335,0,0,0.004431
Test04_OK_dchg,방전,OK,1336,0,0,0.00598
Test04_OK_dchg,방전,OK,1337,0,0,0.005771
Test04_OK_dchg,방전,OK,1338,0,0,0.005643
Test04_OK_dchg,방전,OK,1339,0,0,0.004761
Test04_OK_dchg,방전,OK,1340,0,0,0.002672
Test04_OK_dchg,방전,OK,1341,0,0,0.004068
Test04_OK_dchg,방전,OK,1342,0,0,0.002109
Test04_OK_dchg,방전,OK,1343,0,0,0.01287
Test04_OK_dchg,방전,OK,1344,0,0,0.013961
Test04_OK_dchg,방전,OK,1345,0,0,0.004062
Test04_OK_dchg,방전,OK,1346,0,0,0.00193
Test04_OK_dchg,방전,OK,1347,0,0,0.001961
Test04_OK_dchg,방전,OK,1348,0,0,0.003378
Test04_OK_dchg,방전,OK,1349,0,0,0.002654
Test04_OK_dchg,방전,OK,1350,0,0,0.003715
Test04_OK_dchg,방전,OK,1351,0,0,0.008628
Test04_OK_dchg,방전,OK,1352,0,0,0.0097
Test04_OK_dchg,방전,OK,1353,0,0,0.002465
Test04_OK_dchg,방전,OK,1354,0,0,0.002891
Test04_OK_dchg,방전,OK,1355,0,0,0.003487
Test04_OK_dchg,방전,OK,1356,0,0,0.004
Test04_OK_dchg,방전,OK,1357,0,0,0.003402
Test04_OK_dchg,방전,OK,1358,0,0,0.003062
Test04_OK_dchg,방전,OK,1359,0,0,0.005141
Test04_OK_dchg,방전,OK,1360,0,0,0.003299
Test04_OK_dchg,방전,OK,1361,0,0,0.007917
Test04_OK_dchg,방전,OK,1362,0,0,0.004783
Test04_OK_dchg,방전,OK,1363,0,0,0.007584
Test04_OK_dchg,방전,OK,1364,0,0,0.005958
Test04_OK_dchg,방전,OK,1365,0,0,0.007007
Test04_OK_dchg,방전,OK,1366,0,0,0.007528
Test04_OK_dchg,방전,OK,1367,0,0,0.008216
Test04_OK_dchg,방전,OK,1368,0,0,0.012229
Test04_OK_dchg,방전,OK,1369,0,0,0.017215
Test04_OK_dchg,방전,OK,1370,0,0,0.006592
Test04_OK_dchg,방전,OK,1371,0,0,0.014286
Test04_OK_dchg,방전,OK,1372,0,0,0.005205
Test04_OK_dchg,방전,OK,1373,0,0,0.007603
Test04_OK_dchg,방전,OK,1374,0,0,0.004477
Test04_OK_dchg,방전,OK,1375,0,0,0.007302
Test04_OK_dchg,방전,OK,1376,0,0,1.283701
Test04_OK_dchg,방전,OK,1377,0,0,1.271423
Test04_OK_dchg,방전,OK,1378,0,0,0.005547
Test04_OK_dchg,방전,OK,1379,0,0,0.005226
Test04_OK_dchg,방전,OK,1380,0,0,0.005072
Test04_OK_dchg,방전,OK,1381,0,0,0.005094
Test04_OK_dchg,방전,OK,1382,0,0,0.006565
Test04_OK_dchg,방전,OK,1383,0,0,1.27029
Test04_OK_dchg,방전,OK,1384,0,0,1.272649
Test04_OK_dchg,방전,OK,1385,0,0,1.268074
Test04_OK_dchg,방전,OK,1386,0,0,1.280121
Test04_OK_dchg,방전,OK,1387,0,0,1.26877
Test04_OK_dchg,방전,OK,1388,0,0,0.008475
Test04_OK_dchg,방전,OK,1389,0,0,0.005935
Test04_OK_dchg,방전,OK,1390,0,0,0.00735
Test04_OK_dchg,방전,OK,1391,0,0,0.010137
Test04_OK_dchg,방전,OK,1392,0,0,0.005106
Test04_OK_dchg,방전,OK,1393,0,0,0.010545
Test04_OK_dchg,방전,OK,1394,0,0,0.008997
Test04_OK_dchg,방전,OK,1395,0,0,0.011503
Test04_OK_dchg,방전,OK,1396,0,0,0.004716
Test04_OK_dchg,방전,OK,1397,0,0,0.004693
Test04_OK_dchg,방전,OK,1398,0,0,0.012478
Test04_OK_dchg,방전,OK,1399,0,0,0.005216
Test04_OK_dchg,방전,OK,1400,0,0,0.006398
Test04_OK_dchg,방전,OK,1401,0,0,0.011374
Test04_OK_dchg,방전,OK,1402,0,0,0.004471
Test04_OK_dchg,방전,OK,1403,0,0,0.005995
Test04_OK_dchg,방전,OK,1404,0,0,0.013121
Test04_OK_dchg,방전,OK,1405,0,0,0.004577
Test04_OK_dchg,방전,OK,1406,0,0,0.007763
Test04_OK_dchg,방전,OK,1407,0,0,0.011915
Test04_OK_dchg,방전,OK,1408,0,0,0.005141
Test04_OK_dchg,방전,OK,1409,0,0,0.004813
Test04_OK_dchg,방전,OK,1410,0,0,0.005592
Test04_OK_dchg,방전,OK,1411,0,0,0.005963
Test04_OK_dchg,방전,OK,1412,0,0,0.008266
Test04_OK_dchg,방전,OK,1413,0,0,0.008364
Test04_OK_dchg,방전,OK,1414,0,0,0.005846
Test04_OK_dchg,방전,OK,1415,0,0,0.00548
Test04_OK_dchg,방전,OK,1416,0,0,0.006361
Test04_OK_dchg,방전,OK,1417,0,0,0.007236
Test04_OK_dchg,방전,OK,1418,0,0,0.006817
Test04_OK_dchg,방전,OK,1419,0,0,0.00672
Test04_OK_dchg,방전,OK,1420,0,0,0.009675
Test04_OK_dchg,방전,OK,1421,0,0,0.006375
Test04_OK_dchg,방전,OK,1422,0,0,0.007579
Test04_OK_dchg,방전,OK,1423,0,0,0.007195
Test04_OK_dchg,방전,OK,1424,0,0,0.01104
Test04_OK_dchg,방전,OK,1425,0,0,0.006814
Test04_OK_dchg,방전,OK,1426,0,0,0.129971
Test04_OK_dchg,방전,OK,1427,0,0,0.006684
Test04_OK_dchg,방전,OK,1428,0,0,0.00715
Test04_OK_dchg,방전,OK,1429,0,0,0.007034
Test04_OK_dchg,방전,OK,1430,0,0,0.008499
Test04_OK_dchg,방전,OK,1431,0,0,0.007172
Test04_OK_dchg,방전,OK,1432,0,0,0.006819
Test04_OK_dchg,방전,OK,1433,0,0,0.007313
Test04_OK_dchg,방전,OK,1434,0,0,0.009192
Test04_OK_dchg,방전,OK,1435,0,0,0.008223
Test04_OK_dchg,방전,OK,1436,0,0,0.007428
Test04_OK_dchg,방전,OK,1437,0,0,0.007786
Test04_OK_dchg,방전,OK,1438,0,0,0.008727
Test04_OK_dchg,방전,OK,1439,0,0,0.0074
Test04_OK_dchg,방전,OK,1440,0,0,0.008539
Test04_OK_dchg,방전,OK,1441,0,0,0.009072
Test04_OK_dchg,방전,OK,1442,0,0,0.008411
Test04_OK_dchg,방전,OK,1443,0,0,0.007055
Test04_OK_dchg,방전,OK,1444,0,0,0.008305
Test04_OK_dchg,방전,OK,1445,0,0,0.008532
Test04_OK_dchg,방전,OK,1446,0,0,0.007602
Test04_OK_dchg,방전,OK,1447,0,0,0.009136
Test04_OK_dchg,방전,OK,1448,0,0,0.00913
Test04_OK_dchg,방전,OK,1449,0,0,0.008433
Test04_OK_dchg,방전,OK,1450,0,0,0.008787
Test04_OK_dchg,방전,OK,1451,0,0,0.008118
Test04_OK_dchg,방전,OK,1452,0,0,0.010626
Test04_OK_dchg,방전,OK,1453,0,0,0.0086
Test04_OK_dchg,방전,OK,1454,0,0,0.131277
Test04_OK_dchg,방전,OK,1455,0,0,0.010992
Test04_OK_dchg,방전,OK,1456,0,0,0.009115
Test04_OK_dchg,방전,OK,1457,0,0,1.27311
Test04_OK_dchg,방전,OK,1458,0,0,1.275127
Test04_OK_dchg,방전,OK,1459,0,0,0.011231
Test04_OK_dchg,방전,OK,1460,0,0,0.009884
Test04_OK_dchg,방전,OK,1461,0,0,0.010517
Test04_OK_dchg,방전,OK,1462,0,0,1.273885
Test04_OK_dchg,방전,OK,1463,0,0,0.009047
Test04_OK_dchg,방전,OK,1464,0,0,0.008635
Test04_OK_dchg,방전,OK,1465,0,0,0.00888
Test04_OK_dchg,방전,OK,1466,0,0,0.010191
Test04_OK_dchg,방전,OK,1467,0,0,0.009147
Test04_OK_dchg,방전,OK,1468,0,0,0.009376
Test04_OK_dchg,방전,OK,1469,0,0,0.116862
Test04_OK_dchg,방전,OK,1470,0,0,0.010712
Test04_OK_dchg,방전,OK,1471,0,0,0.009461
Test04_OK_dchg,방전,OK,1472,0,0,0.010919
Test04_OK_dchg,방전,OK,1473,0,0,0.009811
Test04_OK_dchg,방전,OK,1474,0,0,0.010415
Test04_OK_dchg,방전,OK,1475,0,0,0.010045
Test04_OK_dchg,방전,OK,1476,0,0,0.112645
Test04_OK_dchg,방전,OK,1477,0,0,0.009782
Test04_OK_dchg,방전,OK,1478,0,0,0.010589
Test04_OK_dchg,방전,OK,1479,0,0,0.009373
Test04_OK_dchg,방전,OK,1480,0,0,0.009146
Test04_OK_dchg,방전,OK,1481,0,0,0.008654
Test04_OK_dchg,방전,OK,1482,0,0,0.009052
Test04_OK_dchg,방전,OK,1483,0,0,0.009285
Test04_OK_dchg,방전,OK,1484,0,0,0.11618
Test04_OK_dchg,방전,OK,1485,0,0,0.008355
Test04_OK_dchg,방전,OK,1486,0,0,0.008432
Test04_OK_dchg,방전,OK,1487,0,0,0.009386
Test04_OK_dchg,방전,OK,1488,0,0,0.0088
Test04_OK_dchg,방전,OK,1489,0,0,0.012474
Test04_OK_dchg,방전,OK,1490,0,0,0.009566
Test04_OK_dchg,방전,OK,1491,0,0,0.008733
Test04_OK_dchg,방전,OK,1492,0,0,0.113449
Test04_OK_dchg,방전,OK,1493,0,0,0.008422
Test04_OK_dchg,방전,OK,1494,0,0,0.008392
Test04_OK_dchg,방전,OK,1495,0,0,0.009067
Test04_OK_dchg,방전,OK,1496,0,0,0.009014
Test04_OK_dchg,방전,OK,1497,0,0,0.008595
Test04_OK_dchg,방전,OK,1498,0,0,0.009668
Test04_OK_dchg,방전,OK,1499,0,0,0.009503
Test04_OK_dchg,방전,OK,1500,0,0,0.00956
Test04_OK_dchg,방전,OK,1501,0,0,0.008641
Test04_OK_dchg,방전,OK,1502,0,0,0.119621
Test04_OK_dchg,방전,OK,1503,0,0,0.009679
Test04_OK_dchg,방전,OK,1504,0,0,0.008676
Test06_NG_chg,충전,NG,0,1,1,16.096664
Test06_NG_chg,충전,NG,1,1,1,14.985121
Test06_NG_chg,충전,NG,2,1,1,14.687679
Test06_NG_chg,충전,NG,3,1,1,14.739469
Test06_NG_chg,충전,NG,4,1,1,14.905369
Test06_NG_chg,충전,NG,5,1,1,15.023606
Test06_NG_chg,충전,NG,6,1,1,15.256422
Test06_NG_chg,충전,NG,7,1,1,15.399047
Test06_NG_chg,충전,NG,8,1,1,15.56329
Test06_NG_chg,충전,NG,9,1,1,15.708105
Test06_NG_chg,충전,NG,10,1,1,15.962402
Test06_NG_chg,충전,NG,11,1,1,16.126708
Test06_NG_chg,충전,NG,12,1,1,16.272164
Test06_NG_chg,충전,NG,13,1,1,16.458682
Test06_NG_chg,충전,NG,14,1,1,16.616332
Test06_NG_chg,충전,NG,15,1,1,16.804669
Test06_NG_chg,충전,NG,16,1,1,17.002813
Test06_NG_chg,충전,NG,17,1,1,17.218402
Test06_NG_chg,충전,NG,18,1,1,17.352311
Test06_NG_chg,충전,NG,19,1,1,17.57161
Test06_NG_chg,충전,NG,20,1,1,17.700693
Test06_NG_chg,충전,NG,21,1,1,17.850059
Test06_NG_chg,충전,NG,22,1,1,18.035565
Test06_NG_chg,충전,NG,23,1,1,18.132576
Test06_NG_chg,충전,NG,24,1,1,18.284254
Test06_NG_chg,충전,NG,25,1,1,18.405
Test06_NG_chg,충전,NG,26,1,1,18.496132
Test06_NG_chg,충전,NG,27,1,1,18.635561
Test06_NG_chg,충전,NG,28,1,1,18.707411
Test06_NG_chg,충전,NG,29,1,1,18.844719
Test06_NG_chg,충전,NG,30,1,1,18.787297
Test06_NG_chg,충전,NG,31,1,1,18.822052
Test06_NG_chg,충전,NG,32,1,1,18.791144
Test06_NG_chg,충전,NG,33,1,1,18.823026
Test06_NG_chg,충전,NG,34,1,1,18.833574
Test06_NG_chg,충전,NG,35,1,1,18.819311
Test06_NG_chg,충전,NG,36,1,1,18.807196
Test06_NG_chg,충전,NG,37,1,1,18.817392
Test06_NG_chg,충전,NG,38,1,1,18.837865
Test06_NG_chg,충전,NG,39,1,1,18.79291
Test06_NG_chg,충전,NG,40,1,1,18.796831
Test06_NG_chg,충전,NG,41,1,1,18.807125
Test06_NG_chg,충전,NG,42,1,1,18.800583
Test06_NG_chg,충전,NG,43,1,1,18.808494
Test06_NG_chg,충전,NG,44,1,1,18.811151
Test06_NG_chg,충전,NG,45,1,1,18.825447
Test06_NG_chg,충전,NG,46,1,1,18.802895
Test06_NG_chg,충전,NG,47,1,1,18.812214
Test06_NG_chg,충전,NG,48,1,1,18.822643
Test06_NG_chg,충전,NG,49,1,1,18.801585
Test06_NG_chg,충전,NG,50,1,1,18.769719
Test06_NG_chg,충전,NG,51,1,1,18.852051
Test06_NG_chg,충전,NG,52,1,1,18.833775
Test06_NG_chg,충전,NG,53,1,1,18.837683
Test06_NG_chg,충전,NG,54,1,1,18.813011
Test06_NG_chg,충전,NG,55,1,1,18.839067
Test06_NG_chg,충전,NG,56,1,1,18.841836
Test06_NG_chg,충전,NG,57,1,1,18.813726
Test06_NG_chg,충전,NG,58,1,1,18.826899
Test06_NG_chg,충전,NG,59,1,1,18.863642
Test06_NG_chg,충전,NG,60,1,1,18.820809
Test06_NG_chg,충전,NG,61,1,1,18.848391
Test06_NG_chg,충전,NG,62,1,1,18.827482
Test06_NG_chg,충전,NG,63,1,1,18.806859
Test06_NG_chg,충전,NG,64,1,1,18.859893
Test06_NG_chg,충전,NG,65,1,1,18.829445
Test06_NG_chg,충전,NG,66,1,1,18.825112
Test06_NG_chg,충전,NG,67,1,1,18.834653
Test06_NG_chg,충전,NG,68,1,1,18.790794
Test06_NG_chg,충전,NG,69,1,1,18.81081
Test06_NG_chg,충전,NG,70,1,1,18.859133
Test06_NG_chg,충전,NG,71,1,1,18.791249
Test06_NG_chg,충전,NG,72,1,1,18.81816
Test06_NG_chg,충전,NG,73,1,1,18.816865
Test06_NG_chg,충전,NG,74,1,1,18.823038
Test06_NG_chg,충전,NG,75,1,1,18.811893
Test06_NG_chg,충전,NG,76,1,1,18.885646
Test06_NG_chg,충전,NG,77,1,1,18.801721
Test06_NG_chg,충전,NG,78,1,1,18.801861
Test06_NG_chg,충전,NG,79,1,1,18.84202
Test06_NG_chg,충전,NG,80,1,1,18.819175
Test06_NG_chg,충전,NG,81,1,1,18.824156
Test06_NG_chg,충전,NG,82,1,1,18.843682
Test06_NG_chg,충전,NG,83,1,1,18.821715
Test06_NG_chg,충전,NG,84,1,1,18.812752
Test06_NG_chg,충전,NG,85,1,1,18.820144
Test06_NG_chg,충전,NG,86,1,1,18.801445
Test06_NG_chg,충전,NG,87,1,1,18.804072
Test06_NG_chg,충전,NG,88,1,1,18.802842
Test06_NG_chg,충전,NG,89,1,1,18.785328
Test06_NG_chg,충전,NG,90,1,1,18.838959
Test06_NG_chg,충전,NG,91,1,1,18.812911
Test06_NG_chg,충전,NG,92,1,1,18.814945
Test06_NG_chg,충전,NG,93,1,1,18.850242
Test06_NG_chg,충전,NG,94,1,1,18.822834
Test06_NG_chg,충전,NG,95,1,1,18.830699
Test06_NG_chg,충전,NG,96,1,1,18.851849
Test06_NG_chg,충전,NG,97,1,1,18.846367
Test06_NG_chg,충전,NG,98,1,1,18.811493
Test06_NG_chg,충전,NG,99,1,1,18.858866
Test06_NG_chg,충전,NG,100,1,1,18.856885
Test06_NG_chg,충전,NG,101,1,1,18.82264
Test06_NG_chg,충전,NG,102,1,1,18.847083
Test06_NG_chg,충전,NG,103,1,1,18.859382
Test06_NG_chg,충전,NG,104,1,1,18.821054
Test06_NG_chg,충전,NG,105,1,1,18.810461
Test06_NG_chg,충전,NG,106,1,1,18.819095
Test06_NG_chg,충전,NG,107,1,1,18.860541
Test06_NG_chg,충전,NG,108,1,1,18.824276
Test06_NG_chg,충전,NG,109,1,1,18.820725
Test06_NG_chg,충전,NG,110,1,1,18.815972
Test06_NG_chg,충전,NG,111,1,1,18.804618
Test06_NG_chg,충전,NG,112,1,1,18.805867
Test06_NG_chg,충전,NG,113,1,1,18.801164
Test06_NG_chg,충전,NG,114,1,1,18.773281
Test06_NG_chg,충전,NG,115,1,1,18.812304
Test06_NG_chg,충전,NG,116,1,1,18.806238
Test06_NG_chg,충전,NG,117,1,1,18.81629
Test06_NG_chg,충전,NG,118,1,1,18.805382
Test06_NG_chg,충전,NG,119,1,1,18.819055
Test06_NG_chg,충전,NG,120,1,1,18.830483
Test06_NG_chg,충전,NG,121,1,1,18.816372
Test06_NG_chg,충전,NG,122,1,1,18.81241
Test06_NG_chg,충전,NG,123,1,1,18.788636
Test06_NG_chg,충전,NG,124,1,1,18.832038
Test06_NG_chg,충전,NG,125,1,1,18.828713
Test06_NG_chg,충전,NG,126,1,1,18.828918
Test06_NG_chg,충전,NG,127,1,1,18.819448
Test06_NG_chg,충전,NG,128,1,1,18.819452
Test06_NG_chg,충전,NG,129,1,1,18.820513
Test06_NG_chg,충전,NG,130,1,1,18.874106
Test06_NG_chg,충전,NG,131,1,1,18.844722
Test06_NG_chg,충전,NG,132,1,1,18.859908
Test06_NG_chg,충전,NG,133,1,1,18.811189
Test06_NG_chg,충전,NG,134,1,1,18.849459
Test06_NG_chg,충전,NG,135,1,1,18.844516
Test06_NG_chg,충전,NG,136,1,1,18.837819
Test06_NG_chg,충전,NG,137,1,1,18.81781
Test06_NG_chg,충전,NG,138,1,1,18.822958
Test06_NG_chg,충전,NG,139,1,1,18.830494
Test06_NG_chg,충전,NG,140,1,1,18.821622
Test06_NG_chg,충전,NG,141,1,1,18.840234
Test06_NG_chg,충전,NG,142,1,1,18.808554
Test06_NG_chg,충전,NG,143,1,1,18.833316
Test06_NG_chg,충전,NG,144,1,1,18.844429
Test06_NG_chg,충전,NG,145,1,1,18.819552
Test06_NG_chg,충전,NG,146,1,1,18.817301
Test06_NG_chg,충전,NG,147,1,1,18.802479
Test06_NG_chg,충전,NG,148,1,1,18.812849
Test06_NG_chg,충전,NG,149,1,1,18.868478
Test06_NG_chg,충전,NG,150,1,1,18.80562
Test06_NG_chg,충전,NG,151,1,1,18.825792
Test06_NG_chg,충전,NG,152,1,1,18.792514
Test06_NG_chg,충전,NG,153,1,1,18.817533
Test06_NG_chg,충전,NG,154,1,1,18.829399
Test06_NG_chg,충전,NG,155,1,1,18.799842
Test06_NG_chg,충전,NG,156,1,1,18.840345
Test06_NG_chg,충전,NG,157,1,1,18.841916
Test06_NG_chg,충전,NG,158,1,1,18.834764
Test06_NG_chg,충전,NG,159,1,1,18.812266
Test06_NG_chg,충전,NG,160,1,1,18.82239
Test06_NG_chg,충전,NG,161,1,1,18.859252
Test06_NG_chg,충전,NG,162,1,1,18.840729
Test06_NG_chg,충전,NG,163,1,1,18.818503
Test06_NG_chg,충전,NG,164,1,1,18.803055
Test06_NG_chg,충전,NG,165,1,1,18.834071
Test06_NG_chg,충전,NG,166,1,1,18.829847
Test06_NG_chg,충전,NG,167,1,1,18.810909
Test06_NG_chg,충전,NG,168,1,1,18.828477
Test06_NG_chg,충전,NG,169,1,1,18.854545
Test06_NG_chg,충전,NG,170,1,1,18.828375
Test06_NG_chg,충전,NG,171,1,1,18.840617
Test06_NG_chg,충전,NG,172,1,1,18.817707
Test06_NG_chg,충전,NG,173,1,1,18.849797
Test06_NG_chg,충전,NG,174,1,1,18.842701
Test06_NG_chg,충전,NG,175,1,1,18.799069
Test06_NG_chg,충전,NG,176,1,1,18.846208
Test06_NG_chg,충전,NG,177,1,1,18.859998
Test06_NG_chg,충전,NG,178,1,1,18.838882
Test06_NG_chg,충전,NG,179,1,1,18.818984
Test06_NG_chg,충전,NG,180,1,1,18.824252
Test06_NG_chg,충전,NG,181,1,1,18.843019
Test06_NG_chg,충전,NG,182,1,1,18.789304
Test06_NG_chg,충전,NG,183,1,1,18.861328
Test06_NG_chg,충전,NG,184,1,1,18.853825
Test06_NG_chg,충전,NG,185,1,1,18.805202
Test06_NG_chg,충전,NG,186,1,1,18.833478
Test06_NG_chg,충전,NG,187,1,1,18.830171
Test06_NG_chg,충전,NG,188,1,1,18.847922
Test06_NG_chg,충전,NG,189,1,1,18.901568
Test06_NG_chg,충전,NG,190,1,1,18.852753
Test06_NG_chg,충전,NG,191,1,1,18.847526
Test06_NG_chg,충전,NG,192,1,1,18.855728
Test06_NG_chg,충전,NG,193,1,1,18.806771
Test06_NG_chg,충전,NG,194,1,1,18.840284
Test06_NG_chg,충전,NG,195,1,1,18.862718
Test06_NG_chg,충전,NG,196,1,1,18.858797
Test06_NG_chg,충전,NG,197,1,1,18.842091
Test06_NG_chg,충전,NG,198,1,1,18.855212
Test06_NG_chg,충전,NG,199,1,1,18.835526
Test06_NG_chg,충전,NG,200,1,1,18.828289
Test06_NG_chg,충전,NG,201,1,1,18.891151
Test06_NG_chg,충전,NG,202,1,1,18.840379
Test06_NG_chg,충전,NG,203,1,1,18.854138
Test06_NG_chg,충전,NG,204,1,1,18.84913
Test06_NG_chg,충전,NG,205,1,1,18.84603
Test06_NG_chg,충전,NG,206,1,1,18.850422
Test06_NG_chg,충전,NG,207,1,1,18.853706
Test06_NG_chg,충전,NG,208,1,1,18.818673
Test06_NG_chg,충전,NG,209,1,1,18.854076
Test06_NG_chg,충전,NG,210,1,1,18.856967
Test06_NG_chg,충전,NG,211,1,1,18.831884
Test06_NG_chg,충전,NG,212,1,1,18.82746
Test06_NG_chg,충전,NG,213,1,1,18.824389
Test06_NG_chg,충전,NG,214,1,1,18.806296
Test06_NG_chg,충전,NG,215,1,1,18.880644
Test06_NG_chg,충전,NG,216,1,1,18.850339
Test06_NG_chg,충전,NG,217,1,1,18.826859
Test06_NG_chg,충전,NG,218,1,1,18.848563
Test06_NG_chg,충전,NG,219,1,1,18.843404
Test06_NG_chg,충전,NG,220,1,1,18.873412
Test06_NG_chg,충전,NG,221,1,1,18.841725
Test06_NG_chg,충전,NG,222,1,1,18.821181
Test06_NG_chg,충전,NG,223,1,1,18.849757
Test06_NG_chg,충전,NG,224,1,1,18.820774
Test06_NG_chg,충전,NG,225,1,1,18.839421
Test06_NG_chg,충전,NG,226,1,1,18.825112
Test06_NG_chg,충전,NG,227,1,1,18.796315
Test06_NG_chg,충전,NG,228,1,1,18.860768
Test06_NG_chg,충전,NG,229,1,1,18.846549
Test06_NG_chg,충전,NG,230,1,1,18.809521
Test06_NG_chg,충전,NG,231,1,1,18.829731
Test06_NG_chg,충전,NG,232,1,1,18.816485
Test06_NG_chg,충전,NG,233,1,1,18.827557
Test06_NG_chg,충전,NG,234,1,1,18.817551
Test06_NG_chg,충전,NG,235,1,1,18.817637
Test06_NG_chg,충전,NG,236,1,1,18.872152
Test06_NG_chg,충전,NG,237,1,1,18.876497
Test06_NG_chg,충전,NG,238,1,1,18.808958
Test06_NG_chg,충전,NG,239,1,1,18.853872
Test06_NG_chg,충전,NG,240,1,1,18.868789
Test06_NG_chg,충전,NG,241,1,1,18.83174
Test06_NG_chg,충전,NG,242,1,1,18.866045
Test06_NG_chg,충전,NG,243,1,1,18.820377
Test06_NG_chg,충전,NG,244,1,1,18.836256
Test06_NG_chg,충전,NG,245,1,1,18.85743
Test06_NG_chg,충전,NG,246,1,1,18.839323
Test06_NG_chg,충전,NG,247,1,1,18.854854
Test06_NG_chg,충전,NG,248,1,1,18.858956
Test06_NG_chg,충전,NG,249,1,1,18.881041
Test06_NG_chg,충전,NG,250,1,1,18.86171
Test06_NG_chg,충전,NG,251,1,1,18.905403
Test06_NG_chg,충전,NG,252,1,1,18.827891
Test06_NG_chg,충전,NG,253,1,1,18.882538
Test06_NG_chg,충전,NG,254,1,1,18.829085
Test06_NG_chg,충전,NG,255,1,1,18.842512
Test06_NG_chg,충전,NG,256,1,1,18.861584
Test06_NG_chg,충전,NG,257,1,1,18.816865
Test06_NG_chg,충전,NG,258,1,1,18.882318
Test06_NG_chg,충전,NG,259,1,1,18.847261
Test06_NG_chg,충전,NG,260,1,1,18.845919
Test06_NG_chg,충전,NG,261,1,1,18.831512
Test06_NG_chg,충전,NG,262,1,1,18.878793
Test06_NG_chg,충전,NG,263,1,1,18.854167
Test06_NG_chg,충전,NG,264,1,1,18.882567
Test06_NG_chg,충전,NG,265,1,1,18.822925
Test06_NG_chg,충전,NG,266,1,1,18.823767
Test06_NG_chg,충전,NG,267,1,1,18.850247
Test06_NG_chg,충전,NG,268,1,1,18.824005
Test06_NG_chg,충전,NG,269,1,1,18.84213
Test06_NG_chg,충전,NG,270,1,1,18.835779
Test06_NG_chg,충전,NG,271,1,1,18.835907
Test06_NG_chg,충전,NG,272,1,1,18.840465
Test06_NG_chg,충전,NG,273,1,1,18.82041
Test06_NG_chg,충전,NG,274,1,1,18.821238
Test06_NG_chg,충전,NG,275,1,1,18.850802
Test06_NG_chg,충전,NG,276,1,1,18.871365
Test06_NG_chg,충전,NG,277,1,1,18.823338
Test06_NG_chg,충전,NG,278,1,1,18.866683
Test06_NG_chg,충전,NG,279,1,1,18.903775
Test06_NG_chg,충전,NG,280,1,1,18.895883
Test06_NG_chg,충전,NG,281,1,1,18.831129
Test06_NG_chg,충전,NG,282,1,1,18.85007
Test06_NG_chg,충전,NG,283,1,1,18.853364
Test06_NG_chg,충전,NG,284,1,1,18.85763
Test06_NG_chg,충전,NG,285,1,1,18.859868
Test06_NG_chg,충전,NG,286,1,1,18.929197
Test06_NG_chg,충전,NG,287,1,1,18.856016
Test06_NG_chg,충전,NG,288,1,1,18.842452
Test06_NG_chg,충전,NG,289,1,1,18.887107
Test06_NG_chg,충전,NG,290,1,1,18.85525
Test06_NG_chg,충전,NG,291,1,1,18.8821
Test06_NG_chg,충전,NG,292,1,1,18.87352
Test06_NG_chg,충전,NG,293,1,1,18.845608
Test06_NG_chg,충전,NG,294,1,1,18.832637
Test06_NG_chg,충전,NG,295,1,1,18.882219
Test06_NG_chg,충전,NG,296,1,1,18.838157
Test06_NG_chg,충전,NG,297,1,1,18.834116
Test06_NG_chg,충전,NG,298,1,1,18.877269
Test06_NG_chg,충전,NG,299,1,1,18.850826
Test06_NG_chg,충전,NG,300,1,1,18.898422
Test06_NG_chg,충전,NG,301,1,1,18.847227
Test06_NG_chg,충전,NG,302,1,1,18.831577
Test06_NG_chg,충전,NG,303,1,1,18.861916
Test06_NG_chg,충전,NG,304,1,1,18.862871
Test06_NG_chg,충전,NG,305,1,1,18.860954
Test06_NG_chg,충전,NG,306,1,1,18.843212
Test06_NG_chg,충전,NG,307,1,1,18.849516
Test06_NG_chg,충전,NG,308,1,1,18.8614
Test06_NG_chg,충전,NG,309,1,1,18.88274
Test06_NG_chg,충전,NG,310,1,1,18.87713
Test06_NG_chg,충전,NG,311,1,1,18.851028
Test06_NG_chg,충전,NG,312,1,1,18.911864
Test06_NG_chg,충전,NG,313,1,1,18.851822
Test06_NG_chg,충전,NG,314,1,1,18.83746
Test06_NG_chg,충전,NG,315,1,1,18.85978
Test06_NG_chg,충전,NG,316,1,1,18.830312
Test06_NG_chg,충전,NG,317,1,1,18.864264
Test06_NG_chg,충전,NG,318,1,1,18.867646
Test06_NG_chg,충전,NG,319,1,1,18.88404
Test06_NG_chg,충전,NG,320,1,1,18.881299
Test06_NG_chg,충전,NG,321,1,1,18.824269
Test06_NG_chg,충전,NG,322,1,1,18.831441
Test06_NG_chg,충전,NG,323,1,1,18.843118
Test06_NG_chg,충전,NG,324,1,1,18.867472
Test06_NG_chg,충전,NG,325,1,1,18.846269
Test06_NG_chg,충전,NG,326,1,1,18.862357
Test06_NG_chg,충전,NG,327,1,1,18.882037
Test06_NG_chg,충전,NG,328,1,1,18.889158
Test06_NG_chg,충전,NG,329,1,1,18.871517
Test06_NG_chg,충전,NG,330,1,1,18.860361
Test06_NG_chg,충전,NG,331,1,1,18.847339
Test06_NG_chg,충전,NG,332,1,1,18.883905
Test06_NG_chg,충전,NG,333,1,1,18.92413
Test06_NG_chg,충전,NG,334,1,1,18.873022
Test06_NG_chg,충전,NG,335,1,1,18.832178
Test06_NG_chg,충전,NG,336,1,1,18.869764
Test06_NG_chg,충전,NG,337,1,1,18.835036
Test06_NG_chg,충전,NG,338,1,1,18.838509
Test06_NG_chg,충전,NG,339,1,1,18.862389
Test06_NG_chg,충전,NG,340,1,1,18.851378
Test06_NG_chg,충전,NG,341,1,1,18.877552
Test06_NG_chg,충전,NG,342,1,1,18.846228
Test06_NG_chg,충전,NG,343,1,1,18.83582
Test06_NG_chg,충전,NG,344,1,1,18.84781
Test06_NG_chg,충전,NG,345,1,1,18.876455
Test06_NG_chg,충전,NG,346,1,1,18.849119
Test06_NG_chg,충전,NG,347,1,1,18.8734
Test06_NG_chg,충전,NG,348,1,1,18.875327
Test06_NG_chg,충전,NG,349,1,1,18.876604
Test06_NG_chg,충전,NG,350,1,1,18.87003
Test06_NG_chg,충전,NG,351,1,1,18.853465
Test06_NG_chg,충전,NG,352,1,1,18.878046
Test06_NG_chg,충전,NG,353,1,1,18.896101
Test06_NG_chg,충전,NG,354,1,1,18.876798
Test06_NG_chg,충전,NG,355,1,1,18.888699
Test06_NG_chg,충전,NG,356,1,1,18.89261
Test06_NG_chg,충전,NG,357,1,1,18.88276
Test06_NG_chg,충전,NG,358,1,1,18.873774
Test06_NG_chg,충전,NG,359,1,1,18.855533
Test06_NG_chg,충전,NG,360,1,1,18.871418
Test06_NG_chg,충전,NG,361,1,1,18.841528
Test06_NG_chg,충전,NG,362,1,1,18.900915
Test06_NG_chg,충전,NG,363,1,1,18.886116
Test06_NG_chg,충전,NG,364,1,1,18.877002
Test06_NG_chg,충전,NG,365,1,1,18.869414
Test06_NG_chg,충전,NG,366,1,1,18.871753
Test06_NG_chg,충전,NG,367,1,1,18.869005
Test06_NG_chg,충전,NG,368,1,1,18.856733
Test06_NG_chg,충전,NG,369,1,1,18.87898
Test06_NG_chg,충전,NG,370,1,1,18.869873
Test06_NG_chg,충전,NG,371,1,1,18.88234
Test06_NG_chg,충전,NG,372,1,1,18.864538
Test06_NG_chg,충전,NG,373,1,1,18.84027
Test06_NG_chg,충전,NG,374,1,1,18.879688
Test06_NG_chg,충전,NG,375,1,1,18.886391
Test06_NG_chg,충전,NG,376,1,1,18.85952
Test06_NG_chg,충전,NG,377,1,1,18.882859
Test06_NG_chg,충전,NG,378,1,1,18.839125
Test06_NG_chg,충전,NG,379,1,1,18.883406
Test06_NG_chg,충전,NG,380,1,1,18.915107
Test06_NG_chg,충전,NG,381,1,1,18.859334
Test06_NG_chg,충전,NG,382,1,1,18.857115
Test06_NG_chg,충전,NG,383,1,1,18.857358
Test06_NG_chg,충전,NG,384,1,1,18.875508
Test06_NG_chg,충전,NG,385,1,1,18.848824
Test06_NG_chg,충전,NG,386,1,1,18.840247
Test06_NG_chg,충전,NG,387,1,1,18.871928
Test06_NG_chg,충전,NG,388,1,1,18.879619
Test06_NG_chg,충전,NG,389,1,1,18.874515
Test06_NG_chg,충전,NG,390,1,1,18.844602
Test06_NG_chg,충전,NG,391,1,1,18.865027
Test06_NG_chg,충전,NG,392,1,1,18.840584
Test06_NG_chg,충전,NG,393,1,1,18.857927
Test06_NG_chg,충전,NG,394,1,1,18.911329
Test06_NG_chg,충전,NG,395,1,1,18.890707
Test06_NG_chg,충전,NG,396,1,1,18.867038
Test06_NG_chg,충전,NG,397,1,1,18.850694
Test06_NG_chg,충전,NG,398,1,1,18.892042
Test06_NG_chg,충전,NG,399,1,1,18.850958
Test06_NG_chg,충전,NG,400,1,1,18.855263
Test06_NG_chg,충전,NG,401,1,1,18.875352
Test06_NG_chg,충전,NG,402,1,1,18.901927
Test06_NG_chg,충전,NG,403,1,1,18.824319
Test06_NG_chg,충전,NG,404,1,1,18.892601
Test06_NG_chg,충전,NG,405,1,1,18.899999
Test06_NG_chg,충전,NG,406,1,1,18.897797
Test06_NG_chg,충전,NG,407,1,1,18.8965
Test06_NG_chg,충전,NG,408,1,1,18.847759
Test06_NG_chg,충전,NG,409,1,1,18.874301
Test06_NG_chg,충전,NG,410,1,1,18.862123
Test06_NG_chg,충전,NG,411,1,1,18.860432
Test06_NG_chg,충전,NG,412,1,1,18.880281
Test06_NG_chg,충전,NG,413,1,1,18.864042
Test06_NG_chg,충전,NG,414,1,1,18.88297
Test06_NG_chg,충전,NG,415,1,1,18.865411
Test06_NG_chg,충전,NG,416,1,1,18.849215
Test06_NG_chg,충전,NG,417,1,1,18.892432
Test06_NG_chg,충전,NG,418,1,1,18.897828
Test06_NG_chg,충전,NG,419,1,1,18.891818
Test06_NG_chg,충전,NG,420,1,1,18.828237
Test06_NG_chg,충전,NG,421,1,1,18.852499
Test06_NG_chg,충전,NG,422,1,1,18.879024
Test06_NG_chg,충전,NG,423,1,1,18.861833
Test06_NG_chg,충전,NG,424,1,1,18.834126
Test06_NG_chg,충전,NG,425,1,1,18.880058
Test06_NG_chg,충전,NG,426,1,1,18.906678
Test06_NG_chg,충전,NG,427,1,1,18.859417
Test06_NG_chg,충전,NG,428,1,1,18.874861
Test06_NG_chg,충전,NG,429,1,1,18.88634
Test06_NG_chg,충전,NG,430,1,1,18.901571
Test06_NG_chg,충전,NG,431,1,1,18.875179
Test06_NG_chg,충전,NG,432,1,1,18.86987
Test06_NG_chg,충전,NG,433,1,1,18.876574
Test06_NG_chg,충전,NG,434,1,1,18.86431
Test06_NG_chg,충전,NG,435,1,1,18.866883
Test06_NG_chg,충전,NG,436,1,1,18.853906
Test06_NG_chg,충전,NG,437,1,1,18.904126
Test06_NG_chg,충전,NG,438,1,1,18.881602
Test06_NG_chg,충전,NG,439,1,1,18.860587
Test06_NG_chg,충전,NG,440,1,1,18.860156
Test06_NG_chg,충전,NG,441,1,1,18.887905
Test06_NG_chg,충전,NG,442,1,1,18.857328
Test06_NG_chg,충전,NG,443,1,1,18.891424
Test06_NG_chg,충전,NG,444,1,1,18.820689
Test06_NG_chg,충전,NG,445,1,1,18.87034
Test06_NG_chg,충전,NG,446,1,1,18.888055
Test06_NG_chg,충전,NG,447,1,1,18.844312
Test06_NG_chg,충전,NG,448,1,1,18.880325
Test06_NG_chg,충전,NG,449,1,1,18.873983
Test06_NG_chg,충전,NG,450,1,1,18.867202
Test06_NG_chg,충전,NG,451,1,1,18.89156
Test06_NG_chg,충전,NG,452,1,1,18.887135
Test06_NG_chg,충전,NG,453,1,1,18.924233
Test06_NG_chg,충전,NG,454,1,1,18.898332
Test06_NG_chg,충전,NG,455,1,1,18.906961
Test06_NG_chg,충전,NG,456,1,1,18.906603
Test06_NG_chg,충전,NG,457,1,1,18.895542
Test06_NG_chg,충전,NG,458,1,1,18.867712
Test06_NG_chg,충전,NG,459,1,1,18.879226
Test06_NG_chg,충전,NG,460,1,1,18.886063
Test06_NG_chg,충전,NG,461,1,1,18.890669
Test06_NG_chg,충전,NG,462,1,1,18.902481
Test06_NG_chg,충전,NG,463,1,1,18.857505
Test06_NG_chg,충전,NG,464,1,1,18.903245
Test06_NG_chg,충전,NG,465,1,1,18.875056
Test06_NG_chg,충전,NG,466,1,1,18.911374
Test06_NG_chg,충전,NG,467,1,1,18.873283
Test06_NG_chg,충전,NG,468,1,1,18.845613
Test06_NG_chg,충전,NG,469,1,1,18.852479
Test06_NG_chg,충전,NG,470,1,1,18.813346
Test06_NG_chg,충전,NG,471,1,1,18.821519
Test06_NG_chg,충전,NG,472,1,1,18.721252
Test06_NG_chg,충전,NG,473,1,1,18.721974
Test06_NG_chg,충전,NG,474,1,1,18.68403
Test06_NG_chg,충전,NG,475,1,1,18.565926
Test06_NG_chg,충전,NG,476,1,1,18.46928
Test06_NG_chg,충전,NG,477,1,1,18.342092
Test06_NG_chg,충전,NG,478,1,1,17.90301
Test06_NG_chg,충전,NG,479,1,1,18.070716
Test06_NG_chg,충전,NG,480,1,1,20.229904
Test06_NG_chg,충전,NG,481,1,1,17.921614
Test06_NG_chg,충전,NG,482,1,1,17.581892
Test06_NG_chg,충전,NG,483,1,1,17.319251
Test06_NG_chg,충전,NG,484,1,1,17.10852
Test06_NG_chg,충전,NG,485,1,1,16.894598
Test06_NG_chg,충전,NG,486,1,1,16.691814
Test06_NG_chg,충전,NG,487,1,1,16.481988
Test06_NG_chg,충전,NG,488,1,1,16.200456
Test06_NG_chg,충전,NG,489,1,1,15.925653
Test06_NG_chg,충전,NG,490,1,1,15.681006
Test06_NG_chg,충전,NG,491,1,1,15.477617
Test06_NG_chg,충전,NG,492,1,1,15.268734
Test06_NG_chg,충전,NG,493,1,1,14.966603
Test06_NG_chg,충전,NG,494,1,1,14.777702
Test06_NG_chg,충전,NG,495,1,1,240.955221
Test06_NG_chg,충전,NG,496,1,1,128.643961
Test06_NG_chg,충전,NG,497,1,1,16.213318
Test06_NG_chg,충전,NG,498,1,1,11.674776
Test06_NG_chg,충전,NG,499,1,1,10.63339
Test06_NG_chg,충전,NG,500,1,1,10.459976
Test06_NG_chg,충전,NG,501,1,1,9.669436
Test06_NG_chg,충전,NG,502,1,1,9.489446
Test06_NG_chg,충전,NG,503,1,1,9.617435
Test06_NG_chg,충전,NG,504,1,1,10.33981
Test06_NG_chg,충전,NG,505,1,1,9.386099
Test06_NG_chg,충전,NG,506,1,1,9.552431
Test06_NG_chg,충전,NG,507,1,1,9.170799
Test06_NG_chg,충전,NG,508,1,1,9.141713
Test06_NG_chg,충전,NG,509,1,1,9.441045
Test06_NG_chg,충전,NG,510,1,1,9.327159
Test06_NG_chg,충전,NG,511,1,1,9.047925
Test06_NG_chg,충전,NG,512,1,1,9.196542
Test06_NG_chg,충전,NG,513,1,1,9.024556
Test06_NG_chg,충전,NG,514,1,1,9.031335
Test06_NG_chg,충전,NG,515,1,1,8.988979
Test06_NG_chg,충전,NG,516,1,1,9.143309
Test06_NG_chg,충전,NG,517,1,1,9.019547
Test06_NG_chg,충전,NG,518,1,1,9.064193
Test06_NG_chg,충전,NG,519,1,1,8.938251
Test06_NG_chg,충전,NG,520,1,1,9.141392
Test06_NG_chg,충전,NG,521,1,1,8.963506
Test06_NG_chg,충전,NG,522,1,1,6.833601
Test06_NG_chg,충전,NG,523,1,1,8.947829
Test06_NG_chg,충전,NG,524,1,1,8.82746
Test06_NG_chg,충전,NG,525,1,1,8.876346
Test06_NG_chg,충전,NG,526,1,1,8.854808
Test06_NG_chg,충전,NG,527,1,1,8.908984
Test06_NG_chg,충전,NG,528,1,1,8.774687
Test06_NG_chg,충전,NG,529,1,1,8.863454
Test06_NG_chg,충전,NG,530,1,1,8.818786
Test06_NG_chg,충전,NG,531,1,1,8.754518
Test06_NG_chg,충전,NG,532,1,1,8.779075
Test06_NG_chg,충전,NG,533,1,1,8.747459
Test06_NG_chg,충전,NG,534,1,1,8.754186
Test06_NG_chg,충전,NG,535,1,1,8.727061
Test06_NG_chg,충전,NG,536,1,1,8.727374
Test06_NG_chg,충전,NG,537,1,1,8.768169
Test06_NG_chg,충전,NG,538,1,1,8.711895
Test06_NG_chg,충전,NG,539,1,1,8.72135
Test06_NG_chg,충전,NG,540,1,1,8.7299
Test06_NG_chg,충전,NG,541,1,1,8.667297
Test06_NG_chg,충전,NG,542,1,1,8.82153
Test06_NG_chg,충전,NG,543,1,1,8.608207
Test06_NG_chg,충전,NG,544,1,1,8.659253
Test06_NG_chg,충전,NG,545,1,1,8.817279
Test06_NG_chg,충전,NG,546,1,1,8.62294
Test06_NG_chg,충전,NG,547,1,1,8.642505
Test06_NG_chg,충전,NG,548,1,1,8.535845
Test06_NG_chg,충전,NG,549,1,1,10.900088
Test06_NG_chg,충전,NG,550,1,1,8.560333
Test06_NG_chg,충전,NG,551,1,1,8.578249
Test06_NG_chg,충전,NG,552,1,1,8.557952
Test06_NG_chg,충전,NG,553,1,1,6.527166
Test06_NG_chg,충전,NG,554,1,1,8.49192
Test06_NG_chg,충전,NG,555,1,1,8.641993
Test06_NG_chg,충전,NG,556,1,1,10.810342
Test06_NG_chg,충전,NG,557,1,1,9.818599
Test06_NG_chg,충전,NG,558,1,1,9.807252
Test06_NG_chg,충전,NG,559,1,1,9.838941
Test06_NG_chg,충전,NG,560,1,1,8.636638
Test06_NG_chg,충전,NG,561,1,1,8.559618
Test06_NG_chg,충전,NG,562,1,1,8.556257
Test06_NG_chg,충전,NG,563,1,1,8.608529
Test06_NG_chg,충전,NG,564,1,1,9.872765
Test06_NG_chg,충전,NG,565,1,1,9.910678
Test06_NG_chg,충전,NG,566,1,1,8.527851
Test06_NG_chg,충전,NG,567,1,1,10.973656
Test06_NG_chg,충전,NG,568,1,1,4.856065
Test06_NG_chg,충전,NG,569,1,1,10.949234
Test06_NG_chg,충전,NG,570,1,1,6.600553
Test06_NG_chg,충전,NG,571,1,1,11.066442
Test06_NG_chg,충전,NG,572,1,1,8.703303
Test06_NG_chg,충전,NG,573,1,1,8.570518
Test06_NG_chg,충전,NG,574,1,1,11.019785
Test06_NG_chg,충전,NG,575,1,1,11.054866
Test06_NG_chg,충전,NG,576,1,1,10.946427
Test06_NG_chg,충전,NG,577,1,1,8.586316
Test06_NG_chg,충전,NG,578,1,1,10.944819
Test06_NG_chg,충전,NG,579,1,1,8.793694
Test06_NG_chg,충전,NG,580,1,1,10.960288
Test06_NG_chg,충전,NG,581,1,1,11.037806
Test06_NG_chg,충전,NG,582,1,1,8.703717
Test06_NG_chg,충전,NG,583,1,1,11.017631
Test06_NG_chg,충전,NG,584,1,1,10.934049
Test06_NG_chg,충전,NG,585,1,1,11.081018
Test06_NG_chg,충전,NG,586,1,1,8.65261
Test06_NG_chg,충전,NG,587,1,1,10.974798
Test06_NG_chg,충전,NG,588,1,1,8.622678
Test06_NG_chg,충전,NG,589,1,1,10.91173
Test06_NG_chg,충전,NG,590,1,1,8.717256
Test06_NG_chg,충전,NG,591,1,1,10.965922
Test06_NG_chg,충전,NG,592,1,1,10.943284
Test06_NG_chg,충전,NG,593,1,1,8.642607
Test06_NG_chg,충전,NG,594,1,1,10.914884
Test06_NG_chg,충전,NG,595,1,1,10.929131
Test06_NG_chg,충전,NG,596,1,1,10.918619
Test06_NG_chg,충전,NG,597,1,1,8.658684
Test06_NG_chg,충전,NG,598,1,1,3.594124
Test06_NG_chg,충전,NG,599,1,1,8.530149
Test06_NG_chg,충전,NG,600,1,1,10.864067
Test06_NG_chg,충전,NG,601,1,1,8.510733
Test06_NG_chg,충전,NG,602,1,1,8.490257
Test06_NG_chg,충전,NG,603,1,1,10.903294
Test06_NG_chg,충전,NG,604,1,1,6.475056
Test06_NG_chg,충전,NG,605,1,1,10.784293
Test06_NG_chg,충전,NG,606,1,1,8.603814
Test06_NG_chg,충전,NG,607,1,1,10.870162
Test06_NG_chg,충전,NG,608,1,1,10.809762
Test06_NG_chg,충전,NG,609,1,1,8.550783
Test06_NG_chg,충전,NG,610,1,1,8.414146
Test06_NG_chg,충전,NG,611,1,1,10.808082
Test06_NG_chg,충전,NG,612,1,1,6.404232
Test06_NG_chg,충전,NG,613,1,1,6.384371
Test06_NG_chg,충전,NG,614,1,1,10.815209
Test06_NG_chg,충전,NG,615,1,1,8.354566
Test06_NG_chg,충전,NG,616,1,1,10.709377
Test06_NG_chg,충전,NG,617,1,1,10.936416
Test06_NG_chg,충전,NG,618,1,1,6.325166
Test06_NG_chg,충전,NG,619,1,1,6.391683
Test06_NG_chg,충전,NG,620,1,1,6.376563
Test06_NG_chg,충전,NG,621,1,1,6.488629
Test06_NG_chg,충전,NG,622,1,1,8.346602
Test06_NG_chg,충전,NG,623,1,1,8.338196
Test06_NG_chg,충전,NG,624,1,1,10.688659
Test06_NG_chg,충전,NG,625,1,1,8.340237
Test06_NG_chg,충전,NG,626,1,1,10.608364
Test06_NG_chg,충전,NG,627,1,1,10.782992
Test06_NG_chg,충전,NG,628,1,1,8.241699
Test06_NG_chg,충전,NG,629,1,1,6.280232
Test06_NG_chg,충전,NG,630,1,1,6.254015
Test06_NG_chg,충전,NG,631,1,1,8.269868
Test06_NG_chg,충전,NG,632,1,1,8.281959
Test06_NG_chg,충전,NG,633,1,1,8.234812
Test06_NG_chg,충전,NG,634,1,1,6.197957
Test06_NG_chg,충전,NG,635,1,1,8.227875
Test06_NG_chg,충전,NG,636,1,1,6.219717
Test06_NG_chg,충전,NG,637,1,1,6.174827
Test06_NG_chg,충전,NG,638,1,1,6.257568
Test06_NG_chg,충전,NG,639,1,1,8.217907
Test06_NG_chg,충전,NG,640,1,1,10.576796
Test06_NG_chg,충전,NG,641,1,1,6.308322
Test06_NG_chg,충전,NG,642,1,1,10.589099
Test06_NG_chg,충전,NG,643,1,1,10.547718
Test06_NG_chg,충전,NG,644,1,1,8.233386
Test06_NG_chg,충전,NG,645,1,1,6.202714
Test06_NG_chg,충전,NG,646,1,1,9.460068
Test06_NG_chg,충전,NG,647,1,1,6.28684
Test06_NG_chg,충전,NG,648,1,1,4.632451
Test06_NG_chg,충전,NG,649,1,1,9.493645
Test06_NG_chg,충전,NG,650,1,1,8.180431
Test06_NG_chg,충전,NG,651,1,1,11.788696
Test06_NG_chg,충전,NG,652,1,1,6.250235
Test06_NG_chg,충전,NG,653,1,1,6.244857
Test06_NG_chg,충전,NG,654,1,1,10.531145
Test06_NG_chg,충전,NG,655,1,1,6.346776
Test06_NG_chg,충전,NG,656,1,1,10.56169
Test06_NG_chg,충전,NG,657,1,1,10.637637
Test06_NG_chg,충전,NG,658,1,1,6.173232
Test06_NG_chg,충전,NG,659,1,1,6.427887
Test06_NG_chg,충전,NG,660,1,1,6.23616
Test06_NG_chg,충전,NG,661,1,1,6.251648
Test06_NG_chg,충전,NG,662,1,1,6.178637
Test06_NG_chg,충전,NG,663,1,1,6.197321
Test06_NG_chg,충전,NG,664,1,1,6.221671
Test06_NG_chg,충전,NG,665,1,1,6.174502
Test06_NG_chg,충전,NG,666,1,1,6.290553
Test06_NG_chg,충전,NG,667,1,1,6.176652
Test06_NG_chg,충전,NG,668,1,1,6.190697
Test06_NG_chg,충전,NG,669,1,1,6.198945
Test06_NG_chg,충전,NG,670,1,1,6.136254
Test06_NG_chg,충전,NG,671,1,1,6.146992
Test06_NG_chg,충전,NG,672,1,1,6.226874
Test06_NG_chg,충전,NG,673,1,1,6.10795
Test06_NG_chg,충전,NG,674,1,1,8.101764
Test06_NG_chg,충전,NG,675,1,1,6.115982
Test06_NG_chg,충전,NG,676,1,1,8.05591
Test06_NG_chg,충전,NG,677,1,1,6.101904
Test06_NG_chg,충전,NG,678,1,1,6.063881
Test06_NG_chg,충전,NG,679,1,1,6.062158
Test06_NG_chg,충전,NG,680,1,1,8.077121
Test06_NG_chg,충전,NG,681,1,1,3.292793
Test06_NG_chg,충전,NG,682,1,1,8.058712
Test06_NG_chg,충전,NG,683,1,1,6.073965
Test06_NG_chg,충전,NG,684,1,1,6.108127
Test06_NG_chg,충전,NG,685,1,1,6.038736
Test06_NG_chg,충전,NG,686,1,1,10.366113
Test06_NG_chg,충전,NG,687,1,1,6.158227
Test06_NG_chg,충전,NG,688,1,1,4.374901
Test06_NG_chg,충전,NG,689,1,1,8.079647
Test06_NG_chg,충전,NG,690,1,1,4.537244
Test06_NG_chg,충전,NG,691,1,1,3.048342
Test06_NG_chg,충전,NG,692,1,1,4.314603
Test06_NG_chg,충전,NG,693,1,1,6.017899
Test06_NG_chg,충전,NG,694,1,1,3.264071
Test06_NG_chg,충전,NG,695,1,1,6.005426
Test06_NG_chg,충전,NG,696,1,1,3.032261
Test06_NG_chg,충전,NG,697,1,1,4.76187
Test06_NG_chg,충전,NG,698,1,1,6.053407
Test06_NG_chg,충전,NG,699,1,1,4.391737
Test06_NG_chg,충전,NG,700,1,1,5.984775
Test06_NG_chg,충전,NG,701,1,1,8.083473
Test06_NG_chg,충전,NG,702,1,1,5.971962
Test06_NG_chg,충전,NG,703,1,1,6.018409
Test06_NG_chg,충전,NG,704,1,1,6.078091
Test06_NG_chg,충전,NG,705,1,1,4.347033
Test06_NG_chg,충전,NG,706,1,1,6.02933
Test06_NG_chg,충전,NG,707,1,1,4.367714
Test06_NG_chg,충전,NG,708,1,1,5.985882
Test06_NG_chg,충전,NG,709,1,1,5.956798
Test06_NG_chg,충전,NG,710,1,1,6.119644
Test06_NG_chg,충전,NG,711,1,1,4.324397
Test06_NG_chg,충전,NG,712,1,1,6.002084
Test06_NG_chg,충전,NG,713,1,1,6.02388
Test06_NG_chg,충전,NG,714,1,1,5.920018
Test06_NG_chg,충전,NG,715,1,1,4.376239
Test06_NG_chg,충전,NG,716,1,1,5.969427
Test06_NG_chg,충전,NG,717,1,1,5.9945
Test06_NG_chg,충전,NG,718,1,1,4.373415
Test06_NG_chg,충전,NG,719,1,1,7.209724
Test06_NG_chg,충전,NG,720,1,1,7.279655
Test06_NG_chg,충전,NG,721,1,1,4.437905
Test06_NG_chg,충전,NG,722,1,1,6.00219
Test06_NG_chg,충전,NG,723,1,1,5.687857
Test06_NG_chg,충전,NG,724,1,1,4.4355
Test06_NG_chg,충전,NG,725,1,1,3.055144
Test06_NG_chg,충전,NG,726,1,1,5.997153
Test06_NG_chg,충전,NG,727,1,1,4.431837
Test06_NG_chg,충전,NG,728,1,1,4.529968
Test06_NG_chg,충전,NG,729,1,1,4.496378
Test06_NG_chg,충전,NG,730,1,1,6.110857
Test06_NG_chg,충전,NG,731,1,1,4.398499
Test06_NG_chg,충전,NG,732,1,1,4.376283
Test06_NG_chg,충전,NG,733,1,1,4.428416
Test06_NG_chg,충전,NG,734,1,1,6.031118
Test06_NG_chg,충전,NG,735,1,1,6.112125
Test06_NG_chg,충전,NG,736,1,1,3.105354
Test06_NG_chg,충전,NG,737,1,1,4.338163
Test06_NG_chg,충전,NG,738,1,1,6.015528
Test06_NG_chg,충전,NG,739,1,1,4.355171
Test06_NG_chg,충전,NG,740,1,1,4.382202
Test06_NG_chg,충전,NG,741,1,1,3.193432
Test06_NG_chg,충전,NG,742,1,1,4.317003
Test06_NG_chg,충전,NG,743,1,1,5.942525
Test06_NG_chg,충전,NG,744,1,1,4.532925
Test06_NG_chg,충전,NG,745,1,1,4.307792
Test06_NG_chg,충전,NG,746,1,1,4.34637
Test06_NG_chg,충전,NG,747,1,1,4.320153
Test06_NG_chg,충전,NG,748,1,1,5.930773
Test06_NG_chg,충전,NG,749,1,1,5.980828
Test06_NG_chg,충전,NG,750,1,1,4.369597
Test06_NG_chg,충전,NG,751,1,1,6.020653
Test06_NG_chg,충전,NG,752,1,1,3.26606
Test06_NG_chg,충전,NG,753,1,1,4.403491
Test06_NG_chg,충전,NG,754,1,1,4.333478
Test06_NG_chg,충전,NG,755,1,1,4.372809
Test06_NG_chg,충전,NG,756,1,1,3.001018
Test06_NG_chg,충전,NG,757,1,1,4.35662
Test06_NG_chg,충전,NG,758,1,1,5.968727
Test06_NG_chg,충전,NG,759,1,1,4.353207
Test06_NG_chg,충전,NG,760,1,1,3.024429
Test06_NG_chg,충전,NG,761,1,1,4.269863
Test06_NG_chg,충전,NG,762,1,1,4.295565
Test06_NG_chg,충전,NG,763,1,1,3.091606
Test06_NG_chg,충전,NG,764,1,1,2.995849
Test06_NG_chg,충전,NG,765,1,1,4.307291
Test06_NG_chg,충전,NG,766,1,1,5.945934
Test06_NG_chg,충전,NG,767,1,1,3.000041
Test06_NG_chg,충전,NG,768,1,1,5.935227
Test06_NG_chg,충전,NG,769,1,1,4.306128
Test06_NG_chg,충전,NG,770,1,1,4.313975
Test06_NG_chg,충전,NG,771,1,1,6.007442
Test06_NG_chg,충전,NG,772,1,1,4.306947
Test06_NG_chg,충전,NG,773,1,1,5.607268
Test06_NG_chg,충전,NG,774,1,1,5.598685
Test06_NG_chg,충전,NG,775,1,1,4.237673
Test06_NG_chg,충전,NG,776,1,1,5.601993
Test06_NG_chg,충전,NG,777,1,1,5.651149
Test06_NG_chg,충전,NG,778,1,1,4.354739
Test06_NG_chg,충전,NG,779,1,1,4.430375
Test06_NG_chg,충전,NG,780,1,1,4.539377
Test06_NG_chg,충전,NG,781,1,1,3.129116
Test06_NG_chg,충전,NG,782,1,1,4.337132
Test06_NG_chg,충전,NG,783,1,1,4.351205
Test06_NG_chg,충전,NG,784,1,1,3.141145
Test06_NG_chg,충전,NG,785,1,1,4.342605
Test06_NG_chg,충전,NG,786,1,1,4.341905
Test06_NG_chg,충전,NG,787,1,1,4.345928
Test06_NG_chg,충전,NG,788,1,1,4.384103
Test06_NG_chg,충전,NG,789,1,1,4.377221
Test06_NG_chg,충전,NG,790,1,1,3.130046
Test06_NG_chg,충전,NG,791,1,1,4.340145
Test06_NG_chg,충전,NG,792,1,1,4.343749
Test06_NG_chg,충전,NG,793,1,1,3.087648
Test06_NG_chg,충전,NG,794,1,1,4.271267
Test06_NG_chg,충전,NG,795,1,1,4.341
Test06_NG_chg,충전,NG,796,1,1,3.102825
Test06_NG_chg,충전,NG,797,1,1,4.378114
Test06_NG_chg,충전,NG,798,1,1,4.344836
Test06_NG_chg,충전,NG,799,1,1,4.426972
Test06_NG_chg,충전,NG,800,1,1,2.981907
Test06_NG_chg,충전,NG,801,1,1,4.274467
Test06_NG_chg,충전,NG,802,1,1,2.921958
Test06_NG_chg,충전,NG,803,1,1,5.915064
Test06_NG_chg,충전,NG,804,1,1,4.364507
Test06_NG_chg,충전,NG,805,1,1,4.339356
Test06_NG_chg,충전,NG,806,1,1,3.006719
Test06_NG_chg,충전,NG,807,1,1,2.958853
Test06_NG_chg,충전,NG,808,1,1,4.314318
Test06_NG_chg,충전,NG,809,1,1,3.113913
Test06_NG_chg,충전,NG,810,1,1,4.322581
Test06_NG_chg,충전,NG,811,1,1,3.051385
Test06_NG_chg,충전,NG,812,1,1,2.958695
Test06_NG_chg,충전,NG,813,1,1,3.050633
Test06_NG_chg,충전,NG,814,1,1,2.945025
Test06_NG_chg,충전,NG,815,1,1,4.283399
Test06_NG_chg,충전,NG,816,1,1,2.943046
Test06_NG_chg,충전,NG,817,1,1,2.907238
Test06_NG_chg,충전,NG,818,1,1,2.967851
Test06_NG_chg,충전,NG,819,1,1,2.936064
Test06_NG_chg,충전,NG,820,1,1,4.251754
Test06_NG_chg,충전,NG,821,1,1,4.326432
Test06_NG_chg,충전,NG,822,1,1,2.98449
Test06_NG_chg,충전,NG,823,1,1,2.975639
Test06_NG_chg,충전,NG,824,1,1,2.922636
Test06_NG_chg,충전,NG,825,1,1,4.264167
Test06_NG_chg,충전,NG,826,1,1,4.26089
Test06_NG_chg,충전,NG,827,1,1,3.025254
Test06_NG_chg,충전,NG,828,1,1,4.30002
Test06_NG_chg,충전,NG,829,1,1,2.948389
Test06_NG_chg,충전,NG,830,1,1,2.917648
Test06_NG_chg,충전,NG,831,1,1,4.328751
Test06_NG_chg,충전,NG,832,1,1,3.170346
Test06_NG_chg,충전,NG,833,1,1,4.314845
Test06_NG_chg,충전,NG,834,1,1,4.259988
Test06_NG_chg,충전,NG,835,1,1,5.648722
Test06_NG_chg,충전,NG,836,1,1,2.954954
Test06_NG_chg,충전,NG,837,1,1,4.291106
Test06_NG_chg,충전,NG,838,1,1,4.352364
Test06_NG_chg,충전,NG,839,1,1,1.974112
Test06_NG_chg,충전,NG,840,1,1,3.039227
Test06_NG_chg,충전,NG,841,1,1,3.073531
Test06_NG_chg,충전,NG,842,1,1,3.06401
Test06_NG_chg,충전,NG,843,1,1,3.110164
Test06_NG_chg,충전,NG,844,1,1,3.018923
Test06_NG_chg,충전,NG,845,1,1,3.030612
Test06_NG_chg,충전,NG,846,1,1,3.053071
Test06_NG_chg,충전,NG,847,1,1,4.345072
Test06_NG_chg,충전,NG,848,1,1,4.401483
Test06_NG_chg,충전,NG,849,1,1,3.120367
Test06_NG_chg,충전,NG,850,1,1,3.11328
Test06_NG_chg,충전,NG,851,1,1,3.05557
Test06_NG_chg,충전,NG,852,1,1,4.357596
Test06_NG_chg,충전,NG,853,1,1,48.143525
Test07_NG_dchg,방전,NG,0,0,0,0.168125
Test07_NG_dchg,방전,NG,1,0,0,0.167748
Test07_NG_dchg,방전,NG,2,0,0,0.171837
Test07_NG_dchg,방전,NG,3,0,0,0.160036
Test07_NG_dchg,방전,NG,4,0,0,0.174553
Test07_NG_dchg,방전,NG,5,0,0,0.177203
Test07_NG_dchg,방전,NG,6,0,0,0.173722
Test07_NG_dchg,방전,NG,7,0,0,0.160765
Test07_NG_dchg,방전,NG,8,0,0,0.172797
Test07_NG_dchg,방전,NG,9,0,0,0.173677
Test07_NG_dchg,방전,NG,10,0,0,0.166031
Test07_NG_dchg,방전,NG,11,0,0,0.158891
Test07_NG_dchg,방전,NG,12,0,0,0.159075
Test07_NG_dchg,방전,NG,13,0,0,0.159117
Test07_NG_dchg,방전,NG,14,0,0,0.167049
Test07_NG_dchg,방전,NG,15,0,0,0.171728
Test07_NG_dchg,방전,NG,16,0,0,0.157272
Test07_NG_dchg,방전,NG,17,0,0,0.152132
Test07_NG_dchg,방전,NG,18,0,0,0.149167
Test07_NG_dchg,방전,NG,19,0,0,0.162383
Test07_NG_dchg,방전,NG,20,0,0,0.164116
Test07_NG_dchg,방전,NG,21,0,0,0.149274
Test07_NG_dchg,방전,NG,22,0,0,0.146878
Test07_NG_dchg,방전,NG,23,0,0,0.155558
Test07_NG_dchg,방전,NG,24,0,0,0.143057
Test07_NG_dchg,방전,NG,25,0,0,0.146444
Test07_NG_dchg,방전,NG,26,0,0,0.167107
Test07_NG_dchg,방전,NG,27,0,0,0.157661
Test07_NG_dchg,방전,NG,28,0,0,0.162708
Test07_NG_dchg,방전,NG,29,0,0,0.150952
Test07_NG_dchg,방전,NG,30,0,0,0.146538
Test07_NG_dchg,방전,NG,31,0,0,0.158962
Test07_NG_dchg,방전,NG,32,0,0,0.158613
Test07_NG_dchg,방전,NG,33,0,0,0.153979
Test07_NG_dchg,방전,NG,34,0,0,0.160393
Test07_NG_dchg,방전,NG,35,0,0,0.14591
Test07_NG_dchg,방전,NG,36,0,0,0.14927
Test07_NG_dchg,방전,NG,37,0,0,0.148272
Test07_NG_dchg,방전,NG,38,0,0,0.158128
Test07_NG_dchg,방전,NG,39,0,0,0.162499
Test07_NG_dchg,방전,NG,40,0,0,0.155848
Test07_NG_dchg,방전,NG,41,0,0,0.153782
Test07_NG_dchg,방전,NG,42,0,0,0.145796
Test07_NG_dchg,방전,NG,43,0,0,0.148473
Test07_NG_dchg,방전,NG,44,0,0,0.148985
Test07_NG_dchg,방전,NG,45,0,0,0.14846
Test07_NG_dchg,방전,NG,46,0,0,0.142514
Test07_NG_dchg,방전,NG,47,0,0,0.142974
Test07_NG_dchg,방전,NG,48,0,0,0.143417
Test07_NG_dchg,방전,NG,49,0,0,0.147615
Test07_NG_dchg,방전,NG,50,0,0,0.146272
Test07_NG_dchg,방전,NG,51,0,0,0.163806
Test07_NG_dchg,방전,NG,52,0,0,0.154055
Test07_NG_dchg,방전,NG,53,0,0,0.147401
Test07_NG_dchg,방전,NG,54,0,0,0.158193
Test07_NG_dchg,방전,NG,55,0,0,0.153968
Test07_NG_dchg,방전,NG,56,0,0,0.145719
Test07_NG_dchg,방전,NG,57,0,0,0.141246
Test07_NG_dchg,방전,NG,58,0,0,0.143125
Test07_NG_dchg,방전,NG,59,0,0,0.146847
Test07_NG_dchg,방전,NG,60,0,0,0.151236
Test07_NG_dchg,방전,NG,61,0,0,0.156989
Test07_NG_dchg,방전,NG,62,0,0,0.154472
Test07_NG_dchg,방전,NG,63,0,0,0.153471
Test07_NG_dchg,방전,NG,64,0,0,0.156183
Test07_NG_dchg,방전,NG,65,0,0,0.138958
Test07_NG_dchg,방전,NG,66,0,0,0.152211
Test07_NG_dchg,방전,NG,67,0,0,0.141113
Test07_NG_dchg,방전,NG,68,0,0,0.145258
Test07_NG_dchg,방전,NG,69,0,0,0.159572
Test07_NG_dchg,방전,NG,70,0,0,0.147484
Test07_NG_dchg,방전,NG,71,0,0,0.159272
Test07_NG_dchg,방전,NG,72,0,0,0.165814
Test07_NG_dchg,방전,NG,73,0,0,0.152031
Test07_NG_dchg,방전,NG,74,0,0,0.162021
Test07_NG_dchg,방전,NG,75,0,0,0.151508
Test07_NG_dchg,방전,NG,76,0,0,0.15506
Test07_NG_dchg,방전,NG,77,0,0,0.158721
Test07_NG_dchg,방전,NG,78,0,0,0.145989
Test07_NG_dchg,방전,NG,79,0,0,0.145248
Test07_NG_dchg,방전,NG,80,0,0,0.149214
Test07_NG_dchg,방전,NG,81,0,0,0.146876
Test07_NG_dchg,방전,NG,82,0,0,0.147017
Test07_NG_dchg,방전,NG,83,0,0,0.152943
Test07_NG_dchg,방전,NG,84,0,0,0.155635
Test07_NG_dchg,방전,NG,85,0,0,0.151593
Test07_NG_dchg,방전,NG,86,0,0,0.155894
Test07_NG_dchg,방전,NG,87,0,0,0.156191
Test07_NG_dchg,방전,NG,88,0,0,0.145588
Test07_NG_dchg,방전,NG,89,0,0,0.141287
Test07_NG_dchg,방전,NG,90,0,0,0.148163
Test07_NG_dchg,방전,NG,91,0,0,0.155189
Test07_NG_dchg,방전,NG,92,0,0,0.152321
Test07_NG_dchg,방전,NG,93,0,0,0.151514
Test07_NG_dchg,방전,NG,94,0,0,0.156101
Test07_NG_dchg,방전,NG,95,0,0,0.156248
Test07_NG_dchg,방전,NG,96,0,0,0.147192
Test07_NG_dchg,방전,NG,97,0,0,0.148205
Test07_NG_dchg,방전,NG,98,0,0,0.164574
Test07_NG_dchg,방전,NG,99,0,0,0.143911
Test07_NG_dchg,방전,NG,100,0,0,0.154013
Test07_NG_dchg,방전,NG,101,0,0,0.161055
Test07_NG_dchg,방전,NG,102,0,0,0.156483
Test07_NG_dchg,방전,NG,103,0,0,0.15554
Test07_NG_dchg,방전,NG,104,0,0,0.151994
Test07_NG_dchg,방전,NG,105,0,0,0.149965
Test07_NG_dchg,방전,NG,106,0,0,0.155071
Test07_NG_dchg,방전,NG,107,0,0,0.150906
Test07_NG_dchg,방전,NG,108,0,0,0.156921
Test07_NG_dchg,방전,NG,109,0,0,0.156433
Test07_NG_dchg,방전,NG,110,0,0,0.153129
Test07_NG_dchg,방전,NG,111,0,0,0.15184
Test07_NG_dchg,방전,NG,112,0,0,0.157947
Test07_NG_dchg,방전,NG,113,0,0,0.155342
Test07_NG_dchg,방전,NG,114,0,0,0.148138
Test07_NG_dchg,방전,NG,115,0,0,0.150756
Test07_NG_dchg,방전,NG,116,0,0,0.153068
Test07_NG_dchg,방전,NG,117,0,0,0.155421
Test07_NG_dchg,방전,NG,118,0,0,0.143524
Test07_NG_dchg,방전,NG,119,0,0,0.154305
Test07_NG_dchg,방전,NG,120,0,0,0.149367
Test07_NG_dchg,방전,NG,121,0,0,0.153798
Test07_NG_dchg,방전,NG,122,0,0,0.162979
Test07_NG_dchg,방전,NG,123,0,0,0.150467
Test07_NG_dchg,방전,NG,124,0,0,0.151236
Test07_NG_dchg,방전,NG,125,0,0,0.149677
Test07_NG_dchg,방전,NG,126,0,0,0.162727
Test07_NG_dchg,방전,NG,127,0,0,0.144941
Test07_NG_dchg,방전,NG,128,0,0,0.147519
Test07_NG_dchg,방전,NG,129,0,0,0.148724
Test07_NG_dchg,방전,NG,130,0,0,0.151755
Test07_NG_dchg,방전,NG,131,0,0,0.15806
Test07_NG_dchg,방전,NG,132,0,0,0.162958
Test07_NG_dchg,방전,NG,133,0,0,0.158202
Test07_NG_dchg,방전,NG,134,0,0,0.147871
Test07_NG_dchg,방전,NG,135,0,0,0.143081
Test07_NG_dchg,방전,NG,136,0,0,0.157117
Test07_NG_dchg,방전,NG,137,0,0,0.158494
Test07_NG_dchg,방전,NG,138,0,0,0.159394
Test07_NG_dchg,방전,NG,139,0,0,0.152214
Test07_NG_dchg,방전,NG,140,0,0,0.157978
Test07_NG_dchg,방전,NG,141,0,0,0.152631
Test07_NG_dchg,방전,NG,142,0,0,0.144185
Test07_NG_dchg,방전,NG,143,0,0,0.162282
Test07_NG_dchg,방전,NG,144,0,0,0.145888
Test07_NG_dchg,방전,NG,145,0,0,0.141457
Test07_NG_dchg,방전,NG,146,0,0,0.151998
Test07_NG_dchg,방전,NG,147,0,0,0.151985
Test07_NG_dchg,방전,NG,148,0,0,0.151339
Test07_NG_dchg,방전,NG,149,0,0,0.140669
Test07_NG_dchg,방전,NG,150,0,0,0.153363
Test07_NG_dchg,방전,NG,151,0,0,0.167327
Test07_NG_dchg,방전,NG,152,0,0,0.155027
Test07_NG_dchg,방전,NG,153,0,0,0.160418
Test07_NG_dchg,방전,NG,154,0,0,0.153245
Test07_NG_dchg,방전,NG,155,0,0,0.146795
Test07_NG_dchg,방전,NG,156,0,0,0.153631
Test07_NG_dchg,방전,NG,157,0,0,0.153067
Test07_NG_dchg,방전,NG,158,0,0,0.156564
Test07_NG_dchg,방전,NG,159,0,0,0.153294
Test07_NG_dchg,방전,NG,160,0,0,0.160433
Test07_NG_dchg,방전,NG,161,0,0,0.151634
Test07_NG_dchg,방전,NG,162,0,0,0.150426
Test07_NG_dchg,방전,NG,163,0,0,0.152106
Test07_NG_dchg,방전,NG,164,0,0,0.154521
Test07_NG_dchg,방전,NG,165,0,0,0.156851
Test07_NG_dchg,방전,NG,166,0,0,0.154154
Test07_NG_dchg,방전,NG,167,0,0,0.153974
Test07_NG_dchg,방전,NG,168,0,0,0.151421
Test07_NG_dchg,방전,NG,169,0,0,0.159484
Test07_NG_dchg,방전,NG,170,0,0,0.165894
Test07_NG_dchg,방전,NG,171,0,0,0.153927
Test07_NG_dchg,방전,NG,172,0,0,0.147221
Test07_NG_dchg,방전,NG,173,0,0,0.15344
Test07_NG_dchg,방전,NG,174,0,0,0.15322
Test07_NG_dchg,방전,NG,175,0,0,0.151738
Test07_NG_dchg,방전,NG,176,0,0,0.152057
Test07_NG_dchg,방전,NG,177,0,0,0.155276
Test07_NG_dchg,방전,NG,178,0,0,0.151396
Test07_NG_dchg,방전,NG,179,0,0,0.153071
Test07_NG_dchg,방전,NG,180,0,0,0.144505
Test07_NG_dchg,방전,NG,181,0,0,0.143906
Test07_NG_dchg,방전,NG,182,0,0,0.154156
Test07_NG_dchg,방전,NG,183,0,0,0.15217
Test07_NG_dchg,방전,NG,184,0,0,0.145221
Test07_NG_dchg,방전,NG,185,0,0,0.157477
Test07_NG_dchg,방전,NG,186,0,0,0.156316
Test07_NG_dchg,방전,NG,187,0,0,0.14663
Test07_NG_dchg,방전,NG,188,0,0,0.156105
Test07_NG_dchg,방전,NG,189,0,0,0.149883
Test07_NG_dchg,방전,NG,190,0,0,0.148713
Test07_NG_dchg,방전,NG,191,0,0,0.159426
Test07_NG_dchg,방전,NG,192,0,0,0.156018
Test07_NG_dchg,방전,NG,193,0,0,0.14735
Test07_NG_dchg,방전,NG,194,0,0,0.164291
Test07_NG_dchg,방전,NG,195,0,0,0.15411
Test07_NG_dchg,방전,NG,196,0,0,0.152054
Test07_NG_dchg,방전,NG,197,0,0,0.160364
Test07_NG_dchg,방전,NG,198,0,0,0.153016
Test07_NG_dchg,방전,NG,199,0,0,0.155818
Test07_NG_dchg,방전,NG,200,0,0,0.151511
Test07_NG_dchg,방전,NG,201,0,0,0.151666
Test07_NG_dchg,방전,NG,202,0,0,0.144831
Test07_NG_dchg,방전,NG,203,0,0,0.152049
Test07_NG_dchg,방전,NG,204,0,0,0.156607
Test07_NG_dchg,방전,NG,205,0,0,0.156758
Test07_NG_dchg,방전,NG,206,0,0,0.150885
Test07_NG_dchg,방전,NG,207,0,0,0.153528
Test07_NG_dchg,방전,NG,208,0,0,0.150244
Test07_NG_dchg,방전,NG,209,0,0,0.159489
Test07_NG_dchg,방전,NG,210,0,0,0.147839
Test07_NG_dchg,방전,NG,211,0,0,0.151186
Test07_NG_dchg,방전,NG,212,0,0,0.153286
Test07_NG_dchg,방전,NG,213,0,0,0.157904
Test07_NG_dchg,방전,NG,214,0,0,0.147166
Test07_NG_dchg,방전,NG,215,0,0,0.142771
Test07_NG_dchg,방전,NG,216,0,0,0.16457
Test07_NG_dchg,방전,NG,217,0,0,1.37347
Test07_NG_dchg,방전,NG,218,0,0,1.447779
Test07_NG_dchg,방전,NG,219,0,0,0.167332
Test07_NG_dchg,방전,NG,220,0,0,0.154626
Test07_NG_dchg,방전,NG,221,0,0,0.145387
Test07_NG_dchg,방전,NG,222,0,0,0.157505
Test07_NG_dchg,방전,NG,223,0,0,0.156962
Test07_NG_dchg,방전,NG,224,0,0,0.163746
Test07_NG_dchg,방전,NG,225,0,0,0.155204
Test07_NG_dchg,방전,NG,226,0,0,0.154788
Test07_NG_dchg,방전,NG,227,0,0,0.171344
Test07_NG_dchg,방전,NG,228,0,0,0.158565
Test07_NG_dchg,방전,NG,229,0,0,0.157021
Test07_NG_dchg,방전,NG,230,0,0,0.151118
Test07_NG_dchg,방전,NG,231,0,0,0.150178
Test07_NG_dchg,방전,NG,232,0,0,0.15393
Test07_NG_dchg,방전,NG,233,0,0,0.15571
Test07_NG_dchg,방전,NG,234,0,0,0.166661
Test07_NG_dchg,방전,NG,235,0,0,0.151405
Test07_NG_dchg,방전,NG,236,0,0,0.154277
Test07_NG_dchg,방전,NG,237,0,0,0.168452
Test07_NG_dchg,방전,NG,238,0,0,0.149387
Test07_NG_dchg,방전,NG,239,0,0,0.159354
Test07_NG_dchg,방전,NG,240,0,0,1.372678
Test07_NG_dchg,방전,NG,241,0,0,1.466156
Test07_NG_dchg,방전,NG,242,0,0,0.149808
Test07_NG_dchg,방전,NG,243,0,0,0.146392
Test07_NG_dchg,방전,NG,244,0,0,0.156288
Test07_NG_dchg,방전,NG,245,0,0,0.157964
Test07_NG_dchg,방전,NG,246,0,0,0.156294
Test07_NG_dchg,방전,NG,247,0,0,0.151273
Test07_NG_dchg,방전,NG,248,0,0,0.152798
Test07_NG_dchg,방전,NG,249,0,0,0.160148
Test07_NG_dchg,방전,NG,250,0,0,0.147741
Test07_NG_dchg,방전,NG,251,0,0,0.144119
Test07_NG_dchg,방전,NG,252,0,0,0.155786
Test07_NG_dchg,방전,NG,253,0,0,0.164933
Test07_NG_dchg,방전,NG,254,0,0,0.15995
Test07_NG_dchg,방전,NG,255,0,0,0.157312
Test07_NG_dchg,방전,NG,256,0,0,0.15269
Test07_NG_dchg,방전,NG,257,0,0,0.154711
Test07_NG_dchg,방전,NG,258,0,0,0.153421
Test07_NG_dchg,방전,NG,259,0,0,0.151929
Test07_NG_dchg,방전,NG,260,0,0,0.157219
Test07_NG_dchg,방전,NG,261,0,0,0.165967
Test07_NG_dchg,방전,NG,262,0,0,0.155644
Test07_NG_dchg,방전,NG,263,0,0,0.154769
Test07_NG_dchg,방전,NG,264,0,0,0.157604
Test07_NG_dchg,방전,NG,265,0,0,0.170132
Test07_NG_dchg,방전,NG,266,0,0,0.159037
Test07_NG_dchg,방전,NG,267,0,0,0.156333
Test07_NG_dchg,방전,NG,268,0,0,0.165278
Test07_NG_dchg,방전,NG,269,0,0,0.15569
Test07_NG_dchg,방전,NG,270,0,0,0.159312
Test07_NG_dchg,방전,NG,271,0,0,0.158306
Test07_NG_dchg,방전,NG,272,0,0,0.15406
Test07_NG_dchg,방전,NG,273,0,0,0.156438
Test07_NG_dchg,방전,NG,274,0,0,1.377186
Test07_NG_dchg,방전,NG,275,0,0,1.462511
Test07_NG_dchg,방전,NG,276,0,0,0.156803
Test07_NG_dchg,방전,NG,277,0,0,0.165314
Test07_NG_dchg,방전,NG,278,0,0,1.376596
Test07_NG_dchg,방전,NG,279,0,0,1.470976
Test07_NG_dchg,방전,NG,280,0,0,0.148758
Test07_NG_dchg,방전,NG,281,0,0,1.366832
Test07_NG_dchg,방전,NG,282,0,0,1.460662
Test07_NG_dchg,방전,NG,283,0,0,0.159738
Test07_NG_dchg,방전,NG,284,0,0,0.158584
Test07_NG_dchg,방전,NG,285,0,0,0.155015
Test07_NG_dchg,방전,NG,286,0,0,0.151374
Test07_NG_dchg,방전,NG,287,0,0,1.375538
Test07_NG_dchg,방전,NG,288,0,0,1.464991
Test07_NG_dchg,방전,NG,289,0,0,0.15265
Test07_NG_dchg,방전,NG,290,0,0,0.153532
Test07_NG_dchg,방전,NG,291,0,0,0.173346
Test07_NG_dchg,방전,NG,292,0,0,1.383543
Test07_NG_dchg,방전,NG,293,0,0,0.152579
Test07_NG_dchg,방전,NG,294,0,0,1.464853
Test07_NG_dchg,방전,NG,295,0,0,1.37519
Test07_NG_dchg,방전,NG,296,0,0,1.451712
Test07_NG_dchg,방전,NG,297,0,0,1.378563
Test07_NG_dchg,방전,NG,298,0,0,1.453738
Test07_NG_dchg,방전,NG,299,0,0,1.380002
Test07_NG_dchg,방전,NG,300,0,0,0.150893
Test07_NG_dchg,방전,NG,301,0,0,1.463242
Test07_NG_dchg,방전,NG,302,0,0,1.37502
Test07_NG_dchg,방전,NG,303,0,0,0.153566
Test07_NG_dchg,방전,NG,304,0,0,0.142576
Test07_NG_dchg,방전,NG,305,0,0,1.458538
Test07_NG_dchg,방전,NG,306,0,0,1.366976
Test07_NG_dchg,방전,NG,307,0,0,1.465822
Test07_NG_dchg,방전,NG,308,0,0,1.375254
Test07_NG_dchg,방전,NG,309,0,0,1.471951
Test07_NG_dchg,방전,NG,310,0,0,1.380694
Test07_NG_dchg,방전,NG,311,0,0,1.465853
Test07_NG_dchg,방전,NG,312,0,0,0.148995
Test07_NG_dchg,방전,NG,313,0,0,1.379015
Test07_NG_dchg,방전,NG,314,0,0,1.46506
Test07_NG_dchg,방전,NG,315,0,0,1.392176
Test07_NG_dchg,방전,NG,316,0,0,0.15215
Test07_NG_dchg,방전,NG,317,0,0,1.45854
Test07_NG_dchg,방전,NG,318,0,0,0.162517
Test07_NG_dchg,방전,NG,319,0,0,1.378554
Test07_NG_dchg,방전,NG,320,0,0,0.151759
Test07_NG_dchg,방전,NG,321,0,0,1.461829
Test07_NG_dchg,방전,NG,322,0,0,0.145525
Test07_NG_dchg,방전,NG,323,0,0,1.37637
Test07_NG_dchg,방전,NG,324,0,0,1.459727
Test07_NG_dchg,방전,NG,325,0,0,1.37672
Test07_NG_dchg,방전,NG,326,0,0,0.161633
Test07_NG_dchg,방전,NG,327,0,0,1.472948
Test07_NG_dchg,방전,NG,328,0,0,0.171861
Test07_NG_dchg,방전,NG,329,0,0,1.379212
Test07_NG_dchg,방전,NG,330,0,0,1.460613
Test07_NG_dchg,방전,NG,331,0,0,0.147835
Test07_NG_dchg,방전,NG,332,0,0,1.366952
Test07_NG_dchg,방전,NG,333,0,0,1.458554
Test07_NG_dchg,방전,NG,334,0,0,0.149767
Test07_NG_dchg,방전,NG,335,0,0,1.366459
Test07_NG_dchg,방전,NG,336,0,0,0.155661
Test07_NG_dchg,방전,NG,337,0,0,0.143878
Test07_NG_dchg,방전,NG,338,0,0,0.155711
Test07_NG_dchg,방전,NG,339,0,0,0.151495
Test07_NG_dchg,방전,NG,340,0,0,0.14926
Test07_NG_dchg,방전,NG,341,0,0,0.135928
Test07_NG_dchg,방전,NG,342,0,0,0.145472
Test07_NG_dchg,방전,NG,343,0,0,1.464738
Test07_NG_dchg,방전,NG,344,0,0,0.160615
Test07_NG_dchg,방전,NG,345,0,0,1.380001
Test07_NG_dchg,방전,NG,346,0,0,1.458116
Test07_NG_dchg,방전,NG,347,0,0,1.380569
Test07_NG_dchg,방전,NG,348,0,0,0.147053
Test07_NG_dchg,방전,NG,349,0,0,1.472429
Test07_NG_dchg,방전,NG,350,0,0,0.14906
Test07_NG_dchg,방전,NG,351,0,0,1.383662
Test07_NG_dchg,방전,NG,352,0,0,0.15083
Test07_NG_dchg,방전,NG,353,0,0,0.144569
Test07_NG_dchg,방전,NG,354,0,0,0.148432
Test07_NG_dchg,방전,NG,355,0,0,0.154199
Test07_NG_dchg,방전,NG,356,0,0,1.457829
Test07_NG_dchg,방전,NG,357,0,0,1.369874
Test07_NG_dchg,방전,NG,358,0,0,0.144436
Test07_NG_dchg,방전,NG,359,0,0,0.154668
Test07_NG_dchg,방전,NG,360,0,0,0.145228
Test07_NG_dchg,방전,NG,361,0,0,0.164967
Test07_NG_dchg,방전,NG,362,0,0,0.14335
Test07_NG_dchg,방전,NG,363,0,0,0.158435
Test07_NG_dchg,방전,NG,364,0,0,0.149825
Test07_NG_dchg,방전,NG,365,0,0,0.155085
Test07_NG_dchg,방전,NG,366,0,0,0.152261
Test07_NG_dchg,방전,NG,367,0,0,0.146802
Test07_NG_dchg,방전,NG,368,0,0,1.464239
Test07_NG_dchg,방전,NG,369,0,0,1.370442
Test07_NG_dchg,방전,NG,370,0,0,0.159478
Test07_NG_dchg,방전,NG,371,0,0,0.159167
Test07_NG_dchg,방전,NG,372,0,0,0.177198
Test07_NG_dchg,방전,NG,373,0,0,0.149469
Test07_NG_dchg,방전,NG,374,0,0,0.153503
Test07_NG_dchg,방전,NG,375,0,0,0.15505
Test07_NG_dchg,방전,NG,376,0,0,1.46225
Test07_NG_dchg,방전,NG,377,0,0,1.382609
Test07_NG_dchg,방전,NG,378,0,0,0.148637
Test07_NG_dchg,방전,NG,379,0,0,0.155891
Test07_NG_dchg,방전,NG,380,0,0,0.143918
Test07_NG_dchg,방전,NG,381,0,0,0.154453
Test07_NG_dchg,방전,NG,382,0,0,0.147154
Test07_NG_dchg,방전,NG,383,0,0,0.153976
Test07_NG_dchg,방전,NG,384,0,0,0.145478
Test07_NG_dchg,방전,NG,385,0,0,0.142507
Test07_NG_dchg,방전,NG,386,0,0,0.148902
Test07_NG_dchg,방전,NG,387,0,0,0.156805
Test07_NG_dchg,방전,NG,388,0,0,0.156226
Test07_NG_dchg,방전,NG,389,0,0,0.161016
Test07_NG_dchg,방전,NG,390,0,0,1.456437
Test07_NG_dchg,방전,NG,391,0,0,1.372027
Test07_NG_dchg,방전,NG,392,0,0,0.158439
Test07_NG_dchg,방전,NG,393,0,0,0.147425
Test07_NG_dchg,방전,NG,394,0,0,0.144029
Test07_NG_dchg,방전,NG,395,0,0,0.147029
Test07_NG_dchg,방전,NG,396,0,0,0.14666
Test07_NG_dchg,방전,NG,397,0,0,1.463304
Test07_NG_dchg,방전,NG,398,0,0,1.382508
Test07_NG_dchg,방전,NG,399,0,0,0.168528
Test07_NG_dchg,방전,NG,400,0,0,0.151085
Test07_NG_dchg,방전,NG,401,0,0,0.147074
Test07_NG_dchg,방전,NG,402,0,0,0.145567
Test07_NG_dchg,방전,NG,403,0,0,0.148501
Test07_NG_dchg,방전,NG,404,0,0,0.146228
Test07_NG_dchg,방전,NG,405,0,0,0.14271
Test07_NG_dchg,방전,NG,406,0,0,0.147144
Test07_NG_dchg,방전,NG,407,0,0,0.150772
Test07_NG_dchg,방전,NG,408,0,0,0.148686
Test07_NG_dchg,방전,NG,409,0,0,0.148639
Test07_NG_dchg,방전,NG,410,0,0,0.158158
Test07_NG_dchg,방전,NG,411,0,0,0.146938
Test07_NG_dchg,방전,NG,412,0,0,0.154472
Test07_NG_dchg,방전,NG,413,0,0,0.149158
Test07_NG_dchg,방전,NG,414,0,0,0.145991
Test07_NG_dchg,방전,NG,415,0,0,0.144626
Test07_NG_dchg,방전,NG,416,0,0,0.142865
Test07_NG_dchg,방전,NG,417,0,0,0.145004
Test07_NG_dchg,방전,NG,418,0,0,0.149353
Test07_NG_dchg,방전,NG,419,0,0,0.142829
Test07_NG_dchg,방전,NG,420,0,0,0.153175
Test07_NG_dchg,방전,NG,421,0,0,0.158366
Test07_NG_dchg,방전,NG,422,0,0,0.146686
Test07_NG_dchg,방전,NG,423,0,0,0.159895
Test07_NG_dchg,방전,NG,424,0,0,0.143121
Test07_NG_dchg,방전,NG,425,0,0,0.155749
Test07_NG_dchg,방전,NG,426,0,0,0.144976
Test07_NG_dchg,방전,NG,427,0,0,0.145207
Test07_NG_dchg,방전,NG,428,0,0,0.144212
Test07_NG_dchg,방전,NG,429,0,0,0.155035
Test07_NG_dchg,방전,NG,430,0,0,0.146345
Test07_NG_dchg,방전,NG,431,0,0,0.156537
Test07_NG_dchg,방전,NG,432,0,0,0.14552
Test07_NG_dchg,방전,NG,433,0,0,0.147409
Test07_NG_dchg,방전,NG,434,0,0,0.156832
Test07_NG_dchg,방전,NG,435,0,0,0.15514
Test07_NG_dchg,방전,NG,436,0,0,0.161508
Test07_NG_dchg,방전,NG,437,0,0,0.150668
Test07_NG_dchg,방전,NG,438,0,0,0.14029
Test07_NG_dchg,방전,NG,439,0,0,0.153199
Test07_NG_dchg,방전,NG,440,0,0,0.155938
Test07_NG_dchg,방전,NG,441,0,0,0.148726
Test07_NG_dchg,방전,NG,442,0,0,0.169556
Test07_NG_dchg,방전,NG,443,0,0,0.146388
Test07_NG_dchg,방전,NG,444,0,0,0.148465
Test07_NG_dchg,방전,NG,445,0,0,0.151218
Test07_NG_dchg,방전,NG,446,0,0,0.15629
Test07_NG_dchg,방전,NG,447,0,0,0.144333
Test07_NG_dchg,방전,NG,448,0,0,0.140403
Test07_NG_dchg,방전,NG,449,0,0,0.146712
Test07_NG_dchg,방전,NG,450,0,0,0.142602
Test07_NG_dchg,방전,NG,451,0,0,0.154563
Test07_NG_dchg,방전,NG,452,0,0,0.151268
Test07_NG_dchg,방전,NG,453,0,0,0.157372
Test07_NG_dchg,방전,NG,454,0,0,0.151486
Test07_NG_dchg,방전,NG,455,0,0,0.143049
Test07_NG_dchg,방전,NG,456,0,0,0.163007
Test07_NG_dchg,방전,NG,457,0,0,0.161544
Test07_NG_dchg,방전,NG,458,0,0,0.150129
Test07_NG_dchg,방전,NG,459,0,0,0.146735
Test07_NG_dchg,방전,NG,460,0,0,0.148263
Test07_NG_dchg,방전,NG,461,0,0,0.15789
Test07_NG_dchg,방전,NG,462,0,0,0.142187
Test07_NG_dchg,방전,NG,463,0,0,0.157877
Test07_NG_dchg,방전,NG,464,0,0,0.150534
Test07_NG_dchg,방전,NG,465,0,0,0.15083
Test07_NG_dchg,방전,NG,466,0,0,0.154098
Test07_NG_dchg,방전,NG,467,0,0,0.147087
Test07_NG_dchg,방전,NG,468,0,0,0.155022
Test07_NG_dchg,방전,NG,469,0,0,0.148757
Test07_NG_dchg,방전,NG,470,0,0,0.155917
Test07_NG_dchg,방전,NG,471,0,0,0.143524
Test07_NG_dchg,방전,NG,472,0,0,0.14841
Test07_NG_dchg,방전,NG,473,0,0,0.155112
Test07_NG_dchg,방전,NG,474,0,0,0.154004
Test07_NG_dchg,방전,NG,475,0,0,0.156831
Test07_NG_dchg,방전,NG,476,0,0,0.156409
Test07_NG_dchg,방전,NG,477,0,0,0.149396
Test07_NG_dchg,방전,NG,478,0,0,0.141095
Test07_NG_dchg,방전,NG,479,0,0,0.169632
Test07_NG_dchg,방전,NG,480,0,0,0.143077
Test07_NG_dchg,방전,NG,481,0,0,0.154858
Test07_NG_dchg,방전,NG,482,0,0,0.147814
Test07_NG_dchg,방전,NG,483,0,0,0.149902
Test07_NG_dchg,방전,NG,484,0,0,0.156864
Test07_NG_dchg,방전,NG,485,0,0,0.154736
Test07_NG_dchg,방전,NG,486,0,0,0.147538
Test07_NG_dchg,방전,NG,487,0,0,0.15529
Test07_NG_dchg,방전,NG,488,0,0,0.159024
Test07_NG_dchg,방전,NG,489,0,0,0.155506
Test07_NG_dchg,방전,NG,490,0,0,0.160794
Test07_NG_dchg,방전,NG,491,0,0,0.143246
Test07_NG_dchg,방전,NG,492,0,0,0.149868
Test07_NG_dchg,방전,NG,493,0,0,0.148069
Test07_NG_dchg,방전,NG,494,0,0,0.148762
Test07_NG_dchg,방전,NG,495,0,0,0.164327
Test07_NG_dchg,방전,NG,496,0,0,0.138241
Test07_NG_dchg,방전,NG,497,0,0,0.146049
Test07_NG_dchg,방전,NG,498,0,0,0.156949
Test07_NG_dchg,방전,NG,499,0,0,0.149509
Test07_NG_dchg,방전,NG,500,0,0,0.147467
Test07_NG_dchg,방전,NG,501,0,0,0.148983
Test07_NG_dchg,방전,NG,502,0,0,0.150833
Test07_NG_dchg,방전,NG,503,0,0,0.14355
Test07_NG_dchg,방전,NG,504,0,0,0.166719
Test07_NG_dchg,방전,NG,505,0,0,0.151376
Test07_NG_dchg,방전,NG,506,0,0,0.150487
Test07_NG_dchg,방전,NG,507,0,0,0.147687
Test07_NG_dchg,방전,NG,508,0,0,0.150679
Test07_NG_dchg,방전,NG,509,0,0,0.147909
Test07_NG_dchg,방전,NG,510,0,0,0.156539
Test07_NG_dchg,방전,NG,511,0,0,0.15002
Test07_NG_dchg,방전,NG,512,0,0,0.165222
Test07_NG_dchg,방전,NG,513,0,0,0.142899
Test07_NG_dchg,방전,NG,514,0,0,0.167333
Test07_NG_dchg,방전,NG,515,0,0,0.167401
Test07_NG_dchg,방전,NG,516,0,0,0.164391
Test07_NG_dchg,방전,NG,517,0,0,0.153083
Test07_NG_dchg,방전,NG,518,0,0,0.148308
Test07_NG_dchg,방전,NG,519,0,0,0.149006
Test07_NG_dchg,방전,NG,520,0,0,0.159992
Test07_NG_dchg,방전,NG,521,0,0,0.151497
Test07_NG_dchg,방전,NG,522,0,0,0.150809
Test07_NG_dchg,방전,NG,523,0,0,0.148686
Test07_NG_dchg,방전,NG,524,0,0,0.184373
Test07_NG_dchg,방전,NG,525,0,0,0.149145
Test07_NG_dchg,방전,NG,526,0,0,0.150847
Test07_NG_dchg,방전,NG,527,0,0,0.149882
Test07_NG_dchg,방전,NG,528,0,0,0.149672
Test07_NG_dchg,방전,NG,529,0,0,0.14649
Test07_NG_dchg,방전,NG,530,0,0,0.163903
Test07_NG_dchg,방전,NG,531,0,0,0.146855
Test07_NG_dchg,방전,NG,532,0,0,0.143668
Test07_NG_dchg,방전,NG,533,0,0,0.147602
Test07_NG_dchg,방전,NG,534,0,0,0.183519
Test07_NG_dchg,방전,NG,535,0,0,0.140661
Test07_NG_dchg,방전,NG,536,0,0,0.153664
Test07_NG_dchg,방전,NG,537,0,0,0.150699
Test07_NG_dchg,방전,NG,538,0,0,0.14776
Test07_NG_dchg,방전,NG,539,0,0,0.160279
Test07_NG_dchg,방전,NG,540,0,0,0.164848
Test07_NG_dchg,방전,NG,541,0,0,0.146097
Test07_NG_dchg,방전,NG,542,0,0,0.151932
Test07_NG_dchg,방전,NG,543,0,0,0.162984
Test07_NG_dchg,방전,NG,544,0,0,0.149522
Test07_NG_dchg,방전,NG,545,0,0,0.148539
Test07_NG_dchg,방전,NG,546,0,0,0.152006
Test07_NG_dchg,방전,NG,547,0,0,0.150781
Test07_NG_dchg,방전,NG,548,0,0,0.155663
Test07_NG_dchg,방전,NG,549,0,0,0.150255
Test07_NG_dchg,방전,NG,550,0,0,0.167034
Test07_NG_dchg,방전,NG,551,0,0,0.157548
Test07_NG_dchg,방전,NG,552,0,0,0.157252
Test07_NG_dchg,방전,NG,553,0,0,0.150872
Test07_NG_dchg,방전,NG,554,0,0,0.151801
Test07_NG_dchg,방전,NG,555,0,0,0.158422
Test07_NG_dchg,방전,NG,556,0,0,0.156731
Test07_NG_dchg,방전,NG,557,0,0,0.150035
Test07_NG_dchg,방전,NG,558,0,0,0.152695
Test07_NG_dchg,방전,NG,559,0,0,0.159247
Test07_NG_dchg,방전,NG,560,0,0,0.153568
Test07_NG_dchg,방전,NG,561,0,0,0.152157
Test07_NG_dchg,방전,NG,562,0,0,0.149284
Test07_NG_dchg,방전,NG,563,0,0,0.14527
Test07_NG_dchg,방전,NG,564,0,0,0.150715
Test07_NG_dchg,방전,NG,565,0,0,0.150143
Test07_NG_dchg,방전,NG,566,0,0,0.158992
Test07_NG_dchg,방전,NG,567,0,0,0.154535
Test07_NG_dchg,방전,NG,568,0,0,0.14903
Test07_NG_dchg,방전,NG,569,0,0,0.145317
Test07_NG_dchg,방전,NG,570,0,0,0.149199
Test07_NG_dchg,방전,NG,571,0,0,0.1511
Test07_NG_dchg,방전,NG,572,0,0,0.155914
Test07_NG_dchg,방전,NG,573,0,0,0.155201
Test07_NG_dchg,방전,NG,574,0,0,0.147638
Test07_NG_dchg,방전,NG,575,0,0,0.164765
Test07_NG_dchg,방전,NG,576,0,0,0.151284
Test07_NG_dchg,방전,NG,577,0,0,0.150315
Test07_NG_dchg,방전,NG,578,0,0,0.15165
Test07_NG_dchg,방전,NG,579,0,0,0.156028
Test07_NG_dchg,방전,NG,580,0,0,0.152204
Test07_NG_dchg,방전,NG,581,0,0,0.155397
Test07_NG_dchg,방전,NG,582,0,0,0.147905
Test07_NG_dchg,방전,NG,583,0,0,0.150696
Test07_NG_dchg,방전,NG,584,0,0,0.140586
Test07_NG_dchg,방전,NG,585,0,0,0.150658
Test07_NG_dchg,방전,NG,586,0,0,0.151174
Test07_NG_dchg,방전,NG,587,0,0,0.150653
Test07_NG_dchg,방전,NG,588,0,0,0.149618
Test07_NG_dchg,방전,NG,589,0,0,0.152348
Test07_NG_dchg,방전,NG,590,0,0,0.149775
Test07_NG_dchg,방전,NG,591,0,0,0.148146
Test07_NG_dchg,방전,NG,592,0,0,0.151516
Test07_NG_dchg,방전,NG,593,0,0,0.164937
Test07_NG_dchg,방전,NG,594,0,0,0.152882
Test07_NG_dchg,방전,NG,595,0,0,0.163681
Test07_NG_dchg,방전,NG,596,0,0,0.149753
Test07_NG_dchg,방전,NG,597,0,0,0.150717
Test07_NG_dchg,방전,NG,598,0,0,0.151939
Test07_NG_dchg,방전,NG,599,0,0,0.153261
Test07_NG_dchg,방전,NG,600,0,0,0.150015
Test07_NG_dchg,방전,NG,601,0,0,0.148903
Test07_NG_dchg,방전,NG,602,0,0,0.161646
Test07_NG_dchg,방전,NG,603,0,0,0.164853
Test07_NG_dchg,방전,NG,604,0,0,0.153313
Test07_NG_dchg,방전,NG,605,0,0,0.152162
Test07_NG_dchg,방전,NG,606,0,0,0.161799
Test07_NG_dchg,방전,NG,607,0,0,0.155589
Test07_NG_dchg,방전,NG,608,0,0,0.168478
Test07_NG_dchg,방전,NG,609,0,0,0.15182
Test07_NG_dchg,방전,NG,610,0,0,0.153641
Test07_NG_dchg,방전,NG,611,0,0,0.152554
Test07_NG_dchg,방전,NG,612,0,0,0.157472
Test07_NG_dchg,방전,NG,613,0,0,0.144314
Test07_NG_dchg,방전,NG,614,0,0,0.163277
Test07_NG_dchg,방전,NG,615,0,0,0.15664
Test07_NG_dchg,방전,NG,616,0,0,0.163844
Test07_NG_dchg,방전,NG,617,0,0,0.151592
Test07_NG_dchg,방전,NG,618,0,0,0.151377
Test07_NG_dchg,방전,NG,619,0,0,0.151931
Test07_NG_dchg,방전,NG,620,0,0,0.164213
Test07_NG_dchg,방전,NG,621,0,0,0.1497
Test07_NG_dchg,방전,NG,622,0,0,0.160322
Test07_NG_dchg,방전,NG,623,0,0,0.155761
Test07_NG_dchg,방전,NG,624,0,0,0.172224
Test07_NG_dchg,방전,NG,625,0,0,0.163541
Test07_NG_dchg,방전,NG,626,0,0,0.154689
Test07_NG_dchg,방전,NG,627,0,0,0.156284
Test07_NG_dchg,방전,NG,628,0,0,0.155115
Test07_NG_dchg,방전,NG,629,0,0,0.142044
Test07_NG_dchg,방전,NG,630,0,0,0.143489
Test07_NG_dchg,방전,NG,631,0,0,0.15833
Test07_NG_dchg,방전,NG,632,0,0,0.191849
Test07_NG_dchg,방전,NG,633,0,0,0.167573
Test07_NG_dchg,방전,NG,634,0,0,0.161014
Test07_NG_dchg,방전,NG,635,0,0,0.158237
Test07_NG_dchg,방전,NG,636,0,0,0.158159
Test07_NG_dchg,방전,NG,637,0,0,0.16061
Test07_NG_dchg,방전,NG,638,0,0,0.165812
Test07_NG_dchg,방전,NG,639,0,0,0.162667
Test07_NG_dchg,방전,NG,640,0,0,0.154553
Test07_NG_dchg,방전,NG,641,0,0,0.165977
Test07_NG_dchg,방전,NG,642,0,0,0.164963
Test07_NG_dchg,방전,NG,643,0,0,0.154769
Test07_NG_dchg,방전,NG,644,0,0,0.156087
Test07_NG_dchg,방전,NG,645,0,0,0.155787
Test07_NG_dchg,방전,NG,646,0,0,0.170454
Test07_NG_dchg,방전,NG,647,0,0,0.161626
Test07_NG_dchg,방전,NG,648,0,0,0.159973
Test07_NG_dchg,방전,NG,649,0,0,0.150792
Test07_NG_dchg,방전,NG,650,0,0,0.156614
Test07_NG_dchg,방전,NG,651,0,0,0.148501
Test07_NG_dchg,방전,NG,652,0,0,0.158997
Test07_NG_dchg,방전,NG,653,0,0,0.146361
Test07_NG_dchg,방전,NG,654,0,0,0.154447
Test07_NG_dchg,방전,NG,655,0,0,0.16677
Test07_NG_dchg,방전,NG,656,0,0,0.171509
Test07_NG_dchg,방전,NG,657,0,0,0.151386
Test07_NG_dchg,방전,NG,658,0,0,0.145671
Test07_NG_dchg,방전,NG,659,0,0,0.159848
Test07_NG_dchg,방전,NG,660,0,0,0.15877
Test07_NG_dchg,방전,NG,661,0,0,0.158198
Test07_NG_dchg,방전,NG,662,0,0,0.157311
Test07_NG_dchg,방전,NG,663,0,0,0.156589
Test07_NG_dchg,방전,NG,664,0,0,0.163795
Test07_NG_dchg,방전,NG,665,0,0,0.164416
Test07_NG_dchg,방전,NG,666,0,0,0.159962
Test07_NG_dchg,방전,NG,667,0,0,0.166035
Test07_NG_dchg,방전,NG,668,0,0,0.15031
Test07_NG_dchg,방전,NG,669,0,0,0.155813
Test07_NG_dchg,방전,NG,670,0,0,0.154278
Test07_NG_dchg,방전,NG,671,0,0,0.161763
Test07_NG_dchg,방전,NG,672,0,0,0.169258
Test07_NG_dchg,방전,NG,673,0,0,0.157924
Test07_NG_dchg,방전,NG,674,0,0,0.163542
Test07_NG_dchg,방전,NG,675,0,0,0.161812
Test07_NG_dchg,방전,NG,676,0,0,0.15346
Test07_NG_dchg,방전,NG,677,0,0,0.158309
Test07_NG_dchg,방전,NG,678,0,0,0.162796
Test07_NG_dchg,방전,NG,679,0,0,0.162136
Test07_NG_dchg,방전,NG,680,0,0,0.151474
Test07_NG_dchg,방전,NG,681,0,0,0.150747
Test07_NG_dchg,방전,NG,682,0,0,0.153936
Test07_NG_dchg,방전,NG,683,0,0,0.164724
Test07_NG_dchg,방전,NG,684,0,0,0.153426
Test07_NG_dchg,방전,NG,685,0,0,0.152521
Test07_NG_dchg,방전,NG,686,0,0,0.156033
Test07_NG_dchg,방전,NG,687,0,0,0.155265
Test07_NG_dchg,방전,NG,688,0,0,0.154408
Test07_NG_dchg,방전,NG,689,0,0,0.151467
Test07_NG_dchg,방전,NG,690,0,0,0.151394
Test07_NG_dchg,방전,NG,691,0,0,0.155924
Test07_NG_dchg,방전,NG,692,0,0,0.155556
Test07_NG_dchg,방전,NG,693,0,0,0.165533
Test07_NG_dchg,방전,NG,694,0,0,0.16687
Test07_NG_dchg,방전,NG,695,0,0,0.159243
Test07_NG_dchg,방전,NG,696,0,0,0.161758
Test07_NG_dchg,방전,NG,697,0,0,0.167685
Test07_NG_dchg,방전,NG,698,0,0,0.152441
Test07_NG_dchg,방전,NG,699,0,0,0.16847
Test07_NG_dchg,방전,NG,700,0,0,0.152584
Test07_NG_dchg,방전,NG,701,0,0,0.156631
Test07_NG_dchg,방전,NG,702,0,0,0.161446
Test07_NG_dchg,방전,NG,703,0,0,0.153155
Test07_NG_dchg,방전,NG,704,0,0,0.153954
Test07_NG_dchg,방전,NG,705,0,0,0.156061
Test07_NG_dchg,방전,NG,706,0,0,0.155371
Test07_NG_dchg,방전,NG,707,0,0,0.16634
Test07_NG_dchg,방전,NG,708,0,0,0.15857
Test07_NG_dchg,방전,NG,709,0,0,0.158697
Test07_NG_dchg,방전,NG,710,0,0,0.16619
Test07_NG_dchg,방전,NG,711,0,0,0.154389
Test07_NG_dchg,방전,NG,712,0,0,0.152365
Test07_NG_dchg,방전,NG,713,0,0,0.156722
Test07_NG_dchg,방전,NG,714,0,0,0.179918
Test07_NG_dchg,방전,NG,715,0,0,0.165596
Test07_NG_dchg,방전,NG,716,0,0,0.148583
Test07_NG_dchg,방전,NG,717,0,0,0.149477
Test07_NG_dchg,방전,NG,718,0,0,0.153181
Test07_NG_dchg,방전,NG,719,0,0,0.162417
Test07_NG_dchg,방전,NG,720,0,0,0.154565
Test07_NG_dchg,방전,NG,721,0,0,0.173198
Test07_NG_dchg,방전,NG,722,0,0,0.163421
Test07_NG_dchg,방전,NG,723,0,0,0.154081
Test07_NG_dchg,방전,NG,724,0,0,0.14543
Test07_NG_dchg,방전,NG,725,0,0,0.157561
Test07_NG_dchg,방전,NG,726,0,0,0.160358
Test07_NG_dchg,방전,NG,727,0,0,0.158658
Test07_NG_dchg,방전,NG,728,0,0,0.163087
Test07_NG_dchg,방전,NG,729,0,0,0.156739
Test07_NG_dchg,방전,NG,730,0,0,0.159629
Test07_NG_dchg,방전,NG,731,0,0,0.154669
Test07_NG_dchg,방전,NG,732,0,0,0.16277
Test07_NG_dchg,방전,NG,733,0,0,0.161844
Test07_NG_dchg,방전,NG,734,0,0,0.163511
Test07_NG_dchg,방전,NG,735,0,0,0.147098
Test07_NG_dchg,방전,NG,736,0,0,0.150405
Test07_NG_dchg,방전,NG,737,0,0,0.16376
Test07_NG_dchg,방전,NG,738,0,0,0.150203
Test07_NG_dchg,방전,NG,739,0,0,0.163403
Test07_NG_dchg,방전,NG,740,0,0,0.15286
Test07_NG_dchg,방전,NG,741,0,0,0.162008
Test07_NG_dchg,방전,NG,742,0,0,0.156941
Test07_NG_dchg,방전,NG,743,0,0,0.160706
Test07_NG_dchg,방전,NG,744,0,0,0.15021
Test07_NG_dchg,방전,NG,745,0,0,0.15517
Test07_NG_dchg,방전,NG,746,0,0,0.162299
Test07_NG_dchg,방전,NG,747,0,0,0.158327
Test07_NG_dchg,방전,NG,748,0,0,0.161742
Test07_NG_dchg,방전,NG,749,0,0,0.14944
Test07_NG_dchg,방전,NG,750,0,0,0.153427
Test07_NG_dchg,방전,NG,751,0,0,0.15289
Test07_NG_dchg,방전,NG,752,0,0,0.158026
Test07_NG_dchg,방전,NG,753,0,0,0.154417
Test07_NG_dchg,방전,NG,754,0,0,0.153533
Test07_NG_dchg,방전,NG,755,0,0,0.157202
Test07_NG_dchg,방전,NG,756,0,0,0.156584
Test07_NG_dchg,방전,NG,757,0,0,0.150017
Test07_NG_dchg,방전,NG,758,0,0,0.161385
Test07_NG_dchg,방전,NG,759,0,0,0.148361
Test07_NG_dchg,방전,NG,760,0,0,0.154945
Test07_NG_dchg,방전,NG,761,0,0,0.166768
Test07_NG_dchg,방전,NG,762,0,0,0.160125
Test07_NG_dchg,방전,NG,763,0,0,0.164451
Test07_NG_dchg,방전,NG,764,0,0,0.15256
Test07_NG_dchg,방전,NG,765,0,0,0.159584
Test07_NG_dchg,방전,NG,766,0,0,0.152041
Test07_NG_dchg,방전,NG,767,0,0,0.154834
Test07_NG_dchg,방전,NG,768,0,0,0.161744
Test07_NG_dchg,방전,NG,769,0,0,0.156205
Test07_NG_dchg,방전,NG,770,0,0,0.154399
Test07_NG_dchg,방전,NG,771,0,0,0.163695
Test07_NG_dchg,방전,NG,772,0,0,0.151149
Test07_NG_dchg,방전,NG,773,0,0,0.189613
Test07_NG_dchg,방전,NG,774,0,0,0.161138
Test07_NG_dchg,방전,NG,775,0,0,0.16375
Test07_NG_dchg,방전,NG,776,0,0,0.156444
Test07_NG_dchg,방전,NG,777,0,0,0.160541
Test07_NG_dchg,방전,NG,778,0,0,0.152852
Test07_NG_dchg,방전,NG,779,0,0,0.158232
Test07_NG_dchg,방전,NG,780,0,0,0.156794
Test07_NG_dchg,방전,NG,781,0,0,0.150612
Test07_NG_dchg,방전,NG,782,0,0,0.161039
Test07_NG_dchg,방전,NG,783,0,0,0.147177
Test07_NG_dchg,방전,NG,784,0,0,0.162216
Test07_NG_dchg,방전,NG,785,0,0,0.145331
Test07_NG_dchg,방전,NG,786,0,0,0.154649
Test07_NG_dchg,방전,NG,787,0,0,0.171626
Test07_NG_dchg,방전,NG,788,0,0,0.165698
Test07_NG_dchg,방전,NG,789,0,0,0.158355
Test07_NG_dchg,방전,NG,790,0,0,0.161451
Test07_NG_dchg,방전,NG,791,0,0,0.153423
Test07_NG_dchg,방전,NG,792,0,0,0.153529
Test07_NG_dchg,방전,NG,793,0,0,0.148283
Test07_NG_dchg,방전,NG,794,0,0,0.165537
Test07_NG_dchg,방전,NG,795,0,0,0.145213
Test07_NG_dchg,방전,NG,796,0,0,0.149548
Test07_NG_dchg,방전,NG,797,0,0,0.16486
Test07_NG_dchg,방전,NG,798,0,0,0.144852
Test07_NG_dchg,방전,NG,799,0,0,0.162299
Test07_NG_dchg,방전,NG,800,0,0,0.167294
Test07_NG_dchg,방전,NG,801,0,0,0.165986
Test07_NG_dchg,방전,NG,802,0,0,0.156489
Test07_NG_dchg,방전,NG,803,0,0,0.148569
Test07_NG_dchg,방전,NG,804,0,0,0.157814
Test07_NG_dchg,방전,NG,805,0,0,0.157249
Test07_NG_dchg,방전,NG,806,0,0,0.165121
Test07_NG_dchg,방전,NG,807,0,0,0.158934
Test07_NG_dchg,방전,NG,808,0,0,0.158669
Test07_NG_dchg,방전,NG,809,0,0,0.146014
Test07_NG_dchg,방전,NG,810,0,0,0.158649
Test07_NG_dchg,방전,NG,811,0,0,0.155734
Test07_NG_dchg,방전,NG,812,0,0,0.163575
Test07_NG_dchg,방전,NG,813,0,0,0.147274
Test07_NG_dchg,방전,NG,814,0,0,0.163601
Test07_NG_dchg,방전,NG,815,0,0,0.160243
Test07_NG_dchg,방전,NG,816,0,0,0.145821
Test07_NG_dchg,방전,NG,817,0,0,0.156086
Test07_NG_dchg,방전,NG,818,0,0,0.155838
Test07_NG_dchg,방전,NG,819,0,0,0.151952
Test07_NG_dchg,방전,NG,820,0,0,0.151615
Test07_NG_dchg,방전,NG,821,0,0,0.152465
Test07_NG_dchg,방전,NG,822,0,0,0.158365
Test07_NG_dchg,방전,NG,823,0,0,0.161173
Test07_NG_dchg,방전,NG,824,0,0,0.161851
Test07_NG_dchg,방전,NG,825,0,0,0.155447
Test07_NG_dchg,방전,NG,826,0,0,0.161047
Test07_NG_dchg,방전,NG,827,0,0,0.169011
Test07_NG_dchg,방전,NG,828,0,0,0.155206
Test07_NG_dchg,방전,NG,829,0,0,0.151736
Test07_NG_dchg,방전,NG,830,0,0,0.144086
Test07_NG_dchg,방전,NG,831,0,0,0.17815
Test07_NG_dchg,방전,NG,832,0,0,0.155083
Test07_NG_dchg,방전,NG,833,0,0,0.159988
Test07_NG_dchg,방전,NG,834,0,0,0.170211
Test07_NG_dchg,방전,NG,835,0,0,0.159111
Test07_NG_dchg,방전,NG,836,0,0,0.155422
Test07_NG_dchg,방전,NG,837,0,0,0.161465
Test07_NG_dchg,방전,NG,838,0,0,0.144275
Test07_NG_dchg,방전,NG,839,0,0,0.153893
Test07_NG_dchg,방전,NG,840,0,0,0.162391
Test07_NG_dchg,방전,NG,841,0,0,0.150505
Test07_NG_dchg,방전,NG,842,0,0,0.156612
Test07_NG_dchg,방전,NG,843,0,0,0.155725
Test07_NG_dchg,방전,NG,844,0,0,0.163946
Test07_NG_dchg,방전,NG,845,0,0,0.150644
Test07_NG_dchg,방전,NG,846,0,0,0.154551
Test07_NG_dchg,방전,NG,847,0,0,0.164093
Test07_NG_dchg,방전,NG,848,0,0,0.155906
Test07_NG_dchg,방전,NG,849,0,0,0.146541
Test07_NG_dchg,방전,NG,850,0,0,0.150594
Test07_NG_dchg,방전,NG,851,0,0,0.172171
Test07_NG_dchg,방전,NG,852,0,0,0.151622
Test07_NG_dchg,방전,NG,853,0,0,0.155934
Test07_NG_dchg,방전,NG,854,0,0,0.157274
Test07_NG_dchg,방전,NG,855,0,0,0.146998
Test07_NG_dchg,방전,NG,856,0,0,0.159781
Test07_NG_dchg,방전,NG,857,0,0,0.156796
Test07_NG_dchg,방전,NG,858,0,0,0.166735
Test07_NG_dchg,방전,NG,859,0,0,0.172024
Test07_NG_dchg,방전,NG,860,0,0,0.151025
Test07_NG_dchg,방전,NG,861,0,0,0.147245
Test07_NG_dchg,방전,NG,862,0,0,0.172131
Test07_NG_dchg,방전,NG,863,0,0,0.160896
Test07_NG_dchg,방전,NG,864,0,0,0.17018
Test07_NG_dchg,방전,NG,865,0,0,0.146453
Test07_NG_dchg,방전,NG,866,0,0,0.163215
Test07_NG_dchg,방전,NG,867,0,0,0.158782
Test07_NG_dchg,방전,NG,868,0,0,0.155895
Test07_NG_dchg,방전,NG,869,0,0,0.163444
Test07_NG_dchg,방전,NG,870,0,0,0.151868
Test07_NG_dchg,방전,NG,871,0,0,0.156007
Test07_NG_dchg,방전,NG,872,0,0,0.157744
Test07_NG_dchg,방전,NG,873,0,0,0.16281
Test07_NG_dchg,방전,NG,874,0,0,0.160789
Test07_NG_dchg,방전,NG,875,0,0,0.160004
Test07_NG_dchg,방전,NG,876,0,0,0.144024
Test07_NG_dchg,방전,NG,877,0,0,0.156892
Test07_NG_dchg,방전,NG,878,0,0,0.149555
Test07_NG_dchg,방전,NG,879,0,0,0.15623
Test07_NG_dchg,방전,NG,880,0,0,0.15893
Test07_NG_dchg,방전,NG,881,0,0,0.163117
Test07_NG_dchg,방전,NG,882,0,0,0.145653
Test07_NG_dchg,방전,NG,883,0,0,0.159485
Test07_NG_dchg,방전,NG,884,0,0,0.159122
Test07_NG_dchg,방전,NG,885,0,0,0.160591
Test07_NG_dchg,방전,NG,886,0,0,0.159081
Test07_NG_dchg,방전,NG,887,0,0,0.163531
Test07_NG_dchg,방전,NG,888,0,0,0.162911
Test07_NG_dchg,방전,NG,889,0,0,0.158962
Test07_NG_dchg,방전,NG,890,0,0,0.163473
Test07_NG_dchg,방전,NG,891,0,0,0.160609
Test07_NG_dchg,방전,NG,892,0,0,0.167643
Test07_NG_dchg,방전,NG,893,0,0,0.152383
Test07_NG_dchg,방전,NG,894,0,0,0.153487
Test07_NG_dchg,방전,NG,895,0,0,0.160276
Test07_NG_dchg,방전,NG,896,0,0,0.150916
Test07_NG_dchg,방전,NG,897,0,0,0.158284
Test07_NG_dchg,방전,NG,898,0,0,0.157469
Test07_NG_dchg,방전,NG,899,0,0,0.150629
Test07_NG_dchg,방전,NG,900,0,0,0.162139
Test07_NG_dchg,방전,NG,901,0,0,0.154645
Test07_NG_dchg,방전,NG,902,0,0,0.160868
Test07_NG_dchg,방전,NG,903,0,0,0.155664
Test07_NG_dchg,방전,NG,904,0,0,0.158738
Test07_NG_dchg,방전,NG,905,0,0,0.181309
Test07_NG_dchg,방전,NG,906,0,0,0.160176
Test07_NG_dchg,방전,NG,907,0,0,0.160617
Test07_NG_dchg,방전,NG,908,0,0,0.168263
Test07_NG_dchg,방전,NG,909,0,0,0.170363
Test07_NG_dchg,방전,NG,910,0,0,0.1646
Test07_NG_dchg,방전,NG,911,0,0,0.161753
Test07_NG_dchg,방전,NG,912,0,0,0.161585
Test07_NG_dchg,방전,NG,913,0,0,0.154482
Test07_NG_dchg,방전,NG,914,0,0,0.159311
Test07_NG_dchg,방전,NG,915,0,0,0.153432
Test07_NG_dchg,방전,NG,916,0,0,0.152953
Test07_NG_dchg,방전,NG,917,0,0,0.162802
Test07_NG_dchg,방전,NG,918,0,0,0.173054
Test07_NG_dchg,방전,NG,919,0,0,0.16458
Test07_NG_dchg,방전,NG,920,0,0,0.168182
Test07_NG_dchg,방전,NG,921,0,0,0.154197
Test07_NG_dchg,방전,NG,922,0,0,0.163511
Test07_NG_dchg,방전,NG,923,0,0,0.169911
Test07_NG_dchg,방전,NG,924,0,0,0.158316
Test07_NG_dchg,방전,NG,925,0,0,0.180351
Test07_NG_dchg,방전,NG,926,0,0,0.168484
Test07_NG_dchg,방전,NG,927,0,0,0.160081
Test07_NG_dchg,방전,NG,928,0,0,0.15829
Test07_NG_dchg,방전,NG,929,0,0,0.151464
Test07_NG_dchg,방전,NG,930,0,0,0.153424
Test07_NG_dchg,방전,NG,931,0,0,0.166507
Test07_NG_dchg,방전,NG,932,0,0,0.160717
Test07_NG_dchg,방전,NG,933,0,0,0.178895
Test07_NG_dchg,방전,NG,934,0,0,0.173375
Test07_NG_dchg,방전,NG,935,0,0,0.154287
Test07_NG_dchg,방전,NG,936,0,0,0.167701
Test07_NG_dchg,방전,NG,937,0,0,0.160692
Test07_NG_dchg,방전,NG,938,0,0,0.145937
Test07_NG_dchg,방전,NG,939,0,0,0.152461
Test07_NG_dchg,방전,NG,940,0,0,0.160236
Test07_NG_dchg,방전,NG,941,0,0,0.157056
Test07_NG_dchg,방전,NG,942,0,0,0.146383
Test07_NG_dchg,방전,NG,943,0,0,0.155802
Test07_NG_dchg,방전,NG,944,0,0,0.156089
Test07_NG_dchg,방전,NG,945,0,0,0.158428
Test07_NG_dchg,방전,NG,946,0,0,0.152845
Test07_NG_dchg,방전,NG,947,0,0,0.15974
Test07_NG_dchg,방전,NG,948,0,0,0.154568
Test07_NG_dchg,방전,NG,949,0,0,0.153151
Test07_NG_dchg,방전,NG,950,0,0,0.172687
Test07_NG_dchg,방전,NG,951,0,0,0.157939
Test07_NG_dchg,방전,NG,952,0,0,0.14807
Test07_NG_dchg,방전,NG,953,0,0,0.157244
Test07_NG_dchg,방전,NG,954,0,0,0.157921
Test07_NG_dchg,방전,NG,955,0,0,0.156587
Test07_NG_dchg,방전,NG,956,0,0,0.160986
Test07_NG_dchg,방전,NG,957,0,0,0.164942
Test07_NG_dchg,방전,NG,958,0,0,0.153404
Test07_NG_dchg,방전,NG,959,0,0,0.147511
Test07_NG_dchg,방전,NG,960,0,0,0.174927
Test07_NG_dchg,방전,NG,961,0,0,0.16053
Test07_NG_dchg,방전,NG,962,0,0,0.161073
Test07_NG_dchg,방전,NG,963,0,0,0.163223
Test07_NG_dchg,방전,NG,964,0,0,0.159518
Test07_NG_dchg,방전,NG,965,0,0,0.154098
Test07_NG_dchg,방전,NG,966,0,0,0.167524
Test07_NG_dchg,방전,NG,967,0,0,0.156774
Test07_NG_dchg,방전,NG,968,0,0,0.17504
Test07_NG_dchg,방전,NG,969,0,0,0.165453
Test07_NG_dchg,방전,NG,970,0,0,0.1582
Test07_NG_dchg,방전,NG,971,0,0,0.1575
Test07_NG_dchg,방전,NG,972,0,0,0.164846
Test07_NG_dchg,방전,NG,973,0,0,0.171465
Test07_NG_dchg,방전,NG,974,0,0,0.16233
Test07_NG_dchg,방전,NG,975,0,0,0.158871
Test07_NG_dchg,방전,NG,976,0,0,0.156275
Test07_NG_dchg,방전,NG,977,0,0,0.163611
Test07_NG_dchg,방전,NG,978,0,0,0.157403
Test07_NG_dchg,방전,NG,979,0,0,0.157536
Test07_NG_dchg,방전,NG,980,0,0,0.159914
Test07_NG_dchg,방전,NG,981,0,0,0.169973
Test07_NG_dchg,방전,NG,982,0,0,0.154557
Test07_NG_dchg,방전,NG,983,0,0,0.164378
Test07_NG_dchg,방전,NG,984,0,0,0.151223
Test07_NG_dchg,방전,NG,985,0,0,0.162061
Test07_NG_dchg,방전,NG,986,0,0,0.156617
Test07_NG_dchg,방전,NG,987,0,0,0.159382
Test07_NG_dchg,방전,NG,988,0,0,0.16219
Test07_NG_dchg,방전,NG,989,0,0,0.160322
Test07_NG_dchg,방전,NG,990,0,0,0.16197
Test07_NG_dchg,방전,NG,991,0,0,0.158765
Test07_NG_dchg,방전,NG,992,0,0,0.163043
Test07_NG_dchg,방전,NG,993,0,0,0.172917
Test07_NG_dchg,방전,NG,994,0,0,0.149157
Test07_NG_dchg,방전,NG,995,0,0,0.155671
Test07_NG_dchg,방전,NG,996,0,0,0.161142
Test07_NG_dchg,방전,NG,997,0,0,0.151989
Test07_NG_dchg,방전,NG,998,0,0,0.153903
Test07_NG_dchg,방전,NG,999,0,0,0.154987
Test07_NG_dchg,방전,NG,1000,0,0,0.166896
Test07_NG_dchg,방전,NG,1001,0,0,0.146429
Test07_NG_dchg,방전,NG,1002,0,0,0.150906
Test07_NG_dchg,방전,NG,1003,0,0,0.151841
Test07_NG_dchg,방전,NG,1004,0,0,0.151415
Test07_NG_dchg,방전,NG,1005,0,0,0.16811
Test07_NG_dchg,방전,NG,1006,0,0,0.150674
Test07_NG_dchg,방전,NG,1007,0,0,0.162163
Test07_NG_dchg,방전,NG,1008,0,0,0.158691
Test07_NG_dchg,방전,NG,1009,0,0,0.153299
Test07_NG_dchg,방전,NG,1010,0,0,0.156843
Test07_NG_dchg,방전,NG,1011,0,0,0.172174
Test07_NG_dchg,방전,NG,1012,0,0,0.15464
Test07_NG_dchg,방전,NG,1013,0,0,0.157827
Test07_NG_dchg,방전,NG,1014,0,0,0.157353
Test07_NG_dchg,방전,NG,1015,0,0,0.155041
Test07_NG_dchg,방전,NG,1016,0,0,0.158355
Test07_NG_dchg,방전,NG,1017,0,0,0.159185
Test07_NG_dchg,방전,NG,1018,0,0,0.165581
Test07_NG_dchg,방전,NG,1019,0,0,0.156478
Test07_NG_dchg,방전,NG,1020,0,0,0.143968
Test07_NG_dchg,방전,NG,1021,0,0,0.154906
Test07_NG_dchg,방전,NG,1022,0,0,0.159244
Test07_NG_dchg,방전,NG,1023,0,0,0.162811
Test07_NG_dchg,방전,NG,1024,0,0,0.144847
Test07_NG_dchg,방전,NG,1025,0,0,0.172303
Test07_NG_dchg,방전,NG,1026,0,0,0.158633
Test07_NG_dchg,방전,NG,1027,0,0,0.156635
Test07_NG_dchg,방전,NG,1028,0,0,0.15284
Test07_NG_dchg,방전,NG,1029,0,0,0.148898
Test07_NG_dchg,방전,NG,1030,0,0,0.147981
Test07_NG_dchg,방전,NG,1031,0,0,0.162944
Test07_NG_dchg,방전,NG,1032,0,0,0.160638
Test07_NG_dchg,방전,NG,1033,0,0,0.154964
Test07_NG_dchg,방전,NG,1034,0,0,0.153735
Test07_NG_dchg,방전,NG,1035,0,0,0.150962
Test07_NG_dchg,방전,NG,1036,0,0,0.167012
Test07_NG_dchg,방전,NG,1037,0,0,0.160797
Test07_NG_dchg,방전,NG,1038,0,0,0.168359
Test07_NG_dchg,방전,NG,1039,0,0,0.154448
Test07_NG_dchg,방전,NG,1040,0,0,0.153511
Test07_NG_dchg,방전,NG,1041,0,0,0.152228
Test07_NG_dchg,방전,NG,1042,0,0,0.165588
Test07_NG_dchg,방전,NG,1043,0,0,0.15385
Test07_NG_dchg,방전,NG,1044,0,0,0.154322
Test07_NG_dchg,방전,NG,1045,0,0,0.149495
Test07_NG_dchg,방전,NG,1046,0,0,0.15952
Test07_NG_dchg,방전,NG,1047,0,0,0.151487
Test07_NG_dchg,방전,NG,1048,0,0,0.157172
Test07_NG_dchg,방전,NG,1049,0,0,0.168125
Test07_NG_dchg,방전,NG,1050,0,0,0.146672
Test07_NG_dchg,방전,NG,1051,0,0,0.156067
Test07_NG_dchg,방전,NG,1052,0,0,0.162394
Test07_NG_dchg,방전,NG,1053,0,0,0.150623
Test07_NG_dchg,방전,NG,1054,0,0,0.16174
Test07_NG_dchg,방전,NG,1055,0,0,0.154663
Test07_NG_dchg,방전,NG,1056,0,0,0.156207
Test07_NG_dchg,방전,NG,1057,0,0,0.150443
Test07_NG_dchg,방전,NG,1058,0,0,0.160393
Test07_NG_dchg,방전,NG,1059,0,0,0.155501
Test07_NG_dchg,방전,NG,1060,0,0,0.159402
Test07_NG_dchg,방전,NG,1061,0,0,0.14664
Test07_NG_dchg,방전,NG,1062,0,0,0.152246
Test07_NG_dchg,방전,NG,1063,0,0,0.156319
Test07_NG_dchg,방전,NG,1064,0,0,0.155145
Test07_NG_dchg,방전,NG,1065,0,0,0.174255
Test07_NG_dchg,방전,NG,1066,0,0,0.154097
Test07_NG_dchg,방전,NG,1067,0,0,0.161073
Test07_NG_dchg,방전,NG,1068,0,0,0.161658
Test07_NG_dchg,방전,NG,1069,0,0,0.153629
Test07_NG_dchg,방전,NG,1070,0,0,0.154805
Test07_NG_dchg,방전,NG,1071,0,0,0.155082
Test07_NG_dchg,방전,NG,1072,0,0,0.147574
Test07_NG_dchg,방전,NG,1073,0,0,0.148919
Test07_NG_dchg,방전,NG,1074,0,0,0.154384
Test07_NG_dchg,방전,NG,1075,0,0,0.151686
Test07_NG_dchg,방전,NG,1076,0,0,0.166348
Test07_NG_dchg,방전,NG,1077,0,0,0.154619
Test07_NG_dchg,방전,NG,1078,0,0,0.160043
Test07_NG_dchg,방전,NG,1079,0,0,0.154347
Test07_NG_dchg,방전,NG,1080,0,0,0.163969
Test07_NG_dchg,방전,NG,1081,0,0,0.163911
Test07_NG_dchg,방전,NG,1082,0,0,0.162827
Test07_NG_dchg,방전,NG,1083,0,0,0.163607
Test07_NG_dchg,방전,NG,1084,0,0,0.157925
Test07_NG_dchg,방전,NG,1085,0,0,0.156485
Test07_NG_dchg,방전,NG,1086,0,0,0.164111
Test07_NG_dchg,방전,NG,1087,0,0,0.15912
Test07_NG_dchg,방전,NG,1088,0,0,0.157181
Test07_NG_dchg,방전,NG,1089,0,0,0.165789
Test07_NG_dchg,방전,NG,1090,0,0,0.153971
Test07_NG_dchg,방전,NG,1091,0,0,0.15855
Test07_NG_dchg,방전,NG,1092,0,0,0.161352
Test07_NG_dchg,방전,NG,1093,0,0,0.161621
Test07_NG_dchg,방전,NG,1094,0,0,0.15527
Test07_NG_dchg,방전,NG,1095,0,0,0.164892
Test07_NG_dchg,방전,NG,1096,0,0,0.163046
Test07_NG_dchg,방전,NG,1097,0,0,0.162326
Test07_NG_dchg,방전,NG,1098,0,0,0.163981
Test07_NG_dchg,방전,NG,1099,0,0,0.158171
Test07_NG_dchg,방전,NG,1100,0,0,0.146891
Test07_NG_dchg,방전,NG,1101,0,0,0.162967
Test07_NG_dchg,방전,NG,1102,0,0,0.153771
Test07_NG_dchg,방전,NG,1103,0,0,0.167902
Test07_NG_dchg,방전,NG,1104,0,0,0.16683
Test07_NG_dchg,방전,NG,1105,0,0,0.167642
Test07_NG_dchg,방전,NG,1106,0,0,0.165301
Test07_NG_dchg,방전,NG,1107,0,0,0.175153
Test07_NG_dchg,방전,NG,1108,0,0,0.160348
Test07_NG_dchg,방전,NG,1109,0,0,0.14827
Test07_NG_dchg,방전,NG,1110,0,0,0.16249
Test07_NG_dchg,방전,NG,1111,0,0,0.165017
Test07_NG_dchg,방전,NG,1112,0,0,0.163067
Test07_NG_dchg,방전,NG,1113,0,0,0.167141
Test07_NG_dchg,방전,NG,1114,0,0,0.15021
Test07_NG_dchg,방전,NG,1115,0,0,0.151359
Test07_NG_dchg,방전,NG,1116,0,0,0.156029
Test07_NG_dchg,방전,NG,1117,0,0,0.155298
Test07_NG_dchg,방전,NG,1118,0,0,0.148986
Test07_NG_dchg,방전,NG,1119,0,0,0.150341
Test07_NG_dchg,방전,NG,1120,0,0,0.157679
Test07_NG_dchg,방전,NG,1121,0,0,0.171275
Test07_NG_dchg,방전,NG,1122,0,0,0.148835
Test07_NG_dchg,방전,NG,1123,0,0,0.157582
Test07_NG_dchg,방전,NG,1124,0,0,0.163052
Test07_NG_dchg,방전,NG,1125,0,0,0.150663
Test07_NG_dchg,방전,NG,1126,0,0,0.152178
Test07_NG_dchg,방전,NG,1127,0,0,0.172088
Test07_NG_dchg,방전,NG,1128,0,0,0.159307
Test07_NG_dchg,방전,NG,1129,0,0,0.167573
Test07_NG_dchg,방전,NG,1130,0,0,0.156697
Test07_NG_dchg,방전,NG,1131,0,0,0.150452
Test07_NG_dchg,방전,NG,1132,0,0,0.154524
Test07_NG_dchg,방전,NG,1133,0,0,0.166099
Test07_NG_dchg,방전,NG,1134,0,0,0.150305
Test07_NG_dchg,방전,NG,1135,0,0,0.159144
Test07_NG_dchg,방전,NG,1136,0,0,0.162838
Test07_NG_dchg,방전,NG,1137,0,0,0.150125
Test07_NG_dchg,방전,NG,1138,0,0,0.155584
Test07_NG_dchg,방전,NG,1139,0,0,0.159883
Test07_NG_dchg,방전,NG,1140,0,0,0.165009
Test07_NG_dchg,방전,NG,1141,0,0,0.153051
Test07_NG_dchg,방전,NG,1142,0,0,0.161476
Test07_NG_dchg,방전,NG,1143,0,0,0.163938
Test07_NG_dchg,방전,NG,1144,0,0,0.162869
Test07_NG_dchg,방전,NG,1145,0,0,0.1452
Test07_NG_dchg,방전,NG,1146,0,0,0.14649
Test07_NG_dchg,방전,NG,1147,0,0,0.148536
Test07_NG_dchg,방전,NG,1148,0,0,0.157072
Test07_NG_dchg,방전,NG,1149,0,0,0.17757
Test07_NG_dchg,방전,NG,1150,0,0,0.164161
Test07_NG_dchg,방전,NG,1151,0,0,0.166249
Test07_NG_dchg,방전,NG,1152,0,0,0.157417
Test07_NG_dchg,방전,NG,1153,0,0,0.160932
Test07_NG_dchg,방전,NG,1154,0,0,0.164333
Test07_NG_dchg,방전,NG,1155,0,0,0.159663
Test07_NG_dchg,방전,NG,1156,0,0,0.161964
Test07_NG_dchg,방전,NG,1157,0,0,0.157933
Test07_NG_dchg,방전,NG,1158,0,0,0.151494
Test07_NG_dchg,방전,NG,1159,0,0,0.148437
Test07_NG_dchg,방전,NG,1160,0,0,0.150102
Test07_NG_dchg,방전,NG,1161,0,0,0.156492
Test07_NG_dchg,방전,NG,1162,0,0,0.149971
Test07_NG_dchg,방전,NG,1163,0,0,0.15202
Test07_NG_dchg,방전,NG,1164,0,0,0.146448
Test07_NG_dchg,방전,NG,1165,0,0,0.150467
Test07_NG_dchg,방전,NG,1166,0,0,0.141898
Test07_NG_dchg,방전,NG,1167,0,0,0.157607
Test07_NG_dchg,방전,NG,1168,0,0,0.16271
Test07_NG_dchg,방전,NG,1169,0,0,0.152155
Test07_NG_dchg,방전,NG,1170,0,0,0.162304
Test07_NG_dchg,방전,NG,1171,0,0,0.154281
Test07_NG_dchg,방전,NG,1172,0,0,0.149677
Test07_NG_dchg,방전,NG,1173,0,0,0.160126
Test07_NG_dchg,방전,NG,1174,0,0,0.162584
Test07_NG_dchg,방전,NG,1175,0,0,0.1447
Test07_NG_dchg,방전,NG,1176,0,0,0.158304
Test07_NG_dchg,방전,NG,1177,0,0,0.155015
Test07_NG_dchg,방전,NG,1178,0,0,0.14936
Test07_NG_dchg,방전,NG,1179,0,0,0.15473
Test07_NG_dchg,방전,NG,1180,0,0,0.146319
Test07_NG_dchg,방전,NG,1181,0,0,0.149161
Test07_NG_dchg,방전,NG,1182,0,0,0.158308
Test07_NG_dchg,방전,NG,1183,0,0,0.159164
Test07_NG_dchg,방전,NG,1184,0,0,0.160452
Test07_NG_dchg,방전,NG,1185,0,0,0.164585
Test07_NG_dchg,방전,NG,1186,0,0,0.157757
Test07_NG_dchg,방전,NG,1187,0,0,0.146828
Test07_NG_dchg,방전,NG,1188,0,0,0.162945
Test07_NG_dchg,방전,NG,1189,0,0,0.150423
Test07_NG_dchg,방전,NG,1190,0,0,0.157393
Test07_NG_dchg,방전,NG,1191,0,0,0.181521
Test07_NG_dchg,방전,NG,1192,0,0,0.157694
Test07_NG_dchg,방전,NG,1193,0,0,0.154235
Test07_NG_dchg,방전,NG,1194,0,0,0.150399
Test07_NG_dchg,방전,NG,1195,0,0,0.16454
Test07_NG_dchg,방전,NG,1196,0,0,0.173243
Test07_NG_dchg,방전,NG,1197,0,0,0.15517
Test07_NG_dchg,방전,NG,1198,0,0,0.154288
Test07_NG_dchg,방전,NG,1199,0,0,0.175047
Test07_NG_dchg,방전,NG,1200,0,0,0.149294
Test07_NG_dchg,방전,NG,1201,0,0,0.14837
Test07_NG_dchg,방전,NG,1202,0,0,0.16371
Test07_NG_dchg,방전,NG,1203,0,0,0.159042
Test07_NG_dchg,방전,NG,1204,0,0,0.172627
Test07_NG_dchg,방전,NG,1205,0,0,0.155657
Test07_NG_dchg,방전,NG,1206,0,0,0.1585
Test07_NG_dchg,방전,NG,1207,0,0,0.150475
Test07_NG_dchg,방전,NG,1208,0,0,0.181946
Test07_NG_dchg,방전,NG,1209,0,0,0.173012
Test07_NG_dchg,방전,NG,1210,0,0,0.169315
Test07_NG_dchg,방전,NG,1211,0,0,0.155348
Test07_NG_dchg,방전,NG,1212,0,0,0.157883
Test07_NG_dchg,방전,NG,1213,0,0,0.154766
Test07_NG_dchg,방전,NG,1214,0,0,0.179244
Test07_NG_dchg,방전,NG,1215,0,0,0.153603
Test07_NG_dchg,방전,NG,1216,0,0,0.149596
Test07_NG_dchg,방전,NG,1217,0,0,0.143776
Test07_NG_dchg,방전,NG,1218,0,0,0.150203
Test07_NG_dchg,방전,NG,1219,0,0,0.156261
Test07_NG_dchg,방전,NG,1220,0,0,0.169053
Test07_NG_dchg,방전,NG,1221,0,0,0.15692
Test07_NG_dchg,방전,NG,1222,0,0,0.158902
Test07_NG_dchg,방전,NG,1223,0,0,0.161026
Test07_NG_dchg,방전,NG,1224,0,0,0.156504
Test07_NG_dchg,방전,NG,1225,0,0,0.167937
Test07_NG_dchg,방전,NG,1226,0,0,0.157833
Test07_NG_dchg,방전,NG,1227,0,0,0.150517
Test07_NG_dchg,방전,NG,1228,0,0,0.157152
Test07_NG_dchg,방전,NG,1229,0,0,0.158322
Test07_NG_dchg,방전,NG,1230,0,0,0.155256
Test07_NG_dchg,방전,NG,1231,0,0,0.154577
Test07_NG_dchg,방전,NG,1232,0,0,0.165365
Test07_NG_dchg,방전,NG,1233,0,0,0.152357
Test07_NG_dchg,방전,NG,1234,0,0,0.161333
Test07_NG_dchg,방전,NG,1235,0,0,0.152946
Test07_NG_dchg,방전,NG,1236,0,0,0.153245
Test07_NG_dchg,방전,NG,1237,0,0,0.1601
Test07_NG_dchg,방전,NG,1238,0,0,0.153887
Test07_NG_dchg,방전,NG,1239,0,0,0.144133
Test07_NG_dchg,방전,NG,1240,0,0,0.152541
Test07_NG_dchg,방전,NG,1241,0,0,0.145605
Test07_NG_dchg,방전,NG,1242,0,0,0.152098
Test07_NG_dchg,방전,NG,1243,0,0,0.156004
Test07_NG_dchg,방전,NG,1244,0,0,0.15897
Test07_NG_dchg,방전,NG,1245,0,0,0.152538
Test07_NG_dchg,방전,NG,1246,0,0,0.142067
Test07_NG_dchg,방전,NG,1247,0,0,0.154146
Test07_NG_dchg,방전,NG,1248,0,0,0.163492
Test07_NG_dchg,방전,NG,1249,0,0,0.153928
Test07_NG_dchg,방전,NG,1250,0,0,0.152664
Test07_NG_dchg,방전,NG,1251,0,0,0.167524
Test07_NG_dchg,방전,NG,1252,0,0,0.160429
Test07_NG_dchg,방전,NG,1253,0,0,0.142861
Test07_NG_dchg,방전,NG,1254,0,0,0.165459
Test07_NG_dchg,방전,NG,1255,0,0,0.150719
Test07_NG_dchg,방전,NG,1256,0,0,0.156493
Test07_NG_dchg,방전,NG,1257,0,0,0.154167
Test07_NG_dchg,방전,NG,1258,0,0,0.16525
Test07_NG_dchg,방전,NG,1259,0,0,0.155921
Test07_NG_dchg,방전,NG,1260,0,0,0.157369
Test07_NG_dchg,방전,NG,1261,0,0,0.15165
Test07_NG_dchg,방전,NG,1262,0,0,0.17223
Test07_NG_dchg,방전,NG,1263,0,0,0.165355
Test07_NG_dchg,방전,NG,1264,0,0,0.166225
Test07_NG_dchg,방전,NG,1265,0,0,0.156474
Test07_NG_dchg,방전,NG,1266,0,0,0.15945
Test07_NG_dchg,방전,NG,1267,0,0,0.145415
Test07_NG_dchg,방전,NG,1268,0,0,0.161294
Test07_NG_dchg,방전,NG,1269,0,0,0.164843
Test07_NG_dchg,방전,NG,1270,0,0,0.15243
Test07_NG_dchg,방전,NG,1271,0,0,0.158319
Test07_NG_dchg,방전,NG,1272,0,0,0.176899
Test07_NG_dchg,방전,NG,1273,0,0,0.148695
Test07_NG_dchg,방전,NG,1274,0,0,0.149937
Test07_NG_dchg,방전,NG,1275,0,0,0.165751
Test07_NG_dchg,방전,NG,1276,0,0,0.176844
Test07_NG_dchg,방전,NG,1277,0,0,0.17197
Test07_NG_dchg,방전,NG,1278,0,0,0.164682
Test07_NG_dchg,방전,NG,1279,0,0,0.160887
Test07_NG_dchg,방전,NG,1280,0,0,0.174178
Test07_NG_dchg,방전,NG,1281,0,0,0.181044
Test07_NG_dchg,방전,NG,1282,0,0,0.157186
Test07_NG_dchg,방전,NG,1283,0,0,0.168661
Test07_NG_dchg,방전,NG,1284,0,0,0.171696
Test07_NG_dchg,방전,NG,1285,0,0,0.16898
Test07_NG_dchg,방전,NG,1286,0,0,0.160719
Test07_NG_dchg,방전,NG,1287,0,0,0.152203
Test07_NG_dchg,방전,NG,1288,0,0,0.151699
Test07_NG_dchg,방전,NG,1289,0,0,0.152566
Test07_NG_dchg,방전,NG,1290,0,0,0.156499
Test07_NG_dchg,방전,NG,1291,0,0,0.155697
Test07_NG_dchg,방전,NG,1292,0,0,0.155883
Test07_NG_dchg,방전,NG,1293,0,0,0.159137
Test07_NG_dchg,방전,NG,1294,0,0,0.177529
Test07_NG_dchg,방전,NG,1295,0,0,0.14392
Test07_NG_dchg,방전,NG,1296,0,0,0.152695
Test07_NG_dchg,방전,NG,1297,0,0,0.174643
Test07_NG_dchg,방전,NG,1298,0,0,0.165807
Test07_NG_dchg,방전,NG,1299,0,0,0.150229
Test07_NG_dchg,방전,NG,1300,0,0,0.173623
Test07_NG_dchg,방전,NG,1301,0,0,0.148794
Test07_NG_dchg,방전,NG,1302,0,0,0.165094
Test07_NG_dchg,방전,NG,1303,0,0,0.149321
Test07_NG_dchg,방전,NG,1304,0,0,0.16468
Test07_NG_dchg,방전,NG,1305,0,0,0.166082
Test07_NG_dchg,방전,NG,1306,0,0,0.148709
Test07_NG_dchg,방전,NG,1307,0,0,0.176994
Test07_NG_dchg,방전,NG,1308,0,0,0.162966
Test07_NG_dchg,방전,NG,1309,0,0,0.152057
Test07_NG_dchg,방전,NG,1310,0,0,0.14789
Test07_NG_dchg,방전,NG,1311,0,0,0.150844
Test07_NG_dchg,방전,NG,1312,0,0,0.148781
Test07_NG_dchg,방전,NG,1313,0,0,0.155676
Test07_NG_dchg,방전,NG,1314,0,0,0.158297
Test07_NG_dchg,방전,NG,1315,0,0,0.151419
Test07_NG_dchg,방전,NG,1316,0,0,0.163708
Test07_NG_dchg,방전,NG,1317,0,0,0.191435
Test07_NG_dchg,방전,NG,1318,0,0,0.159968
Test07_NG_dchg,방전,NG,1319,0,0,0.148382
Test07_NG_dchg,방전,NG,1320,0,0,0.153334
Test07_NG_dchg,방전,NG,1321,0,0,0.173975
Test07_NG_dchg,방전,NG,1322,0,0,0.167404
Test07_NG_dchg,방전,NG,1323,0,0,0.152788
Test07_NG_dchg,방전,NG,1324,0,0,0.170955
Test07_NG_dchg,방전,NG,1325,0,0,0.152106
Test07_NG_dchg,방전,NG,1326,0,0,0.153119
Test07_NG_dchg,방전,NG,1327,0,0,0.170424
Test07_NG_dchg,방전,NG,1328,0,0,0.164439
Test07_NG_dchg,방전,NG,1329,0,0,0.163442
Test07_NG_dchg,방전,NG,1330,0,0,0.16884
Test07_NG_dchg,방전,NG,1331,0,0,0.1736
Test07_NG_dchg,방전,NG,1332,0,0,0.17038
Test07_NG_dchg,방전,NG,1333,0,0,0.165684
Test07_NG_dchg,방전,NG,1334,0,0,0.160271
Test07_NG_dchg,방전,NG,1335,0,0,0.158817
Test07_NG_dchg,방전,NG,1336,0,0,0.152395
Test07_NG_dchg,방전,NG,1337,0,0,0.164593
Test07_NG_dchg,방전,NG,1338,0,0,0.159926
Test07_NG_dchg,방전,NG,1339,0,0,0.177334
Test07_NG_dchg,방전,NG,1340,0,0,0.16926
Test07_NG_dchg,방전,NG,1341,0,0,0.169346
Test07_NG_dchg,방전,NG,1342,0,0,0.174609
Test07_NG_dchg,방전,NG,1343,0,0,0.148703
Test07_NG_dchg,방전,NG,1344,0,0,0.160013
Test07_NG_dchg,방전,NG,1345,0,0,0.155922
Test07_NG_dchg,방전,NG,1346,0,0,0.166571
Test07_NG_dchg,방전,NG,1347,0,0,0.161809
Test07_NG_dchg,방전,NG,1348,0,0,0.153975
Test07_NG_dchg,방전,NG,1349,0,0,0.154688
Test07_NG_dchg,방전,NG,1350,0,0,0.162527
Test07_NG_dchg,방전,NG,1351,0,0,0.148417
Test07_NG_dchg,방전,NG,1352,0,0,0.146137
Test07_NG_dchg,방전,NG,1353,0,0,0.147032
Test07_NG_dchg,방전,NG,1354,0,0,0.155071
Test07_NG_dchg,방전,NG,1355,0,0,0.152938
Test07_NG_dchg,방전,NG,1356,0,0,0.160591
Test07_NG_dchg,방전,NG,1357,0,0,0.150685
Test07_NG_dchg,방전,NG,1358,0,0,0.158827
Test07_NG_dchg,방전,NG,1359,0,0,0.161451
Test07_NG_dchg,방전,NG,1360,0,0,0.152887
Test07_NG_dchg,방전,NG,1361,0,0,0.157387
Test07_NG_dchg,방전,NG,1362,0,0,0.168537
Test07_NG_dchg,방전,NG,1363,0,0,0.160849
Test07_NG_dchg,방전,NG,1364,0,0,0.15243
Test07_NG_dchg,방전,NG,1365,0,0,0.156503
Test07_NG_dchg,방전,NG,1366,0,0,0.158769
Test07_NG_dchg,방전,NG,1367,0,0,0.155938
Test07_NG_dchg,방전,NG,1368,0,0,0.149694
Test07_NG_dchg,방전,NG,1369,0,0,0.159069
Test07_NG_dchg,방전,NG,1370,0,0,0.15011
Test07_NG_dchg,방전,NG,1371,0,0,0.161021
Test07_NG_dchg,방전,NG,1372,0,0,0.15405
Test07_NG_dchg,방전,NG,1373,0,0,0.157895
Test07_NG_dchg,방전,NG,1374,0,0,0.156459
Test07_NG_dchg,방전,NG,1375,0,0,0.155169
Test07_NG_dchg,방전,NG,1376,0,0,0.159814
Test07_NG_dchg,방전,NG,1377,0,0,0.156994
Test07_NG_dchg,방전,NG,1378,0,0,0.149409
Test07_NG_dchg,방전,NG,1379,0,0,0.164036
Test07_NG_dchg,방전,NG,1380,0,0,0.153596
Test07_NG_dchg,방전,NG,1381,0,0,0.165892
Test07_NG_dchg,방전,NG,1382,0,0,0.175655
Test07_NG_dchg,방전,NG,1383,0,0,0.159384
Test07_NG_dchg,방전,NG,1384,0,0,0.159859
Test07_NG_dchg,방전,NG,1385,0,0,0.155083
Test07_NG_dchg,방전,NG,1386,0,0,0.152982
Test07_NG_dchg,방전,NG,1387,0,0,0.153285
Test07_NG_dchg,방전,NG,1388,0,0,0.165255
Test07_NG_dchg,방전,NG,1389,0,0,0.156376
Test07_NG_dchg,방전,NG,1390,0,0,0.159719
Test07_NG_dchg,방전,NG,1391,0,0,0.150714
Test07_NG_dchg,방전,NG,1392,0,0,0.15125
Test07_NG_dchg,방전,NG,1393,0,0,0.155429
Test07_NG_dchg,방전,NG,1394,0,0,0.158897
Test07_NG_dchg,방전,NG,1395,0,0,0.161646
Test07_NG_dchg,방전,NG,1396,0,0,0.154896
Test07_NG_dchg,방전,NG,1397,0,0,0.159152
Test07_NG_dchg,방전,NG,1398,0,0,0.147842
Test07_NG_dchg,방전,NG,1399,0,0,0.158504
Test07_NG_dchg,방전,NG,1400,0,0,0.149424
Test07_NG_dchg,방전,NG,1401,0,0,0.163864
Test07_NG_dchg,방전,NG,1402,0,0,0.167403
Test07_NG_dchg,방전,NG,1403,0,0,0.151591
Test07_NG_dchg,방전,NG,1404,0,0,0.163291
Test07_NG_dchg,방전,NG,1405,0,0,0.160964
Test07_NG_dchg,방전,NG,1406,0,0,0.152524
Test07_NG_dchg,방전,NG,1407,0,0,0.164732
Test07_NG_dchg,방전,NG,1408,0,0,0.17515
Test07_NG_dchg,방전,NG,1409,0,0,0.148376
Test07_NG_dchg,방전,NG,1410,0,0,0.160854
Test07_NG_dchg,방전,NG,1411,0,0,0.169321
Test07_NG_dchg,방전,NG,1412,0,0,0.148475
Test07_NG_dchg,방전,NG,1413,0,0,0.158217
Test07_NG_dchg,방전,NG,1414,0,0,0.159944
Test07_NG_dchg,방전,NG,1415,0,0,0.150122
Test07_NG_dchg,방전,NG,1416,0,0,0.158253
Test07_NG_dchg,방전,NG,1417,0,0,0.151697
Test07_NG_dchg,방전,NG,1418,0,0,0.149874
Test07_NG_dchg,방전,NG,1419,0,0,0.147525
Test07_NG_dchg,방전,NG,1420,0,0,0.162461
Test07_NG_dchg,방전,NG,1421,0,0,0.172962
Test07_NG_dchg,방전,NG,1422,0,0,0.152398
Test07_NG_dchg,방전,NG,1423,0,0,0.155218
Test07_NG_dchg,방전,NG,1424,0,0,0.15425
Test07_NG_dchg,방전,NG,1425,0,0,0.155297
Test07_NG_dchg,방전,NG,1426,0,0,0.150152
Test07_NG_dchg,방전,NG,1427,0,0,0.15805
Test07_NG_dchg,방전,NG,1428,0,0,0.159319
Test07_NG_dchg,방전,NG,1429,0,0,0.167637
Test07_NG_dchg,방전,NG,1430,0,0,0.172234
Test07_NG_dchg,방전,NG,1431,0,0,0.164278
Test07_NG_dchg,방전,NG,1432,0,0,0.152188
Test07_NG_dchg,방전,NG,1433,0,0,0.161239
Test07_NG_dchg,방전,NG,1434,0,0,0.160898
Test07_NG_dchg,방전,NG,1435,0,0,0.164987
Test07_NG_dchg,방전,NG,1436,0,0,0.1619
Test07_NG_dchg,방전,NG,1437,0,0,0.164067
Test07_NG_dchg,방전,NG,1438,0,0,0.157326
Test07_NG_dchg,방전,NG,1439,0,0,0.155895
Test07_NG_dchg,방전,NG,1440,0,0,0.158301
Test07_NG_dchg,방전,NG,1441,0,0,0.151756
Test07_NG_dchg,방전,NG,1442,0,0,0.154977
Test07_NG_dchg,방전,NG,1443,0,0,0.170827
Test07_NG_dchg,방전,NG,1444,0,0,0.166953
Test07_NG_dchg,방전,NG,1445,0,0,0.159833
Test07_NG_dchg,방전,NG,1446,0,0,0.169103
Test07_NG_dchg,방전,NG,1447,0,0,0.157374
Test07_NG_dchg,방전,NG,1448,0,0,0.172458
Test07_NG_dchg,방전,NG,1449,0,0,0.172757
Test07_NG_dchg,방전,NG,1450,0,0,0.156929
Test07_NG_dchg,방전,NG,1451,0,0,0.143365
Test07_NG_dchg,방전,NG,1452,0,0,0.165558
Test07_NG_dchg,방전,NG,1453,0,0,0.159881
Test07_NG_dchg,방전,NG,1454,0,0,0.146188
Test07_NG_dchg,방전,NG,1455,0,0,0.157615
Test07_NG_dchg,방전,NG,1456,0,0,0.16116
Test07_NG_dchg,방전,NG,1457,0,0,0.155566
Test07_NG_dchg,방전,NG,1458,0,0,0.158765
Test07_NG_dchg,방전,NG,1459,0,0,0.158058
Test07_NG_dchg,방전,NG,1460,0,0,0.162167
Test07_NG_dchg,방전,NG,1461,0,0,0.150496
Test07_NG_dchg,방전,NG,1462,0,0,0.158746
Test07_NG_dchg,방전,NG,1463,0,0,0.155927
Test07_NG_dchg,방전,NG,1464,0,0,0.158977
Test07_NG_dchg,방전,NG,1465,0,0,0.158609
Test07_NG_dchg,방전,NG,1466,0,0,0.164348
Test07_NG_dchg,방전,NG,1467,0,0,0.168207
Test07_NG_dchg,방전,NG,1468,0,0,0.159016
Test07_NG_dchg,방전,NG,1469,0,0,0.159183
Test07_NG_dchg,방전,NG,1470,0,0,0.167471
Test07_NG_dchg,방전,NG,1471,0,0,0.15697
Test07_NG_dchg,방전,NG,1472,0,0,0.157949
Test07_NG_dchg,방전,NG,1473,0,0,0.14603
Test07_NG_dchg,방전,NG,1474,0,0,0.167081
Test07_NG_dchg,방전,NG,1475,0,0,0.159214
Test07_NG_dchg,방전,NG,1476,0,0,0.16621
Test07_NG_dchg,방전,NG,1477,0,0,0.165464
Test07_NG_dchg,방전,NG,1478,0,0,0.160981
Test07_NG_dchg,방전,NG,1479,0,0,0.156556
Test07_NG_dchg,방전,NG,1480,0,0,0.159163
Test07_NG_dchg,방전,NG,1481,0,0,0.185438
Test07_NG_dchg,방전,NG,1482,0,0,0.16786
Test07_NG_dchg,방전,NG,1483,0,0,0.149234
Test07_NG_dchg,방전,NG,1484,0,0,0.156964
Test07_NG_dchg,방전,NG,1485,0,0,0.163694
Test07_NG_dchg,방전,NG,1486,0,0,0.161274
Test07_NG_dchg,방전,NG,1487,0,0,0.151556
Test07_NG_dchg,방전,NG,1488,0,0,0.160215
Test07_NG_dchg,방전,NG,1489,0,0,0.14446
Test07_NG_dchg,방전,NG,1490,0,0,0.163367
Test07_NG_dchg,방전,NG,1491,0,0,0.16196
Test07_NG_dchg,방전,NG,1492,0,0,0.153122
Test07_NG_dchg,방전,NG,1493,0,0,0.159358
Test07_NG_dchg,방전,NG,1494,0,0,0.147522
Test07_NG_dchg,방전,NG,1495,0,0,0.15381
Test07_NG_dchg,방전,NG,1496,0,0,0.15487
Test07_NG_dchg,방전,NG,1497,0,0,0.156836
Test07_NG_dchg,방전,NG,1498,0,0,0.158691
Test07_NG_dchg,방전,NG,1499,0,0,0.151539
Test07_NG_dchg,방전,NG,1500,0,0,0.145944
Test07_NG_dchg,방전,NG,1501,0,0,0.160353
Test07_NG_dchg,방전,NG,1502,0,0,0.177609
Test07_NG_dchg,방전,NG,1503,0,0,0.15714
Test07_NG_dchg,방전,NG,1504,0,0,0.160117
Test07_NG_dchg,방전,NG,1505,0,0,0.167767
Test07_NG_dchg,방전,NG,1506,0,0,0.158695
Test07_NG_dchg,방전,NG,1507,0,0,0.163444
Test07_NG_dchg,방전,NG,1508,0,0,0.148266
Test07_NG_dchg,방전,NG,1509,0,0,0.162874
Test07_NG_dchg,방전,NG,1510,0,0,0.157234
Test07_NG_dchg,방전,NG,1511,0,0,0.152951
Test07_NG_dchg,방전,NG,1512,0,0,0.160839
Test07_NG_dchg,방전,NG,1513,0,0,0.164005
Test07_NG_dchg,방전,NG,1514,0,0,0.162571
Test07_NG_dchg,방전,NG,1515,0,0,0.154841
Test07_NG_dchg,방전,NG,1516,0,0,0.15637
Test07_NG_dchg,방전,NG,1517,0,0,0.147738
Test07_NG_dchg,방전,NG,1518,0,0,0.153611
Test07_NG_dchg,방전,NG,1519,0,0,0.151773
Test07_NG_dchg,방전,NG,1520,0,0,0.142734
Test07_NG_dchg,방전,NG,1521,0,0,0.167392
Test07_NG_dchg,방전,NG,1522,0,0,0.152217
Test07_NG_dchg,방전,NG,1523,0,0,0.151621
Test07_NG_dchg,방전,NG,1524,0,0,0.151241
Test07_NG_dchg,방전,NG,1525,0,0,0.150313
Test07_NG_dchg,방전,NG,1526,0,0,0.149231
Test07_NG_dchg,방전,NG,1527,0,0,0.155624
Test07_NG_dchg,방전,NG,1528,0,0,0.154992
Test07_NG_dchg,방전,NG,1529,0,0,0.159653
Test07_NG_dchg,방전,NG,1530,0,0,0.171433
Test07_NG_dchg,방전,NG,1531,0,0,0.162058
Test07_NG_dchg,방전,NG,1532,0,0,0.161247
Test07_NG_dchg,방전,NG,1533,0,0,0.155061
Test07_NG_dchg,방전,NG,1534,0,0,0.148686
Test07_NG_dchg,방전,NG,1535,0,0,0.160318
Test07_NG_dchg,방전,NG,1536,0,0,0.152777
Test07_NG_dchg,방전,NG,1537,0,0,0.15804
Test07_NG_dchg,방전,NG,1538,0,0,0.176588
Test07_NG_dchg,방전,NG,1539,0,0,0.15619
Test07_NG_dchg,방전,NG,1540,0,0,0.151795
Test07_NG_dchg,방전,NG,1541,0,0,0.157788
Test07_NG_dchg,방전,NG,1542,0,0,0.154503
Test07_NG_dchg,방전,NG,1543,0,0,0.176139
Test07_NG_dchg,방전,NG,1544,0,0,0.156687
Test07_NG_dchg,방전,NG,1545,0,0,0.158289
Test07_NG_dchg,방전,NG,1546,0,0,0.150679
Test07_NG_dchg,방전,NG,1547,0,0,0.149427
Test07_NG_dchg,방전,NG,1548,0,0,0.146369
Test07_NG_dchg,방전,NG,1549,0,0,0.149725
Test07_NG_dchg,방전,NG,1550,0,0,0.156546
Test07_NG_dchg,방전,NG,1551,0,0,0.155318
Test07_NG_dchg,방전,NG,1552,0,0,0.148933
Test07_NG_dchg,방전,NG,1553,0,0,0.155886
Test07_NG_dchg,방전,NG,1554,0,0,0.153237
Test07_NG_dchg,방전,NG,1555,0,0,0.146137
Test07_NG_dchg,방전,NG,1556,0,0,0.147957
Test07_NG_dchg,방전,NG,1557,0,0,0.146022
Test07_NG_dchg,방전,NG,1558,0,0,0.166379
Test07_NG_dchg,방전,NG,1559,0,0,0.167065
Test07_NG_dchg,방전,NG,1560,0,0,0.152992
Test07_NG_dchg,방전,NG,1561,0,0,0.158542
Test07_NG_dchg,방전,NG,1562,0,0,0.148302
Test07_NG_dchg,방전,NG,1563,0,0,0.153557
Test07_NG_dchg,방전,NG,1564,0,0,0.146187
Test07_NG_dchg,방전,NG,1565,0,0,0.168214
Test07_NG_dchg,방전,NG,1566,0,0,0.153434
Test07_NG_dchg,방전,NG,1567,0,0,0.156033
Test07_NG_dchg,방전,NG,1568,0,0,0.149805
Test07_NG_dchg,방전,NG,1569,0,0,0.158233
Test07_NG_dchg,방전,NG,1570,0,0,0.158165
Test07_NG_dchg,방전,NG,1571,0,0,0.168142
Test07_NG_dchg,방전,NG,1572,0,0,0.157936
Test07_NG_dchg,방전,NG,1573,0,0,0.169278
Test07_NG_dchg,방전,NG,1574,0,0,0.145427
Test07_NG_dchg,방전,NG,1575,0,0,0.157359
Test07_NG_dchg,방전,NG,1576,0,0,0.148121
Test07_NG_dchg,방전,NG,1577,0,0,0.161947
Test07_NG_dchg,방전,NG,1578,0,0,0.154933
Test07_NG_dchg,방전,NG,1579,0,0,0.147362
Test07_NG_dchg,방전,NG,1580,0,0,0.17066
Test07_NG_dchg,방전,NG,1581,0,0,0.168926
Test07_NG_dchg,방전,NG,1582,0,0,0.15767
Test07_NG_dchg,방전,NG,1583,0,0,0.157779
Test07_NG_dchg,방전,NG,1584,0,0,0.149869
Test07_NG_dchg,방전,NG,1585,0,0,0.157335
Test07_NG_dchg,방전,NG,1586,0,0,0.149421
Test07_NG_dchg,방전,NG,1587,0,0,0.148052
Test07_NG_dchg,방전,NG,1588,0,0,0.164488
Test07_NG_dchg,방전,NG,1589,0,0,0.152659
Test07_NG_dchg,방전,NG,1590,0,0,0.147105
Test07_NG_dchg,방전,NG,1591,0,0,0.157801
Test07_NG_dchg,방전,NG,1592,0,0,0.168687
Test07_NG_dchg,방전,NG,1593,0,0,0.151663
Test07_NG_dchg,방전,NG,1594,0,0,0.175984
Test07_NG_dchg,방전,NG,1595,0,0,0.16799
Test07_NG_dchg,방전,NG,1596,0,0,0.16203
Test07_NG_dchg,방전,NG,1597,0,0,0.158728
Test07_NG_dchg,방전,NG,1598,0,0,0.153353
Test07_NG_dchg,방전,NG,1599,0,0,0.161217
Test07_NG_dchg,방전,NG,1600,0,0,0.154629
Test07_NG_dchg,방전,NG,1601,0,0,0.150868
Test07_NG_dchg,방전,NG,1602,0,0,0.154624
Test07_NG_dchg,방전,NG,1603,0,0,0.151207
Test07_NG_dchg,방전,NG,1604,0,0,0.154838
Test07_NG_dchg,방전,NG,1605,0,0,0.157555
Test07_NG_dchg,방전,NG,1606,0,0,0.159973
Test07_NG_dchg,방전,NG,1607,0,0,0.160729
Test07_NG_dchg,방전,NG,1608,0,0,0.149751
Test07_NG_dchg,방전,NG,1609,0,0,0.152258
Test07_NG_dchg,방전,NG,1610,0,0,0.159346
Test07_NG_dchg,방전,NG,1611,0,0,0.152596
Test07_NG_dchg,방전,NG,1612,0,0,0.155676
Test07_NG_dchg,방전,NG,1613,0,0,0.159902
Test07_NG_dchg,방전,NG,1614,0,0,0.154924
Test07_NG_dchg,방전,NG,1615,0,0,0.146229
Test07_NG_dchg,방전,NG,1616,0,0,0.163383
Test07_NG_dchg,방전,NG,1617,0,0,0.151526
Test07_NG_dchg,방전,NG,1618,0,0,0.159399
Test07_NG_dchg,방전,NG,1619,0,0,0.151729
Test07_NG_dchg,방전,NG,1620,0,0,0.155839
Test07_NG_dchg,방전,NG,1621,0,0,0.150731
Test07_NG_dchg,방전,NG,1622,0,0,0.148667
Test07_NG_dchg,방전,NG,1623,0,0,0.151855
Test07_NG_dchg,방전,NG,1624,0,0,0.144999
Test07_NG_dchg,방전,NG,1625,0,0,0.153534
Test07_NG_dchg,방전,NG,1626,0,0,0.157242
Test07_NG_dchg,방전,NG,1627,0,0,0.149629
Test07_NG_dchg,방전,NG,1628,0,0,0.145946
Test07_NG_dchg,방전,NG,1629,0,0,0.149935
Test07_NG_dchg,방전,NG,1630,0,0,0.165471
Test07_NG_dchg,방전,NG,1631,0,0,0.148756
Test07_NG_dchg,방전,NG,1632,0,0,0.147685
Test07_NG_dchg,방전,NG,1633,0,0,0.15635
Test07_NG_dchg,방전,NG,1634,0,0,0.142246
Test07_NG_dchg,방전,NG,1635,0,0,0.155745
Test07_NG_dchg,방전,NG,1636,0,0,0.149173
Test07_NG_dchg,방전,NG,1637,0,0,0.165923
Test07_NG_dchg,방전,NG,1638,0,0,0.151195
Test07_NG_dchg,방전,NG,1639,0,0,0.160827
Test07_NG_dchg,방전,NG,1640,0,0,0.156162
Test07_NG_dchg,방전,NG,1641,0,0,0.156853
Test07_NG_dchg,방전,NG,1642,0,0,0.166428
Test07_NG_dchg,방전,NG,1643,0,0,0.161975
Test07_NG_dchg,방전,NG,1644,0,0,0.162171
Test07_NG_dchg,방전,NG,1645,0,0,0.164791
Test07_NG_dchg,방전,NG,1646,0,0,0.163554
Test07_NG_dchg,방전,NG,1647,0,0,0.153373
Test07_NG_dchg,방전,NG,1648,0,0,0.154368
Test07_NG_dchg,방전,NG,1649,0,0,0.156951
Test07_NG_dchg,방전,NG,1650,0,0,0.151783
Test07_NG_dchg,방전,NG,1651,0,0,0.15041
Test07_NG_dchg,방전,NG,1652,0,0,0.150558
Test07_NG_dchg,방전,NG,1653,0,0,0.144642
Test07_NG_dchg,방전,NG,1654,0,0,0.15202
Test07_NG_dchg,방전,NG,1655,0,0,0.155452
Test07_NG_dchg,방전,NG,1656,0,0,0.151308
Test07_NG_dchg,방전,NG,1657,0,0,0.154061
Test07_NG_dchg,방전,NG,1658,0,0,0.14843
Test07_NG_dchg,방전,NG,1659,0,0,0.158141
Test07_NG_dchg,방전,NG,1660,0,0,0.15304
Test07_NG_dchg,방전,NG,1661,0,0,0.15394
Test07_NG_dchg,방전,NG,1662,0,0,0.155284
Test07_NG_dchg,방전,NG,1663,0,0,0.154974
Test07_NG_dchg,방전,NG,1664,0,0,0.159672
Test07_NG_dchg,방전,NG,1665,0,0,0.153751
Test07_NG_dchg,방전,NG,1666,0,0,0.152107
Test07_NG_dchg,방전,NG,1667,0,0,0.154102
Test07_NG_dchg,방전,NG,1668,0,0,0.15548
Test07_NG_dchg,방전,NG,1669,0,0,0.144684
Test07_NG_dchg,방전,NG,1670,0,0,0.15904
Test07_NG_dchg,방전,NG,1671,0,0,0.154385
Test07_NG_dchg,방전,NG,1672,0,0,0.152282
Test07_NG_dchg,방전,NG,1673,0,0,0.175705
Test07_NG_dchg,방전,NG,1674,0,0,0.153105
Test07_NG_dchg,방전,NG,1675,0,0,0.158052
Test07_NG_dchg,방전,NG,1676,0,0,0.163319
Test07_NG_dchg,방전,NG,1677,0,0,0.173159
Test07_NG_dchg,방전,NG,1678,0,0,0.14784
Test07_NG_dchg,방전,NG,1679,0,0,0.157769
Test07_NG_dchg,방전,NG,1680,0,0,0.147089
Test07_NG_dchg,방전,NG,1681,0,0,0.145828
Test07_NG_dchg,방전,NG,1682,0,0,0.159265
Test07_NG_dchg,방전,NG,1683,0,0,0.15228
Test07_NG_dchg,방전,NG,1684,0,0,0.167926
Test07_NG_dchg,방전,NG,1685,0,0,0.146599
Test07_NG_dchg,방전,NG,1686,0,0,0.155912
Test07_NG_dchg,방전,NG,1687,0,0,0.147301
Test07_NG_dchg,방전,NG,1688,0,0,0.158271
Test07_NG_dchg,방전,NG,1689,0,0,0.156759
Test07_NG_dchg,방전,NG,1690,0,0,0.158876
Test07_NG_dchg,방전,NG,1691,0,0,0.156189
Test07_NG_dchg,방전,NG,1692,0,0,0.150303
Test07_NG_dchg,방전,NG,1693,0,0,0.160822
Test07_NG_dchg,방전,NG,1694,0,0,0.151993
Test07_NG_dchg,방전,NG,1695,0,0,0.16857
Test07_NG_dchg,방전,NG,1696,0,0,0.159707
Test07_NG_dchg,방전,NG,1697,0,0,0.156926
Test07_NG_dchg,방전,NG,1698,0,0,0.162494
Test07_NG_dchg,방전,NG,1699,0,0,0.153675
Test07_NG_dchg,방전,NG,1700,0,0,0.159858
Test07_NG_dchg,방전,NG,1701,0,0,0.15203
Test07_NG_dchg,방전,NG,1702,0,0,0.150005
Test07_NG_dchg,방전,NG,1703,0,0,0.145277
Test07_NG_dchg,방전,NG,1704,0,0,0.150309
Test07_NG_dchg,방전,NG,1705,0,0,0.14275
Test07_NG_dchg,방전,NG,1706,0,0,0.150712
Test07_NG_dchg,방전,NG,1707,0,0,0.146154
Test07_NG_dchg,방전,NG,1708,0,0,0.149235
Test07_NG_dchg,방전,NG,1709,0,0,0.160363
Test07_NG_dchg,방전,NG,1710,0,0,0.145677
Test07_NG_dchg,방전,NG,1711,0,0,0.149387
Test07_NG_dchg,방전,NG,1712,0,0,0.163372
Test07_NG_dchg,방전,NG,1713,0,0,0.162978
Test07_NG_dchg,방전,NG,1714,0,0,0.145588
Test07_NG_dchg,방전,NG,1715,0,0,0.154951
Test07_NG_dchg,방전,NG,1716,0,0,0.15743
Test07_NG_dchg,방전,NG,1717,0,0,0.147882
Test07_NG_dchg,방전,NG,1718,0,0,0.145774
Test07_NG_dchg,방전,NG,1719,0,0,0.152318
Test07_NG_dchg,방전,NG,1720,0,0,0.161583
Test07_NG_dchg,방전,NG,1721,0,0,0.149481
Test07_NG_dchg,방전,NG,1722,0,0,0.160999
Test07_NG_dchg,방전,NG,1723,0,0,0.14931
Test07_NG_dchg,방전,NG,1724,0,0,0.160319
Test07_NG_dchg,방전,NG,1725,0,0,0.152706
Test07_NG_dchg,방전,NG,1726,0,0,0.154732
Test07_NG_dchg,방전,NG,1727,0,0,0.160968
Test07_NG_dchg,방전,NG,1728,0,0,0.163141
Test07_NG_dchg,방전,NG,1729,0,0,0.149534
Test07_NG_dchg,방전,NG,1730,0,0,0.153479
Test07_NG_dchg,방전,NG,1731,0,0,0.162175
Test07_NG_dchg,방전,NG,1732,0,0,0.156276
Test07_NG_dchg,방전,NG,1733,0,0,0.152181
Test07_NG_dchg,방전,NG,1734,0,0,0.15792
Test07_NG_dchg,방전,NG,1735,0,0,0.157934
Test07_NG_dchg,방전,NG,1736,0,0,0.153654
Test07_NG_dchg,방전,NG,1737,0,0,0.164415
Test07_NG_dchg,방전,NG,1738,0,0,0.168659
Test07_NG_dchg,방전,NG,1739,0,0,0.153011
Test07_NG_dchg,방전,NG,1740,0,0,0.152055
Test07_NG_dchg,방전,NG,1741,0,0,0.165177
Test07_NG_dchg,방전,NG,1742,0,0,0.160233
Test07_NG_dchg,방전,NG,1743,0,0,0.151872
Test07_NG_dchg,방전,NG,1744,0,0,0.153073
Test07_NG_dchg,방전,NG,1745,0,0,0.158299
Test07_NG_dchg,방전,NG,1746,0,0,0.153277
Test07_NG_dchg,방전,NG,1747,0,0,0.15433
Test07_NG_dchg,방전,NG,1748,0,0,0.153641
Test07_NG_dchg,방전,NG,1749,0,0,0.148846
Test07_NG_dchg,방전,NG,1750,0,0,0.172772
Test07_NG_dchg,방전,NG,1751,0,0,0.159563
Test07_NG_dchg,방전,NG,1752,0,0,0.158995
Test07_NG_dchg,방전,NG,1753,0,0,0.157342
Test07_NG_dchg,방전,NG,1754,0,0,0.155732
Test07_NG_dchg,방전,NG,1755,0,0,0.150792
Test07_NG_dchg,방전,NG,1756,0,0,0.154298
Test07_NG_dchg,방전,NG,1757,0,0,0.156964
Test07_NG_dchg,방전,NG,1758,0,0,0.150287
Test07_NG_dchg,방전,NG,1759,0,0,0.165832
Test07_NG_dchg,방전,NG,1760,0,0,0.154169
Test07_NG_dchg,방전,NG,1761,0,0,0.149758
Test07_NG_dchg,방전,NG,1762,0,0,0.161825
Test07_NG_dchg,방전,NG,1763,0,0,0.154056
Test07_NG_dchg,방전,NG,1764,0,0,0.163183
Test07_NG_dchg,방전,NG,1765,0,0,0.15136
Test07_NG_dchg,방전,NG,1766,0,0,0.181586
Test07_NG_dchg,방전,NG,1767,0,0,0.168671
Test07_NG_dchg,방전,NG,1768,0,0,0.15038
Test07_NG_dchg,방전,NG,1769,0,0,0.158934
Test07_NG_dchg,방전,NG,1770,0,0,0.160345
Test07_NG_dchg,방전,NG,1771,0,0,0.170233
Test07_NG_dchg,방전,NG,1772,0,0,0.153025
Test07_NG_dchg,방전,NG,1773,0,0,0.158494
Test07_NG_dchg,방전,NG,1774,0,0,0.159011
Test07_NG_dchg,방전,NG,1775,0,0,0.163713
Test07_NG_dchg,방전,NG,1776,0,0,0.168238
Test07_NG_dchg,방전,NG,1777,0,0,0.148232
Test07_NG_dchg,방전,NG,1778,0,0,0.160412
Test07_NG_dchg,방전,NG,1779,0,0,0.158749
Test07_NG_dchg,방전,NG,1780,0,0,0.156146
Test07_NG_dchg,방전,NG,1781,0,0,0.147253
Test07_NG_dchg,방전,NG,1782,0,0,0.16307
Test07_NG_dchg,방전,NG,1783,0,0,0.162401
Test07_NG_dchg,방전,NG,1784,0,0,0.170178
Test07_NG_dchg,방전,NG,1785,0,0,0.158822
Test07_NG_dchg,방전,NG,1786,0,0,0.160549
Test07_NG_dchg,방전,NG,1787,0,0,0.164865
Test07_NG_dchg,방전,NG,1788,0,0,0.151595
Test07_NG_dchg,방전,NG,1789,0,0,0.147186
Test07_NG_dchg,방전,NG,1790,0,0,0.158336
Test07_NG_dchg,방전,NG,1791,0,0,0.147706
Test07_NG_dchg,방전,NG,1792,0,0,0.150318
Test07_NG_dchg,방전,NG,1793,0,0,0.149213
Test07_NG_dchg,방전,NG,1794,0,0,0.147764
Test07_NG_dchg,방전,NG,1795,0,0,0.152731
Test07_NG_dchg,방전,NG,1796,0,0,0.165584
Test07_NG_dchg,방전,NG,1797,0,0,0.154441
Test07_NG_dchg,방전,NG,1798,0,0,0.168331
Test07_NG_dchg,방전,NG,1799,0,0,0.15411
Test07_NG_dchg,방전,NG,1800,0,0,0.148317
Test07_NG_dchg,방전,NG,1801,0,0,0.16186
Test07_NG_dchg,방전,NG,1802,0,0,0.15233
Test07_NG_dchg,방전,NG,1803,0,0,0.146535
Test07_NG_dchg,방전,NG,1804,0,0,0.148513
Test07_NG_dchg,방전,NG,1805,0,0,0.155958
Test07_NG_dchg,방전,NG,1806,0,0,0.191784
Test07_NG_dchg,방전,NG,1807,0,0,0.160725
Test07_NG_dchg,방전,NG,1808,0,0,0.15197
Test07_NG_dchg,방전,NG,1809,0,0,0.148792
Test07_NG_dchg,방전,NG,1810,0,0,0.160104
Test07_NG_dchg,방전,NG,1811,0,0,0.156681
Test07_NG_dchg,방전,NG,1812,0,0,0.159627
Test07_NG_dchg,방전,NG,1813,0,0,0.155953
Test07_NG_dchg,방전,NG,1814,0,0,0.150479
Test07_NG_dchg,방전,NG,1815,0,0,0.158059
Test07_NG_dchg,방전,NG,1816,0,0,0.155856
Test07_NG_dchg,방전,NG,1817,0,0,0.145193
Test07_NG_dchg,방전,NG,1818,0,0,0.152357
Test07_NG_dchg,방전,NG,1819,0,0,0.14799
Test07_NG_dchg,방전,NG,1820,0,0,0.148444
Test07_NG_dchg,방전,NG,1821,0,0,0.156718
Test07_NG_dchg,방전,NG,1822,0,0,0.15039
Test07_NG_dchg,방전,NG,1823,0,0,0.153118
Test07_NG_dchg,방전,NG,1824,0,0,0.159097
Test07_NG_dchg,방전,NG,1825,0,0,0.153277
Test07_NG_dchg,방전,NG,1826,0,0,0.149762
Test07_NG_dchg,방전,NG,1827,0,0,0.155039
Test07_NG_dchg,방전,NG,1828,0,0,0.15102
Test07_NG_dchg,방전,NG,1829,0,0,0.15003
Test07_NG_dchg,방전,NG,1830,0,0,0.154775
Test07_NG_dchg,방전,NG,1831,0,0,0.147583
Test07_NG_dchg,방전,NG,1832,0,0,0.164836
Test07_NG_dchg,방전,NG,1833,0,0,0.150733
Test07_NG_dchg,방전,NG,1834,0,0,0.150581
Test07_NG_dchg,방전,NG,1835,0,0,0.151832
Test07_NG_dchg,방전,NG,1836,0,0,0.150465
Test07_NG_dchg,방전,NG,1837,0,0,0.157564
Test07_NG_dchg,방전,NG,1838,0,0,0.179959
Test07_NG_dchg,방전,NG,1839,0,0,0.151518
Test07_NG_dchg,방전,NG,1840,0,0,0.154526
Test07_NG_dchg,방전,NG,1841,0,0,0.154508
Test07_NG_dchg,방전,NG,1842,0,0,0.156016
Test07_NG_dchg,방전,NG,1843,0,0,0.156289
Test07_NG_dchg,방전,NG,1844,0,0,0.151692
Test07_NG_dchg,방전,NG,1845,0,0,0.16417
Test07_NG_dchg,방전,NG,1846,0,0,0.166184
Test07_NG_dchg,방전,NG,1847,0,0,0.150534
Test07_NG_dchg,방전,NG,1848,0,0,0.152988
Test07_NG_dchg,방전,NG,1849,0,0,0.153512
Test07_NG_dchg,방전,NG,1850,0,0,0.153396
Test07_NG_dchg,방전,NG,1851,0,0,0.15721
Test07_NG_dchg,방전,NG,1852,0,0,0.147049
Test07_NG_dchg,방전,NG,1853,0,0,0.156315
Test07_NG_dchg,방전,NG,1854,0,0,0.172294
Test07_NG_dchg,방전,NG,1855,0,0,0.154798
Test07_NG_dchg,방전,NG,1856,0,0,0.158818
Test07_NG_dchg,방전,NG,1857,0,0,0.166045
Test07_NG_dchg,방전,NG,1858,0,0,0.152878
Test07_NG_dchg,방전,NG,1859,0,0,0.14886
Test07_NG_dchg,방전,NG,1860,0,0,0.146558
Test07_NG_dchg,방전,NG,1861,0,0,0.167682
Test07_NG_dchg,방전,NG,1862,0,0,0.172097
Test07_NG_dchg,방전,NG,1863,0,0,0.152465
Test07_NG_dchg,방전,NG,1864,0,0,0.165624
Test07_NG_dchg,방전,NG,1865,0,0,0.155156
Test07_NG_dchg,방전,NG,1866,0,0,0.155937
Test07_NG_dchg,방전,NG,1867,0,0,0.162847
Test07_NG_dchg,방전,NG,1868,0,0,0.159519
Test07_NG_dchg,방전,NG,1869,0,0,0.158163
Test07_NG_dchg,방전,NG,1870,0,0,0.157248
Test07_NG_dchg,방전,NG,1871,0,0,0.150669
Test07_NG_dchg,방전,NG,1872,0,0,0.169532
Test07_NG_dchg,방전,NG,1873,0,0,0.142296
Test07_NG_dchg,방전,NG,1874,0,0,0.143753
Test07_NG_dchg,방전,NG,1875,0,0,0.153023
Test07_NG_dchg,방전,NG,1876,0,0,0.154966
Test07_NG_dchg,방전,NG,1877,0,0,0.157118
Test07_NG_dchg,방전,NG,1878,0,0,0.169868
Test07_NG_dchg,방전,NG,1879,0,0,0.149199
Test07_NG_dchg,방전,NG,1880,0,0,0.153906
Test07_NG_dchg,방전,NG,1881,0,0,0.161391
Test07_NG_dchg,방전,NG,1882,0,0,0.155642
Test07_NG_dchg,방전,NG,1883,0,0,0.148288
Test07_NG_dchg,방전,NG,1884,0,0,0.150063
Test07_NG_dchg,방전,NG,1885,0,0,0.156779
Test07_NG_dchg,방전,NG,1886,0,0,0.156967
Test07_NG_dchg,방전,NG,1887,0,0,0.163836
Test07_NG_dchg,방전,NG,1888,0,0,0.158363
Test07_NG_dchg,방전,NG,1889,0,0,0.14608
Test07_NG_dchg,방전,NG,1890,0,0,0.163181
Test07_NG_dchg,방전,NG,1891,0,0,0.148241
Test07_NG_dchg,방전,NG,1892,0,0,0.158903
Test07_NG_dchg,방전,NG,1893,0,0,0.155757
Test07_NG_dchg,방전,NG,1894,0,0,0.149174
Test07_NG_dchg,방전,NG,1895,0,0,0.161284
Test07_NG_dchg,방전,NG,1896,0,0,0.156484
Test07_NG_dchg,방전,NG,1897,0,0,0.162131
Test07_NG_dchg,방전,NG,1898,0,0,0.158865
Test07_NG_dchg,방전,NG,1899,0,0,0.150916
Test07_NG_dchg,방전,NG,1900,0,0,0.143547
Test07_NG_dchg,방전,NG,1901,0,0,0.148758
Test07_NG_dchg,방전,NG,1902,0,0,0.153573
Test07_NG_dchg,방전,NG,1903,0,0,0.148712
Test07_NG_dchg,방전,NG,1904,0,0,0.148928
Test07_NG_dchg,방전,NG,1905,0,0,0.17161
Test07_NG_dchg,방전,NG,1906,0,0,0.15212
Test07_NG_dchg,방전,NG,1907,0,0,0.159242
Test07_NG_dchg,방전,NG,1908,0,0,0.15412
Test07_NG_dchg,방전,NG,1909,0,0,0.153038
Test07_NG_dchg,방전,NG,1910,0,0,0.150749
Test07_NG_dchg,방전,NG,1911,0,0,0.155806
Test07_NG_dchg,방전,NG,1912,0,0,0.148142
Test07_NG_dchg,방전,NG,1913,0,0,0.15127
Test07_NG_dchg,방전,NG,1914,0,0,0.161397
Test07_NG_dchg,방전,NG,1915,0,0,0.156805
Test07_NG_dchg,방전,NG,1916,0,0,0.170874
Test07_NG_dchg,방전,NG,1917,0,0,0.150243
Test07_NG_dchg,방전,NG,1918,0,0,0.158952
Test07_NG_dchg,방전,NG,1919,0,0,0.147907
Test07_NG_dchg,방전,NG,1920,0,0,0.158963
Test07_NG_dchg,방전,NG,1921,0,0,0.164279
Test07_NG_dchg,방전,NG,1922,0,0,0.154716
Test07_NG_dchg,방전,NG,1923,0,0,0.145566
Test07_NG_dchg,방전,NG,1924,0,0,0.161112
Test07_NG_dchg,방전,NG,1925,0,0,0.146123
Test07_NG_dchg,방전,NG,1926,0,0,0.149433
Test07_NG_dchg,방전,NG,1927,0,0,0.161695
Test07_NG_dchg,방전,NG,1928,0,0,0.154468
Test07_NG_dchg,방전,NG,1929,0,0,0.154812
Test07_NG_dchg,방전,NG,1930,0,0,0.190927
Test07_NG_dchg,방전,NG,1931,0,0,0.157829
Test07_NG_dchg,방전,NG,1932,0,0,0.173933
Test07_NG_dchg,방전,NG,1933,0,0,0.159963
Test07_NG_dchg,방전,NG,1934,0,0,0.163031
Test07_NG_dchg,방전,NG,1935,0,0,0.154643
Test07_NG_dchg,방전,NG,1936,0,0,0.1431
Test07_NG_dchg,방전,NG,1937,0,0,0.148227
Test07_NG_dchg,방전,NG,1938,0,0,0.159767
Test07_NG_dchg,방전,NG,1939,0,0,0.1628
Test07_NG_dchg,방전,NG,1940,0,0,0.16019
Test07_NG_dchg,방전,NG,1941,0,0,0.159457
Test07_NG_dchg,방전,NG,1942,0,0,0.152009
Test07_NG_dchg,방전,NG,1943,0,0,0.148537
Test07_NG_dchg,방전,NG,1944,0,0,0.156954
Test07_NG_dchg,방전,NG,1945,0,0,0.157369
Test07_NG_dchg,방전,NG,1946,0,0,0.152551
Test07_NG_dchg,방전,NG,1947,0,0,0.155345
Test07_NG_dchg,방전,NG,1948,0,0,0.156777
Test07_NG_dchg,방전,NG,1949,0,0,0.157432
Test07_NG_dchg,방전,NG,1950,0,0,0.155162
Test07_NG_dchg,방전,NG,1951,0,0,0.149713
Test07_NG_dchg,방전,NG,1952,0,0,0.151847
Test07_NG_dchg,방전,NG,1953,0,0,0.157163
Test07_NG_dchg,방전,NG,1954,0,0,0.145159
Test07_NG_dchg,방전,NG,1955,0,0,0.145598
Test07_NG_dchg,방전,NG,1956,0,0,0.177535
Test07_NG_dchg,방전,NG,1957,0,0,0.154697
Test07_NG_dchg,방전,NG,1958,0,0,0.152946
Test07_NG_dchg,방전,NG,1959,0,0,0.153192
Test07_NG_dchg,방전,NG,1960,0,0,0.150221
Test07_NG_dchg,방전,NG,1961,0,0,0.153367
Test07_NG_dchg,방전,NG,1962,0,0,0.151993
Test07_NG_dchg,방전,NG,1963,0,0,0.154923
Test07_NG_dchg,방전,NG,1964,0,0,0.159394
Test07_NG_dchg,방전,NG,1965,0,0,0.145923
Test07_NG_dchg,방전,NG,1966,0,0,0.170645
Test07_NG_dchg,방전,NG,1967,0,0,0.158474
Test07_NG_dchg,방전,NG,1968,0,0,0.159138
Test07_NG_dchg,방전,NG,1969,0,0,0.155379
Test07_NG_dchg,방전,NG,1970,0,0,0.155849
Test07_NG_dchg,방전,NG,1971,0,0,0.149544
Test07_NG_dchg,방전,NG,1972,0,0,0.159422
Test07_NG_dchg,방전,NG,1973,0,0,0.157681
Test07_NG_dchg,방전,NG,1974,0,0,0.155281
Test07_NG_dchg,방전,NG,1975,0,0,0.162112
Test07_NG_dchg,방전,NG,1976,0,0,0.15491
Test07_NG_dchg,방전,NG,1977,0,0,0.155821
Test07_NG_dchg,방전,NG,1978,0,0,0.149607
Test07_NG_dchg,방전,NG,1979,0,0,0.15287
Test07_NG_dchg,방전,NG,1980,0,0,0.146531
Test07_NG_dchg,방전,NG,1981,0,0,0.157309
Test07_NG_dchg,방전,NG,1982,0,0,0.159477
Test07_NG_dchg,방전,NG,1983,0,0,0.155178
Test07_NG_dchg,방전,NG,1984,0,0,0.166387
Test07_NG_dchg,방전,NG,1985,0,0,0.16366
Test07_NG_dchg,방전,NG,1986,0,0,0.150135
Test07_NG_dchg,방전,NG,1987,0,0,0.154439
Test07_NG_dchg,방전,NG,1988,0,0,0.156248
Test07_NG_dchg,방전,NG,1989,0,0,0.160176
Test07_NG_dchg,방전,NG,1990,0,0,0.157339
Test07_NG_dchg,방전,NG,1991,0,0,0.151178
Test07_NG_dchg,방전,NG,1992,0,0,0.151075
Test07_NG_dchg,방전,NG,1993,0,0,0.156478
Test07_NG_dchg,방전,NG,1994,0,0,0.165378
Test07_NG_dchg,방전,NG,1995,0,0,0.156802
Test07_NG_dchg,방전,NG,1996,0,0,0.15158
Test07_NG_dchg,방전,NG,1997,0,0,0.160717
Test07_NG_dchg,방전,NG,1998,0,0,0.17668
Test07_NG_dchg,방전,NG,1999,0,0,0.156777
Test07_NG_dchg,방전,NG,2000,0,0,0.158366
Test07_NG_dchg,방전,NG,2001,0,0,0.161158
Test07_NG_dchg,방전,NG,2002,0,0,0.157871
Test07_NG_dchg,방전,NG,2003,0,0,0.155703
Test07_NG_dchg,방전,NG,2004,0,0,0.153505
Test07_NG_dchg,방전,NG,2005,0,0,0.156872
Test07_NG_dchg,방전,NG,2006,0,0,0.152642
Test07_NG_dchg,방전,NG,2007,0,0,0.153333
Test07_NG_dchg,방전,NG,2008,0,0,0.160923
Test07_NG_dchg,방전,NG,2009,0,0,0.161059
Test07_NG_dchg,방전,NG,2010,0,0,0.153648
Test07_NG_dchg,방전,NG,2011,0,0,0.154163
Test07_NG_dchg,방전,NG,2012,0,0,0.146715
Test07_NG_dchg,방전,NG,2013,0,0,0.15133
Test07_NG_dchg,방전,NG,2014,0,0,0.16681
Test07_NG_dchg,방전,NG,2015,0,0,0.150828
Test07_NG_dchg,방전,NG,2016,0,0,0.14874
Test07_NG_dchg,방전,NG,2017,0,0,0.16043
Test07_NG_dchg,방전,NG,2018,0,0,0.154702
Test07_NG_dchg,방전,NG,2019,0,0,0.149581
Test07_NG_dchg,방전,NG,2020,0,0,0.161275
Test07_NG_dchg,방전,NG,2021,0,0,0.157765
Test07_NG_dchg,방전,NG,2022,0,0,0.168124
Test07_NG_dchg,방전,NG,2023,0,0,0.162906
Test07_NG_dchg,방전,NG,2024,0,0,0.141369
Test07_NG_dchg,방전,NG,2025,0,0,0.158817
Test07_NG_dchg,방전,NG,2026,0,0,0.148035
Test07_NG_dchg,방전,NG,2027,0,0,0.16105
Test07_NG_dchg,방전,NG,2028,0,0,0.154337
Test07_NG_dchg,방전,NG,2029,0,0,0.158988
Test07_NG_dchg,방전,NG,2030,0,0,0.145053
Test07_NG_dchg,방전,NG,2031,0,0,0.158048
Test07_NG_dchg,방전,NG,2032,0,0,0.153752
Test07_NG_dchg,방전,NG,2033,0,0,0.149049
Test07_NG_dchg,방전,NG,2034,0,0,0.146197
Test07_NG_dchg,방전,NG,2035,0,0,0.150618
Test07_NG_dchg,방전,NG,2036,0,0,0.174298
Test07_NG_dchg,방전,NG,2037,0,0,0.147693
Test07_NG_dchg,방전,NG,2038,0,0,0.161949
Test07_NG_dchg,방전,NG,2039,0,0,0.164616
Test07_NG_dchg,방전,NG,2040,0,0,0.159965
Test07_NG_dchg,방전,NG,2041,0,0,0.151121
Test07_NG_dchg,방전,NG,2042,0,0,0.159181
Test07_NG_dchg,방전,NG,2043,0,0,0.156751
Test07_NG_dchg,방전,NG,2044,0,0,0.158202
Test07_NG_dchg,방전,NG,2045,0,0,0.164124
Test07_NG_dchg,방전,NG,2046,0,0,0.166946
Test07_NG_dchg,방전,NG,2047,0,0,0.15262
Test07_NG_dchg,방전,NG,2048,0,0,0.16386
Test07_NG_dchg,방전,NG,2049,0,0,0.155942
Test07_NG_dchg,방전,NG,2050,0,0,0.154433
Test07_NG_dchg,방전,NG,2051,0,0,0.147911
Test07_NG_dchg,방전,NG,2052,0,0,0.149727
Test07_NG_dchg,방전,NG,2053,0,0,0.1397
Test07_NG_dchg,방전,NG,2054,0,0,0.152886
Test07_NG_dchg,방전,NG,2055,0,0,0.158021
Test07_NG_dchg,방전,NG,2056,0,0,0.173398
Test07_NG_dchg,방전,NG,2057,0,0,0.152408
Test07_NG_dchg,방전,NG,2058,0,0,0.161679
Test07_NG_dchg,방전,NG,2059,0,0,0.165699
Test07_NG_dchg,방전,NG,2060,0,0,0.154269
Test07_NG_dchg,방전,NG,2061,0,0,0.150627
Test07_NG_dchg,방전,NG,2062,0,0,0.168591
Test07_NG_dchg,방전,NG,2063,0,0,0.156072
Test07_NG_dchg,방전,NG,2064,0,0,0.157968
Test07_NG_dchg,방전,NG,2065,0,0,0.151701
Test07_NG_dchg,방전,NG,2066,0,0,0.14966
Test07_NG_dchg,방전,NG,2067,0,0,0.154251
Test07_NG_dchg,방전,NG,2068,0,0,0.165448
Test07_NG_dchg,방전,NG,2069,0,0,0.160417
Test07_NG_dchg,방전,NG,2070,0,0,0.154043
Test07_NG_dchg,방전,NG,2071,0,0,0.160654
Test07_NG_dchg,방전,NG,2072,0,0,0.152598
Test07_NG_dchg,방전,NG,2073,0,0,0.156487
Test07_NG_dchg,방전,NG,2074,0,0,0.153941
Test07_NG_dchg,방전,NG,2075,0,0,0.147925
Test07_NG_dchg,방전,NG,2076,0,0,0.164602
Test07_NG_dchg,방전,NG,2077,0,0,0.150141
Test07_NG_dchg,방전,NG,2078,0,0,0.151985
Test07_NG_dchg,방전,NG,2079,0,0,0.155917
Test07_NG_dchg,방전,NG,2080,0,0,0.154454
Test07_NG_dchg,방전,NG,2081,0,0,0.14879
Test07_NG_dchg,방전,NG,2082,0,0,0.157203
Test07_NG_dchg,방전,NG,2083,0,0,0.157303
Test07_NG_dchg,방전,NG,2084,0,0,0.15739
Test07_NG_dchg,방전,NG,2085,0,0,0.15688
Test07_NG_dchg,방전,NG,2086,0,0,0.167514
Test07_NG_dchg,방전,NG,2087,0,0,0.146169
Test07_NG_dchg,방전,NG,2088,0,0,0.16292
Test07_NG_dchg,방전,NG,2089,0,0,0.158161
Test07_NG_dchg,방전,NG,2090,0,0,0.157124
Test07_NG_dchg,방전,NG,2091,0,0,0.143571
Test07_NG_dchg,방전,NG,2092,0,0,0.155828
Test07_NG_dchg,방전,NG,2093,0,0,0.169179
Test07_NG_dchg,방전,NG,2094,0,0,0.157114
Test07_NG_dchg,방전,NG,2095,0,0,0.150559
Test07_NG_dchg,방전,NG,2096,0,0,0.170832
Test07_NG_dchg,방전,NG,2097,0,0,0.152332
Test07_NG_dchg,방전,NG,2098,0,0,0.145546
Test07_NG_dchg,방전,NG,2099,0,0,0.155308
Test07_NG_dchg,방전,NG,2100,0,0,0.151616
Test07_NG_dchg,방전,NG,2101,0,0,0.151351
Test07_NG_dchg,방전,NG,2102,0,0,0.144984
Test07_NG_dchg,방전,NG,2103,0,0,0.157128
Test07_NG_dchg,방전,NG,2104,0,0,0.155781
Test07_NG_dchg,방전,NG,2105,0,0,0.153287
Test07_NG_dchg,방전,NG,2106,0,0,0.154957
Test07_NG_dchg,방전,NG,2107,0,0,0.156617
Test07_NG_dchg,방전,NG,2108,0,0,0.15873
Test07_NG_dchg,방전,NG,2109,0,0,0.159813
Test07_NG_dchg,방전,NG,2110,0,0,0.155085
Test07_NG_dchg,방전,NG,2111,0,0,0.157445
Test07_NG_dchg,방전,NG,2112,0,0,0.158034
Test07_NG_dchg,방전,NG,2113,0,0,0.154952
Test07_NG_dchg,방전,NG,2114,0,0,0.150295
Test07_NG_dchg,방전,NG,2115,0,0,0.148025
Test07_NG_dchg,방전,NG,2116,0,0,0.163445
Test07_NG_dchg,방전,NG,2117,0,0,0.172582
Test07_NG_dchg,방전,NG,2118,0,0,0.159774
Test07_NG_dchg,방전,NG,2119,0,0,0.155546
Test07_NG_dchg,방전,NG,2120,0,0,0.156418
Test07_NG_dchg,방전,NG,2121,0,0,0.152671
Test07_NG_dchg,방전,NG,2122,0,0,0.153461
Test07_NG_dchg,방전,NG,2123,0,0,0.149136
Test07_NG_dchg,방전,NG,2124,0,0,0.156662
Test07_NG_dchg,방전,NG,2125,0,0,0.160622
Test07_NG_dchg,방전,NG,2126,0,0,0.159577
Test07_NG_dchg,방전,NG,2127,0,0,0.150102
Test07_NG_dchg,방전,NG,2128,0,0,0.162243
Test07_NG_dchg,방전,NG,2129,0,0,0.147903
Test07_NG_dchg,방전,NG,2130,0,0,0.161988
Test07_NG_dchg,방전,NG,2131,0,0,0.157282
Test07_NG_dchg,방전,NG,2132,0,0,0.159557
Test07_NG_dchg,방전,NG,2133,0,0,0.160145
Test07_NG_dchg,방전,NG,2134,0,0,0.1556
Test07_NG_dchg,방전,NG,2135,0,0,0.149009
Test07_NG_dchg,방전,NG,2136,0,0,0.183838
Test07_NG_dchg,방전,NG,2137,0,0,0.156284
Test07_NG_dchg,방전,NG,2138,0,0,0.159613
Test07_NG_dchg,방전,NG,2139,0,0,0.169326
Test07_NG_dchg,방전,NG,2140,0,0,0.153219
Test07_NG_dchg,방전,NG,2141,0,0,0.159167
Test07_NG_dchg,방전,NG,2142,0,0,0.14881
Test07_NG_dchg,방전,NG,2143,0,0,0.157651
Test07_NG_dchg,방전,NG,2144,0,0,0.164888
Test07_NG_dchg,방전,NG,2145,0,0,0.155753
Test07_NG_dchg,방전,NG,2146,0,0,0.15752
Test07_NG_dchg,방전,NG,2147,0,0,0.162871
Test07_NG_dchg,방전,NG,2148,0,0,0.16006
Test07_NG_dchg,방전,NG,2149,0,0,0.152525
Test07_NG_dchg,방전,NG,2150,0,0,0.154083
Test07_NG_dchg,방전,NG,2151,0,0,0.163009
Test07_NG_dchg,방전,NG,2152,0,0,0.161222
Test07_NG_dchg,방전,NG,2153,0,0,0.162886
Test07_NG_dchg,방전,NG,2154,0,0,0.157001
Test07_NG_dchg,방전,NG,2155,0,0,0.158893
Test07_NG_dchg,방전,NG,2156,0,0,0.151889
Test07_NG_dchg,방전,NG,2157,0,0,0.150835
Test07_NG_dchg,방전,NG,2158,0,0,0.157658
Test07_NG_dchg,방전,NG,2159,0,0,0.163919
Test07_NG_dchg,방전,NG,2160,0,0,0.159647
Test07_NG_dchg,방전,NG,2161,0,0,0.163751
Test07_NG_dchg,방전,NG,2162,0,0,0.146814
Test07_NG_dchg,방전,NG,2163,0,0,0.149187
Test07_NG_dchg,방전,NG,2164,0,0,0.165515
Test07_NG_dchg,방전,NG,2165,0,0,0.16346
Test07_NG_dchg,방전,NG,2166,0,0,0.165707
Test07_NG_dchg,방전,NG,2167,0,0,0.15159
Test07_NG_dchg,방전,NG,2168,0,0,0.155529
Test07_NG_dchg,방전,NG,2169,0,0,0.157626
Test07_NG_dchg,방전,NG,2170,0,0,0.163311
Test07_NG_dchg,방전,NG,2171,0,0,0.160474
Test07_NG_dchg,방전,NG,2172,0,0,0.150729
Test07_NG_dchg,방전,NG,2173,0,0,0.152808
Test07_NG_dchg,방전,NG,2174,0,0,0.151747
Test07_NG_dchg,방전,NG,2175,0,0,0.158212
Test07_NG_dchg,방전,NG,2176,0,0,0.161298
Test07_NG_dchg,방전,NG,2177,0,0,0.15168
Test07_NG_dchg,방전,NG,2178,0,0,0.170678
Test07_NG_dchg,방전,NG,2179,0,0,0.15684
Test07_NG_dchg,방전,NG,2180,0,0,0.163529
Test07_NG_dchg,방전,NG,2181,0,0,0.168202
Test07_NG_dchg,방전,NG,2182,0,0,0.145114
Test07_NG_dchg,방전,NG,2183,0,0,0.15264
Test07_NG_dchg,방전,NG,2184,0,0,0.164276
Test07_NG_dchg,방전,NG,2185,0,0,0.156225
Test07_NG_dchg,방전,NG,2186,0,0,0.158877
Test07_NG_dchg,방전,NG,2187,0,0,0.158587
Test07_NG_dchg,방전,NG,2188,0,0,0.15973
Test07_NG_dchg,방전,NG,2189,0,0,0.154514
Test07_NG_dchg,방전,NG,2190,0,0,0.144395
Test07_NG_dchg,방전,NG,2191,0,0,0.153419
Test07_NG_dchg,방전,NG,2192,0,0,0.152706
Test07_NG_dchg,방전,NG,2193,0,0,0.152333
Test07_NG_dchg,방전,NG,2194,0,0,0.15024
Test07_NG_dchg,방전,NG,2195,0,0,0.151156
Test07_NG_dchg,방전,NG,2196,0,0,0.159418
Test07_NG_dchg,방전,NG,2197,0,0,0.156752
Test07_NG_dchg,방전,NG,2198,0,0,0.153424
Test07_NG_dchg,방전,NG,2199,0,0,0.151394
Test07_NG_dchg,방전,NG,2200,0,0,0.172119
Test07_NG_dchg,방전,NG,2201,0,0,0.172126
Test07_NG_dchg,방전,NG,2202,0,0,0.155292
Test07_NG_dchg,방전,NG,2203,0,0,0.158292
Test07_NG_dchg,방전,NG,2204,0,0,0.154466
Test07_NG_dchg,방전,NG,2205,0,0,0.146431
Test07_NG_dchg,방전,NG,2206,0,0,0.149416
Test07_NG_dchg,방전,NG,2207,0,0,0.154507
Test07_NG_dchg,방전,NG,2208,0,0,0.145116
Test07_NG_dchg,방전,NG,2209,0,0,0.156728
Test07_NG_dchg,방전,NG,2210,0,0,0.152094
Test07_NG_dchg,방전,NG,2211,0,0,0.159287
Test07_NG_dchg,방전,NG,2212,0,0,0.158807
Test07_NG_dchg,방전,NG,2213,0,0,0.159165
Test07_NG_dchg,방전,NG,2214,0,0,0.165847
Test07_NG_dchg,방전,NG,2215,0,0,0.169263
Test07_NG_dchg,방전,NG,2216,0,0,0.161194
Test07_NG_dchg,방전,NG,2217,0,0,0.16341
Test07_NG_dchg,방전,NG,2218,0,0,0.161068
Test07_NG_dchg,방전,NG,2219,0,0,0.162992
Test07_NG_dchg,방전,NG,2220,0,0,0.146904
Test07_NG_dchg,방전,NG,2221,0,0,0.150939
Test07_NG_dchg,방전,NG,2222,0,0,0.161483
Test07_NG_dchg,방전,NG,2223,0,0,0.157898
Test07_NG_dchg,방전,NG,2224,0,0,0.157653
Test07_NG_dchg,방전,NG,2225,0,0,0.154909
Test07_NG_dchg,방전,NG,2226,0,0,0.156327
Test07_NG_dchg,방전,NG,2227,0,0,0.150443
Test07_NG_dchg,방전,NG,2228,0,0,0.153976
Test07_NG_dchg,방전,NG,2229,0,0,0.160453
Test07_NG_dchg,방전,NG,2230,0,0,0.144063
Test07_NG_dchg,방전,NG,2231,0,0,0.166124
Test07_NG_dchg,방전,NG,2232,0,0,0.153718
Test07_NG_dchg,방전,NG,2233,0,0,0.157889
Test07_NG_dchg,방전,NG,2234,0,0,0.161371
Test07_NG_dchg,방전,NG,2235,0,0,0.161272
Test07_NG_dchg,방전,NG,2236,0,0,0.155811
Test07_NG_dchg,방전,NG,2237,0,0,0.155026
Test07_NG_dchg,방전,NG,2238,0,0,0.15444
Test07_NG_dchg,방전,NG,2239,0,0,0.146746
Test07_NG_dchg,방전,NG,2240,0,0,0.157405
Test07_NG_dchg,방전,NG,2241,0,0,0.157487
Test07_NG_dchg,방전,NG,2242,0,0,0.165915
Test07_NG_dchg,방전,NG,2243,0,0,0.152844
Test07_NG_dchg,방전,NG,2244,0,0,0.153649
Test07_NG_dchg,방전,NG,2245,0,0,0.161
Test07_NG_dchg,방전,NG,2246,0,0,0.158698
Test07_NG_dchg,방전,NG,2247,0,0,0.156473
Test07_NG_dchg,방전,NG,2248,0,0,0.147186
Test07_NG_dchg,방전,NG,2249,0,0,0.161781
Test07_NG_dchg,방전,NG,2250,0,0,0.149011
Test07_NG_dchg,방전,NG,2251,0,0,0.16118
Test07_NG_dchg,방전,NG,2252,0,0,0.164652
Test07_NG_dchg,방전,NG,2253,0,0,0.164946
Test07_NG_dchg,방전,NG,2254,0,0,0.153787
Test07_NG_dchg,방전,NG,2255,0,0,0.152376
Test07_NG_dchg,방전,NG,2256,0,0,0.166166
Test07_NG_dchg,방전,NG,2257,0,0,0.151823
Test07_NG_dchg,방전,NG,2258,0,0,0.16107
Test07_NG_dchg,방전,NG,2259,0,0,0.162948
Test07_NG_dchg,방전,NG,2260,0,0,0.152858
Test07_NG_dchg,방전,NG,2261,0,0,0.152865
Test07_NG_dchg,방전,NG,2262,0,0,0.142828
Test07_NG_dchg,방전,NG,2263,0,0,0.151711
Test07_NG_dchg,방전,NG,2264,0,0,0.152588
Test07_NG_dchg,방전,NG,2265,0,0,0.167736
Test07_NG_dchg,방전,NG,2266,0,0,0.16027
Test07_NG_dchg,방전,NG,2267,0,0,0.161298
Test07_NG_dchg,방전,NG,2268,0,0,0.152011
Test07_NG_dchg,방전,NG,2269,0,0,0.164331
Test07_NG_dchg,방전,NG,2270,0,0,0.153582
Test07_NG_dchg,방전,NG,2271,0,0,0.154844
Test07_NG_dchg,방전,NG,2272,0,0,0.154086
Test07_NG_dchg,방전,NG,2273,0,0,0.165562
Test07_NG_dchg,방전,NG,2274,0,0,0.165172
Test07_NG_dchg,방전,NG,2275,0,0,0.153074
Test07_NG_dchg,방전,NG,2276,0,0,0.151303
Test07_NG_dchg,방전,NG,2277,0,0,0.156979
Test07_NG_dchg,방전,NG,2278,0,0,0.151643
Test07_NG_dchg,방전,NG,2279,0,0,0.16295
Test07_NG_dchg,방전,NG,2280,0,0,0.151318
Test07_NG_dchg,방전,NG,2281,0,0,0.147574
Test07_NG_dchg,방전,NG,2282,0,0,0.157949
Test07_NG_dchg,방전,NG,2283,0,0,0.156688
Test07_NG_dchg,방전,NG,2284,0,0,0.160755
Test07_NG_dchg,방전,NG,2285,0,0,0.154793
Test07_NG_dchg,방전,NG,2286,0,0,0.154768
Test07_NG_dchg,방전,NG,2287,0,0,0.156255
Test07_NG_dchg,방전,NG,2288,0,0,0.163826
Test07_NG_dchg,방전,NG,2289,0,0,0.156726
Test07_NG_dchg,방전,NG,2290,0,0,0.154121
Test07_NG_dchg,방전,NG,2291,0,0,0.174266
Test07_NG_dchg,방전,NG,2292,0,0,0.168263
Test07_NG_dchg,방전,NG,2293,0,0,0.146505
Test07_NG_dchg,방전,NG,2294,0,0,0.158466
Test07_NG_dchg,방전,NG,2295,0,0,0.143205
Test07_NG_dchg,방전,NG,2296,0,0,0.143967
Test07_NG_dchg,방전,NG,2297,0,0,0.146282
Test07_NG_dchg,방전,NG,2298,0,0,0.153421
Test07_NG_dchg,방전,NG,2299,0,0,0.156893
Test07_NG_dchg,방전,NG,2300,0,0,0.175024
Test07_NG_dchg,방전,NG,2301,0,0,0.167771
Test07_NG_dchg,방전,NG,2302,0,0,0.158968
Test07_NG_dchg,방전,NG,2303,0,0,0.161067
Test07_NG_dchg,방전,NG,2304,0,0,0.152004
Test07_NG_dchg,방전,NG,2305,0,0,0.150584
Test07_NG_dchg,방전,NG,2306,0,0,0.156862
Test07_NG_dchg,방전,NG,2307,0,0,0.159208
Test07_NG_dchg,방전,NG,2308,0,0,0.15573
Test07_NG_dchg,방전,NG,2309,0,0,0.158321
Test07_NG_dchg,방전,NG,2310,0,0,0.144069
Test07_NG_dchg,방전,NG,2311,0,0,0.155122
Test07_NG_dchg,방전,NG,2312,0,0,0.151257
Test07_NG_dchg,방전,NG,2313,0,0,0.151998
Test07_NG_dchg,방전,NG,2314,0,0,0.155214
Test07_NG_dchg,방전,NG,2315,0,0,0.157857
Test07_NG_dchg,방전,NG,2316,0,0,0.148201
Test07_NG_dchg,방전,NG,2317,0,0,0.155016
Test07_NG_dchg,방전,NG,2318,0,0,0.157045
Test07_NG_dchg,방전,NG,2319,0,0,0.160716
Test07_NG_dchg,방전,NG,2320,0,0,0.161282
Test07_NG_dchg,방전,NG,2321,0,0,0.150559
Test07_NG_dchg,방전,NG,2322,0,0,0.155957
Test07_NG_dchg,방전,NG,2323,0,0,0.152655
Test07_NG_dchg,방전,NG,2324,0,0,0.163306
Test07_NG_dchg,방전,NG,2325,0,0,0.160105
Test07_NG_dchg,방전,NG,2326,0,0,0.149622
Test07_NG_dchg,방전,NG,2327,0,0,0.16178
Test07_NG_dchg,방전,NG,2328,0,0,0.173785
Test07_NG_dchg,방전,NG,2329,0,0,0.152042
Test07_NG_dchg,방전,NG,2330,0,0,0.153379
Test07_NG_dchg,방전,NG,2331,0,0,0.161533
Test07_NG_dchg,방전,NG,2332,0,0,0.148652
Test07_NG_dchg,방전,NG,2333,0,0,0.148655
Test07_NG_dchg,방전,NG,2334,0,0,0.160018
Test07_NG_dchg,방전,NG,2335,0,0,0.155455
Test07_NG_dchg,방전,NG,2336,0,0,0.163852
Test07_NG_dchg,방전,NG,2337,0,0,0.155062
Test07_NG_dchg,방전,NG,2338,0,0,0.159582
Test07_NG_dchg,방전,NG,2339,0,0,0.150454
Test07_NG_dchg,방전,NG,2340,0,0,0.160291
Test07_NG_dchg,방전,NG,2341,0,0,0.157345
Test07_NG_dchg,방전,NG,2342,0,0,0.177975
Test07_NG_dchg,방전,NG,2343,0,0,0.16072
Test07_NG_dchg,방전,NG,2344,0,0,0.150796
Test07_NG_dchg,방전,NG,2345,0,0,0.151131
Test07_NG_dchg,방전,NG,2346,0,0,0.146978
Test07_NG_dchg,방전,NG,2347,0,0,0.159169
Test07_NG_dchg,방전,NG,2348,0,0,0.149036
Test07_NG_dchg,방전,NG,2349,0,0,0.151825
Test07_NG_dchg,방전,NG,2350,0,0,0.160539
Test07_NG_dchg,방전,NG,2351,0,0,0.1543
Test07_NG_dchg,방전,NG,2352,0,0,0.147313
Test07_NG_dchg,방전,NG,2353,0,0,0.145688
Test07_NG_dchg,방전,NG,2354,0,0,0.147456
Test07_NG_dchg,방전,NG,2355,0,0,0.15027
Test07_NG_dchg,방전,NG,2356,0,0,0.175743
Test07_NG_dchg,방전,NG,2357,0,0,0.145004
Test07_NG_dchg,방전,NG,2358,0,0,0.146564
Test07_NG_dchg,방전,NG,2359,0,0,0.154515
Test07_NG_dchg,방전,NG,2360,0,0,0.15595
Test07_NG_dchg,방전,NG,2361,0,0,0.146512
Test07_NG_dchg,방전,NG,2362,0,0,0.148189
Test07_NG_dchg,방전,NG,2363,0,0,0.159251
Test07_NG_dchg,방전,NG,2364,0,0,0.155229
Test07_NG_dchg,방전,NG,2365,0,0,0.155933
Test07_NG_dchg,방전,NG,2366,0,0,0.153655
Test07_NG_dchg,방전,NG,2367,0,0,0.14838
Test07_NG_dchg,방전,NG,2368,0,0,0.16604
Test07_NG_dchg,방전,NG,2369,0,0,0.169191
Test07_NG_dchg,방전,NG,2370,0,0,0.158569
Test07_NG_dchg,방전,NG,2371,0,0,0.175701
Test07_NG_dchg,방전,NG,2372,0,0,0.154049
Test07_NG_dchg,방전,NG,2373,0,0,0.157938
Test07_NG_dchg,방전,NG,2374,0,0,0.151922
Test07_NG_dchg,방전,NG,2375,0,0,0.152547
Test07_NG_dchg,방전,NG,2376,0,0,0.157989
Test07_NG_dchg,방전,NG,2377,0,0,0.156086
Test07_NG_dchg,방전,NG,2378,0,0,0.15476
Test07_NG_dchg,방전,NG,2379,0,0,0.188768
Test07_NG_dchg,방전,NG,2380,0,0,0.157326
Test07_NG_dchg,방전,NG,2381,0,0,0.146158
Test07_NG_dchg,방전,NG,2382,0,0,0.154049
Test07_NG_dchg,방전,NG,2383,0,0,0.151331
Test07_NG_dchg,방전,NG,2384,0,0,0.148508
Test07_NG_dchg,방전,NG,2385,0,0,0.149759
Test07_NG_dchg,방전,NG,2386,0,0,0.149645
Test07_NG_dchg,방전,NG,2387,0,0,0.153886
Test07_NG_dchg,방전,NG,2388,0,0,0.153863
Test07_NG_dchg,방전,NG,2389,0,0,0.171236
Test07_NG_dchg,방전,NG,2390,0,0,0.163436
Test07_NG_dchg,방전,NG,2391,0,0,0.164104
Test07_NG_dchg,방전,NG,2392,0,0,0.157992
Test07_NG_dchg,방전,NG,2393,0,0,0.152245
Test07_NG_dchg,방전,NG,2394,0,0,0.151659
Test07_NG_dchg,방전,NG,2395,0,0,0.152888
Test07_NG_dchg,방전,NG,2396,0,0,0.155704
Test07_NG_dchg,방전,NG,2397,0,0,0.149116
Test07_NG_dchg,방전,NG,2398,0,0,0.151447
Test07_NG_dchg,방전,NG,2399,0,0,0.145954
Test07_NG_dchg,방전,NG,2400,0,0,0.150907
Test07_NG_dchg,방전,NG,2401,0,0,0.152376
Test07_NG_dchg,방전,NG,2402,0,0,0.154626
Test07_NG_dchg,방전,NG,2403,0,0,0.140229
Test07_NG_dchg,방전,NG,2404,0,0,0.152401
Test07_NG_dchg,방전,NG,2405,0,0,0.152884
Test07_NG_dchg,방전,NG,2406,0,0,0.145503
Test07_NG_dchg,방전,NG,2407,0,0,0.150221
Test07_NG_dchg,방전,NG,2408,0,0,0.165083
Test07_NG_dchg,방전,NG,2409,0,0,0.160491
Test07_NG_dchg,방전,NG,2410,0,0,0.145382
Test07_NG_dchg,방전,NG,2411,0,0,0.157147
Test07_NG_dchg,방전,NG,2412,0,0,0.151095
Test07_NG_dchg,방전,NG,2413,0,0,0.148229
Test07_NG_dchg,방전,NG,2414,0,0,0.150439
Test07_NG_dchg,방전,NG,2415,0,0,0.154111
Test07_NG_dchg,방전,NG,2416,0,0,0.162542
Test07_NG_dchg,방전,NG,2417,0,0,0.156435
Test07_NG_dchg,방전,NG,2418,0,0,0.168161
Test07_NG_dchg,방전,NG,2419,0,0,0.151508
Test07_NG_dchg,방전,NG,2420,0,0,0.164718
Test07_NG_dchg,방전,NG,2421,0,0,0.187914
Test07_NG_dchg,방전,NG,2422,0,0,0.161244
Test07_NG_dchg,방전,NG,2423,0,0,0.140946
Test07_NG_dchg,방전,NG,2424,0,0,0.145889
Test07_NG_dchg,방전,NG,2425,0,0,0.155967
Test07_NG_dchg,방전,NG,2426,0,0,0.156333
Test07_NG_dchg,방전,NG,2427,0,0,0.153178
Test07_NG_dchg,방전,NG,2428,0,0,0.153231
Test07_NG_dchg,방전,NG,2429,0,0,0.154825
Test07_NG_dchg,방전,NG,2430,0,0,0.145046
Test07_NG_dchg,방전,NG,2431,0,0,0.158314
Test07_NG_dchg,방전,NG,2432,0,0,0.157149
Test07_NG_dchg,방전,NG,2433,0,0,0.15154
Test07_NG_dchg,방전,NG,2434,0,0,0.151214
Test07_NG_dchg,방전,NG,2435,0,0,0.15259
Test07_NG_dchg,방전,NG,2436,0,0,0.151155
Test07_NG_dchg,방전,NG,2437,0,0,0.17059
Test07_NG_dchg,방전,NG,2438,0,0,0.147537
Test07_NG_dchg,방전,NG,2439,0,0,0.152722
Test07_NG_dchg,방전,NG,2440,0,0,0.155613
Test07_NG_dchg,방전,NG,2441,0,0,0.152973
Test07_NG_dchg,방전,NG,2442,0,0,0.16257
Test07_NG_dchg,방전,NG,2443,0,0,0.146584
Test07_NG_dchg,방전,NG,2444,0,0,0.150177
Test07_NG_dchg,방전,NG,2445,0,0,0.162689
Test07_NG_dchg,방전,NG,2446,0,0,0.161323
Test07_NG_dchg,방전,NG,2447,0,0,0.156524
Test07_NG_dchg,방전,NG,2448,0,0,0.202392
Test07_NG_dchg,방전,NG,2449,0,0,0.144435
Test07_NG_dchg,방전,NG,2450,0,0,0.147906
Test07_NG_dchg,방전,NG,2451,0,0,0.161584
Test07_NG_dchg,방전,NG,2452,0,0,0.150978
Test07_NG_dchg,방전,NG,2453,0,0,0.148512
Test07_NG_dchg,방전,NG,2454,0,0,0.151231
Test07_NG_dchg,방전,NG,2455,0,0,0.149035
Test07_NG_dchg,방전,NG,2456,0,0,0.150158
Test07_NG_dchg,방전,NG,2457,0,0,0.173375
Test07_NG_dchg,방전,NG,2458,0,0,0.158122
Test07_NG_dchg,방전,NG,2459,0,0,0.15512
Test07_NG_dchg,방전,NG,2460,0,0,0.147529
Test07_NG_dchg,방전,NG,2461,0,0,0.158633
Test07_NG_dchg,방전,NG,2462,0,0,0.147124
Test07_NG_dchg,방전,NG,2463,0,0,0.154537
Test07_NG_dchg,방전,NG,2464,0,0,0.159381
Test07_NG_dchg,방전,NG,2465,0,0,0.15266
Test07_NG_dchg,방전,NG,2466,0,0,0.144828
Test07_NG_dchg,방전,NG,2467,0,0,0.152873
Test07_NG_dchg,방전,NG,2468,0,0,0.159143
Test07_NG_dchg,방전,NG,2469,0,0,0.15238
Test07_NG_dchg,방전,NG,2470,0,0,0.16087
Test07_NG_dchg,방전,NG,2471,0,0,0.154761
Test07_NG_dchg,방전,NG,2472,0,0,0.146091
Test07_NG_dchg,방전,NG,2473,0,0,0.147241
Test07_NG_dchg,방전,NG,2474,0,0,0.14911
Test07_NG_dchg,방전,NG,2475,0,0,0.160318
Test07_NG_dchg,방전,NG,2476,0,0,0.1488
Test07_NG_dchg,방전,NG,2477,0,0,0.153202
Test07_NG_dchg,방전,NG,2478,0,0,0.166963
Test07_NG_dchg,방전,NG,2479,0,0,0.148427
Test07_NG_dchg,방전,NG,2480,0,0,0.151566
Test07_NG_dchg,방전,NG,2481,0,0,0.158997
Test07_NG_dchg,방전,NG,2482,0,0,0.16356
Test07_NG_dchg,방전,NG,2483,0,0,0.153858
Test07_NG_dchg,방전,NG,2484,0,0,0.145705
Test07_NG_dchg,방전,NG,2485,0,0,0.151779
Test07_NG_dchg,방전,NG,2486,0,0,0.151779
Test07_NG_dchg,방전,NG,2487,0,0,0.147051
Test07_NG_dchg,방전,NG,2488,0,0,0.15506
Test07_NG_dchg,방전,NG,2489,0,0,0.166747
Test07_NG_dchg,방전,NG,2490,0,0,0.154985
Test07_NG_dchg,방전,NG,2491,0,0,0.147116
Test07_NG_dchg,방전,NG,2492,0,0,0.158587
Test07_NG_dchg,방전,NG,2493,0,0,0.148575
Test07_NG_dchg,방전,NG,2494,0,0,0.152816
Test07_NG_dchg,방전,NG,2495,0,0,0.15992
Test07_NG_dchg,방전,NG,2496,0,0,0.154873
Test07_NG_dchg,방전,NG,2497,0,0,0.152283
Test07_NG_dchg,방전,NG,2498,0,0,0.156846
Test07_NG_dchg,방전,NG,2499,0,0,0.147878
Test07_NG_dchg,방전,NG,2500,0,0,0.148221
Test07_NG_dchg,방전,NG,2501,0,0,0.151297
Test07_NG_dchg,방전,NG,2502,0,0,0.152658
Test07_NG_dchg,방전,NG,2503,0,0,0.165568
Test07_NG_dchg,방전,NG,2504,0,0,0.147078
Test07_NG_dchg,방전,NG,2505,0,0,0.160827
Test07_NG_dchg,방전,NG,2506,0,0,0.155001
Test07_NG_dchg,방전,NG,2507,0,0,0.164909
Test07_NG_dchg,방전,NG,2508,0,0,0.153196
Test07_NG_dchg,방전,NG,2509,0,0,0.151875
Test07_NG_dchg,방전,NG,2510,0,0,0.171258
Test07_NG_dchg,방전,NG,2511,0,0,0.164097
Test07_NG_dchg,방전,NG,2512,0,0,0.161651
Test07_NG_dchg,방전,NG,2513,0,0,0.155814
Test07_NG_dchg,방전,NG,2514,0,0,0.1558
Test07_NG_dchg,방전,NG,2515,0,0,0.148414
Test07_NG_dchg,방전,NG,2516,0,0,0.157669
Test07_NG_dchg,방전,NG,2517,0,0,0.153779
Test07_NG_dchg,방전,NG,2518,0,0,0.148762
Test07_NG_dchg,방전,NG,2519,0,0,0.146475
Test07_NG_dchg,방전,NG,2520,0,0,0.159008
Test07_NG_dchg,방전,NG,2521,0,0,0.145069
Test07_NG_dchg,방전,NG,2522,0,0,0.155028
Test07_NG_dchg,방전,NG,2523,0,0,0.160438
Test07_NG_dchg,방전,NG,2524,0,0,0.178769
Test07_NG_dchg,방전,NG,2525,0,0,0.156975
Test07_NG_dchg,방전,NG,2526,0,0,0.163636
Test07_NG_dchg,방전,NG,2527,0,0,0.151319
Test07_NG_dchg,방전,NG,2528,0,0,0.168296
Test07_NG_dchg,방전,NG,2529,0,0,0.152061
Test07_NG_dchg,방전,NG,2530,0,0,0.152722
Test07_NG_dchg,방전,NG,2531,0,0,0.153605
Test07_NG_dchg,방전,NG,2532,0,0,0.150455
Test07_NG_dchg,방전,NG,2533,0,0,0.152425
Test07_NG_dchg,방전,NG,2534,0,0,0.158599
Test07_NG_dchg,방전,NG,2535,0,0,0.153877
Test07_NG_dchg,방전,NG,2536,0,0,0.166215
Test07_NG_dchg,방전,NG,2537,0,0,0.168793
Test07_NG_dchg,방전,NG,2538,0,0,0.151301
Test07_NG_dchg,방전,NG,2539,0,0,0.148172
Test07_NG_dchg,방전,NG,2540,0,0,0.148916
Test07_NG_dchg,방전,NG,2541,0,0,0.155054
Test07_NG_dchg,방전,NG,2542,0,0,0.161189
Test07_NG_dchg,방전,NG,2543,0,0,0.157243
Test07_NG_dchg,방전,NG,2544,0,0,0.151659
Test07_NG_dchg,방전,NG,2545,0,0,0.167708
Test07_NG_dchg,방전,NG,2546,0,0,0.149669
Test07_NG_dchg,방전,NG,2547,0,0,0.144941
Test07_NG_dchg,방전,NG,2548,0,0,0.154129
Test07_NG_dchg,방전,NG,2549,0,0,0.157665
Test07_NG_dchg,방전,NG,2550,0,0,0.158781
Test07_NG_dchg,방전,NG,2551,0,0,0.156471
Test07_NG_dchg,방전,NG,2552,0,0,0.159014
Test07_NG_dchg,방전,NG,2553,0,0,0.162178
Test07_NG_dchg,방전,NG,2554,0,0,0.157039
Test07_NG_dchg,방전,NG,2555,0,0,0.154118
Test07_NG_dchg,방전,NG,2556,0,0,0.15491
Test07_NG_dchg,방전,NG,2557,0,0,0.143065
Test07_NG_dchg,방전,NG,2558,0,0,0.158953
Test07_NG_dchg,방전,NG,2559,0,0,0.156821
Test07_NG_dchg,방전,NG,2560,0,0,0.149875
Test07_NG_dchg,방전,NG,2561,0,0,0.17311
Test07_NG_dchg,방전,NG,2562,0,0,0.155517
Test07_NG_dchg,방전,NG,2563,0,0,0.152381
Test07_NG_dchg,방전,NG,2564,0,0,0.164957
Test07_NG_dchg,방전,NG,2565,0,0,0.148136
Test07_NG_dchg,방전,NG,2566,0,0,0.155718
Test07_NG_dchg,방전,NG,2567,0,0,0.146991
Test07_NG_dchg,방전,NG,2568,0,0,0.159975
Test07_NG_dchg,방전,NG,2569,0,0,0.17247
Test07_NG_dchg,방전,NG,2570,0,0,0.15599
Test07_NG_dchg,방전,NG,2571,0,0,0.163602
Test07_NG_dchg,방전,NG,2572,0,0,0.149303
Test07_NG_dchg,방전,NG,2573,0,0,0.17107
Test07_NG_dchg,방전,NG,2574,0,0,0.168674
Test07_NG_dchg,방전,NG,2575,0,0,0.158721
Test07_NG_dchg,방전,NG,2576,0,0,0.157822
Test07_NG_dchg,방전,NG,2577,0,0,0.149199
Test07_NG_dchg,방전,NG,2578,0,0,0.158726
Test07_NG_dchg,방전,NG,2579,0,0,0.153742
Test07_NG_dchg,방전,NG,2580,0,0,0.153458
Test07_NG_dchg,방전,NG,2581,0,0,0.156526
Test07_NG_dchg,방전,NG,2582,0,0,0.156852
Test07_NG_dchg,방전,NG,2583,0,0,0.148613
Test07_NG_dchg,방전,NG,2584,0,0,0.165094
Test07_NG_dchg,방전,NG,2585,0,0,0.143577
Test07_NG_dchg,방전,NG,2586,0,0,0.149612
Test07_NG_dchg,방전,NG,2587,0,0,0.150657
Test07_NG_dchg,방전,NG,2588,0,0,0.149377
Test07_NG_dchg,방전,NG,2589,0,0,0.16059
Test07_NG_dchg,방전,NG,2590,0,0,0.154625
Test07_NG_dchg,방전,NG,2591,0,0,0.159726
Test07_NG_dchg,방전,NG,2592,0,0,0.169165
Test07_NG_dchg,방전,NG,2593,0,0,0.154452
Test07_NG_dchg,방전,NG,2594,0,0,0.167506
Test07_NG_dchg,방전,NG,2595,0,0,0.160566
Test07_NG_dchg,방전,NG,2596,0,0,0.15663
Test07_NG_dchg,방전,NG,2597,0,0,0.157784
Test07_NG_dchg,방전,NG,2598,0,0,0.147348
Test07_NG_dchg,방전,NG,2599,0,0,0.164283
Test07_NG_dchg,방전,NG,2600,0,0,0.160607
Test07_NG_dchg,방전,NG,2601,0,0,0.159138
Test07_NG_dchg,방전,NG,2602,0,0,0.153064
Test07_NG_dchg,방전,NG,2603,0,0,0.162195
Test07_NG_dchg,방전,NG,2604,0,0,0.163877
Test07_NG_dchg,방전,NG,2605,0,0,0.14824
Test07_NG_dchg,방전,NG,2606,0,0,0.153696
Test07_NG_dchg,방전,NG,2607,0,0,0.152084
Test07_NG_dchg,방전,NG,2608,0,0,0.149234
Test07_NG_dchg,방전,NG,2609,0,0,0.168154
Test07_NG_dchg,방전,NG,2610,0,0,0.169445
Test07_NG_dchg,방전,NG,2611,0,0,0.153924
Test07_NG_dchg,방전,NG,2612,0,0,0.160254
Test07_NG_dchg,방전,NG,2613,0,0,0.159601
Test07_NG_dchg,방전,NG,2614,0,0,0.151178
Test07_NG_dchg,방전,NG,2615,0,0,0.153159
Test07_NG_dchg,방전,NG,2616,0,0,0.146282
Test07_NG_dchg,방전,NG,2617,0,0,0.148897
Test07_NG_dchg,방전,NG,2618,0,0,0.146589
Test07_NG_dchg,방전,NG,2619,0,0,0.161368
Test07_NG_dchg,방전,NG,2620,0,0,0.154694
Test07_NG_dchg,방전,NG,2621,0,0,0.148624
Test07_NG_dchg,방전,NG,2622,0,0,0.153021
Test07_NG_dchg,방전,NG,2623,0,0,0.154303
Test07_NG_dchg,방전,NG,2624,0,0,0.155951
Test07_NG_dchg,방전,NG,2625,0,0,0.161562
Test07_NG_dchg,방전,NG,2626,0,0,0.156703
Test07_NG_dchg,방전,NG,2627,0,0,0.152602
Test07_NG_dchg,방전,NG,2628,0,0,0.167786
Test07_NG_dchg,방전,NG,2629,0,0,0.187151
Test07_NG_dchg,방전,NG,2630,0,0,0.155118
Test07_NG_dchg,방전,NG,2631,0,0,0.15048
Test07_NG_dchg,방전,NG,2632,0,0,0.145051
Test07_NG_dchg,방전,NG,2633,0,0,0.151665
Test07_NG_dchg,방전,NG,2634,0,0,0.151559
Test07_NG_dchg,방전,NG,2635,0,0,0.160292
Test07_NG_dchg,방전,NG,2636,0,0,0.180031
Test07_NG_dchg,방전,NG,2637,0,0,0.162258
Test07_NG_dchg,방전,NG,2638,0,0,0.163253
Test07_NG_dchg,방전,NG,2639,0,0,0.16037
Test07_NG_dchg,방전,NG,2640,0,0,0.14906
Test07_NG_dchg,방전,NG,2641,0,0,0.155279
Test07_NG_dchg,방전,NG,2642,0,0,0.1624
Test07_NG_dchg,방전,NG,2643,0,0,0.1592
Test07_NG_dchg,방전,NG,2644,0,0,0.160098
Test07_NG_dchg,방전,NG,2645,0,0,0.147773
Test07_NG_dchg,방전,NG,2646,0,0,0.146301
Test07_NG_dchg,방전,NG,2647,0,0,0.151932
Test07_NG_dchg,방전,NG,2648,0,0,0.155315
Test07_NG_dchg,방전,NG,2649,0,0,0.152836
Test07_NG_dchg,방전,NG,2650,0,0,0.159709
Test07_NG_dchg,방전,NG,2651,0,0,0.170564
Test07_NG_dchg,방전,NG,2652,0,0,0.150311
Test07_NG_dchg,방전,NG,2653,0,0,0.153984
Test07_NG_dchg,방전,NG,2654,0,0,0.152808
Test07_NG_dchg,방전,NG,2655,0,0,0.171708
Test07_NG_dchg,방전,NG,2656,0,0,0.157849
Test07_NG_dchg,방전,NG,2657,0,0,0.16262
Test07_NG_dchg,방전,NG,2658,0,0,0.160182
Test07_NG_dchg,방전,NG,2659,0,0,0.157105
Test07_NG_dchg,방전,NG,2660,0,0,0.175125
Test07_NG_dchg,방전,NG,2661,0,0,0.159765
Test07_NG_dchg,방전,NG,2662,0,0,0.154331
Test07_NG_dchg,방전,NG,2663,0,0,0.169974
Test07_NG_dchg,방전,NG,2664,0,0,0.164653
Test07_NG_dchg,방전,NG,2665,0,0,0.15566
Test07_NG_dchg,방전,NG,2666,0,0,0.168638
Test07_NG_dchg,방전,NG,2667,0,0,0.157889
Test07_NG_dchg,방전,NG,2668,0,0,0.163571
Test07_NG_dchg,방전,NG,2669,0,0,0.169729
Test07_NG_dchg,방전,NG,2670,0,0,0.153171
Test07_NG_dchg,방전,NG,2671,0,0,0.163052
Test07_NG_dchg,방전,NG,2672,0,0,0.170283
Test07_NG_dchg,방전,NG,2673,0,0,0.170013
Test07_NG_dchg,방전,NG,2674,0,0,0.167428
Test07_NG_dchg,방전,NG,2675,0,0,0.162203
Test07_NG_dchg,방전,NG,2676,0,0,0.162282
Test07_NG_dchg,방전,NG,2677,0,0,0.159022
Test07_NG_dchg,방전,NG,2678,0,0,0.167499
Test07_NG_dchg,방전,NG,2679,0,0,0.158495
Test07_NG_dchg,방전,NG,2680,0,0,0.16166
Test07_NG_dchg,방전,NG,2681,0,0,0.156942
Test07_NG_dchg,방전,NG,2682,0,0,0.154416
Test07_NG_dchg,방전,NG,2683,0,0,0.170325
Test07_NG_dchg,방전,NG,2684,0,0,0.149007
Test07_NG_dchg,방전,NG,2685,0,0,0.162893
Test07_NG_dchg,방전,NG,2686,0,0,0.159014
Test07_NG_dchg,방전,NG,2687,0,0,0.163377
Test07_NG_dchg,방전,NG,2688,0,0,0.157986
Test07_NG_dchg,방전,NG,2689,0,0,0.156898
Test07_NG_dchg,방전,NG,2690,0,0,0.158621
Test07_NG_dchg,방전,NG,2691,0,0,0.161071
Test07_NG_dchg,방전,NG,2692,0,0,0.153838
Test07_NG_dchg,방전,NG,2693,0,0,0.172703
Test07_NG_dchg,방전,NG,2694,0,0,0.159578
Test07_NG_dchg,방전,NG,2695,0,0,0.154921
Test07_NG_dchg,방전,NG,2696,0,0,0.154327
Test07_NG_dchg,방전,NG,2697,0,0,0.151236
Test07_NG_dchg,방전,NG,2698,0,0,0.159136
Test07_NG_dchg,방전,NG,2699,0,0,0.158367
Test07_NG_dchg,방전,NG,2700,0,0,0.183462
Test07_NG_dchg,방전,NG,2701,0,0,0.16046
Test07_NG_dchg,방전,NG,2702,0,0,0.151447
Test07_NG_dchg,방전,NG,2703,0,0,0.165929
Test07_NG_dchg,방전,NG,2704,0,0,0.155165
Test07_NG_dchg,방전,NG,2705,0,0,0.16054
Test07_NG_dchg,방전,NG,2706,0,0,0.166484
Test07_NG_dchg,방전,NG,2707,0,0,0.15005
Test07_NG_dchg,방전,NG,2708,0,0,0.164371
Test07_NG_dchg,방전,NG,2709,0,0,0.162891
Test07_NG_dchg,방전,NG,2710,0,0,0.163752
Test07_NG_dchg,방전,NG,2711,0,0,0.16634
Test07_NG_dchg,방전,NG,2712,0,0,0.156229
Test07_NG_dchg,방전,NG,2713,0,0,0.16803
Test07_NG_dchg,방전,NG,2714,0,0,0.159582
Test07_NG_dchg,방전,NG,2715,0,0,0.149551
Test07_NG_dchg,방전,NG,2716,0,0,0.152533
Test07_NG_dchg,방전,NG,2717,0,0,0.155045
Test07_NG_dchg,방전,NG,2718,0,0,0.167262
Test07_NG_dchg,방전,NG,2719,0,0,0.162501
Test07_NG_dchg,방전,NG,2720,0,0,0.180529
Test07_NG_dchg,방전,NG,2721,0,0,0.162928
Test07_NG_dchg,방전,NG,2722,0,0,0.154292
Test07_NG_dchg,방전,NG,2723,0,0,0.154087
Test07_NG_dchg,방전,NG,2724,0,0,0.171647
Test07_NG_dchg,방전,NG,2725,0,0,0.16526
Test07_NG_dchg,방전,NG,2726,0,0,0.168836
Test07_NG_dchg,방전,NG,2727,0,0,0.162582
Test07_NG_dchg,방전,NG,2728,0,0,0.166965
Test07_NG_dchg,방전,NG,2729,0,0,0.15203
Test07_NG_dchg,방전,NG,2730,0,0,0.164804
Test07_NG_dchg,방전,NG,2731,0,0,0.15734
Test07_NG_dchg,방전,NG,2732,0,0,0.157022
Test07_NG_dchg,방전,NG,2733,0,0,0.156542
Test07_NG_dchg,방전,NG,2734,0,0,0.165985
Test07_NG_dchg,방전,NG,2735,0,0,0.168168
Test07_NG_dchg,방전,NG,2736,0,0,0.151677
Test07_NG_dchg,방전,NG,2737,0,0,0.155659
Test07_NG_dchg,방전,NG,2738,0,0,0.155072
Test07_NG_dchg,방전,NG,2739,0,0,0.156361
Test07_NG_dchg,방전,NG,2740,0,0,0.1572
Test07_NG_dchg,방전,NG,2741,0,0,0.168311
Test07_NG_dchg,방전,NG,2742,0,0,0.161645
Test07_NG_dchg,방전,NG,2743,0,0,0.160862
Test07_NG_dchg,방전,NG,2744,0,0,0.161865
Test07_NG_dchg,방전,NG,2745,0,0,0.163104
Test07_NG_dchg,방전,NG,2746,0,0,0.152103
Test07_NG_dchg,방전,NG,2747,0,0,0.150589
Test07_NG_dchg,방전,NG,2748,0,0,0.156335
Test07_NG_dchg,방전,NG,2749,0,0,0.149658
Test07_NG_dchg,방전,NG,2750,0,0,0.156876
Test07_NG_dchg,방전,NG,2751,0,0,0.157373
Test07_NG_dchg,방전,NG,2752,0,0,0.169917
Test07_NG_dchg,방전,NG,2753,0,0,0.161083
Test07_NG_dchg,방전,NG,2754,0,0,0.145357
Test07_NG_dchg,방전,NG,2755,0,0,0.153155
Test07_NG_dchg,방전,NG,2756,0,0,0.16195
Test07_NG_dchg,방전,NG,2757,0,0,0.155223
Test07_NG_dchg,방전,NG,2758,0,0,0.170319
Test07_NG_dchg,방전,NG,2759,0,0,0.163594
Test07_NG_dchg,방전,NG,2760,0,0,0.156393
Test07_NG_dchg,방전,NG,2761,0,0,0.151872
Test07_NG_dchg,방전,NG,2762,0,0,0.153587
Test07_NG_dchg,방전,NG,2763,0,0,0.191697
Test07_NG_dchg,방전,NG,2764,0,0,0.156424
Test07_NG_dchg,방전,NG,2765,0,0,0.152368
Test07_NG_dchg,방전,NG,2766,0,0,0.149728
Test07_NG_dchg,방전,NG,2767,0,0,0.15664
Test07_NG_dchg,방전,NG,2768,0,0,0.16812
Test07_NG_dchg,방전,NG,2769,0,0,0.153449
Test07_NG_dchg,방전,NG,2770,0,0,0.160883
Test07_NG_dchg,방전,NG,2771,0,0,0.157698
Test07_NG_dchg,방전,NG,2772,0,0,0.171231
Test07_NG_dchg,방전,NG,2773,0,0,0.152653
Test07_NG_dchg,방전,NG,2774,0,0,0.157464
Test07_NG_dchg,방전,NG,2775,0,0,0.159606
Test07_NG_dchg,방전,NG,2776,0,0,0.175982
Test07_NG_dchg,방전,NG,2777,0,0,0.150311
Test07_NG_dchg,방전,NG,2778,0,0,0.155805
Test07_NG_dchg,방전,NG,2779,0,0,0.157205
Test07_NG_dchg,방전,NG,2780,0,0,0.158479
Test07_NG_dchg,방전,NG,2781,0,0,0.168647
Test07_NG_dchg,방전,NG,2782,0,0,0.154642
Test07_NG_dchg,방전,NG,2783,0,0,0.157675
Test07_NG_dchg,방전,NG,2784,0,0,0.155874
Test07_NG_dchg,방전,NG,2785,0,0,0.173101
Test07_NG_dchg,방전,NG,2786,0,0,0.155643
Test07_NG_dchg,방전,NG,2787,0,0,0.164982
Test07_NG_dchg,방전,NG,2788,0,0,0.159768
Test07_NG_dchg,방전,NG,2789,0,0,0.156582
Test07_NG_dchg,방전,NG,2790,0,0,0.156007
Test07_NG_dchg,방전,NG,2791,0,0,0.147539
Test07_NG_dchg,방전,NG,2792,0,0,0.170239
Test07_NG_dchg,방전,NG,2793,0,0,0.186914
Test07_NG_dchg,방전,NG,2794,0,0,0.148374
Test07_NG_dchg,방전,NG,2795,0,0,0.1607
Test07_NG_dchg,방전,NG,2796,0,0,0.180351
Test07_NG_dchg,방전,NG,2797,0,0,0.156708
Test07_NG_dchg,방전,NG,2798,0,0,0.156269
Test07_NG_dchg,방전,NG,2799,0,0,0.158698
Test07_NG_dchg,방전,NG,2800,0,0,0.160779
Test07_NG_dchg,방전,NG,2801,0,0,0.160883
Test07_NG_dchg,방전,NG,2802,0,0,0.160246
Test07_NG_dchg,방전,NG,2803,0,0,0.154269
Test07_NG_dchg,방전,NG,2804,0,0,0.150141
Test07_NG_dchg,방전,NG,2805,0,0,0.151476
Test07_NG_dchg,방전,NG,2806,0,0,0.153134
Test07_NG_dchg,방전,NG,2807,0,0,0.166382
Test07_NG_dchg,방전,NG,2808,0,0,0.159773
Test07_NG_dchg,방전,NG,2809,0,0,0.164443
Test07_NG_dchg,방전,NG,2810,0,0,0.163531
Test07_NG_dchg,방전,NG,2811,0,0,0.160461
Test07_NG_dchg,방전,NG,2812,0,0,0.155842
Test07_NG_dchg,방전,NG,2813,0,0,0.152749
Test07_NG_dchg,방전,NG,2814,0,0,0.160567
Test07_NG_dchg,방전,NG,2815,0,0,0.156512
Test07_NG_dchg,방전,NG,2816,0,0,0.163016
Test07_NG_dchg,방전,NG,2817,0,0,0.149901
Test07_NG_dchg,방전,NG,2818,0,0,0.141022
Test07_NG_dchg,방전,NG,2819,0,0,0.153471
Test07_NG_dchg,방전,NG,2820,0,0,0.164125
Test07_NG_dchg,방전,NG,2821,0,0,0.148586
Test07_NG_dchg,방전,NG,2822,0,0,0.151302
Test07_NG_dchg,방전,NG,2823,0,0,0.164027
Test07_NG_dchg,방전,NG,2824,0,0,0.156995
Test07_NG_dchg,방전,NG,2825,0,0,0.16541
Test07_NG_dchg,방전,NG,2826,0,0,0.145115
Test07_NG_dchg,방전,NG,2827,0,0,0.15367
Test07_NG_dchg,방전,NG,2828,0,0,0.161501
Test07_NG_dchg,방전,NG,2829,0,0,0.149682
Test07_NG_dchg,방전,NG,2830,0,0,0.161122
Test07_NG_dchg,방전,NG,2831,0,0,0.165566
Test07_NG_dchg,방전,NG,2832,0,0,0.151842
Test07_NG_dchg,방전,NG,2833,0,0,0.176227
Test07_NG_dchg,방전,NG,2834,0,0,0.160296
Test07_NG_dchg,방전,NG,2835,0,0,0.146029
Test07_NG_dchg,방전,NG,2836,0,0,0.142225
Test07_NG_dchg,방전,NG,2837,0,0,0.154045
Test07_NG_dchg,방전,NG,2838,0,0,0.157225
Test07_NG_dchg,방전,NG,2839,0,0,0.151928
Test07_NG_dchg,방전,NG,2840,0,0,0.154442
Test07_NG_dchg,방전,NG,2841,0,0,0.146736
Test07_NG_dchg,방전,NG,2842,0,0,0.161956
Test07_NG_dchg,방전,NG,2843,0,0,0.148994
Test07_NG_dchg,방전,NG,2844,0,0,0.154659
Test07_NG_dchg,방전,NG,2845,0,0,0.154158
Test07_NG_dchg,방전,NG,2846,0,0,0.155913
Test07_NG_dchg,방전,NG,2847,0,0,0.158846
Test07_NG_dchg,방전,NG,2848,0,0,0.173481
Test07_NG_dchg,방전,NG,2849,0,0,0.15428
Test07_NG_dchg,방전,NG,2850,0,0,0.156734
Test07_NG_dchg,방전,NG,2851,0,0,0.17423
Test07_NG_dchg,방전,NG,2852,0,0,0.166033
Test07_NG_dchg,방전,NG,2853,0,0,0.157505
Test07_NG_dchg,방전,NG,2854,0,0,0.164244
Test07_NG_dchg,방전,NG,2855,0,0,0.154781
Test07_NG_dchg,방전,NG,2856,0,0,0.158735
Test07_NG_dchg,방전,NG,2857,0,0,0.163544
Test07_NG_dchg,방전,NG,2858,0,0,0.151537
Test07_NG_dchg,방전,NG,2859,0,0,0.1568
Test07_NG_dchg,방전,NG,2860,0,0,0.162255
Test07_NG_dchg,방전,NG,2861,0,0,0.143797
Test07_NG_dchg,방전,NG,2862,0,0,0.158551
Test07_NG_dchg,방전,NG,2863,0,0,0.161681
Test07_NG_dchg,방전,NG,2864,0,0,0.142678
Test07_NG_dchg,방전,NG,2865,0,0,0.141539
Test07_NG_dchg,방전,NG,2866,0,0,0.152011
Test07_NG_dchg,방전,NG,2867,0,0,0.183104
Test07_NG_dchg,방전,NG,2868,0,0,0.154744
Test07_NG_dchg,방전,NG,2869,0,0,0.155889
Test07_NG_dchg,방전,NG,2870,0,0,0.157346
Test07_NG_dchg,방전,NG,2871,0,0,0.170877
Test07_NG_dchg,방전,NG,2872,0,0,0.145051
Test07_NG_dchg,방전,NG,2873,0,0,0.157188
Test07_NG_dchg,방전,NG,2874,0,0,0.169907
Test07_NG_dchg,방전,NG,2875,0,0,0.162561
Test07_NG_dchg,방전,NG,2876,0,0,0.165987
Test07_NG_dchg,방전,NG,2877,0,0,0.165871
Test07_NG_dchg,방전,NG,2878,0,0,0.15538
Test07_NG_dchg,방전,NG,2879,0,0,0.156183
Test07_NG_dchg,방전,NG,2880,0,0,0.15625
Test07_NG_dchg,방전,NG,2881,0,0,0.156018
Test07_NG_dchg,방전,NG,2882,0,0,0.156047
Test07_NG_dchg,방전,NG,2883,0,0,0.155627
Test07_NG_dchg,방전,NG,2884,0,0,0.157023
Test07_NG_dchg,방전,NG,2885,0,0,0.156517
Test07_NG_dchg,방전,NG,2886,0,0,0.160473
Test07_NG_dchg,방전,NG,2887,0,0,0.146507
Test07_NG_dchg,방전,NG,2888,0,0,0.160145
Test07_NG_dchg,방전,NG,2889,0,0,0.155671
Test07_NG_dchg,방전,NG,2890,0,0,0.159487
Test07_NG_dchg,방전,NG,2891,0,0,0.170502
Test07_NG_dchg,방전,NG,2892,0,0,0.159473
Test07_NG_dchg,방전,NG,2893,0,0,0.161265
Test07_NG_dchg,방전,NG,2894,0,0,0.15674
Test07_NG_dchg,방전,NG,2895,0,0,0.157277
Test07_NG_dchg,방전,NG,2896,0,0,0.149788
Test07_NG_dchg,방전,NG,2897,0,0,0.176841
Test07_NG_dchg,방전,NG,2898,0,0,0.158233
Test07_NG_dchg,방전,NG,2899,0,0,0.156687
Test07_NG_dchg,방전,NG,2900,0,0,0.145208
Test07_NG_dchg,방전,NG,2901,0,0,0.165529
Test07_NG_dchg,방전,NG,2902,0,0,0.160982
Test07_NG_dchg,방전,NG,2903,0,0,0.153303
Test07_NG_dchg,방전,NG,2904,0,0,0.143546
Test07_NG_dchg,방전,NG,2905,0,0,0.167531
Test07_NG_dchg,방전,NG,2906,0,0,0.146334
Test07_NG_dchg,방전,NG,2907,0,0,0.159423
Test07_NG_dchg,방전,NG,2908,0,0,0.161543
Test07_NG_dchg,방전,NG,2909,0,0,0.147446
Test07_NG_dchg,방전,NG,2910,0,0,0.164456
Test07_NG_dchg,방전,NG,2911,0,0,0.161449
Test07_NG_dchg,방전,NG,2912,0,0,0.157908
Test07_NG_dchg,방전,NG,2913,0,0,0.145605
Test07_NG_dchg,방전,NG,2914,0,0,0.163166
Test07_NG_dchg,방전,NG,2915,0,0,0.163125
Test07_NG_dchg,방전,NG,2916,0,0,0.158643
Test07_NG_dchg,방전,NG,2917,0,0,0.16833
Test07_NG_dchg,방전,NG,2918,0,0,0.159628
Test07_NG_dchg,방전,NG,2919,0,0,0.145793
Test07_NG_dchg,방전,NG,2920,0,0,0.16801
Test07_NG_dchg,방전,NG,2921,0,0,0.160389
Test07_NG_dchg,방전,NG,2922,0,0,0.15119
Test07_NG_dchg,방전,NG,2923,0,0,0.168162
Test07_NG_dchg,방전,NG,2924,0,0,0.151216
Test07_NG_dchg,방전,NG,2925,0,0,0.163371
Test07_NG_dchg,방전,NG,2926,0,0,0.163038
Test07_NG_dchg,방전,NG,2927,0,0,0.167046
Test07_NG_dchg,방전,NG,2928,0,0,0.168127
Test07_NG_dchg,방전,NG,2929,0,0,0.155741
Test07_NG_dchg,방전,NG,2930,0,0,0.150493
Test07_NG_dchg,방전,NG,2931,0,0,0.155797
Test07_NG_dchg,방전,NG,2932,0,0,0.158648
Test07_NG_dchg,방전,NG,2933,0,0,0.155279
Test07_NG_dchg,방전,NG,2934,0,0,0.153599
Test07_NG_dchg,방전,NG,2935,0,0,0.14806
Test07_NG_dchg,방전,NG,2936,0,0,0.143728
Test07_NG_dchg,방전,NG,2937,0,0,0.16374
Test07_NG_dchg,방전,NG,2938,0,0,0.15649
Test07_NG_dchg,방전,NG,2939,0,0,0.157622
Test07_NG_dchg,방전,NG,2940,0,0,0.164417
Test07_NG_dchg,방전,NG,2941,0,0,0.153012
Test07_NG_dchg,방전,NG,2942,0,0,0.158992
Test07_NG_dchg,방전,NG,2943,0,0,0.155642
Test07_NG_dchg,방전,NG,2944,0,0,0.154074
Test07_NG_dchg,방전,NG,2945,0,0,0.154737
Test07_NG_dchg,방전,NG,2946,0,0,0.159041
Test07_NG_dchg,방전,NG,2947,0,0,0.159182
Test07_NG_dchg,방전,NG,2948,0,0,0.176227
Test07_NG_dchg,방전,NG,2949,0,0,0.159661
Test07_NG_dchg,방전,NG,2950,0,0,0.151099
Test07_NG_dchg,방전,NG,2951,0,0,0.160467
Test07_NG_dchg,방전,NG,2952,0,0,0.158038
Test07_NG_dchg,방전,NG,2953,0,0,0.153706
Test07_NG_dchg,방전,NG,2954,0,0,0.159981
Test07_NG_dchg,방전,NG,2955,0,0,0.14437
Test07_NG_dchg,방전,NG,2956,0,0,0.155573
Test07_NG_dchg,방전,NG,2957,0,0,0.152871
Test07_NG_dchg,방전,NG,2958,0,0,0.178945
Test07_NG_dchg,방전,NG,2959,0,0,0.161699
Test07_NG_dchg,방전,NG,2960,0,0,0.151645
Test07_NG_dchg,방전,NG,2961,0,0,0.151444
Test07_NG_dchg,방전,NG,2962,0,0,0.162967
Test07_NG_dchg,방전,NG,2963,0,0,0.160208
Test07_NG_dchg,방전,NG,2964,0,0,0.155515
Test07_NG_dchg,방전,NG,2965,0,0,0.153596
Test07_NG_dchg,방전,NG,2966,0,0,0.155956
Test07_NG_dchg,방전,NG,2967,0,0,0.166843
Test07_NG_dchg,방전,NG,2968,0,0,0.168621
Test07_NG_dchg,방전,NG,2969,0,0,0.158483
Test07_NG_dchg,방전,NG,2970,0,0,0.155825
Test07_NG_dchg,방전,NG,2971,0,0,0.162906
Test07_NG_dchg,방전,NG,2972,0,0,0.152848
Test07_NG_dchg,방전,NG,2973,0,0,0.159797
Test07_NG_dchg,방전,NG,2974,0,0,0.166781
Test07_NG_dchg,방전,NG,2975,0,0,0.157551
Test07_NG_dchg,방전,NG,2976,0,0,0.148455
Test07_NG_dchg,방전,NG,2977,0,0,0.155885
Test07_NG_dchg,방전,NG,2978,0,0,0.151735
Test07_NG_dchg,방전,NG,2979,0,0,0.146927
Test07_NG_dchg,방전,NG,2980,0,0,0.154791
Test07_NG_dchg,방전,NG,2981,0,0,0.16074
Test07_NG_dchg,방전,NG,2982,0,0,0.145555
Test07_NG_dchg,방전,NG,2983,0,0,0.15512
Test07_NG_dchg,방전,NG,2984,0,0,0.15513
Test07_NG_dchg,방전,NG,2985,0,0,0.147072
Test07_NG_dchg,방전,NG,2986,0,0,0.155616
Test07_NG_dchg,방전,NG,2987,0,0,0.151084
Test07_NG_dchg,방전,NG,2988,0,0,0.152991
Test07_NG_dchg,방전,NG,2989,0,0,0.143932
Test07_NG_dchg,방전,NG,2990,0,0,0.174198
Test07_NG_dchg,방전,NG,2991,0,0,0.157074
Test07_NG_dchg,방전,NG,2992,0,0,0.166845
Test07_NG_dchg,방전,NG,2993,0,0,0.159829
Test07_NG_dchg,방전,NG,2994,0,0,0.143232
Test07_NG_dchg,방전,NG,2995,0,0,0.173784
Test07_NG_dchg,방전,NG,2996,0,0,0.157865
Test07_NG_dchg,방전,NG,2997,0,0,0.145546
Test07_NG_dchg,방전,NG,2998,0,0,0.175628
Test07_NG_dchg,방전,NG,2999,0,0,0.15949
Test07_NG_dchg,방전,NG,3000,0,0,0.14529
Test07_NG_dchg,방전,NG,3001,0,0,0.159444
Test07_NG_dchg,방전,NG,3002,0,0,0.14888
Test07_NG_dchg,방전,NG,3003,0,0,0.157457
Test07_NG_dchg,방전,NG,3004,0,0,0.154582
Test07_NG_dchg,방전,NG,3005,0,0,0.148513
Test07_NG_dchg,방전,NG,3006,0,0,0.158863
Test07_NG_dchg,방전,NG,3007,0,0,0.161966
Test07_NG_dchg,방전,NG,3008,0,0,0.169975
Test07_NG_dchg,방전,NG,3009,0,0,0.158126
Test07_NG_dchg,방전,NG,3010,0,0,0.159375
Test07_NG_dchg,방전,NG,3011,0,0,0.15313
Test07_NG_dchg,방전,NG,3012,0,0,0.149355
Test07_NG_dchg,방전,NG,3013,0,0,0.152194
Test07_NG_dchg,방전,NG,3014,0,0,0.152912
Test07_NG_dchg,방전,NG,3015,0,0,0.144211
Test07_NG_dchg,방전,NG,3016,0,0,0.150448
Test07_NG_dchg,방전,NG,3017,0,0,0.152302
Test07_NG_dchg,방전,NG,3018,0,0,0.16296
Test07_NG_dchg,방전,NG,3019,0,0,0.155493
Test07_NG_dchg,방전,NG,3020,0,0,0.160896
Test07_NG_dchg,방전,NG,3021,0,0,0.143647
Test07_NG_dchg,방전,NG,3022,0,0,0.159905
Test07_NG_dchg,방전,NG,3023,0,0,0.17638
Test07_NG_dchg,방전,NG,3024,0,0,0.156917
Test07_NG_dchg,방전,NG,3025,0,0,0.166149
Test07_NG_dchg,방전,NG,3026,0,0,0.152551
Test07_NG_dchg,방전,NG,3027,0,0,0.149356
Test07_NG_dchg,방전,NG,3028,0,0,0.165506
Test07_NG_dchg,방전,NG,3029,0,0,0.159496
Test07_NG_dchg,방전,NG,3030,0,0,0.155874
Test07_NG_dchg,방전,NG,3031,0,0,0.15809
Test07_NG_dchg,방전,NG,3032,0,0,0.154235
Test07_NG_dchg,방전,NG,3033,0,0,0.165475
Test07_NG_dchg,방전,NG,3034,0,0,0.147925
Test07_NG_dchg,방전,NG,3035,0,0,0.146463
Test07_NG_dchg,방전,NG,3036,0,0,0.160289
Test07_NG_dchg,방전,NG,3037,0,0,0.167572
Test07_NG_dchg,방전,NG,3038,0,0,0.144244
Test07_NG_dchg,방전,NG,3039,0,0,0.144597
Test07_NG_dchg,방전,NG,3040,0,0,0.159489
Test07_NG_dchg,방전,NG,3041,0,0,0.174043
Test07_NG_dchg,방전,NG,3042,0,0,0.14769
Test07_NG_dchg,방전,NG,3043,0,0,0.165314
Test07_NG_dchg,방전,NG,3044,0,0,0.16148
Test07_NG_dchg,방전,NG,3045,0,0,0.149903
Test07_NG_dchg,방전,NG,3046,0,0,0.159325
Test07_NG_dchg,방전,NG,3047,0,0,0.150345
Test07_NG_dchg,방전,NG,3048,0,0,0.172252
Test07_NG_dchg,방전,NG,3049,0,0,0.152365
Test07_NG_dchg,방전,NG,3050,0,0,0.153808
Test07_NG_dchg,방전,NG,3051,0,0,0.152775
Test07_NG_dchg,방전,NG,3052,0,0,0.156376
Test07_NG_dchg,방전,NG,3053,0,0,0.154419
Test07_NG_dchg,방전,NG,3054,0,0,0.163532
Test07_NG_dchg,방전,NG,3055,0,0,0.151187
Test07_NG_dchg,방전,NG,3056,0,0,0.165253
Test07_NG_dchg,방전,NG,3057,0,0,0.166975
Test07_NG_dchg,방전,NG,3058,0,0,0.15249
Test07_NG_dchg,방전,NG,3059,0,0,0.153779
Test07_NG_dchg,방전,NG,3060,0,0,0.149851
Test07_NG_dchg,방전,NG,3061,0,0,0.160927
Test07_NG_dchg,방전,NG,3062,0,0,0.156064
Test07_NG_dchg,방전,NG,3063,0,0,0.156522
Test07_NG_dchg,방전,NG,3064,0,0,0.152786
Test07_NG_dchg,방전,NG,3065,0,0,0.157215
Test07_NG_dchg,방전,NG,3066,0,0,0.155333
Test07_NG_dchg,방전,NG,3067,0,0,0.159797
Test07_NG_dchg,방전,NG,3068,0,0,0.153179
Test07_NG_dchg,방전,NG,3069,0,0,0.15583
Test07_NG_dchg,방전,NG,3070,0,0,0.157042
Test07_NG_dchg,방전,NG,3071,0,0,0.153071
Test07_NG_dchg,방전,NG,3072,0,0,0.163134
Test07_NG_dchg,방전,NG,3073,0,0,0.155263
Test07_NG_dchg,방전,NG,3074,0,0,0.154952
Test07_NG_dchg,방전,NG,3075,0,0,0.159578
Test07_NG_dchg,방전,NG,3076,0,0,0.154718
Test07_NG_dchg,방전,NG,3077,0,0,0.147062
Test07_NG_dchg,방전,NG,3078,0,0,0.149697
Test07_NG_dchg,방전,NG,3079,0,0,0.156213
Test07_NG_dchg,방전,NG,3080,0,0,0.165815
Test07_NG_dchg,방전,NG,3081,0,0,0.148266
Test07_NG_dchg,방전,NG,3082,0,0,0.146131
Test07_NG_dchg,방전,NG,3083,0,0,0.169551
Test07_NG_dchg,방전,NG,3084,0,0,0.179841
Test07_NG_dchg,방전,NG,3085,0,0,0.154065
Test07_NG_dchg,방전,NG,3086,0,0,0.145124
Test07_NG_dchg,방전,NG,3087,0,0,0.164584
Test07_NG_dchg,방전,NG,3088,0,0,0.15814
Test07_NG_dchg,방전,NG,3089,0,0,0.163464
Test07_NG_dchg,방전,NG,3090,0,0,0.145668
Test07_NG_dchg,방전,NG,3091,0,0,0.152936
Test07_NG_dchg,방전,NG,3092,0,0,0.162019
Test07_NG_dchg,방전,NG,3093,0,0,0.163144
Test07_NG_dchg,방전,NG,3094,0,0,0.151589
Test07_NG_dchg,방전,NG,3095,0,0,0.163044
Test07_NG_dchg,방전,NG,3096,0,0,0.157172
Test07_NG_dchg,방전,NG,3097,0,0,0.160399
Test07_NG_dchg,방전,NG,3098,0,0,0.156651
Test07_NG_dchg,방전,NG,3099,0,0,0.154235
Test07_NG_dchg,방전,NG,3100,0,0,0.1835
Test07_NG_dchg,방전,NG,3101,0,0,0.154889
Test07_NG_dchg,방전,NG,3102,0,0,0.163004
Test07_NG_dchg,방전,NG,3103,0,0,0.147492
Test07_NG_dchg,방전,NG,3104,0,0,0.14602
Test07_NG_dchg,방전,NG,3105,0,0,0.162297
Test07_NG_dchg,방전,NG,3106,0,0,0.160978
Test07_NG_dchg,방전,NG,3107,0,0,0.156989
Test07_NG_dchg,방전,NG,3108,0,0,0.164305
Test07_NG_dchg,방전,NG,3109,0,0,0.164892
Test07_NG_dchg,방전,NG,3110,0,0,0.159989
Test07_NG_dchg,방전,NG,3111,0,0,0.15212
Test07_NG_dchg,방전,NG,3112,0,0,0.154991
Test07_NG_dchg,방전,NG,3113,0,0,0.149571
Test07_NG_dchg,방전,NG,3114,0,0,0.156204
Test07_NG_dchg,방전,NG,3115,0,0,0.149215
Test07_NG_dchg,방전,NG,3116,0,0,0.162863
Test07_NG_dchg,방전,NG,3117,0,0,0.144616
Test07_NG_dchg,방전,NG,3118,0,0,0.150658
Test07_NG_dchg,방전,NG,3119,0,0,0.150434
Test07_NG_dchg,방전,NG,3120,0,0,0.14935
Test07_NG_dchg,방전,NG,3121,0,0,0.162974
Test07_NG_dchg,방전,NG,3122,0,0,0.15519
Test07_NG_dchg,방전,NG,3123,0,0,0.146839
Test07_NG_dchg,방전,NG,3124,0,0,0.148957
Test07_NG_dchg,방전,NG,3125,0,0,0.154237
Test07_NG_dchg,방전,NG,3126,0,0,0.156185
Test07_NG_dchg,방전,NG,3127,0,0,0.150967
Test07_NG_dchg,방전,NG,3128,0,0,0.159377
Test07_NG_dchg,방전,NG,3129,0,0,0.154051
Test07_NG_dchg,방전,NG,3130,0,0,0.159243
Test07_NG_dchg,방전,NG,3131,0,0,0.152007
Test07_NG_dchg,방전,NG,3132,0,0,0.15943
Test07_NG_dchg,방전,NG,3133,0,0,0.150264
Test07_NG_dchg,방전,NG,3134,0,0,0.165899
Test07_NG_dchg,방전,NG,3135,0,0,0.144395
Test07_NG_dchg,방전,NG,3136,0,0,0.152757
Test07_NG_dchg,방전,NG,3137,0,0,0.150029
Test07_NG_dchg,방전,NG,3138,0,0,0.149432
Test07_NG_dchg,방전,NG,3139,0,0,0.157973
Test07_NG_dchg,방전,NG,3140,0,0,0.155061
Test07_NG_dchg,방전,NG,3141,0,0,0.172311
Test07_NG_dchg,방전,NG,3142,0,0,0.147418
Test07_NG_dchg,방전,NG,3143,0,0,0.153123
Test07_NG_dchg,방전,NG,3144,0,0,0.167188
Test07_NG_dchg,방전,NG,3145,0,0,0.169694
Test07_NG_dchg,방전,NG,3146,0,0,0.16117
Test07_NG_dchg,방전,NG,3147,0,0,0.164084
Test07_NG_dchg,방전,NG,3148,0,0,0.165865
Test07_NG_dchg,방전,NG,3149,0,0,0.170235
Test07_NG_dchg,방전,NG,3150,0,0,0.160567
Test07_NG_dchg,방전,NG,3151,0,0,0.157933
Test07_NG_dchg,방전,NG,3152,0,0,0.156681
Test07_NG_dchg,방전,NG,3153,0,0,0.152381
Test07_NG_dchg,방전,NG,3154,0,0,0.150473
Test07_NG_dchg,방전,NG,3155,0,0,0.148821
Test07_NG_dchg,방전,NG,3156,0,0,0.157879
Test07_NG_dchg,방전,NG,3157,0,0,0.161575
Test07_NG_dchg,방전,NG,3158,0,0,0.16342
Test07_NG_dchg,방전,NG,3159,0,0,0.160326
Test07_NG_dchg,방전,NG,3160,0,0,0.156133
Test07_NG_dchg,방전,NG,3161,0,0,0.146767
Test07_NG_dchg,방전,NG,3162,0,0,0.174081
Test07_NG_dchg,방전,NG,3163,0,0,0.158427
Test07_NG_dchg,방전,NG,3164,0,0,0.153772
Test07_NG_dchg,방전,NG,3165,0,0,0.167246
Test07_NG_dchg,방전,NG,3166,0,0,0.153005
Test07_NG_dchg,방전,NG,3167,0,0,0.146482
Test07_NG_dchg,방전,NG,3168,0,0,0.153514
Test07_NG_dchg,방전,NG,3169,0,0,0.153628
Test07_NG_dchg,방전,NG,3170,0,0,0.153964
Test07_NG_dchg,방전,NG,3171,0,0,0.159023
Test07_NG_dchg,방전,NG,3172,0,0,0.157345
Test07_NG_dchg,방전,NG,3173,0,0,0.157914
Test07_NG_dchg,방전,NG,3174,0,0,0.149378
Test07_NG_dchg,방전,NG,3175,0,0,0.148528
Test07_NG_dchg,방전,NG,3176,0,0,0.158416
Test07_NG_dchg,방전,NG,3177,0,0,0.154501
Test07_NG_dchg,방전,NG,3178,0,0,0.167883
Test07_NG_dchg,방전,NG,3179,0,0,0.155872
Test07_NG_dchg,방전,NG,3180,0,0,0.163751
Test07_NG_dchg,방전,NG,3181,0,0,0.170617
Test07_NG_dchg,방전,NG,3182,0,0,0.162974
Test07_NG_dchg,방전,NG,3183,0,0,0.163472
Test07_NG_dchg,방전,NG,3184,0,0,0.15329
Test07_NG_dchg,방전,NG,3185,0,0,0.160204
Test07_NG_dchg,방전,NG,3186,0,0,0.150501
Test07_NG_dchg,방전,NG,3187,0,0,0.162102
Test07_NG_dchg,방전,NG,3188,0,0,0.162008
Test07_NG_dchg,방전,NG,3189,0,0,0.160187
Test07_NG_dchg,방전,NG,3190,0,0,0.158265
Test07_NG_dchg,방전,NG,3191,0,0,0.159817
Test07_NG_dchg,방전,NG,3192,0,0,0.152815
Test07_NG_dchg,방전,NG,3193,0,0,0.151792
Test07_NG_dchg,방전,NG,3194,0,0,0.15619
Test07_NG_dchg,방전,NG,3195,0,0,0.157938
Test07_NG_dchg,방전,NG,3196,0,0,0.159659
Test07_NG_dchg,방전,NG,3197,0,0,0.158921
Test07_NG_dchg,방전,NG,3198,0,0,0.150098
Test07_NG_dchg,방전,NG,3199,0,0,0.155337
Test07_NG_dchg,방전,NG,3200,0,0,0.161747
Test07_NG_dchg,방전,NG,3201,0,0,0.15751
Test07_NG_dchg,방전,NG,3202,0,0,0.152404
Test07_NG_dchg,방전,NG,3203,0,0,0.153697
Test07_NG_dchg,방전,NG,3204,0,0,0.156707
Test07_NG_dchg,방전,NG,3205,0,0,0.153383
Test07_NG_dchg,방전,NG,3206,0,0,0.14849
Test07_NG_dchg,방전,NG,3207,0,0,0.160319
Test07_NG_dchg,방전,NG,3208,0,0,0.152552
Test07_NG_dchg,방전,NG,3209,0,0,0.172833
Test07_NG_dchg,방전,NG,3210,0,0,0.153957
Test07_NG_dchg,방전,NG,3211,0,0,0.152665
Test07_NG_dchg,방전,NG,3212,0,0,0.151296
Test07_NG_dchg,방전,NG,3213,0,0,0.159577
Test07_NG_dchg,방전,NG,3214,0,0,0.149197
Test07_NG_dchg,방전,NG,3215,0,0,0.154042
Test07_NG_dchg,방전,NG,3216,0,0,0.165229
Test07_NG_dchg,방전,NG,3217,0,0,0.153063
Test07_NG_dchg,방전,NG,3218,0,0,0.150633
Test07_NG_dchg,방전,NG,3219,0,0,0.149533
Test07_NG_dchg,방전,NG,3220,0,0,0.16055
Test07_NG_dchg,방전,NG,3221,0,0,0.159429
Test07_NG_dchg,방전,NG,3222,0,0,0.14924
Test07_NG_dchg,방전,NG,3223,0,0,0.158633
Test07_NG_dchg,방전,NG,3224,0,0,0.148582
Test07_NG_dchg,방전,NG,3225,0,0,0.153566
Test07_NG_dchg,방전,NG,3226,0,0,0.16056
Test07_NG_dchg,방전,NG,3227,0,0,0.159686
Test07_NG_dchg,방전,NG,3228,0,0,0.155121
Test07_NG_dchg,방전,NG,3229,0,0,0.150692
Test07_NG_dchg,방전,NG,3230,0,0,0.154752
Test07_NG_dchg,방전,NG,3231,0,0,0.160223
Test07_NG_dchg,방전,NG,3232,0,0,0.166999
Test07_NG_dchg,방전,NG,3233,0,0,0.152057
Test07_NG_dchg,방전,NG,3234,0,0,0.168345
Test07_NG_dchg,방전,NG,3235,0,0,0.151927
Test07_NG_dchg,방전,NG,3236,0,0,0.154189
Test07_NG_dchg,방전,NG,3237,0,0,0.158103
Test07_NG_dchg,방전,NG,3238,0,0,0.153122
Test07_NG_dchg,방전,NG,3239,0,0,0.146485
Test07_NG_dchg,방전,NG,3240,0,0,0.164029
Test07_NG_dchg,방전,NG,3241,0,0,0.157847
Test07_NG_dchg,방전,NG,3242,0,0,0.167064
Test07_NG_dchg,방전,NG,3243,0,0,0.153679
Test07_NG_dchg,방전,NG,3244,0,0,0.153088
Test07_NG_dchg,방전,NG,3245,0,0,0.156851
Test07_NG_dchg,방전,NG,3246,0,0,0.16004
Test07_NG_dchg,방전,NG,3247,0,0,0.145006
Test07_NG_dchg,방전,NG,3248,0,0,0.16289
Test07_NG_dchg,방전,NG,3249,0,0,0.16088
Test07_NG_dchg,방전,NG,3250,0,0,0.166376
Test07_NG_dchg,방전,NG,3251,0,0,0.14905
Test07_NG_dchg,방전,NG,3252,0,0,0.155218
Test07_NG_dchg,방전,NG,3253,0,0,0.165942
Test07_NG_dchg,방전,NG,3254,0,0,0.162575
Test07_NG_dchg,방전,NG,3255,0,0,0.162196
Test07_NG_dchg,방전,NG,3256,0,0,0.160547
Test07_NG_dchg,방전,NG,3257,0,0,0.165956
Test07_NG_dchg,방전,NG,3258,0,0,0.156846
Test07_NG_dchg,방전,NG,3259,0,0,0.157054
Test07_NG_dchg,방전,NG,3260,0,0,0.156645
Test07_NG_dchg,방전,NG,3261,0,0,0.148517
Test07_NG_dchg,방전,NG,3262,0,0,0.157036
Test07_NG_dchg,방전,NG,3263,0,0,0.152837
Test07_NG_dchg,방전,NG,3264,0,0,0.140364
Test07_NG_dchg,방전,NG,3265,0,0,0.16315
Test07_NG_dchg,방전,NG,3266,0,0,0.16082
Test07_NG_dchg,방전,NG,3267,0,0,0.156238
Test07_NG_dchg,방전,NG,3268,0,0,0.154477
Test07_NG_dchg,방전,NG,3269,0,0,0.164726
Test07_NG_dchg,방전,NG,3270,0,0,0.15252
Test07_NG_dchg,방전,NG,3271,0,0,0.153363
Test07_NG_dchg,방전,NG,3272,0,0,0.159294
Test07_NG_dchg,방전,NG,3273,0,0,0.165702
Test07_NG_dchg,방전,NG,3274,0,0,0.146632
Test07_NG_dchg,방전,NG,3275,0,0,0.164206
Test07_NG_dchg,방전,NG,3276,0,0,0.153623
Test07_NG_dchg,방전,NG,3277,0,0,0.165395
Test07_NG_dchg,방전,NG,3278,0,0,0.159687
Test07_NG_dchg,방전,NG,3279,0,0,0.158159
Test07_NG_dchg,방전,NG,3280,0,0,0.160459
Test07_NG_dchg,방전,NG,3281,0,0,0.161678
Test07_NG_dchg,방전,NG,3282,0,0,0.150412
Test07_NG_dchg,방전,NG,3283,0,0,0.171966
Test07_NG_dchg,방전,NG,3284,0,0,0.159158
Test07_NG_dchg,방전,NG,3285,0,0,0.18899
Test07_NG_dchg,방전,NG,3286,0,0,0.16494
Test07_NG_dchg,방전,NG,3287,0,0,0.161689
Test07_NG_dchg,방전,NG,3288,0,0,0.158159
Test07_NG_dchg,방전,NG,3289,0,0,0.153789
Test07_NG_dchg,방전,NG,3290,0,0,0.185624
Test07_NG_dchg,방전,NG,3291,0,0,0.156839
Test07_NG_dchg,방전,NG,3292,0,0,0.155756
Test07_NG_dchg,방전,NG,3293,0,0,0.155079
Test07_NG_dchg,방전,NG,3294,0,0,0.158095
Test07_NG_dchg,방전,NG,3295,0,0,0.153077
Test07_NG_dchg,방전,NG,3296,0,0,0.164225
Test07_NG_dchg,방전,NG,3297,0,0,0.152259
Test07_NG_dchg,방전,NG,3298,0,0,0.151388
Test07_NG_dchg,방전,NG,3299,0,0,0.169525
Test07_NG_dchg,방전,NG,3300,0,0,0.161362
Test07_NG_dchg,방전,NG,3301,0,0,0.16563
Test07_NG_dchg,방전,NG,3302,0,0,0.162
Test07_NG_dchg,방전,NG,3303,0,0,0.15381
Test07_NG_dchg,방전,NG,3304,0,0,0.164416
Test07_NG_dchg,방전,NG,3305,0,0,0.160918
Test07_NG_dchg,방전,NG,3306,0,0,0.155022
Test07_NG_dchg,방전,NG,3307,0,0,0.156425
Test07_NG_dchg,방전,NG,3308,0,0,0.154739
Test07_NG_dchg,방전,NG,3309,0,0,0.151686
Test07_NG_dchg,방전,NG,3310,0,0,0.165414
Test07_NG_dchg,방전,NG,3311,0,0,0.149669
Test07_NG_dchg,방전,NG,3312,0,0,0.165347
Test07_NG_dchg,방전,NG,3313,0,0,0.167061
Test07_NG_dchg,방전,NG,3314,0,0,0.161871
Test07_NG_dchg,방전,NG,3315,0,0,0.154875
Test07_NG_dchg,방전,NG,3316,0,0,0.14482
Test07_NG_dchg,방전,NG,3317,0,0,0.142935
Test07_NG_dchg,방전,NG,3318,0,0,0.151807
Test07_NG_dchg,방전,NG,3319,0,0,0.152321
Test07_NG_dchg,방전,NG,3320,0,0,0.162244
Test07_NG_dchg,방전,NG,3321,0,0,0.150408
Test07_NG_dchg,방전,NG,3322,0,0,0.160059
Test07_NG_dchg,방전,NG,3323,0,0,0.159896
Test07_NG_dchg,방전,NG,3324,0,0,0.157595
Test07_NG_dchg,방전,NG,3325,0,0,0.162666
Test07_NG_dchg,방전,NG,3326,0,0,0.152842
Test07_NG_dchg,방전,NG,3327,0,0,0.148119
Test07_NG_dchg,방전,NG,3328,0,0,0.154089
Test07_NG_dchg,방전,NG,3329,0,0,0.157881
Test07_NG_dchg,방전,NG,3330,0,0,0.158177
Test07_NG_dchg,방전,NG,3331,0,0,0.153839
Test07_NG_dchg,방전,NG,3332,0,0,0.149729
Test07_NG_dchg,방전,NG,3333,0,0,0.152449
Test07_NG_dchg,방전,NG,3334,0,0,0.149913
Test07_NG_dchg,방전,NG,3335,0,0,0.145364
Test07_NG_dchg,방전,NG,3336,0,0,0.153418
Test07_NG_dchg,방전,NG,3337,0,0,0.147305
Test07_NG_dchg,방전,NG,3338,0,0,0.161172
Test07_NG_dchg,방전,NG,3339,0,0,0.150947
Test07_NG_dchg,방전,NG,3340,0,0,0.157
Test07_NG_dchg,방전,NG,3341,0,0,0.158031
Test07_NG_dchg,방전,NG,3342,0,0,0.174153
Test07_NG_dchg,방전,NG,3343,0,0,0.152635
Test07_NG_dchg,방전,NG,3344,0,0,0.147979
Test07_NG_dchg,방전,NG,3345,0,0,0.164069
Test07_NG_dchg,방전,NG,3346,0,0,0.162752
Test07_NG_dchg,방전,NG,3347,0,0,0.150976
Test07_NG_dchg,방전,NG,3348,0,0,0.161808
Test07_NG_dchg,방전,NG,3349,0,0,0.188561
Test07_NG_dchg,방전,NG,3350,0,0,0.160264
Test07_NG_dchg,방전,NG,3351,0,0,0.151193
Test07_NG_dchg,방전,NG,3352,0,0,0.152535
Test07_NG_dchg,방전,NG,3353,0,0,0.14932
Test07_NG_dchg,방전,NG,3354,0,0,0.16106
Test07_NG_dchg,방전,NG,3355,0,0,0.153806
Test07_NG_dchg,방전,NG,3356,0,0,0.153401
Test07_NG_dchg,방전,NG,3357,0,0,0.151648
Test07_NG_dchg,방전,NG,3358,0,0,0.153343
Test07_NG_dchg,방전,NG,3359,0,0,0.171732
Test07_NG_dchg,방전,NG,3360,0,0,0.163099
Test07_NG_dchg,방전,NG,3361,0,0,0.156474
Test07_NG_dchg,방전,NG,3362,0,0,0.158786
Test07_NG_dchg,방전,NG,3363,0,0,0.16314
Test07_NG_dchg,방전,NG,3364,0,0,0.156917
Test07_NG_dchg,방전,NG,3365,0,0,0.156122
Test07_NG_dchg,방전,NG,3366,0,0,0.150447
Test07_NG_dchg,방전,NG,3367,0,0,0.155755
Test07_NG_dchg,방전,NG,3368,0,0,0.159387
Test07_NG_dchg,방전,NG,3369,0,0,0.156923
Test07_NG_dchg,방전,NG,3370,0,0,0.1568
Test07_NG_dchg,방전,NG,3371,0,0,0.147234
Test07_NG_dchg,방전,NG,3372,0,0,0.176889
Test07_NG_dchg,방전,NG,3373,0,0,0.153275
Test07_NG_dchg,방전,NG,3374,0,0,0.151022
Test07_NG_dchg,방전,NG,3375,0,0,0.15851
Test07_NG_dchg,방전,NG,3376,0,0,0.152911
Test07_NG_dchg,방전,NG,3377,0,0,0.152677
Test07_NG_dchg,방전,NG,3378,0,0,0.154105
Test07_NG_dchg,방전,NG,3379,0,0,0.146194
Test07_NG_dchg,방전,NG,3380,0,0,0.157412
Test07_NG_dchg,방전,NG,3381,0,0,0.149411
Test07_NG_dchg,방전,NG,3382,0,0,0.140762
Test07_NG_dchg,방전,NG,3383,0,0,0.155324
Test07_NG_dchg,방전,NG,3384,0,0,0.158983
Test07_NG_dchg,방전,NG,3385,0,0,0.153878
Test07_NG_dchg,방전,NG,3386,0,0,0.148138
Test07_NG_dchg,방전,NG,3387,0,0,0.150869
Test07_NG_dchg,방전,NG,3388,0,0,0.154411
Test07_NG_dchg,방전,NG,3389,0,0,0.15233
Test07_NG_dchg,방전,NG,3390,0,0,0.194489
Test07_NG_dchg,방전,NG,3391,0,0,0.150435
Test07_NG_dchg,방전,NG,3392,0,0,0.166776
Test07_NG_dchg,방전,NG,3393,0,0,0.17274
Test07_NG_dchg,방전,NG,3394,0,0,0.149497
Test07_NG_dchg,방전,NG,3395,0,0,0.166219
Test07_NG_dchg,방전,NG,3396,0,0,0.169763
Test07_NG_dchg,방전,NG,3397,0,0,0.168055
Test07_NG_dchg,방전,NG,3398,0,0,0.169133
Test07_NG_dchg,방전,NG,3399,0,0,0.15255
Test07_NG_dchg,방전,NG,3400,0,0,0.144451
Test07_NG_dchg,방전,NG,3401,0,0,0.163336
Test07_NG_dchg,방전,NG,3402,0,0,0.146321
Test07_NG_dchg,방전,NG,3403,0,0,0.148573
Test07_NG_dchg,방전,NG,3404,0,0,0.149968
Test07_NG_dchg,방전,NG,3405,0,0,0.152667
Test07_NG_dchg,방전,NG,3406,0,0,0.167417
Test07_NG_dchg,방전,NG,3407,0,0,0.154869
Test07_NG_dchg,방전,NG,3408,0,0,0.152485
Test07_NG_dchg,방전,NG,3409,0,0,0.153706
Test07_NG_dchg,방전,NG,3410,0,0,0.153906
Test07_NG_dchg,방전,NG,3411,0,0,0.180395
Test07_NG_dchg,방전,NG,3412,0,0,0.167424
Test07_NG_dchg,방전,NG,3413,0,0,0.137837
Test07_NG_dchg,방전,NG,3414,0,0,0.156925
Test07_NG_dchg,방전,NG,3415,0,0,0.146983
Test07_NG_dchg,방전,NG,3416,0,0,0.14316
Test07_NG_dchg,방전,NG,3417,0,0,0.158486
Test07_NG_dchg,방전,NG,3418,0,0,0.156659
Test07_NG_dchg,방전,NG,3419,0,0,0.158761
Test07_NG_dchg,방전,NG,3420,0,0,0.151889
Test07_NG_dchg,방전,NG,3421,0,0,0.163608
Test07_NG_dchg,방전,NG,3422,0,0,0.151109
Test07_NG_dchg,방전,NG,3423,0,0,0.1564
Test07_NG_dchg,방전,NG,3424,0,0,0.164485
Test07_NG_dchg,방전,NG,3425,0,0,0.146887
Test07_NG_dchg,방전,NG,3426,0,0,0.166287
Test07_NG_dchg,방전,NG,3427,0,0,0.155998
Test07_NG_dchg,방전,NG,3428,0,0,0.15632
Test07_NG_dchg,방전,NG,3429,0,0,0.149468
Test07_NG_dchg,방전,NG,3430,0,0,0.155381
Test07_NG_dchg,방전,NG,3431,0,0,0.152239
Test07_NG_dchg,방전,NG,3432,0,0,0.157413
Test07_NG_dchg,방전,NG,3433,0,0,0.157243
Test07_NG_dchg,방전,NG,3434,0,0,0.157441
Test07_NG_dchg,방전,NG,3435,0,0,0.154997
Test07_NG_dchg,방전,NG,3436,0,0,0.159954
Test07_NG_dchg,방전,NG,3437,0,0,0.156639
Test07_NG_dchg,방전,NG,3438,0,0,0.164159
Test07_NG_dchg,방전,NG,3439,0,0,0.169417
Test07_NG_dchg,방전,NG,3440,0,0,0.149766
Test07_NG_dchg,방전,NG,3441,0,0,0.16935
Test07_NG_dchg,방전,NG,3442,0,0,0.151823
Test07_NG_dchg,방전,NG,3443,0,0,0.141602
Test07_NG_dchg,방전,NG,3444,0,0,0.157436
Test07_NG_dchg,방전,NG,3445,0,0,0.143826
Test07_NG_dchg,방전,NG,3446,0,0,0.163503
Test07_NG_dchg,방전,NG,3447,0,0,0.157896
Test07_NG_dchg,방전,NG,3448,0,0,0.167673
Test07_NG_dchg,방전,NG,3449,0,0,0.155944
Test07_NG_dchg,방전,NG,3450,0,0,0.160373
Test07_NG_dchg,방전,NG,3451,0,0,0.150688
Test07_NG_dchg,방전,NG,3452,0,0,0.144459
Test07_NG_dchg,방전,NG,3453,0,0,0.146224
Test07_NG_dchg,방전,NG,3454,0,0,0.17239
Test07_NG_dchg,방전,NG,3455,0,0,0.165386
Test07_NG_dchg,방전,NG,3456,0,0,0.152871
Test07_NG_dchg,방전,NG,3457,0,0,0.160996
Test07_NG_dchg,방전,NG,3458,0,0,0.159751
Test07_NG_dchg,방전,NG,3459,0,0,0.15851
Test07_NG_dchg,방전,NG,3460,0,0,0.144835
Test07_NG_dchg,방전,NG,3461,0,0,0.152541
Test07_NG_dchg,방전,NG,3462,0,0,0.156128
Test07_NG_dchg,방전,NG,3463,0,0,0.161712
Test07_NG_dchg,방전,NG,3464,0,0,0.153648
Test07_NG_dchg,방전,NG,3465,0,0,0.148954
Test07_NG_dchg,방전,NG,3466,0,0,0.151347
Test07_NG_dchg,방전,NG,3467,0,0,0.151009
Test07_NG_dchg,방전,NG,3468,0,0,0.14585
Test07_NG_dchg,방전,NG,3469,0,0,0.160725
Test07_NG_dchg,방전,NG,3470,0,0,0.162808
Test07_NG_dchg,방전,NG,3471,0,0,0.172593
Test07_NG_dchg,방전,NG,3472,0,0,0.159666
Test07_NG_dchg,방전,NG,3473,0,0,0.146648
Test07_NG_dchg,방전,NG,3474,0,0,0.152731
Test07_NG_dchg,방전,NG,3475,0,0,0.160887
Test07_NG_dchg,방전,NG,3476,0,0,0.150358
Test07_NG_dchg,방전,NG,3477,0,0,0.151993
Test07_NG_dchg,방전,NG,3478,0,0,0.167511
Test07_NG_dchg,방전,NG,3479,0,0,0.156903
Test07_NG_dchg,방전,NG,3480,0,0,0.146256
Test07_NG_dchg,방전,NG,3481,0,0,0.152403
Test07_NG_dchg,방전,NG,3482,0,0,0.159915
Test07_NG_dchg,방전,NG,3483,0,0,0.148126
Test07_NG_dchg,방전,NG,3484,0,0,0.16154
Test07_NG_dchg,방전,NG,3485,0,0,0.150597
Test07_NG_dchg,방전,NG,3486,0,0,0.156841
Test07_NG_dchg,방전,NG,3487,0,0,0.159076
Test07_NG_dchg,방전,NG,3488,0,0,0.151909
Test07_NG_dchg,방전,NG,3489,0,0,0.156293
Test07_NG_dchg,방전,NG,3490,0,0,0.158649
Test07_NG_dchg,방전,NG,3491,0,0,0.167877
Test07_NG_dchg,방전,NG,3492,0,0,0.156017
Test07_NG_dchg,방전,NG,3493,0,0,0.155543
Test07_NG_dchg,방전,NG,3494,0,0,0.15577
Test07_NG_dchg,방전,NG,3495,0,0,0.164743
Test07_NG_dchg,방전,NG,3496,0,0,0.150664
Test07_NG_dchg,방전,NG,3497,0,0,0.147658
Test07_NG_dchg,방전,NG,3498,0,0,0.163317
Test07_NG_dchg,방전,NG,3499,0,0,0.147257
Test07_NG_dchg,방전,NG,3500,0,0,0.169228
Test07_NG_dchg,방전,NG,3501,0,0,0.158694
Test07_NG_dchg,방전,NG,3502,0,0,0.151305
Test07_NG_dchg,방전,NG,3503,0,0,0.163264
Test07_NG_dchg,방전,NG,3504,0,0,0.155571
Test07_NG_dchg,방전,NG,3505,0,0,0.159311
Test07_NG_dchg,방전,NG,3506,0,0,0.156253
Test07_NG_dchg,방전,NG,3507,0,0,0.166873
Test07_NG_dchg,방전,NG,3508,0,0,0.161505
Test07_NG_dchg,방전,NG,3509,0,0,0.148053
Test07_NG_dchg,방전,NG,3510,0,0,0.145848
Test07_NG_dchg,방전,NG,3511,0,0,0.14198
Test07_NG_dchg,방전,NG,3512,0,0,0.161384
Test07_NG_dchg,방전,NG,3513,0,0,0.15388
Test07_NG_dchg,방전,NG,3514,0,0,0.1602
Test07_NG_dchg,방전,NG,3515,0,0,0.155782
Test07_NG_dchg,방전,NG,3516,0,0,0.160095
Test07_NG_dchg,방전,NG,3517,0,0,0.155689
Test07_NG_dchg,방전,NG,3518,0,0,0.15588
Test07_NG_dchg,방전,NG,3519,0,0,0.150995
Test07_NG_dchg,방전,NG,3520,0,0,0.156456
Test07_NG_dchg,방전,NG,3521,0,0,0.148352
Test07_NG_dchg,방전,NG,3522,0,0,0.149756
Test07_NG_dchg,방전,NG,3523,0,0,0.14684
Test07_NG_dchg,방전,NG,3524,0,0,0.162942
Test07_NG_dchg,방전,NG,3525,0,0,0.152243
Test07_NG_dchg,방전,NG,3526,0,0,0.149267
Test07_NG_dchg,방전,NG,3527,0,0,0.15801
Test07_NG_dchg,방전,NG,3528,0,0,0.150715
Test07_NG_dchg,방전,NG,3529,0,0,0.153502
Test07_NG_dchg,방전,NG,3530,0,0,0.157101
Test07_NG_dchg,방전,NG,3531,0,0,0.166443
Test07_NG_dchg,방전,NG,3532,0,0,0.161799
Test07_NG_dchg,방전,NG,3533,0,0,0.156432
Test07_NG_dchg,방전,NG,3534,0,0,0.149751
Test07_NG_dchg,방전,NG,3535,0,0,0.154766
Test07_NG_dchg,방전,NG,3536,0,0,0.174823
Test07_NG_dchg,방전,NG,3537,0,0,0.165599
Test07_NG_dchg,방전,NG,3538,0,0,0.153288
Test07_NG_dchg,방전,NG,3539,0,0,0.159602
Test07_NG_dchg,방전,NG,3540,0,0,0.169641
Test07_NG_dchg,방전,NG,3541,0,0,0.160801
Test07_NG_dchg,방전,NG,3542,0,0,0.156605
Test07_NG_dchg,방전,NG,3543,0,0,0.161537
Test07_NG_dchg,방전,NG,3544,0,0,0.15938
Test07_NG_dchg,방전,NG,3545,0,0,0.161189
Test07_NG_dchg,방전,NG,3546,0,0,0.150838
Test07_NG_dchg,방전,NG,3547,0,0,0.161336
Test07_NG_dchg,방전,NG,3548,0,0,0.150254
Test07_NG_dchg,방전,NG,3549,0,0,0.157483
Test07_NG_dchg,방전,NG,3550,0,0,0.148588
Test07_NG_dchg,방전,NG,3551,0,0,0.164711
Test07_NG_dchg,방전,NG,3552,0,0,0.15763
Test07_NG_dchg,방전,NG,3553,0,0,0.159532
Test07_NG_dchg,방전,NG,3554,0,0,0.166906
Test07_NG_dchg,방전,NG,3555,0,0,0.158607
Test07_NG_dchg,방전,NG,3556,0,0,0.153491
Test07_NG_dchg,방전,NG,3557,0,0,0.15425
Test07_NG_dchg,방전,NG,3558,0,0,0.155079
Test07_NG_dchg,방전,NG,3559,0,0,0.158891
Test07_NG_dchg,방전,NG,3560,0,0,0.15077
Test07_NG_dchg,방전,NG,3561,0,0,0.15288
Test07_NG_dchg,방전,NG,3562,0,0,0.170231
Test07_NG_dchg,방전,NG,3563,0,0,0.151542
Test07_NG_dchg,방전,NG,3564,0,0,0.162639
Test07_NG_dchg,방전,NG,3565,0,0,0.160424
Test07_NG_dchg,방전,NG,3566,0,0,0.149678
Test07_NG_dchg,방전,NG,3567,0,0,0.150789
Test07_NG_dchg,방전,NG,3568,0,0,0.145803
Test07_NG_dchg,방전,NG,3569,0,0,0.160807
Test07_NG_dchg,방전,NG,3570,0,0,0.159587
Test07_NG_dchg,방전,NG,3571,0,0,0.150174
Test07_NG_dchg,방전,NG,3572,0,0,0.153573
Test07_NG_dchg,방전,NG,3573,0,0,0.159487
Test07_NG_dchg,방전,NG,3574,0,0,0.146689
Test07_NG_dchg,방전,NG,3575,0,0,0.161235
Test07_NG_dchg,방전,NG,3576,0,0,0.150845
Test07_NG_dchg,방전,NG,3577,0,0,0.157161
Test07_NG_dchg,방전,NG,3578,0,0,0.155988
Test07_NG_dchg,방전,NG,3579,0,0,0.147014
Test07_NG_dchg,방전,NG,3580,0,0,0.162307
Test07_NG_dchg,방전,NG,3581,0,0,0.157015
Test07_NG_dchg,방전,NG,3582,0,0,0.161391
Test07_NG_dchg,방전,NG,3583,0,0,0.151057
Test07_NG_dchg,방전,NG,3584,0,0,0.152074
Test07_NG_dchg,방전,NG,3585,0,0,0.160165
Test07_NG_dchg,방전,NG,3586,0,0,0.153446
Test07_NG_dchg,방전,NG,3587,0,0,0.1531
Test07_NG_dchg,방전,NG,3588,0,0,0.160146
Test07_NG_dchg,방전,NG,3589,0,0,0.15111
Test07_NG_dchg,방전,NG,3590,0,0,0.157439
Test07_NG_dchg,방전,NG,3591,0,0,0.149645
Test07_NG_dchg,방전,NG,3592,0,0,0.15014
Test07_NG_dchg,방전,NG,3593,0,0,0.162509
Test07_NG_dchg,방전,NG,3594,0,0,0.162767
Test07_NG_dchg,방전,NG,3595,0,0,0.157181
Test07_NG_dchg,방전,NG,3596,0,0,0.157298
Test07_NG_dchg,방전,NG,3597,0,0,0.162741
Test07_NG_dchg,방전,NG,3598,0,0,0.144239
Test07_NG_dchg,방전,NG,3599,0,0,0.160515
Test07_NG_dchg,방전,NG,3600,0,0,0.149026
Test07_NG_dchg,방전,NG,3601,0,0,0.162561
Test07_NG_dchg,방전,NG,3602,0,0,0.159242
Test07_NG_dchg,방전,NG,3603,0,0,0.148869
Test07_NG_dchg,방전,NG,3604,0,0,0.160695
Test07_NG_dchg,방전,NG,3605,0,0,0.150752
Test07_NG_dchg,방전,NG,3606,0,0,0.147621
Test07_NG_dchg,방전,NG,3607,0,0,0.163915
Test07_NG_dchg,방전,NG,3608,0,0,0.164744
Test07_NG_dchg,방전,NG,3609,0,0,0.150573
Test07_NG_dchg,방전,NG,3610,0,0,0.164454
Test07_NG_dchg,방전,NG,3611,0,0,0.146655
Test07_NG_dchg,방전,NG,3612,0,0,0.156391
Test07_NG_dchg,방전,NG,3613,0,0,0.154337
Test07_NG_dchg,방전,NG,3614,0,0,0.154551
Test07_NG_dchg,방전,NG,3615,0,0,0.167666
Test07_NG_dchg,방전,NG,3616,0,0,0.161394
Test07_NG_dchg,방전,NG,3617,0,0,0.161204
Test07_NG_dchg,방전,NG,3618,0,0,0.149629
Test07_NG_dchg,방전,NG,3619,0,0,0.154304
Test07_NG_dchg,방전,NG,3620,0,0,0.164529
Test07_NG_dchg,방전,NG,3621,0,0,0.160805
Test07_NG_dchg,방전,NG,3622,0,0,0.150161
Test07_NG_dchg,방전,NG,3623,0,0,0.162125
Test07_NG_dchg,방전,NG,3624,0,0,0.161785
Test07_NG_dchg,방전,NG,3625,0,0,0.153339
Test07_NG_dchg,방전,NG,3626,0,0,0.153958
Test07_NG_dchg,방전,NG,3627,0,0,0.162769
Test07_NG_dchg,방전,NG,3628,0,0,0.157309
Test07_NG_dchg,방전,NG,3629,0,0,0.155852
Test07_NG_dchg,방전,NG,3630,0,0,0.150096
Test07_NG_dchg,방전,NG,3631,0,0,0.150292
Test07_NG_dchg,방전,NG,3632,0,0,0.150599
Test07_NG_dchg,방전,NG,3633,0,0,0.172472
Test07_NG_dchg,방전,NG,3634,0,0,0.155094
Test07_NG_dchg,방전,NG,3635,0,0,0.151324
Test07_NG_dchg,방전,NG,3636,0,0,0.156342
Test07_NG_dchg,방전,NG,3637,0,0,0.155487
Test07_NG_dchg,방전,NG,3638,0,0,0.154966
Test07_NG_dchg,방전,NG,3639,0,0,0.151384
Test07_NG_dchg,방전,NG,3640,0,0,0.152728
Test07_NG_dchg,방전,NG,3641,0,0,0.153521
Test07_NG_dchg,방전,NG,3642,0,0,0.156427
Test07_NG_dchg,방전,NG,3643,0,0,0.156669
Test07_NG_dchg,방전,NG,3644,0,0,0.14676
Test07_NG_dchg,방전,NG,3645,0,0,0.169593
Test07_NG_dchg,방전,NG,3646,0,0,0.163554
Test07_NG_dchg,방전,NG,3647,0,0,0.167685
Test07_NG_dchg,방전,NG,3648,0,0,0.146634
Test07_NG_dchg,방전,NG,3649,0,0,0.173521
Test07_NG_dchg,방전,NG,3650,0,0,0.162874
Test07_NG_dchg,방전,NG,3651,0,0,0.154544
Test07_NG_dchg,방전,NG,3652,0,0,0.149225
Test07_NG_dchg,방전,NG,3653,0,0,0.163169
Test07_NG_dchg,방전,NG,3654,0,0,0.154403
Test07_NG_dchg,방전,NG,3655,0,0,0.159721
Test07_NG_dchg,방전,NG,3656,0,0,0.155169
Test07_NG_dchg,방전,NG,3657,0,0,0.147767
Test07_NG_dchg,방전,NG,3658,0,0,0.158487
Test07_NG_dchg,방전,NG,3659,0,0,0.151849
Test07_NG_dchg,방전,NG,3660,0,0,0.154201
Test07_NG_dchg,방전,NG,3661,0,0,0.160481
Test07_NG_dchg,방전,NG,3662,0,0,0.162006
Test07_NG_dchg,방전,NG,3663,0,0,0.166248
Test07_NG_dchg,방전,NG,3664,0,0,0.1691
Test07_NG_dchg,방전,NG,3665,0,0,0.151622
Test07_NG_dchg,방전,NG,3666,0,0,0.156467
Test07_NG_dchg,방전,NG,3667,0,0,0.157891
Test07_NG_dchg,방전,NG,3668,0,0,0.15088
Test07_NG_dchg,방전,NG,3669,0,0,0.154398
Test07_NG_dchg,방전,NG,3670,0,0,0.16147
Test07_NG_dchg,방전,NG,3671,0,0,0.170267
Test07_NG_dchg,방전,NG,3672,0,0,0.149406
Test07_NG_dchg,방전,NG,3673,0,0,0.148068
Test07_NG_dchg,방전,NG,3674,0,0,0.160146
Test07_NG_dchg,방전,NG,3675,0,0,0.153768
Test07_NG_dchg,방전,NG,3676,0,0,0.165616
Test07_NG_dchg,방전,NG,3677,0,0,0.152681
Test07_NG_dchg,방전,NG,3678,0,0,0.15406
Test07_NG_dchg,방전,NG,3679,0,0,0.151216
Test07_NG_dchg,방전,NG,3680,0,0,0.146946
Test07_NG_dchg,방전,NG,3681,0,0,0.152485
Test07_NG_dchg,방전,NG,3682,0,0,0.169645
Test07_NG_dchg,방전,NG,3683,0,0,0.15541
Test07_NG_dchg,방전,NG,3684,0,0,0.154358
Test07_NG_dchg,방전,NG,3685,0,0,0.151935
Test07_NG_dchg,방전,NG,3686,0,0,0.160769
Test07_NG_dchg,방전,NG,3687,0,0,0.161363
Test07_NG_dchg,방전,NG,3688,0,0,0.158418
Test07_NG_dchg,방전,NG,3689,0,0,0.170171
Test07_NG_dchg,방전,NG,3690,0,0,0.158326
Test07_NG_dchg,방전,NG,3691,0,0,0.150825
Test07_NG_dchg,방전,NG,3692,0,0,0.161079
Test07_NG_dchg,방전,NG,3693,0,0,0.166334
Test07_NG_dchg,방전,NG,3694,0,0,0.145776
Test07_NG_dchg,방전,NG,3695,0,0,0.155854
Test07_NG_dchg,방전,NG,3696,0,0,0.167072
Test07_NG_dchg,방전,NG,3697,0,0,0.15349
Test07_NG_dchg,방전,NG,3698,0,0,0.15458
Test07_NG_dchg,방전,NG,3699,0,0,0.143972
Test07_NG_dchg,방전,NG,3700,0,0,0.159748
Test07_NG_dchg,방전,NG,3701,0,0,0.153964
Test07_NG_dchg,방전,NG,3702,0,0,0.156717
Test07_NG_dchg,방전,NG,3703,0,0,0.156533
Test07_NG_dchg,방전,NG,3704,0,0,0.153484
Test07_NG_dchg,방전,NG,3705,0,0,0.149797
Test07_NG_dchg,방전,NG,3706,0,0,0.167865
Test07_NG_dchg,방전,NG,3707,0,0,0.167601
Test07_NG_dchg,방전,NG,3708,0,0,0.157485
Test07_NG_dchg,방전,NG,3709,0,0,0.15371
Test07_NG_dchg,방전,NG,3710,0,0,0.163109
Test07_NG_dchg,방전,NG,3711,0,0,0.159137
Test07_NG_dchg,방전,NG,3712,0,0,0.152137
Test07_NG_dchg,방전,NG,3713,0,0,0.159044
Test07_NG_dchg,방전,NG,3714,0,0,0.156486
Test07_NG_dchg,방전,NG,3715,0,0,0.148423
Test07_NG_dchg,방전,NG,3716,0,0,0.149442
Test07_NG_dchg,방전,NG,3717,0,0,0.159642
Test07_NG_dchg,방전,NG,3718,0,0,0.161068
Test07_NG_dchg,방전,NG,3719,0,0,0.162835
Test07_NG_dchg,방전,NG,3720,0,0,0.158694
Test07_NG_dchg,방전,NG,3721,0,0,0.159057
Test07_NG_dchg,방전,NG,3722,0,0,0.153287
Test07_NG_dchg,방전,NG,3723,0,0,0.159225
Test07_NG_dchg,방전,NG,3724,0,0,0.151419
Test07_NG_dchg,방전,NG,3725,0,0,0.147314
Test07_NG_dchg,방전,NG,3726,0,0,0.155396
Test07_NG_dchg,방전,NG,3727,0,0,0.173974
Test07_NG_dchg,방전,NG,3728,0,0,0.163002
Test07_NG_dchg,방전,NG,3729,0,0,0.149571
Test07_NG_dchg,방전,NG,3730,0,0,0.163643
Test07_NG_dchg,방전,NG,3731,0,0,0.160645
Test07_NG_dchg,방전,NG,3732,0,0,0.160612
Test07_NG_dchg,방전,NG,3733,0,0,0.163735
Test07_NG_dchg,방전,NG,3734,0,0,0.15696
Test07_NG_dchg,방전,NG,3735,0,0,0.165363
Test07_NG_dchg,방전,NG,3736,0,0,0.161648
Test07_NG_dchg,방전,NG,3737,0,0,0.152838
Test07_NG_dchg,방전,NG,3738,0,0,0.163124
Test07_NG_dchg,방전,NG,3739,0,0,0.16336
Test07_NG_dchg,방전,NG,3740,0,0,0.155032
Test07_NG_dchg,방전,NG,3741,0,0,0.143518
Test07_NG_dchg,방전,NG,3742,0,0,0.159939
Test07_NG_dchg,방전,NG,3743,0,0,0.165926
Test07_NG_dchg,방전,NG,3744,0,0,0.166225
Test07_NG_dchg,방전,NG,3745,0,0,0.161053
Test07_NG_dchg,방전,NG,3746,0,0,0.160045
Test07_NG_dchg,방전,NG,3747,0,0,0.163833
Test07_NG_dchg,방전,NG,3748,0,0,0.155018
Test07_NG_dchg,방전,NG,3749,0,0,0.150868
Test07_NG_dchg,방전,NG,3750,0,0,0.162025
Test07_NG_dchg,방전,NG,3751,0,0,0.154883
Test07_NG_dchg,방전,NG,3752,0,0,0.155747
Test07_NG_dchg,방전,NG,3753,0,0,0.151808
Test07_NG_dchg,방전,NG,3754,0,0,0.155587
Test07_NG_dchg,방전,NG,3755,0,0,0.147861
Test07_NG_dchg,방전,NG,3756,0,0,0.153667
Test07_NG_dchg,방전,NG,3757,0,0,0.155244
Test07_NG_dchg,방전,NG,3758,0,0,0.163057
Test07_NG_dchg,방전,NG,3759,0,0,0.156817
Test07_NG_dchg,방전,NG,3760,0,0,0.153416
Test07_NG_dchg,방전,NG,3761,0,0,0.151662
Test07_NG_dchg,방전,NG,3762,0,0,0.166807
Test07_NG_dchg,방전,NG,3763,0,0,0.155499
Test07_NG_dchg,방전,NG,3764,0,0,0.163715
Test07_NG_dchg,방전,NG,3765,0,0,0.166604
Test07_NG_dchg,방전,NG,3766,0,0,0.149577
Test07_NG_dchg,방전,NG,3767,0,0,0.151775
Test07_NG_dchg,방전,NG,3768,0,0,0.154909
Test07_NG_dchg,방전,NG,3769,0,0,0.157138
Test07_NG_dchg,방전,NG,3770,0,0,0.155182
Test07_NG_dchg,방전,NG,3771,0,0,0.152286
Test07_NG_dchg,방전,NG,3772,0,0,0.166873
Test07_NG_dchg,방전,NG,3773,0,0,0.152952
Test07_NG_dchg,방전,NG,3774,0,0,0.166421
Test07_NG_dchg,방전,NG,3775,0,0,0.151677
Test07_NG_dchg,방전,NG,3776,0,0,0.16124
Test07_NG_dchg,방전,NG,3777,0,0,0.1553
Test07_NG_dchg,방전,NG,3778,0,0,0.156632
Test07_NG_dchg,방전,NG,3779,0,0,0.161988
Test07_NG_dchg,방전,NG,3780,0,0,0.156294
Test07_NG_dchg,방전,NG,3781,0,0,0.158257
Test07_NG_dchg,방전,NG,3782,0,0,0.150278
Test07_NG_dchg,방전,NG,3783,0,0,0.162024
Test07_NG_dchg,방전,NG,3784,0,0,0.156724
Test07_NG_dchg,방전,NG,3785,0,0,0.155319
Test07_NG_dchg,방전,NG,3786,0,0,0.15798
Test07_NG_dchg,방전,NG,3787,0,0,0.159937
Test07_NG_dchg,방전,NG,3788,0,0,0.155534
Test07_NG_dchg,방전,NG,3789,0,0,0.157183
Test07_NG_dchg,방전,NG,3790,0,0,0.160344
Test07_NG_dchg,방전,NG,3791,0,0,0.155145
Test07_NG_dchg,방전,NG,3792,0,0,0.165426
Test07_NG_dchg,방전,NG,3793,0,0,0.156814
Test07_NG_dchg,방전,NG,3794,0,0,0.153736
Test07_NG_dchg,방전,NG,3795,0,0,0.163423
Test07_NG_dchg,방전,NG,3796,0,0,0.152168
Test07_NG_dchg,방전,NG,3797,0,0,0.147355
Test07_NG_dchg,방전,NG,3798,0,0,0.156363
Test07_NG_dchg,방전,NG,3799,0,0,0.152412
Test07_NG_dchg,방전,NG,3800,0,0,0.164331
Test07_NG_dchg,방전,NG,3801,0,0,0.15791
Test07_NG_dchg,방전,NG,3802,0,0,0.157298
Test07_NG_dchg,방전,NG,3803,0,0,0.157692
Test07_NG_dchg,방전,NG,3804,0,0,0.160307
Test07_NG_dchg,방전,NG,3805,0,0,0.152132
Test07_NG_dchg,방전,NG,3806,0,0,0.148661
Test07_NG_dchg,방전,NG,3807,0,0,0.170213
Test07_NG_dchg,방전,NG,3808,0,0,0.157494
Test07_NG_dchg,방전,NG,3809,0,0,0.153563
Test07_NG_dchg,방전,NG,3810,0,0,0.157495
Test07_NG_dchg,방전,NG,3811,0,0,0.154934
Test07_NG_dchg,방전,NG,3812,0,0,0.164031
Test07_NG_dchg,방전,NG,3813,0,0,0.159179
Test07_NG_dchg,방전,NG,3814,0,0,0.166539
Test07_NG_dchg,방전,NG,3815,0,0,0.157246
Test07_NG_dchg,방전,NG,3816,0,0,0.160261
Test07_NG_dchg,방전,NG,3817,0,0,0.168414
Test07_NG_dchg,방전,NG,3818,0,0,0.158274
Test07_NG_dchg,방전,NG,3819,0,0,0.15866
Test07_NG_dchg,방전,NG,3820,0,0,0.157984
Test07_NG_dchg,방전,NG,3821,0,0,0.158062
Test07_NG_dchg,방전,NG,3822,0,0,0.16439
Test07_NG_dchg,방전,NG,3823,0,0,0.157601
Test07_NG_dchg,방전,NG,3824,0,0,0.158564
Test07_NG_dchg,방전,NG,3825,0,0,0.16479
Test07_NG_dchg,방전,NG,3826,0,0,0.174589
Test07_NG_dchg,방전,NG,3827,0,0,0.157514
Test07_NG_dchg,방전,NG,3828,0,0,0.158854
Test07_NG_dchg,방전,NG,3829,0,0,0.157985
Test07_NG_dchg,방전,NG,3830,0,0,0.161978
Test07_NG_dchg,방전,NG,3831,0,0,0.154313
Test07_NG_dchg,방전,NG,3832,0,0,0.158422
Test07_NG_dchg,방전,NG,3833,0,0,0.149872
Test07_NG_dchg,방전,NG,3834,0,0,0.158112
Test07_NG_dchg,방전,NG,3835,0,0,0.154466
Test07_NG_dchg,방전,NG,3836,0,0,0.156271
Test07_NG_dchg,방전,NG,3837,0,0,0.162672
Test07_NG_dchg,방전,NG,3838,0,0,0.149473
Test07_NG_dchg,방전,NG,3839,0,0,0.159413
Test07_NG_dchg,방전,NG,3840,0,0,0.150346
Test07_NG_dchg,방전,NG,3841,0,0,0.154374
Test07_NG_dchg,방전,NG,3842,0,0,0.153089
Test07_NG_dchg,방전,NG,3843,0,0,0.156074
Test07_NG_dchg,방전,NG,3844,0,0,0.152083
Test07_NG_dchg,방전,NG,3845,0,0,0.144329
Test07_NG_dchg,방전,NG,3846,0,0,0.158328
Test07_NG_dchg,방전,NG,3847,0,0,0.151
Test07_NG_dchg,방전,NG,3848,0,0,0.14964
Test07_NG_dchg,방전,NG,3849,0,0,0.162716
Test07_NG_dchg,방전,NG,3850,0,0,0.165561
Test07_NG_dchg,방전,NG,3851,0,0,0.159664
Test07_NG_dchg,방전,NG,3852,0,0,0.16032
Test07_NG_dchg,방전,NG,3853,0,0,0.17267
Test07_NG_dchg,방전,NG,3854,0,0,0.157347
Test07_NG_dchg,방전,NG,3855,0,0,0.161758
Test07_NG_dchg,방전,NG,3856,0,0,0.153478
Test07_NG_dchg,방전,NG,3857,0,0,0.147822
Test07_NG_dchg,방전,NG,3858,0,0,0.161138
Test07_NG_dchg,방전,NG,3859,0,0,0.171208
Test07_NG_dchg,방전,NG,3860,0,0,0.150347
Test07_NG_dchg,방전,NG,3861,0,0,0.157488
Test07_NG_dchg,방전,NG,3862,0,0,0.162756
Test07_NG_dchg,방전,NG,3863,0,0,0.164465
Test07_NG_dchg,방전,NG,3864,0,0,0.153593
Test07_NG_dchg,방전,NG,3865,0,0,0.158505
Test07_NG_dchg,방전,NG,3866,0,0,0.160034
Test07_NG_dchg,방전,NG,3867,0,0,0.155949
Test07_NG_dchg,방전,NG,3868,0,0,0.150522
Test07_NG_dchg,방전,NG,3869,0,0,0.153016
Test07_NG_dchg,방전,NG,3870,0,0,0.153173
Test07_NG_dchg,방전,NG,3871,0,0,0.151861
Test07_NG_dchg,방전,NG,3872,0,0,0.155363
Test07_NG_dchg,방전,NG,3873,0,0,0.152192
Test07_NG_dchg,방전,NG,3874,0,0,0.154918
Test07_NG_dchg,방전,NG,3875,0,0,0.153763
Test07_NG_dchg,방전,NG,3876,0,0,0.155948
Test07_NG_dchg,방전,NG,3877,0,0,0.151125
Test07_NG_dchg,방전,NG,3878,0,0,0.157291
Test07_NG_dchg,방전,NG,3879,0,0,0.155107
Test07_NG_dchg,방전,NG,3880,0,0,0.151112
Test07_NG_dchg,방전,NG,3881,0,0,0.148069
Test07_NG_dchg,방전,NG,3882,0,0,0.156608
Test07_NG_dchg,방전,NG,3883,0,0,0.157608
Test07_NG_dchg,방전,NG,3884,0,0,0.17346
Test07_NG_dchg,방전,NG,3885,0,0,0.153264
Test07_NG_dchg,방전,NG,3886,0,0,0.152098
Test07_NG_dchg,방전,NG,3887,0,0,0.159685
Test07_NG_dchg,방전,NG,3888,0,0,0.152644
Test07_NG_dchg,방전,NG,3889,0,0,0.157899
Test07_NG_dchg,방전,NG,3890,0,0,0.152203
Test07_NG_dchg,방전,NG,3891,0,0,0.162888
Test07_NG_dchg,방전,NG,3892,0,0,0.153584
Test07_NG_dchg,방전,NG,3893,0,0,0.161727
Test07_NG_dchg,방전,NG,3894,0,0,0.153226
Test07_NG_dchg,방전,NG,3895,0,0,0.152594
Test07_NG_dchg,방전,NG,3896,0,0,0.163168
Test07_NG_dchg,방전,NG,3897,0,0,0.161321
Test07_NG_dchg,방전,NG,3898,0,0,0.154605
Test07_NG_dchg,방전,NG,3899,0,0,0.169501
Test07_NG_dchg,방전,NG,3900,0,0,0.156425
Test07_NG_dchg,방전,NG,3901,0,0,0.163923
Test07_NG_dchg,방전,NG,3902,0,0,0.165255
Test07_NG_dchg,방전,NG,3903,0,0,0.156598
Test07_NG_dchg,방전,NG,3904,0,0,0.15189
Test07_NG_dchg,방전,NG,3905,0,0,0.178085
Test07_NG_dchg,방전,NG,3906,0,0,0.154299
Test07_NG_dchg,방전,NG,3907,0,0,0.166089
Test07_NG_dchg,방전,NG,3908,0,0,0.155079
Test07_NG_dchg,방전,NG,3909,0,0,0.152969
Test07_NG_dchg,방전,NG,3910,0,0,0.168832
Test07_NG_dchg,방전,NG,3911,0,0,0.162733
Test07_NG_dchg,방전,NG,3912,0,0,0.168358
Test07_NG_dchg,방전,NG,3913,0,0,0.159095
Test07_NG_dchg,방전,NG,3914,0,0,0.171818
Test07_NG_dchg,방전,NG,3915,0,0,0.157281
Test07_NG_dchg,방전,NG,3916,0,0,0.158184
Test07_NG_dchg,방전,NG,3917,0,0,0.156432
Test07_NG_dchg,방전,NG,3918,0,0,0.154741
Test07_NG_dchg,방전,NG,3919,0,0,0.148028
Test07_NG_dchg,방전,NG,3920,0,0,0.165574
Test07_NG_dchg,방전,NG,3921,0,0,0.149478
Test07_NG_dchg,방전,NG,3922,0,0,0.159055
Test07_NG_dchg,방전,NG,3923,0,0,0.159036
Test07_NG_dchg,방전,NG,3924,0,0,0.156113
Test07_NG_dchg,방전,NG,3925,0,0,0.146097
Test07_NG_dchg,방전,NG,3926,0,0,0.148556
Test07_NG_dchg,방전,NG,3927,0,0,0.155627
Test07_NG_dchg,방전,NG,3928,0,0,0.152795
Test07_NG_dchg,방전,NG,3929,0,0,0.16576
Test07_NG_dchg,방전,NG,3930,0,0,0.153904
Test07_NG_dchg,방전,NG,3931,0,0,0.16095
Test07_NG_dchg,방전,NG,3932,0,0,0.173696
Test07_NG_dchg,방전,NG,3933,0,0,0.153444
Test07_NG_dchg,방전,NG,3934,0,0,0.149911
Test07_NG_dchg,방전,NG,3935,0,0,0.17024
Test07_NG_dchg,방전,NG,3936,0,0,0.156397
Test07_NG_dchg,방전,NG,3937,0,0,0.155536
Test07_NG_dchg,방전,NG,3938,0,0,0.158019
Test07_NG_dchg,방전,NG,3939,0,0,0.160889
Test07_NG_dchg,방전,NG,3940,0,0,0.160913
Test07_NG_dchg,방전,NG,3941,0,0,0.150763
Test07_NG_dchg,방전,NG,3942,0,0,0.160504
Test07_NG_dchg,방전,NG,3943,0,0,0.142952
Test07_NG_dchg,방전,NG,3944,0,0,0.147233
Test07_NG_dchg,방전,NG,3945,0,0,0.155331
Test07_NG_dchg,방전,NG,3946,0,0,0.188719
Test07_NG_dchg,방전,NG,3947,0,0,0.150389
Test07_NG_dchg,방전,NG,3948,0,0,0.158709
Test07_NG_dchg,방전,NG,3949,0,0,0.151252
Test07_NG_dchg,방전,NG,3950,0,0,0.162102
Test07_NG_dchg,방전,NG,3951,0,0,0.160358
Test07_NG_dchg,방전,NG,3952,0,0,0.154815
Test07_NG_dchg,방전,NG,3953,0,0,0.149663
Test07_NG_dchg,방전,NG,3954,0,0,0.156902
Test07_NG_dchg,방전,NG,3955,0,0,0.157911
Test07_NG_dchg,방전,NG,3956,0,0,0.161668
Test07_NG_dchg,방전,NG,3957,0,0,0.167036
Test07_NG_dchg,방전,NG,3958,0,0,0.15423
Test07_NG_dchg,방전,NG,3959,0,0,0.163727
Test07_NG_dchg,방전,NG,3960,0,0,0.163447
Test07_NG_dchg,방전,NG,3961,0,0,0.161499
Test07_NG_dchg,방전,NG,3962,0,0,0.163145
Test07_NG_dchg,방전,NG,3963,0,0,0.158981
Test07_NG_dchg,방전,NG,3964,0,0,0.152844
Test07_NG_dchg,방전,NG,3965,0,0,0.155935
Test07_NG_dchg,방전,NG,3966,0,0,0.159251
Test07_NG_dchg,방전,NG,3967,0,0,0.161981
Test07_NG_dchg,방전,NG,3968,0,0,0.157712
Test07_NG_dchg,방전,NG,3969,0,0,0.157475
Test07_NG_dchg,방전,NG,3970,0,0,0.171852
Test07_NG_dchg,방전,NG,3971,0,0,0.172129
Test07_NG_dchg,방전,NG,3972,0,0,0.160206
Test07_NG_dchg,방전,NG,3973,0,0,0.161165
Test07_NG_dchg,방전,NG,3974,0,0,0.16404
Test07_NG_dchg,방전,NG,3975,0,0,0.154101
Test07_NG_dchg,방전,NG,3976,0,0,0.164863
Test07_NG_dchg,방전,NG,3977,0,0,0.154617
Test07_NG_dchg,방전,NG,3978,0,0,0.154519
Test07_NG_dchg,방전,NG,3979,0,0,0.160551
Test07_NG_dchg,방전,NG,3980,0,0,0.152876
Test07_NG_dchg,방전,NG,3981,0,0,0.16774
Test07_NG_dchg,방전,NG,3982,0,0,0.167959
Test07_NG_dchg,방전,NG,3983,0,0,0.172662
Test07_NG_dchg,방전,NG,3984,0,0,0.156425
Test07_NG_dchg,방전,NG,3985,0,0,0.158747
Test07_NG_dchg,방전,NG,3986,0,0,0.155177
Test07_NG_dchg,방전,NG,3987,0,0,0.156954
Test07_NG_dchg,방전,NG,3988,0,0,0.150047
Test07_NG_dchg,방전,NG,3989,0,0,0.154669
Test07_NG_dchg,방전,NG,3990,0,0,0.154158
Test07_NG_dchg,방전,NG,3991,0,0,0.151908
Test07_NG_dchg,방전,NG,3992,0,0,0.162814
Test07_NG_dchg,방전,NG,3993,0,0,0.174098
Test07_NG_dchg,방전,NG,3994,0,0,0.162362
Test07_NG_dchg,방전,NG,3995,0,0,0.144042
Test07_NG_dchg,방전,NG,3996,0,0,0.162983
Test07_NG_dchg,방전,NG,3997,0,0,0.156959
Test07_NG_dchg,방전,NG,3998,0,0,0.154344
Test07_NG_dchg,방전,NG,3999,0,0,0.18103
Test07_NG_dchg,방전,NG,4000,0,0,0.172045
Test07_NG_dchg,방전,NG,4001,0,0,0.154576
Test07_NG_dchg,방전,NG,4002,0,0,0.160779
Test07_NG_dchg,방전,NG,4003,0,0,0.152365
Test07_NG_dchg,방전,NG,4004,0,0,0.162795
Test07_NG_dchg,방전,NG,4005,0,0,0.161253
Test07_NG_dchg,방전,NG,4006,0,0,0.155383
Test07_NG_dchg,방전,NG,4007,0,0,0.166745
Test07_NG_dchg,방전,NG,4008,0,0,0.161095
Test07_NG_dchg,방전,NG,4009,0,0,0.159165
Test07_NG_dchg,방전,NG,4010,0,0,0.156628
Test07_NG_dchg,방전,NG,4011,0,0,0.16687
Test07_NG_dchg,방전,NG,4012,0,0,0.159471
Test07_NG_dchg,방전,NG,4013,0,0,0.162527
Test07_NG_dchg,방전,NG,4014,0,0,0.163555
Test07_NG_dchg,방전,NG,4015,0,0,0.156849
Test07_NG_dchg,방전,NG,4016,0,0,0.155495
Test07_NG_dchg,방전,NG,4017,0,0,0.153004
Test07_NG_dchg,방전,NG,4018,0,0,0.15133
Test07_NG_dchg,방전,NG,4019,0,0,0.151648
Test07_NG_dchg,방전,NG,4020,0,0,0.16046
Test07_NG_dchg,방전,NG,4021,0,0,0.156942
Test07_NG_dchg,방전,NG,4022,0,0,0.172446
Test07_NG_dchg,방전,NG,4023,0,0,0.15457
Test07_NG_dchg,방전,NG,4024,0,0,0.193016
Test07_NG_dchg,방전,NG,4025,0,0,0.168771
Test07_NG_dchg,방전,NG,4026,0,0,0.155735
Test07_NG_dchg,방전,NG,4027,0,0,0.165887
Test07_NG_dchg,방전,NG,4028,0,0,0.165648
Test07_NG_dchg,방전,NG,4029,0,0,0.162593
Test07_NG_dchg,방전,NG,4030,0,0,0.161478
Test07_NG_dchg,방전,NG,4031,0,0,0.15474
Test07_NG_dchg,방전,NG,4032,0,0,0.164032
Test07_NG_dchg,방전,NG,4033,0,0,0.161236
Test07_NG_dchg,방전,NG,4034,0,0,0.15747
Test07_NG_dchg,방전,NG,4035,0,0,0.158485
Test07_NG_dchg,방전,NG,4036,0,0,0.166927
Test07_NG_dchg,방전,NG,4037,0,0,0.164756
Test07_NG_dchg,방전,NG,4038,0,0,0.160582
Test07_NG_dchg,방전,NG,4039,0,0,0.152251
Test07_NG_dchg,방전,NG,4040,0,0,0.15356
Test07_NG_dchg,방전,NG,4041,0,0,0.174353
Test07_NG_dchg,방전,NG,4042,0,0,0.154071
Test07_NG_dchg,방전,NG,4043,0,0,0.158925
Test07_NG_dchg,방전,NG,4044,0,0,0.160892
Test07_NG_dchg,방전,NG,4045,0,0,0.16403
Test07_NG_dchg,방전,NG,4046,0,0,0.164321
Test07_NG_dchg,방전,NG,4047,0,0,0.155476
Test07_NG_dchg,방전,NG,4048,0,0,0.155002
Test07_NG_dchg,방전,NG,4049,0,0,0.162199
Test07_NG_dchg,방전,NG,4050,0,0,0.163099
Test07_NG_dchg,방전,NG,4051,0,0,0.152323
Test07_NG_dchg,방전,NG,4052,0,0,0.166214
Test07_NG_dchg,방전,NG,4053,0,0,0.165046
Test07_NG_dchg,방전,NG,4054,0,0,0.157375
Test07_NG_dchg,방전,NG,4055,0,0,0.161605
Test07_NG_dchg,방전,NG,4056,0,0,0.159774
Test07_NG_dchg,방전,NG,4057,0,0,0.167709
Test07_NG_dchg,방전,NG,4058,0,0,0.165463
Test07_NG_dchg,방전,NG,4059,0,0,0.146148
Test07_NG_dchg,방전,NG,4060,0,0,0.14825
Test07_NG_dchg,방전,NG,4061,0,0,0.155278
Test07_NG_dchg,방전,NG,4062,0,0,0.157657
Test07_NG_dchg,방전,NG,4063,0,0,0.163834
Test07_NG_dchg,방전,NG,4064,0,0,0.151971
Test07_NG_dchg,방전,NG,4065,0,0,0.166854
Test07_NG_dchg,방전,NG,4066,0,0,0.161058
Test07_NG_dchg,방전,NG,4067,0,0,0.168335
Test07_NG_dchg,방전,NG,4068,0,0,0.165521
Test07_NG_dchg,방전,NG,4069,0,0,0.154382
Test07_NG_dchg,방전,NG,4070,0,0,0.168815
Test07_NG_dchg,방전,NG,4071,0,0,0.15837
Test07_NG_dchg,방전,NG,4072,0,0,0.167734
Test07_NG_dchg,방전,NG,4073,0,0,0.163871
Test07_NG_dchg,방전,NG,4074,0,0,0.157742
Test07_NG_dchg,방전,NG,4075,0,0,0.156978
Test07_NG_dchg,방전,NG,4076,0,0,0.170315
Test07_NG_dchg,방전,NG,4077,0,0,0.167245
Test07_NG_dchg,방전,NG,4078,0,0,0.155345
Test07_NG_dchg,방전,NG,4079,0,0,0.163389
Test07_NG_dchg,방전,NG,4080,0,0,0.168088
Test07_NG_dchg,방전,NG,4081,0,0,0.161225
Test07_NG_dchg,방전,NG,4082,0,0,0.1792
Test07_NG_dchg,방전,NG,4083,0,0,0.159126
Test07_NG_dchg,방전,NG,4084,0,0,0.171386
Test07_NG_dchg,방전,NG,4085,0,0,0.157039
Test07_NG_dchg,방전,NG,4086,0,0,0.165939
Test07_NG_dchg,방전,NG,4087,0,0,0.163248
Test07_NG_dchg,방전,NG,4088,0,0,0.155247
Test07_NG_dchg,방전,NG,4089,0,0,0.157617
Test07_NG_dchg,방전,NG,4090,0,0,0.151381
Test07_NG_dchg,방전,NG,4091,0,0,0.157238
Test07_NG_dchg,방전,NG,4092,0,0,0.169536
Test07_NG_dchg,방전,NG,4093,0,0,0.1582
Test07_NG_dchg,방전,NG,4094,0,0,0.156821
Test07_NG_dchg,방전,NG,4095,0,0,0.155681
Test07_NG_dchg,방전,NG,4096,0,0,0.163693
Test07_NG_dchg,방전,NG,4097,0,0,0.155137
Test07_NG_dchg,방전,NG,4098,0,0,0.158074
Test07_NG_dchg,방전,NG,4099,0,0,0.168339
Test07_NG_dchg,방전,NG,4100,0,0,0.147732
Test07_NG_dchg,방전,NG,4101,0,0,0.152021
Test07_NG_dchg,방전,NG,4102,0,0,0.163988
Test07_NG_dchg,방전,NG,4103,0,0,0.161143
Test07_NG_dchg,방전,NG,4104,0,0,0.161245
Test07_NG_dchg,방전,NG,4105,0,0,0.158197
Test07_NG_dchg,방전,NG,4106,0,0,0.156884
Test07_NG_dchg,방전,NG,4107,0,0,0.168553
Test07_NG_dchg,방전,NG,4108,0,0,0.156616
Test07_NG_dchg,방전,NG,4109,0,0,0.155257
Test07_NG_dchg,방전,NG,4110,0,0,0.160543
Test07_NG_dchg,방전,NG,4111,0,0,0.163887
Test07_NG_dchg,방전,NG,4112,0,0,0.176259
Test07_NG_dchg,방전,NG,4113,0,0,0.159163
Test07_NG_dchg,방전,NG,4114,0,0,0.166083
Test07_NG_dchg,방전,NG,4115,0,0,0.156659
Test07_NG_dchg,방전,NG,4116,0,0,0.155582
Test07_NG_dchg,방전,NG,4117,0,0,0.157099
Test07_NG_dchg,방전,NG,4118,0,0,0.14957
Test07_NG_dchg,방전,NG,4119,0,0,0.167643
Test07_NG_dchg,방전,NG,4120,0,0,0.159295
Test07_NG_dchg,방전,NG,4121,0,0,0.163957
Test07_NG_dchg,방전,NG,4122,0,0,0.162475
Test07_NG_dchg,방전,NG,4123,0,0,0.163281
Test07_NG_dchg,방전,NG,4124,0,0,0.164025
Test07_NG_dchg,방전,NG,4125,0,0,0.151731
Test07_NG_dchg,방전,NG,4126,0,0,0.169413
Test07_NG_dchg,방전,NG,4127,0,0,0.163878
Test07_NG_dchg,방전,NG,4128,0,0,0.159501
Test07_NG_dchg,방전,NG,4129,0,0,0.163343
Test07_NG_dchg,방전,NG,4130,0,0,0.165587
Test07_NG_dchg,방전,NG,4131,0,0,0.159665
Test07_NG_dchg,방전,NG,4132,0,0,0.166202
Test07_NG_dchg,방전,NG,4133,0,0,0.164262
Test07_NG_dchg,방전,NG,4134,0,0,0.156177
Test07_NG_dchg,방전,NG,4135,0,0,0.17233
Test07_NG_dchg,방전,NG,4136,0,0,0.148477
Test07_NG_dchg,방전,NG,4137,0,0,0.16002
Test07_NG_dchg,방전,NG,4138,0,0,0.16502
Test07_NG_dchg,방전,NG,4139,0,0,0.174238
Test07_NG_dchg,방전,NG,4140,0,0,0.164319
Test07_NG_dchg,방전,NG,4141,0,0,0.164651
Test07_NG_dchg,방전,NG,4142,0,0,0.160342
Test07_NG_dchg,방전,NG,4143,0,0,0.158004
Test07_NG_dchg,방전,NG,4144,0,0,0.165638
Test07_NG_dchg,방전,NG,4145,0,0,0.161023
Test07_NG_dchg,방전,NG,4146,0,0,0.159879
Test07_NG_dchg,방전,NG,4147,0,0,0.160056
Test07_NG_dchg,방전,NG,4148,0,0,0.180947
Test07_NG_dchg,방전,NG,4149,0,0,0.150231
Test07_NG_dchg,방전,NG,4150,0,0,0.161809
Test07_NG_dchg,방전,NG,4151,0,0,0.153553
Test07_NG_dchg,방전,NG,4152,0,0,0.163448
Test07_NG_dchg,방전,NG,4153,0,0,0.163612
Test07_NG_dchg,방전,NG,4154,0,0,0.175247
Test07_NG_dchg,방전,NG,4155,0,0,0.167924
Test07_NG_dchg,방전,NG,4156,0,0,0.18108
Test07_NG_dchg,방전,NG,4157,0,0,0.169411
Test07_NG_dchg,방전,NG,4158,0,0,0.165637
Test07_NG_dchg,방전,NG,4159,0,0,0.450216
Test07_NG_dchg,방전,NG,4160,0,0,0.214055
Test07_NG_dchg,방전,NG,4161,0,0,0.238284
Test07_NG_dchg,방전,NG,4162,0,0,0.140751
Test07_NG_dchg,방전,NG,4163,0,0,0.190144
Test07_NG_dchg,방전,NG,4164,0,0,0.202787
Test07_NG_dchg,방전,NG,4165,0,0,0.153144
Test07_NG_dchg,방전,NG,4166,0,0,0.180743
Test07_NG_dchg,방전,NG,4167,0,0,0.299985
Test07_NG_dchg,방전,NG,4168,0,0,0.186515
Test07_NG_dchg,방전,NG,4169,0,0,0.186309
Test07_NG_dchg,방전,NG,4170,0,0,0.166349
Test07_NG_dchg,방전,NG,4171,0,0,0.176337
Test07_NG_dchg,방전,NG,4172,0,0,0.161114
Test07_NG_dchg,방전,NG,4173,0,0,0.192633
Test07_NG_dchg,방전,NG,4174,0,0,0.18373
Test07_NG_dchg,방전,NG,4175,0,0,0.17202
Test07_NG_dchg,방전,NG,4176,0,0,0.180052
Test07_NG_dchg,방전,NG,4177,0,0,0.253323
Test07_NG_dchg,방전,NG,4178,0,0,0.159788
Test07_NG_dchg,방전,NG,4179,0,0,0.322056
Test07_NG_dchg,방전,NG,4180,0,0,0.269531
Test07_NG_dchg,방전,NG,4181,0,0,0.244475
Test07_NG_dchg,방전,NG,4182,0,0,0.186032
Test07_NG_dchg,방전,NG,4183,0,0,0.174552
Test07_NG_dchg,방전,NG,4184,0,0,0.19083
Test07_NG_dchg,방전,NG,4185,0,0,0.226921
Test07_NG_dchg,방전,NG,4186,0,0,0.196588
Test07_NG_dchg,방전,NG,4187,0,0,0.189598
Test07_NG_dchg,방전,NG,4188,0,0,0.177602
Test07_NG_dchg,방전,NG,4189,0,0,0.321749
Test07_NG_dchg,방전,NG,4190,0,0,0.234139
Test07_NG_dchg,방전,NG,4191,0,0,0.321786
Test07_NG_dchg,방전,NG,4192,0,0,0.213079
Test07_NG_dchg,방전,NG,4193,0,0,0.217668
Test07_NG_dchg,방전,NG,4194,0,0,0.289597
Test07_NG_dchg,방전,NG,4195,0,0,0.238896
Test07_NG_dchg,방전,NG,4196,0,0,0.205558
Test07_NG_dchg,방전,NG,4197,0,0,0.178813
Test07_NG_dchg,방전,NG,4198,0,0,0.215785
Test07_NG_dchg,방전,NG,4199,0,0,0.239413
Test07_NG_dchg,방전,NG,4200,0,0,0.166212
Test07_NG_dchg,방전,NG,4201,0,0,0.169752
Test07_NG_dchg,방전,NG,4202,0,0,0.436911
Test07_NG_dchg,방전,NG,4203,0,0,0.192839
Test07_NG_dchg,방전,NG,4204,0,0,0.174571
Test07_NG_dchg,방전,NG,4205,0,0,0.250608
Test07_NG_dchg,방전,NG,4206,0,0,0.192083
Test07_NG_dchg,방전,NG,4207,0,0,0.207114
Test07_NG_dchg,방전,NG,4208,0,0,0.337258
Test07_NG_dchg,방전,NG,4209,0,0,0.172468
Test07_NG_dchg,방전,NG,4210,0,0,0.248114
Test07_NG_dchg,방전,NG,4211,0,0,0.186654
Test07_NG_dchg,방전,NG,4212,0,0,0.190962
Test07_NG_dchg,방전,NG,4213,0,0,0.207058
Test07_NG_dchg,방전,NG,4214,0,0,0.275039
Test07_NG_dchg,방전,NG,4215,0,0,0.172544
Test07_NG_dchg,방전,NG,4216,0,0,0.181345
Test07_NG_dchg,방전,NG,4217,0,0,0.367441
Test07_NG_dchg,방전,NG,4218,0,0,0.153077
Test07_NG_dchg,방전,NG,4219,0,0,0.173407
Test07_NG_dchg,방전,NG,4220,0,0,0.210555
Test07_NG_dchg,방전,NG,4221,0,0,0.190879
Test07_NG_dchg,방전,NG,4222,0,0,0.195384
Test07_NG_dchg,방전,NG,4223,0,0,0.313063
Test07_NG_dchg,방전,NG,4224,0,0,0.186385
Test07_NG_dchg,방전,NG,4225,0,0,0.211279
Test07_NG_dchg,방전,NG,4226,0,0,0.256669
Test07_NG_dchg,방전,NG,4227,0,0,0.205988
Test07_NG_dchg,방전,NG,4228,0,0,0.182521
Test07_NG_dchg,방전,NG,4229,0,0,0.307901
Test07_NG_dchg,방전,NG,4230,0,0,0.187027
Test07_NG_dchg,방전,NG,4231,0,0,0.16321
Test07_NG_dchg,방전,NG,4232,0,0,0.179699
Test07_NG_dchg,방전,NG,4233,0,0,0.186206
Test07_NG_dchg,방전,NG,4234,0,0,0.168519
Test07_NG_dchg,방전,NG,4235,0,0,0.178423
Test07_NG_dchg,방전,NG,4236,0,0,0.218534
Test07_NG_dchg,방전,NG,4237,0,0,0.190733
Test07_NG_dchg,방전,NG,4238,0,0,0.210015
Test07_NG_dchg,방전,NG,4239,0,0,0.195958
Test07_NG_dchg,방전,NG,4240,0,0,0.187945
Test07_NG_dchg,방전,NG,4241,0,0,0.177839
Test07_NG_dchg,방전,NG,4242,0,0,0.223153
Test07_NG_dchg,방전,NG,4243,0,0,0.219487
Test07_NG_dchg,방전,NG,4244,0,0,0.238024
Test07_NG_dchg,방전,NG,4245,0,0,0.254444
Test07_NG_dchg,방전,NG,4246,0,0,0.201423
Test07_NG_dchg,방전,NG,4247,0,0,0.210166
Test07_NG_dchg,방전,NG,4248,0,0,0.220243
Test07_NG_dchg,방전,NG,4249,0,0,0.180245
Test07_NG_dchg,방전,NG,4250,0,0,0.218367
Test07_NG_dchg,방전,NG,4251,0,0,0.213408
Test07_NG_dchg,방전,NG,4252,0,0,0.180046
Test07_NG_dchg,방전,NG,4253,0,0,0.210475
Test07_NG_dchg,방전,NG,4254,0,0,0.204412
Test07_NG_dchg,방전,NG,4255,0,0,0.171927
Test07_NG_dchg,방전,NG,4256,0,0,0.211253
Test07_NG_dchg,방전,NG,4257,0,0,0.184591
Test07_NG_dchg,방전,NG,4258,0,0,0.24824
Test07_NG_dchg,방전,NG,4259,0,0,0.227332
Test07_NG_dchg,방전,NG,4260,0,0,0.153273
Test07_NG_dchg,방전,NG,4261,0,0,0.183851
Test07_NG_dchg,방전,NG,4262,0,0,0.162707
Test07_NG_dchg,방전,NG,4263,0,0,0.257758
Test07_NG_dchg,방전,NG,4264,0,0,0.13996
Test07_NG_dchg,방전,NG,4265,0,0,0.179346
Test07_NG_dchg,방전,NG,4266,0,0,0.164592
Test07_NG_dchg,방전,NG,4267,0,0,0.164872
Test07_NG_dchg,방전,NG,4268,0,0,0.176322
Test07_NG_dchg,방전,NG,4269,0,0,0.185115
Test07_NG_dchg,방전,NG,4270,0,0,0.179285
Test07_NG_dchg,방전,NG,4271,0,0,0.231501
Test07_NG_dchg,방전,NG,4272,0,0,0.173398
Test07_NG_dchg,방전,NG,4273,0,0,0.220167
Test07_NG_dchg,방전,NG,4274,0,0,0.168616
Test07_NG_dchg,방전,NG,4275,0,0,0.172886
Test07_NG_dchg,방전,NG,4276,0,0,0.208328
Test07_NG_dchg,방전,NG,4277,0,0,0.167766
Test07_NG_dchg,방전,NG,4278,0,0,0.175165
Test07_NG_dchg,방전,NG,4279,0,0,0.169101
Test07_NG_dchg,방전,NG,4280,0,0,0.202848
Test07_NG_dchg,방전,NG,4281,0,0,0.195369
Test07_NG_dchg,방전,NG,4282,0,0,0.174055
Test07_NG_dchg,방전,NG,4283,0,0,0.252052
Test07_NG_dchg,방전,NG,4284,0,0,0.236446
Test07_NG_dchg,방전,NG,4285,0,0,0.169428
Test07_NG_dchg,방전,NG,4286,0,0,0.167942
Test07_NG_dchg,방전,NG,4287,0,0,0.199575
Test07_NG_dchg,방전,NG,4288,0,0,0.157104
Test07_NG_dchg,방전,NG,4289,0,0,0.138161
Test07_NG_dchg,방전,NG,4290,0,0,0.177573
Test07_NG_dchg,방전,NG,4291,0,0,0.193869
Test07_NG_dchg,방전,NG,4292,0,0,0.165901
Test07_NG_dchg,방전,NG,4293,0,0,0.209825
Test07_NG_dchg,방전,NG,4294,0,0,0.183376
Test07_NG_dchg,방전,NG,4295,0,0,0.230288
Test07_NG_dchg,방전,NG,4296,0,0,0.09019
Test07_NG_dchg,방전,NG,4297,0,0,0.218301
Test07_NG_dchg,방전,NG,4298,0,0,0.214233
Test07_NG_dchg,방전,NG,4299,0,0,0.270983
Test07_NG_dchg,방전,NG,4300,0,0,0.213703
Test07_NG_dchg,방전,NG,4301,0,0,0.174216
Test07_NG_dchg,방전,NG,4302,0,0,0.177273
Test07_NG_dchg,방전,NG,4303,0,0,0.200854
Test07_NG_dchg,방전,NG,4304,0,0,0.16419
Test07_NG_dchg,방전,NG,4305,0,0,0.14941
Test07_NG_dchg,방전,NG,4306,0,0,0.154519
Test07_NG_dchg,방전,NG,4307,0,0,0.177931
Test07_NG_dchg,방전,NG,4308,0,0,0.148132
Test07_NG_dchg,방전,NG,4309,0,0,0.198759
Test07_NG_dchg,방전,NG,4310,0,0,0.177111
Test07_NG_dchg,방전,NG,4311,0,0,0.196065
Test07_NG_dchg,방전,NG,4312,0,0,0.170352
Test07_NG_dchg,방전,NG,4313,0,0,0.161636
Test07_NG_dchg,방전,NG,4314,0,0,0.187143
Test07_NG_dchg,방전,NG,4315,0,0,0.16589
Test07_NG_dchg,방전,NG,4316,0,0,0.179551
Test07_NG_dchg,방전,NG,4317,0,0,0.188728
Test07_NG_dchg,방전,NG,4318,0,0,0.161607
Test07_NG_dchg,방전,NG,4319,0,0,0.147998
Test07_NG_dchg,방전,NG,4320,0,0,0.162474
Test07_NG_dchg,방전,NG,4321,0,0,0.173328
Test07_NG_dchg,방전,NG,4322,0,0,0.170169
Test07_NG_dchg,방전,NG,4323,0,0,0.156075
Test07_NG_dchg,방전,NG,4324,0,0,0.158479
Test07_NG_dchg,방전,NG,4325,0,0,0.161337
Test07_NG_dchg,방전,NG,4326,0,0,0.165837
Test07_NG_dchg,방전,NG,4327,0,0,0.156667
Test07_NG_dchg,방전,NG,4328,0,0,0.180275
Test07_NG_dchg,방전,NG,4329,0,0,0.163278
Test07_NG_dchg,방전,NG,4330,0,0,0.151144
Test07_NG_dchg,방전,NG,4331,0,0,0.166735
Test07_NG_dchg,방전,NG,4332,0,0,0.158505
Test07_NG_dchg,방전,NG,4333,0,0,0.171851
Test07_NG_dchg,방전,NG,4334,0,0,0.160541
Test07_NG_dchg,방전,NG,4335,0,0,0.16415
Test07_NG_dchg,방전,NG,4336,0,0,0.153945
Test07_NG_dchg,방전,NG,4337,0,0,0.165735
Test07_NG_dchg,방전,NG,4338,0,0,0.164654
Test07_NG_dchg,방전,NG,4339,0,0,0.160203
Test07_NG_dchg,방전,NG,4340,0,0,0.157294
Test07_NG_dchg,방전,NG,4341,0,0,0.170298
Test07_NG_dchg,방전,NG,4342,0,0,0.160187
Test07_NG_dchg,방전,NG,4343,0,0,0.15796
Test07_NG_dchg,방전,NG,4344,0,0,0.15825
Test07_NG_dchg,방전,NG,4345,0,0,0.164735
Test07_NG_dchg,방전,NG,4346,0,0,0.161222
Test07_NG_dchg,방전,NG,4347,0,0,0.157521
Test07_NG_dchg,방전,NG,4348,0,0,0.173881
Test07_NG_dchg,방전,NG,4349,0,0,0.170685
Test07_NG_dchg,방전,NG,4350,0,0,0.172606
Test07_NG_dchg,방전,NG,4351,0,0,0.177571
Test07_NG_dchg,방전,NG,4352,0,0,0.173702
Test07_NG_dchg,방전,NG,4353,0,0,0.178908
Test07_NG_dchg,방전,NG,4354,0,0,0.19056
Test07_NG_dchg,방전,NG,4355,0,0,0.184308
Test07_NG_dchg,방전,NG,4356,0,0,0.187608
Test07_NG_dchg,방전,NG,4357,0,0,0.181345
Test07_NG_dchg,방전,NG,4358,0,0,0.199093
Test07_NG_dchg,방전,NG,4359,0,0,0.184015
Test07_NG_dchg,방전,NG,4360,0,0,0.198505
Test07_NG_dchg,방전,NG,4361,0,0,0.192961
Test07_NG_dchg,방전,NG,4362,0,0,0.204043
Test07_NG_dchg,방전,NG,4363,0,0,0.192735
Test07_NG_dchg,방전,NG,4364,0,0,0.192155
Test07_NG_dchg,방전,NG,4365,0,0,0.189269
Test07_NG_dchg,방전,NG,4366,0,0,0.190672
Test07_NG_dchg,방전,NG,4367,1,0,6.047056
Test07_NG_dchg,방전,NG,4368,1,0,5.167813
Test07_NG_dchg,방전,NG,4369,1,0,4.182144
Test07_NG_dchg,방전,NG,4370,1,0,3.341141
Test07_NG_dchg,방전,NG,4371,1,0,2.722337
Test07_NG_dchg,방전,NG,4372,1,0,3.22614
Test07_NG_dchg,방전,NG,4373,1,0,1.684063
Test07_NG_dchg,방전,NG,4374,1,0,1.282523
Test07_NG_dchg,방전,NG,4375,1,0,1.204882
Test07_NG_dchg,방전,NG,4376,1,0,1.168548
Test07_NG_dchg,방전,NG,4377,1,0,1.128446
Test07_NG_dchg,방전,NG,4378,1,0,1.157053
Test07_NG_dchg,방전,NG,4379,1,0,1.139003
Test07_NG_dchg,방전,NG,4380,1,0,1.100356
Test07_NG_dchg,방전,NG,4381,1,0,1.163321
Test07_NG_dchg,방전,NG,4382,1,0,1.153615
Test07_NG_dchg,방전,NG,4383,1,0,1.153582
Test07_NG_dchg,방전,NG,4384,1,0,1.112522
Test07_NG_dchg,방전,NG,4385,1,0,1.159621
Test07_NG_dchg,방전,NG,4386,1,0,1.165056
Test07_NG_dchg,방전,NG,4387,1,0,1.155701
Test07_NG_dchg,방전,NG,4388,1,0,1.182965
Test07_NG_dchg,방전,NG,4389,1,0,1.16871
Test07_NG_dchg,방전,NG,4390,1,0,1.124195
Test07_NG_dchg,방전,NG,4391,1,0,1.112799
Test07_NG_dchg,방전,NG,4392,1,0,1.103884
Test07_NG_dchg,방전,NG,4393,1,0,1.137907
Test07_NG_dchg,방전,NG,4394,1,0,1.121549
Test07_NG_dchg,방전,NG,4395,1,0,1.157374
Test07_NG_dchg,방전,NG,4396,1,0,1.188419
Test07_NG_dchg,방전,NG,4397,1,0,1.147857
Test07_NG_dchg,방전,NG,4398,1,0,1.192192
Test07_NG_dchg,방전,NG,4399,1,0,1.147245
Test07_NG_dchg,방전,NG,4400,1,0,1.1141
Test07_NG_dchg,방전,NG,4401,1,0,1.234854
Test07_NG_dchg,방전,NG,4402,1,0,1.182038
Test07_NG_dchg,방전,NG,4403,1,0,1.211094
Test07_NG_dchg,방전,NG,4404,1,0,1.197053
Test07_NG_dchg,방전,NG,4405,1,0,1.128052
Test07_NG_dchg,방전,NG,4406,1,0,1.179274
Test07_NG_dchg,방전,NG,4407,1,0,1.175755
Test07_NG_dchg,방전,NG,4408,1,0,1.163717
Test07_NG_dchg,방전,NG,4409,1,0,1.130997
Test07_NG_dchg,방전,NG,4410,1,0,1.245059
Test07_NG_dchg,방전,NG,4411,1,0,1.173002
Test07_NG_dchg,방전,NG,4412,1,0,1.185837
Test07_NG_dchg,방전,NG,4413,1,0,1.113516
Test07_NG_dchg,방전,NG,4414,1,0,1.190734
Test07_NG_dchg,방전,NG,4415,1,0,1.117326
Test07_NG_dchg,방전,NG,4416,1,0,1.228743
Test07_NG_dchg,방전,NG,4417,1,0,1.180018
Test07_NG_dchg,방전,NG,4418,1,0,1.210312
Test07_NG_dchg,방전,NG,4419,1,0,1.151814
Test07_NG_dchg,방전,NG,4420,1,0,1.13779
Test07_NG_dchg,방전,NG,4421,1,0,1.161378
Test07_NG_dchg,방전,NG,4422,1,0,1.138528
Test07_NG_dchg,방전,NG,4423,1,0,1.194773
Test07_NG_dchg,방전,NG,4424,1,0,1.245314
Test07_NG_dchg,방전,NG,4425,1,0,1.25101
Test07_NG_dchg,방전,NG,4426,1,0,1.23558
Test07_NG_dchg,방전,NG,4427,1,0,1.191484
Test07_NG_dchg,방전,NG,4428,1,0,1.165388
Test07_NG_dchg,방전,NG,4429,1,0,1.23345
Test07_NG_dchg,방전,NG,4430,1,0,1.149672
Test07_NG_dchg,방전,NG,4431,1,0,1.153098
Test07_NG_dchg,방전,NG,4432,1,0,1.178414
Test07_NG_dchg,방전,NG,4433,1,0,1.205744
Test07_NG_dchg,방전,NG,4434,1,0,1.118436
Test07_NG_dchg,방전,NG,4435,1,0,1.14875
Test07_NG_dchg,방전,NG,4436,1,0,1.19079
Test07_NG_dchg,방전,NG,4437,1,0,1.113212
Test07_NG_dchg,방전,NG,4438,1,0,1.17629
Test07_NG_dchg,방전,NG,4439,1,0,1.148339
Test07_NG_dchg,방전,NG,4440,1,0,1.11476
Test07_NG_dchg,방전,NG,4441,1,0,1.220227
Test07_NG_dchg,방전,NG,4442,1,0,1.158835
Test07_NG_dchg,방전,NG,4443,1,0,1.217058
Test07_NG_dchg,방전,NG,4444,1,0,1.115758
Test07_NG_dchg,방전,NG,4445,1,0,1.172482
Test07_NG_dchg,방전,NG,4446,1,0,1.174607
Test07_NG_dchg,방전,NG,4447,1,0,1.114377
Test07_NG_dchg,방전,NG,4448,1,0,1.159837
Test07_NG_dchg,방전,NG,4449,1,0,41.16221
Test07_NG_dchg,방전,NG,4450,1,0,0.81542
Test07_NG_dchg,방전,NG,4451,1,0,0.870318
Test07_NG_dchg,방전,NG,4452,1,0,0.775614
Test07_NG_dchg,방전,NG,4453,1,0,0.914745
Test07_NG_dchg,방전,NG,4454,1,0,0.834838
Test07_NG_dchg,방전,NG,4455,1,0,0.859228
Test07_NG_dchg,방전,NG,4456,1,0,0.794119
Test07_NG_dchg,방전,NG,4457,1,0,0.843953
Test07_NG_dchg,방전,NG,4458,1,0,0.802453
Test07_NG_dchg,방전,NG,4459,1,0,0.744917
Test07_NG_dchg,방전,NG,4460,1,0,0.817954
Test07_NG_dchg,방전,NG,4461,1,0,0.790657
Test07_NG_dchg,방전,NG,4462,1,0,0.82601
Test07_NG_dchg,방전,NG,4463,1,0,0.761895
Test07_NG_dchg,방전,NG,4464,1,0,0.800561
Test07_NG_dchg,방전,NG,4465,1,0,0.788316
Test07_NG_dchg,방전,NG,4466,1,0,0.82748
Test07_NG_dchg,방전,NG,4467,1,0,0.833922
Test07_NG_dchg,방전,NG,4468,1,0,0.806072
Test07_NG_dchg,방전,NG,4469,1,0,0.884135
Test07_NG_dchg,방전,NG,4470,1,0,0.935939
Test07_NG_dchg,방전,NG,4471,1,0,0.963147
Test07_NG_dchg,방전,NG,4472,1,0,0.990634
Test07_NG_dchg,방전,NG,4473,1,0,1.015922
Test07_NG_dchg,방전,NG,4474,1,0,1.072666
Test07_NG_dchg,방전,NG,4475,1,0,1.181017
Test07_NG_dchg,방전,NG,4476,1,0,1.233401
Test07_NG_dchg,방전,NG,4477,1,0,1.294514
Test07_NG_dchg,방전,NG,4478,1,0,1.350031
Test07_NG_dchg,방전,NG,4479,1,0,1.508144
Test07_NG_dchg,방전,NG,4480,1,0,1.59793
Test07_NG_dchg,방전,NG,4481,1,0,1.778888
Test07_NG_dchg,방전,NG,4482,1,0,1.779487
Test07_NG_dchg,방전,NG,4483,1,0,1.798818
Test07_NG_dchg,방전,NG,4484,1,1,1.93718
Test07_NG_dchg,방전,NG,4485,1,1,2.006041
Test07_NG_dchg,방전,NG,4486,1,1,2.129568
Test07_NG_dchg,방전,NG,4487,1,1,2.177567
Test07_NG_dchg,방전,NG,4488,1,1,193756.631873
Test07_NG_dchg,방전,NG,4489,1,1,155083.968341
Test07_NG_dchg,방전,NG,4490,1,1,126533.353706
Test07_NG_dchg,방전,NG,4491,1,1,94696.511359
Test07_NG_dchg,방전,NG,4492,1,1,67194.593896
Test07_NG_dchg,방전,NG,4493,1,1,44648.697756
Test07_NG_dchg,방전,NG,4494,1,1,26974.418567
Test07_NG_dchg,방전,NG,4495,1,1,14733.330387
Test07_NG_dchg,방전,NG,4496,1,1,6501.775274
Test07_NG_dchg,방전,NG,4497,1,1,3733.677551
Test07_NG_dchg,방전,NG,4498,1,1,3678.932445
Test07_NG_dchg,방전,NG,4499,1,1,3646.28176
Test07_NG_dchg,방전,NG,4500,1,1,3683.966292
Test07_NG_dchg,방전,NG,4501,1,1,3680.109807
Test07_NG_dchg,방전,NG,4502,1,1,3732.919067
Test07_NG_dchg,방전,NG,4503,1,1,3752.015953
Test07_NG_dchg,방전,NG,4504,1,1,3779.709767
Test07_NG_dchg,방전,NG,4505,1,1,3732.070628
Test07_NG_dchg,방전,NG,4506,1,1,3720.969807
Test07_NG_dchg,방전,NG,4507,1,1,3750.614749
Test07_NG_dchg,방전,NG,4508,1,1,3759.972237
Test07_NG_dchg,방전,NG,4509,1,1,3749.132549
Test07_NG_dchg,방전,NG,4510,1,1,3798.987328
Test07_NG_dchg,방전,NG,4511,1,1,3766.180575
Test07_NG_dchg,방전,NG,4512,1,1,3812.652472
Test07_NG_dchg,방전,NG,4513,1,1,3801.60302
Test07_NG_dchg,방전,NG,4514,1,1,3798.926552
Test07_NG_dchg,방전,NG,4515,1,1,3810.153777
Test07_NG_dchg,방전,NG,4516,1,1,3784.186149
Test07_NG_dchg,방전,NG,4517,1,1,3792.208623
Test07_NG_dchg,방전,NG,4518,1,1,3794.875361
Test07_NG_dchg,방전,NG,4519,1,1,3787.432436
Test07_NG_dchg,방전,NG,4520,1,1,3803.036484
Test07_NG_dchg,방전,NG,4521,1,1,3795.712906
Test07_NG_dchg,방전,NG,4522,1,1,3868.821072
Test07_NG_dchg,방전,NG,4523,1,1,3832.415989
Test07_NG_dchg,방전,NG,4524,1,1,3800.864749
Test07_NG_dchg,방전,NG,4525,1,1,3806.684325
Test07_NG_dchg,방전,NG,4526,1,1,3824.940345
Test07_NG_dchg,방전,NG,4527,1,1,3858.650289
Test07_NG_dchg,방전,NG,4528,1,1,3817.267416
Test07_NG_dchg,방전,NG,4529,1,1,3853.915461
Test07_NG_dchg,방전,NG,4530,1,1,3807.775054
Test07_NG_dchg,방전,NG,4531,1,1,3827.64347
Test07_NG_dchg,방전,NG,4532,1,1,3816.761449
Test07_NG_dchg,방전,NG,4533,1,1,3816.295926
Test07_NG_dchg,방전,NG,4534,1,1,3820.459755
Test07_NG_dchg,방전,NG,4535,1,1,3839.069139
Test07_NG_dchg,방전,NG,4536,1,1,3840.422792
Test07_NG_dchg,방전,NG,4537,1,1,3842.934849
Test07_NG_dchg,방전,NG,4538,1,1,3804.758215
Test07_NG_dchg,방전,NG,4539,1,1,3886.8115
Test07_NG_dchg,방전,NG,4540,1,1,3830.814573
Test07_NG_dchg,방전,NG,4541,1,1,3841.831316
Test07_NG_dchg,방전,NG,4542,1,1,3843.230917
Test07_NG_dchg,방전,NG,4543,1,1,3842.185492
Test07_NG_dchg,방전,NG,4544,1,1,3851.487149
Test07_NG_dchg,방전,NG,4545,1,1,3888.250441
Test07_NG_dchg,방전,NG,4546,1,1,3879.569408
Test07_NG_dchg,방전,NG,4547,1,1,3873.726724
Test07_NG_dchg,방전,NG,4548,1,1,3902.927986
Test07_NG_dchg,방전,NG,4549,1,1,3892.717285
Test07_NG_dchg,방전,NG,4550,1,1,3891.299591
Test07_NG_dchg,방전,NG,4551,1,1,4064.352386
Test07_NG_dchg,방전,NG,4552,1,1,4063.487924
Test07_NG_dchg,방전,NG,4553,1,1,4075.31287
Test07_NG_dchg,방전,NG,4554,1,1,4056.161142
Test07_NG_dchg,방전,NG,4555,1,1,4019.271686
Test07_NG_dchg,방전,NG,4556,1,1,4094.462059
Test07_NG_dchg,방전,NG,4557,1,1,4082.035959
Test07_NG_dchg,방전,NG,4558,1,1,4041.091609
Test07_NG_dchg,방전,NG,4559,1,1,4040.247712
Test07_NG_dchg,방전,NG,4560,1,1,4036.341551
Test07_NG_dchg,방전,NG,4561,1,1,4052.393952
Test07_NG_dchg,방전,NG,4562,1,1,4020.824975
Test07_NG_dchg,방전,NG,4563,1,1,4019.629025
Test07_NG_dchg,방전,NG,4564,1,1,4069.867635
Test07_NG_dchg,방전,NG,4565,1,1,4044.265875
Test07_NG_dchg,방전,NG,4566,1,1,4039.392274
Test07_NG_dchg,방전,NG,4567,1,1,4032.301048
Test07_NG_dchg,방전,NG,4568,1,1,4044.175122
Test07_NG_dchg,방전,NG,4569,1,1,4033.091929
Test07_NG_dchg,방전,NG,4570,1,1,4019.93921
Test07_NG_dchg,방전,NG,4571,1,1,4026.758157
Test07_NG_dchg,방전,NG,4572,1,1,4057.663413
Test07_NG_dchg,방전,NG,4573,1,1,4075.708732
Test07_NG_dchg,방전,NG,4574,1,1,4039.814676
Test07_NG_dchg,방전,NG,4575,1,1,4066.771994
Test07_NG_dchg,방전,NG,4576,1,1,4056.684973
Test07_NG_dchg,방전,NG,4577,1,1,4043.692396
Test07_NG_dchg,방전,NG,4578,1,1,4099.64858
Test07_NG_dchg,방전,NG,4579,1,1,4040.759151
Test07_NG_dchg,방전,NG,4580,1,1,4039.736528
Test07_NG_dchg,방전,NG,4581,1,1,4036.513882
Test07_NG_dchg,방전,NG,4582,1,1,4080.586151
Test07_NG_dchg,방전,NG,4583,1,1,4039.765469
Test07_NG_dchg,방전,NG,4584,1,1,4054.805021
Test07_NG_dchg,방전,NG,4585,1,1,4066.680926
Test07_NG_dchg,방전,NG,4586,1,1,4047.380278
Test07_NG_dchg,방전,NG,4587,1,1,4067.464436
Test07_NG_dchg,방전,NG,4588,1,1,4047.710563
Test07_NG_dchg,방전,NG,4589,1,1,4031.006013
Test07_NG_dchg,방전,NG,4590,1,1,4076.180548
Test07_NG_dchg,방전,NG,4591,1,1,4044.172417
Test07_NG_dchg,방전,NG,4592,1,1,4037.81513
Test07_NG_dchg,방전,NG,4593,1,1,4025.08983
Test08_NG_chg,충전,NG,0,1,0,1.154977
Test08_NG_chg,충전,NG,1,1,0,2.212611
Test08_NG_chg,충전,NG,2,1,0,0.852787
Test08_NG_chg,충전,NG,3,1,0,0.800146
Test08_NG_chg,충전,NG,4,1,0,2.116201
Test08_NG_chg,충전,NG,5,1,0,0.851029
Test08_NG_chg,충전,NG,6,1,0,2.075193
Test08_NG_chg,충전,NG,7,1,0,2.012418
Test08_NG_chg,충전,NG,8,1,0,2.039339
Test08_NG_chg,충전,NG,9,1,0,2.00781
Test08_NG_chg,충전,NG,10,1,0,2.027841
Test08_NG_chg,충전,NG,11,1,0,1.972099
Test08_NG_chg,충전,NG,12,1,0,2.009705
Test08_NG_chg,충전,NG,13,1,0,0.692783
Test08_NG_chg,충전,NG,14,1,0,1.977978
Test08_NG_chg,충전,NG,15,1,0,1.997679
Test08_NG_chg,충전,NG,16,1,0,1.974262
Test08_NG_chg,충전,NG,17,1,0,0.747719
Test08_NG_chg,충전,NG,18,1,0,2.004315
Test08_NG_chg,충전,NG,19,1,0,1.974563
Test08_NG_chg,충전,NG,20,1,0,0.752943
Test08_NG_chg,충전,NG,21,1,0,0.737915
Test08_NG_chg,충전,NG,22,1,0,0.760304
Test08_NG_chg,충전,NG,23,1,0,0.744037
Test08_NG_chg,충전,NG,24,1,0,0.771294
Test08_NG_chg,충전,NG,25,1,0,2.017176
Test08_NG_chg,충전,NG,26,1,0,1.973087
Test08_NG_chg,충전,NG,27,1,0,2.030063
Test08_NG_chg,충전,NG,28,1,0,1.987731
Test08_NG_chg,충전,NG,29,1,0,0.809833
Test08_NG_chg,충전,NG,30,1,0,0.809013
Test08_NG_chg,충전,NG,31,1,0,0.822842
Test08_NG_chg,충전,NG,32,1,0,38.257538
Test08_NG_chg,충전,NG,33,1,0,2.57912
Test08_NG_chg,충전,NG,34,1,0,1.628318
Test08_NG_chg,충전,NG,35,1,0,1.405871
Test08_NG_chg,충전,NG,36,1,0,1.375107
Test08_NG_chg,충전,NG,37,1,0,2.682254
Test08_NG_chg,충전,NG,38,1,0,2.758989
Test08_NG_chg,충전,NG,39,1,0,1.481498
Test08_NG_chg,충전,NG,40,1,0,1.553975
Test08_NG_chg,충전,NG,41,1,0,1.666478
Test08_NG_chg,충전,NG,42,1,0,1.01174
Test08_NG_chg,충전,NG,43,1,0,1.027999
Test08_NG_chg,충전,NG,44,1,0,1.050633
Test08_NG_chg,충전,NG,45,1,0,1.075989
Test08_NG_chg,충전,NG,46,1,0,1.11577
Test08_NG_chg,충전,NG,47,1,0,1.121011
Test08_NG_chg,충전,NG,48,1,1,2.479921
Test08_NG_chg,충전,NG,49,1,1,2.333549
Test08_NG_chg,충전,NG,50,1,1,660.286052
Test08_NG_chg,충전,NG,51,1,1,51.474147
Test08_NG_chg,충전,NG,52,1,1,42.920734
Test08_NG_chg,충전,NG,53,1,1,31.979273
Test08_NG_chg,충전,NG,54,1,1,25.812827
Test08_NG_chg,충전,NG,55,1,1,19.406774
Test08_NG_chg,충전,NG,56,1,1,12.288894
Test08_NG_chg,충전,NG,57,1,1,8.146779
Test08_NG_chg,충전,NG,58,1,1,4.450026
Test08_NG_chg,충전,NG,59,1,0,1.744614
Test08_NG_chg,충전,NG,60,1,0,1.616781
Test08_NG_chg,충전,NG,61,1,0,1.601842
Test08_NG_chg,충전,NG,62,1,0,2.404911
Test08_NG_chg,충전,NG,63,1,0,2.132328
Test08_NG_chg,충전,NG,64,1,0,1.507223
Test08_NG_chg,충전,NG,65,1,0,2.230896
Test08_NG_chg,충전,NG,66,1,0,1.579426
Test08_NG_chg,충전,NG,67,1,0,2.166856
Test08_NG_chg,충전,NG,68,1,0,1.417197
Test08_NG_chg,충전,NG,69,1,0,1.443856
Test08_NG_chg,충전,NG,70,1,0,1.507871
Test08_NG_chg,충전,NG,71,1,0,1.406439
Test08_NG_chg,충전,NG,72,1,0,2.339645
Test08_NG_chg,충전,NG,73,1,0,1.438137
Test08_NG_chg,충전,NG,74,1,0,1.372549
Test08_NG_chg,충전,NG,75,1,0,1.332338
Test08_NG_chg,충전,NG,76,1,0,1.413175
Test08_NG_chg,충전,NG,77,1,0,1.408364
Test08_NG_chg,충전,NG,78,1,0,1.341702
Test08_NG_chg,충전,NG,79,1,0,2.147385
Test08_NG_chg,충전,NG,80,1,0,2.497478
Test08_NG_chg,충전,NG,81,1,0,1.513059
Test08_NG_chg,충전,NG,82,1,0,2.030602
Test08_NG_chg,충전,NG,83,1,0,1.594633
Test08_NG_chg,충전,NG,84,1,0,2.074585
Test08_NG_chg,충전,NG,85,1,0,1.436243
Test08_NG_chg,충전,NG,86,1,0,2.044625
Test08_NG_chg,충전,NG,87,1,0,1.621697
Test08_NG_chg,충전,NG,88,1,0,1.470616
Test08_NG_chg,충전,NG,89,1,0,1.470381
Test08_NG_chg,충전,NG,90,1,0,1.471899
Test08_NG_chg,충전,NG,91,1,0,1.506569
Test08_NG_chg,충전,NG,92,1,0,1.420924
Test08_NG_chg,충전,NG,93,1,0,1.438324
Test08_NG_chg,충전,NG,94,1,0,1.447808
Test08_NG_chg,충전,NG,95,1,0,1.422583
Test08_NG_chg,충전,NG,96,1,0,1.410577
Test08_NG_chg,충전,NG,97,1,0,1.403343
Test08_NG_chg,충전,NG,98,1,0,2.143009
Test08_NG_chg,충전,NG,99,1,0,2.499776
Test08_NG_chg,충전,NG,100,1,0,1.530575
Test08_NG_chg,충전,NG,101,1,0,1.520628
Test08_NG_chg,충전,NG,102,1,0,1.542476
Test08_NG_chg,충전,NG,103,1,0,1.525474
Test08_NG_chg,충전,NG,104,1,0,2.179986
Test08_NG_chg,충전,NG,105,1,0,1.621098
Test08_NG_chg,충전,NG,106,1,0,1.548841
Test08_NG_chg,충전,NG,107,1,0,1.564925
Test08_NG_chg,충전,NG,108,1,0,1.615051
Test08_NG_chg,충전,NG,109,1,0,1.622775
Test08_NG_chg,충전,NG,110,1,0,1.563987
Test08_NG_chg,충전,NG,111,1,0,1.64887
Test08_NG_chg,충전,NG,112,1,0,1.522202
Test08_NG_chg,충전,NG,113,1,0,1.588933
Test08_NG_chg,충전,NG,114,1,0,1.581551
Test08_NG_chg,충전,NG,115,1,0,1.513263
Test08_NG_chg,충전,NG,116,1,0,1.508975
Test08_NG_chg,충전,NG,117,1,0,1.536117
Test08_NG_chg,충전,NG,118,1,0,1.523932
Test08_NG_chg,충전,NG,119,1,0,2.614653
Test08_NG_chg,충전,NG,120,1,0,1.605272
Test08_NG_chg,충전,NG,121,1,0,1.624218
Test08_NG_chg,충전,NG,122,1,0,1.566876
Test08_NG_chg,충전,NG,123,1,0,1.603284
Test08_NG_chg,충전,NG,124,1,0,1.629257
Test08_NG_chg,충전,NG,125,1,0,1.603734
Test08_NG_chg,충전,NG,126,1,0,1.596015
Test08_NG_chg,충전,NG,127,1,0,1.630547
Test08_NG_chg,충전,NG,128,1,0,1.637853
Test08_NG_chg,충전,NG,129,1,0,1.624017
Test08_NG_chg,충전,NG,130,1,0,1.574536
Test08_NG_chg,충전,NG,131,1,0,1.560388
Test08_NG_chg,충전,NG,132,1,0,1.530724
Test08_NG_chg,충전,NG,133,1,0,2.234855
Test08_NG_chg,충전,NG,134,1,0,1.53935
Test08_NG_chg,충전,NG,135,1,0,1.563052
Test08_NG_chg,충전,NG,136,1,0,1.616979
Test08_NG_chg,충전,NG,137,1,0,1.600844
Test08_NG_chg,충전,NG,138,1,0,1.576388
Test08_NG_chg,충전,NG,139,1,0,2.653142
Test08_NG_chg,충전,NG,140,1,0,1.613599
Test08_NG_chg,충전,NG,141,1,0,1.624934
Test08_NG_chg,충전,NG,142,1,0,1.669216
Test08_NG_chg,충전,NG,143,1,0,1.655376
Test08_NG_chg,충전,NG,144,1,0,1.640942
Test08_NG_chg,충전,NG,145,1,0,1.60786
Test08_NG_chg,충전,NG,146,1,0,1.621533
Test08_NG_chg,충전,NG,147,1,0,1.600992
Test08_NG_chg,충전,NG,148,1,0,1.66756
Test08_NG_chg,충전,NG,149,1,0,2.227199
Test08_NG_chg,충전,NG,150,1,0,1.569824
Test08_NG_chg,충전,NG,151,1,0,1.576366
Test08_NG_chg,충전,NG,152,1,0,1.546734
Test08_NG_chg,충전,NG,153,1,0,1.551166
Test08_NG_chg,충전,NG,154,1,0,1.532809
Test08_NG_chg,충전,NG,155,1,0,2.261669
Test08_NG_chg,충전,NG,156,1,0,1.551886
Test08_NG_chg,충전,NG,157,1,0,1.604547
Test08_NG_chg,충전,NG,158,1,0,1.595226
Test08_NG_chg,충전,NG,159,1,0,1.534143
Test08_NG_chg,충전,NG,160,1,0,2.645627
Test08_NG_chg,충전,NG,161,1,0,1.602462
Test08_NG_chg,충전,NG,162,1,0,1.722725
Test08_NG_chg,충전,NG,163,1,0,1.650456
Test08_NG_chg,충전,NG,164,1,0,1.710417
Test08_NG_chg,충전,NG,165,1,0,2.296073
Test08_NG_chg,충전,NG,166,1,0,1.707223
Test08_NG_chg,충전,NG,167,1,0,1.635912
Test08_NG_chg,충전,NG,168,1,0,1.633623
Test08_NG_chg,충전,NG,169,1,0,1.728256
Test08_NG_chg,충전,NG,170,1,0,1.5722
Test08_NG_chg,충전,NG,171,1,0,1.592137
Test08_NG_chg,충전,NG,172,1,0,1.535938
Test08_NG_chg,충전,NG,173,1,0,1.585034
Test08_NG_chg,충전,NG,174,1,0,1.532469
Test08_NG_chg,충전,NG,175,1,0,1.535266
Test08_NG_chg,충전,NG,176,1,0,1.561326
Test08_NG_chg,충전,NG,177,1,0,2.622697
Test08_NG_chg,충전,NG,178,1,0,1.6231
Test08_NG_chg,충전,NG,179,1,0,1.741525
Test08_NG_chg,충전,NG,180,1,0,2.272052
Test08_NG_chg,충전,NG,181,1,0,1.642565
Test08_NG_chg,충전,NG,182,1,0,1.654645
Test08_NG_chg,충전,NG,183,1,0,1.597789
Test08_NG_chg,충전,NG,184,1,0,1.63067
Test08_NG_chg,충전,NG,185,1,0,1.708036
Test08_NG_chg,충전,NG,186,1,0,1.627828
Test08_NG_chg,충전,NG,187,1,0,1.628325
Test08_NG_chg,충전,NG,188,1,0,1.631158
Test08_NG_chg,충전,NG,189,1,0,1.549287
Test08_NG_chg,충전,NG,190,1,0,1.560427
Test08_NG_chg,충전,NG,191,1,0,1.596552
Test08_NG_chg,충전,NG,192,1,0,1.559397
Test08_NG_chg,충전,NG,193,1,0,1.529744
Test08_NG_chg,충전,NG,194,1,0,1.531793
Test08_NG_chg,충전,NG,195,1,0,2.615586
Test08_NG_chg,충전,NG,196,1,0,3.06549
Test08_NG_chg,충전,NG,197,1,0,2.615907
Test08_NG_chg,충전,NG,198,1,0,1.637247
Test08_NG_chg,충전,NG,199,1,0,1.583603
Test08_NG_chg,충전,NG,200,1,0,1.653555
Test08_NG_chg,충전,NG,201,1,0,1.585508
Test08_NG_chg,충전,NG,202,1,0,1.634224
Test08_NG_chg,충전,NG,203,1,0,1.623409
Test08_NG_chg,충전,NG,204,1,0,1.663923
Test08_NG_chg,충전,NG,205,1,0,2.361191
Test08_NG_chg,충전,NG,206,1,0,1.55919
Test08_NG_chg,충전,NG,207,1,0,1.603436
Test08_NG_chg,충전,NG,208,1,0,1.691261
Test08_NG_chg,충전,NG,209,1,0,1.534139
Test08_NG_chg,충전,NG,210,1,0,1.556238
Test08_NG_chg,충전,NG,211,1,0,2.201676
Test08_NG_chg,충전,NG,212,1,0,1.582271
Test08_NG_chg,충전,NG,213,1,0,1.523261
Test08_NG_chg,충전,NG,214,1,0,1.515943
Test08_NG_chg,충전,NG,215,1,0,1.515541
Test08_NG_chg,충전,NG,216,1,0,2.601029
Test08_NG_chg,충전,NG,217,1,0,1.570322
Test08_NG_chg,충전,NG,218,1,0,1.596551
Test08_NG_chg,충전,NG,219,1,0,1.573507
Test08_NG_chg,충전,NG,220,1,0,1.553976
Test08_NG_chg,충전,NG,221,1,0,1.613363
Test08_NG_chg,충전,NG,222,1,0,1.643615
Test08_NG_chg,충전,NG,223,1,0,1.534959
Test08_NG_chg,충전,NG,224,1,0,2.241562
Test08_NG_chg,충전,NG,225,1,0,1.497683
Test08_NG_chg,충전,NG,226,1,0,1.575193
Test08_NG_chg,충전,NG,227,1,0,1.523641
Test08_NG_chg,충전,NG,228,1,0,1.586777
Test08_NG_chg,충전,NG,229,1,0,1.50357
Test08_NG_chg,충전,NG,230,1,0,1.509415
Test08_NG_chg,충전,NG,231,1,0,1.483433
Test08_NG_chg,충전,NG,232,1,0,1.542834
Test08_NG_chg,충전,NG,233,1,0,1.48523
Test08_NG_chg,충전,NG,234,1,0,2.554276
Test08_NG_chg,충전,NG,235,1,0,1.572521
Test08_NG_chg,충전,NG,236,1,0,2.284204
Test08_NG_chg,충전,NG,237,1,0,1.627991
Test08_NG_chg,충전,NG,238,1,0,1.630587
Test08_NG_chg,충전,NG,239,1,0,1.624612
Test08_NG_chg,충전,NG,240,1,0,1.629042
Test08_NG_chg,충전,NG,241,1,0,1.600253
Test08_NG_chg,충전,NG,242,1,0,1.540314
Test08_NG_chg,충전,NG,243,1,0,1.465963
Test08_NG_chg,충전,NG,244,1,0,1.495116
Test08_NG_chg,충전,NG,245,1,0,1.501849
Test08_NG_chg,충전,NG,246,1,0,1.534654
Test08_NG_chg,충전,NG,247,1,0,1.472833
Test08_NG_chg,충전,NG,248,1,0,1.538329
Test08_NG_chg,충전,NG,249,1,0,1.506591
Test08_NG_chg,충전,NG,250,1,0,2.524524
Test08_NG_chg,충전,NG,251,1,0,1.575509
Test08_NG_chg,충전,NG,252,1,0,2.242479
Test08_NG_chg,충전,NG,253,1,0,1.554455
Test08_NG_chg,충전,NG,254,1,0,1.564079
Test08_NG_chg,충전,NG,255,1,0,1.613017
Test08_NG_chg,충전,NG,256,1,0,1.609296
Test08_NG_chg,충전,NG,257,1,0,1.539719
Test08_NG_chg,충전,NG,258,1,0,1.618187
Test08_NG_chg,충전,NG,259,1,0,1.503553
Test08_NG_chg,충전,NG,260,1,0,1.565899
Test08_NG_chg,충전,NG,261,1,0,1.499166
Test08_NG_chg,충전,NG,262,1,0,1.505713
Test08_NG_chg,충전,NG,263,1,0,1.451072
Test08_NG_chg,충전,NG,264,1,0,1.471097
Test08_NG_chg,충전,NG,265,1,0,1.47531
Test08_NG_chg,충전,NG,266,1,0,1.50315
Test08_NG_chg,충전,NG,267,1,0,2.560261
Test08_NG_chg,충전,NG,268,1,0,1.553417
Test08_NG_chg,충전,NG,269,1,0,1.561036
Test08_NG_chg,충전,NG,270,1,0,1.526461
Test08_NG_chg,충전,NG,271,1,0,1.613676
Test08_NG_chg,충전,NG,272,1,0,1.523492
Test08_NG_chg,충전,NG,273,1,0,1.537187
Test08_NG_chg,충전,NG,274,1,0,1.50862
Test08_NG_chg,충전,NG,275,1,0,1.578065
Test08_NG_chg,충전,NG,276,1,0,1.514178
Test08_NG_chg,충전,NG,277,1,0,1.465454
Test08_NG_chg,충전,NG,278,1,0,1.487334
Test08_NG_chg,충전,NG,279,1,0,1.468705
Test08_NG_chg,충전,NG,280,1,0,1.451637
Test08_NG_chg,충전,NG,281,1,0,1.440817
Test08_NG_chg,충전,NG,282,1,0,1.498276
Test08_NG_chg,충전,NG,283,1,0,2.534511
Test08_NG_chg,충전,NG,284,1,0,1.509194
Test08_NG_chg,충전,NG,285,1,0,1.520486
Test08_NG_chg,충전,NG,286,1,0,1.538158
Test08_NG_chg,충전,NG,287,1,0,1.518148
Test08_NG_chg,충전,NG,288,1,0,1.508458
Test08_NG_chg,충전,NG,289,1,0,1.518688
Test08_NG_chg,충전,NG,290,1,0,1.588387
Test08_NG_chg,충전,NG,291,1,0,1.536579
Test08_NG_chg,충전,NG,292,1,0,1.564971
Test08_NG_chg,충전,NG,293,1,0,1.410162
Test08_NG_chg,충전,NG,294,1,0,1.627635
Test08_NG_chg,충전,NG,295,1,0,1.398066
Test08_NG_chg,충전,NG,296,1,0,1.423697
Test08_NG_chg,충전,NG,297,1,0,1.399857
Test08_NG_chg,충전,NG,298,1,0,1.45185
Test08_NG_chg,충전,NG,299,1,0,1.420484
Test08_NG_chg,충전,NG,300,1,0,2.47116
Test08_NG_chg,충전,NG,301,1,0,1.43818
Test08_NG_chg,충전,NG,302,1,0,1.495253
Test08_NG_chg,충전,NG,303,1,0,1.466487
Test08_NG_chg,충전,NG,304,1,0,1.467107
Test08_NG_chg,충전,NG,305,1,0,1.469707
Test08_NG_chg,충전,NG,306,1,0,1.534258
Test08_NG_chg,충전,NG,307,1,0,1.476707
Test08_NG_chg,충전,NG,308,1,0,1.502194
Test08_NG_chg,충전,NG,309,1,0,1.461262
Test08_NG_chg,충전,NG,310,1,0,1.451114
Test08_NG_chg,충전,NG,311,1,0,1.414142
Test08_NG_chg,충전,NG,312,1,0,1.406195
Test08_NG_chg,충전,NG,313,1,0,1.435314
Test08_NG_chg,충전,NG,314,1,0,2.451697
Test08_NG_chg,충전,NG,315,1,0,1.552288
Test08_NG_chg,충전,NG,316,1,0,1.440009
Test08_NG_chg,충전,NG,317,1,0,1.487741
Test08_NG_chg,충전,NG,318,1,0,1.551062
Test08_NG_chg,충전,NG,319,1,0,1.436402
Test08_NG_chg,충전,NG,320,1,0,1.49701
Test08_NG_chg,충전,NG,321,1,0,1.456983
Test08_NG_chg,충전,NG,322,1,0,1.559734
Test08_NG_chg,충전,NG,323,1,0,1.452453
Test08_NG_chg,충전,NG,324,1,0,1.522132
Test08_NG_chg,충전,NG,325,1,0,1.426084
Test08_NG_chg,충전,NG,326,1,0,1.473075
Test08_NG_chg,충전,NG,327,1,0,1.337228
Test08_NG_chg,충전,NG,328,1,0,1.388032
Test08_NG_chg,충전,NG,329,1,0,2.44539
Test08_NG_chg,충전,NG,330,1,0,1.620471
Test08_NG_chg,충전,NG,331,1,0,1.468716
Test08_NG_chg,충전,NG,332,1,0,1.46823
Test08_NG_chg,충전,NG,333,1,0,1.430792
Test08_NG_chg,충전,NG,334,1,0,1.477596
Test08_NG_chg,충전,NG,335,1,0,1.453534
Test08_NG_chg,충전,NG,336,1,0,1.438609
Test08_NG_chg,충전,NG,337,1,0,1.432016
Test08_NG_chg,충전,NG,338,1,0,1.508906
Test08_NG_chg,충전,NG,339,1,0,1.455296
Test08_NG_chg,충전,NG,340,1,0,1.394676
Test08_NG_chg,충전,NG,341,1,0,1.494211
Test08_NG_chg,충전,NG,342,1,0,1.443301
Test08_NG_chg,충전,NG,343,1,0,1.384272
Test08_NG_chg,충전,NG,344,1,0,1.358328
Test08_NG_chg,충전,NG,345,1,0,1.363773
Test08_NG_chg,충전,NG,346,1,0,1.359968
Test08_NG_chg,충전,NG,347,1,0,2.423397
Test08_NG_chg,충전,NG,348,1,0,1.394771
Test08_NG_chg,충전,NG,349,1,0,1.442524
Test08_NG_chg,충전,NG,350,1,0,1.371676
Test08_NG_chg,충전,NG,351,1,0,1.447598
Test08_NG_chg,충전,NG,352,1,0,1.368748
Test08_NG_chg,충전,NG,353,1,0,1.381868
Test08_NG_chg,충전,NG,354,1,0,1.4227
Test08_NG_chg,충전,NG,355,1,0,1.445265
Test08_NG_chg,충전,NG,356,1,0,1.391524
Test08_NG_chg,충전,NG,357,1,0,1.403734
Test08_NG_chg,충전,NG,358,1,0,1.386619
Test08_NG_chg,충전,NG,359,1,0,1.506373
Test08_NG_chg,충전,NG,360,1,0,1.386769
Test08_NG_chg,충전,NG,361,1,0,1.379385
Test08_NG_chg,충전,NG,362,1,0,2.329331
Test08_NG_chg,충전,NG,363,1,0,1.522461
Test08_NG_chg,충전,NG,364,1,0,2.050647
Test08_NG_chg,충전,NG,365,1,0,1.451904
Test08_NG_chg,충전,NG,366,1,0,1.398861
Test08_NG_chg,충전,NG,367,1,0,1.447494
Test08_NG_chg,충전,NG,368,1,0,1.326622
Test08_NG_chg,충전,NG,369,1,0,1.339619
Test08_NG_chg,충전,NG,370,1,0,1.395443
Test08_NG_chg,충전,NG,371,1,0,1.426127
Test08_NG_chg,충전,NG,372,1,0,1.357546
Test08_NG_chg,충전,NG,373,1,0,1.362632
Test08_NG_chg,충전,NG,374,1,0,1.419833
Test08_NG_chg,충전,NG,375,1,0,1.383968
Test08_NG_chg,충전,NG,376,1,0,1.269761
Test08_NG_chg,충전,NG,377,1,0,1.266969
Test08_NG_chg,충전,NG,378,1,0,1.383273
Test08_NG_chg,충전,NG,379,1,0,1.277792
Test08_NG_chg,충전,NG,380,1,0,2.317831
Test08_NG_chg,충전,NG,381,1,0,1.333704
Test08_NG_chg,충전,NG,382,1,0,1.428115
Test08_NG_chg,충전,NG,383,1,0,1.357362
Test08_NG_chg,충전,NG,384,1,0,1.358081
Test08_NG_chg,충전,NG,385,1,0,1.438384
Test08_NG_chg,충전,NG,386,1,0,1.353879
Test08_NG_chg,충전,NG,387,1,0,1.38719
Test08_NG_chg,충전,NG,388,1,0,1.32248
Test08_NG_chg,충전,NG,389,1,0,1.368822
Test08_NG_chg,충전,NG,390,1,0,1.348496
Test08_NG_chg,충전,NG,391,1,0,2.367859
Test08_NG_chg,충전,NG,392,1,0,1.305815
Test08_NG_chg,충전,NG,393,1,0,1.352472
Test08_NG_chg,충전,NG,394,1,0,1.350845
Test08_NG_chg,충전,NG,395,1,0,1.311919
Test08_NG_chg,충전,NG,396,1,0,1.30514
Test08_NG_chg,충전,NG,397,1,0,1.396552
Test08_NG_chg,충전,NG,398,1,0,1.312359
Test08_NG_chg,충전,NG,399,1,0,1.341817
Test08_NG_chg,충전,NG,400,1,0,1.356388
Test08_NG_chg,충전,NG,401,1,0,1.363335
Test08_NG_chg,충전,NG,402,1,0,1.375237
Test08_NG_chg,충전,NG,403,1,0,1.363721
Test08_NG_chg,충전,NG,404,1,0,1.328563
Test08_NG_chg,충전,NG,405,1,0,1.32622
Test08_NG_chg,충전,NG,406,1,0,1.362767
Test08_NG_chg,충전,NG,407,1,0,1.311369
Test08_NG_chg,충전,NG,408,1,0,2.260151
Test08_NG_chg,충전,NG,409,1,0,1.316583
Test08_NG_chg,충전,NG,410,1,0,1.344612
Test08_NG_chg,충전,NG,411,1,0,1.316846
Test08_NG_chg,충전,NG,412,1,0,1.384819
Test08_NG_chg,충전,NG,413,1,0,1.31148
Test08_NG_chg,충전,NG,414,1,0,1.329884
Test08_NG_chg,충전,NG,415,1,0,1.284462
Test08_NG_chg,충전,NG,416,1,0,1.351793
Test08_NG_chg,충전,NG,417,1,0,1.306689
Test08_NG_chg,충전,NG,418,1,0,1.340362
Test08_NG_chg,충전,NG,419,1,0,1.273202
Test08_NG_chg,충전,NG,420,1,0,1.170181
Test08_NG_chg,충전,NG,421,1,0,1.220175
Test08_NG_chg,충전,NG,422,1,0,1.223518
Test08_NG_chg,충전,NG,423,1,0,1.197586
Test08_NG_chg,충전,NG,424,1,0,2.253508
Test08_NG_chg,충전,NG,425,1,0,1.310409
Test08_NG_chg,충전,NG,426,1,0,1.338621
Test08_NG_chg,충전,NG,427,1,0,1.248782
Test08_NG_chg,충전,NG,428,1,0,1.327621
Test08_NG_chg,충전,NG,429,1,0,0.984554
Test08_NG_chg,충전,NG,430,1,0,1.258872
Test08_NG_chg,충전,NG,431,1,0,1.306712
Test08_NG_chg,충전,NG,432,1,0,1.271318
Test08_NG_chg,충전,NG,433,1,0,1.267982
Test08_NG_chg,충전,NG,434,1,0,1.269148
Test08_NG_chg,충전,NG,435,1,0,1.267898
Test08_NG_chg,충전,NG,436,1,0,1.353387
Test08_NG_chg,충전,NG,437,1,0,1.189473
Test08_NG_chg,충전,NG,438,1,0,2.235961
Test08_NG_chg,충전,NG,439,1,0,2.850542
Test08_NG_chg,충전,NG,440,1,0,2.223357
Test08_NG_chg,충전,NG,441,1,0,1.258256
Test08_NG_chg,충전,NG,442,1,0,1.244889
Test08_NG_chg,충전,NG,443,1,0,1.313232
Test08_NG_chg,충전,NG,444,1,0,1.237727
Test08_NG_chg,충전,NG,445,1,0,1.244046
Test08_NG_chg,충전,NG,446,1,0,1.301128
Test08_NG_chg,충전,NG,447,1,0,1.221401
Test08_NG_chg,충전,NG,448,1,0,0.918645
Test08_NG_chg,충전,NG,449,1,0,1.272703
Test08_NG_chg,충전,NG,450,1,0,1.275984
Test08_NG_chg,충전,NG,451,1,0,1.250181
Test08_NG_chg,충전,NG,452,1,0,1.207285
Test08_NG_chg,충전,NG,453,1,0,1.352808
Test08_NG_chg,충전,NG,454,1,0,1.202198
Test08_NG_chg,충전,NG,455,1,0,1.139254
Test08_NG_chg,충전,NG,456,1,0,2.196265
Test08_NG_chg,충전,NG,457,1,0,1.259957
Test08_NG_chg,충전,NG,458,1,0,1.200015
Test08_NG_chg,충전,NG,459,1,0,1.211736
Test08_NG_chg,충전,NG,460,1,0,1.187103
Test08_NG_chg,충전,NG,461,1,0,1.202026
Test08_NG_chg,충전,NG,462,1,0,1.245133
Test08_NG_chg,충전,NG,463,1,0,1.214525
Test08_NG_chg,충전,NG,464,1,0,1.22869
Test08_NG_chg,충전,NG,465,1,0,1.245839
Test08_NG_chg,충전,NG,466,1,0,1.208691
Test08_NG_chg,충전,NG,467,1,0,1.199634
Test08_NG_chg,충전,NG,468,1,0,1.18806
Test08_NG_chg,충전,NG,469,1,0,1.225749
Test08_NG_chg,충전,NG,470,1,0,1.14785
Test08_NG_chg,충전,NG,471,1,0,2.114031
Test08_NG_chg,충전,NG,472,1,0,2.758316
Test08_NG_chg,충전,NG,473,1,0,2.173927
Test08_NG_chg,충전,NG,474,1,0,1.246816
Test08_NG_chg,충전,NG,475,1,0,1.248651
Test08_NG_chg,충전,NG,476,1,0,1.177944
Test08_NG_chg,충전,NG,477,1,0,1.174307
Test08_NG_chg,충전,NG,478,1,0,1.263717
Test08_NG_chg,충전,NG,479,1,0,1.187583
Test08_NG_chg,충전,NG,480,1,0,1.266487
Test08_NG_chg,충전,NG,481,1,0,1.197843
Test08_NG_chg,충전,NG,482,1,0,1.15341
Test08_NG_chg,충전,NG,483,1,0,1.200141
Test08_NG_chg,충전,NG,484,1,0,0.908532
Test08_NG_chg,충전,NG,485,1,0,2.153424
Test08_NG_chg,충전,NG,486,1,0,1.189664
Test08_NG_chg,충전,NG,487,1,0,1.149917
Test08_NG_chg,충전,NG,488,1,0,1.262194
Test08_NG_chg,충전,NG,489,1,0,1.176897
Test08_NG_chg,충전,NG,490,1,0,1.173495
Test08_NG_chg,충전,NG,491,1,0,0.908881
Test08_NG_chg,충전,NG,492,1,0,1.220736
Test08_NG_chg,충전,NG,493,1,0,1.186169
Test08_NG_chg,충전,NG,494,1,0,1.137537
Test08_NG_chg,충전,NG,495,1,0,1.230455
Test08_NG_chg,충전,NG,496,1,0,1.122905
Test08_NG_chg,충전,NG,497,1,0,1.139865
Test08_NG_chg,충전,NG,498,1,0,1.162622
Test08_NG_chg,충전,NG,499,1,0,1.089629
Test08_NG_chg,충전,NG,500,1,0,1.072343
Test08_NG_chg,충전,NG,501,1,0,2.076852
Test08_NG_chg,충전,NG,502,1,0,0.89771
Test08_NG_chg,충전,NG,503,1,0,0.922131
Test08_NG_chg,충전,NG,504,1,0,1.131338
Test08_NG_chg,충전,NG,505,1,0,1.161617
Test08_NG_chg,충전,NG,506,1,0,1.200993
Test08_NG_chg,충전,NG,507,1,0,1.146005
Test08_NG_chg,충전,NG,508,1,0,1.177206
Test08_NG_chg,충전,NG,509,1,0,1.13305
Test08_NG_chg,충전,NG,510,1,0,1.190834
Test08_NG_chg,충전,NG,511,1,0,1.1452
Test08_NG_chg,충전,NG,512,1,0,1.125649
Test08_NG_chg,충전,NG,513,1,0,1.1815
Test08_NG_chg,충전,NG,514,1,0,1.10008
Test08_NG_chg,충전,NG,515,1,0,1.20412
Test08_NG_chg,충전,NG,516,1,0,1.07345
Test08_NG_chg,충전,NG,517,1,0,1.049153
Test08_NG_chg,충전,NG,518,1,0,1.05819
Test08_NG_chg,충전,NG,519,1,0,2.087871
Test08_NG_chg,충전,NG,520,1,0,1.200981
Test08_NG_chg,충전,NG,521,1,0,1.098947
Test08_NG_chg,충전,NG,522,1,0,1.102522
Test08_NG_chg,충전,NG,523,1,0,1.18296
Test08_NG_chg,충전,NG,524,1,0,1.081026
Test08_NG_chg,충전,NG,525,1,0,1.144269
Test08_NG_chg,충전,NG,526,1,0,1.106674
Test08_NG_chg,충전,NG,527,1,0,0.868262
Test08_NG_chg,충전,NG,528,1,0,1.073471
Test08_NG_chg,충전,NG,529,1,0,1.085872
Test08_NG_chg,충전,NG,530,1,0,0.878373
Test08_NG_chg,충전,NG,531,1,0,1.089362
Test08_NG_chg,충전,NG,532,1,0,1.104358
Test08_NG_chg,충전,NG,533,1,0,1.020887
Test08_NG_chg,충전,NG,534,1,0,2.102493
Test08_NG_chg,충전,NG,535,1,0,2.594598
Test08_NG_chg,충전,NG,536,1,0,2.077382
Test08_NG_chg,충전,NG,537,1,0,1.127089
Test08_NG_chg,충전,NG,538,1,0,1.144235
Test08_NG_chg,충전,NG,539,1,0,1.095749
Test08_NG_chg,충전,NG,540,1,0,1.078884
Test08_NG_chg,충전,NG,541,1,0,1.134537
Test08_NG_chg,충전,NG,542,1,0,1.123757
Test08_NG_chg,충전,NG,543,1,0,1.064294
Test08_NG_chg,충전,NG,544,1,0,1.13748
Test08_NG_chg,충전,NG,545,1,0,0.808233
Test08_NG_chg,충전,NG,546,1,0,1.171634
Test08_NG_chg,충전,NG,547,1,0,1.059576
Test08_NG_chg,충전,NG,548,1,0,1.018846
Test08_NG_chg,충전,NG,549,1,0,0.778695
Test08_NG_chg,충전,NG,550,1,0,1.091548
Test08_NG_chg,충전,NG,551,1,0,0.982536
Test08_NG_chg,충전,NG,552,1,0,0.756276
Test08_NG_chg,충전,NG,553,1,0,2.097957
Test08_NG_chg,충전,NG,554,1,0,1.074554
Test08_NG_chg,충전,NG,555,1,0,1.031869
Test08_NG_chg,충전,NG,556,1,0,0.819533
Test08_NG_chg,충전,NG,557,1,0,1.085173
Test08_NG_chg,충전,NG,558,1,0,1.086225
Test08_NG_chg,충전,NG,559,1,0,1.033627
Test08_NG_chg,충전,NG,560,1,0,0.804001
Test08_NG_chg,충전,NG,561,1,0,1.09303
Test08_NG_chg,충전,NG,562,1,0,1.059736
Test08_NG_chg,충전,NG,563,1,0,1.102791
Test08_NG_chg,충전,NG,564,1,0,0.705108
Test08_NG_chg,충전,NG,565,1,0,1.04986
Test08_NG_chg,충전,NG,566,1,0,1.009245
Test08_NG_chg,충전,NG,567,1,0,0.756682
Test08_NG_chg,충전,NG,568,1,0,0.959495
Test08_NG_chg,충전,NG,569,1,0,1.032756
Test08_NG_chg,충전,NG,570,1,0,2.049389
Test08_NG_chg,충전,NG,571,1,0,1.066438
Test08_NG_chg,충전,NG,572,1,0,1.02504
Test08_NG_chg,충전,NG,573,1,0,1.097052
Test08_NG_chg,충전,NG,574,1,0,0.815589
Test08_NG_chg,충전,NG,575,1,0,1.03541
Test08_NG_chg,충전,NG,576,1,0,1.000711
Test08_NG_chg,충전,NG,577,1,0,1.068228
Test08_NG_chg,충전,NG,578,1,0,0.820256
Test08_NG_chg,충전,NG,579,1,0,1.047967
Test08_NG_chg,충전,NG,580,1,0,1.070169
Test08_NG_chg,충전,NG,581,1,0,0.809063
Test08_NG_chg,충전,NG,582,1,0,1.002105
Test08_NG_chg,충전,NG,583,1,0,1.007157
Test08_NG_chg,충전,NG,584,1,0,0.960505
Test08_NG_chg,충전,NG,585,1,0,1.084092
Test08_NG_chg,충전,NG,586,1,0,0.947707
Test08_NG_chg,충전,NG,587,1,0,1.993646
Test08_NG_chg,충전,NG,588,1,0,0.985357
Test08_NG_chg,충전,NG,589,1,0,1.049189
Test08_NG_chg,충전,NG,590,1,0,0.986658
Test08_NG_chg,충전,NG,591,1,0,1.0102
Test08_NG_chg,충전,NG,592,1,0,0.833738
Test08_NG_chg,충전,NG,593,1,0,0.96212
Test08_NG_chg,충전,NG,594,1,0,0.964727
Test08_NG_chg,충전,NG,595,1,0,0.95846
Test08_NG_chg,충전,NG,596,1,0,0.961187
Test08_NG_chg,충전,NG,597,1,0,0.693002
Test08_NG_chg,충전,NG,598,1,0,0.981707
Test08_NG_chg,충전,NG,599,1,0,0.92318
Test08_NG_chg,충전,NG,600,1,0,0.973181
Test08_NG_chg,충전,NG,601,1,0,0.938208
Test08_NG_chg,충전,NG,602,1,0,0.717412
Test08_NG_chg,충전,NG,603,1,0,0.93497
Test08_NG_chg,충전,NG,604,1,0,1.990864
Test08_NG_chg,충전,NG,605,1,0,1.003747
Test08_NG_chg,충전,NG,606,1,0,0.978539
Test08_NG_chg,충전,NG,607,1,0,0.969389
Test08_NG_chg,충전,NG,608,1,0,1.016292
Test08_NG_chg,충전,NG,609,1,0,0.996347
Test08_NG_chg,충전,NG,610,1,0,1.041141
Test08_NG_chg,충전,NG,611,1,0,0.93704
Test08_NG_chg,충전,NG,612,1,0,0.726294
Test08_NG_chg,충전,NG,613,1,0,0.933714
Test08_NG_chg,충전,NG,614,1,0,0.96395
Test08_NG_chg,충전,NG,615,1,0,0.91758
Test08_NG_chg,충전,NG,616,1,0,1.970427
Test08_NG_chg,충전,NG,617,1,0,0.788406
Test08_NG_chg,충전,NG,618,1,0,0.729689
Test08_NG_chg,충전,NG,619,1,0,0.743076
Test08_NG_chg,충전,NG,620,1,0,1.068095
Test08_NG_chg,충전,NG,621,1,0,1.004764
Test08_NG_chg,충전,NG,622,1,0,0.749533
Test08_NG_chg,충전,NG,623,1,0,0.73234
Test08_NG_chg,충전,NG,624,1,0,0.974691
Test08_NG_chg,충전,NG,625,1,0,1.030197
Test08_NG_chg,충전,NG,626,1,0,0.99698
Test08_NG_chg,충전,NG,627,1,0,0.967926
Test08_NG_chg,충전,NG,628,1,0,0.89508
Test08_NG_chg,충전,NG,629,1,0,0.943373
Test08_NG_chg,충전,NG,630,1,0,0.909617
Test08_NG_chg,충전,NG,631,1,0,0.89023
Test08_NG_chg,충전,NG,632,1,0,0.912373
Test08_NG_chg,충전,NG,633,1,0,0.952707
Test08_NG_chg,충전,NG,634,1,0,0.651895
Test08_NG_chg,충전,NG,635,1,0,1.948851
Test08_NG_chg,충전,NG,636,1,0,0.944666
Test08_NG_chg,충전,NG,637,1,0,1.011922
Test08_NG_chg,충전,NG,638,1,0,0.955655
Test08_NG_chg,충전,NG,639,1,0,0.986785
Test08_NG_chg,충전,NG,640,1,0,0.942648
Test08_NG_chg,충전,NG,641,1,0,0.719839
Test08_NG_chg,충전,NG,642,1,0,0.988044
Test08_NG_chg,충전,NG,643,1,0,0.935836
Test08_NG_chg,충전,NG,644,1,0,0.975149
Test08_NG_chg,충전,NG,645,1,0,0.749568
Test08_NG_chg,충전,NG,646,1,0,1.010042
Test08_NG_chg,충전,NG,647,1,0,0.892315
Test08_NG_chg,충전,NG,648,1,0,0.934871
Test08_NG_chg,충전,NG,649,1,0,0.869347
Test08_NG_chg,충전,NG,650,1,0,0.966334
Test08_NG_chg,충전,NG,651,1,0,0.633166
Test08_NG_chg,충전,NG,652,1,0,0.907147
Test08_NG_chg,충전,NG,653,1,0,1.951181
Test08_NG_chg,충전,NG,654,1,0,0.991343
Test08_NG_chg,충전,NG,655,1,0,0.979527
Test08_NG_chg,충전,NG,656,1,0,0.971192
Test08_NG_chg,충전,NG,657,1,0,0.91524
Test08_NG_chg,충전,NG,658,1,0,0.995998
Test08_NG_chg,충전,NG,659,1,0,0.718892
Test08_NG_chg,충전,NG,660,1,0,0.982148
Test08_NG_chg,충전,NG,661,1,0,0.944133
Test08_NG_chg,충전,NG,662,1,0,0.678992
Test08_NG_chg,충전,NG,663,1,0,1.009081
Test08_NG_chg,충전,NG,664,1,0,0.613053
Test08_NG_chg,충전,NG,665,1,0,0.896172
Test08_NG_chg,충전,NG,666,1,0,0.868383
Test08_NG_chg,충전,NG,667,1,0,0.730926
Test08_NG_chg,충전,NG,668,1,0,0.880215
Test08_NG_chg,충전,NG,669,1,0,1.979148
Test08_NG_chg,충전,NG,670,1,0,0.94447
Test08_NG_chg,충전,NG,671,1,0,2.459508
Test08_NG_chg,충전,NG,672,1,0,1.959053
Test08_NG_chg,충전,NG,673,1,0,0.706896
Test08_NG_chg,충전,NG,674,1,0,0.957171
Test08_NG_chg,충전,NG,675,1,0,0.931262
Test08_NG_chg,충전,NG,676,1,0,0.990897
Test08_NG_chg,충전,NG,677,1,0,0.952903
Test08_NG_chg,충전,NG,678,1,0,0.927803
Test08_NG_chg,충전,NG,679,1,0,0.934359
Test08_NG_chg,충전,NG,680,1,0,0.673281
Test08_NG_chg,충전,NG,681,1,0,1.026754
Test08_NG_chg,충전,NG,682,1,0,0.861429
Test08_NG_chg,충전,NG,683,1,0,0.91871
Test08_NG_chg,충전,NG,684,1,0,0.614185
Test08_NG_chg,충전,NG,685,1,0,2.018474
Test08_NG_chg,충전,NG,686,1,0,0.676923
Test08_NG_chg,충전,NG,687,1,0,0.682861
Test08_NG_chg,충전,NG,688,1,0,0.730451
Test08_NG_chg,충전,NG,689,1,0,0.689637
Test08_NG_chg,충전,NG,690,1,0,0.665473
Test08_NG_chg,충전,NG,691,1,0,0.692076
Test08_NG_chg,충전,NG,692,1,0,0.944387
Test08_NG_chg,충전,NG,693,1,0,0.751035
Test08_NG_chg,충전,NG,694,1,0,0.94838
Test08_NG_chg,충전,NG,695,1,0,0.95323
Test08_NG_chg,충전,NG,696,1,0,0.679009
Test08_NG_chg,충전,NG,697,1,0,0.975656
Test08_NG_chg,충전,NG,698,1,0,0.929062
Test08_NG_chg,충전,NG,699,1,0,0.955447
Test08_NG_chg,충전,NG,700,1,0,0.650684
Test08_NG_chg,충전,NG,701,1,0,0.891868
Test08_NG_chg,충전,NG,702,1,0,1.978263
Test08_NG_chg,충전,NG,703,1,0,0.953362
Test08_NG_chg,충전,NG,704,1,0,0.67358
Test08_NG_chg,충전,NG,705,1,0,0.964801
Test08_NG_chg,충전,NG,706,1,0,0.931756
Test08_NG_chg,충전,NG,707,1,0,0.982055
Test08_NG_chg,충전,NG,708,1,0,0.686324
Test08_NG_chg,충전,NG,709,1,0,0.929885
Test08_NG_chg,충전,NG,710,1,0,0.674562
Test08_NG_chg,충전,NG,711,1,0,0.680482
Test08_NG_chg,충전,NG,712,1,0,0.673631
Test08_NG_chg,충전,NG,713,1,0,0.679487
Test08_NG_chg,충전,NG,714,1,0,0.652011
Test08_NG_chg,충전,NG,715,1,0,0.962646
Test08_NG_chg,충전,NG,716,1,0,0.888257
Test08_NG_chg,충전,NG,717,1,0,0.623154
Test08_NG_chg,충전,NG,718,1,0,0.904955
Test08_NG_chg,충전,NG,719,1,0,0.873903
Test08_NG_chg,충전,NG,720,1,0,0.865408
Test08_NG_chg,충전,NG,721,1,0,1.9574
Test08_NG_chg,충전,NG,722,1,0,0.659303
Test08_NG_chg,충전,NG,723,1,0,0.680989
Test08_NG_chg,충전,NG,724,1,0,0.714333
Test08_NG_chg,충전,NG,725,1,0,0.917508
Test08_NG_chg,충전,NG,726,1,0,0.937261
Test08_NG_chg,충전,NG,727,1,0,0.651741
Test08_NG_chg,충전,NG,728,1,0,0.66397
Test08_NG_chg,충전,NG,729,1,0,0.967867
Test08_NG_chg,충전,NG,730,1,0,0.953348
Test08_NG_chg,충전,NG,731,1,0,0.887004
Test08_NG_chg,충전,NG,732,1,0,0.891644
Test08_NG_chg,충전,NG,733,1,0,0.853625
Test08_NG_chg,충전,NG,734,1,0,0.610758
Test08_NG_chg,충전,NG,735,1,0,0.588448
Test08_NG_chg,충전,NG,736,1,0,0.597024
Test08_NG_chg,충전,NG,737,1,0,0.590723
Test08_NG_chg,충전,NG,738,1,0,0.665682
Test08_NG_chg,충전,NG,739,1,0,0.845599
Test08_NG_chg,충전,NG,740,1,0,1.951376
Test08_NG_chg,충전,NG,741,1,0,0.630302
Test08_NG_chg,충전,NG,742,1,0,0.971889
Test08_NG_chg,충전,NG,743,1,0,0.641074
Test08_NG_chg,충전,NG,744,1,0,0.917944
Test08_NG_chg,충전,NG,745,1,0,0.739516
Test08_NG_chg,충전,NG,746,1,0,0.920802
Test08_NG_chg,충전,NG,747,1,0,0.93703
Test08_NG_chg,충전,NG,748,1,0,0.647778
Test08_NG_chg,충전,NG,749,1,0,0.613122
Test08_NG_chg,충전,NG,750,1,0,0.588893
Test08_NG_chg,충전,NG,751,1,0,0.901577
Test08_NG_chg,충전,NG,752,1,0,0.602841
Test08_NG_chg,충전,NG,753,1,0,0.929023
Test08_NG_chg,충전,NG,754,1,0,0.599505
Test08_NG_chg,충전,NG,755,1,0,0.614384
Test08_NG_chg,충전,NG,756,1,0,0.62572
Test08_NG_chg,충전,NG,757,1,0,0.867431
Test08_NG_chg,충전,NG,758,1,0,1.732296
Test08_NG_chg,충전,NG,759,1,0,0.655584
Test08_NG_chg,충전,NG,760,1,0,0.642005
Test08_NG_chg,충전,NG,761,1,0,0.952423
Test08_NG_chg,충전,NG,762,1,0,0.646421
Test08_NG_chg,충전,NG,763,1,0,0.948478
Test08_NG_chg,충전,NG,764,1,0,0.697082
Test08_NG_chg,충전,NG,765,1,0,0.638067
Test08_NG_chg,충전,NG,766,1,0,0.658618
Test08_NG_chg,충전,NG,767,1,0,0.678598
Test08_NG_chg,충전,NG,768,1,0,0.611447
Test08_NG_chg,충전,NG,769,1,0,0.598948
Test08_NG_chg,충전,NG,770,1,0,0.592055
Test08_NG_chg,충전,NG,771,1,0,0.594426
Test08_NG_chg,충전,NG,772,1,0,0.582719
Test08_NG_chg,충전,NG,773,1,0,0.603559
Test08_NG_chg,충전,NG,774,1,0,1.742419
Test08_NG_chg,충전,NG,775,1,0,0.939064
Test08_NG_chg,충전,NG,776,1,0,0.667232
Test08_NG_chg,충전,NG,777,1,0,0.692219
Test08_NG_chg,충전,NG,778,1,0,0.665971
Test08_NG_chg,충전,NG,779,1,0,0.644369
Test08_NG_chg,충전,NG,780,1,0,0.643323
Test08_NG_chg,충전,NG,781,1,0,0.946825
Test08_NG_chg,충전,NG,782,1,0,0.93088
Test08_NG_chg,충전,NG,783,1,0,0.632322
Test08_NG_chg,충전,NG,784,1,0,0.641278
Test08_NG_chg,충전,NG,785,1,0,0.96239
Test08_NG_chg,충전,NG,786,1,0,0.953828
Test08_NG_chg,충전,NG,787,1,0,0.88441
Test08_NG_chg,충전,NG,788,1,0,0.590072
Test08_NG_chg,충전,NG,789,1,0,0.91246
Test08_NG_chg,충전,NG,790,1,0,0.879623
Test08_NG_chg,충전,NG,791,1,0,0.593167
Test08_NG_chg,충전,NG,792,1,0,1.714946
Test08_NG_chg,충전,NG,793,1,0,0.695054
Test08_NG_chg,충전,NG,794,1,0,0.62191
Test08_NG_chg,충전,NG,795,1,0,0.640526
Test08_NG_chg,충전,NG,796,1,0,0.625454
Test08_NG_chg,충전,NG,797,1,0,0.66246
Test08_NG_chg,충전,NG,798,1,0,0.617063
Test08_NG_chg,충전,NG,799,1,0,0.899733
Test08_NG_chg,충전,NG,800,1,0,0.570818
Test08_NG_chg,충전,NG,801,1,0,0.897446
Test08_NG_chg,충전,NG,802,1,0,0.591802
Test08_NG_chg,충전,NG,803,1,0,0.866524
Test08_NG_chg,충전,NG,804,1,0,0.857496
Test08_NG_chg,충전,NG,805,1,0,0.59259
Test08_NG_chg,충전,NG,806,1,0,0.914744
Test08_NG_chg,충전,NG,807,1,0,0.573324
Test08_NG_chg,충전,NG,808,1,0,0.886332
Test08_NG_chg,충전,NG,809,1,0,0.60202
Test08_NG_chg,충전,NG,810,1,0,1.704197
Test08_NG_chg,충전,NG,811,1,0,0.916021
Test08_NG_chg,충전,NG,812,1,0,0.626505
Test08_NG_chg,충전,NG,813,1,0,0.635326
Test08_NG_chg,충전,NG,814,1,0,0.923464
Test08_NG_chg,충전,NG,815,1,0,0.904704
Test08_NG_chg,충전,NG,816,1,0,0.689595
Test08_NG_chg,충전,NG,817,1,0,0.921344
Test08_NG_chg,충전,NG,818,1,0,0.64952
Test08_NG_chg,충전,NG,819,1,0,0.568856
Test08_NG_chg,충전,NG,820,1,0,0.841064
Test08_NG_chg,충전,NG,821,1,0,0.553091
Test08_NG_chg,충전,NG,822,1,0,0.563626
Test08_NG_chg,충전,NG,823,1,0,0.843362
Test08_NG_chg,충전,NG,824,1,0,0.554466
Test08_NG_chg,충전,NG,825,1,0,0.57948
Test08_NG_chg,충전,NG,826,1,0,0.586047
Test08_NG_chg,충전,NG,827,1,0,0.556332
Test08_NG_chg,충전,NG,828,1,0,0.572876
Test08_NG_chg,충전,NG,829,1,0,0.861699
Test08_NG_chg,충전,NG,830,1,0,2.021425
Test08_NG_chg,충전,NG,831,1,0,0.627381
Test08_NG_chg,충전,NG,832,1,0,0.683874
Test08_NG_chg,충전,NG,833,1,0,0.618691
Test08_NG_chg,충전,NG,834,1,0,0.948733
Test08_NG_chg,충전,NG,835,1,0,0.652496
Test08_NG_chg,충전,NG,836,1,0,0.918102
Test08_NG_chg,충전,NG,837,1,0,0.595605
Test08_NG_chg,충전,NG,838,1,0,0.615905
Test08_NG_chg,충전,NG,839,1,0,0.595168
Test08_NG_chg,충전,NG,840,1,0,0.572324
Test08_NG_chg,충전,NG,841,1,0,0.562418
Test08_NG_chg,충전,NG,842,1,0,0.559504
Test08_NG_chg,충전,NG,843,1,0,0.5577
Test08_NG_chg,충전,NG,844,1,0,0.556637
Test08_NG_chg,충전,NG,845,1,0,0.567183
Test08_NG_chg,충전,NG,846,1,0,0.603809
Test08_NG_chg,충전,NG,847,1,0,0.551009
Test08_NG_chg,충전,NG,848,1,0,0.569423
Test08_NG_chg,충전,NG,849,1,0,0.599719
Test08_NG_chg,충전,NG,850,1,0,1.713022
Test08_NG_chg,충전,NG,851,1,0,0.920695
Test08_NG_chg,충전,NG,852,1,0,0.616426
Test08_NG_chg,충전,NG,853,1,0,0.908064
Test08_NG_chg,충전,NG,854,1,0,0.626654
Test08_NG_chg,충전,NG,855,1,0,0.638925
Test08_NG_chg,충전,NG,856,1,0,0.843012
Test08_NG_chg,충전,NG,857,1,0,0.560943
Test08_NG_chg,충전,NG,858,1,0,0.84387
Test08_NG_chg,충전,NG,859,1,0,0.824365
Test08_NG_chg,충전,NG,860,1,0,1.436322
Test08_NG_chg,충전,NG,861,1,0,0.562696
Test08_NG_chg,충전,NG,862,1,0,0.839869
Test08_NG_chg,충전,NG,863,1,0,0.586863
Test08_NG_chg,충전,NG,864,1,0,0.852699
Test08_NG_chg,충전,NG,865,1,0,0.570766
Test08_NG_chg,충전,NG,866,1,0,1.757486
Test08_NG_chg,충전,NG,867,1,0,0.641738
Test08_NG_chg,충전,NG,868,1,0,0.607378
Test08_NG_chg,충전,NG,869,1,0,0.911217
Test08_NG_chg,충전,NG,870,1,0,0.644517
Test08_NG_chg,충전,NG,871,1,0,0.645963
Test08_NG_chg,충전,NG,872,1,0,0.612803
Test08_NG_chg,충전,NG,873,1,0,0.63593
Test08_NG_chg,충전,NG,874,1,0,0.647801
Test08_NG_chg,충전,NG,875,1,0,0.6264
Test08_NG_chg,충전,NG,876,1,0,0.59979
Test08_NG_chg,충전,NG,877,1,0,0.836001
Test08_NG_chg,충전,NG,878,1,0,1.438342
Test08_NG_chg,충전,NG,879,1,0,0.567994
Test08_NG_chg,충전,NG,880,1,0,0.552738
Test08_NG_chg,충전,NG,881,1,0,0.561142
Test08_NG_chg,충전,NG,882,1,0,1.438339
Test08_NG_chg,충전,NG,883,1,0,0.563619
Test08_NG_chg,충전,NG,884,1,0,0.548024
Test08_NG_chg,충전,NG,885,1,0,0.609295
Test08_NG_chg,충전,NG,886,1,0,1.682639
Test08_NG_chg,충전,NG,887,1,0,0.914393
Test08_NG_chg,충전,NG,888,1,0,0.613942
Test08_NG_chg,충전,NG,889,1,0,0.628824
Test08_NG_chg,충전,NG,890,1,0,0.629821
Test08_NG_chg,충전,NG,891,1,0,0.851015
Test08_NG_chg,충전,NG,892,1,0,0.565413
Test08_NG_chg,충전,NG,893,1,0,0.881031
Test08_NG_chg,충전,NG,894,1,0,0.56054
Test08_NG_chg,충전,NG,895,1,0,0.579662
Test08_NG_chg,충전,NG,896,1,0,0.868699
Test08_NG_chg,충전,NG,897,1,0,0.564568
Test08_NG_chg,충전,NG,898,1,0,0.564801
Test08_NG_chg,충전,NG,899,1,0,0.860996
Test08_NG_chg,충전,NG,900,1,0,0.575351
Test08_NG_chg,충전,NG,901,1,0,0.732492
Test08_NG_chg,충전,NG,902,1,0,0.835987
Test08_NG_chg,충전,NG,903,1,0,0.57314
Test08_NG_chg,충전,NG,904,1,0,0.57563
Test08_NG_chg,충전,NG,905,1,0,0.843122
Test08_NG_chg,충전,NG,906,1,0,0.552662
Test08_NG_chg,충전,NG,907,1,0,1.713374
Test08_NG_chg,충전,NG,908,1,0,0.644054
Test08_NG_chg,충전,NG,909,1,0,0.622705
Test08_NG_chg,충전,NG,910,1,0,0.566604
Test08_NG_chg,충전,NG,911,1,0,0.57189
Test08_NG_chg,충전,NG,912,1,0,0.561969
Test08_NG_chg,충전,NG,913,1,0,0.8528
Test08_NG_chg,충전,NG,914,1,0,0.562041
Test08_NG_chg,충전,NG,915,1,0,0.590768
Test08_NG_chg,충전,NG,916,1,0,0.563378
Test08_NG_chg,충전,NG,917,1,0,0.561986
Test08_NG_chg,충전,NG,918,1,0,0.581482
Test08_NG_chg,충전,NG,919,1,0,0.875225
Test08_NG_chg,충전,NG,920,1,0,0.574671
Test08_NG_chg,충전,NG,921,1,0,0.566428
Test08_NG_chg,충전,NG,922,1,0,0.627343
Test08_NG_chg,충전,NG,923,1,0,0.855161
Test08_NG_chg,충전,NG,924,1,0,0.566324
Test08_NG_chg,충전,NG,925,1,0,0.582206
Test08_NG_chg,충전,NG,926,1,0,0.616998
Test08_NG_chg,충전,NG,927,1,0,0.595773
Test08_NG_chg,충전,NG,928,1,0,1.705866
Test08_NG_chg,충전,NG,929,1,0,0.655034
Test08_NG_chg,충전,NG,930,1,0,0.972784
Test08_NG_chg,충전,NG,931,1,0,0.548801
Test08_NG_chg,충전,NG,932,1,0,0.587936
Test08_NG_chg,충전,NG,933,1,0,0.593371
Test08_NG_chg,충전,NG,934,1,0,0.855009
Test08_NG_chg,충전,NG,935,1,0,0.55732
Test08_NG_chg,충전,NG,936,1,0,0.56562
Test08_NG_chg,충전,NG,937,1,0,0.579901
Test08_NG_chg,충전,NG,938,1,0,0.55781
Test08_NG_chg,충전,NG,939,1,0,0.584553
Test08_NG_chg,충전,NG,940,1,0,0.574021
Test08_NG_chg,충전,NG,941,1,0,0.553635
Test08_NG_chg,충전,NG,942,1,0,0.864037
Test08_NG_chg,충전,NG,943,1,0,0.56578
Test08_NG_chg,충전,NG,944,1,0,0.878047
Test08_NG_chg,충전,NG,945,1,0,0.86155
Test08_NG_chg,충전,NG,946,1,0,0.855878
Test08_NG_chg,충전,NG,947,1,0,0.574478
Test08_NG_chg,충전,NG,948,1,0,0.827623
Test08_NG_chg,충전,NG,949,1,0,1.689575
Test08_NG_chg,충전,NG,950,1,0,0.635183
Test08_NG_chg,충전,NG,951,1,0,0.948956
Test08_NG_chg,충전,NG,952,1,0,0.566764
Test08_NG_chg,충전,NG,953,1,0,0.588016
Test08_NG_chg,충전,NG,954,1,0,0.561818
Test08_NG_chg,충전,NG,955,1,0,0.604364
Test08_NG_chg,충전,NG,956,1,0,0.845182
Test08_NG_chg,충전,NG,957,1,0,0.850925
Test08_NG_chg,충전,NG,958,1,0,0.568407
Test08_NG_chg,충전,NG,959,1,0,0.846452
Test08_NG_chg,충전,NG,960,1,0,0.8045
Test08_NG_chg,충전,NG,961,1,0,0.800808
Test08_NG_chg,충전,NG,962,1,0,0.563098
Test08_NG_chg,충전,NG,963,1,0,0.538657
Test08_NG_chg,충전,NG,964,1,0,0.588489
Test08_NG_chg,충전,NG,965,1,0,0.791966
Test08_NG_chg,충전,NG,966,1,0,0.537564
Test08_NG_chg,충전,NG,967,1,0,0.563009
Test08_NG_chg,충전,NG,968,1,0,0.540874
Test08_NG_chg,충전,NG,969,1,0,0.794561
Test08_NG_chg,충전,NG,970,1,0,1.680888
Test08_NG_chg,충전,NG,971,1,0,0.890134
Test08_NG_chg,충전,NG,972,1,0,0.547356
Test08_NG_chg,충전,NG,973,1,0,0.790835
Test08_NG_chg,충전,NG,974,1,0,0.800456
Test08_NG_chg,충전,NG,975,1,0,0.891116
Test08_NG_chg,충전,NG,976,1,0,0.530295
Test08_NG_chg,충전,NG,977,1,0,0.551379
Test08_NG_chg,충전,NG,978,1,0,0.543182
Test08_NG_chg,충전,NG,979,1,0,0.853403
Test08_NG_chg,충전,NG,980,1,0,0.557842
Test08_NG_chg,충전,NG,981,1,0,0.555179
Test08_NG_chg,충전,NG,982,1,0,0.811339
Test08_NG_chg,충전,NG,983,1,0,0.55598
Test08_NG_chg,충전,NG,984,1,0,0.846059
Test08_NG_chg,충전,NG,985,1,0,0.543311
Test08_NG_chg,충전,NG,986,1,0,0.802009
Test08_NG_chg,충전,NG,987,1,0,0.484416
Test08_NG_chg,충전,NG,988,1,0,1.893344
Test08_NG_chg,충전,NG,989,1,0,0.814507
Test08_NG_chg,충전,NG,990,1,0,0.526683
Test08_NG_chg,충전,NG,991,1,0,0.553213
Test08_NG_chg,충전,NG,992,1,0,0.83325
Test08_NG_chg,충전,NG,993,1,0,0.792532
Test08_NG_chg,충전,NG,994,1,0,0.553161
Test08_NG_chg,충전,NG,995,1,0,0.7815
Test08_NG_chg,충전,NG,996,1,0,0.825404
Test08_NG_chg,충전,NG,997,1,0,0.590195
Test08_NG_chg,충전,NG,998,1,0,0.544638
Test08_NG_chg,충전,NG,999,1,0,0.8141
Test08_NG_chg,충전,NG,1000,1,0,0.790225
Test08_NG_chg,충전,NG,1001,1,0,0.859943
Test08_NG_chg,충전,NG,1002,1,0,0.540897
Test08_NG_chg,충전,NG,1003,1,0,0.795059
Test08_NG_chg,충전,NG,1004,1,0,0.549481
Test08_NG_chg,충전,NG,1005,1,0,0.813624
Test08_NG_chg,충전,NG,1006,1,0,0.859311
Test08_NG_chg,충전,NG,1007,1,0,0.792298
Test08_NG_chg,충전,NG,1008,1,0,1.663268
Test08_NG_chg,충전,NG,1009,1,0,0.805765
Test08_NG_chg,충전,NG,1010,1,0,0.591057
Test08_NG_chg,충전,NG,1011,1,0,0.791297
Test08_NG_chg,충전,NG,1012,1,0,0.792854
Test08_NG_chg,충전,NG,1013,1,0,0.556643
Test08_NG_chg,충전,NG,1014,1,0,0.535294
Test08_NG_chg,충전,NG,1015,1,0,0.605067
Test08_NG_chg,충전,NG,1016,1,0,0.609566
Test08_NG_chg,충전,NG,1017,1,0,0.52998
Test08_NG_chg,충전,NG,1018,1,0,0.546019
Test08_NG_chg,충전,NG,1019,1,0,0.828991
Test08_NG_chg,충전,NG,1020,1,0,0.808113
Test08_NG_chg,충전,NG,1021,1,0,0.800822
Test08_NG_chg,충전,NG,1022,1,0,0.561844
Test08_NG_chg,충전,NG,1023,1,0,0.606444
Test08_NG_chg,충전,NG,1024,1,0,0.802285
Test08_NG_chg,충전,NG,1025,1,0,0.864452
Test08_NG_chg,충전,NG,1026,1,0,0.555683
Test08_NG_chg,충전,NG,1027,1,0,0.800863
Test08_NG_chg,충전,NG,1028,1,0,0.762658
Test08_NG_chg,충전,NG,1029,1,0,1.644291
Test08_NG_chg,충전,NG,1030,1,0,0.814527
Test08_NG_chg,충전,NG,1031,1,0,0.807241
Test08_NG_chg,충전,NG,1032,1,0,0.580573
Test08_NG_chg,충전,NG,1033,1,0,0.818826
Test08_NG_chg,충전,NG,1034,1,0,0.590852
Test08_NG_chg,충전,NG,1035,1,0,0.805329
Test08_NG_chg,충전,NG,1036,1,0,0.546297
Test08_NG_chg,충전,NG,1037,1,0,0.804815
Test08_NG_chg,충전,NG,1038,1,0,0.537547
Test08_NG_chg,충전,NG,1039,1,0,0.583279
Test08_NG_chg,충전,NG,1040,1,0,0.820867
Test08_NG_chg,충전,NG,1041,1,0,0.647269
Test08_NG_chg,충전,NG,1042,1,0,0.541073
Test08_NG_chg,충전,NG,1043,1,0,0.538289
Test08_NG_chg,충전,NG,1044,1,0,0.848177
Test08_NG_chg,충전,NG,1045,1,0,0.812489
Test08_NG_chg,충전,NG,1046,1,0,0.787744
Test08_NG_chg,충전,NG,1047,1,0,0.879156
Test08_NG_chg,충전,NG,1048,1,0,0.531127
Test08_NG_chg,충전,NG,1049,1,0,0.542847
Test08_NG_chg,충전,NG,1050,1,0,1.672471
Test08_NG_chg,충전,NG,1051,1,0,0.873418
Test08_NG_chg,충전,NG,1052,1,0,0.832547
Test08_NG_chg,충전,NG,1053,1,0,0.802289
Test08_NG_chg,충전,NG,1054,1,0,0.802703
Test08_NG_chg,충전,NG,1055,1,0,0.874413
Test08_NG_chg,충전,NG,1056,1,0,0.580476
Test08_NG_chg,충전,NG,1057,1,0,0.608285
Test08_NG_chg,충전,NG,1058,1,0,0.78829
Test08_NG_chg,충전,NG,1059,1,0,0.811797
Test08_NG_chg,충전,NG,1060,1,0,0.835187
Test08_NG_chg,충전,NG,1061,1,0,0.803126
Test08_NG_chg,충전,NG,1062,1,0,0.534755
Test08_NG_chg,충전,NG,1063,1,0,0.604816
Test08_NG_chg,충전,NG,1064,1,0,0.53982
Test08_NG_chg,충전,NG,1065,1,0,0.558078
Test08_NG_chg,충전,NG,1066,1,0,0.547745
Test08_NG_chg,충전,NG,1067,1,0,0.810573
Test08_NG_chg,충전,NG,1068,1,0,0.568749
Test08_NG_chg,충전,NG,1069,1,0,0.551793
Test08_NG_chg,충전,NG,1070,1,0,0.569136
Test08_NG_chg,충전,NG,1071,1,0,0.83302
Test08_NG_chg,충전,NG,1072,1,0,0.819617
Test08_NG_chg,충전,NG,1073,1,0,1.948995
Test08_NG_chg,충전,NG,1074,1,0,1.974855
Test08_NG_chg,충전,NG,1075,1,0,1.623158
Test08_NG_chg,충전,NG,1076,1,0,0.816098
Test08_NG_chg,충전,NG,1077,1,0,0.856123
Test08_NG_chg,충전,NG,1078,1,0,0.558925
Test08_NG_chg,충전,NG,1079,1,0,0.544563
Test08_NG_chg,충전,NG,1080,1,0,0.86736
Test08_NG_chg,충전,NG,1081,1,0,0.817246
Test08_NG_chg,충전,NG,1082,1,0,0.827744
Test08_NG_chg,충전,NG,1083,1,0,0.644715
Test08_NG_chg,충전,NG,1084,1,0,0.540002
Test08_NG_chg,충전,NG,1085,1,0,0.538154
Test08_NG_chg,충전,NG,1086,1,0,0.851629
Test08_NG_chg,충전,NG,1087,1,0,0.557416
Test08_NG_chg,충전,NG,1088,1,0,0.843051
Test08_NG_chg,충전,NG,1089,1,0,0.622798
Test08_NG_chg,충전,NG,1090,1,0,2.001512
Test08_NG_chg,충전,NG,1091,1,0,0.615661
Test08_NG_chg,충전,NG,1092,1,0,0.916767
Test08_NG_chg,충전,NG,1093,1,0,0.605554
Test08_NG_chg,충전,NG,1094,1,0,0.593511
Test08_NG_chg,충전,NG,1095,1,0,0.54552
Test08_NG_chg,충전,NG,1096,1,0,0.847179
Test08_NG_chg,충전,NG,1097,1,0,0.834094
Test08_NG_chg,충전,NG,1098,1,0,0.584331
Test08_NG_chg,충전,NG,1099,1,0,0.551678
Test08_NG_chg,충전,NG,1100,1,0,0.564527
Test08_NG_chg,충전,NG,1101,1,0,0.845431
Test08_NG_chg,충전,NG,1102,1,0,0.673621
Test08_NG_chg,충전,NG,1103,1,0,0.55866
Test08_NG_chg,충전,NG,1104,1,0,0.851937
Test08_NG_chg,충전,NG,1105,1,0,0.57653
Test08_NG_chg,충전,NG,1106,1,0,0.909515
Test08_NG_chg,충전,NG,1107,1,0,0.870096
Test08_NG_chg,충전,NG,1108,1,0,0.574978
Test08_NG_chg,충전,NG,1109,1,0,0.575452
Test08_NG_chg,충전,NG,1110,1,0,0.60593
Test08_NG_chg,충전,NG,1111,1,0,0.568398
Test08_NG_chg,충전,NG,1112,1,0,1.704179
Test08_NG_chg,충전,NG,1113,1,0,2.280726
Test08_NG_chg,충전,NG,1114,1,0,1.73395
Test08_NG_chg,충전,NG,1115,1,0,0.871395
Test08_NG_chg,충전,NG,1116,1,0,0.575964
Test08_NG_chg,충전,NG,1117,1,0,0.585949
Test08_NG_chg,충전,NG,1118,1,0,0.576536
Test08_NG_chg,충전,NG,1119,1,0,0.884615
Test08_NG_chg,충전,NG,1120,1,0,0.581929
Test08_NG_chg,충전,NG,1121,1,0,0.597906
Test08_NG_chg,충전,NG,1122,1,0,0.566523
Test08_NG_chg,충전,NG,1123,1,0,0.571569
Test08_NG_chg,충전,NG,1124,1,0,0.589428
Test08_NG_chg,충전,NG,1125,1,0,0.625424
Test08_NG_chg,충전,NG,1126,1,0,0.88521
Test08_NG_chg,충전,NG,1127,1,0,0.580801
Test08_NG_chg,충전,NG,1128,1,0,0.571697
Test08_NG_chg,충전,NG,1129,1,0,0.591917
Test08_NG_chg,충전,NG,1130,1,0,0.889034
Test08_NG_chg,충전,NG,1131,1,0,0.57747
Test08_NG_chg,충전,NG,1132,1,0,0.579418
Test08_NG_chg,충전,NG,1133,1,0,0.56089
Test08_NG_chg,충전,NG,1134,1,0,0.536498
Test08_NG_chg,충전,NG,1135,1,0,0.540597
Test08_NG_chg,충전,NG,1136,1,0,0.550296
Test08_NG_chg,충전,NG,1137,1,0,1.738688
Test08_NG_chg,충전,NG,1138,1,0,0.616405
Test08_NG_chg,충전,NG,1139,1,0,0.58077
Test08_NG_chg,충전,NG,1140,1,0,0.602416
Test08_NG_chg,충전,NG,1141,1,0,0.668686
Test08_NG_chg,충전,NG,1142,1,0,0.946507
Test08_NG_chg,충전,NG,1143,1,0,0.602252
Test08_NG_chg,충전,NG,1144,1,0,0.928799
Test08_NG_chg,충전,NG,1145,1,0,0.60613
Test08_NG_chg,충전,NG,1146,1,0,0.627192
Test08_NG_chg,충전,NG,1147,1,0,0.595096
Test08_NG_chg,충전,NG,1148,1,0,0.621617
Test08_NG_chg,충전,NG,1149,1,0,0.644323
Test08_NG_chg,충전,NG,1150,1,0,0.60466
Test08_NG_chg,충전,NG,1151,1,0,0.625183
Test08_NG_chg,충전,NG,1152,1,0,0.631724
Test08_NG_chg,충전,NG,1153,1,0,0.604951
Test08_NG_chg,충전,NG,1154,1,0,0.619509
Test08_NG_chg,충전,NG,1155,1,0,0.614608
Test08_NG_chg,충전,NG,1156,1,0,0.623602
Test08_NG_chg,충전,NG,1157,1,0,0.556144
Test08_NG_chg,충전,NG,1158,1,0,0.545565
Test08_NG_chg,충전,NG,1159,1,0,0.552759
Test08_NG_chg,충전,NG,1160,1,0,0.545582
Test08_NG_chg,충전,NG,1161,1,0,1.717465
Test08_NG_chg,충전,NG,1162,1,0,0.634178
Test08_NG_chg,충전,NG,1163,1,0,0.625044
Test08_NG_chg,충전,NG,1164,1,0,0.605338
Test08_NG_chg,충전,NG,1165,1,0,0.606581
Test08_NG_chg,충전,NG,1166,1,0,0.610757
Test08_NG_chg,충전,NG,1167,1,0,0.640305
Test08_NG_chg,충전,NG,1168,1,0,0.63415
Test08_NG_chg,충전,NG,1169,1,0,0.645136
Test08_NG_chg,충전,NG,1170,1,0,0.617144
Test08_NG_chg,충전,NG,1171,1,0,0.669374
Test08_NG_chg,충전,NG,1172,1,0,0.728187
Test08_NG_chg,충전,NG,1173,1,0,0.62552
Test08_NG_chg,충전,NG,1174,1,0,0.647805
Test08_NG_chg,충전,NG,1175,1,0,0.640988
Test08_NG_chg,충전,NG,1176,1,0,0.68563
Test08_NG_chg,충전,NG,1177,1,0,0.633497
Test08_NG_chg,충전,NG,1178,1,0,0.960203
Test08_NG_chg,충전,NG,1179,1,0,0.576233
Test08_NG_chg,충전,NG,1180,1,0,0.593656
Test08_NG_chg,충전,NG,1181,1,0,0.571903
Test08_NG_chg,충전,NG,1182,1,0,0.562791
Test08_NG_chg,충전,NG,1183,1,0,0.615787
Test08_NG_chg,충전,NG,1184,1,0,1.744157
Test08_NG_chg,충전,NG,1185,1,0,1.992994
Test08_NG_chg,충전,NG,1186,1,0,1.755159
Test08_NG_chg,충전,NG,1187,1,0,0.639858
Test08_NG_chg,충전,NG,1188,1,0,0.641445
Test08_NG_chg,충전,NG,1189,1,0,0.625092
Test08_NG_chg,충전,NG,1190,1,0,0.64574
Test08_NG_chg,충전,NG,1191,1,0,0.692927
Test08_NG_chg,충전,NG,1192,1,0,0.647829
Test08_NG_chg,충전,NG,1193,1,0,0.64057
Test08_NG_chg,충전,NG,1194,1,0,0.675663
Test08_NG_chg,충전,NG,1195,1,0,0.631894
Test08_NG_chg,충전,NG,1196,1,0,0.624519
Test08_NG_chg,충전,NG,1197,1,0,0.696994
Test08_NG_chg,충전,NG,1198,1,0,0.663852
Test08_NG_chg,충전,NG,1199,1,0,0.622897
Test08_NG_chg,충전,NG,1200,1,0,0.71356
Test08_NG_chg,충전,NG,1201,1,0,0.62175
Test08_NG_chg,충전,NG,1202,1,0,0.608775
Test08_NG_chg,충전,NG,1203,1,0,0.566948
Test08_NG_chg,충전,NG,1204,1,0,0.582931
Test08_NG_chg,충전,NG,1205,1,0,0.604216
Test08_NG_chg,충전,NG,1206,1,0,0.573961
Test08_NG_chg,충전,NG,1207,1,0,1.753438
Test08_NG_chg,충전,NG,1208,1,0,0.631878
Test08_NG_chg,충전,NG,1209,1,0,0.630762
Test08_NG_chg,충전,NG,1210,1,0,0.667808
Test08_NG_chg,충전,NG,1211,1,0,0.637675
Test08_NG_chg,충전,NG,1212,1,0,0.648511
Test08_NG_chg,충전,NG,1213,1,0,0.635358
Test08_NG_chg,충전,NG,1214,1,0,0.641259
Test08_NG_chg,충전,NG,1215,1,0,0.678631
Test08_NG_chg,충전,NG,1216,1,0,0.664148
Test08_NG_chg,충전,NG,1217,1,0,0.579304
Test08_NG_chg,충전,NG,1218,1,0,0.651532
Test08_NG_chg,충전,NG,1219,1,0,0.628865
Test08_NG_chg,충전,NG,1220,1,0,0.568013
Test08_NG_chg,충전,NG,1221,1,0,0.578136
Test08_NG_chg,충전,NG,1222,1,0,0.622063
Test08_NG_chg,충전,NG,1223,1,0,0.575043
Test08_NG_chg,충전,NG,1224,1,0,0.582944
Test08_NG_chg,충전,NG,1225,1,0,0.609848
Test08_NG_chg,충전,NG,1226,1,0,1.756313
Test08_NG_chg,충전,NG,1227,1,0,0.650378
Test08_NG_chg,충전,NG,1228,1,0,0.628493
Test08_NG_chg,충전,NG,1229,1,0,0.639931
Test08_NG_chg,충전,NG,1230,1,0,0.630452
Test08_NG_chg,충전,NG,1231,1,0,0.634103
Test08_NG_chg,충전,NG,1232,1,0,0.673472
Test08_NG_chg,충전,NG,1233,1,0,0.631975
Test08_NG_chg,충전,NG,1234,1,0,0.631675
Test08_NG_chg,충전,NG,1235,1,0,0.629531
Test08_NG_chg,충전,NG,1236,1,0,0.638637
Test08_NG_chg,충전,NG,1237,1,0,0.705604
Test08_NG_chg,충전,NG,1238,1,0,0.641376
Test08_NG_chg,충전,NG,1239,1,0,0.675081
Test08_NG_chg,충전,NG,1240,1,0,0.696663
Test08_NG_chg,충전,NG,1241,1,0,0.573466
Test08_NG_chg,충전,NG,1242,1,0,0.582396
Test08_NG_chg,충전,NG,1243,1,0,0.639343
Test08_NG_chg,충전,NG,1244,1,0,0.59641
Test08_NG_chg,충전,NG,1245,1,0,0.609973
Test08_NG_chg,충전,NG,1246,1,0,0.588228
Test08_NG_chg,충전,NG,1247,1,0,0.625504
Test08_NG_chg,충전,NG,1248,1,0,0.580834
Test08_NG_chg,충전,NG,1249,1,0,0.573846
Test08_NG_chg,충전,NG,1250,1,0,0.581467
Test08_NG_chg,충전,NG,1251,1,0,1.765198
Test08_NG_chg,충전,NG,1252,1,0,0.676384
Test08_NG_chg,충전,NG,1253,1,0,0.653816
Test08_NG_chg,충전,NG,1254,1,0,0.683669
Test08_NG_chg,충전,NG,1255,1,0,0.641251
Test08_NG_chg,충전,NG,1256,1,0,0.716787
Test08_NG_chg,충전,NG,1257,1,0,0.774886
Test08_NG_chg,충전,NG,1258,1,0,0.656062
Test08_NG_chg,충전,NG,1259,1,0,0.67135
Test08_NG_chg,충전,NG,1260,1,0,0.668932
Test08_NG_chg,충전,NG,1261,1,0,0.65655
Test08_NG_chg,충전,NG,1262,1,0,0.64572
Test08_NG_chg,충전,NG,1263,1,0,0.660846
Test08_NG_chg,충전,NG,1264,1,0,0.680046
Test08_NG_chg,충전,NG,1265,1,0,0.688074
Test08_NG_chg,충전,NG,1266,1,0,0.589505
Test08_NG_chg,충전,NG,1267,1,0,0.582631
Test08_NG_chg,충전,NG,1268,1,0,0.608962
Test08_NG_chg,충전,NG,1269,1,0,0.609928
Test08_NG_chg,충전,NG,1270,1,0,0.589151
Test08_NG_chg,충전,NG,1271,1,0,0.576718
Test08_NG_chg,충전,NG,1272,1,0,0.611907
Test08_NG_chg,충전,NG,1273,1,0,0.599583
Test08_NG_chg,충전,NG,1274,1,0,0.625347
Test08_NG_chg,충전,NG,1275,1,0,1.798181
Test08_NG_chg,충전,NG,1276,1,0,0.652797
Test08_NG_chg,충전,NG,1277,1,0,0.646949
Test08_NG_chg,충전,NG,1278,1,0,0.6481
Test08_NG_chg,충전,NG,1279,1,0,0.690762
Test08_NG_chg,충전,NG,1280,1,0,0.720435
Test08_NG_chg,충전,NG,1281,1,0,0.638115
Test08_NG_chg,충전,NG,1282,1,0,0.637204
Test08_NG_chg,충전,NG,1283,1,0,0.653961
Test08_NG_chg,충전,NG,1284,1,0,0.65006
Test08_NG_chg,충전,NG,1285,1,0,0.644844
Test08_NG_chg,충전,NG,1286,1,0,0.649739
Test08_NG_chg,충전,NG,1287,1,0,0.643527
Test08_NG_chg,충전,NG,1288,1,0,0.653712
Test08_NG_chg,충전,NG,1289,1,0,0.575398
Test08_NG_chg,충전,NG,1290,1,0,0.58944
Test08_NG_chg,충전,NG,1291,1,0,0.615874
Test08_NG_chg,충전,NG,1292,1,0,1.7913
Test08_NG_chg,충전,NG,1293,1,0,0.648981
Test08_NG_chg,충전,NG,1294,1,0,2.022097
Test08_NG_chg,충전,NG,1295,1,0,1.770457
Test08_NG_chg,충전,NG,1296,1,0,0.658876
Test08_NG_chg,충전,NG,1297,1,0,0.656756
Test08_NG_chg,충전,NG,1298,1,0,0.658865
Test08_NG_chg,충전,NG,1299,1,0,0.655951
Test08_NG_chg,충전,NG,1300,1,0,0.653584
Test08_NG_chg,충전,NG,1301,1,0,0.663087
Test08_NG_chg,충전,NG,1302,1,0,0.658698
Test08_NG_chg,충전,NG,1303,1,0,0.677499
Test08_NG_chg,충전,NG,1304,1,0,0.760894
Test08_NG_chg,충전,NG,1305,1,0,0.758103
Test08_NG_chg,충전,NG,1306,1,0,0.665368
Test08_NG_chg,충전,NG,1307,1,0,0.732389
Test08_NG_chg,충전,NG,1308,1,0,0.691797
Test08_NG_chg,충전,NG,1309,1,0,0.723357
Test08_NG_chg,충전,NG,1310,1,0,0.669074
Test08_NG_chg,충전,NG,1311,1,0,0.689375
Test08_NG_chg,충전,NG,1312,1,0,0.669773
Test08_NG_chg,충전,NG,1313,1,0,0.68864
Test08_NG_chg,충전,NG,1314,1,0,0.589783
Test08_NG_chg,충전,NG,1315,1,0,0.638774
Test08_NG_chg,충전,NG,1316,1,0,0.590509
Test08_NG_chg,충전,NG,1317,1,0,0.634122
Test08_NG_chg,충전,NG,1318,1,0,0.632592
Test08_NG_chg,충전,NG,1319,1,0,0.589438
Test08_NG_chg,충전,NG,1320,1,0,0.6763
Test08_NG_chg,충전,NG,1321,1,0,1.780724
Test08_NG_chg,충전,NG,1322,1,0,0.666129
Test08_NG_chg,충전,NG,1323,1,0,0.701762
Test08_NG_chg,충전,NG,1324,1,0,0.663282
Test08_NG_chg,충전,NG,1325,1,0,0.736218
Test08_NG_chg,충전,NG,1326,1,0,0.677184
Test08_NG_chg,충전,NG,1327,1,0,0.678193
Test08_NG_chg,충전,NG,1328,1,0,0.665169
Test08_NG_chg,충전,NG,1329,1,0,0.704073
Test08_NG_chg,충전,NG,1330,1,0,0.657559
Test08_NG_chg,충전,NG,1331,1,0,0.691495
Test08_NG_chg,충전,NG,1332,1,0,0.652233
Test08_NG_chg,충전,NG,1333,1,0,0.706682
Test08_NG_chg,충전,NG,1334,1,0,0.691853
Test08_NG_chg,충전,NG,1335,1,0,0.833947
Test08_NG_chg,충전,NG,1336,1,0,0.696838
Test08_NG_chg,충전,NG,1337,1,0,0.717664
Test08_NG_chg,충전,NG,1338,1,0,0.674371
Test08_NG_chg,충전,NG,1339,1,0,0.636475
Test08_NG_chg,충전,NG,1340,1,0,0.607662
Test08_NG_chg,충전,NG,1341,1,0,0.640857
Test08_NG_chg,충전,NG,1342,1,0,0.61406
Test08_NG_chg,충전,NG,1343,1,0,0.616526
Test08_NG_chg,충전,NG,1344,1,0,0.629704
Test08_NG_chg,충전,NG,1345,1,0,0.611831
Test08_NG_chg,충전,NG,1346,1,0,1.77476
Test08_NG_chg,충전,NG,1347,1,0,0.678344
Test08_NG_chg,충전,NG,1348,1,0,0.657746
Test08_NG_chg,충전,NG,1349,1,0,0.687633
Test08_NG_chg,충전,NG,1350,1,0,0.664326
Test08_NG_chg,충전,NG,1351,1,0,0.664752
Test08_NG_chg,충전,NG,1352,1,0,0.686639
Test08_NG_chg,충전,NG,1353,1,0,0.670521
Test08_NG_chg,충전,NG,1354,1,0,0.65566
Test08_NG_chg,충전,NG,1355,1,0,0.590482
Test08_NG_chg,충전,NG,1356,1,0,0.618356
Test08_NG_chg,충전,NG,1357,1,0,0.617988
Test08_NG_chg,충전,NG,1358,1,0,0.602826
Test08_NG_chg,충전,NG,1359,1,0,0.582656
Test08_NG_chg,충전,NG,1360,1,0,0.611553
Test08_NG_chg,충전,NG,1361,1,0,0.587734
Test08_NG_chg,충전,NG,1362,1,0,0.62876
Test08_NG_chg,충전,NG,1363,1,0,0.603737
Test08_NG_chg,충전,NG,1364,1,0,0.636332
Test08_NG_chg,충전,NG,1365,1,0,0.600397
Test08_NG_chg,충전,NG,1366,1,0,0.614907
Test08_NG_chg,충전,NG,1367,1,0,0.662417
Test08_NG_chg,충전,NG,1368,1,0,0.617683
Test08_NG_chg,충전,NG,1369,1,0,0.612057
Test08_NG_chg,충전,NG,1370,1,0,0.650869
Test08_NG_chg,충전,NG,1371,1,0,0.610865
Test08_NG_chg,충전,NG,1372,1,0,1.76725
Test08_NG_chg,충전,NG,1373,1,0,0.727901
Test08_NG_chg,충전,NG,1374,1,0,0.672972
Test08_NG_chg,충전,NG,1375,1,0,0.677015
Test08_NG_chg,충전,NG,1376,1,0,0.663286
Test08_NG_chg,충전,NG,1377,1,0,0.686124
Test08_NG_chg,충전,NG,1378,1,0,0.655158
Test08_NG_chg,충전,NG,1379,1,0,0.678105
Test08_NG_chg,충전,NG,1380,1,0,0.606861
Test08_NG_chg,충전,NG,1381,1,0,0.62339
Test08_NG_chg,충전,NG,1382,1,0,0.661675
Test08_NG_chg,충전,NG,1383,1,0,0.623621
Test08_NG_chg,충전,NG,1384,1,0,0.61466
Test08_NG_chg,충전,NG,1385,1,0,0.646479
Test08_NG_chg,충전,NG,1386,1,0,0.632399
Test08_NG_chg,충전,NG,1387,1,0,0.617866
Test08_NG_chg,충전,NG,1388,1,0,0.611724
Test08_NG_chg,충전,NG,1389,1,0,0.639676
Test08_NG_chg,충전,NG,1390,1,0,1.825183
Test08_NG_chg,충전,NG,1391,1,0,0.704892
Test08_NG_chg,충전,NG,1392,1,0,0.740677
Test08_NG_chg,충전,NG,1393,1,0,0.663005
Test08_NG_chg,충전,NG,1394,1,0,0.654284
Test08_NG_chg,충전,NG,1395,1,0,0.694332
Test08_NG_chg,충전,NG,1396,1,0,0.77153
Test08_NG_chg,충전,NG,1397,1,0,0.681644
Test08_NG_chg,충전,NG,1398,1,0,0.699178
Test08_NG_chg,충전,NG,1399,1,0,0.85134
Test08_NG_chg,충전,NG,1400,1,0,0.777744
Test08_NG_chg,충전,NG,1401,1,0,0.742262
Test08_NG_chg,충전,NG,1402,1,0,0.631842
Test08_NG_chg,충전,NG,1403,1,0,0.702291
Test08_NG_chg,충전,NG,1404,1,0,0.731088
Test08_NG_chg,충전,NG,1405,1,0,0.670603
Test08_NG_chg,충전,NG,1406,1,0,0.636024
Test08_NG_chg,충전,NG,1407,1,0,0.848314
Test08_NG_chg,충전,NG,1408,1,0,0.737173
Test08_NG_chg,충전,NG,1409,1,0,0.691344
Test08_NG_chg,충전,NG,1410,1,0,0.676985
Test08_NG_chg,충전,NG,1411,1,0,0.674291
Test08_NG_chg,충전,NG,1412,1,0,0.636658
Test08_NG_chg,충전,NG,1413,1,0,0.712387
Test08_NG_chg,충전,NG,1414,1,0,0.602202
Test08_NG_chg,충전,NG,1415,1,0,0.664222
Test08_NG_chg,충전,NG,1416,1,0,0.653235
Test08_NG_chg,충전,NG,1417,1,0,1.799882
Test08_NG_chg,충전,NG,1418,1,0,0.691865
Test08_NG_chg,충전,NG,1419,1,0,0.687657
Test08_NG_chg,충전,NG,1420,1,0,0.7029
Test08_NG_chg,충전,NG,1421,1,0,0.750359
Test08_NG_chg,충전,NG,1422,1,0,0.706921
Test08_NG_chg,충전,NG,1423,1,0,0.691346
Test08_NG_chg,충전,NG,1424,1,0,0.739487
Test08_NG_chg,충전,NG,1425,1,0,0.648198
Test08_NG_chg,충전,NG,1426,1,0,0.658494
Test08_NG_chg,충전,NG,1427,1,0,0.659459
Test08_NG_chg,충전,NG,1428,1,0,0.649748
Test08_NG_chg,충전,NG,1429,1,0,0.650131
Test08_NG_chg,충전,NG,1430,1,0,0.667738
Test08_NG_chg,충전,NG,1431,1,0,0.633288
Test08_NG_chg,충전,NG,1432,1,0,0.637785
Test08_NG_chg,충전,NG,1433,1,0,0.622592
Test08_NG_chg,충전,NG,1434,1,0,0.63788
Test08_NG_chg,충전,NG,1435,1,0,0.631296
Test08_NG_chg,충전,NG,1436,1,0,0.624511
Test08_NG_chg,충전,NG,1437,1,0,0.654466
Test08_NG_chg,충전,NG,1438,1,0,0.628078
Test08_NG_chg,충전,NG,1439,1,0,0.688312
Test08_NG_chg,충전,NG,1440,1,0,0.679871
Test08_NG_chg,충전,NG,1441,1,0,0.714187
Test08_NG_chg,충전,NG,1442,1,0,0.628268
Test08_NG_chg,충전,NG,1443,1,0,1.799747
Test08_NG_chg,충전,NG,1444,1,0,0.705884
Test08_NG_chg,충전,NG,1445,1,0,0.695734
Test08_NG_chg,충전,NG,1446,1,0,0.682962
Test08_NG_chg,충전,NG,1447,1,0,0.690014
Test08_NG_chg,충전,NG,1448,1,0,0.771408
Test08_NG_chg,충전,NG,1449,1,0,0.666616
Test08_NG_chg,충전,NG,1450,1,0,0.626856
Test08_NG_chg,충전,NG,1451,1,0,0.639161
Test08_NG_chg,충전,NG,1452,1,0,0.684646
Test08_NG_chg,충전,NG,1453,1,0,0.628726
Test08_NG_chg,충전,NG,1454,1,0,0.636749
Test08_NG_chg,충전,NG,1455,1,0,0.658278
Test08_NG_chg,충전,NG,1456,1,0,0.617267
Test08_NG_chg,충전,NG,1457,1,0,0.653871
Test08_NG_chg,충전,NG,1458,1,0,0.639634
Test08_NG_chg,충전,NG,1459,1,0,0.631042
Test08_NG_chg,충전,NG,1460,1,0,0.695944
Test08_NG_chg,충전,NG,1461,1,0,0.638057
Test08_NG_chg,충전,NG,1462,1,0,0.64414
Test08_NG_chg,충전,NG,1463,1,0,0.631121
Test08_NG_chg,충전,NG,1464,1,0,0.638075
Test08_NG_chg,충전,NG,1465,1,0,0.641832
Test08_NG_chg,충전,NG,1466,1,0,0.643435
Test08_NG_chg,충전,NG,1467,1,0,0.639799
Test08_NG_chg,충전,NG,1468,1,0,0.678156
Test08_NG_chg,충전,NG,1469,1,0,0.725141
Test08_NG_chg,충전,NG,1470,1,0,1.811868
Test08_NG_chg,충전,NG,1471,1,0,0.741452
Test08_NG_chg,충전,NG,1472,1,0,0.724732
Test08_NG_chg,충전,NG,1473,1,0,0.702841
Test08_NG_chg,충전,NG,1474,1,0,0.718955
Test08_NG_chg,충전,NG,1475,1,0,0.72568
Test08_NG_chg,충전,NG,1476,1,0,0.765693
Test08_NG_chg,충전,NG,1477,1,0,0.662638
Test08_NG_chg,충전,NG,1478,1,0,0.640768
Test08_NG_chg,충전,NG,1479,1,0,0.665942
Test08_NG_chg,충전,NG,1480,1,0,0.663572
Test08_NG_chg,충전,NG,1481,1,0,0.660563
Test08_NG_chg,충전,NG,1482,1,0,0.65083
Test08_NG_chg,충전,NG,1483,1,0,0.723664
Test08_NG_chg,충전,NG,1484,1,0,0.687002
Test08_NG_chg,충전,NG,1485,1,0,0.662609
Test08_NG_chg,충전,NG,1486,1,0,0.655247
Test08_NG_chg,충전,NG,1487,1,0,1.844111
Test08_NG_chg,충전,NG,1488,1,0,0.710785
Test08_NG_chg,충전,NG,1489,1,0,2.080344
Test08_NG_chg,충전,NG,1490,1,0,1.840073
Test08_NG_chg,충전,NG,1491,1,0,0.713638
Test08_NG_chg,충전,NG,1492,1,0,0.720268
Test08_NG_chg,충전,NG,1493,1,0,0.690628
Test08_NG_chg,충전,NG,1494,1,0,0.698756
Test08_NG_chg,충전,NG,1495,1,0,0.746293
Test08_NG_chg,충전,NG,1496,1,0,0.738818
Test08_NG_chg,충전,NG,1497,1,0,0.722557
Test08_NG_chg,충전,NG,1498,1,0,0.763648
Test08_NG_chg,충전,NG,1499,1,0,0.753786
Test08_NG_chg,충전,NG,1500,1,0,0.759416
Test08_NG_chg,충전,NG,1501,1,0,0.660215
Test08_NG_chg,충전,NG,1502,1,0,0.680956
Test08_NG_chg,충전,NG,1503,1,0,0.67065
Test08_NG_chg,충전,NG,1504,1,0,0.694484
Test08_NG_chg,충전,NG,1505,1,0,0.674428
Test08_NG_chg,충전,NG,1506,1,0,0.702497
Test08_NG_chg,충전,NG,1507,1,0,0.692337
Test08_NG_chg,충전,NG,1508,1,0,0.694281
Test08_NG_chg,충전,NG,1509,1,0,0.752562
Test08_NG_chg,충전,NG,1510,1,0,0.700401
Test08_NG_chg,충전,NG,1511,1,0,0.677918
Test08_NG_chg,충전,NG,1512,1,0,0.68569
Test08_NG_chg,충전,NG,1513,1,0,0.683089
Test08_NG_chg,충전,NG,1514,1,0,1.8967
Test08_NG_chg,충전,NG,1515,1,0,2.146867
Test08_NG_chg,충전,NG,1516,1,0,0.742664
Test08_NG_chg,충전,NG,1517,1,0,1.815809
Test08_NG_chg,충전,NG,1518,1,0,0.722564
Test08_NG_chg,충전,NG,1519,1,0,0.648368
Test08_NG_chg,충전,NG,1520,1,0,0.675385
Test08_NG_chg,충전,NG,1521,1,0,0.655087
Test08_NG_chg,충전,NG,1522,1,0,0.736602
Test08_NG_chg,충전,NG,1523,1,0,0.682255
Test08_NG_chg,충전,NG,1524,1,0,0.663192
Test08_NG_chg,충전,NG,1525,1,0,0.694588
Test08_NG_chg,충전,NG,1526,1,0,0.663307
Test08_NG_chg,충전,NG,1527,1,0,0.712886
Test08_NG_chg,충전,NG,1528,1,0,0.677076
Test08_NG_chg,충전,NG,1529,1,0,0.682708
Test08_NG_chg,충전,NG,1530,1,0,0.728992
Test08_NG_chg,충전,NG,1531,1,0,0.700263
Test08_NG_chg,충전,NG,1532,1,0,0.725928
Test08_NG_chg,충전,NG,1533,1,0,0.686023
Test08_NG_chg,충전,NG,1534,1,0,0.698179
Test08_NG_chg,충전,NG,1535,1,0,0.735357
Test08_NG_chg,충전,NG,1536,1,0,0.658289
Test08_NG_chg,충전,NG,1537,1,0,0.693439
Test08_NG_chg,충전,NG,1538,1,0,0.662894
Test08_NG_chg,충전,NG,1539,1,0,0.68676
Test08_NG_chg,충전,NG,1540,1,0,0.691385
Test08_NG_chg,충전,NG,1541,1,0,0.685752
Test08_NG_chg,충전,NG,1542,1,0,1.910057
Test08_NG_chg,충전,NG,1543,1,0,0.762874
Test08_NG_chg,충전,NG,1544,1,0,0.66873
Test08_NG_chg,충전,NG,1545,1,0,0.73887
Test08_NG_chg,충전,NG,1546,1,0,0.641635
Test08_NG_chg,충전,NG,1547,1,0,0.695163
Test08_NG_chg,충전,NG,1548,1,0,0.651744
Test08_NG_chg,충전,NG,1549,1,0,0.689418
Test08_NG_chg,충전,NG,1550,1,0,0.768763
Test08_NG_chg,충전,NG,1551,1,0,0.68719
Test08_NG_chg,충전,NG,1552,1,0,0.699434
Test08_NG_chg,충전,NG,1553,1,0,0.776359
Test08_NG_chg,충전,NG,1554,1,0,0.699723
Test08_NG_chg,충전,NG,1555,1,0,0.759815
Test08_NG_chg,충전,NG,1556,1,0,0.716736
Test08_NG_chg,충전,NG,1557,1,0,0.703068
Test08_NG_chg,충전,NG,1558,1,0,0.734749
Test08_NG_chg,충전,NG,1559,1,0,0.725009
Test08_NG_chg,충전,NG,1560,1,0,0.780217
Test08_NG_chg,충전,NG,1561,1,0,0.685326
Test08_NG_chg,충전,NG,1562,1,0,0.733384
Test08_NG_chg,충전,NG,1563,1,0,1.864102
Test08_NG_chg,충전,NG,1564,1,0,0.776873
Test08_NG_chg,충전,NG,1565,1,0,0.814717
Test08_NG_chg,충전,NG,1566,1,0,0.804687
Test08_NG_chg,충전,NG,1567,1,0,0.787356
Test08_NG_chg,충전,NG,1568,1,0,0.778635
Test08_NG_chg,충전,NG,1569,1,0,0.773003
Test08_NG_chg,충전,NG,1570,1,0,0.802478
Test08_NG_chg,충전,NG,1571,1,0,0.768525
Test08_NG_chg,충전,NG,1572,1,0,0.745993
Test08_NG_chg,충전,NG,1573,1,0,0.731118
Test08_NG_chg,충전,NG,1574,1,0,0.742157
Test08_NG_chg,충전,NG,1575,1,0,0.735787
Test08_NG_chg,충전,NG,1576,1,0,0.733816
Test08_NG_chg,충전,NG,1577,1,0,0.674978
Test08_NG_chg,충전,NG,1578,1,0,0.715448
Test08_NG_chg,충전,NG,1579,1,0,0.799808
Test08_NG_chg,충전,NG,1580,1,0,0.666264
Test08_NG_chg,충전,NG,1581,1,0,0.706525
Test08_NG_chg,충전,NG,1582,1,0,0.793914
Test08_NG_chg,충전,NG,1583,1,0,0.715089
Test08_NG_chg,충전,NG,1584,1,0,0.698328
Test08_NG_chg,충전,NG,1585,1,0,0.716903
Test08_NG_chg,충전,NG,1586,1,0,0.814922
Test08_NG_chg,충전,NG,1587,1,0,0.767538
Test08_NG_chg,충전,NG,1588,1,0,0.747661
Test08_NG_chg,충전,NG,1589,1,0,0.72251
Test08_NG_chg,충전,NG,1590,1,0,0.72409
Test08_NG_chg,충전,NG,1591,1,0,1.906603
Test08_NG_chg,충전,NG,1592,1,0,0.823098
Test08_NG_chg,충전,NG,1593,1,0,0.821437
Test08_NG_chg,충전,NG,1594,1,0,0.788891
Test08_NG_chg,충전,NG,1595,1,0,0.808105
Test08_NG_chg,충전,NG,1596,1,0,0.716796
Test08_NG_chg,충전,NG,1597,1,0,0.825493
Test08_NG_chg,충전,NG,1598,1,0,0.709548
Test08_NG_chg,충전,NG,1599,1,0,0.719008
Test08_NG_chg,충전,NG,1600,1,0,0.749417
Test08_NG_chg,충전,NG,1601,1,0,0.714173
Test08_NG_chg,충전,NG,1602,1,0,0.723379
Test08_NG_chg,충전,NG,1603,1,0,0.680776
Test08_NG_chg,충전,NG,1604,1,0,0.762798
Test08_NG_chg,충전,NG,1605,1,0,0.731783
Test08_NG_chg,충전,NG,1606,1,0,0.770288
Test08_NG_chg,충전,NG,1607,1,0,0.728687
Test08_NG_chg,충전,NG,1608,1,0,0.706945
Test08_NG_chg,충전,NG,1609,1,0,0.705632
Test08_NG_chg,충전,NG,1610,1,0,0.827442
Test08_NG_chg,충전,NG,1611,1,0,0.733618
Test08_NG_chg,충전,NG,1612,1,0,0.74463
Test08_NG_chg,충전,NG,1613,1,0,0.694151
Test08_NG_chg,충전,NG,1614,1,0,0.739997
Test08_NG_chg,충전,NG,1615,1,0,0.647558
Test08_NG_chg,충전,NG,1616,1,0,0.652961
Test08_NG_chg,충전,NG,1617,1,0,0.665844
Test08_NG_chg,충전,NG,1618,1,0,1.827877
Test08_NG_chg,충전,NG,1619,1,0,0.745027
Test08_NG_chg,충전,NG,1620,1,0,0.68329
Test08_NG_chg,충전,NG,1621,1,0,0.722563
Test08_NG_chg,충전,NG,1622,1,0,0.746138
Test08_NG_chg,충전,NG,1623,1,0,0.709635
Test08_NG_chg,충전,NG,1624,1,0,0.707199
Test08_NG_chg,충전,NG,1625,1,0,0.769019
Test08_NG_chg,충전,NG,1626,1,0,0.702485
Test08_NG_chg,충전,NG,1627,1,0,0.729636
Test08_NG_chg,충전,NG,1628,1,0,0.713824
Test08_NG_chg,충전,NG,1629,1,0,0.718121
Test08_NG_chg,충전,NG,1630,1,0,0.808434
Test08_NG_chg,충전,NG,1631,1,0,0.705535
Test08_NG_chg,충전,NG,1632,1,0,0.75155
Test08_NG_chg,충전,NG,1633,1,0,0.730556
Test08_NG_chg,충전,NG,1634,1,0,0.914366
Test08_NG_chg,충전,NG,1635,1,0,0.74551
Test08_NG_chg,충전,NG,1636,1,0,0.785487
Test08_NG_chg,충전,NG,1637,1,0,0.747487
Test08_NG_chg,충전,NG,1638,1,0,0.763562
Test08_NG_chg,충전,NG,1639,1,0,0.737772
Test08_NG_chg,충전,NG,1640,1,0,0.770224
Test08_NG_chg,충전,NG,1641,1,0,0.732274
Test08_NG_chg,충전,NG,1642,1,0,0.639426
Test08_NG_chg,충전,NG,1643,1,0,0.757629
Test08_NG_chg,충전,NG,1644,1,0,0.677572
Test08_NG_chg,충전,NG,1645,1,0,1.873093
Test08_NG_chg,충전,NG,1646,1,0,0.769165
Test08_NG_chg,충전,NG,1647,1,0,0.716814
Test08_NG_chg,충전,NG,1648,1,0,0.71341
Test08_NG_chg,충전,NG,1649,1,0,0.717579
Test08_NG_chg,충전,NG,1650,1,0,0.929967
Test08_NG_chg,충전,NG,1651,1,0,0.816322
Test08_NG_chg,충전,NG,1652,1,0,0.849954
Test08_NG_chg,충전,NG,1653,1,0,0.795622
Test08_NG_chg,충전,NG,1654,1,0,0.743902
Test08_NG_chg,충전,NG,1655,1,0,0.851826
Test08_NG_chg,충전,NG,1656,1,0,0.788994
Test08_NG_chg,충전,NG,1657,1,0,0.767194
Test08_NG_chg,충전,NG,1658,1,0,0.734415
Test08_NG_chg,충전,NG,1659,1,0,0.790414
Test08_NG_chg,충전,NG,1660,1,0,0.846764
Test08_NG_chg,충전,NG,1661,1,0,0.727404
Test08_NG_chg,충전,NG,1662,1,0,0.795391
Test08_NG_chg,충전,NG,1663,1,0,0.769727
Test08_NG_chg,충전,NG,1664,1,0,0.769119
Test08_NG_chg,충전,NG,1665,1,0,0.71794
Test08_NG_chg,충전,NG,1666,1,0,1.950092
Test08_NG_chg,충전,NG,1667,1,0,0.768089
Test08_NG_chg,충전,NG,1668,1,0,0.860706
Test08_NG_chg,충전,NG,1669,1,0,0.826019
Test08_NG_chg,충전,NG,1670,1,0,0.748878
Test08_NG_chg,충전,NG,1671,1,0,0.732913
Test08_NG_chg,충전,NG,1672,1,0,0.722515
Test08_NG_chg,충전,NG,1673,1,0,0.866787
Test08_NG_chg,충전,NG,1674,1,0,0.788517
Test08_NG_chg,충전,NG,1675,1,0,0.764588
Test08_NG_chg,충전,NG,1676,1,0,0.729998
Test08_NG_chg,충전,NG,1677,1,0,0.774721
Test08_NG_chg,충전,NG,1678,1,0,0.736884
Test08_NG_chg,충전,NG,1679,1,0,0.782786
Test08_NG_chg,충전,NG,1680,1,0,0.728153
Test08_NG_chg,충전,NG,1681,1,0,0.776824
Test08_NG_chg,충전,NG,1682,1,0,0.77627
Test08_NG_chg,충전,NG,1683,1,0,0.78068
Test08_NG_chg,충전,NG,1684,1,0,0.810178
Test08_NG_chg,충전,NG,1685,1,0,0.765322
Test08_NG_chg,충전,NG,1686,1,0,0.775656
Test08_NG_chg,충전,NG,1687,1,0,0.788694
Test08_NG_chg,충전,NG,1688,1,0,0.800629
Test08_NG_chg,충전,NG,1689,1,0,0.700953
Test08_NG_chg,충전,NG,1690,1,0,0.776791
Test08_NG_chg,충전,NG,1691,1,0,0.704934
Test08_NG_chg,충전,NG,1692,1,0,0.764056
Test08_NG_chg,충전,NG,1693,1,0,1.953292
Test08_NG_chg,충전,NG,1694,1,0,0.77376
Test08_NG_chg,충전,NG,1695,1,0,0.797126
Test08_NG_chg,충전,NG,1696,1,0,0.853224
Test08_NG_chg,충전,NG,1697,1,0,0.774638
Test08_NG_chg,충전,NG,1698,1,0,0.740396
Test08_NG_chg,충전,NG,1699,1,0,0.810256
Test08_NG_chg,충전,NG,1700,1,0,0.777916
Test08_NG_chg,충전,NG,1701,1,0,0.796133
Test08_NG_chg,충전,NG,1702,1,0,0.783427
Test08_NG_chg,충전,NG,1703,1,0,0.782995
Test08_NG_chg,충전,NG,1704,1,0,0.739971
Test08_NG_chg,충전,NG,1705,1,0,0.783707
Test08_NG_chg,충전,NG,1706,1,0,0.745478
Test08_NG_chg,충전,NG,1707,1,0,0.776846
Test08_NG_chg,충전,NG,1708,1,0,0.764403
Test08_NG_chg,충전,NG,1709,1,0,0.73126
Test08_NG_chg,충전,NG,1710,1,0,0.816804
Test08_NG_chg,충전,NG,1711,1,0,0.824245
Test08_NG_chg,충전,NG,1712,1,0,0.805172
Test08_NG_chg,충전,NG,1713,1,0,0.715889
Test08_NG_chg,충전,NG,1714,1,0,0.732365
Test08_NG_chg,충전,NG,1715,1,0,0.722695
Test08_NG_chg,충전,NG,1716,1,0,0.686985
Test08_NG_chg,충전,NG,1717,1,0,0.726542
Test08_NG_chg,충전,NG,1718,1,0,0.688724
Test08_NG_chg,충전,NG,1719,1,0,1.951667
Test08_NG_chg,충전,NG,1720,1,0,0.748207
Test08_NG_chg,충전,NG,1721,1,0,0.753217
Test08_NG_chg,충전,NG,1722,1,0,0.752249
Test08_NG_chg,충전,NG,1723,1,0,0.811308
Test08_NG_chg,충전,NG,1724,1,0,0.794759
Test08_NG_chg,충전,NG,1725,1,0,0.755234
Test08_NG_chg,충전,NG,1726,1,0,0.773754
Test08_NG_chg,충전,NG,1727,1,0,0.809884
Test08_NG_chg,충전,NG,1728,1,0,0.801623
Test08_NG_chg,충전,NG,1729,1,0,0.753915
Test08_NG_chg,충전,NG,1730,1,0,0.822275
Test08_NG_chg,충전,NG,1731,1,0,0.824369
Test08_NG_chg,충전,NG,1732,1,0,0.753155
Test08_NG_chg,충전,NG,1733,1,0,0.755383
Test08_NG_chg,충전,NG,1734,1,0,0.82207
Test08_NG_chg,충전,NG,1735,1,0,0.751642
Test08_NG_chg,충전,NG,1736,1,0,0.878308
Test08_NG_chg,충전,NG,1737,1,0,0.768689
Test08_NG_chg,충전,NG,1738,1,0,0.761202
Test08_NG_chg,충전,NG,1739,1,0,0.744294
Test08_NG_chg,충전,NG,1740,1,0,2.374459
Test08_NG_chg,충전,NG,1741,1,0,0.817279
Test08_NG_chg,충전,NG,1742,1,0,0.741739
Test08_NG_chg,충전,NG,1743,1,0,1.180371
Test08_NG_chg,충전,NG,1744,1,0,1.138019
Test08_NG_chg,충전,NG,1745,1,0,0.796488
Test08_NG_chg,충전,NG,1746,1,0,0.775975
Test08_NG_chg,충전,NG,1747,1,0,0.765647
Test08_NG_chg,충전,NG,1748,1,0,0.776105
Test08_NG_chg,충전,NG,1749,1,0,0.763129
Test08_NG_chg,충전,NG,1750,1,0,1.15923
Test08_NG_chg,충전,NG,1751,1,0,0.783297
Test08_NG_chg,충전,NG,1752,1,0,0.770352
Test08_NG_chg,충전,NG,1753,1,0,0.805462
Test08_NG_chg,충전,NG,1754,1,0,1.133938
Test08_NG_chg,충전,NG,1755,1,0,0.765344
Test08_NG_chg,충전,NG,1756,1,0,1.106622
Test08_NG_chg,충전,NG,1757,1,0,0.753906
Test08_NG_chg,충전,NG,1758,1,0,1.112974
Test08_NG_chg,충전,NG,1759,1,0,0.759437
Test08_NG_chg,충전,NG,1760,1,0,0.783493
Test08_NG_chg,충전,NG,1761,1,0,0.728797
Test08_NG_chg,충전,NG,1762,1,0,0.742794
Test08_NG_chg,충전,NG,1763,1,0,1.118903
Test08_NG_chg,충전,NG,1764,1,0,0.665027
Test08_NG_chg,충전,NG,1765,1,0,1.072509
Test08_NG_chg,충전,NG,1766,1,0,0.768043
Test08_NG_chg,충전,NG,1767,1,0,1.064273
Test08_NG_chg,충전,NG,1768,1,0,0.987139
Test08_NG_chg,충전,NG,1769,1,0,1.767694
Test08_NG_chg,충전,NG,1770,1,0,2.147518
Test08_NG_chg,충전,NG,1771,1,0,2.117631
Test08_NG_chg,충전,NG,1772,1,0,1.047062
Test08_NG_chg,충전,NG,1773,1,0,1.050387
Test08_NG_chg,충전,NG,1774,1,0,1.074718
Test08_NG_chg,충전,NG,1775,1,0,1.052419
Test08_NG_chg,충전,NG,1776,1,0,0.781993
Test08_NG_chg,충전,NG,1777,1,0,0.789302
Test08_NG_chg,충전,NG,1778,1,0,0.769269
Test08_NG_chg,충전,NG,1779,1,0,1.058388
Test08_NG_chg,충전,NG,1780,1,0,0.813455
Test08_NG_chg,충전,NG,1781,1,0,0.737605
Test08_NG_chg,충전,NG,1782,1,0,0.746351
Test08_NG_chg,충전,NG,1783,1,0,1.045922
Test08_NG_chg,충전,NG,1784,1,0,1.052846
Test08_NG_chg,충전,NG,1785,1,0,0.726783
Test08_NG_chg,충전,NG,1786,1,0,0.725123
Test08_NG_chg,충전,NG,1787,1,0,1.024023
Test08_NG_chg,충전,NG,1788,1,0,0.659626
Test08_NG_chg,충전,NG,1789,1,0,0.7032
Test08_NG_chg,충전,NG,1790,1,0,0.718822
Test08_NG_chg,충전,NG,1791,1,0,1.064273
Test08_NG_chg,충전,NG,1792,1,0,0.65744
Test08_NG_chg,충전,NG,1793,1,0,0.973512
Test08_NG_chg,충전,NG,1794,1,0,0.632743
Test08_NG_chg,충전,NG,1795,1,0,2.075402
Test08_NG_chg,충전,NG,1796,1,0,1.02242
Test08_NG_chg,충전,NG,1797,1,0,0.721312
Test08_NG_chg,충전,NG,1798,1,0,1.012789
Test08_NG_chg,충전,NG,1799,1,0,1.027678
Test08_NG_chg,충전,NG,1800,1,0,0.761088
Test08_NG_chg,충전,NG,1801,1,0,0.715504
Test08_NG_chg,충전,NG,1802,1,0,0.740851
Test08_NG_chg,충전,NG,1803,1,0,0.721363
Test08_NG_chg,충전,NG,1804,1,0,1.068992
Test08_NG_chg,충전,NG,1805,1,0,1.022027
Test08_NG_chg,충전,NG,1806,1,0,0.710256
Test08_NG_chg,충전,NG,1807,1,0,1.045414
Test08_NG_chg,충전,NG,1808,1,0,0.72309
Test08_NG_chg,충전,NG,1809,1,0,1.0224
Test08_NG_chg,충전,NG,1810,1,0,1.048851
Test08_NG_chg,충전,NG,1811,1,0,1.009404
Test08_NG_chg,충전,NG,1812,1,0,1.051969
Test08_NG_chg,충전,NG,1813,1,0,1.011283
Test08_NG_chg,충전,NG,1814,1,0,0.725852
Test08_NG_chg,충전,NG,1815,1,0,0.723686
Test08_NG_chg,충전,NG,1816,1,0,1.038276
Test08_NG_chg,충전,NG,1817,1,0,1.049105
Test08_NG_chg,충전,NG,1818,1,0,1.007967
Test08_NG_chg,충전,NG,1819,1,0,1.018692
Test08_NG_chg,충전,NG,1820,1,0,1.061215
Test08_NG_chg,충전,NG,1821,1,0,0.704946
Test08_NG_chg,충전,NG,1822,1,0,0.728885
Test08_NG_chg,충전,NG,1823,1,0,0.703342
Test08_NG_chg,충전,NG,1824,1,0,0.95449
Test08_NG_chg,충전,NG,1825,1,0,1.03207
Test08_NG_chg,충전,NG,1826,1,0,0.727017
Test08_NG_chg,충전,NG,1827,1,0,0.706507
Test08_NG_chg,충전,NG,1828,1,0,0.649378
Test08_NG_chg,충전,NG,1829,1,0,0.635522
Test08_NG_chg,충전,NG,1830,1,0,0.967132
Test08_NG_chg,충전,NG,1831,1,0,0.653034
Test08_NG_chg,충전,NG,1832,1,0,0.969539
Test08_NG_chg,충전,NG,1833,1,0,0.65128
Test08_NG_chg,충전,NG,1834,1,0,1.786783
Test08_NG_chg,충전,NG,1835,1,0,2.125836
Test08_NG_chg,충전,NG,1836,1,0,1.777671
Test08_NG_chg,충전,NG,1837,1,0,0.707405
Test08_NG_chg,충전,NG,1838,1,0,0.73969
Test08_NG_chg,충전,NG,1839,1,0,2.147916
Test08_NG_chg,충전,NG,1840,1,0,1.789416
Test08_NG_chg,충전,NG,1841,1,0,0.710564
Test08_NG_chg,충전,NG,1842,1,0,1.038321
Test08_NG_chg,충전,NG,1843,1,0,0.721843
Test08_NG_chg,충전,NG,1844,1,0,0.722683
Test08_NG_chg,충전,NG,1845,1,0,1.02972
Test08_NG_chg,충전,NG,1846,1,0,0.727072
Test08_NG_chg,충전,NG,1847,1,0,0.724142
Test08_NG_chg,충전,NG,1848,1,0,1.042672
Test08_NG_chg,충전,NG,1849,1,0,1.056818
Test08_NG_chg,충전,NG,1850,1,0,0.719175
Test08_NG_chg,충전,NG,1851,1,0,0.710536
Test08_NG_chg,충전,NG,1852,1,0,0.726815
Test08_NG_chg,충전,NG,1853,1,0,0.71392
Test08_NG_chg,충전,NG,1854,1,0,0.727998
Test08_NG_chg,충전,NG,1855,1,0,0.730963
Test08_NG_chg,충전,NG,1856,1,0,1.063528
Test08_NG_chg,충전,NG,1857,1,0,1.032314
Test08_NG_chg,충전,NG,1858,1,0,0.739164
Test08_NG_chg,충전,NG,1859,1,0,1.04176
Test08_NG_chg,충전,NG,1860,1,0,1.040751
Test08_NG_chg,충전,NG,1861,1,0,1.040797
Test08_NG_chg,충전,NG,1862,1,0,0.702609
Test08_NG_chg,충전,NG,1863,1,0,0.742336
Test08_NG_chg,충전,NG,1864,1,0,1.051182
Test08_NG_chg,충전,NG,1865,1,0,0.664476
Test08_NG_chg,충전,NG,1866,1,0,0.972381
Test08_NG_chg,충전,NG,1867,1,0,0.96728
Test08_NG_chg,충전,NG,1868,1,0,0.684731
Test08_NG_chg,충전,NG,1869,1,0,0.662138
Test08_NG_chg,충전,NG,1870,1,0,0.651374
Test08_NG_chg,충전,NG,1871,1,0,0.64444
Test08_NG_chg,충전,NG,1872,1,0,1.000519
Test08_NG_chg,충전,NG,1873,1,0,0.970356
Test08_NG_chg,충전,NG,1874,1,0,0.667068
Test08_NG_chg,충전,NG,1875,1,0,0.634848
Test08_NG_chg,충전,NG,1876,1,0,0.657783
Test08_NG_chg,충전,NG,1877,1,0,1.78597
Test08_NG_chg,충전,NG,1878,1,0,2.144788
Test08_NG_chg,충전,NG,1879,1,0,0.666236
Test08_NG_chg,충전,NG,1880,1,0,2.093218
Test08_NG_chg,충전,NG,1881,1,0,2.482215
Test08_NG_chg,충전,NG,1882,1,0,0.6953
Test08_NG_chg,충전,NG,1883,1,0,1.808331
Test08_NG_chg,충전,NG,1884,1,0,0.736971
Test08_NG_chg,충전,NG,1885,1,0,1.076025
Test08_NG_chg,충전,NG,1886,1,0,1.066696
Test08_NG_chg,충전,NG,1887,1,0,0.747419
Test08_NG_chg,충전,NG,1888,1,0,1.064462
Test08_NG_chg,충전,NG,1889,1,0,0.75106
Test08_NG_chg,충전,NG,1890,1,0,0.748689
Test08_NG_chg,충전,NG,1891,1,0,0.750363
Test08_NG_chg,충전,NG,1892,1,0,0.759728
Test08_NG_chg,충전,NG,1893,1,0,0.760278
Test08_NG_chg,충전,NG,1894,1,0,0.751461
Test08_NG_chg,충전,NG,1895,1,0,0.771568
Test08_NG_chg,충전,NG,1896,1,0,0.786163
Test08_NG_chg,충전,NG,1897,1,0,0.720929
Test08_NG_chg,충전,NG,1898,1,0,0.73695
Test08_NG_chg,충전,NG,1899,1,0,0.707728
Test08_NG_chg,충전,NG,1900,1,0,0.714802
Test08_NG_chg,충전,NG,1901,1,0,1.002038
Test08_NG_chg,충전,NG,1902,1,0,0.689619
Test08_NG_chg,충전,NG,1903,1,0,0.695575
Test08_NG_chg,충전,NG,1904,1,0,0.687434
Test08_NG_chg,충전,NG,1905,1,0,0.6965
Test08_NG_chg,충전,NG,1906,1,0,1.005922
Test08_NG_chg,충전,NG,1907,1,0,1.004864
Test08_NG_chg,충전,NG,1908,1,0,0.699828
Test08_NG_chg,충전,NG,1909,1,0,0.685897
Test08_NG_chg,충전,NG,1910,1,0,0.712322
Test08_NG_chg,충전,NG,1911,1,0,1.00784
Test08_NG_chg,충전,NG,1912,1,0,0.676837
Test08_NG_chg,충전,NG,1913,1,0,1.036619
Test08_NG_chg,충전,NG,1914,1,0,1.036771
Test08_NG_chg,충전,NG,1915,1,0,1.018291
Test08_NG_chg,충전,NG,1916,1,0,0.71106
Test08_NG_chg,충전,NG,1917,1,0,0.796164
Test08_NG_chg,충전,NG,1918,1,0,0.716246
Test08_NG_chg,충전,NG,1919,1,0,0.715977
Test08_NG_chg,충전,NG,1920,1,0,0.724565
Test08_NG_chg,충전,NG,1921,1,0,1.834579
Test08_NG_chg,충전,NG,1922,1,0,1.07324
Test08_NG_chg,충전,NG,1923,1,0,0.774852
Test08_NG_chg,충전,NG,1924,1,0,0.791039
Test08_NG_chg,충전,NG,1925,1,0,1.089797
Test08_NG_chg,충전,NG,1926,1,0,1.110232
Test08_NG_chg,충전,NG,1927,1,0,0.791217
Test08_NG_chg,충전,NG,1928,1,0,1.09943
Test08_NG_chg,충전,NG,1929,1,0,0.774238
Test08_NG_chg,충전,NG,1930,1,0,0.770077
Test08_NG_chg,충전,NG,1931,1,0,0.797405
Test08_NG_chg,충전,NG,1932,1,0,0.803853
Test08_NG_chg,충전,NG,1933,1,0,0.774814
Test08_NG_chg,충전,NG,1934,1,0,0.842641
Test08_NG_chg,충전,NG,1935,1,0,0.785817
Test08_NG_chg,충전,NG,1936,1,0,0.828117
Test08_NG_chg,충전,NG,1937,1,0,0.810364
Test08_NG_chg,충전,NG,1938,1,0,0.794733
Test08_NG_chg,충전,NG,1939,1,0,0.809094
Test08_NG_chg,충전,NG,1940,1,0,0.799183
Test08_NG_chg,충전,NG,1941,1,0,0.788261
Test08_NG_chg,충전,NG,1942,1,0,1.116966
Test08_NG_chg,충전,NG,1943,1,0,0.814472
Test08_NG_chg,충전,NG,1944,1,0,0.814953
Test08_NG_chg,충전,NG,1945,1,0,0.809357
Test08_NG_chg,충전,NG,1946,1,0,0.731119
Test08_NG_chg,충전,NG,1947,1,0,0.721598
Test08_NG_chg,충전,NG,1948,1,0,1.118164
Test08_NG_chg,충전,NG,1949,1,0,0.830998
Test08_NG_chg,충전,NG,1950,1,0,0.75633
Test08_NG_chg,충전,NG,1951,1,0,0.746777
Test08_NG_chg,충전,NG,1952,1,0,0.755157
Test08_NG_chg,충전,NG,1953,1,0,0.763014
Test08_NG_chg,충전,NG,1954,1,0,0.755945
Test08_NG_chg,충전,NG,1955,1,0,0.811358
Test08_NG_chg,충전,NG,1956,1,0,0.753275
Test08_NG_chg,충전,NG,1957,1,0,0.76803
Test08_NG_chg,충전,NG,1958,1,0,0.76719
Test08_NG_chg,충전,NG,1959,1,0,0.795404
Test08_NG_chg,충전,NG,1960,1,0,0.726735
Test08_NG_chg,충전,NG,1961,1,0,0.73214
Test08_NG_chg,충전,NG,1962,1,0,1.119215
Test08_NG_chg,충전,NG,1963,1,0,0.781426
Test08_NG_chg,충전,NG,1964,1,0,1.070014
Test08_NG_chg,충전,NG,1965,1,0,0.723511
Test08_NG_chg,충전,NG,1966,1,0,0.746753
Test08_NG_chg,충전,NG,1967,1,0,1.090039
Test08_NG_chg,충전,NG,1968,1,0,0.780329
Test08_NG_chg,충전,NG,1969,1,0,0.768586
Test08_NG_chg,충전,NG,1970,1,0,0.782367
Test08_NG_chg,충전,NG,1971,1,0,0.764647
Test08_NG_chg,충전,NG,1972,1,0,0.767567
Test08_NG_chg,충전,NG,1973,1,0,0.794053
Test08_NG_chg,충전,NG,1974,1,0,0.77716
Test08_NG_chg,충전,NG,1975,1,0,1.070072
Test08_NG_chg,충전,NG,1976,1,0,0.791716
Test08_NG_chg,충전,NG,1977,1,0,0.797727
Test08_NG_chg,충전,NG,1978,1,0,0.779859
Test08_NG_chg,충전,NG,1979,1,0,0.764571
Test08_NG_chg,충전,NG,1980,1,0,0.784944
Test08_NG_chg,충전,NG,1981,1,0,0.811712
Test08_NG_chg,충전,NG,1982,1,0,1.944333
Test08_NG_chg,충전,NG,1983,1,0,2.231264
Test08_NG_chg,충전,NG,1984,1,0,1.949387
Test08_NG_chg,충전,NG,1985,1,0,0.851504
Test08_NG_chg,충전,NG,1986,1,0,2.255898
Test08_NG_chg,충전,NG,1987,1,0,1.979391
Test08_NG_chg,충전,NG,1988,1,0,0.863613
Test08_NG_chg,충전,NG,1989,1,0,0.799267
Test08_NG_chg,충전,NG,1990,1,0,0.920099
Test08_NG_chg,충전,NG,1991,1,0,0.885724
Test08_NG_chg,충전,NG,1992,1,0,0.851397
Test08_NG_chg,충전,NG,1993,1,0,0.789699
Test08_NG_chg,충전,NG,1994,1,0,0.798255
Test08_NG_chg,충전,NG,1995,1,0,1.142348
Test08_NG_chg,충전,NG,1996,1,0,1.143799
Test08_NG_chg,충전,NG,1997,1,0,0.808675
Test08_NG_chg,충전,NG,1998,1,0,0.822507
Test08_NG_chg,충전,NG,1999,1,0,0.834287
Test08_NG_chg,충전,NG,2000,1,0,0.794403
Test08_NG_chg,충전,NG,2001,1,0,0.825252
Test08_NG_chg,충전,NG,2002,1,0,0.839786
Test08_NG_chg,충전,NG,2003,1,0,0.851668
Test08_NG_chg,충전,NG,2004,1,0,0.828421
Test08_NG_chg,충전,NG,2005,1,0,0.829036
Test08_NG_chg,충전,NG,2006,1,0,0.846444
Test08_NG_chg,충전,NG,2007,1,0,0.853136
Test08_NG_chg,충전,NG,2008,1,0,0.869411
Test08_NG_chg,충전,NG,2009,1,0,0.819839
Test08_NG_chg,충전,NG,2010,1,0,0.839945
Test08_NG_chg,충전,NG,2011,1,0,0.83062
Test08_NG_chg,충전,NG,2012,1,0,0.796342
Test08_NG_chg,충전,NG,2013,1,0,0.834633
Test08_NG_chg,충전,NG,2014,1,0,0.796286
Test08_NG_chg,충전,NG,2015,1,0,0.828418
Test08_NG_chg,충전,NG,2016,1,0,0.868939
Test08_NG_chg,충전,NG,2017,1,0,0.844652
Test08_NG_chg,충전,NG,2018,1,0,0.845955
Test08_NG_chg,충전,NG,2019,1,0,0.862234
Test08_NG_chg,충전,NG,2020,1,0,0.823252
Test08_NG_chg,충전,NG,2021,1,0,0.893865
Test08_NG_chg,충전,NG,2022,1,0,0.834573
Test08_NG_chg,충전,NG,2023,1,0,0.848361
Test08_NG_chg,충전,NG,2024,1,0,0.853186
Test08_NG_chg,충전,NG,2025,1,0,0.865467
Test08_NG_chg,충전,NG,2026,1,0,0.846563
Test08_NG_chg,충전,NG,2027,1,0,0.831758
Test08_NG_chg,충전,NG,2028,1,0,0.847474
Test08_NG_chg,충전,NG,2029,1,0,0.837036
Test08_NG_chg,충전,NG,2030,1,0,0.879062
Test08_NG_chg,충전,NG,2031,1,0,0.858836
Test08_NG_chg,충전,NG,2032,1,0,1.207062
Test08_NG_chg,충전,NG,2033,1,0,0.871071
Test08_NG_chg,충전,NG,2034,1,0,0.866535
Test08_NG_chg,충전,NG,2035,1,0,0.855771
Test08_NG_chg,충전,NG,2036,1,0,0.867331
Test08_NG_chg,충전,NG,2037,1,0,0.866907
Test08_NG_chg,충전,NG,2038,1,0,2.025413
Test08_NG_chg,충전,NG,2039,1,0,0.961426
Test08_NG_chg,충전,NG,2040,1,0,2.314249
Test08_NG_chg,충전,NG,2041,1,0,0.861101
Test08_NG_chg,충전,NG,2042,1,0,2.061608
Test08_NG_chg,충전,NG,2043,1,0,2.274346
Test08_NG_chg,충전,NG,2044,1,0,0.88883
Test08_NG_chg,충전,NG,2045,1,0,0.890739
Test08_NG_chg,충전,NG,2046,1,0,0.83816
Test08_NG_chg,충전,NG,2047,1,0,2.033258
Test08_NG_chg,충전,NG,2048,1,0,2.293196
Test08_NG_chg,충전,NG,2049,1,0,2.042106
Test08_NG_chg,충전,NG,2050,1,0,0.955172
Test08_NG_chg,충전,NG,2051,1,0,0.952886
Test08_NG_chg,충전,NG,2052,1,0,0.938125
Test08_NG_chg,충전,NG,2053,1,0,0.959982
Test08_NG_chg,충전,NG,2054,1,0,0.951935
Test08_NG_chg,충전,NG,2055,1,0,0.881088
Test08_NG_chg,충전,NG,2056,1,0,0.927155
Test08_NG_chg,충전,NG,2057,1,0,0.978098
Test08_NG_chg,충전,NG,2058,1,0,0.840801
Test08_NG_chg,충전,NG,2059,1,0,0.951868
Test08_NG_chg,충전,NG,2060,1,0,0.996149
Test08_NG_chg,충전,NG,2061,1,0,0.977496
Test08_NG_chg,충전,NG,2062,1,0,0.890311
Test08_NG_chg,충전,NG,2063,1,0,0.907798
Test08_NG_chg,충전,NG,2064,1,0,0.926861
Test08_NG_chg,충전,NG,2065,1,0,0.95008
Test08_NG_chg,충전,NG,2066,1,0,0.90737
Test08_NG_chg,충전,NG,2067,1,0,0.924412
Test08_NG_chg,충전,NG,2068,1,0,0.927297
Test08_NG_chg,충전,NG,2069,1,0,0.941818
Test08_NG_chg,충전,NG,2070,1,0,0.900342
Test08_NG_chg,충전,NG,2071,1,0,0.908418
Test08_NG_chg,충전,NG,2072,1,0,0.923001
Test08_NG_chg,충전,NG,2073,1,0,0.95291
Test08_NG_chg,충전,NG,2074,1,0,0.912521
Test08_NG_chg,충전,NG,2075,1,0,0.918929
Test08_NG_chg,충전,NG,2076,1,0,0.906323
Test08_NG_chg,충전,NG,2077,1,0,0.887937
Test08_NG_chg,충전,NG,2078,1,0,0.961912
Test08_NG_chg,충전,NG,2079,1,0,0.932066
Test08_NG_chg,충전,NG,2080,1,0,0.903736
Test08_NG_chg,충전,NG,2081,1,0,1.259793
Test08_NG_chg,충전,NG,2082,1,0,0.921718
Test08_NG_chg,충전,NG,2083,1,0,0.871093
Test08_NG_chg,충전,NG,2084,1,0,0.879898
Test08_NG_chg,충전,NG,2085,1,0,0.923832
Test08_NG_chg,충전,NG,2086,1,0,0.943731
Test08_NG_chg,충전,NG,2087,1,0,0.932913
Test08_NG_chg,충전,NG,2088,1,0,0.914397
Test08_NG_chg,충전,NG,2089,1,0,0.923916
Test08_NG_chg,충전,NG,2090,1,0,0.915375
Test08_NG_chg,충전,NG,2091,1,0,0.913755
Test08_NG_chg,충전,NG,2092,1,0,0.906133
Test08_NG_chg,충전,NG,2093,1,0,0.91416
Test08_NG_chg,충전,NG,2094,1,0,0.942777
Test08_NG_chg,충전,NG,2095,1,0,0.941247
Test08_NG_chg,충전,NG,2096,1,0,0.947703
Test08_NG_chg,충전,NG,2097,1,0,0.931617
Test08_NG_chg,충전,NG,2098,1,0,0.953551
Test08_NG_chg,충전,NG,2099,1,0,0.936653
Test08_NG_chg,충전,NG,2100,1,0,0.900689
Test08_NG_chg,충전,NG,2101,1,0,0.975356
Test08_NG_chg,충전,NG,2102,1,0,0.927198
Test08_NG_chg,충전,NG,2103,1,0,0.951792
Test08_NG_chg,충전,NG,2104,1,0,0.966666
Test08_NG_chg,충전,NG,2105,1,0,0.93164
Test08_NG_chg,충전,NG,2106,1,0,0.916776
Test08_NG_chg,충전,NG,2107,1,0,0.95009
Test08_NG_chg,충전,NG,2108,1,0,0.948107
Test08_NG_chg,충전,NG,2109,1,0,0.935468
Test08_NG_chg,충전,NG,2110,1,0,0.94478
Test08_NG_chg,충전,NG,2111,1,0,0.956728
Test08_NG_chg,충전,NG,2112,1,0,0.973746
Test08_NG_chg,충전,NG,2113,1,0,0.932789
Test08_NG_chg,충전,NG,2114,1,0,0.946885
Test08_NG_chg,충전,NG,2115,1,0,0.997356
Test08_NG_chg,충전,NG,2116,1,0,0.977453
Test08_NG_chg,충전,NG,2117,1,0,0.969585
Test08_NG_chg,충전,NG,2118,1,0,0.927603
Test08_NG_chg,충전,NG,2119,1,0,0.947907
Test08_NG_chg,충전,NG,2120,1,0,0.96325
Test08_NG_chg,충전,NG,2121,1,0,1.006981
Test08_NG_chg,충전,NG,2122,1,0,0.985007
Test08_NG_chg,충전,NG,2123,1,0,0.987942
Test08_NG_chg,충전,NG,2124,1,0,0.957883
Test08_NG_chg,충전,NG,2125,1,0,1.009971
Test08_NG_chg,충전,NG,2126,1,0,0.971724
Test08_NG_chg,충전,NG,2127,1,0,0.968772
Test08_NG_chg,충전,NG,2128,1,0,0.958548
Test08_NG_chg,충전,NG,2129,1,0,0.984238
Test08_NG_chg,충전,NG,2130,1,0,0.963503
Test08_NG_chg,충전,NG,2131,1,0,0.981736
Test08_NG_chg,충전,NG,2132,1,0,0.973687
Test08_NG_chg,충전,NG,2133,1,0,0.998931
Test08_NG_chg,충전,NG,2134,1,0,0.977347
Test08_NG_chg,충전,NG,2135,1,0,0.998164
Test08_NG_chg,충전,NG,2136,1,0,0.988642
Test08_NG_chg,충전,NG,2137,1,0,0.978813
Test08_NG_chg,충전,NG,2138,1,0,0.966075
Test08_NG_chg,충전,NG,2139,1,0,0.9684
Test08_NG_chg,충전,NG,2140,1,0,0.996891
Test08_NG_chg,충전,NG,2141,1,0,0.982822
Test08_NG_chg,충전,NG,2142,1,0,0.991328
Test08_NG_chg,충전,NG,2143,1,0,0.968539
Test08_NG_chg,충전,NG,2144,1,0,0.975369
Test08_NG_chg,충전,NG,2145,1,0,1.019106
Test08_NG_chg,충전,NG,2146,1,0,0.991862
Test08_NG_chg,충전,NG,2147,1,0,0.977464
Test08_NG_chg,충전,NG,2148,1,0,2.17768
Test08_NG_chg,충전,NG,2149,1,0,2.342739
Test08_NG_chg,충전,NG,2150,1,0,0.999967
Test08_NG_chg,충전,NG,2151,1,0,0.921019
Test08_NG_chg,충전,NG,2152,1,0,0.961683
Test08_NG_chg,충전,NG,2153,1,0,0.950241
Test08_NG_chg,충전,NG,2154,1,0,2.117576
Test08_NG_chg,충전,NG,2155,1,0,0.996679
Test08_NG_chg,충전,NG,2156,1,0,2.300951
Test08_NG_chg,충전,NG,2157,1,0,0.943364
Test08_NG_chg,충전,NG,2158,1,0,2.164333
Test08_NG_chg,충전,NG,2159,1,0,0.982766
Test08_NG_chg,충전,NG,2160,1,0,1.047328
Test08_NG_chg,충전,NG,2161,1,0,1.051257
Test08_NG_chg,충전,NG,2162,1,0,2.349023
Test08_NG_chg,충전,NG,2163,1,0,2.132951
Test08_NG_chg,충전,NG,2164,1,0,1.013336
Test08_NG_chg,충전,NG,2165,1,0,1.055106
Test08_NG_chg,충전,NG,2166,1,0,2.362267
Test08_NG_chg,충전,NG,2167,1,0,2.162094
Test08_NG_chg,충전,NG,2168,1,0,1.058503
Test08_NG_chg,충전,NG,2169,1,0,1.03056
Test08_NG_chg,충전,NG,2170,1,0,1.067734
Test08_NG_chg,충전,NG,2171,1,0,1.035764
Test08_NG_chg,충전,NG,2172,1,0,1.026719
Test08_NG_chg,충전,NG,2173,1,0,1.076778
Test08_NG_chg,충전,NG,2174,1,0,1.034443
Test08_NG_chg,충전,NG,2175,1,0,1.0347
Test08_NG_chg,충전,NG,2176,1,0,1.01693
Test08_NG_chg,충전,NG,2177,1,0,1.035959
Test08_NG_chg,충전,NG,2178,1,0,1.014512
Test08_NG_chg,충전,NG,2179,1,0,1.048418
Test08_NG_chg,충전,NG,2180,1,0,1.043297
Test08_NG_chg,충전,NG,2181,1,0,1.024862
Test08_NG_chg,충전,NG,2182,1,0,1.037053
Test08_NG_chg,충전,NG,2183,1,0,0.997618
Test08_NG_chg,충전,NG,2184,1,0,1.047438
Test08_NG_chg,충전,NG,2185,1,0,1.029859
Test08_NG_chg,충전,NG,2186,1,0,1.049023
Test08_NG_chg,충전,NG,2187,1,0,1.020325
Test08_NG_chg,충전,NG,2188,1,0,1.039369
Test08_NG_chg,충전,NG,2189,1,0,1.028938
Test08_NG_chg,충전,NG,2190,1,0,1.036076
Test08_NG_chg,충전,NG,2191,1,0,1.041435
Test08_NG_chg,충전,NG,2192,1,0,1.020349
Test08_NG_chg,충전,NG,2193,1,0,1.043748
Test08_NG_chg,충전,NG,2194,1,0,1.01907
Test08_NG_chg,충전,NG,2195,1,0,1.020309
Test08_NG_chg,충전,NG,2196,1,0,1.038434
Test08_NG_chg,충전,NG,2197,1,0,1.036134
Test08_NG_chg,충전,NG,2198,1,0,1.064639
Test08_NG_chg,충전,NG,2199,1,0,1.054065
Test08_NG_chg,충전,NG,2200,1,0,1.00493
Test08_NG_chg,충전,NG,2201,1,0,1.079938
Test08_NG_chg,충전,NG,2202,1,0,1.031682
Test08_NG_chg,충전,NG,2203,1,0,1.053143
Test08_NG_chg,충전,NG,2204,1,0,1.049028
Test08_NG_chg,충전,NG,2205,1,0,1.035174
Test08_NG_chg,충전,NG,2206,1,0,1.091332
Test08_NG_chg,충전,NG,2207,1,0,1.067938
Test08_NG_chg,충전,NG,2208,1,0,1.052997
Test08_NG_chg,충전,NG,2209,1,0,1.062831
Test08_NG_chg,충전,NG,2210,1,0,1.06455
Test08_NG_chg,충전,NG,2211,1,0,1.051531
Test08_NG_chg,충전,NG,2212,1,0,1.051586
Test08_NG_chg,충전,NG,2213,1,0,1.079137
Test08_NG_chg,충전,NG,2214,1,0,1.063239
Test08_NG_chg,충전,NG,2215,1,0,1.104743
Test08_NG_chg,충전,NG,2216,1,0,1.095428
Test08_NG_chg,충전,NG,2217,1,0,1.067658
Test08_NG_chg,충전,NG,2218,1,0,1.080406
Test08_NG_chg,충전,NG,2219,1,0,1.082089
Test08_NG_chg,충전,NG,2220,1,0,1.118541
Test08_NG_chg,충전,NG,2221,1,0,1.050111
Test08_NG_chg,충전,NG,2222,1,0,1.076789
Test08_NG_chg,충전,NG,2223,1,0,1.072457
Test08_NG_chg,충전,NG,2224,1,0,1.067318
Test08_NG_chg,충전,NG,2225,1,0,1.129911
Test08_NG_chg,충전,NG,2226,1,0,1.051038
Test08_NG_chg,충전,NG,2227,1,0,1.123524
Test08_NG_chg,충전,NG,2228,1,0,1.140887
Test08_NG_chg,충전,NG,2229,1,0,1.067839
Test08_NG_chg,충전,NG,2230,1,0,1.130444
Test08_NG_chg,충전,NG,2231,1,0,1.10414
Test08_NG_chg,충전,NG,2232,1,0,1.118786
Test08_NG_chg,충전,NG,2233,1,0,1.085517
Test08_NG_chg,충전,NG,2234,1,0,1.121643
Test08_NG_chg,충전,NG,2235,1,0,1.124381
Test08_NG_chg,충전,NG,2236,1,0,1.104148
Test08_NG_chg,충전,NG,2237,1,0,1.11288
Test08_NG_chg,충전,NG,2238,1,0,1.076784
Test08_NG_chg,충전,NG,2239,1,0,1.084531
Test08_NG_chg,충전,NG,2240,1,0,1.12074
Test08_NG_chg,충전,NG,2241,1,0,1.093048
Test08_NG_chg,충전,NG,2242,1,0,1.114862
Test08_NG_chg,충전,NG,2243,1,0,1.025235
Test08_NG_chg,충전,NG,2244,1,0,1.056546
Test08_NG_chg,충전,NG,2245,1,0,1.091119
Test08_NG_chg,충전,NG,2246,1,0,1.096017
Test08_NG_chg,충전,NG,2247,1,0,1.041454
Test08_NG_chg,충전,NG,2248,1,0,1.02984
Test08_NG_chg,충전,NG,2249,1,0,1.09596
Test08_NG_chg,충전,NG,2250,1,0,1.031282
Test08_NG_chg,충전,NG,2251,1,0,1.030966
Test08_NG_chg,충전,NG,2252,1,0,1.075692
Test08_NG_chg,충전,NG,2253,1,0,1.048395
Test08_NG_chg,충전,NG,2254,1,0,1.090733
Test08_NG_chg,충전,NG,2255,1,0,1.080617
Test08_NG_chg,충전,NG,2256,1,0,1.032179
Test08_NG_chg,충전,NG,2257,1,0,1.030152
Test08_NG_chg,충전,NG,2258,1,0,1.059906
Test08_NG_chg,충전,NG,2259,1,0,1.040857
Test08_NG_chg,충전,NG,2260,1,0,1.046765
Test08_NG_chg,충전,NG,2261,1,0,1.057946
Test08_NG_chg,충전,NG,2262,1,0,1.01821
Test08_NG_chg,충전,NG,2263,1,0,1.043464
Test08_NG_chg,충전,NG,2264,1,0,1.047869
Test08_NG_chg,충전,NG,2265,1,0,1.06852
Test08_NG_chg,충전,NG,2266,1,0,1.054617
Test08_NG_chg,충전,NG,2267,1,0,1.060692
Test08_NG_chg,충전,NG,2268,1,0,1.072224
Test08_NG_chg,충전,NG,2269,1,0,1.105293
Test08_NG_chg,충전,NG,2270,1,0,1.076071
Test08_NG_chg,충전,NG,2271,1,0,1.08423
Test08_NG_chg,충전,NG,2272,1,0,1.098856
Test08_NG_chg,충전,NG,2273,1,0,1.092707
Test08_NG_chg,충전,NG,2274,1,0,1.081248
Test08_NG_chg,충전,NG,2275,1,0,1.04959
Test08_NG_chg,충전,NG,2276,1,0,1.062239
Test08_NG_chg,충전,NG,2277,1,0,1.057232
Test08_NG_chg,충전,NG,2278,1,0,1.073285
Test08_NG_chg,충전,NG,2279,1,0,1.042569
Test08_NG_chg,충전,NG,2280,1,0,1.073744
Test08_NG_chg,충전,NG,2281,1,0,1.066876
Test08_NG_chg,충전,NG,2282,1,0,1.078393
Test08_NG_chg,충전,NG,2283,1,0,1.089222
Test08_NG_chg,충전,NG,2284,1,0,1.026562
Test08_NG_chg,충전,NG,2285,1,0,1.05882
Test08_NG_chg,충전,NG,2286,1,0,1.0488
Test08_NG_chg,충전,NG,2287,1,0,1.05482
Test08_NG_chg,충전,NG,2288,1,0,1.020806
Test08_NG_chg,충전,NG,2289,1,0,1.080617
Test08_NG_chg,충전,NG,2290,1,0,1.095742
Test08_NG_chg,충전,NG,2291,1,0,1.051941
Test08_NG_chg,충전,NG,2292,1,0,1.106682
Test08_NG_chg,충전,NG,2293,1,0,1.066182
Test08_NG_chg,충전,NG,2294,1,0,1.043477
Test08_NG_chg,충전,NG,2295,1,0,1.055678
Test08_NG_chg,충전,NG,2296,1,0,1.083523
Test08_NG_chg,충전,NG,2297,1,0,1.084117
Test08_NG_chg,충전,NG,2298,1,0,1.067157
Test08_NG_chg,충전,NG,2299,1,0,1.094594
Test08_NG_chg,충전,NG,2300,1,0,1.05602
Test08_NG_chg,충전,NG,2301,1,0,1.064495
Test08_NG_chg,충전,NG,2302,1,0,1.061887
Test08_NG_chg,충전,NG,2303,1,0,1.040491
Test08_NG_chg,충전,NG,2304,1,0,1.080538
Test08_NG_chg,충전,NG,2305,1,0,1.075125
Test08_NG_chg,충전,NG,2306,1,0,1.075129
Test08_NG_chg,충전,NG,2307,1,0,1.035357
Test08_NG_chg,충전,NG,2308,1,0,1.104728
Test08_NG_chg,충전,NG,2309,1,0,1.077088
Test08_NG_chg,충전,NG,2310,1,0,1.076322
Test08_NG_chg,충전,NG,2311,1,0,1.102244
Test08_NG_chg,충전,NG,2312,1,0,1.084861
Test08_NG_chg,충전,NG,2313,1,0,1.100331
Test08_NG_chg,충전,NG,2314,1,0,1.058077
Test08_NG_chg,충전,NG,2315,1,0,1.123931
Test08_NG_chg,충전,NG,2316,1,0,1.065675
Test08_NG_chg,충전,NG,2317,1,0,1.094809
Test08_NG_chg,충전,NG,2318,1,0,1.115533
Test08_NG_chg,충전,NG,2319,1,0,1.092765
Test08_NG_chg,충전,NG,2320,1,0,1.046745
Test08_NG_chg,충전,NG,2321,1,0,1.053562
Test08_NG_chg,충전,NG,2322,1,0,1.082606
Test08_NG_chg,충전,NG,2323,1,0,1.12774
Test08_NG_chg,충전,NG,2324,1,0,1.064926
Test08_NG_chg,충전,NG,2325,1,0,1.093066
Test08_NG_chg,충전,NG,2326,1,0,1.04437
Test08_NG_chg,충전,NG,2327,1,0,1.072189
Test08_NG_chg,충전,NG,2328,1,0,1.094137
Test08_NG_chg,충전,NG,2329,1,0,1.079453
Test08_NG_chg,충전,NG,2330,1,0,1.058356
Test08_NG_chg,충전,NG,2331,1,0,1.095468
Test08_NG_chg,충전,NG,2332,1,0,1.077676
Test08_NG_chg,충전,NG,2333,1,0,1.07499
Test08_NG_chg,충전,NG,2334,1,0,1.097595
Test08_NG_chg,충전,NG,2335,1,0,1.092023
Test08_NG_chg,충전,NG,2336,1,0,1.07618
Test08_NG_chg,충전,NG,2337,1,0,1.053853
Test08_NG_chg,충전,NG,2338,1,0,1.026833
Test08_NG_chg,충전,NG,2339,1,0,1.063165
Test08_NG_chg,충전,NG,2340,1,0,1.081067
Test08_NG_chg,충전,NG,2341,1,0,1.0558
Test08_NG_chg,충전,NG,2342,1,0,1.102854
Test08_NG_chg,충전,NG,2343,1,0,1.048453
Test08_NG_chg,충전,NG,2344,1,0,1.121986
Test08_NG_chg,충전,NG,2345,1,0,1.098694
Test08_NG_chg,충전,NG,2346,1,0,1.116532
Test08_NG_chg,충전,NG,2347,1,0,1.063919
Test08_NG_chg,충전,NG,2348,1,0,1.094192
Test08_NG_chg,충전,NG,2349,1,0,1.068167
Test08_NG_chg,충전,NG,2350,1,0,1.109356
Test08_NG_chg,충전,NG,2351,1,0,1.076192
Test08_NG_chg,충전,NG,2352,1,0,2.287926
Test08_NG_chg,충전,NG,2353,1,0,2.498388
Test08_NG_chg,충전,NG,2354,1,0,1.079955
Test08_NG_chg,충전,NG,2355,1,0,1.070989
Test08_NG_chg,충전,NG,2356,1,0,1.083135
Test08_NG_chg,충전,NG,2357,1,0,1.083508
Test08_NG_chg,충전,NG,2358,1,0,1.07446
Test08_NG_chg,충전,NG,2359,1,0,2.283524
Test08_NG_chg,충전,NG,2360,1,0,2.491703
Test08_NG_chg,충전,NG,2361,1,0,1.077041
Test08_NG_chg,충전,NG,2362,1,0,1.069434
Test08_NG_chg,충전,NG,2363,1,0,2.298947
Test08_NG_chg,충전,NG,2364,1,0,2.476999
Test08_NG_chg,충전,NG,2365,1,0,2.272551
Test08_NG_chg,충전,NG,2366,1,0,1.134391
Test08_NG_chg,충전,NG,2367,1,0,2.465416
Test08_NG_chg,충전,NG,2368,1,0,2.249028
Test08_NG_chg,충전,NG,2369,1,0,1.097989
Test08_NG_chg,충전,NG,2370,1,0,1.098942
Test08_NG_chg,충전,NG,2371,1,0,2.460127
Test08_NG_chg,충전,NG,2372,1,0,2.232814
Test08_NG_chg,충전,NG,2373,1,0,2.415074
Test08_NG_chg,충전,NG,2374,1,0,1.035144
Test08_NG_chg,충전,NG,2375,1,0,2.186645
Test08_NG_chg,충전,NG,2376,1,0,1.098592
Test08_NG_chg,충전,NG,2377,1,0,1.113407
Test08_NG_chg,충전,NG,2378,1,0,2.473701
Test08_NG_chg,충전,NG,2379,1,0,2.227546
Test08_NG_chg,충전,NG,2380,1,0,1.159673
Test08_NG_chg,충전,NG,2381,1,0,1.101812
Test08_NG_chg,충전,NG,2382,1,0,1.134396
Test08_NG_chg,충전,NG,2383,1,0,1.086458
Test08_NG_chg,충전,NG,2384,1,0,2.492597
Test08_NG_chg,충전,NG,2385,1,0,2.186757
Test08_NG_chg,충전,NG,2386,1,0,1.135634
Test08_NG_chg,충전,NG,2387,1,0,2.456136
Test08_NG_chg,충전,NG,2388,1,0,2.243295
Test08_NG_chg,충전,NG,2389,1,0,1.093715
Test08_NG_chg,충전,NG,2390,1,0,1.090599
Test08_NG_chg,충전,NG,2391,1,0,1.088901
Test08_NG_chg,충전,NG,2392,1,0,1.140881
Test08_NG_chg,충전,NG,2393,1,0,1.104845
Test08_NG_chg,충전,NG,2394,1,0,1.089848
Test08_NG_chg,충전,NG,2395,1,0,1.118437
