group_id,original_start_row,start,end,split,reason
Training_Data::cycle_1,0,2022-01-08 10:11:45.181000,2022-01-08 10:13:57.874000,fit,
Training_Data::cycle_2,39,2022-01-08 10:29:49.718000,2022-01-08 10:32:02.862000,fit,
Training_Data::cycle_3,78,2022-01-08 10:59:17.756000,2022-01-08 11:01:30.348000,fit,
Training_Data::cycle_4,117,2022-01-08 11:07:13.665000,2022-01-08 11:09:26.832000,fit,
Training_Data::cycle_5,156,2022-01-08 12:28:58.561000,2022-01-08 12:31:11.753000,fit,
Training_Data::cycle_6,195,2022-01-08 13:25:19.215000,2022-01-08 13:27:31.609000,fit,
Training_Data::cycle_7,234,2022-01-08 13:28:18.327000,2022-01-08 13:30:31.387000,fit,
Training_Data::cycle_8,273,2022-01-08 13:38:20.648000,2022-01-08 13:40:33.551000,fit,
Training_Data::cycle_9,312,2022-01-08 13:47:06.604000,2022-01-08 13:49:19.440000,fit,
Training_Data::cycle_10,351,2022-01-08 13:50:34.936000,2022-01-08 13:52:47.450000,fit,
Training_Data::cycle_11,390,2022-01-08 13:55:46.509000,2022-01-08 13:57:59.577000,fit,
Training_Data::cycle_12,429,2022-01-08 13:58:47.085000,2022-01-08 14:01:00.240000,fit,
Training_Data::cycle_13,468,2022-01-08 14:06:10.840000,2022-01-08 14:08:23.949000,fit,
Training_Data::cycle_14,507,2022-01-08 14:25:12.765000,2022-01-08 14:27:25.439000,fit,
Training_Data::cycle_15,546,2022-01-08 14:29:28.282000,2022-01-08 14:31:41.730000,fit,
Training_Data::cycle_16,585,2022-01-08 14:40:24.807000,2022-01-08 14:42:37.391000,fit,
Training_Data::cycle_17,624,2022-01-08 14:43:24.680000,2022-01-08 14:45:37.324000,fit,
Training_Data::cycle_18,663,2022-01-08 15:08:56.155000,2022-01-08 15:11:09.193000,fit,
Training_Data::cycle_19,702,2022-01-08 15:24:50.413000,2022-01-08 15:27:03.180000,fit,
Training_Data::cycle_20,741,2022-01-08 15:39:50.615000,2022-01-08 15:42:03.442000,fit,
Training_Data::cycle_21,780,2022-01-08 15:56:25.306000,2022-01-08 15:58:38.134000,fit,
Training_Data::cycle_22,819,2022-01-08 16:13:18.456000,2022-01-08 16:15:30.940000,fit,
Training_Data::cycle_23,858,2022-01-08 16:25:43.580000,2022-01-08 16:27:56.522000,fit,
Training_Data::cycle_24,897,2022-01-08 16:41:21.762000,2022-01-08 16:43:34.586000,fit,
Training_Data::cycle_25,936,2022-01-08 16:59:56.653000,2022-01-08 17:02:09.467000,fit,
Training_Data::cycle_26,975,2022-01-08 17:22:00.306000,2022-01-08 17:24:13.366000,fit,
Training_Data::cycle_27,1014,2022-01-18 11:25:16.283000,2022-01-18 11:27:29.782000,fit,
Training_Data::cycle_28,1053,2022-01-18 11:31:04.132000,2022-01-18 11:33:17.006000,fit,
Training_Data::cycle_29,1092,2022-01-18 11:36:36.331000,2022-01-18 11:38:49.589000,fit,
Training_Data::cycle_30,1131,2022-01-18 11:42:03.606000,2022-01-18 11:44:16.776000,fit,
Training_Data::cycle_31,1170,2022-01-18 11:47:40.305000,2022-01-18 11:49:54.139000,fit,
Training_Data::cycle_32,1209,2022-01-18 11:54:14.303000,2022-01-18 11:56:27.072000,fit,
Training_Data::cycle_33,1248,2022-01-18 12:00:18.808000,2022-01-18 12:02:32.489000,fit,
Training_Data::cycle_34,1287,2022-01-18 13:06:11.862000,2022-01-18 13:08:25.082000,fit,
Training_Data::cycle_35,1326,2022-01-18 13:11:24.116000,2022-01-18 13:13:36.803000,fit,
Training_Data::cycle_36,1365,2022-01-18 13:16:43.627000,2022-01-18 13:18:56.771000,fit,
Training_Data::cycle_37,1404,2022-01-18 13:23:17.326000,2022-01-18 13:25:30.792000,fit,
Training_Data::cycle_38,1443,2022-01-18 13:30:14.701000,2022-01-18 13:32:27.881000,fit,
Training_Data::cycle_39,1482,2022-01-18 13:35:58.904000,2022-01-18 13:38:12.248000,fit,
Training_Data::cycle_40,1521,2022-01-18 13:47:04.151000,2022-01-18 13:49:17.342000,fit,
Training_Data::cycle_41,1560,2022-01-18 13:54:04.200000,2022-01-18 13:56:17.803000,fit,
Training_Data::cycle_42,1599,2022-01-18 14:00:05.073000,2022-01-18 14:02:18.067000,fit,
Training_Data::cycle_43,1638,2022-01-18 14:06:26.782000,2022-01-18 14:08:39.730000,fit,
Training_Data::cycle_44,1677,2022-01-18 14:12:25.691000,2022-01-18 14:14:39.239000,fit,
Training_Data::cycle_45,1716,2022-01-18 14:18:02.590000,2022-01-18 14:20:16.810000,fit,
Training_Data::cycle_46,1755,2022-01-18 14:24:57.965000,2022-01-18 14:27:11.917000,fit,
Training_Data::cycle_47,1794,2022-01-18 14:30:25.623000,2022-01-18 14:32:38.946000,fit,
Training_Data::cycle_48,1833,2022-01-18 14:37:52.494000,2022-01-18 14:40:06.115000,fit,
Training_Data::cycle_49,1872,2022-01-18 14:43:37.725000,2022-01-18 14:45:51.586000,fit,
Training_Data::cycle_50,1911,2022-01-18 14:50:13.134000,2022-01-18 14:52:26.166000,fit,
Training_Data::cycle_51,1950,2022-01-18 14:55:32.911000,2022-01-18 14:57:45.691000,fit,
Training_Data::cycle_52,1989,2022-01-18 15:00:31.822000,2022-01-18 15:02:45.062000,fit,
Training_Data::cycle_53,2028,2022-01-18 15:07:40.355000,2022-01-18 15:09:54.353000,fit,
Training_Data::cycle_54,2067,2022-01-18 15:12:34.439000,2022-01-18 15:14:48.058000,fit,
Training_Data::cycle_55,2106,2022-01-18 15:17:49.604000,2022-01-18 15:20:02.996000,fit,
Training_Data::cycle_56,2145,2022-01-18 15:23:21.719000,2022-01-18 15:25:35.051000,fit,
Training_Data::cycle_57,2184,2022-01-18 15:28:36.784000,2022-01-18 15:30:49.554000,fit,
Training_Data::cycle_58,2223,2022-01-18 15:33:59.914000,2022-01-18 15:36:13.257000,fit,
Training_Data::cycle_59,2262,2022-01-18 15:51:26.185000,2022-01-18 15:53:39.315000,fit,
Training_Data::cycle_60,2301,2022-01-18 15:57:24.492000,2022-01-18 15:59:38.508000,fit,
Training_Data::cycle_61,2340,2022-01-18 16:03:32.782000,2022-01-18 16:05:46.211000,fit,
Training_Data::cycle_62,2379,2022-01-18 16:09:32.367000,2022-01-18 16:11:45.490000,fit,
Training_Data::cycle_63,2418,2022-01-18 16:16:18.164000,2022-01-18 16:18:30.915000,fit,
Training_Data::cycle_64,2457,2022-01-18 16:28:57.124000,2022-01-18 16:31:10.380000,fit,
Training_Data::cycle_65,2496,2022-01-18 16:34:50.435000,2022-01-18 16:37:03.403000,fit,
Training_Data::cycle_66,2535,2022-01-18 16:39:56.632000,2022-01-18 16:42:10,fit,
Training_Data::cycle_67,2574,2022-01-18 16:45:44.526000,2022-01-18 16:47:57.065000,fit,
Training_Data::cycle_68,2613,2022-01-18 16:51:19.539000,2022-01-18 16:53:33.359000,fit,
Training_Data::cycle_69,2652,2022-01-18 17:00:03.257000,2022-01-18 17:02:16.701000,fit,
Training_Data::cycle_70,2691,2022-01-18 17:05:11.929000,2022-01-18 17:07:24.668000,fit,
Training_Data::cycle_71,2730,2022-01-18 17:11:20.832000,2022-01-18 17:13:33.460000,fit,
Training_Data::cycle_72,2769,2022-01-19 09:11:57.101000,2022-01-19 09:14:10.752000,fit,
Training_Data::cycle_73,2808,2022-01-19 09:17:38.658000,2022-01-19 09:19:51.650000,fit,
Training_Data::cycle_74,2847,2022-01-19 09:23:18.220000,2022-01-19 09:25:31.525000,fit,
Training_Data::cycle_75,2886,2022-01-19 09:28:40.414000,2022-01-19 09:30:54.345000,fit,
Training_Data::cycle_76,2925,2022-01-19 09:36:09.200000,2022-01-19 09:38:22.751000,fit,
Training_Data::cycle_77,2964,2022-01-19 09:41:54.724000,2022-01-19 09:44:07.777000,fit,
Training_Data::cycle_78,3003,2022-01-19 09:48:15.390000,2022-01-19 09:50:28.627000,fit,
Training_Data::cycle_79,3042,2022-01-19 09:56:01.750000,2022-01-19 09:58:15.015000,fit,
Training_Data::cycle_80,3081,2022-01-19 10:01:29.940000,2022-01-19 10:03:42.640000,fit,
Training_Data::cycle_81,3120,2022-01-19 10:06:44.453000,2022-01-19 10:08:57.709000,fit,
Training_Data::cycle_82,3159,2022-01-19 10:13:15.958000,2022-01-19 10:15:28.809000,fit,
Training_Data::cycle_83,3198,2022-01-19 10:18:14.827000,2022-01-19 10:20:28.683000,fit,
Training_Data::cycle_84,3237,2022-01-19 10:24:10.848000,2022-01-19 10:26:23.587000,fit,
Training_Data::cycle_85,3276,2022-01-19 10:55:33.835000,2022-01-19 10:57:46.432000,fit,
Training_Data::cycle_86,3315,2022-01-19 11:01:27.785000,2022-01-19 11:03:41.120000,fit,
Training_Data::cycle_87,3354,2022-01-19 11:07:38.105000,2022-01-19 11:09:51.134000,fit,
Training_Data::cycle_88,3393,2022-01-19 11:14:57.870000,2022-01-19 11:17:10.560000,fit,
Training_Data::cycle_89,3432,2022-01-19 11:21:13.293000,2022-01-19 11:23:26.297000,fit,
Training_Data::cycle_90,3471,2022-01-19 11:26:20.808000,2022-01-19 11:28:33.926000,fit,
Training_Data::cycle_91,3510,2022-01-19 11:31:57.467000,2022-01-19 11:34:11.214000,fit,
Training_Data::cycle_92,3549,2022-01-19 11:37:24.748000,2022-01-19 11:39:38.184000,fit,
Training_Data::cycle_93,3588,2022-01-19 11:42:46.498000,2022-01-19 11:44:59.303000,fit,
Training_Data::cycle_94,3627,2022-01-19 11:47:42.633000,2022-01-19 11:49:56.015000,fit,
Training_Data::cycle_95,3666,2022-01-19 11:59:34.937000,2022-01-19 12:01:48.242000,fit,
Training_Data::cycle_96,3705,2022-01-19 13:09:19.762000,2022-01-19 13:11:32.906000,fit,
Training_Data::cycle_97,3744,2022-01-19 13:15:14.276000,2022-01-19 13:17:27.224000,fit,
Training_Data::cycle_98,3783,2022-01-19 13:20:21.507000,2022-01-19 13:22:34.577000,fit,
Training_Data::cycle_99,3822,2022-01-19 13:26:03.477000,2022-01-19 13:28:16.279000,fit,
Training_Data::cycle_100,3861,2022-01-19 13:32:25.630000,2022-01-19 13:34:38.371000,fit,
Training_Data::cycle_101,3900,2022-01-19 13:40:30.114000,2022-01-19 13:42:43.447000,fit,
Training_Data::cycle_102,3939,2022-01-19 13:46:23.927000,2022-01-19 13:48:36.966000,fit,
Training_Data::cycle_103,3978,2022-01-19 13:51:43.738000,2022-01-19 13:53:56.295000,fit,
Training_Data::cycle_104,4017,2022-01-19 14:02:34.098000,2022-01-19 14:04:46.845000,fit,
Training_Data::cycle_105,4056,2022-01-19 14:15:47.101000,2022-01-19 14:17:59.832000,fit,
Training_Data::cycle_106,4095,2022-01-19 14:22:32.280000,2022-01-19 14:24:45.120000,fit,
Training_Data::cycle_107,4134,2022-01-19 14:29:14.674000,2022-01-19 14:31:27.831000,fit,
Training_Data::cycle_108,4173,2022-01-19 14:39:24.076000,2022-01-19 14:41:36.918000,fit,
Training_Data::cycle_109,4212,2022-01-19 14:45:46.381000,2022-01-19 14:47:59.021000,fit,
Training_Data::cycle_110,4251,2022-01-19 14:53:54.644000,2022-01-19 14:56:07.511000,fit,
Training_Data::cycle_111,4290,2022-01-19 15:01:52.247000,2022-01-19 15:04:05.809000,fit,
Training_Data::cycle_112,4329,2022-01-19 15:11:39.055000,2022-01-19 15:13:52.211000,fit,
Training_Data::cycle_113,4368,2022-01-19 15:21:00.356000,2022-01-19 15:23:13.470000,fit,
Training_Data::cycle_114,4407,2022-01-19 15:52:33.908000,2022-01-19 15:54:46.641000,fit,
Training_Data::cycle_115,4446,2022-01-19 15:58:09.617000,2022-01-19 16:00:23.058000,fit,
Training_Data::cycle_116,4485,2022-01-19 16:07:57.995000,2022-01-19 16:10:11.133000,fit,
Training_Data::cycle_117,4524,2022-01-19 16:17:46.001000,2022-01-19 16:19:59,fit,
Training_Data::cycle_118,4563,2022-01-19 16:40:39.245000,2022-01-19 16:42:51.348000,fit,
Training_Data::cycle_119,4602,2022-01-19 16:51:18.931000,2022-01-19 16:53:32.591000,fit,
Training_Data::cycle_120,4641,2022-01-19 17:00:30.444000,2022-01-19 17:02:42.781000,fit,
Training_Data::cycle_121,4680,2022-01-19 17:10:20.184000,2022-01-19 17:12:34.065000,fit,
Training_Data::cycle_122,4719,2022-01-20 09:13:21.110000,2022-01-20 09:15:34.384000,fit,
Training_Data::cycle_123,4758,2022-01-20 09:19:22.440000,2022-01-20 09:21:35.703000,fit,
Training_Data::cycle_124,4797,2022-01-20 09:25:25.785000,2022-01-20 09:27:39.312000,fit,
Training_Data::cycle_125,4836,2022-01-20 10:02:41.407000,2022-01-20 10:04:54.532000,fit,
Training_Data::cycle_126,4875,2022-01-20 10:07:32.484000,2022-01-20 10:09:45.735000,fit,
Training_Data::cycle_127,4914,2022-01-20 10:13:18.677000,2022-01-20 10:15:31.398000,fit,
Training_Data::cycle_128,4953,2022-01-20 10:19:13.461000,2022-01-20 10:21:26.420000,fit,
Training_Data::cycle_129,4992,2022-01-20 10:25:02.788000,2022-01-20 10:27:15.433000,fit,
Training_Data::cycle_130,5031,2022-01-20 10:59:50.543000,2022-01-20 11:02:03.200000,fit,
Training_Data::cycle_131,5070,2022-01-20 11:05:16.853000,2022-01-20 11:07:30.075000,fit,
Training_Data::cycle_132,5109,2022-02-17 09:52:51.813000,2022-02-17 09:55:05.536000,fit,
Training_Data::cycle_133,5148,2022-02-17 10:17:00.462000,2022-02-17 10:19:14.312000,fit,
Training_Data::cycle_134,5187,2022-02-17 11:02:04.897000,2022-02-17 11:04:17.769000,fit,
Training_Data::cycle_135,5226,2022-02-17 11:09:26.907000,2022-02-17 11:11:39.906000,fit,
Training_Data::cycle_136,5265,2022-02-17 11:17:04.043000,2022-02-17 11:19:25.130000,fit,
Training_Data::cycle_137,5304,2022-02-17 11:29:35.603000,2022-02-17 11:31:48.725000,fit,
Training_Data::cycle_138,5343,2022-02-17 11:38:43.250000,2022-02-17 11:40:56.534000,fit,
Training_Data::cycle_139,5382,2022-02-17 13:09:40.175000,2022-02-17 13:11:52.740000,fit,
Training_Data::cycle_140,5421,2022-02-17 13:13:59.600000,2022-02-17 13:16:13.214000,fit,
Training_Data::cycle_141,5460,2022-02-17 13:19:35.572000,2022-02-17 13:21:48.202000,fit,
Training_Data::cycle_142,5499,2022-02-17 13:24:29.277000,2022-02-17 13:26:42.312000,fit,
Training_Data::cycle_143,5538,2022-02-17 13:29:15.334000,2022-02-17 13:31:28.626000,fit,
Training_Data::cycle_144,5577,2022-02-17 13:34:42.860000,2022-02-17 13:36:58.211000,fit,
Training_Data::cycle_145,5616,2022-02-17 13:40:12.266000,2022-02-17 13:42:26.074000,fit,
Training_Data::cycle_146,5655,2022-02-17 13:45:48.425000,2022-02-17 13:48:01.038000,fit,
Training_Data::cycle_147,5694,2022-02-17 13:50:49.368000,2022-02-17 13:53:02.594000,fit,
Training_Data::cycle_148,5733,2022-02-17 13:55:59.247000,2022-02-17 13:58:12.597000,fit,
Training_Data::cycle_149,5772,2022-02-17 14:03:20.417000,2022-02-17 14:05:33.577000,fit,
Training_Data::cycle_150,5811,2022-02-17 14:08:55.731000,2022-02-17 14:11:08.746000,fit,
Training_Data::cycle_151,5850,2022-02-17 14:13:27.105000,2022-02-17 14:15:39.934000,fit,
Training_Data::cycle_152,5889,2022-02-17 14:17:57.048000,2022-02-17 14:20:09.875000,fit,
Training_Data::cycle_153,5928,2022-02-17 14:27:34.132000,2022-02-17 14:29:46.872000,fit,
Training_Data::cycle_154,5967,2022-02-17 14:32:34.082000,2022-02-17 14:34:46.261000,fit,
Training_Data::cycle_155,6006,2022-02-17 14:36:55.997000,2022-02-17 14:39:09.125000,fit,
Training_Data::cycle_156,6045,2022-02-17 14:41:51.372000,2022-02-17 14:44:03.459000,fit,
Training_Data::cycle_157,6084,2022-02-17 14:48:29.978000,2022-02-17 14:50:42.828000,fit,
Training_Data::cycle_158,6123,2022-02-17 14:53:25.074000,2022-02-17 14:55:37.806000,fit,
Training_Data::cycle_159,6162,2022-02-17 14:59:22.987000,2022-02-17 15:01:35.594000,fit,
Training_Data::cycle_160,6201,2022-02-17 15:05:37.154000,2022-02-17 15:07:49.122000,fit,
Training_Data::cycle_161,6240,2022-02-17 15:11:43.687000,2022-02-17 15:13:56.503000,fit,
Training_Data::cycle_162,6279,2022-02-17 15:16:20.479000,2022-02-17 15:18:33.085000,fit,
Training_Data::cycle_163,6318,2022-02-17 15:26:52.363000,2022-02-17 15:29:04.620000,fit,
Training_Data::cycle_164,6357,2022-02-17 15:31:41.344000,2022-02-17 15:33:54.507000,fit,
Training_Data::cycle_165,6396,2022-02-17 15:51:24.145000,2022-02-17 15:53:37.404000,fit,
Training_Data::cycle_166,6435,2022-02-17 16:02:05.729000,2022-02-17 16:04:19.674000,fit,
Training_Data::cycle_167,6474,2022-02-17 16:19:26.369000,2022-02-17 16:21:39.563000,fit,
Training_Data::cycle_168,6513,2022-02-17 16:27:23.687000,2022-02-17 16:29:36.309000,fit,
Training_Data::cycle_169,6552,2022-02-17 16:32:15.942000,2022-02-17 16:34:28.920000,fit,
Training_Data::cycle_170,6591,2022-02-17 16:37:05.077000,2022-02-17 16:39:17.848000,fit,
Training_Data::cycle_171,6630,2022-02-17 16:42:01.276000,2022-02-17 16:44:14.547000,fit,
Training_Data::cycle_172,6669,2022-02-17 16:47:58.479000,2022-02-17 16:50:11.034000,fit,
Training_Data::cycle_173,6708,2022-02-17 16:53:30.277000,2022-02-17 16:55:43.137000,fit,
Training_Data::cycle_174,6747,2022-02-17 16:59:18.746000,2022-02-17 17:01:31.398000,fit,
Training_Data::cycle_175,6786,2022-02-17 17:03:44.769000,2022-02-17 17:05:57.175000,fit,
Training_Data::cycle_176,6825,2022-02-17 17:08:25.491000,2022-02-17 17:10:37.808000,fit,
Training_Data::cycle_177,6864,2022-02-17 17:12:45.218000,2022-02-17 17:14:58.088000,fit,
Training_Data::cycle_178,6903,2022-02-17 17:17:08.817000,2022-02-17 17:19:21.368000,fit,
Training_Data::cycle_179,6942,2022-02-17 17:23:06.233000,2022-02-17 17:25:18.946000,fit,
Training_Data::cycle_180,6981,2022-02-17 17:30:47.948000,2022-02-17 17:33:00.384000,fit,
Training_Data::cycle_181,7020,2022-02-17 17:36:11.113000,2022-02-17 17:38:24.065000,fit,
Training_Data::cycle_182,7059,2022-02-18 09:06:34.908000,2022-02-18 09:08:48.053000,fit,
Training_Data::cycle_183,7098,2022-02-18 09:19:18.100000,2022-02-18 09:21:30.948000,fit,
Training_Data::cycle_184,7137,2022-02-18 09:42:30.901000,2022-02-18 09:44:44.214000,fit,
Training_Data::cycle_185,7176,2022-02-18 09:57:29.582000,2022-02-18 09:59:43.296000,fit,
Training_Data::cycle_186,7215,2022-02-18 10:03:38.259000,2022-02-18 10:05:51.580000,fit,
Training_Data::cycle_187,7254,2022-02-18 10:30:19.644000,2022-02-18 10:32:32.393000,fit,
Training_Data::cycle_188,7293,2022-02-18 10:35:15.143000,2022-02-18 10:37:27.958000,fit,
Training_Data::cycle_189,7332,2022-02-18 10:52:28.510000,2022-02-18 10:54:41.670000,fit,
Training_Data::cycle_190,7371,2022-02-18 10:56:57.315000,2022-02-18 10:59:10.549000,fit,
Training_Data::cycle_191,7410,2022-02-18 11:05:45.023000,2022-02-18 11:07:58.055000,fit,
Training_Data::cycle_192,7449,2022-02-18 11:16:16.681000,2022-02-18 11:18:29.549000,fit,
Training_Data::cycle_193,7488,2022-02-18 11:21:23.161000,2022-02-18 11:23:35.818000,fit,
Training_Data::cycle_194,7527,2022-02-18 11:25:58.378000,2022-02-18 11:28:11.829000,fit,
Training_Data::cycle_195,7566,2022-02-18 11:30:04.883000,2022-02-18 11:32:17.881000,fit,
Training_Data::cycle_196,7605,2022-02-18 11:35:18.187000,2022-02-18 11:37:31.345000,fit,
Training_Data::cycle_197,7644,2022-02-18 11:40:33.355000,2022-02-18 11:42:46.387000,fit,
Training_Data::cycle_198,7683,2022-02-18 11:45:01.550000,2022-02-18 11:47:14.496000,fit,
Training_Data::cycle_199,7722,2022-02-18 11:50:38.245000,2022-02-18 11:52:50.083000,fit,
Training_Data::cycle_200,7761,2022-02-18 11:54:23.948000,2022-02-18 11:56:36.515000,fit,
Training_Data::cycle_201,7800,2022-02-23 15:24:10.491000,2022-02-23 15:26:23.419000,fit,
Training_Data::cycle_202,7839,2022-02-23 16:19:59.207000,2022-02-23 16:22:12.571000,fit,
Training_Data::cycle_203,7878,2022-02-23 16:35:45.705000,2022-02-23 16:37:58.045000,fit,
Training_Data::cycle_204,7917,2022-02-23 16:40:07.775000,2022-02-23 16:42:20.102000,fit,
Training_Data::cycle_205,7956,2022-02-23 16:52:45.195000,2022-02-23 16:54:58.132000,fit,
Training_Data::cycle_206,7995,2022-02-23 16:57:10.602000,2022-02-23 16:59:23.298000,fit,
Training_Data::cycle_207,8034,2022-02-23 17:09:19.664000,2022-02-23 17:11:32.288000,fit,
Training_Data::cycle_208,8073,2022-02-23 17:14:22.542000,2022-02-23 17:16:35.485000,fit,
Training_Data::cycle_209,8112,2022-02-23 17:26:55.044000,2022-02-23 17:29:08.820000,fit,
Training_Data::cycle_210,8151,2022-02-23 17:31:11.341000,2022-02-23 17:33:24.391000,fit,
Training_Data::cycle_211,8190,2022-02-23 17:40:33.022000,2022-02-23 17:42:46.582000,fit,
Training_Data::cycle_212,8229,2022-02-23 17:44:48.443000,2022-02-23 17:47:02.353000,fit,
Training_Data::cycle_213,8268,2022-02-24 09:12:05.101000,2022-02-24 09:14:18.463000,fit,
Training_Data::cycle_214,8307,2022-02-24 09:18:19.177000,2022-02-24 09:20:32.354000,fit,
Training_Data::cycle_215,8346,2022-02-24 09:24:16.610000,2022-02-24 09:26:30.055000,fit,
Training_Data::cycle_216,8385,2022-02-24 09:28:26.979000,2022-02-24 09:30:39.373000,fit,
Training_Data::cycle_217,8424,2022-02-24 09:37:25.364000,2022-02-24 09:39:38.302000,fit,
Training_Data::cycle_218,8463,2022-02-24 09:43:49.775000,2022-02-24 09:46:03.881000,fit,
Training_Data::cycle_219,8502,2022-02-24 10:00:57.623000,2022-02-24 10:03:10.646000,fit,
Training_Data::cycle_220,8541,2022-02-24 10:07:51.710000,2022-02-24 10:10:04.367000,fit,
Training_Data::cycle_221,8580,2022-02-24 10:24:08.313000,2022-02-24 10:26:22.365000,fit,
Training_Data::cycle_222,8619,2022-02-24 10:31:05.200000,2022-02-24 10:33:17.948000,fit,
Training_Data::cycle_223,8658,2022-02-24 10:53:55.595000,2022-02-24 10:56:09.773000,fit,
Training_Data::cycle_224,8697,2022-02-24 11:11:39.757000,2022-02-24 11:13:53.374000,fit,
Training_Data::cycle_225,8736,2022-02-24 11:16:07.970000,2022-02-24 11:18:21.408000,fit,
Training_Data::cycle_226,8775,2022-02-24 11:19:55.957000,2022-02-24 11:22:09.999000,fit,
Training_Data::cycle_227,8814,2022-02-24 11:24:24.285000,2022-02-24 11:26:37.685000,fit,
Training_Data::cycle_228,8853,2022-02-24 11:34:52.941000,2022-02-24 11:37:05.687000,fit,
Training_Data::cycle_229,8892,2022-02-24 11:39:40.637000,2022-02-24 11:41:54.064000,fit,
Training_Data::cycle_230,8931,2022-02-24 11:43:48.536000,2022-02-24 11:46:01.858000,fit,
Training_Data::cycle_231,8970,2022-02-24 11:50:10.425000,2022-02-24 11:52:23.725000,fit,
Training_Data::cycle_232,9009,2022-02-24 11:54:24.511000,2022-02-24 11:56:37.770000,fit,
Training_Data::cycle_233,9048,2022-02-24 11:58:33.358000,2022-02-24 12:00:46.648000,fit,
Training_Data::cycle_234,9087,2022-02-24 12:02:42.193000,2022-02-24 12:04:55.655000,fit,
Training_Data::cycle_235,9126,2022-02-24 13:19:32.713000,2022-02-24 13:21:46.302000,fit,
Training_Data::cycle_236,9165,2022-02-24 13:23:28.848000,2022-02-24 13:25:41.758000,fit,
Training_Data::cycle_237,9204,2022-02-24 13:31:10.395000,2022-02-24 13:33:24.563000,fit,
Training_Data::cycle_238,9243,2022-02-24 13:35:15.796000,2022-02-24 13:37:29.072000,fit,
Training_Data::cycle_239,9282,2022-02-24 13:48:19.887000,2022-02-24 13:50:33.060000,fit,
Training_Data::cycle_240,9321,2022-02-24 13:53:52.816000,2022-02-24 13:56:06.302000,fit,
Training_Data::cycle_241,9360,2022-02-24 13:58:53.585000,2022-02-24 14:01:06.535000,fit,
Training_Data::cycle_242,9399,2022-02-24 14:03:07.597000,2022-02-24 14:05:20.560000,fit,
Training_Data::cycle_243,9438,2022-02-24 14:08:13.890000,2022-02-24 14:10:27.846000,fit,
Training_Data::cycle_244,9477,2022-02-24 14:12:09.101000,2022-02-24 14:14:22.935000,fit,
Training_Data::cycle_245,9516,2022-02-24 14:16:57.603000,2022-02-24 14:19:10.734000,fit,
Training_Data::cycle_246,9555,2022-02-24 14:21:09.682000,2022-02-24 14:23:23.110000,fit,
Training_Data::cycle_247,9594,2022-02-24 14:25:24.161000,2022-02-24 14:27:37.311000,fit,
Training_Data::cycle_248,9633,2022-02-24 14:29:35.753000,2022-02-24 14:31:49.201000,fit,
Training_Data::cycle_249,9672,2022-02-24 14:33:49.172000,2022-02-24 14:36:02.302000,fit,
Training_Data::cycle_250,9711,2022-02-24 14:38:26.934000,2022-02-24 14:40:40.205000,fit,
Training_Data::cycle_251,9750,2022-02-24 14:42:23.843000,2022-02-24 14:44:37.503000,fit,
Training_Data::cycle_252,9789,2022-02-24 14:46:24.966000,2022-02-24 14:48:38.288000,fit,
Training_Data::cycle_253,9828,2022-02-24 14:50:40.134000,2022-02-24 14:52:53.030000,fit,
Training_Data::cycle_254,9867,2022-02-24 14:55:04.957000,2022-02-24 14:57:18.605000,fit,
Training_Data::cycle_255,9906,2022-02-24 14:59:25.139000,2022-02-24 15:01:38.278000,fit,
Training_Data::cycle_256,9945,2022-02-24 15:04:16.530000,2022-02-24 15:06:29.780000,fit,
Training_Data::cycle_257,9984,2022-02-24 15:08:20.443000,2022-02-24 15:10:33.749000,fit,
Training_Data::cycle_258,10023,2022-02-24 15:12:19.807000,2022-02-24 15:14:33.383000,fit,
Training_Data::cycle_259,10062,2022-02-24 15:16:15.608000,2022-02-24 15:18:28.860000,fit,
Training_Data::cycle_260,10101,2022-02-24 15:20:10.748000,2022-02-24 15:22:24.531000,fit,
Training_Data::cycle_261,10140,2022-02-24 15:26:37.973000,2022-02-24 15:28:51.057000,fit,
Training_Data::cycle_262,10179,2022-02-24 15:55:46.427000,2022-02-24 15:57:58.914000,fit,
Training_Data::cycle_263,10218,2022-02-24 15:59:40.874000,2022-02-24 16:01:54.434000,fit,
Training_Data::cycle_264,10257,2022-02-24 16:03:45.502000,2022-02-24 16:05:59.299000,fit,
Training_Data::cycle_265,10296,2022-02-24 16:07:51.455000,2022-02-24 16:10:04.891000,fit,
Training_Data::cycle_266,10335,2022-02-24 16:11:46.255000,2022-02-24 16:13:59.030000,fit,
Training_Data::cycle_267,10374,2022-02-24 16:16:27.254000,2022-02-24 16:18:40.584000,fit,
Training_Data::cycle_268,10413,2022-02-24 16:20:27.575000,2022-02-24 16:22:41.209000,fit,
Training_Data::cycle_269,10452,2022-02-24 16:24:43.151000,2022-02-24 16:26:56.884000,fit,
Training_Data::cycle_270,10491,2022-02-24 16:32:20.456000,2022-02-24 16:34:33.511000,fit,
Training_Data::cycle_271,10530,2022-02-24 16:36:16.447000,2022-02-24 16:38:29.673000,fit,
Training_Data::cycle_272,10569,2022-02-24 16:40:28.331000,2022-02-24 16:42:41.494000,fit,
Training_Data::cycle_273,10608,2022-02-24 16:46:12.454000,2022-02-24 16:48:25.691000,fit,
Training_Data::cycle_274,10647,2022-02-24 16:51:11.051000,2022-02-24 16:53:24.395000,fit,
Training_Data::cycle_275,10686,2022-02-24 16:55:21.618000,2022-02-24 16:57:34.292000,fit,
Training_Data::cycle_276,10725,2022-02-24 17:04:59.855000,2022-02-24 17:07:12.907000,fit,
Training_Data::cycle_277,10764,2022-02-24 17:09:33.602000,2022-02-24 17:11:46.656000,fit,
Training_Data::cycle_278,10803,2022-02-24 17:13:51.704000,2022-02-24 17:16:05.472000,fit,
Training_Data::cycle_279,10842,2022-02-24 17:17:56.301000,2022-02-24 17:20:09.789000,fit,
Training_Data::cycle_280,10881,2022-02-24 17:24:41.390000,2022-02-24 17:26:54.638000,fit,
Training_Data::cycle_281,10920,2022-02-24 17:29:33.304000,2022-02-24 17:31:46.157000,fit,
Training_Data::cycle_282,10959,2022-02-24 17:43:59.680000,2022-02-24 17:46:12.519000,fit,
Training_Data::cycle_283,10998,2022-02-25 09:09:39.908000,2022-02-25 09:11:52.625000,fit,
Training_Data::cycle_284,11037,2022-02-25 09:19:21.850000,2022-02-25 09:21:36.712000,fit,
Training_Data::cycle_285,11076,2022-02-25 09:24:53.248000,2022-02-25 09:27:06.829000,fit,
Training_Data::cycle_286,11115,2022-02-25 09:29:59.043000,2022-02-25 09:32:12.485000,fit,
Training_Data::cycle_287,11154,2022-02-25 09:34:00.262000,2022-02-25 09:36:14.086000,fit,
Training_Data::cycle_288,11193,2022-02-25 09:40:25.565000,2022-02-25 09:42:39.275000,fit,
Training_Data::cycle_289,11232,2022-02-25 09:48:37.762000,2022-02-25 09:50:51.232000,fit,
Training_Data::cycle_290,11271,2022-02-25 10:09:44.117000,2022-02-25 10:11:57.649000,fit,
Training_Data::cycle_291,11310,2022-02-25 10:14:35.915000,2022-02-25 10:16:48.550000,fit,
Training_Data::cycle_292,11349,2022-02-25 10:55:32.781000,2022-02-25 10:57:46.123000,fit,
Training_Data::cycle_293,11388,2022-02-25 11:01:45.748000,2022-02-25 11:03:58.834000,fit,
Training_Data::cycle_294,11427,2022-02-25 11:05:57.261000,2022-02-25 11:08:10.331000,fit,
Training_Data::cycle_295,11466,2022-02-25 11:10:07.091000,2022-02-25 11:12:20.803000,fit,
Training_Data::cycle_296,11505,2022-02-25 11:14:04.876000,2022-02-25 11:16:18.228000,fit,
Training_Data::cycle_297,11544,2022-02-25 11:18:19.182000,2022-02-25 11:20:31.705000,fit,
Training_Data::cycle_298,11583,2022-02-25 11:35:24.381000,2022-02-25 11:37:36.901000,fit,
Training_Data::cycle_299,11622,2022-02-25 11:40:39.033000,2022-02-25 11:42:52.752000,fit,
Training_Data::cycle_300,11661,2022-02-25 11:46:07.048000,2022-02-25 11:48:20.494000,fit,
Training_Data::cycle_301,11700,2022-02-25 11:58:30.234000,2022-02-25 12:00:43.270000,fit,
Training_Data::cycle_302,11739,2022-02-25 13:09:12.400000,2022-02-25 13:11:25.594000,fit,
Training_Data::cycle_303,11778,2022-02-25 13:13:33.574000,2022-02-25 13:15:46.665000,fit,
Training_Data::cycle_304,11817,2022-02-25 13:17:29.745000,2022-02-25 13:19:42.565000,fit,
Training_Data::cycle_305,11856,2022-02-25 13:26:33.050000,2022-02-25 13:28:46.089000,fit,
Training_Data::cycle_306,11895,2022-02-25 13:31:07.369000,2022-02-25 13:33:20.155000,fit,
Training_Data::cycle_307,11934,2022-02-25 13:37:06.926000,2022-02-25 13:39:19.754000,fit,
Training_Data::cycle_308,11973,2022-02-25 13:43:20.929000,2022-02-25 13:45:34.473000,fit,
Training_Data::cycle_309,12012,2022-02-25 13:47:48.643000,2022-02-25 13:50:01.166000,fit,
Training_Data::cycle_310,12051,2022-02-25 13:52:30.714000,2022-02-25 13:54:43.858000,fit,
Training_Data::cycle_311,12090,2022-02-25 14:01:39.619000,2022-02-25 14:03:52.725000,fit,
Training_Data::cycle_312,12129,2022-02-25 14:16:37.531000,2022-02-25 14:18:50.614000,fit,
Training_Data::cycle_313,12168,2022-02-25 14:22:34.010000,2022-02-25 14:24:47.614000,fit,
Training_Data::cycle_314,12207,2022-02-25 14:28:41.497000,2022-02-25 14:30:55.395000,fit,
Training_Data::cycle_315,12246,2022-02-25 14:33:03.270000,2022-02-25 14:35:16.422000,fit,
Training_Data::cycle_316,12285,2022-02-25 14:37:41.576000,2022-02-25 14:39:54.891000,fit,
Training_Data::cycle_317,12324,2022-02-25 14:44:30.685000,2022-02-25 14:46:43.864000,fit,
Training_Data::cycle_318,12363,2022-02-25 14:56:45.647000,2022-02-25 14:58:58.985000,fit,
Training_Data::cycle_319,12402,2022-02-25 15:03:26.450000,2022-02-25 15:05:39.486000,fit,
Training_Data::cycle_320,12441,2022-02-25 15:13:25.037000,2022-02-25 15:15:39.192000,fit,
Training_Data::cycle_321,12480,2022-02-25 15:25:27.433000,2022-02-25 15:27:41.069000,fit,
Training_Data::cycle_322,12519,2022-02-25 15:32:01.726000,2022-02-25 15:34:14.956000,fit,
Training_Data::cycle_323,12558,2022-02-25 15:51:36.283000,2022-02-25 15:53:49.443000,fit,
Training_Data::cycle_324,12597,2022-02-25 15:59:22.582000,2022-02-25 16:01:35.740000,fit,
Training_Data::cycle_325,12636,2022-02-25 16:07:26.583000,2022-02-25 16:09:39.721000,fit,
Training_Data::cycle_326,12675,2022-02-25 16:15:14.076000,2022-02-25 16:17:27.734000,fit,
Training_Data::cycle_327,12714,2022-02-25 16:20:58.411000,2022-02-25 16:23:11.623000,fit,
Training_Data::cycle_328,12753,2022-02-25 16:28:32.762000,2022-02-25 16:30:46.096000,fit,
Training_Data::cycle_329,12792,2022-02-25 16:35:15.259000,2022-02-25 16:37:28.619000,fit,
Training_Data::cycle_330,12831,2022-02-25 16:41:58.252000,2022-02-25 16:44:10.598000,fit,
Training_Data::cycle_331,12870,2022-02-25 16:48:46.967000,2022-02-25 16:50:59.497000,fit,
Training_Data::cycle_332,12909,2022-02-25 16:54:48.471000,2022-02-25 16:57:01.386000,fit,
Training_Data::cycle_333,12948,2022-02-25 16:58:59.058000,2022-02-25 17:01:11.682000,fit,
Training_Data::cycle_334,12987,2022-02-25 17:11:28.540000,2022-02-25 17:13:41.760000,fit,
Training_Data::cycle_335,13026,2022-02-25 17:16:47.517000,2022-02-25 17:19:00.583000,fit,
Training_Data::cycle_336,13065,2022-02-25 17:21:26.987000,2022-02-25 17:23:39.958000,fit,
Training_Data::cycle_337,13104,2022-02-25 17:26:03.814000,2022-02-25 17:28:16.976000,fit,
Training_Data::cycle_338,13143,2022-02-25 17:30:05.648000,2022-02-25 17:32:19.241000,fit,
Training_Data::cycle_339,13182,2022-03-23 09:15:05.123000,2022-03-23 09:17:16.441000,fit,
Training_Data::cycle_340,13221,2022-03-23 09:18:02.687000,2022-03-23 09:20:14.455000,fit,
Training_Data::cycle_341,13260,2022-03-23 09:25:46.302000,2022-03-23 09:27:57.952000,fit,
Training_Data::cycle_342,13299,2022-03-23 09:30:51.495000,2022-03-23 09:33:03.229000,fit,
Training_Data::cycle_343,13338,2022-03-23 09:34:01.193000,2022-03-23 09:36:12.649000,fit,
Training_Data::cycle_344,13377,2022-03-23 09:45:10.853000,2022-03-23 09:47:22.135000,fit,
Training_Data::cycle_345,13416,2022-03-23 09:50:17.073000,2022-03-23 09:52:28.238000,fit,
Training_Data::cycle_346,13455,2022-03-23 10:04:17.473000,2022-03-23 10:06:28.608000,fit,
Training_Data::cycle_347,13494,2022-03-23 10:07:17.434000,2022-03-23 10:09:28.320000,fit,
Training_Data::cycle_348,13533,2022-03-23 10:16:00.117000,2022-03-23 10:18:11.773000,fit,
Training_Data::cycle_349,13572,2022-03-23 10:19:59.620000,2022-03-23 10:22:11.102000,fit,
Training_Data::cycle_350,13611,2022-03-23 10:51:51.702000,2022-03-23 10:54:03.274000,fit,
Training_Data::cycle_351,13650,2022-03-23 10:54:49.928000,2022-03-23 10:57:01.157000,fit,
Training_Data::cycle_352,13689,2022-03-23 11:06:09.496000,2022-03-23 11:08:21.576000,fit,
Training_Data::cycle_353,13728,2022-03-23 11:09:08.692000,2022-03-23 11:11:20.153000,fit,
Training_Data::cycle_354,13767,2022-03-23 11:15:02.515000,2022-03-23 11:17:14.330000,fit,
Training_Data::cycle_355,13806,2022-03-23 11:21:28.100000,2022-03-23 11:23:39.339000,fit,
Training_Data::cycle_356,13845,2022-03-23 11:27:53.285000,2022-03-23 11:30:05.043000,fit,
Training_Data::cycle_357,13884,2022-03-23 11:30:51.956000,2022-03-23 11:33:03.782000,fit,
Training_Data::cycle_358,13923,2022-03-23 11:36:39.080000,2022-03-23 11:38:50.505000,fit,
Training_Data::cycle_359,13962,2022-03-23 11:42:04.685000,2022-03-23 11:44:15.491000,fit,
Training_Data::cycle_360,14001,2022-03-23 11:46:35.384000,2022-03-23 11:48:46.306000,fit,
Training_Data::cycle_361,14040,2022-03-23 11:56:15.161000,2022-03-23 11:58:27.305000,fit,
Training_Data::cycle_362,14079,2022-03-23 11:59:14.142000,2022-03-23 12:01:25.996000,fit,
Training_Data::cycle_363,14118,2022-03-23 12:02:13.134000,2022-03-23 12:04:24.606000,fit,
Training_Data::cycle_364,14157,2022-03-23 13:10:48.818000,2022-03-23 13:13:00.636000,fit,
Training_Data::cycle_365,14196,2022-03-23 13:13:47.410000,2022-03-23 13:15:59.040000,fit,
Training_Data::cycle_366,14235,2022-03-23 13:18:42.589000,2022-03-23 13:20:54.331000,fit,
Training_Data::cycle_367,14274,2022-03-23 13:22:45.779000,2022-03-23 13:24:57.668000,fit,
Training_Data::cycle_368,14313,2022-03-23 13:27:47.996000,2022-03-23 13:30:00,fit,
Training_Data::cycle_369,14352,2022-03-23 13:38:21.877000,2022-03-23 13:40:33.286000,fit,
Training_Data::cycle_370,14391,2022-03-23 13:41:20.248000,2022-03-23 13:43:31.934000,fit,
Training_Data::cycle_371,14430,2022-03-23 13:44:18.258000,2022-03-23 13:46:30.311000,fit,
Training_Data::cycle_372,14469,2022-03-23 13:53:22.088000,2022-03-23 13:55:34.016000,fit,
Training_Data::cycle_373,14508,2022-03-23 13:56:20.980000,2022-03-23 13:58:33.132000,fit,
Training_Data::cycle_374,14547,2022-03-23 13:59:19.848000,2022-03-23 14:01:31.801000,fit,
Training_Data::cycle_375,14586,2022-03-23 14:08:11.248000,2022-03-23 14:10:22.854000,fit,
Training_Data::cycle_376,14625,2022-03-23 14:11:09.572000,2022-03-23 14:13:21.496000,fit,
Training_Data::cycle_377,14664,2022-03-23 14:14:08.130000,2022-03-23 14:16:19.383000,fit,
Training_Data::cycle_378,14703,2022-03-23 14:23:24.528000,2022-03-23 14:25:36.294000,fit,
Training_Data::cycle_379,14742,2022-03-23 14:27:23.364000,2022-03-23 14:29:34.697000,fit,
Training_Data::cycle_380,14781,2022-03-23 14:41:46.390000,2022-03-23 14:43:57.783000,fit,
Training_Data::cycle_381,14820,2022-03-23 14:44:44.901000,2022-03-23 14:46:56.073000,fit,
Training_Data::cycle_382,14859,2022-03-23 14:47:42.721000,2022-03-23 14:49:54.289000,fit,
Training_Data::cycle_383,14898,2022-03-23 15:01:38.017000,2022-03-23 15:03:49.155000,fit,
Training_Data::cycle_384,14937,2022-03-23 15:04:54.814000,2022-03-23 15:07:06.754000,fit,
Training_Data::cycle_385,14976,2022-03-23 15:07:53.390000,2022-03-23 15:10:04.842000,fit,
Training_Data::cycle_386,15015,2022-03-23 15:19:41.572000,2022-03-23 15:21:53.148000,fit,
Training_Data::cycle_387,15054,2022-03-23 15:22:40.190000,2022-03-23 15:24:51.346000,fit,
Training_Data::cycle_388,15093,2022-03-23 15:25:39.088000,2022-03-23 15:27:50.229000,fit,
Training_Data::cycle_389,15132,2022-03-23 15:35:39.474000,2022-03-23 15:37:50.800000,fit,
Training_Data::cycle_390,15171,2022-03-23 15:53:15.816000,2022-03-23 15:55:26.559000,fit,
Training_Data::cycle_391,15210,2022-03-23 15:56:47.283000,2022-03-23 15:58:58.569000,fit,
Training_Data::cycle_392,15249,2022-03-23 16:05:58.050000,2022-03-23 16:08:09.586000,fit,
Training_Data::cycle_393,15288,2022-03-23 16:11:19.463000,2022-03-23 16:13:30.671000,fit,
Training_Data::cycle_394,15327,2022-03-23 16:14:58.671000,2022-03-23 16:17:10.066000,fit,
Training_Data::cycle_395,15366,2022-03-23 16:27:19.521000,2022-03-23 16:29:31.087000,fit,
Training_Data::cycle_396,15405,2022-03-23 16:30:17.252000,2022-03-23 16:32:28.652000,fit,
Training_Data::cycle_397,15444,2022-03-23 16:33:16.368000,2022-03-23 16:35:27.578000,fit,
Training_Data::cycle_398,15483,2022-03-23 16:46:59.818000,2022-03-23 16:49:11.764000,fit,
Training_Data::cycle_399,15522,2022-03-23 16:51:10.882000,2022-03-23 16:53:22.157000,fit,
Training_Data::cycle_400,15561,2022-03-23 16:54:09.677000,2022-03-23 16:56:20.945000,fit,
Training_Data::cycle_401,15600,2022-03-23 17:11:57.391000,2022-03-23 17:14:09.326000,fit,
Training_Data::cycle_402,15639,2022-03-23 17:14:56.186000,2022-03-23 17:17:07.850000,fit,
Training_Data::cycle_403,15678,2022-03-23 17:19:04.176000,2022-03-23 17:21:15.603000,fit,
Training_Data::cycle_404,15717,2022-03-23 17:23:44.087000,2022-03-23 17:25:55.741000,fit,
Training_Data::cycle_405,15756,2022-03-23 17:30:46.296000,2022-03-23 17:32:57.982000,fit,
Training_Data::cycle_406,15795,2022-03-23 17:33:44.778000,2022-03-23 17:35:56.223000,fit,
Training_Data::cycle_407,15834,2022-03-23 17:51:05.565000,2022-03-23 17:53:17.013000,fit,
Training_Data::cycle_408,15873,2022-03-23 17:54:04.371000,2022-03-23 17:56:15.727000,fit,
Training_Data::cycle_409,15912,2022-03-23 17:57:02.664000,2022-03-23 17:59:14.014000,fit,
Training_Data::cycle_410,15951,2022-03-02 09:20:07.501000,2022-03-02 09:22:20.367000,fit,
Training_Data::cycle_411,15990,2022-03-02 09:31:43.990000,2022-03-02 09:33:56.909000,fit,
Training_Data::cycle_412,16029,2022-03-02 09:39:08.270000,2022-03-02 09:41:21.244000,fit,
Training_Data::cycle_413,16068,2022-03-02 09:50:17.756000,2022-03-02 09:52:30.312000,fit,
Training_Data::cycle_414,16107,2022-03-02 09:57:25.517000,2022-03-02 09:59:39.247000,fit,
Training_Data::cycle_415,16146,2022-03-02 10:01:31.828000,2022-03-02 10:03:45.083000,fit,
Training_Data::cycle_416,16185,2022-03-02 10:05:39.938000,2022-03-02 10:07:53.230000,fit,
Training_Data::cycle_417,16224,2022-03-02 10:11:06.844000,2022-03-02 10:13:19.978000,fit,
Training_Data::cycle_418,16263,2022-03-02 10:17:20.928000,2022-03-02 10:19:34.357000,fit,
Training_Data::cycle_419,16302,2022-03-02 10:23:26.951000,2022-03-02 10:25:39.986000,fit,
Training_Data::cycle_420,16341,2022-03-02 10:29:17.724000,2022-03-02 10:31:31.069000,fit,
Training_Data::cycle_421,16380,2022-03-02 10:51:59.594000,2022-03-02 10:54:12.657000,fit,
Training_Data::cycle_422,16419,2022-03-02 11:04:32.206000,2022-03-02 11:06:44.851000,fit,
Training_Data::cycle_423,16458,2022-03-02 11:14:50.990000,2022-03-02 11:17:03.732000,fit,
Training_Data::cycle_424,16497,2022-03-02 11:19:39.375000,2022-03-02 11:21:51.896000,fit,
Training_Data::cycle_425,16536,2022-03-02 11:25:33.490000,2022-03-02 11:27:46.438000,fit,
Training_Data::cycle_426,16575,2022-03-02 11:34:57.060000,2022-03-02 11:37:22.405000,fit,
Training_Data::cycle_427,16614,2022-03-02 11:38:08.444000,2022-03-02 11:40:19.783000,fit,
Training_Data::cycle_428,16653,2022-03-02 11:41:06.545000,2022-03-02 11:43:18.536000,fit,
Training_Data::cycle_429,16692,2022-03-02 11:50:58.130000,2022-03-02 11:53:09.494000,fit,
Training_Data::cycle_430,16731,2022-03-02 11:58:17.169000,2022-03-02 12:00:29,fit,
Training_Data::cycle_431,16770,2022-03-02 13:07:14.365000,2022-03-02 13:09:25.709000,fit,
Training_Data::cycle_432,16809,2022-03-02 13:10:21.175000,2022-03-02 13:12:32.919000,fit,
Training_Data::cycle_433,16848,2022-03-02 13:13:19.373000,2022-03-02 13:15:30.610000,fit,
Training_Data::cycle_434,16887,2022-03-02 13:17:42.688000,2022-03-02 13:19:54.395000,fit,
Training_Data::cycle_435,16926,2022-03-02 13:22:05.979000,2022-03-02 13:24:17.639000,fit,
Training_Data::cycle_436,16965,2022-03-02 13:25:04.301000,2022-03-02 13:27:15.998000,fit,
Training_Data::cycle_437,17004,2022-03-02 13:29:59.954000,2022-03-02 13:32:11.513000,fit,
Training_Data::cycle_438,17043,2022-03-02 13:32:57.635000,2022-03-02 13:35:09.409000,fit,
Training_Data::cycle_439,17082,2022-03-02 13:45:16.336000,2022-03-02 13:47:28.107000,fit,
Training_Data::cycle_440,17121,2022-03-02 13:56:31.247000,2022-03-02 13:58:42.798000,fit,
Training_Data::cycle_441,17160,2022-03-02 14:07:09.842000,2022-03-02 14:09:20.909000,fit,
Training_Data::cycle_442,17199,2022-03-02 14:15:14.521000,2022-03-02 14:17:26.352000,fit,
Training_Data::cycle_443,17238,2022-03-02 14:20:21.719000,2022-03-02 14:22:33.125000,fit,
Training_Data::cycle_444,17277,2022-03-02 14:33:25.526000,2022-03-02 14:35:36.745000,fit,
Training_Data::cycle_445,17316,2022-03-02 14:39:41.236000,2022-03-02 14:41:53.028000,fit,
Training_Data::cycle_446,17355,2022-03-02 14:44:55.088000,2022-03-02 14:47:06.933000,fit,
Training_Data::cycle_447,17394,2022-03-02 14:49:22.497000,2022-03-02 14:51:34.547000,fit,
Training_Data::cycle_448,17433,2022-03-02 15:07:08.382000,2022-03-02 15:09:19.950000,fit,
Training_Data::cycle_449,17472,2022-03-02 15:12:22.235000,2022-03-02 15:14:33.740000,fit,
Training_Data::cycle_450,17511,2022-03-02 15:21:15.961000,2022-03-02 15:23:27.407000,fit,
Training_Data::cycle_451,17550,2022-03-02 15:25:37.462000,2022-03-02 15:27:49.499000,fit,
Training_Data::cycle_452,17589,2022-03-02 15:33:43.433000,2022-03-02 15:35:55.181000,fit,
Training_Data::cycle_453,17628,2022-03-02 15:53:17.228000,2022-03-02 15:55:29.276000,fit,
Training_Data::cycle_454,17667,2022-03-02 15:57:40.551000,2022-03-02 15:59:52.369000,fit,
Training_Data::cycle_455,17706,2022-03-02 16:01:49.731000,2022-03-02 16:04:01.257000,fit,
Training_Data::cycle_456,17745,2022-03-02 16:07:53.210000,2022-03-02 16:10:05.758000,fit,
Training_Data::cycle_457,17784,2022-03-02 16:15:44.210000,2022-03-02 16:17:55.957000,fit,
Training_Data::cycle_458,17823,2022-03-02 16:32:27.034000,2022-03-02 16:34:38.646000,fit,
Training_Data::cycle_459,17862,2022-03-02 16:39:07.713000,2022-03-02 16:41:19.442000,fit,
Training_Data::cycle_460,17901,2022-03-02 16:57:58.791000,2022-03-02 17:00:10.143000,fit,
Training_Data::cycle_461,17940,2022-03-02 17:04:12.295000,2022-03-02 17:06:23.716000,fit,
Training_Data::cycle_462,17979,2022-03-03 09:23:56.069000,2022-03-03 09:26:07.850000,fit,
Training_Data::cycle_463,18018,2022-03-03 09:31:04.717000,2022-03-03 09:33:16.411000,fit,
Training_Data::cycle_464,18057,2022-03-03 09:38:06.182000,2022-03-03 09:40:18.550000,fit,
Training_Data::cycle_465,18096,2022-03-03 09:45:10.064000,2022-03-03 09:47:21.303000,fit,
Training_Data::cycle_466,18135,2022-03-03 09:51:30.943000,2022-03-03 09:53:42.732000,fit,
Training_Data::cycle_467,18174,2022-03-03 09:57:17.875000,2022-03-03 09:59:28.808000,fit,
Training_Data::cycle_468,18213,2022-03-03 10:02:38.392000,2022-03-03 10:04:50.496000,fit,
Training_Data::cycle_469,18252,2022-03-03 10:10:09.748000,2022-03-03 10:12:21.678000,fit,
Training_Data::cycle_470,18291,2022-03-03 10:15:31.140000,2022-03-03 10:17:43.070000,fit,
Training_Data::cycle_471,18330,2022-03-03 10:20:27.974000,2022-03-03 10:22:39.994000,fit,
Training_Data::cycle_472,18369,2022-03-03 10:25:26.342000,2022-03-03 10:27:38.281000,fit,
Training_Data::cycle_473,18408,2022-03-03 10:30:55.212000,2022-03-03 10:33:07.256000,fit,
Training_Data::cycle_474,18447,2022-03-03 10:50:46.114000,2022-03-03 10:52:57.786000,fit,
Training_Data::cycle_475,18486,2022-03-03 11:00:01.721000,2022-03-03 11:02:13.662000,fit,
Training_Data::cycle_476,18525,2022-03-03 11:12:03.128000,2022-03-03 11:14:14.956000,fit,
Training_Data::cycle_477,18564,2022-03-03 11:22:01.786000,2022-03-03 11:24:13.550000,fit,
Training_Data::cycle_478,18603,2022-03-03 11:27:36.202000,2022-03-03 11:29:48.310000,fit,
Training_Data::cycle_479,18642,2022-03-03 11:34:52.867000,2022-03-03 11:37:04.984000,fit,
Training_Data::cycle_480,18681,2022-03-03 11:43:07.389000,2022-03-03 11:45:19.193000,fit,
Training_Data::cycle_481,18720,2022-03-03 13:06:34.196000,2022-03-03 13:08:45.608000,fit,
Training_Data::cycle_482,18759,2022-03-03 13:12:02.820000,2022-03-03 13:14:14.608000,fit,
Training_Data::cycle_483,18798,2022-03-03 13:17:39.403000,2022-03-03 13:19:51.245000,fit,
Training_Data::cycle_484,18837,2022-03-03 13:23:01.644000,2022-03-03 13:25:13.602000,fit,
Training_Data::cycle_485,18876,2022-03-03 13:31:42.129000,2022-03-03 13:33:53.979000,fit,
Training_Data::cycle_486,18915,2022-03-03 13:40:55.741000,2022-03-03 13:43:07.501000,fit,
Training_Data::cycle_487,18954,2022-03-03 13:47:00.781000,2022-03-03 13:49:12.533000,fit,
Training_Data::cycle_488,18993,2022-03-03 13:54:03.356000,2022-03-03 13:56:15.274000,fit,
Training_Data::cycle_489,19032,2022-03-03 13:58:23.536000,2022-03-03 14:00:35.241000,fit,
Training_Data::cycle_490,19071,2022-03-03 14:03:16.448000,2022-03-03 14:05:27.784000,fit,
Training_Data::cycle_491,19110,2022-03-03 14:08:14.928000,2022-03-03 14:10:26.992000,fit,
Training_Data::cycle_492,19149,2022-03-03 14:14:57.638000,2022-03-03 14:17:09.477000,fit,
Training_Data::cycle_493,19188,2022-03-03 14:24:26.675000,2022-03-03 14:26:38.162000,fit,
Training_Data::cycle_494,19227,2022-03-03 14:30:25.325000,2022-03-03 14:32:37.350000,fit,
Training_Data::cycle_495,19266,2022-03-03 14:36:05.695000,2022-03-03 14:38:17.365000,fit,
Training_Data::cycle_496,19305,2022-03-03 14:40:58.513000,2022-03-03 14:43:09.944000,fit,
Training_Data::cycle_497,19344,2022-03-03 14:48:30.897000,2022-03-03 14:50:42.854000,fit,
Training_Data::cycle_498,19383,2022-03-03 14:54:30.797000,2022-03-03 14:56:42.839000,fit,
Training_Data::cycle_499,19422,2022-03-03 15:00:37.519000,2022-03-03 15:02:49.759000,fit,
Training_Data::cycle_500,19461,2022-03-03 15:05:35.999000,2022-03-03 15:07:47.761000,fit,
Training_Data::cycle_501,19500,2022-03-03 15:13:10.967000,2022-03-03 15:15:22.714000,fit,
Training_Data::cycle_502,19539,2022-03-03 15:19:04.404000,2022-03-03 15:21:16.211000,fit,
Training_Data::cycle_503,19578,2022-03-03 15:25:11.800000,2022-03-03 15:27:24.020000,fit,
Training_Data::cycle_504,19617,2022-03-03 15:30:49.298000,2022-03-03 15:33:00.636000,fit,
Training_Data::cycle_505,19656,2022-03-03 15:53:13.472000,2022-03-03 15:55:25.518000,fit,
Training_Data::cycle_506,19695,2022-03-03 16:00:15.675000,2022-03-03 16:02:27.267000,fit,
Training_Data::cycle_507,19734,2022-03-03 16:09:04.848000,2022-03-03 16:11:16.592000,fit,
Training_Data::cycle_508,19773,2022-03-03 16:16:49.761000,2022-03-03 16:19:02.018000,fit,
Training_Data::cycle_509,19812,2022-03-03 16:26:57.031000,2022-03-03 16:29:08.573000,fit,
Training_Data::cycle_510,19851,2022-03-03 16:35:06.342000,2022-03-03 16:37:17.956000,fit,
Training_Data::cycle_511,19890,2022-03-03 16:42:02.215000,2022-03-03 16:44:13.782000,fit,
Training_Data::cycle_512,19929,2022-03-03 16:48:50.922000,2022-03-03 16:51:02.378000,fit,
Training_Data::cycle_513,19968,2022-03-03 16:55:03.948000,2022-03-03 16:57:16.055000,fit,
Training_Data::cycle_514,20007,2022-03-03 17:00:50.221000,2022-03-03 17:03:02.330000,fit,
Training_Data::cycle_515,20046,2022-03-03 17:08:28.385000,2022-03-03 17:10:40.450000,fit,
Training_Data::cycle_516,20085,2022-03-03 17:17:27.109000,2022-03-03 17:19:38.862000,fit,
Training_Data::cycle_517,20124,2022-03-03 17:24:20.286000,2022-03-03 17:26:32.512000,fit,
Training_Data::cycle_518,20163,2022-03-03 17:34:21.841000,2022-03-03 17:36:33.968000,fit,
Training_Data::cycle_519,20202,2022-03-04 09:10:13.265000,2022-03-04 09:12:25.304000,fit,
Training_Data::cycle_520,20241,2022-03-04 09:21:20.946000,2022-03-04 09:23:33.007000,fit,
Training_Data::cycle_521,20280,2022-03-04 09:26:00.964000,2022-03-04 09:28:12.822000,fit,
Training_Data::cycle_522,20319,2022-03-04 09:32:40.569000,2022-03-04 09:34:52.888000,fit,
Training_Data::cycle_523,20358,2022-03-04 09:38:31.943000,2022-03-04 09:40:43.885000,fit,
Training_Data::cycle_524,20397,2022-03-04 09:44:47.349000,2022-03-04 09:46:59.173000,fit,
Training_Data::cycle_525,20436,2022-03-04 09:49:55.374000,2022-03-04 09:52:06.985000,fit,
Training_Data::cycle_526,20475,2022-03-04 09:57:38.803000,2022-03-04 09:59:50.169000,fit,
Training_Data::cycle_527,20514,2022-03-04 10:02:21.438000,2022-03-04 10:04:33.099000,fit,
Training_Data::cycle_528,20553,2022-03-04 10:09:48.229000,2022-03-04 10:12:00.437000,fit,
Training_Data::cycle_529,20592,2022-03-04 10:15:27.792000,2022-03-04 10:17:39.242000,fit,
Training_Data::cycle_530,20631,2022-03-04 10:20:36.034000,2022-03-04 10:22:48.229000,fit,
Training_Data::cycle_531,20670,2022-03-04 10:25:31.312000,2022-03-04 10:27:43.045000,fit,
Training_Data::cycle_532,20709,2022-03-04 10:33:20.811000,2022-03-04 10:35:32.932000,fit,
Training_Data::cycle_533,20748,2022-03-04 10:52:55.341000,2022-03-04 10:55:07.019000,fit,
Training_Data::cycle_534,20787,2022-03-04 10:59:18.954000,2022-03-04 11:01:30.308000,fit,
Training_Data::cycle_535,20826,2022-03-04 11:04:50.873000,2022-03-04 11:07:02.520000,fit,
Training_Data::cycle_536,20865,2022-03-04 11:11:03.238000,2022-03-04 11:13:15.218000,fit,
Training_Data::cycle_537,20904,2022-03-04 11:15:28.749000,2022-03-04 11:17:41.166000,fit,
Training_Data::cycle_538,20943,2022-03-04 11:22:23.182000,2022-03-04 11:24:35.444000,fit,
Training_Data::cycle_539,20982,2022-03-04 11:27:42.035000,2022-03-04 11:29:53.504000,fit,
Training_Data::cycle_540,21021,2022-03-04 11:33:58.937000,2022-03-04 11:36:10.777000,fit,
Training_Data::cycle_541,21060,2022-03-04 11:43:51.828000,2022-03-04 11:46:04.052000,fit,
Training_Data::cycle_542,21099,2022-03-04 11:50:10.321000,2022-03-04 11:52:21.960000,fit,
Training_Data::cycle_543,21138,2022-03-04 11:57:44.425000,2022-03-04 11:59:56.261000,fit,
Training_Data::cycle_544,21177,2022-03-04 13:06:33.195000,2022-03-04 13:08:44.842000,fit,
Training_Data::cycle_545,21216,2022-03-04 13:11:50.274000,2022-03-04 13:14:02.069000,fit,
Training_Data::cycle_546,21255,2022-03-04 13:20:45.549000,2022-03-04 13:22:57.607000,fit,
Training_Data::cycle_547,21294,2022-03-04 13:26:44.120000,2022-03-04 13:28:56.029000,fit,
Training_Data::cycle_548,21333,2022-03-04 13:39:39.336000,2022-03-04 13:41:50.748000,fit,
Training_Data::cycle_549,21372,2022-03-04 13:45:11.182000,2022-03-04 13:47:23.145000,fit,
Training_Data::cycle_550,21411,2022-03-04 13:52:06.839000,2022-03-04 13:54:19.031000,fit,
Training_Data::cycle_551,21450,2022-03-04 13:58:35.335000,2022-03-04 14:00:47.066000,fit,
Training_Data::cycle_552,21489,2022-03-04 14:04:32.795000,2022-03-04 14:06:44.821000,fit,
Training_Data::cycle_553,21528,2022-03-04 14:16:59.726000,2022-03-04 14:19:11.501000,fit,
Training_Data::cycle_554,21567,2022-03-04 14:24:04.982000,2022-03-04 14:26:16.533000,fit,
Training_Data::cycle_555,21606,2022-03-04 14:36:58.751000,2022-03-04 14:39:10.122000,fit,
Training_Data::cycle_556,21645,2022-03-04 14:49:16.858000,2022-03-04 14:51:28.769000,fit,
Training_Data::cycle_557,21684,2022-03-04 15:03:16.174000,2022-03-04 15:05:28.588000,fit,
Training_Data::cycle_558,21723,2022-03-04 15:20:39.758000,2022-03-04 15:22:51.099000,fit,
Training_Data::cycle_559,21762,2022-03-04 15:25:01.660000,2022-03-04 15:27:13.754000,fit,
Training_Data::cycle_560,21801,2022-03-04 16:00:16.365000,2022-03-04 16:02:27.928000,fit,
Training_Data::cycle_561,21840,2022-03-04 16:05:27.397000,2022-03-04 16:07:38.917000,fit,
Training_Data::cycle_562,21879,2022-03-04 16:17:49.711000,2022-03-04 16:20:00.769000,fit,
Training_Data::cycle_563,21918,2022-03-04 16:22:58.843000,2022-03-04 16:25:10.529000,fit,
Training_Data::cycle_564,21957,2022-03-04 16:34:50.663000,2022-03-04 16:37:02.627000,fit,
Training_Data::cycle_565,21996,2022-03-04 16:42:20.765000,2022-03-04 16:44:32.387000,fit,
Training_Data::cycle_566,22035,2022-03-04 16:51:35.041000,2022-03-04 16:53:46.513000,fit,
Training_Data::cycle_567,22074,2022-03-04 17:02:22.758000,2022-03-04 17:04:33.808000,fit,
Training_Data::cycle_568,22113,2022-03-04 17:12:39.348000,2022-03-04 17:14:51.061000,fit,
Training_Data::cycle_569,22152,2022-03-04 17:17:34.242000,2022-03-04 17:19:45.618000,fit,
Training_Data::cycle_570,22191,2022-03-04 17:23:03.853000,2022-03-04 17:25:15.610000,fit,
Training_Data::cycle_571,22230,2022-03-04 17:30:01.511000,2022-03-04 17:32:13.768000,fit,
Training_Data::cycle_572,22269,2022-03-07 09:16:23.115000,2022-03-07 09:18:34.512000,fit,
Training_Data::cycle_573,22308,2022-03-07 09:26:56.672000,2022-03-07 09:29:08.091000,fit,
Training_Data::cycle_574,22347,2022-03-07 09:38:06.571000,2022-03-07 09:40:18.614000,fit,
Training_Data::cycle_575,22386,2022-03-07 09:43:05.667000,2022-03-07 09:45:17.162000,fit,
Training_Data::cycle_576,22425,2022-03-07 09:47:19.065000,2022-03-07 09:49:31.244000,fit,
Training_Data::cycle_577,22464,2022-03-07 09:51:36.347000,2022-03-07 09:53:47.978000,fit,
Training_Data::cycle_578,22503,2022-03-07 09:57:40.364000,2022-03-07 09:59:52.577000,fit,
Training_Data::cycle_579,22542,2022-03-07 10:01:55.357000,2022-03-07 10:04:07.753000,fit,
Training_Data::cycle_580,22581,2022-03-07 10:09:18.629000,2022-03-07 10:11:30.883000,fit,
Training_Data::cycle_581,22620,2022-03-07 10:18:27.514000,2022-03-07 10:20:39.477000,fit,
Training_Data::cycle_582,22659,2022-03-07 10:24:20.428000,2022-03-07 10:26:31.944000,fit,
Training_Data::cycle_583,22698,2022-03-07 10:29:52.008000,2022-03-07 10:32:04.355000,fit,
Training_Data::cycle_584,22737,2022-03-07 11:16:06.002000,2022-03-07 11:18:17.911000,fit,
Training_Data::cycle_585,22776,2022-03-07 11:23:07.444000,2022-03-07 11:25:18.234000,fit,
Training_Data::cycle_586,22815,2022-03-07 11:31:52.380000,2022-03-07 11:34:03.919000,fit,
Training_Data::cycle_587,22854,2022-03-07 11:38:48.954000,2022-03-07 11:41:00.588000,fit,
Training_Data::cycle_588,22893,2022-03-07 11:47:39.665000,2022-03-07 11:49:51.098000,fit,
Training_Data::cycle_589,22932,2022-03-07 12:03:20.936000,2022-03-07 12:05:32.490000,fit,
Training_Data::cycle_590,22971,2022-03-07 13:08:59.007000,2022-03-07 13:11:10.409000,fit,
Training_Data::cycle_591,23010,2022-03-07 13:18:09.921000,2022-03-07 13:20:20.996000,fit,
Training_Data::cycle_592,23049,2022-03-07 13:23:32.764000,2022-03-07 13:25:43.976000,fit,
Training_Data::cycle_593,23088,2022-03-07 13:34:53.665000,2022-03-07 13:37:05.607000,fit,
Training_Data::cycle_594,23127,2022-03-07 13:47:33.009000,2022-03-07 13:49:44.672000,fit,
Training_Data::cycle_595,23166,2022-03-07 13:58:02.346000,2022-03-07 14:00:14.267000,fit,
Training_Data::cycle_596,23205,2022-03-07 14:14:14.084000,2022-03-07 14:16:25.331000,fit,
Training_Data::cycle_597,23244,2022-03-07 14:22:36.874000,2022-03-07 14:24:48.239000,fit,
Training_Data::cycle_598,23283,2022-03-07 14:37:44.104000,2022-03-07 14:39:55.280000,fit,
Training_Data::cycle_599,23322,2022-03-07 14:49:36.918000,2022-03-07 14:51:48.412000,fit,
Training_Data::cycle_600,23361,2022-03-07 15:08:03.457000,2022-03-07 15:10:15.031000,fit,
Training_Data::cycle_601,23400,2022-03-07 15:16:24.152000,2022-03-07 15:18:35.206000,fit,
Training_Data::cycle_602,23439,2022-03-07 15:25:27.883000,2022-03-07 15:27:39.664000,fit,
Training_Data::cycle_603,23478,2022-03-07 15:52:08.340000,2022-03-07 15:54:20.598000,fit,
Training_Data::cycle_604,23517,2022-03-07 16:04:14.711000,2022-03-07 16:06:26.570000,fit,
Training_Data::cycle_605,23556,2022-03-07 16:11:04.014000,2022-03-07 16:13:15.381000,fit,
Training_Data::cycle_606,23595,2022-03-07 16:24:18.189000,2022-03-07 16:26:29.627000,fit,
Training_Data::cycle_607,23634,2022-03-07 16:29:31.803000,2022-03-07 16:31:43.557000,fit,
Training_Data::cycle_608,23673,2022-03-07 16:35:08.496000,2022-03-07 16:37:19.534000,fit,
Training_Data::cycle_609,23712,2022-03-07 16:43:03.389000,2022-03-07 16:45:15.331000,fit,
Training_Data::cycle_610,23751,2022-03-07 17:00:03.897000,2022-03-07 17:02:16.148000,fit,
Training_Data::cycle_611,23790,2022-03-07 17:05:56.463000,2022-03-07 17:08:08.433000,fit,
Training_Data::cycle_612,23829,2022-03-07 17:18:00.472000,2022-03-07 17:20:11.897000,fit,
Training_Data::cycle_613,23868,2022-03-07 17:33:41.637000,2022-03-07 17:35:53.503000,fit,
Training_Data::cycle_614,23907,2022-03-07 17:56:08.750000,2022-03-07 17:58:20.348000,fit,
Training_Data::cycle_615,23946,2022-03-07 18:46:49.500000,2022-03-07 18:49:01.224000,fit,
Training_Data::cycle_616,23985,2022-03-07 18:56:52.003000,2022-03-07 18:59:03.320000,fit,
Training_Data::cycle_617,24024,2022-03-07 19:07:56.666000,2022-03-07 19:10:08.019000,fit,
Training_Data::cycle_618,24063,2022-03-07 19:16:03.203000,2022-03-07 19:18:15.536000,fit,
Training_Data::cycle_619,24102,2022-03-07 19:29:55.856000,2022-03-07 19:32:07.718000,fit,
Training_Data::cycle_620,24141,2022-03-07 19:40:18.220000,2022-03-07 19:42:29.576000,fit,
Training_Data::cycle_621,24180,2022-03-07 20:02:17.120000,2022-03-07 20:04:29.265000,fit,
Training_Data::cycle_622,24219,2022-03-07 20:09:19.226000,2022-03-07 20:11:31.143000,fit,
Training_Data::cycle_623,24258,2022-03-07 20:15:16.519000,2022-03-07 20:17:28.340000,fit,
Training_Data::cycle_624,24297,2022-03-08 09:22:08.292000,2022-03-08 09:24:19.697000,fit,
Training_Data::cycle_625,24336,2022-03-08 09:29:01.004000,2022-03-08 09:31:13.354000,fit,
Training_Data::cycle_626,24375,2022-03-08 09:39:16.908000,2022-03-08 09:41:29.175000,fit,
Training_Data::cycle_627,24414,2022-03-08 09:45:43.932000,2022-03-08 09:47:55.526000,fit,
Training_Data::cycle_628,24453,2022-03-08 10:02:15.755000,2022-03-08 10:04:27.506000,fit,
Training_Data::cycle_629,24492,2022-03-08 10:11:34.806000,2022-03-08 10:13:46.290000,fit,
Training_Data::cycle_630,24531,2022-03-08 10:24:58.373000,2022-03-08 10:27:10.296000,fit,
Training_Data::cycle_631,24570,2022-03-08 10:56:45.856000,2022-03-08 10:58:57.161000,fit,
Training_Data::cycle_632,24609,2022-03-08 11:06:16.210000,2022-03-08 11:08:27.859000,fit,
Training_Data::cycle_633,24648,2022-03-08 11:16:12.320000,2022-03-08 11:18:23.526000,fit,
Training_Data::cycle_634,24687,2022-03-17 09:56:58.586000,2022-03-17 09:59:10.166000,fit,
Training_Data::cycle_635,24726,2022-03-17 10:16:05.387000,2022-03-17 10:18:16.382000,fit,
Training_Data::cycle_636,24765,2022-03-17 10:20:05.623000,2022-03-17 10:22:17.647000,fit,
Training_Data::cycle_637,24804,2022-03-17 10:52:47.588000,2022-03-17 10:54:58.703000,fit,
Training_Data::cycle_638,24843,2022-03-17 11:05:46.298000,2022-03-17 11:07:58.013000,fit,
Training_Data::cycle_639,24882,2022-03-17 11:10:35.155000,2022-03-17 11:12:46.422000,fit,
Training_Data::cycle_640,24921,2022-03-17 11:17:17.541000,2022-03-17 11:19:28.790000,fit,
Training_Data::cycle_641,24960,2022-03-17 11:24:00.638000,2022-03-17 11:26:11.980000,fit,
Training_Data::cycle_642,24999,2022-03-17 11:29:22.216000,2022-03-17 11:31:33.790000,fit,
Training_Data::cycle_643,25038,2022-03-17 11:33:32.714000,2022-03-17 11:35:44.391000,fit,
Training_Data::cycle_644,25077,2022-03-17 11:37:17.343000,2022-03-17 11:39:28.697000,fit,
Training_Data::cycle_645,25116,2022-03-17 11:42:52.032000,2022-03-17 11:45:03.464000,fit,
Training_Data::cycle_646,25155,2022-03-17 11:48:37.751000,2022-03-17 11:50:49.168000,fit,
Training_Data::cycle_647,25194,2022-03-17 11:53:40.438000,2022-03-17 11:55:51.662000,fit,
Training_Data::cycle_648,25233,2022-03-17 12:01:32.490000,2022-03-17 12:03:44.036000,fit,
Training_Data::cycle_649,25272,2022-03-17 13:08:15.939000,2022-03-17 13:10:27.324000,fit,
Training_Data::cycle_650,25311,2022-03-17 13:17:27.962000,2022-03-17 13:19:39.388000,fit,
Training_Data::cycle_651,25350,2022-03-17 13:21:43.745000,2022-03-17 13:23:55.673000,fit,
Training_Data::cycle_652,25389,2022-03-17 13:32:36.649000,2022-03-17 13:34:48.103000,fit,
Training_Data::cycle_653,25428,2022-03-17 13:37:11.711000,2022-03-17 13:39:23.189000,fit,
Training_Data::cycle_654,25467,2022-03-17 13:46:01.421000,2022-03-17 13:48:12.864000,fit,
Training_Data::cycle_655,25506,2022-03-17 13:53:18.325000,2022-03-17 13:55:29.681000,fit,
Training_Data::cycle_656,25545,2022-03-17 13:58:59.375000,2022-03-17 14:01:11.369000,fit,
Training_Data::cycle_657,25584,2022-03-17 14:04:40.428000,2022-03-17 14:06:52.044000,fit,
Training_Data::cycle_658,25623,2022-03-17 14:08:39.615000,2022-03-17 14:10:51.662000,fit,
Training_Data::cycle_659,25662,2022-03-17 14:13:03.324000,2022-03-17 14:15:15.429000,fit,
Training_Data::cycle_660,25701,2022-03-17 14:16:57.110000,2022-03-17 14:19:08.177000,fit,
Training_Data::cycle_661,25740,2022-03-17 14:20:41.293000,2022-03-17 14:22:53.281000,fit,
Training_Data::cycle_662,25779,2022-03-17 14:27:12.760000,2022-03-17 14:29:23.677000,fit,
Training_Data::cycle_663,25818,2022-03-17 14:33:43.401000,2022-03-17 14:35:55.039000,fit,
Training_Data::cycle_664,25857,2022-03-17 14:40:42.679000,2022-03-17 14:42:53.818000,fit,
Training_Data::cycle_665,25896,2022-03-17 14:46:27.755000,2022-03-17 14:48:39.291000,fit,
Training_Data::cycle_666,25935,2022-03-17 14:50:39.735000,2022-03-17 14:52:51.817000,fit,
Training_Data::cycle_667,25974,2022-03-17 14:55:00.059000,2022-03-17 14:57:11.335000,fit,
Training_Data::cycle_668,26013,2022-03-17 14:58:30.076000,2022-03-17 15:00:42.203000,fit,
Training_Data::cycle_669,26052,2022-03-17 15:02:30.344000,2022-03-17 15:04:41.992000,fit,
Training_Data::cycle_670,26091,2022-03-17 15:07:15.278000,2022-03-17 15:09:26.928000,fit,
Training_Data::cycle_671,26130,2022-03-17 15:11:18.337000,2022-03-17 15:13:29.719000,fit,
Training_Data::cycle_672,26169,2022-03-17 15:19:14.171000,2022-03-17 15:21:25.204000,fit,
Training_Data::cycle_673,26208,2022-03-17 15:23:26.959000,2022-03-17 15:25:38.663000,fit,
Training_Data::cycle_674,26247,2022-03-17 15:30:04.220000,2022-03-17 15:32:15.687000,fit,
Training_Data::cycle_675,26286,2022-03-17 15:54:22.927000,2022-03-17 15:56:34.364000,fit,
Training_Data::cycle_676,26325,2022-03-17 15:59:17.306000,2022-03-17 16:01:28.889000,fit,
Training_Data::cycle_677,26364,2022-03-17 16:04:51.418000,2022-03-17 16:07:03.329000,fit,
Training_Data::cycle_678,26403,2022-03-17 16:10:44.898000,2022-03-17 16:12:56.718000,fit,
Training_Data::cycle_679,26442,2022-03-17 16:18:16.287000,2022-03-17 16:20:28.338000,fit,
Training_Data::cycle_680,26481,2022-03-17 16:23:54.100000,2022-03-17 16:26:05.862000,fit,
Training_Data::cycle_681,26520,2022-03-17 16:31:22.300000,2022-03-17 16:33:33.935000,fit,
Training_Data::cycle_682,26559,2022-03-17 16:38:10.879000,2022-03-17 16:40:22.844000,fit,
Training_Data::cycle_683,26598,2022-03-17 16:45:20.193000,2022-03-17 16:47:31.291000,fit,
Training_Data::cycle_684,26637,2022-03-17 16:51:23.101000,2022-03-17 16:53:34.349000,fit,
Training_Data::cycle_685,26676,2022-03-17 16:57:27.876000,2022-03-17 16:59:40.313000,fit,
Training_Data::cycle_686,26715,2022-03-17 17:04:32.555000,2022-03-17 17:06:43.993000,fit,
Training_Data::cycle_687,26754,2022-03-17 17:13:05.066000,2022-03-17 17:15:16.812000,fit,
Training_Data::cycle_688,26793,2022-03-17 17:18:21.380000,2022-03-17 17:20:32.691000,fit,
Training_Data::cycle_689,26832,2022-03-17 17:26:45.241000,2022-03-17 17:28:57.363000,fit,
Training_Data::cycle_690,26871,2022-03-17 17:39:38.924000,2022-03-17 17:41:50.375000,fit,
Training_Data::cycle_691,26910,2022-03-17 17:46:06.462000,2022-03-17 17:48:18.379000,fit,
Training_Data::cycle_692,26949,2022-03-17 17:53:04.227000,2022-03-17 17:55:16.202000,fit,
Training_Data::cycle_693,26988,2022-03-17 17:58:09.252000,2022-03-17 18:00:20.745000,fit,
Training_Data::cycle_694,27027,2022-03-18 09:09:37.552000,2022-03-18 09:11:49.201000,quarantine,zero_power
Training_Data::cycle_695,27066,2022-03-18 09:23:15.277000,2022-03-18 09:25:26.779000,fit,
Training_Data::cycle_696,27105,2022-03-18 09:27:31.647000,2022-03-18 09:29:42.978000,fit,
Training_Data::cycle_697,27144,2022-03-18 09:32:00.218000,2022-03-18 09:34:11.882000,fit,
Training_Data::cycle_698,27183,2022-03-18 09:36:23.331000,2022-03-18 09:38:34.567000,fit,
Training_Data::cycle_699,27222,2022-03-18 09:41:39.807000,2022-03-18 09:43:50.852000,fit,
Training_Data::cycle_700,27261,2022-03-18 09:47:09.434000,2022-03-18 09:49:21.165000,fit,
Training_Data::cycle_701,27300,2022-03-18 09:51:32.739000,2022-03-18 09:53:44.349000,fit,
Training_Data::cycle_702,27339,2022-03-18 09:57:30.116000,2022-03-18 09:59:42.232000,fit,
Training_Data::cycle_703,27378,2022-03-18 10:04:38.819000,2022-03-18 10:06:50.749000,fit,
Training_Data::cycle_704,27417,2022-03-18 10:08:53.901000,2022-03-18 10:11:05.716000,fit,
Training_Data::cycle_705,27456,2022-03-18 10:13:53.772000,2022-03-18 10:16:04.920000,fit,
Training_Data::cycle_706,27495,2022-03-18 10:19:04.485000,2022-03-18 10:21:16.157000,fit,
Training_Data::cycle_707,27534,2022-03-18 10:25:04.882000,2022-03-18 10:27:16.720000,fit,
Training_Data::cycle_708,27573,2022-03-18 10:30:06.780000,2022-03-18 10:32:18.399000,fit,
Training_Data::cycle_709,27612,2022-03-18 10:34:37.881000,2022-03-18 10:36:49.481000,fit,
Training_Data::cycle_710,27651,2022-03-18 10:57:19.550000,2022-03-18 10:59:31.124000,fit,
Training_Data::cycle_711,27690,2022-03-18 11:02:18.851000,2022-03-18 11:04:29.309000,fit,
Training_Data::cycle_712,27729,2022-03-18 11:13:12.154000,2022-03-18 11:15:23.289000,fit,
Training_Data::cycle_713,27768,2022-03-18 11:18:41.621000,2022-03-18 11:20:53.251000,fit,
Training_Data::cycle_714,27807,2022-03-18 11:22:59.412000,2022-03-18 11:25:10.866000,fit,
Training_Data::cycle_715,27846,2022-03-18 11:28:53.226000,2022-03-18 11:31:04.761000,fit,
Training_Data::cycle_716,27885,2022-03-18 11:33:56.325000,2022-03-18 11:36:08.061000,fit,
Training_Data::cycle_717,27924,2022-03-18 11:38:09.938000,2022-03-18 11:40:21.580000,fit,
Training_Data::cycle_718,27963,2022-03-18 11:42:36.214000,2022-03-18 11:44:47.781000,fit,
Training_Data::cycle_719,28002,2022-03-18 11:46:55.215000,2022-03-18 11:49:07.387000,fit,
Training_Data::cycle_720,28041,2022-03-18 11:52:24.004000,2022-03-18 11:54:34.938000,fit,
Training_Data::cycle_721,28080,2022-03-18 12:04:47.708000,2022-03-18 12:06:58.754000,fit,
Training_Data::cycle_722,28119,2022-03-18 13:10:05.559000,2022-03-18 13:12:17.479000,fit,
Training_Data::cycle_723,28158,2022-03-18 13:14:24.925000,2022-03-18 13:16:36.214000,fit,
Training_Data::cycle_724,28197,2022-03-18 13:25:25.097000,2022-03-18 13:27:37.089000,fit,
Training_Data::cycle_725,28236,2022-03-18 13:29:55.623000,2022-03-18 13:32:06.656000,fit,
Training_Data::cycle_726,28275,2022-03-18 13:38:51.933000,2022-03-18 13:41:03.553000,fit,
Training_Data::cycle_727,28314,2022-03-18 13:41:50.497000,2022-03-18 13:44:02.035000,fit,
Training_Data::cycle_728,28353,2022-03-18 13:48:40.692000,2022-03-18 13:50:52.034000,fit,
Training_Data::cycle_729,28392,2022-03-18 13:53:42.927000,2022-03-18 13:55:55.229000,fit,
Training_Data::cycle_730,28431,2022-03-18 13:58:11.821000,2022-03-18 14:00:23.688000,fit,
Training_Data::cycle_731,28470,2022-03-18 14:02:33.180000,2022-03-18 14:04:44.224000,fit,
Training_Data::cycle_732,28509,2022-03-18 14:07:52.307000,2022-03-18 14:10:03.533000,fit,
Training_Data::cycle_733,28548,2022-03-18 14:14:33.700000,2022-03-18 14:16:44.808000,fit,
Training_Data::cycle_734,28587,2022-03-18 14:23:47.515000,2022-03-18 14:25:59.253000,fit,
Training_Data::cycle_735,28626,2022-03-18 14:28:54.068000,2022-03-18 14:31:05.218000,fit,
Training_Data::cycle_736,28665,2022-03-18 14:34:06.284000,2022-03-18 14:36:18.113000,fit,
Training_Data::cycle_737,28704,2022-03-18 14:38:25.569000,2022-03-18 14:40:37.101000,fit,
Training_Data::cycle_738,28743,2022-03-18 14:42:40.170000,2022-03-18 14:44:51.440000,fit,
Training_Data::cycle_739,28782,2022-03-18 14:49:24.659000,2022-03-18 14:51:35.689000,fit,
Training_Data::cycle_740,28821,2022-03-18 14:55:31.717000,2022-03-18 14:57:43.172000,fit,
Training_Data::cycle_741,28860,2022-03-18 14:59:58.326000,2022-03-18 15:02:10.196000,fit,
Training_Data::cycle_742,28899,2022-03-18 15:04:00.517000,2022-03-18 15:06:11.507000,fit,
Training_Data::cycle_743,28938,2022-03-18 15:07:48.927000,2022-03-18 15:10:00.303000,fit,
Training_Data::cycle_744,28977,2022-03-18 15:11:39.146000,2022-03-18 15:13:50.766000,fit,
Training_Data::cycle_745,29016,2022-03-18 15:15:13.770000,2022-03-18 15:17:25.289000,fit,
Training_Data::cycle_746,29055,2022-03-18 15:19:05.121000,2022-03-18 15:21:16.755000,fit,
Training_Data::cycle_747,29094,2022-03-18 15:23:06.755000,2022-03-18 15:25:17.978000,fit,
Training_Data::cycle_748,29133,2022-03-18 15:26:50.096000,2022-03-18 15:29:00.982000,fit,
Training_Data::cycle_749,29172,2022-03-18 15:31:34.131000,2022-03-18 15:33:46.109000,fit,
Training_Data::cycle_750,29211,2022-03-18 15:52:05.875000,2022-03-18 15:54:17.152000,fit,
Training_Data::cycle_751,29250,2022-03-18 15:56:08.992000,2022-03-18 15:58:20.450000,fit,
Training_Data::cycle_752,29289,2022-03-18 16:00:20.407000,2022-03-18 16:02:31.733000,fit,
Training_Data::cycle_753,29328,2022-03-18 16:04:22.193000,2022-03-18 16:06:33.149000,fit,
Training_Data::cycle_754,29367,2022-03-18 16:09:14.990000,2022-03-18 16:11:25.826000,fit,
Training_Data::cycle_755,29406,2022-03-18 16:14:12.290000,2022-03-18 16:16:23.633000,fit,
Training_Data::cycle_756,29445,2022-03-18 16:17:56.391000,2022-03-18 16:20:07.531000,fit,
Training_Data::cycle_757,29484,2022-03-18 16:24:27.170000,2022-03-18 16:26:38.498000,fit,
Training_Data::cycle_758,29523,2022-03-18 16:30:26.159000,2022-03-18 16:32:37.227000,fit,
Training_Data::cycle_759,29562,2022-03-18 16:34:13.953000,2022-03-18 16:36:25.402000,fit,
Training_Data::cycle_760,29601,2022-03-18 16:42:47.366000,2022-03-18 16:44:59.315000,fit,
Training_Data::cycle_761,29640,2022-03-18 16:46:33.527000,2022-03-18 16:48:45.279000,fit,
Training_Data::cycle_762,29679,2022-03-18 16:50:12.954000,2022-03-18 16:52:24.788000,fit,
Training_Data::cycle_763,29718,2022-03-18 16:55:05.634000,2022-03-18 16:57:17.055000,fit,
Training_Data::cycle_764,29757,2022-03-18 16:59:12.165000,2022-03-18 17:01:23.477000,fit,
Training_Data::cycle_765,29796,2022-03-18 17:04:57.008000,2022-03-18 17:07:09.076000,fit,
Training_Data::cycle_766,29835,2022-03-18 17:08:45.332000,2022-03-18 17:10:56.538000,fit,
Training_Data::cycle_767,29874,2022-03-18 17:12:30.439000,2022-03-18 17:14:41.781000,fit,
Training_Data::cycle_768,29913,2022-03-18 17:16:20.243000,2022-03-18 17:18:32.272000,fit,
Training_Data::cycle_769,29952,2022-03-18 17:21:24.144000,2022-03-18 17:23:35.762000,fit,
Training_Data::cycle_770,29991,2022-03-18 17:29:47.213000,2022-03-18 17:31:58.557000,fit,
Training_Data::cycle_771,30030,2022-03-21 09:12:18.304000,2022-03-21 09:14:29.851000,fit,
Training_Data::cycle_772,30069,2022-03-21 09:16:19.793000,2022-03-21 09:18:31.121000,fit,
Training_Data::cycle_773,30108,2022-03-21 09:20:03.607000,2022-03-21 09:22:15.228000,fit,
Training_Data::cycle_774,30147,2022-03-21 09:25:11.888000,2022-03-21 09:27:23.795000,fit,
Training_Data::cycle_775,30186,2022-03-21 09:29:45.189000,2022-03-21 09:31:56.967000,fit,
Training_Data::cycle_776,30225,2022-03-21 09:33:49.781000,2022-03-21 09:36:01.336000,fit,
Training_Data::cycle_777,30264,2022-03-21 09:38:18.590000,2022-03-21 09:40:29.824000,fit,
Training_Data::cycle_778,30303,2022-03-21 09:41:55.245000,2022-03-21 09:44:07.101000,fit,
Training_Data::cycle_779,30342,2022-03-21 09:44:53.985000,2022-03-21 09:47:05.901000,fit,
Training_Data::cycle_780,30381,2022-03-21 09:48:13.519000,2022-03-21 09:50:25.502000,fit,
Training_Data::cycle_781,30420,2022-03-21 09:51:14.248000,2022-03-21 09:53:26.192000,fit,
Training_Data::cycle_782,30459,2022-03-21 09:54:13.558000,2022-03-21 09:56:25.733000,fit,
Training_Data::cycle_783,30498,2022-03-21 09:57:34.663000,2022-03-21 09:59:45.997000,fit,
Training_Data::cycle_784,30537,2022-03-21 10:06:25.138000,2022-03-21 10:08:36.628000,fit,
Training_Data::cycle_785,30576,2022-03-21 10:19:08.830000,2022-03-21 10:21:20.372000,fit,
Training_Data::cycle_786,30615,2022-03-21 10:22:55.108000,2022-03-21 10:25:06.857000,fit,
Training_Data::cycle_787,30654,2022-03-21 10:33:57.720000,2022-03-21 10:36:09.050000,fit,
Training_Data::cycle_788,30693,2022-03-21 10:53:17.669000,2022-03-21 10:55:29.241000,fit,
Training_Data::cycle_789,30732,2022-03-21 11:01:49.178000,2022-03-21 11:04:00.906000,fit,
Training_Data::cycle_790,30771,2022-03-21 11:10:01.801000,2022-03-21 11:12:13.215000,fit,
Training_Data::cycle_791,30810,2022-03-21 11:15:18.394000,2022-03-21 11:17:29.702000,fit,
Training_Data::cycle_792,30849,2022-03-21 11:24:17.137000,2022-03-21 11:26:29.007000,fit,
Training_Data::cycle_793,30888,2022-03-21 11:30:39.690000,2022-03-21 11:32:50.818000,fit,
Training_Data::cycle_794,30927,2022-03-21 11:43:30.818000,2022-03-21 11:45:43.198000,fit,
Training_Data::cycle_795,30966,2022-03-21 11:46:30.272000,2022-03-21 11:48:42.332000,fit,
Training_Data::cycle_796,31005,2022-03-21 12:00:04.312000,2022-03-21 12:02:15.676000,fit,
Training_Data::cycle_797,31044,2022-03-21 12:04:00.546000,2022-03-21 12:06:11.781000,fit,
Training_Data::cycle_798,31083,2022-03-21 13:08:16.656000,2022-03-21 13:10:28.430000,fit,
Training_Data::cycle_799,31122,2022-03-21 13:18:30.869000,2022-03-21 13:20:42.221000,fit,
Training_Data::cycle_800,31161,2022-03-21 13:22:36.256000,2022-03-21 13:24:47.504000,fit,
Training_Data::cycle_801,31200,2022-03-21 13:30:21.061000,2022-03-21 13:32:32.415000,fit,
Training_Data::cycle_802,31239,2022-03-21 13:41:24.850000,2022-03-21 13:43:36.292000,fit,
Training_Data::cycle_803,31278,2022-03-21 13:44:23.547000,2022-03-21 13:46:35.405000,fit,
Training_Data::cycle_804,31317,2022-03-21 13:55:19.438000,2022-03-21 13:57:30.786000,fit,
Training_Data::cycle_805,31356,2022-03-21 13:58:17.711000,2022-03-21 14:00:28.873000,fit,
Training_Data::cycle_806,31395,2022-03-21 14:11:49.396000,2022-03-21 14:14:00.301000,fit,
Training_Data::cycle_807,31434,2022-03-21 14:14:46.901000,2022-03-21 14:16:58.245000,fit,
Training_Data::cycle_808,31473,2022-03-21 14:24:08.926000,2022-03-21 14:26:20.250000,fit,
Training_Data::cycle_809,31512,2022-03-21 14:35:17.558000,2022-03-21 14:37:29.546000,fit,
Training_Data::cycle_810,31551,2022-03-21 14:45:05.615000,2022-03-21 14:47:17.227000,fit,
Training_Data::cycle_811,31590,2022-03-21 14:48:03.653000,2022-03-21 14:50:15.226000,fit,
Training_Data::cycle_812,31629,2022-03-21 14:55:08.676000,2022-03-21 14:57:20.741000,fit,
Training_Data::cycle_813,31668,2022-03-21 14:58:07.469000,2022-03-21 15:00:19.503000,fit,
Training_Data::cycle_814,31707,2022-03-21 15:07:04.480000,2022-03-21 15:09:16.318000,fit,
Training_Data::cycle_815,31746,2022-03-21 15:10:02.745000,2022-03-21 15:12:13.999000,fit,
Training_Data::cycle_816,31785,2022-03-21 15:19:49.540000,2022-03-21 15:22:01.194000,fit,
Training_Data::cycle_817,31824,2022-03-21 15:22:47.766000,2022-03-21 15:24:59.491000,fit,
Training_Data::cycle_818,31863,2022-03-21 15:31:18.844000,2022-03-21 15:33:29.976000,fit,
Training_Data::cycle_819,31902,2022-03-21 15:34:16.936000,2022-03-21 15:36:28.702000,fit,
Training_Data::cycle_820,31941,2022-03-21 16:05:18.702000,2022-03-21 16:07:29.951000,fit,
Training_Data::cycle_821,31980,2022-03-21 16:08:55.427000,2022-03-21 16:11:06.671000,fit,
Training_Data::cycle_822,32019,2022-03-21 16:11:53.287000,2022-03-21 16:14:04.034000,fit,
Training_Data::cycle_823,32058,2022-03-21 16:14:50.982000,2022-03-21 16:17:02.436000,fit,
Training_Data::cycle_824,32097,2022-03-21 16:27:47.201000,2022-03-21 16:29:58.354000,fit,
Training_Data::cycle_825,32136,2022-03-21 16:30:45.402000,2022-03-21 16:32:56.854000,fit,
Training_Data::cycle_826,32175,2022-03-21 16:39:31.681000,2022-03-21 16:41:43.527000,fit,
Training_Data::cycle_827,32214,2022-03-21 16:42:30.004000,2022-03-21 16:44:41.548000,fit,
Training_Data::cycle_828,32253,2022-03-21 16:55:21.199000,2022-03-21 16:57:32.326000,fit,
Training_Data::cycle_829,32292,2022-03-21 17:00:07.364000,2022-03-21 17:02:18.816000,fit,
Training_Data::cycle_830,32331,2022-03-21 17:05:30.083000,2022-03-21 17:07:41.637000,fit,
Training_Data::cycle_831,32370,2022-03-21 17:08:28.251000,2022-03-21 17:10:40.085000,fit,
Training_Data::cycle_832,32409,2022-03-21 17:11:26.648000,2022-03-21 17:13:38.206000,fit,
Training_Data::cycle_833,32448,2022-03-21 17:24:51.815000,2022-03-21 17:27:03.502000,fit,
Training_Data::cycle_834,32487,2022-03-21 17:27:49.740000,2022-03-21 17:30:01.006000,fit,
Training_Data::cycle_835,32526,2022-03-21 17:30:47.632000,2022-03-21 17:32:59.565000,fit,
Training_Data::cycle_836,32565,2022-03-21 17:34:04.951000,2022-03-21 17:36:16.481000,fit,
Training_Data::cycle_837,32604,2022-03-21 17:37:03.327000,2022-03-21 17:39:14.584000,fit,
Training_Data::cycle_838,32643,2022-03-21 17:40:01.226000,2022-03-21 17:42:12.672000,fit,
Training_Data::cycle_839,32682,2022-03-21 17:43:25.490000,2022-03-21 17:45:36.492000,fit,
Training_Data::cycle_840,32721,2022-03-21 17:46:23.129000,2022-03-21 17:48:34.391000,fit,
Training_Data::cycle_841,32760,2022-03-21 17:50:22.111000,2022-03-21 17:52:33.463000,fit,
Training_Data::cycle_842,32799,2022-03-22 09:20:19.029000,2022-03-22 09:22:30.261000,fit,
Training_Data::cycle_843,32838,2022-03-22 09:24:03.701000,2022-03-22 09:26:14.874000,fit,
Training_Data::cycle_844,32877,2022-03-22 09:27:02.138000,2022-03-22 09:29:13.370000,fit,
Training_Data::cycle_845,32916,2022-03-22 09:53:16.815000,2022-03-22 09:55:28.506000,fit,
Training_Data::cycle_846,32955,2022-03-22 10:02:27.867000,2022-03-22 10:04:38.949000,fit,
Training_Data::cycle_847,32994,2022-03-22 10:06:44.401000,2022-03-22 10:08:55.446000,fit,
Training_Data::cycle_848,33033,2022-03-22 10:09:42.550000,2022-03-22 10:11:54.322000,fit,
Training_Data::cycle_849,33072,2022-03-22 10:15:17.960000,2022-03-22 10:17:29.115000,fit,
Training_Data::cycle_850,33111,2022-03-22 10:18:15.859000,2022-03-22 10:20:27.623000,fit,
Training_Data::cycle_851,33150,2022-03-22 10:27:13.942000,2022-03-22 10:29:25.382000,fit,
Training_Data::cycle_852,33189,2022-03-22 10:30:11.462000,2022-03-22 10:32:23.005000,fit,
Training_Data::cycle_853,33228,2022-03-22 10:33:43.191000,2022-03-22 10:35:54.813000,fit,
Training_Data::cycle_854,33267,2022-03-22 10:58:22.862000,2022-03-22 11:00:34.113000,fit,
Training_Data::cycle_855,33306,2022-03-22 11:03:00.019000,2022-03-22 11:05:11.685000,fit,
Training_Data::cycle_856,33345,2022-03-22 11:05:59.244000,2022-03-22 11:08:10.468000,fit,
Training_Data::cycle_857,33384,2022-03-22 11:15:02.259000,2022-03-22 11:17:13.569000,fit,
Training_Data::cycle_858,33423,2022-03-22 11:23:18.114000,2022-03-22 11:25:29.554000,fit,
Training_Data::cycle_859,33462,2022-03-22 11:26:16.730000,2022-03-22 11:28:28.157000,fit,
Training_Data::cycle_860,33501,2022-03-22 11:29:15.193000,2022-03-22 11:31:26.871000,fit,
Training_Data::cycle_861,33540,2022-03-22 11:36:18.094000,2022-03-22 11:38:29.686000,fit,
Training_Data::cycle_862,33579,2022-03-22 11:39:17.200000,2022-03-22 11:41:28.670000,fit,
Training_Data::cycle_863,33618,2022-03-22 11:50:26.680000,2022-03-22 11:52:38.162000,fit,
Training_Data::cycle_864,33657,2022-03-22 11:53:25.378000,2022-03-22 11:55:36.932000,fit,
Training_Data::cycle_865,33696,2022-03-22 12:01:15.503000,2022-03-22 12:03:27.236000,fit,
Training_Data::cycle_866,33735,2022-03-22 13:07:17.711000,2022-03-22 13:09:28.983000,fit,
Training_Data::cycle_867,33774,2022-03-22 13:13:27.523000,2022-03-22 13:15:38.872000,fit,
Training_Data::cycle_868,33813,2022-03-22 13:16:25.708000,2022-03-22 13:18:36.982000,fit,
Training_Data::cycle_869,33852,2022-03-22 13:25:46.333000,2022-03-22 13:27:57.447000,fit,
Training_Data::cycle_870,33891,2022-03-22 13:28:44.996000,2022-03-22 13:30:56.980000,fit,
Training_Data::cycle_871,33930,2022-03-22 13:38:31.821000,2022-03-22 13:40:43.627000,fit,
Training_Data::cycle_872,33969,2022-03-22 13:41:31.101000,2022-03-22 13:43:42.450000,fit,
Training_Data::cycle_873,34008,2022-03-22 13:53:03.051000,2022-03-22 13:55:14.739000,fit,
Training_Data::cycle_874,34047,2022-03-22 13:56:40.095000,2022-03-22 13:58:51.524000,fit,
Training_Data::cycle_875,34086,2022-03-22 13:59:38.366000,2022-03-22 14:01:49.524000,fit,
Training_Data::cycle_876,34125,2022-03-22 14:10:00.755000,2022-03-22 14:12:11.704000,fit,
Training_Data::cycle_877,34164,2022-03-22 14:13:13.576000,2022-03-22 14:15:24.688000,fit,
Training_Data::cycle_878,34203,2022-03-22 14:22:08.365000,2022-03-22 14:24:19.393000,fit,
Training_Data::cycle_879,34242,2022-03-22 14:26:54.060000,2022-03-22 14:29:05.216000,fit,
Training_Data::cycle_880,34281,2022-03-22 14:29:51.772000,2022-03-22 14:32:03.374000,fit,
Training_Data::cycle_881,34320,2022-03-22 14:45:42.442000,2022-03-22 14:47:53.871000,fit,
Training_Data::cycle_882,34359,2022-03-22 14:48:41.449000,2022-03-22 14:50:52.786000,fit,
Training_Data::cycle_883,34398,2022-03-22 14:51:39.726000,2022-03-22 14:53:50.990000,fit,
Training_Data::cycle_884,34437,2022-03-22 14:58:41.719000,2022-03-22 15:00:53.433000,fit,
Training_Data::cycle_885,34476,2022-03-22 15:05:10.934000,2022-03-22 15:07:22.870000,fit,
Training_Data::cycle_886,34515,2022-03-22 15:08:10.044000,2022-03-22 15:10:22.066000,fit,
Training_Data::cycle_887,34554,2022-03-22 15:16:41.025000,2022-03-22 15:18:53.254000,fit,
Training_Data::cycle_888,34593,2022-03-22 15:21:42.210000,2022-03-22 15:23:53.860000,fit,
Training_Data::cycle_889,34632,2022-03-22 15:24:40.902000,2022-03-22 15:26:52.137000,fit,
Training_Data::cycle_890,34671,2022-03-22 15:35:43.906000,2022-03-22 15:37:55.554000,fit,
Training_Data::cycle_891,34710,2022-03-22 15:53:03.006000,2022-03-22 15:55:14.721000,fit,
Training_Data::cycle_892,34749,2022-03-22 15:58:29.709000,2022-03-22 16:00:41.127000,fit,
Training_Data::cycle_893,34788,2022-03-22 16:11:17.379000,2022-03-22 16:13:28.979000,fit,
Training_Data::cycle_894,34827,2022-03-22 16:14:15.813000,2022-03-22 16:16:27.312000,fit,
Training_Data::cycle_895,34866,2022-03-22 16:28:00.887000,2022-03-22 16:30:12.180000,fit,
Training_Data::cycle_896,34905,2022-03-22 16:31:31.776000,2022-03-22 16:33:43.378000,fit,
Training_Data::cycle_897,34944,2022-03-22 16:46:05.250000,2022-03-22 16:48:16.992000,fit,
Training_Data::cycle_898,34983,2022-03-22 16:49:03.036000,2022-03-22 16:51:14.295000,fit,
Training_Data::cycle_899,35022,2022-03-22 16:55:59.531000,2022-03-22 16:58:10.789000,fit,
Training_Data::cycle_900,35061,2022-03-22 17:01:29.720000,2022-03-22 17:03:40.778000,fit,
Training_Data::cycle_901,35100,2022-03-22 17:06:16.031000,2022-03-22 17:08:27.259000,fit,
Training_Data::cycle_902,35139,2022-03-22 17:10:48.317000,2022-03-22 17:13:00.374000,fit,
Training_Data::cycle_903,35178,2022-03-22 17:19:36.218000,2022-03-22 17:21:47.949000,fit,
Training_Data::cycle_904,35217,2022-03-22 17:28:17.652000,2022-03-22 17:30:29.054000,fit,
Training_Data::cycle_905,35256,2022-03-22 17:31:19.400000,2022-03-22 17:33:30.436000,fit,
Training_Data::cycle_906,35295,2022-03-22 17:34:17.739000,2022-03-22 17:36:28.763000,fit,
Training_Data::cycle_907,35334,2022-03-22 17:47:27.022000,2022-03-22 17:49:38.839000,fit,
Training_Data::cycle_908,35373,2022-03-22 17:50:25.977000,2022-03-22 17:52:37.537000,fit,
Training_Data::cycle_909,35412,2022-03-22 17:53:24.289000,2022-03-22 17:55:35.538000,fit,
Training_Data::cycle_910,35451,2022-03-24 10:03:09.296000,2022-03-24 10:04:58.758000,fit,
Training_Data::cycle_911,35490,2022-03-24 11:13:30.563000,2022-03-24 11:15:23.718000,fit,
Training_Data::cycle_912,35529,2022-03-24 11:24:02.373000,2022-03-24 11:25:58.204000,fit,
Training_Data::cycle_913,35568,2022-03-24 11:31:36.561000,2022-03-24 11:33:31.994000,fit,
Training_Data::cycle_914,35607,2022-03-24 11:37:03.294000,2022-03-24 11:38:59.283000,fit,
Training_Data::cycle_915,35646,2022-03-24 11:41:54.634000,2022-03-24 11:43:50.567000,fit,
Training_Data::cycle_916,35685,2022-03-24 11:44:37.047000,2022-03-24 11:46:33.152000,fit,
Training_Data::cycle_917,35724,2022-03-24 11:47:19.268000,2022-03-24 11:49:14.681000,fit,
Training_Data::cycle_918,35763,2022-03-24 11:50:01.160000,2022-03-24 11:51:56.689000,fit,
Training_Data::cycle_919,35802,2022-03-24 11:52:42.943000,2022-03-24 11:54:38.236000,fit,
Training_Data::cycle_920,35841,2022-03-24 11:55:24.962000,2022-03-24 11:57:20.828000,fit,
Training_Data::cycle_921,35880,2022-03-24 11:58:07.168000,2022-03-24 12:00:03.059000,fit,
Training_Data::cycle_922,35919,2022-03-24 12:03:13.961000,2022-03-24 12:05:09.955000,fit,
Training_Data::cycle_923,35958,2022-03-24 13:10:29.391000,2022-03-24 13:12:24.576000,fit,
Training_Data::cycle_924,35997,2022-03-24 13:13:10.724000,2022-03-24 13:15:05.993000,fit,
Training_Data::cycle_925,36036,2022-03-24 13:15:52.546000,2022-03-24 13:17:47.755000,fit,
Training_Data::cycle_926,36075,2022-03-24 13:25:40.806000,2022-03-24 13:27:52.372000,fit,
Training_Data::cycle_927,36114,2022-03-24 13:40:41.805000,2022-03-24 13:42:53.073000,fit,
Training_Data::cycle_928,36153,2022-03-24 14:34:15.977000,2022-03-24 14:36:27.585000,fit,
Training_Data::cycle_929,36192,2022-03-24 14:37:14.378000,2022-03-24 14:39:26.046000,fit,
Training_Data::cycle_930,36231,2022-03-24 14:40:13.087000,2022-03-24 14:42:24.614000,fit,
Training_Data::cycle_931,36270,2022-03-24 14:43:12.178000,2022-03-24 14:45:24.212000,fit,
Training_Data::cycle_932,36309,2022-03-24 14:46:10.838000,2022-03-24 14:48:22.621000,fit,
Training_Data::cycle_933,36348,2022-03-24 14:49:08.956000,2022-03-24 14:51:20.006000,fit,
Training_Data::cycle_934,36387,2022-03-24 14:52:07.556000,2022-03-24 14:54:19.100000,fit,
Training_Data::cycle_935,36426,2022-03-24 14:55:06.456000,2022-03-24 14:57:18.417000,fit,
Training_Data::cycle_936,36465,2022-03-24 14:58:05.858000,2022-03-24 15:00:18.014000,fit,
Training_Data::cycle_937,36504,2022-03-24 15:01:04.141000,2022-03-24 15:03:16.473000,fit,
Training_Data::cycle_938,36543,2022-03-24 15:04:03.237000,2022-03-24 15:06:15.488000,fit,
Training_Data::cycle_939,36582,2022-03-24 15:07:02.229000,2022-03-24 15:09:13.769000,fit,
Training_Data::cycle_940,36621,2022-03-24 15:10:00.960000,2022-03-24 15:12:12.905000,fit,
Training_Data::cycle_941,36660,2022-03-24 15:15:37.030000,2022-03-24 15:17:49.063000,fit,
Training_Data::cycle_942,36699,2022-03-24 15:18:36,2022-03-24 15:20:48.217000,fit,
Training_Data::cycle_943,36738,2022-03-24 15:21:35.029000,2022-03-24 15:23:46.898000,fit,
Training_Data::cycle_944,36777,2022-03-24 15:24:33.321000,2022-03-24 15:26:44.986000,fit,
Training_Data::cycle_945,36816,2022-03-24 15:27:31.509000,2022-03-24 15:29:43.252000,fit,
Training_Data::cycle_946,36855,2022-03-24 15:30:29.898000,2022-03-24 15:32:41.483000,fit,
Training_Data::cycle_947,36894,2022-03-24 15:33:29.055000,2022-03-24 15:35:41.171000,fit,
Training_Data::cycle_948,36933,2022-03-24 15:36:27.701000,2022-03-24 15:38:39.578000,fit,
Training_Data::cycle_949,36972,2022-03-24 15:39:26.230000,2022-03-24 15:41:38.081000,fit,
Training_Data::cycle_950,37011,2022-03-24 15:54:30.242000,2022-03-24 15:56:41.952000,fit,
Training_Data::cycle_951,37050,2022-03-24 15:57:33.844000,2022-03-24 15:59:45.710000,fit,
Training_Data::cycle_952,37089,2022-03-24 16:00:32.719000,2022-03-24 16:02:45.025000,fit,
Training_Data::cycle_953,37128,2022-03-24 16:03:31.901000,2022-03-24 16:05:43.314000,fit,
Training_Data::cycle_954,37167,2022-03-24 16:08:02.906000,2022-03-24 16:10:14.550000,fit,
Training_Data::cycle_955,37206,2022-03-24 16:11:00.603000,2022-03-24 16:13:12.637000,fit,
Training_Data::cycle_956,37245,2022-03-24 16:13:58.876000,2022-03-24 16:16:10.968000,fit,
Training_Data::cycle_957,37284,2022-03-24 16:16:57.774000,2022-03-24 16:19:09.709000,fit,
Training_Data::cycle_958,37323,2022-03-24 16:19:56.975000,2022-03-24 16:22:09.139000,fit,
Training_Data::cycle_959,37362,2022-03-24 16:24:16.894000,2022-03-24 16:26:28.792000,fit,
Training_Data::cycle_960,37401,2022-03-24 16:33:42.576000,2022-03-24 16:35:54.219000,fit,
Training_Data::cycle_961,37440,2022-03-24 16:38:20.879000,2022-03-24 16:40:32.057000,fit,
Training_Data::cycle_962,37479,2022-03-24 16:41:18.283000,2022-03-24 16:43:29.970000,fit,
Training_Data::cycle_963,37518,2022-03-24 16:44:17.357000,2022-03-24 16:46:28.719000,fit,
Training_Data::cycle_964,37557,2022-03-24 16:49:42.030000,2022-03-24 16:51:53.685000,fit,
Training_Data::cycle_965,37596,2022-03-24 16:52:42.447000,2022-03-24 16:54:54.053000,fit,
Training_Data::cycle_966,37635,2022-03-24 17:02:12.054000,2022-03-24 17:04:24.176000,fit,
Training_Data::cycle_967,37674,2022-03-24 17:08:47.105000,2022-03-24 17:10:58.378000,fit,
Training_Data::cycle_968,37713,2022-03-24 17:11:45.257000,2022-03-24 17:13:56.960000,fit,
Training_Data::cycle_969,37752,2022-03-24 17:16:34.639000,2022-03-24 17:18:45.963000,fit,
Training_Data::cycle_970,37791,2022-03-24 17:23:45.537000,2022-03-24 17:25:57.137000,fit,
Training_Data::cycle_971,37830,2022-03-24 17:27:34.307000,2022-03-24 17:29:46.078000,fit,
Training_Data::cycle_972,37869,2022-03-24 17:36:10.741000,2022-03-24 17:38:22.461000,fit,
Training_Data::cycle_973,37908,2022-03-24 17:50:40.920000,2022-03-24 17:52:51.861000,fit,
Training_Data::cycle_974,37947,2022-03-24 17:53:37.983000,2022-03-24 17:55:49.952000,fit,
Training_Data::cycle_975,37986,2022-03-25 09:08:45.128000,2022-03-25 09:10:56.743000,fit,
Training_Data::cycle_976,38025,2022-03-25 09:11:44.322000,2022-03-25 09:13:55.604000,fit,
Training_Data::cycle_977,38064,2022-03-25 09:20:17.832000,2022-03-25 09:22:29.171000,fit,
Training_Data::cycle_978,38103,2022-03-25 09:23:31.611000,2022-03-25 09:25:43.189000,fit,
Training_Data::cycle_979,38142,2022-03-25 09:33:46.592000,2022-03-25 09:35:57.453000,fit,
Training_Data::cycle_980,38181,2022-03-25 09:37:19.799000,2022-03-25 09:39:31.949000,fit,
Training_Data::cycle_981,38220,2022-03-25 09:46:07.005000,2022-03-25 09:48:18.674000,fit,
Training_Data::cycle_982,38259,2022-03-25 09:57:40.222000,2022-03-25 09:59:52.615000,fit,
Training_Data::cycle_983,38298,2022-03-25 10:09:06.483000,2022-03-25 10:11:18.138000,fit,
Training_Data::cycle_984,38337,2022-03-25 10:12:04.113000,2022-03-25 10:14:15.643000,fit,
Training_Data::cycle_985,38376,2022-03-25 10:20:25.788000,2022-03-25 10:22:37.621000,fit,
Training_Data::cycle_986,38415,2022-03-25 10:25:05.822000,2022-03-25 10:27:17.560000,fit,
Training_Data::cycle_987,38454,2022-03-25 10:34:55.094000,2022-03-25 10:37:06.987000,fit,
Training_Data::cycle_988,38493,2022-03-25 10:58:25.748000,2022-03-25 11:00:37.374000,fit,
Training_Data::cycle_989,38532,2022-03-25 11:06:28.427000,2022-03-25 11:08:39.996000,fit,
Training_Data::cycle_990,38571,2022-03-25 11:09:26.534000,2022-03-25 11:11:38.160000,fit,
Training_Data::cycle_991,38610,2022-03-25 11:12:25.342000,2022-03-25 11:14:37.102000,fit,
Training_Data::cycle_992,38649,2022-03-25 11:19:36.246000,2022-03-25 11:21:48.692000,fit,
Training_Data::cycle_993,38688,2022-03-25 11:23:47.231000,2022-03-25 11:25:59.254000,fit,
Training_Data::cycle_994,38727,2022-03-25 11:26:50.431000,2022-03-25 11:29:02.205000,fit,
Training_Data::cycle_995,38766,2022-03-25 11:29:49.528000,2022-03-25 11:32:01.377000,fit,
Training_Data::cycle_996,38805,2022-03-25 11:32:48.579000,2022-03-25 11:35:00.275000,fit,
Training_Data::cycle_997,38844,2022-03-25 11:35:47.448000,2022-03-25 11:37:59.056000,fit,
Training_Data::cycle_998,38883,2022-03-25 11:38:45.924000,2022-03-25 11:40:57.048000,fit,
Training_Data::cycle_999,38922,2022-03-25 11:41:43.332000,2022-03-25 11:43:54.724000,fit,
Training_Data::cycle_1000,38961,2022-03-25 11:45:50.723000,2022-03-25 11:48:02.058000,fit,
Training_Data::cycle_1001,39000,2022-03-25 11:49:21.193000,2022-03-25 11:51:32.927000,fit,
Training_Data::cycle_1002,39039,2022-03-25 11:56:53.001000,2022-03-25 11:59:04.513000,fit,
Training_Data::cycle_1003,39078,2022-03-25 11:59:51.806000,2022-03-25 12:02:03.434000,fit,
Training_Data::cycle_1004,39117,2022-03-25 12:02:50.864000,2022-03-25 12:05:02.796000,fit,
Training_Data::cycle_1005,39156,2022-03-25 12:05:49.683000,2022-03-25 12:08:01.241000,fit,
Training_Data::cycle_1006,39195,2022-03-25 12:08:47.494000,2022-03-25 12:10:59.349000,fit,
Training_Data::cycle_1007,39234,2022-03-25 13:12:09.801000,2022-03-25 13:14:21.488000,fit,
Training_Data::cycle_1008,39273,2022-03-25 13:15:08.341000,2022-03-25 13:17:19.897000,fit,
Training_Data::cycle_1009,39312,2022-04-14 09:16:57.894000,2022-04-14 09:19:09.299000,fit,
Training_Data::cycle_1010,39351,2022-04-14 09:29:22.945000,2022-04-14 09:31:34.222000,fit,
Training_Data::cycle_1011,39390,2022-04-14 09:32:20.640000,2022-04-14 09:34:32.210000,fit,
Training_Data::cycle_1012,39429,2022-04-14 09:41:39.722000,2022-04-14 09:43:51.903000,fit,
Training_Data::cycle_1013,39468,2022-04-14 09:45:28.042000,2022-04-14 09:47:39.407000,fit,
Training_Data::cycle_1014,39507,2022-04-14 09:51:13.475000,2022-04-14 09:53:24.810000,fit,
Training_Data::cycle_1015,39546,2022-04-14 09:55:37.720000,2022-04-14 09:57:49.221000,fit,
Training_Data::cycle_1016,39585,2022-04-14 09:58:35.144000,2022-04-14 10:00:47.207000,fit,
Training_Data::cycle_1017,39624,2022-04-14 10:03:11.440000,2022-04-14 10:05:22.998000,fit,
Training_Data::cycle_1018,39663,2022-04-14 10:06:09.550000,2022-04-14 10:08:20.975000,fit,
Training_Data::cycle_1019,39702,2022-04-14 11:39:31.312000,2022-04-14 11:41:42.627000,fit,
Training_Data::cycle_1020,39741,2022-04-14 11:42:29.361000,2022-04-14 11:44:41.029000,fit,
Training_Data::cycle_1021,39780,2022-04-14 11:45:27.568000,2022-04-14 11:47:39.133000,fit,
Training_Data::cycle_1022,39819,2022-04-14 11:48:26.303000,2022-04-14 11:50:37.414000,fit,
Training_Data::cycle_1023,39858,2022-04-14 11:51:24.768000,2022-04-14 11:53:36.027000,fit,
Training_Data::cycle_1024,39897,2022-04-14 11:54:22.770000,2022-04-14 11:56:34.626000,fit,
Training_Data::cycle_1025,39936,2022-04-14 11:57:20.966000,2022-04-14 11:59:32.241000,fit,
Training_Data::cycle_1026,39975,2022-04-14 12:00:19.377000,2022-04-14 12:02:30.726000,fit,
Training_Data::cycle_1027,40014,2022-04-14 12:03:18.072000,2022-04-14 12:05:29.431000,fit,
Training_Data::cycle_1028,40053,2022-04-14 13:12:55.269000,2022-04-14 13:15:06.959000,fit,
Training_Data::cycle_1029,40092,2022-04-14 13:15:54.386000,2022-04-14 13:18:05.669000,fit,
Training_Data::cycle_1030,40131,2022-04-14 13:25:39.840000,2022-04-14 13:27:51.282000,fit,
Training_Data::cycle_1031,40170,2022-04-14 13:36:07.816000,2022-04-14 13:38:19.069000,fit,
Training_Data::cycle_1032,40209,2022-04-14 13:45:00.849000,2022-04-14 13:47:12.475000,fit,
Training_Data::cycle_1033,40248,2022-04-14 13:53:23.009000,2022-04-14 13:55:34.354000,fit,
Training_Data::cycle_1034,40287,2022-04-14 14:02:40.350000,2022-04-14 14:04:51.848000,fit,
Training_Data::cycle_1035,40326,2022-04-14 14:11:04.026000,2022-04-14 14:13:15.586000,fit,
Training_Data::cycle_1036,40365,2022-04-14 14:22:59.382000,2022-04-14 14:25:10.636000,fit,
Training_Data::cycle_1037,40404,2022-04-14 14:30:39.265000,2022-04-14 14:32:50.642000,fit,
Training_Data::cycle_1038,40443,2022-04-14 14:41:38.087000,2022-04-14 14:43:49.336000,fit,
Training_Data::cycle_1039,40482,2022-04-14 14:52:45.491000,2022-04-14 14:54:57.445000,fit,
Training_Data::cycle_1040,40521,2022-04-14 15:04:00.777000,2022-04-14 15:06:12.630000,fit,
Training_Data::cycle_1041,40560,2022-04-14 15:30:12.175000,2022-04-14 15:32:23.291000,fit,
Training_Data::cycle_1042,40599,2022-04-14 15:33:09.982000,2022-04-14 15:35:21.305000,fit,
Training_Data::cycle_1043,40638,2022-04-14 16:00:59.940000,2022-04-14 16:03:11.191000,fit,
Training_Data::cycle_1044,40677,2022-04-14 16:09:44.436000,2022-04-14 16:11:56.200000,fit,
Training_Data::cycle_1045,40716,2022-04-14 16:15:42.533000,2022-04-14 16:17:53.878000,fit,
Training_Data::cycle_1046,40755,2022-04-14 16:23:37.260000,2022-04-14 16:25:48.875000,fit,
Training_Data::cycle_1047,40794,2022-04-14 16:32:40.210000,2022-04-14 16:34:51.782000,fit,
Training_Data::cycle_1048,40833,2022-04-14 17:03:27.326000,2022-04-14 17:05:38.978000,fit,
Training_Data::cycle_1049,40872,2022-04-14 17:06:25.739000,2022-04-14 17:08:37.100000,fit,
Training_Data::cycle_1050,40911,2022-04-14 17:09:23.829000,2022-04-14 17:11:35.248000,fit,
Training_Data::cycle_1051,40950,2022-04-14 17:16:40.302000,2022-04-14 17:18:51.358000,fit,
Training_Data::cycle_1052,40989,2022-04-14 17:24:25.232000,2022-04-14 17:26:37.052000,fit,
Training_Data::cycle_1053,41028,2022-04-14 17:37:51.900000,2022-04-14 17:40:03.961000,fit,
Training_Data::cycle_1054,41067,2022-04-14 17:48:07.966000,2022-04-14 17:50:19.528000,fit,
Training_Data::cycle_1055,41106,2022-04-14 17:51:22.769000,2022-04-14 17:53:34.230000,fit,
Training_Data::cycle_1056,41145,2022-04-14 17:54:20.860000,2022-04-14 17:56:32.135000,fit,
Training_Data::cycle_1057,41184,2022-04-14 17:57:19.075000,2022-04-14 17:59:30.749000,fit,
Training_Data::cycle_1058,41223,2022-04-01 10:01:01.773000,2022-04-01 10:03:13.071000,fit,
Training_Data::cycle_1059,41262,2022-04-01 10:05:27.864000,2022-04-01 10:07:39.890000,fit,
Training_Data::cycle_1060,41301,2022-04-01 10:18:17.331000,2022-04-01 10:20:28.868000,fit,
Training_Data::cycle_1061,41340,2022-04-01 10:21:15.128000,2022-04-01 10:23:27.040000,fit,
Training_Data::cycle_1062,41379,2022-04-01 10:24:13.840000,2022-04-01 10:26:25.563000,fit,
Training_Data::cycle_1063,41418,2022-04-01 10:38:22.714000,2022-04-01 10:40:34.257000,fit,
Training_Data::cycle_1064,41457,2022-04-01 11:05:29.084000,2022-04-01 11:07:40.728000,fit,
Training_Data::cycle_1065,41496,2022-04-01 11:09:34.719000,2022-04-01 11:11:46.439000,fit,
Training_Data::cycle_1066,41535,2022-04-01 11:18:21.342000,2022-04-01 11:20:33.142000,fit,
Training_Data::cycle_1067,41574,2022-04-01 11:21:20.088000,2022-04-01 11:23:32.037000,fit,
Training_Data::cycle_1068,41613,2022-04-01 11:24:18.881000,2022-04-01 11:26:31.021000,fit,
Training_Data::cycle_1069,41652,2022-04-01 11:31:52.040000,2022-04-01 11:34:03.222000,fit,
Training_Data::cycle_1070,41691,2022-04-01 11:35:22.468000,2022-04-01 11:37:34.009000,fit,
Training_Data::cycle_1071,41730,2022-04-01 11:42:16.671000,2022-04-01 11:44:28.297000,fit,
Training_Data::cycle_1072,41769,2022-04-01 11:54:11.051000,2022-04-01 11:56:22.487000,fit,
Training_Data::cycle_1073,41808,2022-04-01 11:57:09.309000,2022-04-01 11:59:20.774000,fit,
Training_Data::cycle_1074,41847,2022-04-01 12:00:07.568000,2022-04-01 12:02:19.074000,fit,
Training_Data::cycle_1075,41886,2022-04-01 12:04:50.808000,2022-04-01 12:07:02.491000,fit,
Training_Data::cycle_1076,41925,2022-04-01 13:28:44.374000,2022-04-01 13:30:55.910000,fit,
Training_Data::cycle_1077,41964,2022-04-01 13:31:42.573000,2022-04-01 13:33:54.191000,fit,
Training_Data::cycle_1078,42003,2022-04-01 13:34:40.457000,2022-04-01 13:36:51.483000,fit,
Training_Data::cycle_1079,42042,2022-04-01 14:01:29.761000,2022-04-01 14:03:41.283000,fit,
Training_Data::cycle_1080,42081,2022-04-01 14:04:28.883000,2022-04-01 14:06:40.095000,fit,
Training_Data::cycle_1081,42120,2022-04-01 14:07:27.462000,2022-04-01 14:09:39.254000,fit,
Training_Data::cycle_1082,42159,2022-04-01 14:13:50.014000,2022-04-01 14:16:01.467000,fit,
Training_Data::cycle_1083,42198,2022-04-01 14:16:48.103000,2022-04-01 14:18:59.955000,fit,
Training_Data::cycle_1084,42237,2022-04-01 14:19:46.527000,2022-04-01 14:21:57.978000,fit,
Training_Data::cycle_1085,42276,2022-04-01 14:22:44.218000,2022-04-01 14:24:55.584000,fit,
Training_Data::cycle_1086,42315,2022-04-01 14:29:41.437000,2022-04-01 14:31:53.255000,fit,
Training_Data::cycle_1087,42354,2022-04-01 14:32:40.727000,2022-04-01 14:34:52.759000,fit,
Training_Data::cycle_1088,42393,2022-04-01 14:35:40.222000,2022-04-01 14:37:51.640000,fit,
Training_Data::cycle_1089,42432,2022-04-01 14:38:38.028000,2022-04-01 14:40:50.280000,fit,
Training_Data::cycle_1090,42471,2022-04-01 14:41:36.742000,2022-04-01 14:43:48.475000,fit,
Training_Data::cycle_1091,42510,2022-04-01 14:50:44.568000,2022-04-01 14:52:55.476000,fit,
Training_Data::cycle_1092,42549,2022-04-01 14:53:42.624000,2022-04-01 14:55:53.872000,fit,
Training_Data::cycle_1093,42588,2022-04-01 15:08:05.980000,2022-04-01 15:10:17.728000,fit,
Training_Data::cycle_1094,42627,2022-04-01 15:11:04.470000,2022-04-01 15:13:15.741000,fit,
Training_Data::cycle_1095,42666,2022-04-01 15:29:54.569000,2022-04-01 15:32:05.899000,fit,
Training_Data::cycle_1096,42705,2022-04-01 15:54:56.553000,2022-04-01 15:57:07.815000,fit,
Training_Data::cycle_1097,42744,2022-04-01 16:02:41.044000,2022-04-01 16:04:53.088000,fit,
Training_Data::cycle_1098,42783,2022-04-01 16:05:39.734000,2022-04-01 16:07:51.444000,fit,
Training_Data::cycle_1099,42822,2022-04-01 16:15:14.111000,2022-04-01 16:17:26.082000,fit,
Training_Data::cycle_1100,42861,2022-04-01 16:18:12.852000,2022-04-01 16:20:24.862000,fit,
Training_Data::cycle_1101,42900,2022-04-01 16:21:11.410000,2022-04-01 16:23:23.075000,fit,
Training_Data::cycle_1102,42939,2022-04-01 16:28:17.023000,2022-04-01 16:30:29.074000,fit,
Training_Data::cycle_1103,42978,2022-04-01 16:31:15.196000,2022-04-01 16:33:26.636000,fit,
Training_Data::cycle_1104,43017,2022-04-01 16:34:13.112000,2022-04-01 16:36:24.864000,fit,
Training_Data::cycle_1105,43056,2022-04-01 16:43:35.585000,2022-04-01 16:45:47.154000,fit,
Training_Data::cycle_1106,43095,2022-04-01 16:46:33.990000,2022-04-01 16:48:45.478000,fit,
Training_Data::cycle_1107,43134,2022-04-01 17:09:18.169000,2022-04-01 17:11:30.091000,fit,
Training_Data::cycle_1108,43173,2022-04-01 17:12:17.687000,2022-04-01 17:14:29.132000,fit,
Training_Data::cycle_1109,43212,2022-04-01 17:15:15.604000,2022-04-01 17:17:27.266000,fit,
Training_Data::cycle_1110,43251,2022-04-01 17:24:01.559000,2022-04-01 17:26:13.033000,fit,
Training_Data::cycle_1111,43290,2022-04-01 17:27:17.888000,2022-04-01 17:29:29.090000,fit,
Training_Data::cycle_1112,43329,2022-04-01 17:30:15.762000,2022-04-01 17:32:27.038000,fit,
Training_Data::cycle_1113,43368,2022-04-01 17:35:55.253000,2022-04-01 17:38:06.621000,fit,
Training_Data::cycle_1114,43407,2022-04-01 17:46:25.450000,2022-04-01 17:48:36.527000,fit,
Training_Data::cycle_1115,43446,2022-04-01 17:54:05.537000,2022-04-01 17:56:16.990000,fit,
Training_Data::cycle_1116,43485,2022-04-01 17:57:03.356000,2022-04-01 17:59:14.812000,fit,
Training_Data::cycle_1117,43524,2022-04-04 09:37:59.474000,2022-04-04 09:40:11.210000,fit,
Training_Data::cycle_1118,43563,2022-04-04 09:46:07.847000,2022-04-04 09:48:19.093000,fit,
Training_Data::cycle_1119,43602,2022-04-04 09:54:56.770000,2022-04-04 09:57:07.592000,fit,
Training_Data::cycle_1120,43641,2022-04-04 09:57:54.756000,2022-04-04 10:00:06.395000,fit,
Training_Data::cycle_1121,43680,2022-04-04 10:00:53.373000,2022-04-04 10:03:04.593000,fit,
Training_Data::cycle_1122,43719,2022-04-04 10:09:06.966000,2022-04-04 10:11:19.012000,fit,
Training_Data::cycle_1123,43758,2022-04-04 10:13:33.627000,2022-04-04 10:15:45.309000,fit,
Training_Data::cycle_1124,43797,2022-04-04 10:17:35.413000,2022-04-04 10:19:47.351000,fit,
Training_Data::cycle_1125,43836,2022-04-04 10:28:46.955000,2022-04-04 10:30:58.371000,fit,
Training_Data::cycle_1126,43875,2022-04-04 10:33:47.043000,2022-04-04 10:35:58.486000,fit,
Training_Data::cycle_1127,43914,2022-04-04 10:36:45.432000,2022-04-04 10:38:56.804000,fit,
Training_Data::cycle_1128,43953,2022-04-04 11:00:34.329000,2022-04-04 11:02:45.430000,fit,
Training_Data::cycle_1129,43992,2022-04-04 11:15:31.059000,2022-04-04 11:17:42.734000,fit,
Training_Data::cycle_1130,44031,2022-04-04 11:18:29.706000,2022-04-04 11:20:41.016000,fit,
Training_Data::cycle_1131,44070,2022-04-04 11:31:22.482000,2022-04-04 11:33:33.742000,fit,
Training_Data::cycle_1132,44109,2022-04-04 11:41:07.769000,2022-04-04 11:43:19.317000,fit,
Training_Data::cycle_1133,44148,2022-04-04 11:44:05.975000,2022-04-04 11:46:17.438000,fit,
Training_Data::cycle_1134,44187,2022-04-04 11:50:10.762000,2022-04-04 11:52:22.284000,fit,
Training_Data::cycle_1135,44226,2022-04-04 11:53:08.583000,2022-04-04 11:55:20.001000,fit,
Training_Data::cycle_1136,44265,2022-04-04 11:58:03.773000,2022-04-04 12:00:14.774000,fit,
Training_Data::cycle_1137,44304,2022-04-04 13:07:51.885000,2022-04-04 13:10:03.249000,fit,
Training_Data::cycle_1138,44343,2022-04-04 13:10:49.897000,2022-04-04 13:13:01.658000,fit,
Training_Data::cycle_1139,44382,2022-04-04 13:15:44.690000,2022-04-04 13:17:56.124000,fit,
Training_Data::cycle_1140,44421,2022-04-04 13:20:15.001000,2022-04-04 13:22:26.947000,fit,
Training_Data::cycle_1141,44460,2022-04-04 13:23:13.887000,2022-04-04 13:25:25.238000,fit,
Training_Data::cycle_1142,44499,2022-04-04 13:33:44.861000,2022-04-04 13:35:56.523000,fit,
Training_Data::cycle_1143,44538,2022-04-04 13:36:42.655000,2022-04-04 13:38:54.297000,fit,
Training_Data::cycle_1144,44577,2022-04-04 13:39:41.050000,2022-04-04 13:41:52.524000,fit,
Training_Data::cycle_1145,44616,2022-04-04 13:48:13.269000,2022-04-04 13:50:24.827000,fit,
Training_Data::cycle_1146,44655,2022-04-04 13:55:54.664000,2022-04-04 13:58:06.170000,fit,
Training_Data::cycle_1147,44694,2022-04-04 13:59:05.846000,2022-04-04 14:01:17.503000,fit,
Training_Data::cycle_1148,44733,2022-04-04 14:08:37.034000,2022-04-04 14:10:48.402000,fit,
Training_Data::cycle_1149,44772,2022-04-04 14:16:04.849000,2022-04-04 14:18:17.277000,fit,
Training_Data::cycle_1150,44811,2022-04-04 14:19:04.009000,2022-04-04 14:21:15.599000,fit,
Training_Data::cycle_1151,44850,2022-04-04 14:29:39.617000,2022-04-04 14:31:51.581000,fit,
Training_Data::cycle_1152,44889,2022-04-04 14:32:37.955000,2022-04-04 14:34:49.587000,fit,
Training_Data::cycle_1153,44928,2022-04-04 14:42:43.924000,2022-04-04 14:44:55.357000,fit,
Training_Data::cycle_1154,44967,2022-04-04 14:51:37.770000,2022-04-04 15:01:15.544000,fit,
Training_Data::cycle_1155,45006,2022-04-04 15:02:23.873000,2022-04-04 15:04:34.793000,fit,
Training_Data::cycle_1156,45045,2022-04-04 15:16:34.349000,2022-04-04 15:18:46.625000,fit,
Training_Data::cycle_1157,45084,2022-04-04 15:30:25.947000,2022-04-04 15:32:37.397000,fit,
Training_Data::cycle_1158,45123,2022-04-04 15:33:24.635000,2022-04-04 15:35:35.711000,fit,
Training_Data::cycle_1159,45162,2022-04-04 15:54:39.110000,2022-04-04 15:56:50.156000,fit,
Training_Data::cycle_1160,45201,2022-04-04 15:58:02.326000,2022-04-04 16:00:14.253000,fit,
Training_Data::cycle_1161,45240,2022-04-04 16:02:43.407000,2022-04-04 16:04:54.459000,fit,
Training_Data::cycle_1162,45279,2022-04-04 16:05:41.808000,2022-04-04 16:07:53.192000,fit,
Training_Data::cycle_1163,45318,2022-04-04 16:19:13.489000,2022-04-04 16:21:25.254000,fit,
Training_Data::cycle_1164,45357,2022-04-04 16:22:12.422000,2022-04-04 16:24:23.450000,fit,
Training_Data::cycle_1165,45396,2022-04-04 16:25:10.610000,2022-04-04 16:27:21.751000,fit,
Training_Data::cycle_1166,45435,2022-04-04 16:35:29.118000,2022-04-04 16:37:40.030000,fit,
Training_Data::cycle_1167,45474,2022-04-04 16:45:38.591000,2022-04-04 16:47:49.727000,fit,
Training_Data::cycle_1168,45513,2022-04-04 16:48:36.402000,2022-04-04 16:50:47.714000,fit,
Training_Data::cycle_1169,45552,2022-04-04 16:51:34.282000,2022-04-04 16:53:45.414000,fit,
Training_Data::cycle_1170,45591,2022-04-04 17:07:15.488000,2022-04-04 17:09:27.022000,fit,
Training_Data::cycle_1171,45630,2022-04-04 17:10:13.073000,2022-04-04 17:12:24.615000,fit,
Training_Data::cycle_1172,45669,2022-04-04 17:19:09.344000,2022-04-04 17:21:20.400000,fit,
Training_Data::cycle_1173,45708,2022-04-05 09:36:51.101000,2022-04-05 09:39:03.159000,fit,
Training_Data::cycle_1174,45747,2022-04-05 09:41:33.834000,2022-04-05 09:43:46.056000,fit,
Training_Data::cycle_1175,45786,2022-04-05 09:53:00.199000,2022-04-05 09:55:11.702000,fit,
Training_Data::cycle_1176,45825,2022-04-05 09:55:58.020000,2022-04-05 09:58:09.458000,fit,
Training_Data::cycle_1177,45864,2022-04-05 09:58:55.996000,2022-04-05 10:01:07.600000,fit,
Training_Data::cycle_1178,45903,2022-04-05 10:01:54.280000,2022-04-05 10:04:05.667000,fit,
Training_Data::cycle_1179,45942,2022-04-05 10:14:13.396000,2022-04-05 10:16:24.708000,fit,
Training_Data::cycle_1180,45981,2022-04-05 10:17:11.275000,2022-04-05 10:19:22.501000,fit,
Training_Data::cycle_1181,46020,2022-04-05 10:27:37.688000,2022-04-05 10:29:49.992000,fit,
Training_Data::cycle_1182,46059,2022-04-05 10:32:48.729000,2022-04-05 10:34:59.693000,fit,
Training_Data::cycle_1183,46098,2022-04-05 10:58:11.850000,2022-04-05 11:00:23.099000,fit,
Training_Data::cycle_1184,46137,2022-04-05 11:09:18.674000,2022-04-05 11:11:30.294000,fit,
Training_Data::cycle_1185,46176,2022-04-05 11:14:12.523000,2022-04-05 11:16:23.349000,fit,
Training_Data::cycle_1186,46215,2022-04-05 11:41:42.212000,2022-04-05 11:43:54.341000,fit,
Training_Data::cycle_1187,46254,2022-04-05 11:44:40.891000,2022-04-05 11:46:52.647000,fit,
Training_Data::cycle_1188,46293,2022-04-05 11:47:39.513000,2022-04-05 11:49:50.928000,fit,
Training_Data::cycle_1189,46332,2022-04-05 11:50:37.376000,2022-04-05 11:52:49.144000,fit,
Training_Data::cycle_1190,46371,2022-04-05 11:59:23.365000,2022-04-05 12:01:34.523000,fit,
Training_Data::cycle_1191,46410,2022-04-05 12:02:21.585000,2022-04-05 12:04:33.816000,fit,
Training_Data::cycle_1192,46449,2022-04-05 13:11:45.429000,2022-04-05 13:13:56.737000,fit,
Training_Data::cycle_1193,46488,2022-04-05 13:21:35.184000,2022-04-05 13:23:46.355000,fit,
Training_Data::cycle_1194,46527,2022-04-05 13:28:09.715000,2022-04-05 13:30:21.050000,fit,
Training_Data::cycle_1195,46566,2022-04-05 13:41:41.651000,2022-04-05 13:43:53.100000,fit,
Training_Data::cycle_1196,46605,2022-04-05 13:44:39.880000,2022-04-05 13:46:51.130000,fit,
Training_Data::cycle_1197,46644,2022-04-05 13:53:46.099000,2022-04-05 13:55:58.551000,fit,
Training_Data::cycle_1198,46683,2022-04-05 14:16:21.434000,2022-04-05 14:18:32.908000,fit,
Training_Data::cycle_1199,46722,2022-04-05 14:22:22.939000,2022-04-05 14:24:34.665000,fit,
Training_Data::cycle_1200,46761,2022-04-05 14:30:21.360000,2022-04-05 14:32:33.102000,fit,
Training_Data::cycle_1201,46800,2022-04-05 14:39:50.151000,2022-04-05 14:42:01.582000,fit,
Training_Data::cycle_1202,46839,2022-04-05 14:47:55.235000,2022-04-05 14:50:06.555000,fit,
Training_Data::cycle_1203,46878,2022-04-05 14:51:25.131000,2022-04-05 14:53:36.563000,fit,
Training_Data::cycle_1204,46917,2022-04-05 15:05:53.525000,2022-04-05 15:08:05.149000,fit,
Training_Data::cycle_1205,46956,2022-04-05 15:09:00.932000,2022-04-05 15:11:12.448000,fit,
Training_Data::cycle_1206,46995,2022-04-05 15:16:56.825000,2022-04-05 15:19:08.547000,fit,
Training_Data::cycle_1207,47034,2022-04-05 15:24:10.114000,2022-04-05 15:26:21.656000,fit,
Training_Data::cycle_1208,47073,2022-04-05 16:00:22.201000,2022-04-05 16:02:33.311000,fit,
Training_Data::cycle_1209,47112,2022-04-05 16:24:40.582000,2022-04-05 16:26:51.700000,fit,
Training_Data::cycle_1210,47151,2022-04-05 16:32:57.139000,2022-04-05 16:35:08.798000,fit,
Training_Data::cycle_1211,47190,2022-04-05 16:43:33.457000,2022-04-05 16:45:45.263000,fit,
Training_Data::cycle_1212,47229,2022-04-05 16:53:05.554000,2022-04-05 16:55:17.264000,fit,
Training_Data::cycle_1213,47268,2022-04-05 16:58:39.889000,2022-04-05 17:00:51.409000,fit,
Training_Data::cycle_1214,47307,2022-04-05 17:04:26.346000,2022-04-05 17:06:37.568000,fit,
Training_Data::cycle_1215,47346,2022-04-05 17:12:13.441000,2022-04-05 17:14:25.669000,fit,
Training_Data::cycle_1216,47385,2022-04-05 17:16:05.043000,2022-04-05 17:18:16.958000,fit,
Training_Data::cycle_1217,47424,2022-04-05 17:20:41.936000,2022-04-05 17:22:53.178000,fit,
Training_Data::cycle_1218,47463,2022-04-05 17:31:02.887000,2022-04-05 17:33:14.676000,fit,
Training_Data::cycle_1219,47502,2022-04-05 17:52:24.390000,2022-04-05 17:54:35.815000,fit,
Training_Data::cycle_1220,47541,2022-04-05 17:55:40.087000,2022-04-05 17:57:51.527000,fit,
Training_Data::cycle_1221,47580,2022-04-05 17:58:38.495000,2022-04-05 18:00:49.440000,fit,
Training_Data::cycle_1222,47619,2022-04-06 09:39:45.637000,2022-04-06 09:41:57.326000,fit,
Training_Data::cycle_1223,47658,2022-04-06 09:42:43.540000,2022-04-06 09:44:54.878000,fit,
Training_Data::cycle_1224,47697,2022-04-06 09:45:41.068000,2022-04-06 09:47:53.086000,fit,
Training_Data::cycle_1225,47736,2022-04-06 09:53:47.705000,2022-04-06 09:55:59.458000,fit,
Training_Data::cycle_1226,47775,2022-04-06 09:57:16.032000,2022-04-06 09:59:27.654000,fit,
Training_Data::cycle_1227,47814,2022-04-06 10:00:14.280000,2022-04-06 10:02:26.254000,fit,
Training_Data::cycle_1228,47853,2022-04-06 10:04:41.489000,2022-04-06 10:06:52.535000,fit,
Training_Data::cycle_1229,47892,2022-04-06 10:15:10.618000,2022-04-06 10:17:22.821000,fit,
Training_Data::cycle_1230,47931,2022-04-06 10:18:09.285000,2022-04-06 10:20:20.853000,fit,
Training_Data::cycle_1231,47970,2022-04-06 10:31:10.559000,2022-04-06 10:33:22.915000,fit,
Training_Data::cycle_1232,48009,2022-04-06 10:34:09.269000,2022-04-06 10:36:21.601000,fit,
Training_Data::cycle_1233,48048,2022-04-06 11:05:58.523000,2022-04-06 11:08:09.668000,fit,
Training_Data::cycle_1234,48087,2022-04-06 11:09:06.346000,2022-04-06 11:11:17.990000,fit,
Training_Data::cycle_1235,48126,2022-04-06 11:25:19.830000,2022-04-06 11:27:31.708000,fit,
Training_Data::cycle_1236,48165,2022-04-06 11:28:17.905000,2022-04-06 11:30:29.453000,fit,
Training_Data::cycle_1237,48204,2022-04-06 11:37:57.306000,2022-04-06 11:40:08.796000,fit,
Training_Data::cycle_1238,48243,2022-04-06 11:40:58.786000,2022-04-06 11:43:10.145000,fit,
Training_Data::cycle_1239,48282,2022-04-06 11:47:34.873000,2022-04-06 11:49:46.260000,fit,
Training_Data::cycle_1240,48321,2022-04-06 11:58:12.367000,2022-04-06 12:00:24.359000,fit,
Training_Data::cycle_1241,48360,2022-04-06 13:12:39.131000,2022-04-06 13:14:50.795000,fit,
Training_Data::cycle_1242,48399,2022-04-06 13:18:59.518000,2022-04-06 13:21:11.080000,fit,
Training_Data::cycle_1243,48438,2022-04-06 13:25:38.127000,2022-04-06 13:27:49.669000,fit,
Training_Data::cycle_1244,48477,2022-04-06 13:31:43.724000,2022-04-06 13:33:55.364000,fit,
Training_Data::cycle_1245,48516,2022-04-06 13:39:01.231000,2022-04-06 13:41:13.365000,fit,
Training_Data::cycle_1246,48555,2022-04-06 13:43:01.123000,2022-04-06 13:45:12.146000,fit,
Training_Data::cycle_1247,48594,2022-04-06 13:45:59,2022-04-06 13:48:10.578000,fit,
Training_Data::cycle_1248,48633,2022-04-06 13:56:03.119000,2022-04-06 13:58:14.448000,fit,
Training_Data::cycle_1249,48672,2022-04-06 13:59:01.102000,2022-04-06 14:01:12.764000,fit,
Training_Data::cycle_1250,48711,2022-04-06 14:07:15.365000,2022-04-06 14:09:26.769000,fit,
Training_Data::cycle_1251,48750,2022-04-06 14:16:23.508000,2022-04-06 14:18:35.234000,fit,
Training_Data::cycle_1252,48789,2022-04-06 14:28:06.450000,2022-04-06 14:30:18.010000,fit,
Training_Data::cycle_1253,48828,2022-04-06 14:31:04.368000,2022-04-06 14:33:15.514000,fit,
Training_Data::cycle_1254,48867,2022-04-06 14:40:25.787000,2022-04-06 14:42:37.618000,fit,
Training_Data::cycle_1255,48906,2022-04-06 14:43:24.382000,2022-04-06 14:45:36,fit,
Training_Data::cycle_1256,48945,2022-04-06 14:51:27.169000,2022-04-06 14:53:38.099000,fit,
Training_Data::cycle_1257,48984,2022-04-06 14:59:50.860000,2022-04-06 15:02:01.897000,fit,
Training_Data::cycle_1258,49023,2022-04-06 15:12:27.240000,2022-04-06 15:14:38.298000,fit,
Training_Data::cycle_1259,49062,2022-04-06 15:15:25.550000,2022-04-06 15:17:37.577000,fit,
Training_Data::cycle_1260,49101,2022-04-06 15:31:28.855000,2022-04-06 15:33:40.691000,fit,
Training_Data::cycle_1261,49140,2022-04-06 16:03:43.697000,2022-04-06 16:05:54.931000,fit,
Training_Data::cycle_1262,49179,2022-04-06 16:06:41.294000,2022-04-06 16:08:52.874000,fit,
Training_Data::cycle_1263,49218,2022-04-06 16:19:39.103000,2022-04-06 16:21:51.044000,fit,
Training_Data::cycle_1264,49257,2022-04-06 16:27:57.365000,2022-04-06 16:30:08.495000,fit,
Training_Data::cycle_1265,49296,2022-04-06 16:38:24.492000,2022-04-06 16:40:35.932000,fit,
Training_Data::cycle_1266,49335,2022-04-06 16:52:21.282000,2022-04-06 16:54:33.114000,fit,
Training_Data::cycle_1267,49374,2022-04-06 16:55:19.170000,2022-04-06 16:57:31.101000,fit,
Training_Data::cycle_1268,49413,2022-04-06 17:05:18.942000,2022-04-06 17:07:30.222000,fit,
Training_Data::cycle_1269,49452,2022-04-06 17:12:20.375000,2022-04-06 17:14:31.891000,fit,
Training_Data::cycle_1270,49491,2022-04-06 17:15:18.259000,2022-04-06 17:17:29.608000,fit,
Training_Data::cycle_1271,49530,2022-04-06 17:26:50.755000,2022-04-06 17:29:02.697000,fit,
Training_Data::cycle_1272,49569,2022-04-06 17:32:19.338000,2022-04-06 17:34:31.100000,fit,
Training_Data::cycle_1273,49608,2022-04-06 17:35:18.340000,2022-04-06 17:37:29.794000,fit,
Training_Data::cycle_1274,49647,2022-04-06 17:42:13.935000,2022-04-06 17:44:25.691000,fit,
Training_Data::cycle_1275,49686,2022-04-06 17:45:12.069000,2022-04-06 17:47:23.992000,fit,
Training_Data::cycle_1276,49725,2022-04-07 09:19:19.484000,2022-04-07 09:21:31.349000,fit,
Training_Data::cycle_1277,49764,2022-04-07 09:22:18.533000,2022-04-07 09:24:29.863000,fit,
Training_Data::cycle_1278,49803,2022-04-07 09:25:16.695000,2022-04-07 09:27:28.546000,fit,
Training_Data::cycle_1279,49842,2022-04-07 09:30:57.604000,2022-04-07 09:33:09.444000,fit,
Training_Data::cycle_1280,49881,2022-04-07 09:33:56.478000,2022-04-07 09:36:08.429000,fit,
Training_Data::cycle_1281,49920,2022-04-07 09:43:28.804000,2022-04-07 09:45:39.844000,fit,
Training_Data::cycle_1282,49959,2022-04-07 09:49:43.799000,2022-04-07 09:51:55.309000,fit,
Training_Data::cycle_1283,49998,2022-04-07 09:52:42.783000,2022-04-07 09:54:53.969000,fit,
Training_Data::cycle_1284,50037,2022-04-07 10:01:03.264000,2022-04-07 10:03:14.423000,fit,
Training_Data::cycle_1285,50076,2022-04-07 10:10:44.240000,2022-04-07 10:12:55.780000,fit,
Training_Data::cycle_1286,50115,2022-04-07 10:15:23.686000,2022-04-07 10:17:35.221000,fit,
Training_Data::cycle_1287,50154,2022-04-07 10:23:17.979000,2022-04-07 10:25:29.734000,fit,
Training_Data::cycle_1288,50193,2022-04-07 10:31:15.872000,2022-04-07 10:33:27.807000,fit,
Training_Data::cycle_1289,50232,2022-04-07 10:54:05.128000,2022-04-07 10:56:16.250000,fit,
Training_Data::cycle_1290,50271,2022-04-07 10:57:02.514000,2022-04-07 10:59:14.256000,fit,
Training_Data::cycle_1291,50310,2022-04-07 11:00:01.699000,2022-04-07 11:02:13.589000,fit,
Training_Data::cycle_1292,50349,2022-04-07 11:04:33.175000,2022-04-07 11:06:44.961000,fit,
Training_Data::cycle_1293,50388,2022-04-07 11:07:56.522000,2022-04-07 11:10:08.052000,fit,
Training_Data::cycle_1294,50427,2022-04-07 11:19:07.943000,2022-04-07 11:21:19.292000,fit,
Training_Data::cycle_1295,50466,2022-04-07 11:22:05.460000,2022-04-07 11:24:16.790000,fit,
Training_Data::cycle_1296,50505,2022-04-07 11:32:01.213000,2022-04-07 11:34:12.639000,fit,
Training_Data::cycle_1297,50544,2022-04-07 11:40:36.486000,2022-04-07 11:42:47.935000,fit,
Training_Data::cycle_1298,50583,2022-04-07 11:53:49.726000,2022-04-07 11:56:01.734000,fit,
Training_Data::cycle_1299,50622,2022-04-07 11:56:48.172000,2022-04-07 11:58:59.621000,fit,
Training_Data::cycle_1300,50661,2022-04-07 11:59:46.669000,2022-04-07 12:01:58.527000,fit,
Training_Data::cycle_1301,50700,2022-04-07 13:17:35.990000,2022-04-07 13:19:47.554000,fit,
Training_Data::cycle_1302,50739,2022-04-07 13:21:03.102000,2022-04-07 13:23:14.967000,fit,
Training_Data::cycle_1303,50778,2022-04-07 13:25:00.499000,2022-04-07 13:27:12.643000,fit,
Training_Data::cycle_1304,50817,2022-04-07 13:27:59.285000,2022-04-07 13:30:10.938000,fit,
Training_Data::cycle_1305,50856,2022-04-07 13:39:25.609000,2022-04-07 13:41:37.231000,fit,
Training_Data::cycle_1306,50895,2022-04-07 13:42:24.363000,2022-04-07 13:44:35.736000,fit,
Training_Data::cycle_1307,50934,2022-04-07 13:53:16.823000,2022-04-07 13:55:28.543000,fit,
Training_Data::cycle_1308,50973,2022-04-07 13:56:15.391000,2022-04-07 13:58:26.724000,fit,
Training_Data::cycle_1309,51012,2022-04-07 14:09:30.067000,2022-04-07 14:11:41.141000,fit,
Training_Data::cycle_1310,51051,2022-04-07 14:12:27.854000,2022-04-07 14:14:39.124000,fit,
Training_Data::cycle_1311,51090,2022-04-07 14:17:26.104000,2022-04-07 14:19:37.803000,fit,
Training_Data::cycle_1312,51129,2022-04-07 14:22:14.673000,2022-04-07 14:24:26.417000,fit,
Training_Data::cycle_1313,51168,2022-04-07 14:25:12.959000,2022-04-07 14:27:24.428000,fit,
Training_Data::cycle_1314,51207,2022-04-07 14:29:03.992000,2022-04-07 14:31:15.984000,fit,
Training_Data::cycle_1315,51246,2022-04-07 14:38:55.755000,2022-04-07 14:41:07.728000,fit,
Training_Data::cycle_1316,51285,2022-04-07 14:48:22.837000,2022-04-07 14:50:33.971000,fit,
Training_Data::cycle_1317,51324,2022-04-07 14:56:36.458000,2022-04-07 14:58:48.474000,fit,
Training_Data::cycle_1318,51363,2022-04-07 14:59:35.048000,2022-04-07 15:01:46.772000,fit,
Training_Data::cycle_1319,51402,2022-04-07 15:03:16.067000,2022-04-07 15:05:28.073000,fit,
Training_Data::cycle_1320,51441,2022-04-07 15:09:16.309000,2022-04-07 15:11:28.078000,fit,
Training_Data::cycle_1321,51480,2022-04-07 15:13:26.724000,2022-04-07 15:15:38.144000,fit,
Training_Data::cycle_1322,51519,2022-04-07 15:16:55.647000,2022-04-07 15:19:07.085000,fit,
Training_Data::cycle_1323,51558,2022-04-07 15:21:35.013000,2022-04-07 15:23:45.676000,fit,
Training_Data::cycle_1324,51597,2022-04-07 15:25:36.226000,2022-04-07 15:27:47.740000,fit,
Training_Data::cycle_1325,51636,2022-04-07 15:29:08.712000,2022-04-07 15:31:20.041000,fit,
Training_Data::cycle_1326,51675,2022-04-07 15:34:33.221000,2022-04-07 15:36:45.587000,fit,
Training_Data::cycle_1327,51714,2022-04-07 15:53:54.988000,2022-04-07 15:56:06.136000,fit,
Training_Data::cycle_1328,51753,2022-04-07 15:56:53.092000,2022-04-07 15:59:04.726000,fit,
Training_Data::cycle_1329,51792,2022-04-07 16:01:31.299000,2022-04-07 16:03:42.863000,fit,
Training_Data::cycle_1330,51831,2022-04-07 16:06:43.582000,2022-04-07 16:08:55.034000,fit,
Training_Data::cycle_1331,51870,2022-04-07 16:09:41.870000,2022-04-07 16:11:53.620000,fit,
Training_Data::cycle_1332,51909,2022-04-07 16:12:39.970000,2022-04-07 16:14:52.155000,fit,
Training_Data::cycle_1333,51948,2022-04-07 16:15:38.485000,2022-04-07 16:17:50.811000,fit,
Training_Data::cycle_1334,51987,2022-04-07 16:19:13.581000,2022-04-07 16:21:25.236000,fit,
Training_Data::cycle_1335,52026,2022-04-07 16:22:32.200000,2022-04-07 16:24:43.428000,fit,
Training_Data::cycle_1336,52065,2022-04-07 16:25:30.270000,2022-04-07 16:27:41.516000,fit,
Training_Data::cycle_1337,52104,2022-04-07 16:28:28.285000,2022-04-07 16:30:40.117000,fit,
Training_Data::cycle_1338,52143,2022-04-07 16:33:13.255000,2022-04-07 16:35:25.408000,fit,
Training_Data::cycle_1339,52182,2022-04-07 16:36:12.290000,2022-04-07 16:38:23.612000,fit,
Training_Data::cycle_1340,52221,2022-04-07 16:39:10.346000,2022-04-07 16:41:21.506000,fit,
Training_Data::cycle_1341,52260,2022-04-07 16:42:07.881000,2022-04-07 16:44:19.841000,fit,
Training_Data::cycle_1342,52299,2022-04-07 16:46:19.641000,2022-04-07 16:48:30.585000,fit,
Training_Data::cycle_1343,52338,2022-04-07 16:50:29.252000,2022-04-07 16:52:41.198000,fit,
Training_Data::cycle_1344,52377,2022-04-07 16:56:55.549000,2022-04-07 16:59:07.111000,fit,
Training_Data::cycle_1345,52416,2022-04-07 16:59:53.637000,2022-04-07 17:02:05.201000,fit,
Training_Data::cycle_1346,52455,2022-04-07 17:02:51.997000,2022-04-07 17:05:06.960000,fit,
Training_Data::cycle_1347,52494,2022-04-07 17:05:52.940000,2022-04-07 17:08:07.476000,fit,
Training_Data::cycle_1348,52533,2022-04-07 17:08:53.920000,2022-04-07 17:11:08.183000,fit,
Training_Data::cycle_1349,52572,2022-04-07 17:11:54.937000,2022-04-07 17:14:07.487000,fit,
Training_Data::cycle_1350,52611,2022-04-07 17:14:54.027000,2022-04-07 17:17:06.063000,fit,
Training_Data::cycle_1351,52650,2022-04-07 17:17:52.528000,2022-04-07 17:20:04.398000,fit,
Training_Data::cycle_1352,52689,2022-04-07 17:20:50.764000,2022-04-07 17:23:02.368000,fit,
Training_Data::cycle_1353,52728,2022-04-07 17:24:08.442000,2022-04-07 17:26:20.801000,fit,
Training_Data::cycle_1354,52767,2022-04-07 17:29:52.229000,2022-04-07 17:32:03.361000,fit,
Training_Data::cycle_1355,52806,2022-04-07 17:32:50.229000,2022-04-07 17:35:01.378000,fit,
Training_Data::cycle_1356,52845,2022-04-07 17:35:47.720000,2022-04-07 17:37:58.926000,fit,
Training_Data::cycle_1357,52884,2022-04-07 17:38:45.524000,2022-04-07 17:40:56.946000,fit,
Training_Data::cycle_1358,52923,2022-04-07 17:42:42.153000,2022-04-07 17:44:53.467000,fit,
Training_Data::cycle_1359,52962,2022-04-07 17:45:40.317000,2022-04-07 17:47:51.855000,fit,
Training_Data::cycle_1360,53001,2022-04-07 17:48:38.526000,2022-04-07 17:50:49.866000,fit,
Training_Data::cycle_1361,53040,2022-04-08 09:13:51.317000,2022-04-08 09:16:03.550000,fit,
Training_Data::cycle_1362,53079,2022-04-08 09:16:50.004000,2022-04-08 09:19:01.722000,fit,
Training_Data::cycle_1363,53118,2022-04-08 09:19:53.724000,2022-04-08 09:22:05.144000,fit,
Training_Data::cycle_1364,53157,2022-04-08 09:22:52.889000,2022-04-08 09:25:04.439000,fit,
Training_Data::cycle_1365,53196,2022-04-08 09:26:31.079000,2022-04-08 09:28:42.451000,fit,
Training_Data::cycle_1366,53235,2022-04-08 09:35:22.384000,2022-04-08 09:37:34.213000,fit,
Training_Data::cycle_1367,53274,2022-04-08 09:38:48.255000,2022-04-08 09:40:59.927000,fit,
Training_Data::cycle_1368,53313,2022-04-08 09:46:02.758000,2022-04-08 09:48:14.930000,fit,
Training_Data::cycle_1369,53352,2022-04-08 09:52:43.855000,2022-04-08 09:54:55.295000,fit,
Training_Data::cycle_1370,53391,2022-04-08 10:02:19.484000,2022-04-08 10:04:31.608000,fit,
Training_Data::cycle_1371,53430,2022-04-08 10:05:24.559000,2022-04-08 10:07:36.711000,fit,
Training_Data::cycle_1372,53469,2022-04-08 10:15:28.832000,2022-04-08 10:17:40.124000,fit,
Training_Data::cycle_1373,53508,2022-04-08 10:20:08.967000,2022-04-08 10:22:20.195000,fit,
Training_Data::cycle_1374,53547,2022-04-08 10:23:07.489000,2022-04-08 10:25:19.079000,fit,
Training_Data::cycle_1375,53586,2022-04-08 10:32:44.032000,2022-04-08 10:34:55.711000,fit,
Training_Data::cycle_1376,53625,2022-04-08 10:35:42.135000,2022-04-08 10:37:54.293000,fit,
Training_Data::cycle_1377,53664,2022-04-08 10:55:20.010000,2022-04-08 10:57:31.656000,fit,
Training_Data::cycle_1378,53703,2022-04-08 10:58:18.416000,2022-04-08 11:00:30.162000,fit,
Training_Data::cycle_1379,53742,2022-04-08 11:02:33.805000,2022-04-08 11:04:44.753000,fit,
Training_Data::cycle_1380,53781,2022-04-08 11:07:29.777000,2022-04-08 11:09:41.558000,fit,
Training_Data::cycle_1381,53820,2022-04-08 11:14:03.892000,2022-04-08 11:16:15.130000,fit,
Training_Data::cycle_1382,53859,2022-04-08 11:34:16.119000,2022-04-08 11:36:27.825000,fit,
Training_Data::cycle_1383,53898,2022-04-08 11:37:14.287000,2022-04-08 11:39:25.912000,fit,
Training_Data::cycle_1384,53937,2022-04-08 11:40:12.290000,2022-04-08 11:42:23.938000,fit,
Training_Data::cycle_1385,53976,2022-04-08 11:43:10.682000,2022-04-08 11:45:23.019000,fit,
Training_Data::cycle_1386,54015,2022-04-08 11:46:10.377000,2022-04-08 11:48:22.337000,fit,
Training_Data::cycle_1387,54054,2022-04-08 11:49:08.875000,2022-04-08 11:51:21.031000,fit,
Training_Data::cycle_1388,54093,2022-04-08 11:52:07.870000,2022-04-08 11:54:19.484000,fit,
Training_Data::cycle_1389,54132,2022-04-08 11:55:06.060000,2022-04-08 11:57:17.502000,fit,
Training_Data::cycle_1390,54171,2022-04-08 11:58:03.866000,2022-04-08 12:00:15.739000,fit,
Training_Data::cycle_1391,54210,2022-04-08 12:01:02.507000,2022-04-08 12:03:14.109000,fit,
Training_Data::cycle_1392,54249,2022-04-08 12:04:01.043000,2022-04-08 12:06:12.393000,fit,
Training_Data::cycle_1393,54288,2022-04-08 12:06:59.482000,2022-04-08 12:09:11.486000,fit,
Training_Data::cycle_1394,54327,2022-04-08 12:09:58.378000,2022-04-08 12:12:10.498000,fit,
Training_Data::cycle_1395,54366,2022-04-08 13:19:11.632000,2022-04-08 13:21:23.548000,fit,
Training_Data::cycle_1396,54405,2022-04-08 13:22:10.276000,2022-04-08 13:24:21.630000,fit,
Training_Data::cycle_1397,54444,2022-04-08 13:25:08.803000,2022-04-08 13:27:20.555000,fit,
Training_Data::cycle_1398,54483,2022-04-08 13:28:08.017000,2022-04-08 13:30:19.949000,fit,
Training_Data::cycle_1399,54522,2022-04-08 13:31:06.389000,2022-04-08 13:33:17.938000,fit,
Training_Data::cycle_1400,54561,2022-04-08 13:44:57.489000,2022-04-08 13:47:10.216000,fit,
Training_Data::cycle_1401,54600,2022-04-08 13:52:43.978000,2022-04-08 13:54:55.975000,fit,
Training_Data::cycle_1402,54639,2022-04-08 14:02:32.370000,2022-04-08 14:04:44.204000,fit,
Training_Data::cycle_1403,54678,2022-04-08 14:12:09.347000,2022-04-08 14:14:21.109000,fit,
Training_Data::cycle_1404,54717,2022-04-08 14:23:26.733000,2022-04-08 14:26:02.821000,fit,
Training_Data::cycle_1405,54756,2022-04-08 14:36:28.081000,2022-04-08 14:38:39.707000,fit,
Training_Data::cycle_1406,54795,2022-04-08 14:41:33.127000,2022-04-08 14:43:44.174000,fit,
Training_Data::cycle_1407,54834,2022-04-08 14:49:00.647000,2022-04-08 14:51:11.311000,fit,
Training_Data::cycle_1408,54873,2022-04-08 14:56:16.342000,2022-04-08 14:58:28.384000,fit,
Training_Data::cycle_1409,54912,2022-04-08 15:04:47.439000,2022-04-08 15:06:59.773000,fit,
Training_Data::cycle_1410,54951,2022-04-08 15:26:01.212000,2022-04-08 15:28:12.968000,fit,
Training_Data::cycle_1411,54990,2022-04-08 15:28:59.796000,2022-04-08 15:31:10.964000,fit,
Training_Data::cycle_1412,55029,2022-04-08 15:56:21.786000,2022-04-08 15:58:33.416000,fit,
Training_Data::cycle_1413,55068,2022-04-08 16:09:10.754000,2022-04-08 16:11:22.528000,fit,
Training_Data::cycle_1414,55107,2022-04-08 16:13:57.272000,2022-04-08 16:16:08.527000,fit,
Training_Data::cycle_1415,55146,2022-04-08 16:16:55.595000,2022-04-08 16:19:06.619000,fit,
Training_Data::cycle_1416,55185,2022-04-08 16:22:01.388000,2022-04-08 16:24:13.108000,fit,
Training_Data::cycle_1417,55224,2022-04-08 16:25:05.288000,2022-04-08 16:27:16.784000,fit,
Training_Data::cycle_1418,55263,2022-04-08 16:34:33.549000,2022-04-08 16:36:44.890000,fit,
Training_Data::cycle_1419,55302,2022-04-08 16:38:07.572000,2022-04-08 16:40:18.914000,fit,
Training_Data::cycle_1420,55341,2022-04-08 16:41:05.754000,2022-04-08 16:43:17.695000,fit,
Training_Data::cycle_1421,55380,2022-04-08 16:48:31.925000,2022-04-08 16:50:43.568000,fit,
Training_Data::cycle_1422,55419,2022-04-08 16:52:34.638000,2022-04-08 16:54:46.878000,fit,
Training_Data::cycle_1423,55458,2022-04-08 16:56:39.526000,2022-04-08 16:58:50.669000,fit,
Training_Data::cycle_1424,55497,2022-04-08 17:04:44.720000,2022-04-08 17:06:55.676000,fit,
Training_Data::cycle_1425,55536,2022-04-08 17:07:45.250000,2022-04-08 17:09:55.886000,fit,
Training_Data::cycle_1426,55575,2022-04-08 17:13:24.925000,2022-04-08 17:15:36.175000,fit,
Training_Data::cycle_1427,55614,2022-04-08 17:20:10.606000,2022-04-08 17:22:22.778000,fit,
Training_Data::cycle_1428,55653,2022-04-08 17:39:48.914000,2022-04-08 17:42:00.181000,fit,
Training_Data::cycle_1429,55692,2022-04-08 17:44:55.013000,2022-04-08 17:47:06.528000,fit,
Training_Data::cycle_1430,55731,2022-04-08 17:48:05.902000,2022-04-08 17:50:17.850000,fit,
Training_Data::cycle_1431,55770,2022-04-08 17:51:04.692000,2022-04-08 17:53:16.254000,fit,
Training_Data::cycle_1432,55809,2022-04-11 09:18:22.385000,2022-04-11 09:20:33.922000,fit,
Training_Data::cycle_1433,55848,2022-04-11 09:21:20.146000,2022-04-11 09:23:31.778000,fit,
Training_Data::cycle_1434,55887,2022-04-11 09:24:19.158000,2022-04-11 09:26:30.618000,fit,
Training_Data::cycle_1435,55926,2022-04-11 09:27:24.561000,2022-04-11 09:29:36.479000,fit,
Training_Data::cycle_1436,55965,2022-04-11 09:30:22.743000,2022-04-11 09:32:34.487000,fit,
Training_Data::cycle_1437,56004,2022-04-11 09:34:13.443000,2022-04-11 09:36:25.166000,fit,
Training_Data::cycle_1438,56043,2022-04-11 09:37:41.520000,2022-04-11 09:39:53.052000,fit,
Training_Data::cycle_1439,56082,2022-04-11 09:48:04.631000,2022-04-11 09:50:16.284000,fit,
Training_Data::cycle_1440,56121,2022-04-11 09:51:15.396000,2022-04-11 09:53:27.850000,fit,
Training_Data::cycle_1441,56160,2022-04-11 09:58:53.587000,2022-04-11 10:01:04.765000,fit,
Training_Data::cycle_1442,56199,2022-04-11 10:04:53.612000,2022-04-11 10:07:05.252000,fit,
Training_Data::cycle_1443,56238,2022-04-11 10:18:57.986000,2022-04-11 10:21:09.836000,fit,
Training_Data::cycle_1444,56277,2022-04-11 10:28:45.659000,2022-04-11 10:30:57.557000,fit,
Training_Data::cycle_1445,56316,2022-04-11 10:31:44.126000,2022-04-11 10:33:55.520000,fit,
Training_Data::cycle_1446,56355,2022-04-11 11:01:43.678000,2022-04-11 11:03:55.402000,fit,
Training_Data::cycle_1447,56394,2022-04-11 11:04:41.602000,2022-04-11 11:06:53.606000,fit,
Training_Data::cycle_1448,56433,2022-04-11 11:07:39.545000,2022-04-11 11:09:51.603000,fit,
Training_Data::cycle_1449,56472,2022-04-11 11:16:38.624000,2022-04-11 11:18:50.184000,fit,
Training_Data::cycle_1450,56511,2022-04-11 11:19:36.034000,2022-04-11 11:21:47.599000,fit,
Training_Data::cycle_1451,56550,2022-04-11 11:39:47.437000,2022-04-11 11:41:58.461000,fit,
Training_Data::cycle_1452,56589,2022-04-11 11:46:04.958000,2022-04-11 11:48:16.668000,fit,
Training_Data::cycle_1453,56628,2022-04-11 11:58:12.118000,2022-04-11 12:00:23.470000,fit,
Training_Data::cycle_1454,56667,2022-04-11 12:03:30.316000,2022-04-11 12:05:42.005000,fit,
Training_Data::cycle_1455,56706,2022-04-11 13:21:01.433000,2022-04-11 13:23:12.782000,fit,
Training_Data::cycle_1456,56745,2022-04-11 13:23:59.442000,2022-04-11 13:26:10.612000,fit,
Training_Data::cycle_1457,56784,2022-04-11 13:26:57.664000,2022-04-11 13:29:08.686000,fit,
Training_Data::cycle_1458,56823,2022-04-11 13:41:08.256000,2022-04-11 13:43:20.276000,fit,
Training_Data::cycle_1459,56862,2022-04-11 13:44:06.653000,2022-04-11 13:46:18.007000,fit,
Training_Data::cycle_1460,56901,2022-04-11 13:47:04.261000,2022-04-11 13:49:16.199000,fit,
Training_Data::cycle_1461,56940,2022-04-11 13:50:02.825000,2022-04-11 13:52:14.482000,fit,
Training_Data::cycle_1462,56979,2022-04-11 13:53:01.142000,2022-04-11 13:55:12.992000,fit,
Training_Data::cycle_1463,57018,2022-04-11 13:55:59.434000,2022-04-11 13:58:10.769000,fit,
Training_Data::cycle_1464,57057,2022-04-11 14:03:14.653000,2022-04-11 14:05:25.888000,fit,
Training_Data::cycle_1465,57096,2022-04-11 14:11:57.138000,2022-04-11 14:14:08.873000,fit,
Training_Data::cycle_1466,57135,2022-04-11 14:14:55.631000,2022-04-11 14:17:07.171000,fit,
Training_Data::cycle_1467,57174,2022-04-11 14:17:53.239000,2022-04-11 14:20:05.094000,fit,
Training_Data::cycle_1468,57213,2022-04-11 14:20:51.520000,2022-04-11 14:23:02.574000,fit,
Training_Data::cycle_1469,57252,2022-04-11 14:30:10.113000,2022-04-11 14:32:21.749000,fit,
Training_Data::cycle_1470,57291,2022-04-11 14:34:19.392000,2022-04-11 14:36:30.524000,fit,
Training_Data::cycle_1471,57330,2022-04-11 14:37:16.894000,2022-04-11 14:39:28.750000,fit,
Training_Data::cycle_1472,57369,2022-04-11 14:40:15.100000,2022-04-11 14:42:26.751000,fit,
Training_Data::cycle_1473,57408,2022-04-11 14:43:13.823000,2022-04-11 14:45:25.257000,fit,
Training_Data::cycle_1474,57447,2022-04-11 14:46:12.191000,2022-04-11 14:48:23.634000,fit,
Training_Data::cycle_1475,57486,2022-04-11 14:49:10.212000,2022-04-11 14:51:22.108000,fit,
Training_Data::cycle_1476,57525,2022-04-11 14:52:09.282000,2022-04-11 14:54:21.030000,fit,
Training_Data::cycle_1477,57564,2022-04-11 14:58:43.315000,2022-04-11 15:00:54.911000,fit,
Training_Data::cycle_1478,57603,2022-04-11 15:11:02.473000,2022-04-11 15:13:13.951000,fit,
Training_Data::cycle_1479,57642,2022-04-11 15:17:29.376000,2022-04-11 15:19:41.400000,fit,
Training_Data::cycle_1480,57681,2022-04-11 15:35:02.684000,2022-04-11 15:37:14.706000,fit,
Training_Data::cycle_1481,57720,2022-04-11 16:03:54.846000,2022-04-11 16:06:06.120000,fit,
Training_Data::cycle_1482,57759,2022-04-11 16:13:14.693000,2022-04-11 16:15:26.606000,fit,
Training_Data::cycle_1483,57798,2022-04-11 16:16:13.342000,2022-04-11 16:18:25.680000,fit,
Training_Data::cycle_1484,57837,2022-04-11 16:26:56.645000,2022-04-11 16:29:07.686000,fit,
Training_Data::cycle_1485,57876,2022-04-11 16:31:10.334000,2022-04-11 16:33:21.700000,fit,
Training_Data::cycle_1486,57915,2022-04-11 16:34:09.228000,2022-04-11 16:36:20.305000,fit,
Training_Data::cycle_1487,57954,2022-04-11 16:53:38.007000,2022-04-11 16:55:49.267000,fit,
Training_Data::cycle_1488,57993,2022-04-11 16:56:50.300000,2022-04-11 16:59:02.268000,fit,
Training_Data::cycle_1489,58032,2022-04-11 17:00:13.112000,2022-04-11 17:02:24.490000,fit,
Training_Data::cycle_1490,58071,2022-04-11 17:15:49.994000,2022-04-11 17:18:01.427000,fit,
Training_Data::cycle_1491,58110,2022-04-11 17:18:47.399000,2022-04-11 17:20:58.621000,fit,
Training_Data::cycle_1492,58149,2022-04-11 17:21:44.825000,2022-04-11 17:23:55.809000,fit,
Training_Data::cycle_1493,58188,2022-04-12 09:10:23.242000,2022-04-12 09:12:35.206000,fit,
Training_Data::cycle_1494,58227,2022-04-12 09:13:21.419000,2022-04-12 09:15:33.493000,fit,
Training_Data::cycle_1495,58266,2022-04-12 09:16:35.207000,2022-04-12 09:18:46.657000,fit,
Training_Data::cycle_1496,58305,2022-04-12 09:25:10.038000,2022-04-12 09:27:20.894000,fit,
Training_Data::cycle_1497,58344,2022-04-12 09:28:06.929000,2022-04-12 09:30:18.683000,fit,
Training_Data::cycle_1498,58383,2022-04-12 09:31:37.819000,2022-04-12 09:33:48.775000,fit,
Training_Data::cycle_1499,58422,2022-04-12 09:42:32.505000,2022-04-12 09:44:44.679000,fit,
Training_Data::cycle_1500,58461,2022-04-12 09:45:30.999000,2022-04-12 09:47:42.519000,fit,
Training_Data::cycle_1501,58500,2022-04-12 09:50:28.122000,2022-04-12 09:52:39.274000,fit,
Training_Data::cycle_1502,58539,2022-04-12 09:59:48.469000,2022-04-12 10:01:59.851000,fit,
Training_Data::cycle_1503,58578,2022-04-12 10:02:46.311000,2022-04-12 10:04:57.792000,fit,
Training_Data::cycle_1504,58617,2022-04-12 10:06:01.192000,2022-04-12 10:08:13.050000,fit,
Training_Data::cycle_1505,58656,2022-04-12 10:18:56.184000,2022-04-12 10:21:08.056000,fit,
Training_Data::cycle_1506,58695,2022-04-12 10:26:34.085000,2022-04-12 10:28:46.221000,fit,
Training_Data::cycle_1507,58734,2022-04-12 10:29:33.591000,2022-04-12 10:31:44.908000,fit,
Training_Data::cycle_1508,58773,2022-04-12 10:55:35.261000,2022-04-12 10:57:46.877000,fit,
Training_Data::cycle_1509,58812,2022-04-12 11:07:50.153000,2022-04-12 11:10:01.773000,fit,
Training_Data::cycle_1510,58851,2022-04-12 11:10:49.443000,2022-04-12 11:13:01.199000,fit,
Training_Data::cycle_1511,58890,2022-04-12 11:13:48.261000,2022-04-12 11:16:00.016000,fit,
Training_Data::cycle_1512,58929,2022-04-12 11:16:46.736000,2022-04-12 11:18:58.186000,fit,
Training_Data::cycle_1513,58968,2022-04-12 11:19:45.164000,2022-04-12 11:21:56.777000,fit,
Training_Data::cycle_1514,59007,2022-04-12 11:22:44.153000,2022-04-12 11:24:55.795000,fit,
Training_Data::cycle_1515,59046,2022-04-12 11:25:42.347000,2022-04-12 11:27:53.271000,fit,
Training_Data::cycle_1516,59085,2022-04-12 11:28:39.825000,2022-04-12 11:30:51.232000,fit,
Training_Data::cycle_1517,59124,2022-04-12 11:37:43.521000,2022-04-12 11:39:55.169000,fit,
Training_Data::cycle_1518,59163,2022-04-12 11:40:42.127000,2022-04-12 11:42:53.951000,fit,
Training_Data::cycle_1519,59202,2022-04-12 11:43:40.936000,2022-04-12 11:45:52.166000,fit,
Training_Data::cycle_1520,59241,2022-04-12 11:46:38.640000,2022-04-12 11:48:49.692000,fit,
Training_Data::cycle_1521,59280,2022-04-12 11:52:29.257000,2022-04-12 11:54:40.743000,fit,
Training_Data::cycle_1522,59319,2022-04-12 11:55:38.349000,2022-04-12 11:57:49.784000,fit,
Training_Data::cycle_1523,59358,2022-04-12 11:59:10.320000,2022-04-12 12:01:21.922000,fit,
Training_Data::cycle_1524,59397,2022-04-12 13:13:05.390000,2022-04-12 13:15:16.902000,fit,
Training_Data::cycle_1525,59436,2022-04-12 13:17:40.781000,2022-04-12 13:19:52.597000,fit,
Training_Data::cycle_1526,59475,2022-04-12 13:26:25.538000,2022-04-12 13:28:36.796000,fit,
Training_Data::cycle_1527,59514,2022-04-12 13:32:24.769000,2022-04-12 13:34:36.005000,fit,
Training_Data::cycle_1528,59553,2022-04-12 13:41:51.962000,2022-04-12 13:44:03.284000,fit,
Training_Data::cycle_1529,59592,2022-04-12 13:46:14.127000,2022-04-12 13:48:26.077000,fit,
Training_Data::cycle_1530,59631,2022-04-12 13:49:12.841000,2022-04-12 13:51:24.310000,fit,
Training_Data::cycle_1531,59670,2022-04-12 14:00:14.405000,2022-04-12 14:02:25.273000,fit,
Training_Data::cycle_1532,59709,2022-04-12 14:13:40.833000,2022-04-12 14:15:52.087000,fit,
Training_Data::cycle_1533,59748,2022-04-12 14:17:33.743000,2022-04-12 14:19:44.845000,fit,
Training_Data::cycle_1534,59787,2022-04-12 14:27:12.337000,2022-04-12 14:29:23.739000,fit,
Training_Data::cycle_1535,59826,2022-04-12 14:30:10.681000,2022-04-12 14:32:21.665000,fit,
Training_Data::cycle_1536,59865,2022-04-12 14:33:08.735000,2022-04-12 14:35:20.254000,fit,
Training_Data::cycle_1537,59904,2022-04-12 14:36:06.532000,2022-04-12 14:38:18.560000,fit,
Training_Data::cycle_1538,59943,2022-04-12 14:40:25.120000,2022-04-12 14:42:36.665000,fit,
Training_Data::cycle_1539,59982,2022-04-12 14:45:15.235000,2022-04-12 14:47:26.951000,fit,
Training_Data::cycle_1540,60021,2022-04-12 14:49:05.348000,2022-04-12 14:51:16.962000,fit,
Training_Data::cycle_1541,60060,2022-04-12 14:56:19.821000,2022-04-12 14:58:30.643000,fit,
Training_Data::cycle_1542,60099,2022-04-12 14:59:18.101000,2022-04-12 15:01:29.821000,fit,
Training_Data::cycle_1543,60138,2022-04-12 15:05:10.380000,2022-04-12 15:07:21.152000,fit,
Training_Data::cycle_1544,60177,2022-04-12 15:10:39.313000,2022-04-12 15:12:50.423000,fit,
Training_Data::cycle_1545,60216,2022-04-12 15:18:36.676000,2022-04-12 15:20:48.454000,fit,
Training_Data::cycle_1546,60255,2022-04-12 15:24:29.895000,2022-04-12 15:26:41.325000,fit,
Training_Data::cycle_1547,60294,2022-04-12 15:30:44.661000,2022-04-12 15:32:56.240000,fit,
Training_Data::cycle_1548,60333,2022-04-12 15:57:23.329000,2022-04-12 15:59:34.699000,fit,
Training_Data::cycle_1549,60372,2022-04-12 16:06:15.950000,2022-04-12 16:08:27.905000,fit,
Training_Data::cycle_1550,60411,2022-04-12 16:12:49.837000,2022-04-12 16:15:01.782000,fit,
Training_Data::cycle_1551,60450,2022-04-12 16:22:21.239000,2022-04-12 16:24:32.993000,fit,
Training_Data::cycle_1552,60489,2022-04-12 16:30:40.476000,2022-04-12 16:32:51.920000,fit,
Training_Data::cycle_1553,60528,2022-04-12 16:38:33.807000,2022-04-12 16:40:45.169000,fit,
Training_Data::cycle_1554,60567,2022-04-12 16:49:05.028000,2022-04-12 16:51:16.105000,fit,
Training_Data::cycle_1555,60606,2022-04-12 16:52:22.917000,2022-04-12 16:54:34.153000,fit,
Training_Data::cycle_1556,60645,2022-04-12 17:00:38.724000,2022-04-12 17:02:49.976000,fit,
Training_Data::cycle_1557,60684,2022-04-12 17:04:48.227000,2022-04-12 17:06:59.783000,fit,
Training_Data::cycle_1558,60723,2022-04-12 17:23:48.705000,2022-04-12 17:26:00.056000,fit,
Training_Data::cycle_1559,60762,2022-04-12 17:33:09.669000,2022-04-12 17:35:21.035000,fit,
Training_Data::cycle_1560,60801,2022-04-12 17:48:16.717000,2022-04-12 17:50:28.423000,fit,
Training_Data::cycle_1561,60840,2022-04-13 09:29:02.557000,2022-04-13 09:31:14.281000,fit,
Training_Data::cycle_1562,60879,2022-04-13 09:38:12.656000,2022-04-13 09:40:23.958000,fit,
Training_Data::cycle_1563,60918,2022-04-13 09:46:34.023000,2022-04-13 09:48:45.607000,fit,
Training_Data::cycle_1564,60957,2022-04-13 10:13:07.039000,2022-04-13 10:15:18.191000,fit,
Training_Data::cycle_1565,60996,2022-04-13 10:22:54.818000,2022-04-13 10:25:07.359000,fit,
Training_Data::cycle_1566,61035,2022-04-13 10:56:09.017000,2022-04-13 10:58:20.459000,fit,
Training_Data::cycle_1567,61074,2022-04-13 11:05:56.600000,2022-04-13 11:08:07.939000,fit,
Training_Data::cycle_1568,61113,2022-04-13 11:08:54.385000,2022-04-13 11:11:05.521000,fit,
Training_Data::cycle_1569,61152,2022-04-13 11:13:10.277000,2022-04-13 11:15:21.538000,fit,
Training_Data::cycle_1570,61191,2022-04-13 11:17:12.408000,2022-04-13 11:19:23.956000,fit,
Training_Data::cycle_1571,61230,2022-04-13 11:24:55.181000,2022-04-13 11:27:06.625000,fit,
Training_Data::cycle_1572,61269,2022-04-13 11:30:57.178000,2022-04-13 11:33:08.530000,fit,
Training_Data::cycle_1573,61308,2022-04-13 11:42:01.849000,2022-04-13 11:44:13.590000,fit,
Training_Data::cycle_1574,61347,2022-04-13 11:45:00.482000,2022-04-13 11:47:11.898000,fit,
Training_Data::cycle_1575,61386,2022-04-13 11:51:07.261000,2022-04-13 11:53:18.929000,fit,
Training_Data::cycle_1576,61425,2022-04-13 12:01:24.236000,2022-04-13 12:03:35.806000,fit,
Training_Data::cycle_1577,61464,2022-04-13 13:09:28.202000,2022-04-13 13:11:39.610000,fit,
Training_Data::cycle_1578,61503,2022-04-13 13:16:30.267000,2022-04-13 13:18:41.801000,fit,
Training_Data::cycle_1579,61542,2022-04-13 13:19:28.381000,2022-04-13 13:21:39.719000,fit,
Training_Data::cycle_1580,61581,2022-04-13 13:23:56.498000,2022-04-13 13:26:07.646000,fit,
Training_Data::cycle_1581,61620,2022-04-13 13:30:07.562000,2022-04-13 13:32:18.327000,fit,
Training_Data::cycle_1582,61659,2022-04-13 13:38:06.460000,2022-04-13 13:40:18.318000,fit,
Training_Data::cycle_1583,61698,2022-04-13 13:41:52.502000,2022-04-13 13:44:03.320000,fit,
Training_Data::cycle_1584,61737,2022-04-13 13:50:02.309000,2022-04-13 13:52:13.300000,fit,
Training_Data::cycle_1585,61776,2022-04-13 13:53:00.468000,2022-04-13 13:55:12.182000,fit,
Training_Data::cycle_1586,61815,2022-04-13 13:59:08.477000,2022-04-13 14:01:20.167000,fit,
Training_Data::cycle_1587,61854,2022-04-13 14:02:58.847000,2022-04-13 14:05:10.709000,fit,
Training_Data::cycle_1588,61893,2022-04-13 14:10:39.488000,2022-04-13 14:12:51.012000,fit,
Training_Data::cycle_1589,61932,2022-04-13 14:18:54.123000,2022-04-13 14:21:05.190000,fit,
Training_Data::cycle_1590,61971,2022-04-13 14:22:14.400000,2022-04-13 14:24:26.182000,fit,
Training_Data::cycle_1591,62010,2022-04-13 14:30:45.737000,2022-04-13 14:32:57.665000,fit,
Training_Data::cycle_1592,62049,2022-04-13 14:34:21.753000,2022-04-13 14:36:33.008000,fit,
Training_Data::cycle_1593,62088,2022-04-13 14:41:59.615000,2022-04-13 14:44:10.867000,fit,
Training_Data::cycle_1594,62127,2022-04-13 14:44:58.239000,2022-04-13 14:47:10.187000,fit,
Training_Data::cycle_1595,62166,2022-04-13 14:51:58.506000,2022-04-13 14:54:09.450000,fit,
Training_Data::cycle_1596,62205,2022-04-13 14:54:56.842000,2022-04-13 14:57:08.061000,fit,
Training_Data::cycle_1597,62244,2022-04-13 15:01:46.677000,2022-04-13 15:03:57.858000,fit,
Training_Data::cycle_1598,62283,2022-04-13 15:04:44.426000,2022-04-13 15:06:56.254000,fit,
Training_Data::cycle_1599,62322,2022-04-13 15:08:42.706000,2022-04-13 15:10:53.653000,fit,
Training_Data::cycle_1600,62361,2022-04-13 15:14:11.993000,2022-04-13 15:16:23.535000,fit,
Training_Data::cycle_1601,62400,2022-04-13 15:17:09.896000,2022-04-13 15:19:21.158000,fit,
Training_Data::cycle_1602,62439,2022-04-13 15:22:13.504000,2022-04-13 15:24:25.417000,fit,
Training_Data::cycle_1603,62478,2022-04-13 15:25:12.219000,2022-04-13 15:27:23.741000,fit,
Training_Data::cycle_1604,62517,2022-04-13 15:28:24.917000,2022-04-13 15:30:36.437000,fit,
Training_Data::cycle_1605,62556,2022-04-13 15:31:23.113000,2022-04-13 15:33:35.212000,fit,
Training_Data::cycle_1606,62595,2022-04-13 15:57:31.263000,2022-04-13 15:59:42.939000,fit,
Training_Data::cycle_1607,62634,2022-04-13 16:10:25.181000,2022-04-13 16:12:36.609000,fit,
Training_Data::cycle_1608,62673,2022-04-13 16:18:44.654000,2022-04-13 16:20:56.092000,fit,
Training_Data::cycle_1609,62712,2022-04-13 16:37:15.633000,2022-04-13 16:39:27.493000,fit,
Training_Data::cycle_1610,62751,2022-04-13 16:46:28.350000,2022-04-13 16:48:40.174000,fit,
Training_Data::cycle_1611,62790,2022-04-13 16:56:18.103000,2022-04-13 16:58:29.516000,fit,
Training_Data::cycle_1612,62829,2022-04-13 17:04:19.215000,2022-04-13 17:06:30.393000,fit,
Training_Data::cycle_1613,62868,2022-04-13 17:16:15.608000,2022-04-13 17:18:27.053000,fit,
Training_Data::cycle_1614,62907,2022-04-13 17:24:46.119000,2022-04-13 17:26:57.014000,fit,
Training_Data::cycle_1615,62946,2022-04-29 12:10:01.377000,2022-04-29 12:12:12.355000,fit,
Training_Data::cycle_1616,62985,2022-04-29 13:14:05.271000,2022-04-29 13:16:16.834000,fit,
Training_Data::cycle_1617,63024,2022-04-29 13:17:02.787000,2022-04-29 13:19:14.559000,fit,
Training_Data::cycle_1618,63063,2022-04-29 13:20:01.396000,2022-04-29 13:22:12.278000,fit,
Training_Data::cycle_1619,63102,2022-04-29 13:46:18.543000,2022-04-29 13:48:29.744000,fit,
Training_Data::cycle_1620,63141,2022-04-29 14:05:19.757000,2022-04-29 14:07:30.725000,fit,
Training_Data::cycle_1621,63180,2022-04-29 14:08:17.724000,2022-04-29 14:10:29.428000,fit,
Training_Data::cycle_1622,63219,2022-04-29 14:21:54.144000,2022-04-29 14:24:05.720000,fit,
Training_Data::cycle_1623,63258,2022-04-29 14:24:51.895000,2022-04-29 14:27:03.487000,fit,
Training_Data::cycle_1624,63297,2022-04-29 14:40:30.032000,2022-04-29 14:42:40.860000,fit,
Training_Data::cycle_1625,63336,2022-04-29 14:43:27.739000,2022-04-29 14:45:39.016000,fit,
Training_Data::cycle_1626,63375,2022-04-29 14:58:07.422000,2022-04-29 15:00:18.895000,fit,
Training_Data::cycle_1627,63414,2022-04-29 15:21:09.230000,2022-04-29 15:23:20.537000,fit,
Training_Data::cycle_1628,63453,2022-04-29 15:24:06.516000,2022-04-29 15:26:18.258000,fit,
Training_Data::cycle_1629,63492,2022-04-29 15:35:53.732000,2022-04-29 15:38:04.600000,fit,
Training_Data::cycle_1630,63531,2022-04-29 15:58:18.189000,2022-04-29 16:00:29.652000,fit,
Training_Data::cycle_1631,63570,2022-04-29 16:12:15.400000,2022-04-29 16:14:27.361000,fit,
Training_Data::cycle_1632,63609,2022-04-29 16:30:39.190000,2022-04-29 16:32:49.963000,fit,
Training_Data::cycle_1633,63648,2022-04-29 16:35:02.411000,2022-04-29 16:37:13.331000,fit,
Training_Data::cycle_1634,63687,2022-04-29 16:55:21.804000,2022-04-29 16:57:33.137000,fit,
Training_Data::cycle_1635,63726,2022-04-29 17:03:43.256000,2022-04-29 17:05:54.360000,fit,
Training_Data::cycle_1636,63765,2022-04-29 17:06:40.756000,2022-04-29 17:08:51.662000,fit,
Training_Data::cycle_1637,63804,2022-04-29 17:09:37.763000,2022-04-29 17:11:48.857000,fit,
Training_Data::cycle_1638,63843,2022-04-29 17:16:57.286000,2022-04-29 17:19:08.312000,fit,
Training_Data::cycle_1639,63882,2022-04-29 17:19:55.400000,2022-04-29 17:22:06.640000,fit,
Training_Data::cycle_1640,63921,2022-04-29 17:24:58.750000,2022-04-29 17:27:10.330000,fit,
Training_Data::cycle_1641,63960,2022-04-29 17:32:53.768000,2022-04-29 17:35:05.121000,fit,
Training_Data::cycle_1642,63999,2022-04-29 17:35:52.144000,2022-04-29 17:38:04.029000,fit,
Training_Data::cycle_1643,64038,2022-04-29 17:38:50.768000,2022-04-29 17:41:02.014000,fit,
Training_Data::cycle_1644,64077,2022-04-29 17:45:44.860000,2022-04-29 17:47:56.506000,fit,
Training_Data::cycle_1645,64116,2022-04-29 17:48:43.054000,2022-04-29 17:50:54.429000,fit,
Training_Data::cycle_1646,64155,2022-04-15 09:30:59.326000,2022-04-15 09:33:10.961000,fit,
Training_Data::cycle_1647,64194,2022-04-15 09:34:39.823000,2022-04-15 09:36:51.431000,fit,
Training_Data::cycle_1648,64233,2022-04-15 09:47:32.999000,2022-04-15 09:49:44.334000,fit,
Training_Data::cycle_1649,64272,2022-04-15 10:06:13.198000,2022-04-15 10:08:24.738000,fit,
Training_Data::cycle_1650,64311,2022-04-15 10:13:49.504000,2022-04-15 10:16:01.655000,fit,
Training_Data::cycle_1651,64350,2022-04-15 10:32:07.165000,2022-04-15 10:34:18.811000,fit,
Training_Data::cycle_1652,64389,2022-04-15 10:55:22.368000,2022-04-15 10:57:33.777000,fit,
Training_Data::cycle_1653,64428,2022-04-15 11:12:32.851000,2022-04-15 11:14:44.892000,fit,
Training_Data::cycle_1654,64467,2022-04-15 11:15:30.939000,2022-04-15 11:17:42.996000,fit,
Training_Data::cycle_1655,64506,2022-04-15 11:37:29.453000,2022-04-15 11:39:40.792000,fit,
Training_Data::cycle_1656,64545,2022-04-15 11:42:00.567000,2022-04-15 11:44:12.181000,fit,
Training_Data::cycle_1657,64584,2022-04-15 11:59:04.152000,2022-04-15 12:01:15.654000,fit,
Training_Data::cycle_1658,64623,2022-04-15 12:03:16.850000,2022-04-15 12:05:28.694000,fit,
Training_Data::cycle_1659,64662,2022-04-15 13:39:53.981000,2022-04-15 13:42:05.459000,fit,
Training_Data::cycle_1660,64701,2022-04-15 13:44:55.004000,2022-04-15 13:47:06.225000,fit,
Training_Data::cycle_1661,64740,2022-04-15 13:53:59.351000,2022-04-15 13:56:11.173000,fit,
Training_Data::cycle_1662,64779,2022-04-15 14:09:14.149000,2022-04-15 14:11:25.326000,fit,
Training_Data::cycle_1663,64818,2022-04-15 14:19:12.665000,2022-04-15 14:21:23.617000,fit,
Training_Data::cycle_1664,64857,2022-04-15 14:33:56.873000,2022-04-15 14:36:08.180000,fit,
Training_Data::cycle_1665,64896,2022-04-15 14:58:25.857000,2022-04-15 15:00:37.082000,fit,
Training_Data::cycle_1666,64935,2022-04-15 15:01:23.167000,2022-04-15 15:03:34.375000,fit,
Training_Data::cycle_1667,64974,2022-04-15 15:23:06.825000,2022-04-15 15:25:18.376000,fit,
Training_Data::cycle_1668,65013,2022-04-15 15:26:04.608000,2022-04-15 15:28:16.153000,fit,
Training_Data::cycle_1669,65052,2022-04-15 15:57:32.290000,2022-04-15 15:59:43.794000,fit,
Training_Data::cycle_1670,65091,2022-04-15 16:16:48.404000,2022-04-15 16:18:59.642000,fit,
Training_Data::cycle_1671,65130,2022-04-15 16:19:46.102000,2022-04-15 16:21:58.360000,fit,
Training_Data::cycle_1672,65169,2022-04-15 16:36:03.524000,2022-04-15 16:38:14.940000,fit,
Training_Data::cycle_1673,65208,2022-04-15 16:44:46.991000,2022-04-15 16:46:59.008000,fit,
Training_Data::cycle_1674,65247,2022-04-15 16:55:24.080000,2022-04-15 16:57:35.712000,fit,
Training_Data::cycle_1675,65286,2022-04-15 17:05:23.484000,2022-04-15 17:07:35.019000,fit,
Training_Data::cycle_1676,65325,2022-04-18 09:37:57.227000,2022-04-18 09:40:09.011000,fit,
Training_Data::cycle_1677,65364,2022-04-18 09:40:55.581000,2022-04-18 09:43:08.027000,fit,
Training_Data::cycle_1678,65403,2022-04-18 09:43:54.269000,2022-04-18 09:46:05.894000,fit,
Training_Data::cycle_1679,65442,2022-04-18 11:11:41.107000,2022-04-18 11:13:52.581000,fit,
Training_Data::cycle_1680,65481,2022-04-18 11:16:57.292000,2022-04-18 11:19:08.964000,fit,
Training_Data::cycle_1681,65520,2022-04-18 11:29:19.857000,2022-04-18 11:31:31.133000,fit,
Training_Data::cycle_1682,65559,2022-04-18 11:32:42.514000,2022-04-18 11:34:53.324000,fit,
Training_Data::cycle_1683,65598,2022-04-18 11:44:03.700000,2022-04-18 11:46:14.839000,fit,
Training_Data::cycle_1684,65637,2022-04-18 11:49:05.501000,2022-04-18 11:51:16.639000,fit,
Training_Data::cycle_1685,65676,2022-04-18 11:53:24.006000,2022-04-18 11:55:35.756000,fit,
Training_Data::cycle_1686,65715,2022-04-18 12:02:14.981000,2022-04-18 12:04:26.153000,fit,
Training_Data::cycle_1687,65754,2022-04-18 12:05:44.635000,2022-04-18 12:07:55.822000,fit,
Training_Data::cycle_1688,65793,2022-04-18 13:17:15.634000,2022-04-18 13:19:27.089000,fit,
Training_Data::cycle_1689,65832,2022-04-18 13:42:04.246000,2022-04-18 13:44:15.015000,fit,
Training_Data::cycle_1690,65871,2022-04-18 13:54:52.816000,2022-04-18 13:57:04.469000,fit,
Training_Data::cycle_1691,65910,2022-04-18 14:23:22.926000,2022-04-18 14:25:34.226000,fit,
Training_Data::cycle_1692,65949,2022-04-18 14:38:39.020000,2022-04-18 14:40:50.455000,fit,
Training_Data::cycle_1693,65988,2022-04-18 14:48:02.499000,2022-04-18 14:50:14.356000,fit,
Training_Data::cycle_1694,66027,2022-04-18 14:59:03.993000,2022-04-18 15:01:15.146000,fit,
Training_Data::cycle_1695,66066,2022-04-18 15:09:19.813000,2022-04-18 15:11:31.156000,fit,
Training_Data::cycle_1696,66105,2022-04-18 15:56:46.255000,2022-04-18 15:58:57.819000,fit,
Training_Data::cycle_1697,66144,2022-04-18 16:52:44.558000,2022-04-18 16:54:55.373000,fit,
Training_Data::cycle_1698,66183,2022-04-18 17:35:17.837000,2022-04-18 17:37:28.969000,fit,
Training_Data::cycle_1699,66222,2022-04-19 10:01:11.617000,2022-04-19 10:03:22.571000,fit,
Training_Data::cycle_1700,66261,2022-04-19 10:04:09.537000,2022-04-19 10:06:21.169000,fit,
Training_Data::cycle_1701,66300,2022-04-19 10:32:05.494000,2022-04-19 10:34:16.448000,fit,
Training_Data::cycle_1702,66339,2022-04-19 11:40:02.370000,2022-04-19 11:42:13.342000,fit,
Training_Data::cycle_1703,66378,2022-04-19 13:39:19.723000,2022-04-19 13:41:31.300000,fit,
Training_Data::cycle_1704,66417,2022-04-19 13:42:17.650000,2022-04-19 13:44:28.568000,fit,
Training_Data::cycle_1705,66456,2022-04-19 14:39:37.517000,2022-04-19 14:41:48.950000,fit,
Training_Data::cycle_1706,66495,2022-04-19 14:42:35.398000,2022-04-19 14:44:46.833000,fit,
Training_Data::cycle_1707,66534,2022-04-19 14:51:11.888000,2022-04-19 14:53:22.832000,fit,
Training_Data::cycle_1708,66573,2022-04-19 15:02:50.096000,2022-04-19 15:05:00.938000,fit,
Training_Data::cycle_1709,66612,2022-04-19 15:10:41.498000,2022-04-19 15:12:52.512000,fit,
Training_Data::cycle_1710,66651,2022-04-19 15:13:39.279000,2022-04-19 15:15:50.558000,fit,
Training_Data::cycle_1711,66690,2022-04-19 15:21:52.980000,2022-04-19 15:24:04.530000,fit,
Training_Data::cycle_1712,66729,2022-04-19 15:24:50.988000,2022-04-19 15:27:02.112000,fit,
Training_Data::cycle_1713,66768,2022-04-19 15:27:49.060000,2022-04-19 15:30:00.244000,fit,
Training_Data::cycle_1714,66807,2022-04-19 15:33:13.850000,2022-04-19 15:35:24.701000,fit,
Training_Data::cycle_1715,66846,2022-04-19 15:59:03.685000,2022-04-19 16:01:14.916000,fit,
Training_Data::cycle_1716,66885,2022-04-19 16:02:01.059000,2022-04-19 16:04:12.601000,fit,
Training_Data::cycle_1717,66924,2022-04-19 16:06:05.242000,2022-04-19 16:08:15.991000,fit,
Training_Data::cycle_1718,66963,2022-04-19 16:11:53.535000,2022-04-19 16:14:05.094000,fit,
Training_Data::cycle_1719,67002,2022-04-19 16:19:55.252000,2022-04-19 16:22:06.705000,fit,
Training_Data::cycle_1720,67041,2022-04-19 16:38:36.069000,2022-04-19 16:40:47.185000,fit,
Training_Data::cycle_1721,67080,2022-04-19 16:41:33.954000,2022-04-19 16:43:45.195000,fit,
Training_Data::cycle_1722,67119,2022-04-19 17:02:17.335000,2022-04-19 17:04:28.257000,fit,
Training_Data::cycle_1723,67158,2022-04-19 17:05:14.543000,2022-04-19 17:07:25.683000,fit,
Training_Data::cycle_1724,67197,2022-04-19 17:13:10.900000,2022-04-19 17:15:22.176000,fit,
Training_Data::cycle_1725,67236,2022-04-19 17:16:18.443000,2022-04-19 17:18:30.044000,fit,
Training_Data::cycle_1726,67275,2022-04-19 17:43:02.499000,2022-04-19 17:45:13.541000,fit,
Training_Data::cycle_1727,67314,2022-05-02 09:34:34.788000,2022-05-02 09:36:46.029000,fit,
Training_Data::cycle_1728,67353,2022-05-02 09:39:27.047000,2022-05-02 09:41:38.595000,fit,
Training_Data::cycle_1729,67392,2022-05-02 10:07:16.561000,2022-05-02 10:09:27.976000,fit,
Training_Data::cycle_1730,67431,2022-05-02 10:24:42.937000,2022-05-02 10:26:54.444000,fit,
Training_Data::cycle_1731,67470,2022-05-02 11:08:49.738000,2022-05-02 11:11:01.422000,fit,
Training_Data::cycle_1732,67509,2022-05-02 11:29:32.389000,2022-05-02 11:31:43.725000,fit,
Training_Data::cycle_1733,67548,2022-05-02 11:39:30.790000,2022-05-02 11:41:41.828000,fit,
Training_Data::cycle_1734,67587,2022-05-02 11:45:02.360000,2022-05-02 11:47:14.224000,fit,
Training_Data::cycle_1735,67626,2022-05-02 11:54:39.891000,2022-05-02 11:56:51.037000,fit,
Training_Data::cycle_1736,67665,2022-05-02 11:58:36.076000,2022-05-02 12:00:47.716000,fit,
Training_Data::cycle_1737,67704,2022-05-02 12:01:33.980000,2022-05-02 12:03:45.058000,fit,
Training_Data::cycle_1738,67743,2022-05-02 13:11:25.958000,2022-05-02 13:13:37.782000,fit,
Training_Data::cycle_1739,67782,2022-05-02 13:24:41.983000,2022-05-02 13:26:53.478000,fit,
Training_Data::cycle_1740,67821,2022-05-02 13:27:40.809000,2022-05-02 13:29:52.383000,fit,
Training_Data::cycle_1741,67860,2022-05-02 13:30:39.510000,2022-05-02 13:32:51.359000,fit,
Training_Data::cycle_1742,67899,2022-05-02 13:33:38.519000,2022-05-02 13:35:50.155000,fit,
Training_Data::cycle_1743,67938,2022-05-02 13:36:37.226000,2022-05-02 13:38:48.477000,fit,
Training_Data::cycle_1744,67977,2022-05-02 13:39:35.236000,2022-05-02 13:41:46.667000,fit,
Training_Data::cycle_1745,68016,2022-05-02 13:44:04.449000,2022-05-02 13:46:16.641000,fit,
Training_Data::cycle_1746,68055,2022-05-02 13:51:12.838000,2022-05-02 13:53:24.516000,fit,
Training_Data::cycle_1747,68094,2022-05-02 13:54:11.632000,2022-05-02 13:56:23.274000,fit,
Training_Data::cycle_1748,68133,2022-05-02 14:01:43.169000,2022-05-02 14:03:54.167000,fit,
Training_Data::cycle_1749,68172,2022-05-02 14:07:51.714000,2022-05-02 14:10:03.772000,fit,
Training_Data::cycle_1750,68211,2022-05-02 14:10:49.701000,2022-05-02 14:13:01.134000,fit,
Training_Data::cycle_1751,68250,2022-05-02 14:18:56.428000,2022-05-02 14:21:07.659000,fit,
Training_Data::cycle_1752,68289,2022-05-02 14:25:34.191000,2022-05-02 14:27:45.658000,fit,
Training_Data::cycle_1753,68328,2022-05-02 14:28:32.461000,2022-05-02 14:30:43.973000,fit,
Training_Data::cycle_1754,68367,2022-05-02 14:34:51.099000,2022-05-02 14:37:02.947000,fit,
Training_Data::cycle_1755,68406,2022-05-02 14:37:49.903000,2022-05-02 14:40:00.837000,fit,
Training_Data::cycle_1756,68445,2022-05-02 14:44:03.774000,2022-05-02 14:46:15.061000,fit,
Training_Data::cycle_1757,68484,2022-05-02 14:49:07.371000,2022-05-02 14:51:18.403000,fit,
Training_Data::cycle_1758,68523,2022-05-02 14:53:28.593000,2022-05-02 14:55:39.870000,fit,
Training_Data::cycle_1759,68562,2022-05-02 14:56:26.188000,2022-05-02 14:58:37.479000,fit,
Training_Data::cycle_1760,68601,2022-05-02 14:59:24.290000,2022-05-02 15:01:35.982000,fit,
Training_Data::cycle_1761,68640,2022-05-02 15:02:22.476000,2022-05-02 15:04:33.951000,fit,
Training_Data::cycle_1762,68679,2022-05-02 15:05:20.598000,2022-05-02 15:07:32.226000,fit,
Training_Data::cycle_1763,68718,2022-05-02 15:08:19.131000,2022-05-02 15:10:31.228000,fit,
Training_Data::cycle_1764,68757,2022-05-02 15:11:51.828000,2022-05-02 15:14:03.052000,fit,
Training_Data::cycle_1765,68796,2022-05-02 15:14:49.727000,2022-05-02 15:17:01.148000,fit,
Training_Data::cycle_1766,68835,2022-05-02 15:20:23.202000,2022-05-02 15:22:34.912000,fit,
Training_Data::cycle_1767,68874,2022-05-02 15:26:19.350000,2022-05-02 15:28:30.811000,fit,
Training_Data::cycle_1768,68913,2022-05-02 15:29:17.476000,2022-05-02 15:31:29.144000,fit,
Training_Data::cycle_1769,68952,2022-05-02 15:32:16.612000,2022-05-02 15:34:28.710000,fit,
Training_Data::cycle_1770,68991,2022-05-02 16:00:02.272000,2022-05-02 16:02:13.113000,fit,
Training_Data::cycle_1771,69030,2022-05-02 16:03:00.281000,2022-05-02 16:05:11.815000,fit,
Training_Data::cycle_1772,69069,2022-05-02 16:05:58.472000,2022-05-02 16:08:09.548000,fit,
Training_Data::cycle_1773,69108,2022-05-02 16:13:22.263000,2022-05-02 16:15:33.292000,fit,
Training_Data::cycle_1774,69147,2022-05-02 16:16:20.424000,2022-05-02 16:18:31.793000,fit,
Training_Data::cycle_1775,69186,2022-05-02 16:20:21.462000,2022-05-02 16:22:33.499000,fit,
Training_Data::cycle_1776,69225,2022-05-02 16:32:36.035000,2022-05-02 16:34:47.492000,fit,
Training_Data::cycle_1777,69264,2022-05-02 16:48:08.077000,2022-05-02 16:50:19.529000,fit,
Training_Data::cycle_1778,69303,2022-05-02 16:53:57.852000,2022-05-02 16:56:09.095000,fit,
Training_Data::cycle_1779,69342,2022-05-02 17:04:33.950000,2022-05-02 17:06:45.193000,fit,
Training_Data::cycle_1780,69381,2022-05-02 17:10:27.437000,2022-05-02 17:12:39.385000,fit,
Training_Data::cycle_1781,69420,2022-05-02 17:14:39.049000,2022-05-02 17:16:50.448000,fit,
Training_Data::cycle_1782,69459,2022-05-02 17:17:59.122000,2022-05-02 17:20:10.765000,fit,
Training_Data::cycle_1783,69498,2022-05-02 17:21:11.933000,2022-05-02 17:23:23.565000,fit,
Training_Data::cycle_1784,69537,2022-05-02 17:29:13.049000,2022-05-02 17:31:24.887000,fit,
Training_Data::cycle_1785,69576,2022-05-02 17:38:07.013000,2022-05-02 17:40:17.901000,fit,
Training_Data::cycle_1786,69615,2022-05-02 17:53:24.597000,2022-05-02 17:55:35.987000,fit,
Training_Data::cycle_1787,69654,2022-05-03 09:30:27.660000,2022-05-03 09:32:39.140000,fit,
Training_Data::cycle_1788,69693,2022-05-03 09:33:25.786000,2022-05-03 09:35:36.814000,fit,
Training_Data::cycle_1789,69732,2022-05-03 09:37:52.268000,2022-05-03 09:40:03.666000,fit,
Training_Data::cycle_1790,69771,2022-05-03 09:44:51.914000,2022-05-03 09:47:03.674000,fit,
Training_Data::cycle_1791,69810,2022-05-03 09:53:58.964000,2022-05-03 09:56:10.545000,fit,
Training_Data::cycle_1792,69849,2022-05-03 10:02:49.672000,2022-05-03 10:05:01.027000,fit,
Training_Data::cycle_1793,69888,2022-05-03 10:14:29.249000,2022-05-03 10:16:40.963000,fit,
Training_Data::cycle_1794,69927,2022-05-03 10:23:51.891000,2022-05-03 10:26:04.092000,fit,
Training_Data::cycle_1795,69966,2022-05-03 10:32:03.250000,2022-05-03 10:34:14.717000,fit,
Training_Data::cycle_1796,70005,2022-05-03 11:02:30.760000,2022-05-03 11:04:42.590000,fit,
Training_Data::cycle_1797,70044,2022-05-03 11:10:41.170000,2022-05-03 11:12:53.718000,fit,
Training_Data::cycle_1798,70083,2022-05-03 11:21:07.059000,2022-05-03 11:23:18.797000,fit,
Training_Data::cycle_1799,70122,2022-05-03 11:27:06.656000,2022-05-03 11:29:18.422000,fit,
Training_Data::cycle_1800,70161,2022-05-03 11:30:05.101000,2022-05-03 11:32:16.484000,fit,
Training_Data::cycle_1801,70200,2022-05-03 11:37:54.730000,2022-05-03 11:40:06.393000,fit,
Training_Data::cycle_1802,70239,2022-05-03 11:48:57.118000,2022-05-03 11:51:08.485000,fit,
Training_Data::cycle_1803,70278,2022-05-03 11:59:54.910000,2022-05-03 12:02:07.255000,fit,
Training_Data::cycle_1804,70317,2022-05-03 13:25:33.784000,2022-05-03 13:27:45.434000,fit,
Training_Data::cycle_1805,70356,2022-05-03 13:39:20.457000,2022-05-03 13:41:32.095000,fit,
Training_Data::cycle_1806,70395,2022-05-03 13:52:30.962000,2022-05-03 13:54:42.593000,fit,
Training_Data::cycle_1807,70434,2022-05-03 14:02:20.042000,2022-05-03 14:04:31.104000,fit,
Training_Data::cycle_1808,70473,2022-05-03 14:05:17.422000,2022-05-03 14:07:28.588000,fit,
Training_Data::cycle_1809,70512,2022-05-03 14:20:25.779000,2022-05-03 14:22:37.078000,fit,
Training_Data::cycle_1810,70551,2022-05-03 14:23:24.345000,2022-05-03 14:25:35.826000,fit,
Training_Data::cycle_1811,70590,2022-05-03 14:45:28.688000,2022-05-03 14:47:40.369000,fit,
Training_Data::cycle_1812,70629,2022-05-03 14:53:00.615000,2022-05-03 14:55:12.101000,fit,
Training_Data::cycle_1813,70668,2022-05-03 15:09:00.863000,2022-05-03 15:11:12.387000,fit,
Training_Data::cycle_1814,70707,2022-05-03 15:17:56.250000,2022-05-03 15:20:08.169000,fit,
Training_Data::cycle_1815,70746,2022-05-03 15:24:57.401000,2022-05-03 15:27:08.345000,fit,
Training_Data::cycle_1816,70785,2022-05-03 15:33:53.308000,2022-05-03 15:36:05.132000,fit,
Training_Data::cycle_1817,70824,2022-05-03 15:58:20.286000,2022-05-03 16:00:31.446000,fit,
Training_Data::cycle_1818,70863,2022-05-03 16:06:49.795000,2022-05-03 16:09:01.339000,fit,
Training_Data::cycle_1819,70902,2022-05-03 16:19:37.577000,2022-05-03 16:21:48.641000,fit,
Training_Data::cycle_1820,70941,2022-05-03 16:32:30.260000,2022-05-03 16:34:41.926000,fit,
Training_Data::cycle_1821,70980,2022-05-03 16:35:28.601000,2022-05-03 16:37:39.548000,fit,
Training_Data::cycle_1822,71019,2022-05-03 16:48:35.640000,2022-05-03 16:50:47.143000,fit,
Training_Data::cycle_1823,71058,2022-05-03 16:51:33.870000,2022-05-03 16:53:45.524000,fit,
Training_Data::cycle_1824,71097,2022-05-03 17:23:53.094000,2022-05-03 17:26:04.437000,fit,
Training_Data::cycle_1825,71136,2022-05-03 17:26:50.368000,2022-05-03 17:29:01.536000,fit,
Training_Data::cycle_1826,71175,2022-05-03 17:35:15.393000,2022-05-03 17:37:27.001000,fit,
Training_Data::cycle_1827,71214,2022-05-03 17:45:28.241000,2022-05-03 17:47:39.289000,fit,
Training_Data::cycle_1828,71253,2022-05-03 17:54:45.159000,2022-05-03 17:56:57.569000,fit,
Training_Data::cycle_1829,71292,2022-05-04 09:17:13.325000,2022-05-04 09:19:24.319000,fit,
Training_Data::cycle_1830,71331,2022-05-04 09:40:35.778000,2022-05-04 09:42:47.179000,fit,
Training_Data::cycle_1831,71370,2022-05-04 09:58:10.090000,2022-05-04 10:00:20.992000,fit,
Training_Data::cycle_1832,71409,2022-05-04 10:03:16.874000,2022-05-04 10:05:27.994000,fit,
Training_Data::cycle_1833,71448,2022-05-04 10:16:32.271000,2022-05-04 10:18:43.712000,fit,
Training_Data::cycle_1834,71487,2022-05-04 10:20:48.426000,2022-05-04 10:22:59.590000,fit,
Training_Data::cycle_1835,71526,2022-05-04 10:25:55.865000,2022-05-04 10:28:07.720000,fit,
Training_Data::cycle_1836,71565,2022-05-04 10:32:40.338000,2022-05-04 10:34:51.410000,fit,
Training_Data::cycle_1837,71604,2022-05-04 10:59:42.337000,2022-05-04 11:01:53.898000,fit,
Training_Data::cycle_1838,71643,2022-05-04 11:07:18.313000,2022-05-04 11:09:29.145000,fit,
Training_Data::cycle_1839,71682,2022-05-04 11:23:17.827000,2022-05-04 11:25:29.371000,fit,
Training_Data::cycle_1840,71721,2022-05-04 11:31:27.329000,2022-05-04 11:33:37.844000,fit,
Training_Data::cycle_1841,71760,2022-05-04 11:37:23.838000,2022-05-04 11:39:35.023000,fit,
Training_Data::cycle_1842,71799,2022-05-04 11:44:10.803000,2022-05-04 11:46:21.974000,fit,
Training_Data::cycle_1843,71838,2022-05-04 11:50:35.496000,2022-05-04 11:52:47.183000,fit,
Training_Data::cycle_1844,71877,2022-05-04 11:53:33.626000,2022-05-04 11:55:45.773000,fit,
Training_Data::cycle_1845,71916,2022-05-04 12:00:31.195000,2022-05-04 12:02:42.041000,fit,
Training_Data::cycle_1846,71955,2022-05-04 13:12:31.585000,2022-05-04 13:14:42.944000,fit,
Training_Data::cycle_1847,71994,2022-05-04 13:17:25.059000,2022-05-04 13:19:36.212000,fit,
Training_Data::cycle_1848,72033,2022-05-04 13:34:13.289000,2022-05-04 13:36:25.198000,fit,
Training_Data::cycle_1849,72072,2022-05-04 13:53:48.997000,2022-05-04 13:56:00.288000,fit,
Training_Data::cycle_1850,72111,2022-05-04 13:57:08.841000,2022-05-04 13:59:20.076000,fit,
Training_Data::cycle_1851,72150,2022-05-04 14:10:22.426000,2022-05-04 14:12:33.376000,fit,
Training_Data::cycle_1852,72189,2022-05-04 14:13:25.583000,2022-05-04 14:15:37.105000,fit,
Training_Data::cycle_1853,72228,2022-05-04 14:33:27.455000,2022-05-04 14:35:39.380000,fit,
Training_Data::cycle_1854,72267,2022-05-04 14:36:26.718000,2022-05-04 14:38:38.679000,fit,
Training_Data::cycle_1855,72306,2022-05-04 14:50:39.509000,2022-05-04 14:52:51.012000,fit,
Training_Data::cycle_1856,72345,2022-05-04 15:03:55.484000,2022-05-04 15:06:07.270000,fit,
Training_Data::cycle_1857,72384,2022-05-04 15:13:11.223000,2022-05-04 15:15:22.332000,fit,
Training_Data::cycle_1858,72423,2022-05-04 15:20:18.499000,2022-05-04 15:22:29.960000,fit,
Training_Data::cycle_1859,72462,2022-05-04 15:27:23.244000,2022-05-04 15:29:34.158000,fit,
Training_Data::cycle_1860,72501,2022-05-04 15:56:12.477000,2022-05-04 15:58:23.545000,fit,
Training_Data::cycle_1861,72540,2022-05-04 15:59:10.288000,2022-05-04 16:01:21.665000,fit,
Training_Data::cycle_1862,72579,2022-05-04 16:02:08.803000,2022-05-04 16:04:20.347000,fit,
Training_Data::cycle_1863,72618,2022-05-04 16:16:41.277000,2022-05-04 16:18:53.145000,fit,
Training_Data::cycle_1864,72657,2022-05-04 16:28:08.820000,2022-05-04 16:30:20.731000,fit,
Training_Data::cycle_1865,72696,2022-05-04 16:31:07.409000,2022-05-04 16:33:18.628000,fit,
Training_Data::cycle_1866,72735,2022-05-04 16:39:57.107000,2022-05-04 16:42:08.849000,fit,
Training_Data::cycle_1867,72774,2022-05-04 16:42:55.881000,2022-05-04 16:45:07.432000,fit,
Training_Data::cycle_1868,72813,2022-05-04 16:55:19.682000,2022-05-04 16:57:31.140000,fit,
Training_Data::cycle_1869,72852,2022-05-04 17:09:58.469000,2022-05-04 17:12:10.425000,fit,
Training_Data::cycle_1870,72891,2022-05-04 17:13:04.265000,2022-05-04 17:15:16.623000,fit,
Training_Data::cycle_1871,72930,2022-05-04 17:20:13.390000,2022-05-04 17:22:25.222000,fit,
Training_Data::cycle_1872,72969,2022-05-04 17:23:11.783000,2022-05-04 17:25:22.903000,fit,
Training_Data::cycle_1873,73008,2022-05-04 17:32:21.189000,2022-05-04 17:34:32.793000,fit,
Training_Data::cycle_1874,73047,2022-05-04 17:45:26.638000,2022-05-04 17:47:38.288000,fit,
Training_Data::cycle_1875,73086,2022-05-04 17:55:22.641000,2022-05-04 17:57:33.799000,fit,
Training_Data::cycle_1876,73125,2022-05-09 09:36:34.616000,2022-05-09 09:38:46.370000,fit,
Training_Data::cycle_1877,73164,2022-05-09 09:59:07.818000,2022-05-09 10:01:19.438000,fit,
Training_Data::cycle_1878,73203,2022-05-09 10:21:27.965000,2022-05-09 10:23:39.304000,fit,
Training_Data::cycle_1879,73242,2022-05-09 10:57:26.263000,2022-05-09 10:59:38.081000,fit,
Training_Data::cycle_1880,73281,2022-05-09 11:14:09.743000,2022-05-09 11:16:21.380000,fit,
Training_Data::cycle_1881,73320,2022-05-09 11:30:50.846000,2022-05-09 11:33:02.203000,fit,
Training_Data::cycle_1882,73359,2022-05-09 11:43:34.950000,2022-05-09 11:45:46.896000,fit,
Training_Data::cycle_1883,73398,2022-05-09 13:10:10.478000,2022-05-09 13:12:21.841000,fit,
Training_Data::cycle_1884,73437,2022-05-09 13:13:09.306000,2022-05-09 13:15:21.242000,fit,
Training_Data::cycle_1885,73476,2022-05-09 13:54:19.575000,2022-05-09 13:56:30.735000,fit,
Training_Data::cycle_1886,73515,2022-05-09 13:57:17.202000,2022-05-09 13:59:28.663000,fit,
Training_Data::cycle_1887,73554,2022-05-09 14:00:47.247000,2022-05-09 14:02:58.738000,fit,
Training_Data::cycle_1888,73593,2022-05-09 14:08:42.525000,2022-05-09 14:10:53.551000,fit,
Training_Data::cycle_1889,73632,2022-05-09 14:11:40.172000,2022-05-09 14:13:51.817000,fit,
Training_Data::cycle_1890,73671,2022-05-09 14:22:50.804000,2022-05-09 14:25:02.133000,fit,
Training_Data::cycle_1891,73710,2022-05-09 14:34:58.290000,2022-05-09 14:37:09.994000,fit,
Training_Data::cycle_1892,73749,2022-05-09 14:38:09.140000,2022-05-09 14:40:20.238000,fit,
Training_Data::cycle_1893,73788,2022-05-09 15:02:08.735000,2022-05-09 15:04:20.162000,fit,
Training_Data::cycle_1894,73827,2022-05-09 15:19:34.774000,2022-05-09 15:21:46.679000,fit,
Training_Data::cycle_1895,73866,2022-05-09 15:22:33.646000,2022-05-09 15:24:44.572000,fit,
Training_Data::cycle_1896,73905,2022-05-09 15:27:43.957000,2022-05-09 15:29:55.383000,fit,
Training_Data::cycle_1897,73944,2022-05-09 15:30:41.935000,2022-05-09 15:32:53.715000,fit,
Training_Data::cycle_1898,73983,2022-05-09 16:12:58.738000,2022-05-09 16:15:10.165000,fit,
Training_Data::cycle_1899,74022,2022-05-09 16:15:57.337000,2022-05-09 16:18:08.931000,fit,
Training_Data::cycle_1900,74061,2022-05-09 16:18:55.504000,2022-05-09 16:21:06.770000,fit,
Training_Data::cycle_1901,74100,2022-05-09 16:27:21.416000,2022-05-09 16:29:33.043000,fit,
Training_Data::cycle_1902,74139,2022-05-09 16:44:31.326000,2022-05-09 16:46:42.374000,fit,
Training_Data::cycle_1903,74178,2022-05-10 09:13:35.860000,2022-05-10 09:15:47.211000,fit,
Training_Data::cycle_1904,74217,2022-05-10 09:16:58.586000,2022-05-10 09:19:09.644000,fit,
Training_Data::cycle_1905,74256,2022-05-10 09:19:55.791000,2022-05-10 09:22:06.814000,fit,
Training_Data::cycle_1906,74295,2022-05-10 10:25:01.764000,2022-05-10 10:27:13.272000,fit,
Training_Data::cycle_1907,74334,2022-05-10 10:28:19.657000,2022-05-10 10:30:31.277000,fit,
Training_Data::cycle_1908,74373,2022-05-10 10:33:01.946000,2022-05-10 10:35:12.972000,fit,
Training_Data::cycle_1909,74412,2022-05-10 10:36:08.566000,2022-05-10 10:38:20.080000,fit,
Training_Data::cycle_1910,74451,2022-05-10 10:39:06.907000,2022-05-10 10:41:18.787000,fit,
Training_Data::cycle_1911,74490,2022-05-10 11:05:44.797000,2022-05-10 11:07:56.298000,fit,
Training_Data::cycle_1912,74529,2022-05-10 11:09:31.015000,2022-05-10 11:11:42.272000,fit,
Training_Data::cycle_1913,74568,2022-05-10 11:12:28.915000,2022-05-10 11:14:40.346000,fit,
Training_Data::cycle_1914,74607,2022-05-10 11:15:27.189000,2022-05-10 11:17:38.376000,fit,
Training_Data::cycle_1915,74646,2022-05-10 11:18:25.205000,2022-05-10 11:20:36.450000,fit,
Training_Data::cycle_1916,74685,2022-05-10 11:21:23.018000,2022-05-10 11:23:34.558000,fit,
Training_Data::cycle_1917,74724,2022-05-10 11:24:53.647000,2022-05-10 11:27:05.233000,fit,
Training_Data::cycle_1918,74763,2022-05-10 11:34:19.407000,2022-05-10 11:36:30.387000,fit,
Training_Data::cycle_1919,74802,2022-05-10 11:40:25.006000,2022-05-10 11:42:36.365000,fit,
Training_Data::cycle_1920,74841,2022-05-10 11:46:12.394000,2022-05-10 11:48:23.571000,fit,
Training_Data::cycle_1921,74880,2022-05-10 11:51:39.719000,2022-05-10 11:53:50.781000,fit,
Training_Data::cycle_1922,74919,2022-05-10 11:58:33.914000,2022-05-10 12:00:45.967000,fit,
Training_Data::cycle_1923,74958,2022-05-10 12:03:08.112000,2022-05-10 12:05:19.851000,fit,
Training_Data::cycle_1924,74997,2022-05-10 13:10:28.867000,2022-05-10 13:12:40.434000,fit,
Training_Data::cycle_1925,75036,2022-05-10 13:13:47.237000,2022-05-10 13:15:59.312000,fit,
Training_Data::cycle_1926,75075,2022-05-10 13:16:46.969000,2022-05-10 13:18:58.212000,fit,
Training_Data::cycle_1927,75114,2022-05-10 13:20:06.985000,2022-05-10 13:22:18.677000,fit,
Training_Data::cycle_1928,75153,2022-05-10 13:23:05.164000,2022-05-10 13:25:16.803000,fit,
Training_Data::cycle_1929,75192,2022-05-10 13:26:03.578000,2022-05-10 13:28:14.793000,fit,
Training_Data::cycle_1930,75231,2022-05-10 13:31:43.759000,2022-05-10 13:33:55.514000,fit,
Training_Data::cycle_1931,75270,2022-05-10 13:34:41.825000,2022-05-10 13:36:53.401000,fit,
Training_Data::cycle_1932,75309,2022-05-10 13:37:40.266000,2022-05-10 13:39:51.705000,fit,
Training_Data::cycle_1933,75348,2022-05-10 13:40:39.248000,2022-05-10 13:42:51.185000,fit,
Training_Data::cycle_1934,75387,2022-05-10 13:43:38.540000,2022-05-10 13:45:50.697000,fit,
Training_Data::cycle_1935,75426,2022-05-10 13:46:37.454000,2022-05-10 13:48:49.489000,fit,
Training_Data::cycle_1936,75465,2022-05-10 13:49:36.438000,2022-05-10 13:51:48.389000,fit,
Training_Data::cycle_1937,75504,2022-05-10 13:52:35.230000,2022-05-10 13:54:46.497000,fit,
Training_Data::cycle_1938,75543,2022-05-10 13:55:34.258000,2022-05-10 13:57:46.113000,fit,
Training_Data::cycle_1939,75582,2022-05-10 13:58:33.255000,2022-05-10 14:00:44.975000,fit,
Training_Data::cycle_1940,75621,2022-05-10 14:01:31.318000,2022-05-10 14:03:43.068000,fit,
Training_Data::cycle_1941,75660,2022-05-10 14:04:30.575000,2022-05-10 14:06:42.380000,fit,
Training_Data::cycle_1942,75699,2022-05-10 14:07:29.345000,2022-05-10 14:09:40.504000,fit,
Training_Data::cycle_1943,75738,2022-05-10 14:10:27.222000,2022-05-10 14:12:38.581000,fit,
Training_Data::cycle_1944,75777,2022-05-10 14:13:25.314000,2022-05-10 14:15:36.521000,fit,
Training_Data::cycle_1945,75816,2022-05-10 14:16:23.051000,2022-05-10 14:18:34.565000,fit,
Training_Data::cycle_1946,75855,2022-05-10 14:19:21.528000,2022-05-10 14:21:32.667000,fit,
Training_Data::cycle_1947,75894,2022-05-10 14:22:19.440000,2022-05-10 14:24:30.913000,fit,
Training_Data::cycle_1948,75933,2022-05-10 14:39:19.636000,2022-05-10 14:41:30.871000,fit,
Training_Data::cycle_1949,75972,2022-05-10 14:47:28.835000,2022-05-10 14:49:40.467000,fit,
Training_Data::cycle_1950,76011,2022-05-10 15:01:12.926000,2022-05-10 15:03:24.383000,fit,
Training_Data::cycle_1951,76050,2022-05-10 15:14:56.831000,2022-05-10 15:17:08.232000,fit,
Training_Data::cycle_1952,76089,2022-05-10 15:18:49.248000,2022-05-10 15:20:59.958000,fit,
Training_Data::cycle_1953,76128,2022-05-10 15:24:32.726000,2022-05-10 15:26:43.662000,fit,
Training_Data::cycle_1954,76167,2022-05-10 15:28:39.502000,2022-05-10 15:30:51.063000,fit,
Training_Data::cycle_1955,76206,2022-05-10 15:32:35.605000,2022-05-10 15:34:46.747000,fit,
Training_Data::cycle_1956,76245,2022-05-10 15:35:33.917000,2022-05-10 15:37:45.451000,fit,
Training_Data::cycle_1957,76284,2022-05-10 16:13:29.789000,2022-05-10 16:15:41.126000,fit,
Training_Data::cycle_1958,76323,2022-05-10 16:25:44.775000,2022-05-10 16:27:56.625000,fit,
Training_Data::cycle_1959,76362,2022-05-10 16:38:50.539000,2022-05-10 16:41:01.790000,fit,
Training_Data::cycle_1960,76401,2022-05-10 16:50:50.769000,2022-05-10 16:53:01.613000,fit,
Training_Data::cycle_1961,76440,2022-05-10 17:17:40.770000,2022-05-10 17:19:52.422000,fit,
Training_Data::cycle_1962,76479,2022-05-10 17:48:26.980000,2022-05-10 17:50:38.204000,fit,
Training_Data::cycle_1963,76518,2022-05-10 17:53:21.071000,2022-05-10 17:55:32.284000,fit,
Training_Data::cycle_1964,76557,2022-05-11 09:19:03.969000,2022-05-11 09:21:15.428000,fit,
Training_Data::cycle_1965,76596,2022-05-11 09:38:51.284000,2022-05-11 09:41:02.532000,fit,
Training_Data::cycle_1966,76635,2022-05-11 09:49:01.278000,2022-05-11 09:51:12.701000,fit,
Training_Data::cycle_1967,76674,2022-05-11 10:03:33.248000,2022-05-11 10:05:44.204000,fit,
Training_Data::cycle_1968,76713,2022-05-11 10:12:19.261000,2022-05-11 10:14:30.705000,fit,
Training_Data::cycle_1969,76752,2022-05-11 10:21:56.558000,2022-05-11 10:24:07.801000,fit,
Training_Data::cycle_1970,76791,2022-05-11 10:32:07.034000,2022-05-11 10:34:18.689000,fit,
Training_Data::cycle_1971,76830,2022-05-11 11:04:57.329000,2022-05-11 11:07:08.960000,fit,
Training_Data::cycle_1972,76869,2022-05-11 11:16:22.153000,2022-05-11 11:18:33.289000,fit,
Training_Data::cycle_1973,76908,2022-05-11 11:29:28.093000,2022-05-11 11:31:39.372000,fit,
Training_Data::cycle_1974,76947,2022-05-11 11:37:25.657000,2022-05-11 11:39:36.850000,fit,
Training_Data::cycle_1975,76986,2022-05-11 11:40:23.623000,2022-05-11 11:42:34.603000,fit,
Training_Data::cycle_1976,77025,2022-05-11 11:43:21.215000,2022-05-11 11:45:32.761000,fit,
Training_Data::cycle_1977,77064,2022-05-11 11:46:19.452000,2022-05-11 11:48:31.565000,fit,
Training_Data::cycle_1978,77103,2022-05-11 11:55:16.116000,2022-05-11 11:57:27.842000,fit,
Training_Data::cycle_1979,77142,2022-05-11 11:58:15.042000,2022-05-11 12:00:26.549000,fit,
Training_Data::cycle_1980,77181,2022-05-11 12:04:15.606000,2022-05-11 12:06:27.442000,fit,
Training_Data::cycle_1981,77220,2022-05-11 13:18:20.760000,2022-05-11 13:20:31.937000,fit,
Training_Data::cycle_1982,77259,2022-05-11 13:33:08.888000,2022-05-11 13:35:20.590000,fit,
Training_Data::cycle_1983,77298,2022-05-11 13:37:13.836000,2022-05-11 13:39:24.409000,fit,
Training_Data::cycle_1984,77337,2022-05-11 13:40:43.906000,2022-05-11 13:42:55.315000,fit,
Training_Data::cycle_1985,77376,2022-05-11 13:43:42.864000,2022-05-11 13:45:54.339000,fit,
Training_Data::cycle_1986,77415,2022-05-11 13:51:56.657000,2022-05-11 13:54:08.624000,fit,
Training_Data::cycle_1987,77454,2022-05-11 13:54:55.455000,2022-05-11 13:57:06.592000,fit,
Training_Data::cycle_1988,77493,2022-05-11 13:57:54.169000,2022-05-11 14:00:05.935000,fit,
Training_Data::cycle_1989,77532,2022-05-11 14:00:52.644000,2022-05-11 14:03:04.027000,fit,
Training_Data::cycle_1990,77571,2022-05-11 14:12:58.185000,2022-05-11 14:15:10.093000,fit,
Training_Data::cycle_1991,77610,2022-05-11 14:16:48.328000,2022-05-11 14:18:59.320000,fit,
Training_Data::cycle_1992,77649,2022-05-11 14:19:46.546000,2022-05-11 14:21:57.710000,fit,
Training_Data::cycle_1993,77688,2022-05-11 14:23:41.662000,2022-05-11 14:25:53.374000,fit,
Training_Data::cycle_1994,77727,2022-05-11 14:43:04.849000,2022-05-11 14:45:15.478000,fit,
Training_Data::cycle_1995,77766,2022-05-11 14:55:40.057000,2022-05-11 14:57:51.586000,fit,
Training_Data::cycle_1996,77805,2022-05-11 15:02:45.943000,2022-05-11 15:04:57.587000,fit,
Training_Data::cycle_1997,77844,2022-05-11 15:12:25.864000,2022-05-11 15:14:37.284000,fit,
Training_Data::cycle_1998,77883,2022-05-11 15:17:33.116000,2022-05-11 15:19:45.174000,fit,
Training_Data::cycle_1999,77922,2022-05-11 15:30:42.415000,2022-05-11 15:32:53.904000,fit,
Training_Data::cycle_2000,77961,2022-05-11 15:33:40.326000,2022-05-11 15:35:51.661000,fit,
Training_Data::cycle_2001,78000,2022-05-11 15:36:37.913000,2022-05-11 15:38:48.785000,fit,
Training_Data::cycle_2002,78039,2022-05-11 16:01:58.617000,2022-05-11 16:04:10.148000,fit,
Training_Data::cycle_2003,78078,2022-05-11 16:11:29.101000,2022-05-11 16:13:40.428000,fit,
Training_Data::cycle_2004,78117,2022-05-11 16:21:43.828000,2022-05-11 16:23:55.564000,fit,
Training_Data::cycle_2005,78156,2022-05-11 16:30:46.813000,2022-05-11 16:32:58.041000,fit,
Training_Data::cycle_2006,78195,2022-05-11 16:39:47.117000,2022-05-11 16:41:58.616000,fit,
Training_Data::cycle_2007,78234,2022-05-11 16:42:44.994000,2022-05-11 16:44:56.267000,fit,
Training_Data::cycle_2008,78273,2022-05-11 16:45:43.371000,2022-05-11 16:47:54.928000,fit,
Training_Data::cycle_2009,78312,2022-05-11 16:49:01.087000,2022-05-11 16:51:12.346000,fit,
Training_Data::cycle_2010,78351,2022-05-11 17:01:30.997000,2022-05-11 17:03:42.172000,fit,
Training_Data::cycle_2011,78390,2022-05-11 17:05:50.130000,2022-05-11 17:08:01.468000,fit,
Training_Data::cycle_2012,78429,2022-05-11 17:10:39.503000,2022-05-11 17:12:50.942000,fit,
Training_Data::cycle_2013,78468,2022-05-11 17:17:21.274000,2022-05-11 17:19:32.850000,fit,
Training_Data::cycle_2014,78507,2022-05-11 17:20:19.206000,2022-05-11 17:22:31.317000,fit,
Training_Data::cycle_2015,78546,2022-05-11 17:26:09.191000,2022-05-11 17:28:21.017000,fit,
Training_Data::cycle_2016,78585,2022-05-11 17:34:20.187000,2022-05-11 17:36:31.556000,fit,
Training_Data::cycle_2017,78624,2022-05-11 17:41:04.285000,2022-05-11 17:43:16.035000,fit,
Training_Data::cycle_2018,78663,2022-05-11 17:50:00.073000,2022-05-11 17:52:11.631000,fit,
Training_Data::cycle_2019,78702,2022-05-11 17:52:58.470000,2022-05-11 17:55:10.244000,fit,
Training_Data::cycle_2020,78741,2022-05-11 17:57:19.577000,2022-05-11 17:59:30.541000,fit,
Training_Data::cycle_2021,78780,2022-05-12 09:23:22.101000,2022-05-12 09:25:33.394000,fit,
Training_Data::cycle_2022,78819,2022-05-12 09:30:46.272000,2022-05-12 09:32:58.100000,fit,
Training_Data::cycle_2023,78858,2022-05-12 09:33:44.378000,2022-05-12 09:35:55.883000,fit,
Training_Data::cycle_2024,78897,2022-05-12 09:43:21.552000,2022-05-12 09:45:32.779000,fit,
Training_Data::cycle_2025,78936,2022-05-12 09:48:34.436000,2022-05-12 09:50:45.567000,fit,
Training_Data::cycle_2026,78975,2022-05-12 09:52:55.849000,2022-05-12 09:55:07.379000,fit,
Training_Data::cycle_2027,79014,2022-05-12 10:00:37.525000,2022-05-12 10:02:48.290000,fit,
Training_Data::cycle_2028,79053,2022-05-12 10:03:35.147000,2022-05-12 10:05:46.504000,fit,
Training_Data::cycle_2029,79092,2022-05-12 10:09:57.930000,2022-05-12 10:12:09.303000,fit,
Training_Data::cycle_2030,79131,2022-05-12 10:19:00.739000,2022-05-12 10:21:12.393000,fit,
Training_Data::cycle_2031,79170,2022-05-12 10:21:58.847000,2022-05-12 10:24:10.663000,fit,
Training_Data::cycle_2032,79209,2022-05-12 10:31:23.640000,2022-05-12 10:33:34.983000,fit,
Training_Data::cycle_2033,79248,2022-05-12 10:36:22.623000,2022-05-12 10:38:34.185000,fit,
Training_Data::cycle_2034,79287,2022-05-12 11:06:07.918000,2022-05-12 11:08:19.129000,fit,
Training_Data::cycle_2035,79326,2022-05-12 11:13:34.714000,2022-05-12 11:15:45.538000,fit,
Training_Data::cycle_2036,79365,2022-05-12 11:16:32.808000,2022-05-12 11:18:44.227000,fit,
Training_Data::cycle_2037,79404,2022-05-12 11:23:34.116000,2022-05-12 11:25:46.066000,fit,
Training_Data::cycle_2038,79443,2022-05-12 11:30:57.236000,2022-05-12 11:33:08.440000,fit,
Training_Data::cycle_2039,79482,2022-05-12 11:41:25.986000,2022-05-12 11:43:38.055000,fit,
Training_Data::cycle_2040,79521,2022-05-12 11:47:40.689000,2022-05-12 11:49:51.627000,fit,
Training_Data::cycle_2041,79560,2022-05-12 11:52:44.798000,2022-05-12 11:54:56.035000,fit,
Training_Data::cycle_2042,79599,2022-05-12 12:01:24.762000,2022-05-12 12:03:35.766000,fit,
Training_Data::cycle_2043,79638,2022-05-12 12:04:46.607000,2022-05-12 12:06:57.934000,fit,
Training_Data::cycle_2044,79677,2022-05-12 13:13:03.942000,2022-05-12 13:15:15.295000,fit,
Training_Data::cycle_2045,79716,2022-05-12 13:25:19.251000,2022-05-12 13:27:30.512000,fit,
Training_Data::cycle_2046,79755,2022-05-12 13:29:53.436000,2022-05-12 13:32:04.382000,fit,
Training_Data::cycle_2047,79794,2022-05-12 13:38:15.066000,2022-05-12 13:40:26.209000,fit,
Training_Data::cycle_2048,79833,2022-05-12 13:42:30.766000,2022-05-12 13:44:41.796000,fit,
Training_Data::cycle_2049,79872,2022-05-12 13:45:28.517000,2022-05-12 13:47:39.765000,fit,
Training_Data::cycle_2050,79911,2022-05-12 13:57:52.172000,2022-05-12 14:00:03.565000,fit,
Training_Data::cycle_2051,79950,2022-05-12 14:07:13.733000,2022-05-12 14:09:25.180000,fit,
Training_Data::cycle_2052,79989,2022-05-12 14:14:37.940000,2022-05-12 14:16:49.592000,fit,
Training_Data::cycle_2053,80028,2022-05-12 14:22:35.815000,2022-05-12 14:24:47.073000,fit,
Training_Data::cycle_2054,80067,2022-05-12 14:31:31.145000,2022-05-12 14:33:41.965000,fit,
Training_Data::cycle_2055,80106,2022-05-12 14:42:11.904000,2022-05-12 14:44:22.900000,fit,
Training_Data::cycle_2056,80145,2022-05-12 14:51:42.222000,2022-05-12 14:53:53.647000,fit,
Training_Data::cycle_2057,80184,2022-05-12 15:02:35.911000,2022-05-12 15:04:47.350000,fit,
Training_Data::cycle_2058,80223,2022-05-12 15:13:36.014000,2022-05-12 15:15:47.271000,fit,
Training_Data::cycle_2059,80262,2022-05-12 15:26:00.436000,2022-05-12 15:28:11.711000,fit,
Training_Data::cycle_2060,80301,2022-05-12 15:36:52.893000,2022-05-12 15:39:04.228000,fit,
Training_Data::cycle_2061,80340,2022-05-12 16:08:10.290000,2022-05-12 16:10:22.028000,fit,
Training_Data::cycle_2062,80379,2022-05-12 16:18:34.988000,2022-05-12 16:20:46.357000,fit,
Training_Data::cycle_2063,80418,2022-05-12 16:21:56.805000,2022-05-12 16:24:08.756000,fit,
Training_Data::cycle_2064,80457,2022-05-12 16:25:51.607000,2022-05-12 16:28:02.631000,fit,
Training_Data::cycle_2065,80496,2022-05-12 16:35:41.485000,2022-05-12 16:37:52.838000,fit,
Training_Data::cycle_2066,80535,2022-05-12 16:45:03.579000,2022-05-12 16:47:14.824000,fit,
Training_Data::cycle_2067,80574,2022-05-12 16:48:01.579000,2022-05-12 16:50:13.050000,fit,
Training_Data::cycle_2068,80613,2022-05-12 16:56:19.056000,2022-05-12 16:58:30.355000,fit,
Training_Data::cycle_2069,80652,2022-05-12 16:59:17.667000,2022-05-12 17:01:29.337000,fit,
Training_Data::cycle_2070,80691,2022-05-12 17:02:16.168000,2022-05-12 17:04:28.612000,fit,
Training_Data::cycle_2071,80730,2022-05-12 17:06:25.194000,2022-05-12 17:08:35.981000,fit,
Training_Data::cycle_2072,80769,2022-05-12 17:09:22.181000,2022-05-12 17:11:33.496000,fit,
Training_Data::cycle_2073,80808,2022-05-12 17:12:19.986000,2022-05-12 17:14:31.120000,fit,
Training_Data::cycle_2074,80847,2022-05-12 17:18:38.473000,2022-05-12 17:20:50.125000,fit,
Training_Data::cycle_2075,80886,2022-05-12 17:22:43.077000,2022-05-12 17:24:54.418000,fit,
Training_Data::cycle_2076,80925,2022-05-12 17:28:27.367000,2022-05-12 17:30:38.931000,fit,
Training_Data::cycle_2077,80964,2022-05-12 17:31:25.469000,2022-05-12 17:33:37.083000,fit,
Training_Data::cycle_2078,81003,2022-05-12 17:40:16.642000,2022-05-12 17:42:28.009000,fit,
Training_Data::cycle_2079,81042,2022-05-12 17:47:31.246000,2022-05-12 17:49:42.801000,fit,
Training_Data::cycle_2080,81081,2022-05-12 17:53:37.200000,2022-05-12 17:55:48.623000,fit,
Training_Data::cycle_2081,81120,2022-05-13 09:33:20.266000,2022-05-13 09:35:31.790000,fit,
Training_Data::cycle_2082,81159,2022-05-13 09:52:18.751000,2022-05-13 09:54:30.278000,fit,
Training_Data::cycle_2083,81198,2022-05-13 10:13:24.120000,2022-05-13 10:15:34.968000,fit,
Training_Data::cycle_2084,81237,2022-05-13 10:30:29.420000,2022-05-13 10:32:40.458000,fit,
Training_Data::cycle_2085,81276,2022-05-13 10:36:24.070000,2022-05-13 10:38:35.581000,fit,
Training_Data::cycle_2086,81315,2022-05-13 11:05:22.395000,2022-05-13 11:07:34.161000,fit,
Training_Data::cycle_2087,81354,2022-05-13 11:09:08.816000,2022-05-13 11:11:20.931000,fit,
Training_Data::cycle_2088,81393,2022-05-13 11:18:07.321000,2022-05-13 11:20:18.139000,fit,
Training_Data::cycle_2089,81432,2022-05-13 11:27:30.005000,2022-05-13 11:29:41.328000,fit,
Training_Data::cycle_2090,81471,2022-05-13 11:30:28.672000,2022-05-13 11:32:40.631000,fit,
Training_Data::cycle_2091,81510,2022-05-13 11:37:33.542000,2022-05-13 11:39:44.562000,fit,
Training_Data::cycle_2092,81549,2022-05-13 11:42:19.664000,2022-05-13 11:44:30.727000,fit,
Training_Data::cycle_2093,81588,2022-05-13 11:48:02.378000,2022-05-13 11:50:13.934000,fit,
Training_Data::cycle_2094,81627,2022-05-13 11:51:49.018000,2022-05-13 11:54:00.234000,fit,
Training_Data::cycle_2095,81666,2022-05-13 11:54:46.783000,2022-05-13 11:56:57.737000,fit,
Training_Data::cycle_2096,81705,2022-05-13 12:02:51.201000,2022-05-13 12:05:02.426000,fit,
Training_Data::cycle_2097,81744,2022-05-13 13:09:53.857000,2022-05-13 13:12:05.110000,fit,
Training_Data::cycle_2098,81783,2022-05-13 13:12:51.969000,2022-05-13 13:15:03.190000,fit,
Training_Data::cycle_2099,81822,2022-05-13 13:21:02.341000,2022-05-13 13:23:13.305000,fit,
Training_Data::cycle_2100,81861,2022-05-13 13:24:37.685000,2022-05-13 13:26:48.982000,fit,
Training_Data::cycle_2101,81900,2022-05-13 13:32:09.139000,2022-05-13 13:34:20.452000,fit,
Training_Data::cycle_2102,81939,2022-05-13 13:40:31.819000,2022-05-13 13:42:42.763000,fit,
Training_Data::cycle_2103,81978,2022-05-13 13:47:27.810000,2022-05-13 13:49:39.085000,fit,
Training_Data::cycle_2104,82017,2022-05-13 13:54:30.879000,2022-05-13 13:56:42.071000,fit,
Training_Data::cycle_2105,82056,2022-05-13 13:57:28.889000,2022-05-13 13:59:40.205000,fit,
Training_Data::cycle_2106,82095,2022-05-13 14:02:21.412000,2022-05-13 14:04:32.294000,fit,
Training_Data::cycle_2107,82134,2022-05-13 14:05:18.822000,2022-05-13 14:07:30.067000,fit,
Training_Data::cycle_2108,82173,2022-05-13 14:10:43.241000,2022-05-13 14:12:55.078000,fit,
Training_Data::cycle_2109,82212,2022-05-13 14:17:08.036000,2022-05-13 14:19:19.609000,fit,
Training_Data::cycle_2110,82251,2022-05-13 14:26:52.820000,2022-05-13 14:29:03.349000,fit,
Training_Data::cycle_2111,82290,2022-05-13 14:35:33.053000,2022-05-13 14:37:44.839000,fit,
Training_Data::cycle_2112,82329,2022-05-13 14:38:30.946000,2022-05-13 14:40:42.265000,fit,
Training_Data::cycle_2113,82368,2022-05-13 14:43:56.400000,2022-05-13 14:46:07.241000,fit,
Training_Data::cycle_2114,82407,2022-05-13 14:51:24.421000,2022-05-13 14:53:35.666000,fit,
Training_Data::cycle_2115,82446,2022-05-13 14:59:20.210000,2022-05-13 15:01:31.463000,fit,
Training_Data::cycle_2116,82485,2022-05-13 15:10:45.712000,2022-05-13 15:12:57.079000,fit,
Training_Data::cycle_2117,82524,2022-05-13 15:13:43.798000,2022-05-13 15:15:55.147000,fit,
Training_Data::cycle_2118,82563,2022-05-13 15:19:40.894000,2022-05-13 15:21:52.460000,fit,
Training_Data::cycle_2119,82602,2022-05-13 15:22:39.379000,2022-05-13 15:24:51.344000,fit,
Training_Data::cycle_2120,82641,2022-05-13 15:28:26.020000,2022-05-13 15:30:37.527000,fit,
Training_Data::cycle_2121,82680,2022-05-13 15:31:24.609000,2022-05-13 15:33:35.374000,fit,
Training_Data::cycle_2122,82719,2022-05-13 15:34:22.282000,2022-05-13 15:36:33.300000,fit,
Training_Data::cycle_2123,82758,2022-05-13 15:58:01.284000,2022-05-13 16:00:12.332000,fit,
Training_Data::cycle_2124,82797,2022-05-13 16:02:25.973000,2022-05-13 16:04:37.539000,fit,
Training_Data::cycle_2125,82836,2022-05-13 16:05:38.295000,2022-05-13 16:07:49.325000,fit,
Training_Data::cycle_2126,82875,2022-05-13 16:11:17.594000,2022-05-13 16:13:28.640000,fit,
Training_Data::cycle_2127,82914,2022-05-13 16:17:50.289000,2022-05-13 16:20:01.117000,fit,
Training_Data::cycle_2128,82953,2022-05-13 16:20:47.787000,2022-05-13 16:22:58.948000,fit,
Training_Data::cycle_2129,82992,2022-05-13 16:29:06.009000,2022-05-13 16:31:17.410000,fit,
Training_Data::cycle_2130,83031,2022-05-13 16:38:58.259000,2022-05-13 16:41:10.092000,fit,
Training_Data::cycle_2131,83070,2022-05-13 16:41:56.442000,2022-05-13 16:44:07.829000,fit,
Training_Data::cycle_2132,83109,2022-05-13 16:49:39.878000,2022-05-13 16:51:51.556000,fit,
Training_Data::cycle_2133,83148,2022-05-13 16:58:32.521000,2022-05-13 17:00:43.602000,fit,
Training_Data::cycle_2134,83187,2022-05-13 17:01:30.491000,2022-05-13 17:03:41.818000,fit,
Training_Data::cycle_2135,83226,2022-05-13 17:07:36.776000,2022-05-13 17:09:48.622000,fit,
Training_Data::cycle_2136,83265,2022-05-13 17:18:20.646000,2022-05-13 17:20:31.711000,fit,
Training_Data::cycle_2137,83304,2022-05-13 17:29:01.276000,2022-05-13 17:31:12.629000,fit,
Training_Data::cycle_2138,83343,2022-05-13 17:37:12.441000,2022-05-13 17:39:23.910000,fit,
Training_Data::cycle_2139,83382,2022-05-13 17:42:01.523000,2022-05-13 17:44:12.826000,fit,
Training_Data::cycle_2140,83421,2022-05-13 17:49:17.763000,2022-05-13 17:51:29.207000,fit,
Training_Data::cycle_2141,83460,2022-05-16 09:36:16.020000,2022-05-16 09:38:27.660000,fit,
Training_Data::cycle_2142,83499,2022-05-16 09:42:41.969000,2022-05-16 09:44:53.378000,fit,
Training_Data::cycle_2143,83538,2022-05-16 09:58:54.821000,2022-05-16 10:01:06.144000,fit,
Training_Data::cycle_2144,83577,2022-05-16 10:02:12.325000,2022-05-16 10:04:23.836000,fit,
Training_Data::cycle_2145,83616,2022-05-16 10:13:10.877000,2022-05-16 10:15:22.567000,fit,
Training_Data::cycle_2146,83655,2022-05-16 10:21:35.479000,2022-05-16 10:23:46.642000,fit,
Training_Data::cycle_2147,83694,2022-05-16 11:03:31.988000,2022-05-16 11:05:43.714000,fit,
Training_Data::cycle_2148,83733,2022-05-16 11:07:59.469000,2022-05-16 11:10:10.816000,fit,
Training_Data::cycle_2149,83772,2022-05-16 11:14:04.659000,2022-05-16 11:16:16.234000,fit,
Training_Data::cycle_2150,83811,2022-05-16 11:19:26.455000,2022-05-16 11:21:37.218000,fit,
Training_Data::cycle_2151,83850,2022-05-16 11:22:27.982000,2022-05-16 11:24:39.008000,fit,
Training_Data::cycle_2152,83889,2022-05-16 11:25:25.197000,2022-05-16 11:27:36.512000,fit,
Training_Data::cycle_2153,83928,2022-05-16 11:35:45.898000,2022-05-16 11:37:57.018000,fit,
Training_Data::cycle_2154,83967,2022-05-16 11:38:43.771000,2022-05-16 11:40:55.084000,fit,
Training_Data::cycle_2155,84006,2022-05-16 11:41:41.941000,2022-05-16 11:43:52.940000,fit,
Training_Data::cycle_2156,84045,2022-05-16 11:46:41.263000,2022-05-16 11:48:52.205000,fit,
Training_Data::cycle_2157,84084,2022-05-16 11:49:39.237000,2022-05-16 11:51:49.878000,fit,
Training_Data::cycle_2158,84123,2022-05-16 11:52:36.390000,2022-05-16 11:54:47.581000,fit,
Training_Data::cycle_2159,84162,2022-05-16 11:58:47.265000,2022-05-16 12:00:58.983000,fit,
Training_Data::cycle_2160,84201,2022-05-16 12:01:45.171000,2022-05-16 12:03:56.227000,fit,
Training_Data::cycle_2161,84240,2022-05-16 12:04:42.621000,2022-05-16 12:06:53.707000,fit,
Training_Data::cycle_2162,84279,2022-05-16 13:10:04.002000,2022-05-16 13:12:15.433000,fit,
Training_Data::cycle_2163,84318,2022-05-16 13:15:20.039000,2022-05-16 13:17:31.235000,fit,
Training_Data::cycle_2164,84357,2022-05-16 13:18:17.294000,2022-05-16 13:20:28.256000,fit,
Training_Data::cycle_2165,84396,2022-05-16 13:21:14.945000,2022-05-16 13:23:26.072000,fit,
Training_Data::cycle_2166,84435,2022-05-16 13:33:18.914000,2022-05-16 13:35:30.766000,fit,
Training_Data::cycle_2167,84474,2022-05-16 13:36:17.377000,2022-05-16 13:38:29.115000,fit,
Training_Data::cycle_2168,84513,2022-05-16 13:39:19.612000,2022-05-16 13:41:31.061000,fit,
Training_Data::cycle_2169,84552,2022-05-16 13:49:32.520000,2022-05-16 13:51:43.658000,fit,
Training_Data::cycle_2170,84591,2022-05-16 13:57:00.178000,2022-05-16 13:59:11.096000,fit,
Training_Data::cycle_2171,84630,2022-05-16 14:05:46.400000,2022-05-16 14:07:57.542000,fit,
Training_Data::cycle_2172,84669,2022-05-16 14:08:43.806000,2022-05-16 14:10:55.723000,fit,
Training_Data::cycle_2173,84708,2022-05-16 14:11:42.612000,2022-05-16 14:13:53.604000,fit,
Training_Data::cycle_2174,84747,2022-05-16 14:14:40.509000,2022-05-16 14:16:51.672000,fit,
Training_Data::cycle_2175,84786,2022-05-16 14:19:13.413000,2022-05-16 14:21:24.726000,fit,
Training_Data::cycle_2176,84825,2022-05-16 14:22:11.428000,2022-05-16 14:24:22.858000,fit,
Training_Data::cycle_2177,84864,2022-05-16 14:30:03.578000,2022-05-16 14:32:14.903000,fit,
Training_Data::cycle_2178,84903,2022-05-16 14:36:36.993000,2022-05-16 14:38:48.240000,fit,
Training_Data::cycle_2179,84942,2022-05-16 14:46:40.681000,2022-05-16 14:48:51.326000,fit,
Training_Data::cycle_2180,84981,2022-05-16 14:53:10.799000,2022-05-16 14:55:21.841000,fit,
Training_Data::cycle_2181,85020,2022-05-16 15:01:14.484000,2022-05-16 15:03:25.811000,fit,
Training_Data::cycle_2182,85059,2022-05-16 15:12:57.292000,2022-05-16 15:15:08.719000,fit,
Training_Data::cycle_2183,85098,2022-05-16 15:15:55.376000,2022-05-16 15:18:06.723000,fit,
Training_Data::cycle_2184,85137,2022-05-16 15:18:53.101000,2022-05-16 15:21:04.008000,fit,
Training_Data::cycle_2185,85176,2022-05-16 15:23:10.460000,2022-05-16 15:25:21.525000,fit,
Training_Data::cycle_2186,85215,2022-05-16 15:26:08.276000,2022-05-16 15:28:19.915000,fit,
Training_Data::cycle_2187,85254,2022-05-16 15:29:06.267000,2022-05-16 15:31:17.534000,fit,
Training_Data::cycle_2188,85293,2022-05-16 16:00:17.450000,2022-05-16 16:02:28.891000,fit,
Training_Data::cycle_2189,85332,2022-05-16 16:11:02.850000,2022-05-16 16:13:14.283000,fit,
Training_Data::cycle_2190,85371,2022-05-16 16:14:00.748000,2022-05-16 16:16:12.488000,fit,
Training_Data::cycle_2191,85410,2022-05-16 16:16:59.239000,2022-05-16 16:19:10.465000,fit,
Training_Data::cycle_2192,85449,2022-05-16 16:33:13.957000,2022-05-16 16:35:25.138000,fit,
Training_Data::cycle_2193,85488,2022-05-16 16:38:52.556000,2022-05-16 16:41:04.671000,fit,
Training_Data::cycle_2194,85527,2022-05-16 16:52:19.848000,2022-05-16 16:54:30.360000,fit,
Training_Data::cycle_2195,85566,2022-05-16 16:55:17.266000,2022-05-16 16:57:28.081000,fit,
Training_Data::cycle_2196,85605,2022-05-16 16:58:14.425000,2022-05-16 17:00:26.087000,fit,
Training_Data::cycle_2197,85644,2022-05-16 17:06:26.528000,2022-05-16 17:08:37.749000,fit,
Training_Data::cycle_2198,85683,2022-05-16 17:09:24.161000,2022-05-16 17:11:35.383000,fit,
Training_Data::cycle_2199,85722,2022-05-16 17:14:37.606000,2022-05-16 17:16:48.847000,fit,
Training_Data::cycle_2200,85761,2022-05-16 17:17:35.420000,2022-05-16 17:19:46.548000,fit,
Training_Data::cycle_2201,85800,2022-05-16 17:23:00.123000,2022-05-16 17:25:11.540000,fit,
Training_Data::cycle_2202,85839,2022-05-16 17:25:58.410000,2022-05-16 17:28:09.350000,fit,
Training_Data::cycle_2203,85878,2022-05-16 17:41:12.743000,2022-05-16 17:43:24.449000,fit,
Training_Data::cycle_2204,85917,2022-05-16 17:44:10.628000,2022-05-16 17:46:21.653000,fit,
Training_Data::cycle_2205,85956,2022-05-16 17:47:08.033000,2022-05-16 17:49:20.073000,fit,
Training_Data::cycle_2206,85995,2022-05-16 17:50:06.913000,2022-05-16 17:52:18.528000,fit,
Training_Data::cycle_2207,86034,2022-05-16 17:53:05.502000,2022-05-16 17:55:16.426000,fit,
Training_Data::cycle_2208,86073,2022-05-17 09:18:13.402000,2022-05-17 09:20:25.053000,fit,
Training_Data::cycle_2209,86112,2022-05-17 09:21:11.139000,2022-05-17 09:23:22.008000,fit,
Training_Data::cycle_2210,86151,2022-05-17 09:24:15.626000,2022-05-17 09:26:26.726000,fit,
Training_Data::cycle_2211,86190,2022-05-17 09:29:58.183000,2022-05-17 09:32:09.646000,fit,
Training_Data::cycle_2212,86229,2022-05-17 09:32:56.299000,2022-05-17 09:35:06.958000,fit,
Training_Data::cycle_2213,86268,2022-05-17 09:35:53.516000,2022-05-17 09:38:04.635000,fit,
Training_Data::cycle_2214,86307,2022-05-17 09:46:49.351000,2022-05-17 09:49:00.233000,fit,
Training_Data::cycle_2215,86346,2022-05-17 09:49:46.502000,2022-05-17 09:51:58.048000,fit,
Training_Data::cycle_2216,86385,2022-05-17 10:33:14.742000,2022-05-17 10:35:26.332000,fit,
Training_Data::cycle_2217,86424,2022-05-17 10:36:12.650000,2022-05-17 10:38:23.618000,fit,
Training_Data::cycle_2218,86463,2022-05-17 10:55:57.189000,2022-05-17 10:58:08.693000,fit,
Training_Data::cycle_2219,86502,2022-05-17 10:58:55.560000,2022-05-17 11:01:06.297000,fit,
Training_Data::cycle_2220,86541,2022-05-17 16:58:59.610000,2022-05-17 17:01:10.666000,fit,
Training_Data::cycle_2221,86580,2022-05-17 17:01:57.015000,2022-05-17 17:04:08.050000,fit,
Training_Data::cycle_2222,86619,2022-05-17 17:04:54.288000,2022-05-17 17:07:05.870000,fit,
Training_Data::cycle_2223,86658,2022-05-17 17:07:52.720000,2022-05-17 17:10:03.971000,fit,
Training_Data::cycle_2224,86697,2022-05-31 09:33:54.076000,2022-05-31 09:36:05.607000,fit,
Training_Data::cycle_2225,86736,2022-05-31 09:36:52.725000,2022-05-31 09:39:03.816000,fit,
Training_Data::cycle_2226,86775,2022-05-31 10:17:58.319000,2022-05-31 10:20:09.238000,fit,
Training_Data::cycle_2227,86814,2022-05-31 11:05:55.521000,2022-05-31 11:08:06.973000,fit,
Training_Data::cycle_2228,86853,2022-05-31 11:08:53.591000,2022-05-31 11:11:05.291000,fit,
Training_Data::cycle_2229,86892,2022-05-31 11:20:41.808000,2022-05-31 11:22:53.458000,fit,
Training_Data::cycle_2230,86931,2022-05-31 11:23:39.643000,2022-05-31 11:25:51.166000,fit,
Training_Data::cycle_2231,86970,2022-05-31 11:33:34.815000,2022-05-31 11:35:45.828000,fit,
Training_Data::cycle_2232,87009,2022-05-31 11:37:13.514000,2022-05-31 11:39:25.057000,fit,
Training_Data::cycle_2233,87048,2022-05-31 12:00:00.573000,2022-05-31 12:02:11.912000,fit,
Training_Data::cycle_2234,87087,2022-05-31 12:03:48.819000,2022-05-31 12:06:00.048000,fit,
Training_Data::cycle_2235,87126,2022-05-31 13:17:43.574000,2022-05-31 13:19:55.705000,fit,
Training_Data::cycle_2236,87165,2022-05-31 13:37:15.436000,2022-05-31 13:39:26.271000,fit,
Training_Data::cycle_2237,87204,2022-05-31 13:45:28.142000,2022-05-31 13:47:39.291000,fit,
Training_Data::cycle_2238,87243,2022-05-31 13:48:26.619000,2022-05-31 13:50:38.109000,fit,
Training_Data::cycle_2239,87282,2022-05-31 13:54:34.264000,2022-05-31 13:56:45.396000,fit,
Training_Data::cycle_2240,87321,2022-05-31 14:08:05.776000,2022-05-31 14:10:16.953000,fit,
Training_Data::cycle_2241,87360,2022-05-31 14:20:01.234000,2022-05-31 14:22:12.349000,fit,
Training_Data::cycle_2242,87399,2022-05-31 14:31:37.234000,2022-05-31 14:33:48.377000,fit,
Training_Data::cycle_2243,87438,2022-05-31 14:42:44.814000,2022-05-31 14:44:56.081000,fit,
Training_Data::cycle_2244,87477,2022-05-31 14:55:16.643000,2022-05-31 14:57:27.649000,fit,
Training_Data::cycle_2245,87516,2022-05-31 15:07:10.715000,2022-05-31 15:09:22.686000,fit,
Training_Data::cycle_2246,87555,2022-05-31 15:20:04.991000,2022-05-31 15:22:16.855000,fit,
Training_Data::cycle_2247,87594,2022-05-31 15:58:14.234000,2022-05-31 16:00:25.836000,fit,
Training_Data::cycle_2248,87633,2022-05-31 16:16:45.502000,2022-05-31 16:18:57.228000,fit,
Training_Data::cycle_2249,87672,2022-05-31 16:32:41.895000,2022-05-31 16:34:53.567000,fit,
Training_Data::cycle_2250,87711,2022-05-31 16:35:40.671000,2022-05-31 16:37:51.962000,fit,
Training_Data::cycle_2251,87750,2022-05-31 16:40:10.679000,2022-05-31 16:42:22.315000,fit,
Training_Data::cycle_2252,87789,2022-05-31 16:50:32.176000,2022-05-31 16:52:43.430000,fit,
Training_Data::cycle_2253,87828,2022-05-31 17:02:31.341000,2022-05-31 17:04:42.614000,fit,
Training_Data::cycle_2254,87867,2022-05-31 17:19:02.699000,2022-05-31 17:21:13.520000,fit,
Training_Data::cycle_2255,87906,2022-05-31 17:29:25.607000,2022-05-31 17:31:36.844000,fit,
Training_Data::cycle_2256,87945,2022-06-03 10:44:48.087000,2022-06-03 10:47:00.102000,fit,
Training_Data::cycle_2257,87984,2022-06-07 09:19:12.599000,2022-06-07 09:21:24.018000,fit,
Training_Data::cycle_2258,88023,2022-06-07 09:31:45.362000,2022-06-07 09:33:56.519000,fit,
Training_Data::cycle_2259,88062,2022-06-07 09:44:50.067000,2022-06-07 09:47:01.288000,fit,
Training_Data::cycle_2260,88101,2022-06-07 09:54:57.751000,2022-06-07 09:57:09.309000,fit,
Training_Data::cycle_2261,88140,2022-06-07 10:10:06.052000,2022-06-07 10:12:17.480000,fit,
Training_Data::cycle_2262,88179,2022-06-07 10:33:40.845000,2022-06-07 10:35:52.102000,fit,
Training_Data::cycle_2263,88218,2022-06-07 10:36:39.170000,2022-06-07 10:38:50.184000,fit,
Training_Data::cycle_2264,88257,2022-06-07 11:06:15.825000,2022-06-07 11:08:26.862000,fit,
Training_Data::cycle_2265,88296,2022-06-07 11:38:30.429000,2022-06-07 11:40:41.889000,fit,
Training_Data::cycle_2266,88335,2022-06-07 11:53:12.304000,2022-06-07 11:55:23.641000,fit,
Training_Data::cycle_2267,88374,2022-06-07 11:56:10.614000,2022-06-07 11:58:22.463000,fit,
Training_Data::cycle_2268,88413,2022-06-07 13:26:59.762000,2022-06-07 13:29:10.997000,fit,
Training_Data::cycle_2269,88452,2022-06-07 13:29:57.768000,2022-06-07 13:32:09.195000,fit,
Training_Data::cycle_2270,88491,2022-06-07 13:38:10.988000,2022-06-07 13:40:22.423000,fit,
Training_Data::cycle_2271,88530,2022-06-07 13:41:08.867000,2022-06-07 13:43:20,fit,
Training_Data::cycle_2272,88569,2022-06-07 13:48:41.769000,2022-06-07 13:50:53.321000,fit,
Training_Data::cycle_2273,88608,2022-06-07 13:51:40.174000,2022-06-07 13:53:51.622000,fit,
Training_Data::cycle_2274,88647,2022-06-07 13:58:01.164000,2022-06-07 14:00:12.600000,fit,
Training_Data::cycle_2275,88686,2022-06-07 14:08:06.652000,2022-06-07 14:10:17.801000,fit,
Training_Data::cycle_2276,88725,2022-06-07 14:14:43.349000,2022-06-07 14:16:54.224000,fit,
Training_Data::cycle_2277,88764,2022-06-07 14:27:29.081000,2022-06-07 14:29:40.398000,fit,
Training_Data::cycle_2278,88803,2022-06-07 14:30:26.736000,2022-06-07 14:32:38.417000,fit,
Training_Data::cycle_2279,88842,2022-06-07 14:33:24.635000,2022-06-07 14:35:36.407000,fit,
Training_Data::cycle_2280,88881,2022-06-07 14:43:32.551000,2022-06-07 14:45:43.898000,fit,
Training_Data::cycle_2281,88920,2022-06-07 14:47:25.556000,2022-06-07 14:49:36.781000,fit,
Training_Data::cycle_2282,88959,2022-06-07 14:56:34.676000,2022-06-07 14:58:45.676000,fit,
Training_Data::cycle_2283,88998,2022-06-07 15:06:29.946000,2022-06-07 15:08:41.257000,fit,
Training_Data::cycle_2284,89037,2022-06-07 15:13:40.836000,2022-06-07 15:15:52.389000,fit,
Training_Data::cycle_2285,89076,2022-06-07 15:28:21.022000,2022-06-07 15:30:32.487000,fit,
Training_Data::cycle_2286,89115,2022-06-07 15:31:18.895000,2022-06-07 15:33:29.835000,fit,
Training_Data::cycle_2287,89154,2022-06-07 15:56:57.290000,2022-06-07 15:59:09.159000,fit,
Training_Data::cycle_2288,89193,2022-06-07 15:59:55.272000,2022-06-07 16:02:06.667000,fit,
Training_Data::cycle_2289,89232,2022-06-07 16:09:12.389000,2022-06-07 16:11:23.784000,fit,
Training_Data::cycle_2290,89271,2022-06-07 16:21:10.985000,2022-06-07 16:23:22.260000,fit,
Training_Data::cycle_2291,89310,2022-06-07 16:24:38.917000,2022-06-07 16:26:49.648000,fit,
Training_Data::cycle_2292,89349,2022-06-07 16:27:36.900000,2022-06-07 16:29:48.059000,fit,
Training_Data::cycle_2293,89388,2022-06-07 16:32:22.692000,2022-06-07 16:34:34.657000,fit,
Training_Data::cycle_2294,89427,2022-06-07 16:35:48.187000,2022-06-07 16:37:59.835000,fit,
Training_Data::cycle_2295,89466,2022-06-07 16:46:16.288000,2022-06-07 16:48:27.358000,fit,
Training_Data::cycle_2296,89505,2022-06-07 16:49:14.169000,2022-06-07 16:51:25.640000,fit,
Training_Data::cycle_2297,89544,2022-06-07 16:52:12.692000,2022-06-07 16:54:23.726000,fit,
Training_Data::cycle_2298,89583,2022-06-07 16:55:11.381000,2022-06-07 16:57:22.732000,fit,
Training_Data::cycle_2299,89622,2022-06-07 16:58:09.612000,2022-06-07 17:00:21.256000,fit,
Training_Data::cycle_2300,89661,2022-06-07 17:01:07.782000,2022-06-07 17:03:18.932000,fit,
Training_Data::cycle_2301,89700,2022-06-07 17:06:17.010000,2022-06-07 17:08:27.826000,fit,
Training_Data::cycle_2302,89739,2022-06-07 17:09:14.464000,2022-06-07 17:11:26.339000,fit,
Training_Data::cycle_2303,89778,2022-06-07 17:12:12.815000,2022-06-07 17:14:24.343000,fit,
Training_Data::cycle_2304,89817,2022-06-07 17:20:13.269000,2022-06-07 17:22:24.341000,fit,
Training_Data::cycle_2305,89856,2022-06-07 17:31:56.404000,2022-06-07 17:34:08.062000,fit,
Training_Data::cycle_2306,89895,2022-06-07 17:34:54.999000,2022-06-07 17:37:06.304000,fit,
Training_Data::cycle_2307,89934,2022-06-07 17:38:57.989000,2022-06-07 17:41:08.953000,fit,
Training_Data::cycle_2308,89973,2022-06-08 09:09:16.940000,2022-06-08 09:11:28.980000,fit,
Training_Data::cycle_2309,90012,2022-06-08 09:12:16.441000,2022-06-08 09:14:28.276000,fit,
Training_Data::cycle_2310,90051,2022-06-08 09:20:32.116000,2022-06-08 09:22:43.168000,fit,
Training_Data::cycle_2311,90090,2022-06-08 09:34:27.031000,2022-06-08 09:36:38.362000,fit,
Training_Data::cycle_2312,90129,2022-06-08 09:37:24.650000,2022-06-08 09:39:35.481000,fit,
Training_Data::cycle_2313,90168,2022-06-08 09:40:22.501000,2022-06-08 09:42:33.288000,fit,
Training_Data::cycle_2314,90207,2022-06-08 09:43:49.721000,2022-06-08 09:46:01.050000,fit,
Training_Data::cycle_2315,90246,2022-06-08 09:56:57.726000,2022-06-08 09:59:09.659000,fit,
Training_Data::cycle_2316,90285,2022-06-08 09:59:56.077000,2022-06-08 10:02:07.320000,fit,
Training_Data::cycle_2317,90324,2022-06-08 10:02:54.313000,2022-06-08 10:05:05.981000,fit,
Training_Data::cycle_2318,90363,2022-06-08 10:06:17.492000,2022-06-08 10:08:28.932000,fit,
Training_Data::cycle_2319,90402,2022-06-08 10:17:22.712000,2022-06-08 10:19:34.231000,fit,
Training_Data::cycle_2320,90441,2022-06-08 10:29:55.778000,2022-06-08 10:32:07.027000,fit,
Training_Data::cycle_2321,90480,2022-06-08 10:32:53.267000,2022-06-08 10:35:04.842000,fit,
Training_Data::cycle_2322,90519,2022-06-08 10:35:51.304000,2022-06-08 10:38:03.315000,fit,
Training_Data::cycle_2323,90558,2022-06-08 11:05:50.428000,2022-06-08 11:08:02.301000,fit,
Training_Data::cycle_2324,90597,2022-06-08 11:15:17.682000,2022-06-08 11:17:29.210000,fit,
Training_Data::cycle_2325,90636,2022-06-08 11:18:15.959000,2022-06-08 11:20:27.899000,fit,
Training_Data::cycle_2326,90675,2022-06-08 11:23:57.670000,2022-06-08 11:26:09.402000,fit,
Training_Data::cycle_2327,90714,2022-06-08 11:26:55.733000,2022-06-08 11:29:07.658000,fit,
Training_Data::cycle_2328,90753,2022-06-08 11:30:04.791000,2022-06-08 11:32:15.895000,fit,
Training_Data::cycle_2329,90792,2022-06-08 11:33:03.059000,2022-06-08 11:35:14.502000,fit,
Training_Data::cycle_2330,90831,2022-06-08 11:43:48.654000,2022-06-08 11:46:00.176000,fit,
Training_Data::cycle_2331,90870,2022-06-08 11:46:47.183000,2022-06-08 11:48:58.689000,fit,
Training_Data::cycle_2332,90909,2022-06-08 11:57:54.184000,2022-06-08 11:51:57.827000,quarantine,within_cycle_time_error
Training_Data::cycle_2333,90948,2022-06-08 11:53:26.091000,2022-06-08 11:55:37.829000,fit,
Training_Data::cycle_2334,90987,2022-06-08 11:56:29.154000,2022-06-08 11:58:40.511000,fit,
Training_Data::cycle_2335,91026,2022-06-08 13:03:53.038000,2022-06-08 13:06:04.508000,fit,
Training_Data::cycle_2336,91065,2022-06-08 13:09:35.688000,2022-06-08 13:11:47.071000,fit,
Training_Data::cycle_2337,91104,2022-06-08 13:12:34.356000,2022-06-08 13:14:45.410000,fit,
Training_Data::cycle_2338,91143,2022-06-08 13:15:32.323000,2022-06-08 13:17:43.263000,fit,
Training_Data::cycle_2339,91182,2022-06-08 13:18:33.481000,2022-06-08 13:20:45.003000,fit,
Training_Data::cycle_2340,91221,2022-06-08 13:25:15.355000,2022-06-08 13:27:26.833000,fit,
Training_Data::cycle_2341,91260,2022-06-08 13:37:29.443000,2022-06-08 13:39:40.674000,fit,
Training_Data::cycle_2342,91299,2022-06-08 13:44:58.529000,2022-06-08 13:47:09.689000,fit,
Training_Data::cycle_2343,91338,2022-06-08 13:47:55.644000,2022-06-08 13:50:07.176000,fit,
Training_Data::cycle_2344,91377,2022-06-08 13:51:38.365000,2022-06-08 13:53:49.805000,fit,
Training_Data::cycle_2345,91416,2022-06-08 13:58:47.113000,2022-06-08 14:00:58.857000,fit,
Training_Data::cycle_2346,91455,2022-06-08 14:02:30.937000,2022-06-08 14:04:41.550000,fit,
Training_Data::cycle_2347,91494,2022-06-08 14:05:41.234000,2022-06-08 14:07:52.858000,fit,
Training_Data::cycle_2348,91533,2022-06-08 14:14:50.034000,2022-06-08 14:17:01.401000,fit,
Training_Data::cycle_2349,91572,2022-06-08 15:49:54.829000,2022-06-08 15:52:06.752000,fit,
Training_Data::cycle_2350,91611,2022-06-08 15:52:53.092000,2022-06-08 15:55:04.740000,fit,
Training_Data::cycle_2351,91650,2022-06-08 15:55:52.299000,2022-06-08 15:58:03.956000,fit,
Training_Data::cycle_2352,91689,2022-06-08 15:59:11.782000,2022-06-08 16:01:23.421000,fit,
Training_Data::cycle_2353,91728,2022-06-08 16:02:10.686000,2022-06-08 16:04:22.061000,fit,
Training_Data::cycle_2354,91767,2022-06-08 16:05:08.884000,2022-06-08 16:07:20.440000,fit,
Training_Data::cycle_2355,91806,2022-06-08 16:08:07.090000,2022-06-08 16:10:17.830000,fit,
Training_Data::cycle_2356,91845,2022-06-08 16:11:04.815000,2022-06-08 16:13:16.112000,fit,
Training_Data::cycle_2357,91884,2022-06-08 16:14:02.396000,2022-06-08 16:16:13.207000,fit,
Training_Data::cycle_2358,91923,2022-06-08 16:16:59.774000,2022-06-08 16:19:10.549000,fit,
Training_Data::cycle_2359,91962,2022-06-08 16:19:57.783000,2022-06-08 16:22:09.447000,fit,
Training_Data::cycle_2360,92001,2022-06-08 16:29:55.404000,2022-06-08 16:32:06.830000,fit,
Training_Data::cycle_2361,92040,2022-06-08 16:40:20.802000,2022-06-08 16:42:32.010000,fit,
Training_Data::cycle_2362,92079,2022-06-08 16:44:02.993000,2022-06-08 16:46:14.226000,fit,
Training_Data::cycle_2363,92118,2022-06-08 16:58:49.218000,2022-06-08 17:00:59.738000,fit,
Training_Data::cycle_2364,92157,2022-06-08 17:02:02.472000,2022-06-08 17:04:13.117000,fit,
Training_Data::cycle_2365,92196,2022-06-08 17:10:38.299000,2022-06-08 17:12:50.394000,fit,
Training_Data::cycle_2366,92235,2022-06-08 17:24:18.885000,2022-06-08 17:26:30.415000,fit,
Training_Data::cycle_2367,92274,2022-06-08 17:27:34.047000,2022-06-08 17:29:44.999000,fit,
Training_Data::cycle_2368,92313,2022-06-08 17:34:23.551000,2022-06-08 17:36:34.880000,fit,
Training_Data::cycle_2369,92352,2022-06-08 17:42:02.951000,2022-06-08 17:44:14.601000,fit,
Training_Data::cycle_2370,92391,2022-06-09 09:00:48.840000,2022-06-09 09:02:59.774000,fit,
Training_Data::cycle_2371,92430,2022-06-09 09:04:05.834000,2022-06-09 09:06:17.257000,fit,
Training_Data::cycle_2372,92469,2022-06-09 09:12:21.206000,2022-06-09 09:14:32.782000,fit,
Training_Data::cycle_2373,92508,2022-06-09 09:16:24.163000,2022-06-09 09:18:34.989000,fit,
Training_Data::cycle_2374,92547,2022-06-09 09:19:41.833000,2022-06-09 09:21:52.651000,fit,
Training_Data::cycle_2375,92586,2022-06-09 09:22:39.224000,2022-06-09 09:24:50.292000,fit,
Training_Data::cycle_2376,92625,2022-06-09 09:25:37.137000,2022-06-09 09:27:48.889000,fit,
Training_Data::cycle_2377,92664,2022-06-09 09:28:35.103000,2022-06-09 09:30:47.183000,fit,
Training_Data::cycle_2378,92703,2022-06-09 09:31:33.818000,2022-06-09 09:33:44.724000,fit,
Training_Data::cycle_2379,92742,2022-06-09 09:34:31.328000,2022-06-09 09:36:42.754000,fit,
Training_Data::cycle_2380,92781,2022-06-09 09:38:30.109000,2022-06-09 09:40:42.278000,fit,
Training_Data::cycle_2381,92820,2022-06-09 09:41:29.035000,2022-06-09 09:43:40.883000,fit,
Training_Data::cycle_2382,92859,2022-06-09 09:52:45.216000,2022-06-09 09:54:56.565000,fit,
Training_Data::cycle_2383,92898,2022-06-09 09:56:49.318000,2022-06-09 09:59:00.741000,fit,
Training_Data::cycle_2384,92937,2022-06-09 10:00:37.327000,2022-06-09 10:02:50.670000,fit,
Training_Data::cycle_2385,92976,2022-06-09 10:27:17.676000,2022-06-09 10:29:28.953000,fit,
Training_Data::cycle_2386,93015,2022-06-09 10:51:46.702000,2022-06-09 10:53:58.530000,fit,
Training_Data::cycle_2387,93054,2022-06-09 10:54:45.273000,2022-06-09 10:56:56.722000,fit,
Training_Data::cycle_2388,93093,2022-06-09 10:57:43.591000,2022-06-09 10:59:54.730000,fit,
Training_Data::cycle_2389,93132,2022-06-09 11:02:42.237000,2022-06-09 11:04:54.056000,fit,
Training_Data::cycle_2390,93171,2022-06-09 11:05:40.474000,2022-06-09 11:07:52.408000,fit,
Training_Data::cycle_2391,93210,2022-06-09 11:08:39.165000,2022-06-09 11:10:50.522000,fit,
Training_Data::cycle_2392,93249,2022-06-09 11:16:16.223000,2022-06-09 11:18:27.910000,fit,
Training_Data::cycle_2393,93288,2022-06-09 11:19:15.407000,2022-06-09 11:21:27.442000,fit,
Training_Data::cycle_2394,93327,2022-06-09 11:28:25.552000,2022-06-09 11:30:36.526000,fit,
Training_Data::cycle_2395,93366,2022-06-09 11:49:44.261000,2022-06-09 11:51:55.730000,fit,
Training_Data::cycle_2396,93405,2022-06-09 11:58:18.990000,2022-06-09 12:00:30.026000,fit,
Training_Data::cycle_2397,93444,2022-06-09 13:02:54.924000,2022-06-09 13:05:06.471000,fit,
Training_Data::cycle_2398,93483,2022-06-09 13:11:31.576000,2022-06-09 13:13:43.006000,fit,
Training_Data::cycle_2399,93522,2022-06-09 13:21:00.766000,2022-06-09 13:23:12.702000,fit,
Training_Data::cycle_2400,93561,2022-06-09 13:33:15.447000,2022-06-09 13:35:26.898000,fit,
Training_Data::cycle_2401,93600,2022-06-09 13:42:06.259000,2022-06-09 13:44:17.486000,fit,
Training_Data::cycle_2402,93639,2022-06-09 13:55:50.313000,2022-06-09 13:58:01.183000,fit,
Training_Data::cycle_2403,93678,2022-06-09 13:58:48.235000,2022-06-09 14:00:59.562000,fit,
Training_Data::cycle_2404,93717,2022-06-09 14:01:46.806000,2022-06-09 14:03:58.179000,fit,
Training_Data::cycle_2405,93756,2022-06-09 14:07:47.123000,2022-06-09 14:09:57.756000,fit,
Training_Data::cycle_2406,93795,2022-06-09 14:13:40.018000,2022-06-09 14:15:51.199000,fit,
Training_Data::cycle_2407,93834,2022-06-09 14:25:20.149000,2022-06-09 14:27:31.291000,fit,
Training_Data::cycle_2408,93873,2022-06-09 14:28:18.648000,2022-06-09 14:30:30.163000,fit,
Training_Data::cycle_2409,93912,2022-06-09 14:33:59.110000,2022-06-09 14:36:10.754000,fit,
Training_Data::cycle_2410,93951,2022-06-09 14:37:17.989000,2022-06-09 14:39:29.587000,fit,
Training_Data::cycle_2411,93990,2022-06-09 14:40:15.939000,2022-06-09 14:42:27.863000,fit,
Training_Data::cycle_2412,94029,2022-06-09 14:43:22.904000,2022-06-09 14:45:34.654000,fit,
Training_Data::cycle_2413,94068,2022-06-09 14:48:12.923000,2022-06-09 14:50:25.347000,fit,
Training_Data::cycle_2414,94107,2022-06-09 14:51:12.425000,2022-06-09 14:53:23.997000,fit,
Training_Data::cycle_2415,94146,2022-06-09 15:09:44.128000,2022-06-09 15:11:54.939000,fit,
Training_Data::cycle_2416,94185,2022-06-09 15:15:34.604000,2022-06-09 15:17:46.748000,fit,
Training_Data::cycle_2417,94224,2022-06-09 15:26:59.523000,2022-06-09 15:29:10.366000,fit,
Training_Data::cycle_2418,94263,2022-06-09 15:58:07.212000,2022-06-09 16:00:18.364000,fit,
Training_Data::cycle_2419,94302,2022-06-09 16:02:27.927000,2022-06-09 16:04:42.935000,fit,
Training_Data::cycle_2420,94341,2022-06-09 16:06:14.592000,2022-06-09 16:08:26.280000,fit,
Training_Data::cycle_2421,94380,2022-06-09 16:20:16.769000,2022-06-09 16:22:28.513000,fit,
Training_Data::cycle_2422,94419,2022-06-09 16:23:30.627000,2022-06-09 16:25:42.222000,fit,
Training_Data::cycle_2423,94458,2022-06-09 16:27:07.272000,2022-06-09 16:29:18.105000,fit,
Training_Data::cycle_2424,94497,2022-06-09 16:30:36.870000,2022-06-09 16:32:48.203000,fit,
Training_Data::cycle_2425,94536,2022-06-09 16:33:34.577000,2022-06-09 16:35:45.244000,fit,
Training_Data::cycle_2426,94575,2022-06-09 16:36:31.594000,2022-06-09 16:38:42.608000,fit,
Training_Data::cycle_2427,94614,2022-06-09 16:46:55.559000,2022-06-09 16:49:07.773000,fit,
Training_Data::cycle_2428,94653,2022-06-09 16:51:09.263000,2022-06-09 16:53:20.652000,fit,
Training_Data::cycle_2429,94692,2022-06-09 16:54:08.713000,2022-06-09 16:56:20.204000,fit,
Training_Data::cycle_2430,94731,2022-06-10 09:08:05.345000,2022-06-10 09:10:16.818000,fit,
Training_Data::cycle_2431,94770,2022-06-10 09:11:03.651000,2022-06-10 09:13:14.796000,fit,
Training_Data::cycle_2432,94809,2022-06-10 09:14:14.241000,2022-06-10 09:16:25.106000,fit,
Training_Data::cycle_2433,94848,2022-06-10 09:18:03.253000,2022-06-10 09:20:14.491000,fit,
Training_Data::cycle_2434,94887,2022-06-10 09:25:28.152000,2022-06-10 09:27:39.872000,fit,
Training_Data::cycle_2435,94926,2022-06-10 09:32:31.840000,2022-06-10 09:34:43.135000,fit,
Training_Data::cycle_2436,94965,2022-06-10 09:36:58.986000,2022-06-10 09:39:10.808000,fit,
Training_Data::cycle_2437,95004,2022-06-10 09:39:57.539000,2022-06-10 09:42:08.980000,fit,
Training_Data::cycle_2438,95043,2022-06-10 09:42:55.853000,2022-06-10 09:45:07.082000,calibration,
Training_Data::cycle_2439,95082,2022-06-10 09:46:41.442000,2022-06-10 09:48:52.508000,calibration,
Training_Data::cycle_2440,95121,2022-06-10 09:50:51.727000,2022-06-10 09:53:03.477000,calibration,
Training_Data::cycle_2441,95160,2022-06-10 09:53:50.649000,2022-06-10 09:56:02.790000,calibration,
Training_Data::cycle_2442,95199,2022-06-10 09:56:54.745000,2022-06-10 09:59:05.904000,calibration,
Training_Data::cycle_2443,95238,2022-06-10 10:03:05.317000,2022-06-10 10:05:16.959000,calibration,
Training_Data::cycle_2444,95277,2022-06-10 10:13:37.649000,2022-06-10 10:15:49.371000,calibration,
Training_Data::cycle_2445,95316,2022-06-10 10:26:31.712000,2022-06-10 10:28:43.269000,calibration,
Training_Data::cycle_2446,95355,2022-06-10 10:53:23.342000,2022-06-10 10:55:35.674000,calibration,
Training_Data::cycle_2447,95394,2022-06-10 10:56:23.121000,2022-06-10 10:58:34.430000,calibration,
Training_Data::cycle_2448,95433,2022-06-10 11:02:49.905000,2022-06-10 11:05:00.742000,calibration,
Training_Data::cycle_2449,95472,2022-06-10 11:13:33.889000,2022-06-10 11:15:45.435000,calibration,
Training_Data::cycle_2450,95511,2022-06-10 11:17:33.069000,2022-06-10 11:19:44.351000,calibration,
Training_Data::cycle_2451,95550,2022-06-10 11:23:37.869000,2022-06-10 11:25:49.662000,calibration,
Training_Data::cycle_2452,95589,2022-06-10 11:29:02.022000,2022-06-10 11:31:13.032000,calibration,
Training_Data::cycle_2453,95628,2022-06-10 11:33:56.697000,2022-06-10 11:36:08.654000,calibration,
Training_Data::cycle_2454,95667,2022-06-10 11:38:55.804000,2022-06-10 11:41:07.753000,calibration,
Training_Data::cycle_2455,95706,2022-06-10 11:43:29.907000,2022-06-10 11:45:41.837000,calibration,
Training_Data::cycle_2456,95745,2022-06-10 11:48:01.693000,2022-06-10 11:50:13.828000,calibration,
Training_Data::cycle_2457,95784,2022-06-10 11:52:52.324000,2022-06-10 11:55:03.829000,calibration,
Training_Data::cycle_2458,95823,2022-06-10 11:55:50.614000,2022-06-10 11:58:02.437000,calibration,
Training_Data::cycle_2459,95862,2022-06-10 11:58:50,2022-06-10 12:01:01.928000,calibration,
Training_Data::cycle_2460,95901,2022-06-10 13:06:13.962000,2022-06-10 13:08:25.522000,calibration,
Training_Data::cycle_2461,95940,2022-06-10 13:12:50.819000,2022-06-10 13:15:02.344000,calibration,
Training_Data::cycle_2462,95979,2022-06-10 13:15:49.456000,2022-06-10 13:18:00.819000,calibration,
Training_Data::cycle_2463,96018,2022-06-10 13:18:47.837000,2022-06-10 13:20:59.330000,calibration,
Training_Data::cycle_2464,96057,2022-06-10 13:21:45.662000,2022-06-10 13:23:57.302000,calibration,
Training_Data::cycle_2465,96096,2022-06-10 13:25:33.559000,2022-06-10 13:27:44.808000,calibration,
Training_Data::cycle_2466,96135,2022-06-10 13:37:51.780000,2022-06-10 13:40:03.205000,calibration,
Training_Data::cycle_2467,96174,2022-06-10 13:41:42.152000,2022-06-10 13:43:53.819000,calibration,
Training_Data::cycle_2468,96213,2022-06-10 13:44:40.546000,2022-06-10 13:46:51.889000,calibration,
Training_Data::cycle_2469,96252,2022-06-10 13:51:58.968000,2022-06-10 13:54:10.421000,calibration,
Training_Data::cycle_2470,96291,2022-06-10 13:54:57.090000,2022-06-10 13:57:08.617000,calibration,
Training_Data::cycle_2471,96330,2022-06-10 13:58:18.839000,2022-06-10 14:00:30.018000,calibration,
Training_Data::cycle_2472,96369,2022-06-10 14:05:09.045000,2022-06-10 14:07:19.594000,calibration,
Training_Data::cycle_2473,96408,2022-06-10 14:09:27.646000,2022-06-10 14:11:39.583000,calibration,
Training_Data::cycle_2474,96447,2022-06-10 14:18:04.756000,2022-06-10 14:20:16.189000,calibration,
Training_Data::cycle_2475,96486,2022-06-10 14:31:11.511000,2022-06-10 14:33:22.551000,calibration,
Training_Data::cycle_2476,96525,2022-06-10 14:34:09.434000,2022-06-10 14:36:21.332000,calibration,
Training_Data::cycle_2477,96564,2022-06-10 14:37:07.556000,2022-06-10 14:39:19.194000,calibration,
Training_Data::cycle_2478,96603,2022-06-10 14:41:28.120000,2022-06-10 14:43:39.584000,calibration,
Training_Data::cycle_2479,96642,2022-06-10 14:56:35.617000,2022-06-10 14:58:46.990000,calibration,
Training_Data::cycle_2480,96681,2022-06-10 15:08:58.322000,2022-06-10 15:11:09.561000,calibration,
Training_Data::cycle_2481,96720,2022-06-10 15:12:28.921000,2022-06-10 15:14:40.416000,calibration,
Training_Data::cycle_2482,96759,2022-06-10 15:21:59.016000,2022-06-10 15:24:10.670000,calibration,
Training_Data::cycle_2483,96798,2022-06-10 15:26:18.414000,2022-06-10 15:28:29.181000,calibration,
Training_Data::cycle_2484,96837,2022-06-10 15:47:42.611000,2022-06-10 15:49:53.644000,calibration,
Training_Data::cycle_2485,96876,2022-06-10 15:51:38.718000,2022-06-10 15:53:49.949000,calibration,
Training_Data::cycle_2486,96915,2022-06-10 16:03:34.226000,2022-06-10 16:05:45.866000,calibration,
Training_Data::cycle_2487,96954,2022-06-10 16:10:11.139000,2022-06-10 16:12:22.474000,calibration,
Training_Data::cycle_2488,96993,2022-06-10 16:21:53.733000,2022-06-10 16:24:04.937000,calibration,
Training_Data::cycle_2489,97032,2022-06-10 16:34:51.613000,2022-06-10 16:37:03.151000,calibration,
Training_Data::cycle_2490,97071,2022-06-13 09:04:34.413000,2022-06-13 09:06:46.179000,calibration,
Training_Data::cycle_2491,97110,2022-06-13 09:08:36.433000,2022-06-13 09:10:48.163000,calibration,
Training_Data::cycle_2492,97149,2022-06-13 09:24:45.918000,2022-06-13 09:26:57.867000,calibration,
Training_Data::cycle_2493,97188,2022-06-13 09:27:44.223000,2022-06-13 09:29:56.159000,calibration,
Training_Data::cycle_2494,97227,2022-06-13 09:32:59.758000,2022-06-13 09:35:11.945000,calibration,
Training_Data::cycle_2495,97266,2022-06-13 09:46:51.621000,2022-06-13 09:49:03.746000,calibration,
Training_Data::cycle_2496,97305,2022-06-13 09:49:51.588000,2022-06-13 09:52:04.331000,calibration,
Training_Data::cycle_2497,97344,2022-06-13 09:54:51.227000,2022-06-13 09:57:02.453000,calibration,
Training_Data::cycle_2498,97383,2022-06-13 09:58:23.313000,2022-06-13 10:00:35.043000,calibration,
Training_Data::cycle_2499,97422,2022-06-13 10:02:59.616000,2022-06-13 10:05:11.241000,calibration,
Training_Data::cycle_2500,97461,2022-06-13 10:07:33.449000,2022-06-13 10:09:45.137000,calibration,
Training_Data::cycle_2501,97500,2022-06-13 10:11:22.514000,2022-06-13 10:13:34.051000,calibration,
Training_Data::cycle_2502,97539,2022-06-13 10:17:57.607000,2022-06-13 10:20:09.648000,calibration,
Training_Data::cycle_2503,97578,2022-06-13 10:20:56.684000,2022-06-13 10:23:08.145000,calibration,
Training_Data::cycle_2504,97617,2022-06-13 10:25:12.921000,2022-06-13 10:27:24.460000,calibration,
Training_Data::cycle_2505,97656,2022-06-13 10:28:11.089000,2022-06-13 10:30:22.452000,calibration,
Training_Data::cycle_2506,97695,2022-06-13 10:49:07.376000,2022-06-13 10:51:19.118000,calibration,
Training_Data::cycle_2507,97734,2022-06-13 10:52:37.790000,2022-06-13 10:54:49.320000,calibration,
Training_Data::cycle_2508,97773,2022-06-13 10:57:17.512000,2022-06-13 10:59:28.921000,calibration,
Training_Data::cycle_2509,97812,2022-06-13 11:00:32.679000,2022-06-13 11:02:44.650000,calibration,
Training_Data::cycle_2510,97851,2022-06-13 11:11:07.568000,2022-06-13 11:13:19.318000,calibration,
Training_Data::cycle_2511,97890,2022-06-13 11:22:11.372000,2022-06-13 11:24:22.496000,calibration,
Training_Data::cycle_2512,97929,2022-06-13 11:40:35.749000,2022-06-13 11:42:47.609000,calibration,
Training_Data::cycle_2513,97968,2022-06-13 11:47:56.276000,2022-06-13 11:50:08.193000,calibration,
Training_Data::cycle_2514,98007,2022-06-13 12:59:12.546000,2022-06-13 13:01:24.208000,calibration,
Training_Data::cycle_2515,98046,2022-06-13 13:21:43.740000,2022-06-13 13:23:55.777000,calibration,
Training_Data::cycle_2516,98085,2022-06-13 13:31:04.062000,2022-06-13 13:33:15.864000,calibration,
Training_Data::cycle_2517,98124,2022-06-13 13:49:36.547000,2022-06-13 13:51:48.239000,calibration,
Training_Data::cycle_2518,98163,2022-06-13 13:54:47.245000,2022-06-13 13:56:58.989000,calibration,
Training_Data::cycle_2519,98202,2022-06-13 14:07:53.053000,2022-06-13 14:10:04.246000,calibration,
Training_Data::cycle_2520,98241,2022-06-13 14:17:55.326000,2022-06-13 14:20:07.457000,calibration,
Training_Data::cycle_2521,98280,2022-06-13 14:24:06.408000,2022-06-13 14:26:18.573000,calibration,
Training_Data::cycle_2522,98319,2022-06-13 14:35:35.712000,2022-06-13 14:37:47.649000,calibration,
Training_Data::cycle_2523,98358,2022-06-13 14:46:45.536000,2022-06-13 14:48:56.729000,calibration,
Training_Data::cycle_2524,98397,2022-06-13 16:02:39.574000,2022-06-13 16:04:51.236000,calibration,
Training_Data::cycle_2525,98436,2022-06-13 16:05:38.207000,2022-06-13 16:07:49.219000,calibration,
Training_Data::cycle_2526,98475,2022-06-13 16:10:32.792000,2022-06-13 16:12:44.524000,calibration,
Training_Data::cycle_2527,98514,2022-06-13 16:14:00.989000,2022-06-13 16:16:12.328000,calibration,
Training_Data::cycle_2528,98553,2022-06-13 16:25:06.293000,2022-06-13 16:27:17.993000,calibration,
Training_Data::cycle_2529,98592,2022-06-13 16:35:05.368000,2022-06-13 16:37:16.901000,calibration,
Training_Data::cycle_2530,98631,2022-06-14 09:02:36.755000,2022-06-14 09:04:48.371000,calibration,
Training_Data::cycle_2531,98670,2022-06-14 09:16:46.983000,2022-06-14 09:18:58.328000,calibration,
Training_Data::cycle_2532,98709,2022-06-14 09:27:00.954000,2022-06-14 09:29:12.373000,calibration,
Training_Data::cycle_2533,98748,2022-06-14 09:29:58.661000,2022-06-14 09:32:09.972000,calibration,
Training_Data::cycle_2534,98787,2022-06-14 09:32:56.747000,2022-06-14 09:35:08.276000,calibration,
Training_Data::cycle_2535,98826,2022-06-14 09:35:55.161000,2022-06-14 09:38:07.236000,calibration,
Training_Data::cycle_2536,98865,2022-06-14 09:43:32.459000,2022-06-14 09:45:43.997000,calibration,
Training_Data::cycle_2537,98904,2022-06-14 09:46:40.747000,2022-06-14 09:48:52.882000,calibration,
Training_Data::cycle_2538,98943,2022-06-14 10:01:57.434000,2022-06-14 10:04:09.184000,calibration,
Training_Data::cycle_2539,98982,2022-06-14 10:05:28.242000,2022-06-14 10:07:39.691000,calibration,
Training_Data::cycle_2540,99021,2022-06-14 10:26:16.349000,2022-06-14 10:28:27.762000,calibration,
Training_Data::cycle_2541,99060,2022-06-14 10:54:18.041000,2022-06-14 10:56:29.871000,calibration,
Training_Data::cycle_2542,99099,2022-06-14 10:57:35.035000,2022-06-14 10:59:46.870000,calibration,
Training_Data::cycle_2543,99138,2022-06-14 11:02:57.828000,2022-06-14 11:05:08.938000,calibration,
Training_Data::cycle_2544,99177,2022-06-14 11:06:35.171000,2022-06-14 11:08:45.894000,calibration,
Training_Data::cycle_2545,99216,2022-06-14 11:15:37.339000,2022-06-14 11:17:49.569000,calibration,
Training_Data::cycle_2546,99255,2022-06-14 11:25:36.106000,2022-06-14 11:27:47.451000,calibration,
Training_Data::cycle_2547,99294,2022-06-14 11:28:34.711000,2022-06-14 11:30:46.497000,calibration,
Training_Data::cycle_2548,99333,2022-06-14 11:31:57.402000,2022-06-14 11:34:09.153000,calibration,
Training_Data::cycle_2549,99372,2022-06-14 11:35:21.301000,2022-06-14 11:37:32.552000,calibration,
Training_Data::cycle_2550,99411,2022-06-14 11:38:59.936000,2022-06-14 11:41:10.872000,calibration,
Training_Data::cycle_2551,99450,2022-06-14 11:41:57.300000,2022-06-14 11:44:09.262000,calibration,
Training_Data::cycle_2552,99489,2022-06-14 11:48:48.330000,2022-06-14 11:51:00.158000,calibration,
Training_Data::cycle_2553,99528,2022-06-14 11:53:10.529000,2022-06-14 11:55:22.568000,calibration,
Training_Data::cycle_2554,99567,2022-06-14 13:06:23.687000,2022-06-14 13:08:34.911000,calibration,
Training_Data::cycle_2555,99606,2022-06-14 13:09:21.438000,2022-06-14 13:11:32.720000,calibration,
Training_Data::cycle_2556,99645,2022-06-14 13:18:01.084000,2022-06-14 13:20:12.999000,calibration,
Training_Data::cycle_2557,99684,2022-06-14 13:21:21.897000,2022-06-14 13:23:33.992000,calibration,
Training_Data::cycle_2558,99723,2022-06-14 13:25:13.768000,2022-06-14 13:27:24.692000,calibration,
Training_Data::cycle_2559,99762,2022-06-14 13:30:27.445000,2022-06-14 13:32:39.229000,calibration,
Training_Data::cycle_2560,99801,2022-06-14 13:33:25.567000,2022-06-14 13:35:37.780000,calibration,
Training_Data::cycle_2561,99840,2022-06-14 13:36:24.567000,2022-06-14 13:38:36.189000,calibration,
Training_Data::cycle_2562,99879,2022-06-14 13:42:45.084000,2022-06-14 13:44:57.024000,calibration,
Training_Data::cycle_2563,99918,2022-06-14 13:45:43.785000,2022-06-14 13:47:55.209000,calibration,
Training_Data::cycle_2564,99957,2022-06-14 13:55:59.172000,2022-06-14 13:58:11.116000,calibration,
Training_Data::cycle_2565,99996,2022-06-14 13:58:57.466000,2022-06-14 14:01:09.230000,calibration,
Training_Data::cycle_2566,100035,2022-06-14 14:05:37.786000,2022-06-14 14:07:49.390000,calibration,
Training_Data::cycle_2567,100074,2022-06-14 14:18:33.575000,2022-06-14 14:20:45.187000,calibration,
Training_Data::cycle_2568,100113,2022-06-14 14:21:32.377000,2022-06-14 14:23:43.925000,calibration,
Training_Data::cycle_2569,100152,2022-06-14 14:25:45.147000,2022-06-14 14:27:56.608000,calibration,
Training_Data::cycle_2570,100191,2022-06-14 14:30:19.287000,2022-06-14 14:32:30.694000,calibration,
Training_Data::cycle_2571,100230,2022-06-14 14:34:35.379000,2022-06-14 14:36:47.292000,calibration,
Training_Data::cycle_2572,100269,2022-06-14 14:37:34.249000,2022-06-14 14:39:45.899000,calibration,
Training_Data::cycle_2573,100308,2022-06-14 14:40:32.851000,2022-06-14 14:42:43.999000,calibration,
Training_Data::cycle_2574,100347,2022-06-14 14:53:32.430000,2022-06-14 14:55:43.899000,calibration,
Training_Data::cycle_2575,100386,2022-06-14 14:56:30.446000,2022-06-14 14:58:41.793000,calibration,
Training_Data::cycle_2576,100425,2022-06-14 14:59:28.754000,2022-06-14 15:01:40.300000,calibration,
Training_Data::cycle_2577,100464,2022-06-14 15:02:27.337000,2022-06-14 15:04:38.925000,calibration,
Training_Data::cycle_2578,100503,2022-06-14 15:05:56.131000,2022-06-14 15:08:07.490000,calibration,
Training_Data::cycle_2579,100542,2022-06-14 15:08:53.949000,2022-06-14 15:11:05.771000,calibration,
Training_Data::cycle_2580,100581,2022-06-14 15:13:13.450000,2022-06-14 15:15:25.072000,calibration,
Training_Data::cycle_2581,100620,2022-06-14 15:16:11.716000,2022-06-14 15:18:22.755000,calibration,
Training_Data::cycle_2582,100659,2022-06-14 15:20:24.159000,2022-06-14 15:22:35.679000,calibration,
Training_Data::cycle_2583,100698,2022-06-14 15:24:20.029000,2022-06-14 15:26:31.501000,calibration,
Training_Data::cycle_2584,100737,2022-06-14 15:52:07.614000,2022-06-14 15:54:19.352000,calibration,
Training_Data::cycle_2585,100776,2022-06-14 16:03:08.133000,2022-06-14 16:05:19.466000,calibration,
Training_Data::cycle_2586,100815,2022-06-14 16:20:15.125000,2022-06-14 16:22:26.935000,calibration,
Training_Data::cycle_2587,100854,2022-06-14 16:32:24.693000,2022-06-14 16:34:35.857000,calibration,
Training_Data::cycle_2588,100893,2022-06-14 16:45:49.826000,2022-06-14 16:48:01.244000,calibration,
Training_Data::cycle_2589,100932,2022-06-14 17:32:22.886000,2022-06-14 17:34:34.719000,calibration,
Training_Data::cycle_2590,100971,2022-06-15 09:10:46.236000,2022-06-15 09:12:57.484000,calibration,
Training_Data::cycle_2591,101010,2022-06-15 09:13:44.269000,2022-06-15 09:15:56.072000,calibration,
Training_Data::cycle_2592,101049,2022-06-15 09:16:43.825000,2022-06-15 09:18:55.383000,calibration,
Training_Data::cycle_2593,101088,2022-06-15 09:19:41.929000,2022-06-15 09:21:53.467000,calibration,
Training_Data::cycle_2594,101127,2022-06-15 09:30:31.048000,2022-06-15 09:32:42.680000,calibration,
Training_Data::cycle_2595,101166,2022-06-15 10:01:39.455000,2022-06-15 10:03:51.161000,calibration,
Training_Data::cycle_2596,101205,2022-06-15 10:18:56.328000,2022-06-15 10:21:07.659000,calibration,
Training_Data::cycle_2597,101244,2022-06-15 10:21:59.982000,2022-06-15 10:24:11.791000,calibration,
Training_Data::cycle_2598,101283,2022-06-15 10:52:27.097000,2022-06-15 10:54:38.262000,calibration,
Training_Data::cycle_2599,101322,2022-06-15 10:57:31.009000,2022-06-15 10:59:42.480000,calibration,
Training_Data::cycle_2600,101361,2022-06-15 11:05:37.515000,2022-06-15 11:07:48.622000,calibration,
Training_Data::cycle_2601,101400,2022-06-15 11:12:13.503000,2022-06-15 11:14:25.227000,calibration,
Training_Data::cycle_2602,101439,2022-06-15 11:15:12.099000,2022-06-15 11:17:23.839000,calibration,
Training_Data::cycle_2603,101478,2022-06-15 11:21:03.674000,2022-06-15 11:23:14.604000,calibration,
Training_Data::cycle_2604,101517,2022-06-15 11:29:46.281000,2022-06-15 11:31:57.600000,calibration,
Training_Data::cycle_2605,101556,2022-06-15 11:32:44.485000,2022-06-15 11:34:55.986000,calibration,
Training_Data::cycle_2606,101595,2022-06-15 11:35:42.591000,2022-06-15 11:37:54.710000,calibration,
Training_Data::cycle_2607,101634,2022-06-15 11:42:11.899000,2022-06-15 11:44:23.738000,calibration,
Training_Data::cycle_2608,101673,2022-06-15 11:45:10.685000,2022-06-15 11:47:21.898000,calibration,
Training_Data::cycle_2609,101712,2022-06-15 13:03:46.459000,2022-06-15 13:05:57.786000,calibration,
Training_Data::cycle_2610,101751,2022-06-15 13:16:01.086000,2022-06-15 13:18:12.975000,calibration,
Training_Data::cycle_2611,101790,2022-06-15 13:19:00.020000,2022-06-15 13:21:12.163000,calibration,
Training_Data::cycle_2612,101829,2022-06-15 13:29:59.152000,2022-06-15 13:32:10.565000,calibration,
Training_Data::cycle_2613,101868,2022-06-15 13:32:56.748000,2022-06-15 13:35:07.873000,calibration,
Training_Data::cycle_2614,101907,2022-06-15 13:35:55.356000,2022-06-15 13:38:06.356000,calibration,
Training_Data::cycle_2615,101946,2022-06-15 13:38:53.839000,2022-06-15 13:41:05.512000,calibration,
Training_Data::cycle_2616,101985,2022-06-15 13:50:18.250000,2022-06-15 13:52:30.018000,calibration,
Training_Data::cycle_2617,102024,2022-06-15 13:53:17.035000,2022-06-15 13:55:29.046000,calibration,
Training_Data::cycle_2618,102063,2022-06-15 13:56:15.326000,2022-06-15 13:58:27.585000,calibration,
Training_Data::cycle_2619,102102,2022-06-15 13:59:14.438000,2022-06-15 14:01:26.277000,calibration,
Training_Data::cycle_2620,102141,2022-06-15 14:10:49.552000,2022-06-15 14:13:01.103000,calibration,
Training_Data::cycle_2621,102180,2022-06-15 14:19:19.220000,2022-06-15 14:21:30.649000,calibration,
Training_Data::cycle_2622,102219,2022-06-15 14:22:17.530000,2022-06-15 14:24:29.074000,calibration,
Training_Data::cycle_2623,102258,2022-06-15 14:25:16.009000,2022-06-15 14:27:27.358000,calibration,
Training_Data::cycle_2624,102297,2022-06-15 14:36:14.325000,2022-06-15 14:38:25.668000,calibration,
Training_Data::cycle_2625,102336,2022-06-15 14:47:11.790000,2022-06-15 14:49:23.732000,calibration,
Training_Data::cycle_2626,102375,2022-06-15 15:06:23.233000,2022-06-15 15:08:35.177000,calibration,
Training_Data::cycle_2627,102414,2022-06-15 15:47:44.357000,2022-06-15 15:49:55.714000,calibration,
Training_Data::cycle_2628,102453,2022-06-15 16:14:26.087000,2022-06-15 16:16:37.851000,calibration,
Training_Data::cycle_2629,102492,2022-06-16 09:07:01.569000,2022-06-16 09:09:12.938000,calibration,
Training_Data::cycle_2630,102531,2022-06-16 09:10:08.916000,2022-06-16 09:12:20.257000,calibration,
Training_Data::cycle_2631,102570,2022-06-16 09:18:11.507000,2022-06-16 09:20:22.076000,calibration,
Training_Data::cycle_2632,102609,2022-06-16 09:21:08.242000,2022-06-16 09:23:19.940000,calibration,
Training_Data::cycle_2633,102648,2022-06-16 09:24:06.799000,2022-06-16 09:26:18.049000,calibration,
Training_Data::cycle_2634,102687,2022-06-16 09:34:18.818000,2022-06-16 09:36:30.239000,calibration,
Training_Data::cycle_2635,102726,2022-06-16 09:37:16.916000,2022-06-16 09:39:27.934000,calibration,
Training_Data::cycle_2636,102765,2022-06-16 09:45:47.799000,2022-06-16 09:47:58.721000,calibration,
Training_Data::cycle_2637,102804,2022-06-16 09:48:51.785000,2022-06-16 09:51:02.673000,calibration,
Training_Data::cycle_2638,102843,2022-06-16 10:01:19.664000,2022-06-16 10:03:30.553000,calibration,
Training_Data::cycle_2639,102882,2022-06-16 10:14:26.887000,2022-06-16 10:16:38.493000,calibration,
Training_Data::cycle_2640,102921,2022-06-16 11:04:12.748000,2022-06-16 11:06:24.480000,calibration,
Training_Data::cycle_2641,102960,2022-06-16 11:21:16.538000,2022-06-16 11:23:27.743000,calibration,
Training_Data::cycle_2642,102999,2022-06-16 11:35:12.610000,2022-06-16 11:37:24.071000,calibration,
Training_Data::cycle_2643,103038,2022-06-16 11:54:39.105000,2022-06-16 11:56:50.564000,calibration,
Training_Data::cycle_2644,103077,2022-06-16 13:17:18.469000,2022-06-16 13:19:29.529000,calibration,
Training_Data::cycle_2645,103116,2022-06-16 13:27:21.012000,2022-06-16 13:29:32.795000,calibration,
Training_Data::cycle_2646,103155,2022-06-16 13:34:46.333000,2022-06-16 13:36:58.220000,calibration,
Training_Data::cycle_2647,103194,2022-06-16 13:37:45.938000,2022-06-16 13:39:57.416000,calibration,
Training_Data::cycle_2648,103233,2022-06-16 13:50:45.450000,2022-06-16 13:52:56.902000,calibration,
Training_Data::cycle_2649,103272,2022-06-16 13:58:01.459000,2022-06-16 14:00:13.007000,calibration,
Training_Data::cycle_2650,103311,2022-06-16 14:01:14.233000,2022-06-16 14:03:25.497000,calibration,
Training_Data::cycle_2651,103350,2022-06-16 14:08:09.838000,2022-06-16 14:10:21.262000,calibration,
Training_Data::cycle_2652,103389,2022-06-16 14:18:10.830000,2022-06-16 14:20:22.362000,calibration,
Training_Data::cycle_2653,103428,2022-06-16 14:21:08.930000,2022-06-16 14:23:20.032000,calibration,
Training_Data::cycle_2654,103467,2022-06-16 14:29:23.625000,2022-06-16 14:31:34.735000,calibration,
Training_Data::cycle_2655,103506,2022-06-16 14:32:21.320000,2022-06-16 14:34:32.670000,calibration,
Training_Data::cycle_2656,103545,2022-06-16 15:21:31.211000,2022-06-16 15:23:41.883000,calibration,
Training_Data::cycle_2657,103584,2022-06-16 15:56:04.487000,2022-06-16 15:58:15.712000,calibration,
Training_Data::cycle_2658,103623,2022-06-16 16:00:00.476000,2022-06-16 16:02:12.058000,calibration,
Training_Data::cycle_2659,103662,2022-06-17 09:06:30.859000,2022-06-17 09:08:41.888000,calibration,
Training_Data::cycle_2660,103701,2022-06-17 09:14:38.233000,2022-06-17 09:16:49.481000,calibration,
Training_Data::cycle_2661,103740,2022-06-17 09:35:54.590000,2022-06-17 09:38:05.360000,calibration,
Training_Data::cycle_2662,103779,2022-06-17 09:52:56.066000,2022-06-17 09:55:07.674000,calibration,
Training_Data::cycle_2663,103818,2022-06-17 10:13:03.517000,2022-06-17 10:15:14.441000,calibration,
Training_Data::cycle_2664,103857,2022-06-17 10:16:04.077000,2022-06-17 10:18:14.442000,calibration,
Training_Data::cycle_2665,103896,2022-06-17 10:20:09,2022-06-17 10:22:20.550000,calibration,
Training_Data::cycle_2666,103935,2022-06-17 10:23:07.268000,2022-06-17 10:25:18.131000,calibration,
Training_Data::cycle_2667,103974,2022-06-17 10:26:04.283000,2022-06-17 10:28:15.205000,calibration,
Training_Data::cycle_2668,104013,2022-06-17 10:29:01.479000,2022-06-17 10:31:12.503000,calibration,
Training_Data::cycle_2669,104052,2022-06-17 10:52:54.151000,2022-06-17 10:55:04.997000,calibration,
Training_Data::cycle_2670,104091,2022-06-17 10:55:51.171000,2022-06-17 10:58:02.233000,calibration,
Training_Data::cycle_2671,104130,2022-06-17 11:00:24.386000,2022-06-17 11:02:35.314000,calibration,
Training_Data::cycle_2672,104169,2022-06-17 11:07:59.063000,2022-06-17 11:10:10.497000,calibration,
Training_Data::cycle_2673,104208,2022-06-17 11:24:29.453000,2022-06-17 11:26:39.787000,calibration,
Training_Data::cycle_2674,104247,2022-06-17 11:27:26.541000,2022-06-17 11:29:37.862000,calibration,
Training_Data::cycle_2675,104286,2022-06-17 11:35:56.459000,2022-06-17 11:38:07.611000,calibration,
Training_Data::cycle_2676,104325,2022-06-17 11:56:46.734000,2022-06-17 11:58:57.378000,calibration,
Training_Data::cycle_2677,104364,2022-06-17 13:08:12.088000,2022-06-17 13:10:22.746000,calibration,
Training_Data::cycle_2678,104403,2022-06-17 13:12:38.148000,2022-06-17 13:14:49.169000,calibration,
Training_Data::cycle_2679,104442,2022-06-17 13:23:43.994000,2022-06-17 13:25:55.730000,calibration,
Training_Data::cycle_2680,104481,2022-06-17 13:28:25.167000,2022-06-17 13:30:36.237000,calibration,
Training_Data::cycle_2681,104520,2022-06-17 13:39:58.588000,2022-06-17 13:42:09.911000,calibration,
Training_Data::cycle_2682,104559,2022-06-17 13:42:57.077000,2022-06-17 13:45:07.815000,calibration,
Training_Data::cycle_2683,104598,2022-06-17 13:59:32.635000,2022-06-17 14:01:43.401000,calibration,
Training_Data::cycle_2684,104637,2022-06-17 14:07:27.936000,2022-06-17 14:09:38.422000,calibration,
Training_Data::cycle_2685,104676,2022-06-17 14:16:01.241000,2022-06-17 14:18:11.962000,calibration,
Training_Data::cycle_2686,104715,2022-06-17 14:18:58.278000,2022-06-17 14:21:09.594000,calibration,
Training_Data::cycle_2687,104754,2022-06-17 14:29:39.645000,2022-06-17 14:31:51.198000,calibration,
Training_Data::cycle_2688,104793,2022-06-17 14:32:37.554000,2022-06-17 14:34:48.406000,calibration,
Training_Data::cycle_2689,104832,2022-06-17 14:39:12.131000,2022-06-17 14:41:23.309000,calibration,
Training_Data::cycle_2690,104871,2022-06-17 14:55:17.751000,2022-06-17 14:57:28.907000,calibration,
Training_Data::cycle_2691,104910,2022-06-17 14:58:15.633000,2022-06-17 15:00:26.858000,calibration,
Training_Data::cycle_2692,104949,2022-06-17 15:12:31.217000,2022-06-17 15:14:42.580000,calibration,
Training_Data::cycle_2693,104988,2022-06-17 15:54:03.215000,2022-06-17 15:56:13.951000,calibration,
Training_Data::cycle_2694,105027,2022-06-17 16:27:13.892000,2022-06-17 16:29:25.444000,calibration,
Training_Data::cycle_2695,105066,2022-06-17 16:43:12.898000,2022-06-17 16:45:24.330000,calibration,
Training_Data::cycle_2696,105105,2022-06-17 16:57:06.838000,2022-06-17 16:59:17.728000,calibration,
Training_Data::cycle_2697,105144,2022-06-17 17:11:15.146000,2022-06-17 17:13:26.328000,calibration,
Training_Data::cycle_2698,105183,2022-06-17 17:25:30.500000,2022-06-17 17:27:41.392000,calibration,
Training_Data::cycle_2699,105222,2022-06-30 13:10:46.503000,2022-06-30 13:12:57.853000,calibration,
Training_Data::cycle_2700,105261,2022-06-30 13:29:28.179000,2022-06-30 13:31:39.710000,calibration,
Training_Data::cycle_2701,105300,2022-06-30 13:52:02.580000,2022-06-30 13:54:14.225000,calibration,
Training_Data::cycle_2702,105339,2022-06-30 13:55:00.685000,2022-06-30 13:57:11.933000,calibration,
Training_Data::cycle_2703,105378,2022-06-30 13:57:58.767000,2022-06-30 14:00:10.126000,calibration,
Training_Data::cycle_2704,105417,2022-06-30 14:08:12.259000,2022-06-30 14:10:23.623000,calibration,
Training_Data::cycle_2705,105456,2022-06-30 14:20:47.463000,2022-06-30 14:22:59.415000,calibration,
Training_Data::cycle_2706,105495,2022-06-30 14:23:48.637000,2022-06-30 14:26:01.003000,calibration,
Training_Data::cycle_2707,105534,2022-06-30 14:32:15.934000,2022-06-30 14:34:28.518000,calibration,
Training_Data::cycle_2708,105573,2022-06-30 14:40:31.259000,2022-06-30 14:42:42.892000,calibration,
Training_Data::cycle_2709,105612,2022-06-30 14:43:29.942000,2022-06-30 14:45:41.218000,calibration,
Training_Data::cycle_2710,105651,2022-06-30 14:49:12.821000,2022-06-30 14:51:24.293000,calibration,
Training_Data::cycle_2711,105690,2022-06-30 14:56:25.928000,2022-06-30 14:58:36.784000,calibration,
Training_Data::cycle_2712,105729,2022-06-30 15:04:08.729000,2022-06-30 15:06:20.595000,calibration,
Training_Data::cycle_2713,105768,2022-06-30 15:07:15.145000,2022-06-30 15:09:29.085000,calibration,
Training_Data::cycle_2714,105807,2022-06-30 15:11:21.336000,2022-06-30 15:13:32.568000,calibration,
Training_Data::cycle_2715,105846,2022-06-30 15:19:22.847000,2022-06-30 15:21:34.091000,calibration,
Training_Data::cycle_2716,105885,2022-06-30 15:22:20.717000,2022-06-30 15:24:31.664000,calibration,
Training_Data::cycle_2717,105924,2022-06-30 15:26:59.224000,2022-06-30 15:29:11.506000,calibration,
Training_Data::cycle_2718,105963,2022-06-30 15:53:50.508000,2022-06-30 15:56:01.966000,calibration,
Training_Data::cycle_2719,106002,2022-06-30 16:00:12.143000,2022-06-30 16:02:23.449000,calibration,
Training_Data::cycle_2720,106041,2022-06-30 16:08:20.512000,2022-06-30 16:10:32.960000,calibration,
Training_Data::cycle_2721,106080,2022-06-30 16:19:07.589000,2022-06-30 16:21:19.942000,calibration,
Training_Data::cycle_2722,106119,2022-06-30 16:22:07.302000,2022-06-30 16:24:19.644000,calibration,
Training_Data::cycle_2723,106158,2022-06-30 16:38:16.900000,2022-06-30 16:40:28.538000,calibration,
Training_Data::cycle_2724,106197,2022-06-30 16:43:25.593000,2022-06-30 16:45:36.625000,calibration,
Training_Data::cycle_2725,106236,2022-06-30 16:50:28.986000,2022-06-30 16:52:40.730000,calibration,
Training_Data::cycle_2726,106275,2022-06-30 17:17:47.700000,2022-06-30 17:19:59.842000,calibration,
Training_Data::cycle_2727,106314,2022-06-20 09:11:29.064000,2022-06-20 09:13:40.303000,calibration,
Training_Data::cycle_2728,106353,2022-06-20 09:20:57.508000,2022-06-20 09:23:08.572000,calibration,
Training_Data::cycle_2729,106392,2022-06-20 09:54:55.200000,2022-06-20 09:57:05.869000,calibration,
Training_Data::cycle_2730,106431,2022-06-20 10:05:07.224000,2022-06-20 10:07:18.656000,calibration,
Training_Data::cycle_2731,106470,2022-06-20 10:19:35.388000,2022-06-20 10:21:47.640000,calibration,
Training_Data::cycle_2732,106509,2022-06-20 10:54:09.867000,2022-06-20 10:56:20.809000,calibration,
Training_Data::cycle_2733,106548,2022-06-20 11:04:31.998000,2022-06-20 11:06:43.539000,calibration,
Training_Data::cycle_2734,106587,2022-06-20 11:12:55.409000,2022-06-20 11:15:06.312000,calibration,
Training_Data::cycle_2735,106626,2022-06-20 11:21:37.929000,2022-06-20 11:23:49.043000,calibration,
Training_Data::cycle_2736,106665,2022-06-20 11:32:11.276000,2022-06-20 11:34:22.602000,calibration,
Training_Data::cycle_2737,106704,2022-06-20 11:44:15.356000,2022-06-20 11:46:26.328000,calibration,
Training_Data::cycle_2738,106743,2022-06-20 11:48:51.075000,2022-06-20 11:51:02.801000,calibration,
Training_Data::cycle_2739,106782,2022-06-20 11:52:50.925000,2022-06-20 11:55:01.741000,calibration,
Training_Data::cycle_2740,106821,2022-06-20 13:07:20.792000,2022-06-20 13:09:31.872000,calibration,
Training_Data::cycle_2741,106860,2022-06-20 13:11:16.962000,2022-06-20 13:13:29.059000,calibration,
Training_Data::cycle_2742,106899,2022-06-20 13:32:35.189000,2022-06-20 13:34:46.934000,calibration,
Training_Data::cycle_2743,106938,2022-06-20 13:35:34.104000,2022-06-20 13:37:45.364000,calibration,
Training_Data::cycle_2744,106977,2022-06-20 13:39:03.318000,2022-06-20 13:41:14.948000,calibration,
Training_Data::cycle_2745,107016,2022-06-20 13:47:32.495000,2022-06-20 13:49:44.148000,calibration,
Training_Data::cycle_2746,107055,2022-06-20 13:50:30.430000,2022-06-20 13:52:41.430000,calibration,
Training_Data::cycle_2747,107094,2022-06-20 13:57:05.409000,2022-06-20 13:59:16.547000,calibration,
Training_Data::cycle_2748,107133,2022-06-20 14:00:03.431000,2022-06-20 14:02:14.451000,calibration,
Training_Data::cycle_2749,107172,2022-06-20 14:07:19.108000,2022-06-20 14:09:30.634000,calibration,
Training_Data::cycle_2750,107211,2022-06-20 14:10:17.075000,2022-06-20 14:12:28.009000,calibration,
Training_Data::cycle_2751,107250,2022-06-20 14:22:52.126000,2022-06-20 14:25:04.021000,calibration,
Training_Data::cycle_2752,107289,2022-06-20 14:26:06.285000,2022-06-20 14:28:18.295000,calibration,
Training_Data::cycle_2753,107328,2022-06-20 14:30:04.353000,2022-06-20 14:32:16.036000,calibration,
Training_Data::cycle_2754,107367,2022-06-20 14:33:53.830000,2022-06-20 14:36:04.826000,calibration,
Training_Data::cycle_2755,107406,2022-06-20 14:42:28.575000,2022-06-20 14:44:39.641000,calibration,
Training_Data::cycle_2756,107445,2022-06-20 14:45:26.876000,2022-06-20 14:47:38.424000,calibration,
Training_Data::cycle_2757,107484,2022-06-20 14:48:25.672000,2022-06-20 14:50:37.226000,calibration,
Training_Data::cycle_2758,107523,2022-06-20 14:55:07.987000,2022-06-20 14:57:19.017000,calibration,
Training_Data::cycle_2759,107562,2022-06-20 14:58:06.191000,2022-06-20 15:00:18.022000,calibration,
Training_Data::cycle_2760,107601,2022-06-20 15:03:06.912000,2022-06-20 15:05:18.096000,calibration,
Training_Data::cycle_2761,107640,2022-06-20 15:07:11.873000,2022-06-20 15:09:23.011000,calibration,
Training_Data::cycle_2762,107679,2022-06-20 15:12:36.055000,2022-06-20 15:14:48.410000,calibration,
Training_Data::cycle_2763,107718,2022-06-20 15:20:11.974000,2022-06-20 15:22:23.311000,calibration,
Training_Data::cycle_2764,107757,2022-06-20 15:23:10.553000,2022-06-20 15:25:22.795000,calibration,
Training_Data::cycle_2765,107796,2022-06-20 15:26:10.443000,2022-06-20 15:28:21.778000,calibration,
Training_Data::cycle_2766,107835,2022-06-20 15:29:09.252000,2022-06-20 15:31:20.494000,calibration,
Training_Data::cycle_2767,107874,2022-06-21 09:06:40.197000,2022-06-21 09:08:51.309000,calibration,
Training_Data::cycle_2768,107913,2022-06-21 09:09:37.969000,2022-06-21 09:11:49.230000,calibration,
Training_Data::cycle_2769,107952,2022-06-21 09:13:04.258000,2022-06-21 09:15:15.114000,calibration,
Training_Data::cycle_2770,107991,2022-06-21 09:16:01.120000,2022-06-21 09:18:11.772000,calibration,
Training_Data::cycle_2771,108030,2022-06-21 09:18:58.755000,2022-06-21 09:21:10.593000,calibration,
Training_Data::cycle_2772,108069,2022-06-21 09:22:59.539000,2022-06-21 09:25:11.213000,calibration,
Training_Data::cycle_2773,108108,2022-06-21 09:32:55.159000,2022-06-21 09:35:06.077000,calibration,
Training_Data::cycle_2774,108147,2022-06-21 09:35:53.105000,2022-06-21 09:38:04.669000,calibration,
Training_Data::cycle_2775,108186,2022-06-21 09:42:43.236000,2022-06-21 09:44:54.960000,calibration,
Training_Data::cycle_2776,108225,2022-06-21 09:45:41.508000,2022-06-21 09:47:53.677000,calibration,
Training_Data::cycle_2777,108264,2022-06-21 09:54:12.638000,2022-06-21 09:56:23.574000,calibration,
Training_Data::cycle_2778,108303,2022-06-21 10:09:29.834000,2022-06-21 10:11:41.558000,calibration,
Training_Data::cycle_2779,108342,2022-06-21 10:27:47.542000,2022-06-21 10:29:58.453000,calibration,
Training_Data::cycle_2780,108381,2022-06-21 10:58:26.575000,2022-06-21 11:00:37.331000,calibration,
Training_Data::cycle_2781,108420,2022-06-21 11:06:41.086000,2022-06-21 11:08:52.336000,calibration,
Training_Data::cycle_2782,108459,2022-06-21 11:30:41.175000,2022-06-21 11:32:52.316000,calibration,
Training_Data::cycle_2783,108498,2022-06-21 13:02:14.514000,2022-06-21 13:04:26.382000,calibration,
Training_Data::cycle_2784,108537,2022-06-21 13:23:22.405000,2022-06-21 13:25:33.277000,calibration,
Training_Data::cycle_2785,108576,2022-06-21 13:33:35.911000,2022-06-21 13:35:47.257000,calibration,
Training_Data::cycle_2786,108615,2022-06-21 13:42:50.390000,2022-06-21 13:45:01.266000,calibration,
Training_Data::cycle_2787,108654,2022-06-21 14:18:56.079000,2022-06-21 14:21:07.529000,calibration,
Training_Data::cycle_2788,108693,2022-06-21 14:31:25.653000,2022-06-21 14:33:38.017000,calibration,
Training_Data::cycle_2789,108732,2022-06-21 14:41:25.048000,2022-06-21 14:43:36.307000,calibration,
Training_Data::cycle_2790,108771,2022-06-21 14:52:23.624000,2022-06-21 14:54:34.712000,calibration,
Training_Data::cycle_2791,108810,2022-06-21 15:13:31.565000,2022-06-21 15:15:42.219000,calibration,
Training_Data::cycle_2792,108849,2022-06-21 15:17:14.037000,2022-06-21 15:19:25.494000,calibration,
Training_Data::cycle_2793,108888,2022-06-21 15:52:29.862000,2022-06-21 15:54:41.081000,calibration,
Training_Data::cycle_2794,108927,2022-06-21 15:55:28.519000,2022-06-21 15:57:39.661000,calibration,
Training_Data::cycle_2795,108966,2022-06-21 16:05:06.650000,2022-06-21 16:07:18.378000,calibration,
Training_Data::cycle_2796,109005,2022-06-21 16:08:04.936000,2022-06-21 16:10:15.657000,calibration,
Training_Data::cycle_2797,109044,2022-06-21 16:11:02.871000,2022-06-21 16:13:14.681000,calibration,
Training_Data::cycle_2798,109083,2022-06-21 16:14:02.081000,2022-06-21 16:16:12.758000,calibration,
Training_Data::cycle_2799,109122,2022-06-21 16:18:28.050000,2022-06-21 16:20:40.468000,calibration,
Training_Data::cycle_2800,109161,2022-06-21 16:21:27.412000,2022-06-21 16:23:39.165000,calibration,
Training_Data::cycle_2801,109200,2022-06-21 16:26:03.051000,2022-06-21 16:28:14.263000,calibration,
Training_Data::cycle_2802,109239,2022-06-21 16:29:01.613000,2022-06-21 16:31:13.276000,calibration,
Training_Data::cycle_2803,109278,2022-06-21 16:33:11.802000,2022-06-21 16:35:22.176000,calibration,
Training_Data::cycle_2804,109317,2022-06-21 16:37:14.417000,2022-06-21 16:39:25.769000,calibration,
Training_Data::cycle_2805,109356,2022-06-21 16:48:13.698000,2022-06-21 16:50:24.764000,calibration,
Training_Data::cycle_2806,109395,2022-06-21 16:51:11.229000,2022-06-21 16:53:22.357000,calibration,
Training_Data::cycle_2807,109434,2022-06-22 09:14:21.365000,2022-06-22 09:16:33.105000,calibration,
Training_Data::cycle_2808,109473,2022-06-22 09:17:20.463000,2022-06-22 09:19:32.315000,calibration,
Training_Data::cycle_2809,109512,2022-06-22 09:21:39.430000,2022-06-22 09:23:50.708000,calibration,
Training_Data::cycle_2810,109551,2022-06-22 09:25:19.152000,2022-06-22 09:27:30.196000,calibration,
Training_Data::cycle_2811,109590,2022-06-22 09:30:53.471000,2022-06-22 09:33:05.081000,calibration,
Training_Data::cycle_2812,109629,2022-06-22 09:34:31.835000,2022-06-22 09:36:42.902000,calibration,
Training_Data::cycle_2813,109668,2022-06-22 09:44:23.245000,2022-06-22 09:46:34.365000,calibration,
Training_Data::cycle_2814,109707,2022-06-22 09:56:40.479000,2022-06-22 09:58:52.279000,calibration,
Training_Data::cycle_2815,109746,2022-06-22 10:05:40.148000,2022-06-22 10:07:50.988000,calibration,
Training_Data::cycle_2816,109785,2022-06-22 10:18:26.826000,2022-06-22 10:20:38.148000,calibration,
Training_Data::cycle_2817,109824,2022-06-22 10:49:32.226000,2022-06-22 10:51:43.256000,calibration,
Training_Data::cycle_2818,109863,2022-06-22 10:54:07.083000,2022-06-22 10:56:18.441000,calibration,
Training_Data::cycle_2819,109902,2022-06-22 11:06:11.094000,2022-06-22 11:08:23.131000,calibration,
Training_Data::cycle_2820,109941,2022-06-22 11:21:32.017000,2022-06-22 11:23:43.113000,calibration,
Training_Data::cycle_2821,109980,2022-06-22 11:25:19.601000,2022-06-22 11:27:30.637000,calibration,
Training_Data::cycle_2822,110019,2022-06-22 11:36:50.315000,2022-06-22 11:39:01.409000,calibration,
Training_Data::cycle_2823,110058,2022-06-22 11:39:47.849000,2022-06-22 11:41:59.629000,calibration,
Training_Data::cycle_2824,110097,2022-06-22 11:42:50.658000,2022-06-22 11:45:02.300000,calibration,
Training_Data::cycle_2825,110136,2022-06-22 11:55:28.967000,2022-06-22 11:57:40.124000,calibration,
Training_Data::cycle_2826,110175,2022-06-22 11:58:26.874000,2022-06-22 12:00:38.314000,calibration,
Training_Data::cycle_2827,110214,2022-06-22 13:01:13.743000,2022-06-22 13:03:25.261000,calibration,
Training_Data::cycle_2828,110253,2022-06-22 13:06:47.689000,2022-06-22 13:08:58.552000,calibration,
Training_Data::cycle_2829,110292,2022-06-22 13:17:04.125000,2022-06-22 13:19:15.557000,calibration,
Training_Data::cycle_2830,110331,2022-06-22 13:20:03.337000,2022-06-22 13:22:14.876000,calibration,
Training_Data::cycle_2831,110370,2022-06-22 13:23:02.692000,2022-06-22 13:25:13.366000,calibration,
Training_Data::cycle_2832,110409,2022-06-22 13:26:00.766000,2022-06-22 13:28:12.186000,calibration,
Training_Data::cycle_2833,110448,2022-06-22 13:28:58.871000,2022-06-22 13:31:09.743000,calibration,
Training_Data::cycle_2834,110487,2022-06-22 13:31:56.611000,2022-06-22 13:34:07.779000,calibration,
Training_Data::cycle_2835,110526,2022-06-22 13:34:55.121000,2022-06-22 13:37:07.242000,calibration,
Training_Data::cycle_2836,110565,2022-06-22 13:37:53.828000,2022-06-22 13:40:04.976000,calibration,
Training_Data::cycle_2837,110604,2022-06-22 13:40:52.322000,2022-06-22 13:43:03.841000,calibration,
Training_Data::cycle_2838,110643,2022-06-22 13:43:51.131000,2022-06-22 13:46:02.831000,calibration,
Training_Data::cycle_2839,110682,2022-06-22 13:46:49.739000,2022-06-22 13:49:00.761000,calibration,
Training_Data::cycle_2840,110721,2022-06-22 13:49:47.400000,2022-06-22 13:51:58.664000,calibration,
Training_Data::cycle_2841,110760,2022-06-22 13:52:45.492000,2022-06-22 13:54:57.544000,calibration,
Training_Data::cycle_2842,110799,2022-06-22 13:55:44.708000,2022-06-22 13:57:56.549000,calibration,
Training_Data::cycle_2843,110838,2022-06-22 13:58:44.689000,2022-06-22 14:00:55.559000,calibration,
Training_Data::cycle_2844,110877,2022-06-22 14:02:41.419000,2022-06-22 14:04:52.810000,calibration,
Training_Data::cycle_2845,110916,2022-06-22 14:06:20.882000,2022-06-22 14:08:31.850000,calibration,
Training_Data::cycle_2846,110955,2022-06-22 14:10:10.314000,2022-06-22 14:12:21.453000,calibration,
Training_Data::cycle_2847,110994,2022-06-22 14:13:40.087000,2022-06-22 14:15:51.639000,calibration,
Training_Data::cycle_2848,111033,2022-06-22 14:24:26.602000,2022-06-22 14:26:37.841000,calibration,
Training_Data::cycle_2849,111072,2022-06-22 14:27:24.991000,2022-06-22 14:29:36.245000,calibration,
Training_Data::cycle_2850,111111,2022-06-22 14:36:45.674000,2022-06-22 14:38:56.398000,calibration,
Training_Data::cycle_2851,111150,2022-06-22 14:39:43.587000,2022-06-22 14:41:55.219000,calibration,
Training_Data::cycle_2852,111189,2022-06-22 15:02:34.070000,2022-06-22 15:04:47.512000,calibration,
Training_Data::cycle_2853,111228,2022-06-22 15:20:24.172000,2022-06-22 15:22:36.121000,calibration,
Training_Data::cycle_2854,111267,2022-06-22 16:08:21.557000,2022-06-22 16:10:32.995000,calibration,
Training_Data::cycle_2855,111306,2022-06-22 16:21:36.435000,2022-06-22 16:23:49.597000,calibration,
Training_Data::cycle_2856,111345,2022-06-22 16:39:21.150000,2022-06-22 16:41:32.398000,calibration,
Training_Data::cycle_2857,111384,2022-06-23 09:25:20.999000,2022-06-23 09:27:32.070000,calibration,
Training_Data::cycle_2858,111423,2022-06-23 09:28:18.776000,2022-06-23 09:30:29.868000,calibration,
Training_Data::cycle_2859,111462,2022-06-23 09:41:17.032000,2022-06-23 09:43:28.894000,calibration,
Training_Data::cycle_2860,111501,2022-06-23 09:49:52.815000,2022-06-23 09:52:03.905000,calibration,
Training_Data::cycle_2861,111540,2022-06-23 10:21:37.631000,2022-06-23 10:23:48.674000,calibration,
Training_Data::cycle_2862,111579,2022-06-23 10:55:57.594000,2022-06-23 10:58:08.347000,calibration,
Training_Data::cycle_2863,111618,2022-06-23 11:05:43.694000,2022-06-23 11:07:54.516000,calibration,
Training_Data::cycle_2864,111657,2022-06-23 11:11:15.532000,2022-06-23 11:13:26.667000,calibration,
Training_Data::cycle_2865,111696,2022-06-23 11:17:27.277000,2022-06-23 11:19:38.650000,calibration,
Training_Data::cycle_2866,111735,2022-06-23 11:43:47.677000,2022-06-23 11:45:58.705000,calibration,
Training_Data::cycle_2867,111774,2022-06-23 11:57:18.539000,2022-06-23 11:59:29.129000,calibration,
Training_Data::cycle_2868,111813,2022-06-23 12:00:16.175000,2022-06-23 12:02:27.426000,calibration,
Training_Data::cycle_2869,111852,2022-06-23 13:16:11.466000,2022-06-23 13:18:22.680000,calibration,
Training_Data::cycle_2870,111891,2022-06-23 13:26:05.264000,2022-06-23 13:28:16.706000,calibration,
Training_Data::cycle_2871,111930,2022-06-23 13:33:50.515000,2022-06-23 13:36:01.965000,calibration,
Training_Data::cycle_2872,111969,2022-06-23 13:44:10.944000,2022-06-23 13:46:22.490000,calibration,
Training_Data::cycle_2873,112008,2022-06-23 13:47:08.999000,2022-06-23 13:49:19.961000,calibration,
Training_Data::cycle_2874,112047,2022-06-23 13:56:36.326000,2022-06-23 13:58:47.446000,calibration,
Training_Data::cycle_2875,112086,2022-06-23 13:59:38.418000,2022-06-23 14:01:49.987000,calibration,
Training_Data::cycle_2876,112125,2022-06-23 14:07:37.923000,2022-06-23 14:09:48.966000,calibration,
Training_Data::cycle_2877,112164,2022-06-23 14:20:25.731000,2022-06-23 14:22:37.232000,calibration,
Training_Data::cycle_2878,112203,2022-06-23 14:25:08.492000,2022-06-23 14:27:20.046000,calibration,
Training_Data::cycle_2879,112242,2022-06-23 14:30:21.415000,2022-06-23 14:32:33.057000,calibration,
Training_Data::cycle_2880,112281,2022-06-23 14:37:17.486000,2022-06-23 14:39:28.754000,calibration,
Training_Data::cycle_2881,112320,2022-06-23 14:48:32.181000,2022-06-23 14:50:44.048000,calibration,
Training_Data::cycle_2882,112359,2022-06-23 14:53:18.016000,2022-06-23 14:55:33.136000,calibration,
Training_Data::cycle_2883,112398,2022-06-23 15:04:01.311000,2022-06-23 15:06:13.156000,calibration,
Training_Data::cycle_2884,112437,2022-06-23 15:07:01.278000,2022-06-23 15:09:14.742000,calibration,
Training_Data::cycle_2885,112476,2022-06-23 15:10:03.450000,2022-06-23 15:12:15.101000,calibration,
Training_Data::cycle_2886,112515,2022-06-23 15:17:38.733000,2022-06-23 15:19:51.090000,calibration,
Training_Data::cycle_2887,112554,2022-06-23 15:26:47.481000,2022-06-23 15:29:01.949000,calibration,
Training_Data::cycle_2888,112593,2022-06-23 15:50:57.530000,2022-06-23 15:53:15.386000,calibration,
Training_Data::cycle_2889,112632,2022-06-23 15:56:25.675000,2022-06-23 15:58:41.615000,calibration,
Training_Data::cycle_2890,112671,2022-06-23 16:06:08.558000,2022-06-23 16:08:47.431000,calibration,
Training_Data::cycle_2891,112710,2022-06-23 16:17:28.046000,2022-06-23 16:19:39.496000,calibration,
Training_Data::cycle_2892,112749,2022-06-23 16:31:59.640000,2022-06-23 16:34:10.706000,calibration,
Training_Data::cycle_2893,112788,2022-06-23 16:35:52.446000,2022-06-23 16:38:03.611000,calibration,
Training_Data::cycle_2894,112827,2022-06-23 16:39:29.631000,2022-06-23 16:41:41.173000,calibration,
Training_Data::cycle_2895,112866,2022-06-23 16:43:31.510000,2022-06-23 16:45:43.084000,calibration,
Training_Data::cycle_2896,112905,2022-06-23 16:50:50.821000,2022-06-23 16:53:01.569000,calibration,
Training_Data::cycle_2897,112944,2022-06-24 09:11:30.228000,2022-06-24 09:13:42.247000,calibration,
Training_Data::cycle_2898,112983,2022-06-24 09:14:28.691000,2022-06-24 09:16:40.181000,calibration,
Training_Data::cycle_2899,113022,2022-06-24 09:21:37.480000,2022-06-24 09:23:49.040000,calibration,
Training_Data::cycle_2900,113061,2022-06-24 09:24:38.608000,2022-06-24 09:26:50.178000,calibration,
Training_Data::cycle_2901,113100,2022-06-24 09:32:51.937000,2022-06-24 09:35:03.828000,calibration,
Training_Data::cycle_2902,113139,2022-06-24 09:47:22.513000,2022-06-24 09:49:33.722000,calibration,
Training_Data::cycle_2903,113178,2022-06-24 10:02:05.787000,2022-06-24 10:04:17.230000,calibration,
Training_Data::cycle_2904,113217,2022-06-24 10:09:54.467000,2022-06-24 10:12:05.845000,calibration,
Training_Data::cycle_2905,113256,2022-06-24 10:23:00.462000,2022-06-24 10:25:11.079000,calibration,
Training_Data::cycle_2906,113295,2022-06-24 10:53:59.261000,2022-06-24 10:56:10.829000,calibration,
Training_Data::cycle_2907,113334,2022-06-24 11:01:00.942000,2022-06-24 11:03:12.198000,calibration,
Training_Data::cycle_2908,113373,2022-06-24 11:16:03.572000,2022-06-24 11:18:14.904000,calibration,
Training_Data::cycle_2909,113412,2022-06-24 11:19:01.124000,2022-06-24 11:21:12.649000,calibration,
Training_Data::cycle_2910,113451,2022-06-24 11:40:10.853000,2022-06-24 11:42:21.958000,calibration,
Training_Data::cycle_2911,113490,2022-06-24 11:50:45.525000,2022-06-24 11:52:56.799000,calibration,
Training_Data::cycle_2912,113529,2022-06-24 13:11:59.666000,2022-06-24 13:14:11.019000,calibration,
Training_Data::cycle_2913,113568,2022-06-24 13:39:45.784000,2022-06-24 13:41:56.803000,calibration,
Training_Data::cycle_2914,113607,2022-06-24 13:42:44.767000,2022-06-24 13:44:56.195000,calibration,
Training_Data::cycle_2915,113646,2022-06-24 13:59:53.647000,2022-06-24 14:02:04.539000,calibration,
Training_Data::cycle_2916,113685,2022-06-24 14:09:10.762000,2022-06-24 14:11:22.511000,calibration,
Training_Data::cycle_2917,113724,2022-06-24 14:31:57.340000,2022-06-24 14:34:08.380000,calibration,
Training_Data::cycle_2918,113763,2022-06-24 14:39:48.923000,2022-06-24 14:42:00.259000,calibration,
Training_Data::cycle_2919,113802,2022-06-24 14:42:47.045000,2022-06-24 14:44:58.279000,calibration,
Training_Data::cycle_2920,113841,2022-06-24 14:51:40.352000,2022-06-24 14:53:52.481000,calibration,
Training_Data::cycle_2921,113880,2022-06-24 14:54:39.257000,2022-06-24 14:56:50.277000,calibration,
Training_Data::cycle_2922,113919,2022-06-24 15:09:37.497000,2022-06-24 15:11:48.757000,calibration,
Training_Data::cycle_2923,113958,2022-06-24 15:12:35.527000,2022-06-24 15:14:46.576000,calibration,
Training_Data::cycle_2924,113997,2022-06-24 15:15:33.090000,2022-06-24 15:17:44.932000,calibration,
Training_Data::cycle_2925,114036,2022-06-24 15:25:31.387000,2022-06-24 15:27:42.668000,calibration,
Training_Data::cycle_2926,114075,2022-06-24 15:54:40.497000,2022-06-24 15:56:51.362000,calibration,
Training_Data::cycle_2927,114114,2022-06-24 16:01:14.386000,2022-06-24 16:03:25.015000,calibration,
Training_Data::cycle_2928,114153,2022-06-24 16:05:13.619000,2022-06-24 16:07:25.035000,calibration,
Training_Data::cycle_2929,114192,2022-06-24 16:08:11.069000,2022-06-24 16:10:22.350000,calibration,
Training_Data::cycle_2930,114231,2022-06-24 16:15:22.662000,2022-06-24 16:17:34.347000,calibration,
Training_Data::cycle_2931,114270,2022-06-24 16:18:20.975000,2022-06-24 16:20:31.845000,calibration,
Training_Data::cycle_2932,114309,2022-06-24 16:24:41.398000,2022-06-24 16:26:52.962000,calibration,
Training_Data::cycle_2933,114348,2022-06-24 16:27:39.846000,2022-06-24 16:29:50.952000,calibration,
Training_Data::cycle_2934,114387,2022-06-24 16:39:30.044000,2022-06-24 16:41:41.844000,calibration,
Training_Data::cycle_2935,114426,2022-06-24 17:00:33.269000,2022-06-24 17:02:45.263000,calibration,
Training_Data::cycle_2936,114465,2022-06-24 17:03:32.079000,2022-06-24 17:05:43.897000,calibration,
Training_Data::cycle_2937,114504,2022-06-27 09:06:00.466000,2022-06-27 09:08:11.558000,calibration,
Training_Data::cycle_2938,114543,2022-06-27 09:08:58.039000,2022-06-27 09:11:09.461000,calibration,
Training_Data::cycle_2939,114582,2022-06-27 09:24:22.401000,2022-06-27 09:26:34.503000,calibration,
Training_Data::cycle_2940,114621,2022-06-27 09:28:33.199000,2022-06-27 09:30:44.658000,calibration,
Training_Data::cycle_2941,114660,2022-06-27 09:34:10.334000,2022-06-27 09:36:22.478000,calibration,
Training_Data::cycle_2942,114699,2022-06-27 09:52:06.017000,2022-06-27 09:54:17.359000,calibration,
Training_Data::cycle_2943,114738,2022-06-27 09:55:04.127000,2022-06-27 09:57:15.273000,calibration,
Training_Data::cycle_2944,114777,2022-06-27 10:08:18.101000,2022-06-27 10:10:29.347000,calibration,
Training_Data::cycle_2945,114816,2022-06-27 10:18:37.122000,2022-06-27 10:20:48.921000,calibration,
Training_Data::cycle_2946,114855,2022-06-27 10:24:35.499000,2022-06-27 10:26:46.848000,calibration,
Training_Data::cycle_2947,114894,2022-06-27 10:57:11.342000,2022-06-27 10:59:22.792000,calibration,
Training_Data::cycle_2948,114933,2022-06-27 11:01:20.319000,2022-06-27 11:03:31.221000,calibration,
Training_Data::cycle_2949,114972,2022-06-27 11:13:43.876000,2022-06-27 11:15:55.837000,calibration,
Training_Data::cycle_2950,115011,2022-06-27 11:22:56.890000,2022-06-27 11:25:08.300000,calibration,
Training_Data::cycle_2951,115050,2022-06-27 11:28:25.656000,2022-06-27 11:30:37.137000,calibration,
Training_Data::cycle_2952,115089,2022-06-27 11:40:43.042000,2022-06-27 11:42:54.212000,calibration,
Training_Data::cycle_2953,115128,2022-06-27 11:45:10.787000,2022-06-27 11:47:22.107000,calibration,
Training_Data::cycle_2954,115167,2022-06-27 16:44:17.767000,2022-06-27 16:46:30.083000,calibration,
Training_Data::cycle_2955,115206,2022-06-27 16:58:54.701000,2022-06-27 17:01:06.615000,calibration,
Training_Data::cycle_2956,115245,2022-06-27 17:08:04.588000,2022-06-27 17:10:16.467000,calibration,
Training_Data::cycle_2957,115284,2022-06-27 17:17:25.378000,2022-06-27 17:19:37.156000,calibration,
Training_Data::cycle_2958,115323,2022-06-27 17:26:34.591000,2022-06-27 17:28:47.183000,calibration,
Training_Data::cycle_2959,115362,2022-06-27 17:50:01.864000,2022-06-27 17:52:14.343000,calibration,
Training_Data::cycle_2960,115401,2022-06-28 10:23:22.519000,2022-06-28 10:25:34.639000,calibration,
Training_Data::cycle_2961,115440,2022-06-28 10:26:21.259000,2022-06-28 10:28:32.654000,calibration,
Training_Data::cycle_2962,115479,2022-06-28 10:29:19.798000,2022-06-28 10:31:32.148000,calibration,
Training_Data::cycle_2963,115518,2022-06-29 10:07:59.501000,2022-06-29 10:10:12.269000,calibration,
Training_Data::cycle_2964,115557,2022-06-29 10:14:43.974000,2022-06-29 10:16:56.118000,calibration,
Training_Data::cycle_2965,115596,2022-06-29 10:19:10.270000,2022-06-29 10:21:22.885000,calibration,
Training_Data::cycle_2966,115635,2022-06-29 10:25:39.745000,2022-06-29 10:27:51.692000,calibration,
Training_Data::cycle_2967,115674,2022-06-29 10:48:12.072000,2022-06-29 10:50:25.579000,calibration,
Training_Data::cycle_2968,115713,2022-06-29 10:53:58.821000,2022-06-29 10:56:10.770000,calibration,
Training_Data::cycle_2969,115752,2022-06-29 11:00:03.134000,2022-06-29 11:02:15.688000,calibration,
Training_Data::cycle_2970,115791,2022-06-29 11:03:33.237000,2022-06-29 11:05:45.273000,calibration,
Training_Data::cycle_2971,115830,2022-06-29 11:07:44.139000,2022-06-29 11:09:56.871000,calibration,
Training_Data::cycle_2972,115869,2022-06-29 11:10:43.732000,2022-06-29 11:12:55.982000,calibration,
Training_Data::cycle_2973,115908,2022-06-29 11:18:09.741000,2022-06-29 11:20:22.403000,calibration,
Training_Data::cycle_2974,115947,2022-06-29 11:25:48.224000,2022-06-29 11:28:00.452000,calibration,
Training_Data::cycle_2975,115986,2022-06-29 11:38:55.562000,2022-06-29 11:41:08.204000,calibration,
Training_Data::cycle_2976,116025,2022-06-29 11:47:11.267000,2022-06-29 11:49:23.963000,calibration,
Training_Data::cycle_2977,116064,2022-06-29 11:50:11.721000,2022-06-29 11:52:24.347000,calibration,
Training_Data::cycle_2978,116103,2022-06-29 11:55:36.702000,2022-06-29 11:57:48.978000,calibration,
Training_Data::cycle_2979,116142,2022-06-29 13:02:24.783000,2022-06-29 13:04:37.454000,calibration,
Training_Data::cycle_2980,116181,2022-06-29 13:11:35.427000,2022-06-29 13:13:47.509000,calibration,
Training_Data::cycle_2981,116220,2022-06-29 13:16:38.809000,2022-06-29 13:18:50.874000,calibration,
Training_Data::cycle_2982,116259,2022-06-29 13:19:40.970000,2022-06-29 13:21:53.022000,calibration,
Training_Data::cycle_2983,116298,2022-06-29 13:25:28.501000,2022-06-29 13:27:40.637000,calibration,
Training_Data::cycle_2984,116337,2022-06-29 13:28:27.681000,2022-06-29 13:30:39.439000,calibration,
Training_Data::cycle_2985,116376,2022-06-29 13:32:31.044000,2022-06-29 13:34:43.398000,calibration,
Training_Data::cycle_2986,116415,2022-06-29 13:36:33.370000,2022-06-29 13:38:45.729000,calibration,
Training_Data::cycle_2987,116454,2022-06-29 13:39:32.667000,2022-06-29 13:41:45.425000,calibration,
Training_Data::cycle_2988,116493,2022-06-29 13:43:11.783000,2022-06-29 13:45:23.911000,calibration,
Training_Data::cycle_2989,116532,2022-06-29 13:46:11.270000,2022-06-29 13:48:23.210000,calibration,
Training_Data::cycle_2990,116571,2022-06-29 13:51:17.076000,2022-06-29 13:53:29.905000,calibration,
Training_Data::cycle_2991,116610,2022-06-29 13:54:16.747000,2022-06-29 13:56:29.093000,calibration,
Training_Data::cycle_2992,116649,2022-06-29 14:01:18.062000,2022-06-29 14:03:30.382000,calibration,
Training_Data::cycle_2993,116688,2022-06-29 14:07:05.043000,2022-06-29 14:09:17.497000,calibration,
Training_Data::cycle_2994,116727,2022-06-29 14:15:40.592000,2022-06-29 14:17:52.710000,calibration,
Training_Data::cycle_2995,116766,2022-06-29 14:19:16.996000,2022-06-29 14:21:29.385000,calibration,
Training_Data::cycle_2996,116805,2022-06-29 14:23:02.157000,2022-06-29 14:25:14.987000,calibration,
Training_Data::cycle_2997,116844,2022-06-29 14:30:12.470000,2022-06-29 14:32:24.286000,calibration,
Training_Data::cycle_2998,116883,2022-07-27 09:07:34.336000,2022-07-27 09:09:45.452000,calibration,
Training_Data::cycle_2999,116922,2022-07-27 09:10:32.929000,2022-07-27 09:12:43.697000,calibration,
Training_Data::cycle_3000,116961,2022-07-27 09:18:59.114000,2022-07-27 09:21:09.930000,calibration,
Training_Data::cycle_3001,117000,2022-07-27 09:30:04.305000,2022-07-27 09:32:16.032000,calibration,
Training_Data::cycle_3002,117039,2022-07-27 09:33:59.196000,2022-07-27 09:36:10.238000,calibration,
Training_Data::cycle_3003,117078,2022-07-27 09:39:10.325000,2022-07-27 09:41:21.945000,calibration,
Training_Data::cycle_3004,117117,2022-07-27 09:55:26.181000,2022-07-27 09:57:37.737000,calibration,
Training_Data::cycle_3005,117156,2022-07-27 10:00:55.982000,2022-07-27 10:03:07.234000,calibration,
Training_Data::cycle_3006,117195,2022-07-27 10:05:55.480000,2022-07-27 10:08:06.901000,calibration,
Training_Data::cycle_3007,117234,2022-07-27 10:14:27.002000,2022-07-27 10:16:38.422000,calibration,
Training_Data::cycle_3008,117273,2022-07-27 10:21:38.139000,2022-07-27 10:23:49.837000,calibration,
Training_Data::cycle_3009,117312,2022-07-27 10:55:43.673000,2022-07-27 10:57:55.308000,calibration,
Training_Data::cycle_3010,117351,2022-07-27 10:59:07.076000,2022-07-27 11:01:18.208000,calibration,
Training_Data::cycle_3011,117390,2022-07-27 11:20:10.191000,2022-07-27 11:22:21.713000,calibration,
Training_Data::cycle_3012,117429,2022-07-27 11:27:07.550000,2022-07-27 11:29:18.218000,calibration,
Training_Data::cycle_3013,117468,2022-07-27 11:34:39.965000,2022-07-27 11:36:51.387000,calibration,
Training_Data::cycle_3014,117507,2022-07-27 13:03:58.790000,2022-07-27 13:06:10.268000,calibration,
Training_Data::cycle_3015,117546,2022-07-27 13:11:05.085000,2022-07-27 13:13:16.549000,calibration,
Training_Data::cycle_3016,117585,2022-07-27 13:18:09.724000,2022-07-27 13:20:21.164000,calibration,
Training_Data::cycle_3017,117624,2022-07-27 13:28:43.589000,2022-07-27 13:30:55.447000,calibration,
Training_Data::cycle_3018,117663,2022-07-27 13:38:54.109000,2022-07-27 13:41:05.245000,calibration,
Training_Data::cycle_3019,117702,2022-07-27 13:49:51.494000,2022-07-27 13:52:03.398000,calibration,
Training_Data::cycle_3020,117741,2022-07-27 14:01:54.570000,2022-07-27 14:04:06.020000,calibration,
Training_Data::cycle_3021,117780,2022-07-27 14:18:20.074000,2022-07-27 14:20:31.818000,calibration,
Training_Data::cycle_3022,117819,2022-07-27 14:21:56.665000,2022-07-27 14:24:07.713000,calibration,
Training_Data::cycle_3023,117858,2022-07-27 14:31:09.404000,2022-07-27 14:33:21.298000,calibration,
Training_Data::cycle_3024,117897,2022-07-27 14:38:31.067000,2022-07-27 14:40:43.131000,calibration,
Training_Data::cycle_3025,117936,2022-07-27 14:55:55.842000,2022-07-27 14:58:07.398000,calibration,
Training_Data::cycle_3026,117975,2022-07-27 14:59:58.148000,2022-07-27 15:02:09.320000,calibration,
Training_Data::cycle_3027,118014,2022-07-27 15:04:13.145000,2022-07-27 15:06:25.007000,calibration,
Training_Data::cycle_3028,118053,2022-07-27 15:08:10.149000,2022-07-27 15:10:22.226000,calibration,
Training_Data::cycle_3029,118092,2022-07-27 15:17:19.837000,2022-07-27 15:19:31.799000,calibration,
Training_Data::cycle_3030,118131,2022-07-27 15:24:02.047000,2022-07-27 15:26:13.460000,calibration,
Training_Data::cycle_3031,118170,2022-07-27 15:55:51.540000,2022-07-27 15:58:02.718000,calibration,
Training_Data::cycle_3032,118209,2022-07-27 16:02:40.835000,2022-07-27 16:04:53.203000,calibration,
Training_Data::cycle_3033,118248,2022-07-27 16:09:22.938000,2022-07-27 16:11:34.070000,calibration,
Training_Data::cycle_3034,118287,2022-07-27 16:14:02.927000,2022-07-27 16:16:14.581000,calibration,
Training_Data::cycle_3035,118326,2022-07-27 16:21:21.972000,2022-07-27 16:23:34.182000,calibration,
Training_Data::cycle_3036,118365,2022-07-27 16:26:11.222000,2022-07-27 16:28:23.549000,calibration,
Training_Data::cycle_3037,118404,2022-07-27 16:42:06.581000,2022-07-27 16:44:17.439000,calibration,
Training_Data::cycle_3038,118443,2022-07-27 16:56:09.951000,2022-07-27 16:58:22.145000,calibration,
Training_Data::cycle_3039,118482,2022-07-27 17:00:16.809000,2022-07-27 17:02:28.549000,calibration,
Training_Data::cycle_3040,118521,2022-07-27 17:03:15.688000,2022-07-27 17:05:27.446000,calibration,
Training_Data::cycle_3041,118560,2022-07-27 17:08:56.504000,2022-07-27 17:11:08.005000,calibration,
Training_Data::cycle_3042,118599,2022-07-27 17:16:08.283000,2022-07-27 17:18:18.924000,calibration,
Training_Data::cycle_3043,118638,2022-07-27 17:23:27.072000,2022-07-27 17:25:38.349000,calibration,
Training_Data::cycle_3044,118677,2022-07-27 17:28:33.787000,2022-07-27 17:30:45.317000,calibration,
Training_Data::cycle_3045,118716,2022-07-27 17:31:41.066000,2022-07-27 17:33:52.120000,calibration,
Training_Data::cycle_3046,118755,2022-07-27 17:38:39.183000,2022-07-27 17:40:51.411000,calibration,
Training_Data::cycle_3047,118794,2022-07-01 09:05:16.640000,2022-07-01 09:07:27.884000,calibration,
Training_Data::cycle_3048,118833,2022-07-01 09:17:01.717000,2022-07-01 09:19:12.974000,calibration,
Training_Data::cycle_3049,118872,2022-07-01 09:25:15.083000,2022-07-01 09:27:25.953000,calibration,
Training_Data::cycle_3050,118911,2022-07-01 09:28:12.595000,2022-07-01 09:30:23.965000,calibration,
Training_Data::cycle_3051,118950,2022-07-01 09:36:12.102000,2022-07-01 09:38:23.254000,calibration,
Training_Data::cycle_3052,118989,2022-07-01 09:43:24.615000,2022-07-01 09:45:36.151000,calibration,
Training_Data::cycle_3053,119028,2022-07-01 09:57:28.925000,2022-07-01 09:59:40.673000,calibration,
Training_Data::cycle_3054,119067,2022-07-01 10:07:08.814000,2022-07-01 10:09:19.997000,calibration,
Training_Data::cycle_3055,119106,2022-07-01 10:14:04.077000,2022-07-01 10:16:16.060000,calibration,
Training_Data::cycle_3056,119145,2022-07-01 10:22:57.969000,2022-07-01 10:25:09.633000,calibration,
Training_Data::cycle_3057,119184,2022-07-01 10:29:47.848000,2022-07-01 10:31:59.940000,calibration,
Training_Data::cycle_3058,119223,2022-07-01 10:32:47.088000,2022-07-01 10:34:58.422000,calibration,
Training_Data::cycle_3059,119262,2022-07-01 11:08:00.485000,2022-07-01 11:10:12.205000,calibration,
Training_Data::cycle_3060,119301,2022-07-01 11:12:56.566000,2022-07-01 11:15:08.106000,calibration,
Training_Data::cycle_3061,119340,2022-07-01 11:18:34.437000,2022-07-01 11:20:46.009000,calibration,
Training_Data::cycle_3062,119379,2022-07-01 11:31:16.062000,2022-07-01 11:33:27.401000,calibration,
Training_Data::cycle_3063,119418,2022-07-01 11:34:13.749000,2022-07-01 11:36:25.221000,calibration,
Training_Data::cycle_3064,119457,2022-07-01 11:50:49.279000,2022-07-01 11:53:01.369000,calibration,
Training_Data::cycle_3065,119496,2022-07-01 11:53:48.260000,2022-07-01 11:56:00.188000,calibration,
Training_Data::cycle_3066,119535,2022-07-01 13:03:38.799000,2022-07-01 13:05:49.846000,calibration,
Training_Data::cycle_3067,119574,2022-07-01 13:08:24.114000,2022-07-01 13:10:36.352000,calibration,
Training_Data::cycle_3068,119613,2022-07-01 13:16:24.739000,2022-07-01 13:18:36.862000,calibration,
Training_Data::cycle_3069,119652,2022-07-01 13:19:23.512000,2022-07-01 13:21:35.346000,calibration,
Training_Data::cycle_3070,119691,2022-07-01 13:24:46.920000,2022-07-01 13:26:58.997000,calibration,
Training_Data::cycle_3071,119730,2022-07-01 13:29:35.011000,2022-07-01 13:31:46.227000,calibration,
Training_Data::cycle_3072,119769,2022-07-01 13:39:04.510000,2022-07-01 13:41:15.643000,calibration,
Training_Data::cycle_3073,119808,2022-07-01 13:56:44.193000,2022-07-01 13:58:55.633000,calibration,
Training_Data::cycle_3074,119847,2022-07-01 14:16:11.194000,2022-07-01 14:18:22.958000,calibration,
Training_Data::cycle_3075,119886,2022-07-01 14:26:30.429000,2022-07-01 14:28:41.958000,calibration,
Training_Data::cycle_3076,119925,2022-07-01 14:35:40.615000,2022-07-01 14:37:52.935000,calibration,
Training_Data::cycle_3077,119964,2022-07-01 14:54:28.163000,2022-07-01 14:56:39.765000,calibration,
Training_Data::cycle_3078,120003,2022-07-01 15:01:50.372000,2022-07-01 15:04:02.111000,calibration,
Training_Data::cycle_3079,120042,2022-07-01 15:12:58.460000,2022-07-01 15:15:09.796000,calibration,
Training_Data::cycle_3080,120081,2022-07-01 15:19:35.567000,2022-07-01 15:21:47.423000,calibration,
Training_Data::cycle_3081,120120,2022-07-01 15:22:34.165000,2022-07-01 15:24:45.451000,calibration,
Training_Data::cycle_3082,120159,2022-07-01 15:29:47.560000,2022-07-01 15:31:59.808000,calibration,
Training_Data::cycle_3083,120198,2022-07-01 15:58:13.326000,2022-07-01 16:00:24.698000,calibration,
Training_Data::cycle_3084,120237,2022-07-01 16:21:09.923000,2022-07-01 16:23:21.704000,calibration,
Training_Data::cycle_3085,120276,2022-07-01 16:24:08.730000,2022-07-01 16:26:20.276000,calibration,
Training_Data::cycle_3086,120315,2022-07-04 09:09:02.107000,2022-07-04 09:11:13.453000,calibration,
Training_Data::cycle_3087,120354,2022-07-04 09:11:59.714000,2022-07-04 09:14:10.750000,calibration,
Training_Data::cycle_3088,120393,2022-07-04 09:14:57.988000,2022-07-04 09:17:09.488000,calibration,
Training_Data::cycle_3089,120432,2022-07-04 09:23:32.877000,2022-07-04 09:25:44.330000,calibration,
Training_Data::cycle_3090,120471,2022-07-04 09:31:58.772000,2022-07-04 09:34:10.157000,calibration,
Training_Data::cycle_3091,120510,2022-07-04 09:39:47.076000,2022-07-04 09:41:58.744000,calibration,
Training_Data::cycle_3092,120549,2022-07-04 09:49:14.325000,2022-07-04 09:51:26.139000,calibration,
Training_Data::cycle_3093,120588,2022-07-04 09:58:11.940000,2022-07-04 10:00:23.104000,calibration,
Training_Data::cycle_3094,120627,2022-07-04 10:06:33.171000,2022-07-04 10:08:44.396000,calibration,
Training_Data::cycle_3095,120666,2022-07-04 10:12:27.062000,2022-07-04 10:14:38.596000,calibration,
Training_Data::cycle_3096,120705,2022-07-04 10:16:53.549000,2022-07-04 10:19:05.381000,calibration,
Training_Data::cycle_3097,120744,2022-07-04 10:22:05.900000,2022-07-04 10:24:17.176000,calibration,
Training_Data::cycle_3098,120783,2022-07-04 10:27:56.454000,2022-07-04 10:30:07.407000,calibration,
Training_Data::cycle_3099,120822,2022-07-04 10:30:54.243000,2022-07-04 10:33:05.429000,calibration,
Training_Data::cycle_3100,120861,2022-07-04 10:54:34.034000,2022-07-04 10:56:45.082000,calibration,
Training_Data::cycle_3101,120900,2022-07-04 11:00:56.647000,2022-07-04 11:03:08.367000,calibration,
Training_Data::cycle_3102,120939,2022-07-04 11:08:34.358000,2022-07-04 11:10:45.682000,calibration,
Training_Data::cycle_3103,120978,2022-07-04 11:19:03.802000,2022-07-04 11:21:14.986000,calibration,
Training_Data::cycle_3104,121017,2022-07-04 11:22:40.918000,2022-07-04 11:24:51.864000,calibration,
Training_Data::cycle_3105,121056,2022-07-04 11:31:15.709000,2022-07-04 11:33:27.090000,calibration,
Training_Data::cycle_3106,121095,2022-07-04 11:35:50.998000,2022-07-04 11:38:02.274000,calibration,
Training_Data::cycle_3107,121134,2022-07-04 11:39:01.700000,2022-07-04 11:41:12.573000,calibration,
Training_Data::cycle_3108,121173,2022-07-04 11:41:59.133000,2022-07-04 11:44:10.065000,calibration,
Training_Data::cycle_3109,121212,2022-07-04 11:50:10.530000,2022-07-04 11:52:22.364000,calibration,
Training_Data::cycle_3110,121251,2022-07-04 11:53:42.620000,2022-07-04 11:55:53.457000,calibration,
Training_Data::cycle_3111,121290,2022-07-04 13:00:33.588000,2022-07-04 13:02:44.834000,calibration,
Training_Data::cycle_3112,121329,2022-07-04 13:11:18.289000,2022-07-04 13:13:29.940000,calibration,
Training_Data::cycle_3113,121368,2022-07-04 13:14:28.494000,2022-07-04 13:16:40.558000,calibration,
Training_Data::cycle_3114,121407,2022-07-04 13:32:22.110000,2022-07-04 13:34:33.151000,calibration,
Training_Data::cycle_3115,121446,2022-07-04 13:42:25.158000,2022-07-04 13:44:36.528000,calibration,
Training_Data::cycle_3116,121485,2022-07-04 13:51:11.357000,2022-07-04 13:53:23.433000,calibration,
Training_Data::cycle_3117,121524,2022-07-04 13:54:10.168000,2022-07-04 13:56:21.762000,calibration,
Training_Data::cycle_3118,121563,2022-07-04 14:02:01.563000,2022-07-04 14:04:13.417000,calibration,
Training_Data::cycle_3119,121602,2022-07-04 14:04:59.223000,2022-07-04 14:07:10.671000,calibration,
Training_Data::cycle_3120,121641,2022-07-04 14:15:47.589000,2022-07-04 14:17:58.861000,calibration,
Training_Data::cycle_3121,121680,2022-07-04 14:24:16.834000,2022-07-04 14:26:27.962000,calibration,
Training_Data::cycle_3122,121719,2022-07-04 14:28:53.744000,2022-07-04 14:31:04.777000,calibration,
Training_Data::cycle_3123,121758,2022-07-04 14:41:56.434000,2022-07-04 14:44:07.555000,calibration,
Training_Data::cycle_3124,121797,2022-07-04 14:50:51.162000,2022-07-04 14:53:02.072000,calibration,
Training_Data::cycle_3125,121836,2022-07-04 14:53:49.340000,2022-07-04 14:56:00.680000,calibration,
Training_Data::cycle_3126,121875,2022-07-04 15:13:48.343000,2022-07-04 15:15:59.669000,calibration,
Training_Data::cycle_3127,121914,2022-07-04 15:30:48.929000,2022-07-04 15:33:00.346000,calibration,
Training_Data::cycle_3128,121953,2022-07-04 15:56:11.691000,2022-07-04 15:58:23.125000,calibration,
Training_Data::cycle_3129,121992,2022-07-04 16:12:22.815000,2022-07-04 16:14:35.183000,calibration,
Training_Data::cycle_3130,122031,2022-07-04 16:23:54.383000,2022-07-04 16:26:05.821000,calibration,
Training_Data::cycle_3131,122070,2022-07-05 09:04:01.767000,2022-07-05 09:06:13.597000,calibration,
Training_Data::cycle_3132,122109,2022-07-05 09:11:22.050000,2022-07-05 09:13:33.190000,calibration,
Training_Data::cycle_3133,122148,2022-07-05 09:14:20.645000,2022-07-05 09:16:32.977000,calibration,
Training_Data::cycle_3134,122187,2022-07-05 09:17:20.243000,2022-07-05 09:19:30.893000,calibration,
Training_Data::cycle_3135,122226,2022-07-05 09:20:17.647000,2022-07-05 09:22:28.700000,calibration,
Training_Data::cycle_3136,122265,2022-07-05 09:23:15.746000,2022-07-05 09:25:27.404000,calibration,
Training_Data::cycle_3137,122304,2022-07-05 09:27:54.282000,2022-07-05 09:30:05.095000,calibration,
Training_Data::cycle_3138,122343,2022-07-05 09:32:01.947000,2022-07-05 09:34:13.081000,calibration,
Training_Data::cycle_3139,122382,2022-07-05 09:41:01.746000,2022-07-05 09:43:13.669000,calibration,
Training_Data::cycle_3140,122421,2022-07-05 09:44:00.825000,2022-07-05 09:46:12.487000,calibration,
Training_Data::cycle_3141,122460,2022-07-05 09:46:59.157000,2022-07-05 09:49:10.079000,calibration,
Training_Data::cycle_3142,122499,2022-07-05 10:09:34.454000,2022-07-05 10:11:45.769000,calibration,
Training_Data::cycle_3143,122538,2022-07-05 10:24:01.414000,2022-07-05 10:26:12.461000,calibration,
Training_Data::cycle_3144,122577,2022-07-05 11:13:22.949000,2022-07-05 11:15:33.852000,calibration,
Training_Data::cycle_3145,122616,2022-07-05 11:16:20.068000,2022-07-05 11:18:31.612000,calibration,
Training_Data::cycle_3146,122655,2022-07-05 11:19:17.954000,2022-07-05 11:21:29.911000,calibration,
Training_Data::cycle_3147,122694,2022-07-05 11:27:09.309000,2022-07-05 11:29:20.920000,calibration,
Training_Data::cycle_3148,122733,2022-07-05 11:31:54.294000,2022-07-05 11:34:05.626000,calibration,
Training_Data::cycle_3149,122772,2022-07-05 11:39:48.687000,2022-07-05 11:42:00.427000,calibration,
Training_Data::cycle_3150,122811,2022-07-05 11:50:56.941000,2022-07-05 11:53:08.155000,calibration,
Training_Data::cycle_3151,122850,2022-07-05 13:03:08.127000,2022-07-05 13:05:18.875000,calibration,
Training_Data::cycle_3152,122889,2022-07-05 13:06:06.541000,2022-07-05 13:08:17.584000,calibration,
Training_Data::cycle_3153,122928,2022-07-05 13:24:10.540000,2022-07-05 13:26:21.876000,calibration,
Training_Data::cycle_3154,122967,2022-07-05 13:34:23.779000,2022-07-05 13:36:34.994000,calibration,
Training_Data::cycle_3155,123006,2022-07-05 13:43:05.979000,2022-07-05 13:45:16.563000,calibration,
Training_Data::cycle_3156,123045,2022-07-05 13:46:03.413000,2022-07-05 13:48:15.007000,calibration,
Training_Data::cycle_3157,123084,2022-07-05 13:54:40.150000,2022-07-05 13:56:52.471000,calibration,
Training_Data::cycle_3158,123123,2022-07-05 14:10:34.998000,2022-07-05 14:12:46.651000,calibration,
Training_Data::cycle_3159,123162,2022-07-05 14:14:27.787000,2022-07-05 14:16:39.345000,calibration,
Training_Data::cycle_3160,123201,2022-07-05 14:24:38.984000,2022-07-05 14:26:50.135000,calibration,
Training_Data::cycle_3161,123240,2022-07-05 14:39:02.388000,2022-07-05 14:41:14.941000,calibration,
Training_Data::cycle_3162,123279,2022-07-05 14:51:18.980000,2022-07-05 14:53:30.065000,calibration,
Training_Data::cycle_3163,123318,2022-07-05 15:06:03.298000,2022-07-05 15:08:16.031000,calibration,
Training_Data::cycle_3164,123357,2022-07-05 15:09:03.203000,2022-07-05 15:11:14.821000,calibration,
Training_Data::cycle_3165,123396,2022-07-05 15:12:02.863000,2022-07-05 15:14:14.133000,calibration,
Training_Data::cycle_3166,123435,2022-07-05 15:16:19.252000,2022-07-05 15:18:30.744000,calibration,
Training_Data::cycle_3167,123474,2022-07-05 15:19:17.854000,2022-07-05 15:21:30.177000,calibration,
Training_Data::cycle_3168,123513,2022-07-05 15:22:17.461000,2022-07-05 15:24:29.223000,calibration,
Training_Data::cycle_3169,123552,2022-07-05 15:25:16.743000,2022-07-05 15:27:28.339000,calibration,
Training_Data::cycle_3170,123591,2022-07-05 15:28:55.446000,2022-07-05 15:31:06.830000,calibration,
Training_Data::cycle_3171,123630,2022-07-05 15:49:29.436000,2022-07-05 15:51:40.907000,calibration,
Training_Data::cycle_3172,123669,2022-07-05 15:53:21.249000,2022-07-05 15:55:33.627000,calibration,
Training_Data::cycle_3173,123708,2022-07-05 16:03:29.332000,2022-07-05 16:05:40.511000,calibration,
Training_Data::cycle_3174,123747,2022-07-05 16:07:24.047000,2022-07-05 16:09:35.389000,calibration,
Training_Data::cycle_3175,123786,2022-07-05 16:44:29.934000,2022-07-05 16:46:41.469000,calibration,
Training_Data::cycle_3176,123825,2022-07-05 17:01:08.633000,2022-07-05 17:03:20.871000,calibration,
Training_Data::cycle_3177,123864,2022-07-05 17:10:32.498000,2022-07-05 17:12:45.084000,calibration,
Training_Data::cycle_3178,123903,2022-07-06 09:04:43.921000,2022-07-06 09:06:54.735000,calibration,
Training_Data::cycle_3179,123942,2022-07-06 09:09:15.672000,2022-07-06 09:11:27.720000,calibration,
Training_Data::cycle_3180,123981,2022-07-06 09:15:36.498000,2022-07-06 09:17:48.105000,calibration,
Training_Data::cycle_3181,124020,2022-07-06 09:20:24.625000,2022-07-06 09:22:36.311000,calibration,
Training_Data::cycle_3182,124059,2022-07-06 09:25:10.596000,2022-07-06 09:27:22.290000,calibration,
Training_Data::cycle_3183,124098,2022-07-06 09:29:14.074000,2022-07-06 09:31:25.393000,calibration,
Training_Data::cycle_3184,124137,2022-07-06 09:32:11.931000,2022-07-06 09:34:23.277000,calibration,
Training_Data::cycle_3185,124176,2022-07-06 09:35:10.161000,2022-07-06 09:37:21.902000,calibration,
Training_Data::cycle_3186,124215,2022-07-06 09:38:08.468000,2022-07-06 09:40:19.692000,calibration,
Training_Data::cycle_3187,124254,2022-07-06 09:41:16.368000,2022-07-06 09:43:27.814000,calibration,
Training_Data::cycle_3188,124293,2022-07-06 09:45:39.439000,2022-07-06 09:47:51.195000,calibration,
Training_Data::cycle_3189,124332,2022-07-06 09:56:57.116000,2022-07-06 09:59:08.379000,calibration,
Training_Data::cycle_3190,124371,2022-07-06 10:10:40.538000,2022-07-06 10:12:52.089000,calibration,
Training_Data::cycle_3191,124410,2022-07-06 10:19:06.503000,2022-07-06 10:21:17.970000,calibration,
Training_Data::cycle_3192,124449,2022-07-06 10:52:27.196000,2022-07-06 10:54:37.962000,calibration,
Training_Data::cycle_3193,124488,2022-07-06 11:02:35.338000,2022-07-06 11:04:47.256000,calibration,
Training_Data::cycle_3194,124527,2022-07-06 11:06:35.502000,2022-07-06 11:08:46.658000,calibration,
Training_Data::cycle_3195,124566,2022-07-06 11:10:05.929000,2022-07-06 11:12:16.867000,calibration,
Training_Data::cycle_3196,124605,2022-07-06 11:22:45.804000,2022-07-06 11:24:57.073000,calibration,
Training_Data::cycle_3197,124644,2022-07-06 11:33:01.614000,2022-07-06 11:35:12.822000,calibration,
Training_Data::cycle_3198,124683,2022-07-06 11:35:59.284000,2022-07-06 11:38:09.983000,calibration,
Training_Data::cycle_3199,124722,2022-07-06 11:43:37.597000,2022-07-06 11:45:49.030000,calibration,
Training_Data::cycle_3200,124761,2022-07-06 13:06:14.529000,2022-07-06 13:08:26.415000,calibration,
Training_Data::cycle_3201,124800,2022-07-06 13:12:24.176000,2022-07-06 13:14:35.630000,calibration,
Training_Data::cycle_3202,124839,2022-07-06 13:21:14.041000,2022-07-06 13:23:25.526000,calibration,
Training_Data::cycle_3203,124878,2022-07-06 13:30:33.151000,2022-07-06 13:32:44.917000,calibration,
Training_Data::cycle_3204,124917,2022-07-06 13:42:58.964000,2022-07-06 13:45:10.497000,calibration,
Training_Data::cycle_3205,124956,2022-07-06 14:01:04.657000,2022-07-06 14:03:15.693000,calibration,
Training_Data::cycle_3206,124995,2022-07-06 14:10:46.422000,2022-07-06 14:12:57.397000,calibration,
Training_Data::cycle_3207,125034,2022-07-06 14:13:43.603000,2022-07-06 14:15:55.195000,calibration,
Training_Data::cycle_3208,125073,2022-07-06 14:36:39.416000,2022-07-06 14:38:51.084000,calibration,
Training_Data::cycle_3209,125112,2022-07-06 14:45:17.641000,2022-07-06 14:47:31.349000,calibration,
Training_Data::cycle_3210,125151,2022-07-06 14:48:52.826000,2022-07-06 14:51:04.152000,calibration,
Training_Data::cycle_3211,125190,2022-07-06 14:56:16.963000,2022-07-06 14:58:28.079000,calibration,
Training_Data::cycle_3212,125229,2022-07-06 15:09:51.443000,2022-07-06 15:12:03.153000,calibration,
Training_Data::cycle_3213,125268,2022-07-06 15:14:30.903000,2022-07-06 15:16:43.174000,calibration,
Training_Data::cycle_3214,125307,2022-07-06 16:10:59.663000,2022-07-06 16:13:12.210000,calibration,
Training_Data::cycle_3215,125346,2022-07-06 16:14:00.192000,2022-07-06 16:16:11.528000,calibration,
Training_Data::cycle_3216,125385,2022-07-06 16:17:46.360000,2022-07-06 16:19:58.721000,calibration,
Training_Data::cycle_3217,125424,2022-07-06 16:21:10.675000,2022-07-06 16:23:23.537000,calibration,
Training_Data::cycle_3218,125463,2022-07-06 16:41:53.072000,2022-07-06 16:44:06.292000,calibration,
Training_Data::cycle_3219,125502,2022-07-06 16:44:53.460000,2022-07-06 16:47:04.936000,calibration,
Training_Data::cycle_3220,125541,2022-07-06 16:48:22.263000,2022-07-06 16:50:34.531000,calibration,
Training_Data::cycle_3221,125580,2022-07-06 17:08:54.585000,2022-07-06 17:11:07.206000,calibration,
Training_Data::cycle_3222,125619,2022-07-06 17:30:22.956000,2022-07-06 17:32:34.429000,calibration,
Training_Data::cycle_3223,125658,2022-07-06 17:33:21.925000,2022-07-06 17:35:36.381000,calibration,
Training_Data::cycle_3224,125697,2022-07-07 09:07:44.536000,2022-07-07 09:09:55.964000,calibration,
Training_Data::cycle_3225,125736,2022-07-07 09:12:52.619000,2022-07-07 09:15:03.783000,calibration,
Training_Data::cycle_3226,125775,2022-07-07 09:15:50.331000,2022-07-07 09:18:01.789000,calibration,
Training_Data::cycle_3227,125814,2022-07-07 09:28:54.837000,2022-07-07 09:31:05.781000,calibration,
Training_Data::cycle_3228,125853,2022-07-07 09:43:02.199000,2022-07-07 09:45:13.009000,calibration,
Training_Data::cycle_3229,125892,2022-07-07 09:46:00.135000,2022-07-07 09:48:12.094000,calibration,
Training_Data::cycle_3230,125931,2022-07-07 09:48:59.524000,2022-07-07 09:51:10.456000,calibration,
Training_Data::cycle_3231,125970,2022-07-07 09:56:27.885000,2022-07-07 09:58:38.731000,calibration,
Training_Data::cycle_3232,126009,2022-07-07 09:59:25.703000,2022-07-07 10:01:37.016000,calibration,
Training_Data::cycle_3233,126048,2022-07-07 10:08:21.915000,2022-07-07 10:10:33.281000,calibration,
Training_Data::cycle_3234,126087,2022-07-07 10:11:20.207000,2022-07-07 10:13:31.273000,calibration,
Training_Data::cycle_3235,126126,2022-07-07 10:21:15.874000,2022-07-07 10:23:26.851000,calibration,
Training_Data::cycle_3236,126165,2022-07-07 10:58:47.756000,2022-07-07 11:00:59.012000,calibration,
Training_Data::cycle_3237,126204,2022-07-07 11:01:46.372000,2022-07-07 11:03:57.848000,calibration,
Training_Data::cycle_3238,126243,2022-07-07 11:06:32.773000,2022-07-07 11:08:43.793000,calibration,
Training_Data::cycle_3239,126282,2022-07-07 11:12:34.456000,2022-07-07 11:14:46.500000,calibration,
Training_Data::cycle_3240,126321,2022-07-07 11:32:24.489000,2022-07-07 11:34:35.315000,calibration,
Training_Data::cycle_3241,126360,2022-07-07 11:35:22.483000,2022-07-07 11:37:33.817000,calibration,
Training_Data::cycle_3242,126399,2022-07-07 11:42:58.236000,2022-07-07 11:45:09.314000,calibration,
Training_Data::cycle_3243,126438,2022-07-07 11:59:30.870000,2022-07-07 12:01:43.291000,calibration,
Training_Data::cycle_3244,126477,2022-07-07 13:13:29.691000,2022-07-07 13:15:40.801000,calibration,
Training_Data::cycle_3245,126516,2022-07-07 13:16:27.705000,2022-07-07 13:18:40.472000,calibration,
Training_Data::cycle_3246,126555,2022-07-07 13:19:26.912000,2022-07-07 13:21:38.766000,calibration,
Training_Data::cycle_3247,126594,2022-07-07 13:31:55.143000,2022-07-07 13:34:07.156000,calibration,
Training_Data::cycle_3248,126633,2022-07-07 13:40:54.321000,2022-07-07 13:43:06.147000,calibration,
Training_Data::cycle_3249,126672,2022-07-07 14:02:27.410000,2022-07-07 14:04:39.974000,calibration,
Training_Data::cycle_3250,126711,2022-07-07 14:05:26.516000,2022-07-07 14:07:37.354000,calibration,
Training_Data::cycle_3251,126750,2022-07-07 14:08:23.613000,2022-07-07 14:10:36.045000,calibration,
Training_Data::cycle_3252,126789,2022-07-07 14:11:22.313000,2022-07-07 14:13:33.927000,calibration,
Training_Data::cycle_3253,126828,2022-07-07 14:14:21.959000,2022-07-07 14:16:33.732000,calibration,
Training_Data::cycle_3254,126867,2022-07-07 14:17:20.378000,2022-07-07 14:19:31.932000,calibration,
Training_Data::cycle_3255,126906,2022-07-07 14:23:03.913000,2022-07-07 14:25:15.047000,calibration,
Training_Data::cycle_3256,126945,2022-07-07 14:32:34.154000,2022-07-07 14:34:46.634000,calibration,
Training_Data::cycle_3257,126984,2022-07-07 14:35:34.070000,2022-07-07 14:37:46.033000,calibration,
Training_Data::cycle_3258,127023,2022-07-07 14:54:03.735000,2022-07-07 14:56:14.553000,calibration,
Training_Data::cycle_3259,127062,2022-07-07 15:06:46.579000,2022-07-07 15:08:58.345000,calibration,
Training_Data::cycle_3260,127101,2022-07-07 15:09:45.285000,2022-07-07 15:11:57.956000,calibration,
Training_Data::cycle_3261,127140,2022-07-07 15:14:46.262000,2022-07-07 15:16:58.412000,calibration,
Training_Data::cycle_3262,127179,2022-07-07 15:17:45.782000,2022-07-07 15:19:57.627000,calibration,
Training_Data::cycle_3263,127218,2022-07-07 15:23:05.081000,2022-07-07 15:25:17.227000,calibration,
Training_Data::cycle_3264,127257,2022-07-07 15:26:04.460000,2022-07-07 15:28:17.112000,calibration,
Training_Data::cycle_3265,127296,2022-07-07 15:49:48.767000,2022-07-07 15:51:59.909000,calibration,
Training_Data::cycle_3266,127335,2022-07-07 15:57:57.464000,2022-07-07 16:00:08.838000,calibration,
Training_Data::cycle_3267,127374,2022-07-07 16:10:38.652000,2022-07-07 16:12:50.284000,calibration,
Training_Data::cycle_3268,127413,2022-07-07 16:20:08.771000,2022-07-07 16:22:21.890000,calibration,
Training_Data::cycle_3269,127452,2022-07-07 16:23:09.686000,2022-07-07 16:25:21.598000,calibration,
Training_Data::cycle_3270,127491,2022-07-07 16:26:09.232000,2022-07-07 16:28:21.974000,calibration,
Training_Data::cycle_3271,127530,2022-07-07 16:32:53.745000,2022-07-07 16:35:06.389000,calibration,
Training_Data::cycle_3272,127569,2022-07-07 16:35:53.267000,2022-07-07 16:38:04.910000,calibration,
Training_Data::cycle_3273,127608,2022-07-07 16:38:53.634000,2022-07-07 16:41:06.082000,calibration,
Training_Data::cycle_3274,127647,2022-07-07 17:05:51.910000,2022-07-07 17:08:04.198000,calibration,
Training_Data::cycle_3275,127686,2022-07-07 17:08:50.812000,2022-07-07 17:11:02.322000,calibration,
Training_Data::cycle_3276,127725,2022-07-07 17:11:53.333000,2022-07-07 17:14:05.461000,calibration,
Training_Data::cycle_3277,127764,2022-07-07 17:14:52.765000,2022-07-07 17:17:04.897000,calibration,
Training_Data::cycle_3278,127803,2022-07-07 17:17:50.929000,2022-07-07 17:20:03.176000,calibration,
Training_Data::cycle_3279,127842,2022-07-07 17:20:50.298000,2022-07-07 17:23:02.844000,calibration,
Training_Data::cycle_3280,127881,2022-07-08 09:08:36.026000,2022-07-08 09:10:47.398000,calibration,
Training_Data::cycle_3281,127920,2022-07-08 09:11:34.216000,2022-07-08 09:13:45.875000,calibration,
Training_Data::cycle_3282,127959,2022-07-08 09:14:32.523000,2022-07-08 09:16:44.609000,calibration,
Training_Data::cycle_3283,127998,2022-07-08 09:17:31.585000,2022-07-08 09:19:43.264000,calibration,
Training_Data::cycle_3284,128037,2022-07-08 09:20:29.810000,2022-07-08 09:22:41.538000,calibration,
Training_Data::cycle_3285,128076,2022-07-08 09:28:24.427000,2022-07-08 09:30:35.837000,calibration,
Training_Data::cycle_3286,128115,2022-07-08 09:34:57.532000,2022-07-08 09:37:09.100000,calibration,
Training_Data::cycle_3287,128154,2022-07-08 09:44:28.625000,2022-07-08 09:46:39.755000,calibration,
Training_Data::cycle_3288,128193,2022-07-08 09:50:41.172000,2022-07-08 09:52:52.460000,calibration,
Training_Data::cycle_3289,128232,2022-07-08 09:54:37.293000,2022-07-08 09:56:48.261000,calibration,
Training_Data::cycle_3290,128271,2022-07-08 10:02:20.810000,2022-07-08 10:04:32.120000,calibration,
Training_Data::cycle_3291,128310,2022-07-08 10:09:30.797000,2022-07-08 10:11:42.013000,calibration,
Training_Data::cycle_3292,128349,2022-07-08 10:20:08.014000,2022-07-08 10:22:19.506000,calibration,
Training_Data::cycle_3293,128388,2022-07-08 10:27:33.659000,2022-07-08 10:29:45.726000,calibration,
Training_Data::cycle_3294,128427,2022-07-08 10:51:21.395000,2022-07-08 10:53:33.031000,calibration,
Training_Data::cycle_3295,128466,2022-07-08 11:01:06.250000,2022-07-08 11:03:17.118000,calibration,
Training_Data::cycle_3296,128505,2022-07-08 11:04:03.856000,2022-07-08 11:06:15.331000,calibration,
Training_Data::cycle_3297,128544,2022-07-08 11:08:56.673000,2022-07-08 11:11:08.299000,calibration,
Training_Data::cycle_3298,128583,2022-07-08 11:23:50.521000,2022-07-08 11:26:03.127000,calibration,
Training_Data::cycle_3299,128622,2022-07-08 11:30:12.426000,2022-07-08 11:32:24.196000,calibration,
Training_Data::cycle_3300,128661,2022-07-08 11:35:59.169000,2022-07-08 11:38:10.133000,calibration,
Training_Data::cycle_3301,128700,2022-07-08 11:43:06.652000,2022-07-08 11:45:18.522000,calibration,
Training_Data::cycle_3302,128739,2022-07-08 13:13:50.829000,2022-07-08 13:16:03.623000,calibration,
Training_Data::cycle_3303,128778,2022-07-08 13:30:22.435000,2022-07-08 13:32:35.145000,calibration,
Training_Data::cycle_3304,128817,2022-07-08 13:49:28.904000,2022-07-08 13:51:40.946000,calibration,
Training_Data::cycle_3305,128856,2022-07-08 14:04:11.890000,2022-07-08 14:06:24.252000,calibration,
Training_Data::cycle_3306,128895,2022-07-08 14:25:17.951000,2022-07-08 14:27:29.339000,calibration,
Training_Data::cycle_3307,128934,2022-07-08 14:39:28.407000,2022-07-08 14:41:39.287000,calibration,
Training_Data::cycle_3308,128973,2022-07-08 15:04:26.874000,2022-07-08 15:06:39.631000,calibration,
Training_Data::cycle_3309,129012,2022-07-08 15:11:52.665000,2022-07-08 15:14:04.980000,calibration,
Training_Data::cycle_3310,129051,2022-07-08 15:51:00.541000,2022-07-08 15:53:13.679000,calibration,
Training_Data::cycle_3311,129090,2022-07-08 15:58:42.168000,2022-07-08 16:00:54.888000,calibration,
Training_Data::cycle_3312,129129,2022-07-08 16:12:30.538000,2022-07-08 16:14:43.388000,calibration,
Training_Data::cycle_3313,129168,2022-07-08 16:19:49.633000,2022-07-08 16:22:02.809000,calibration,
Training_Data::cycle_3314,129207,2022-07-08 16:32:34.933000,2022-07-08 16:34:47.619000,calibration,
Training_Data::cycle_3315,129246,2022-07-08 16:49:50.211000,2022-07-08 16:52:02.402000,calibration,
Training_Data::cycle_3316,129285,2022-07-08 17:03:00.135000,2022-07-08 17:05:11.970000,calibration,
Training_Data::cycle_3317,129324,2022-07-08 17:18:20.007000,2022-07-08 17:20:32.172000,calibration,
Training_Data::cycle_3318,129363,2022-07-11 09:04:58.233000,2022-07-11 09:07:09.829000,calibration,
Training_Data::cycle_3319,129402,2022-07-11 09:08:55.400000,2022-07-11 09:11:07.142000,calibration,
Training_Data::cycle_3320,129441,2022-07-11 09:19:17.479000,2022-07-11 09:21:28.541000,calibration,
Training_Data::cycle_3321,129480,2022-07-11 09:28:53.876000,2022-07-11 09:31:05.731000,calibration,
Training_Data::cycle_3322,129519,2022-07-11 09:38:24.686000,2022-07-11 09:40:37.140000,calibration,
Training_Data::cycle_3323,129558,2022-07-11 09:47:50.735000,2022-07-11 09:50:02.115000,calibration,
Training_Data::cycle_3324,129597,2022-07-11 10:03:14.345000,2022-07-11 10:05:26.290000,calibration,
Training_Data::cycle_3325,129636,2022-07-11 10:11:46.770000,2022-07-11 10:13:58.145000,calibration,
Training_Data::cycle_3326,129675,2022-07-11 10:28:11.155000,2022-07-11 10:30:23.295000,calibration,
Training_Data::cycle_3327,129714,2022-07-11 10:31:59.005000,2022-07-11 10:34:10.918000,calibration,
Training_Data::cycle_3328,129753,2022-07-11 11:10:47.235000,2022-07-11 11:12:59.253000,calibration,
Training_Data::cycle_3329,129792,2022-07-11 11:15:44.503000,2022-07-11 11:17:55.760000,calibration,
Training_Data::cycle_3330,129831,2022-07-11 11:37:19.247000,2022-07-11 11:39:30.327000,calibration,
Training_Data::cycle_3331,129870,2022-07-11 13:07:14.937000,2022-07-11 13:09:26.990000,calibration,
Training_Data::cycle_3332,129909,2022-07-11 13:15:53.162000,2022-07-11 13:18:05.335000,calibration,
Training_Data::cycle_3333,129948,2022-07-11 13:23:07.167000,2022-07-11 13:25:19.318000,calibration,
Training_Data::cycle_3334,129987,2022-07-11 13:29:11.198000,2022-07-11 13:31:23.389000,calibration,
Training_Data::cycle_3335,130026,2022-07-11 13:35:12.363000,2022-07-11 13:37:24.394000,calibration,
Training_Data::cycle_3336,130065,2022-07-11 13:40:00.144000,2022-07-11 13:42:12.406000,calibration,
Training_Data::cycle_3337,130104,2022-07-11 13:48:19.019000,2022-07-11 13:50:30.593000,calibration,
Training_Data::cycle_3338,130143,2022-07-11 13:53:12.052000,2022-07-11 13:55:23.808000,calibration,
Training_Data::cycle_3339,130182,2022-07-11 14:05:20.163000,2022-07-11 14:07:32.266000,calibration,
Training_Data::cycle_3340,130221,2022-07-11 14:16:34.325000,2022-07-11 14:18:46.003000,calibration,
Training_Data::cycle_3341,130260,2022-07-11 14:30:37.129000,2022-07-11 14:32:48.393000,calibration,
Training_Data::cycle_3342,130299,2022-07-11 14:40:43.110000,2022-07-11 14:42:54.979000,calibration,
Training_Data::cycle_3343,130338,2022-07-11 14:56:31.629000,2022-07-11 14:58:43.963000,calibration,
Training_Data::cycle_3344,130377,2022-07-25 13:11:34.489000,2022-07-25 13:13:46.369000,calibration,
Training_Data::cycle_3345,130416,2022-07-25 13:30:41.560000,2022-07-25 13:32:53.262000,calibration,
Training_Data::cycle_3346,130455,2022-07-25 13:42:20.629000,2022-07-25 13:44:32.464000,calibration,
Training_Data::cycle_3347,130494,2022-07-25 14:10:18.415000,2022-07-25 14:12:29.556000,calibration,
Training_Data::cycle_3348,130533,2022-07-25 14:13:16.480000,2022-07-25 14:15:27.766000,calibration,
Training_Data::cycle_3349,130572,2022-07-25 14:21:48.361000,2022-07-25 14:23:59.637000,calibration,
Training_Data::cycle_3350,130611,2022-07-25 14:29:31.102000,2022-07-25 14:31:42.028000,calibration,
Training_Data::cycle_3351,130650,2022-07-25 14:38:29.283000,2022-07-25 14:40:40.944000,calibration,
Training_Data::cycle_3352,130689,2022-07-25 14:45:59.956000,2022-07-25 14:48:11.917000,calibration,
Training_Data::cycle_3353,130728,2022-07-25 14:53:34.103000,2022-07-25 14:55:45.760000,calibration,
Training_Data::cycle_3354,130767,2022-07-25 14:59:32.808000,2022-07-25 15:01:44.335000,calibration,
Training_Data::cycle_3355,130806,2022-07-25 15:06:54.491000,2022-07-25 15:09:05.938000,calibration,
Training_Data::cycle_3356,130845,2022-07-25 15:20:10.795000,2022-07-25 15:22:23.023000,calibration,
Training_Data::cycle_3357,130884,2022-07-25 15:52:31.266000,2022-07-25 15:54:42.994000,calibration,
Training_Data::cycle_3358,130923,2022-07-25 16:00:39.293000,2022-07-25 16:02:51.113000,calibration,
Training_Data::cycle_3359,130962,2022-07-25 16:10:22.344000,2022-07-25 16:12:34.093000,calibration,
Training_Data::cycle_3360,131001,2022-07-25 16:18:17.753000,2022-07-25 16:20:29.282000,calibration,
Training_Data::cycle_3361,131040,2022-07-25 16:22:39.540000,2022-07-25 16:24:51.810000,calibration,
Training_Data::cycle_3362,131079,2022-07-25 16:29:37.733000,2022-07-25 16:31:49.475000,calibration,
Training_Data::cycle_3363,131118,2022-07-25 16:35:57.276000,2022-07-25 16:38:09.008000,calibration,
Training_Data::cycle_3364,131157,2022-07-25 16:40:36.443000,2022-07-25 16:42:48.887000,calibration,
Training_Data::cycle_3365,131196,2022-07-25 16:48:39.630000,2022-07-25 16:50:51.426000,calibration,
Training_Data::cycle_3366,131235,2022-07-25 16:55:55.149000,2022-07-25 16:58:07.179000,calibration,
Training_Data::cycle_3367,131274,2022-07-25 17:03:38.264000,2022-07-25 17:05:50.280000,calibration,
Training_Data::cycle_3368,131313,2022-07-25 17:12:49.841000,2022-07-25 17:15:01.775000,calibration,
Training_Data::cycle_3369,131352,2022-07-25 17:26:31.949000,2022-07-25 17:28:43.763000,calibration,
Training_Data::cycle_3370,131391,2022-07-25 17:37:33.501000,2022-07-25 17:39:44.459000,calibration,
Training_Data::cycle_3371,131430,2022-07-26 09:16:01.201000,2022-07-26 09:18:11.916000,calibration,
Training_Data::cycle_3372,131469,2022-07-26 09:24:56.371000,2022-07-26 09:27:09.021000,calibration,
Training_Data::cycle_3373,131508,2022-07-26 09:35:30.944000,2022-07-26 09:37:42.949000,calibration,
Training_Data::cycle_3374,131547,2022-07-26 09:41:34.337000,2022-07-26 09:43:45.595000,calibration,
Training_Data::cycle_3375,131586,2022-07-26 09:44:46.982000,2022-07-26 09:46:58.296000,calibration,
Training_Data::cycle_3376,131625,2022-07-26 09:50:05.744000,2022-07-26 09:52:17.691000,calibration,
Training_Data::cycle_3377,131664,2022-07-26 09:54:07.341000,2022-07-26 09:56:19.393000,calibration,
Training_Data::cycle_3378,131703,2022-07-26 09:57:47.271000,2022-07-26 09:59:58.990000,calibration,
Training_Data::cycle_3379,131742,2022-07-26 10:06:40.637000,2022-07-26 10:08:51.479000,calibration,
Training_Data::cycle_3380,131781,2022-07-26 10:09:38.077000,2022-07-26 10:11:49.071000,calibration,
Training_Data::cycle_3381,131820,2022-07-26 10:16:36.684000,2022-07-26 10:18:48.310000,calibration,
Training_Data::cycle_3382,131859,2022-07-26 10:29:15.242000,2022-07-26 10:31:27.084000,calibration,
Training_Data::cycle_3383,131898,2022-07-26 10:59:15.412000,2022-07-26 11:01:26.644000,calibration,
Training_Data::cycle_3384,131937,2022-07-26 11:07:46.911000,2022-07-26 11:09:58.574000,calibration,
Training_Data::cycle_3385,131976,2022-07-26 11:19:50.923000,2022-07-26 11:22:03.337000,calibration,
Training_Data::cycle_3386,132015,2022-07-26 11:33:02.735000,2022-07-26 11:35:14.459000,calibration,
Training_Data::cycle_3387,132054,2022-07-26 13:05:54.866000,2022-07-26 13:08:06.500000,calibration,
Training_Data::cycle_3388,132093,2022-07-26 13:14:27.759000,2022-07-26 13:16:39.126000,calibration,
Training_Data::cycle_3389,132132,2022-07-26 13:25:14.871000,2022-07-26 13:27:26.347000,calibration,
Training_Data::cycle_3390,132171,2022-07-26 13:33:56.570000,2022-07-26 13:36:08.090000,calibration,
Training_Data::cycle_3391,132210,2022-07-26 13:42:13.527000,2022-07-26 13:44:24.979000,calibration,
Training_Data::cycle_3392,132249,2022-07-26 13:48:06.040000,2022-07-26 13:50:18.192000,calibration,
Training_Data::cycle_3393,132288,2022-07-26 13:55:59.227000,2022-07-26 13:58:10.489000,calibration,
Training_Data::cycle_3394,132327,2022-07-26 14:03:07.630000,2022-07-26 14:05:19.486000,calibration,
Training_Data::cycle_3395,132366,2022-07-26 14:10:56.185000,2022-07-26 14:13:07.292000,calibration,
Training_Data::cycle_3396,132405,2022-07-26 14:13:54.372000,2022-07-26 14:16:06.462000,calibration,
Training_Data::cycle_3397,132444,2022-07-26 14:22:52.265000,2022-07-26 14:25:03.523000,calibration,
Training_Data::cycle_3398,132483,2022-07-26 14:32:20.224000,2022-07-26 14:34:32.097000,calibration,
Training_Data::cycle_3399,132522,2022-07-26 14:46:38.002000,2022-07-26 14:48:49.033000,calibration,
Training_Data::cycle_3400,132561,2022-07-26 15:01:24.020000,2022-07-26 15:03:35.563000,calibration,
Training_Data::cycle_3401,132600,2022-07-26 15:08:35.205000,2022-07-26 15:10:46.312000,calibration,
Training_Data::cycle_3402,132639,2022-07-26 15:20:52.813000,2022-07-26 15:23:03.563000,calibration,
Training_Data::cycle_3403,132678,2022-07-26 15:58:08.564000,2022-07-26 16:00:19.431000,calibration,
Training_Data::cycle_3404,132717,2022-07-26 16:10:01.384000,2022-07-26 16:12:13.246000,calibration,
Training_Data::cycle_3405,132756,2022-07-26 16:33:30.091000,2022-07-26 16:35:41.832000,calibration,
Training_Data::cycle_3406,132795,2022-07-26 16:46:22.701000,2022-07-26 16:48:34.406000,calibration,
Training_Data::cycle_3407,132834,2022-07-26 16:49:21.380000,2022-07-26 16:51:32.400000,calibration,
Training_Data::cycle_3408,132873,2022-07-26 16:54:46.454000,2022-07-26 16:56:58.913000,calibration,
Training_Data::cycle_3409,132912,2022-07-26 17:03:30.970000,2022-07-26 17:05:43.084000,calibration,
Training_Data::cycle_3410,132951,2022-07-26 17:09:43.363000,2022-07-26 17:11:54.903000,calibration,
Training_Data::cycle_3411,132990,2022-07-26 17:15:02.273000,2022-07-26 17:17:13.210000,calibration,
Training_Data::cycle_3412,133029,2022-07-26 17:23:34.921000,2022-07-26 17:25:46.929000,calibration,
Training_Data::cycle_3413,133068,2022-07-26 17:32:09.338000,2022-07-26 17:34:21.900000,calibration,
Training_Data::cycle_3414,133107,2022-07-28 09:04:43.792000,2022-07-28 09:06:55.108000,calibration,
Training_Data::cycle_3415,133146,2022-07-28 09:22:26.800000,2022-07-28 09:24:37.728000,calibration,
Training_Data::cycle_3416,133185,2022-07-28 09:30:01.751000,2022-07-28 09:32:13.094000,calibration,
Training_Data::cycle_3417,133224,2022-07-28 09:36:59.832000,2022-07-28 09:39:11.191000,calibration,
Training_Data::cycle_3418,133263,2022-07-28 09:46:21.380000,2022-07-28 09:48:32.558000,calibration,
Training_Data::cycle_3419,133302,2022-07-28 09:52:24.736000,2022-07-28 09:54:37.083000,calibration,
Training_Data::cycle_3420,133341,2022-07-28 10:03:11.702000,2022-07-28 10:05:22.672000,calibration,
Training_Data::cycle_3421,133380,2022-07-28 10:14:30.802000,2022-07-28 10:16:41.782000,calibration,
Training_Data::cycle_3422,133419,2022-07-28 10:28:03.185000,2022-07-28 10:30:14.364000,calibration,
Training_Data::cycle_3423,133458,2022-07-28 10:54:59.809000,2022-07-28 10:57:10.944000,calibration,
Training_Data::cycle_3424,133497,2022-07-28 11:01:21.610000,2022-07-28 11:03:33.570000,calibration,
Training_Data::cycle_3425,133536,2022-07-28 11:17:17.676000,2022-07-28 11:19:28.953000,calibration,
Training_Data::cycle_3426,133575,2022-07-28 11:23:18.809000,2022-07-28 11:25:30.464000,calibration,
Training_Data::cycle_3427,133614,2022-07-28 11:28:01.706000,2022-07-28 11:30:13.638000,calibration,
Training_Data::cycle_3428,133653,2022-07-28 11:34:21.597000,2022-07-28 11:36:33.903000,calibration,
Training_Data::cycle_3429,133692,2022-07-28 11:45:59.862000,2022-07-28 11:48:11.125000,calibration,
Training_Data::cycle_3430,133731,2022-07-28 11:52:32.787000,2022-07-28 11:54:43.438000,calibration,
Training_Data::cycle_3431,133770,2022-07-28 13:11:00.653000,2022-07-28 13:13:12.182000,calibration,
Training_Data::cycle_3432,133809,2022-07-28 13:19:14.539000,2022-07-28 13:21:25.871000,calibration,
Training_Data::cycle_3433,133848,2022-07-28 13:24:33.223000,2022-07-28 13:26:44.968000,calibration,
Training_Data::cycle_3434,133887,2022-07-28 13:47:15.093000,2022-07-28 13:49:26.527000,calibration,
Training_Data::cycle_3435,133926,2022-07-28 13:53:56.531000,2022-07-28 13:56:08.260000,calibration,
Training_Data::cycle_3436,133965,2022-07-28 14:05:32.395000,2022-07-28 14:07:43.359000,calibration,
Training_Data::cycle_3437,134004,2022-07-28 14:15:37.401000,2022-07-28 14:17:48.623000,calibration,
Training_Data::cycle_3438,134043,2022-07-28 14:19:30.909000,2022-07-28 14:21:42.713000,calibration,
Training_Data::cycle_3439,134082,2022-07-28 14:37:59.006000,2022-07-28 14:40:11.432000,calibration,
Training_Data::cycle_3440,134121,2022-07-28 14:43:02.312000,2022-07-28 14:45:14.463000,calibration,
Training_Data::cycle_3441,134160,2022-07-28 14:49:12.213000,2022-07-28 14:51:23.614000,calibration,
Training_Data::cycle_3442,134199,2022-07-28 15:04:12.409000,2022-07-28 15:06:23.596000,calibration,
Training_Data::cycle_3443,134238,2022-07-28 15:18:09.511000,2022-07-28 15:20:21.128000,calibration,
Training_Data::cycle_3444,134277,2022-07-28 15:58:47.447000,2022-07-28 16:00:58.185000,calibration,
Training_Data::cycle_3445,134316,2022-07-28 16:13:55.067000,2022-07-28 16:16:06.720000,calibration,
Training_Data::cycle_3446,134355,2022-07-28 16:18:41.462000,2022-07-28 16:20:53.596000,calibration,
Training_Data::cycle_3447,134394,2022-07-28 16:27:04.073000,2022-07-28 16:29:15.795000,calibration,
Training_Data::cycle_3448,134433,2022-07-28 16:37:51.341000,2022-07-28 16:40:03.175000,calibration,
Training_Data::cycle_3449,134472,2022-07-28 16:48:21.468000,2022-07-28 16:50:33.184000,calibration,
Training_Data::cycle_3450,134511,2022-07-28 17:02:35.654000,2022-07-28 17:04:48.386000,calibration,
Training_Data::cycle_3451,134550,2022-07-28 17:05:35.831000,2022-07-28 17:07:48.521000,calibration,
Training_Data::cycle_3452,134589,2022-07-28 17:08:35.317000,2022-07-28 17:10:47.281000,calibration,
Training_Data::cycle_3453,134628,2022-07-28 17:17:57.944000,2022-07-28 17:20:09.979000,calibration,
Training_Data::cycle_3454,134667,2022-07-28 17:29:36.228000,2022-07-28 17:31:47.968000,calibration,
Training_Data::cycle_3455,134706,2022-07-28 17:36:19.931000,2022-07-28 17:38:31.577000,calibration,
Training_Data::cycle_3456,134745,2022-07-28 17:39:18.765000,2022-07-28 17:41:30.874000,calibration,
Training_Data::cycle_3457,134784,2022-07-28 17:43:53.030000,2022-07-28 17:46:05.236000,calibration,
Training_Data::cycle_3458,134823,2022-07-28 17:48:31.067000,2022-07-28 17:50:42.863000,calibration,
Training_Data::cycle_3459,134862,2022-07-29 14:38:42.726000,2022-07-29 14:40:54.920000,calibration,
Training_Data::cycle_3460,134901,2022-07-29 14:42:39.472000,2022-07-29 14:44:51.593000,calibration,
Training_Data::cycle_3461,134940,2022-07-29 14:52:45.270000,2022-07-29 14:54:57.536000,calibration,
Training_Data::cycle_3462,134979,2022-07-29 14:59:39.949000,2022-07-29 15:01:51.393000,calibration,
Training_Data::cycle_3463,135018,2022-07-29 15:03:15.113000,2022-07-29 15:05:27.467000,calibration,
Training_Data::cycle_3464,135057,2022-07-29 15:16:04.541000,2022-07-29 15:18:17.177000,calibration,
Training_Data::cycle_3465,135096,2022-07-29 15:23:03.550000,2022-07-29 15:25:16.948000,calibration,
Training_Data::cycle_3466,135135,2022-07-29 15:48:48.648000,2022-07-29 15:51:01.580000,calibration,
Training_Data::cycle_3467,135174,2022-07-29 16:02:18.038000,2022-07-29 16:04:30.046000,calibration,
Training_Data::cycle_3468,135213,2022-07-29 16:07:47.804000,2022-07-29 16:10:00.955000,calibration,
Training_Data::cycle_3469,135252,2022-07-29 16:14:01.615000,2022-07-29 16:16:13.827000,calibration,
Training_Data::cycle_3470,135291,2022-07-29 16:20:35.210000,2022-07-29 16:22:46.862000,calibration,
Training_Data::cycle_3471,135330,2022-07-29 16:31:22.608000,2022-07-29 16:33:35.186000,calibration,
Training_Data::cycle_3472,135369,2022-07-29 16:37:35.003000,2022-07-29 16:39:47.667000,calibration,
Training_Data::cycle_3473,135408,2022-07-29 16:44:07.383000,2022-07-29 16:46:19.530000,calibration,
Training_Data::cycle_3474,135447,2022-07-29 16:50:09.634000,2022-07-29 16:52:21.619000,calibration,
Training_Data::cycle_3475,135486,2022-07-29 16:53:47.057000,2022-07-29 16:55:59.639000,calibration,
Training_Data::cycle_3476,135525,2022-07-29 16:59:46.902000,2022-07-29 17:01:59.020000,calibration,
Training_Data::cycle_3477,135564,2022-07-29 17:06:37.503000,2022-07-29 17:08:49.331000,calibration,
Training_Data::cycle_3478,135603,2022-07-29 17:09:35.819000,2022-07-29 17:11:47.317000,calibration,
Training_Data::cycle_3479,135642,2022-07-29 17:17:05.670000,2022-07-29 17:19:17.232000,calibration,
Training_Data::cycle_3480,135681,2022-07-29 17:20:03.821000,2022-07-29 17:22:15.921000,calibration,
Training_Data::cycle_3481,135720,2022-07-29 17:23:04.579000,2022-07-29 17:25:16.311000,calibration,
