tree
version=v4
num_class=1
num_tree_per_iteration=1
label_index=0
max_feature_idx=160
objective=regression_l1
feature_names=Column_0 Column_1 Column_2 Column_3 Column_4 Column_5 Column_6 Column_7 Column_8 Column_9 Column_10 Column_11 Column_12 Column_13 Column_14 Column_15 Column_16 Column_17 Column_18 Column_19 Column_20 Column_21 Column_22 Column_23 Column_24 Column_25 Column_26 Column_27 Column_28 Column_29 Column_30 Column_31 Column_32 Column_33 Column_34 Column_35 Column_36 Column_37 Column_38 Column_39 Column_40 Column_41 Column_42 Column_43 Column_44 Column_45 Column_46 Column_47 Column_48 Column_49 Column_50 Column_51 Column_52 Column_53 Column_54 Column_55 Column_56 Column_57 Column_58 Column_59 Column_60 Column_61 Column_62 Column_63 Column_64 Column_65 Column_66 Column_67 Column_68 Column_69 Column_70 Column_71 Column_72 Column_73 Column_74 Column_75 Column_76 Column_77 Column_78 Column_79 Column_80 Column_81 Column_82 Column_83 Column_84 Column_85 Column_86 Column_87 Column_88 Column_89 Column_90 Column_91 Column_92 Column_93 Column_94 Column_95 Column_96 Column_97 Column_98 Column_99 Column_100 Column_101 Column_102 Column_103 Column_104 Column_105 Column_106 Column_107 Column_108 Column_109 Column_110 Column_111 Column_112 Column_113 Column_114 Column_115 Column_116 Column_117 Column_118 Column_119 Column_120 Column_121 Column_122 Column_123 Column_124 Column_125 Column_126 Column_127 Column_128 Column_129 Column_130 Column_131 Column_132 Column_133 Column_134 Column_135 Column_136 Column_137 Column_138 Column_139 Column_140 Column_141 Column_142 Column_143 Column_144 Column_145 Column_146 Column_147 Column_148 Column_149 Column_150 Column_151 Column_152 Column_153 Column_154 Column_155 Column_156 Column_157 Column_158 Column_159 Column_160
feature_infos=[0:1] [0:1] [0:1] [0:1] [0:1] [0:1] [0:1] [0:1] [0:1] [0:1] [0:1] [0:1] none [0:1] [0:1] [0:1] [0:1] [0:1] [0:1] none [0:1] [0:1] [0:1] [0:1] [0:1] [0:1] [0:1] [0:1] [0:1] [0:1] [0:1] [0:1] [0:1] [0:1] [0:1] [0:1] [0:1] [0:1] [0:1] [0:1] [0:1] [0:1] [0:1] [0:1] [0:1] [0:1] [0:1] [0:1] [0:1] [0:1] [0:1] [0:1] [0:1] [0:1] [0:1] [0:1] [0:1] none [0:1] [0:1] [0:1] [0:1] [0:1] [0:1] [0:1] [0:1] [0:1] [0:1] [0:1] [0:1] [0:1] [0:1] [0:1] [0:1] [0:1] [0:1] [0:1] [0:1] [0:1] [0:1] [0:1] [0:1] [0:1] [0:1] [0:1] [0:1] [0:1] [0:1] [0:1] [0:1] [0:1] [0:1] [0:1] [0:1] [0:1] [0:1] [0:1] [0:1] [0:1] [0:1] [0:1] [0:1] [0:1] [0:1] [0:1] [0:1] [0:1] [0:1] [0:1] [0:1] [0:1] [0:1] [0:1] [0:1] [0:1] [0:1] [0:1] [0:872] [0:832] [0:851] [0:832] [0:872] [0:832] [0:872] [-851:872] [-827:682] [-851:695] [-0.99879227053140096:682] [0:1131] [0:1131] [0:1131] [0:1131] [0:1124] [0:444.9916353770659] [0:3] [0:1124] [0:466.60843174060687] [0:7] [0:1] [-0.97492791218182362:0.97492791218182362] [-0.90096886790241903:1] [0:1] [9:10] [37:43] [0:46] [0:46] [0:46] [0:1] [0:1] [0:1] [0:1] [0:1] [0:1] [0:1] [0:1] [0:1] [0:1] [0:1] [0:1] [0:1] [0:1]
tree_sizes=2593 2741 2789 2777 2799 2799 2814 2809 2832 2824 2815 2806 2835 2828 2825 2826 2834 2824 2835 2850 2839 2817 2836 2833 2826 2835 2842 2860 2857 2865 2848 2881 2844 2853 2846 2842 2869 2837 2856 2857 2836 2846 2848 2854 2864 2854 2866 2852 2841 2855 2867 2862 2871 2862 2865 2855 2875 2880 2887 2892 2858 2863 2876 2886 2880 2875 2871 2884 2880 2880 2882 2874 2880 2867 2877 2886 2867 2893 2889 2890 2889 2886 2894 2894 2896 2881 2901 2899 2888 2891 2914 2892 2881 2886 2868 2899 2900 2898 2903 2908 2898 2879 2883 2885 2881 2908 2908 2886 2897 2875 2926 2857 2875 2897 2895 2894 2900 2889 2885 2911 2887 2903 2909 2921 2918 2918 2887 2864 2899 2887 2912 2907 2923 2886 2917 2885 2896 2912 2896 2866 2890 2883 2889 2919 2902 2893 2890 2895 2919 2880 2903 2896 2933 2893 2898 2896 2926 2900 2899 2893 2873 2881 2896 2903 2890 2905 2902 2893 2908 2904 2903 2888 2880 2916 2920 2900 2930 2895 2894 2882 2885 2920 2886 2888 2917 2889 2863 2914 2909 2888 2900 2866 2924 2899 2883 2903 2900 2884 2901 2883 2867 2886 2890 2873 2864 2887 2882 2855 2882 2879 2882 2884 2918 2882 2909 2911 2890 2905 2914 2891 2920 2897 2892 2884 2878 2917 2912 2886 2913 2905 2920 2923 2883 2905 2912 2905 2898 2878 2908 2904 2930 2920 2922 2944 2928 2915 2879 2908 2932 2905 2895 2911 2920 2919 2898 2932 2901 2904 2899 2911 2891 2893 2890 2900

Tree=0
num_leaves=31
num_cat=0
split_feature=135 117 117 128 144 138 133 144 135 127 119 144 117 131 128 127 125 117 120 135 144 121 144 124 144 129 120 138 128 117
split_gain=2414.07 367.907 209.628 170.478 97.8452 111.951 72.9632 71.3124 41.0856 40.0425 35.7558 33.4826 26.6942 26.4333 24.5017 21.9386 17.8426 16.83 16.748 15.1867 12.5091 10.7663 8.33871 6.54089 6.35029 6.20786 6.16566 5.91615 5.20902 4.3662
threshold=23.071428571428573 22.500000000000004 29.500000000000004 27.500000000000004 11.500000000000002 0.92857142857142871 1.1236095644623239 36.500000000000007 1.0000000180025095e-35 -0.96720430107526878 38.500000000000007 10.500000000000002 1.0000000180025095e-35 47.500000000000007 21.500000000000004 -0.016172624237140363 -8.4999999999999982 15.500000000000002 9.5000000000000018 67.154761904761912 30.500000000000004 67.500000000000014 28.500000000000004 26.500000000000004 33.500000000000007 84.500000000000014 12.500000000000002 0.84523809523809534 40.500000000000007 32.500000000000007
decision_type=10 2 2 10 2 10 10 2 8 8 2 2 2 10 10 10 10 2 2 10 2 2 2 2 2 10 2 10 10 2
left_child=1 9 3 16 -5 12 13 17 11 -1 -9 -3 19 28 21 29 -2 20 -16 22 -8 -11 25 -17 -25 -6 -4 -18 -7 -10
right_child=2 8 26 4 5 6 7 10 15 14 -12 -13 -14 -15 18 23 27 -19 -20 -21 -22 -23 -24 24 -26 -27 -28 -29 -30 -31
leaf_value=26.390000000000001 26.059999999999999 25.219999999999999 26.329999999999998 27.949999999999999 26.809999999999999 25.489999999999998 25.219999999999999 25.760000000000002 26.120000000000001 25.25 29.780000000000001 27.98 25.760000000000002 28.670000000000002 25.460000000000001 25.91 25.609999999999999 26.045000000000002 26 29.629999999999999 25.219999999999999 25.219999999999999 25.969999999999999 26.75 25.774999999999999 27.469999999999999 29.239999999999998 25.43 26.09 26.870000000000001
leaf_weight=27 29 54 21 464 67 29 114 27 29 1894 57 34 22 129 69 41 34 22 52 232 65 29 27 33 20 20 1213 126 23 94
leaf_count=27 29 54 21 464 67 29 114 27 29 1894 57 34 22 129 69 41 34 22 52 232 65 29 27 33 20 20 1213 126 23 94
internal_value=26 25.978 26.0193 26.0117 26.0155 26.0093 25.9995 25.9901 26.0086 25.9734 26.0127 25.9917 26.0215 26.0142 25.973 26.0155 25.9853 25.9805 25.987 26.0236 25.9775 25.9721 26.0136 26.0042 26.0108 26.0179 26.0284 25.9815 25.9964 26.0236
internal_weight=5097 2376 2721 1487 1298 834 466 285 305 2071 84 88 368 181 2044 217 189 201 121 346 179 1923 114 94 53 87 1234 160 52 123
internal_count=5097 2376 2721 1487 1298 834 466 285 305 2071 84 88 368 181 2044 217 189 201 121 346 179 1923 114 94 53 87 1234 160 52 123
is_linear=0
shrinkage=1


Tree=1
num_leaves=31
num_cat=0
split_feature=135 117 117 128 145 138 133 145 135 127 145 135 119 128 145 127 131 120 120 118 117 128 143 121 145 145 131 129 124 117
split_gain=2368.01 361.141 205.865 169.749 92.1697 87.868 84.7255 67.0024 40.168 39.754 33.4826 28.2869 25.1275 23.9995 22.4095 20.8703 20.0725 20.0244 16.748 16.569 13.09 12.3797 12.7664 10.5968 9.75238 8.71676 7.50071 6.58413 6.54089 6.42344
threshold=23.071428571428573 22.500000000000004 35.500000000000007 27.500000000000004 10.500000000000002 0.92857142857142871 6.1463363866261949 36.500000000000007 1.0000000180025095e-35 -0.96720430107526878 10.500000000000002 56.214285714285722 38.500000000000007 21.500000000000004 28.500000000000004 -0.016172624237140363 187.50000000000003 25.500000000000004 9.5000000000000018 17.500000000000004 10.500000000000002 40.500000000000007 38.500000000000007 67.500000000000014 24.500000000000004 30.500000000000004 36.500000000000007 52.500000000000007 26.500000000000004 15.500000000000002
decision_type=10 2 2 10 2 10 10 2 8 8 2 10 2 10 2 10 10 2 2 2 2 10 2 2 2 2 10 10 2 2
left_child=1 9 3 19 -5 11 16 20 10 -1 -3 14 -9 23 -6 -10 17 21 -15 29 25 26 -23 -11 -21 -8 -7 -24 -17 -2
right_child=2 8 -4 4 5 6 7 12 15 13 -12 -13 -14 18 -16 28 -18 -19 -20 24 -22 22 27 -25 -26 -27 -28 -29 -30 -31
leaf_value=0.37829999999999997 -0.55289999999999995 -0.75659999999999994 3.3228 1.6214999999999999 0.75570000000000004 0.24675000000000002 -0.75659999999999994 -0.23280000000000003 0.62639999999999996 -0.72749999999999992 1.9205999999999999 3.4011 4.2065999999999999 -0.52380000000000004 -0.23909999999999995 -0.087300000000000003 11.434049999999999 0.64529999999999998 0 -0.6782999999999999 0.043649999999999946 0.86489999999999989 0.093599999999999975 -0.75659999999999994 0.1371 -0.75659999999999994 -0.58469999999999989 -0.38010000000000005 0.45749999999999996 -0.0017999999999999616
leaf_weight=27 123 54 1171 421 81 26 103 26 123 1894 34 257 49 69 36 41 64 74 52 23 20 66 22 29 37 55 23 21 53 23
leaf_count=27 123 54 1171 421 81 26 103 26 123 1894 34 257 49 69 36 41 64 74 52 23 20 66 22 29 37 55 23 21 53 23
internal_value=-8.70247e-05 -0.0219462 0.0190037 0.0117646 0.0156516 0.0102414 0.0025343 -0.010093 0.0084 -0.0264277 -0.00832258 0.0213562 0.01305 -0.0269078 0.00855738 0.0152432 0.0133355 0.00883544 -0.0130476 -0.0133365 -0.0199672 0.00253988 0.00810526 -0.0277407 0 -0.0227853 -0.00933333 -0.00425 0.00418182 -0.0186358
internal_weight=5097 2376 2721 1550 1344 923 549 253 305 2071 88 374 75 2044 117 217 296 232 121 206 178 158 109 1923 60 158 49 43 94 146
internal_count=5097 2376 2721 1550 1344 923 549 253 305 2071 88 374 75 2044 117 217 296 232 121 206 178 158 109 1923 60 158 49 43 94 146
is_linear=0
shrinkage=0.03


Tree=2
num_leaves=31
num_cat=0
split_feature=132 117 117 144 138 133 125 144 135 144 121 121 144 128 127 128 128 117 144 128 118 129 129 136 129 130 119 128 135 133
split_gain=2312.73 506.324 137.735 103.928 106.625 82.0129 64.5123 59.9688 52.1719 44.6963 38.452 37.5126 33.4826 27.7775 27.0608 22.7247 19.9078 19.0202 13.2327 13.1806 12.675 10.601 8.40531 6.86394 8.77282 6.19692 5.90263 9.53996 5.59551 7.35089
threshold=29.416666666666668 23.500000000000004 31.500000000000004 11.500000000000002 0.92857142857142871 1.3307163456488713 -29.499999999999996 36.500000000000007 1.0000000180025095e-35 22.500000000000004 16.500000000000004 38.500000000000007 10.500000000000002 50.500000000000007 0.77922077922077937 21.500000000000004 43.500000000000007 16.500000000000004 30.500000000000004 32.500000000000007 17.500000000000004 29.500000000000004 5.5000000000000009 2.0575598411035889 40.500000000000007 27.500000000000004 18.500000000000004 173.00000000000003 27.785714285714288 11.204999582005431
decision_type=10 2 2 2 10 10 8 2 8 2 2 2 2 10 10 10 10 2 2 10 2 10 8 10 10 8 2 10 8 10
left_child=1 6 3 19 9 16 22 17 12 -5 21 -9 -3 20 28 25 -6 18 -7 -2 -11 -8 -1 24 -21 -12 27 -18 29 -10
right_child=2 8 -4 4 5 7 10 11 14 13 15 -13 -14 -15 -16 -17 26 -19 -20 23 -22 -23 -24 -25 -26 -27 -28 -29 -30 -31
leaf_value=-0.083048999999999998 0.01285499999999999 -0.73390199999999994 3.2531159999999999 -0.78000000000000003 -0.37037474999999992 -0.73390199999999994 -0.70567500000000005 -0.28581600000000001 0.36031649999999998 -0.043085999999999985 -0.55567500000000003 3.4204019999999997 1.8629819999999999 3.0290669999999995 -0.071554499999999924 -0.038506499999999999 0.090792000000000012 0.039290999999999979 -0.73390199999999994 0.072854999999999989 0.493029 -0.49567500000000003 0.87695099999999993 2.6228549999999999 2.4720157500000002 -0.41099399999999997 2.5105409999999995 11.456878499999998 1.153116 0.37510799999999994
leaf_weight=23 30 54 1137 25 40 124 1733 36 108 38 266 61 34 299 38 84 56 23 68 26 31 25 27 344 60 68 55 30 117 37
leaf_count=23 30 54 1137 25 40 124 1733 36 108 38 266 61 34 299 38 84 56 23 68 26 31 25 27 344 60 68 55 30 117 37
internal_value=-0.000228146 -0.0199061 0.0204839 0.0138964 0.00780471 -0.00149398 -0.0254119 -0.0107697 0.0115878 0.0193568 -0.0261871 0.00847059 -0.00832258 0.0220214 0.0174885 -0.0175745 0.0143226 -0.0194727 -0.0225076 0.0254065 0.00437838 -0.0281758 0.00752727 0.0267448 0.0170769 -0.0210442 0.0194795 0.0131209 0.0208764 0.01576
internal_weight=5097 2614 2483 1346 886 493 2226 312 388 393 2176 97 88 368 300 418 181 215 192 460 69 1758 50 430 86 334 141 86 262 145
internal_count=5097 2614 2483 1346 886 493 2226 312 388 393 2176 97 88 368 300 418 181 215 192 460 69 1758 50 430 86 334 141 86 262 145
is_linear=0
shrinkage=0.03


Tree=3
num_leaves=31
num_cat=0
split_feature=132 117 117 128 144 138 133 144 125 138 144 123 127 138 120 136 144 117 125 131 121 144 144 128 128 133 117 117 136 144
split_gain=2253.53 449.287 166.581 102.455 79.1762 71.9642 89.9495 58.9145 51.3351 45.659 36.887 33.3385 28.9403 28.5434 27.3101 24.4616 24.8881 17.7914 17.7751 16.3447 20.3569 19.6057 11.1198 9.58958 9.4119 9.04366 8.36423 7.46951 7.31201 6.44306
threshold=25.166666666666668 25.500000000000004 43.500000000000007 28.500000000000004 10.500000000000002 0.92857142857142871 6.1463363866261949 31.500000000000004 -29.499999999999996 1.0000000180025095e-35 10.500000000000002 16.500000000000004 0.66862745098039222 0.53571428571428581 15.500000000000002 36.228301017975518 28.500000000000004 1.0000000180025095e-35 -13.499999999999998 187.50000000000003 16.500000000000004 13.500000000000002 30.500000000000004 15.500000000000002 40.500000000000007 11.780397087439797 15.500000000000002 32.500000000000007 2.0575598411035889 17.500000000000004
decision_type=10 2 2 10 2 10 10 2 8 8 2 2 10 10 2 10 2 2 10 10 2 2 2 10 10 10 2 2 10 2
left_child=1 8 3 18 28 13 19 17 -1 10 -3 25 27 -6 -9 16 -15 22 -2 20 21 24 -8 -13 -7 -10 -20 -11 -5 -22
right_child=2 9 -4 4 5 6 7 14 11 12 -12 23 -14 15 -16 -17 -18 -19 26 -21 29 -23 -24 -25 -26 -27 -28 -29 -30 -31
leaf_value=0.19064247000000004 0.25440135000000014 -0.71188493999999991 3.5605225200000001 0.35656152000000002 -0.77165893499999993 -0.46604775749999988 -0.71188493999999991 -0.18724151999999999 -0.68450475 0.16221550500000007 1.9270925399999999 -0.63334518000000006 -0.12363586499999996 0.56251118999999994 2.6877899399999996 3.2681949899999996 -0.26679342 0.05616177 -0.50515780499999996 10.95874508625 0.0097777425000000664 -0.5399322299999999 -0.71188493999999991 -0.20693080499999997 0.83622923999999998 -0.45872924999999998 -0.069848017499999984 0.66641051250000005 2.24416935 0.31484413500000014
leaf_weight=42 25 54 1040 51 20 27 98 34 1744 39 32 229 36 74 61 258 37 21 91 64 22 24 54 77 66 58 32 188 370 129
leaf_count=42 25 54 1040 51 20 27 98 34 1744 39 32 229 36 74 61 258 37 21 91 64 22 24 54 77 66 58 32 188 370 129
internal_value=-0.000369267 -0.0206885 0.0191756 0.0128944 0.015388 0.0106479 0.0040562 -0.00876923 -0.025807 0.0107458 -0.00784615 -0.0264619 0.0168806 0.0206193 0.00984 0.0225241 0.0100345 -0.0190112 -0.010549 0.0144036 0.0107473 0.00118033 -0.0225096 -0.0167653 0.00759184 -0.0280542 -0.0151875 0.0207931 0.0262535 0.0178462
internal_weight=5097 2499 2598 1558 1410 989 600 268 2150 349 86 2108 263 389 95 369 111 173 148 332 268 117 152 306 93 1802 123 227 421 151
internal_count=5097 2499 2598 1558 1410 989 600 268 2150 349 86 2108 263 389 95 369 111 173 148 332 268 117 152 306 93 1802 123 227 421 151
is_linear=0
shrinkage=0.03


Tree=4
num_leaves=31
num_cat=0
split_feature=135 117 117 128 128 144 144 144 144 144 120 135 144 125 127 118 120 123 117 128 138 128 136 129 123 132 133 136 119 133
split_gain=2180.61 387.344 176.187 142.563 66.2068 66.0318 83.1582 83.7494 80.6136 44.8264 53.6416 38.7929 33.4826 31.9396 21.6701 20.6704 17.4411 15.4791 12.6118 10.931 10.8587 10.0708 9.76414 11.3189 9.60731 8.45932 7.91952 7.43962 7.13658 6.81694
threshold=28.642857142857149 22.500000000000004 47.500000000000007 34.500000000000007 21.500000000000004 11.500000000000002 17.500000000000004 15.500000000000002 28.500000000000004 31.500000000000004 22.500000000000004 1.0000000180025095e-35 10.500000000000002 -27.499999999999996 0.66862745098039222 39.500000000000007 7.166666666666667 16.500000000000004 33.500000000000007 173.00000000000003 0.92857142857142871 29.500000000000004 2.0575598411035889 40.500000000000007 27.500000000000004 82.166666666666671 12.306255927198405 7.1089614096644889 31.500000000000004 14.828646686814979
decision_type=10 2 2 10 10 2 2 2 2 2 2 8 2 8 10 2 2 2 2 10 10 10 10 10 2 10 10 10 2 10
left_child=1 4 3 15 13 22 7 19 28 26 24 12 -3 -1 18 21 29 -15 27 -7 -18 -2 23 -5 -11 -26 -10 -13 -8 -6
right_child=2 11 -4 5 16 6 8 -9 9 10 -12 14 -14 17 -16 -17 20 -19 -20 -21 -22 -23 -24 -25 25 -27 -28 -29 -30 -31
leaf_value=0.080427400649999981 -0.40460760750000002 -0.69052839179999992 3.4987068444 -2.7495600000015939e-05 -0.46184113214999994 0.13068577526250005 0.85870684440000011 -0.69052839179999992 0.041077195950000131 -0.357629376675 2.1851836159499998 0.20193203984999999 1.7492797637999999 -0.66396960750000011 -0.17140485405 0.27202993938750009 0.11162114100000006 -0.56279682585000002 0.55430618962499989 10.7844097924125 -0.44507680409999995 -0.013155730500000046 2.5368442695 1.8263056502999999 0.58173461594999998 -0.069189781125000099 -0.69052839179999992 -0.033897138000000042 2.5579642931250004 -0.0099512833500000394
leaf_weight=30 126 54 1031 27 72 80 69 87 30 32 147 26 34 1716 42 44 62 234 169 30 41 61 342 65 32 22 68 30 266 28
leaf_count=30 126 54 1031 27 72 80 69 87 30 32 147 26 34 1716 42 44 62 234 169 30 41 61 342 65 32 22 68 30 266 28
internal_value=-0.00069855 -0.020383 0.0188237 0.0122857 -0.0251024 0.0161475 0.0112258 -0.00576238 0.0162653 0.00560714 0.0127059 0.00856667 -0.00832258 -0.0267778 0.0142059 -0.00925424 -0.00848077 -0.0272501 0.0178435 0.0114261 0.000222222 -0.0135625 0.0256811 0.0154021 -0.00586813 0.0019322 -0.0110097 0.00481967 0.0265412 -0.0170857
internal_weight=5097 2538 2559 1528 2183 1297 863 197 666 331 233 355 88 1980 267 231 203 1950 225 110 103 187 434 92 86 54 98 56 335 100
internal_count=5097 2538 2559 1528 2183 1297 863 197 666 331 233 355 88 1980 267 231 203 1950 225 110 103 187 434 92 86 54 98 56 335 100
is_linear=0
shrinkage=0.03


Tree=5
num_leaves=31
num_cat=0
split_feature=135 121 135 120 128 144 139 124 144 144 138 124 124 144 135 124 128 136 127 133 128 130 121 144 142 122 133 124 129 118
split_gain=2117.92 238.578 212.04 121.08 91.3618 47.6941 41.6002 57.1683 54.1333 45.0691 61.9855 27.9621 23.787 35.2888 22.5103 21.5177 21.2444 14.8553 14.707 14.5203 13.4983 13.0612 12.8471 18.142 12.1897 11.5828 11.059 10.4513 10.2715 9.76703
threshold=23.071428571428573 21.500000000000004 67.154761904761912 23.500000000000004 21.500000000000004 10.500000000000002 1.0000000180025095e-35 -4.4999999999999991 35.500000000000007 15.500000000000002 0.84523809523809534 29.500000000000004 -48.499999999999993 19.500000000000004 11.357142857142859 12.500000000000002 36.500000000000007 2.0575598411035889 -0.0046312178387650079 14.828646686814979 96.500000000000014 32.500000000000007 26.500000000000004 10.500000000000002 9.5000000000000018 19.500000000000004 31.446601987008481 48.500000000000007 126.50000000000001 47.500000000000007
decision_type=8 2 10 2 10 2 2 2 2 2 10 2 2 2 10 2 10 10 10 10 10 8 2 2 2 2 10 2 10 2
left_child=1 19 3 4 15 16 29 8 9 -8 -11 -7 13 -5 18 -2 21 -18 22 -1 27 -6 -3 -24 -12 -25 28 -9 -26 -4
right_child=2 14 6 12 5 11 7 20 -10 10 24 -13 -14 -15 -16 -17 17 -19 -20 -21 -22 -23 23 25 26 -27 -28 -29 -30 -31
leaf_value=-0.64405051927500001 -0.64405051927500001 -0.17025910079550005 2.8507389414149999 -0.66981254004599988 0.0030352181144999335 -0.14765085577499992 4.0469737269029995 0.33073894141499988 3.5341696354447496 2.8684102115062498 -0.66981254004599988 0.42356899929300024 0.51381932900212512 1.53854272550625 0.097655453221499933 0.052090093654499972 0.17320851239100007 0.33073894141499988 -0.57954881662649993 -0.091015265599500059 5.1322422902414999 -0.012761058584999957 -0.66981254004599988 0.012231146778 -0.66981254004599988 0.53767700393624995 -0.66981254004599988 1.9236573191805002 3.530187459954 4.1434102115062492
leaf_weight=1740 137 23 243 47 25 252 54 51 114 38 59 38 408 65 165 27 23 100 204 27 330 28 21 44 21 32 28 30 23 700
leaf_count=1740 137 23 243 47 25 252 54 51 114 38 59 38 408 65 165 27 23 100 204 27 330 28 21 44 21 32 28 30 23 700
internal_value=-0.00074559 -0.0224211 0.0164736 0.00648831 -0.00235276 0.00444586 0.0232217 0.0176813 0.00831579 -0.000368421 -0.00806897 -0.00303051 0.0171314 0.0045641 -0.00381377 -0.0212663 0.0165414 0.0231562 -0.00837082 -0.0275418 0.0251538 0.000413793 0 0.00494118 -0.0178235 0.0117778 -0.00849351 0.0128372 0.00110204 0.0274937
internal_weight=5097 2256 2841 1150 630 466 1691 748 337 223 169 290 520 112 489 164 176 123 324 1767 411 53 120 97 131 76 72 81 44 943
internal_count=5097 2256 2841 1150 630 466 1691 748 337 223 169 290 520 112 489 164 176 123 324 1767 411 53 120 97 131 76 72 81 44 943
is_linear=0
shrinkage=0.03


Tree=6
num_leaves=31
num_cat=0
split_feature=135 117 121 129 144 138 133 117 144 117 144 135 123 125 117 125 127 136 122 133 126 127 144 136 131 120 144 117 117 144
split_gain=2046.68 268.166 232.046 173.954 66.0331 78.69 84.4421 64.9994 44.7301 35.533 38.9055 34.486 30.9274 29.2342 19.5901 18.6117 17.8351 17.0422 17.0023 15.9111 14.2014 13.125 11.6593 12.923 11.3337 13.7325 9.80929 8.93351 8.883 8.57279
threshold=23.071428571428573 53.500000000000007 21.500000000000004 38.500000000000007 11.500000000000002 0.92857142857142871 7.5645050585752687 27.500000000000004 31.500000000000004 19.500000000000004 10.500000000000002 67.154761904761912 58.500000000000007 -42.499999999999993 1.0000000180025095e-35 3.5000000000000004 0.8583583583583585 10.275781952592828 40.500000000000007 14.406769944101596 -7.4999999999999991 0.15930451127819553 5.5000000000000009 2.1297051394295194 187.50000000000003 22.500000000000004 30.500000000000004 32.500000000000007 10.500000000000002 4.5000000000000009
decision_type=8 2 2 10 2 10 10 2 2 2 2 10 2 8 2 10 10 10 2 10 10 8 2 10 10 2 2 2 2 2
left_child=2 3 19 7 29 11 24 13 14 17 18 20 28 -2 26 -9 27 -4 -11 -1 -6 22 -15 -24 25 -7 -8 -12 -10 -5
right_child=1 -3 9 4 5 6 8 15 12 10 16 -13 -14 21 -16 -17 -18 -19 -20 -21 -22 -23 23 -25 -26 -27 -28 -29 -30 -31
leaf_value=-0.62472900369675 1.1142317940104363 3.5094433327228125 -0.56348742422783993 1.5352167731725497 -0.32781772020524991 0.063652523191980087 -0.64971816384461989 0.3613266984822488 -0.34397246227852135 0.38452608527710502 0.0079567688074125079 3.0138382239596102 4.5055756442581574 0.013616608196159933 0.033963899054686948 -0.076556651937813566 -0.22390680702514487 0.0034743339511050129 -0.652426075547205 -0.088284807631515111 0.5580501984078432 -0.59472900369674997 0.0029441615710648962 -0.18129454042650003 10.148557006335619 0.3584962845970614 -0.64971816384461989 0.49643443648266022 0.031612269272550293 2.4352167731725496
leaf_weight=1738 28 1017 157 115 21 102 91 92 24 22 57 242 46 46 22 26 38 58 42 29 112 91 40 199 50 117 52 115 29 279
leaf_count=1738 28 1017 157 115 21 102 91 92 24 22 57 242 46 46 22 26 38 58 42 29 112 91 40 199 50 117 52 115 29 279
internal_value=-0.000980792 0.0159466 -0.0222884 0.00901804 0.0148692 0.0103111 0.00283271 -0.00556736 -0.00912268 -0.00393522 0.0032043 0.0207474 0.00657692 -0.0112812 -0.0184941 0.0136098 0.00946047 -0.0129273 -0.0164348 -0.0273386 0.008 -0.0135276 -0.0100138 -0.0126393 0.0145401 0.0110893 -0.0224595 0.0135254 -0.00868966 0.0250977
internal_weight=5097 2841 2256 1824 1302 908 533 522 264 489 274 375 99 404 165 118 210 215 64 1767 133 376 285 239 269 219 143 172 53 394
internal_count=5097 2841 2256 1824 1302 908 533 522 264 489 274 375 99 404 165 118 210 215 64 1767 133 376 285 239 269 219 143 172 53 394
is_linear=0
shrinkage=0.03


Tree=7
num_leaves=31
num_cat=0
split_feature=132 117 117 132 144 123 144 120 135 144 144 139 144 120 127 125 136 135 117 130 129 123 117 130 119 125 118 131 129 130
split_gain=2021.65 392.387 199.316 91.4765 58.369 49.7799 48.1652 47.5503 38.7817 34.4108 176.292 51.1974 29.1681 27.1178 25.9103 17.8696 15.5624 19.4168 10.6755 10.5527 10.1181 9.65764 8.16127 7.776 7.73879 7.48717 7.10106 6.94465 6.38433 6.46541
threshold=25.166666666666668 21.500000000000004 53.500000000000007 39.166666666666679 29.500000000000004 16.500000000000004 31.500000000000004 22.500000000000004 0.58571428571428574 21.500000000000004 15.500000000000002 1.0000000180025095e-35 10.500000000000002 15.500000000000002 0.8583583583583585 -29.499999999999996 2.0151907431108502 106.78571428571429 32.500000000000007 44.500000000000007 23.500000000000004 15.500000000000002 26.500000000000004 53.500000000000007 39.500000000000007 -24.499999999999996 93.500000000000014 36.500000000000007 40.500000000000007 57.500000000000007
decision_type=10 2 2 10 2 2 2 2 8 2 2 2 2 2 10 8 10 10 2 8 10 2 2 10 2 8 2 10 10 10
left_child=1 5 3 13 9 20 26 22 12 10 16 -12 -3 -2 18 -7 17 28 -10 -15 25 -20 23 -8 -11 -1 -6 -9 -5 -30
right_child=2 8 -4 4 6 15 7 27 14 24 11 -13 -14 19 -16 -17 -18 -19 21 -21 -22 -23 -24 -25 -26 -27 -28 -29 29 -31
leaf_value=-0.15753125191645853 -0.049113278915640025 -0.63285329328078876 3.4641600327411282 -0.085039893593561788 -0.64589146945741127 0.35827648026532188 -0.00089445870683086065 0.12935221906352454 0.070827431145632599 0.56073740303697472 0.12349379874827433 -0.63022661892928133 1.6692948022903153 0.19459230664696861 -0.18910737469392927 -0.51658280150100477 2.2556602699773731 4.4908986202076067 0.23665366072368274 -0.13296397038895486 -0.38641117270938197 0.59092382977507441 0.11423601795547365 -0.39614669355814425 2.5786927584422741 -0.60598713358584755 -0.63022661892928133 2.3004083749304125 0.17878008782492674 -0.015258260480384393
leaf_weight=20 197 54 953 24 57 25 24 20 58 95 39 95 35 103 39 287 348 87 34 21 57 156 22 35 231 1734 34 141 50 22
leaf_count=20 197 54 953 24 57 25 24 20 58 95 39 95 35 103 39 287 348 87 34 21 57 156 22 35 231 1734 34 141 50 22
internal_value=-0.00120423 -0.0204489 0.0173085 0.0109236 0.0143973 -0.0254436 0.00344379 0.0104211 0.00770079 0.0180361 0.0139164 -0.0163597 -0.00919149 -0.0033865 0.0130274 -0.0139874 0.0216493 0.0138511 0.0165771 0.00739535 -0.02737 0.0199692 -0.00795349 -0.0135 0.0260846 -0.0277965 -0.014625 0.0196627 0.00409901 0.00849351
internal_weight=5097 2499 2598 1645 1324 2123 333 242 376 991 665 134 89 321 287 312 531 183 248 124 1811 190 81 59 326 1754 91 161 96 72
internal_count=5097 2499 2598 1645 1324 2123 333 242 376 991 665 134 89 321 287 312 531 183 248 124 1811 190 81 59 326 1754 91 161 96 72
is_linear=0
shrinkage=0.03


Tree=8
num_leaves=31
num_cat=0
split_feature=132 117 117 128 121 139 120 138 117 144 144 138 144 127 131 144 136 146 120 118 127 117 128 133 130 117 128 144 123 118
split_gain=1889.14 382.461 222.017 141.132 52.2628 47.896 52.9245 65.3702 44.3374 40.8825 63.8377 37.218 30.6068 27.4687 26.5364 26.3753 23.5549 18.815 18.5539 18.0048 17.7686 17.4809 16.0182 15.305 15.2302 10.6755 9.94444 9.84291 9.65764 9.61935
threshold=25.166666666666668 21.500000000000004 56.500000000000007 46.500000000000007 16.500000000000004 1.0000000180025095e-35 1.0000000180025095e-35 0.84523809523809534 29.500000000000004 36.500000000000007 15.500000000000002 1.0000000180025095e-35 10.500000000000002 0.8583583583583585 79.500000000000014 33.500000000000007 7.6824736320081088 23.500000000000004 20.833333333333339 45.500000000000007 0.062781531531531543 22.500000000000004 41.500000000000007 4.2815672430289302 36.500000000000007 32.500000000000007 23.500000000000004 30.500000000000004 15.500000000000002 16.500000000000004
decision_type=10 2 2 10 2 2 2 10 2 2 2 8 2 10 8 2 8 2 2 2 10 2 10 10 10 2 10 2 2 2
left_child=1 4 3 8 26 15 -7 14 19 10 -9 12 -3 25 -8 -5 -6 -18 -11 22 -10 -17 24 -12 -2 -13 -1 -25 -27 -26
right_child=2 11 -4 5 16 6 7 9 20 18 23 13 -14 -15 -16 21 17 -19 -20 -21 -22 -23 -24 27 29 28 -28 -29 -30 -31
leaf_value=-0.58780751957827204 -0.013369989515457944 -0.61386769448236511 3.4505702693968372 2.2944904618780519 -0.47955962009031727 2.5560453614132568 -0.022756171686119587 0.65023148574421774 0.16868236963890304 -0.078133961310617436 0.065156652293678577 0.068702608211263574 1.6492159582216059 -0.18997526751334196 2.8995819756890056 -0.5500514726175304 -0.60480005009031734 0.077647948659682692 3.645808504472333 0.44733773849500619 -0.037455834820320819 0.26058143125828626 9.0461878052181528e-05 -0.61131982036140287 -0.17404486124215934 0.22955405090197228 -0.37305563883877196 -0.61131982036140287 0.57319611488182221 -0.042693819211508166
leaf_weight=1681 129 54 927 488 241 152 40 72 87 20 20 58 34 40 104 21 71 73 51 37 44 33 58 96 138 34 57 55 156 26
leaf_count=1681 129 54 927 488 241 152 40 72 87 20 20 58 34 40 104 21 71 73 51 37 44 33 58 96 138 34 57 55 156 26
internal_value=-0.00148648 -0.0200895 0.0164095 0.00982339 -0.0250207 0.015656 0.00974634 0.00452268 -0.0031374 -0.00317868 -0.00904839 0.00770079 -0.00896774 0.0128805 0.0208993 0.0221463 -0.0146769 -0.00479195 0.0161053 -0.00822901 0.0116471 0.0019322 -0.0103483 -0.0188864 -0.0131678 0.0165771 -0.0272599 -0.0220769 0.0199692 -0.0191361
internal_weight=5097 2499 2598 1671 2123 1152 610 458 519 314 243 376 88 288 144 542 385 144 71 388 131 54 351 171 293 248 1738 151 190 164
internal_count=5097 2499 2598 1671 2123 1152 610 458 519 314 243 376 88 288 144 542 385 144 71 388 131 54 351 171 293 248 1738 151 190 164
is_linear=0
shrinkage=0.03


Tree=9
num_leaves=31
num_cat=0
split_feature=135 121 117 135 117 138 143 144 125 117 135 144 133 129 138 137 144 123 136 125 121 125 127 133 135 130 117 136 144 117
split_gain=1896.82 296.058 250.1 115.894 48.833 48.5082 114.428 59.9003 37.5006 36.4495 33.5401 33.7645 31.0091 29.3852 26.0139 19.8273 19.4071 26.3617 18.0715 17.6573 17.1245 16.2312 15.9239 15.098 14.1298 13.1461 12.9967 12.0462 10.0342 8.89612
threshold=23.071428571428573 21.500000000000004 56.500000000000007 67.154761904761912 25.500000000000004 0.92857142857142871 38.500000000000007 17.500000000000004 -57.499999999999993 29.500000000000004 1.0000000180025095e-35 10.500000000000002 5.6073157915017022 41.500000000000007 0.84523809523809534 6.5000000000000009 36.500000000000007 55.500000000000007 8.0101971770347671 2.5000000000000004 51.500000000000007 -43.499999999999993 -0.038762019230769225 14.406769944101596 57.500000000000007 37.500000000000007 12.500000000000002 20.014773560353039 21.500000000000004 15.500000000000002
decision_type=10 2 2 10 2 10 2 2 10 2 8 2 10 10 10 2 2 2 8 10 2 10 10 10 10 10 2 10 2 2
left_child=1 23 3 9 18 -5 25 -8 -9 12 11 -6 13 21 20 -16 -10 -18 -3 -11 -14 -2 -12 26 -15 -7 -1 -21 -20 -17
right_child=2 4 -4 5 10 6 7 8 16 19 22 -13 14 24 15 29 17 -19 28 27 -22 -23 -24 -25 -26 -27 -28 -29 -30 -31
leaf_value=-0.57017329399092387 0.92560967039362319 -0.43894512995113011 3.2567181236769893 2.7423254736767255 -0.59545166364789415 0.67656403124411113 -0.59298022575056075 2.2177878256635406 -0.59251028023471697 0.19379586475214836 0.57749343809872333 1.7197394794749576 -0.025734272373647827 0.3009927758791055 0.0036755690565549591 -0.60864507627869069 -0.13237288864867405 3.5364342493381629 -0.26051703630963341 0.059802602909731349 0.88576755200050383 -0.046764892561722067 0.177431792678623 -0.069718656679912769 -0.083635226522314449 4.36798155462417 -0.15017329399092386 -0.17773489542771109 0.08173540052187446 -0.060080968874454896
leaf_weight=1690 20 157 956 268 54 40 63 49 80 136 107 32 75 126 52 132 39 52 33 54 45 173 96 29 31 282 112 23 66 25
leaf_count=1690 20 157 956 268 54 40 63 49 80 136 107 32 75 126 52 132 39 52 33 54 45 173 96 29 31 282 112 23 66 25
internal_value=-0.0014512 -0.0210139 0.0156361 0.00889492 -0.00157091 0.0166333 0.0117443 -0.00216667 0.00530667 0.00126421 0.00681633 -0.00850549 -0.00214035 0.00403944 -0.00869461 -0.014972 -0.0015 0.00775 -0.0110115 0.011945 0.002352 -0.00375758 0.0133846 -0.0267778 0.0134815 0.0238349 -0.0271245 0.000292683 -0.000807692 -0.0201481
internal_weight=5097 2376 2721 1765 545 873 605 283 220 892 289 86 679 350 329 209 171 91 256 213 120 193 203 1831 157 322 1802 77 99 157
internal_count=5097 2376 2721 1765 545 873 605 283 220 892 289 86 679 350 329 209 171 91 256 213 120 193 203 1831 157 322 1802 77 99 157
is_linear=0
shrinkage=0.03


Tree=10
num_leaves=31
num_cat=0
split_feature=135 117 128 117 117 144 123 138 143 133 144 128 124 127 127 120 125 133 122 135 136 145 136 128 124 117 122 144 135 131
split_gain=1813.03 296.169 203.435 199.116 66.6463 47.212 45.4866 42.645 90.4408 64.0411 47.6612 39.0312 27.7043 26.6387 26.1547 25.4946 24.5167 18.4926 18.1347 17.337 14.0883 20.4422 13.6676 13.1988 12.2488 10.9667 10.8054 10.3805 10.1372 9.39008
threshold=23.071428571428573 56.500000000000007 43.500000000000007 19.500000000000004 16.500000000000004 10.500000000000002 16.500000000000004 0.92857142857142871 38.500000000000007 7.5645050585752687 31.500000000000004 104.50000000000001 -58.499999999999993 -0.98019607843137246 -0.042876292608196087 11.500000000000002 3.5000000000000004 4.5214865433696501 18.500000000000004 67.154761904761912 7.6824736320081088 23.500000000000004 3.472916179990869 24.500000000000004 26.500000000000004 80.500000000000014 20.500000000000004 28.500000000000004 57.500000000000007 19.500000000000004
decision_type=8 2 10 2 2 2 2 10 2 10 2 10 2 8 10 2 10 8 2 10 10 2 10 10 2 2 2 2 10 10
left_child=3 2 4 6 13 18 23 19 11 15 -11 22 -12 -2 -7 -10 -6 -15 -5 27 -8 -22 28 -1 26 29 -16 -4 -9 -3
right_child=1 25 7 5 16 14 20 8 9 10 12 -13 -14 17 24 -17 -18 -19 -20 -21 21 -23 -24 -25 -26 -27 -28 -29 -30 -31
leaf_value=-0.55306809517119615 1.0999588172105645 0.27901657996667989 0.6068713332708997 0.19163200566122635 0.16775913440487733 0.42440525924101413 -0.57577677605259625 0.14151383975215331 -0.43013135746482861 -0.57519081897804392 4.4759288410681846 5.3316163013829856 -0.12440843606054361 -0.022756583214170369 -0.17044784296380303 0.55891658457676097 -0.087453206842778922 -0.48053143424594225 -0.57758811373845742 2.7270264763196024 -0.59431041976788002 0.098185197200767807 0.33077503032487726 -0.28215430167246291 0.35644233889826438 4.0290165799666795 0.084620694324150203 -0.17292759252444284 -0.11647860332728179 0.7179043064418037
leaf_weight=1633 21 40 92 23 149 78 163 37 22 153 39 263 47 179 58 138 54 244 56 257 37 64 79 48 58 832 38 37 39 119
leaf_count=1633 21 40 92 23 149 78 163 37 22 153 39 263 47 179 58 138 54 244 56 257 37 64 79 48 58 832 38 37 39 119
internal_value=-0.00175696 0.0141757 0.00704798 -0.0218107 -0.00647853 0.000455696 -0.0253662 0.0143245 0.0103212 5.94059e-05 -0.00968852 0.0199858 0.00784615 -0.0129488 0.00731646 0.0145091 0.00761538 -0.0146355 -0.0188571 0.0225422 -0.0133606 -0.00418868 0.00765 -0.0272028 0 0.0273735 -0.00647525 0.0127164 -0.00140741 0.0188049
internal_weight=5097 2841 1850 2256 647 311 1945 1203 817 399 239 418 86 444 232 160 203 423 79 386 264 101 155 1681 154 991 96 129 76 159
internal_count=5097 2841 1850 2256 647 311 1945 1203 817 399 239 418 86 444 232 160 203 423 79 386 264 101 155 1681 154 991 96 129 76 159
is_linear=0
shrinkage=0.03


Tree=11
num_leaves=31
num_cat=0
split_feature=132 117 117 128 123 117 144 144 144 144 117 127 120 128 138 127 118 130 131 144 117 121 123 144 136 144 128 136 128 137
split_gain=1760.86 333.472 255.283 135.811 52.3896 43.5604 38.8875 49.6206 44.6399 142.018 76.974 35.7263 32.6078 29.3438 23.6033 22.5015 21.4828 15.1552 15.0878 12.8409 12.7565 12.6642 11.8363 11.1849 10.4181 10.1421 10.1262 11.5597 9.66672 9.02129
threshold=20.500000000000004 21.500000000000004 67.500000000000014 46.500000000000007 12.500000000000002 29.500000000000004 28.500000000000004 31.500000000000004 22.500000000000004 14.500000000000002 32.500000000000007 0.070505385252692634 15.833333333333334 104.50000000000001 1.0000000180025095e-35 -0.96362433862433849 39.500000000000007 39.500000000000007 24.500000000000004 10.500000000000002 17.500000000000004 63.500000000000007 26.500000000000004 33.500000000000007 1.0000000180025095e-35 9.5000000000000018 74.500000000000014 17.057514296082392 41.500000000000007 4.5000000000000009
decision_type=10 2 2 10 2 2 2 2 2 2 2 10 2 10 8 10 2 8 10 2 2 2 2 2 10 2 10 10 10 2
left_child=1 4 3 5 -1 16 8 -8 9 13 -11 14 -9 24 25 -6 17 -2 -14 -13 -17 28 -21 -24 -5 -3 27 -20 -7 -26
right_child=2 11 -4 6 15 21 7 12 -10 10 -12 19 18 -15 -16 20 -18 -19 26 22 -22 -23 23 -25 29 -27 -28 -29 -30 -31
leaf_value=-0.53647605231606033 -0.022089015673539263 -0.55755255862371866 3.4881460825676793 -0.0045838116909535384 0.096283833842018038 0.16374741789476058 -0.55794919277417798 -0.10178423558744377 2.1484167033327743 -0.55793509440870259 0.44839991537420237 -0.56026047032630366 -0.20412221335034908 5.2076459717765076 0.48260525344613364 -0.4464760523160603 0.33533806131485905 -0.095018941385201991 0.23018261484067032 -0.12388953330273081 -0.011932632685415143 -0.058605254911304701 0.7164708143989712 -0.22183334749547895 0.036288240409723754 1.5756086742609845 2.5716509758361394 -0.19583641596682816 0.047698123246577781 0.38445606684953509
leaf_weight=1652 217 26 871 53 34 96 99 51 288 96 35 28 22 274 166 312 63 185 23 44 45 26 32 22 48 21 135 21 40 72
leaf_count=1652 217 26 871 53 34 96 99 51 288 96 35 28 22 274 166 312 63 185 23 44 45 26 32 22 48 21 135 21 40 72
internal_value=-0.00160408 -0.020408 0.0148985 0.0085311 -0.0249727 -0.00279114 0.0143568 0.00579775 0.0177658 0.0127513 -0.0142941 0.00704651 0.0128171 0.0207611 0.014422 -0.0147576 -0.00745532 -0.0100098 0.0181748 -0.00545038 -0.0169724 0.0103832 0 0.00905085 0.0105843 -0.00392308 0.021 0.00722449 0.014 0.015312
internal_weight=5097 2382 2715 1844 2043 627 1217 351 866 578 131 339 252 447 213 391 465 402 201 126 357 162 98 54 173 47 179 44 136 120
internal_count=5097 2382 2715 1844 2043 627 1217 351 866 578 131 339 252 447 213 391 465 402 201 126 357 162 98 54 173 47 179 44 136 120
is_linear=0
shrinkage=0.03


Tree=12
num_leaves=31
num_cat=0
split_feature=132 121 132 120 127 124 142 144 128 124 124 118 128 133 119 144 138 144 144 128 126 120 131 138 124 133 144 123 144 130
split_gain=1747.05 319.07 185.334 88.9698 42.9974 41.3815 70.0591 67.354 37.9184 31.2361 26.7108 32.4026 26.6348 23.5878 22.2836 21.1322 22.6967 20.8564 54.2857 16.2758 16.1303 13.9139 11.9703 11.8297 10.575 10.4375 10.3594 9.60128 10.1723 9.13977
threshold=25.166666666666668 26.500000000000004 95.166666666666671 23.500000000000004 -0.0046312178387650079 -48.499999999999993 9.5000000000000018 15.500000000000002 18.500000000000004 12.500000000000002 19.500000000000004 62.500000000000007 42.500000000000007 4.6784206501525132 3.5000000000000004 10.500000000000002 0.84523809523809534 29.500000000000004 31.500000000000004 56.500000000000007 -5.4999999999999991 25.833333333333339 1.0000000180025095e-35 0.53571428571428581 30.500000000000004 31.446601987008481 14.500000000000002 18.500000000000004 36.500000000000007 37.500000000000007
decision_type=10 2 10 2 10 2 2 2 10 2 2 2 10 10 2 2 10 2 2 10 8 2 10 10 2 10 2 2 2 10
left_child=1 8 3 12 20 6 7 -4 9 -1 11 13 24 26 23 -14 -17 -8 25 -18 -3 -22 -12 -6 29 -19 -5 -15 -29 -2
right_child=2 4 5 10 14 -7 17 -9 -10 -11 22 -13 15 27 -16 16 19 18 -20 -21 21 -23 -24 -25 -26 -27 -28 28 -30 -31
leaf_value=-0.52038177074657843 -0.0068385938598622253 -0.045369897531233432 7.6463947946287458 -0.017485170567248218 -0.53986221897517461 4.3135017000906481 3.2816057308769415 -0.54119704157644155 -0.17538177074657849 -0.096073640533357443 0.032184873649565092 1.2204181943631269 0.37292238484404894 0.15320660781097903 -0.38853835111593327 0.46384622616607118 0.057554145280522613 1.2431843422205655 3.6809235977458128 -0.3559086454725191 0.020379445791302846 0.68634649901004396 1.223501700090649 0.3462084261611863 0.1014873277016209 -0.54121071699095269 0.16772643088716435 -0.17936604475364415 0.26310075861061311 -0.053370729289605449
leaf_weight=1730 148 52 37 27 25 921 172 56 158 74 27 197 103 28 223 67 56 32 121 72 58 127 162 52 22 25 83 77 26 139
leaf_count=1730 148 52 37 27 25 921 172 56 158 74 27 197 103 28 223 67 56 32 121 72 58 127 162 52 22 25 83 77 26 139
internal_value=-0.00176872 -0.0196581 0.0154414 0.00696852 0.000819188 0.0230489 0.0151875 -0.00759184 -0.0252537 -0.0264975 0.0148481 0.0105508 -0.00121569 0.00302439 -0.00666885 0.00512871 -0.00072 0.0212789 0.0134098 -0.00807519 0.0102645 0.0143368 0.0242474 0.00687805 -0.00733758 -0.0100645 0.0129913 -0.00547059 -0.00966667 -0.00891781
internal_weight=5097 2499 2598 1234 537 1364 443 93 1962 1804 627 438 607 241 300 298 195 350 178 128 237 185 189 77 309 57 110 131 103 287
internal_count=5097 2499 2598 1234 537 1364 443 93 1962 1804 627 438 607 241 300 298 195 350 178 128 237 185 189 77 309 57 110 131 103 287
is_linear=0
shrinkage=0.03


Tree=13
num_leaves=31
num_cat=0
split_feature=135 117 121 128 117 138 143 142 128 120 128 135 125 117 144 124 144 127 144 125 128 135 122 127 136 136 128 131 139 129
split_gain=1664.7 285.072 217.752 185.184 62.8373 35.116 74.4471 70.6589 39.8179 34.5146 26.3165 25.9335 22.5623 22.2383 36.4415 20.6626 20.5174 45.3496 19.1789 17.6496 17.46 17.2509 17.0023 16.2451 14.0117 13.1271 12.7404 10.9906 14.0745 10.1395
threshold=23.071428571428573 73.500000000000014 21.500000000000004 43.500000000000007 29.500000000000004 0.92857142857142871 38.500000000000007 9.5000000000000018 104.50000000000001 20.833333333333339 17.500000000000004 42.642857142857146 -47.499999999999993 19.500000000000004 10.500000000000002 11.500000000000002 31.500000000000004 -0.16165158371040722 38.500000000000007 3.5000000000000004 20.500000000000004 56.214285714285722 40.500000000000007 0.8583583583583585 3.472916179990869 10.275781952592828 60.500000000000007 24.500000000000004 1.0000000180025095e-35 66.500000000000014
decision_type=8 2 2 10 2 10 2 2 10 2 10 8 10 2 2 2 2 10 2 10 10 10 2 10 10 10 10 10 2 10
left_child=2 3 10 4 11 18 8 29 24 26 15 12 -2 25 22 -1 17 -11 21 -6 -14 -5 -15 -16 -7 -4 -9 -22 -29 -8
right_child=1 -3 13 5 19 6 7 9 -10 16 -12 -13 20 14 23 -17 -18 -19 -20 -21 27 -23 -24 -25 -26 -27 -28 28 -30 -31
leaf_value=-0.50477031762418112 1.0977330665465606 3.5268891542597554 -0.47347397347741055 0.33960807146498523 0.17965608191230464 -0.010074930554237155 -0.40172580417877796 0.074383815432251837 4.8590333821854808 1.7334216464254544 -0.17994531762418112 -0.38144348873195671 -0.47704327510126582 0.30930403202245499 0.23912206414260606 -0.10358330110413572 0.61418585504685042 -0.52497439548122404 -0.21301648987414182 -0.039565600646654459 -0.041616143869992399 2.2521547970458826 -0.53187774303411406 -0.216822192698546 0.28199792677627816 0.029720965906169586 -0.34205258455613596 -0.02808221847224468 0.015714691696571741 -0.52496113032914826
leaf_weight=1567 21 869 157 104 124 79 23 29 263 59 148 194 80 22 172 52 137 86 27 60 70 283 42 38 81 58 51 80 55 66
leaf_count=1567 21 869 157 104 124 79 23 29 263 59 148 194 80 22 172 52 137 86 27 60 70 283 42 38 81 58 51 80 55 66
internal_value=-0.00163936 0.0136275 -0.0208554 0.00728073 -0.00530334 0.0139629 0.0104369 0.00189474 0.0194019 0.00783106 -0.0257472 -0.0108 -0.00518971 -0.00308502 0.00255914 -0.0268744 0.0127317 0.00456 0.021179 0.00949206 -0.00753103 0.0228673 -0.0164348 0.00862326 0.00723636 -0.0102 -0.00910588 -0.00268571 0.00231429 -0.0213191
internal_weight=5097 2841 2256 1972 684 1288 874 451 423 362 1767 500 306 489 274 1619 282 145 414 184 285 387 64 210 160 215 80 205 135 89
internal_count=5097 2841 2256 1972 684 1288 874 451 423 362 1767 500 306 489 274 1619 282 145 414 184 285 387 64 210 160 215 80 205 135 89
is_linear=0
shrinkage=0.03


Tree=14
num_leaves=31
num_cat=0
split_feature=132 117 117 128 117 144 127 117 132 143 142 133 144 144 119 138 133 139 123 136 136 118 132 133 122 135 123 144 117 127
split_gain=1638.84 290.277 220.796 160.104 46.2663 42.351 41.2086 39.805 36.5219 27.7209 127.944 26.9557 21.7355 33.0852 19.8902 19.3835 36.6019 21.9501 18.9109 15.897 15.5213 15.0105 14.9808 14.3304 13.5502 12.4653 10.8343 10.1828 10.008 9.88128
threshold=18.833333333333339 73.500000000000014 12.500000000000002 46.500000000000007 17.500000000000004 10.500000000000002 -0.94868421052631569 33.500000000000007 102.50000000000001 38.500000000000007 9.5000000000000018 7.9651257511234403 28.500000000000004 31.500000000000004 31.500000000000004 0.92857142857142871 7.5645050585752687 1.0000000180025095e-35 14.500000000000002 3.3715482762241882 13.691199165826383 40.500000000000007 13.16666666666667 31.446601987008481 18.500000000000004 57.500000000000007 56.500000000000007 15.500000000000002 1.0000000180025095e-35 1.2522727272727276
decision_type=8 2 2 10 2 2 8 2 10 2 2 8 2 2 2 10 10 2 2 10 10 2 10 10 2 10 2 2 2 10
left_child=2 3 6 4 11 24 -1 22 15 -10 -11 14 -12 23 28 -5 19 -18 -8 25 -6 -13 -7 -14 -4 -17 -15 -19 -2 -9
right_child=1 -3 5 8 20 7 18 29 9 10 12 21 13 26 -16 16 17 27 -20 -21 -22 -23 -24 -25 -26 -27 -28 -29 -30 -31
leaf_value=0.063354514834302406 -0.0057106438930027538 3.448289974460137 -0.044409335608029676 0.49217847321855041 0.095304612791331483 -0.1004758020710117 -0.48962720809545568 0.42094692784372001 4.8453458167530306 -0.50921229641927379 2.6679513863951061 -0.45112459406551336 1.537712930122711 0.05890896623483996 0.39118814837052607 0.13598156246852908 0.12491387860509644 0.014134631612585408 -0.52232720809545563 0.35327477549543929 -0.0074447673293727944 0.050324102155063687 0.031996713649657199 -0.50922516361678738 -0.52350855264804663 -0.1077149079237877 3.7429312459020614 -0.53498274122105993 -0.37902716056608343 -0.14226813719020828
leaf_weight=37 207 863 25 194 173 143 1535 128 270 56 193 216 25 30 45 37 66 20 221 129 95 30 28 25 56 47 85 73 24 21
leaf_count=37 207 863 25 194 173 143 1535 128 270 56 193 216 25 30 45 37 66 20 221 129 95 30 28 25 56 47 85 73 24 21
internal_value=-0.00170992 0.0130688 -0.0212524 0.00686259 -0.00369057 -0.0010936 -0.0257419 0.00385846 0.0135251 0.0181916 0.0130167 -0.00886907 0.0196529 0.0110824 -0.0023274 0.00776532 0.00364456 -0.00709756 -0.026402 0.0116697 0.00635165 -0.015992 -0.00593182 -0.00861818 -0.019814 0.0012809 0.0197 -0.0161633 -0.00594915 0.014961
internal_weight=5097 2903 2194 2040 790 401 1793 320 1250 684 414 522 358 165 276 566 372 159 1756 213 268 246 171 50 81 84 115 93 231 149
internal_count=5097 2903 2194 2040 790 401 1793 320 1250 684 414 522 358 165 276 566 372 159 1756 213 268 246 171 50 81 84 115 93 231 149
is_linear=0
shrinkage=0.03


Tree=15
num_leaves=31
num_cat=0
split_feature=132 117 117 128 120 144 127 117 144 138 133 144 133 121 138 133 144 137 128 119 123 127 131 120 117 122 131 128 127 144
split_gain=1616.67 286.953 211.919 153.335 45.6187 41.0403 40.6822 37.7635 37.5048 67.7661 73.1927 51.4932 27.7372 27.7125 24.1037 22.8839 20.5298 19.6264 21.5636 18.248 17.5077 16.4585 15.761 23.542 15.2811 13.5502 13.056 11.9943 11.7943 10.441
threshold=18.833333333333339 73.500000000000014 12.500000000000002 48.500000000000007 14.833333333333334 10.500000000000002 -0.94868421052631569 35.500000000000007 10.500000000000002 0.92857142857142871 7.5645050585752687 31.500000000000004 0.97140452079103179 56.500000000000007 0.53571428571428581 14.64771060913206 38.500000000000007 4.5000000000000009 73.500000000000014 70.500000000000014 10.500000000000002 0.048048065379998166 187.50000000000003 22.500000000000004 32.500000000000007 18.500000000000004 13.500000000000002 6.5000000000000009 0.062781531531531543 30.500000000000004
decision_type=8 2 2 10 2 2 8 2 2 10 10 2 8 2 10 10 2 2 10 2 2 10 10 2 2 2 10 10 10 2
left_child=2 3 6 4 12 25 -1 21 17 14 22 24 -2 -13 -10 28 -16 18 -5 -8 -14 26 23 -11 29 -4 -7 -17 -6 -12
right_child=1 -3 5 8 15 7 19 -9 9 10 11 13 20 -15 16 27 -18 -19 -20 -21 -22 -23 -24 -25 -26 -27 -28 -29 -30 -31
leaf_value=0.061453879389273353 0.0056037047152505438 3.3448412752263326 -0.043077055539788772 -0.10448346068607413 0.15180656444810517 -0.061148474417732357 -0.47493839185259201 0.38649580438281117 -0.70743276952085332 -0.06328334275758174 -0.49393592752669557 -0.080634336773612494 -0.37621000687334005 1.8783602256002137 1.8379128448032533 0.14892357733929365 -0.22139134937447408 1.7479020062173256 1.8093527844678767 -0.53180600522087251 -0.13809952616752025 -0.10352473756853044 9.1528634791557675 0.49414569130531905 0.12412098020299922 -0.50780329606860519 0.21329958058585666 -0.45940399679339738 -0.011611149567378689 -0.49394840870828377
leaf_weight=37 173 863 25 27 199 51 1728 138 22 86 94 31 190 62 327 55 27 198 85 28 113 101 65 102 22 56 30 46 69 47
leaf_count=37 173 863 25 27 199 51 1728 138 22 86 94 31 190 62 327 55 27 198 85 28 113 101 65 102 22 56 30 46 69 47
internal_value=-0.00173344 0.012945 -0.0211432 0.00677457 -0.00299294 -0.00138916 -0.0255417 0.00348923 0.01367 0.010409 0.00319844 -0.00802299 -0.00909356 0.00942857 0.0199843 0.00487701 0.0218774 0.0226476 0.0117436 -0.0261976 -0.0144935 -0.00542246 0.0145116 0.00960622 -0.018 -0.019814 0.00446512 -0.00701887 0.00942857 -0.0215342
internal_weight=5097 2903 2194 2040 845 401 1793 320 1195 885 509 256 476 93 376 369 354 310 112 1756 303 182 253 188 163 81 81 101 268 141
internal_count=5097 2903 2194 2040 845 401 1793 320 1195 885 509 256 476 93 376 369 354 310 112 1756 303 182 253 188 163 81 81 101 268 141
is_linear=0
shrinkage=0.03


Tree=16
num_leaves=31
num_cat=0
split_feature=135 117 121 128 117 128 144 138 133 144 128 121 123 117 117 117 144 137 128 122 117 133 135 120 136 125 126 127 121 121
split_gain=1609.09 277.721 199.142 139.435 42.7324 40.4395 39.5357 58.6082 65.6331 57.9184 28.4202 27.6097 22.2527 21.5466 20.1028 19.6328 37.7584 18.7216 20.6458 17.0023 16.7834 13.9344 12.9839 24.4842 12.8601 12.6144 13.6692 11.6567 11.4121 11.1192
threshold=23.071428571428573 80.500000000000014 21.500000000000004 48.500000000000007 14.500000000000002 20.500000000000004 10.500000000000002 0.92857142857142871 7.5645050585752687 31.500000000000004 17.500000000000004 56.500000000000007 68.500000000000014 1.0000000180025095e-35 12.500000000000002 25.500000000000004 10.500000000000002 4.5000000000000009 73.500000000000014 40.500000000000007 22.500000000000004 24.881923840447069 224.28571428571431 22.500000000000004 8.0101971770347671 3.5000000000000004 1.5000000000000002 0.33122362869198313 43.500000000000007 63.500000000000007
decision_type=8 2 2 10 2 10 2 10 10 2 10 2 2 2 2 2 2 2 10 2 2 10 10 2 10 10 10 10 2 2
left_child=2 3 10 4 5 -2 17 12 22 20 14 -11 -8 21 -1 24 19 18 -5 -17 -10 28 23 -9 -4 26 29 -18 -7 -6
right_child=1 -3 15 6 25 13 7 8 9 11 -12 -13 -14 -15 -16 16 27 -19 -20 -21 -22 -23 -24 -25 -26 -27 -28 -29 -30 -31
leaf_value=-0.4606902400970142 -0.50158307476181441 3.3944960369695427 -0.36933085346529482 -0.10134895686549185 0.20177502044847631 -0.000859727511010746 0.34013802453135089 -0.061384842474854366 -0.47911784970089472 -0.086458485634565013 -0.14560999009701422 1.2490892002496008 2.2627754594591556 -0.44430871641459652 -0.13959684293318089 0.30084558978262138 0.34520760499902436 1.6954649460308058 1.7550722009338404 -0.48498205528159111 0.12039735079690914 -0.34839438124368804 10.554997301565978 0.49590765511801149 -0.014152002129578366 -0.028221999535548929 -0.0038001431858971733 -0.068469760851665493 0.49567166492825199 -0.0097278901658943429
leaf_weight=1531 159 832 157 28 115 225 148 89 137 30 148 70 221 34 88 22 127 198 87 42 26 22 52 122 94 96 72 47 47 31
leaf_count=1531 159 832 157 28 115 225 148 89 137 30 148 70 221 34 88 22 127 198 87 42 26 22 52 122 94 96 72 47 47 31
internal_value=-0.001804 0.0132059 -0.0206962 0.00713208 -0.00256079 -0.00809756 0.0135482 0.0102267 0.00371751 -0.00680597 -0.0253747 0.0108 0.0193155 -0.00196396 -0.0265419 -0.00369231 0.00244444 0.022717 0.0122 -0.0164348 -0.0176429 0.000782609 0.014194 0.0103889 -0.00946875 0.006 0.00992825 0.00968715 0.00279422 0.0150596
internal_weight=5097 2841 2256 2009 801 487 1208 895 526 263 1767 100 369 328 1619 489 238 313 115 64 163 294 263 211 251 314 218 174 272 146
internal_count=5097 2841 2256 2009 801 487 1208 895 526 263 1767 100 369 328 1619 489 238 313 115 64 163 294 263 211 251 314 218 174 272 146
is_linear=0
shrinkage=0.03


Tree=17
num_leaves=31
num_cat=0
split_feature=132 135 121 117 117 127 128 144 132 125 138 137 131 123 143 131 133 117 144 144 144 144 118 117 117 124 123 124 117 133
split_gain=1508.1 311.91 170.259 102.259 57.5075 54.659 41.764 41.8826 41.2075 36.9225 34.3602 31.6464 24.9625 24.2077 55.1032 46.7221 22.0748 21.5714 21.0357 20.3232 29.1462 19.7986 18.7167 18.1036 16.4451 15.9516 15.8486 15.2063 14.5583 13.4339
threshold=15.833333333333334 92.585714285714303 15.500000000000002 29.500000000000004 68.500000000000014 -0.98019607843137246 12.500000000000002 10.500000000000002 95.166666666666671 -2.4999999999999996 0.84523809523809534 4.5000000000000009 3.5000000000000004 5.5000000000000009 39.500000000000007 1127.5000000000002 4.6784206501525132 29.500000000000004 11.500000000000002 28.500000000000004 31.500000000000004 10.500000000000002 49.500000000000007 82.500000000000014 35.500000000000007 -26.499999999999996 56.500000000000007 -31.499999999999996 8.5000000000000018 31.446601987008481
decision_type=8 10 2 2 2 8 10 2 10 10 10 2 10 2 2 8 10 2 2 2 2 2 2 2 2 2 2 2 2 10
left_child=2 3 -1 5 8 22 28 11 -3 18 12 27 -9 -10 15 -15 25 -11 -4 -16 29 -19 -2 -5 -20 -12 -22 -8 -7 -21
right_child=1 4 9 23 -6 6 7 10 13 17 16 -13 -14 14 19 -17 -18 21 24 20 26 -23 -24 -25 -26 -27 -28 -29 -30 -31
leaf_value=-0.4468695328941038 -0.081628919503391656 -0.081264858715460173 -0.47801973552809929 0.13339353046848251 3.847661155860457 -0.48499619711967884 0.36002815703811952 -0.24237527334087439 4.4867942355389365 -0.35841973037771985 0.31386617003576323 0.016995889801521998 0.27578194619499119 -0.46474431420986784 3.6434003451275534 4.1717944523892072 -0.47805324503916552 -0.47035135627206587 0.0051105208779953061 1.520773529971305 -0.13501956437662285 0.2535041907002622 1.2403891235507494 1.2786687905029026 0.49805202337049598 -0.10696108125591849 3.5076226593971276 -0.10216316788453624 -0.0077719190226563659 -0.46475642095600839
leaf_weight=1495 20 48 24 411 696 118 29 61 256 278 26 175 154 47 136 36 169 37 84 27 27 77 67 148 49 182 87 68 42 23
leaf_count=1495 20 48 24 411 696 118 29 61 256 278 26 175 154 47 136 36 169 37 84 27 27 77 67 148 49 182 87 68 42 23
internal_value=-0.00166288 0.0116821 -0.0215783 0.00293373 0.0221931 -0.00233333 -0.00430904 -0.00165017 0.015815 -0.00719134 -0.0061206 0.00799278 0.00338182 0.0178323 0.0127423 -0.00845455 -0.0115288 -0.0120756 0.00496296 0.0186689 0.0109704 -0.000957983 0.0198261 0.0133404 0.00973913 -0.00476056 0.0191092 -0.00552941 -0.0181455 -0.00752727
internal_weight=5097 3053 2044 1670 1383 1111 1024 864 687 549 592 272 215 639 383 83 377 392 157 300 164 114 87 559 133 208 114 97 160 50
internal_count=5097 3053 2044 1670 1383 1111 1024 864 687 549 592 272 215 639 383 83 377 392 157 300 164 114 87 559 133 208 114 97 160 50
is_linear=0
shrinkage=0.03


Tree=18
num_leaves=31
num_cat=0
split_feature=132 135 117 117 117 127 144 128 132 123 144 138 131 123 143 131 133 128 144 144 125 118 117 127 131 122 123 124 117 133
split_gain=1502.03 295.319 164.314 98.8481 56.7261 54.1963 41.9313 41.0014 40.9389 36.0066 31.2928 34.5256 25.8144 24.8905 54.3158 46.7221 24.2623 22.7539 21.3602 28.0709 20.4369 18.7167 16.7135 15.637 15.6152 15.3157 15.0672 14.2865 13.8335 13.4339
threshold=16.833333333333339 92.585714285714303 17.500000000000004 29.500000000000004 68.500000000000014 -0.98019607843137246 10.500000000000002 10.500000000000002 95.166666666666671 11.500000000000002 10.500000000000002 0.73214285714285732 3.5000000000000004 5.5000000000000009 39.500000000000007 1127.5000000000002 4.6784206501525132 53.500000000000007 28.500000000000004 31.500000000000004 -3.4999999999999996 49.500000000000007 90.500000000000014 -0.94281045751633974 48.500000000000007 18.500000000000004 56.500000000000007 -26.499999999999996 8.5000000000000018 31.446601987008481
decision_type=8 10 2 2 2 8 2 10 10 2 2 8 10 2 2 8 10 10 2 2 10 2 2 10 8 2 2 2 2 10
left_child=2 3 9 5 8 21 25 28 -3 -1 17 12 -12 -10 15 -15 27 24 -16 29 -8 -2 -5 -11 -9 -4 -21 -13 -7 -20
right_child=1 4 6 22 -6 7 20 10 13 23 11 16 -14 14 18 -17 -18 -19 19 26 -22 -23 -24 -25 -26 -27 -28 -29 -30 -31
leaf_value=-0.43346344690728067 -0.07918005191828982 -0.078826912953996423 0.17262290398257082 0.13201698635765693 3.732231321184643 -0.47198569660536954 0.34990981614793865 0.0071547803305826814 4.3521904084727687 0.073277654584165783 -0.25959827469387758 0.30445018493469034 0.29544100562900788 -0.45080198478357181 3.5340983347737263 4.0466406188175315 -0.46002786536342832 0.37390816181041397 1.4751503240721657 -0.13096897744532426 -0.0096523355076329042 1.2031774498442269 1.5173361297833119 -0.34749833595000434 -0.0071884299225861521 -0.46367914346225636 3.4023939796152138 -0.095760780238297011 -0.0075387614519767075 -0.45081372832732813
leaf_weight=1467 20 48 23 425 696 105 69 48 256 23 53 26 149 47 136 36 173 80 27 27 172 67 123 296 131 56 87 170 38 23
leaf_count=1467 20 48 23 425 696 105 69 48 256 23 53 26 149 47 136 36 173 80 27 27 172 67 123 296 131 56 87 170 38 23
internal_value=-0.00173344 0.0119239 -0.0211151 0.00315809 0.0220634 -0.00219155 -0.00127385 -0.00425767 0.0157283 -0.0246533 -0.00164551 -0.0055625 0.00431884 0.0177391 0.0125876 -0.00845455 -0.0109733 0.00690909 0.0184721 0.0106154 0.00497561 0.0198261 0.013443 -0.0150741 0.000782609 -0.0195714 0.018605 -0.00355224 -0.0188108 -0.00752727
internal_weight=5097 2991 2106 1608 1383 1060 320 973 687 1786 830 571 202 639 383 83 369 259 300 164 241 87 548 319 179 79 114 196 143 50
internal_count=5097 2991 2106 1608 1383 1060 320 973 687 1786 830 571 202 639 383 83 369 259 300 164 241 87 548 319 179 79 114 196 143 50
is_linear=0
shrinkage=0.03


Tree=19
num_leaves=31
num_cat=0
split_feature=132 117 121 132 118 128 125 117 144 144 142 139 144 144 128 127 122 117 136 124 144 137 138 131 136 144 128 129 128 108
split_gain=1496.57 286.354 177.523 151.112 53.4283 45.8068 41.6042 29.2818 35.8552 24.2049 94.5104 34.2104 17.8939 34.0404 17.8398 16.8951 16.4269 16.3853 15.3696 14.6687 31.1436 29.4075 16.1055 16.3549 14.5972 15.3462 14.3736 17.7291 13.3736 11.9727
threshold=16.833333333333339 82.500000000000014 16.500000000000004 105.83333333333336 33.500000000000007 15.500000000000002 -47.499999999999993 22.500000000000004 10.500000000000002 12.500000000000002 9.5000000000000018 -1.0000000180025095e-35 28.500000000000004 31.500000000000004 14.500000000000002 0.8583583583583585 40.500000000000007 8.5000000000000018 35.758543503291818 19.500000000000004 10.500000000000002 4.5000000000000009 0.84523809523809534 1.0000000180025095e-35 17.057514296082392 43.500000000000007 53.500000000000007 29.500000000000004 9.5000000000000018 1.0000000180025095e-35
decision_type=8 2 2 10 2 10 10 2 2 2 2 2 2 2 10 10 2 2 10 2 2 2 10 10 10 2 10 10 10 2
left_child=2 3 28 4 5 17 -6 14 16 -5 11 -11 -12 18 -4 -10 -9 -2 -14 20 21 -7 23 -22 25 -24 27 -23 -1 -8
right_child=1 -3 7 9 6 19 29 8 15 10 12 -13 13 -15 -16 -17 -18 -19 -20 -21 22 26 24 -25 -26 -27 -28 -29 -30 -31
leaf_value=-0.42045954350006226 -0.45227700605262811 3.2152643815491038 -0.33912771459006047 5.5031778431986478 1.1287102995647433 -0.064791451443802051 0.036286566830796688 0.50958648905350201 0.30823195071310072 2.7731778431986482 2.2988213100044286 -0.43727792524006465 1.7876608415920789 2.0163611072483785 0.039214684415591707 -0.21637245443867098 -0.44241167863111369 -0.0035426109299007713 -0.43728931647750829 0.15661942048830865 -0.40865241721869749 0.028298536600824667 -0.17881407495641916 0.12803648683346591 -0.46027938423365139 0.37940197996176384 0.3712653922122171 6.4084510329180937e-05 -0.18174902016442143 0.44688699230358586
leaf_weight=1330 123 812 263 247 100 87 367 20 138 23 186 59 24 124 51 32 42 50 25 130 31 30 219 104 65 28 47 89 230 21
leaf_count=1330 123 812 263 247 100 87 367 20 138 23 186 59 24 124 51 32 42 50 25 130 31 30 219 104 65 28 47 89 230 21
internal_value=-0.00176872 0.0118638 -0.0211151 0.00616484 0.000778075 -0.00317857 0.00887221 -0.0063049 0.00174684 0.0177403 0.0132377 -0.0151034 0.0198462 0.0122697 -0.0122069 0.00888 -0.0169254 -0.0169888 -0.00822222 -0.000208383 -0.00194894 0.00637209 -0.00669027 0.00188571 -0.0103912 -0.0067619 0.0136491 0.00745161 -0.0262581 0.00425954
internal_weight=5097 2991 2106 2179 1491 1003 488 546 232 688 441 82 359 173 314 170 62 173 49 830 700 253 447 135 312 247 166 119 1560 388
internal_count=5097 2991 2106 2179 1491 1003 488 546 232 688 441 82 359 173 314 170 62 173 49 830 700 253 447 135 312 247 166 119 1560 388
is_linear=0
shrinkage=0.03


Tree=20
num_leaves=31
num_cat=0
split_feature=135 117 128 121 120 128 125 125 144 144 124 124 144 144 144 133 123 124 144 144 117 124 130 131 131 124 129 131 128 129
split_gain=1424.64 294.55 149.741 139.624 67.2347 51.6514 47.8022 35.7037 35.6317 81.018 35.5747 29.9263 24.5763 22.6774 34.5535 20.5409 20.8593 19.6041 19.1463 36.1493 17.0159 16.8001 15.9224 14.2333 14.127 13.9054 16.1192 12.692 12.4312 20.4372
threshold=15.928571428571431 102.50000000000001 106.50000000000001 12.500000000000002 15.833333333333334 15.500000000000002 -47.499999999999993 -4.4999999999999991 12.500000000000002 17.500000000000004 -9.4999999999999982 20.500000000000004 11.500000000000002 10.500000000000002 4.5000000000000009 7.9651257511234403 18.500000000000004 27.500000000000004 28.500000000000004 31.500000000000004 35.500000000000007 6.5000000000000009 57.500000000000007 1.0000000180025095e-35 76.500000000000014 14.500000000000002 40.500000000000007 43.500000000000007 53.500000000000007 29.500000000000004
decision_type=8 2 10 2 2 10 10 10 2 2 2 2 2 2 2 10 2 2 2 2 2 2 10 10 8 2 10 10 10 10
left_child=3 2 4 -1 5 21 -6 12 -4 10 -10 15 -5 14 -7 27 -17 -9 -11 -20 -14 -2 25 -13 -18 26 -15 -8 29 -16
right_child=1 -3 8 7 6 13 11 17 9 18 -12 23 20 22 28 16 24 -19 19 -21 -22 -23 -24 -25 -26 -27 -28 -29 -30 -31
leaf_value=-0.40784575719506039 -0.40784575719506039 3.8988064501026303 4.0577043820389642 -0.43649641879945528 1.0539508471863359 -0.091540475473562352 0.010209110541424522 -0.23786438721509456 -0.4241595874828627 2.0506998505638814 1.5491443130070723 -0.042165605932767532 0.014734059853591644 -0.28114985252891356 0.021076964424001563 0.19753443507755875 -0.32372987522447122 0.12244382185582572 -0.42417063698318302 1.8298313270093063 0.99804725099948122 0.05058970006666872 -0.31873665714466792 0.22244120315575791 -0.0035218032877932614 0.12183355822083551 0.032690248423177692 0.15472509419869798 0.35197260391347829 -0.00042923034676306315
leaf_weight=1419 156 707 251 22 125 81 139 396 55 195 33 33 81 147 34 69 134 71 60 139 34 28 58 157 90 58 91 102 42 90
leaf_count=1419 156 707 251 22 125 81 139 396 55 195 33 33 81 147 34 69 134 71 60 139 34 28 58 157 90 58 91 102 42 90
internal_value=-0.00202744 0.0108327 0.00572681 -0.0215503 0.000655278 -0.00565063 0.0064918 -0.00934975 0.0169431 0.0119384 -0.0134839 0.00344856 0.00397183 -0.00132673 0.00557143 -0.000211503 -0.00551678 -0.0132712 0.0177293 0.0107059 0.0097 -0.0193333 -0.00616713 0.0135077 -0.00993013 -0.00316944 -0.00639506 0.00619512 0.0132982 0.00786047
internal_weight=5097 3074 2367 2023 1634 785 849 604 733 482 88 724 137 601 247 534 293 467 394 199 115 184 354 190 224 296 238 241 166 124
internal_count=5097 3074 2367 2023 1634 785 849 604 733 482 88 724 137 601 247 534 293 467 394 199 115 184 354 190 224 296 238 241 166 124
is_linear=0
shrinkage=0.03


Tree=21
num_leaves=31
num_cat=0
split_feature=132 117 121 132 121 125 135 125 144 142 144 124 133 144 137 117 144 144 144 144 133 118 130 128 130 128 126 144 117 126
split_gain=1424.8 284.268 160.457 136.904 44.6017 49.2068 39.9063 30.1291 26.4707 48.4491 69.9145 23.2398 25.0805 22.748 40.3067 20.9834 19.7986 18.5571 16.8287 22.228 21.4785 16.1996 15.6585 15.2388 20.2946 13.3416 13.0814 11.7016 11.2239 11.0898
threshold=15.833333333333334 102.50000000000001 15.500000000000002 105.83333333333336 33.500000000000007 -47.499999999999993 10.785714285714286 -2.4999999999999996 10.500000000000002 9.5000000000000018 15.500000000000002 11.500000000000002 5.4971397384721934 10.500000000000002 4.5000000000000009 29.500000000000004 10.500000000000002 11.500000000000002 28.500000000000004 31.500000000000004 31.446601987008481 7.5000000000000009 26.500000000000004 53.500000000000007 29.500000000000004 227.50000000000003 -20.499999999999996 9.5000000000000018 16.500000000000004 -20.499999999999996
decision_type=8 2 2 10 2 10 10 10 2 2 2 2 10 2 2 2 2 2 2 2 10 2 10 10 10 10 10 2 2 10
left_child=2 3 -1 4 6 -6 -2 17 -5 10 25 12 -7 14 -8 -9 -17 -4 -11 20 -20 29 -14 24 -16 -10 -24 -13 -19 -15
right_child=1 -3 7 8 5 11 13 15 9 18 -12 27 22 21 23 16 -18 28 19 -21 -22 -23 26 -25 -26 -27 -28 -29 -30 -31
leaf_value=-0.3956103844792086 -0.40202244280977784 3.7951643413558189 -0.42340152623547161 6.716313244121551 1.0223323217707458 0.081373718506634662 -0.098340284465623595 -0.32079078717662768 0.13521867081645453 2.1190816004612927 -0.41143479985837683 -0.052155992259912583 0.19160840202523202 0.11600367378921551 0.020444655491281532 -0.43273140557677764 0.24082082711988589 -0.046127447189994793 0.97846683835032833 1.1823699589491143 -0.41144551787368755 0.010317297729160568 -0.45103518287594552 0.34956825232844618 -0.001122893911940146 9.8435081785124758 -0.065943202084480942 0.19442554469391971 0.27022414561212305 -0.2555954546481729
leaf_weight=1495 99 704 24 203 117 174 80 278 39 188 55 24 81 30 40 37 77 58 30 150 25 116 38 47 94 39 202 211 75 267
leaf_count=1495 99 704 24 203 117 174 80 278 39 188 55 24 81 30 40 37 77 58 30 150 25 116 38 47 94 39 202 211 75 267
internal_value=-0.00213328 0.0108385 -0.0214905 0.00579609 0.000919385 0.00566197 -0.00427249 -0.00751625 0.016545 0.0127571 -0.00278261 0.00268571 -0.001008 -0.00158174 0.0052782 -0.0119244 -0.000957983 0.00348148 0.018 0.0115429 -0.0044 -0.00594258 -0.00596319 0.0130323 0.00729496 0.0151084 -0.00977143 0.01035 0.008 -0.00961589
internal_weight=5097 3053 2044 2349 1620 847 773 549 729 526 133 730 495 674 261 392 114 157 393 205 55 413 321 181 134 78 240 235 133 297
internal_count=5097 3053 2044 2349 1620 847 773 549 729 526 133 730 495 674 261 392 114 157 393 205 55 413 321 181 134 78 240 235 133 297
is_linear=0
shrinkage=0.03


Tree=22
num_leaves=31
num_cat=0
split_feature=132 132 121 121 125 124 144 144 133 124 144 144 121 128 121 122 128 124 122 131 128 124 144 126 128 135 139 126 125 130
split_gain=1421.53 242.358 216.481 67.4595 52.2159 38.8536 58.9238 64.7553 24.63 23.3124 20.9468 26.3489 19.8563 19.2797 16.6399 21.4098 15.4426 14.9473 17.0791 17.9183 13.4223 13.2396 13.2388 12.0121 16.4954 18.2198 14.4089 12.0107 11.9618 11.9202
threshold=15.833333333333334 105.83333333333336 14.500000000000002 70.500000000000014 -4.4999999999999991 -42.499999999999993 17.500000000000004 15.500000000000002 8.0277177873287098 17.500000000000004 17.500000000000004 15.500000000000002 40.500000000000007 16.500000000000004 116.50000000000001 35.500000000000007 160.50000000000003 25.500000000000004 7.5000000000000009 74.500000000000014 33.500000000000007 10.500000000000002 12.500000000000002 1.0000000180025095e-35 44.500000000000007 57.500000000000007 -1.0000000180025095e-35 -5.4999999999999991 16.500000000000004 62.500000000000007
decision_type=10 10 2 2 10 2 2 2 10 2 2 2 2 10 2 2 10 2 2 8 10 2 2 8 10 10 2 8 10 10
left_child=2 3 21 8 27 6 7 -3 12 13 11 -5 23 -6 15 -12 -7 18 19 -10 -21 -1 -14 24 -2 -26 -27 -4 -11 -22
right_child=1 5 4 10 9 16 -8 -9 17 28 14 -13 22 -15 -16 -17 -18 -19 -20 20 29 -23 -24 -25 25 26 -28 -29 -30 -31
leaf_value=-0.38374207294483231 -0.00277974592514731 5.7458936280608324 -0.28192262621691883 0.31937366732262318 -0.40894021713734668 0.83465385002602654 2.4212369109383385 -0.39909175586262552 -0.37838663396729483 0.19014514422966455 0.57836790992870479 -0.52321030655681733 -0.03310611921116461 0.064288285235398507 1.6369357555337356 -0.023516598045091257 6.6679873263588778 0.23366475940791323 0.030339540272612896 -0.19421203052211097 0.31860091280331038 -0.023742072944832344 0.20810350794493476 -0.062551578284510467 0.20500767396166672 -0.1360239747181064 0.31345455129879801 0.20824453670075022 -0.41974946340947428 -0.15378624841037059
leaf_weight=1504 301 36 41 56 285 312 324 54 219 69 140 23 37 26 174 68 541 81 82 26 53 27 148 97 76 27 23 162 55 30
leaf_count=1504 301 36 41 56 285 312 324 54 219 69 140 23 37 26 174 68 541 81 82 26 53 27 148 97 76 27 23 162 55 30
internal_value=-0.00205096 0.0115765 -0.0204342 0.004012 -0.00568274 0.021434 0.0135895 -0.00751579 0.000243983 -0.0115091 0.0136996 -0.000285714 0.00381513 -0.0158354 0.0165736 0.0103944 0.0251329 -0.0048871 -0.00721446 -0.0102523 -0.000210526 -0.0265391 0.0121263 0.000782609 0.00297222 0.0118626 -0.00207273 0.00675 -0.000418605 0.00572727
internal_weight=5097 2928 2169 1661 638 1267 414 90 1200 435 461 79 709 311 382 208 853 491 410 328 109 1531 185 524 427 126 50 203 124 83
internal_count=5097 2928 2169 1661 638 1267 414 90 1200 435 461 79 709 311 382 208 853 491 410 328 109 1531 185 524 427 126 50 203 124 83
is_linear=0
shrinkage=0.03


Tree=23
num_leaves=31
num_cat=0
split_feature=132 117 117 132 127 125 124 133 123 123 142 144 144 127 133 131 144 144 133 117 124 124 137 144 117 132 130 127 130 124
split_gain=1363.03 257.428 241.85 104.736 38.418 36.9773 32.6225 36.0365 32.5207 28.1556 58.2004 51.9545 16.7176 16.0421 15.5308 15.0091 14.639 18.9652 22.7162 15.0928 14.5488 13.6499 13.2456 24.7631 20.2183 12.7809 24.8728 12.1242 11.3065 10.9891
threshold=15.833333333333334 103.50000000000001 11.500000000000002 105.83333333333336 -0.0046312178387650079 -58.499999999999993 25.500000000000004 7.9651257511234403 14.500000000000002 4.5000000000000009 9.5000000000000018 15.500000000000002 10.500000000000002 -0.8291666666666665 64.506648349996382 1.5000000000000002 28.500000000000004 32.500000000000007 31.446601987008481 2.5000000000000004 29.500000000000004 -31.499999999999996 4.5000000000000009 10.500000000000002 17.500000000000004 50.166666666666679 32.500000000000007 0.65765765765765771 62.500000000000007 -75.499999999999986
decision_type=10 2 2 10 10 10 2 10 2 2 2 2 2 8 10 8 2 2 10 2 2 2 2 2 2 10 10 10 10 2
left_child=2 3 8 5 15 -2 7 21 -1 -5 11 -11 -6 -10 -9 -4 29 18 -18 -19 27 28 -23 25 -25 26 -24 -14 -7 -12
right_child=1 -3 4 9 12 6 -8 14 13 10 16 -13 20 -15 -16 -17 17 19 -20 -21 -22 22 23 24 -26 -27 -28 -29 -30 -31
leaf_value=-0.37222981075648737 1.2876384444047049 3.4721974015599519 -0.056911016448774061 3.5110759744579889 -0.40715697950719004 0.29823102643553256 0.18328428297204397 -0.14884300220427005 0.015947621903412177 0.74033241065019972 3.1287152917873415 -0.38711900318674675 -0.0087113096289250791 -0.42821435257948148 1.1788775432744196 0.25587008514273668 0.65543689111093761 3.2568281811024038 -0.47173925966562708 0.12478064726607357 0.68445449438427852 -0.081763333433843566 0.019914708204297502 -0.11185433638990294 0.059030895357370522 0.27017423825286191 -0.0027082022631163835 -0.1671038836484163 -0.032112935634829753 0.24870816504200546
leaf_weight=1516 83 674 54 261 54 77 232 518 39 48 136 55 90 179 22 151 36 77 25 67 37 49 47 209 145 44 68 49 24 31
leaf_count=1516 83 674 54 261 54 77 232 518 39 48 136 55 90 179 22 151 36 77 25 67 37 49 47 209 145 44 68 49 24 31
internal_value=-0.00207448 0.0112697 -0.0200754 0.00637185 -5.45455e-05 0.00184767 0.000683333 -0.00131126 -0.0250799 0.0156194 0.01105 -0.00855556 -0.0084 -0.0136951 -0.00703486 0.00925714 0.0165358 0.0106857 -0.00309091 0.0164698 -0.00361326 0.00335928 0.0014709 0.00294208 -0.00148747 0.0125854 0.0067 -0.00808333 0.0132453 0.0231628
internal_weight=5097 2928 2169 2254 435 1518 1435 1203 1734 736 475 103 230 218 540 205 372 205 61 144 176 663 562 513 354 159 115 139 101 167
internal_count=5097 2928 2169 2254 435 1518 1435 1203 1734 736 475 103 230 218 540 205 372 205 61 144 176 663 562 513 354 159 115 139 101 167
is_linear=0
shrinkage=0.03


Tree=24
num_leaves=31
num_cat=0
split_feature=132 117 117 132 125 117 123 144 144 144 128 144 133 118 127 144 144 133 117 118 128 130 117 119 144 144 131 127 130 119
split_gain=1357.16 249.914 226.742 95.9464 36.8423 35.2514 34.3683 34.2712 43.3745 66.5875 33.1203 33.6617 29.0581 24.1947 21.7828 19.7183 19.5504 21.6778 18.476 17.2563 16.8571 16.768 16.2347 12.7718 19.5842 15.4772 12.7555 11.9315 11.6434 10.7257
threshold=15.833333333333334 107.50000000000001 11.500000000000002 108.83333333333336 -53.499999999999993 17.500000000000004 11.500000000000002 10.500000000000002 17.500000000000004 15.500000000000002 17.500000000000004 10.500000000000002 4.2162878585557326 55.500000000000007 -0.79285714285714282 28.500000000000004 32.500000000000007 31.446601987008481 2.5000000000000004 52.500000000000007 227.50000000000003 1.0000000180025095e-35 1.0000000180025095e-35 31.500000000000004 10.500000000000002 4.5000000000000009 48.500000000000007 0.048048065379998166 39.500000000000007 70.500000000000014
decision_type=10 2 2 10 10 2 2 2 2 2 8 2 10 2 10 2 2 10 2 2 10 8 2 2 2 2 10 10 8 2
left_child=2 3 6 4 19 12 -1 -5 9 20 11 -4 22 27 -8 -10 17 -17 -18 -2 -9 -14 23 24 25 -6 -27 -13 -7 -16
right_child=1 -3 10 7 5 28 14 8 15 -11 -12 13 21 -15 29 16 18 -19 -20 -21 -22 -23 -24 -25 -26 26 -28 -29 -30 -31
leaf_value=-0.36106291643379274 -0.0034976559596549351 3.4237817845213123 -0.40053447116843666 6.3305397231949208 -0.043682745541007643 0.14205975788801672 0.0084792898171605294 -0.14106202029310183 2.226912206891392 -0.37550543309114437 0.3151424061721238 0.0057412105478230301 0.1130903853997475 0.89076844295164426 -0.40292291227601373 0.74814221927988611 3.2491233356693319 -0.45758708187565822 0.089657376605115219 1.2490092910725636 9.2428310341325961 -0.22702607346411596 -0.32511402864319938 0.27103070586289857 -0.092702842797648205 0.019317266958168596 0.007579712866359287 -0.086079140447249847 0.034358525866216953 -0.15222136969458222
leaf_weight=1469 29 660 76 194 27 208 56 37 178 55 99 99 77 56 185 34 76 26 69 77 40 396 44 62 146 94 49 105 350 24
leaf_count=1469 29 660 76 194 27 208 56 37 178 55 99 99 77 56 185 34 76 26 69 77 40 396 44 62 146 94 49 105 350 24
internal_value=-0.00216856 0.0111469 -0.0201306 0.00638539 0.00220205 0.000921811 -0.0249764 0.0154958 0.0112385 -0.00345985 -0.000736364 -0.005261 -0.00276 0 -0.0145333 0.016299 0.00954286 -0.00452308 0.01536 0.0188649 0.0141951 -0.00783264 0.00293677 0.00499739 0.00241121 0.00922286 0.0131351 -0.00485167 0.00680995 -0.0188972
internal_weight=5097 2928 2169 2268 1559 1453 1734 709 515 132 435 336 895 260 265 383 205 60 145 106 77 473 422 378 316 170 143 204 558 209
internal_count=5097 2928 2169 2268 1559 1453 1734 709 515 132 435 336 895 260 265 383 205 60 145 106 77 473 422 378 316 170 143 204 558 209
is_linear=0
shrinkage=0.03


Tree=25
num_leaves=31
num_cat=0
split_feature=132 121 135 118 125 124 124 142 144 124 128 144 125 128 144 138 133 144 131 138 136 119 125 144 124 144 143 118 130 126
split_gain=1264.07 231.326 198.334 69.3655 59.4906 32.1414 27.4659 37.8674 50.3397 27.2697 25.9839 30.0065 17.8852 16.5714 14.8328 13.15 24.0909 18.0079 16.7262 15.2112 11.8498 11.7168 10.7261 10.9716 10.7031 10.6264 10.4672 9.69416 11.4705 11.4568
threshold=18.833333333333339 9.5000000000000018 134.28571428571431 85.500000000000014 -1.0000000180025095e-35 29.500000000000004 -51.499999999999993 9.5000000000000018 15.500000000000002 17.500000000000004 12.500000000000002 10.500000000000002 -29.499999999999996 27.500000000000004 9.5000000000000018 0.84523809523809534 10.85765413253023 38.500000000000007 136.50000000000003 0.53571428571428581 25.890270731793382 70.500000000000014 16.500000000000004 10.500000000000002 7.5000000000000009 31.500000000000004 41.500000000000007 12.500000000000002 22.500000000000004 -7.4999999999999991
decision_type=10 2 10 2 10 2 2 2 2 2 10 2 10 10 2 10 10 2 8 10 10 2 10 2 2 2 2 2 8 10
left_child=1 10 3 5 12 13 7 8 -4 21 -1 -12 -3 27 -7 17 -17 19 25 -15 -5 26 -11 -24 -14 -18 -6 28 -2 -29
right_child=2 4 6 20 9 14 -8 -9 -10 22 11 -13 24 15 -16 16 18 -19 -20 -21 -22 -23 23 -25 -26 -27 -28 29 -30 -31
leaf_value=-0.35023102894077895 0.0095403075500487232 0.47988017822524176 6.1753978247814114 0.34606833527565883 -0.38023102894077898 -0.06097292809283477 5.3178734250357946 4.4722518474517772 -0.36424027009841003 0.16879419956523556 0.018737748949423538 -0.35739234464084818 -0.052473314081181388 -0.63681934329474565 0.28611037070225681 0.014281228088055329 -0.42645301148856507 -0.18250399279652185 0.18082750781838738 0.43007910446740533 1.192105690260268 -0.31466376584603639 -0.38292623598692127 0.087938501029639085 0.1097346603895918 -0.05545680351694926 -0.032937574742265489 -0.16147605042750721 -0.32655807261695086 0.036462007381392422
leaf_weight=1324 32 107 30 97 257 24 668 212 38 65 36 91 157 21 214 565 87 21 45 176 261 50 21 43 69 45 99 26 119 97
leaf_count=1324 32 107 30 97 257 24 668 212 38 65 36 91 157 21 214 565 87 21 45 176 261 50 21 43 69 45 99 26 119 97
internal_value=-0.00208624 -0.0184182 0.0115537 0.0057515 -0.00610997 0.00283954 0.022659 0.0142947 -0.00484932 -0.0122667 -0.0257308 -0.012 0.00379882 0.000866828 0.0128148 0.00272953 0.000795181 0.00912108 -0.0087033 0.012 0.0175041 -0.0160438 -0.000179104 -0.0086087 -0.00101299 -0.0139708 -0.0179335 -0.00556989 -0.0105385 0.00065625
internal_weight=5097 2319 2778 1830 868 1472 948 280 68 535 1451 127 333 1234 238 960 742 218 177 197 358 406 129 64 226 132 356 274 151 123
internal_count=5097 2319 2778 1830 868 1472 948 280 68 535 1451 127 333 1234 238 960 742 218 177 197 358 406 129 64 226 132 356 274 151 123
is_linear=0
shrinkage=0.03


Tree=26
num_leaves=31
num_cat=0
split_feature=132 117 117 128 128 121 128 144 138 144 137 133 143 117 121 121 123 117 117 133 136 131 101 144 133 121 128 123 129 124
split_gain=1245.11 251.188 217.157 90.0282 38.9555 38.2851 28.5815 35.2852 20.4242 31.4824 25.6106 22.4145 26.4483 24.454 20.3837 20.0921 19.0148 18.2704 17.8735 17.3521 21.0399 20.2484 16.1914 15.2477 14.9602 21.6419 14.8654 13.7478 11.9866 11.1645
threshold=15.833333333333334 107.50000000000001 11.500000000000002 243.50000000000003 50.500000000000007 9.5000000000000018 29.500000000000004 10.500000000000002 0.92857142857142871 10.500000000000002 4.5000000000000009 8.0277177873287098 41.500000000000007 15.500000000000002 57.500000000000007 35.500000000000007 68.500000000000014 13.500000000000002 1.0000000180025095e-35 30.617705466486889 111.92053546586465 279.50000000000006 1.0000000180025095e-35 23.500000000000004 11.204999582005431 40.500000000000007 93.500000000000014 55.500000000000007 95.500000000000014 -37.499999999999993
decision_type=10 2 2 10 10 2 8 2 10 2 2 10 2 2 2 2 2 2 2 10 10 10 2 2 10 2 10 2 10 2
left_child=2 3 5 4 17 22 7 -4 16 10 28 15 13 -13 -9 -11 29 18 24 -5 21 -21 -1 -7 25 -2 -17 -14 -10 -6
right_child=1 -3 6 19 8 23 -8 14 9 11 -12 12 27 -15 -16 26 -18 -19 -20 20 -22 -23 -24 -25 -26 -27 -28 -29 -30 -31
leaf_value=-0.3397240980725556 -0.0036230623308860996 3.1939254997775386 -0.38694423761094815 9.9084443815109875 -0.11439053111156994 -0.38901201242343442 0.61548377287848444 -0.03280128366923854 -0.079633940594680222 -0.13725859652695022 0.33269931429610405 -0.4061356311048811 -0.022462297349005275 0.035304036816920605 0.86075334985140706 0.28647414738230614 1.1438830554709136 0.033475798876275463 -0.28620120995156045 7.2021606285716091 10.579396163603288 -0.35331306199545776 -0.016885413772624813 -0.094973967498938688 -0.34370508184798998 0.37464859482913093 0.11754868638574975 0.77566892152582279 0.3506560642566296 0.26217666929708655
leaf_weight=1370 311 660 76 196 43 143 77 209 48 75 112 95 39 58 73 83 188 369 68 20 37 27 23 198 135 66 98 38 32 130
leaf_count=1370 311 660 76 196 43 143 77 209 48 75 112 95 39 58 73 83 188 369 68 20 37 27 23 198 135 66 98 38 32 130
internal_value=-0.002098 0.010656 -0.0193027 0.00588385 0.00360963 -0.0240449 -0.000327273 -0.00395041 0.0076092 0.00447145 0.0145888 0.000354379 -0.00635745 -0.013443 0.00102439 0.00641379 0.0133443 -0.000779874 -0.00409231 0.0216632 0.00937079 -0.00392308 -0.0262833 -0.0146358 -0.00207737 0.00100524 0.0117419 0.00760976 0.00134118 0.00586517
internal_weight=5097 2928 2169 2268 1988 1734 435 358 1039 678 192 486 230 153 282 256 361 949 580 280 84 47 1393 341 512 377 181 77 80 173
internal_count=5097 2928 2169 2268 1988 1734 435 358 1039 678 192 486 230 153 282 256 361 949 580 280 84 47 1393 341 512 377 181 77 80 173
is_linear=0
shrinkage=0.03


Tree=27
num_leaves=31
num_cat=0
split_feature=132 117 121 128 125 127 124 145 128 138 117 145 129 117 137 145 133 145 127 131 133 136 131 142 101 135 133 138 124 127
split_gain=1211.68 251.537 214.737 90.6455 52.6307 48.7879 27.6974 31.9459 31.8531 29.7244 41.574 31.8418 24.9075 23.1576 20.7019 19.8531 29.3704 18.7317 18.1809 17.903 17.3521 21.0399 20.2484 17.3058 15.9693 15.6036 14.839 14.4142 13.6599 15.5643
threshold=15.833333333333334 116.50000000000001 9.5000000000000018 243.50000000000003 -4.4999999999999991 -0.98275349390425204 27.500000000000004 10.500000000000002 53.500000000000007 0.84523809523809534 10.500000000000002 38.500000000000007 23.500000000000004 11.500000000000002 4.5000000000000009 43.500000000000007 6.1463363866261949 10.500000000000002 0.57046764894298529 48.500000000000007 30.617705466486889 111.92053546586465 279.50000000000006 9.5000000000000018 1.0000000180025095e-35 29.071428571428573 9.5974097242003271 0.53571428571428581 27.500000000000004 0.11696977351182959
decision_type=10 2 2 10 10 10 2 2 10 10 2 2 10 2 2 2 10 2 10 8 10 10 10 2 2 10 10 10 2 10
left_child=2 3 24 5 -4 23 7 8 19 11 15 12 -9 -6 26 16 -11 -15 -8 -7 -5 22 -22 -2 -1 -21 -10 -14 29 -19
right_child=1 -3 4 20 13 6 18 9 14 10 -12 -13 27 17 -16 -17 -18 28 -20 25 21 -23 -24 -25 -26 -27 -28 -29 -30 -31
leaf_value=-0.32953237513037892 -0.077244922376839747 3.3465886146715143 0.065710771671615875 9.6111910500656581 -0.3545161656043489 0.0093627901934738491 0.23544952594100599 -0.09299083754261929 -0.096958868607748619 -0.13314083863114176 0.026014594670494873 -0.27622614973432225 -0.59882622849196376 -0.35983012177898516 0.33585007950572532 0.10743371114375647 -0.43129632695769293 0.0043332068715857376 -0.30659810069836912 -0.13605737677596122 6.9860958097144605 10.26201427869519 -0.34271367013559401 1.3330173535959884 -0.016378851359446056 0.00022160063052652389 0.36881492373330182 0.50553116809882936 0.42491675210482344 -0.10081647253562682
leaf_weight=1370 23 634 228 196 269 60 248 69 33 217 346 47 20 57 114 52 204 103 41 43 20 37 27 121 23 120 27 229 48 71
leaf_count=1370 23 634 228 196 269 60 248 69 33 217 346 47 20 57 114 52 204 103 41 43 20 37 27 121 23 120 27 229 48 71
internal_value=-0.00210976 0.0104719 -0.0190819 0.00581731 -0.00636876 0.00356315 0.0022368 0.00065826 0.00797015 -0.00181161 -0.00498058 0.00525405 0.00871207 -0.0113816 0.0173966 -0.0107197 -0.0128732 -0.00515493 0.0106939 0.000368421 0.0216632 0.00937079 -0.00392308 0.020094 -0.0261116 -0.00478571 0.00267692 0.0130866 -0.00103084 -0.00499441
internal_weight=5097 2928 2169 2294 776 2014 1870 1581 397 1184 819 365 318 548 174 473 421 279 289 223 280 84 47 144 1393 163 60 249 222 174
internal_count=5097 2928 2169 2294 776 2014 1870 1581 397 1184 819 365 318 548 174 473 421 279 289 223 280 84 47 144 1393 163 60 249 222 174
is_linear=0
shrinkage=0.03


Tree=28
num_leaves=31
num_cat=0
split_feature=132 117 121 128 125 127 124 144 120 142 117 128 117 137 144 127 142 128 133 136 131 127 127 144 144 139 122 130 128 138
split_gain=1184.18 242.123 218.541 87.9518 49.3416 48.4349 27.278 38.0774 29.3922 35.3269 37.5127 28.1125 22.3353 20.1913 19.8456 18.2479 17.3058 17.195 16.7081 21.0399 20.2484 15.5137 14.2532 12.8856 18.7225 18.3619 12.8038 12.6276 21.9045 11.2941
threshold=15.833333333333334 116.50000000000001 9.5000000000000018 243.50000000000003 -4.4999999999999991 -0.98275349390425204 27.500000000000004 10.500000000000002 23.500000000000004 9.5000000000000018 25.500000000000004 119.50000000000001 11.500000000000002 4.5000000000000009 10.500000000000002 0.12835643564356439 9.5000000000000018 9.5000000000000018 30.617705466486889 111.92053546586465 279.50000000000006 0.57046764894298529 0.8583583583583585 29.500000000000004 31.500000000000004 1.0000000180025095e-35 7.5000000000000009 29.500000000000004 53.500000000000007 0.84523809523809534
decision_type=10 2 2 10 10 10 2 2 2 2 2 10 2 2 2 10 2 10 10 10 10 10 10 2 2 2 2 10 10 10
left_child=2 3 17 5 -4 16 7 11 26 10 -10 13 -6 -7 -14 23 -2 -1 -5 20 -20 -8 -16 -11 -25 -26 29 -15 -29 -9
right_child=1 -3 4 18 12 6 21 8 9 15 -12 -13 14 27 22 -17 -18 -19 19 -21 -22 -23 -24 24 25 -27 -28 28 -30 -31
leaf_value=-0.32586610045711972 -0.074927574705534489 3.2461909562313691 0.063739448521467387 9.3228553185636898 -0.34388068063621841 -0.028385107823063433 0.22838604016277578 -0.012476555999136102 -0.44646134836051243 0.24184540844471852 0.096326397569730451 0.4130754344330087 -0.34903521812561561 0.018003424645063201 0.0094557269957808998 -0.13560017370425106 1.2930268329881085 -0.19350051706702795 6.7765129354230265 9.9541538503343343 -0.33243226003152615 -0.29740015767741801 -0.14191219787039705 -0.45449968138531932 0.0056195188511245315 0.91735183246448515 0.096731979995097167 -0.0025293228388084542 0.21813439379226315 -0.28739637906415366
leaf_weight=1265 23 634 228 196 269 119 248 164 58 171 22 77 57 42 163 57 121 128 20 37 27 41 59 62 159 90 33 101 58 368
leaf_count=1265 23 634 228 196 269 119 248 164 58 171 22 77 57 42 163 57 121 128 20 37 27 41 59 62 159 90 33 101 58 368
internal_value=-0.00202744 0.0104105 -0.0188059 0.00584341 -0.00598464 0.00362259 0.0023008 0.000733922 -0.00196299 0.00253846 -0.0154588 0.00871642 -0.0108391 0.00459692 -0.00473239 0.00533824 0.020094 -0.025897 0.0214526 0.00937079 -0.00392308 0.0106939 -0.000502203 0.00725667 0.00349367 0.0071811 -0.00688421 0.0103107 0.006 -0.00803352
internal_weight=5097 2928 2169 2294 776 2014 1870 1581 1184 619 80 397 548 320 279 539 144 1393 280 84 47 289 222 482 311 249 565 201 159 532
internal_count=5097 2928 2169 2294 776 2014 1870 1581 1184 619 80 397 548 320 279 539 144 1393 280 84 47 289 222 482 311 249 565 201 159 532
is_linear=0
shrinkage=0.03


Tree=29
num_leaves=31
num_cat=0
split_feature=132 117 120 128 128 145 138 127 124 133 129 133 127 128 145 124 122 129 127 145 127 138 137 145 137 143 123 145 128 128
split_gain=1160.5 233.393 216.703 83.7387 44.3763 43.4071 49.0389 41.7705 35.2475 33.151 26.5758 21.0193 20.5874 16.4907 15.0806 14.8167 12.6884 19.1477 15.6636 12.5124 16.867 11.4537 19.3676 17.6253 11.0455 13.095 10.9486 13.8926 13.9079 15.362
threshold=15.833333333333334 116.50000000000001 3.5000000000000004 117.50000000000001 21.500000000000004 10.500000000000002 0.92857142857142871 -0.98164983164983155 25.500000000000004 30.617705466486889 243.50000000000003 3.8149242336291649 -0.0046312178387650079 9.5000000000000018 17.500000000000004 3.5000000000000004 7.5000000000000009 29.500000000000004 0.062781531531531543 10.500000000000002 0.8583583583583585 0.84523809523809534 6.5000000000000009 36.500000000000007 4.5000000000000009 40.500000000000007 14.500000000000002 10.500000000000002 29.500000000000004 50.500000000000007
decision_type=10 2 2 10 8 2 10 10 2 10 10 10 10 10 2 2 2 10 10 2 10 10 2 2 2 2 2 2 10 10
left_child=2 3 13 7 12 -5 -7 -2 11 10 14 24 -4 -1 -8 -14 17 -13 -18 -17 -21 -19 -23 -24 -9 26 27 28 -26 -30
right_child=1 -3 4 5 -6 6 9 8 -10 -11 -12 16 15 -15 -16 19 18 21 -20 20 -22 22 23 -25 25 -27 -28 -29 29 -31
leaf_value=-0.33987042086275399 0.88605777196734392 3.148805227544428 -0.0127843489192783 5.4524310410568138 0.26313575308633735 1.6592308595157619 -0.31479626280276513 -0.040149886803870022 0.15237949790231553 -0.3224592922305804 8.0871567768178565 -0.28661451295924006 -0.34532442686548631 -0.18207176740123204 0.36685012873634548 -0.33856416158184716 0.11566374918580141 0.04770982716830801 -0.15639967304178637 0.060504475942454616 -0.13589648146635211 0.011583005889666645 -0.41128722559912156 0.0019000112551092485 0.017463321905711329 -0.025577983855242008 0.14113349065197359 -0.0116123580127657 -0.0028594609155766903 0.17491123326616359
leaf_weight=1252 89 634 229 186 111 208 53 61 258 60 76 155 269 131 100 36 146 125 55 83 58 72 102 57 36 156 59 124 69 47
leaf_count=1252 89 634 229 186 111 208 53 61 258 60 76 155 269 131 100 36 146 125 55 83 58 72 102 57 36 156 59 124 69 47
internal_value=-0.00216856 0.0101446 -0.0187783 0.00566072 -0.00613654 0.0144244 0.00960956 0.00190842 0.00070334 0.0015102 0.00676923 -0.00136643 -0.00903529 -0.0259107 -0.000531646 -0.0127583 -0.00476151 -0.00725581 0.00157282 -0.00573626 -0.00139726 -0.00330748 -0.00722034 -0.0129512 0.00300539 0.00452419 0.00783529 0.0051032 0.0110446 0.00540496
internal_weight=5097 2928 2169 2294 786 683 497 1611 1522 289 229 1264 675 1383 153 446 712 511 201 177 141 356 231 159 552 491 335 276 152 116
internal_count=5097 2928 2169 2294 786 683 497 1611 1522 289 229 1264 675 1383 153 446 712 511 201 177 141 356 231 159 552 491 335 276 152 116
is_linear=0
shrinkage=0.03


Tree=30
num_leaves=31
num_cat=0
split_feature=132 117 121 132 127 127 124 144 121 144 117 137 144 121 143 144 117 126 127 136 121 127 126 119 127 130 144 144 127 133
split_gain=1113.49 235.242 213.969 85.7818 53.5099 41.0779 34.1719 21.3054 24.3422 33.2366 48.1429 23.348 21.5721 20.9919 36.4005 37.587 18.9429 17.0531 16.6501 16.1438 13.8439 12.7422 12.5746 14.8886 15.573 12.4898 12.371 12.1811 10.3349 9.9487
threshold=14.500000000000002 121.50000000000001 9.5000000000000018 172.16666666666671 -0.98275349390425204 -0.0046312178387650079 27.500000000000004 10.500000000000002 9.5000000000000018 17.500000000000004 15.500000000000002 4.5000000000000009 25.500000000000004 66.500000000000014 39.500000000000007 15.500000000000002 57.500000000000007 -7.4999999999999991 -0.90815370196813483 27.995626243319432 40.500000000000007 0.60370370370370374 5.5000000000000009 27.500000000000004 -0.11542730299667035 1.5000000000000002 25.500000000000004 42.500000000000007 0.12835643564356439 44.624348068912212
decision_type=10 2 2 10 10 10 2 2 2 2 2 2 2 2 2 2 2 10 8 10 2 10 10 2 10 10 2 2 10 10
left_child=2 3 18 4 -2 16 7 11 12 10 -10 19 -9 -5 15 -15 26 25 -1 20 -6 -8 28 -24 -25 -11 -4 -7 -19 -16
right_child=1 -3 5 13 6 27 21 8 9 17 -12 -13 -14 14 29 -17 -18 22 -20 -21 -22 -23 23 24 -26 -27 -28 -29 -30 -31
leaf_value=-0.077859401551469934 1.0151569932748599 3.3671487415262189 -0.058307874084914703 6.6465643200596558 -0.28722241715239399 -0.23248112817629293 0.20160000535752154 -0.081336777425532261 -0.4403017521732886 0.6436669601546362 0.089584647045072074 0.016939422248539966 -0.39294206530296211 4.1144844433249013 5.1041206328413793 -0.31278551346366301 2.2938055454181074 0.089731712321137608 -0.29967430823687136 0.237110240168314 0.019062548100967299 -0.14741090499930209 -0.17661230006238099 0.29620090958790796 -0.071088047527151657 -0.15170768285053277 0.016138256860984475 0.043661693465449881 -0.12289603079083596 1.4661601886421765
leaf_weight=22 130 615 125 167 65 431 247 186 82 23 34 242 75 30 119 38 51 498 1354 21 44 39 37 43 35 127 113 22 42 40
leaf_count=22 130 615 125 167 65 431 247 186 82 23 34 242 75 30 119 38 51 498 1354 21 44 39 37 43 35 127 113 22 42 40
internal_value=-0.00229792 0.00951877 -0.0189044 0.00518953 0.00260962 -0.00585542 0.00126504 -0.000496472 -0.00247178 -0.000155508 -0.0148264 0.00571353 -0.0104662 0.0178797 0.0114828 -0.00649315 0.00293878 0.00202963 -0.0258899 -0.0044 -0.00915789 0.010701 0.00412727 -0.0047 0.00281928 -0.00692903 -0.000716049 -0.0114498 0.00604404 0.0191707
internal_weight=5097 2979 2118 2364 1970 742 1840 1554 1182 921 116 372 261 394 227 68 289 805 1376 130 109 286 655 115 78 150 238 453 540 159
internal_count=5097 2979 2118 2364 1970 742 1840 1554 1182 921 116 372 261 394 227 68 289 805 1376 130 109 286 655 115 78 150 238 453 540 159
is_linear=0
shrinkage=0.03


Tree=31
num_leaves=31
num_cat=0
split_feature=132 117 121 128 125 125 124 144 142 136 121 137 128 128 130 101 130 125 138 125 144 131 124 120 121 125 144 144 143 146
split_gain=1085.27 238.833 220.038 86.093 50.1209 38.495 30.1271 24.1941 28.0486 54.3416 42.9977 24.2834 21.1777 19.6403 22.419 19.1372 18.1651 17.252 18.1233 21.1465 25.0255 16.757 15.1162 14.9621 14.4333 12.1228 12.0198 11.9675 47.6435 11.7962
threshold=14.500000000000002 121.50000000000001 9.5000000000000018 261.50000000000006 -90.499999999999986 -4.4999999999999991 29.500000000000004 10.500000000000002 9.5000000000000018 5.7053498761593309 9.5000000000000018 4.5000000000000009 8.5000000000000018 53.500000000000007 29.500000000000004 1.0000000180025095e-35 1.0000000180025095e-35 1.0000000180025095e-35 0.84523809523809534 -21.499999999999996 36.500000000000007 11.500000000000002 2.5000000000000004 25.833333333333339 28.500000000000004 -1.0000000180025095e-35 38.500000000000007 15.500000000000002 39.500000000000007 23.500000000000004
decision_type=10 2 2 10 10 10 2 2 2 10 2 2 10 10 10 2 10 10 10 10 2 8 2 2 2 10 2 2 2 2
left_child=2 3 15 4 -2 -4 7 11 9 -9 16 24 22 14 -13 -1 -10 18 26 23 -21 -14 29 -20 -6 -22 -12 -5 -29 -7
right_child=1 -3 5 27 6 12 -8 8 10 -11 17 13 21 -15 -16 -17 -18 -19 19 20 25 -23 -24 -25 -26 -27 -28 28 -30 -31
leaf_value=-0.29068407898976523 1.281414976445016 3.2661342792804327 0.062253456740722864 9.0016608564324123 -0.12971619042163454 -0.34623009356587853 0.1773243693392014 0.0078571634455789057 0.053937838539304908 -0.41243249893861272 0.30346317052250821 0.01643123958108374 -0.066672242395043907 0.24907118633750183 -0.003078850874599439 0.0043699119624913147 -0.37951190453004274 -0.04478134971347373 -0.031882862905481486 -0.095777678908932837 -0.018879701661766574 0.028917522280689275 -0.075326441558908205 0.51652687803993691 0.087973564007583632 0.33252135389381882 -0.064579776240366357 -0.30340194805975312 8.9591217581348825 -0.22039535281060357
leaf_weight=1353 115 615 219 136 89 134 273 163 42 103 252 42 82 114 102 23 92 181 23 208 59 55 163 59 68 90 22 21 110 89
leaf_count=1353 115 615 219 136 89 134 273 163 42 103 252 42 82 114 102 23 92 181 23 208 59 55 163 59 68 90 22 21 110 89
internal_value=-0.00236848 0.00929759 -0.0187631 0.00493626 0.00286584 -0.00553414 0.00171817 0.000224037 -0.00179677 -0.0103838 0.000458858 0.00648571 -0.00993182 0.0120684 0.00438926 -0.0258465 -0.0150647 0.00286318 0.00496379 0.00113514 -0.00205525 0.000169014 -0.0134885 0.0144138 -0.00274074 0.00716883 0.0109462 0.0208235 0.0134118 -0.0185263
internal_weight=5097 2979 2118 2364 2097 742 1982 1709 1294 266 1028 415 523 258 144 1376 134 894 713 439 357 137 386 82 157 149 274 267 131 223
internal_count=5097 2979 2118 2364 2097 742 1982 1709 1294 266 1028 415 523 258 144 1376 134 894 713 439 357 137 386 82 157 149 274 267 131 223
is_linear=0
shrinkage=0.03


Tree=32
num_leaves=31
num_cat=0
split_feature=132 121 117 128 127 127 128 124 144 120 137 144 117 128 117 133 136 128 130 127 117 126 121 124 144 121 133 135 136 144
split_gain=1026.11 226.835 220.041 87.0649 46.8265 35.5147 30.2559 26.7376 27.8252 27.6325 25.0404 23.7969 41.3867 22.9981 18.8411 18.6777 26.0442 16.9529 25.3687 14.0994 13.3146 13.3075 12.9262 12.473 13.497 11.8373 11.078 13.697 10.1622 9.11552
threshold=15.833333333333334 9.5000000000000018 125.50000000000001 261.50000000000006 -0.98894993894993888 -0.0046312178387650079 9.5000000000000018 27.500000000000004 10.500000000000002 31.500000000000004 4.5000000000000009 17.500000000000004 25.500000000000004 6.5000000000000009 57.500000000000007 47.143987347883829 111.92053546586465 53.500000000000007 29.500000000000004 0.57046764894298529 6.5000000000000009 -7.4999999999999991 40.500000000000007 17.500000000000004 10.500000000000002 171.50000000000003 19.344816497187889 81.357142857142875 5.9264193249391655 32.500000000000007
decision_type=10 2 2 10 10 10 10 2 2 2 2 2 2 10 2 10 10 10 10 10 2 10 2 2 2 2 10 10 10 2
left_child=1 6 3 4 -2 14 -1 8 10 -10 22 12 -11 23 -3 -5 -17 18 -12 -9 26 -22 -6 -7 -25 -4 -13 -28 -8 -15
right_child=2 5 25 15 7 13 28 19 9 11 17 20 -14 29 -16 16 -18 -19 -20 -21 21 -23 -24 24 -26 -27 27 -29 -30 -31
leaf_value=-0.28818325320072441 1.2892851219186197 -0.0070018937026750192 0.75774555023548518 8.6603481053908364 -0.12582470470898555 -0.31073591486259844 -0.10282979942568989 0.20955952297389699 -0.089521405720023636 -0.40005952397045436 0.015938302393651203 0.67193216789045551 0.12206261866814713 -0.11558168189256594 2.2231237753533422 -0.29429988961796055 9.3524445551879118 0.20728931073098222 -0.0027834764673951183 -0.16988919111188777 -0.10378323052808823 0.06850862293735055 0.065328985058562883 -0.31917300964233569 0.27160442352209913 4.8994683286636542 -0.41193326245649026 1.1196411067009695 -0.23685510235152354 0.0089189982612438174
leaf_weight=1265 104 253 149 204 89 252 68 263 649 51 40 127 25 87 51 33 31 120 101 43 74 231 65 27 40 440 25 64 60 66
leaf_count=1265 104 253 149 204 89 252 68 263 649 51 40 127 25 87 51 33 31 120 101 43 74 231 65 27 40 440 25 64 60 66
internal_value=-0.00249784 -0.0181159 0.0090808 0.00492491 0.00281503 -0.00506274 -0.0253391 0.00174645 0.000230492 -0.00200959 0.00691429 0.00263123 -0.0125185 -0.0101761 0.0028932 0.0208571 0.006 0.0124962 0.00509589 0.00981994 0.00495057 0.000851613 -0.00260377 -0.0147037 -0.00283333 0.0253939 0.0105611 0.00217021 -0.010782 -0.000531646
internal_weight=5097 2169 2928 2339 2071 776 1393 1967 1661 1246 415 597 76 472 304 268 64 261 141 306 521 305 154 319 67 589 216 89 128 153
internal_count=5097 2169 2928 2339 2071 776 1393 1967 1661 1246 415 597 76 472 304 268 64 261 141 306 521 305 154 319 67 589 216 89 128 153
is_linear=0
shrinkage=0.03


Tree=33
num_leaves=31
num_cat=0
split_feature=132 121 117 128 127 117 128 127 124 144 120 144 117 143 128 131 138 144 133 136 144 124 127 127 122 136 138 131 117 144
split_gain=1008.06 235.619 217.362 83.1692 43.1811 32.2405 30.2559 29.6168 26.0755 26.9543 27.3885 28.8181 43.5208 22.9467 21.8426 17.9921 15.9288 19.2274 15.1756 23.0147 14.8879 18.2069 14.8608 13.6309 12.5608 12.5505 22.0091 14.7109 12.0259 10.3027
threshold=15.833333333333334 9.5000000000000018 125.50000000000001 243.50000000000003 -0.98894993894993888 11.500000000000002 9.5000000000000018 0.097800095648015326 29.500000000000004 10.500000000000002 23.500000000000004 17.500000000000004 25.500000000000004 39.500000000000007 125.50000000000001 48.500000000000007 0.58571428571428574 10.500000000000002 44.624348068912212 111.92053546586465 10.500000000000002 29.500000000000004 0.12835643564356439 0.57046764894298529 7.5000000000000009 2.5711854067139073 0.84523809523809534 11.500000000000002 176.50000000000003 43.500000000000007
decision_type=10 2 2 10 10 2 10 10 2 2 2 2 2 2 10 8 8 2 10 10 2 2 10 10 2 10 10 10 2 2
left_child=1 6 3 4 -2 13 -1 16 9 14 24 12 -12 -3 15 -6 17 -7 -5 -20 -9 -22 -13 -10 25 -11 27 -27 -4 -28
right_child=2 5 28 18 8 7 -8 20 23 10 11 22 -14 -15 -16 -17 -18 -19 19 -21 21 -23 -24 -25 -26 26 29 -29 -30 -31
leaf_value=-0.27953775560470268 1.2017963619570766 -0.32652111331302419 0.84050899848984095 7.6588632760923119 0.015460153321841651 -0.34452750799988197 -0.15741694384563534 -0.3346920157567419 0.20398514713916491 -0.0013047083837647833 -0.38780314966300922 0.13905974646188721 0.11840074010810277 -0.058677106078927392 0.20107063140905268 -0.001288824816390992 0.11203548003579443 0.14299489901773171 -0.28547089292942174 9.0003512836742559 -0.078127084561930946 0.66540990294112023 -0.1177477585514574 -0.16479251537853101 0.098747521923392062 -0.10616291506123968 -0.34860662906723405 0.076123989078203363 5.2736269406829308 0.011444536051655749
leaf_weight=1265 99 133 185 211 77 37 128 34 253 143 58 538 25 208 77 260 192 57 38 32 82 33 60 37 33 66 202 100 404 30
leaf_count=1265 99 133 185 211 77 37 128 34 253 143 58 538 25 208 77 260 192 57 38 32 82 33 60 37 33 66 202 100 404 30
internal_value=-0.00249784 -0.0179779 0.00897852 0.00484812 0.00273097 -0.00467862 -0.0253391 0.000736364 0.00172301 0.000265233 -0.00192381 0.00213411 -0.0139091 -0.0115145 0.00685919 0.00340351 0.00637113 -0.00357576 0.020014 0.00712 -0.0098961 -0.0042 0.00446766 0.00994576 -0.00672539 -0.00784615 -0.0105558 -0.00207018 0.0251919 -0.0164304
internal_weight=5097 2169 2928 2339 2058 776 1393 435 1959 1669 1255 681 83 341 414 337 286 94 281 70 149 115 598 290 574 541 398 166 589 232
internal_count=5097 2169 2928 2339 2058 776 1393 435 1959 1669 1255 681 83 341 414 337 286 94 281 70 149 115 598 290 574 541 398 166 589 232
is_linear=0
shrinkage=0.03


Tree=34
num_leaves=31
num_cat=0
split_feature=132 120 117 128 127 117 128 135 144 124 144 128 120 144 117 144 128 127 117 136 133 136 138 144 125 120 144 125 127 131
split_gain=988.128 229.867 217.403 81.9981 40.9663 33.9863 29.8422 27.7 29.3844 22.3957 22.0331 23.9241 23.8324 34.7482 58.3012 19.864 19.3291 18.0636 16.1857 15.2921 14.6486 23.0147 14.1571 24.015 17.19 18.2901 17.0617 12.9162 12.7548 11.9171
threshold=15.833333333333334 3.1666666666666674 125.50000000000001 243.50000000000003 -0.98894993894993888 27.500000000000004 9.5000000000000018 1.0000000180025095e-35 10.500000000000002 27.500000000000004 10.500000000000002 125.50000000000001 3.5000000000000004 17.500000000000004 2.5000000000000004 25.500000000000004 6.5000000000000009 0.21937500000000001 1.0000000180025095e-35 5.9264193249391655 44.624348068912212 111.92053546586465 0.84523809523809534 38.500000000000007 -22.499999999999996 27.166666666666668 31.500000000000004 -5.4999999999999991 0.57046764894298529 48.500000000000007
decision_type=10 2 2 10 8 2 10 8 2 2 2 10 2 2 2 2 10 10 2 10 10 10 10 2 10 2 2 8 10 8
left_child=1 6 3 4 -2 16 -1 8 -7 10 11 18 15 14 -14 -12 27 22 29 -9 -5 -22 23 -15 25 -24 -26 -3 -11 -6
right_child=2 5 -4 20 9 7 -8 19 -10 28 12 -13 13 17 -16 -17 -18 -19 -20 -21 21 -23 24 -25 26 -27 -28 -29 -30 -31
leaf_value=-0.29493192635590948 1.1657424710983644 0.011651200588893858 3.2896105082211986 7.4290973778095433 0.014996348722186408 -0.31687437082012443 -0.16121879320195165 0.64544760585288663 1.6315549542404246 0.19715318287050534 -0.074535882557564645 0.19503851246678108 -0.3804831725036753 0.31555935137942709 0.1025981839480638 -0.37978230923295597 -0.0077191431554104011 -0.13916708220122628 -0.097126340881229539 -0.024667299845710654 -0.27690676614153908 8.7303407451640282 -0.089450882410083629 -0.20119939287263339 -0.13381948518079498 0.49480402061676215 0.037595732455323869 -0.26000931777421754 -0.15984873991717491 0.00093511900287168714
leaf_weight=1233 99 43 589 211 71 54 124 105 31 263 195 77 85 252 40 65 202 71 37 62 38 32 20 31 167 57 257 315 43 228
leaf_count=1233 99 43 589 211 71 54 124 105 31 263 195 77 85 252 40 65 202 71 37 62 38 32 20 31 167 57 257 315 43 228
internal_value=-0.00248608 -0.0178123 0.00887624 0.00474573 0.00264372 -0.00513341 -0.025348 0.00394553 -0.0096 0.00166191 0.000267793 0.00622967 -0.00173012 0.000420305 -0.0140308 -0.00971321 -0.00922832 0.0026093 0.0026217 0.0109535 0.0198042 0.00712 0.00394677 0.00925 0.00087747 0.0134634 -0.00152448 -0.0133719 0.00904823 0.00501316
internal_weight=5097 2169 2928 2339 2058 812 1357 252 85 1959 1653 413 1240 980 125 260 560 855 336 167 281 70 784 283 501 77 424 358 306 299
internal_count=5097 2169 2928 2339 2058 812 1357 252 85 1959 1653 413 1240 980 125 260 560 855 336 167 281 70 784 283 501 77 424 358 306 299
is_linear=0
shrinkage=0.03


Tree=35
num_leaves=31
num_cat=0
split_feature=132 121 117 135 127 125 128 144 143 124 136 133 144 122 124 117 121 144 129 127 130 125 128 127 136 128 125 118 117 130
split_gain=972.057 233.471 210.504 82.5125 45.5059 35.6891 29.5032 21.1107 59.4741 20.7571 21.3946 29.8475 20.3854 21.0407 16.3735 15.7394 15.3657 13.8185 13.0892 11.7841 11.5692 12.3282 11.4479 10.3171 10.1622 9.81656 9.39188 10.1807 9.12025 9.02308
threshold=15.833333333333334 9.5000000000000018 125.50000000000001 212.42857142857147 -0.98894993894993888 -22.499999999999996 9.5000000000000018 15.500000000000002 39.500000000000007 27.500000000000004 66.61387323167834 10.57241744234066 21.500000000000004 16.500000000000004 2.5000000000000004 35.500000000000007 176.50000000000003 10.500000000000002 198.50000000000003 0.53939393939393943 50.500000000000007 -29.499999999999996 18.500000000000004 -0.073128342245989283 5.9264193249391655 127.50000000000001 22.500000000000004 155.50000000000003 41.500000000000007 62.500000000000007
decision_type=10 2 2 10 10 10 10 2 2 2 10 10 2 2 2 2 2 2 8 10 10 10 10 10 10 10 10 2 2 10
left_child=1 6 3 4 -2 15 -1 -5 -9 10 11 18 14 22 -7 -3 26 -16 20 -11 21 -6 -14 -12 -8 -25 27 -4 -19 -22
right_child=2 5 16 7 9 12 24 8 -10 19 23 -13 13 -15 17 -17 -18 28 -20 -21 29 -23 -24 25 -26 -27 -28 -29 -30 -31
leaf_value=-0.26325086500457501 1.2238901347604512 -0.028064795690399061 0.74660541328851027 5.548915887973263 0.36912168816551993 -0.30892520038040688 -0.090185833331491549 -0.26859956315729289 8.5186374819376383 0.18221832193933779 -0.077985207360906222 -0.10705296293526828 -0.044592660571285449 0.1702272691040648 -0.29005082775575958 1.3863427083499356 4.6905871553366216 -0.043262432985430463 -0.60891319249695031 -0.13347239553727142 0.084892085738362752 -0.0036136672346940911 0.1291164592732118 0.098442834214953687 -0.2201903771695502 1.2357022272042304 -0.06716761875475584 0.28033237910025177 0.89579500213452334 0.052895609641927875
leaf_weight=1265 103 48 115 165 41 200 68 29 107 260 25 563 281 32 42 64 427 44 23 43 92 501 32 35 60 67 25 22 33 285
leaf_count=1265 103 48 115 165 41 200 68 29 107 260 25 563 281 32 42 64 427 44 23 43 92 501 32 35 60 67 25 22 33 285
internal_value=-0.00263897 -0.0178399 0.00863075 0.00456655 0.00237592 -0.00460179 -0.0251674 0.019098 0.00974468 0.00131134 -3.29872e-05 -0.00104901 -0.00725561 -0.00212571 -0.0126667 0.0107179 0.0245859 -0.00358065 0.00221119 0.00845455 0.00281818 0 -0.00460377 0.0115455 -0.010782 0.0156449 0.0157725 0.0187606 0.00395122 0.00681675
internal_weight=5097 2169 2928 2339 2038 776 1393 301 136 1935 1632 1505 664 345 319 112 589 119 942 303 919 542 313 127 128 102 162 137 77 377
internal_count=5097 2169 2928 2339 2038 776 1393 301 136 1935 1632 1505 664 345 319 112 589 119 942 303 919 542 313 127 128 102 162 137 77 377
is_linear=0
shrinkage=0.03


Tree=36
num_leaves=31
num_cat=0
split_feature=135 117 121 128 128 120 129 127 128 144 125 133 136 117 138 124 144 133 127 125 119 136 125 136 144 121 126 125 131 144
split_gain=944.711 247.063 152.515 102.107 45.9928 35.9204 42.7503 27.8502 27.3506 25.1063 18.409 18.322 24.5827 17.835 17.3723 21.5057 25.9059 22.4053 21.2862 17.3536 16.5259 16.3137 15.4894 14.7487 14.6897 20.9247 12.932 11.9032 13.5254 11.6276
threshold=13.585714285714287 125.50000000000001 9.5000000000000018 50.500000000000007 261.50000000000006 10.16666666666667 10.500000000000002 -0.98894993894993888 9.5000000000000018 12.500000000000002 -2.4999999999999996 47.143987347883829 117.80681479316767 176.50000000000003 0.84523809523809534 -1.4999999999999998 36.500000000000007 1.4571067811865477 -0.30725524475524474 -28.499999999999996 32.500000000000007 6.0794007305054718 22.500000000000004 3.3715482762241882 18.500000000000004 35.500000000000007 -7.4999999999999991 -4.4999999999999991 487.50000000000006 25.500000000000004
decision_type=8 2 2 10 10 2 10 10 10 2 10 10 10 2 10 2 2 10 10 10 2 10 10 10 2 2 8 10 8 2
left_child=2 3 8 5 7 6 -2 29 -1 -10 -4 -6 -13 22 18 16 17 -16 -9 -7 -21 -8 -3 -17 -25 -26 -22 -19 -29 -5
right_child=1 13 10 4 11 19 21 14 9 -11 -12 12 -14 -15 15 23 -18 27 -20 20 26 -23 -24 24 25 -27 -28 28 -30 -31
leaf_value=-0.24818644261509493 -0.25440613919574706 0.75584083178298922 0.0059858027171036006 0.28750061063999877 7.692339718153927 0.47314522634563477 0.0027900638671506071 -0.075645651140078915 0.038519292361053538 -0.28019680483123832 -0.20843365270442293 -0.26054157626257413 8.2843913332089958 5.0298695406765219 0.068659904320916496 -0.052341258277728425 0.28537270148260774 0.058821368152887667 0.50549048194372959 0.037327115471915029 -0.20010515029778861 -0.033123168839748654 -0.087396213454976251 0.19926046616246232 -0.41182841356832556 0.11875754743097786 -0.023934919682108671 -0.32288524154453707 0.14484378612840287 1.299502949634298
leaf_weight=1173 152 159 178 20 204 101 181 39 33 91 455 35 29 419 44 111 82 32 230 258 63 222 30 136 28 139 208 134 30 81
leaf_count=1173 152 159 178 20 204 101 181 39 33 91 455 35 29 419 44 111 82 32 230 258 63 222 30 136 28 139 208 134 30 81
internal_value=-0.00282713 0.00725221 -0.0193457 0.00314509 0.00869761 -0.00329748 -0.00882857 0.00593519 -0.0252258 -0.0111163 -0.00718495 0.0197582 0.00513043 0.0243622 0.0043604 0.00193522 -0.00383486 -0.00879184 0.0108175 0.00159685 -0.000606742 -0.00358824 0.0158969 0.00642959 0.00981818 0.00362791 -0.00573913 -0.0131045 -0.0162959 0.0206038
internal_weight=5097 3167 1930 2559 1374 1185 555 1106 1297 124 633 268 64 608 1005 736 322 240 269 630 529 403 189 414 303 167 271 196 164 101
internal_count=5097 3167 1930 2559 1374 1185 555 1106 1297 124 633 268 64 608 1005 736 322 240 269 630 529 403 189 414 303 167 271 196 164 101
is_linear=0
shrinkage=0.03


Tree=37
num_leaves=31
num_cat=0
split_feature=132 120 117 128 125 128 117 127 124 133 117 128 143 144 122 126 130 131 142 144 124 133 125 120 127 135 144 135 124 127
split_gain=933.758 231.24 197 79.9112 35.7051 33.8736 31.3497 26.4918 21.5158 21.5921 20.585 20.1298 19.8694 18.7385 17.5351 16.3766 16.0724 15.9767 33.2787 15.4043 17.4717 15.3593 15.029 14.8825 13.448 12.7659 19.4818 12.2981 9.90625 8.95984
threshold=15.833333333333334 3.1666666666666674 125.50000000000001 243.50000000000003 -106.49999999999999 9.5000000000000018 10.500000000000002 0.097800095648015326 27.500000000000004 7.9651257511234403 178.50000000000003 73.500000000000014 39.500000000000007 12.500000000000002 7.5000000000000009 -5.4999999999999991 51.500000000000007 261.50000000000006 9.5000000000000018 10.500000000000002 29.500000000000004 47.143987347883829 22.500000000000004 12.500000000000002 0.53939393939393943 0.58571428571428574 10.500000000000002 67.154761904761912 -41.499999999999993 -0.92678571428571421
decision_type=10 2 2 10 10 10 2 10 2 10 2 10 2 2 2 10 10 8 2 2 2 10 10 2 10 8 2 10 2 10
left_child=1 5 3 4 -2 -1 12 25 9 16 22 14 -3 -7 -11 -16 27 18 -13 -9 -21 -5 -4 -23 -10 26 -8 28 -6 -14
right_child=2 6 10 21 8 13 7 19 24 11 -12 17 29 -15 15 -17 -18 -19 -20 20 -22 23 -24 -25 -26 -27 -28 -29 -30 -31
leaf_value=-0.27055425843922248 1.1968194490928337 -0.29340443478786199 0.70153202593636532 6.8089867882914419 0.27397421283437529 0.016364162897621562 -0.30973091722147628 -0.30133021015826816 0.17601145401961674 -0.19598416803543925 4.8789734544562267 -0.26508458710775601 0.050845340148084422 -0.2521676332750537 -0.12577732633819788 0.096207596778968132 0.11186967763856578 0.97498873406190867 0.088303705633073826 -0.064007615894078509 0.60546333719439693 9.5244966617507139 -0.10701795031418981 -0.25272532897469691 -0.14382139118527676 0.10507074172672183 0.10463994266444232 -0.14907595609958946 -0.00070421205269095562 -0.13097047992471222
leaf_weight=1233 84 136 163 215 45 40 37 34 257 317 397 36 32 84 39 101 352 62 249 88 33 21 29 45 44 219 38 22 450 195
leaf_count=1233 84 136 163 215 45 40 37 34 257 317 397 36 32 84 39 101 352 62 249 88 33 21 29 45 44 219 38 22 450 195
internal_value=-0.00280361 -0.0177019 0.00824207 0.00431058 0.00223655 -0.0252599 -0.00498654 0.000317181 0.00139161 5.00596e-05 0.0236768 -0.00347837 -0.0114783 -0.00972093 -0.00758442 0.0012 0.00332265 0.00194318 -0.00111724 -0.009525 -0.004 0.0191748 0.0148934 0.00583099 0.00870588 0.00559866 -0.0048 -4.5977e-05 0.001008 -0.0057931
internal_weight=5097 2169 2928 2339 2058 1357 812 449 1974 1673 589 804 363 124 457 140 869 347 285 155 121 281 192 66 301 294 75 517 495 227
internal_count=5097 2169 2928 2339 2058 1357 812 449 1974 1673 589 804 363 124 457 140 869 347 285 155 121 281 192 66 301 294 75 517 495 227
is_linear=0
shrinkage=0.03


Tree=38
num_leaves=31
num_cat=0
split_feature=135 117 121 128 128 117 127 128 144 117 144 117 130 138 133 144 133 136 144 142 144 117 127 137 144 120 136 130 128 123
split_gain=904.982 220.68 167.665 89.1178 43.3076 53.7942 29.636 28.1624 27.2895 19.9277 17.9803 37.4701 21.3273 16.7898 20.2998 16.2676 15.3593 22.3434 14.6778 23.0693 14.0789 23.5174 13.1651 11.6977 17.6526 21.6931 16.2997 13.9591 25.7446 11.2671
threshold=14.357142857142859 125.50000000000001 9.5000000000000018 243.50000000000003 15.500000000000002 6.5000000000000009 -0.99004950495049493 8.5000000000000018 11.500000000000002 178.50000000000003 10.500000000000002 33.500000000000007 1.0000000180025095e-35 0.84523809523809534 11.100540382949655 38.500000000000007 47.143987347883829 117.80681479316767 15.500000000000002 9.5000000000000018 22.500000000000004 7.5000000000000009 0.20820433436532509 4.5000000000000009 10.500000000000002 7.166666666666667 2.5711854067139073 51.500000000000007 27.500000000000004 7.5000000000000009
decision_type=8 2 2 10 10 2 10 10 2 2 2 2 8 10 10 2 10 10 2 2 2 2 10 2 2 2 10 10 10 2
left_child=2 3 7 4 5 -2 -6 -1 -9 22 12 20 -4 15 23 -8 -5 -18 -16 -20 21 -12 -3 -15 27 26 -26 28 -25 -22
right_child=1 9 10 16 6 -7 13 8 -10 -11 11 -13 -14 14 18 -17 17 -19 19 -21 29 -23 -24 24 25 -27 -28 -29 -30 -31
leaf_value=-0.23262422158346541 -0.26243763068604581 0.68582947991170551 -0.29229030385352017 6.6047171846426984 1.2164482263983309 0.032708957335539315 0.26575498644934403 0.015873238010692903 -0.25420671383007171 4.8714740592255206 -0.29599111705229703 0.31929700977936754 -0.049990358189876821 -0.046803685412307554 0.11409762442727739 -0.28114509566357077 -0.24514356910545601 8.0434413530819668 -0.28066098715981697 -0.049065667849326144 0.0093256275326860736 -0.018890934686728825 -0.0815637885419008 0.014592292723127807 -0.011292113069651038 0.053826245400474017 -0.35304118449003219 0.12135959229050648 -0.0018567717088459545 -0.05510253713475248
leaf_weight=1164 191 168 67 215 78 217 353 34 110 412 73 95 45 119 79 50 37 29 45 239 31 81 28 32 131 468 50 98 94 264
leaf_count=1164 191 168 67 215 78 217 353 34 110 412 73 95 45 119 79 50 37 29 45 239 31 81 28 32 131 468 50 98 94 264
internal_value=-0.00267425 0.00733078 -0.0186155 0.00340079 0.00138462 -0.00739467 0.00335361 -0.0248088 -0.0116376 0.0234812 -0.00616339 -0.00381421 -0.0168718 0.00251503 0.0009 0.00785294 0.0191748 0.00583099 -0.00511957 -0.00828374 -0.00745374 -0.0146792 0.0148955 0.00312337 0.00433257 0.00177982 -0.00690323 0.0115022 0.00453435 -0.00348
internal_weight=5097 3133 1964 2525 2244 408 1836 1308 144 608 656 544 112 1758 1355 403 281 66 363 284 449 154 196 992 873 649 181 224 126 295
internal_count=5097 3133 1964 2525 2244 408 1836 1308 144 608 656 544 112 1758 1355 403 281 66 363 284 449 154 196 992 873 649 181 224 126 295
is_linear=0
shrinkage=0.03


Tree=39
num_leaves=31
num_cat=0
split_feature=135 135 120 118 117 128 117 128 124 145 129 117 145 117 130 133 133 136 127 145 145 130 127 130 136 131 127 127 145 145
split_gain=878.788 227.117 167.709 69.2789 45.1561 41.1509 48.0848 30.2671 26.4759 26.3344 20.0727 19.2181 45.0324 15.0237 14.6294 16.4375 14.3328 22.3402 14.0149 16.2642 13.3742 12.9261 12.5501 11.53 14.7411 11.1806 11.1424 10.7874 10.5199 14.881
threshold=14.357142857142859 146.92857142857147 3.1666666666666674 101.50000000000001 178.50000000000003 10.500000000000002 3.5000000000000004 8.5000000000000018 63.500000000000007 11.500000000000002 275.50000000000006 7.5000000000000009 10.500000000000002 33.500000000000007 23.500000000000004 15.13640959971818 47.143987347883829 117.80681479316767 -0.049578235852745643 31.500000000000004 23.500000000000004 50.500000000000007 0.60370370370370374 63.500000000000007 19.323208550293895 26.500000000000004 0.8583583583583585 -0.92678571428571421 10.500000000000002 17.500000000000004
decision_type=8 10 2 2 2 10 2 10 2 2 10 2 2 2 8 10 10 10 10 2 2 10 10 10 10 8 10 10 2 2
left_child=2 3 7 5 10 6 -2 -1 14 -9 -3 20 -13 26 28 21 -12 -18 -5 -20 25 -16 -8 -23 -25 -4 -14 -22 -7 -30
right_child=1 4 11 18 -6 8 22 9 -10 -11 16 12 13 -15 15 -17 17 -19 19 -21 27 23 -24 24 -26 -27 -28 -29 29 -31
leaf_value=-0.25545890403854182 -0.2607841983461166 0.55541065519185273 -0.28640399050953014 1.1799547796063812 5.6816275478647444 0.014154523941433971 0.076570037076693825 0.015397040870372115 0.3295742475231398 -0.25143726178877812 7.6547520704460226 -0.28352159473791455 0.006978114876419461 0.30971809948598644 -0.0057756832150590576 -0.20046484782512508 -0.23778926203229234 7.8651898011827726 0.059746649760264031 0.68805788826656777 0.050973056057684561 0.10136410103779972 -0.27289329700468123 -0.03216073620075937 0.22252657065524289 -0.255844047722871 -0.13525229788910054 -0.17540083232336151 -0.3240573602987975 0.087788739852327463
leaf_weight=1139 149 250 75 134 344 53 165 34 111 106 198 78 168 95 494 232 29 24 122 88 32 123 23 182 127 35 45 157 36 249
leaf_count=1139 149 250 75 134 344 53 165 34 111 106 198 78 168 95 494 232 29 24 122 88 32 123 23 182 127 35 45 157 36 249
internal_value=-0.00281537 0.00704398 -0.0185241 0.00211688 0.0202871 -8.92766e-05 -0.00954386 -0.0249252 0.00191315 -0.011131 0.0142767 -0.00646957 -0.00197954 0.00323962 0.000835443 -0.000768702 0.02025 0.00558621 0.0144241 0.0091814 -0.0121184 0.0010247 0.000590674 0.00479176 0.0016051 -0.0202957 -0.00121101 -0.00692784 0.00627988 0.0038069
internal_weight=5097 3133 1964 2288 845 1944 337 1279 1607 140 501 685 386 308 1496 1158 251 53 344 210 299 926 188 432 309 110 213 189 338 285
internal_count=5097 3133 1964 2288 845 1944 337 1279 1607 140 501 685 386 308 1496 1158 251 53 344 210 299 926 188 432 309 110 213 189 338 285
is_linear=0
shrinkage=0.03


Tree=40
num_leaves=31
num_cat=0
split_feature=135 135 117 118 128 117 124 127 135 144 144 128 129 117 135 119 143 144 144 119 131 119 144 136 136 144 119 144 144 136
split_gain=855.509 217.425 192.051 54.9071 54.3393 42.9414 33.5468 29.0078 27.7353 29.1129 27.1069 26.5716 20.0727 19.8118 18.1917 13.9969 13.7484 11.3154 12.9645 16.4713 15.4268 11.308 10.563 18.2323 24.6981 10.2215 19.5647 9.95791 54.6187 13.8879
threshold=14.357142857142859 146.92857142857147 7.5000000000000009 89.500000000000014 8.5000000000000018 178.50000000000003 29.500000000000004 -0.90815370196813483 1.0000000180025095e-35 10.500000000000002 11.500000000000002 10.500000000000002 275.50000000000006 33.500000000000007 60.196428571428577 21.500000000000004 39.500000000000007 28.500000000000004 31.500000000000004 5.5000000000000009 10.500000000000002 29.500000000000004 10.500000000000002 117.80681479316767 32.417861084490632 36.500000000000007 8.5000000000000018 17.500000000000004 15.500000000000002 23.271682213606933
decision_type=10 10 2 2 10 2 2 8 8 2 2 10 10 2 10 2 2 2 2 2 10 2 2 10 10 2 2 2 2 10
left_child=2 3 4 6 7 12 11 -1 9 -4 -6 14 -3 -10 -2 -9 -5 27 -19 -20 -21 -11 -14 24 -24 -12 -27 28 29 -13
right_child=1 5 8 16 10 -7 -8 15 13 21 25 17 22 -15 -16 -17 -18 18 19 20 -22 -23 23 -25 -26 26 -28 -29 -30 -31
leaf_value=0.0044135096296650288 -0.13290604664910974 0.53874833553609724 -0.27501594689577713 0.057984514591259001 0.035934680336861327 5.5111787214288031 0.16294264294936658 -0.24798172781480515 -0.0014945829711736636 -0.071228851372811458 -0.24825572736719198 0.0011001001155426947 7.4499645320317986 0.51047340976178313 0.1182461553840011 -0.28247456641436153 0.69314408020750051 -0.34400345701996082 -0.24586015966766053 -0.18214363755523139 0.05379341886463436 1.5382148082435825 6.1769331069900364 10.360351739219157 -0.23065558417132359 -0.18694081703274698 0.02857988458396047 0.076324643769845629 -0.35736515833945848 0.13045994435996799
leaf_weight=39 172 250 72 99 39 344 289 1286 207 35 138 421 94 114 32 70 287 93 71 37 244 30 61 57 39 30 24 290 59 74
leaf_count=39 172 250 72 99 39 344 289 1286 207 35 138 421 94 114 32 70 287 93 71 37 244 30 61 57 39 30 24 290 59 74
internal_value=-0.00293297 0.00728429 -0.0176898 0.00223378 -0.0225101 0.0201459 0 -0.0247457 -0.0005054 -0.0115775 -0.00874576 -0.00181842 0.0142767 0.00430675 -0.0117416 -0.0254769 0.0124143 -0.000204019 -0.00405333 -0.00132773 0.00197203 0.00291429 0.02025 0.0145926 0.00622857 -0.0133706 -0.0019322 0.00183039 -0.000525939 0.002808
internal_weight=5097 3013 2084 2168 1626 845 1782 1395 458 137 231 1493 501 321 204 1356 386 1289 445 352 281 65 251 157 100 192 54 844 554 495
internal_count=5097 3013 2084 2168 1626 845 1782 1395 458 137 231 1493 501 321 204 1356 386 1289 445 352 281 65 251 157 100 192 54 844 554 495
is_linear=0
shrinkage=0.03


Tree=41
num_leaves=31
num_cat=0
split_feature=132 121 135 121 128 117 127 143 146 122 124 124 145 121 143 132 128 120 143 145 117 127 130 124 145 145 127 130 136 117
split_gain=850.39 231.176 206.484 50.9771 37.8352 32.9226 28.5934 22.9946 20.9765 19.8505 19.6291 18.4524 20.6892 23.5921 18.2846 17.5306 18.6145 17.117 31.2873 25.3606 15.955 15.0501 14.8515 14.6159 14.1339 13.3186 13.0939 11.3751 11.3309 10.91
threshold=15.833333333333334 9.5000000000000018 160.35714285714286 105.50000000000001 8.5000000000000018 183.00000000000003 -0.34428879310344823 39.500000000000007 21.500000000000004 16.500000000000004 -21.499999999999996 12.500000000000002 28.500000000000004 10.500000000000002 38.500000000000007 46.500000000000007 15.500000000000002 1.8333333333333337 39.500000000000007 15.500000000000002 35.500000000000007 0.048048065379998166 98.500000000000014 2.5000000000000004 31.500000000000004 10.500000000000002 0.27429467084639503 38.500000000000007 1.4069609934103131 41.500000000000007
decision_type=10 2 10 2 10 2 10 2 2 2 2 2 2 2 2 10 10 2 2 2 2 10 8 2 2 2 10 8 10 2
left_child=1 4 3 11 -1 17 20 10 23 -10 -5 12 15 -14 -6 16 -2 -4 19 -19 -3 -9 -13 -8 -15 -25 -26 -18 -29 -27
right_child=2 6 5 7 14 -7 8 21 9 -11 -12 22 13 24 -16 -17 27 18 -20 -21 -22 -23 -24 25 26 29 -28 28 -30 -31
leaf_value=-0.23109801851431683 -0.1302822917829759 -0.0002641483078911122 4.2118780165399379 -0.20710668458397583 0.013857089234155105 6.3094038798335159 -0.26200531342642153 0.75885857593789141 -0.031291152869029233 0.15116555572006349 0.46287829229248045 0.093434898718184625 -0.3329119319179723 -0.35067931550893022 -0.23213317905670025 0.054753491238948369 0.0082158911118279214 1.051315307044705 2.2046928461918274 -0.24725331751525617 1.2575580287613883 0.22857900437992987 -0.046471511216088786 -0.24053155167258972 0.019101694024593028 -0.042709495313492662 -0.29322140688477794 0.034233982345185508 -0.027217440781305769 0.9559365880005809
leaf_weight=1246 70 108 168 54 54 320 194 315 261 32 81 267 63 68 93 432 253 46 191 48 63 68 78 42 252 42 20 35 99 34
leaf_count=1246 70 108 168 54 54 320 194 315 261 32 81 267 63 68 93 432 253 46 191 48 63 68 78 42 252 42 20 35 99 34
internal_value=-0.00301529 -0.0172328 0.00752608 0.00273333 -0.0245236 0.0207763 -0.00406402 0.0108872 -0.00712131 -0.00128859 0.000171429 0.000124239 -0.00152197 -0.00711765 -0.00963158 0.00103356 -0.00303896 0.0152489 0.0104276 -0.00357576 0.00661364 0.0145979 0.00624 -0.0124732 -0.0038087 -0.00385366 -0.000628159 -0.000367347 -0.00729496 0.00362963
internal_weight=5097 2169 2928 2155 1393 773 776 518 605 293 135 1637 1292 403 147 889 457 453 285 94 171 383 345 312 340 118 272 387 134 76
internal_count=5097 2169 2928 2155 1393 773 776 518 605 293 135 1637 1292 403 147 889 457 453 285 94 171 383 345 312 340 118 272 387 134 76
is_linear=0
shrinkage=0.03


Tree=42
num_leaves=31
num_cat=0
split_feature=132 128 120 118 117 128 117 133 144 117 124 124 143 137 126 127 108 125 117 127 144 124 126 125 144 142 121 144 130 136
split_gain=787.446 268.993 114.574 78.5333 42.9366 38.1742 44.3168 27.9569 24.6722 39.8012 23.203 22.3748 52.9796 39.6858 18.435 17.9485 16.4733 15.7347 21.5579 14.8999 14.7597 14.7407 11.7763 10.1354 14.4604 38.3191 28.7037 15.2901 11.3724 13.172
threshold=7.166666666666667 143.50000000000003 3.1666666666666674 101.50000000000001 183.00000000000003 10.500000000000002 7.5000000000000009 0.48570226039551589 10.500000000000002 27.500000000000004 66.500000000000014 -2.4999999999999996 39.500000000000007 3.5000000000000004 -20.499999999999996 0.44058823529411767 1.0000000180025095e-35 -8.4999999999999982 153.50000000000003 0.16904761904761909 21.500000000000004 -93.499999999999986 -94.499999999999986 -17.499999999999996 15.500000000000002 9.5000000000000018 9.5000000000000018 25.500000000000004 19.500000000000004 1.0000000180025095e-35
decision_type=8 10 2 2 2 10 2 8 2 2 2 2 2 2 10 10 2 10 2 10 2 2 10 10 2 2 2 2 8 10
left_child=2 3 -1 5 11 6 7 -2 14 20 16 12 13 -3 -4 -8 23 -5 -19 -13 -10 22 -14 -7 28 -26 27 -27 29 -25
right_child=1 4 8 17 -6 10 15 -9 9 -11 -12 19 21 -15 -16 -17 -18 18 -20 -21 -22 -23 -24 24 25 26 -28 -29 -30 -31
leaf_value=-0.23360933542493148 0.0041791461398218563 4.0193812496996157 0.51003754576569971 1.2471777608029144 4.9913937245719628 0.079863628173795817 0.066415436976824865 -0.23360933542493148 -0.23195675759391013 0.27338686683134988 0.30952123117438474 1.4664792951684311 0.37173267501318452 -0.25030162397883282 -0.2589053090861112 -0.14027029698247453 0.21290512409510079 0.010207295590523699 2.7030745129576039 -0.18934860572403153 -0.049208666898470539 0.054021566103477879 2.7121575968410649 -0.1317182960910846 -0.33710018823083415 -0.0084531476794507832 -0.0020546351678670761 -0.27188507395801503 -0.00035235748131906775 0.034440927249730802
leaf_weight=1094 59 26 24 122 313 202 163 228 96 86 95 309 26 52 78 47 37 121 70 20 179 51 159 24 64 49 715 83 447 58
leaf_count=1094 59 26 24 122 313 202 163 228 96 86 95 309 26 52 78 47 37 121 70 20 179 51 159 24 64 49 715 83 447 58
internal_value=-0.00289769 0.00492355 -0.0206428 -0.000113557 0.0184745 -0.00206678 -0.00937052 -0.0169315 -0.008 -0.00416393 0 0.0138333 0.00788088 -0.0129398 -0.0206916 0.00108837 -0.000833729 0.0138491 0.00808163 0.0192934 -0.00972857 0.0149129 0.0187579 -0.00130783 -0.00219654 -0.00448035 -0.00270423 -0.0152847 0.00173034 0.0116552
internal_weight=5097 3540 1557 2584 956 2271 497 287 463 361 1774 643 314 78 102 210 1679 313 191 329 275 236 185 1642 1440 911 847 132 529 82
internal_count=5097 3540 1557 2584 956 2271 497 287 463 361 1774 643 314 78 102 210 1679 313 191 329 275 236 185 1642 1440 911 847 132 529 82
is_linear=0
shrinkage=0.03


Tree=43
num_leaves=31
num_cat=0
split_feature=132 117 120 129 127 117 127 144 146 124 139 144 117 133 136 122 127 142 126 143 125 121 144 133 121 137 136 121 125 117
split_gain=783.56 258.533 112.894 103.627 52.1729 38.2351 42.0776 44.2273 50.0331 47.8587 33.4646 24.8531 21.381 19.0583 24.6914 17.4914 15.864 15.7494 14.5013 15.0007 13.3612 12.8689 22.2066 12.3792 11.8615 11.5189 16.7232 11.3762 10.4345 10.2173
threshold=7.166666666666667 126.50000000000001 3.1666666666666674 259.50000000000006 -0.98496155585707812 17.500000000000004 0.12579113924050636 11.500000000000002 22.500000000000004 -26.499999999999996 1.0000000180025095e-35 21.500000000000004 225.50000000000003 46.984626236309801 117.80681479316767 14.500000000000002 0.20820433436532509 9.5000000000000018 -8.4999999999999982 41.500000000000007 -15.499999999999998 9.5000000000000018 25.500000000000004 18.393837316653293 137.50000000000003 5.5000000000000009 21.942410630897381 33.500000000000007 -3.4999999999999996 2.5000000000000004
decision_type=8 2 2 10 8 2 8 2 2 2 2 2 2 10 10 2 10 2 10 2 8 2 2 10 2 2 10 2 10 2
left_child=2 3 -1 4 17 6 7 25 10 18 29 -4 16 -5 -15 28 -3 -2 19 -10 -7 22 -11 -20 -25 26 27 -6 -13 -9
right_child=1 12 11 13 5 20 -8 8 9 21 -12 15 -14 14 -16 -17 -18 -19 23 -21 -22 -23 -24 24 -26 -27 -28 -29 -30 -31
leaf_value=-0.22660105536218353 -0.098587528730542176 0.65741477992544628 -0.22554844584982869 6.341938419165924 -0.10003688900187213 0.31612790182230355 -0.21948593743714373 -0.21016992289274239 -0.42208117330808825 0.040580068186807164 -0.30092472085616306 0.03240746553924978 6.4618194316537751 -0.20880926840136121 6.8250678815229548 0.14349662226115931 -0.067496885979250146 0.96446172710576539 0.3001423375867231 0.89644046247177811 0.017585392402660459 -0.020811728373661218 -0.23120097314522775 -0.1936353850965398 1.0369994277432191 0.010553538473068363 0.15909970676096463 0.060401073994137446 -0.14925664833219213 0.062627046918305951
leaf_weight=1094 24 246 246 203 104 115 143 131 30 55 151 46 320 31 32 22 40 110 177 33 767 197 118 70 32 292 55 42 149 22
leaf_count=1094 24 246 246 203 104 115 143 131 30 55 151 46 320 31 32 22 40 110 177 33 767 197 118 70 32 292 55 42 149 22
internal_value=-0.00298001 0.004822 -0.0206812 0.00112079 -0.000671156 -0.00165183 -0.00434158 -0.00282959 -0.00639961 -0.002 -0.0164854 -0.00812821 0.0225761 0.018797 0.00388235 -0.000648649 0.0160619 0.017223 0.00603458 -0.00652941 0.00337542 -0.009424 -0.0153034 0.00895775 0.000504673 0.00450602 -0.000990291 -0.00631788 -0.00372 -0.00622785
internal_weight=5097 3540 1557 2934 2668 2534 1652 1509 1016 712 304 463 606 266 63 217 286 134 342 63 882 370 173 279 102 493 201 146 195 153
internal_count=5097 3540 1557 2934 2668 2534 1652 1509 1016 712 304 463 606 266 63 217 286 134 342 63 882 370 173 279 102 493 201 146 195 153
is_linear=0
shrinkage=0.03


Tree=44
num_leaves=31
num_cat=0
split_feature=132 117 121 135 127 117 143 146 121 126 138 144 144 117 126 131 144 143 124 142 139 126 127 121 131 139 144 135 124 131
split_gain=774.426 255.465 116.474 97.2391 47.1204 43.5036 34.7584 66.2152 63.6589 33.3795 27.3272 27.5615 24.0202 38.238 20.7943 19.5231 19.1963 28.3612 28.9679 18.5581 16.8558 16.3035 14.2636 13.9801 13.8014 17.5009 11.8852 10.9812 9.46195 11.8246
threshold=7.166666666666667 144.50000000000003 5.5000000000000009 218.50000000000003 -0.98496155585707812 17.500000000000004 38.500000000000007 17.500000000000004 9.5000000000000018 1.0000000180025095e-35 0.84523809523809534 35.500000000000007 10.500000000000002 27.500000000000004 -20.499999999999996 79.500000000000014 11.500000000000002 39.500000000000007 -1.0000000180025095e-35 9.5000000000000018 1.0000000180025095e-35 -27.499999999999996 0.49894514767932496 243.00000000000003 54.500000000000007 -1.0000000180025095e-35 21.500000000000004 8.6428571428571441 64.500000000000014 82.500000000000014
decision_type=8 2 2 10 8 2 2 2 2 8 10 2 2 2 10 10 2 2 2 2 2 8 10 2 8 2 2 10 2 8
left_child=2 3 -1 4 19 6 9 -8 21 24 15 -12 14 26 -4 -10 -5 18 -18 -2 -13 -9 28 -3 25 -6 -14 -28 29 -7
right_child=1 23 12 16 5 22 7 8 10 -11 11 20 13 -15 -16 -17 17 -19 -20 -21 -22 -23 -24 -25 -26 -27 27 -29 -30 -31
leaf_value=-0.21980302370131802 -0.276839087512117 0.80482256397513674 0.020927129849385009 4.1729937016605074 0.00016231979204921031 0.052548584009032381 -0.29189697923047819 0.52464404527110431 0.02912132521131694 -0.22499542181999715 -0.22174194667926786 -0.054116934967472996 -0.2164493672447115 0.26810551847245478 -0.244371696438033 0.93040333892904714 -0.2232989276447486 6.9031143165407762 2.9538594397831512 0.91564900946237882 0.18062137196960448 -0.21966502616782671 -0.034383393632602795 6.2679648487041613 0.00077452138608002485 0.012100574514685825 -0.098207132481906587 0.098294267968469684 0.25350208537475893 -0.009589612206749365
leaf_weight=1068 24 205 25 130 93 432 153 20 192 83 197 40 105 86 82 95 29 105 30 109 81 219 126 322 347 111 167 24 139 258
leaf_count=1068 24 205 25 130 93 432 153 20 192 83 197 40 105 86 82 95 29 105 30 109 81 219 126 322 347 111 167 24 139 258
internal_value=-0.00296825 0.00478815 -0.0205659 0.0013996 -0.00038326 -0.00129448 -0.00426895 -0.0077485 -0.00437456 0.00121127 0.00082623 -0.00518266 -0.00830769 -0.00463566 -0.0205714 0.00747945 0.0176388 0.0102604 -0.006 0.0166957 0.00590476 -0.0173115 0.003775 0.0239549 0.00392806 0.0100191 -0.00974751 -0.00502041 0.00520863 0.0037036
internal_weight=5097 3540 1557 3013 2719 2586 1631 997 844 634 605 318 489 382 107 287 294 164 59 133 121 239 955 527 551 204 296 191 829 690
internal_count=5097 3540 1557 3013 2719 2586 1631 997 844 634 605 318 489 382 107 287 294 164 59 133 121 239 955 527 551 204 296 191 829 690
is_linear=0
shrinkage=0.03


Tree=45
num_leaves=31
num_cat=0
split_feature=135 135 121 121 128 118 144 144 144 140 128 144 125 126 128 129 108 127 144 120 130 120 130 133 130 144 120 127 135 126
split_gain=765.784 234.55 127.842 99.6846 37.1553 30.4598 22.8014 21.8708 25.3801 20.6798 18.8078 18.3426 18.1119 16.5725 15.6993 14.2533 13.7666 13.2102 10.5326 13.7784 10.4358 10.4026 9.56278 16.1382 16.7934 15.9828 26.1516 11.4262 11.2082 9.79622
threshold=9.6428571428571441 224.28571428571431 6.5000000000000009 127.50000000000001 10.500000000000002 16.500000000000004 23.500000000000004 15.500000000000002 17.500000000000004 1.0000000180025095e-35 7.5000000000000009 10.500000000000002 -1.4999999999999998 -11.499999999999998 7.5000000000000009 9.5000000000000018 1.0000000180025095e-35 -0.98496155585707812 11.500000000000002 15.833333333333334 112.50000000000001 135.83333333333334 39.500000000000007 15.13640959971818 50.500000000000007 10.500000000000002 10.16666666666667 -0.56320488721804496 11.357142857142859 -14.499999999999998
decision_type=8 10 2 2 10 2 2 2 2 2 10 2 8 8 10 10 2 10 2 2 10 2 8 10 10 2 2 10 10 10
left_child=2 3 10 4 5 14 7 21 -9 -7 -1 -12 18 -11 -2 -16 17 20 -4 -20 -6 -5 25 24 -24 -19 29 -26 -28 -27
right_child=1 -3 12 6 16 9 -8 8 -10 13 11 -13 -14 -15 15 -17 -18 22 19 -21 -22 -23 23 -25 27 26 28 -29 -30 -31
leaf_value=-0.21320893299027849 -0.19192508292871849 5.9600934220620072 -0.28527227316965614 0.1543034799165528 0.68989299617515065 -0.20767691087785248 0.7751360442152585 -0.29064929316150973 0.1718270311496039 -0.11528263661033282 0.0086570960756235226 -0.2047826424806907 -0.20271977366565727 0.19013765542722069 0.0055856668012412135 -0.093324297498642531 0.22348943182581257 0.011737557279245223 -0.020471126508376684 0.14897574679578043 -0.15794321299022662 1.8773475935723003 -0.020358456086989676 -0.2116407440462148 -0.18097946956650704 0.1221187672787112 -0.027551846553661514 0.041475112167634332 0.09813366639820692 -0.07383860693243019
leaf_weight=1050 205 551 25 53 53 34 371 30 90 22 20 78 384 121 36 48 40 126 72 58 22 50 264 212 34 30 22 423 334 239
leaf_count=1050 205 551 25 53 53 34 371 30 90 22 20 78 384 121 36 48 40 126 72 58 22 50 264 212 34 30 22 423 334 239
internal_value=-0.00298001 0.00519883 -0.0194823 0.00172626 -0.00114714 -0.00864968 0.012611 0.00484211 -0.003792 0.00112088 -0.0251292 -0.0115922 -0.00732353 0.00624324 -0.0145714 -0.00330337 0.00081153 0.000387755 0.001275 0.00484444 0.0123 0.0146667 -0.000174067 -0.00220043 -3.30579e-05 0.00233333 0.00032381 0.00342857 0.00563435 -0.00665693
internal_weight=5097 3410 1687 2859 2265 466 594 223 120 177 1148 98 539 143 289 84 1799 1759 155 130 75 103 1684 933 721 751 625 457 356 269
internal_count=5097 3410 1687 2859 2265 466 594 223 120 177 1148 98 539 143 289 84 1799 1759 155 130 75 103 1684 933 721 751 625 457 356 269
is_linear=0
shrinkage=0.03


Tree=46
num_leaves=31
num_cat=0
split_feature=132 117 128 120 127 117 128 145 146 121 139 130 145 123 142 145 145 117 123 126 117 127 145 145 128 126 135 124 139 136
split_gain=708.112 244.254 102.129 92.8738 36.8827 31.2369 68.3076 42.6712 40.6829 34.5801 33.1826 32.3209 24.6029 23.1965 44.2326 35.5806 22.2672 33.5134 19.6724 17.5517 15.671 15.1631 14.6947 13.9078 12.5124 10.8009 10.3096 9.75209 9.38547 9.04163
threshold=6.166666666666667 144.50000000000003 144.50000000000003 3.1666666666666674 -0.99004950495049493 10.500000000000002 6.5000000000000009 11.500000000000002 22.500000000000004 9.5000000000000018 -0.60785761079279388 19.500000000000004 25.500000000000004 13.500000000000002 9.5000000000000018 15.500000000000002 10.500000000000002 33.500000000000007 96.500000000000014 -20.499999999999996 259.50000000000006 0.055050505050505051 36.500000000000007 21.500000000000004 5.5000000000000009 -94.499999999999986 29.071428571428573 -17.499999999999996 0.87837969732492682 1.0000000180025095e-35
decision_type=8 2 10 2 8 2 10 2 2 2 2 8 2 2 2 2 2 2 2 10 2 10 2 2 10 10 10 2 2 10
left_child=3 2 4 24 -2 6 -6 11 10 12 -9 -8 -10 29 15 -15 19 23 -16 -5 -3 27 -23 -18 -1 -20 -13 -7 -29 -4
right_child=1 20 13 16 5 21 7 8 9 -11 -12 26 -14 14 18 -17 17 -19 25 -21 -22 22 -24 -25 -26 -27 -28 28 -30 -31
leaf_value=-0.20681266500057013 0.98612785531944658 0.83331096579237873 2.6564408539277955 0.50819493957527173 -0.20738045970153751 -0.021714161190574188 0.0064349729228693059 -0.036088423938613966 0.0853222029095759 0.021079464587152257 -0.30373713850216827 -0.010076950281094862 -0.21465900187764303 1.7741222159048875 -0.028680386639555449 -0.37464882518183812 -0.20402228092870825 0.53409599214787695 0.34183294670023545 -0.23095895233492231 7.1312906194001471 0.012849524316458093 -0.131545665470989 -0.05524817496150277 -0.086812665000570138 1.7171504952911676 0.0032963089605084405 0.086422553553046497 -0.052122709142365227 2.9781558578837908
leaf_weight=988 54 253 50 24 188 88 121 108 44 453 131 49 112 41 62 46 91 70 26 78 275 252 100 171 51 190 295 496 40 150
leaf_count=988 54 253 50 24 188 88 121 108 44 453 131 49 112 41 62 46 91 70 26 78 275 252 100 171 51 190 295 496 40 150
internal_value=-0.00248608 0.00464425 0.00141051 -0.0199892 -0.00116877 -0.00172603 -0.00443825 -0.00197572 -0.00597186 -0.00179805 -0.0163279 0.00528511 -0.0137516 0.0128842 0.00817297 -0.0100435 -0.00818679 -0.00425519 0.0139717 -0.0201308 0.0234034 0.00244037 -0.0025042 -0.00919101 -0.0248506 0.0181629 0.000498567 0.00523688 0.00675416 0.0210439
internal_weight=5097 3624 3096 1473 2531 2477 1501 1313 848 609 239 465 156 565 365 87 434 332 278 102 528 976 352 262 1039 216 344 624 536 200
internal_count=5097 3624 3096 1473 2531 2477 1501 1313 848 609 239 465 156 565 365 87 434 332 278 102 528 976 352 262 1039 216 344 624 536 200
is_linear=0
shrinkage=0.03


Tree=47
num_leaves=31
num_cat=0
split_feature=132 117 128 121 127 117 128 144 144 144 120 130 117 144 144 117 126 144 138 133 117 129 125 120 125 124 136 127 128 129
split_gain=704.746 240.988 99.1945 90.6522 43.0104 33.9613 58.8835 40.3169 38.986 43.767 43.0951 32.2721 23.2121 18.7727 18.5674 28.1421 18.9832 17.766 28.5121 17.3615 17.33 15.6641 15.597 14.838 14.6964 13.0732 22.9183 15.6174 11.5454 11.3597
threshold=6.166666666666667 144.50000000000003 261.50000000000006 5.5000000000000009 -0.99004950495049493 29.500000000000004 6.5000000000000009 11.500000000000002 17.500000000000004 15.500000000000002 3.1666666666666674 19.500000000000004 1.5000000000000002 25.500000000000004 10.500000000000002 4.5000000000000009 -20.499999999999996 11.500000000000002 0.92857142857142871 30.617705466486889 259.50000000000006 19.500000000000004 -6.4999999999999991 48.833333333333336 -15.499999999999998 -2.4999999999999996 15.648563524818188 0.49894514767932496 5.5000000000000009 537.00000000000011
decision_type=8 2 10 2 8 2 10 2 2 2 2 8 2 2 2 2 10 2 10 10 2 10 10 2 10 2 10 10 10 10
left_child=3 2 4 28 -2 6 12 11 9 -9 13 -8 -6 -10 16 22 -5 -4 -19 29 -3 -13 -16 -12 -7 26 -26 -27 -1 -20
right_child=1 20 17 14 5 24 7 8 10 -11 23 21 -14 -15 15 -17 -18 18 19 -21 -22 -23 -24 -25 25 27 -28 -29 -30 -31
leaf_value=-0.200608285050553 0.96506182734201096 0.8083116368186074 6.5488111821472774 0.0343317105483072 -0.20626639288648954 0.30139506653529913 0.0088825420276243249 -0.037944872852418002 -0.03095929163666284 -0.30453145832001827 -0.00018602383523537823 -0.16906144760916109 -0.015123316967263881 -0.21196132594267755 0.022499509496068555 0.017951335845996681 -0.22403018376487463 7.574269519574127 -0.41609556961908084 -0.363409360426383 6.9173519008181428 0.0049305886840120472 -0.21509671631019145 0.63458129621826898 0.04373307745508441 0.084752541547703897 -0.11361107483781419 -0.11806054776086725 -0.086400670010614106 10.641224278829169
leaf_weight=966 87 253 111 25 158 145 128 149 71 108 566 44 83 109 24 202 82 65 31 36 275 352 125 144 69 437 94 79 49 30
leaf_count=966 87 253 111 25 158 145 128 149 71 108 566 44 83 109 24 202 82 65 31 36 275 352 125 144 69 437 94 79 49 30
internal_value=-0.0025684 0.00454505 0.00133312 -0.0200298 -0.000347949 -0.00102663 -0.00322066 -0.0011957 -0.00434375 -0.0145191 -0.00133408 0.00565974 -0.0169268 -0.0142378 -0.00879914 -0.00529213 -0.0195 0.0184317 0.0114611 0.000823529 0.0231782 0.00133167 -0.014961 0.00200559 0.00404584 0.00214035 -0.00514286 0.00447985 -0.0250235 0.0103636
internal_weight=5097 3624 3096 1473 2823 2736 1912 1671 1147 257 890 524 241 180 458 351 107 273 162 97 528 396 149 710 824 679 163 516 1015 61
internal_count=5097 3624 3096 1473 2823 2736 1912 1671 1147 257 890 524 241 180 458 351 107 273 162 97 528 396 149 710 824 679 163 516 1015 61
is_linear=0
shrinkage=0.03


Tree=48
num_leaves=31
num_cat=0
split_feature=132 117 121 132 127 117 144 126 120 142 117 131 126 143 144 117 126 144 143 121 126 117 125 131 133 125 136 124 136 127
split_gain=694.865 232.833 89.9875 88.5097 49.0631 28.5961 39.6038 51.1049 41.8577 64.599 39.8132 27.3699 19.2821 18.943 18.5674 28.1421 18.9832 16.3909 25.6462 19.2464 16.327 16.2781 15.597 15.5679 13.7497 13.6289 13.2331 13.2176 21.2466 13.031
threshold=6.166666666666667 144.50000000000003 5.5000000000000009 314.16666666666669 -0.99004950495049493 29.500000000000004 11.500000000000002 3.5000000000000004 3.5000000000000004 9.5000000000000018 2.5000000000000004 30.500000000000004 5.5000000000000009 38.500000000000007 10.500000000000002 4.5000000000000009 -20.499999999999996 11.500000000000002 39.500000000000007 116.50000000000001 -36.499999999999993 225.50000000000003 -6.4999999999999991 79.500000000000014 23.127647048019217 -15.499999999999998 1.0000000180025095e-35 -2.4999999999999996 15.648563524818188 0.49894514767932496
decision_type=8 2 2 10 8 2 2 8 2 2 2 8 10 2 2 2 10 2 2 2 8 2 10 10 10 10 10 2 10 10
left_child=2 3 -1 4 -2 6 7 11 13 10 -10 26 23 -8 16 22 -4 -5 19 -19 -15 -3 -16 24 -11 -7 -6 28 -27 -29
right_child=1 21 14 17 5 25 8 -9 9 12 -12 -13 -14 20 15 -17 -18 18 -20 -21 -22 -23 -24 -25 -26 27 -28 29 -30 -31
leaf_value=-0.19459003649903645 1.0782037590936941 0.66680943254115299 0.033301759231857984 6.3142009729574333 0.0048664284704577109 0.30276187111559522 -0.030699096381842261 -0.20007840109989486 -0.28095049999020782 0.007843874112489253 0.13997646286380519 0.0047394987745253657 -0.053348765230917042 0.50361027355642252 0.021824524211186507 0.017412795770616787 -0.21730927825192839 4.6063872974694915 9.2874014845445068 -0.35250707961359151 -0.19497105412389668 5.5094963061556559 -0.2086438148208857 0.67711412709258112 -0.34291166070258694 0.042421085131431897 0.010921389147733346 0.081253655323138108 -0.1102027425926798 -0.11451873132804116
leaf_weight=1015 97 208 25 106 25 151 106 92 114 454 29 410 86 20 24 202 82 25 78 22 282 320 125 192 45 69 80 440 94 79
leaf_count=1015 97 208 25 106 25 151 106 92 114 454 29 410 86 20 24 202 82 25 78 22 282 320 125 192 45 69 80 440 94 79
internal_value=-0.00265073 0.00441279 -0.0199892 0.00125572 -0.000196516 -0.000949874 -0.00295052 0.00337255 -0.00584696 -0.00226378 -0.0204324 0.00708462 0.00118159 -0.0137869 -0.00879914 -0.00529213 -0.0195 0.0189153 0.0108 -0.00623077 -0.01757 0.022728 -0.014961 0.00287931 4.7619e-05 0.00368019 0.0204 0.00182533 -0.0055 0.00416794
internal_weight=5097 3624 1473 3096 2865 2768 1935 607 1328 920 143 515 777 408 458 351 107 231 125 47 302 528 149 691 499 833 105 682 163 519
internal_count=5097 3624 1473 3096 2865 2768 1935 607 1328 920 143 515 777 408 458 351 107 231 125 47 302 528 149 691 499 833 105 682 163 519
is_linear=0
shrinkage=0.03


Tree=49
num_leaves=31
num_cat=0
split_feature=135 135 121 121 128 117 128 144 144 117 126 144 117 124 133 124 144 131 120 144 142 117 144 133 127 125 128 120 134 143
split_gain=637.32 233.024 101.804 78.129 44.9057 66.8676 29.8634 29.8621 18.4693 31.2431 18.9832 17.5359 32.4187 16.684 22.5618 14.9124 18.9794 23.708 20.7794 25.0012 19.6704 43.2784 14.977 14.031 12.5469 12.2153 14.1482 13.1322 12.128 11.1935
threshold=6.5000000000000009 224.28571428571431 127.50000000000001 5.5000000000000009 6.5000000000000009 3.5000000000000004 5.5000000000000009 14.500000000000002 10.500000000000002 15.500000000000002 -20.499999999999996 23.500000000000004 144.50000000000003 -86.499999999999986 44.624348068912212 64.500000000000014 11.500000000000002 30.500000000000004 3.1666666666666674 25.500000000000004 9.5000000000000018 1.0000000180025095e-35 22.500000000000004 77.257847641401881 0.27429467084639503 -20.499999999999996 88.500000000000014 28.166666666666668 2.5000000000000004 38.500000000000007
decision_type=8 10 2 2 10 2 10 2 2 2 10 2 2 2 10 2 2 8 2 2 2 2 2 10 10 10 10 2 2 2
left_child=3 2 4 6 5 -2 -1 -8 10 -10 -5 12 -4 14 -3 16 17 -6 19 22 21 -20 29 -14 -7 26 27 -22 -19 -18
right_child=1 13 11 8 15 24 7 -9 9 -11 -12 -13 23 -15 -16 -17 18 28 20 -21 25 -23 -24 -25 -26 -27 -28 -29 -30 -31
leaf_value=-0.18875233540406533 -0.18920426000849258 6.3532169848856519 -0.11283071408568218 0.032302706454902255 0.010598263437921016 0.053445622076924618 0.0024001678764830636 -0.19485140879423887 -0.16472597657762622 0.10959548192234279 -0.21078999990437056 0.66832298306052451 1.2966937918256782 5.4386723077621948 -0.34193186722518376 0.19226724219762459 -0.029778123490386953 -0.19109703978091375 -0.29481619360875316 -0.2155214098593056 0.011637090530253111 0.063405880058819558 0.35660094604059805 -0.22433821259433101 -0.062903520413767344 -0.0027307197875240164 -0.045611212601991399 0.57647982197331571 0.004397762756865084 -0.26118707608556047
leaf_weight=914 227 98 113 25 96 172 34 54 215 113 82 371 86 410 43 98 104 78 65 95 50 62 53 30 56 830 42 72 370 39
leaf_count=914 227 98 113 25 96 172 34 54 215 113 82 371 86 410 43 98 104 78 65 95 50 62 53 30 56 830 42 72 370 39
internal_value=-0.00280361 0.00384557 0.000643545 -0.0196976 -0.00201432 -0.010487 -0.0243039 -0.00703226 -0.00891818 -0.00520721 -0.0195 0.0116926 0.00497436 0.0217338 0.0120822 -0.000113647 -0.000700663 0.00403279 -0.00253634 -0.00960811 -0.000660746 -0.0115455 -0.00325373 0.0158182 0.00100429 0.000774775 0.00813018 0.0131811 0.00104636 -0.00827027
internal_weight=5097 3660 3109 1437 2509 455 1002 88 435 328 107 600 229 551 141 2054 1956 544 1412 291 1121 127 196 116 228 994 164 122 448 143
internal_count=5097 3660 3109 1437 2509 455 1002 88 435 328 107 600 229 551 141 2054 1956 544 1412 291 1121 127 196 116 228 994 164 122 448 143
is_linear=0
shrinkage=0.03


Tree=50
num_leaves=31
num_cat=0
split_feature=132 117 128 121 127 128 117 144 121 142 117 130 144 117 126 117 127 144 136 136 125 144 123 143 144 128 130 118 129 126
split_gain=682.675 221.275 92.3825 89.9875 43.4966 28.0179 67.6528 20.9663 36.9977 37.2692 67.4818 35.8777 18.5674 28.1421 18.9832 17.9913 17.8243 15.821 22.4107 20.8068 15.597 15.428 15.253 15.8886 25.866 13.7076 12.7063 20.9735 12.1796 11.8662
threshold=6.166666666666667 144.50000000000003 323.50000000000006 5.5000000000000009 -0.99004950495049493 6.5000000000000009 7.5000000000000009 11.500000000000002 9.5000000000000018 9.5000000000000018 15.500000000000002 24.500000000000004 10.500000000000002 4.5000000000000009 -20.499999999999996 263.50000000000006 0.44058823529411767 11.500000000000002 117.80681479316767 33.510210979713555 -6.4999999999999991 25.500000000000004 65.500000000000014 41.500000000000007 29.500000000000004 5.5000000000000009 62.500000000000007 48.500000000000007 51.500000000000007 1.0000000180025095e-35
decision_type=8 2 10 2 8 10 2 2 2 2 2 8 2 2 10 2 10 2 10 10 10 2 2 2 2 10 10 2 10 10
left_child=3 2 4 25 -2 6 -6 11 21 10 -10 -7 14 20 -5 -3 -8 -4 19 -19 -14 -9 26 24 -24 -1 -11 -28 -13 -29
right_child=1 15 17 12 5 7 16 8 9 22 -12 28 13 -15 -16 -17 -18 18 -20 -21 -22 -23 23 -25 -26 -27 27 29 -30 -31
leaf_value=-0.18308976534194338 0.90013936254143401 0.70992674478823048 6.0755284645048651 0.031333625261255188 -0.18377972812691817 0.0083419479208538851 0.097116072819466978 -0.045008857921794723 -0.27896996466797735 0.015199843711789285 0.095741386951670074 -0.0052368080597405961 0.026111567782179639 0.014948575665565169 -0.20446629990723941 7.1910512477381205 -0.10360812310618886 5.0055973105503382 10.250470627801279 -0.33167391120842826 -0.19670837257600435 -0.19328771224490118 0.2775510614186244 0.48976230295843065 -0.38999578265147594 -0.07545583778147312 -0.16908486011050272 -0.06113328503406279 0.035528814403671727 0.12802238997432083
leaf_weight=966 99 260 108 25 177 159 167 209 104 626 93 231 24 202 82 268 41 48 44 28 125 115 164 165 76 49 83 82 200 77
leaf_count=966 99 260 108 25 177 159 167 209 104 626 93 231 24 202 82 268 41 48 44 28 125 115 164 165 76 49 83 82 200 77
internal_value=-0.00280361 0.00419785 0.00112028 -0.0199892 -0.000352941 -0.00106849 -0.00852308 0.000148179 -0.00146415 0.000565424 -0.0114059 0.00503193 -0.00879914 -0.00529213 -0.0195 0.0220525 0.00307042 0.0192876 0.010992 0.000666667 -0.014961 -0.0105593 0.00246009 0.00722927 0.00217959 -0.0249647 0.000199313 -0.00556275 0.00046789 0.000878049
internal_weight=5097 3624 3096 1473 2868 2769 385 2384 1794 1470 197 590 458 351 107 528 208 228 120 76 149 324 1273 405 240 1015 868 242 431 159
internal_count=5097 3624 3096 1473 2868 2769 385 2384 1794 1470 197 590 458 351 107 528 208 228 120 76 149 324 1273 405 240 1015 868 242 431 159
is_linear=0
shrinkage=0.03


Tree=51
num_leaves=31
num_cat=0
split_feature=132 135 121 121 133 117 132 138 131 124 124 133 146 144 117 144 131 123 127 120 144 133 129 122 136 135 144 131 122 136
split_gain=642.794 217.149 86.5624 85.0795 25.1457 43.0367 40.873 24.9058 27.2923 19.2889 18.459 20.5634 16.0044 15.3625 33.9945 14.8178 35.4326 16.8447 14.7337 14.266 18.9994 14.031 13.9173 12.1692 17.1115 11.5101 10.8238 10.7851 10.4777 9.93563
threshold=6.166666666666667 224.28571428571431 127.50000000000001 5.5000000000000009 3.756446776551098 10.500000000000002 27.833333333333339 0.84523809523809534 15.500000000000002 -15.499999999999998 -86.499999999999986 44.624348068912212 21.500000000000004 23.500000000000004 144.50000000000003 10.500000000000002 27.500000000000004 15.500000000000002 0.055050505050505051 3.5000000000000004 36.500000000000007 77.257847641401881 125.50000000000001 2.5000000000000004 2.7700929786455215 89.285714285714292 15.500000000000002 1.0000000180025095e-35 40.500000000000007 26.262893718163316
decision_type=8 10 2 2 8 2 10 10 10 2 2 10 2 2 2 2 8 2 10 2 2 10 10 2 8 10 2 10 2 10
left_child=3 2 4 -1 15 6 19 -8 -9 -7 11 -3 -5 14 26 16 -2 -17 -11 -6 27 -16 25 24 -14 -18 -4 -21 -28 -20
right_child=1 10 13 12 5 9 7 8 -10 18 -12 -13 23 -15 21 17 22 -19 29 20 -22 -23 -24 -25 -26 -27 28 -29 -30 -31
leaf_value=-0.17759707238168507 0.0041522292755807296 5.9433525702289955 0.085412740875471793 -0.17498578579043533 -0.17724430828579632 -0.062439863242345198 0.28780192863672682 0.0054510711907872177 -0.2672886792926456 0.10339726300077537 5.0704872291249474 -0.32172369387217542 -0.16256900265315713 0.64128150999877365 1.1764840039211402 -0.031170758005987648 0.0014411845594831706 0.058334153248448928 -0.048010481951653361 -0.061803410728274874 0.043624221055483907 -0.23890586856014806 0.078341048797830271 0.062292505803947885 0.076613230389714682 -0.11290960382149769 -0.22394347298830738 -0.24310065972938813 -0.024835692400537679 0.08285508499090781
leaf_weight=1015 83 98 45 255 240 59 175 147 126 342 410 43 101 373 86 384 212 308 125 42 36 30 25 42 60 35 38 73 28 61
leaf_count=1015 83 98 45 255 240 59 175 147 126 342 410 43 101 373 86 384 212 308 125 42 36 30 25 42 60 35 38 73 28 61
internal_value=-0.00274481 0.00404905 0.000923977 -0.0194208 -0.00155932 -0.00414675 -0.00848815 -0.00223841 -0.00785612 0.00206757 0.0213022 0.0112603 -0.00853996 0.0110975 0.00475862 0.00196198 0.0069 -0.000593974 0.00392871 -0.0155152 -0.00784615 0.0158182 0.00149458 -0.00213462 -0.00592771 -0.000809524 -0.00693103 -0.0137 -0.0142817 -0.00279581
internal_weight=5097 3624 3073 1473 2473 1426 839 448 273 587 551 141 458 600 227 1047 355 692 528 391 151 116 272 203 161 247 111 115 66 186
internal_count=5097 3624 3073 1473 2473 1426 839 448 273 587 551 141 458 600 227 1047 355 692 528 391 151 116 272 203 161 247 111 115 66 186
is_linear=0
shrinkage=0.03


Tree=52
num_leaves=31
num_cat=0
split_feature=132 135 121 121 128 117 144 130 120 124 144 144 117 128 144 117 118 122 143 144 125 117 144 144 136 128 143 130 123 135
split_gain=641.888 215.497 85.0795 82.2794 30.2074 61.9019 19.3633 40.9661 25.7608 18.7873 19.8972 17.7112 50.4984 17.2307 15.8222 28.1421 17.2255 15.6925 17.0192 22.3084 15.597 13.5317 13.0367 22.8677 13.2203 12.4619 12.1795 11.4555 11.6899 10.8908
threshold=6.166666666666667 245.78571428571431 5.5000000000000009 127.50000000000001 6.5000000000000009 1.5000000000000002 11.500000000000002 24.500000000000004 3.1666666666666674 -86.499999999999986 17.500000000000004 17.500000000000004 1.0000000180025095e-35 40.500000000000007 10.500000000000002 4.5000000000000009 2.5000000000000004 135.50000000000003 39.500000000000007 15.500000000000002 -6.4999999999999991 40.500000000000007 29.500000000000004 31.500000000000004 6.4317450526070292 5.5000000000000009 41.500000000000007 1.0000000180025095e-35 67.500000000000014 75.928571428571445
decision_type=8 10 2 2 10 2 2 8 2 2 2 2 2 10 2 2 2 2 2 2 10 2 2 2 10 10 2 10 2 10
left_child=2 3 25 4 5 -2 7 -6 13 10 -3 12 -10 -8 16 20 -4 18 19 -5 -16 -21 -13 -24 26 -1 -25 -26 29 -29
right_child=1 9 14 17 6 -7 8 -9 11 -11 -12 22 -14 -15 15 -17 -18 -19 -20 21 -22 -23 23 24 27 -27 -28 28 -30 -31
leaf_value=-0.17226916021023453 -0.17699934279461613 -0.31207198305601014 -0.16864551657980492 0.43026423128002095 0.0078145721543884331 0.013755515279304475 -0.18118351045933848 -0.00061132137431854975 -0.27235089032539145 5.4135401310701701 6.3920081839630898 0.077268715474254929 0.090664867830132431 -0.0027068215928450455 0.028653450691186126 0.014727280673620662 -0.19308273733630918 0.89138479869918252 0.50762573582568993 -0.23678091691003358 -0.18555754782501119 -0.024090621628521589 -0.31917287885083434 -0.0053291433610250039 0.27253946432210702 -0.067864250476578389 0.046687215785489684 -0.010684459972406586 0.23063757564435688 -0.10392025400483686
leaf_weight=966 158 39 39 76 156 198 200 413 67 387 97 418 88 119 24 202 68 141 334 31 125 38 91 33 54 49 93 234 63 96
leaf_count=966 158 39 39 76 156 198 200 413 67 387 97 418 88 119 24 202 68 141 334 31 125 38 91 33 54 49 93 234 63 96
internal_value=-0.00275657 0.00403252 -0.0194208 0.00101223 -0.00143363 -0.00945706 -6.76056e-05 0.00464111 -0.00180269 0.02175 0.0114468 0.000164251 -0.00915 -0.00933333 -0.00853996 -0.00529213 -0.0184286 0.0107424 0.00798347 -0.00056 -0.014961 -0.0124865 0.00154002 -0.00106726 0.00118339 -0.0242588 0.00957252 -0.00124779 -0.00307538 -0.00535522
internal_weight=5097 3624 1473 3101 2481 356 2125 569 1556 523 136 1237 155 319 458 351 107 620 479 145 149 69 1082 664 573 1015 126 447 393 330
internal_count=5097 3624 1473 3101 2481 356 2125 569 1556 523 136 1237 155 319 458 351 107 620 479 145 149 69 1082 664 573 1015 126 447 393 330
is_linear=0
shrinkage=0.03


Tree=53
num_leaves=31
num_cat=0
split_feature=132 117 128 120 127 128 117 144 130 142 144 120 135 144 136 133 139 125 144 117 144 127 128 124 124 129 135 130 144 136
split_gain=631.398 213.703 91.4678 76.0007 40.1994 25.1652 64.3655 19.6668 35.1274 30.3633 65.7464 34.1116 17.8676 17.7357 21.4111 30.0531 16.9608 15.0499 16.9286 15.6918 19.2264 14.5955 12.0388 11.9897 12.3973 11.9594 11.0934 9.92165 9.53636 9.49975
threshold=6.166666666666667 144.50000000000003 323.50000000000006 1.5000000000000002 -0.99004950495049493 6.5000000000000009 7.5000000000000009 11.500000000000002 24.500000000000004 9.5000000000000018 15.500000000000002 3.1666666666666674 325.57142857142861 10.500000000000002 117.80681479316767 30.617705466486889 0.87837969732492682 -6.4999999999999991 11.500000000000002 5.5000000000000009 10.500000000000002 0.44058823529411767 5.5000000000000009 -97.499999999999986 64.500000000000014 537.00000000000011 87.357142857142875 174.50000000000003 25.500000000000004 11.53167558183068
decision_type=8 2 10 2 8 10 2 2 8 2 2 2 8 2 10 10 2 10 2 2 2 10 10 2 2 10 10 10 2 10
left_child=3 2 4 22 28 6 -6 8 -7 10 -9 16 -3 -4 15 25 -11 18 -5 -19 -21 -8 -1 -13 26 -15 -25 -10 -2 -28
right_child=1 12 13 17 5 7 21 9 27 11 -12 23 -14 14 -16 -17 -18 19 -20 20 -22 -23 -24 24 -26 -27 29 -29 -30 -31
leaf_value=-0.16710108540392749 -0.14438331542436578 0.78444847013853858 5.5787417897638658 -0.23304540785586406 -0.17040539357738885 0.0078140167818121324 0.090688007286480993 -0.0017493711887667906 -0.0019321127268861458 -0.17817245579700675 -0.25970123639121107 0.60897536273807151 8.7644484701385377 -0.23709862567727724 9.6006656872514338 -1.9396413352315964 0.00065870374547426279 -0.16372528201245137 0.095764332758944221 -0.16170055125252072 -0.00028548692313208336 -0.099472230412832721 -0.065828322962281041 0.0083842526270977574 0.20094989046918116 9.0896107754997892 0.10779134804663314 1.3374081813823351 1.0784292555510246 -0.12063116861333391
leaf_weight=887 22 331 96 22 177 159 167 218 401 118 112 164 197 30 44 23 65 240 70 56 151 41 47 796 108 35 45 30 77 168
leaf_count=887 22 331 96 22 177 159 167 218 401 118 112 164 197 30 44 23 65 240 70 56 151 41 47 796 108 35 45 30 77 168
internal_value=-0.00301529 0.00371838 0.000694615 -0.0195426 -0.000770623 -0.00145782 -0.00852308 -0.00029887 0.00442689 -0.00186437 -0.0100119 0 0.0212645 0.0187725 0.0109051 0.00187097 -0.0119362 -0.0104118 0.000556701 -0.0126637 -0.00633962 0.00278873 -0.024722 0.00174495 0.000609626 0.0123429 -0.00043787 -5.50459e-05 0.0175385 -0.00644037
internal_weight=5097 3624 3096 1473 2868 2769 385 2384 590 1794 330 1464 528 228 132 88 183 539 92 447 207 208 934 1281 1117 65 1009 431 99 213
internal_count=5097 3624 3096 1473 2868 2769 385 2384 590 1794 330 1464 528 228 132 88 183 539 92 447 207 208 934 1281 1117 65 1009 431 99 213
is_linear=0
shrinkage=0.03


Tree=54
num_leaves=31
num_cat=0
split_feature=132 117 128 121 127 128 117 144 130 142 144 120 144 136 133 135 139 144 117 126 127 123 143 144 129 130 121 133 144 126
split_gain=627.692 210.828 92.1434 83.3115 40.472 27.3211 62.6562 19.5862 36.7719 29.0809 63.3498 32.9466 17.7357 21.4111 30.0531 17.3051 15.5647 14.8199 29.4343 18.632 14.6665 14.615 13.8456 13.7552 11.9594 11.1365 16.8318 15.2926 10.6172 9.93493
threshold=5.8333333333333348 144.50000000000003 323.50000000000006 5.5000000000000009 -0.99004950495049493 6.5000000000000009 5.5000000000000009 11.500000000000002 24.500000000000004 9.5000000000000018 15.500000000000002 3.1666666666666674 10.500000000000002 117.80681479316767 30.617705466486889 345.35714285714289 0.87837969732492682 10.500000000000002 33.500000000000007 -13.499999999999998 0.44058823529411767 90.500000000000014 41.500000000000007 29.500000000000004 537.00000000000011 62.500000000000007 50.500000000000007 12.771421959592624 21.500000000000004 -3.4999999999999996
decision_type=8 2 10 2 8 10 2 2 8 2 2 2 2 10 10 8 2 2 2 10 10 2 2 2 10 10 2 10 2 8
left_child=3 2 4 29 -2 6 -6 8 -7 10 -9 16 -4 14 24 -3 -11 19 28 -5 -8 25 23 -23 -14 -13 -27 -28 -19 -1
right_child=1 15 12 17 5 7 20 9 -10 11 -12 21 13 -15 -16 -17 -18 18 -20 -21 -22 22 -24 -25 -26 26 27 -29 -30 -31
leaf_value=-0.13208805284180966 0.83671421793697853 0.7908057145257601 5.4113795360709496 0.024833497525528152 -0.16252686494337659 0.0075795962783577675 0.077946878639756537 -0.0016968900531038056 -0.00028857868131041184 -0.17240898480918562 -0.25191019929947472 0.013767025886038375 -0.22998566690695896 9.3126457166338898 -1.8814520951746485 8.6780329542149381 -0.017013298315229877 -0.16295789392591212 0.51809218646850352 -0.18243923867864431 -0.09636936714695217 0.27183055354219599 0.48464781630178067 -0.47815921705576625 8.8169224522347935 -0.22944250578598829 0.13268814818101304 -0.11758201405856027 -0.053944159121713325 -0.16208805284180966
leaf_weight=51 99 340 96 27 185 161 173 218 431 121 112 675 30 44 23 188 68 97 70 80 42 126 116 60 35 54 143 111 177 944
leaf_count=51 99 340 96 27 185 161 173 218 431 121 112 675 30 44 23 188 68 97 70 80 42 126 116 60 35 54 143 111 177 944
internal_value=-0.00302705 0.00360066 0.000621483 -0.0197202 -0.000835862 -0.00151874 -0.00872593 -0.000297376 0.00441206 -0.00185406 -0.00983284 -3.65112e-05 0.0187725 0.0109051 0.00187097 0.0210394 -0.011567 -0.00886842 -0.00565616 -0.0184286 0.00229091 0.00169302 0.00740717 0.00216754 0.0123429 -8.50202e-05 -0.00477316 -0.0013668 -0.010086 -0.024564
internal_weight=5097 3651 3123 1446 2895 2796 400 2396 592 1804 330 1474 228 132 88 528 189 451 344 107 215 1285 302 186 65 983 308 254 274 995
internal_count=5097 3651 3123 1446 2895 2796 400 2396 592 1804 330 1474 228 132 88 528 189 451 344 107 215 1285 302 186 65 983 308 254 274 995
is_linear=0
shrinkage=0.03


Tree=55
num_leaves=31
num_cat=0
split_feature=132 135 121 121 128 117 125 117 144 124 144 130 117 146 139 144 121 120 144 117 126 143 144 144 127 144 131 128 127 126
split_gain=623.672 205.353 87.7064 70.925 33.3138 44.9882 22.3402 21.4191 21.592 20.8304 19.9346 36.645 20.8221 25.3597 28.4947 24.0086 23.6841 19.8996 16.129 25.1495 18.632 15.2427 17.4894 13.5341 13.4886 12.8942 12.5236 11.6917 11.0044 10.0742
threshold=5.8333333333333348 224.28571428571431 5.5000000000000009 105.50000000000001 6.5000000000000009 5.5000000000000009 -8.4999999999999982 144.50000000000003 33.500000000000007 -20.499999999999996 11.500000000000002 24.500000000000004 10.500000000000002 22.500000000000004 -1.0000000180025095e-35 26.500000000000004 9.5000000000000018 252.16666666666671 10.500000000000002 17.500000000000004 -13.499999999999998 41.500000000000007 29.500000000000004 22.500000000000004 0.067041198501872665 19.500000000000004 384.50000000000006 133.50000000000003 0.44058823529411767 5.5000000000000009
decision_type=8 10 2 2 10 2 10 2 2 2 2 8 2 2 2 2 2 2 2 2 10 2 2 2 10 2 8 10 10 10
left_child=2 3 -1 4 5 -2 -5 8 -8 17 11 -6 13 14 -12 -15 -17 26 20 25 -4 22 -18 29 -10 -20 -3 -13 -7 -14
right_child=1 9 18 6 10 28 7 -9 24 -11 12 27 23 15 -16 16 21 -19 19 -21 -22 -23 -24 -25 -26 -27 -28 -29 -30 -31
leaf_value=-0.15722541125655537 -0.15765105899507531 -0.60709750440194765 0.024088492599762326 0.78161279139886941 0.0073522083900070265 0.045311161515714814 -0.092355757042935152 0.58206554620600492 0.4373528856133086 4.6675244467695194 -0.029431405312917016 -0.0026633413852566435 0.11260572738082658 0.1168146761022721 -0.23860952802689878 -0.16954404188242517 0.01978249159899825 7.5828485963276391 -0.16773552766178476 0.085132871023555337 -0.17696606151828498 0.023700648190851901 -0.2975071591728749 -0.0020878949563026962 -0.15994954743134257 -0.10525488978760245 2.5583826359465918 0.82804770547951023 -0.093478286132543609 -0.014000000843860078
leaf_weight=995 185 40 27 225 157 133 233 178 79 378 121 365 128 185 106 113 83 83 50 122 80 135 73 456 21 172 50 39 38 47
leaf_count=995 185 40 27 225 157 133 233 178 79 378 121 365 128 185 106 113 83 83 50 122 80 135 73 456 21 172 50 39 38 47
internal_value=-0.00295649 0.00364989 -0.0195961 0.000635749 -0.001897 -0.0102881 0.00873684 0.00516279 0.00060355 0.0204388 -0.000384501 0.00438869 -0.00224793 -0.00540073 -0.0138103 -0.00206061 -0.0061467 0.0112584 -0.00847368 -0.0051404 -0.0184286 -0.0015 -0.00778882 0.00183019 0.0119429 -0.0110749 0.0012 -0.000425428 0.000818182 0.0088
internal_weight=5097 3651 1446 3100 2364 356 736 511 333 551 2008 561 1447 816 227 589 404 173 451 344 107 291 156 631 100 222 90 404 171 175
internal_count=5097 3651 1446 3100 2364 356 736 511 333 551 2008 561 1447 816 227 589 404 173 451 344 107 291 156 631 100 222 90 404 171 175
is_linear=0
shrinkage=0.03


Tree=56
num_leaves=31
num_cat=0
split_feature=132 135 117 121 125 128 117 144 130 144 144 120 144 117 118 144 138 144 136 143 125 117 117 117 136 128 132 132 128 136
split_gain=614.053 188.552 85.3629 84.7645 37.7451 22.4511 52.2742 20.9949 37.3331 24.3282 62.8594 26.6896 15.2509 23.5196 17.2255 14.7814 13.1543 31.9472 12.9616 12.562 16.1156 15.6893 14.2467 11.8157 11.6687 11.4702 10.902 10.3934 10.2847 13.0403
threshold=5.8333333333333348 309.4285714285715 144.50000000000003 5.5000000000000009 -109.49999999999999 6.5000000000000009 5.5000000000000009 11.500000000000002 24.500000000000004 17.500000000000004 15.500000000000002 3.1666666666666674 10.500000000000002 33.500000000000007 2.5000000000000004 26.500000000000004 0.84523809523809534 38.500000000000007 2.2632782976592463 41.500000000000007 -16.499999999999996 2.5000000000000004 1.0000000180025095e-35 90.500000000000014 6.0794007305054718 118.50000000000001 49.166666666666679 6.8333333333333348 156.50000000000003 17.057514296082392
decision_type=8 10 2 2 8 10 2 2 8 2 2 2 2 2 2 2 10 2 10 2 10 2 2 2 10 10 8 8 10 10
left_child=3 2 4 -1 -2 6 27 8 -7 10 -9 15 14 -14 -5 -11 17 25 -15 20 -18 -22 -21 24 -24 -13 -8 -6 -10 -30
right_child=1 -3 -4 12 5 7 26 9 28 11 -12 16 13 18 -16 -17 19 -19 -20 22 21 -23 23 -25 -26 -27 -28 -29 29 -31
leaf_value=-0.15250864891885871 0.88404988351290015 6.6160411962175125 0.78161711405409984 -0.14817049547621056 -0.023976058839831216 0.0089796464815140448 -0.023521904798247364 0.004887249044634316 -0.0024150805733530235 -0.010494743176081371 -0.23171258668532749 0.09299515141683351 -0.10770358024271602 0.66624482899191539 -0.17165707967273641 -0.16531629976962575 0.16734937430103727 -0.14377112878736534 -0.03306695724495988 0.23733892751959199 -0.29885423210704087 -0.0050406336612378051 0.031537583956683192 0.4069136987234151 -0.040160548019750802 0.69722542846243274 0.10528167069598189 -0.15568789405191366 -0.39843733335888032 1.3698670927680225
leaf_weight=995 102 414 331 39 22 163 118 217 389 80 107 267 274 45 68 109 92 78 25 77 128 244 67 47 189 103 96 163 22 26
leaf_count=995 102 414 331 39 22 163 118 217 389 80 107 267 274 45 68 109 92 78 25 77 128 244 67 47 189 103 96 163 22 26
internal_value=-0.00316817 0.00338731 0.000932758 -0.0196788 -0.00071934 -0.00138626 -0.00793069 -0.000283817 0.00455207 -0.00190276 -0.00928267 -0.000258412 -0.00873684 -0.00548424 -0.0184286 -0.0106392 0.00129067 0.00541722 0.00952 -0.000911661 -0.00420896 -0.00698674 0.0031013 7.79221e-05 -0.00250575 0.009104 0.00216438 -0.0193895 -5.42986e-05 0.0123396
internal_weight=5097 3651 3237 1446 2906 2804 399 2405 600 1805 324 1481 451 344 107 189 1292 448 70 844 464 372 380 303 256 370 214 185 437 48
internal_count=5097 3651 3237 1446 2906 2804 399 2405 600 1805 324 1481 451 344 107 189 1292 448 70 844 464 372 380 303 256 370 214 185 437 48
is_linear=0
shrinkage=0.03


Tree=57
num_leaves=31
num_cat=0
split_feature=132 135 117 120 125 144 130 120 144 117 136 135 125 144 138 144 144 129 124 144 125 124 121 135 124 142 126 125 132 126
split_gain=492.409 183.979 80.1515 70.1985 33.5123 25.2237 43.9381 34.3785 36.5019 78.5658 24.5844 18.2475 17.3112 21.2761 16.1591 28.9769 15.8366 15.4981 14.5929 14.4472 16.4753 24.9263 14.9491 22.0166 13.5441 25.2115 13.3101 12.7053 12.1207 10.5561
threshold=4.5000000000000009 345.35714285714289 144.50000000000003 0.83333333333333337 -109.49999999999999 11.500000000000002 24.500000000000004 3.5000000000000004 17.500000000000004 1.0000000180025095e-35 2.4619240196550733 218.50000000000003 -6.4999999999999991 11.500000000000002 0.84523809523809534 38.500000000000007 22.500000000000004 119.50000000000001 -1.0000000180025095e-35 33.500000000000007 -22.499999999999996 -15.499999999999998 59.500000000000007 63.928571428571438 -118.49999999999999 9.5000000000000018 -36.499999999999993 16.500000000000004 1.4166666666666667 -1.4999999999999998
decision_type=8 10 2 2 8 2 8 2 2 2 8 10 10 2 10 2 2 10 2 2 10 2 2 10 2 2 8 10 10 10
left_child=3 2 4 28 16 6 -6 10 9 -9 18 -8 13 -5 15 17 -2 -10 -7 20 -16 -22 23 -21 25 -3 -12 -4 -1 -14
right_child=1 24 27 12 5 7 11 8 14 -11 26 -13 29 -15 19 -17 -18 -19 -20 22 21 -23 -24 -25 -26 -27 -28 -29 -30 -31
leaf_value=-0.14793338945129297 -0.29762558736948491 -0.46330973561706562 0.90460293872233988 -0.2148138907479708 0.0041013378524812792 0.0020666105487070307 -0.0041846673647012262 -0.20804792605029873 0.070065188982997004 0.097031173446943036 0.47755523323099136 1.3211793046826354 -0.05893466355303726 0.10607835445078208 0.12952540304710872 -0.1710235306712245 1.0490746735471426 0.95736215178826489 -0.040332497394315249 0.012470524439445789 -0.22993193004949999 -0.0030345637786804856 0.20193794822927799 -0.2329437715157171 7.7834426821255294 8.3693775638307262 -0.15101725723035625 0.36677328679949228 -0.087933389451292962 -0.14091766331885514
leaf_weight=593 20 34 256 22 195 24 517 116 386 104 20 43 105 60 84 87 85 82 162 189 157 262 205 50 265 62 287 101 183 341
leaf_count=593 20 34 256 22 195 24 517 116 386 104 20 43 105 60 84 87 85 82 162 189 157 262 205 50 265 62 287 101 183 341
internal_value=-0.0025096 0.00296051 0.00080128 -0.0183759 -0.000767532 -0.00136941 0.00334737 -0.00298378 -0.000969311 -0.01224 -0.00992771 -0.000945133 -0.00978236 0.00268966 0.000712674 0.00475714 0.0154909 0.00772516 -0.00122513 -0.00166387 -0.00512598 -0.0075566 0.00225835 -0.00280328 0.0231803 0.0124158 -0.0150769 0.0141547 -0.0241152 -0.0120931
internal_weight=5097 3793 3432 1304 3075 2970 755 2215 1722 220 493 560 528 82 1502 555 105 468 186 947 503 419 444 239 361 96 307 357 776 446
internal_count=5097 3793 3432 1304 3075 2970 755 2215 1722 220 493 560 528 82 1502 555 105 468 186 947 503 419 444 239 361 96 307 357 776 446
is_linear=0
shrinkage=0.03


Tree=58
num_leaves=31
num_cat=0
split_feature=132 135 117 120 127 144 131 120 142 117 136 128 125 144 124 133 125 118 136 125 124 142 138 125 125 108 117 144 117 132
split_gain=478.134 185.264 75.3069 68.1349 35.6813 23.3886 42.8553 35.0924 35.9161 78.2156 24.2735 19.3751 16.8719 21.2761 14.8447 14.5889 14.2867 20.0863 14.2014 14.6701 13.5441 25.2115 13.4822 14.3017 13.0186 12.225 12.1474 12.5385 10.553 9.89615
threshold=4.8333333333333348 345.35714285714289 144.50000000000003 0.83333333333333337 -0.99004950495049493 11.500000000000002 30.500000000000004 3.5000000000000004 9.5000000000000018 1.0000000180025095e-35 2.3776128375978014 4.5000000000000009 -6.4999999999999991 11.500000000000002 -1.0000000180025095e-35 18.393837316653293 5.5000000000000009 6.5000000000000009 39.077104458563447 -43.499999999999993 -118.49999999999999 9.5000000000000018 0.84523809523809534 -37.499999999999993 16.500000000000004 1.0000000180025095e-35 2.5000000000000004 10.500000000000002 27.500000000000004 149.83333333333334
decision_type=8 10 2 2 8 2 8 2 2 2 8 10 10 2 2 10 8 2 10 10 2 2 10 10 10 2 2 2 2 10
left_child=3 2 4 11 29 6 -6 10 9 -9 14 -1 13 -5 -7 -12 -8 -18 19 -10 21 -3 23 -20 -4 -21 -14 -28 -29 -2
right_child=1 20 24 12 5 7 16 8 18 -11 15 -13 26 -15 -16 -17 17 -19 22 25 -22 -23 -24 -25 -26 -27 27 28 -30 -31
leaf_value=-0.1434953877677542 0.92561465872888771 -0.4494104435485537 0.87746485056066936 -0.20836947402553166 0.0033372699335986189 0.0020046122322458261 0.0028250370745229068 -0.20353900075064787 0.53575896702769343 0.09412023824353484 -0.14648673951344554 -0.043110276937429394 -0.14370585955172732 0.10289600381725858 -0.043006768261924552 -0.012399959009004355 -0.15274554352244968 0.010001468379568088 -0.19868693748165051 -0.011048909562885711 7.5499394016617627 8.1182962369158034 -0.051807810091429471 0.3986542554326552 0.35577008819550771 0.30601760349507973 -0.13669013341928948 -0.045344492814627997 0.47117958651975694 0.28664374783067886
leaf_weight=749 66 34 256 22 126 24 500 115 70 104 233 37 212 60 161 69 59 64 24 1049 265 62 121 208 101 28 60 143 39 36
leaf_count=749 66 34 256 22 126 24 500 115 70 104 233 37 212 60 161 69 59 64 24 1049 265 62 121 208 101 28 60 143 39 36
internal_value=-0.00254488 0.00289524 0.000717754 -0.0180362 -0.000811234 -0.00142703 0.00313528 -0.00298236 -0.000953596 -0.0121607 -0.0100488 -0.0236587 -0.00963771 0.00268966 -0.00138947 -0.0152248 -0.000133758 -0.00909375 0.000713621 -0.00090625 0.0231803 0.0124158 0.00593296 0.0101013 0.0136575 -0.00179667 -0.0118824 -0.00702024 -0.00285561 0.0162056
internal_weight=5097 3775 3414 1322 3057 2955 749 2206 1719 219 487 786 536 82 185 302 623 123 1500 1147 361 96 353 232 357 1077 454 242 182 102
internal_count=5097 3775 3414 1322 3057 2955 749 2206 1719 219 487 786 536 82 185 302 623 123 1500 1147 361 96 353 232 357 1077 454 242 182 102
is_linear=0
shrinkage=0.03


Tree=59
num_leaves=31
num_cat=0
split_feature=132 128 117 120 127 133 120 128 126 131 142 144 125 144 127 131 124 126 140 143 130 123 121 128 124 133 117 128 126 132
split_gain=476.708 184.638 83.1371 69.8143 32.6481 24.5527 30.1118 25.6622 21.3143 22.2549 19.7797 78.9314 17.0044 21.2761 16.812 15.1298 14.8845 14.544 18.8632 15.043 16.8038 13.5871 13.0125 12.95 12.2039 18.7732 10.7961 13.9297 10.7321 10.3091
threshold=4.5000000000000009 339.50000000000006 144.50000000000003 0.83333333333333337 -0.99004950495049493 1.0000000180025095e-35 8.8333333333333339 4.5000000000000009 3.5000000000000004 3.5000000000000004 9.5000000000000018 15.500000000000002 -6.4999999999999991 11.500000000000002 0.77922077922077937 484.00000000000006 1.5000000000000002 -1.0000000180025095e-35 1.0000000180025095e-35 42.500000000000007 1.0000000180025095e-35 12.500000000000002 234.50000000000003 4.5000000000000009 -63.499999999999993 48.922841415908998 2.5000000000000004 1.0000000180025095e-35 -4.4999999999999991 149.83333333333334
decision_type=8 10 2 2 8 8 2 10 8 10 2 2 10 2 10 8 2 10 2 2 10 2 2 10 2 10 2 10 8 10
left_child=3 2 4 23 29 8 7 16 9 -6 11 -8 13 -5 17 -9 -7 18 19 20 -12 -10 -4 28 25 -3 -14 -28 -1 -2
right_child=1 24 22 12 5 6 10 15 21 -11 14 -13 26 -15 -16 -17 -18 -19 -20 -21 -22 -23 -24 -25 -26 -27 27 -29 -30 -31
leaf_value=-0.095090526134721562 0.89784621896702121 6.6974017691046601 0.29980924589538177 -0.20211838980476574 0.002615737219927596 -0.14209213732804218 0.061672598383810208 -0.083605368568696214 -0.16148617475161559 0.0019444738652784554 0.68755137775309905 -0.20090448481894568 -0.1393946837651755 0.099809123702740865 -0.23905983956598867 0.0023787923949320877 0.00062471813644080496 0.060262552429401803 0.098903687260251366 0.21033221837496754 -0.16331638253586186 -0.01816662058337009 1.5930131157119851 -0.045767499891234263 6.7940160149662887 -0.43592813024209709 -0.12385836150117521 0.010293570349107082 -0.13919052613472155 0.2780444353957584
leaf_weight=20 66 78 171 22 66 125 170 377 30 587 25 107 209 60 58 183 24 754 155 33 150 113 191 31 268 28 180 57 725 34
leaf_count=20 66 78 171 22 66 125 170 377 30 587 25 107 209 60 58 183 24 754 155 33 150 113 191 31 268 28 180 57 725 34
internal_value=-0.00262721 0.00275513 0.000550234 -0.0182383 -0.00106597 -0.00164889 -0.00330748 -0.00835294 0.00283895 0.00514286 -0.000819492 -0.00795745 -0.00966979 0.00268966 0.000884746 -0.00529912 -0.0192468 0.00173262 -0.00316304 -0.00898592 -0.0124667 -0.00745946 0.0140436 -0.0239616 0.0226227 0.0129189 -0.0119601 -0.00728926 -0.024752 0.0153714
internal_weight=5097 3793 3419 1304 3057 2957 2161 709 796 653 1452 277 528 82 1175 560 149 1117 363 208 175 143 362 776 374 106 446 237 745 100
internal_count=5097 3793 3419 1304 3057 2957 2161 709 796 653 1452 277 528 82 1175 560 149 1117 363 208 175 143 362 776 374 106 446 237 745 100
is_linear=0
shrinkage=0.03


Tree=60
num_leaves=31
num_cat=0
split_feature=132 135 121 120 133 136 120 122 125 144 128 124 128 139 125 144 144 135 123 124 138 143 118 124 142 144 144 144 127 130
split_gain=481.546 179.608 66.1754 65.9129 27.4426 25.6542 23.0392 22.0745 24.5115 20.3697 19.3751 18.75 17.5056 17.4901 17.4758 21.2761 15.3884 35.4347 15.3761 15.3134 14.9774 17.311 14.0832 12.6063 25.2115 12.3665 15.5041 13.5436 11.2844 11.1542
threshold=4.8333333333333348 345.35714285714289 105.50000000000001 0.83333333333333337 3.756446776551098 26.262893718163316 3.5000000000000004 135.50000000000003 -57.499999999999993 35.500000000000007 4.5000000000000009 1.0000000180025095e-35 40.500000000000007 -1.0000000180025095e-35 -6.4999999999999991 11.500000000000002 10.500000000000002 18.928571428571434 18.500000000000004 -15.499999999999998 0.92857142857142871 38.500000000000007 10.500000000000002 -118.49999999999999 9.5000000000000018 43.500000000000007 15.500000000000002 17.500000000000004 0.10045871559633029 57.500000000000007
decision_type=8 10 2 2 8 10 2 2 10 2 10 2 10 2 10 2 2 10 2 2 10 2 2 2 2 2 2 2 10 10
left_child=3 2 4 10 16 6 12 8 -4 11 -1 20 -6 -11 15 -5 17 -2 -8 -7 -10 -22 29 24 -3 26 -20 -28 -9 -19
right_child=1 23 7 14 5 19 18 28 9 13 -12 -13 -14 -15 -16 -17 -18 22 25 -21 21 -23 -24 -25 -26 -27 27 -29 -30 -31
leaf_value=-0.13501481035067989 0.0025111284738448657 -0.42285028633483418 0.87091083239801048 -0.19605483811062274 -0.1341079071879393 -0.096525153154669141 0.02506518538896433 0.94143225671430553 0.20930647038155384 -0.14442045078825472 -0.040443943632569514 0.15602753458334007 0.005825106835885982 0.89300494127324992 -0.12014261065613997 0.096814849991658639 -0.0042761999490742398 -0.0012523344798216485 0.11656501777762125 0.11978359141233248 0.2972047701488984 -0.21780301338505226 -0.084921207525699663 7.1451955345172999 7.6738252967351901 0.26836623209071808 -0.18589715090741943 -0.071602153255694606 0.19784168368282051 0.22921054065172639
leaf_weight=749 102 34 134 22 264 133 236 150 77 40 37 177 60 114 454 60 760 157 66 262 28 113 35 265 62 36 42 285 54 89
leaf_count=749 102 34 134 22 264 133 236 150 77 40 37 177 60 114 454 60 760 157 66 262 28 113 35 265 62 36 42 285 54 89
internal_value=-0.00258016 0.00287937 0.000735303 -0.0181266 -0.00173934 -0.00457451 -0.00714688 0.00776233 0.00509302 0.00220939 -0.0236587 -0.00141 -0.0136596 0.011283 -0.00985952 0.00268966 0.00169338 0.0065567 -0.00388657 0.00186 -0.00723767 -0.0129041 0.000923077 0.0228525 0.0124158 -0.00724424 -0.00880402 -0.0114578 0.0163349 0.00356175
internal_weight=5097 3775 3414 1322 2527 1384 989 887 683 549 786 395 324 154 536 82 1143 383 665 395 218 141 281 361 96 429 393 327 204 246
internal_count=5097 3775 3414 1322 2527 1384 989 887 683 549 786 395 324 154 536 82 1143 383 665 395 218 141 281 361 96 429 393 327 204 246
is_linear=0
shrinkage=0.03


Tree=61
num_leaves=31
num_cat=0
split_feature=132 128 120 120 121 144 144 144 144 146 137 120 130 125 144 144 131 132 132 144 130 128 130 128 126 121 128 144 136 125
split_gain=474.7 172.2 70.1941 67.204 28.4251 26.0246 23.3383 22.5961 21.6509 75.6185 31.6285 31.4495 20.2294 16.7004 21.2761 14.9862 19.1442 21.4179 14.1353 13.7204 33.3178 14.2569 14.5004 21.3003 13.1807 13.1495 12.8448 12.2329 10.7914 10.6528
threshold=4.5000000000000009 339.50000000000006 0.83333333333333337 220.00000000000003 105.50000000000001 23.500000000000004 15.500000000000002 17.500000000000004 15.500000000000002 17.500000000000004 4.5000000000000009 0.50000000000000011 5.5000000000000009 -6.4999999999999991 11.500000000000002 29.500000000000004 6.5000000000000009 8.5000000000000018 14.16666666666667 10.500000000000002 24.500000000000004 57.500000000000007 98.500000000000014 133.50000000000003 10.500000000000002 33.500000000000007 4.5000000000000009 31.500000000000004 26.262893718163316 -4.4999999999999991
decision_type=8 10 2 2 2 2 2 2 2 2 2 2 8 10 2 2 8 10 10 2 10 10 10 10 10 2 10 2 10 8
left_child=2 3 26 4 8 6 -6 -8 10 -10 25 12 18 14 -4 24 -17 -18 -11 20 -12 -22 -23 -24 -13 28 29 -19 -2 -1
right_child=1 -3 13 -5 5 -7 7 -9 9 11 19 15 -14 -15 -16 16 17 27 -20 -21 21 22 23 -25 -26 -27 -28 -29 -30 -31
leaf_value=-0.06307751820210758 -0.13987717588129675 6.0461747061197215 -0.19017319296730406 1.5933544478073638 0.3358489557626777 0.36707431935650703 -0.27150624344323632 -0.036528324791190767 -0.1800240445793759 -0.15463068830178758 0.0027571303222173071 0.019984115782535703 -0.14003594421876561 -0.11653833233645577 0.09391040449190885 -0.096196376487657137 0.044490898017412982 -0.26466591027264269 0.16978044542832577 0.0016875598210449282 -0.0041178573263812267 0.29248026048744363 -0.051525941104291914 0.64794119995158717 -0.050897845926022318 0.054597256413203961 -0.043181156585520172 -0.0038038110648315636 0.10878168203017267 -0.13096436604015951
leaf_weight=20 170 374 22 158 107 475 45 104 108 37 126 458 107 446 60 176 42 72 47 283 125 39 37 38 60 93 31 491 21 725
leaf_count=20 170 374 22 158 107 475 45 104 108 37 126 458 107 446 60 176 42 72 47 283 125 39 37 38 60 93 31 491 21 725
internal_value=-0.0025684 0.00280253 -0.0181467 0.000672897 -0.000264544 0.00492391 -0.00273563 -0.0102857 -0.00177278 -0.00388896 0.00185059 -0.00208294 -0.0132857 -0.00955722 0.00268966 -0.000386503 -0.00300763 -0.000432787 -0.00195506 0.00550383 0.00930811 0.00255738 0.0100336 0.0018 0.00354493 -0.00641522 -0.0238848 -0.0020493 -0.0108367 -0.024672
internal_weight=5097 3793 1304 3419 3261 731 256 149 2530 1598 932 1490 191 528 82 1299 781 605 84 648 365 239 114 75 518 284 776 563 191 745
internal_count=5097 3793 1304 3419 3261 731 256 149 2530 1598 932 1490 191 528 82 1299 781 605 84 648 365 239 114 75 518 284 776 563 191 745
is_linear=0
shrinkage=0.03


Tree=62
num_leaves=31
num_cat=0
split_feature=128 117 128 117 144 127 127 127 133 128 117 118 144 128 123 143 130 126 130 124 142 137 123 118 124 133 130 124 126 126
split_gain=405.27 188.366 166.123 49.6576 45.7994 33.2606 32.3908 27.0285 21.2673 21.9722 22.4534 17.6998 14.098 44.7067 16.3145 15.8386 14.8983 14.0264 13.897 13.1289 22.8254 29.1263 15.745 10.9122 10.3979 18.7732 9.84305 9.75424 10.209 10.4996
threshold=4.5000000000000009 2.5000000000000004 339.50000000000006 144.50000000000003 10.500000000000002 0.89898989898989912 -0.99004950495049493 -0.90815370196813483 3.711722196251515 33.500000000000007 3.5000000000000004 231.50000000000003 10.500000000000002 24.500000000000004 1.0000000180025095e-35 38.500000000000007 57.500000000000007 -2.4999999999999996 60.500000000000007 -9.4999999999999982 9.5000000000000018 4.5000000000000009 90.500000000000014 18.500000000000004 -63.499999999999993 48.922841415908998 60.500000000000007 20.500000000000004 -16.499999999999996 4.5000000000000009
decision_type=8 2 10 2 2 10 8 10 8 10 2 2 2 8 2 2 10 8 8 2 2 2 2 2 2 10 8 2 10 10
left_child=1 7 3 6 23 11 -2 -1 12 10 18 27 13 -8 15 -14 -15 -9 -10 20 21 -11 -22 -3 25 -4 -21 28 -6 -30
right_child=2 4 24 -5 5 -7 8 17 9 19 -12 -13 14 16 -16 -17 -18 -19 -20 26 22 -23 -24 -25 -26 -27 -28 -29 29 -31
leaf_value=0.0091884312657136216 0.68571716800517835 -0.074708646912436227 6.0848797159458741 0.60406175924667738 -0.26614136892671553 -0.1056551776897281 0.004082428290953519 -0.1270354350589547 -0.11782933176344808 0.24564466669080304 -0.0022893037514765259 4.7926377475662996 -0.011697240226184302 -0.0062797231643049395 0.0018810363434774268 -0.1401203014563516 0.083625246487074201 -0.1270354350589547 -0.13568086060485784 0.082234358882467537 -0.10360032502214785 -0.19952390023072764 0.41003306371629406 -0.14736295424559687 6.1944544272981892 -0.59155001892838077 -0.031706175233316855 0.39733095325223311 0.047606277929460955 -0.047060210621241369
leaf_weight=36 98 22 78 291 20 81 144 68 266 35 216 43 171 160 580 81 100 958 85 266 188 64 184 56 268 28 201 72 184 53
leaf_count=36 98 22 78 291 20 81 144 68 266 35 216 43 171 160 580 81 100 958 85 266 188 64 184 56 268 28 201 72 184 53
internal_value=-0.00247432 -0.0149962 0.00322998 0.000955024 -0.000380597 0.00332751 -0.000261603 -0.0222624 -0.000882739 -0.00327417 -0.00790909 0.00714589 0.00202579 0.0065868 -0.000207885 -0.00651362 -0.000883019 -0.0231562 -0.0125393 -0.000439024 -0.00395798 -0.0163846 -0.000461538 -0.0208916 0.0219894 0.0129189 0.00310169 0.00456287 0.00169466 0.00357025
internal_weight=5097 1593 3504 3130 531 453 2839 1062 2741 1505 567 372 1236 404 832 252 260 1026 351 938 471 99 372 78 374 106 467 329 257 237
internal_count=5097 1593 3504 3130 531 453 2839 1062 2741 1505 567 372 1236 404 832 252 260 1026 351 938 471 99 372 78 374 106 467 329 257 237
is_linear=0
shrinkage=0.03


Tree=63
num_leaves=31
num_cat=0
split_feature=132 121 117 128 145 127 117 128 145 142 145 131 117 117 126 119 125 138 145 133 117 118 128 132 127 126 117 136 127 117
split_gain=461.712 164.684 68.4971 63.2504 28.8628 27.2661 23.6837 41.7188 37.6972 46.4466 48.0537 29.2751 22.3611 22.1495 19.917 19.1798 17.7227 15.9749 19.9395 18.524 14.4795 12.6585 12.4268 11.9081 11.5739 11.5431 10.7381 10.0604 10.7547 13.656
threshold=3.5000000000000004 234.50000000000003 2.5000000000000004 380.00000000000006 10.500000000000002 -0.99004950495049493 17.500000000000004 4.5000000000000009 11.500000000000002 9.5000000000000018 15.500000000000002 23.500000000000004 1.0000000180025095e-35 391.00000000000006 -2.4999999999999996 1.0000000180025095e-35 -6.4999999999999991 0.92857142857142871 36.500000000000007 1.3307163456488713 27.500000000000004 18.500000000000004 4.5000000000000009 149.83333333333334 -0.03174692049272116 -1.4999999999999998 1.0000000180025095e-35 102.61480185060492 0.20467277820218999 126.50000000000001
decision_type=8 2 2 10 2 8 2 10 2 2 2 8 2 2 8 2 8 10 2 10 2 2 10 10 10 10 2 10 10 2
left_child=2 3 14 5 21 23 7 12 11 10 -10 -9 -7 24 -1 25 -16 -17 19 -19 -6 -4 -18 -2 -3 -11 -20 28 29 -8
right_child=1 13 4 -5 20 6 27 8 9 15 -12 -13 -14 -15 16 17 22 18 26 -21 -22 -23 -24 -25 -26 -27 -28 -29 -30 -31
leaf_value=-0.10325946733308909 0.81319976280521977 1.820047068827412 -0.01582629390844505 4.0559629685942893 -0.037229631089634854 -0.12502437200718608 0.022258941523601975 0.0048207140401249895 -0.027286128919031483 0.011538709507319025 -0.1824680949742947 0.0021398118990836146 -0.010305557222466052 8.0825943425867859 -0.0078079917474960323 0.037526681382148049 -0.12322437200718608 0.0048438858521177063 0.16684717586421452 -0.25678236405476773 0.50359117005261012 -0.14294206561822898 -0.0030808144603019284 -0.1009989584772623 1.0496491360725848 -0.11869571801529651 -0.02609031562854609 -0.46015447129722958 -0.025287765271507397 0.29457592350541401
leaf_weight=62 64 124 23 101 138 163 706 108 148 74 123 463 83 148 28 363 846 70 76 131 68 56 21 21 232 172 35 20 236 194
leaf_count=62 64 124 23 101 138 163 706 108 148 74 123 463 83 148 28 363 846 70 76 131 68 56 21 21 232 172 35 20 236 194
internal_value=-0.00265073 0.00247772 -0.0185196 6.07867e-05 -0.00546207 -0.000680184 -0.00114322 -0.00311023 -0.00147285 -0.00450627 -0.0153043 0.00483333 -0.0145578 0.0183772 -0.0223534 -0.00125702 -0.0234933 0.00135882 -0.00357729 -0.00914563 0.000540284 -0.0202857 -0.0242477 0.0156 0.0139446 -0.00834263 0.00641379 0.00226873 0.0026766 0.00417017
internal_weight=5097 3855 1242 3351 285 3250 3165 2009 1763 1192 271 571 246 504 957 921 895 675 312 201 206 79 867 85 356 246 111 1156 1136 900
internal_count=5097 3855 1242 3351 285 3250 3165 2009 1763 1192 271 571 246 504 957 921 895 675 312 201 206 79 867 85 356 246 111 1156 1136 900
is_linear=0
shrinkage=0.03


Tree=64
num_leaves=31
num_cat=0
split_feature=132 128 117 120 127 133 117 128 131 146 143 143 144 128 135 126 131 138 121 128 123 145 117 126 127 127 124 117 138 132
split_gain=440.344 161.583 72.2487 61.1936 31.559 20.7132 32.3522 43.3131 28.7512 35.9972 26.3486 20.4341 20.2225 17.8774 17.7664 17.36 22.5804 15.4965 14.2011 13.9119 13.306 12.6848 32.1242 19.995 14.6461 12.1516 13.1904 11.8683 11.3999 10.8203
threshold=4.8333333333333348 380.00000000000006 144.50000000000003 0.83333333333333337 -0.99004950495049493 1.3307163456488713 10.500000000000002 10.500000000000002 82.500000000000014 22.500000000000004 40.500000000000007 41.500000000000007 36.500000000000007 4.5000000000000009 75.928571428571445 3.5000000000000004 3.5000000000000004 0.92857142857142871 234.50000000000003 63.500000000000007 12.500000000000002 10.500000000000002 9.5000000000000018 -13.499999999999998 -0.87359022556390964 0.77922077922077937 -13.499999999999998 1.0000000180025095e-35 0.92857142857142871 149.83333333333334
decision_type=8 10 2 2 8 8 2 10 8 2 2 2 2 10 10 8 10 10 2 10 2 2 2 10 10 10 2 2 10 10
left_child=3 2 4 13 29 15 7 27 9 -9 -11 14 -12 -1 19 16 -6 -16 -4 -10 -17 23 24 -5 -23 26 -8 -7 -27 -2
right_child=1 -3 18 21 5 6 25 8 11 10 12 -13 -14 -15 17 20 -18 -19 -20 -21 -22 22 -24 -25 -26 28 -28 -29 -30 -31
leaf_value=-0.1195276408469705 0.78880376992106294 5.9911429642016403 0.22553740166164743 0.045741249122601697 0.0053496427158565658 -0.12206615543775083 -0.056066494505748903 -0.19372918827992774 0.0075180927400248969 0.078546087701896888 -0.24878721500302747 1.0242332397620362 -0.026475401838607304 -0.030839439132664476 0.32809714520534483 -0.1549153319036034 0.0018284586045335871 -0.090018443693883718 1.3655576874191573 0.92858974742307643 -0.0089471756847746414 0.024963303813133997 0.037035555639465839 -0.13307120753250801 -0.10401286659030941 -0.26563544924245946 0.057924103118171325 -0.012908323137151441 0.017837208888594622 0.18620631108584221
leaf_weight=749 66 345 171 30 97 230 138 105 119 174 91 76 127 37 61 32 656 136 203 30 122 22 148 99 237 37 637 58 28 36
leaf_count=749 66 345 171 30 97 230 138 105 119 174 91 76 127 37 61 32 656 136 203 30 122 22 148 99 237 37 637 58 28 36
internal_value=-0.00262721 0.00259365 0.000609607 -0.0174936 -0.000919307 -0.00149848 -0.00316959 -0.00630693 -0.00307792 -0.00793625 -0.00361209 0.00265574 -0.0104664 -0.0228243 -0.000495726 0.00226316 0.00414776 -0.00635644 0.0129657 0.00716883 -0.00675472 -0.0095268 -0.00675728 -0.0176418 -0.0130455 0.00134201 0.00241538 -0.0163618 -0.0106286 0.0150841
internal_weight=5097 3775 3430 1322 3056 2954 2047 1207 919 497 392 422 218 786 346 907 753 197 374 149 154 536 407 129 259 840 775 288 65 102
internal_count=5097 3775 3430 1322 3056 2954 2047 1207 919 497 392 422 218 786 346 907 753 197 374 149 154 536 407 129 259 840 775 288 65 102
is_linear=0
shrinkage=0.03


Tree=65
num_leaves=31
num_cat=0
split_feature=132 121 123 128 120 128 120 127 131 144 124 138 138 140 124 136 122 130 133 125 133 144 139 124 144 144 129 128 122 119
split_gain=411.954 167.415 62.7628 53.1668 26.9069 29.8514 23.1087 21.0079 19.4109 19.2197 20.6934 24.2542 19.6613 19.2342 18.9651 16.6578 17.0037 16.4538 15.6474 14.8135 13.8597 12.875 18.622 12.0054 12.1473 11.5253 10.1478 10.9725 8.95013 8.54259
threshold=2.8333333333333335 234.50000000000003 2.5000000000000004 380.00000000000006 47.500000000000007 3.5000000000000004 0.50000000000000011 -0.27718676122931435 484.00000000000006 11.500000000000002 9.5000000000000018 0.84523809523809534 0.53571428571428581 1.0000000180025095e-35 3.5000000000000004 66.61387323167834 78.500000000000014 24.500000000000004 19.80740423507957 -1.4999999999999998 1.7926456271808611 43.500000000000007 -0.60785761079279388 4.5000000000000009 11.500000000000002 22.500000000000004 141.50000000000003 62.500000000000007 1.0000000180025095e-35 135.50000000000003
decision_type=8 2 2 10 2 10 2 10 8 2 2 10 10 2 2 10 2 8 10 10 10 2 2 2 2 2 10 10 2 2
left_child=2 3 20 4 5 6 -2 -6 -3 17 11 12 -11 -14 15 26 -17 -7 21 23 -1 22 -13 24 -4 28 27 -9 -24 -16
right_child=1 8 19 -5 7 9 -8 14 -10 10 -12 18 13 -15 29 16 -18 -19 -20 -21 -22 -23 25 -25 -26 -27 -28 -29 -30 -31
leaf_value=-0.11594181162156139 -0.11774181162156137 0.88066395690515664 -0.17645842688026761 3.7545497906104108 0.40973775505558491 0.0051891534343808752 -0.041081932342293168 -0.083110687645079645 7.111384621102272 -0.1508456634803092 0.027152647602435777 -0.010582592909963839 0.018314798174850128 -0.112002797626351 0.064325260196308562 0.74546959131559964 -0.15183617221930718 -0.00049616204935500009 -0.25188361200283249 -0.10907196346000766 -0.088366769385275379 0.034646612129965872 -0.1640048103390806 0.20717102713054947 0.0025157652472511359 -0.093567086617031253 -0.19931376130443829 0.030618821127570896 -0.01412812851015019 0.49667993070295946
leaf_weight=737 96 271 21 101 161 187 214 107 233 62 385 241 314 31 247 54 32 426 78 317 43 63 86 26 56 223 78 139 23 45
leaf_count=737 96 271 21 101 161 187 214 107 233 62 385 241 314 31 247 54 32 426 78 317 43 63 86 26 56 223 78 139 23 45
internal_value=-0.00263897 0.00209739 -0.0179701 -0.00030724 -0.000980892 -0.00259819 -0.011219 0.003553 0.0181415 -0.00131073 -0.00313302 -0.00519005 0.000640777 0.00349714 0.0012645 -0.00287711 0.00850549 0.00314563 -0.00850348 -0.00845647 -0.0229987 -0.00682371 -0.00824221 0.00133333 -0.00468293 -0.0128012 -0.006 -0.00284462 -0.0207368 0.00705051
internal_weight=5097 3897 1200 3393 3292 2429 310 863 504 2119 1506 1121 407 345 702 410 86 613 714 420 780 636 573 103 77 332 324 246 109 292
internal_count=5097 3897 1200 3393 3292 2429 310 863 504 2119 1506 1121 407 345 702 410 86 613 714 420 780 636 573 103 77 332 324 246 109 292
is_linear=0
shrinkage=0.03


Tree=66
num_leaves=31
num_cat=0
split_feature=132 121 123 128 120 128 120 127 144 124 144 144 131 144 144 124 133 130 136 122 124 146 121 125 130 133 119 130 136 131
split_gain=405.663 168.163 60.8383 53.9781 27.208 28.6615 23.1087 21.6223 20.0929 20.2027 21.6562 40.3271 18.5648 17.8221 22.2194 17.4534 16.2712 15.4959 14.7798 15.7345 14.7292 13.2312 29.3821 11.708 11.419 10.7939 9.2006 8.89388 8.60277 8.57584
threshold=2.8333333333333335 234.50000000000003 2.5000000000000004 380.00000000000006 47.500000000000007 3.5000000000000004 0.50000000000000011 -0.27718676122931435 11.500000000000002 9.5000000000000018 17.500000000000004 15.500000000000002 484.00000000000006 28.500000000000004 36.500000000000007 3.5000000000000004 1.7926456271808611 24.500000000000004 66.61387323167834 78.500000000000014 -2.4999999999999996 10.500000000000002 59.500000000000007 -6.4999999999999991 1.5000000000000002 12.771421959592624 135.50000000000003 52.500000000000007 6.9296632334665924 6.5000000000000009
decision_type=8 2 2 10 2 10 2 10 2 2 2 2 8 2 2 2 10 8 10 2 2 2 2 10 8 10 2 10 10 10
left_child=2 3 16 4 5 6 -2 -6 17 10 11 -10 -3 -12 -15 18 -1 -7 25 -20 -16 24 23 -23 -4 -9 -17 -27 -22 -11
right_child=1 12 21 -5 7 8 -8 15 9 29 13 -13 -14 14 20 26 -18 -19 19 -21 28 22 -24 -25 -26 27 -28 -29 -30 -31
leaf_value=-0.11246355727291456 -0.11420955727291454 0.85424403819800199 -0.11344159972242697 3.6419132968920995 0.39744562240391729 0.0050334788313494356 -0.039849474372024393 -0.0063238037090139441 -0.024743452563779425 -0.020002531093504528 0.0031942225958845327 -0.16675614691509971 6.8980430824692034 -0.13592705043528749 0.026171743957715793 0.062395502390419182 -0.08571576630371712 -0.00048127718787444707 0.72310550357613146 -0.14728108705272802 0.0011721941834403182 0.017263200458313824 0.72423797272558876 -0.10283610791000437 -0.12206690385496508 0.17663992649190069 0.48177953278187086 -0.15303392233734117 -0.11512877017399081 0.055280014257761571
leaf_weight=737 96 271 68 101 161 187 214 164 148 79 382 96 233 207 165 247 43 426 54 32 46 27 47 238 40 28 45 132 77 306
leaf_count=737 96 271 68 101 161 187 214 164 148 79 382 96 233 207 165 247 43 426 54 32 46 27 47 238 40 28 45 132 77 306
internal_value=-0.00275657 0.00194362 -0.0179701 -0.000466157 -0.00114468 -0.00277075 -0.011219 0.00341475 -0.00150847 -0.00337128 -0.0054032 -0.0132289 0.0180236 -0.00315646 -0.006888 0.00109477 -0.0229223 0.00304854 -0.00287711 0.00784615 -0.00141297 -0.00859765 -0.00528076 -0.0092 -0.017469 -0.00581763 0.00664646 -0.0112364 -0.00909375 0.00252308
internal_weight=5097 3897 1200 3393 3292 2429 310 863 2119 1506 1121 244 504 877 495 702 780 613 410 86 288 420 312 265 108 324 292 160 123 385
internal_count=5097 3897 1200 3393 3292 2429 310 863 2119 1506 1121 244 504 877 495 702 780 613 410 86 288 420 312 265 108 324 292 160 123 385
is_linear=0
shrinkage=0.03


Tree=67
num_leaves=31
num_cat=0
split_feature=132 121 120 128 117 125 124 128 145 145 145 117 145 117 122 126 136 127 120 130 140 129 126 127 140 128 131 120 133 126
split_gain=396.024 163.688 62.4396 50.979 25.8116 24.8665 30.7891 35.9602 33.1252 38.3779 51.5287 32.1955 18.1768 35.3909 17.4597 17.199 17.0733 14.4735 11.6623 16.6859 12.8244 10.9489 13.7759 13.2654 11.5388 10.6524 9.99997 9.73449 17.8467 12.75
threshold=2.8333333333333335 234.50000000000003 0.83333333333333337 500.50000000000006 391.00000000000006 -29.499999999999996 2.5000000000000004 3.5000000000000004 11.500000000000002 17.500000000000004 15.500000000000002 1.0000000180025095e-35 10.500000000000002 12.500000000000002 115.50000000000001 -13.499999999999998 64.219013008174997 0.33568075117370894 58.166666666666679 63.500000000000007 1.0000000180025095e-35 9.5000000000000018 5.5000000000000009 0.20820433436532509 -0.22252093395631442 3.5000000000000004 4.5000000000000009 2.1666666666666674 19.344816497187889 -1.0000000180025095e-35
decision_type=8 2 2 10 2 8 2 10 2 2 2 2 2 2 2 10 10 10 2 8 2 8 10 10 2 10 10 2 10 10
left_child=2 3 25 5 17 18 7 11 -9 10 -10 -7 15 -14 21 -4 27 -3 19 -2 -20 -8 23 -23 -24 -1 -13 -11 29 -29
right_child=1 4 12 -5 -6 6 14 8 9 16 -12 26 13 -15 -16 -17 -18 -19 20 -21 -22 22 24 -25 -26 -27 -28 28 -30 -31
leaf_value=-0.10908965055472712 0.22081966658916574 1.1830046255151798 0.03309512054427724 7.9199540140381295 7.2400993922759893 -0.11489512509487144 0.031534870876073526 0.003744121886488969 -0.02709197278175253 -0.1018127082761237 -0.16461756141612283 0.041423810097894621 -0.091891005287537547 0.12726608504447265 0.40944194670787426 -0.12240366441105971 0.49348168799244008 -0.24867638443562767 0.077710672010355628 -0.1863040698195472 0.64174342426385944 0.060523637318706705 0.028171491694824198 -0.047726810353837266 -0.045721027638630854 -0.095804493052809359 -0.061630780334463786 -0.039485235502025803 -0.24518222959395014 0.017522199722679304
leaf_weight=709 120 332 28 53 148 145 218 594 165 226 124 59 231 112 64 98 94 24 43 77 78 279 47 138 137 22 72 149 134 377
leaf_count=709 120 332 28 53 148 145 218 594 165 226 124 59 231 112 64 98 94 24 43 77 78 279 47 138 137 22 72 149 134 377
internal_value=-0.00283889 0.00180523 -0.0178705 -0.000572101 0.0176699 -0.0010565 -0.00190089 -0.00384515 -0.00232548 -0.00505808 -0.0145714 -0.0138577 -0.00916456 -0.00541379 0.0027973 -0.0187328 -0.0021868 0.0129474 0.00685449 0.00219802 0.014 0.00155825 -0.000534653 0.00247393 -0.00726984 -0.0233478 -0.00282353 -0.00349495 -0.00161504 0.000892655
internal_weight=5097 3897 1200 3393 504 3340 3022 2139 1863 1269 289 276 469 343 883 126 980 356 318 197 121 819 601 417 184 731 131 886 660 526
internal_count=5097 3897 1200 3393 504 3340 3022 2139 1863 1269 289 276 469 343 883 126 980 356 318 197 121 819 601 417 184 731 131 886 660 526
is_linear=0
shrinkage=0.03


Tree=68
num_leaves=31
num_cat=0
split_feature=132 128 117 123 127 128 117 133 133 125 145 117 126 108 142 144 142 120 144 130 130 133 123 144 144 130 120 131 120 144
split_gain=387.113 152.888 66.8057 65.9344 28.9333 19.6217 25.2179 38.7832 16.2712 15.6681 15.0515 29.1287 15.8633 13.7621 13.5777 12.5282 83.6067 19.4926 17.4649 14.0116 11.8093 12.4378 10.6016 12.3212 13.4295 12.2179 11.5264 10.8097 10.227 9.37239
threshold=2.8333333333333335 408.50000000000006 144.50000000000003 2.5000000000000004 -0.99004950495049493 10.500000000000002 1.0000000180025095e-35 6.8958842066956336 1.7926456271808611 28.500000000000004 10.500000000000002 33.500000000000007 -13.499999999999998 1.0000000180025095e-35 9.5000000000000018 15.500000000000002 9.5000000000000018 3.1666666666666674 25.500000000000004 23.500000000000004 6.5000000000000009 0.65824829046386313 90.500000000000014 35.500000000000007 29.500000000000004 62.500000000000007 15.833333333333334 136.50000000000003 238.33333333333334 10.500000000000002
decision_type=8 10 2 2 8 10 2 8 10 10 2 2 10 2 2 2 2 2 2 8 8 10 2 2 2 10 2 10 2 2
left_child=3 2 4 8 14 6 7 20 -1 28 12 -12 -5 15 -2 19 -17 18 -18 29 21 -6 25 24 -24 -19 -27 -25 -4 -7
right_child=1 -3 9 10 5 13 -8 -9 -10 -11 11 -13 -14 -15 -16 16 17 22 -20 -21 -22 -23 23 27 -26 26 -28 -29 -30 -31
leaf_value=-0.10581696103808531 -0.529519723903081 6.1697526933510121 0.29101276806124643 0.03210226692794891 0.0040246874108693627 0.019688057125050732 -7.8856262757982519e-05 -0.11379232414368361 -0.079871603797963805 -0.017965529694668022 -0.08510971717340296 0.60781913833606338 -0.11022340482987553 0.1804062508238814 0.78031072874012708 -0.17970383635609005 0.0053816864133528772 0.008043933779111433 -0.15079297545316062 0.0016159633592819488 -0.012251172949923318 -0.086763724559312624 0.18758388031229897 0.12712919635750417 -0.42911997156007486 -0.23886644220970638 -0.043605668786660771 0.98957876034611103 1.9728093691921265 -0.0016097926385928573
leaf_weight=737 20 301 210 28 58 81 395 144 43 79 257 55 80 40 84 106 73 609 94 602 186 58 125 57 67 33 271 58 102 44
leaf_count=737 20 301 210 28 58 81 395 144 43 79 257 55 80 40 84 106 73 609 94 602 186 58 125 57 67 33 271 58 102 44
internal_value=-0.00290945 0.00168221 -4.83199e-05 -0.017771 -0.00148411 -0.00201674 -0.00591489 -0.0107627 -0.0229223 0.0115758 -0.00803294 -0.00452366 -0.017469 -0.000553642 0.0137064 -0.000887191 -0.00245928 -0.000448276 -0.00990698 0.00232787 -0.00447557 0.00292562 0.000876735 0.00565385 0.000883249 -0.000745098 -0.00561165 0.0132 0.0145552 0.0112615
internal_weight=5097 3897 3596 1200 3205 3101 841 446 780 391 420 312 108 2260 104 2220 1493 1387 167 727 302 116 1220 307 192 913 304 115 312 125
internal_count=5097 3897 3596 1200 3205 3101 841 446 780 391 420 312 108 2260 104 2220 1493 1387 167 727 302 116 1220 307 192 913 304 115 312 125
is_linear=0
shrinkage=0.03


Tree=69
num_leaves=31
num_cat=0
split_feature=132 128 123 121 128 124 130 140 127 144 145 121 126 108 132 144 144 127 120 144 130 125 121 126 124 144 143 138 124 143
split_gain=384.202 148.87 64.6421 58.8755 22.6314 23.1008 18.2241 17.7356 20.5188 15.784 14.5868 19.0619 15.8633 13.6432 12.1211 11.6142 54.6222 17.1732 15.9 17.4649 14.0593 10.0606 10.0432 10.0144 9.6278 19.6861 9.58714 10.1249 21.8844 13.8764
threshold=2.8333333333333335 408.50000000000006 2.5000000000000004 127.50000000000001 10.500000000000002 3.5000000000000004 6.5000000000000009 1.0000000180025095e-35 0.07278747742323903 33.500000000000007 10.500000000000002 59.500000000000007 -13.499999999999998 1.0000000180025095e-35 1.1666666666666667 15.500000000000002 17.500000000000004 -0.99004950495049493 3.1666666666666674 25.500000000000004 23.500000000000004 -6.4999999999999991 7.5000000000000009 -1.0000000180025095e-35 -1.4999999999999998 17.500000000000004 42.500000000000007 0.92857142857142871 5.5000000000000009 38.500000000000007
decision_type=8 10 2 2 10 2 8 2 10 2 2 2 10 2 10 2 2 10 2 2 8 10 2 8 2 2 2 10 2 2
left_child=2 3 14 4 5 6 9 26 -9 22 12 21 -4 15 -1 20 -17 -18 19 -19 -6 -12 -2 -23 25 -3 27 -5 29 -29
right_child=1 24 10 7 13 -7 -8 8 -10 -11 11 -13 -14 -15 -16 16 17 18 -20 -21 -22 23 -24 -25 -26 -27 -28 28 -30 -31
leaf_value=-0.10264245220694275 0.0046005583812742043 -1.4258928320418862 0.031139198920110425 0.37148614191410939 0.018485589846123727 0.0083825377997033528 -0.063582215133286185 0.74692204738733359 0.015135699438068428 -0.1002528534410399 0.022055326118392598 0.68045827684240501 -0.10691670268497927 0.17499406329916503 -0.044442452206942727 -0.17457399212150174 0.47281854312574012 0.0052202358209522967 -0.00054396990833062377 -0.14626918618956578 0.00083536926557966848 0.0035155445618961687 -0.087205562809259299 -0.10581697093782029 6.488830281599637 5.9846601125504817 1.2287604770018612 0.21666172629163183 0.43329171075511252 -0.16943169797085203
leaf_weight=612 117 28 28 134 122 166 455 266 96 39 27 47 80 40 168 75 23 73 997 94 575 58 33 180 186 87 43 34 83 131
leaf_count=612 117 28 28 134 122 166 455 266 96 39 27 47 80 40 168 75 23 73 997 94 575 58 33 180 186 87 43 34 83 131
internal_value=-0.00301529 0.0015592 -0.0178207 -0.000148292 -0.00218337 -0.00639755 -0.0089584 0.00707576 0.0119183 -0.00105155 -0.00817412 -0.00471293 -0.017469 -0.000461078 -0.0229223 -0.000837067 -0.00255249 -0.000926174 -0.00148332 -0.00990698 0.00225641 -0.00786667 0.00344516 -0.00985185 0.0216471 0.0137 0.00284651 0.00122481 -0.00234783 -0.00861176
internal_weight=5097 3897 1200 3596 2809 810 644 787 362 189 420 312 108 1999 780 1959 1262 1187 1164 167 697 265 150 238 301 115 425 382 248 165
internal_count=5097 3897 1200 3596 2809 810 644 787 362 189 420 312 108 1999 780 1959 1262 1187 1164 167 697 265 150 238 301 115 425 382 248 165
is_linear=0
shrinkage=0.03


Tree=70
num_leaves=31
num_cat=0
split_feature=132 135 123 121 128 118 145 130 145 145 133 145 121 145 121 126 127 140 136 122 121 126 137 143 125 121 125 126 128 125
split_gain=391.556 137.01 64.6421 48.8301 23.498 33.9063 18.6157 33.1291 21.1612 63.8285 16.2712 15.3994 18.5128 14.5868 19.0619 15.8633 14.4321 14.5603 14.2137 13.4765 13.2145 12.3546 11.6021 16.39 11.0787 10.32 10.0606 10.0144 8.98413 9.74109
threshold=2.8333333333333335 392.71428571428578 2.5000000000000004 135.50000000000003 3.5000000000000004 16.500000000000004 11.500000000000002 24.500000000000004 17.500000000000004 15.500000000000002 1.7926456271808611 28.500000000000004 1.0000000180025095e-35 10.500000000000002 59.500000000000007 -13.499999999999998 0.19279907084785136 1.0000000180025095e-35 59.296038430835218 121.50000000000001 4.5000000000000009 -10.499999999999998 6.5000000000000009 41.500000000000007 126.50000000000001 1.0000000180025095e-35 -6.4999999999999991 -1.0000000180025095e-35 40.500000000000007 2.5000000000000004
decision_type=8 10 2 2 10 2 2 8 2 2 10 2 2 2 2 10 10 2 10 2 2 8 2 2 10 2 10 8 10 10
left_child=2 3 10 4 5 25 7 20 9 28 -1 -10 -13 15 26 -4 17 18 19 22 -6 -7 -5 -24 -18 -2 -15 -28 29 -8
right_child=1 -3 13 16 6 21 8 -9 11 -11 -12 12 -14 14 -16 -17 24 -19 -20 -21 -22 -23 23 -25 -26 -27 27 -29 -30 -31
leaf_value=-0.099563178640734454 -0.1041493820707035 6.221830753736378 0.030205022952507092 0.54887325847898982 0.0063935887411152416 -0.10741234346890507 -0.126100835085281 -0.0014148475261412585 0.0094385457318306581 -0.15602012747654867 -0.076142182117816606 -0.12669915599560874 -0.010775989384128977 0.021393666334840872 0.66004452853713269 -0.1037092016044299 -0.36605284811088679 0.72451438596571371 0.70270887905860957 0.20660942838151924 -0.00021450732631348224 0.077122967829259176 -0.19623766938436174 0.60170411022677794 1.5640263357577391 -0.054886090156638208 0.0034100782250392836 -0.10264246180968568 0.19027610071399262 0.044653343854975602
leaf_weight=737 88 291 28 24 171 26 91 469 574 106 43 66 861 27 47 80 62 258 151 70 22 139 96 31 21 138 58 180 110 32
leaf_count=737 88 291 28 24 171 26 91 469 574 106 43 66 861 27 47 80 62 258 151 70 22 139 96 31 21 138 58 180 110 32
internal_value=-0.00287417 0.00174372 -0.0178207 0.000131266 -0.00160248 -0.00839394 -0.000524132 0.00376912 -0.00207805 -0.0087907 -0.0229223 -0.000533865 -0.00292275 -0.00817412 -0.00471293 -0.017469 0.00713649 0.00868346 0.00475862 -0.000106195 0.0140606 0.00190588 -0.00515385 -0.00881818 -0.00436364 -0.0158182 -0.00786667 -0.00985185 0.00010084 -0.00534375
internal_weight=5097 3897 1200 3606 2893 391 2502 662 1840 339 780 1501 927 420 312 108 713 630 372 221 193 165 151 127 83 226 265 238 233 123
internal_count=5097 3897 1200 3606 2893 391 2502 662 1840 339 780 1501 927 420 312 108 713 630 372 221 193 165 151 127 83 226 265 238 233 123
is_linear=0
shrinkage=0.03


Tree=71
num_leaves=31
num_cat=0
split_feature=132 128 123 121 133 124 128 122 138 133 128 131 126 135 144 124 127 133 145 121 126 141 144 144 122 131 131 128 131 121
split_gain=384.202 137.473 64.6421 55.2521 21.0185 23.9577 24.3616 20.6944 18.33 16.2712 16.095 15.9748 15.8054 15.8768 15.7266 27.0616 14.6914 14.666 14.5868 19.0619 15.8633 14.5234 16.6745 15.0609 16.1754 13.0619 12.1094 11.2246 11.1777 11.0378
threshold=2.8333333333333335 408.50000000000006 2.5000000000000004 135.50000000000003 1.3307163456488713 5.5000000000000009 12.500000000000002 1.0000000180025095e-35 0.84523809523809534 1.7926456271808611 2.5000000000000004 500.50000000000006 3.5000000000000004 325.57142857142861 23.500000000000004 -90.499999999999986 0.29248426508700487 4.5214865433696501 10.500000000000002 59.500000000000007 -13.499999999999998 1.0000000180025095e-35 36.500000000000007 15.500000000000002 37.500000000000007 3.5000000000000004 9.5000000000000018 43.500000000000007 50.500000000000007 214.50000000000003
decision_type=8 10 2 2 8 2 10 2 10 10 10 8 8 10 2 2 10 10 2 2 10 2 2 2 2 10 10 10 10 2
left_child=2 3 9 4 12 6 7 10 17 -1 -6 14 13 25 15 -5 -16 -8 20 -20 -4 22 23 -10 -25 -2 -9 -19 -28 -13
right_child=1 -3 18 11 5 -7 8 26 21 -11 -12 29 -14 -15 16 -17 -18 27 19 -21 -22 -23 -24 24 -26 -27 28 -29 -30 -31
leaf_value=-0.096576283281512423 0.0043195857738165169 5.6875104505395582 0.029298872263931866 -0.2622884084589292 -0.10350099974898264 0.018233665469137818 0.14000434288850494 0.033498407149795829 -0.054384282784143277 -0.073857916654282096 -0.074580190297071053 0.26253685599110155 -0.048995107639675975 -0.14036330022416621 0.5667941733771954 0.085929461093449497 -0.53763698576045194 -0.096068000073658011 -0.070831592477338071 0.6402431926810187 -0.100597925556297 9.4055063975115874e-05 0.0033422629557366967 -0.17109192084655916 0.12493503910544795 0.0036085869277336833 -0.048986159829377464 0.18786764831730812 0.12271433753344645 5.8524676303177632
leaf_weight=737 114 301 28 33 146 493 62 72 119 43 191 36 157 34 383 163 32 108 265 47 80 207 97 166 21 642 47 190 22 61
leaf_count=737 114 301 28 33 146 493 62 72 119 43 191 36 157 34 383 163 32 108 265 47 80 207 97 166 21 642 47 190 22 61
internal_value=-0.00301529 0.0015592 -0.0178207 -8.1644e-05 -0.00192672 -0.00371223 -0.00565313 -0.0111677 -0.00288615 -0.0229223 -0.0151579 0.00739691 0.00172689 0.00346415 0.00549351 -0.00146269 0.00877143 0.00244932 -0.00817412 -0.00471293 -0.017469 -0.00603902 -0.00932353 -0.0127138 -0.0179375 0.00440736 -0.00139726 -0.000376238 -0.0100541 0.0184706
internal_weight=5097 3897 1200 3596 2888 1941 1448 478 970 780 337 708 947 790 611 196 415 360 420 312 108 610 403 306 187 756 141 298 69 97
internal_count=5097 3897 1200 3596 2888 1941 1448 478 970 780 337 708 947 790 611 196 415 360 420 312 108 610 403 306 187 756 141 298 69 97
is_linear=0
shrinkage=0.03


Tree=72
num_leaves=31
num_cat=0
split_feature=132 128 120 117 125 124 133 128 138 122 126 145 117 144 131 118 128 144 131 126 122 129 126 125 126 128 126 128 120 118
split_gain=379.657 132.159 64.0403 52.2776 23.7562 21.4326 33.1074 25.135 27.2607 22.5293 19.6111 19.1892 28.595 18.6656 19.5308 18.0161 17.9522 17.8493 34.0659 17.199 15.3175 12.8808 12.5207 11.7179 11.0907 10.5679 10.3852 9.69854 18.1521 16.1279
threshold=2.8333333333333335 408.50000000000006 0.83333333333333337 209.50000000000003 -43.499999999999993 5.5000000000000009 5.2173941556879457 74.500000000000014 0.84523809523809534 7.5000000000000009 -4.4999999999999991 10.500000000000002 12.500000000000002 39.500000000000007 500.50000000000006 28.500000000000004 3.5000000000000004 10.500000000000002 27.500000000000004 -13.499999999999998 135.50000000000003 339.50000000000006 -25.499999999999996 30.500000000000004 11.500000000000002 3.5000000000000004 6.5000000000000009 24.500000000000004 20.833333333333339 1.0000000180025095e-35
decision_type=8 10 2 2 8 2 8 10 10 2 8 2 2 2 8 2 10 2 8 10 2 8 8 10 10 10 10 10 2 2
left_child=2 3 25 4 15 6 17 9 -9 16 -11 19 -13 14 -10 -2 -8 18 -6 -4 -7 -20 -3 24 -5 -1 -12 28 29 -19
right_child=1 22 11 23 5 20 7 8 13 10 26 12 -14 -15 -16 -17 -18 27 21 -21 -22 -23 -24 -25 -26 -27 -28 -29 -30 -31
leaf_value=-0.093678994783067057 -0.069659621857303566 2.4695063264333683 0.028419906096013893 1.5670642462777202 0.0037253361235782731 0.0093189233447212409 -0.10224157651078393 0.48418967861939988 -0.16275373626565998 -0.099310795851093051 0.12118698793228461 -0.080190764120314326 0.11702893054036216 0.50352676511339722 0.27489255901637044 0.46832241403181091 -0.11181369699785244 -0.069402861468508104 0.0018496645346269957 -0.10608813743846048 0.41011164597992661 -0.14218061994731926 5.6372201746613122 0.051750335827639445 0.66575193450294357 -0.082623549508124561 -0.12255579792301521 0.015602853382229895 -0.15350838787395285 0.0019657907337312431
leaf_weight=709 80 48 28 119 95 779 132 145 162 51 101 231 112 47 52 186 423 201 271 98 39 27 253 55 52 22 20 329 35 195
leaf_count=709 80 48 28 119 95 779 132 145 162 51 101 231 112 47 52 186 423 201 271 98 39 27 253 55 52 22 20 329 35 195
internal_value=-0.00300353 0.00154382 -0.0177212 -6.49819e-05 -0.00101156 -0.00175426 -0.00324487 -0.00687522 -0.000861314 -0.0101967 -0.000644068 -0.00891139 -0.00506897 -0.00663158 -0.0103836 0.00750554 -0.0131143 0.000331606 0.00548744 -0.0187328 0.00239854 0.000376238 0.0204706 0.0137403 0.0175227 -0.0232663 0.00590476 -0.0023451 -0.0052844 -0.00327681
internal_weight=5097 3897 1200 3596 3370 3104 2286 1133 406 727 172 469 343 261 214 266 555 1153 393 126 818 298 301 226 171 731 121 760 431 396
internal_count=5097 3897 1200 3596 3370 3104 2286 1133 406 727 172 469 343 261 214 266 555 1153 393 126 818 298 301 226 171 731 121 760 431 396
is_linear=0
shrinkage=0.03


Tree=73
num_leaves=31
num_cat=0
split_feature=132 128 123 121 135 145 142 120 139 118 135 133 145 121 126 145 124 132 130 131 137 119 131 131 145 132 125 126 145 131
split_gain=382.23 125.066 63.9637 50.0476 19.9346 27.089 93.5888 27.5569 22.2005 20.7163 18.8285 16.1321 14.5868 19.0619 15.8633 12.473 16.7549 13.998 12.711 11.1155 10.1093 11.3361 23.9692 19.9007 23.3824 10.1941 10.0606 10.0144 9.93335 15.2064
threshold=2.8333333333333335 487.50000000000006 2.5000000000000004 135.50000000000003 325.57142857142861 15.500000000000002 9.5000000000000018 0.50000000000000011 0.87837969732492682 6.5000000000000009 407.28571428571433 1.7926456271808611 10.500000000000002 59.500000000000007 -13.499999999999998 23.500000000000004 5.5000000000000009 147.50000000000003 151.50000000000003 487.50000000000006 4.5000000000000009 1.5000000000000002 46.500000000000007 30.500000000000004 10.500000000000002 9.8333333333333339 -6.4999999999999991 -1.0000000180025095e-35 29.500000000000004 6.5000000000000009
decision_type=8 10 2 2 8 2 2 2 2 2 8 10 2 2 10 2 2 10 10 8 2 2 10 10 2 10 10 8 2 8
left_child=2 3 11 4 5 20 -7 8 -8 -6 15 -1 14 26 -4 16 19 -17 -19 -5 -2 23 -23 24 -22 -26 -14 -28 -9 -30
right_child=1 -3 12 10 9 6 7 28 -10 -11 -12 -13 13 -15 -16 17 -18 18 -20 -21 21 22 -24 -25 25 -27 27 -29 29 -31
leaf_value=-0.090868624939575038 -0.033654056195131225 6.2560149123573661 0.027567308913133453 -0.13446475945846856 -0.099174329215460405 -0.13760188484779148 -0.10599008664052298 0.017446406167428288 0.017157443203621333 0.028179516737494827 1.983065032993113 -0.068831809311161618 0.025282527042725142 0.61752502898437711 -0.094397343666454275 0.6794669616412311 0.30295917252126014 -0.31922401231221498 0.43830593005972301 0.17856307941735286 0.0059817633873424465 -0.062541080814164041 0.15983992777387132 0.00084574604263003999 -0.030678197431020991 0.11476863454134473 0.007838446576217661 -0.09503251725746556 -0.081324565633189641 0.0016442819858695401
leaf_weight=737 215 247 28 87 107 123 128 639 91 44 73 43 27 47 80 170 134 36 215 34 207 47 24 268 53 61 58 180 207 687
leaf_count=737 215 247 28 87 107 123 128 639 91 44 73 43 27 47 80 170 134 36 215 34 207 47 24 268 53 61 58 180 207 687
internal_value=-0.00300353 0.0015592 -0.017771 0.000146101 -0.00163937 -0.00104319 -0.0030766 -0.0012601 -0.0110893 -0.0120769 0.00703448 -0.0228459 -0.00817412 -0.00471293 -0.017469 0.00536564 9.23077e-05 0.00850704 0.00384375 -0.00780952 0.0033 0.00513383 -0.00584211 0.00650505 0.0114847 0.000453782 -0.00786667 -0.00985185 0.000171651 -0.00186207
internal_weight=5097 3897 1200 3650 2901 2750 1875 1752 219 151 749 780 420 312 108 676 255 421 251 121 875 660 71 589 321 114 265 238 1533 894
internal_count=5097 3897 1200 3650 2901 2750 1875 1752 219 151 749 780 420 312 108 676 255 421 251 121 875 660 71 589 321 114 265 238 1533 894
is_linear=0
shrinkage=0.03


Tree=74
num_leaves=31
num_cat=0
split_feature=135 121 123 128 117 128 127 145 120 136 133 117 131 146 143 135 143 144 135 123 131 128 118 136 127 127 138 117 123 144
split_gain=317.638 128.799 58.3187 50.6532 100.618 36.6711 17.0445 16.6018 23.4127 15.4292 17.2235 17.9459 19.0484 32.2701 21.9477 18.791 20.807 18.0591 14.6527 12.3526 11.5226 10.8847 10.5341 10.2712 10.0822 9.93738 9.66851 10.3063 8.8952 8.81447
threshold=1.9285714285714288 397.00000000000006 2.5000000000000004 3.5000000000000004 1.0000000180025095e-35 543.00000000000011 0.89898989898989912 10.500000000000002 31.833333333333339 61.842953187823412 4.1497721826524154 2.5000000000000004 82.500000000000014 22.500000000000004 40.500000000000007 75.928571428571445 41.500000000000007 36.500000000000007 325.57142857142861 8.5000000000000018 127.50000000000001 121.50000000000001 1.5000000000000002 5.0345678114974257 -0.99004950495049493 0.017391450463772013 0.84523809523809534 10.500000000000002 11.500000000000002 10.500000000000002
decision_type=8 2 2 10 2 10 10 2 2 10 10 2 8 2 2 10 2 2 10 2 10 10 2 8 10 10 10 2 2 2
left_child=2 3 -1 4 23 9 -6 22 -9 10 18 12 13 -12 -15 -14 20 -16 24 -13 -17 -11 -4 -2 -5 -23 27 -26 -19 -28
right_child=1 -3 7 5 6 -7 -8 8 -10 21 11 19 15 14 17 16 -18 28 -20 -21 -22 25 -24 -25 26 -27 29 -29 -30 -31
leaf_value=-0.088142566191387786 -0.058142566191387787 5.7515844045731699 -0.091407938334228805 0.58854510398776327 0.057018122779591632 6.5073206792319089 -0.11182816703414045 -0.068920996460122161 1.1115877941357422 -0.1114640087320484 -0.14552471694862967 0.055842575941401122 0.028364601085082434 0.0795790376017841 -0.22742210693244097 -0.056442038140116321 0.80613767638768152 -0.12599430720060803 -0.13323266127701516 -0.0042872689165582758 -0.52097848350497611 0.58812742925084727 -0.093890916665160265 -0.089742472633926137 0.012436988721822537 -0.088405960381778073 0.0031080843843281692 -0.01074299008993119 0.022392780035294289 -0.0025388302281557171
leaf_weight=616 123 238 51 30 342 58 43 208 33 53 103 77 132 137 70 97 27 44 55 541 51 241 56 197 151 57 381 24 64 797
leaf_count=616 123 238 51 30 342 58 43 208 33 53 103 77 132 137 70 97 27 44 55 541 51 241 56 197 151 57 381 24 64 797
internal_value=-0.00286241 0.000759787 -0.018322 -0.00056 -0.00780845 0.00104977 0.00252308 -0.00831161 -0.0037561 0.000591011 -0.000159368 -0.00259941 -0.0057863 -0.00991489 -0.00495 -7.69231e-05 -0.00646667 -0.0117705 0.00211642 0.00114607 -0.0109412 0.00647191 -0.0178929 -0.0201046 0.00274063 0.00869307 0.00231517 0.0088 -0.00366372 0.00131361
internal_weight=5097 4133 964 3895 705 3190 385 348 241 3132 2781 1343 725 418 315 307 175 178 1438 618 148 351 107 320 1383 298 1353 175 108 1178
internal_count=5097 4133 964 3895 705 3190 385 348 241 3132 2781 1343 725 418 315 307 175 178 1438 618 148 351 107 320 1383 298 1353 175 108 1178
is_linear=0
shrinkage=0.03


Tree=75
num_leaves=31
num_cat=0
split_feature=132 128 117 123 127 142 144 146 144 130 121 139 145 117 126 133 127 121 139 138 146 129 133 144 119 139 135 136 119 126
split_gain=358.518 113.592 60.5139 58.594 18.203 19.3265 19.144 38.6495 79.3365 35.7845 32.4646 17.0135 15.0515 25.5877 15.8633 14.7737 13.8257 12.2793 12.2278 10.541 16.1692 14.2816 14.206 11.1426 21.1676 19.9952 14.54 12.5362 12.1729 12.1904
threshold=2.8333333333333335 509.00000000000006 225.50000000000003 2.5000000000000004 -0.99004950495049493 9.5000000000000018 11.500000000000002 17.500000000000004 15.500000000000002 20.500000000000004 1.0000000180025095e-35 0.87837969732492682 10.500000000000002 12.500000000000002 -13.499999999999998 1.7926456271808611 0.98461538461538478 397.00000000000006 0.6078576107927941 0.84523809523809534 38.500000000000007 119.50000000000001 14.64771060913206 32.500000000000007 4.5000000000000009 1.0000000180025095e-35 5.0714285714285721 6.2036816940065282 99.500000000000014 1.0000000180025095e-35
decision_type=8 10 2 2 8 2 2 2 2 8 2 2 2 2 10 10 10 2 2 10 2 8 10 2 2 2 10 10 2 10
left_child=3 2 4 15 5 -2 9 8 -8 -6 11 -9 14 -14 -5 -1 19 -4 -18 20 21 -12 -22 24 -21 -26 -25 -28 29 -29
right_child=1 -3 17 12 6 -7 7 10 -10 -11 16 -13 13 -15 -16 -17 18 -19 -20 23 22 -23 -24 26 25 -27 27 28 -30 -31
leaf_value=-0.085498289205646144 -0.5153980200911672 6.0444380075073765 0.75280186813457928 0.029482527795766295 0.0035256755536197293 0.65036808063540918 -0.0025658907018626565 -0.10295885641871229 -0.13046324554058891 -0.0020186181849601325 0.021277634549590745 -0.011314388469510392 -0.087671489870981223 0.12181125392046817 -0.088823185206433786 -0.064074580852808996 -0.21133180320428585 5.51629752356666 0.016987176108292257 0.016999178889250118 0.033769209639622481 0.60949631814065952 -0.57230149183676171 -0.11754147236946404 -0.014219220960993154 -0.26592579982709325 0.038594629389860198 0.027666780848466528 0.19434066838875175 -0.050213509145645499
leaf_weight=737 21 221 161 28 179 87 271 104 161 651 493 82 209 103 80 43 70 55 32 99 58 88 34 27 307 121 123 181 132 139
leaf_count=737 21 221 161 28 179 87 271 104 161 651 493 82 209 103 80 43 70 55 32 99 58 88 34 27 307 121 123 181 132 139
internal_value=-0.00292121 0.00149769 0.000226569 -0.0172232 -0.000742857 0.0110973 -0.00114209 -0.00244321 -0.0105584 0.00279521 -0.000741766 -0.012534 -0.00803294 -0.00452366 -0.017469 -0.0220815 0.000436878 0.015448 -0.0100374 0.00105921 0.0040177 0.00587713 -0.00736082 -0.000708995 -0.0038797 -0.00677598 0.0020659 0.00314483 0.000774617 -0.00238154
internal_weight=5097 3897 3676 1200 3460 108 3352 2522 432 830 2090 186 420 312 108 780 1904 216 102 1802 673 581 92 1129 527 428 602 575 452 320
internal_count=5097 3897 3676 1200 3460 108 3352 2522 432 830 2090 186 420 312 108 780 1904 216 102 1802 673 581 92 1129 527 428 602 575 452 320
is_linear=0
shrinkage=0.03


Tree=76
num_leaves=31
num_cat=0
split_feature=132 121 121 129 119 133 117 136 131 133 135 132 125 119 140 127 143 143 139 125 117 144 131 145 136 117 144 131 144 117
split_gain=358.657 112.404 55.2725 36.4533 26.0388 20.55 29.5764 33.0634 18.1416 16.468 14.2986 13.7758 13.7692 13.2379 11.7262 11.3487 11.1328 11.0361 11.7945 10.888 10.5879 17.3227 10.1644 12.2276 9.97641 9.28495 21.7596 9.10599 9.31779 9.05585
threshold=2.8333333333333335 397.00000000000006 1.5000000000000002 500.50000000000006 135.50000000000003 1.3307163456488713 3.5000000000000004 19.597479992330534 324.50000000000006 5.1422346211470673 9.309523809523812 1.1666666666666667 -1.4999999999999998 45.500000000000007 1.0000000180025095e-35 0.77922077922077937 41.500000000000007 41.500000000000007 1.0000000180025095e-35 -30.499999999999996 374.50000000000006 19.500000000000004 3.5000000000000004 27.500000000000004 3.2324819770558366 2.5000000000000004 10.500000000000002 5.5000000000000009 26.500000000000004 6.5000000000000009
decision_type=8 2 2 10 2 8 2 10 10 8 10 10 10 2 2 10 2 2 2 10 2 2 8 2 10 2 2 10 2 2
left_child=2 3 11 4 5 8 7 9 22 24 -11 -1 13 -4 17 -8 -17 18 -6 -16 21 -3 23 -2 -7 -14 -27 28 -26 -19
right_child=1 20 12 -5 14 6 15 -9 -10 10 -12 -13 25 -15 19 16 -18 29 -20 -21 -22 -23 -24 -25 27 26 -28 -29 -30 -31
leaf_value=-0.082933340529476776 0.0029090715861897288 -0.78964493825888604 0.028849322327258058 5.7407960396571776 0.15102659612029953 -0.091008618689825974 0.016838078098221593 0.0023942845543569466 -0.13164912327798048 -0.093446266614430021 -0.077613672744535608 -0.027379340529476763 -0.086001004628008929 -0.13056647857254691 1.3856981154411463 0.0018671678074238505 -0.2424883576750663 1.5242863685184769 -0.1328394208057351 0.20157534530078677 5.7986128678193056 5.298899401781604 0.0015963169684543742 -0.0044538559664355406 0.046252151416839943 -0.074585042102640137 -0.0067964794671257333 -0.080001233681109896 -0.031867252380437965 0.083715062259374237
leaf_weight=546 65 26 73 58 113 97 898 418 41 143 280 154 190 40 54 50 34 43 112 98 148 64 869 35 71 55 142 80 35 65
leaf_count=546 65 26 73 58 113 97 898 418 41 143 280 154 190 40 54 50 34 43 112 98 148 64 869 35 71 55 142 80 35 65
internal_value=-0.00296825 0.00145156 -0.017273 0.000137555 -0.00025624 -0.0012669 -0.0029531 -0.00626572 0.00224039 -0.0102025 -0.0139346 -0.0227149 -0.00949307 -0.00020339 0.00617143 0.000844985 -0.00937079 0.00291124 -0.000886957 0.0129554 0.0212099 0.0119368 0.00310472 0.0119429 -0.00445833 -0.0121531 -0.00724752 -0.000282723 0.00535135 0.0105664
internal_weight=5097 3897 1200 3659 3601 3116 2106 1124 1010 706 423 700 500 113 485 982 84 333 225 152 238 90 969 100 283 387 197 186 106 108
internal_count=5097 3897 1200 3659 3601 3116 2106 1124 1010 706 423 700 500 113 485 982 84 333 225 152 238 90 969 100 283 387 197 186 106 108
is_linear=0
shrinkage=0.03


Tree=77
num_leaves=31
num_cat=0
split_feature=132 128 120 117 133 136 117 128 136 131 146 131 126 120 131 145 145 127 124 135 131 125 130 126 127 128 139 121 133 125
split_gain=357.34 113.931 62.6157 58.6285 18.5243 30.8917 26.9848 32.8542 23.1967 22.3533 44.3182 15.8011 15.6086 17.2147 15.8904 15.3079 19.6758 15.0932 14.6558 16.0205 13.7482 12.9953 12.7957 13.019 12.6243 11.8306 11.5027 10.7343 10.7223 10.4314
threshold=2.8333333333333335 509.00000000000006 0.50000000000000011 225.50000000000003 1.3307163456488713 26.262893718163316 3.5000000000000004 3.5000000000000004 12.813321943567566 145.50000000000003 22.500000000000004 324.50000000000006 3.5000000000000004 60.166666666666679 3.5000000000000004 26.500000000000004 36.500000000000007 0.19279907084785136 2.5000000000000004 0.58571428571428574 87.500000000000014 -106.49999999999999 38.500000000000007 -6.4999999999999991 -0.50095419847328226 40.500000000000007 -0.60785761079279388 397.00000000000006 21.382640181899912 -1.4999999999999998
decision_type=8 10 2 2 8 10 2 10 10 8 2 10 8 2 10 2 2 10 2 10 10 10 10 10 10 10 2 2 10 10
left_child=2 3 -1 4 11 6 7 -6 -8 10 -9 12 14 -14 -2 -12 29 20 24 -20 25 -7 -23 -24 -4 -10 -11 -5 -27 -17
right_child=1 -3 18 27 5 21 8 9 17 26 15 -13 13 -15 -16 16 -18 -19 19 -21 -22 22 23 -25 -26 28 -28 -29 -30 -31
leaf_value=-0.080445340313592476 0.0036125002695502669 5.6908809860924388 0.023961206526456207 0.73016992258148883 -0.085012140936413197 0.63078520967971641 0.019611873508201174 -0.13180753857505287 -0.054743488695769782 0.019773672434671319 0.046955486594242646 -0.12769964957964192 -0.075816768019977179 0.48270074936314655 0.0032263140198804494 0.0098273229010931197 0.0069233370373873093 -0.15463523623321238 -0.063616422924025348 0.090352286606782767 -0.19926751669833692 0.19758118243128137 -0.14283033287921099 0.019508545917419014 -0.082816339799722236 0.22959369882843347 -0.015091723056442735 5.176850211825081 -0.026896640572366265 -0.1977622872838857
leaf_weight=676 127 221 37 161 157 75 410 116 68 73 113 43 150 36 686 30 122 55 104 60 63 209 128 471 323 62 142 55 23 101
leaf_count=676 127 221 37 161 157 75 410 116 68 73 113 43 150 36 686 30 122 55 104 60 63 209 128 471 323 62 142 55 23 101
internal_value=-0.00294473 0.00146694 -0.0172232 0.000193969 -0.000760173 -0.0022014 -0.00476883 -0.00830501 -0.000297376 -0.0054188 -0.00898152 0.00257307 0.00337052 -0.00436649 0.00516381 -0.0037035 -0.00776744 -0.00704348 -0.00928922 -0.00173964 -0.00323077 0.00225676 0.00109963 -0.00113245 -0.0126411 0.00167089 0.00256364 0.0151765 0.00893333 -0.0156176
internal_weight=5097 3897 1200 3676 3460 2418 1535 854 681 697 482 1042 999 186 813 366 253 271 524 164 216 883 808 599 360 153 215 216 85 131
internal_count=5097 3897 1200 3676 3460 2418 1535 854 681 697 482 1042 999 186 813 366 253 271 524 164 216 883 808 599 360 153 215 216 85 131
is_linear=0
shrinkage=0.03


Tree=78
num_leaves=31
num_cat=0
split_feature=132 128 120 117 133 136 117 128 131 146 136 131 127 144 117 126 144 144 126 118 131 125 131 138 125 124 121 118 139 144
split_gain=356.752 111.191 60.7676 52.4272 19.2275 28.7157 24.5596 30.414 21.4133 37.585 21.1509 16.0144 15.1111 14.7335 30.3389 18.3898 14.1322 19.6758 13.6133 17.6823 15.8904 12.4174 12.1079 11.7933 13.3493 20.5606 13.3331 11.6268 11.5027 11.5016
threshold=2.8333333333333335 509.00000000000006 0.50000000000000011 225.50000000000003 1.3307163456488713 26.262893718163316 3.5000000000000004 3.5000000000000004 145.50000000000003 22.500000000000004 12.813321943567566 324.50000000000006 0.21937500000000001 10.500000000000002 12.500000000000002 -13.499999999999998 26.500000000000004 36.500000000000007 3.5000000000000004 52.500000000000007 3.5000000000000004 30.500000000000004 82.500000000000014 0.84523809523809534 -8.4999999999999982 -1.4999999999999998 114.50000000000001 2.5000000000000004 -0.60785761079279388 38.500000000000007
decision_type=8 10 2 2 8 10 2 10 8 2 10 10 10 2 2 10 2 2 8 2 10 10 8 10 10 2 2 2 2 2
left_child=2 3 -1 4 11 6 7 -6 9 -9 -8 18 22 15 -15 -4 -11 27 20 -20 -2 -5 -12 29 26 -26 -25 -18 -10 -7
right_child=1 -3 13 21 5 23 10 8 28 16 12 -13 -14 14 -16 -17 17 -19 19 -21 -22 -23 -24 24 25 -27 -28 -29 -30 -31
leaf_value=-0.078031980104184689 0.0035041252614637485 5.5201545565096648 0.031188887976805899 1.3987671770885344 -0.082461776708320805 0.25422048072189674 0.019023517302955116 -0.12785331241780126 0.019180462261631177 0.045546821996415368 0.021996796322477506 -0.12386866009225229 -0.19119847094085918 -0.062110834798454528 0.10559445899056051 -0.085310799466871048 -0.14033126792111905 0.0067156369262657018 -0.074497937851634194 0.30925650311495523 0.003129524599284048 0.058987000320353498 -0.18978453629460268 -0.054573010941953014 -0.22259616855613834 0.019177226213772085 0.55005146734504629 -0.13603402216306415 -0.014638971364749453 -0.28705446374079141
leaf_weight=676 127 221 29 166 157 406 410 116 73 113 154 43 51 283 112 100 47 122 132 54 686 50 66 42 148 175 62 84 142 50
leaf_count=676 127 221 29 166 157 406 410 116 73 113 154 43 51 283 112 100 47 122 132 54 686 50 66 42 148 175 62 84 142 50
internal_value=-0.00295649 0.00145156 -0.0172232 0.000193969 -0.000708225 -0.00217664 -0.00465195 -0.00802561 -0.00524786 -0.00873511 -0.00038484 0.00268768 -0.00682609 -0.00940265 -0.00636 -0.0180896 -0.00386523 -0.00776744 0.00349004 -0.00373822 0.00516381 0.014362 -0.00317333 0.00212162 -0.00144444 -0.00446341 0.00765138 -0.0156176 0.00256364 0.00545336
internal_weight=5097 3897 1200 3676 3460 2418 1535 854 697 482 681 1042 271 524 395 129 366 253 999 186 813 216 220 883 427 323 104 131 215 456
internal_count=5097 3897 1200 3676 3460 2418 1535 854 697 482 681 1042 271 524 395 129 366 253 999 186 813 216 220 883 427 323 104 131 215 456
is_linear=0
shrinkage=0.03


Tree=79
num_leaves=31
num_cat=0
split_feature=132 128 123 117 133 136 117 128 139 144 136 133 127 145 117 126 126 131 123 131 131 142 144 130 125 126 138 131 124 131
split_gain=352.066 112.537 56.7354 47.4836 17.6461 29.0466 22.0216 31.1589 20.8555 28.2351 19.4756 17.2295 15.1111 14.5868 25.4097 15.8633 13.1808 14.9894 12.55 12.1079 12.0876 22.4937 18.9605 11.6747 12.6952 11.352 13.0492 14.9572 11.6914 11.057
threshold=2.8333333333333335 509.00000000000006 2.5000000000000004 225.50000000000003 1.3307163456488713 26.262893718163316 3.5000000000000004 3.5000000000000004 -0.60785761079279388 36.500000000000007 12.813321943567566 1.7926456271808611 0.21937500000000001 10.500000000000002 39.500000000000007 -13.499999999999998 3.5000000000000004 3.5000000000000004 12.500000000000002 82.500000000000014 384.50000000000006 9.5000000000000018 29.500000000000004 38.500000000000007 -106.49999999999999 -6.4999999999999991 0.92857142857142871 51.500000000000007 -15.499999999999998 1.5000000000000002
decision_type=8 10 2 2 8 10 2 10 2 2 10 10 10 2 2 10 8 10 2 8 8 2 2 10 10 10 10 8 2 10
left_child=2 3 11 4 16 6 7 -6 29 20 -8 -1 19 15 -15 -4 17 -2 -18 -12 21 -10 -23 -7 -25 -26 27 28 -27 -9
right_child=1 -3 13 -5 5 23 10 8 9 -11 12 -13 -14 14 -16 -17 18 -19 -20 -21 -22 22 -24 24 25 26 -28 -29 -30 -31
leaf_value=-0.075691020701059153 0.0033990015036198338 5.3545499198143744 0.027947383163978459 0.98223604816814991 -0.079987923407071185 0.22073225512158962 0.018452811783866468 0.018068613393074383 -0.12673391872523224 0.026022108388002771 0.021336892432803331 -0.056576643598807104 -0.18546251681263345 -0.06369607020373845 0.96338965932622123 -0.078534645333402694 -0.11990750034810072 0.0016741684258060907 -0.00032573952519214798 -0.1840910002057646 -0.046655580730356971 0.0038316170200600828 -0.19034975501637141 0.58672504620104138 -0.14264638849686959 -0.21867964435546117 -0.058440077639252817 0.39160872380142248 0.057377611539034985 -0.15426724050382076
leaf_weight=737 127 221 28 216 157 232 410 138 95 129 154 43 51 269 43 80 37 727 151 66 115 100 100 52 128 40 187 185 59 20
leaf_count=737 127 221 28 216 157 232 410 138 95 129 154 43 51 269 43 80 37 727 151 66 115 100 100 52 128 40 187 185 59 20
internal_value=-0.00305057 0.00132855 -0.0172232 6.35697e-05 -0.000794805 -0.0022014 -0.00469091 -0.00788591 -0.00507692 -0.007875 -0.00064723 -0.0220051 -0.00682609 -0.00817412 -0.00471293 -0.017469 0.00245845 0.00404424 -0.00463212 -0.00317333 -0.0116964 -0.01488 -0.00875122 0.00212162 3.65854e-05 -0.00123179 0.000932773 0.00496194 -0.00426923 0.00438037
internal_weight=5097 3897 1200 3676 3460 2418 1535 854 697 539 681 780 271 420 312 108 1042 854 188 220 410 295 200 883 651 599 471 284 99 158
internal_count=5097 3897 1200 3676 3460 2418 1535 854 697 539 681 780 271 420 312 108 1042 854 188 220 410 295 200 883 651 599 471 284 99 158
is_linear=0
shrinkage=0.03


Tree=80
num_leaves=31
num_cat=0
split_feature=132 128 120 117 133 136 117 128 131 146 143 144 136 125 119 127 131 126 120 140 131 138 125 124 121 121 128 144 133 133
split_gain=344.236 113.838 62.5672 44.5468 17.3314 25.9083 22.5422 31.6174 20.5423 39.5492 16.4169 25.8408 16.2887 15.5099 12.9922 12.9717 12.8747 12.7182 14.7375 12.1197 12.0051 11.6082 12.5509 17.7425 14.3628 11.3571 11.0976 10.9247 12.5493 9.76219
threshold=2.5000000000000004 509.00000000000006 0.50000000000000011 225.50000000000003 1.3307163456488713 26.262893718163316 3.5000000000000004 3.5000000000000004 145.50000000000003 22.500000000000004 40.500000000000007 36.500000000000007 12.813321943567566 -1.4999999999999998 45.500000000000007 0.29248426508700487 82.500000000000014 3.5000000000000004 60.166666666666679 1.0000000180025095e-35 3.5000000000000004 0.84523809523809534 -8.4999999999999982 -1.4999999999999998 136.50000000000003 397.00000000000006 39.500000000000007 38.500000000000007 14.321692300493835 2.0274023338281633
decision_type=8 10 2 2 8 10 2 10 8 2 2 2 10 10 2 10 8 8 2 2 10 10 10 2 2 2 10 2 10 10
left_child=2 3 -1 4 17 6 7 -6 9 -9 -11 -12 -8 14 -4 16 26 20 -19 -10 -2 27 24 -24 -23 -5 -14 -7 -29 -15
right_child=1 -3 13 25 5 21 12 8 19 10 11 -13 15 29 -16 -17 -18 18 -20 -21 -22 22 23 -25 -26 -27 -28 28 -30 -31
leaf_value=-0.073420290080027387 0.0030171643283863859 5.1939134222199437 0.031039213611712489 0.63683472814634456 -0.077725320228817937 0.23776920457333672 0.01756475747589599 -0.12176826163326072 -0.002766205758988196 0.023482949114008039 -0.18203790534998607 0.0057335045668376588 -0.051409991564286057 -0.070323945900480939 -0.11924963067737064 -0.18303868456912828 -0.18207322510237531 -0.067761845305478685 0.39928338864688995 0.026978544872500038 0.0016239433730319062 -0.047367563388597343 -0.21416508117027627 0.020355111756535961 0.65446495575958175 4.950114608712628 0.10824524290441409 0.30070075851306705 -0.58029634380728967 0.04013975159513207
leaf_weight=665 131 221 71 161 164 407 413 116 180 144 103 124 71 385 38 46 69 150 38 36 727 50 148 175 54 55 85 20 30 20
leaf_count=665 131 221 71 161 164 407 413 116 180 144 103 124 71 385 38 46 69 150 38 36 727 50 148 175 54 55 85 20 30 20
internal_value=-0.00307409 0.00120673 -0.01725 -5.51053e-05 -0.000884682 -0.00227213 -0.00460411 -0.00780275 -0.00494915 -0.00834146 -0.00341489 -0.00837931 -0.000513788 -0.00923699 0.000736842 -0.00617391 -0.00297391 0.00233492 -0.00463212 0.00268778 0.00388644 0.00181552 -0.00172222 -0.00464634 0.00710092 0.0130045 0.00182609 0.00511688 -0.00752727 -0.0119122
internal_weight=5097 3918 1179 3697 3481 2435 1551 867 703 487 371 227 684 514 109 271 225 1046 188 216 858 884 427 323 104 216 156 457 50 405
internal_count=5097 3918 1179 3697 3481 2435 1551 867 703 487 371 227 684 514 109 271 225 1046 188 216 858 884 427 323 104 216 156 457 50 405
is_linear=0
shrinkage=0.03


Tree=81
num_leaves=31
num_cat=0
split_feature=135 128 120 121 128 124 122 144 131 133 131 144 120 126 142 144 144 128 126 122 126 136 144 131 144 136 124 130 133 140
split_gain=305.524 122.919 58.2639 42.0523 52.8871 41.1336 29.293 23.5783 36.6468 20.1684 19.9139 17.9744 22.1039 17.3254 14.2985 55.7556 13.2699 15.4957 15.4314 21.4177 12.8282 12.0957 11.7602 13.73 13.5722 14.281 10.9733 10.7484 10.6797 10.6537
threshold=1.8452380952380956 509.00000000000006 0.83333333333333337 127.50000000000001 3.5000000000000004 1.0000000180025095e-35 1.0000000180025095e-35 10.500000000000002 27.500000000000004 180.95609197269218 4.5000000000000009 10.500000000000002 31.833333333333339 -13.499999999999998 9.5000000000000018 15.500000000000002 23.500000000000004 279.50000000000006 -2.4999999999999996 136.50000000000003 19.500000000000004 4.5548770399255138 29.500000000000004 6.5000000000000009 31.500000000000004 6.9296632334665924 30.500000000000004 24.500000000000004 9.5974097242003271 -0.22252093395631442
decision_type=8 10 2 2 10 2 2 2 8 8 10 2 2 10 2 2 2 10 8 2 10 8 2 8 2 10 2 8 10 2
left_child=2 3 -1 4 5 6 21 8 -6 16 -8 13 -13 -4 15 -9 18 20 -5 28 29 -2 -16 -24 -25 -26 -7 -10 -20 -18
right_child=1 -3 11 9 7 26 10 14 27 -11 -12 12 -14 -15 22 -17 17 -19 19 -21 -22 -23 23 24 25 -27 -28 -29 -30 -31
leaf_value=-0.07121768137762656 -0.042117681377626566 5.0380960195533451 0.027698232653390605 -0.1032889678424096 0.0029266493985347975 -0.0054675080418347651 0.087001306524057131 -0.0028471185827366697 0.017179897172278941 3.9806001686974426 -0.052731392988598726 -0.049875615797821557 1.2665976879234493 -0.08894614420755205 0.0073633173305828054 -0.11811521378426289 0.22470742519973555 -0.078153740234754993 0.53680923693006144 0.53743713186237441 -0.28207675329083526 -0.071966188762256147 -0.080085031370687843 -0.18177948222127485 0.026723755515286458 -0.0050153669374184634 0.33353141106587103 -0.0028603655145275297 -0.19176218632613312 0.61858480352211842
leaf_weight=558 133 221 28 88 95 148 42 299 101 60 62 228 31 92 613 102 168 92 53 52 56 208 209 90 140 404 40 406 97 181
leaf_count=558 133 221 28 88 95 148 42 299 101 60 62 228 31 92 613 102 168 92 53 52 56 208 209 90 140 404 40 406 97 181
internal_value=-0.00313289 0.000358703 -0.0185605 -0.000873225 -0.00249726 -0.0101944 -0.01512 -0.000496753 0.00463591 0.00502817 -0.00104587 -0.00928125 -0.00463636 -0.018672 -0.00217186 -0.00715271 0.00366667 0.00662151 -0.00140339 0.00315942 0.00913171 -0.0193179 -0.000776181 -0.00307075 -0.000835681 0.000972678 0.00152332 0.00133594 -0.00267097 0.0112542
internal_weight=5097 4160 937 3939 3092 633 445 2459 602 847 104 379 259 120 1857 401 787 497 290 202 405 341 1456 843 634 544 188 507 150 349
internal_count=5097 4160 937 3939 3092 633 445 2459 602 847 104 379 259 120 1857 401 787 497 290 202 405 341 1456 843 634 544 188 507 150 349
is_linear=0
shrinkage=0.03


Tree=82
num_leaves=31
num_cat=0
split_feature=132 128 120 121 128 118 144 131 136 132 144 124 126 142 144 120 140 131 125 144 143 131 126 124 135 122 126 130 135 121
split_gain=337.421 115.866 62.5672 33.6349 23.8148 29.5243 18.8579 36.0089 16.9217 15.9739 15.4404 19.8054 18.3898 14.8623 60.3205 13.2768 16.5615 16.6819 12.7945 12.669 12.58 11.9905 11.3446 11.2199 10.8067 10.6049 10.3702 10.4021 10.0402 9.57808
threshold=2.5000000000000004 509.00000000000006 0.50000000000000011 135.50000000000003 3.5000000000000004 16.500000000000004 10.500000000000002 27.500000000000004 207.1502068507867 147.50000000000003 10.500000000000002 34.500000000000007 -13.499999999999998 9.5000000000000018 15.500000000000002 2.1666666666666674 1.0000000180025095e-35 1.5000000000000002 -6.4999999999999991 33.500000000000007 42.500000000000007 18.500000000000004 -10.499999999999998 1.0000000180025095e-35 12.464285714285717 10.500000000000002 -6.4999999999999991 160.50000000000003 173.03571428571431 7.5000000000000009
decision_type=8 10 2 2 10 2 2 8 8 10 2 2 10 2 2 2 2 10 10 2 2 10 8 2 10 2 8 8 10 2
left_child=2 3 -1 4 5 23 7 -6 9 19 12 18 -4 14 -8 16 17 -15 -12 21 26 -5 -7 -2 -9 -20 -11 -28 -29 -17
right_child=1 -3 10 8 6 22 13 24 -10 20 11 -13 -14 15 -16 29 -18 -19 25 -21 -22 -23 -24 -25 -26 -27 27 28 -30 -31
leaf_value=-0.069081150936297755 -0.072640820050469665 4.8869531389667449 0.027652676454629235 1.0857264443687042 0.0028388499165787626 -0.11005481691219135 -0.0027410084449183358 0.017486761606197981 5.3734725706579782 -0.25353996365587561 0.045172180796763536 0.47556864682186833 -0.075617333419621846 -0.087510456052316485 -0.11391891136129265 0.045830946598007391 -0.096446335062270377 0.010867142482168938 -0.067377678864604981 0.79954692659549531 0.66577444952970388 0.0014630367436052438 0.061014134134012465 -0.0081301608729604097 -0.0011591410983623261 0.066883519664424004 -0.19263525363249415 0.33675875903371616 0.0019579366401671905 0.00061320058137539493
leaf_weight=665 170 221 29 49 97 26 306 43 42 107 47 21 100 53 107 23 89 136 284 92 62 149 141 66 467 33 35 50 179 1208
leaf_count=665 170 221 29 49 97 26 306 43 42 107 47 21 100 53 107 23 89 136 284 92 62 149 141 66 467 33 35 50 179 1208
internal_value=-0.00321521 0.0010232 -0.01725 -0.000249595 -0.00171399 -0.00844118 -0.000625099 0.00396078 0.00532987 0.00415385 -0.00923699 -0.00606154 -0.0180896 -0.00208303 -0.00709091 -0.000689564 -0.00655124 -0.00136082 -0.00778862 0.00953898 0.000465753 0.00499507 0.00118605 -0.0151618 0.000687379 -0.00995031 -0.00165957 0.00153903 0.00394872 0.000650485
internal_weight=5097 3918 1179 3697 2932 403 2529 607 765 723 514 385 129 1922 413 1509 278 189 364 290 433 198 167 236 510 317 371 264 229 1231
internal_count=5097 3918 1179 3697 2932 403 2529 607 765 723 514 385 129 1922 413 1509 278 189 364 290 433 198 167 236 510 317 371 264 229 1231
is_linear=0
shrinkage=0.03


Tree=83
num_leaves=31
num_cat=0
split_feature=132 128 120 117 108 136 133 117 128 139 144 133 131 142 143 144 117 128 125 130 131 127 133 119 130 143 136 143 136 135
split_gain=336.292 116.205 62.5672 37.2835 16.6717 16.7096 22.5793 27.5051 28.1514 22.3659 21.8677 18.1757 16.4414 24.1539 22.0517 15.4404 26.7462 15.0721 14.1598 14.1324 12.8295 11.6497 12.0107 11.1796 11.0818 9.94851 9.88088 13.9153 10.2108 9.62004
threshold=2.5000000000000004 509.00000000000006 0.50000000000000011 209.50000000000003 1.0000000180025095e-35 44.848224706490406 1.3307163456488713 2.5000000000000004 2.5000000000000004 -0.60785761079279388 36.500000000000007 13.682911746194675 384.50000000000006 9.5000000000000018 40.500000000000007 10.500000000000002 12.500000000000002 117.50000000000001 30.500000000000004 1.5000000000000002 393.50000000000006 -0.74662162162162149 1.7926456271808611 69.500000000000014 53.500000000000007 40.500000000000007 12.813321943567566 41.500000000000007 35.758543503291818 103.92857142857144
decision_type=8 10 2 2 2 10 8 2 10 2 2 10 8 2 2 2 2 10 10 8 10 10 10 2 8 2 10 2 10 10
left_child=2 3 -1 4 5 6 20 8 -8 25 12 17 13 -11 -15 19 21 -7 -5 -4 23 -17 -23 -2 29 -10 -9 -28 -29 -13
right_child=1 -3 15 18 -6 11 7 26 9 10 -12 24 -14 14 -16 16 -18 -19 -20 -21 -22 22 -24 -25 -26 -27 27 28 -30 -31
leaf_value=-0.067008716408208824 0.00031494017673015405 4.7403445447977424 -0.069131983267570973 0.97307382084206606 0.17047662534530658 -0.039115258209032291 -0.073804453242866219 0.015203045615544539 0.016962158758012026 -0.11382936024374861 0.0096762864198666771 0.40141249619737251 -0.021853272573190734 -0.00055149034716728274 -0.17941813526341627 0.030249140253392745 0.10231545856509872 0.62780030824746347 -0.041163704777443966 -0.067749247508007079 -0.12013095844506266 -0.067467185347378056 0.040735989893298769 0.32056716329691454 -0.094495696951209712 -0.10876072268807699 0.012947346892573606 -0.10435222804793991 0.29929573240468432 -0.031231270325602054
leaf_weight=665 874 221 85 200 45 39 147 415 187 120 162 75 142 129 107 29 110 107 57 44 21 217 29 79 277 23 258 155 27 51
leaf_count=665 874 221 85 200 45 39 147 415 187 120 162 75 142 129 107 29 110 107 57 44 21 217 29 79 277 23 258 155 27 51
internal_value=-0.00323873 0.000992608 -0.01725 -0.00028201 -0.00111292 -0.00136588 -0.00229183 -0.0042163 -0.00753816 -0.00541029 -0.00811128 0.00340072 -0.0112008 -0.0146094 -0.0086888 -0.00923699 -0.00606154 0.0122781 0.010626 -0.0180896 0.00140347 -0.0110143 -0.0131235 0.0019666 5.88235e-05 0.00304186 -0.000237209 -0.0033573 -0.00959358 0.00728244
internal_weight=5097 3918 1179 3697 3440 3395 2846 1872 1017 870 660 549 498 356 236 514 385 146 257 129 974 275 246 953 403 210 855 440 182 126
internal_count=5097 3918 1179 3697 3440 3395 2846 1872 1017 870 660 549 498 356 236 514 385 146 257 129 974 275 246 953 403 210 855 440 182 126
is_linear=0
shrinkage=0.03


Tree=84
num_leaves=31
num_cat=0
split_feature=132 128 120 120 128 117 117 125 144 117 126 108 127 144 142 119 130 144 124 128 120 144 126 130 144 132 117 138 118 124
split_gain=330.325 116.886 64.7213 33.7603 26.8533 44.163 18.8718 19.195 16.2974 25.6124 18.3898 13.9802 12.8074 12.7647 69.9053 12.3043 11.8415 13.5945 10.1095 9.96363 9.74712 22.4905 9.69492 19.8819 16.2106 9.3688 8.80262 10.68 9.30785 8.79295
threshold=2.5000000000000004 509.00000000000006 0.50000000000000011 85.166666666666671 3.5000000000000004 1.0000000180025095e-35 404.50000000000006 -30.499999999999996 10.500000000000002 2.5000000000000004 -13.499999999999998 1.0000000180025095e-35 -0.50095419847328226 15.500000000000002 9.5000000000000018 344.50000000000006 20.500000000000004 10.500000000000002 34.500000000000007 270.50000000000006 0.50000000000000011 26.500000000000004 -6.4999999999999991 81.500000000000014 40.500000000000007 1.1666666666666667 156.50000000000003 0.84523809523809534 150.50000000000003 -7.4999999999999991
decision_type=8 10 2 2 10 2 2 10 2 2 10 2 10 2 2 2 8 2 2 10 2 2 8 10 2 10 2 10 2 2
left_child=2 3 25 4 5 -2 7 19 10 12 -4 13 -10 16 -15 22 17 -6 -11 -5 21 -16 23 -9 -25 -1 27 -24 -29 -3
right_child=1 29 8 6 11 -7 -8 15 9 18 -12 -13 -14 14 20 -17 -18 -19 -20 -21 -22 -23 26 24 -26 -27 -28 28 -30 -31
leaf_value=-0.064998454915962567 -0.074334919915910666 3.8871676289619153 0.028855573586230605 1.1176858924630226 0.0027442362137795138 -0.00094671944792658282 7.6920107415837133 0.46691803389358483 0.019818851023180793 -0.0099718632824306354 -0.071274853919006065 0.16162290678644878 -0.065535199709912687 -0.10677523519780446 0.0068329482466152492 -0.24586364497629062 -0.00080490659566168077 -0.0070372727037280964 0.45823212366025917 -0.026319161524338597 0.00038276205350840087 -0.098152517169283429 0.34741629249687733 -0.26306238419400474 0.58666422080710867 -0.011984074915962551 0.35771109385462208 0.032338280458978942 -0.16270816658770257 5.3225573060896165
leaf_weight=531 159 85 29 102 146 219 37 27 29 172 100 40 163 118 97 59 658 100 21 26 1307 84 65 91 23 134 173 112 54 136
leaf_count=531 159 85 29 102 146 219 37 27 29 172 100 40 163 118 97 59 658 100 21 26 1307 84 65 91 23 134 173 112 54 136
internal_value=-0.00326225 0.00093143 -0.0171486 -0.00034684 -0.00181862 -0.00922715 0.00522481 0.00406242 -0.00900578 -0.00575385 -0.0180896 -0.000702153 -0.0133706 -0.000999602 -0.00260335 0.00176355 0.00184158 0.00738645 0.00193939 0.014391 -0.000799732 -0.00722581 0.00320727 -0.00345205 -0.00902521 -0.0233194 0.0055599 0.00162712 -0.00242105 0.0218761
internal_weight=5097 3918 1179 3697 2928 378 769 732 514 385 129 2550 192 2510 1606 604 904 246 193 128 1488 181 545 141 114 665 404 231 166 221
internal_count=5097 3918 1179 3697 2928 378 769 732 514 385 129 2550 192 2510 1606 604 904 246 193 128 1488 181 545 141 114 665 404 231 166 221
is_linear=0
shrinkage=0.03


Tree=85
num_leaves=31
num_cat=0
split_feature=132 128 120 117 108 144 117 126 136 133 117 128 131 142 133 125 128 130 135 127 131 128 126 124 131 132 128 144 136 130
split_gain=324.757 109.811 64.7213 33.3116 16.7937 16.2974 25.6124 18.3898 15.4926 20.6114 29.0714 29.421 22.329 43.6728 17.7223 15.9625 13.8327 12.8393 13.1526 12.8074 12.548 11.8448 10.3625 10.1095 9.64815 9.3688 9.34215 9.00256 8.93411 11.9898
threshold=2.5000000000000004 509.00000000000006 0.50000000000000011 225.50000000000003 1.0000000180025095e-35 10.500000000000002 2.5000000000000004 -13.499999999999998 44.848224706490406 1.3307163456488713 3.5000000000000004 2.5000000000000004 146.50000000000003 9.5000000000000018 13.682911746194675 -43.499999999999993 117.50000000000001 19.500000000000004 103.92857142857144 -0.50095419847328226 393.50000000000006 164.50000000000003 -7.4999999999999991 34.500000000000007 131.50000000000003 1.1666666666666667 246.50000000000003 4.5000000000000009 12.336607670223041 130.50000000000003
decision_type=8 10 2 2 2 2 2 10 10 8 2 10 8 2 10 10 10 8 10 10 10 10 10 2 10 10 10 2 10 8
left_child=2 3 25 4 8 7 19 -4 9 20 11 -11 13 -13 16 -15 -10 18 -16 -7 -2 -5 -20 -8 -23 -1 27 -14 -12 -30
right_child=1 -3 5 21 -6 6 23 -9 14 10 28 12 26 15 17 -17 -18 -19 22 -21 -22 24 -24 -25 -26 -27 -28 -29 29 -31
leaf_value=-0.063048501268483687 0.0011110779320972863 4.4384574892711219 0.027989906378643674 3.2874338658986595 0.1605136393813541 0.019224285492485373 -0.0096727073839577172 -0.069136608301435892 -0.037917653264891556 -0.068174369603655624 0.015194853028641181 -0.10687815166188749 -0.016482074715608162 0.47342028280290349 0.5358214773714346 -0.071076903540001776 0.5379483716675777 -0.078318365615707458 0.96403761817878064 -0.063569143718615301 -0.11650288249384061 -0.17832252819896438 -0.1285471752858571 0.4444851599504514 0.48333151823985243 -0.011624552668483669 -0.15396514271169109 0.025529737781375024 -0.006299435575506749 -0.16634996957322215
leaf_weight=531 964 221 29 66 45 29 172 100 39 153 389 108 128 41 65 450 112 307 20 163 21 26 30 21 124 134 29 117 384 79
leaf_count=531 964 221 29 66 45 29 172 100 39 153 389 108 128 41 65 450 112 307 20 163 21 26 30 21 124 134 29 117 384 79
internal_value=-0.00337985 0.000778486 -0.0171486 -0.000460292 -0.00117728 -0.00900578 -0.00575385 -0.0180896 -0.00142807 -0.00233054 -0.004171 -0.00755965 -0.00535763 -0.00858278 0.0030519 -0.00464516 0.0116923 -0.000126464 0.0082 -0.0133706 0.00117576 0.0108326 -0.00316364 0.00193939 0.00576774 -0.0233194 0.00169892 0.003696 -6.30105e-05 -0.00287179
internal_weight=5097 3918 1179 3697 3481 514 385 129 3436 2863 1878 1026 873 599 573 491 151 422 115 192 985 216 50 193 150 665 274 245 852 463
internal_count=5097 3918 1179 3697 3481 514 385 129 3436 2863 1878 1026 873 599 573 491 151 422 115 192 985 216 50 193 150 665 274 245 852 463
is_linear=0
shrinkage=0.03


Tree=86
num_leaves=31
num_cat=0
split_feature=132 128 120 117 119 129 108 144 117 126 128 117 124 127 125 125 124 124 142 131 136 127 130 124 138 126 129 139 131 144
split_gain=331.444 107.838 64.7213 29.7979 17.0739 17.3652 17.2359 16.2974 25.6124 18.3898 15.9292 47.8341 14.5046 12.8074 11.7454 11.4746 10.1095 9.82338 19.2552 23.4872 15.8356 12.6913 18.2262 11.4366 9.75244 9.55844 12.6052 11.2181 11.1057 13.5316
threshold=2.5000000000000004 509.00000000000006 0.50000000000000011 404.50000000000006 135.50000000000003 220.50000000000003 1.0000000180025095e-35 10.500000000000002 2.5000000000000004 -13.499999999999998 3.5000000000000004 1.0000000180025095e-35 1.5000000000000002 -0.50095419847328226 -29.499999999999996 16.500000000000004 34.500000000000007 -6.4999999999999991 9.5000000000000018 37.500000000000007 1.1633836469585275 -0.52315789473684193 117.50000000000001 -70.499999999999986 0.92857142857142871 -7.4999999999999991 3.5000000000000004 0.6078576107927941 31.500000000000004 26.500000000000004
decision_type=8 10 2 2 2 10 2 2 2 10 10 2 2 10 8 10 2 2 2 8 10 10 10 2 10 8 10 2 10 2
left_child=2 3 -1 4 6 12 10 9 13 -4 11 -2 14 -9 -6 -13 -10 18 19 -12 -21 22 -20 -23 -16 27 -27 -19 29 -28
right_child=1 -3 7 -5 5 -7 -8 8 16 -11 17 15 -14 -15 24 -17 -18 25 21 20 -22 23 -24 -25 -26 26 28 -29 -30 -31
leaf_value=-0.061157046230429175 -0.070059641230323683 4.3053037645929892 0.027150209187284381 7.3626274033592418 0.82962794235815451 -0.071718119867033178 0.15569823019991361 0.018647556927710821 -0.0093825261624390106 -0.067062510052392804 -0.10724384904504236 0.023172575657106776 0.62665825386627738 -0.06166206940705684 0.36068146742703616 -0.1833809225743355 0.43115060515193782 -0.011456745230552592 0.11768317499102157 0.24436896311499495 -0.087447094778443105 0.27739120793552458 -0.3569873970557853 -0.074777057390630119 -0.047931456664353785 -0.062809546026468294 0.0031456053726419951 0.14203711991127918 -0.0070055846903311191 -0.0058555913820937631
leaf_weight=665 158 221 29 37 56 206 45 29 172 100 56 232 69 163 71 35 21 106 150 23 97 91 24 319 116 199 501 143 663 300
leaf_count=665 158 221 29 37 56 206 45 29 172 100 56 232 69 163 71 35 21 106 150 23 97 91 24 319 116 199 501 143 663 300
internal_value=-0.00323873 0.000962019 -0.0171486 -0.000265802 -0.00055498 0.00446272 -0.0013899 -0.00900578 -0.00575385 -0.0180896 -0.00167118 -0.00703256 0.00887697 -0.0133706 0.00517742 0.00075 0.00193939 -0.000804632 -0.00367843 -0.012232 -0.004272 -0.00100849 0.0056648 -0.00388916 0.001375 0.000341158 -0.000482014 0.00576378 0.000486045 0.00285856
internal_weight=5097 3918 1179 3697 3660 518 3142 514 385 129 3097 425 312 192 243 267 193 2672 760 176 120 584 174 410 187 1912 1663 249 1464 801
internal_count=5097 3918 1179 3697 3660 518 3142 514 385 129 3097 425 312 192 243 267 193 2672 760 176 120 584 174 410 187 1912 1663 249 1464 801
is_linear=0
shrinkage=0.03


Tree=87
num_leaves=31
num_cat=0
split_feature=132 128 120 117 146 117 126 108 121 130 128 117 135 125 117 127 124 127 146 130 142 146 120 139 128 118 126 124 126 119
split_gain=299.067 108.33 60.3527 30.9942 17.7521 20.3295 17.4653 16.4399 13.6313 13.2537 12.8435 51.3888 11.3222 9.86436 10.7428 9.59788 9.4706 9.14169 13.3373 24.3107 19.0469 45.5256 10.4902 12.1565 10.4688 9.88721 10.498 8.42476 7.88664 7.57191
threshold=2.5000000000000004 509.00000000000006 0.50000000000000011 229.50000000000003 10.500000000000002 12.500000000000002 -13.499999999999998 1.0000000180025095e-35 426.50000000000006 265.00000000000006 3.5000000000000004 1.0000000180025095e-35 0.92857142857142871 18.500000000000004 54.500000000000007 -0.74662162162162149 1.0000000180025095e-35 -0.97752525252525235 11.500000000000002 20.500000000000004 9.5000000000000018 15.500000000000002 1.0000000180025095e-35 0.87837969732492682 397.50000000000006 43.500000000000007 28.500000000000004 -1.0000000180025095e-35 -19.499999999999996 344.50000000000006
decision_type=8 10 2 2 2 2 10 2 2 10 10 2 10 10 2 10 2 10 2 8 2 2 2 2 10 2 10 2 8 2
left_child=2 3 12 7 6 15 -4 10 9 -5 11 -2 -1 14 -13 -6 -17 25 19 -19 21 -20 23 -22 -21 -12 -27 -11 -3 -29
right_child=1 28 4 8 5 -7 -8 -9 -10 27 17 13 -14 -15 -16 16 -18 18 20 24 22 -23 -24 -25 -26 26 -28 29 -30 -31
leaf_value=-0.059322334843516303 -0.067957851993413976 3.6925441070254141 0.026335702911665884 1.0064347222153238 0.027610945242489675 0.09157760785905654 -0.060833804601358815 0.1510272832939161 7.1417485812584642 0.9392699868079788 -0.077740043629986808 -0.002069340725061224 -0.0293223348435163 -0.17312600663602079 0.38822809247733542 -0.064546231388397629 -0.023839039921723825 0.0036877707342720845 -0.0025363746457474521 -0.0027955474027503866 -0.087135488962408067 -0.10630020504823874 -0.00035349508441250065 0.012347590840002103 2.1288930626745519 0.47385309659167796 -0.21985145082137492 0.16018851483009058 4.7360661547943366 -0.36900925984266536
leaf_weight=408 158 39 29 82 29 110 105 45 37 22 58 165 257 42 101 156 85 170 258 491 76 140 1543 70 22 122 27 44 182 24
leaf_count=408 158 39 29 82 29 110 105 45 37 22 58 165 257 42 101 156 85 170 258 491 76 140 1543 70 22 122 27 44 182 24
internal_value=-0.00307409 0.000916136 -0.0162872 -0.000314425 -0.00842775 -0.00497143 -0.0176547 -0.000994561 0.0107664 0.00674576 -0.00124246 -0.00584713 -0.0222448 0.00132268 0.0035203 -0.00936 -0.0113171 -0.000511066 -0.000970811 0.00265116 -0.00216252 -0.00802481 -0.000757969 -0.00830464 -0.000625483 0.00549057 0.00950649 -0.0012 0.0210796 -0.00649315
internal_weight=5097 3918 1179 3697 514 380 134 3488 209 172 3443 466 665 308 266 270 241 2977 2770 683 2087 398 1689 146 513 207 149 90 221 68
internal_count=5097 3918 1179 3697 514 380 134 3488 209 172 3443 466 665 308 266 270 241 2977 2770 683 2087 398 1689 146 513 207 149 90 221 68
is_linear=0
shrinkage=0.03


Tree=88
num_leaves=31
num_cat=0
split_feature=135 128 120 117 127 135 124 144 108 128 117 128 120 117 128 118 131 143 126 136 133 131 136 133 130 144 144 122 139 117
split_gain=270.007 105.407 70.8357 29.8461 28.9711 27.999 20.8926 15.727 14.7191 13.6271 48.7854 19.3719 14.877 13.2588 12.5775 11.7203 11.6049 15.0683 10.6287 9.57987 10.8161 9.44429 9.40779 10.0148 14.8455 9.38118 9.88927 9.37355 10.9779 9.32508
threshold=7.0714285714285721 509.00000000000006 0.50000000000000011 229.50000000000003 -0.35339366515837101 0.92857142857142871 1.0000000180025095e-35 10.500000000000002 1.0000000180025095e-35 10.500000000000002 1.0000000180025095e-35 3.5000000000000004 3.1666666666666674 50.500000000000007 164.50000000000003 18.500000000000004 331.50000000000006 40.500000000000007 4.5000000000000009 5.8492009134819538 1.6663331665265237 112.50000000000001 72.16435311659049 7.5645050585752687 38.500000000000007 15.500000000000002 17.500000000000004 1.0000000180025095e-35 -0.60785761079279388 6.5000000000000009
decision_type=8 10 2 2 8 10 2 2 2 10 2 10 2 2 10 2 10 2 10 10 10 10 10 10 8 2 2 2 2 2
left_child=2 3 5 8 18 -1 -6 15 9 10 11 -2 -12 -14 -5 -8 22 -18 -4 20 -7 -16 23 -11 25 -25 -27 28 -9 -24
right_child=1 -3 4 14 6 19 7 27 -10 16 12 -13 13 -15 21 -17 17 -19 -20 -21 -22 -23 29 24 -26 26 -28 -29 -30 -31
leaf_value=-0.05754266479821081 -0.065919116433611563 4.0554307069347448 0.015840977125807253 3.1652054468608086 -0.063334327562882708 -0.028407438590803295 -0.00014419109810316576 -0.11469326135744908 0.14408787515639879 0.0042663171512261041 0.039621985832462743 -0.015067668307745849 -0.022374748477888656 0.21625742853094776 -0.2074591783535743 -0.048353819297749387 -0.32787041850851578 1.611537300874003 -0.033217383114785011 -0.05837221238339578 0.0074807322124755332 0.45723054736858326 0.69929282685296501 0.27941696668957988 -0.061410308079643837 -0.10983711928459852 0.03023665487521203 0.055116082863787406 0.00099499379576255308 -0.061542005396458564
leaf_weight=410 135 221 84 63 315 258 29 20 46 1231 40 165 187 153 24 35 70 21 27 65 57 122 111 36 608 21 290 61 120 72
leaf_count=410 135 221 84 63 315 258 29 20 46 1231 40 165 187 153 24 35 70 21 27 65 57 122 111 36 608 21 290 61 120 72
internal_value=-0.00317993 0.00124109 -0.0139462 -7.76471e-05 -0.00684483 -0.0200679 -0.00952821 -0.0032 -0.000806644 -0.00106645 -0.00480876 -0.0137508 0.00232208 0.000156522 0.0107664 -0.0155652 -2.19067e-05 -0.01025 0.00693103 -0.0138545 -0.011325 0.00552318 0.000389217 -0.00016157 -0.0024625 0.00245455 0.00064557 0.000990291 -0.00326897 0.00682979
internal_weight=5097 3616 1481 3395 691 790 580 265 3186 3140 680 300 380 340 209 64 2460 91 111 380 315 146 2369 2186 955 347 311 201 140 183
internal_count=5097 3616 1481 3395 691 790 580 265 3186 3140 680 300 380 340 209 64 2460 91 111 380 315 146 2369 2186 955 347 311 201 140 183
is_linear=0
shrinkage=0.03


Tree=89
num_leaves=31
num_cat=0
split_feature=132 129 121 121 133 136 125 119 124 139 146 118 139 121 124 144 131 131 135 130 135 131 144 127 139 145 119 129 130 119
split_gain=302.136 101.293 60.5339 25.432 17.3326 21.8581 15.9469 17.4887 14.3914 20.655 20.108 16.481 13.463 11.4473 11.1834 15.0308 11.0756 11.0227 10.8622 10.3407 9.85388 10.5974 9.13691 9.05863 8.84242 8.8249 8.61689 8.37477 8.96418 8.23466
threshold=3.1666666666666674 496.00000000000006 1.0000000180025095e-35 426.50000000000006 1.3307163456488713 26.262893718163316 -1.4999999999999998 45.500000000000007 1.0000000180025095e-35 -0.60785761079279388 36.500000000000007 16.500000000000004 1.0000000180025095e-35 165.50000000000003 1.0000000180025095e-35 10.500000000000002 3.5000000000000004 66.500000000000014 0.92857142857142871 38.500000000000007 52.171428571428585 331.50000000000006 33.500000000000007 0.77922077922077937 0.87837969732492682 27.500000000000004 97.500000000000014 1.0000000180025095e-35 1.5000000000000002 57.500000000000007
decision_type=8 10 2 2 8 10 10 2 2 2 2 2 2 2 2 2 8 8 10 10 10 10 2 10 2 2 2 10 10 2
left_child=2 3 18 4 16 8 7 -4 9 -6 11 27 -13 23 -8 -16 25 -14 -1 26 -21 -22 -17 -10 -12 -2 -7 -11 -29 -18
right_child=1 -3 6 -5 5 19 14 -9 13 10 24 12 17 -15 15 22 29 -19 -20 20 21 -23 -24 -25 -26 -27 -28 28 -30 -31
leaf_value=-0.055816384854264482 0.0034764126511622972 3.7807188952970305 0.029447071082329648 5.7641028233646434 0.0025750439508934876 0.095029505829356778 -0.055883760633350751 -0.098712014797094877 0.00073620693317590026 -0.06394154294060321 -0.053700597793605614 0.076309327900542526 -0.16351824708136864 0.59569626061463254 -0.046903204718816906 0.02334460755762096 0.00080313015828693325 -0.007849134765902193 -0.027590441640486713 -0.11433869644618365 0.028091712335905183 -0.49891429749858673 -0.030696065037081458 -0.16572288596189882 0.028414542451608758 -0.0023380494300653965 1.0923887390887304 -0.064881795097903108 -0.078570086857269933 0.23163968315877412
leaf_weight=375 71 236 83 43 259 202 263 40 415 85 94 80 54 43 57 101 833 55 240 65 609 56 65 59 92 33 51 83 230 125
leaf_count=375 71 236 83 43 259 202 263 40 415 85 94 80 54 43 57 101 833 55 240 65 609 56 65 59 92 33 51 83 230 125
internal_value=-0.00280361 0.00130583 -0.015764 5.60132e-05 -0.000231731 -0.00158218 -0.0089316 0.00065625 -0.00379923 -0.00583799 -0.00828278 -0.0109865 -0.00352577 0.000275862 -0.0113523 -0.00615789 0.0029747 -0.0102105 -0.0223935 0.00190688 7.34694e-05 0.0012 -0.00136842 -0.00111482 0.000282723 0.012055 0.00706977 -0.0144268 -0.0117736 0.00192523
internal_weight=5097 3873 1224 3637 3594 2532 609 123 1549 1032 773 587 189 517 486 223 1062 109 615 983 730 665 166 474 186 104 253 398 313 958
internal_count=5097 3873 1224 3637 3594 2532 609 123 1549 1032 773 587 189 517 486 223 1062 109 615 983 730 665 166 474 186 104 253 398 313 958
is_linear=0
shrinkage=0.03


Tree=90
num_leaves=31
num_cat=0
split_feature=132 128 120 117 133 120 126 144 144 128 144 126 125 144 143 138 126 127 135 130 131 117 126 137 144 122 132 126 120 140
split_gain=298.145 104.424 68.524 29.0161 15.6521 22.2459 18.7734 15.0243 33.0445 14.4413 17.4792 17.0347 14.9824 13.6381 13.3983 21.9008 22.0405 19.8372 12.9452 11.7148 11.4766 11.7342 10.5769 10.569 10.4192 10.1688 10.0961 9.34443 10.8442 9.32053
threshold=3.1666666666666674 509.00000000000006 0.50000000000000011 404.50000000000006 1.3307163456488713 15.833333333333334 -301.49999999999994 15.500000000000002 17.500000000000004 1.0000000180025095e-35 10.500000000000002 -13.499999999999998 -4.4999999999999991 15.500000000000002 42.500000000000007 0.92857142857142871 1.0000000180025095e-35 0.048048065379998166 0.92857142857142871 11.500000000000002 3.5000000000000004 1.0000000180025095e-35 1.5000000000000002 4.5000000000000009 26.500000000000004 1.5000000000000002 41.833333333333336 26.500000000000004 85.166666666666671 -0.22252093395631442
decision_type=8 10 2 2 8 2 10 2 2 10 2 10 10 2 2 10 10 10 10 10 8 2 10 2 2 2 10 10 2 2
left_child=2 3 18 4 20 6 -6 23 -9 10 11 -4 -12 -14 15 17 -17 27 -1 25 21 -2 -16 -8 -21 26 -10 28 -7 -18
right_child=1 -3 9 -5 5 14 7 8 19 -11 12 -13 13 -15 22 16 29 -19 -20 24 -22 -23 -24 -25 -26 -27 -28 -29 -30 -31
leaf_value=-0.054141893308636543 0.0034117468430686459 3.8203462188677917 0.025386272137142753 6.6596168757139473 -0.060333224300254444 0.081180703048365749 -0.054712186357650266 -0.076727664611242988 -0.020497904470229287 0.00084523764803756229 0.045254947551414487 -0.07130187934358212 0.070271775292579136 -0.058113974066997871 0.42985523252943775 -0.079630265234394038 0.10381750103075156 -0.073856812606645408 -0.026762728391272115 -0.0078740242759223911 0.0012772086582371678 -0.0022679079471634367 -0.04970523659002879 0.025995034599348859 -0.097079567514434528 0.07147279222988874 0.58544196895579936 -0.051871744778455874 0.6107720956569368 -0.031982933070113899
leaf_weight=408 74 221 27 37 78 336 113 55 249 136 51 91 41 197 101 443 120 161 273 101 967 30 41 140 195 25 30 65 200 91
leaf_count=408 74 221 27 37 78 336 113 55 249 136 51 91 41 197 101 443 120 161 273 101 967 30 41 140 195 25 30 65 200 91
internal_value=-0.00279185 0.00129036 -0.0156664 6.39869e-05 -0.000222099 -0.00150412 -0.00501917 -0.00373932 -0.00612727 -0.00759854 -0.0103981 -0.0199512 -0.00620408 -0.00935802 0.000725528 -0.000164673 -0.00417906 0.00327771 -0.0219883 -0.00395702 0.00281041 0.012055 0.00934694 0.0024186 -0.00815282 0.000174757 -0.00156338 0.00578218 0.00708688 0.00372222
internal_weight=5097 3873 1224 3652 3615 2544 986 908 655 543 407 118 289 238 1558 1416 654 762 681 600 1071 104 142 253 296 304 279 601 536 211
internal_count=5097 3873 1224 3652 3615 2544 986 908 655 543 407 118 289 238 1558 1416 654 762 681 600 1071 104 142 253 296 304 279 601 536 211
is_linear=0
shrinkage=0.03


Tree=91
num_leaves=31
num_cat=0
split_feature=132 128 120 121 108 144 137 123 133 136 128 122 131 120 136 131 127 138 144 144 136 131 145 128 120 118 131 130 133 121
split_gain=295.06 106.858 63.7949 22.2605 15.397 15.2791 18.2047 16.6555 14.87 17.7691 14.7733 13.1407 12.6453 15.8637 17.8173 11.6174 13.1688 9.37441 18.3524 12.6052 9.22719 15.4939 19.2867 11.7264 10.17 8.83204 8.64129 8.56126 13.1783 10.7575
threshold=2.5000000000000004 509.00000000000006 0.50000000000000011 426.50000000000006 1.0000000180025095e-35 10.500000000000002 3.5000000000000004 59.500000000000007 0.48570226039551589 26.262893718163316 17.500000000000004 1.0000000180025095e-35 31.500000000000004 1.0000000180025095e-35 5.9264193249391655 13.500000000000002 -0.26756152125279636 0.92857142857142871 11.500000000000002 15.500000000000002 1.0000000180025095e-35 23.500000000000004 27.500000000000004 57.500000000000007 2.5000000000000004 9.5000000000000018 2.5000000000000004 62.500000000000007 3.8149242336291649 59.500000000000007
decision_type=8 10 2 2 2 2 2 2 8 10 10 2 10 2 8 8 10 10 2 2 10 8 2 10 2 2 10 10 10 2
left_child=2 3 17 4 8 6 -4 11 20 10 12 -7 13 14 -10 16 -15 -1 -19 -20 -2 22 25 -23 -24 -22 -13 28 -12 -29
right_child=1 -3 5 -5 -6 7 -8 -9 9 -11 27 26 -14 15 -16 -17 -18 18 19 -21 21 23 24 -25 -26 -27 -28 29 -30 -31
leaf_value=-0.052517636509377449 -0.0050172880473257917 3.7057358323017584 -0.050044113034378522 4.1124840682683645 0.14211141837591085 -0.052463828592340299 -0.069162822963274667 0.90102283756517809 -0.0058277228549281192 0.018586518951404781 0.03009311699502561 0.057300775575794681 -0.096938537030282379 0.024504900936879358 -0.05811619943863585 0.015160973933649763 -0.037981367416231815 -0.024990450910941143 0.098057605264457573 -0.040542189666524071 0.0032697678663353622 -0.0029020806597005585 -0.091227473860204952 0.067784420744319646 0.0071552754392696901 -0.0055983360906948576 -0.10946591347114001 -0.10693346404013987 -0.016243644869900535 -0.013248573087594905
leaf_weight=528 381 221 66 48 45 267 63 20 75 982 159 75 85 66 96 187 207 82 28 27 107 173 20 215 59 20 23 89 428 255
leaf_count=528 381 221 66 48 45 267 63 20 75 982 159 75 85 66 96 187 207 82 28 27 107 173 20 215 59 20 23 89 428 255
internal_value=-0.00290945 0.00105379 -0.0160338 -0.000168558 -0.000449918 -0.00796532 -0.0167463 -0.00483077 -0.000679967 -0.00185421 -0.00375545 -0.00638919 -0.00698197 -0.00541509 -0.0130909 -0.00243871 -0.00634532 -0.0221552 -0.0141127 -0.0004 0.00247347 0.004798 0.011346 0.00120611 -0.000285714 0.0183636 0.00285437 -0.00124359 0.000952703 -0.00496848
internal_weight=5097 3918 1179 3697 3649 514 129 385 3604 2629 1647 365 716 631 171 460 273 665 137 55 975 594 206 388 79 127 98 931 587 344
internal_count=5097 3918 1179 3697 3649 514 129 385 3604 2629 1647 365 716 631 171 460 273 665 137 55 975 594 206 388 79 127 98 931 587 344
is_linear=0
shrinkage=0.03


Tree=92
num_leaves=31
num_cat=0
split_feature=135 128 120 117 128 117 144 120 118 131 108 125 117 133 131 117 142 144 124 130 138 144 144 127 117 123 131 128 144 125
split_gain=263.854 113.988 56.8345 30.4514 31.5122 82.7631 14.5121 19.1189 18.5013 12.6435 12.4392 10.1756 14.2381 9.48764 10.9098 14.3169 9.68476 53.8797 13.6426 10.5131 9.99176 15.8647 9.84555 8.55138 10.2248 8.51912 11.4669 8.45037 8.33409 8.15177
threshold=1.8452380952380956 509.00000000000006 0.50000000000000011 469.00000000000006 3.5000000000000004 1.0000000180025095e-35 10.500000000000002 31.833333333333339 18.500000000000004 3.5000000000000004 1.0000000180025095e-35 18.500000000000004 54.500000000000007 1.3307163456488713 3.5000000000000004 1.0000000180025095e-35 9.5000000000000018 15.500000000000002 -102.49999999999999 62.500000000000007 0.92857142857142871 39.500000000000007 18.500000000000004 -0.74662162162162149 10.500000000000002 13.500000000000002 2.5000000000000004 68.500000000000014 21.500000000000004 -1.4999999999999998
decision_type=8 10 2 2 10 2 2 2 2 8 2 10 2 10 8 2 2 2 2 8 10 2 2 10 2 2 10 10 2 10
left_child=2 3 -1 4 5 9 8 23 -4 -2 13 12 25 14 15 -6 17 19 20 -15 -18 -22 -20 -8 -25 26 -7 -19 -14 -24
right_child=1 -3 6 -5 10 11 7 -9 -10 -11 -12 -13 28 16 -16 -17 18 27 22 -21 21 -23 29 24 -26 -27 -28 -29 -30 -31
leaf_value=-0.050942107414096126 -0.0053289028702056913 3.5945637573327063 -0.047259869615027886 6.4116201350113888 0.003171674830345301 0.065443467015970327 0.024632382690691432 1.2154662753692593 -0.067087938274376424 -0.055615186664985258 0.12849754158734547 -0.15241194865355409 0.37273414515893449 0.020887694998496683 0.0013158182597345113 -0.0010604296862616279 0.58918665027025419 -0.091101244648683521 0.061811159805962065 -0.043286344272137428 -0.39772200733352314 1.5248832869268554 0.01683067608596886 -0.050889913734570087 0.017098341236538913 -0.036841926393744832 -0.015097927123325547 -0.27079439194800092 0.45713822582217134 -0.034788322027002855
leaf_weight=518 112 221 63 33 68 57 22 31 65 223 40 45 85 174 947 30 135 78 72 182 55 27 408 179 59 87 73 65 48 895
leaf_count=518 112 221 63 33 68 57 22 31 65 223 40 45 85 174 947 30 135 78 72 182 55 27 408 179 59 87 73 65 48 895
internal_value=-0.00288593 0.000358703 -0.0172229 -0.000827586 -0.0010877 -0.00668571 -0.00883019 -0.00494595 -0.0170977 -0.0175412 0.000205596 0.00261 0.00437746 -1.7192e-05 0.00230857 0.0115922 -0.00118511 -0.00480952 -3.38134e-05 0.00147922 0.00686486 -0.00131034 -0.00114783 -0.00767547 -0.00935802 -0.000378378 0.0044 -0.020027 0.011913 -0.00176147
internal_weight=5097 4160 937 3939 3906 730 419 291 128 335 3176 395 350 3136 1045 98 2091 499 1592 356 217 82 1375 260 238 217 130 143 133 1303
internal_count=5097 4160 937 3939 3906 730 419 291 128 335 3176 395 350 3136 1045 98 2091 499 1592 356 217 82 1375 260 238 217 130 143 133 1303
is_linear=0
shrinkage=0.03


Tree=93
num_leaves=31
num_cat=0
split_feature=132 128 120 117 135 144 130 117 133 120 128 117 127 144 138 133 126 133 127 131 138 131 131 117 133 121 145 125 126 121
split_gain=288.634 102.449 67.0787 28.6084 14.6864 14.5806 20.7617 16.0295 14.0412 15.2638 11.8903 28.4539 11.6694 15.4418 25.4934 15.7514 15.6417 12.6183 12.1209 11.2767 11.3191 16.7944 10.1057 13.6504 9.13997 13.2194 9.126 8.87338 8.53739 8.12643
threshold=3.1666666666666674 509.00000000000006 0.50000000000000011 469.00000000000006 0.73214285714285732 10.500000000000002 1.0000000180025095e-35 9.5000000000000018 1.1236095644623239 15.833333333333334 2.5000000000000004 1.0000000180025095e-35 0.21937500000000001 32.500000000000007 0.84523809523809534 96.458919564674929 2.5000000000000004 52.534628464791645 0.0071946169772256737 1.0000000180025095e-35 0.84523809523809534 26.500000000000004 3.5000000000000004 10.500000000000002 44.934508763029818 160.00000000000003 27.500000000000004 -1.4999999999999998 -1.4999999999999998 125.50000000000001
decision_type=8 10 2 2 10 2 8 2 8 2 10 2 10 2 10 10 10 10 10 8 10 10 8 2 10 2 2 10 10 2
left_child=2 3 4 8 -1 6 -4 27 22 10 11 -10 13 14 15 -11 -16 18 -15 -12 -21 -22 23 26 25 29 -2 -7 -6 -18
right_child=1 -3 5 -5 28 7 -8 -9 9 12 19 -13 -14 17 16 -17 24 -19 -20 20 21 -23 -24 -25 -26 -27 -28 -29 -30 -31
leaf_value=-0.049413844191673245 0.0030765245854349386 3.4867268446127251 -0.064528214146954713 6.2192715309610476 0.0056097558702572102 0.024901270389477936 -0.022327948960473919 0.039958968354378503 -0.056801358340268844 0.19242254281276486 -0.072820386458481531 0.0011023210458424159 -0.093525248753420942 0.10818895493961697 -0.076095097673166759 -0.23721044089865273 0.036106419109845529 0.87266926377669229 -0.030280673355670442 0.015076151202287455 -0.0025211930258340585 -0.12015315897721396 0.0017695874934440779 -0.035809469469270425 -0.58087751759986861 0.95063664195412534 -0.015674900937201593 -0.049363216322532981 -0.025314677412256157 -0.24510761935420702
leaf_weight=392 55 221 79 33 20 49 52 132 112 333 125 83 144 346 368 29 56 87 131 209 368 103 947 23 24 33 20 231 269 23
leaf_count=392 55 221 79 33 20 49 52 132 112 333 125 83 144 346 368 29 56 87 131 209 368 103 947 23 24 33 20 231 269 23
internal_value=-0.00280361 0.001213 -0.0154711 0 -0.0217259 -0.00748905 -0.0160588 -0.00458993 -0.000271523 -0.00146336 -0.00435224 -0.01092 0.000376187 0.00120836 -0.00130195 0.0047248 -0.00564637 0.00505097 0.00303734 -0.0026963 -0.00112993 -0.00370588 0.00265143 0.0115922 0.00293617 0.00661538 0.01755 -0.00861053 -0.016 -0.000285714
internal_weight=5097 3873 1224 3652 681 543 131 412 3619 2574 1000 195 1574 1430 866 362 504 564 477 805 680 471 1045 98 136 112 75 280 289 79
internal_count=5097 3873 1224 3652 681 543 131 412 3619 2574 1000 195 1574 1430 866 362 504 564 477 805 680 471 1045 98 136 112 75 280 289 79
is_linear=0
shrinkage=0.03


Tree=94
num_leaves=31
num_cat=0
split_feature=132 128 120 117 135 128 144 133 117 128 131 146 143 144 143 131 144 131 118 127 139 117 127 143 122 121 124 127 135 135
split_gain=279.724 101.001 64.8263 31.0909 17.8646 15.1978 18.0423 15.0819 15.0162 36.0175 23.716 46.5641 25.1698 30.6718 19.748 14.5786 13.5505 13.191 12.0326 11.907 11.7143 10.9672 9.31946 10.9415 9.33877 10.6662 21.826 10.2744 9.48972 8.84428
threshold=3.1666666666666674 533.00000000000011 0.50000000000000011 469.00000000000006 0.73214285714285732 1.0000000180025095e-35 10.500000000000002 1.3307163456488713 3.5000000000000004 2.5000000000000004 82.500000000000014 22.500000000000004 40.500000000000007 36.500000000000007 41.500000000000007 279.50000000000006 15.500000000000002 3.5000000000000004 1.5000000000000002 -0.50095419847328226 0.87837969732492682 11.500000000000002 0.71921182266009864 41.500000000000007 345.50000000000006 239.50000000000003 -13.499999999999998 0.11851478494623657 94.357142857142875 105.71428571428574
decision_type=8 10 2 2 10 10 2 8 2 10 8 2 2 2 2 10 2 8 2 10 2 2 10 2 2 2 2 10 10 10
left_child=2 3 4 7 -1 6 18 17 9 -9 11 -11 -13 -14 15 -12 -8 21 -4 -18 -15 -2 24 -24 25 26 -10 -27 -28 -30
right_child=1 -3 5 -5 -6 -7 16 8 22 10 14 12 13 20 -16 -17 19 -19 -20 -21 -22 -23 23 -25 -26 27 28 -29 29 -31
leaf_value=-0.047931428865923047 0.0029842288478718971 3.5576194388699935 -0.047864664235365874 5.5999709095037264 -0.023729421521935388 0.0026205334959483427 0.12394198662111594 -0.055097317590060778 -0.095754224735778382 -0.094732230779167217 0.012406020975820343 0.045141710198755472 -0.15653573919943697 -0.098621606539897808 0.86389600614143625 -1.0951091772689459 0.03129382200406175 0.0012628081438921868 -0.063139453701736487 -0.052127440330432179 0.031924849170951008 -0.035853621211316522 0.0055942796566513129 -0.21505184487668846 -0.35888605387789596 0.76950332551572598 0.034707060637055864 -0.31867070741785708 -0.078939583178083625 0.013373970942060965
leaf_weight=392 83 210 50 39 289 136 54 144 156 135 398 259 92 73 90 38 29 967 68 206 72 21 59 38 20 118 590 25 52 194
leaf_count=392 83 210 50 39 289 136 54 144 156 135 398 259 92 73 90 38 29 967 68 206 72 21 59 38 20 118 590 25 52 194
internal_value=-0.00275657 0.00119752 -0.015227 2.29008e-05 -0.0213761 -0.00737956 -0.0102524 -0.000279416 -0.00153401 -0.0037856 -0.00198279 -0.00588679 -0.00154491 -0.00852893 0.00270056 0 -0.006 0.00269888 -0.0199512 -0.0091 0.00016 0.0126055 0.000806683 -0.00788235 0.00157241 0.00196842 0.00083651 0.00948649 0.00277527 -0.00212749
internal_weight=5097 3873 1224 3663 681 543 407 3624 2553 1301 1157 631 496 237 526 436 289 1071 118 235 145 104 1252 97 1155 1135 992 143 836 246
internal_count=5097 3873 1224 3663 681 543 407 3624 2553 1301 1157 631 496 237 526 436 289 1071 118 235 145 104 1252 97 1155 1135 992 143 836 246
is_linear=0
shrinkage=0.03


Tree=95
num_leaves=31
num_cat=0
split_feature=132 128 120 120 128 144 126 120 130 125 118 119 144 131 131 144 144 120 144 143 120 132 124 126 144 130 124 128 136 144
split_gain=276.005 107.177 56.109 24.7575 23.5533 21.218 20.9216 19.2487 16.4397 15.5157 13.9071 13.4313 12.1718 19.4169 16.8016 14.6377 41.9829 13.0427 16.7822 12.0143 10.4816 10.2124 9.91306 9.63447 14.9988 11.3912 8.99593 11.1878 8.89094 8.65486
threshold=1.1666666666666667 533.00000000000011 0.50000000000000011 85.166666666666671 3.5000000000000004 10.500000000000002 -13.499999999999998 31.833333333333339 496.00000000000006 -13.499999999999998 1.0000000180025095e-35 344.50000000000006 10.500000000000002 27.500000000000004 1.0000000180025095e-35 17.500000000000004 15.500000000000002 1.0000000180025095e-35 25.500000000000004 41.500000000000007 36.166666666666679 67.500000000000014 1.0000000180025095e-35 -6.4999999999999991 40.500000000000007 93.500000000000014 1.0000000180025095e-35 1.5000000000000002 27.778276600649686 29.500000000000004
decision_type=8 10 2 2 10 2 10 2 8 10 2 2 2 8 10 2 2 2 2 2 2 10 2 10 2 10 2 10 10 2
left_child=2 3 -1 4 10 6 -4 22 9 28 26 23 13 14 -6 16 -14 18 -17 -12 -15 -18 -7 24 25 -11 27 -2 -5 -19
right_child=1 -3 5 8 12 7 -8 -9 -10 11 19 -13 15 20 -16 17 21 29 -20 -21 -22 -23 -24 -25 -26 -27 -28 -29 -30 -31
leaf_value=-0.046493485999945364 -0.053444398062358948 3.4508908557038933 0.029649581848385835 -0.072386236040508714 -8.143176668389706e-05 -0.051869033725589493 -0.060698184111493969 0.8440852584589168 1.9894779259180693 0.08526267586199765 0.0018038179789114127 -0.3056195549744436 -0.0020990253662863268 0.0019128227187160095 0.0043437766417162927 0.012079617541496893 -0.084769797701056082 0.010162421152464582 -0.08268805281097269 -0.078803253077748006 -0.049826718656652384 -0.057969597298999559 -0.0009800983427664888 0.054807153209459468 0.50645689299380092 -0.22128198213708095 0.012384684951906795 -0.0023311606534062745 0.80971245878240794 -0.0054987836966209789
leaf_weight=531 140 210 29 28 22 154 93 43 88 23 224 52 308 475 73 82 83 554 80 52 47 38 106 365 24 82 40 113 118 820
leaf_count=531 140 210 29 28 22 154 93 43 88 23 224 52 308 475 73 82 83 554 80 52 47 38 106 365 24 82 40 113 118 820
internal_value=-0.00280361 0.000555716 -0.0172882 -0.000570122 -0.00175665 -0.00898605 -0.0193228 -0.00455844 0.00419618 0.00257389 -0.00725436 0.000206897 -0.000531117 0.0031254 0.01524 -0.00168731 -0.006553 -0.000307592 -0.00822754 -0.0023274 0.000785579 -0.0211429 -0.00767547 0.00179158 -0.00510448 -0.0100364 -0.0117584 -0.013814 0.0110861 0.000648296
internal_weight=5097 4141 956 3931 3151 425 122 303 780 692 569 546 2582 617 95 1965 429 1536 162 276 522 121 260 494 129 105 293 253 146 1374
internal_count=5097 4141 956 3931 3151 425 122 303 780 692 569 546 2582 617 95 1965 429 1536 162 276 522 121 260 494 129 105 293 253 146 1374
is_linear=0
shrinkage=0.03


Tree=96
num_leaves=31
num_cat=0
split_feature=135 128 120 117 128 117 128 108 144 122 126 127 128 136 127 142 124 144 139 138 144 125 122 137 135 144 130 120 144 127
split_gain=250.997 110.871 43.8113 30.056 28.0204 64.8985 18.8633 10.6294 10.2233 26.6568 26.4339 10.0048 10.4746 9.19347 7.20572 11.7753 9.16431 22.5456 17.1963 16.1253 23.5105 15.8795 15.1603 17.8094 11.8055 8.3879 19.5752 17.7425 15.4764 13.8551
threshold=1.3095238095238098 533.00000000000011 1.0000000180025095e-35 469.00000000000006 3.5000000000000004 1.0000000180025095e-35 1.5000000000000002 1.0000000180025095e-35 10.500000000000002 1.0000000180025095e-35 -13.499999999999998 1.0526315789473688 1.5000000000000002 4.4495335439635584 -0.98275349390425204 9.5000000000000018 -4.4999999999999991 35.500000000000007 -1.0000000180025095e-35 0.92857142857142871 18.500000000000004 -19.499999999999996 10.500000000000002 6.5000000000000009 66.071428571428584 10.500000000000002 20.500000000000004 0.50000000000000011 26.500000000000004 0.16629297458893874
decision_type=8 10 2 2 10 2 10 2 2 2 10 10 10 8 10 2 2 2 2 10 2 10 2 2 10 2 8 2 2 10
left_child=2 3 -1 4 5 6 13 14 10 -10 -4 12 -7 -2 15 -6 17 19 21 20 -16 -19 23 -21 -24 26 -18 28 -27 -28
right_child=1 -3 8 -5 7 11 -8 -9 9 -11 -12 -13 -14 -15 16 -17 25 18 -20 22 -22 -23 24 -25 -26 27 29 -29 -30 -31
leaf_value=-0.045098681419947002 -0.049141127104019716 3.3473641300327772 0.018048975217715039 5.3722874444410724 -0.25140125814035463 0.051384833020558122 -0.0021191894826281875 0.12350654921220733 -0.04476242561117634 0.056989927242473967 -0.058877238588149153 -0.093125671524554685 -0.03807629926380262 -0.050388927181529541 -0.1145326165980154 0.35635329568505936 0.0032936085919855439 0.51262900480761575 0.17215530976497298 0.027542627746009352 0.040409969144061378 -0.19091301321482285 0.043121052028054052 -0.11985610069439566 -0.058721905798349884 -0.024944501937098362 0.0016212309427606896 0.004684406022564893 -0.082751496691664567 -0.13298637613759473
leaf_weight=427 91 210 34 39 32 349 127 40 231 73 95 39 21 167 41 140 138 29 189 74 200 67 41 264 90 299 369 1065 85 31
leaf_count=427 91 210 34 39 32 349 127 40 231 73 95 39 21 167 41 140 138 29 189 74 200 67 41 264 90 299 369 1065 85 31
internal_value=-0.00281537 0.000189533 -0.0175422 -0.000928571 -0.0012006 -0.00622528 -0.0149846 5.4392e-05 -0.0106027 -0.00735922 -0.0176418 0.00208696 0.003664 -0.019597 -0.000150047 0.00572881 -0.000500167 -0.002844 0.00422069 -0.0056979 0.000585366 -0.00588119 -0.00891139 -0.0122274 -0.000176471 0.000674699 0.00385635 -0.000511692 -0.006 0.00042963
internal_weight=5097 4237 860 4027 3988 794 385 3194 433 304 129 409 370 258 3154 172 2982 995 285 710 241 96 469 338 131 1987 538 1449 384 400
internal_count=5097 4237 860 4027 3988 794 385 3194 433 304 129 409 370 258 3154 172 2982 995 285 710 241 96 469 338 131 1987 538 1449 384 400
is_linear=0
shrinkage=0.03


Tree=97
num_leaves=31
num_cat=0
split_feature=132 128 120 120 128 144 126 133 126 144 120 118 108 124 143 133 144 124 131 130 144 130 128 135 142 144 129 131 132 128
split_gain=274.048 106.23 53.9156 24.277 23.8765 20.052 20.9216 15.5361 15.8333 22.9419 15.1245 12.6223 11.8057 11.4632 11.2039 10.5282 10.0435 9.56204 9.38223 9.20943 8.94012 13.3361 13.7246 12.8702 11.7318 40.6687 11.3858 15.2963 11.7988 12.2146
threshold=1.1666666666666667 533.00000000000011 0.50000000000000011 85.166666666666671 3.5000000000000004 10.500000000000002 -13.499999999999998 180.95609197269218 -6.4999999999999991 40.500000000000007 39.833333333333336 1.0000000180025095e-35 1.0000000180025095e-35 1.0000000180025095e-35 41.500000000000007 0.65824829046386313 11.500000000000002 1.0000000180025095e-35 1.0000000180025095e-35 93.500000000000014 10.500000000000002 20.500000000000004 7.5000000000000009 18.928571428571434 9.5000000000000018 15.500000000000002 133.50000000000003 304.00000000000006 105.83333333333336 71.500000000000014
decision_type=8 10 2 2 10 2 10 8 8 2 2 2 2 2 2 8 2 2 8 10 2 8 10 10 2 2 10 8 10 10
left_child=2 3 -1 4 11 6 -4 8 9 19 13 15 20 -7 18 16 -2 -17 -13 -5 21 22 -6 -24 25 -22 28 -28 29 -23
right_child=1 -3 5 7 12 10 -8 -9 -10 -11 -12 14 -14 -15 -16 17 -18 -19 -20 -21 24 26 23 -25 -26 -27 27 -29 -30 -31
leaf_value=-0.043745720977348593 -0.0023599080550710293 3.2469432061317938 0.028218625136402824 0.01909442203266451 -3.0686193570135246e-05 -0.048970089945486517 -0.057110921430504683 2.6938501152132082 0.10831493695335268 0.61330749202141033 0.90705300288787494 0.10493127131854763 0.11980135273584107 -0.00010013535682918406 -0.077178140138484536 -0.050329398305042301 0.027802349850674764 0.0010335056471575744 -0.015520574718231081 -0.29488234325978047 -0.00077989967345676087 -0.0035413652817281082 0.0055374942971893491 -0.0017662953258185388 -0.0021801115880347053 -0.079070657203653444 1.1435925777004312 0.001572594014477886 -0.070985536545710839 0.52191343284119351
leaf_weight=531 48 210 29 27 56 156 93 68 539 32 39 29 40 108 52 168 47 30 195 114 304 266 65 30 1510 121 28 69 54 39
leaf_count=531 48 210 29 27 56 156 93 68 539 32 39 29 40 108 52 168 47 30 195 114 304 266 65 30 1510 121 28 69 54 39
internal_value=-0.00298001 0.000367583 -0.0174131 -0.000753049 -0.00192776 -0.00926512 -0.0193228 0.00396688 0.00258577 -0.00519101 -0.00494805 -0.00746341 -0.000693467 -0.00756134 -0.00275445 -0.0117584 -0.00324 -0.0156355 0.000235808 -0.0104384 -0.000963486 0.00219608 0.00976923 0.01644 -0.00196082 -0.00633488 -0.00037744 0.00847059 -0.00286813 -0.000464516
internal_weight=5097 4141 956 3931 3151 425 122 780 712 173 303 569 2582 264 276 293 95 198 224 141 2542 607 151 95 1935 425 456 97 359 305
internal_count=5097 4141 956 3931 3151 425 122 780 712 173 303 569 2582 264 276 293 95 198 224 141 2542 607 151 95 1935 425 456 97 359 305
is_linear=0
shrinkage=0.03


Tree=98
num_leaves=31
num_cat=0
split_feature=135 128 120 117 128 117 128 128 126 108 136 144 126 122 127 124 36 133 128 130 122 131 130 143 136 143 127 124 117 136
split_gain=245.816 109.864 43.8113 30.669 28.5065 57.233 16.9868 12.7617 12.6947 11.3733 10.3829 10.2233 26.4339 21.515 8.94567 8.48698 7.28701 7.93828 8.50743 14.316 15.2856 14.086 11.9266 16.9358 15.7298 11.466 11.2906 8.25986 8.21722 7.09707
threshold=1.3095238095238098 533.00000000000011 1.0000000180025095e-35 225.50000000000003 3.5000000000000004 1.0000000180025095e-35 1.5000000000000002 275.50000000000006 11.500000000000002 1.0000000180025095e-35 4.4495335439635584 10.500000000000002 -13.499999999999998 1.0000000180025095e-35 1.0526315789473688 29.500000000000004 1.0000000180025095e-35 7.5645050585752687 73.500000000000014 63.500000000000007 1.0000000180025095e-35 84.500000000000014 126.50000000000001 42.500000000000007 88.317827526853321 41.500000000000007 0.062781531531531543 -126.49999999999999 6.5000000000000009 102.61480185060492
decision_type=8 10 2 2 10 2 10 10 10 2 8 2 10 2 10 2 2 10 10 8 2 8 10 2 10 2 10 2 2 10
left_child=2 3 -1 4 5 6 10 8 -5 16 -2 12 -4 -13 15 -7 17 27 19 20 21 25 29 24 -24 28 -22 -6 -19 -20
right_child=1 -3 11 7 9 14 -8 -9 -10 -11 -12 13 -14 -15 -16 -17 -18 18 22 -21 26 -23 23 -25 -26 -27 -28 -29 -30 -31
leaf_value=-0.042433349348028136 -0.04635452166157867 3.1495349099478389 0.017740412398797735 1.9235815323055871 0.48122357062193483 0.0022025678330890664 -0.0019848165564972133 0.14330750785374619 -0.11683351477848304 0.11620731215376594 -0.047564887736763192 -0.041950450144476452 -0.055397593787589537 0.056749332123564318 -0.090328897318113166 0.42305798039385845 0.18058090561233059 -0.092971871449289395 0.081077766479094468 -0.13400793741249606 0.062292484793911064 0.022688060909519407 -0.15294999710435614 0.60486157078545089 0.41147695459138162 0.0055594342857069497 -0.082955357475293701 4.5975100830961676e-05 -0.012736754741728884 -0.30509436284519947
leaf_weight=427 91 210 34 80 45 289 127 116 27 40 167 231 95 73 39 57 39 138 339 137 54 54 207 41 66 90 23 1690 46 25
leaf_count=427 91 210 34 80 45 289 127 116 27 40 167 231 95 73 39 57 39 138 339 137 54 54 207 41 66 90 23 1690 46 25
internal_value=-0.00296825 5.65771e-06 -0.0175422 -0.00110714 -0.00174692 -0.00688258 -0.0149846 0.00957895 0.0168214 -0.000432379 -0.0193688 -0.0106027 -0.0176418 -0.00735922 0.00129231 0.00288889 -0.000658219 -0.000839189 -0.00268898 -0.00547349 -0.00254634 -0.00538739 -0.000430454 -0.00468339 -0.00742446 -0.00815054 0.00907317 0.000462069 -0.0123492 0.00323577
internal_weight=5097 4237 860 4027 3804 770 385 223 107 3034 258 433 129 304 385 346 2994 2955 1220 542 405 328 678 314 273 274 77 1735 184 364
internal_count=5097 4237 860 4027 3804 770 385 223 107 3034 258 433 129 304 385 346 2994 2955 1220 542 405 328 678 314 273 274 77 1735 184 364
is_linear=0
shrinkage=0.03


Tree=99
num_leaves=31
num_cat=0
split_feature=132 128 120 117 145 117 126 108 120 128 117 133 125 119 145 117 132 126 126 125 145 128 145 117 117 146 139 145 145 139
split_gain=273.602 100.679 53.9156 29.6006 19.1096 19.9662 19.7646 14.2259 13.2213 20.7794 21.3817 15.0067 14.1376 12.4529 11.3028 10.7982 14.1655 12.5902 10.0909 8.63011 7.64691 8.92173 7.61851 14.2886 12.9773 20.9292 33.0164 20.4977 35.6387 19.3402
threshold=1.1666666666666667 533.00000000000011 0.50000000000000011 469.00000000000006 10.500000000000002 13.500000000000002 -13.499999999999998 1.0000000180025095e-35 85.166666666666671 3.5000000000000004 1.0000000180025095e-35 4.9944382578492954 -30.499999999999996 344.50000000000006 3.5000000000000004 242.50000000000003 59.500000000000007 -6.4999999999999991 -1.4999999999999998 -1.4999999999999998 33.500000000000007 114.50000000000001 10.500000000000002 1.0000000180025095e-35 9.5000000000000018 21.500000000000004 -1.0000000180025095e-35 28.500000000000004 36.500000000000007 1.0000000180025095e-35
decision_type=8 10 2 2 2 2 10 2 2 10 2 8 10 2 2 2 10 10 8 10 2 10 2 2 2 2 2 2 2 2
left_child=2 3 -1 7 6 18 -4 8 9 10 11 14 -10 15 -2 16 -14 -18 -6 -20 21 -19 23 -11 25 26 -24 -27 -29 -30
right_child=1 -3 4 -5 5 -7 -8 -9 12 22 -12 -13 13 -15 -16 -17 17 20 19 -21 -22 -23 24 -25 -26 27 -28 28 29 -31
leaf_value=-0.041160348867587286 0.003931566145981202 3.0550488626494028 0.026839854010346807 5.0725958716822754 0.010787350230224712 0.12577565225836793 -0.047420342023792521 0.12328168479573776 0.75173091501650657 0.0023181654739980483 -0.0064629458237700317 -0.047392569723788136 0.45412144752024119 -0.27960808438838797 -0.0037783266900382451 0.50150008973208826 -0.17836872223506914 -0.097283726050175504 0.024080570089168512 -0.046242473742787629 0.10544797605572789 0.01679925285757098 -0.018839743185614446 -0.076052959691610619 0.003644340250360578 0.011278355966875013 -0.080687511363681436 -0.099478949578328507 -0.1523910153502234 0.045756900442752407
leaf_weight=531 20 210 29 39 39 91 98 45 128 526 260 102 60 65 182 104 87 65 28 140 106 126 221 81 736 399 145 178 64 192
leaf_count=531 20 210 29 39 39 91 98 45 128 526 260 102 60 65 182 104 87 65 28 140 106 126 221 81 736 399 145 178 64 192
internal_value=-0.00299177 0.000353111 -0.0174131 -0.000737805 -0.00926512 -0.00493069 -0.0188182 -0.00101463 -0.00122118 -0.002081 -0.00726538 -0.0126019 0.00236461 0.000427184 -0.00750725 0.00194213 -0.000120267 -0.0022982 -0.0100189 -0.0131445 0.000675497 -0.00287755 -0.000916372 0.002 -0.00183711 -0.00375748 -0.00968733 -0.00110263 -0.00558998 0.00158621
internal_weight=5097 4141 956 3931 425 298 127 3892 3847 3106 564 304 741 613 202 548 444 384 207 168 297 191 2542 607 1935 1199 366 833 434 256
internal_count=5097 4141 956 3931 425 298 127 3892 3847 3106 564 304 741 613 202 548 444 384 207 168 297 191 2542 607 1935 1199 366 833 434 256
is_linear=0
shrinkage=0.03


Tree=100
num_leaves=31
num_cat=0
split_feature=132 128 120 117 144 117 108 118 128 117 133 128 137 125 144 142 144 124 135 117 128 135 128 131 128 144 145 121 125 130
split_gain=275.389 97.3148 53.9156 29.681 20.052 19.8848 14.7437 14.1033 14.041 32.6975 15.0067 12.2194 11.3028 8.9051 8.4587 19.1164 49.17 16.9435 16.6425 13.2529 13.1892 17.996 9.94417 11.5412 9.8643 10.6981 13.9937 13.0968 10.0586 9.52108
threshold=1.1666666666666667 533.00000000000011 0.50000000000000011 229.50000000000003 10.500000000000002 13.500000000000002 1.0000000180025095e-35 1.5000000000000002 3.5000000000000004 1.0000000180025095e-35 4.9944382578492954 275.50000000000006 3.5000000000000004 -1.4999999999999998 10.500000000000002 9.5000000000000018 15.500000000000002 -102.49999999999999 18.928571428571434 1.0000000180025095e-35 60.500000000000007 75.928571428571445 156.50000000000003 304.00000000000006 218.50000000000003 29.500000000000004 31.500000000000004 2.5000000000000004 1.0000000180025095e-35 7.5000000000000009
decision_type=8 10 2 2 2 2 2 2 10 2 8 10 2 10 2 2 2 2 10 2 10 8 10 8 10 2 2 2 10 10
left_child=2 3 -1 6 7 13 8 -4 9 10 12 -5 -2 -6 18 16 -16 -17 29 20 -20 -22 -23 -24 25 -19 28 -28 -27 -10
right_child=1 -3 4 11 5 -7 -8 -9 14 -11 -12 -13 -14 -15 15 17 -18 24 19 -21 21 22 23 -25 -26 26 27 -29 -30 -31
leaf_value=-0.039925538401559664 0.0038136191616017687 2.9633973967699205 -0.038043595910059007 1.7247721115148511 0.023270859906292286 0.12200238269061685 0.11958323425186548 -0.052860141692438502 0.0014821156369128419 0.0023303791728094933 -0.045970792632074493 0.16663829508340114 -0.0036649768893370991 -0.040764450972603714 -0.00052995089224912913 0.48085587211983832 -0.081821324918538205 0.0060896965622980566 -0.0029211360944789177 -0.074186169706462482 0.5064507726494567 -0.010061625656305181 1.1949638223827126 0.0014544919767996588 -0.29731423897312537 -0.14934812393456223 -0.073801851163424123 -6.4734359704772255e-05 0.071975001783029277 0.0039609879454139477
leaf_weight=531 20 210 53 102 33 91 45 69 86 353 102 114 182 179 328 246 152 634 198 89 44 75 24 71 57 100 82 741 21 65
leaf_count=531 20 210 53 102 33 91 45 69 86 353 102 114 182 179 328 246 152 634 198 89 44 75 24 71 57 100 82 741 21 65
internal_value=-0.00294473 0.000410999 -0.0174131 -0.000661585 -0.00926512 -0.00494805 -0.00129677 -0.0193228 -0.00151673 -0.00547432 -0.0126019 0.0100181 -0.00750725 -0.00992627 -0.000644135 -0.00148098 -0.00679175 -0.000108165 0.0023653 -0.000284585 0.002 0.00709589 0.00236571 0.00864 -0.00122195 -0.000754264 -0.00277555 -0.00133333 -0.0120952 0.0109231
internal_weight=5097 4141 956 3931 425 303 3715 122 3670 657 304 216 202 212 3013 2361 480 1881 652 501 412 214 170 95 1635 1578 944 823 121 151
internal_count=5097 4141 956 3931 425 303 3715 122 3670 657 304 216 202 212 3013 2361 480 1881 652 501 412 214 170 95 1635 1578 944 823 121 151
is_linear=0
shrinkage=0.03


Tree=101
num_leaves=31
num_cat=0
split_feature=132 128 120 117 144 126 117 124 128 118 131 123 131 133 133 144 127 141 119 123 135 124 127 132 128 135 117 131 146 132
split_gain=274.802 91.4498 55.0072 29.2325 20.6313 20.9216 19.2265 15.1485 21.6567 18.0523 22.9621 19.0519 19.738 15.1555 12.3039 11.9604 10.7191 12.0928 14.8571 14.3199 12.8777 12.3448 11.2152 10.6595 10.2832 10.2477 9.78644 15.8917 16.484 14.1963
threshold=1.1666666666666667 533.00000000000011 0.50000000000000011 469.00000000000006 10.500000000000002 -13.499999999999998 13.500000000000002 2.5000000000000004 10.500000000000002 1.0000000180025095e-35 1.0000000180025095e-35 1.5000000000000002 66.500000000000014 6.8958842066956336 4.1497721826524154 31.500000000000004 -0.61180555555555549 1.0000000180025095e-35 89.500000000000014 18.500000000000004 26.642857142857149 28.500000000000004 0.53939393939393943 275.50000000000006 74.500000000000014 75.928571428571445 2.5000000000000004 147.50000000000003 22.500000000000004 33.166666666666679
decision_type=8 10 2 2 2 10 2 2 10 2 10 2 10 8 10 2 8 2 2 2 8 2 10 10 10 10 2 8 2 10
left_child=2 3 -1 7 5 -4 -6 8 9 13 -11 15 -13 -2 -10 -12 -9 18 20 -19 -18 -22 -21 -20 25 26 27 28 -16 -28
right_child=1 -3 4 -5 6 -7 -8 16 14 10 11 12 -14 -15 24 -17 17 19 23 22 21 -23 -24 -25 -26 -27 29 -29 -30 -31
leaf_value=-0.038727772249512876 -0.0023105614662644134 2.8744954748668237 0.027175966267338179 4.8686748321863629 -0.038081728898680424 -0.05072725146247492 0.11834231120989834 -0.16409413058118413 0.0037587764001822776 0.029883099635225528 0.02130430433803986 -0.067385325172457558 0.20634727374533468 -0.044591668853112262 -0.089225150963215136 -0.079575296809122648 0.034498120226942652 0.035616986111596985 0.5310186768408206 -0.029407720672238076 -0.032875258088878742 0.045873637372124562 -0.41487381205956314 -0.073864513821946504 0.011639249298179237 -0.19658302257712662 0.093212438741824444 0.025869217571664507 -0.059490996179278811 -0.03025839528919853
leaf_weight=531 397 210 29 39 212 93 91 26 818 121 35 140 48 130 66 21 231 85 80 122 127 377 30 26 589 45 32 72 225 49
leaf_count=531 397 210 29 39 212 93 91 26 818 121 35 140 48 130 66 21 231 85 80 122 127 377 30 26 589 45 32 72 225 49
internal_value=-0.00289769 0.000454414 -0.0173507 -0.000585366 -0.00912558 -0.0193228 -0.00475325 -0.000860662 -0.00203867 -0.0058796 -0.000713514 -0.006 -0.0105389 -0.00940602 -0.00021778 0.0087541 0.0021046 0.00259834 0.00428369 -0.00332231 0.00270811 0 -0.00875159 0.0145405 -0.00232133 -0.00551417 -0.00399555 -0.00609783 -0.0092027 0.00516279
internal_weight=5097 4141 956 3931 425 122 303 3892 2788 892 365 244 188 527 1896 56 1104 1078 841 237 735 504 152 106 1078 489 444 363 291 81
internal_count=5097 4141 956 3931 425 122 303 3892 2788 892 365 244 188 527 1896 56 1104 1078 841 237 735 504 152 106 1078 489 444 363 291 81
is_linear=0
shrinkage=0.03


Tree=102
num_leaves=31
num_cat=0
split_feature=132 128 120 117 144 126 117 108 128 128 117 135 143 144 126 135 120 117 126 125 125 126 127 126 132 69 130 144 135 135
split_gain=273.909 89.8174 55.0072 28.0455 20.6313 20.9216 19.2265 14.6166 12.7914 11.4975 24.047 23.2957 17.807 13.5 15.3845 13.1672 9.52599 9.7125 9.50465 9.42087 9.38893 8.31509 7.18985 7.4699 7.13493 6.62135 7.3195 12.6872 14.1619 11.8757
threshold=1.1666666666666667 543.00000000000011 0.50000000000000011 225.50000000000003 10.500000000000002 -13.499999999999998 13.500000000000002 1.0000000180025095e-35 164.50000000000003 10.500000000000002 1.0000000180025095e-35 16.071428571428573 37.500000000000007 35.500000000000007 -11.499999999999998 4.9285714285714297 6.5000000000000009 146.50000000000003 -1.4999999999999998 -1.4999999999999998 -4.4999999999999991 -25.499999999999996 0.32430949332357789 17.500000000000004 405.50000000000006 1.0000000180025095e-35 39.500000000000007 10.500000000000002 18.928571428571434 11.928571428571431
decision_type=8 10 2 2 2 10 2 2 10 10 2 8 2 2 8 10 2 2 8 10 8 8 10 10 10 2 8 2 10 10
left_child=2 3 -1 7 5 -4 18 9 -5 10 11 12 15 14 -12 -2 -16 -18 -6 -20 -14 -3 23 24 -10 26 27 28 -11 -29
right_child=1 21 4 8 6 -7 -8 -9 22 25 13 -13 20 -15 16 -17 17 -19 19 -21 -22 -23 -24 -25 -26 -27 -28 29 -30 -31
leaf_value=-0.037565939082027482 0.0018093971228837179 2.1391032879050771 0.026360687279318045 2.4077292906479513 0.012829115119456494 -0.049205433918600675 0.11479204187360131 0.11461952810314585 0.56336455753315617 0.024636531871537776 -0.10792580644187541 -0.043253918787518893 0.027234897454544011 -0.057245198011691714 0.015753345381090744 -0.016152647152135685 -5.7844985879214051e-05 0.76207968566492412 0.023715185976063941 -0.041120446872599685 -0.0090279703573119142 3.4011066095796134 -0.14393333765418559 -0.059966394301060856 -0.00024095639790346011 0.56963716063489045 -0.0089112074927412254 -0.027591740247761381 0.0013251770086827718 0.016894723391308097
leaf_weight=531 53 35 29 66 39 93 91 45 69 43 43 119 37 76 109 31 239 35 29 144 390 170 23 41 29 41 1521 203 103 620
leaf_count=531 53 35 29 66 39 93 91 45 69 43 43 119 37 76 109 31 239 35 29 144 390 170 23 41 29 41 1521 203 103 620
internal_value=-0.00292121 0.00042547 -0.0173507 -0.000592235 -0.00912558 -0.0193228 -0.00475325 -0.0012265 0.00950215 -0.00144602 -0.00395251 -0.00783307 -0.00493023 0.000934911 0.00304872 0.00734831 0.00501031 0.00191398 -0.00964977 -0.0126067 -0.00741667 0.0195429 0.00463473 0.00725 0.0115922 -0.000317035 -0.000526653 0.00150308 0.00949669 2.89855e-05
internal_weight=5097 4141 956 3936 425 122 303 3708 228 3663 1132 630 511 502 426 84 383 274 212 173 427 205 162 139 98 2531 2490 969 146 823
internal_count=5097 4141 956 3936 425 122 303 3708 228 3663 1132 630 511 502 426 84 383 274 212 173 427 205 162 139 98 2531 2490 969 146 823
is_linear=0
shrinkage=0.03


Tree=103
num_leaves=31
num_cat=0
split_feature=132 121 120 129 144 126 117 108 121 144 146 126 117 120 139 135 125 126 125 123 144 125 144 132 127 133 132 118 117 117
split_gain=275.697 86.274 55.0072 25.2701 20.6313 20.9216 19.2265 13.7713 14.4409 19.6013 43.195 19.6988 11.8371 10.6888 23.2304 11.6588 10.1888 9.50465 9.42087 9.08444 10.9742 8.62829 10.4484 12.7514 14.0485 12.1118 15.0204 10.2423 8.89463 8.53185
threshold=1.1666666666666667 495.50000000000006 0.50000000000000011 559.50000000000011 10.500000000000002 -13.499999999999998 13.500000000000002 1.0000000180025095e-35 70.500000000000014 15.500000000000002 17.500000000000004 -203.49999999999997 1.0000000180025095e-35 0.50000000000000011 0.87837969732492682 85.785714285714292 -43.499999999999993 -1.4999999999999998 -1.4999999999999998 1.5000000000000002 33.500000000000007 -205.49999999999997 33.500000000000007 359.00000000000006 0.021490147783251236 44.934508763029818 75.500000000000014 206.50000000000003 90.500000000000014 116.50000000000001
decision_type=8 2 2 10 2 10 2 2 2 2 2 10 2 2 2 10 8 8 10 2 2 10 2 10 10 10 10 2 2 2
left_child=2 3 -1 7 5 -4 17 8 9 11 -11 12 -2 14 -12 16 -15 -6 -19 20 -18 27 25 24 -24 -23 29 -10 -26 -27
right_child=1 -3 4 -5 6 -7 -8 -9 21 10 13 -13 -14 15 -16 -17 19 18 -20 -21 -22 22 23 -25 28 26 -28 -29 -30 -31
leaf_value=-0.036438960909566658 -0.041956301223893322 3.260733012737778 0.025569866660938495 2.401639025731074 0.012444241665872801 -0.047729270901042647 0.11134828061739334 0.1111809422600514 0.069455185583870718 -0.057823372505073772 -0.051688312779040319 0.0010521696251576172 -0.004316651204533048 0.45076978716787042 0.007683038407180369 -0.17736296885772965 0.023796210271851935 0.02300373039678202 -0.039886833466421696 -0.0058933668465880372 -0.052283647504330573 0.0042500887499438986 0.29211627217766306 -0.13252288009421193 -0.19594288286944489 0.41043710367351321 -0.35821193591375694 2.6668921489995268 0.032038178111867946 -0.14812985297798661
leaf_weight=531 53 178 29 62 39 93 91 45 32 115 174 886 70 35 103 84 62 29 144 942 28 665 271 31 37 22 113 29 82 22
leaf_count=531 53 178 29 62 39 93 91 45 32 115 174 886 70 35 103 84 62 29 144 942 28 665 271 31 37 22 113 29 82 22
internal_value=-0.00287417 0.000483357 -0.0173507 -0.000444556 -0.00912558 -0.0193228 -0.00475325 -0.000758833 -0.000961927 -0.00227376 -0.00439535 0.000970414 -0.0100312 -0.00292673 -0.00817021 -0.00162976 -0.00075 -0.00964977 -0.0126067 -0.00132498 0.00751579 0.00159969 0.00102885 0.00484507 0.00636456 -0.000935913 -0.0082963 0.0121818 -0.00212903 0.006
internal_weight=5097 4141 956 3963 425 122 303 3901 3856 2552 1543 1009 123 1428 277 1151 1067 212 173 1032 90 1304 1243 421 390 822 157 61 119 44
internal_count=5097 4141 956 3963 425 122 303 3901 3856 2552 1543 1009 123 1428 277 1151 1067 212 173 1032 90 1304 1243 421 390 822 157 61 119 44
is_linear=0
shrinkage=0.03


Tree=104
num_leaves=31
num_cat=0
split_feature=132 121 120 129 144 126 117 108 121 144 146 131 136 136 124 132 131 135 117 120 139 121 126 125 144 144 136 129 135 125
split_gain=276.145 86.1503 55.0072 22.8137 20.6313 20.9216 19.2265 13.7172 13.0912 18.4861 43.9816 17.8917 32.1591 12.215 11.1061 17.3259 10.6895 9.98845 16.5727 9.72737 21.6512 11.0981 9.50465 9.42087 8.59134 8.54601 9.29888 8.29429 8.68793 8.83178
threshold=1.1666666666666667 495.50000000000006 0.50000000000000011 559.50000000000011 10.500000000000002 -13.499999999999998 13.500000000000002 1.0000000180025095e-35 70.500000000000014 15.500000000000002 17.500000000000004 30.500000000000004 1.737892477679319 47.536236705202867 -7.4999999999999991 716.66666666666686 123.50000000000001 392.71428571428578 1.0000000180025095e-35 0.50000000000000011 0.87837969732492682 63.500000000000007 -1.4999999999999998 -1.4999999999999998 11.500000000000002 26.500000000000004 7.2311206806561241 96.500000000000014 79.357142857142875 -43.499999999999993
decision_type=8 2 2 10 2 10 2 2 2 2 2 8 10 10 2 8 8 8 2 2 2 2 8 10 2 2 10 8 10 10
left_child=2 3 -1 7 5 -4 22 8 9 11 -11 12 -2 17 15 -3 19 -13 -19 20 25 27 -6 -24 -5 26 -12 28 29 -21
right_child=1 14 4 24 6 -7 -8 -9 -10 10 16 13 -14 -15 -16 -17 -18 18 -20 21 -22 -23 23 -25 -26 -27 -28 -29 -30 -31
leaf_value=-0.035345792082279663 -0.0015890628163352982 2.3586996145236125 0.024802770661110338 3.9374871968891423 0.012070914415896618 -0.046297392774011369 0.10800783219887158 0.10784551399224994 0.019247084152379017 -0.056088671329921555 0.0070540737526221149 -8.569548840100082e-05 0.0027918464558416376 1.9860386045344653 4.0632460599935856 -4.6464694144748542 -0.19345218580727908 -0.040697612187176525 0.000405681291280926 0.43005685317215309 0.013295928807038768 -0.073395387234449314 0.022313618484878565 -0.03869022846242904 0.32906855101911103 -0.052741297273331489 -0.067170499521110677 0.23965748510682458 -0.13621621137563444 -0.0010550153932473005
leaf_weight=531 148 64 29 38 39 93 91 45 1304 115 32 623 112 31 93 21 60 54 41 34 86 63 29 144 24 98 36 41 22 956
leaf_count=531 148 64 29 38 39 93 91 45 1304 115 32 623 112 31 93 21 60 54 41 34 86 63 29 144 24 98 36 41 22 956
internal_value=-0.00286241 0.000497829 -0.0173507 -0.000429435 -0.00912558 -0.0193228 -0.00475325 -0.000728111 -0.000930847 -0.0021799 -0.00424031 0.000970414 0.00767547 -0.00138462 0.020623 0.0116 -0.00275925 -0.00223237 -0.01104 -0.00218063 -0.00744747 -0.000958073 -0.00964977 -0.0126067 0.0169254 -0.0136491 -0.00484932 -0.000192817 -0.000761062 -0.000295477
internal_weight=5097 4141 956 3963 425 122 303 3901 3856 2552 1543 1009 260 749 178 85 1428 718 95 1368 252 1116 212 173 62 166 68 1053 1012 990
internal_count=5097 4141 956 3963 425 122 303 3901 3856 2552 1543 1009 260 749 178 85 1428 718 95 1368 252 1116 212 173 62 166 68 1053 1012 990
is_linear=0
shrinkage=0.03


Tree=105
num_leaves=31
num_cat=0
split_feature=138 129 120 128 117 144 128 126 120 124 131 131 131 108 119 126 121 130 136 144 144 131 136 125 133 130 136 127 126 144
split_gain=211.943 91.5028 47.5127 39.0589 58.4892 20.6677 18.8654 17.9102 17.6555 13.4767 13.3349 13.2803 12.503 11.3376 9.21288 9.86965 18.2488 18.5813 11.2096 11.113 16.8257 12.7395 14.6921 11.2078 9.4581 11.769 9.29259 8.80406 8.66055 8.96944
threshold=0.30952380952380959 496.00000000000006 0.50000000000000011 3.5000000000000004 1.0000000180025095e-35 10.500000000000002 1.5000000000000002 -13.499999999999998 31.833333333333339 238.00000000000003 66.500000000000014 408.50000000000006 20.500000000000004 1.0000000180025095e-35 135.50000000000003 5.5000000000000009 47.500000000000007 90.500000000000014 12.2015381626944 29.500000000000004 32.500000000000007 6.5000000000000009 6.7142855422896837 1.0000000180025095e-35 27.497462087586356 88.500000000000014 4.2048167615236141 0.20820433436532509 -1.0000000180025095e-35 40.500000000000007
decision_type=8 10 2 8 2 2 10 10 2 2 8 10 10 2 2 8 2 10 10 2 2 10 10 10 10 8 10 10 8 2
left_child=2 3 -1 4 6 7 -2 -4 -7 11 12 13 -6 14 15 19 -17 -18 -19 -5 23 -22 26 -21 28 -26 -23 -24 29 -16
right_child=1 -3 5 9 10 8 -8 -9 -10 -11 -12 -13 -14 -15 24 16 17 18 -20 20 21 22 27 -25 25 -27 -28 -29 -30 -31
leaf_value=-0.034285418319811273 -0.035734453543513407 2.2145624113639966 0.039064898383219922 0.0014769192611940696 0.0045271433291471652 -0.033348351767676497 -0.0016908876884420732 -0.04545555696998145 1.0971308778120692 1.8808535742075689 0.24179025586981678 -0.11672665376635222 -0.031309501792007914 0.092433851177093157 -0.057871011886962122 -0.039476683821561227 0.093353007010229652 0.20090720736312334 -0.20075060381539905 -0.10880855885412991 -0.057568684814717455 -0.00010664195563707679 0.0031978292731250765 0.070062793192877768 0.48875305663116336 -0.15672406742251838 0.063074160949511626 -0.12840450232228517 0.39451488760377629 0.55965605171375499
leaf_weight=415 293 236 26 1405 173 243 137 90 39 57 113 57 77 41 96 242 199 22 62 132 124 40 315 26 29 109 64 38 177 20
leaf_count=415 293 236 26 1405 173 243 137 90 39 57 113 57 77 41 96 242 199 22 62 132 124 40 315 26 29 109 64 38 177 20
internal_value=-0.00298001 -0.000306365 -0.0169731 -0.00137528 -0.00732331 -0.00936476 -0.0147448 -0.0197851 -0.00478746 8.09816e-05 0.00153261 -0.000185451 -0.00232941 8.39161e-05 -0.000133333 -0.000794316 -0.00446038 0.000708333 -0.0107191 0.000108888 -0.00285484 -0.000450512 0.00187013 -0.0113742 0.00390826 -0.00247552 0.0115046 -0.00107263 0.00692617 0.000446281
internal_weight=5097 4284 813 4048 793 398 430 116 282 3255 363 3198 250 3141 3100 2669 525 283 84 2144 739 581 457 158 431 138 104 353 293 116
internal_count=5097 4284 813 4048 793 398 430 116 282 3255 363 3198 250 3141 3100 2669 525 283 84 2144 739 581 457 158 431 138 104 353 293 116
is_linear=0
shrinkage=0.03


Tree=106
num_leaves=31
num_cat=0
split_feature=132 121 120 128 144 126 144 125 108 121 128 144 131 125 128 128 139 124 130 131 124 124 128 120 123 144 126 122 131 139
split_gain=270.518 83.013 57.2211 28.8038 16.2287 18.351 15.5919 15.4978 13.7936 12.1282 21.3874 13.2235 22.4099 14.4975 11.6188 11.5716 11.4831 10.7774 10.5883 10.5404 9.61578 9.22957 19.0127 9.0158 10.4063 8.69569 12.17 12.6707 12.3106 10.9193
threshold=1.1666666666666667 509.50000000000006 0.50000000000000011 559.50000000000011 10.500000000000002 -13.499999999999998 15.500000000000002 -1.4999999999999998 1.0000000180025095e-35 70.500000000000014 3.5000000000000004 10.500000000000002 27.500000000000004 -2.4999999999999996 7.5000000000000009 421.00000000000006 -0.60785761079279388 -17.499999999999996 9.5000000000000018 1.0000000180025095e-35 258.00000000000006 -7.4999999999999991 729.50000000000011 1.0000000180025095e-35 15.500000000000002 40.500000000000007 -6.4999999999999991 135.50000000000003 331.50000000000006 -1.0000000180025095e-35
decision_type=8 2 2 10 2 10 2 10 2 2 10 2 8 10 10 10 2 2 8 8 2 2 8 2 2 2 8 2 10 2
left_child=2 3 -1 8 5 -4 -6 -8 9 10 23 12 14 16 -12 20 -13 -15 -14 -19 25 22 -3 -2 -25 26 29 28 -28 -11
right_child=1 21 4 -5 6 -7 7 -9 -10 15 11 13 18 17 -16 -17 -18 19 -20 -21 -22 -23 -24 24 -26 -27 27 -29 -30 -31
leaf_value=-0.033256855770216927 -0.025245769512966126 2.4256537448878248 0.022886740589780432 2.2812532346646703 0.12067896667637536 -0.043544804281691586 0.029215309074450566 -0.035898697365635265 0.10183713303716985 -0.14435154215173071 3.5374600326187887e-05 0.026733998671364532 0.025961565901907038 -0.074929999609129702 0.0028306709986340903 -0.25622231929282263 -0.0019395965846779716 -0.054081178308504875 -0.00092832943911950842 -0.002017898999905756 1.9438501127274332 4.046036587100919 -4.5735122043815286 -0.001067324679175834 -0.065889969233414808 0.14960024495655566 0.026682228837237143 0.30656219570667814 -0.48532691516978727 3.8311199325278267e-05
leaf_weight=531 197 58 29 66 62 93 51 190 45 110 31 117 47 202 62 60 221 128 421 800 28 83 21 208 116 160 646 131 24 159
leaf_count=531 197 58 29 66 62 93 51 190 45 110 31 117 47 202 62 60 221 128 421 800 28 83 21 208 116 160 646 131 24 159
internal_value=-0.00288593 0.000439942 -0.0172258 -0.000427711 -0.00884651 -0.0179055 -0.00494805 -0.00839024 -0.000771822 -0.000974438 -0.0021816 -0.000778761 0.00311661 -0.00227699 0.0161633 0.00135601 0.0031312 -0.00390661 0.000367865 -0.00250161 0.0019905 0.0211617 0.0124286 -0.00757414 -0.00435866 0.0015498 0.000552558 0.00241191 0.000702222 -0.00490511
internal_weight=5097 4141 956 3979 425 122 303 241 3913 3868 2550 2029 561 1468 93 1318 338 1130 468 928 1258 162 79 521 324 1230 1070 801 670 269
internal_count=5097 4141 956 3979 425 122 303 241 3913 3868 2550 2029 561 1468 93 1318 338 1130 468 928 1258 162 79 521 324 1230 1070 801 670 269
is_linear=0
shrinkage=0.03


Tree=107
num_leaves=31
num_cat=0
split_feature=132 129 120 117 144 117 126 124 129 143 145 144 131 129 117 139 127 127 130 126 133 144 126 127 117 144 144 144 117 120
split_gain=269.494 81.5138 58.3435 19.5955 16.7522 19.2265 18.351 10.3875 14.9771 21.5387 33.4959 15.0673 16.7073 14.8305 13.6003 11.3527 13.2988 12.2652 11.3483 9.62446 11.7554 9.72393 9.50465 8.44504 8.20053 12.645 17.4568 12.086 8.12059 7.83756
threshold=1.1666666666666667 496.00000000000006 0.50000000000000011 514.50000000000011 10.500000000000002 13.500000000000002 -13.499999999999998 2.5000000000000004 27.500000000000004 38.500000000000007 18.500000000000004 28.500000000000004 8.5000000000000018 20.500000000000004 29.500000000000004 -0.60785761079279388 0.50280898876404512 -0.61180555555555549 26.500000000000004 -5.4999999999999991 1.0000000180025095e-35 40.500000000000007 -1.4999999999999998 -0.74662162162162149 541.50000000000011 10.500000000000002 17.500000000000004 38.500000000000007 1.0000000180025095e-35 66.166666666666671
decision_type=8 10 2 2 2 2 10 2 10 2 2 2 10 8 2 2 10 8 8 10 10 2 8 10 2 2 2 2 2 2
left_child=2 3 -1 7 6 22 -4 8 9 13 28 12 -12 -2 -15 16 -9 -17 -10 20 -20 -22 -6 -24 25 -3 -27 -28 -11 -19
right_child=1 24 4 -5 5 -7 -8 15 18 10 11 -13 -14 14 -16 17 -18 29 19 -21 21 -23 23 -25 -26 26 27 -29 -30 -31
leaf_value=-0.032259150097110424 0.0010848246923353022 3.579487532625202 0.022200138372087022 7.2582101193634889 0.013786198457419071 0.10684500870690491 -0.042238460153240842 -0.00071367523406664192 0.054720753859369427 -0.059334092311294842 0.0091848256073216953 -0.034332735421870438 -0.056482257820791977 -0.03753501022152541 0.32757690159837494 -0.17242418036623541 -0.13309713556690417 0.0046750491425286709 0.082890321742601136 0.0015199782315067976 -0.078040835478121545 0.37633472673462481 0.029086172043397515 -0.035510496523061742 3.5735307082398284 -2.4862300530571257 1.6611401079574171 -0.29177905015228245 -0.0070771513977535066 0.3047068577388069
leaf_weight=531 300 44 29 23 39 91 93 185 156 120 191 360 123 98 23 26 52 599 43 1101 199 28 20 153 57 36 74 25 29 249
leaf_count=531 300 44 29 23 39 91 93 185 156 120 191 360 123 98 23 26 52 599 43 1101 199 28 20 153 57 36 74 25 29 249
internal_value=-0.00285065 0.000468886 -0.0171634 -0.000573913 -0.00870698 -0.00475325 -0.0179055 -0.000754824 -0.00173775 -0.00417454 -0.00698551 -0.00405596 0.000733542 0.00132394 -0.00733333 0.00168817 -0.00406612 0.00326962 0.000250653 -0.000627907 -0.00565091 -0.00837931 -0.00964977 -0.0126067 0.0174025 0.0135 0.00831429 0.0146538 -0.0196364 0.003932
internal_weight=5097 4141 956 3905 425 303 122 3882 2771 1244 823 674 314 421 121 1111 237 874 1527 1371 270 227 212 173 236 179 135 99 149 848
internal_count=5097 4141 956 3905 425 303 122 3882 2771 1244 823 674 314 421 121 1111 237 874 1527 1371 270 227 212 173 236 179 135 99 149 848
is_linear=0
shrinkage=0.03


Tree=108
num_leaves=31
num_cat=0
split_feature=132 121 120 128 145 126 117 108 133 135 117 138 145 145 126 131 117 136 120 136 133 117 126 131 125 126 142 129 145 117
split_gain=271.988 80.2731 56.109 26.2906 14.9591 17.3726 16.412 9.86703 9.78569 14.1284 17.4066 13.7537 16.5409 14.0086 15.3562 23.8527 15.7316 15.1024 15.3652 14.2096 13.4877 12.5279 12.2445 12.2285 11.3999 9.6784 9.50117 11.0072 8.55527 8.35962
threshold=1.1666666666666667 509.50000000000006 0.50000000000000011 559.50000000000011 10.500000000000002 -13.499999999999998 13.500000000000002 1.0000000180025095e-35 0.65824829046386313 7.0714285714285721 1.5000000000000002 0.73214285714285732 38.500000000000007 32.500000000000007 1.0000000180025095e-35 2.5000000000000004 3.5000000000000004 6.6101256253450194 15.833333333333334 30.580756852451476 4.9440812476641245 34.500000000000007 3.5000000000000004 15.500000000000002 28.500000000000004 -1.4999999999999998 9.5000000000000018 32.500000000000007 19.500000000000004 541.50000000000011
decision_type=8 2 2 10 2 10 2 2 8 10 2 10 2 2 10 10 2 10 2 10 8 2 8 8 10 8 2 10 2 2
left_child=2 3 -1 7 5 -4 25 8 22 10 20 12 26 14 15 -13 -17 -15 -19 21 23 -20 -2 28 -21 -6 -11 -28 -10 -3
right_child=1 29 4 -5 6 -7 -8 -9 9 11 -12 13 -14 17 -16 16 -18 18 19 24 -22 -23 -24 -25 -26 -27 27 -29 -30 -31
leaf_value=-0.031291375594197111 0.0014743788845618154 1.7269091859069878 0.021534134220924414 2.1423145941724999 0.013372612503696502 -0.034655982398474283 0.10363965844569775 0.098641767571778866 -0.051909924739250227 -0.06068660827912474 0.002093741885989737 -0.00094607890289111652 -0.16397118472678926 0.028080909686868123 0.019070657046123499 -0.10029512070298378 -0.029463819489742277 -0.096997455999211432 0.054748416332034519 0.34210012414365604 -0.036408959914879642 -0.046467828140549727 -0.034901656479837916 0.026297434311697208 -0.66762392414427318 -0.034351003712227414 0.0093136574086791681 0.33131608593299827 -0.021319382088378552 4.3359897493546944
leaf_weight=531 893 85 29 66 39 98 91 45 36 47 156 305 106 95 236 240 168 107 54 135 100 178 193 38 21 168 373 290 97 77
leaf_count=531 893 85 29 66 39 98 91 45 36 47 156 305 106 95 236 240 168 107 54 135 100 178 193 38 21 168 373 290 97 77
internal_value=-0.00290945 0.00042547 -0.0172882 -0.000427711 -0.00898605 -0.0174545 -0.00512871 -0.000756508 -0.000927963 -0.00187083 -0.00686111 -0.000950847 0.00218514 -0.00261917 -0.00486792 -0.00705292 -0.011753 0.000998319 -0.001128 0.00166412 -0.0113913 -0.00301266 0.00147938 -0.00593182 0.00853416 -0.00973585 0.00385175 0.00479641 -0.0101739 0.0208024
internal_weight=5097 4141 956 3979 425 127 298 3913 3868 2782 427 2355 816 1539 949 713 408 590 495 388 271 232 1086 171 156 207 710 663 133 162
internal_count=5097 4141 956 3979 425 127 298 3913 3868 2782 427 2355 816 1539 949 713 408 590 495 388 271 232 1086 171 156 207 710 663 133 162
is_linear=0
shrinkage=0.03


Tree=109
num_leaves=31
num_cat=0
split_feature=132 121 120 128 144 126 117 124 129 144 146 136 127 122 139 125 125 124 128 136 128 144 119 139 128 117 117 119 117 131
split_gain=264.208 81.3001 58.3435 26.6866 16.7522 18.351 15.4086 11.8172 14.2505 20.4217 33.7317 19.5012 13.8504 11.1886 10.4388 17.0476 10.6107 10.4176 17.9048 9.79504 10.4947 9.25424 8.95015 10.2146 8.46178 9.41283 8.18502 7.89972 19.1384 10.8688
threshold=1.1666666666666667 509.50000000000006 0.50000000000000011 559.50000000000011 10.500000000000002 -13.499999999999998 34.500000000000007 2.5000000000000004 27.500000000000004 13.500000000000002 18.500000000000004 0.36130255118092386 -0.8291666666666665 13.500000000000002 -0.60785761079279388 16.500000000000004 -74.499999999999986 -7.4999999999999991 729.50000000000011 5.5339567676293084 7.5000000000000009 10.500000000000002 89.500000000000014 1.0000000180025095e-35 167.50000000000003 246.00000000000003 1.0000000180025095e-35 23.500000000000004 2.5000000000000004 133.50000000000003
decision_type=8 2 2 10 2 10 2 2 10 2 2 10 8 2 2 10 8 2 8 10 10 2 2 2 10 2 2 2 2 10
left_child=2 3 -1 7 5 -4 -6 8 9 11 26 13 -12 21 15 -9 -16 18 -3 -13 -21 -2 24 -24 -18 -26 -11 28 -14 -29
right_child=1 17 4 -5 6 -7 -8 14 -10 10 12 19 27 -15 16 -17 22 -19 -20 20 -22 -23 23 -25 25 -27 -28 29 -30 -31
leaf_value=-0.030352634326371204 -0.035316691117433255 2.2767964700121022 0.020888110194296691 2.0780451563473252 -0.029175095286618474 -0.039931626876689386 0.47875655164162584 0.0030432946155605121 -0.00017033368149533599 -0.054653109962697712 0.044735135828710457 0.002585592854498948 -0.025691321205262036 0.39234577313031394 -0.13941588042669326 -0.28176909703653918 0.023554603287727058 3.6962450945119949 -4.4793607423227249 -0.014640592834195273 0.0011708211624059705 -0.0012559350297297244 0.60409423912959703 -0.053014680679526832 -0.24246080240112775 0.59373935984439974 -0.0069276491124005803 -0.1250361005495903 0.015388136188689802 0.5343773222819439
leaf_weight=531 82 58 29 66 255 93 48 173 1553 121 93 138 377 23 22 64 649 83 21 26 72 78 77 26 66 41 29 120 63 20
leaf_count=531 82 58 29 66 255 93 48 173 1553 121 93 138 377 23 22 64 649 83 21 26 72 78 77 26 66 41 29 120 63 20
internal_value=-0.00299177 0.000295224 -0.0171634 -0.000563253 -0.00870698 -0.0179055 -0.00475325 -0.000894334 -0.00193714 -0.00432558 -0.00705797 0.00104717 -0.00410619 -0.00619149 0.00170436 -0.00381818 0.00320993 0.0208024 0.0117143 0.0066971 -0.000524272 -0.00905455 0.00377778 0.0118889 0.00259396 -0.00503571 -0.0197032 -0.0058359 -0.0037618 -0.0119586
internal_weight=5097 4141 956 3979 425 122 303 3913 2795 1242 823 419 673 183 1118 237 881 162 79 236 98 160 859 103 756 107 150 580 440 140
internal_count=5097 4141 956 3979 425 122 303 3913 2795 1242 823 419 673 183 1118 237 881 162 79 236 98 160 859 103 756 107 150 580 440 140
is_linear=0
shrinkage=0.03


Tree=110
num_leaves=31
num_cat=0
split_feature=135 129 120 124 129 119 129 139 131 130 133 144 138 131 130 139 125 123 120 135 129 120 131 144 126 122 133 136 126 144
split_gain=183.808 74.8301 31.3553 18.2135 35.3177 24.0739 12.3699 12.1509 18.5122 14.4991 15.1503 16.8502 14.5515 12.9181 15.6729 11.6117 12.9833 10.9574 10.3117 13.8134 11.9342 10.0059 15.863 9.99741 23.4059 18.1092 9.09267 13.0068 8.85163 10.6738
threshold=1.3095238095238098 496.00000000000006 1.0000000180025095e-35 2.5000000000000004 1.5000000000000002 215.50000000000003 1.0000000180025095e-35 -0.60785761079279388 2.5000000000000004 2.5000000000000004 1.1236095644623239 37.500000000000007 0.84523809523809534 4.5000000000000009 38.500000000000007 -0.60785761079279388 16.500000000000004 61.500000000000007 66.166666666666671 25.071428571428573 90.500000000000014 0.50000000000000011 4.5000000000000009 10.500000000000002 -13.499999999999998 1.0000000180025095e-35 0.87965281125489481 3.8676662991489894 1.0000000180025095e-35 15.500000000000002
decision_type=8 10 2 2 10 2 10 2 8 8 10 2 10 10 10 2 10 2 2 8 10 2 10 2 10 2 10 10 10 2
left_child=2 3 6 4 5 21 -1 13 -9 -10 -11 12 -12 14 26 16 -5 -13 19 -17 -20 -2 -23 24 -4 -25 -6 -28 29 -14
right_child=1 -3 23 15 7 -7 -8 8 9 10 11 17 28 -15 -16 18 -18 -19 20 -21 -22 22 -24 25 -26 -27 27 -29 -30 -31
leaf_value=-0.029442055296580064 -0.033331151286966176 1.8620691607246069 0.012596137776254466 0.0026233513788554231 0.0061195080962469549 1.515662261925576 -0.0051156450616807337 -0.012628353784746107 0.024330022135221015 0.0014123785204908756 0.025895687466360045 -0.029076140687978161 -0.026575583555651185 -0.010055681148755423 -0.00016522367105046952 0.040266598750033418 -0.27331602412544281 0.63991899754792236 0.81349709298414041 -0.0078287227716473499 0.04257229040605523 0.012801006516460713 -0.072660394857946564 -0.02829984242801992 -0.038733678070388709 0.052159550912644383 -0.027008213472862301 0.037320673995096088 0.0092711673374221166 -0.084074493663790148
leaf_weight=358 203 236 34 174 52 24 69 205 149 513 139 133 145 328 203 230 64 84 115 404 151 94 92 231 95 73 25 128 64 282
leaf_count=358 203 236 34 174 52 24 69 205 149 513 139 133 145 328 203 230 64 84 115 404 151 94 92 231 95 73 25 128 64 282
internal_value=-0.00265073 -7.63791e-05 -0.0152532 -0.00105442 -0.00233054 -0.0103923 -0.0210278 -0.000950713 -0.00233508 -0.00116513 -0.00214945 -0.00460563 -0.00707717 0.00225911 0.00579661 0.00214698 -0.00367901 0.00254054 0.00370608 0.00158685 0.00861255 -0.0122437 -0.00687958 -0.00936986 -0.0162985 -0.00619417 0.0115429 0.00736709 -0.00948387 -0.0110278
internal_weight=5097 4237 860 4001 2863 413 427 2450 1714 1509 1360 847 630 736 408 1138 238 217 900 634 266 389 186 433 129 304 205 153 491 427
internal_count=5097 4237 860 4001 2863 413 427 2450 1714 1509 1360 847 630 736 408 1138 238 217 900 634 266 389 186 433 129 304 205 153 491 427
is_linear=0
shrinkage=0.03


Tree=111
num_leaves=31
num_cat=0
split_feature=132 121 117 128 144 137 133 124 139 146 143 145 144 128 135 117 128 129 124 128 129 127 131 121 136 136 128 117 118 128
split_gain=209.026 77.4674 47.1995 21.5688 20.4445 16.0644 12.5588 12.8988 13.2281 21.9932 18.2475 22.545 26.4039 15.5144 18.8311 14.1512 13.6123 11.8728 11.6531 14.6628 10.4571 9.90146 9.5591 9.11064 11.321 16.6258 9.66844 9.08801 8.85998 8.6544
threshold=1.1666666666666667 509.50000000000006 1.0000000180025095e-35 559.50000000000011 10.500000000000002 4.5000000000000009 1.1236095644623239 2.5000000000000004 -0.60785761079279388 36.500000000000007 40.500000000000007 17.500000000000004 15.500000000000002 31.500000000000004 17.214285714285719 1.0000000180025095e-35 74.500000000000014 72.500000000000014 -7.4999999999999991 729.50000000000011 2.5000000000000004 0.71921182266009864 813.00000000000011 33.500000000000007 4.2048167615236141 26.262893718163316 42.500000000000007 2.5000000000000004 1.0000000180025095e-35 220.50000000000003
decision_type=8 2 2 10 2 2 8 2 2 2 2 2 2 10 10 2 10 10 2 10 10 10 8 2 8 10 10 2 2 10
left_child=2 3 -1 6 5 -4 -2 8 20 10 11 12 23 14 -13 16 -11 -14 19 -3 -8 -9 -5 24 -10 -26 -25 -12 -23 -19
right_child=1 18 4 22 -6 -7 7 21 9 15 27 13 17 -15 -16 -17 -18 29 -20 -21 -22 28 -24 26 25 -27 -28 -29 -30 -31
leaf_value=-0.028558793637682663 0.00054953878694623086 2.1372752589832587 -0.0036631523766796409 0.13225224694294013 0.00062875573137536668 -0.038118753707467472 -0.050956747503782457 0.020609617845471533 0.020245052831372411 -0.0015161692405451976 -0.12473615403390423 0.01093486557455761 -0.054797940155874754 0.21925049262715304 -0.11146540550187403 -0.089753889360759537 0.73994294542093231 2.35394536448906e-05 3.5294956668548969 -4.8044224210189377 0.0055713267328521198 0.0080585563728187547 13.390655936027091 0.33383152877354549 -0.033257255845301273 0.41787388297516481 -0.0044450951059559068 -0.031275408052513921 -0.16310919844996857 -3.265874689023387
leaf_weight=676 1186 59 35 32 197 48 35 742 47 142 151 110 106 161 64 102 91 45 83 20 524 34 34 40 106 27 54 80 46 20
leaf_count=676 1186 59 35 32 197 48 35 742 47 142 151 110 106 161 64 102 91 45 83 20 524 34 34 40 106 27 54 80 46 20
internal_value=-0.00249784 0.00042547 -0.015103 -0.000412651 -0.00461053 -0.0166364 -0.000710567 -0.00183163 -0.00318534 -0.00479201 -0.00699213 -0.00473121 -0.00912 0.00112941 -0.00499441 0.00183529 0.00589916 -0.0182045 0.0204431 0.011 0.000680851 0.00129867 0.0159718 -0.0032043 -0.0071027 -0.0114783 0.00418182 -0.014339 -0.0084 -0.0072
internal_weight=5097 4141 956 3979 280 83 3913 2727 1905 1346 1011 780 445 335 174 335 233 171 162 79 559 822 66 274 180 133 94 231 80 65
internal_count=5097 4141 956 3979 280 83 3913 2727 1905 1346 1011 780 445 335 174 335 233 171 162 79 559 822 66 274 180 133 94 231 80 65
is_linear=0
shrinkage=0.03


Tree=112
num_leaves=31
num_cat=0
split_feature=132 121 117 128 145 126 119 128 135 124 128 133 135 122 127 131 124 145 127 125 135 120 133 130 117 127 120 122 121 126
split_gain=204.279 74.1639 44.9487 21.331 19.0128 15.2471 15.0822 14.1079 19.482 12.9358 15.7842 11.8961 14.2286 15.9493 10.2942 9.5591 8.90563 19.9869 16.7152 15.5567 12.8806 16.4575 11.156 12.9033 11.6568 9.78788 9.53737 8.92245 14.8392 12.4391
threshold=1.1666666666666667 509.50000000000006 1.0000000180025095e-35 559.50000000000011 10.500000000000002 -1.4999999999999998 18.500000000000004 1.0000000180025095e-35 0.92857142857142871 -7.4999999999999991 729.50000000000011 1.3307163456488713 8.6428571428571441 44.500000000000007 -0.26756152125279636 813.00000000000011 -1.4999999999999998 33.500000000000007 0.10610751477624543 -43.499999999999993 64.928571428571445 94.833333333333357 45.322252435917868 94.500000000000014 9.5000000000000018 0.71921182266009864 49.500000000000007 1.0000000180025095e-35 19.500000000000004 -5.4999999999999991
decision_type=8 2 2 10 2 8 2 10 8 2 8 8 10 2 8 8 2 2 10 10 10 2 10 8 2 10 2 2 2 10
left_child=2 3 5 11 6 -1 -4 -7 -9 10 -3 -2 13 14 -13 -5 17 19 -19 20 -14 -22 23 24 -21 27 -25 29 -29 -18
right_child=1 9 4 15 -6 7 -8 8 -10 -11 -12 12 16 -15 -16 -17 25 18 -20 22 21 -23 -24 26 -26 -27 -28 28 -30 -31
leaf_value=-0.022889940489428877 0.00053074758376042469 2.088512243320507 0.012242631436271986 0.12828467953465236 0.00060989305943410675 -0.027702029828552185 -0.036975191096243448 0.0015681778644008348 -0.0041054119006998287 3.4236107968492488 -4.2567093222442125 0.013521719635264948 0.42443579154373096 1.0521936152771538 -0.029515108465252085 12.988936257946278 0.071172714135656706 0.070164628227274761 -0.38411095724416794 -0.064441589109827585 -0.18479798780369314 1.5825120806953923 -0.39515874193763095 0.14066151300127913 0.0079581558743841898 -0.11928738251221763 -0.047440616937551708 0.06398750396682705 0.035612398836049192 -0.015972394344913283
leaf_weight=55 1225 58 28 32 196 511 56 38 72 83 21 54 32 25 380 34 166 297 24 255 46 28 77 57 66 79 148 44 393 517
leaf_count=55 1225 58 28 32 196 511 56 38 72 83 21 54 32 25 380 34 166 297 24 255 46 28 77 57 66 79 148 44 393 517
internal_value=-0.002392 0.000497829 -0.0148533 -0.000322289 -0.00461053 -0.019022 -0.0161124 -0.0203578 -0.00986087 0.0200838 0.0102857 -0.000618683 -0.00173561 -0.00651724 -0.00791344 0.0159718 -0.0007359 -0.00277681 0.0033865 -0.00557983 0.00481081 -0.00220253 -0.00744079 -0.00575141 -0.00946012 0.00101661 0.000114286 0.00175467 0.00507692 -0.000383721
internal_weight=5097 4141 956 3979 280 676 84 621 110 162 79 3913 2688 459 434 66 2229 1030 321 709 106 74 603 526 321 1199 205 1120 437 683
internal_count=5097 4141 956 3979 280 676 84 621 110 162 79 3913 2688 459 434 66 2229 1030 321 709 106 74 603 526 321 1199 205 1120 437 683
is_linear=0
shrinkage=0.03


Tree=113
num_leaves=31
num_cat=0
split_feature=132 121 117 128 145 126 118 128 124 128 133 117 128 131 146 138 145 145 125 127 123 138 124 118 130 131 131 128 125 133
split_gain=201.854 74.3827 44.3946 21.3373 19.0128 17.3909 15.0822 14.1079 12.9358 13.7193 11.7001 13.1291 45.533 21.4273 33.0238 16.1266 15.6363 17.5862 18.8908 12.8132 14.0706 11.2788 11.2107 14.949 12.3871 10.7254 9.64102 8.85921 8.70823 10.7018
threshold=1.1666666666666667 509.50000000000006 1.0000000180025095e-35 575.00000000000011 10.500000000000002 -1.4999999999999998 18.500000000000004 1.0000000180025095e-35 -7.4999999999999991 729.50000000000011 1.3307163456488713 1.0000000180025095e-35 2.5000000000000004 82.500000000000014 21.500000000000004 0.84523809523809534 26.500000000000004 36.500000000000007 -1.4999999999999998 0.71921182266009864 1.5000000000000002 0.84523809523809534 1.5000000000000002 236.50000000000003 136.50000000000003 276.50000000000006 32.500000000000007 16.500000000000004 -43.499999999999993 20.193496313642385
decision_type=8 2 2 10 2 8 2 10 2 10 8 2 10 8 2 10 2 2 10 10 2 10 2 2 10 10 8 10 10 10
left_child=2 3 5 10 6 -1 -4 -7 9 -3 -2 12 -12 14 -14 -15 27 18 -18 20 26 -9 23 24 28 -17 -13 -16 -22 -30
right_child=1 8 4 -5 -6 7 -8 21 -10 -11 11 19 13 15 16 25 17 -19 -20 -21 22 -23 -24 -25 -26 -27 -28 -29 29 -31
leaf_value=-0.022203242274746012 0.00049212814349741229 2.0105016339141493 0.011875352493183826 2.8129401995124885 0.00059159626765108218 -0.026870968933695619 -0.035865935363356138 0.00045872898664569114 3.3209024729437702 -4.5325884687210429 -0.031374084915984674 0.049894140966542912 -0.066140454203063637 0.35755460447370097 -0.029834295384829748 0.0006260228902713233 -0.0015560369099941161 0.0091435081945069278 -0.12955783837072399 -0.10054630125379964 0.43832179099888668 -0.0039822495436788348 0.017307729214073395 0.25170923528165812 -0.1739610622721679 -2.1278955512682858 0.030678104293121462 0.15273560870644501 -0.00076872732838463521 -0.17538472255212781
leaf_weight=55 1232 59 28 55 196 511 56 48 83 20 167 43 121 155 65 347 64 129 85 119 34 62 776 50 91 32 51 141 161 61
leaf_count=55 1232 59 28 55 196 511 56 48 83 20 167 43 121 155 65 347 64 129 85 119 34 62 776 50 91 32 51 141 161 61
internal_value=-0.00240376 0.000468886 -0.0147908 -0.00035241 -0.00461053 -0.0189339 -0.0161124 -0.0203578 0.0200838 0.0102857 -0.000624586 -0.00173304 -0.00388558 -0.0016993 -0.00554754 0.00266048 -0.00195092 -0.00655124 -0.0134026 0.000297628 0.00119811 -0.00986087 0.000275042 -0.00379104 -0.00603409 -0.0006875 0.0120606 0.00423697 -0.00250575 -0.00473128
internal_weight=5097 4141 956 3979 280 676 84 621 162 79 3924 2692 1306 1139 605 534 484 278 149 1386 1267 110 1173 397 347 379 94 206 256 222
internal_count=5097 4141 956 3979 280 676 84 621 162 79 3924 2692 1306 1139 605 534 484 278 149 1386 1267 110 1173 397 347 379 94 206 256 222
is_linear=0
shrinkage=0.03


Tree=114
num_leaves=31
num_cat=0
split_feature=132 121 117 128 144 137 124 128 133 117 128 144 143 144 131 128 135 127 121 135 132 123 131 122 123 119 124 122 120 127
split_gain=199.944 74.9312 44.3946 21.5191 20.4445 16.0644 12.9358 13.7193 12.4507 15.8036 43.5143 22.8607 36.0273 12.4015 38.0463 12.2429 21.9034 11.6346 12.0243 18.5629 11.6186 12.7368 10.8892 9.87606 9.58982 9.26898 9.08671 10.0588 12.3541 8.98915
threshold=1.1666666666666667 509.50000000000006 1.0000000180025095e-35 575.00000000000011 10.500000000000002 4.5000000000000009 -7.4999999999999991 729.50000000000011 1.3307163456488713 1.0000000180025095e-35 2.5000000000000004 36.500000000000007 40.500000000000007 22.500000000000004 686.00000000000011 1.0000000180025095e-35 0.92857142857142871 0.77922077922077937 18.500000000000004 11.928571428571431 75.500000000000014 10.500000000000002 114.50000000000001 80.500000000000014 1.5000000000000002 1.0000000180025095e-35 238.00000000000003 116.50000000000001 72.500000000000014 0.11851478494623657
decision_type=8 2 2 10 2 2 2 10 8 2 10 2 2 2 8 10 10 10 2 8 10 2 8 2 2 2 2 2 2 10
left_child=2 3 15 8 5 -4 7 -3 -2 10 -10 12 13 14 -12 25 -17 18 24 -20 23 -22 -13 -21 -11 -1 27 28 -23 -29
right_child=1 6 4 -5 -6 -7 -8 -9 9 17 11 22 -14 -15 -16 16 -18 -19 19 20 21 26 -24 -25 -26 -27 -28 29 -30 -31
leaf_value=-0.026064839865684749 0.00047736429919247313 1.9501865848967246 -0.0013680240115912644 2.7285519935271143 0.00057384837962155095 -0.03478995730245546 3.221275398755457 -4.3966108146594118 -0.030432862368505131 0.051623080152877275 -0.068373816274902882 0.011257149522180163 -0.1435084980132712 0.042790779758761201 0.0089647394871162338 0.0015291061872249679 -0.0038627820573684723 -0.099202707525594222 -0.02239299434801495 0.017313054015633399 0.092537617831614793 -0.025172690737849023 0.76882901451928498 0.48104814824328795 0.0074479890928129322 -0.026828430082691722 0.85845205710941508 0.06118107232762867 -0.17143879382759217 -0.33850185150296536
leaf_weight=410 1232 59 35 55 197 48 83 20 167 34 174 152 129 344 273 40 76 112 73 415 85 110 67 62 166 150 35 141 118 35
leaf_count=410 1232 59 35 55 197 48 83 20 167 34 174 152 129 344 273 40 76 112 73 415 85 110 67 62 166 150 35 141 118 35
internal_value=-0.00246256 0.000396527 -0.0147908 -0.000427711 -0.00461053 -0.0166364 0.0200838 0.0102857 -0.000700942 -0.00184427 -0.00420595 -0.00206643 -0.00414486 -0.00168844 -0.0049646 -0.0189339 -0.0093719 0.000383896 0.00121501 -5.00463e-05 0.00103777 -0.00203025 0.00653571 0.00440664 0.00787317 -0.0208035 -0.00410811 -0.0054132 -0.00950215 0
internal_weight=5097 4141 956 3979 280 83 162 79 3924 2692 1306 1139 920 791 447 676 116 1386 1274 1074 1001 524 219 477 200 560 439 404 228 176
internal_count=5097 4141 956 3979 280 83 162 79 3924 2692 1306 1139 920 791 447 676 116 1386 1274 1074 1001 524 219 477 200 560 439 404 228 176
is_linear=0
shrinkage=0.03


Tree=115
num_leaves=31
num_cat=0
split_feature=135 128 120 117 128 117 136 126 144 120 126 145 142 135 136 124 129 129 117 119 139 124 128 128 135 124 108 144 145 127
split_gain=161.87 75.821 39.1334 27.1895 21.4919 81.1191 13.1212 9.65146 8.8647 11.8557 10.8155 8.83931 40.5904 15.2419 15.0169 13.7449 10.0735 9.40919 8.10341 8.10719 8.03816 7.63355 13.6693 7.56271 7.50628 7.49821 7.22068 7.47658 18.2272 13.8392
threshold=0.58571428571428574 566.50000000000011 1.0000000180025095e-35 491.50000000000006 1.5000000000000002 1.0000000180025095e-35 4.4495335439635584 -11.499999999999998 10.500000000000002 40.500000000000007 -13.499999999999998 15.500000000000002 9.5000000000000018 22.357142857142858 1.0000000180025095e-35 -127.49999999999999 72.500000000000014 220.50000000000003 146.50000000000003 3.5000000000000004 -0.60785761079279388 -7.4999999999999991 729.50000000000011 279.50000000000006 345.35714285714289 13.500000000000002 1.0000000180025095e-35 29.500000000000004 31.500000000000004 0.043873832255415267
decision_type=8 10 2 2 10 2 8 8 2 2 10 2 2 10 10 2 10 10 2 2 2 2 10 10 10 2 2 2 2 10
left_child=2 3 -1 4 5 6 -2 -7 10 -10 -4 13 16 14 25 23 -13 -18 19 20 -9 22 -3 -14 -25 -6 27 -17 29 -29
right_child=1 21 8 -5 11 7 -8 18 9 -11 -12 12 15 -15 -16 26 17 -19 -20 -21 -22 -23 -24 24 -26 -27 -28 28 -30 -31
leaf_value=-0.025282894669714204 -0.0074383402809093764 2.478434334792714 0.01931097852894461 3.4923241561851728 -0.00074611712442297141 -0.080808584707605158 -0.029519876497449974 -0.040439646299130765 -0.024109709161900823 1.0751909656889571 -0.033746258583381795 -0.051781475477364655 0.57943486771755626 -0.00050360467813904465 0.0014530537766742802 0.0017963730725434602 0.0050126717136708835 -3.095371376943262 0.75744944945898651 -0.00099529691567206585 0.051797559913893489 2.7494696179738236 -4.2647124902196296 -0.98200446070530745 0.41934552363317262 0.10746954943350498 0.1432105047516081 -0.11300498363096513 -0.0059641030793675309 0.06820857758209399
leaf_weight=346 186 44 29 39 118 50 167 20 214 25 93 101 143 756 220 775 46 22 51 194 99 108 20 23 24 20 26 125 988 25
leaf_count=346 186 44 29 39 118 50 167 20 214 25 93 101 143 756 220 775 46 22 51 194 99 108 20 23 24 20 26 125 988 25
internal_value=-0.00243904 -0.000285324 -0.0157079 -0.00109259 -0.00133939 -0.0058601 -0.016324 0.00313604 -0.00859016 -0.00501639 -0.0150709 -0.000314311 -0.0013782 0.00187131 0.00692562 -0.000236176 -0.0153103 -0.00567123 0.00486179 0.00290566 0.00890323 0.0189492 0.00947826 0.00735385 -0.00276923 -0.000797203 -0.001 -0.00123253 -0.0027769 -0.0123484
internal_weight=5097 4390 707 4218 4179 767 353 414 361 239 122 3412 2298 1114 358 2129 169 68 364 313 119 172 64 190 47 138 1939 1913 1138 150
internal_count=5097 4390 707 4218 4179 767 353 414 361 239 122 3412 2298 1114 358 2129 169 68 364 313 119 172 64 190 47 138 1939 1913 1138 150
is_linear=0
shrinkage=0.03


Tree=116
num_leaves=31
num_cat=0
split_feature=135 130 120 124 125 143 146 119 144 118 144 130 135 118 145 124 144 122 123 136 136 127 136 131 130 135 135 122 144 136
split_gain=156.042 61.5345 42.0283 17.9439 17.3343 25.3955 17.5731 17.8877 31.2284 15.9828 15.6614 13.1299 13.0851 11.0093 10.8235 10.7704 10.3434 15.0835 9.88739 9.85298 9.47933 9.18391 9.1191 14.751 22.4799 10.4896 9.19358 9.00153 9.03516 8.94699
threshold=0.58571428571428574 500.50000000000006 1.0000000180025095e-35 2.5000000000000004 -20.499999999999996 38.500000000000007 17.500000000000004 1.0000000180025095e-35 26.500000000000004 195.50000000000003 21.500000000000004 115.50000000000001 39.928571428571438 528.00000000000011 43.500000000000007 -1.4999999999999998 10.500000000000002 1.0000000180025095e-35 281.50000000000006 102.61480185060492 2.7029734446516778 -0.61180555555555549 1.0000000180025095e-35 26.500000000000004 5.5000000000000009 218.50000000000003 99.285714285714292 13.500000000000002 10.500000000000002 67.188571915328609
decision_type=8 10 2 2 8 2 2 2 2 2 2 8 10 2 2 2 2 2 2 10 8 8 10 8 10 10 10 2 2 10
left_child=2 3 -1 4 9 22 12 8 10 11 -8 -2 -7 15 -10 -3 -4 -18 19 21 -12 -5 27 24 -24 26 -25 28 -6 -9
right_child=1 13 16 18 5 6 7 29 14 -11 20 -13 -14 -15 -16 -17 17 -19 -20 -21 -22 -23 23 25 -26 -27 -28 -29 -30 -31
leaf_value=-0.024524407829622778 0.098774730671895711 -0.27519179823348278 -0.02694514934612759 -0.15750568569229989 -0.0063360500921434146 -0.042116262624092897 -0.058727899238382411 -0.017297049126317462 -0.033057196224552651 1.3351945719793941 0.030279083514688887 -0.24180999422293409 -0.040270031394795146 3.0860497202708337 0.0069933611250312744 1.697295012088387 -0.023428749205843629 0.076805103156031784 2.2176322294804858 -0.29313637719301366 0.0055138634796572947 0.016098025716298422 -0.0014165246471810632 0.00028196097876186153 0.002360568735547144 0.31627104620550595 -0.049280589984453296 0.32154089702791083 -0.0035237483872201402 0.17953858510732004
leaf_weight=346 214 51 122 27 98 134 33 951 197 45 21 81 102 79 27 88 177 62 51 36 105 1039 34 363 84 79 74 36 218 123
leaf_count=346 214 51 122 27 98 134 33 951 197 45 21 81 102 79 27 88 177 62 51 36 105 1039 34 363 84 79 74 36 218 123
internal_value=-0.00242728 -0.000312628 -0.0154551 -0.00113335 -0.00234921 -0.00316095 -0.00538516 -0.00412038 -0.00964948 0.00398261 0.000512195 0.00128 -0.0129212 0.0150404 -0.0167424 0.00933333 -0.00809836 -0.00427869 0.00204145 0.00140379 0.00545038 0.00195518 0.000659939 0.00280751 0.0121463 0.000564299 -0.00127602 -0.00317647 -0.00484112 -0.00210751
internal_weight=5097 4390 707 4172 3019 2679 1693 1457 383 340 159 295 236 218 224 139 361 239 1153 1102 126 1066 986 634 118 516 437 352 316 1074
internal_count=5097 4390 707 4172 3019 2679 1693 1457 383 340 159 295 236 218 224 139 361 239 1153 1102 126 1066 986 634 118 516 437 352 316 1074
is_linear=0
shrinkage=0.03


Tree=117
num_leaves=31
num_cat=0
split_feature=132 128 117 117 126 128 135 144 144 108 121 132 130 128 117 143 122 144 132 128 143 124 125 128 138 117 121 144 136 130
split_gain=170.942 70.6513 57.0641 25.0667 16.8259 18.5623 26.6854 12.3517 10.4361 10.2011 8.72865 21.0619 12.5474 12.0657 27.21 9.68239 8.85817 8.73001 9.75866 8.25481 11.9917 7.89974 10.4423 16.1534 8.08983 10.5552 15.9706 10.8977 12.3179 11.2788
threshold=1.1666666666666667 566.50000000000011 1.0000000180025095e-35 513.50000000000011 -1.4999999999999998 1.0000000180025095e-35 0.92857142857142871 10.500000000000002 4.5000000000000009 1.0000000180025095e-35 133.50000000000003 147.50000000000003 159.50000000000003 1.5000000000000002 1.0000000180025095e-35 41.500000000000007 200.00000000000003 23.500000000000004 21.833333333333339 406.00000000000006 42.500000000000007 -4.4999999999999991 -20.499999999999996 90.500000000000014 0.84523809523809534 20.500000000000004 76.500000000000014 37.500000000000007 17.260294053777059 90.500000000000014
decision_type=8 10 2 2 8 10 10 2 2 2 2 10 8 10 2 2 2 2 10 10 2 2 10 10 10 2 2 2 10 8
left_child=2 3 4 9 -1 -6 -7 8 -4 10 13 16 -13 14 -2 -16 17 18 -12 20 -14 22 23 -15 -24 27 -27 29 -29 -26
right_child=1 -3 7 -5 5 6 -8 -9 -10 -11 11 12 19 21 15 -17 -18 -19 -20 -21 -22 -23 24 -25 25 26 -28 28 -30 -31
leaf_value=-0.018911549866137602 -0.028444198699762172 2.2518142041304148 0.00049375894664175496 4.5243450576229041 -0.023788675594734097 0.0017196599090281727 -0.0034812526478047068 0.0019827866792652346 -0.031925516345496507 0.09036998885070445 1.0442570650964964 -0.31004537193030185 -0.012737787428626995 0.20703141569106229 0.014932965588052695 -0.023482480222325783 1.2866123808302308 0.4085590206295785 -0.056478515736771158 -0.13915996909886699 0.79052913559602411 -2.807416499486237e-05 -0.00219428806821929 -0.25182438938813972 -0.065975454300152628 0.063675323212838475 -0.071303687489338685 0.059705652964463549 -0.31546943966716245 0.0026852364002003214
leaf_weight=55 172 172 35 28 511 38 72 197 48 45 27 57 282 104 205 49 30 163 91 88 46 1883 236 44 213 40 52 42 22 50
leaf_count=55 172 172 35 28 511 38 72 197 48 45 27 57 282 104 205 49 30 163 91 88 46 1883 236 44 213 40 52 42 22 50
internal_value=-0.00258016 6.36758e-05 -0.0139792 -0.000760946 -0.0186696 -0.0200703 -0.00829565 -0.00250526 -0.0118636 -0.000979219 -0.00115201 0.0016654 -0.00230962 -0.00186526 -0.006529 -0.000208494 0.00767089 0.00574825 -0.000439024 -0.000413302 0.00178378 -0.0011126 -0.00359406 0.0034902 -0.00521818 -0.00769811 0.00117526 -0.0101928 0.000782609 -0.0128507
internal_weight=5097 4141 956 3969 676 621 110 280 83 3941 3896 784 473 3112 426 254 311 281 118 416 328 2686 803 148 655 419 92 327 64 263
internal_count=5097 4141 956 3969 676 621 110 280 83 3941 3896 784 473 3112 426 254 311 281 118 416 328 2686 803 148 655 419 92 327 64 263
is_linear=0
shrinkage=0.03


Tree=118
num_leaves=31
num_cat=0
split_feature=132 117 117 129 126 133 144 131 117 127 124 117 124 119 124 126 117 133 133 144 138 144 132 135 129 127 139 127 120 130
split_gain=167.326 66.0424 56.4404 22.7564 16.6397 15.5419 12.3517 11.1414 11.8587 10.7552 14.2099 10.7424 9.48878 13.6008 11.8729 12.592 12.8896 11.4038 10.3873 11.3159 11.6226 13.024 9.36594 16.5342 9.15284 8.37289 8.07847 7.97271 7.95147 7.46112
threshold=1.1666666666666667 541.50000000000011 1.0000000180025095e-35 566.50000000000011 -1.4999999999999998 180.95609197269218 10.500000000000002 408.50000000000006 225.50000000000003 0.097800095648015326 1.0000000180025095e-35 100.50000000000001 -127.49999999999999 207.50000000000003 -4.4999999999999991 -207.49999999999997 12.500000000000002 10.85765413253023 1.3307163456488713 33.500000000000007 0.84523809523809534 19.500000000000004 1.0000000180025095e-35 0.92857142857142871 496.00000000000006 0.8583583583583585 -0.60785761079279388 0.10610751477624543 13.500000000000002 145.50000000000003
decision_type=8 2 2 10 8 10 2 10 2 10 2 2 2 2 2 10 2 8 10 2 10 2 10 10 10 10 2 10 2 10
left_child=2 3 4 5 -1 7 9 8 12 10 -4 -5 13 -2 18 16 -16 -15 26 20 21 -20 -6 -24 -9 -8 -14 -21 -22 -19
right_child=1 -3 6 11 22 -7 25 24 -10 -11 -12 -13 14 17 15 -17 -18 29 19 27 28 -23 23 -25 -26 -27 -28 -29 -30 -31
leaf_value=-0.01834420337015347 0.31388719328325321 3.3916820928836047 -0.055416525864731503 2.8881178219298658 -0.023075015326892073 1.6068416766001796 0.012595772712156972 -0.21980001398153404 0.35000793285687137 -0.03096775085513161 0.0035690878267336948 -0.22042612319099758 0.08126970987762544 0.95007092516249714 -0.027590872738769305 8.3760268098194142e-05 0.021536490113768528 0.0847980004823395 -0.090125066017800182 0.0026119358525199441 -0.083812472294768819 0.0093529660117344805 0.00026998945683347707 -0.007005040041431352 0.049064645533082964 -0.024699213527204524 -0.00651657797559352 -0.28647890262029807 -0.04667086401845999 -0.73773142354387899
leaf_weight=55 131 77 21 90 463 36 139 58 154 39 23 28 32 22 79 2265 75 22 37 228 69 183 55 103 37 58 168 20 279 51
leaf_count=55 131 77 21 90 463 36 139 58 154 39 23 28 32 22 79 2265 75 22 37 228 69 183 55 103 37 58 168 20 279 51
internal_value=-0.00263897 -2.02605e-05 -0.0139168 -0.00055886 -0.0185815 -0.000955201 -0.00250526 -0.00114789 -0.000885864 -0.0118636 -0.00110204 0.0121463 -0.00123404 0.00464935 -0.00162907 -0.000480198 -0.00864151 -0.00384 -0.0043428 -0.00583922 -0.00815707 -0.00264 -0.0199744 -0.0128466 -0.01104 0.00160396 0.00172683 -0.000450593 -0.0115411 -0.00953846
internal_weight=5097 4141 956 4064 676 3946 280 3910 3815 83 44 118 3661 226 3435 2419 154 95 1016 816 568 220 621 158 95 197 200 248 348 73
internal_count=5097 4141 956 4064 676 3946 280 3910 3815 83 44 118 3661 226 3435 2419 154 95 1016 816 568 220 621 158 95 197 200 248 348 73
is_linear=0
shrinkage=0.03


Tree=119
num_leaves=31
num_cat=0
split_feature=132 128 117 117 126 128 138 128 145 127 125 127 127 108 125 118 129 118 145 145 146 120 145 145 123 129 130 138 124 145
split_gain=171.052 66.0045 51.3694 22.004 16.4545 17.9229 15.9969 11.9961 9.31424 13.5009 15.6737 10.2865 9.49787 8.47387 7.9836 13.6538 22.455 11.8735 9.22857 11.9724 31.2869 15.8809 16.7854 15.9808 14.0846 14.0666 10.9685 9.74417 21.215 16.2175
threshold=1.1666666666666667 566.50000000000011 1.0000000180025095e-35 514.50000000000011 -1.4999999999999998 1.0000000180025095e-35 0.84523809523809534 1.0000000180025095e-35 10.500000000000002 0.097800095648015326 -3.4999999999999996 0.44058823529411767 0.060504372584909503 1.0000000180025095e-35 -29.499999999999996 190.50000000000003 118.50000000000001 50.500000000000007 43.500000000000007 15.500000000000002 17.500000000000004 0.50000000000000011 26.500000000000004 22.500000000000004 1.5000000000000002 72.500000000000014 250.50000000000003 0.84523809523809534 -44.499999999999993 38.500000000000007
decision_type=8 10 2 2 8 10 10 10 2 10 10 10 10 2 8 2 8 2 2 2 2 2 2 2 2 10 10 10 2 2
left_child=2 3 4 13 -1 -6 -7 8 9 10 -4 12 -10 14 15 16 17 -2 19 -16 25 22 23 -22 -23 -21 -27 29 -29 -26
right_child=1 -3 7 -5 5 6 -8 -9 11 -11 -12 -13 -14 -15 18 -17 -18 -19 -20 20 21 24 -24 -25 27 26 -28 28 -30 -31
leaf_value=-0.017793877269048866 -0.0085730387282946189 2.1153614179113109 -0.05375403008878956 4.447330020136488 -0.022382764867085313 0.0012084700051390417 -0.0031350555110270361 0.011110507101338235 -0.00025886418605976404 -0.030038718329477663 0.0034620151919316838 -0.027335720515296584 0.15729316166430837 0.087656376377140216 0.00015075948869414546 1.021424350401553 -0.26181894167874131 0.36406116968888319 0.029051083228151607 -0.043961403236621066 -0.051831843726039155 0.022115348115996809 -0.040709990413668955 0.0096703580408630321 0.032233937276564859 0.0097805854832585561 -2.9832735074474122 -0.1697981399032584 -0.010075934832728936 -0.11407668494337256
leaf_weight=55 106 172 20 25 511 48 62 41 75 36 23 55 30 45 1195 57 105 106 168 115 41 113 110 87 566 41 20 137 824 108
leaf_count=55 106 172 20 25 511 48 62 41 75 36 23 55 30 45 1195 57 105 106 168 115 41 113 110 87 566 41 20 137 824 108
internal_value=-0.00263897 5.78871e-06 -0.0140416 -0.000791142 -0.0184934 -0.0198786 -0.00829565 -0.00313684 -0.0057541 -0.0138571 -0.00175 -0.00141818 0.00403636 -0.000986072 -0.00114344 0.00299208 0.000447205 0.0060553 -0.00158754 -0.00193456 -0.00326442 -0.00216675 -0.00935802 -0.0017594 -0.0011603 -0.0152155 -0.00309091 -0.00188049 -0.00381366 0.000874816
internal_weight=5097 4141 956 3969 676 621 110 280 239 79 43 160 105 3944 3899 374 317 212 3525 3357 2162 1986 238 128 1748 176 61 1635 961 674
internal_count=5097 4141 956 3969 676 621 110 280 239 79 43 160 105 3944 3899 374 317 212 3525 3357 2162 1986 238 128 1748 176 61 1635 961 674
is_linear=0
shrinkage=0.03


Tree=120
num_leaves=31
num_cat=0
split_feature=135 128 120 121 128 120 121 128 124 131 127 135 104 124 128 124 144 144 144 128 120 129 131 119 127 144 144 131 130 126
split_gain=145.924 70.07 45.0187 22.7157 19.5604 40.272 19.9466 16.1614 15.3663 11.5879 11.5725 11.3219 8.87062 7.93392 10.4602 10.0288 11.1456 16.6855 13.5763 13.4467 10.2572 14.2907 9.44699 8.88091 8.57551 7.58878 10.7319 7.08172 6.86097 6.81633
threshold=0.58571428571428574 566.50000000000011 1.0000000180025095e-35 553.00000000000011 1.5000000000000002 0.50000000000000011 212.50000000000003 1.0000000180025095e-35 -1.4999999999999998 408.50000000000006 0.77922077922077937 2.4642857142857149 1.0000000180025095e-35 -127.49999999999999 279.50000000000006 -4.4999999999999991 35.500000000000007 29.500000000000004 23.500000000000004 37.500000000000007 23.500000000000004 70.500000000000014 2.5000000000000004 113.50000000000001 0.093197468825609545 25.500000000000004 12.500000000000002 6.5000000000000009 384.50000000000006 15.500000000000002
decision_type=8 10 2 2 10 2 2 8 2 10 8 8 2 2 10 2 2 2 2 10 2 10 8 2 10 2 2 10 8 8
left_child=2 3 -1 4 5 11 8 -4 -7 12 29 25 13 14 -6 16 17 18 19 27 -19 -22 -21 -24 -18 26 -2 -15 -16 -10
right_child=1 -3 7 -5 9 6 -8 -9 10 -11 -12 -13 -14 15 28 -17 24 20 -20 22 21 -23 23 -25 -26 -27 -28 -29 -30 -31
leaf_value=-0.021711281921072752 -0.0029250264384479419 2.0519005753739705 -0.020740522978962946 4.1534443425036143 0.28607158436795771 -0.031291577319936294 1.3623293714762905 0.011311067159657785 0.029544428385856119 -0.13352564105028875 -0.037348100352706616 -0.026132303734882303 -0.11385823514453672 -0.045913294911852615 -1.4234632456420797 0.00026730878164508363 0.01894941476582214 -0.10579704086748638 0.033279724169272926 -0.19377390486607138 0.082054578186276567 -0.12682084834349847 0.014808025306421085 -0.071009511265993905 -0.23002714383972922 -0.027928420458507065 0.029274767428118204 -0.052118157270664628 0.12826336161860807 0.33299625337903049
leaf_weight=346 56 172 335 28 185 173 45 26 174 103 84 150 30 40 22 2150 212 52 272 20 21 73 95 48 20 38 29 56 20 22
leaf_count=346 56 172 335 28 185 173 45 26 174 103 84 150 30 40 22 2150 212 52 272 20 21 73 95 48 20 38 29 56 20 22
internal_value=-0.00260368 -0.000558362 -0.0152022 -0.00133412 -0.00152896 -0.0058299 -0.000703777 -0.00760656 -0.00267249 -0.000550234 0.00166316 -0.0149784 -0.000233062 -7.1103e-05 0.00527586 -0.000477807 -0.0031116 -0.00504985 -0.00250746 -0.00736364 -0.0138675 -0.00721212 -0.00192857 0.000972973 0.00250633 -0.0076875 -0.00226667 -0.0159802 -0.00753191 0.00564179
internal_weight=5097 4390 707 4218 4190 771 498 361 453 3419 280 273 3316 3286 227 3059 909 677 531 259 146 94 163 143 232 123 85 96 42 196
internal_count=5097 4390 707 4218 4190 771 498 361 453 3419 280 273 3316 3286 227 3059 909 677 531 259 146 94 163 143 232 123 85 96 42 196
is_linear=0
shrinkage=0.03


Tree=121
num_leaves=31
num_cat=0
split_feature=132 128 117 117 128 135 126 144 127 127 133 117 128 143 143 128 131 123 138 139 133 117 132 117 135 124 119 131 117 127
split_gain=167.916 65.5801 53.7083 21.9002 18.9903 26.5506 18.4585 13.6309 9.35651 14.1083 8.61869 12.162 31.0645 17.7652 14.7028 14.2951 13.9593 12.1904 12.5052 11.8682 12.0954 10.8472 10.7538 16.9975 12.4795 10.0663 9.74253 10.3882 8.78829 8.37289
threshold=1.1666666666666667 566.50000000000011 1.0000000180025095e-35 514.50000000000011 1.0000000180025095e-35 0.92857142857142871 -1.4999999999999998 10.500000000000002 0.097800095648015326 -0.14389233954451344 1.1236095644623239 2.5000000000000004 73.500000000000014 41.500000000000007 40.500000000000007 2.5000000000000004 323.50000000000006 10.500000000000002 0.58571428571428574 -1.0000000180025095e-35 18.378730675105569 1.0000000180025095e-35 75.500000000000014 83.500000000000014 9.309523809523812 119.50000000000001 52.500000000000007 1.0000000180025095e-35 19.500000000000004 0.8583583583583585
decision_type=8 10 2 2 10 10 8 2 10 10 8 2 10 2 2 10 10 2 8 2 10 2 10 2 10 2 2 10 2 10
left_child=2 3 4 10 6 -6 -1 8 9 -4 -2 12 15 14 16 21 -14 18 -13 20 28 -12 23 24 -19 -25 -17 -28 -20 -9
right_child=1 -3 7 -5 5 -7 -8 29 -10 -11 11 17 13 -15 -16 26 -18 22 19 -21 -22 -23 -24 25 -26 -27 27 -29 -30 -31
leaf_value=-0.016637845261608511 0.00027761037455777956 1.9903435581127502 -0.051519193496756981 4.1893067892572855 0.0017369444054407357 -0.0029848614086433732 -0.021059943463440572 0.012556415975568487 -0.028515341090224446 0.0039803704255426215 -0.025983700229220582 0.091776844214265324 0.083248929881711939 0.69166608714457811 -0.3233982749899173 -0.014504455792172152 -0.79820503184925551 -0.029727493051028533 0.025263965053488942 -0.028734256361084565 0.39339773871299538 0.030800578012693553 -0.059635456204123041 0.38404743436873295 0.0059020147698964822 -0.05458486437494571 0.0026278135348269146 -0.073378811552876608 -0.0035887397278247589 -0.022515949816560601
leaf_weight=49 1196 172 22 25 40 76 511 139 39 22 173 34 293 96 57 624 31 103 47 86 36 24 464 86 347 35 38 75 99 58
leaf_count=49 1196 172 22 25 40 76 511 139 39 22 173 34 293 96 57 624 31 103 47 86 36 24 464 86 347 35 38 75 99 58
internal_value=-0.00255664 6.36758e-05 -0.0138543 -0.00073075 -0.0184053 -0.00689256 -0.0206973 -0.00271579 -0.0125455 -0.00232653 -0.000925298 -0.00185035 -0.00378814 0.00241494 -0.000528497 -0.00695847 0.00198784 0.000196721 0.00545277 0.00305495 0.00734759 -0.0140792 -0.00135 0.00139583 -0.00130549 0.0111429 -0.00496496 -0.0129153 0.00313907 0.00160396
internal_weight=5097 4141 956 3969 676 116 560 280 83 44 3944 2748 1411 477 381 934 324 1337 302 268 182 197 1035 571 450 121 737 113 146 197
internal_count=5097 4141 956 3969 676 116 560 280 83 44 3944 2748 1411 477 381 934 324 1337 302 268 182 197 1035 571 450 121 737 113 146 197
is_linear=0
shrinkage=0.03


Tree=122
num_leaves=31
num_cat=0
split_feature=132 121 117 129 126 144 135 117 133 131 123 133 131 124 144 124 133 137 144 131 129 136 138 125 135 129 130 117 125 131
split_gain=161.988 64.428 40.7618 19.2399 18.7786 14.1507 11.7934 17.1438 13.2656 13.0734 9.62098 8.4098 12.2002 8.07083 18.2547 12.1263 14.2595 11.6088 9.88645 8.91316 9.33032 8.79737 8.76101 11.6822 8.54264 8.36194 9.67479 8.0019 7.77086 12.4357
threshold=1.0000000180025095e-35 554.50000000000011 1.0000000180025095e-35 857.50000000000011 -1.0000000180025095e-35 10.500000000000002 8.9285714285714306 49.500000000000007 6.5743120962686392 24.500000000000004 513.50000000000011 180.95609197269218 408.50000000000006 -1.4999999999999998 22.500000000000004 -102.49999999999999 8.7685485557772349 3.5000000000000004 40.500000000000007 108.50000000000001 104.50000000000001 1.3041727235463063 0.92857142857142871 -12.499999999999998 82.357142857142875 484.00000000000006 270.50000000000006 1.0000000180025095e-35 -1.0000000180025095e-35 1.0000000180025095e-35
decision_type=8 2 2 10 8 2 10 2 8 8 2 10 10 2 2 2 10 2 2 10 10 10 10 10 10 10 8 2 10 10
left_child=2 3 4 6 -1 -4 7 8 9 28 11 12 13 14 17 22 18 -8 24 -18 -21 -19 -16 -24 -17 26 -15 -10 29 -2
right_child=1 -3 5 -5 -6 -7 10 -9 27 -11 -12 -13 -14 25 15 16 19 21 -20 20 -22 -23 23 -25 -26 -27 -28 -29 -30 -31
leaf_value=-0.016138709903760259 0.013652068810912838 3.70695223441072 -0.027659880857517711 15.033174462705151 -0.020428145159537354 0.0010076557968192877 0.021434496560754111 0.74324566666007963 -0.025204189222343965 0.0010895246607654661 0.6187149101956817 1.6335237129441174 -0.20820285311328349 0.002267210731040734 0.43891493306804086 0.019958746340983761 -0.096981890130110521 0.021561807870024267 0.18012652274207056 0.43231210932507469 -0.064492273750779386 -0.031619101923068042 0.70049052496074971 -0.26231175013868624 -0.18681602035587538 1.7619151735302496 -0.12000453021706078 -0.0012902617071265075 -0.002895315566384071 -0.034918023454324529
leaf_weight=58 80 103 78 22 453 138 82 51 100 110 38 36 119 1640 130 207 197 29 55 30 54 250 25 66 52 22 182 76 547 67
leaf_count=58 80 103 78 22 453 138 82 51 100 110 38 36 119 1640 130 207 197 29 55 30 54 250 25 66 52 22 182 76 547 67
internal_value=-0.00262721 -0.000437486 -0.0156885 -0.00101685 -0.0202791 -0.00458824 -0.00117741 -0.00396139 -0.00486701 -0.00318171 -0.000277726 -0.000469664 -0.000646741 -0.000265697 -0.00220305 0.000285018 -0.00194 -0.00777049 0.00242633 -0.0067972 0.0012809 -0.0106479 0.00621239 -0.000875 -9.09091e-05 0.000970254 0.000719212 -0.012232 -0.00471245 0.00134211
internal_weight=5097 4370 727 4267 511 216 4245 1031 980 804 3214 3176 3140 3021 1177 816 595 361 314 281 84 279 221 91 259 1844 1822 176 694 147
internal_count=5097 4370 727 4267 511 216 4245 1031 980 804 3214 3176 3140 3021 1177 816 595 361 314 281 84 279 221 91 259 1844 1822 176 694 147
is_linear=0
shrinkage=0.03


Tree=123
num_leaves=31
num_cat=0
split_feature=132 121 117 129 126 144 127 125 123 144 146 120 139 124 127 136 122 117 131 129 132 132 132 108 119 132 125 125 124 131
split_gain=159.661 61.9422 40.7618 19.39 18.7786 14.1507 12.4819 14.8354 11.812 12.7359 54.1573 21.8385 26.1304 12.4607 11.7054 9.53277 19.9152 15.151 13.1646 17.2828 13.7985 10.9913 9.49445 8.81498 8.61738 8.61346 8.43276 10.749 16.846 11.0813
threshold=1.0000000180025095e-35 554.50000000000011 1.0000000180025095e-35 857.50000000000011 -1.0000000180025095e-35 10.500000000000002 0.097800095648015326 -3.4999999999999996 513.50000000000011 15.500000000000002 17.500000000000004 0.50000000000000011 0.87837969732492682 -127.49999999999999 0.44058823529411767 1.0000000180025095e-35 34.500000000000007 47.500000000000007 30.500000000000004 5.5000000000000009 420.16666666666674 126.50000000000001 115.41666666666667 1.0000000180025095e-35 213.50000000000003 61.833333333333336 -125.49999999999999 -20.499999999999996 -8.4999999999999982 58.500000000000007
decision_type=8 2 2 10 8 2 10 10 2 2 2 2 2 2 10 10 2 2 8 10 10 8 10 2 2 10 10 10 2 10
left_child=2 3 4 8 -1 6 7 -4 9 15 22 12 -12 24 -7 17 18 21 19 -17 -20 -2 -11 26 -13 -19 -15 29 -29 -28
right_child=1 -3 5 -5 -6 14 -8 -9 -10 10 11 13 -14 23 -16 16 -18 25 20 -21 -22 -23 -24 -25 -26 -27 27 28 -30 -31
leaf_value=-0.015654548606647452 -0.00046933358337446495 3.5957436673784002 -0.049143821266128741 14.582179228823998 -0.019815300804751232 0.037167367168095572 -0.026830084431792179 0.0046907557385018747 0.66055366327232601 -0.038668472255260364 -0.026454137440436738 0.50247192271789254 0.011725860066690597 -0.20128833607033939 -0.023036383623619178 -0.00039191045771012065 -0.034363948909901791 0.56519743950777768 0.00021827546713603095 0.0023183232570055078 1.6709118445989166 -0.024448063545673648 -0.24575992025247062 0.19052229058030193 -0.090006974306292162 -0.022849583565907779 -0.0029513816815223493 -0.046936763018878586 0.00055750580313585374 0.33446728481529103
leaf_weight=58 299 103 20 22 453 90 36 22 39 156 221 111 116 31 48 56 46 60 569 110 33 132 46 28 69 62 155 571 1212 123
leaf_count=58 299 103 20 22 453 90 36 22 39 156 221 111 116 31 48 56 46 60 569 110 33 132 46 28 69 62 155 571 1212 123
internal_value=-0.00272129 -0.0005472 -0.0156885 -0.00111517 -0.0202791 -0.00458824 -0.0143855 -0.00242553 -0.00127624 -0.00143766 -0.00258228 -0.00141711 -0.00849123 -0.000361822 0.00121678 0.00093586 0.00299634 -0.00208602 0.0041837 0.0115439 0.0020659 -0.00473394 -0.0173623 -0.00101365 0.0071027 0.00703937 -0.00125608 -0.000999032 -0.00185906 0.0044311
internal_weight=5097 4370 727 4267 511 216 78 42 4245 4206 2839 2637 337 2300 138 1367 814 553 768 166 602 431 202 2120 180 122 2092 2061 1783 278
internal_count=5097 4370 727 4267 511 216 78 42 4245 4206 2839 2637 337 2300 138 1367 814 553 768 166 602 431 202 2120 180 122 2092 2061 1783 278
is_linear=0
shrinkage=0.03


Tree=124
num_leaves=31
num_cat=0
split_feature=132 121 117 128 126 144 128 117 128 136 127 127 127 124 120 135 132 132 131 127 121 131 127 69 136 117 136 117 124 130
split_gain=160.241 61.7909 38.6956 20.2153 18.5071 11.4383 11.0782 39.5203 23.1809 11.7435 14.1224 10.9567 14.8354 10.8105 10.7922 10.7549 11.4273 11.4049 10.2472 10.0822 8.49075 8.34257 7.07441 6.53548 7.02972 9.09617 8.61282 8.21555 6.58005 6.83028
threshold=1.0000000180025095e-35 554.50000000000011 1.0000000180025095e-35 566.50000000000011 -1.0000000180025095e-35 10.500000000000002 3.5000000000000004 1.0000000180025095e-35 1.0000000180025095e-35 0.46157923612182877 0.89898989898989912 0.097800095648015326 -0.14389233954451344 30.500000000000004 364.00000000000006 0.92857142857142871 1.1666666666666667 8.5000000000000018 408.50000000000006 0.44058823529411767 212.50000000000003 1.0000000180025095e-35 0.060504372584909503 1.0000000180025095e-35 71.001580532830488 1.0000000180025095e-35 102.61480185060492 136.50000000000003 193.50000000000003 126.50000000000001
decision_type=8 2 2 10 8 2 10 2 10 8 10 10 10 2 2 10 10 10 10 10 2 8 10 2 10 2 8 2 2 8
left_child=2 3 4 6 -1 11 7 8 -2 -9 13 12 -4 20 -5 -10 -17 -18 23 22 21 -11 -7 24 28 -26 27 -27 29 -8
right_child=1 -3 5 14 -6 19 18 9 15 10 -12 -13 -14 -15 -16 16 17 -19 -20 -21 -22 -23 -24 -25 25 26 -28 -29 -30 -31
leaf_value=-0.015184912148448027 -0.024215889565747998 3.4878713573570472 -0.047669506628144884 1.3262040655685217 -0.019220841780608695 -0.00015714174466178565 -6.9424007883123195e-05 0.023275890639758597 0.0016201247850513233 0.071108840654059494 -0.049881897314641307 -0.026025181898838415 0.0045500330663468189 0.40232805979470837 -0.30856717602553996 -0.0027966987856612468 0.00021172720312194969 -0.019891970535988009 -0.13094333121242244 -0.022345292114910605 0.94360155209940555 -0.008488788238584774 0.15092036506506121 0.5226873267306118 0.54060072919850199 -0.26201244006757662 -0.28059168250012562 0.18135175887802887 0.81639017986745466 -0.048798305023783822
leaf_weight=58 169 103 20 74 453 60 2233 33 45 35 49 36 22 60 21 76 153 27 103 48 36 238 30 41 125 33 31 43 40 602
leaf_count=58 169 103 20 74 453 60 2233 33 45 35 49 36 22 60 21 76 153 27 103 48 36 238 30 41 125 33 31 43 40 602
internal_value=-0.00269777 -0.000519771 -0.0156885 -0.00108708 -0.0201628 -0.00485973 -0.00140627 -0.00430238 -0.0103453 0.00202632 0.000553191 -0.0136627 -0.00242553 0.00263102 0.01224 -0.00517647 -0.00756322 -0.00321081 -0.000578624 0.000377622 0.000267516 -0.00159712 0.00625263 -0.00026451 -0.000431877 0.00453165 -0.00182143 0.00362963 -0.000841667 -0.00102254
internal_weight=5097 4370 727 4267 511 216 4172 921 470 451 418 78 42 369 95 301 256 180 3251 138 309 273 90 3148 3107 232 107 76 2875 2835
internal_count=5097 4370 727 4267 511 216 4172 921 470 451 418 78 42 369 95 301 256 180 3251 138 309 273 90 3148 3107 232 107 76 2875 2835
is_linear=0
shrinkage=0.03


Tree=125
num_leaves=31
num_cat=0
split_feature=132 121 117 128 118 126 124 129 118 130 144 125 130 128 135 144 126 120 128 124 124 128 144 137 128 118 129 123 130 126
split_gain=140.411 61.2624 57.1157 19.9185 18.8769 18.2375 11.0632 25.0005 13.0776 12.0435 11.4261 19.4197 13.0004 15.2798 12.969 12.8152 16.9137 10.7922 9.9324 12.3758 9.17724 9.19819 8.90162 10.0919 8.88628 11.061 8.76066 20.6182 11.4844 11.2081
threshold=1.0000000180025095e-35 554.50000000000011 1.0000000180025095e-35 566.50000000000011 92.500000000000014 -1.0000000180025095e-35 2.5000000000000004 1.5000000000000002 1.0000000180025095e-35 1.0000000180025095e-35 10.500000000000002 -20.499999999999996 24.500000000000004 5.5000000000000009 1.9285714285714288 19.500000000000004 26.500000000000004 364.00000000000006 406.00000000000006 258.00000000000006 1.0000000180025095e-35 1.0000000180025095e-35 10.500000000000002 4.5000000000000009 30.500000000000004 88.500000000000014 27.500000000000004 41.500000000000007 26.500000000000004 -1.0000000180025095e-35
decision_type=8 2 2 10 2 8 2 10 2 10 2 10 8 10 10 2 10 2 10 2 2 10 2 2 10 2 10 2 10 10
left_child=2 3 5 6 22 -1 7 8 20 -10 12 15 13 14 -9 -12 24 -5 19 -8 21 -2 23 -4 -17 -26 27 -13 -28 -30
right_child=1 -3 4 17 -6 -7 18 10 9 -11 11 26 -14 -15 -16 16 -18 -19 -20 -21 -22 -23 -24 -25 25 -27 28 -29 29 -31
leaf_value=-0.014729364783994585 -0.022988144952330997 3.3832352166363373 -0.011469297508444595 1.2864179436014667 0.00056134432445645874 -0.018644216527190435 0.004540483884381343 0.0002053753870282926 0.046308641844348269 -0.024686970004986184 -0.34110677167868564 -0.013338338443762865 -0.00068476700278523588 0.0023699851274278315 -0.00046160539196688611 0.40377791642417377 -0.21083007222848776 -0.29931016074477268 -0.18033133747971702 2.1086616693266116 0.0028493176223822214 -0.0029016031754295632 -0.00081626591006906724 -0.046239421429300528 -0.016995058958836039 0.38587424905906809 0.057400188770755256 -0.071693425944642591 -0.082143863886395885 -0.0021971535756844674
leaf_weight=58 106 103 27 74 35 453 1092 23 77 107 26 621 422 147 34 36 39 21 34 28 23 188 124 30 81 100 106 64 196 622
leaf_count=58 106 103 27 74 35 453 1092 23 77 107 26 621 422 147 34 36 39 21 34 28 23 188 124 30 81 100 106 64 196 622
internal_value=-0.00246256 -0.000423771 -0.014623 -0.000988764 -0.00160181 -0.0200465 -0.00130572 -0.00226067 -0.00834783 -0.00187302 -0.00103251 -0.0021962 0.00246276 0.00858373 -0.00425806 0.00499652 0.00710345 0.01224 0.0011855 0.00170133 -0.012 -0.0134247 -0.0056129 -0.0149032 0.0103784 0.00722581 -0.00347212 -0.00603478 -0.0015436 -0.00276306
internal_weight=5097 4370 727 4267 216 511 4172 3018 501 184 2517 1891 626 204 57 282 256 95 1154 1120 317 294 181 57 217 181 1609 685 924 818
internal_count=5097 4370 727 4267 216 511 4172 3018 501 184 2517 1891 626 204 57 282 256 95 1154 1120 317 294 181 57 217 181 1609 685 924 818
is_linear=0
shrinkage=0.03


Tree=126
num_leaves=31
num_cat=0
split_feature=132 117 121 128 128 135 126 117 126 118 128 127 144 146 129 121 139 130 136 128 144 144 135 133 144 127 139 128 136 125
split_gain=147.162 69.1597 53.0131 18.5173 16.3263 20.5773 17.5761 16.0445 9.9767 9.73553 8.56079 7.69741 8.32319 38.2293 14.391 13.3816 12.6168 11.8593 10.334 9.00859 12.5295 8.47544 14.1867 8.36336 7.6089 7.15173 14.2525 6.83871 6.70232 6.64735
threshold=1.1666666666666667 1.0000000180025095e-35 549.50000000000011 857.50000000000011 1.0000000180025095e-35 0.92857142857142871 -1.4999999999999998 63.500000000000007 1.0000000180025095e-35 18.500000000000004 813.00000000000011 -0.99514460131520011 15.500000000000002 17.500000000000004 72.500000000000014 1.0000000180025095e-35 0.87837969732492682 23.500000000000004 106.5613686829051 5.5000000000000009 10.500000000000002 11.500000000000002 1.9285714285714288 180.95609197269218 10.500000000000002 0.71921182266009864 0.6078576107927941 1.0000000180025095e-35 131.39249588004472 16.500000000000004
decision_type=8 2 2 10 10 8 8 2 10 2 10 8 2 2 10 2 2 8 10 10 2 2 10 8 2 10 2 8 10 10
left_child=1 4 3 11 6 -6 -1 9 -9 27 -4 -2 17 14 -14 16 -15 19 -19 21 -21 22 -13 25 -11 28 -27 -3 -17 -28
right_child=2 7 10 -5 5 -7 -8 8 -10 24 -12 12 13 15 -16 23 -18 18 -20 20 -22 -23 -24 -25 -26 26 29 -29 -30 -31
leaf_value=-0.014287483840474749 1.2568805463827017 -0.0015250021270242751 2.5441865658118297 14.06633519168418 0.0017529718134317506 -0.0026257497268285168 -0.018084890031374725 -0.04172588313595247 0.0043966917446227206 -0.044852238786421514 7.7019870681650966 0.00019921412541744175 -0.040496703991000645 -0.031739353025502105 -0.085031211188430211 0.0009555728404664032 0.0051692006784725365 -0.0023233199342906907 2.4310307536096838 0.0026370789204077649 0.00034281175060838718 0.096624958732331942 -0.0013022724744214352 1.3829968992349124 -0.067602814344580278 -0.10541193011917414 -0.02994917227146136 0.010918040933972308 -0.37567969654629535 0.29622432133860199
leaf_weight=49 42 116 93 22 40 76 511 22 33 35 22 27 121 142 65 2044 97 882 22 157 99 36 56 34 48 94 26 26 39 21
leaf_count=49 42 116 93 22 40 76 511 22 33 35 22 27 121 142 65 2044 97 882 22 157 99 36 56 34 48 94 26 26 39 21
internal_value=-0.00240376 -0.0129802 4.92041e-05 -0.000534359 -0.018141 -0.00738843 -0.0202726 -0.0004 0.0134 -0.00401739 0.0197 -0.000701921 -0.000845475 -0.00179464 -0.014733 -0.000800959 -0.00747541 0.00114019 -0.000719472 0.00558947 0.00871264 -0.00116129 -0.00640909 -7.68891e-05 -0.0118636 -0.000320323 -0.00673973 0.00077551 0.000126437 0.00623077
internal_weight=5097 956 4141 4026 676 116 560 280 55 225 115 4004 3962 2683 186 2497 239 1279 904 375 256 119 83 2258 83 2224 141 142 2083 47
internal_count=5097 956 4141 4026 676 116 560 280 55 225 115 4004 3962 2683 186 2497 239 1279 904 375 256 119 83 2258 83 2224 141 142 2083 47
is_linear=0
shrinkage=0.03


Tree=127
num_leaves=31
num_cat=0
split_feature=132 117 121 128 128 126 117 138 126 118 124 128 132 124 125 119 131 146 123 145 145 130 130 131 128 128 129 145 136 128
split_gain=144.231 69.1597 53.7177 18.7188 16.3263 17.5761 16.0445 12.8328 9.9767 9.73553 8.9239 10.5297 10.6317 10.1528 12.9628 13.1021 10.541 10.6442 10.6243 10.483 14.7054 9.99725 9.13597 10.1731 14.2709 8.56079 8.2948 7.6089 7.54554 7.52272
threshold=1.1666666666666667 1.0000000180025095e-35 549.50000000000011 857.50000000000011 1.0000000180025095e-35 -1.4999999999999998 63.500000000000007 0.84523809523809534 1.0000000180025095e-35 18.500000000000004 -127.49999999999999 279.50000000000006 405.50000000000006 -4.4999999999999991 -71.999999999999986 47.500000000000007 50.500000000000007 17.500000000000004 28.500000000000004 29.500000000000004 31.500000000000004 38.500000000000007 117.50000000000001 1.5000000000000002 41.500000000000007 813.00000000000011 12.500000000000002 10.500000000000002 17.057514296082392 33.500000000000007
decision_type=8 2 2 10 10 8 2 10 10 2 2 8 10 2 10 2 8 2 2 2 2 10 10 8 10 10 10 2 10 10
left_child=1 4 3 10 5 -1 9 -6 -8 -3 11 -2 -13 16 15 -15 17 -12 -18 22 -21 -20 23 29 -25 -4 -22 -11 -28 -19
right_child=2 6 25 -5 7 -7 8 -9 -10 27 13 12 -14 14 -16 -17 18 19 21 20 26 -23 -24 24 -26 -27 28 -29 -30 -31
leaf_value=-0.013858859325260507 0.23514755133013976 0.00049684847122913767 2.4678609688374737 13.644345135933655 0.0016059799823597177 -0.017542343330433481 -0.040474106641873897 -0.0024814378290525596 0.0042647909922840389 -0.043506671622828876 -0.035958767203803935 -0.94107752468831218 0.16356602365998868 -0.022228801005732345 0.00019323770165491805 0.3366839428836011 -0.043392646625439825 0.072827382562156262 0.33796204388729678 -0.14119572285616366 -0.056283656116144054 -0.0033373897567727912 -0.25132505553998957 -0.034611440058671332 0.12482631211201209 7.4709274561201449 0.026688154535254291 -0.065574729914242846 -0.16045736792062451 -0.009315188251267514
leaf_weight=49 189 142 93 22 51 511 22 65 33 35 90 33 42 129 2519 22 129 65 82 54 55 296 24 93 26 22 60 48 46 50
leaf_count=49 189 142 93 22 51 511 22 65 33 35 90 33 42 129 2519 22 129 65 82 54 55 296 24 93 26 22 60 48 46 50
internal_value=-0.0025096 -0.0129802 -7.81476e-05 -0.000668321 -0.018141 -0.0202726 -0.0004 -0.00738843 0.0134 -0.00401739 -0.000836618 0.00443866 -0.0048 -0.00121602 -0.000222056 -0.00861538 -0.00367814 -0.00648592 -0.000515625 -0.00456904 -0.00938182 0.00202089 -0.00043346 0.00148117 -0.00454839 0.0197 -0.00448193 -0.0118636 0.000486486 0.0077
internal_weight=5097 956 4141 4026 676 560 280 116 55 225 4004 264 75 3740 2670 151 1070 563 507 473 215 378 258 234 119 115 161 83 106 115
internal_count=5097 956 4141 4026 676 560 280 116 55 225 4004 264 75 3740 2670 151 1070 563 507 473 215 378 258 234 119 115 161 83 106 115
is_linear=0
shrinkage=0.03


Tree=128
num_leaves=31
num_cat=0
split_feature=132 117 117 128 128 135 126 117 126 118 144 132 135 56 144 133 117 128 144 143 128 144 131 123 135 126 117 132 133 117
split_gain=142.095 67.7904 52.4636 22.593 17.4924 19.4158 17.3589 16.0445 9.9767 9.73553 9.64763 11.1999 7.73933 7.85921 7.6089 7.34225 11.4318 30.8904 23.5473 30.7318 11.2639 11.2393 34.3373 10.7974 14.255 13.0995 12.6495 14.7994 10.7202 10.7134
threshold=1.1666666666666667 1.0000000180025095e-35 541.50000000000011 620.50000000000011 1.0000000180025095e-35 0.92857142857142871 -1.4999999999999998 63.500000000000007 1.0000000180025095e-35 18.500000000000004 10.500000000000002 716.66666666666686 0.92857142857142871 1.0000000180025095e-35 10.500000000000002 1.3307163456488713 1.0000000180025095e-35 2.5000000000000004 36.500000000000007 40.500000000000007 74.500000000000014 22.500000000000004 686.00000000000011 13.500000000000002 11.357142857142859 -1.0000000180025095e-35 12.500000000000002 62.166666666666679 180.95609197269218 90.500000000000014
decision_type=8 2 2 10 10 10 8 2 10 2 2 10 8 2 2 8 2 10 2 2 10 2 8 2 8 8 2 10 10 2
left_child=1 4 3 12 6 -6 -1 9 -9 -3 -5 -12 -2 15 -11 -14 17 -17 19 21 -20 22 -19 25 -25 -18 -26 29 -29 -28
right_child=2 7 -4 10 5 -7 -8 8 -10 14 11 -13 13 -15 -16 16 23 18 20 -21 -22 -23 -24 24 26 -27 27 28 -30 -31
leaf_value=-0.013443093545502691 -0.025608286212543348 0.00048194301709226448 2.5296279632422021 13.235014781855645 0.0016522032595580093 -0.002472534100152086 -0.017016073030520478 -0.039259883442617681 0.0041368472625155171 -0.042201471474144006 1.628149524521757 -3.9319667527604159 0.00050904532160997548 -0.030792969565786688 -0.063607488016815567 -0.021561936975560376 -0.009353169653015558 -0.054032660318097427 0.0057892960907380431 -0.12116772097636143 0.61454496561090621 0.043318334715240284 0.0064143922165270156 -0.077663579872919275 -0.24458317109241334 0.030412168660494246 0.005800224195809704 -0.053309158899251086 1.839932816778397 0.4081650974212836
leaf_weight=49 24 142 77 32 40 76 511 22 33 35 41 25 1224 24 48 155 114 171 126 132 94 356 273 66 26 289 311 476 22 83
leaf_count=49 24 142 77 32 40 76 511 22 33 35 41 25 1224 24 48 155 114 171 126 132 94 356 273 66 26 289 311 476 22 83
internal_value=-0.00246256 -0.0128554 -4.92041e-05 -0.000529368 -0.0179648 -0.00689256 -0.0201664 -0.0004 0.0134 -0.00401739 0.0133398 0.00583099 -0.000889952 -0.000773752 -0.0118636 -0.000656131 -0.00153168 -0.00353963 -0.00180985 -0.00389968 0.00690667 -0.0016323 -0.00479733 0.000362069 -0.00132861 0.00447059 -0.000318527 0.000327759 -0.00308946 0.00464662
internal_weight=5097 956 4141 4064 676 116 560 280 55 225 98 66 3966 3942 83 3918 2694 1307 1152 932 220 800 444 1387 984 403 918 892 498 394
internal_count=5097 956 4141 4064 676 116 560 280 55 225 98 66 3966 3942 83 3918 2694 1307 1152 932 220 800 444 1387 984 403 918 892 498 394
is_linear=0
shrinkage=0.03


Tree=129
num_leaves=31
num_cat=0
split_feature=132 117 117 117 126 132 130 124 143 117 143 146 126 144 146 136 117 119 129 132 117 131 136 126 118 132 117 126 136 130
split_gain=144.031 67.7904 52.0811 16.0445 15.3649 14.5091 14.3561 11.8741 15.3805 11.1869 23.1302 30.9584 19.2891 18.4837 25.1849 14.0406 12.6666 12.2387 11.3335 10.5352 14.9092 10.112 10.0139 9.9767 9.73553 9.27394 14.6521 8.27169 7.87272 7.82161
threshold=1.1666666666666667 1.0000000180025095e-35 541.50000000000011 63.500000000000007 -1.4999999999999998 0.41666666666666669 791.00000000000011 -127.49999999999999 39.500000000000007 2.5000000000000004 38.500000000000007 20.500000000000004 -203.49999999999997 28.500000000000004 36.500000000000007 0.91466400133890147 1.0000000180025095e-35 10.500000000000002 72.500000000000014 405.50000000000006 294.50000000000006 686.00000000000011 17.057514296082392 1.0000000180025095e-35 18.500000000000004 83.500000000000014 45.500000000000007 3.5000000000000004 32.417861084490632 23.500000000000004
decision_type=8 2 2 2 8 10 10 2 2 2 2 2 10 2 2 8 2 2 10 10 2 8 10 10 2 10 2 10 10 10
left_child=1 4 6 24 -1 -6 7 8 21 10 12 16 -9 22 15 -15 18 -16 -12 20 25 -2 27 -5 -3 -11 -27 -13 29 -14
right_child=2 3 -4 23 5 -7 -8 9 -10 19 11 13 28 14 17 -17 -18 -19 -20 -21 -22 -23 -24 -25 -26 26 -28 -29 -30 -31
leaf_value=-0.013039800739137611 -0.60774688932360332 0.00046748472657949676 2.4537391243449358 -0.038082086939339149 -0.016505590839604865 -0.002365588374161971 12.837964338399976 -0.020915078866293561 0.46687785323793263 0.0047017989553428396 -0.042648796565004976 0.010868035917669827 0.00096326900821399166 0.016689673901725269 -0.029869180478813092 -0.062869181870085347 0.0031171877050995798 0.03990152234016129 -0.02226067508878558 -0.10624273428318816 1.3458430812331152 0.22445638364756518 -0.024342238255219258 0.0040127418446400517 -0.040935427329919685 -0.38995367803434006 -0.011111479739592766 -0.028969619064289871 0.30288701763678516 -0.0025465235971957865
leaf_weight=55 47 142 77 22 495 126 30 60 223 1044 172 184 327 38 106 162 31 137 31 77 83 32 225 33 83 32 496 39 94 394
leaf_count=55 47 142 77 22 495 126 30 60 223 1044 172 184 327 38 106 162 31 137 31 77 83 32 225 33 83 32 496 39 94 394
internal_value=-0.002392 -0.0128554 3.47323e-05 -0.0004 -0.0179648 -0.0193035 -0.000440895 -0.000607576 0.00506189 -0.00107412 -0.0026005 -0.00543717 0.00105 -0.00283929 -0.00715179 -0.0148976 -0.0150377 -0.000580645 -0.0177115 0.000687392 0.00120723 -0.006 0.00144371 0.0134 -0.00401739 0.000528852 -0.00269043 0.00589474 0.00229756 0.00119008
internal_weight=5097 956 4141 280 676 621 4064 4034 302 3732 2000 1125 875 891 443 200 234 243 203 1732 1655 79 448 55 225 1572 528 223 815 721
internal_count=5097 956 4141 280 676 621 4064 4034 302 3732 2000 1125 875 891 443 200 234 243 203 1732 1655 79 448 55 225 1572 528 223 815 721
is_linear=0
shrinkage=0.03


Tree=130
num_leaves=31
num_cat=0
split_feature=132 117 121 128 128 135 126 117 126 128 124 129 117 132 138 125 145 125 138 125 128 125 126 145 128 117 133 145 139 122
split_gain=140.393 67.1108 50.7089 18.626 17.2001 19.4158 17.1429 16.0445 9.9767 9.33392 7.82861 14.1844 10.49 16.4504 11.3163 9.42425 9.21741 16.4177 11.6181 11.5849 11.1535 11.3086 9.17506 14.5565 9.97469 9.15483 10.0587 11.0014 11.0798 9.60152
threshold=1.1666666666666667 1.0000000180025095e-35 554.50000000000011 857.50000000000011 1.0000000180025095e-35 0.92857142857142871 -1.4999999999999998 63.500000000000007 1.0000000180025095e-35 813.00000000000011 9.5000000000000018 1.0000000180025095e-35 1.0000000180025095e-35 10.500000000000002 0.58571428571428574 -96.999999999999986 10.500000000000002 -20.499999999999996 0.84523809523809534 1.5000000000000002 65.500000000000014 -2.4999999999999996 26.500000000000004 19.500000000000004 30.500000000000004 20.500000000000004 1.1236095644623239 35.500000000000007 1.0000000180025095e-35 1.0000000180025095e-35
decision_type=8 2 2 10 10 10 8 2 10 10 2 10 2 10 8 8 2 10 10 8 10 10 10 2 10 2 10 2 2 2
left_child=1 4 3 10 6 -6 -1 -3 -9 -4 11 12 14 -14 -2 -12 19 22 20 -13 21 -19 23 -18 -25 26 -20 29 -29 -28
right_child=2 7 9 -5 5 -7 -8 8 -10 -11 15 16 13 -15 -16 -17 17 18 25 -21 -22 -23 -24 24 -26 -27 27 28 -30 -31
leaf_value=-0.012648606716963481 -0.010509266190610047 -0.01198946045221766 2.7015720023539305 12.452825408247977 0.0016736048129961279 -0.0023273904259226617 -0.016010423114416718 -0.036939624331158973 0.0038923595893008509 7.0972986198089254 -0.16526199152250134 0.00096908670866364228 0.025706433487336765 -0.074590500293272646 -0.020287626500304759 0.018556954759552012 -0.46023518726136858 0.034277874489635089 -0.018108364773897545 -0.047697944032130533 0.32754281768471744 -0.012259097338382319 -0.10587794586736514 0.40536578741854823 0.22969994942486166 -0.0032707101247029867 -0.060578913752926261 -0.082629753357206848 0.021459437660213323 -7.3240393428788405e-05
leaf_weight=49 53 225 81 22 40 76 511 22 33 22 20 646 98 61 81 921 23 67 393 24 165 305 42 39 187 367 303 46 121 54
leaf_count=49 53 225 81 22 40 76 511 22 33 22 20 646 98 61 81 921 23 67 393 24 165 305 42 39 187 367 303 46 121 54
internal_value=-0.00246256 -0.0127929 -6.36758e-05 -0.000606975 -0.0178767 -0.00689256 -0.0200602 -0.0004 0.0134 0.0202222 -0.000774434 -0.00150779 -0.00773154 -0.00234146 -0.0137698 0.00161099 -0.00083746 -0.00181105 -0.00287185 0.00221333 0.000819188 -0.00205305 0.00474324 0.00694488 0.00932468 -0.00441738 -0.00601302 -0.00872212 -0.00223256 -0.0116685
internal_weight=5097 956 4141 4038 676 116 560 280 55 103 4016 3075 293 159 134 941 2782 2112 1821 670 537 372 291 249 226 1284 917 524 167 357
internal_count=5097 956 4141 4038 676 116 560 280 55 103 4016 3075 293 159 134 941 2782 2112 1821 670 537 372 291 249 226 1284 917 524 167 357
is_linear=0
shrinkage=0.03


Tree=131
num_leaves=31
num_cat=0
split_feature=132 121 117 128 144 128 117 128 120 121 127 125 128 124 120 138 130 140 133 131 123 124 128 130 124 131 133 133 127 127
split_gain=160.236 51.408 47.0329 18.819 11.9908 11.6535 23.5631 21.4596 11.306 10.5917 9.53018 14.8354 9.33392 8.01648 8.64453 7.74234 7.68767 10.5096 7.31103 7.24697 9.59289 7.25274 10.6096 9.44125 7.39122 10.5077 8.84988 8.31409 7.61424 7.02809
threshold=0.41666666666666669 554.50000000000011 1.0000000180025095e-35 857.50000000000011 10.500000000000002 4.5000000000000009 1.0000000180025095e-35 1.0000000180025095e-35 0.83333333333333337 212.50000000000003 0.097800095648015326 -3.4999999999999996 813.00000000000011 30.500000000000004 1.1666666666666667 0.84523809523809534 1.5000000000000002 -0.56174490092936669 0.87965281125489481 408.50000000000006 331.50000000000006 -127.49999999999999 279.50000000000006 408.50000000000006 -6.4999999999999991 38.500000000000007 4.2815672430289302 6.5743120962686392 -0.1068638057458829 -0.58277541083384043
decision_type=8 2 2 10 2 10 2 10 2 2 10 10 10 2 2 10 8 2 10 10 2 2 10 8 2 10 10 10 10 10
left_child=2 3 8 5 10 6 7 -2 -1 13 11 -4 -3 14 -8 18 -17 -18 -9 21 -21 22 -7 -24 25 28 -27 -28 -23 -26
right_child=1 12 4 -5 -6 19 9 15 -10 -11 -12 -13 -14 -15 -16 16 17 -19 -20 20 -22 24 23 -25 29 26 27 -29 -30 -31
leaf_value=-0.015530110420984218 -0.020479962145450267 2.6205248422833125 -0.039347680696455563 12.079240646000535 0.00104471616483091 0.18323382144658765 0.025775925797403211 0.0017177993452753247 -0.02034295881213842 1.1917170202701655 -0.018352685709028295 0.0087460684551053901 6.8843796612146564 0.280247505216694 -0.0090397105553303436 -0.0022575687131449816 -0.016932470229184683 0.00011419853945064729 -0.0048715131188515155 -0.22334822011278624 0.065429101598978717 -0.0022534137397392938 -1.4560339195562171 0.21769361953687791 -0.059802926844212748 0.098303602525880926 -0.23222644299286704 -0.005511526607046153 -0.032847435681554557 0.0017040043762615652
leaf_weight=421 146 81 20 22 160 184 39 49 123 46 36 22 22 60 298 76 49 101 62 82 76 167 24 22 115 118 25 259 280 1912
leaf_count=421 146 81 20 22 160 184 39 49 123 46 36 22 22 60 298 76 49 101 62 82 76 167 24 22 115 118 25 259 280 1912
internal_value=-0.00248608 -0.000213889 -0.0149352 -0.00073844 -0.00367901 -0.000899642 -0.00386037 -0.00840984 -0.0197705 0.001125 -0.0129398 -0.00242553 0.0202222 -0.000507463 -0.00235088 -0.00410526 -0.00724675 -0.00305806 0.00227586 -5.32273e-05 -0.00622086 0.000268081 0.00533617 -0.00694118 -0.0001437 -0.00248712 0.0010172 -0.00184775 -0.00562832 0.000838583
internal_weight=5097 4315 782 4212 238 4190 926 483 544 443 78 42 103 397 337 337 226 150 111 3264 158 3106 230 46 2876 849 402 284 447 2027
internal_count=5097 4315 782 4212 238 4190 926 483 544 443 78 42 103 397 337 337 226 150 111 3264 158 3106 230 46 2876 849 402 284 447 2027
is_linear=0
shrinkage=0.03


Tree=132
num_leaves=31
num_cat=0
split_feature=132 117 121 118 126 135 52 13 144 144 132 124 129 118 131 124 138 144 119 125 123 138 125 143 144 131 135 117 132 126
split_gain=143.152 56.3948 51.3434 18.8769 17.9699 17.4993 10.896 10.1173 8.90162 10.0919 8.0454 7.15679 13.5249 13.9088 19.7771 11.6912 10.3478 13.2693 24.1722 13.9394 18.0931 12.6603 13.1208 11.1787 9.74671 9.47463 9.43802 9.51923 8.60414 8.1883
threshold=1.0000000180025095e-35 1.0000000180025095e-35 554.50000000000011 92.500000000000014 -1.0000000180025095e-35 688.42857142857156 1.0000000180025095e-35 1.0000000180025095e-35 10.500000000000002 4.5000000000000009 716.66666666666686 9.5000000000000018 1.0000000180025095e-35 1.0000000180025095e-35 3.5000000000000004 1.0000000180025095e-35 0.84523809523809534 15.500000000000002 1.0000000180025095e-35 -20.499999999999996 8.5000000000000018 0.58571428571428574 5.5000000000000009 42.500000000000007 43.500000000000007 1.0000000180025095e-35 74.500000000000014 72.500000000000014 3.1666666666666674 -4.4999999999999991
decision_type=8 2 2 2 8 10 2 2 2 2 8 2 10 2 10 2 10 2 2 10 2 10 10 2 2 8 10 2 8 10
left_child=1 4 5 8 -1 6 7 11 9 -3 -4 12 13 15 -15 -2 21 -18 24 -20 -21 -14 -23 -22 -19 -13 -27 29 -17 -28
right_child=2 3 10 -5 -6 -7 -8 -9 -10 -11 -12 25 16 14 -16 28 17 18 19 20 23 22 -24 -25 -26 26 27 -29 -30 -31
leaf_value=-0.011658859751090423 -0.019779085607185592 -0.010212592420990206 2.2246128382139418 0.0035132067479686636 -0.015064207108354691 11.716863426620518 -0.016872673745510908 -0.032804586116854467 -0.00046107382678169047 -0.038167250275561893 4.9425644839826699 -0.041413234692687872 -0.0048513454400782672 0.052382285787413468 -0.052906294693092805 0.017249631971920278 0.00010462874124938959 -0.040239814197171514 0.11838940699588107 0.0040902771477592196 -0.051206237382457186 0.014180309571829487 -0.15650659335334988 0.011361164952878297 0.012659798410334773 0.047205474248690107 0.019962741661833545 0.015520780940737779 -0.043483192382836273 -0.22811077690113538
leaf_weight=58 151 27 67 35 453 27 31 24 124 30 36 85 189 87 83 20 938 153 174 234 528 528 20 87 20 436 24 368 26 34
leaf_count=58 151 27 67 35 453 27 31 24 124 30 36 85 189 87 83 20 938 153 174 234 528 528 20 87 20 436 24 368 26 34
internal_value=-0.00226264 -0.014541 -0.000204343 -0.00160181 -0.0199302 -0.00072191 -0.000889046 -0.000746084 -0.0056129 -0.0149032 0.0202222 -0.00062148 -0.00129325 -0.00667742 -0.000308571 -0.012 -0.00059249 -0.00165217 -0.00374188 -0.00194942 -0.00354098 0.00245822 0.00476311 -0.00623226 -0.0139551 0.00166387 0.00262284 -0.000542923 0.00105882 -0.0113333
internal_weight=5097 727 4370 216 511 4267 4240 4209 181 57 103 4185 3238 367 170 197 2871 2134 1196 1023 849 737 548 615 173 947 862 426 46 58
internal_count=5097 727 4370 216 511 4267 4240 4209 181 57 103 4185 3238 367 170 197 2871 2134 1196 1023 849 737 548 615 173 947 862 426 46 58
is_linear=0
shrinkage=0.03


Tree=133
num_leaves=31
num_cat=0
split_feature=132 117 121 128 117 128 135 126 126 127 117 136 128 118 144 34 124 128 125 117 144 130 139 128 135 128 130 130 128 136
split_gain=146.081 66.1395 50.0607 18.4255 16.5302 15.7627 17.3259 17.1429 9.9767 9.41641 10.7186 13.5496 9.33392 9.10629 7.6089 7.54392 7.51128 15.2324 9.60798 8.76575 25.3551 11.2176 9.81863 9.35678 15.6291 11.779 9.45924 8.55259 8.12333 11.6278
threshold=1.1666666666666667 1.0000000180025095e-35 554.50000000000011 857.50000000000011 63.500000000000007 1.0000000180025095e-35 0.92857142857142871 -1.4999999999999998 1.0000000180025095e-35 0.20467277820218999 1.5000000000000002 12.336607670223041 813.00000000000011 18.500000000000004 10.500000000000002 1.0000000180025095e-35 -127.49999999999999 279.50000000000006 -125.49999999999999 4.5000000000000009 10.500000000000002 24.500000000000004 0.87837969732492682 60.500000000000007 75.928571428571445 133.50000000000003 265.00000000000006 384.50000000000006 7.5000000000000009 4.9093719367435451
decision_type=8 2 2 10 2 10 8 8 10 8 2 10 10 2 2 2 2 10 10 2 2 8 2 10 10 10 8 8 10 10
left_child=1 5 3 9 13 7 -7 -1 -6 15 -11 -12 -4 -3 -15 16 17 -2 -18 20 21 28 -21 -23 -25 -26 -27 -19 29 -20
right_child=2 4 12 -5 8 6 -8 -9 -10 10 11 -13 -14 14 -16 -17 18 27 19 22 -22 23 -24 24 25 26 -28 -29 -30 -31
leaf_value=-0.01130909395855771 0.22872846742185643 0.00052997414122663564 2.4751707118683965 11.365357523821903 -0.03619921385731642 0.00119207108989197 -0.0021274411080170119 -0.01461228089510405 0.0034078105455296035 -0.018471226272716541 0.0052608188936243035 -0.076573071570022161 6.5295713368587371 -0.037022232767295035 -0.060129026012988501 0.72013932673517944 -0.19787110989611165 -1.3094670134248543 0.00010763372102964741 0.0089917254208148733 -0.02007500423531185 -0.0041952005915389633 -0.091440018701615458 0.36744055073453052 -0.047041631176180938 1.2698240816285693 0.0052262283416075663 0.1011018832573079 0.0032451220118844847 -0.0021244640938599744
leaf_weight=49 178 142 81 22 22 40 76 511 33 72 297 165 22 35 48 38 45 25 79 1157 1286 201 93 32 60 29 63 56 114 26
leaf_count=49 178 142 81 22 22 40 76 511 33 72 297 165 22 35 48 38 45 25 79 1157 1286 201 93 32 60 29 63 56 114 26
internal_value=-0.00238024 -0.0129178 6.36758e-05 -0.000473411 -0.000610526 -0.0179648 -0.00738843 -0.0200602 0.0134 -0.000640139 -0.00433024 -0.00255675 0.0202222 -0.00427826 -0.0118636 -6.71064e-05 -0.000224413 0.00463636 -0.000628213 -0.000417806 -0.0017066 0.0033399 0.0015251 0.000215385 0.00504762 0.000726115 0.00736082 -0.00586047 0.00867857 0.0024
internal_weight=5097 956 4141 4038 280 676 116 560 55 4016 534 462 103 225 83 3482 3444 259 3185 3140 1890 604 1250 385 184 152 92 81 219 105
internal_count=5097 956 4141 4038 280 676 116 560 55 4016 534 462 103 225 83 3482 3444 259 3185 3140 1890 604 1250 385 184 152 92 81 219 105
is_linear=0
shrinkage=0.03


Tree=134
num_leaves=31
num_cat=0
split_feature=135 117 121 118 128 128 126 128 117 125 135 124 128 128 118 121 131 131 123 144 121 144 117 127 143 144 135 128 144 133
split_gain=131.926 54.5911 51.2385 21.5914 16.7397 15.0533 14.0521 13.2365 56.1428 11.4934 11.0319 10.6189 9.33392 8.8149 8.50756 9.69507 8.30551 7.85613 10.209 8.18664 13.7728 10.9864 20.1225 10.7553 11.3518 10.63 8.95417 13.9823 13.6447 10.3576
threshold=1.3095238095238098 1.0000000180025095e-35 554.50000000000011 92.500000000000014 1028.0000000000002 1.0000000180025095e-35 -1.0000000180025095e-35 1.5000000000000002 1.0000000180025095e-35 19.500000000000004 0.92857142857142871 29.500000000000004 813.00000000000011 1.0000000180025095e-35 190.50000000000003 18.500000000000004 1.5000000000000002 408.50000000000006 331.50000000000006 28.500000000000004 2.5000000000000004 31.500000000000004 1.0000000180025095e-35 0.029082163057459521 42.500000000000007 36.500000000000007 18.928571428571434 41.500000000000007 7.5000000000000009 4.7491392863563799
decision_type=8 2 2 2 10 10 8 10 2 10 10 2 10 10 2 2 10 10 2 2 2 2 2 10 2 2 10 10 2 10
left_child=1 5 4 13 7 6 -1 8 -2 11 -7 14 -4 -3 15 -10 -8 19 -19 26 -21 22 -22 -23 25 -25 28 -28 29 -9
right_child=2 3 12 -5 -6 10 16 17 9 -11 -12 -13 -14 -15 -16 -17 -18 18 -20 20 21 23 -24 24 -26 -27 27 -29 -30 -31
leaf_value=-0.011831604291809171 -0.01817341714832604 -0.015546420646471741 2.4009155905123452 0.0033055762291637155 11.024396798107245 0.0008500182177488191 -0.01417391246825093 0.0024342483963135562 0.026402252284719777 -0.11112756784281706 -0.0020636178747765019 0.41083758183294278 6.3336841967529764 0.0096001292757561356 0.86878245824042422 -0.011895312255618363 -0.01417391246825093 -0.25231603750755183 0.064857487704146594 -0.037262112839410708 -0.12982490856196821 0.015462661153793781 0.0046046776607543902 0.00086623465931413791 0.051041788288386042 -0.157748706800975 -0.0077602441532174278 0.013696602399691926 0.0013738029138966911 -0.0036849200543158742
leaf_weight=54 258 188 81 33 20 48 416 101 94 40 59 56 22 35 36 162 27 84 76 138 106 667 113 92 63 111 361 1042 485 29
leaf_count=54 258 188 81 33 20 48 416 101 94 40 59 56 22 35 36 162 27 84 76 138 106 667 113 92 63 111 361 1042 485 29
internal_value=-0.00235672 -0.0130335 -0.000175389 -0.00135632 -0.000708867 -0.0179212 -0.0201275 -0.000857975 -0.00478341 0.00242748 -0.00717857 0.00423229 0.0202222 -0.00484211 0.00179798 -0.000206897 -0.0218839 -0.000119205 -0.00650909 0.000197404 -0.00166332 -0.000565255 -0.00653571 0.000857143 -0.0041845 -0.00761538 0.001391 5.96591e-05 0.00439355 0.0128444
internal_weight=5097 860 4237 256 4134 604 497 4114 646 388 107 348 103 223 292 256 443 3468 160 3308 1290 1152 219 933 266 203 2018 1403 615 130
internal_count=5097 860 4237 256 4134 604 497 4114 646 388 107 348 103 223 292 256 443 3468 160 3308 1290 1152 219 933 266 203 2018 1403 615 130
is_linear=0
shrinkage=0.03


Tree=135
num_leaves=31
num_cat=0
split_feature=132 117 121 128 126 128 135 117 126 135 128 144 144 69 108 121 132 135 128 132 144 117 145 139 132 144 126 131 117 128
split_gain=142.318 67.1108 47.5484 17.2001 17.1429 16.4608 16.2632 16.0445 9.9767 8.87071 8.74667 7.04627 15.2759 6.90994 6.47262 7.03108 17.4429 14.8512 14.1819 10.0364 9.7193 15.7072 21.811 18.7981 10.4156 7.74879 9.86403 7.67302 7.97653 7.38966
threshold=1.1666666666666667 1.0000000180025095e-35 554.50000000000011 1.0000000180025095e-35 -1.4999999999999998 1028.0000000000002 0.92857142857142871 63.500000000000007 1.0000000180025095e-35 1.3095238095238098 813.00000000000011 10.500000000000002 4.5000000000000009 1.0000000180025095e-35 1.0000000180025095e-35 206.50000000000003 147.50000000000003 139.78571428571431 151.50000000000003 114.16666666666667 28.500000000000004 2.5000000000000004 36.500000000000007 1.0000000180025095e-35 5.8333333333333348 40.500000000000007 -5.4999999999999991 1.0000000180025095e-35 88.500000000000014 384.50000000000006
decision_type=8 2 2 10 8 10 10 2 10 8 10 2 2 2 2 2 10 8 10 8 2 2 2 2 10 2 8 8 2 10
left_child=1 3 5 4 -1 9 -5 11 -9 -2 -4 12 -3 14 15 17 19 18 20 -17 -11 22 24 -24 -22 26 -18 -20 -29 -27
right_child=2 7 10 6 -6 -7 -8 8 -10 13 -12 -13 -14 -15 -16 16 25 -19 27 -21 21 -23 23 -25 -26 29 -28 28 -30 -31
leaf_value=-0.010614873011046704 -0.021039278739961836 0.0093121253974834499 2.3288881227969749 0.0011308084106627487 -0.013748695094203402 10.693664894164028 -0.002001709338533204 -0.035212404728471834 0.0032064089422888038 0.00020391644737443926 6.1436736708503874 -0.00034293925653220314 -0.035445173164882035 0.29778951601553144 0.076618504793008232 0.0096267028490772122 -0.4727450285767506 -0.024704670188641271 -0.11263756414105372 1.4078506146049905 -0.020811467271183319 -0.00056717463883167337 -0.082241023210869291 0.018501112034794476 -0.091219489816119589 0.80582842092626683 0.0091536300155136349 0.60666268488070929 0.023719283523904264 -0.10446356301758271
leaf_weight=49 44 21 81 40 511 20 76 22 33 1761 22 174 30 46 45 47 82 461 26 52 71 654 56 176 124 35 227 45 39 27
leaf_count=49 44 21 81 40 511 20 76 22 33 1761 22 174 30 46 45 47 82 461 26 52 71 654 56 176 124 35 227 45 39 27
internal_value=-0.002392 -0.0127929 2.02605e-05 -0.0178767 -0.0200602 -0.000503092 -0.00689256 -0.0004 0.0134 -0.000654735 0.0196667 -0.00401739 -0.0132857 -0.000496105 -0.000639207 -0.000777778 0.00264 -0.00125336 -0.00046466 0.0135 -0.000883035 -0.00311602 -0.00755556 -0.00124051 -0.01482 -0.000382979 -0.00236943 0.00986087 0.0140899 0.00886567
internal_weight=5097 956 4141 676 560 4038 116 280 55 4018 103 225 51 3974 3928 3883 470 3413 2952 99 2842 1081 427 232 195 371 309 110 84 62
internal_count=5097 956 4141 676 560 4038 116 280 55 4018 103 225 51 3974 3928 3883 470 3413 2952 99 2842 1081 427 232 195 371 309 110 84 62
is_linear=0
shrinkage=0.03


Tree=136
num_leaves=31
num_cat=0
split_feature=132 117 121 128 126 128 135 117 126 118 128 144 135 69 121 132 135 128 132 144 144 120 139 132 123 125 135 136 136 143
split_gain=143.93 67.1108 47.2001 17.2001 17.1429 16.3598 16.2632 16.0445 9.9767 9.73553 8.74667 7.6089 7.33588 6.83381 6.72234 17.042 13.4193 12.3464 10.0364 8.67043 17.2836 12.5126 16.4342 10.5693 11.4205 11.8624 8.36254 7.87393 7.548 7.50273
threshold=1.1666666666666667 1.0000000180025095e-35 554.50000000000011 1.0000000180025095e-35 -1.4999999999999998 1028.0000000000002 0.92857142857142871 63.500000000000007 1.0000000180025095e-35 18.500000000000004 813.00000000000011 10.500000000000002 1.3095238095238098 1.0000000180025095e-35 206.50000000000003 147.50000000000003 139.78571428571431 151.50000000000003 114.16666666666667 15.500000000000002 17.500000000000004 0.50000000000000011 0.87837969732492682 132.33333333333334 1.5000000000000002 -43.499999999999993 1.9285714285714288 4.8445140901819705 2.2337839424508457 42.500000000000007
decision_type=8 2 2 10 8 10 10 2 10 2 10 2 8 2 2 10 8 10 8 2 2 2 2 10 2 10 10 10 10 2
left_child=1 3 5 4 -1 12 -5 9 -9 -3 -4 -11 -2 14 16 18 17 19 -16 26 -21 22 -22 24 27 -26 -14 28 -23 -17
right_child=2 7 10 6 -6 -7 -8 8 -10 11 -12 -13 13 -15 15 29 -18 -19 -20 20 21 23 -24 -25 25 -27 -28 -29 -30 -31
leaf_value=-0.010296426820715302 -0.020408100377762983 0.00082415004979561615 2.2590214791130641 0.0010968841583428673 -0.013336234241377299 10.372854947339107 -0.0019416580583772091 -0.034156032586617681 0.0031102166740201395 -0.034381817969935571 5.9593634607248758 -0.057848474435508716 0.00038069688294905868 0.28885583053506519 0.0093379017636048955 -0.034132719092760909 -0.023872374808890411 0.16676125811198944 1.365615096166841 -0.034325670255435176 -0.027178043641054458 0.0073824790295021975 0.010988156888069697 -0.2411751746039961 0.23610090529472336 -0.0026475327446695471 0.00082690845455353208 0.053187588511573708 -0.01126328523436749 0.55709271255130854
leaf_weight=49 44 142 81 40 511 20 76 22 33 35 22 48 37 46 47 325 462 110 52 126 166 32 88 50 122 1339 852 54 20 46
leaf_count=49 44 142 81 40 511 20 76 22 33 35 22 48 37 46 47 325 462 110 52 126 166 32 88 50 122 1339 852 54 20 46
internal_value=-0.0023332 -0.0127929 9.26194e-05 -0.0178767 -0.0200602 -0.000428889 -0.00689256 -0.0004 0.0134 -0.00401739 0.0196667 -0.0118636 -0.000580164 -0.000435788 -0.000578185 0.00276632 -0.00103783 -0.000297901 0.0135 -0.000682809 -0.00178022 -0.00103625 -0.0071583 -5.17879e-05 0.000396947 -0.000302865 0.00177181 0.00967568 0.000947368 -0.000223404
internal_weight=5097 956 4141 676 560 4038 116 280 55 225 103 83 4018 3974 3928 470 3458 2996 99 2886 1997 1871 254 1617 1567 1461 889 106 52 371
internal_count=5097 956 4141 676 560 4038 116 280 55 225 103 83 4018 3974 3928 470 3458 2996 99 2886 1997 1871 254 1617 1567 1461 889 106 52 371
is_linear=0
shrinkage=0.03


Tree=137
num_leaves=31
num_cat=0
split_feature=132 117 117 126 130 144 124 138 133 130 52 125 127 125 124 125 132 120 130 117 144 120 145 131 125 122 136 131 133 139
split_gain=163.586 47.0329 46.2113 19.1879 14.4303 11.9908 11.2192 11.9825 11.965 11.84 10.8299 9.69008 9.53018 14.8354 7.18955 12.6208 9.57499 13.3787 8.85751 11.9985 13.8614 22.9582 14.3778 10.3837 8.98505 11.2318 8.26397 8.88959 8.82752 8.17474
threshold=0.41666666666666669 1.0000000180025095e-35 541.50000000000011 -1.4999999999999998 791.00000000000011 10.500000000000002 -127.49999999999999 0.15476190476190479 27.497462087586356 73.500000000000014 1.0000000180025095e-35 -125.49999999999999 0.097800095648015326 -3.4999999999999996 -4.4999999999999991 -29.499999999999996 28.166666666666668 58.166666666666679 270.50000000000006 256.00000000000006 26.500000000000004 0.50000000000000011 43.500000000000007 30.500000000000004 1.0000000180025095e-35 2.5000000000000004 2.9554434852770015 45.500000000000007 19.344816497187889 0.6078576107927941
decision_type=8 2 2 8 10 2 2 8 8 8 2 8 10 10 2 10 8 2 8 2 2 2 2 10 10 2 10 10 10 2
left_child=1 3 4 -1 6 12 8 -8 -2 -10 11 -9 13 -3 15 16 -13 -18 19 20 23 22 -22 -16 25 -23 27 -17 -28 -26
right_child=2 5 -4 -5 -6 -7 7 10 9 -11 -12 14 -14 -15 18 26 17 -19 -20 -21 21 24 -24 -25 29 -27 28 -29 -30 -31
leaf_value=-0.0099875340160938443 0.29633512807786561 -0.033350363430837505 1.8698057830003301 -0.01293614721413598 10.061669298918936 0.0014632639660488811 -0.024043997253364386 -0.21176658054582281 1.0536867877781724 -0.30803280588572335 -0.01207584125629701 0.36497038289628791 -0.012985218293033061 0.011446152447310433 0.0016787248596398462 -0.045752062449978412 -0.04053033468897 0.30454796092362335 -0.015914575620159313 0.81195944958608546 -0.026222205789478426 -0.0025481524829612566 0.0093618486959149809 -0.0039781692507293792 -0.038419593231815791 0.051689297460796035 -0.0011850228388506068 0.10278075511129578 -0.084909627858409345 0.017265829943332776
leaf_weight=49 189 20 77 495 30 160 55 48 26 87 28 30 36 22 844 104 78 70 406 41 133 275 29 476 203 174 535 28 221 128
leaf_count=49 189 20 77 495 30 160 55 48 26 87 28 30 36 22 844 104 78 70 406 41 133 275 29 476 203 174 535 28 221 128
internal_value=-0.00235672 -0.0149352 -6.11111e-05 -0.0197705 -0.000493519 -0.00367901 -0.000653691 -0.0010877 0.00486645 -0.00274576 -0.000877593 -0.000727273 -0.0129398 -0.00242553 -0.000546032 -0.00262745 0.00455738 0.00113725 0.000274134 0.000998267 0.000685487 -0.00208448 -0.0121796 0.00266717 6.87898e-05 0.00282819 -0.00409183 -0.0109051 -0.00283049 -0.00364286
internal_weight=5097 782 4315 544 4238 238 4208 3906 302 113 3851 3823 78 42 3775 1066 178 148 2709 2303 2262 942 162 1320 780 449 888 132 756 331
internal_count=5097 782 4315 544 4238 238 4208 3906 302 113 3851 3823 78 42 3775 1066 178 148 2709 2303 2262 942 162 1320 780 449 888 132 756 331
is_linear=0
shrinkage=0.03


Tree=138
num_leaves=31
num_cat=0
split_feature=132 117 117 128 126 135 117 130 126 118 124 143 131 125 144 117 144 144 139 126 136 128 144 131 144 128 135 128 135 133
split_gain=141.896 66.4347 45.0024 16.9102 16.9284 16.2632 16.0445 14.1872 9.9767 9.73553 7.74446 14.7296 11.249 7.84649 7.6089 7.38425 12.465 19.2981 20.3426 14.5261 12.1108 8.84284 10.4848 12.5698 12.2257 8.88142 8.57203 13.7106 8.45797 9.51538
threshold=1.1666666666666667 1.0000000180025095e-35 549.00000000000011 1.0000000180025095e-35 -1.4999999999999998 0.92857142857142871 63.500000000000007 791.00000000000011 1.0000000180025095e-35 18.500000000000004 -127.49999999999999 39.500000000000007 686.00000000000011 -125.49999999999999 10.500000000000002 2.5000000000000004 28.500000000000004 36.500000000000007 1.0000000180025095e-35 -207.49999999999997 0.91466400133890147 3.5000000000000004 10.500000000000002 19.500000000000004 22.500000000000004 156.50000000000003 99.285714285714292 60.500000000000007 48.071428571428577 9.1893578799261579
decision_type=8 2 2 10 8 10 2 10 10 2 2 2 8 8 2 2 2 2 2 10 10 10 2 8 2 10 10 10 10 10
left_child=1 3 7 4 -1 -5 9 10 -8 -3 11 12 -2 -12 -11 16 19 20 -19 -15 -18 -21 23 -23 -24 26 27 28 -25 -30
right_child=2 6 -4 5 -6 -7 8 -9 -10 14 13 -13 -14 15 -16 -17 17 18 -20 21 -22 22 24 25 -26 -27 -28 -29 29 -31
leaf_value=-0.0096879079956110285 -0.59128028302274227 0.00075552762932028 2.9639411742654977 0.0010136158878033868 -0.0125480627977119 -0.0019337700624150877 -0.033474736182438458 9.7598192199513676 0.0026735256003802225 -0.032349852527912386 -0.20541358312944802 0.3284746119243212 0.21403199610657339 -0.015437138351554533 -0.056156918121424905 0.0022799344515771125 0.025256234343139176 -0.039165597593851041 0.02200171300818823 -0.00062002262849534249 -0.057157773546178271 0.0024703598011501749 -0.038923136452235864 0.0013557067261554677 0.0076935223973387586 0.85538322703221781 -0.050234121932886851 0.22099547273221845 -0.010830102546200777 0.011198438037638354
leaf_weight=49 47 142 60 40 511 76 22 30 33 35 48 223 32 70 48 1734 37 59 191 206 163 66 362 204 357 82 52 49 44 25
leaf_count=49 47 142 60 40 511 76 22 30 33 35 48 223 32 70 48 1734 37 59 191 206 163 66 362 204 357 82 52 49 44 25
internal_value=-0.00234496 -0.0127305 6.36758e-05 -0.0177885 -0.019954 -0.00689256 -0.0004 -0.000328928 0.0134 -0.00401739 -0.000494083 0.00408469 -0.00671429 -0.000869473 -0.0118636 -0.000702644 -0.00195943 -0.00631648 -0.000682353 -0.000646518 -0.0131415 1.65289e-05 0.000982343 0.00420114 -0.00135912 0.00232972 0.000300792 0.00218349 -0.000517986 -0.00924324
internal_weight=5097 956 4141 676 560 116 280 4081 55 225 4051 302 79 3749 83 3701 1967 450 250 1517 200 1447 1241 522 719 456 374 322 273 69
internal_count=5097 956 4141 676 560 116 280 4081 55 225 4051 302 79 3749 83 3701 1967 450 250 1517 200 1447 1241 522 719 456 374 322 273 69
is_linear=0
shrinkage=0.03


Tree=139
num_leaves=31
num_cat=0
split_feature=132 117 117 128 126 135 117 130 126 118 144 119 132 128 121 135 128 117 144 145 145 144 136 128 144 136 126 133 130 144
split_gain=140.295 66.4347 38.7859 16.9102 16.9284 16.2632 16.0445 14.2534 9.9767 9.73553 7.6089 6.8164 9.31914 8.2709 7.83303 7.27411 7.73824 9.5893 11.6986 9.15097 8.251 10.9612 15.9004 7.27624 7.25394 7.20606 7.10956 6.80449 6.73239 11.0067
threshold=1.1666666666666667 1.0000000180025095e-35 549.00000000000011 1.0000000180025095e-35 -1.4999999999999998 0.92857142857142871 63.500000000000007 791.00000000000011 1.0000000180025095e-35 18.500000000000004 10.500000000000002 135.50000000000003 147.50000000000003 119.50000000000001 574.00000000000011 382.28571428571433 4.5000000000000009 1.0000000180025095e-35 34.500000000000007 21.500000000000004 15.500000000000002 11.500000000000002 0.46157923612182877 1.5000000000000002 27.500000000000004 54.195601781957997 -1.4999999999999998 11.204999582005431 23.500000000000004 9.5000000000000018
decision_type=8 2 2 10 8 10 2 10 10 2 2 2 10 8 2 10 10 2 2 2 2 2 10 10 2 10 10 10 8 2
left_child=1 3 7 4 -1 -5 9 11 -8 -3 -11 15 13 -13 27 16 17 19 -19 20 21 22 -2 -24 -21 -17 -15 -14 29 -18
right_child=2 6 -4 5 -6 -7 8 -9 -10 10 -12 12 14 26 -16 25 28 18 -20 24 -22 -23 23 -25 -26 -27 -28 -29 -30 -31
leaf_value=-0.0093972707557426968 -0.0019260568113912324 0.00073286180044067112 2.8750229390375317 0.00098320741116928617 -0.012171620913780542 -0.0018757569605426338 -0.032470494096965306 9.4670246433528273 0.0025933198323688155 -0.031379356952075013 -0.054472210577782176 0.03603715737795072 0.033085996060381151 0.35827469177845384 1.4927549006737593 -0.1086963800708952 0.0021103930824263625 0.013865754253254517 -0.03453854352108536 0.007087664317383115 -0.033557541642721608 0.18998145678065018 -0.017364938097742724 0.0016591585527611908 -0.011370064714175497 1.4590990047471364 0.67561903175479165 -0.082430737056203615 -0.0044874027659796666 0.00043707466463400736
leaf_weight=49 67 142 60 40 511 76 22 30 33 35 48 112 155 30 35 78 147 259 75 54 60 22 21 31 95 21 42 247 1578 922
leaf_count=49 67 142 60 40 511 76 22 30 33 35 48 112 155 30 35 78 147 259 75 54 60 22 21 31 95 21 42 247 1578 922
internal_value=-0.00240376 -0.0127305 -5.78871e-06 -0.0177885 -0.019954 -0.00689256 -0.0004 -0.000372981 0.0134 -0.00401739 -0.0118636 -0.000538462 0.00233866 0.00790476 -5.42986e-05 -0.00106376 -0.000816547 -0.00364877 0 -0.00708169 -0.0111845 -0.00673973 -0.0103548 0.002 -0.00132468 -0.00888462 0.0155065 -0.00131204 -7.69231e-05 0.00175419
internal_weight=5097 956 4141 676 560 116 280 4081 55 225 83 4051 621 184 437 3430 3331 684 334 350 201 141 119 52 149 99 72 402 2647 1069
internal_count=5097 956 4141 676 560 116 280 4081 55 225 83 4051 621 184 437 3430 3331 684 334 350 201 141 119 52 149 99 72 402 2647 1069
is_linear=0
shrinkage=0.03


Tree=140
num_leaves=31
num_cat=0
split_feature=132 117 117 128 126 135 117 130 126 118 125 136 117 125 121 131 132 132 144 124 124 34 131 133 124 136 135 143 124 138
split_gain=141.896 66.4347 35.5011 16.9102 16.9284 16.2632 16.0445 14.1212 9.9767 9.73553 8.3556 8.6857 13.7017 12.2222 8.05346 11.8421 8.72762 9.85494 7.6089 7.47835 11.6457 7.22373 7.1279 11.4984 9.15428 8.34974 9.19341 8.11764 15.2058 8.22692
threshold=1.1666666666666667 1.0000000180025095e-35 549.00000000000011 1.0000000180025095e-35 -1.4999999999999998 0.92857142857142871 63.500000000000007 791.00000000000011 1.0000000180025095e-35 18.500000000000004 37.500000000000007 46.19498877789551 50.500000000000007 142.00000000000003 206.50000000000003 324.50000000000006 147.50000000000003 172.16666666666671 10.500000000000002 -127.49999999999999 -8.4999999999999982 1.0000000180025095e-35 40.500000000000007 4.2815672430289302 -28.499999999999996 2.9554434852770015 74.500000000000014 40.500000000000007 -29.499999999999996 0.63333333333333341
decision_type=8 2 2 10 8 10 2 10 10 2 8 10 2 8 2 10 10 10 2 2 2 2 10 10 2 10 10 2 2 10
left_child=1 3 7 4 -1 -5 9 10 -8 -3 14 12 -12 -14 15 19 -16 -18 -11 -2 22 -22 25 -24 -25 -21 27 29 -29 -27
right_child=2 6 -4 5 -6 -7 8 -9 -10 18 11 -13 13 -15 16 -17 17 -19 -20 20 21 -23 23 24 -26 26 -28 28 -30 -31
leaf_value=-0.0091153526330704157 0.16331161163004623 0.00071087594642745217 2.7887722508664057 0.00095371118883420694 -0.011806472286367126 -0.0018194842517263575 -0.031496379274056352 9.1830139040522418 0.0025155202373977515 -0.030437976243512761 -0.014916242496666161 -0.48694211740583565 -0.12455213156695656 0.84953700340173588 0.75517945037150724 -0.13529620079094229 -0.36372214922675994 0.076847845779105334 -0.052838044260448719 -0.044681331982439898 6.8173776563051899e-05 0.90827198681372068 0.17556564587306284 -0.0056392197860952419 -0.17345782403735591 -0.070582422683495794 -0.20450617219819392 -0.15842517441908288 -0.010518168455842183 0.015563084819156855
leaf_weight=49 112 142 60 40 511 76 22 30 33 35 99 35 64 55 79 74 20 340 48 79 2292 20 94 202 64 35 51 49 98 189
leaf_count=49 112 142 60 40 511 76 22 30 33 35 99 35 64 55 79 74 20 340 48 79 2292 20 94 202 64 35 51 49 98 189
internal_value=-0.00234496 -0.0127305 6.36758e-05 -0.0177885 -0.019954 -0.00689256 -0.0004 -0.000284875 0.0134 -0.00401739 -0.000449704 -0.00567442 -0.00320179 0.00358065 -9.30844e-05 -0.000595719 0.0037027 0.0016274 -0.0118636 -0.000317325 -0.000592826 0.000515322 -0.0035612 -0.000312329 -0.0035203 -0.00585771 -0.00406089 -0.00229787 -0.00765789 0.00128384
internal_weight=5097 956 4141 676 560 116 280 4081 55 225 4051 253 218 119 3798 3359 439 360 83 3285 3173 2312 861 360 266 501 422 371 147 224
internal_count=5097 956 4141 676 560 116 280 4081 55 225 4051 253 218 119 3798 3359 439 360 83 3285 3173 2312 861 360 266 501 422 371 147 224
is_linear=0
shrinkage=0.03


Tree=141
num_leaves=31
num_cat=0
split_feature=138 120 117 122 128 117 128 128 125 125 124 138 118 129 127 118 136 131 129 140 136 126 145 119 126 146 117 118 120 136
split_gain=121.042 62.5923 33.9951 28.3235 21.312 53.7736 11.6111 11.5369 9.98962 9.69233 10.8992 8.67251 8.3705 8.31477 9.11021 7.67434 7.16332 6.60654 18.5381 14.7187 7.56834 6.18698 6.37562 10.6784 7.96296 7.17284 6.84696 5.99538 5.86577 6.0853
threshold=0.15476190476190479 1.0000000180025095e-35 549.00000000000011 88.500000000000014 1.5000000000000002 1.0000000180025095e-35 930.50000000000011 1.0000000180025095e-35 -2.4999999999999996 19.500000000000004 27.500000000000004 0.84523809523809534 578.00000000000011 316.50000000000006 -0.99514460131520011 190.50000000000003 1.0584843456205617 227.50000000000003 16.500000000000004 1.0000000180025095e-35 4.8445140901819705 -13.499999999999998 10.500000000000002 18.500000000000004 -1.4999999999999998 19.500000000000004 1.5000000000000002 3.5000000000000004 3.1666666666666674 4.5548770399255138
decision_type=8 2 2 2 10 2 10 10 8 10 2 10 2 8 10 2 10 8 10 2 10 8 2 2 8 2 2 2 2 8
left_child=1 -1 4 21 5 7 12 8 -2 10 15 16 13 14 -6 28 -9 -16 20 -20 -19 -3 23 -23 -24 26 -26 -27 29 -7
right_child=2 3 -4 -5 6 9 -8 11 -10 -11 -12 -13 -14 -15 17 -17 -18 18 19 -21 -22 22 24 -25 25 27 -28 -29 -30 -31
leaf_value=-0.011452278117776113 0.0037722246857689744 0.4070839976110463 2.7051090833404143 0.002440054630275819 2.0500436808125371 -0.0010129553626475074 8.9075234869306747 0.0026994973954814249 -0.015326031850923955 -0.096835567264996661 0.28972098451446526 -0.0017648997241745689 2.4923723705570668 -0.059053480314644274 -0.00018260110725311306 0.75240269782660929 -0.011600991814081533 0.0034914384636951599 -0.024251069164614874 0.034541728989971147 0.010666204742421227 -0.0055929455068530129 0.079596417041352743 -0.029524836956207376 -0.016150742391189313 -0.011583378266530869 -0.01391378963937424 0.045675715470079897 -0.0044162754868683502 0.048569475715711512
leaf_weight=336 23 20 60 33 28 37 28 28 205 43 61 98 21 369 2613 37 26 62 283 70 56 47 37 51 41 65 36 37 220 26
leaf_count=336 23 20 60 33 28 37 28 28 205 43 61 98 21 369 2613 37 26 62 283 70 56 47 37 51 41 65 36 37 220 26
internal_value=-0.00225088 -0.0137627 -0.00039418 -0.00506452 -0.000717677 -0.00511001 0.000286846 -0.0132312 -0.017485 0.00222378 0.00379275 -0.0064586 0.00011805 -6.88468e-06 0.000498556 0.00145846 0.00294915 0.000328262 0.00357983 6.70391e-05 0.0136098 -0.00776991 -0.00882132 -0.0150874 -0.00567421 -0.00828261 -0.0149268 -0.00274766 -0.000291667 0.00741176
internal_weight=5097 703 4394 367 4334 804 3530 380 228 424 381 152 3502 3481 3112 320 54 3084 471 353 118 334 314 98 216 179 77 102 283 63
internal_count=5097 703 4394 367 4334 804 3530 380 228 424 381 152 3502 3481 3112 320 54 3084 471 353 118 334 314 98 216 179 77 102 283 63
is_linear=0
shrinkage=0.03


Tree=142
num_leaves=31
num_cat=0
split_feature=132 117 117 126 119 128 144 132 117 128 138 137 137 135 127 120 127 126 108 131 136 131 128 119 73 131 132 139 131 103
split_gain=137.84 67.6919 33.4364 18.9543 16.3897 12.7096 11.9432 11.2589 19.5892 17.73 11.9029 10.0919 7.45017 8.15291 6.84294 6.29011 5.47125 5.8593 5.41979 5.37364 5.70986 5.5991 5.15541 4.99325 4.82644 8.77687 4.89777 4.77471 7.56848 4.52896
threshold=0.41666666666666669 1.0000000180025095e-35 549.00000000000011 -1.4999999999999998 89.500000000000014 930.50000000000011 10.500000000000002 3.5000000000000004 51.500000000000007 1.0000000180025095e-35 0.84523809523809534 4.5000000000000009 3.5000000000000004 1.8452380952380956 -0.99514460131520011 1.1666666666666667 1.2522727272727276 1.0000000180025095e-35 1.0000000180025095e-35 1.0000000180025095e-35 0.91466400133890147 5.5000000000000009 270.50000000000006 13.500000000000002 1.0000000180025095e-35 116.50000000000001 3.8333333333333335 1.0000000180025095e-35 3.5000000000000004 1.0000000180025095e-35
decision_type=8 2 2 8 2 10 2 10 2 10 10 2 2 10 10 2 10 10 2 8 10 10 10 2 2 8 10 2 8 2
left_child=1 3 5 -1 6 7 11 8 9 -2 19 -3 -12 -14 22 -5 17 -8 24 20 -11 -21 -9 -17 26 -26 -16 28 -15 -28
right_child=2 4 -4 15 -6 -7 16 14 -10 10 12 -13 13 27 18 23 -18 -19 -20 21 -22 -23 -24 -25 25 -27 29 -29 -30 -31
leaf_value=-0.0086741036888727131 -0.015757009703572147 -0.0092684425639105502 2.6239558108402026 -0.011108709774242829 0.0023668529913675445 8.6402977823227527 0.013312088134247585 2.0563780592095235 0.6990490462650637 0.0029372614173826489 0.0033866953097843023 -0.028639091847521156 -0.001627583681301632 0.016300818155326555 0.024814073323423492 -0.010021775566433754 -0.031453456068010061 -0.0075208724152602442 0.080199548646012073 0.01170443372774427 -0.018733145267100345 0.00023149594922014627 0.22414194214401617 -0.043827955292250746 -0.021396581217307045 0.3250743040271844 -0.00097109398916028766 -0.00054020742537805419 -0.013782091504183937 0.0017063117209044076
leaf_weight=49 194 27 60 403 35 28 69 25 40 28 26 30 74 39 21 47 36 41 44 37 44 26 29 45 22 23 3438 45 28 44
leaf_count=49 194 27 60 403 35 28 69 25 40 28 26 30 74 39 21 47 36 41 44 37 44 26 29 45 22 23 3438 45 28 44
internal_value=-0.00232144 -0.0138679 -0.000213889 -0.0196612 -0.000469136 -0.000540845 -0.00386538 -0.0006862 -0.00454608 -0.00608791 -0.00194318 -0.0149032 -0.0063318 -0.00845026 -6.4092e-05 -0.021408 0.000754967 0.00412174 -0.00023186 0.00488571 -0.000701299 0.0109412 0.0100678 -0.0129278 -0.000369828 0.00888 -0.000502851 -0.00302564 0.002 -0.000600516
internal_weight=5097 782 4315 544 238 4255 203 4227 581 541 347 57 212 186 3646 495 146 110 3592 135 72 63 54 92 3548 45 3503 112 67 3482
internal_count=5097 782 4315 544 238 4255 203 4227 581 541 347 57 212 186 3646 495 146 110 3592 135 72 63 54 92 3548 45 3503 112 67 3482
is_linear=0
shrinkage=0.03


Tree=143
num_leaves=31
num_cat=0
split_feature=135 120 121 128 117 128 128 125 121 124 129 127 128 124 123 125 136 144 136 131 144 59 126 144 146 125 121 126 135 128
split_gain=140.393 48.1048 31.2506 17.9356 45.1462 15.7169 10.4903 9.23567 8.84047 8.60278 7.44381 7.24583 6.7175 6.41948 6.37018 7.04994 6.11196 15.0529 12.9712 5.76303 5.7223 6.73604 6.43732 5.95311 12.2605 13.7771 9.24624 8.18101 8.26412 9.31698
threshold=0.58571428571428574 1.0000000180025095e-35 574.00000000000011 3.5000000000000004 1.0000000180025095e-35 1028.0000000000002 1.0000000180025095e-35 -2.4999999999999996 212.50000000000003 -13.499999999999998 316.50000000000006 -0.99514460131520011 1.0000000180025095e-35 51.500000000000007 513.50000000000011 -82.499999999999986 0.44238332667242258 11.500000000000002 0.66936538861185257 648.50000000000011 43.500000000000007 1.0000000180025095e-35 1.5000000000000002 29.500000000000004 31.500000000000004 8.5000000000000018 2.5000000000000004 -24.499999999999996 22.357142857142858 13.500000000000002
decision_type=8 2 2 10 2 10 10 8 2 2 8 10 10 2 2 10 10 2 10 10 2 2 10 2 2 10 2 10 10 10
left_child=1 -1 3 4 6 10 7 -2 9 -6 11 -5 -3 -11 15 -12 17 -8 -18 -4 21 23 -22 27 25 -25 -26 -13 -29 -30
right_child=2 12 19 5 8 -7 16 -9 -10 13 14 20 -14 -15 -16 -17 18 -19 -20 -21 22 -23 -24 24 26 -27 -28 28 29 -31
leaf_value=-0.010775448481015545 0.0081486053462908516 -0.0096008284560106672 3.4248762903881804 1.9268510286118747 -0.046849598364979955 8.3810888488530715 -0.00052400120261670842 -0.014916568166690668 1.03702386911134 0.0017453091867595759 -1.1578641291322083 0.050715812882391055 0.026023708455499634 0.36847701244741099 0.35049750650594202 -0.074490656311855336 0.0014009945696770742 0.024623414213769724 -0.0021672585516388666 1.3991563646982899 0.085437271087979882 -0.021397698647060585 -0.066421325984658774 -0.10277293112907188 -0.066858677958342577 0.31061665768324814 0.0033946188366680017 0.0017718114333419431 -0.042822268756575299 -0.0020446713635612923
leaf_weight=346 22 338 46 28 49 20 57 195 46 320 23 136 23 37 42 298 25 32 161 47 124 32 33 139 58 20 752 555 26 1067
leaf_count=346 22 338 46 28 49 20 57 195 46 320 23 136 23 37 42 298 25 32 161 47 124 32 33 139 58 20 752 555 26 1067
internal_value=-0.00259192 -0.0149494 -0.000585666 -0.000967922 -0.00460906 6.07504e-05 -0.0108531 -0.0157838 0.00221882 0.000715328 -0.000115039 0.000381176 -0.00711475 0.00238674 -0.0041413 -0.00559509 -0.00672857 -0.0130213 -0.00342408 0.0161633 0.000221921 -9.46237e-05 0.0057037 7.39666e-05 -0.00181109 -0.00929268 -0.000287117 0.00110341 0.000504537 -0.00100546
internal_weight=5097 707 4390 4297 944 3353 492 217 452 406 3333 2970 361 357 363 321 275 89 186 93 2942 2785 157 2753 969 159 810 1784 1648 1093
internal_count=5097 707 4390 4297 944 3353 492 217 452 406 3333 2970 361 357 363 321 275 89 186 93 2942 2785 157 2753 969 159 810 1784 1648 1093
is_linear=0
shrinkage=0.03


Tree=144
num_leaves=31
num_cat=0
split_feature=132 117 117 128 126 135 118 128 118 123 128 117 144 121 128 128 117 69 120 123 144 127 129 124 124 37 118 117 131 129
split_gain=137.845 64.8005 29.7955 16.9102 16.9284 16.2632 16.1957 12.612 11.0481 9.31406 8.89541 9.77235 8.07234 11.7155 15.8127 8.60885 8.42273 7.75415 7.48393 8.90651 7.47776 7.4446 8.73156 7.52368 8.30946 7.69847 7.29175 6.35678 6.82522 11.1494
threshold=1.1666666666666667 1.0000000180025095e-35 576.00000000000011 1.0000000180025095e-35 -1.4999999999999998 0.92857142857142871 92.500000000000014 930.50000000000011 18.500000000000004 513.50000000000011 356.00000000000006 209.50000000000003 10.500000000000002 105.50000000000001 465.50000000000006 418.00000000000006 1.0000000180025095e-35 1.0000000180025095e-35 148.16666666666671 153.50000000000003 10.500000000000002 -0.99514460131520011 210.00000000000003 -127.49999999999999 -123.49999999999999 1.0000000180025095e-35 339.50000000000006 169.50000000000003 151.50000000000003 168.50000000000003
decision_type=8 2 2 10 8 10 2 10 2 2 8 2 2 2 10 8 2 2 2 2 2 10 8 2 2 2 2 2 10 10
left_child=1 3 7 4 -1 -5 8 9 -3 10 11 17 13 14 16 -14 -12 21 -13 -20 -10 -2 23 -23 -25 27 -17 28 -26 -30
right_child=2 6 -4 5 -6 -7 -8 -9 20 -11 12 18 15 -15 -16 26 -18 -19 19 -21 -22 22 -24 24 25 -27 -28 -29 29 -31
leaf_value=-0.0081258557245262111 1.8012098089321553 0.00094297409243755399 2.7892277362324296 0.00060592986918967743 -0.010452185026585079 -0.0016052206603579355 0.0025838722553068382 8.1296561833874801 -0.027491894238415207 0.47610357104143131 -0.013088766930130573 1.4788229625671139 0.028344277048510662 0.77249734463365372 1.5424785279264879 -0.46829839696518999 -0.00065488308532795074 0.38954543452635859 0.18526580561632841 -0.54415988819963557 -0.030776031705462649 0.088499741605825785 -0.19838005587267957 -0.3057482730712211 -0.00022495872339105104 -0.11357818143491975 -0.10537171949690445 0.32934322245961867 -0.11826321989516202 0.47724234592622367
leaf_weight=49 29 159 47 40 511 76 35 28 35 78 56 24 48 32 34 63 52 42 115 38 51 126 182 22 2843 32 69 40 104 37
leaf_count=49 29 159 47 40 511 76 35 28 35 78 56 24 48 32 34 63 52 42 115 38 51 126 182 22 2843 32 69 40 104 37
internal_value=-0.00255664 -0.0127929 -0.00017945 -0.0177885 -0.019954 -0.00689256 -0.000610526 -0.000466943 -0.003456 -0.000617539 -0.000824944 -0.000377576 -0.00533148 -0.000636872 -0.00444898 -0.0096973 -0.0100354 -0.000734835 0.0063956 0.00356962 -0.0118022 -0.000901754 -0.00104217 -0.000671237 -0.000971132 -0.0008213 -0.0135328 -0.0006517 -0.00082101 -0.00715068
internal_weight=5097 956 4141 676 560 116 280 4094 245 4066 3988 3634 354 174 142 180 108 3457 177 153 86 3415 3386 3204 3078 3056 132 3024 2984 141
internal_count=5097 956 4141 676 560 116 280 4094 245 4066 3988 3634 354 174 142 180 108 3457 177 153 86 3415 3386 3204 3078 3056 132 3024 2984 141
is_linear=0
shrinkage=0.03


Tree=145
num_leaves=31
num_cat=0
split_feature=132 117 117 128 135 118 128 120 118 123 144 125 135 125 141 117 130 122 127 125 118 125 127 127 127 135 124 127 69 119
split_gain=140.713 64.8005 29.4514 16.9102 16.2632 16.1957 12.4318 12.0945 11.0481 7.78059 7.47776 8.11722 6.7512 6.87807 13.3049 12.1353 11.6188 10.3884 7.65274 12.9087 6.6227 6.61507 5.99291 7.84398 7.33785 10.6876 5.93386 5.76127 5.49694 4.82475
threshold=1.1666666666666667 1.0000000180025095e-35 576.00000000000011 1.0000000180025095e-35 0.92857142857142871 92.500000000000014 930.50000000000011 0.83333333333333337 18.500000000000004 513.50000000000011 10.500000000000002 -7.4999999999999991 382.28571428571433 27.500000000000004 1.0000000180025095e-35 209.50000000000003 265.00000000000006 177.00000000000003 -0.016713221601489754 -12.499999999999998 201.50000000000003 -25.499999999999996 0.98461538461538478 0.36417112299465243 6.5000000000000009 13.928571428571431 1.0000000180025095e-35 2.3250000000000006 1.0000000180025095e-35 38.500000000000007
decision_type=8 2 2 10 10 2 10 2 2 2 2 10 10 10 2 2 8 2 8 10 2 10 8 10 10 10 2 10 2 2
left_child=1 3 6 7 -5 8 9 -1 27 12 -10 -12 13 15 16 17 26 20 19 -17 22 -22 23 28 25 -24 -15 -3 -2 -28
right_child=2 5 -4 4 -6 -7 -8 -9 10 -11 11 -13 -14 14 -16 18 -18 -19 -20 -21 21 -23 24 -25 -26 -27 29 -29 -30 -31
leaf_value=-0.010138619475787527 -0.0004749975206868129 0.0078500658402096586 2.7055509041454568 0.00058775197311398573 -0.0015570640405472003 0.002506356087647633 7.8857664978858537 -0.014747360077688117 -0.026667137411262747 0.46182046391018783 0.2991385289806493 -0.13520337176578781 -0.095825458046535347 -0.0043139134190201388 -0.51269347907821272 0.33274304389915355 -0.59229961765943162 -0.27521405164913404 0.67571123642605579 -1.0921522900764729 1.5581495247483028 -0.0090723993170840258 -0.0042037082209100754 0.023942267148339625 0.04659958574725017 -0.15401800199392057 0.044162103302622456 -0.051541274692921211 0.48233191735700015 0.64638919942397943
leaf_weight=429 3068 121 47 40 76 35 28 131 35 78 24 27 181 26 41 44 26 21 83 23 26 34 165 79 25 34 47 38 39 26
leaf_count=429 3068 121 47 40 76 35 28 131 35 78 24 27 181 26 41 44 26 21 83 23 26 34 165 79 25 34 47 38 39 26
internal_value=-0.0024508 -0.0127929 -4.92041e-05 -0.0177885 -0.00689256 -0.000610526 -0.000335204 -0.019954 -0.003456 -0.000484893 -0.0118022 -0.00364286 -0.000674681 -0.00039979 -0.0062807 -0.000121777 -0.00110769 -0.000487414 0.00809032 0.000333333 -0.000343597 0.00913846 -0.000525329 -0.000186149 -0.00521397 -0.00717647 0.00369231 0.0012439 -0.000431877 0.008
internal_weight=5097 956 4141 676 116 280 4094 560 245 4066 86 51 3988 3807 166 3641 125 3491 150 67 3470 60 3410 3186 224 199 99 159 3107 73
internal_count=5097 956 4141 676 116 280 4094 560 245 4066 86 51 3988 3807 166 3641 125 3491 150 67 3470 60 3410 3186 224 199 99 159 3107 73
is_linear=0
shrinkage=0.03


Tree=146
num_leaves=31
num_cat=0
split_feature=132 117 117 119 128 126 135 128 123 144 137 135 126 125 131 117 126 139 124 136 128 139 132 132 127 133 143 120 132 21
split_gain=143.484 61.5914 29.4514 16.9624 16.9102 16.9284 16.2632 12.4318 7.78059 7.35412 13.9252 6.7512 8.63776 6.08137 13.717 12.0175 12.7391 10.2808 6.06876 7.20826 9.51291 8.43876 10.1646 7.80723 8.1512 10.907 10.2875 8.74194 7.54774 7.16377
threshold=1.1666666666666667 1.0000000180025095e-35 576.00000000000011 89.500000000000014 1.0000000180025095e-35 -1.4999999999999998 0.92857142857142871 930.50000000000011 513.50000000000011 10.500000000000002 4.5000000000000009 382.28571428571433 -16.499999999999996 27.500000000000004 132.50000000000003 285.00000000000006 7.5000000000000009 -0.60785761079279388 29.500000000000004 72.16435311659049 139.50000000000003 -0.60785761079279388 1.8333333333333337 128.16666666666671 -0.057609370840358498 1.3307163456488713 41.500000000000007 86.500000000000014 169.83333333333334 1.0000000180025095e-35
decision_type=8 2 2 2 10 8 10 10 2 2 2 10 10 10 8 2 10 2 2 10 10 2 10 10 10 10 2 2 10 2
left_child=1 4 7 9 5 -1 -6 8 11 10 -3 13 -13 15 17 18 -17 -15 19 21 -21 22 -2 24 25 -24 -26 -27 -25 -23
right_child=2 3 -4 -5 6 -7 -8 -9 -10 -11 -12 12 -14 14 -16 16 -18 -19 -20 20 -22 29 23 28 26 27 -28 -29 -30 -31
leaf_value=-0.0074396592504597809 -0.02652985197615319 0.006556615402106696 2.6243843770210944 0.0024311654050182046 0.00057011941392056558 -0.0098344608915139006 -0.0015103521193307868 7.6491935029492799 0.44796584999288314 -0.00029545973238991107 -0.025867123288924865 -0.56457523338778404 -0.035288299491564881 -0.29725120057134086 -0.46155254586184596 1.6613342911146525 -0.057941031361911539 0.15083058402643237 0.041429945035864363 -0.12821584156115406 0.45774154988992377 -0.0019591190264580402 0.029760372399764545 -0.16241521011573568 0.0021502747433528578 0.006941045255417248 -0.062942024086355658 0.64275370083637706 0.10717577150773337 -0.017193684353005095
leaf_weight=49 21 32 47 35 40 511 76 28 78 183 30 32 149 23 74 41 21 69 433 53 136 2114 36 58 413 176 49 23 42 25
leaf_count=49 21 32 47 35 40 511 76 28 78 183 30 32 149 23 74 41 21 69 433 53 136 2114 36 58 413 176 49 23 42 25
internal_value=-0.00247432 -0.0129178 -4.92041e-05 -0.00103158 -0.0177885 -0.019954 -0.00689256 -0.000335204 -0.000484893 -0.003936 -0.0124478 -0.000674681 -0.00625806 -0.00039979 -0.00592982 -0.000138234 0.0124478 0.00179381 -0.000375 -0.000835925 0.00476289 -0.00120324 0.00137789 0.00197506 0.00311111 0.0076 0.00075803 0.00452941 -0.00565714 -0.00219403
internal_weight=5097 956 4141 280 676 560 116 4094 4066 245 62 3988 181 3807 166 3641 62 92 3579 3146 189 2957 818 797 697 235 462 199 100 2139
internal_count=5097 956 4141 280 676 560 116 4094 4066 245 62 3988 181 3807 166 3641 62 92 3579 3146 189 2957 818 797 697 235 462 199 100 2139
is_linear=0
shrinkage=0.03


Tree=147
num_leaves=31
num_cat=0
split_feature=132 117 117 128 126 118 135 128 118 120 122 144 125 130 69 127 124 136 125 130 127 124 125 130 128 133 131 130 135 119
split_gain=139.656 61.8774 29.4132 19.9245 16.9284 16.5771 14.2356 12.4118 10.4299 7.76763 11.0206 7.47776 8.11722 6.93435 7.69384 7.24714 8.8809 8.69706 7.11109 7.06635 6.16968 5.84484 10.4041 15.6733 9.03853 10.5158 9.93978 15.1019 10.3163 8.98862
threshold=1.1666666666666667 1.0000000180025095e-35 576.00000000000011 1.0000000180025095e-35 -1.4999999999999998 92.500000000000014 0.92857142857142871 930.50000000000011 18.500000000000004 294.83333333333337 345.50000000000006 10.500000000000002 -7.4999999999999991 208.50000000000003 1.0000000180025095e-35 0.27429467084639503 11.500000000000002 106.5613686829051 -10.499999999999998 192.50000000000003 -0.99295739721271625 -8.4999999999999982 -43.499999999999993 117.50000000000001 67.500000000000014 19.80740423507957 27.500000000000004 60.500000000000007 142.1428571428572 135.50000000000003
decision_type=8 2 2 10 8 2 10 10 2 2 2 2 10 8 2 10 2 10 8 10 10 2 10 10 10 10 10 10 10 2
left_child=1 3 7 4 -1 8 -5 9 -3 13 -11 -10 -13 19 15 16 17 -15 -18 20 -2 22 23 -22 25 -24 -26 -28 -29 -23
right_child=2 5 -4 6 -6 -7 -8 -9 11 10 -12 12 -14 14 -16 -17 18 -19 -20 -21 21 29 24 -25 26 -27 27 28 -30 -31
leaf_value=-0.0072164694729459876 0.92635484007305691 0.00068804668642983289 2.5456528457104617 0.00055301583150294757 -0.0095394270647684836 0.0023582304428676586 -0.0014650415557508655 7.4197176978608006 -0.025091109590257121 0.69460324844254673 -0.089594204091903856 0.29017323690320163 -0.13113840682084246 -0.022395640822659005 0.1967823590176104 -0.49301496021303326 -0.15661567790608852 0.35772940855685048 0.20135233903567945 0.15515257210431982 0.32246154946941841 4.247557432275117e-05 -0.015276859631696116 -0.28295357158437195 -0.11932319133093006 -0.16418877131635315 0.12119705066844505 0.061704371310856057 -0.15212491396434713 0.38189694949094471
leaf_weight=49 28 159 47 40 511 35 76 28 35 116 60 24 27 389 21 43 28 61 106 42 99 2179 420 37 58 79 46 153 50 51
leaf_count=49 28 159 47 40 511 35 76 28 35 116 60 24 27 389 21 43 28 61 106 42 99 2179 420 37 58 79 46 153 50 51
internal_value=-0.00242728 -0.0127305 -3.47323e-05 -0.0176123 -0.019954 -0.000821053 -0.00590083 -0.000320566 -0.003696 -0.000470155 0.00560221 -0.0118022 -0.00364286 -0.000753273 -0.00357427 -0.00421519 -0.00324958 -0.00526154 0.00341007 -0.000182938 -0.000353822 -0.000489141 -0.00246463 0.00506383 -0.00376572 -0.0062381 0.000269231 0.00292913 -0.000692308 0.000346309
internal_weight=5097 956 4141 676 560 280 116 4094 245 4066 176 86 51 3890 648 627 584 450 134 3242 3200 3172 942 136 806 499 307 249 203 2230
internal_count=5097 956 4141 676 560 280 116 4094 245 4066 176 86 51 3890 648 627 584 450 134 3242 3200 3172 942 136 806 499 307 249 203 2230
is_linear=0
shrinkage=0.03


Tree=148
num_leaves=31
num_cat=0
split_feature=132 123 118 132 52 13 124 124 125 124 126 138 120 138 144 127 59 124 69 130 130 144 133 136 130 122 136 133 120 120
split_gain=157.978 46.5636 24.5204 18.1462 11.0598 10.2995 9.97984 8.85047 9.35453 12.2084 6.58195 6.54143 9.13251 7.67528 10.2137 9.61565 8.42231 7.87859 7.65985 7.35719 6.6833 11.1942 7.61621 8.43623 9.87237 13.4439 13.4371 10.1366 9.40398 8.81145
threshold=0.41666666666666669 1.0000000180025095e-35 578.00000000000011 872.50000000000011 1.0000000180025095e-35 1.0000000180025095e-35 514.50000000000011 1.0000000180025095e-35 7.5000000000000009 7.5000000000000009 -1.0000000180025095e-35 0.15476190476190479 2.5000000000000004 0.77500000000000013 38.500000000000007 0.029082163057459521 1.0000000180025095e-35 -102.49999999999999 1.0000000180025095e-35 4.5000000000000009 1.5000000000000002 15.500000000000002 1.1236095644623239 3.3715482762241882 58.500000000000007 1.0000000180025095e-35 4.9093719367435451 16.839096285296439 26.500000000000004 15.833333333333334
decision_type=8 2 2 10 2 2 2 2 10 2 10 8 2 8 2 10 2 2 2 10 8 2 8 8 10 2 8 10 2 2
left_child=1 -1 3 4 5 6 11 -3 9 10 -9 12 -2 14 17 19 18 -13 20 -16 21 -15 -22 -24 25 26 -25 -28 -29 -26
right_child=2 7 -4 -5 -6 -7 -8 8 -10 -11 -12 13 -14 16 15 -17 -18 -19 -20 -21 22 -23 23 24 29 -27 27 28 -30 -31
leaf_value=-0.0092532442528254297 -0.01573120904704247 -0.013270130347930297 2.1207782577818293 7.197126166924976 -0.0094363055629620562 -0.032933863423244787 0.98289903543469215 0.030704562090876492 -0.0037102778755692643 0.12358771458855128 -0.00458418551887909 0.40522764857069993 0.019565199848700691 8.9151184741119714e-05 0.033948111726082794 -0.21589894163967796 -0.035285565397276737 0.0017145257911665367 0.64102865337208359 -0.021173488344606532 0.00071967335354984564 -0.024915746667560485 -0.013336869713392671 0.026787947263802691 -0.068435224407928097 0.023972508025910055 -0.011839349880125841 0.084916193514067193 -0.038713289747510163 -0.025791025113817232
leaf_weight=386 27 225 59 28 28 21 25 26 44 38 63 124 28 54 28 64 31 871 34 65 1099 49 138 62 121 239 361 50 20 689
leaf_count=386 27 225 59 28 28 21 25 26 44 38 63 124 28 54 28 64 31 871 34 65 1099 49 138 62 121 239 361 50 20 689
internal_value=-0.00249784 -0.014859 -0.000241667 -0.000519596 -0.000693125 -0.000555054 -0.000435946 -0.00746633 -0.00218182 0.002 -0.00408511 -0.000561193 -0.0104 -0.000415205 0.00165428 -0.00533333 -0.00122764 0.002784 -0.00104553 0.000857143 -0.00122411 -0.00855556 -0.000935345 -0.00220415 -0.00154751 0.000968792 -0.00185542 -0.00377064 0.00632 -0.00382086
internal_weight=5097 782 4315 4256 4228 4200 4179 396 171 127 89 4154 55 4099 1152 157 2947 995 2916 93 2882 103 2779 1680 1542 732 493 431 70 810
internal_count=5097 782 4315 4256 4228 4200 4179 396 171 127 89 4154 55 4099 1152 157 2947 995 2916 93 2882 103 2779 1680 1542 732 493 431 70 810
is_linear=0
shrinkage=0.03


Tree=149
num_leaves=31
num_cat=0
split_feature=132 123 117 126 128 52 13 126 144 137 146 124 22 131 136 127 131 117 126 118 130 138 131 144 136 126 136 39 127 139
split_gain=145.218 55.831 28.1837 17.2666 12.5228 11.2475 10.4606 6.41757 8.8461 13.4958 7.66774 7.43437 6.34276 5.80145 8.31405 5.68478 6.15564 6.659 8.91321 8.59128 11.5556 8.17237 7.28596 6.88769 6.83086 6.34116 7.87295 6.98162 7.038 6.19959
threshold=0.41666666666666669 1.0000000180025095e-35 587.00000000000011 10.500000000000002 930.50000000000011 1.0000000180025095e-35 1.0000000180025095e-35 -1.4999999999999998 11.500000000000002 5.5000000000000009 19.500000000000004 6.5000000000000009 1.0000000180025095e-35 1.5000000000000002 4.4495335439635584 -0.99514460131520011 671.00000000000011 225.50000000000003 -18.499999999999996 185.50000000000003 413.50000000000006 0.92857142857142871 331.50000000000006 23.500000000000004 111.92053546586465 11.500000000000002 43.779534859174866 1.0000000180025095e-35 -0.023494252873563215 -1.0000000180025095e-35
decision_type=8 2 2 10 10 2 2 10 2 2 2 2 2 10 10 8 10 2 8 2 10 10 10 2 10 10 10 2 8 2
left_child=1 13 4 7 5 6 12 8 9 -3 -10 -9 15 -1 -15 -2 17 19 29 22 21 -21 24 -24 -17 27 -27 28 -20 -19
right_child=2 3 -4 -5 -6 -7 -8 11 10 -11 -12 -13 -14 14 -16 16 -18 18 25 20 -22 -23 23 -25 -26 26 -28 -29 -30 -31
leaf_value=-0.0089756469252406674 1.1375422456987831 0.036628604194858971 3.3341239030471956 9.2507863083065792e-05 6.9812123819172278 -0.0091532163960731938 -0.031945847520547445 -0.0096820048183180827 0.27452331881911762 -0.023940272392111502 -0.015429842240220426 0.0026837978562924778 -0.035560501820782235 0.011517687981050144 -0.012667060761821038 -0.00011748840742165977 -0.17988243953943112 -1.5940488307594352 -0.073148404878013482 -0.020258632954463847 0.52163799553919454 -0.23109990726091784 -0.21695760759121666 0.14805903632455739 0.97196384988730733 0.52443463673913582 -0.99974950818424757 -0.047995959750976168 0.61502902247210978 0.016613066361552454
leaf_weight=336 54 32 39 33 28 28 21 221 23 24 30 33 24 24 26 3532 44 21 20 62 24 67 70 21 42 34 33 20 100 31
leaf_count=336 54 32 39 33 28 28 21 221 23 24 30 33 24 24 26 3532 44 21 20 62 24 67 70 21 42 34 33 20 100 31
internal_value=-0.00232144 -0.0141728 -0.000158333 -0.0061197 -0.000405046 -0.000548789 -0.000410414 -0.00805435 -0.00178947 -0.0097377 0.00662069 -0.0106332 -0.000291151 -0.0222353 -0.0108 -0.000192344 -0.000325739 -0.000196962 0.00440909 -0.000516348 -0.00736709 -0.0109254 -0.000219074 -0.008375 0 0.00718868 -0.000333333 0.0107172 0.013392 -0.00621053
internal_weight=5097 782 4315 396 4276 4248 4220 363 109 56 53 254 4199 386 50 4175 4121 4077 259 3818 153 129 3665 91 3574 207 67 140 120 52
internal_count=5097 782 4315 396 4276 4248 4220 363 109 56 53 254 4199 386 50 4175 4121 4077 259 3818 153 129 3665 91 3574 207 67 140 120 52
is_linear=0
shrinkage=0.03


Tree=150
num_leaves=31
num_cat=0
split_feature=132 120 117 126 128 13 126 125 127 126 144 121 22 120 122 130 128 130 129 128 126 118 126 117 128 125 124 128 124 130
split_gain=145.657 55.7675 27.9538 17.2061 12.3889 10.4159 6.9243 9.56119 7.94358 7.88363 19.0806 8.95431 6.30502 5.80158 8.15062 6.77016 7.08065 6.91008 6.5222 6.22447 10.5582 5.79471 5.7846 5.88026 7.78309 7.13588 11.3355 10.0282 13.6292 10.0657
threshold=0.41666666666666669 1.0000000180025095e-35 587.00000000000011 10.500000000000002 930.50000000000011 1.0000000180025095e-35 -1.0000000180025095e-35 6.5000000000000009 0.11696977351182959 -13.499999999999998 11.500000000000002 3.5000000000000004 1.0000000180025095e-35 294.83333333333337 345.50000000000006 208.50000000000003 192.50000000000003 192.50000000000003 243.50000000000003 265.00000000000006 -17.499999999999996 210.50000000000003 -214.99999999999997 229.50000000000003 177.00000000000003 -29.499999999999996 -8.4999999999999982 30.500000000000004 -127.49999999999999 115.50000000000001
decision_type=8 2 2 10 10 2 10 10 10 10 2 2 2 2 2 10 10 10 10 10 10 2 8 2 8 10 2 10 2 8
left_child=1 -1 4 6 5 12 7 9 -8 -3 -11 -12 13 15 -15 17 -17 22 21 -20 -21 -18 -2 24 25 27 -27 -24 -29 -30
right_child=2 3 -4 -5 -6 -7 8 -9 -10 10 11 -13 -14 14 -16 16 18 -19 19 20 -22 -23 23 -25 -26 26 -28 28 29 -31
leaf_value=-0.008706377517483448 2.2510269866306052 0.41433020787257802 3.2341001859557807 8.973262719057381e-05 6.7717760104597113 -0.030987472094931023 -0.0091707590373762658 -0.35237252920075895 0.00041429171145160537 -0.023222064220348157 -0.0058308382112315146 0.12333724094964994 -0.034493686766158764 0.62470418105973069 -0.046556080958447696 -0.28969368567881054 0.59198468133121962 0.14163546942005895 0.4904794417225608 -0.91430980780383087 -0.066378643023467701 -0.015384584850989995 0.30808396346419692 0.59820903839080752 -0.011480644731499417 -0.016066050726939368 0.00024512611896940927 0.74228618486189868 0.040259771589290949 -0.29476645949514418
leaf_weight=384 20 25 39 33 28 21 204 20 33 30 20 33 24 117 66 64 41 42 35 42 187 27 66 47 260 759 2226 32 137 35
leaf_count=384 20 25 39 33 28 21 204 20 33 30 20 33 24 117 66 64 41 42 35 42 187 27 66 47 260 759 2226 32 137 35
internal_value=-0.00222736 -0.0140966 -6.11111e-05 -0.00608933 -0.000306938 -0.000450035 -0.00801081 -0.00221053 -0.0110083 0.00153982 -0.003 0.00765517 -0.000331758 -0.00023384 0.00491489 -0.000475528 -0.00417456 -6.44806e-05 -0.00229674 -0.00443866 -0.00625641 0.00567123 -0.000215779 -0.000317914 -0.000467045 -6.25767e-05 -0.000489632 0.00456 0.00111962 -0.00233898
internal_weight=5097 782 4315 398 4276 4248 365 128 237 108 83 53 4227 4203 183 4020 396 3624 332 264 229 68 3582 3562 3515 3255 2985 270 204 172
internal_count=5097 782 4315 398 4276 4248 365 128 237 108 83 53 4227 4203 183 4020 396 3624 332 264 229 68 3582 3562 3515 3255 2985 270 204 172
is_linear=0
shrinkage=0.03


Tree=151
num_leaves=31
num_cat=0
split_feature=132 120 117 126 128 13 126 144 137 127 119 127 131 117 128 117 126 146 146 146 120 144 145 133 132 129 129 133 131 127
split_gain=149.717 54.6369 27.8556 15.1382 12.3318 10.4632 5.98956 8.01046 13.4958 7.87836 6.69705 5.80436 6.04126 6.82139 9.29893 7.96233 7.23818 6.07692 8.20161 25.9235 13.2016 20.384 11.2724 9.96346 8.47177 6.95705 13.9881 6.71287 5.92806 5.88047
threshold=0.41666666666666669 0.50000000000000011 587.00000000000011 10.500000000000002 930.50000000000011 1.0000000180025095e-35 -1.0000000180025095e-35 11.500000000000002 5.5000000000000009 0.44058823529411767 15.500000000000002 -0.99514460131520011 671.00000000000011 289.50000000000006 418.00000000000006 541.50000000000011 1.5000000000000002 43.500000000000007 15.500000000000002 17.500000000000004 0.50000000000000011 26.500000000000004 22.500000000000004 3.756446776551098 15.500000000000002 384.50000000000006 218.50000000000003 8.7685485557772349 47.500000000000007 0.77922077922077937
decision_type=8 2 2 10 10 2 10 2 2 10 2 8 10 2 10 2 10 2 2 2 2 2 2 10 10 10 8 10 10 10
left_child=1 -1 4 6 5 11 7 8 -3 -9 -8 -2 13 17 16 -16 -15 18 -13 23 21 22 -21 -20 -25 26 29 -19 -24 -22
right_child=2 3 -4 -5 -6 -7 10 9 -10 -11 -12 12 -14 14 15 -17 -18 27 19 20 25 -23 28 24 -26 -27 -28 -29 -30 -31
leaf_value=-0.0084451861919589439 1.0846748528960262 0.0079482614820581138 3.137077180377108 8.7040648374856605e-05 6.568622730145921 -0.030057847932083093 -0.0071501760024619597 0.17520407983450989 -0.022525402293737711 -0.017056553327534311 -0.023204969005258442 0.0003480126307042941 -0.17279194549351842 1.3751680873061025 -0.1525329608503796 0.35640093383634847 0.0083837895505274665 0.05498383784475095 -0.028008566713281207 -0.035809471804596128 0.0014684117370058214 -0.022552604530492314 0.01147218364509792 0.0029631801820166354 -0.053962317794028505 0.71025863096317687 -0.30233450484789159 -0.010152316536483531 -0.038887230818724347 -0.033533069770657987
leaf_weight=423 54 32 39 32 28 21 115 37 24 25 94 1334 44 60 55 27 37 91 44 39 1720 140 70 34 110 32 108 82 27 119
leaf_count=423 54 32 39 32 28 21 115 37 24 25 94 1334 44 60 55 27 37 91 44 39 1720 140 70 34 110 32 108 82 27 119
internal_value=-0.0022156 -0.014249 -1.94444e-05 -0.00550549 -0.000264891 -0.000407712 -0.00748193 -0.00190244 -0.0097377 0.00528358 -0.010486 -0.000289225 -0.000422212 -0.000296081 0.00534783 -0.002 0.0114118 -0.000559798 -0.000815442 -0.00184804 -0.000939823 -0.00702491 0.00123404 -0.0124041 -0.00801342 -7.25806e-05 -0.000319672 0.00485393 0.00670588 0.000305857
internal_weight=5097 782 4315 359 4276 4248 327 118 56 62 209 4227 4173 4129 179 82 97 3950 3777 2443 2255 276 136 188 144 1979 1947 173 97 1839
internal_count=5097 782 4315 359 4276 4248 327 118 56 62 209 4227 4173 4129 179 82 97 3950 3777 2443 2255 276 136 188 144 1979 1947 173 97 1839
is_linear=0
shrinkage=0.03


Tree=152
num_leaves=31
num_cat=0
split_feature=132 123 117 124 128 13 118 144 137 127 131 127 125 124 128 128 117 128 135 123 144 120 131 135 131 131 135 135 143 128
split_gain=143.219 57.9981 28.0522 16.4338 12.4462 10.3686 8.5544 8.01225 6.58219 5.91119 5.94072 6.67984 8.9855 8.49601 7.13335 6.24934 13.6575 12.7531 12.4219 8.5031 8.45329 18.3176 11.8548 12.2589 11.1699 9.60979 10.0081 9.26833 7.94416 7.65573
threshold=0.41666666666666669 1.0000000180025095e-35 587.00000000000011 1.0000000180025095e-35 930.50000000000011 1.0000000180025095e-35 229.00000000000003 10.500000000000002 4.5000000000000009 -0.99514460131520011 671.00000000000011 135.50000000000003 61.500000000000007 29.500000000000004 37.500000000000007 3.5000000000000004 1.0000000180025095e-35 1.0000000180025095e-35 0.92857142857142871 7.5000000000000009 10.500000000000002 1.8333333333333337 23.500000000000004 7.0714285714285721 31.500000000000004 1.5000000000000002 10.785714285714286 9.309523809523812 40.500000000000007 465.50000000000006
decision_type=8 2 2 2 10 2 2 2 2 8 10 10 10 2 10 10 2 10 10 2 2 2 8 10 10 8 10 10 2 10
left_child=1 -1 4 8 5 9 7 -5 -3 -2 11 12 13 15 -15 16 17 -11 -19 20 22 25 23 -17 -23 -22 27 -27 -28 -24
right_child=2 3 -4 6 -6 -7 -8 -9 -10 10 -12 -13 -14 14 -16 19 -18 18 -20 -21 21 24 29 -25 -26 26 28 -29 -30 -31
leaf_value=-0.0081918306062001758 1.0521346073091462 -0.00068596731174400594 3.042964864965795 -0.0031849279674841338 6.3715640482415443 -0.0291561124941206 8.4429428923610918e-05 0.0012413570566671527 -0.012373189105215945 -0.011146665768475563 -0.16760818712871298 0.59527102761284822 -0.42767079359795418 0.13059067472714514 0.016365391114875647 -0.0002993280352042138 0.0014900876389981809 0.00050661666375784512 -0.00046564288652587658 -0.0088390523498740412 -0.028345653732486251 0.021741473526252164 0.00097971132446673438 0.0021576171739411619 0.0046208598824873442 0.0028607523339457697 -0.057952706197182659 0.052011486037137185 -0.10301817225150624 1.4917254873030292
leaf_weight=386 54 40 39 43 28 21 21 107 185 143 44 21 64 134 429 22 350 35 250 1496 88 91 383 67 108 130 217 20 50 31
leaf_count=386 54 40 39 43 28 21 21 107 185 143 44 21 64 134 429 22 350 35 250 1496 88 91 383 67 108 130 217 20 50 31
internal_value=-0.00225088 -0.0140203 -0.000102778 -0.00582045 -0.000348984 -0.000492358 0.00115909 -0.00150968 -0.0110609 -0.000374291 -0.000508377 -0.000383164 -0.000479942 -0.000294888 0.00310563 -0.000850258 -0.00321073 -0.00677598 -0.00297931 -0.000163959 0.00170297 -0.000414669 0.00465354 0.0142979 0.00717647 -0.00345882 -0.00147867 0.00460645 -0.00494118 0.00242005
internal_weight=5097 782 4315 396 4276 4248 171 150 225 4227 4173 4129 4108 4044 563 3481 778 428 285 2703 1207 704 503 89 199 505 417 150 267 414
internal_count=5097 782 4315 396 4276 4248 171 150 225 4227 4173 4129 4108 4044 563 3481 778 428 285 2703 1207 704 503 89 199 505 417 150 267 414
is_linear=0
shrinkage=0.03


Tree=153
num_leaves=31
num_cat=0
split_feature=132 123 117 126 128 13 124 138 144 127 127 124 144 122 135 131 130 124 133 120 124 135 139 132 136 126 127 144 128 130
split_gain=141.517 60.2043 26.4466 16.2491 12.3708 8.04344 6.44803 7.19545 6.61256 5.87414 5.85861 5.83502 11.8838 10.3058 14.3343 11.8101 9.95678 9.01074 8.14104 13.4549 10.6852 9.45863 9.05372 10.5361 7.76134 8.06494 7.1836 9.33452 7.64142 6.26869
threshold=0.41666666666666669 1.0000000180025095e-35 576.00000000000011 10.500000000000002 930.50000000000011 1.0000000180025095e-35 1.0000000180025095e-35 0.2678571428571429 10.500000000000002 0.097800095648015326 -0.99514460131520011 -1.4999999999999998 20.500000000000004 1.5000000000000002 61.226190476190482 686.00000000000011 4.5000000000000009 -31.499999999999996 18.393837316653293 245.00000000000003 -16.499999999999996 8.6428571428571441 -1.0000000180025095e-35 29.416666666666668 44.848224706490406 1.0000000180025095e-35 -0.61180555555555549 27.500000000000004 52.500000000000007 62.500000000000007
decision_type=8 2 2 10 10 2 2 10 2 10 8 2 2 2 10 8 10 2 10 2 2 8 2 10 10 10 8 2 10 10
left_child=1 -1 4 6 5 10 7 -3 9 -8 -2 12 13 15 -15 -12 24 29 20 -20 21 -18 23 -23 25 -14 27 28 -13 -17
right_child=2 3 -4 -5 -6 -7 8 -9 -10 -11 11 26 16 14 -16 17 18 -19 19 -21 -22 22 -24 -25 -26 -27 -28 -29 -30 -31
leaf_value=-0.007946075688014172 1.0205705690898701 -0.0078274119128437011 2.087235382400173 8.1896546055902579e-05 6.180417126794298 -0.028281429119296982 0.0065167321698587433 -0.019822437552551808 0.00069223326578798428 -0.0030893801284596098 -0.050253927813718492 0.012779755754294323 -0.0025127252980547653 0.019786155009714576 -0.025316288949098577 0.31314874730384901 -0.09767294366909228 -0.025373974820212589 -0.14459989770201104 0.58768649401544792 -0.016875895186610604 0.1150672647344031 0.15817891866018613 -0.035762361617478859 0.99755841373669263 0.09908618537081261 0.00024224357724521195 -0.10215260411042852 -0.11259144671034885 -0.041979802091697598
leaf_weight=386 54 177 47 33 28 21 21 45 94 26 186 50 78 85 77 43 23 32 233 30 184 31 221 151 22 25 2602 38 32 22
leaf_count=386 54 177 47 33 28 21 21 45 94 26 186 50 78 85 77 43 23 32 233 30 184 31 221 151 22 25 2602 38 32 22
internal_value=-0.00216856 -0.0138679 -3.33333e-05 -0.0055212 -0.000293471 -0.000436749 -0.00740217 -0.0105463 -0.00221918 -0.0108462 -0.000332386 -0.000466187 -0.00200552 -0.00605333 0 -0.00945833 -0.00017348 -0.000823529 -0.00132574 -0.00568657 0.00057561 0.00318794 0.00432353 -0.000609626 0.00756923 0.00355556 0.000349835 -0.006672 -0.00062069 0.00548571
internal_weight=5097 782 4315 396 4268 4240 363 222 141 47 4219 4165 1443 445 162 283 998 97 873 263 610 426 403 182 125 103 2722 120 82 65
internal_count=5097 782 4315 396 4268 4240 363 222 141 47 4219 4165 1443 445 162 283 998 97 873 263 610 426 403 182 125 103 2722 120 82 65
is_linear=0
shrinkage=0.03


Tree=154
num_leaves=31
num_cat=0
split_feature=132 123 117 126 132 13 124 138 144 127 131 136 138 120 138 144 124 127 146 117 119 133 144 120 144 124 144 136 144 144
split_gain=138.967 60.2043 26.2219 16.2491 12.5034 7.94737 6.44803 7.19545 6.61256 5.87414 5.80145 8.31405 5.43568 7.72752 6.06654 11.9813 8.2315 8.10205 7.87471 17.8903 14.885 14.9867 10.9805 11.1842 8.94367 8.29736 7.69431 7.68169 7.53189 8.17971
threshold=0.41666666666666669 1.0000000180025095e-35 596.50000000000011 10.500000000000002 872.50000000000011 1.0000000180025095e-35 1.0000000180025095e-35 0.2678571428571429 10.500000000000002 0.097800095648015326 1.5000000000000002 4.4495335439635584 0.15476190476190479 2.5000000000000004 0.77500000000000013 38.500000000000007 -102.49999999999999 0.029082163057459521 15.500000000000002 8.5000000000000018 1.0000000180025095e-35 30.617705466486889 18.500000000000004 60.166666666666679 43.500000000000007 -1.4999999999999998 26.500000000000004 2.4619240196550733 18.500000000000004 22.500000000000004
decision_type=8 2 2 10 10 2 2 10 2 10 10 10 8 2 8 2 2 10 2 2 2 10 2 2 2 2 2 10 2 2
left_child=1 10 4 6 5 12 7 -3 9 -8 -1 -12 13 -2 15 16 26 -17 -16 20 24 22 -22 25 -20 -24 -14 -18 -21 -30
right_child=2 3 -4 -5 -6 -7 8 -9 -10 -11 11 -13 14 -15 18 17 27 -19 19 28 21 -23 23 -25 -26 -27 -28 -29 29 -31
leaf_value=-0.0077076934173737456 -0.013054049186458154 -0.0075925895554583905 2.8890588575448146 7.9439649674225505e-05 5.9950046129904688 -0.02743298624571807 0.0063212302047629884 -0.019227764425975253 0.00067146626781434623 -0.0029966987246058214 0.012170841441728347 -0.011288364838856705 0.15266918180197894 0.023611322744826267 0.0002882391970444331 -0.0009162227548378609 0.0019821283027686575 -0.20906499504012166 -0.032522015299012511 0.085877062902658841 -0.026503982989541253 -0.62091861396253256 -0.022962172865260741 0.25650516244635385 0.017499369065406473 0.010139433101276345 0.78358024501940959 0.0004816362385484396 -0.024384931567410444 0.0040438343515823314
leaf_weight=336 27 177 37 33 28 21 21 45 94 26 24 26 92 28 1273 95 96 64 159 63 119 70 258 112 20 43 40 785 119 766
leaf_count=336 27 177 37 33 28 21 21 45 94 26 24 26 92 28 1273 95 96 64 159 63 119 70 258 112 20 43 40 785 119 766
internal_value=-0.0022744 -0.0138679 -0.000158333 -0.0055212 -0.000390848 -0.00053443 -0.00740217 -0.0105463 -0.00221918 -0.0108462 -0.0222353 -0.0108 -0.000430798 -0.0094 -0.000300072 0.00152421 0.00273477 -0.006 -0.00101563 -0.00233218 -0.00567939 -0.00335091 -0.00155307 0.00077512 -0.0131739 -0.00223529 0.00959124 0.00165237 0.000434418 -0.000296629
internal_weight=5097 782 4315 396 4278 4250 363 222 141 47 386 50 4229 55 4174 1172 1013 159 3002 1729 781 602 532 413 179 301 132 881 948 885
internal_count=5097 782 4315 396 4278 4250 363 222 141 47 386 50 4229 55 4174 1172 1013 159 3002 1729 781 602 532 413 179 301 132 881 948 885
is_linear=0
shrinkage=0.03


Tree=155
num_leaves=31
num_cat=0
split_feature=132 120 117 120 128 119 13 125 126 138 120 138 144 130 144 127 69 124 125 125 139 124 144 136 133 131 124 120 136 140
split_gain=139.102 59.3946 26.3771 14.805 12.5992 9.84208 7.8784 5.95958 5.62317 5.34884 7.72752 5.38305 11.4485 9.99081 10.4532 8.10205 7.24485 7.07725 16.2487 9.94697 7.9903 6.67615 7.04735 6.44087 6.1481 6.09562 10.2622 7.77131 7.75297 5.7985
threshold=0.41666666666666669 0.50000000000000011 596.50000000000011 234.66666666666669 930.50000000000011 9.5000000000000018 1.0000000180025095e-35 -2.4999999999999996 -1.0000000180025095e-35 0.15476190476190479 2.5000000000000004 0.73214285714285732 38.500000000000007 1.5000000000000002 15.500000000000002 0.029082163057459521 1.0000000180025095e-35 -13.499999999999998 -20.499999999999996 -68.999999999999986 0.6078576107927941 -102.49999999999999 26.500000000000004 2.4619240196550733 39.61480847015914 118.50000000000001 -58.499999999999993 30.166666666666668 12.973272338939596 -0.56174490092936669
decision_type=8 2 2 2 10 2 2 10 10 8 2 8 2 8 2 10 2 2 8 8 2 2 2 10 10 8 2 2 10 2
left_child=1 -1 4 5 6 7 9 -3 -7 10 -2 12 21 14 -13 -14 17 18 -15 -19 -20 22 -11 -23 25 27 -27 28 -22 -21
right_child=2 3 -4 -5 -6 8 -8 -9 -10 11 -12 13 15 16 -16 -17 -18 19 20 29 24 23 -24 -25 -26 26 -28 -29 -30 -31
leaf_value=-0.007476462614852534 -0.012662427710864409 0.064530974028438562 2.8023870918184706 7.7056460183998738e-05 5.8151544746007557 -0.021015844507720042 -0.02660999665834653 -0.0058251562029273483 -0.023384253022772094 0.14808910634791977 0.02290298306248148 -6.8911882894433498e-05 -0.00088873607219269951 0.06666766228379202 -0.022513162824716541 -0.20279304518891797 0.62245859462789621 -0.26667557582096446 -0.053562682591103743 0.0046483547183248123 -0.027684425860256948 0.0019226644536856075 0.76007283766882738 0.00046718715139203225 -0.37957444997530143 0.30374563770882212 -0.017809576936475009 -0.067095550407933607 0.036735639897923285 -0.00030757586218131292
leaf_weight=423 27 25 37 21 28 52 21 152 109 92 28 67 95 167 52 64 34 44 350 480 47 93 40 783 36 47 25 27 24 1607
leaf_count=423 27 25 37 21 28 52 21 152 109 92 28 67 95 167 52 64 34 44 350 480 47 93 40 783 36 47 25 27 24 1607
internal_value=-0.00234496 -0.0139441 -0.000227778 -0.00484615 -0.000460892 -0.00645481 -0.000604935 -0.00145055 -0.0117108 -0.000501653 -0.0094 -0.000371859 0.00135154 -0.00104382 -0.0093871 -0.006 -0.000682337 -0.000858342 -0.00341209 1.1236e-05 -0.00587166 0.00254097 0.00871533 0.00155959 -0.001109 0.00133714 0.00771429 -0.00343689 0.00189474 0.00032696
internal_weight=5097 782 4315 359 4278 338 4250 177 161 4229 55 4174 1167 3007 119 159 2888 2854 723 2131 556 1008 132 876 206 170 72 98 71 2087
internal_count=5097 782 4315 359 4278 338 4250 177 161 4229 55 4174 1167 3007 119 159 2888 2854 723 2131 556 1008 132 876 206 170 72 98 71 2087
is_linear=0
shrinkage=0.03


Tree=156
num_leaves=31
num_cat=0
split_feature=132 123 117 126 128 132 130 138 102 144 144 136 124 138 144 126 61 130 144 124 132 122 133 126 126 130 128 130 128 127
split_gain=137.279 60.2043 26.4082 16.2491 12.6184 9.95124 14.0931 10.2426 7.50222 7.54588 18.7062 14.3502 6.44803 7.19545 6.61256 6.43863 6.25153 7.10054 10.6543 8.44508 8.79263 7.84728 9.7225 8.45999 7.9921 11.1292 7.27635 7.72565 7.24982 10.9337
threshold=0.41666666666666669 1.0000000180025095e-35 596.50000000000011 10.500000000000002 930.50000000000011 3.5000000000000004 1.0000000180025095e-35 0.15476190476190479 1.0000000180025095e-35 15.500000000000002 11.500000000000002 0.44238332667242258 1.0000000180025095e-35 0.2678571428571429 10.500000000000002 1.5000000000000002 1.0000000180025095e-35 25.500000000000004 10.500000000000002 41.500000000000007 64.166666666666671 1.5000000000000002 2.7265482080417307 1.0000000180025095e-35 -18.499999999999996 4.5000000000000009 7.5000000000000009 6.5000000000000009 22.500000000000004 -0.41287094547964104
decision_type=8 2 2 10 10 8 10 10 2 2 2 10 2 10 2 10 2 8 2 2 10 2 10 10 10 10 10 10 10 10
left_child=1 -1 4 12 5 6 7 -2 9 10 11 -8 13 -3 -14 -11 17 18 26 -19 -21 24 23 -23 25 -20 27 -7 29 -26
right_child=2 3 -4 -5 -6 16 8 -9 -10 15 -12 -13 14 -15 -16 -17 -18 19 21 20 -22 22 -24 -25 28 -27 -28 -29 -30 -31
leaf_value=-0.0072521687364069569 -0.020365558400693221 -0.0070264047731195198 2.718315479063917 7.4744766378478773e-05 5.6406998403627346 0.0018649845200750458 -0.00036295619755557503 0.0087275443593245478 0.01098694424549794 -0.020051246306652781 0.070587214381988519 7.2329298785245302e-05 -0.0022052701721844837 -0.017949403902512831 0.0008260769658677364 -0.0015781789007541418 -0.12424333465277192 -0.0053053100405487897 0.60954753722566979 0.30154448691572999 0.011987942142529597 -0.021191527926018878 0.058508901805619219 0.017773344705220708 0.0098333276223130008 -0.017054524105476216 0.0030579269475679593 -0.00049151327621872016 -0.04300192229593916 -0.0030667756756468365
leaf_weight=386 22 177 37 33 28 23 51 106 21 148 39 45 47 45 94 28 21 2170 77 82 268 30 120 20 105 25 126 34 257 432
leaf_count=386 22 177 37 33 28 23 51 106 21 148 39 45 47 45 94 28 21 2170 77 82 268 30 120 20 105 25 126 34 257 432
internal_value=-0.00234496 -0.0138679 -0.000241667 -0.0055212 -0.000474901 -0.000619036 -0.00476129 0.00356391 -0.00799407 -0.00918987 -0.0036 -0.0106337 -0.00740217 -0.0105463 -0.00221918 -0.0132265 -0.000109091 -6.3593e-06 0.00183732 -0.000924356 0.00336338 0.000666667 0.00648 -0.00425455 -0.000459489 0.00723364 0.00842553 -0.000387097 -0.00149437 0.000487085
internal_weight=5097 782 4315 396 4278 4250 460 128 332 311 135 96 363 222 141 176 3790 3769 1249 2520 350 1066 170 50 896 102 183 57 794 537
internal_count=5097 782 4315 396 4278 4250 460 128 332 311 135 96 363 222 141 176 3790 3769 1249 2520 350 1066 170 50 896 102 183 57 794 537
is_linear=0
shrinkage=0.03


Tree=157
num_leaves=31
num_cat=0
split_feature=128 120 122 129 124 125 121 133 133 127 131 131 129 131 123 136 123 125 122 130 121 128 127 130 131 120 133 121 120 121
split_gain=99.4928 103.997 26.3816 18.0143 16.8741 14.0562 11.0643 18.2838 9.43531 7.71079 6.92845 6.44666 8.26525 6.32951 6.51031 6.17849 9.15645 7.47809 6.47477 6.85211 7.62581 6.92938 9.79634 7.89331 7.69117 8.07521 7.0028 10.9545 19.1767 7.78169
threshold=1.0000000180025095e-35 0.50000000000000011 205.00000000000003 1105.0000000000002 -13.499999999999998 -4.4999999999999991 574.00000000000011 40.979618090437015 2.4972191289246477 0.89898989898989912 3.5000000000000004 3.5000000000000004 14.500000000000002 408.50000000000006 532.00000000000011 71.001580532830488 15.500000000000002 1.0000000180025095e-35 264.50000000000006 208.50000000000003 239.50000000000003 4.5000000000000009 0.24570607258354296 62.500000000000007 196.50000000000003 4.5000000000000009 0.87965281125489481 59.500000000000007 35.500000000000007 75.500000000000014
decision_type=8 2 2 10 2 10 2 10 10 10 10 10 10 10 2 10 2 10 2 10 2 10 10 8 8 2 10 2 2 2
left_child=1 -1 4 6 -3 -6 13 -8 10 11 -7 -10 -13 15 -15 18 -17 -18 19 20 21 22 -2 24 -23 -26 -25 -28 -29 -30
right_child=3 2 -4 -5 5 8 7 -9 9 -11 -12 12 -14 14 -16 16 17 -19 -20 -21 -22 23 -24 26 25 -27 27 28 29 -31
leaf_value=-0.0070346036743147485 -0.00069293474636980437 -0.0362858692601285 0.37579167930026214 5.4714788451518537 0.10178158299697884 -0.003291896764646831 2.387469626620069 -0.14474800370570393 0.036758654375480419 -0.08003440744672595 -0.02834644006772347 -0.005565569123863856 0.1052559171879507 -0.14500726395679975 0.39552043221627398 1.0744390508796022 0.084724333834421087 -0.29097813814676737 1.0309851892515727 -0.067342760751260472 0.54988827446816657 0.00042211999818205111 0.019023853622011252 0.0068550456773289166 0.0068074313858880941 -0.021837948626583205 -0.091712661525626724 0.34171929319774064 0.056112812601503206 -0.044487650807095491
leaf_weight=474 518 147 60 22 81 210 50 27 23 26 33 54 41 143 25 63 145 48 28 209 52 1523 41 278 127 27 176 45 32 369
leaf_count=474 518 147 60 22 81 210 50 27 23 26 33 54 41 143 25 63 145 48 28 209 52 1523 41 278 127 27 176 45 32 369
internal_value=-0.00246256 -0.0102114 -0.00259412 -0.000195801 -0.00449032 -0.00163636 -0.000364793 0.0105366 -0.00404082 0.00197315 -0.00759677 0.00531707 0.00144 -0.00059782 -0.00620809 -0.000332067 0.00411494 0.000727273 -0.00067172 -0.000800705 -0.000449107 -0.000647564 -0.00365957 9.29512e-06 0.00122711 0.00750943 -0.00224751 -0.00400957 -0.00145011 -0.00360591
internal_weight=5097 1149 675 3948 615 468 3926 77 387 144 243 118 95 3849 168 3681 256 193 3425 3397 3188 3136 559 2577 1677 154 900 622 446 401
internal_count=5097 1149 675 3948 615 468 3926 77 387 144 243 118 95 3849 168 3681 256 193 3425 3397 3188 3136 559 2577 1677 154 900 622 446 401
is_linear=0
shrinkage=0.03


Tree=158
num_leaves=31
num_cat=0
split_feature=132 123 117 128 128 124 132 125 117 128 138 118 144 131 136 145 145 144 133 133 61 131 136 128 129 127 125 117 128 127
split_gain=145.886 57.6732 26.3868 12.6086 12.1656 9.55353 9.51566 9.01698 10.0502 8.39611 7.61781 7.33557 6.95381 8.98185 6.89321 6.70063 15.4177 13.9152 8.66605 6.28152 6.22415 5.24481 10.6156 5.16326 6.08847 6.40212 9.00045 5.21414 11.7407 8.21214
threshold=0.83333333333333337 1.0000000180025095e-35 596.50000000000011 930.50000000000011 1.0000000180025095e-35 1.0000000180025095e-35 3.5000000000000004 11.500000000000002 63.500000000000007 4.5000000000000009 0.2678571428571429 18.500000000000004 3.5000000000000004 4.5000000000000009 2.2632782976592463 20.500000000000004 15.500000000000002 11.500000000000002 1.0000000180025095e-35 0.87965281125489481 1.0000000180025095e-35 1.5000000000000002 4.4495335439635584 729.50000000000011 662.00000000000011 135.50000000000003 78.500000000000014 225.50000000000003 418.00000000000006 -0.019169524742773145
decision_type=8 2 2 10 10 2 8 10 2 10 10 2 2 8 10 2 2 2 10 10 2 10 10 10 10 10 10 2 10 8
left_child=1 21 3 6 5 10 9 8 11 12 -3 -7 -2 15 -15 16 17 -14 -17 -16 23 -1 -23 24 25 26 27 -8 29 -29
right_child=2 4 -4 -5 -6 7 20 -9 -10 -11 -12 -13 13 14 19 18 -18 -19 -20 -21 -22 22 -24 -25 -26 -27 -28 28 -30 -31
leaf_value=-0.0068235655640853064 0.0033233588817585314 -0.0066045745196964918 2.6254922643129919 5.3073344797972979 0.029651522731270686 0.0012125459680737288 -0.00046242567664754651 -0.01120124795562074 0.3810436155242381 0.0095905891889159992 -0.016322345707633586 -0.0020403551640795444 -0.00042668407897556549 -0.0049853143455839298 0.0018286896748665347 -0.019196027266987863 -0.025231939115253808 0.059455049634220693 0.017058908184470752 -0.015955244623509088 -0.12052869821313424 0.013191171977809888 -0.010683287577147663 -3.2074120673218061 1.4399390727408683 0.5651809583463353 -0.5049324747292645 -0.045508091290316771 -0.10253795572513923 0.54446030971175585
leaf_weight=353 32 179 37 28 29 76 3427 38 23 31 53 30 51 48 21 31 30 44 75 43 21 25 30 22 31 21 38 45 74 111
leaf_count=353 32 179 37 28 29 76 3427 38 23 31 53 30 51 48 21 31 30 44 75 43 21 25 30 22 31 21 38 45 74 111
internal_value=-0.00248608 -0.0139049 -0.000230661 -0.000466777 -0.00608314 -0.00748515 -0.000612711 -0.00188372 0.00197015 -0.00494891 -0.0113671 -0.00210811 -0.00622105 -0.00748276 -0.0143077 -0.00391525 -0.00849231 -0.00204 0.00156757 -0.00686957 -0.000140711 -0.0219225 -0.0114 -3.81558e-05 5.4371e-05 -6.28863e-05 -0.000168649 -6.5538e-06 0.00431489 0.00890683
internal_weight=5097 836 4261 4224 428 399 4196 167 129 406 232 106 375 343 112 231 125 95 106 64 3790 408 55 3769 3747 3716 3695 3657 230 156
internal_count=5097 836 4261 4224 428 399 4196 167 129 406 232 106 375 343 112 231 125 95 106 64 3790 408 55 3769 3747 3716 3695 3657 230 156
is_linear=0
shrinkage=0.03


Tree=159
num_leaves=31
num_cat=0
split_feature=132 120 117 128 119 144 144 13 138 120 125 52 128 117 128 125 131 144 144 145 117 127 129 140 135 131 132 128 130 117
split_gain=160.843 46.5788 24.3294 12.5222 10.7161 9.89772 16.1489 7.93379 6.69754 9.13251 5.95958 5.5391 5.03138 6.48792 10.6342 7.12191 5.92758 12.7312 7.93258 10.5596 16.6253 9.24733 7.90179 7.43696 6.70547 11.0259 7.24632 8.18453 8.1537 6.71474
threshold=0.41666666666666669 0.50000000000000011 604.50000000000011 930.50000000000011 9.5000000000000018 10.500000000000002 15.500000000000002 1.0000000180025095e-35 0.15476190476190479 2.5000000000000004 -2.4999999999999996 1.0000000180025095e-35 729.50000000000011 289.50000000000006 397.50000000000006 30.500000000000004 279.50000000000006 30.500000000000004 28.500000000000004 32.500000000000007 1.0000000180025095e-35 0.89898989898989912 12.500000000000002 -0.56174490092936669 9.071428571428573 4.5000000000000009 155.16666666666671 154.50000000000003 167.50000000000003 8.5000000000000018
decision_type=8 2 2 10 2 2 2 2 8 2 10 2 10 2 10 10 10 2 2 2 2 10 10 2 8 10 10 8 10 2
left_child=1 -1 3 7 10 -6 -7 8 9 -2 -3 12 13 16 15 -15 18 -18 -10 20 23 24 -23 -20 25 29 27 -26 -28 -21
right_child=2 4 -4 -5 5 6 -8 -9 11 -11 -12 -13 -14 14 -16 -17 17 -19 19 21 -22 22 -24 -25 26 -27 28 -29 -30 -31
leaf_value=-0.0066188585971627464 -0.011971969403130622 0.059950526696460518 3.2471940249305464 5.1481144454033787 -0.011383846901637811 0.71018574807016099 -0.084144425807703802 -0.024432413153547845 0.00051935153880186763 0.02218390818379742 -0.0052132913615845228 -0.0082263574895161656 -3.1111897053021522 1.674091205681753 -0.0056383033196260608 -0.029631492114054366 -0.17697682691555428 0.23317242864389981 -0.051852075834278984 0.0078117655858180469 -0.001432966160676239 0.0019207320028099199 -0.19701840128846884 -0.048055522544563606 0.005271846776051436 -0.039050066551620403 -0.49103067730226924 0.31411784131690296 0.0040670649715663382 -0.096696984727319316
leaf_weight=423 27 25 35 28 79 34 69 21 2343 28 152 28 22 59 106 23 141 51 97 65 192 22 34 65 667 63 39 41 98 20
leaf_count=423 27 25 35 28 79 34 69 21 2343 28 152 28 22 59 106 23 141 51 97 65 192 22 34 65 667 63 39 41 98 20
internal_value=-0.00246256 -0.0149352 -0.000186111 -0.000404667 -0.00682418 -0.0118396 -0.00522222 -0.000548273 -0.000444759 -0.0104 -0.00145055 -0.000299928 -0.000200819 -0.000114742 0.00525389 0.0130345 -0.000378899 -0.00545178 -0.000110371 -0.00189205 -0.00633426 -0.000364326 -0.0117049 -0.0132575 0.000324649 -0.00545098 0.00136941 0.00260028 -0.0048169 0.0016
internal_weight=5097 782 4315 4280 359 182 103 4252 4231 55 177 4176 4148 4126 188 82 3938 192 3746 1403 354 1049 56 162 993 148 845 708 137 85
internal_count=5097 782 4315 4280 359 182 103 4252 4231 55 177 4176 4148 4126 188 82 3938 192 3746 1403 354 1049 56 162 993 148 845 708 137 85
is_linear=0
shrinkage=0.03


Tree=160
num_leaves=31
num_cat=0
split_feature=132 120 117 119 128 144 144 118 144 144 144 135 140 130 124 133 138 120 144 129 141 121 118 132 123 144 121 131 130 119
split_gain=160.816 50.664 24.0429 12.8941 12.3372 6.45405 18.0676 12.5237 7.40114 5.88051 22.0146 9.19441 12.2055 7.92091 6.93446 8.40024 6.73292 17.4708 8.88223 8.69428 9.35301 8.03341 7.81264 7.68535 6.87038 12.9871 9.1471 7.79632 6.42152 8.54297
threshold=0.83333333333333337 0.50000000000000011 604.50000000000011 1.5000000000000002 930.50000000000011 10.500000000000002 15.500000000000002 18.500000000000004 23.500000000000004 15.500000000000002 17.500000000000004 3.6904761904761911 -0.56174490092936669 1.5000000000000002 -94.499999999999986 3.529513042005219 0.84523809523809534 0.50000000000000011 38.500000000000007 81.500000000000014 1.0000000180025095e-35 24.500000000000004 7.5000000000000009 4.166666666666667 7.5000000000000009 31.500000000000004 2.5000000000000004 36.500000000000007 21.500000000000004 50.500000000000007
decision_type=8 2 2 2 10 2 2 2 2 2 2 8 2 8 2 8 10 2 2 8 2 2 2 10 2 2 2 10 10 2
left_child=1 -1 4 -3 9 7 -7 -5 -8 -2 13 12 -12 -11 -15 -16 18 -18 19 20 23 -20 -22 -13 25 27 -27 -19 -17 -30
right_child=2 3 -4 5 -6 6 8 -9 -10 10 11 16 -14 14 15 28 17 24 21 -21 22 -23 -24 -25 -26 26 -28 -29 29 -31
leaf_value=-0.0064202928392478641 0.00024075582332695909 0.00075660621376768763 3.1497782041826303 -0.0011047193427369448 4.9936710120412773 0.45784557711877233 -0.013308342562173465 -0.011042331494588676 -0.015300615828892727 -0.041726236002871071 0.0071934140819772006 0.027524433126625371 -0.015946852680006895 -0.17128873199919456 -0.032092936588791844 0.0097479630669069887 -0.054364209583661921 0.02184606151115636 0.010583312520162681 0.31159521540278889 -0.0028380477931557032 -0.24337799786407421 0.11354281711708242 -0.0026770212078437794 -0.0049259711778346822 -0.094346887477643582 0.0051940135440718647 0.013077744172915828 -0.036435102049841628 0.030525077439125834
leaf_weight=446 1365 123 35 33 28 38 48 64 84 31 62 39 146 62 21 26 76 43 33 225 31 98 63 435 1200 21 139 33 25 24
leaf_count=446 1365 123 35 33 28 38 48 64 84 31 62 39 146 62 21 26 76 43 33 225 31 98 63 435 1200 21 139 33 25 24
internal_value=-0.00241552 -0.0144043 -4.782e-05 -0.00636456 -0.000268022 -0.0100147 -0.00613714 -0.0161176 -0.0113431 -0.000412562 -0.00119239 -0.000473386 -0.0064507 -0.0109485 -0.00769325 -0.00231683 4.67022e-05 -0.0011826 0.00206028 0.00326316 0.00124607 -0.00502941 0.00963636 -0.000488518 -0.000412214 0.00420747 -0.000690909 0.014 0.00255 -0.00377778
internal_weight=5097 836 4261 390 4226 267 170 97 132 4198 2833 2644 208 189 158 96 2436 1512 924 793 568 131 94 474 1436 236 160 76 75 49
internal_count=5097 836 4261 390 4226 267 170 97 132 4198 2833 2644 208 189 158 96 2436 1512 924 793 568 131 94 474 1436 236 160 76 75 49
is_linear=0
shrinkage=0.03


Tree=161
num_leaves=31
num_cat=0
split_feature=132 123 117 128 13 119 144 119 117 131 125 138 120 124 143 125 117 126 128 118 122 133 131 125 117 138 133 131 128 120
split_gain=161.001 46.5636 18.3131 12.3694 8.0445 7.94443 12.0824 14.2395 8.21223 8.95396 8.48099 6.85282 9.13251 5.81754 11.6571 11.261 11.8271 11.3709 11.8133 10.8715 9.43468 9.16227 9.12238 8.04706 8.04494 9.58419 14.8032 17.3128 11.1559 10.1028
threshold=0.41666666666666669 1.0000000180025095e-35 604.50000000000011 930.50000000000011 1.0000000180025095e-35 15.500000000000002 10.500000000000002 29.500000000000004 1.0000000180025095e-35 13.500000000000002 7.5000000000000009 0.15476190476190479 2.5000000000000004 -1.4999999999999998 39.500000000000007 -20.499999999999996 34.500000000000007 26.500000000000004 30.500000000000004 72.000000000000014 1.5000000000000002 30.153307401707291 686.00000000000011 -47.499999999999993 21.500000000000004 0.84523809523809534 30.617705466486889 109.50000000000001 114.50000000000001 27.166666666666668
decision_type=8 2 2 10 2 2 2 2 2 8 10 8 2 2 2 10 2 10 10 2 2 10 8 8 2 10 10 10 10 2
left_child=1 -1 3 4 11 8 -7 -8 9 -3 -10 12 -2 14 20 17 24 18 -16 -20 22 -22 -13 -15 25 28 27 29 -17 -27
right_child=2 5 -4 -5 -6 6 7 -9 10 -11 -12 13 -14 23 15 16 -18 -19 19 -21 21 -23 -24 -25 -26 26 -28 -29 -30 -31
leaf_value=-0.0062276840540704285 -0.011828612743496019 -0.0060152627410132798 3.0552848580571501 4.8438608816800377 -0.022930087424588106 -0.010711061549751016 -0.096114211178028791 0.38915765245701228 0.0030946639736066949 0.0044024959413052909 -0.19325485580500193 -0.04730359040166638 0.021399140633847308 -0.075437060484551566 0.32042178298142099 -0.0029889986535452094 -0.070759099769177561 -0.07084141049647058 -0.073907126647870386 0.30171011935473374 0.0078540799491894162 -0.15779950263652578 -0.0049786712251052023 0.00039212654040499866 0.090508208465511969 -0.0043051290044525993 -0.669812478105411 0.80482018711750614 0.4264369148562463 -0.10635523238902289
leaf_weight=386 27 89 35 28 21 77 33 49 103 20 25 183 28 96 35 207 159 45 56 126 129 35 97 2604 23 155 41 51 89 45
leaf_count=386 27 89 35 28 21 77 33 49 103 20 25 183 28 96 35 207 159 45 56 126 129 35 97 2604 23 155 41 51 89 45
internal_value=-0.00238024 -0.014859 -0.000102778 -0.000292649 -0.000435518 -0.00746633 -0.0125854 -0.00406897 -0.00381818 -0.00968421 0.00130827 -0.000331445 -0.0104 -0.000185123 -0.0016975 5.20733e-05 -0.0017729 0.00537079 0.00821622 0.00478075 -0.00573274 0 -0.00903158 0.000641035 0.000136364 -0.000596965 -0.00442424 -0.0015 0.00316944 -0.00553171
internal_weight=5097 782 4315 4280 4252 396 159 82 237 109 128 4231 55 4176 1476 1032 770 262 217 182 444 164 280 2700 611 588 292 251 296 200
internal_count=5097 782 4315 4280 4252 396 159 82 237 109 128 4231 55 4176 1476 1032 770 262 217 182 444 164 280 2700 611 588 292 251 296 200
is_linear=0
shrinkage=0.03


Tree=162
num_leaves=31
num_cat=0
split_feature=132 123 129 117 119 144 119 117 127 131 126 145 146 132 136 120 140 146 146 131 132 129 123 136 125 143 136 136 135 121
split_gain=161.913 46.5636 17.8043 11.405 7.94443 12.0824 14.2395 8.21223 11.1113 8.95396 7.87087 6.83449 25.2296 9.63726 12.8808 9.05607 15.2732 12.443 8.90721 10.6044 7.36266 15.2935 6.76524 9.12539 10.9373 10.6287 7.24817 7.80593 6.97555 14.2426
threshold=0.41666666666666669 1.0000000180025095e-35 1105.0000000000002 637.00000000000011 15.500000000000002 10.500000000000002 29.500000000000004 1.0000000180025095e-35 0.60370370370370374 13.500000000000002 1.0000000180025095e-35 15.500000000000002 17.500000000000004 7.416666666666667 6.0794007305054718 0.50000000000000011 1.0000000180025095e-35 21.500000000000004 25.500000000000004 129.50000000000003 716.66666666666686 662.00000000000011 7.5000000000000009 4.6773424059957245 -1.0000000180025095e-35 39.500000000000007 27.240387805526435 40.912549475509373 11.357142857142859 29.500000000000004
decision_type=8 2 10 2 2 2 2 2 10 8 10 2 2 8 10 2 2 2 2 10 8 10 2 10 10 2 10 10 10 2
left_child=1 -1 3 11 7 -6 -7 9 10 -3 -9 -2 13 -13 -15 16 17 -14 19 -19 21 22 23 24 -17 -25 -27 -28 29 -24
right_child=2 4 -4 -5 5 6 -8 8 -10 -11 -12 12 15 14 -16 20 -18 18 -20 -21 -22 -23 28 25 -26 26 27 -29 -30 -31
leaf_value=-0.006040853532448316 0.00035534543517174778 -0.0058348048587828815 4.6985450552296362 1.9535130572769672 -0.010389729703258485 -0.093230784842687917 0.37748292288330193 0.045942488830795894 -0.021228663198438545 0.0042704210630661321 -0.003676578055630837 -0.022526428524226125 -0.038493449401112954 0.016896640452051862 -0.048876298210359284 0.0056174064841304624 -0.020861668166661726 0.014425304429979508 -0.009004562121004164 -0.14929938400741058 -3.0155834620146771 1.549451439771393 -0.00033012788231740587 0.09582825484663289 -0.0069130698040898303 0.013713441452240217 -0.16559152571294602 0.041966871291037822 0.00023366618829853358 -0.098584895855295132
leaf_weight=386 1386 89 22 27 77 33 49 42 53 20 33 44 22 23 135 60 96 76 101 20 22 20 173 61 112 137 22 27 1658 71
leaf_count=386 1386 89 22 27 77 33 49 42 53 20 33 44 22 23 135 60 96 76 101 20 22 20 173 61 112 137 22 27 1658 71
internal_value=-0.00234496 -0.014859 -6.11111e-05 -0.000214984 -0.00746633 -0.0125854 -0.00406897 -0.00381818 0.00130827 -0.00968421 0.00855 -0.000349801 -0.00118336 -0.0112754 -0.00732515 -0.000400298 -0.0051375 -0.000642857 0.00190099 0.00825743 0.000238176 0.000419437 0.00016509 0.00359434 -0.00166102 0.0072381 0.00342408 -0.006 -0.000594651 -0.00527711
internal_weight=5097 782 4315 4293 396 159 82 237 128 109 75 4266 2880 202 158 2678 315 219 197 96 2363 2341 2321 419 172 247 186 49 1902 244
internal_count=5097 782 4315 4293 396 159 82 237 128 109 75 4266 2880 202 158 2678 315 219 197 96 2363 2341 2321 419 172 247 186 49 1902 244
is_linear=0
shrinkage=0.03


Tree=163
num_leaves=31
num_cat=0
split_feature=132 120 129 117 131 129 127 125 131 136 127 146 146 146 120 145 145 131 136 125 126 128 138 135 125 117 132 121 145 121
split_gain=164.652 43.6533 17.8453 11.4409 6.72096 14.1797 6.70038 8.04296 6.5169 7.65223 6.27655 6.07959 7.40169 19.2109 10.9665 15.0477 19.8984 9.58816 6.69126 6.66956 6.63537 6.5856 6.47337 9.52822 7.81668 9.28878 14.2636 12.487 11.5855 11.645
threshold=0.41666666666666669 1.0000000180025095e-35 1105.0000000000002 637.00000000000011 671.00000000000011 657.00000000000011 135.50000000000003 89.000000000000014 1.5000000000000002 4.4495335439635584 -0.74662162162162149 43.500000000000007 15.500000000000002 17.500000000000004 0.50000000000000011 26.500000000000004 22.500000000000004 1.5000000000000002 17.260294053777059 -71.999999999999986 -1.0000000180025095e-35 51.500000000000007 0.84523809523809534 3.6904761904761911 -53.499999999999993 8.5000000000000018 16.166666666666668 18.500000000000004 33.500000000000007 7.5000000000000009
decision_type=8 2 10 2 10 10 10 10 10 10 10 2 2 2 2 2 2 10 10 8 10 10 10 10 10 2 10 2 2 2
left_child=1 8 3 4 5 6 7 11 -1 -10 -3 12 19 17 15 16 -15 -14 -18 -2 -13 -20 -16 -24 -25 26 27 28 29 -26
right_child=2 10 -4 -5 -6 -7 -8 -9 9 -11 -12 20 13 14 22 -17 18 -19 21 -21 -22 -23 23 24 25 -27 -28 -29 -30 -31
leaf_value=-0.0058596279264748665 -0.29965539934743901 0.040277652912127079 4.5575887035727485 1.8949076655586587 -0.13413574621911664 1.6918432772724463 0.54836503186156504 -0.50255611988277138 0.012822108760597313 -0.0091589812389242468 -0.0072287424046867613 0.12058148254207424 -0.0337905036266977 -0.027479392370890993 0.0079868221466483993 -0.018490836519850312 0.0099229508494535091 -0.014626808985769865 -0.081560234117697777 0.00040534919149258996 0.0099598296802943763 0.46689896185357438 -0.018571635236268987 0.13951742652875757 0.025042118411844141 -2.6914519667577962e-05 -0.10543828527550904 -0.095627348979636262 -0.052099914687991251 -0.0041660712978494989
leaf_weight=336 25 22 22 27 50 33 21 32 24 24 376 49 45 48 872 137 50 149 20 1314 136 30 27 126 38 775 194 33 33 29
leaf_count=336 25 22 22 27 50 33 21 32 24 24 376 49 45 48 872 137 50 149 20 1314 136 30 27 126 38 775 194 33 33 29
internal_value=-0.002392 -0.0150114 -8.88889e-05 -0.000242904 -0.000377897 -0.000240227 -0.000406877 -0.00050252 -0.0221954 -0.0100755 -0.00787593 -0.000375816 -0.000628861 -0.00156032 -0.000816715 -0.00628966 0.000352941 -0.0105226 0.00794286 0.00117857 0.00486316 0 -6.75422e-05 -0.00144762 -0.00101703 -0.0018374 -0.00603614 0.00147826 0.0068 0.0136667
internal_weight=5097 782 4315 4293 4266 4216 4183 4162 384 48 398 4130 3945 2606 2412 285 148 194 100 1339 185 50 2127 1255 1228 1102 327 133 100 67
internal_count=5097 782 4315 4293 4266 4216 4183 4162 384 48 398 4130 3945 2606 2412 285 148 194 100 1339 185 50 2127 1255 1228 1102 327 133 100 67
is_linear=0
shrinkage=0.03


Tree=164
num_leaves=31
num_cat=0
split_feature=132 123 129 117 131 129 125 125 124 136 133 126 125 131 136 119 144 144 125 129 128 140 123 136 128 128 125 128 144 123
split_gain=166.5 44.6118 17.7223 11.3331 6.8315 14.0466 6.17431 8.63353 6.1115 7.64873 7.70772 7.16703 6.67807 5.80145 8.31405 5.57298 10.547 15.396 8.39567 5.27698 8.71493 8.44355 7.25602 9.77425 11.4194 9.45513 7.65346 14.4419 9.1362 9.56187
threshold=0.41666666666666669 1.0000000180025095e-35 1105.0000000000002 637.00000000000011 671.00000000000011 657.00000000000011 142.00000000000003 89.000000000000014 29.500000000000004 64.219013008174997 31.446601987008481 -10.499999999999998 -2.4999999999999996 1.5000000000000002 4.4495335439635584 9.5000000000000018 10.500000000000002 15.500000000000002 -2.4999999999999996 5.5000000000000009 1.0000000180025095e-35 1.0000000180025095e-35 7.5000000000000009 37.737753615649659 154.50000000000003 31.500000000000004 -20.499999999999996 90.500000000000014 39.500000000000007 136.50000000000003
decision_type=8 2 10 2 10 10 10 10 2 10 8 10 10 10 10 2 2 2 10 10 8 2 2 10 10 10 10 10 2 2
left_child=1 13 3 4 5 6 7 8 19 10 -10 -11 -13 -1 -15 18 -17 -18 -3 20 21 -2 23 -21 25 -25 27 -24 29 -29
right_child=2 15 -4 -5 -6 -7 -8 -9 9 11 -12 12 -14 14 -16 16 17 -19 -20 22 -22 -23 26 24 -26 -27 -28 28 -30 -31
leaf_value=-0.0056838390886806197 -0.018014486179180913 0.05769843361306199 4.4208610424655665 1.838060435591899 -0.13011167383254188 1.6410879789542718 0.53191408090571934 -0.48747943628628787 0.020820385838511299 0.54991416314210184 0.34686795231627188 0.018698880083449297 -0.37239661369604982 0.012437445497779394 -0.0089423181077537394 -0.0098611755400201291 0.65236245332642417 -0.07778365731633255 -0.0043686734452618014 0.00044355463442473207 -0.00015865857742826782 -0.0087891769716851222 0.1707056443509701 0.089220815061081565 0.78313942752765864 -0.090335942813684331 -0.0091044034619895339 -0.29317685461546189 0.51378070313145274 0.015312508179167992
leaf_weight=336 65 29 22 27 50 33 23 30 393 20 92 35 42 24 26 79 34 67 187 950 742 142 130 22 66 52 1224 60 24 71
leaf_count=336 65 29 22 27 50 33 23 30 393 20 92 35 42 24 26 79 34 67 187 950 742 142 130 22 66 52 1224 60 24 71
internal_value=-0.00232144 -0.0150114 -5.55556e-06 -0.000159144 -0.000293608 -0.00015494 -0.000320917 -0.000416327 -0.000288755 0.00254514 0.0040898 -0.00494118 -0.00907317 -0.0222353 -0.0108 -0.00776559 -0.0116432 -0.00475472 -0.00431674 -0.000758232 -0.00266667 -0.00803774 -5.52995e-05 0.00180274 0.00906207 0.000683544 -0.00140291 0.00297931 -0.00315 -0.00635294
internal_weight=5097 782 4315 4293 4266 4216 4183 4160 4130 582 485 97 77 386 50 396 180 101 216 3548 949 207 2599 1090 140 74 1509 285 155 131
internal_count=5097 782 4315 4293 4266 4216 4183 4160 4130 582 485 97 77 386 50 396 180 101 216 3548 949 207 2599 1090 140 74 1509 285 155 131
is_linear=0
shrinkage=0.03


Tree=165
num_leaves=31
num_cat=0
split_feature=132 123 121 133 128 124 144 145 132 5 127 131 138 139 125 146 123 122 144 123 131 123 131 124 133 128 138 129 144 128
split_gain=166.121 39.7505 14.3431 11.2625 10.4147 6.83312 11.2221 15.813 11.4094 9.32266 9.26066 9.18808 8.33119 8.2685 8.49166 7.39764 8.49275 15.8575 6.81791 9.19032 6.38323 7.84062 6.9404 6.57138 6.35093 5.86158 12.9406 11.5751 7.55488 7.35088
threshold=1.0000000180025095e-35 1.0000000180025095e-35 574.00000000000011 40.979618090437015 1028.0000000000002 1.0000000180025095e-35 28.500000000000004 30.500000000000004 1.1666666666666667 1.0000000180025095e-35 -0.61180555555555549 421.00000000000006 0.15476190476190479 0.87837969732492682 -20.499999999999996 38.500000000000007 10.500000000000002 1.5000000000000002 37.500000000000007 44.500000000000007 1.5000000000000002 22.500000000000004 53.500000000000007 -4.4999999999999991 13.211941432700238 10.500000000000002 0.46428571428571436 19.500000000000004 10.500000000000002 60.500000000000007
decision_type=8 2 2 10 10 2 2 2 8 2 8 10 8 2 10 2 2 2 2 2 10 2 10 2 10 10 8 8 2 10
left_child=1 -1 4 -4 5 6 9 -8 -9 11 -7 12 -2 14 24 18 17 -17 19 20 -16 22 23 -22 -10 26 -14 28 -27 -29
right_child=2 -3 3 -5 -6 10 7 8 13 -11 -12 -13 25 -15 15 16 -18 -19 -20 -21 21 -23 -24 -25 -26 27 -28 29 -30 -31
leaf_value=-0.0055133239160202021 -0.013126672315925141 -0.0061906078104231269 2.1644503101785011 -0.025758200504159275 4.2882352111915987 -0.13673349794285444 -0.032406290346873853 -0.009841920518623903 0.29856042657112802 -0.001272411909440383 0.0054105592197259168 -0.48288232973440698 0.023350572241371 0.035521990159009802 0.0070172680641733655 -0.026718001029825498 -0.22346849604600916 0.022081464245290103 0.058382613582815442 -0.11353242374978248 -0.053048370963107078 0.026618994490899082 -0.094737029154452493 0.013339225668976353 -0.00045440759761213197 0.019674276268133575 -0.00053789399645172149 -0.0041077319440461935 0.0065997502258163896 0.023136541133230753
leaf_weight=366 28 361 52 41 20 33 104 43 20 22 1290 67 61 164 22 39 78 58 90 82 24 36 40 48 35 63 631 433 107 639
leaf_count=366 28 361 52 41 20 33 104 43 20 22 1290 67 61 164 22 39 78 58 90 82 24 36 40 48 35 63 631 433 107 639
internal_value=-0.00229792 -0.0155246 -8.09143e-05 0.0112653 -0.000341896 -0.000456124 -0.0012637 -0.00408108 -0.00255612 -4.0856e-05 0.00132831 0.000188791 0.000576512 -0.00161134 -0.00331716 -0.00452874 -0.00946667 -0.00317647 -0.00188473 -0.00441245 -0.000308571 -0.00270588 -0.00661538 -0.000701299 0.0074 0.000832388 -0.00136872 0.00206415 0.00922286 0.000885794
internal_weight=5097 727 4370 93 4277 4257 2934 883 779 2051 1323 2029 1962 736 572 517 175 97 342 252 170 148 112 72 55 1934 692 1242 170 1072
internal_count=5097 727 4370 93 4277 4257 2934 883 779 2051 1323 2029 1962 736 572 517 175 97 342 252 170 148 112 72 55 1934 692 1242 170 1072
is_linear=0
shrinkage=0.03


Tree=166
num_leaves=31
num_cat=0
split_feature=132 120 132 124 125 121 121 118 13 124 127 144 145 127 145 146 122 118 136 131 139 128 125 136 136 131 135 128 144 127
split_gain=142.51 59.3946 13.3172 11.2799 9.32582 8.13143 7.91361 7.88905 6.00004 5.59548 9.91806 8.69961 13.9995 11.7783 8.33784 17.1296 25.8275 12.032 13.0658 10.4913 7.69664 7.5848 9.13759 6.8986 9.18028 9.65015 12.4409 11.2617 7.9869 6.7517
threshold=0.41666666666666669 0.50000000000000011 754.66666666666686 -13.499999999999998 11.500000000000002 10.500000000000002 587.00000000000011 19.500000000000004 1.0000000180025095e-35 2.5000000000000004 -0.61180555555555549 28.500000000000004 36.500000000000007 0.20169491525423733 22.500000000000004 13.500000000000002 1.0000000180025095e-35 86.500000000000014 4.8445140901819705 261.50000000000006 -1.0000000180025095e-35 276.50000000000006 -169.49999999999997 1.0000000180025095e-35 0.66936538861185257 29.500000000000004 5.0714285714285721 397.50000000000006 12.500000000000002 -0.041335123260922618
decision_type=8 2 10 2 10 2 2 2 2 2 8 2 2 8 2 2 2 2 10 10 2 10 10 10 10 8 10 10 2 10
left_child=1 -1 6 -3 5 -5 8 -7 9 11 -11 14 -13 -14 15 23 20 18 -18 -19 -17 22 -16 28 -25 26 -26 -27 -2 -20
right_child=2 3 -4 4 -6 7 -8 -9 -10 10 -12 12 13 -15 21 16 17 19 29 -21 -22 -23 -24 24 25 27 -28 -29 -30 -31
leaf_value=-0.0053479241985395958 -0.0014721107485805706 -0.023831418731533622 3.3999974250058278 -0.0033218797538892252 -0.0088609856548211401 0.014721885357052322 1.1822009907664175 -0.0093796220395068308 -0.020789122804863069 -0.15219916039954137 0.0097806523746277203 -0.020252166422067369 0.0051108245626080096 -0.097632425627372468 1.8442129589364415 -0.038410400887403509 -0.019160808627363302 -0.18670458208124549 0.0018154328501402972 0.25846242975048483 -0.024949691737072205 -0.29547947160963817 0.007561789499421598 0.00018565568098048824 -0.00049706024365099295 -0.00092504722375014831 0.0015640515087163064 1.3382724554784482 0.015885893592703582 0.046003279698498899
leaf_weight=423 280 95 46 126 39 62 53 37 21 26 1145 426 477 27 21 54 26 48 37 28 240 39 486 46 24 489 88 40 83 65
leaf_count=423 280 95 46 126 39 62 53 37 21 26 1145 426 477 27 21 54 26 48 37 28 240 39 486 46 24 489 88 40 83 65
internal_value=-0.00220384 -0.0139441 -6.11111e-05 -0.00484615 -0.00153903 0.000886957 -0.000244268 0.00715385 -0.000396588 -0.000305714 0.00144898 -0.000988445 -0.00339465 0 8.28966e-05 -0.00103928 -0.00559443 0.00255502 0.00807519 -0.00659259 -0.0112174 0.0032559 0.00426562 0.00113175 0.00289595 0.00189474 0.00969231 0.000157303 -0.00218478 0.0128411
internal_weight=5097 782 4315 359 264 225 4269 99 4216 4195 1171 3024 930 504 2094 1548 498 204 128 76 294 546 507 1050 687 641 112 529 363 102
internal_count=5097 782 4315 359 264 225 4269 99 4216 4195 1171 3024 930 504 2094 1548 498 204 128 76 294 546 507 1050 687 641 112 529 363 102
is_linear=0
shrinkage=0.03


Tree=167
num_leaves=31
num_cat=0
split_feature=135 120 117 128 135 137 128 135 118 102 94 145 117 133 119 117 128 146 146 145 124 135 135 136 145 128 117 127 118 139
split_gain=136.948 54.5638 16.7643 14.0487 10.5252 15.8902 12.1929 10.5741 25.3196 9.443 9.86295 11.1474 11.9242 9.60154 9.48091 8.32549 7.60281 6.61558 10.1826 18.3829 6.51999 6.32404 8.35167 6.038 6.12054 6.62125 5.30698 5.15832 6.77244 11.8427
threshold=0.58571428571428574 1.0000000180025095e-35 620.00000000000011 1.0000000180025095e-35 9.071428571428573 6.5000000000000009 1.5000000000000002 10.342857142857145 14.500000000000002 1.0000000180025095e-35 1.0000000180025095e-35 33.500000000000007 1.0000000180025095e-35 0.65824829046386313 1.5000000000000002 13.500000000000002 930.50000000000011 28.500000000000004 20.500000000000004 14.500000000000002 -5.4999999999999991 11.357142857142859 12.464285714285717 3.2324819770558366 11.500000000000002 4.5000000000000009 2.5000000000000004 -0.34428879310344823 18.500000000000004 -1.0000000180025095e-35
decision_type=8 2 2 8 8 2 10 8 2 2 2 2 2 10 2 2 10 2 2 2 2 8 8 10 2 10 2 10 2 2
left_child=1 -1 4 27 5 6 -2 8 -6 10 11 12 17 26 -14 -15 21 18 19 23 -16 -9 -23 24 -7 -26 -13 -3 -29 -30
right_child=2 3 -4 -5 7 9 -8 16 -10 -11 -12 13 14 15 20 -17 -18 -19 -20 -21 -22 22 -24 -25 25 -27 -28 28 29 -31
leaf_value=-0.005187486472583408 -0.004798350989252278 0.027592888379171943 2.7583385938547407 0.024902198977933138 0.016452518409944359 -0.00040621151280840979 0.0016992285798107321 -0.013031940903716874 -0.03236267489981387 0.019436140235943603 0.024309801954254869 -0.019080005097162536 0.023867052901244492 -0.0025564695438892735 0.0042035796750493981 -0.036532039416032447 4.057588232105676 -0.019539722744457366 0.00093611868517127106 -0.024046547053140549 -0.015165767515214559 0.0066173769133548574 -0.00040808198952035468 0.00088145911087432081 0.10816068688509606 -0.023847446424127217 -0.051190471933105816 -0.0038749858892364025 -0.0040723122880043051 -0.016168696291823114
leaf_weight=346 44 32 33 26 82 77 68 70 23 24 26 53 96 78 22 26 28 47 150 91 41 52 3164 22 23 29 21 191 54 58
leaf_count=346 44 32 33 26 82 77 68 70 23 24 26 53 96 78 22 26 28 47 150 91 41 52 3164 22 23 29 21 191 54 58
internal_value=-0.00223912 -0.0144438 -0.00025802 -0.00613115 -0.000431912 -0.0032386 0.00712821 0.000339953 0.00949091 -0.00468592 -0.00527138 -0.00590781 -0.00387065 -0.0124262 0.00307317 -0.006 3.43477e-05 -0.00640541 -0.00497229 -0.00872065 -0.00564706 -0.000107566 9.1276e-05 -0.00207692 -0.00465672 0.00305263 -0.0204304 -0.00783529 -0.00903896 -0.0148205
internal_weight=5097 707 4390 361 4357 938 112 3419 105 826 802 776 598 178 159 104 3314 439 392 242 63 3286 3216 151 129 52 74 335 303 112
internal_count=5097 707 4390 361 4357 938 112 3419 105 826 802 776 598 178 159 104 3314 439 392 242 63 3286 3216 151 129 52 74 335 303 112
is_linear=0
shrinkage=0.03


Tree=168
num_leaves=31
num_cat=0
split_feature=132 120 117 124 125 128 126 135 155 146 146 136 136 144 128 128 129 135 128 117 144 117 132 69 121 127 135 132 132 146
split_gain=149.424 56.7905 16.3871 9.99197 8.37811 7.85022 6.57922 6.26878 9.02874 9.67175 10.5699 9.71729 14.6703 10.2587 8.82053 5.30734 5.90992 5.47963 11.7287 9.59821 9.00224 8.22937 13.5799 8.98009 8.16055 9.02797 8.50324 9.65185 13.098 7.83511
threshold=0.41666666666666669 0.50000000000000011 620.00000000000011 -13.499999999999998 11.500000000000002 930.50000000000011 -4.4999999999999991 5.0714285714285721 1.0000000180025095e-35 21.500000000000004 25.500000000000004 0.49743582965269678 4.3134323329206277 11.500000000000002 1.5000000000000002 729.50000000000011 662.00000000000011 74.500000000000014 71.500000000000014 2.5000000000000004 11.500000000000002 209.50000000000003 149.83333333333334 1.0000000180025095e-35 110.50000000000001 -0.98164983164983155 18.214285714285719 40.166666666666679 55.166666666666679 28.500000000000004
decision_type=8 2 2 2 10 10 10 8 2 2 2 10 10 2 10 10 10 8 10 2 2 2 10 2 2 10 10 10 10 2
left_child=1 -1 5 -3 6 7 -5 8 9 11 -11 13 -13 14 -2 16 17 18 19 20 -9 23 -23 -19 25 -22 29 -28 -29 -27
right_child=2 3 -4 4 -6 -7 -8 15 -10 10 -12 12 -14 -15 -16 -17 -18 21 -20 -21 24 22 -24 -25 -26 26 27 28 -30 -31
leaf_value=-0.0050318618784059056 0.00021012939142425857 -0.022631415280832921 2.6755884360390971 0.12176656318038155 -0.0084729867165363772 3.9358605851425055 -0.0017004135978880824 0.0005994831989261318 0.00030150204935581516 0.014590784536751774 -0.0055368777337192893 -0.012313195866736236 0.0012735172556709866 0.017210839615573782 -0.00039402516742415461 -3.0185409232368512 1.2409658242980832 -0.012224168456192074 0.15047605175680878 0.0066591736800236485 0.30140404811296206 1.0579361877205185 5.1816226143728269e-05 0.40868527997392051 -0.094847852248651346 0.0027237812434212447 -0.077837350333494731 0.051111794313749216 -0.12588396802718679 -0.0093032592201029319
leaf_weight=423 22 95 33 28 39 28 197 376 89 50 230 93 28 49 24 22 31 1250 196 735 21 54 243 43 31 235 177 81 43 131
leaf_count=423 22 95 33 28 39 28 197 376 89 50 230 93 28 49 24 22 31 1250 196 735 21 54 243 43 31 235 177 81 43 131
internal_value=-0.00222736 -0.014249 -3.33333e-05 -0.00534066 -0.00220818 -0.000208537 0.000104348 -0.000322611 -0.00319322 -0.00477844 -0.00103158 -0.00947511 -0.0149524 -0.00204 -0.0116471 0.00013718 0.000236583 0.000114333 0.00114919 0.000389101 -0.00138545 -0.0012 0.00325828 -0.00223729 -0.00334807 -0.00258874 -0.00325 -0.00694118 -0.000418605 -0.000145553
internal_weight=5097 782 4315 359 264 4282 225 4254 585 496 280 216 121 95 46 3669 3647 3616 2026 1830 1095 1590 297 1293 719 688 667 301 124 366
internal_count=5097 782 4315 359 264 4282 225 4254 585 496 280 216 121 95 46 3669 3647 3616 2026 1830 1095 1590 297 1293 719 688 667 301 124 366
is_linear=0
shrinkage=0.03


Tree=169
num_leaves=31
num_cat=0
split_feature=132 120 117 124 125 128 126 124 123 146 144 125 146 126 119 144 146 144 144 140 130 133 136 121 123 132 133 129 118 128
split_gain=147.965 56.7905 16.5041 9.99197 8.37811 7.92642 6.57922 6.41869 8.87658 7.01975 12.0334 10.217 7.53621 10.0552 10.2102 13.0769 11.6679 13.4428 10.289 9.55451 8.74536 14.7331 8.1793 7.99253 10.9469 9.22373 7.7102 7.32684 12.0473 9.10774
threshold=0.41666666666666669 0.50000000000000011 620.00000000000011 -13.499999999999998 11.500000000000002 930.50000000000011 -4.4999999999999991 5.5000000000000009 7.5000000000000009 10.500000000000002 4.5000000000000009 -57.499999999999993 43.500000000000007 -13.499999999999998 1.0000000180025095e-35 26.500000000000004 21.500000000000004 15.500000000000002 40.500000000000007 -0.56174490092936669 76.500000000000014 30.153307401707291 16.779473486040974 18.500000000000004 1.0000000180025095e-35 12.16666666666667 3.8149242336291649 118.50000000000001 195.50000000000003 324.50000000000006
decision_type=8 2 2 2 10 10 10 2 2 2 2 10 2 10 2 2 2 2 2 2 10 10 10 2 2 10 10 10 2 10
left_child=1 -1 5 -3 6 7 -5 9 -9 10 -2 27 13 20 15 16 17 -15 23 -17 21 -13 -18 24 -16 26 -25 -11 -29 -30
right_child=2 3 -4 4 -6 -7 -8 8 -10 11 -12 12 -14 14 18 19 22 -19 -20 -21 -22 -23 -24 25 -26 -27 -28 28 29 -31
leaf_value=-0.0048809060220537286 -0.010238493331708318 -0.021952472822407934 2.5953207829579239 0.11811356628497011 -0.0082187971150402845 3.8177847675882322 -0.0016494011899514398 0.055619266900037267 0.0063388521599432573 0.24598899831871932 0.00049209843486673675 -0.039220455239084268 0.021132022015119812 -0.0014220649624816239 0.044217919071466251 0.00099745971819142389 0.0099285638461948534 -0.023394556103720342 0.021058240179241013 -0.01870878107682698 -0.38867690127933657 0.11585229110599736 -0.056982826895740357 -0.025211321008222362 0.00016389871197105776 -0.0027410692283825712 -0.001935920421359043 -0.29504173903392455 1.7242610137438248 -0.0090264909472136876
leaf_weight=423 333 95 33 28 39 28 197 32 1050 92 497 91 146 255 27 38 51 65 38 148 91 50 35 57 296 710 39 61 25 27
leaf_count=423 333 95 33 28 39 28 197 32 1050 92 497 91 146 255 27 38 51 65 38 148 91 50 35 57 296 710 39 61 25 27
internal_value=-0.00228616 -0.014249 -0.000102778 -0.00534066 -0.00220818 -0.000278516 0.000104348 -0.00039305 0.00159522 -0.0010746 0.00128623 -0.00191478 -0.00253221 -0.00301804 -0.00222449 -0.00541709 -0.00232117 -0.00496615 -0.000583618 -0.0119058 -0.00883544 -0.00386301 0.00718681 -0.00113228 0.00281707 -0.00272996 -0.0112277 0.0044 -0.000711864 0.00936842
internal_weight=5097 782 4315 359 264 4282 225 4254 1082 3172 830 2342 2137 1991 1759 592 406 320 1167 186 232 141 86 1129 323 806 96 205 113 52
internal_count=5097 782 4315 359 264 4282 225 4254 1082 3172 830 2342 2137 1991 1759 592 406 320 1167 186 232 141 86 1129 323 806 96 205 113 52
is_linear=0
shrinkage=0.03


Tree=170
num_leaves=31
num_cat=0
split_feature=132 123 117 124 125 128 137 123 124 127 132 145 131 128 125 129 118 128 140 128 145 127 122 118 146 145 145 136 118 128
split_gain=149.565 53.7031 16.5041 8.32498 10.7686 7.92642 6.43592 6.59398 6.36295 9.67229 9.26551 7.30502 10.5402 11.2767 10.4063 9.72732 12.4652 9.28023 6.65718 6.12668 6.1066 13.0204 10.1822 16.192 8.99169 12.8313 9.26628 8.81218 8.35862 9.77747
threshold=0.41666666666666669 1.0000000180025095e-35 620.00000000000011 1.5000000000000002 11.500000000000002 930.50000000000011 4.5000000000000009 20.500000000000004 1.0000000180025095e-35 -0.61180555555555549 3.5000000000000004 10.500000000000002 23.500000000000004 397.50000000000006 -57.499999999999993 114.50000000000001 195.50000000000003 298.50000000000006 -0.56174490092936669 1.0000000180025095e-35 36.500000000000007 0.10610751477624543 2.5000000000000004 29.500000000000004 28.500000000000004 22.500000000000004 16.500000000000004 34.617138545980133 93.500000000000014 7.5000000000000009
decision_type=8 2 2 2 10 10 2 2 2 8 10 2 8 10 10 10 2 8 2 8 2 10 2 2 2 2 2 10 2 10
left_child=1 -1 5 6 -5 8 7 -3 10 -10 19 12 -12 -14 15 -13 -17 -18 -11 -2 22 -22 24 -24 25 26 -16 28 29 -26
right_child=2 3 -4 4 -6 -7 -8 -9 9 18 11 14 13 -15 20 16 17 -19 -20 -21 21 -23 23 -25 27 -27 -28 -29 -30 -31
leaf_value=-0.004734478841392116 -0.01272271310408425 0.013798912922953377 2.5174611594691849 0.00016897912465213178 -0.0079722332015890757 3.7032512245605846 -0.0078835499715099715 -0.015284862868498898 -0.1435063804792773 0.031417251887669612 0.00087513250647592851 0.28365706753200587 -0.00091780079636581745 1.3136021936162767 -0.017696663224548808 -0.28619048686290655 1.7050354453004566 -0.0087556962187966287 0.0019979040699416827 -0.0003425348088170277 0.012065647370966799 -0.22409865963331063 0.056608620765166151 -0.0021634890787190384 0.0057014560064965027 0.00069819638385319564 -0.041554434575008292 -1.2641792433454035 1.8814250660301401 -0.068441662699654057
leaf_weight=386 74 20 33 117 38 28 198 23 31 191 91 78 485 41 293 65 26 25 1097 358 392 24 45 248 37 355 132 31 20 115
leaf_count=386 74 20 33 117 38 28 198 23 31 191 91 78 485 41 293 65 26 25 1097 358 392 24 45 248 37 355 132 31 20 115
internal_value=-0.00229792 -0.0143253 -0.000102778 -0.00641895 -0.0009 -0.000278516 -0.00985366 0.0005 -0.00039305 0.00133233 -0.00117143 -0.000464115 0.0023537 0.000666667 -0.00139291 0.00509548 -0.000446281 0.0100714 0.0017587 -0.00520366 -0.00215321 0.000983373 -0.00318033 0.00169128 -0.00463968 -0.00312611 -0.00661395 -0.0102115 -0.00708475 -0.00951592
internal_weight=5097 782 4315 396 155 4282 241 43 4254 1319 2935 2503 617 526 1886 194 116 51 1288 432 1692 416 1276 293 983 780 425 203 172 152
internal_count=5097 782 4315 396 155 4282 241 43 4254 1319 2935 2503 617 526 1886 194 116 51 1288 432 1692 416 1276 293 983 780 425 203 172 152
is_linear=0
shrinkage=0.03


Tree=171
num_leaves=31
num_cat=0
split_feature=132 123 117 124 125 135 117 128 131 120 135 119 128 138 135 117 120 131 136 128 135 118 125 128 136 126 136 135 136 126
split_gain=144.217 56.9096 16.551 9.80867 11.1179 8.26161 13.497 10.2894 8.3944 10.3508 8.14516 11.6322 7.88754 6.71191 6.09243 5.91998 12.8318 5.80145 8.31405 5.80062 5.68737 6.75023 5.27742 8.62198 7.69595 8.96983 7.60268 7.50982 13.5544 5.26971
threshold=0.41666666666666669 1.0000000180025095e-35 620.00000000000011 1.0000000180025095e-35 11.500000000000002 9.071428571428573 87.500000000000014 1.0000000180025095e-35 17.500000000000004 1.0000000180025095e-35 18.928571428571434 41.500000000000007 930.50000000000011 0.2678571428571429 0.92857142857142871 1.0000000180025095e-35 3.1666666666666674 1.5000000000000002 4.4495335439635584 5.5000000000000009 10.071428571428573 26.500000000000004 -2.4999999999999996 15.500000000000002 7.2311206806561241 -3.4999999999999996 17.260294053777059 11.357142857142859 1.0000000180025095e-35 -1.4999999999999998
decision_type=8 2 2 2 10 10 2 10 8 2 10 2 10 10 10 2 2 10 10 10 10 2 10 10 10 8 10 10 10 10
left_child=1 17 5 13 -5 6 7 15 14 19 11 20 -12 -3 -9 -2 -17 -1 -19 -10 -7 22 23 -22 25 -24 -26 -27 -29 -18
right_child=2 3 -4 4 -6 10 -8 8 9 -11 12 -13 -14 -15 -16 16 29 18 -20 -21 21 -23 24 -25 26 27 -28 28 -30 -31
leaf_value=-0.0045924444761503529 -0.0099210624874925581 -0.0043155431644158757 2.4419373246851079 0.00016390975091256781 -0.0077330662055414036 0.016603484383190335 1.8321113345364235 0.00062772739229598857 -7.2743598593705273e-06 0.0080066432467941536 -0.0015509270079435565 -0.041169648803194243 3.5921536878237657 -0.0086238883647473188 -0.0007212822597264057 0.043273062892444793 -0.015106075907602658 0.012801493417983218 -0.0078898668324823007 0.020766401333977762 -0.0045934308486016559 0.1336856466951945 -0.09617059307395831 0.046851556776411375 -0.012455991572185472 -0.00039091158766124678 0.034220181114370127 -0.17484773235309767 0.014552508943294304 -0.023762398505457225
leaf_weight=336 114 179 33 133 38 73 28 44 56 37 2764 29 28 46 578 30 58 24 26 22 30 51 20 29 114 40 23 22 65 27
leaf_count=336 114 179 33 133 38 73 28 44 56 37 2764 29 28 46 578 30 58 24 26 22 30 51 20 29 114 40 23 22 65 27
internal_value=-0.00228616 -0.0140966 -0.000130556 -0.00597007 -0.000477273 -0.000306508 -0.0026967 -0.00333059 -0.00156873 0.0057 0.000417249 0.00394012 -0.00021237 -0.0100174 -0.00295694 -0.00882051 -0.0037 -0.0222353 -0.0108 -0.000650602 0.00513559 0.00359398 0.00196552 0.00975 0.000186851 0.00489474 -0.0048169 0.00790909 0.0126522 -0.0096
internal_weight=5097 782 4315 396 171 4282 994 966 737 115 3288 496 2792 225 622 229 115 386 50 78 467 394 343 59 284 147 137 127 87 85
internal_count=5097 782 4315 396 171 4282 994 966 737 115 3288 496 2792 225 622 229 115 386 50 78 467 394 343 59 284 147 137 127 87 85
is_linear=0
shrinkage=0.03


Tree=172
num_leaves=31
num_cat=0
split_feature=132 123 128 124 125 133 121 133 138 124 128 131 127 143 121 144 125 133 131 138 133 118 129 130 125 131 124 123 133 144
split_gain=143.93 56.9096 14.7818 9.80867 11.1179 7.52668 7.08617 8.15757 6.71191 5.92334 6.46677 6.81856 6.34587 6.01205 12.1846 8.74769 13.5498 8.25076 8.02215 8.15762 7.72841 9.82251 7.51173 6.92846 6.92718 9.46138 7.75093 6.57912 10.0232 9.72036
threshold=0.41666666666666669 1.0000000180025095e-35 743.50000000000011 1.0000000180025095e-35 11.500000000000002 49.898737148157501 587.00000000000011 27.497462087586356 0.2678571428571429 30.500000000000004 7.5000000000000009 6.5000000000000009 6.5000000000000009 40.500000000000007 2.5000000000000004 31.500000000000004 -53.499999999999993 64.506648349996382 380.00000000000006 0.15476190476190479 19.344816497187889 150.50000000000003 106.50000000000001 23.500000000000004 3.5000000000000004 13.500000000000002 9.5000000000000018 17.500000000000004 34.79780770002349 23.500000000000004
decision_type=8 2 10 2 10 10 2 10 10 2 10 8 10 2 2 2 10 8 10 8 10 2 10 8 10 10 2 2 10 2
left_child=1 -1 6 8 -5 -4 9 -8 -3 12 -11 -12 13 18 23 16 22 20 19 -2 24 -22 -16 -15 -17 -26 -27 28 -21 -29
right_child=2 3 5 4 -6 -7 7 -9 -10 10 11 -13 -14 14 15 17 -18 -19 -20 27 21 -23 -24 -25 25 26 -28 29 -30 -31
leaf_value=-0.0044546711418658432 -0.013784403223930175 -0.0041860768694833997 3.484389077189054 0.00015899245838519078 -0.0075010742193751603 -2.3110268967302403 2.0274140323061198 -0.060644371115782858 -0.0083651717138049 0.26220585795523094 -0.073091815258436485 0.027182747263353731 0.062271679932071056 -0.0089630921787167087 0.43454682674489575 0.0063455940900684739 -0.084342783198919941 0.56460121964112087 -0.28612830595240379 0.00020700584437312929 -0.13094093430499212 0.20242278756920512 -0.13707216345756271 -0.16437555875104226 -0.072046863034732525 -0.044027826100913853 0.016769008451982738 -0.015069277189381792 0.38535553969994801 0.070755308491345939
leaf_weight=386 36 179 33 133 38 20 28 21 46 73 53 488 58 178 23 543 194 51 92 1338 126 41 26 40 39 45 25 421 84 239
leaf_count=386 36 179 33 133 38 20 28 21 46 73 53 488 58 178 23 543 194 51 92 1338 126 41 26 40 39 45 25 421 84 239
internal_value=-0.00229792 -0.0140966 -0.000144444 -0.00597007 -0.000477273 0.0148966 -0.000350129 0.0104444 -0.0100174 -0.000489331 0.00221971 0.00103297 -0.000955605 -0.00112352 -0.00271257 -0.00141682 -0.0063871 0 -0.000159819 0.000223269 -0.000757282 -0.0064186 0.00711111 -0.00912108 0.000721461 -0.006 0.00072 0.000485865 0.0016356 -0.00197594
internal_weight=5097 782 4315 396 171 53 4262 49 225 4213 614 541 3599 3541 1331 1113 243 870 2210 2118 819 167 49 218 652 109 70 2082 1422 660
internal_count=5097 782 4315 396 171 53 4262 49 225 4213 614 541 3599 3541 1331 1113 243 870 2210 2118 819 167 49 218 652 109 70 2082 1422 660
is_linear=0
shrinkage=0.03


Tree=173
num_leaves=31
num_cat=0
split_feature=132 123 117 124 125 132 138 135 131 102 131 136 130 144 124 132 131 131 125 23 133 124 131 118 135 126 135 119 131 135
split_gain=142.783 56.9096 16.6684 9.80867 11.1179 8.03362 6.71191 6.42131 7.5383 8.47461 5.80145 8.31405 5.79415 12.2393 6.81175 6.22216 6.11341 9.79449 6.67681 6.65654 5.87049 8.38697 8.02235 8.49135 7.92917 9.95372 8.62718 10.5829 7.79903 5.97987
threshold=0.41666666666666669 1.0000000180025095e-35 620.00000000000011 1.0000000180025095e-35 11.500000000000002 872.50000000000011 0.2678571428571429 5.0714285714285721 12.500000000000002 1.0000000180025095e-35 1.5000000000000002 4.4495335439635584 25.500000000000004 9.5000000000000018 41.500000000000007 64.166666666666671 279.50000000000006 261.50000000000006 -194.49999999999997 1.0000000180025095e-35 2.2586347517122234 3.5000000000000004 3.5000000000000004 13.500000000000002 8.6428571428571441 16.500000000000004 10.785714285714286 12.500000000000002 1.0000000180025095e-35 11.357142857142859
decision_type=8 2 2 2 10 10 10 8 8 2 10 10 8 2 2 10 8 10 10 2 10 2 10 2 10 10 10 2 10 10
left_child=1 10 5 6 -5 7 -3 8 9 -2 -1 -12 13 -9 16 -16 17 18 -14 -20 21 22 -15 -24 28 26 27 -26 -22 -28
right_child=2 3 -4 4 -6 -7 -8 12 -10 -11 11 -13 14 20 15 -17 -18 -19 19 -21 24 -23 23 -25 25 -27 29 -29 -30 -31
leaf_value=-0.0043210310076098671 -0.0013267545276548097 -0.0040604945633988974 2.3704985360780291 0.00015422268463363505 -0.0072760419927939057 3.3798574048733836 -0.0081142165623907525 0.0014546679496124969 0.0002843168622501818 0.018261532529347247 0.012551088749699697 -0.0075195306932518578 1.6861834280177588 0.0096966064377775399 0.29245616662462326 0.012108510680693598 -0.0097783187056141585 0.20984077192891376 -0.0050069513380592307 0.11579503744461661 0.0069903846022673815 0.024756639547665295 -0.0079215971966241396 -0.067782177218041501 0.015293010178622718 -0.055874256470694376 -0.065101170109172754 -0.032281901726875298 -0.035825876089069106 0.025675850779600891
leaf_weight=336 462 179 33 133 38 28 46 140 96 27 24 26 28 41 81 271 636 30 1444 30 47 75 157 33 64 65 24 20 65 418
leaf_count=336 462 179 33 133 38 28 46 140 96 27 24 26 28 41 81 271 636 30 1444 30 47 75 157 33 64 65 24 20 65 418
internal_value=-0.00234496 -0.0140966 -0.0002 -0.00597007 -0.000477273 -0.000376487 -0.0100174 -0.000491665 -0.00339661 -0.00490688 -0.0222353 -0.0108 -2.28634e-05 0.00173657 -0.000829307 0.0030084 -0.00146065 -0.000425504 -0.000792303 -0.00109128 0.000556213 -0.0028746 -0.00569492 -0.00827692 0.0020678 0.00346309 0.00484746 0.0134157 -0.00507692 0.00307383
internal_weight=5097 782 4315 396 171 4282 225 4254 585 489 386 50 3669 1149 2520 352 2168 1532 1502 1474 1009 306 231 190 703 591 526 84 112 442
internal_count=5097 782 4315 396 171 4282 225 4254 585 489 386 50 3669 1149 2520 352 2168 1532 1502 1474 1009 306 231 190 703 591 526 84 112 442
is_linear=0
shrinkage=0.03


Tree=174
num_leaves=31
num_cat=0
split_feature=132 120 128 124 125 138 121 131 136 13 124 124 138 144 145 139 125 131 124 121 126 144 144 136 136 129 132 122 124 131
split_gain=146.525 55.7675 14.5359 10.2058 11.1179 7.37271 6.92001 6.5169 7.65223 6.03017 5.70228 8.45229 7.14608 6.93406 11.6672 9.20062 10.961 7.80323 7.12405 15.6596 6.86698 8.08487 11.5274 11.1212 11.1601 11.709 12.8513 8.00893 7.91847 6.2909
threshold=0.41666666666666669 1.0000000180025095e-35 743.50000000000011 1.0000000180025095e-35 11.500000000000002 0.2678571428571429 587.00000000000011 1.5000000000000002 4.4495335439635584 1.0000000180025095e-35 5.5000000000000009 7.5000000000000009 0.15476190476190479 28.500000000000004 36.500000000000007 1.0000000180025095e-35 -19.499999999999996 402.50000000000006 -6.4999999999999991 2.5000000000000004 26.500000000000004 22.500000000000004 15.500000000000002 3.5025491637693285 10.691400687689693 63.500000000000007 143.16666666666671 7.5000000000000009 -23.499999999999996 5.5000000000000009
decision_type=8 2 10 2 10 10 2 10 10 2 2 2 8 2 2 2 10 10 2 2 8 2 2 10 10 10 10 2 2 8
left_child=1 7 6 5 -5 -3 9 -1 -9 10 12 -12 -2 17 -15 16 -16 20 -18 -20 21 22 -14 -24 28 27 -27 -26 -25 -13
right_child=2 3 -4 4 -6 -7 -8 8 -10 -11 11 29 13 14 15 -17 18 -19 19 -21 -22 -23 23 24 25 26 -28 -29 -30 -31
leaf_value=-0.0041914000773815713 -0.0095692506843977326 -0.0039386797264969299 2.601136100702679 0.000149596004094626 -0.0070577607330100881 -0.013886411169727548 1.1609223175340877 0.012174556087208707 -0.0072828489133587018 -0.018284190874099639 0.065312012356852134 -0.027087686022578709 0.00025456952919028383 -0.017587766352735752 0.26121420670708306 0.029453479443610132 -0.16075900553543168 -0.45883455218284891 -0.022361819909108498 0.0075635638970746738 -0.0093362912270305489 0.013052460642588075 -0.021243612130095155 -0.038514023971610696 -0.055133515221958661 0.0112334423240452 -0.27506618112038883 -0.0083151954318137558 0.015985995639478827 0.015495662675035236
leaf_weight=336 34 179 53 133 38 48 49 24 24 21 58 148 993 444 45 273 78 74 37 98 142 490 66 28 72 57 46 63 82 864
leaf_count=336 34 179 53 133 38 48 49 24 24 21 58 148 993 444 45 273 78 74 37 98 142 490 66 28 72 57 46 63 82 864
internal_value=-0.00219208 -0.0140966 -1.94444e-05 -0.00608933 -0.000477273 -0.0101897 -0.000223576 -0.0221954 -0.0100755 -0.000361309 -0.000270193 0.00161302 -0.000919092 -0.000754607 -0.00284082 0.000156716 -0.00385551 0.000209632 -0.0067156 -0.00231429 0.000569472 0.00105363 -0.000101983 -0.00428162 -0.00202266 -0.00565432 0.00188889 -0.0113143 0.00568696 0.000938053
internal_weight=5097 782 4315 398 171 227 4262 384 48 4213 4192 1070 3122 3088 975 531 258 2113 213 135 2039 1897 1407 414 348 238 103 135 110 1012
internal_count=5097 782 4315 398 171 227 4262 384 48 4213 4192 1070 3122 3088 975 531 258 2113 213 135 2039 1897 1407 414 348 238 103 135 110 1012
is_linear=0
shrinkage=0.03


Tree=175
num_leaves=31
num_cat=0
split_feature=132 123 128 124 124 131 127 13 131 135 138 118 128 135 117 127 127 126 139 129 144 120 108 118 146 144 127 128 145 131
split_gain=144.079 57.9981 12.821 9.27644 7.87356 6.11066 6.15062 6.04438 5.80145 6.41486 5.45763 5.04874 6.63635 6.5409 7.15383 5.48002 5.42609 7.98044 5.39553 5.48401 8.03641 6.53493 4.85992 4.79871 4.71238 8.23202 10.8296 10.1232 7.86406 13.7872
threshold=0.41666666666666669 1.0000000180025095e-35 857.50000000000011 1.0000000180025095e-35 514.50000000000011 16.500000000000004 0.097800095648015326 1.0000000180025095e-35 1.5000000000000002 2.785714285714286 0.2678571428571429 578.00000000000011 686.00000000000011 392.71428571428578 307.50000000000006 -0.99514460131520011 0.12835643564356439 4.5000000000000009 -0.60785761079279388 419.00000000000006 10.500000000000002 303.00000000000006 1.0000000180025095e-35 29.500000000000004 15.500000000000002 4.5000000000000009 -0.18734605911330046 23.500000000000004 17.500000000000004 1.5000000000000002
decision_type=8 2 10 2 2 8 10 2 10 10 10 2 8 10 2 8 10 10 2 10 2 2 2 2 2 2 10 8 2 10
left_child=1 8 4 10 7 23 -7 11 -1 -10 -3 13 -13 14 15 -2 17 -16 -15 -20 -21 -22 24 -5 25 27 -27 -17 29 -26
right_child=2 3 -4 5 -6 6 -8 -9 9 -11 -12 12 -14 18 16 22 -18 -19 19 20 21 -23 -24 -25 28 26 -28 -29 -30 -31
leaf_value=-0.0040656580750601246 1.0040265442035003 -0.0038205193347020223 3.2004275997061016 0.00017536776549936128 0.48748334122141557 0.0070396679236167103 -0.096164758649802728 -0.017735665147876653 0.011076760676026283 -0.0070643634459579404 -0.0074541977304272032 1.5640893819227244 -0.055027514787554993 -0.26996325178684061 1.9106231556133031 0.0016940614406732689 -0.17375597998259137 -0.045752817706356835 -0.14968965320161665 0.47486437616700072 -0.27552483699602132 0.1387031460659682 0.062125360650679223 -0.0064831363909052227 -0.038268106214746536 0.018777803017524086 0.00026581154281502315 -0.0094751719536968135 -0.0011919153280873472 -0.0040620516273206847
leaf_weight=336 32 179 40 93 28 22 24 21 23 27 46 27 21 52 31 119 23 24 21 24 45 43 45 32 38 21 857 276 2391 136
leaf_count=336 32 179 40 93 28 22 24 21 23 27 46 27 21 52 31 119 23 24 21 24 45 43 45 32 38 21 857 276 2391 136
internal_value=-0.0022156 -0.0140203 -6.11111e-05 -0.00582045 -0.000229907 -0.000477273 -0.00929412 -0.000344309 -0.0222353 -0.0108 -0.00975652 -0.000253841 0.0089434 -0.000371504 -0.000111056 -0.000296939 0.00860241 0.0134 -0.00581053 -0.00234783 0.000461538 -0.00380645 -0.000407407 0.00295385 -0.000529274 0.000957746 0.00257531 -0.00261 -0.00127004 -0.00734078
internal_weight=5097 782 4315 396 4275 171 46 4247 386 50 225 4226 48 4178 3993 3915 78 55 185 133 112 88 3883 125 3838 1273 878 395 2565 174
internal_count=5097 782 4315 396 4275 171 46 4247 386 50 225 4226 48 4178 3993 3915 78 55 185 133 112 88 3883 125 3838 1273 878 395 2565 174
is_linear=0
shrinkage=0.03


Tree=176
num_leaves=31
num_cat=0
split_feature=132 123 128 124 125 124 137 132 118 144 126 13 131 136 108 127 125 139 131 127 122 34 126 126 126 128 132 123 119 144
split_gain=132.037 67.0577 12.3685 10.0077 13.4431 9.37367 7.30216 6.30649 11.2514 6.17773 14.4523 6.01051 5.80145 8.31405 4.7359 4.49822 6.65237 8.54212 6.554 7.86333 5.90047 10.9925 10.049 8.93485 10.9482 11.2223 9.52579 9.534 8.94068 8.5745
threshold=0.41666666666666669 1.0000000180025095e-35 930.50000000000011 1.0000000180025095e-35 11.500000000000002 514.50000000000011 4.5000000000000009 716.66666666666686 578.00000000000011 11.500000000000002 -1.4999999999999998 1.0000000180025095e-35 1.5000000000000002 4.4495335439635584 1.0000000180025095e-35 135.50000000000003 28.500000000000004 -0.60785761079279388 126.50000000000001 0.33568075117370894 11.500000000000002 1.0000000180025095e-35 15.500000000000002 4.5000000000000009 1.5000000000000002 1.0000000180025095e-35 35.833333333333336 29.500000000000004 1.0000000180025095e-35 10.500000000000002
decision_type=8 2 10 2 10 2 2 10 2 2 10 2 10 10 2 10 10 2 8 10 2 2 8 8 10 10 10 2 2 2
left_child=1 12 5 6 -5 7 -3 8 11 -8 -11 14 -1 -14 15 16 20 -18 -19 -20 21 23 -22 24 25 -2 27 -25 -26 -27
right_child=2 3 -4 4 -6 -7 9 -9 -10 10 -12 -13 13 -15 -16 -17 17 18 19 -21 22 -23 -24 26 28 29 -28 -29 -30 -31
leaf_value=-0.0039436883328083216 -0.010293580095552465 0.0016440723223210042 3.1044147717149175 0.00034615008695644913 -0.0062886422991780657 0.54857505891228187 -0.01349997285107098 -3.1357133327368021 1.4838795103540052 0.14796447402937232 -0.0063363612548807237 -0.017203595193440353 0.011477016584311658 -0.0068635284016748026 0.060261599831158745 0.46761440536728682 -0.48569134893938493 0.11933369415697416 0.01887100766811187 -0.5489484519399761 0.00086703752403465722 0.8643412721353021 0.15815364470786164 -0.008771947331608727 -0.0057279516124779661 0.00025200973704150197 -0.10675950945282039 0.19073128484736707 0.038725513215483488 -0.0026822871069032226
leaf_weight=336 155 40 34 133 38 30 28 24 35 29 128 21 24 26 45 23 38 58 20 32 611 31 141 181 47 656 241 107 72 1713
leaf_count=336 155 40 34 133 38 30 28 24 35 29 128 21 24 26 45 23 38 58 20 32 611 31 141 181 47 656 241 107 72 1713
internal_value=-0.00210976 -0.0134104 -4.72222e-05 -0.00462344 0.000818182 -0.000201587 -0.00871304 -0.000329887 -0.000232514 -0.0111789 -0.0082963 -0.00038456 -0.0222353 -0.0108 -0.000293103 -0.000405229 -0.000487829 -0.00662745 -0.00203478 -0.00936842 -0.000248485 -0.000811721 0.0021321 -0.000999056 -0.000280967 -0.000709371 -0.00453933 -0.000798635 0.00841935 -0.000187026
internal_weight=5097 782 4315 396 171 4281 225 4251 4227 185 157 4192 386 50 4171 4126 4103 148 110 52 3955 3203 752 3172 2643 2524 529 288 119 2369
internal_count=5097 782 4315 396 171 4281 225 4251 4227 185 157 4192 386 50 4171 4126 4103 148 110 52 3955 3203 752 3172 2643 2524 529 288 119 2369
is_linear=0
shrinkage=0.03


Tree=177
num_leaves=31
num_cat=0
split_feature=135 120 123 129 124 139 118 126 135 144 144 144 102 121 131 29 144 120 144 123 56 136 122 136 146 131 136 126 49 144
split_gain=107.578 73.6294 13.3192 12.2384 9.71346 9.44491 7.47131 7.11434 6.81918 16.4063 21.2759 17.637 11.4154 11.0753 6.58526 6.78248 5.79529 5.68856 6.1898 5.53129 5.21628 4.86433 4.70031 6.22325 4.58231 7.53272 10.7029 7.88466 7.88149 7.77413
threshold=0.58571428571428574 1.0000000180025095e-35 15.500000000000002 1105.0000000000002 514.50000000000011 -1.0000000180025095e-35 655.50000000000011 -24.499999999999996 4.3095238095238102 25.500000000000004 21.500000000000004 15.500000000000002 1.0000000180025095e-35 2.5000000000000004 408.50000000000006 1.0000000180025095e-35 23.500000000000004 1.0000000180025095e-35 11.500000000000002 24.500000000000004 1.0000000180025095e-35 3.1525806942445094 300.00000000000006 131.39249588004472 28.500000000000004 26.500000000000004 106.5613686829051 14.500000000000002 1.0000000180025095e-35 9.5000000000000018
decision_type=8 2 2 10 2 2 2 10 8 2 2 2 2 2 10 2 2 2 2 2 2 10 2 8 2 8 10 10 2 2
left_child=1 -1 -3 4 6 -4 8 -7 9 10 11 17 13 -11 20 16 -16 18 -2 -15 22 -13 24 -24 25 27 28 29 -27 -10
right_child=3 2 5 -5 -6 7 -8 -9 14 12 -12 21 -14 19 15 -17 -18 -19 -20 -21 -22 -23 23 -25 -26 26 -28 -29 -30 -31
leaf_value=-0.0038253776828240721 -0.00015750001213869601 0.00012946258839811292 0.0036601980115876305 3.0112823285634702 0.53211780714491219 -0.12498546420845331 2.2996734088936845 -0.020275035511595443 0.0014116493759076575 -0.013222043468672564 0.034086376365386271 -0.020119107371816804 0.018296337063745432 0.00086369693131610578 -0.34417364639680387 0.36455382181458329 -0.079060264002295072 0.0031180478917479104 0.10457256719255209 -0.10017499779111917 -0.018203344104775081 -0.0072916887063131696 1.1781671056052174 -0.60045933652834316 -0.0046202816054873187 -0.0030501950149373156 1.2536780936218321 -0.073103315543774694 0.3739081549041019 0.0042964183368706943
leaf_weight=346 116 218 52 22 30 23 32 68 75 96 58 49 20 68 67 34 101 43 25 26 22 20 21 20 1344 1393 39 48 27 594
leaf_count=346 116 218 52 22 30 23 32 68 75 96 58 49 20 68 67 34 101 43 25 26 22 20 21 20 1344 1393 39 48 27 594
internal_value=-0.00210976 -0.012927 -0.00334426 -0.000353584 -0.000478847 -0.0102973 -0.000606493 -0.015875 -0.000722338 -0.00392395 0.000455696 -0.00334884 -0.0102977 -0.0125846 -0.000275462 -0.00547826 -0.0079422 0.00155556 -0.00139726 -0.00478788 2.34114e-05 -0.0157297 0.000124509 0.00965217 0 0.000850069 -0.000385246 0.00335734 -0.000837895 0.00421958
internal_weight=5097 707 361 4390 4368 143 4338 91 4306 521 311 253 210 190 3785 202 168 184 141 94 3583 69 3561 41 3520 2176 1459 717 1420 669
internal_count=5097 707 361 4390 4368 143 4338 91 4306 521 311 253 210 190 3785 202 168 184 141 94 3583 69 3561 41 3520 2176 1459 717 1420 669
is_linear=0
shrinkage=0.03


Tree=178
num_leaves=31
num_cat=0
split_feature=132 123 129 124 125 124 137 13 144 126 108 127 125 129 146 145 130 135 133 120 135 118 132 136 118 130 132 132 132 136
split_gain=131.619 65.891 11.9849 10.5604 13.4431 9.45822 7.63461 5.99734 5.79701 12.1685 4.75189 4.61915 5.41588 4.74636 4.32602 13.5132 8.27258 9.6153 8.29752 6.96665 6.52428 9.36143 6.54419 6.02102 9.48702 7.22006 11.691 10.0751 7.70112 7.13298
threshold=0.41666666666666669 1.0000000180025095e-35 1105.0000000000002 1.0000000180025095e-35 11.500000000000002 514.50000000000011 4.5000000000000009 1.0000000180025095e-35 11.500000000000002 -1.4999999999999998 1.0000000180025095e-35 -0.99514460131520011 -131.49999999999997 312.50000000000006 15.500000000000002 17.500000000000004 1.5000000000000002 363.14285714285717 3.756446776551098 275.83333333333337 110.07142857142858 45.500000000000007 18.166666666666668 3.2324819770558366 28.500000000000004 24.500000000000004 59.500000000000007 10.16666666666667 8.5000000000000018 11.309197666353869
decision_type=8 2 10 2 10 2 2 2 2 10 2 8 8 10 2 2 10 10 10 2 10 2 10 10 2 8 10 10 10 10
left_child=1 -1 5 6 -5 7 -3 10 -8 -10 11 13 -13 -2 19 16 -16 18 -18 23 21 22 -20 -14 25 27 29 28 -25 -27
right_child=2 3 -4 4 -6 -7 8 -9 9 -11 -12 12 14 -15 15 -17 17 -19 20 -21 -22 -23 -24 24 -26 26 -28 -29 -30 -31
leaf_value=-0.0037106163523393499 1.5270380591552055 0.0018969337464993339 2.9209438587065639 0.00033188170669581229 -0.0054917319648548606 0.51615427293056482 -0.012486722600190988 -0.016083914116482637 0.14352165593083924 -0.0058786355411219035 0.058592360284388287 -0.12236416746163413 -0.00012070562104864456 -0.048089294296530624 -0.03302365673781768 -0.00075244040337686387 -0.018728435429130844 -4.4889699508538321 0.017119772961918567 1.4770629612439756 0.034917652701241801 -0.13509348959720849 -0.0096086084766172294 0.00049829886334315174 -0.016550156073434845 0.0015136326944711342 0.14940228808027278 0.050271960039638262 -0.017648621355169918 -0.027594208705172887
leaf_weight=386 27 40 22 133 38 30 28 21 29 128 45 48 755 29 30 2552 27 22 27 31 26 27 32 59 76 80 204 65 20 60
leaf_count=386 27 40 22 133 38 30 28 21 29 128 45 48 755 29 30 2552 27 22 27 31 26 27 32 59 76 80 204 65 20 60
internal_value=-0.00220384 -0.0134867 -0.000144444 -0.00477307 0.000818182 -0.000270824 -0.00897391 -0.00039925 -0.0114947 -0.00866667 -0.000309395 -0.0004198 -0.000541245 0.00777049 -0.000415813 -0.00110044 -0.00869388 -0.00556627 -0.00225 0.000969742 0.00148718 -0.00257143 0.004125 0.000607251 0.002942 0.00449087 0.00204585 0.0100268 0.00242857 -0.00451034
internal_weight=5097 782 4315 396 171 4293 225 4263 185 157 4242 4197 4141 56 4093 2743 191 161 139 1350 112 86 59 1319 564 488 344 144 79 140
internal_count=5097 782 4315 396 171 4293 225 4263 185 157 4242 4197 4141 56 4093 2743 191 161 139 1350 112 86 59 1319 564 488 344 144 79 140
is_linear=0
shrinkage=0.03


Tree=179
num_leaves=31
num_cat=0
split_feature=132 123 128 124 124 125 138 132 129 13 131 136 131 122 29 145 129 118 135 138 117 126 117 124 124 131 69 136 136 145
split_gain=123.533 70.6165 12.6788 9.63175 8.43857 13.4431 6.49585 6.11294 7.64137 5.8528 5.80145 8.31405 4.82118 10.316 4.8367 7.22317 6.2176 4.62206 5.59307 4.41654 9.27861 8.80737 8.40623 13.0941 12.3387 8.7296 7.69141 7.20936 8.80996 7.05765
threshold=0.41666666666666669 1.0000000180025095e-35 930.50000000000011 514.50000000000011 1.0000000180025095e-35 11.500000000000002 0.2678571428571429 716.66666666666686 662.00000000000011 1.0000000180025095e-35 1.5000000000000002 4.4495335439635584 408.50000000000006 300.00000000000006 1.0000000180025095e-35 27.500000000000004 496.00000000000006 486.50000000000006 446.85714285714295 0.77500000000000013 48.500000000000007 27.500000000000004 69.500000000000014 1.5000000000000002 126.50000000000001 4.5000000000000009 1.0000000180025095e-35 7.5363065578610042 7.2311206806561241 17.500000000000004
decision_type=8 2 10 2 2 10 10 10 10 2 10 10 10 2 2 2 10 2 10 8 2 10 2 2 2 10 2 10 10 2
left_child=1 10 3 7 6 -6 -3 8 9 12 -1 -12 13 19 15 16 -14 18 -17 20 21 27 25 -24 -25 -22 -21 28 -2 -29
right_child=2 4 -4 -5 5 -7 -8 -9 -10 -11 11 -13 14 -15 -16 17 -18 -19 -20 26 22 -23 23 24 -26 -27 -28 29 -30 -31
leaf_value=-0.0035992978617691695 0.00026096180110689093 -0.0033433377284328263 2.8333155429453676 0.50066964474264919 0.0003219252554949379 -0.0053269800059092143 -0.0068657893877633273 -3.0236055794467456 1.4112821073475754 -0.015601396692988158 0.010221433286390901 -0.0064449465890804476 -0.20589165145632038 1.1258149359622383 0.35363978037224625 0.023985525400849497 -0.13676483128092115 0.17927348482265301 -0.14808775765986637 -0.00070016237779643828 0.03002565423180252 -0.091220405777851427 -0.24821260676938456 0.25274567708150358 -0.1546540481482947 -0.060235000679853955 0.5638282919872627 -0.056264801233546401 -0.073988085062323503 0.038960116289914734
leaf_weight=336 316 179 34 30 133 38 46 24 35 21 24 26 40 39 30 22 32 27 25 2762 20 21 52 76 40 39 34 46 24 526
leaf_count=336 316 179 34 30 133 38 46 24 35 21 24 26 40 39 30 22 32 27 25 2762 20 21 52 76 40 39 34 46 24 526
internal_value=-0.00225088 -0.0131817 -0.000255556 -0.000411573 -0.00417456 0.000818182 -0.00793043 -0.000541353 -0.00044518 -0.000570407 -0.0222353 -0.0108 -0.000479885 -0.000261 -0.00527072 -0.00750993 -0.0139481 -0.000683544 -0.00623077 -0.000422621 0.0011279 0.00245629 -0.00424138 -0.00065896 0.00490909 -0.0135 -0.0010689 0.00293784 -0.000504348 0.00498094
internal_weight=5097 782 4315 4281 396 171 225 4251 4227 4192 386 50 4171 3995 176 146 72 74 47 3956 1160 933 227 168 116 59 2796 912 340 572
internal_count=5097 782 4315 4281 396 171 225 4251 4227 4192 386 50 4171 3995 176 146 72 74 47 3956 1160 933 227 168 116 59 2796 912 340 572
is_linear=0
shrinkage=0.03


Tree=180
num_leaves=31
num_cat=0
split_feature=132 120 117 123 129 144 132 144 127 125 144 117 124 128 124 13 139 127 123 132 146 131 144 128 123 131 119 143 130 102
split_gain=125.659 69.4771 16.8335 10.6144 8.47378 11.1201 8.71008 7.98492 6.92812 8.21852 6.4327 7.48595 5.99142 7.37414 10.0536 5.43259 5.28892 9.69215 11.9164 10.7923 12.3149 9.6582 7.80263 8.34341 12.3486 7.52072 8.96823 10.8369 7.82665 7.07006
threshold=0.41666666666666669 0.50000000000000011 620.00000000000011 19.500000000000004 662.00000000000011 10.500000000000002 716.66666666666686 15.500000000000002 135.50000000000003 78.500000000000014 21.500000000000004 3.5000000000000004 29.500000000000004 421.00000000000006 258.00000000000006 1.0000000180025095e-35 -0.60785761079279388 -0.075614636935391638 39.500000000000007 3.5000000000000004 18.500000000000004 331.50000000000006 40.500000000000007 96.500000000000014 162.50000000000003 40.500000000000007 1.0000000180025095e-35 40.500000000000007 17.500000000000004 1.0000000180025095e-35
decision_type=8 2 2 2 10 2 10 2 10 10 2 2 2 10 2 2 2 10 2 10 2 10 2 10 2 8 2 2 10 2
left_child=1 -1 4 7 8 -6 -7 -3 9 12 -9 -12 15 14 -14 16 17 22 19 20 -19 25 23 -2 -25 26 -21 -28 -27 -18
right_child=2 3 -4 -5 5 6 -8 10 -10 -11 11 -13 13 -15 -16 -17 29 18 -20 21 -22 -23 -24 24 -26 28 27 -29 -30 -31
leaf_value=-0.0034913189259160944 0.024960179342734336 0.0001222438723862164 2.0618107514262305 -0.015639908385258718 2.824607824107852 0.76431595120156426 -2.6985906272879441 -0.0071818024555570696 0.45376815973786788 -0.44628608358134397 -0.0049373789257098856 0.056187444254899119 0.023345645552610959 -0.1291514376608569 1.3257079358181401 -0.015133354792198512 -0.0011365336336463727 2.669329779183889e-05 -0.21762386152815497 -0.034755461947681546 -0.014786045950668486 -0.41989253346421834 0.22452882142837949 -0.22266731537153125 0.68043415046195121 0.020087445068919005 0.043165213353558524 -0.018643693914071873 0.0051404980186731206 0.030261061719223031
leaf_weight=423 202 85 33 142 23 27 27 40 21 38 62 30 517 36 30 21 2517 51 32 96 51 40 30 46 31 34 47 77 268 20
leaf_count=423 202 85 33 142 23 27 27 40 21 38 62 30 517 36 30 21 2517 51 32 96 51 40 30 46 31 34 47 77 268 20
internal_value=-0.00230968 -0.0133342 -0.000297222 -0.00352747 -0.000474458 0.00907317 0.000915254 0.000648649 -0.000661283 -0.000757699 -0.00389781 0.000556701 -0.000620092 0.00218367 0.00308696 -0.00108296 -0.000979419 0.000855446 -0.00110414 -0.000170404 -0.00891589 0.0014709 0.00523567 0.00346479 -0.00468293 0.00260721 -0.00157333 0.00367442 0.00564821 -0.00170889
internal_weight=5097 782 4315 359 4282 77 54 217 4205 4184 132 92 4146 583 547 3563 3542 1005 696 664 102 562 309 279 77 522 220 124 302 2537
internal_count=5097 782 4315 359 4282 77 54 217 4205 4184 132 92 4146 583 547 3563 3542 1005 696 664 102 562 309 279 77 522 220 124 302 2537
is_linear=0
shrinkage=0.03


Tree=181
num_leaves=31
num_cat=0
split_feature=132 123 132 124 125 124 138 13 136 120 119 124 128 124 135 120 128 123 136 132 136 132 126 128 124 73 137 135 135 124
split_gain=121.942 70.6165 13.8096 8.43857 13.4431 8.1975 6.49585 5.79242 5.16662 7.48469 8.66969 5.00152 6.63331 5.49078 5.55032 10.9703 8.72607 12.3045 9.49049 7.40978 6.97773 6.88876 7.98667 6.50414 6.96881 7.60437 6.51762 6.23599 8.99956 8.6077
threshold=0.41666666666666669 1.0000000180025095e-35 754.66666666666686 1.0000000180025095e-35 11.500000000000002 514.50000000000011 0.2678571428571429 1.0000000180025095e-35 330.28838155088494 354.50000000000006 353.00000000000006 -127.49999999999999 279.50000000000006 -123.49999999999999 87.357142857142875 92.500000000000014 74.500000000000014 4.5000000000000009 47.536236705202867 66.166666666666671 44.848224706490406 85.500000000000014 -1.4999999999999998 123.50000000000001 123.50000000000001 1.0000000180025095e-35 5.5000000000000009 9.071428571428573 10.071428571428573 9.5000000000000018
decision_type=8 2 10 2 10 2 10 2 10 2 2 2 8 2 10 2 10 2 10 10 10 10 8 10 2 2 2 10 10 2
left_child=1 -1 5 6 -5 7 -3 8 9 10 11 12 -2 -13 15 16 18 -18 27 -17 21 22 -19 24 25 -16 -25 -15 -29 -30
right_child=2 3 -4 4 -6 -7 -8 -9 -10 -11 -12 13 -14 14 23 19 17 20 -20 -21 -22 -23 -24 26 -26 -27 -28 28 29 -31
leaf_value=-0.0033865793581386115 0.09454543702920877 -0.0031382980288023584 2.6635778419337655 0.00034830328152495868 -0.0046979733541741764 0.37219965380540143 -0.0065116943383591308 -0.014679354148432557 -0.21157409248272868 0.18649205628190202 -0.19602466516024547 -0.15056523595922469 -0.9103038791795518 -0.00042693746346881276 -0.11071869404147634 0.71755956519894126 0.79510983062355278 -0.19259332289651937 -0.15231051645888299 -0.051394571591188196 0.21331009405652779 -0.050616190644614673 0.072015809165612801 -0.0855769603040136 0.28744558483570898 0.069906052161705076 0.0018978028556033166 0.013318933999511184 -0.0011024376246370337 0.028291382325961789
leaf_weight=386 187 179 46 133 38 28 46 21 20 107 54 26 34 940 263 63 45 25 29 27 65 31 52 62 20 37 608 76 1130 319
leaf_count=386 187 179 46 133 38 28 46 21 20 107 54 26 34 940 263 63 45 25 29 27 65 31 52 62 20 37 608 76 1130 319
internal_value=-0.00232144 -0.0131817 -0.000338889 -0.00417456 0.000818182 -0.000525035 -0.00793043 -0.000641545 -0.000552426 -0.000469441 -0.000679356 -0.000510386 0.00382301 -0.00076746 -0.000662102 1.92376e-05 -0.000329039 0.00535426 -0.000837935 0.0100421 0.00148315 -0.00313274 0.0017561 -0.00258693 -0.00607385 -0.00725902 -0.00088 -0.000617004 0.000564706 1.65062e-05
internal_weight=5097 782 4315 396 171 4269 225 4241 4220 4200 4093 4039 221 3818 3792 2802 2712 218 2494 90 173 108 77 990 320 300 670 2465 1525 1449
internal_count=5097 782 4315 396 171 4269 225 4241 4220 4200 4093 4039 221 3818 3792 2802 2712 218 2494 90 173 108 77 990 320 300 670 2465 1525 1449
is_linear=0
shrinkage=0.03


Tree=182
num_leaves=31
num_cat=0
split_feature=132 123 128 124 124 127 118 138 131 136 131 118 135 122 129 124 136 126 131 3 124 143 127 146 144 66 124 118 135 132
split_gain=124.867 70.6165 12.575 9.5454 8.43857 7.24792 6.51672 6.49585 5.80145 8.31405 5.75383 6.55834 4.84139 8.16325 7.73044 6.65125 5.48995 5.01474 4.71297 4.59268 4.16132 9.87172 7.49831 6.55608 5.86631 4.1087 4.08369 7.75543 4.9313 11.1938
threshold=0.41666666666666669 1.0000000180025095e-35 930.50000000000011 514.50000000000011 1.0000000180025095e-35 5.0714285714285721 29.500000000000004 0.2678571428571429 1.5000000000000002 4.4495335439635584 751.50000000000011 578.00000000000011 424.78571428571433 300.00000000000006 496.00000000000006 -1.0000000180025095e-35 32.417861084490632 1.0000000180025095e-35 573.00000000000011 1.0000000180025095e-35 -19.499999999999996 38.500000000000007 -0.050862068965517239 21.500000000000004 11.500000000000002 1.0000000180025095e-35 193.50000000000003 224.00000000000003 62.214285714285722 59.500000000000007
decision_type=8 2 10 2 2 10 2 10 10 10 10 2 10 2 10 2 10 8 8 2 2 2 10 2 2 2 2 2 8 8
left_child=1 8 3 10 7 6 -6 20 -1 -10 11 12 13 19 -14 18 -17 -15 -16 25 24 -22 -23 -24 -3 26 28 -28 29 -2
right_child=2 4 -4 -5 5 -7 -8 -9 9 -11 -12 -13 14 17 15 16 -18 -19 -20 -21 21 22 23 -25 -26 -27 27 -29 -30 -31
leaf_value=-0.0032849819773944529 -6.1165928264494962e-05 -0.015076562192836885 2.5836705066757508 0.4696143149550539 0.0017542473750715604 -0.22414661520890916 -0.0045570341535489511 -0.0063163435082083568 0.010121127236320816 -0.006045261242886393 -0.18532868293265095 1.3081547970421632 -0.67924643059410861 1.2238845539659191 -0.58118667766780896 -0.13893907504585912 0.90058998307360072 0.018442355097595283 0.048580130374838291 -0.015880829099711179 0.0034273541790461257 0.032746332942751158 -0.0030441490879382876 -0.0021842122190455985 0.17458733024942988 0.13334229585166535 0.74567269954384252 -0.42529347571814224 -0.0083457528883335366 0.079842857833697253
leaf_weight=336 2258 43 34 30 111 20 40 46 24 26 26 36 23 20 24 44 21 21 22 39 26 21 33 31 25 46 42 24 1476 129
leaf_count=336 2258 43 34 30 111 20 40 46 24 26 26 36 23 20 24 44 21 21 22 39 26 21 33 31 25 46 42 24 1476 129
internal_value=-0.00219208 -0.0131817 -0.000186111 -0.000341577 -0.00417456 0.000818182 0.00323077 -0.00793043 -0.0222353 -0.0108 -0.000470865 -0.000374468 -0.000492132 -0.000301478 -0.006 -0.00227586 0.00377143 0.0122609 -0.0104706 -0.00044638 -0.00502174 -0.00124138 -0.00626667 -0.0112174 -0.0106027 -0.000337688 -0.000448399 0.00667606 -0.000580145 0.00026087
internal_weight=5097 782 4315 4281 396 171 151 225 386 50 4251 4225 4189 4055 134 111 65 41 46 4014 179 111 85 64 68 3975 3929 66 3863 2387
internal_count=5097 782 4315 4281 396 171 151 225 386 50 4251 4225 4189 4055 134 111 65 41 46 4014 179 111 85 64 68 3975 3929 66 3863 2387
is_linear=0
shrinkage=0.03


Tree=183
num_leaves=31
num_cat=0
split_feature=132 123 128 124 125 138 123 131 133 131 136 133 123 125 125 131 94 118 120 123 125 129 119 102 145 136 144 127 135 124
split_gain=124.867 70.6165 12.575 8.43857 13.4431 6.49585 6.09925 8.03912 5.9127 5.80145 8.31405 5.3129 6.49917 4.86568 7.15278 4.21986 10.9156 9.3107 15.7526 13.9161 14.1697 14.7239 9.62109 9.31556 6.64405 7.67814 8.65292 6.35513 5.97603 6.72445
threshold=0.41666666666666669 1.0000000180025095e-35 930.50000000000011 1.0000000180025095e-35 11.500000000000002 0.2678571428571429 532.00000000000011 674.00000000000011 243.00903046777685 1.5000000000000002 4.4495335439635584 30.617705466486889 595.50000000000011 142.00000000000003 78.500000000000014 5.5000000000000009 1.0000000180025095e-35 13.500000000000002 16.166666666666668 5.5000000000000009 -13.499999999999998 29.500000000000004 102.50000000000001 1.0000000180025095e-35 14.500000000000002 3.7634074851769754 11.500000000000002 0.11280746395250213 2.4642857142857149 9.5000000000000018
decision_type=8 2 10 2 10 10 2 10 10 10 10 10 2 10 10 8 2 2 2 2 10 10 2 2 2 10 2 10 8 2
left_child=1 9 6 5 -5 -3 7 8 13 -1 -11 12 -8 14 15 16 17 18 23 -19 21 -21 -23 24 25 26 -2 -22 -17 -30
right_child=2 3 -4 4 -6 -7 11 -9 -10 10 -12 -13 -14 -15 -16 28 -18 19 -20 20 27 22 -24 -25 -26 -27 -28 -29 29 -31
leaf_value=-0.0031864325180726194 -0.00026552419737836842 -0.0029528246153001387 2.5061603914754755 0.000434862107819223 -0.0044203231289424829 -0.0061268532029621053 0.10665460853476531 -0.51328644672404611 1.2939757928901803 0.0098174934192311897 -0.0058639034055998004 -0.16432013636335455 2.4035578638049504 0.4403485534467137 -0.43270406257292121 0.00026463652219997912 0.028009435289901814 0.22646888535056758 -0.28485001099552665 0.22989278825107184 -0.047273009288914328 -0.097089179863530037 0.19149861955742181 0.018310458068893518 -0.008063854247369653 0.0060515262214482085 0.014585505311889423 0.053219811348323556 -0.0013557308624419838 0.018723540976154709
leaf_weight=336 74 179 34 133 38 46 36 32 20 24 26 22 24 21 36 67 21 25 35 44 134 58 64 25 434 20 35 32 2270 752
leaf_count=336 74 179 34 133 38 46 36 32 20 24 26 22 24 21 36 67 21 25 35 44 134 58 64 25 434 20 35 32 2270 752
internal_value=-0.00219208 -0.0131817 -0.000186111 -0.00417456 0.000818182 -0.00793043 -0.000341577 -0.000505233 -0.000379674 -0.0222353 -0.0108 0.00751724 0.0119077 -0.000468208 -0.000550472 -0.000423443 -0.00211133 -0.0026132 -0.00481529 0.00122652 -0.00051632 0.00557895 0 -0.0035312 -0.00437324 0.00152239 -0.00178947 -0.00663158 0.000124111 -7.73043e-05
internal_weight=5097 782 4315 396 171 225 4281 4199 4167 386 50 82 60 4147 4126 4090 1001 980 623 357 332 166 122 588 563 129 109 166 3089 3022
internal_count=5097 782 4315 396 171 225 4281 4199 4167 386 50 82 60 4147 4126 4090 1001 980 623 357 332 166 122 588 563 129 109 166 3089 3022
is_linear=0
shrinkage=0.03


Tree=184
num_leaves=31
num_cat=0
split_feature=132 123 128 124 125 138 13 131 136 123 131 133 101 125 125 133 123 146 133 123 128 119 146 120 125 136 138 146 117 125
split_gain=125.135 70.6165 12.5543 8.43857 13.4431 6.49585 6.05838 5.80145 8.31405 4.9303 8.18004 5.81394 4.97497 4.8606 4.98778 4.74307 5.15635 4.35649 6.03171 6.21828 5.40925 6.05369 5.19068 15.6797 13.2041 11.5885 7.16974 8.22043 9.05882 11.4264
threshold=0.41666666666666669 1.0000000180025095e-35 930.50000000000011 1.0000000180025095e-35 11.500000000000002 0.2678571428571429 1.0000000180025095e-35 1.5000000000000002 4.4495335439635584 532.00000000000011 674.00000000000011 243.00903046777685 1.0000000180025095e-35 142.00000000000003 89.000000000000014 30.617705466486889 595.50000000000011 43.500000000000007 8.7685485557772349 11.500000000000002 82.500000000000014 35.500000000000007 38.500000000000007 28.166666666666668 1.0000000180025095e-35 5.364247230755212 0.73214285714285732 16.500000000000004 2.5000000000000004 -57.499999999999993
decision_type=8 2 10 2 10 10 2 10 10 2 10 10 2 10 10 10 2 2 10 2 10 2 2 2 10 10 8 2 2 10
left_child=1 7 6 5 -5 -3 9 -1 -9 10 11 12 13 14 17 16 -11 22 19 -19 21 -20 26 25 -25 -24 -2 -28 29 -29
right_child=2 3 -4 4 -6 -7 -8 8 -10 15 -12 -13 -14 -15 -16 -17 -18 18 20 -21 -22 -23 23 24 -26 -27 27 28 -30 -31
leaf_value=-0.0030908395425304409 0.0012137153988148607 -0.0028642398768411346 2.4309755797312094 0.00042181624458464631 -0.0042877134350742087 -0.0059430476068732417 -0.013995222918710554 0.0095229686166542534 -0.0056879863034318065 0.10345497027872226 -0.49788785332232577 1.2551565191034761 0.020010423597990438 0.42713809684331239 -0.43388209544497158 -0.15939053227245381 2.3314511278908014 0.0009443297611195999 0.010337321951391722 0.33656240198990595 0.15013477146967319 -0.21889365329053323 0.00012786122169471169 0.060773180422494306 -0.084509200031239323 -0.08291101767339347 0.00017684389512612807 0.029339632306141325 -0.00072748311206381365 -0.023360988263362397
leaf_weight=336 1021 179 34 133 38 46 21 24 26 36 32 20 43 21 30 22 24 43 22 49 43 20 53 143 109 132 1296 82 588 431
leaf_count=336 1021 179 34 133 38 46 21 24 26 36 32 20 43 21 30 22 24 43 22 49 43 20 53 143 109 132 1296 82 588 431
internal_value=-0.00218032 -0.0131817 -0.000172222 -0.00417456 0.000818182 -0.00793043 -0.000327578 -0.0222353 -0.0108 -0.000237749 -0.000385847 -0.000258733 -0.000347131 -0.000460861 -0.000544382 0.00682759 0.0109846 -0.000444389 0.00408791 0.00921649 -0.0016 -0.00880851 -0.000659067 -0.00371946 0.00114397 -0.0102316 -0.000261174 -0.00115903 -0.00305967 -0.00595367
internal_weight=5097 782 4315 396 171 225 4281 386 50 4260 4178 4146 4126 4083 4062 82 60 4032 177 92 85 42 3855 437 252 185 3418 2397 1101 513
internal_count=5097 782 4315 396 171 225 4281 386 50 4260 4178 4146 4126 4083 4062 82 60 4032 177 92 85 42 3855 437 252 185 3418 2397 1101 513
is_linear=0
shrinkage=0.03


Tree=185
num_leaves=31
num_cat=0
split_feature=132 123 128 123 145 117 13 123 128 144 140 117 126 136 131 136 135 128 123 121 123 120 125 144 127 135 118 144 144 117
split_gain=125.939 70.6165 8.35826 8.01334 8.41482 12.2038 6.11838 5.83119 7.15459 17.6323 16.8196 12.6771 10.0525 5.9594 5.80145 8.31405 5.472 9.44093 11.7911 8.15503 11.9764 8.78493 8.06105 8.41781 9.58585 8.02397 7.50005 7.4101 8.29199 6.99597
threshold=0.41666666666666669 1.0000000180025095e-35 930.50000000000011 19.500000000000004 12.500000000000002 1.0000000180025095e-35 1.0000000180025095e-35 532.00000000000011 418.00000000000006 10.500000000000002 -0.56174490092936669 263.50000000000006 1.5000000000000002 62.978701691730528 1.5000000000000002 4.4495335439635584 87.357142857142875 74.500000000000014 4.5000000000000009 68.500000000000014 14.500000000000002 32.166666666666679 -194.49999999999997 36.500000000000007 0.004464108172598927 182.28571428571431 206.50000000000003 28.500000000000004 17.500000000000004 2.5000000000000004
decision_type=8 2 10 2 2 2 2 2 10 2 2 2 10 8 10 10 8 10 2 2 2 2 10 2 10 10 2 2 2 2
left_child=1 14 6 4 -3 -6 7 8 11 -10 -11 16 13 -13 -1 -16 17 29 -19 20 -18 -21 26 25 -25 -24 -23 28 -20 -2
right_child=2 3 -4 -5 5 -7 -8 -9 9 10 -12 12 -14 -15 15 -17 19 18 27 21 -22 22 23 24 -26 -27 -28 -29 -30 -31
leaf_value=-0.0029981143562545277 -0.00049378101909372421 0.00028441680647155507 2.3580463123392721 -0.014449753392287538 -0.0029182240038322245 0.0010808287445572074 -0.013575366231149237 0.35805322732167438 1.1797873151684557 0.047303956835626763 -0.41544651225107032 0.12072312445260365 -0.01598729846618312 1.4946619616688093 0.009237279558154626 -0.0055173467143288524 -0.0080600136926640541 0.74934092584082967 -0.0066519177605182016 0.32196066412749108 -0.22358351217332892 -0.038778371008727955 -0.015147141842974035 0.19074841527661476 -0.095883816662338861 -0.27625010276305317 1.5342720329670654 -0.032841203670176213 0.22214590476026891 0.0014565541598082275
leaf_weight=336 1600 67 34 142 85 102 21 82 42 46 94 41 58 41 24 26 287 46 41 26 81 32 366 146 50 118 21 98 78 866
leaf_count=336 1600 67 34 142 85 102 21 82 42 46 94 41 58 41 24 26 287 46 41 26 81 32 366 146 50 118 21 98 78 866
internal_value=-0.00214504 -0.0131817 -0.000130556 -0.00417456 -0.000903475 -0.0041875 -0.000257583 -0.000167409 -0.000328472 -0.00606417 -0.011131 -5.84854e-05 0.00864828 0.0151034 -0.0222353 -0.0108 -0.000386946 0.000337966 0.00568657 -0.00214134 -0.0057748 -0.00034555 -0.00100813 -0.00191825 0.00325373 -0.00403681 0.00972414 0.00254054 0.00745161 -0.000240389
internal_weight=5097 782 4315 396 254 187 4281 4260 4178 182 140 3996 140 82 386 50 3856 2729 263 1127 368 759 733 680 196 484 53 217 119 2466
internal_count=5097 782 4315 396 254 187 4281 4260 4178 182 140 3996 140 82 386 50 3856 2729 263 1127 368 759 733 680 196 484 53 217 119 2466
is_linear=0
shrinkage=0.03


Tree=186
num_leaves=31
num_cat=0
split_feature=132 120 123 128 144 144 117 13 127 125 139 117 128 126 126 133 135 126 144 117 131 118 118 144 123 144 118 127 128 126
split_gain=127.956 70.7906 11.1782 8.32441 7.3899 7.03868 6.72571 6.14245 5.26945 8.58413 6.69396 6.59187 16.2031 14.5107 9.71248 6.83106 5.32286 5.23968 6.80015 9.7312 4.49639 6.58775 7.27597 6.37291 9.838 7.33321 5.78482 5.508 5.38389 5.12274
threshold=0.41666666666666669 0.50000000000000011 19.500000000000004 930.50000000000011 15.500000000000002 21.500000000000004 3.5000000000000004 1.0000000180025095e-35 50.500000000000007 28.500000000000004 -0.60785761079279388 209.50000000000003 418.00000000000006 2.5000000000000004 -17.499999999999996 44.934508763029818 572.64285714285722 -15.499999999999998 10.500000000000002 40.500000000000007 186.50000000000003 201.50000000000003 185.50000000000003 36.500000000000007 163.50000000000003 10.500000000000002 142.50000000000003 -0.049578235852745643 380.00000000000006 3.5000000000000004
decision_type=8 2 2 10 2 2 2 2 10 10 2 2 10 10 10 10 10 10 2 2 10 2 2 2 2 2 2 10 10 8
left_child=1 -1 4 7 -3 -6 -7 8 9 11 -11 20 13 -13 -14 -15 -16 -4 -19 -20 21 22 26 25 -25 28 29 -27 -22 -2
right_child=3 2 17 -5 5 6 -8 -9 -10 10 -12 12 14 15 16 -17 -18 18 19 -21 23 -23 -24 24 -26 27 -28 -29 -30 -31
leaf_value=-0.0029081709255668921 0.00010238720455589378 0.0002758843022774084 0.49638004563661509 2.2873049229690969 -0.0065188163135089317 -0.004607425544603071 0.054592101250880272 -0.013168105244214759 0.32743125052882815 -0.49065077964103065 -0.013964197248994665 0.72789578445842529 -2.3126830624484209 0.20784935170813185 -0.080394298841184764 -0.56774612749969544 0.12451730935297063 -0.01038817319559247 -0.091051824882035143 0.7785164942254108 -0.022443108294116314 0.60478182687894733 -0.38277408576831673 -0.079090080514863242 0.91479762604665182 0.0032129137547730123 0.13014194588399136 -0.31305671476435948 0.21686899133352569 -0.0075082330820082765
leaf_weight=423 2656 85 21 34 40 62 30 21 51 40 91 108 20 37 31 35 51 52 48 21 31 56 33 30 42 43 89 146 20 650
leaf_count=423 2656 85 21 34 40 62 30 21 51 40 91 108 20 37 31 35 51 52 48 21 31 56 33 30 42 43 89 146 20 650
internal_value=-0.00213328 -0.0132579 -0.00336264 -0.000102778 0.000918919 -0.00345985 0.00117526 -0.000229585 -0.000139273 -0.000261984 -0.00767647 -1.32256e-05 0.00436934 0.0096973 -0.00499065 -0.000701299 0 -0.0097551 -0.0120952 -0.00518919 -0.000345699 -3.26741e-05 -0.000207981 -0.00376656 0.00381818 -0.00609796 -6e-05 -0.00878351 0.00364286 -0.000270009
internal_weight=5097 782 359 4315 217 132 92 4281 4260 4209 131 4078 282 180 102 72 82 142 121 69 3796 3484 3428 312 72 240 3395 189 51 3306
internal_count=5097 782 359 4315 217 132 92 4281 4260 4209 131 4078 282 180 102 72 82 142 121 69 3796 3484 3428 312 72 240 3395 189 51 3306
is_linear=0
shrinkage=0.03


Tree=187
num_leaves=31
num_cat=0
split_feature=132 123 117 126 118 145 131 136 128 128 129 117 132 132 120 118 131 131 131 143 121 140 136 126 130 84 95 131 123 132
split_gain=136.171 62.4496 9.5704 5.82641 5.86819 6.36873 5.80145 8.31405 4.47991 4.90088 4.84008 4.1515 8.77543 7.39231 6.55691 8.01634 5.24739 9.42892 5.06333 5.10625 10.0541 10.2131 7.08603 5.54545 9.08279 5.61837 5.79686 5.40612 19.3882 8.12216
threshold=0.41666666666666669 1.0000000180025095e-35 620.00000000000011 -1.0000000180025095e-35 62.500000000000007 15.500000000000002 1.5000000000000002 4.4495335439635584 930.50000000000011 729.50000000000011 662.00000000000011 225.50000000000003 149.83333333333334 114.16666666666667 188.33333333333334 236.50000000000003 279.50000000000006 243.50000000000003 421.00000000000006 40.500000000000007 2.5000000000000004 1.0000000180025095e-35 0.91466400133890147 -29.499999999999996 210.00000000000003 1.0000000180025095e-35 1.0000000180025095e-35 6.5000000000000009 44.500000000000007 8.5000000000000018
decision_type=8 2 2 8 2 2 10 10 10 10 10 2 10 8 2 2 8 10 10 2 2 2 10 8 8 2 2 8 2 10
left_child=1 6 8 4 5 -3 -1 -8 9 10 11 14 13 -13 18 -16 17 -14 19 23 21 22 -21 24 -2 26 -25 28 -22 -29
right_child=2 3 -4 -5 -6 -7 7 -9 -10 -11 -12 12 16 -15 15 -17 -18 -19 -20 20 27 -23 -24 25 -26 -27 -28 29 -30 -31
leaf_value=-0.0028209257977998854 0.047172644302076808 0.13084993059810021 1.5642441054359835 -0.0031263595019970533 -0.010076527999724695 -0.0033229854896275725 0.0090474062991769931 -0.00526458118513198 2.2186857752800253 -2.5199947163071394 0.91498374664544135 0.29403234322526062 -0.039768664422334156 1.2974522211576758 -0.17140739776231498 -0.0061810714380376901 -0.03239488566537034 0.65394409881326498 -0.23095004035807051 0.042616508816628249 2.6875939794548385e-05 -0.020875295499775168 -0.0088701056278826691 -4.8199363987073694e-05 -0.0049150170954382231 0.0023551847144355344 0.0023551847144355344 0.036166266499302761 -0.18676112854518198 -0.00027783045037690798
leaf_weight=336 93 24 33 291 27 54 24 26 28 22 31 20 37 27 52 76 153 24 47 21 204 95 102 2103 32 28 28 64 55 940
leaf_count=336 93 24 33 291 27 54 24 26 28 22 31 20 37 27 52 76 153 24 47 21 204 95 102 2103 32 28 28 64 55 940
internal_value=-0.00223912 -0.0137154 -0.000144444 -0.00522195 0.000763636 0.00498795 -0.0222353 -0.0108 -0.000278516 -0.000364874 -0.000281803 -0.000376605 0.00324812 0.0143077 -0.000622053 -0.00717293 0.000520548 0.00763636 -0.000391407 -0.000261008 -0.00163122 -0.00750673 -0.00159375 0.000626474 0.00664615 0.000260628 6.74157e-05 -0.000586751 -0.00440909 0.000410307
internal_weight=5097 782 4315 396 105 78 386 50 4282 4254 4232 4201 261 47 3940 128 214 61 3812 3765 1481 218 123 2284 125 2159 2131 1263 259 1004
internal_count=5097 782 4315 396 105 78 386 50 4282 4254 4232 4201 261 47 3940 128 214 61 3812 3765 1481 218 123 2284 125 2159 2131 1263 259 1004
is_linear=0
shrinkage=0.03


Tree=188
num_leaves=31
num_cat=0
split_feature=132 120 124 125 128 137 144 131 136 144 126 13 124 136 130 128 129 128 128 125 143 145 139 125 130 131 131 133 138 131
split_gain=126.465 66.9281 9.88768 13.4431 9.15231 7.1946 6.9696 6.5169 7.65223 6.30146 11.4799 5.99819 4.14007 9.29031 9.39862 10.9217 9.99716 8.73708 9.13855 6.93041 6.84771 13.0356 12.2349 13.9877 7.1073 13.6846 8.41871 7.0328 8.27576 7.53968
threshold=0.41666666666666669 1.0000000180025095e-35 1.0000000180025095e-35 11.500000000000002 857.50000000000011 4.5000000000000009 10.500000000000002 1.5000000000000002 4.4495335439635584 11.500000000000002 -1.4999999999999998 1.0000000180025095e-35 1.0000000180025095e-35 111.92053546586465 210.00000000000003 184.50000000000003 279.50000000000006 270.50000000000006 356.00000000000006 -57.499999999999993 40.500000000000007 30.500000000000004 1.0000000180025095e-35 -19.499999999999996 164.50000000000003 131.50000000000003 114.50000000000001 5.8972611465541744 0.84523809523809534 147.50000000000003
decision_type=8 2 2 10 10 2 2 10 10 2 10 2 2 10 10 10 10 10 10 8 2 2 2 10 10 10 10 8 10 10
left_child=1 7 5 -4 11 -3 -6 -1 -9 -7 -11 12 13 14 19 -16 -17 -15 -19 -2 24 -22 23 -23 25 26 -21 -24 -29 -30
right_child=4 2 3 -5 6 9 -8 8 -10 10 -12 -13 -14 17 15 16 -18 18 -20 20 21 22 27 -25 -26 -27 -28 28 29 -31
leaf_value=-0.0027362980238658892 0.12519346178631366 0.0027968862511542287 0.00068532657492840425 -0.0033201534493256706 3.1374374425075815 -0.009774232159732955 -0.089490926674257024 0.0087759841102016834 -0.0050528729637331939 0.13639437196414547 -0.0047741302396105611 -0.012771616105968704 0.0032194134234872279 0.97844300143253349 -0.28758904551923875 0.11247268199939639 -0.067112340629294068 -0.42211997330275164 0.88844242109546478 -3.1492265898567239e-05 -0.022185635948294334 0.053837909459466288 0.02917874896494679 -0.016282049952101415 0.073504756306645727 -0.11526557411338106 0.18751689180446973 0.06989122762653234 -0.077903598434033342 1.7509506724230723
leaf_weight=336 159 40 133 38 20 28 20 24 24 29 130 21 1324 35 37 68 195 20 69 1423 140 24 118 284 52 78 32 76 98 22
leaf_count=336 159 40 133 38 20 28 20 24 24 29 130 21 1324 35 37 68 195 20 69 1423 140 24 118 284 52 78 32 76 98 22
internal_value=-0.0022744 -0.0133342 -0.0046005 0.000818182 -0.000255556 -0.00863793 0.0132 -0.0221954 -0.0100755 -0.0110625 -0.00819512 -0.000398131 -0.000308523 -0.00093833 -0.00129989 -0.00627541 -0.00389552 0.00693023 0.00153191 -0.000690562 -0.00110714 -0.00343416 -0.00152153 -0.00573163 1.50943e-05 -0.00036671 0.00030411 0.00261442 -0.000865672 -0.005712
internal_weight=5097 782 398 171 4315 227 40 384 48 187 159 4275 4254 2930 2806 300 263 124 89 2506 2347 762 622 308 1585 1533 1455 314 196 120
internal_count=5097 782 398 171 4315 227 40 384 48 187 159 4275 4254 2930 2806 300 263 124 89 2506 2347 762 622 308 1585 1533 1455 314 196 120
is_linear=0
shrinkage=0.03


Tree=189
num_leaves=31
num_cat=0
split_feature=132 123 124 125 132 137 144 120 131 136 117 130 126 126 127 126 133 123 120 121 131 136 136 130 126 131 131 143 121 140
split_gain=125.659 68.2342 9.4698 13.4431 7.80763 6.97704 6.56572 10.7619 5.80145 8.31405 5.71394 11.5942 8.9941 8.58307 7.15162 7.12382 5.30733 5.80754 4.99879 6.05717 4.70948 9.04771 4.3961 4.39352 7.41393 8.35884 6.21876 6.08399 9.43985 7.8323
threshold=0.41666666666666669 1.0000000180025095e-35 1.0000000180025095e-35 11.500000000000002 872.50000000000011 4.5000000000000009 11.500000000000002 20.833333333333339 1.5000000000000002 4.4495335439635584 263.50000000000006 265.00000000000006 -17.499999999999996 1.5000000000000002 0.043873832255415267 50.500000000000007 112.1004184077505 86.500000000000014 358.83333333333343 353.00000000000006 433.00000000000006 106.5613686829051 56.465252522311836 210.00000000000003 -65.499999999999986 21.500000000000004 339.50000000000006 40.500000000000007 2.5000000000000004 1.0000000180025095e-35
decision_type=8 2 2 10 10 2 2 2 10 10 2 10 10 10 8 10 10 2 2 2 10 10 10 10 8 10 10 2 2 2
left_child=1 8 5 -4 10 -3 -7 -8 -1 -10 16 14 -13 -14 -12 22 18 -18 19 20 21 23 -15 24 25 -2 -25 -26 29 -29
right_child=4 2 3 -5 -6 6 7 -9 9 -11 11 12 13 15 -16 -17 17 -19 -20 -21 -22 -23 -24 26 27 -27 -28 28 -30 -31
leaf_value=-0.0026542090831499121 -0.012941360175697128 0.0027129796636196015 0.00066476677768054985 -0.0032205488458459004 2.0580020787463966 -0.0094810051949409668 -0.0045675064053972677 0.90844931696842779 0.0085127045868956339 -0.0049550575606660246 0.24485380787334066 -0.38533713653701568 0.1105987964973832 -0.0021341780372893028 1.287238725640609 0.098817232537055016 0.10227200330886063 -0.34129863762947804 1.4361993937261217 -0.39562161399787554 -1.9887845039340681 0.45366961556478214 -1.0702640940985546 -0.073880784658302612 0.00014074251175470563 0.1891061396735958 0.012323666769837018 -0.0023783348922670378 -0.00106582946779735 -0.019583467556333081
leaf_weight=336 35 40 133 38 38 28 134 23 24 26 41 33 90 21 30 21 25 28 26 47 32 47 22 164 2111 61 42 123 1183 95
leaf_count=336 35 40 133 38 38 28 134 23 24 26 41 33 90 21 30 21 25 28 26 47 32 47 22 164 2111 61 42 123 1183 95
internal_value=-0.00230968 -0.0133342 -0.00447382 0.000818182 -0.000297222 -0.00845217 -0.0108632 -0.00792593 -0.0222353 -0.0108 -0.000425969 0.00385551 -0.000125 0.00298113 0.0137368 -0.00513043 -0.000706759 -0.00972414 -0.000572652 -0.000667681 -0.000529502 -0.000425246 -0.01175 -0.000595444 -0.00034708 0.00766337 -0.00480569 -0.000578334 -0.00210811 -0.00777578
internal_weight=5097 782 396 171 4315 225 185 157 386 50 4277 258 187 154 71 64 4019 53 3966 3940 3893 3861 43 3814 3608 96 206 3512 1401 218
internal_count=5097 782 396 171 4315 225 185 157 386 50 4277 258 187 154 71 64 4019 53 3966 3940 3893 3861 43 3814 3608 96 206 3512 1401 218
is_linear=0
shrinkage=0.03


Tree=190
num_leaves=31
num_cat=0
split_feature=132 123 124 128 137 127 144 118 144 126 13 131 136 127 127 132 126 124 131 127 131 124 136 133 126 118 130 133 126 139
split_gain=125.787 67.0577 10.0077 9.30571 7.30216 7.24792 7.13344 6.51672 6.17773 11.6512 5.89008 5.80145 8.31405 5.62029 5.7514 15.2645 10.3418 8.50974 10.0555 9.64486 6.03175 5.72294 7.96675 10.5938 6.31317 8.14901 14.5093 7.26453 6.78386 8.95481
threshold=0.41666666666666669 1.0000000180025095e-35 1.0000000180025095e-35 761.00000000000011 4.5000000000000009 5.0714285714285721 10.500000000000002 29.500000000000004 11.500000000000002 -1.4999999999999998 1.0000000180025095e-35 1.5000000000000002 4.4495335439635584 50.500000000000007 0.20467277820218999 23.833333333333339 -1.0000000180025095e-35 12.500000000000002 61.500000000000007 1.0526315789473688 5.5000000000000009 29.500000000000004 64.219013008174997 31.446601987008481 3.5000000000000004 53.500000000000007 134.50000000000003 189.81153122840138 1.0000000180025095e-35 1.0000000180025095e-35
decision_type=8 2 2 10 2 10 2 2 2 10 2 10 10 10 10 10 8 2 8 10 8 2 10 8 10 2 8 10 10 2
left_child=1 11 4 10 -3 7 -5 -4 -6 -10 13 -1 -13 14 21 16 -16 19 -19 -17 -18 24 23 -23 27 -26 -27 28 -2 -30
right_child=3 2 5 6 8 -7 -8 -9 9 -11 -12 12 -14 -15 15 17 20 18 -20 -21 -22 22 -24 -25 25 26 -28 -29 29 -31
leaf_value=-0.0025745828106554149 -0.00028951773397628555 0.0026315902737110135 0.0016885061963239044 2.981574256869961 -0.0091965750390927397 -0.21370296706376216 0.05600678312758646 -0.0031239323804705234 0.12325587447498693 -0.0044938811402603258 -0.012392689898142285 0.0082573234492887646 -0.004806405833846044 0.31260903281471597 -0.0016317183503208809 -0.14746031308197644 0.0025132356086251359 0.022491199747070319 -0.1979758419570149 -0.0036197522703941584 0.04457371897903447 0.014424290332040925 -0.051676660082534909 0.36422607428251297 -0.037187765285917461 0.16239924765442751 -0.041632190061039437 1.1126068393873283 0.016297284953377903 -0.18153076363295473
leaf_weight=336 2708 40 111 20 28 20 30 40 29 128 21 24 26 51 73 55 45 58 69 25 51 305 92 83 227 101 94 22 165 20
leaf_count=336 2708 40 111 20 28 20 30 40 29 128 21 24 26 51 73 55 45 58 69 25 51 305 92 83 227 101 94 22 165 20
internal_value=-0.00238024 -0.0134104 -0.00462344 -0.000366667 -0.00871304 0.000818182 0.0118909 0.00323077 -0.0111789 -0.0082963 -0.000525527 -0.0222353 -0.0108 -0.000436338 -0.000563125 -0.00407874 0.00255172 -0.00945283 -0.00427273 -0.0168706 0.00885149 -0.000210361 0.00283299 0.00471756 -0.000653501 -0.00406089 0.00042 -0.000152055 -0.000298137 0.00517895
internal_weight=5097 782 396 4315 225 171 50 151 185 157 4265 386 50 4244 4193 376 169 207 127 80 96 3817 480 388 3337 422 195 2915 2893 185
internal_count=5097 782 396 4315 225 171 50 151 185 157 4265 386 50 4244 4193 376 169 207 127 80 96 3817 480 388 3337 422 195 2915 2893 185
is_linear=0
shrinkage=0.03


Tree=191
num_leaves=31
num_cat=0
split_feature=132 123 128 145 13 131 136 131 121 124 117 120 133 132 128 131 128 123 131 131 123 136 120 129 132 130 145 132 133 125
split_gain=137.828 57.9981 9.30571 7.13344 5.89008 5.80145 8.31405 5.25718 6.65233 5.32693 6.90963 8.38379 10.5049 7.75946 7.73503 7.32863 5.88656 9.62761 6.32312 7.04133 5.82829 7.07088 8.68806 6.81529 8.62407 11.0057 6.76944 8.0266 6.69914 5.53044
threshold=0.41666666666666669 1.0000000180025095e-35 761.00000000000011 10.500000000000002 1.0000000180025095e-35 1.5000000000000002 4.4495335439635584 751.50000000000011 633.50000000000011 -4.4999999999999991 157.50000000000003 8.8333333333333339 19.344816497187889 15.500000000000002 5.5000000000000009 15.500000000000002 68.500000000000014 88.500000000000014 232.50000000000003 324.50000000000006 13.500000000000002 1.7612230257076251 35.833333333333336 22.500000000000004 12.833333333333334 4.5000000000000009 23.500000000000004 43.166666666666679 7.0945599899431757 -47.499999999999993
decision_type=8 2 10 2 2 10 10 10 2 2 2 2 10 8 10 8 10 2 8 8 2 8 2 8 10 10 2 8 8 8
left_child=1 5 4 -4 7 -1 -7 8 9 10 11 13 20 -2 -12 -14 17 -17 -18 -20 -13 22 -22 24 25 -23 27 -25 -29 -11
right_child=2 -3 3 -5 -6 6 -8 -9 -10 29 14 12 15 -15 -16 16 18 -19 19 -21 21 23 -24 26 -26 -27 -28 28 -30 -31
leaf_value=-0.0024973453263357525 -0.0044563173408273113 -0.0028043357729209198 2.8921270291638637 0.054326579633758455 -0.012020909201198016 0.0080096037458101017 -0.0046622136588306629 -0.23170985594219815 1.6989895392575032 -0.052955192151658288 0.32378461015485699 0.051935482478179917 -0.31331865219259303 -0.051193027534822223 -0.093268535060836363 -0.00087561170984688623 0.040037956893821204 -0.35354021479090419 -1.0899704060464614 0.0036034016542737983 -0.079888023734112121 0.10361824292532774 0.14736759596223251 -0.042754225397730605 0.029578990100844308 -0.025291747560181304 0.027358281595413449 -0.031808688679388408 0.0089807498680755764 0.00019170880252734388
leaf_weight=336 111 396 20 30 21 24 26 20 21 92 25 38 60 63 86 55 135 25 21 48 35 29 21 23 74 43 390 28 61 2740
leaf_count=336 111 396 20 30 21 24 26 20 21 92 25 38 60 63 86 55 135 25 21 48 35 29 21 23 74 43 390 28 61 2740
internal_value=-0.00247432 -0.0140203 -0.000366667 0.0118909 -0.000525527 -0.0222353 -0.0108 -0.000436338 -0.000353275 -0.000447719 -0.00197965 -0.00132332 -0.000324473 -0.00734078 -0.009 -0.00462464 -0.00247059 -0.00910588 0.000258373 -0.00681081 0.00167871 0.00100705 -0.0087541 0.00192037 0.00750993 0 0.000224852 -0.00610256 -0.00153191 0.000293973
internal_weight=5097 782 4315 50 4265 386 50 4244 4224 4203 1371 1260 1086 174 111 344 284 80 204 69 742 704 56 648 146 72 502 112 89 2832
internal_count=5097 782 4315 50 4265 386 50 4244 4224 4203 1371 1260 1086 174 111 344 284 80 204 69 742 704 56 648 146 72 502 112 89 2832
is_linear=0
shrinkage=0.03


Tree=192
num_leaves=31
num_cat=0
split_feature=132 120 124 125 128 137 144 131 136 13 144 126 106 66 125 139 124 136 135 129 117 128 117 128 117 120 138 143 69 132
split_gain=128.215 65.7684 10.4333 13.4431 9.13331 7.52146 6.9696 6.5169 7.65223 6.01014 5.9227 11.9865 4.73615 4.17117 4.46986 15.4016 6.65718 6.84648 7.31316 11.4324 14.0643 9.35307 8.05052 8.59358 8.53963 10.2847 8.11696 10.2892 7.34939 7.24651
threshold=0.41666666666666669 1.0000000180025095e-35 1.0000000180025095e-35 11.500000000000002 857.50000000000011 4.5000000000000009 10.500000000000002 1.5000000000000002 4.4495335439635584 1.0000000180025095e-35 11.500000000000002 -1.4999999999999998 1.0000000180025095e-35 1.0000000180025095e-35 27.500000000000004 -1.0000000180025095e-35 29.500000000000004 71.001580532830488 63.928571428571438 81.500000000000014 55.500000000000007 24.500000000000004 53.500000000000007 1.0000000180025095e-35 1.0000000180025095e-35 3.1666666666666674 0.58571428571428574 38.500000000000007 1.0000000180025095e-35 59.500000000000007
decision_type=8 2 2 10 10 2 2 10 10 2 2 10 2 2 10 2 2 10 10 10 2 10 2 10 2 2 10 2 2 10
left_child=1 7 5 -4 9 -3 -6 -1 -9 12 -7 -12 13 14 16 -16 17 18 22 20 -20 -21 23 24 26 -26 27 -2 -23 -25
right_child=4 2 3 -5 6 10 -8 8 -10 -11 11 -13 -14 -15 15 -17 -18 -19 19 21 -22 28 -24 29 25 -27 -28 -29 -30 -31
leaf_value=-0.0024224249665456801 -0.0075918635479364878 0.0026367726386873104 0.00067829866164804465 -0.0029460843358687806 2.8053632182889476 -0.008836547714732329 -0.12465903805616335 0.0077693156334357992 -0.0044685764632209175 -0.011660281925162075 0.11964232831392496 -0.0043246256769011006 0.0016151031627198887 0.11458437085318593 -0.395407557212611 0.017375202652996434 0.029748706240550576 0.098879936964112 -0.14053804526412236 0.08524690629591887 0.013311258704982122 -0.029221289968390778 0.10268540035970261 -5.6652613408747495e-05 0.030264623744716872 -0.0030477657198662109 -0.026275113761209477 0.00091896048624090032 0.77626285686913177 0.066662582874831913
leaf_weight=336 40 40 133 38 20 28 20 24 24 21 29 130 45 46 61 125 516 300 96 22 34 746 79 1770 33 130 54 45 24 88
leaf_count=336 40 40 133 38 20 28 20 24 24 21 29 130 45 46 61 125 516 300 96 22 34 746 79 1770 33 130 54 45 24 88
internal_value=-0.0022744 -0.0134104 -0.00474938 0.000818182 -0.000241667 -0.00889655 0.0132 -0.0221954 -0.0100755 -0.000384112 -0.011375 -0.00856098 -0.000294435 -0.000404366 -0.000509597 -0.00499476 -0.000292315 -0.000768609 -0.00118256 -0.00342395 -0.0115111 -0.00202509 -0.000251337 -0.000606928 -0.00525733 -0.0005 -0.0105833 -0.00426667 -0.00262452 0.00015781
internal_weight=5097 782 398 171 4315 227 40 384 48 4275 187 159 4254 4209 4163 186 3977 3461 3161 922 130 792 2239 2160 302 163 139 85 770 1858
internal_count=5097 782 398 171 4315 227 40 384 48 4275 187 159 4254 4209 4163 186 3977 3461 3161 922 130 792 2239 2160 302 163 139 85 770 1858
is_linear=0
shrinkage=0.03


Tree=193
num_leaves=31
num_cat=0
split_feature=132 123 124 125 128 137 145 145 126 13 131 136 61 118 120 132 120 128 130 130 128 126 136 119 117 139 123 126 128 128
split_gain=128.215 67.0577 10.0077 13.4431 9.13331 7.30216 6.9696 6.09918 11.484 6.01014 5.80145 8.31405 5.24699 4.08813 6.20551 4.04506 4.12709 7.93337 6.65748 6.18059 9.4403 7.67494 7.26023 9.15851 6.56873 6.1914 9.92637 5.76519 5.64724 8.59277
threshold=0.41666666666666669 1.0000000180025095e-35 1.0000000180025095e-35 11.500000000000002 857.50000000000011 4.5000000000000009 10.500000000000002 11.500000000000002 -1.4999999999999998 1.0000000180025095e-35 1.5000000000000002 4.4495335439635584 1.0000000180025095e-35 29.500000000000004 3.5000000000000004 716.66666666666686 321.50000000000006 397.50000000000006 620.50000000000011 208.50000000000003 192.50000000000003 -65.499999999999986 82.439069640044124 238.50000000000003 225.50000000000003 -1.0000000180025095e-35 15.500000000000002 -1.0000000180025095e-35 179.50000000000003 154.50000000000003
decision_type=8 2 2 10 10 2 2 2 10 2 10 10 2 2 2 10 2 10 10 10 10 8 10 2 2 2 2 10 10 10
left_child=1 10 5 13 9 -3 -6 -7 -9 12 -1 -12 15 14 -4 16 19 -18 27 21 -21 -2 25 -24 28 -22 -27 -19 29 -23
right_child=4 2 3 -5 6 7 -8 8 -10 -11 11 -13 -14 -15 -16 -17 17 18 -20 20 22 24 23 -25 -26 26 -28 -29 -30 -31
leaf_value=-0.0023497522175493098 0.053264168968551025 0.0025576694595266913 0.00013581618888498291 -0.0028577018057927171 2.7212023217402805 -0.0085714512832903589 -0.12091926691448009 0.11605305846450722 -0.0043376992683154432 -0.011310473467407213 0.007536236164432727 -0.0043882899551691158 -0.094547050622936765 -0.0080850652486228036 0.036718787858420525 -2.4596476898797586 1.118913701812017 -0.3781499027794632 0.9680051628922427 -0.24485661403942202 -0.13382873502967244 -0.00010226624162315678 1.1524392354578981 -0.019626545451426409 0.41180856495679052 0.35125918582245047 -0.089558033897502859 0.010512265618442028 -0.054493842878405016 0.20060137190672178
leaf_weight=336 112 40 63 38 20 32 20 29 124 21 24 26 25 23 47 23 52 20 24 67 105 3205 34 41 58 40 130 63 151 104
leaf_count=336 112 40 63 38 20 32 20 29 124 21 24 26 25 23 47 23 52 20 24 67 105 3205 34 41 58 40 130 63 151 104
internal_value=-0.0022744 -0.0134104 -0.00462344 0.000818182 -0.000241667 -0.00871304 0.0132 -0.0111789 -0.00812658 -0.000384112 -0.0222353 -0.0108 -0.000294435 0.0053913 0.00777391 -0.000204062 -0.000126811 0.00453659 -0.000214286 -0.000316881 -0.00375355 8.08803e-05 -0.00167324 0.0063 -0.000168606 -0.00394286 -0.000308571 -0.00436364 -0.000344589 -7.9662e-05
internal_weight=5097 782 396 171 4315 225 40 185 153 4275 386 50 4254 133 110 4229 4206 159 107 4047 417 3630 350 75 3518 275 170 83 3460 3309
internal_count=5097 782 396 171 4315 225 40 185 153 4275 386 50 4254 133 110 4229 4206 159 107 4047 417 3630 350 75 3518 275 170 83 3460 3309
is_linear=0
shrinkage=0.03


Tree=194
num_leaves=31
num_cat=0
split_feature=132 123 128 144 13 131 135 119 125 144 119 137 4 127 125 112 131 121 135 126 117 135 126 129 144 144 117 131 135 129
split_gain=138.954 57.9981 9.22849 6.9696 5.95047 5.80145 6.41486 4.73817 6.59749 4.42119 13.8881 9.18738 3.94689 3.94102 12.0255 5.38865 4.93711 4.90882 6.47949 16.6844 6.38508 7.76449 4.74664 4.38659 4.97644 8.29077 4.03856 3.72657 6.42186 7.63947
threshold=0.41666666666666669 1.0000000180025095e-35 857.50000000000011 10.500000000000002 1.0000000180025095e-35 1.5000000000000002 2.785714285714286 9.5000000000000018 -2.4999999999999996 10.500000000000002 71.500000000000014 5.5000000000000009 1.0000000180025095e-35 50.500000000000007 28.500000000000004 1.0000000180025095e-35 127.50000000000001 670.50000000000011 382.28571428571433 -17.499999999999996 311.00000000000006 309.4285714285715 -214.99999999999997 406.00000000000006 10.500000000000002 17.500000000000004 88.500000000000014 225.50000000000003 218.50000000000003 290.50000000000006
decision_type=8 2 10 2 2 10 10 2 10 2 2 2 2 10 10 2 8 2 10 10 2 10 8 10 2 2 2 10 10 8
left_child=1 5 4 -4 12 -1 -7 8 -3 11 -11 -9 13 14 15 17 26 18 20 -20 22 -22 -2 -21 -25 -26 -16 28 -24 -30
right_child=2 7 3 -5 -6 6 -8 9 -10 10 -12 -13 -14 -15 16 -17 -18 -19 19 23 21 -23 27 24 25 -27 -28 -29 29 -31
leaf_value=-0.0022792596510228303 1.838955523622009 0.057472267401535673 2.6395662520880716 -0.11729168890704728 -0.010971159263384997 0.0065775903509335829 -0.0042553970169442535 -0.011901219857298626 -0.001665242041738315 -0.069376420393058635 0.90195847874177726 -0.0053072420213915276 0.59058571477467092 0.29538747304790774 -0.039603564543465947 0.31645355079443732 -0.40505485991210022 2.4677103871503072 -0.55765846608062297 -0.041724826213220469 1.721504652735961 -0.0025317394806904756 -0.00013845271651614441 0.75154008030044084 -3.2081320134439957 0.012465422147630818 0.14809997463475327 -0.041376667270444041 1.3213677492230935 -0.039576222970788992
leaf_weight=336 21 29 20 20 21 23 27 39 187 78 23 40 27 50 36 27 68 31 38 29 30 23 3482 26 29 112 24 141 30 30
leaf_count=336 21 29 20 20 21 23 27 39 187 78 23 40 27 50 36 27 68 31 38 29 30 23 3482 26 29 112 24 141 30 30
internal_value=-0.00242728 -0.0140203 -0.000311111 0.0132 -0.000454206 -0.0222353 -0.0108 -0.00582045 -0.00268778 -0.00937297 -0.00475472 -0.0145714 -0.000364874 -0.00044518 -0.000550933 -0.000257523 -0.00942857 -0.000356096 -0.000456456 -0.00524686 -0.00014992 0.00972414 -0.000305743 -0.00146269 0.000488372 -0.00180822 -0.00267692 -0.000396963 -0.000201297 0.00913846
internal_weight=5097 782 4315 40 4275 386 50 396 216 180 101 79 4254 4227 4177 4049 128 4022 3991 234 3757 53 3704 196 167 141 60 3683 3542 60
internal_count=5097 782 4315 40 4275 386 50 396 216 180 101 79 4254 4227 4177 4049 128 4022 3991 234 3757 53 3704 196 167 141 60 3683 3542 60
is_linear=0
shrinkage=0.03


Tree=195
num_leaves=31
num_cat=0
split_feature=132 120 128 131 136 13 124 137 125 118 120 124 125 128 118 117 133 132 130 121 126 131 117 128 133 133 135 135 132 136
split_gain=136.572 57.9221 9.28581 6.5169 7.65223 5.91478 5.8233 7.52146 7.48953 5.99005 5.88716 5.6381 9.12791 13.5043 9.6571 8.75573 8.24474 15.5452 8.81283 7.59854 7.22066 6.54927 8.3972 11.69 8.44144 7.78037 9.80795 8.69228 10.0492 8.89759
threshold=0.41666666666666669 1.0000000180025095e-35 857.50000000000011 1.5000000000000002 4.4495335439635584 1.0000000180025095e-35 1.0000000180025095e-35 4.5000000000000009 11.500000000000002 18.500000000000004 3.5000000000000004 -4.4999999999999991 -29.499999999999996 28.500000000000004 66.500000000000014 71.500000000000014 30.153307401707291 109.50000000000001 8.5000000000000018 107.50000000000001 -45.499999999999993 674.00000000000011 165.00000000000003 179.50000000000003 29.494113703064318 35.429062678542941 95.785714285714292 62.214285714285722 62.166666666666679 44.848224706490406
decision_type=8 2 10 10 10 2 2 2 10 2 2 2 10 8 2 2 10 10 10 2 10 10 2 10 10 10 10 8 8 10
left_child=1 3 5 -1 -5 11 7 -3 9 10 -8 12 13 -2 -15 16 17 19 -18 20 -14 22 25 24 -24 27 -27 -13 -29 -30
right_child=2 6 -4 4 -6 -7 8 -9 -10 -11 -12 21 15 14 -16 -17 18 -19 -20 -21 -22 -23 23 -25 -26 26 -28 28 29 -31
leaf_value=-0.0022108818614921459 0.27844397816889882 0.0026844363042264441 1.5750670240394742 0.0071128213689717352 -0.0040752085601608885 -0.010642024485483447 0.00018169896447058241 -0.0058214437198808033 -0.0026127534909771897 -0.00087922118100437784 0.24569785921576129 0.00014050874029496228 0.01695054711179661 -0.096922381148305981 0.091244890607123777 -0.074515792920336846 0.73647933408596511 0.11530754189741145 -0.24709093514339112 -0.079168576096177334 -0.0043548483951740737 -0.43852101814636513 0.64711511572342983 0.0037856170507785691 0.09068252428298762 0.20120895147379314 -0.0257758686967502 -0.14379620138774696 -0.0092072983353915557 0.21353137700566463
leaf_weight=336 47 40 40 24 24 21 63 187 38 47 23 1724 27 78 162 181 34 157 115 46 547 26 56 209 45 100 100 28 513 59
leaf_count=336 47 40 40 24 24 21 63 187 38 47 23 1724 27 78 162 181 34 157 115 46 547 26 56 209 45 100 100 28 513 59
internal_value=-0.0024508 -0.0139441 -0.000352778 -0.0221954 -0.0100755 -0.000496262 -0.00579156 -0.00889655 -0.0015 0.00191304 0.00652747 -0.000407138 -0.00196855 0.00275342 -0.000220408 -0.00320504 -0.00199141 -0.000721228 -0.00833766 -0.0028704 -0.00185492 0.000353927 0.000505107 0.00512381 0.0132453 -6.88019e-05 0.00553171 -0.000564191 -0.0036595 -0.00269324
internal_weight=5097 782 4315 384 48 4275 398 227 171 133 86 4254 1394 287 240 1107 926 777 149 620 574 2860 2834 310 101 2524 200 2324 600 572
internal_count=5097 782 4315 384 48 4275 398 227 171 133 86 4254 1394 287 240 1107 926 777 149 620 574 2860 2834 310 101 2524 200 2324 600 572
is_linear=0
shrinkage=0.03


Tree=196
num_leaves=31
num_cat=0
split_feature=132 123 128 145 13 131 136 124 145 137 131 145 126 131 133 123 129 118 124 131 131 123 133 4 127 125 124 128 136 130
split_gain=135.456 59.0963 9.36935 7.13344 5.85445 5.80145 8.31405 5.51276 8.49197 7.30216 6.23702 6.09918 11.484 5.224 5.59027 6.02382 5.80466 9.16886 6.52894 8.93097 5.28631 5.20367 4.21287 3.92781 4.52105 6.02176 5.6644 8.03673 7.66133 7.1033
threshold=0.41666666666666669 1.0000000180025095e-35 761.00000000000011 10.500000000000002 1.0000000180025095e-35 1.5000000000000002 4.4495335439635584 1.0000000180025095e-35 10.500000000000002 4.5000000000000009 1.0000000180025095e-35 11.500000000000002 -1.4999999999999998 751.50000000000011 180.95609197269218 587.00000000000011 276.50000000000006 292.00000000000006 -1.4999999999999998 573.00000000000011 324.50000000000006 22.500000000000004 112.1004184077505 1.0000000180025095e-35 50.500000000000007 27.500000000000004 29.500000000000004 227.50000000000003 50.727360195513228 212.50000000000003
decision_type=8 2 10 2 2 10 10 2 2 2 8 2 10 10 10 2 10 2 2 8 8 2 10 2 10 10 2 10 10 10
left_child=1 5 4 -4 13 -1 -7 9 10 -3 -9 -11 -13 14 15 16 17 22 19 -18 21 -20 23 24 25 26 27 29 -29 -2
right_child=2 7 3 -5 -6 6 -8 8 -10 11 -12 12 -14 -15 -16 -17 18 -19 20 -21 -22 -23 -24 -25 -26 -27 -28 28 -30 -31
leaf_value=-0.0021445554056473814 -0.0003064837894283645 0.0026039032150996511 2.5131272538042424 0.016330871339889655 -0.010322763750918944 0.0068994367279025829 -0.0040067230892008882 -0.0025343708862478743 0.0025857308569159619 -0.0079804471725534783 -0.00092487074429100399 0.11279606728342056 -0.0044518693208510634 -0.29420682773556622 0.8831699711652391 1.0642218899914275 -0.43299865193560122 1.0336499492511841 1.0944218416520084 0.1032500933505662 -0.033969316713312873 -0.041561810443713508 -0.36133068481959923 0.57286392806922204 0.26711239538476772 -0.051571828677916751 0.032394944691592431 -0.040308388153428527 0.95360995614329314 -0.10296460782494619
leaf_weight=336 3032 40 20 30 21 24 26 21 113 32 37 29 124 20 44 20 100 40 26 31 175 21 21 27 35 101 430 34 25 62
leaf_count=336 3032 40 20 30 21 24 26 21 113 32 37 29 124 20 44 20 100 40 26 31 175 21 21 27 35 101 430 34 25 62
internal_value=-0.00249784 -0.0139441 -0.000408333 0.0118909 -0.000567681 -0.0222353 -0.0108 -0.00567082 -0.0015 -0.00871304 -0.010381 -0.0111789 -0.00812658 -0.000478701 -0.000395838 -0.000514695 -0.000603601 -0.000258132 -0.00425698 -0.00944118 -0.00103084 0.00738462 -0.000419936 -0.000334311 -0.000425349 -0.000535104 -0.000324415 -0.000767574 0.00975 -0.000985479
internal_weight=5097 782 4315 50 4265 386 50 396 171 225 58 185 153 4244 4224 4180 4160 3807 353 131 222 47 3767 3746 3719 3684 3583 3153 59 3094
internal_count=5097 782 4315 50 4265 386 50 396 171 225 58 185 153 4244 4224 4180 4160 3807 353 131 222 47 3767 3746 3719 3684 3583 3153 59 3094
is_linear=0
shrinkage=0.03


Tree=197
num_leaves=31
num_cat=0
split_feature=132 123 132 13 124 144 137 137 144 126 121 98 132 117 132 123 129 126 123 123 144 4 129 144 129 144 129 127 126 122
split_gain=137.694 59.0963 7.80763 5.97446 5.51276 9.54485 7.48375 7.30216 6.17773 11.6512 4.8888 4.79485 4.56978 4.42849 7.79009 5.05442 4.35326 4.2442 4.1891 4.13475 6.1074 4.06411 3.6639 5.51333 10.1912 7.21039 4.70345 4.47482 3.61358 7.00946
threshold=0.41666666666666669 1.0000000180025095e-35 872.50000000000011 1.0000000180025095e-35 1.0000000180025095e-35 10.500000000000002 6.5000000000000009 4.5000000000000009 11.500000000000002 -1.4999999999999998 670.50000000000011 1.0000000180025095e-35 685.33333333333337 225.50000000000003 149.83333333333334 7.5000000000000009 6.5000000000000009 -1.0000000180025095e-35 70.500000000000014 35.500000000000007 32.500000000000007 1.0000000180025095e-35 270.50000000000006 10.500000000000002 419.00000000000006 23.500000000000004 384.50000000000006 -0.99514460131520011 3.5000000000000004 26.500000000000004
decision_type=8 2 10 2 2 2 2 2 2 10 2 2 10 2 10 2 8 8 2 2 2 2 10 2 10 2 10 8 8 2
left_child=1 17 3 10 7 6 -6 -3 -9 -10 11 12 13 21 16 -16 -15 -1 19 20 -17 22 27 24 -24 -25 -27 -2 -29 -30
right_child=2 4 -4 -5 5 -7 -8 8 9 -11 -12 -13 -14 14 15 18 -18 -19 -20 -21 -22 -23 23 25 -26 26 -28 28 29 -31
leaf_value=-0.0050309764103993399 1.2840264352728297 0.0025257861186466619 1.4524211957041619 -0.010013080838391376 -0.0008971246219622738 0.0026905082261633171 -0.0024583397596604378 -0.0077410337573768735 0.10941218526491796 -0.0036569082320342867 2.3423389653643514 -0.06556465813366244 -2.1248452546165528 0.69836732613355068 0.10955314113141611 -0.47692407488149852 1.2243615035039754 -0.0020802187434779602 0.013644324330670655 -0.34232409079656262 0.012769646049407583 0.55567801022714536 -0.027948855734922801 -0.87207730401084171 0.72694809621277212 -0.35578002906111633 0.057703643870475503 2.108375627217814e-05 -0.008013400469595696 0.025020489922609669
leaf_weight=27 23 40 38 21 37 114 20 28 29 128 31 32 24 20 32 20 26 359 123 28 29 27 38 67 38 32 50 2874 553 189
leaf_count=27 23 40 38 21 37 114 20 28 29 128 31 32 24 20 32 20 26 359 123 28 29 27 38 67 38 32 50 2874 553 189
internal_value=-0.00240376 -0.0139441 -0.000297222 -0.000425969 -0.00567082 -0.0015 -0.0110323 -0.00871304 -0.0111789 -0.0082963 -0.000336541 -0.000431206 -0.000334445 -0.00025012 0.00337102 0.000987342 0.014 -0.0222353 -0.00084878 -0.00614634 -0.000444444 -0.000514374 -0.000603257 -0.00427826 0.00214815 -0.00755844 -0.00131034 -0.000368825 -0.000462303 -0.00232129
internal_weight=5097 782 4315 4277 396 171 57 225 185 157 4256 4225 4193 4169 278 232 46 386 200 77 49 3891 3864 225 76 149 82 3639 3616 742
internal_count=5097 782 4315 4277 396 171 57 225 185 157 4256 4225 4193 4169 278 232 46 386 200 77 49 3891 3864 225 76 149 82 3639 3616 742
is_linear=0
shrinkage=0.03


Tree=198
num_leaves=31
num_cat=0
split_feature=132 123 128 145 124 145 137 137 145 126 107 98 126 124 132 140 118 118 136 125 130 125 139 126 117 123 136 128 128 124
split_gain=137.133 59.0963 9.24758 6.9696 5.51276 8.49197 7.30216 6.23702 6.09918 11.484 4.91821 4.66075 4.2442 4.21163 8.77125 6.72344 6.29148 5.85611 13.588 6.32663 9.66045 5.74126 8.25345 5.66256 7.62166 8.17653 5.87765 10.9898 13.4675 11.0787
threshold=0.41666666666666669 1.0000000180025095e-35 857.50000000000011 10.500000000000002 1.0000000180025095e-35 10.500000000000002 4.5000000000000009 6.5000000000000009 11.500000000000002 -1.4999999999999998 1.0000000180025095e-35 1.0000000180025095e-35 -1.0000000180025095e-35 41.500000000000007 11.16666666666667 -0.56174490092936669 659.00000000000011 93.500000000000014 10.015293130887155 50.500000000000007 56.500000000000007 16.500000000000004 0.6078576107927941 26.500000000000004 23.500000000000004 42.500000000000007 44.848224706490406 91.500000000000014 81.500000000000014 -111.49999999999999
decision_type=8 2 10 2 2 2 2 2 2 10 2 2 8 2 10 2 2 2 10 10 10 10 2 10 2 2 10 10 10 2
left_child=1 12 10 -4 6 7 -3 -6 -8 -10 11 13 -1 16 -15 -16 21 19 -19 20 -17 23 -23 26 -25 -26 27 28 29 -2
right_child=2 4 3 -5 5 -7 8 -9 9 -11 -12 -13 -14 14 15 17 -18 18 -20 -21 -22 22 -24 24 25 -27 -28 -29 -30 -31
leaf_value=-0.0048800471180873595 -0.16234177987889178 0.0024500125350872615 2.3941608003189923 -0.18350585790174193 -0.00087021088330340563 0.0024274436844235834 -0.0075088027446555666 -0.002384589566870625 0.10612981970697041 -0.0042086059942645021 0.00082530582483851588 -0.063597718389652447 -0.0020178121811736216 0.59656940231532019 0.3452310405529877 -0.014240003359955436 2.8527171890645358 0.068129490826670816 -0.20125843837524171 -0.39443609731310342 0.2032329805269279 -0.085528343855215294 0.074640369758873157 -0.11841605751416613 0.16415623943135327 -0.10620440217223887 0.022725295689324125 -0.036088124653700926 0.38207520217399249 -4.31922840062926e-05
leaf_weight=27 36 40 20 20 37 113 32 21 29 124 45 32 359 35 30 131 20 30 119 27 115 122 26 42 50 43 536 520 64 2252
leaf_count=27 36 40 20 20 37 113 32 21 29 124 45 32 359 35 30 131 20 30 119 27 115 122 26 42 50 43 536 520 64 2252
internal_value=-0.00242728 -0.0139441 -0.000325 0.0132 -0.00567082 -0.0015 -0.00871304 -0.010381 -0.0111789 -0.00812658 -0.000468224 -0.000579457 -0.0222353 -0.00048394 0.00212195 0.000905908 -0.000829925 -0.000126464 -0.00483117 0.00246043 0.00403984 -0.000931818 -0.00662745 -0.000683202 -0.0066 -0.00146939 -0.000437738 -0.000978102 -9.92787e-05 -0.000494549
internal_weight=5097 782 4315 40 396 171 225 58 185 153 4275 4230 386 4198 487 452 3711 422 149 273 246 3691 148 3543 135 93 3408 2872 2352 2288
internal_count=5097 782 4315 40 396 171 225 58 185 153 4275 4230 386 4198 487 452 3711 422 149 273 246 3691 148 3543 135 93 3408 2872 2352 2288
is_linear=0
shrinkage=0.03


Tree=199
num_leaves=31
num_cat=0
split_feature=132 123 128 144 131 136 124 125 144 144 125 137 126 121 107 4 124 128 117 118 126 133 136 122 129 135 133 136 125 128
split_gain=138.538 59.0963 9.15231 6.9696 5.80145 8.31405 5.15204 8.79589 5.96245 9.73645 8.83429 7.64204 5.10441 5.64023 4.8443 4.05695 3.80099 9.6968 8.53185 6.55722 4.05923 9.04062 7.34708 9.21522 7.47042 9.35613 7.25926 6.85219 7.83459 6.79342
threshold=0.41666666666666669 1.0000000180025095e-35 857.50000000000011 10.500000000000002 1.5000000000000002 4.4495335439635584 -19.499999999999996 -7.4999999999999991 5.5000000000000009 10.500000000000002 1.0000000180025095e-35 2.5000000000000004 1.0000000180025095e-35 18.500000000000004 1.0000000180025095e-35 1.0000000180025095e-35 191.00000000000003 421.00000000000006 514.50000000000011 190.50000000000003 3.5000000000000004 189.81153122840138 142.16730638827548 19.500000000000004 36.500000000000007 11.690476190476192 112.1004184077505 71.001580532830488 11.500000000000002 265.00000000000006
decision_type=8 2 10 2 10 10 2 10 2 2 10 2 8 2 2 2 2 10 2 2 10 10 10 2 10 10 10 10 10 10
left_child=1 4 14 -4 -1 -6 -3 -8 11 -10 -11 -9 13 -12 15 16 20 19 -19 -18 21 26 23 24 25 -22 27 29 -29 -2
right_child=2 6 3 -5 5 -7 7 8 9 10 12 -13 -14 -15 -16 -17 17 18 -20 -21 22 -23 -24 -25 -26 -27 -28 28 -30 -31
leaf_value=-0.0019572778157384125 -7.1744866273739654e-05 -0.017747920235871271 2.322335976309422 -0.17800068216468901 0.0068153945538050511 -0.0037635804687853143 0.071903630728311504 -0.004846060595223938 -0.0012764566467064608 -0.001653643990940101 0.010662290928488954 0.0030021134808834332 0.55198543834816916 -0.10897531727352175 0.00080054665009331671 0.52754541385511133 0.71535531214660308 -0.45345487143167301 0.095239568012561338 0.010319551461990954 -0.02396983974479687 1.2068136292262892 -1.0063461340361664 0.011291655112266596 -0.072643562237721754 0.055726019007945916 -0.32845280655758186 0.15193167728436549 -0.49484283475123608 -0.047170901827635704
leaf_weight=336 2938 76 20 20 24 26 26 27 30 129 40 22 20 26 45 27 40 22 22 33 74 24 23 230 197 130 36 198 26 210
leaf_count=336 2938 76 20 20 24 26 26 27 30 129 40 22 20 26 45 27 40 22 22 33 74 24 23 230 197 130 36 198 26 210
internal_value=-0.00236848 -0.0139441 -0.000255556 0.0132 -0.0222353 -0.0108 -0.00567082 -0.00385846 -0.00539799 -0.007296 -0.00474545 0.00377778 0.00257143 -0.00160563 -0.000398131 -0.000508619 -0.000590304 0.00462295 -0.006 0.0110769 -0.000746517 -0.000329939 -0.0029044 -0.00220755 -0.00493596 -0.000832536 -0.000472898 -0.000318034 0.00468996 -0.000683159
internal_weight=5097 782 4315 40 386 50 396 320 294 245 215 49 86 66 4275 4230 4203 117 44 73 4086 3432 654 631 401 204 3408 3372 224 3148
internal_count=5097 782 4315 40 386 50 396 320 294 245 215 49 86 66 4275 4230 4203 117 44 73 4086 3432 654 631 401 204 3408 3372 224 3148
is_linear=0
shrinkage=0.03


Tree=200
num_leaves=31
num_cat=0
split_feature=132 120 128 119 139 127 127 144 13 131 144 126 126 133 120 130 124 131 139 131 120 128 130 121 124 129 128 133 129 133
split_gain=137.694 59.3946 9.20942 8.37051 11.4718 8.23185 7.12125 6.9696 5.96239 5.74465 4.75841 4.18352 4.03958 7.74789 6.85815 9.4869 7.64853 6.89562 6.88314 8.27275 7.10406 6.33683 6.28526 9.1072 6.6308 6.27676 6.56056 6.09231 5.87198 5.77912
threshold=0.41666666666666669 0.50000000000000011 857.50000000000011 9.5000000000000018 -1.0000000180025095e-35 0.44058823529411767 0.074396204715353673 10.500000000000002 1.0000000180025095e-35 1.5000000000000002 32.500000000000007 -1.4999999999999998 3.5000000000000004 189.81153122840138 28.833333333333339 135.50000000000003 14.500000000000002 106.50000000000001 -1.0000000180025095e-35 114.50000000000001 37.166666666666679 25.500000000000004 34.500000000000007 153.50000000000003 -15.499999999999998 1.0000000180025095e-35 14.500000000000002 20.303229892120282 171.50000000000003 112.1004184077505
decision_type=8 2 10 2 2 10 10 2 2 8 2 8 10 10 2 10 2 8 2 10 2 10 10 2 2 10 10 10 10 10
left_child=1 11 8 5 6 10 -5 -4 12 -6 -3 -1 13 29 21 18 28 -18 22 20 -20 25 -16 24 -24 -14 -27 -23 -17 -2
right_child=2 3 7 4 9 -7 -8 -9 -10 -11 -12 -13 14 -15 15 16 17 -19 19 -21 -22 27 23 -25 -26 26 -28 -29 -30 -31
leaf_value=-0.004674927370072586 3.2824803663284992e-05 0.0086816911873077995 2.252665897020139 -0.025370394971366696 -0.0070742038722737214 -0.020838396168246776 0.013827379931469328 -0.17266066169974692 -0.0097092402987312334 -0.013345221627401267 -0.0024222980336056424 -0.0018985594812662601 0.052286929595627737 0.89742951500117096 0.21873683131387031 -0.093316539975073165 -0.30532688996895302 0.11130651143089892 0.11233537769686819 0.18206499155604375 -0.13281178361403811 -0.078631718661354849 -0.10423913004296252 0.67225922325616105 0.010952905458898385 -0.028234731619820257 0.061734766635404129 -0.0092094657842081411 -0.050926960939500103 -0.29698783223153441
leaf_weight=22 3485 82 20 47 68 57 30 20 21 37 38 401 20 36 40 36 24 73 28 53 66 70 23 20 52 69 35 36 50 38
leaf_count=22 3485 82 20 47 68 57 30 20 21 37 38 401 20 36 40 36 24 73 28 53 66 70 23 20 52 69 35 36 50 38
internal_value=-0.00240376 -0.0139441 -0.000297222 -0.00484615 -0.00927273 -0.000131868 -0.000292683 0.0132 -0.000440187 -0.0154909 0.004272 -0.0215047 -0.000350787 5.72391e-05 -0.00243429 -0.000306383 -0.00555319 0.000235294 0.00311498 -0.00134211 -0.00660606 -0.00661277 0.00788571 0.00324 -0.0018 -0.00181395 -0.00489908 -0.0118378 -0.0118022 -9.18367e-05
internal_weight=5097 782 4315 359 182 177 77 40 4275 105 120 423 4254 3559 695 465 183 97 282 147 94 230 135 95 75 124 104 106 86 3523
internal_count=5097 782 4315 359 182 177 77 40 4275 105 120 423 4254 3559 695 465 183 97 282 147 94 230 135 95 75 124 104 106 86 3523
is_linear=0
shrinkage=0.03


Tree=201
num_leaves=31
num_cat=0
split_feature=132 123 128 144 13 131 136 66 132 128 144 128 126 122 126 133 123 133 131 131 135 129 128 122 136 135 118 130 126 131
split_gain=142.634 55.831 9.19037 6.9696 5.97431 5.80145 8.31405 4.10418 3.87508 5.21744 7.13669 4.73266 15.2253 8.00504 10.1599 5.18821 4.1099 5.59599 9.24703 5.99723 5.31086 8.07874 6.95168 13.0226 6.98981 6.73487 7.27374 5.6945 5.28857 6.24419
threshold=0.41666666666666669 1.0000000180025095e-35 857.50000000000011 10.500000000000002 1.0000000180025095e-35 1.5000000000000002 4.4495335439635584 1.0000000180025095e-35 716.66666666666686 620.50000000000011 25.500000000000004 418.00000000000006 -1.0000000180025095e-35 300.00000000000006 1.5000000000000002 30.617705466486889 204.00000000000003 24.524361686952126 151.50000000000003 225.50000000000003 62.214285714285722 384.50000000000006 60.500000000000007 49.500000000000007 92.156242833966473 60.196428571428577 126.50000000000001 136.50000000000003 -1.0000000180025095e-35 220.50000000000003
decision_type=8 2 10 2 2 10 10 2 10 10 2 10 10 2 10 10 2 10 10 10 10 8 10 2 10 10 2 8 10 8
left_child=1 5 4 -4 7 -1 -7 8 9 11 -11 13 -13 16 -15 -14 20 19 -19 -18 25 22 23 27 -25 26 -2 -22 29 -24
right_child=2 -3 3 -5 -6 6 -8 -9 -10 10 -12 12 15 14 -16 -17 17 18 -20 -21 21 -23 28 24 -26 -27 -28 -29 -30 -31
leaf_value=-0.0018416026968282725 -5.2346351737484472e-05 -0.001832369701265353 2.1850859201095374 -0.16748084184875608 -0.0094179630897692958 0.0066678895016288866 -0.003593716270283767 0.10714303802289922 -2.2759951727890244 -0.048740866832392836 0.6428725737064781 -0.53679376453636218 0.047664789380681326 1.3802218079730988 -0.11699983960673947 -0.4488796040863906 0.81447399011196009 -0.33539477312732352 0.1488037559982493 -0.075322865709052847 -0.13804351630765171 -0.28781827374824898 -0.0039305564201677608 0.076014956538694209 -0.3833510167604231 0.081841608783091213 0.58481266278242316 0.0055572836054042082 0.003339357020225009 -0.082736872607738543
leaf_weight=336 2441 396 20 20 21 24 26 46 23 35 36 35 91 31 22 30 61 28 55 32 77 35 256 59 20 32 40 20 660 89
leaf_count=336 2441 396 20 20 21 24 26 46 23 35 36 35 91 31 22 30 61 28 55 32 77 35 256 59 20 32 40 20 660 89
internal_value=-0.00242728 -0.0141728 -0.000283333 0.0132 -0.000426168 -0.0222353 -0.0108 -0.000336699 -0.000440066 -0.000363723 0.00742105 -0.000508376 -0.0055528 -0.000301287 0.0107586 -0.000190476 -0.000466496 0.00394475 -0.00163636 0.00881633 -0.000681307 -0.00230467 -0.00184148 -0.00725967 0.00171429 0.000104845 -8.20595e-05 -0.0143529 -0.000855446 -0.00384
internal_weight=5097 782 4315 40 4275 386 50 4254 4208 4185 71 4114 156 3958 53 121 3905 176 83 93 3729 1216 1181 176 79 2513 2481 97 1005 345
internal_count=5097 782 4315 40 4275 386 50 4254 4208 4185 71 4114 156 3958 53 121 3905 176 83 93 3729 1216 1181 176 79 2513 2481 97 1005 345
is_linear=0
shrinkage=0.03


Tree=202
num_leaves=31
num_cat=0
split_feature=135 120 139 119 128 144 135 144 133 117 123 135 118 117 129 117 120 136 139 119 131 123 131 120 136 131 136 136 130 144
split_gain=115.753 63.7478 12.4144 12.1102 9.59799 7.13344 6.49776 15.8587 13.2967 11.1831 10.8085 8.57385 9.00496 7.25756 6.67761 7.40186 9.6228 7.5413 6.66554 6.30396 8.26402 5.74364 5.33408 4.98719 4.8337 10.5396 7.58922 5.62784 4.83123 7.19165
threshold=0.58571428571428574 1.0000000180025095e-35 -1.0000000180025095e-35 13.500000000000002 761.00000000000011 10.500000000000002 9.071428571428573 33.500000000000007 0.65824829046386313 13.500000000000002 50.500000000000007 10.071428571428573 14.500000000000002 2.5000000000000004 1.0000000180025095e-35 1.0000000180025095e-35 1.5000000000000002 2.4619240196550733 -0.60785761079279388 2.5000000000000004 8.5000000000000018 16.500000000000004 751.50000000000011 0.83333333333333337 106.5613686829051 522.50000000000011 102.61480185060492 124.35554550312851 23.500000000000004 10.500000000000002
decision_type=8 2 2 2 10 2 8 2 10 2 2 8 2 2 8 2 2 10 2 2 8 2 10 2 10 8 10 10 8 2
left_child=1 -1 -3 -4 6 -6 7 10 13 18 14 12 -8 -9 19 21 -17 -18 -10 20 23 -16 24 -2 26 27 28 -26 29 -13
right_child=4 2 3 -5 5 -7 11 8 9 -11 -12 22 -14 -15 15 16 17 -19 -20 -21 -22 -23 -24 -25 25 -27 -28 -29 -30 -31
leaf_value=-0.0017863546159234242 -0.0027334981422265986 0.0014336773067520265 -0.00071354966215151012 -0.0071301094821015097 2.1195333425062528 0.03648105677822059 0.017363965524848871 -0.014070437629620187 -0.0050920470151372384 -0.02475944801153853 0.28617603301387079 0.0010419836210098143 -0.016480909479118209 -0.011343638750878 -4.4967242120506063e-05 0.015697049524477997 -0.0024850149799187982 0.02225028824211182 0.019195527678130254 -0.026051752082389228 -0.0047149702960096081 -0.0480026323996669 -0.39021806108024465 0.039868175927638465 0.2715709285390403 1.0992215464715138 -0.27674419122515892 -0.066042517208057913 -0.0032905463810345733 0.00054397348932552271
leaf_weight=346 50 141 135 85 20 30 63 65 27 26 38 107 20 23 414 32 38 33 72 33 33 30 20 24 31 37 26 101 2397 600
leaf_count=346 50 141 135 85 20 30 63 65 27 26 38 107 20 23 414 32 38 33 72 33 33 30 20 24 31 37 26 101 2397 600
internal_value=-0.00238024 -0.0136011 -0.00465574 -0.00904 -0.000558362 0.0118909 -0.000716686 -0.00292047 -0.0100183 -0.00341538 -0.000772603 -0.000103904 0.00913636 -0.0186452 -0.00168208 -0.000152174 0.00688889 0.000315789 0.00138462 -0.0074069 -0.00342857 -0.00185746 -0.000350181 0.00220253 -0.000243341 0.00462069 -0.000514833 0.000394161 -0.000364748 0.00180337
internal_weight=5097 707 361 220 4390 50 4340 938 213 125 725 3402 83 88 687 547 103 71 99 140 107 444 3319 74 3299 169 3130 132 3104 707
internal_count=5097 707 361 220 4390 50 4340 938 213 125 725 3402 83 88 687 547 103 71 99 140 107 444 3319 74 3299 169 3130 132 3104 707
is_linear=0
shrinkage=0.03


Tree=203
num_leaves=31
num_cat=0
split_feature=132 123 128 144 13 119 127 135 144 119 137 127 121 137 143 146 126 129 121 127 135 118 127 139 127 144 132 144 34 117
split_gain=136.852 59.0963 9.26668 6.9696 5.92667 5.16398 5.15575 4.68743 4.42119 13.8881 9.18738 4.3033 7.95434 4.85028 4.27608 10.5471 4.2442 3.91396 10.0783 6.32931 5.8424 5.38302 5.30281 6.74264 5.18586 5.21472 8.54365 6.54939 3.93028 6.85227
threshold=0.41666666666666669 1.0000000180025095e-35 857.50000000000011 10.500000000000002 1.0000000180025095e-35 9.5000000000000018 135.50000000000003 0.73214285714285732 10.500000000000002 71.500000000000014 5.5000000000000009 5.0714285714285721 9.5000000000000018 5.5000000000000009 39.500000000000007 30.500000000000004 -1.0000000180025095e-35 270.50000000000006 303.50000000000006 1.0000000180025095e-35 278.07142857142861 249.50000000000003 -0.15346478873239433 -0.60785761079279388 -1.0000000180025095e-35 10.500000000000002 412.66666666666674 36.500000000000007 1.0000000180025095e-35 10.500000000000002
decision_type=8 2 10 2 2 2 10 8 2 2 2 10 2 2 2 2 8 10 2 10 10 2 10 2 10 2 10 2 2 2
left_child=1 16 4 -4 6 11 7 -2 10 -10 -7 12 13 -3 -15 -16 -1 18 28 22 -20 -21 23 -19 -24 26 -26 -27 -9 -30
right_child=2 5 3 -5 -6 8 -8 17 9 -11 -12 -13 -14 14 15 -17 -18 19 20 21 -22 -23 24 -25 25 27 -28 -29 29 -31
leaf_value=-0.0044258408295878588 0.00065291131385671584 0.0073546319524044274 2.0559473422310668 -0.16355084829664066 -0.0091340751798126025 -0.010650438775372285 0.31318297116989752 -0.00029211898310598893 -0.067574398179569339 0.85773256675537513 -0.0040318291261823196 -0.20318447887457194 0.075236421698832198 -0.0014222361020219951 0.0030631759307515626 -0.002398396326987135 -0.0017327639774457214 0.48305421853618252 1.6169781284039901 -0.0045380554694139617 0.0097422653057151355 -0.46897415719962221 0.17305205398719975 -0.80597298118799243 -0.016985470353666869 -0.1891904313721858 0.93897525021614681 0.092989154517299541 1.195843465182135 -0.05541276940949643
leaf_weight=27 56 21 20 20 21 39 24 3623 78 23 40 20 44 47 41 43 359 24 46 33 32 50 61 29 39 123 33 38 20 23
leaf_count=27 56 21 20 20 21 39 24 3623 78 23 40 20 44 47 41 43 359 24 46 33 32 50 61 29 39 123 33 38 20 23
internal_value=-0.00243904 -0.0139441 -0.000338889 0.0132 -0.000482243 -0.00567082 -0.00039305 -0.000480283 -0.00937297 -0.00475472 -0.0145714 -0.00241629 -0.000865672 -0.00416561 -0.00635294 -0.00195506 -0.0222353 -0.000601579 -0.000286476 -0.00329655 0.0100482 -0.0105 -0.00143182 -0.00972414 0.000180602 -0.00186555 0.0045974 -0.00484337 -0.000521384 0.008
internal_weight=5097 782 4315 40 4275 396 4254 4230 180 101 79 216 196 152 131 84 386 4174 3744 430 78 83 347 53 294 233 72 161 3666 43
internal_count=5097 782 4315 40 4275 396 4254 4230 180 101 79 216 196 152 131 84 386 4174 3744 430 78 83 347 53 294 233 72 161 3666 43
is_linear=0
shrinkage=0.03


Tree=204
num_leaves=31
num_cat=0
split_feature=132 123 128 124 125 137 144 120 131 136 144 131 121 124 126 117 129 128 126 126 140 141 136 130 133 120 117 128 136 138
split_gain=125.659 68.2342 11.2574 9.4698 11.0044 6.97704 6.56572 8.18579 5.80145 8.31405 5.68378 5.22544 8.87762 3.84462 6.40185 7.24553 5.88405 5.16232 7.37659 7.53107 6.82945 6.43181 6.2936 7.4925 6.10129 5.89933 5.29562 6.64634 4.85995 4.7856
threshold=0.41666666666666669 1.0000000180025095e-35 743.50000000000011 1.0000000180025095e-35 11.500000000000002 4.5000000000000009 11.500000000000002 20.833333333333339 1.5000000000000002 4.4495335439635584 10.500000000000002 751.50000000000011 608.00000000000011 29.500000000000004 26.500000000000004 23.500000000000004 148.50000000000003 36.500000000000007 56.500000000000007 4.5000000000000009 -0.22252093395631442 1.0000000180025095e-35 2.0151907431108502 32.500000000000007 24.048560981950455 30.833333333333339 193.50000000000003 397.50000000000006 11.826979488793379 0.77500000000000013
decision_type=8 2 10 2 10 2 2 2 10 10 2 10 2 2 10 2 10 10 10 8 2 2 10 10 10 2 2 10 10 8
left_child=1 8 11 5 -5 -3 -7 -8 -1 -10 -4 12 13 14 29 -16 -17 22 19 21 -21 25 -15 28 -20 -19 -27 -28 -24 -2
right_child=2 3 10 4 -6 6 7 -9 9 -11 -12 -13 -14 17 15 16 -18 18 24 20 -22 -23 23 -25 -26 26 27 -29 -30 -31
leaf_value=-0.0016807810581223499 0.00044850115257661472 0.0027296617956454614 1.9942689219641341 0.00046640820191841902 -0.0016727028150086249 -0.0061490456897850742 -0.0029194652585761011 0.80935070970203504 0.0066018406801701878 -0.0032387019681267681 0.040293150523771144 -0.37283580630667473 1.4573902878922853 0.54358322415068838 -0.11643985707232776 0.094019598354355582 -0.14795103860295952 0.11444302282398602 0.39470895066883199 0.15408871842951014 -0.11361484282075335 -0.061139147335918693 -0.074981089581522151 0.1575041621360421 -0.048060270022326962 -0.020048522118238168 0.36472229109586746 -0.069487069154656925 0.10571359879766191 -0.00061591711078867739
leaf_weight=336 1021 40 20 133 38 28 134 23 24 26 33 20 21 43 43 39 33 56 29 31 132 30 29 55 25 97 42 36 20 2460
leaf_count=336 1021 40 20 133 38 28 134 23 24 26 33 20 21 43 43 39 33 56 29 31 132 30 29 55 25 97 42 36 20 2460
internal_value=-0.00230968 -0.0133342 -0.000297222 -0.00447382 0.000818182 -0.00845217 -0.0108632 -0.00792593 -0.0222353 -0.0108 0.0128276 -0.000476682 -0.000394161 -0.000502603 -0.000881422 -0.0077 -0.00148052 0.00165714 0.000111801 -0.00124476 -0.00621429 0.00189474 0.00647368 0.00214679 0.0100678 0.00366102 0.0008 0.00643373 -0.006 -0.000643718
internal_weight=5097 782 4315 396 171 225 185 157 386 50 53 4262 4242 4221 3596 115 72 625 478 424 163 261 147 104 54 231 175 78 49 3481
internal_count=5097 782 4315 396 171 225 185 157 386 50 53 4262 4242 4221 3596 115 72 625 478 424 163 261 147 104 54 231 175 78 49 3481
is_linear=0
shrinkage=0.03


Tree=205
num_leaves=31
num_cat=0
split_feature=132 123 128 131 136 145 124 125 145 137 145 124 131 121 66 69 132 135 136 125 131 123 128 123 145 117 123 136 131 128
split_gain=135.19 61.322 11.2096 5.80145 8.31405 5.68378 5.64467 8.38963 5.46681 7.64204 5.40471 8.55173 5.24746 8.84872 4.24009 4.34618 4.99416 4.42394 9.51652 13.1154 10.1709 8.71458 17.3955 10.6619 9.57071 8.16588 7.47402 7.96823 6.69842 6.69597
threshold=0.41666666666666669 1.0000000180025095e-35 743.50000000000011 1.5000000000000002 4.4495335439635584 10.500000000000002 -19.499999999999996 -7.4999999999999991 5.5000000000000009 2.5000000000000004 10.500000000000002 1.0000000180025095e-35 751.50000000000011 608.00000000000011 1.0000000180025095e-35 1.0000000180025095e-35 180.50000000000003 63.928571428571438 44.848224706490406 28.500000000000004 104.50000000000001 9.5000000000000018 154.50000000000003 28.500000000000004 31.500000000000004 65.500000000000014 22.500000000000004 40.912549475509373 94.500000000000014 265.00000000000006
decision_type=8 2 10 10 10 2 2 10 2 2 2 2 10 2 2 2 8 10 10 10 10 2 10 2 2 2 2 10 10 10
left_child=1 3 12 -1 -5 -4 -3 -8 9 -9 -10 -12 13 14 15 17 -17 25 20 21 -19 22 -20 -23 29 -2 -27 -28 -26 -25
right_child=2 6 5 4 -6 -7 7 8 10 -11 11 -13 -14 -15 -16 16 -18 18 19 -21 -22 23 -24 24 28 26 27 -29 -30 -31
leaf_value=-0.0016303576263786794 -5.4368836639970612e-05 -0.016136983763339715 1.9344408543052134 0.0064037854597650814 -0.0031415409090829647 0.039084356008057736 0.064229322461132304 -0.0048019756166564126 -0.001195097648267783 0.0027188987703638452 -0.0020080046342102918 0.00023730481473041852 -0.36165073211747595 1.413668579255517 0.10398122028445431 -0.12483573602380595 0.74702638270669253 -0.05026658741785496 -0.029769570347330725 -0.38365068179036838 -0.0085229236503084841 -0.078272935995568102 0.73778136602526134 0.013939741352455428 -0.062940991882975084 -0.076628256519074248 0.35630643878832163 -0.044149242467794635 0.4275288258424349 -0.20339515313001688
leaf_weight=336 2410 76 20 24 26 33 26 27 35 22 112 98 20 21 46 22 24 359 55 38 555 70 67 190 37 29 99 21 132 67
leaf_count=336 2410 76 20 24 26 33 26 27 35 22 112 98 20 21 46 22 24 359 55 38 555 70 67 190 37 29 99 21 132 67
internal_value=-0.00235672 -0.0137916 -0.000269444 -0.0222353 -0.0108 0.0128276 -0.00537157 -0.00348923 -0.00499666 0.00377778 -0.006816 -0.00471628 -0.000448559 -0.000365905 -0.000474207 -0.000579904 0.00811765 -0.000687954 -0.00193905 0.000807867 -0.00391077 0.00191653 0.00892913 0.000107784 0.00193503 7.95632e-05 0.00677922 0.010032 0.00737931 -0.00169466
internal_weight=5097 782 4315 386 50 53 396 320 294 49 245 210 4262 4242 4221 4175 46 4129 1570 656 914 618 122 496 426 2559 149 120 169 257
internal_count=5097 782 4315 386 50 53 396 320 294 49 245 210 4262 4242 4221 4175 46 4129 1570 656 914 618 122 496 426 2559 149 120 169 257
is_linear=0
shrinkage=0.03


Tree=206
num_leaves=31
num_cat=0
split_feature=132 123 128 123 117 131 131 136 144 131 121 135 118 123 128 123 136 123 128 123 117 136 126 125 131 144 131 126 129 133
split_gain=122.736 70.6165 11.2574 6.87578 6.90337 6.87717 5.80145 8.31405 5.68378 5.22544 6.68848 5.12997 9.6082 7.74499 8.36626 8.42696 7.95241 7.37666 7.14154 6.47512 6.08265 6.40612 5.89141 5.55643 11.3141 7.1226 6.70306 8.23442 5.99226 5.40862
threshold=0.41666666666666669 1.0000000180025095e-35 743.50000000000011 19.500000000000004 13.500000000000002 5.5000000000000009 1.5000000000000002 4.4495335439635584 10.500000000000002 751.50000000000011 608.00000000000011 83.928571428571445 129.50000000000003 125.50000000000001 65.500000000000014 4.5000000000000009 10.691400687689693 25.500000000000004 90.500000000000014 152.50000000000003 61.500000000000007 44.848224706490406 -344.49999999999994 -4.4999999999999991 63.500000000000007 35.500000000000007 58.500000000000007 2.5000000000000004 3.5000000000000004 1.0000000180025095e-35
decision_type=8 2 10 2 2 8 10 10 2 10 2 10 2 2 10 2 10 2 10 2 2 10 10 8 10 2 10 8 10 10
left_child=1 6 9 4 5 -3 -1 -8 -4 10 11 12 13 14 23 16 -16 -17 -19 -14 21 -20 -13 26 -25 -26 27 28 -2 -29
right_child=2 3 8 -5 -6 -7 7 -9 -10 -11 -12 22 19 -15 15 17 -18 18 20 -21 -22 -23 -24 24 25 -27 -28 29 -30 -31
leaf_value=-0.0015814468975873192 -0.013481928351626919 -0.00095265393392664709 1.8764076286760576 -0.0099287059530802895 0.00078208337689044988 0.0033833535324448464 0.00621167189597213 -0.003047294681810476 0.037911825327815903 -0.35080121015395149 1.3712585218778519 -0.37281682752270651 0.55868762070300626 -0.15377190806876329 -0.028098981162081139 -0.0494925214045943 0.45745449839884661 0.096425090233190153 -0.12227853880369323 -0.038035057560484774 0.097072508967940924 0.04358484472366797 -0.011216373639906577 -0.00014332213344909307 -0.056310100676021296 0.0026379046528199977 0.26935819120911736 -0.062679676499605347 0.026260119602276359 0.0018263965823209548
leaf_weight=336 32 148 20 142 58 48 24 26 33 20 21 39 50 41 20 31 53 106 31 24 21 33 1345 1972 82 27 36 48 126 104
leaf_count=336 32 148 20 142 58 48 24 26 33 20 21 39 50 41 20 31 53 106 31 24 21 33 1345 1972 82 27 36 48 126 104
internal_value=-0.00228616 -0.0131817 -0.000297222 -0.00417456 -0.00113514 -0.00385075 -0.0222353 -0.0108 0.0128276 -0.000476682 -0.000394161 -0.000488405 0.000240676 -5.20231e-05 0.000151815 0.00488 0.0133846 0.00182379 0.00410204 0.010557 -0.00226667 -0.00686957 -0.00198272 -0.000429276 -0.00101822 -0.0102105 0.00305983 0.00150476 0.00622086 -0.00340127
internal_weight=5097 782 4315 396 254 196 386 50 53 4262 4242 4221 2837 2763 2722 295 73 222 191 74 85 64 1384 2427 2081 109 346 310 158 152
internal_count=5097 782 4315 396 254 196 386 50 53 4262 4242 4221 2837 2763 2722 295 73 222 191 74 85 64 1384 2427 2081 109 346 310 158 152
is_linear=0
shrinkage=0.03


Tree=207
num_leaves=31
num_cat=0
split_feature=132 123 128 124 131 136 144 124 144 117 131 117 127 130 144 144 120 135 132 126 133 38 117 130 126 119 119 136 128 128
split_gain=122.345 71.8224 11.1619 8.09242 5.80145 8.31405 5.68378 5.54048 13.1272 10.5698 9.43411 9.09866 9.57561 7.28448 7.0823 17.4895 6.87172 18.2782 12.6359 6.6746 7.51441 6.51605 5.8277 5.81098 8.22863 6.32778 5.06768 8.80934 8.07524 5.86973
threshold=0.41666666666666669 1.0000000180025095e-35 743.50000000000011 -19.499999999999996 1.5000000000000002 4.4495335439635584 10.500000000000002 -14.499999999999998 21.500000000000004 1.0000000180025095e-35 667.00000000000011 22.500000000000004 -0.25866188769414572 73.500000000000014 36.500000000000007 29.500000000000004 36.166666666666679 47.619047619047628 17.833333333333339 -70.499999999999986 19.80740423507957 1.0000000180025095e-35 209.50000000000003 29.500000000000004 3.5000000000000004 31.500000000000004 89.500000000000014 21.728513335478009 91.500000000000014 67.500000000000014
decision_type=8 2 10 2 10 10 2 2 2 2 10 2 10 10 2 2 2 10 8 10 10 2 2 10 10 2 2 10 10 10
left_child=1 4 7 -3 -1 -6 -4 8 16 14 21 -11 -13 -14 15 23 17 18 -2 -16 -21 -9 -15 25 26 -10 27 -25 -28 -29
right_child=2 3 6 -5 5 -7 -8 10 9 11 -12 12 13 22 19 -17 -18 -19 -20 20 -22 -23 -24 24 -26 -27 28 29 -30 -31
leaf_value=-0.0015340034906596996 0.0078009394093200082 -0.015355013071847116 1.8201153998157735 -0.00062596668120447189 0.0060253217390929649 -0.0029558758413561616 0.036774470567982005 0.0001252288622679032 0.033344791062836943 -0.16157431385214591 -0.35506037149105224 0.43103215055654365 0.013325590110711473 -0.19431991440491805 1.3955067830141059 -0.11167757478839643 -0.037004402229100598 0.049709621868793928 -0.16130971883983175 0.11630789843658584 -0.074183047327286353 0.61034847713902529 -0.00078339681860484234 0.076476935276879807 -0.072345043344826929 0.34367098357525683 0.3707545720199944 -0.10972521761820982 0.018533159219419133 0.050574532804963469
leaf_weight=336 39 76 20 320 24 26 33 3077 34 36 30 27 27 57 20 103 216 35 43 91 64 27 37 23 47 29 25 27 119 29
leaf_count=336 39 76 20 320 24 26 33 3077 34 36 30 27 27 57 20 103 216 35 43 91 64 27 37 23 47 29 25 27 119 29
internal_value=-0.00222736 -0.0131055 -0.000241667 -0.00402494 -0.0222353 -0.0108 0.0128276 -0.000420436 -0.00221889 -0.000105 0.000227461 -0.00631746 -0.00270588 -0.00638095 0.00179221 -0.000258503 -0.0071716 -0.00118033 -0.00889655 0.0068 0.004275 0.000403345 -0.0102424 0.00308876 0.00106909 0.0109412 0.00352632 -0.00242857 0.00680537 -0.0087541
internal_weight=5097 782 4315 396 386 50 53 4262 1128 795 3134 184 148 121 611 436 333 117 82 175 155 3104 94 333 270 63 223 79 144 56
internal_count=5097 782 4315 396 386 50 53 4262 1128 795 3134 184 148 121 611 436 333 117 82 175 155 3104 94 333 270 63 223 79 144 56
is_linear=0
shrinkage=0.03


Tree=208
num_leaves=31
num_cat=0
split_feature=135 120 123 117 139 146 145 120 144 144 136 133 128 130 136 123 130 118 131 125 135 128 131 126 140 127 124 126 125 128
split_gain=98.6845 77.4806 14.2708 12.1471 11.1142 7.3134 14.7097 9.2114 19.8104 14.517 8.96991 8.37502 7.56318 7.0363 7.00471 6.92166 9.01433 6.62219 6.7906 6.34801 6.20748 5.95863 6.97472 5.60478 5.54924 6.414 6.23908 5.18529 5.09027 8.46673
threshold=0.58571428571428574 1.0000000180025095e-35 15.500000000000002 620.00000000000011 -0.60785761079279388 15.500000000000002 17.500000000000004 0.50000000000000011 25.500000000000004 22.500000000000004 3.6323200932502391 1.9428090415820636 930.50000000000011 26.500000000000004 0.91466400133890147 216.50000000000003 9.5000000000000018 45.500000000000007 47.500000000000007 -71.999999999999986 7.3095238095238102 12.500000000000002 100.50000000000001 -32.499999999999993 -0.22252093395631442 -0.17316341829085455 1.0000000180025095e-35 1.0000000180025095e-35 -20.499999999999996 30.500000000000004
decision_type=8 2 2 2 2 2 2 2 2 2 10 8 10 10 10 2 10 2 10 8 10 10 10 10 2 10 2 8 10 10
left_child=1 -1 24 5 -4 12 15 8 9 20 -11 14 19 -13 -10 16 -7 18 -18 -2 -8 -12 -23 -6 -3 -26 -27 -28 29 -9
right_child=3 2 4 -5 23 6 7 28 11 10 21 13 -14 -15 -16 -17 17 -19 -20 -21 -22 22 -24 -25 25 26 27 -29 -30 -31
leaf_value=-0.0014879833859399087 -0.31041075528302825 0.0022289511361170259 0.023150765756224385 1.3301170093556469 0.13501093706923425 -0.017488770908685867 -5.0828954294105701e-05 0.14306678870419873 -0.00029963976664818524 0.021563319960245263 -0.00514627578369893 0.0026578979699497219 0.97465726543267006 -0.16554057867049266 -0.0123017542589095 -3.0437559674028187 0.013884577679459949 -0.036425170973294459 -0.025986031979351447 0.00023206919944772475 -0.10039159477977734 0.219270309067161 -0.12840822594525875 -0.019779697785321897 0.041049601832149368 -0.0011118861003658158 2.6000708184904208e-05 -0.0067780741413330931 -0.0014054878847295348 0.00063871071015416444
leaf_weight=346 25 86 34 33 20 62 24 95 20 25 28 67 24 21 100 29 40 37 31 1354 20 36 20 89 27 41 39 25 1991 308
leaf_count=346 25 86 34 33 20 62 24 95 20 25 28 67 24 21 100 29 40 37 31 1354 20 36 20 89 27 41 39 25 1991 308
internal_value=-0.00214504 -0.0125056 -0.00268852 -0.000462799 -0.00989189 -0.000610729 -0.00145792 -0.000878261 -0.00531148 0.00281013 0.00863158 -0.0112394 0.00116761 -0.00380645 -0.016272 -0.00923529 -0.00648 -0.00100885 0.00426316 0.00084104 -0.010898 0.00330337 0.0087541 -0.0144211 0.00212556 -0.00170803 -0.00512727 0.000782609 -0.000197582 0.00285294
internal_weight=5097 707 361 4390 143 4357 2954 2755 361 153 109 208 1403 88 120 199 170 108 71 1379 44 84 56 109 218 132 105 64 2394 403
internal_count=5097 707 361 4390 143 4357 2954 2755 361 153 109 208 1403 88 120 199 170 108 71 1379 44 84 56 109 218 132 105 64 2394 403
is_linear=0
shrinkage=0.03


Tree=209
num_leaves=31
num_cat=0
split_feature=132 123 128 123 144 107 131 136 126 144 117 103 124 140 117 121 128 136 121 126 126 128 143 131 143 129 123 118 136 117
split_gain=120.373 73.038 9.17133 8.90751 6.9696 6.19369 5.80145 8.31405 5.23968 6.80015 9.7312 4.99179 5.15827 6.55481 10.4041 8.15779 8.94738 11.4247 7.8783 6.89457 6.22411 5.99586 7.51172 8.70914 7.10418 10.5091 7.26743 8.15782 6.13137 5.9167
threshold=0.41666666666666669 1.0000000180025095e-35 857.50000000000011 19.500000000000004 10.500000000000002 1.0000000180025095e-35 1.5000000000000002 4.4495335439635584 -15.499999999999998 10.500000000000002 40.500000000000007 1.0000000180025095e-35 -4.4999999999999991 1.0000000180025095e-35 71.500000000000014 26.500000000000004 9.5000000000000018 17.057514296082392 84.500000000000014 26.500000000000004 -2.4999999999999996 67.500000000000014 41.500000000000007 116.50000000000001 40.500000000000007 208.50000000000003 50.500000000000007 50.500000000000007 22.611170738851932 165.00000000000003
decision_type=8 2 10 2 2 2 10 10 10 2 2 2 2 2 2 2 10 10 2 10 10 10 2 10 2 10 2 2 10 2
left_child=1 6 5 -3 -4 11 -1 -8 -5 -10 -11 12 13 14 15 -2 -17 18 20 -15 -18 28 24 -24 25 26 -23 -28 -19 -14
right_child=2 3 4 8 -6 -7 7 -9 9 10 -12 -13 29 19 -16 16 17 21 -20 -21 -22 22 23 -25 -26 -27 27 -29 -30 -31
leaf_value=-0.0014433438843617114 -0.025402905343104198 -3.8609646430022482e-05 1.7362722198583254 0.45967556083021771 -0.17789567656271116 0.0010614520731169641 0.0051976624881128171 -0.0027892429950455815 -0.0041285623018838509 -0.080545311324078037 0.72567843778348029 0.00088738084061059644 -0.00011701525964298298 0.0081515791546934585 -0.095932677375301839 -0.014364242806229086 0.0012847245017292151 0.027703579602763498 -0.0042846263198770993 -0.058656599443072076 0.12915908248338831 -0.051754731968756712 -0.12205725495613819 0.65949741839846177 -0.128768378364951 -0.23718891416874499 0.18029985960580788 0.024060729834995416 -0.1063912964531217 0.030269210544294083
leaf_weight=336 171 254 20 21 20 45 24 26 52 48 21 45 2485 324 128 61 41 24 78 34 88 23 33 63 52 63 35 72 79 331
leaf_count=336 171 254 20 21 20 45 24 26 52 48 21 45 2485 324 128 61 41 24 78 34 88 23 33 63 52 63 35 72 79 331
internal_value=-0.00223912 -0.0130292 -0.000269444 -0.00387531 0.0132 -0.00041215 -0.0222353 -0.0108 -0.0097551 -0.0120952 -0.00518919 -0.000536954 -0.000650119 -0.00215721 -0.00338976 -0.00218919 -0.00074477 0.000310976 0.0060566 0.00130579 0.0104776 -0.00239198 -0.000416185 0.00647525 -0.003216 -0.000424242 0.0044 0.00771429 -0.00855556 8.29493e-05
internal_weight=5097 782 4315 396 40 4275 386 50 142 121 69 4230 4185 1369 1011 883 712 651 207 358 129 444 341 96 245 193 130 107 103 2816
internal_count=5097 782 4315 396 40 4275 386 50 142 121 69 4230 4185 1369 1011 883 712 651 207 358 129 444 341 96 245 193 130 107 103 2816
is_linear=0
shrinkage=0.03


Tree=210
num_leaves=31
num_cat=0
split_feature=132 123 123 128 144 107 131 136 126 144 117 13 135 103 124 120 129 144 133 131 128 133 117 132 126 118 124 133 144 126
split_gain=119.461 74.2634 9.371 9.13331 6.9696 6.16045 5.80145 8.31405 5.23968 6.80015 9.7312 4.14609 4.63376 3.81889 4.0576 8.56844 8.65302 11.723 7.58754 9.06817 8.20142 6.95806 6.50867 6.4944 6.02918 8.38759 10.9219 6.91781 9.48984 6.27606
threshold=0.41666666666666669 1.0000000180025095e-35 19.500000000000004 857.50000000000011 10.500000000000002 1.0000000180025095e-35 1.5000000000000002 4.4495335439635584 -15.499999999999998 10.500000000000002 40.500000000000007 1.0000000180025095e-35 0.73214285714285732 1.0000000180025095e-35 -4.4999999999999991 8.8333333333333339 204.50000000000003 19.500000000000004 19.344816497187889 28.500000000000004 68.500000000000014 17.451517537106621 32.500000000000007 13.16666666666667 -8.4999999999999982 39.500000000000007 4.5000000000000009 31.044767237377581 40.500000000000007 -37.499999999999993
decision_type=8 2 2 10 2 2 10 10 10 2 2 2 8 2 2 2 10 2 10 8 10 10 2 8 8 2 2 10 2 10
left_child=1 6 -3 5 -5 11 -1 -8 -4 -10 -11 12 -2 14 15 23 18 -18 21 -20 -21 -17 -22 -14 25 26 -16 28 -27 -28
right_child=3 2 8 4 -6 -7 7 -9 9 10 -12 -13 13 -15 24 16 17 -19 19 20 22 -23 -24 -25 -26 27 29 -29 -30 -31
leaf_value=-0.0014000435678308601 0.00078513997070993021 -3.7451357037121803e-05 0.44588529400531118 1.6841840532625736 -0.17255880626583064 0.001029608510923463 0.0050417326134694325 -0.0027055657051942138 -0.0040047054328273355 -0.078128951984355724 0.70390808464997578 -0.0083431605107110226 -0.014763196798339311 0.00086075941539231593 0.0004504466203876234 0.0023008996516672747 -0.40668995279336312 -0.010061027939684664 -0.14282020552137836 -0.11701013887126673 0.061102925193623564 0.1728557121475103 -0.050202090009694014 -0.043853166721969566 -0.00013589677220942286 -0.24390595774545054 0.26581632479220602 0.039976258515989543 0.13485899110972696 0.1740041148260284
leaf_weight=336 56 254 21 20 20 45 24 26 52 48 21 21 90 45 107 648 73 192 60 84 110 24 23 61 2421 54 35 41 25 60
leaf_count=336 56 254 21 20 20 45 24 26 52 48 21 21 90 45 107 648 73 192 60 84 110 24 23 61 2421 54 35 41 25 60
internal_value=-0.00220384 -0.012953 -0.00372569 -0.000241667 0.0132 -0.000384112 -0.0222353 -0.0108 -0.0097551 -0.0120952 -0.00518919 -0.000508619 -0.000432843 -0.000554113 -0.000654996 -0.00198832 -0.00112715 -0.00586667 0.000213836 -0.00391489 -0.000918919 0.00194092 0.00365217 -0.00861538 8.73362e-06 0.00383486 0.00750725 -0.002352 -0.00742857 0.01464
internal_weight=5097 782 396 4315 40 4275 386 50 142 121 69 4230 4209 4153 4108 1365 1214 265 949 277 217 672 133 151 2743 322 202 120 79 95
internal_count=5097 782 396 4315 40 4275 386 50 142 121 69 4230 4209 4153 4108 1365 1214 265 949 277 217 672 133 151 2743 322 202 120 79 95
is_linear=0
shrinkage=0.03


Tree=211
num_leaves=31
num_cat=0
split_feature=132 123 123 132 131 136 126 144 117 121 107 146 145 130 124 132 138 117 133 120 146 123 126 124 129 132 144 130 129 129
split_gain=120.247 74.2634 9.371 7.68787 5.80145 8.31405 5.23968 6.80015 9.7312 4.88084 4.86983 4.74475 8.58618 10.6234 7.86284 9.14814 6.8016 10.8114 11.3573 10.4907 8.03235 8.88106 10.4348 7.90899 7.24977 9.39091 8.64959 6.77095 7.8277 7.02005
threshold=0.41666666666666669 1.0000000180025095e-35 19.500000000000004 872.50000000000011 1.5000000000000002 4.4495335439635584 -15.499999999999998 10.500000000000002 40.500000000000007 670.50000000000011 1.0000000180025095e-35 15.500000000000002 17.500000000000004 1.5000000000000002 -94.499999999999986 7.8333333333333348 0.84523809523809534 32.500000000000007 31.446601987008481 60.166666666666679 38.500000000000007 5.5000000000000009 6.5000000000000009 -102.49999999999999 54.500000000000007 42.166666666666679 42.500000000000007 1.5000000000000002 33.500000000000007 27.500000000000004
decision_type=8 2 2 10 10 10 10 2 2 2 2 2 2 10 2 10 10 2 10 2 2 2 10 2 10 10 2 10 10 10
left_child=1 4 -3 9 -1 -6 -4 -8 -9 10 11 -2 13 -13 -15 -16 20 18 19 24 23 -22 -23 -14 25 27 -26 -18 29 -29
right_child=3 2 6 -5 5 -7 7 8 -10 -11 -12 12 16 14 15 -17 17 -19 -20 -21 21 22 -24 -25 26 -27 -28 28 -30 -31
leaf_value=-0.0013580422607959342 0.00020657561045305916 -3.6327816326008147e-05 0.43250873518515187 0.9609696799225389 0.0048904806350653501 -0.0026243987340383874 -0.0038845642698425156 -0.075785083424825067 0.68279084211047625 2.0974205223953275 0.00099872025559576182 -0.030488424221746489 0.3514518939402359 -0.10110789213557526 -0.015092723595124749 0.0038145541169540024 -0.011989133026673053 0.0019844766122338342 -0.59569811349978363 0.11174199910747148 0.004462462706628121 -0.15031718363250832 0.0044368552236454658 0.00096523580141154547 -0.12391039630239163 0.036155674674434299 0.35947161526108723 -0.0039138491569627072 -0.090785961212426963 0.10977767612999166
leaf_weight=336 1362 254 21 38 24 26 52 48 21 31 45 34 118 62 20 76 37 765 51 111 40 76 44 806 84 43 20 368 53 31
leaf_count=336 1362 254 21 38 24 26 52 48 21 31 45 34 118 62 20 76 37 765 51 111 40 76 44 806 84 43 20 368 53 31
internal_value=-0.00216856 -0.012953 -0.00372569 -0.0002 -0.0222353 -0.0108 -0.0097551 -0.0120952 -0.00518919 -0.000327884 -0.000422018 -0.000533524 -0.00123207 -0.00727919 -0.00364417 0.00172277 -0.000778281 -0.00204337 -0.00447572 -0.00346277 0.00104132 -0.00505455 -0.009072 0.00212487 -0.00495164 -0.00345251 -0.012055 -0.00466397 -0.00353173 -0.0019901
internal_weight=5097 782 396 4315 386 50 142 121 69 4277 4246 4201 2839 192 158 96 2647 1563 798 747 1084 160 120 924 636 532 104 489 452 399
internal_count=5097 782 396 4315 386 50 142 121 69 4277 4246 4201 2839 192 158 96 2647 1563 798 747 1084 160 120 924 636 532 104 489 452 399
is_linear=0
shrinkage=0.03


Tree=212
num_leaves=31
num_cat=0
split_feature=132 123 128 123 144 126 144 144 121 103 107 126 101 146 146 122 123 132 132 125 128 30 126 130 127 102 136 132 136 135
split_gain=116.994 75.4986 9.20942 8.58431 6.9696 4.9322 7.74327 6.4895 5.33088 4.88858 5.00689 4.2442 4.05722 3.9769 8.04842 15.5558 13.1846 8.47303 12.6464 7.75618 12.6045 7.76093 7.35556 7.31327 8.59018 7.15338 7.41562 13.5265 12.666 7.3493
threshold=0.41666666666666669 1.0000000180025095e-35 857.50000000000011 19.500000000000004 10.500000000000002 -15.499999999999998 10.500000000000002 25.500000000000004 63.500000000000007 1.0000000180025095e-35 1.0000000180025095e-35 -1.0000000180025095e-35 1.0000000180025095e-35 15.500000000000002 20.500000000000004 1.0000000180025095e-35 19.500000000000004 7.416666666666667 16.166666666666668 -15.499999999999998 22.500000000000004 1.0000000180025095e-35 -37.499999999999993 167.50000000000003 -0.011332263242375599 1.0000000180025095e-35 7.5363065578610042 8.1666666666666696 6.4317450526070292 15.357142857142859
decision_type=8 2 10 2 2 10 2 2 2 2 2 8 2 2 2 2 2 10 10 10 10 2 10 10 10 2 10 10 10 10
left_child=1 11 9 -3 -4 -5 -7 8 -8 10 12 -1 13 -2 15 17 23 -15 -19 20 -16 25 -20 24 -17 26 28 -28 29 -21
right_child=2 3 4 5 -6 6 7 -9 -10 -11 -12 -13 -14 14 19 16 -18 18 22 21 -22 -23 -24 -25 -26 -27 27 -29 -30 -31
leaf_value=-0.0039295855395499284 0.00020526248119532298 -3.5237981836227902e-05 1.6048294412670236 0.41953347312959732 -0.18181106581371523 -0.0037680273417472401 -0.049213149004109009 -0.096165283021539746 1.0822469655856171 0.0008059795588881613 0.00096875864792789201 -0.0013173009929720561 0.018231204516984931 -0.013371139391998499 0.13195928311510724 -0.0012647578499413292 -0.035147689620324003 0.0059396336731906158 0.0079217136259537458 -0.0032157772421677589 0.0026061587087819757 0.10648434584609184 -0.089443547029607134 -0.033852739981712149 0.078058553842626818 0.017940023976801292 0.01742040641600185 -0.010775650307869001 -0.03697506780907487 0.016211302809411271
leaf_weight=27 1336 254 20 21 20 52 20 28 21 45 45 359 43 75 85 33 122 42 22 354 350 21 108 22 58 25 74 1221 89 105
leaf_count=27 1336 254 20 21 20 52 20 28 21 45 45 359 43 75 85 33 122 42 22 354 350 21 108 22 58 25 74 1221 89 105
internal_value=-0.00223912 -0.0128767 -0.000297222 -0.00357606 0.0132 -0.00934694 -0.011619 -0.00437838 0.00313043 -0.000440187 -0.000551122 -0.0222353 -0.000664439 -0.000765373 -0.00140662 -0.00491581 0.0006 -0.0100952 -0.0060678 -0.000667239 0.00291818 -0.00150158 -0.0106222 0.00783051 0.0115 -0.00172664 -0.00196104 -0.000710769 -0.00487161 -0.00276724
internal_weight=5097 782 4315 396 40 142 121 69 41 4275 4230 386 4185 4142 2806 482 235 247 172 2324 435 1889 130 113 91 1868 1843 1295 548 459
internal_count=5097 782 4315 396 40 142 121 69 41 4275 4230 386 4185 4142 2806 482 235 247 172 2324 435 1889 130 113 91 1868 1843 1295 548 459
is_linear=0
shrinkage=0.03


Tree=213
num_leaves=31
num_cat=0
split_feature=132 123 128 123 144 131 136 131 136 136 131 117 132 129 126 126 131 140 129 126 131 131 103 107 125 128 126 129 120 129
split_gain=113.786 76.7436 9.34328 7.8321 6.9696 5.80145 8.31405 5.69222 5.08396 9.51598 7.37121 5.27951 10.0692 8.50894 9.5581 6.95795 8.96626 6.32585 7.09906 5.60562 5.20101 6.6492 5.10895 5.26053 4.70997 10.8739 9.84998 7.44705 7.1499 6.91205
threshold=0.41666666666666669 1.0000000180025095e-35 857.50000000000011 19.500000000000004 10.500000000000002 1.5000000000000002 4.4495335439635584 751.50000000000011 106.5613686829051 102.61480185060492 522.50000000000011 225.50000000000003 152.50000000000003 210.00000000000003 -4.4999999999999991 -65.499999999999986 21.500000000000004 -0.22252093395631442 270.50000000000006 -18.499999999999996 402.50000000000006 63.500000000000007 1.0000000180025095e-35 1.0000000180025095e-35 -29.499999999999996 30.500000000000004 -17.499999999999996 5.5000000000000009 86.500000000000014 95.500000000000014
decision_type=8 2 10 2 2 10 10 10 10 10 8 2 10 10 10 8 10 2 10 8 10 10 2 2 8 10 8 10 2 8
left_child=1 5 7 -3 -4 -1 -7 8 9 11 20 13 -13 15 -15 16 -2 -16 -19 -14 21 -10 23 24 25 27 -27 -17 29 -28
right_child=2 3 4 -5 -6 6 -8 -9 10 -11 -12 12 19 14 17 22 -18 18 -20 -21 -22 -23 -24 -25 -26 26 28 -29 -30 -31
leaf_value=-0.0012777819631828943 -0.029470397363760979 -3.4180842381141073e-05 1.5566845580290156 -0.0081032276683837817 -0.17635673383930453 0.0047832852458025493 -0.0025061477422280739 -0.31295166442140726 -0.21745033536822858 -0.24326782362455218 1.0162816835890021 1.118108157030411 -0.1210485489391715 -0.22794957505755065 -0.11232686415922159 0.0073323394126676164 0.12707307751267105 0.71124321932265111 -0.013968941021026922 0.03719986634193731 -0.16858846786207948 0.34172834741552066 0.00078180017212154946 0.00093969588849005523 -0.00065843141236545224 0.42662411328206673 -0.0078256476799245436 0.24089935610439206 0.24978187808592081 -0.2203831983752198
leaf_weight=336 30 254 20 142 20 24 26 26 45 26 41 33 45 70 97 26 58 26 57 148 31 56 45 45 3097 26 97 41 40 69
leaf_count=336 30 254 20 142 20 24 26 26 45 26 41 33 45 70 97 26 58 26 57 148 31 56 45 45 3097 26 97 41 40 69
internal_value=-0.00230968 -0.0128005 -0.000394444 -0.00342643 0.0132 -0.0222353 -0.0108 -0.000538318 -0.000442877 -0.000660132 0.00451685 -0.000531196 0.00387013 -0.000797597 -0.00609412 -0.000417435 0.00767742 -0.00223784 0.00368182 0.0010303 0.000832117 0.00418868 -0.000634202 -0.00077307 -0.000915613 0.00264474 -0.000481013 0.0128333 -0.00281517 -0.00557895
internal_weight=5097 782 4315 396 40 386 50 4275 4249 4076 173 4050 226 3824 250 3574 88 180 83 193 132 101 3486 3441 3396 299 232 67 206 166
internal_count=5097 782 4315 396 40 386 50 4275 4249 4076 173 4050 226 3824 250 3574 88 180 83 193 132 101 3486 3441 3396 299 232 67 206 166
is_linear=0
shrinkage=0.03


Tree=214
num_leaves=31
num_cat=0
split_feature=135 120 128 117 127 131 124 128 127 144 136 136 124 145 127 125 144 126 145 135 128 117 126 126 118 129 129 124 127 133
split_gain=85.0566 73.215 11.1077 23.1986 15.7932 10.3129 9.41794 9.16339 8.95072 8.13112 10.815 10.1699 7.93254 7.91518 7.23589 7.12343 6.9696 6.85568 5.89314 5.73972 8.94838 12.2371 8.27713 11.4886 7.68635 6.49427 6.16193 7.91649 6.01187 7.63255
threshold=1.0000000180025095e-35 1.0000000180025095e-35 1.0000000180025095e-35 1.0000000180025095e-35 0.89898989898989912 1.0000000180025095e-35 -19.499999999999996 857.50000000000011 4.5000000000000009 31.500000000000004 4.4495335439635584 1.8182399368242301 20.500000000000004 12.500000000000002 -0.007222569879015435 -27.499999999999996 10.500000000000002 -1.4999999999999998 17.500000000000004 75.928571428571445 67.500000000000014 139.50000000000003 -1.0000000180025095e-35 -19.499999999999996 97.500000000000014 90.500000000000014 95.500000000000014 44.500000000000007 0.19279907084785136 0.87965281125489481
decision_type=8 2 8 2 10 10 2 10 10 2 10 10 2 2 10 10 2 10 2 10 10 2 10 8 2 10 10 2 8 10
left_child=1 -1 3 9 5 -5 -3 19 13 10 11 18 14 -8 15 -7 -9 -15 -2 20 21 24 23 -22 -4 -21 27 -24 -27 -30
right_child=2 6 7 4 -6 12 8 16 -10 -11 -12 -13 -14 17 -16 -17 -18 -19 -20 25 22 -23 26 -25 -26 28 -28 -29 29 -31
leaf_value=-0.0012394485042874076 -0.0020617743057365153 -0.0098856826660382053 -1.1988913276592683e-05 0.13062075233024256 -0.02632112154025595 0.26103423820709026 0.00011667306238176085 1.5099840212881452 -0.13566751381911168 -0.0036721997247584743 -0.015280551126542571 0.054648389707530817 0.13352711281121799 0.066206333786209964 0.0072488507024880272 -0.026219627257980844 -0.17106603182412469 -0.0040872697614697945 -0.00042148821731735414 -0.061041571872124507 0.028901519712115874 2.0763261724344853 0.33075312090045927 -0.079461718371349965 -0.14458964313627801 -0.0026298534757547998 -0.04087052120367362 -0.0378515474425032 0.13679288536848361 -0.32685348590085256
leaf_weight=296 20 63 2177 38 51 21 90 20 22 83 60 31 57 20 111 65 20 91 36 206 31 28 102 43 39 1116 34 26 41 59
leaf_count=296 20 63 2177 38 51 21 90 20 22 83 60 31 57 20 111 65 20 91 36 206 31 28 102 43 39 1116 34 26 41 59
internal_value=-0.00222736 -0.012971 -0.000828319 -0.0047128 0.000241379 0.0030101 -0.00204124 -0.000256904 0.000894737 -0.0119745 -0.00726316 -0.00026087 0.000671815 0.00302913 -0.00219802 -0.00850549 0.0132 -0.00227586 -0.00777049 -0.000413105 0.000456338 -0.000130725 0.00595021 -0.00220253 -0.000402521 -0.00192992 0.00966467 0.0125865 -0.00107617 -0.00794286
internal_weight=5097 582 4515 573 343 292 286 3942 223 230 147 87 254 201 197 86 40 111 56 3902 2480 2244 236 74 2216 1422 162 128 1216 100
internal_count=5097 582 4515 573 343 292 286 3942 223 230 147 87 254 201 197 86 40 111 56 3902 2480 2244 236 74 2216 1422 162 128 1216 100
is_linear=0
shrinkage=0.03


Tree=215
num_leaves=31
num_cat=0
split_feature=132 123 128 144 120 136 123 146 120 139 135 135 138 146 123 135 144 121 136 133 140 121 130 121 144 136 127 123 132 120
split_gain=97.9993 80.4208 9.43957 6.9696 6.66531 6.39727 5.98452 5.80237 8.84562 9.31231 9.0139 9.7992 10.9883 8.33465 7.2921 9.18267 8.70042 9.42785 7.94098 7.7755 7.21196 7.17382 5.93048 17.3532 8.65517 10.1873 6.20442 5.79724 5.78636 5.63199
threshold=1.0000000180025095e-35 1.0000000180025095e-35 857.50000000000011 10.500000000000002 234.66666666666669 1.737892477679319 19.500000000000004 15.500000000000002 1.0000000180025095e-35 1.0000000180025095e-35 0.46428571428571436 4.0714285714285721 0.84523809523809534 21.500000000000004 7.5000000000000009 9.071428571428573 33.500000000000007 1.5000000000000002 2.1297051394295194 2.2586347517122234 -0.56174490092936669 15.500000000000002 55.500000000000007 40.500000000000007 20.500000000000004 31.235118570982689 0.98461538461538478 103.50000000000001 9.1666666666666696 285.50000000000006
decision_type=8 2 10 2 2 10 2 2 2 2 10 8 10 2 2 10 2 2 10 10 2 2 10 2 2 10 10 2 10 2
left_child=1 5 7 -4 6 -1 -3 29 9 -9 -10 12 20 -11 16 21 18 -18 -13 -20 -12 -16 26 -24 25 27 -17 -25 -19 -2
right_child=2 4 3 -5 -6 -7 -8 8 10 13 11 14 -14 -15 15 22 17 28 19 -21 -22 -23 23 24 -26 -27 -28 -29 -30 -31
leaf_value=-0.0012022650491587854 8.6031984399066443e-05 -3.8913788449743752e-05 1.4646845006495015 -0.16593405086940266 3.6534730046956054e-05 -0.0017114302475982734 -0.013572596127587917 -0.010855150366671479 0.020422370176878424 -0.016902397600398876 0.0086150486496045613 0.026032577935981276 -0.013619748035858094 0.00034463011910183615 0.00048116034305230922 0.004718240949273653 -0.082701735058963957 0.061462433629366091 -0.017813845795088924 0.010514340450841906 -0.0046585408367887269 -0.026709176228838345 -0.15827570524049711 0.016770898678048169 0.00010765314051695896 -0.21439967508620741 -0.043048913788973825 -0.044755557541372275 -0.0013873976481305304 1.3220301730267146
leaf_weight=331 1359 225 20 20 21 35 115 115 26 22 45 30 48 178 37 747 20 20 28 164 100 90 56 39 895 100 45 20 117 29
leaf_count=331 1359 225 20 20 21 35 115 115 26 22 45 30 48 178 37 747 20 20 28 164 100 90 56 39 895 100 45 20 117 29
internal_value=-0.00216856 -0.0123279 -0.000464914 0.0132 -0.00219672 -0.0221402 -0.00328696 -0.000607612 -0.00136206 -0.006075 -0.000784195 -0.000976209 -0.00739394 -0.00201951 -0.000445089 -0.00116224 0.00334375 -0.002 0.00711013 0.00453807 -0.00296 -0.00881818 -0.000626114 -0.00203946 -0.00112748 -0.00746341 0.00134755 0.00225 0.00101408 0.00098636
internal_weight=5097 727 4370 40 361 366 340 4330 2942 315 2627 2601 193 200 2408 2029 379 157 222 192 145 127 1902 1110 1054 159 792 59 137 1388
internal_count=5097 727 4370 40 361 366 340 4330 2942 315 2627 2601 193 200 2408 2029 379 157 222 192 145 127 1902 1110 1054 159 792 59 137 1388
is_linear=0
shrinkage=0.03


Tree=216
num_leaves=31
num_cat=0
split_feature=132 123 131 124 128 144 131 122 125 144 121 144 119 126 13 101 144 144 130 124 133 131 122 104 135 125 135 135 130 139
split_gain=98.9193 83.0842 10.938 10.2799 9.34328 6.9696 5.69222 5.22349 6.2325 8.07572 4.84573 4.54868 4.677 5.94121 4.13583 3.85518 3.8732 7.6341 12.2842 8.9671 8.67429 7.14372 6.91223 6.38763 5.80992 8.42504 6.70358 6.8581 7.89968 14.0947
threshold=0.41666666666666669 1.0000000180025095e-35 1.5000000000000002 -19.499999999999996 857.50000000000011 10.500000000000002 751.50000000000011 18.500000000000004 11.500000000000002 5.5000000000000009 656.50000000000011 17.500000000000004 2.5000000000000004 1.0000000180025095e-35 1.0000000180025095e-35 1.0000000180025095e-35 15.500000000000002 17.500000000000004 1.5000000000000002 -94.499999999999986 3.529513042005219 566.50000000000011 345.50000000000006 1.0000000180025095e-35 157.45238095238099 -2.4999999999999996 218.50000000000003 325.57142857142861 380.00000000000006 -1.0000000180025095e-35
decision_type=8 2 10 2 10 2 10 2 10 2 2 2 2 8 2 2 2 2 8 2 8 8 2 2 10 10 10 10 10 2
left_child=1 2 -1 -3 6 -6 10 8 9 -5 14 -11 13 -13 15 16 24 18 -18 -20 -21 22 23 -19 -2 -26 -27 -28 -29 -30
right_child=4 3 -4 7 5 -7 -8 -9 -10 11 -12 12 -14 -15 -16 -17 17 21 19 20 -22 -23 -24 -25 25 26 27 28 29 -31
leaf_value=-0.0011661970976840218 0.00027572406536926494 -0.013165418243760279 -0.0018558449415357065 0.01073852117213242 1.420743965630014 -0.16095602934331907 -0.30348744847870762 3.5438688145547369e-05 -0.30339447730298119 -0.0010754080662524863 2.0044083917350952 0.0018253991390934177 -0.021239380704957907 -0.008729354477203348 -0.0089412949180620298 0.017746002920688467 -0.027196757112496292 -0.00076698045856094855 -0.087108358609498851 -0.016620237021626551 0.0076043078538233257 0.089919416721864986 -0.31839544232690398 -0.32352698294744398 -0.43268096138631279 -0.060469006737458385 0.85087533762221124 -0.059472869991010383 -0.17469494429274335 0.35530324011773357
leaf_weight=336 1115 76 50 32 20 20 26 59 22 43 21 78 60 26 21 43 32 2492 62 21 74 69 39 22 33 46 52 31 32 44
leaf_count=336 1115 76 50 32 20 20 26 59 22 43 21 78 60 26 21 43 32 2492 62 21 74 69 39 22 33 46 52 31 32 44
internal_value=-0.00218032 -0.0119619 -0.0217749 -0.00222943 -0.000394444 0.0132 -0.000538318 0.000166154 -0.00166917 -9.83607e-05 -0.000442877 -0.00237736 0 0.00379817 -0.000523033 -0.000447293 -0.000545455 -0.0011804 -0.00692784 -0.00311111 0.00264 -0.000751427 -0.00101798 -0.000807463 0.000768778 -0.0034321 -0.000971429 0.00197561 -0.00235714 0.00288889
internal_weight=5097 782 386 396 4315 40 4275 320 261 239 4249 207 164 104 4228 4207 4164 2811 189 157 95 2622 2553 2514 1353 238 205 159 107 76
internal_count=5097 782 386 396 4315 40 4275 320 261 239 4249 207 164 104 4228 4207 4164 2811 189 157 95 2622 2553 2514 1353 238 205 159 107 76
is_linear=0
shrinkage=0.03


Tree=217
num_leaves=31
num_cat=0
split_feature=132 123 131 124 128 145 144 125 131 144 121 136 13 124 124 131 135 123 117 135 120 125 135 144 138 145 130 130 122 131
split_gain=100.342 80.5084 10.938 9.64544 9.43941 7.03364 6.9696 5.73468 5.62874 5.60208 4.89928 4.70208 4.08545 3.83896 7.8995 6.79152 8.59424 8.55082 12.935 13.4075 8.10871 5.4858 8.87478 7.06121 7.76637 16.0357 13.0946 8.49814 8.81656 8.4992
threshold=0.41666666666666669 1.0000000180025095e-35 1.5000000000000002 -19.499999999999996 857.50000000000011 12.500000000000002 10.500000000000002 -9.4999999999999982 751.50000000000011 2.5000000000000004 656.50000000000011 4.4495335439635584 1.0000000180025095e-35 5.5000000000000009 7.5000000000000009 5.5000000000000009 26.642857142857149 15.500000000000002 38.500000000000007 17.732142857142861 11.500000000000002 3.5000000000000004 46.071428571428577 10.500000000000002 0.84523809523809534 17.500000000000004 1.5000000000000002 3.5000000000000004 49.500000000000007 67.500000000000014
decision_type=8 2 10 2 10 2 2 10 10 2 2 10 2 2 2 8 10 2 2 10 2 8 8 2 10 2 10 10 2 10
left_child=1 2 -1 -3 8 9 -6 -7 10 -5 12 -4 13 21 -15 -16 17 -17 19 -19 -18 23 -23 -2 25 -25 -26 -28 -29 -30
right_child=4 3 11 5 6 7 -8 -9 -10 -11 -12 -13 -14 14 15 16 20 18 -20 -21 -22 22 -24 24 26 -27 27 28 29 -31
leaf_value=-0.0011312111847535011 0.00030225149541806271 -0.012770455696447471 0.0031073532528765662 -0.0044708448065991641 1.3781216466611146 0.1286294664977605 -0.15612734846301804 -0.0015741677879653687 -0.2943828250243456 3.4375527501180949e-05 1.9442761399830431 -0.0018655285204909353 -0.0086730560705201697 0.052464202031250413 -0.023453628125659733 0.046214184740201815 -0.15888331676390863 -0.050043616426377856 0.26745671141497157 0.10758266561009878 0.0044572131371444354 -0.0075942403503889578 -0.0038222745491917464 -0.023558174616561692 -0.010180787590930544 0.0027869043860546715 0.0073871530427430353 -0.012398251654489677 0.20445731031556155 -3.5809572858553903e-05
leaf_weight=336 728 76 24 29 20 21 20 199 26 71 21 26 21 58 148 37 46 53 64 24 647 66 194 44 70 744 80 1022 32 150
leaf_count=336 728 76 24 29 20 21 20 199 26 71 21 26 21 58 148 37 46 53 64 24 647 66 194 44 70 744 80 1022 32 150
internal_value=-0.00226264 -0.0121144 -0.0217749 -0.00252868 -0.000463889 -0.000166154 0.0132 -0.00317333 -0.000608411 0.00622857 -0.000513399 -0.00752727 -0.000593905 -0.000518519 0.00102033 0.000375 0.00139726 0.00718033 0.00345205 -0.00468293 -0.000120344 -0.00105072 -0.00518491 -0.000665739 -0.00153423 0.000824716 -0.00290949 -0.00218309 -0.00282382 0.00317647
internal_weight=5097 782 386 396 4315 320 40 220 4275 100 4249 50 4228 4207 1077 1019 871 178 141 77 693 3130 260 2870 2142 788 1354 1284 1204 182
internal_count=5097 782 386 396 4315 320 40 220 4275 100 4249 50 4228 4207 1077 1019 871 178 141 77 693 3130 260 2870 2142 788 1354 1284 1204 182
is_linear=0
shrinkage=0.03


Tree=218
num_leaves=31
num_cat=0
split_feature=135 120 124 127 127 146 129 131 121 124 129 127 126 139 133 135 127 143 131 142 44 144 136 135 125 144 129 126 118 143
split_gain=89.7463 84.1581 11.2414 9.63466 11.327 8.27612 7.66916 6.45525 14.4859 5.07453 10.8437 8.58199 7.71255 6.24409 7.18212 6.98432 5.89299 8.03698 5.7478 5.40587 5.30372 6.149 11.1226 9.48102 9.18827 11.0138 7.85107 7.0094 6.805 5.84142
threshold=0.58571428571428574 1.0000000180025095e-35 -19.499999999999996 0.44058823529411767 0.11851478494623657 26.500000000000004 1105.0000000000002 841.50000000000011 670.50000000000011 1.0000000180025095e-35 1.0000000180025095e-35 -0.61180555555555549 26.500000000000004 1.0000000180025095e-35 1.4571067811865477 4.9285714285714297 0.10045871559633029 41.500000000000007 4.5000000000000009 9.5000000000000018 1.0000000180025095e-35 10.500000000000002 52.952284605681776 382.28571428571433 -20.499999999999996 19.500000000000004 39.500000000000007 -70.499999999999986 88.500000000000014 41.500000000000007
decision_type=8 2 2 10 8 2 10 10 2 2 10 8 8 2 8 10 10 2 8 2 2 2 10 10 10 2 10 10 2 2
left_child=1 -1 -3 4 5 -4 7 8 9 10 13 -11 16 14 -2 18 20 19 -15 -18 21 22 -12 24 25 -23 -27 29 -28 -26
right_child=6 2 3 -5 -6 -7 -8 -9 -10 11 12 -13 -14 15 -16 -17 17 -19 -20 -21 -22 23 -24 -25 27 26 28 -29 -30 -31
leaf_value=-0.0010972748492108961 -0.0044440414948806453 -0.010669276296564362 0.00065697320087886176 -0.01990730041432786 0.012775007810850838 -0.0036543785870171469 0.4277575042261742 -0.43996716102041544 4.4161780084920776 -0.12059193080732748 0.00018408282492194062 0.0026095505137034357 -0.095868546037706531 -0.0047563501129030397 -0.0065867071895139564 -0.0055875879309554739 -0.063733688017655402 -0.22350366855593581 0.006586442798043793 0.018704743968203288 -0.16018569931498808 -0.32280879753037089 0.94321454603531207 -0.15323195480176921 0.00973454202209483 0.30719859629036872 -0.026999041763973108 -0.0026200520043278886 0.23201566270524138 0.75043816158606191
leaf_weight=346 62 66 157 61 28 49 22 22 27 33 626 1296 65 27 154 48 25 25 38 32 25 22 53 122 37 40 73 1400 95 21
leaf_count=346 62 66 157 61 28 49 22 22 27 33 626 1296 65 27 154 48 25 25 38 32 25 22 53 122 37 40 73 1400 95 21
internal_value=-0.00220384 -0.0120843 -0.00186885 0.00068 0.00348954 0.000824645 -0.000599317 -0.000698376 -0.000605378 -0.000754857 -0.0014404 0.000782609 -0.000796699 -0.00653892 -0.00947511 -0.000711864 -0.000528258 -0.0082069 0.00548571 -0.00135484 -0.000259627 -0.000105854 0.00231579 -0.00102149 -0.000421737 0.00508085 0.00729577 -0.00130827 0.00412717 0.00847619
internal_weight=5097 707 361 295 234 206 4390 4368 4346 4319 2990 1329 2661 329 216 113 2596 82 65 57 2514 2489 679 1810 1688 230 208 1458 168 58
internal_count=5097 707 361 295 234 206 4390 4368 4346 4319 2990 1329 2661 329 216 113 2596 82 65 57 2514 2489 679 1810 1688 230 208 1458 168 58
is_linear=0
shrinkage=0.03


Tree=219
num_leaves=31
num_cat=0
split_feature=132 123 131 128 123 144 126 144 131 117 13 144 132 133 121 117 128 131 144 136 136 121 130 126 144 123 123 132 130 131
split_gain=109.378 70.5898 12.9002 9.36247 7.82539 6.9696 6.64452 7.63717 5.6795 6.04287 4.08169 4.02488 3.9459 3.86441 4.9921 8.05438 5.88531 5.42586 7.46432 5.83188 5.11126 7.31074 7.41222 6.53255 7.66434 6.47122 6.40696 6.24548 11.3196 5.1278
threshold=0.41666666666666669 1.0000000180025095e-35 1.5000000000000002 857.50000000000011 22.500000000000004 10.500000000000002 -15.499999999999998 10.500000000000002 751.50000000000011 541.50000000000011 1.0000000180025095e-35 25.500000000000004 606.16666666666674 180.95609197269218 353.00000000000006 289.50000000000006 559.50000000000011 225.50000000000003 41.500000000000007 117.80681479316767 102.61480185060492 144.50000000000003 208.50000000000003 -29.499999999999996 29.500000000000004 130.50000000000003 68.500000000000014 147.50000000000003 150.50000000000003 36.500000000000007
decision_type=8 2 10 10 2 2 10 2 10 2 2 2 10 10 2 2 8 10 2 10 10 2 10 8 2 2 2 10 8 8
left_child=1 2 -1 8 -3 -5 -6 -8 9 10 13 -9 -11 14 15 17 -16 19 -19 20 21 22 23 24 -2 -25 -26 29 -29 -23
right_child=3 4 -4 5 6 -7 7 11 -10 12 -12 -13 -14 -15 16 -17 -18 18 -20 -21 -22 27 -24 25 26 -27 -28 28 -30 -31
leaf_value=-0.0010643566037345691 0.038264771974895577 -5.9549997292019131e-05 -0.0016210891386456568 1.3162134165073598 0.65588949778007455 -0.15126038315721246 -0.0038341073939758422 0.084363978862519826 -0.41803668052837734 0.65924723833090859 -0.0083342628282747269 -0.13393285324889131 -0.00036946434882850098 0.74783596807922381 -0.1379300053498872 1.0799294079647888 0.058020237683367094 -0.096486362450743574 0.087924936597382833 0.82392613567930029 -0.30042871073330701 0.47434261991252297 -0.12341802500873882 -0.00024948793693278402 -0.041744762831553123 -0.091922836367345148 0.26041495507682361 -0.3658924727378931 0.0079145009826129351 0.081813518493603674
leaf_weight=336 93 282 50 20 20 20 40 34 26 33 21 20 28 36 99 48 54 195 21 35 30 25 47 2995 47 63 34 31 133 181
leaf_count=336 93 282 50 20 20 20 40 34 26 33 21 20 28 36 99 48 54 195 21 35 30 25 47 2995 47 63 34 31 133 181
internal_value=-0.00228616 -0.0125718 -0.0216215 -0.000408333 -0.00357606 0.0132 -0.0100336 -0.0132727 -0.000552336 -0.000456982 -0.000599571 -0.00498305 0.00854545 -0.00052349 -0.000615087 -0.000405222 -0.0058481 -0.000562643 -0.00513122 -0.000288787 -0.000413681 -0.000302135 -0.000756395 -0.000572753 0.00499441 -0.000899119 -0.00167442 0.003664 -0.000674556 0.00708057
internal_weight=5097 782 386 4315 396 40 114 94 4275 4249 4188 54 61 4167 4131 3978 153 3930 216 3714 3679 3649 3279 3232 174 3058 81 370 164 206
internal_count=5097 782 386 4315 396 40 114 94 4275 4249 4188 54 61 4167 4131 3978 153 3930 216 3714 3679 3649 3279 3232 174 3058 81 370 164 206
is_linear=0
shrinkage=0.03


Tree=220
num_leaves=31
num_cat=0
split_feature=132 123 128 136 124 125 145 145 136 124 118 124 127 127 143 143 145 145 132 125 118 124 146 129 128 136 133 136 146 130
split_gain=107.762 71.7941 9.39061 9.22119 7.83939 7.17864 7.13344 6.37977 6.03101 5.57059 4.63181 3.96671 6.98883 5.99914 7.53378 6.27404 5.74918 8.11642 9.79891 9.23504 8.92686 7.82082 6.93472 7.21275 6.56967 6.46943 6.81931 6.23186 6.09875 14.0609
threshold=0.41666666666666669 1.0000000180025095e-35 761.00000000000011 1.6949908403273144 -19.499999999999996 11.500000000000002 10.500000000000002 7.5000000000000009 4.4495335439635584 9.5000000000000018 655.50000000000011 1.0000000180025095e-35 -0.61180555555555549 0.10045871559633029 41.500000000000007 40.500000000000007 10.500000000000002 36.500000000000007 146.83333333333334 -129.49999999999997 208.50000000000003 -100.49999999999999 28.500000000000004 134.50000000000003 465.50000000000006 64.219013008174997 2.4972191289246477 46.19498877789551 21.500000000000004 1.5000000000000002
decision_type=8 2 10 10 2 10 2 2 10 2 2 2 8 8 2 2 2 2 10 10 2 2 2 10 10 10 10 10 2 10
left_child=1 3 10 -1 -3 7 -4 -6 -5 -9 11 13 -13 16 15 -15 24 18 19 -18 -20 27 23 28 -2 26 -23 -19 29 -21
right_child=2 4 6 8 5 -7 -8 9 -10 -11 -12 12 -14 14 -16 -17 17 21 20 22 -22 25 -24 -25 -26 -27 -28 -29 -30 -31
leaf_value=-0.0010324259056225321 9.0022760472623363e-05 -0.011952240514837842 1.2767270140121423 0.0035977307740744867 0.0018240944560392566 -0.00093781045179418764 0.0074765882697772667 -0.0005115882315140899 -0.0022233439409167933 0.098724057524430864 1.1240197301336672 -0.12680154391280149 0.0022375015007529983 -0.0063816213357205552 -0.19880034861701115 0.032771698347398945 0.53854386102759588 -0.038057906973256658 -0.28135706911724412 -0.0096531275320925879 -0.0025454205101880234 -0.0041207269099009444 -0.016181203761949588 0.14982512771560039 0.8929908514074506 -0.34118991544871929 0.017671656580940328 0.77051043302430144 0.00087337013932105019 -0.0030698837020471624
leaf_weight=333 689 76 20 21 50 41 30 209 32 20 23 31 1290 117 31 21 25 38 168 77 115 103 274 31 36 31 235 52 429 449
leaf_count=333 689 76 20 21 50 41 30 209 32 20 23 31 1290 117 31 21 25 38 168 77 115 103 274 31 36 31 235 52 429 449
internal_value=-0.00228616 -0.0124956 -0.000422222 -0.0216215 -0.00342643 -0.00127385 0.0118909 0.000507042 -0.00868966 -0.00164103 -0.000581733 -0.000662585 0.000696833 -0.00127956 -0.00668966 -0.00331469 -0.000933624 -0.00175394 -0.00278067 -0.00164651 -0.00779167 0.00173276 -0.00203478 -0.000841574 0.00134795 -0.000224599 0.00103207 0.00941053 -0.0013375 -0.00349153
internal_weight=5097 782 4315 386 396 320 50 279 53 229 4265 4242 1321 2921 169 138 2752 2027 1568 1285 283 459 1260 986 725 369 338 90 955 526
internal_count=5097 782 4315 386 396 320 50 279 53 229 4265 4242 1321 2921 169 138 2752 2027 1568 1285 283 459 1260 986 725 369 338 90 955 526
is_linear=0
shrinkage=0.03


Tree=221
num_leaves=31
num_cat=0
split_feature=132 123 131 128 124 144 125 131 124 139 118 125 125 124 128 136 118 122 126 126 132 34 118 125 132 131 117 140 136 128
split_gain=112.524 67.0293 14.9874 9.22849 6.99935 6.9696 6.47945 6.76232 4.16419 3.69691 4.4045 3.43222 8.95867 4.28942 11.6369 5.17982 4.81082 3.6802 9.70697 7.6247 8.38128 7.6285 5.94346 7.07358 10.2882 6.15981 10.8571 7.60313 5.89288 5.87114
threshold=0.41666666666666669 1.0000000180025095e-35 1.5000000000000002 857.50000000000011 -19.499999999999996 10.500000000000002 11.500000000000002 31.500000000000004 9.5000000000000018 -1.0000000180025095e-35 2.5000000000000004 142.00000000000003 78.500000000000014 210.50000000000003 421.00000000000006 330.28838155088494 236.50000000000003 16.500000000000004 -18.499999999999996 3.5000000000000004 64.166666666666671 1.0000000180025095e-35 29.500000000000004 -20.499999999999996 15.500000000000002 82.500000000000014 153.50000000000003 -0.56174490092936669 88.317827526853321 1.0000000180025095e-35
decision_type=8 2 10 10 2 2 10 8 2 2 2 10 10 2 10 10 2 2 8 8 10 2 2 10 10 8 2 2 10 10
left_child=1 2 -1 11 9 -5 7 8 -6 -3 -11 12 13 15 16 17 -15 19 -19 21 -21 28 -20 -24 -25 -26 -27 -28 29 -2
right_child=3 4 -4 5 6 -7 -8 -9 -10 10 -12 -13 -14 14 -16 -17 -18 18 22 20 -22 -23 23 24 25 26 27 -29 -30 -31
leaf_value=-0.0010014531284538561 -0.0057408387054781801 -0.012596719733761532 -0.0015057561462587833 1.2384252035917802 -0.00048478673131356219 -0.14694686931058926 -0.00090967613824036208 0.0042718807914600646 0.095762335798697931 -0.021919522096865332 -0.0081940609796320573 0.2663919935876275 -0.40077146772133354 0.91391594119515362 -0.12948309862788959 -0.31828797215038662 0.031674124848274803 -0.13203818120616403 0.069741292380962855 -0.0035558186160460714 -0.12557980112628356 0.86644252407931477 0.17615817519544741 -0.059347944818870881 0.017867672995944408 -0.068502656974919279 0.06084064185922898 -0.004809346911606411 0.303815645287911 -3.2288001687734709e-05
leaf_weight=336 185 29 50 20 212 20 41 47 20 23 24 26 36 29 39 20 23 84 45 406 155 25 118 25 252 126 61 110 132 2378
leaf_count=336 185 29 50 20 212 20 41 47 20 23 24 26 36 29 39 20 23 84 45 406 155 25 118 25 252 126 61 110 132 2378
internal_value=-0.0022156 -0.012648 -0.021468 -0.000311111 -0.00387531 0.0132 -0.00182769 -8.4507e-05 -0.00225316 -0.0117778 -0.0166154 -0.000454206 -0.000527504 -0.000389758 0.005875 -0.000536467 0.0146316 -0.000451424 0.00133656 -0.000902009 -0.00407067 -0.00024 0.00245822 0.00171306 0.000300518 0.00123466 -0.00166887 0.00320455 -0.000408889 -0.000733645
internal_weight=5097 782 386 4315 396 40 320 279 232 76 47 4275 4249 4213 91 4122 52 4102 821 3281 561 2720 737 692 574 549 297 171 2695 2563
internal_count=5097 782 386 4315 396 40 320 279 232 76 47 4275 4249 4213 91 4122 52 4102 821 3281 561 2720 737 692 574 549 297 171 2695 2563
is_linear=0
shrinkage=0.03


Tree=222
num_leaves=31
num_cat=0
split_feature=132 123 136 128 139 118 131 144 144 124 121 131 38 128 126 121 126 126 131 127 130 139 130 129 118 126 136 126 122 143
split_gain=113.964 62.6649 10.4982 9.2879 6.98197 12.7206 7.13244 9.61515 6.9696 4.34247 3.4739 3.55802 4.79483 3.93317 13.96 10.6007 8.156 8.05035 11.2893 5.9901 5.7423 5.15319 6.82274 6.26024 5.05509 4.25536 5.01343 4.67445 5.29697 7.09222
threshold=1.0000000180025095e-35 1.0000000180025095e-35 1.737892477679319 857.50000000000011 -1.0000000180025095e-35 24.500000000000004 4.5000000000000009 2.5000000000000004 10.500000000000002 1.5000000000000002 670.50000000000011 674.00000000000011 1.0000000180025095e-35 265.00000000000006 -22.499999999999996 324.00000000000006 -1.0000000180025095e-35 -65.499999999999986 21.500000000000004 -0.52315789473684193 265.00000000000006 -0.60785761079279388 364.00000000000006 322.00000000000006 222.50000000000003 -53.499999999999993 102.61480185060492 -45.499999999999993 16.500000000000004 40.500000000000007
decision_type=8 2 10 10 2 2 8 2 2 2 2 10 2 10 8 2 10 8 10 10 10 2 8 10 2 8 10 8 2 2
left_child=1 2 -1 10 -3 6 9 -8 -5 -6 11 12 13 15 20 17 -17 18 -2 -16 -15 -21 23 24 -23 -19 27 -27 29 -29
right_child=3 4 -4 8 5 -7 7 -9 -10 -11 -12 -13 -14 14 19 16 -18 25 -20 21 -22 22 -24 -25 -26 26 -28 28 -30 -31
leaf_value=-0.00097140953460024028 -0.028845599944180868 9.8696754067422306e-05 -0.001220312821606225 1.2012724474840275 -0.003679492834463343 -0.005338815700766949 -0.0058016809163950874 0.0096880511339077057 -0.1425384632312722 -2.7872248488429001e-05 1.7514240825553826 -0.36138916178138342 0.50286353532418959 -0.021201282323985993 -0.1560250933133136 1.3918275354185936 -0.13962041685750817 -0.055460824604249399 0.18646166784197588 -0.034027146849304586 -0.43500450735617957 0.58576270803166264 0.073617023947941784 -0.13379383723215199 -0.41163655442937053 0.011461443593254721 -0.10773648956716102 -4.9142637479349105e-06 0.0046153167567562292 -0.0038963920792052863
leaf_weight=331 36 132 35 20 66 48 42 28 20 45 33 30 33 33 23 35 22 34 72 69 45 22 127 39 23 28 45 1870 640 1071
leaf_count=331 36 132 35 20 66 48 42 28 20 45 33 30 33 33 23 35 22 34 72 69 45 22 127 39 23 28 45 1870 640 1071
internal_value=-0.00219208 -0.0131475 -0.0218167 -0.0003552 -0.00416393 -0.00728205 -0.00335484 0.00392 0.0132 -0.00796552 -0.000496886 -0.000577406 -0.000497191 -0.000593064 -0.00348187 -0.000301711 0.012 -0.000503552 0.00738053 -0.000467532 -0.0143855 0.000821053 0.00316667 -0.00330337 0.00408 -0.000745735 -0.000637879 -0.000504704 -0.000609035 -0.00114868
internal_weight=5097 727 366 4370 361 229 181 70 40 111 4330 4297 4267 4234 381 3853 57 3796 108 303 78 280 211 84 45 3688 3654 3609 3581 2941
internal_count=5097 727 366 4370 361 229 181 70 40 111 4330 4297 4267 4234 381 3853 57 3796 108 303 78 280 211 84 45 3688 3654 3609 3581 2941
is_linear=0
shrinkage=0.03


Tree=223
num_leaves=31
num_cat=0
split_feature=132 123 136 128 144 123 139 118 136 135 136 132 144 128 132 139 136 125 139 124 132 118 121 133 126 124 136 125 136 133
split_gain=112.752 63.8681 10.4982 9.26902 6.9696 6.72353 7.55612 9.58876 6.65137 4.12596 4.5641 4.28659 11.3311 7.47939 6.51813 5.04673 4.61913 3.64394 10.8063 6.60989 6.4955 6.13392 8.67748 7.44756 7.31779 7.06951 6.37973 8.49966 5.88128 5.82279
threshold=1.0000000180025095e-35 1.0000000180025095e-35 1.737892477679319 857.50000000000011 10.500000000000002 19.500000000000004 -1.0000000180025095e-35 24.500000000000004 330.28838155088494 0.73214285714285732 0.49238480393101464 3.5000000000000004 3.5000000000000004 4.5000000000000009 3.8333333333333335 -0.8783796973249266 1.3041727235463063 28.500000000000004 -0.60785761079279388 29.500000000000004 144.83333333333334 201.50000000000003 186.50000000000003 64.506648349996382 -214.99999999999997 -2.4999999999999996 50.727360195513228 -13.499999999999998 33.510210979713555 80.612240565926058
decision_type=8 2 10 10 2 2 2 2 10 8 10 8 2 10 8 2 10 10 2 2 10 2 2 10 8 2 8 10 10 10
left_child=1 2 -1 8 -5 -3 -7 -8 9 10 -2 12 -11 15 -13 16 -14 19 -19 21 -20 22 23 -16 -24 -25 28 -28 -23 -29
right_child=3 5 -4 4 -6 6 7 -9 -10 11 -12 14 13 -15 17 -17 -18 18 20 -21 -22 26 24 25 -26 -27 27 29 -30 -31
leaf_value=-0.00094226724856223318 0.0024777738225277689 -3.1018048822412876e-05 -0.0011837034369580385 1.1652342740595099 -0.1382623093343352 0.0001323615883567325 -0.021087886006467518 -0.0051786512297439411 -0.27378369391248608 0.0030732503256512755 -0.00030071161409454768 0.016484410029504824 -1.9554495594977792e-05 0.0070001679098549629 -0.00073033504410588532 -0.0004276283433349959 -0.01526637760531489 -0.45082041889418845 0.10802018442848237 0.021130110468890066 -0.13862830718614574 0.0096851216463269899 0.056346976830084695 -0.013567913449313166 -0.2275355186950847 0.34751578537779193 1.2899218667295018 0.13944799921251103 -0.072701586971544427 -0.10165584832831094
leaf_weight=331 34 226 35 20 20 47 51 37 22 34 50 21 23 26 2605 324 28 40 71 519 64 68 20 33 115 46 61 61 35 30
leaf_count=331 34 226 35 20 20 47 51 37 22 34 50 21 23 26 2605 324 28 40 71 519 64 68 20 33 115 46 61 61 35 30
internal_value=-0.00216856 -0.0130656 -0.0218167 -0.000341486 0.0132 -0.004 -0.00917143 -0.014129 -0.000483045 -0.000388129 0.006 -0.000523528 -0.00332727 -0.00478818 -0.000196099 -0.00590526 -0.0143571 -0.000300557 -0.00446667 -9.005e-05 -0.000171429 -0.00062163 -0.00102833 -0.000644849 -0.00831429 0.00814286 0.00378462 0.0076051 -0.00188889 0.0015
internal_weight=5097 727 366 4370 40 361 135 88 4330 4308 84 4224 435 401 3789 375 51 3768 175 3593 135 3074 2819 2684 135 79 255 152 103 91
internal_count=5097 727 366 4370 40 361 135 88 4330 4308 84 4224 435 401 3789 375 51 3768 175 3593 135 3074 2819 2684 135 79 255 152 103 91
is_linear=0
shrinkage=0.03


Tree=224
num_leaves=31
num_cat=0
split_feature=132 123 136 128 124 145 118 125 131 121 145 3 135 128 98 132 137 132 139 130 117 131 136 136 121 145 120 125 139 131
split_gain=103.985 73.8878 10.4982 9.06242 7.1758 6.9696 5.32222 6.91098 8.90118 5.02291 4.94527 4.48522 4.00398 4.04806 3.51071 3.67713 10.3496 5.58826 5.56542 6.26591 7.91193 5.65702 6.89993 6.97207 5.51321 4.86845 4.08046 3.77723 11.0733 5.31563
threshold=1.0000000180025095e-35 1.0000000180025095e-35 1.737892477679319 857.50000000000011 -19.499999999999996 10.500000000000002 229.00000000000003 11.500000000000002 4.5000000000000009 5.5000000000000009 11.500000000000002 1.0000000180025095e-35 0.73214285714285732 1.0000000180025095e-35 1.0000000180025095e-35 3.5000000000000004 4.5000000000000009 3.8333333333333335 -0.8783796973249266 1.0000000180025095e-35 1.0000000180025095e-35 3.5000000000000004 1.3923799061403839 0.66936538861185257 14.500000000000002 12.500000000000002 1.0000000180025095e-35 28.500000000000004 -0.60785761079279388 167.50000000000003
decision_type=8 2 10 10 2 2 2 10 8 2 2 2 8 8 2 8 2 8 2 10 2 10 8 10 2 2 2 10 2 8
left_child=1 2 -1 11 10 -5 7 8 -6 -10 -3 12 13 -2 15 16 -14 -17 -18 20 -20 22 23 25 -23 -21 -27 -19 -29 -30
right_child=3 4 -4 5 6 -7 -8 -9 9 -11 -12 -13 14 -15 -16 17 18 27 19 21 -22 24 -24 -25 -26 26 -28 28 29 -31
leaf_value=-0.00091399923110536616 -0.00066207876597023188 -0.0062591534091705238 -0.0011481923338492971 1.1302772458377262 -0.00044039357330236535 -0.13411444005430553 0.00013606585478625883 -0.29332910656068756 -0.0004024797838412299 0.0093983401413551479 -0.010242138591803916 -0.01049256740710373 0.0014877098049412396 0.0024344870598213232 -0.060347358147268645 0.020772442732875832 -0.012183753709858535 4.2991980988400513e-05 -0.0024354555034241969 -0.00023773238194019442 0.035564468691911308 -0.0009931800503228149 0.0095329023543102021 -0.0086445584789199906 -0.026691746377443301 0.10102273660183964 -0.003822379329953256 -0.43729580632736287 0.11290670035757187 -0.13446945797056159
leaf_weight=331 29 43 35 20 182 20 21 23 30 33 29 41 47 53 32 20 54 3553 36 41 30 59 43 46 27 21 24 40 72 62
leaf_count=331 29 43 35 20 182 20 21 23 30 33 29 41 47 53 32 20 54 3553 36 41 30 59 43 46 27 21 24 40 72 62
internal_value=-0.00194512 -0.0124098 -0.0218167 -0.000190629 -0.00268852 0.0132 -0.000489796 -0.00173626 -9.6e-05 0.00917647 -0.0108312 -0.000330796 -0.000229157 0.00613793 -0.000361823 -0.000278469 -0.00289607 2.23881e-05 -0.00456995 -0.00296386 0.00498592 -0.00505263 -0.0018 -0.00521168 -0.0111429 0 0.00648 -7.07395e-05 -0.00432402 0
internal_weight=5097 727 366 4370 361 40 289 268 245 63 72 4330 4289 82 4207 4175 428 3747 381 327 66 261 175 132 86 86 45 3727 174 134
internal_count=5097 727 366 4370 361 40 289 268 245 63 72 4330 4289 82 4207 4175 428 3747 381 327 66 261 175 132 86 86 45 3727 174 134
is_linear=0
shrinkage=0.03


Tree=225
num_leaves=31
num_cat=0
split_feature=132 123 128 126 124 127 145 145 145 145 145 130 124 133 104 120 140 126 132 125 141 140 128 146 146 125 118 126 120 127
split_gain=103.76 75.1894 8.96918 8.34946 7.47164 7.79229 7.55303 6.9696 4.94527 4.89235 8.38671 11.9161 9.43127 9.31014 6.64201 5.75569 9.40818 6.24367 5.52477 5.332 8.06996 4.41293 9.48431 4.32238 5.57907 4.312 4.19467 4.09097 4.04966 4.22597
threshold=1.0000000180025095e-35 1.0000000180025095e-35 857.50000000000011 -1.0000000180025095e-35 -19.499999999999996 4.5000000000000009 12.500000000000002 10.500000000000002 11.500000000000002 15.500000000000002 17.500000000000004 1.5000000000000002 -115.49999999999999 5.2173941556879457 1.0000000180025095e-35 0.50000000000000011 1.0000000180025095e-35 -214.99999999999997 4.8333333333333348 28.500000000000004 1.0000000180025095e-35 -0.56174490092936669 1.5000000000000002 21.500000000000004 25.500000000000004 -71.999999999999986 199.50000000000003 -128.99999999999997 303.00000000000006 0.039607843137254913
decision_type=8 2 10 8 2 10 2 2 2 2 2 10 2 10 2 2 2 10 8 10 2 2 10 2 2 8 2 10 2 8
left_child=1 3 9 -1 8 6 -6 -4 -3 18 11 -11 -13 -14 15 16 23 -17 21 27 26 22 -2 -12 -25 -20 -21 -19 29 -27
right_child=2 4 7 -5 5 -7 -8 -9 -10 10 14 12 13 -15 -16 17 -18 19 25 20 -22 -23 -24 24 -26 28 -28 -29 -30 -31
leaf_value=-0.0033475127277386094 -0.0011596620039127335 -0.0060713788068954078 1.0963689284625935 -0.00088657925417220517 0.00037101829910693874 -0.13228569848790347 -0.00044143749701429266 -0.13009100685267469 -0.0099348744340497994 -0.025656065538267468 -0.021299704796646106 -0.092684479178078746 -0.012020966099508172 0.006303702389781788 -0.31234457112115821 1.1952537001767853 -0.011687382038539964 -1.0605813965783562 -0.27751857357235993 0.19312701291731571 -0.44212318654715671 0.00060040147599101925 0.00020165564853518835 0.0035500047690522549 -0.0030044667461625817 0.00064767304895235961 -0.79040596506693417 0.00047098886771852473 1.78628384613322 -0.0060627304173615929
leaf_weight=27 28 43 20 339 90 25 174 20 29 35 23 53 33 73 22 21 108 20 25 43 38 135 32 101 106 874 25 2243 26 266
leaf_count=27 28 43 20 339 90 25 174 20 29 35 23 53 33 73 22 21 108 20 25 43 38 135 32 101 106 874 25 2243 26 266
internal_value=-0.00187456 -0.0123279 -0.000122057 -0.0218167 -0.00252459 -0.000285714 0.00131599 0.0132 -0.0108312 -0.000261592 -0.000954222 -0.00690452 -0.00307317 0.00210811 -0.000520508 -0.000371021 -0.00400583 0.000147808 0.00120345 -1.01095e-05 -0.00643243 0.00582 -0.000830769 -0.000485106 0.000962264 0.000421405 0 0.000301587 0.000712212 0.000413974
internal_weight=5097 727 4370 366 361 289 264 40 72 4330 2944 194 159 106 2750 2728 338 2390 1386 2369 106 195 60 230 207 1191 68 2263 1166 1140
internal_count=5097 727 4370 366 361 289 264 40 72 4330 2944 194 159 106 2750 2728 338 2390 1386 2369 106 195 60 230 207 1191 68 2263 1166 1140
is_linear=0
shrinkage=0.03


Tree=226
num_leaves=31
num_cat=0
split_feature=132 123 136 128 124 145 127 145 145 3 135 136 146 135 146 145 133 104 139 135 121 120 138 123 143 128 126 145 135 133
split_gain=103.068 76.502 10.4982 8.91345 7.77283 6.9696 6.05957 7.32774 4.94527 4.59419 4.762 4.8067 3.74758 9.95552 15.8289 10.5404 9.41501 8.36573 6.219 4.76694 9.39846 6.06991 11.7066 6.34101 11.0961 6.50412 10.5043 9.07715 6.42128 6.77769
threshold=1.0000000180025095e-35 1.0000000180025095e-35 1.737892477679319 857.50000000000011 -19.499999999999996 10.500000000000002 3.0294117647058827 12.500000000000002 11.500000000000002 1.0000000180025095e-35 0.73214285714285732 0.49238480393101464 15.500000000000002 4.0714285714285721 21.500000000000004 24.500000000000004 1.0000000180025095e-35 1.0000000180025095e-35 -0.60785761079279388 5.3095238095238102 25.500000000000004 0.83333333333333337 0.84523809523809534 7.5000000000000009 39.500000000000007 418.00000000000006 -24.499999999999996 23.500000000000004 9.309523809523812 6.5743120962686392
decision_type=8 2 10 10 2 2 10 2 2 2 8 10 2 8 2 2 10 2 2 10 2 2 10 2 2 10 10 2 10 10
left_child=1 2 -1 9 8 -5 7 -6 -3 10 11 -2 -12 14 -14 -16 -17 19 -18 20 -15 22 -21 24 -23 28 -27 -28 29 -25
right_child=3 4 -4 5 6 -7 -8 -9 -10 -11 12 -13 13 17 15 16 18 -19 -20 21 -22 23 -24 25 -26 26 27 -29 -30 -31
leaf_value=-0.00085998187654703895 0.0023894935464727871 -0.0058892374426885458 -0.0010871491862086522 1.0634778606087139 0.00035988775013373061 -0.12618827664709556 -0.087825084898939962 -0.00041223690309205439 -0.0096368282010283052 -0.0098271689237344178 0.00020722133076635173 8.4430931574360624e-05 -0.015437399216593288 0.0075388697265596069 0.020346419451770955 -0.0093028706841725983 -0.016378396446290782 -0.2698265898587548 0.0074861908198420321 0.0009875027892313449 -0.11334978844807402 0.039992649466583464 -0.038597153590256519 -0.0013509640406865308 0.001123750685950604 -2.1464320563162085 -1.3943127978031251 0.024498762574701231 0.0011074754565675831 -0.031761920543801891
leaf_weight=331 33 43 35 20 90 20 30 169 29 41 1353 49 57 83 29 48 36 24 82 132 21 64 82 66 225 31 22 101 1722 29
leaf_count=331 33 43 35 20 90 20 30 169 29 41 1353 49 57 83 29 48 36 24 82 132 21 64 82 66 225 31 22 101 1722 29
internal_value=-0.00182752 -0.0122459 -0.0218167 -8.09143e-05 -0.00236066 0.0132 -8.16327e-05 0.00145455 -0.0108312 -0.000220069 -0.000117373 0.00682759 -0.000262108 -0.000879328 -0.00651362 -0.00222 -0.00522807 -0.000319908 -0.000439024 -0.00013705 0.006 -0.000409036 -0.00517808 5.03311e-05 0.00416327 -0.000558704 -0.00637736 -0.0020625 -4.61032e-05 -0.00744
internal_weight=5097 727 366 4370 361 40 289 259 72 4330 4289 82 4207 2854 252 195 166 2602 118 2578 104 2474 214 2260 289 1971 154 123 1817 95
internal_count=5097 727 366 4370 361 40 289 259 72 4330 4289 82 4207 2854 252 195 166 2602 118 2578 104 2474 214 2260 289 1971 154 123 1817 95
is_linear=0
shrinkage=0.03


Tree=227
num_leaves=31
num_cat=0
split_feature=135 120 124 128 140 144 125 126 101 131 94 126 120 123 126 124 125 143 133 139 135 136 119 144 144 119 126 140 133 120
split_gain=92.8796 85.4917 11.9307 9.00507 8.14125 6.9696 5.21018 4.90494 3.57236 4.17909 10.8641 8.34048 8.95922 9.95011 9.83385 6.94513 8.85546 5.34623 10.1882 11.2505 7.7306 8.75075 7.38546 7.38753 7.5631 5.95954 8.57008 7.14043 6.19501 5.6795
threshold=0.58571428571428574 1.0000000180025095e-35 -19.499999999999996 857.50000000000011 -0.22252093395631442 10.500000000000002 -1.4999999999999998 -9.4999999999999982 1.0000000180025095e-35 5.5000000000000009 1.0000000180025095e-35 -49.499999999999993 47.500000000000007 58.500000000000007 24.500000000000004 -2.4999999999999996 -12.499999999999998 41.500000000000007 0.65824829046386313 -0.60785761079279388 4.0714285714285721 32.417861084490632 1.0000000180025095e-35 26.500000000000004 22.500000000000004 38.500000000000007 4.5000000000000009 -0.56174490092936669 9.7695258843005099 1.0000000180025095e-35
decision_type=8 2 2 10 2 2 10 10 2 8 2 10 2 2 10 2 10 2 10 2 10 10 2 2 2 2 10 2 10 2
left_child=1 -1 7 8 -4 -5 -6 -3 9 10 11 -2 13 17 15 16 -14 20 -19 -20 22 25 23 24 -13 26 27 -22 29 -29
right_child=3 2 4 5 6 -7 -8 -9 -10 -11 -12 12 14 -15 -16 -17 -18 18 19 -21 21 -23 -24 -25 -26 -27 -28 28 -30 -31
leaf_value=-0.00083418242025062785 -0.18345442781697052 0.082071856750670025 0.0020522008451906468 1.0315735247904489 0.039766664805631124 -0.12240262834768259 -0.0010527711934469662 -0.011082445587292281 0.015791388403069054 9.8157894660761967e-05 0.028013026238945693 -0.000176079626577752 0.20814913113685832 -0.078027993294191883 -0.20419955585712002 0.20153577287842955 -0.14611516041114536 -0.014084164512637137 -0.075667401037793902 0.011962431937046372 -0.0012724787651599368 -0.32300300285620065 -0.0065641318074235889 -0.0098596185620903887 0.019736026868217828 0.1650426880475121 -0.045544101245884892 0.00011860610177602537 -0.0014231972957235151 0.027155647782354037
leaf_weight=346 21 20 117 20 29 20 149 46 45 3297 21 116 93 31 31 42 26 52 47 77 52 21 79 43 23 24 37 47 44 81
leaf_count=346 21 20 117 20 29 20 149 46 45 3297 21 116 93 31 31 42 26 52 47 77 52 21 79 43 23 24 37 47 44 81
internal_value=-0.00178048 -0.0118315 -0.00154098 -0.000148805 0.00108 0.0132 -0.00291803 -0.0125915 -0.000287945 -0.000381439 -0.00206713 -0.00256452 -0.00209475 -0.0035353 0.00362437 0.0066506 0.0026129 -0.00275936 -0.00725967 -0.00227907 -0.0013007 0.00190997 -0.00505263 -0.00157219 0.00183333 0.0033931 0.00189474 0.00416594 0.00708475 0.0103308
internal_weight=5097 707 361 4390 295 40 178 66 4350 4305 1008 987 966 774 192 161 119 743 176 124 567 306 261 182 139 285 261 224 172 128
internal_count=5097 707 361 4390 295 40 178 66 4350 4305 1008 987 966 774 192 161 119 743 176 124 567 306 261 182 139 285 261 224 172 128
is_linear=0
shrinkage=0.03


Tree=228
num_leaves=31
num_cat=0
split_feature=132 123 135 128 144 120 127 126 124 137 135 120 102 136 136 132 135 135 127 136 129 121 121 142 132 135 120 128 124 132
split_gain=92.475 81.9448 12.8728 8.8949 6.9696 5.95512 4.36611 5.08798 8.10452 4.78903 3.83586 4.5797 4.14511 3.88069 10.5248 9.3001 9.62912 8.48904 8.21983 7.91614 8.12347 7.54598 7.42081 6.68006 6.66683 7.43515 10.1963 11.1678 7.03315 7.72522
threshold=1.0000000180025095e-35 1.0000000180025095e-35 0.58571428571428574 857.50000000000011 10.500000000000002 234.66666666666669 3.0294117647058827 -32.499999999999993 -31.499999999999996 5.5000000000000009 0.46428571428571436 0.50000000000000011 1.0000000180025095e-35 7.6824736320081088 10.691400687689693 15.500000000000002 21.642857142857149 9.309523809523812 0.20467277820218999 6.9296632334665924 1.0000000180025095e-35 12.500000000000002 2.5000000000000004 9.5000000000000018 9.5000000000000018 39.357142857142868 32.166666666666679 27.500000000000004 -1.4999999999999998 49.166666666666679
decision_type=8 2 10 10 2 2 10 10 2 2 8 2 2 8 8 10 10 8 10 10 8 2 2 2 8 8 2 10 2 8
left_child=1 2 -1 10 -5 6 7 -3 -9 -10 11 -2 13 19 15 23 -17 -16 24 20 21 22 -12 -15 -19 26 -26 -28 -27 -30
right_child=3 5 -4 4 -6 -7 -8 8 9 -11 12 -13 -14 14 17 16 -18 18 -20 -21 -22 -23 -24 -25 25 28 27 -29 29 -31
leaf_value=-0.00080915694764310895 -0.0012083272419950236 0.63648428648577826 -0.0013357491725700193 1.0006263190467348 -0.11873054949725372 0.00014163983346886 -0.093100268628889482 -0.014141312504778876 0.0041202760028194634 -0.00028852262786991235 -0.0055994872295769558 0.010909797709833231 0.018020623318485519 0.00030997062729504421 -0.023917713966459642 -0.06154272581747159 0.0054330104543188181 -0.013065944120280122 -0.026468855802014205 -0.012065790963905889 -2.5892985810926914e-05 -0.051501986957615216 0.026528218852389651 0.021331811969154339 0.0018115768007182485 -0.012751947859704739 0.0020738354835939626 0.19402659238056641 -0.032199088957531784 0.015702168122596446
leaf_weight=324 22 20 42 20 20 21 31 31 32 226 56 26 25 32 27 43 176 76 183 121 1396 39 28 87 278 762 37 47 120 749
leaf_count=324 22 20 42 20 20 21 31 31 32 226 56 26 25 32 27 43 176 76 183 121 1396 39 28 87 278 762 37 47 120 749
internal_value=-0.00172168 -0.0115902 -0.0214933 -6.72e-05 0.0132 -0.00137705 -0.00241739 -0.00122293 -0.00232653 -0.00043346 -0.000206228 0.00781132 -0.000306508 -0.000385734 0.000329519 0.00523032 0.00144643 -0.000404553 -0.000183429 -0.00152827 -0.00092126 -0.00815625 -0.00262921 0.0118065 0.000358727 0.000702703 0.00456131 0.0134157 -0.000161369 0.00167506
internal_weight=5097 727 366 4370 40 361 340 309 289 258 4330 48 4282 4257 2617 338 219 2279 2252 1640 1519 123 84 119 2069 1993 362 84 1631 869
internal_count=5097 727 366 4370 40 361 340 309 289 258 4330 48 4282 4257 2617 338 219 2279 2252 1640 1519 123 84 119 2069 1993 362 84 1631 869
is_linear=0
shrinkage=0.03


Tree=229
num_leaves=31
num_cat=0
split_feature=132 123 135 127 125 126 119 117 128 131 129 132 123 143 118 135 128 127 124 131 123 126 126 118 131 125 129 145 135 118
split_gain=90.508 83.312 12.8728 6.46647 8.92076 6.49529 6.76856 5.05317 12.324 9.62592 12.5272 6.00207 6.42835 8.86413 6.45512 5.89752 9.01467 7.40184 6.96208 7.07643 6.67148 7.86158 6.18292 5.76691 5.57915 5.57448 10.4902 8.34456 7.31859 5.49983
threshold=1.0000000180025095e-35 1.0000000180025095e-35 0.58571428571428574 1.9375000000000002 1.0000000180025095e-35 -8.4999999999999982 20.500000000000004 225.50000000000003 857.50000000000011 930.50000000000011 671.00000000000011 149.83333333333334 7.5000000000000009 42.500000000000007 293.50000000000006 75.928571428571445 67.500000000000014 0.20820433436532509 9.5000000000000018 1.0000000180025095e-35 4.5000000000000009 -1.0000000180025095e-35 -20.499999999999996 75.500000000000014 594.50000000000011 -1.0000000180025095e-35 57.500000000000007 13.500000000000002 3.2142857142857149 99.500000000000014
decision_type=8 2 10 10 10 10 2 2 8 10 10 10 2 2 2 8 8 10 2 10 2 8 10 2 8 10 8 2 10 2
left_child=1 2 -1 4 5 -3 -7 9 11 10 15 -9 -13 14 24 16 18 -17 19 25 -18 22 -22 -21 -14 26 -2 28 -27 -23
right_child=7 3 -4 -5 -6 6 -8 8 -10 -11 -12 12 13 -15 -16 17 20 -19 -20 23 21 29 -24 -25 -26 27 -28 -29 -30 -31
leaf_value=-0.00078488223921381573 0.011096225543084372 0.014620519466743819 -0.0012956766973929188 -0.058731865312442649 0.0001373906384647942 -0.00029132080228892005 -0.025160979362985537 0.61516456283481369 2.6169989932039699 -0.3110366365220284 1.4064743827720951 0.1750020575722965 0.049132366386061221 0.26483696851707067 -0.17807075783412302 -0.0063610749252814508 0.42991034789088861 -0.24088834503475443 0.011739914030108593 -0.00049128992272259528 0.0075178744305864726 0.024304331231780111 -0.10325909105533838 -0.075575247842977811 -0.16756510819907816 0.0005822319701599565 -0.083577894923860613 -0.0021579815145795385 0.00010900261591630488 0.34996839332255714
leaf_weight=324 187 50 42 40 83 146 42 40 20 20 31 35 73 37 93 1242 47 78 419 1301 24 104 40 47 22 75 21 197 192 25
leaf_count=324 187 50 42 40 83 146 42 40 20 20 31 35 73 37 93 1242 47 78 419 1301 24 104 40 47 22 75 21 197 192 25
internal_value=-0.0017452 -0.0115082 -0.0214933 -0.00121311 0.000257669 -0.00269136 -0.00525389 -0.000108343 0.00348923 -0.000398027 -0.000281041 0.00175082 0 -0.00193043 -0.00463212 -0.000440559 0.000366617 -0.00207849 -0.000181669 -0.000915556 0.00585306 0.00315152 -0.00513043 -0.00216851 0.00084 0.00158641 0.00560563 -0.00024307 0.00317647 0.00734328
internal_weight=5097 727 366 361 321 238 188 4370 320 4050 4030 300 260 225 188 3999 2679 1320 2439 2020 240 193 64 1348 95 672 208 464 267 129
internal_count=5097 727 366 361 321 238 188 4370 320 4050 4030 300 260 225 188 3999 2679 1320 2439 2020 240 193 64 1348 95 672 208 464 267 129
is_linear=0
shrinkage=0.03


Tree=230
num_leaves=31
num_cat=0
split_feature=135 120 128 128 120 144 139 118 128 117 135 143 139 66 135 128 139 117 126 120 120 127 143 126 126 146 144 136 127 136
split_gain=95.8354 81.4233 9.09804 8.89055 7.83281 6.9696 6.46614 7.24342 4.2414 4.36115 8.51359 5.94568 4.43878 4.3011 3.74466 9.26698 8.15529 6.92319 7.47173 7.92194 10.9042 7.83449 7.18673 7.15952 7.03244 6.94925 8.84773 15.6675 8.08489 6.91296
threshold=0.58571428571428574 1.0000000180025095e-35 857.50000000000011 1.0000000180025095e-35 234.66666666666669 10.500000000000002 -1.0000000180025095e-35 54.500000000000007 729.50000000000011 225.50000000000003 153.35714285714286 38.500000000000007 -0.60785761079279388 1.0000000180025095e-35 63.928571428571438 67.500000000000014 1.0000000180025095e-35 2.5000000000000004 -29.499999999999996 12.16666666666667 15.833333333333334 0.030770039974752791 38.500000000000007 1.0000000180025095e-35 -8.4999999999999982 20.500000000000004 24.500000000000004 16.282566378689122 -0.98164983164983155 31.010855416507813
decision_type=8 2 10 8 2 2 2 2 10 2 10 2 2 2 8 10 2 2 10 2 2 10 2 10 10 2 2 10 8 10
left_child=1 -1 8 4 6 -4 -3 -8 9 13 -11 -12 -13 14 15 17 -17 22 -19 24 -21 23 -2 -22 -20 -24 27 -27 -28 -18
right_child=2 3 5 -5 -6 -7 7 -9 -10 10 11 12 -14 -15 -16 16 29 18 19 20 21 -23 25 -25 -26 26 28 -29 -30 -31
leaf_value=-0.00076133577203740127 0.00011550082307244747 0.00013809280467908661 0.92841329799217187 0.01388269401725215 0.00013326891931085037 -0.14975806836256539 -0.0010740044246377383 -0.0063732396059878295 -1.231737286635008 1.0809157815178358 -0.26761307606600837 -0.011441444393963706 0.048825360789862771 0.084073571560026705 -0.0061702426775230076 0.2949389498918551 0.02934104258883748 0.056885151092335363 0.064500424756460034 -0.023552379968369053 0.050412896594632314 -0.0097018129989024961 -0.0094608912385328037 -0.0036409168004923487 0.0037401091316037948 0.019388726286220181 0.18787290784285687 -0.080017648494507654 -0.0032935548861145886 -0.035554581060846996
leaf_weight=346 603 114 20 26 21 20 177 23 26 36 21 63 168 46 1473 62 26 49 22 67 109 185 211 125 254 93 24 47 597 43
leaf_count=346 603 114 20 26 21 20 177 23 26 36 21 63 168 46 1473 62 26 49 22 67 109 185 211 125 254 93 24 47 597 43
internal_value=-0.00187456 -0.0120843 -0.000217065 -0.00203279 -0.00342353 0.0132 -0.00468339 -0.00787317 -0.000356831 -0.000275814 0.00325597 0.00114397 0.00264407 -0.000533036 -0.000644305 5.70975e-05 0.00767647 -0.000373902 0.00186765 0.00108735 -0.00120978 0.000622642 -0.00153418 0.00424268 0.0051032 -0.0031259 -0.00175457 0.00492414 -0.00329712 0.000324324
internal_weight=5097 707 4390 361 335 40 314 200 4350 4324 288 252 231 4036 3990 2517 131 2386 811 762 486 419 1575 234 276 972 761 140 621 69
internal_count=5097 707 4390 361 335 40 314 200 4350 4324 288 252 231 4036 3990 2517 131 2386 811 762 486 419 1575 234 276 972 761 140 621 69
is_linear=0
shrinkage=0.03


Tree=231
num_leaves=31
num_cat=0
split_feature=132 123 135 117 125 120 133 133 130 136 123 124 146 133 102 127 130 120 117 126 126 119 120 127 140 126 132 125 126 132
split_gain=92.0106 77.9088 12.8728 7.00574 7.88537 6.37725 5.71525 6.95827 5.21509 4.95866 4.81895 4.71484 7.31592 8.71942 9.37935 9.9045 7.61056 13.3049 11.2436 9.99765 9.1276 9.91658 8.27744 8.47935 7.3767 7.29329 7.07078 6.99781 6.97237 7.37887
threshold=1.0000000180025095e-35 1.0000000180025095e-35 0.58571428571428574 541.50000000000011 4.5000000000000009 234.66666666666669 180.95609197269218 112.1004184077505 982.50000000000011 117.80681479316767 595.50000000000011 1.0000000180025095e-35 13.500000000000002 2.4972191289246477 1.0000000180025095e-35 -0.32217360333774286 30.500000000000004 5.5000000000000009 2.5000000000000004 -1.0000000180025095e-35 1.5000000000000002 35.500000000000007 94.833333333333357 -0.049578235852745643 -0.22252093395631442 1.5000000000000002 270.83333333333337 -29.499999999999996 -82.499999999999986 16.166666666666668
decision_type=8 2 10 2 10 2 10 10 10 10 2 2 2 8 2 10 10 2 2 10 10 2 2 10 2 10 10 10 8 10
left_child=1 2 -1 6 -5 -3 7 8 10 -9 11 12 -2 14 15 -14 18 -18 25 24 21 -21 -22 -24 -19 28 27 -26 -15 -30
right_child=3 5 -4 4 -6 -7 -8 9 -10 -11 -12 -13 13 16 -16 -17 17 19 -20 20 22 -23 23 -25 26 -27 -28 -29 29 -31
leaf_value=-0.00073849569887627915 0.00019331882867360759 -0.00079351651557723333 -0.0013227005148439776 0.45823110192268357 -0.049911053258732636 0.00012927085173152487 0.54711357229822788 -1.2411264102336972 -0.02549415522757954 -0.2564247453228779 2.6052623045357644 0.0015060274751614599 -0.00010621104936308079 0.55841134138473303 0.019054668257774757 -0.0071308939872066542 -0.10940832860292517 -0.099507792671691381 0.041763221574420438 0.11351195228745645 -0.074723653544986099 0.0053543459296645397 0.17750637097904473 -0.10112127724455518 0.28545639098514847 0.090730768139429249 -1.7108995104043212 -0.011651671136651226 0.0018653150926563481 -0.027432839318625776
leaf_weight=324 1034 340 42 47 30 21 44 23 20 23 21 1266 198 20 21 372 46 98 65 44 72 324 31 30 26 42 20 94 212 147
leaf_count=324 1034 340 42 47 30 21 44 23 20 23 21 1266 198 20 21 372 46 98 65 44 72 324 31 30 26 42 20 94 212 147
internal_value=-0.00199216 -0.0118361 -0.0214933 -0.000341486 0.00834146 -0.00186885 -0.000508143 -0.000626234 -0.000490494 -0.0116471 -0.000406877 -0.000488121 -0.00115615 -0.00227852 -0.00527517 -0.00604174 -0.000865204 -0.00268861 0.00206517 -0.00164516 0.000758893 0.00320107 -0.00582609 0.00218182 -0.00664198 0.000197183 -0.00202759 0.000912 -0.00115625 -0.00220879
internal_weight=5097 727 366 4370 77 361 4293 4249 4203 46 4183 4162 2896 1862 591 570 1271 785 486 739 501 368 133 61 238 421 140 120 379 359
internal_count=5097 727 366 4370 77 361 4293 4249 4203 46 4183 4162 2896 1862 591 570 1271 785 486 739 501 368 133 61 238 421 140 120 379 359
is_linear=0
shrinkage=0.03


Tree=232
num_leaves=31
num_cat=0
split_feature=132 123 135 120 124 127 139 128 127 127 129 126 127 118 69 118 130 129 130 120 126 121 133 118 118 124 126 126 133 120
split_gain=91.3515 77.9088 12.8728 6.37725 4.94502 7.85887 7.81043 7.89617 7.21368 7.15993 12.1079 7.25002 6.89901 6.308 5.15005 4.93686 8.26302 6.77864 6.40546 9.51791 7.30135 7.29514 8.43938 6.39533 8.70046 5.70595 4.92547 5.28252 8.43335 7.55563
threshold=1.0000000180025095e-35 1.0000000180025095e-35 0.58571428571428574 234.66666666666669 30.500000000000004 6.5000000000000009 -0.60785761079279388 9.5000000000000018 0.02339261285909713 0.12835643564356439 33.500000000000007 -1.0000000180025095e-35 0.29248426508700487 24.500000000000004 1.0000000180025095e-35 201.50000000000003 179.50000000000003 194.50000000000003 210.00000000000003 112.16666666666667 -214.99999999999997 186.50000000000003 64.506648349996382 578.00000000000011 355.50000000000006 -2.4999999999999996 136.00000000000003 -11.499999999999998 20.723032892915722 52.166666666666679
decision_type=8 2 10 2 2 10 2 10 10 10 10 8 10 2 2 2 10 10 10 2 8 2 10 2 2 2 10 8 10 2
left_child=1 2 -1 -3 5 9 8 -8 -6 14 11 -11 -12 -7 15 18 -17 -18 20 -20 -2 22 -22 24 -19 -24 27 28 29 -9
right_child=4 3 -4 -5 6 13 7 26 -10 10 12 -13 -14 -15 -16 16 17 23 19 -21 21 -23 25 -25 -26 -27 -28 -29 -30 -31
leaf_value=-0.00071634082790999088 1.7730501639676406 -0.0007697110201099163 -0.0012830194993986585 0.00012539272617957914 0.015561861782747427 0.10069645711256017 0.29219059964278793 0.24736487034634067 -0.23119421529897066 -0.0018908618500159723 -0.025824076797104707 0.0058036355413746939 -0.1467575634036381 -0.0088917886237938146 0.34158940905830204 0.69924696562984723 -0.060623745405575614 0.046832656156037725 -0.0050734079770492707 -0.38130031348136184 -0.00025515719207480192 -0.22090134790007965 -0.0020336860110761277 1.0583983122192262 -0.11281858146525792 0.28568432652102216 1.0024196500847395 -0.0041512010349469717 0.71139801100462408 -0.10013290273967967
leaf_weight=324 24 340 42 21 27 32 64 21 66 86 35 91 49 29 31 46 20 83 158 63 2742 57 25 41 87 35 21 370 34 33
leaf_count=324 24 340 42 21 27 32 64 21 66 86 35 91 49 29 31 46 20 83 158 63 2742 57 25 41 87 35 21 370 34 33
internal_value=-0.00202744 -0.0118361 -0.0214933 -0.00186885 -0.000382629 -0.000800749 0.00204992 0.00343796 -0.0057551 -0.000985318 -0.00572932 -0.00112088 -0.014764 0.00945455 -0.000612818 -0.000733609 0.00306383 0.000610169 -0.0010788 -0.0059469 -0.000693906 -0.000846369 -0.000617741 0.00233333 -0.000308571 0.0100615 0.00203306 0.00128294 0.00767742 0
internal_weight=5097 727 366 361 4370 3734 636 543 93 3673 261 177 84 61 3412 3381 277 231 3104 221 2883 2859 2802 211 170 60 479 458 88 54
internal_count=5097 727 366 361 4370 3734 636 543 93 3673 261 177 84 61 3412 3381 277 231 3104 221 2883 2859 2802 211 170 60 479 458 88 54
is_linear=0
shrinkage=0.03


Tree=233
num_leaves=31
num_cat=0
split_feature=132 123 136 120 131 121 133 124 128 126 119 128 126 126 136 127 144 128 132 128 144 133 136 130 144 131 121 128 132 144
split_gain=87.4462 77.9088 12.5762 6.37725 5.48674 8.51485 6.08729 5.02377 9.56159 10.3253 6.86337 7.3771 7.99787 9.72198 5.94066 13.6526 7.44 19.2489 7.28675 13.306 6.20887 7.23744 8.19394 10.0424 5.97035 9.34112 5.88255 11.2906 6.88153 8.24609
threshold=1.0000000180025095e-35 1.0000000180025095e-35 1.737892477679319 234.66666666666669 913.50000000000011 670.50000000000011 180.95609197269218 -4.4999999999999991 279.50000000000006 -1.0000000180025095e-35 312.50000000000006 1.0000000180025095e-35 -1.0000000180025095e-35 -7.4999999999999991 18.207978299105182 0.50280898876404512 18.500000000000004 50.500000000000007 125.16666666666667 145.50000000000003 30.500000000000004 4.5214865433696501 57.870804011849096 148.50000000000003 25.500000000000004 1.5000000000000002 144.50000000000003 96.500000000000014 55.166666666666679 7.5000000000000009
decision_type=8 2 10 2 10 2 10 2 10 10 2 8 10 10 10 10 2 10 10 10 2 10 10 10 2 10 2 10 8 2
left_child=1 2 -1 -3 5 6 7 8 10 -10 11 12 13 -2 26 16 17 -16 -19 -20 24 -22 -23 -24 25 -18 28 -28 -9 -30
right_child=4 3 -4 -5 -6 -7 -8 14 9 -11 -12 -13 -14 -15 15 -17 20 18 19 -21 21 22 23 -25 -26 -27 27 -29 29 -31
leaf_value=-0.00069485060307269118 -0.032651697832348461 -0.00074661968950661881 -0.0012244140696052307 0.00012163094439419175 -0.024577128331441146 3.3322511873677887 0.58246887655401047 -3.4735727260777335e-05 -1.0210650351465651 -0.07274359283907586 1.2505293269122915 -0.0016873353160548631 -0.018848099990161394 0.076621772006866151 -0.035367683957494976 -0.086012480220854212 0.19382493570408166 0.40890624954053506 -0.045517953189191475 0.34012846556616122 -0.064447056960179952 0.079239991675432789 -0.17698365160250659 0.046923176050441953 -0.25367903728159868 -0.020553455967802989 1.1810515415311507 0.001189514353524288 -0.0067865310331222872 -0.0068574840418830262
leaf_weight=331 23 340 35 21 36 31 42 1537 41 97 20 1119 58 20 56 58 23 48 22 90 59 184 31 39 33 179 29 96 139 260
leaf_count=331 23 340 35 21 36 31 42 1537 41 97 20 1119 58 20 56 58 23 48 22 90 59 184 31 39 33 179 29 96 139 260
internal_value=-0.00223912 -0.0118361 -0.0214933 -0.00186885 -0.000629486 -0.000524084 -0.00064624 -0.00076512 -0.00225163 -0.00960839 -0.00139277 -0.00170939 -0.00928302 0.0005 -4.98615e-05 0.00209674 0.00319116 0.00784615 0.0130545 0.00815385 0.00129114 0.00403774 0.00623166 -0.00232 -0.00235 -0.00026087 -0.000911907 0.00526154 -0.00132612 -0.00481188
internal_weight=5097 727 366 361 4370 4334 4303 4261 1378 138 1240 1220 101 43 2883 822 764 216 160 112 548 313 254 70 235 202 2061 125 1936 399
internal_count=5097 727 366 361 4370 4334 4303 4261 1378 138 1240 1220 101 43 2883 822 764 216 160 112 548 313 254 70 235 202 2061 125 1936 399
is_linear=0
shrinkage=0.03


Tree=234
num_leaves=31
num_cat=0
split_feature=132 123 136 117 127 131 121 127 144 66 124 129 126 123 128 142 128 126 136 136 136 127 138 132 120 136 123 128 131 132
split_gain=80.5461 84.6902 12.5762 7.01248 7.03561 6.65043 8.54778 5.0567 4.47308 4.43987 4.32264 7.08201 8.31675 6.58007 7.50796 5.766 5.36994 6.66963 4.95657 9.09281 7.57665 10.5332 5.87766 6.76971 10.2208 8.51896 6.84879 12.191 10.3281 8.55643
threshold=1.0000000180025095e-35 1.0000000180025095e-35 1.737892477679319 13.500000000000002 0.60370370370370374 879.00000000000011 670.50000000000011 0.097800095648015326 11.500000000000002 1.0000000180025095e-35 -4.4999999999999991 208.50000000000003 -8.4999999999999982 155.00000000000003 99.500000000000014 9.5000000000000018 1.0000000180025095e-35 -1.0000000180025095e-35 8.0101971770347671 10.44226066196458 18.207978299105182 0.53939393939393943 0.69047619047619058 49.166666666666679 116.83333333333336 20.87963450018626 9.5000000000000018 154.50000000000003 408.50000000000006 136.16666666666671
decision_type=8 2 10 2 10 10 2 10 2 2 2 10 10 2 10 2 8 10 8 8 8 10 8 10 2 8 2 10 10 10
left_child=1 2 -1 -3 7 6 9 8 -5 10 11 13 -13 16 -15 -14 17 -2 -12 -20 -21 22 -22 24 25 -24 27 29 -29 -25
right_child=5 3 -4 4 -6 -7 -8 -9 -10 -11 18 12 15 14 -16 -17 -18 -19 19 20 21 -23 23 26 -26 -27 -28 28 -30 -31
leaf_value=-0.00067400508498051035 0.0044203618366376448 -0.0010795036155606364 -0.0011876816475170737 -0.0061127470010523812 -0.27323784715872335 -0.023839814481498252 3.2322836517467555 0.00011798201606236601 0.18136588488749103 0.069286032077911869 -0.00023459902060368076 -0.41389606378677285 -0.6092983181844559 -0.033187827002839079 0.23854137840624107 0.0017190396800650376 -0.0018182047423896284 -0.018282656990456555 0.0071727515314966451 -0.0090708767287366494 0.23215336365390357 -0.098187820286572747 0.045554952425648755 0.050774053155081926 0.53020825802391069 -0.0065573612820539438 0.012137324865258989 0.75416442302907505 -0.014067571949188959 -0.060434437256199375
leaf_weight=331 36 223 35 41 21 38 31 44 32 46 1406 73 43 27 70 126 928 56 186 371 37 53 26 95 20 244 327 87 21 23
leaf_count=331 36 223 35 41 21 38 31 44 32 46 1406 73 43 27 70 126 928 56 186 371 37 53 26 95 20 244 327 87 21 23
internal_value=-0.0022156 -0.0114262 -0.0214933 -0.00104918 0.00415385 -0.000670629 -0.000551994 0.00708197 0.00184615 -0.000674408 -0.000780282 -0.00217302 -0.00677733 -0.00114439 0.00611765 -0.00289655 -0.00186732 -0.00859794 -0.000122027 0.0010796 0.000178762 0.00162473 0.0024339 0.00186792 -0.00181017 -0.00346909 0.00380645 0.00776623 0.0148142 0.000926829
internal_weight=5097 727 366 361 138 4370 4332 117 73 4301 4255 1359 242 1117 97 169 1020 92 2896 1490 1304 933 880 843 290 270 553 226 108 118
internal_count=5097 727 366 361 138 4370 4332 117 73 4301 4255 1359 242 1117 97 169 1020 92 2896 1490 1304 933 880 843 290 270 553 226 108 118
is_linear=0
shrinkage=0.03


Tree=235
num_leaves=31
num_cat=0
split_feature=132 123 135 122 131 121 127 118 146 144 130 124 133 128 131 138 117 133 118 127 135 123 123 120 140 125 127 132 129 131
split_gain=81.5793 84.6902 12.8728 8.04091 6.72972 8.46634 6.64335 5.60279 5.34019 8.89285 8.9237 8.55644 7.41575 6.8722 8.43278 7.85662 11.8052 9.47521 8.68285 8.35448 8.06139 7.19594 8.22703 6.78313 6.0675 8.99328 5.77356 5.47218 9.0577 5.41121
threshold=1.0000000180025095e-35 1.0000000180025095e-35 0.58571428571428574 10.500000000000002 879.00000000000011 670.50000000000011 0.097800095648015326 24.500000000000004 15.500000000000002 17.500000000000004 1.5000000000000002 -94.499999999999986 3.756446776551098 729.50000000000011 559.50000000000011 0.84523809523809534 50.500000000000007 30.617705466486889 75.500000000000014 -0.049578235852745643 4.3095238095238102 32.500000000000007 52.500000000000007 1.0000000180025095e-35 -0.56174490092936669 4.5000000000000009 0.77922077922077937 18.166666666666668 46.500000000000007 26.500000000000004
decision_type=8 2 10 2 10 2 10 2 2 2 10 2 10 10 8 10 2 10 2 10 10 2 2 2 2 10 8 10 10 10
left_child=1 2 -1 7 5 8 -5 -3 -2 10 -10 -12 -13 14 15 26 17 20 21 -20 -17 -18 -23 -22 25 -21 -11 -14 -29 -25
right_child=4 3 -4 6 -6 -7 -8 -9 9 13 11 12 27 -15 -16 16 18 -19 19 24 23 22 -24 29 -26 -27 -28 28 -30 -31
leaf_value=-0.00065378493243109504 0.00019558891337339234 -0.00039744366705002056 -0.0011735685804953994 -0.0020611143526120591 -0.023124620047051393 3.1353151421943517 0.00011444255558049503 -0.029320123202021656 -0.022522438671038578 0.0013609264847947598 -0.081159463854351174 -0.01437483553300423 0.011076950651499842 -2.1604272130988664 0.12013230406785623 -0.0095474938580767978 0.16001266045692886 -0.41047908620249818 0.094171292792178035 -0.0076155053428186648 -0.021007819446457139 -0.075190961836204731 0.066985535706199778 0.0012636739481104264 -0.054827919594069664 0.33243882074146702 -0.01890132083637255 -0.033694364953840587 0.045071831107277333 -0.011514534428597187
leaf_weight=324 1389 243 42 54 38 31 43 21 32 1066 62 21 32 20 69 82 53 60 99 45 55 24 126 386 190 26 59 20 22 363
leaf_count=324 1389 243 42 54 38 31 43 21 32 1066 62 21 32 20 69 82 53 60 99 45 55 24 126 386 190 26 59 20 22 363
internal_value=-0.0021568 -0.0114262 -0.0214933 -0.00104918 -0.000602057 -0.000482822 0.00611765 -0.00376952 -0.000604738 -0.00133493 -0.00754639 -0.00422222 0.00144 -0.000888563 -0.00074003 -0.00102084 -0.00243329 -0.00447319 0.000992958 -0.00179178 -0.00362963 0.00588462 0.00228387 -0.00266255 -0.0046015 0.00268421 0.000870796 0.006 -0.00114894 -0.00186207
internal_weight=5097 727 366 361 4370 4332 97 264 4301 2912 189 157 95 2723 2703 2634 1509 946 563 360 886 203 150 804 261 71 1125 74 42 749
internal_count=5097 727 366 361 4370 4332 97 264 4301 2912 189 157 95 2723 2703 2634 1509 946 563 360 886 203 150 804 261 71 1125 74 42 749
is_linear=0
shrinkage=0.03


Tree=236
num_leaves=31
num_cat=0
split_feature=135 120 122 131 121 119 125 137 144 145 127 144 144 131 94 102 136 135 145 144 127 129 133 120 128 128 130 146 133 128
split_gain=76.4622 95.3564 7.88677 6.68517 8.512 5.94238 6.13807 11.1778 5.86503 14.1781 4.68654 7.93832 7.90485 4.58534 11.2354 7.88452 9.35397 8.1927 8.25544 6.77635 5.94024 7.62362 6.02562 8.2667 13.5458 10.4125 7.64495 8.14891 6.70269 6.44658
threshold=0.58571428571428574 1.0000000180025095e-35 1.0000000180025095e-35 879.00000000000011 670.50000000000011 19.500000000000004 3.5000000000000004 5.5000000000000009 19.500000000000004 27.500000000000004 0.097800095648015326 11.500000000000002 11.500000000000002 5.5000000000000009 1.0000000180025095e-35 1.0000000180025095e-35 2.7700929786455215 0.73214285714285732 15.500000000000002 11.500000000000002 0.029082163057459521 13.500000000000002 39.61480847015914 86.500000000000014 87.500000000000014 179.50000000000003 2.5000000000000004 26.500000000000004 6.1463363866261949 12.500000000000002
decision_type=8 2 2 10 2 2 10 2 2 2 10 2 2 8 2 2 10 10 2 2 10 10 10 2 10 10 10 2 10 10
left_child=1 -1 5 4 13 6 7 -3 -9 -10 11 -4 -12 14 15 16 17 -2 19 -19 22 -22 23 24 26 -25 -18 28 29 -28
right_child=3 2 10 -5 -6 -7 -8 8 9 -11 12 -13 -14 -15 -16 -17 20 18 -20 -21 21 -23 -24 25 -26 -27 27 -29 -30 -31
leaf_value=-0.00063417138445816224 0.0018734939271189777 0.014185554497273267 -0.0060842463604970651 -0.022430881445636715 3.0412556879285204 -0.018251290244885889 -0.049806282442044887 -0.00073480617841086015 0.008394695139114932 -0.0031794263313505364 0.00011100927891308018 0.15379381912664933 -0.013441911102988566 -3.2523352226045965e-05 0.023395692685967997 0.018137429859685299 -0.0053383937323431795 -0.0002791003342377074 -0.0072577039591557747 0.014807169898953507 0.0043316634820644451 -0.073833576479386681 -0.23934552539630546 0.43623944590956482 -0.25866071868294144 -0.05859146199325465 0.0019035875988036111 -0.00077051980700755247 -6.0213082506912483e-05 0.16465616345544531
leaf_weight=346 20 34 36 38 31 35 34 40 52 48 28 31 23 3303 21 22 111 58 197 49 37 76 35 39 38 33 53 146 45 38
leaf_count=346 20 34 36 38 31 35 34 40 52 48 28 31 23 3303 21 22 111 58 197 49 37 76 35 39 38 33 53 146 45 38
internal_value=-0.00212152 -0.0112416 -0.000393443 -0.000640273 -0.000521919 -0.00348387 -0.00138028 0.000972067 -0.00285517 0.00108571 0.00580488 0.000333333 0.0122143 -0.000643551 -0.00239883 -0.0028982 -0.00333061 -0.00745897 -0.00871845 -0.00182143 -0.00122561 -0.00732203 9.94475e-05 0.000992126 -0.000605505 0.0100519 0.00111558 0.00374216 0.00889362 0.013375
internal_weight=5097 707 361 4390 4352 243 208 174 140 100 118 67 51 4321 1018 997 975 324 304 107 651 113 538 503 431 72 393 282 136 91
internal_count=5097 707 361 4390 4352 243 208 174 140 100 118 67 51 4321 1018 997 975 324 304 107 651 113 538 503 431 72 393 282 136 91
is_linear=0
shrinkage=0.03


Tree=237
num_leaves=31
num_cat=0
split_feature=132 123 135 131 123 127 127 126 119 131 124 145 145 130 124 132 132 133 21 136 135 117 128 131 130 144 144 136 120 135
split_gain=85.5493 81.9448 12.8728 6.8414 7.4645 6.2717 9.31816 6.84123 6.33341 5.48129 4.55967 3.8681 7.96644 11.9161 9.90819 9.4707 6.18187 7.21873 4.94292 4.88601 5.71621 9.23191 10.0996 7.6682 6.65319 9.76947 6.52099 6.14717 6.34361 5.28651
threshold=1.0000000180025095e-35 1.0000000180025095e-35 0.58571428571428574 879.00000000000011 670.50000000000011 1.9375000000000002 0.011976477337923123 -8.4999999999999982 20.500000000000004 2.5000000000000004 -1.4999999999999998 15.500000000000002 17.500000000000004 1.5000000000000002 -104.49999999999999 7.8333333333333348 18.166666666666668 17.86362828212464 1.0000000180025095e-35 106.5613686829051 75.928571428571445 139.50000000000003 65.500000000000014 324.50000000000006 418.00000000000006 10.500000000000002 10.500000000000002 8.1928290247232685 80.166666666666671 62.214285714285722
decision_type=8 2 10 10 2 10 10 10 2 8 2 2 2 10 2 10 10 10 2 10 10 2 10 8 10 2 2 10 2 8
left_child=1 2 -1 4 11 6 7 -3 9 -9 -11 19 13 -13 -15 -16 -17 -18 -14 20 21 22 29 27 -25 -26 -24 -22 -29 -2
right_child=3 5 -4 -5 -6 -7 -8 8 -10 10 -12 12 18 14 15 16 17 -19 -20 -21 23 -23 26 24 25 -27 -28 28 -30 -31
leaf_value=-0.00061514624292441735 0.00015950008362849321 0.014386150467449161 -0.0010646885062775696 -0.021757955002267407 2.9500180172906663 -0.05452891841052715 0.00015859722845454026 -0.00067506160213525119 -0.023712787306776128 0.0045690549927742677 -0.0021163816815618973 -0.020756513355591939 -0.00044326300699932376 -0.081234962576366837 -0.011544187900293655 0.01481862193604945 -0.027075096864419917 0.046087885925453667 -0.0098413572726352115 0.79938042265405385 -0.014207870655388319 1.9510186515442161 0.39819174994010353 -0.043760834873717444 0.21633176508702262 -2.117642644233392 -0.007496225628015764 0.16628934803847201 -0.031801507785649365 -0.005587855443674415
leaf_weight=324 768 50 42 38 22 40 83 104 42 21 21 35 2701 56 22 30 30 21 25 25 95 27 41 168 23 25 21 50 20 127
leaf_count=324 768 50 42 38 22 40 83 104 42 21 21 35 2701 56 22 30 30 21 25 25 95 27 41 168 23 25 21 50 20 127
internal_value=-0.002098 -0.0115902 -0.0214933 -0.000506057 -0.000385981 -0.00137705 7.36196e-05 -0.00293827 -0.00556477 -0.00234437 0.00625532 -0.000485284 -0.00110564 -0.00690452 -0.00307317 0.00244444 0.00725581 0.000428571 -0.000678872 0.000812903 0.000543066 0.00175329 0.00120998 -0.00254922 -0.00621719 0.00328302 0.0124478 0.00225882 0.00872 0.00036
internal_weight=5097 727 366 4370 4332 361 321 238 188 146 42 4310 2920 194 159 103 81 51 2726 1390 1365 984 957 381 216 48 62 165 70 895
internal_count=5097 727 366 4370 4332 361 321 238 188 146 42 4310 2920 194 159 103 81 51 2726 1390 1365 984 957 381 216 48 62 165 70 895
is_linear=0
shrinkage=0.03


Tree=238
num_leaves=31
num_cat=0
split_feature=132 123 135 127 125 126 119 117 132 131 129 145 145 132 135 132 129 127 125 69 136 131 131 125 119 139 126 117 124 136
split_gain=84.0778 83.312 12.8728 6.46647 8.92076 6.49529 6.76856 5.55669 13.377 10.8162 11.4119 6.58387 7.32571 6.15649 5.30045 6.22754 9.51615 8.67654 9.82819 5.84566 6.33522 7.19794 8.86483 6.03088 6.98429 8.75871 9.97633 9.77499 6.20903 6.14605
threshold=1.0000000180025095e-35 1.0000000180025095e-35 0.58571428571428574 1.9375000000000002 1.0000000180025095e-35 -8.4999999999999982 20.500000000000004 209.50000000000003 149.83333333333334 879.00000000000011 671.00000000000011 41.500000000000007 34.500000000000007 114.16666666666667 63.928571428571438 44.166666666666679 98.500000000000014 0.02339261285909713 14.500000000000002 1.0000000180025095e-35 44.848224706490406 104.50000000000001 126.50000000000001 -194.49999999999997 344.50000000000006 1.0000000180025095e-35 -2.4999999999999996 126.50000000000001 -13.499999999999998 51.291283846692757
decision_type=8 2 10 10 10 10 2 2 10 10 10 2 2 8 8 8 10 10 10 2 8 10 10 8 2 2 8 2 2 10
left_child=1 2 -1 4 5 -3 -7 9 13 10 14 12 -10 -9 15 -2 17 -17 -19 20 21 -16 -23 -22 25 26 -25 -27 29 -28
right_child=7 3 -4 -5 -6 6 -8 8 11 -11 -12 -13 -14 -15 19 16 -18 18 -20 -21 23 22 -24 24 -26 27 28 -29 -30 -31
leaf_value=-0.00059669185563668476 -0.00012430593609905394 0.013954565953425686 -0.0010327478510892426 -0.052893050858211339 0.00015383931160090406 -9.194696407194229e-05 -0.023001403687572843 0.55433345477441975 0.0017751827997662417 -0.2338210815795162 1.464432399878441 0.40223789939692206 -0.20797436088846438 0.93813679390485927 -0.037208652118441703 0.037019468343064826 -0.090055754047807107 -0.08171228368703147 0.18768080356720915 0.12185321427967977 1.0308409292007445 0.06812136367310756 -0.029938080082151167 -0.24103571279815014 -0.95844321820017397 0.18164274892735804 -0.10720975063777785 -0.054649403717856725 0.0056008238956375151 -0.0084325609729157241
leaf_weight=324 2123 50 42 40 83 146 42 28 186 22 29 43 70 34 367 283 25 49 24 43 37 109 298 86 31 182 21 28 197 55
leaf_count=324 2123 50 42 40 83 146 42 28 186 22 29 43 70 34 367 283 25 49 24 43 37 109 298 86 31 182 21 28 197 55
internal_value=-0.002098 -0.0115082 -0.0214933 -0.00121311 0.000257669 -0.00269136 -0.00525389 -0.000519771 0.00301639 -0.000843049 -0.000712425 0.000276316 -0.00158621 0.0151343 -0.000861469 -2.15225e-05 0.00348187 0.00480332 -0.00415385 -0.00229883 -0.00264407 -0.00445956 -0.00166019 -0.000411215 -0.00118017 -0.000355401 -0.0031978 0.00443721 -0.000302158 -0.00733333
internal_weight=5097 727 366 361 321 238 188 4370 361 4009 3987 299 256 62 3958 2504 381 356 73 1454 1411 774 407 637 600 569 359 210 273 76
internal_count=5097 727 366 361 321 238 188 4370 361 4009 3987 299 256 62 3958 2504 381 356 73 1454 1411 774 407 637 600 569 359 210 273 76
is_linear=0
shrinkage=0.03


Tree=239
num_leaves=31
num_cat=0
split_feature=132 123 135 117 128 132 124 127 145 123 143 119 135 128 126 126 117 121 121 143 133 121 129 124 132 136 139 121 120 126
split_gain=92.8769 75.2727 12.8728 7.55254 12.7981 7.64318 6.68445 7.39135 7.36452 6.20911 7.83122 5.54802 4.57127 8.79981 8.80893 9.83321 7.71972 14.8314 8.27234 6.89525 6.501 6.12384 5.79239 5.62878 5.4429 8.02708 8.5762 7.08045 9.62138 6.47205
threshold=1.0000000180025095e-35 1.0000000180025095e-35 0.58571428571428574 209.50000000000003 857.50000000000011 149.83333333333334 -19.499999999999996 1.9375000000000002 12.500000000000002 7.5000000000000009 42.500000000000007 301.50000000000006 75.928571428571445 67.500000000000014 -1.0000000180025095e-35 -19.499999999999996 90.500000000000014 77.500000000000014 66.500000000000014 39.500000000000007 13.682911746194675 61.500000000000007 95.500000000000014 44.500000000000007 55.166666666666679 12.336607670223041 -1.0000000180025095e-35 52.500000000000007 42.166666666666679 -1.0000000180025095e-35
decision_type=8 2 10 2 8 10 2 10 2 2 2 2 8 10 10 8 2 2 2 2 10 2 10 2 10 10 2 2 2 10
left_child=1 2 -1 12 5 -5 -3 8 -8 -7 11 -11 13 16 15 -15 17 18 21 -18 -19 24 23 -16 27 -26 -27 28 -2 -29
right_child=3 6 -4 4 -6 9 7 -9 -10 10 -12 -13 -14 14 22 -17 19 20 -20 -21 -22 -23 -24 -25 25 26 -28 29 -30 -31
leaf_value=-0.00057879109996758417 -4.448132012553785e-05 -0.0042598607129395744 -0.0010017654155565655 0.46334938073565352 2.3470216108522082 0.16046978154206271 0.00014922413225287694 -0.04508943489072139 -9.1702767908445962e-05 0.0009274785099387372 0.39017076241501397 -0.23424039924163109 -0.0065424145670445449 0.0076966269274937986 0.30443463662211745 -0.079794963964160665 -0.0071423659055271571 -0.0083983366081065245 0.027976755996857391 0.31029206869760584 -0.24447887641578012 -0.035664106147209863 -0.046722947234649433 -0.020540629443876808 -0.071942607557518662 -0.11106303510055307 0.095296381524380136 0.2075632019030548 -0.059005042556395111 0.0049499374147069074
leaf_weight=324 1987 72 42 51 21 35 89 39 161 123 41 90 1333 31 102 43 27 65 65 27 45 32 34 23 39 29 22 23 23 59
leaf_count=324 1987 72 42 51 21 35 89 39 161 123 41 90 1333 31 102 43 27 65 65 27 45 32 34 23 39 29 22 23 23 59
internal_value=-0.00210976 -0.012 -0.0214933 -0.0004512 0.00367213 0.00206957 -0.00219672 -8.16327e-05 0.00185882 8.16327e-05 -0.00159846 -0.0039633 -0.000828102 -0.000109661 0.00539496 -0.00296203 -0.000647059 -0.000912281 -0.000378284 0.0100678 -0.0114261 -0.000700315 0.00929268 0.0121846 -0.000491084 -0.00751579 0.000428571 -0.000168813 -0.000533002 0.0082069
internal_weight=5097 727 366 4370 361 340 361 289 250 289 254 213 4009 2676 233 74 2443 2389 2279 54 110 2214 159 125 2182 90 51 2092 2010 82
internal_count=5097 727 366 4370 361 340 361 289 250 289 254 213 4009 2676 233 74 2443 2389 2279 54 110 2214 159 125 2182 90 51 2092 2010 82
is_linear=0
shrinkage=0.03


Tree=240
num_leaves=31
num_cat=0
split_feature=132 121 135 124 131 121 127 125 126 124 136 133 130 132 125 133 126 129 136 131 122 122 139 131 126 125 125 131 129 131
split_gain=89.6054 76.3214 14.1642 5.66375 7.49584 6.26712 5.51056 9.39095 7.25712 4.57116 9.63601 6.78796 6.32942 7.70878 9.47289 6.11859 11.4375 7.94662 7.43788 9.14987 6.06739 5.92292 5.80805 5.28808 5.89706 5.43163 5.00908 4.79887 5.93615 9.65606
threshold=1.0000000180025095e-35 1.0000000180025095e-35 0.58571428571428574 514.50000000000011 879.00000000000011 670.50000000000011 1.9375000000000002 1.0000000180025095e-35 -13.499999999999998 -13.499999999999998 1.8182399368242301 19.344816497187889 8.5000000000000018 29.416666666666668 -22.499999999999996 30.153307401707291 -15.499999999999998 512.50000000000011 64.219013008174997 41.500000000000007 44.500000000000007 16.500000000000004 1.0000000180025095e-35 1.0000000180025095e-35 -57.499999999999993 -29.499999999999996 -2.4999999999999996 393.50000000000006 163.50000000000003 156.50000000000003
decision_type=8 2 10 2 10 2 10 10 10 2 10 10 8 10 10 8 8 10 10 10 2 2 2 8 10 10 10 10 10 10
left_child=1 2 -1 4 5 9 7 8 -3 10 21 12 -12 14 -14 27 -17 18 20 -20 -18 -2 -16 25 -25 -13 -21 28 29 -11
right_child=3 6 -4 -5 -6 -7 -8 -9 -10 15 11 23 13 -15 22 16 17 -19 19 26 -22 -23 -24 24 -26 -27 -28 -29 -30 -31
leaf_value=-0.00056142736696855665 -0.074796145360970623 0.61644488901825656 -0.00086473728157829245 0.45106363194913229 -0.031503035392942136 2.4423482405161883 -0.049953576285743359 0.00014474740828529061 -0.00082595083948001165 -7.5249327768778628e-05 -0.020122406476331425 -0.065386752843724597 0.30566988343754237 -0.00028901010174354981 -0.012029100983054413 0.51542395856336976 -0.0042611257447218521 0.5109517069185403 0.12594022912521885 -0.0096703708131321876 0.094329230550935395 -0.0011252475702255892 0.0081508963989592956 0.02706727798482968 -0.030016488173632182 -0.35271029199146647 -0.35683133004459844 -0.02915577468728827 0.021904297847517566 -0.096114839256509862
leaf_weight=324 54 20 40 32 34 28 40 83 220 2305 72 28 21 471 38 74 177 21 32 42 83 26 79 47 284 20 37 91 221 53
leaf_count=324 54 20 40 32 34 28 40 83 220 2305 72 28 21 471 38 74 177 21 32 42 83 26 79 47 284 20 37 91 221 53
internal_value=-0.00212152 -0.0118361 -0.0214472 -0.000492343 -0.000592678 -0.000472035 -0.00202174 -0.000621951 -0.00364898 -0.000573231 -0.00219563 -0.00140282 0.00038484 0.00140717 0.00751049 1.7192e-05 0.00317197 0.00104282 -6.38298e-05 -0.00641379 0.00269434 -0.0119294 0.00363934 -0.00459375 -0.00310714 -0.0134717 -0.0117143 -0.000536075 -0.000287926 -0.000733813
internal_weight=5097 727 364 4370 4338 4304 363 323 240 4276 1140 1060 681 609 138 3136 466 392 371 111 260 80 117 379 331 48 79 2670 2579 2358
internal_count=5097 727 364 4370 4338 4304 363 323 240 4276 1140 1060 681 609 138 3136 466 392 371 111 260 80 117 379 331 48 79 2670 2579 2358
is_linear=0
shrinkage=0.03


Tree=241
num_leaves=31
num_cat=0
split_feature=132 123 135 131 123 127 125 126 124 144 124 131 146 145 130 120 132 132 120 136 120 132 131 123 132 133 124 21 138 117
split_gain=91.1242 76.5853 12.8728 5.64225 7.45108 5.50229 6.61378 6.84961 4.78418 5.54507 4.40035 4.34238 4.30864 7.55013 11.4008 8.30007 8.75304 8.96796 5.7177 6.51314 15.5056 11.7016 6.85565 9.1352 6.10129 7.2429 5.89836 4.91518 5.02334 10.8332
threshold=1.0000000180025095e-35 1.0000000180025095e-35 0.58571428571428574 913.50000000000011 670.50000000000011 1.9375000000000002 1.0000000180025095e-35 -13.499999999999998 -19.499999999999996 11.500000000000002 -1.0000000180025095e-35 4.5000000000000009 15.500000000000002 17.500000000000004 1.5000000000000002 53.166666666666679 7.8333333333333348 17.833333333333339 275.83333333333337 13.334004804017333 19.833333333333339 55.166666666666679 637.00000000000011 66.500000000000014 59.500000000000007 15.909459953375036 47.500000000000007 1.0000000180025095e-35 0.84523809523809534 52.500000000000007
decision_type=8 2 10 10 2 10 10 10 2 2 2 8 2 2 10 2 10 8 2 10 2 10 8 2 10 10 2 2 10 2
left_child=1 2 -1 4 12 6 7 -3 9 -9 11 -10 18 14 -14 16 -16 -18 19 21 24 26 -23 -24 25 -21 -2 28 -15 -30
right_child=3 5 -4 -5 -6 -7 -8 8 10 -11 -12 -13 13 27 15 -17 17 -19 -20 20 -22 22 23 -25 -26 -27 -28 -29 29 -31
leaf_value=-0.00054458454595950002 0.0001064932912679084 0.59795154234770875 -0.0009457703346425195 -0.021753582368586988 2.744510329997123 -0.048454968997171055 0.0001404049860367319 -0.0057001720554615319 -4.1265453176582095e-05 -0.00090321386178423635 -0.0037022774049069503 0.0038022751073715643 -0.020126496857404377 0.00071965874918787447 -0.011388849632688451 -0.093947197027880888 0.0081882032250980702 -0.0082777450432246161 0.98257204906654694 -0.0079224015266709455 -0.031399734505240917 -0.012684962216417545 -0.22320796697898343 -0.0047496782985206208 0.17644005314506245 0.53033209780494506 0.37147416050810789 -0.0095387954569363543 -0.0075583889199963578 0.0059052961780098195
leaf_weight=324 776 20 42 36 22 40 83 38 73 24 57 26 34 1126 22 54 32 51 29 40 74 187 49 40 142 22 35 25 968 606
leaf_count=324 776 20 42 36 22 40 83 38 73 24 57 26 34 1126 22 54 32 51 29 40 74 187 49 40 142 22 35 25 968 606
internal_value=-0.00212152 -0.011918 -0.0214933 -0.000478629 -0.000371975 -0.00203279 -0.000625767 -0.00318519 -0.00481614 -0.0115522 -0.00182609 0.00196154 -0.000471161 -0.00112692 -0.00678788 -0.00307317 0.00185455 0.00640909 0.000896355 0.000586861 0.00464311 -0.000461538 -0.00574377 -0.012383 0.00887081 0.00080597 0.00135294 -0.000712088 -0.000574492 -0.00166814
internal_weight=5097 727 366 4370 4334 361 321 238 218 62 156 99 4312 2918 193 159 105 83 1394 1365 278 1087 276 89 204 62 811 2725 2700 1574
internal_count=5097 727 366 4370 4334 361 321 238 218 62 156 99 4312 2918 193 159 105 83 1394 1365 278 1087 276 89 204 62 811 2725 2700 1574
is_linear=0
shrinkage=0.03


Tree=242
num_leaves=31
num_cat=0
split_feature=132 123 131 131 123 127 125 73 131 101 146 120 120 119 4 127 125 39 133 126 132 144 126 118 119 128 120 125 146 120
split_gain=88.1072 80.5885 12.2386 6.93775 7.38523 6.07717 5.62773 5.39647 9.15853 4.4353 4.16418 5.25432 5.60452 4.62137 4.14568 3.82246 7.52849 3.98073 4.81046 4.67479 3.73107 3.56339 5.83628 5.29443 6.41357 5.32798 5.22148 4.53912 3.78733 7.30319
threshold=1.0000000180025095e-35 1.0000000180025095e-35 1.5000000000000002 879.00000000000011 670.50000000000011 1.9375000000000002 1.0000000180025095e-35 1.0000000180025095e-35 116.50000000000001 1.0000000180025095e-35 28.500000000000004 59.833333333333336 34.166666666666679 18.500000000000004 1.0000000180025095e-35 135.50000000000003 78.500000000000014 1.0000000180025095e-35 180.95609197269218 -273.99999999999994 8.5000000000000018 43.500000000000007 -1.0000000180025095e-35 1.0000000180025095e-35 77.500000000000014 6.5000000000000009 37.166666666666679 -2.4999999999999996 15.500000000000002 1.0000000180025095e-35
decision_type=8 2 10 10 2 10 10 2 8 2 2 2 2 2 2 10 10 2 10 8 10 2 10 2 2 10 2 10 2 2
left_child=1 2 -1 4 7 6 10 9 -9 14 11 12 13 -3 15 16 17 18 19 -2 -11 28 26 24 25 -24 -23 -25 -21 -30
right_child=3 5 -4 -5 -6 -7 -8 8 -10 20 -12 -13 -14 -15 -16 -17 -18 -19 -20 21 -22 22 23 27 -26 -27 -28 -29 29 -31
leaf_value=-0.00052824700958071494 -0.013089642391637679 5.0400191072758525e-05 -0.0010088068480585285 -0.012296612934962921 2.662175020097211 -0.047001319927255925 0.00013619283645562995 -0.010326764175011931 0.26549065546057127 0.081551959249344205 -0.0047796267854418786 -0.0055291668937976863 0.049970262818917796 -0.015978746299472407 0.41921412780230621 0.23678998829818013 -0.37381732850780819 -0.090750536380390934 0.5741558844000525 0.00012623459778606682 -0.00072442917066359411 0.0017280144334137404 -0.00089398357934059166 0.19559713749773575 -0.037800555820013099 0.20006905824992299 0.36150011237417773 -0.10047141677690753 -0.0050603441554253814 -0.0011313970985349097
leaf_weight=323 22 104 43 38 22 40 83 22 24 20 50 31 21 32 27 24 37 43 40 1284 24 23 26 20 26 44 24 23 272 2285
leaf_count=323 22 104 43 38 22 40 83 22 24 20 50 31 21 32 27 24 37 43 40 1284 24 23 26 20 26 44 24 23 272 2285
internal_value=-0.0020392 -0.0116721 -0.0214933 -0.000423771 -0.000302974 -0.00154098 -7.36196e-05 -0.000401854 0.00929412 -0.000518623 -0.00244444 -0.000279793 0.002 -0.000382979 -0.000623432 -0.000706051 -0.000781984 -0.000651197 -0.000548119 -0.000657129 0.00844898 -0.000571429 0.00342408 0.000166667 0.00409901 0.00872 0.012 -0.008 -0.000770671 -0.00143794
internal_weight=5097 727 366 4370 4332 361 321 4310 46 4264 238 188 157 136 4220 4193 4169 4132 4089 4049 44 4027 186 139 96 70 47 43 3841 2557
internal_count=5097 727 366 4370 4332 361 321 4310 46 4264 238 188 157 136 4220 4193 4169 4132 4089 4049 44 4027 186 139 96 70 47 43 3841 2557
is_linear=0
shrinkage=0.03


Tree=243
num_leaves=31
num_cat=0
split_feature=132 123 135 131 121 127 125 135 118 44 127 118 128 132 127 144 132 128 131 136 126 118 136 118 123 128 117 125 136 126
split_gain=89.8227 77.9088 12.8728 6.87345 8.32058 5.69124 6.27672 3.81501 9.78451 8.4857 6.31594 9.86474 9.58376 8.19272 7.39633 12.9558 8.72083 7.58597 10.6418 12.6268 8.60328 6.23559 10.1846 9.2382 8.22176 5.96124 6.04508 7.42301 6.6619 5.88698
threshold=1.0000000180025095e-35 1.0000000180025095e-35 0.58571428571428574 879.00000000000011 670.50000000000011 1.5857142857142861 1.0000000180025095e-35 83.928571428571445 129.50000000000003 1.0000000180025095e-35 -0.089376267748478691 65.500000000000014 106.50000000000001 69.166666666666671 0.004464108172598927 35.500000000000007 100.50000000000001 155.50000000000003 279.50000000000006 9.4555859787044749 -8.4999999999999982 78.500000000000014 22.611170738851932 67.500000000000014 22.500000000000004 1.0000000180025095e-35 1.0000000180025095e-35 2.5000000000000004 8.1928290247232685 2.5000000000000004
decision_type=8 2 10 10 2 8 10 10 2 2 10 2 10 10 10 2 10 10 10 10 10 2 8 2 2 10 2 10 10 8
left_child=1 2 -1 4 7 6 -3 8 21 10 11 -9 -13 -12 15 16 -15 -18 19 -19 -21 23 -23 25 -24 26 28 29 -2 -28
right_child=3 5 -4 -5 -6 -7 -8 9 -10 -11 13 12 -14 14 -16 -17 17 18 -20 20 -22 22 24 -25 -26 -27 27 -29 -30 -31
leaf_value=-0.00051239959929329356 -0.0020194011792636518 -0.00095954603344347176 -0.00088713301916148806 -0.011927714546914103 2.5823097694942931 -0.045591280329438252 0.00013210705136196106 -0.19569319449471406 0.41937181344010693 -0.24209428514530515 -0.091094839204088424 0.2070177938758769 -0.045927912009300367 0.056460185975031149 -0.021858041134205166 0.090089789539148049 -0.028272928139249698 -0.15828003714428135 -0.033578090078954688 -0.0038489061892380502 0.26130419351667311 -0.13372197213750261 -0.17082175671860297 0.19621369935149177 0.085374107420386952 0.00014347301596897121 0.0073805989192098527 -0.012256534073074013 -0.046160273920445673 -0.0037075485705972255
leaf_weight=324 129 238 42 38 31 40 83 93 74 29 47 45 130 31 319 166 200 38 165 25 121 33 25 46 80 2261 70 61 35 78
leaf_count=324 129 238 42 38 31 40 83 93 74 29 47 45 130 31 319 166 200 38 165 25 121 33 25 46 80 2261 70 61 35 78
internal_value=-0.00210976 -0.0118361 -0.0214933 -0.000478629 -0.000358312 -0.00186885 -0.000441718 -0.000479331 0.000142906 -0.00175672 -0.00138195 -0.00547253 -0.00113333 -0.000370636 0.000190654 0.00182956 -0.000297436 -0.00123466 0.00142373 0.00631746 0.0102914 -0.000146652 -0.00625175 0.000176536 -0.00130909 -6.59341e-05 -0.00355556 -0.00011215 -0.00777515 0.0034902
internal_weight=5097 727 366 4370 4332 361 321 4301 2892 1409 1380 268 175 1112 1065 746 580 549 349 184 146 2818 138 2680 105 2634 373 209 164 148
internal_count=5097 727 366 4370 4332 361 321 4301 2892 1409 1380 268 175 1112 1065 746 580 549 349 184 146 2818 138 2680 105 2634 373 209 164 148
is_linear=0
shrinkage=0.03


Tree=244
num_leaves=31
num_cat=0
split_feature=135 120 123 131 121 122 128 117 127 136 136 145 145 145 135 128 128 117 130 118 128 121 131 138 131 127 126 127 135 144
split_gain=82.2746 77.6493 6.69238 6.58897 8.61134 4.55314 4.04678 12.5147 10.2463 8.20501 9.71415 7.83574 12.9895 6.98879 5.91806 7.80212 7.36801 9.38555 8.4356 7.39389 7.16752 6.92473 9.13435 6.84554 6.36414 5.97955 6.88465 7.93188 9.9408 6.57071
threshold=1.0000000180025095e-35 1.0000000180025095e-35 3.5000000000000004 879.00000000000011 670.50000000000011 55.500000000000007 1.0000000180025095e-35 1.0000000180025095e-35 0.89898989898989912 8.1928290247232685 1.8182399368242301 25.500000000000004 17.500000000000004 20.500000000000004 64.928571428571445 58.500000000000007 67.500000000000014 139.50000000000003 1.0000000180025095e-35 78.500000000000014 62.500000000000007 52.500000000000007 1.0000000180025095e-35 0.92857142857142871 1.0000000180025095e-35 -0.089376267748478691 -37.499999999999993 -0.99514460131520011 77.214285714285737 41.500000000000007
decision_type=8 2 2 10 2 2 8 2 10 10 10 2 2 2 10 10 10 2 10 2 10 2 10 10 8 10 8 10 10 2
left_child=1 -1 -3 4 6 -4 7 9 -9 10 11 12 -2 -12 16 -16 17 19 -18 20 21 -8 -23 -24 -20 26 -17 -28 -29 -27
right_child=3 2 5 -5 -6 -7 14 8 -10 -11 13 -13 -14 -15 15 25 18 -19 24 -21 -22 22 23 -25 -26 29 27 28 -30 -31
leaf_value=-0.00049702761131449483 -0.0012042066804261481 0.00012814383982110222 -0.0026659235434466312 -0.01156988311051009 2.5048404764094654 7.7225611912249732e-05 -2.8758386472967911e-05 0.0045874444453035011 -0.01693872190407076 -0.0070351781686178025 -0.0032703615708923701 -0.004706737568432936 0.00084961210325929296 0.0019449475925342814 -0.14045901012224335 0.31129133846562723 -0.023735921545711382 1.7305926758307362 -0.019914105120726049 -0.092428680952385767 -0.16725263032063595 0.14714285353041368 -0.045309160996526002 0.0076903611327145543 0.21565101713609222 -0.0048002126839081427 0.32788951999312871 0.20958838290023521 -0.16771877111049988 0.059342182462216328
leaf_weight=296 20 70 173 38 31 43 1866 286 51 54 34 42 29 51 73 31 35 25 29 60 27 58 41 113 79 1058 49 31 182 122
leaf_count=296 20 70 173 38 31 43 1866 286 51 54 34 42 29 51 73 31 35 25 29 60 27 58 41 113 79 1058 49 31 182 122
internal_value=-0.002098 -0.0126644 -0.00142268 -0.000722124 -0.000607764 -0.00404525 -0.000726578 -0.00308392 0.000596491 -0.0084 -0.00493923 -0.0115 -0.00266667 0.00226667 -0.000376931 -0.00181431 0.00057485 0.000133941 0.00705405 -9.40092e-05 0.000210427 0.000429189 0.0055023 0.0014717 0.0110973 -0.00131529 -0.00511409 -0.0067191 -0.00919266 -0.000349367
internal_weight=5097 582 286 4515 4477 216 4446 567 337 230 176 91 49 85 3879 1546 2333 2190 143 2165 2105 2078 212 154 108 1473 293 262 213 1180
internal_count=5097 582 286 4515 4477 216 4446 567 337 230 176 91 49 85 3879 1546 2333 2190 143 2165 2105 2078 212 154 108 1473 293 262 213 1180
is_linear=0
shrinkage=0.03


Tree=245
num_leaves=31
num_cat=0
split_feature=132 123 135 124 127 136 121 135 120 102 132 145 138 145 144 130 121 136 133 133 129 130 124 146 133 144 135 136 123 135
split_gain=86.3925 80.5885 12.8728 6.37132 7.3722 4.41296 6.95782 4.18537 4.5797 4.41969 4.43329 9.82444 8.55992 7.27427 7.64497 4.96614 5.22141 13.1874 9.03597 7.83359 15.7777 8.90205 7.50179 6.82012 11.1113 7.05578 10.5167 13.3701 6.20974 5.93261
threshold=1.0000000180025095e-35 1.0000000180025095e-35 0.58571428571428574 -20.499999999999996 2.3250000000000006 330.28838155088494 670.50000000000011 0.46428571428571436 0.50000000000000011 1.0000000180025095e-35 3.5000000000000004 15.500000000000002 0.84523809523809534 20.500000000000004 25.500000000000004 55.500000000000007 50.500000000000007 68.818145922175276 243.00903046777685 15.591980039539386 67.500000000000014 66.500000000000014 -2.4999999999999996 13.500000000000002 23.504113457462452 5.5000000000000009 90.357142857142875 5.364247230755212 28.500000000000004 72.500000000000014
decision_type=8 2 10 2 10 10 2 8 2 2 8 2 10 2 2 8 2 10 8 10 8 8 2 2 8 2 10 8 2 10
left_child=1 2 -1 -3 -5 6 7 8 -2 10 11 -9 13 -13 -15 -12 17 23 19 20 -18 -21 29 25 -25 28 27 -27 -17 -23
right_child=5 3 -4 4 -6 -7 -8 9 -10 -11 15 12 -14 14 -16 16 18 -19 -20 21 -22 22 -24 24 -26 26 -28 -29 -30 -31
leaf_value=-0.00048211678297505989 -0.00066985592270123672 -0.0036616421105825081 -0.00066957852833957737 7.4908843554882232e-05 -0.055082067644143279 -0.32423347473702446 3.1421822634597558 0.0001294891648348323 0.0075430261752908517 0.017092947150630061 0.00033171695010510757 -0.0060005001279118883 -0.0091129542392388921 0.027982154795946956 -0.0019191220501772724 -0.0083464484878942348 0.16400640335110614 0.60536276292400559 0.4789318848044638 -0.3061250761489348 -0.00067722987915431077 -0.17691534643359905 0.015581917051605103 -0.13480397808881639 0.0046357436146377993 -0.018086326663564377 -0.011222786617195196 0.15718730734042324 0.13408422163977674 -0.025932808920808001
leaf_weight=324 22 60 42 265 36 24 29 174 26 25 1889 28 84 52 112 173 48 42 49 23 673 34 233 85 32 21 158 29 22 283
leaf_count=324 22 60 42 265 36 24 29 174 26 25 1889 28 84 52 112 173 48 42 49 23 673 34 233 85 32 21 158 29 22 283
internal_value=-0.00213328 -0.0116721 -0.0214933 -0.00154098 0.00027451 -0.000533486 -0.000453689 -0.000560851 0.00781132 -0.000665419 -0.000746999 -0.00354725 -0.00702491 -0.0033198 -0.000674556 -0.000409055 -0.00148901 -0.00390476 -0.000462908 -0.000965358 0.00110744 -0.00357093 -0.00269189 -0.00524571 -0.0115082 -0.00329412 0.000535211 0.0118909 -0.00732 -0.0056646
internal_weight=5097 727 366 361 301 4370 4346 4317 48 4269 4244 450 276 192 164 3794 1905 562 1343 1294 721 573 550 520 117 403 208 50 195 317
internal_count=5097 727 366 361 301 4370 4346 4317 48 4269 4244 450 276 192 164 3794 1905 562 1343 1294 721 573 550 520 117 403 208 50 195 317
is_linear=0
shrinkage=0.03


Tree=246
num_leaves=31
num_cat=0
split_feature=132 120 136 117 125 131 127 125 133 130 128 130 136 121 144 130 132 126 139 133 128 117 128 128 132 120 120 118 131 131
split_gain=83.6574 81.6422 14.0448 5.63556 13.57 12.7126 4.45667 6.73182 3.58061 3.99011 9.3823 7.17418 7.13123 13.1833 7.09518 6.87775 6.98879 6.35177 7.12917 7.71707 5.46584 9.90693 8.23793 6.93678 5.39057 4.88413 4.82021 4.67983 4.22804 4.22075
threshold=1.0000000180025095e-35 1.0000000180025095e-35 1.737892477679319 549.00000000000011 4.5000000000000009 879.00000000000011 5.0714285714285721 1.0000000180025095e-35 180.95609197269218 208.50000000000003 179.50000000000003 192.50000000000003 40.912549475509373 353.00000000000006 33.500000000000007 324.50000000000006 277.16666666666669 -3.4999999999999996 -1.0000000180025095e-35 10.85765413253023 177.00000000000003 209.50000000000003 169.50000000000003 284.00000000000006 144.83333333333334 275.83333333333337 133.16666666666671 543.50000000000011 496.00000000000006 175.50000000000003
decision_type=8 2 10 2 10 10 10 10 10 10 10 10 10 2 2 10 10 10 2 10 10 2 10 10 10 2 2 2 10 10
left_child=1 2 -1 5 -5 8 7 -3 9 11 14 20 17 15 -11 16 -14 -12 19 -19 21 22 -2 24 -22 26 -20 28 -15 -26
right_child=3 6 -4 4 -6 -7 -8 -9 -10 10 12 -13 13 27 -16 -17 -18 18 25 -21 23 -23 -24 -25 29 -27 -28 -29 -30 -31
leaf_value=-0.00046765327948580814 -0.00023682756285022143 -0.00088011418622449837 -0.00050495310143182793 0.53064909946452532 -0.094938156448098415 -0.12179765855365189 -0.17158142094958845 0.00012205225931982268 0.54461055413200254 -0.31703401791128666 -0.16979135116479541 0.11944963082111826 0.20343332875949585 -0.36858643118797429 -0.0014728845947635705 0.67008760767796616 -0.40418966433699238 -0.34785226915357836 0.064781052896467489 0.055109063946626402 0.0072758569476096113 0.85878009584472359 0.49528666937310106 0.18872869938095577 -0.29584230655450283 0.93259134509684483 -0.12481420193302425 1.177467884736066 -0.014183030298684684 -0.023327886839536866
leaf_weight=331 3439 240 33 31 29 24 22 101 40 35 66 42 51 32 25 53 34 55 53 21 45 36 23 24 69 28 34 20 28 33
leaf_count=331 3439 240 33 31 29 24 22 101 40 35 66 42 51 32 25 53 34 55 53 21 45 36 23 24 69 28 34 20 28 33
internal_value=-0.00212152 -0.0115082 -0.0214472 -0.0005472 0.00821538 -0.000679954 -0.00136957 -0.000416185 -0.000543929 -0.000633733 -0.00304444 -0.000280947 -0.00155 0.00239462 -0.0137538 0.00793007 0.00226667 -0.00490076 -0.00195918 -0.00881481 -0.000431138 -0.000169569 -0.00034439 -0.00559091 -0.00805263 0.0027 -0.000913043 -0.00698824 -0.0109846 -0.0117196
internal_weight=5097 727 364 4370 60 4310 363 341 4286 4246 535 3711 475 218 60 138 85 257 191 76 3669 3498 3462 171 147 115 87 80 60 102
internal_count=5097 727 364 4370 60 4310 363 341 4286 4246 535 3711 475 218 60 138 85 257 191 76 3669 3498 3462 171 147 115 87 80 60 102
is_linear=0
shrinkage=0.03


Tree=247
num_leaves=31
num_cat=0
split_feature=132 123 135 124 131 121 127 146 127 127 125 144 124 126 133 133 3 135 131 132 131 127 123 129 129 119 128 135 127 135
split_gain=80.5617 87.4793 12.8728 7.63522 6.8414 8.35288 6.78725 4.24159 5.16529 3.682 4.65969 3.52595 3.51846 9.04435 3.54367 3.616 3.20686 3.04312 6.20724 9.82667 8.65326 7.27495 8.6538 7.26914 8.09141 7.05745 7.77918 7.94251 5.95735 5.77876
threshold=1.0000000180025095e-35 1.0000000180025095e-35 0.58571428571428574 -20.499999999999996 879.00000000000011 670.50000000000011 5.0714285714285721 28.500000000000004 0.11851478494623657 135.50000000000003 89.000000000000014 11.500000000000002 -276.49999999999994 -214.99999999999997 30.617705466486889 7.738761209871015 1.0000000180025095e-35 63.928571428571438 40.500000000000007 59.500000000000007 31.500000000000004 -0.98164983164983155 56.500000000000007 52.500000000000007 47.500000000000007 60.500000000000007 1.5000000000000002 15.357142857142859 0.44058823529411767 9.071428571428573
decision_type=8 2 10 2 10 2 10 2 10 10 10 2 2 8 10 10 2 8 8 8 10 8 2 10 8 2 10 10 10 10
left_child=1 2 -1 11 5 9 7 -5 -9 10 12 -3 14 -14 15 -2 17 18 20 23 21 -15 29 24 25 26 -20 -28 -19 -23
right_child=4 3 -4 6 -6 -7 -8 8 -10 -11 -12 -13 13 16 -16 -17 -18 28 19 -21 -22 22 -24 -25 -26 -27 27 -29 -30 -31
leaf_value=-0.0004536236811012339 -0.35644996438659404 -0.0019325037325837536 -0.00063434257944643526 0.00011839069154022801 -0.017850299758617894 2.4230839497353358 -0.1664339783211008 -0.0045815060437482897 0.012211326008446512 0.23231281160594122 -0.39083591428921072 -0.032011675002666544 0.5240706575295947 0.19101265837558698 -1.6675460775367088 0.35888558815086186 -0.0071790823616199257 -0.0036408240238790766 -0.015110102854665165 0.12003914828358159 -0.0088114000638498165 -0.0002753943528156455 -0.020182011134879472 -0.012500123923891238 0.024137831110342772 0.23039398264955466 0.0021368701852848971 -0.00164496208298182 -0.41190047038838284 0.0018542139673097991
leaf_weight=324 26 35 42 206 38 31 22 52 21 24 32 25 24 30 33 42 41 1581 66 60 169 771 84 77 95 41 82 311 38 674
leaf_count=324 26 35 42 206 38 31 22 52 21 24 32 25 24 30 33 42 41 1581 66 60 169 771 84 77 95 41 82 311 38 674
internal_value=-0.00205096 -0.0112623 -0.0214933 -0.000721311 -0.000506057 -0.000385981 0.0012549 0.00261972 -0.00338462 -0.000507199 -0.000580103 -0.0100615 -0.000485647 -0.000345625 -0.00588679 -0.00156164 -0.000464 -0.000373164 0.000289655 0.00259701 -0.000688979 1.53453e-05 -0.000289439 0.00149778 0.00264 0.00105743 -5.17241e-05 0.00156784 -0.00138177 0.000264828
internal_weight=5097 727 366 361 4370 4332 301 279 73 4301 4277 60 4245 4144 101 68 4120 4079 2460 732 1728 1559 1529 672 595 500 459 393 1619 1445
internal_count=5097 727 366 361 4370 4332 301 279 73 4301 4277 60 4245 4144 101 68 4120 4079 2460 732 1728 1559 1529 672 595 500 459 393 1619 1445
is_linear=0
shrinkage=0.03


Tree=248
num_leaves=31
num_cat=0
split_feature=135 120 124 131 121 105 123 126 124 129 126 120 135 131 146 135 131 121 126 121 126 123 129 133 138 122 144 136 130 138
split_gain=76.7357 83.7558 8.52278 6.58897 8.61134 5.977 4.45006 4.16014 3.68154 8.16819 9.45432 7.95205 6.60865 6.1297 6.68368 6.04348 13.4098 14.1341 12.1871 10.1741 8.39262 6.98778 6.97871 6.00987 5.99104 12.5662 9.88555 12.5036 12.3054 6.92017
threshold=1.0000000180025095e-35 1.0000000180025095e-35 -20.499999999999996 879.00000000000011 670.50000000000011 1.0000000180025095e-35 3.5000000000000004 -1.0000000180025095e-35 1.0000000180025095e-35 1.0000000180025095e-35 26.500000000000004 1.0000000180025095e-35 0.58571428571428574 4.5000000000000009 28.500000000000004 25.071428571428573 13.500000000000002 16.500000000000004 -1.0000000180025095e-35 14.500000000000002 8.5000000000000018 8.5000000000000018 98.500000000000014 10.397614985738647 0.73214285714285732 59.500000000000007 13.500000000000002 47.536236705202867 1.5000000000000002 0.58571428571428574
decision_type=8 2 2 10 2 2 2 10 2 10 8 2 8 10 2 8 8 2 8 2 10 2 10 8 10 2 2 10 10 10
left_child=1 -1 7 4 5 8 -4 -3 9 11 24 12 -2 14 23 16 -10 -18 -19 -17 -20 22 -21 -13 25 29 27 -26 -28 -11
right_child=3 2 6 -5 -6 -7 -8 -9 15 10 -12 13 -14 -15 -16 19 17 18 20 21 -22 -23 -24 -25 26 -27 28 -29 -30 -31
leaf_value=-0.00044001497066819688 -0.00039412982455137407 -0.0011604661381561052 0.00011483897079402117 -0.017314790765856288 2.3503914312432768 -0.018183698027416925 -3.537598551692247e-05 -0.015196392022299807 -0.00029768673666346945 -0.00095028936772338472 -0.088306365546303445 0.017074476489808813 -0.0016143857105821099 -0.021566375954275071 -0.0055721027634668546 -0.095130312799366304 0.041115056945602468 -0.13102654573539951 0.098444727346385152 0.00020149014045777846 -0.0033875570042155444 -0.0030682505190987538 0.26240127608521219 0.0019183265506532809 3.2225489558141974e-05 -0.22264458125987757 -0.0083423750292395873 0.65009420416834585 -0.0055052720366232455 0.009939775517615556
leaf_weight=296 33 26 70 38 31 37 165 25 306 156 65 34 150 87 31 48 51 27 36 37 23 805 24 45 830 40 46 55 1006 474
leaf_count=296 33 26 70 38 31 37 165 25 306 156 65 34 150 87 31 48 51 27 36 37 23 805 24 45 830 40 46 55 1006 474
internal_value=-0.00205096 -0.0122555 -0.000597938 -0.000722124 -0.000607764 -0.000726578 0.00185 -0.0111429 -0.000617127 -0.00119529 -0.000602914 -0.00528312 -0.00970213 -0.0010099 0.0036 0.000678414 0.00353571 0.0111549 0.00323077 -0.000711643 0.0106875 6.19977e-05 0.00945455 0.00814286 -0.00030781 0.00212444 -0.00115551 0.00117303 -0.00311637 0.00320315
internal_weight=5097 582 286 4515 4477 4446 235 51 4409 3052 2672 380 183 197 110 1357 443 137 86 914 59 866 61 79 2607 670 1937 885 1052 630
internal_count=5097 582 286 4515 4477 4446 235 51 4409 3052 2672 380 183 197 110 1357 443 137 86 914 59 866 61 79 2607 670 1937 885 1052 630
is_linear=0
shrinkage=0.03


Tree=249
num_leaves=31
num_cat=0
split_feature=132 123 136 124 131 121 127 144 135 127 137 120 127 3 121 122 128 131 131 132 29 136 130 126 131 144 126 130 117 143
split_gain=77.5012 82.0269 13.4858 7.11681 6.60305 8.59681 6.42735 3.52595 3.22562 3.00619 3.18188 4.10131 4.72566 2.99827 2.8064 10.5301 7.91445 5.15108 4.97085 9.41154 4.44618 5.15759 3.40873 7.37085 6.84109 5.60322 7.15529 6.86588 5.1667 6.01815
threshold=1.0000000180025095e-35 1.0000000180025095e-35 1.3923799061403839 -20.499999999999996 879.00000000000011 670.50000000000011 5.0714285714285721 11.500000000000002 3.785714285714286 0.011976477337923123 3.5000000000000004 0.83333333333333337 -0.097391598915989155 1.0000000180025095e-35 353.00000000000006 295.00000000000006 237.00000000000003 421.00000000000006 421.00000000000006 405.50000000000006 1.0000000180025095e-35 40.407362855096956 208.50000000000003 -65.499999999999986 62.500000000000007 37.500000000000007 -10.499999999999998 275.50000000000006 246.00000000000003 40.500000000000007
decision_type=8 2 10 2 10 2 10 2 10 10 2 2 10 2 2 2 10 8 10 10 2 10 8 8 10 2 8 8 2 2
left_child=1 2 -1 7 5 13 9 -3 -4 10 -5 -12 -13 14 15 18 -16 -18 19 22 21 -19 23 24 -2 26 -24 -27 29 -28
right_child=4 3 8 6 -6 -7 -8 -9 -10 -11 11 12 -14 -15 16 -17 17 20 -20 -21 -22 -23 25 -25 -26 27 28 -29 -30 -31
leaf_value=-0.00042681452154815094 -0.0020791592987071724 -0.0018397146364615578 0.00015138111627113366 0.0073727063663397438 -0.016795347042882439 2.27987968830598 -0.15915206514612262 -0.030595432991917561 -0.0010855410893770942 0.00011139380167020053 8.7484492946965627e-05 0.00013642347488174484 -0.0045639219181406385 -0.0069646766554580701 0.96873474007897242 1.4498740444070657 -0.34037947418445241 -0.00022003369060598742 -0.34522608261434357 0.46359774825196864 0.37518236763032004 -0.11354534384911402 -0.22507657564966069 -0.00022242767006698915 0.31650378252885897 -0.018958110980027386 -0.0047945207640236673 0.23250907754656444 0.58061831965495025 -0.14497440832149891
leaf_weight=322 37 35 21 25 38 31 22 25 23 100 39 41 74 41 27 20 55 75 52 40 28 43 72 3306 57 38 333 24 26 27
leaf_count=322 37 35 21 25 38 31 22 25 23 100 39 41 74 41 27 20 55 75 52 40 28 43 72 3306 57 38 333 24 26 27
internal_value=-0.00222736 -0.0112623 -0.0211698 -0.00104918 -0.000711771 -0.000593498 0.000862745 -0.0100615 -0.00477551 0.00219718 -0.000130435 -0.00184906 -0.0047 -0.00071621 -0.000631653 -0.000444389 -0.00383691 -0.00594175 -0.000566094 -0.000437327 -0.00274172 -0.00531707 -0.00059465 -0.000244934 0.00781818 -0.00284571 -0.00400432 0.00528358 -0.00228645 -0.00327123
internal_weight=5097 727 366 361 4370 4332 301 60 44 279 179 154 115 4301 4260 4032 228 201 4012 3960 146 118 3920 3400 94 520 458 62 386 360
internal_count=5097 727 366 361 4370 4332 301 60 44 279 179 154 115 4301 4260 4032 228 201 4012 3960 146 118 3920 3400 94 520 458 62 386 360
is_linear=0
shrinkage=0.03


Tree=250
num_leaves=31
num_cat=0
split_feature=135 120 124 131 121 126 126 135 135 133 144 118 120 120 136 145 145 120 145 136 144 99 131 133 129 133 128 120 133 129
split_gain=79.9068 77.6493 7.26395 6.39201 8.81833 5.46867 4.16014 3.95365 7.23921 6.49833 5.80506 7.24068 6.24633 5.24444 4.87435 8.10244 7.88004 9.05791 7.40992 6.23932 4.94542 4.60588 4.7102 6.16171 5.5078 6.46343 5.73031 5.45396 7.25909 6.25923
threshold=1.0000000180025095e-35 1.0000000180025095e-35 -20.499999999999996 879.00000000000011 670.50000000000011 -15.499999999999998 -1.0000000180025095e-35 9.071428571428573 16.928571428571434 10.85765413253023 3.5000000000000004 17.500000000000004 1.0000000180025095e-35 16.500000000000004 1.737892477679319 33.500000000000007 20.500000000000004 0.50000000000000011 15.500000000000002 2.0575598411035889 40.500000000000007 1.0000000180025095e-35 21.500000000000004 2.9719601443879751 7.5000000000000009 12.526056794587578 16.500000000000004 11.833333333333334 2.9056810222284128 10.500000000000002
decision_type=8 2 2 10 2 10 10 8 8 8 2 2 2 2 10 2 2 2 2 10 2 2 10 10 8 10 10 2 10 8
left_child=1 -1 6 4 7 -4 -3 9 21 10 12 13 -2 14 15 16 18 -18 -12 -16 -21 22 24 -24 25 -9 27 29 -29 -26
right_child=3 2 5 -5 -6 -7 -8 8 -10 -11 11 -13 -14 -15 19 -17 17 -19 -20 20 -22 -23 23 -25 26 -27 -28 28 -30 -31
leaf_value=-0.0004140100859017064 -0.0034748906361695918 -0.0010704607149175755 -0.046360597249914946 -0.016291486631594125 2.2114832976568004 8.4859958158556656e-05 -0.014685308822536965 0.013294232545208704 -0.0027002996080585386 -0.020856215524996263 -0.00019617981680445152 -0.042744472222305881 0.0045028406200556745 0.026779255164163906 0.0025821320589480856 -0.008504215944497507 -0.00039728344483786669 0.021582246633201175 -0.0047391476699645795 -0.00052370703720213459 0.0033399944473559936 -0.0020847842989128117 -0.0032289505408197357 0.025228416608972352 0.024999481863456106 -0.030481591669246005 0.022215446733615883 0.0019685068034640449 -0.039841240681284834 -0.0020379365355526779
leaf_weight=296 22 26 30 38 31 205 25 66 2948 30 189 74 30 27 54 70 60 61 45 363 38 20 35 23 36 22 81 27 24 101
leaf_count=296 22 26 30 38 31 205 25 66 2948 30 189 74 30 27 54 70 60 61 45 363 38 20 35 23 36 22 81 27 24 101
internal_value=-0.00225088 -0.0126644 -0.00142268 -0.00089469 -0.000781794 0.00085 -0.0111429 -0.00090182 -0.000396694 -0.00249438 -0.00204624 -0.00258012 0.00726316 -0.00180263 -0.00223051 -0.00452093 -0.00256667 0.00352381 -0.00574895 -5.21739e-05 -0.00138916 0.00319091 0.00391429 -0.00371429 0.00520442 0.0115484 0.00293431 0 -0.00792857 0.00312676
internal_weight=5097 582 286 4515 4477 235 51 4446 3383 1063 1033 981 52 907 880 425 355 121 234 455 401 435 415 58 357 88 269 188 51 137
internal_count=5097 582 286 4515 4477 235 51 4446 3383 1063 1033 981 52 907 880 425 355 121 234 455 401 435 415 58 357 88 269 188 51 137
is_linear=0
shrinkage=0.03


Tree=251
num_leaves=31
num_cat=0
split_feature=135 120 131 121 103 107 123 132 146 131 136 129 125 125 128 132 120 130 128 117 130 117 136 145 136 133 118 124 131 128
split_gain=77.0335 82.2084 6.49775 8.70661 5.85697 5.99474 5.68254 4.8172 7.8852 5.52385 6.40771 4.31648 5.13143 4.4504 8.89489 8.9036 7.83413 5.69701 4.93059 15.5522 7.38559 8.10587 7.20472 8.75486 6.4716 11.4838 5.91748 6.39441 6.07305 5.77735
threshold=1.0000000180025095e-35 1.0000000180025095e-35 879.00000000000011 670.50000000000011 1.0000000180025095e-35 1.0000000180025095e-35 3.5000000000000004 1.0000000180025095e-35 21.500000000000004 2.5000000000000004 7.345690978716596 276.50000000000006 -86.999999999999986 -29.499999999999996 30.500000000000004 6.8333333333333348 86.500000000000014 117.50000000000001 146.50000000000003 25.500000000000004 201.50000000000003 209.50000000000003 13.334004804017333 16.500000000000004 67.188571915328609 33.489627637231223 121.50000000000001 66.500000000000014 186.50000000000003 155.50000000000003
decision_type=8 2 10 2 2 2 2 8 2 10 10 8 8 8 10 10 2 10 10 2 10 2 10 2 10 10 2 2 10 10
left_child=1 -1 3 4 5 7 -3 8 -2 -10 -11 13 -13 14 15 -9 17 -16 20 22 21 26 -20 -24 25 -25 27 28 -15 -21
right_child=2 6 -4 -5 -6 -7 -8 11 9 10 -12 12 -14 18 16 -17 -18 -19 19 29 -22 -23 23 24 -26 -27 -28 -29 -30 -31
leaf_value=-0.00040158978332465519 -0.0010056474067660609 0.00010550618887533782 -0.015802742032644802 2.1451387987270949 0.001266282017217133 0.0012002818377580659 -0.0010383468934700481 -0.070997453457448359 -0.0004620074147045667 0.0043500741352775372 -0.0014783054886476845 -0.49401734755161764 -0.0045696761528612011 -0.00033413465215852644 0.00013992469096500313 0.21859512907807782 0.3023420847350769 -0.29453270401443743 -0.16077846720707559 0.054164560404118017 -0.17527458998227061 0.69767060019473948 0.94595338464168088 0.18249203492902097 0.50802744830235214 -0.76921505340676555 -0.049424213801141689 0.13428364080835492 -0.15442579011704552 -0.015421588645876056
leaf_weight=296 45 70 38 31 46 46 216 20 49 32 20 45 543 2587 146 55 69 46 28 24 48 22 43 26 34 22 122 94 22 212
leaf_count=296 45 70 38 31 46 46 216 20 49 32 20 45 543 2587 146 55 69 46 28 24 48 22 43 26 34 22 122 94 22 212
internal_value=-0.00213328 -0.0123578 -0.00080177 -0.000688086 -0.000807459 -0.000924858 -0.000804124 -0.00104474 -0.00631788 -0.00135849 0.00515789 -0.000853074 -0.00322766 -0.000461793 0.00279765 0.01155 9.02256e-05 -0.00301523 -0.000800851 0.00234518 -0.00122897 -0.00101823 0.00964557 0.0126462 0.00613793 -0.00101887 -0.00117456 -0.000872969 -0.00115685 -0.00246473
internal_weight=5097 582 4515 4477 4446 4400 286 4354 146 101 52 4208 588 3620 336 75 261 192 3284 389 2895 2847 153 125 82 48 2825 2703 2609 236
internal_count=5097 582 4515 4477 4446 4400 286 4354 146 101 52 4208 588 3620 336 75 261 192 3284 389 2895 2847 153 125 82 48 2825 2703 2609 236
is_linear=0
shrinkage=0.03


Tree=252
num_leaves=31
num_cat=0
split_feature=135 120 131 121 123 132 129 124 130 129 124 130 135 126 123 118 130 136 123 136 131 132 143 123 125 131 136 130 131 139
split_gain=76.3249 82.2084 6.43724 8.77038 5.68254 4.36254 6.75337 6.96717 5.14102 6.35466 6.42501 8.25571 8.15953 5.82262 5.74811 9.29883 5.38827 4.94931 8.21904 19.012 10.1229 9.342 7.52581 9.78225 7.21003 7.19512 7.14941 6.2778 8.16215 7.48979
threshold=1.0000000180025095e-35 1.0000000180025095e-35 879.00000000000011 670.50000000000011 3.5000000000000004 3.5000000000000004 2.5000000000000004 1.0000000180025095e-35 55.500000000000007 50.500000000000007 12.500000000000002 108.50000000000001 38.732142857142868 -116.99999999999999 157.50000000000003 126.50000000000001 50.500000000000007 5.364247230755212 12.500000000000002 44.848224706490406 82.500000000000014 64.166666666666671 42.500000000000007 55.500000000000007 -12.499999999999998 118.50000000000001 2.7700929786455215 68.500000000000014 225.50000000000003 1.0000000180025095e-35
decision_type=8 2 10 2 2 10 10 2 8 10 2 10 10 10 2 2 10 10 2 10 8 10 2 2 10 10 10 8 10 2
left_child=1 -1 3 5 -3 6 7 -2 13 10 -10 12 -12 -7 15 16 -15 26 19 20 -19 -20 27 -24 -25 -22 -11 -23 29 -29
right_child=2 4 -4 -5 -6 8 -8 -9 9 17 11 -13 -14 14 -16 -17 -18 18 21 -21 25 22 23 24 -26 -27 -28 28 -30 -31
leaf_value=-0.00038954208982491551 -0.00024551702274703489 0.00010234100320907769 -0.015328659771662386 2.0807846347652821 -0.0010071964866659466 0.5309838613066048 -0.003453479122987746 0.0044938712615054327 -0.12021246519200089 -0.0079609362758435512 0.05363191599471661 0.38731493081938989 -0.19468490990591952 1.7607290028642808e-06 -0.10044562304743138 0.40277357874405451 0.041053788227230756 0.15011055379890703 0.069775509512831874 0.2848740340459987 -0.044472512235637751 -0.08384377591609285 -0.11786892811322509 -0.026027218000225717 0.27769221932585214 0.009772773495719065 -0.017064889225833324 -0.011100179788920314 -0.16166491113210896 0.0084810816610999575
leaf_weight=296 541 70 38 31 216 21 66 175 146 165 20 21 46 1715 44 34 78 52 54 88 96 31 42 28 74 83 37 332 219 238
leaf_count=296 541 70 38 31 216 21 66 175 146 165 20 21 46 1715 44 34 78 52 54 88 96 31 42 28 74 83 37 332 219 238
internal_value=-0.00218032 -0.0123578 -0.000854867 -0.000741633 -0.000804124 -0.000861379 -0.00288945 -0.0019889 -0.000423549 -0.00158357 -0.00615126 0.00026087 -0.00498592 0.000661044 0.000460554 0.000733624 0.000413793 -0.000870466 -0.000196721 0.00396296 -0.000610169 -0.00151906 -0.00222291 0.00398658 0.00891589 -0.00404348 -0.00518841 -0.00333818 -0.00275063 -0.000824348
internal_weight=5097 582 4515 4477 286 4446 782 716 3664 1772 233 87 66 1892 1871 1827 1793 1539 1337 319 231 1018 964 144 102 179 202 820 789 570
internal_count=5097 582 4515 4477 286 4446 782 716 3664 1772 233 87 66 1892 1871 1827 1793 1539 1337 319 231 1018 964 144 102 179 202 820 789 570
is_linear=0
shrinkage=0.03


Tree=253
num_leaves=31
num_cat=0
split_feature=135 123 131 118 134 127 139 144 123 132 129 123 123 117 140 129 145 117 118 132 126 117 140 140 144 144 127 128 131 128
split_gain=72.3082 86.8922 6.43724 6.99809 4.87265 6.11012 7.04864 5.6124 4.93282 4.64492 6.69839 5.37095 8.69559 9.08974 7.89718 7.15396 6.05616 5.38044 5.06011 4.8042 4.75639 17.8094 6.46076 4.81216 7.899 4.22307 17.1641 9.14257 11.1005 8.04211
threshold=1.0000000180025095e-35 1.0000000180025095e-35 879.00000000000011 659.00000000000011 2.5000000000000004 0.097800095648015326 0.6078576107927941 11.500000000000002 22.500000000000004 3.5000000000000004 2.5000000000000004 1.0000000180025095e-35 1.5000000000000002 87.500000000000014 -0.56174490092936669 1.0000000180025095e-35 27.500000000000004 1.5000000000000002 41.500000000000007 3.8333333333333335 26.500000000000004 12.500000000000002 0.81174490092936691 -0.56174490092936669 19.500000000000004 10.500000000000002 0.037125438229003598 465.50000000000006 17.500000000000004 418.00000000000006
decision_type=8 2 10 2 2 10 2 2 2 10 10 2 2 2 2 10 2 2 2 10 8 2 2 2 2 2 10 10 8 10
left_child=1 -1 3 9 -3 6 8 -7 -6 10 11 15 16 14 -14 -2 -13 -16 -19 -11 25 -22 23 -23 -25 26 27 28 -21 -27
right_child=2 4 -4 -5 5 7 -8 -9 -10 19 -12 12 13 -15 17 -17 -18 18 -20 20 21 22 -24 24 -26 29 -28 -29 -30 -31
leaf_value=-0.00037785582713016803 -0.0010266458621010701 -0.0077166612367020621 -0.014868799978510197 1.1624766744695239 0.00092865977078586154 0.00012198825789715904 -0.0023685554175722598 0.0012613065925225857 -0.0052379457405255471 0.017097409716170606 -0.0033498747492981141 0.0043700295481946825 0.010723728876494521 1.3049848518847438 -0.012409606739044314 -7.1339775656329425e-05 -3.7179173444939364e-05 0.00068500119768313719 -0.10622807326784134 0.002177537256490396 -0.23227890147803096 0.37164641296652745 0.028959146066176941 0.033058165507971964 -0.098133687680511159 -0.00027971750663630113 -0.03276484776808132 0.68920263739207566 0.00012195923104970418 -0.083341221950577166
leaf_weight=296 166 47 38 21 96 28 35 42 38 21 66 36 57 24 72 179 32 120 31 63 50 25 27 93 98 2538 40 44 499 175
leaf_count=296 166 47 38 21 96 28 35 42 38 21 66 36 57 24 72 179 32 120 31 63 50 25 27 93 98 2538 40 44 499 175
internal_value=-0.00214504 -0.0120511 -0.000854867 -0.000741633 -0.000185567 0.00157377 -0.00151724 0.00872 0.00168345 -0.000832549 -0.00292386 -0.0020277 0.000461538 -0.00172816 -0.00334737 -0.00469714 0.00978082 -0.00589474 -0.00246154 -0.000381729 -0.000474159 -0.00410738 -0.000580645 -0.00241629 -0.00410204 -0.000149822 0.00201843 0.00332897 0.00221164 -0.000671082
internal_weight=5097 582 4515 4477 286 239 169 70 134 4456 783 717 372 304 280 345 68 223 151 3673 3652 293 243 216 191 3359 646 606 562 2713
internal_count=5097 582 4515 4477 286 239 169 70 134 4456 783 717 372 304 280 345 68 223 151 3673 3652 293 243 216 191 3359 646 606 562 2713
is_linear=0
shrinkage=0.03


Tree=254
num_leaves=31
num_cat=0
split_feature=135 120 123 122 131 118 126 122 128 136 120 131 124 136 120 130 68 135 131 145 144 135 144 146 125 128 117 135 144 138
split_gain=69.5219 90.0786 6.64973 7.30911 6.42215 7.01022 4.00847 10.9632 7.49115 6.35388 5.96429 5.15642 8.83824 5.56851 4.66843 4.58146 4.12882 4.51361 7.14504 6.91086 12.0223 8.51411 7.1991 7.06512 7.90641 6.2555 9.58131 6.62801 6.17959 4.72566
threshold=1.0000000180025095e-35 1.0000000180025095e-35 3.5000000000000004 55.500000000000007 879.00000000000011 659.00000000000011 -29.499999999999996 1.0000000180025095e-35 265.00000000000006 57.870804011849096 58.166666666666679 116.50000000000001 -1.0000000180025095e-35 22.900850442773955 18.833333333333339 1.5000000000000002 1.0000000180025095e-35 103.92857142857144 14.500000000000002 22.500000000000004 25.500000000000004 3.785714285714286 9.5000000000000018 31.500000000000004 -1.0000000180025095e-35 1.0000000180025095e-35 51.500000000000007 2.4642857142857149 35.500000000000007 0.84523809523809534
decision_type=8 2 2 2 10 2 8 2 10 8 2 8 2 10 2 10 2 10 8 2 2 10 2 2 10 10 2 10 2 10
left_child=1 -1 -3 -4 5 6 7 8 10 -10 11 12 -2 -14 -13 16 17 18 19 22 21 -21 -8 24 -22 26 -20 -27 -25 -29
right_child=4 2 3 -5 -6 -7 15 -9 9 -11 -12 14 13 -15 -16 -17 -18 -19 25 20 23 -23 -24 28 -26 27 -28 29 -30 -31
leaf_value=-0.00036652015231626296 -0.022251926283892796 9.5611125375890595e-05 -0.0038901528607365337 0.00011832861016024427 -0.014422735979153457 1.127602374235438 0.000258740293617667 -0.10722101541660407 -0.059269957367839653 1.5034609869824591 0.39594531207629263 0.0014760808042905893 0.40647874274653695 -0.0076716193967968135 0.51506273699260585 -0.00019152661489815425 -0.012537032254460805 -0.18489082797204345 -0.0043944209817299226 0.046329020074874272 0.014318664833368489 -0.0062423646063454073 -0.0033954095441661963 0.0012437691148896885 -0.0065910328686676891 0.0025832604597123931 0.51037378201639083 0.050672195000007351 -0.0012705994685802224 -0.0083802561239865753
leaf_weight=296 57 70 173 43 38 21 22 74 29 20 44 39 21 21 27 3128 21 90 127 38 25 20 181 37 40 37 39 130 102 87
leaf_count=296 57 70 173 43 38 21 22 74 29 20 44 39 21 21 27 3128 21 90 127 38 25 20 181 37 40 37 39 130 102 87
internal_value=-0.00213328 -0.0118467 0.000185567 -0.00241629 -0.000868142 -0.00075502 -0.000845999 0.00229674 0.00522433 -0.00488889 0.00768224 0.00472941 0.000230769 0.0100851 0.0109014 -0.00110293 -0.00287113 -0.00253469 -0.00184719 -0.00439149 -0.00110112 0.010381 -0.00848077 -0.00456459 -0.0123429 0.000974118 -0.00347368 0.00391506 -0.000583333 0.00172973
internal_weight=5097 582 286 216 4515 4477 4456 332 258 49 209 165 99 42 66 4124 996 975 885 465 262 58 203 204 65 420 166 254 139 217
internal_count=5097 582 286 216 4515 4477 4456 332 258 49 209 165 99 42 66 4124 996 975 885 465 262 58 203 204 65 420 166 254 139 217
is_linear=0
shrinkage=0.03


Tree=255
num_leaves=31
num_cat=0
split_feature=135 120 123 122 131 121 133 133 131 38 103 135 107 135 139 144 139 123 4 144 146 127 124 130 132 144 133 139 129 132
split_gain=69.3534 90.0786 6.64973 7.30911 6.40707 6.92923 3.73783 6.40832 3.57313 3.48775 3.50724 5.37266 3.59201 5.37266 3.30432 7.58142 3.70438 3.60821 3.11299 3.24689 7.39531 13.6394 6.61773 5.40344 6.35347 5.74952 7.14755 5.27233 8.16992 6.34632
threshold=1.0000000180025095e-35 1.0000000180025095e-35 3.5000000000000004 55.500000000000007 879.00000000000011 670.50000000000011 180.95609197269218 128.14327084029875 674.00000000000011 1.0000000180025095e-35 1.0000000180025095e-35 15.357142857142859 1.0000000180025095e-35 15.357142857142859 0.6078576107927941 5.5000000000000009 -0.60785761079279388 22.500000000000004 1.0000000180025095e-35 4.5000000000000009 10.500000000000002 0.037125438229003598 2.5000000000000004 208.50000000000003 209.16666666666671 17.500000000000004 6.8958842066956336 -0.60785761079279388 171.50000000000003 152.50000000000003
decision_type=8 2 2 2 10 2 10 10 10 2 2 10 2 10 2 2 2 2 2 2 2 10 2 8 10 2 10 2 10 10
left_child=1 -1 -3 14 5 6 7 8 9 10 12 -12 18 -14 15 -4 -17 -18 19 -2 21 -21 23 27 -25 -26 -27 29 -29 -22
right_child=4 2 3 -5 -6 -7 -8 -9 -10 -11 11 -13 13 -15 -16 16 17 -19 -20 20 22 -23 -24 24 25 26 -28 28 -30 -31
leaf_value=-0.00035552454774677509 -0.0044112662696932075 9.2742791614613881e-05 0.0039342306263491856 0.00011477875185543694 -0.01399005389977674 1.9757575027713676 0.4139111679994511 -0.49677612808316635 -1.319350731296475 0.45187786201018976 0.013974628249126049 -1.7425043622623092e-05 0.013837421800675268 -3.1018749050915058e-05 -0.013835178833533617 0.011980391584414213 -0.0050209993434802147 -0.065353734263137786 0.39795596807765532 0.000409953811159206 0.00034849464288388038 -0.022202220204276271 0.0021656574719459308 -0.13166541810473517 -1.0065443578116307 -0.33807763607585284 0.018330948179747109 -0.0027246579818734061 0.11522950682086858 -0.20384141659358349
leaf_weight=296 413 70 21 43 38 31 42 25 23 28 23 23 23 23 59 31 42 20 27 480 584 33 1002 45 56 36 116 1351 63 30
leaf_count=296 413 70 21 43 38 31 42 25 23 28 23 23 23 23 59 31 42 20 27 480 584 33 1002 45 56 36 116 1351 63 30
internal_value=-0.00214504 -0.0118467 0.000185567 -0.00241629 -0.000881416 -0.000768407 -0.00087486 -0.000964845 -0.000867701 -0.000796606 -0.00087099 0.00694118 -0.000964311 0.00694118 -0.00519101 -0.00196639 -0.0057551 -0.00976119 -0.00105966 -0.00113052 -0.000850829 0.00247876 -0.00137591 -0.00226772 -0.00637209 -0.00391549 -0.000726115 -0.00173832 -0.00274419 0.00057189
internal_weight=5097 582 286 216 4515 4477 4446 4404 4379 4356 4328 46 4282 46 173 114 93 62 4236 4209 3796 513 3283 2281 253 208 152 2028 1414 614
internal_count=5097 582 286 216 4515 4477 4446 4404 4379 4356 4328 46 4282 46 173 114 93 62 4236 4209 3796 513 3283 2281 253 208 152 2028 1414 614
is_linear=0
shrinkage=0.03


Tree=256
num_leaves=31
num_cat=0
split_feature=135 120 131 121 127 127 37 146 128 117 145 136 138 133 124 140 144 128 130 136 133 135 120 131 133 129 128 129 128 135
split_gain=62.7672 99.9539 6.49775 6.84429 5.8742 4.54066 4.12982 3.60908 9.9581 7.68056 9.66473 14.9762 12.1777 12.9732 14.9691 14.6613 7.32588 8.56178 25.0781 13.616 9.9161 7.35615 6.66447 7.92353 7.00538 7.26034 6.10338 6.9539 16.1743 9.37821
threshold=1.0000000180025095e-35 1.0000000180025095e-35 879.00000000000011 670.50000000000011 3.0294117647058827 0.097800095648015326 1.0000000180025095e-35 10.500000000000002 465.50000000000006 2.5000000000000004 22.500000000000004 10.691400687689693 0.84523809523809534 30.617705466486889 -1.0000000180025095e-35 1.0000000180025095e-35 4.5000000000000009 58.500000000000007 106.50000000000001 11.124523266378752 2.4032561733691686 62.214285714285722 4.8333333333333348 109.50000000000001 14.110638505846437 134.50000000000003 117.50000000000001 95.500000000000014 74.500000000000014 38.732142857142868
decision_type=8 2 10 2 8 10 2 2 10 2 2 10 10 10 2 2 2 8 10 10 10 10 2 10 10 10 10 10 10 10
left_child=1 -1 3 6 5 -3 7 8 16 10 11 -9 26 14 22 -16 21 19 -19 20 -18 -2 -14 -24 25 -25 27 28 29 -12
right_child=2 4 -4 -5 -6 -7 -8 9 -10 -11 12 -13 13 -15 15 -17 17 18 -20 -21 -22 -23 23 24 -26 -27 -28 -29 -30 -31
leaf_value=-0.00034485881131437188 -3.2680892245742221e-05 4.256833301797652e-05 -0.013570352282783915 1.9164847776882277 -0.03599545569418406 0.00011133538929977383 -0.026708684017679472 -0.0011396344123381611 0.5933563977630405 0.00079527438175743372 0.00020196050420431325 -0.058582588686066854 0.0082421236961129091 -0.55515547721400971 -0.0010017320299064414 -0.048392848941450121 1.8135942737381725e-05 0.33297165142180091 0.00035300413738013957 -0.026254557490334774 0.006053036529403988 -0.07781718854992227 -0.011203622628914865 0.25150708828209672 1.4257511088432016 -0.33928207674580446 0.2232555092822868 -0.19881497869209502 0.46389222192547991 -0.17178453532123578
leaf_weight=296 295 199 38 31 30 57 46 452 43 1656 442 129 46 43 63 71 238 46 109 66 40 121 234 20 30 29 125 36 31 35
leaf_count=296 295 199 38 31 30 57 46 452 43 1656 442 129 46 43 63 71 238 46 109 66 40 121 234 20 30 29 125 36 31 35
internal_value=-0.00200392 -0.0112334 -0.00080177 -0.000688086 0.00142268 0.00296552 -0.000793979 -0.000693303 0.000928349 -0.00114708 -0.00250921 -0.00567235 -0.000961983 -0.00431423 -0.00281928 -0.0111799 0.000221739 0.00266667 0.0084 0 0.002947 -0.00269359 0.000395604 -0.00120755 0.00671429 -0.000444444 0.001727 0.00031694 0.00127485 -0.000174274
internal_weight=5097 582 4515 4477 286 256 4446 4400 958 3442 1786 581 1205 536 493 134 915 499 155 344 278 416 359 313 79 49 669 544 508 477
internal_count=5097 582 4515 4477 286 256 4446 4400 958 3442 1786 581 1205 536 493 134 915 499 155 344 278 416 359 313 79 49 669 544 508 477
is_linear=0
shrinkage=0.03


Tree=257
num_leaves=31
num_cat=0
split_feature=135 120 131 118 127 127 126 120 132 133 144 128 129 117 128 124 124 139 126 128 130 125 120 127 135 128 128 131 123 123
split_gain=61.6502 99.9539 6.39201 7.03449 5.8742 4.54066 3.80184 7.94882 7.78462 7.28694 6.10612 10.4573 6.77128 7.60211 11.9466 6.78148 8.52161 7.58877 7.91109 6.5861 7.03595 6.47185 5.95972 5.83995 5.75066 13.6634 9.12734 15.8649 5.72489 8.58913
threshold=1.0000000180025095e-35 1.0000000180025095e-35 879.00000000000011 659.00000000000011 3.0294117647058827 0.097800095648015326 3.5000000000000004 28.833333333333339 134.16666666666671 189.81153122840138 10.500000000000002 465.50000000000006 617.00000000000011 209.50000000000003 265.00000000000006 9.5000000000000018 15.500000000000002 -0.60785761079279388 -12.499999999999998 232.50000000000003 208.50000000000003 5.5000000000000009 110.50000000000001 0.24570607258354296 100.78571428571429 71.500000000000014 131.50000000000003 290.50000000000006 38.500000000000007 95.500000000000014
decision_type=8 2 10 2 8 10 8 2 10 10 2 10 10 2 10 2 2 2 10 10 10 10 2 10 10 10 10 8 2 2
left_child=1 -1 3 6 5 -3 9 23 -9 10 11 24 13 14 15 19 21 -18 -19 20 -12 -17 -10 -8 25 -2 -26 -28 -20 -30
right_child=2 4 -4 -5 -6 -7 7 8 22 -11 12 -13 -14 -15 -16 16 17 18 28 -21 -22 -23 -24 -25 26 -27 27 -29 29 -31
leaf_value=-0.00033451304697494074 8.5795903022498616e-05 4.1291283027437229e-05 -0.013163241714298692 0.97700703459458738 -0.034915592023358533 0.0001079953276207806 -0.0082090055081146546 0.018938867818845961 -0.17630586949209975 0.74554485744921173 -0.00073736681447876312 0.7031011023011956 -0.22470978787913851 0.034431550900797844 -0.33168185316825088 0.047784373053887261 -0.047487940564406583 0.19482713944776076 -0.011923928978684337 0.68938303365201281 -0.20256859694602403 0.003467980512316231 -0.010170647274309203 0.010782477015428782 -0.06960643703147297 0.42630302072445586 0.036163352603435894 -0.0071527862719128164 0.11413926825556309 -0.022861702881929773
leaf_weight=296 500 199 38 21 30 57 333 352 54 32 1984 40 57 144 122 38 61 82 87 22 46 29 131 31 42 48 38 76 69 38
leaf_count=296 500 199 38 21 30 57 333 352 54 32 1984 40 57 144 122 38 61 82 87 22 46 29 131 31 42 48 38 76 69 38
internal_value=-0.00208624 -0.0112334 -0.00089469 -0.000781794 0.00142268 0.00296552 -0.000872898 -0.00260927 -0.000265683 -0.00042809 -0.000568027 0.00183445 -0.00121552 -0.000987899 -0.00136818 -0.000899634 0.00262592 0.000596491 0.00275445 -0.00160136 -0.00179558 0.012 -0.00517895 -0.006 0.000922426 0.00237613 -0.00406211 0.000453782 -0.000572864 0.00396429
internal_weight=5097 582 4515 4477 286 256 4456 901 537 3555 3523 744 2779 2722 2578 2456 404 337 276 2052 2030 67 185 364 704 548 156 114 194 107
internal_count=5097 582 4515 4477 286 256 4456 901 537 3555 3523 744 2779 2722 2578 2456 404 337 276 2052 2030 67 185 364 704 548 156 114 194 107
is_linear=0
shrinkage=0.03


Tree=258
num_leaves=31
num_cat=0
split_feature=135 121 131 118 127 127 117 128 123 123 127 125 125 135 129 118 133 133 132 128 131 128 145 131 125 135 118 121 117 135
split_gain=61.9683 99.9539 6.42215 7.01022 5.8742 4.54066 3.99071 7.17382 6.96819 8.5908 5.9015 8.07506 6.49851 5.30414 8.03994 7.93978 7.35482 6.10875 7.55926 6.43697 6.02499 8.78039 7.11459 6.63917 12.8135 6.59398 8.99179 8.07188 7.06131 7.38305
threshold=1.0000000180025095e-35 1.0000000180025095e-35 879.00000000000011 659.00000000000011 3.0294117647058827 0.097800095648015326 209.50000000000003 418.00000000000006 5.5000000000000009 532.00000000000011 0.11696977351182959 -4.4999999999999991 -12.499999999999998 75.928571428571445 90.500000000000014 129.50000000000003 38.119640594053564 1.7926456271808611 84.166666666666671 85.500000000000014 96.500000000000014 1.0000000180025095e-35 4.5000000000000009 63.500000000000007 -10.499999999999998 9.071428571428573 43.500000000000007 125.50000000000001 67.500000000000014 10.071428571428573
decision_type=8 2 10 2 8 10 2 10 2 2 10 8 10 8 10 2 8 10 10 10 8 10 2 10 10 10 2 2 2 10
left_child=1 -1 3 6 5 -3 13 10 -9 -10 11 12 -8 15 16 20 17 19 -19 -15 23 -22 -23 25 -25 26 -2 28 29 -27
right_child=2 4 -4 -5 -6 -7 7 8 9 -11 -12 -13 -14 14 -16 -17 -18 18 -20 -21 21 22 -24 24 -26 27 -28 -29 -30 -31
leaf_value=-0.00032447765556569249 -0.00020001047320464149 4.0052544536614112e-05 -0.012768344462872391 0.94769682355674822 -0.033868124262657777 0.00010475546779215718 0.12930960413518705 0.040194444449469985 -0.26451146827802802 0.14719780859299192 -0.011708821127697319 0.36724523877739984 -0.77240906658388775 0.11513320943633218 -0.0033013075066420324 0.38379195971528962 -0.0038829997721764168 -0.11108262814965243 -0.05806030396137863 -0.28701772183978308 -0.01488862054406382 7.1034669218078547e-05 0.0027607931570249075 0.27252226377291278 -0.047485874154546519 0.0092877419455179282 -0.092012422134210639 -0.06256646898175458 0.089671464925519473 -2.0020247686751702e-05
leaf_weight=296 907 199 38 21 30 57 45 23 60 28 56 101 23 30 984 38 189 46 29 21 25 197 172 23 126 75 34 30 69 1125
leaf_count=296 907 199 38 21 30 57 45 23 60 28 56 101 23 30 984 38 189 46 29 21 25 197 172 23 126 75 34 30 69 1125
internal_value=-0.00206272 -0.0112334 -0.000868142 -0.00075502 0.00142268 0.00296552 -0.000845999 0.00226979 -0.00382759 -0.00767742 0.00532174 0.00806897 0 -0.001104 -0.00268712 -0.000369427 -0.006825 -0.0123206 -0.01755 -0.00364286 -0.000568149 0.00284211 0.00407487 -0.00113784 -0.00716883 -0.000718931 -0.00262579 0.000662577 0.00105495 0.000492946
internal_weight=5097 582 4515 4477 286 256 4456 336 111 88 225 169 68 4120 1299 2821 315 126 75 51 2783 394 369 2389 149 2240 941 1299 1269 1200
internal_count=5097 582 4515 4477 286 256 4456 336 111 88 225 169 68 4120 1299 2821 315 126 75 51 2783 394 369 2389 149 2240 941 1299 1269 1200
is_linear=0
shrinkage=0.03


Tree=259
num_leaves=31
num_cat=0
split_feature=135 120 127 122 126 128 127 127 135 127 132 124 118 129 136 133 118 119 118 144 128 117 146 127 139 135 145 136 126 130
split_gain=61.4914 99.9539 5.8742 5.06134 9.49721 6.11793 4.54066 4.15936 4.96498 7.94052 6.94284 9.10454 6.76963 6.27725 5.40827 6.89909 5.02721 5.01989 9.85838 4.85474 7.69723 6.66556 8.67226 6.9467 7.44873 6.58472 6.09505 7.10905 6.8003 5.46664
threshold=1.0000000180025095e-35 1.0000000180025095e-35 3.0294117647058827 300.00000000000006 -10.499999999999998 1064.5000000000002 0.097800095648015326 -0.99514460131520011 77.214285714285737 -0.49603174603174599 71.166666666666671 4.5000000000000009 129.50000000000003 115.50000000000001 8.1928290247232685 0.87965281125489481 115.50000000000001 143.50000000000003 102.50000000000001 15.500000000000002 73.500000000000014 2.5000000000000004 20.500000000000004 -0.98164983164983155 1.0000000180025095e-35 62.214285714285722 33.500000000000007 1.015078753637713 -2.4999999999999996 1.5000000000000002
decision_type=8 2 8 2 8 10 10 8 8 8 8 2 2 8 10 10 2 2 2 2 10 2 2 8 2 10 2 10 10 10
left_child=1 -1 6 5 -5 7 -3 -2 12 13 11 -11 19 -10 17 16 -16 18 -12 20 25 22 29 -24 26 -9 27 -25 -29 -21
right_child=3 2 -4 4 -6 -7 -8 8 9 10 14 -13 -14 -15 15 -17 -18 -19 -20 21 -22 -23 23 24 -26 -27 -28 28 -30 -31
leaf_value=-0.00031474332589872172 0.44750417378955859 3.8850968200515687e-05 -0.032852080534778047 -1.2787155130375891 0.1143293322070599 -0.014230545000825713 0.00010161280375839246 0.00017411286510821356 -0.0053398159355852216 -0.10513520783009596 -0.0037665097790111246 -0.0012814210524344104 0.37502367525015479 -0.27378987638742514 0.13414985284541189 -0.0032879035164671676 -0.013533938858595888 -0.17617381239645624 0.31019627253470045 -0.0040648428832146238 0.50132154962239095 0.0010643304686563226 0.15661240204766144 0.0013898245468971224 0.00036358645211988087 -0.023352168935073008 -0.012202641100173207 0.060177547657829282 -0.0040078346032086558 -0.0063567275098569591
leaf_weight=296 56 199 30 22 95 22 57 787 50 39 273 47 46 76 97 779 40 44 35 69 27 791 39 45 471 56 113 25 216 155
leaf_count=296 56 199 30 22 95 22 57 787 50 39 273 47 46 76 97 779 40 44 35 69 27 791 39 45 471 56 113 25 216 155
internal_value=-0.002098 -0.0112334 0.00142268 -0.000907965 0.00511475 -0.00107518 0.00296552 -0.000984707 -0.00109457 -0.00250101 -0.00180574 -0.00982418 -0.000356415 -0.00957252 -0.00122074 0 0.00608451 -0.00435294 -0.00285623 -0.000555198 0.001296 -0.00139658 -0.00286819 -0.00153611 -0.00211886 0.000735849 -0.00510891 -0.00265979 -0.00473171 -0.00809607
internal_weight=5097 582 286 4515 117 4398 256 4376 4320 1480 1354 86 2840 126 1268 916 137 352 308 2794 870 1924 1133 909 870 843 399 286 241 224
internal_count=5097 582 286 4515 117 4398 256 4376 4320 1480 1354 86 2840 126 1268 916 137 352 308 2794 870 1924 1133 909 870 843 399 286 241 224
is_linear=0
shrinkage=0.03


Tree=260
num_leaves=31
num_cat=0
split_feature=135 121 131 118 123 122 144 119 105 135 131 127 136 123 128 144 144 121 121 144 128 125 121 131 133 136 136 136 119 126
split_gain=64.4903 98.2734 6.54329 6.91344 6.0608 5.87075 4.00582 3.73659 3.31646 3.8622 6.79235 10.44 6.41273 14.9846 18.4648 11.9174 9.8886 9.58359 9.09902 9.85868 7.18412 7.68477 6.9839 9.40026 5.98007 6.48196 6.07759 13.1757 5.94593 5.40078
threshold=1.0000000180025095e-35 1.0000000180025095e-35 879.00000000000011 659.00000000000011 4.5000000000000009 55.500000000000007 4.5000000000000009 5.5000000000000009 1.0000000180025095e-35 63.928571428571438 95.500000000000014 -0.98164983164983155 44.848224706490406 11.500000000000002 154.50000000000003 33.500000000000007 38.500000000000007 59.500000000000007 137.50000000000003 41.500000000000007 392.50000000000006 -162.99999999999997 74.500000000000014 108.50000000000001 1.0000000180025095e-35 21.455696479191719 1.0000000180025095e-35 22.290747860170033 94.500000000000014 -4.4999999999999991
decision_type=8 2 10 2 2 2 2 2 2 8 8 8 10 2 10 2 2 2 2 2 10 10 2 8 10 10 10 10 2 10
left_child=1 -1 3 8 -3 6 7 -6 9 10 11 -2 17 14 -14 20 -17 24 -18 -20 21 -15 -19 28 26 -26 -11 -28 29 -24
right_child=2 4 -4 -5 5 -7 -8 -9 -10 12 -12 -13 13 15 -16 16 18 22 19 -21 -22 -23 23 -25 25 -27 27 -29 -30 -31
leaf_value=-0.00030530102612176009 0.20195648523093485 0.00014404614853400817 -0.011958377778958038 0.9193645559555409 -0.078900951689206161 9.8564419645640693e-05 -0.019880056746036465 0.0021295078019910874 -0.013814342334772753 -0.0085316083962773646 0.00065370389857511237 -0.00015076810207033107 -0.0063707132810061039 1.1717239478383594 0.53145815121888973 0.32176263451185744 -0.34569479226950162 0.14334299206571088 -0.25601175076659671 0.91152098959533978 -0.33809107516911124 -0.035786493707790183 -0.001600310612566318 0.00039329911662335345 -0.11917047043138723 -0.026465183159352638 0.059282956467533267 -0.041411100938865388 -0.0019967030265911488 -0.094524784995847211
leaf_weight=296 36 92 38 21 22 42 100 30 37 168 336 2245 64 21 74 110 25 35 61 32 53 266 30 514 69 51 71 23 71 64
leaf_count=296 36 92 38 21 22 42 100 30 37 168 336 2245 64 21 74 110 25 35 61 32 53 266 30 514 69 51 71 23 71 64
internal_value=-0.0019804 -0.0113356 -0.000761947 -0.000647925 0.00121649 -0.00177889 -0.00454777 0.002 -0.000738399 -0.00065642 7.78032e-05 -0.000509186 -0.0017233 0.00049789 0.00918881 -0.00166492 0.0035794 -0.00315531 -0.00239024 0.00208163 -0.0052 -0.00316438 -0.0010765 -0.00178947 -0.00696124 -0.012432 -0.00424719 0.00175758 -0.00790588 -0.0126667
internal_weight=5097 582 4515 4477 286 194 152 52 4456 4419 2617 2281 1802 706 138 568 228 1096 118 93 340 287 714 679 382 120 262 94 165 94
internal_count=5097 582 4515 4477 286 194 152 52 4456 4419 2617 2281 1802 706 138 568 228 1096 118 93 340 287 714 679 382 120 262 94 165 94
is_linear=0
shrinkage=0.03


Tree=261
num_leaves=31
num_cat=0
split_feature=135 120 131 121 123 144 126 135 128 130 131 124 44 136 123 143 128 120 128 132 69 131 123 125 131 120 126 66 120 122
split_gain=62.8189 101.648 6.6195 6.73174 5.28745 5.88208 4.00108 3.97312 7.79906 8.54014 7.19105 6.3054 4.85517 4.66007 16.7052 12.7986 10.0813 9.25667 7.59148 10.6484 7.09632 6.84231 9.0708 6.38706 6.38583 6.48251 5.96536 6.23151 5.36767 4.99419
threshold=1.0000000180025095e-35 1.0000000180025095e-35 879.00000000000011 670.50000000000011 4.5000000000000009 15.500000000000002 -238.99999999999997 64.928571428571445 67.500000000000014 5.5000000000000009 23.500000000000004 90.500000000000014 1.0000000180025095e-35 44.848224706490406 11.500000000000002 39.500000000000007 154.50000000000003 267.00000000000006 274.50000000000006 235.83333333333334 1.0000000180025095e-35 67.500000000000014 100.50000000000001 -127.49999999999999 324.50000000000006 346.33333333333343 16.500000000000004 1.0000000180025095e-35 84.166666666666671 26.500000000000004
decision_type=8 2 10 2 2 2 8 8 10 10 8 2 2 10 2 2 10 2 10 10 2 10 2 8 10 2 10 2 2 2
left_child=1 -1 3 6 -3 -6 -2 8 11 -10 -11 -8 13 17 16 -16 -15 20 19 21 23 28 -23 -9 -20 -26 27 -25 -17 -28
right_child=2 4 -4 -5 5 -7 7 12 9 10 -12 -13 -14 14 15 18 -18 -19 24 -21 -22 22 -24 26 25 -27 29 -29 -30 -31
leaf_value=-0.00029614199533810727 0.016683139465482642 0.00013972476407798793 -0.011599626445590729 1.8271686859294425 9.5607487056271475e-05 -0.027803417127842692 -8.4776473347966119e-05 -0.40004610231493443 -0.013952684532691932 0.074535658400922175 0.23997630675356682 0.49723187955193537 -0.15845429421392263 5.1931471342925303e-05 -0.14260181265000696 -0.22578130443261599 0.51152472346709432 0.029354758004196242 -0.53882477895206593 0.88584722664723814 0.76384223357905678 0.24104469760486635 -0.024360046478856531 -0.010015070021087098 0.32633972999025446 -0.29201034231304335 -0.016426096292904334 0.082557265823511222 0.0051586836034098835 0.092667071072367907
leaf_weight=296 36 92 38 31 122 72 2502 30 41 48 54 23 37 55 90 36 66 106 52 32 27 105 114 780 39 20 61 23 43 26
leaf_count=296 36 92 38 31 122 72 2502 30 41 48 54 23 37 55 90 36 66 106 52 32 27 105 114 780 39 20 61 23 43 26
internal_value=-0.00189808 -0.0111312 -0.000695575 -0.000580991 0.00162887 -0.00117588 -0.000686138 -0.000773273 -4.26487e-05 0.00664865 0.0111589 -0.000436364 -0.00188552 -0.00162807 0.000356164 -0.00194776 0.0101905 -0.00285822 0.000188341 0.00248955 -0.00380672 0.000574257 0.00332143 -0.00427459 -0.00641379 0.000375 -0.00374749 -0.00455941 -0.00671429 0.00352174
internal_weight=5097 582 4515 4477 286 194 4446 4410 2668 143 102 2525 1742 1705 652 531 121 1053 441 330 947 298 219 920 111 59 890 803 79 87
internal_count=5097 582 4515 4477 286 194 4446 4410 2668 143 102 2525 1742 1705 652 531 121 1053 441 330 947 298 219 920 111 59 890 803 79 87
is_linear=0
shrinkage=0.03


Tree=262
num_leaves=31
num_cat=0
split_feature=135 120 131 118 127 144 132 132 135 132 129 117 129 137 30 123 117 138 146 133 37 119 121 127 124 120 125 132 120 144
split_gain=64.0039 98.2734 6.49775 6.94967 5.1356 3.99411 8.22833 7.49265 5.48013 8.4363 10.5589 7.41815 6.72089 8.29918 5.16277 4.89044 4.84771 11.1183 19.1121 6.46867 5.90584 5.71926 7.59461 6.20707 5.0016 6.01277 6.66205 6.59688 4.86681 11.876
threshold=1.0000000180025095e-35 1.0000000180025095e-35 879.00000000000011 659.00000000000011 3.0294117647058827 10.500000000000002 716.66666666666686 394.00000000000006 100.78571428571429 195.16666666666671 304.00000000000006 51.500000000000007 65.500000000000014 5.5000000000000009 1.0000000180025095e-35 20.500000000000004 2.5000000000000004 0.84523809523809534 20.500000000000004 30.617705466486889 1.0000000180025095e-35 103.50000000000001 130.50000000000003 -0.79285714285714282 -14.499999999999998 330.50000000000006 -31.499999999999996 28.833333333333339 60.166666666666679 18.500000000000004
decision_type=8 2 10 2 10 2 8 10 8 8 8 2 10 2 2 2 2 10 2 10 2 2 2 10 2 2 10 10 2 2
left_child=1 -1 3 5 -3 7 14 8 12 -10 15 -12 -2 -14 16 -11 17 18 -7 28 24 23 -23 -20 25 26 -18 -28 -19 -30
right_child=2 4 -4 -5 -6 6 -8 -9 9 10 11 -13 13 -15 -16 -17 20 19 21 -21 -22 22 -24 -25 -26 -27 27 -29 29 -31
leaf_value=-0.00028725773547796403 0.00010166588670097454 9.2739262444583339e-05 -0.011251637652223962 0.83696855869899078 -0.036414430420078456 -0.0054492803021855812 -0.35142892476448195 0.4124066332145912 -0.043053319839217466 1.3099349574797634 -0.0030971141331198569 0.13032724201986681 -0.02892197649743565 0.32098190511113345 0.037545821267462302 0.0013955375700390959 0.14042264437455165 -0.0064539638011801605 0.045580994990329311 -0.45145910174603832 -0.12173357026964141 0.40288247156381884 0.16101959624382403 -0.0001792348612516612 0.0023605848782517567 0.067475423762846279 0.001440308596760893 -0.05464642619305337 -0.073331069548340663 0.10767354367745043
leaf_weight=296 556 259 38 21 27 94 28 52 94 24 113 45 31 34 35 21 38 770 100 71 23 32 89 491 1377 23 33 147 28 107
leaf_count=296 556 259 38 21 27 94 28 52 94 24 113 45 31 34 35 21 38 770 100 71 23 32 89 491 1377 23 33 147 28 107
internal_value=-0.00201568 -0.0113356 -0.00080177 -0.000688086 0.00121649 -0.000778749 -0.00125294 0.000916923 0.000253521 -0.0030596 0.000403846 -0.00327607 0.00185942 0.0106286 -0.00110713 0.01248 -0.00123221 -0.00231337 0.000288533 -0.00445872 -5.10328e-05 0.002 0.00780952 0.000744966 0.000181146 -0.0037561 -0.00535426 -0.00775135 -0.00371868 0.00145714
internal_weight=5097 582 4515 4477 286 4456 3486 970 918 297 203 158 621 65 3458 45 3423 1782 806 976 1641 712 121 591 1618 241 218 180 905 135
internal_count=5097 582 4515 4477 286 4456 3486 970 918 297 203 158 621 65 3458 45 3423 1782 806 976 1641 712 121 591 1618 241 218 180 905 135
is_linear=0
shrinkage=0.03


Tree=263
num_leaves=31
num_cat=0
split_feature=135 120 131 118 127 123 136 129 124 136 136 136 131 139 138 138 124 136 144 144 132 132 130 132 126 129 86 125 135 120
split_gain=65.4687 98.2734 6.63478 6.84121 5.1356 4.21372 5.5566 9.92263 9.02984 7.09765 8.53296 9.00475 7.58056 10.7996 6.65899 10.2979 5.95933 6.55233 5.91686 5.61908 7.03994 5.28087 4.98145 8.51944 5.23381 5.08096 6.40939 6.0173 6.73975 8.64768
threshold=1.0000000180025095e-35 1.0000000180025095e-35 879.00000000000011 659.00000000000011 3.0294117647058827 18.500000000000004 18.207978299105182 36.500000000000007 12.500000000000002 11.124523266378752 7.5363065578610042 6.9296632334665924 23.500000000000004 -1.0000000180025095e-35 0.69047619047619058 0.73214285714285732 1.0000000180025095e-35 25.390822499763612 16.500000000000004 25.500000000000004 151.16666666666671 15.500000000000002 617.00000000000011 583.00000000000011 -214.99999999999997 208.50000000000003 1.0000000180025095e-35 -43.499999999999993 71.357142857142875 95.166666666666671
decision_type=8 2 10 2 10 2 10 8 2 10 10 10 8 2 10 10 2 10 2 2 10 10 10 10 8 10 2 8 10 2
left_child=1 -1 3 5 -3 6 9 -8 16 10 11 -2 21 -14 -11 -16 17 -9 -13 -19 -21 -12 23 24 -7 27 -27 28 -26 -30
right_child=2 4 -4 -5 -6 22 7 8 -10 14 12 18 13 -15 15 -17 -18 19 -20 20 -22 -23 -24 -25 25 26 -28 -29 29 -31
leaf_value=-0.00027864000341362515 -1.1175943600960635e-05 8.9957084571245832e-05 -0.010914088522654309 0.81185950193801992 -0.035321997507476104 0.12274547829035612 -0.01978047277383755 0.11933574312538883 -0.044000129032784087 -0.053565015967743788 0.0083465338687039939 0.00042778616731018457 0.0044883447103707926 -0.0066786921159110333 0.06057704997403341 -0.015080856467090386 0.1749718155442968 0.14029173878779488 -0.03286932575963903 -0.18291100757668016 0.028603790210385966 -0.00068187470379234229 -0.32011375726681079 0.90972275350655929 0.17194136485415584 -0.087083077944397749 0.32254262303462239 -0.0044543317263461548 -0.055175549128247209 0.44996000147963217
leaf_weight=296 1415 259 38 21 27 25 137 46 22 31 88 22 55 67 47 157 41 167 52 28 24 32 57 22 74 281 20 1427 91 28
leaf_count=296 1415 259 38 21 27 25 137 46 22 31 88 22 55 67 47 157 41 167 52 28 24 32 57 22 74 281 20 1427 91 28
internal_value=-0.00190984 -0.0113356 -0.000682301 -0.000567604 0.00121649 -0.0006577 0.000182266 0.00311489 0.00592793 -0.00051446 0.000152074 -0.000698795 0.00531984 0 -0.00535 -0.00312919 0.0073119 0.00542222 -0.010557 0.00305357 -0.00515789 0.010512 -0.001667 -0.00139584 -0.00162686 -0.00181931 -0.00537255 -0.00114092 0.00375758 -0.000677419
internal_weight=5097 582 4515 4477 286 4456 2431 465 328 1966 1731 1489 242 122 235 204 306 265 74 219 52 120 2025 1968 1946 1921 301 1620 193 119
internal_count=5097 582 4515 4477 286 4456 2431 465 328 1966 1731 1489 242 122 235 204 306 265 74 219 52 120 2025 1968 1946 1921 301 1620 193 119
is_linear=0
shrinkage=0.03


end of trees

feature_importances:
Column_144=728
Column_128=652
Column_117=572
Column_131=443
Column_132=410
Column_124=381
Column_126=381
Column_127=365
Column_136=360
Column_135=345
Column_120=317
Column_125=316
Column_133=292
Column_123=269
Column_121=266
Column_130=237
Column_145=189
Column_118=183
Column_129=181
Column_138=142
Column_139=114
Column_119=106
Column_143=104
Column_146=99
Column_122=97
Column_137=64
Column_142=51
Column_140=41
Column_13=38
Column_108=34
Column_69=16
Column_102=11
Column_107=9
Column_101=8
Column_66=7
Column_103=7
Column_4=6
Column_141=6
Column_3=5
Column_34=5
Column_52=5
Column_94=4
Column_104=4
Column_21=3
Column_29=3
Column_37=3
Column_38=3
Column_44=3
Column_61=3
Column_73=3
Column_98=3
Column_22=2
Column_30=2
Column_39=2
Column_56=2
Column_59=2
Column_105=2
Column_134=2
Column_5=1
Column_23=1
Column_36=1
Column_49=1
Column_68=1
Column_84=1
Column_86=1
Column_95=1
Column_99=1
Column_106=1
Column_112=1
Column_155=1

parameters:
[boosting: gbdt]
[objective: regression_l1]
[metric: l1]
[tree_learner: serial]
[device_type: cpu]
[data_sample_strategy: bagging]
[data: ]
[valid: ]
[num_iterations: 264]
[learning_rate: 0.03]
[num_leaves: 31]
[num_threads: 4]
[seed: 42]
[deterministic: 0]
[force_col_wise: 0]
[force_row_wise: 0]
[histogram_pool_size: -1]
[max_depth: -1]
[min_data_in_leaf: 20]
[min_sum_hessian_in_leaf: 0.001]
[bagging_fraction: 0.85]
[pos_bagging_fraction: 1]
[neg_bagging_fraction: 1]
[bagging_freq: 0]
[bagging_seed: 400]
[bagging_by_query: 0]
[feature_fraction: 0.85]
[feature_fraction_bynode: 1]
[feature_fraction_seed: 30056]
[extra_trees: 0]
[extra_seed: 12879]
[early_stopping_round: 0]
[early_stopping_min_delta: 0]
[first_metric_only: 0]
[max_delta_step: 0]
[lambda_l1: 0.2]
[lambda_l2: 5]
[linear_lambda: 0]
[min_gain_to_split: 0]
[drop_rate: 0.1]
[max_drop: 50]
[skip_drop: 0.5]
[xgboost_dart_mode: 0]
[uniform_drop: 0]
[drop_seed: 17869]
[top_rate: 0.2]
[other_rate: 0.1]
[min_data_per_group: 100]
[max_cat_threshold: 32]
[cat_l2: 10]
[cat_smooth: 10]
[max_cat_to_onehot: 4]
[top_k: 20]
[monotone_constraints: ]
[monotone_constraints_method: basic]
[monotone_penalty: 0]
[feature_contri: ]
[forcedsplits_filename: ]
[refit_decay_rate: 0.9]
[cegb_tradeoff: 1]
[cegb_penalty_split: 0]
[cegb_penalty_feature_lazy: ]
[cegb_penalty_feature_coupled: ]
[path_smooth: 0]
[interaction_constraints: ]
[verbosity: -1]
[saved_feature_importance_type: 0]
[use_quantized_grad: 0]
[num_grad_quant_bins: 4]
[quant_train_renew_leaf: 0]
[stochastic_rounding: 1]
[linear_tree: 0]
[max_bin: 255]
[max_bin_by_feature: ]
[min_data_in_bin: 3]
[bin_construct_sample_cnt: 200000]
[data_random_seed: 175]
[is_enable_sparse: 1]
[enable_bundle: 1]
[use_missing: 1]
[zero_as_missing: 0]
[feature_pre_filter: 1]
[pre_partition: 0]
[two_round: 0]
[header: 0]
[label_column: ]
[weight_column: ]
[group_column: ]
[ignore_column: ]
[categorical_feature: ]
[forcedbins_filename: ]
[precise_float_parser: 0]
[parser_config_file: ]
[objective_seed: 16083]
[num_class: 1]
[is_unbalance: 0]
[scale_pos_weight: 1]
[sigmoid: 1]
[boost_from_average: 1]
[reg_sqrt: 0]
[alpha: 0.9]
[fair_c: 1]
[poisson_max_delta_step: 0.7]
[tweedie_variance_power: 1.5]
[lambdarank_truncation_level: 30]
[lambdarank_norm: 1]
[label_gain: ]
[lambdarank_position_bias_regularization: 0]
[eval_at: ]
[multi_error_top_k: 1]
[auc_mu_weights: ]
[num_machines: 1]
[local_listen_port: 12400]
[time_out: 120]
[machine_list_filename: ]
[machines: ]
[gpu_platform_id: -1]
[gpu_device_id: -1]
[gpu_device_id_list: ]
[gpu_use_dp: 0]
[num_gpu: 1]

end of parameters

pandas_categorical:null
