tree
version=v4
num_class=1
num_tree_per_iteration=1
label_index=0
max_feature_idx=40
objective=regression_l1
feature_names=part_id dow_sin dow_cos is_weekend days_since_start own_actual_d_lag2 own_plan_d3_lag2 own_plan_d4_lag2 own_plan_d5_lag2 own_actual_d_lag1 own_plan_d3_lag1 own_plan_d4_lag1 own_plan_d5_lag1 own_actual_d_origin own_plan_d3_origin own_plan_d4_origin own_plan_d5_origin rel1_correlation rel1_available rel1_actual_lag2 rel1_actual_lag1 rel1_actual_origin rel1_plan_d3_origin rel1_plan_d4_origin rel1_plan_d5_origin rel2_correlation rel2_available rel2_actual_lag2 rel2_actual_lag1 rel2_actual_origin rel2_plan_d3_origin rel2_plan_d4_origin rel2_plan_d5_origin rel3_correlation rel3_available rel3_actual_lag2 rel3_actual_lag1 rel3_actual_origin rel3_plan_d3_origin rel3_plan_d4_origin rel3_plan_d5_origin
feature_infos=[0:116] [-0.97492791218182362:0.97492791218182362] [-0.90096886790241903:1] [0:1] [2:28] [0:1131] [0:872] [0:832] [0:851] [0:1131] [0:872] [0:827] [0:851] [0:1131] [0:720] [0:827] [0:851] [0:1] [0:1] [0:1131] [0:1131] [0:1131] [0:720] [0:827] [0:851] [0:1] [0:1] [0:1131] [0:1131] [0:1131] [0:706] [0:827] [0:851] [0:0.96264949252529408] [0:1] [0:1131] [0:1131] [0:1131] [0:720] [0:827] [0:851]
tree_sizes=1304 1393 1428 1413 1420 1415 1423 1414 1424 1415 1427 1424 1414 1431 1432 1440 1424 1429 1424 1427 1427 1423 1423 1423 1434 1420 1431 1432 1429 1416 1423 1425 1440 1434 1432 1434 1417 1431 1431 1427 1429 1414 1437 1430 1418 1425 1430 1433 1431 1421 1426 1427 1430 1422 1421 1434 1441 1426 1429 1434 1436 1436 1436 1427 1423 1447 1436 1436 1437 1421 1438 1429 1438 1420 1447 1445 1445 1452 1425 1453 1434 1437 1447 1434 1461 1438 1429 1446 1434 1431 1445 1424 1431 1427 1443 1444 1443 1449 1452 1447 1444 1448 1441 1446 1443 1461 1447 1463 1455 1447 1459 1453 1439 1453 1456 1446 1445 1450 1450 1450 1449 1444 1447 1449 1447 1446 1453 1464 1451 1441 1454 1449 1449 1450 1358 1360 1447 1363 1453 1462 1475 1468 1459 1465 1472 1464 1473 1452 1474 1449 1447 1472 1458 1464 1456 1464 1467 1461 1467 1459 1459 1448 1446 1463 1442 1457 1468 1473 1464 1466 1469 1467 1459 1461 1461 1455 1449 1441 1461 1460 1442 1452 1461 1462 1466 1467 1465 1450 1454 1466 1469 1467 1473 1455 1457 1470 1466 1457 1462 1464 1466 1454 1474 1442 1469 1458 1471 1459 1466 1457 1463 1466 1485 1475 1459 1469 1475 1467 1461 1471 1467 1451 1456 1444 1455 1464 1456 1470 1464 1446 1441 1453 1470 1456 1445 1452 1452 1442 1447 1462 1463 1454 1467 1463 1465 1468 1458 1470 1467 1461 1453 1453 1451 1454 1446 1436 1448 1448 1473 1452 1456 1453 1458 1456

Tree=0
num_leaves=15
num_cat=0
split_feature=9 14 4 11 4 4 14 11 7 9 4 37 4 31
split_gain=1423.31 353.876 102.57 51.1192 97.7713 163.383 62.018 32.0395 21.992 20.9646 17.8864 16.1876 14.488 11.3412
threshold=21.500000000000004 26.500000000000004 10.500000000000002 29.500000000000004 14.500000000000002 22.500000000000004 12.500000000000002 21.500000000000004 63.500000000000007 40.500000000000007 25.500000000000004 500.50000000000006 10.500000000000002 53.500000000000007
decision_type=2 2 2 2 2 2 2 2 2 2 2 10 2 10
left_child=1 7 -3 4 9 6 -6 8 11 12 -7 -1 -2 -9
right_child=3 2 -4 -5 5 10 -8 13 -10 -11 -12 -13 -14 -15
leaf_value=22.449999999999999 23.274999999999999 22.425000000000001 24.774999999999999 25.5 22.425000000000001 24.949999999999999 23.149999999999999 22.625 23.149999999999999 25.675000000000001 22.875 22.975000000000001 22.987500000000001 23.199999999999999
leaf_weight=1222 94 46 183 568 124 154 28 22 22 442 18 21 44 21
leaf_count=1222 94 46 183 568 124 154 28 22 22 442 18 21 44 21
internal_value=23 22.9832 23.0118 23.0176 23.0139 23.0028 22.984 22.9782 22.9775 23.02 23.0195 22.977 23.0113 22.9995
internal_weight=3009 1537 229 1472 904 324 152 1308 1265 580 172 1243 138 43
internal_count=3009 1537 229 1472 904 324 152 1308 1265 580 172 1243 138 43
is_linear=0
shrinkage=1


Tree=1
num_leaves=15
num_cat=0
split_feature=13 11 4 11 4 4 9 10 11 4 36 2 29 19
split_gain=1446.46 338.583 100.944 43.2687 95.2866 213.475 29.4476 23.3843 20.7419 15.8203 23.712 15.0825 13.0544 7.86669
threshold=26.500000000000004 21.500000000000004 10.500000000000002 29.500000000000004 15.500000000000002 22.500000000000004 23.500000000000004 26.500000000000004 15.500000000000002 10.500000000000002 69.500000000000014 -0.22252093395631442 345.50000000000006 22.500000000000004
decision_type=2 2 2 2 2 2 2 2 2 2 10 2 10 10
left_child=1 6 -3 4 9 8 12 11 -6 -2 -11 -4 -1 -8
right_child=3 2 7 -5 5 -7 13 -9 -10 10 -12 -13 -14 -15
leaf_value=-0.53625 1.6331250000000002 -0.56062500000000004 0.25562500000000005 2.4875000000000003 -0.56062500000000004 1.9012500000000001 -0.510625 2.1056249999999999 0.096250000000000044 0.18312499999999998 4.4212499999999997 -0.069374999999999964 -0.15531250000000002 -0.056874999999999967
leaf_weight=1226 383 51 19 561 114 157 25 151 19 86 105 37 20 55
leaf_count=1226 383 51 19 561 114 157 25 151 19 86 105 37 20 55
internal_value=-8.9701e-05 -0.0165268 0.0096332 0.0181767 0.0146185 0.00290378 -0.021624 0.0174038 -0.0202985 0.020513 0.0144271 0.00342105 -0.0225702 -0.0067284
internal_weight=3009 1584 258 1425 864 290 1326 207 133 574 191 56 1246 80
internal_count=3009 1584 258 1425 864 290 1326 207 133 574 191 56 1246 80
is_linear=0
shrinkage=0.025


Tree=2
num_leaves=15
num_cat=0
split_feature=13 14 27 11 32 1 36 13 11 31 9 1 13 25
split_gain=1415.55 358.905 69.273 50.275 58.5906 42.0279 23.6307 23.2659 19.4611 12.3161 10.2544 10.0425 9.83209 9.07142
threshold=21.500000000000004 21.500000000000004 5.5000000000000009 47.000000000000007 1.0000000180025095e-35 -1.0000000180025095e-35 10.500000000000002 27.500000000000004 21.500000000000004 52.500000000000007 32.500000000000007 -1.0000000180025095e-35 40.500000000000007 0.9157041034558745
decision_type=2 2 10 2 10 2 10 2 2 8 2 2 2 2
left_child=1 8 11 4 7 -6 -7 -2 10 -10 -1 -3 -9 -13
right_child=3 2 -4 -5 5 6 -8 12 9 -11 -12 13 -14 -15
leaf_value=-0.52284375000000005 -0.14014062499999999 0.27798437500000006 1.7848593749999999 2.8843750000000004 0.65201562499999999 -0.48535937500000004 0.342296875 0.22729687500000006 -0.33337499999999998 0.26360937500000009 -0.13732812499999994 -0.045492187500000017 2.4225937500000003 -0.54660937499999995
leaf_weight=1228 23 42 149 476 126 83 233 121 18 18 20 19 427 26
leaf_count=1228 23 42 149 476 126 83 233 121 18 18 20 19 427 26
internal_value=-0.000156146 -0.0171236 0.0111603 0.0171611 0.0139744 0.00709932 0.00219243 0.0192657 -0.0223307 -0.00391892 -0.0228543 -0.00647727 0.0203005 -0.0145652
internal_weight=3009 1520 236 1489 1013 442 316 571 1284 36 1248 87 548 45
internal_count=3009 1520 236 1489 1013 442 316 571 1284 36 1248 87 548 45
is_linear=0
shrinkage=0.025


Tree=3
num_leaves=15
num_cat=0
split_feature=13 14 4 4 4 4 13 36 13 7 13 35 16 2
split_gain=1390.12 366.525 106.403 40.6949 114.053 197.719 33.8646 25.7739 22.4534 13.8033 11.1824 8.63298 8.52113 5.26624
threshold=27.500000000000004 26.500000000000004 10.500000000000002 10.500000000000002 17.500000000000004 15.500000000000002 21.500000000000004 510.00000000000006 70.500000000000014 27.500000000000004 52.500000000000007 13.500000000000002 16.500000000000004 0.81174490092936691
decision_type=2 2 2 2 2 2 2 10 2 2 2 8 2 2
left_child=1 6 -3 -2 5 8 7 9 -5 -1 12 -8 -6 -4
right_child=3 2 13 4 10 -7 11 -9 -10 -11 -12 -13 -14 -15
leaf_value=-0.50914765625000002 1.5837394531250002 -0.53294414062500006 1.8043923828124999 0.16202890624999997 0.096866406250000037 -0.55516679687499992 -0.48378281249999999 0.02610507812500007 3.8929820312499999 -0.22231425781250003 2.6453107421875002 0.023050390625000097 0.36585273437500004 0.48717695312500003
leaf_weight=1225 478 46 166 93 44 116 26 25 167 48 448 40 65 22
leaf_count=1225 478 46 166 93 44 116 26 25 167 48 448 40 65 22
internal_value=-0.000355482 -0.0163196 0.0125319 0.0177195 0.014636 0.00396552 -0.0212784 -0.0221671 0.0160728 -0.0226609 0.02181 -0.00365672 0.0142727 0.020873
internal_weight=3009 1598 234 1411 933 376 1364 1298 260 1273 557 66 109 188
internal_count=3009 1598 234 1411 933 376 1364 1298 260 1273 557 66 109 188
is_linear=0
shrinkage=0.025


Tree=4
num_leaves=15
num_cat=0
split_feature=13 14 4 4 4 4 13 11 9 35 28 10 13 10
split_gain=1345.7 330.114 99.8338 41.2221 116.33 193.863 38.7798 26.5873 22.2046 15.2155 13.3758 11.988 10.8983 10.3746
threshold=27.500000000000004 26.500000000000004 10.500000000000002 10.500000000000002 17.500000000000004 15.500000000000002 20.500000000000004 10.500000000000002 98.500000000000014 4.5000000000000009 6.5000000000000009 21.500000000000004 52.500000000000007 36.500000000000007
decision_type=2 2 2 2 2 2 2 2 2 10 10 2 2 2
left_child=1 6 -3 -2 5 8 7 11 -5 -9 -8 -1 -6 -4
right_child=3 2 13 4 12 -7 10 9 -10 -11 -12 -13 -14 -15
leaf_value=-0.49704396484375002 1.5441459667968751 -0.51962053710937506 0.21067319824218744 0.24565748046874988 0.31101500976562502 -0.54128762695312493 -0.46113082031249997 -0.37204396484375002 4.4647043554687498 -0.057732116699218718 0.0029560351562500035 -0.52204396484375004 2.5791779736328126 2.1291905810546878
leaf_weight=1094 478 46 48 123 109 116 21 61 137 78 67 43 448 140
leaf_count=1094 478 46 48 123 109 116 21 61 137 78 67 43 448 140
internal_value=-0.00020598 -0.0159131 0.0114681 0.0175779 0.0144754 0.00370027 -0.020619 -0.0217267 0.0156897 -0.0112143 -0.0044382 -0.0229965 0.0217204 0.0195503
internal_weight=3009 1598 234 1411 933 376 1364 1276 260 139 88 1137 557 188
internal_count=3009 1598 234 1411 933 376 1364 1276 260 139 88 1137 557 188
is_linear=0
shrinkage=0.025


Tree=5
num_leaves=15
num_cat=0
split_feature=13 14 4 9 4 4 4 15 9 8 11 5 25 10
split_gain=1340.53 332.839 100.8 46.4728 38.3343 110.827 187.354 22.0153 21.0093 17.4044 12.5514 11.9515 10.6767 10.5362
threshold=29.500000000000004 26.500000000000004 10.500000000000002 14.500000000000002 10.500000000000002 17.500000000000004 15.500000000000002 7.5000000000000009 98.500000000000014 15.500000000000002 12.500000000000002 18.500000000000004 0.77629880311042687 36.500000000000007
decision_type=2 2 2 2 2 2 2 2 2 2 2 2 2 2
left_child=1 3 -3 10 -2 6 8 11 -6 -9 -1 -5 -12 -4
right_child=4 2 13 7 5 -7 -8 9 -10 -11 12 -13 -14 -15
leaf_value=-0.48461786572265625 1.8535348957519533 -0.50663002368164067 0.20540636828613273 -0.25963349072265623 0.25856291845703122 2.0651325086669923 -0.52775543627929689 -0.1470357072753907 4.353086746582032 0.34237081185913087 -0.095600661926269578 -0.096675712402343725 -0.36274286572265624 2.0009608165283206
leaf_weight=1052 467 46 48 69 119 538 110 38 137 34 47 104 56 144
leaf_count=1052 467 46 48 69 119 538 110 38 137 34 47 104 56 144
internal_value=-0.000322259 -0.0155857 0.0116946 -0.020232 0.0179082 0.0148564 0.00420981 -0.0102439 0.0159339 0.00130137 -0.0223356 -0.0150575 -0.0136538 0.0196632
internal_weight=3009 1638 238 1400 1371 904 366 245 256 72 1155 173 103 192
internal_count=3009 1638 238 1400 1371 904 366 245 256 72 1155 173 103 192
is_linear=0
shrinkage=0.025


Tree=6
num_leaves=15
num_cat=0
split_feature=13 14 27 9 11 6 15 8 9 32 1 11 5 35
split_gain=1321.25 335.208 64.9043 50.7998 33.8981 51.6546 24.0207 17.0452 14.9511 14.8174 13.87 12.5693 12.1047 10.6767
threshold=31.500000000000004 26.500000000000004 5.5000000000000009 14.500000000000002 32.500000000000007 1.0000000180025095e-35 7.5000000000000009 15.500000000000002 105.50000000000001 13.500000000000002 -1.0000000180025095e-35 12.500000000000002 18.500000000000004 4.5000000000000009
decision_type=2 2 10 2 2 2 2 2 2 10 2 2 2 10
left_child=1 3 -3 11 5 8 12 -8 -2 -7 -11 -1 -5 -13
right_child=4 2 -4 6 -6 9 7 -9 -10 10 -12 13 -14 -15
leaf_value=-0.4725024190795899 0.24547364914398195 -0.49396427308959967 1.6110153868743897 -0.25314265345458981 2.2890875943878175 1.1590549494979858 -0.14335981459350597 0.32903705343399059 4.8321965233581547 1.8551778287628176 0.16920394523315432 -0.35868928927841193 -0.057200972912597604 -0.086532090283203189
leaf_weight=1055 252 84 156 69 539 70 39 35 263 18 207 56 119 47
leaf_count=1055 252 84 156 69 539 70 39 35 263 18 207 56 119 47
internal_value=-0.000538206 -0.0154696 0.011805 -0.020088 0.0178296 0.0145438 -0.010057 0.00193333 0.0193217 0.00614865 0.0029646 -0.0223425 -0.0147884 -0.0136538
internal_weight=3009 1660 240 1420 1349 810 262 74 515 295 225 1158 188 103
internal_count=3009 1660 240 1420 1349 810 262 74 515 295 225 1158 188 103
is_linear=0
shrinkage=0.025


Tree=7
num_leaves=15
num_cat=0
split_feature=9 11 4 13 14 4 4 4 11 13 4 4 14 8
split_gain=1297.22 311.453 90.3989 71.6409 33.8039 56.5288 183.541 75.97 22.1347 17.3539 16.4459 21.8018 14.984 11.7346
threshold=31.500000000000004 22.500000000000004 10.500000000000002 20.500000000000004 32.500000000000007 11.500000000000002 22.500000000000004 13.500000000000002 53.500000000000007 33.500000000000007 22.500000000000004 15.500000000000002 12.500000000000002 4.5000000000000009
decision_type=2 2 2 2 2 2 2 2 2 2 2 2 2 2
left_child=1 3 -3 12 5 9 7 -7 -4 -2 11 -5 -1 -14
right_child=4 2 8 10 -6 6 -8 -9 -10 -11 -12 -13 13 -15
leaf_value=-0.46068985860260014 -0.034772428504295315 -0.48161516626235967 0.070589555459899964 -0.0014910304440307167 2.4484512569784926 1.278356144892006 1.9987130517050553 -0.51879164900314334 1.9507921579856875 1.9299231375538637 0.071858002098140791 -0.4981002427531433 0.031617563272399889 -0.3045280623549842
leaf_weight=1155 19 56 75 79 348 88 318 143 146 416 35 54 25 52
leaf_count=1155 19 56 75 79 348 88 318 143 146 416 35 54 25 52
internal_value=-0.000671096 -0.015298 0.00888489 -0.0200892 0.0177382 0.0153249 0.00994545 -0.00698276 0.0160811 0.0220642 -0.00470414 -0.00873134 -0.0221776 -0.0111538
internal_weight=3009 1677 277 1400 1332 984 549 231 221 435 168 133 1232 77
internal_count=3009 1677 277 1400 1332 984 549 231 221 435 168 133 1232 77
is_linear=0
shrinkage=0.025


Tree=8
num_leaves=15
num_cat=0
split_feature=13 11 4 9 11 4 4 1 4 14 14 32 20 10
split_gain=1243.97 317.371 101.369 44.3984 38.752 79.9798 76.1192 94.1945 21.1371 20.665 15.8834 20.4307 11.6928 11.6224
threshold=31.500000000000004 22.500000000000004 10.500000000000002 20.500000000000004 63.500000000000007 11.500000000000002 21.500000000000004 1.0000000180025095e-35 25.500000000000004 34.500000000000007 17.500000000000004 8.5000000000000018 17.500000000000004 19.500000000000004
decision_type=2 2 2 2 2 2 2 2 2 2 2 10 10 2
left_child=1 3 -3 10 5 -2 7 -7 -8 12 13 -12 -4 -1
right_child=4 2 9 -5 -6 6 8 -9 -10 -11 11 -13 -14 -15
leaf_value=-0.44917261213753518 1.1311597113946801 -0.4695747871058007 -0.15691712066262059 -0.063538332958518851 2.8278814518094095 0.66323005376970579 1.5081871324969893 -0.50582185777806465 0.15826708690248772 1.7536022907431605 0.1218515832422562 -0.41322203661580281 0.11538763001879015 -0.46920799130750468
leaf_weight=1125 437 52 25 153 404 179 162 122 45 158 18 41 36 52
leaf_count=1125 437 52 25 153 404 179 162 122 45 158 18 41 36 52
internal_value=-0.000770764 -0.0152589 0.00944853 -0.0200863 0.0170519 0.0142389 0.0074558 -0.000562914 0.0190865 0.0169091 -0.0216613 -0.00866667 0.00435484 -0.0223005
internal_weight=3009 1660 271 1389 1349 945 508 301 207 219 1236 59 61 1177
internal_count=3009 1660 271 1389 1349 945 508 301 207 219 1236 59 61 1177
is_linear=0
shrinkage=0.025


Tree=9
num_leaves=15
num_cat=0
split_feature=13 11 4 14 11 4 4 1 13 4 8 14 19 20
split_gain=1213.77 310.928 91.7421 40.916 40.5776 84.9149 66.0233 104.396 33.7084 22.5115 21.4232 18.9856 14.7509 11.6928
threshold=29.500000000000004 22.500000000000004 10.500000000000002 10.500000000000002 63.500000000000007 10.500000000000002 21.500000000000004 1.0000000180025095e-35 20.500000000000004 25.500000000000004 5.5000000000000009 34.500000000000007 22.500000000000004 17.500000000000004
decision_type=2 2 2 2 2 2 2 2 2 2 2 2 10 10
left_child=1 3 -3 8 5 -2 7 -7 -1 -8 -5 13 -10 -4
right_child=4 2 11 10 -6 6 9 -9 12 -11 -12 -13 -14 -15
leaf_value=-0.43794329683409683 1.0995326109058412 -0.45783541742815576 -0.1529941926460551 0.11880529366119977 2.737393564283245 0.77860301332985005 1.4204824541845646 -0.493176311333613 -0.31291083950471893 0.15431040972992546 -0.18488709800606726 1.6618308114876212 0.0083547854952810141 0.11250293926832047
leaf_weight=1156 399 51 25 44 407 230 166 124 49 45 75 156 46 36
leaf_count=1156 399 51 25 44 407 230 166 124 49 45 75 156 46 36
internal_value=-0.000787375 -0.0153112 0.00927509 -0.0201276 0.0165598 0.0137254 0.00745583 0.000830986 -0.0214617 0.0184906 -0.006 0.0163761 -0.00697917 0.00435484
internal_weight=3009 1638 268 1370 1371 964 565 354 1251 211 119 217 95 61
internal_count=3009 1638 268 1370 1371 964 565 354 1251 211 119 217 95 61
is_linear=0
shrinkage=0.025


Tree=10
num_leaves=15
num_cat=0
split_feature=13 14 4 13 11 4 4 1 11 4 35 4 9 11
split_gain=1202.28 289.593 89.3583 72.2095 36.7197 75.4413 64.0654 107.84 25.2253 24.6349 20.8262 20.5869 17.1596 15.9703
threshold=34.500000000000007 23.500000000000004 10.500000000000002 16.500000000000004 63.500000000000007 10.500000000000002 21.500000000000004 1.0000000180025095e-35 7.5000000000000009 23.500000000000004 60.500000000000007 25.500000000000004 18.500000000000004 53.500000000000007
decision_type=2 2 2 2 2 2 2 2 2 2 10 2 2 2
left_child=1 3 -3 8 5 -2 7 -7 -1 12 -10 -8 -5 -4
right_child=4 2 13 9 -6 6 11 -9 10 -11 -12 -13 -14 -15
leaf_value=-0.42699471441324444 1.5823762237778407 -0.44638953199245179 0.11521347162018679 -0.32323245988538868 2.6996357028331794 0.97746251827656683 1.4587524359407027 -0.48084690355027271 -0.26101191765827381 0.061720716401056301 0.040898780659834169 0.16860738734068131 -0.013073282491804684 1.9827850412004306
leaf_weight=1082 367 46 76 59 403 211 160 121 101 54 29 42 130 128
leaf_count=1082 367 46 76 59 403 211 160 121 101 54 29 42 130 128
internal_value=-0.00105316 -0.014871 0.00994024 -0.0191415 0.0170077 0.0141574 0.0081215 0.00133634 -0.0216364 -0.00663934 -0.0110305 0.0191872 -0.0108947 0.0170488
internal_weight=3009 1705 250 1455 1304 901 534 332 1212 243 130 202 189 204
internal_count=3009 1705 250 1455 1304 901 534 332 1212 243 130 202 189 204
is_linear=0
shrinkage=0.025


Tree=11
num_leaves=15
num_cat=0
split_feature=9 11 4 9 11 4 4 4 11 14 2 6 8 17
split_gain=1152.31 264.772 87.0155 82.1215 35.0113 56.8012 52.6808 118.225 28.2833 24.6576 22.1713 21.1907 18.8049 13.0169
threshold=37.500000000000007 22.500000000000004 10.500000000000002 18.500000000000004 63.500000000000007 11.500000000000002 17.500000000000004 15.500000000000002 53.500000000000007 10.500000000000002 1.0000000180025095e-35 18.500000000000004 6.5000000000000009 0.99954538225586653
decision_type=2 2 2 2 2 2 2 2 2 2 2 2 2 2
left_child=1 3 -3 9 5 -2 7 -7 13 11 -8 -1 -11 -4
right_child=4 2 8 -5 -6 6 10 -9 -10 12 -12 -13 -14 -15
leaf_value=-0.41631984655291332 1.7928168181833948 -0.43522979369264053 0.096032592875116188 -0.012746450429509615 2.7571448102623499 1.3535207110103027 1.0231604735329953 -0.46882573096151586 1.7187332432565823 0.031039277436173941 0.0075469405111682876 -0.44131984655291334 -0.27388456997133609 -0.064814288707092257
leaf_weight=1058 380 60 62 240 399 141 190 82 146 33 49 87 62 20
leaf_count=1058 380 60 62 240 399 141 190 82 146 33 49 87 62 20
internal_value=-0.00116944 -0.0141295 0.00776817 -0.0183964 0.0172866 0.0143476 0.00841253 -0.0003125 0.0148253 -0.0209871 0.0165417 -0.022007 -0.00854167 0.00295181
internal_weight=3009 1768 288 1480 1241 842 462 223 228 1240 239 1145 95 82
internal_count=3009 1768 288 1480 1241 842 462 223 228 1240 239 1145 95 82
is_linear=0
shrinkage=0.025


Tree=12
num_leaves=15
num_cat=0
split_feature=9 11 4 9 9 6 4 4 11 14 16 6 8 20
split_gain=1046.86 261.775 85.2093 77.3361 52.974 27.6738 54.3512 146.951 27.242 25.4257 22.0584 21.3882 20.9173 17.4091
threshold=36.500000000000007 22.500000000000004 10.500000000000002 17.500000000000004 73.500000000000014 5.5000000000000009 17.500000000000004 15.500000000000002 53.500000000000007 11.500000000000002 65.500000000000014 16.500000000000004 7.5000000000000009 16.500000000000004
decision_type=2 2 2 2 2 2 2 2 2 2 2 2 2 10
left_child=1 3 -3 9 10 -6 7 -7 13 11 -2 -1 -11 -4
right_child=4 2 8 -5 5 6 -8 -9 -10 12 -12 -13 -14 -15
leaf_value=-0.4059118503890905 0.052546891459164337 -0.42434904885032448 -0.04368663457184177 -0.013310400017318003 3.2229963977288096 4.1398249370753142 2.6234583101854811 -0.45710508768747798 1.6757649121751677 0.047875674908750998 0.75059495951476318 -0.43028685038909043 -0.29708539808784507 0.098901040585582051
leaf_weight=1032 350 57 49 240 536 101 141 72 146 31 66 98 57 33
leaf_count=1032 350 57 49 240 536 101 141 72 146 31 66 98 57 33
internal_value=-0.0015515 -0.014117 0.00776224 -0.0183996 0.0157419 0.0193243 0.0133175 0.00385057 0.014607 -0.0209557 0.00838129 -0.0219673 -0.00780899 0.00295181
internal_weight=3009 1743 285 1458 1266 850 314 173 228 1218 416 1130 88 82
internal_count=3009 1743 285 1458 1266 850 314 173 228 1218 416 1130 88 82
is_linear=0
shrinkage=0.025


Tree=13
num_leaves=15
num_cat=0
split_feature=13 5 14 11 11 32 1 13 0 12 14 32 14 0
split_gain=1069.51 275.519 120.519 70.1171 33.4462 56.4198 34.0575 27.031 25.5429 23.9336 22.8699 17.2706 15.671 13.7922
threshold=46.500000000000007 16.500000000000004 42.500000000000007 12.500000000000002 51.500000000000007 10.500000000000002 -1.0000000180025095e-35 16.500000000000004 86.500000000000014 4.5000000000000009 17.500000000000004 11.500000000000002 2.5000000000000004 30.500000000000004
decision_type=2 2 2 2 2 10 2 2 2 2 2 10 2 2
left_child=1 3 7 10 5 -2 -7 12 13 -8 -1 -9 -3 -5
right_child=4 2 -4 8 -6 6 9 11 -10 -11 -12 -13 -14 -15
leaf_value=-0.39576405412936322 2.0276306249218474 -0.3484589394450755 1.5761362000220365 0.24681940702901253 2.3595137785909444 1.3508996529668129 0.85787185243084374 -0.012095029168338912 0.1639269419131959 -0.4274864424442158 0.024511947648213184 0.017627435100279334 -0.030425566832867679 -0.2676567396883221
leaf_weight=1060 407 88 123 18 426 72 129 200 30 85 24 121 46 180
leaf_count=1060 407 88 123 18 426 72 129 200 30 85 24 121 46 180
internal_value=-0.00161794 -0.0130857 0.0012867 -0.0194174 0.0177411 0.0142939 0.00573171 -0.00464912 -0.00674672 0.000674419 -0.0220691 -0.00068323 -0.014037 -0.0100251
internal_weight=3009 1890 578 1312 1119 693 286 455 228 214 1084 321 134 198
internal_count=3009 1890 578 1312 1119 693 286 455 228 214 1084 321 134 198
is_linear=0
shrinkage=0.025


Tree=14
num_leaves=15
num_cat=0
split_feature=13 5 15 11 4 11 4 4 6 22 13 13 4 11
split_gain=1050.32 258.939 100.542 76.3288 34.8433 34.1377 59.1975 65.8163 105.526 28.3019 17.445 14.8584 14.3662 13.0789
threshold=46.500000000000007 16.500000000000004 47.000000000000007 12.500000000000002 10.500000000000002 56.500000000000007 10.500000000000002 21.500000000000004 1.0000000180025095e-35 178.50000000000003 16.500000000000004 17.500000000000004 25.500000000000004 22.500000000000004
decision_type=2 2 2 2 2 2 2 2 2 10 2 2 2 2
left_child=1 3 9 11 -5 6 -2 8 -8 10 -3 -1 -9 -6
right_child=5 2 -4 4 13 -7 7 12 -10 -11 -12 -13 -14 -15
leaf_value=-0.38586995277612912 1.9917307221625435 -0.23436315612492448 1.4591484669559529 -0.42766374788685824 -0.11364197108992671 2.4013069524298798 1.8159096782352995 1.4534203565202775 -0.43499029943418566 0.51204020566698571 -0.011792653439130519 -0.32364727017420664 0.088096797838863775 0.10311993306315054
leaf_weight=1025 292 131 126 61 74 406 155 140 105 23 298 59 21 93
leaf_count=1025 292 131 126 61 74 406 155 140 105 23 298 59 21 93
internal_value=-0.00180066 -0.013165 0.000768566 -0.0193031 -0.0060917 0.0173839 0.0140336 0.00798578 0.000172414 -0.0047351 -0.0062093 -0.0220691 0.0204938 -0.000119048
internal_weight=3009 1890 578 1312 228 1119 713 421 260 452 429 1084 161 167
internal_count=3009 1890 578 1312 228 1119 713 421 260 452 429 1084 161 167
is_linear=0
shrinkage=0.025


Tree=15
num_leaves=15
num_cat=0
split_feature=13 5 14 14 11 6 16 13 22 8 5 35 32 35
split_gain=1010.68 244.819 114.951 61.7262 40.9304 55.6422 26.6886 25.1514 25.299 22.4144 20.7568 19.8553 17.7436 17.3909
threshold=46.500000000000007 13.500000000000002 49.500000000000007 21.500000000000004 58.500000000000007 1.0000000180025095e-35 2.5000000000000004 16.500000000000004 12.500000000000002 13.500000000000002 105.50000000000001 982.50000000000011 13.500000000000002 3.5000000000000004
decision_type=2 2 2 2 2 2 2 2 10 2 2 10 10 10
left_child=1 3 7 9 5 10 -5 8 -3 -1 -2 12 -7 -11
right_child=4 2 -4 6 -6 11 -8 -9 -10 13 -12 -13 -14 -15
leaf_value=-0.37622320395672593 0.28586676362057517 -0.28119350174011315 1.7752540833475869 0.48317182961613492 2.3636207617870504 0.77642893718407702 -0.39635731043968681 -0.0052693389487609823 0.0048096599014319178 -0.34411475583665391 4.3419374541084803 -0.42411554194833095 0.22009187609155925 0.0085005480055210924
leaf_weight=1013 155 125 107 36 403 78 93 341 61 68 269 20 194 46
leaf_count=1013 155 125 107 36 403 78 93 341 61 68 269 20 194 46
internal_value=-0.0021495 -0.0132972 -0.000622047 -0.0196858 0.0166696 0.0130335 -0.00323077 -0.00543561 -0.0128075 -0.0215603 0.0188118 0.00459044 0.00639194 -0.0108261
internal_weight=3009 1890 634 1256 1119 716 129 527 186 1127 424 292 272 114
internal_count=3009 1890 634 1256 1119 716 129 527 186 1127 424 292 272 114
is_linear=0
shrinkage=0.025


Tree=16
num_leaves=15
num_cat=0
split_feature=13 5 14 14 4 13 13 22 32 4 4 8 4 15
split_gain=984.535 236.71 114.951 62.2604 43.7988 35.9914 25.1514 25.299 23.5432 74.7347 141.34 23.0704 25.641 19.2726
threshold=46.500000000000007 13.500000000000002 49.500000000000007 21.500000000000004 10.500000000000002 76.500000000000014 16.500000000000004 12.500000000000002 5.5000000000000009 17.500000000000004 15.500000000000002 14.500000000000002 22.500000000000004 63.500000000000007
decision_type=2 2 2 2 2 2 2 10 10 2 2 2 2 2
left_child=1 3 6 11 -5 13 7 -3 -7 10 -10 -1 -13 -2
right_child=5 2 -4 4 -6 8 -8 -9 9 -11 -12 12 -14 -15
leaf_value=-0.36681762385780775 0.08373390166621926 -0.27416366419661031 1.7308727312638972 -0.38644837767869467 0.14224826828926171 3.6889550133164906 -0.0051376054750419623 0.0046894184038960953 2.9280710968472121 2.3724044496485752 -0.43552975037130004 -0.28320624811489925 0.071779521014228242 0.58236923945313601
leaf_weight=1019 204 125 107 43 86 435 341 61 95 256 72 80 28 57
leaf_count=1019 204 125 107 43 86 435 341 61 95 256 72 80 28 57
internal_value=-0.00208306 -0.0130857 -0.000622047 -0.0193675 -0.00284615 0.0164911 -0.00543561 -0.0128075 0.0189697 0.0146698 0.00160714 -0.02125 -0.0100459 0.00828244
internal_weight=3009 1890 634 1256 129 1119 527 186 858 423 167 1127 108 261
internal_count=3009 1890 634 1256 129 1119 527 186 858 423 167 1127 108 261
is_linear=0
shrinkage=0.025


Tree=17
num_leaves=15
num_cat=0
split_feature=13 5 14 11 11 6 4 4 4 9 4 13 14 14
split_gain=965.809 258.113 103.049 60.6201 40.6284 57.4333 84.0231 78.7535 38.1093 21.2816 23.8576 19.2637 23.6019 17.14
threshold=46.500000000000007 13.500000000000002 49.500000000000007 14.500000000000002 58.500000000000007 1.0000000180025095e-35 21.500000000000004 5.5000000000000009 10.500000000000002 105.50000000000001 10.500000000000002 12.500000000000002 2.5000000000000004 17.500000000000004
decision_type=2 2 2 2 2 2 2 2 2 2 2 2 2 2
left_child=1 3 11 13 5 9 7 -7 -5 10 -2 12 -3 -1
right_child=4 2 -4 8 -6 6 -8 -9 -10 -11 -12 -13 -14 -15
leaf_value=-0.35764718326136258 0.27662674698840528 -0.3452043351813876 1.6876009129822998 -0.39740201198672725 2.24522013150116 1.9270515537526862 1.3038613441542619 -0.41872959509133739 0.00023530443504298228 4.1411651424228557 0.11969895530165103 -0.0053997792723651907 0.0031179733603025287 -0.0022259874429186423
leaf_weight=1029 69 88 107 59 403 76 106 110 146 273 82 382 57 22
leaf_count=1029 69 88 107 59 403 76 106 110 146 273 82 382 57 22
internal_value=-0.00195017 -0.0128477 0.000149606 -0.0194073 0.0164464 0.0128243 0.00424915 -0.00585561 -0.0068932 0.0186941 0.0109868 -0.00439394 -0.0121233 -0.0218346
internal_weight=3009 1890 634 1256 1119 716 292 186 205 424 151 527 145 1051
internal_count=3009 1890 634 1256 1119 716 292 186 205 424 151 527 145 1051
is_linear=0
shrinkage=0.025


Tree=18
num_leaves=15
num_cat=0
split_feature=13 5 14 14 4 11 4 4 1 13 16 8 4 13
split_gain=943.638 256.855 103.114 61.2884 42.9162 40.5511 44.8702 68.366 90.6907 24.8895 34.1563 22.9073 25.641 18.8477
threshold=47.500000000000007 13.500000000000002 49.500000000000007 21.500000000000004 10.500000000000002 85.500000000000014 10.500000000000002 21.500000000000004 1.0000000180025095e-35 61.500000000000007 2.5000000000000004 14.500000000000002 22.500000000000004 12.500000000000002
decision_type=2 2 2 2 2 2 2 2 2 2 2 2 2 2
left_child=1 3 13 11 -5 6 9 8 -8 10 -2 -1 -13 -3
right_child=5 2 -4 4 -6 -7 7 -9 -10 -11 -12 12 -14 -15
leaf_value=-0.34870600367982851 0.1628024420256331 -0.2254256221782942 1.6186083543466123 -0.36685211793705907 0.15284180052487084 2.8640896282136312 1.0619250297518257 0.92724633073934459 -0.41032544074723315 2.7376360138622844 -0.06132684830301649 -0.27613197452290283 0.07892621257040662 -0.0063633133656242798
leaf_weight=1021 38 145 110 43 87 339 178 190 100 243 23 80 28 384
leaf_count=1021 38 145 110 43 87 339 178 190 100 243 23 80 28 384
internal_value=-0.00208306 -0.0127936 0.000109375 -0.0193413 -0.00301527 0.016205 0.0129948 0.00809168 0.00016129 0.0204754 0.00596774 -0.0212124 -0.0100459 -0.0044717
internal_weight=3009 1898 639 1259 130 1111 772 468 278 304 61 1129 108 529
internal_count=3009 1898 639 1259 130 1111 772 468 278 304 61 1129 108 529
is_linear=0
shrinkage=0.025


Tree=19
num_leaves=15
num_cat=0
split_feature=13 5 14 14 13 4 32 4 4 11 6 4 10 13
split_gain=930.766 251.703 92.1688 60.9894 43.8056 42.9162 21.6299 73.3869 141.34 19.5469 19.4831 18.0456 21.4717 17.6433
threshold=47.500000000000007 13.500000000000002 49.500000000000007 21.500000000000004 76.500000000000014 10.500000000000002 5.5000000000000009 17.500000000000004 15.500000000000002 9.5000000000000018 1.0000000180025095e-35 21.500000000000004 53.500000000000007 12.500000000000002
decision_type=2 2 2 2 2 2 10 2 2 2 2 2 2 2
left_child=1 3 13 9 10 -5 -6 8 -8 -1 -2 12 -12 -3
right_child=4 2 -4 5 6 -7 7 -9 -10 -11 11 -13 -14 -15
leaf_value=-0.3399883535878328 0.17198284666528957 -0.21978998162383689 1.5781431454879469 -0.35768081498863258 3.468998393990709 0.14902075551174915 2.7271365754331622 2.2213391204747559 -0.40391513071605334 -0.12579695023685966 -0.14905950278447966 0.18385390036123539 0.14867121166581151 -0.006204230531483646
leaf_weight=1017 147 145 110 43 435 87 95 256 72 112 52 35 19 384
leaf_count=1017 147 145 110 43 435 87 95 256 72 112 52 35 19 384
internal_value=-0.00218272 -0.0128199 -3.125e-05 -0.0193016 0.0159802 -0.00301527 0.0186787 0.0145519 0.00160714 -0.0211681 0.00677165 -0.00135514 -0.00861111 -0.00437736
internal_weight=3009 1898 639 1259 1111 130 858 423 167 1129 253 106 71 529
internal_count=3009 1898 639 1259 1111 130 858 423 167 1129 253 106 71 529
is_linear=0
shrinkage=0.025


Tree=20
num_leaves=15
num_cat=0
split_feature=13 14 13 4 13 4 6 10 11 4 10 4 4 6
split_gain=901.237 210.693 150.323 86.6279 48.6985 33.3984 26.6992 40.1144 26.5582 25.1217 23.9362 21.594 30.4009 20.3946
threshold=47.500000000000007 24.500000000000004 13.500000000000002 10.500000000000002 106.50000000000001 23.500000000000004 1.0000000180025095e-35 53.500000000000007 7.5000000000000009 10.500000000000002 74.500000000000014 23.500000000000004 13.500000000000002 8.5000000000000018
decision_type=2 2 2 2 2 2 2 2 2 2 2 2 2 2
left_child=1 2 8 -3 5 6 9 -8 -1 -2 -5 12 -4 -6
right_child=4 3 11 10 13 -7 7 -9 -10 -11 -12 -13 -14 -15
leaf_value=-0.331488644748137 0.26134144609642224 -0.34873879461391677 -0.0045599822589290186 0.077353985777145348 3.8572734341409416 0.69352886578679418 -0.099353419733076723 0.41318649501094279 -0.11859824671076957 0.063637390982519734 2.2317063362171976 0.079144671856715837 -0.27552804985784102 2.2555512401205102
leaf_weight=1039 74 56 231 140 411 107 89 50 125 69 94 95 118 311
leaf_count=1039 74 56 231 140 411 107 89 50 125 69 94 95 118 311
internal_value=-0.00243189 -0.0128989 -0.0164357 0.00668385 0.0154406 0.00825641 0.00369258 -0.00407143 -0.0211545 0.01125 0.013383 -0.00403371 -0.00691429 0.0192877
internal_weight=3009 1898 1608 290 1111 389 282 139 1164 143 234 444 349 722
internal_count=3009 1898 1608 290 1111 389 282 139 1164 143 234 444 349 722
is_linear=0
shrinkage=0.025


Tree=21
num_leaves=15
num_cat=0
split_feature=13 5 14 14 13 4 4 32 14 29 32 4 4 8
split_gain=881.049 247.572 88.2039 54.1847 46.8693 39.7564 33.3984 26.0437 27.7421 23.3121 21.6444 52.7302 121.701 19.4555
threshold=47.500000000000007 13.500000000000002 49.500000000000007 21.500000000000004 106.50000000000001 10.500000000000002 23.500000000000004 22.500000000000004 46.500000000000007 248.50000000000003 5.5000000000000009 17.500000000000004 15.500000000000002 14.500000000000002
decision_type=2 2 2 2 2 2 2 10 2 10 10 2 2 2
left_child=1 3 -3 9 6 -5 7 -2 -9 13 -6 12 -12 -1
right_child=4 2 -4 5 10 -7 -8 8 -10 -11 11 -13 -14 -15
leaf_value=-0.32320142862943357 0.15480790994401161 -0.012228654390823124 1.4879722103500896 -0.34002032474856886 3.945204879620559 0.1433613869795268 0.67619064414212426 -0.36818261384441442 0.46194703690839661 0.0017985713705664708 2.8718355596036469 2.7841108872954088 -0.4537952168605407 -0.22749930832829129
leaf_weight=1006 199 529 110 43 381 87 107 55 28 25 82 200 59 98
leaf_count=1006 199 529 110 43 381 87 107 55 28 25 82 200 59 98
internal_value=-0.00236545 -0.0127146 -3.125e-05 -0.0191429 0.0153058 -0.00377863 0.00825641 0.00369258 -0.00797619 -0.0209027 0.0190802 0.014386 0.00260563 -0.0214434
internal_weight=3009 1898 639 1259 1111 130 389 282 83 1129 722 341 141 1104
internal_count=3009 1898 639 1259 1111 130 389 282 83 1129 722 341 141 1104
is_linear=0
shrinkage=0.025


Tree=22
num_leaves=15
num_cat=0
split_feature=13 5 14 14 6 6 4 4 4 8 4 8 13 14
split_gain=881.533 246.572 88.1975 52.0221 50.7227 70.8848 48.3835 143.779 36.6272 26.3042 26.3113 17.8999 17.867 15.9889
threshold=47.500000000000007 13.500000000000002 68.500000000000014 11.500000000000002 1.0000000180025095e-35 55.500000000000007 17.500000000000004 15.500000000000002 10.500000000000002 9.5000000000000018 22.500000000000004 67.500000000000014 103.50000000000001 17.500000000000004
decision_type=2 2 2 2 2 2 2 2 2 2 2 2 2 2
left_child=1 3 13 9 12 -6 7 -7 -5 -1 -11 -10 -2 -3
right_child=4 2 -4 8 5 6 -8 -9 11 10 -12 -13 -14 -15
leaf_value=-0.31512139291369773 0.30980400003571024 -0.024649093636884611 1.9248963621032933 -0.35213466037985464 -0.056178387078838557 2.5478550154114967 1.9773658635978721 -0.43294924150897096 -0.031111203901772289 -0.32222129224672397 0.031859150887128783 1.4618989775293174 3.6636511496873809 0.022149217420978931
leaf_weight=979 225 454 88 57 99 122 182 70 99 49 41 34 413 97
leaf_count=979 225 454 88 57 99 122 182 70 99 49 41 34 413 97
internal_value=-0.00241528 -0.0127672 -0.000109375 -0.0191825 0.0152608 0.00900844 0.0139867 0.00515544 -0.00704188 -0.0213271 -0.00818681 0.000149254 0.019867 -0.00384058
internal_weight=3009 1898 639 1259 1111 473 374 192 190 1069 90 133 638 551
internal_count=3009 1898 639 1259 1111 473 374 192 190 1069 90 133 638 551
is_linear=0
shrinkage=0.025


Tree=23
num_leaves=15
num_cat=0
split_feature=9 13 14 4 6 14 4 4 8 10 28 9 8 4
split_gain=869.796 200.946 146.102 75.7696 42.1475 53.7967 84.9146 70.7502 37.8859 26.7367 24.7685 21.032 18.6905 21.0411
threshold=49.500000000000007 13.500000000000002 12.500000000000002 10.500000000000002 1.0000000180025095e-35 57.500000000000007 22.500000000000004 15.500000000000002 70.500000000000014 36.500000000000007 6.5000000000000009 159.50000000000003 15.500000000000002 19.500000000000004
decision_type=2 2 2 2 2 2 2 2 2 2 10 2 2 2
left_child=1 2 12 -4 11 6 7 -6 10 -5 -3 -2 -1 -14
right_child=4 8 3 9 5 -7 -8 -9 -10 -11 -12 -13 13 -15
leaf_value=-0.30724335809085529 0.6472843157118997 -0.1395975914312087 -0.34333129387035827 -0.012955505248141198 1.6614622229871534 2.4670771156689413 1.3659621677879714 -0.42212551047124669 1.1454923083780457 1.1993777299451136 -0.0068073878054814687 7.495816917079738 -0.33916575994055587 0.041186605246300273
leaf_weight=1025 386 102 58 75 71 124 98 95 77 89 452 284 35 38
leaf_count=1025 386 102 58 75 71 124 98 95 77 89 452 284 35 38
internal_value=-0.00238206 -0.0122797 -0.0178236 0.000650224 0.0158593 0.00924165 0.00281132 -0.00805389 -0.000664557 0.00936364 -0.00296396 0.0196647 -0.0215605 -0.00905405
internal_weight=3009 1951 1320 222 1058 388 264 166 631 164 554 670 1098 73
internal_count=3009 1951 1320 222 1058 388 264 166 631 164 554 670 1098 73
is_linear=0
shrinkage=0.025


Tree=24
num_leaves=15
num_cat=0
split_feature=9 13 14 5 6 14 14 28 6 32 9 11 40 36
split_gain=839.633 192.951 144.426 46.9006 40.7821 51.6555 34.9605 22.558 21.9001 23.2855 20.6134 19.9861 16.1945 15.7951
threshold=49.500000000000007 12.500000000000002 11.500000000000002 7.5000000000000009 1.0000000180025095e-35 57.500000000000007 68.500000000000014 14.500000000000002 55.500000000000007 13.500000000000002 159.50000000000003 4.5000000000000009 5.5000000000000009 1028.0000000000002
decision_type=2 2 2 2 2 2 2 10 2 10 2 2 10 10
left_child=1 2 11 12 10 8 7 -3 -6 -10 -2 -1 -4 -9
right_child=4 6 3 -5 5 -7 -8 13 9 -11 -12 -13 -14 -15
leaf_value=-0.29956227413858388 0.6311022078191022 -0.065142200069448306 0.1174665827385506 0.49854966370785142 -0.11417101839486579 2.405400187777218 1.2363415284277453 0.00053140988224154029 1.9394307096520216 0.37856646031703889 7.3084214941527454 -0.15705054534120952 -0.31413316777359929 -0.020745441217778195
leaf_weight=979 386 154 19 102 72 124 60 406 51 141 284 96 106 29
leaf_count=979 386 154 19 102 72 124 60 406 51 141 284 96 106 29
internal_value=-0.002299 -0.0120236 -0.017571 0.000526316 0.0156232 0.00911311 -0.000876923 -0.00274576 0.00281132 0.00722798 0.0193666 -0.0213941 -0.00968254 0.00016055
internal_weight=3009 1951 1302 227 1058 388 649 589 264 192 670 1075 125 435
internal_count=3009 1951 1302 227 1058 388 649 589 264 192 670 1075 125 435
is_linear=0
shrinkage=0.025


Tree=25
num_leaves=15
num_cat=0
split_feature=9 11 9 4 6 14 4 4 10 14 5 20 8 6
split_gain=799.967 179.937 135.876 85.857 43.9365 52.9479 84.8875 65.0775 33.2193 25.2793 22.3537 21.7863 20.0615 19.8262
threshold=49.500000000000007 22.500000000000004 10.500000000000002 10.500000000000002 1.0000000180025095e-35 81.500000000000014 22.500000000000004 5.5000000000000009 80.500000000000014 11.500000000000002 84.500000000000014 16.500000000000004 7.5000000000000009 21.500000000000004
decision_type=2 2 2 2 2 2 2 2 2 2 2 10 2 2
left_child=1 2 9 -3 10 6 7 -6 11 13 -2 -5 -11 -1
right_child=4 3 -4 8 5 -7 -8 -9 -10 12 -12 -13 -14 -15
leaf_value=-0.29207321728511931 0.24686210981032702 -0.30627983857925933 -0.011149811242049524 -0.044632430331605646 1.6104615059045486 2.8020313626421141 1.2717291435428386 -0.41958695141386926 1.6214380037808453 0.072905983756741219 2.5271313385726244 0.15293780205459764 -0.24506861675844382 -0.31583884228511927
leaf_weight=962 177 81 485 92 69 109 100 110 94 26 493 92 54 65
leaf_count=962 177 81 485 92 69 109 100 110 94 26 493 92 54 65
internal_value=-0.00253156 -0.0120236 -0.0156277 0.00394444 0.0149622 0.00821337 0.00239286 -0.00788889 0.0105556 -0.0204603 0.018845 0.0042973 -0.0067284 -0.0215175
internal_weight=3009 1951 1592 359 1058 388 279 179 278 1107 670 184 80 1027
internal_count=3009 1951 1592 359 1058 388 279 179 278 1107 670 184 80 1027
is_linear=0
shrinkage=0.025


Tree=26
num_leaves=15
num_cat=0
split_feature=13 5 14 13 14 4 6 4 31 4 4 4 13 14
split_gain=805.718 228.237 89.2959 58.7953 55.2341 40.0378 37.1191 29.455 27.2417 21.7931 61.6925 117.282 20.1686 31.5752
threshold=48.500000000000007 10.500000000000002 81.500000000000014 98.500000000000014 11.500000000000002 10.500000000000002 1.0000000180025095e-35 23.500000000000004 127.50000000000001 11.500000000000002 17.500000000000004 15.500000000000002 12.500000000000002 12.500000000000002
decision_type=2 2 2 2 2 2 2 2 10 2 2 2 2 2
left_child=1 4 12 6 8 -6 -2 -8 -1 -5 11 -11 13 -3
right_child=3 2 -4 9 5 -7 7 -9 -10 10 -12 -13 -14 -15
leaf_value=-0.2847713868529913 0.24069055706506878 -0.22718854492149668 2.0706254242171318 3.4252143990167343 -0.31923768636477784 0.0074794881448484677 -0.11307793249061762 0.34835239045607058 0.014964023637873858 2.5124995021761172 2.1789670744770882 -0.42004795536210093 -0.0063717430763492906 0.0156919619616263
leaf_weight=988 187 134 78 267 57 131 104 21 32 115 318 65 440 72
leaf_count=988 187 134 78 267 57 131 104 21 32 115 318 65 440 72
internal_value=-0.00254817 -0.0122064 -0.00109655 0.0147681 -0.0188544 -0.00632275 0.00557508 -0.00492063 -0.0211508 0.0184987 0.0153206 0.00356354 -0.00416538 -0.0106039
internal_weight=3009 1932 724 1077 1208 188 312 125 1020 765 498 180 646 206
internal_count=3009 1932 724 1077 1208 188 312 125 1020 765 498 180 646 206
is_linear=0
shrinkage=0.025


Tree=27
num_leaves=15
num_cat=0
split_feature=13 5 14 13 14 4 6 31 4 4 4 4 13 14
split_gain=784.889 220.618 87.1302 56.0205 54.8673 40.0378 38.6344 27.1242 25.3996 24.104 51.9895 122.549 18.3977 31.5752
threshold=50.500000000000007 10.500000000000002 81.500000000000014 98.500000000000014 11.500000000000002 10.500000000000002 1.0000000180025095e-35 127.50000000000001 23.500000000000004 10.500000000000002 17.500000000000004 15.500000000000002 12.500000000000002 12.500000000000002
decision_type=2 2 2 2 2 2 2 10 2 2 2 2 2 2
left_child=1 4 12 6 7 -6 -2 -1 -8 -5 11 -11 13 -3
right_child=3 2 -4 9 5 -7 8 -9 -10 10 -12 -13 -14 -15
leaf_value=-0.27765210218166653 0.27465773360575557 -0.22150883129845927 2.0188597886117039 3.6031438023473541 -0.31125674420565841 0.0072925009412272424 -0.11025098417835216 0.01458992304692699 0.33964358069466877 2.4964481334947859 2.1244928976151609 -0.40954675647804839 -0.0056391528398933135 0.015299662912585622
leaf_weight=988 174 134 78 240 57 131 104 32 21 142 318 65 453 72
leaf_count=988 174 134 78 240 57 131 104 32 21 142 318 65 453 72
internal_value=-0.00279734 -0.0122405 -0.00144986 0.0144554 -0.0188131 -0.00632275 0.00523333 -0.0211019 -0.00531746 0.0180418 0.014962 0.00514423 -0.00442424 -0.0106039
internal_weight=3009 1945 737 1064 1208 188 299 1020 125 765 525 207 659 206
internal_count=3009 1945 737 1064 1208 188 299 1020 125 765 525 207 659 206
is_linear=0
shrinkage=0.025


Tree=28
num_leaves=15
num_cat=0
split_feature=13 5 14 13 14 6 4 31 4 4 4 4 8 13
split_gain=773.367 216.431 87.1302 54.8787 54.6143 38.6344 35.8433 26.7008 25.3996 23.5398 53.572 120.477 18.7389 18.3977
threshold=50.500000000000007 10.500000000000002 81.500000000000014 98.500000000000014 7.5000000000000009 1.0000000180025095e-35 10.500000000000002 127.50000000000001 23.500000000000004 10.500000000000002 17.500000000000004 15.500000000000002 67.500000000000014 12.500000000000002
decision_type=2 2 2 2 2 2 2 10 2 2 2 2 2 2
left_child=1 4 13 5 7 -2 -6 -1 -7 -5 11 -11 -8 -3
right_child=3 2 -4 9 6 8 12 -9 -10 10 -12 -13 -14 -15
leaf_value=-0.27071079962712485 0.2677912902656116 -0.14163982788246818 1.9683882938964112 3.5130652072886708 -0.30347532560051693 -0.1074947095738934 -0.040361319857348171 0.014239659734395272 0.33115249117730206 2.4340369301574167 2.071380575174782 -0.3993080875660972 1.3780160119118499 -0.0054981740188959627
leaf_weight=971 174 206 78 240 57 104 117 29 21 142 318 65 34 453
leaf_count=971 174 206 78 240 57 104 117 29 21 142 318 65 34 453
internal_value=-0.00276412 -0.0121377 -0.00144986 0.0143615 -0.0186476 0.00523333 -0.00691388 -0.0210739 -0.00531746 0.0179112 0.0148669 0.00490385 -0.000460526 -0.00442424
internal_weight=3009 1945 737 1064 1208 299 208 1000 125 765 525 207 151 659
internal_count=3009 1945 737 1064 1208 299 208 1000 125 765 525 207 151 659
is_linear=0
shrinkage=0.025


Tree=29
num_leaves=15
num_cat=0
split_feature=13 5 14 13 14 6 4 31 4 4 4 4 10 15
split_gain=752.313 213.982 86.6549 53.1582 53.1082 37.9124 37.86 28.7727 22.9178 49.8839 115.441 20.8222 23.9663 17.5813
threshold=50.500000000000007 10.500000000000002 81.500000000000014 106.50000000000001 9.5000000000000018 1.0000000180025095e-35 10.500000000000002 127.50000000000001 10.500000000000002 17.500000000000004 15.500000000000002 23.500000000000004 53.500000000000007 47.000000000000007
decision_type=2 2 2 2 2 2 2 10 2 2 2 2 2 2
left_child=1 4 13 5 7 -2 -6 -1 -5 10 -10 12 -7 -3
right_child=3 2 -4 8 6 11 -8 -9 9 -11 -12 -13 -14 -15
leaf_value=-0.26394302963644672 0.29258623905640174 -0.018197899479016313 1.919178586549001 3.6887983404124913 -0.29588844246050394 -0.30655360746525517 0.0046136834081627496 0.01400872061378209 2.4351376246050873 2.2588629827140205 -0.39029611347285498 0.32440514072089055 0.22504142870492405 0.17343060181669739
leaf_weight=979 198 594 78 235 57 72 142 30 137 288 62 23 49 65
leaf_count=979 198 594 78 235 57 72 142 30 137 288 62 23 49 65
internal_value=-0.00276412 -0.0120092 -0.00138211 0.0141268 -0.0184822 0.0059621 -0.0066 -0.0208119 0.0179737 0.0147951 0.0051 -0.00375862 -0.00795082 -0.00434848
internal_weight=3009 1945 737 1064 1208 342 199 1009 722 487 199 144 121 659
internal_count=3009 1945 737 1064 1208 342 199 1009 722 487 199 144 121 659
is_linear=0
shrinkage=0.025


Tree=30
num_leaves=15
num_cat=0
split_feature=13 5 14 11 6 4 14 4 4 4 33 31 15 13
split_gain=738.861 213.982 86.6549 53.8854 71.0423 63.2182 53.1082 50.5719 37.86 32.6661 32.7657 28.7727 17.5813 20.6858
threshold=50.500000000000007 10.500000000000002 81.500000000000014 103.50000000000001 1.0000000180025095e-35 22.500000000000004 9.5000000000000018 15.500000000000002 10.500000000000002 10.500000000000002 0.77707268514255612 127.50000000000001 47.000000000000007 12.500000000000002
decision_type=2 2 2 2 2 2 2 2 2 2 2 10 2 2
left_child=1 6 12 4 9 7 11 -6 -8 -2 -11 -1 13 -3
right_child=3 2 -4 -5 5 -7 8 -9 -10 10 -12 -13 -14 -15
leaf_value=-0.25734445389553556 0.79492342680051531 -0.15678705740417997 1.8711991218852759 2.9439577355918383 1.2144444245303032 1.0261822314374653 -0.28849123139899135 -0.3698452800671217 0.004498341322958766 0.1629454588364892 2.3308323325862284 0.013658502598437528 0.16909483677127995 -0.0067823779428762172
leaf_weight=979 203 178 78 293 83 98 57 129 142 158 100 30 65 416
leaf_count=979 203 178 78 293 83 98 57 129 142 158 100 30 65 416
internal_value=-0.00284718 -0.0120092 -0.00138211 0.013892 0.0103886 0.00110932 -0.0184822 -0.0065493 -0.0066 0.0166017 0.0105985 -0.0208119 -0.00434848 -0.00570588
internal_weight=3009 1945 737 1064 771 310 1208 212 199 461 258 1009 659 594
internal_count=3009 1945 737 1064 771 310 1208 212 199 461 258 1009 659 594
is_linear=0
shrinkage=0.025


Tree=31
num_leaves=15
num_cat=0
split_feature=13 5 14 11 4 14 4 1 4 31 16 13 2 28
split_gain=722.879 213.982 82.2791 55.2344 62.8759 53.1082 42.5195 66.6731 37.86 28.7727 24.9111 41.9521 22.3147 17.4718
threshold=50.500000000000007 10.500000000000002 81.500000000000014 103.50000000000001 10.500000000000002 9.5000000000000018 22.500000000000004 1.0000000180025095e-35 10.500000000000002 127.50000000000001 24.500000000000004 99.500000000000014 -0.56174490092936669 15.500000000000002
decision_type=2 2 2 2 2 2 2 2 2 10 2 2 2 10
left_child=1 5 13 4 10 9 7 -6 -7 -1 -2 -12 -8 -3
right_child=3 2 -4 -5 6 8 12 -9 -10 -11 11 -13 -14 -15
leaf_value=-0.25091084254814716 0.92070460869387105 -0.07098717381332012 1.8244191438381443 2.8703587922020422 0.53588740835127702 -0.28127895061401659 1.0661559636966673 -0.3607099518369164 0.0043858827898848318 0.013317040033476602 -0.14853911292255181 3.5751502926029839 0.1705044083171619 -0.0082546587430964991
leaf_weight=979 213 168 78 293 178 57 98 124 142 30 24 38 96 491
leaf_count=979 213 168 78 293 178 57 98 124 142 30 24 38 96 491
internal_value=-0.00294684 -0.0120092 -0.00138211 0.0136103 0.0100648 -0.0184822 0.00471831 -0.00113861 -0.0066 -0.0208119 0.0196377 0.00547619 0.0138205 -0.00427273
internal_weight=3009 1945 737 1064 771 1208 496 302 199 1009 275 62 194 659
internal_count=3009 1945 737 1064 771 1208 496 302 199 1009 275 62 194 659
is_linear=0
shrinkage=0.025


Tree=32
num_leaves=15
num_cat=0
split_feature=13 14 13 13 4 11 6 17 4 11 1 4 35 10
split_gain=700.218 170.745 101.899 99.7069 73.5342 37.4689 35.519 34.6492 26.9849 48.1797 26.9985 26.6584 24.0395 23.5411
threshold=34.500000000000007 24.500000000000004 99.500000000000014 9.5000000000000018 10.500000000000002 4.5000000000000009 1.0000000180025095e-35 0.66074591635576241 10.500000000000002 95.500000000000014 1.0000000180025095e-35 17.500000000000004 3.5000000000000004 80.500000000000014
decision_type=2 2 2 2 2 2 2 2 2 2 2 2 10 2
left_child=1 3 6 5 -3 -1 7 -2 -4 10 -10 -8 -7 -6
right_child=2 4 8 -5 13 12 11 -9 9 -11 -12 -13 -14 -15
leaf_value=-0.24463807148444344 -0.009070544530994696 -0.25363213309866622 3.4857715352879093 -0.019638071484443433 0.041190859746171073 -0.23262408965450218 -0.1452203230871966 0.097068539012650223 1.2824298452048244 3.0634164535732546 -0.11224164910935173 0.057221628492227075 0.0070368844683478928 1.7310548339431464
leaf_weight=938 40 46 238 379 111 62 127 282 169 220 128 100 79 90
leaf_count=938 40 46 238 379 111 62 127 282 169 220 128 100 79 90
internal_value=-0.00271429 -0.0132591 0.011069 -0.0165147 0.00592742 -0.0203889 0.00285455 0.00818885 0.0170238 0.0137452 0.00711409 -0.00469298 -0.00823944 0.0124752
internal_weight=3009 1705 1304 1458 247 1079 549 322 755 517 297 227 141 201
internal_count=3009 1705 1304 1458 247 1079 549 322 755 517 297 227 141 201
is_linear=0
shrinkage=0.025


Tree=33
num_leaves=15
num_cat=0
split_feature=13 5 14 13 14 31 6 12 6 14 11 13 14 9
split_gain=692.121 203.464 83.2067 59.2356 50.5309 28.9047 27.9897 26.9891 20.5992 37.4462 17.6551 16.9829 33.4116 18.2198
threshold=50.500000000000007 10.500000000000002 81.500000000000014 115.50000000000001 9.5000000000000018 124.50000000000001 1.0000000180025095e-35 5.5000000000000009 8.5000000000000018 68.500000000000014 86.500000000000014 12.500000000000002 10.500000000000002 41.500000000000007
decision_type=2 2 2 2 2 10 2 2 2 2 2 2 2 2
left_child=1 4 11 6 5 -1 10 -6 -5 -10 -2 12 -3 -13
right_child=3 2 -4 8 7 -7 -8 -9 9 -11 -12 13 -14 -15
leaf_value=-0.23852211969733236 0.12066277995643714 -0.21754961667580741 1.735532294393612 3.0305662197974135 0.25624828510637293 0.0028033667076469817 -0.061861722211624941 -0.22574436127819678 1.0396942255916493 2.8236813229049549 1.0295650785295285 0.0024627378350255747 0.018285847014382472 -0.0093757021952203708
leaf_weight=970 169 128 78 392 37 39 163 162 163 129 48 325 78 128
leaf_count=970 169 128 78 392 37 39 163 162 163 129 48 325 78 128
internal_value=-0.00301329 -0.0118808 -0.00151762 0.0131878 -0.0181927 -0.0204653 0.00523622 -0.0066 0.0175839 0.0124403 0.0111009 -0.00442424 -0.0103623 -0.00169604
internal_weight=3009 1945 737 1064 1208 1009 380 199 684 292 217 659 206 453
internal_count=3009 1945 737 1064 1208 1009 380 199 684 292 217 659 206 453
is_linear=0
shrinkage=0.025


Tree=34
num_leaves=15
num_cat=0
split_feature=9 13 14 4 11 4 4 13 22 11 4 14 11 2
split_gain=666.982 166.414 143.154 70.2519 56.4945 51.4561 92.0831 47.0635 30.4683 28.1128 27.2557 26.3896 20.6173 17.3048
threshold=50.500000000000007 12.500000000000002 7.5000000000000009 10.500000000000002 103.50000000000001 14.500000000000002 17.500000000000004 115.50000000000001 309.00000000000006 4.5000000000000009 23.500000000000004 55.500000000000007 4.5000000000000009 1.0000000180025095e-35
decision_type=2 2 2 2 2 2 2 2 10 2 2 2 2 2
left_child=1 2 12 -4 5 7 13 -2 10 -8 -3 -5 -1 -7
right_child=4 8 3 11 -6 6 9 -9 -10 -11 -12 -13 -14 -15
leaf_value=-0.23255906670489904 0.079936261019664917 -0.0091413096403398352 -0.26226256448924462 0.0010993597283686985 2.646250255562725 -0.37498932122452366 0.96083933825057954 5.0009779848434865 0.71010554077889898 0.050014239137884435 0.08022162698386151 0.96291215782590855 -0.11410104534921223 0.23927114263535501
leaf_weight=977 145 514 58 120 297 73 121 257 40 135 105 70 79 18
leaf_count=977 145 514 58 120 297 73 121 257 40 135 105 70 79 18
internal_value=-0.00312957 -0.011721 -0.0168927 0.000180723 0.0129847 0.00929333 0.00221264 0.0153722 -0.0014697 0.00990272 -0.00285484 0.00756545 -0.0209035 -0.0192391
internal_weight=3009 1963 1304 248 1046 749 347 402 659 256 619 190 1056 91
internal_count=3009 1963 1304 248 1046 749 347 402 659 256 619 190 1056 91
is_linear=0
shrinkage=0.025


Tree=35
num_leaves=15
num_cat=0
split_feature=9 11 13 4 11 4 4 13 10 11 14 2 19 4
split_gain=668.528 160.126 146.445 76.9079 57.0866 50.488 92.0831 46.0433 44.5384 28.1128 21.1277 17.3048 16.2511 14.8697
threshold=50.500000000000007 7.5000000000000009 10.500000000000002 10.500000000000002 103.50000000000001 14.500000000000002 17.500000000000004 115.50000000000001 80.500000000000014 4.5000000000000009 7.5000000000000009 1.0000000180025095e-35 21.500000000000004 23.500000000000004
decision_type=2 2 2 2 2 2 2 2 2 2 2 2 10 2
left_child=1 2 10 -3 5 7 11 -2 12 -8 -1 -7 -5 -4
right_child=4 3 13 8 -6 6 9 -9 -10 -11 -12 -13 -14 -15
leaf_value=-0.22674509003727655 0.077937854494173217 -0.23509115662701352 -0.0089127768993312994 -0.052511458059789184 2.5800939991736569 -0.36561458819391057 0.93681835479431508 4.8759535352223997 1.17905964093392 0.048763883159437339 -0.00030106063747359357 0.23328936406947121 0.042814827319889483 0.02948562165749884
leaf_weight=968 145 101 386 177 297 73 121 257 94 135 28 18 145 64
leaf_count=968 145 101 386 177 297 73 121 257 94 135 28 18 145 64
internal_value=-0.00319601 -0.0117974 -0.0160643 0.000135135 0.012937 0.00922667 0.00221264 0.0152481 0.00490408 0.00990272 -0.0214092 -0.0192391 0.000448916 -0.00420177
internal_weight=3009 1963 1446 517 1046 749 347 402 416 256 996 91 322 450
internal_count=3009 1963 1446 517 1046 749 347 402 416 256 996 91 322 450
is_linear=0
shrinkage=0.025


Tree=36
num_leaves=15
num_cat=0
split_feature=9 13 11 4 11 9 11 11 4 4 4 4 13 4
split_gain=633.552 164.299 140.404 67.0811 63.1744 49.3201 27.0118 25.0085 24.3179 44.0766 23.0762 42.8688 28.4467 17.3664
threshold=50.500000000000007 10.500000000000002 6.5000000000000009 10.500000000000002 103.50000000000001 277.50000000000006 61.000000000000007 56.500000000000007 15.500000000000002 22.500000000000004 10.500000000000002 17.500000000000004 119.50000000000001 23.500000000000004
decision_type=2 2 2 2 2 2 2 2 2 2 2 2 2 2
left_child=1 2 -1 -4 5 10 -5 13 -7 -10 12 -12 -2 -3
right_child=4 7 3 6 -6 8 -8 -9 9 -11 11 -13 -14 -15
leaf_value=-0.22107646278634463 0.032138805299005924 -0.0089202503399825172 -0.24982872146133814 -0.017444772755976334 2.5155916491943153 9.0846306921973348 1.1094158300631818 0.77712486446183149 -0.3644886094495024 11.760812626142005 -0.33578281723906295 0.22435568621617163 0.75071160326427311 0.036866651068948909
leaf_weight=989 109 510 62 137 297 141 73 78 20 28 149 228 74 114
leaf_count=989 109 510 62 137 297 141 73 78 20 28 149 228 74 114
internal_value=-0.00324585 -0.0116191 -0.0170127 -0.00108059 0.0124594 0.00856 0.00566351 -0.00191323 0.0195789 0.00397959 0.00480392 0.00124339 0.0120652 -0.003592
internal_weight=3009 1963 1261 272 1046 749 210 702 189 48 560 377 183 624
internal_count=3009 1963 1261 272 1046 749 210 702 189 48 560 377 183 624
is_linear=0
shrinkage=0.025


Tree=37
num_leaves=15
num_cat=0
split_feature=9 13 14 9 4 8 14 14 4 6 8 4 4 6
split_gain=605.398 181.556 135.663 66.5302 66.4064 33.255 27.3141 25.6684 24.5904 33.9719 23.6944 29.0955 20.1884 18.3908
threshold=50.500000000000007 9.5000000000000018 7.5000000000000009 175.50000000000003 10.500000000000002 102.50000000000001 55.500000000000007 126.50000000000001 23.500000000000004 2.5000000000000004 7.5000000000000009 25.500000000000004 23.500000000000004 1.0000000180025095e-35
decision_type=2 2 2 2 2 2 2 2 2 2 2 2 2 2
left_child=1 2 10 5 -4 8 -6 12 9 -2 -1 -12 13 -3
right_child=3 7 4 -5 6 -7 -8 -9 -10 -11 11 -13 -14 -15
leaf_value=-0.21554955121668604 0.13111635386242818 -0.0013645234884917202 -0.24358300342480468 4.8999244053786306 -0.0076774417960767671 0.80160875323898562 0.90574151897758215 2.2400402379616806 0.37149124288968527 -0.1514289531480989 -0.24667389302014409 0.062597373344179724 0.055823030328479288 -0.091687965662868631
leaf_weight=901 227 333 57 443 114 112 68 33 129 135 63 28 123 243
leaf_count=901 227 333 57 443 114 112 68 33 129 135 63 28 123 243
internal_value=-0.0031794 -0.0113646 -0.017224 0.0121729 -0.000291667 0.00673841 0.0070765 -0.00149386 0.00390244 0.00053719 -0.0212941 -0.00891304 -0.00252857 -0.0044974
internal_weight=3009 1963 1231 1046 239 603 182 732 491 362 992 91 699 576
internal_count=3009 1963 1231 1046 239 603 182 732 491 362 992 91 699 576
is_linear=0
shrinkage=0.025


Tree=38
num_leaves=15
num_cat=0
split_feature=13 5 13 14 11 11 4 4 4 14 2 6 10 32
split_gain=602.682 165.134 101.771 78.3058 53.0127 51.9647 36.1387 31.9018 30.031 21.9904 18.7693 18.3415 17.7877 15.703
threshold=34.500000000000007 9.5000000000000018 175.50000000000003 80.500000000000014 6.5000000000000009 106.00000000000001 10.500000000000002 23.500000000000004 10.500000000000002 9.5000000000000018 -0.56174490092936669 1.0000000180025095e-35 55.500000000000007 23.500000000000004
decision_type=2 2 2 2 2 2 2 2 2 2 2 2 2 10
left_child=1 4 5 11 9 7 -6 8 -2 -1 -9 -3 -8 -4
right_child=2 3 13 -5 6 -7 12 10 -10 -11 -12 -13 -14 -15
leaf_value=-0.21016081243626888 0.023639227369839411 -0.0077930482726261026 5.397608562034435 1.3589839291308938 -0.23749342833918458 0.78209433310992693 -0.029046901708239228 0.52648155596681223 -0.13186530796157214 0.0077064058784831468 0.098250772182020898 -0.13883495375318056 1.0590368963371626 3.1014456584756909
leaf_weight=911 262 314 258 83 60 116 142 81 324 20 78 156 19 185
leaf_count=911 262 314 258 83 60 116 142 81 324 20 78 156 19 185
internal_value=-0.00321262 -0.0129953 0.00957471 -0.0017509 -0.0183825 0.00454756 -0.0072973 0.00210456 -0.000587734 -0.0209979 0.012 -0.00572187 -0.00104938 0.0193018
internal_weight=3009 1705 1304 553 1152 861 221 745 586 931 159 470 161 443
internal_count=3009 1705 1304 553 1152 861 221 745 586 931 159 470 161 443
is_linear=0
shrinkage=0.025


Tree=39
num_leaves=15
num_cat=0
split_feature=9 13 11 9 4 11 10 14 4 4 14 4 4 2
split_gain=592.043 182.495 133.942 65.6119 64.6018 42.9376 32.8017 25.6684 18.45 18.4506 17.8234 16.8132 32.6822 19.684
threshold=50.500000000000007 9.5000000000000018 6.5000000000000009 175.50000000000003 10.500000000000002 86.500000000000014 63.500000000000007 126.50000000000001 23.500000000000004 15.500000000000002 9.5000000000000018 23.500000000000004 10.500000000000002 -0.56174490092936669
decision_type=2 2 2 2 2 2 2 2 2 2 2 2 2 2
left_child=1 2 10 5 -4 11 -6 8 9 -3 -1 12 -2 -13
right_child=3 7 4 -5 6 -7 -8 -9 -10 -11 -12 13 -14 -15
leaf_value=-0.20490679212536214 0.12121505444844907 -0.0019213910855254924 -0.23155609263070495 4.6424860811933035 -0.012421548412471672 0.70462157788055713 1.0787851524156775 2.1500646337843663 0.042332149816885691 -0.1495894921442564 0.0058520250951176857 0.56424664945165692 -0.16655407550631623 -0.063061639547123613
leaf_weight=943 152 388 62 443 151 152 54 33 123 188 21 67 190 42
leaf_count=943 152 388 62 443 151 152 54 33 123 188 21 67 190 42
internal_value=-0.00329568 -0.01139 -0.0172646 0.0118863 -0.00156716 0.00649007 0.00519417 -0.00149386 -0.00252857 -0.00441075 -0.021601 0.0025885 -0.000131195 0.0110909
internal_weight=3009 1963 1231 1046 267 603 205 732 699 576 964 451 342 109
internal_count=3009 1963 1231 1046 267 603 205 732 699 576 964 451 342 109
is_linear=0
shrinkage=0.025


Tree=40
num_leaves=15
num_cat=0
split_feature=9 13 11 4 5 11 10 11 4 4 14 10 4 4
split_gain=573.093 180.47 122.031 66.5168 65.3479 39.915 32.8786 27.8474 17.4257 109.278 16.4311 16.2961 16.1649 33.2524
threshold=50.500000000000007 8.5000000000000018 6.5000000000000009 10.500000000000002 135.50000000000003 86.500000000000014 80.500000000000014 23.500000000000004 15.500000000000002 17.500000000000004 6.5000000000000009 1.0000000180025095e-35 14.500000000000002 23.500000000000004
decision_type=2 2 2 2 2 2 2 2 2 2 2 2 2 2
left_child=1 2 10 -4 5 11 -5 12 -6 -10 -1 -2 -3 -14
right_child=4 7 3 6 8 -7 -8 -9 9 -11 -12 -13 13 -15
leaf_value=-0.19978412232222809 0.1068308809942419 -0.00025728625035643661 -0.22576719031493733 -0.012111009702159859 4.5284384533217468 0.72267619385915571 1.4230397020922294 0.082385893510933533 -0.66345841187901589 2.5298510747181364 -0.020620552311249929 -0.09018274473269923 -0.2502788932029269 0.012210896436533326
leaf_weight=917 291 330 61 147 273 134 50 191 44 197 22 107 150 95
leaf_count=917 291 330 61 147 273 134 50 191 44 197 22 107 150 95
internal_value=-0.00314618 -0.01111 -0.0171703 -0.0019112 0.0117908 0.00561914 0.00515152 -0.00162321 0.0181456 0.0130992 -0.0213511 0.00161654 -0.004375 -0.00922764
internal_weight=3009 1963 1197 258 1046 532 197 766 514 241 939 398 575 245
internal_count=3009 1963 1197 258 1046 532 197 766 514 241 939 398 575 245
is_linear=0
shrinkage=0.025


Tree=41
num_leaves=15
num_cat=0
split_feature=9 13 11 9 4 11 10 11 6 14 4 4 4 4
split_gain=575.962 171.477 118.94 67.0411 65.3916 39.9513 30.1689 27.6501 17.5243 22.7011 26.7783 17.2512 33.7972 19.684
threshold=50.500000000000007 8.5000000000000018 6.5000000000000009 175.50000000000003 10.500000000000002 86.500000000000014 80.500000000000014 47.000000000000007 5.5000000000000009 132.00000000000003 22.500000000000004 23.500000000000004 10.500000000000002 25.500000000000004
decision_type=2 2 2 2 2 2 2 2 2 2 2 2 2 2
left_child=1 2 -1 5 -4 11 -6 -3 -5 10 -10 12 -2 -13
right_child=3 7 4 8 6 -7 -8 -9 9 -11 -12 13 -14 -15
leaf_value=-0.1947895192641724 0.11551390606238172 -0.0078141433701874874 -0.22012301055706393 6.0661874867284986 -0.011808234459605861 0.65225212756968109 1.3874637095399238 0.43171447249560191 -0.58278559414724918 3.2117841698716578 4.9132051291301355 0.54600087900504846 -0.16550635939460259 -0.064155870583301328
leaf_weight=939 152 660 61 272 147 152 50 106 69 72 30 67 190 42
leaf_count=939 152 660 61 272 147 152 50 106 69 72 30 67 190 42
internal_value=-0.00327907 -0.0112627 -0.0171703 0.0116953 -0.00210425 0.00624172 0.00489899 -0.00201434 0.0190766 0.0126163 0.0047 0.00247788 -0.000276968 0.0110909
internal_weight=3009 1963 1197 1046 258 603 197 766 443 171 99 451 342 109
internal_count=3009 1963 1197 1046 258 603 197 766 443 171 99 451 342 109
is_linear=0
shrinkage=0.025


Tree=42
num_leaves=15
num_cat=0
split_feature=13 5 14 13 11 4 15 13 14 29 1 14 4 4
split_gain=555.136 191.777 68.9196 67.1942 51.7407 35.8682 34.8802 27.7577 28.6665 24.9235 21.6063 20.4231 19.9335 24.6308
threshold=53.500000000000007 7.5000000000000009 80.500000000000014 175.50000000000003 4.5000000000000009 10.500000000000002 81.500000000000014 8.5000000000000018 9.5000000000000018 167.50000000000003 1.0000000180025095e-35 53.500000000000007 10.500000000000002 21.500000000000004
decision_type=2 2 2 2 2 2 2 2 2 10 2 2 2 2
left_child=1 4 7 6 9 -6 12 8 -3 -1 -8 -7 -2 -14
right_child=3 2 -4 -5 5 11 10 -9 -10 -11 -12 -13 13 -15
leaf_value=-0.21309126565756806 0.13980974451444636 -0.18645282232375779 1.2819806943982714 4.2635728048204902 -0.21461993529313733 -0.049799692047637345 0.67008288857725962 -0.0032556375740647073 -0.0039421934138563321 0.062793319314699933 -0.075020709615762904 0.83532875982753785 -0.32994909465651362 0.1636201557449507
leaf_weight=844 144 139 88 443 59 154 142 572 76 18 40 28 137 125
leaf_count=844 144 139 88 443 59 154 142 572 76 18 40 28 137 125
internal_value=-0.00336213 -0.0111142 -0.00236301 0.0115019 -0.0180435 -0.00772727 0.00593379 -0.00472081 -0.0123611 -0.0209096 0.015 -0.00215847 0.00183047 -0.00226236
internal_weight=3009 1978 875 1031 1103 241 588 787 215 862 182 182 406 262
internal_count=3009 1978 875 1031 1103 241 588 787 215 862 182 182 406 262
is_linear=0
shrinkage=0.025


Tree=43
num_leaves=15
num_cat=0
split_feature=13 14 13 4 4 10 16 4 4 4 14 4 11 1
split_gain=542.273 177.83 170.106 76.6812 42.4817 40.0506 34.3206 33.8444 50.6926 83.4893 30.2303 34.6878 21.9744 16.1373
threshold=8.5000000000000018 6.5000000000000009 121.50000000000001 10.500000000000002 23.500000000000004 80.500000000000014 40.500000000000007 10.500000000000002 17.500000000000004 15.500000000000002 70.500000000000014 15.500000000000002 9.5000000000000018 -0.60785761079279388
decision_type=2 2 2 2 2 2 2 2 2 2 2 2 2 2
left_child=1 12 4 -3 10 -5 -6 -4 9 -9 11 -2 -1 -14
right_child=2 3 7 5 6 -7 -8 8 -10 -11 -12 -13 13 -15
leaf_value=-0.1849254801828015 -0.0015901796285220371 -0.20925443691080889 3.6534998793066844 -0.0054447129937894361 -0.014148058468368065 1.2810023032685205 0.45047717985369273 1.9744208032446702 2.2261030882948969 -0.72278644639787437 0.46064828758785431 -0.17416283014237949 0.058291494139243172 -0.27095689759736025
leaf_weight=924 549 56 210 146 119 83 134 122 254 58 68 245 19 22
leaf_count=924 549 56 210 146 119 83 134 122 254 58 68 245 19 22
internal_value=-0.00327907 -0.0158633 0.00566477 0.00146853 -0.000241935 0.00791304 0.00874016 0.0158837 0.0118276 0.00162983 -0.00289108 -0.00427044 -0.0209834 -0.00285714
internal_weight=3009 1250 1759 285 1115 229 253 644 434 180 862 794 965 41
internal_count=3009 1250 1759 285 1115 229 253 644 434 180 862 794 965 41
is_linear=0
shrinkage=0.025


Tree=44
num_leaves=15
num_cat=0
split_feature=13 14 13 4 4 6 10 4 4 4 14 16 0 7
split_gain=544.872 172.327 160.86 74.6326 41.2196 36.1289 35.7703 32.5116 51.1777 81.6207 32.054 31.4443 28.2012 16.1638
threshold=8.5000000000000018 6.5000000000000009 121.50000000000001 10.500000000000002 23.500000000000004 1.0000000180025095e-35 80.500000000000014 10.500000000000002 17.500000000000004 15.500000000000002 21.500000000000004 40.500000000000007 71.500000000000014 11.500000000000002
decision_type=2 2 2 2 2 2 2 2 2 2 2 2 2 2
left_child=1 13 4 -3 5 -2 12 -4 9 -9 -7 -6 -5 -1
right_child=2 3 7 6 11 10 -8 8 -10 -11 -12 -13 -14 -15
leaf_value=-0.17996936263655883 0.003858201752761259 -0.20402307598803865 3.5621623823240172 -0.064286653338226835 -0.013794357006658943 -0.21154920955845249 1.2489772456868076 1.9250602831635533 2.1704505110875245 -0.70471678523792747 0.011839447602260479 0.43921525035735043 0.1680132453346142 -0.20373498763655881
leaf_weight=900 506 56 210 86 119 231 83 122 254 58 125 134 60 65
leaf_count=900 506 56 210 86 119 231 83 122 254 58 125 134 60 65
internal_value=-0.0033289 -0.0159432 0.00563636 0.00111888 -0.000107527 -0.00271727 0.00747826 0.0155736 0.0115977 0.00135359 -0.00880952 0.00874016 0 -0.0209834
internal_weight=3009 1250 1759 285 1115 862 229 644 434 180 356 253 146 965
internal_count=3009 1250 1759 285 1115 862 229 644 434 180 356 253 146 965
is_linear=0
shrinkage=0.025


Tree=45
num_leaves=15
num_cat=0
split_feature=13 13 11 4 4 10 16 14 6 0 4 4 14 14
split_gain=514.598 174.633 166.777 72.3583 59.7277 41.931 37.848 35.2725 36.743 24.2198 16.04 45.5904 58.3833 15.8534
threshold=8.5000000000000018 175.50000000000003 4.5000000000000009 10.500000000000002 23.500000000000004 80.500000000000014 42.500000000000007 70.500000000000014 1.0000000180025095e-35 71.500000000000014 13.500000000000002 17.500000000000004 123.00000000000001 6.5000000000000009
decision_type=2 2 2 2 2 2 2 2 2 2 2 2 2 2
left_child=2 4 13 -4 7 9 -6 8 -2 -5 -3 12 -12 -1
right_child=1 10 3 5 6 -7 -8 -9 -10 -11 11 -13 -14 -15
leaf_value=-0.18081636182901645 0.00044235380453110378 5.0471713976042984 -0.1989224990883377 -0.064200263575687352 -0.0048024859097899331 1.2177528145446375 0.5669345628722503 0.38609459147912983 -0.11927265540568587 0.13604663192467928 -0.70320405105797645 4.3627678568644779 4.7366814921995708 0.012671695266897088
leaf_weight=907 528 211 62 115 129 83 178 115 366 64 39 156 37 19
leaf_count=907 528 211 62 115 129 83 178 115 366 64 39 156 37 19
internal_value=-0.00364452 0.00506818 -0.0159033 -0.000446154 0.000489749 0.00530418 0.0101299 -0.00244554 -0.00412849 -0.0015 0.0186261 0.013927 -0.00188312 -0.0212999
internal_weight=3009 1759 1250 324 1316 262 307 1009 894 179 443 232 76 926
internal_count=3009 1759 1250 324 1316 262 307 1009 894 179 443 232 76 926
is_linear=0
shrinkage=0.025


Tree=46
num_leaves=15
num_cat=0
split_feature=9 9 11 4 11 11 4 4 16 29 6 32 4 4
split_gain=471.794 161.476 144.907 67.0804 43.9468 29.5749 22.7559 34.6207 33.7164 18.3551 17.2277 19.3934 28.945 14.2589
threshold=7.5000000000000009 193.50000000000003 7.5000000000000009 10.500000000000002 86.500000000000014 61.000000000000007 23.500000000000004 15.500000000000002 40.500000000000007 174.50000000000003 5.5000000000000009 25.500000000000004 15.500000000000002 17.500000000000004
decision_type=2 2 2 2 2 2 2 2 2 10 2 10 2 2
left_child=2 4 9 -4 6 -5 7 -2 -8 -1 -3 -12 -13 -6
right_child=1 10 3 5 13 -7 8 -9 -10 -11 11 12 -14 -15
leaf_value=-0.17667487471235577 0.00043129495941780506 6.7073755889072517 -0.19394943661112926 -0.029480337197746832 0.075416979078200622 0.91636197306975609 -0.040016794300925841 -0.19447567792919768 0.35825561140177542 0.050491841981607083 3.0498328632110923 2.3503829998157584 -0.68562394978152696 0.54206603978800272
leaf_weight=893 666 247 61 127 54 116 131 286 122 19 72 32 46 137
leaf_count=893 666 247 61 127 54 116 131 286 122 19 72 32 46 137
internal_value=-0.00342857 0.00472129 -0.0154437 -0.00047541 0.000712241 0.00540984 -0.00105307 -0.00282791 0.00559055 -0.0204217 0.0187688 0.0118874 0.00310127 0.0118229
internal_weight=3009 1793 1216 304 1396 243 1205 952 253 912 397 150 78 191
internal_count=3009 1793 1216 304 1396 243 1205 952 253 912 397 150 78 191
is_linear=0
shrinkage=0.025


Tree=47
num_leaves=15
num_cat=0
split_feature=13 13 11 4 4 10 16 22 4 0 32 4 4 2
split_gain=471.074 161.804 160.822 71.1575 45.0029 42.2779 34.2493 32.4822 63.7263 28.6074 17.5653 24.9179 54.1528 14.0566
threshold=7.5000000000000009 195.50000000000003 4.5000000000000009 10.500000000000002 23.500000000000004 80.500000000000014 40.500000000000007 20.500000000000004 10.500000000000002 71.500000000000014 11.500000000000002 17.500000000000004 15.500000000000002 1.0000000180025095e-35
decision_type=2 2 2 2 2 2 2 10 2 2 10 2 2 2
left_child=2 4 -1 -4 7 9 13 8 -2 -5 -3 12 -12 -6
right_child=1 10 3 5 6 -7 -8 -9 -10 -11 11 -13 -14 -15
leaf_value=-0.18970433203211054 0.0033735370177498947 4.807728253496423 -0.18910070069585103 -0.061858248556351469 0.018002379154834849 1.0791252410272258 0.53001000836684131 0.044278974144384801 -0.23479328931561394 0.13544491631564912 3.2228623043003242 6.5396911991845714 -0.66884217343961927 -0.13000438600513328
leaf_weight=879 408 231 61 110 78 83 194 316 370 64 41 90 30 54
leaf_count=879 408 231 61 110 78 83 194 316 370 64 41 90 30 54
internal_value=-0.00354485 0.00449255 -0.0157095 -0.000454545 0.000559465 0.00531008 0.00870031 -0.00186758 -0.00461489 -0.00168571 0.0186896 0.0121605 0.000972222 -0.00109023
internal_weight=3009 1812 1197 318 1420 257 326 1094 778 174 392 161 71 132
internal_count=3009 1812 1197 318 1420 257 326 1094 778 174 392 161 71 132
is_linear=0
shrinkage=0.025


Tree=48
num_leaves=15
num_cat=0
split_feature=13 13 14 4 11 10 0 4 4 16 8 4 20 32
split_gain=476.931 156.055 155.283 74.5952 41.2012 32.7999 26.4607 22.1363 41.5002 20.6747 19.4129 27.5599 19.1653 16.1673
threshold=7.5000000000000009 195.50000000000003 10.500000000000002 10.500000000000002 86.500000000000014 80.500000000000014 71.500000000000014 23.500000000000004 15.500000000000002 42.500000000000007 6.5000000000000009 22.500000000000004 155.50000000000003 11.500000000000002
decision_type=2 2 2 2 2 2 2 2 2 2 2 2 10 10
left_child=2 4 10 -4 7 6 -5 8 -2 -9 -1 -12 -6 -3
right_child=1 13 3 5 12 -7 -8 9 -10 -11 11 -13 -14 -15
leaf_value=-0.18496172373130776 0.00046668785539516477 4.6875350471590123 -0.18437318317845475 -0.054666132253240199 0.61690510673567012 1.0521471100015451 0.16515220632119354 -0.017971961235398126 -0.2038708929465225 0.38695239484162214 -0.19213647261467937 0.083846105304219501 0.059426406160026701 3.391237863109045
leaf_weight=838 673 231 56 72 111 83 57 138 296 116 59 32 86 161
leaf_count=838 673 231 56 72 111 83 57 138 296 116 59 32 86 161
internal_value=-0.00359468 0.00449255 -0.0158347 0.000910781 0.000629838 0.007723 -0.000153846 -0.00107843 -0.00280412 0.00547059 -0.0206667 -0.00945652 0.0112121 0.0184351
internal_weight=3009 1812 1197 268 1420 212 129 1223 969 254 929 91 197 392
internal_count=3009 1812 1197 268 1420 212 129 1223 969 254 929 91 197 392
is_linear=0
shrinkage=0.025


Tree=49
num_leaves=15
num_cat=0
split_feature=13 11 13 4 10 11 0 4 4 6 20 32 4 4
split_gain=469.165 158.391 157.914 70.2381 43.4046 40.0626 23.423 20.0902 41.5002 18.6225 18.089 16.1673 24.9179 54.1528
threshold=7.5000000000000009 4.5000000000000009 195.50000000000003 10.500000000000002 80.500000000000014 86.500000000000014 71.500000000000014 23.500000000000004 15.500000000000002 81.500000000000014 155.50000000000003 11.500000000000002 17.500000000000004 15.500000000000002
decision_type=2 2 2 2 2 2 2 2 2 2 10 10 2 2
left_child=1 -1 5 -3 6 7 -5 8 -2 -9 -7 -4 13 -13
right_child=2 3 11 4 -6 10 -8 9 -10 -11 -12 12 -14 -15
leaf_value=-0.18033768063802508 0.00045502065901033007 -0.17976385359899338 4.5703466709800367 -0.058945139036111718 1.0258434322515064 0.60148247906727836 0.1281032139840694 0.018410278280016536 -0.1987741206228594 1.125689545905721 0.057940746006026347 3.0575098001150902 6.2914179726272312 -0.73690206568135497
leaf_weight=879 673 61 231 110 83 111 64 226 296 28 86 41 90 30
leaf_count=879 673 61 231 110 83 111 64 226 296 28 86 41 90 30
internal_value=-0.0036113 -0.0157513 0.00440982 -0.000611285 0.00511628 0.000524279 -0.00197143 -0.00116013 -0.00280412 0.00507843 0.0109596 0.0184351 0.0121605 0.000972222
internal_weight=3009 1197 1812 318 257 1420 174 1223 969 254 197 392 161 71
internal_count=3009 1197 1812 318 257 1420 174 1223 969 254 197 392 161 71
is_linear=0
shrinkage=0.025


Tree=50
num_leaves=15
num_cat=0
split_feature=13 11 13 4 10 11 0 32 4 4 25 4 20 17
split_gain=468.54 155.977 154.127 69.3246 44.5459 39.4669 21.5586 18.7256 26.7736 49.7191 18.4869 21.0158 16.0753 13.0706
threshold=7.5000000000000009 4.5000000000000009 221.50000000000003 10.500000000000002 80.500000000000014 86.500000000000014 71.500000000000014 23.500000000000004 17.500000000000004 15.500000000000002 0.96184336583595786 23.500000000000004 155.50000000000003 0.97027850948884387
decision_type=2 2 2 2 2 2 2 10 2 2 2 2 10 2
left_child=1 -1 5 -3 6 10 -5 -4 9 -9 11 -2 -7 -14
right_child=2 3 7 4 -6 12 -8 8 -10 -11 -12 -13 13 -15
leaf_value=-0.17582923862207445 -0.0070116280950426107 -0.17526975725901853 5.4445685289415913 -0.057471510560208917 1.000197346445219 0.5864454170905965 0.12490063363446768 4.4158286961177584 8.685389068179715 -0.7188383364419515 -0.074588634685164482 0.093426508959219667 0.23391473008134228 -0.076631729262748402
leaf_weight=879 946 61 216 110 83 115 64 34 78 29 59 239 67 29
leaf_count=879 946 61 216 110 83 115 64 34 78 29 59 239 67 29
internal_value=-0.00366113 -0.015793 0.00435466 -0.000768025 0.00492248 0.00073489 -0.00225714 0.0190503 0.0117606 -0.0003125 -0.000959839 -0.000269815 0.0107075 0.00304124
internal_weight=3009 1197 1812 318 257 1455 174 357 141 63 1244 1185 211 96
internal_count=3009 1197 1812 318 257 1455 174 357 141 63 1244 1185 211 96
is_linear=0
shrinkage=0.025


Tree=51
num_leaves=15
num_cat=0
split_feature=13 13 11 4 10 11 4 4 5 20 0 32 4 4
split_gain=428.84 151.252 145.608 68.8723 43.9401 37.2971 29.1505 40.4519 40.325 21.935 21.1414 18.7256 26.7736 49.7191
threshold=6.5000000000000009 221.50000000000003 4.5000000000000009 10.500000000000002 80.500000000000014 106.00000000000001 10.500000000000002 23.500000000000004 16.500000000000004 155.50000000000003 71.500000000000014 23.500000000000004 17.500000000000004 15.500000000000002
decision_type=2 2 2 2 2 2 2 2 2 10 2 10 2 2
left_child=2 5 -1 -4 10 6 8 -8 -2 -7 -5 -3 13 -13
right_child=1 11 3 4 -6 9 7 -9 -10 -11 -12 12 -14 -15
leaf_value=-0.17294982888026997 0.003441446581822083 5.3084543157180519 -0.17088801332754308 -0.056034722796203695 0.97519241278408841 0.77119751122310243 -0.11479260952837311 0.069814660872750706 1.5258221376335258e-05 0.097255079015061696 0.12177811779360599 4.3054329787148147 8.4682543414752214 -0.70086737803090271
leaf_weight=816 124 216 60 109 83 91 594 277 360 74 64 34 78 29
leaf_count=816 124 216 60 109 83 91 594 277 360 74 64 34 78 29
internal_value=-0.00289701 0.00443024 -0.0150441 -0.000615142 0.00503891 0.000982906 -0.000383481 -0.00311927 0.00452577 0.0121687 -0.00212644 0.0190503 0.0117606 -0.0003125
internal_weight=3009 1877 1132 316 256 1520 1355 871 484 165 173 357 141 63
internal_count=3009 1877 1132 316 256 1520 1355 871 484 165 173 357 141 63
is_linear=0
shrinkage=0.025


Tree=52
num_leaves=15
num_cat=0
split_feature=13 5 13 11 4 11 4 5 4 20 32 4 4 20
split_gain=431.156 147.393 147.154 48.9965 37.6955 35.5288 29.1505 40.325 38.6255 23.6019 19.1484 25.2449 49.7191 15.4288
threshold=6.5000000000000009 63.500000000000007 221.50000000000003 4.5000000000000009 10.500000000000002 106.00000000000001 10.500000000000002 16.500000000000004 23.500000000000004 155.50000000000003 23.500000000000004 17.500000000000004 15.500000000000002 499.00000000000006
decision_type=2 2 2 2 2 2 2 2 2 10 10 2 2 10
left_child=1 3 5 -1 -5 6 7 -2 -8 -7 -4 12 -12 -11
right_child=2 -3 10 4 -6 9 8 -9 -10 13 11 -13 -14 -15
leaf_value=-0.16849325747909483 0.0033554104172765389 0.63008578889732991 5.1757429578251006 -0.16661581299435449 -0.0063247170759981319 0.75191757344252474 -0.11192279429016382 1.4876765841975726e-05 0.068069294350931925 -0.058519723051730921 4.1977971542469446 8.2565479829383417 -0.6833456935801302 0.59791214509467161
leaf_weight=809 124 92 216 60 171 91 594 360 277 48 34 78 29 26
leaf_count=809 124 92 216 60 171 91 594 360 277 48 34 78 29 26
internal_value=-0.00299668 -0.0151765 0.00435037 -0.0178626 -0.00762931 0.000950033 -0.000383481 0.00452577 -0.00311927 0.0118675 0.0187709 0.0114085 -0.0003125 0.00126667
internal_weight=3009 1132 1877 1040 231 1520 1355 484 871 165 357 141 63 74
internal_count=3009 1132 1877 1040 231 1520 1355 484 871 165 357 141 63 74
is_linear=0
shrinkage=0.025


Tree=53
num_leaves=15
num_cat=0
split_feature=9 9 11 4 14 10 6 4 15 10 6 4 4 0
split_gain=427.584 155.609 119.425 65.2586 38.6052 29.2696 28.0032 36.1702 24.8368 15.7403 14.3304 18.3916 52.2297 11.9932
threshold=6.5000000000000009 221.50000000000003 7.5000000000000009 10.500000000000002 144.50000000000003 86.000000000000014 1.0000000180025095e-35 17.500000000000004 89.500000000000014 13.500000000000002 5.5000000000000009 17.500000000000004 14.500000000000002 71.500000000000014
decision_type=2 2 2 2 2 2 2 2 2 2 2 2 2 2
left_child=2 4 9 -4 6 13 8 -8 -2 -1 -3 12 -12 -5
right_child=1 10 3 5 -6 -7 7 -9 -10 -11 11 -13 -14 -15
leaf_value=-0.16330140838243759 0.0015680552934999481 6.5828688591434172 -0.16245041766949564 -0.0442591999828311 1.1637423633647666 0.73735861705035777 -0.20569178867871429 0.036617150089823983 0.45630708571167278 -0.16360006164328922 2.6861740022849609 3.8270199610295617 -0.66590322883799646 0.094561890583790345
leaf_weight=808 863 227 60 87 53 86 260 210 117 42 43 53 32 68
leaf_count=808 863 227 60 87 53 86 260 210 117 42 43 53 32 68
internal_value=-0.00298007 0.00443518 -0.0149479 -0.00139073 0.000910904 0.00442149 0.00013439 -0.00487261 0.00254332 -0.0197356 0.0192978 0.0123643 0.00421053 -0.00205128
internal_weight=3009 1858 1151 301 1503 241 1450 470 980 850 355 128 75 155
internal_count=3009 1858 1151 301 1503 241 1450 470 980 850 355 128 75 155
is_linear=0
shrinkage=0.025


Tree=54
num_leaves=15
num_cat=0
split_feature=13 9 11 5 11 6 6 25 10 15 6 25 14 32
split_gain=425.299 144.806 140.986 57.1346 47.1102 25.6569 21.4818 21.2105 14.3308 14.3 12.1589 10.6154 10.2351 7.48664
threshold=6.5000000000000009 243.50000000000003 9.5000000000000018 84.500000000000014 129.50000000000003 1.0000000180025095e-35 33.500000000000007 0.82290681651475661 3.5000000000000004 43.500000000000007 376.00000000000006 0.59641719027414319 7.5000000000000009 47.500000000000007
decision_type=2 2 2 2 2 2 2 2 2 2 2 2 2 10
left_child=2 4 8 7 5 9 -7 -4 12 -2 -3 -10 -1 -12
right_child=1 10 3 -5 -6 6 -8 -9 11 -11 13 -13 -14 -15
leaf_value=-0.16064341091297754 0.0015288539111624423 4.9067776624008879 0.03113381294104034 0.92938033769415562 0.91880150707964248 -0.1181655975205974 -0.017994685562125492 -0.13777431347775831 0.015314066354193212 0.2558068621147202 9.949046808128422 -0.12413112390724063 -0.10263871653054267 -0.64889682571441609
leaf_weight=736 725 261 90 72 135 174 365 124 22 174 22 70 18 21
leaf_count=736 725 261 90 72 135 174 365 124 22 174 22 70 18 21
internal_value=-0.00307973 0.00421725 -0.0151765 0 0.00115629 -0.000170257 -0.00448148 -0.00648837 -0.0203011 0.00241111 0.0199836 -0.0106989 -0.0214503 0.00727273
internal_weight=3009 1877 1132 286 1573 1438 539 214 846 899 304 92 754 43
internal_count=3009 1877 1132 286 1573 1438 539 214 846 899 304 92 754 43
is_linear=0
shrinkage=0.025


Tree=55
num_leaves=15
num_cat=0
split_feature=13 13 5 11 4 15 6 4 4 32 4 4 0 14
split_gain=417.166 144.398 140.647 52.9231 37.7359 36.7001 21.3663 31.505 17.9818 15.8145 34.3934 36.134 14.8008 12.839
threshold=6.5000000000000009 243.50000000000003 84.500000000000014 1.5000000000000002 10.500000000000002 126.50000000000001 1.0000000180025095e-35 17.500000000000004 10.500000000000002 11.500000000000002 17.500000000000004 15.500000000000002 71.500000000000014 5.5000000000000009
decision_type=2 2 2 2 2 2 2 2 2 10 2 2 2 2
left_child=2 5 3 13 -5 6 8 -8 -2 -3 11 -11 -6 -1
right_child=1 9 -4 4 12 -7 7 -9 -10 10 -12 -13 -14 -15
leaf_value=-0.15662732564015311 0.0031941024267280629 6.3091082208408658 0.82336519205636893 -0.15494479939081426 -0.060369439311500232 0.80887857079899916 -0.19524231239005962 0.022354462554911338 -0.015193212104403509 5.166280884038823 7.8364116676443176 -0.66480836244343211 0.093530849575904546 -0.016812475638820223
leaf_weight=763 371 194 76 65 126 137 262 263 524 24 76 26 84 18
leaf_count=763 371 194 76 65 126 137 262 263 524 24 76 26 84 18
internal_value=-0.00319601 0.00403088 -0.0151765 -0.0175449 -0.00804348 0.000879332 -0.00031316 -0.00431559 0.00203125 0.0192991 0.0121654 -0.00382353 -0.00281991 -0.0208696
internal_weight=3009 1877 1132 1056 275 1557 1420 525 895 320 126 50 210 781
internal_count=3009 1877 1132 1056 275 1557 1420 525 895 320 126 50 210 781
is_linear=0
shrinkage=0.025


Tree=56
num_leaves=15
num_cat=0
split_feature=13 13 11 35 15 11 22 32 1 10 0 10 14 25
split_gain=422.936 141.466 135.274 46.7612 36.5096 24.5801 15.6744 15.0991 24.2609 13.6244 13.2013 12.6072 12.5553 10.9706
threshold=6.5000000000000009 243.50000000000003 10.500000000000002 1.0000000180025095e-35 126.50000000000001 120.00000000000001 471.50000000000006 11.500000000000002 1.0000000180025095e-35 3.5000000000000004 72.500000000000014 1.0000000180025095e-35 7.5000000000000009 0.59641719027414319
decision_type=2 2 2 10 2 2 10 10 2 2 2 2 2 2
left_child=2 4 9 -4 6 10 11 -3 -9 12 -5 -2 -1 -11
right_child=1 7 3 5 -6 -7 -8 8 -10 13 -12 -13 -14 -15
leaf_value=-0.15271164249914926 0.0014107800027151731 6.1513805153198433 -0.13045633565604398 -0.02868336659814541 0.78865660652902392 1.549727372224897 0.4547056821292792 6.7630474558991303 -0.44900885735987367 0.018846897836342216 0.16600359292935929 -0.049503848154844612 -0.080482999224981727 -0.11499316329815437
leaf_weight=738 992 194 105 86 137 53 41 74 52 22 37 387 19 72
leaf_count=738 992 194 105 86 137 53 41 74 52 22 37 387 19 72
internal_value=-0.00324585 0.00403088 -0.0153089 -0.000248227 0.000911425 0.00759887 -0.000277973 0.0191433 0.0121654 -0.02027 0.00137097 -0.00073913 -0.0213984 -0.011
internal_weight=3009 1877 1132 281 1557 176 1420 320 126 851 123 1379 757 94
internal_count=3009 1877 1132 281 1557 176 1420 320 126 851 123 1379 757 94
is_linear=0
shrinkage=0.025


Tree=57
num_leaves=15
num_cat=0
split_feature=13 13 11 4 14 10 4 4 16 0 10 32 4 4
split_gain=397.83 142.466 127.446 70.7449 36.0032 30.0714 28.5661 47.2585 28.1144 20.4243 15.6144 15.0991 34.3934 36.134
threshold=6.5000000000000009 243.50000000000003 9.5000000000000018 10.500000000000002 144.50000000000003 86.000000000000014 23.500000000000004 10.500000000000002 42.500000000000007 71.500000000000014 14.500000000000002 11.500000000000002 17.500000000000004 15.500000000000002
decision_type=2 2 2 2 2 2 2 2 2 2 2 10 2 2
left_child=2 4 10 -4 6 9 7 -2 -8 -5 -1 -3 13 -13
right_child=1 11 3 5 -6 -7 8 -9 -10 -11 -12 12 -14 -15
leaf_value=-0.14889385143667053 0.0030789803659919904 5.9975960024368478 -0.14780977101464279 -0.042333924375624402 0.89646503015694423 0.91030823710320508 -0.022300371339799521 -0.10279523405954644 0.43790671470780734 0.13786738533319873 -0.13574035913653701 5.048349083371849 7.4714251895557311 -0.63696293194834952
leaf_weight=808 506 194 59 88 70 82 142 642 197 57 38 24 76 26
leaf_count=808 506 194 59 88 70 82 142 642 197 57 38 24 76 26
internal_value=-0.00307973 0.00397764 -0.0147793 -0.00033101 0.00084724 0.00600877 1.34409e-05 -0.00186684 0.00638235 -0.000821918 -0.0196517 0.0191433 0.0121654 -0.00382353
internal_weight=3009 1877 1132 286 1557 227 1487 1148 339 145 846 320 126 50
internal_count=3009 1877 1132 286 1557 227 1487 1148 339 145 846 320 126 50
is_linear=0
shrinkage=0.025


Tree=58
num_leaves=15
num_cat=0
split_feature=13 13 14 4 14 7 6 4 0 8 4 15 32 4
split_gain=394.45 141.044 128.082 67.3647 36.2689 27.7127 27.4732 33.6367 22.5071 18.3815 23.2272 17.7617 16.2346 32.7344
threshold=6.5000000000000009 243.50000000000003 6.5000000000000009 10.500000000000002 144.50000000000003 152.50000000000003 1.0000000180025095e-35 22.500000000000004 71.500000000000014 3.5000000000000004 25.500000000000004 89.500000000000014 11.500000000000002 17.500000000000004
decision_type=2 2 2 2 2 2 2 2 2 2 2 2 10 2
left_child=2 4 9 -4 6 8 11 -8 -5 -1 -11 -2 -3 -14
right_child=1 12 3 5 -6 -7 7 -9 -10 10 -12 -13 13 -15
leaf_value=-0.14517150515075378 0.001298535993497496 5.847656102375927 -0.14411452673927672 -0.038301082479134774 0.8740534044030206 4.2363069638388282 -0.11888487657945856 0.089264021045972225 0.15840681847279534 -0.14517150515075378 0.044219868122178867 0.44826143915985456 -0.58890490127776418 7.2846395598168385
leaf_weight=740 827 194 56 109 70 45 403 148 72 81 29 109 50 76
leaf_count=740 827 194 56 109 70 45 403 148 72 81 29 109 50 76
internal_value=-0.00312957 0.00389776 -0.0147793 -0.000159011 0.000783055 0.00592511 -4.7043e-05 -0.00447464 0.00148352 -0.0196181 -0.00986486 0.00255603 0.0189875 0.0117717
internal_weight=3009 1877 1132 282 1557 226 1487 551 181 850 110 936 320 126
internal_count=3009 1877 1132 282 1557 226 1487 551 181 850 110 936 320 126
is_linear=0
shrinkage=0.025


Tree=59
num_leaves=15
num_cat=0
split_feature=13 13 11 4 11 4 5 4 11 20 12 0 10 32
split_gain=391.437 137.461 122.865 68.7306 32.7257 30.6171 43.6434 35.015 28.0901 22.8603 17.1127 16.1464 15.6144 12.0628
threshold=6.5000000000000009 258.50000000000006 9.5000000000000018 10.500000000000002 106.00000000000001 10.500000000000002 16.500000000000004 22.500000000000004 150.50000000000003 155.50000000000003 228.00000000000003 71.500000000000014 14.500000000000002 11.500000000000002
decision_type=2 2 2 2 2 2 2 2 2 10 2 2 2 10
left_child=2 4 12 -4 5 6 -2 -7 11 -6 -11 -5 -1 -3
right_child=1 13 3 8 9 7 -8 -9 -10 10 -12 -13 -14 -15
leaf_value=-0.14154221752198493 0.0029695424570047369 5.8408109009562788 -0.14051166357079481 -0.035466166827206179 0.64302073586257513 -0.13113694692418748 0.0065659777879059078 0.045292042830192149 3.4716022079295024 -0.042450766700456916 0.85220206929294529 0.13046053023804874 -0.12871756252935473 4.4777484786352098
leaf_weight=808 124 189 59 112 99 548 369 340 48 71 20 67 38 117
leaf_count=808 124 189 59 112 99 548 369 340 48 71 20 67 38 117
internal_value=-0.00326246 0.00373802 -0.0148676 -0.000679443 0.000744275 -0.000593343 0.00439271 -0.00336895 0.00557018 0.010445 0.00130435 0.000944444 -0.0196517 0.0190391
internal_weight=3009 1877 1132 286 1571 1381 493 888 227 190 91 179 846 306
internal_count=3009 1877 1132 286 1571 1381 493 888 227 190 91 179 846 306
is_linear=0
shrinkage=0.025


Tree=60
num_leaves=15
num_cat=0
split_feature=13 13 14 4 14 11 4 4 16 8 4 0 37 13
split_gain=387.321 134.971 118.894 63.5266 36.0413 28.7172 28.653 42.7932 25.8223 18.3815 23.2272 17.5311 14.2699 13.6142
threshold=6.5000000000000009 258.50000000000006 6.5000000000000009 10.500000000000002 144.50000000000003 161.50000000000003 23.500000000000004 10.500000000000002 44.500000000000007 3.5000000000000004 25.500000000000004 71.500000000000014 72.500000000000014 5.5000000000000009
decision_type=2 2 2 2 2 2 2 2 2 2 2 2 10 2
left_child=2 4 9 -4 6 11 7 -2 -8 13 -11 -5 -3 -1
right_child=1 12 3 5 -6 -7 8 -9 -10 10 -12 -13 -14 -15
leaf_value=-0.1380036620839353 0.0028953038955796154 -0.0045636661669263391 -0.13699887198152494 -0.03679094118034705 0.83089701756062129 4.34360923454462 -0.012184426039534913 -0.10224590476409429 0.44597938478429389 -0.1380036620839353 0.044001025589804503 0.14111907964769271 5.6947906284323722 -0.020541850686119512
leaf_weight=719 509 21 56 111 72 43 147 646 197 81 29 72 285 21
leaf_count=719 509 21 56 111 72 43 147 646 197 81 29 72 285 21
internal_value=-0.00341196 0.00355165 -0.0149559 -0.000865724 0.000585242 0.00504405 -0.000246667 -0.00213668 0.00607246 -0.0196181 -0.00986486 0.000652174 0.0187134 -0.0210459
internal_weight=3009 1877 1132 282 1571 226 1499 1155 344 850 110 183 306 740
internal_count=3009 1877 1132 282 1571 226 1499 1155 344 850 110 183 306 740
is_linear=0
shrinkage=0.025


Tree=61
num_leaves=15
num_cat=0
split_feature=13 13 11 4 14 4 4 16 11 22 37 0 36 36
split_gain=399.287 130.733 114.404 70.2023 32.0782 25.711 36.2337 25.8223 18.6629 15.4739 14.2699 13.8797 9.25901 8.41026
threshold=6.5000000000000009 258.50000000000006 16.500000000000004 10.500000000000002 144.50000000000003 23.500000000000004 10.500000000000002 44.500000000000007 161.50000000000003 12.500000000000002 72.500000000000014 71.500000000000014 112.50000000000001 10.500000000000002
decision_type=2 2 2 2 2 2 2 2 2 10 10 2 10 10
left_child=2 4 9 -4 5 6 -2 -7 11 12 -3 -5 -1 -11
right_child=1 10 3 8 -6 7 -8 -9 -10 13 -12 -13 -14 -15
leaf_value=-0.13455357053183692 0.0028229212981901288 -0.0044495745127534295 -0.13357390018198681 -0.030051297465091411 0.81012459212160559 -0.011879815388546612 -0.099689757144991953 0.43482990016468648 4.2350190036810051 -0.098530055467891786 5.5524208627215632 0.25697273917940894 -0.057156467811010983 -0.019710845964846336
leaf_weight=708 509 21 58 101 72 147 646 197 43 97 285 59 31 35
leaf_count=708 509 21 58 101 72 147 646 197 43 97 285 59 31 35
internal_value=-0.00327907 0.00379127 -0.015 -0.000458015 0.000871501 8e-05 -0.00170415 0.00607246 0.00647059 -0.0193463 0.0187134 0.00245342 -0.0207703 -0.0112406
internal_weight=3009 1877 1132 261 1571 1499 1155 344 203 871 306 160 739 132
internal_count=3009 1877 1132 261 1571 1499 1155 344 203 871 306 160 739 132
is_linear=0
shrinkage=0.025


Tree=62
num_leaves=15
num_cat=0
split_feature=13 13 10 4 14 8 29 4 40 16 22 24 6 32
split_gain=389.583 123.215 116.358 58.7047 31.9517 24.5069 28.5586 24.2041 35.1281 25.4969 24.0771 16.4443 14.9276 15.4799
threshold=6.5000000000000009 258.50000000000006 11.500000000000002 10.500000000000002 144.50000000000003 3.5000000000000004 16.500000000000004 23.500000000000004 1.0000000180025095e-35 114.50000000000001 40.500000000000007 8.5000000000000018 170.50000000000003 23.500000000000004
decision_type=2 2 2 2 2 2 10 2 10 2 10 10 2 10
left_child=2 4 5 -4 7 -1 -7 8 -2 -9 11 -5 -3 -14
right_child=1 12 3 10 -6 6 -8 9 -10 -11 -12 -13 13 -15
leaf_value=-0.131189731268541 0.0010488784023906961 5.6357836152777168 -0.13023455267743714 0.14123283928434657 0.78987147731856533 -0.13023455267743714 0.037374246301596963 0.026145085397483572 -0.096314811832931391 0.86654685476744042 0.33470829268059732 -0.10223330683767187 2.4558100413925694 1.8125230772348182
leaf_weight=738 764 192 60 25 72 94 31 262 391 82 136 48 56 58
leaf_count=738 764 192 60 25 72 94 31 262 391 82 136 48 56 58
internal_value=-0.00324585 0.00373802 -0.0148235 -0.000444444 0.000903308 -0.019294 -0.00888889 0.000113333 -0.00161765 0.00592754 0.00580952 -0.00567568 0.0182248 0.0108261
internal_weight=3009 1877 1132 269 1571 863 125 1499 1155 344 209 73 306 114
internal_count=3009 1877 1132 269 1571 863 125 1499 1155 344 209 73 306 114
is_linear=0
shrinkage=0.025


Tree=63
num_leaves=15
num_cat=0
split_feature=13 13 14 4 16 10 8 0 4 6 4 13 4 10
split_gain=391.408 122.876 107.904 59.8001 27.8262 24.5458 23.3451 20.271 20.0575 19.1632 39.1909 13.6142 13.1684 11.2081
threshold=6.5000000000000009 275.50000000000006 6.5000000000000009 10.500000000000002 133.50000000000003 86.000000000000014 3.5000000000000004 71.500000000000014 25.500000000000004 1.0000000180025095e-35 17.500000000000004 5.5000000000000009 10.500000000000002 13.500000000000002
decision_type=2 2 2 2 2 2 2 2 2 2 2 2 2 2
left_child=2 4 6 -4 9 7 11 -5 -8 12 -11 13 -2 -1
right_child=1 -3 3 5 -6 -7 8 -9 -10 10 -12 -13 -14 -15
leaf_value=-0.12790998798682748 0.0027261263056756139 5.3838023878336774 -0.1269786888605012 -0.04625583901100852 0.73478228353386688 0.65464085124752769 -0.1288344553282037 0.12448699771618132 0.044475083079323713 -0.17917608366327686 0.012124839835967328 -0.013384721873957074 -0.00616852536796938 -0.10155391818925935
leaf_weight=698 371 290 56 84 159 82 81 60 29 253 268 21 536 21
leaf_count=698 371 290 56 84 159 82 81 60 29 253 268 21 536 21
internal_value=-0.00339535 0.0036049 -0.015 -0.00157244 0.00086272 0.004163 -0.0194418 -0.00203448 -0.00851351 -0.000241428 -0.0040613 -0.0210459 0.00194934 -0.021625
internal_weight=3009 1877 1132 282 1587 226 850 144 110 1428 521 740 907 719
internal_count=3009 1877 1132 282 1587 226 850 144 110 1428 521 740 907 719
is_linear=0
shrinkage=0.025


Tree=64
num_leaves=15
num_cat=0
split_feature=13 13 5 11 4 11 4 4 25 0 10 25 40 6
split_gain=362.305 124.084 104.819 37.0826 39.6658 30.4518 20.9141 38.007 18.4331 16.7621 11.8831 11.5257 11.5247 11.1982
threshold=4.5000000000000009 275.50000000000006 84.500000000000014 10.500000000000002 10.500000000000002 205.00000000000003 23.500000000000004 10.500000000000002 0.74409856002400898 71.500000000000014 3.5000000000000004 0.99928703105918426 15.500000000000002 191.50000000000003
decision_type=2 2 2 2 2 2 2 2 2 2 2 2 10 2
left_child=2 5 3 10 -5 6 7 -2 -8 -6 11 -1 -12 -3
right_child=1 13 -4 4 9 -7 8 -9 -10 -11 12 -13 -14 -15
leaf_value=-0.12471223828715679 0.0026579731480337321 5.5030630604777677 0.65440979999077631 -0.12380422163898869 -0.037948614958900076 1.936568341483563 -0.010369871496856664 -0.083201127919331708 0.1788974570938546 0.13458984335933338 0.037465762907629756 -0.074712238287156785 -0.12601570493521094 2.4553029865644791
leaf_weight=633 545 182 75 58 82 61 139 731 221 56 29 45 44 108
leaf_count=633 545 182 75 58 82 61 139 731 221 56 29 45 44 108
internal_value=-0.00276412 0.00345573 -0.0148534 -0.0171097 -0.00733503 0.000865724 0.000210751 -0.00128818 0.00552632 0 -0.019641 -0.0206848 -0.00972973 0.0185395
internal_weight=3009 1987 1022 947 196 1697 1636 1276 360 138 751 678 73 290
internal_count=3009 1987 1022 947 196 1697 1636 1276 360 138 751 678 73 290
is_linear=0
shrinkage=0.025


Tree=65
num_leaves=15
num_cat=0
split_feature=13 13 14 4 10 25 11 4 14 5 20 8 4 35
split_gain=347.78 121.563 98.1801 51.8089 35.7238 28.0498 26.7653 24.6413 42.9301 37.0873 22.19 19.6084 20.7499 18.814
threshold=6.5000000000000009 275.50000000000006 1.0000000180025095e-35 10.500000000000002 86.000000000000014 0.98027155096468965 106.00000000000001 10.500000000000002 17.500000000000004 16.500000000000004 155.50000000000003 3.5000000000000004 25.500000000000004 76.500000000000014
decision_type=2 2 2 2 2 2 2 2 2 2 10 2 2 10
left_child=2 6 11 -4 5 -5 7 9 -9 -2 -8 -1 -13 -12
right_child=1 -3 3 4 -6 -7 10 8 -10 -11 13 12 -14 -15
leaf_value=-0.12159443232997787 0.0025915238193328972 5.1116307516258921 -0.12070911609801396 -0.047495020206576505 0.62191458496656993 0.0023677899108265122 0.60768439281534592 -0.097187089124530432 0.067283708415310353 0.0060980482669615206 -0.083746969476732158 -0.12414060403675829 0.043622452789762026 0.52232002192566174
leaf_weight=660 124 290 63 193 82 33 103 679 212 369 52 72 29 48
leaf_count=660 124 290 63 193 82 33 103 679 212 369 52 72 29 48
internal_value=-0.00291362 0.00368477 -0.0138526 -0.00327957 0.000954693 -0.004163 0.000957179 -0.000285199 -0.00276906 0.00419028 0.00941176 -0.0189895 -0.00852941 0.000940594
internal_weight=3009 1877 1132 371 308 226 1587 1384 891 493 203 761 101 100
internal_count=3009 1877 1132 371 308 226 1587 1384 891 493 203 761 101 100
is_linear=0
shrinkage=0.025


Tree=66
num_leaves=15
num_cat=0
split_feature=13 13 10 4 11 4 14 5 8 8 37 4 16 11
split_gain=349.648 121.344 103.623 55.5275 28.6787 36.2646 47.7043 47.3079 23.7675 16.357 18.1575 13.1967 12.1748 14.4797
threshold=4.5000000000000009 275.50000000000006 11.500000000000002 10.500000000000002 106.00000000000001 10.500000000000002 17.500000000000004 16.500000000000004 86.500000000000014 3.5000000000000004 1.0000000180025095e-35 24.500000000000004 161.50000000000003 236.50000000000003
decision_type=2 2 2 2 2 2 2 2 2 2 10 2 2 2
left_child=2 4 9 -4 5 7 -7 -2 -5 -1 -11 -6 -3 -14
right_child=1 12 3 8 11 6 -8 -9 -10 10 -12 -13 13 -15
leaf_value=-0.11855457152172842 0.0025267357238495827 5.1084071446333965 -0.11769138819556363 -0.0068833485882294106 0.19497074919707896 -0.082948468446311457 0.062976200363301787 0.0019816327032676994 0.6465026719067053 -0.11769138819556363 0.014940939749757742 0.7618177347638917 0.80800405819851528 5.5506457564441867
leaf_weight=651 148 165 60 118 134 757 217 371 84 65 44 70 71 54
leaf_count=651 148 165 60 118 134 757 217 371 84 65 44 70 71 54
internal_value=-0.00283056 0.00327968 -0.0147067 -0.00112167 0.000718492 -0.000481928 -0.00332821 0.00484615 0.00514778 -0.0193758 -0.0101818 0.0094878 0.0181959 0.0120635
internal_weight=3009 1987 1022 262 1697 1493 974 519 202 760 109 204 290 125
internal_count=3009 1987 1022 262 1697 1493 974 519 202 760 109 204 290 125
is_linear=0
shrinkage=0.025


Tree=67
num_leaves=15
num_cat=0
split_feature=13 13 10 4 4 4 4 16 16 8 8 29 9 33
split_gain=364.579 113.851 104.509 55.3691 25.6041 44.2384 103.837 24.6655 21.2794 21.2308 17.6118 19.1934 14.2681 12.9924
threshold=4.5000000000000009 277.50000000000006 10.500000000000002 10.500000000000002 23.500000000000004 15.500000000000002 17.500000000000004 138.00000000000003 114.50000000000001 86.500000000000014 3.5000000000000004 16.500000000000004 6.5000000000000009 0.56552559985492323
decision_type=2 2 2 2 2 2 2 2 2 2 2 10 2 2
left_child=2 4 10 -4 5 7 -7 -2 12 -5 -1 13 -6 -12
right_child=1 -3 3 9 8 6 -8 -9 -10 -11 11 -13 -14 -15
leaf_value=-0.11559070723368521 0.0011858581947811865 4.9672164412815052 -0.11474910349067453 -0.0043959014260005263 0.00092889780490408309 -0.25182517467083498 0.0043823068742136371 0.40861019767555684 0.96821583703244141 0.63034010510903782 0.0078901118084928612 0.040174895077381145 0.025676623908670496 -0.11644998818201165
leaf_weight=651 826 277 60 122 31 144 300 58 94 84 20 22 257 63
leaf_count=651 826 277 60 122 31 144 300 58 94 84 20 22 257 63
internal_value=-0.00248173 0.00375755 -0.014609 -0.00110487 0.00134132 -0.000297216 -0.00673034 0.0029322 0.00703655 0.00504831 -0.0193461 -0.00962264 0.00361592 -0.015119
internal_weight=3009 1987 1022 266 1710 1328 444 884 382 206 756 105 288 83
internal_count=3009 1987 1022 266 1710 1328 444 884 382 206 756 105 288 83
is_linear=0
shrinkage=0.025


Tree=68
num_leaves=15
num_cat=0
split_feature=13 13 10 4 11 11 4 4 8 29 25 33 25 4
split_gain=363.581 114.237 104.509 55.3691 29.3775 21.5687 19.8688 44.1701 17.6118 19.1934 16.2318 12.9924 11.9547 28.2181
threshold=4.5000000000000009 277.50000000000006 10.500000000000002 10.500000000000002 205.00000000000003 161.50000000000003 23.500000000000004 14.500000000000002 3.5000000000000004 16.500000000000004 0.74409856002400898 0.56552559985492323 0.99928703105918426 10.500000000000002
decision_type=2 2 2 2 2 2 2 2 2 10 2 2 2 2
left_child=2 4 8 -4 6 -5 7 -2 12 11 -8 -10 -1 -14
right_child=1 -3 3 5 -6 -7 10 -9 9 -11 -12 -13 13 -15
leaf_value=-0.11270093955284309 0.0024339208758838108 4.8430360302494684 -0.11188037590340767 0.0023718434869432372 1.3396669179414886 4.0405806209414497 -0.0062491513678809346 -0.11183445547554083 0.0076928590132805397 0.03917052270044661 0.17503470831095369 -0.11353873847746135 -0.063950939552843075 0.021999532669146872
leaf_weight=606 793 277 60 164 71 42 139 486 20 22 221 63 27 18
leaf_count=606 793 277 60 164 71 42 139 486 20 22 221 63 27 18
internal_value=-0.00249834 0.00373239 -0.014609 -0.00110487 0.0013121 0.00504831 0.000621951 -0.000835937 -0.0193461 -0.00962264 0.00580332 -0.015119 -0.0208896 -0.00804348
internal_weight=3009 1987 1022 266 1710 206 1639 1279 756 105 360 83 651 45
internal_count=3009 1987 1022 266 1710 206 1639 1279 756 105 360 83 651 45
is_linear=0
shrinkage=0.025


Tree=69
num_leaves=15
num_cat=0
split_feature=13 13 10 4 11 4 4 5 22 8 37 24 8 25
split_gain=346.831 119.362 105.076 51.1476 29.8902 23.011 53.4576 50.6928 21.795 14.59 16.272 14.106 13.0674 11.922
threshold=4.5000000000000009 322.00000000000006 7.5000000000000009 10.500000000000002 205.00000000000003 10.500000000000002 17.500000000000004 16.500000000000004 34.500000000000007 3.5000000000000004 3.5000000000000004 44.500000000000007 124.50000000000001 0.99928703105918426
decision_type=2 2 2 2 2 2 2 2 10 2 10 10 2 2
left_child=2 4 9 -4 5 7 -7 -2 11 13 -11 -5 -10 -1
right_child=1 -3 3 8 -6 6 -8 -9 12 10 -12 -13 -14 -15
leaf_value=-0.10988341606402202 0.0023730728539867133 5.3536846369696738 -0.1090833665058225 0.00040801901177820458 1.2216516699115445 -0.17276663939937215 0.022462853100694957 -0.0010478938751104395 0.042035693981867378 -0.10984174529515965 0.019741265675240552 -0.11713781087960884 2.3577632457809279 -0.06235216606402201
leaf_weight=603 152 252 62 54 82 449 657 395 86 57 38 24 53 45
leaf_count=603 152 252 62 54 82 449 657 395 86 57 38 24 53 45
internal_value=-0.00278073 0.00330483 -0.014609 -0.0015 0.000961982 0.0002237 -0.00184734 0.00441606 0.00422018 -0.0195161 -0.0101042 -0.00626582 0.0101429 -0.0208706
internal_weight=3009 1987 1022 279 1735 1653 1106 547 217 743 95 78 139 648
internal_count=3009 1987 1022 279 1735 1653 1106 547 217 743 95 78 139 648
is_linear=0
shrinkage=0.025


Tree=70
num_leaves=15
num_cat=0
split_feature=13 13 11 4 11 4 5 14 14 0 21 31 10 25
split_gain=343.916 117.552 104.344 64.3057 28.4157 34.8977 46.9635 45.5935 17.7921 16.1811 15.5242 17.9333 15.4284 10.5979
threshold=4.5000000000000009 322.00000000000006 9.5000000000000018 10.500000000000002 106.00000000000001 10.500000000000002 16.500000000000004 17.500000000000004 178.50000000000003 71.500000000000014 131.50000000000003 88.500000000000014 14.500000000000002 0.99928703105918426
decision_type=2 2 2 2 2 2 2 2 2 2 10 8 2 2
left_child=2 4 12 -4 5 6 -2 -7 9 -5 -6 -12 13 -1
right_child=1 -3 3 8 10 7 -8 -9 -10 -11 11 -13 -14 -15
leaf_value=-0.10713633066242145 0.0023137460326370543 5.2198425210454324 -0.10625334169180872 -0.02876088910691248 0.54167039440999609 -0.077500351549165639 0.0038497769343070589 0.063526527741735089 4.8230418952283705 0.1194099368823455 -0.086038572050755144 0.52939726982892343 -0.056382571890023547 -0.060793361912421462
leaf_weight=670 148 252 58 116 84 768 372 217 34 65 56 90 34 45
leaf_count=670 148 252 58 116 84 768 372 217 34 65 56 90 34 45
internal_value=-0.00283056 0.00322938 -0.014609 -0.00135036 0.000904378 -0.000345286 0.00488484 -0.00311359 0.0049537 0.00175824 0.00906926 0.00404762 -0.0194267 -0.0202095
internal_weight=3009 1987 1022 273 1735 1505 520 985 215 181 230 146 749 715
internal_count=3009 1987 1022 273 1735 1505 520 985 215 181 230 146 749 715
is_linear=0
shrinkage=0.025


Tree=71
num_leaves=15
num_cat=0
split_feature=13 13 10 4 11 4 4 9 22 24 8 28 25 4
split_gain=350.571 113.418 98.8775 48.4385 27.425 22.5117 52.7534 38.8428 19.0441 15.7617 14.59 16.0344 11.922 28.2181
threshold=4.5000000000000009 323.50000000000006 7.5000000000000009 10.500000000000002 205.00000000000003 10.500000000000002 17.500000000000004 8.5000000000000018 34.500000000000007 8.5000000000000018 3.5000000000000004 16.500000000000004 0.99928703105918426 10.500000000000002
decision_type=2 2 2 2 2 2 2 2 10 10 2 10 2 2
left_child=2 4 10 -4 5 7 -7 -2 9 -5 12 -12 -1 -14
right_child=1 -3 3 8 -6 6 -8 -9 -10 -11 11 -13 13 -15
leaf_value=-0.10445792239586092 0.0016874072689728294 5.0894131200218782 -0.10369994880088172 0.11642468846028686 1.1777220323607693 -0.1665099646256587 0.022034778064391781 0.0031894231262118212 0.23606773462645841 -0.098373483484366808 -0.10419586151790237 0.082768642033874032 -0.059273527864610931 0.024528182551829272
leaf_weight=603 91 251 62 28 82 449 658 456 139 50 75 20 27 18
leaf_count=603 91 251 62 28 82 449 658 456 139 50 75 20 27 18
internal_value=-0.00286379 0.00325453 -0.0147556 -0.00203571 0.00097582 0.000268882 -0.00177798 0.00441606 0.00353211 -0.00626582 -0.0195161 -0.0101042 -0.0208706 -0.00804348
internal_weight=3009 1987 1022 279 1736 1654 1107 547 217 78 743 95 648 45
internal_count=3009 1987 1022 279 1736 1654 1107 547 217 78 743 95 648 45
is_linear=0
shrinkage=0.025


Tree=72
num_leaves=15
num_cat=0
split_feature=13 13 11 4 11 4 5 14 20 40 14 10 40 25
split_gain=351.33 113.769 92.7255 58.3949 25.119 33.6211 47.0763 44.1801 29.8452 17.9594 17.7324 13.3055 12.3199 11.3637
threshold=4.5000000000000009 339.50000000000006 9.5000000000000018 10.500000000000002 106.00000000000001 10.500000000000002 16.500000000000004 17.500000000000004 155.50000000000003 134.50000000000003 178.50000000000003 3.5000000000000004 15.500000000000002 0.99928703105918426
decision_type=2 2 2 2 2 2 2 2 10 10 2 2 10 2
left_child=2 4 11 -4 5 6 -2 -7 -6 -10 -5 13 -13 -1
right_child=1 -3 3 10 8 7 -8 -9 9 -11 -12 12 -14 -15
leaf_value=-0.10184647433596439 0.0022137172000967985 5.8230643191221052 -0.10099211161156595 0.0047312894452255175 0.53288938200496172 -0.076423593674081053 0.0056557791113039718 0.061387495096581902 -0.0751892938763703 1.2329559706904221 4.696564154482 0.034073546905010764 -0.10523946922230137 -0.057791689667995666
leaf_weight=631 148 225 58 181 128 775 385 217 88 21 34 30 43 45
leaf_count=631 148 225 58 181 128 775 385 217 88 21 34 30 43 45
internal_value=-0.00304651 0.00307847 -0.0149511 -0.00244526 0.000933069 -0.000242464 0.00481273 -0.00296576 0.00848739 -0.00109091 0.00356481 -0.0194933 -0.00905405 -0.0205982
internal_weight=3009 1987 1022 273 1762 1525 533 992 237 109 215 749 73 676
internal_count=3009 1987 1022 273 1762 1525 533 992 237 109 215 749 73 676
is_linear=0
shrinkage=0.025


Tree=73
num_leaves=15
num_cat=0
split_feature=9 9 8 4 11 4 0 4 14 8 23 0 6 4
split_gain=283.521 109.777 94.544 45.3523 27.8928 22.052 37.0374 37.0144 19.3754 18.0828 16.3086 13.9829 13.1833 13.9608
threshold=3.5000000000000004 338.50000000000006 20.500000000000004 10.500000000000002 205.00000000000003 10.500000000000002 41.500000000000007 17.500000000000004 6.5000000000000009 8.5000000000000018 126.50000000000001 71.500000000000014 227.50000000000003 21.500000000000004
decision_type=2 2 2 2 2 2 2 2 2 2 10 2 2 2
left_child=2 4 8 -4 5 6 -2 -7 -1 -10 11 -5 -3 -14
right_child=1 12 3 10 -6 7 -8 -9 9 -11 -12 -13 13 -15
leaf_value=-0.099300312477565281 -0.0086319720458440941 5.066467860038113 -0.07796780354057059 -0.10173972472692401 1.1124227191675324 -0.15528411709656489 0.0030543446180541171 0.0098042684407007932 0.069510095695476545 -0.13814330373980507 0.4253210708992704 0.17262865937293342 -1.9918724941062536 7.4521730453252069
leaf_weight=707 220 173 53 62 86 448 332 676 28 43 85 35 32 29
leaf_count=707 220 173 53 62 86 448 332 676 28 43 85 35 32 29
internal_value=-0.00281395 0.00265148 -0.0135799 0.00029661 0.000507657 -0.000205725 0.00387884 -0.00221778 -0.0177728 -0.00513889 0.00625683 -0.000714286 0.0187021 0.0083871
internal_weight=3009 1996 1013 235 1762 1676 552 1124 778 71 182 97 234 61
internal_count=3009 1996 1013 235 1762 1676 552 1124 778 71 182 97 234 61
is_linear=0
shrinkage=0.025


Tree=74
num_leaves=15
num_cat=0
split_feature=13 13 10 4 11 4 14 9 20 14 40 23 24 6
split_gain=317.555 116.423 87.8518 49.8915 23.5936 35.0116 37.2152 35.9556 27.297 18.2088 17.9594 13.9477 13.5929 9.03711
threshold=3.5000000000000004 339.50000000000006 7.5000000000000009 10.500000000000002 106.00000000000001 10.500000000000002 17.500000000000004 8.5000000000000018 155.50000000000003 178.50000000000003 134.50000000000003 1.0000000180025095e-35 8.5000000000000018 307.50000000000006
decision_type=2 2 2 2 2 2 2 2 10 2 10 10 10 2
left_child=2 4 11 -4 5 7 -7 -2 -6 12 -10 -1 -5 -3
right_child=1 13 3 9 8 6 -8 -9 10 -11 -12 -13 -14 -15
leaf_value=-0.096817804665626159 0.0020820156546430325 5.134689761748958 -0.096633452202056255 0.11165803662026211 0.51412808071308813 -0.069283351929486245 0.058073394175172946 0.0029779860026027728 -0.078751267753716908 4.5309079598823629 1.1743215034439742 -0.095058193728266141 -0.023043423086765991 6.1529893304443783
leaf_weight=480 93 155 61 39 128 804 217 444 88 34 21 235 140 70
leaf_count=480 93 155 61 39 128 804 217 444 88 34 21 235 140 70
internal_value=-0.00281395 0.00286739 -0.0144141 -0.00234545 0.000734967 -0.000381655 -0.00310176 0.00477695 0.00806723 0.00336449 -0.00109091 -0.0190223 0.000111111 0.0197788
internal_weight=3009 2020 989 274 1795 1558 1021 537 237 213 109 715 179 225
internal_count=3009 2020 989 274 1795 1558 1021 537 237 213 109 715 179 225
is_linear=0
shrinkage=0.025


Tree=75
num_leaves=15
num_cat=0
split_feature=13 13 11 4 4 4 4 5 16 14 0 14 19 27
split_gain=336.971 101.323 89.7625 60.4115 25.651 53.829 98.1133 25.5056 20.2088 16.6285 17.9624 12.1959 11.8778 10.2209
threshold=3.5000000000000004 339.50000000000006 9.5000000000000018 10.500000000000002 23.500000000000004 15.500000000000002 17.500000000000004 8.5000000000000018 114.50000000000001 178.50000000000003 71.500000000000014 1.0000000180025095e-35 66.500000000000014 4.5000000000000009
decision_type=2 2 2 2 2 2 2 2 2 2 2 2 8 10
left_child=2 4 11 -4 5 7 -7 -2 12 10 -5 -1 -6 -13
right_child=1 -3 3 9 8 6 -8 -9 -10 -11 -12 13 -14 -15
leaf_value=-0.094397359548985496 0.0020299652632769674 5.460987257287778 -0.094141658889555876 -0.027099184626558338 0.024881475541853427 -0.22293000995910855 0.0029655776237671461 0.0029035363525376835 0.77832271105802464 4.4176352608853042 0.11316849050063214 -0.071293835125504537 -0.030936327128566889 -0.0023292542279385489
leaf_weight=632 181 225 58 113 157 153 320 735 102 34 64 43 147 45
leaf_count=632 181 225 58 113 157 153 320 735 102 34 64 43 147 45
internal_value=-0.00251495 0.00333746 -0.0144646 -0.00211111 0.00134744 -0.000266187 -0.0071097 0.00326609 0.00686732 0.00410377 0.000955056 -0.0190638 0.00359016 -0.0100562
internal_weight=3009 2020 989 269 1795 1389 473 916 406 211 177 720 304 88
internal_count=3009 2020 989 269 1795 1389 473 916 406 211 177 720 304 88
is_linear=0
shrinkage=0.025


Tree=76
num_leaves=15
num_cat=0
split_feature=13 13 11 4 4 4 4 5 16 10 0 39 19 23
split_gain=337.947 101.641 82.9972 61.8882 24.7754 53.829 98.1133 25.5056 18.7036 15.7548 13.3899 16.16 11.8778 10.7436
threshold=3.5000000000000004 339.50000000000006 16.500000000000004 10.500000000000002 23.500000000000004 15.500000000000002 17.500000000000004 8.5000000000000018 114.50000000000001 19.500000000000004 70.500000000000014 120.00000000000001 66.500000000000014 1.0000000180025095e-35
decision_type=2 2 2 2 2 2 2 2 2 2 2 10 8 10
left_child=2 4 9 -4 5 7 -7 -2 12 13 11 -5 -6 -1
right_child=1 -3 3 10 8 6 -8 -9 -10 -11 -12 -13 -14 -15
leaf_value=-0.092037425560260858 0.0019792161316950496 5.3244625758555832 -0.091788117417316975 -0.031038122650005565 0.024259438653307087 -0.21735675971013083 0.0028914381831729231 0.0028309479437242492 0.75886464328157399 -0.017428284387305173 0.43365024440505329 0.2898561920033213 -0.030162918950352769 -0.09025290020869485
leaf_weight=485 181 225 58 84 157 153 320 735 102 32 73 36 147 221
leaf_count=485 181 225 58 84 157 153 320 735 102 32 73 36 147 221
internal_value=-0.00254817 0.00331272 -0.0145152 -0.00206349 0.0013196 -0.000266187 -0.0071097 0.00326609 0.00674447 -0.0187348 0.00474227 -0.000371901 0.00359016 -0.019512
internal_weight=3009 2020 989 251 1795 1389 473 916 406 738 193 120 304 706
internal_count=3009 2020 989 251 1795 1389 473 916 406 738 193 120 304 706
is_linear=0
shrinkage=0.025


Tree=77
num_leaves=15
num_cat=0
split_feature=13 13 10 4 8 4 4 4 0 4 16 6 14 28
split_gain=316.647 102.201 79.8572 43.9399 19.5684 19.1481 45.1516 99.5887 37.1537 34.569 28.4375 19.9233 16.0462 13.1985
threshold=3.5000000000000004 338.50000000000006 21.500000000000004 10.500000000000002 1.0000000180025095e-35 10.500000000000002 17.500000000000004 15.500000000000002 41.500000000000007 5.5000000000000009 15.500000000000002 139.50000000000003 7.5000000000000009 59.500000000000007
decision_type=2 2 2 2 2 2 2 2 2 2 2 2 2 10
left_child=2 5 4 -4 12 8 7 -7 11 -10 -8 -2 -1 -6
right_child=1 -3 3 -5 13 6 10 -9 9 -11 -12 -13 -14 -15
leaf_value=-0.089736489921254339 -0.010059581251741357 4.7366862718766489 -0.068954527739333082 0.16154387970169948 -0.075010762566717862 0.006786108407683145 -0.00083082889969392508 -0.21192284071737758 0.00050626850051774806 0.0074716829880008724 0.14754955816325507 1.0152543972365551 0.08318588631044764 0.0063974187571606226
leaf_weight=553 200 235 45 162 182 331 327 153 154 200 399 21 18 29
leaf_count=553 200 235 45 162 182 331 327 153 154 200 399 21 18 29
internal_value=-0.00283056 0.00284265 -0.0144141 -0.000576923 -0.0180651 0.000795073 -0.000986788 -0.00689691 0.00454861 0.00956338 0.00295048 -0.00346847 -0.0204895 -0.0114151
internal_weight=3009 2020 989 207 782 1785 1210 484 575 354 726 221 571 211
internal_count=3009 2020 989 207 782 1785 1210 484 575 354 726 221 571 211
is_linear=0
shrinkage=0.025


Tree=78
num_leaves=15
num_cat=0
split_feature=13 13 11 4 11 4 4 5 14 25 22 4 4 16
split_gain=304.845 101.694 84.215 54.5307 22.4456 23.2544 96.6722 39.8714 20.8464 17.4396 12.2604 10.7513 21.5843 20.9045
threshold=3.5000000000000004 338.50000000000006 1.0000000180025095e-35 10.500000000000002 205.00000000000003 14.500000000000002 17.500000000000004 10.500000000000002 178.50000000000003 0.98027155096468965 19.500000000000004 10.500000000000002 17.500000000000004 316.50000000000006
decision_type=2 2 2 2 2 2 2 2 2 2 10 2 2 2
left_child=2 4 10 -4 5 7 -7 -2 9 -5 -1 -3 13 -13
right_child=1 11 3 8 -6 6 -8 -9 -10 -11 -12 12 -14 -15
leaf_value=-0.08749307767322298 0.0017429436537026444 3.541727671394074 -0.087618145417716106 -0.029684348937186744 1.0608247886764441 -0.18657960460720446 0.013893205378195918 -0.00014971233973266608 4.2941119519155242 0.48847194196435595 -0.04073228897126116 3.6151236842589274 6.730936514406908 -2.6632095671500653
leaf_weight=563 187 95 67 231 88 208 680 622 34 21 73 49 70 21
leaf_count=563 187 95 67 231 88 208 680 622 34 21 73 49 70 21
internal_value=-0.00289701 0.00266947 -0.0142626 -0.00443503 0.0006271 -1.17786e-05 -0.00280652 0.00304938 0.00033101 -0.00215415 -0.0196939 0.0180932 0.0134397 0.0034507
internal_weight=3009 2020 989 353 1785 1697 888 809 286 252 636 235 140 70
internal_count=3009 2020 989 353 1785 1697 888 809 286 252 636 235 140 70
is_linear=0
shrinkage=0.025


Tree=79
num_leaves=15
num_cat=0
split_feature=13 13 11 4 11 25 14 30 25 22 40 40 14 6
split_gain=276.056 110.166 86.506 56.0664 26.1379 22.7507 20.0586 17.7422 16.7968 13.9024 13.508 14.7725 12.3854 9.87382
threshold=3.5000000000000004 339.50000000000006 1.0000000180025095e-35 10.500000000000002 106.00000000000001 0.96184336583595786 178.50000000000003 214.50000000000003 0.98027155096468965 19.500000000000004 100.50000000000001 68.000000000000014 1.0000000180025095e-35 4.5000000000000009
decision_type=2 2 2 2 2 2 2 8 2 10 10 10 2 2
left_child=2 4 9 -4 5 7 8 -2 -5 13 11 -6 -7 -1
right_child=1 -3 3 6 10 12 -8 -9 -10 -11 -12 -13 -14 -15
leaf_value=-0.085305750731392405 -0.0010858511240668279 4.9440272758674002 -0.085427691782273205 -0.028942240213757044 0.2622528014518441 -0.071564874557879327 4.1867591531176371 0.16472669338847404 0.47626014341524725 -0.039713981746979626 0.59242545328410401 -0.12784034084915988 -0.0035470528442773431 -0.084711610106392402
leaf_weight=512 1405 225 67 231 150 54 34 59 21 73 63 24 40 51
leaf_count=512 1405 225 67 231 150 54 34 59 21 73 63 24 40 51
internal_value=-0.00329568 0.00200148 -0.0141111 -0.00415254 -6.68151e-05 -0.00124759 0.000679443 -0.000474403 -0.00175889 -0.0196154 0.00764706 0.00397143 -0.0131053 -0.0209574
internal_weight=3009 2020 989 353 1795 1558 286 1464 252 636 237 174 94 563
internal_count=3009 2020 989 353 1795 1558 286 1464 252 636 237 174 94 563
is_linear=0
shrinkage=0.025


Tree=80
num_leaves=15
num_cat=0
split_feature=13 13 11 4 4 4 4 5 14 6 25 22 6 6
split_gain=305.885 94.2893 89.327 56.1818 27.9536 50.9191 91.3987 24.8512 18.27 16.5601 17.2472 11.5112 9.34726 8.70189
threshold=3.5000000000000004 380.00000000000006 1.5000000000000002 10.500000000000002 23.500000000000004 15.500000000000002 17.500000000000004 10.500000000000002 178.50000000000003 81.500000000000014 0.74790564644338686 19.500000000000004 4.5000000000000009 307.50000000000006
decision_type=2 2 2 2 2 2 2 2 2 2 2 10 2 2
left_child=2 4 11 -4 5 7 -7 -2 -5 10 -6 12 -1 -3
right_child=1 13 3 8 9 6 -8 -9 -10 -11 -12 -13 -14 -15
leaf_value=-0.08317310696310759 0.001726516340461748 4.9795837977125359 -0.083500997449394834 -0.0060122154370447767 -0.016635955586488959 -0.20193313330616133 -0.00087318030063410212 0.001047770308675311 4.0820901742896956 0.93076212483374654 0.13143476557106665 -0.046087854768302162 -0.082020934057344175 5.4352294268137555
leaf_weight=537 215 141 63 223 142 153 321 716 34 39 226 80 52 67
leaf_count=537 215 141 63 223 142 153 321 716 34 39 226 80 52 67
internal_value=-0.00307973 0.00249629 -0.0144646 -0.00356698 0.000659129 -0.00100996 -0.00767368 0.00238197 0.00162791 0.00642157 0.004729 -0.0196567 -0.0208814 0.0183971
internal_weight=3009 2020 989 320 1812 1405 474 931 257 407 368 669 589 208
internal_count=3009 2020 989 320 1812 1405 474 931 257 407 368 669 589 208
is_linear=0
shrinkage=0.025


Tree=81
num_leaves=15
num_cat=0
split_feature=13 13 11 4 11 4 4 20 35 7 0 16 22 28
split_gain=273.801 106.085 87.5918 55.3536 19.4751 20.8918 111.958 18.5154 19.9876 18.3582 17.9465 15.5619 11.5112 11.1695
threshold=3.5000000000000004 380.00000000000006 1.5000000000000002 10.500000000000002 106.00000000000001 15.500000000000002 17.500000000000004 155.50000000000003 76.500000000000014 278.00000000000006 71.500000000000014 142.50000000000003 19.500000000000004 1.5000000000000002
decision_type=2 2 2 2 2 2 2 10 10 2 2 2 10 10
left_child=2 4 12 -4 5 11 -7 13 -9 10 -5 -2 -1 -6
right_child=1 -3 3 9 7 6 -8 8 -10 -11 -12 -13 -14 -15
leaf_value=-0.081093779289029902 0.00071032309119651866 4.8550942027697239 -0.08141347251315996 -0.041611639458196126 0.20867333185202988 -0.19539068607679977 0.0035896822344938517 -0.14342005953692691 0.42362637534239056 7.7287259288202534 0.08704657699019798 1.2998490401242284 -0.044935658399094608 0.54003473423248582
leaf_weight=589 826 208 63 146 44 145 579 59 51 24 87 22 80 86
leaf_count=589 826 208 63 146 44 145 579 59 51 24 87 22 80 86
internal_value=-0.00374419 0.00153142 -0.0145152 -0.00372274 -0.000410921 -0.00142721 -0.00454483 0.00620332 -0.00130631 0.00143411 -0.000726496 0.00123086 -0.0196567 0.0125573
internal_weight=3009 2020 989 320 1812 1572 724 240 110 257 233 848 669 130
internal_count=3009 2020 989 320 1812 1572 724 240 110 257 233 848 669 130
is_linear=0
shrinkage=0.025


Tree=82
num_leaves=15
num_cat=0
split_feature=13 13 10 4 7 14 4 4 6 23 24 27 13 14
split_gain=270.4 103.711 80.7334 47.1881 16.5838 16.5303 31.1419 118.465 24.0104 14.3797 13.4089 11.8821 11.1456 11.6074
threshold=3.5000000000000004 380.00000000000006 7.5000000000000009 10.500000000000002 278.00000000000006 20.500000000000004 22.500000000000004 13.500000000000002 57.500000000000007 1.0000000180025095e-35 8.5000000000000018 21.500000000000004 58.500000000000007 144.50000000000003
decision_type=2 2 2 2 2 2 2 2 2 10 10 10 2 2
left_child=2 5 9 -4 10 6 7 -2 -8 -1 -5 -11 -7 -14
right_child=1 -3 3 4 -6 12 8 -9 -10 11 -12 -13 13 -15
leaf_value=-0.079066434806804156 0.00077710600469309559 4.7337168477004798 -0.079396500616786089 0.10383323908410587 7.5355077805997484 0.05809259059637855 0.010839024493544836 -0.16132401521352341 0.50978288610289624 -0.079155038214027307 -0.014152499198777502 -0.032382261590640928 -0.039939689724648279 0.36550460464040602
leaf_weight=480 705 208 61 39 24 134 389 267 71 192 150 43 141 105
leaf_count=480 705 208 61 39 24 134 389 267 71 192 150 43 141 105
internal_value=-0.0037608 0.00148194 -0.0144646 -0.00289091 0.00266355 -0.0004385 -0.00167132 -0.00420863 0.00367679 -0.0188827 0.000105263 -0.0136441 0.00418635 0.000991903
internal_weight=3009 2020 989 274 213 1812 1432 972 460 715 189 235 380 246
internal_count=3009 2020 989 274 213 1812 1432 972 460 715 189 235 380 246
is_linear=0
shrinkage=0.025


Tree=83
num_leaves=15
num_cat=0
split_feature=13 13 11 4 11 4 4 20 35 10 22 6 0 28
split_gain=278.924 101.876 80.6275 56.4988 17.4941 18.8741 115.932 17.5127 19.9876 15.7442 14.8361 14.1085 13.9149 10.3527
threshold=3.5000000000000004 380.00000000000006 9.5000000000000018 10.500000000000002 106.00000000000001 15.500000000000002 17.500000000000004 155.50000000000003 76.500000000000014 283.00000000000006 19.500000000000004 111.50000000000001 71.500000000000014 1.5000000000000002
decision_type=2 2 2 2 2 2 2 10 10 2 10 2 2 10
left_child=2 4 10 -4 5 11 -7 13 -9 12 -1 -2 -5 -6
right_child=1 -3 3 9 7 6 -8 8 -10 -11 -12 -13 -14 -15
leaf_value=-0.077089773936634062 0.00067313736379928104 4.6153739265079681 -0.077190261783301808 -0.025809599623838199 0.19431888343971906 -0.1864728185445417 0.0034699138492277461 -0.13883606580538696 0.41276474034649202 7.3471200860847548 -0.042140383743666368 1.4598946746965065 0.10658782284345253 0.52567222068804953
leaf_weight=616 824 208 58 116 44 145 579 59 51 24 104 24 71 86
leaf_count=616 824 208 58 116 44 145 579 59 51 24 104 24 71 86
internal_value=-0.00369435 0.00163038 -0.0145657 -0.00285185 -0.000273028 -0.00123649 -0.0042 0.00599585 -0.00130631 0.00316038 -0.0189251 0.00128975 0.000638298 0.0121756
internal_weight=3009 2020 989 269 1812 1572 724 240 110 211 720 848 187 130
internal_count=3009 2020 989 269 1812 1572 724 240 110 211 720 848 187 130
is_linear=0
shrinkage=0.025


Tree=84
num_leaves=15
num_cat=0
split_feature=9 9 10 4 11 11 32 28 32 28 23 29 39 9
split_gain=234.225 91.5631 77.0526 48.0487 22.1109 21.0987 21.7516 17.0471 26.8337 17.9638 16.6193 17.6803 11.3169 16.9958
threshold=3.5000000000000004 499.00000000000006 13.500000000000002 10.500000000000002 205.00000000000003 83.500000000000014 49.500000000000007 12.500000000000002 1.0000000180025095e-35 28.500000000000004 1.0000000180025095e-35 56.500000000000007 122.00000000000001 179.50000000000003
decision_type=2 2 2 2 2 2 10 10 8 10 10 10 10 2
left_child=2 4 10 -4 7 6 -5 8 -2 -9 -1 -12 13 -6
right_child=1 -3 3 5 12 -7 -8 9 -10 -11 11 -13 -14 -15
leaf_value=-0.075162529588218216 0.00029293972366660758 6.4290446832459329 -0.075481831556783882 0.079609886017254106 2.3785860030287367 0.50428660560134986 -0.086044849853937802 0.067720473134029915 -0.067472846904705272 -0.0035192987958442504 -0.075248917910260782 0.0059376234003186926 1.7424191229379049 -0.020233419069212746
leaf_weight=490 208 143 63 45 22 85 64 167 170 1200 224 42 28 58
leaf_count=490 208 143 63 45 22 85 64 167 170 1200 224 42 28 58
internal_value=-0.00389369 0.00107411 -0.0136785 -0.00182171 -0.000415318 0.00433333 -0.00290909 -0.00109966 -0.00579156 0.000197368 -0.0176948 -0.0125281 0.0105046 0.00549383
internal_weight=3009 1996 1013 257 1853 194 109 1745 378 1367 756 266 108 80
internal_count=3009 1996 1013 257 1853 194 109 1745 378 1367 756 266 108 80
is_linear=0
shrinkage=0.025


Tree=85
num_leaves=15
num_cat=0
split_feature=13 13 11 4 11 4 4 16 7 7 13 22 40 5
split_gain=263.593 90.8238 76.4967 56.4988 17.0889 15.8048 99.8067 20.0071 15.7442 14.7204 13.622 9.19429 8.68977 7.80654
threshold=3.5000000000000004 492.00000000000006 9.5000000000000018 10.500000000000002 205.00000000000003 14.500000000000002 17.500000000000004 138.00000000000003 278.00000000000006 1.0000000180025095e-35 270.50000000000006 19.500000000000004 22.500000000000004 261.50000000000006
decision_type=2 2 2 2 2 2 2 2 2 2 2 10 10 2
left_child=2 4 9 -4 5 7 -7 -2 12 11 -6 -1 -5 -12
right_child=1 -3 3 8 10 6 -8 -9 -10 -11 13 -13 -14 -15
leaf_value=-0.073283466348512752 0.00047855118494115616 6.0385272587924463 -0.07337928229096273 0.081513909176327948 1.5824781161680386 -0.16483189216023383 0.013571728123095107 0.7025724813852734 7.0027159668514889 -0.051590144127709459 -0.30655250460949052 -0.041481472418130265 -0.01260819892197489 0.71423456303948285
leaf_weight=535 825 153 58 74 58 213 681 45 24 110 18 75 113 27
leaf_count=535 825 153 58 74 58 213 681 45 24 110 18 75 113 27
internal_value=-0.00369435 0.00148194 -0.0142626 -0.00285185 -3.74732e-05 -0.000620397 -0.00295531 0.00177382 0.00316038 -0.018509 0.00980769 -0.0200409 0.000638298 -0.000434783
internal_weight=3009 2020 989 269 1867 1764 894 870 211 720 103 610 187 45
internal_count=3009 2020 989 269 1867 1764 894 870 211 720 103 610 187 45
is_linear=0
shrinkage=0.025


Tree=86
num_leaves=15
num_cat=0
split_feature=13 13 11 4 7 11 4 4 5 25 13 38 4 33
split_gain=260.222 87.6563 77.7237 53.016 20.8166 16.9957 15.4334 97.4377 19.7823 13.7454 13.622 8.5792 11.8001 18.2994
threshold=3.5000000000000004 492.00000000000006 1.0000000180025095e-35 10.500000000000002 278.00000000000006 205.00000000000003 14.500000000000002 17.500000000000004 16.500000000000004 0.98027155096468965 270.50000000000006 18.500000000000004 10.500000000000002 0.68804148313772573
decision_type=2 2 2 2 2 2 2 2 2 2 2 10 2 2
left_child=2 5 11 -4 9 6 8 -8 -2 -5 -7 -1 -13 -14
right_child=1 -3 3 4 -6 10 7 -9 -10 -11 -12 12 13 -15
leaf_value=-0.071451379689799935 0.001705357960730547 5.8875640773226356 -0.071544800233688671 -0.023499391648745593 6.8276480676802009 1.5429161632638377 -0.16071109485622798 0.013232434920017733 -0.003235268793336488 0.45834185552253826 -0.011976703296151926 -0.071451379689799935 -0.071451379689799935 0.22118363345618547
leaf_weight=542 233 153 67 241 24 58 213 681 637 21 45 37 37 20
leaf_count=542 233 153 67 241 24 58 213 681 637 21 45 37 37 20
internal_value=-0.00366113 0.00148194 -0.0141616 -0.00471751 0 -1.07066e-05 -0.000592068 -0.00289944 0.00177382 -0.00207224 0.00980769 -0.0193799 -0.0120526 -0.00465517
internal_weight=3009 2020 989 353 286 1867 1764 894 870 262 103 636 94 57
internal_count=3009 2020 989 353 286 1867 1764 894 870 262 103 636 94 57
is_linear=0
shrinkage=0.025


Tree=87
num_leaves=15
num_cat=0
split_feature=13 13 11 4 7 22 4 4 16 0 35 30 22 6
split_gain=262.834 88.8545 85.1413 55.3536 18.3582 18.14 25.4485 119.555 28.1902 17.9465 16.1189 12.2575 10.9306 8.87509
threshold=3.5000000000000004 492.00000000000006 1.5000000000000002 10.500000000000002 278.00000000000006 6.5000000000000009 22.500000000000004 13.500000000000002 44.500000000000007 71.500000000000014 254.00000000000003 46.500000000000007 19.500000000000004 4.5000000000000009
decision_type=2 2 2 2 2 10 2 2 2 2 10 10 10 2
left_child=2 5 12 -4 9 6 7 -2 -8 -5 11 -7 13 -1
right_child=1 -3 3 4 -6 10 8 -9 -10 -11 -12 -13 -14 -15
leaf_value=-0.069665095197554941 0.00059438770797082263 5.7403749753895701 -0.069971683704748003 -0.034773646406708485 6.6569568659881959 0.061071146617616458 -0.0017301353693818468 -0.1611362905046739 0.33910019496495175 0.083957816547643657 0.34279557677476336 -0.0063120190212742518 -0.03727632423736231 -0.069039757966344095
leaf_weight=537 739 153 63 146 24 130 251 215 218 87 69 245 80 52
leaf_count=537 739 153 63 146 24 130 251 215 218 87 69 245 80 52
internal_value=-0.00381063 0.00135824 -0.0143636 -0.00372274 0.00143411 -0.00014454 -0.00152388 -0.00386911 0.00323404 -0.000726496 0.00425843 0.00218085 -0.0194328 -0.0206271
internal_weight=3009 2020 989 320 257 1867 1423 954 469 233 444 375 669 589
internal_count=3009 2020 989 320 257 1867 1423 954 469 233 444 375 669 589
is_linear=0
shrinkage=0.025


Tree=88
num_leaves=15
num_cat=0
split_feature=13 13 10 4 11 4 11 4 13 4 4 16 10 16
split_gain=273.098 89.336 77.7791 42.0194 17.653 16.2804 22.3917 19.6102 13.622 13.5936 133.815 21.1809 13.4966 12.6234
threshold=3.5000000000000004 492.00000000000006 21.500000000000004 10.500000000000002 205.00000000000003 10.500000000000002 17.500000000000004 14.500000000000002 270.50000000000006 15.500000000000002 17.500000000000004 138.00000000000003 283.00000000000006 20.500000000000004
decision_type=2 2 2 2 2 2 2 2 2 2 2 2 2 2
left_child=2 4 5 -4 9 -1 7 -7 -6 11 -11 -2 13 -5
right_child=1 -3 3 12 8 6 -8 -9 -10 10 -12 -13 -14 -15
leaf_value=-0.067923467817616073 0.00039502579225769718 5.596865601004831 -0.047607547862129368 0.21689570303571976 1.4958657543081182 -0.042923467817616072 0.011752810254283387 -0.067923467817616073 -0.011692145406446742 -0.17250073124155829 0.011020554442990617 0.68524685154600684 6.49053294433849 -0.0093329812527878538
leaf_weight=277 885 153 45 27 58 113 49 343 45 153 681 45 24 111
leaf_count=277 885 153 45 27 58 113 49 343 45 153 681 45 24 111
internal_value=-0.00396013 0.00130876 -0.0147172 -0.00105769 -0.000198073 -0.0183206 -0.0155534 -0.0172757 0.00980769 -0.000790368 -0.00310778 0.00128357 0.0048773 0.00176259
internal_weight=3009 2020 989 207 1867 782 505 456 103 1764 834 930 162 138
internal_count=3009 2020 989 207 1867 782 505 456 103 1764 834 930 162 138
is_linear=0
shrinkage=0.025


Tree=89
num_leaves=15
num_cat=0
split_feature=13 13 11 4 7 0 11 4 4 16 13 22 6 5
split_gain=260.359 89.5773 85.1413 55.3536 18.3582 17.9465 17.7479 13.9669 133.056 21.1809 13.622 10.9306 8.87509 7.80654
threshold=3.5000000000000004 492.00000000000006 1.5000000000000002 10.500000000000002 278.00000000000006 71.500000000000014 205.00000000000003 15.500000000000002 17.500000000000004 138.00000000000003 270.50000000000006 19.500000000000004 4.5000000000000009 261.50000000000006
decision_type=2 2 2 2 2 2 2 2 2 2 2 10 2 2
left_child=2 6 11 -4 5 -5 7 9 -9 -2 -8 12 -1 -12
right_child=1 -3 3 4 -6 -7 10 8 -10 -11 13 -13 -14 -15
leaf_value=-0.066225381122175672 0.00038515014745126312 5.4569439609797108 -0.066527081789425416 -0.032219035562101726 6.328269620730028 0.081565050877595455 1.4584691104504153 -0.16818821296051933 0.010745040581915877 0.6681156802573569 -0.29813917030115533 -0.034646329435987853 -0.0656156773217451 0.69695556048836238
leaf_weight=537 885 153 63 146 24 87 58 153 681 45 18 80 52 27
leaf_count=537 885 153 63 146 24 87 58 153 681 45 18 80 52 27
internal_value=-0.00386047 0.00128402 -0.0143636 -0.00372274 0.00143411 -0.000726496 -0.000224839 -0.000818697 -0.00316766 0.00128357 0.00980769 -0.0194328 -0.0206271 -0.000434783
internal_weight=3009 2020 989 320 257 233 1867 1764 834 930 103 669 589 45
internal_count=3009 2020 989 320 257 233 1867 1764 834 930 103 669 589 45
is_linear=0
shrinkage=0.025


Tree=90
num_leaves=15
num_cat=0
split_feature=13 13 10 4 11 22 25 4 8 4 25 8 13 40
split_gain=258.256 91.0941 74.9843 48.2934 18.4163 16.6317 14.5429 17.2587 15.9728 14.3242 16.9406 17.0692 13.622 8.97336
threshold=4.5000000000000009 492.00000000000006 12.500000000000002 10.500000000000002 205.00000000000003 51.000000000000007 0.96184336583595786 22.500000000000004 46.500000000000007 10.500000000000002 0.99928703105918426 3.5000000000000004 270.50000000000006 9.5000000000000018
decision_type=2 2 2 2 2 10 2 2 2 2 2 2 2 10
left_child=2 4 9 -4 6 13 7 -2 -8 -1 11 -11 -6 -5
right_child=1 -3 3 5 12 -7 8 -9 -10 10 -12 -13 -14 -15
leaf_value=-0.064569746594121277 -0.0040462969070267363 5.3205203619552179 -0.065369025870840439 0.12668623351340882 1.4220073826891551 0.19717966824151656 -0.037285244457218238 0.062952223762234236 0.25377870856309281 -0.064569746594121277 0.037288080507519909 -0.032392768303507229 -0.0039463625137557299 -0.054118912944840419
leaf_weight=266 1235 153 60 22 58 112 78 389 29 399 18 82 45 63
leaf_count=266 1235 153 60 22 58 112 78 389 29 399 18 82 45 63
internal_value=-0.00410963 0.00114185 -0.0143157 -0.0025969 -0.000405995 0.00338384 -0.00102194 -0.000427692 -0.00990741 -0.0182376 -0.01564 -0.0165353 0.00980769 -0.00488372
internal_weight=3009 1987 1022 257 1834 197 1731 1624 107 765 499 481 103 85
internal_count=3009 1987 1022 257 1834 197 1731 1624 107 765 499 481 103 85
is_linear=0
shrinkage=0.025


Tree=91
num_leaves=15
num_cat=0
split_feature=13 13 5 4 11 4 40 40 10 8 11 12 19 36
split_gain=263.731 89.5773 72.8263 35.296 42.0063 16.9918 16.4868 15.6779 14.8662 13.925 13.3433 9.9237 9.60392 12.7548
threshold=3.5000000000000004 492.00000000000006 57.500000000000007 10.500000000000002 17.500000000000004 14.500000000000002 653.50000000000011 620.50000000000011 283.00000000000006 15.500000000000002 205.00000000000003 7.5000000000000009 106.50000000000001 23.500000000000004
decision_type=2 2 2 2 2 2 10 8 2 2 2 2 10 10
left_child=2 6 3 -1 5 -5 7 10 12 11 -2 -8 -4 -14
right_child=1 -3 8 4 -6 -7 9 -9 -10 -11 -12 -13 13 -15
leaf_value=-0.062955502929268242 -0.0012988907493395097 5.1875073529063371 -0.097348685170186411 -0.038580502929268234 0.030151241975090583 -0.062955502929268242 0.43447578928430475 -0.046642469667174072 6.8865447437099476 0.75334633340397827 0.64941049352858515 -0.11508060574925578 0.34732323992607272 -0.023275527999110326
leaf_weight=321 1670 153 22 111 101 360 18 25 22 34 93 27 29 23
leaf_count=321 1670 153 22 111 101 360 18 25 22 34 93 27 29 23
internal_value=-0.00389369 0.00128402 -0.0144646 -0.016689 -0.0129058 -0.0160381 -0.000224839 -0.000723868 0.00613402 0.010875 -0.000436508 0.00152174 0.0006 0.00650943
internal_weight=3009 2020 989 893 572 471 1867 1788 96 79 1763 45 74 52
internal_count=3009 2020 989 893 572 471 1867 1788 96 79 1763 45 74 52
is_linear=0
shrinkage=0.025


Tree=92
num_leaves=15
num_cat=0
split_feature=9 9 7 23 14 4 8 31 4 4 14 16 6 16
split_gain=206.757 91.1123 73.416 26.8113 23.6352 19.348 20.1547 15.6851 13.9127 58.1647 101.054 28.6809 19.9486 15.0261
threshold=3.5000000000000004 499.00000000000006 1.5000000000000002 406.00000000000006 2.5000000000000004 10.500000000000002 90.500000000000014 18.500000000000004 22.500000000000004 15.500000000000002 7.5000000000000009 44.500000000000007 57.500000000000007 142.50000000000003
decision_type=2 2 2 8 2 2 2 10 2 2 2 2 2 2
left_child=2 8 4 5 -1 7 -7 -4 9 13 -11 12 -10 -2
right_child=1 -3 3 -5 -6 6 -8 -9 11 10 -12 -13 -14 -15
leaf_value=-0.061381615356036534 0.00015513067586967467 5.403622497239934 0.040619540390778537 0.56651413282644103 -0.046709199143262395 -0.034361965391642005 0.34407357092923835 -0.061709693172580862 -0.020613818059843237 -0.16239929927325011 0.026759898025346552 0.32246671311774905 0.34668958667418437 0.53902962043787495
leaf_weight=624 902 143 18 32 61 167 61 50 223 199 202 221 45 61
leaf_count=624 902 143 18 32 61 167 61 50 223 199 202 221 45 61
internal_value=-0.00389369 0.00077366 -0.0130868 -0.00332827 -0.0177405 -0.00570707 -0.00216157 -0.0173188 -0.000711974 -0.00201099 -0.01 0.00289796 -0.00258364 0.00131743
internal_weight=3009 1996 1013 328 685 296 228 68 1853 1364 401 489 268 963
internal_count=3009 1996 1013 328 685 296 228 68 1853 1364 401 489 268 963
is_linear=0
shrinkage=0.025


Tree=93
num_leaves=15
num_cat=0
split_feature=13 13 11 4 4 4 4 16 6 22 40 6 6 9
split_gain=253.646 86.8446 76.891 53.016 21.1848 41.3055 100.476 21.4482 16.4988 14.9654 12.3142 9.52076 9.37132 8.85315
threshold=3.5000000000000004 500.50000000000006 1.0000000180025095e-35 10.500000000000002 23.500000000000004 15.500000000000002 17.500000000000004 121.50000000000001 87.500000000000014 19.500000000000004 275.00000000000006 74.500000000000014 4.5000000000000009 179.50000000000003
decision_type=2 2 2 2 2 2 2 2 2 10 10 2 2 2
left_child=2 4 9 -4 5 10 -7 11 -5 12 -2 -6 -1 -9
right_child=1 -3 3 8 7 6 -8 13 -10 -11 -12 -13 -14 -15
leaf_value=-0.059847074972135622 0.00066149420689392007 5.5859983765032908 -0.060289763178385428 -0.014352552452358681 0.00038251644383591188 -0.16290243009918925 0.00026784157519097466 0.93021440713532477 0.38432353319240353 -0.020494164708694942 1.1432896608322782 0.4931429877594326 -0.059921608836195739 0.31973172309725445
leaf_weight=512 953 134 67 243 298 160 329 55 43 73 32 19 51 40
leaf_count=512 953 134 67 243 298 160 329 55 43 73 32 19 51 40
internal_value=-0.00374419 0.0013335 -0.0141111 -0.00471751 -5.03445e-05 -0.00145424 -0.00738776 0.00495157 0 -0.0193014 0.00149087 0.00179245 -0.0206915 0.0153125
internal_weight=3009 2020 989 353 1886 1474 489 412 286 636 985 317 563 95
internal_count=3009 2020 989 353 1886 1474 489 412 286 636 985 317 563 95
is_linear=0
shrinkage=0.025


Tree=94
num_leaves=15
num_cat=0
split_feature=9 9 14 4 21 11 4 4 4 6 11 40 7 4
split_gain=214.292 88.7507 75.4282 52.8065 24.8973 24.0604 17.6857 41.9034 87.8364 19.7212 18.7164 13.534 12.9102 13.8117
threshold=3.5000000000000004 499.00000000000006 2.5000000000000004 10.500000000000002 129.50000000000003 83.500000000000014 23.500000000000004 15.500000000000002 17.500000000000004 81.500000000000014 106.00000000000001 228.00000000000003 1.0000000180025095e-35 19.500000000000004
decision_type=2 2 2 2 10 2 2 2 2 2 2 10 2 2
left_child=2 6 4 -4 12 -5 7 11 -9 10 -8 -2 -1 -14
right_child=1 -3 3 5 -6 -7 9 8 -10 -11 -12 -13 13 -15
leaf_value=-0.058350898097832227 0.00049576944877622881 5.1288819753963528 -0.05878251909892579 -0.024420471563502622 0.063905737725996656 0.45751512548344986 -0.00076063594020585605 -0.1635070909925419 -0.0028950884103762678 0.86261005070780605 0.42689548237870945 1.1395957749098871 -0.060505991224742442 -0.0050645466828611379
leaf_weight=584 930 143 56 165 25 87 296 151 331 40 72 33 44 52
leaf_count=584 930 143 56 165 25 87 296 151 331 40 72 33 44 52
internal_value=-0.00372757 0.00102404 -0.0130868 -0.00273463 -0.0175921 0.00215415 -0.000442287 -0.00174274 -0.00775362 0.00414425 0.00228997 0.00126556 -0.0184949 -0.00974227
internal_weight=3009 1996 1013 308 705 252 1853 1445 482 408 368 963 680 96
internal_count=3009 1996 1013 308 705 252 1853 1445 482 408 368 963 680 96
is_linear=0
shrinkage=0.025


Tree=95
num_leaves=15
num_cat=0
split_feature=13 13 14 4 4 4 4 16 7 10 5 4 32 9
split_gain=251.181 87.0661 76.7147 44.9682 21.4101 39.4353 101.744 21.4482 17.8062 16.5626 13.7802 13.3526 10.7192 8.85315
threshold=3.5000000000000004 500.50000000000006 1.0000000180025095e-35 10.500000000000002 23.500000000000004 15.500000000000002 17.500000000000004 121.50000000000001 1.5000000000000002 11.500000000000002 18.500000000000004 19.500000000000004 49.500000000000007 179.50000000000003
decision_type=2 2 2 2 2 2 2 2 2 2 2 2 10 2
left_child=2 4 8 -4 5 10 -7 -6 -1 -5 -2 -10 -11 -9
right_child=1 -3 3 9 7 6 -8 13 11 12 -12 -13 -14 -15
leaf_value=-0.05689212564538642 0.0016245485930177718 5.3765184533297106 -0.057312956121452645 -0.039880810988284471 0.0014522260811022038 -0.15474219207189599 0.00083073986068740171 0.90697806285544691 -0.064475413237671142 0.15652187003138993 -0.0012833342334918286 0.021106475202233257 -0.0056612409322642776 0.30106604296035511
leaf_weight=591 276 134 56 97 317 160 329 55 34 65 709 31 115 40
leaf_count=591 276 134 56 97 317 160 329 55 34 65 709 31 115 40
internal_value=-0.00374419 0.00130876 -0.0140606 -0.0042515 -7.68415e-05 -0.00148814 -0.00728571 0.00495157 -0.0190183 -7.19424e-05 0.00138945 -0.00636364 0.00439227 0.0153125
internal_weight=3009 2020 989 333 1886 1474 489 412 656 277 985 65 180 95
internal_count=3009 2020 989 333 1886 1474 489 412 656 277 985 65 180 95
is_linear=0
shrinkage=0.025


Tree=96
num_leaves=15
num_cat=0
split_feature=13 13 11 27 40 22 6 1 40 15 8 31 6 32
split_gain=250.474 88.6249 73.9141 31.7606 17.7037 14.9654 14.1935 13.4773 46.7906 12.4277 10.4244 20.9952 9.37132 8.07929
threshold=3.5000000000000004 500.50000000000006 1.0000000180025095e-35 4.5000000000000009 653.50000000000011 19.500000000000004 167.00000000000003 1.0000000180025095e-35 1.0000000180025095e-35 69.000000000000014 15.500000000000002 126.50000000000001 4.5000000000000009 12.500000000000002
decision_type=2 2 2 10 8 10 2 2 10 2 2 10 2 10
left_child=2 4 5 -4 7 12 -5 9 -9 -2 11 -6 -1 -14
right_child=1 -3 3 6 10 -7 -8 8 -10 -11 -12 -13 13 -15
leaf_value=-0.055469822504251753 -0.0001102097875169683 5.242105491996468 -0.037987154888363607 -0.0014523542659809153 0.080649740126050071 -0.017100734997397095 1.4580836312596084 0.0016362504585039073 -0.088578827592152423 0.2536867896672142 0.72642415457631682 -0.09611481529460246 0.043316177917118663 -0.056030948749057709
leaf_weight=512 764 134 159 174 25 73 20 500 291 243 34 29 20 31
leaf_count=512 764 134 159 174 25 73 20 500 291 243 34 29 20 31
internal_value=-0.0039103 0.00113558 -0.0142121 -0.005 -0.000262321 -0.0193014 0.00176923 -0.000803224 -0.00324495 0.00111111 0.010618 0.00354545 -0.0206915 -0.01
internal_weight=3009 2020 989 353 1886 636 194 1798 791 1007 88 54 563 51
internal_count=3009 2020 989 353 1886 636 194 1798 791 1007 88 54 563 51
is_linear=0
shrinkage=0.025


Tree=97
num_leaves=15
num_cat=0
split_feature=13 13 11 4 6 4 4 14 6 16 25 22 0 6
split_gain=241.672 91.1022 73.9141 51.5115 17.3272 16.1866 48.9925 106.627 24.1497 25.0672 15.1599 14.9654 12.9796 9.37132
threshold=3.5000000000000004 500.50000000000006 1.0000000180025095e-35 10.500000000000002 87.500000000000014 22.500000000000004 15.500000000000002 1.0000000180025095e-35 57.500000000000007 5.5000000000000009 0.98027155096468965 19.500000000000004 50.500000000000007 4.5000000000000009
decision_type=2 2 2 2 2 2 2 2 2 2 2 10 2 2
left_child=2 5 11 -4 10 6 12 -8 9 -7 -5 13 -2 -1
right_child=1 -3 3 4 -6 8 7 -9 -10 -11 -12 -13 -14 -15
leaf_value=-0.054083076941645464 -0.00077331332302348348 5.1110528546965561 -0.054930453346207234 -0.022149448206497432 0.32696700696732395 -0.025753768605443719 -0.15031936948349256 0.022620809120371989 0.42418073550119684 0.063141832078603508 0.43360009064668542 -0.016673216622462163 0.0027205006079431327 -0.05422594791697545
leaf_weight=512 447 134 67 222 43 92 174 235 91 309 21 73 538 51
leaf_count=512 447 134 67 222 43 92 174 235 91 309 21 73 538 51
internal_value=-0.00409302 0.000863434 -0.0142121 -0.005 -0.00033101 -0.000553789 -0.0019319 -0.00919512 0.00333671 0.000671642 -0.00295082 -0.0193014 0.00108519 -0.0206915
internal_weight=3009 2020 989 353 286 1886 1394 409 492 401 243 636 985 563
internal_count=3009 2020 989 353 286 1886 1394 409 492 401 243 636 985 563
is_linear=0
shrinkage=0.025


Tree=98
num_leaves=15
num_cat=0
split_feature=13 13 11 4 4 4 4 16 6 0 22 0 37 6
split_gain=249.063 91.7837 77.689 52.1019 16.2103 42.7661 94.2453 24.7314 15.2726 12.8709 12.4141 11.5956 9.33416 8.87509
threshold=3.5000000000000004 500.50000000000006 1.5000000000000002 10.500000000000002 23.500000000000004 15.500000000000002 17.500000000000004 44.500000000000007 87.500000000000014 71.500000000000014 19.500000000000004 50.500000000000007 1.5000000000000002 4.5000000000000009
decision_type=2 2 2 2 2 2 2 2 2 2 10 2 10 2
left_child=2 4 10 -4 5 11 -7 12 9 -5 13 -2 -6 -1
right_child=1 -3 3 8 7 6 -8 -9 -10 -11 -12 -13 -14 -15
leaf_value=-0.052731000018104324 -0.00075398048994790301 4.9832765333291427 -0.053557192012552046 -0.031477407796341249 -0.0010167355087975505 -0.14490118234320745 -0.00034252124557947465 0.29576607412356887 0.31879283179314089 0.062370477464602919 -0.025803698504387674 0.0026524880927445652 -0.0058421503261625101 -0.052828184912055313
leaf_weight=537 447 134 63 137 26 160 329 222 43 77 80 538 164 52
leaf_count=537 447 134 63 137 26 160 329 222 43 77 80 538 164 52
internal_value=-0.00424252 0.000789213 -0.0145152 -0.00434579 -0.00063328 -0.00186102 -0.00789796 0.00374092 0.000658915 -0.00206977 -0.0193582 0.0011359 -0.0028534 -0.0206271
internal_weight=3009 2020 989 320 1886 1474 489 412 257 214 669 985 190 589
internal_count=3009 2020 989 320 1886 1474 489 412 257 214 669 985 190 589
is_linear=0
shrinkage=0.025


Tree=99
num_leaves=15
num_cat=0
split_feature=13 13 11 4 4 4 4 16 6 22 25 16 37 6
split_gain=247.456 92.2395 77.689 52.1019 16.6056 41.8125 94.2453 24.7314 15.14 12.4141 12.0515 11.4226 9.08313 8.87509
threshold=3.5000000000000004 500.50000000000006 1.5000000000000002 10.500000000000002 23.500000000000004 15.500000000000002 17.500000000000004 44.500000000000007 186.00000000000003 19.500000000000004 0.96184336583595786 142.50000000000003 3.5000000000000004 4.5000000000000009
decision_type=2 2 2 2 2 2 2 2 2 10 2 2 10 2
left_child=2 4 9 -4 5 11 -7 10 12 13 -6 -2 -5 -1
right_child=1 -3 3 8 7 6 -8 -9 -10 -11 -12 -13 -14 -15
leaf_value=-0.05141272501765172 0.00027456450442278071 4.8586946199959131 -0.052218262212238242 -0.019520973461108329 -0.0023225676758019788 -0.14127865278462731 -0.0003339582144399778 0.28837192227047981 2.0180001687708953 -0.025158606041777987 -0.0009913171210776063 0.52780968472650192 0.054615231854583834 -0.051507480289253928
leaf_weight=537 922 134 63 199 164 160 329 222 23 80 26 63 35 52
leaf_count=537 922 134 63 199 164 160 329 222 23 80 26 63 35 52
internal_value=-0.00427575 0.000739733 -0.0145152 -0.00434579 -0.000686275 -0.00192881 -0.00789796 0.00374092 0.000658915 -0.0193582 -0.0028534 0.00103448 -0.00125532 -0.0206271
internal_weight=3009 2020 989 320 1886 1474 489 412 257 669 190 985 234 589
internal_count=3009 2020 989 320 1886 1474 489 412 257 669 190 985 234 589
is_linear=0
shrinkage=0.025


Tree=100
num_leaves=15
num_cat=0
split_feature=13 13 11 4 4 4 4 16 28 6 0 22 16 6
split_gain=247.456 92.2395 77.689 52.1019 16.6056 41.8125 94.2453 24.4316 15.4315 15.14 13.5257 12.4141 11.4226 8.87509
threshold=3.5000000000000004 500.50000000000006 1.5000000000000002 10.500000000000002 23.500000000000004 15.500000000000002 17.500000000000004 121.50000000000001 13.500000000000002 186.00000000000003 71.500000000000014 19.500000000000004 142.50000000000003 4.5000000000000009
decision_type=2 2 2 2 2 2 2 2 10 2 2 10 2 2
left_child=2 4 11 -4 5 12 -7 8 -6 10 -5 13 -2 -1
right_child=1 -3 3 9 7 6 -8 -9 -10 -11 -12 -13 -14 -15
leaf_value=-0.05012740689221043 0.00026770039181220898 4.7372272544960152 -0.050912805656932285 -0.030202448264904994 -0.00096653419305066108 -0.13774668646501162 -0.0003256092590789628 0.68722804992732167 0.039549205274527571 1.9675501645516229 0.072171292215577929 -0.024529640890733541 0.51461444260833922 -0.050219793282022578
leaf_weight=537 922 134 63 149 68 160 329 95 249 23 85 80 63 52
leaf_count=537 922 134 63 149 68 160 329 95 249 23 85 80 63 52
internal_value=-0.00427575 0.000739733 -0.0145152 -0.00434579 -0.000686275 -0.00192881 -0.00789796 0.00374092 0.000377358 0.000658915 -0.00125532 -0.0193582 0.00103448 -0.0206271
internal_weight=3009 2020 989 320 1886 1474 489 412 317 257 234 669 985 589
internal_count=3009 2020 989 320 1886 1474 489 412 317 257 234 669 985 589
is_linear=0
shrinkage=0.025


Tree=101
num_leaves=15
num_cat=0
split_feature=13 13 11 4 13 25 4 4 16 8 6 22 37 21
split_gain=215.774 92.2395 62.9631 52.1019 15.8295 15.2944 19.0108 33.0549 19.3838 16.4958 15.14 14.2723 9.08313 8.50917
threshold=3.5000000000000004 500.50000000000006 1.5000000000000002 10.500000000000002 1.5000000000000002 0.96184336583595786 23.500000000000004 15.500000000000002 121.50000000000001 69.500000000000014 186.00000000000003 19.500000000000004 3.5000000000000004 1.5000000000000002
decision_type=2 2 2 2 2 2 2 2 2 2 2 10 10 8
left_child=2 5 4 -4 11 6 7 -2 -8 -7 12 -1 -5 -6
right_child=1 -3 3 10 13 9 8 -9 -10 -11 -12 -13 -14 -15
leaf_value=-0.048874221719905166 0.0013107142847897713 4.6187965731336149 -0.049639985515508973 -0.018277887917958147 0.00042265331536934793 -0.035288057105950836 0.0096405182434197052 -0.075782863717905269 0.70727164015414568 0.2801738940818545 1.9183614104378321 -0.046185054851003049 0.05400491226484188 -0.0066852541941444079
leaf_weight=491 970 134 63 199 37 93 276 435 91 21 23 63 35 78
leaf_count=491 970 134 63 199 37 93 276 435 91 21 23 63 35 78
internal_value=-0.00394352 0.000739733 -0.0135051 -0.00434579 -0.0178657 -0.000686275 -0.000109983 -0.0014367 0.00494565 -0.00952174 0.000658915 -0.0196306 -0.00125532 -0.00922414
internal_weight=3009 2020 989 320 669 1886 1772 1405 367 114 257 554 234 115
internal_count=3009 2020 989 320 669 1886 1772 1405 367 114 257 554 234 115
is_linear=0
shrinkage=0.025


Tree=102
num_leaves=15
num_cat=0
split_feature=13 13 4 11 4 29 4 4 20 17 0 0 0 36
split_gain=214.06 89.5218 59.3285 66.265 20.1393 18.2255 17.1234 116.679 16.2787 15.9665 14.3853 13.6124 12.3393 12.0939
threshold=3.5000000000000004 500.50000000000006 10.500000000000002 16.500000000000004 14.500000000000002 27.500000000000004 17.500000000000004 15.500000000000002 43.500000000000007 0.74808641188908043 35.500000000000007 71.500000000000014 33.500000000000007 671.00000000000011
decision_type=2 2 2 2 2 10 2 2 10 2 2 2 2 8
left_child=2 6 5 4 10 -1 7 -2 -6 -8 -4 12 -5 -11
right_child=1 -3 3 11 8 -7 9 -9 -10 13 -12 -13 -14 -15
leaf_value=-0.047652366176907539 0.0010529157685759793 4.5033266588052738 0.051113258823092457 0.13755062844638477 -0.047652366176907539 -0.01112013959721121 -0.035430111704336742 -0.13240844771043866 -0.023330799196018239 0.064792087363668219 -0.048886741176907549 0.29216688632782567 -0.030085463837129026 -6.0169410575627857e-05
leaf_weight=300 985 134 42 56 294 22 221 160 67 487 71 71 66 33
leaf_count=300 985 134 42 56 294 22 221 160 67 487 71 71 66 33
internal_value=-0.00362791 0.00103662 -0.0131515 -0.00886228 -0.0138842 -0.0219659 -0.000368309 -0.00228621 -0.016768 0.0025876 -0.0045614 0.00345361 -0.00158537 0.00498081
internal_weight=3009 2020 989 667 474 322 1886 1145 361 741 113 193 122 520
internal_count=3009 2020 989 667 474 322 1886 1145 361 741 113 193 122 520
is_linear=0
shrinkage=0.025


Tree=103
num_leaves=15
num_cat=0
split_feature=13 13 4 11 29 22 25 25 4 4 16 8 0 0
split_gain=206.662 91.7837 59.3285 61.3164 18.2255 15.5073 17.5999 15.4794 17.5926 27.8791 19.9217 16.4958 13.0382 13.0637
threshold=3.5000000000000004 500.50000000000006 10.500000000000002 17.500000000000004 27.500000000000004 12.500000000000002 0.99928703105918426 0.96184336583595786 23.500000000000004 15.500000000000002 121.50000000000001 69.500000000000014 71.500000000000014 33.500000000000007
decision_type=2 2 2 2 10 10 2 2 2 2 2 2 2 2
left_child=2 7 4 5 -1 6 -4 8 9 -2 -10 -9 13 -5
right_child=1 -3 3 12 -6 -7 -8 11 10 -11 -12 -13 -14 -15
leaf_value=-0.046461057022484847 0.0012516235334556259 4.3907434923351421 -0.046461057022484847 0.13411186273522499 -0.010842136107280931 -0.018400667440360941 0.043092406283884666 -0.033491059442647429 0.0088242444816255539 -0.072373130001370009 0.68797004696619979 0.2715497445457164 0.34160000436632054 -0.030103744443001457
leaf_weight=300 970 134 360 56 22 99 18 93 276 435 91 21 69 65
leaf_count=300 970 134 360 56 22 99 18 93 276 435 91 21 69 65
internal_value=-0.00379402 0.000789213 -0.0131515 -0.00886228 -0.0219659 -0.0136402 -0.0159499 -0.00063328 -5.35815e-05 -0.00133001 0.00480978 -0.00952174 0.00311518 -0.00180328
internal_weight=3009 2020 989 667 322 477 378 1886 1772 1405 367 114 190 121
internal_count=3009 2020 989 667 322 477 378 1886 1772 1405 367 114 190 121
is_linear=0
shrinkage=0.025


Tree=104
num_leaves=15
num_cat=0
split_feature=13 13 11 27 13 22 40 14 33 14 0 25 33 6
split_gain=219.348 88.4014 52.7377 20.8896 14.9652 14.4927 14.1532 13.9112 14.9283 13.3746 11.0478 10.7543 8.87751 6.64807
threshold=3.5000000000000004 500.50000000000006 1.5000000000000002 5.5000000000000009 1.5000000000000002 19.500000000000004 779.00000000000011 235.50000000000003 0.49319965639143776 224.00000000000003 85.500000000000014 0.74790564644338686 0.56552559985492323 265.50000000000006
decision_type=2 2 2 10 2 10 8 2 2 2 2 2 2 2
left_child=2 6 4 12 5 -1 7 8 -2 11 -6 -5 -4 -9
right_child=1 -3 3 9 10 -7 -8 13 -10 -11 -12 -13 -14 -15
leaf_value=-0.045299530596922731 -0.11772948113370241 4.2809749050267625 0.037008417039541809 0.037079072251017565 -0.0038850962371049127 -0.043554746031831716 0.116471194282442 1.7456439389653611 -0.00021687166573172159 5.7244156647629332 0.0016642688398229078 -0.027485709653330217 -0.046046150297636444 0.18861054617414086
leaf_weight=491 31 134 19 75 84 63 25 27 1773 24 31 81 121 30
leaf_count=491 31 134 19 75 84 63 25 27 1773 24 31 81 121 30
internal_value=-0.00356146 0.00116032 -0.013202 -0.00481308 -0.017194 -0.0189099 -0.000235824 -0.000494092 -0.000883657 0.000801105 -0.0087931 -0.00187898 -0.0120213 0.0115517
internal_weight=3009 2020 989 320 669 554 1886 1861 1804 180 115 156 140 57
internal_count=3009 2020 989 320 669 554 1886 1861 1804 180 115 156 140 57
is_linear=0
shrinkage=0.025


Tree=105
num_leaves=15
num_cat=0
split_feature=13 13 19 14 25 13 10 36 27 35 19 0 7 21
split_gain=205.807 90.1974 54.8603 20.2202 19.2681 16.2019 15.3166 12.1748 21.6144 17.2969 13.5795 12.1144 11.0441 9.60429
threshold=3.5000000000000004 500.50000000000006 62.500000000000007 1.5000000000000002 0.73494611678964128 1.5000000000000002 47.500000000000007 1064.5000000000002 1105.0000000000002 336.50000000000006 946.50000000000011 76.500000000000014 1.0000000180025095e-35 1.5000000000000002
decision_type=2 2 10 2 2 2 2 8 10 10 8 2 2 8
left_child=2 7 3 5 -5 12 11 9 -9 10 -2 -4 -1 -7
right_child=1 -3 6 4 -6 13 -8 8 -10 -11 -12 -13 -14 -15
leaf_value=-0.044167042331999661 -0.00021237150633544034 4.1739505324010935 -0.04483300341534488 0.0044162334510872486 -0.039372055909068393 0.0016226621188273338 0.27539573725419653 -0.028665998558318508 0.0077222635110535624 0.13403011076980717 -0.095342211285372971 0.0045601990067409065 -0.034690636370222176 -0.0033879409418611228
leaf_weight=453 1524 134 49 70 134 35 75 87 18 234 23 29 71 73
leaf_count=453 1524 134 49 70 134 35 75 87 18 234 23 29 71 73
internal_value=-0.0036113 0.000962395 -0.0129495 -0.0154659 -0.0085122 -0.0176856 0.000779221 -0.000447801 -0.00867925 3.92817e-05 -0.000917313 -0.00689873 -0.0195143 -0.00866972
internal_weight=3009 2020 989 836 204 632 153 1886 105 1781 1547 78 524 108
internal_count=3009 2020 989 836 204 632 153 1886 105 1781 1547 78 524 108
is_linear=0
shrinkage=0.025


Tree=106
num_leaves=15
num_cat=0
split_feature=13 13 4 11 25 23 29 4 4 17 37 0 0 32
split_gain=191.932 91.3291 67.1132 54.6369 25.5362 19.8837 18.2255 15.7097 104.456 14.1091 12.1394 11.3273 15.6952 13.1958
threshold=3.5000000000000004 500.50000000000006 10.500000000000002 9.5000000000000018 0.99928703105918426 40.000000000000007 27.500000000000004 17.500000000000004 15.500000000000002 0.74808641188908043 42.500000000000007 71.500000000000014 33.500000000000007 96.500000000000014
decision_type=2 2 2 2 2 10 10 2 2 2 8 2 2 10
left_child=2 7 6 4 5 -4 -1 8 -2 -9 -11 12 -5 -13
right_child=1 -3 3 11 -6 -7 -8 9 -10 10 -12 13 -14 -15
leaf_value=-0.043062866273699665 0.00056796044231151039 4.0696017690910669 -0.043062866273699665 0.12733742856820415 0.044133305375488381 -0.020246881133993491 -0.0094938371799705018 -0.034065648638632422 -0.12737529192017685 0.078563574149296156 0.01800357166551967 0.39829959271561538 -0.040699737285493233 -0.047605344747653482
leaf_weight=300 985 134 353 58 18 85 22 221 160 204 316 58 73 22
leaf_count=300 985 134 353 58 18 85 22 221 160 204 316 58 73 22
internal_value=-0.00357807 0.000838694 -0.012596 -0.00803892 -0.0128993 -0.0141116 -0.0219659 -0.000580286 -0.0024171 0.00225067 0.00450096 0.00245283 -0.00204545 0.00981481
internal_weight=3009 2020 989 667 456 438 322 1886 1145 741 520 211 131 80
internal_count=3009 2020 989 667 456 438 322 1886 1145 741 520 211 131 80
is_linear=0
shrinkage=0.025


Tree=107
num_leaves=15
num_cat=0
split_feature=13 13 4 11 4 29 8 0 22 4 4 28 30 14
split_gain=191.373 83.9732 63.5163 54.8788 18.9368 18.2255 15.3581 13.3133 12.8259 20.8968 64.2899 21.7133 18.5271 13.4023
threshold=3.5000000000000004 492.00000000000006 10.500000000000002 13.500000000000002 14.500000000000002 27.500000000000004 1.0000000180025095e-35 35.500000000000007 12.500000000000002 23.500000000000004 13.500000000000002 13.500000000000002 46.500000000000007 235.50000000000003
decision_type=2 2 2 2 2 10 2 2 10 2 2 10 10 2
left_child=2 8 5 4 7 -1 -6 -4 9 10 -2 -11 -10 -14
right_child=1 -3 3 -5 6 -7 -8 -9 12 11 -12 -13 13 -15
leaf_value=-0.041986294616857177 -2.5427291502122532e-06 3.2462003693892685 0.054310189758142828 0.033257758817397544 -0.041986294616857177 -0.0092564912504712413 -0.021554246022159856 -0.043189810241857182 0.066741582954799802 -0.0019543056142890649 -0.099002892796835079 0.087481326111688643 -0.012510369868181215 1.6986378887109241
leaf_weight=300 739 153 42 202 242 22 110 71 160 83 287 324 252 22
leaf_count=300 739 153 42 202 242 22 110 71 160 83 287 324 252 22
internal_value=-0.00384385 0.000566551 -0.0128485 -0.00841317 -0.013133 -0.0219659 -0.0159915 -0.00412281 -0.000894004 -0.00203626 -0.00393866 0.0027451 0.00286207 -0.00107273
internal_weight=3009 2020 989 667 465 322 352 113 1867 1433 1026 407 434 274
internal_count=3009 2020 989 667 465 322 352 113 1867 1433 1026 407 434 274
is_linear=0
shrinkage=0.025


Tree=108
num_leaves=15
num_cat=0
split_feature=13 13 4 11 25 23 28 22 4 4 16 35 4 0
split_gain=184.988 84.6757 65.6628 52.6366 25.3594 18.1036 16.3616 12.5449 18.5513 65.6019 25.8277 14.522 12.6686 11.7855
threshold=3.5000000000000004 492.00000000000006 10.500000000000002 13.500000000000002 0.99928703105918426 40.000000000000007 27.500000000000004 6.5000000000000009 23.500000000000004 13.500000000000002 5.5000000000000009 254.00000000000003 10.500000000000002 72.500000000000014
decision_type=2 2 2 2 2 10 10 10 2 2 2 10 2 2
left_child=2 7 6 4 5 -4 -1 8 9 -2 -10 12 -9 -5
right_child=1 -3 3 13 -6 -7 -8 11 10 -11 -12 -13 -14 -15
leaf_value=-0.040936637251435745 -2.4791609214647182e-06 3.1650453601545365 -0.040936637251435745 -0.014458716912243475 0.042620523444401398 -0.020308867250335066 -0.019397886750311122 -0.022870687807545444 -0.0019054479739318399 -0.097520171985019929 0.080337618460682686 0.31359979582275044 0.027855325686750199 0.20161292182735269
leaf_weight=298 739 153 360 129 18 87 24 48 54 277 353 69 327 73
leaf_count=298 739 153 360 129 18 87 24 48 54 277 353 69 327 73
internal_value=-0.00384385 0.000492331 -0.012697 -0.00818862 -0.0128112 -0.0139955 -0.0219659 -0.000974304 -0.00212079 -0.00392822 0.00237745 0.00268539 0.000718085 0.00243842
internal_weight=3009 2020 989 667 465 447 322 1867 1423 1016 407 444 375 202
internal_count=3009 2020 989 667 465 447 322 1867 1423 1016 407 444 375 202
is_linear=0
shrinkage=0.025


Tree=109
num_leaves=15
num_cat=0
split_feature=13 13 4 10 4 36 29 40 19 0 33 10 32 4
split_gain=185.856 86.8443 61.4049 58.5455 19.7867 19.226 18.2255 14.7893 14.1525 13.3133 12.3064 10.7221 11.7298 8.18206
threshold=3.5000000000000004 500.50000000000006 10.500000000000002 12.500000000000002 14.500000000000002 1064.5000000000002 27.500000000000004 653.50000000000011 38.500000000000007 35.500000000000007 0.52041780751120703 350.00000000000006 43.500000000000007 15.500000000000002
decision_type=2 2 2 2 2 8 10 10 10 2 2 2 10 2
left_child=2 5 6 4 9 7 -1 10 -6 -4 -2 12 -5 -7
right_child=1 -3 3 11 8 13 -8 -9 -10 -11 -12 -13 -14 -15
leaf_value=-0.03991322132014985 -0.0083215717215755266 3.8075805816251944 0.053975850945475148 0.068618541601386793 -0.03991322132014985 -0.007300146958546261 -0.0085401318004516818 0.31205857682598437 -0.021523785091363379 -0.04108664905452486 -0.00022021405023604502 6.715241909087414 -0.022272637400660503 -0.13987535895169945
leaf_weight=300 98 134 42 58 281 80 22 63 80 71 1620 18 117 25
leaf_count=300 98 134 42 58 281 80 22 63 80 71 1620 18 117 25
internal_value=-0.00412625 0.000220188 -0.013 -0.00863772 -0.0133579 -0.00116322 -0.0219659 -0.000544332 -0.0162155 -0.00412281 -0.000986038 0.00293814 0.000965909 -0.0115094
internal_weight=3009 2020 989 667 474 1886 322 1781 361 113 1718 193 175 105
internal_count=3009 2020 989 667 474 1886 322 1781 361 113 1718 193 175 105
is_linear=0
shrinkage=0.025


Tree=110
num_leaves=15
num_cat=0
split_feature=13 13 14 4 40 6 4 33 8 4 14 25 6 32
split_gain=199.734 82.1291 63.3968 43.1605 21.6939 18.1872 37.7926 17.7292 17.2563 15.9367 15.1876 14.7648 4.29043 6.75108
threshold=1.5000000000000002 515.50000000000011 1.0000000180025095e-35 10.500000000000002 779.00000000000011 1.0000000180025095e-35 17.500000000000004 0.52041780751120703 1.0000000180025095e-35 25.500000000000004 224.00000000000003 0.98027155096468965 1.5000000000000002 11.500000000000002
decision_type=2 2 2 2 8 2 2 2 2 2 2 2 2 8
left_child=2 4 8 -4 5 7 -7 -2 12 -10 11 -5 -1 -14
right_child=1 -3 3 10 -6 6 -8 -9 9 -11 -12 -13 13 -15
leaf_value=-0.038915390787146106 -0.0065661212781703785 3.8857204024554068 -0.039763219655915262 -0.016999922842119927 0.0017267699395118854 -0.064013137270806819 0.014872156333746195 0.0013069289038877053 -0.041399421396706916 0.020123959113796143 3.8376135325565599 0.38302715181662284 -0.016026792777084908 -0.039047581824208706
leaf_weight=404 55 130 56 212 35 387 356 1187 68 21 30 21 19 28
leaf_count=404 55 130 56 212 35 387 356 1187 68 21 30 21 19 28
internal_value=-0.00344518 0.000625291 -0.0136279 -0.00475 -0.000616032 -0.000966767 -0.00405914 0.000880933 -0.0188447 -0.00855556 -0.000454545 -0.00264957 -0.0208407 -0.0129167
internal_weight=3009 2150 859 319 2020 1985 743 1242 540 89 263 233 451 47
internal_count=3009 2150 859 319 2020 1985 743 1242 540 89 263 233 451 47
is_linear=0
shrinkage=0.025


Tree=111
num_leaves=15
num_cat=0
split_feature=9 9 6 4 40 4 38 2 4 25 11 8 30 12
split_gain=162.778 79.9242 64.0774 26.8372 21.2711 20.5622 20.5175 15.4683 22.265 15.8361 14.2496 13.5514 10.2204 10.2063
threshold=1.5000000000000002 527.50000000000011 22.500000000000004 10.500000000000002 779.00000000000011 10.500000000000002 6.5000000000000009 1.0000000180025095e-35 22.500000000000004 0.98027155096468965 113.00000000000001 1.0000000180025095e-35 46.500000000000007 75.500000000000014
decision_type=2 2 2 2 8 2 10 2 2 2 2 2 10 2
left_child=2 4 3 -1 7 13 11 8 -2 -9 12 -5 -7 -4
right_child=1 -3 5 6 -6 10 -8 9 -10 -11 -12 -13 -14 -15
leaf_value=-0.037942506017467459 -0.024967830124068693 3.8121553878869223 0.0020877616811707301 -0.03798462032446321 0.0016836006910240899 0.078146331491718971 -0.017840332144303823 0.0015236894371001065 0.0077679385010151593 0.054014135492995545 0.71785072635096514 -0.017428796669488357 -0.068557729709054896 -0.018482702557655228
leaf_weight=237 917 122 18 234 34 49 132 683 341 30 59 73 52 28
leaf_count=237 917 122 18 234 34 49 132 683 341 30 59 73 52 28
internal_value=-0.00342857 0.00031485 -0.0124519 -0.0161669 -0.000882353 -0.000217391 -0.0124318 -0.00122718 -0.00289515 0.00170868 0.00400621 -0.015974 -0.00166667 -0.0147872
internal_weight=3009 2127 882 676 2005 206 439 1971 1258 713 160 307 101 46
internal_count=3009 2127 882 676 2005 206 439 1971 1258 713 160 307 101 46
is_linear=0
shrinkage=0.025


Tree=112
num_leaves=15
num_cat=0
split_feature=13 13 19 4 22 40 6 0 33 6 11 11 0 23
split_gain=215 77.3441 60.5108 31.2391 34.5183 21.1917 16.2489 16.1822 14.1317 16.1726 12.8704 10.6913 8.54305 7.4475
threshold=1.5000000000000002 515.50000000000011 62.500000000000007 10.500000000000002 12.500000000000002 779.00000000000011 167.00000000000003 72.500000000000014 0.52041780751120703 1.0000000180025095e-35 252.50000000000003 18.500000000000004 29.500000000000004 53.500000000000007
decision_type=2 2 10 2 10 8 2 2 2 2 2 2 2 10
left_child=2 5 3 -1 11 8 7 12 10 -10 -2 -5 -4 -6
right_child=1 -3 6 4 13 -7 -8 -9 9 -11 -12 -13 -14 -15
leaf_value=-0.036993943367030768 -0.037062422554306598 3.6932735076968473 0.042509970080958227 -0.036992890509355877 -0.015863136358145163 0.001641510673748492 1.9596194917517256 0.076192673204425895 0.0015292587073231002 -0.022619981305604497 1.0380915702271623 -0.087223644162785885 -0.0454697378989707 0.125493923029138
leaf_weight=266 86 130 35 297 80 35 20 39 1187 693 19 29 49 44
leaf_count=266 86 130 35 297 80 35 20 39 1187 693 19 29 49 44
internal_value=-0.00341196 0.000811251 -0.0139767 -0.0169386 -0.0128492 -0.00039337 0.000833333 -0.00258065 -0.000740181 -0.000236576 -0.00962264 -0.0171101 -0.00876471 -0.00156
internal_weight=3009 2150 859 716 450 2020 143 123 1985 1880 105 326 84 124
internal_count=3009 2150 859 716 450 2020 143 123 1985 1880 105 326 84 124
is_linear=0
shrinkage=0.025


Tree=113
num_leaves=15
num_cat=0
split_feature=13 13 10 4 40 6 6 4 33 4 4 11 25 22
split_gain=215.337 73.8469 60.3075 39.7765 20.9412 13.9563 13.7846 32.1236 13.6446 12.611 15.5284 19.33 9.02293 8.555
threshold=1.5000000000000002 522.50000000000011 3.5000000000000004 10.500000000000002 779.00000000000011 76.500000000000014 1.0000000180025095e-35 17.500000000000004 0.52041780751120703 10.500000000000002 14.500000000000002 18.500000000000004 0.59641719027414319 19.500000000000004
decision_type=2 2 2 2 8 2 2 2 2 2 2 2 2 10
left_child=2 4 9 -4 6 12 8 -8 -2 -1 13 -12 -5 -11
right_child=1 -3 3 5 -6 -7 7 -9 -10 10 11 -13 -14 -15
leaf_value=-0.036069094782854999 -0.0054698384121355309 3.6034984042410771 -0.037224135073042702 0.10530883549265578 0.0016004729069047708 0.34381206128603081 -0.061223113553294822 0.015297426433905959 0.0014910272396400082 -0.037212160287637616 -0.036068068246621975 0.039958195864628281 -0.017285678168661167 0.062099343138317865
leaf_weight=214 55 127 61 21 35 46 387 356 1190 73 246 20 154 24
leaf_count=214 55 127 61 21 35 46 387 356 1190 73 246 20 154 24
internal_value=-0.00334551 0.000880986 -0.0139186 -0.00439929 -0.000281621 0.000540541 -0.000625943 -0.00331989 0.000979133 -0.0185467 -0.0155769 -0.0187079 -0.00267045 -0.00683673
internal_weight=3009 2150 859 282 2023 221 1988 743 1245 577 363 266 175 97
internal_count=3009 2150 859 282 2023 221 1988 743 1245 577 363 266 175 97
is_linear=0
shrinkage=0.025


Tree=114
num_leaves=15
num_cat=0
split_feature=13 13 14 4 8 4 10 40 14 4 13 25 22 25
split_gain=210.292 67.7147 64.5094 47.0325 13.2398 18.4011 13.1604 12.6396 13.882 21.6612 18.6004 10.1156 7.92125 5.15408
threshold=1.5000000000000002 522.50000000000011 2.5000000000000004 10.500000000000002 1.0000000180025095e-35 25.500000000000004 350.00000000000006 779.00000000000011 20.500000000000004 10.500000000000002 58.500000000000007 0.73494611678964128 98.500000000000014 0.59300657281727231
decision_type=2 2 2 2 2 2 2 8 2 2 2 2 10 2
left_child=2 7 4 -4 12 13 11 8 9 -2 -10 -5 -1 -6
right_child=1 -3 3 6 5 -7 -8 -9 10 -11 -12 -13 -14 -15
leaf_value=-0.035167367413283628 0.0013237913228851374 3.5134109441350492 -0.035994000560333549 0.022245253261604505 -0.016233964025561789 0.021238216260142374 6.401038030010092 0.0015604610842321566 0.058348622860442761 -0.037816203998564613 -0.0049731652915752994 -0.024533183321637522 -0.059141584660906792 -0.036171055744015967
leaf_weight=441 585 127 56 88 19 21 18 35 140 998 265 128 20 68
leaf_count=441 585 127 56 88 19 21 18 35 140 998 265 128 20 68
internal_value=-0.00329568 0.000880986 -0.0137442 -0.00410653 -0.0186316 -0.0105046 0.000829787 -0.000232213 -0.000500251 -0.00155934 0.00362069 -0.000898618 -0.0204978 -0.0155682
internal_weight=3009 2150 859 290 569 108 234 2023 1988 1583 405 216 461 87
internal_count=3009 2150 859 290 569 108 234 2023 1988 1583 405 216 461 87
is_linear=0
shrinkage=0.025


Tree=115
num_leaves=15
num_cat=0
split_feature=13 13 10 4 6 4 4 11 4 4 4 6 39 5
split_gain=213.649 67.3064 59.5693 39.7765 13.9563 13.0903 15.0314 19.0241 12.9447 37.0993 76.1971 16.1026 14.1437 12.4728
threshold=1.5000000000000002 547.00000000000011 3.5000000000000004 10.500000000000002 76.500000000000014 10.500000000000002 14.500000000000002 18.500000000000004 23.500000000000004 15.500000000000002 17.500000000000004 81.500000000000014 18.500000000000004 18.500000000000004
decision_type=2 2 2 2 2 2 2 2 2 2 2 2 8 2
left_child=2 8 5 -4 -5 -1 -7 -8 9 13 -11 12 -10 -2
right_child=1 -3 3 4 -6 6 7 -9 11 10 -12 -13 -14 -15
leaf_value=-0.034288183227951539 0.0014113822809888156 3.667860635434252 -0.035393681682208293 -0.01104918928405514 0.33583008933692099 -0.035402672095114586 -0.034287182355124339 0.038415697598990751 -0.010690852412656594 -0.11021481999214942 0.00012382451166943477 0.76283026599865278 0.03023875293464684 -0.0015419291537258851
leaf_weight=214 342 117 61 175 46 97 246 20 162 176 353 41 241 718
leaf_count=214 342 117 61 175 46 97 246 20 162 176 353 41 241 718
internal_value=-0.0033289 0.000880986 -0.0138605 -0.00439929 0.000540541 -0.0184602 -0.0154396 -0.0185206 -0.000181908 -0.00123899 -0.00664151 0.00358427 0.0020297 0.00145617
internal_weight=3009 2150 859 282 221 577 363 266 2033 1589 529 444 403 1060
internal_count=3009 2150 859 282 221 577 363 266 2033 1589 529 444 403 1060
is_linear=0
shrinkage=0.025


Tree=116
num_leaves=15
num_cat=0
split_feature=13 14 13 4 7 4 4 4 6 40 10 5 32 4
split_gain=206.299 65.2716 64.4014 47.8256 15.4789 12.9447 37.0993 76.1971 16.1026 13.0217 12.8853 12.4728 10.3631 9.05219
threshold=1.5000000000000002 2.5000000000000004 547.00000000000011 10.500000000000002 1.5000000000000002 23.500000000000004 15.500000000000002 17.500000000000004 81.500000000000014 7.5000000000000009 350.00000000000006 18.500000000000004 82.000000000000014 19.500000000000004
decision_type=2 2 2 2 2 2 2 2 2 8 2 2 10 2
left_child=1 4 5 -3 -1 6 11 -8 9 -7 12 -2 -5 -6
right_child=2 3 -4 10 13 8 7 -9 -10 -11 -12 -13 -14 -15
leaf_value=-0.033430978647252745 0.0013760977239640926 -0.034236945965626424 3.5761641195483964 0.018384959015235125 -0.039329325915903393 -0.03717156613644397 -0.10745944949234568 0.00012072889887768668 0.74375950934868629 0.011447460897099127 6.2412883089919404 -0.0015033809248825138 -0.036842979277552958 0.011707061225808602
leaf_weight=510 342 56 117 128 32 70 176 353 41 333 18 718 88 27
leaf_count=510 342 56 117 128 32 70 176 353 41 333 18 718 88 27
internal_value=-0.00327907 -0.0136279 0.000857741 -0.00393471 -0.0185439 -0.000181908 -0.00123899 -0.00664151 0.00358427 0.0020297 0.00104255 0.00145617 -0.000668203 -0.00616667
internal_weight=3009 859 2150 290 569 2033 1589 529 444 403 234 1060 216 59
internal_count=3009 859 2150 290 569 2033 1589 529 444 403 234 1060 216 59
is_linear=0
shrinkage=0.025


Tree=117
num_leaves=15
num_cat=0
split_feature=13 13 14 4 7 14 40 14 4 13 4 4 4 25
split_gain=207.295 64.5679 63.7298 47.0325 15.4789 13.0668 12.5938 12.7142 20.9505 15.9408 9.05219 7.88182 13.2083 6.3948
threshold=1.5000000000000002 547.00000000000011 2.5000000000000004 10.500000000000002 1.5000000000000002 224.00000000000003 779.00000000000011 20.500000000000004 10.500000000000002 58.500000000000007 19.500000000000004 10.500000000000002 14.500000000000002 0.73494611678964128
decision_type=2 2 2 2 2 2 8 2 2 2 2 2 2 2
left_child=2 6 4 -4 11 13 7 8 -2 -9 -6 -1 -13 -5
right_child=1 -3 3 5 10 -7 -8 9 -10 -11 -12 12 -14 -15
leaf_value=-0.032595204181071431 0.0012210095396891774 3.4867600165596855 -0.033381022316485758 0.021481839291811713 -0.038346092768005817 3.5456462978088745 0.00056922568572962404 0.056883793453668036 -0.033122158625974188 -0.0018403854964503807 0.011414384695163383 -0.033681830826555403 -0.032594228330064916 -0.025099992341982614
leaf_weight=206 585 117 56 87 32 30 35 140 998 275 27 82 222 117
leaf_count=206 585 117 56 87 32 30 35 140 998 275 27 82 222 117
internal_value=-0.00331229 0.000834496 -0.013686 -0.00410653 -0.0185439 0.000829787 -0.00020649 -0.000472736 -0.00149621 0.00341346 -0.00616667 -0.0199511 -0.0171967 -0.00143902
internal_weight=3009 2150 859 290 569 234 2033 1998 1583 415 59 510 304 204
internal_count=3009 2150 859 290 569 234 2033 1998 1583 415 59 510 304 204
is_linear=0
shrinkage=0.025


Tree=118
num_leaves=15
num_cat=0
split_feature=13 13 10 4 4 4 4 6 5 4 4 11 10 17
split_gain=212.974 63.5724 62.6348 41.3728 17.9024 34.9727 77.2725 14.4062 14.3618 13.0903 15.0314 19.0241 13.0168 12.6662
threshold=1.5000000000000002 547.00000000000011 3.5000000000000004 10.500000000000002 23.500000000000004 15.500000000000002 17.500000000000004 81.500000000000014 18.500000000000004 10.500000000000002 14.500000000000002 18.500000000000004 350.00000000000006 0.99282897345951671
decision_type=2 2 2 2 2 2 2 2 2 2 2 2 2 2
left_child=2 4 9 -4 5 8 -7 13 -2 -1 -11 -12 -5 -6
right_child=1 -3 3 12 7 6 -8 -9 -10 10 11 -13 -14 -15
leaf_value=-0.031780324076544644 0.0013111700423727613 3.3995910161456937 -0.032818390433100288 -0.0025003744167278797 0.0011434944428138528 -0.10394490928938767 0.00069930349786160315 0.72599357558061828 -0.0014580542023010957 -0.032839785055891517 -0.031779372621813295 0.037782285267394314 5.9966149438219194 0.043171973092636942
leaf_weight=214 342 117 61 203 307 176 353 41 718 97 246 20 18 96
leaf_count=214 342 117 61 203 307 176 353 41 718 97 246 20 18 96
internal_value=-0.00322924 0.000973966 -0.0137442 -0.00404594 -5.89971e-05 -0.00130189 -0.00654717 0.00437079 0.0013148 -0.0184602 -0.0154396 -0.0185206 0.000990991 0.00289604
internal_weight=3009 2150 859 282 2033 1589 529 444 1060 577 363 266 221 403
internal_count=3009 2150 859 282 2033 1589 529 444 1060 577 363 266 221 403
is_linear=0
shrinkage=0.025


Tree=119
num_leaves=15
num_cat=0
split_feature=13 13 22 4 8 4 36 6 0 35 6 4 0 8
split_gain=198.433 66.4129 63.2286 56.3541 18.8742 16.3033 15.0591 13.0634 14.4049 12.309 12.8796 11.3454 13.7843 6.58735
threshold=1.5000000000000002 547.00000000000011 12.500000000000002 10.500000000000002 1.0000000180025095e-35 25.500000000000004 1064.5000000000002 167.00000000000003 72.500000000000014 628.00000000000011 1.0000000180025095e-35 15.500000000000002 58.500000000000007 159.00000000000003
decision_type=2 2 10 2 2 2 8 2 2 10 2 2 2 2
left_child=2 6 4 -4 -1 -6 9 8 -5 10 -2 12 -8 -11
right_child=1 -3 3 7 5 -7 11 -9 -10 13 -12 -13 -14 -15
leaf_value=-0.030985815974631029 0.0011577050501376362 3.3146012407420518 -0.03199793067227278 -0.023413238812908424 -0.031537428757529934 0.018224275133954925 0.00060644440651857481 0.72980376081848064 0.061339295219897852 0.07824173467389102 -0.020687054790908821 -0.12224393488660204 -0.0092428037811673747 1.0520954407992922
leaf_weight=438 1109 117 71 127 92 21 29 25 85 77 701 25 61 31
leaf_count=438 1109 117 71 127 92 21 29 25 85 77 701 25 61 31
internal_value=-0.00347841 0.000578801 -0.0136279 -0.00451456 -0.0186957 -0.00938596 -0.000476893 0.00134454 -0.000680751 4.9505e-05 -0.000438984 -0.00922414 -0.00489011 0.00821101
internal_weight=3009 2150 859 308 551 113 2033 237 212 1918 1810 115 90 108
internal_count=3009 2150 859 308 551 113 2033 237 212 1918 1810 115 90 108
is_linear=0
shrinkage=0.025


Tree=120
num_leaves=15
num_cat=0
split_feature=13 13 14 4 4 4 4 7 14 5 0 17 4 4
split_gain=212.302 63.7377 62.2062 46.2459 17.2007 33.7261 78.3554 15.4789 13.4323 12.7425 11.1716 14.3398 9.05219 7.88182
threshold=1.5000000000000002 547.00000000000011 2.5000000000000004 10.500000000000002 23.500000000000004 15.500000000000002 17.500000000000004 1.5000000000000002 224.00000000000003 18.500000000000004 78.500000000000014 0.9584768653689365 19.500000000000004 10.500000000000002
decision_type=2 2 2 2 2 2 2 2 2 2 2 2 2 2
left_child=2 4 7 -4 5 9 -7 13 -5 -2 11 -6 -9 -1
right_child=1 -3 3 8 10 6 -8 12 -10 -11 -12 -13 -14 -15
leaf_value=-0.030211170575265251 0.0012494481650600021 3.2317362097235005 -0.030952040389853181 -0.0064948606797092358 0.021014058176892184 -0.10082911018738024 0.00082328248372007815 -0.035811415574108323 3.3638336142256264 -0.0011774859754835278 -0.016515403882349372 0.22496492626854128 0.012711945112267899 -0.03021024290690219
leaf_weight=206 342 117 56 204 230 176 353 32 30 718 119 95 27 304
leaf_count=206 342 117 56 204 230 176 353 32 30 718 119 95 27 304
internal_value=-0.00324585 0.000950721 -0.0137442 -0.00427835 -8.35792e-05 -0.00130189 -0.00645283 -0.0185439 0.000617021 0.00126767 0.00425843 0.00665644 -0.00616667 -0.0199511
internal_weight=3009 2150 859 290 2033 1589 529 569 234 1060 444 325 59 510
internal_count=3009 2150 859 290 2033 1589 529 569 234 1060 444 325 59 510
is_linear=0
shrinkage=0.025


Tree=121
num_leaves=15
num_cat=0
split_feature=13 13 10 4 36 4 4 11 10 4 0 11 4 0
split_gain=201.04 66.5819 62.6348 41.3728 14.975 13.0903 15.0314 19.0241 13.0168 11.3454 13.7843 10.688 14.8682 9.85504
threshold=1.5000000000000002 547.00000000000011 3.5000000000000004 10.500000000000002 1064.5000000000002 10.500000000000002 14.500000000000002 18.500000000000004 350.00000000000006 15.500000000000002 58.500000000000007 205.00000000000003 15.500000000000002 43.500000000000007
decision_type=2 2 2 2 8 2 2 2 2 2 2 2 2 2
left_child=2 4 5 -4 11 -1 13 -8 -5 10 -6 12 -2 -7
right_child=1 -3 3 8 9 6 7 -9 -10 -11 -12 -13 -14 -15
leaf_value=-0.029455891310883622 0.0012182119609335019 3.1509428044804126 -0.030424181395719632 -0.0022556681781120249 0.00056004709222911013 0.012197048542544109 -0.029454986834229636 0.036301997301118938 5.7585459012920568 -0.11666710875975249 -0.0089822965372510673 0.66614361898752894 -0.017942721894679516 -0.030488888957455901
leaf_weight=214 925 117 61 203 29 37 246 20 18 25 61 119 874 60
leaf_count=214 925 117 61 203 29 37 246 20 18 25 61 119 874 60
internal_value=-0.00352824 0.000555556 -0.0137442 -0.00404594 -0.000501475 -0.0184602 -0.0154396 -0.0185206 0.000990991 -0.00922414 -0.00489011 2.34497e-05 -0.000455556 -0.00683673
internal_weight=3009 2150 859 282 2033 577 363 266 221 115 90 1918 1799 97
internal_count=3009 2150 859 282 2033 577 363 266 221 115 90 1918 1799 97
is_linear=0
shrinkage=0.025


Tree=122
num_leaves=15
num_cat=0
split_feature=13 13 10 4 4 22 14 4 4 0 13 11 8 9
split_gain=205.972 65.739 58.8356 39.7765 13.5777 16.3973 12.1795 20.7185 66.3614 23.3761 12.1225 11.1982 10.0386 9.06644
threshold=1.5000000000000002 547.00000000000011 3.5000000000000004 10.500000000000002 10.500000000000002 19.500000000000004 4.5000000000000009 10.500000000000002 22.500000000000004 50.500000000000007 12.500000000000002 358.50000000000006 86.500000000000014 82.500000000000014
decision_type=2 2 2 2 2 10 2 2 2 2 2 2 2 2
left_child=2 6 4 -4 -1 -6 7 9 -9 -2 -8 -12 -5 -14
right_child=1 -3 3 12 5 -7 10 8 -10 -11 11 -13 13 -15
leaf_value=-0.028719494028111532 -0.00070224709342306402 3.0721692343684026 -0.029663576860826643 -0.010940026891494448 -0.028718612163373899 -0.011718741235713627 0.027089838903859565 -0.079658203983323267 0.011492207710724773 0.0067090417778624652 0.00068775509536305184 1.3068146675558894 0.21635025785801895 -0.021966196734075894
leaf_weight=214 296 117 61 138 303 60 50 447 496 306 417 21 51 32
leaf_count=214 296 117 61 138 303 60 50 447 496 306 417 21 51 32
internal_value=-0.00346179 0.000671781 -0.0138023 -0.00439929 -0.0183737 -0.0153022 -0.000378564 -0.00146831 -0.00378178 0.0021476 0.00305726 0.00169704 0.000540541 0.00738095
internal_weight=3009 2150 859 282 577 363 2033 1545 943 602 488 438 221 83
internal_count=3009 2150 859 282 577 363 2033 1545 943 602 488 438 221 83
is_linear=0
shrinkage=0.025


Tree=123
num_leaves=15
num_cat=0
split_feature=13 14 13 4 8 4 14 4 4 32 13 11 25 11
split_gain=191.671 66.0146 63.0328 45.2432 18.607 15.0118 12.2073 20.0795 101.337 17.5514 15.9408 14.0693 10.7376 12.8247
threshold=1.5000000000000002 1.0000000180025095e-35 547.00000000000011 10.500000000000002 1.0000000180025095e-35 25.500000000000004 20.500000000000004 13.500000000000002 20.500000000000004 100.50000000000001 58.500000000000007 358.50000000000006 0.98027155096468965 79.000000000000014
decision_type=2 2 2 2 2 2 2 2 2 10 2 2 2 2
left_child=1 4 6 -3 -1 -6 7 9 -9 -2 -8 -12 13 -5
right_child=2 3 -4 12 5 -7 10 8 -10 -11 11 -13 -14 -15
leaf_value=-0.028001506677408746 0.00016570195938516721 -0.028723854746631979 2.9953650035091925 -0.017827608782905593 -0.03031387197778368 0.017261284999355732 0.056372184507542583 -0.089691197996498717 0.0077160923855415066 0.50656414320948751 -0.022547793283591844 1.2741443008669919 0.37010386587998423 0.15192705430882808
leaf_weight=451 768 56 117 154 68 21 140 245 558 47 254 21 21 88
leaf_count=451 768 56 117 154 68 21 140 245 558 47 254 21 21 88
internal_value=-0.00336213 -0.0133372 0.000625291 -0.00428125 -0.0186599 -0.008 -0.000403147 -0.00138666 -0.00419154 0.00137255 0.00341346 -7.24638e-05 7.57576e-05 -0.00141975
internal_weight=3009 859 2150 319 540 89 2033 1618 803 815 415 275 263 242
internal_count=3009 859 2150 319 540 89 2033 1618 803 815 415 275 263 242
is_linear=0
shrinkage=0.025


Tree=124
num_leaves=15
num_cat=0
split_feature=13 14 13 4 7 37 0 4 0 4 4 4 14 4
split_gain=194.559 59.9445 59.2238 45.466 15.2545 13.9524 11.6045 18.0693 11.4899 31.7239 14.5909 9.05219 8.67068 8.3278
threshold=1.5000000000000002 2.5000000000000004 530.50000000000011 10.500000000000002 1.5000000000000002 1105.0000000000002 58.500000000000007 9.5000000000000018 50.500000000000007 10.500000000000002 17.500000000000004 19.500000000000004 224.00000000000003 10.500000000000002
decision_type=2 2 2 2 2 8 2 2 2 2 2 2 2 2
left_child=1 4 5 -3 13 8 7 -7 10 -10 -2 -6 -5 -1
right_child=2 3 -4 12 11 6 -8 -9 9 -11 -12 -13 -14 -15
leaf_value=-0.02730146901047353 -0.0053006755139126229 -0.028005758377966178 2.8715401851559337 -0.0056484453251596017 -0.032750572413820039 0.0069237353082744592 -0.026902742852998075 -0.00074579032608774749 0.0093064504639214906 -0.010540804428934614 0.010649192973100963 0.014294176678973924 3.1985772131518906 -0.027300609192354337
leaf_weight=206 565 56 123 204 32 21 67 19 302 706 347 27 30 304
leaf_count=206 565 56 123 204 32 21 67 19 302 706 347 27 30 304
internal_value=-0.00369435 -0.0137442 0.000323106 -0.00445017 -0.0184561 -0.000700197 -0.00944444 0.00109756 -0.000205622 0.00163033 -0.00223987 -0.00616667 0.000404255 -0.0198532
internal_weight=3009 859 2150 290 569 2027 107 40 1920 1008 912 59 234 510
internal_count=3009 859 2150 290 569 2027 107 40 1920 1008 912 59 234 510
is_linear=0
shrinkage=0.025


Tree=125
num_leaves=15
num_cat=0
split_feature=9 22 9 4 21 11 0 0 37 0 4 4 37 0
split_gain=149.968 61.7272 61.1813 57.8285 25.8056 18.366 15.4692 22.9409 12.6093 14.5082 34.5245 13.379 12.237 11.6045
threshold=1.5000000000000002 34.500000000000007 527.50000000000011 10.500000000000002 62.500000000000007 1.0000000180025095e-35 31.500000000000004 71.500000000000014 1105.0000000000002 50.500000000000007 10.500000000000002 21.500000000000004 2.5000000000000004 58.500000000000007
decision_type=2 10 2 2 10 2 2 2 8 2 2 2 8 2
left_child=1 4 8 -3 5 -1 -5 -8 9 11 -11 -2 -7 -10
right_child=2 3 -4 6 -6 12 7 -9 13 10 -12 -13 -14 -15
leaf_value=-0.026618932285211689 -0.0075780937464078775 -0.027305614418517022 2.6274286701462359 0.34046032347582877 0.0097530486808421867 -0.05229037401894613 -0.041556274479194216 0.072211244001870761 0.00030213754657595351 0.0090737892023234675 -0.015113587154020848 0.0085846615512107146 0.010231015870226391 -0.026230174281673159
leaf_weight=460 642 56 122 48 31 82 72 87 40 296 695 265 46 67
leaf_count=460 642 56 122 48 31 82 72 87 40 296 695 265 46 67
internal_value=-0.00367774 -0.0123386 -7.98872e-05 -0.00215909 -0.0166452 -0.0178183 0.00394231 0.000125 -0.00113161 -0.000655608 0.00143145 -0.00294053 -0.00926357 -0.00944444
internal_weight=3009 882 2127 263 619 588 207 159 2005 1898 991 907 128 107
internal_count=3009 882 2127 263 619 588 207 159 2005 1898 991 907 128 107
is_linear=0
shrinkage=0.025


Tree=126
num_leaves=15
num_cat=0
split_feature=9 10 9 4 21 8 32 36 0 4 4 4 22 4
split_gain=148.246 60.4312 46.6403 36.8231 20.9484 17.1146 16.9505 13.4458 14.0385 26.2866 14.8011 12.3352 13.1774 11.3454
threshold=1.5000000000000002 3.5000000000000004 566.50000000000011 10.500000000000002 62.500000000000007 104.50000000000001 19.500000000000004 1064.5000000000002 50.500000000000007 10.500000000000002 21.500000000000004 10.500000000000002 31.000000000000004 15.500000000000002
decision_type=2 2 2 2 10 2 10 8 2 2 2 2 10 2
left_child=1 4 7 -3 11 6 -5 8 10 -10 -2 -1 -13 -9
right_child=2 3 -4 5 -6 -7 -8 13 9 -11 -12 12 -14 -15
leaf_value=-0.025953458978081396 -0.0062944732246435825 -0.026821106750728092 3.0044506588341733 0.033447288425448286 0.0056958973540719663 0.39111010745743402 -0.032522879316888402 -0.00072146509508854708 0.0067570732309327752 -0.0096749997474798732 0.013382865895936291 -0.025952620655415183 -0.0052935846445003217 -0.10818837306289633
leaf_weight=212 645 67 95 61 30 67 106 90 309 687 276 295 44 25
leaf_count=212 645 67 95 61 30 67 106 90 309 687 276 295 44 25
internal_value=-0.00372757 -0.0123386 -0.000150376 -0.00321192 -0.0170447 0.00146809 -0.00279762 -0.000956714 -0.000453597 0.0015998 -0.00267896 -0.0181522 -0.0150588 -0.00922414
internal_weight=3009 882 2127 301 581 234 167 2032 1917 996 921 551 339 115
internal_count=3009 882 2127 301 581 234 167 2032 1917 996 921 551 339 115
is_linear=0
shrinkage=0.025


Tree=127
num_leaves=15
num_cat=0
split_feature=13 10 13 19 32 36 40 22 8 29 27 38 38 1
split_gain=197.137 63.4344 46.6462 24.3458 17.9533 13.0787 16.3018 12.7414 10.751 11.5359 8.93968 8.23249 15.9209 7.7581
threshold=1.5000000000000002 3.5000000000000004 566.50000000000011 5.5000000000000009 17.500000000000004 1064.5000000000002 653.50000000000011 19.500000000000004 1.0000000180025095e-35 1.0000000180025095e-35 72.500000000000014 97.500000000000014 345.50000000000006 -1.0000000180025095e-35
decision_type=2 2 2 10 10 10 8 10 2 10 10 10 10 2
left_child=1 7 5 4 -3 6 10 8 -1 -10 -2 -5 -13 -6
right_child=2 3 -4 11 13 -7 -8 -9 9 -11 -12 12 -14 -15
leaf_value=-0.025304622503629359 0.00082390244117446225 0.022874523538035475 3.3264075362855139 -0.0082583634690719162 -0.026637074168455194 -0.025556383297254116 0.086868832890577258 -0.03868697263429114 -0.025783561582804589 -0.0065956001629576605 -0.016776346358630435 0.16416698286879133 -0.043149929343092634 -0.0065364920244259141
leaf_weight=414 1248 25 96 85 54 96 83 82 40 41 627 45 27 46
leaf_count=414 1248 25 96 85 54 96 83 82 40 41 627 45 27 46
internal_value=-0.00351163 -0.0136279 0.000532311 -0.00386926 -0.0120635 -0.000265207 0.00017611 -0.0183737 -0.0198992 -0.0112195 -0.000303838 0.00265823 0.00883562 -0.0167822
internal_weight=3009 859 2150 282 125 2054 1958 577 495 81 1875 157 72 100
internal_count=3009 859 2150 282 125 2054 1958 577 495 81 1875 157 72 100
is_linear=0
shrinkage=0.025


Tree=128
num_leaves=15
num_cat=0
split_feature=13 11 4 13 32 36 14 37 14 19 30 29 14 40
split_gain=165.512 52.9357 47.7967 47.4726 13.4845 16.2195 9.72747 9.23617 8.98634 7.40271 6.83934 6.03594 3.97276 1.83883
threshold=1.0000000180025095e-35 1.5000000000000002 10.500000000000002 566.50000000000011 779.00000000000011 1127.5000000000002 17.500000000000004 33.500000000000007 224.00000000000003 128.00000000000003 63.500000000000007 241.00000000000003 1.5000000000000002 353.00000000000006
decision_type=2 2 2 2 8 8 2 10 2 10 8 10 2 10
left_child=1 7 -3 4 5 6 -2 9 10 12 -4 13 -1 -5
right_child=3 2 8 11 -6 -7 -8 -9 -10 -11 -12 -13 -14 -15
leaf_value=-0.024672006941038629 -0.00093103823094620175 -0.025006963267744781 0.012041419970347723 7.1824502372583341 0.00032799305896137333 -0.0018169857799799072 0.034643143375348955 -0.024672006941038629 3.107695675890823 -0.036315351160413303 -0.028600918886225114 1.4356390146479925 -0.033997828135237759 2.5540870366858428
leaf_weight=361 1687 61 120 49 30 32 438 35 30 20 80 29 19 18
leaf_count=361 1687 61 120 49 30 32 438 35 30 20 80 29 19 18
internal_value=-0.00294684 -0.0133356 -0.00503425 0.000359019 -0.000397623 -0.000634847 -0.000362183 -0.0188532 0.000194805 -0.0199377 -0.00171642 0.0174742 -0.0207218 0.0216176
internal_weight=3009 726 291 2283 2187 2157 2125 435 230 400 200 96 380 67
internal_count=3009 726 291 2283 2187 2157 2125 435 230 400 200 96 380 67
is_linear=0
shrinkage=0.025


Tree=129
num_leaves=15
num_cat=0
split_feature=13 14 13 4 7 32 36 4 11 32 15 10 29 22
split_gain=157.895 55.5872 47.715 47.0955 16.2586 13.5606 16.1323 10.1235 9.62401 8.55511 13.4535 7.0764 6.03594 5.2922
threshold=1.0000000180025095e-35 2.5000000000000004 566.50000000000011 10.500000000000002 1.5000000000000002 779.00000000000011 1127.5000000000002 19.500000000000004 205.00000000000003 50.500000000000007 61.000000000000007 8.5000000000000018 241.00000000000003 34.500000000000007
decision_type=2 2 2 2 2 8 8 2 2 10 2 2 10 10
left_child=1 4 5 -3 13 6 8 -6 -2 11 -11 -5 -4 -1
right_child=2 3 12 9 7 -7 -8 -9 -10 10 -12 -13 -14 -15
leaf_value=-0.02405520676751266 -0.00065596819081101829 -0.024381789186051162 6.214132436458712 -0.035328307569779553 -0.03055403687955488 0.0003197932324873393 -0.0017715611354804151 0.01672929308184248 0.64488635113388648 -0.040553902616650199 0.042872404150842064 0.10760260515802003 1.399748039281792 -0.037176498366868586
leaf_weight=359 1999 56 67 34 27 30 32 23 126 54 67 66 29 40
leaf_count=359 1999 56 67 34 27 30 32 23 126 54 67 66 29 40
internal_value=-0.00291362 -0.0130605 0.000315236 -0.00420863 -0.0184889 -0.000443327 -0.000681186 -0.00480392 -0.000409219 0.000990991 -0.00344262 0.00638614 0.0174742 -0.020175
internal_weight=3009 726 2283 277 449 2187 2157 50 2125 221 121 100 96 399
internal_count=3009 726 2283 277 449 2187 2157 50 2125 221 121 100 96 399
is_linear=0
shrinkage=0.025


Tree=130
num_leaves=15
num_cat=0
split_feature=13 11 13 19 32 36 22 0 0 30 7 21 30 6
split_gain=161.755 52.0566 47.958 23.7279 13.6368 17.4783 11.5491 10.5846 12.9499 10.4615 9.70107 8.50765 7.95587 6.51188
threshold=1.0000000180025095e-35 1.5000000000000002 566.50000000000011 5.5000000000000009 779.00000000000011 1028.0000000000002 19.500000000000004 72.500000000000014 33.500000000000007 17.500000000000004 109.50000000000001 71.500000000000014 80.500000000000014 1.5000000000000002
decision_type=2 2 2 10 8 8 10 2 2 10 2 10 10 2
left_child=1 6 4 9 5 10 13 8 -5 -3 -2 -7 -9 -1
right_child=2 3 -4 7 -6 11 -8 12 -10 -11 -12 -13 -14 -15
leaf_value=-0.023453826598324845 -0.0006402156867107684 -0.00017593046936510427 2.9083327810354507 0.1023908757379612 0.00031179840167515631 -0.0024496053256063744 -0.036247085907696874 0.35290499604906 -0.030677957168560435 -0.024249933416403614 0.21468480864458286 -0.0062860369356528174 -0.00082523679168895476 -0.023540189870165346
leaf_weight=331 1776 33 96 52 30 43 56 35 54 97 253 85 20 48
leaf_count=331 1776 33 96 52 30 43 56 35 54 97 253 85 20 48
internal_value=-0.00299668 -0.0132669 0.000271454 -0.00503425 -0.000489031 -0.000727525 -0.0187385 0.00135802 -0.0032243 -0.0129389 -0.000157635 -0.00965116 0.0101786 -0.0203158
internal_weight=3009 726 2283 291 2187 2157 435 161 106 130 2029 128 55 379
internal_count=3009 726 2283 291 2187 2157 435 161 106 130 2029 128 55 379
is_linear=0
shrinkage=0.025


Tree=131
num_leaves=15
num_cat=0
split_feature=13 14 13 4 32 36 7 6 14 9 37 22 25 29
split_gain=162.353 52.2572 48.2017 44.6324 13.7132 17.2964 13.6586 9.38838 8.87092 7.93393 7.5856 6.45775 6.35711 6.03594
threshold=1.0000000180025095e-35 2.5000000000000004 566.50000000000011 10.500000000000002 779.00000000000011 1028.0000000000002 17.500000000000004 1.0000000180025095e-35 224.00000000000003 47.500000000000007 33.500000000000007 17.500000000000004 0.73494611678964128 241.00000000000003
decision_type=2 2 2 2 8 8 2 2 2 2 10 8 2 10
left_child=1 6 4 -3 5 7 10 -2 12 -7 11 -1 -5 -4
right_child=2 3 13 8 -6 9 -8 -9 -10 -11 -12 -13 -14 -15
leaf_value=-0.022867480933366727 0.00038367361167307434 -0.023165996120989796 5.986070806021357 0.02031877791000827 0.0003040034416332771 -0.002388365192466213 0.082802085738421904 -0.016490993016836385 3.0279194672000123 -0.016388370348719407 -0.022867480933366727 -0.022866663568767168 -0.030839009401290696 1.2920460187738598
leaf_weight=327 1284 56 67 80 30 42 18 745 30 86 36 68 111 29
leaf_count=327 1284 56 67 80 30 42 18 745 30 86 36 68 111 29
internal_value=-0.00304651 -0.0133356 0.000227671 -0.0047482 -0.000534735 -0.000773865 -0.0186 -0.000206897 0.000315315 -0.00965116 -0.0194907 -0.0205051 -0.00166667 0.0174742
internal_weight=3009 726 2283 277 2187 2157 449 2029 221 128 431 395 191 96
internal_count=3009 726 2283 277 2187 2157 449 2029 221 128 431 395 191 96
is_linear=0
shrinkage=0.025


Tree=132
num_leaves=15
num_cat=0
split_feature=13 14 4 13 7 32 4 32 25 14 37 25 22 29
split_gain=163.704 50.6 44.054 43.2423 13.412 13.1234 11.8087 35.5289 13.0321 9.15636 8.23495 7.56456 6.36332 5.83248
threshold=1.0000000180025095e-35 1.5000000000000002 10.500000000000002 620.50000000000011 17.500000000000004 779.00000000000011 23.500000000000004 1.0000000180025095e-35 0.74409856002400898 224.00000000000003 33.500000000000007 0.73494611678964128 17.500000000000004 241.00000000000003
decision_type=2 2 2 2 2 8 2 10 2 2 10 2 8 10
left_child=1 4 -3 5 10 6 7 -2 -8 11 12 -4 -1 -5
right_child=3 2 9 13 -6 -7 8 -9 -10 -11 -12 -13 -14 -15
leaf_value=-0.022295793910032558 0.00037408177138124611 -0.022586846217965049 0.018807988635359332 7.493297308304907 0.080732033594961353 0.00029640335559244502 -0.0088048384556332019 -0.031230408574446145 0.10277529999110398 2.952221480520012 -0.022295793910032558 -0.020992600816655438 -0.022294996979547985 1.2597448683045145
leaf_weight=324 1122 56 83 56 18 30 214 559 275 30 34 114 67 27
leaf_count=324 1122 56 83 56 18 30 214 559 275 30 34 114 67 27
internal_value=-0.00279734 -0.0131293 -0.00482394 0.000490368 -0.0184009 -0.000179464 -0.000412252 -0.00140904 0.003 8.77193e-05 -0.0192958 -0.00186869 -0.0203316 0.0180952
internal_weight=3009 726 283 2283 443 2200 2170 1681 489 227 425 197 391 83
internal_count=3009 726 283 2283 443 2200 2170 1681 489 227 425 197 391 83
is_linear=0
shrinkage=0.025


Tree=133
num_leaves=15
num_cat=0
split_feature=13 14 4 13 32 36 7 22 14 37 25 22 29 21
split_gain=155.322 53.3256 46.2672 44.6467 13.6118 16.0736 13.375 10.455 8.24795 7.26439 6.43037 5.98384 5.83248 3.56518
threshold=1.0000000180025095e-35 2.5000000000000004 10.500000000000002 620.50000000000011 779.00000000000011 1127.5000000000002 17.500000000000004 471.50000000000006 224.00000000000003 33.500000000000007 0.96184336583595786 17.500000000000004 241.00000000000003 7.5000000000000009
decision_type=2 2 2 2 8 8 2 10 2 10 2 8 10 8
left_child=1 6 -3 4 5 7 9 -2 10 11 -4 -1 -5 -11
right_child=3 2 8 12 -6 -7 -8 -9 -10 13 -12 -13 -14 -15
leaf_value=-0.021738399062281741 -0.00064250747844933902 -0.022022175062515924 -0.011752923282440264 7.305964875597283 0.00028899327170263389 -0.0025604300662312785 0.078713732755087334 0.35619999349759479 2.8784159435070116 -0.0073074919313279186 0.085936507110097093 -0.021737622055059289 1.2282512465969007 -0.023430263594182318
leaf_weight=327 2078 56 166 56 30 32 18 60 30 18 25 68 27 18
leaf_count=327 2078 56 166 56 30 32 18 60 30 18 25 68 27 18
internal_value=-0.00299668 -0.0130605 -0.00438849 0.000205779 -0.000474784 -0.000711654 -0.0183778 -0.000441795 0.000765766 -0.0192593 -0.00114583 -0.0202525 0.0180952 -0.00797297
internal_weight=3009 726 277 2283 2200 2170 449 2138 221 431 191 395 83 36
internal_count=3009 726 277 2283 2200 2170 449 2138 221 431 191 395 83 36
is_linear=0
shrinkage=0.025


Tree=134
num_leaves=14
num_cat=0
split_feature=13 14 13 4 32 36 7 22 14 37 25 22 29
split_gain=157.452 50.6 44.5379 44.054 13.5739 16.1168 13.412 10.4068 9.15636 8.23495 7.56456 6.36332 5.83248
threshold=1.0000000180025095e-35 1.5000000000000002 620.50000000000011 10.500000000000002 779.00000000000011 1127.5000000000002 17.500000000000004 471.50000000000006 224.00000000000003 33.500000000000007 0.73494611678964128 17.500000000000004 241.00000000000003
decision_type=2 2 2 2 8 8 2 10 2 10 2 8 10
left_child=1 6 4 -3 5 7 9 -2 10 11 -5 -1 -4
right_child=2 3 12 8 -6 -7 -8 -9 -10 -11 -12 -13 -14
leaf_value=-0.021194939085724701 -0.0006264447914881067 -0.021471620685953027 7.1233157537073515 0.018631612001536357 0.00028176843991006839 -0.0024964193145754934 0.076745889436210149 0.34729499366015482 2.806455544919336 -0.021555711763998543 -0.020173962714178019 -0.021194181503682807 1.197544965431979
leaf_weight=324 2078 56 56 83 30 32 18 60 30 34 114 67 27
leaf_count=324 2078 56 56 83 30 32 18 60 30 34 114 67 27
internal_value=-0.00299668 -0.0131293 0.000227671 -0.00482394 -0.000452067 -0.000688623 -0.0184009 -0.00041842 8.77193e-05 -0.0192958 -0.00186869 -0.0203316 0.0180952
internal_weight=3009 726 2283 283 2200 2170 443 2138 227 425 197 391 83
internal_count=3009 726 2283 283 2200 2170 443 2138 227 425 197 391 83
is_linear=0
shrinkage=0.025


Tree=135
num_leaves=14
num_cat=0
split_feature=13 14 13 4 32 36 7 22 37 10 32 22 29
split_gain=157.452 50.6 44.5379 44.054 13.5739 16.1168 13.412 10.4068 8.23495 7.88104 7.98196 6.36332 5.83248
threshold=1.0000000180025095e-35 1.5000000000000002 620.50000000000011 10.500000000000002 779.00000000000011 1127.5000000000002 17.500000000000004 471.50000000000006 33.500000000000007 350.00000000000006 82.000000000000014 17.500000000000004 241.00000000000003
decision_type=2 2 2 2 8 8 2 10 10 2 10 8 10
left_child=1 6 4 -3 5 7 8 -2 11 10 -5 -1 -4
right_child=2 3 12 9 -6 -7 -8 -9 -10 -11 -12 -13 -14
leaf_value=-0.020665065608581584 -0.00061078367170090415 -0.020934830168804201 6.9452328598646664 0.017600843414400203 0.00027472422891231533 -0.002434008831711099 0.074827242200304886 0.33861261881865129 -0.021016818969898581 5.0881247290168208 -0.051314866295884755 -0.020664326966090735 1.1676063412961781
leaf_weight=324 2078 56 56 122 30 32 18 60 34 18 87 67 27
leaf_count=324 2078 56 56 122 30 32 18 60 34 18 87 67 27
internal_value=-0.00299668 -0.0131293 0.000227671 -0.00482394 -0.000452067 -0.000688623 -0.0184009 -0.00041842 -0.0192958 8.77193e-05 -0.00128571 -0.0203316 0.0180952
internal_weight=3009 726 2283 283 2200 2170 443 2138 425 227 209 391 83
internal_count=3009 726 2283 283 2200 2170 443 2138 425 227 209 391 83
is_linear=0
shrinkage=0.025


Tree=136
num_leaves=15
num_cat=0
split_feature=13 14 13 19 32 36 7 24 22 19 11 37 22 29
split_gain=157.968 51.947 44.4292 26.9069 13.5361 16.1601 13.375 12.1743 10.3587 8.27057 10.2578 7.26439 5.98384 5.83248
threshold=1.0000000180025095e-35 2.5000000000000004 620.50000000000011 5.5000000000000009 779.00000000000011 1127.5000000000002 17.500000000000004 1.5000000000000002 471.50000000000006 26.500000000000004 95.500000000000014 33.500000000000007 17.500000000000004 241.00000000000003
decision_type=2 2 2 10 8 8 2 10 10 10 2 10 8 10
left_child=1 6 4 7 5 8 11 -3 -2 -5 -11 12 -1 -4
right_child=2 3 13 9 -6 -7 -8 -9 -10 10 -12 -13 -14 -15
leaf_value=-0.020148438968367044 -0.00059551407990838254 0.017160822329040204 6.7716020383680506 0.048334410292904112 0.00026785612318950825 -0.0023731586109183135 0.07295656114529725 -0.020889148374587829 0.33014730334818521 -0.016507425272027199 0.1972257465954016 -0.020289863849865437 -0.020147718791938468 1.138416182763774
leaf_weight=327 2078 18 56 29 30 32 18 101 60 76 53 36 68 27
leaf_count=327 2078 18 56 29 30 32 18 101 60 76 53 36 68 27
internal_value=-0.00298007 -0.0131293 0.000249562 -0.00456835 -0.00042935 -0.000665592 -0.0183778 -0.0135 -0.000395044 0.00216981 -0.000538462 -0.0192593 -0.0202525 0.0180952
internal_weight=3009 726 2283 277 2200 2170 449 119 2138 158 129 431 395 83
internal_count=3009 726 2283 277 2200 2170 449 119 2138 158 129 431 395 83
is_linear=0
shrinkage=0.025


Tree=137
num_leaves=14
num_cat=0
split_feature=13 14 13 4 32 36 7 22 10 32 37 22 29
split_gain=161.233 47.9766 44.4292 42.4856 13.5361 16.1601 13.412 10.3587 8.33708 8.2508 8.23495 6.36332 5.83248
threshold=1.0000000180025095e-35 1.5000000000000002 620.50000000000011 10.500000000000002 779.00000000000011 1127.5000000000002 17.500000000000004 471.50000000000006 350.00000000000006 82.000000000000014 33.500000000000007 17.500000000000004 241.00000000000003
decision_type=2 2 2 2 8 8 2 10 2 10 10 8 10
left_child=1 6 4 -3 5 7 10 -2 9 -5 11 -1 -4
right_child=2 3 12 8 -6 -7 -8 -9 -10 -11 -12 -13 -14
leaf_value=-0.019644727994157868 -0.00058062622791067448 -0.019889230705219405 6.6023119874088483 0.016731801770814191 0.00026115972010977152 -0.0023138296456453491 0.071132647116664824 0.32189362076448058 4.9559909671265148 -0.049509765929122956 -0.01998415189940448 -0.019644025822140004 1.1099557781946801
leaf_weight=324 2078 56 56 122 30 32 18 60 18 87 34 67 27
leaf_count=324 2078 56 56 122 30 32 18 60 18 87 34 67 27
internal_value=-0.00301329 -0.0132669 0.000249562 -0.00517606 -0.00042935 -0.000665592 -0.0184009 -0.000395044 -0.000307018 -0.0017619 -0.0192958 -0.0203316 0.0180952
internal_weight=3009 726 2283 283 2200 2170 443 2138 227 209 425 391 83
internal_count=3009 726 2283 283 2200 2170 443 2138 227 209 425 391 83
is_linear=0
shrinkage=0.025


Tree=138
num_leaves=15
num_cat=0
split_feature=13 14 13 4 4 4 7 5 33 0 13 7 10 25
split_gain=162.803 49.243 44.1039 43.8258 14.9845 98.4013 22.136 17.7113 23.338 15.9124 13.3839 13.375 7.8973 8.47989
threshold=1.0000000180025095e-35 2.5000000000000004 620.50000000000011 10.500000000000002 15.500000000000002 17.500000000000004 109.50000000000001 18.500000000000004 0.68804148313772573 50.500000000000007 10.500000000000002 17.500000000000004 350.00000000000006 0.96184336583595786
decision_type=2 2 2 2 2 2 2 2 2 2 2 2 2 2
left_child=1 11 4 -3 7 10 -7 8 -2 -9 -6 -1 13 -5
right_child=2 3 -4 12 5 6 -8 9 -10 -11 -12 -13 -14 -15
leaf_value=-0.01915360979430392 0.00088561046782467125 -0.019391999937588916 2.7930637298731114 -0.0098939398068465419 -0.022376101895056465 -0.0021356346949467811 0.39154447509256585 -0.0081403242491347345 -0.0002015117746989592 0.0093891801377133724 -0.11547229082538511 0.06935433093874821 4.8320911929483517 0.34328846729555451
leaf_weight=431 225 56 83 176 50 706 151 324 206 405 133 18 18 27
leaf_count=431 225 56 83 176 50 706 151 324 206 405 133 18 18 27
internal_value=-0.00296346 -0.0132669 0.000315236 -0.00492806 -0.000361199 -0.00254083 0.00101399 0.00158915 0.00560185 -0.000780822 -0.0191304 -0.0183778 9.00901e-05 -0.00132353
internal_weight=3009 726 2283 277 2200 1040 857 1160 431 729 183 449 221 203
internal_count=3009 726 2283 277 2200 1040 857 1160 431 729 183 449 221 203
is_linear=0
shrinkage=0.025


Tree=139
num_leaves=15
num_cat=0
split_feature=13 10 13 36 32 36 8 33 32 22 22 14 1 38
split_gain=127.69 73.8875 44.6467 17.9523 13.6118 16.0736 12.219 12.5084 11.2355 11.0963 10.2587 9.94975 9.57617 8.70379
threshold=1.0000000180025095e-35 24.500000000000004 620.50000000000011 54.500000000000007 779.00000000000011 1127.5000000000002 1.0000000180025095e-35 0.58412045925745659 75.500000000000014 40.500000000000007 41.500000000000007 235.50000000000003 -1.0000000180025095e-35 116.50000000000001
decision_type=2 2 2 10 8 8 2 2 10 10 10 2 2 10
left_child=1 3 4 6 5 11 10 -8 9 -3 -1 -2 -11 -10
right_child=2 8 -4 -5 -6 -7 7 -9 13 12 -12 -13 -14 -15
leaf_value=-0.018674769549446323 -0.00059230711455898755 -0.016046510777951363 2.7232371366262842 -0.00051372181878059917 0.00023249046541141128 -0.0022025930371305513 -0.0026803564947347567 -0.029069471470427447 -0.027257511938694457 0.12546427852145109 -0.036676504885853799 1.116548186498681 0.00024094521075097871 0.1531996987146389
leaf_weight=323 2062 24 83 38 30 32 42 104 48 59 29 76 25 34
leaf_count=323 2062 24 83 38 30 32 42 104 48 59 29 76 25 34
internal_value=-0.00269767 -0.0118226 0.000205779 -0.0165642 -0.000474784 -0.000711654 -0.0178257 -0.0115306 0.0015445 0.00683486 -0.0203824 -0.000441795 0.0111176 -0.00536145
internal_weight=3009 726 2283 536 2200 2170 498 146 190 108 352 2138 84 82
internal_count=3009 726 2283 536 2200 2170 498 146 190 108 352 2138 84 82
is_linear=0
shrinkage=0.025


Tree=140
num_leaves=15
num_cat=0
split_feature=13 10 13 4 1 36 4 4 7 5 25 0 8 13
split_gain=122.307 78.8671 44.2122 19.4941 19.4156 17.5509 15.3353 97.8334 20.7726 17.7113 23.0108 15.9124 14.3101 13.3839
threshold=1.0000000180025095e-35 24.500000000000004 620.50000000000011 6.5000000000000009 -1.0000000180025095e-35 54.500000000000007 15.500000000000002 17.500000000000004 109.50000000000001 18.500000000000004 0.71053618182193246 50.500000000000007 1.0000000180025095e-35 10.500000000000002
decision_type=2 2 2 2 2 10 2 2 2 2 2 2 2 2
left_child=1 5 6 -3 -5 12 9 13 -9 10 -2 -11 -1 -8
right_child=2 3 -4 4 -6 -7 7 8 -10 11 -12 -13 -14 -15
leaf_value=-0.018207900310710162 0.00085930457650799106 -0.023007990948684505 2.6551562082106273 0.013157336141542375 0.00023492158048220424 -0.00050087877331108646 -0.021801891669816081 -0.0020674361497091428 0.38177067089311623 -0.0079220084650424294 -0.00018166630246752025 0.0091692583121345105 -0.021180714421277759 -0.11257067587688652
leaf_weight=352 222 19 83 136 35 38 50 706 151 324 209 405 146 133
leaf_count=352 222 19 83 136 35 38 50 706 151 324 209 405 146 133
internal_value=-0.00254817 -0.0114787 0.000293345 0.00232984 0.00505814 -0.016378 -0.000383916 -0.00258886 0.000955711 0.00158915 0.00560185 -0.000780822 -0.0176253 -0.0191304
internal_weight=3009 726 2283 190 171 536 2200 1040 857 1160 431 729 498 183
internal_count=3009 726 2283 190 171 536 2200 1040 857 1160 431 729 498 183
is_linear=0
shrinkage=0.025


Tree=141
num_leaves=15
num_cat=0
split_feature=13 14 13 4 11 32 37 32 36 4 4 21 8 29
split_gain=116.404 79.6859 45.3024 21.4236 19.5738 17.7359 15.3659 13.8401 16.9937 13.0025 10.4628 8.50765 7.06557 5.83248
threshold=1.0000000180025095e-35 1.0000000180025095e-35 620.50000000000011 6.5000000000000009 61.000000000000007 50.500000000000007 33.500000000000007 779.00000000000011 1028.0000000000002 10.500000000000002 14.500000000000002 71.500000000000014 1.5000000000000002 241.00000000000003
decision_type=2 2 2 2 2 10 10 8 8 2 2 10 2 10
left_child=1 6 7 -3 5 -5 12 8 10 -6 -2 -10 -1 -4
right_child=2 3 13 4 9 -7 -8 -9 11 -11 -12 -13 -14 -15
leaf_value=-0.017752702802942409 0.00054869272216979687 -0.021946296088472088 6.2329677608558773 0.00070796693750476705 0.00022904854097014914 -0.055403494890132202 -0.014373212059030173 0.00020519558936342721 -0.0020958423074595388 0.073133298219506676 -0.0095826261016715986 -0.0064512853038802831 -0.021472244197344365 0.87792045687206155
leaf_weight=331 944 24 56 88 24 65 36 30 43 103 1098 85 55 27
leaf_count=331 944 24 56 88 24 65 36 30 43 103 1098 85 55 27
internal_value=-0.00269767 -0.0114099 7.44308e-05 -0.00162295 0.000338078 -0.00564935 -0.0184279 -0.000611086 -0.000849839 0.00757812 -0.000291238 -0.00965116 -0.0198837 0.0180952
internal_weight=3009 726 2283 304 280 153 422 2200 2170 127 2042 128 386 83
internal_count=3009 726 2283 304 280 153 422 2200 2170 127 2042 128 386 83
is_linear=0
shrinkage=0.025


Tree=142
num_leaves=15
num_cat=0
split_feature=13 14 13 4 23 0 37 24 32 36 14 8 22 37
split_gain=120.495 78.1276 38.9021 21.111 19.5244 17.258 15.3659 15.3122 13.5361 16.1601 9.84399 7.06557 4.88658 4.80456
threshold=1.0000000180025095e-35 1.0000000180025095e-35 620.50000000000011 6.5000000000000009 53.500000000000007 72.500000000000014 33.500000000000007 8.5000000000000018 779.00000000000011 1127.5000000000002 235.50000000000003 1.5000000000000002 43.000000000000007 330.00000000000006
decision_type=2 2 2 2 10 2 10 10 8 8 2 2 10 10
left_child=1 6 8 -3 7 -6 11 -5 9 10 -2 12 -1 -4
right_child=2 3 13 4 5 -7 -8 -9 -10 -11 -12 -13 -14 -15
leaf_value=-0.017308885232868849 -0.00058943797649799743 -0.021397638686260285 0.93238580838816465 0.00066990592660360346 -0.016747206306016872 0.00039652215021138018 -0.014013881757554414 -0.054018407517878897 0.00020006569962934264 -0.0020434462497730399 1.0793297807164286 -0.020935438092410757 -0.040155125698545534 10.873856241072653
leaf_weight=313 2062 24 42 61 80 82 36 57 30 32 76 55 18 41
leaf_count=313 2062 24 42 61 80 82 36 57 30 32 76 55 18 41
internal_value=-0.00261462 -0.0114787 0.000205779 -0.00178689 0.000160142 0.00579755 -0.0184279 -0.00752101 -0.00042935 -0.000665592 -0.000395044 -0.0198837 -0.0212952 0.0169048
internal_weight=3009 726 2283 304 280 162 422 118 2200 2170 2138 386 331 83
internal_count=3009 726 2283 304 280 162 422 118 2200 2170 2138 386 331 83
is_linear=0
shrinkage=0.025


Tree=143
num_leaves=15
num_cat=0
split_feature=13 14 13 4 23 25 24 37 32 36 14 8 4 22
split_gain=119.081 77.0196 38.9021 21.111 19.5244 20.0646 15.3122 15.1339 13.5361 16.1601 9.84399 8.53663 5.25848 4.88658
threshold=1.0000000180025095e-35 1.0000000180025095e-35 620.50000000000011 6.5000000000000009 53.500000000000007 0.9157041034558745 8.5000000000000018 33.500000000000007 779.00000000000011 1127.5000000000002 235.50000000000003 1.5000000000000002 19.500000000000004 43.000000000000007
decision_type=2 2 2 2 10 2 10 10 8 8 2 2 2 10
left_child=1 7 8 -3 6 -6 -5 11 9 10 -2 13 -13 -1
right_child=2 3 -4 4 5 -7 -8 -9 -10 -11 -12 12 -14 -15
leaf_value=-0.016876163102047127 -0.00057470202708556075 -0.020862697719103776 2.1641279683878936 0.00065315827843851208 -0.0043109045603394241 0.0003000091850733533 -0.052667947329931922 -0.013663534713615555 0.00019506405713860808 -0.0019923600935287224 1.0523465361985183 -0.025198141371343082 -0.0090729260882173538 -0.039151247556081896
leaf_weight=313 2062 24 83 61 108 54 57 36 30 32 76 29 26 18
leaf_count=313 2062 24 83 61 108 54 57 36 30 32 76 29 26 18
internal_value=-0.00259801 -0.0114099 0.000205779 -0.00178689 0.000160142 0.00579755 -0.00752101 -0.0183097 -0.00042935 -0.000665592 -0.000395044 -0.0197545 -0.0101786 -0.0212952
internal_weight=3009 726 2283 304 280 162 118 422 2200 2170 2138 386 55 331
internal_count=3009 726 2283 304 280 162 118 422 2200 2170 2138 386 55 331
is_linear=0
shrinkage=0.025


Tree=144
num_leaves=15
num_cat=0
split_feature=13 14 13 4 11 31 37 4 4 4 6 5 33 0
split_gain=117.675 78.5669 38.9021 21.4236 19.5738 15.4253 15.1339 13.0025 12.8119 99.5421 19.9188 15.5899 19.9219 15.3899
threshold=1.0000000180025095e-35 1.0000000180025095e-35 620.50000000000011 6.5000000000000009 61.000000000000007 67.500000000000014 33.500000000000007 10.500000000000002 15.500000000000002 17.500000000000004 81.500000000000014 18.500000000000004 0.68804148313772573 50.500000000000007
decision_type=2 2 2 2 2 10 10 2 2 2 2 2 2 2
left_child=1 6 8 -3 5 -5 -1 -6 11 -10 -11 12 -2 -13
right_child=2 3 -4 4 7 -7 -8 -9 9 10 -12 13 -14 -15
leaf_value=-0.016454259024495949 0.00087218145161567235 -0.020341130276126183 2.1100247691781959 -5.0912605410957656e-05 0.00020590904406377706 -0.051351248646683625 -0.013321946345775168 0.07183141853567819 -0.086035630251973153 -0.0017470810933350235 0.3723805936811701 -0.0077085720713809813 -0.00016173846287048654 0.0089554130363664452
leaf_weight=386 225 24 83 102 24 51 36 103 183 706 151 324 206 405
leaf_count=386 225 24 83 102 24 51 36 103 183 706 151 324 206 405
internal_value=-0.0025814 -0.0113411 0.000205779 -0.00162295 0.000338078 -0.00564935 -0.0183097 0.00757812 -0.00042935 -0.00244476 0.00113054 0.00137382 0.00513889 -0.000849315
internal_weight=3009 726 2283 304 280 153 422 127 2200 1040 857 1160 431 729
internal_count=3009 726 2283 304 280 153 422 127 2200 1040 857 1160 431 729
is_linear=0
shrinkage=0.025


Tree=145
num_leaves=15
num_cat=0
split_feature=9 6 9 4 4 21 4 22 25 16 27 8 17 29
split_gain=80.8364 83.1333 37.4564 19.6951 91.8806 25.2288 19.6684 22.2503 19.179 25.6104 23.8215 14.8291 12.2676 8.4758
threshold=1.0000000180025095e-35 22.500000000000004 620.50000000000011 15.500000000000002 17.500000000000004 20.500000000000004 10.500000000000002 34.500000000000007 0.70277251042325117 142.50000000000003 72.500000000000014 1.0000000180025095e-35 0.64041279331001866 241.00000000000003
decision_type=2 2 2 2 2 10 2 10 2 2 10 2 2 10
left_child=1 6 3 8 12 -6 -1 11 10 -10 -2 -8 -5 -4
right_child=2 -3 13 4 5 -7 7 -9 9 -11 -12 -13 -14 -15
leaf_value=-0.016042902548883551 0.0011598918294626781 0.00020076131796218264 6.8151018307515416 0.0075940425639912023 -0.007969614944648918 0.021642466161769392 -0.016126313798275501 0.0048102031839729166 -0.00061080150515584468 1.0184608245191755 -0.0036861664919878301 -0.0088117700133230059 -0.091888375837504699 0.7258089818014043
leaf_weight=186 284 199 55 18 283 568 208 70 705 43 110 91 162 27
leaf_count=186 284 199 55 18 283 568 208 70 705 43 110 91 162 27
internal_value=-0.00264784 -0.00972848 -0.000274823 -0.000906164 -0.00341085 2.34742e-05 -0.0146942 -0.0112703 0.00135171 -0.00099466 0.00581013 -0.0142333 -0.0195856 0.0162048
internal_weight=3009 754 2255 2173 1031 851 555 369 1142 748 394 299 180 82
internal_count=3009 754 2255 2173 1031 851 555 369 1142 748 394 299 180 82
is_linear=0
shrinkage=0.025


Tree=146
num_leaves=15
num_cat=0
split_feature=13 14 13 4 23 25 7 4 24 32 36 6 21 8
split_gain=111.887 74.8275 34.5033 21.111 19.5244 20.0646 18.3895 16.4273 15.3122 13.8401 16.9937 10.8824 8.50765 7.01329
threshold=1.0000000180025095e-35 1.0000000180025095e-35 620.50000000000011 6.5000000000000009 53.500000000000007 0.9157041034558745 1.0000000180025095e-35 22.500000000000004 8.5000000000000018 779.00000000000011 1028.0000000000002 1.0000000180025095e-35 71.500000000000014 1.5000000000000002
decision_type=2 2 2 2 10 2 2 2 10 8 8 2 10 2
left_child=1 6 9 -3 8 -6 13 -8 -5 10 11 -2 -12 -1
right_child=2 3 -4 4 5 -7 7 -9 -10 -11 12 -13 -14 -15
leaf_value=-0.015641829985161462 0.00050021344436228796 -0.019431529455500942 2.00766375725637 0.00085839638694589773 -0.0059018067393894038 0.00028234219639587042 -0.021442425436669493 0.005696544749257554 -0.049666394866794444 0.0001393856236831831 -0.0017963129518849263 -0.01426203135926526 -0.0063926308348030147 -0.017860532599584502
leaf_weight=330 1289 24 83 61 108 54 34 23 57 30 43 753 85 35
leaf_count=330 1289 24 83 61 108 54 34 23 57 30 43 753 85 35
internal_value=-0.0027309 -0.0112724 -8.75657e-06 -0.00178689 0.000160142 0.00579755 -0.0180733 -0.00465517 -0.00752101 -0.000611086 -0.000849839 -0.000291238 -0.00965116 -0.0201366
internal_weight=3009 726 2283 304 280 162 422 57 118 2200 2170 2042 128 365
internal_count=3009 726 2283 304 280 162 422 57 118 2200 2170 2042 128 365
is_linear=0
shrinkage=0.025


Tree=147
num_leaves=15
num_cat=0
split_feature=13 14 13 4 37 31 10 32 36 15 14 8 4 4
split_gain=107.764 83.7533 34.2166 22.6966 17.7513 16.723 17.7278 13.7257 15.9444 13.3936 10.1094 8.53663 6.52137 5.25848
threshold=1.0000000180025095e-35 1.0000000180025095e-35 620.50000000000011 6.5000000000000009 33.500000000000007 67.500000000000014 34.500000000000007 779.00000000000011 1127.5000000000002 61.000000000000007 235.50000000000003 1.5000000000000002 10.500000000000002 19.500000000000004
decision_type=2 2 2 2 10 10 2 8 8 2 2 2 2 2
left_child=1 4 7 -3 11 6 -5 8 10 -7 -2 -1 -4 -13
right_child=2 3 12 5 -6 9 -8 -9 -10 -11 -12 13 -14 -15
leaf_value=-0.015250784235532425 -0.00053739158421615139 -0.018945741219113417 11.162941252492054 -0.002725464212269291 -0.012287168530474173 -0.048424734995124591 0.00062603461919053655 0.00013590098309110288 -0.001654725866443796 0.022219171202279321 1.0165438470814629 -0.023400476475197291 1.3367050102485423 -0.0080624023619373531
leaf_weight=331 2062 24 34 87 36 51 84 30 32 58 76 29 49 26
leaf_count=331 2062 24 34 87 36 51 84 30 32 58 76 29 49 26
internal_value=-0.00261462 -0.0109972 5.25394e-05 -0.000967213 -0.0181915 0.00104982 0.00593023 -0.000542935 -0.000780746 -0.00654545 -0.000511921 -0.0197545 0.0157143 -0.0101786
internal_weight=3009 726 2283 304 422 280 171 2200 2170 109 2138 386 83 55
internal_count=3009 726 2283 304 422 280 171 2200 2170 109 2138 386 83 55
is_linear=0
shrinkage=0.025


Tree=148
num_leaves=15
num_cat=0
split_feature=9 7 9 4 4 4 16 8 25 27 0 22 37 1
split_gain=72.7458 86.0208 31.9939 21.592 18.8631 93.5364 23.8211 18.8379 17.7428 23.214 20.2378 16.5277 13.425 13.2012
threshold=1.0000000180025095e-35 48.500000000000007 620.50000000000011 10.500000000000002 15.500000000000002 17.500000000000004 14.500000000000002 1.0000000180025095e-35 0.70277251042325117 72.500000000000014 50.500000000000007 41.500000000000007 41.500000000000007 1.0000000180025095e-35
decision_type=2 2 2 2 2 2 2 2 2 10 2 10 8 2
left_child=1 3 4 12 8 -6 -7 11 9 -2 -10 -5 -1 -3
right_child=2 13 -4 7 5 6 -8 -9 10 -11 -12 -13 -14 -15
leaf_value=-0.014869514629644115 0.0011318239872224467 0.00055588294648796228 1.794602470441214 -0.014950840597801269 -0.085663545359399407 -0.0073208694200801007 0.06019432378220007 -0.0083599494223791423 -0.0040990402216261523 -0.0035930828761917334 0.0017582384599386103 0.018814327402335237 -0.0091881907406153075 0.00017303286462346787
leaf_weight=169 284 143 82 218 180 388 463 147 354 110 394 28 22 27
leaf_count=169 284 143 82 218 180 388 463 147 354 110 394 28 22 27
internal_value=-0.00248173 -0.00919868 -0.000230496 -0.0137521 -0.000814167 -0.0032655 0.000199531 -0.0103299 0.00139545 0.00568354 -0.000861148 -0.0145547 -0.0206771 0.00640351
internal_weight=3009 754 2255 584 2173 1031 851 393 1142 394 748 246 191 170
internal_count=3009 754 2255 584 2173 1031 851 393 1142 394 748 246 191 170
is_linear=0
shrinkage=0.025


Tree=149
num_leaves=15
num_cat=0
split_feature=13 14 13 4 25 7 4 32 36 6 14 8 4 2
split_gain=98.5796 89.5713 34.2166 24.3382 19.5264 18.0609 16.4273 13.7257 15.9444 13.1955 10.1094 6.83087 6.52137 5.08015
threshold=1.0000000180025095e-35 1.0000000180025095e-35 620.50000000000011 6.5000000000000009 0.98027155096468965 1.0000000180025095e-35 22.500000000000004 779.00000000000011 1127.5000000000002 209.50000000000003 235.50000000000003 1.5000000000000002 10.500000000000002 1.0000000180025095e-35
decision_type=2 2 2 2 2 2 2 8 8 2 2 2 2 2
left_child=1 5 7 -3 9 11 -7 8 10 -5 -2 -1 -4 -14
right_child=2 3 12 4 -6 6 -8 -9 -10 -11 -12 -13 13 -15
leaf_value=-0.014497776763903012 -0.00051222149766716745 -0.018485994762297783 10.839002659418723 -0.0098856792672165749 0.00034190686577336598 -0.020561470582603145 0.0062350813587330025 0.00010420785883326344 -0.0014303359842807062 0.038887068516868344 0.99131327263992908 -0.017003460489986976 0.63693363902604005 2.9109122193279675
leaf_weight=330 2062 24 34 219 33 34 23 30 32 28 76 35 29 20
leaf_count=330 2062 24 34 219 33 34 23 30 32 28 76 35 29 20
internal_value=-0.00249834 -0.0105158 5.25394e-05 -0.000147541 0.0019395 -0.0179551 -0.00465517 -0.000542935 -0.000780746 -0.000483871 -0.000511921 -0.02 0.0157143 0.0094
internal_weight=3009 726 2283 304 280 422 57 2200 2170 247 2138 365 83 49
internal_count=3009 726 2283 304 280 422 57 2200 2170 247 2138 365 83 49
is_linear=0
shrinkage=0.025


Tree=150
num_leaves=15
num_cat=0
split_feature=13 14 13 4 25 7 4 32 36 14 16 8 4 37
split_gain=107.764 75.6888 34.2166 21.7385 22.7495 17.7352 16.4273 13.7257 15.9444 10.1094 9.60456 8.70883 6.52137 4.8112
threshold=1.0000000180025095e-35 1.0000000180025095e-35 620.50000000000011 6.5000000000000009 0.98027155096468965 1.0000000180025095e-35 22.500000000000004 779.00000000000011 1127.5000000000002 235.50000000000003 314.50000000000006 1.5000000000000002 10.500000000000002 330.00000000000006
decision_type=2 2 2 2 2 2 2 8 8 2 2 2 2 10
left_child=1 5 7 -3 10 11 -7 8 9 -2 -5 -1 -4 -14
right_child=2 3 12 4 -6 6 -8 -9 -10 -11 -12 -13 13 -15
leaf_value=-0.014135332344805438 -0.00049941596022549104 -0.018023844893240337 10.568027592933255 -0.0068255385687734371 0.00033335919412903184 -0.020047433818038068 0.0060792043247646782 0.00010160266236243222 -0.0013945775846736952 0.9665304408239308 4.33472163694206 -0.016578373977737298 0.45562402170607047 4.4417087051438475
leaf_weight=330 2062 24 34 227 33 34 23 30 32 76 20 35 26 23
leaf_count=330 2062 24 34 227 33 34 23 30 32 76 20 35 26 23
internal_value=-0.00261462 -0.0109972 5.25394e-05 -0.00145902 0.000516014 -0.0178369 -0.00465517 -0.000542935 -0.000780746 -0.000511921 -0.00209677 -0.0198634 0.0157143 0.0094
internal_weight=3009 726 2283 304 280 422 57 2200 2170 2138 247 365 83 49
internal_count=3009 726 2283 304 280 422 57 2200 2170 2138 247 365 83 49
is_linear=0
shrinkage=0.025


Tree=151
num_leaves=15
num_cat=0
split_feature=13 14 13 4 25 7 4 32 28 4 28 12 0 36
split_gain=105.216 75.6888 29.9749 21.7385 22.7495 17.7352 16.4273 13.815 10.4468 15.1165 11.3457 9.60456 5.34382 8.27196
threshold=1.0000000180025095e-35 1.0000000180025095e-35 634.00000000000011 6.5000000000000009 0.98027155096468965 1.0000000180025095e-35 22.500000000000004 779.00000000000011 101.50000000000001 17.500000000000004 13.500000000000002 312.50000000000006 46.500000000000007 25.500000000000004
decision_type=2 2 2 2 2 2 2 8 10 2 10 2 2 10
left_child=1 5 7 -3 11 12 -7 8 10 -10 -2 -5 13 -1
right_child=2 3 -4 4 -6 6 -8 -9 9 -11 -12 -13 -14 -15
leaf_value=-0.013861241855138526 -0.00052475933273857798 -0.017573248770909329 2.8464110285959863 -0.006654900104554118 0.00032502521427580603 -0.019546247972587114 0.0059272242166455609 9.9062595803370298e-05 -0.026251852579542413 0.028994114932064632 0.0035138339405341281 4.2263535960185088 -0.013781949036185301 -0.014512463618586678
leaf_weight=121 712 24 72 227 33 34 23 30 448 267 754 20 223 21
leaf_count=121 712 24 72 227 33 34 23 30 448 267 754 20 223 21
internal_value=-0.00271429 -0.0109972 -7.44308e-05 -0.00145902 0.000516014 -0.0178369 -0.00465517 -0.000596745 -0.000834097 -0.00331006 0.000371506 -0.00209677 -0.0198634 -0.0156993
internal_weight=3009 726 2283 304 280 422 57 2211 2181 715 1466 247 365 142
internal_count=3009 726 2283 304 280 422 57 2211 2181 715 1466 247 365 142
is_linear=0
shrinkage=0.025


Tree=152
num_leaves=15
num_cat=0
split_feature=13 14 13 36 32 33 6 6 25 8 25 6 22 32
split_gain=108.68 76.7871 27.4884 16.3111 13.5271 12.9055 11.8664 13.9254 9.90782 9.69795 9.40876 6.36462 4.41648 3.11718
threshold=1.0000000180025095e-35 1.0000000180025095e-35 640.50000000000011 54.500000000000007 779.00000000000011 0.9303720529323295 488.00000000000006 1.0000000180025095e-35 0.90756031877824905 1.5000000000000002 0.73494611678964128 1.0000000180025095e-35 43.000000000000007 107.50000000000001
decision_type=2 2 2 10 8 2 2 2 2 2 2 2 10 10
left_child=1 3 4 9 6 8 7 -2 10 12 -3 -10 -1 -4
right_child=2 5 13 -5 -6 -7 -8 -9 11 -11 -12 -13 -14 -15
leaf_value=-0.013437400310280668 0.00038793955867875984 0.017877877364098006 6.1098668089892954 0.0019505807938549058 9.6586030908285547e-05 -0.012452931815617768 1.4231068523070434 -0.014751574033896032 -0.012452931815617768 -0.016938237338970846 -0.053365808448873113 0.00074807436549817821 -0.036172606043312669 1.279888517440432
leaf_weight=325 1408 98 40 21 30 56 19 765 18 58 90 42 18 21
leaf_count=325 1408 98 40 21 30 56 19 765 18 58 90 42 18 21
internal_value=-0.00264784 -0.011066 3.0648e-05 -0.0179551 -0.000425101 -0.00145902 -0.000658915 -0.000837167 0.000983936 -0.0190796 -0.0018254 0.0097541 -0.0206977 0.0164516
internal_weight=3009 726 2283 422 2222 304 2192 2173 248 401 188 60 343 61
internal_count=3009 726 2283 422 2222 304 2192 2173 248 401 188 60 343 61
is_linear=0
shrinkage=0.025


Tree=153
num_leaves=15
num_cat=0
split_feature=13 14 13 4 25 7 4 4 4 7 5 9 33 13
split_gain=105.882 77.6591 27.0526 22.375 21.921 19.9037 17.8875 14.7892 100.362 20.9761 15.2467 15.15 13.565 13.4341
threshold=1.0000000180025095e-35 1.0000000180025095e-35 640.50000000000011 6.5000000000000009 0.98027155096468965 1.0000000180025095e-35 19.500000000000004 15.500000000000002 17.500000000000004 109.50000000000001 18.500000000000004 20.500000000000004 0.68804148313772573 10.500000000000002
decision_type=2 2 2 2 2 2 2 2 2 2 2 2 2 2
left_child=1 5 7 -3 -5 -1 -7 10 13 -10 12 -12 -2 -9
right_child=2 3 -4 4 -6 6 -8 8 9 -11 11 -13 -14 -15
leaf_value=-0.013101465302523652 0.00082642381955595485 -0.016822594256246149 3.1741299072039229 -0.00085659718188944585 0.00044590355664404503 -0.019781878340320903 0.0038160476826957935 -0.014975803418006929 -0.0013562926507053596 0.38824148232997796 -0.041343492215366956 0.0002665427019994837 0.00010995777659093819 -0.10296937498864767
leaf_weight=365 225 24 61 247 33 29 28 50 710 155 39 703 206 134
leaf_count=365 225 24 61 247 33 29 28 50 710 155 39 703 206 134
internal_value=-0.00248173 -0.0107909 0.000161996 -0.00113115 0.000871886 -0.0177187 -0.0037931 -0.000290148 -0.00244762 0.00112009 0.00163543 -0.000531629 0.00537037 -0.0191622
internal_weight=3009 726 2283 304 280 422 57 2222 1049 865 1173 742 431 184
internal_count=3009 726 2283 304 280 422 57 2222 1049 865 1173 742 431 184
is_linear=0
shrinkage=0.025


Tree=154
num_leaves=15
num_cat=0
split_feature=13 14 13 4 25 7 6 4 4 5 4 12 8 37
split_gain=108.558 79.8918 25.2048 22.375 21.921 15.6856 14.2969 15.2403 92.776 16.0281 13.9801 9.13031 8.70883 4.98596
threshold=1.0000000180025095e-35 1.0000000180025095e-35 667.00000000000011 6.5000000000000009 0.98027155096468965 1.0000000180025095e-35 488.00000000000006 15.500000000000002 17.500000000000004 18.500000000000004 22.500000000000004 312.50000000000006 1.5000000000000002 330.00000000000006
decision_type=2 2 2 2 2 2 2 2 2 2 2 2 2 10
left_child=1 5 6 -3 11 12 7 9 -9 -2 -7 -5 -1 -4
right_child=2 3 13 4 -6 10 -8 8 -10 -11 -12 -13 -14 -15
leaf_value=-0.012773928669960561 0.00054349139098467389 -0.016402029399839996 0.71730490943712943 -0.0054124850736794634 0.00043475596772795115 -0.018183349344148773 1.3467127929137221 -0.076330398860896945 0.0018214071946643707 -0.0028281767990501194 0.0056348778993156523 4.1211597701861535 -0.015066391015878042 10.000566709490194
leaf_weight=330 430 24 18 227 33 34 22 182 855 738 23 20 35 38
leaf_count=330 430 24 18 227 33 34 22 182 855 738 23 20 35 38
internal_value=-0.00251495 -0.0109285 0.000161996 -0.00113115 0.000871886 -0.0179551 -0.000255835 -0.000462375 -0.00266859 0.00149273 -0.00551724 -0.00169355 -0.0198634 0.0165789
internal_weight=3009 726 2283 304 280 422 2227 2205 1037 1168 57 247 365 56
internal_count=3009 726 2283 304 280 422 2227 2205 1037 1168 57 247 365 56
is_linear=0
shrinkage=0.025


Tree=155
num_leaves=15
num_cat=0
split_feature=13 14 4 13 25 7 4 4 4 14 7 5 9 33
split_gain=98.9296 88.385 24.3382 23.4369 19.5264 17.7352 15.722 14.8218 65.9198 52.4016 21.3402 19.097 16.7574 13.9844
threshold=1.0000000180025095e-35 1.0000000180025095e-35 6.5000000000000009 680.00000000000011 0.98027155096468965 1.0000000180025095e-35 19.500000000000004 14.500000000000002 17.500000000000004 2.5000000000000004 109.50000000000001 18.500000000000004 20.500000000000004 0.68804148313772573
decision_type=2 2 2 2 2 2 2 2 2 2 2 2 2 2
left_child=1 5 -3 7 -4 -1 -7 11 9 -9 -10 13 -13 -2
right_child=3 2 4 -5 -6 6 -8 8 10 -11 -12 12 -14 -15
leaf_value=-0.012454580453211546 0.00091098005985599259 -0.015991978664843996 -0.00069987012550022383 8.0111849513402742 0.00042388706853475623 -0.018832747648209164 0.0035797745431455103 -0.075412465830340447 -0.0013679205143043438 0.08955842066597175 0.37848991009186189 -0.03951120047227441 7.3590732583639359e-05 0.00018253718214875648
leaf_weight=365 210 24 247 48 33 29 28 193 713 81 163 32 658 185
leaf_count=365 210 24 247 48 33 29 28 193 713 81 163 32 658 185
internal_value=-0.00241528 -0.010447 -0.000147541 0.000140105 0.0019395 -0.0178369 -0.00465517 -0.000232558 -0.00221112 -0.0128909 0.00113455 0.00186004 -0.000643994 0.00623737
internal_weight=3009 726 304 2283 280 422 57 2235 1150 274 876 1085 690 395
internal_count=3009 726 304 2283 280 422 57 2235 1150 274 876 1085 690 395
is_linear=0
shrinkage=0.025


Tree=156
num_leaves=15
num_cat=0
split_feature=13 14 4 13 25 7 4 4 14 7 5 9 33 4
split_gain=98.0554 92.9144 25.0158 23.3773 18.7585 15.6856 14.507 64.2221 51.2785 21.3402 19.097 16.7574 13.9844 13.6944
threshold=1.0000000180025095e-35 1.0000000180025095e-35 6.5000000000000009 680.00000000000011 0.98027155096468965 1.0000000180025095e-35 14.500000000000002 17.500000000000004 2.5000000000000004 109.50000000000001 18.500000000000004 20.500000000000004 0.68804148313772573 19.500000000000004
decision_type=2 2 2 2 2 2 2 2 2 2 2 2 2 2
left_child=1 5 -3 6 -4 -1 10 8 -8 -9 12 -12 -2 -7
right_child=3 2 4 -5 -6 13 7 9 -10 -11 11 -13 -14 -15
leaf_value=-0.012143215941881258 0.00088820555835960051 -0.015592179198222894 -0.00068237337236271576 7.8109053275567675 0.00041328989182138899 -0.018361928957003931 -0.07352715418458193 -0.0013337225014467436 0.087319460149322459 0.36902766233956541 -0.038523420460467528 7.1750964269057257e-05 0.00017797375259505089 0.0034902801795668736
leaf_weight=365 210 24 247 48 33 29 193 713 81 163 32 658 185 28
leaf_count=365 210 24 247 48 33 29 193 713 81 163 32 658 185 28
internal_value=-0.00238206 -0.0103783 0.000147541 0.000161996 0.00229537 -0.0179551 -0.000210197 -0.00216768 -0.0127091 0.00113455 0.00186004 -0.000643994 0.00623737 -0.00551724
internal_weight=3009 726 304 2283 280 422 2235 1150 274 876 1085 690 395 57
internal_count=3009 726 304 2283 280 422 2235 1150 274 876 1085 690 395 57
is_linear=0
shrinkage=0.025


Tree=157
num_leaves=15
num_cat=0
split_feature=13 14 4 13 25 7 4 32 6 6 4 8 37 37
split_gain=97.2429 92.9144 25.0158 23.4965 18.7585 15.6856 13.6944 13.2444 12.5295 10.8907 11.528 8.70883 6.09135 3.91835
threshold=1.0000000180025095e-35 1.0000000180025095e-35 6.5000000000000009 680.00000000000011 0.98027155096468965 1.0000000180025095e-35 19.500000000000004 779.00000000000011 209.50000000000003 488.00000000000006 15.500000000000002 1.5000000000000002 330.00000000000006 40.500000000000007
decision_type=2 2 2 2 2 2 2 8 2 2 2 2 10 10
left_child=1 5 -3 7 8 11 -7 9 -4 10 -2 13 -5 -1
right_child=3 2 4 12 -6 6 -8 -9 -10 -11 -12 -13 -14 -15
leaf_value=-0.011839635543334226 0.00029901354899288527 -0.015202374718267323 -0.0085515205832907178 0.30382002972877731 0.00040295764452584763 -0.017902880733078833 0.0034030231750777021 1.4943859416671757e-05 0.039777331125837638 1.1200112344538398 -0.007783573938751104 -0.014074786330603771 9.3550002847805143 -0.012551887261175568
leaf_weight=310 1138 24 219 18 33 29 28 30 28 27 1040 35 30 20
leaf_count=310 1138 24 219 18 33 29 28 30 28 27 1040 35 30 20
internal_value=-0.00241528 -0.0103783 0.000147541 0.000118214 0.00229537 -0.0179551 -0.00551724 -0.000254919 -8.06452e-05 -0.000485041 -0.000686095 -0.0198634 0.0172449 -0.0211329
internal_weight=3009 726 304 2283 280 422 57 2235 247 2205 2178 365 48 330
internal_count=3009 726 304 2283 280 422 57 2235 247 2205 2178 365 48 330
is_linear=0
shrinkage=0.025


Tree=158
num_leaves=15
num_cat=0
split_feature=13 14 13 4 25 7 4 4 4 14 7 5 9 33
split_gain=107.703 79.8918 23.4965 22.375 21.921 15.6856 13.6944 13.2295 64.7515 51.2785 21.0432 17.0536 16.7574 16.5133
threshold=1.0000000180025095e-35 1.0000000180025095e-35 680.00000000000011 6.5000000000000009 0.98027155096468965 1.0000000180025095e-35 19.500000000000004 14.500000000000002 17.500000000000004 2.5000000000000004 109.50000000000001 18.500000000000004 20.500000000000004 0.68804148313772573
decision_type=2 2 2 2 2 2 2 2 2 2 2 2 2 2
left_child=1 5 7 -3 -5 -1 -7 11 9 -9 -10 13 -13 -2
right_child=2 3 -4 4 -6 6 -8 8 10 -11 -12 12 -14 -15
leaf_value=-0.01154364465475087 0.00085852508067578719 -0.014822315350310639 7.3817576872483359 -0.00095828554200033916 0.00039288370341270532 -0.017455308714751861 0.0033179475957007573 -0.071494385981498612 -0.0011057900904417829 0.085128998306864587 0.35999656012954517 -0.037567810287680664 6.248185143764573e-05 0.00016604907005532966
leaf_weight=365 210 24 48 247 33 29 28 193 713 81 163 32 658 185
leaf_count=365 210 24 48 247 33 29 28 193 713 81 163 32 658 185
internal_value=-0.00254817 -0.0109285 0.000118214 -0.00113115 0.000871886 -0.0179551 -0.00551724 -0.000254919 -0.00212424 -0.0127091 0.00119156 0.00172192 -0.000643994 0.00585859
internal_weight=3009 726 2283 304 280 422 57 2235 1150 274 876 1085 690 395
internal_count=3009 726 2283 304 280 422 57 2235 1150 274 876 1085 690 395
is_linear=0
shrinkage=0.025


Tree=159
num_leaves=15
num_cat=0
split_feature=13 14 13 36 7 25 19 40 6 40 19 8 37 29
split_gain=102.639 79.8918 24.2229 20.6243 15.6856 10.589 11.7952 10.6154 10.4321 10.2243 8.74473 8.70883 6.09135 5.643
threshold=1.0000000180025095e-35 1.0000000180025095e-35 680.00000000000011 1127.5000000000002 1.0000000180025095e-35 0.98027155096468965 4.5000000000000009 4.5000000000000009 488.00000000000006 653.50000000000011 26.500000000000004 1.5000000000000002 330.00000000000006 1.5000000000000002
decision_type=2 2 2 8 2 2 10 10 2 10 10 2 10 10
left_child=1 4 3 8 11 6 7 -3 9 -2 -8 -1 -4 -6
right_child=2 5 12 -5 13 -7 10 -9 -10 -11 -12 -13 -14 -15
leaf_value=-0.011255053538382097 -0.00055831440642126748 0.0045728916684757885 0.11168058680435139 -0.0010141300696316913 -0.017018925996883063 0.00023057015294148292 0.043588363551328071 -0.045517874213633257 1.0920093915462077 0.23525627347490674 -0.0070223995247939326 -0.013434325555969904 8.9365813354797918 0.0013207674971209894
leaf_weight=330 2087 26 18 49 35 42 33 71 27 72 132 35 30 22
leaf_count=330 2087 26 18 49 35 42 33 71 27 72 132 35 30 22
internal_value=-0.00274751 -0.0109285 -0.000140105 -0.000523256 -0.0179551 -0.00113115 -0.00302281 -0.00989796 -0.00015775 -0.000356481 0.0010241 -0.0198634 0.0172449 -0.00551724
internal_weight=3009 726 2283 2235 422 304 262 97 2186 2159 165 365 48 57
internal_count=3009 726 2283 2235 422 304 262 97 2186 2159 165 365 48 57
is_linear=0
shrinkage=0.025


Tree=160
num_leaves=15
num_cat=0
split_feature=9 10 5 4 4 16 4 4 17 8 40 22 27 0
split_gain=72.3978 79.2074 26.0981 19.5496 84.5108 23.175 19.4706 18.4848 14.4409 13.7354 13.2126 13.0238 11.7081 11.5788
threshold=1.0000000180025095e-35 34.500000000000007 667.00000000000011 15.500000000000002 17.500000000000004 14.500000000000002 19.500000000000004 6.5000000000000009 0.64041279331001866 44.500000000000007 342.00000000000006 41.500000000000007 292.00000000000006 22.500000000000004
decision_type=2 2 2 2 2 2 2 2 2 2 10 8 10 2
left_child=1 6 3 9 8 -6 11 -3 -5 12 -9 -1 -2 -8
right_child=2 7 -4 4 5 -7 13 10 -10 -11 -12 -13 -14 -15
leaf_value=-0.010973677199922545 0.00069818866643860393 -0.014206397294378488 6.3668903389103608 0.018325017393589056 -0.006673165389465963 0.052437402017852547 0.0020336281550247053 0.031867306474425483 -0.077597865796625143 -0.03588665715259598 -0.19787309642238748 -0.0087373928332385303 -0.0061989863238704149 -0.010968874151766405
leaf_weight=302 837 23 56 18 389 473 32 144 163 161 19 48 158 186
leaf_count=302 837 23 56 18 389 473 32 144 163 161 19 48 158 186
internal_value=-0.00236545 -0.00906623 -0.000119681 -0.000554545 -0.0030364 0.000225956 -0.0136995 0.00505348 -0.0185165 0.00168107 0.00804878 -0.0173647 0.00278112 -0.00773973
internal_weight=3009 754 2255 2199 1043 862 568 186 181 1156 163 350 995 218
internal_count=3009 754 2255 2199 1043 862 568 186 181 1156 163 350 995 218
is_linear=0
shrinkage=0.025


Tree=161
num_leaves=15
num_cat=0
split_feature=13 8 4 13 22 32 25 6 4 16 7 5 37 17
split_gain=130.694 56.3174 34.6886 23.4369 17.4544 13.2076 11.1103 10.8586 11.2256 9.20041 7.31181 7.06673 6.09135 5.91241
threshold=1.0000000180025095e-35 1.0000000180025095e-35 10.500000000000002 680.00000000000011 12.500000000000002 779.00000000000011 0.98027155096468965 488.00000000000006 15.500000000000002 314.50000000000006 1.0000000180025095e-35 3.5000000000000004 330.00000000000006 0.98330183231586565
decision_type=2 2 2 2 10 8 2 2 2 2 2 2 10 2
left_child=1 4 13 5 10 7 9 8 -2 -4 -1 -6 -5 -3
right_child=3 2 6 12 11 -7 -8 -9 -10 -11 -12 -13 -14 -15
leaf_value=-0.010699335269924483 0.00026657822675073831 -0.01230410957435564 -0.0078639935882444337 0.02750902454745301 -0.027578744190803573 1.005670994189134e-06 0.33025625207541298 1.0646917020408921 -0.0066545509698802408 4.0169207176576815 -0.012640409951323733 0.04750543824598541 8.5539945436200391 -0.0095581011635266222
leaf_weight=310 1138 30 221 18 31 30 21 27 1040 20 26 18 30 49
leaf_count=310 1138 30 221 18 31 30 21 27 1040 20 26 18 30 49
internal_value=-0.00279734 -0.0120289 -0.00459064 0.000140105 -0.0185751 -0.000232558 -0.000171103 -0.000462375 -0.000663148 -0.00173554 -0.0206083 -0.0044 0.0172449 -0.019
internal_weight=3009 726 341 2283 385 2235 262 2205 2178 241 336 49 48 79
internal_count=3009 726 341 2283 385 2235 262 2205 2178 241 336 49 48 79
is_linear=0
shrinkage=0.025


Tree=162
num_leaves=15
num_cat=0
split_feature=13 14 4 13 7 32 4 6 4 8 12 22 37 30
split_gain=140.193 50.8542 32.3756 23.3773 16.896 13.1708 12.1137 10.8265 10.9272 8.35399 7.18844 6.35731 6.09135 5.99712
threshold=1.0000000180025095e-35 1.5000000000000002 10.500000000000002 680.00000000000011 1.5000000000000002 779.00000000000011 19.500000000000004 488.00000000000006 15.500000000000002 8.5000000000000018 312.50000000000006 39.000000000000007 330.00000000000006 80.500000000000014
decision_type=2 2 2 2 2 8 2 2 2 2 2 10 10 10
left_child=1 4 -3 5 9 7 -6 8 -2 11 13 -1 -5 -4
right_child=3 2 10 12 6 -7 -8 -9 -10 -11 -12 -13 -14 -15
leaf_value=-0.01043185188817637 0.00025991377108197102 -0.0092632415252713578 0.0063848770046042117 0.026821298933765548 -0.017019763821888811 9.8052921933544641e-07 0.021156293598777777 1.0380744094898702 -0.0064881871956332356 -0.07454590662110977 3.9164976997162393 -0.022336426794752874 8.3401446800295371 -0.039576579290639027
leaf_weight=343 1138 56 134 18 27 30 23 27 1040 18 20 32 30 73
leaf_count=343 1138 56 134 18 27 30 23 27 1040 18 20 32 30 73
internal_value=-0.0028804 -0.0124415 -0.00411972 0.000161996 -0.0177252 -0.000210197 -0.00382353 -0.00043971 -0.000640202 -0.019467 8.77193e-05 -0.020266 0.0172449 -0.00129808
internal_weight=3009 726 283 2283 443 2235 50 2205 2178 393 227 375 48 207
internal_count=3009 726 283 2283 443 2235 50 2205 2178 393 227 375 48 207
is_linear=0
shrinkage=0.025


Tree=163
num_leaves=15
num_cat=0
split_feature=13 8 4 13 22 0 4 4 14 16 5 33 8 0
split_gain=133.19 53.9619 33.2884 23.4965 17.4544 14.1466 13.2295 58.2511 47.982 20.0382 17.0536 16.5133 13.1359 9.20867
threshold=1.0000000180025095e-35 1.0000000180025095e-35 10.500000000000002 680.00000000000011 12.500000000000002 76.500000000000014 14.500000000000002 17.500000000000004 2.5000000000000004 15.500000000000002 18.500000000000004 0.68804148313772573 44.500000000000007 33.500000000000007
decision_type=2 2 2 2 10 2 2 2 2 2 2 2 2 2
left_child=1 4 -3 6 -1 13 10 8 -8 -9 11 -2 -12 -4
right_child=3 2 5 -5 -6 -7 7 9 -10 -11 12 -13 -14 -15
leaf_value=-0.010171055590971961 0.0008422335502879186 -0.010485006197436149 0.017627558617835472 6.3922734726161341 -0.021778016124884052 0.024974589632817869 -0.068335707760760922 -0.0054157085936530243 0.082984114192746719 0.091374668184927371 0.00066791545911790715 0.00014523868685771825 -0.043415302307881376 -0.023905712888362008
leaf_weight=336 210 79 81 48 49 87 193 425 81 451 552 185 138 94
leaf_count=336 210 79 81 48 49 87 193 425 81 451 552 185 138 94
internal_value=-0.00284718 -0.0121664 -0.00488304 0.000118214 -0.0185751 -0.000551331 -0.000254919 -0.00212424 -0.0121636 0.00102052 0.00172192 0.00585859 -0.000643994 -0.00465909
internal_weight=3009 726 341 2283 385 262 2235 1150 274 876 1085 395 690 175
internal_count=3009 726 341 2283 385 262 2235 1150 274 876 1085 395 690 175
is_linear=0
shrinkage=0.025


Tree=164
num_leaves=15
num_cat=0
split_feature=13 14 4 9 37 36 6 8 5 6 16 22 38 15
split_gain=108.977 75.3801 22.1842 21.909 20.397 14.9373 10.9615 10.7304 9.10231 11.0548 9.27395 8.28149 7.79735 5.1632
threshold=1.0000000180025095e-35 1.5000000000000002 6.5000000000000009 857.50000000000011 1127.5000000000002 54.500000000000007 209.50000000000003 18.500000000000004 573.00000000000011 488.00000000000006 432.50000000000006 19.500000000000004 253.00000000000003 1.0000000180025095e-35
decision_type=2 2 2 2 8 10 2 2 2 2 2 10 10 2
left_child=1 5 -3 4 8 7 12 11 9 -2 -10 -1 -4 -6
right_child=3 2 6 -5 13 -7 -8 -9 10 -11 -12 -13 -14 -15
leaf_value=-0.0099167792011976615 -6.7573765485906553e-05 -0.013051323383160479 0.00016556758543646817 7.971834226213395 -2.4828158227907515e-05 0.00060529792240334725 0.038820353049301565 -0.033277573731850356 -0.20080514597481455 1.6758157947697272 0.45347453322260095 -0.021233565721761952 -0.043372926706138508 -0.00042200178272411293
leaf_weight=358 2129 24 191 36 31 22 28 18 27 19 23 45 40 18
leaf_count=358 2129 24 191 36 31 22 28 18 27 19 23 45 40 18
internal_value=-0.00298007 -0.0114099 -0.00130282 -0.000293345 -0.000609431 -0.0178378 0.000846154 -0.0188863 -0.00024784 0 -0.0106863 -0.0197277 -0.000948276 -0.0164
internal_weight=3009 726 283 2283 2247 443 259 421 2198 2148 50 403 231 49
internal_count=3009 726 283 2283 2247 443 259 421 2198 2148 50 403 231 49
is_linear=0
shrinkage=0.025


Tree=165
num_leaves=15
num_cat=0
split_feature=13 14 4 9 37 36 8 32 28 27 17 25 15 7
split_gain=120.034 62.9923 24.7895 21.909 20.397 14.9373 10.7304 9.50479 13.3696 10.2655 7.91386 8.32199 5.1632 5.06736
threshold=1.0000000180025095e-35 1.5000000000000002 10.500000000000002 857.50000000000011 1127.5000000000002 54.500000000000007 18.500000000000004 570.00000000000011 101.50000000000001 982.50000000000011 0.97027850948884387 0.73494611678964128 1.0000000180025095e-35 3.5000000000000004
decision_type=2 2 2 2 8 10 2 8 10 10 2 2 2 2
left_child=1 5 -3 4 7 6 13 8 -2 -9 11 -4 -6 -1
right_child=3 2 10 -5 12 -7 -8 9 -10 -11 -12 -13 -14 -15
leaf_value=-0.0096688597211677194 0.00023404943218487408 -0.0084432522476246587 0.01826100204021841 7.7725383705580589 -2.4207454272207054e-05 0.00059016547434326272 -0.032445634388554107 0.30540145437072702 -0.014636641786155025 -0.07092612135453838 0.037849844223069341 -0.046713601796887751 -0.00041145173815602124 -0.016777626168612583
leaf_weight=379 1446 56 79 36 31 22 18 58 676 18 73 75 18 24
leaf_count=379 1446 56 79 36 31 22 18 58 676 18 73 75 18 24
internal_value=-0.00311296 -0.0119601 -0.00271127 -0.000293345 -0.000609431 -0.0178378 -0.0188863 -0.00024784 -0.000562883 0.00837662 0.000964912 -0.00222581 -0.0164 -0.0197277
internal_weight=3009 726 283 2283 2247 443 421 2198 2122 76 227 154 49 403
internal_count=3009 726 283 2283 2247 443 421 2198 2122 76 227 154 49 403
is_linear=0
shrinkage=0.025


Tree=166
num_leaves=15
num_cat=0
split_feature=13 8 20 9 22 6 20 40 33 31 28 1 7 5
split_gain=109.898 66.2348 24.5675 25.7996 17.4544 14.3495 14.7405 15.9729 11.9853 10.898 12.8774 8.74643 7.31181 7.06673
threshold=1.0000000180025095e-35 1.0000000180025095e-35 1127.5000000000002 857.50000000000011 12.500000000000002 35.500000000000007 13.500000000000002 9.5000000000000018 0.9303720529323295 575.00000000000011 101.50000000000001 -1.0000000180025095e-35 1.0000000180025095e-35 3.5000000000000004
decision_type=2 2 8 2 10 2 10 8 2 10 10 2 2 2
left_child=1 4 3 9 12 6 7 -3 11 10 -2 -7 -1 -6
right_child=2 5 -4 -5 13 8 -8 -9 -10 -11 -12 -13 -14 -15
leaf_value=-0.009427138228138527 0.00022819819638025265 -0.00074661772773643035 -0.0013380782676666704 7.5782249112941065 -0.025340746252740201 0.036161577666202586 0.0036836527066462844 -0.023051101382811318 -0.00061983300785620578 0.29776641801145892 -0.014559134298709253 0.00036772407596786675 -0.011579449821491696 0.046378891005614341
leaf_weight=310 1465 50 30 34 31 67 85 100 21 56 698 18 26 18
leaf_count=310 1465 50 30 34 31 67 85 100 21 56 698 18 26 18
internal_value=-0.00301329 -0.0114787 -0.000315236 -8.87311e-06 -0.0185751 -0.00342105 -0.00686441 -0.0115563 0.00415888 -0.000346847 -0.000633087 0.00837209 -0.0206083 -0.0044
internal_weight=3009 726 2283 2253 385 341 235 150 106 2219 2163 85 336 49
internal_count=3009 726 2283 2253 385 341 235 150 106 2219 2163 85 336 49
is_linear=0
shrinkage=0.025


Tree=167
num_leaves=15
num_cat=0
split_feature=9 7 9 4 4 4 21 9 5 25 22 35 27 33
split_gain=80.8179 60.2902 24.3477 22.4224 18.1561 68.4146 21.7104 21.3294 16.0646 13.5259 13.4684 13.4887 12.3678 9.62734
threshold=1.0000000180025095e-35 62.500000000000007 772.00000000000011 19.500000000000004 15.500000000000002 17.500000000000004 20.500000000000004 7.5000000000000009 620.50000000000011 0.70277251042325117 41.500000000000007 31.500000000000004 187.50000000000003 0.9303720529323295
decision_type=2 2 2 2 2 2 10 2 2 2 8 10 8 2
left_child=1 3 4 10 8 7 -7 -6 9 -2 11 -1 -5 -3
right_child=2 13 -4 12 5 6 -8 -9 -10 -11 -12 -13 -14 -15
leaf_value=-0.0092513643043490197 0.00062337159214815869 0.015205976494766205 7.3887692885117531 -0.0091846617331268528 -0.0007815445639261058 -0.0073838660621337931 0.018302247295535614 -0.092807228365056366 -0.19505512292332128 -7.7440612062884551e-05 -0.0077118005160308591 -0.0091914597724350646 -0.0091867768004828265 -0.00060433718265980063
leaf_weight=282 395 124 38 218 43 284 586 138 22 749 51 30 25 24
leaf_count=282 395 124 38 218 43 284 586 138 22 749 51 30 25 24
internal_value=-0.00284718 -0.00992715 -0.000474291 -0.0134185 -0.000820559 -0.00320342 -0.000281286 -0.0171429 0.00132391 0.00174236 -0.0173626 -0.0193131 -0.00745902 0.00432886
internal_weight=3009 754 2255 606 2217 1051 870 181 1166 1144 363 312 243 148
internal_count=3009 754 2255 606 2217 1051 870 181 1166 1144 363 312 243 148
is_linear=0
shrinkage=0.025


Tree=168
num_leaves=15
num_cat=0
split_feature=9 8 4 9 20 6 4 4 4 5 22 21 7 16
split_gain=92.1239 46.8864 27.9885 24.737 21.0583 16.4408 25.5312 14.4051 58.8826 15.8985 13.9342 13.5967 9.62432 10.8858
threshold=1.0000000180025095e-35 1.0000000180025095e-35 10.500000000000002 772.00000000000011 1127.5000000000002 1.0000000180025095e-35 20.500000000000004 15.500000000000002 17.500000000000004 620.50000000000011 41.500000000000007 1.5000000000000002 62.500000000000007 40.500000000000007
decision_type=2 2 2 2 8 2 2 2 2 2 10 8 2 2
left_child=1 5 11 4 7 10 -7 9 -9 -2 -1 -3 13 -4
right_child=3 2 12 -5 -6 6 -8 8 -10 -11 -12 -13 -14 -15
leaf_value=-0.0089601756648263389 0.00042070184423169681 -0.011097241601790321 -0.0018124679432222292 7.2040500562989598 -0.00050462486834091378 -0.010559979080665423 0.02182467829079764 -0.065241016170395058 -0.00022227374805827704 -0.19017874485023756 -0.005559214363170229 0.010975865873662553 0.15017191861528989 -0.038682571059877803
leaf_weight=291 1126 68 135 38 24 45 25 178 867 22 29 18 110 33
leaf_count=291 1126 68 135 38 24 45 25 178 867 22 29 18 110 33
internal_value=-0.00316279 -0.0107219 -0.00423288 -0.000629433 -0.000978359 -0.0167391 -0.00556338 -0.000715588 -0.00283939 0.0012141 -0.0191433 -0.0166092 -0.000340502 -0.00411243
internal_weight=3009 754 364 2255 2217 390 70 2193 1045 1148 320 86 278 168
internal_count=3009 754 364 2255 2217 390 70 2193 1045 1148 320 86 278 168
is_linear=0
shrinkage=0.025


Tree=169
num_leaves=15
num_cat=0
split_feature=13 8 9 4 22 10 25 33 28 4 5 22 27 6
split_gain=117.357 63.8322 21.1087 18.3225 17.1306 11.3429 12.6781 10.1675 9.46412 15.4351 12.793 11.4572 10.8923 8.15563
threshold=1.0000000180025095e-35 1.0000000180025095e-35 857.50000000000011 6.5000000000000009 12.500000000000002 34.500000000000007 0.98027155096468965 0.73606729268687066 92.000000000000014 3.5000000000000004 566.50000000000011 471.50000000000006 95.500000000000014 1.5000000000000002
decision_type=2 2 2 2 10 2 2 2 10 2 2 10 10 2
left_child=1 4 8 -3 13 7 -7 -5 11 -10 -11 12 -2 -1
right_child=2 3 -4 5 -6 6 -8 -9 9 10 -12 -13 -14 -15
leaf_value=-0.0087361712732056795 0.00019639140556124981 -0.011146418193410487 7.0239488048914867 -0.0029940927924846095 -0.019372197930140819 0.00029167484244303359 0.00026059822776757917 -0.040992529550070655 0.66802114746966001 -0.0083419142362321005 -0.18542427622898289 0.54456257050855827 -0.055713555627887247 -0.0087783211626348261
leaf_weight=292 1407 43 36 82 49 128 27 61 48 704 40 27 21 44
leaf_count=292 1407 43 36 82 49 128 27 61 48 704 40 27 21 44
internal_value=-0.0027309 -0.0114787 5.25394e-05 -0.00356725 -0.0184456 -0.00132107 0.00333333 -0.00638889 -0.000253559 -0.00245271 -0.00334899 0.000940934 0.000626312 -0.0204599
internal_weight=3009 726 2283 341 385 298 155 143 2247 792 744 1455 1428 336
internal_count=3009 726 2283 341 385 298 155 143 2247 792 744 1455 1428 336
is_linear=0
shrinkage=0.025


Tree=170
num_leaves=15
num_cat=0
split_feature=13 8 13 4 22 6 33 28 27 8 29 33 4 27
split_gain=113.195 67.6854 21.1087 19.4159 17.1306 9.46575 10.7354 9.61257 9.35173 12.2336 15.1986 10.7447 17.7932 16.1483
threshold=1.0000000180025095e-35 1.0000000180025095e-35 772.00000000000011 6.5000000000000009 12.500000000000002 35.500000000000007 0.9303720529323295 7.5000000000000009 82.500000000000014 132.50000000000003 84.000000000000014 0.67062239388766909 26.500000000000004 54.500000000000007
decision_type=2 2 2 2 10 2 2 8 10 2 10 2 2 10
left_child=1 4 8 -3 -1 7 -7 -5 11 10 -10 12 -2 -13
right_child=2 3 -4 5 -6 6 -8 -9 9 -11 -12 13 -14 -15
leaf_value=-0.0085177669913755385 0.0013989257267838619 -0.010867757738575224 6.8483500847692005 -0.017899551646149387 -0.018887892981887301 0.002383927074482298 -0.0003190895841096234 0.00094189428185424977 -0.14244267524152582 0.18498403455704279 -0.012925872697915328 -0.00065474091297871629 -0.056752558937560621 0.07363036682084427
leaf_weight=336 499 43 36 105 49 81 19 93 51 122 633 751 40 151
leaf_count=336 499 43 36 105 49 81 19 93 51 122 633 751 40 151
internal_value=-0.00268106 -0.0112724 5.25394e-05 -0.00312865 -0.0184456 -0.000819398 0.00539604 -0.00399497 -0.000253559 -0.00241016 -0.00371533 0.000950069 0.00374074 -0.000714286
internal_weight=3009 726 2283 341 385 298 100 198 2247 806 684 1441 539 902
internal_count=3009 726 2283 341 385 298 100 198 2247 806 684 1441 539 902
is_linear=0
shrinkage=0.025


Tree=171
num_leaves=15
num_cat=0
split_feature=9 8 9 20 33 6 4 6 22 29 4 4 5 40
split_gain=75.9695 62.5312 24.737 21.0583 20.341 16.4408 25.5312 14.1765 13.9342 11.0452 10.7767 54.017 15.4948 9.14076
threshold=1.0000000180025095e-35 1.0000000180025095e-35 772.00000000000011 1127.5000000000002 0.9303720529323295 1.0000000180025095e-35 20.500000000000004 35.500000000000007 41.500000000000007 1.5000000000000002 15.500000000000002 17.500000000000004 620.50000000000011 342.00000000000006
decision_type=2 2 2 8 2 2 2 2 10 8 2 2 2 10
left_child=1 5 3 10 7 8 -7 9 -1 -3 12 -12 -2 -9
right_child=2 4 -4 -5 -6 6 -8 13 -10 -11 11 -13 -14 -15
leaf_value=-0.0083048228165911505 0.00040628733069890817 -0.010398181859043544 6.6771413326499705 -0.00053189217494101768 -0.029610238844860939 -0.0098635773997985277 0.021239178405219074 0.031798221250163294 -0.0050609925892411206 0.0056868750083885035 -0.063078296092781497 7.4500617776399055e-05 -0.18046552250580988 -0.13366949370439479
leaf_weight=291 1126 100 38 24 60 45 25 125 29 59 178 867 22 20
leaf_count=291 1126 100 38 24 60 45 25 125 29 59 178 867 22 20
internal_value=-0.00293023 -0.0097947 -0.000629433 -0.000978359 -0.00231507 -0.0167391 -0.00556338 0.000311475 -0.0191433 -0.0048125 -0.000715588 -0.00255258 0.000953003 0.0059589
internal_weight=3009 754 2255 2217 364 390 70 304 320 159 2193 1045 1148 145
internal_count=3009 754 2255 2217 364 390 70 304 320 159 2193 1045 1148 145
is_linear=0
shrinkage=0.025


Tree=172
num_leaves=15
num_cat=0
split_feature=13 14 20 13 4 7 6 4 31 28 31 22 36 27
split_gain=113.938 60.7311 24.7129 25.6394 19.8257 16.0702 13.0776 12.1137 10.761 14.1708 9.08352 5.91883 5.23414 2.16993
threshold=1.0000000180025095e-35 1.5000000000000002 1127.5000000000002 772.00000000000011 6.5000000000000009 1.5000000000000002 209.50000000000003 19.500000000000004 575.00000000000011 101.50000000000001 62.500000000000007 34.500000000000007 25.500000000000004 640.50000000000011
decision_type=2 2 8 2 2 2 2 2 10 10 10 10 10 10
left_child=1 5 3 8 -3 11 10 -7 9 -2 -6 12 -1 -10
right_child=2 4 -4 -5 6 7 -8 -9 13 -11 -12 -13 -14 -15
leaf_value=-0.0080972022461763705 0.00027728247432119989 -0.010959802816478343 -0.0013341806030052862 6.5102127993337211 0.004827039555072331 -0.011822384274829742 0.031003265718909035 0.021527820348465967 0.52039788430347578 -0.013247862781065579 -0.019604742204505501 -0.018208075086925339 -0.0084459225719218742 0.096105451800598027
leaf_weight=308 1463 24 30 34 112 27 28 23 21 700 119 39 46 35
leaf_count=308 1463 24 30 34 112 27 28 23 21 700 119 39 46 35
internal_value=-0.00299668 -0.0116162 -0.000249562 5.32387e-05 -0.00253521 -0.0173874 -0.000461538 -0.00382353 -0.000279279 -0.000563771 -0.0024569 -0.0190863 -0.0201268 0.0104386
internal_weight=3009 726 2283 2253 283 443 259 50 2219 2163 231 393 354 56
internal_count=3009 726 2283 2253 283 443 259 50 2219 2163 231 393 354 56
is_linear=0
shrinkage=0.025


Tree=173
num_leaves=15
num_cat=0
split_feature=13 8 4 13 22 0 28 4 4 4 4 13 0 6
split_gain=128.887 50.7935 32.5989 21.2563 19.4476 12.8705 10.5297 15.8503 13.2064 11.3339 19.8478 15.828 9.20867 8.15563
threshold=1.0000000180025095e-35 1.0000000180025095e-35 10.500000000000002 772.00000000000011 12.500000000000002 76.500000000000014 92.000000000000014 3.5000000000000004 22.500000000000004 4.5000000000000009 10.500000000000002 76.500000000000014 33.500000000000007 1.5000000000000002
decision_type=2 2 2 2 10 2 10 2 2 2 2 2 2 2
left_child=1 4 -3 6 13 12 9 -8 -9 11 -11 -2 -4 -1
right_child=3 2 5 -5 -6 -7 7 8 -10 10 -12 -13 -14 -15
leaf_value=-0.0078947721900219613 -0.024482410267459526 -0.0085314563644641808 0.016753034047781324 6.3474574793503766 -0.017752873209752204 0.024565718141595583 0.65196480498662579 -0.024947480096205156 0.030495776557577736 0.00061891186932254709 -0.00021405274397381382 0.32156585219999312 -0.020135162788400791 -0.0078968994676351933
leaf_weight=292 135 79 81 36 49 87 48 524 222 336 948 34 94 44
leaf_count=292 135 79 81 36 49 87 48 524 222 336 948 34 94 44
internal_value=-0.00293023 -0.0120977 -0.00502924 -8.75657e-06 -0.0183161 -0.000741445 -0.000320285 -0.00263522 -0.00354083 0.000942228 0.00174708 -0.00511765 -0.00465909 -0.0204599
internal_weight=3009 726 341 2283 385 262 2247 794 746 1453 1284 169 175 336
internal_count=3009 726 341 2283 385 262 2247 794 746 1453 1284 169 175 336
is_linear=0
shrinkage=0.025


Tree=174
num_leaves=15
num_cat=0
split_feature=13 10 13 4 8 4 4 14 16 5 40 33 4 39
split_gain=128.688 58.7992 20.8159 17.0057 14.9254 10.8743 40.2404 36.0607 18.8558 18.5369 13.1427 12.6111 10.8324 8.35193
threshold=1.0000000180025095e-35 1.0000000180025095e-35 772.00000000000011 10.500000000000002 1.5000000000000002 14.500000000000002 17.500000000000004 6.5000000000000009 15.500000000000002 18.500000000000004 215.50000000000003 0.68804148313772573 11.500000000000002 97.500000000000014
decision_type=2 2 2 2 2 2 2 2 2 2 10 2 2 10
left_child=1 4 5 -3 -1 9 7 -7 -8 11 -11 -2 -6 -5
right_child=2 3 -4 13 12 6 8 -9 -10 10 -12 -13 -14 -15
leaf_value=-0.0076974028852714125 0.00071276405887705791 -0.009752998119280069 6.1887710423666169 -0.0051706721959220662 -0.0098979213113592583 -0.059996898722856906 -0.0055932238395444145 0.10822192453787718 0.082578146594841778 -0.0037039456941377227 1.0250039939119517 0.00038908099395277288 0.0033745570345491724 0.055952306401702859
leaf_weight=342 210 63 36 176 29 195 425 79 453 666 34 185 43 73
leaf_count=342 210 63 36 176 29 195 425 79 453 666 34 185 43 73
internal_value=-0.0027309 -0.0118913 0.000183888 -0.00365815 -0.0180602 -0.000120107 -0.001817 -0.0101636 0.000790671 0.00166058 -0.000777461 0.00598485 -0.00746575 -0.00068
internal_weight=3009 726 2283 312 414 2247 1152 274 878 1095 700 395 72 249
internal_count=3009 726 2283 312 414 2247 1152 274 878 1095 700 395 72 249
is_linear=0
shrinkage=0.025


Tree=175
num_leaves=15
num_cat=0
split_feature=13 14 20 13 4 31 8 0 31 27 15 10 16 4
split_gain=104.677 80.4614 25.3478 24.952 23.9359 16.8743 15.0421 13.6188 10.1775 12.2856 9.07626 9.07234 10.1283 8.28531
threshold=1.0000000180025095e-35 1.5000000000000002 1127.5000000000002 772.00000000000011 6.5000000000000009 67.500000000000014 1.5000000000000002 72.500000000000014 575.00000000000011 82.500000000000014 113.00000000000001 1.0000000180025095e-35 1.0000000180025095e-35 22.500000000000004
decision_type=2 2 8 2 2 10 2 2 10 10 2 2 2 2
left_child=1 6 3 8 -3 7 11 -6 9 -2 -7 -1 -13 -8
right_child=2 4 -4 -5 5 10 13 -9 -10 -11 -12 12 -14 -15
leaf_value=-0.0075049678131396264 0.00037935396910395439 -0.010228696383972778 -0.0010099394017591635 6.0340517663074511 -0.00077411093709005567 -0.037832741631837391 -0.012319365398995266 0.0025827865501575065 0.26089448496679113 -0.016571499317331373 0.05916052687436002 0.0062782057760612138 -0.011403000322342942 0.085675464663237638
leaf_weight=328 1407 24 30 34 56 67 50 96 56 756 40 23 24 18
leaf_count=328 1407 24 30 34 56 67 50 96 56 756 40 23 24 18
internal_value=-0.00259801 -0.0108597 3.0648e-05 0.000341615 -0.000422535 0.00180769 -0.0175 0.00715686 9.00901e-06 -0.000263401 -0.00574074 -0.0194681 -0.00875 -0.00644928
internal_weight=3009 726 2283 2253 283 259 443 152 2219 2163 107 375 47 68
internal_count=3009 726 2283 2253 283 259 443 152 2219 2163 107 375 47 68
is_linear=0
shrinkage=0.025


Tree=176
num_leaves=15
num_cat=0
split_feature=13 14 4 4 4 14 9 5 16 5 11 8 25 25
split_gain=107.581 82.14 24.294 15.9766 39.3183 32.3404 33.3691 20.4441 18.7403 18.2028 16.975 15.0421 14.5269 13.7874
threshold=1.0000000180025095e-35 1.5000000000000002 6.5000000000000009 14.500000000000002 17.500000000000004 6.5000000000000009 11.500000000000002 879.00000000000011 15.500000000000002 620.50000000000011 42.500000000000007 1.5000000000000002 0.90756031877824905 0.98027155096468965
decision_type=2 2 2 2 2 2 2 2 2 2 2 2 2 2
left_child=1 11 -3 7 5 6 -5 9 12 10 -2 -1 -6 -4
right_child=3 2 13 4 8 -7 -8 -9 -10 -11 -12 -13 -14 -15
leaf_value=-0.007317343617811136 0.00079368816659365908 -0.0099729789743734591 6.0417463367111507e-06 -0.00031472000723414199 -0.0014666960385949946 0.078106889837932292 -0.14395608491816284 5.8832004721497642 0.080504209080743128 -0.17449211474594506 -0.041886250690448185 -0.010025973027396756 -0.005510934816218005 0.00028218981740955597
leaf_weight=375 966 24 232 70 355 81 129 26 457 20 109 68 70 27
leaf_count=375 966 24 232 70 355 81 129 26 457 20 109 68 70 27
internal_value=-0.00241528 -0.0107909 -0.000246479 0.000249562 -0.00180138 -0.00994662 -0.01535 0.00237968 0.000787089 0.00184307 0.00229554 -0.0175 -0.00298122 0.002
internal_weight=3009 726 283 2283 1162 280 199 1121 882 1095 1075 443 425 259
internal_count=3009 726 283 2283 1162 280 199 1121 882 1095 1075 443 425 259
is_linear=0
shrinkage=0.025


Tree=177
num_leaves=15
num_cat=0
split_feature=13 14 20 4 9 7 4 25 40 6 8 9 22 33
split_gain=102.822 80.0071 25.5971 24.294 18.1237 15.9934 15.8487 13.7874 13.6255 12.4711 11.3605 10.3807 5.79058 3.83796
threshold=1.0000000180025095e-35 1.5000000000000002 1127.5000000000002 6.5000000000000009 1105.0000000000002 1.0000000180025095e-35 20.500000000000004 0.98027155096468965 779.00000000000011 209.50000000000003 1.5000000000000002 266.50000000000006 43.000000000000007 0.5913418481429692
decision_type=2 2 8 2 2 2 2 2 8 2 2 2 10 2
left_child=1 5 4 -3 8 10 13 9 11 -5 12 -2 -1 -7
right_child=2 3 -4 7 -6 6 -8 -9 -10 -11 -12 -13 -14 -15
leaf_value=-0.0071344100273658577 0.00016984538146063018 -0.0097236545000141238 -0.0010045331208800301 -0.0036553061820289836 5.7361204603460214 -0.010164729368057089 0.0045804176644023854 0.00027513507197431705 0.00068642275414221863 0.029381665735026985 -0.0090620909750565269 -0.043186970228414626 -0.029007240146031739 -0.0099763250640304679
leaf_weight=317 1938 24 30 204 20 19 26 27 40 28 37 255 20 24
leaf_count=317 1938 24 30 204 20 19 26 27 40 28 37 255 20 24
internal_value=-0.00246512 -0.0106534 0.000140105 -0.000246479 0.000452529 -0.0172748 -0.006 0.002 0.000232766 0 -0.01932 -3.19052e-05 -0.0207692 -0.0152273
internal_weight=3009 726 2283 283 2253 443 69 259 2233 232 374 2193 337 43
internal_count=3009 726 2283 283 2253 443 69 259 2233 232 374 2193 337 43
is_linear=0
shrinkage=0.025


Tree=178
num_leaves=15
num_cat=0
split_feature=13 10 40 8 4 9 10 4 19 4 25 28 27 33
split_gain=118.888 72.7001 17.9625 14.9254 14.1462 13.8555 12.3695 14.0891 11.6563 10.8324 10.8266 10.4183 7.02642 6.10926
threshold=1.0000000180025095e-35 1.0000000180025095e-35 779.00000000000011 1.5000000000000002 6.5000000000000009 1105.0000000000002 36.500000000000007 21.500000000000004 982.50000000000011 11.500000000000002 0.98027155096468965 634.00000000000011 1105.0000000000002 0.73024406002057896
decision_type=2 2 8 2 2 2 2 2 8 2 2 10 10 2
left_child=1 3 5 -1 -3 8 7 -6 11 -5 -8 -2 -10 -11
right_child=2 4 -4 9 6 -7 10 -9 12 13 -12 -13 -14 -15
leaf_value=-0.0069560497766817109 -0.00015042465981799369 -0.011526893828936947 4.2258122938454434e-05 -0.0088652875435390639 -0.017065465667350389 5.5927174488373712 0.0019020419387679379 0.0027421406650897486 -0.090833441435145809 0.060607734152086756 0.00026825669517495913 0.060321928974558681 -0.071376706697095213 -0.0610912042376772
leaf_weight=342 2057 31 57 29 104 22 127 23 23 23 27 91 33 20
leaf_count=342 2057 31 57 29 104 22 127 23 23 23 27 91 33 20
internal_value=-0.00239867 -0.0112036 0.000402802 -0.0180602 -0.0020607 4.26583e-05 -0.000248227 -0.00601563 -0.000156463 -0.00746575 0.00448387 0.000137273 -0.0113158 0.000454545
internal_weight=3009 726 2283 414 312 2226 281 127 2204 72 154 2148 56 43
internal_count=3009 726 2283 414 312 2226 281 127 2204 72 154 2148 56 43
is_linear=0
shrinkage=0.025


Tree=179
num_leaves=15
num_cat=0
split_feature=13 10 40 8 22 4 36 9 28 40 28 0 22 38
split_gain=114.7 64.5316 17.9625 15.5164 15.0146 19.3647 16.6076 13.8555 12.2604 10.8712 10.7079 12.1042 11.1636 6.73155
threshold=1.0000000180025095e-35 1.0000000180025095e-35 779.00000000000011 1.0000000180025095e-35 34.500000000000007 21.500000000000004 51.500000000000007 1105.0000000000002 1.5000000000000002 5.5000000000000009 92.000000000000014 75.500000000000014 471.50000000000006 89.000000000000014
decision_type=2 2 8 2 8 2 10 2 8 8 8 2 10 8
left_child=1 3 7 -1 5 6 -3 10 9 -5 12 -12 -2 -6
right_child=2 4 -4 8 13 -7 -8 -9 -10 -11 11 -13 -14 -15
leaf_value=-0.0067821485322646681 0.00026505611367244608 -0.026322578429409257 4.1201669864987522e-05 0.0048441351617657452 -0.00073564005352170754 0.0088584516111486246 0.039028052699228426 5.4528995126164377 0.031281083843897571 -0.01611814328716445 -0.0052694219072350282 -0.020888080055730996 0.52628494711547946 0.017887905799053787
leaf_weight=334 1384 85 57 23 103 23 18 22 18 39 631 162 27 83
leaf_count=334 1384 85 57 23 103 23 18 22 18 39 631 162 27 83
internal_value=-0.00234884 -0.0109972 0.000402802 -0.0174578 -0.00238019 -0.00901575 -0.0136538 4.26583e-05 -0.00734568 -0.012619 -0.000156463 -0.00248111 0.00114731 0.0021123
internal_weight=3009 726 2283 414 312 126 103 2226 80 62 2204 793 1411 186
internal_count=3009 726 2283 414 312 126 103 2226 80 62 2204 793 1411 186
is_linear=0
shrinkage=0.025


Tree=180
num_leaves=15
num_cat=0
split_feature=13 10 4 40 9 8 10 4 4 9 11 4 14 25
split_gain=132.852 51.1629 25.742 17.8475 13.7919 13.5578 11.1438 11.045 10.8324 10.4192 17.2462 11.0076 9.27443 7.45826
threshold=1.0000000180025095e-35 1.0000000180025095e-35 10.500000000000002 779.00000000000011 1105.0000000000002 1.5000000000000002 36.500000000000007 21.500000000000004 11.500000000000002 266.50000000000006 205.00000000000003 4.5000000000000009 53.500000000000007 0.96184336583595786
decision_type=2 2 2 8 2 2 2 2 2 2 2 2 2 2
left_child=1 5 13 4 9 -1 7 -4 -7 10 -2 -11 -8 -3
right_child=3 2 6 -5 -6 8 12 -9 -10 11 -12 -13 -14 -15
leaf_value=-0.006612594818958051 3.2282277481687774e-05 -0.00071724905218366493 -0.0098196514507962601 4.0171628118357286e-05 5.3165770248010267 -0.0082407017727714766 0.31703101307593506 0.0026919781498005446 0.0027342013016636748 0.98687286867467783 1.0642386042830942 -0.051429318252840521 0.019005543111188319 -0.010098739845429304
leaf_weight=342 1878 21 96 57 22 29 31 23 43 23 70 233 99 42
leaf_count=342 1878 21 96 57 22 29 31 23 43 23 70 233 99 42
internal_value=-0.00251495 -0.0118226 -0.00413738 0.000446585 8.75617e-05 -0.0175783 -0.00048 -0.006 -0.00746575 -0.000111111 0.000510518 -0.00484436 0.00454198 -0.0182812
internal_weight=3009 726 312 2283 2226 414 249 119 72 2204 1948 256 130 63
internal_count=3009 726 312 2283 2226 414 249 119 72 2204 1948 256 130 63
is_linear=0
shrinkage=0.025


Tree=181
num_leaves=15
num_cat=0
split_feature=13 10 40 4 9 8 4 9 11 4 4 22 17 12
split_gain=132.852 51.1629 17.8475 15.6052 13.7919 13.5578 10.8324 10.4192 17.2462 11.0076 9.14685 18.6096 6.36716 6.29105
threshold=1.0000000180025095e-35 1.0000000180025095e-35 779.00000000000011 10.500000000000002 1105.0000000000002 1.5000000000000002 11.500000000000002 266.50000000000006 205.00000000000003 4.5000000000000009 21.500000000000004 11.500000000000002 0.99883241331505068 11.500000000000002
decision_type=2 2 8 2 2 2 2 2 2 2 2 10 2 2
left_child=1 5 4 12 7 -1 -7 8 -2 -9 11 -5 -3 -8
right_child=2 3 -4 10 -6 6 13 9 -10 -11 -12 -13 -14 -15
leaf_value=-0.0064472799484841005 3.1475220544652242e-05 -0.00069931782587907333 3.9167337415402238e-05 -0.025419022682404119 5.1836625991809999 -0.0080346842284521897 0.043705727126893912 0.9622010469578115 1.0376326391760167 -0.050143585296518724 0.0085696908671248958 0.00012712911305490238 -0.012846746207350669 -0.12457422466523448
leaf_weight=342 1878 35 57 37 22 29 19 23 70 233 28 184 28 24
leaf_count=342 1878 35 57 37 22 29 19 23 70 233 28 184 28 24
internal_value=-0.00251495 -0.0118226 0.000446585 -0.00413738 8.75617e-05 -0.0175783 -0.00746575 -0.000111111 0.000510518 -0.00484436 -0.00128 -0.00301802 -0.0151562 0.000454545
internal_weight=3009 726 2283 312 2226 414 72 2204 1948 256 249 221 63 43
internal_count=3009 726 2283 312 2226 414 72 2204 1948 256 249 221 63 43
is_linear=0
shrinkage=0.025


Tree=182
num_leaves=15
num_cat=0
split_feature=13 14 4 6 40 25 24 9 9 11 4 12 8 2
split_gain=122.632 61.7946 20.4944 19.0231 17.8475 17.4886 15.2498 13.7919 10.4192 17.2462 11.0076 9.95439 9.61208 5.80848
threshold=1.0000000180025095e-35 1.5000000000000002 6.5000000000000009 1.0000000180025095e-35 779.00000000000011 0.98027155096468965 1.0000000180025095e-35 1105.0000000000002 266.50000000000006 205.00000000000003 4.5000000000000009 312.50000000000006 1.5000000000000002 -0.56174490092936669
decision_type=2 2 2 2 8 2 10 2 2 2 2 2 2 2
left_child=1 3 -3 12 7 11 -5 8 9 -2 -10 -4 -1 -6
right_child=4 2 5 6 13 -7 -8 -9 10 -11 -12 -13 -14 -15
leaf_value=-0.0062860979497719981 3.0688340031015397e-05 -0.0089849998170583919 -0.0044916046599780216 0.0056181172481658053 1.1535989018396366e-05 0.00021478996137325494 -0.006307122636835286 5.0540710342014741 0.93814602078386577 1.0116918231966168 -0.048889995664106324 3.5910041170969054 -0.008243731503158434 3.8188153980023293e-05
leaf_weight=321 1878 24 212 25 21 27 42 22 23 70 233 20 55 36
leaf_count=321 1878 24 212 25 21 27 42 22 23 70 233 20 55 36
internal_value=-0.00239867 -0.0113411 -0.0021831 -0.0171622 0.000446585 -7.69231e-05 -0.00470588 8.75617e-05 -0.000111111 0.000510518 -0.00484436 -0.00233906 -0.0193501 0.0141379
internal_weight=3009 726 283 443 2283 259 67 2226 2204 1948 256 232 376 57
internal_count=3009 726 283 443 2283 259 67 2226 2204 1948 256 232 376 57
is_linear=0
shrinkage=0.025


Tree=183
num_leaves=15
num_cat=0
split_feature=13 14 4 6 40 25 24 9 9 11 4 12 8 2
split_gain=121.205 60.8667 20.4944 18.6746 17.8475 17.4886 15.2498 13.7919 10.4192 17.2462 11.0076 9.95439 9.34594 5.80848
threshold=1.0000000180025095e-35 1.5000000000000002 6.5000000000000009 1.0000000180025095e-35 779.00000000000011 0.98027155096468965 1.0000000180025095e-35 1105.0000000000002 266.50000000000006 205.00000000000003 4.5000000000000009 312.50000000000006 1.5000000000000002 -0.56174490092936669
decision_type=2 2 2 2 8 2 10 2 2 2 2 2 2 2
left_child=1 3 -3 12 7 11 -5 8 9 -2 -10 -4 -1 -6
right_child=4 2 5 6 13 -7 -8 -9 10 -11 -12 -13 -14 -15
leaf_value=-0.0061289455010276979 2.9921131530219469e-05 -0.0087603748216319322 -0.0043793145434785517 0.0054776643169616585 1.1247589292937011e-05 0.00020942021233892355 -0.0061494445709144039 4.9277192583464373 0.91469237026426953 0.98639952761670069 -0.04766774577250317 3.501229014169482 -0.0080376382155794724 3.7233450130513823e-05
leaf_weight=321 1878 24 212 25 21 27 42 22 23 70 233 20 55 36
leaf_count=321 1878 24 212 25 21 27 42 22 23 70 233 20 55 36
internal_value=-0.00238206 -0.0112724 -0.0021831 -0.0170495 0.000446585 -7.69231e-05 -0.00470588 8.75617e-05 -0.000111111 0.000510518 -0.00484436 -0.00233906 -0.0192175 0.0141379
internal_weight=3009 726 283 443 2283 259 67 2226 2204 1948 256 232 376 57
internal_count=3009 726 283 443 2283 259 67 2226 2204 1948 256 232 376 57
is_linear=0
shrinkage=0.025


Tree=184
num_leaves=15
num_cat=0
split_feature=13 10 40 9 8 4 23 40 25 4 28 0 27 12
split_gain=121.205 61.4657 17.8475 13.7919 13.5578 12.7313 11.9463 22.2454 12.3904 10.8324 10.5452 12.3581 9.81664 6.29105
threshold=1.0000000180025095e-35 1.0000000180025095e-35 779.00000000000011 1105.0000000000002 1.5000000000000002 6.5000000000000009 53.500000000000007 1.5000000000000002 0.98027155096468965 11.500000000000002 92.000000000000014 75.500000000000014 95.500000000000014 11.500000000000002
decision_type=2 2 8 2 2 2 10 10 2 2 8 2 10 2
left_child=1 4 3 10 -1 -3 7 -7 -8 -6 12 -12 -2 -11
right_child=2 5 -4 -5 9 6 8 -9 -10 13 11 -13 -14 -15
leaf_value=-0.0059757218635020058 0.00059314840699485345 -0.0099687261167251059 3.6302613877259307e-05 4.8045262768877768 -0.007426782879772437 0.0080780540563185881 0.0021204977916281526 -0.012720497818969091 0.00020418470703045043 0.043020118191689966 -0.007216924248236012 -0.015434442682764171 -0.058501056816974997 -0.12114546543707619
leaf_weight=342 1389 31 57 22 29 40 127 87 27 19 631 162 22 24
leaf_count=342 1389 31 57 22 29 40 127 87 27 19 631 162 22 24
internal_value=-0.00238206 -0.0112724 0.000446585 8.75617e-05 -0.0175783 -0.00285942 -0.00113475 -0.00679687 0.00351613 -0.00746575 -0.000111111 -0.00241814 0.00118272 0.000454545
internal_weight=3009 726 2283 2226 414 312 281 127 154 72 2204 793 1411 43
internal_count=3009 726 2283 2226 414 312 281 127 154 72 2204 793 1411 43
is_linear=0
shrinkage=0.025


Tree=185
num_leaves=15
num_cat=0
split_feature=13 8 4 25 40 22 9 6 24 28 0 22 12 5
split_gain=119.273 60.2382 19.0071 18.341 17.7327 17.1366 13.7284 12.5544 16.1547 10.3837 12.6147 11.0612 10.3742 8.0105
threshold=1.0000000180025095e-35 1.5000000000000002 6.5000000000000009 0.98027155096468965 779.00000000000011 12.500000000000002 1105.0000000000002 1.0000000180025095e-35 1.0000000180025095e-35 92.000000000000014 75.500000000000014 471.50000000000006 312.50000000000006 3.5000000000000004
decision_type=2 2 2 2 8 10 2 2 10 8 2 10 2 2
left_child=1 5 -3 12 6 7 9 -1 -9 11 -11 -2 -4 -7
right_child=4 2 3 -5 -6 13 -8 8 -10 10 -12 -13 -14 -15
leaf_value=-0.0058263288169144549 0.00024049182641607827 -0.0079126133426259179 -0.0052252117761291579 0.00019908008935468915 3.5395048530317828e-05 -0.020064857077581044 4.6844131199655807 0.0065074370312701389 -0.0058694791256593626 -0.0070365011420300055 -0.015048581615695156 0.44310909681209554 3.4136452763704543 0.047721348709768387
leaf_weight=298 1384 42 232 27 57 34 22 20 34 631 162 27 20 19
leaf_count=298 1384 42 232 27 57 34 22 20 34 631 162 27 20 19
internal_value=-0.00231561 -0.0111348 -0.00301242 -0.000607143 0.000490368 -0.0175369 0.000132465 -0.0195326 -0.00809091 -6.57596e-05 -0.00235516 0.00121813 -0.00274704 -0.00407407
internal_weight=3009 726 321 279 2283 405 2226 352 54 2204 793 1411 252 53
internal_count=3009 726 321 279 2283 405 2226 352 54 2204 793 1411 252 53
is_linear=0
shrinkage=0.025


Tree=186
num_leaves=15
num_cat=0
split_feature=13 8 4 4 4 14 9 5 5 1 10 7 8 2
split_gain=117.866 59.5972 18.6836 14.4142 40.9302 31.4816 32.1805 20.1873 18.4206 15.4547 14.3409 13.6751 13.8448 11.0759
threshold=1.0000000180025095e-35 1.0000000180025095e-35 6.5000000000000009 14.500000000000002 17.500000000000004 6.5000000000000009 11.500000000000002 879.00000000000011 620.50000000000011 -1.0000000180025095e-35 1.0000000180025095e-35 109.50000000000001 98.500000000000014 -0.22252093395631442
decision_type=2 2 2 2 2 2 2 2 2 2 2 2 2 2
left_child=1 10 -3 7 5 6 -5 8 9 -2 -1 13 -13 -6
right_child=3 2 -4 4 11 -7 -8 -9 -10 -11 -12 12 -14 -15
leaf_value=-0.0056806705964915945 -0.00048541628803445703 -0.0076242241982061101 -0.00038244405053315694 -0.00033791410801112492 0.0070094117541467703 0.076123155491026162 -0.13987270630505197 4.5673027919664406 -0.16360503969800391 0.0011421935429258567 -0.0076179310315489662 0.62912594867298288 0.29404489803590156 -0.016187341290840287
leaf_weight=334 496 43 298 70 378 81 129 26 20 579 51 39 126 339
leaf_count=334 496 43 298 70 378 81 129 26 20 579 51 39 126 339
internal_value=-0.002299 -0.011066 -0.00342105 0.000490368 -0.00145744 -0.00976868 -0.0151 0.00251337 0.00197993 0.00243494 -0.0177979 0.00118347 0.0076506 -0.000306407
internal_weight=3009 726 341 2283 1162 280 199 1121 1095 1075 385 882 165 717
internal_count=3009 726 341 2283 1162 280 199 1121 1095 1075 385 882 165 717
is_linear=0
shrinkage=0.025


Tree=187
num_leaves=15
num_cat=0
split_feature=9 8 33 6 4 7 4 4 32 9 5 16 5 6
split_gain=88.1978 59.0754 19.509 18.2751 23.8629 15.3779 15.1079 27.4979 32.2321 21.4284 20.9986 20.2037 17.7399 14.831
threshold=1.0000000180025095e-35 1.0000000180025095e-35 0.9303720529323295 1.0000000180025095e-35 22.500000000000004 58.500000000000007 14.500000000000002 17.500000000000004 25.500000000000004 11.500000000000002 879.00000000000011 4.5000000000000009 620.50000000000011 81.500000000000014
decision_type=2 2 2 2 2 2 2 2 10 2 2 2 2 2
left_child=1 3 5 -1 -5 -3 10 8 -8 -10 12 -9 -2 -13
right_child=6 2 -4 4 -6 -7 7 11 9 -11 -12 13 -14 -15
leaf_value=-0.0055386538315793038 0.00047602455932795886 -0.0041073040288097966 -0.025393912675739025 -0.0070632198266807351 0.041323648096133536 0.011440784438718677 -0.0010570156301422816 -0.0074808215300110562 6.4101150652804862e-05 -0.19285299492572672 4.4531202221672803 0.014858474994651472 -0.1595149137055529 0.72713443545154188
leaf_weight=320 1059 178 60 49 21 126 138 316 31 105 26 506 20 54
leaf_count=320 1059 178 60 49 21 126 138 316 31 105 26 506 20 54
internal_value=-0.00246512 -0.00986093 -0.00258904 -0.0166113 -0.00485915 0 8.86525e-06 -0.00199392 -0.00889091 -0.0174818 0.00209765 0.000165336 0.0015463 0.00302139
internal_weight=3009 754 364 390 70 304 2255 1150 274 136 1105 876 1079 560
internal_count=3009 754 364 390 70 304 2255 1150 274 136 1105 876 1079 560
is_linear=0
shrinkage=0.025


Tree=188
num_leaves=15
num_cat=0
split_feature=9 7 4 22 8 9 37 19 28 27 4 40 39 1
split_gain=97.5107 61.6982 27.9921 21.0872 15.1133 13.7446 13.448 12.0605 12.7846 14.193 6.75537 6.46308 7.11925 6.42921
threshold=1.0000000180025095e-35 83.500000000000014 10.500000000000002 34.500000000000007 1.0000000180025095e-35 1105.0000000000002 41.500000000000007 982.50000000000011 634.00000000000011 292.00000000000006 18.500000000000004 219.50000000000003 120.00000000000001 -0.60785761079279388
decision_type=2 2 2 10 2 2 8 8 10 10 2 10 10 2
left_child=1 2 6 4 -4 7 -1 8 9 -2 -5 12 -3 -9
right_child=5 11 3 10 -6 -7 -8 13 -10 -11 -12 -13 -14 -15
leaf_value=-0.0054001874857898214 4.5973972789509213e-05 0.001926442757559346 -0.005479285624753678 0.13691630989033252 -0.0027003163320107326 4.341792216613098 -0.0055402382625417178 8.0928005731062409e-06 0.061409884580396583 -0.020800199818050535 -0.016588547091198134 -0.19183572383268271 1.275781965281892 -0.016827516292978118
leaf_weight=186 1879 74 217 41 102 22 22 23 98 182 75 19 18 51
leaf_count=186 1879 74 217 41 102 22 22 23 98 182 75 19 18 51
internal_value=-0.00248173 -0.0102583 -0.0132298 -0.00956422 -0.012875 0.000119681 -0.0207895 -7.60967e-05 0.000263889 -0.000155189 -0.000384615 0.006875 0.00962366 -0.00993333
internal_weight=3009 754 643 435 319 2255 208 2233 2159 2061 116 111 92 74
internal_count=3009 754 643 435 319 2255 208 2233 2159 2061 116 111 92 74
is_linear=0
shrinkage=0.025


Tree=189
num_leaves=15
num_cat=0
split_feature=13 14 4 40 6 24 31 9 0 19 29 19 4 27
split_gain=112.758 63.9476 21.8416 17.6755 17.6484 15.2498 14.8373 13.6967 13.1264 10.1134 11.7039 9.64192 7.66463 6.05926
threshold=1.0000000180025095e-35 1.5000000000000002 6.5000000000000009 779.00000000000011 1.0000000180025095e-35 1.0000000180025095e-35 66.500000000000014 1105.0000000000002 72.500000000000014 982.50000000000011 661.00000000000011 6.5000000000000009 25.500000000000004 1105.0000000000002
decision_type=2 2 2 8 2 10 10 2 2 8 10 10 2 8
left_child=1 4 -3 7 12 -6 8 9 -4 10 -2 -8 -1 -11
right_child=3 2 6 -5 5 -7 11 -9 -10 13 -12 -13 -14 -15
leaf_value=-0.0053028493211477274 -0.00010039590328730919 -0.0076088079766580335 -0.0033872642822863511 0.00046297459602501759 0.0045661419269701414 -0.0052439990307143599 -0.033687523901145239 4.2332474111977723 0.0030186855019888937 -0.085671635742542662 0.023750133060460234 -0.0040180063080873301 -0.0052590660303802371 -0.033771250723934901
leaf_weight=342 2079 24 56 57 25 42 34 22 89 20 69 80 34 36
leaf_count=342 2079 24 56 57 25 42 34 22 89 20 69 80 34 36
internal_value=-0.00221595 -0.0107909 -0.00147887 0.000512259 -0.0167117 -0.00470588 0.000653846 0.000154917 0.0059589 -4.30839e-05 0.00023034 -0.00604348 -0.0188196 -0.0104386
internal_weight=3009 726 283 2283 443 67 259 2226 145 2204 2148 114 376 56
internal_count=3009 726 283 2283 443 67 259 2226 145 2204 2148 114 376 56
is_linear=0
shrinkage=0.025


Tree=190
num_leaves=15
num_cat=0
split_feature=13 8 4 22 6 9 6 40 24 19 29 25 16 27
split_gain=116.531 59.5972 18.6836 18.0996 14.1961 13.3078 13.0025 10.4194 13.0637 10.1134 11.7039 9.36905 9.00048 7.90866
threshold=1.0000000180025095e-35 1.0000000180025095e-35 6.5000000000000009 12.500000000000002 96.500000000000014 1105.0000000000002 1.0000000180025095e-35 779.00000000000011 1.0000000180025095e-35 982.50000000000011 661.00000000000011 0.59300657281727231 1.0000000180025095e-35 92.000000000000014
decision_type=2 2 2 10 2 2 2 8 10 8 10 2 2 10
left_child=1 3 -3 6 11 7 -1 9 -9 10 -2 -4 -8 -6
right_child=5 2 4 -5 13 -7 12 8 -10 -11 -12 -13 -14 -15
leaf_value=-0.0051326115656163823 -9.7886005705127849e-05 -0.007068633712278837 0.035983121550915077 -0.014388296853336705 0.010117065298090993 4.1274162259178269 0.00035338201509939321 -3.6838843418485202e-06 0.00076658585530172134 -0.067882813298603392 0.023156379733948729 -0.0037805234377815467 -0.0055749412416743922 -0.01502679201357502
leaf_weight=286 2079 43 25 49 32 22 25 22 35 56 69 218 25 23
leaf_count=286 2079 43 25 49 32 22 25 22 35 56 69 218 25 23
internal_value=-0.00234884 -0.011066 -0.00342105 -0.0177979 -0.00115385 0.000424694 -0.0198665 0.000229885 0.0106897 -4.30839e-05 0.00023034 -0.00377049 -0.0077451 0.0101786
internal_weight=3009 726 341 385 298 2283 336 2261 57 2204 2148 243 50 55
internal_count=3009 726 341 385 298 2283 336 2261 57 2204 2148 243 50 55
is_linear=0
shrinkage=0.025


Tree=191
num_leaves=15
num_cat=0
split_feature=13 8 4 22 25 10 9 6 24 40 24 9 11 7
split_gain=112.82 65.5473 20.5734 17.1366 16.9987 14.5778 13.2766 12.5544 16.1547 10.3758 13.0637 10.0484 14.1921 9.82957
threshold=1.0000000180025095e-35 1.5000000000000002 6.5000000000000009 12.500000000000002 0.98027155096468965 364.00000000000006 1105.0000000000002 1.0000000180025095e-35 1.0000000180025095e-35 779.00000000000011 1.0000000180025095e-35 179.50000000000003 205.00000000000003 230.50000000000003
decision_type=2 2 2 10 2 2 2 2 10 8 10 2 2 2
left_child=1 3 -3 7 5 -4 9 -1 -9 11 -11 12 -2 -13
right_child=6 2 4 -5 -6 -7 -8 8 -10 10 -12 13 -14 -15
leaf_value=-0.0050042962764759724 3.3909401012957585e-05 -0.0069510303771713666 -0.0063556957172075101 -0.014028589432003287 0.00085886456126279425 3.3281370046112246 4.0242308202698807 0.005663960861499881 -0.0051072283649268397 -3.5917872333035561e-06 0.00074742120891918009 -0.061598166002819713 1.3410576746759528 0.11127615395772389
leaf_weight=298 1785 42 233 53 27 19 22 20 34 22 35 279 36 104
leaf_count=298 1785 42 233 53 27 19 22 20 34 22 35 279 36 104
internal_value=-0.00228239 -0.0108597 -0.0023913 -0.0175369 7.14286e-05 -0.00195652 0.000446585 -0.0195326 -0.00809091 0.000251989 0.0106897 -2.04082e-05 0.000751921 -0.00369792
internal_weight=3009 726 321 405 279 252 2283 352 54 2261 57 2204 1821 383
internal_count=3009 726 321 405 279 252 2283 352 54 2261 57 2204 1821 383
is_linear=0
shrinkage=0.025


Tree=192
num_leaves=15
num_cat=0
split_feature=13 8 35 4 25 9 40 4 4 32 1 7 40 35
split_gain=105.701 71.0778 14.7986 13.8936 16.6758 13.4015 10.2614 9.55675 33.2637 23.8341 15.5223 14.6453 14.2859 13.5393
threshold=1.0000000180025095e-35 1.5000000000000002 56.500000000000007 6.5000000000000009 0.98027155096468965 1105.0000000000002 22.500000000000004 14.500000000000002 17.500000000000004 25.500000000000004 -1.0000000180025095e-35 109.50000000000001 309.00000000000006 14.500000000000002
decision_type=2 2 10 2 2 2 10 2 2 10 2 2 8 8
left_child=1 2 -1 -3 6 7 -5 10 9 -9 13 -10 -12 -2
right_child=5 3 -4 4 -6 -7 -8 8 11 -11 12 -13 -14 -15
leaf_value=-0.0048791888695640731 0.00096062965055230274 -0.0067772546177420822 -0.0027666652732244324 0.0017135659375718594 0.0008373929472312244 3.9236250497631349 -0.013951745844557023 -0.0060754233274838759 -0.00045783898573499853 -0.068757676697402903 0.00085984077554646099 0.3354527907747944 0.23172216168105317 -0.0066835148317887063
leaf_weight=377 166 42 28 100 27 22 152 142 717 136 544 165 49 342
leaf_count=377 166 42 28 100 27 22 152 142 717 136 544 165 49 342
internal_value=-0.00228239 -0.0105846 -0.0175369 -0.00177019 0.00025 0.000359019 -0.00175889 0.000163572 -0.00141688 -0.00894265 0.00183303 0.000956965 0.00457912 -0.00136542
internal_weight=3009 726 405 321 279 2283 252 2261 1160 278 1101 882 593 508
internal_count=3009 726 405 321 279 2283 252 2261 1160 278 1101 882 593 508
is_linear=0
shrinkage=0.025


Tree=193
num_leaves=15
num_cat=0
split_feature=13 8 5 4 0 0 13 32 5 24 7 22 4 6
split_gain=102.67 55.6237 19.3884 14.0265 16.929 16.1762 13.395 13.3883 8.33291 12.37 8.13101 7.24267 7.36868 7.20139
threshold=1.5000000000000002 1.0000000180025095e-35 1.0000000180025095e-35 6.5000000000000009 72.500000000000014 33.500000000000007 1105.0000000000002 82.000000000000014 551.00000000000011 529.50000000000011 417.50000000000006 12.500000000000002 6.5000000000000009 1.0000000180025095e-35
decision_type=2 2 2 2 2 2 2 10 2 10 2 10 2 2
left_child=1 2 -1 -3 5 -5 8 -6 10 -10 13 12 -4 -2
right_child=6 3 11 4 7 -7 -8 -9 9 -11 -12 -13 -14 -15
leaf_value=-0.004757209147824972 0.00091988861831010516 -0.0066078232522985281 1.8241920752211373e-05 0.0013251029584235574 0.0016707267891325631 -0.020148802562267278 3.8255344235190565 -0.032243136678627958 -0.086334545069223625 0.98317952651690499 1.1095434498372725 0.020908444767211362 -0.0047502958993125904 -0.0053780323643506161
leaf_weight=333 1261 50 24 83 111 87 22 35 49 30 28 28 108 760
leaf_count=333 1261 50 24 83 111 87 22 35 49 30 28 28 108 760
internal_value=-0.00254817 -0.00984884 -0.0153239 -0.00243869 -0.000457413 -0.00581871 0.000369596 0.0057483 0.000162048 -0.00775 0.000473171 -0.00804348 -0.0104887 0.000281899
internal_weight=3009 859 493 366 316 170 2150 146 2128 79 2049 160 132 2021
internal_count=3009 859 493 366 316 170 2150 146 2128 79 2049 160 132 2021
is_linear=0
shrinkage=0.025


Tree=194
num_leaves=15
num_cat=0
split_feature=9 8 4 22 36 9 21 19 28 27 23 15 0 7
split_gain=97.9184 54.3509 15.377 14.9539 15.4315 13.9017 11.8226 10.2322 13.1901 13.581 9.77943 11.1878 8.70594 6.27554
threshold=1.0000000180025095e-35 1.0000000180025095e-35 10.500000000000002 41.500000000000007 33.500000000000007 1105.0000000000002 1.5000000000000002 982.50000000000011 634.00000000000011 292.00000000000006 53.500000000000007 41.500000000000007 72.500000000000014 1.0000000180025095e-35
decision_type=2 2 2 10 10 2 8 8 10 10 10 2 2 2
left_child=1 3 6 4 13 7 -3 8 9 -2 11 -4 -12 -1
right_child=5 2 10 -5 -6 -7 -8 -9 -10 -11 12 -13 -14 -15
leaf_value=-0.0046382789191293473 0.00010550506848940322 -0.0065598963059066359 -4.6736162885085974e-05 -0.0048674767217340882 -0.0046310585242835588 3.7298960629310813 0.013014733713648228 -0.023566984598303083 0.057016902614617275 -0.018597079953149322 -0.0017301574675611258 -0.20675886039993685 0.28377219001327719 -0.0059465349597545318
leaf_weight=306 1879 68 98 33 29 22 18 74 98 182 92 29 59 22
leaf_count=306 1879 68 98 33 29 22 18 74 98 182 92 29 59 22
internal_value=-0.00259801 -0.0103907 -0.00341096 -0.016867 -0.018352 8.86525e-06 -0.0125862 -0.000188004 0.000125 -0.000300679 -0.000519713 -0.005625 0.00375 -0.0198936
internal_weight=3009 754 364 390 357 2255 86 2233 2159 2061 278 127 151 328
internal_count=3009 754 364 390 357 2255 86 2233 2159 2061 278 127 151 328
is_linear=0
shrinkage=0.025


Tree=195
num_leaves=15
num_cat=0
split_feature=9 6 8 22 9 36 27 4 40 35 4 17 27 33
split_gain=78.2417 80.5981 20.2504 17.2085 13.8702 12.566 8.45168 10.3792 13.0013 9.81991 9.57807 18.0651 16.9226 8.37406
threshold=1.0000000180025095e-35 22.500000000000004 1.0000000180025095e-35 41.500000000000007 1105.0000000000002 33.500000000000007 82.500000000000014 3.5000000000000004 84.500000000000014 97.500000000000014 4.5000000000000009 0.99954538225586653 53.000000000000007 0.84777902236342217
decision_type=2 2 2 10 2 10 10 2 10 10 2 2 10 2
left_child=1 2 3 5 6 -1 10 8 -8 -9 11 -2 -12 -4
right_child=4 -3 13 -5 -6 -7 7 9 -10 -11 12 -13 -14 -15
leaf_value=-0.0045223219461511142 8.4719718679321387e-06 0.00096265674885103185 -0.0042896833338472717 -0.0010431870354389999 3.6366486613578051 -0.00520972748607178 -0.074809673337357871 0.00029635888768684285 1.2415627317125832 -0.034587396031882635 0.00010286744177716856 -0.029781265637518664 0.071748291251882534 -0.031273060854014594
leaf_weight=312 117 199 143 32 22 27 27 356 30 454 1032 39 178 41
leaf_count=312 117 199 143 32 22 27 27 356 30 454 1032 39 178 41
internal_value=-0.002299 -0.0092649 -0.0141547 -0.0175269 3.10284e-05 -0.0191765 -0.000165622 -0.00209677 0.00810345 -0.00282984 0.00105706 -0.00474522 0.00181255 -0.00727027
internal_weight=3009 754 555 371 2255 339 2233 867 57 810 1366 156 1210 184
internal_count=3009 754 555 371 2255 339 2233 867 57 810 1366 156 1210 184
is_linear=0
shrinkage=0.025


Tree=196
num_leaves=15
num_cat=0
split_feature=13 14 6 32 9 4 25 8 31 33 4 12 4 6
split_gain=93.4014 82.572 21.5837 18.544 13.6524 13.5514 11.9292 10.8556 9.39962 8.65032 17.0947 26.8477 16.3847 15.175
threshold=1.0000000180025095e-35 1.0000000180025095e-35 1.0000000180025095e-35 12.500000000000002 1105.0000000000002 6.5000000000000009 0.98027155096468965 1.5000000000000002 44.500000000000007 0.63441354340356071 11.500000000000002 36.500000000000007 23.500000000000004 115.50000000000001
decision_type=2 2 2 10 2 2 2 2 10 2 2 2 2 2
left_child=1 2 7 -4 9 -3 8 -1 -7 10 11 -2 -11 -14
right_child=4 5 3 -5 -6 6 -8 -9 -10 12 -12 -13 13 -15
leaf_value=-0.0044092638974973361 0.0008788050861374769 -0.0060951103850606647 0.0072458002461262272 -0.0045517369907326875 3.545732444823861 0.0029372810954151813 0.00012745159444147136 -0.0082850149279185218 -0.021529136024567071 -0.0036010324758943228 -0.0053301919606889847 -0.18884489428372861 0.0067366555894357088 0.87007290023085959
leaf_weight=309 260 24 31 29 22 114 33 53 133 1188 426 31 327 29
leaf_count=309 260 24 31 29 22 114 33 53 133 1188 426 31 327 29
internal_value=-0.002299 -0.0101032 -0.0172459 -0.00319672 0.000183888 -0.000147541 0.00140569 -0.0195455 -0.000483871 -8.84173e-06 0.00225627 0.00691781 -0.00106472 0.00362745
internal_weight=3009 726 422 60 2283 304 280 362 247 2261 717 291 1544 356
internal_count=3009 726 422 60 2283 304 280 362 247 2261 717 291 1544 356
is_linear=0
shrinkage=0.025


Tree=197
num_leaves=15
num_cat=0
split_feature=13 8 14 6 6 9 32 4 9 4 11 4 33 32
split_gain=92.1004 81.6071 18.4613 14.5011 14.4255 13.5582 13.1699 12.1289 7.64549 14.5286 12.5485 12.431 7.67036 6.97758
threshold=1.0000000180025095e-35 1.5000000000000002 1.0000000180025095e-35 1.0000000180025095e-35 35.500000000000007 1105.0000000000002 12.500000000000002 10.500000000000002 167.50000000000003 3.5000000000000004 205.00000000000003 22.500000000000004 0.67062239388766909 55.500000000000007
decision_type=2 2 2 2 2 2 10 2 2 2 2 2 2 10
left_child=1 2 3 -1 7 8 -5 13 10 -10 12 -11 -2 -3
right_child=5 4 -4 6 -6 -7 -8 -9 9 11 -12 -13 -14 -15
leaf_value=-0.0042990323000599026 0.00048804029141314987 -0.0039492137170422685 -0.001725190048299452 0.0043561104384058124 0.00091143465288748325 3.4570891337032634 -0.0043958292589686134 -0.0028370677063095152 1.19501407426024 -0.060017888588454582 1.4809294876877617 0.27680290409843739 -0.00018945541741914875 -0.029953005932050053
leaf_weight=309 719 18 47 23 106 22 26 167 31 282 34 97 1098 30
leaf_count=309 719 18 47 23 106 22 26 167 31 282 34 97 1098 30
internal_value=-0.00221595 -0.00996561 -0.0174138 -0.0193454 -0.00052795 0.000249562 -0.0064 -0.00425926 5.30504e-05 -0.0030292 0.000739741 -0.00439474 0.000451045 -0.0152041
internal_weight=3009 726 405 358 321 2283 49 215 2261 410 1851 379 1817 48
internal_count=3009 726 405 358 321 2283 49 215 2261 410 1851 379 1817 48
is_linear=0
shrinkage=0.025


Tree=198
num_leaves=15
num_cat=0
split_feature=13 8 22 9 6 6 32 6 19 9 4 11 4 33
split_gain=87.2074 86.5386 18.0996 13.5582 13.0025 12.2191 9.7071 8.05462 7.71735 7.64549 14.5286 12.5485 12.431 7.67036
threshold=1.0000000180025095e-35 1.0000000180025095e-35 12.500000000000002 1105.0000000000002 1.0000000180025095e-35 35.500000000000007 50.500000000000007 5.5000000000000009 2.5000000000000004 167.50000000000003 3.5000000000000004 205.00000000000003 22.500000000000004 0.67062239388766909
decision_type=2 2 10 2 2 2 10 2 10 2 2 2 2 2
left_child=1 2 4 9 -1 6 -3 -6 -8 11 -11 13 -12 -2
right_child=3 5 -4 -5 7 -7 8 -9 -10 10 12 -13 -14 -15
leaf_value=-0.0041915564925584054 0.0004758392841278214 8.9557626905525901e-05 -0.012990242319197537 3.370661905360683 0.00014860131374917215 0.0008886487865652961 -0.029204180783748802 -0.006693080449618298 -0.0051737374313129084 1.1651387224037337 -0.058517441373743401 1.4439062504955673 0.26988283149597619 -0.00018471903198367113
leaf_weight=286 719 115 49 22 23 106 45 27 75 31 282 34 97 1098
leaf_count=286 719 115 49 22 23 106 45 27 75 31 282 34 97 1098
internal_value=-0.0021495 -0.00969051 -0.0177979 0.000249562 -0.0198665 -0.000497076 -0.00368644 -0.0077451 -0.00863636 5.30504e-05 -0.0030292 0.000739741 -0.00439474 0.000451045
internal_weight=3009 726 385 2283 336 341 235 50 120 2261 410 1851 379 1817
internal_count=3009 726 385 2283 336 341 235 50 120 2261 410 1851 379 1817
is_linear=0
shrinkage=0.025


Tree=199
num_leaves=15
num_cat=0
split_feature=13 8 22 9 6 30 38 0 6 9 4 11 4 33
split_gain=90.8646 82.1815 18.0996 13.5582 13.0025 10.3417 10.7177 9.22243 8.05462 7.64549 14.5286 12.5485 12.431 7.67036
threshold=1.0000000180025095e-35 1.0000000180025095e-35 12.500000000000002 1105.0000000000002 1.0000000180025095e-35 345.00000000000006 56.500000000000007 81.500000000000014 5.5000000000000009 167.50000000000003 3.5000000000000004 205.00000000000003 22.500000000000004 0.67062239388766909
decision_type=2 2 10 2 2 10 10 2 2 2 2 2 2 2
left_child=1 2 4 9 -1 6 7 -3 -6 11 -11 13 -12 -2
right_child=3 5 -4 -5 8 -7 -8 -9 -10 10 12 -13 -14 -15
leaf_value=-0.0040867675802444452 0.00046394330202462479 -0.0048109509307779144 -0.0126654862612176 3.2863953577266671 0.00014488628090544284 -0.030816994970904857 0.00088534613440078994 0.0029325368200149027 -0.0065257534383778406 1.1360102543436399 -0.057054505339399958 1.4078085942331784 0.2631357607085768 -0.00018010105618408991
leaf_weight=286 719 160 49 22 23 44 100 37 27 31 282 34 97 1098
leaf_count=286 719 160 49 22 23 44 100 37 27 31 282 34 97 1098
internal_value=-0.00219934 -0.00989684 -0.0177979 0.000249562 -0.0198665 -0.000935673 0.000738255 -0.00262626 -0.0077451 5.30504e-05 -0.0030292 0.000739741 -0.00439474 0.000451045
internal_weight=3009 726 385 2283 336 341 297 197 50 2261 410 1851 379 1817
internal_count=3009 726 385 2283 336 341 297 197 50 2261 410 1851 379 1817
is_linear=0
shrinkage=0.025


Tree=200
num_leaves=15
num_cat=0
split_feature=13 8 22 6 9 6 16 32 9 4 11 4 4 19
split_gain=87.9768 86.5386 18.0996 13.9025 13.4954 13.0025 9.00048 8.90032 7.85571 14.774 14.1474 9.79754 7.76594 7.71735
threshold=1.0000000180025095e-35 1.0000000180025095e-35 12.500000000000002 35.500000000000007 1105.0000000000002 1.0000000180025095e-35 1.0000000180025095e-35 50.500000000000007 179.50000000000003 3.5000000000000004 205.00000000000003 22.500000000000004 4.5000000000000009 2.5000000000000004
decision_type=2 2 10 2 2 2 2 10 2 2 2 2 2 10
left_child=1 2 5 7 8 -1 -7 -3 10 -10 12 -11 -2 -9
right_child=4 3 -4 -5 -6 6 -8 13 9 11 -12 -13 -14 -15
leaf_value=-0.0039845983907383338 -0.01012702099277624 0.00020759245950233561 -0.012348849104687159 0.00084429891354114394 3.2042354737835015 0.00014126412388280676 -0.004928549535878686 -0.027703651389882455 1.1076099979850482 -0.068458872896007966 1.1760202390146361 0.19107611235907029 0.0002296362738841304 -0.0049241202222606089
leaf_weight=286 204 115 49 106 22 25 25 45 31 265 36 93 1632 75
leaf_count=286 204 115 49 106 22 25 25 45 31 265 36 93 1632 75
internal_value=-0.00211628 -0.00969051 -0.0177979 -0.000497076 0.000293345 -0.0198665 -0.0077451 -0.00389831 9.72591e-05 -0.00312821 0.00077149 -0.00458217 0.000459989 -0.00863636
internal_weight=3009 726 385 341 2283 336 50 235 2261 389 1872 358 1836 120
internal_count=3009 726 385 341 2283 336 50 235 2261 389 1872 358 1836 120
is_linear=0
shrinkage=0.025


Tree=201
num_leaves=15
num_cat=0
split_feature=13 8 22 6 9 6 16 32 9 4 4 22 5 28
split_gain=87.8663 86.7124 20.4729 13.3636 13.3078 13.0025 9.00048 8.15833 8.0699 14.7933 12.2637 8.98982 7.86131 7.71516
threshold=1.0000000180025095e-35 1.0000000180025095e-35 12.500000000000002 35.500000000000007 1105.0000000000002 1.0000000180025095e-35 1.0000000180025095e-35 50.500000000000007 180.50000000000003 3.5000000000000004 22.500000000000004 488.00000000000006 3.5000000000000004 9.5000000000000018
decision_type=2 2 10 2 2 2 2 10 2 2 2 10 2 8
left_child=1 2 5 7 8 -1 -7 13 11 -10 -11 -2 -4 -3
right_child=4 3 12 -5 -6 6 -8 -9 9 10 -12 -13 -14 -15
leaf_value=-0.0038849834309698755 8.492880146822036e-05 -0.0023801368437878171 -0.017087163832374221 0.00082319144070261527 3.1241295869389152 0.00013773252078573659 -0.0048053357974817187 -0.011790762722431805 1.0799197480354223 -0.067387858309560761 0.23647092833934097 0.3921039587837678 0.047615811568504918 0.090762532242481431
leaf_weight=286 1862 89 31 106 22 25 25 120 31 254 90 24 18 26
leaf_count=286 1862 89 31 106 22 25 25 120 31 254 90 24 18 26
internal_value=-0.00198339 -0.00955296 -0.0176684 -0.000350877 0.000424694 -0.0198665 -0.0077451 -0.00368644 0.000229885 -0.0031117 -0.00462319 0.000898251 -0.0024 0.00103448
internal_weight=3009 726 385 341 2283 336 50 235 2261 375 344 1886 49 115
internal_count=3009 726 385 341 2283 336 50 235 2261 375 344 1886 49 115
is_linear=0
shrinkage=0.025


Tree=202
num_leaves=15
num_cat=0
split_feature=13 8 22 13 6 6 32 6 5 29 35 4 4 11
split_gain=87.8663 89.5053 18.0996 13.3078 13.0025 12.8352 8.93122 8.05462 7.23937 14.6018 12.5073 9.19188 18.7585 11.7274
threshold=1.0000000180025095e-35 1.0000000180025095e-35 12.500000000000002 1105.0000000000002 1.0000000180025095e-35 35.500000000000007 50.500000000000007 5.5000000000000009 307.00000000000006 220.50000000000003 671.00000000000011 14.500000000000002 17.500000000000004 5.5000000000000009
decision_type=2 2 10 2 2 2 10 2 2 10 8 2 2 2
left_child=1 2 4 8 -1 6 -3 -6 11 10 -10 13 -13 -2
right_child=3 5 -4 -5 7 -7 -8 -9 9 -11 -12 12 -14 -15
leaf_value=-0.0037878588451956286 0.00068420293316020793 0.00026190606910947266 -0.011612948781260624 3.0460263472654421 0.00013428920776609318 0.00080261165468504994 -0.01149599365437101 -0.0063695845185351083 -0.028383791955322125 -0.070327496434118328 1.2900245309111762 -0.032317819454720807 0.0021190172695762844 -0.033531048221890729
leaf_weight=286 840 115 49 22 23 106 120 27 88 106 24 247 816 140
leaf_count=286 840 115 49 22 23 106 120 27 88 106 24 247 816 140
internal_value=-0.00198339 -0.00955296 -0.0177979 0.000424694 -0.0198665 -0.000204678 -0.00347458 -0.0077451 0.000229885 -0.00408676 0.00216814 0.000694716 -0.000911654 0.00244139
internal_weight=3009 726 385 2283 336 341 235 50 2261 218 112 2043 1063 980
internal_count=3009 726 385 2283 336 341 235 50 2261 218 112 2043 1063 980
is_linear=0
shrinkage=0.025


Tree=203
num_leaves=15
num_cat=0
split_feature=13 8 22 9 6 4 17 35 7 6 9 4 11 4
split_gain=97.4163 77.9359 18.0996 13.339 13.0025 9.69972 9.60749 8.903 9.21685 8.05462 7.96331 14.7933 13.7558 12.2637
threshold=1.0000000180025095e-35 1.0000000180025095e-35 12.500000000000002 1105.0000000000002 1.0000000180025095e-35 10.500000000000002 0.99883241331505068 661.00000000000011 318.50000000000006 5.5000000000000009 180.50000000000003 3.5000000000000004 143.00000000000003 22.500000000000004
decision_type=2 2 10 2 2 2 2 10 2 2 2 2 2 2
left_child=1 2 4 10 -1 6 -3 8 -7 -6 12 -12 -2 -13
right_child=3 5 -4 -5 9 7 -8 -9 -10 -11 11 13 -14 -15
leaf_value=-0.0036931623740657374 2.3656321477316669e-05 -0.0035674139487244317 -0.011322625061729109 2.9698756885838069 0.00013093197757194083 0.00025535841738173585 -0.018936165691716925 -0.17710362484135944 3.2486615895125426 -0.0062103449055717309 1.0536313491334199 -0.063944974440968139 0.67685358037365839 0.21361807740062277
leaf_weight=286 1809 51 49 22 23 225 28 18 19 27 31 254 77 90
leaf_count=286 1809 51 49 22 23 225 28 18 19 27 31 254 77 90
internal_value=-0.00213289 -0.0101032 -0.0177979 0.000402802 -0.0198665 -0.00137427 -0.009 0.000931559 0.00222449 -0.0077451 0.000207781 -0.0031117 0.000871754 -0.00462319
internal_weight=3009 726 385 2283 336 341 79 262 244 50 2261 375 1886 344
internal_count=3009 726 385 2283 336 341 79 262 244 50 2261 375 1886 344
is_linear=0
shrinkage=0.025


Tree=204
num_leaves=15
num_cat=0
split_feature=13 8 22 9 6 6 16 32 9 4 11 35 28 33
split_gain=87.0974 89.5053 18.0996 13.3702 13.0025 12.8352 9.00048 8.93122 7.66444 14.5423 13.9983 11.3982 7.16849 7.10351
threshold=1.0000000180025095e-35 1.0000000180025095e-35 12.500000000000002 1105.0000000000002 1.0000000180025095e-35 35.500000000000007 1.0000000180025095e-35 50.500000000000007 179.50000000000003 3.5000000000000004 205.00000000000003 373.50000000000006 9.5000000000000018 0.67062239388766909
decision_type=2 2 10 2 2 2 2 10 2 2 2 10 8 2
left_child=1 2 4 8 -1 7 -6 12 10 -10 13 -11 -3 -2
right_child=3 5 -4 -5 6 -7 -8 -9 9 11 -12 -13 -14 -15
leaf_value=-0.0036008333147140937 0.00048401989814117198 -0.0023335650348554004 -0.011039559435185881 2.8956287963692122 0.00012765867813264233 0.00087173171203603446 -0.0043707041669420041 -0.011167193118869951 1.0272905654050846 -0.1082260993810838 1.129643294878153 0.00051042131257759136 0.088480537324257147 -0.00021206983260074752
leaf_weight=286 730 89 49 22 25 106 25 120 31 202 36 156 26 1106
leaf_count=286 730 89 49 22 25 106 25 120 31 202 36 156 26 1106
internal_value=-0.00201661 -0.00955296 -0.0177979 0.000380911 -0.0198665 -0.000204678 -0.0077451 -0.00347458 0.000185676 -0.003 0.000851575 -0.0044429 0.00146552 0.000541644
internal_weight=3009 726 385 2283 336 341 50 235 2261 389 1872 358 115 1836
internal_count=3009 726 385 2283 336 341 50 235 2261 389 1872 358 115 1836
is_linear=0
shrinkage=0.025


Tree=205
num_leaves=15
num_cat=0
split_feature=13 8 22 9 6 6 16 6 9 4 11 35 4 35
split_gain=87.0424 91.0072 18.0996 13.2766 13.0025 12.3172 9.00048 8.49534 7.98738 14.5423 13.8499 11.3982 6.65526 6.47368
threshold=1.0000000180025095e-35 1.0000000180025095e-35 12.500000000000002 1105.0000000000002 1.0000000180025095e-35 35.500000000000007 1.0000000180025095e-35 18.500000000000004 179.50000000000003 3.5000000000000004 205.00000000000003 373.50000000000006 14.500000000000002 1.5000000000000002
decision_type=2 2 10 2 2 2 2 2 2 2 2 10 2 8
left_child=1 2 4 8 -1 7 -6 -3 10 -10 12 -11 -2 -4
right_child=3 5 13 -5 6 -7 -8 -9 9 11 -12 -13 -14 -15
leaf_value=-0.0035108124818462416 0.00032916030602542223 -0.0019193983110992619 -0.034546344706963515 2.8232380764599814 0.00012446721117932626 0.00084993841923513354 -0.0042614365627684546 -0.025676307225450654 1.0016083012699568 -0.10552044689655632 1.1014022125061989 0.00049766077976300951 -0.0016616439519845214 0.021910735669299176
leaf_weight=286 900 209 20 22 25 106 25 26 31 202 36 156 936 29
leaf_count=286 900 209 20 22 25 106 25 26 31 202 36 156 936 29
internal_value=-0.00195017 -0.00948418 -0.0177979 0.000446585 -0.0198665 -5.84795e-05 -0.0077451 -0.00326271 0.000251989 -0.003 0.00093166 -0.0044429 0.000623299 -0.0034
internal_weight=3009 726 385 2283 336 341 50 235 2261 389 1872 358 1836 49
internal_count=3009 726 385 2283 336 341 50 235 2261 389 1872 358 1836 49
is_linear=0
shrinkage=0.025


Tree=206
num_leaves=15
num_cat=0
split_feature=13 8 9 6 9 22 36 9 13 4 5 6 22 33
split_gain=87.3962 76.1931 18.0896 13.4022 13.1964 12.1323 12.8175 10.2781 12.8036 9.36906 9.16636 9.03643 7.08956 6.71657
threshold=1.5000000000000002 1.0000000180025095e-35 1.0000000180025095e-35 35.500000000000007 1105.0000000000002 41.500000000000007 33.500000000000007 8.5000000000000018 9.5000000000000018 23.500000000000004 13.500000000000002 18.500000000000004 2.5000000000000004 0.78535760554313538
decision_type=2 2 2 2 2 10 10 2 2 2 2 2 8 2
left_child=1 2 5 11 7 6 -1 10 12 -10 13 -3 -9 -2
right_child=4 3 -4 -5 -6 -7 -8 8 9 -11 -12 -13 -14 -15
leaf_value=-0.0034230421698000857 0.0030468613792011992 -0.0027952318571872921 -0.00064780152140321567 0.00082868995875425521 2.7526571245484805 -0.0080583307610590047 -0.0037460398587750802 -0.062212512261072363 -0.0014698933906739599 0.078069741172716353 -0.052483804363363973 -0.025034399544814387 0.002673549943899645 -0.00015087330966847559
leaf_weight=301 351 232 142 107 22 26 24 54 1188 369 28 27 18 120
leaf_count=301 351 232 142 107 22 26 24 54 1188 369 28 27 18 120
internal_value=-0.00218272 -0.0089186 -0.0153239 -0.000258856 0.000509066 -0.0183807 -0.0196933 0.000302959 -0.000656442 -0.000173299 0.00344 -0.00334615 -0.0108904 0.00427966
internal_weight=3009 859 493 366 2150 351 325 2128 1629 1557 499 259 72 471
internal_count=3009 859 493 366 2150 351 325 2128 1629 1557 499 259 72 471
is_linear=0
shrinkage=0.025


Tree=207
num_leaves=15
num_cat=0
split_feature=13 8 22 9 6 30 25 7 16 9 4 11 35 5
split_gain=84.7024 92.5192 18.0996 13.3702 13.0025 12.3034 11.3062 9.95157 9.00048 7.66444 14.5423 13.9983 11.3982 7.04059
threshold=1.0000000180025095e-35 1.0000000180025095e-35 12.500000000000002 1105.0000000000002 1.0000000180025095e-35 345.00000000000006 0.88809537695977603 275.50000000000006 1.0000000180025095e-35 179.50000000000003 3.5000000000000004 205.00000000000003 373.50000000000006 46.500000000000007
decision_type=2 2 10 2 2 10 2 2 2 2 2 2 10 2
left_child=1 2 4 9 -1 6 -3 -8 -6 11 -11 -2 -12 -7
right_child=3 5 -4 -5 8 13 7 -9 -10 10 12 -13 -14 -15
leaf_value=-0.0033374661155550836 8.9298611264780625e-05 -0.0044361922287772934 -0.0098143357773871447 2.6838406964347685 0.00013755056893492351 -0.030169596371752927 0.0014491707074320479 -0.044557450810538655 -0.0040693245944542411 0.97660484107297385 -0.10284568838937602 1.0728931713452561 0.00052196659503493952 0.0090904398681896492
leaf_weight=286 1836 193 49 22 25 26 84 20 25 31 202 36 156 18
leaf_count=286 1836 193 49 22 25 26 84 20 25 31 202 36 156 18
internal_value=-0.00198339 -0.00941541 -0.0177979 0.000380911 -0.0198665 5.84795e-05 0.00191275 0.00852381 -0.0077451 0.000185676 -0.003 0.000851575 -0.0044429 -0.0121111
internal_weight=3009 726 385 2283 336 341 297 104 50 2261 389 1872 358 44
internal_count=3009 726 385 2283 336 341 297 104 50 2261 389 1872 358 44
is_linear=0
shrinkage=0.025


Tree=208
num_leaves=15
num_cat=0
split_feature=13 8 22 9 6 30 25 7 16 9 11 4 32 5
split_gain=85.8411 92.5192 18.0996 13.2766 13.0025 12.3034 11.3062 9.95157 9.00048 7.28753 13.7248 8.86759 8.13605 7.04059
threshold=1.0000000180025095e-35 1.0000000180025095e-35 12.500000000000002 1105.0000000000002 1.0000000180025095e-35 345.00000000000006 0.88809537695977603 275.50000000000006 1.0000000180025095e-35 551.00000000000011 374.50000000000006 14.500000000000002 143.50000000000003 46.500000000000007
decision_type=2 2 10 2 2 10 2 2 2 2 2 2 10 2
left_child=1 2 4 9 -1 6 -3 -8 -6 10 11 -2 -11 -7
right_child=3 5 -4 -5 8 13 7 -9 -10 12 -12 -13 -14 -15
leaf_value=-0.0032540294626662069 0.00039285684090760724 -0.0043252874230578619 -0.009568977382952466 2.6167446790238986 0.00013411180471155042 -0.029415356462459109 0.0014129414397462466 -0.043443514540275174 -0.0039675914795928848 -0.063662264594972845 0.90763293827237135 -0.0052140875279203525 0.79184977885136343 0.0088631788714849339
leaf_weight=286 1058 193 49 22 25 26 84 20 25 59 29 1088 27 18
leaf_count=286 1058 193 49 22 25 26 84 20 25 59 29 1088 27 18
internal_value=-0.00193355 -0.00941541 -0.0177979 0.000446585 -0.0198665 5.84795e-05 0.00191275 0.00852381 -0.0077451 0.000251989 0.000537684 0.000300419 -0.00683908 -0.0121111
internal_weight=3009 726 385 2283 336 341 297 104 50 2261 2175 2146 86 44
internal_count=3009 726 385 2283 336 341 297 104 50 2261 2175 2146 86 44
is_linear=0
shrinkage=0.025


Tree=209
num_leaves=15
num_cat=0
split_feature=9 8 33 38 17 22 6 4 9 36 4 4 14 16
split_gain=68.1944 91.4803 19.0761 15.088 15.5018 14.9539 17.2182 19.8796 13.6193 9.07666 8.85565 19.6145 41.5156 14.7485
threshold=1.0000000180025095e-35 1.0000000180025095e-35 0.9303720529323295 591.00000000000011 0.92476123717051262 41.500000000000007 1.5000000000000002 22.500000000000004 1105.0000000000002 40.500000000000007 14.500000000000002 19.500000000000004 6.5000000000000009 126.50000000000001
decision_type=2 2 2 8 2 10 2 2 2 10 2 2 2 2
left_child=1 5 3 4 -3 6 9 -8 10 -1 -2 12 -12 -13
right_child=8 2 -4 -5 -6 -7 7 -9 -10 -11 11 13 -14 -15
leaf_value=-0.003172678726099552 0.00031191602689382151 0.00036957495719811597 -0.022918915735338725 -0.1206366411407231 0.0025526508024254681 -0.002385067827788856 -0.0049539404770368228 0.094371452407377765 2.5513260620483011 -0.0038348241852978258 -0.042619135358085869 -0.001192659437926258 0.015622113479034994 0.56133220021363284
leaf_weight=281 1085 182 60 21 101 33 39 18 22 19 233 561 229 125
leaf_count=281 1085 182 60 21 101 33 39 18 22 19 233 561 229 125
internal_value=-0.00196678 -0.0084702 0.000534247 0.00309836 0.00464789 -0.016867 -0.018352 -0.00551724 0.000208333 -0.0207475 8.95255e-06 -0.00151871 -0.00549676 0.00115721
internal_weight=3009 754 364 304 283 390 357 57 2255 300 2233 1148 462 686
internal_count=3009 754 364 304 283 390 357 57 2255 300 2233 1148 462 686
is_linear=0
shrinkage=0.025


Tree=210
num_leaves=15
num_cat=0
split_feature=13 8 13 22 6 9 6 6 19 29 9 9 35 0
split_gain=84.4033 72.1489 23.3063 18.0996 13.4022 13.0977 13.0025 9.03643 8.32981 13.389 7.58149 6.53412 6.47368 6.43802
threshold=1.5000000000000002 1.0000000180025095e-35 1.0000000180025095e-35 12.500000000000002 35.500000000000007 1105.0000000000002 1.0000000180025095e-35 18.500000000000004 982.50000000000011 661.00000000000011 6.5000000000000009 237.00000000000003 1.5000000000000002 75.500000000000014
decision_type=2 2 2 10 2 2 2 2 8 10 2 2 8 2
left_child=1 2 3 6 7 8 -1 13 9 10 -2 -10 -5 -3
right_child=5 4 -4 12 -6 -7 -8 -9 11 -11 -12 -13 -14 -15
leaf_value=-0.003093361757947063 0.0017694253526242987 -0.0044196343660947192 -6.9168056553270414e-06 -0.03303321023788347 0.00067260363604530477 2.4875429104970923 -0.0032518793794916443 -0.022345942841955256 -0.0041245454259953851 0.024711064632914947 -0.00037804986241907201 -0.060521019047555316 0.02210863507129637 0.0024995394645167361
leaf_weight=286 374 147 108 20 107 22 50 27 35 73 1624 22 29 85
leaf_count=286 374 147 108 20 107 22 50 27 35 73 1624 22 29 85
internal_value=-0.00206645 -0.00868605 -0.014919 -0.0177979 -0.000258856 0.000578801 -0.0198665 -0.00334615 0.000373415 0.000637066 0.000247624 -0.00896552 -0.0034 -0.00169528
internal_weight=3009 859 493 385 366 2150 336 259 2128 2071 1998 57 49 232
internal_count=3009 859 493 385 366 2150 336 259 2128 2071 1998 57 49 232
is_linear=0
shrinkage=0.025


Tree=211
num_leaves=15
num_cat=0
split_feature=13 14 13 6 32 30 9 0 12 0 19 29 27 4
split_gain=84.8271 66.8561 21.1273 19.7831 18.544 13.6952 13.0648 11.9299 10.5446 9.70536 8.37205 13.3268 7.51733 6.64974
threshold=1.5000000000000002 1.0000000180025095e-35 1.0000000180025095e-35 1.0000000180025095e-35 12.500000000000002 80.500000000000014 1105.0000000000002 29.500000000000004 7.5000000000000009 72.500000000000014 982.50000000000011 661.00000000000011 82.500000000000014 6.5000000000000009
decision_type=2 2 2 2 10 10 2 2 2 2 8 10 10 2
left_child=1 2 3 8 -5 9 10 -7 -1 -3 11 12 -2 -11
right_child=6 5 -4 4 -6 7 -8 -9 -10 13 -12 -13 -14 -15
leaf_value=-0.0030160277139983861 0.00090276192868619107 -0.00058126335239839795 -6.7438855139434484e-06 0.0047293018653702806 -0.0036632561961898514 0.14368519986047643 2.425354337734666 -0.030978770554302537 -0.003093148399488147 -0.0014127212832315634 -0.052258933488054993 0.024093288017092009 -0.0075219300301192504 0.0031620986338343343
leaf_weight=329 1295 86 118 31 29 32 22 78 33 18 57 73 703 105
leaf_count=329 1295 86 118 31 29 32 22 78 33 18 57 73 703 105
internal_value=-0.00204983 -0.00868605 -0.0140388 -0.0166548 -0.00319672 0.000375 0.000602046 -0.00671171 -0.0188567 0.00414286 0.0003969 0.000661197 0.000272636 0.00862903
internal_weight=3009 859 540 422 60 319 2150 110 362 209 2128 2071 1998 123
internal_count=3009 859 540 422 60 319 2150 110 362 209 2128 2071 1998 123
is_linear=0
shrinkage=0.025


Tree=212
num_leaves=15
num_cat=0
split_feature=13 8 13 22 6 9 6 6 9 33 30 39 25 37
split_gain=82.3004 72.1489 23.3063 18.0996 13.4022 13.2625 13.0025 9.03643 8.43719 10.4213 9.56251 8.67061 14.6129 9.66563
threshold=1.5000000000000002 1.0000000180025095e-35 1.0000000180025095e-35 12.500000000000002 35.500000000000007 1105.0000000000002 1.0000000180025095e-35 18.500000000000004 6.5000000000000009 0.78415590089866505 40.500000000000007 29.500000000000004 0.96184336583595786 114.50000000000001
decision_type=2 2 2 10 2 2 2 2 2 2 10 10 2 10
left_child=1 2 3 6 7 8 -1 -3 9 -2 -11 12 -10 -13
right_child=5 4 -4 -5 -6 -7 -8 -9 11 10 -12 13 -14 -15
leaf_value=-0.0029406270211484262 0.0076858357473100552 -0.001193828156561787 -6.5752883760927812e-06 -0.0083492050314291182 0.00057673607929831379 2.3647204792912988 -0.0030790009900996066 -0.021012825007048812 -0.00052108718155473581 0.00048463553387314564 -0.039715907523688899 0.058540546498339202 -0.061754859180864735 -0.01134658184412245
leaf_weight=286 253 232 108 49 107 22 50 27 1210 100 35 250 32 248
leaf_count=286 253 232 108 49 107 22 50 27 1210 100 35 250 32 248
internal_value=-0.0021495 -0.00868605 -0.014919 -0.0177979 -0.000258856 0.000462576 -0.0198665 -0.00334615 0.000255989 0.00358612 -0.00198529 -0.000485353 -0.00160499 0.00229459
internal_weight=3009 859 493 385 366 2150 336 259 2128 388 135 1740 1242 498
internal_count=3009 859 493 385 366 2150 336 259 2128 388 135 1740 1242 498
is_linear=0
shrinkage=0.025


Tree=213
num_leaves=15
num_cat=0
split_feature=13 8 13 22 30 17 17 13 9 16 9 28 38 5
split_gain=83.3475 73.5035 23.3063 18.0996 11.7658 13.8602 14.0858 8.37728 10.7418 8.07995 7.53866 9.80969 7.50156 7.04059
threshold=1.5000000000000002 1.0000000180025095e-35 1.0000000180025095e-35 12.500000000000002 345.00000000000006 0.88450973930357757 0.80462145484563707 857.50000000000011 640.50000000000011 125.50000000000001 6.5000000000000009 6.5000000000000009 25.500000000000004 46.500000000000007
decision_type=2 2 2 10 10 2 2 2 2 2 2 10 10 2
left_child=1 2 3 -1 5 6 -3 8 10 -7 11 -2 -12 -6
right_child=7 4 -4 -5 13 9 -8 -9 -10 -11 12 -13 -14 -15
leaf_value=-0.0028671113456197155 0.00047251964552632588 0.00030816133025040053 -6.4109061666928209e-06 -0.0081404749056433901 -0.026806867186893485 0.002781332371446506 -0.053069181957471838 2.3056024673090181 -0.10082639496090168 -0.00064362007830761226 -0.00060741462049422883 0.010462231707823181 0.01786754258782022 0.0071922961665570996
leaf_weight=336 270 136 108 49 26 99 35 34 27 52 1435 116 268 18
leaf_count=336 270 136 108 49 26 99 35 34 27 52 1435 116 268 18
internal_value=-0.00204983 -0.00862791 -0.014919 -0.0177979 -0.000122616 0.00153251 -0.00331395 0.000578801 0.000375531 0.00703947 0.000583732 0.00373385 -0.000129108 -0.0121111
internal_weight=3009 859 493 385 366 322 171 2150 2116 151 2089 386 1703 44
internal_count=3009 859 493 385 366 322 171 2150 2116 151 2089 386 1703 44
is_linear=0
shrinkage=0.025


Tree=214
num_leaves=15
num_cat=0
split_feature=13 8 13 22 6 6 0 4 8 29 28 27 4 30
split_gain=80.8411 73.858 22.848 20.4729 13.0025 12.4323 9.37162 20.4782 25.4408 18.991 15.9971 20.755 13.1394 13.1091
threshold=1.5000000000000002 1.0000000180025095e-35 1.0000000180025095e-35 12.500000000000002 1.0000000180025095e-35 35.500000000000007 50.500000000000007 10.500000000000002 44.500000000000007 135.50000000000003 90.500000000000014 98.000000000000014 5.5000000000000009 238.00000000000003
decision_type=2 2 2 10 2 2 2 2 2 10 10 10 2 10
left_child=1 2 3 4 -1 -3 13 8 12 -10 -9 -12 -8 -2
right_child=6 5 -4 -5 -6 -7 7 10 9 -11 11 -13 -14 -15
leaf_value=-0.0027954335619792227 -0.0014222899091507202 -0.0040183613887512558 -6.2506335125278594e-06 -0.0079369630330023058 -0.0029303481817066234 0.00049278436802969333 0.0051596780409619569 0.0056586180647765667 -0.16822466185471799 0.096603566332895241 -0.13901527853699497 -0.025356865755732351 0.0072463168097367525 0.3224424593852766
leaf_weight=286 930 259 108 49 50 107 115 502 44 27 53 236 192 51
leaf_count=286 930 259 108 49 50 107 115 502 44 27 53 236 192 51
internal_value=-0.00203322 -0.00851163 -0.0148178 -0.0176684 -0.0198665 0 0.000555556 0.00206838 0.00684697 -0.00652778 -0.000214646 -0.00489655 0.00996753 -0.00124236
internal_weight=3009 859 493 385 336 366 2150 1169 378 71 791 289 307 981
internal_count=3009 859 493 385 336 366 2150 1169 378 71 791 289 307 981
is_linear=0
shrinkage=0.025


Tree=215
num_leaves=15
num_cat=0
split_feature=13 8 13 22 6 30 0 13 5 16 5 5 13 33
split_gain=76.3471 74.2092 22.3941 20.1227 12.6738 12.3057 12.4898 8.6064 9.58422 8.63469 7.04059 7.0305 28.2659 9.89681
threshold=1.5000000000000002 1.0000000180025095e-35 1.0000000180025095e-35 12.500000000000002 1.0000000180025095e-35 345.00000000000006 72.500000000000014 857.50000000000011 573.00000000000011 348.50000000000006 46.500000000000007 13.500000000000002 16.500000000000004 0.80383505779049569
decision_type=2 2 2 10 2 10 2 2 2 2 2 2 2 2
left_child=1 2 3 4 -1 6 -3 8 11 -10 -7 13 -13 -2
right_child=7 5 -4 -5 -6 10 -8 -9 9 -11 -12 12 -14 -15
leaf_value=-0.0027255477229297422 0.00097335518053950356 -0.0040045229153287841 -6.0943676747138301e-06 -0.0077385389571772477 -0.0028570894771639578 -0.026036236472502368 0.0012133079197463748 2.2477812477060524 -0.12896631221051111 0.0060034811638601587 0.0070001691531924592 -0.046301278332846474 0.0005092482167334822 -0.0096074443543260682
leaf_weight=286 616 173 108 49 50 26 149 34 26 26 18 121 1238 89
leaf_count=286 616 173 108 49 50 26 149 34 26 26 18 121 1238 89
internal_value=-0.00209967 -0.00839535 -0.0147166 -0.0175389 -0.0197181 0.000122616 0.00184211 0.000416086 0.000210203 -0.010283 -0.0121111 0.00048184 -0.000566176 0.00250708
internal_weight=3009 859 493 385 336 366 322 2150 2116 52 44 2064 1359 705
internal_count=3009 859 493 385 336 366 322 2150 2116 52 44 2064 1359 705
is_linear=0
shrinkage=0.025


Tree=216
num_leaves=15
num_cat=0
split_feature=13 8 13 22 6 30 0 0 4 11 4 28 27 30
split_gain=79.1907 74.2092 22.3941 20.1227 12.6738 12.3057 12.4898 9.61523 21.2499 27.8152 22.2326 15.9971 20.755 13.1091
threshold=1.5000000000000002 1.0000000180025095e-35 1.0000000180025095e-35 12.500000000000002 1.0000000180025095e-35 345.00000000000006 72.500000000000014 50.500000000000007 10.500000000000002 32.500000000000007 5.5000000000000009 90.500000000000014 98.000000000000014 238.00000000000003
decision_type=2 2 2 10 2 10 2 2 2 2 2 10 10 10
left_child=1 2 3 4 -1 6 -3 13 9 10 -9 -10 -13 -2
right_child=7 5 -4 -5 -6 -7 -8 8 11 -11 -12 12 -14 -15
leaf_value=-0.0026574090298564987 -0.0014052652038878399 -0.0039044098424455644 -5.9420084828454296e-06 -0.0075450754832478168 -0.0027856622402348593 -0.022890193989656447 0.0011829752217527153 0.0039660437938486394 0.0054986200706912628 -0.037085930565922708 0.0076854373573916673 -0.13555262777898844 -0.024174926561995817 0.3143686666952264
leaf_weight=286 930 173 108 49 50 44 149 138 502 55 185 53 236 51
leaf_count=286 930 173 108 49 50 44 149 138 502 55 185 53 236 51
internal_value=-0.00198339 -0.00839535 -0.0147166 -0.0175389 -0.0197181 0.000122616 0.00184211 0.000578801 0.00211111 0.00697889 0.00978395 -0.000214646 -0.00489655 -0.00124236
internal_weight=3009 859 493 385 336 366 322 2150 1169 378 323 791 289 981
internal_count=3009 859 493 385 336 366 322 2150 1169 378 323 791 289 981
is_linear=0
shrinkage=0.025


Tree=217
num_leaves=15
num_cat=0
split_feature=13 8 13 22 25 6 30 0 5 13 9 5 5 9
split_gain=76.1408 78.7155 21.9449 22.6146 15.9864 12.6738 9.91248 10.5766 8.2269 8.21541 10.9089 7.04059 5.79696 19.773
threshold=1.5000000000000002 1.0000000180025095e-35 1.0000000180025095e-35 12.500000000000002 0.98027155096468965 1.0000000180025095e-35 345.00000000000006 81.500000000000014 1.0000000180025095e-35 857.50000000000011 640.50000000000011 46.500000000000007 13.500000000000002 14.500000000000002
decision_type=2 2 2 10 2 2 10 2 2 2 2 2 2 2
left_child=1 2 3 5 6 -1 7 -3 -5 10 12 -8 -2 -14
right_child=9 4 -4 8 -6 -7 11 -9 -10 -11 -12 -13 13 -15
leaf_value=-0.0025909738041100861 0.00061816476801888074 -0.0038067995963844258 -5.7934582707752648e-06 -0.021529142243901823 0.00042055768029147377 -0.0027160206842289877 -0.024813075710948398 0.0061883503040692789 0.033486063331579122 2.1913945805794639 -0.09120135132012025 0.0073974197741041086 -0.058504330586422675 0.00021328958845767687
leaf_weight=286 702 213 108 26 42 50 26 67 23 34 27 18 61 1326
leaf_count=286 702 213 108 26 42 50 26 67 23 34 27 18 61 1326
internal_value=-0.00181728 -0.00810465 -0.0146154 -0.0174093 0.000667575 -0.0197181 -0.00121538 0.000516014 -0.0014 0.000695026 0.000493623 -0.0121111 0.000703349 -0.000230548
internal_weight=3009 859 493 385 366 336 324 280 49 2150 2116 44 2089 1387
internal_count=3009 859 493 385 366 336 324 280 49 2150 2116 44 2089 1387
is_linear=0
shrinkage=0.025


Tree=218
num_leaves=15
num_cat=0
split_feature=13 14 13 7 30 19 13 38 9 14 9 38 40 17
split_gain=78.9848 68.6477 21.8085 21.2884 13.7668 11.2274 9.79021 9.22207 9.0239 7.2343 8.15751 7.36263 6.2048 6.16393
threshold=1.5000000000000002 1.0000000180025095e-35 1.0000000180025095e-35 1.0000000180025095e-35 80.500000000000014 6.5000000000000009 772.00000000000011 116.50000000000001 640.50000000000011 235.50000000000003 179.50000000000003 21.500000000000004 8.5000000000000018 0.81394917887591223
decision_type=2 2 2 2 10 10 2 10 2 2 2 10 8 2
left_child=1 2 3 -1 -3 -6 8 -7 9 10 -2 -11 -5 -4
right_child=6 4 13 12 5 7 -8 -9 -10 11 -12 -13 -14 -15
leaf_value=-0.0025261994590073341 0.0004769093347498199 0.00068648846799002072 -8.669154341674479e-05 0.0037340858526170306 -0.025326005765161405 -0.037520462740348731 2.1355392428654798 0.040035164751481125 -0.2332634230912646 -0.16879028429271586 -0.029610986534061114 1.1828563229661946 -0.0042119964692745307 3.5132106593729898e-05
leaf_weight=365 1720 209 91 31 33 35 36 42 25 25 294 50 26 27
leaf_count=365 1720 209 91 31 33 35 36 42 25 25 294 50 26 27
internal_value=-0.00193355 -0.00833721 -0.0137616 -0.0164184 0.00084375 -0.00626126 0.000625291 -0.000897436 0.000399527 0.000583732 0.000295285 0.00815789 -0.00206897 -0.00415966
internal_weight=3009 859 540 422 319 110 2150 77 2114 2089 2014 75 57 118
internal_count=3009 859 540 422 319 110 2150 77 2114 2089 2014 75 57 118
is_linear=0
shrinkage=0.025


Tree=219
num_leaves=15
num_cat=0
split_feature=13 8 13 22 6 30 0 10 25 0 22 5 2 30
split_gain=85.6778 69.8223 22.848 17.7701 12.6738 11.2421 8.761 14.3721 13.797 13.5412 14.4861 13.4519 12.8492 12.6409
threshold=1.5000000000000002 1.0000000180025095e-35 1.0000000180025095e-35 12.500000000000002 1.0000000180025095e-35 345.00000000000006 50.500000000000007 48.500000000000007 0.82290681651475661 79.500000000000014 88.500000000000014 620.50000000000011 -0.56174490092936669 238.00000000000003
decision_type=2 2 2 10 2 10 2 2 2 2 10 2 2 10
left_child=1 2 3 4 -1 -3 11 9 -9 12 -11 13 -8 -2
right_child=6 5 -4 -5 -6 -7 7 8 -10 10 -12 -13 -14 -15
leaf_value=-0.0024630444725321507 -0.00045587930077031216 0.00040960986527329921 -3.4813332285887902e-06 -0.0067550650535938908 -0.0025849651806480797 -0.021314662584385729 0.0019610192692055108 0.09164983533053013 -0.11640021619677494 -0.00043166959103650986 0.079812177593014164 -0.12497208035151175 0.036019733105954181 0.35369438568646461
leaf_weight=286 911 322 108 49 50 44 199 98 96 421 37 23 318 47
leaf_count=286 911 322 108 49 50 44 199 98 96 421 37 23 318 47
internal_value=-0.00201661 -0.00868605 -0.0148178 -0.0176684 -0.0197181 -0.000395095 0.000648536 0.00211111 -0.00407692 0.00335041 0.000206972 -0.00108961 0.00611969 -0.000620438
internal_weight=3009 859 493 385 336 366 2150 1169 194 975 458 981 517 958
internal_count=3009 859 493 385 336 366 2150 1169 194 975 458 981 517 958
is_linear=0
shrinkage=0.025


Tree=220
num_leaves=15
num_cat=0
split_feature=13 8 22 6 30 0 4 11 13 28 27 5 30 31
split_gain=82.9825 82.5209 20.1227 12.6738 10.8843 9.13353 14.0401 21.2604 23.0375 16.12 20.0792 12.6641 13.7733 12.061
threshold=1.0000000180025095e-35 1.0000000180025095e-35 12.500000000000002 1.0000000180025095e-35 345.00000000000006 50.500000000000007 10.500000000000002 6.5000000000000009 12.500000000000002 90.500000000000014 98.000000000000014 620.50000000000011 238.00000000000003 13.500000000000002
decision_type=2 2 10 2 10 2 2 2 2 10 10 2 10 8
left_child=1 2 3 -1 -3 11 7 8 -7 13 -11 12 -2 -8
right_child=5 4 -4 -5 -6 6 9 -9 -10 10 -12 -13 -14 -15
leaf_value=-0.0024014683607188471 -0.00032807410296022967 0.00045833377323908588 -0.0065861884272540435 -0.0025203410511318775 -0.020781796019776061 -0.0001765236716758878 -0.004478223698576889 -0.038136139163603394 0.01981625284290818 -0.12700743514175628 -0.030328067392053338 -0.12184777834272326 0.34485202604430293 0.028132420716429598
leaf_weight=286 995 297 49 50 44 84 293 56 254 56 237 23 47 238
leaf_count=286 995 297 49 50 44 84 293 56 254 56 237 23 47 238
internal_value=-0.00226578 -0.00962173 -0.0175389 -0.0197181 -0.000643275 7.44308e-05 0.00155455 0.00543038 0.00780236 -0.00029697 -0.005 -0.00161351 -0.00119367 0.00229323
internal_weight=3009 726 385 336 341 2283 1218 394 338 824 293 1065 1042 531
internal_count=3009 726 385 336 341 2283 1218 394 338 824 293 1065 1042 531
is_linear=0
shrinkage=0.025


Tree=221
num_leaves=15
num_cat=0
split_feature=13 8 22 6 30 16 13 5 4 22 5 31 5 6
split_gain=86.7691 82.5209 20.1227 12.6738 10.8843 9.00048 8.77252 11.1426 8.50126 7.26731 7.04059 6.78722 6.6229 5.56064
threshold=1.0000000180025095e-35 1.0000000180025095e-35 12.500000000000002 1.0000000180025095e-35 345.00000000000006 1.0000000180025095e-35 857.50000000000011 573.00000000000011 23.500000000000004 367.00000000000006 46.500000000000007 141.50000000000003 1.0000000180025095e-35 488.00000000000006
decision_type=2 2 10 2 10 2 2 2 2 10 2 8 2 2
left_child=1 2 3 -1 9 -5 7 13 -9 11 -6 -3 -4 -2
right_child=6 4 12 5 10 -7 -8 8 -10 -11 -12 -13 -14 -15
leaf_value=-0.0023414316517008757 4.8075526761309778e-06 -3.1767619110609529e-05 -0.020634385963395365 0.0017809702966449681 -0.022507187208941608 -0.0029500063260390797 2.0818253353446154 -0.118707291939063 0.4351004907720139 0.0017874988201146509 0.0072640166260683264 0.010599627936647949 0.033045598071786024 0.95394261724825213
leaf_weight=286 2178 238 26 25 26 25 34 34 18 40 18 19 23 19
leaf_count=286 2178 238 26 25 26 25 34 34 18 40 18 19 23 19
internal_value=-0.00209967 -0.00962173 -0.0175389 -0.0197181 -0.000643275 -0.0077451 0.000293345 9.77778e-05 -0.0112264 0.00107383 -0.0121111 -0.000465116 -0.0024 0.000373066
internal_weight=3009 726 385 336 341 50 2283 2249 52 297 44 257 49 2197
internal_count=3009 726 385 336 341 50 2283 2249 52 297 44 257 49 2197
is_linear=0
shrinkage=0.025


Tree=222
num_leaves=15
num_cat=0
split_feature=13 14 7 38 39 11 40 13 5 4 40 0 24 6
split_gain=87.9768 73.2576 21.2884 9.08451 16.3096 12.1584 9.78232 8.77252 11.1426 8.50126 6.2048 5.97971 8.17578 5.56064
threshold=1.0000000180025095e-35 1.0000000180025095e-35 1.0000000180025095e-35 253.00000000000003 97.500000000000014 120.00000000000001 22.500000000000004 857.50000000000011 573.00000000000011 23.500000000000004 8.5000000000000018 46.500000000000007 33.500000000000007 488.00000000000006
decision_type=2 2 2 10 10 2 10 2 2 2 8 2 8 2
left_child=1 2 11 4 6 -5 -3 8 13 -10 -4 12 -1 -2
right_child=7 3 10 5 -6 -7 -8 -9 9 -11 -12 -13 -14 -15
leaf_value=-0.0022809135399345253 4.6873638592265234e-06 0.00067181019861128899 0.0036198293058165576 -0.023077764475704782 0.18767308482668082 0.83152605623957754 -0.0045731663730048666 2.0297797019610018 -0.11573960964058756 0.42422297850271351 -0.0041132646745597251 -0.0022828958604083536 -0.0046866150126256825 0.93009405181704496
leaf_weight=110 2178 118 31 34 38 19 95 34 34 18 26 223 32 19
leaf_count=110 2178 118 31 34 38 19 95 34 34 18 26 223 32 19
internal_value=-0.00211628 -0.00969051 -0.0164184 -0.000311475 0.00166667 -0.00962963 -0.00102804 0.000293345 9.77778e-05 -0.0112264 -0.00206897 -0.0186339 -0.0143007 0.000373066
internal_weight=3009 726 422 304 251 53 213 2283 2249 52 57 365 142 2197
internal_count=3009 726 422 304 251 53 213 2283 2249 52 57 365 142 2197
is_linear=0
shrinkage=0.025


Tree=223
num_leaves=15
num_cat=0
split_feature=13 8 22 30 13 5 7 4 33 33 5 35 33 31
split_gain=79.6981 94.2172 17.7701 11.1 8.77252 11.1426 8.63214 8.50126 7.63906 8.57451 6.56439 6.47368 6.24975 5.49024
threshold=1.0000000180025095e-35 1.0000000180025095e-35 12.500000000000002 376.00000000000006 857.50000000000011 573.00000000000011 1.0000000180025095e-35 23.500000000000004 0.78858201848525866 0.94656402699537623 46.500000000000007 1.5000000000000002 0.69871683075617119 575.00000000000011
decision_type=2 2 10 10 2 2 2 2 2 2 2 8 2 10
left_child=1 2 6 8 5 13 -1 -7 12 -10 -5 -4 -3 -2
right_child=4 3 11 10 -6 7 -8 -9 9 -11 -12 -13 -14 -15
leaf_value=-0.0022258234638981452 4.5701797627445419e-06 0.001602424215007936 -0.03024006182699128 -0.021367563416825448 1.9790352094119783 -0.11284611939957188 -0.0044951948228665276 0.41361740404014569 0.00089834855547645692 -0.0040970899057857224 0.0050249747060293615 0.023916869289125044 -0.008925334090984045 0.19222621709414406
leaf_weight=310 2138 100 20 24 34 34 26 18 86 20 18 29 93 59
leaf_count=310 2138 100 20 24 34 34 26 18 86 20 18 29 93 59
internal_value=-0.002 -0.00920908 -0.0176684 0.000350877 0.000293345 9.77778e-05 -0.0197181 -0.0112264 0.00206667 0.00742991 -0.0115116 -0.0034 -0.000876289 0.000373066
internal_weight=3009 726 385 341 2283 2249 336 52 299 106 42 49 193 2197
internal_count=3009 726 385 341 2283 2249 336 52 299 106 42 49 193 2197
is_linear=0
shrinkage=0.025


Tree=224
num_leaves=15
num_cat=0
split_feature=13 8 22 25 6 25 16 13 5 4 33 5 6 4
split_gain=75.1511 97.4801 20.1227 15.8691 12.6738 10.5012 9.00048 8.77252 11.1426 8.50126 8.21333 6.6229 5.56064 5.36973
threshold=1.0000000180025095e-35 1.0000000180025095e-35 12.500000000000002 0.98027155096468965 1.0000000180025095e-35 0.95582080970229022 1.0000000180025095e-35 857.50000000000011 573.00000000000011 23.500000000000004 0.89909556284690051 1.0000000180025095e-35 488.00000000000006 10.500000000000002
decision_type=2 2 10 2 2 2 2 2 2 2 2 2 2 2
left_child=1 2 4 5 -1 10 -6 8 12 -10 -3 -4 -2 -7
right_child=7 3 11 -5 6 13 -8 -9 9 -11 -12 -13 -14 -15
leaf_value=-0.0021701778773006914 4.4559252686759981e-06 -0.0018071040923249627 -0.02001937261582061 0.00046384757153760222 0.0018491640223365063 -0.014514011526383916 -0.0027635381847804404 1.9295593291766808 -0.11002496641458209 0.40327696893914294 0.00087588984158954548 0.033092625040981795 0.90684158626712597 -0.002163527517485431
leaf_weight=286 2178 227 26 42 25 21 25 34 34 18 30 23 19 21
leaf_count=286 2178 227 26 42 25 21 25 34 34 18 30 23 19 21
internal_value=-0.00193355 -0.00893398 -0.0175389 0.000789474 -0.0197181 -0.00123333 -0.0077451 0.000293345 9.77778e-05 -0.0112264 0.000658915 -0.0024 0.000373066 -0.0126744
internal_weight=3009 726 385 341 336 299 50 2283 2249 52 257 49 2197 42
internal_count=3009 726 385 341 336 299 50 2283 2249 52 257 49 2197 42
is_linear=0
shrinkage=0.025


Tree=225
num_leaves=15
num_cat=0
split_feature=13 8 10 25 12 30 16 13 5 4 6 36 20 9
split_gain=75.1511 100.435 16.4244 15.5471 9.28695 12.1517 9.21157 8.77252 11.1426 8.50126 5.56064 5.56016 4.64529 3.96934
threshold=1.0000000180025095e-35 1.0000000180025095e-35 1.0000000180025095e-35 0.98027155096468965 312.50000000000006 376.00000000000006 1.5000000000000002 857.50000000000011 573.00000000000011 23.500000000000004 488.00000000000006 33.500000000000007 1008.5000000000001 1.0000000180025095e-35
decision_type=2 2 2 2 2 10 2 2 2 2 2 10 8 2
left_child=1 2 11 4 5 -3 -4 8 10 -10 12 13 -2 -1
right_child=7 3 6 -5 -6 -7 -8 -9 9 -11 -12 -13 -14 -15
leaf_value=-0.0021159234303681743 8.1708684374426363e-05 -0.00012750131833700885 0.0050073614311431595 0.00045225138224916215 3.1490760427799884 -0.020516597701400033 -0.0077412203834867667 1.8813203459472618 -0.10727434225421746 0.3931950447156638 0.88417054661044858 -0.002761564811098338 -0.0048107357159959396 -0.0064987701419803095
leaf_weight=287 2111 240 33 42 21 38 18 34 34 18 19 23 67 24
leaf_count=287 2111 240 33 42 21 38 18 34 34 18 19 23 67 24
internal_value=-0.00193355 -0.00893398 -0.0176684 0.000935673 -0.00106667 -0.00231183 -0.00423077 0.000293345 9.77778e-05 -0.0112264 0.000373066 -0.0196866 0.000250115 -0.0205769
internal_weight=3009 726 385 341 299 278 51 2283 2249 52 2197 334 2178 311
internal_count=3009 726 385 341 299 278 51 2283 2249 52 2197 334 2178 311
is_linear=0
shrinkage=0.025


Tree=226
num_leaves=15
num_cat=0
split_feature=13 8 22 25 25 13 5 4 33 35 37 31 32 4
split_gain=74.8462 98.8618 17.7701 15.8691 10.5012 8.89811 10.9671 8.50126 8.21333 6.47368 6.0929 5.62658 6.63002 5.36973
threshold=1.0000000180025095e-35 1.0000000180025095e-35 12.500000000000002 0.98027155096468965 0.95582080970229022 857.50000000000011 573.00000000000011 23.500000000000004 0.89909556284690051 1.5000000000000002 40.500000000000007 575.00000000000011 93.500000000000014 10.500000000000002
decision_type=2 2 10 2 2 2 2 2 2 8 10 10 8 2
left_child=1 2 10 4 8 6 11 -8 -3 -4 -1 12 -2 -6
right_child=5 3 9 -5 13 -7 7 -9 -10 -11 -12 -13 -14 -15
leaf_value=-0.0020630253446089698 0.00018945484400489931 -0.0017587389570586254 -0.029683618911640688 0.00044094509769293305 -0.018824352153723498 1.8342873372985822 -0.10459248369786281 0.38336516859777281 0.00085718012850823219 0.02369424783651386 -0.0026925256908208795 0.18741840755154923 -0.011793451541154099 -0.0021062517965899199
leaf_weight=314 1751 227 20 42 21 34 34 18 30 29 22 59 387 21
leaf_count=314 1751 227 20 42 21 34 34 18 30 29 22 59 387 21
internal_value=-0.00201661 -0.00900275 -0.0176684 0.000789474 -0.00123333 0.000205779 8.88889e-06 -0.0112264 0.000658915 -0.0034 -0.0197181 0.000282075 6.77887e-05 -0.0126744
internal_weight=3009 726 385 341 299 2283 2249 52 257 49 336 2197 2138 42
internal_count=3009 726 385 341 299 2283 2249 52 257 49 336 2197 2138 42
is_linear=0
shrinkage=0.025


Tree=227
num_leaves=15
num_cat=0
split_feature=13 8 13 25 10 25 0 16 13 9 4 6 9 14
split_gain=71.2021 79.3969 20.7947 16.2891 16.103 10.1282 11.6807 9.21157 8.87184 10.2931 8.26301 7.96233 6.38279 5.71819
threshold=1.5000000000000002 1.0000000180025095e-35 1.0000000180025095e-35 0.98027155096468965 1.0000000180025095e-35 0.95582080970229022 79.500000000000014 1.5000000000000002 857.50000000000011 611.50000000000011 23.500000000000004 488.00000000000006 1.0000000180025095e-35 4.5000000000000009
decision_type=2 2 2 2 2 2 2 2 2 2 2 2 2 2
left_child=1 2 4 5 12 6 -3 -6 9 11 -11 13 -1 -2
right_child=8 3 -4 -5 7 -7 -8 -9 -10 10 -12 -13 -14 -15
leaf_value=-0.0020114497109937454 -0.00015434453979263908 -0.0046262157949010898 -2.4345610725229342e-06 0.00042992147025060977 0.0049337530289798072 -0.013167637491846233 0.0029442147893519567 -0.0074961142402843713 1.7884301538661191 -0.10207196355050883 0.37378103938282981 0.86236111923371661 -0.0086325214076234443 0.0034625756975882774
leaf_weight=304 1563 205 108 42 33 42 77 18 34 33 18 19 30 483
leaf_count=304 1563 205 108 42 33 42 77 18 34 33 18 19 30 483
internal_value=-0.00219934 -0.00827907 -0.0148178 0.000531335 -0.0175389 -0.00136923 0.000335689 -0.00423077 0.000230126 2.12565e-05 -0.0109615 0.000300097 -0.0195373 0.000144113
internal_weight=3009 859 493 366 385 324 282 51 2150 2116 51 2065 334 2046
internal_count=3009 859 493 366 385 324 282 51 2150 2116 51 2065 334 2046
is_linear=0
shrinkage=0.025


Tree=228
num_leaves=15
num_cat=0
split_feature=13 8 13 22 25 6 25 0 13 9 14 4 38 5
split_gain=69.2698 82.2412 20.7947 20.1227 15.6866 12.6738 10.6811 10.709 8.87184 10.2476 7.94022 7.95223 7.36263 6.6229
threshold=1.5000000000000002 1.0000000180025095e-35 1.0000000180025095e-35 12.500000000000002 0.98027155096468965 1.0000000180025095e-35 0.95582080970229022 79.500000000000014 857.50000000000011 640.50000000000011 235.50000000000003 23.500000000000004 21.500000000000004 1.0000000180025095e-35
decision_type=2 2 2 10 2 2 2 2 2 2 2 2 10 2
left_child=1 2 3 5 6 -1 7 -3 9 10 11 -2 -12 -5
right_child=8 4 -4 13 -6 -7 -8 -9 -10 -11 12 -13 -14 -15
leaf_value=-0.0019611634682189017 -0.00030104118970850638 -0.0045105604000285626 -2.3736970457099995e-06 -0.019516692928470518 0.00041917343349434454 -0.002047040745832081 -0.012838446554550076 0.0028706094196181589 1.7437194000194667 -0.16633381226177166 -0.16600217609576051 0.0096716093959276113 1.1521112626579986 0.033110584216282317
leaf_weight=286 1554 205 108 26 42 50 42 77 34 27 25 460 50 23
leaf_count=286 1554 205 108 26 42 50 42 77 34 27 25 460 50 23
internal_value=-0.00216611 -0.00816279 -0.0148178 -0.0175389 0.000803815 -0.0197181 -0.00106154 0.000689046 0.000230126 2.12565e-05 0.00022488 -7.19603e-05 0.00815789 -0.0024
internal_weight=3009 859 493 385 366 336 324 282 2150 2116 2089 2014 75 49
internal_count=3009 859 493 385 366 336 324 282 2150 2116 2089 2014 75 49
is_linear=0
shrinkage=0.025


Tree=229
num_leaves=15
num_cat=0
split_feature=13 8 13 22 25 25 0 7 9 9 32 4 5 30
split_gain=72.57 80.4465 21.2323 17.7701 11.4723 10.6811 10.709 8.63214 8.08764 7.35057 15.6677 6.2013 5.96573 5.48934
threshold=1.5000000000000002 1.0000000180025095e-35 1.0000000180025095e-35 12.500000000000002 0.98027155096468965 0.95582080970229022 79.500000000000014 1.0000000180025095e-35 1105.0000000000002 611.50000000000011 143.50000000000003 11.500000000000002 3.5000000000000004 238.00000000000003
decision_type=2 2 2 10 2 2 2 2 2 2 10 2 2 10
left_child=1 2 3 7 5 6 -3 -1 9 13 -11 -6 -5 -2
right_child=8 4 -4 12 11 -7 -8 -9 -10 10 -12 -13 -14 -15
leaf_value=-0.0019121343815134294 5.5166137927997743e-06 -0.0043977963900278527 -2.3143546195647516e-06 -0.016907248393683707 5.7435429247496746e-06 -0.012517485390686324 0.0027988441841277053 -0.0041736039551466377 1.7001264150189799 -0.10674938800731582 1.6986231058754684 0.55872928029718594 0.042711640412211073 0.10434747298999306
leaf_weight=310 1987 205 108 31 24 42 77 26 22 41 20 18 18 80
leaf_count=310 1987 205 108 31 24 42 77 26 22 41 20 18 18 80
internal_value=-0.00219934 -0.00833721 -0.014919 -0.0176684 0.000531335 -0.00106154 0.000689046 -0.0197181 0.000253371 9.15923e-05 -0.0083871 0.0126744 -0.0034 0.000348162
internal_weight=3009 859 493 385 366 324 282 336 2150 2128 61 42 49 2067
internal_count=3009 859 493 385 366 324 282 336 2150 2128 61 42 49 2067
is_linear=0
shrinkage=0.025


Tree=230
num_leaves=15
num_cat=0
split_feature=13 8 13 22 6 30 39 35 13 6 5 5 28 16
split_gain=75.949 72.4611 25.2078 19.3549 12.5544 11.1133 8.19212 9.81053 8.19146 7.40508 6.89685 6.75158 11.6603 8.21134
threshold=1.5000000000000002 1.5000000000000002 1.0000000180025095e-35 12.500000000000002 1.0000000180025095e-35 376.00000000000006 84.500000000000014 533.50000000000011 1105.0000000000002 29.500000000000004 3.5000000000000004 551.00000000000011 241.00000000000003 591.00000000000011
decision_type=2 2 2 10 2 10 8 8 2 2 2 2 10 2
left_child=1 2 3 4 -1 6 9 -8 11 -3 -5 -2 13 -13
right_child=8 5 -4 10 -6 -7 7 -9 -10 -11 -12 12 -14 -15
leaf_value=-0.0018643310219755935 0.00019596520079687708 -0.0056786674889676564 -2.2564957540771592e-06 -0.01752538269629669 -0.0021779687976614739 -0.017390654113953345 0.0066933726554150759 -0.060383259842945285 1.6576232546435052 0.00062040891546808093 0.041643849401905797 -0.029351321837862088 -0.096843903731820558 0.85186918448124804
leaf_weight=298 2049 148 115 34 54 42 73 20 22 56 19 25 33 21
leaf_count=298 2049 148 115 34 54 42 73 20 22 56 19 25 33 21
internal_value=-0.00234884 -0.00862791 -0.0144818 -0.0174138 -0.0195326 0.000352941 0.00208054 0.00819149 0.000160391 -0.000707317 -0.00314815 0 -0.007125 0.000957447
internal_weight=3009 859 520 405 352 339 297 93 2150 204 53 2128 79 46
internal_count=3009 859 520 405 352 339 297 93 2150 204 53 2128 79 46
is_linear=0
shrinkage=0.025


Tree=231
num_leaves=15
num_cat=0
split_feature=13 8 13 22 6 30 9 4 4 32 6 6 40 22
split_gain=82.0965 64.0791 25.2078 19.3549 12.5544 9.53101 8.19146 7.27022 17.6361 27.9474 17.4974 12.3417 10.4101 7.26731
threshold=1.5000000000000002 1.5000000000000002 1.0000000180025095e-35 12.500000000000002 1.0000000180025095e-35 376.00000000000006 1105.0000000000002 23.500000000000004 15.500000000000002 93.500000000000014 81.500000000000014 139.50000000000003 7.5000000000000009 367.00000000000006
decision_type=2 2 2 10 2 10 2 2 2 10 2 2 8 10
left_child=1 2 3 4 -1 13 7 8 11 -10 12 -2 -9 -3
right_child=6 5 -4 -5 -6 -7 -8 10 9 -11 -12 -13 -14 -15
leaf_value=-0.0018177227464262037 6.9207862662545866e-05 -0.00016173436203374597 -2.2000833602264794e-06 -0.0029979762384238829 -0.0021235195777199374 -0.016955887761104512 1.616182673277416 -0.033349759935192333 -0.0023402178101201488 -0.07236879012879241 0.60977203729314966 0.43111544682353264 0.0082341441955526267 0.0015113046868068709
leaf_weight=298 1024 257 115 53 54 42 22 70 408 142 50 80 354 40
leaf_count=298 1024 257 115 53 54 42 22 70 408 142 50 80 354 40
internal_value=-0.0024485 -0.00897674 -0.0144818 -0.0174138 -0.0195326 -0.0005 0.000160391 0 -0.000782477 -0.00443739 0.00272632 0.0010362 0.00104706 0.00107383
internal_weight=3009 859 520 405 352 339 2150 2128 1654 550 474 1104 424 297
internal_count=3009 859 520 405 352 339 2150 2128 1654 550 474 1104 424 297
is_linear=0
shrinkage=0.025


Tree=232
num_leaves=15
num_cat=0
split_feature=13 8 22 6 30 16 9 4 6 4 30 40 0 5
split_gain=79.7438 86.1994 19.3549 12.5544 10.3775 8.96214 8.65109 8.59797 18.0385 12.35 27.1224 11.4057 10.5934 6.89685
threshold=1.0000000180025095e-35 1.5000000000000002 12.500000000000002 1.0000000180025095e-35 376.00000000000006 1.0000000180025095e-35 1105.0000000000002 23.500000000000004 81.500000000000014 15.500000000000002 1.0000000180025095e-35 297.00000000000006 27.500000000000004 3.5000000000000004
decision_type=2 2 10 2 10 2 2 2 2 2 10 10 2 2
left_child=1 2 3 -1 -3 -5 7 9 12 11 -11 -2 -9 -4
right_child=6 4 13 5 -6 -7 -8 8 -10 10 -12 -13 -14 -15
leaf_value=-0.0017722796777655484 -2.1450812762224824e-06 0.00027023271734512793 -0.017012298722928677 0.0024393094317015848 -0.016531990567076899 -0.0030709629057740569 1.5757781064454832 -0.018545826851106152 0.59452773636082057 -0.036718113619228034 0.002604801589615441 0.9198645903223337 0.0072528259722987268 0.040677702572818664
leaf_weight=298 1155 279 34 25 42 29 22 108 50 273 292 37 346 19
leaf_count=298 1155 279 34 25 42 29 22 108 50 273 292 37 346 19
internal_value=-0.00254817 -0.00975928 -0.0174138 -0.0195326 -6.21118e-05 -0.00809091 -0.000249562 -0.00040672 0.00246535 -0.00123436 -0.00427562 0.000205365 0.000868132 -0.00314815
internal_weight=3009 726 405 352 321 54 2283 2261 504 1757 565 1192 454 53
internal_count=3009 726 405 352 321 54 2283 2261 504 1757 565 1192 454 53
is_linear=0
shrinkage=0.025


Tree=233
num_leaves=15
num_cat=0
split_feature=13 8 9 10 24 30 9 4 6 5 40 40 0 4
split_gain=84.4113 66.7488 20.1525 15.5179 15.5548 9.53101 8.24213 7.5235 17.4974 12.5604 13.3248 10.4101 6.89177 6.92502
threshold=1.5000000000000002 1.5000000000000002 1.0000000180025095e-35 1.0000000180025095e-35 1.0000000180025095e-35 376.00000000000006 1105.0000000000002 23.500000000000004 81.500000000000014 620.50000000000011 1.0000000180025095e-35 7.5000000000000009 75.500000000000014 11.500000000000002
decision_type=2 2 2 2 10 10 2 2 2 2 8 8 2 2
left_child=1 2 3 -1 -5 12 7 9 11 10 -2 -9 -3 -14
right_child=6 5 -4 4 -6 -7 -8 8 -10 -11 -12 -13 13 -15
leaf_value=-0.0017279726858214096 0.000466646880263788 -0.0023194281797609666 -0.00039744859483896726 0.010173579294467081 -0.0070755206018797701 -0.016118690802899977 1.536383653784344 -0.032697336586119993 0.57966454295179948 -0.094330190762968877 -0.01364034101524121 0.0081694531016489186 -0.00016444682091653053 0.02912187698468735
leaf_weight=320 1057 173 154 22 24 42 22 70 50 40 557 354 46 78
leaf_count=320 1057 173 154 22 24 42 22 70 50 40 557 354 46 78
internal_value=-0.00253156 -0.00915116 -0.0147697 -0.01797 -0.00414894 -0.0005 0.000113901 -4.46219e-05 0.00272632 -0.0008429 -0.00049226 0.00104706 0.00107383 0.00556
internal_weight=3009 859 520 366 46 339 2150 2128 474 1654 1614 424 297 124
internal_count=3009 859 520 366 46 339 2150 2128 474 1654 1614 424 297 124
is_linear=0
shrinkage=0.025


Tree=234
num_leaves=15
num_cat=0
split_feature=13 8 10 40 30 9 9 32 5 9 14 13 17 17
split_gain=83.4111 84.979 17.4385 20.5018 10.3775 8.32813 6.97013 15.6677 6.56439 6.34602 5.70386 6.60642 6.03649 4.58233
threshold=1.0000000180025095e-35 1.5000000000000002 1.0000000180025095e-35 2.5000000000000004 376.00000000000006 1105.0000000000002 611.50000000000011 143.50000000000003 46.500000000000007 1.0000000180025095e-35 235.50000000000003 270.50000000000006 0.57109374237288801 0.74371871553647073
decision_type=2 2 2 10 10 2 2 10 2 2 2 2 2 2
left_child=1 2 9 -4 -3 6 10 -8 -6 -1 12 -12 -2 -5
right_child=5 4 3 13 8 -7 7 -9 -10 -11 11 -13 -14 -15
leaf_value=-0.0016847733686758744 -0.0043853517128680077 0.00024261490433861904 0.01818241172065941 -0.0043311844747926879 -0.016848980479814195 1.497974062439738 -0.099302977514298618 1.6122655393681087 0.007514706252897874 -0.0081453130054939763 1.2952863769877299 0.36637304194951525 7.8447606266546243e-06 -0.0070159012217483468
leaf_weight=312 35 279 23 19 24 22 41 20 18 30 20 55 2090 21
leaf_count=312 35 279 23 19 24 22 41 20 18 30 20 55 2090 21
internal_value=-0.00231561 -0.00969051 -0.0172906 -0.005 -6.21118e-05 3.0648e-05 -0.000119363 -0.0083871 -0.0115116 -0.019519 0.000111313 0.00684211 -0.000126999 -0.0157317
internal_weight=3009 726 405 63 321 2283 2261 61 42 342 2200 75 2125 40
internal_count=3009 726 405 63 321 2283 2261 61 42 342 2200 75 2125 40
is_linear=0
shrinkage=0.025


Tree=235
num_leaves=15
num_cat=0
split_feature=13 8 22 6 30 16 9 9 32 5 5 22 12 14
split_gain=84.9738 86.1994 19.3549 12.5544 10.3775 8.96214 8.30415 7.00709 15.6677 6.89685 6.56439 6.46819 8.0941 5.66579
threshold=1.0000000180025095e-35 1.5000000000000002 12.500000000000002 1.0000000180025095e-35 376.00000000000006 1.0000000180025095e-35 1105.0000000000002 611.50000000000011 143.50000000000003 3.5000000000000004 46.500000000000007 367.00000000000006 72.500000000000014 235.50000000000003
decision_type=2 2 10 2 10 2 2 2 10 2 2 10 2 2
left_child=1 2 3 -1 11 -5 7 13 -9 -4 -6 12 -3 -2
right_child=6 4 9 5 10 -7 -8 8 -10 -11 -12 -13 -14 -15
leaf_value=-0.0016426540344589777 -1.3059292128869693e-05 0.0014776311742096758 -0.016501672603493028 0.002591895735917369 -0.016427755967818838 -0.0029088701817672736 1.4605247108787467 -0.096820403076441158 1.5719589008839066 0.038951860233120077 0.0073268385965755915 0.0014648120496175187 -0.0021472158829164557 0.53258540412285249
leaf_weight=298 2125 154 34 25 24 29 22 41 20 19 18 40 85 75
leaf_count=298 2125 154 34 25 24 29 22 41 20 19 18 40 85 75
internal_value=-0.00231561 -0.00975928 -0.0174138 -0.0195326 -6.21118e-05 -0.00809091 5.25394e-05 -9.72591e-05 -0.0083871 -0.00314815 -0.0115116 0.00167857 8.33333e-05 0.00013403
internal_weight=3009 726 405 352 321 54 2283 2261 61 53 42 279 239 2200
internal_count=3009 726 405 352 321 54 2283 2261 61 53 42 279 239 2200
is_linear=0
shrinkage=0.025


Tree=236
num_leaves=15
num_cat=0
split_feature=13 8 22 6 30 16 9 9 16 5 22 12 36 6
split_gain=83.4111 84.979 21.7016 12.5544 10.3775 8.96214 8.32813 6.97013 11.0496 6.56439 6.46819 8.0941 5.89455 5.25848
threshold=1.0000000180025095e-35 1.5000000000000002 12.500000000000002 1.0000000180025095e-35 376.00000000000006 1.0000000180025095e-35 1105.0000000000002 611.50000000000011 591.00000000000011 46.500000000000007 367.00000000000006 72.500000000000014 8.5000000000000018 488.00000000000006
decision_type=2 2 10 2 10 2 2 2 2 2 10 2 10 2
left_child=1 2 3 -1 10 -5 7 13 -9 -6 11 -3 -4 -2
right_child=6 4 12 5 9 -7 -8 8 -10 -11 -12 -13 -14 -15
leaf_value=-0.0016015876835975031 -7.0937354469557958e-06 0.0014406903948544164 -0.014269961299605317 0.0025270983425194349 -0.016017062068623366 -0.0028361484272230917 1.4240115931067807 -0.12451336031815999 0.63399992909261871 0.0071436676316613658 0.0014281917483770809 -0.0020935354858435443 0.037978063727292094 0.67099158987756768
leaf_weight=298 2179 154 32 25 24 29 22 38 23 18 40 85 21 21
leaf_count=298 2179 154 32 25 24 29 22 38 23 18 40 85 21 21
internal_value=-0.00231561 -0.00969051 -0.0172906 -0.0195326 -6.21118e-05 -0.00809091 3.0648e-05 -0.000119363 -0.0083871 -0.0115116 0.00167857 8.33333e-05 -0.00222222 0.000111313
internal_weight=3009 726 405 352 321 54 2283 2261 61 42 279 239 53 2200
internal_count=3009 726 405 352 321 54 2283 2261 61 42 279 239 53 2200
is_linear=0
shrinkage=0.025


Tree=237
num_leaves=15
num_cat=0
split_feature=13 8 22 4 6 4 16 9 35 7 9 32 5 6
split_gain=89.4154 80.104 19.3549 12.7736 12.5544 12.0836 8.96214 8.32813 7.47914 7.96047 6.97013 15.6677 6.89685 5.25848
threshold=1.0000000180025095e-35 1.5000000000000002 12.500000000000002 10.500000000000002 1.0000000180025095e-35 4.5000000000000009 1.0000000180025095e-35 1105.0000000000002 661.00000000000011 318.50000000000006 611.50000000000011 143.50000000000003 3.5000000000000004 488.00000000000006
decision_type=2 2 10 2 2 2 2 2 10 2 2 10 2 2
left_child=1 2 4 5 -1 -3 -6 10 9 -5 13 -12 -4 -2
right_child=7 3 12 8 6 -7 -8 -9 -10 -11 11 -13 -14 -15
leaf_value=-0.0015615479915075657 -6.9163920607795422e-06 0.0019462287568461714 -0.017038582381588004 0.0019194840128389597 0.0024639208839564489 -0.0041454659397379091 -0.0027652447165425146 1.3884113032791108 -0.16420701010760458 3.0704337990073469 -0.09128705899157695 1.5168099301344924 0.037028612134109816 0.65421680013062944
leaf_weight=298 2179 20 34 206 25 58 29 22 18 19 41 20 19 21
leaf_count=298 2179 20 34 206 25 58 29 22 18 19 41 20 19 21
internal_value=-0.00239867 -0.0100344 -0.0174138 -0.00068323 -0.0195326 -0.00943038 -0.00809091 3.0648e-05 0.00213115 0.00340708 -0.000119363 -0.0083871 -0.00314815 0.000111313
internal_weight=3009 726 405 321 352 78 54 2283 243 225 2261 61 53 2200
internal_count=3009 726 405 321 352 78 54 2283 243 225 2261 61 53 2200
is_linear=0
shrinkage=0.025


Tree=238
num_leaves=15
num_cat=0
split_feature=13 8 22 30 19 6 9 9 32 4 5 40 24 19
split_gain=76.4815 97.367 19.3549 13.5668 16.6522 12.5544 8.32813 6.97013 15.6677 6.91287 6.89685 6.03492 8.02671 5.99876
threshold=1.0000000180025095e-35 1.5000000000000002 12.500000000000002 80.500000000000014 8.5000000000000018 1.0000000180025095e-35 1105.0000000000002 611.50000000000011 143.50000000000003 16.500000000000004 3.5000000000000004 72.500000000000014 219.50000000000003 104.50000000000001
decision_type=2 2 10 10 10 2 2 2 10 2 2 8 10 10
left_child=1 2 5 11 -5 -1 7 -2 -9 -7 -4 12 -3 -6
right_child=6 3 10 4 13 9 -8 8 -10 -11 -12 -13 -14 -15
leaf_value=-0.0015225092917198766 8.3253771019031749e-06 -0.0024896646778303833 -0.016612617822048308 -0.017839567725433721 0.0330160594899769 -0.0028039044372945693 1.3537010206971332 -0.089004882516786676 1.4788896818811297 0.00076496001793325804 0.036102896830757118 0.0016723137335502862 0.00058971760893560942 -0.019915946919148511
leaf_weight=298 2200 123 34 32 20 24 22 41 20 30 19 65 28 53
leaf_count=298 2200 123 34 32 20 24 22 41 20 30 19 65 28 53
internal_value=-0.00221595 -0.00927785 -0.0174138 0.000993789 -0.00632075 -0.0195326 3.0648e-05 -0.000119363 -0.0083871 -0.00809091 -0.00314815 0.00458525 0.00177632 0.00027027
internal_weight=3009 726 405 321 105 352 2283 2261 61 54 53 216 151 73
internal_count=3009 726 405 321 105 352 2283 2261 61 54 53 216 151 73
is_linear=0
shrinkage=0.025


Tree=239
num_leaves=15
num_cat=0
split_feature=13 8 22 30 19 6 16 9 5 0 19 19 19 29
split_gain=79.4367 95.7305 19.3549 12.9981 16.6522 12.5544 8.96214 8.20855 6.89685 6.49923 5.99876 5.77254 5.43216 12.3835
threshold=1.0000000180025095e-35 1.5000000000000002 12.500000000000002 80.500000000000014 8.5000000000000018 1.0000000180025095e-35 1.0000000180025095e-35 1105.0000000000002 3.5000000000000004 2.5000000000000004 104.50000000000001 151.50000000000003 982.50000000000011 661.00000000000011
decision_type=2 2 10 10 10 2 2 2 2 2 10 10 10 10
left_child=1 2 5 11 -5 -1 -7 9 -4 -2 -6 -3 13 -11
right_child=7 3 8 4 10 6 -8 -9 -10 12 -12 -13 -14 -15
leaf_value=-0.0014844465594268795 -0.079448718933463169 7.1590068722334746e-05 -0.016197302376497101 -0.017393578532297876 0.032190658002727426 0.0023831988614092061 -0.0026260159876965871 1.3198584951797045 0.035200324409988153 -5.2693439594186933e-07 -0.019418048246169797 0.28198203370107539 -0.050643859575973948 0.011587893303184061
leaf_weight=298 38 189 34 32 20 25 29 22 19 2102 53 27 48 73
leaf_count=298 38 189 34 32 20 25 29 22 19 2102 53 27 48 73
internal_value=-0.0021495 -0.00934663 -0.0174138 0.000838509 -0.00632075 -0.0195326 -0.00809091 0.000140105 -0.00314815 -8.84173e-06 0.00027027 0.00435484 0.000166367 0.00035386
internal_weight=3009 726 405 321 105 352 54 2283 53 2261 73 216 2223 2175
internal_count=3009 726 405 321 105 352 54 2283 53 2261 73 216 2223 2175
is_linear=0
shrinkage=0.025


Tree=240
num_leaves=15
num_cat=0
split_feature=13 8 22 30 7 9 5 0 22 4 4 16 4 33
split_gain=77.5636 80.4977 25.5993 10.6604 8.81365 8.25628 6.56439 6.44329 6.21533 5.3741 16.5139 13.8187 5.29305 5.03151
threshold=1.0000000180025095e-35 1.5000000000000002 12.500000000000002 376.00000000000006 1.0000000180025095e-35 1105.0000000000002 46.500000000000007 2.5000000000000004 367.00000000000006 22.500000000000004 15.500000000000002 125.50000000000001 19.500000000000004 0.69871683075617119
decision_type=2 2 10 10 2 2 2 2 10 2 2 2 2 2
left_child=1 2 4 8 -1 7 -5 -2 13 10 -9 -11 -6 -3
right_child=5 3 -4 6 12 -7 -8 9 -10 11 -12 -13 -14 -15
leaf_value=-0.0014473353954412077 -0.077462500960126593 0.0035375424855638828 -0.00036400012556848661 -0.014632170211971047 -0.012954705109373833 1.2868620328002125 0.0079004387196812687 0.00025230095554695797 0.001403444727512352 0.00026255926355078649 -0.02413100279111316 0.54325745373827206 0.0023712485135392565 -0.0012347818213460648
leaf_weight=315 38 86 53 24 19 22 18 1178 40 458 468 119 18 153
leaf_count=315 38 86 53 24 19 22 18 1178 40 458 468 119 18 153
internal_value=-0.00216611 -0.00927785 -0.0166749 6.21118e-05 -0.0191076 9.63222e-05 -0.0115116 -5.30504e-05 0.00185714 0.000121403 -0.000604129 0.00219723 -0.00710526 0.000291667
internal_weight=3009 726 405 321 352 2283 42 2261 279 2223 1646 577 37 239
internal_count=3009 726 405 321 352 2283 42 2261 279 2223 1646 577 37 239
is_linear=0
shrinkage=0.025


Tree=241
num_leaves=15
num_cat=0
split_feature=9 8 6 22 4 39 39 25 39 5 4 32 4 4
split_gain=56.89 81.8136 19.8532 19.9241 15.1923 14.7879 15.1423 13.5669 12.9825 8.81539 13.3413 8.32175 11.8875 18.3323
threshold=1.0000000180025095e-35 1.5000000000000002 1.0000000180025095e-35 40.500000000000007 20.500000000000004 224.00000000000003 63.500000000000007 0.83282756405733016 19.500000000000004 667.00000000000011 10.500000000000002 74.000000000000014 23.500000000000004 15.500000000000002
decision_type=2 2 2 10 2 10 8 2 10 2 2 10 2 2
left_child=1 2 3 -1 -4 6 8 -7 -3 11 -11 -2 13 -13
right_child=9 5 4 -5 -6 7 -8 -9 -10 10 -12 12 -14 -15
leaf_value=-0.0014111520105551773 7.8465129452354179e-05 0.00076719822821638142 -0.0054509738019803532 0.00021207103249528856 0.030631012245645517 0.13625511143470667 0.0035050140923695849 -0.016592934813691153 -0.022068672642288692 1.254690481980208 -0.025244366043429525 0.0035723021870529338 0.029834227138896899 -0.06100022915354722
leaf_weight=300 1660 137 50 31 30 21 86 38 61 23 33 141 222 176
leaf_count=300 1660 137 50 31 30 21 86 38 61 23 33 141 222 176
internal_value=-0.00213289 -0.00807285 -0.0155825 -0.0182831 -0.00425926 0.000930233 0.00331579 -0.0103333 -0.000477387 -0.000141844 0.0095614 -0.000395455 -0.00309259 -0.00619497
internal_weight=3009 754 411 331 80 343 284 59 198 2255 56 2199 539 317
internal_count=3009 754 411 331 80 343 284 59 198 2255 56 2199 539 317
is_linear=0
shrinkage=0.025


Tree=242
num_leaves=15
num_cat=0
split_feature=13 22 13 6 12 24 4 30 0 0 9 9 13 14
split_gain=78.3808 55.2928 12.1774 15.0719 14.0968 13.5248 11.1998 10.3495 9.36623 10.1955 8.29294 7.63347 8.68683 11.9226
threshold=1.5000000000000002 11.500000000000002 1.0000000180025095e-35 1.0000000180025095e-35 4.5000000000000009 1.0000000180025095e-35 10.500000000000002 376.00000000000006 76.500000000000014 29.500000000000004 1105.0000000000002 6.5000000000000009 16.500000000000004 7.5000000000000009
decision_type=2 10 2 2 2 10 2 10 2 2 2 2 2 2
left_child=1 2 3 4 -1 -5 7 -3 9 -8 11 -2 13 -13
right_child=10 6 -4 5 -6 -7 8 -9 -10 -11 -12 12 -14 -15
leaf_value=-0.0013758732102912979 0.0016950480178085593 -8.0100841742337296e-06 -8.1181657693468745e-05 0.0032102466539706055 -0.0013689761890589276 -0.0029571341701783542 0.081070832060293446 -0.014984799533316207 0.03436469510314151 -0.009899526370248957 1.2233232199307054 -0.0015657826012034359 1.1696313404030434e-05 0.037387851152768374
leaf_weight=308 388 50 120 26 44 41 55 21 95 99 22 272 1433 35
leaf_count=308 388 50 120 26 44 41 55 21 95 99 22 272 1433 35
internal_value=-0.00248173 -0.00886047 -0.0137407 -0.0157619 -0.0178329 -0.00470588 -0.000607477 -0.00930556 0.00188 -0.00190323 6.74105e-05 -9.15923e-05 -0.000801264 -0.00461039
internal_weight=3009 859 539 419 352 67 320 71 249 154 2150 2128 1740 307
internal_count=3009 859 539 419 352 67 320 71 249 154 2150 2128 1740 307
is_linear=0
shrinkage=0.025


Tree=243
num_leaves=15
num_cat=0
split_feature=9 8 6 22 4 38 39 22 39 9 23 9 16 35
split_gain=64.4133 74.5409 20.2876 16.9868 15.1923 10.4314 11.8243 11.0652 8.49734 8.47837 7.11914 6.51541 15.0588 14.9967
threshold=1.0000000180025095e-35 1.5000000000000002 1.0000000180025095e-35 40.500000000000007 20.500000000000004 227.50000000000003 96.500000000000014 214.50000000000003 19.500000000000004 1105.0000000000002 41.500000000000007 179.50000000000003 175.50000000000003 229.00000000000003
decision_type=2 2 2 10 2 10 8 10 10 2 8 2 2 10
left_child=1 2 3 -1 10 6 8 -7 -3 11 -4 12 -2 -13
right_child=9 5 4 -5 -6 7 -8 -9 -10 -11 -12 13 -14 -15
leaf_value=-0.0013414763800340154 1.8908053516036861e-06 0.00066776210616170673 -0.012198435888922178 -0.00055503860289626286 0.029822860739059168 -0.016996803365048635 0.035447237057647955 0.27582917910885352 -0.0054605239210578915 1.1927401394324364 4.4664522997364937e-05 -0.078590876340396687 0.59729287966562949 0.046451386508896068
leaf_weight=300 1784 137 32 31 30 34 48 20 104 22 18 205 42 202
leaf_count=300 1784 137 32 31 30 34 48 20 104 22 18 205 42 202
internal_value=-0.00221595 -0.00853642 -0.0157039 -0.0184337 -0.00425926 5.81395e-05 0.00196552 -0.00990909 -0.000289256 -9.75177e-05 -0.0126471 -0.000255148 0.000380405 -0.00311275
internal_weight=3009 754 411 331 80 343 289 54 241 2255 50 2233 1826 407
internal_count=3009 754 411 331 80 343 289 54 241 2255 50 2233 1826 407
is_linear=0
shrinkage=0.025


Tree=244
num_leaves=15
num_cat=0
split_feature=13 8 6 30 33 25 4 24 33 33 9 9 4 11
split_gain=73.5798 79.3185 20.326 15.8722 12.2477 11.7764 9.59487 9.15036 8.92634 8.59039 8.45102 9.43683 15.9593 11.8392
threshold=1.0000000180025095e-35 1.5000000000000002 1.0000000180025095e-35 5.5000000000000009 0.9303720529323295 0.90756031877824905 10.500000000000002 1.0000000180025095e-35 0.71513391402665938 0.68804148313772573 1105.0000000000002 179.50000000000003 3.5000000000000004 230.50000000000003
decision_type=2 2 2 10 2 2 2 10 2 2 2 2 2 2
left_child=1 2 3 -1 5 8 -6 -4 -3 -5 11 -2 -13 -14
right_child=10 4 7 9 6 -7 -8 -9 -10 -11 -12 12 13 -15
leaf_value=-0.0013079394705331651 3.1613723455210795e-05 0.0038621862104895044 0.0023844189691448608 -0.0013457171876481442 -0.0067326397088494725 0.00049763941652794942 0.00084898760028733204 -0.0022067358314639672 -0.077402611264659707 0.016879980054461726 1.1629216359466228 0.86228274715752073 -0.039609321311962736 0.085125612763513922
leaf_weight=274 1872 122 21 48 28 54 28 38 89 24 22 31 249 109
leaf_count=274 1872 122 21 48 28 54 28 38 89 24 22 31 249 109
internal_value=-0.00228239 -0.00920908 -0.0165517 -0.0188617 6.21118e-05 0.00233083 -0.0104386 -0.00283333 -0.000330189 -0.00815068 -7.44308e-05 -0.000229885 -0.00376923 -0.00527855
internal_weight=3009 726 405 346 321 265 56 59 211 72 2283 2261 389 358
internal_count=3009 726 405 346 321 265 56 59 211 72 2283 2261 389 358
is_linear=0
shrinkage=0.025


Tree=245
num_leaves=15
num_cat=0
split_feature=13 8 6 22 30 19 24 40 24 9 24 9 4 35
split_gain=72.7782 87.8178 21.0718 19.9174 12.4415 16.6522 9.15036 8.61874 9.39734 8.35215 7.74297 7.30746 15.0075 12.6827
threshold=1.0000000180025095e-35 1.5000000000000002 1.0000000180025095e-35 12.500000000000002 80.500000000000014 8.5000000000000018 1.0000000180025095e-35 72.500000000000014 219.50000000000003 1105.0000000000002 57.000000000000007 179.50000000000003 3.5000000000000004 373.50000000000006
decision_type=2 2 2 10 10 10 10 8 10 2 10 2 2 10
left_child=1 2 3 -1 7 -6 -4 8 -3 11 -8 -2 -13 -14
right_child=9 4 6 -5 5 -7 10 -9 -10 -11 -12 12 13 -15
leaf_value=-0.001275240983769836 3.082338036883292e-05 -0.0027186064885325934 0.0023248084949162389 -0.0018617399056104146 -0.015210255378168515 3.5944105907503857e-05 -0.011838306595912519 0.0011441580320498317 0.00048998405713805693 1.1338485950479595 0.00014766301302169277 0.84072567847858304 -0.075497724839429028 0.00059679136688970411
leaf_weight=298 1872 123 21 48 32 73 19 65 28 22 19 31 202 156
leaf_count=298 1872 123 21 48 32 73 19 65 28 22 19 31 202 156
internal_value=-0.00218272 -0.00907153 -0.016798 -0.0191499 0.00068323 -0.00632075 -0.00283333 0.00412442 0.000789474 8.75657e-06 -0.0101282 -0.000141468 -0.00325641 -0.00472145
internal_weight=3009 726 405 346 321 105 59 216 151 2283 38 2261 389 358
internal_count=3009 726 405 346 321 105 59 216 151 2283 38 2261 389 358
is_linear=0
shrinkage=0.025


Tree=246
num_leaves=15
num_cat=0
split_feature=13 8 6 22 30 19 9 40 40 9 35 6 11 4
split_gain=70.2453 88.1426 23.363 19.9174 12.9981 16.6522 8.37655 8.13288 8.09303 7.81433 14.7804 12.6459 11.4249 9.34959
threshold=1.0000000180025095e-35 1.5000000000000002 1.0000000180025095e-35 12.500000000000002 80.500000000000014 8.5000000000000018 1105.0000000000002 2.5000000000000004 72.500000000000014 179.50000000000003 229.00000000000003 179.50000000000003 132.50000000000003 4.5000000000000009
decision_type=2 2 2 10 10 10 2 10 8 2 10 2 2 2
left_child=1 2 3 -1 8 -6 9 -4 -3 12 11 -11 -2 -12
right_child=6 4 7 -5 5 -7 -8 -9 -10 10 13 -13 -14 -15
leaf_value=-0.0012433599591755902 2.8260762221232751e-07 0.00015510683385415661 0.0022666882825433331 -0.0018151964079701538 -0.014829998993714301 3.5045503259922838e-05 1.1055023801717596 -0.0031328413023280002 0.0011155540812485859 -0.10013714357965853 1.2374672922285903 0.078698289153173215 0.64930070652023419 -0.00026762887844355987
leaf_weight=298 1795 151 19 48 32 73 22 40 65 131 24 66 77 168
leaf_count=298 1795 151 19 48 32 73 22 40 65 131 24 66 77 168
internal_value=-0.00216611 -0.00893398 -0.0166749 -0.0191499 0.000838509 -0.00632075 -8.75657e-06 -0.002 0.00435484 -0.000163572 -0.00338462 -0.00818182 0.000504538 0.0015285
internal_weight=3009 726 405 346 321 105 2283 59 216 2261 389 197 1872 192
internal_count=3009 726 405 346 321 105 2283 59 216 2261 389 197 1872 192
is_linear=0
shrinkage=0.025


Tree=247
num_leaves=15
num_cat=0
split_feature=13 8 6 22 30 39 35 39 9 9 35 6 11 32
split_gain=67.3715 90.0413 22.9687 22.4148 12.7621 9.45934 11.7556 8.8783 8.35215 7.30746 14.0228 11.9409 11.4249 8.06368
threshold=1.0000000180025095e-35 1.5000000000000002 1.0000000180025095e-35 12.500000000000002 376.00000000000006 84.500000000000014 533.50000000000011 19.500000000000004 1105.0000000000002 179.50000000000003 229.00000000000003 179.50000000000003 132.50000000000003 74.000000000000014
decision_type=2 2 2 10 10 8 8 10 2 2 10 2 2 10
left_child=1 2 3 -1 5 7 -7 -3 9 12 11 -11 13 -2
right_child=8 4 -4 -5 -6 6 -8 -9 -10 10 -12 -13 -14 -15
leaf_value=-0.0012122759601962004 0.00024131607132777956 0.00047385678486325158 -0.00050698623078184021 -0.0017698164977709018 -0.012132680161852063 0.0025747803134910361 -0.065508889055607575 -0.009402915820670002 1.0778648206674633 -0.097633714990166709 0.029241232626979752 0.076730831924343698 0.63306818885722871 -0.0093533557336971888
leaf_weight=298 1413 123 59 48 42 72 20 64 22 131 192 66 77 382
leaf_count=298 1413 123 59 48 42 72 20 64 22 131 192 66 77 382
internal_value=-0.00209967 -0.00872765 -0.0165517 -0.0190058 0.00114907 0.00310714 0.00962366 -0.000106383 8.75657e-06 -0.000141468 -0.00325641 -0.00792929 0.000504538 9.46548e-05
internal_weight=3009 726 405 346 321 279 92 187 2283 2261 389 197 1872 1795
internal_count=3009 726 405 346 321 279 92 187 2283 2261 389 197 1872 1795
is_linear=0
shrinkage=0.025


Tree=248
num_leaves=15
num_cat=0
split_feature=9 8 6 22 9 40 39 4 9 17 9 6 32 4
split_gain=62.2457 60.9126 26.7805 20.1469 16.3885 11.9929 13.7598 10.1166 8.4637 8.45895 8.03897 13.242 9.31151 7.77993
threshold=1.5000000000000002 1.0000000180025095e-35 1.5000000000000002 41.500000000000007 1.0000000180025095e-35 204.50000000000003 129.50000000000003 22.500000000000004 1105.0000000000002 0.88927610606325669 6.5000000000000009 1.5000000000000002 1.0000000180025095e-35 23.500000000000004
decision_type=2 2 2 10 2 10 10 2 2 2 2 2 10 2
left_child=1 2 3 4 -1 6 9 -4 10 -3 11 12 -2 -12
right_child=8 5 7 -5 -6 -7 -8 -9 -10 -11 13 -13 -14 -15
leaf_value=-0.0011819690611912955 0.0016450236526602048 -0.0041994916494976107 -0.0017481643147429912 0.011939078698055295 -8.680028095426896e-05 -0.012962620104792474 0.21780110535646316 0.042627674905084116 1.0509182001507782 0.00045243911319505767 -0.0013879360748095594 0.013232817691562135 -0.0029642749495772669 0.033781474032791838
leaf_weight=300 112 168 46 38 90 63 23 19 22 135 1438 49 108 398
leaf_count=300 112 168 46 38 90 63 23 19 22 135 1438 49 108 398
internal_value=-0.00239867 -0.00797848 -0.0138057 -0.0160723 -0.0177621 -0.000564103 0.00136086 0.00106061 -7.98872e-05 -6.57895e-05 -0.000246914 0.00377778 0.0011086 -0.000841045
internal_weight=3009 882 493 428 390 389 326 65 2127 303 2105 269 220 1836
internal_count=3009 882 493 428 390 389 326 65 2127 303 2105 269 220 1836
is_linear=0
shrinkage=0.025


Tree=249
num_leaves=15
num_cat=0
split_feature=13 8 6 13 22 30 9 22 31 9 4 11 4 6
split_gain=76.756 61.8154 17.2628 21.2653 19.7937 8.70181 8.26752 8.11286 10.3224 7.7547 12.2883 11.1231 9.79754 7.67409
threshold=1.5000000000000002 1.0000000180025095e-35 1.0000000180025095e-35 1.0000000180025095e-35 12.500000000000002 376.00000000000006 1105.0000000000002 367.00000000000006 141.50000000000003 179.50000000000003 3.5000000000000004 132.50000000000003 22.500000000000004 70.500000000000014
decision_type=2 2 2 2 10 10 2 10 8 2 2 2 2 2
left_child=1 2 3 4 -1 7 9 8 -3 11 -11 -2 -12 -13
right_child=6 5 -4 -5 -6 -7 -8 -9 -10 10 12 13 -14 -15
leaf_value=-0.0011524198346615131 5.4592351846816102e-05 -0.0019430223416272972 -0.00046476234848251186 -4.372920931924318e-05 -0.0030502420562746068 -0.01150529765518595 1.0246452451470078 0.0013713376869972029 0.0041541589062009223 0.81585650689155076 -0.0319819494280182 0.88587448940821223 0.086062032549137524 0.078273261142096484
leaf_weight=286 1662 262 61 101 45 42 22 40 22 31 265 41 93 36
leaf_count=286 1662 262 61 101 45 42 22 40 22 31 265 41 93 36
internal_value=-0.00243189 -0.00874419 -0.0145142 -0.0162702 -0.0193373 -0.000940054 9.06555e-05 0.000446154 -0.00103509 -6.81071e-05 -0.00325641 0.000643678 -0.00458217 0.00987179
internal_weight=3009 859 493 432 331 366 2150 324 284 2128 389 1739 358 77
internal_count=3009 859 493 432 331 366 2150 324 284 2128 389 1739 358 77
is_linear=0
shrinkage=0.025


Tree=250
num_leaves=15
num_cat=0
split_feature=13 8 22 13 6 30 0 9 9 32 4 30 5 33
split_gain=75.347 61.2191 19.0082 17.7529 26.5641 8.92501 10.4254 8.16546 7.22792 15.6677 7.14418 7.0812 6.56439 6.10108
threshold=1.5000000000000002 1.0000000180025095e-35 12.500000000000002 1.0000000180025095e-35 1.0000000180025095e-35 376.00000000000006 72.500000000000014 1105.0000000000002 611.50000000000011 143.50000000000003 6.5000000000000009 97.500000000000014 46.500000000000007 0.70108234187302332
decision_type=2 2 10 2 2 10 2 2 2 10 2 10 2 2
left_child=1 2 3 4 -1 6 13 8 -2 -10 -8 -4 -7 -3
right_child=7 5 11 -5 -6 12 10 -9 9 -11 -12 -13 -14 -15
leaf_value=-0.0011236093387949752 0.00015399688698884974 0.0013584797272413436 0.021581594066895818 -6.3086511391849398e-05 -0.00040031730965881104 -0.011217665213806301 -0.0019972392172777371 0.99902911401833316 -0.081032935457682254 1.423763946596752 0.0006485794529727338 -0.044515849312237787 0.0010601260567124626 -0.012712704631808581
leaf_weight=286 2067 79 37 102 50 24 19 22 41 20 132 18 18 94
leaf_count=286 2067 79 37 102 50 24 19 22 41 20 132 18 18 94
internal_value=-0.00231561 -0.00856977 -0.0143117 -0.0160478 -0.0188279 -0.000803815 0.0006 0.000183636 2.11367e-05 -0.0083871 0.00539474 -0.000357143 -0.0115116 -0.00356322
internal_weight=3009 859 493 438 336 366 324 2150 2128 61 151 55 42 173
internal_count=3009 859 493 438 336 366 324 2150 2128 61 151 55 42 173
is_linear=0
shrinkage=0.025


Tree=251
num_leaves=15
num_cat=0
split_feature=13 8 6 13 22 30 0 9 9 32 5 33 4 9
split_gain=75.949 64.3377 17.2628 21.2653 19.7937 9.15103 11.2066 8.19146 8.63589 12.966 6.56439 6.10108 5.91032 5.19491
threshold=1.5000000000000002 1.0000000180025095e-35 1.0000000180025095e-35 1.0000000180025095e-35 12.500000000000002 376.00000000000006 72.500000000000014 1105.0000000000002 611.50000000000011 143.50000000000003 46.500000000000007 0.70108234187302332 11.500000000000002 7.5000000000000009
decision_type=2 2 2 2 10 10 2 2 2 10 2 2 2 2
left_child=1 2 3 4 -1 6 11 8 13 -10 -7 -3 -8 -2
right_child=7 5 -4 -5 -6 10 12 -9 9 -11 -12 -13 -14 -15
leaf_value=-0.0010955191053251007 0.0005963334306387188 0.0013245177340603098 -0.00044313535702897886 -4.1058816301470238e-05 -0.003513525856540137 -0.010937223583461143 -3.2638843687682849e-05 0.97405338616787285 -0.079007112071241184 1.3881698479318332 0.0010336229052946067 -0.012394887016013368 0.016172524908768294 -0.00027110138812407313
leaf_weight=286 450 79 61 101 45 24 54 22 41 20 18 94 97 1617
leaf_count=286 450 79 61 101 45 24 54 22 41 20 18 94 97 1617
internal_value=-0.00234884 -0.00862791 -0.0145142 -0.0162702 -0.0193373 -0.000667575 0.000753846 0.000160391 0 -0.00919355 -0.0115116 -0.00356322 0.00572368 0.000275629
internal_weight=3009 859 493 432 331 366 324 2150 2128 61 42 173 151 2067
internal_count=3009 859 493 432 331 366 324 2150 2128 61 42 173 151 2067
is_linear=0
shrinkage=0.025


Tree=252
num_leaves=15
num_cat=0
split_feature=9 8 6 40 39 22 4 9 24 24 35 35 9 32
split_gain=62.0735 72.2649 29.2852 13.971 13.4982 13.2094 10.2889 8.50361 8.43705 8.09568 6.5351 6.43376 5.76669 16.9439
threshold=1.0000000180025095e-35 1.5000000000000002 1.0000000180025095e-35 204.50000000000003 96.500000000000014 41.500000000000007 20.500000000000004 1105.0000000000002 57.000000000000007 21.500000000000004 31.500000000000004 38.500000000000007 611.50000000000011 143.50000000000003
decision_type=2 2 2 10 8 10 2 2 8 10 10 10 2 10
left_child=1 2 5 4 11 10 8 12 -4 -5 -1 -3 -2 -14
right_child=7 3 6 9 -6 -7 -8 -9 -10 -11 -12 -13 13 -15
leaf_value=-0.0010681311276919733 -3.5049717463664369e-05 7.838980814928863e-05 -0.011503291395761376 -0.0095305360468879007 0.15663876045865963 -0.0058935277426232086 0.028894671286635837 0.94970205151367404 0.00015833785412273449 -0.015753957826407362 -0.0016818939652485862 -0.015189010890658872 -0.07703193426945916 2.1784613065094334
leaf_weight=275 2169 216 26 31 40 29 30 22 24 32 27 24 41 23
leaf_count=275 2169 216 26 31 40 29 30 22 24 32 27 24 41 23
internal_value=-0.00219934 -0.00840397 -0.0154612 5.81395e-05 0.00247331 -0.0187349 -0.00179012 -0.000119681 -0.00872549 -0.0104688 -0.0202805 0.000186722 -0.000277529 -0.00761538
internal_weight=3009 754 411 343 280 331 80 2255 50 63 302 240 2233 64
internal_count=3009 754 411 343 280 331 80 2255 50 63 302 240 2233 64
is_linear=0
shrinkage=0.025


Tree=253
num_leaves=15
num_cat=0
split_feature=13 8 6 22 30 13 9 32 40 2 22 5 5 6
split_gain=77.6155 73.7807 25.3538 22.4148 9.82794 8.32813 11.6464 15.6326 7.13743 7.91227 6.97819 6.56439 5.93312 5.19897
threshold=1.0000000180025095e-35 1.5000000000000002 1.0000000180025095e-35 12.500000000000002 376.00000000000006 1105.0000000000002 611.50000000000011 143.50000000000003 2.5000000000000004 -0.22252093395631442 367.00000000000006 46.500000000000007 1.0000000180025095e-35 488.00000000000006
decision_type=2 2 2 10 10 2 2 10 10 2 10 2 2 2
left_child=1 2 3 -1 10 6 13 -8 -4 -10 -3 -6 -5 -2
right_child=5 4 8 12 11 -7 7 -9 9 -11 -12 -13 -14 -15
leaf_value=-0.0010414278494996739 9.8575403421896635e-07 -3.3782617799222996e-05 0.0021082699991444207 -0.018265788813552907 -0.010425529592702418 0.92595950022583229 -0.075106135912722041 1.2990040690708 0.00030741816291866045 -0.011932601635848104 0.0013527687177645451 -0.00075327770024102847 0.014731388379574174 0.58472260702814083
leaf_weight=298 2179 239 19 26 24 22 41 20 21 19 40 18 22 21
leaf_count=298 2179 239 19 26 24 22 41 20 21 19 40 18 22 21
internal_value=-0.00223256 -0.00934663 -0.0164286 -0.0190058 -0.000372671 3.0648e-05 -0.000119363 -0.0108065 -0.00116667 -0.00719512 0.00132143 -0.0115116 -0.00295918 0.000179464
internal_weight=3009 726 405 346 321 2283 2261 61 59 40 279 42 48 2200
internal_count=3009 726 405 346 321 2283 2261 61 59 40 279 42 48 2200
is_linear=0
shrinkage=0.025


Tree=254
num_leaves=15
num_cat=0
split_feature=13 8 6 22 30 13 9 32 40 5 2 6 22 25
split_gain=78.7579 72.3518 22.5777 25.0523 9.55875 8.32813 11.6464 15.6326 8.13288 6.56439 6.33621 6.2973 5.71066 5.70586
threshold=1.0000000180025095e-35 1.5000000000000002 1.0000000180025095e-35 12.500000000000002 376.00000000000006 1105.0000000000002 611.50000000000011 143.50000000000003 2.5000000000000004 46.500000000000007 -0.22252093395631442 48.500000000000007 367.00000000000006 0.59641719027414319
decision_type=2 2 2 10 10 2 2 10 10 2 2 2 10 2
left_child=1 2 3 -1 11 6 -2 -8 -4 -6 -10 13 -13 -3
right_child=5 4 8 -5 9 -7 7 -9 10 -11 -12 12 -14 -15
leaf_value=-0.001015392153262182 9.6111018336453311e-07 0.017580865955209836 0.0020555632491658106 -0.0016918151534216894 -0.010164891352884856 0.90281051272018553 -0.073228482514903701 1.2665289673440314 0.00029973270884569398 -0.0007344457577350028 -0.011634286594951901 2.0936481616868488e-05 0.063039685301653145 -0.00097069980204581474
leaf_weight=298 2200 29 19 48 24 22 41 20 21 18 19 49 23 178
leaf_count=298 2200 29 19 48 24 22 41 20 21 18 19 49 23 178
internal_value=-0.00224917 -0.00941541 -0.0164286 -0.0188617 -0.00052795 3.0648e-05 -0.000119363 -0.0108065 -0.002 -0.0115116 -0.00841463 0.00114286 0.00746575 -0.00105769
internal_weight=3009 726 405 346 321 2283 2261 61 59 42 40 279 72 207
internal_count=3009 726 405 346 321 2283 2261 61 59 42 40 279 72 207
is_linear=0
shrinkage=0.025


Tree=255
num_leaves=15
num_cat=0
split_feature=13 8 6 22 4 0 9 9 32 40 0 0 22 2
split_gain=87.3724 62.7369 22.5777 25.0523 11.9349 20.0078 8.30415 9.99919 10.5162 8.13288 7.3579 10.1229 7.77081 6.33621
threshold=1.0000000180025095e-35 1.5000000000000002 1.0000000180025095e-35 12.500000000000002 10.500000000000002 77.500000000000014 1105.0000000000002 611.50000000000011 143.50000000000003 2.5000000000000004 76.500000000000014 29.500000000000004 34.500000000000007 -0.22252093395631442
decision_type=2 2 2 10 2 2 2 2 10 10 2 2 10 2
left_child=1 2 3 -1 5 -3 7 -2 -9 -4 11 -6 -12 -11
right_child=6 4 9 -5 10 -7 -8 8 -10 13 12 -13 -14 -15
leaf_value=-0.00099000734943062744 9.3708242878132182e-07 2.0413069576446776e-05 0.0020041741679366651 -0.0016495197745861464 0.10150117931736227 -0.0035914062640418397 0.88024024990218097 -0.071397770452031759 1.2348657431604311 0.0002922393911245516 -0.00033635390962913906 -0.014823671453895827 0.26869821456527598 -0.011343429430078104
leaf_weight=298 2200 31 19 48 55 47 22 41 20 21 33 106 49 19
leaf_count=298 2200 31 19 48 55 47 22 41 20 21 33 106 49 19
internal_value=-0.00234884 -0.00989684 -0.0164286 -0.0188617 -0.00161491 -0.0100633 5.25394e-05 -9.72591e-05 -0.01 -0.002 0.00110656 -0.00197531 0.00716867 -0.00841463
internal_weight=3009 726 405 346 321 78 2283 2261 61 59 243 161 82 40
internal_count=3009 726 405 346 321 78 2283 2261 61 59 243 161 82 40
is_linear=0
shrinkage=0.025


Tree=256
num_leaves=15
num_cat=0
split_feature=13 8 6 22 25 4 4 13 9 40 12 2 0 11
split_gain=85.4075 64.069 22.5777 25.0523 14.7618 15.6793 8.58931 8.35215 13.6507 8.13288 7.76187 6.33621 6.00214 7.46824
threshold=1.0000000180025095e-35 1.5000000000000002 1.0000000180025095e-35 12.500000000000002 0.98027155096468965 10.500000000000002 5.5000000000000009 1105.0000000000002 640.50000000000011 2.5000000000000004 312.50000000000006 -0.22252093395631442 2.5000000000000004 358.50000000000006
decision_type=2 2 2 10 2 2 2 2 2 10 2 2 2 2
left_child=1 2 3 -1 5 6 -3 8 12 -4 -7 -11 -2 -14
right_child=7 4 9 -5 -6 10 -8 -9 -10 11 -12 -13 13 -15
leaf_value=-0.00096525716569486177 -0.053581408486226681 -0.0011170613008275258 0.0019540698137382488 -0.001608281780221494 0.00021479284724412579 -0.0014777105237155919 -0.003501621107440794 0.8582342436546242 -0.13631295779607058 0.0002849334063464378 2.9407875573588584 -0.011059843694326152 9.1365536806220506e-07 0.65573081531822985
leaf_weight=298 37 27 19 48 36 208 30 22 37 21 20 19 2147 40
leaf_count=298 37 27 19 48 36 208 30 22 37 21 20 19 2147 40
internal_value=-0.00236545 -0.00982806 -0.0164286 -0.0188617 -0.00145963 -0.00339161 -0.015 8.75657e-06 -0.000141468 -0.002 -0.000414847 -0.00841463 0.000110112 0.000283364
internal_weight=3009 726 405 346 321 285 57 2283 2261 59 228 40 2224 2187
internal_count=3009 726 405 346 321 285 57 2283 2261 59 228 40 2224 2187
is_linear=0
shrinkage=0.025


Tree=257
num_leaves=15
num_cat=0
split_feature=13 8 6 22 25 4 4 13 9 40 12 0 11 33
split_gain=85.4075 64.069 22.5777 25.0523 14.7618 15.6793 8.58931 8.35215 13.6507 8.13288 7.76187 6.00214 7.46824 5.43864
threshold=1.0000000180025095e-35 1.5000000000000002 1.0000000180025095e-35 12.500000000000002 0.98027155096468965 10.500000000000002 5.5000000000000009 1105.0000000000002 640.50000000000011 2.5000000000000004 312.50000000000006 2.5000000000000004 358.50000000000006 0.64604391058722854
decision_type=2 2 2 10 2 2 2 2 2 10 2 2 2 2
left_child=1 2 3 -1 5 6 -3 8 11 -4 -7 -2 -13 -5
right_child=7 4 9 13 -6 10 -8 -9 -10 -11 -12 12 -14 -15
leaf_value=-0.00094112573655249013 -0.052241873274070372 -0.0010891347683068375 0.0019052180683947926 -0.017685403675508349 0.00020942302606302265 -0.0014407677606226967 -0.003414080579754774 0.83677838756325973 -0.13290513385116753 -0.0022638012404073283 2.8672678684248867 8.908139838614826e-07 0.63933754493527462 0.026138393642540149
leaf_weight=298 37 27 19 20 36 208 30 22 37 40 20 2147 40 28
leaf_count=298 37 27 19 20 36 208 30 22 37 40 20 2147 40 28
internal_value=-0.00236545 -0.00982806 -0.0164286 -0.0188617 -0.00145963 -0.00339161 -0.015 8.75657e-06 -0.000141468 -0.002 -0.000414847 0.000110112 0.000283364 -0.00193878
internal_weight=3009 726 405 346 321 285 57 2283 2261 59 228 2224 2187 48
internal_count=3009 726 405 346 321 285 57 2283 2261 59 228 2224 2187 48
is_linear=0
shrinkage=0.025


Tree=258
num_leaves=15
num_cat=0
split_feature=9 6 11 23 14 7 0 30 32 7 9 5 31 31
split_gain=67.8246 51.677 28.4202 12.7144 11.7013 10.5353 10.3316 8.78069 7.59319 12.0833 11.1622 21.8258 8.85935 8.55082
threshold=1.0000000180025095e-35 22.500000000000004 1.0000000180025095e-35 35.500000000000007 42.500000000000007 1.0000000180025095e-35 29.500000000000004 326.50000000000006 74.000000000000014 132.50000000000003 1028.0000000000002 618.00000000000011 13.500000000000002 190.50000000000003
decision_type=2 2 2 10 2 2 2 10 10 2 2 2 10 10
left_child=1 2 3 5 -3 -1 -6 -4 10 13 11 12 -2 -10
right_child=8 4 7 -5 6 -7 -8 -9 9 -11 -12 -13 -14 -15
leaf_value=-0.00091759759313867796 -3.4290684926929774e-05 0.0040829349889910157 -0.0008466399903354927 -0.0037797637199200652 0.11544217801366062 -0.001063523894316119 -0.0012872189658494904 -0.0085148344232950837 -0.027139746207935911 0.081837121321110831 0.81585892787417724 -0.06696724414672417 0.014477470568960805 0.0034872643926369576
leaf_weight=315 1314 62 128 55 36 31 101 26 326 99 20 29 332 135
leaf_count=315 1314 62 128 55 36 31 101 26 326 99 20 29 332 135
internal_value=-0.00231561 -0.00880132 -0.0127158 -0.0162189 0.0021 -0.0179971 -0.00195652 -0.00351613 -0.000141844 -0.00266488 0.000689858 0.000459427 0.000846995 -0.00437229
internal_weight=3009 754 555 401 199 346 137 154 2255 560 1695 1675 1646 461
internal_count=3009 754 555 401 199 346 137 154 2255 560 1695 1675 1646 461
is_linear=0
shrinkage=0.025


Tree=259
num_leaves=15
num_cat=0
split_feature=13 8 6 14 4 0 35 35 7 13 24 19 9 29
split_gain=90.1944 57.8162 22.1901 18.423 10.6644 20.0078 8.82779 8.48284 9.7188 8.2802 8.01908 6.58778 10.2065 9.40121
threshold=1.0000000180025095e-35 1.5000000000000002 1.0000000180025095e-35 1.0000000180025095e-35 10.500000000000002 77.500000000000014 8.5000000000000018 661.00000000000011 318.50000000000006 1105.0000000000002 1.0000000180025095e-35 946.50000000000011 237.00000000000003 661.00000000000011
decision_type=2 2 2 2 2 2 10 10 2 2 10 10 2 10
left_child=1 2 3 -1 5 -3 -5 8 -6 11 -4 13 -13 -2
right_child=9 4 10 6 7 -7 -8 -9 -10 -11 -12 12 -14 -15
leaf_value=-0.00089465765331021114 -7.2282543805954338e-05 4.1477820150594163e-05 0.001858444883808096 -0.014663883847574289 0.00041380573630476206 -0.0031158577046785274 0.032072596742706329 -0.15549654462061349 2.7935402436812371 0.79546245467732324 -0.0014478795983341366 0.10717566969338499 -0.077454239976514572 0.0086754518150754332
leaf_weight=309 2138 31 21 19 206 47 18 18 19 22 38 28 25 70
leaf_count=309 2138 31 21 19 206 47 18 18 19 22 38 28 25 70
internal_value=-0.00236545 -0.0100344 -0.0163054 -0.0187176 -0.00208075 -0.0100633 -0.00184211 0.000491803 0.00185841 7.44308e-05 -0.002 -7.51547e-05 -0.0087037 0.000133545
internal_weight=3009 726 405 346 321 78 37 243 225 2283 59 2261 53 2208
internal_count=3009 726 405 346 321 78 37 243 225 2283 59 2261 53 2208
is_linear=0
shrinkage=0.025


Tree=260
num_leaves=15
num_cat=0
split_feature=13 14 6 33 38 4 40 15 13 17 22 19 9 32
split_gain=84.9738 57.2718 33.7453 10.8156 13.6926 11.8135 9.56061 9.15716 8.30415 7.26171 6.71004 6.55443 10.2065 8.15537
threshold=1.0000000180025095e-35 1.0000000180025095e-35 1.0000000180025095e-35 0.87842566828051927 97.500000000000014 10.500000000000002 5.5000000000000009 6.5000000000000009 1105.0000000000002 0.78415590089866505 18.500000000000004 946.50000000000011 237.00000000000003 570.00000000000011
decision_type=2 2 2 2 10 2 10 2 2 2 10 10 2 10
left_child=1 2 7 4 9 -5 -4 -1 11 -3 -6 13 -13 -2
right_child=8 3 6 5 10 -7 -8 -9 -10 -11 -12 12 -14 -15
leaf_value=-0.00087229121197745585 -6.3312540496318634e-05 0.003795018476279366 0.003260952569156378 -0.0030379612620615643 -0.036329375035004573 -0.00035250985800345803 -0.001118384275603401 -0.00086523284148754898 0.77557589331038912 -0.018824397350266416 0.0081492391430657563 0.10449627795105024 -0.075517883977101977 0.19453170397922204
leaf_weight=339 2145 65 26 35 18 43 34 23 22 64 79 28 25 63
leaf_count=339 2145 65 26 35 18 43 34 23 22 64 79 28 25 63
internal_value=-0.00231561 -0.00975928 -0.0157092 -0.00145902 0.00129956 -0.00943038 0.00155738 -0.0185813 5.25394e-05 -0.004 0.00836735 -9.72591e-05 -0.0087037 0.00011091
internal_weight=3009 726 422 304 226 78 60 362 2283 129 97 2261 53 2208
internal_count=3009 726 422 304 226 78 60 362 2283 129 97 2261 53 2208
is_linear=0
shrinkage=0.025


Tree=261
num_leaves=15
num_cat=0
split_feature=13 8 4 6 22 4 13 24 19 9 19 9 35 10
split_gain=96.0879 52.579 25.1943 22.5777 22.0087 17.2442 8.37655 8.01908 7.93025 8.62815 6.63062 6.73549 6.49104 9.20018
threshold=1.0000000180025095e-35 1.5000000000000002 10.500000000000002 1.0000000180025095e-35 12.500000000000002 4.5000000000000009 1105.0000000000002 1.0000000180025095e-35 946.50000000000011 237.00000000000003 686.50000000000011 179.50000000000003 661.00000000000011 297.00000000000006
decision_type=2 2 2 2 10 2 2 10 10 2 10 2 10 2
left_child=1 3 5 4 -1 -3 8 -5 10 -10 11 -2 13 -4
right_child=6 2 12 7 -6 -7 -8 -9 9 -11 -12 -13 -14 -15
leaf_value=-0.00085048393167801942 4.4970667554000702e-05 0.0015806654563473817 0.00055220115307650362 0.0017304599474839842 -0.0013139678926390992 -0.0029620122305100255 0.7561864959776301 -0.0014384647120451956 0.10188387100227381 -0.073629936877674149 1.107001213530669 -0.028707288018958367 -0.15114419840664187 2.7237105503356549
leaf_weight=298 1851 20 206 21 48 58 22 38 28 25 20 337 18 19
leaf_count=298 1851 20 206 21 48 58 22 38 28 25 20 337 18 19
internal_value=-0.00253156 -0.010447 -0.00285714 -0.0164286 -0.0188617 -0.0151266 -8.75657e-06 -0.002 -0.000163572 -0.00962963 6.56406e-05 -6.62403e-05 0.00110656 0.00230088
internal_weight=3009 726 321 405 346 78 2283 59 2261 53 2208 2188 243 225
internal_count=3009 726 321 405 346 78 2283 59 2261 53 2208 2188 243 225
is_linear=0
shrinkage=0.025


Tree=262
num_leaves=15
num_cat=0
split_feature=13 8 6 4 22 4 13 19 9 19 19 0 0 22
split_gain=96.0307 49.4968 27.4221 24.5641 22.0087 17.2442 8.30415 8.04065 8.62815 6.97696 6.56744 6.41976 8.13529 6.8056
threshold=1.0000000180025095e-35 1.5000000000000002 1.0000000180025095e-35 10.500000000000002 12.500000000000002 4.5000000000000009 1105.0000000000002 946.50000000000011 237.00000000000003 1.0000000180025095e-35 686.50000000000011 76.500000000000014 29.500000000000004 34.500000000000007
decision_type=2 2 2 2 10 2 2 10 2 10 10 2 2 10
left_child=1 2 4 5 -1 -3 7 10 -9 -4 -2 12 -5 -13
right_child=6 3 9 11 -6 -7 -8 8 -10 -11 -12 13 -14 -15
leaf_value=-0.00082922183338606903 -7.6005331730411026e-06 0.001541148819938697 0.00043654198995908452 0.073557184009247933 -0.0012811186953231215 -0.0028879619247472749 0.73728183357819155 0.099336774227216651 -0.071789188455732497 -0.0020800331451315229 1.0793261831924021 -0.00035750214038028362 -0.012788596303541171 0.26177445312764686
leaf_weight=298 2188 20 26 55 48 58 22 28 25 33 20 33 106 49
leaf_count=298 2188 20 26 55 48 58 22 28 25 33 20 33 106 49
internal_value=-0.00246512 -0.0103783 -0.0161823 -0.00301242 -0.0188617 -0.0151266 5.25394e-05 -9.72591e-05 -0.00962963 -0.000333333 0.000133545 0.000901639 -0.00197531 0.00656627
internal_weight=3009 726 405 321 346 78 2283 2261 53 59 2208 243 161 82
internal_count=3009 726 405 321 346 78 2283 2261 53 59 2208 243 161 82
is_linear=0
shrinkage=0.025


Tree=263
num_leaves=15
num_cat=0
split_feature=13 8 6 22 4 4 35 10 13 19 5 19 19 32
split_gain=95.5708 50.6823 27.4221 22.0087 15.8776 13.1524 8.26549 9.05703 8.25628 6.97696 5.93312 5.27951 6.56744 6.0057
threshold=1.0000000180025095e-35 1.5000000000000002 1.0000000180025095e-35 12.500000000000002 10.500000000000002 4.5000000000000009 661.00000000000011 309.00000000000006 1105.0000000000002 1.0000000180025095e-35 1.0000000180025095e-35 946.50000000000011 686.50000000000011 74.000000000000014
decision_type=2 2 2 10 2 2 10 2 2 10 2 10 10 10
left_child=1 2 3 -1 5 -3 7 -6 11 -4 -5 12 13 -2
right_child=8 4 9 10 6 -7 -8 -9 -10 -11 -12 -13 -14 -15
leaf_value=-0.0008084912875514173 0.00017470324056916009 0.0015026200994402298 0.00042562844021010741 -0.017263190034097754 0.00041111934714881397 -0.0028157628766285929 -0.14720126721592688 2.7401773729347201 0.71884978773873631 -0.0020280323165032346 0.01490718524648575 -0.03132286359112868 1.0523430286125923 -0.0077995199646970371
leaf_weight=298 1669 20 26 26 207 58 18 18 22 33 22 53 20 519
leaf_count=298 1669 20 26 26 207 58 18 18 22 33 22 53 20 519
internal_value=-0.00241528 -0.0103095 -0.0161823 -0.0188617 -0.00285714 -0.0125949 0.000286885 0.00163717 9.63222e-05 -0.000333333 -0.00295918 -5.30504e-05 0.000133545 0
internal_weight=3009 726 405 346 321 78 243 225 2283 59 48 2261 2208 2188
internal_count=3009 726 405 346 321 78 243 225 2283 59 48 2261 2208 2188
is_linear=0
shrinkage=0.025


end of trees

feature_importances:
days_since_start=698
own_actual_d_origin=459
own_plan_d3_lag2=216
own_actual_d_lag1=214
own_plan_d3_origin=213
own_plan_d4_lag1=191
own_plan_d5_lag2=166
rel1_plan_d3_origin=156
own_actual_d_lag2=122
part_id=114
rel2_plan_d5_origin=100
rel2_correlation=99
own_plan_d3_lag1=98
own_plan_d5_origin=77
own_plan_d4_lag2=74
rel3_plan_d5_origin=71
rel3_correlation=52
rel2_plan_d3_origin=51
rel1_actual_lag2=46
rel3_actual_lag1=46
rel3_actual_lag2=41
rel3_actual_origin=39
rel2_actual_origin=36
rel2_actual_lag1=35
rel2_actual_lag2=30
rel1_plan_d5_origin=29
rel2_plan_d4_origin=28
rel1_actual_lag1=25
dow_sin=22
rel1_correlation=22
own_plan_d5_lag1=21
own_plan_d4_origin=20
dow_cos=19
rel3_plan_d4_origin=17
rel1_plan_d4_origin=16
rel3_plan_d3_origin=16
rel1_actual_origin=14

parameters:
[boosting: gbdt]
[objective: regression_l1]
[metric: l1]
[tree_learner: serial]
[device_type: cpu]
[data_sample_strategy: bagging]
[data: ]
[valid: ]
[num_iterations: 500]
[learning_rate: 0.025]
[num_leaves: 15]
[num_threads: 16]
[seed: 42]
[deterministic: 0]
[force_col_wise: 0]
[force_row_wise: 0]
[histogram_pool_size: -1]
[max_depth: 5]
[min_data_in_leaf: 18]
[min_sum_hessian_in_leaf: 0.001]
[bagging_fraction: 0.9]
[pos_bagging_fraction: 1]
[neg_bagging_fraction: 1]
[bagging_freq: 0]
[bagging_seed: 400]
[bagging_by_query: 0]
[feature_fraction: 0.9]
[feature_fraction_bynode: 1]
[feature_fraction_seed: 30056]
[extra_trees: 0]
[extra_seed: 12879]
[early_stopping_round: 0]
[early_stopping_min_delta: 0]
[first_metric_only: 0]
[max_delta_step: 0]
[lambda_l1: 0.2]
[lambda_l2: 1]
[linear_lambda: 0]
[min_gain_to_split: 0]
[drop_rate: 0.1]
[max_drop: 50]
[skip_drop: 0.5]
[xgboost_dart_mode: 0]
[uniform_drop: 0]
[drop_seed: 17869]
[top_rate: 0.2]
[other_rate: 0.1]
[min_data_per_group: 100]
[max_cat_threshold: 32]
[cat_l2: 10]
[cat_smooth: 10]
[max_cat_to_onehot: 4]
[top_k: 20]
[monotone_constraints: ]
[monotone_constraints_method: basic]
[monotone_penalty: 0]
[feature_contri: ]
[forcedsplits_filename: ]
[refit_decay_rate: 0.9]
[cegb_tradeoff: 1]
[cegb_penalty_split: 0]
[cegb_penalty_feature_lazy: ]
[cegb_penalty_feature_coupled: ]
[path_smooth: 0]
[interaction_constraints: ]
[verbosity: -1]
[saved_feature_importance_type: 0]
[use_quantized_grad: 0]
[num_grad_quant_bins: 4]
[quant_train_renew_leaf: 0]
[stochastic_rounding: 1]
[linear_tree: 0]
[max_bin: 255]
[max_bin_by_feature: ]
[min_data_in_bin: 3]
[bin_construct_sample_cnt: 200000]
[data_random_seed: 175]
[is_enable_sparse: 1]
[enable_bundle: 1]
[use_missing: 1]
[zero_as_missing: 0]
[feature_pre_filter: 1]
[pre_partition: 0]
[two_round: 0]
[header: 0]
[label_column: ]
[weight_column: ]
[group_column: ]
[ignore_column: ]
[categorical_feature: ]
[forcedbins_filename: ]
[precise_float_parser: 0]
[parser_config_file: ]
[objective_seed: 16083]
[num_class: 1]
[is_unbalance: 0]
[scale_pos_weight: 1]
[sigmoid: 1]
[boost_from_average: 1]
[reg_sqrt: 0]
[alpha: 0.9]
[fair_c: 1]
[poisson_max_delta_step: 0.7]
[tweedie_variance_power: 1.5]
[lambdarank_truncation_level: 30]
[lambdarank_norm: 1]
[label_gain: ]
[lambdarank_position_bias_regularization: 0]
[eval_at: ]
[multi_error_top_k: 1]
[auc_mu_weights: ]
[num_machines: 1]
[local_listen_port: 12400]
[time_out: 120]
[machine_list_filename: ]
[machines: ]
[gpu_platform_id: -1]
[gpu_device_id: -1]
[gpu_device_id_list: ]
[gpu_use_dp: 0]
[num_gpu: 1]

end of parameters

pandas_categorical:[]
