tree
version=v4
num_class=1
num_tree_per_iteration=1
label_index=0
max_feature_idx=16
objective=regression_l1
feature_names=part_id dow_sin dow_cos is_weekend days_since_start own_actual_d_lag2 own_plan_d3_lag2 own_plan_d4_lag2 own_plan_d5_lag2 own_actual_d_lag1 own_plan_d3_lag1 own_plan_d4_lag1 own_plan_d5_lag1 own_actual_d_origin own_plan_d3_origin own_plan_d4_origin own_plan_d5_origin
feature_infos=[0:116] [-0.97492791218182362:0.97492791218182362] [-0.90096886790241903:1] [0:1] [2:28] [0:1131] [0:872] [0:832] [0:851] [0:1131] [0:872] [0:827] [0:851] [0:1131] [0:720] [0:827] [0:851]
tree_sizes=1285 1390 1414 1407 1403 1420 1416 1419 1408 1413 1413 1423 1426 1420 1427 1427 1426 1425 1420 1416 1423 1396 1411 1410 1417 1424 1425 1427 1424 1433 1409 1427 1426 1419 1423 1423 1423 1421 1415 1414 1426 1432 1418 1431 1431 1419 1427 1425 1422 1425 1428 1425 1424 1424 1425 1436 1435 1415 1422 1428 1423 1429 1422 1424 1430 1426 1426 1426 1427 1432 1413 1426 1428 1439 1429 1433 1441 1435 1419 1435 1433 1428 1431 1436 1432 1437 1437 1443 1437 1442 1438 1447 1440 1443 1438 1449 1449 1434 1449 1439 1450 1448 1447 1453 1443 1444 1441 1443 1447 1445 1453 1453 1455 1455 1441 1443 1448 1440 1457 1435 1439 1441 1444 1460 1446 1441 1441 1445 1447 1444 1462 1449 1446 1452 1455 1460 1455 1460 1447 1450 1449 1450 1452 1455 1450 1454 1447 1460 1459 1460 1449 1448 1443 1440 1454 1462 1461 1444 1463 1445 1464 1452 1453 1457 1460 1471 1467 1447 1440 1454 1448 1464 1463 1468 1447 1451 1456 1466 1466 1461 1455 1456 1461 1455 1454 1454 1478 1463 1463 1462 1468 1461 1466 1442 1472 1459 1469 1449 1473 1463 1462 1444 1463 1464 1470 1463 1467 1444 1445 1448 1445 1456 1454 1463 1449 1458 1446 1446 1464 1444 1445 1442 1445 1459 1449 1479 1455 1451 1456 1449 1444 1453 1467 1452 1444 1466 1456 1449 1460 1470 1462 1466 1468 1464 1454 1430 1471 1450 1462 1456 1450 1458 1473 1463 1467 1451 1455 1468 1461 1459 1449 1460 1456 1465 1459 1461 1453 1452 1446 1441 1461 1443 1445 1451 1475 1447 1444 1454 1476 1451 1450 1454 1451 1440 1437 1469 1468 1471 1474 1445 1476 1456 1467 1475 1469 1485 1464 1466 1449 1459 1457 1469 1460 1475 1456 1457 1444 1465 1479 1453 1471 1465 1455 1459 1461 1461 1448 1460 1464 1443 1459 1454 1443 1441 1458 1444 1454 1471 1455 1459 1451 1458 1457 1461 1454 1455 1462 1463 1460

Tree=0
num_leaves=15
num_cat=0
split_feature=13 14 4 11 4 4 11 14 4 4 13 4 10 4
split_gain=1461.95 359.911 105.949 47.9296 106.828 217.133 35.3929 30.1857 21.0351 17.8413 25.6964 14.4935 14.4226 11.836
threshold=22.500000000000004 26.500000000000004 10.500000000000002 29.500000000000004 15.500000000000002 22.500000000000004 21.500000000000004 12.500000000000002 25.500000000000004 10.500000000000002 68.500000000000014 22.500000000000004 21.500000000000004 18.500000000000004
decision_type=2 2 2 2 2 2 2 2 2 2 2 2 2 2
left_child=1 6 -3 4 9 7 12 -6 -7 -2 -11 -8 -1 -14
right_child=3 2 -4 -5 5 8 11 -9 -10 10 -12 -13 13 -15
leaf_value=22.475000000000001 24.475000000000001 22.425000000000001 24.774999999999999 25.5 22.425000000000001 25 22.699999999999999 23.100000000000001 22.875 23.125 27.262499999999999 23.399999999999999 22.425000000000001 23.024999999999999
leaf_weight=1214 393 46 177 574 124 151 25 19 18 82 114 19 31 22
leaf_count=1214 393 46 177 574 124 151 25 19 18 82 114 19 31 22
internal_value=23 22.983 23.0123 23.0178 23.0142 23.0023 22.978 22.9797 23.0214 23.0204 23.0141 23 22.9772 22.9904
internal_weight=3009 1534 223 1475 901 312 1311 143 169 589 196 44 1267 53
internal_count=3009 1534 223 1475 901 312 1311 143 169 589 196 44 1267 53
is_linear=0
shrinkage=1


Tree=1
num_leaves=15
num_cat=0
split_feature=13 14 4 11 4 4 14 11 4 10 4 9 4 2
split_gain=1460.37 369.646 102.079 43.725 94.5327 209.767 30.8906 27.0812 17.752 17.4884 16.6546 19.8285 10.9198 10.797
threshold=26.500000000000004 23.500000000000004 10.500000000000002 30.500000000000004 15.500000000000002 22.500000000000004 12.500000000000002 21.500000000000004 22.500000000000004 21.500000000000004 10.500000000000002 106.50000000000001 18.500000000000004 0.81174490092936691
decision_type=2 2 2 2 2 2 2 2 2 2 2 2 2 2
left_child=1 7 -3 4 10 6 -6 9 -9 -1 -2 -12 -11 -4
right_child=3 2 13 -5 5 -7 -8 8 -10 12 11 -13 -14 -15
leaf_value=-0.51187500000000008 1.6631250000000002 -0.56062500000000004 1.8556249999999999 2.5125000000000002 -0.56062500000000004 1.9000000000000001 0.097499999999999976 -0.1925 0.36500000000000005 -0.56062500000000004 0.21843750000000003 5.393437500000001 0.024375000000000036 0.068125000000000033
leaf_weight=1242 383 46 168 557 115 157 21 27 22 34 95 97 21 24
leaf_count=1242 383 46 168 557 115 157 21 27 22 34 95 97 21 24
internal_value=-0.000247508 -0.0167634 0.0119038 0.0181066 0.0145512 0.00295918 -0.0196715 -0.0218411 -0.0034 -0.0225308 0.020434 0.0142228 -0.00839286 0.0199223
internal_weight=3009 1584 238 1425 868 293 136 1346 49 1297 575 192 55 192
internal_count=3009 1584 238 1425 868 293 136 1346 49 1297 575 192 55 192
is_linear=0
shrinkage=0.025


Tree=2
num_leaves=15
num_cat=0
split_feature=13 14 4 4 4 4 13 11 13 7 13 4 16 5
split_gain=1404.39 353.426 104.385 40.6132 111.169 204.121 29.8735 24.3004 18.5904 12.8538 11.3995 9.79584 9.79331 8.65995
threshold=26.500000000000004 26.500000000000004 10.500000000000002 10.500000000000002 17.500000000000004 15.500000000000002 21.500000000000004 21.500000000000004 70.500000000000014 29.500000000000004 50.500000000000007 21.500000000000004 31.500000000000004 13.500000000000002
decision_type=2 2 2 2 2 2 2 2 2 2 2 2 2 2
left_child=1 6 -3 -2 5 8 7 9 -5 -1 13 -9 -8 -6
right_child=3 2 -4 4 10 -7 12 11 -10 -11 -12 -13 -14 -15
leaf_value=-0.49907812500000004 1.6215468749999999 -0.54660937499999995 1.6842343750000002 0.29968750000000005 0.084874999999999992 -0.54660937499999995 -0.34785156250000004 -0.28768750000000004 3.7836015625000003 -0.31034375000000003 2.6496875000000002 0.14337500000000009 0.23779687500000002 0.34968750000000004
leaf_weight=1223 479 46 185 95 32 117 36 21 167 34 460 20 19 75
leaf_count=1223 479 46 185 95 32 117 36 21 167 34 460 20 19 75
internal_value=-0.000172757 -0.0163691 0.0121552 0.0178261 0.0147782 0.00426316 -0.0212482 -0.0220131 0.0165209 -0.0226312 0.0217782 -0.00285714 -0.00303571 0.0140741
internal_weight=3009 1584 231 1425 946 379 1353 1298 262 1257 567 41 55 107
internal_count=3009 1584 231 1425 946 379 1353 1298 262 1257 567 41 55 107
is_linear=0
shrinkage=0.025


Tree=3
num_leaves=15
num_cat=0
split_feature=13 14 4 4 4 4 13 11 13 10 13 4 10 0
split_gain=1391.13 358.776 105.073 42.1226 112.352 199.66 33.2982 24.3004 18.844 14.4074 11.1824 9.79584 6.73773 6.18427
threshold=27.500000000000004 26.500000000000004 10.500000000000002 10.500000000000002 17.500000000000004 15.500000000000002 21.500000000000004 21.500000000000004 94.500000000000014 21.500000000000004 52.500000000000007 21.500000000000004 32.500000000000007 86.500000000000014
decision_type=2 2 2 2 2 2 2 2 2 2 2 2 2 2
left_child=1 6 -3 -2 5 8 7 9 -5 -1 -6 -9 -4 -8
right_child=3 2 12 4 10 -7 13 11 -10 -11 -12 -13 -14 -15
leaf_value=-0.48660117187500007 1.5810082031250001 -0.53294414062500006 0.2769722656250001 0.358921875 0.31875781250000002 -0.53294414062500006 0.0096181640624999794 -0.28049531249999998 4.1050974609375004 -0.38880410156249995 2.6112578124999999 0.13979062500000011 2.0671285156250003 -0.41413183593750003
leaf_weight=1205 478 46 40 117 109 116 45 21 143 52 448 20 148 21
leaf_count=1205 478 46 40 117 109 116 45 21 143 52 448 20 148 21
internal_value=-0.000255814 -0.0162258 0.0123191 0.0178258 0.0146895 0.00409814 -0.0211319 -0.0220131 0.0162644 -0.0226312 0.02181 -0.00285714 0.0206085 -0.00365672
internal_weight=3009 1598 234 1411 933 376 1364 1298 260 1257 557 41 188 66
internal_count=3009 1598 234 1411 933 376 1364 1298 260 1257 557 41 188 66
is_linear=0
shrinkage=0.025


Tree=4
num_leaves=15
num_cat=0
split_feature=13 14 4 9 4 4 4 15 10 9 8 5 6 4
split_gain=1336.59 332.055 93.793 50.4768 38.7837 109.13 189.235 29.9434 19.9371 19.771 15.0278 14.2477 10.1826 11.043
threshold=29.500000000000004 21.500000000000004 10.500000000000002 14.500000000000002 10.500000000000002 17.500000000000004 15.500000000000002 7.5000000000000009 36.500000000000007 98.500000000000014 15.500000000000002 18.500000000000004 21.500000000000004 19.500000000000004
decision_type=2 2 2 2 2 2 2 2 2 2 2 2 2 2
left_child=1 3 -3 12 -2 6 9 11 -4 -6 -9 -5 -1 -14
right_child=4 2 8 7 5 -7 -8 10 -10 -11 -12 -13 13 -15
leaf_value=-0.49943614257812502 1.9414829980468751 -0.51962053710937506 0.072841831054687542 -0.286936142578125 0.38441347656250002 2.1181638671875 -0.51962053710937506 -0.14002832031250004 2.0654503027343751 4.3613840869140628 0.34176617919921881 -0.074436142578124989 -0.52443614257812499 0.025156464843750073
leaf_weight=1085 467 46 64 66 119 538 110 37 144 137 34 104 36 22
leaf_count=1085 467 46 64 66 119 538 110 37 144 137 34 104 36 22
internal_value=-0.000222591 -0.0154637 0.0107647 -0.0202852 0.017981 0.0149116 0.00434605 -0.00979339 0.0179187 0.0161284 0.00375 -0.0154678 -0.0224825 -0.0117797
internal_weight=3009 1638 254 1384 1371 904 366 241 208 256 71 170 1143 58
internal_count=3009 1638 254 1384 1371 904 366 241 208 256 71 170 1143 58
is_linear=0
shrinkage=0.025


Tree=5
num_leaves=15
num_cat=0
split_feature=13 14 4 9 4 4 4 15 9 8 11 5 15 13
split_gain=1326.39 332.259 101.272 55.3492 37.2269 107.942 185.595 30.1192 20.1133 15.4995 12.4369 12.1047 9.35178 6.89311
threshold=31.500000000000004 26.500000000000004 10.500000000000002 14.500000000000002 10.500000000000002 17.500000000000004 15.500000000000002 7.5000000000000009 98.500000000000014 15.500000000000002 12.500000000000002 18.500000000000004 21.500000000000004 72.500000000000014
decision_type=2 2 2 2 2 2 2 2 2 2 2 2 2 2
left_child=1 3 -3 10 -2 6 8 11 -6 -9 -1 -5 -12 -7
right_child=4 2 -4 7 5 13 -8 9 -10 -11 12 -13 -14 -15
leaf_value=-0.48695023901367185 1.9945162355957031 -0.50663002368164067 1.5138140451660158 -0.2422627390136719 0.35283849121093747 0.45267852050781254 -0.50663002368164067 -0.13652761230468755 4.2523494847412113 0.31525170489501964 -0.28695023901367184 -0.067165229492187534 0.0060849608154297744 2.8902097705078127
leaf_weight=1055 458 46 194 69 114 162 108 39 137 35 85 119 18 370
leaf_count=1055 458 46 194 69 114 162 108 39 137 35 85 119 18 370
internal_value=-0.000388704 -0.0153492 0.011805 -0.0199472 0.0180148 0.0149888 0.00436111 -0.00948669 0.0161508 0.00393333 -0.0222994 -0.0147884 -0.0136538 0.0221295
internal_weight=3009 1660 240 1420 1349 891 359 262 251 74 1158 188 103 532
internal_count=3009 1660 240 1420 1349 891 359 262 251 74 1158 188 103 532
is_linear=0
shrinkage=0.025


Tree=6
num_leaves=15
num_cat=0
split_feature=13 11 4 9 4 4 4 14 9 14 16 6 14 4
split_gain=1328.6 325.04 104.744 48.2143 35.13 103.464 190.474 20.8606 16.7016 16.5144 17.2619 11.7652 10.8751 10.9676
threshold=33.500000000000007 22.500000000000004 10.500000000000002 20.500000000000004 10.500000000000002 17.500000000000004 15.500000000000002 34.500000000000007 98.500000000000014 17.500000000000004 5.5000000000000009 21.500000000000004 9.5000000000000018 22.500000000000004
decision_type=2 2 2 2 2 2 2 2 2 2 2 2 2 2
left_child=1 3 -3 9 -2 6 8 -4 -6 11 -11 -1 13 -5
right_child=4 2 7 12 5 -7 -8 -9 -10 10 -12 -13 -14 -15
leaf_value=-0.47477648303833003 2.0930830172058106 -0.49396427308959967 0.053062304779052785 -0.26120617053833012 0.36598217736816407 2.0457670262451173 -0.49396427308959967 1.8259686940368653 4.1460407476226804 0.10747775573730466 -0.50477648303833011 -0.49912765979614254 0.086868473796081522 0.014328901489257806
leaf_weight=1113 448 53 62 105 109 530 108 158 137 22 37 66 35 26
leaf_count=1113 448 53 62 105 109 530 108 158 137 22 37 66 35 26
internal_value=-0.000554817 -0.0153576 0.00956204 -0.02021 0.0180758 0.0151356 0.0046338 0.0171719 0.0167814 -0.0219088 -0.00866667 -0.0225593 -0.00745509 -0.0107576
internal_weight=3009 1677 273 1404 1332 884 354 220 246 1238 59 1179 166 131
internal_count=3009 1677 273 1404 1332 884 354 220 246 1238 59 1179 166 131
is_linear=0
shrinkage=0.025


Tree=7
num_leaves=15
num_cat=0
split_feature=9 11 4 13 14 6 4 4 4 10 13 14 4 0
split_gain=1286.18 316.206 96.6354 69.7607 29.3899 58.1343 82.0895 124.603 23.6657 23.5752 21.9247 21.0316 16.3541 11.9859
threshold=34.500000000000007 24.500000000000004 10.500000000000002 20.500000000000004 32.500000000000007 1.0000000180025095e-35 22.500000000000004 15.500000000000002 22.500000000000004 36.500000000000007 39.500000000000007 11.500000000000002 15.500000000000002 86.500000000000014
decision_type=2 2 2 2 2 2 2 2 2 2 2 2 2 2
left_child=1 3 -3 11 5 10 7 -7 12 -4 -2 -1 -5 -13
right_child=4 2 9 8 -6 6 -8 -9 -10 -11 -12 13 -14 -15
leaf_value=-0.46290707096237177 0.015755941775665149 -0.48161516626235967 0.070783338013763505 -0.023645802645721581 2.51368611660389 1.3907559417756652 1.9446228505889895 -0.48161516626235967 0.065244229555587771 1.9303194766859435 2.1152486318389894 -0.22250824772018429 -0.48161516626235967 0.10479081184387207
leaf_weight=1150 54 57 74 112 344 91 108 99 36 146 590 74 56 18
leaf_count=1150 54 57 74 112 344 91 108 99 36 146 590 74 56 18
internal_value=-0.000887043 -0.0150058 0.00942446 -0.0196925 0.0180225 0.0156893 0.00650502 -0.00337696 -0.00607317 0.0169457 0.0199147 -0.0219187 -0.0100296 -0.0101613
internal_weight=3009 1723 277 1446 1286 942 298 190 204 220 644 1242 168 92
internal_count=3009 1723 277 1446 1286 942 298 190 204 220 644 1242 168 92
is_linear=0
shrinkage=0.025


Tree=8
num_leaves=15
num_cat=0
split_feature=13 14 4 9 11 4 4 14 15 4 10 8 11 4
split_gain=1259.04 327.582 92.7498 51.4683 37.7817 83.4396 160.839 66.7182 33.4012 31.6051 20.2386 15.9636 15.6912 14.1759
threshold=34.500000000000007 21.500000000000004 10.500000000000002 14.500000000000002 47.000000000000007 14.500000000000002 21.500000000000004 17.500000000000004 7.5000000000000009 25.500000000000004 36.500000000000007 27.500000000000004 12.500000000000002 10.500000000000002
decision_type=2 2 2 2 2 2 2 2 2 2 2 2 2 2
left_child=1 3 -3 12 5 13 7 -7 -5 -8 -4 -10 -1 -2
right_child=4 2 10 8 -6 6 9 -9 11 -11 -12 -13 -14 -15
leaf_value=-0.45133439418831245 1.7559870432312736 -0.4695747871058007 0.048705670599006767 -0.087764081688312512 2.5839486662334537 -0.4695747871058007 1.5460072793242647 0.32683955582254315 -0.04679013146519076 -0.035320083956985472 1.8570614897687951 0.82972115352704245 -0.22943378416390614 1.5720280445765777
leaf_weight=1054 359 46 66 218 454 110 149 37 61 27 147 18 95 168
leaf_count=1054 359 46 66 218 454 110 149 37 61 27 147 18 95 168
internal_value=-0.00105316 -0.0151934 0.0106538 -0.0198307 0.0174291 0.0142714 0.0042284 -0.015 -0.0104698 0.0203107 0.0176168 0.003375 -0.0222348 0.0203977
internal_weight=3009 1705 259 1446 1304 850 323 147 297 176 213 79 1149 527
internal_count=3009 1705 259 1446 1304 850 323 147 297 176 213 79 1149 527
is_linear=0
shrinkage=0.025


Tree=9
num_leaves=15
num_cat=0
split_feature=9 11 4 13 11 4 4 14 4 11 16 14 13 14
split_gain=1253.27 304.77 86.158 60.331 32.7779 54.6448 133.554 48.0551 27.4318 25.5977 23.416 17.8764 15.437 11.9045
threshold=37.500000000000007 22.500000000000004 10.500000000000002 18.500000000000004 63.500000000000007 14.500000000000002 17.500000000000004 20.500000000000004 23.500000000000004 53.500000000000007 35.500000000000007 10.500000000000002 40.500000000000007 17.500000000000004
decision_type=2 2 2 2 2 2 2 2 2 2 2 2 2 2
left_child=1 3 -3 11 5 12 7 -7 13 -4 -8 -1 -2 -5
right_child=4 2 9 8 -6 6 10 -9 -10 -11 -12 -13 -14 -15
leaf_value=-0.44005103433360465 0.01897504989890866 -0.45783541742815576 0.050338869512616659 -0.03145881111598392 2.8993304181371786 -0.45783541742815576 0.25125629694078544 0.85387602897486148 0.07939733630659021 1.8539536470160045 1.3262109354735434 -0.15059854958421487 2.0439750498989087 0.098425834599984621
leaf_weight=1130 45 60 82 204 399 84 101 19 33 146 138 90 455 23
leaf_count=1130 45 60 82 204 399 84 101 19 33 146 138 90 455 23
internal_value=-0.00151827 -0.0150339 0.00846021 -0.0196117 0.0177295 0.0148814 0.00712828 -0.0165385 -0.00860153 0.0154803 0.017375 -0.0219451 0.0201497 -0.0117105
internal_weight=3009 1768 288 1480 1241 842 342 103 260 228 239 1220 500 227
internal_count=3009 1768 288 1480 1241 842 342 103 260 228 239 1220 500 227
is_linear=0
shrinkage=0.025


Tree=10
num_leaves=15
num_cat=0
split_feature=9 11 4 13 11 4 4 4 4 13 11 14 4 0
split_gain=1192.43 304.77 80.8921 60.331 40.9195 45.918 55.412 116.022 27.4318 26.5753 24.6067 17.8764 16.7727 11.9902
threshold=37.500000000000007 22.500000000000004 10.500000000000002 18.500000000000004 63.500000000000007 11.500000000000002 17.500000000000004 15.500000000000002 23.500000000000004 41.500000000000007 53.500000000000007 10.500000000000002 25.500000000000004 72.500000000000014
decision_type=2 2 2 2 2 2 2 2 2 2 2 2 2 2
left_child=1 3 13 11 5 9 7 -7 -5 -2 -4 -1 -8 -3
right_child=4 2 10 8 -6 6 12 -9 -10 -11 -12 -13 -14 -15
leaf_value=-0.42904975847526461 0.011959873237434505 -0.0043207930582781721 0.04908039777480129 -0.030672340838084369 2.8268471576837491 1.3040866813385983 0.87420182395431967 -0.44638953199245179 0.077412402898925425 2.1178756736514361 1.8076048058406042 -0.14683358584460954 0.16557115000238501 -0.44638953199245179
leaf_weight=1130 39 18 82 227 399 141 197 82 33 341 146 90 42 42
leaf_count=1130 39 18 82 227 399 141 197 82 33 341 146 90 42 42
internal_value=-0.0018505 -0.0150339 0.00846021 -0.0196117 0.0169243 0.0137544 0.00841253 -0.000535714 -0.00860153 0.0201969 0.015262 -0.0219451 0.01675 -0.0171311
internal_weight=3009 1768 288 1480 1241 842 462 223 260 380 228 1220 239 60
internal_count=3009 1768 288 1480 1241 842 462 223 260 380 228 1220 239 60
is_linear=0
shrinkage=0.025


Tree=11
num_leaves=15
num_cat=0
split_feature=13 14 4 13 4 11 4 4 2 11 5 0 13 12
split_gain=1132.47 313.507 85.402 82.2201 47.3139 39.7665 64.8552 144.586 25.1515 21.7963 16.3875 15.7136 15.5743 11.8276
threshold=44.500000000000007 24.500000000000004 10.500000000000002 13.500000000000002 23.500000000000004 52.500000000000007 14.500000000000002 17.500000000000004 1.0000000180025095e-35 7.5000000000000009 39.500000000000007 71.500000000000014 98.500000000000014 40.500000000000007
decision_type=2 2 2 2 2 2 2 2 2 2 2 2 2 2
left_child=1 3 -3 9 -5 6 12 -8 -9 -1 11 -4 -2 -6
right_child=5 2 10 4 13 -7 7 8 -10 -11 -12 -13 -14 -15
leaf_value=-0.41832351451338295 0.18992878181015005 -0.43522979369264053 0.044200264571153891 -0.038843102587347293 0.012962947033300322 2.4962150416225324 -0.43522979369264053 1.5558948416658449 -0.019230840527955186 -0.18871613922884078 1.6190959912031599 1.5100334912031599 4.6785208943108065 0.83778664725028007
leaf_weight=1039 156 48 58 344 70 425 101 145 31 125 125 42 280 20
leaf_count=1039 156 48 58 344 70 425 101 145 31 125 125 42 280 20
internal_value=-0.00209967 -0.0140598 0.0106569 -0.0182896 -0.00895402 0.0175549 0.0138936 0.00438849 0.0180508 -0.0217554 0.0171239 0.00935644 0.019897 0.00708791
internal_weight=3009 1871 273 1598 434 1138 713 277 176 1164 225 100 436 90
internal_count=3009 1871 273 1598 434 1138 713 277 176 1164 225 100 436 90
is_linear=0
shrinkage=0.025


Tree=12
num_leaves=15
num_cat=0
split_feature=13 14 4 13 4 11 4 4 11 2 10 16 16 13
split_gain=1129.33 302.444 78.5539 77.3873 47.0717 38.799 64.8552 144.586 25.5526 25.1515 21.6506 17.0156 16.1669 15.5743
threshold=44.500000000000007 21.500000000000004 10.500000000000002 13.500000000000002 23.500000000000004 52.500000000000007 14.500000000000002 17.500000000000004 7.5000000000000009 1.0000000180025095e-35 51.500000000000007 1.5000000000000002 22.500000000000004 98.500000000000014
decision_type=2 2 2 2 2 2 2 2 2 2 2 2 2 2
left_child=1 3 -3 8 -5 6 13 11 -1 -9 -4 -8 -6 -2
right_child=5 2 10 4 12 -7 7 9 -10 -11 -12 -13 -14 -15
leaf_value=-0.40786542665054837 0.18518056226489624 -0.42434904885032448 0.095626990641658249 -0.044616237927654102 -0.096252029714484044 2.4338096655819692 0.53454710791480986 1.5169974706241989 -0.19157568101569594 -0.018750069514756263 1.8874189473510243 -0.42434904885032448 0.24394840396744649 4.5615578719530356
leaf_weight=1039 156 48 115 339 40 425 18 145 118 31 123 83 49 280
leaf_count=1039 156 48 115 339 40 425 18 145 118 31 123 83 49 280
internal_value=-0.00211628 -0.0140598 0.00956446 -0.0183291 -0.0091958 0.017511 0.0138936 0.00438849 -0.0216926 0.0180508 0.0154603 -0.0193137 0.00688889 0.019897
internal_weight=3009 1871 286 1585 428 1138 713 277 1157 176 238 101 89 436
internal_count=3009 1871 286 1585 428 1138 713 277 1157 176 238 101 89 436
is_linear=0
shrinkage=0.025


Tree=13
num_leaves=15
num_cat=0
split_feature=13 14 13 4 4 6 4 4 8 4 5 13 10 6
split_gain=1080.76 275.344 102.937 92.6201 41.9541 32.2722 74.7841 164.863 29.241 25.6404 19.8926 18.7067 17.8738 15.1098
threshold=46.500000000000007 24.500000000000004 16.500000000000004 10.500000000000002 23.500000000000004 1.0000000180025095e-35 17.500000000000004 15.500000000000002 14.500000000000002 18.500000000000004 50.500000000000007 66.500000000000014 19.500000000000004 42.500000000000007
decision_type=2 2 2 2 2 2 2 2 2 2 2 2 2 2
left_child=1 2 8 -3 -4 -2 7 11 12 -10 -5 -7 -1 -8
right_child=5 3 4 10 -6 6 13 -9 9 -11 -12 -13 -14 -15
leaf_value=-0.39766879098428465 2.0339268126535539 -0.41374032262906635 -0.032984734676974804 0.17536461015931071 0.072878614299326835 0.04873073608915135 0.12814911776152887 -0.41374032262906635 -0.42266879098428467 0.0056362657421202833 1.8233332957032768 3.1750506401290961 -0.12726996774209712 2.1188577380705014
leaf_weight=1054 641 55 309 125 81 31 19 92 57 68 106 128 35 208
leaf_count=1054 641 55 309 125 81 31 19 92 57 68 106 128 35 208
internal_value=-0.00216611 -0.0136938 -0.0177227 0.0088676 -0.00650895 0.0172946 0.0123069 0.00285714 -0.0213128 -0.00968254 0.015819 0.01825 -0.022633 0.0226754
internal_weight=3009 1890 1604 286 390 1119 478 251 1214 125 231 159 1089 227
internal_count=3009 1890 1604 286 390 1119 478 251 1214 125 231 159 1089 227
is_linear=0
shrinkage=0.025


Tree=14
num_leaves=15
num_cat=0
split_feature=13 14 13 4 4 11 4 4 11 2 13 16 5 10
split_gain=1065.28 274.909 99.1993 78.3109 40.8331 39.2124 52.2358 146.677 28.3583 20.7107 19.9925 19.3485 19.2368 13.7111
threshold=44.500000000000007 24.500000000000004 16.500000000000004 10.500000000000002 23.500000000000004 58.500000000000007 14.500000000000002 17.500000000000004 7.5000000000000009 1.0000000180025095e-35 98.500000000000014 1.5000000000000002 50.500000000000007 16.500000000000004
decision_type=2 2 2 2 2 2 2 2 2 2 2 2 2 2
left_child=1 2 8 -3 -4 6 10 11 13 -9 -2 -8 -5 -1
right_child=5 3 4 12 -6 -7 7 9 -10 -11 -12 -13 -14 -15
leaf_value=-0.38772707120967759 0.12970287789193496 -0.4033968145633397 -0.032160116310050495 0.17692363220997029 0.071056648941843645 2.4570771907452036 0.49407466175606951 1.3472845216639406 -0.14468350601566304 0.036192624562713861 4.3816588232743925 -0.4033968145633397 1.777749963310695 -0.41146135825801738
leaf_weight=1034 158 48 308 119 76 403 19 153 132 42 280 83 106 48
leaf_count=1034 158 48 308 119 76 403 19 153 132 42 280 83 106 48
internal_value=-0.00216611 -0.013766 -0.0177267 0.00937956 -0.00661039 0.0168964 0.0134103 0.00526846 -0.0212305 0.0179592 0.0188952 -0.0188835 0.0155752 -0.0225716
internal_weight=3009 1871 1598 273 384 1138 735 297 1214 195 438 102 225 1082
internal_count=3009 1871 1598 273 384 1138 735 297 1214 195 438 102 225 1082
is_linear=0
shrinkage=0.025


Tree=15
num_leaves=15
num_cat=0
split_feature=13 14 13 4 4 6 4 4 8 4 10 13 6 14
split_gain=1067.13 266.928 98.6395 76.3407 40.8331 31.5412 71.7327 160.006 28.6107 25.6404 21.537 20.3565 20.317 18.7732
threshold=44.500000000000007 24.500000000000004 16.500000000000004 10.500000000000002 23.500000000000004 1.0000000180025095e-35 17.500000000000004 15.500000000000002 14.500000000000002 18.500000000000004 13.500000000000002 66.500000000000014 43.500000000000007 53.500000000000007
decision_type=2 2 2 2 2 2 2 2 2 2 2 2 2 2
left_child=1 2 8 -3 -4 -2 7 11 10 -10 -1 -7 -8 -5
right_child=5 3 4 13 -6 6 12 -9 9 -11 -12 -13 -14 -15
leaf_value=-0.37803389442943564 1.8735371717553555 -0.39331189419925616 -0.031356113402299178 0.044992960355962452 0.069280232718297627 0.0058316722075796084 -0.022389861334993367 -0.39331189419925616 -0.40517992683288101 0.0091124467489589033 -0.13245465978885385 3.0236844188386445 2.0273078470365085 1.7333062142279276
leaf_weight=1037 646 48 308 91 76 42 21 93 57 68 52 128 208 134
leaf_count=1037 646 48 308 91 76 42 21 93 57 68 52 128 208 134
internal_value=-0.00218272 -0.0137927 -0.0176954 0.0090146 -0.00661039 0.0168964 0.0120588 0.00310606 -0.0211893 -0.00968254 -0.0224954 0.0175146 0.0222609 0.0151327
internal_weight=3009 1871 1598 273 384 1138 492 263 1214 125 1089 170 229 225
internal_count=3009 1871 1598 273 384 1138 492 263 1214 125 1089 170 229 225
is_linear=0
shrinkage=0.025


Tree=16
num_leaves=15
num_cat=0
split_feature=13 14 13 4 11 4 4 4 11 14 13 11 16 10
split_gain=1033.69 258.239 91.1634 71.1864 40.5546 58.0207 136.699 40.4977 27.4778 22.2104 21.1751 20.4937 19.3485 13.034
threshold=44.500000000000007 21.500000000000004 16.500000000000004 10.500000000000002 58.500000000000007 14.500000000000002 17.500000000000004 23.500000000000004 7.5000000000000009 34.500000000000007 98.500000000000014 3.5000000000000004 1.5000000000000002 16.500000000000004
decision_type=2 2 2 2 2 2 2 2 2 2 2 2 2 2
left_child=1 2 8 -3 5 10 12 -4 13 -5 -2 -8 -7 -1
right_child=4 3 7 9 -6 6 11 -9 -10 -11 -12 -13 -14 -15
leaf_value=-0.36858304706869971 0.079621876650752557 -0.38347909684427478 -0.030572210567241777 -0.010810171933955816 2.3488118316826898 0.43488436591828405 1.6398901133651393 0.067548226900340153 -0.13635407813265968 1.0686656494901752 4.2109020828101071 0.1025646622298563 -0.38347909684427478 -0.39104532613074494
leaf_weight=1034 158 48 303 44 403 19 129 75 125 194 280 66 83 48
leaf_count=1034 158 48 303 44 403 19 129 75 125 194 280 66 83 48
internal_value=-0.00223256 -0.0136592 -0.017604 0.00817073 0.0165452 0.0130027 0.00442953 -0.00684697 -0.0209603 0.0137866 0.0187813 0.0166837 -0.0188835 -0.0222484
internal_weight=3009 1871 1585 286 1138 735 297 378 1207 238 438 195 102 1082
internal_count=3009 1871 1585 286 1138 735 297 378 1207 238 438 195 102 1082
is_linear=0
shrinkage=0.025


Tree=17
num_leaves=15
num_cat=0
split_feature=13 14 13 4 11 4 4 4 11 2 10 13 16 5
split_gain=1031.99 252.548 87.7533 69.4005 42.2723 59.8535 132.806 35.4434 27.4778 25.7671 23.7319 20.5155 19.3485 13.8686
threshold=44.500000000000007 21.500000000000004 16.500000000000004 10.500000000000002 58.500000000000007 14.500000000000002 17.500000000000004 23.500000000000004 7.5000000000000009 1.0000000180025095e-35 74.500000000000014 98.500000000000014 1.5000000000000002 8.5000000000000018
decision_type=2 2 2 2 2 2 2 2 2 2 2 2 2 2
left_child=1 2 8 -3 5 11 12 -4 -1 -8 -5 -2 -7 -10
right_child=4 3 7 10 -6 6 9 -9 13 -11 -12 -13 -14 -15
leaf_value=-0.35936847089198221 0.077631329734483681 -0.37389211942316791 -0.029807905303060701 0.09339599863523862 2.2900915358906224 0.42401225677032689 1.224064831008127 0.065859521227831591 -0.23824691453438451 -0.017959003783013294 2.2600560373714074 4.1056295307398543 -0.37389211942316791 0.032978643361109672
leaf_weight=1082 158 48 303 144 403 19 153 75 85 42 94 280 83 40
leaf_count=1082 158 48 303 144 403 19 153 75 85 42 94 280 83 40
internal_value=-0.00234884 -0.013766 -0.0176671 0.0078223 0.0164135 0.0127989 0.00409396 -0.00711082 -0.0209603 0.0161735 0.0133682 0.0186674 -0.0188835 -0.00968254
internal_weight=3009 1871 1585 286 1138 735 297 378 1207 195 238 438 102 125
internal_count=3009 1871 1585 286 1138 735 297 378 1207 195 238 438 102 125
is_linear=0
shrinkage=0.025


Tree=18
num_leaves=15
num_cat=0
split_feature=13 14 13 4 11 4 4 4 8 4 10 9 13 10
split_gain=1017.04 249.503 91.3194 72.4747 41.9178 64.1038 127.071 35.7879 27.1663 25.6404 20.6615 20.5614 20.5155 20.352
threshold=44.500000000000007 24.500000000000004 16.500000000000004 10.500000000000002 58.500000000000007 14.500000000000002 17.500000000000004 23.500000000000004 14.500000000000002 18.500000000000004 13.500000000000002 76.500000000000014 98.500000000000014 74.500000000000014
decision_type=2 2 2 2 2 2 2 2 2 2 2 2 2 2
left_child=1 2 8 -3 5 12 -7 -4 10 -10 -1 -8 -2 -5
right_child=4 3 7 13 -6 6 11 -9 9 -11 -12 -13 -14 -15
leaf_value=-0.35038425911968263 0.075690546491121502 -0.36454481643758874 -0.029062707670484224 0.11076111496062638 2.2328392474933567 -0.36454481643758874 0.098138402328399099 0.06421303319713588 -0.3763864508707041 0.018249660396911071 -0.11536138691128595 1.893002404242337 4.0029887924713581 2.2035546364371226
leaf_weight=1037 158 48 308 131 403 102 80 76 57 68 52 115 280 94
leaf_count=1037 158 48 308 131 403 102 80 76 57 68 52 115 280 94
internal_value=-0.00243189 -0.013766 -0.0175391 0.00828467 0.016194 0.0125951 0.0035906 -0.00687013 -0.0209012 -0.00968254 -0.0221743 0.0154082 0.0186674 0.0142478
internal_weight=3009 1871 1598 273 1138 735 297 384 1214 125 1089 195 438 225
internal_count=3009 1871 1598 273 1138 735 297 384 1214 125 1089 195 438 225
is_linear=0
shrinkage=0.025


Tree=19
num_leaves=15
num_cat=0
split_feature=9 11 13 4 11 6 4 4 11 14 13 12 4 4
split_gain=1002.29 261.34 97.8949 73.2333 31.6228 40.0833 69.1793 62.5527 30.149 25.8835 20.8833 16.7634 16.3091 15.5962
threshold=49.500000000000007 22.500000000000004 20.500000000000004 10.500000000000002 85.500000000000014 1.0000000180025095e-35 22.500000000000004 15.500000000000002 54.500000000000007 10.500000000000002 103.50000000000001 36.500000000000007 10.500000000000002 22.500000000000004
decision_type=2 2 2 2 2 2 2 2 2 2 2 2 2 2
left_child=1 2 9 11 5 10 7 -7 -5 -1 12 -3 -2 -4
right_child=4 3 13 8 -6 6 -8 -9 -10 -11 -12 -13 -14 -15
leaf_value=-0.34162465264169062 0.29879828282884341 0.038300510112525471 -0.023170454106004358 0.021823208255754525 2.9020182663060226 1.034628823216456 1.5192642841635464 -0.35543119602664902 1.3772894332415042 -0.095827429589171065 3.393710732310939 -0.35543119602664902 0.1179938487617557 0.036403868898323213
leaf_weight=1149 64 23 290 131 341 76 93 91 147 97 279 58 114 56
leaf_count=1149 64 23 290 131 341 76 93 91 147 97 279 58 114 56
internal_value=-0.0027309 -0.0133555 -0.0176993 0.00588889 0.0168508 0.0138162 0.00591954 -0.00369048 0.0119892 -0.0209663 0.0182751 -0.014878 0.0114246 -0.00589337
internal_weight=3009 1951 1592 359 1058 717 260 167 278 1246 457 81 178 346
internal_count=3009 1951 1592 359 1058 717 260 167 278 1246 457 81 178 346
is_linear=0
shrinkage=0.025


Tree=20
num_leaves=15
num_cat=0
split_feature=9 11 13 4 11 4 4 6 11 13 14 4 13 4
split_gain=928.187 262.141 115.972 57.5615 35.2141 45.6182 55.1978 75.6148 30.149 24.8793 22.9968 16.5072 25.3555 13.804
threshold=49.500000000000007 22.500000000000004 15.500000000000002 10.500000000000002 76.500000000000014 10.500000000000002 22.500000000000004 1.0000000180025095e-35 54.500000000000007 8.5000000000000018 10.500000000000002 4.5000000000000009 72.500000000000014 23.500000000000004
decision_type=2 2 2 2 2 2 2 2 2 2 2 2 2 2
left_child=1 2 10 9 5 11 7 -7 -5 -3 -1 12 -2 -4
right_child=4 3 13 8 -6 6 -8 -9 -10 -11 -12 -13 -14 -15
leaf_value=-0.33308403632564831 -0.066135299407134876 -0.34654541612598283 -0.02259119275335433 0.021277628049360689 2.7143113118519553 0.98544545093380198 1.0581565430227766 -0.34654541612598283 1.3428571974104668 0.0087480664811472771 -0.093431743849441778 1.4338679640031651 3.7536755521181391 0.019393793845274666
leaf_weight=1081 29 44 371 131 356 169 162 93 147 37 85 198 51 55
leaf_count=1081 29 44 371 131 356 169 162 93 147 37 85 198 51 55
internal_value=-0.00246512 -0.0126895 -0.0170402 0.00658333 0.0163787 0.0130797 0.00787059 0.000741445 0.0119892 -0.0118293 -0.0211183 0.0209498 0.0110494 -0.00584309
internal_weight=3009 1951 1592 359 1058 702 424 262 278 81 1166 278 80 426
internal_count=3009 1951 1592 359 1058 702 424 262 278 81 1166 278 80 426
is_linear=0
shrinkage=0.025


Tree=21
num_leaves=15
num_cat=0
split_feature=9 8 9 13 4 12 4 10 6 4 4 0 16 13
split_gain=899.265 192.813 82.8136 68.6687 54.3124 34.5733 26.182 25.066 23.4 56.042 136.258 21.3969 17.3035 15.3112
threshold=36.500000000000007 26.500000000000004 76.500000000000014 9.5000000000000018 10.500000000000002 68.500000000000014 22.500000000000004 10.500000000000002 5.5000000000000009 17.500000000000004 15.500000000000002 97.500000000000014 9.5000000000000018 1.0000000180025095e-35
decision_type=2 2 2 2 2 2 2 2 2 2 2 2 2 2
left_child=1 3 11 7 13 6 -6 -1 -4 10 -10 -2 -9 -3
right_child=2 4 8 -5 5 -7 -8 12 9 -11 -12 -13 -14 -15
leaf_value=-0.32475693541750711 0.026080796203111767 -0.33788178072283326 2.6241100268520734 -0.0497569354175071 -0.13530345468092159 1.5416395133729979 0.42892197019729617 0.03976969128582946 3.234833663315186 2.1252551565996933 -0.33788178072283326 -0.027192098807238274 -0.36061707393597198 -0.0047608662449844189
leaf_weight=962 386 42 530 391 75 116 33 43 99 140 72 39 55 26
leaf_count=962 386 42 530 391 75 116 33 43 99 140 72 39 55 26
internal_value=-0.00261462 -0.0142603 0.0134136 -0.017989 0.00424915 0.0102 0 -0.0212959 0.0179572 0.0124038 0.00273256 0.00438967 -0.0090404 -0.0151449
internal_weight=3009 1743 1266 1451 292 224 108 1060 841 311 171 425 98 68
internal_count=3009 1743 1266 1451 292 224 108 1060 841 311 171 425 98 68
is_linear=0
shrinkage=0.025


Tree=22
num_leaves=15
num_cat=0
split_feature=9 11 9 4 9 10 11 14 8 6 6 4 4 9
split_gain=883.137 219.814 91.0928 60.3566 48.391 32.1383 24.1532 21.5295 25.4599 19.3128 18.8255 39.3226 114.037 14.7812
threshold=44.500000000000007 22.500000000000004 13.500000000000002 10.500000000000002 106.50000000000001 80.500000000000014 86.500000000000014 11.500000000000002 7.5000000000000009 16.500000000000004 5.5000000000000009 17.500000000000004 15.500000000000002 2.5000000000000004
decision_type=2 2 2 2 2 2 2 2 2 2 2 2 2 2
left_child=1 2 7 13 6 -5 -2 9 -9 -1 -6 12 -12 -3
right_child=4 3 -4 5 10 -7 -8 8 -10 -11 11 -13 -14 -15
leaf_value=-0.31663801203206943 0.036472275792605834 -0.32943473620476244 -0.020782489549082864 0.034048218037445642 3.5110463390616489 1.7707447796408802 1.1940421776337986 0.078634693220171581 -0.25708052340480636 -0.34040423261312419 3.6289628217323067 2.8925501708005057 -0.32943473620476244 0.0033771438082424335
leaf_weight=991 337 43 400 169 449 93 71 27 57 88 87 119 57 21
leaf_count=991 337 43 400 169 449 93 71 27 57 88 87 119 57 21
internal_value=-0.0027309 -0.0131587 -0.0170524 0.0054893 0.0148483 0.0108175 0.00793399 -0.0205928 -0.00817647 -0.0215463 0.0187868 0.0133333 0.00444828 -0.0160769
internal_weight=3009 1889 1563 326 1120 262 408 1163 84 1079 712 263 144 64
internal_count=3009 1889 1563 326 1120 262 408 1163 84 1079 712 263 144 64
is_linear=0
shrinkage=0.025


Tree=23
num_leaves=15
num_cat=0
split_feature=9 14 9 13 4 4 6 4 4 10 10 4 0 16
split_gain=872.658 210.318 84.9673 84.8605 75.2216 27.279 26.5329 52.0593 133.24 21.7666 18.9199 18.6881 17.3836 15.701
threshold=36.500000000000007 33.500000000000007 76.500000000000014 14.500000000000002 10.500000000000002 23.500000000000004 5.5000000000000009 17.500000000000004 15.500000000000002 10.500000000000002 80.500000000000014 15.500000000000002 97.500000000000014 41.500000000000007
decision_type=2 2 2 2 2 2 2 2 2 2 2 2 2 2
left_child=1 3 12 9 -3 11 -4 8 -8 -1 13 -5 -2 -6
right_child=2 4 6 5 10 -7 7 -9 -10 -11 -12 -13 -14 -15
leaf_value=-0.30872206173126771 0.025948338536761109 -0.32119886779964335 2.4707311177042302 -0.0094656824739299608 0.4136894761777945 0.062976251422782251 3.0632387511889991 1.9998100234146883 -0.32119886779964335 -0.17013334050821216 1.7264761601498582 -0.37143735118607846 -0.025992734098330139 -0.018509628738189045
leaf_weight=1051 386 45 530 172 44 69 99 140 72 123 93 91 39 55
leaf_count=1051 386 45 530 172 44 69 99 140 72 123 93 91 39 55
internal_value=-0.0027309 -0.014203 0.0130584 -0.0176476 0.00764706 -0.00644144 0.0176603 0.0117628 0.00244186 -0.0208043 0.0144819 -0.0101136 0.00392019 0.0067
internal_weight=3009 1743 1266 1506 237 332 841 311 171 1174 192 263 425 99
internal_count=3009 1743 1266 1506 237 332 841 311 171 1174 192 263 425 99
is_linear=0
shrinkage=0.025


Tree=24
num_leaves=15
num_cat=0
split_feature=9 11 9 4 11 6 4 4 10 9 4 14 8 6
split_gain=856.971 217.329 95.5379 60.3566 48.5557 51.9965 64.7658 49.5203 32.1383 29.3621 31.2335 21.3772 25.4599 20.1049
threshold=44.500000000000007 22.500000000000004 13.500000000000002 10.500000000000002 95.500000000000014 1.0000000180025095e-35 22.500000000000004 15.500000000000002 80.500000000000014 159.50000000000003 10.500000000000002 11.500000000000002 7.5000000000000009 15.500000000000002
decision_type=2 2 2 2 2 2 2 2 2 2 2 2 2 2
left_child=1 2 11 -3 5 9 7 -7 -5 10 -2 13 -13 -1
right_child=4 3 -4 8 -6 6 -8 -9 -10 -11 -12 12 -14 -15
leaf_value=-0.301004010187986 0.55326909139473135 -0.31316889610465232 -0.019128146979926177 0.032548304123090337 2.8283715342938138 0.22859118105624809 1.1793883797135163 -0.31316889610465232 1.6833142561461116 7.4328740778126363 0.20343390426845753 0.080922159402372629 -0.24640017680698093 -0.32417607525451436
leaf_weight=988 126 64 400 169 316 104 98 101 93 180 195 27 57 91
leaf_count=988 126 64 400 169 316 104 98 101 93 180 195 27 57 91
internal_value=-0.00278073 -0.0130529 -0.0169246 0.0054893 0.0145361 0.011236 0.00302632 -0.00495146 0.0108175 0.0161753 0.0115528 -0.0205498 -0.00817647 -0.0215
internal_weight=3009 1889 1563 326 1120 804 303 205 262 501 321 1163 84 1079
internal_count=3009 1889 1563 326 1120 804 303 205 262 501 321 1163 84 1079
is_linear=0
shrinkage=0.025


Tree=25
num_leaves=15
num_cat=0
split_feature=13 14 13 13 4 11 6 10 9 4 4 4 4 4
split_gain=814.067 223.993 123.017 51.6221 49.4454 32.945 29.6607 29.2537 27.3435 26.3618 24.8444 21.7146 21.1655 55.2674
threshold=50.500000000000007 21.500000000000004 13.500000000000002 99.500000000000014 10.500000000000002 7.5000000000000009 1.0000000180025095e-35 80.500000000000014 6.5000000000000009 23.500000000000004 15.500000000000002 21.500000000000004 10.500000000000002 17.500000000000004
decision_type=2 2 2 2 2 2 2 2 2 2 2 2 2 2
left_child=1 2 5 6 8 -1 -2 -6 -3 10 -4 -8 -5 -14
right_child=3 4 9 12 7 -7 11 -9 -10 -11 -12 -13 13 -15
leaf_value=-0.29347890993328635 0.30720675885291515 -0.30533967370203596 -0.010562635890136996 3.5678788304718325 0.063357063329167615 -0.1323161248585111 -0.26108798916723625 2.0987084393267446 0.0034116537900763079 0.054492990373074118 -0.36257591727728322 0.14273345083012154 1.2447837193584332 2.3745318775877808
leaf_weight=1039 179 42 281 238 160 118 78 91 21 98 95 52 204 313
leaf_count=1039 179 42 281 238 160 118 78 91 21 98 95 52 204 313
internal_value=-0.0028804 -0.0124974 -0.0162194 0.0146901 0.00680952 -0.0206131 0.00603226 0.0117857 -0.0128125 -0.00546316 -0.0084748 -0.00301527 0.0182143 0.0152896
internal_weight=3009 1945 1631 1064 314 1157 309 251 63 474 376 130 755 517
internal_count=3009 1945 1631 1064 314 1157 309 251 63 474 376 130 755 517
is_linear=0
shrinkage=0.025


Tree=26
num_leaves=15
num_cat=0
split_feature=9 11 13 6 14 4 4 4 10 14 13 9 6 16
split_gain=799.855 206.743 124.204 45.5083 54.8264 74.7561 54.0543 44.4449 36.4936 34.0171 26.2796 22.7129 16.6891 14.5152
threshold=50.500000000000007 21.500000000000004 9.5000000000000018 1.0000000180025095e-35 81.500000000000014 22.500000000000004 15.500000000000002 10.500000000000002 80.500000000000014 10.500000000000002 8.5000000000000018 159.50000000000003 57.500000000000007 70.500000000000014
decision_type=2 2 2 2 2 2 2 2 2 2 2 2 2 2
left_child=1 2 9 11 5 6 -5 10 -9 -1 -3 13 -7 -2
right_child=3 7 -4 4 -6 12 -8 8 -10 -11 -12 -13 -14 -15
leaf_value=-0.28614193718495418 0.38618207748939454 -0.29770618185948505 -0.019284015676755931 0.79144464340130904 2.6813931595125933 -0.0099706077265158122 -0.33645926668599685 0.030150669936783815 1.5640544155731702 -0.061932269265343634 0.00051675868464862162 7.1578552551055257 1.8634052721540062 1.1222181926547623
leaf_weight=985 248 44 539 79 109 22 100 189 94 74 38 284 78 126
leaf_count=985 248 44 539 79 109 22 100 189 94 74 38 284 78 126
internal_value=-0.00284718 -0.0122556 -0.016132 0.0147994 0.0079563 0.00203571 -0.00761111 0.00469945 0.00940141 -0.0211038 -0.0113855 0.0188088 0.0192574 0.0146533
internal_weight=3009 1963 1598 1046 388 279 179 365 283 1059 82 658 100 374
internal_count=3009 1963 1598 1046 388 279 179 365 283 1059 82 658 100 374
is_linear=0
shrinkage=0.025


Tree=27
num_leaves=15
num_cat=0
split_feature=13 5 14 11 4 11 4 4 13 14 14 13 7 7
split_gain=773.333 242.839 117.631 65.5257 39.0571 37.0489 62.0625 141.695 24.0604 21.5373 21.3101 21.1866 16.8335 13.8421
threshold=61.500000000000007 10.500000000000002 44.500000000000007 12.500000000000002 10.500000000000002 76.500000000000014 15.500000000000002 22.500000000000004 10.500000000000002 15.500000000000002 9.5000000000000018 99.500000000000014 54.500000000000007 25.500000000000004
decision_type=2 2 2 2 2 2 2 2 2 2 2 2 2 2
left_child=1 3 8 9 -5 6 11 -8 10 13 -3 -2 -6 -1
right_child=5 2 -4 4 12 -7 7 -9 -10 -11 -12 -13 -14 -15
leaf_value=-0.27898838875533033 0.30787227690198543 -0.25398838875533031 1.0020741754934044 -0.29026352731299793 -0.049701744334833903 2.2383347996482157 -0.3280477850188469 1.0439552414771336 -0.0084026489640362644 0.042195143040409701 -0.011194401706915436 3.2308866400900045 0.84108580587036386 -0.13246515498965442
leaf_weight=957 84 99 131 59 126 345 104 140 535 24 52 290 41 22
leaf_count=957 84 99 131 59 126 345 104 140 535 24 52 290 41 22
internal_value=-0.0028804 -0.0115755 -0.00100244 -0.0185935 -0.00636564 0.0155809 0.0118659 0.00202041 -0.00516012 -0.0213347 -0.0139474 0.0182533 -0.000119048 -0.0219082
internal_weight=3009 2046 817 1229 226 963 618 244 686 1003 151 374 167 979
internal_count=3009 2046 817 1229 226 963 618 244 686 1003 151 374 167 979
is_linear=0
shrinkage=0.025


Tree=28
num_leaves=15
num_cat=0
split_feature=13 5 14 11 11 4 4 4 13 14 11 13 10 8
split_gain=762.944 230.061 101.708 63.783 39.4635 65.8205 133.939 39.0571 24.2633 21.1718 20.9246 20.6766 19.6676 12.9381
threshold=61.500000000000007 10.500000000000002 37.500000000000007 12.500000000000002 76.500000000000014 15.500000000000002 22.500000000000004 10.500000000000002 10.500000000000002 15.500000000000002 35.500000000000007 99.500000000000014 10.500000000000002 69.500000000000014
decision_type=2 2 2 2 2 2 2 2 2 2 2 2 2 2
left_child=1 3 8 9 5 11 -7 -5 12 -1 -8 -2 -3 -9
right_child=4 2 -4 7 -6 6 10 13 -10 -11 -12 -13 -14 -15
leaf_value=-0.27201367903644708 0.30017546997943589 -0.24763867903644707 0.71543738603834728 -0.283006939130173 2.1823764296570101 -0.31984659039337576 1.4928563604402052 -0.048459200726463036 -0.0086609847258907191 0.041140264464399473 -0.00119847328059155 3.1501144740877547 -0.027835735742400169 0.9712128050552522
leaf_weight=979 84 89 158 59 345 104 109 127 516 24 31 290 54 40
leaf_count=979 84 89 158 59 345 104 109 127 516 24 31 290 54 40
internal_value=-0.00296346 -0.0115999 -0.00130807 -0.0184309 0.0153734 0.0115428 0.00140816 -0.00636564 -0.00563636 -0.0211355 0.0173404 0.01812 -0.0147222 -0.000119048
internal_weight=3009 2046 817 1229 963 618 244 226 659 1003 140 374 143 167
internal_count=3009 2046 817 1229 963 618 244 226 659 1003 140 374 143 167
is_linear=0
shrinkage=0.025


Tree=29
num_leaves=15
num_cat=0
split_feature=13 5 14 11 4 11 4 4 1 13 14 14 13 10
split_gain=770.04 219.76 96.473 67.7014 41.0665 38.4247 55.3182 49.2067 66.636 24.6666 21.1718 19.2635 13.1664 11.8429
threshold=61.500000000000007 10.500000000000002 44.500000000000007 12.500000000000002 10.500000000000002 103.50000000000001 10.500000000000002 22.500000000000004 1.0000000180025095e-35 10.500000000000002 15.500000000000002 9.5000000000000018 35.500000000000007 16.500000000000004
decision_type=2 2 2 2 2 2 2 2 2 2 2 2 2 2
left_child=1 3 9 10 -5 6 -2 8 -8 11 13 -3 -4 -1
right_child=5 2 12 4 -6 -7 7 -9 -10 -11 -12 -13 -14 -15
leaf_value=-0.26521333706053585 1.6193838458734426 -0.24144771206053589 1.151701578915953 -0.27593176565191863 0.00038683072354892548 3.1326211349176187 0.80896410179874112 0.81184136254535277 -0.31185042563354137 -0.0079760581217881207 0.04011175785278949 -0.010218648270682529 -0.013224093784679702 -0.29470713216121708
leaf_weight=941 243 99 112 59 167 292 155 165 108 535 24 52 19 38
leaf_count=941 243 99 112 59 167 292 155 165 108 535 24 52 19 38
internal_value=-0.00299668 -0.0116732 -0.00161369 -0.0183496 -0.00592511 0.0154253 0.0120833 0.0066317 -7.57576e-05 -0.00537846 -0.0211355 -0.0142763 0.0179545 -0.0217041
internal_weight=3009 2046 817 1229 226 963 671 428 263 686 1003 151 131 979
internal_count=3009 2046 817 1229 226 963 671 428 263 686 1003 151 131 979
is_linear=0
shrinkage=0.025


Tree=30
num_leaves=15
num_cat=0
split_feature=9 11 9 4 9 10 11 14 8 6 14 4 7 0
split_gain=733.645 180.07 116.525 56.8492 55.5348 38.1679 27.7284 22.929 20.6968 20.5696 35.2302 53.4158 18.5035 18.2887
threshold=51.500000000000007 21.500000000000004 10.500000000000002 10.500000000000002 106.50000000000001 80.500000000000014 79.000000000000014 11.500000000000002 8.5000000000000018 5.5000000000000009 68.500000000000014 22.500000000000004 9.5000000000000018 72.500000000000014
decision_type=2 2 2 2 2 2 2 2 2 2 2 2 2 2
left_child=1 2 7 13 6 -5 -2 12 -9 -6 11 -11 -1 -3
right_child=4 3 -4 5 9 -7 -8 8 -10 10 -12 -13 -14 -15
leaf_value=-0.25858300363402248 0.043704734641224263 0.011622303622284492 -0.018175922989544093 0.023151749503423871 2.8788992497266066 1.3821712363754592 0.80775265760665294 0.07370098088337694 -0.27877765199875343 -0.30405416499270288 3.1325032509372175 1.9727389173655663 -0.24184621111116789 -0.26903347151062068
leaf_weight=949 240 31 511 190 449 94 77 26 52 100 101 62 76 51
leaf_count=949 240 31 511 190 449 94 77 26 52 100 101 62 76 51
internal_value=-0.00311296 -0.0120116 -0.0156006 0.00380109 0.014 0.00910526 0.00525157 -0.0201721 -0.00689873 0.0178752 0.012197 0.0048773 -0.0211696 -0.0143976
internal_weight=3009 1980 1614 366 1029 284 317 1103 78 712 263 162 1025 82
internal_count=3009 1980 1614 366 1029 284 317 1103 78 712 263 162 1025 82
is_linear=0
shrinkage=0.025


Tree=31
num_leaves=15
num_cat=0
split_feature=13 5 14 11 11 6 13 6 9 13 14 0 0 16
split_gain=745.106 215.493 93.961 62.4914 43.3832 49.9805 24.2615 23.6597 22.5561 20.9297 19.2635 14.5666 15.8839 13.6188
threshold=61.500000000000007 10.500000000000002 44.500000000000007 12.500000000000002 103.50000000000001 2.5000000000000004 10.500000000000002 68.500000000000014 227.50000000000003 9.5000000000000018 9.5000000000000018 31.500000000000004 86.500000000000014 70.500000000000014
decision_type=2 2 2 2 2 2 2 2 2 2 2 2 2 2
left_child=1 3 6 9 5 8 10 -7 -2 -1 -3 -5 -13 -9
right_child=4 2 -4 11 -6 7 -8 13 -10 -11 -12 12 -14 -15
leaf_value=-0.2521184285431719 0.43763524497738437 -0.22894694416817193 0.90277990713678946 0.085309541095773433 2.9792584352903746 -0.083583196208174296 -0.007322258594004794 0.85784382561672157 9.2230526896205145 -0.14781095058185267 -0.010057531930982534 -0.22597016837529754 0.16773613349782704 0.42011079173839883
leaf_weight=891 267 99 131 28 292 65 535 56 145 112 52 172 26 138
leaf_count=891 267 99 131 28 292 65 535 56 145 112 52 172 26 138
internal_value=-0.00316279 -0.0116976 -0.00173594 -0.0183089 0.0149585 0.0114137 -0.00545124 0.00276923 0.016816 -0.0209861 -0.0142763 -0.00636564 -0.00876884 0.00715385
internal_weight=3009 2046 817 1229 963 671 686 259 412 1003 151 226 198 194
internal_count=3009 2046 817 1229 963 671 686 259 412 1003 151 226 198 194
is_linear=0
shrinkage=0.025


Tree=32
num_leaves=15
num_cat=0
split_feature=13 14 13 4 10 11 4 4 4 11 4 4 4 16
split_gain=729.994 171.278 158.08 70.0219 48.8465 42.1027 58.4195 54.0534 59.3467 25.0365 24.3618 42.9224 19.5289 14.0232
threshold=61.500000000000007 10.500000000000002 9.5000000000000018 10.500000000000002 80.500000000000014 103.50000000000001 10.500000000000002 22.500000000000004 15.500000000000002 12.500000000000002 23.500000000000004 13.500000000000002 22.500000000000004 22.500000000000004
decision_type=2 2 2 2 2 2 2 2 2 2 2 2 2 2
left_child=1 2 9 -3 -5 6 -2 8 -8 -1 11 -4 -11 -12
right_child=5 3 10 4 -6 -7 7 -9 -10 12 13 -13 -14 -15
leaf_value=-0.24581546782959263 1.4959858873590068 -0.25665838051347273 -0.0071392021291546651 0.0075226027694409231 1.7868123869204133 2.9047769744081151 1.1011860092775105 0.73597601669763368 -0.30695558066134526 -0.35833850331840522 -0.042529834799773326 -0.35446979826673963 0.082562100151531606 0.14454336522239028
leaf_weight=962 243 81 338 267 93 292 138 165 125 20 62 120 26 77
leaf_count=962 243 81 338 267 93 292 138 165 125 20 62 120 26 77
internal_value=-0.0030299 -0.0114778 -0.0152677 0.00230769 0.00704986 0.0149066 0.0114137 0.00581585 -0.00121212 -0.0213033 -0.00505017 -0.00783224 -0.00308511 0.00407143
internal_weight=3009 2046 1605 441 360 963 671 428 263 1008 597 458 46 139
internal_count=3009 2046 1605 441 360 963 671 428 263 1008 597 458 46 139
is_linear=0
shrinkage=0.025


Tree=33
num_leaves=15
num_cat=0
split_feature=13 5 14 8 13 4 14 6 4 4 4 13 7 14
split_gain=714.377 202.466 90.8965 64.2402 36.5978 35.9647 33.3399 27.2249 26.3898 56.429 110.381 24.2615 19.5171 19.2635
threshold=61.500000000000007 10.500000000000002 44.500000000000007 6.5000000000000009 98.500000000000014 10.500000000000002 15.500000000000002 2.5000000000000004 10.500000000000002 17.500000000000004 15.500000000000002 10.500000000000002 54.500000000000007 9.5000000000000018
decision_type=2 2 2 2 2 2 2 2 2 2 2 2 2 2
left_child=1 3 11 6 7 -5 -1 -2 -6 10 -10 13 -7 -3
right_child=4 2 -4 5 8 12 -8 -9 9 -11 -12 -13 -14 -15
leaf_value=-0.2396700811338528 0.30821855962461098 -0.21707788386822782 0.85861495118223774 -0.25024192100063586 3.0042194845212324 -0.074897980656674787 0.065474664760159354 -0.11312535778012817 2.1348464920018357 1.8338869760388072 -0.29928169114481162 -0.0069607220759258411 0.78614925011064052 -0.0099941587019440007
leaf_weight=922 125 99 131 75 240 162 27 73 142 318 65 535 43 52
leaf_count=922 125 99 131 75 240 162 27 73 142 318 65 535 43 52
internal_value=-0.00309635 -0.0114533 -0.00179707 -0.0178618 0.0146473 -0.00727758 -0.0209684 0.005 0.0171279 0.0139163 0.00370192 -0.00545124 -0.00179612 -0.0142763
internal_weight=3009 2046 817 1229 963 280 949 198 765 525 207 686 205 151
internal_count=3009 2046 817 1229 963 280 949 198 765 525 207 686 205 151
is_linear=0
shrinkage=0.025


Tree=34
num_leaves=15
num_cat=0
split_feature=9 11 9 11 4 10 4 4 6 9 8 11 14 9
split_gain=665.12 165.804 115.353 57.5313 49.8706 56.1197 46.3722 36.7265 60.4591 29.8089 25.1983 21.6936 20.3482 18.4829
threshold=51.500000000000007 7.5000000000000009 10.500000000000002 103.50000000000001 10.500000000000002 80.500000000000014 10.500000000000002 22.500000000000004 1.0000000180025095e-35 107.50000000000001 44.500000000000007 35.500000000000007 15.500000000000002 2.5000000000000004
decision_type=2 2 2 2 2 2 2 2 2 2 2 2 2 2
left_child=1 2 12 6 13 -6 9 8 -8 10 -2 -9 -1 -3
right_child=3 4 -4 -5 5 -7 7 11 -10 -11 -12 -13 -14 -15
leaf_value=-0.23367832910550651 0.17217157170054467 -0.24398587297561997 -0.014264792078352961 2.7845809496560467 -0.0028529774295625644 1.2224425379406418 0.46407472600580352 1.2184269430589343 -0.29179964886619131 5.0223477220944863 -0.11029722383562479 0.02549369825658783 0.053342345018008608 -0.024172297013984691
leaf_weight=991 67 58 448 297 325 94 175 115 103 176 24 72 21 43
leaf_count=991 67 58 448 297 325 94 175 115 103 176 24 72 21 43
internal_value=-0.00336213 -0.0118349 -0.0161499 0.012932 0.000278311 0.00409524 0.0091337 0.00433476 -0.00141577 0.0174254 0.00565217 0.0128723 -0.0208243 -0.0153922
internal_weight=3009 1980 1460 1029 520 419 732 465 278 267 91 187 1012 101
internal_count=3009 1980 1460 1029 520 419 732 465 278 267 91 187 1012 101
is_linear=0
shrinkage=0.025


Tree=35
num_leaves=15
num_cat=0
split_feature=13 14 13 4 10 11 4 4 4 11 2 4 4 4
split_gain=670.811 166.895 152.922 64.5228 48.123 47.2175 62.3002 51.2336 65.8645 24.7614 20.7092 19.7774 40.9008 19.5289
threshold=61.500000000000007 10.500000000000002 9.5000000000000018 10.500000000000002 80.500000000000014 103.50000000000001 10.500000000000002 22.500000000000004 15.500000000000002 12.500000000000002 -0.56174490092936669 23.500000000000004 13.500000000000002 22.500000000000004
decision_type=2 2 2 2 2 2 2 2 2 2 2 2 2 2
left_child=1 2 9 -3 -5 6 -2 8 -8 -1 -9 12 -4 -11
right_child=5 3 11 4 -6 -7 7 10 -10 13 -12 -13 -14 -15
leaf_value=-0.22783637087786884 1.2579220600096388 -0.23788622615122948 -0.0064300842220688104 0.0062993036807578399 1.6588655068644382 2.7166958519055409 1.0098053266454166 1.2807104262430831 -0.28450465764453653 -0.34695593238459693 0.1666675195533518 0.032006241065232109 -0.34243618952741439 0.083056524016746736
leaf_weight=962 243 81 338 267 93 292 138 87 125 20 78 139 120 26
leaf_count=962 243 81 338 267 93 292 138 87 125 20 78 139 120 26
internal_value=-0.00342857 -0.0115266 -0.0152677 0.00208145 0.00663435 0.0137656 0.0100744 0.0043007 -0.00253788 -0.0212042 0.0151807 -0.00521739 -0.00772331 -0.00308511
internal_weight=3009 2046 1605 441 360 963 671 428 263 1008 165 597 458 46
internal_count=3009 2046 1605 441 360 963 671 428 263 1008 165 597 458 46
is_linear=0
shrinkage=0.025


Tree=36
num_leaves=15
num_cat=0
split_feature=13 5 11 11 4 11 4 4 6 14 2 7 2 9
split_gain=661.074 217.779 88.6723 66.8086 35.2613 31.3041 53.6709 41.7234 66.116 22.7845 16.9318 15.542 15.1726 15.0145
threshold=76.500000000000014 10.500000000000002 83.500000000000014 6.5000000000000009 10.500000000000002 100.50000000000001 10.500000000000002 22.500000000000004 22.500000000000004 15.500000000000002 1.0000000180025095e-35 54.500000000000007 -0.56174490092936669 15.500000000000002
decision_type=2 2 2 2 2 2 2 2 2 2 2 2 2 2
left_child=1 3 10 9 -5 6 -2 8 -8 -1 13 -6 -9 -3
right_child=5 2 -4 4 11 -7 7 12 -10 -11 -12 -13 -14 -15
leaf_value=-0.22214046160592213 2.3068385723933198 -0.14047766226093322 1.1542008360183258 -0.23193907049744877 -0.04414812201141214 2.6944523772692541 1.2043838337239166 1.5086630157830543 -0.27739204120342315 0.058404976159813153 0.0028133966808820523 0.63050690108322771 0.19402880157136676 -0.01666859843731814
leaf_weight=959 211 95 96 61 160 279 127 77 98 19 286 43 66 432
leaf_count=959 211 95 96 61 160 279 127 77 98 19 286 43 66 432
internal_value=-0.00341196 -0.0108132 -0.00150549 -0.0176146 -0.00639623 0.0151281 0.0117586 0.00594851 -0.000752212 -0.0206282 -0.00420147 -0.00132353 0.0164583 -0.00685606
internal_weight=3009 2151 909 1242 264 858 579 368 225 978 813 203 143 527
internal_count=3009 2151 909 1242 264 858 579 368 225 978 813 203 143 527
is_linear=0
shrinkage=0.025


Tree=37
num_leaves=15
num_cat=0
split_feature=13 9 14 4 14 10 13 8 4 4 4 14 6 13
split_gain=658.696 180.28 120.401 56.1318 40.444 32.4873 31.1725 29.3157 31.817 16.9137 30.8716 44.4103 16.6336 12.7091
threshold=76.500000000000014 12.500000000000002 9.5000000000000018 10.500000000000002 81.500000000000014 86.000000000000014 175.50000000000003 7.5000000000000009 25.500000000000004 23.500000000000004 10.500000000000002 70.500000000000014 1.0000000180025095e-35 9.5000000000000018
decision_type=2 2 2 2 2 2 2 2 2 2 2 2 2 2
left_child=1 2 7 -4 12 -5 9 13 -9 10 -2 -12 -3 -1
right_child=6 4 3 5 -6 -7 -8 8 -10 -11 11 -13 -14 -15
leaf_value=-0.21658695006577405 0.41008499830041639 -0.00083437486819786248 -0.22614059373501255 -0.007878648930806165 1.5642116460851474 1.7112618553820971 5.0241676080834869 -0.24132265406910444 0.064865806703390136 0.70985917950834421 -0.2578648904746732 0.67805269184221473 -0.066514793971409608 -0.13502616064638168
leaf_weight=871 104 521 58 153 48 49 443 64 35 122 116 73 258 94
leaf_count=871 104 521 58 153 48 49 443 64 35 122 116 73 258 94
internal_value=-0.00349502 -0.0108829 -0.0166 -0.00132184 -0.00171498 0.00490148 0.0150116 -0.0203239 -0.0072 0.010024 0.00670068 0.000631579 -0.00310256 -0.0216563
internal_weight=3009 2151 1324 260 827 202 858 1064 99 415 293 189 779 965
internal_count=3009 2151 1324 260 827 202 858 1064 99 415 293 189 779 965
is_linear=0
shrinkage=0.025


Tree=38
num_leaves=15
num_cat=0
split_feature=13 9 11 4 11 10 11 4 4 6 13 0 4 13
split_gain=652.597 181.406 121.093 57.1902 37.0977 34.7441 31.8818 51.5285 38.2528 64.4758 23.3414 17.6757 17.5237 14.7385
threshold=81.500000000000014 12.500000000000002 7.5000000000000009 10.500000000000002 95.500000000000014 86.000000000000014 100.50000000000001 10.500000000000002 22.500000000000004 22.500000000000004 9.5000000000000018 6.5000000000000009 25.500000000000004 107.50000000000001
decision_type=2 2 2 2 2 2 2 2 2 2 2 2 2 2
left_child=1 2 10 -4 11 -5 7 13 9 -9 -1 -3 -10 -2
right_child=6 4 3 5 -6 -7 -8 8 12 -11 -12 -13 -14 -15
leaf_value=-0.21117227631412969 0.40053491756043197 0.12396347625726137 -0.22048707889163724 -0.0089571113553175603 1.0494335571402407 1.6684803089975446 2.5197222177207022 1.0486700476787321 1.4531999609007693 -0.26401061791147068 -0.073784077309185125 -0.013206116780893585 0.042663586532393799 4.5235634178813999
leaf_weight=930 26 29 62 169 57 49 278 127 99 96 115 751 39 182
leaf_count=930 26 29 62 169 57 49 278 127 99 96 115 751 39 182
internal_value=-0.00352824 -0.010816 -0.0165686 -0.0019395 -0.00169451 0.00408676 0.015059 0.011614 0.00585635 -0.000535714 -0.020478 -0.0031306 0.0161511 0.0215072
internal_weight=3009 2162 1325 280 837 218 847 569 361 223 1045 780 138 208
internal_count=3009 2162 1325 280 837 218 847 569 361 223 1045 780 138 208
is_linear=0
shrinkage=0.025


Tree=39
num_leaves=15
num_cat=0
split_feature=13 5 14 11 13 4 14 4 4 9 13 11 13 4
split_gain=623.709 214.038 80.883 61.9988 38.7747 33.3297 22.6269 22.1546 56.7435 17.3982 15.092 14.933 13.2458 11.869
threshold=81.500000000000014 10.500000000000002 81.500000000000014 6.5000000000000009 175.50000000000003 10.500000000000002 15.500000000000002 17.500000000000004 15.500000000000002 12.500000000000002 9.5000000000000018 7.5000000000000009 119.50000000000001 13.500000000000002
decision_type=2 2 2 2 2 2 2 2 2 2 2 2 2 2
left_child=1 3 9 6 7 -5 10 8 12 11 -1 -3 -2 -6
right_child=4 2 -4 5 13 -7 -8 -9 -10 -11 -12 -13 -14 -15
leaf_value=-0.20589296940627644 0.084339741249714717 -0.13590714705591678 1.5328162837499344 -0.21497490191934632 5.858193777631417 -0.019860095780218502 0.058986419911817571 0.56960935570704707 -0.25741035246368393 -0.0067011556699318135 -0.17193947537645551 0.025132274294999493 0.28674378789587074 3.940463989983249
leaf_weight=864 74 93 83 61 211 204 19 200 38 702 97 39 92 232
leaf_count=864 74 93 83 61 211 204 19 200 38 702 97 39 92 232
internal_value=-0.0037608 -0.0108853 -0.00171024 -0.0176324 0.0144104 -0.00684211 -0.0205352 0.00875309 0.00290244 -0.00406587 -0.0210707 -0.0123684 0.0092515 0.019527
internal_weight=3009 2162 917 1245 847 265 980 404 204 834 961 132 166 443
internal_count=3009 2162 917 1245 847 265 980 404 204 834 961 132 166 443
is_linear=0
shrinkage=0.025


Tree=40
num_leaves=15
num_cat=0
split_feature=13 5 14 11 13 4 14 4 4 13 10 13 4 13
split_gain=620.805 214.038 80.883 61.9988 37.9604 33.3297 22.6269 22.1546 56.7435 16.1049 33.1569 15.092 14.8833 13.2458
threshold=81.500000000000014 10.500000000000002 81.500000000000014 6.5000000000000009 175.50000000000003 10.500000000000002 15.500000000000002 17.500000000000004 15.500000000000002 12.500000000000002 10.500000000000002 9.5000000000000018 23.500000000000004 119.50000000000001
decision_type=2 2 2 2 2 2 2 2 2 2 2 2 2 2
left_child=1 3 9 6 7 -5 11 8 13 10 -3 -1 -11 -2
right_child=4 2 -4 5 -6 -7 -8 -9 -10 12 -12 -13 -14 -15
leaf_value=-0.20074564517111951 0.082231247718471678 -0.16109174485306421 1.494495876656186 -0.20960052937136267 4.6390194879935791 -0.019363593385713074 0.057511759414022118 0.55536912181437104 -0.25097509365209186 -0.0072349464874923441 0.022412190799290646 -0.16764098849204415 0.056178403254470592 0.27957519319847396
leaf_weight=864 74 117 83 61 443 204 19 200 38 481 89 97 147 92
leaf_count=864 74 117 83 61 443 204 19 200 38 481 89 97 147 92
internal_value=-0.00377741 -0.0108853 -0.00171024 -0.0176324 0.0143514 -0.00684211 -0.0205352 0.00875309 0.00290244 -0.00406587 -0.0101208 -0.0210707 -0.00205882 0.0092515
internal_weight=3009 2162 917 1245 847 265 980 404 204 834 206 961 628 166
internal_count=3009 2162 917 1245 847 265 980 404 204 834 206 961 628 166
is_linear=0
shrinkage=0.025


Tree=41
num_leaves=15
num_cat=0
split_feature=13 5 14 8 13 14 4 4 4 13 9 6 11 4
split_gain=573.406 205.954 79.3823 58.2399 45.5492 35.7058 30.239 25.0214 50.8082 21.2276 18.4262 17.9326 14.933 14.1061
threshold=81.500000000000014 10.500000000000002 81.500000000000014 6.5000000000000009 175.50000000000003 15.500000000000002 10.500000000000002 17.500000000000004 15.500000000000002 8.5000000000000018 12.500000000000002 1.0000000180025095e-35 7.5000000000000009 25.500000000000004
decision_type=2 2 2 2 2 2 2 2 2 2 2 2 2 2
left_child=1 3 10 5 7 9 -5 8 -2 -1 12 -12 -3 -8
right_child=4 2 -4 6 -6 -7 13 -9 -10 -11 11 -13 -14 -15
leaf_value=-0.19572700404184151 0.27258581336851223 -0.12848217475819226 1.4571334797397812 -0.20436051613707862 4.5230440007937398 0.063450451167668301 -0.045892291171954216 0.54148489376901188 -0.24470071631078955 -0.19557289110105588 0.0003520898549201235 -0.060876715010035554 0.023943662667642231 0.081666688812059851
leaf_weight=816 166 93 83 76 443 27 182 200 38 111 487 215 39 33
leaf_count=816 166 93 83 76 443 27 182 200 38 111 487 215 39 33
internal_value=-0.00366113 -0.0104924 -0.00149237 -0.0171108 0.0137618 -0.0200995 -0.00726027 0.00764198 0.00143902 -0.0209267 -0.00382635 -0.00219772 -0.0123684 -0.00240741
internal_weight=3009 2162 917 1245 847 954 291 404 204 927 834 702 132 215
internal_count=3009 2162 917 1245 847 954 291 404 204 927 834 702 132 215
is_linear=0
shrinkage=0.025


Tree=42
num_leaves=15
num_cat=0
split_feature=9 11 9 13 4 10 11 6 7 4 6 10 9 0
split_gain=562.964 146.551 120.637 98.8211 55.2289 40.1273 26.2481 19.8043 23.4468 18.4079 15.495 11.279 10.6904 10.3529
threshold=36.500000000000007 7.5000000000000009 135.50000000000003 8.5000000000000018 10.500000000000002 81.500000000000014 107.50000000000001 5.5000000000000009 135.50000000000003 13.500000000000002 1.0000000180025095e-35 13.500000000000002 227.50000000000003 46.500000000000007
decision_type=2 2 2 2 2 2 2 2 2 2 2 2 2 2
left_child=1 3 6 11 13 10 -2 12 9 -9 -6 -1 -4 -3
right_child=2 4 7 -5 5 -7 -8 8 -10 -11 -12 -13 -14 -15
leaf_value=-0.19083382894079548 0.0036525945662988948 -0.015377602909323197 0.83439491214605221 -0.012640092611119692 0.028773810226612542 0.9396571602689584 0.69478660097228906 0.54556487748414573 2.7573781927792176 -0.22599084870435548 -0.074600742341428813 -0.22668065976112328 8.0599679007738967 -0.19925150323365165
leaf_weight=901 651 18 104 371 142 91 66 32 123 67 119 43 223 58
leaf_count=901 651 18 104 371 142 91 66 32 123 67 119 43 223 58
internal_value=-0.00372757 -0.0129415 0.00895422 -0.0170745 -0.000221445 0.00395184 0.00218663 0.0177636 0.011861 0.0027 -0.00103053 -0.0213704 0.0217073 -0.0194156
internal_weight=3009 1743 1266 1315 428 352 717 549 222 99 261 944 327 76
internal_count=3009 1743 1266 1315 428 352 717 549 222 99 261 944 327 76
is_linear=0
shrinkage=0.025


Tree=43
num_leaves=15
num_cat=0
split_feature=9 11 13 13 4 7 11 4 4 4 6 14 9 4
split_gain=552.503 144.574 119.126 101.665 55.2289 36.148 31.6041 28.9056 50.871 87.4648 17.8079 16.0564 10.4064 13.8935
threshold=36.500000000000007 7.5000000000000009 121.50000000000001 8.5000000000000018 10.500000000000002 77.500000000000014 109.50000000000001 10.500000000000002 17.500000000000004 15.500000000000002 1.0000000180025095e-35 6.5000000000000009 41.500000000000007 10.500000000000002
decision_type=2 2 2 2 2 2 2 2 2 2 2 2 2 2
left_child=1 3 6 11 -3 10 12 -4 9 -9 -6 -1 13 -2
right_child=2 4 7 -5 5 -7 -8 8 -10 -11 -12 -13 -14 -15
leaf_value=-0.1860629832172756 0.0094872987089400958 -0.19427021565281036 3.8334687032545491 -0.012324090295841651 0.032998701219846181 0.81549393754910193 0.85284081713182125 1.9760896873828555 2.3980516847332169 -0.71137458067929327 -0.073219389464177817 -0.028137381456729837 -0.0093201468298580899 -0.0017763250677088394
leaf_weight=918 43 76 203 371 145 93 72 120 222 56 114 26 495 55
leaf_count=918 43 76 203 371 145 93 72 120 222 56 114 26 495 55
internal_value=-0.00372757 -0.0128555 0.00883583 -0.0169605 -0.000221445 0.00395184 0.00153153 0.0168937 0.0128947 0.00279661 -0.000846154 -0.0213175 -0.00037037 0.0070202
internal_weight=3009 1743 1266 1315 428 352 665 601 398 176 259 944 593 98
internal_count=3009 1743 1266 1315 428 352 665 601 398 176 259 944 593 98
is_linear=0
shrinkage=0.025


Tree=44
num_leaves=15
num_cat=0
split_feature=5 13 5 11 4 8 15 11 4 4 0 14 4 4
split_gain=537.06 180.346 128.332 67.9666 49.9016 44.9999 24.2989 21.2998 33.9732 27.6099 14.1501 13.7408 10.4794 20.9865
threshold=34.500000000000007 8.5000000000000018 121.50000000000001 4.5000000000000009 10.500000000000002 103.50000000000001 65.500000000000014 132.50000000000003 10.500000000000002 17.500000000000004 71.500000000000014 5.5000000000000009 23.500000000000004 15.500000000000002
decision_type=2 2 2 2 2 2 2 2 2 2 2 2 2 2
left_child=1 3 6 11 -5 12 -2 8 -4 -10 -6 -1 13 -3
right_child=2 5 7 4 10 -7 -8 -9 9 -11 -12 -13 -14 -15
leaf_value=-0.18141140863684369 -0.008331405060164521 -1.9954465615823481e-05 4.1126319856731852 -0.18941346026149009 -0.052843306281974006 1.2931245227371084 0.35695689699630012 3.4230952890412443 0.099045926743325199 0.88515374537635871 0.15121716305301589 -0.011393928071765914 0.033807432259802539 -0.13046735255793518
leaf_weight=894 514 245 165 62 88 73 131 196 139 128 62 18 102 192
leaf_count=894 514 245 165 62 88 73 131 196 139 128 62 18 102 192
internal_value=-0.00367774 -0.0127202 0.00864992 -0.0186622 -0.00584507 -0.0017863 0.000804954 0.0166852 0.0134988 0.00791045 0.00195364 -0.0216265 -0.0042963 -0.00598174
internal_weight=3009 1736 1273 1124 212 612 645 628 432 267 150 912 539 437
internal_count=3009 1736 1273 1124 212 612 645 628 432 267 150 912 539 437
is_linear=0
shrinkage=0.025


Tree=45
num_leaves=15
num_cat=0
split_feature=9 11 9 13 4 10 11 6 14 4 14 6 9 0
split_gain=537.622 140.61 120.413 104.548 54.5632 40.9284 26.6201 18.8671 29.6956 35.8472 15.9687 14.6211 10.7982 10.3529
threshold=36.500000000000007 7.5000000000000009 135.50000000000003 8.5000000000000018 10.500000000000002 81.500000000000014 109.50000000000001 5.5000000000000009 121.50000000000001 22.500000000000004 6.5000000000000009 1.0000000180025095e-35 227.50000000000003 46.500000000000007
decision_type=2 2 2 2 2 2 2 2 2 2 2 2 2 2
left_child=1 3 6 10 13 11 -2 12 9 -9 -1 -6 -4 -3
right_child=2 4 7 -5 5 -7 -8 8 -10 -11 -12 -13 -14 -15
leaf_value=-0.1768761234209226 0.00069326154164013338 -0.026300214548663582 0.69585560712411731 -0.011911760119494286 0.027068931150688116 0.88520100059747553 0.62406666473054073 -0.21762521083701172 2.0807722795464585 2.895464123426339 -0.026630981490889851 -0.067643555232340266 7.6889140017616144 -0.18467812375495285
leaf_weight=918 652 18 104 371 142 91 65 90 87 45 26 119 223 58
leaf_count=918 652 18 104 371 142 91 65 90 87 45 26 119 223 58
internal_value=-0.00379402 -0.0127982 0.00859905 -0.0168465 -0.000337995 0.0038102 0.00183844 0.0174 0.0116368 0.00419118 -0.0212646 -0.00122137 0.02125 -0.0194156
internal_weight=3009 1743 1266 1315 428 352 717 549 222 135 944 261 327 76
internal_count=3009 1743 1266 1315 428 352 717 549 222 135 944 261 327 76
is_linear=0
shrinkage=0.025


Tree=46
num_leaves=15
num_cat=0
split_feature=9 9 11 4 10 11 6 4 6 14 4 4 6 9
split_gain=492.119 185.781 140.941 65.2103 38.413 33.5788 21.0473 29.7714 20.1138 26.184 35.8472 15.8343 15.1768 10.2968
threshold=7.5000000000000009 135.50000000000003 7.5000000000000009 10.500000000000002 86.000000000000014 109.50000000000001 1.0000000180025095e-35 17.500000000000004 5.5000000000000009 121.50000000000001 22.500000000000004 10.500000000000002 43.500000000000007 227.50000000000003
decision_type=2 2 2 2 2 2 2 2 2 2 2 2 2 2
left_child=2 5 12 -4 -5 6 11 -8 13 10 -10 -2 -1 -3
right_child=1 8 3 4 -6 -7 7 -9 9 -11 -12 -13 -14 -15
leaf_value=-0.17245422033539953 0.0025457796646004786 0.67845921694601441 -0.18006117066107902 -0.0067820589826287584 0.86790920540881822 0.60846499811227739 -0.20810684546356747 0.0099538468166971775 -0.21218458056608644 2.0287529725577969 2.8230775203406804 -0.016184909078260024 -0.19504698377526467 7.4966911517175747
leaf_weight=879 309 104 61 157 86 71 209 169 90 87 45 486 33 223
leaf_count=879 309 104 61 157 86 71 209 169 90 87 45 486 33 223
internal_value=-0.00329568 0.00502787 -0.015567 -0.000803279 0.005 -0.000317269 -0.00133731 -0.00618734 0.0171273 0.0111883 0.00419118 0.000967337 -0.0204765 0.0210976
internal_weight=3009 1793 1216 304 243 1244 1173 378 549 222 135 795 912 327
internal_count=3009 1793 1216 304 243 1244 1173 378 549 222 135 795 912 327
is_linear=0
shrinkage=0.025


Tree=47
num_leaves=15
num_cat=0
split_feature=9 9 11 4 10 6 11 4 4 6 7 6 4 13
split_gain=486.806 179.012 137.81 64.285 36.3092 29.5295 31.0821 27.0016 31.018 24.0634 24.9431 23.7957 18.4725 18.106
threshold=7.5000000000000009 136.50000000000003 7.5000000000000009 10.500000000000002 86.000000000000014 1.0000000180025095e-35 109.50000000000001 17.500000000000004 15.500000000000002 5.5000000000000009 146.50000000000003 54.500000000000007 23.500000000000004 7.5000000000000009
decision_type=2 2 2 2 2 2 2 2 2 2 2 2 2 2
left_child=2 5 13 -4 -5 6 -2 8 -7 -3 12 -9 -11 -1
right_child=1 9 3 4 -6 7 -8 11 -10 10 -12 -13 -14 -15
leaf_value=-0.16814286482701454 0.00054144105941720253 4.1735716461319816 -0.17555964139455205 -0.0066125075080630154 0.84621147527359786 -0.032156502887480086 0.66135549107300573 -0.024389979272829355 -0.29700902397245338 -0.19595279197111998 2.5934311224485245 0.26502540913502098 2.6211872689740034 -0.20734274386632037
leaf_weight=845 796 322 61 157 86 143 60 114 84 72 121 61 20 67
leaf_count=845 796 322 61 157 86 143 60 114 84 72 121 61 20 67
internal_value=-0.00336213 0.00491639 -0.015567 -0.000967213 0.00479508 -0.000234313 0.00238623 -0.00581886 -0.0114912 0.0170149 0.0103738 0.00153409 0.000483871 -0.0204217
internal_weight=3009 1793 1216 304 243 1258 856 402 227 535 213 175 92 912
internal_count=3009 1793 1216 304 243 1258 856 402 227 535 213 175 92 912
is_linear=0
shrinkage=0.025


Tree=48
num_leaves=15
num_cat=0
split_feature=9 9 11 4 11 10 6 4 13 6 14 4 4 4
split_gain=486.738 168.063 133.178 62.4542 40.8364 29.3184 22.9562 35.9413 18.106 17.4386 17.8955 26.7783 14.0693 8.37414
threshold=7.5000000000000009 175.50000000000003 7.5000000000000009 10.500000000000002 116.50000000000001 86.000000000000014 1.0000000180025095e-35 23.500000000000004 7.5000000000000009 5.5000000000000009 132.00000000000003 22.500000000000004 10.500000000000002 14.500000000000002
decision_type=2 2 2 2 2 2 2 2 2 2 2 2 2 2
left_child=2 4 8 -4 6 -5 12 -8 -1 -3 11 -11 -2 -10
right_child=1 9 3 5 -6 -7 7 -9 13 10 -12 -13 -14 -15
leaf_value=-0.16393929320633915 0.0024685991465000171 5.3031289945000202 -0.17117065035968823 -0.0064471948203614462 0.71068492431415542 0.82505618839175787 -0.11657363707367559 0.06470064594159633 0.084773262504054925 -0.20198114625265629 2.8381983701826385 4.6434947113972038 -0.0088380855409152751 -0.22954086873493451
leaf_weight=845 316 272 61 157 91 86 342 81 19 69 72 30 520 48
leaf_count=845 316 272 61 157 91 86 342 81 19 69 72 30 520 48
internal_value=-0.00344518 0.00483278 -0.0156491 -0.00129508 0.000440415 0.00438525 -0.000730159 -0.0054717 -0.0204217 0.0181757 0.0117442 0.0047 0.00166667 -0.00764706
internal_weight=3009 1793 1216 304 1350 243 1259 423 912 443 171 99 836 67
internal_count=3009 1793 1216 304 1350 243 1259 423 912 443 171 99 836 67
is_linear=0
shrinkage=0.025


Tree=49
num_leaves=15
num_cat=0
split_feature=9 9 11 4 11 11 6 4 13 4 6 7 4 4
split_gain=478.133 165.185 130.891 61.5486 31.94 27.8591 19.5803 35.2644 18.106 16.5182 15.5851 17.4281 14.6086 14.1081
threshold=7.5000000000000009 175.50000000000003 7.5000000000000009 10.500000000000002 106.00000000000001 130.50000000000003 1.0000000180025095e-35 17.500000000000004 7.5000000000000009 10.500000000000002 5.5000000000000009 146.50000000000003 17.500000000000004 15.500000000000002
decision_type=2 2 2 2 2 2 2 2 2 2 2 2 2 2
left_child=2 4 8 -4 6 -5 9 -8 -1 -2 -3 13 -6 -12
right_child=1 10 3 5 12 -7 7 -9 -10 -11 11 -13 -14 -15
leaf_value=-0.15984081087618068 0.0024068841678375197 5.1705507696375195 -0.16689138410069604 -0.0014809707824620323 -0.011873205019126943 2.651287550157428 -0.19256460780082507 0.026268974616024111 -0.19642065355128902 -0.015002407146657949 3.2818741215903944 2.767243410928073 0.61908629835645146 -0.19693161759633987
leaf_weight=845 315 272 61 186 34 57 225 184 67 505 18 114 87 39
leaf_count=845 315 272 61 186 34 57 225 184 67 505 18 114 87 39
internal_value=-0.00359468 0.00460981 -0.0156902 -0.00145902 0.000255366 0.00418033 -0.00095122 -0.00541463 -0.0204217 0.00127284 0.0178378 0.0117442 0.012459 0.000344828
internal_weight=3009 1793 1216 304 1350 243 1229 409 912 820 443 171 121 57
internal_count=3009 1793 1216 304 1350 243 1229 409 912 820 443 171 121 57
is_linear=0
shrinkage=0.025


Tree=50
num_leaves=15
num_cat=0
split_feature=9 9 11 4 11 11 4 4 16 13 6 11 4 4
split_gain=467.689 162.667 130.891 61.5486 34.7525 27.8591 20.5225 42.5653 38.3836 18.106 14.4872 18.1604 20.6005 8.37414
threshold=7.5000000000000009 205.50000000000003 7.5000000000000009 10.500000000000002 116.50000000000001 130.50000000000003 23.500000000000004 15.500000000000002 40.500000000000007 7.5000000000000009 5.5000000000000009 170.00000000000003 22.500000000000004 14.500000000000002
decision_type=2 2 2 2 2 2 2 2 2 2 2 2 2 2
left_child=2 4 9 -4 6 -5 7 -2 -8 -1 -3 12 -12 -11
right_child=1 10 3 5 -6 -7 8 -9 -10 13 11 -13 -14 -15
leaf_value=-0.15584479060427617 0.00045320944710542933 6.3262736474094199 -0.16271909949817864 -0.0014439465129005181 0.59388316874614799 2.5850053614034922 -0.047597440377920998 -0.16306813901460179 0.30817066296815998 0.08756444728023581 -0.37197300075078021 2.7549288820134876 10.639896351212819 -0.21889183067777893
leaf_weight=845 689 242 61 186 126 57 131 315 152 19 54 62 22 48
leaf_count=845 689 242 61 186 126 57 131 315 152 19 54 62 22 48
internal_value=-0.00372757 0.00438685 -0.0156902 -0.00145902 0.000473833 0.00418033 -0.000753106 -0.00243284 0.00517606 -0.0204217 0.0188845 0.0121942 0.00383117 -0.00764706
internal_weight=3009 1793 1216 304 1413 243 1287 1004 283 912 380 138 76 67
internal_count=3009 1793 1216 304 1413 243 1287 1004 283 912 380 138 76 67
is_linear=0
shrinkage=0.025


Tree=51
num_leaves=15
num_cat=0
split_feature=9 9 11 4 11 11 6 4 13 15 6 11 4 9
split_gain=465.096 160.978 130.891 61.5486 34.9491 27.8591 19.9559 31.5073 18.106 16.4096 12.3077 16.8455 16.3212 10.9074
threshold=7.5000000000000009 205.50000000000003 7.5000000000000009 10.500000000000002 116.50000000000001 130.50000000000003 1.0000000180025095e-35 17.500000000000004 7.5000000000000009 43.500000000000007 5.5000000000000009 170.00000000000003 15.500000000000002 227.50000000000003
decision_type=2 2 2 2 2 2 2 2 2 2 2 2 2 2
left_child=2 4 8 -4 6 -5 9 -8 -1 -2 13 12 -12 -3
right_child=1 10 3 5 -6 -7 7 -9 -10 -11 11 -13 -14 -15
leaf_value=-0.15194867083916927 -0.0030135337856545875 0.28362619558976621 -0.15865112201072418 -0.0014078478500780145 0.57903608952749441 2.5203802273684048 -0.18005021889057859 0.023373781594737332 -0.18603784144556229 0.19989326779192496 5.2572386704683147 2.6860556599631509 -0.36267367573201059 6.7849357464826632
leaf_weight=845 677 19 61 186 126 57 245 191 67 174 26 62 50 223
leaf_count=845 677 19 61 186 126 57 245 191 67 174 26 62 50 223
internal_value=-0.0037608 0.0043311 -0.0156902 -0.00145902 0.000438472 0.00418033 -0.000791925 -0.0051373 -0.0204217 0.00143192 0.0187533 0.012554 0.00448052 0.0222016
internal_weight=3009 1793 1216 304 1413 243 1287 436 912 851 380 138 76 242
internal_count=3009 1793 1216 304 1413 243 1287 436 912 851 380 138 76 242
is_linear=0
shrinkage=0.025


Tree=52
num_leaves=15
num_cat=0
split_feature=9 9 11 4 11 6 4 11 4 13 6 4 4 4
split_gain=425.484 155.821 120.962 65.2586 51.6563 29.1041 32.0613 27.0521 25.8165 20.7692 14.0434 16.1899 38.5386 13.5381
threshold=6.5000000000000009 258.50000000000006 7.5000000000000009 10.500000000000002 129.50000000000003 1.0000000180025095e-35 23.500000000000004 130.50000000000003 10.500000000000002 5.5000000000000009 227.50000000000003 17.500000000000004 14.500000000000002 14.500000000000002
decision_type=2 2 2 2 2 2 2 2 2 2 2 2 2 2
left_child=2 4 9 -4 5 8 -7 -5 -2 -1 -3 12 -12 -11
right_child=1 10 3 7 -6 6 -8 -9 -10 13 11 -13 -14 -15
leaf_value=-0.17205142766905623 0.0024107201721053299 6.7991311442027254 -0.15468484396045606 -0.00086184562007873833 0.76986391728882042 -0.11211301720091367 0.077853160260178245 2.4573707216841947 -0.014745782939947905 0.0018500459318099738 4.6757589101645669 9.747913077526654 -0.65208331373824402 -0.18425024801701173
leaf_weight=764 365 214 60 184 128 380 85 57 596 29 26 38 26 57
leaf_count=764 365 214 60 184 128 380 85 57 596 29 26 38 26 57
internal_value=-0.00309635 0.0043007 -0.0150347 -0.00139073 0.00109003 -0.000276804 -0.00540773 0.00442149 0.00220374 -0.0198531 0.0206393 0.012033 0.00273585 -0.00798851
internal_weight=3009 1858 1151 301 1554 1426 465 241 961 850 304 90 52 86
internal_count=3009 1858 1151 301 1554 1426 465 241 961 850 304 90 52 86
is_linear=0
shrinkage=0.025


Tree=53
num_leaves=15
num_cat=0
split_feature=9 9 11 4 11 4 5 4 10 13 4 6 4 15
split_gain=421.031 146.952 116.635 63.4118 51.293 28.0207 50.9675 36.9576 23.888 20.7692 13.5381 13.168 18.587 11.1648
threshold=6.5000000000000009 275.50000000000006 7.5000000000000009 10.500000000000002 116.50000000000001 10.500000000000002 21.500000000000004 23.500000000000004 158.00000000000003 5.5000000000000009 14.500000000000002 376.00000000000006 21.500000000000004 188.50000000000003
decision_type=2 2 2 2 2 2 2 2 2 2 2 2 2 2
left_child=2 4 9 -4 5 6 -2 -7 -5 -1 -11 -3 -13 -6
right_child=1 11 3 8 13 7 -8 -9 -10 10 -12 12 -14 -15
leaf_value=-0.16775014197732985 0.0023504521678026969 5.9600017063142605 -0.15081772286144468 -4.111804827970911e-05 0.32593898581984676 -0.10571984827557701 -0.0040369561006652786 0.054319937000560439 3.5022634571917823 0.0018037947835147341 -0.17964399181658641 -0.63578123089478789 11.218339885167289 2.4227602422726884
leaf_weight=764 143 247 60 192 123 608 352 295 49 29 57 22 21 47
leaf_count=764 143 247 60 192 123 608 352 295 49 29 57 22 21 47
internal_value=-0.00324585 0.00411243 -0.0151215 -0.00172185 0.00108031 -0.000496783 0.00427419 -0.00311947 0.00400826 -0.0198531 -0.00798851 0.0204296 0.00727273 0.0140058
internal_weight=3009 1858 1151 301 1568 1398 495 903 241 850 86 290 43 170
internal_count=3009 1858 1151 301 1568 1398 495 903 241 850 86 290 43 170
is_linear=0
shrinkage=0.025


Tree=54
num_leaves=15
num_cat=0
split_feature=9 9 11 4 11 4 4 9 13 8 6 4 4 4
split_gain=420.763 145.501 115.126 58.9313 48.2618 29.9224 34.7391 34.5913 22.4892 22.4661 13.168 18.587 12.4393 9.59697
threshold=6.5000000000000009 275.50000000000006 7.5000000000000009 10.500000000000002 116.50000000000001 10.500000000000002 18.500000000000004 24.500000000000004 5.5000000000000009 217.50000000000003 376.00000000000006 21.500000000000004 14.500000000000002 17.500000000000004
decision_type=2 2 2 2 2 2 2 2 2 2 2 2 2 2
left_child=2 4 8 -4 5 7 -7 -2 -1 -5 -3 -12 -10 -14
right_child=1 10 3 9 -6 6 -8 -9 12 -11 11 -13 13 -15
leaf_value=-0.16355638842789658 0.0017310166233122761 5.8110016636564037 -0.14704727978990856 0.0099733143145758658 0.57780184664968848 -0.17372671202126272 0.019475721084978616 9.4476530862408484e-05 0.0017586999139268757 5.1147068707619878 -0.61988670012241809 10.937881388038107 -0.21304775283704513 -0.020415982163589877
leaf_weight=764 153 247 60 208 170 441 462 342 29 33 22 21 29 28
leaf_count=764 153 247 60 208 170 441 462 342 29 33 22 21 29 28
internal_value=-0.00316279 0.00419311 -0.0150347 -0.00172185 0.00117591 -0.000353824 -0.00306416 0.00457661 -0.0197356 0.00380165 0.0204296 0.00727273 -0.00741379 -0.0141379
internal_weight=3009 1858 1151 301 1568 1398 903 495 850 241 290 43 86 57
internal_count=3009 1858 1151 301 1568 1398 903 495 850 241 290 43 86 57
is_linear=0
shrinkage=0.025


Tree=55
num_leaves=15
num_cat=0
split_feature=13 13 11 4 10 4 4 4 16 14 4 4 4 5
split_gain=406.433 154.388 139.636 66.1849 31.0527 29.5049 50.9796 57.9416 33.7862 16.1521 15.7537 25.2959 50.1456 14.9708
threshold=6.5000000000000009 195.50000000000003 4.5000000000000009 10.500000000000002 73.000000000000014 23.500000000000004 15.500000000000002 17.500000000000004 40.500000000000007 6.5000000000000009 10.500000000000002 17.500000000000004 15.500000000000002 9.5000000000000018
decision_type=2 2 2 2 2 2 2 2 2 2 2 2 2 2
left_child=2 5 9 -4 -5 6 13 -8 -7 -1 -3 12 -12 -2
right_child=1 10 3 4 -6 8 7 -9 -10 -11 11 -13 -14 -15
leaf_value=-0.16056600511633295 0.0016877412077294764 3.6835565652150701 -0.14337109779516086 -0.004502219166802668 0.6662805560359879 -0.026754916575267764 -0.27616322652705733 -0.016076738570106743 0.39558917364688501 0.026444909886366996 4.3658866275623494 4.6145277927925727 -0.66517061373465036 9.2114617590866041e-05
leaf_weight=798 145 141 60 170 86 136 117 261 194 18 84 135 32 632
leaf_count=798 145 141 60 170 86 136 117 261 194 18 84 135 32 632
internal_value=-0.00339535 0.00373802 -0.0152207 -0.00108833 0.00445525 4.71063e-05 -0.00183391 -0.00935356 0.00663142 -0.0206793 0.0176718 0.0137698 0.00508547 0.00182519
internal_weight=3009 1877 1132 316 256 1485 1155 378 330 816 392 251 116 777
internal_count=3009 1877 1132 316 256 1485 1155 378 330 816 392 251 116 777
is_linear=0
shrinkage=0.025


Tree=56
num_leaves=15
num_cat=0
split_feature=9 13 11 4 15 6 4 13 10 4 4 1 4 6
split_gain=404.002 144.886 113.005 58.0508 45.1287 24.347 28.6626 22.4892 19.8542 18.7654 12.4393 12.0767 23.4082 11.4542
threshold=6.5000000000000009 258.50000000000006 7.5000000000000009 10.500000000000002 126.50000000000001 1.0000000180025095e-35 17.500000000000004 5.5000000000000009 86.000000000000014 10.500000000000002 14.500000000000002 1.0000000180025095e-35 14.500000000000002 170.50000000000003
decision_type=2 2 2 2 2 2 2 2 2 2 2 2 2 2
left_child=2 4 7 -4 5 9 -7 -1 -5 -2 -9 -6 -13 -3
right_child=1 13 3 8 11 6 -8 10 -10 -11 -12 12 -14 -15
leaf_value=-0.15545332858929084 0.0022062219178315967 6.4048722601056243 -0.13978682035028184 -0.006177455605752869 1.0081440411788998 -0.15885589331769387 0.012582675000293975 0.0016725388858854773 0.68361501613933806 -0.016569830121261276 -0.17137722139524086 0.96476757146892533 -0.17224206177886342 3.5148136557306744
leaf_weight=764 369 192 60 155 113 242 211 29 86 588 57 18 26 99
leaf_count=764 369 192 60 155 113 242 211 29 86 588 57 18 26 99
internal_value=-0.00344518 0.00376278 -0.0150781 -0.00188742 0.000746173 -0.000669738 -0.00544053 -0.0197356 0.00359504 0.00158664 -0.00741379 0.0134177 0.00211111 0.0199315
internal_weight=3009 1858 1151 301 1567 1410 453 850 241 957 86 157 44 291
internal_count=3009 1858 1151 301 1567 1410 453 850 241 957 86 157 44 291
is_linear=0
shrinkage=0.025


Tree=57
num_leaves=15
num_cat=0
split_feature=9 13 11 4 14 6 4 7 13 6 4 6 4 4
split_gain=401.437 144.404 111.52 58.0508 48.4376 31.6125 29.3947 23.3741 22.0533 19.6989 12.4393 11.4542 15.4557 43.4686
threshold=6.5000000000000009 258.50000000000006 7.5000000000000009 10.500000000000002 144.50000000000003 1.0000000180025095e-35 22.500000000000004 109.50000000000001 5.5000000000000009 178.50000000000003 14.500000000000002 170.50000000000003 17.500000000000004 14.500000000000002
decision_type=2 2 2 2 2 2 2 2 2 2 2 2 2 2
left_child=2 4 8 -4 5 7 -7 -2 -1 -5 -10 -3 13 -13
right_child=1 11 3 9 -6 6 -8 -9 10 -11 -12 12 -14 -15
leaf_value=-0.15156699537455856 0.0015903921295904455 6.2447504536029834 -0.1362921498415248 0.0083766556566820857 1.1584355148916921 -0.12367033143218276 0.034607065861481434 0.44200165818493659 0.0016307254137383433 4.2700688098371193 -0.16709279086035986 4.478597309691426 8.657951547966471 -0.71353540035070073
leaf_weight=764 948 192 60 201 86 331 148 54 29 40 57 31 41 27
leaf_count=764 948 192 60 201 86 331 148 54 29 40 57 31 41 27
internal_value=-0.00339535 0.00378967 -0.0149913 -0.00188742 0.000778061 -0.000283401 -0.0055625 0.00223829 -0.0196181 0.00359504 -0.00741379 0.0199315 0.0127 0.00415254
internal_weight=3009 1858 1151 301 1567 1481 479 1002 850 241 86 291 99 58
internal_count=3009 1858 1151 301 1567 1481 479 1002 850 241 86 291 99 58
is_linear=0
shrinkage=0.025


Tree=58
num_leaves=15
num_cat=0
split_feature=9 13 11 4 14 6 4 12 13 10 8 4 6 4
split_gain=382.486 144.712 107.122 58.0508 49.462 29.2381 29.3947 21.9326 20.7708 19.8542 12.4777 12.4393 10.8823 15.4557
threshold=6.5000000000000009 258.50000000000006 7.5000000000000009 10.500000000000002 144.50000000000003 1.0000000180025095e-35 22.500000000000004 114.50000000000001 5.5000000000000009 86.000000000000014 3.5000000000000004 14.500000000000002 170.50000000000003 17.500000000000004
decision_type=2 2 2 2 2 2 2 2 2 2 2 2 2 2
left_child=2 4 8 -4 5 7 -7 -2 10 -5 -1 -10 -3 -14
right_child=1 12 3 9 -6 6 -8 -9 11 -11 -12 -13 13 -15
leaf_value=-0.14887634688932838 0.0015506323263506873 6.0886316922629096 -0.13288484609548665 -0.0062324356070261547 1.1294746270193998 -0.12057857314637827 0.033741889214944414 0.53485628428020959 0.0015899572783948824 0.64270248188344281 -0.12387634688932839 -0.16291547108885085 1.9158110231947612 8.4415027592673084
leaf_weight=691 915 192 60 155 86 331 148 87 29 86 73 57 58 41
leaf_count=691 915 192 60 155 86 331 148 87 29 86 73 57 58 41
internal_value=-0.00341196 0.0036014 -0.0147309 -0.00188742 0.000586735 -0.00048583 -0.0055625 0.00193918 -0.0192656 0.00359504 -0.0205817 -0.00741379 0.0197603 0.0127
internal_weight=3009 1858 1151 301 1567 1481 479 1002 850 241 764 86 291 99
internal_count=3009 1858 1151 301 1567 1481 479 1002 850 241 764 86 291 99
is_linear=0
shrinkage=0.025


Tree=59
num_leaves=15
num_cat=0
split_feature=13 13 11 4 6 4 7 10 12 4 4 4 6 14
split_gain=377.765 151.255 137.182 67.9706 30.0199 30.3933 42.4132 26.3357 26.1493 17.6779 29.6292 45.3895 15.9342 15.4827
threshold=6.5000000000000009 195.50000000000003 4.5000000000000009 10.500000000000002 1.0000000180025095e-35 23.500000000000004 21.500000000000004 73.000000000000014 117.00000000000001 10.500000000000002 17.500000000000004 15.500000000000002 57.500000000000007 6.5000000000000009
decision_type=2 2 2 2 2 2 2 2 2 2 2 2 2 2
left_child=2 4 13 -4 8 6 -6 -5 -2 -3 11 -11 -7 -1
right_child=1 9 3 7 5 12 -8 -9 -10 10 -12 -13 -14 -15
leaf_value=-0.14515443821709517 0.001511866518191929 3.343737101369272 -0.12956272494309948 -0.0028146146339676826 -0.16327762481959962 -0.0051904670991030251 -0.010674789525650397 0.62767452112799815 0.54793126176446738 3.7882831017240015 4.4167632433955086 -0.72463989508108095 0.73015702549258676 0.036868703910537273
leaf_weight=798 844 141 60 170 185 46 290 86 81 84 135 32 39 18
leaf_count=798 844 141 60 170 185 46 290 86 81 84 135 32 39 18
internal_value=-0.00337874 0.0034984 -0.0147793 -0.000772871 -0.000148048 -0.0047148 -0.00718487 0.00484436 0.00261339 0.0172901 0.0131746 0.00380342 0.00895349 -0.0201897
internal_weight=3009 1877 1132 316 1485 560 475 256 925 392 251 116 85 816
internal_count=3009 1877 1132 316 1485 560 475 256 925 392 251 116 85 816
is_linear=0
shrinkage=0.025


Tree=60
num_leaves=15
num_cat=0
split_feature=13 13 11 4 14 4 4 16 14 14 0 16 4 4
split_gain=373.002 148.697 134.95 67.0748 42.0659 27.5981 52.3301 28.0716 21.0998 15.4827 14.7935 8.38549 22.7813 45.2896
threshold=6.5000000000000009 243.50000000000003 4.5000000000000009 10.500000000000002 144.50000000000003 23.500000000000004 15.500000000000002 40.500000000000007 163.50000000000003 6.5000000000000009 71.500000000000014 109.00000000000001 17.500000000000004 15.500000000000002
decision_type=2 2 2 2 2 2 2 2 2 2 2 2 2 2
left_child=2 4 9 -4 5 6 -2 -7 10 -1 -5 -3 13 -13
right_child=1 11 3 8 -6 7 -8 -9 -10 -11 -12 12 -14 -15
leaf_value=-0.14152557726166778 0.0014740698552371256 5.8528224724221038 -0.12632365681952201 -0.034017460871430705 0.9770293140692502 -0.026883846458767204 -0.14660460045819373 0.35786918010339552 3.8315576645159042 0.035946986312773842 0.16219732791967331 3.2601436738350404 5.9035343727370222 -0.75082065194346248
leaf_weight=798 781 169 60 136 70 136 367 203 45 18 75 39 84 28
leaf_count=798 781 169 60 136 70 136 367 203 45 18 75 39 84 28
internal_value=-0.00349502 0.00333866 -0.0148235 -0.000930599 0.000141207 -0.000752688 -0.00260661 0.0055 0.00464981 -0.0201897 0.00127358 0.0188318 0.0142763 0.00323529
internal_weight=3009 1877 1132 316 1557 1487 1148 339 256 816 211 320 151 67
internal_count=3009 1877 1132 316 1557 1487 1148 339 256 816 211 320 151 67
is_linear=0
shrinkage=0.025


Tree=61
num_leaves=15
num_cat=0
split_feature=13 13 11 4 15 10 6 4 4 0 6 4 4 10
split_gain=373.002 145.722 134.95 67.0748 36.5765 24.5757 19.9799 26.2567 14.4919 13.2136 12.5463 19.6032 47.8599 11.5542
threshold=6.5000000000000009 243.50000000000003 4.5000000000000009 10.500000000000002 126.50000000000001 73.000000000000014 1.0000000180025095e-35 21.500000000000004 10.500000000000002 71.500000000000014 8.5000000000000018 17.500000000000004 13.500000000000002 3.5000000000000004
decision_type=2 2 2 2 2 2 2 2 2 2 2 2 2 2
left_child=2 4 13 -4 6 9 8 -8 -2 -5 -3 12 -12 -1
right_child=1 10 3 5 -6 -7 7 -9 -10 -11 11 -13 -14 -15
leaf_value=-0.1379874378301261 0.0014372181088561976 5.7065019106115518 -0.12316556539903396 -0.066925479862928169 0.54302853890046809 0.57022642774499588 -0.1180855969622276 0.016649503231172248 -0.016433649427639096 0.094680917234897424 3.3085617603928683 7.2341350912602564 -0.75739449404356307 -0.087987437830126108
leaf_weight=738 371 192 60 107 137 86 318 207 524 63 36 59 33 78
leaf_count=738 371 192 60 107 137 86 318 207 524 63 36 59 33 78
internal_value=-0.00349502 0.00333866 -0.0148235 -0.000930599 0.000173299 0.00464981 -0.00101689 -0.00488593 0.00125 -0.000847953 0.018676 0.0123643 0.00314286 -0.0201897
internal_weight=3009 1877 1132 316 1557 256 1420 525 895 170 320 128 69 816
internal_count=3009 1877 1132 316 1557 256 1420 525 895 170 320 128 69 816
is_linear=0
shrinkage=0.025


Tree=62
num_leaves=15
num_cat=0
split_feature=13 13 11 4 15 6 4 10 4 6 4 4 0 8
split_gain=373.347 147.245 130.54 65.3008 35.008 21.2372 24.0935 18.8822 14.4919 12.5463 19.6032 47.8599 12.3704 12.0073
threshold=6.5000000000000009 243.50000000000003 4.5000000000000009 10.500000000000002 126.50000000000001 1.0000000180025095e-35 21.500000000000004 73.000000000000014 10.500000000000002 8.5000000000000018 17.500000000000004 13.500000000000002 71.500000000000014 120.50000000000001
decision_type=2 2 2 2 2 2 2 2 2 2 2 2 2 2
left_child=2 4 -1 -4 5 8 -7 12 -2 -3 11 -11 -5 -6
right_child=1 9 3 7 13 6 -8 -9 -10 10 -12 -13 -14 -15
leaf_value=-0.13453775188437297 0.0014012876561347865 5.563839362846263 -0.12008642626405813 -0.065252342866354951 0.097413348615287998 -0.11513345703817196 0.016233265650392781 0.55597076705137094 -0.016022808191948103 3.2258477163830466 7.0532817139787518 -0.73845963169247408 0.092313894304025021 0.73456987700635956
leaf_weight=816 371 192 60 107 51 318 207 86 524 36 59 33 63 86
leaf_count=816 371 192 60 107 51 318 207 86 524 36 59 33 63 86
internal_value=-0.00357807 0.00325879 -0.0149117 -0.00124606 7.70218e-05 -0.00108726 -0.00507605 0.0042607 0.00125 0.018676 0.0123643 0.00314286 -0.000555556 0.0121014
internal_weight=3009 1877 1132 316 1557 1420 525 256 895 320 128 69 170 137
internal_count=3009 1877 1132 316 1557 1420 525 256 895 320 128 69 170 137
is_linear=0
shrinkage=0.025


Tree=63
num_leaves=15
num_cat=0
split_feature=13 13 11 4 14 6 4 14 16 14 6 4 4 10
split_gain=372.628 146.736 132.736 66.1849 39.1113 26.6075 23.8686 18.33 16.0998 15.4827 12.5463 19.6032 47.8599 10.5783
threshold=6.5000000000000009 243.50000000000003 4.5000000000000009 10.500000000000002 144.50000000000003 1.0000000180025095e-35 21.500000000000004 178.50000000000003 119.50000000000001 6.5000000000000009 8.5000000000000018 17.500000000000004 13.500000000000002 4.5000000000000009
decision_type=2 2 2 2 2 2 2 2 2 2 2 2 2 2
left_child=2 4 9 -4 5 8 -7 -5 -2 13 -3 12 -12 -1
right_child=1 10 3 7 -6 6 -8 -9 -10 -11 11 -13 -14 -15
leaf_value=-0.13117430808726363 0.0013662554647314142 5.4247433787751067 -0.11708426560745666 0.014162615280651015 0.92066362081984809 -0.12145026247319671 0.015827434009132803 4.7927035575420618 0.50120188803873977 0.040611441397816972 3.1452015234734709 6.8769496711292817 -0.71999814090016212 -0.082424308087263629
leaf_weight=735 869 192 60 222 70 342 209 34 67 18 36 59 33 63
leaf_count=735 869 192 60 222 70 342 209 34 67 18 36 59 33 63
internal_value=-0.00354485 0.00328541 -0.0148676 -0.00108833 0.000109114 -0.000752688 -0.0051087 0.00445525 0.00180896 -0.0201897 0.018676 0.0123643 0.00314286 -0.0207071
internal_weight=3009 1877 1132 316 1557 1487 551 256 936 816 320 128 69 798
internal_count=3009 1877 1132 316 1557 1487 551 256 936 816 320 128 69 798
is_linear=0
shrinkage=0.025


Tree=64
num_leaves=15
num_cat=0
split_feature=13 13 11 4 14 4 4 16 10 14 0 10 4 4
split_gain=368.612 141.43 128.363 64.4227 36.664 23.4673 49.3027 24.4387 17.3967 15.4827 12.3704 10.5783 10.2384 19.3368
threshold=6.5000000000000009 243.50000000000003 4.5000000000000009 10.500000000000002 144.50000000000003 23.500000000000004 15.500000000000002 40.500000000000007 73.000000000000014 6.5000000000000009 71.500000000000014 4.5000000000000009 10.500000000000002 17.500000000000004
decision_type=2 2 2 2 2 2 2 2 2 2 2 2 2 2
left_child=2 4 9 -4 5 6 -2 -7 10 11 -5 -1 -3 -14
right_child=1 12 3 8 -6 7 -8 -9 -10 -11 -12 -13 13 -15
leaf_value=-0.12789495038508203 0.001332099078113136 4.914124794305728 -0.11415715896727026 -0.06397509967671236 0.89764703029935178 -0.026432000306496041 -0.13562331452732646 0.33545678599794154 0.54171743249307025 0.03959615536287156 0.089651981564408179 -0.080363700385082032 2.9197059836606161 6.1082075101554576
leaf_weight=735 781 115 60 107 70 136 367 203 86 18 63 63 93 112
leaf_count=735 781 115 60 107 70 136 367 203 86 18 63 63 93 112
internal_value=-0.00369435 0.00309904 -0.0149559 -0.00140379 -1.2837e-05 -0.000853495 -0.0025631 0.00491176 0.00406615 -0.0201897 -0.000555556 -0.0207071 0.0182087 0.0146602
internal_weight=3009 1877 1132 316 1557 1487 1148 339 256 816 170 798 320 205
internal_count=3009 1877 1132 316 1557 1487 1148 339 256 816 170 798 320 205
is_linear=0
shrinkage=0.025


Tree=65
num_leaves=15
num_cat=0
split_feature=13 13 10 4 11 6 4 8 8 4 15 6 11 4
split_gain=319.485 136.749 116.53 57.5344 32.5307 30.653 21.935 17.5336 16.7611 17.6129 16.5034 11.8203 12.7262 16.5351
threshold=4.5000000000000009 275.50000000000006 9.5000000000000018 10.500000000000002 143.00000000000003 1.5000000000000002 21.500000000000004 86.500000000000014 3.5000000000000004 25.500000000000004 43.500000000000007 191.50000000000003 236.50000000000003 13.500000000000002
decision_type=2 2 2 2 2 2 2 2 2 2 2 2 2 2
left_child=2 4 8 -4 5 10 -7 -5 -1 -10 -2 -3 13 -13
right_child=1 11 3 7 -6 6 -8 -9 9 -11 -12 12 -14 -15
leaf_value=-0.12469757662545498 0.00023011055373025615 5.2491437979689284 -0.1113032299930885 0.0014979734628958186 0.91473646253955188 -0.10844492559014736 0.017151246666843357 0.76925535492748187 -0.12532257662545498 0.074677423374545013 0.20943921434508939 7.5521068357363008 3.0695628522522806 -0.68639732849035662
leaf_weight=650 812 182 62 128 114 358 203 84 75 23 210 19 44 45
leaf_count=650 812 182 62 128 114 358 203 84 75 23 210 19 44 45
internal_value=-0.00296346 0.00287726 -0.0143157 -0.000345455 0.000159011 -0.000770202 -0.00546263 0.00584507 -0.0194192 -0.00954545 0.00180352 0.0187113 0.0118807 0.00453846
internal_weight=3009 1987 1022 274 1697 1583 561 212 748 98 1022 290 108 64
internal_count=3009 1987 1022 274 1697 1583 561 212 748 98 1022 290 108 64
is_linear=0
shrinkage=0.025


Tree=66
num_leaves=15
num_cat=0
split_feature=13 13 10 4 15 6 4 9 8 4 8 16 6 4
split_gain=323.181 132.938 114.306 56.5481 35.0843 21.0376 20.873 18.3206 16.7611 17.6129 16.1535 14.2463 11.1982 11.2705
threshold=4.5000000000000009 275.50000000000006 9.5000000000000018 10.500000000000002 111.00000000000001 1.5000000000000002 21.500000000000004 9.5000000000000018 3.5000000000000004 25.500000000000004 86.500000000000014 129.00000000000003 191.50000000000003 17.500000000000004
decision_type=2 2 2 2 2 2 2 2 2 2 2 2 2 2
left_child=2 4 8 -4 5 7 -7 -2 -1 -10 -5 -6 -3 -14
right_child=1 12 3 10 11 6 -8 -9 9 -11 -12 -13 13 -15
leaf_value=-0.1215801372098186 0.00029667061070177693 5.117915203019705 -0.10852064924326128 0.0014605241263234148 0.044084514921000566 -0.10573380245039364 0.016722465500172312 -0.00037383252322271688 -0.12218951220981862 0.0728104877901814 0.75002397105429486 0.59648877093146135 1.2612362620645989 7.4157227045162859
leaf_weight=650 215 182 62 128 75 319 205 747 75 23 84 136 58 50
leaf_count=650 215 182 62 128 75 319 205 747 75 23 84 136 58 50
internal_value=-0.00294684 0.00292757 -0.0143646 -0.000527273 0.00024735 -0.00110625 -0.00513333 0.00108515 -0.0194192 -0.00954545 0.00561033 0.00976415 0.0185395 0.0118807
internal_weight=3009 1987 1022 274 1697 1486 524 962 748 98 212 211 290 108
internal_count=3009 1987 1022 274 1697 1486 524 962 748 98 212 211 290 108
is_linear=0
shrinkage=0.025


Tree=67
num_leaves=15
num_cat=0
split_feature=13 13 10 4 11 4 4 16 8 4 8 4 4 14
split_gain=326.898 129.18 112.102 55.5703 29.4791 21.7375 57.2344 18.5153 16.7611 17.6129 14.83 11.8223 50.8504 9.65765
threshold=4.5000000000000009 275.50000000000006 9.5000000000000018 10.500000000000002 205.00000000000003 23.500000000000004 15.500000000000002 114.50000000000001 3.5000000000000004 25.500000000000004 86.500000000000014 15.500000000000002 17.500000000000004 5.5000000000000009
decision_type=2 2 2 2 2 2 2 2 2 2 2 2 2 2
left_child=2 4 8 -4 5 6 -2 -7 13 -10 -5 -3 -13 -1
right_child=1 11 3 10 -6 7 -8 -9 9 -11 -12 12 -14 -15
leaf_value=-0.11854063377957313 0.0012856270720495112 4.660680861388963 -0.10580763301217976 0.0014240110231653392 1.7418875703389134 0.00028925384543423418 -0.12596074615456576 0.50848953215571202 -0.11913477440457317 0.070990225595426878 0.73127337177793761 -0.78936181030852959 7.1189036933866792 -0.046890630710539984
leaf_weight=632 851 174 62 128 61 288 425 72 75 23 84 24 92 18
leaf_count=632 851 174 62 128 61 288 425 72 75 23 84 24 92 18
internal_value=-0.00293023 0.00297787 -0.0144135 -0.000709091 0.000335689 -0.000302382 -0.00183634 0.0051108 -0.0194192 -0.00954545 0.00537559 0.0183677 0.0119231 -0.0208833
internal_weight=3009 1987 1022 274 1697 1636 1276 360 748 98 212 290 116 650
internal_count=3009 1987 1022 274 1697 1636 1276 360 748 98 212 290 116 650
is_linear=0
shrinkage=0.025


Tree=68
num_leaves=15
num_cat=0
split_feature=13 13 11 4 11 4 4 16 7 4 4 0 14 13
split_gain=330.69 124.645 107.478 63.1624 28.9709 20.5276 51.4045 18.5153 13.7706 12.8739 49.5067 12.7308 11.4132 10.6842
threshold=4.5000000000000009 275.50000000000006 5.5000000000000009 10.500000000000002 205.00000000000003 23.500000000000004 15.500000000000002 114.50000000000001 278.00000000000006 15.500000000000002 17.500000000000004 71.500000000000014 1.0000000180025095e-35 345.50000000000006
decision_type=2 2 2 2 2 2 2 2 2 2 2 2 2 2
left_child=2 4 12 -4 5 6 -2 -7 11 -3 -11 -5 -1 -12
right_child=1 9 3 8 -6 7 -8 -9 -10 10 13 -13 -14 -15
leaf_value=-0.11557711793508381 0.0012534863952482712 4.5441638398542379 -0.10316244218687526 -0.038392431285104084 1.6983403810804405 0.00028202249929838442 -0.12281172750070163 0.49577729385181935 8.2115155200550305 -0.76962776505081631 0.096877152138225148 0.16583358268673243 -0.065577117935083806 8.1536951105590632
leaf_weight=650 851 174 59 132 61 288 425 72 24 24 22 78 79 70
leaf_count=650 851 174 59 132 61 288 425 72 24 24 22 78 79 70
internal_value=-0.00286379 0.00307847 -0.0144135 -0.00159864 0.000482921 -0.000149664 -0.00164056 0.0051108 0.00423404 0.0181959 0.0114957 0.002109 -0.0195479 0.0198387
internal_weight=3009 1987 1022 293 1697 1636 1276 360 234 290 116 210 729 92
internal_count=3009 1987 1022 293 1697 1636 1276 360 234 290 116 210 729 92
is_linear=0
shrinkage=0.025


Tree=69
num_leaves=15
num_cat=0
split_feature=13 13 10 5 11 6 1 15 8 16 0 0 16 11
split_gain=329.793 124.23 114.306 46.1013 26.1564 17.143 19.9096 18.0171 16.7611 14.539 12.4953 13.0878 12.1748 17.3732
threshold=4.5000000000000009 275.50000000000006 9.5000000000000018 5.5000000000000009 205.00000000000003 1.5000000000000002 -1.0000000180025095e-35 43.500000000000007 3.5000000000000004 15.500000000000002 70.500000000000014 33.500000000000007 161.50000000000003 236.50000000000003
decision_type=2 2 2 2 2 2 2 2 2 2 2 2 2 2
left_child=2 4 8 9 5 7 -7 -2 -1 -4 11 -5 -3 -14
right_child=1 12 3 10 -6 6 -8 -9 -10 -11 -12 -13 13 -15
leaf_value=-0.11268768998670671 0.00017022576628509257 4.7277604663211239 0.0056795942817435613 0.32696077094037312 1.6558818715534294 0.053247015552617509 -0.055204961092057726 0.19427447029267314 -0.099557997357420477 -0.10058338113220339 0.38550980434938897 -0.082879047325996255 0.8909947783601766 5.3073722642355259
leaf_weight=650 818 165 30 47 61 63 532 223 98 93 51 53 71 54
leaf_count=650 818 165 30 47 61 63 532 223 98 93 51 53 71 54
internal_value=-0.00283056 0.00310362 -0.0143646 -0.000527273 0.000512367 -8.85767e-05 -0.00347315 0.00184261 -0.0194192 -0.0118548 0.00868421 0.00341584 0.0181959 0.0120635
internal_weight=3009 1987 1022 274 1697 1636 595 1041 748 123 151 100 290 125
internal_count=3009 1987 1022 274 1697 1636 595 1041 748 123 151 100 290 125
is_linear=0
shrinkage=0.025


Tree=70
num_leaves=15
num_cat=0
split_feature=13 13 10 4 14 4 4 8 4 8 15 6 4 4
split_gain=330.583 121.301 107.76 53.6402 32.3423 30.3459 53.3988 16.7611 17.6129 15.2868 13.6251 10.0615 15.0362 31.7634
threshold=4.5000000000000009 322.00000000000006 9.5000000000000018 10.500000000000002 144.50000000000003 23.500000000000004 15.500000000000002 3.5000000000000004 25.500000000000004 92.500000000000014 205.00000000000003 191.50000000000003 17.500000000000004 13.500000000000002
decision_type=2 2 2 2 2 2 2 2 2 2 2 2 2 2
left_child=2 4 7 -4 5 6 -2 -1 -9 -5 -7 -3 13 -13
right_child=1 11 3 9 -6 10 -8 8 -10 -11 -12 12 -14 -15
leaf_value=-0.10987049773703904 0.0012178935912099177 5.1746879576296374 -0.098068796603898292 -0.0015742875501521425 0.75063749787120604 0.054692279488459054 -0.12325863901583255 -0.11077802716214623 0.074593847837853819 0.92359640118476105 2.0800934815949339 6.9953383796413506 7.7088103404728336 -0.79328003171007888
leaf_weight=650 829 174 62 135 103 361 418 75 23 77 24 18 40 20
leaf_count=650 829 174 62 135 103 361 418 75 23 77 24 18 40 20
internal_value=-0.00296346 0.00297787 -0.0145112 -0.00107273 0.000616359 -0.000241886 -0.00213942 -0.0194192 -0.00954545 0.0049061 0.00588083 0.0191502 0.0113291 0
internal_weight=3009 1987 1022 274 1735 1632 1247 748 98 212 385 252 78 38
internal_count=3009 1987 1022 274 1735 1632 1247 748 98 212 385 252 78 38
is_linear=0
shrinkage=0.025


Tree=71
num_leaves=15
num_cat=0
split_feature=13 13 10 4 14 4 4 5 8 4 10 14 6 4
split_gain=323.856 121.58 100.644 50.8084 32.191 21.966 58.2669 51.1081 16.5277 17.6129 14.0001 11.2533 9.76981 14.7498
threshold=4.5000000000000009 323.50000000000006 9.5000000000000018 10.500000000000002 144.50000000000003 10.500000000000002 17.500000000000004 9.5000000000000018 3.5000000000000004 25.500000000000004 283.00000000000006 3.5000000000000004 191.50000000000003 20.500000000000004
decision_type=2 2 2 2 2 2 2 2 2 2 2 2 2 2
left_child=2 4 8 -4 5 7 -7 -2 11 -10 -5 -1 -3 -14
right_child=1 12 3 10 -6 6 -8 -9 9 -11 -12 -13 13 -15
leaf_value=-0.10712373529361306 0.0012257880796727517 5.045320758688896 -0.095617076688800831 0.017532161211420694 0.73187156042442614 -0.15329101105755788 0.012048809773002401 -0.00013592037874161634 -0.10800857648309257 0.072729001641907473 7.974963702750526 -0.064023644161211896 0.75097361604358215 7.5719079567079151
leaf_weight=618 109 174 62 188 104 439 657 427 75 23 24 32 38 39
leaf_count=618 109 174 62 188 104 439 657 427 75 23 24 32 38 39
internal_value=-0.0031794 0.00270121 -0.014609 -0.00161818 0.000342545 -0.000517453 -0.00254786 0.00362197 -0.0193525 -0.00954545 0.00420188 -0.0208065 0.0189286 0.0111538
internal_weight=3009 1987 1022 274 1736 1632 1096 536 748 98 212 650 251 77
internal_count=3009 1987 1022 274 1736 1632 1096 536 748 98 212 650 251 77
is_linear=0
shrinkage=0.025


Tree=72
num_leaves=15
num_cat=0
split_feature=13 13 11 4 11 4 5 4 7 0 14 6 6 4
split_gain=313.641 122.219 98.6428 59.4842 30.8983 21.6401 52.7227 40.1827 15.1616 15.9186 13.0208 8.40401 7.88033 19.7778
threshold=4.5000000000000009 338.50000000000006 5.5000000000000009 10.500000000000002 205.00000000000003 10.500000000000002 9.5000000000000018 17.500000000000004 278.00000000000006 71.500000000000014 2.5000000000000004 4.5000000000000009 307.50000000000006 20.500000000000004
decision_type=2 2 2 2 2 2 2 2 2 2 2 2 2 2
left_child=2 4 10 -4 5 6 -2 -7 9 -5 11 -1 -3 -14
right_child=1 12 3 8 -6 7 -8 -9 -10 -11 -12 -13 13 -15
leaf_value=-0.10444564191127273 0.0014563095837070829 4.9790662367551324 -0.093226649771580808 -0.030508748626733098 1.3292436693778518 -0.13726748869938049 -0.00013252236927305817 0.00928455577372953 7.775589610181763 0.14873239491637744 -0.050325917595957718 -0.10203840535113787 -0.68301077151307088 7.7238532758126883
leaf_weight=626 110 165 59 132 88 453 443 658 24 78 46 57 33 37
leaf_count=626 110 165 59 132 88 453 443 658 24 78 46 57 33 37
internal_value=-0.00331229 0.00247485 -0.0145601 -0.00227891 0.000196805 -0.000567568 0.0034657 -0.00258094 0.00338298 0.00116114 -0.0194795 -0.0203509 0.0193644 0.0119014
internal_weight=3009 1987 1022 293 1752 1664 553 1111 234 210 729 683 235 70
internal_count=3009 1987 1022 293 1752 1664 553 1111 234 210 729 683 235 70
is_linear=0
shrinkage=0.025


Tree=73
num_leaves=15
num_cat=0
split_feature=13 13 10 5 11 8 6 15 14 7 7 14 16 6
split_gain=314.568 121.855 99.8869 43.8572 30.7761 16.2958 13.486 17.3643 15.1985 11.4572 11.4841 11.1332 10.1506 7.88033
threshold=4.5000000000000009 338.50000000000006 9.5000000000000018 5.5000000000000009 205.00000000000003 3.5000000000000004 1.0000000180025095e-35 43.500000000000007 1.0000000180025095e-35 278.00000000000006 20.500000000000004 3.5000000000000004 15.500000000000002 307.50000000000006
decision_type=2 2 2 2 2 2 2 2 2 2 2 2 2 2
left_child=2 4 5 12 6 11 7 -2 -8 10 -5 -1 -4 -3
right_child=1 13 3 9 -6 -7 8 -9 -10 -11 -12 -13 -14 -15
leaf_value=-0.10183450086349091 -0.00036433279798141487 4.8545895808362536 -0.0056632573103499347 0.06940027791964419 1.2960125776434053 -0.08926871608806447 -0.087344788749246727 0.17100769048628522 0.0032190067348127904 8.3587049724012044 0.01593150905722256 -0.061164905117282654 -0.09089598352729128 6.1552063658218712
leaf_weight=618 796 165 30 27 88 98 387 227 254 22 102 32 93 70
leaf_count=618 796 165 30 27 88 98 387 227 254 22 102 32 93 70
internal_value=-0.00329568 0.0025 -0.0145601 -0.00161818 0.000225328 -0.0192857 -0.000537538 0.00124023 -0.00338006 0.00736842 0.00438462 -0.0207296 -0.0126613 0.0193644
internal_weight=3009 1987 1022 274 1752 748 1664 1023 641 151 129 650 123 235
internal_count=3009 1987 1022 274 1752 748 1664 1023 641 151 129 650 123 235
is_linear=0
shrinkage=0.025


Tree=74
num_leaves=15
num_cat=0
split_feature=9 9 6 11 4 11 4 5 4 6 4 6 4 16
split_gain=276.542 111.138 76.1182 29.5491 26.6131 25.7615 20.8899 44.8934 38.7439 19.6978 15.9974 14.362 13.9608 12.4343
threshold=3.5000000000000004 345.50000000000006 21.500000000000004 205.00000000000003 19.500000000000004 1.0000000180025095e-35 10.500000000000002 9.5000000000000018 17.500000000000004 186.00000000000003 10.500000000000002 227.50000000000003 21.500000000000004 36.500000000000007
decision_type=2 2 2 2 2 2 2 2 2 2 2 2 2 2
left_child=2 3 5 6 -4 -1 7 -2 -8 13 -7 -3 -13 -6
right_child=1 11 4 -5 9 10 8 -9 -10 -11 -12 12 -14 -15
leaf_value=-0.099288638341903643 0.0011295021297947239 5.7074384568865106 -0.088623583939109005 1.2324555742632484 0.1619951806800092 -0.099288638341903643 -0.12597156734750173 0.00015134217099745941 0.004009198376026246 5.2275456495380128 -0.040121641788254281 -0.81981566137079087 6.9239980172555482 -0.035168179915826769
leaf_weight=604 99 161 85 87 35 40 452 460 676 30 153 32 29 66
leaf_count=604 99 161 85 87 35 40 452 460 676 30 153 32 29 66
internal_value=-0.00299668 0.0024011 -0.0136292 0.000307042 -0.000437788 -0.017193 -0.00042654 0.00351786 -0.00238707 0.00659091 -0.00912371 0.0190359 0.0083871 0.00117647
internal_weight=3009 1996 1013 1774 216 797 1687 559 1128 131 193 222 61 101
internal_count=3009 1996 1013 1774 216 797 1687 559 1128 131 193 222 61 101
is_linear=0
shrinkage=0.025


Tree=75
num_leaves=15
num_cat=0
split_feature=9 9 11 4 11 8 4 5 14 6 6 4 2 15
split_gain=273.124 102.974 71.8576 51.5517 29.4318 27.5371 20.5774 44.8934 40.1097 15.8428 12.5377 13.9608 8.41708 7.92356
threshold=3.5000000000000004 345.50000000000006 1.0000000180025095e-35 10.500000000000002 205.00000000000003 136.50000000000003 10.500000000000002 9.5000000000000018 12.500000000000002 4.5000000000000009 227.50000000000003 21.500000000000004 1.0000000180025095e-35 8.5000000000000018
decision_type=2 2 2 2 2 2 2 2 2 2 2 2 2 2
left_child=2 4 9 -4 6 -5 7 -2 -8 -1 -3 -12 -6 -11
right_child=1 10 3 5 12 -7 8 -9 -10 13 11 -13 -14 -15
leaf_value=-0.096806422383356044 0.0011012645765498652 5.5647524954643472 -0.086407994340631275 -0.023285597297197282 0.69806400199342067 1.9094319215883133 -0.060493126245005517 0.00014755861672259842 0.058084422837667085 -0.064212171308763763 -0.79932026983652116 6.7508980668241598 1.5464270334353722 -0.09686660329735941
leaf_weight=574 99 161 70 248 48 50 834 460 294 49 32 29 39 22
leaf_count=574 99 161 70 248 48 50 834 460 294 49 32 29 39 22
internal_value=-0.00301329 0.00235103 -0.0135799 -0.004729 0.000335211 -0.000150502 -0.000396919 0.00351786 -0.00234278 -0.0186068 0.0183632 0.0083871 0.0144318 -0.00722222
internal_weight=3009 1996 1013 368 1774 298 1687 559 1128 645 222 61 87 71
internal_count=3009 1996 1013 368 1774 298 1687 559 1128 645 222 61 87 71
is_linear=0
shrinkage=0.025


Tree=76
num_leaves=15
num_cat=0
split_feature=13 13 5 14 11 4 8 4 5 4 7 4 5 6
split_gain=293.231 105.874 95.2522 38.5467 29.523 23.0414 25.7084 20.8336 47.7113 47.6839 11.5567 10.4669 8.24828 8.12873
threshold=3.5000000000000004 339.50000000000006 5.5000000000000009 1.0000000180025095e-35 205.00000000000003 10.500000000000002 3.5000000000000004 10.500000000000002 9.5000000000000018 17.500000000000004 278.00000000000006 14.500000000000002 19.500000000000004 307.50000000000006
decision_type=2 2 2 2 2 2 2 2 2 2 2 2 2 2
left_child=2 4 5 -4 7 -1 11 8 -2 -9 12 -7 -5 -3
right_child=1 13 3 10 -6 6 -8 9 -10 -11 -12 -13 -14 -15
leaf_value=-0.092891187836820321 0.0016344072024314649 5.0240611019135564 -0.10302890253802639 0.025873459854820858 1.1941401980098545 -0.069386261823772138 -0.023626579454441091 -0.12916507582213374 6.700464146545127e-05 0.0062195152640839753 7.8389637459731922 -0.094386261823772133 0.017989159045337377 5.7403430848480665
leaf_weight=312 113 155 55 29 88 102 102 463 451 680 21 256 112 70
leaf_count=312 113 155 55 29 88 102 102 463 451 680 21 256 112 70
internal_value=-0.00291362 0.00254577 -0.0140606 0.000550459 0.000512249 -0.0181695 -0.0145228 -0.000216628 0.00370796 -0.00215909 0.00671779 -0.0176741 0.00401408 0.0186726
internal_weight=3009 2020 989 217 1795 772 460 1707 564 1143 162 358 141 225
internal_count=3009 2020 989 217 1795 772 460 1707 564 1143 162 358 141 225
is_linear=0
shrinkage=0.025


Tree=77
num_leaves=15
num_cat=0
split_feature=13 13 11 4 11 4 4 9 14 0 6 14 6 4
split_gain=294.105 105.549 90.6209 57.6232 29.4065 20.5239 43.468 40.5226 19.2859 10.5642 8.55305 9.36816 8.12873 17.8572
threshold=3.5000000000000004 339.50000000000006 1.0000000180025095e-35 10.500000000000002 205.00000000000003 10.500000000000002 17.500000000000004 9.5000000000000018 178.50000000000003 72.500000000000014 4.5000000000000009 4.5000000000000009 307.50000000000006 20.500000000000004
decision_type=2 2 2 2 2 2 2 2 2 2 2 2 2 2
left_child=2 4 10 -4 5 7 -7 -2 9 -5 11 -1 -3 -14
right_child=1 12 3 8 -6 6 -8 -9 -10 -11 -12 -13 13 -15
leaf_value=-0.092026605278177839 0.0010328727820753337 4.8984595743657167 -0.081925514786194989 -0.045968800819173039 1.1642866930596083 -0.12593594892658042 0.0060640273824818626 0.00035682574379891641 4.0489657896484053 0.027634208853205246 -0.090761032268981023 -0.06010361743869002 -0.92284584021180971 7.054943768372465
leaf_weight=565 105 155 67 162 88 463 680 459 34 90 53 18 33 37
leaf_count=565 105 155 67 162 88 463 680 459 34 90 53 18 33 37
internal_value=-0.00289701 0.00257051 -0.0140606 -0.00387006 0.000540089 -0.000187354 -0.00211538 0.00370796 0.00102787 -0.00136364 -0.0196939 -0.0205822 0.0186726 0.0111972
internal_weight=3009 2020 989 353 1795 1707 1143 564 286 252 636 583 225 70
internal_count=3009 2020 989 353 1795 1707 1143 564 286 252 636 583 225 70
is_linear=0
shrinkage=0.025


Tree=78
num_leaves=15
num_cat=0
split_feature=9 9 11 4 11 8 4 4 5 6 6 4 2 14
split_gain=274.035 96.76 72.4707 52.2867 27.144 26.9889 18.9039 44.1128 41.9675 15.622 12.2707 13.5431 9.26718 8.56669
threshold=3.5000000000000004 351.50000000000006 1.0000000180025095e-35 10.500000000000002 205.00000000000003 136.50000000000003 11.500000000000002 17.500000000000004 9.5000000000000018 4.5000000000000009 227.50000000000003 21.500000000000004 1.0000000180025095e-35 2.5000000000000004
decision_type=2 2 2 2 2 2 2 2 2 2 2 2 2 2
left_child=2 4 9 -4 6 -5 8 -8 -2 13 -3 -12 -6 -1
right_child=1 10 3 5 12 -7 7 -9 -10 -11 11 -13 -14 -15
leaf_value=-0.089725940146223385 0.0010070509625234481 5.1775706661707579 -0.079877376916540122 -0.021684800221730222 0.58632132227375633 1.8315469415513868 -0.1227875502034159 0.0045252984340942602 0.00013327389167283599 -0.08714820342621879 -0.89977469420651457 6.3180613185699448 1.4488056853227513 -0.055642452369504339
leaf_weight=548 111 160 70 248 49 50 389 677 511 71 32 28 39 26
leaf_count=548 111 160 70 248 49 50 389 677 511 71 32 28 39 26
internal_value=-0.00289701 0.00247621 -0.0134813 -0.0045935 0.000531795 0 -0.00017466 -0.00219775 0.0032825 -0.0185294 0.0180769 0.00811475 0.0139888 -0.0199043
internal_weight=3009 1996 1013 368 1776 298 1688 1066 622 645 220 60 88 574
internal_count=3009 1996 1013 368 1776 298 1688 1066 622 645 220 60 88 574
is_linear=0
shrinkage=0.025


Tree=79
num_leaves=15
num_cat=0
split_feature=13 13 14 4 14 4 4 16 7 16 4 8 4 0
split_gain=285.422 99.2484 86.7534 52.7695 27.3296 21.2913 64.9611 27.908 18.6154 18.0634 8.64495 8.26945 7.69745 7.57332
threshold=3.5000000000000004 380.00000000000006 2.5000000000000004 10.500000000000002 144.50000000000003 22.500000000000004 15.500000000000002 114.50000000000001 1.0000000180025095e-35 70.500000000000014 19.500000000000004 2.5000000000000004 11.500000000000002 71.500000000000014
decision_type=2 2 2 2 2 2 2 2 2 2 2 2 2 2
left_child=2 4 8 -4 5 6 -2 -7 11 13 -10 -1 -13 -5
right_child=1 -3 3 9 -6 7 -8 -9 10 -11 -12 12 -14 -15
leaf_value=-0.087482791642567795 0.00098187468846036032 5.0705419539167851 -0.07788044249362662 -0.053181458121205893 0.54886247985759951 0.0017032388278043432 -0.11322682990322869 0.77518467093853838 -0.088453911576666031 0.37691022639551675 -0.013410120971647467 -0.088697033271369796 -0.018687922399699766 0.058529691402380915
leaf_weight=547 869 208 56 82 112 380 354 97 51 100 48 19 24 62
leaf_count=547 869 208 56 82 112 380 354 97 51 100 48 19 24 62
internal_value=-0.00306312 0.00232311 -0.0140606 -0.00280731 0.0004385 -0.000349794 -0.00209967 0.00412134 -0.018942 0.00222449 -0.0087 -0.0206345 -0.00954545 -0.00341379
internal_weight=3009 2020 989 300 1812 1700 1223 477 689 244 99 590 43 144
internal_count=3009 2020 989 300 1812 1700 1223 477 689 244 99 590 43 144
is_linear=0
shrinkage=0.025


Tree=80
num_leaves=15
num_cat=0
split_feature=13 13 5 14 11 4 8 4 4 5 7 0 6 4
split_gain=285.458 94.0968 92.9287 37.5662 29.9961 23.0414 25.7084 16.1649 49.3208 33.7553 11.993 11.7989 9.991 12.5758
threshold=3.5000000000000004 380.00000000000006 5.5000000000000009 1.0000000180025095e-35 205.00000000000003 10.500000000000002 3.5000000000000004 11.500000000000002 17.500000000000004 9.5000000000000018 278.00000000000006 30.500000000000004 307.50000000000006 20.500000000000004
decision_type=2 2 2 2 2 2 2 2 2 2 2 2 2 2
left_child=2 4 5 -4 7 -1 11 9 -9 -2 -5 -7 -3 -14
right_child=1 12 3 10 -6 6 -8 8 -10 -11 -12 -13 13 -15
leaf_value=-0.083873927086664371 0.0015180020615441993 4.9213678506685685 -0.092927395621701603 0.028085855666035189 1.0540811326645376 -0.06493146481018143 -0.025272290686216548 -0.12424074316809926 0.0081536408080228554 -7.0445624909476481e-05 7.402903485268495 -0.085295721851503595 -1.0040438756992713 6.7060179517764489
leaf_weight=312 125 141 55 141 91 78 102 403 681 512 21 280 32 35
leaf_count=312 125 141 55 141 91 78 102 403 681 512 21 280 32 35
internal_value=-0.00311296 0.00227363 -0.0141111 0.000321101 0.0004385 -0.0181695 -0.0145228 -0.000301974 -0.00216129 0.00285266 0.00641104 -0.0176741 0.0181579 0.00985294
internal_weight=3009 2020 989 217 1812 772 460 1721 1084 637 162 358 208 67
internal_count=3009 2020 989 217 1812 772 460 1721 1084 637 162 358 208 67
is_linear=0
shrinkage=0.025


Tree=81
num_leaves=15
num_cat=0
split_feature=13 13 5 14 11 8 7 6 1 15 6 0 16 14
split_gain=287.22 94.0968 90.6339 36.598 29.9961 16.3647 12.4364 10.7065 16.9864 12.1903 9.991 9.70835 8.97088 8.76025
threshold=3.5000000000000004 380.00000000000006 5.5000000000000009 1.0000000180025095e-35 205.00000000000003 1.0000000180025095e-35 278.00000000000006 1.5000000000000002 -1.0000000180025095e-35 43.500000000000007 307.50000000000006 72.500000000000014 316.50000000000006 2.5000000000000004
decision_type=2 2 2 2 2 2 2 2 2 2 2 2 2 2
left_child=2 4 5 -4 7 13 11 9 -9 -2 -3 -5 -12 -1
right_child=1 10 3 6 -6 -7 -8 8 -10 -11 12 -13 -14 -15
leaf_value=-0.083163328805216 -7.6995456905071263e-05 4.798333654401854 -0.090604210731159068 -0.0077543357864195313 1.0277291043479237 -0.071983371140803318 7.217830898136782 0.047520153097362794 -0.043582339806393838 0.16709773872521119 6.503766808347013 0.18509871588263424 3.463641478480648 -0.06482876807094122
leaf_weight=510 872 141 55 90 91 239 21 64 557 228 24 51 43 23
leaf_count=510 872 141 55 90 91 239 21 64 557 228 24 51 43 23
internal_value=-0.00312957 0.00227363 -0.0141616 9.17431e-05 0.0004385 -0.0181695 0.00610429 -0.000301974 -0.00292605 0.0011762 0.0181579 0.00330986 0.00985294 -0.0206367
internal_weight=3009 2020 989 217 1812 772 162 1721 621 1100 208 141 67 533
internal_count=3009 2020 989 217 1812 772 162 1721 621 1100 208 141 67 533
is_linear=0
shrinkage=0.025


Tree=82
num_leaves=15
num_cat=0
split_feature=9 9 11 4 11 8 6 4 4 5 6 4 14 15
split_gain=266.301 97.6669 69.6542 50.8217 25.4267 21.9524 15.622 13.7723 45.2209 28.388 11.9678 13.3535 8.56669 7.92356
threshold=3.5000000000000004 380.00000000000006 1.0000000180025095e-35 10.500000000000002 230.50000000000003 136.50000000000003 4.5000000000000009 11.500000000000002 17.500000000000004 9.5000000000000018 227.50000000000003 21.500000000000004 2.5000000000000004 8.5000000000000018
decision_type=2 2 2 2 2 2 2 2 2 2 2 2 2 2
left_child=2 4 6 -4 7 -5 12 9 -9 -2 -3 -12 -1 -8
right_child=1 10 3 5 -6 -7 13 8 -10 -11 11 -13 -14 -15
leaf_value=-0.081084245585085604 0.00092130265613286086 4.7231964218424016 -0.072036998975599259 -0.020127618087315315 1.0064905486429521 1.5736262820232618 -0.048808053620328286 -0.11557498951053446 0.0049899290616986398 0.000109081204214867 -1.0655338157688057 5.7791047510013476 -0.051475325241185844 -0.08094256476433899
leaf_weight=548 111 149 70 248 68 50 49 393 696 521 30 28 26 22
leaf_count=548 111 149 70 248 68 50 49 393 696 521 30 28 26 22
internal_value=-0.00314618 0.00215073 -0.0135799 -0.0048645 0.00026257 -0.000317726 -0.0185294 -0.00033101 -0.0020367 0.00259874 0.0183654 0.00838983 -0.0199043 -0.00722222
internal_weight=3009 1996 1013 368 1789 298 645 1721 1089 632 207 58 574 71
internal_count=3009 1996 1013 368 1789 298 645 1721 1089 632 207 58 574 71
is_linear=0
shrinkage=0.025


Tree=83
num_leaves=15
num_cat=0
split_feature=13 13 11 4 11 10 1 4 4 5 0 14 4 4
split_gain=288.158 94.9797 86.674 55.2959 25.82 18.1207 16.5075 15.6641 49.3208 31.9261 9.17315 8.50809 7.93937 15.9856
threshold=3.5000000000000004 380.00000000000006 1.0000000180025095e-35 10.500000000000002 205.00000000000003 12.500000000000002 -0.60785761079279388 11.500000000000002 17.500000000000004 9.5000000000000018 71.500000000000014 4.5000000000000009 10.500000000000002 17.500000000000004
decision_type=2 2 2 2 2 2 2 2 2 2 2 2 2 2
left_child=2 4 11 -4 7 6 -5 9 -9 -2 -7 -1 -3 -14
right_child=1 12 3 5 -6 10 -8 8 -10 -11 -12 -13 13 -15
leaf_value=-0.07905713944545846 0.0014589443300248917 4.5602954024957487 -0.070236074001209278 0.0092497264683842843 0.97687361302315245 0.0079265066589077737 -0.065120298466905147 -0.1184596613401086 0.0066040092153508926 -2.2603535071530347e-05 0.35991385045706559 -0.049944568144325047 2.3434156029739515 6.2007583815831593
leaf_weight=618 125 78 67 58 91 105 51 403 681 512 72 18 62 68
leaf_count=618 125 78 67 58 91 105 51 403 681 512 72 18 62 68
internal_value=-0.00321262 0.00219941 -0.0142626 -0.00429379 0.000355764 0.000505226 -0.00745455 -0.00033101 -0.00216129 0.00277429 0.00544944 -0.0197724 0.0181579 0.014084
internal_weight=3009 2020 989 353 1812 286 109 1721 1084 637 177 636 208 130
internal_count=3009 2020 989 353 1812 286 109 1721 1084 637 177 636 208 130
is_linear=0
shrinkage=0.025


Tree=84
num_leaves=15
num_cat=0
split_feature=13 13 5 14 11 4 8 4 4 6 4 6 5 6
split_gain=281.343 86.7245 81.715 32.8747 26.5676 23.0414 25.7084 16.572 136.872 24.6757 10.4669 10.2154 7.1919 6.66345
threshold=3.5000000000000004 492.00000000000006 5.5000000000000009 1.0000000180025095e-35 205.00000000000003 10.500000000000002 3.5000000000000004 15.500000000000002 17.500000000000004 139.50000000000003 14.500000000000002 167.00000000000003 100.50000000000001 40.500000000000007
decision_type=2 2 2 2 2 2 2 2 2 2 2 2 2 2
left_child=2 4 5 -4 7 -1 10 9 -9 -2 -7 -5 -6 -8
right_child=1 -3 3 11 12 6 13 8 -10 -11 -12 -13 -14 -15
leaf_value=-0.075835981544668252 0.00086179648147890477 6.1814137161832008 -0.083473302238980265 0.020455012061054535 0.12848509281709716 -0.053214817385355051 -0.036606316298207535 -0.18670825644493458 0.0064389089849671071 1.0972376564552822 -0.077080710959322007 2.0472060250415445 1.1717158435200588 1.2625438570221088
leaf_weight=312 889 153 55 142 22 102 80 153 681 41 256 20 81 22
leaf_count=312 889 153 55 142 22 102 80 153 681 41 256 20 81 22
internal_value=-0.00344518 0.00190252 -0.0143636 -0.000779817 0.000412206 -0.0181695 -0.0145228 -0.000308782 -0.00286826 0.00198174 -0.0176741 0.0048773 0.0126923 -0.00334951
internal_weight=3009 2020 989 217 1867 772 460 1764 834 930 358 162 103 102
internal_count=3009 2020 989 217 1867 772 460 1764 834 930 358 162 103 102
is_linear=0
shrinkage=0.025


Tree=85
num_leaves=15
num_cat=0
split_feature=13 13 11 4 11 5 4 4 5 6 14 5 11 9
split_gain=276.268 88.6425 79.5631 52.2612 27.4984 16.8571 15.2209 135.339 21.4879 8.55305 9.36816 7.1919 6.74691 6.10724
threshold=3.5000000000000004 492.00000000000006 1.0000000180025095e-35 10.500000000000002 205.00000000000003 84.500000000000014 15.500000000000002 17.500000000000004 9.5000000000000018 4.5000000000000009 4.5000000000000009 100.50000000000001 16.500000000000004 159.50000000000003
decision_type=2 2 2 2 2 2 2 2 2 2 2 2 2 2
left_child=2 4 9 -4 6 12 8 -8 -2 10 -1 -6 -5 -7
right_child=1 -3 3 5 11 13 7 -9 -10 -11 -12 -13 -14 -15
leaf_value=-0.075153693185338946 0.0014009258097372969 6.0268783732786204 -0.066584272612562334 -0.036577014756213021 0.12527296549667 0.42513260400721437 -0.1820405500338112 0.0062779362603428979 -0.00029387216907283964 -0.073791280979511403 -0.047988132704488574 1.1424229474320569 0.0072169686909086652 -0.044694601538810733
leaf_weight=565 190 153 67 93 22 51 153 681 740 53 18 81 121 21
leaf_count=565 190 153 67 93 22 51 153 681 740 53 18 81 121 21
internal_value=-0.00359468 0.0017046 -0.0144141 -0.00485876 0.000198073 -0.000156794 -0.000535411 -0.00298802 0.00165951 -0.0196939 -0.0205822 0.0126923 -0.00369767 0.0102055
internal_weight=3009 2020 989 353 1867 286 1764 834 930 636 583 103 214 72
internal_count=3009 2020 989 353 1867 286 1764 834 930 636 583 103 214 72
is_linear=0
shrinkage=0.025


Tree=86
num_leaves=15
num_cat=0
split_feature=13 13 11 4 11 4 4 5 7 14 6 0 5 6
split_gain=266.881 89.3671 80.937 53.7708 25.7623 16.0159 133.815 21.4879 15.9432 8.27252 9.18639 7.08049 6.65737 5.99345
threshold=3.5000000000000004 492.00000000000006 1.0000000180025095e-35 10.500000000000002 205.00000000000003 15.500000000000002 17.500000000000004 9.5000000000000018 150.50000000000003 4.5000000000000009 4.5000000000000009 71.500000000000014 100.50000000000001 410.50000000000006
decision_type=2 2 2 2 2 2 2 2 2 2 2 2 2 2
left_child=2 4 9 -4 5 7 -7 -2 11 10 -1 -5 -6 -3
right_child=1 13 3 8 12 6 -8 -9 -10 -11 -12 -13 -14 -15
leaf_value=-0.073274850855705467 0.0013659026644938566 5.9441849049052493 -0.064919665797248269 -0.035662589387307701 0.12214114135925343 -0.17748953628296593 0.0061209878538342373 -0.00028652536484599091 1.6209459835635007 -0.046788429386876357 -0.071946498955023613 0.011888084747500595 1.1138623737462552 5.8762064139466545
leaf_weight=565 190 106 67 147 22 153 681 740 48 18 53 91 81 47
leaf_count=565 190 106 67 147 22 153 681 740 48 18 53 91 81 47
internal_value=-0.00357807 0.00163038 -0.0142121 -0.00457627 0.000117773 -0.000592068 -0.00310778 0.00165951 0.000156794 -0.0195369 -0.0200242 -0.00248954 0.0122115 0.0199351
internal_weight=3009 2020 989 353 1867 1764 834 930 286 636 618 238 103 153
internal_count=3009 2020 989 353 1867 1764 834 930 286 636 618 238 103 153
is_linear=0
shrinkage=0.025


Tree=87
num_leaves=15
num_cat=0
split_feature=13 13 14 4 11 15 4 4 9 7 4 9 4 4
split_gain=260.977 86.4624 79.0955 45.6364 25.7623 16.5523 16.0159 133.815 16.0915 15.836 11.5488 7.83314 6.93349 15.6068
threshold=3.5000000000000004 492.00000000000006 1.0000000180025095e-35 10.500000000000002 205.00000000000003 108.00000000000001 15.500000000000002 17.500000000000004 8.5000000000000018 1.5000000000000002 19.500000000000004 159.50000000000003 10.500000000000002 15.500000000000002
decision_type=2 2 2 2 2 2 2 2 2 2 2 2 2 2
left_child=2 4 9 -4 6 -5 8 -8 -2 12 -11 -7 -1 -14
right_child=1 -3 3 5 -6 11 7 -9 -10 10 -12 -13 13 -15
leaf_value=-0.071547019538473963 0.0007710808575861483 5.7293012535979884 -0.063296674152317073 -0.013521311889251609 0.86675174358011453 0.74876885303688678 -0.17305229787589177 0.0059679631574883988 9.9884288797369436e-05 -0.085271293631155223 0.017008519064478023 -0.089955746735370212 -0.048173733349695061 -0.071442979584312824
leaf_weight=252 159 153 56 214 103 45 153 681 771 34 31 18 105 234
leaf_count=252 159 153 56 214 103 45 153 681 771 34 31 18 105 234
internal_value=-0.00354485 0.00160564 -0.0140606 -0.0041018 0.000117773 7.19424e-05 -0.000592068 -0.00310778 0.00165951 -0.0190944 -0.00712121 0.01125 -0.0203885 -0.0178529
internal_weight=3009 2020 989 333 1867 277 1764 834 930 656 65 63 591 339
internal_count=3009 2020 989 333 1867 277 1764 834 930 656 65 63 591 339
is_linear=0
shrinkage=0.025


Tree=88
num_leaves=15
num_cat=0
split_feature=13 13 14 4 11 4 4 5 8 15 4 9 5 5
split_gain=257.622 86.4624 82.314 46.9817 25.7623 16.0159 133.815 21.4879 15.9947 15.5117 14.1503 7.83314 6.65737 6.45039
threshold=3.5000000000000004 492.00000000000006 1.0000000180025095e-35 10.500000000000002 205.00000000000003 15.500000000000002 17.500000000000004 9.5000000000000018 1.5000000000000002 108.00000000000001 25.500000000000004 159.50000000000003 100.50000000000001 4.5000000000000009
decision_type=2 2 2 2 2 2 2 2 2 2 2 2 2 2
left_child=2 4 8 -4 5 7 -7 -2 -1 13 -10 -11 -6 -5
right_child=1 -3 3 9 12 6 -8 -9 10 11 -12 -13 -14 -15
leaf_value=-0.069656905094704999 0.0013124780764418587 5.5860687222580383 -0.061714257298509149 -0.045171005134232015 0.097418819235769408 -0.16872599042899447 0.0058187640785511974 -0.00028185933794468989 -0.071187390751214386 0.73004963171096449 0.080642626801317396 -0.08770685306698596 1.0643470208130965 0.0064634024468874455
leaf_weight=568 190 153 56 100 22 153 681 740 70 45 18 18 81 114
leaf_count=568 190 153 56 100 22 153 681 740 70 45 18 18 81 114
internal_value=-0.00351163 0.00160564 -0.0139596 -0.0038024 0.000117773 -0.000592068 -0.00310778 0.00165951 -0.0190944 0.000431655 -0.00893258 0.01125 0.0122115 -0.00276744
internal_weight=3009 2020 989 333 1867 1764 834 930 656 277 88 63 103 214
internal_count=3009 2020 989 333 1867 1764 834 930 656 277 88 63 103 214
is_linear=0
shrinkage=0.025


Tree=89
num_leaves=15
num_cat=0
split_feature=9 9 6 4 11 4 11 4 4 4 5 6 16 4
split_gain=231.272 85.0365 69.0477 26.4302 26.2132 25.5004 22.7805 21.0514 15.355 124.756 16.8814 13.7753 11.4427 7.58898
threshold=3.5000000000000004 499.00000000000006 21.500000000000004 10.500000000000002 205.00000000000003 19.500000000000004 1.0000000180025095e-35 15.500000000000002 15.500000000000002 17.500000000000004 9.5000000000000018 186.00000000000003 36.500000000000007 24.500000000000004
decision_type=2 2 2 2 2 2 2 2 2 2 2 2 2 2
left_child=2 4 3 -1 8 -4 7 -5 10 -10 -2 12 -7 -6
right_child=1 -3 5 6 13 11 -8 -9 9 -11 -12 -13 -14 -15
leaf_value=-0.068016921422644483 0.00071899188423545373 5.7204554977868369 -0.060171400866046422 -0.045227967388585061 0.36849566553706414 0.162051336970778 -0.03220481500186935 -0.067915482467337376 -0.15356100069457668 0.0032765309763012731 -0.00016700949606311967 4.0033994860798972 -0.030182939610162763 1.8312582409116551
leaf_weight=284 166 143 85 121 83 35 153 239 146 679 754 30 66 25
leaf_count=284 166 143 85 121 83 35 153 239 146 679 754 30 66 25
internal_value=-0.00351163 0.00142464 -0.0132347 -0.0166291 -1.07875e-05 -0.000668203 -0.0131712 -0.0166066 -0.000756014 -0.00323245 0.00146037 0.00621212 0.00166667 0.0118807
internal_weight=3009 1996 1013 797 1853 216 513 360 1745 825 920 131 101 108
internal_count=3009 1996 1013 797 1853 216 513 360 1745 825 920 131 101 108
is_linear=0
shrinkage=0.025


Tree=90
num_leaves=15
num_cat=0
split_feature=13 13 14 4 11 4 4 5 8 14 4 5 5 6
split_gain=259.297 86.4624 80.6968 46.3066 25.7623 16.0159 133.815 21.4879 15.9947 14.9986 14.1503 8.66053 6.65737 5.46363
threshold=3.5000000000000004 492.00000000000006 1.0000000180025095e-35 10.500000000000002 205.00000000000003 15.500000000000002 17.500000000000004 9.5000000000000018 1.5000000000000002 178.50000000000003 25.500000000000004 4.5000000000000009 100.50000000000001 410.50000000000006
decision_type=2 2 2 2 2 2 2 2 2 2 2 2 2 2
left_child=2 4 8 -4 5 7 -7 -2 -1 11 -10 -5 -6 -3
right_child=1 13 3 9 12 6 -8 -9 10 -11 -12 -13 -14 -15
leaf_value=-0.066217595405653945 0.0012616913274249297 5.3696846454415459 -0.058667115844395261 -0.044807283538652598 0.085770957116448443 -0.16066881565090518 0.0055913817021798103 -0.00027063761709449351 -0.067707282946867911 3.6338650945544773 0.079431681506331175 0.010596858599658088 1.0285259536543421 5.3463320170495896
leaf_weight=568 190 106 56 103 22 153 681 740 70 34 18 140 81 47
leaf_count=568 190 106 56 103 22 153 681 740 70 34 18 140 81 47
internal_value=-0.00352824 0.00160564 -0.0140101 -0.0039521 0.000117773 -0.000592068 -0.00310778 0.00165951 -0.0190944 0.000251799 -0.00893258 -0.00192623 0.0122115 0.0196104
internal_weight=3009 2020 989 333 1867 1764 834 930 656 277 88 243 103 153
internal_count=3009 2020 989 333 1867 1764 834 930 656 277 88 243 103 153
is_linear=0
shrinkage=0.025


Tree=91
num_leaves=15
num_cat=0
split_feature=13 13 14 11 16 8 0 6 1 0 15 15 11 7
split_gain=262.662 86.4624 77.51 25.7623 19.1067 15.9947 14.1959 12.6667 14.1587 12.3272 11.2777 7.86179 6.90032 6.20461
threshold=3.5000000000000004 492.00000000000006 1.0000000180025095e-35 205.00000000000003 314.50000000000006 1.5000000000000002 34.500000000000007 1.5000000000000002 -1.0000000180025095e-35 86.500000000000014 43.500000000000007 1.5000000000000002 58.500000000000007 2.5000000000000004
decision_type=2 2 2 2 2 2 2 2 2 2 2 2 2 2
left_child=2 3 5 7 6 13 12 10 -9 -8 -2 -7 -4 -1
right_child=1 -3 4 -5 -6 11 9 8 -10 -11 -12 -13 -14 -15
leaf_value=-0.064562155520512587 -0.00032689842267135121 5.2126737166233497 -0.010742103698889439 0.78354873399049874 6.7767769787456134 -0.066011561852012415 -0.057200437948285381 0.040002411980045012 -0.040643668939068039 0.0070029461810238837 0.16202334965254261 0.013341006916657384 0.26444925462055568 -0.052983464799487935
leaf_weight=540 900 153 38 103 20 63 191 64 569 56 231 25 28 28
leaf_count=540 900 153 38 103 20 63 191 64 569 56 231 25 28 28
internal_value=-0.00356146 0.00160564 -0.0141111 0.000117773 -0.0042515 -0.0190944 -0.00579618 -0.000592068 -0.00342271 -0.00854839 0.000989399 -0.00893258 0.00440299 -0.0206415
internal_weight=3009 2020 989 1867 333 656 313 1764 633 247 1131 88 66 568
internal_count=3009 2020 989 1867 333 656 313 1764 633 247 1131 88 66 568
is_linear=0
shrinkage=0.025


Tree=92
num_leaves=15
num_cat=0
split_feature=9 9 10 4 14 10 16 4 4 16 4 4 16 6
split_gain=239.944 84.3467 59.0859 27.3614 24.7325 18.948 18.7154 16.5178 61.4772 27.5695 15.4521 10.1195 9.89236 6.28949
threshold=3.5000000000000004 499.00000000000006 3.5000000000000004 10.500000000000002 235.50000000000003 178.50000000000003 1.0000000180025095e-35 22.500000000000004 15.500000000000002 114.50000000000001 20.500000000000004 4.5000000000000009 5.5000000000000009 410.50000000000006
decision_type=2 2 2 2 2 2 2 2 2 2 2 2 2 2
left_child=2 4 6 11 7 12 -1 8 -2 -9 -8 -4 -5 -3
right_child=1 13 3 5 -6 -7 10 9 -10 -11 -12 -13 -14 -15
leaf_value=-0.062948101632499781 0.00067764726451073902 5.6818172441717998 -0.066704035863924219 0.02972397975516311 1.1025927382145255 3.2274711536396441 -0.062948101632499781 3.2087129044033881e-05 -0.07984984221771381 0.67557241461055151 -0.012948101632499777 -0.055770426999578238 -0.046338074630623366 4.5213189287898343
leaf_weight=496 931 109 21 74 55 36 131 383 385 99 73 48 134 34
leaf_count=496 931 109 21 74 55 36 131 383 385 99 73 48 134 34
internal_value=-0.00352824 0.00149975 -0.013432 -0.00436306 6.47249e-05 -0.000387755 -0.0174679 -0.000441912 -0.00189446 0.00350932 -0.0109512 -0.0181429 -0.00332536 0.0199306
internal_weight=3009 1996 1013 313 1853 244 700 1798 1316 482 204 69 208 143
internal_count=3009 1996 1013 313 1853 244 700 1798 1316 482 204 69 208 143
is_linear=0
shrinkage=0.025


Tree=93
num_leaves=15
num_cat=0
split_feature=13 13 14 5 11 8 6 1 9 0 0 15 12 5
split_gain=264.249 85.0399 80.6968 38.2081 25.0854 15.9947 10.7349 13.1672 10.2622 9.05173 20.9147 7.86179 6.71202 6.65737
threshold=3.5000000000000004 492.00000000000006 1.0000000180025095e-35 4.5000000000000009 205.00000000000003 1.5000000000000002 1.5000000000000002 -1.0000000180025095e-35 168.50000000000003 72.500000000000014 33.500000000000007 1.5000000000000002 8.5000000000000018 100.50000000000001
decision_type=2 2 2 2 2 2 2 2 2 2 2 2 2 2
left_child=2 4 5 12 6 -1 8 -8 -2 10 -5 -7 -4 -6
right_child=1 -3 3 9 13 11 7 -9 -10 -11 -12 -13 -14 -15
leaf_value=-0.061374399091687286 0.00066070608289796611 5.0016700948667747 -0.0395899965991377 0.182336960445873 0.051253678638815359 -0.062787570264899603 0.039190486327334018 -0.037671481280790078 -0.026891936406084938 0.17454090084418966 -0.059411271461931571 0.013840322138471662 -0.054376166324588783 0.95565926800785805
leaf_weight=568 1004 153 56 55 22 63 64 569 127 57 56 25 109 81
leaf_count=568 1004 153 56 55 22 63 64 569 127 57 56 25 109 81
internal_value=-0.00342857 0.00175408 -0.0140101 -0.0039521 0.000278373 -0.0190944 -0.000422096 -0.00302839 0.00103357 0.00440828 0.000178571 -0.00893258 -0.0124699 0.0122115
internal_weight=3009 2020 989 333 1867 656 1764 633 1131 168 111 88 165 103
internal_count=3009 2020 989 333 1867 656 1764 633 1131 168 111 88 165 103
is_linear=0
shrinkage=0.025


Tree=94
num_leaves=15
num_cat=0
split_feature=13 13 14 4 11 8 14 4 4 6 4 5 5 7
split_gain=265.113 83.326 79.0955 45.6364 25.7493 15.9947 15.3491 14.8571 63.6662 23.7345 14.1503 6.63376 6.60341 6.20461
threshold=3.5000000000000004 500.50000000000006 1.0000000180025095e-35 10.500000000000002 205.00000000000003 1.5000000000000002 178.50000000000003 22.500000000000004 15.500000000000002 66.500000000000014 25.500000000000004 4.5000000000000009 100.50000000000001 2.5000000000000004
decision_type=2 2 2 2 2 2 2 2 2 2 2 2 2 2
left_child=2 4 5 -4 7 13 11 8 -2 -9 -7 -5 -6 -1
right_child=1 -3 3 6 12 10 -8 9 -10 -11 -12 -13 -14 -15
leaf_value=-0.059840039114395109 0.00064418843082552084 5.4641794820947212 -0.053016762166474066 -0.041298722648920941 0.049972336672844619 -0.061220920029460918 3.4033959026009777 0.0001724340713316508 -0.081150401504412009 0.61375687844109528 0.07709005878310711 0.01292152034698334 0.87453897116993318 -0.048503866483503258
leaf_weight=540 941 134 56 103 22 70 34 388 377 73 18 140 85 28
leaf_count=540 941 134 56 103 22 70 34 388 377 73 18 140 85 28
internal_value=-0.00346179 0.00172934 -0.0140606 -0.0041018 0.000368309 -0.0190944 7.19424e-05 -0.000348315 -0.00170205 0.00350649 -0.00893258 -0.00213115 0.0122222 -0.0206415
internal_weight=3009 2020 989 333 1886 656 277 1779 1318 461 88 243 107 568
internal_count=3009 2020 989 333 1886 656 277 1779 1318 461 88 243 107 568
is_linear=0
shrinkage=0.025


Tree=95
num_leaves=15
num_cat=0
split_feature=13 13 14 4 11 8 14 4 4 5 4 5 5 5
split_gain=265.113 83.326 76.7147 44.9682 25.7493 15.8889 15.7065 14.4358 140.784 20.7815 14.0506 6.60341 6.08347 4.79613
threshold=3.5000000000000004 500.50000000000006 1.0000000180025095e-35 10.500000000000002 205.00000000000003 1.0000000180025095e-35 178.50000000000003 15.500000000000002 17.500000000000004 9.5000000000000018 22.500000000000004 100.50000000000001 4.5000000000000009 1.5000000000000002
decision_type=2 2 2 2 2 2 2 2 2 2 2 2 2 2
left_child=2 4 5 -4 7 13 12 9 -9 -2 -7 -6 -5 -1
right_child=1 -3 3 6 11 10 -8 8 -10 -11 -12 -13 -14 -15
leaf_value=-0.058442941117959661 0.0011887579603502285 5.3275749950423528 -0.051691343112312216 -0.040266254582697919 0.048723028256023329 -0.059687358007540596 3.3183110050359534 -0.15220511067353473 0.0084287282724679665 -0.00019745940212319014 0.011057924761513982 0.85267549689068434 0.012598482338308771 -0.028380353599940011
leaf_weight=409 190 134 56 103 22 74 34 155 683 751 39 85 140 134
leaf_count=409 190 134 56 103 22 74 34 155 683 751 39 85 140 134
internal_value=-0.00346179 0.00172934 -0.0140606 -0.0042515 0.000368309 -0.0190183 -7.19424e-05 -0.000348315 -0.0027354 0.00177282 -0.0102632 0.0122222 -0.00233607 -0.0208088
internal_weight=3009 2020 989 333 1886 656 277 1779 838 941 113 107 243 543
internal_count=3009 2020 989 333 1886 656 277 1779 838 941 113 107 243 543
is_linear=0
shrinkage=0.025


Tree=96
num_leaves=15
num_cat=0
split_feature=13 13 14 4 11 4 4 5 8 14 4 5 5 5
split_gain=255.24 85.9595 76.7147 44.9682 27.1436 19.382 131.561 20.7815 15.8889 15.7065 14.0506 6.60341 6.08347 4.79613
threshold=3.5000000000000004 500.50000000000006 1.0000000180025095e-35 10.500000000000002 205.00000000000003 15.500000000000002 17.500000000000004 9.5000000000000018 1.0000000180025095e-35 178.50000000000003 22.500000000000004 100.50000000000001 4.5000000000000009 1.5000000000000002
decision_type=2 2 2 2 2 2 2 2 2 2 2 2 2 2
left_child=2 4 8 -4 5 7 -7 -2 13 12 -10 -6 -5 -1
right_child=1 -3 3 9 11 6 -8 -9 10 -11 -12 -13 -14 -15
leaf_value=-0.056981867590010671 0.0011590390113414672 5.1943856201662939 -0.050399059534504409 -0.039259598218130465 0.047504952549622816 -0.14839998290669637 0.0082180100656562786 -0.00019252291707010373 -0.058195174057352077 3.2353532299100545 0.010781476642476129 0.83135860946841689 0.012283520279851058 -0.027670844759941516
leaf_weight=409 190 134 56 103 22 155 683 751 74 34 39 85 140 134
leaf_count=409 190 134 56 103 22 155 683 751 74 34 39 85 140 134
internal_value=-0.00366113 0.00143246 -0.0140606 -0.0042515 5.03445e-05 -0.000685393 -0.00345054 0.00177282 -0.0190183 -7.19424e-05 -0.0102632 0.0122222 -0.00233607 -0.0208088
internal_weight=3009 2020 989 333 1886 1779 838 941 656 277 113 107 243 543
internal_count=3009 2020 989 333 1886 1779 838 941 656 277 113 107 243 543
is_linear=0
shrinkage=0.025


Tree=97
num_leaves=15
num_cat=0
split_feature=13 13 11 4 11 4 4 6 10 4 4 0 6 11
split_gain=257.759 86.1807 73.1021 51.5115 25.231 19.382 131.561 15.5722 14.5719 7.72119 22.998 14.026 9.04666 7.02588
threshold=3.5000000000000004 500.50000000000006 1.0000000180025095e-35 10.500000000000002 205.00000000000003 15.500000000000002 17.500000000000004 173.00000000000003 276.50000000000006 10.500000000000002 14.500000000000002 34.500000000000007 1.5000000000000002 16.500000000000004
decision_type=2 2 2 2 2 2 2 2 2 2 2 2 2 2
left_child=2 4 9 -4 5 7 -7 -2 13 12 11 -11 -1 -5
right_child=1 -3 3 8 -6 6 -8 -9 -10 10 -12 -13 -14 -15
leaf_value=-0.055557320900260401 0.00056938879576258212 5.064525979662136 -0.049139083046141799 -0.025902956219349706 0.61073281990595518 -0.14468998333402897 0.0080125598140148753 1.8017493202864161 4.9274765994095153 0.071984600734285351 -0.055458417918835969 -0.057828984291019417 -0.05327359988567848 0.041959110828394854
leaf_weight=232 918 134 67 93 107 155 683 23 27 38 268 75 23 166
leaf_count=232 918 134 67 93 107 155 683 23 27 38 268 75 23 166
internal_value=-0.00371096 0.00140772 -0.0141616 -0.005 2.38474e-05 -0.000685393 -0.00345054 0.00177282 -0.00033101 -0.0192229 -0.0168063 -0.00719298 -0.0227344 -0.00219231
internal_weight=3009 2020 989 353 1886 1779 838 941 286 636 381 113 255 259
internal_count=3009 2020 989 353 1886 1779 838 941 286 636 381 113 255 259
is_linear=0
shrinkage=0.025


Tree=98
num_leaves=15
num_cat=0
split_feature=13 13 11 4 11 4 4 5 10 4 4 5 6 11
split_gain=254.46 86.6233 74.5752 52.2612 23.4985 18.9907 131.561 19.6201 14.3055 7.72119 22.998 10.4216 9.04666 6.90301
threshold=3.5000000000000004 500.50000000000006 1.0000000180025095e-35 10.500000000000002 205.00000000000003 15.500000000000002 17.500000000000004 9.5000000000000018 350.00000000000006 10.500000000000002 14.500000000000002 1.5000000000000002 1.5000000000000002 16.500000000000004
decision_type=2 2 2 2 2 2 2 2 2 2 2 2 2 2
left_child=2 4 9 -4 5 7 -7 -2 13 12 11 -11 -1 -5
right_child=1 -3 3 8 -6 6 -8 -9 -10 10 -12 -13 -14 -15
leaf_value=-0.054168387877753889 0.0011158283161638806 4.9379128301705819 -0.047910605969988251 -0.025255382313865961 0.59546449940830681 -0.14107273375067825 0.0078122458186645101 -0.00020194456403741513 6.5325961622115392 -0.056383259683743928 -0.054071957470865073 0.21713240005755385 -0.051941759888536526 0.04831942913546499
leaf_weight=232 190 134 67 93 107 155 683 751 18 86 268 27 23 175
leaf_count=232 190 134 67 93 107 155 683 751 18 86 268 27 23 175
internal_value=-0.00372757 0.00135824 -0.0141111 -0.00485876 -2.38474e-05 -0.000713483 -0.00345054 0.00171975 -0.000156794 -0.0192229 -0.0168063 -0.00719298 -0.0227344 -0.00165428
internal_weight=3009 2020 989 353 1886 1779 838 941 286 636 381 113 255 268
internal_count=3009 2020 989 353 1886 1779 838 941 286 636 381 113 255 268
is_linear=0
shrinkage=0.025


Tree=99
num_leaves=15
num_cat=0
split_feature=13 13 14 4 14 4 4 9 8 14 4 0 7 6
split_gain=251.148 86.6233 75.9236 44.9682 24.1699 17.8194 54.1216 21.9093 17.4007 14.3887 13.3486 6.2778 6.10798 5.17524
threshold=3.5000000000000004 500.50000000000006 1.0000000180025095e-35 10.500000000000002 235.50000000000003 11.500000000000002 17.500000000000004 9.5000000000000018 1.5000000000000002 224.00000000000003 25.500000000000004 30.500000000000004 2.5000000000000004 410.50000000000006
decision_type=2 2 2 2 2 2 2 2 2 2 2 2 2 2
left_child=2 4 8 -4 5 7 -7 -2 12 11 -10 -5 -1 -3
right_child=1 13 3 9 -6 6 -8 -9 10 -11 -12 -13 -14 -15
leaf_value=-0.052720158534093446 0.00052725836796443384 4.9983007779586304 -0.046712840820738545 0.036194966455413806 0.95701717813788323 -0.090376148529520028 0.011930553481990758 0.00035783852664774687 -0.054000191007651716 3.9795863774794697 0.07235985877933318 -0.027371622183703082 -0.041690606372205931 4.4459831854691219
leaf_weight=540 117 92 56 58 57 424 720 568 70 30 18 189 28 42
leaf_count=540 117 92 56 58 57 424 720 568 70 30 18 189 28 42
internal_value=-0.00369435 0.00135824 -0.0140101 -0.0042515 -2.38474e-05 -0.000530055 -0.00244105 0.00265306 -0.0189422 -7.19424e-05 -0.00837079 -0.00209677 -0.0205536 0.0207037
internal_weight=3009 2020 989 333 1886 1829 1144 685 656 277 88 247 568 134
internal_count=3009 2020 989 333 1886 1829 1144 685 656 277 88 247 568 134
is_linear=0
shrinkage=0.025


Tree=100
num_leaves=15
num_cat=0
split_feature=13 13 14 4 14 4 4 5 8 14 4 5 4 4
split_gain=248.728 87.288 75.9236 44.9682 24.4135 18.7485 52.1395 29.867 17.4007 14.3887 13.3486 6.65045 5.22999 13.2613
threshold=3.5000000000000004 500.50000000000006 1.0000000180025095e-35 10.500000000000002 235.50000000000003 11.500000000000002 17.500000000000004 9.5000000000000018 1.5000000000000002 224.00000000000003 25.500000000000004 4.5000000000000009 10.500000000000002 15.500000000000002
decision_type=2 2 2 2 2 2 2 2 2 2 2 2 2 2
left_child=2 4 8 -4 5 7 -7 -2 12 11 -10 -5 -1 -14
right_child=1 -3 3 9 -6 6 -8 -9 10 -11 -12 -13 13 -15
leaf_value=-0.051496174217457717 0.0010747511490606821 4.7033154297795887 -0.045545019800220084 -0.034855558323342098 0.93309174868443567 -0.088116744816282039 0.011632289644940992 6.5601247986357697e-05 -0.052650186232460421 3.8800967180424837 0.07055086230984986 0.012171720309564338 -0.052551073603575388 -0.051402154570741113
leaf_weight=236 125 134 56 103 57 424 720 560 70 30 18 144 101 231
leaf_count=236 125 134 56 103 57 424 720 560 70 30 18 144 101 231
internal_value=-0.00374419 0.00128402 -0.0140101 -0.0042515 -0.000103339 -0.000612022 -0.00257205 0.00265306 -0.0189422 -7.19424e-05 -0.00837079 -0.00209677 -0.0205536 -0.0183033
internal_weight=3009 2020 989 333 1886 1829 1144 685 656 277 88 247 568 332
internal_count=3009 2020 989 333 1886 1829 1144 685 656 277 88 247 568 332
is_linear=0
shrinkage=0.025


Tree=101
num_leaves=15
num_cat=0
split_feature=13 13 11 4 11 4 4 5 10 0 6 4 4 1
split_gain=245.487 87.7325 76.7332 53.7708 24.0533 21.2433 127.81 19.6201 13.8356 7.72059 7.58607 8.44734 26.7251 6.42938
threshold=3.5000000000000004 500.50000000000006 1.0000000180025095e-35 10.500000000000002 205.00000000000003 15.500000000000002 17.500000000000004 9.5000000000000018 350.00000000000006 71.500000000000014 4.5000000000000009 10.500000000000002 14.500000000000002 -0.60785761079279388
decision_type=2 2 2 2 2 2 2 2 2 2 2 2 2 2
left_child=2 4 10 -4 5 7 -7 -2 9 -5 11 -1 -13 -6
right_child=1 -3 3 8 13 6 -8 -9 -10 -11 -12 12 -14 -15
leaf_value=-0.050208769862021274 0.0010478823703341745 4.5857325440350989 -0.044406394305214585 -0.026991624636849565 1.0579142962000962 -0.13308359307326623 0.0070278685950246229 -0.00020748194430231237 6.172789180768202 0.04116771797055363 -0.048037807572534334 -0.031096343439874288 -0.050117100706472587 0.17494187808538086
leaf_weight=234 190 134 67 165 26 155 683 751 18 103 53 113 236 81
leaf_count=234 190 134 67 165 26 155 683 751 18 103 53 113 236 81
internal_value=-0.0037608 0.00123454 -0.0139596 -0.00457627 -0.000156333 -0.000853933 -0.00374851 0.00171975 0.000156794 -0.00128253 -0.0191444 -0.0199829 -0.0173429 0.0112963
internal_weight=3009 2020 989 353 1886 1779 838 941 286 268 636 583 349 107
internal_count=3009 2020 989 353 1886 1779 838 941 286 268 636 583 349 107
is_linear=0
shrinkage=0.025


Tree=102
num_leaves=15
num_cat=0
split_feature=13 13 5 4 14 11 14 4 4 5 4 7 4 5
split_gain=225.529 87.9552 69.99 24.7166 24.6582 23.7746 23.083 18.8534 50.8387 30.2657 17.5684 9.29076 7.07158 7.05368
threshold=3.5000000000000004 500.50000000000006 5.5000000000000009 10.500000000000002 235.50000000000003 1.5000000000000002 1.0000000180025095e-35 11.500000000000002 17.500000000000004 9.5000000000000018 14.500000000000002 278.00000000000006 2.5000000000000004 19.500000000000004
decision_type=2 2 2 2 2 2 2 2 2 2 2 2 2 2
left_child=2 4 3 12 7 10 -4 9 -9 -2 -5 13 -1 -8
right_child=1 -3 6 5 -6 -7 11 8 -10 -11 -12 -13 -14 -15
leaf_value=-0.048953550615470742 0.0010216853110758262 4.4710892304342211 -0.054136859905879665 -0.030318934853877433 0.89301027453581272 -0.010644077230641515 0.026239875593740105 -0.082586736369043345 0.011165785688941849 6.9148265394147762e-05 -0.048864173188810769 5.4389047517297673 -0.046836862383220976 -0.00447692778375246
leaf_weight=32 125 134 55 106 57 102 29 424 720 560 252 21 280 112
leaf_count=32 125 134 55 106 57 102 29 424 720 560 252 21 280 112
internal_value=-0.00357807 0.0012098 -0.0133535 -0.0168758 -0.00018283 -0.0131128 -0.000779817 -0.000693989 -0.00265939 0.00258017 -0.0161421 0.00395706 -0.0223482 0.0015493
internal_weight=3009 2020 989 772 1886 460 217 1829 1144 685 358 162 312 141
internal_count=3009 2020 989 772 1886 460 217 1829 1144 685 358 162 312 141
is_linear=0
shrinkage=0.025


Tree=103
num_leaves=15
num_cat=0
split_feature=13 13 5 4 4 5 6 16 4 4 8 14 10 14
split_gain=225.251 85.9449 75.8126 29.8664 146.313 27.026 27.0566 25.9097 22.7846 22.4625 24.9548 18.9353 9.60165 9.0291
threshold=1.5000000000000002 500.50000000000006 5.5000000000000009 15.500000000000002 17.500000000000004 9.5000000000000018 181.50000000000003 114.50000000000001 10.500000000000002 10.500000000000002 1.0000000180025095e-35 1.0000000180025095e-35 283.00000000000006 1.5000000000000002
decision_type=2 2 2 2 2 2 2 2 2 2 2 2 2 2
left_child=2 3 9 5 -5 8 -7 -6 -2 -1 13 -4 -13 -11
right_child=1 -3 11 4 7 6 -8 -9 -10 10 -12 12 -14 -15
leaf_value=-0.047782629055890223 0.00073303068540755967 4.3593119996733654 -0.057664026178555497 -0.10858988303001238 -0.0016875778149941347 -0.00041963031919571851 0.64782636279022943 0.55449133511263182 0.015064402039808678 -0.047642568859090496 -0.028281445763648695 0.0098660006953833704 5.3029321329365233 -0.042340077585069191
leaf_weight=269 157 134 39 175 639 754 43 147 101 241 129 137 21 23
leaf_count=269 157 134 39 175 639 754 43 147 101 241 129 137 21 23
internal_value=-0.00293023 0.00139238 -0.0137442 9.66782e-05 -0.00308732 0.00300189 0.000714286 0.00151842 0.0100193 -0.0177903 -0.0138832 -0.00010101 0.00374214 -0.018283
internal_weight=3009 2150 859 2016 961 1055 797 786 258 662 393 197 158 264
internal_count=3009 2150 859 2016 961 1055 797 786 258 662 393 197 158 264
is_linear=0
shrinkage=0.025


Tree=104
num_leaves=15
num_cat=0
split_feature=13 13 14 4 4 4 16 9 16 4 7 14 4 0
split_gain=217.362 85.7377 67.7288 45.2432 29.3591 143.035 25.9097 22.7974 27.1446 15.9974 14.5035 14.1545 9.20494 7.87467
threshold=1.5000000000000002 500.50000000000006 1.0000000180025095e-35 10.500000000000002 15.500000000000002 17.500000000000004 114.50000000000001 8.5000000000000018 142.50000000000003 10.500000000000002 1.5000000000000002 224.00000000000003 19.500000000000004 30.500000000000004
decision_type=2 2 2 2 2 2 2 2 2 2 2 2 2 2
left_child=2 4 10 -4 7 -6 -7 9 -9 -2 -1 13 -12 -5
right_child=1 -3 3 11 5 6 -8 8 -10 -11 12 -13 -14 -15
leaf_value=-0.046588063329492967 0.00071470491827236866 4.2503291996815307 -0.04093074716160644 0.042810863019196607 -0.10587513595426208 -0.0016453883696192718 0.54062905173481612 -0.00019353284434968644 0.53103947482271574 0.019620239047189916 -0.059662310360029829 3.6477247826724324 0.031825695507269706 -0.029049790267712705
leaf_weight=486 140 134 56 56 175 639 147 770 60 85 29 30 25 177
leaf_count=486 140 134 56 56 175 639 147 770 60 85 29 30 25 177
internal_value=-0.00283056 0.00141562 -0.0134535 -0.00428125 0.000121468 -0.00303534 0.00151842 0.00300189 0.00107702 0.0100442 -0.0188447 7.57576e-05 -0.00627273 -0.00200855
internal_weight=3009 2150 859 319 2016 961 786 1055 830 225 540 263 54 233
internal_count=3009 2150 859 319 2016 961 786 1055 830 225 540 263 54 233
is_linear=0
shrinkage=0.025


Tree=105
num_leaves=15
num_cat=0
split_feature=13 13 5 4 4 4 5 6 16 11 4 14 4 10
split_gain=213.302 82.6794 71.3486 29.3591 143.035 27.0403 27.026 27.0566 25.9097 24.773 22.7846 18.9353 15.2338 9.60165
threshold=1.5000000000000002 500.50000000000006 5.5000000000000009 15.500000000000002 17.500000000000004 10.500000000000002 9.5000000000000018 181.50000000000003 114.50000000000001 1.5000000000000002 10.500000000000002 1.0000000180025095e-35 14.500000000000002 283.00000000000006
decision_type=2 2 2 2 2 2 2 2 2 2 2 2 2 2
left_child=2 3 5 6 -5 -1 10 -8 -6 12 -2 -4 -7 -13
right_child=1 -3 11 4 8 9 7 -9 -10 -11 -12 13 -14 -15
leaf_value=-0.045423361746255636 0.00069683729531556113 4.1440709696894933 -0.055057723940854279 -0.10322825755540553 -0.0016042536603787961 -0.04845074962615023 -0.00040430124010715218 0.61835471684990617 0.52711332544144585 -0.01858147626781418 0.014197286012633726 0.010345595434691646 -0.045286803054375907 5.0791657100463006
leaf_weight=269 157 134 39 175 639 90 754 43 147 92 101 137 211 21
leaf_count=269 157 134 39 175 639 90 754 43 147 92 101 137 211 21
internal_value=-0.00281395 0.00139238 -0.0133372 0.000121468 -0.00303534 -0.0172624 0.00300189 0.000714286 0.00151842 -0.0129949 0.0100193 -0.00010101 -0.016457 0.00374214
internal_weight=3009 2150 859 2016 961 662 1055 797 786 393 258 197 301 158
internal_count=3009 2150 859 2016 961 662 1055 797 786 393 258 197 301 158
is_linear=0
shrinkage=0.025


Tree=106
num_leaves=15
num_cat=0
split_feature=13 13 5 4 4 5 4 16 11 10 4 14 4 7
split_gain=212.63 82.8828 71.3486 28.9 143.035 27.3932 27.0403 25.9097 24.773 24.4484 22.7846 18.9353 15.2338 9.60165
threshold=1.5000000000000002 500.50000000000006 5.5000000000000009 15.500000000000002 17.500000000000004 9.5000000000000018 10.500000000000002 114.50000000000001 1.5000000000000002 235.50000000000003 10.500000000000002 1.0000000180025095e-35 14.500000000000002 278.00000000000006
decision_type=2 2 2 2 2 2 2 2 2 2 2 2 2 2
left_child=2 3 6 5 -5 10 -1 -6 12 -7 -2 -4 -8 -13
right_child=1 -3 11 4 7 9 8 -9 -10 -11 -12 13 -14 -15
leaf_value=-0.04428777770259925 0.00067941636293267216 4.0404691954472556 -0.053681280842332924 -0.10064755111652041 -0.0015641473188693356 -0.00017858699223829435 -0.047239480885496482 0.51393549230541002 -0.018116939361118828 1.5866433269728668 0.013842353862317892 0.010086955548824328 -0.044154632978016514 4.9521865672951426
leaf_weight=269 157 134 39 175 639 767 90 147 92 30 101 137 211 21
leaf_count=269 157 134 39 175 639 767 90 147 92 30 101 137 211 21
internal_value=-0.00283056 0.00136913 -0.0133372 9.66782e-05 -0.00303534 0.00295455 -0.0172624 0.00151842 -0.0129949 0.000651629 0.0100193 -0.00010101 -0.016457 0.00374214
internal_weight=3009 2150 859 2016 961 1055 662 786 393 797 258 197 301 158
internal_count=3009 2150 859 2016 961 1055 662 786 393 797 258 197 301 158
is_linear=0
shrinkage=0.025


Tree=107
num_leaves=15
num_cat=0
split_feature=9 9 11 4 4 4 5 5 6 6 4 10 14 4
split_gain=181.875 77.3285 56.583 48.0943 28.5249 128.031 28.1579 25.9154 17.7249 17.6629 14.4939 9.98615 8.22698 5.14898
threshold=1.5000000000000002 527.50000000000011 1.0000000180025095e-35 10.500000000000002 15.500000000000002 17.500000000000004 8.5000000000000018 81.500000000000014 188.50000000000003 27.500000000000004 10.500000000000002 178.50000000000003 1.5000000000000002 10.500000000000002
decision_type=2 2 2 2 2 2 2 2 2 2 2 2 2 2
left_child=2 4 9 -4 6 -6 10 -7 -8 12 -2 -5 13 -1
right_child=1 -3 3 11 5 7 8 -9 -10 -11 -12 -13 -14 -15
leaf_value=-0.043180583260034267 0.00066243095385935542 4.1788957256920254 -0.037664699996344905 -0.015594332506404896 -0.098131362338607392 -0.0038572218072654208 -0.00038972903429836949 0.27996031403172811 0.59979727677400096 0.22498103831774341 0.01997064888523983 2.3823083653082251 -0.026195875603370444 -0.043050767153566101
leaf_weight=202 136 122 65 247 171 521 776 269 45 28 87 36 28 276
leaf_count=202 136 122 65 247 171 521 776 269 45 28 87 36 28 276
internal_value=-0.00291362 0.00104323 -0.0124519 -0.0045702 -0.000134596 -0.00324324 0.00272249 0.00100506 0.000571776 -0.0175607 0.0105804 -7.04225e-05 -0.0186292 -0.019405
internal_weight=3009 2127 882 348 2005 961 1044 790 821 534 223 283 506 478
internal_count=3009 2127 882 348 2005 961 1044 790 821 534 223 283 506 478
is_linear=0
shrinkage=0.025


Tree=108
num_leaves=15
num_cat=0
split_feature=13 13 14 4 4 4 5 16 4 8 10 4 11 6
split_gain=208.951 74.9944 66.8689 45.2432 25.7471 132.019 29.6481 24.0319 22.7846 16.9384 12.7013 12.2692 9.27576 4.81665
threshold=1.5000000000000002 500.50000000000006 1.0000000180025095e-35 10.500000000000002 15.500000000000002 17.500000000000004 9.5000000000000018 119.50000000000001 10.500000000000002 1.0000000180025095e-35 235.50000000000003 25.500000000000004 107.50000000000001 410.50000000000006
decision_type=2 2 2 2 2 2 2 2 2 2 2 2 2 2
left_child=2 4 9 -4 6 -6 8 -7 -2 -1 -8 -11 -5 -3
right_child=1 13 3 12 5 7 10 -9 -10 11 -12 -13 -14 -15
leaf_value=-0.042101068678533415 0.00064587018001286973 4.0050129011488496 -0.036723082496436285 -0.011775807988222376 -0.095678078280142201 -0.0014286130907159801 -0.00037998580844096353 0.51750486942750518 0.012997028793628962 -0.043223191371977249 1.5394846494517986 0.030573131967060387 0.26281690432682031 3.5112419790830538
leaf_weight=451 157 92 56 197 175 645 767 141 101 68 30 21 66 42
leaf_count=451 157 92 56 197 175 645 767 141 101 68 30 21 66 42
internal_value=-0.00298007 0.00118317 -0.0133953 -0.00428125 -2.23104e-05 -0.00298337 0.00267045 0.00139136 0.0100193 -0.0187523 0.000275689 -0.00855556 7.57576e-05 0.0192222
internal_weight=3009 2150 859 319 2016 961 1055 786 258 540 797 89 263 134
internal_count=3009 2150 859 319 2016 961 1055 786 258 540 797 89 263 134
is_linear=0
shrinkage=0.025


Tree=109
num_leaves=15
num_cat=0
split_feature=9 9 11 4 4 4 5 5 6 4 10 0 14 0
split_gain=182.395 78.0842 54.0886 46.6648 24.9098 110.965 30.26 22.9834 17.6629 14.4939 10.5782 8.64955 8.22698 5.30059
threshold=1.5000000000000002 527.50000000000011 1.0000000180025095e-35 10.500000000000002 15.500000000000002 17.500000000000004 8.5000000000000018 81.500000000000014 27.500000000000004 10.500000000000002 178.50000000000003 4.5000000000000009 1.5000000000000002 31.500000000000004
decision_type=2 2 2 2 2 2 2 2 2 2 2 2 2 2
left_child=2 4 8 -4 6 -6 9 -7 12 -2 13 -8 -1 -5
right_child=1 -3 3 10 5 7 11 -9 -10 -11 -12 -13 -14 -15
leaf_value=-0.041048541961570074 0.00062972342551254621 3.9804701465468249 -0.035805005434025379 0.030919885745428366 -0.093286126323138652 -0.0037250759348159026 0.34839292825517765 0.26002368444524676 0.21934036560529946 0.019146456943268109 2.2723913205691368 -0.00037048616322987726 -0.025556243973353779 -0.023503610678312959
leaf_weight=478 136 122 65 70 171 521 28 269 28 87 36 793 28 177
leaf_count=478 136 122 65 70 171 521 28 269 28 87 36 793 28 177
internal_value=-0.00301329 0.000949248 -0.0125651 -0.00485673 -0.000234297 -0.00313929 0.00243541 0.000815424 -0.0175607 0.0105804 -0.000422535 0.000206813 -0.0186292 -0.00229839
internal_weight=3009 2127 882 348 2005 961 1044 790 534 223 283 821 506 247
internal_count=3009 2127 882 348 2005 961 1044 790 534 223 283 821 506 247
is_linear=0
shrinkage=0.025


Tree=110
num_leaves=15
num_cat=0
split_feature=13 13 5 4 4 4 5 4 16 8 14 4 9 6
split_gain=214.991 74.2225 67.7861 26.3616 21.3467 111.007 30.8086 22.7846 22.2496 20.909 17.7253 16.3093 10.509 6.64817
threshold=1.5000000000000002 500.50000000000006 5.5000000000000009 10.500000000000002 15.500000000000002 17.500000000000004 9.5000000000000018 10.500000000000002 119.50000000000001 1.0000000180025095e-35 1.0000000180025095e-35 14.500000000000002 12.500000000000002 40.500000000000007
decision_type=2 2 2 2 2 2 2 2 2 2 2 2 2 2
left_child=2 4 3 -1 6 -6 7 -2 -7 11 -4 -5 -8 -11
right_child=1 -3 10 9 5 8 12 -9 -10 13 -12 -13 -14 -15
leaf_value=-0.040022328412530825 0.0006139803398747313 3.6556616948939302 -0.046515947415268766 -0.042903484418517324 -0.090953973165060181 -0.0012997708650776874 -0.0020027996092470525 0.012193441650206527 0.4980666555806863 -0.038611412658983824 0.024240095979701781 -0.039895757708724361 0.0034519965660429366 1.2350164102024694
leaf_weight=269 157 134 39 86 175 645 48 101 141 108 158 178 749 21
leaf_count=269 157 134 39 86 175 645 48 101 141 108 158 178 749 21
internal_value=-0.00294684 0.00127615 -0.0135116 -0.0173379 7.18889e-05 -0.00261954 0.00252841 0.0100193 0.00139136 -0.0131218 -0.000606061 -0.0171509 8.77193e-05 -0.00476923
internal_weight=3009 2150 859 662 2016 961 1055 258 786 393 197 264 797 129
internal_count=3009 2150 859 662 2016 961 1055 258 786 393 197 264 797 129
is_linear=0
shrinkage=0.025


Tree=111
num_leaves=15
num_cat=0
split_feature=13 13 5 4 8 4 4 5 4 16 14 4 9 12
split_gain=217.703 73.4537 67.7861 26.3616 20.909 19.659 96.5127 30.8086 22.7846 20.8389 17.7253 16.3093 10.509 7.46952
threshold=1.5000000000000002 500.50000000000006 5.5000000000000009 10.500000000000002 1.0000000180025095e-35 15.500000000000002 17.500000000000004 9.5000000000000018 10.500000000000002 119.50000000000001 1.0000000180025095e-35 14.500000000000002 12.500000000000002 25.500000000000004
decision_type=2 2 2 2 2 2 2 2 2 2 2 2 2 2
left_child=2 5 3 -1 11 7 13 8 -2 -8 -4 -5 -9 -7
right_child=1 -3 10 4 -6 6 9 12 -10 -11 -12 -13 -14 -15
leaf_value=-0.039021770202217559 0.00059863083137786104 3.5642701525215821 -0.045353048729887047 -0.041830897308054393 -0.02228582376809465 -0.11251188223133735 -0.0012672765934507392 -0.0019527296190158694 0.011888605608951375 0.48561498919116919 0.023634093580209251 -0.03889836376600625 0.0033656966518918808 -0.055366996535249617
leaf_weight=269 157 134 39 86 129 114 645 48 101 141 158 178 749 61
leaf_count=269 157 134 39 86 129 114 645 48 101 141 158 178 749 61
internal_value=-0.0028804 0.00136913 -0.0135116 -0.0173379 -0.0131218 0.000171046 -0.00241164 0.00252841 0.0100193 0.00132783 -0.000606061 -0.0171509 8.77193e-05 -0.0191477
internal_weight=3009 2150 859 662 393 2016 961 1055 258 786 197 264 797 175
internal_count=3009 2150 859 662 393 2016 961 1055 258 786 197 264 797 175
is_linear=0
shrinkage=0.025


Tree=112
num_leaves=15
num_cat=0
split_feature=13 13 5 4 8 4 4 5 4 16 14 4 9 0
split_gain=214.653 70.8131 67.1753 27.0403 22.266 17.7497 88.074 31.9882 22.7846 19.4745 17.7253 16.3093 10.1602 6.57396
threshold=1.5000000000000002 500.50000000000006 5.5000000000000009 10.500000000000002 1.0000000180025095e-35 15.500000000000002 17.500000000000004 9.5000000000000018 10.500000000000002 119.50000000000001 1.0000000180025095e-35 14.500000000000002 12.500000000000002 72.500000000000014
decision_type=2 2 2 2 2 2 2 2 2 2 2 2 2 2
left_child=2 5 3 -1 11 7 -7 8 -2 -8 -4 -5 -9 -12
right_child=1 -3 10 4 -6 6 9 12 -10 -11 13 -13 -14 -15
leaf_value=-0.038046225947162116 0.00058366506059341356 3.475163398708542 -0.044219222511639872 -0.040785124875353039 -0.02172867817389228 -0.085867326780150244 -0.0012355946786144713 -0.0019039113785404905 0.011591390468727591 0.47347461446139011 -0.0048965229205863992 -0.037925904671856095 0.0032815542355946192 0.1684723607155002
leaf_weight=269 157 134 39 86 129 175 645 48 101 141 101 178 749 57
leaf_count=269 157 134 39 86 129 175 645 48 101 141 101 178 749 57
internal_value=-0.00289701 0.00132264 -0.0134535 -0.0172624 -0.0129949 0.000146257 -0.00230769 0.00238636 0.0100193 0.00126429 -0.000606061 -0.0171509 -8.77193e-05 0.00311321
internal_weight=3009 2150 859 662 393 2016 961 1055 258 786 197 264 797 158
internal_count=3009 2150 859 662 393 2016 961 1055 258 786 197 264 797 158
is_linear=0
shrinkage=0.025


Tree=113
num_leaves=15
num_cat=0
split_feature=13 13 5 4 8 14 4 4 5 4 16 4 13 0
split_gain=219.747 69.8751 65.1352 27.0403 22.266 17.1352 16.5583 78.139 31.5935 22.7846 19.4745 16.3093 9.51439 7.10904
threshold=1.5000000000000002 500.50000000000006 5.5000000000000009 10.500000000000002 1.0000000180025095e-35 1.0000000180025095e-35 15.500000000000002 17.500000000000004 9.5000000000000018 10.500000000000002 119.50000000000001 14.500000000000002 384.50000000000006 33.500000000000007
decision_type=2 2 2 2 2 2 2 2 2 2 2 2 2 2
left_child=2 6 3 -1 11 -4 8 -8 9 -2 -9 -5 -10 -7
right_child=1 -3 5 4 -6 13 7 10 12 -11 -12 -13 -14 -15
leaf_value=-0.037095070298483065 0.00056907343407857638 3.3882843137408281 -0.043113741948848879 -0.039765496753469215 -0.021185461219544979 0.18985143521475628 -0.083720643610646475 -0.0012047048116491156 -0.00032587842913351929 0.0113016057070094 0.46163774909985522 -0.036977757055059693 1.8858168940530342 -0.0033894430460065465
leaf_weight=269 157 134 39 86 129 52 175 645 763 101 141 178 34 106
leaf_count=269 157 134 39 86 129 52 175 645 763 101 141 178 34 106
internal_value=-0.00283056 0.00143887 -0.0135116 -0.0172624 -0.0129949 -0.000858586 0.000270203 -0.00209979 0.00243371 0.0100193 0.00126429 -0.0171509 -2.50627e-05 0.00279874
internal_weight=3009 2150 859 662 393 197 2016 961 1055 258 786 264 797 158
internal_count=3009 2150 859 662 393 197 2016 961 1055 258 786 264 797 158
is_linear=0
shrinkage=0.025


Tree=114
num_leaves=15
num_cat=0
split_feature=13 13 5 4 8 4 4 5 4 16 14 4 13 0
split_gain=216.005 66.7567 64.5365 27.7272 23.6643 17.2766 78.3487 31.4067 22.7846 17.2473 17.1352 16.3093 10.2804 7.10904
threshold=1.5000000000000002 515.50000000000011 5.5000000000000009 10.500000000000002 1.0000000180025095e-35 15.500000000000002 17.500000000000004 9.5000000000000018 10.500000000000002 119.50000000000001 1.0000000180025095e-35 14.500000000000002 384.50000000000006 33.500000000000007
decision_type=2 2 2 2 2 2 2 2 2 2 2 2 2 2
left_child=2 5 3 -1 11 7 -7 8 -2 -8 -4 -5 -9 -12
right_child=1 -3 10 4 -6 6 9 12 -10 -11 13 -13 -14 -15
leaf_value=-0.036167693541020986 0.0005548465982266104 3.3848343936272109 -0.042035898400127655 -0.03877135933463248 -0.020655824689056357 -0.081627627520380316 -0.0011745871913578787 -0.00031773146840516911 0.011019065564334164 0.43838841923209665 0.18510514933438738 -0.0360533131286832 2.1687044195322671 -0.003304706969856408
leaf_weight=269 157 130 39 86 129 176 646 763 101 142 52 178 35 106
leaf_count=269 157 130 39 86 129 176 646 763 101 142 52 178 35 106
internal_value=-0.00286379 0.00136913 -0.0134535 -0.017187 -0.012868 0.000244928 -0.00217098 0.00245506 0.0100193 0.00119772 -0.000858586 -0.0171509 0 0.00279874
internal_weight=3009 2150 859 662 393 2020 964 1056 258 788 197 264 798 158
internal_count=3009 2150 859 662 393 2020 964 1056 258 788 197 264 798 158
is_linear=0
shrinkage=0.025


Tree=115
num_leaves=15
num_cat=0
split_feature=9 9 4 11 4 4 5 16 4 4 0 14 0 6
split_gain=183.779 70.392 55.2025 50.8519 19.2997 69.5689 30.9773 24.2187 14.4939 12.0861 9.76015 9.11719 8.80509 8.41978
threshold=1.5000000000000002 527.50000000000011 10.500000000000002 1.5000000000000002 15.500000000000002 17.500000000000004 8.5000000000000018 15.500000000000002 10.500000000000002 3.5000000000000004 89.500000000000014 218.50000000000003 4.5000000000000009 1.5000000000000002
decision_type=2 2 2 2 2 2 2 2 2 2 2 2 2 2
left_child=2 4 9 10 6 -6 8 -7 -2 13 -4 -5 -8 -1
right_child=1 -3 3 11 5 7 12 -9 -10 -11 -12 -13 -14 -15
leaf_value=-0.035263501202495461 0.00054097543327094599 3.4442530440458499 -0.035151980300466117 -0.0069975318033128177 -0.079586936832370808 -0.005697187703940898 0.33944671410989846 0.083438698279603873 0.017217942794705655 -0.035263501202495461 -0.035151980300466117 2.60795858320895 -0.00030978818169504765 -0.010323342721784201
leaf_weight=38 136 122 211 224 171 353 28 437 87 218 131 33 793 27
leaf_count=38 136 122 211 224 171 353 28 437 87 218 131 33 793 27
internal_value=-0.00286379 0.00111372 -0.0124519 -0.00811667 -9.97009e-06 -0.00256757 0.00233971 0.000562579 0.0105804 -0.0215493 -0.0144169 0.000271318 8.51582e-05 -0.0116667
internal_weight=3009 2127 882 599 2005 961 1044 790 223 283 342 257 821 65
internal_count=3009 2127 882 599 2005 961 1044 790 223 283 342 257 821 65
is_linear=0
shrinkage=0.025


Tree=116
num_leaves=15
num_cat=0
split_feature=13 13 11 4 4 4 13 6 0 0 0 0 11 14
split_gain=212.969 68.0217 63.0086 49.6323 15.5848 72.0533 19.1573 17.306 14.7386 10.2464 10.2285 23.3839 10.1323 7.95622
threshold=1.5000000000000002 515.50000000000011 1.0000000180025095e-35 10.500000000000002 15.500000000000002 17.500000000000004 9.5000000000000018 81.500000000000014 46.500000000000007 99.500000000000014 72.500000000000014 33.500000000000007 8.5000000000000018 1.5000000000000002
decision_type=2 2 2 2 2 2 2 2 2 2 2 2 2 2
left_child=2 4 13 -4 6 -6 8 -7 -2 -8 11 -5 -12 -1
right_child=1 -3 3 10 5 7 9 -9 -10 -11 12 -13 -14 -15
leaf_value=-0.034381913672433075 0.00052745104743917028 3.2245608884458457 -0.029269465558076996 0.051730229762098873 -0.077597263411561535 -0.0010816262052685045 -0.00030204347715265815 0.42095303623765584 0.00022988930003522425 0.058236064336882269 -0.013761309778134334 -0.10949093476469063 0.16460284374309211 -0.032505993246368173
leaf_weight=498 127 130 64 82 176 652 763 136 97 69 26 83 77 29
leaf_count=498 127 130 64 82 176 652 763 136 97 69 26 83 77 29
internal_value=-0.00299668 0.00120642 -0.0135116 -0.00493994 7.17467e-05 -0.0022228 0.00217124 0.0010076 0.00864444 0.000414166 -0.000167286 -0.00403614 0.00596154 -0.0188826
internal_weight=3009 2150 859 332 2020 964 1056 788 224 832 268 165 103 527
internal_count=3009 2150 859 332 2020 964 1056 788 224 832 268 165 103 527
is_linear=0
shrinkage=0.025


Tree=117
num_leaves=15
num_cat=0
split_feature=13 14 13 5 8 15 13 12 11 0 0 14 2 0
split_gain=208.285 66.8689 64.8427 26.5091 16.9384 9.44859 8.89637 9.38916 8.53217 8.27879 18.9351 7.86131 7.21943 6.52123
threshold=1.5000000000000002 1.0000000180025095e-35 530.50000000000011 4.5000000000000009 1.0000000180025095e-35 5.5000000000000009 2.5000000000000004 1.0000000180025095e-35 252.50000000000003 29.500000000000004 72.500000000000014 4.5000000000000009 1.0000000180025095e-35 34.500000000000007
decision_type=2 2 2 2 2 2 2 2 2 2 2 2 2 2
left_child=1 4 6 5 -1 11 7 13 -8 -5 -11 -3 -6 -2
right_child=2 3 -4 9 12 -7 8 -9 -10 10 -12 -13 -14 -15
leaf_value=-0.03352236583062225 0.00051426477125319223 -0.032136485412666276 3.3962850347339781 0.16067087877548794 -0.034616435456729995 -0.028537728919125073 -0.00036671243971158067 -0.0011008915496412476 0.66906954867735635 -0.090509389010601377 0.16048777264951478 0.072439445588983006 0.011875736080180221 0.00052170381493829023
leaf_weight=451 41 31 123 51 56 106 1851 30 67 56 57 18 33 38
leaf_count=451 41 31 123 51 56 106 1851 30 67 56 57 18 33 38
internal_value=-0.00299668 -0.0133953 0.00115993 -0.00428125 -0.0187523 -0.0116667 8.38264e-05 0.007 -0.000310057 0.00269697 -0.00105263 -0.0024 -0.00855556 0.0115
internal_weight=3009 859 2150 319 540 155 2027 109 1918 164 113 49 89 79
internal_count=3009 859 2150 319 540 155 2027 109 1918 164 113 49 89 79
is_linear=0
shrinkage=0.025


Tree=118
num_leaves=15
num_cat=0
split_feature=13 13 11 4 4 4 9 6 0 0 16 0 4 4
split_gain=211.626 64.8427 63.0086 49.6323 15.3484 66.7975 20.7027 15.9318 15.7651 10.8887 9.26953 8.87248 7.73172 19.0369
threshold=1.5000000000000002 530.50000000000011 1.0000000180025095e-35 10.500000000000002 15.500000000000002 17.500000000000004 9.5000000000000018 81.500000000000014 46.500000000000007 99.500000000000014 1.0000000180025095e-35 72.500000000000014 10.500000000000002 14.500000000000002
decision_type=2 2 2 2 2 2 2 2 2 2 2 2 2 2
left_child=2 4 12 -4 6 -6 8 -7 -2 -8 -5 -12 -1 -14
right_child=1 -3 3 10 5 7 9 -9 -10 -11 11 -13 13 -15
leaf_value=-0.032684306684856688 0.00050140815197186051 3.3113779088656288 -0.027824285696146946 -0.03904031206702116 -0.075648164015279712 -0.0011242511254371036 -0.00028532457923104995 0.41043837814270712 0.00023330987852712151 0.056789330539452725 -0.033668394754768606 0.11438081230617243 -0.035225668856178637 -0.032575573805378087
leaf_weight=211 133 123 64 43 176 655 752 138 106 67 143 82 97 219
leaf_count=211 133 123 64 43 176 655 752 138 106 67 143 82 97 219
internal_value=-0.0030299 0.00115993 -0.0135116 -0.00493994 8.38264e-05 -0.00218557 0.00216714 0.000906801 0.008625 0.000268293 -0.000167286 0.00185841 -0.0188826 -0.0162303
internal_weight=3009 2150 859 332 2027 969 1058 793 239 819 268 225 527 316
internal_count=3009 2150 859 332 2027 969 1058 793 239 819 268 225 527 316
is_linear=0
shrinkage=0.025


Tree=119
num_leaves=15
num_cat=0
split_feature=13 14 13 4 8 4 4 5 4 6 4 0 0 0
split_gain=207.619 69.8168 64.1558 46.648 16.9384 13.9304 58.2049 24.5799 19.6499 15.9318 12.2692 9.7736 8.85345 11.8864
threshold=1.5000000000000002 1.0000000180025095e-35 530.50000000000011 10.500000000000002 1.0000000180025095e-35 15.500000000000002 17.500000000000004 9.5000000000000018 10.500000000000002 81.500000000000014 25.500000000000004 4.5000000000000009 29.500000000000004 71.500000000000014
decision_type=2 2 2 2 2 2 2 2 2 2 2 2 2 2
left_child=1 4 5 -3 -1 7 -7 8 -2 -8 -6 -9 -5 -14
right_child=2 3 -4 12 10 6 9 11 -10 -11 -12 -13 13 -15
leaf_value=-0.03186719901773527 0.00048887294817256401 -0.02712867855374327 3.228593461143987 0.071165988866261354 -0.034096221191613083 -0.07375695991489771 -0.0010961448473011837 0.27146104611632271 0.010310728186886876 0.40017741868913942 0.031574492489887196 -0.00027819146475027701 -0.058782925284931967 0.037633303631359916
leaf_weight=451 157 56 123 62 68 176 655 29 101 138 21 771 88 113
leaf_count=451 157 56 123 62 68 176 655 29 101 138 21 771 88 113
internal_value=-0.00289701 -0.0132791 0.00125291 -0.00396875 -0.0187523 0.000182446 -0.00197938 0.00216714 0.008861 0.000906801 -0.00855556 0 0.000454545 -0.00207921
internal_weight=3009 859 2150 319 540 2027 969 1058 258 793 89 800 263 201
internal_count=3009 859 2150 319 540 2027 969 1058 258 793 89 800 263 201
is_linear=0
shrinkage=0.025


Tree=120
num_leaves=15
num_cat=0
split_feature=13 14 13 5 8 11 15 13 0 0 14 2 0 9
split_gain=209.283 66.0146 61.597 26.5091 16.6234 9.83278 9.44859 9.405 8.27879 15.8292 7.86131 7.21943 6.66039 6.60954
threshold=1.5000000000000002 1.0000000180025095e-35 547.00000000000011 4.5000000000000009 1.0000000180025095e-35 252.50000000000003 5.5000000000000009 2.5000000000000004 29.500000000000004 72.500000000000014 4.5000000000000009 1.0000000180025095e-35 34.500000000000007 168.50000000000003
decision_type=2 2 2 2 2 2 2 2 2 2 2 2 2 2
left_child=1 4 5 6 -1 7 10 12 -5 -10 -3 -6 -2 -9
right_child=2 3 -4 8 11 -7 -8 13 9 -11 -12 -13 -14 -15
leaf_value=-0.03107051904229189 0.00047665112446825257 -0.031423599276527873 3.2261874875740491 0.15571666695331335 -0.032081511373399998 0.6661098902879502 -0.02645046158989969 0.0001426176420007419 -0.085935371284343864 0.15651075354416852 0.072939742450250922 0.013245637553100499 0.00049060664889734047 -0.026381740032201152
leaf_weight=451 50 31 117 51 56 71 106 1595 56 57 18 33 59 258
leaf_count=451 50 31 117 51 56 71 106 1595 56 57 18 33 59 258
internal_value=-0.00291362 -0.0133372 0.00125291 -0.00428125 -0.0186599 0.000231072 -0.0116667 -9.93377e-05 0.00269697 -0.00105263 -0.0024 -0.00855556 0.007 -0.000523193
internal_weight=3009 859 2150 319 540 2033 155 1962 164 113 49 89 109 1853
internal_count=3009 859 2150 319 540 2033 155 1962 164 113 49 89 109 1853
is_linear=0
shrinkage=0.025


Tree=121
num_leaves=15
num_cat=0
split_feature=13 14 13 4 8 4 4 5 4 6 4 0 10 13
split_gain=205.961 66.6132 61.597 45.943 18.2772 12.5731 54.5917 24.9412 19.6499 16.6929 11.4769 9.86061 8.08689 7.8241
threshold=1.5000000000000002 1.0000000180025095e-35 547.00000000000011 10.500000000000002 1.0000000180025095e-35 15.500000000000002 17.500000000000004 9.5000000000000018 10.500000000000002 81.500000000000014 22.500000000000004 4.5000000000000009 11.500000000000002 10.500000000000002
decision_type=2 2 2 2 2 2 2 2 2 2 2 2 2 2
left_child=1 4 5 -3 -1 7 13 8 -2 -8 -6 -9 -5 -7
right_child=2 3 -4 12 10 6 9 11 -10 -11 -12 -13 -14 -15
leaf_value=-0.030293756066234592 0.00046473484635654595 -0.025789200050152197 3.1455328003846974 -0.032516176294303104 -0.032741746942215627 -0.011850233609461115 -0.0010723066671686876 0.26467095452236472 0.01004939454116467 0.41270798340784104 0.023385433604050123 -0.00027480211918153865 0.047682150919256427 -0.10679754115851554
leaf_weight=451 157 56 117 87 61 46 655 29 101 142 28 773 176 130
leaf_count=451 157 56 117 87 61 46 655 29 101 142 28 773 176 130
internal_value=-0.0028804 -0.0132209 0.00125291 -0.004125 -0.0185675 0.000231072 -0.00181725 0.00211593 0.008861 0.000964912 -0.008 -5.60399e-05 0.000265152 -0.0143785
internal_weight=3009 859 2150 319 540 2033 973 1060 258 797 89 802 263 176
internal_count=3009 859 2150 319 540 2033 973 1060 258 797 89 802 263 176
is_linear=0
shrinkage=0.025


Tree=122
num_leaves=15
num_cat=0
split_feature=9 9 4 11 4 4 9 16 4 16 6 0 12 9
split_gain=177.582 62.1935 56.5983 48.8558 14.9055 44.0958 24.4091 23.3746 12.0861 8.54337 8.41978 8.09661 7.04364 5.31901
threshold=1.5000000000000002 527.50000000000011 10.500000000000002 1.5000000000000002 15.500000000000002 17.500000000000004 2.5000000000000004 13.500000000000002 3.5000000000000004 142.50000000000003 1.5000000000000002 89.500000000000014 219.50000000000003 103.50000000000001
decision_type=2 2 2 2 2 2 2 2 2 2 2 2 2 2
left_child=2 4 8 11 6 13 -2 -7 10 -8 -1 -4 -5 -6
right_child=1 -3 3 12 5 7 9 -9 -10 -11 -12 -13 -14 -15
leaf_value=-0.029536412164578724 0.00046672311151599311 2.8698332784159994 -0.029430397607087086 -0.016820370945936736 -0.072281598612695772 -0.0066451084044835129 0.00018592999512949683 0.071876185058876094 -0.029536412164578724 0.48499928338963161 -0.0052197576458852483 -0.029430397607087086 2.8748693135379106 -0.031833461285561797
leaf_weight=38 64 122 211 229 118 341 919 449 218 61 27 131 28 53
leaf_count=38 64 122 211 229 118 341 919 449 218 61 27 131 28 53
internal_value=-0.00291362 0.000996241 -0.0123386 -0.00795 -5.98205e-05 -0.00230769 0.00200478 0.000183312 -0.0215493 0.00101427 -0.0116667 -0.0141254 0.000271318 -0.0137791
internal_weight=3009 2127 882 599 2005 961 1044 790 283 980 65 342 257 171
internal_count=3009 2127 882 599 2005 961 1044 790 283 980 65 342 257 171
is_linear=0
shrinkage=0.025


Tree=123
num_leaves=15
num_cat=0
split_feature=13 5 13 4 8 4 14 4 5 5 11 0 0 13
split_gain=211.288 65.9619 58.1819 28.4223 25.1038 16.3093 14.8723 11.4345 42.7564 37.9442 23.2158 15.8866 12.8833 11.5026
threshold=1.5000000000000002 5.5000000000000009 547.00000000000011 10.500000000000002 1.0000000180025095e-35 14.500000000000002 1.0000000180025095e-35 10.500000000000002 24.500000000000004 36.500000000000007 20.500000000000004 82.500000000000014 46.500000000000007 40.500000000000007
decision_type=2 2 2 2 2 2 2 2 2 2 2 2 2 2
left_child=1 3 7 -1 5 -5 -3 8 12 -10 11 -9 -2 -12
right_child=2 6 -4 4 -6 -7 -8 10 9 -11 13 -13 -14 -15
leaf_value=-0.028798001860464259 0.00044144839740973277 -0.032345504368130419 2.9951486484146814 -0.031278480341440443 -0.01843776995663372 -0.028694637666909908 0.018150163772061492 -0.0033334506459671513 -0.012259196116532145 0.0053401595343423487 0.091542684537349928 -0.046511551156969061 0.00045505503372809123 0.027045384586952981
leaf_weight=269 129 39 117 86 129 178 158 645 52 375 92 215 119 406
leaf_count=269 129 39 117 86 129 178 158 645 52 375 92 215 119 406
internal_value=-0.00286379 -0.0133372 0.00132264 -0.0171116 -0.0127411 -0.0171509 -0.000606061 0.0003294 0.00298817 -0.00179907 -0.000989698 -0.00347851 0.0112249 0.00329659
internal_weight=3009 859 2150 662 393 264 197 2033 675 427 1358 860 248 498
internal_count=3009 859 2150 662 393 264 197 2033 675 427 1358 860 248 498
is_linear=0
shrinkage=0.025


Tree=124
num_leaves=15
num_cat=0
split_feature=9 4 9 11 4 4 5 6 0 4 0 6 6 4
split_gain=173.816 60.1626 55.5056 50.8454 12.8025 42.4335 25.059 16.5845 15.3689 12.0861 8.88337 8.41978 8.22624 17.3547
threshold=1.5000000000000002 10.500000000000002 527.50000000000011 1.5000000000000002 15.500000000000002 17.500000000000004 8.5000000000000018 84.500000000000014 46.500000000000007 3.5000000000000004 4.5000000000000009 1.5000000000000002 1.0000000180025095e-35 19.500000000000004
decision_type=2 2 2 2 2 2 2 2 2 2 2 2 2 2
left_child=1 9 4 12 6 -6 8 -7 -2 11 -8 -1 -3 -14
right_child=2 3 -4 -5 5 7 10 -9 -10 -11 -12 -13 13 -15
leaf_value=-0.028078051813952648 0.00043041218747448822 -0.02797727172523716 2.7232087302452328 0.0065718925848868188 -0.069729969286372193 -0.0029186918082500404 0.31787935517248117 0.42544033646488233 0.00018404686992925525 -0.028078051813952648 -0.0002839566919234482 -0.0043693136582265094 -0.033726452028363253 0.015929677473423311
leaf_weight=38 122 270 122 257 171 687 28 103 101 218 793 27 26 46
leaf_count=38 122 270 122 257 171 687 28 103 101 218 793 27 26 46
internal_value=-0.0027309 -0.0120555 0.00113722 -0.00753333 0.000134596 -0.00194387 0.00205263 0.000499368 0.00946429 -0.0215493 2.43309e-05 -0.0116667 -0.0138338 -0.00609589
internal_weight=3009 882 2127 599 2005 961 1044 790 223 283 821 65 342 72
internal_count=3009 882 2127 599 2005 961 1044 790 223 283 821 65 342 72
is_linear=0
shrinkage=0.025


Tree=125
num_leaves=15
num_cat=0
split_feature=13 14 4 13 6 11 11 4 4 5 4 0 0 11
split_gain=203.322 67.2144 46.648 45.3932 12.7999 10.553 10.5188 12.192 42.9244 30.0177 10.1321 8.85345 11.8864 5.12645
threshold=1.5000000000000002 1.0000000180025095e-35 10.500000000000002 566.50000000000011 1.5000000000000002 2.5000000000000004 252.50000000000003 15.500000000000002 17.500000000000004 9.5000000000000018 19.500000000000004 29.500000000000004 71.500000000000014 120.00000000000001
decision_type=2 2 2 2 2 2 2 2 2 2 2 2 2 2
left_child=1 4 -3 6 5 -1 7 9 -9 -2 -6 13 -13 -4
right_child=3 2 11 -5 10 -7 -8 8 -10 -11 -12 12 -14 -15
leaf_value=-0.02737610051860383 0.00043110454394454937 -0.022984158402923501 0.0043920304709031749 3.228597734718234 -0.028419385196189379 -0.048055176127921567 0.63821245942300708 -0.068647973149069896 0.0018489358061334117 -0.00027685777462536091 0.0033932301499434714 -0.056565092418303348 0.034323582367369369 0.51065334034742094
leaf_weight=449 257 56 42 96 35 31 78 174 755 790 25 88 113 20
leaf_count=449 257 56 42 96 35 31 78 174 755 790 25 88 113 20
internal_value=-0.00283056 -0.0131047 -0.00396875 0.00127615 -0.018475 -0.0198441 0.000484185 0.000123925 -0.00195699 0.00197519 -0.00729508 0.000454545 -0.00207921 0.00865079
internal_weight=3009 859 319 2150 540 480 2054 1976 929 1047 60 263 201 62
internal_count=3009 859 319 2150 540 480 2054 1976 929 1047 60 263 201 62
is_linear=0
shrinkage=0.025


Tree=126
num_leaves=15
num_cat=0
split_feature=13 8 4 13 14 4 4 5 4 16 0 0 0 8
split_gain=202.01 68.2084 48.5673 45.647 22.3797 9.29823 45.4573 27.4247 18.5128 15.6986 10.0904 7.87071 23.552 9.72357
threshold=1.5000000000000002 1.0000000180025095e-35 10.500000000000002 566.50000000000011 8.5000000000000018 15.500000000000002 17.500000000000004 9.5000000000000018 10.500000000000002 119.50000000000001 99.500000000000014 72.500000000000014 34.500000000000007 23.500000000000004
decision_type=2 2 2 2 2 2 2 2 2 2 2 2 2 2
left_child=1 4 -3 5 -1 7 -7 8 -2 -8 -9 12 -4 -13
right_child=3 2 11 -5 -6 6 9 10 -10 -11 -12 13 -14 -15
leaf_value=-0.026691698005638739 0.00040887426918901352 -0.022409554442850414 0.037155267212981173 3.1478827913502787 0.16546083914888643 -0.066270520725486143 -0.00076929112417529761 -0.00051085346148411765 0.0098614689085596355 0.40208220307270148 0.030555879815096887 -0.013402808327741423 -0.068457194311588684 0.50036796470810774
leaf_weight=475 158 86 85 96 18 177 653 742 101 154 69 58 85 52
leaf_count=475 158 86 85 96 18 177 653 742 101 154 69 58 85 52
internal_value=-0.00286379 -0.0131047 -0.00489101 0.00122966 -0.01917 0.000435523 -0.00131472 0.00204949 0.00911538 0.0012005 -0.00020936 0.000160142 -0.00318713 0.00536036
internal_weight=3009 859 366 2150 493 2054 984 1070 259 807 811 280 170 110
internal_count=3009 859 366 2150 493 2054 984 1070 259 807 811 280 170 110
is_linear=0
shrinkage=0.025


Tree=127
num_leaves=15
num_cat=0
split_feature=13 8 4 13 14 4 4 5 4 16 16 10 9 4
split_gain=201.355 68.2084 48.5673 43.0047 22.3797 9.29823 45.4573 27.4247 18.5128 15.6986 8.42599 7.68206 7.30848 5.69116
threshold=1.5000000000000002 1.0000000180025095e-35 10.500000000000002 566.50000000000011 8.5000000000000018 15.500000000000002 17.500000000000004 9.5000000000000018 10.500000000000002 119.50000000000001 144.50000000000003 350.00000000000006 103.50000000000001 10.500000000000002
decision_type=2 2 2 2 2 2 2 2 2 2 2 2 2 2
left_child=1 4 -3 5 13 7 12 8 -2 -8 -9 -4 -7 -1
right_child=3 2 11 -5 -6 6 9 10 -10 -11 -12 -13 -14 -15
leaf_value=-0.026024405555497773 0.00039865241245928829 -0.021849315581779154 -0.01306773811954789 3.0691857215665213 0.16132431817016427 -0.065936263897063002 -0.00075005884607091131 -0.00032904487730238689 0.0096149321858456371 0.39203014799588409 0.43978779407373736 5.0466679616152854 -0.023102934492463464 -0.02592614496900017
leaf_weight=189 158 86 262 96 18 125 653 754 101 154 57 18 52 286
leaf_count=189 158 86 262 96 18 125 653 754 101 154 57 18 52 286
internal_value=-0.0028804 -0.0131047 -0.00489101 0.00120642 -0.01917 0.000435523 -0.00131472 0.00204949 0.00911538 0.0012005 -0.00020936 0.000160142 -0.0127528 -0.0202101
internal_weight=3009 859 366 2150 493 2054 984 1070 259 807 811 280 177 475
internal_count=3009 859 366 2150 493 2054 984 1070 259 807 811 280 177 475
is_linear=0
shrinkage=0.025


Tree=128
num_leaves=15
num_cat=0
split_feature=13 8 4 13 14 13 4 11 10 0 2 13 4 4
split_gain=200.05 68.2084 48.5673 43.2518 22.3797 9.2886 15.9699 8.80999 7.68206 6.83768 6.56085 6.13632 5.69116 12.5729
threshold=1.5000000000000002 1.0000000180025095e-35 10.500000000000002 566.50000000000011 8.5000000000000018 2.5000000000000004 14.500000000000002 252.50000000000003 350.00000000000006 72.500000000000014 -0.56174490092936669 179.50000000000003 10.500000000000002 14.500000000000002
decision_type=2 2 2 2 2 2 2 2 2 2 2 2 2 2
left_child=1 4 -3 5 12 6 10 11 9 -4 -2 -7 -1 -14
right_child=3 2 8 -5 -6 7 -8 -9 -10 -11 -12 -13 13 -15
leaf_value=-0.025373795416610331 0.00038868610214780612 -0.021303082692234673 -0.038777024070536396 2.9924560785273573 0.15729121021591019 0.0001285194499893283 -0.0042803488404261512 0.6024043391607159 4.9205012625749029 0.023857017537079386 0.00040811170549683864 -0.026710183998122264 -0.027797237952442433 -0.025277991344775166
leaf_weight=189 19 86 159 96 18 1608 50 78 18 103 40 259 84 202
leaf_count=189 19 86 159 96 18 1608 50 78 18 103 40 259 84 202
internal_value=-0.00291362 -0.0131047 -0.00489101 0.00115993 -0.01917 0.000386861 0.00745455 -1.02775e-05 0.000160142 -0.000931559 0.0161667 -0.000358672 -0.0202101 -0.0177526
internal_weight=3009 859 366 2150 493 2054 109 1945 280 262 59 1867 475 286
internal_count=3009 859 366 2150 493 2054 109 1945 280 262 59 1867 475 286
is_linear=0
shrinkage=0.025


Tree=129
num_leaves=15
num_cat=0
split_feature=13 8 4 13 10 4 5 0 11 13 4 0 0 13
split_gain=162.429 62.7768 47.7642 43.3167 16.0701 15.7877 56.4616 32.1186 23.807 17.4107 16.5752 8.9568 16.5483 8.91038
threshold=1.0000000180025095e-35 1.0000000180025095e-35 10.500000000000002 566.50000000000011 17.500000000000004 10.500000000000002 9.5000000000000018 99.500000000000014 20.500000000000004 105.50000000000001 4.5000000000000009 29.500000000000004 72.500000000000014 40.500000000000007
decision_type=2 2 2 2 2 2 2 2 2 2 2 2 2 2
left_child=1 4 -3 5 -1 6 10 -8 9 -7 -2 -4 -13 -10
right_child=3 2 11 -5 -6 8 7 -9 13 -11 -12 12 -14 -15
leaf_value=-0.02473945053119507 0.00041934785761647554 -0.020770505624928808 0.055172406076319014 2.9176446765641746 0.091604417052536011 -0.012911060957519385 -0.0047396809526027541 0.11249203064112123 0.10303730319084448 0.04389392259777336 0.00026054946880492983 -0.070432369954243873 0.025527183128854044 0.03115320111208817
leaf_weight=365 73 79 67 96 20 748 481 45 95 191 141 95 100 413
leaf_count=365 73 79 67 96 20 748 481 45 95 191 141 95 100 413
internal_value=-0.0021495 -0.0124415 -0.00459064 0.00112522 -0.0193523 0.000397623 0.00336707 -0.00103416 -0.00111878 -0.00347872 0.0141628 0.000551331 -0.00214286 0.00323183
internal_weight=3009 726 341 2283 385 2187 740 526 1447 939 214 262 195 508
internal_count=3009 726 341 2283 385 2187 740 526 1447 939 214 262 195 508
is_linear=0
shrinkage=0.025


Tree=130
num_leaves=15
num_cat=0
split_feature=13 5 13 4 8 4 5 11 13 9 4 14 9 4
split_gain=167.939 62.2472 43.2004 18.3041 28.1724 15.5461 56.4616 21.349 19.929 18.6075 16.5752 11.9245 9.35501 5.56974
threshold=1.0000000180025095e-35 5.5000000000000009 566.50000000000011 10.500000000000002 1.0000000180025095e-35 10.500000000000002 9.5000000000000018 20.500000000000004 12.500000000000002 103.50000000000001 4.5000000000000009 1.0000000180025095e-35 179.50000000000003 14.500000000000002
decision_type=2 2 2 2 2 2 2 2 2 2 2 2 2 2
left_child=1 3 5 -1 13 6 10 9 -8 -7 -2 -3 -9 -5
right_child=2 11 -4 4 -6 7 8 12 -10 -11 -12 -13 -14 -15
leaf_value=-0.024120964267915195 0.00040886416117606462 -0.032452258758668993 2.8447035596500712 -0.026483820740351494 -0.018708324829237285 -0.012636978790002296 -0.0082421072166074527 0.073873582007882813 0.00028151016015041111 0.028970257064909834 0.00025403573208480635 0.019478462233442885 -0.077023385202976871 -0.02402755529787591
leaf_weight=213 73 33 96 61 111 749 39 393 487 190 141 158 115 150
leaf_count=213 73 33 96 61 111 749 39 393 487 190 141 158 115 150
internal_value=-0.00218272 -0.0126479 0.00114711 -0.0170149 -0.0131424 0.000420475 0.00336707 -0.00108425 -0.00103416 -0.00331915 0.0141628 -0.000364583 0.00303536 -0.0184906
internal_weight=3009 726 2283 535 322 2187 740 1447 526 939 214 191 508 211
internal_count=3009 726 2283 535 322 2187 740 1447 526 939 214 191 508 211
is_linear=0
shrinkage=0.025


Tree=131
num_leaves=15
num_cat=0
split_feature=9 8 9 4 4 5 5 4 14 4 12 12 14 6
split_gain=137.995 52.7607 37.9222 35.6348 25.1297 62.5714 38.3428 25.6608 22.8183 35.1575 14.9959 12.0229 11.4537 10.9088
threshold=1.0000000180025095e-35 1.0000000180025095e-35 527.50000000000011 10.500000000000002 10.500000000000002 24.500000000000004 36.500000000000007 5.5000000000000009 12.500000000000002 22.500000000000004 3.5000000000000004 46.500000000000007 2.5000000000000004 3.5000000000000004
decision_type=2 2 2 2 2 2 2 2 2 2 2 2 2 2
left_child=1 12 4 10 5 7 -7 -2 9 -6 -3 -10 13 -1
right_child=2 3 -4 -5 8 6 -8 -9 11 -11 -12 -13 -14 -15
leaf_value=-0.023517940161217315 0.00037768925247332887 0.0013749017936075525 2.200116747929687 -0.002257972682453202 -0.038597097402586301 -0.011809457109923828 0.0053794455964464305 0.0002476848387826858 0.10682839815103443 0.0027018276780285456 -0.019648218877607707 -0.004241835196552835 0.064233923447345562 -0.024150651969403747
leaf_weight=327 123 19 122 278 517 53 377 170 185 520 67 188 19 44
leaf_count=327 123 19 122 278 517 53 377 170 185 520 67 188 19 44
internal_value=-0.002 -0.0112517 0.00109486 -0.00436986 0.000313964 0.00410221 -0.00196056 0.0129932 -0.00162651 -0.00353565 -0.0183333 0.0036631 -0.0176343 -0.0186022
internal_weight=3009 754 2255 364 2133 723 430 293 1410 1037 86 373 390 371
internal_count=3009 754 2255 364 2133 723 430 293 1410 1037 86 373 390 371
is_linear=0
shrinkage=0.025


Tree=132
num_leaves=15
num_cat=0
split_feature=13 8 4 13 4 5 5 4 11 9 10 9 0 0
split_gain=164.984 61.6759 47.7642 42.3903 20.6294 66.9832 35.8029 24.916 18.129 18.0441 15.8796 9.46902 8.9568 16.5483
threshold=1.0000000180025095e-35 1.0000000180025095e-35 10.500000000000002 566.50000000000011 10.500000000000002 24.500000000000004 36.500000000000007 5.5000000000000009 20.500000000000004 103.50000000000001 17.500000000000004 179.50000000000003 29.500000000000004 72.500000000000014
decision_type=2 2 2 2 2 2 2 2 2 2 2 2 2 2
left_child=1 10 -3 4 5 7 -7 -2 9 -6 -1 -10 -4 -14
right_child=3 2 12 -5 8 6 -8 -9 11 -11 -12 -13 13 -15
leaf_value=-0.022929991657186882 0.00038920032583482649 -0.019157013405667514 0.053412180248488816 2.7185830519605787 -0.012183156512182915 -0.011514220682175669 0.0026410325902283208 0.00024149271781311878 0.071793540669631992 0.029210928073351745 0.088309147422485856 -0.07776851052667838 -0.071829232214999733 0.025413160988424957
leaf_weight=365 137 79 67 96 749 52 381 170 393 190 20 115 95 100
leaf_count=365 137 79 67 96 749 52 381 170 393 190 20 115 95 100
internal_value=-0.002 -0.0123728 -0.00459064 0.00130035 0.000580439 0.00397436 -0.00235023 0.0128896 -0.00115331 -0.00321277 -0.0192228 0.00264244 0.000551331 -0.00214286
internal_weight=3009 726 341 2283 2187 740 433 307 1447 939 385 508 262 195
internal_count=3009 726 341 2283 2187 740 433 307 1447 939 385 508 262 195
is_linear=0
shrinkage=0.025


Tree=133
num_leaves=15
num_cat=0
split_feature=13 5 13 4 5 5 4 4 11 11 9 10 9 4
split_gain=168.168 62.1163 41.7019 18.9986 66.9832 35.8029 24.916 18.6256 25.3461 16.2056 16.4056 12.4605 9.46902 6.27877
threshold=1.0000000180025095e-35 5.5000000000000009 566.50000000000011 10.500000000000002 24.500000000000004 36.500000000000007 5.5000000000000009 10.500000000000002 1.5000000000000002 20.500000000000004 103.50000000000001 3.5000000000000004 179.50000000000003 3.5000000000000004
decision_type=2 2 2 2 2 2 2 2 2 2 2 2 2 2
left_child=1 7 3 4 6 -6 -2 13 -9 10 -5 -3 -11 -1
right_child=2 11 -4 9 5 -7 -8 8 -10 12 -12 -13 -14 -15
leaf_value=-0.022954132601099474 0.00037947031768895693 -0.030479753994242159 2.6506184756615654 -0.011878577599378338 -0.011226365165121344 0.002575006775472666 0.00023545539986778998 -0.022265668119968905 -0.00026424892644425494 0.06999870215289121 0.028480654871517953 0.032892753120819462 -0.07582429776351135 -0.022356741865757208
leaf_weight=45 137 43 96 749 52 381 170 242 80 393 190 148 115 168
leaf_count=45 137 43 96 749 52 381 170 242 80 393 190 148 115 168
internal_value=-0.00190033 -0.0123728 0.0014317 0.00071755 0.00397436 -0.00235023 0.0128896 -0.0167351 -0.0128328 -0.000946133 -0.00289362 -0.000104167 0.00264244 -0.0225234
internal_weight=3009 726 2283 2187 740 433 307 535 322 1447 939 191 508 213
internal_count=3009 726 2283 2187 740 433 307 535 322 1447 939 191 508 213
is_linear=0
shrinkage=0.025


Tree=134
num_leaves=15
num_cat=0
split_feature=13 5 13 13 5 8 14 14 11 14 11 0 0 16
split_gain=176.884 60.1686 40.2295 20.8725 26.657 18.1134 13.757 11.9245 10.2223 9.88309 8.51774 6.56084 12.748 5.8018
threshold=1.0000000180025095e-35 5.5000000000000009 566.50000000000011 10.500000000000002 11.500000000000002 1.0000000180025095e-35 1.0000000180025095e-35 1.0000000180025095e-35 1.0000000180025095e-35 6.5000000000000009 252.50000000000003 29.500000000000004 72.500000000000014 1.0000000180025095e-35
decision_type=2 2 2 2 2 2 2 2 2 2 2 2 2 2
left_child=1 5 3 4 8 -1 -6 -3 -2 13 -5 -9 -13 -7
right_child=2 7 -4 10 6 9 -8 11 -10 -11 -12 12 -14 -15
leaf_value=-0.021797823319113278 0.00022956901487109494 -0.02971776014438611 2.584353013770027 -0.0041606248339657982 -0.041668672956611176 -0.024216792522886381 0.030347271106946041 0.16151739447935298 0.0011072522710155132 -0.018119169523881897 0.58717999946052613 -0.090753883723597634 0.13596809396381584 0.0042686751228038387
leaf_weight=346 393 33 96 1520 61 35 18 48 117 103 78 53 57 51
leaf_count=346 393 33 96 1520 61 35 18 48 117 103 78 53 57 51
internal_value=-0.001701 -0.0124415 0.00171629 0.00101463 0.0050339 -0.0167351 -0.008375 -0.000364583 0.00713307 -0.0103684 -0.000465916 0.00248428 -0.000855856 -0.00396552
internal_weight=3009 726 2283 2187 589 535 79 191 510 189 1598 158 110 86
internal_count=3009 726 2283 2187 589 535 79 191 510 189 1598 158 110 86
is_linear=0
shrinkage=0.025


Tree=135
num_leaves=15
num_cat=0
split_feature=13 8 4 13 13 4 4 4 4 6 14 6 4 4
split_gain=175.714 52.6643 44.5235 40.1173 21.5205 29.0331 25.5418 16.0379 21.2799 18.0206 13.3911 10.4298 13.063 8.27806
threshold=1.0000000180025095e-35 1.0000000180025095e-35 10.500000000000002 566.50000000000011 10.500000000000002 14.500000000000002 5.5000000000000009 22.500000000000004 15.500000000000002 84.500000000000014 2.5000000000000004 1.0000000180025095e-35 19.500000000000004 27.500000000000004
decision_type=2 2 2 2 2 2 2 2 2 2 2 2 2 2
left_child=1 10 -3 4 5 6 -2 8 -6 -9 11 -1 -13 -7
right_child=3 2 -4 -5 7 13 -8 9 -10 -11 -12 12 -14 -15
leaf_value=-0.021252877736135448 -0.00042070038684375314 -0.017666190285784849 -0.00086312270746120585 2.5197441884257756 0.001487509715009594 5.0146978301598372e-05 0.00022382978949931633 0.018737630474266354 -0.048032941247461554 0.59814956855827628 -0.023956315229738064 -0.022239327733193141 0.00091861399326523404 -0.023479082132001203
leaf_weight=309 88 79 262 96 818 250 226 353 355 72 25 33 18 25
leaf_count=309 88 79 262 96 818 250 226 353 355 72 25 33 18 25
internal_value=-0.00166777 -0.0123728 -0.00517544 0.00173818 0.00103748 0.00511864 0.0103016 -0.000465916 -0.00197615 0.00368545 -0.0187047 -0.0199307 -0.00903846 -0.000797101
internal_weight=3009 726 341 2283 2187 589 314 1598 1173 425 385 360 51 275
internal_count=3009 726 341 2283 2187 589 314 1598 1173 425 385 360 51 275
is_linear=0
shrinkage=0.025


Tree=136
num_leaves=15
num_cat=0
split_feature=9 8 9 4 4 5 4 4 6 5 6 4 11 14
split_gain=139.009 46.7354 35.3015 34.9363 19.7788 41.682 38.0643 20.9875 19.033 16.1794 15.0653 18.0549 13.1381 10.4292
threshold=1.0000000180025095e-35 1.0000000180025095e-35 620.50000000000011 10.500000000000002 15.500000000000002 24.500000000000004 17.500000000000004 10.500000000000002 84.500000000000014 35.500000000000007 1.0000000180025095e-35 20.500000000000004 1.5000000000000002 1.5000000000000002
decision_type=2 2 2 2 2 2 2 2 2 2 2 2 2 2
left_child=1 10 4 12 5 7 -6 -2 -8 -7 13 -12 -3 -1
right_child=2 3 -4 -5 6 9 8 -9 -10 -11 11 -13 -14 -15
leaf_value=-0.02072155579273206 0.00022380412568207553 -0.021041922899318034 3.6619946371055394 -0.0049009550520645821 -0.059722929165172661 -0.0051506129957552107 -0.0017652680866570459 9.1529807801093998e-05 0.42745266573654245 0.0030645093620149666 -0.024476525259368099 0.021330558287016889 -0.017224535528640224 -0.0072571823713036502
leaf_weight=301 294 25 82 278 180 71 737 168 114 609 45 25 61 19
leaf_count=301 294 25 82 278 180 71 737 168 114 609 45 25 61 19
internal_value=-0.001701 -0.0109868 0.00140514 -0.00450685 0.000791168 0.00305774 -0.00171512 0.00884449 0.000492958 -0.000873715 -0.0169949 -0.00626761 -0.0183333 -0.0192991
internal_weight=3009 754 2255 364 2173 1142 1031 462 851 680 390 70 86 320
internal_count=3009 754 2255 364 2173 1142 1031 462 851 680 390 70 86 320
is_linear=0
shrinkage=0.025


Tree=137
num_leaves=15
num_cat=0
split_feature=13 8 13 13 5 5 10 11 7 16 11 11 7 5
split_gain=180.89 55.7473 37.3124 22.4983 25.5527 16.5465 15.6902 11.0587 8.47966 7.42976 9.14132 7.11954 6.81973 6.06799
threshold=1.0000000180025095e-35 1.0000000180025095e-35 620.50000000000011 10.500000000000002 14.500000000000002 4.5000000000000009 17.500000000000004 1.0000000180025095e-35 417.50000000000006 18.500000000000004 3.5000000000000004 1.0000000180025095e-35 318.50000000000006 12.500000000000002
decision_type=2 2 2 2 2 2 2 2 2 2 2 2 2 2
left_child=1 6 3 4 7 9 -1 -2 13 10 -3 -6 -7 -5
right_child=2 5 -4 8 11 12 -8 -9 -10 -11 -12 -13 -14 -15
leaf_value=-0.020203516897913758 0.00021263894161978049 -0.022464844886043625 4.2042050667072051 -0.027214659808744393 -0.043631143813733557 -0.0021887026776067132 0.087433307983088737 0.00060698704290780287 1.1420419661750429 -0.01679392214042422 0.009233700084547181 0.0067297823771302005 4.5607138132053144 0.00031165993320139143
leaf_weight=365 404 59 83 292 48 137 20 118 27 97 28 19 20 1292
leaf_count=365 404 59 83 292 48 137 20 118 27 97 28 19 20 1292
internal_value=-0.00171761 -0.0125791 0.00173818 0.00111086 0.00528814 -0.00517544 -0.0190933 0.00716061 -0.000415633 -0.0102432 -0.00477273 -0.00911765 0.000759494 -0.000659306
internal_weight=3009 726 2283 2200 589 341 385 522 1611 184 87 67 157 1584
internal_count=3009 726 2283 2200 589 341 385 522 1611 184 87 67 157 1584
is_linear=0
shrinkage=0.025


Tree=138
num_leaves=15
num_cat=0
split_feature=13 10 13 4 13 4 4 4 6 4 10 4 4 16
split_gain=177.431 50.8488 37.3124 35.5896 22.4983 27.1709 25.5418 15.4332 18.4097 15.8808 11.4789 12.1425 11.1361 9.866
threshold=1.0000000180025095e-35 1.0000000180025095e-35 620.50000000000011 10.500000000000002 10.500000000000002 14.500000000000002 5.5000000000000009 23.500000000000004 82.500000000000014 15.500000000000002 17.500000000000004 19.500000000000004 25.500000000000004 18.500000000000004
decision_type=2 2 2 2 2 2 2 2 2 2 2 2 2 2
left_child=1 12 4 -3 5 6 -2 9 -9 -6 11 -5 -1 -12
right_child=2 3 -4 10 7 -7 -8 8 -10 -11 13 -13 -14 -15
leaf_value=-0.019698428975465913 -0.00042602330512130641 -0.016374074086913614 4.0990999400395243 -0.030140237098216408 0.0024930552516792661 -0.0011480803328057787 0.00020732296807928486 0.048659304799739816 0.57634133558304512 -0.037904257993104734 0.12603072485918698 6.6054017995731412e-05 -0.019609632073322319 0.010191001943473665
leaf_weight=380 88 63 83 36 820 275 226 317 45 429 27 45 34 141
leaf_count=380 88 63 83 36 820 275 226 317 45 429 27 45 34 141
internal_value=-0.00168439 -0.0124415 0.00173818 -0.00477636 0.00111086 0.00528814 0.0103016 -0.000415633 0.00411846 -0.001736 -0.00048 -0.00817073 -0.0181807 0.00322485
internal_weight=3009 726 2283 312 2200 589 314 1611 362 1249 249 81 414 168
internal_count=3009 726 2283 312 2200 589 314 1611 362 1249 249 81 414 168
is_linear=0
shrinkage=0.025


Tree=139
num_leaves=15
num_cat=0
split_feature=13 10 4 13 13 4 4 4 6 4 8 4 4 10
split_gain=172.845 54.5935 37.6776 37.2121 22.2547 27.1709 25.5418 14.8238 20.6104 19.7605 13.844 9.01416 8.72377 7.82862
threshold=1.0000000180025095e-35 1.0000000180025095e-35 10.500000000000002 620.50000000000011 10.500000000000002 14.500000000000002 5.5000000000000009 22.500000000000004 84.500000000000014 15.500000000000002 1.0000000180025095e-35 11.500000000000002 27.500000000000004 350.00000000000006
decision_type=2 2 2 2 2 2 2 2 2 2 2 2 2 2
left_child=1 10 -3 4 5 6 -2 9 -9 -6 -1 -12 -7 -4
right_child=3 2 13 -5 7 12 -8 8 -10 -11 11 -13 -14 -15
leaf_value=-0.019205968251079265 -0.00041537272249327355 -0.015964722234740776 -0.0068877373573510425 3.9966224415385359 0.0024307288703873556 0.00041794253048080824 0.00020213989387730393 0.014096869994175521 0.56193280219346919 -0.045856813882027586 -0.021399559161275894 -0.016459251109558381 -0.0228245873417551 4.6082779214129879
leaf_weight=334 88 63 231 83 820 250 226 357 75 359 30 50 25 18
leaf_count=334 88 63 231 83 820 250 226 357 75 359 30 50 25 18
internal_value=-0.00161794 -0.0122352 -0.00429712 0.00176007 0.00113358 0.00528814 0.0103016 -0.000384615 0.00356813 -0.00183898 -0.0181807 -0.00858025 -0.000434783 8e-05
internal_weight=3009 726 312 2283 2200 589 314 1611 432 1179 414 80 275 249
internal_count=3009 726 312 2283 2200 589 314 1611 432 1179 414 80 275 249
is_linear=0
shrinkage=0.025


Tree=140
num_leaves=15
num_cat=0
split_feature=13 10 4 13 13 4 4 4 6 4 8 4 4 10
split_gain=170 54.9128 38.3812 37.1119 22.0124 27.1709 25.5418 14.592 20.6104 18.9869 13.4859 9.01416 8.72377 7.63085
threshold=1.0000000180025095e-35 1.0000000180025095e-35 10.500000000000002 620.50000000000011 10.500000000000002 14.500000000000002 5.5000000000000009 22.500000000000004 84.500000000000014 15.500000000000002 1.0000000180025095e-35 11.500000000000002 27.500000000000004 350.00000000000006
decision_type=2 2 2 2 2 2 2 2 2 2 2 2 2 2
left_child=1 10 -3 4 5 6 -2 9 -9 -6 -1 -12 -7 -4
right_child=3 2 13 -5 7 12 -8 8 -10 -11 11 -13 -14 -15
leaf_value=-0.018725819044802285 -0.00040498840443094208 -0.015565604178872256 -0.0067155439234173999 3.8967068805000724 0.0023699606486276893 0.00040749396721878747 0.00019708639653037154 0.013744448244321106 0.5478844821386325 -0.044710393534976592 -0.020864570182243997 -0.016047769831819419 -0.022253972658211222 4.4930709733776633
leaf_weight=334 88 63 231 83 820 250 226 357 75 359 30 50 25 18
leaf_count=334 88 63 231 83 820 250 226 357 75 359 30 50 25 18
internal_value=-0.00156811 -0.0120977 -0.00413738 0.00178196 0.00115629 0.00528814 0.0103016 -0.000353598 0.00356813 -0.00179661 -0.0180602 -0.00858025 -0.000434783 0.00028
internal_weight=3009 726 312 2283 2200 589 314 1611 432 1179 414 80 275 249
internal_count=3009 726 312 2283 2200 589 314 1611 432 1179 414 80 275 249
is_linear=0
shrinkage=0.025


Tree=141
num_leaves=15
num_cat=0
split_feature=13 10 4 13 13 5 4 14 4 6 4 8 4 10
split_gain=170.537 54.9128 38.3812 37.0119 24.548 26.4593 27.0503 15.6742 13.6166 16.445 14.6598 13.4859 9.01416 7.63085
threshold=1.0000000180025095e-35 1.0000000180025095e-35 10.500000000000002 620.50000000000011 10.500000000000002 14.500000000000002 10.500000000000002 1.0000000180025095e-35 23.500000000000004 82.500000000000014 15.500000000000002 1.0000000180025095e-35 11.500000000000002 350.00000000000006
decision_type=2 2 2 2 2 2 2 2 2 2 2 2 2 2
left_child=1 11 -3 4 5 6 -2 -7 10 -10 -6 -1 -13 -4
right_child=3 2 13 -5 8 7 -8 -9 9 -11 -12 12 -14 -15
leaf_value=-0.018257673568682225 0.00019215923661711209 -0.015176464074400452 -0.0065476553253319032 3.7992892084875707 0.0023107116324119661 -0.052055027056452943 0.00047806721803178576 0.030040594574645099 0.046746789223783926 0.53418737008516648 -0.034692471357852028 -0.020342955927687895 -0.015646575586023937 4.3807441990432219
leaf_weight=334 200 63 231 83 820 49 322 18 317 45 429 30 50 18
leaf_count=334 200 63 231 83 820 49 322 18 317 45 429 30 50 18
internal_value=-0.0015515 -0.0120977 -0.00413738 0.00180385 0.00117901 0.00554237 0.00744742 -0.00911765 -0.000415633 0.00384298 -0.001656 -0.0180602 -0.00858025 0.00028
internal_weight=3009 726 312 2283 2200 589 522 67 1611 362 1249 414 80 249
internal_count=3009 726 312 2283 2200 589 522 67 1611 362 1249 414 80 249
is_linear=0
shrinkage=0.025


Tree=142
num_leaves=15
num_cat=0
split_feature=13 10 4 13 13 4 4 8 4 4 7 4 4 10
split_gain=169.464 54.9128 38.3812 37.2121 22.2547 27.1709 25.5418 13.4859 13.1441 18.2287 14.3228 9.01416 8.72377 7.63085
threshold=1.0000000180025095e-35 1.0000000180025095e-35 10.500000000000002 620.50000000000011 10.500000000000002 14.500000000000002 5.5000000000000009 1.0000000180025095e-35 22.500000000000004 15.500000000000002 111.00000000000001 11.500000000000002 27.500000000000004 350.00000000000006
decision_type=2 2 2 2 2 2 2 2 2 2 2 2 2 2
left_child=1 7 -3 4 5 6 -2 -1 9 -6 -10 -9 -7 -4
right_child=3 2 13 -5 8 12 -8 11 10 -11 -12 -13 -14 -15
leaf_value=-0.01780123172946517 -0.00013029896154161946 -0.014797052472540441 -0.0063839639421985339 3.7043069782753806 0.0022529438416016845 0.00038535493758752316 0.000187355255701685 -0.019834382029495699 0.011885401221793669 -0.042725321912655545 0.35557127808107725 -0.015255411196373338 -0.021709575022206735 4.2712255940671406
leaf_weight=334 88 63 231 83 820 250 226 30 336 359 96 50 25 18
leaf_count=334 88 63 231 83 820 250 226 30 336 359 96 50 25 18
internal_value=-0.00158472 -0.0120977 -0.00413738 0.00176007 0.00113358 0.00528814 0.0103016 -0.0180602 -0.000384615 -0.00175424 0.00333718 -0.00858025 -0.000434783 0.00028
internal_weight=3009 726 312 2283 2200 589 314 414 1611 1179 432 80 275 249
internal_count=3009 726 312 2283 2200 589 314 414 1611 1179 432 80 275 249
is_linear=0
shrinkage=0.025


Tree=143
num_leaves=15
num_cat=0
split_feature=13 10 4 13 13 5 4 14 8 4 6 4 4 10
split_gain=172.151 54.9128 38.3812 34.0663 23.5381 26.4593 27.0503 15.6742 13.4859 12.4948 19.1505 16.0469 9.01416 7.63085
threshold=1.0000000180025095e-35 1.0000000180025095e-35 10.500000000000002 620.50000000000011 10.500000000000002 14.500000000000002 10.500000000000002 1.0000000180025095e-35 1.0000000180025095e-35 22.500000000000004 84.500000000000014 15.500000000000002 11.500000000000002 350.00000000000006
decision_type=2 2 2 2 2 2 2 2 2 2 2 2 2 2
left_child=1 8 -3 4 5 6 -2 -7 -1 11 -11 -6 -10 -4
right_child=3 2 13 -5 9 7 -8 -9 12 10 -12 -13 -14 -15
leaf_value=-0.017356200936228541 0.00018267137430914295 -0.014427126160726928 -0.0062243648436435713 3.6116993038184972 0.0021966202455615757 -0.050763285253481311 0.00049742751737961164 0.029282420832862945 -0.019338522478758308 0.011935032277073532 0.52053555080249225 -0.041657188864839156 -0.014874025916464001 4.1644449542154627
leaf_weight=334 200 63 231 83 820 49 322 18 30 357 75 359 50 18
leaf_count=334 200 63 231 83 820 49 322 18 30 357 75 359 50 18
internal_value=-0.00150166 -0.0120977 -0.00413738 0.00186953 0.00126988 0.00554237 0.00744742 -0.00911765 -0.0180602 -0.000291563 0.00333718 -0.00162712 -0.00858025 0.00028
internal_weight=3009 726 312 2283 2200 589 522 67 414 1611 432 1179 80 249
internal_count=3009 726 312 2283 2200 589 522 67 414 1611 432 1179 80 249
is_linear=0
shrinkage=0.025


Tree=144
num_leaves=15
num_cat=0
split_feature=13 7 4 13 13 4 4 14 4 6 4 0 0 8
split_gain=169.388 56.1192 35.9115 34.2584 25.9641 26.0371 22.0322 16.0474 13.3641 19.1505 14.8383 8.78517 14.0088 7.66969
threshold=1.0000000180025095e-35 1.0000000180025095e-35 10.500000000000002 620.50000000000011 10.500000000000002 14.500000000000002 5.5000000000000009 2.5000000000000004 22.500000000000004 84.500000000000014 15.500000000000002 29.500000000000004 72.500000000000014 1.5000000000000002
decision_type=2 2 2 2 2 2 2 2 2 2 2 2 2 2
left_child=1 7 -3 4 5 6 -2 13 10 -10 -6 -4 -13 -1
right_child=3 2 11 -5 8 -7 -8 -9 9 -11 -12 12 -14 -15
leaf_value=-0.016922295912822828 -6.0700979882255535e-06 -0.014066448006708754 0.047086041813826897 3.5214068212230361 0.002141704739422501 4.8184517517640969e-05 0.00017810458995141389 -0.011108321624986426 0.011636656470146535 0.50752216203242995 -0.040615759143218355 -0.053030394835288742 0.028319656802929784 -0.019711834641294668
leaf_weight=339 88 59 66 83 820 275 226 41 357 75 359 86 94 41
leaf_count=339 88 59 66 83 820 275 226 41 357 75 359 86 94 41
internal_value=-0.00151827 -0.0120289 -0.00382353 0.00182574 0.00122444 0.00571186 0.010619 -0.0179384 -0.000415633 0.00333718 -0.00179661 0.000384615 -0.00245856 -0.0195407
internal_weight=3009 726 305 2283 2200 589 314 421 1611 432 1179 246 180 380
internal_count=3009 726 305 2283 2200 589 314 421 1611 432 1179 246 180 380
is_linear=0
shrinkage=0.025


Tree=145
num_leaves=15
num_cat=0
split_feature=13 11 4 13 9 4 2 13 7 4 4 0 0 0
split_gain=169.847 50.3358 51.2012 32.0732 26.1288 32.5396 15.0421 10.603 9.61678 9.92868 9.09374 7.96056 15.4292 6.8937
threshold=1.0000000180025095e-35 1.5000000000000002 10.500000000000002 634.00000000000011 8.5000000000000018 13.500000000000002 -0.22252093395631442 8.5000000000000018 1.0000000180025095e-35 19.500000000000004 23.500000000000004 72.500000000000014 36.500000000000007 36.500000000000007
decision_type=2 2 2 2 2 2 2 2 2 2 2 2 2 2
left_child=1 8 -3 4 5 6 -2 -6 -1 -10 -9 12 -4 -7
right_child=3 2 11 -5 7 13 -8 10 9 -11 -12 -13 -14 -15
leaf_value=-0.016499238515002259 0.00010284811595042687 -0.013714786806541035 0.078770960166159365 4.0496113551631536 -0.062675652910732946 0.0015230601695526492 0.00017365197520262943 -0.0038924956727355744 -0.018693427088994647 0.010835059021254751 0.055521406596600369 0.097486323678730002 -0.1099427306377046 -0.0039924459420526111
leaf_weight=379 130 61 72 72 51 113 134 1171 35 21 362 89 69 250
leaf_count=379 130 61 72 72 51 113 134 1171 35 21 362 89 69 250
internal_value=-0.00191694 -0.0124415 -0.00434932 0.0014317 0.000890597 0.00520701 0.0118679 -0.000817035 -0.0178211 -0.00780702 -0.000436767 0.00106061 -0.00260563 0.00032967
internal_weight=3009 726 291 2283 2211 627 264 1584 435 56 1533 230 141 363
internal_count=3009 726 291 2283 2211 627 264 1584 435 56 1533 230 141 363
is_linear=0
shrinkage=0.025


Tree=146
num_leaves=15
num_cat=0
split_feature=13 5 13 13 4 4 4 8 10 4 6 11 4 9
split_gain=176.338 57.5777 31.0425 25.6609 26.9442 22.0322 19.2549 25.6636 13.821 12.151 14.5913 13.6971 6.27877 6.16727
threshold=1.0000000180025095e-35 5.5000000000000009 634.00000000000011 10.500000000000002 14.500000000000002 5.5000000000000009 10.500000000000002 1.0000000180025095e-35 3.5000000000000004 23.500000000000004 82.500000000000014 358.50000000000006 3.5000000000000004 8.5000000000000018
decision_type=2 2 2 2 2 2 2 2 2 2 2 2 2 2
left_child=1 6 3 4 5 -2 12 -8 -3 11 -11 -5 -1 -6
right_child=2 8 -4 9 13 -7 7 -9 -10 10 -12 -13 -14 -15
leaf_value=-0.016954672062592557 -8.489548437279338e-06 -0.024125231695300037 3.9483710712840749 -0.0075727591087963123 0.0004047648590300712 0.00016931067582256489 -0.016000180572537197 -0.0142492160295707 0.038196582477203048 0.043303657079048999 0.49344607281670394 0.6422412612705628 -0.016086757552127202 -0.053004500600683305
leaf_weight=45 88 43 72 1232 220 226 211 111 148 317 45 28 168 55
leaf_count=45 88 43 72 1232 220 226 211 111 148 317 45 28 168 55
internal_value=-0.00171761 -0.0124415 0.0016944 0.00116184 0.00562712 0.010619 -0.0166418 -0.012678 -0.000625 -0.000459026 0.00356749 -0.00162173 -0.0225234 -7.24638e-05
internal_weight=3009 726 2283 2211 589 314 535 322 191 1622 362 1260 213 275
internal_count=3009 726 2283 2211 589 314 535 322 191 1622 362 1260 213 275
is_linear=0
shrinkage=0.025


Tree=147
num_leaves=15
num_cat=0
split_feature=13 5 13 13 4 4 4 8 10 4 16 11 10 4
split_gain=173.928 55.5792 30.6179 25.339 26.0371 22.0322 21.2018 23.2716 13.821 11.4182 14.7366 13.4411 8.92575 6.27877
threshold=1.0000000180025095e-35 5.5000000000000009 634.00000000000011 10.500000000000002 14.500000000000002 5.5000000000000009 10.500000000000002 1.0000000180025095e-35 3.5000000000000004 23.500000000000004 44.500000000000007 358.50000000000006 1.0000000180025095e-35 3.5000000000000004
decision_type=2 2 2 2 2 2 2 2 2 2 2 2 2 2
left_child=1 6 3 4 5 -2 13 12 -3 11 -11 -5 -8 -1
right_child=2 8 -4 9 -6 -7 7 -9 -10 10 -12 -13 -14 -15
leaf_value=-0.01653080526102774 -8.2773097263469382e-06 -0.023522100902917537 3.8496617945019724 -0.0073834401310763909 0.00010499056874893207 0.00016507790892699993 -0.015600176058223766 -0.013892985628831435 0.037241667915272968 -0.032937704077411034 0.23538062470368254 0.62618522973879898 -0.015641915909086847 -0.015684588613324023
leaf_weight=45 88 43 72 1232 275 226 186 111 148 125 237 28 25 168
leaf_count=45 88 43 72 1232 275 226 186 111 148 125 237 28 25 168
internal_value=-0.00158472 -0.0122352 0.00180385 0.00127486 0.00571186 0.010619 -0.0163619 -0.0122136 -0.000625 -0.000335798 0.00356749 -0.00146312 -0.0170755 -0.0225234
internal_weight=3009 726 2283 2211 589 314 535 322 191 1622 362 1260 211 213
internal_count=3009 726 2283 2211 589 314 535 322 191 1622 362 1260 211 213
is_linear=0
shrinkage=0.025


Tree=148
num_leaves=15
num_cat=0
split_feature=13 5 13 13 4 4 4 8 14 4 16 11 4 13
split_gain=173.928 55.5792 30.6179 25.339 26.0371 22.0322 21.2018 23.2716 11.473 11.4182 14.7366 13.4411 6.27877 6.14143
threshold=1.0000000180025095e-35 5.5000000000000009 634.00000000000011 10.500000000000002 14.500000000000002 5.5000000000000009 10.500000000000002 1.0000000180025095e-35 1.0000000180025095e-35 23.500000000000004 44.500000000000007 358.50000000000006 3.5000000000000004 1.5000000000000002
decision_type=2 2 2 2 2 2 2 2 2 2 2 2 2 2
left_child=1 6 3 4 5 -2 12 -8 -3 11 -11 -5 -1 -6
right_child=2 8 -4 9 13 -7 7 -9 -10 10 -12 -13 -14 -15
leaf_value=-0.016117535129502047 -8.07037698318941e-06 -0.022934048380344602 3.7534202496394218 -0.0071988541277994145 -0.018042340369209334 0.00016095096120382626 -0.015210171656768174 -0.013545660988110648 0.018904006462732159 -0.03211426147547574 0.22949610908609053 0.61053059899532947 -0.015292473897990922 0.00047391267981218289
leaf_weight=45 88 33 72 1232 50 226 211 111 158 125 237 28 168 225
leaf_count=45 88 33 72 1232 50 226 211 111 158 125 237 28 168 225
internal_value=-0.00158472 -0.0122352 0.00180385 0.00127486 0.00571186 0.010619 -0.0163619 -0.0122136 -0.000625 -0.000335798 0.00356749 -0.00146312 -0.0225234 7.24638e-05
internal_weight=3009 726 2283 2211 589 314 535 322 191 1622 362 1260 213 275
internal_count=3009 726 2283 2211 589 314 535 322 191 1622 362 1260 213 275
is_linear=0
shrinkage=0.025


Tree=149
num_leaves=15
num_cat=0
split_feature=13 5 13 13 4 4 4 8 10 4 16 11 10 4
split_gain=175.558 55.5792 30.3645 24.5718 26.0371 22.0322 21.2018 23.2716 13.821 10.8834 14.7366 13.2506 8.92575 6.27877
threshold=1.0000000180025095e-35 5.5000000000000009 634.00000000000011 10.500000000000002 14.500000000000002 5.5000000000000009 10.500000000000002 1.0000000180025095e-35 3.5000000000000004 23.500000000000004 44.500000000000007 358.50000000000006 1.0000000180025095e-35 3.5000000000000004
decision_type=2 2 2 2 2 2 2 2 2 2 2 2 2 2
left_child=1 6 3 4 5 -2 13 12 -3 11 -11 -5 -8 -1
right_child=2 8 -4 9 -6 -7 7 -9 -10 10 -12 -13 -14 -15
leaf_value=-0.015714596751264492 -7.8686175586109571e-06 -0.022360697170835983 3.659584743398435 -0.0070188827746044073 9.0517987534904207e-05 0.00015692718717373046 -0.01482991736534897 -0.013207019463407882 0.035838026055822834 -0.031311404938588798 0.22375870635893841 0.59526733402044563 -0.014870613719940471 -0.014910162050541149
leaf_weight=45 88 43 72 1232 275 226 186 111 148 125 237 28 25 168
leaf_count=45 88 43 72 1232 275 226 186 111 148 125 237 28 25 168
internal_value=-0.00153488 -0.0122352 0.00186953 0.00134268 0.00571186 0.010619 -0.0163619 -0.0122136 -0.000625 -0.000243376 0.00356749 -0.00134417 -0.0170755 -0.0225234
internal_weight=3009 726 2283 2211 589 314 535 322 191 1622 362 1260 211 213
internal_count=3009 726 2283 2211 589 314 535 322 191 1622 362 1260 211 213
is_linear=0
shrinkage=0.025


Tree=150
num_leaves=15
num_cat=0
split_feature=13 5 13 13 4 4 4 11 10 6 4 6 11 4
split_gain=175.48 54.9209 30.1121 23.8164 26.0371 22.0322 21.8705 22.2328 13.821 10.0794 9.60877 14.902 12.9987 6.27877
threshold=1.0000000180025095e-35 5.5000000000000009 634.00000000000011 10.500000000000002 14.500000000000002 5.5000000000000009 10.500000000000002 1.5000000000000002 3.5000000000000004 1.0000000180025095e-35 23.500000000000004 82.500000000000014 358.50000000000006 3.5000000000000004
decision_type=2 2 2 2 2 2 2 2 2 2 2 2 2 2
left_child=1 6 3 4 5 -2 13 9 -3 -8 12 -12 -5 -1
right_child=2 8 -4 10 -6 -7 7 -9 -10 -11 11 -13 -14 -15
leaf_value=-0.015321731832482879 -7.671902119645024e-06 -0.021801679741565085 3.5680951248134734 -0.0068434107052393507 8.8255037846531601e-05 0.00015300400749438672 -0.014966055934694711 -0.00081046476656556623 0.034942075404427272 -0.010683016820874833 0.035674377589029409 0.46389403499256832 0.58038565066993475 -0.014537407999277619
leaf_weight=45 88 43 72 1232 275 226 204 80 148 38 317 45 28 168
leaf_count=45 88 43 72 1232 275 226 204 80 148 38 317 45 28 168
internal_value=-0.00146844 -0.0121664 0.0019352 0.00141049 0.00571186 0.010619 -0.0162687 -0.0120588 -0.000625 -0.015823 -0.000150955 0.00342975 -0.00118557 -0.0225234
internal_weight=3009 726 2283 2211 589 314 535 322 191 242 1622 362 1260 213
internal_count=3009 726 2283 2211 589 314 535 322 191 242 1622 362 1260 213
is_linear=0
shrinkage=0.025


Tree=151
num_leaves=15
num_cat=0
split_feature=13 5 13 13 9 8 10 5 14 2 10 9 6 6
split_gain=175.48 54.9209 30.1121 23.8164 25.0281 15.4763 13.821 9.8882 9.88309 9.09941 8.75032 9.7121 8.36114 6.24154
threshold=1.0000000180025095e-35 5.5000000000000009 634.00000000000011 10.500000000000002 10.500000000000002 1.0000000180025095e-35 3.5000000000000004 10.500000000000002 6.5000000000000009 1.0000000180025095e-35 446.00000000000006 594.00000000000011 1.0000000180025095e-35 5.5000000000000009
decision_type=2 2 2 2 2 2 2 2 2 2 2 2 2 2
left_child=1 5 3 4 7 12 -3 -2 -7 -6 11 -5 -1 -14
right_child=2 6 -4 10 9 8 -8 -9 -10 -11 -12 -13 13 -15
leaf_value=-0.014173972799295678 0.000150949003788331 -0.021256637748025956 3.4788927466931372 -0.0020738074272378172 -0.074769580704835734 -0.014734774805153597 0.034068523519316586 -0.0045032408564980256 -0.011459132383545989 0.098672665870715534 1.4026652764402769 -0.039650245796711663 0.0015056310891281705 -0.026816617634329954
leaf_weight=302 489 43 72 1579 36 86 148 45 103 19 25 18 21 23
leaf_count=302 489 43 72 1579 36 86 148 45 103 19 25 18 21 23
internal_value=-0.00146844 -0.0121664 0.0019352 0.00141049 0.00571186 -0.0162687 -0.000625 0.00737383 -0.0103684 -0.0101786 -0.000150955 -0.000387985 -0.019438 -0.00877778
internal_weight=3009 726 2283 2211 589 535 191 534 189 55 1622 1597 346 44
internal_count=3009 726 2283 2211 589 535 191 534 189 55 1622 1597 346 44
is_linear=0
shrinkage=0.025


Tree=152
num_leaves=15
num_cat=0
split_feature=13 10 4 13 13 4 4 8 4 6 11 4 10 16
split_gain=175.48 53.6464 37.6776 30.1121 23.8164 26.0371 22.0322 13.4859 9.60877 14.902 12.9987 9.01416 8.08561 9.866
threshold=1.0000000180025095e-35 1.0000000180025095e-35 10.500000000000002 634.00000000000011 10.500000000000002 14.500000000000002 5.5000000000000009 1.0000000180025095e-35 23.500000000000004 82.500000000000014 358.50000000000006 11.500000000000002 17.500000000000004 18.500000000000004
decision_type=2 2 2 2 2 2 2 2 2 2 2 2 2 2
left_child=1 7 -3 4 5 6 -2 -1 10 -10 -6 -9 -4 -14
right_child=3 2 12 -5 8 -7 -8 11 9 -11 -12 -13 13 -15
leaf_value=-0.013819623479313287 -1.1253829661361792e-05 -0.011172654073957337 -0.019204783140166676 3.3919204280258075 -0.0066204802519274969 8.2274936805660042e-05 0.0001454051822123187 -0.01563273200291183 0.034834363334984887 0.4523485293034355 0.56592785458886685 -0.011482005618400759 0.11655971627529285 0.0051319223505442938
leaf_weight=334 88 63 81 72 1232 275 226 30 317 45 28 50 27 141
leaf_count=334 88 63 81 72 1232 275 226 30 317 45 28 50 27 141
internal_value=-0.00146844 -0.0121664 -0.00429712 0.0019352 0.00141049 0.00571186 0.010619 -0.0180602 -0.000150955 0.00342975 -0.00118557 -0.00858025 8e-05 0.00322485
internal_weight=3009 726 312 2283 2211 589 314 414 1622 362 1260 80 249 168
internal_count=3009 726 312 2283 2211 589 314 414 1622 362 1260 80 249 168
is_linear=0
shrinkage=0.025


Tree=153
num_leaves=15
num_cat=0
split_feature=9 4 8 9 9 4 4 4 6 4 14 4 9 7
split_gain=142.017 47.0819 42.2486 30.3205 20.7021 31.3895 14.3994 14.0477 10.3248 16.8871 8.82215 8.20331 8.07842 10.1586
threshold=1.0000000180025095e-35 10.500000000000002 1.0000000180025095e-35 634.00000000000011 8.5000000000000018 14.500000000000002 2.5000000000000004 5.5000000000000009 1.0000000180025095e-35 20.500000000000004 350.00000000000006 15.500000000000002 594.00000000000011 417.50000000000006
decision_type=2 2 2 2 2 2 2 2 2 2 2 2 2 2
left_child=1 6 8 4 5 7 -1 -2 11 -10 -4 -3 13 -6
right_child=3 2 10 -5 12 -7 -8 -9 9 -11 -12 -13 -14 -15
leaf_value=-0.013303082145050427 9.7793977569127227e-05 -0.015777817009742758 -0.011654203629822307 4.1738407195393705 -0.0022794139021249829 -0.00059493999947914664 -0.013474132892330454 0.00014177005265701148 -0.017594007245221682 0.02082973811912785 3.2658827128544661 -0.013382958203329062 -0.037394610220192706 0.8219514591760444
leaf_weight=32 71 84 259 71 1627 242 197 201 25 25 19 113 19 24
leaf_count=32 71 84 259 71 1627 242 197 201 25 25 19 113 19 24
internal_value=-0.00146844 -0.0108543 -0.00669202 0.0016711 0.00114188 0.00552427 -0.0203043 0.011337 -0.0141935 -0.00382353 0 -0.0167677 -0.000206463 -1.21065e-05
internal_weight=3009 754 525 2255 2184 514 229 272 247 50 278 197 1670 1651
internal_count=3009 754 525 2255 2184 514 229 272 247 50 278 197 1670 1651
is_linear=0
shrinkage=0.025


Tree=154
num_leaves=15
num_cat=0
split_feature=13 5 13 13 4 4 8 4 10 10 10 9 4 4
split_gain=174.936 54.9209 25.19 22.6433 25.2579 21.8705 24.792 21.3785 13.821 8.92575 8.67463 9.78168 7.04606 6.27877
threshold=1.0000000180025095e-35 5.5000000000000009 634.00000000000011 10.500000000000002 14.500000000000002 10.500000000000002 1.0000000180025095e-35 5.5000000000000009 3.5000000000000004 1.0000000180025095e-35 446.00000000000006 594.00000000000011 22.500000000000004 3.5000000000000004
decision_type=2 2 2 2 2 2 2 2 2 2 2 2 2 2
left_child=1 5 3 4 7 13 9 -2 -3 -7 11 -5 -8 -1
right_child=2 8 -4 10 -6 6 12 -9 -10 -11 -12 -13 -14 -15
leaf_value=-0.013585929186521465 -1.3417333359055928e-05 -0.020113328398850116 3.2027763993366762 -0.0022224285545718206 9.5091563372497201e-05 -0.013050604170799427 -0.019183339347628659 0.00013822580134058572 0.033988285100583396 -0.01264138775592713 1.3329016616851477 -0.038076797934827766 0.068672980612871637 -0.013137279570022193
leaf_weight=45 88 43 72 1579 275 186 92 226 148 25 25 18 19 168
leaf_count=45 88 43 72 1579 275 186 92 226 148 25 25 18 19 168
internal_value=-0.00148505 -0.0121664 0.00191331 0.00143309 0.00562712 -0.0162687 -0.0120588 0.0104603 -0.000625 -0.0170755 -8.93407e-05 -0.000325407 -0.00241071 -0.0225234
internal_weight=3009 726 2283 2211 589 535 322 314 191 211 1622 1597 111 213
internal_count=3009 726 2283 2211 589 535 322 314 191 211 1622 1597 111 213
is_linear=0
shrinkage=0.025


Tree=155
num_leaves=15
num_cat=0
split_feature=13 5 13 4 11 14 4 5 0 14 4 4 6 13
split_gain=158.856 58.6755 27.0668 21.8705 24.7409 12.3847 11.0652 46.8232 33.9182 16.2933 31.3489 13.0832 10.4347 9.39735
threshold=1.0000000180025095e-35 5.5000000000000009 634.00000000000011 10.500000000000002 1.5000000000000002 1.0000000180025095e-35 10.500000000000002 24.500000000000004 100.50000000000001 10.500000000000002 22.500000000000004 5.5000000000000009 1.0000000180025095e-35 56.500000000000007
decision_type=2 2 2 2 2 2 2 2 2 2 2 2 2 2
left_child=1 3 6 -1 12 -3 7 11 -9 10 -8 -2 -5 -11
right_child=2 5 -4 4 -6 -7 9 8 -10 13 -12 -13 -14 -15
leaf_value=-0.012808847580771637 0.00076710795173277619 -0.019610495188878863 3.1227069893532589 -0.013231225570008909 -0.00044816594948777767 0.014253700686374805 -0.036126973508307396 -0.0089954289561895006 0.34418065252600205 0.061373489052577404 0.0025642864621990519 0.00013654025278837524 -0.0092903191773769985 0.015538977316609959
leaf_weight=213 138 33 72 204 80 158 519 406 35 157 544 170 38 242
leaf_count=213 138 33 72 204 80 158 519 406 35 157 544 170 38 242
internal_value=-0.0018505 -0.0120289 0.00138792 -0.0162687 -0.0120588 -0.000104167 0.000890597 0.00336 -0.0018552 -0.000372522 -0.00199248 0.0108252 -0.0160288 0.003925
internal_weight=3009 726 2283 535 322 191 2211 749 441 1462 1063 308 242 399
internal_count=3009 726 2283 535 322 191 2211 749 441 1462 1063 308 242 399
is_linear=0
shrinkage=0.025


Tree=156
num_leaves=15
num_cat=0
split_feature=13 5 13 4 8 13 5 4 6 14 4 4 6 4
split_gain=162.13 54.9209 27.0668 21.8705 24.792 16.4385 17.5669 21.1507 14.9481 11.473 6.34305 16.6139 16.3073 6.27877
threshold=1.0000000180025095e-35 5.5000000000000009 634.00000000000011 10.500000000000002 1.0000000180025095e-35 5.5000000000000009 2.5000000000000004 14.500000000000002 1.0000000180025095e-35 1.0000000180025095e-35 23.500000000000004 15.500000000000002 82.500000000000014 3.5000000000000004
decision_type=2 2 2 2 2 2 2 2 2 2 2 2 2 2
left_child=1 3 5 13 -5 6 7 -2 -8 -3 11 -7 -12 -1
right_child=2 9 -4 4 -6 10 8 -9 -10 -11 12 -13 -14 -15
leaf_value=-0.012926059767339139 0.00024929049069282171 -0.019120232809156892 3.0446393146194284 -0.01239355842727922 -0.010552484416135811 0.00031452646400769173 -0.0018880499011788789 0.0007575350605673048 0.0050471603209250706 0.013897358169215435 0.010643774192584533 -0.029856342040880526 0.44108825497071252 -0.012488626391252347
leaf_weight=45 137 33 72 211 111 978 91 105 40 158 342 473 45 168
leaf_count=45 137 33 72 211 111 978 91 105 40 158 342 473 45 168
internal_value=-0.00188372 -0.0121664 0.00138792 -0.0162687 -0.0120588 0.000890597 0.00566845 0.00965021 -0.00166667 -0.000625 -7.88472e-05 -0.00084022 0.00275773 -0.0225234
internal_weight=3009 726 2283 535 322 2211 373 242 131 191 1838 1451 387 213
internal_count=3009 726 2283 535 322 2211 373 242 131 191 1838 1451 387 213
is_linear=0
shrinkage=0.025


Tree=157
num_leaves=15
num_cat=0
split_feature=13 7 4 13 14 13 4 9 13 0 0 8 4 6
split_gain=163.704 53.5238 34.5772 24.4194 16.0474 15.8231 15.442 23.4969 10.7079 9.71877 11.9715 7.66969 5.65503 17.6148
threshold=1.0000000180025095e-35 1.0000000180025095e-35 10.500000000000002 634.00000000000011 2.5000000000000004 5.5000000000000009 14.500000000000002 2.5000000000000004 3.5000000000000004 29.500000000000004 72.500000000000014 1.5000000000000002 22.500000000000004 84.500000000000014
decision_type=2 2 2 2 2 2 2 2 2 2 2 2 2 2
left_child=1 4 -3 5 11 6 7 -2 -8 -4 -11 -1 -7 -14
right_child=3 2 9 -5 -6 12 8 -9 -10 10 -12 -13 13 -15
leaf_value=-0.012176410731471039 0.0002430582284255023 -0.0095956155612489883 0.037846289127905254 2.9685233317539428 -0.0065999403908458543 -6.2151901946183588e-05 -0.0032749957778347109 -0.00093309786661190943 0.0017404704672193906 -0.049969544062273497 0.021812791499967867 -0.015432052537986577 0.00043347341845756393 0.43006104859644484
leaf_weight=339 141 59 66 72 41 1375 117 38 77 86 94 41 388 75
leaf_count=339 141 59 66 72 41 1375 117 38 77 86 94 41 388 75
internal_value=-0.00183389 -0.0121664 -0.00415033 0.00145359 -0.0179384 0.000981013 0.00566845 0.0109444 0.00074359 0 -0.00301105 -0.0195407 2.44698e-05 0.00241379
internal_weight=3009 726 305 2283 421 2211 373 179 194 246 180 380 1838 463
internal_count=3009 726 305 2283 421 2211 373 179 194 246 180 380 1838 463
is_linear=0
shrinkage=0.025


Tree=158
num_leaves=15
num_cat=0
split_feature=13 5 13 4 8 13 5 4 6 10 10 10 9 4
split_gain=162.13 54.9209 22.3399 21.8705 22.5002 16.1298 17.5669 21.1507 14.9481 13.821 11.362 6.42053 9.90276 6.27877
threshold=1.0000000180025095e-35 5.5000000000000009 634.00000000000011 10.500000000000002 1.0000000180025095e-35 5.5000000000000009 2.5000000000000004 14.500000000000002 1.0000000180025095e-35 3.5000000000000004 1.0000000180025095e-35 446.00000000000006 594.00000000000011 3.5000000000000004
decision_type=2 2 2 2 2 2 2 2 2 2 2 2 2 2
left_child=1 3 5 13 10 6 7 -2 -8 -3 -5 12 -7 -1
right_child=2 9 -4 4 -6 11 8 -9 -10 -11 -12 -13 -14 -15
leaf_value=-0.012298498004868883 0.00023698177271486709 -0.018337816720641192 2.894310248460096 -0.011779309198310463 -0.010271586715314297 -8.4256226482226641e-06 -0.0018843604153298888 0.00082047157849899082 0.0049443087595672404 0.033684040103235897 -0.01053401752035571 1.2999386080586732 -0.037308140693792784 -0.011872000463184262
leaf_weight=45 137 43 72 186 111 1795 91 105 40 148 25 25 18 168
leaf_count=45 137 43 72 186 111 1795 91 105 40 148 25 25 18 168
internal_value=-0.00188372 -0.0121664 0.00138792 -0.0162687 -0.0120588 0.000935805 0.00566845 0.00965021 -0.00166667 -0.000625 -0.0168396 -2.44698e-05 -0.000203969 -0.0225234
internal_weight=3009 726 2283 535 322 2211 373 242 131 191 211 1838 1813 213
internal_count=3009 726 2283 535 322 2211 373 242 131 191 211 1838 1813 213
is_linear=0
shrinkage=0.025


Tree=159
num_leaves=15
num_cat=0
split_feature=9 4 11 5 9 4 4 4 4 6 4 14 4 6
split_gain=129.736 47.0819 44.6903 22.4224 17.5556 44.7988 14.3994 10.5056 10.015 8.92008 16.6803 8.25302 8.23454 7.44917
threshold=1.0000000180025095e-35 10.500000000000002 1.0000000180025095e-35 671.00000000000011 2.5000000000000004 14.500000000000002 2.5000000000000004 5.5000000000000009 21.500000000000004 1.0000000180025095e-35 20.500000000000004 350.00000000000006 15.500000000000002 496.50000000000006
decision_type=2 2 2 2 2 2 2 2 2 2 2 2 2 2
left_child=1 6 9 4 5 7 -1 -2 -7 12 -11 -4 -3 -6
right_child=3 2 11 -5 13 8 -8 -9 -10 10 -12 -13 -14 -15
leaf_value=-0.011375611459649866 0.00019351660544004448 -0.013817593882052465 -0.0061678527838945124 6.4469524922485935 -9.9850785633126549e-06 -0.019728035028923976 -0.011575200451604657 0.00023105722839699696 0.00056561953033429097 -0.016731772081638355 0.019099865409121841 2.8034117379450181 -0.011482606545799114 1.3249527617511632
leaf_weight=32 37 75 245 53 1948 36 197 102 61 27 28 19 131 18
leaf_count=32 37 75 245 53 1948 36 197 102 61 27 28 19 131 18
internal_value=-0.00188372 -0.0108543 -0.00669202 0.00111702 0.000724013 0.0071519 -0.0203043 0.0162143 -0.00581633 -0.0140076 -0.00482143 0.00054717 -0.016401 -4.82969e-05
internal_weight=3009 754 525 2255 2202 236 229 139 97 261 55 264 206 1966
internal_count=3009 754 525 2255 2202 236 229 139 97 261 55 264 206 1966
is_linear=0
shrinkage=0.025


Tree=160
num_leaves=15
num_cat=0
split_feature=13 5 4 8 13 13 5 4 6 10 10 11 5 4
split_gain=156.349 56.7828 21.8705 22.5002 20.302 16.3283 17.5669 21.1507 14.9481 11.9245 11.362 9.23185 14.2817 6.27877
threshold=1.0000000180025095e-35 5.5000000000000009 10.500000000000002 1.0000000180025095e-35 686.50000000000011 5.5000000000000009 2.5000000000000004 14.500000000000002 1.0000000180025095e-35 1.0000000180025095e-35 1.0000000180025095e-35 534.00000000000011 604.00000000000011 3.5000000000000004
decision_type=2 2 2 2 2 2 2 2 2 2 2 2 2 2
left_child=1 2 13 10 5 6 7 -2 -8 -3 -4 12 -7 -1
right_child=4 9 3 -5 -6 11 8 -9 -10 -11 -12 -13 -14 -15
leaf_value=-0.011701655543457045 0.0002252807976870719 -0.017207599263857499 -0.011197761304707725 -0.0095215961717083422 10.893401898464626 1.0225015952647355e-05 -0.001837001777982561 0.00078581930077815942 0.0048209506675421345 0.013060032246397058 -0.009852372780305858 1.5226450439801498 -0.10659810153537422 -0.01128582044031454
leaf_weight=45 137 33 186 111 38 1817 91 105 40 158 25 20 35 168
leaf_count=45 137 33 186 111 38 1817 91 105 40 158 25 20 35 168
internal_value=-0.002 -0.0120977 -0.0162687 -0.0120588 0.00121278 0.000899377 0.00566845 0.00965021 -0.00166667 -0.000364583 -0.0168396 -5.07208e-05 -0.000240151 -0.0225234
internal_weight=3009 726 535 322 2283 2245 373 242 131 191 211 1872 1852 213
internal_count=3009 726 535 322 2283 2245 373 242 131 191 211 1872 1852 213
is_linear=0
shrinkage=0.025


Tree=161
num_leaves=15
num_cat=0
split_feature=9 4 11 9 9 4 4 4 4 6 4 14 4 0
split_gain=123.102 47.0819 44.6903 21.2469 20.0936 42.7478 14.3994 11.0209 10.5056 8.92008 16.6803 8.25302 8.23454 7.47275
threshold=1.0000000180025095e-35 10.500000000000002 1.0000000180025095e-35 772.00000000000011 2.5000000000000004 14.500000000000002 2.5000000000000004 21.500000000000004 5.5000000000000009 1.0000000180025095e-35 20.500000000000004 350.00000000000006 15.500000000000002 50.500000000000007
decision_type=2 2 2 2 2 2 2 2 2 2 2 2 2 2
left_child=1 6 9 4 5 8 -1 -7 -2 12 -11 -4 -3 -6
right_child=3 2 11 -5 13 7 -8 -9 -10 10 -12 -13 -14 -15
leaf_value=-0.010798679784572192 0.00018304667036186663 -0.013192210002383459 -0.0060139120896959501 10.621066851003011 -0.0017352675365906124 -0.01912150223470678 -0.011003674929306676 0.00053183355955647993 0.00021964877774489634 -0.016313733404996211 0.018602723291374336 2.4609913970347779 -0.010915597349536441 0.00051153718130568797
leaf_weight=32 37 75 245 38 897 36 197 61 102 27 28 19 131 1084
leaf_count=32 37 75 245 38 897 36 197 61 102 27 28 19 131 1084
internal_value=-0.00211628 -0.0108543 -0.00669202 0.000806738 0.000482417 0.00736287 -0.0203043 -0.00530612 0.0162143 -0.0140076 -0.00482143 0.00054717 -0.016401 -0.000338042
internal_weight=3009 754 525 2255 2217 236 229 97 139 261 55 264 206 1981
internal_count=3009 754 525 2255 2217 236 229 97 139 261 55 264 206 1981
is_linear=0
shrinkage=0.025


Tree=162
num_leaves=15
num_cat=0
split_feature=13 10 4 13 13 4 4 4 6 4 4 10 14 0
split_gain=158.856 56.1937 39.0912 19.9027 18.3566 26.5986 18.862 11.1333 16.0838 14.4682 10.9403 7.43557 6.55598 5.59992
threshold=1.0000000180025095e-35 1.0000000180025095e-35 10.500000000000002 686.50000000000011 10.500000000000002 14.500000000000002 5.5000000000000009 23.500000000000004 115.50000000000001 15.500000000000002 25.500000000000004 350.00000000000006 1.0000000180025095e-35 29.500000000000004
decision_type=2 2 2 2 2 2 2 2 2 2 2 2 2 2
left_child=1 10 -3 4 5 6 -2 9 -9 -6 -1 13 -7 -4
right_child=3 2 11 -5 7 12 -8 8 -10 -11 -12 -13 -14 -15
leaf_value=-0.01072858305607401 -6.5538962951451618e-05 -0.0082123077651075106 0.03582090105353887 10.355540179727937 0.00098265376846500278 -0.0017476950451182473 9.9354796010553423e-05 0.03597737383568167 0.67506986843014016 -0.033028221825550118 -0.01064492733835162 3.6809673431953231 0.0083345423831060039 -0.017544933989387345
leaf_weight=380 88 63 56 38 844 213 226 338 37 437 34 18 62 175
leaf_count=380 88 63 56 38 844 213 226 338 37 437 34 18 62 175
internal_value=-0.0018505 -0.0120289 -0.00397764 0.00138792 0.00107747 0.00486441 0.0098254 -0.000268558 0.00351064 -0.00138066 -0.0180602 0.00048 -0.000797101 -0.000732759
internal_weight=3009 726 312 2283 2245 589 314 1656 375 1281 414 249 275 231
internal_count=3009 726 312 2283 2245 589 314 1656 375 1281 414 249 275 231
is_linear=0
shrinkage=0.025


Tree=163
num_leaves=15
num_cat=0
split_feature=13 5 4 8 4 5 4 5 4 4 0 16 14 13
split_gain=156.717 57.9991 22.549 23.9958 19.5564 33.1831 30.0059 27.3586 21.7342 22.5182 17.7245 16.3706 12.3847 12.1854
threshold=1.0000000180025095e-35 5.5000000000000009 10.500000000000002 1.0000000180025095e-35 15.500000000000002 24.500000000000004 17.500000000000004 879.00000000000011 10.500000000000002 5.5000000000000009 79.500000000000014 119.50000000000001 1.0000000180025095e-35 179.50000000000003
decision_type=2 2 2 2 2 2 2 2 2 2 2 2 2 2
left_child=1 2 -1 -4 5 8 -6 -7 9 -2 -10 -8 -3 -13
right_child=4 12 3 -5 6 7 11 -9 10 -11 -12 13 -14 -15
leaf_value=-0.010460368479672161 0.00063596655791506871 -0.017446207133551852 -0.01037880415489283 -0.0083668953618132764 -0.060037938735767904 -0.002472491490421991 -0.0017040026689902898 10.096651675234739 0.026156678040963045 9.6870926110304017e-05 -0.085539519316692139 0.45719086811173854 0.013159366360439163 0.28506322334940465
leaf_weight=213 138 33 211 111 189 701 701 28 129 170 46 74 158 107
leaf_count=213 138 33 211 111 189 701 701 28 129 170 46 74 158 107
internal_value=-0.0018505 -0.0119601 -0.0161754 -0.011904 0.00136602 0.00354081 -0.00109142 0.000164384 0.0086157 0.0126052 0.00153409 0.000843715 -0.000104167 0.00752747
internal_weight=3009 726 535 322 2283 1212 1071 729 483 308 175 882 191 181
internal_count=3009 726 535 322 2283 1212 1071 729 483 308 175 882 191 181
is_linear=0
shrinkage=0.025


Tree=164
num_leaves=15
num_cat=0
split_feature=13 5 4 11 13 9 9 4 4 6 4 5 16 14
split_gain=159.82 55.456 23.2373 23.4868 19.1143 23.9756 21.0219 19.5061 18.122 9.73022 9.58981 16.6137 14.5242 9.45808
threshold=1.0000000180025095e-35 5.5000000000000009 10.500000000000002 1.5000000000000002 10.500000000000002 10.500000000000002 857.50000000000011 10.500000000000002 5.5000000000000009 1.0000000180025095e-35 23.500000000000004 626.50000000000011 125.50000000000001 1.0000000180025095e-35
decision_type=2 2 2 2 2 2 2 2 2 2 2 2 2 2
left_child=1 2 -1 9 5 7 10 8 -2 -4 11 -6 -12 -3
right_child=4 13 3 -5 6 -7 -8 -9 -10 -11 12 -13 -14 -15
leaf_value=-0.010198859267680355 0.00016028947850494637 -0.017010051955213056 -0.010624129161556917 -0.00030478193298033585 -0.0033295971550316053 -0.071894881274673139 9.8442353833538707 0.00073298585452552252 9.3088171024088839e-05 -0.0059177774409738849 -0.0060178851877793265 -0.10385252136552765 0.39783649837186597 0.012830382201428171
leaf_weight=213 76 33 204 80 1254 55 36 328 130 38 254 27 123 158
leaf_count=213 76 33 204 80 1254 55 36 328 130 38 254 27 123 158
internal_value=-0.00175083 -0.0119601 -0.0160821 -0.0117492 0.00149737 0.00537288 0.000144543 0.007 0.0130193 -0.0156173 -0.000268234 -0.00130265 0.00322751 -0.000364583
internal_weight=3009 726 535 322 2283 589 1694 534 206 242 1658 1281 377 191
internal_count=3009 726 535 322 2283 589 1694 534 206 242 1658 1281 377 191
is_linear=0
shrinkage=0.025


Tree=165
num_leaves=15
num_cat=0
split_feature=13 5 13 13 5 8 14 10 14 10 11 0 6 5
split_gain=159.82 55.456 19.1143 21.0219 18.9529 15.916 13.0308 11.9183 10.9325 9.61935 8.18294 10.032 8.89026 7.49809
threshold=1.0000000180025095e-35 5.5000000000000009 10.500000000000002 772.00000000000011 10.500000000000002 1.0000000180025095e-35 1.0000000180025095e-35 3.5000000000000004 6.5000000000000009 1.0000000180025095e-35 1.0000000180025095e-35 35.500000000000007 1.0000000180025095e-35 573.00000000000011
decision_type=2 2 2 2 2 2 2 2 2 2 2 2 2 2
left_child=1 5 4 13 10 9 -6 -3 -7 -1 11 -2 -12 -4
right_child=2 7 3 -5 6 8 -8 -9 -10 -11 12 -13 -14 -15
leaf_value=-0.0099438877859883458 0.0002091804475376824 -0.016584800656332731 0.00041611918447941325 9.5981294987700245 -0.030783461989627354 -0.010752675510364754 0.037583442335955335 0.032567110222509625 -0.0074905193772960097 -0.016514956679914337 -0.0016797272486286598 8.8990870267183228e-05 0.0094514500768761566 -0.080701007838828789
leaf_weight=310 128 43 1608 36 65 86 20 148 103 36 84 262 30 50
leaf_count=310 128 43 1608 36 65 86 20 148 103 36 84 262 30 50
internal_value=-0.00175083 -0.0119601 0.00149737 0.000144543 0.00537288 -0.0160821 -0.00546512 -0.000364583 -0.0101053 -0.0192939 0.00721782 0.00893862 0.00126087 -0.000268234
internal_weight=3009 726 2283 1694 589 535 85 191 189 346 504 390 114 1658
internal_count=3009 726 2283 1694 589 535 85 191 189 346 504 390 114 1658
is_linear=0
shrinkage=0.025


Tree=166
num_leaves=15
num_cat=0
split_feature=13 5 4 8 13 9 9 4 4 10 10 4 5 16
split_gain=158.708 54.7984 23.9355 24.7301 19.7394 24.2366 21.0219 18.899 18.122 11.0257 9.66733 9.58981 16.6137 14.5242
threshold=1.0000000180025095e-35 5.5000000000000009 10.500000000000002 1.0000000180025095e-35 10.500000000000002 10.500000000000002 857.50000000000011 10.500000000000002 5.5000000000000009 1.0000000180025095e-35 3.5000000000000004 23.500000000000004 626.50000000000011 125.50000000000001
decision_type=2 2 2 2 2 2 2 2 2 2 2 2 2 2
left_child=1 2 -1 9 5 7 11 8 -2 -4 -3 12 -6 -13
right_child=4 10 3 -5 6 -7 -8 -9 -10 -11 -12 13 -14 -15
leaf_value=-0.0096952905913386365 0.00015405746978564285 -0.016170180639924411 -0.0096051336273318758 -0.0076233028609698997 -0.0032567602057678169 -0.069327922693065647 9.3581762613007733 0.00081862100400269255 8.6766098510504552e-05 -0.0079393083190440958 0.031752932466946805 -0.005877841037696863 -0.0992386831354196 0.38788018293295751
leaf_weight=213 76 43 186 111 1254 55 36 328 130 25 148 254 27 123
leaf_count=213 76 43 186 111 1254 55 36 328 130 25 148 254 27 123
internal_value=-0.00171761 -0.0118913 -0.0159888 -0.0115944 0.00151926 0.00545763 0.000144543 0.00709346 0.0130193 -0.0166038 -0.000364583 -0.000268234 -0.00130265 0.00322751
internal_weight=3009 726 535 322 2283 589 1694 534 206 211 191 1658 1281 377
internal_count=3009 726 535 322 2283 589 1694 534 206 211 191 1658 1281 377
is_linear=0
shrinkage=0.025


Tree=167
num_leaves=15
num_cat=0
split_feature=9 4 11 4 9 4 5 5 16 4 9 6 4 4
split_gain=128.31 48.423 44.6781 20.4342 32.7359 25.7405 23.3023 14.8665 14.7788 14.3994 13.8472 10.446 15.8559 9.49076
threshold=1.0000000180025095e-35 10.500000000000002 1.0000000180025095e-35 15.500000000000002 2.5000000000000004 17.500000000000004 879.00000000000011 626.50000000000011 126.50000000000001 2.5000000000000004 159.50000000000003 1.0000000180025095e-35 19.500000000000004 5.5000000000000009
decision_type=2 2 2 2 2 2 2 2 2 2 2 2 2 2
left_child=1 9 11 4 13 -5 7 -6 -7 -1 -10 -3 -13 -2
right_child=3 2 -4 5 6 8 -8 -9 10 -11 -12 12 -14 -15
leaf_value=-0.0092530380604390478 0.00015412636826478421 -0.009365005286648579 0.0053800084439486369 -0.055141173633701968 0.00048713521001158004 -0.00165819959251301 9.1242218547682548 -0.0967577160570329 0.56895224331648642 -0.0094529083265551712 0.1575921855426918 -0.015951365016539949 0.0085846177100624005 0.0001687519118344444
leaf_weight=32 37 206 264 185 997 701 28 21 61 197 114 20 35 111
leaf_count=32 37 206 264 185 997 701 28 21 61 197 114 20 35 111
internal_value=-0.00180066 -0.0107219 -0.0065019 0.00118351 0.00342678 -0.0013371 0.00185769 0.00122179 0.000450399 -0.0203043 0.00693182 -0.0138168 -0.00392857 0.014396
internal_weight=3009 754 525 2255 1194 1061 1046 1018 876 229 175 261 55 148
internal_count=3009 754 525 2255 1194 1061 1046 1018 876 229 175 261 55 148
is_linear=0
shrinkage=0.025


Tree=168
num_leaves=15
num_cat=0
split_feature=13 5 13 9 9 8 14 6 2 7 6 5 6 16
split_gain=154.445 58.5441 19.3314 23.9756 21.088 15.4061 10.9325 9.88235 9.09941 8.25821 7.88436 7.45075 8.29504 7.79104
threshold=1.0000000180025095e-35 5.5000000000000009 10.500000000000002 10.500000000000002 857.50000000000011 1.0000000180025095e-35 6.5000000000000009 1.0000000180025095e-35 1.0000000180025095e-35 318.50000000000006 5.5000000000000009 573.00000000000011 488.00000000000006 432.50000000000006
decision_type=2 2 2 2 2 2 2 2 2 2 2 2 2 2
left_child=1 5 3 -2 11 7 -7 -1 -5 -3 -9 12 -4 -13
right_child=2 9 4 8 -6 6 -8 10 -10 -11 -12 13 -14 -15
leaf_value=-0.0092165856183912924 0.00014635287383438222 -0.0058278070900387256 -0.0017815517510487489 -0.068390034777121786 8.8961163083990478 -0.010034650662613186 -0.0068245514199162657 0.0017338071266572643 0.10306949344717531 3.543099638163774 -0.021499953941614382 -0.094338773155607222 1.7419068019261588 0.84049106321781442
leaf_weight=302 534 170 1589 36 36 86 103 21 19 21 23 27 19 23
leaf_count=302 534 170 1589 36 36 86 103 21 19 21 23 27 19 23
internal_value=-0.00171761 -0.0117538 0.00147548 0.00537288 0.000115044 -0.0159888 -0.0101053 -0.0191499 -0.0101786 0.000104167 -0.00766667 -0.000298373 0 -0.00970588
internal_weight=3009 726 2283 589 1694 535 189 346 55 191 44 1658 1608 50
internal_count=3009 726 2283 589 1694 535 189 346 55 191 44 1658 1608 50
is_linear=0
shrinkage=0.025


Tree=169
num_leaves=15
num_cat=0
split_feature=13 5 4 11 4 5 5 4 14 0 13 16 0 13
split_gain=155.982 58.5441 23.9355 22.872 20.2816 35.5286 24.972 17.53 27.9309 17.298 14.3776 13.935 12.9633 12.6034
threshold=1.0000000180025095e-35 5.5000000000000009 10.500000000000002 1.5000000000000002 14.500000000000002 24.500000000000004 879.00000000000011 17.500000000000004 20.500000000000004 46.500000000000007 36.500000000000007 121.50000000000001 56.500000000000007 10.500000000000002
decision_type=2 2 2 2 2 2 2 2 2 2 2 2 2 2
left_child=1 2 -1 -4 5 9 10 8 13 -2 -7 -9 -11 -6
right_child=4 -3 3 -5 7 6 -8 11 -10 12 -12 -13 -14 -15
leaf_value=-0.00898617097793151 0.00019390416424475699 0.00037621377678577207 -0.0089004655140225829 0.00028567753835284648 -0.0008232535110872304 -0.0041079078601038432 8.6737134006890706 -0.0016204034245460353 0.27396696134887527 -0.00080056902337919409 0.0020452003163200063 0.35081400210250707 0.0002140787704605185 -0.10123874368566317
leaf_weight=213 232 191 242 80 61 95 26 709 71 40 556 173 172 148
leaf_count=213 232 191 242 80 61 95 26 709 71 40 556 173 172 148
internal_value=-0.00166777 -0.0117538 -0.0159888 -0.0115944 0.00154116 0.00393939 0.000324484 -0.000769561 -0.00620996 0.00942697 -0.000644172 0.000956965 0.00420188 -0.0108095
internal_weight=3009 726 535 322 2283 1121 677 1162 280 444 651 882 212 209
internal_count=3009 726 535 322 2283 1121 677 1162 280 444 651 882 212 209
is_linear=0
shrinkage=0.025


Tree=170
num_leaves=15
num_cat=0
split_feature=9 4 11 4 9 4 5 4 0 16 9 6 4 4
split_gain=129.746 48.423 44.6781 19.989 32.4853 26.3157 23.2007 14.3994 13.4399 13.0207 12.3658 10.446 15.8559 9.49076
threshold=1.0000000180025095e-35 10.500000000000002 1.0000000180025095e-35 15.500000000000002 2.5000000000000004 17.500000000000004 879.00000000000011 2.5000000000000004 5.5000000000000009 126.50000000000001 159.50000000000003 1.0000000180025095e-35 19.500000000000004 5.5000000000000009
decision_type=2 2 2 2 2 2 2 2 2 2 2 2 2 2
left_child=1 7 11 4 13 -5 8 -1 -6 -7 -11 -3 -13 -2
right_child=3 2 -4 5 6 9 -8 -9 -10 10 -12 12 -14 -15
leaf_value=-0.008566643194020002 0.00016662861279678753 -0.0086779538761720173 0.0053561775889604318 -0.051187136906941627 0.08304455715247433 -0.0018152509611543801 8.4568705656718439 -0.0087615167034832218 1.0790336663513144e-06 0.54600262597478777 0.14492656964533809 -0.015454536403318725 0.008549168726994974 0.00018088851777720572
leaf_weight=32 37 206 264 185 56 701 28 197 962 61 114 20 35 111
leaf_count=32 37 206 264 185 56 701 28 197 962 61 114 20 35 111
internal_value=-0.00175083 -0.0107219 -0.0065019 0.00125 0.00346862 -0.00124294 0.00190544 -0.0203043 0.00127085 0.000564424 0.00664773 -0.0138168 -0.00392857 0.014396
internal_weight=3009 754 525 2255 1194 1061 1046 229 1018 876 175 261 55 148
internal_count=3009 754 525 2255 1194 1061 1046 229 1018 876 175 261 55 148
is_linear=0
shrinkage=0.025


Tree=171
num_leaves=15
num_cat=0
split_feature=13 4 11 13 9 13 4 6 16 5 8 4 5 16
split_gain=142.147 58.581 48.6684 19.4149 23.2009 21.6922 16.9528 12.1651 19.7789 10.6082 10.537 9.79613 16.0674 12.3663
threshold=1.0000000180025095e-35 10.500000000000002 1.0000000180025095e-35 10.500000000000002 10.500000000000002 772.00000000000011 25.500000000000004 1.0000000180025095e-35 1.0000000180025095e-35 2.5000000000000004 2.5000000000000004 23.500000000000004 626.50000000000011 125.50000000000001
decision_type=2 2 2 2 2 2 2 2 2 2 2 2 2 2
left_child=1 -1 7 4 6 11 9 -3 -9 -2 -8 12 -5 -13
right_child=3 2 -4 5 -6 -7 10 8 -10 -11 -12 13 -14 -15
leaf_value=-0.0085424787858961407 0.0001822786106291774 -0.0089658001398041261 0.0014942382481671235 -0.0031256222225684556 -0.065757627406855604 8.2454488015300491 -0.020521197832867964 0.0031926520090149384 -0.013294516859414629 6.651187726318675e-05 0.050876276354404927 -0.0055590098685228467 -0.09203146081046612 0.35935151114892394
leaf_weight=217 224 219 249 1254 55 36 46 23 18 235 29 254 27 123
leaf_count=217 224 219 249 1254 55 36 46 23 18 235 29 254 27 123
internal_value=-0.0018505 -0.0114787 -0.00680392 0.00121278 0.00511864 -0.000144543 0.00671963 -0.0143487 -0.00166667 0.00852174 -0.00421053 -0.00056962 -0.00161466 0.00296296
internal_weight=3009 726 509 2283 589 1694 534 260 41 459 75 1658 1281 377
internal_count=3009 726 509 2283 589 1694 534 260 41 459 75 1658 1281 377
is_linear=0
shrinkage=0.025


Tree=172
num_leaves=15
num_cat=0
split_feature=13 4 11 13 13 4 9 6 16 4 13 9 4 10
split_gain=140.75 57.8354 47.4151 18.8436 18.0483 13.1155 22.7526 12.1651 19.7789 9.76164 9.24889 8.29182 7.35805 7.05245
threshold=1.0000000180025095e-35 10.500000000000002 1.0000000180025095e-35 772.00000000000011 5.5000000000000009 14.500000000000002 2.5000000000000004 1.0000000180025095e-35 1.0000000180025095e-35 14.500000000000002 3.5000000000000004 640.50000000000011 2.5000000000000004 350.00000000000006
decision_type=2 2 2 2 2 2 2 2 2 2 2 2 2 2
left_child=1 12 7 4 5 6 -2 9 -9 -3 -7 -6 -1 -4
right_child=3 2 13 -5 11 10 -8 8 -10 -11 -12 -13 -14 -15
leaf_value=-0.0086988503465306091 0.00017180933956704726 -0.010452246046801806 -0.0011910036182769092 8.0393125814917976 -6.1073910688769224e-07 -0.0020682154200792669 -0.00078688655069086844 0.0031128357087895648 -0.012962153937929264 -0.0082368600257726136 0.0019447561881139165 -0.16033798849464631 -0.0083289168162487374 3.4941454758141797
leaf_weight=26 141 72 231 36 1849 117 38 23 18 147 77 25 191 18
leaf_count=26 141 72 231 36 1849 117 38 23 18 147 77 25 191 18
internal_value=-0.00196678 -0.0115475 -0.00690196 0.00108144 0.000787367 0.00580214 0.0106667 -0.0143487 -0.00166667 -0.0166818 0.00125641 -0.000210667 -0.0223394 0.00088
internal_weight=3009 726 509 2283 2247 373 179 260 41 219 194 1874 217 249
internal_count=3009 726 509 2283 2247 373 179 260 41 219 194 1874 217 249
is_linear=0
shrinkage=0.025


Tree=173
num_leaves=15
num_cat=0
split_feature=13 5 5 13 5 6 8 11 14 6 7 6 8 9
split_gain=142.287 59.7701 18.9963 17.5883 16.4128 17.0186 14.9044 11.7145 10.9325 9.62391 7.96808 7.88436 6.01252 6.36629
threshold=1.0000000180025095e-35 5.5000000000000009 1105.0000000000002 5.5000000000000009 2.5000000000000004 1.0000000180025095e-35 1.0000000180025095e-35 1.0000000180025095e-35 6.5000000000000009 1.0000000180025095e-35 318.50000000000006 5.5000000000000009 658.50000000000011 168.50000000000003
decision_type=2 2 2 2 2 2 2 2 2 2 2 2 2 2
left_child=1 6 3 4 7 -6 9 -2 -8 -1 -3 -11 13 -5
right_child=2 10 -4 12 5 -7 8 -9 -10 11 -12 -13 -14 -15
leaf_value=-0.0081206938958425182 0.00017342641187427233 -0.0045748192915747729 7.8383297669545016 6.5972366069322327e-05 -0.0011776519332040271 0.0044387434392440198 -0.008914094110295985 -0.00053207671175440339 -0.0057884605523293685 0.002566885228955157 3.3634985847725676 -0.020096978010985034 3.8118930525572923 -0.02388593547788247
leaf_weight=302 200 170 22 1478 91 40 86 42 103 21 21 23 19 391
leaf_count=302 200 170 22 1478 91 40 86 42 103 21 21 23 19 391
internal_value=-0.00198339 -0.0116162 0.00108144 0.000848806 0.00580214 -0.00128788 -0.0158955 0.00965021 -0.0101053 -0.0190058 0.000364583 -0.00766667 -0.000129698 -0.000278075
internal_weight=3009 726 2283 2261 373 131 535 242 189 346 191 44 1888 1869
internal_count=3009 726 2283 2261 373 131 535 242 189 346 191 44 1888 1869
is_linear=0
shrinkage=0.025


Tree=174
num_leaves=15
num_cat=0
split_feature=9 4 11 9 4 5 4 4 6 4 4 14 4 4
split_gain=118.026 49.1005 43.5153 19.6578 37.4525 21.3618 14.3994 12.4608 12.0843 13.213 8.23454 8.05607 7.84213 12.0614
threshold=1.0000000180025095e-35 10.500000000000002 1.0000000180025095e-35 2.5000000000000004 14.500000000000002 879.00000000000011 2.5000000000000004 5.5000000000000009 1.0000000180025095e-35 19.500000000000004 15.500000000000002 350.00000000000006 21.500000000000004 25.500000000000004
decision_type=2 2 2 2 2 2 2 2 2 2 2 2 2 2
left_child=1 6 8 4 7 -5 -1 -2 10 -10 -3 -4 -6 -14
right_child=3 2 11 5 12 -7 -8 -9 9 -11 -12 -13 13 -15
leaf_value=-0.0077184265384627696 0.00014927503842510626 -0.0099879225482356979 -0.0049478519772247157 -3.4794227314005611e-06 -0.014071929564574424 7.642371522780639 -0.0079176765484464551 0.00016613459867921565 -0.014750644293661198 0.0081136301851511047 -0.0078236098622355855 2.323480131691575 0.0033230300329321061 -0.019979553433266992
leaf_weight=32 37 75 245 1983 36 36 197 102 20 35 131 19 25 36
leaf_count=32 37 75 245 1983 36 36 197 102 20 35 131 19 25 36
internal_value=-0.00209967 -0.0106556 -0.00640684 0.000762411 0.00757384 -3.46535e-05 -0.0203043 0.0158571 -0.013626 -0.00303571 -0.016401 0.000735849 -0.00428571 0.00112903
internal_weight=3009 754 525 2255 236 2019 229 139 261 55 206 264 97 61
internal_count=3009 754 525 2255 236 2019 229 139 261 55 206 264 97 61
is_linear=0
shrinkage=0.025


Tree=175
num_leaves=15
num_cat=0
split_feature=13 4 11 5 13 4 4 6 16 4 4 0 0 13
split_gain=132.378 60.0863 46.284 19.2952 17.8228 22.3752 21.167 16.524 14.1398 9.76164 7.35805 7.06186 19.0835 6.261
threshold=1.0000000180025095e-35 10.500000000000002 1.0000000180025095e-35 1105.0000000000002 4.5000000000000009 14.500000000000002 5.5000000000000009 1.0000000180025095e-35 1.0000000180025095e-35 14.500000000000002 2.5000000000000004 29.500000000000004 72.500000000000014 1.5000000000000002
decision_type=2 2 2 2 2 2 2 2 2 2 2 2 2 2
left_child=1 10 7 4 5 6 -2 9 -9 -3 -1 -4 -13 -7
right_child=3 2 11 -5 -6 13 -8 8 -10 -11 -12 12 -14 -15
leaf_value=-0.0080754835743290423 -3.4192393793719415e-05 -0.0097382244845298054 0.053116122071337341 7.4513122347111223 -2.157794212664932e-06 -0.014223265136317068 0.00015902508081403477 0.0029709296709142323 -0.012619309543848538 -0.0076323309311763458 -0.0077197346347352945 -0.090491909092841286 0.02886394950680965 0.0020234562305666256
leaf_weight=26 49 72 68 22 1965 50 103 23 18 147 191 87 94 94
leaf_count=26 49 72 68 22 1965 50 103 23 18 147 191 87 94 94
internal_value=-0.00204983 -0.0113411 -0.00660784 0.000906305 0.000671972 0.00638047 0.0130392 -0.0139655 0.00047619 -0.0166818 -0.0223394 0.00108 -0.00148352 -0.000655172
internal_weight=3009 726 509 2283 2261 296 152 260 41 219 217 249 181 144
internal_count=3009 726 509 2283 2261 296 152 260 41 219 217 249 181 144
is_linear=0
shrinkage=0.025


Tree=176
num_leaves=15
num_cat=0
split_feature=13 5 4 8 5 13 4 4 6 10 4 13 8 5
split_gain=132.378 62.2597 26.0891 22.5007 19.2952 17.8228 22.3752 21.167 15.3436 7.40316 6.27877 6.261 6.06247 5.59488
threshold=1.0000000180025095e-35 5.5000000000000009 10.500000000000002 3.5000000000000004 1105.0000000000002 4.5000000000000009 14.500000000000002 5.5000000000000009 1.0000000180025095e-35 297.00000000000006 3.5000000000000004 1.5000000000000002 658.50000000000011 637.00000000000011
decision_type=2 2 2 2 2 2 2 2 2 2 2 2 2 2
left_child=1 2 10 8 5 6 7 -2 -4 -3 -1 -8 13 -7
right_child=4 9 3 -5 -6 12 11 -9 -10 -11 -12 -13 -14 -15
leaf_value=-0.0073653973364578035 -3.3337583948878093e-05 -0.0040469963808751038 -0.0079463177684333461 -0.00059396553584116778 7.2650294288433432 -2.1038493573488639e-06 -0.013867683507909141 0.00015504945379368474 -0.0026810279039668978 3.2144174300199113 -0.0075267412688669114 0.0019728698248024619 3.7165958671737855 -0.085124935260463996
leaf_weight=45 49 170 202 84 22 1919 50 103 36 21 168 94 19 27
leaf_count=45 49 170 202 84 22 1919 50 103 36 21 168 94 19 27
internal_value=-0.00204983 -0.0113411 -0.015709 -0.01113 0.000906305 0.000671972 0.00638047 0.0130392 -0.0150418 0.000885417 -0.0225234 -0.000655172 -0.000188199 -0.000331279
internal_weight=3009 726 535 322 2283 2261 296 152 238 191 213 144 1965 1946
internal_count=3009 726 535 322 2283 2261 296 152 238 191 213 144 1965 1946
is_linear=0
shrinkage=0.025


Tree=177
num_leaves=15
num_cat=0
split_feature=13 5 5 13 5 11 8 14 10 16 7 8 5 11
split_gain=132.851 62.2597 19.2577 18.7478 14.588 18.2859 13.9254 10.9325 8.72581 12.3138 7.40316 6.06247 5.59488 4.73661
threshold=1.0000000180025095e-35 5.5000000000000009 1105.0000000000002 4.5000000000000009 4.5000000000000009 1.0000000180025095e-35 1.0000000180025095e-35 6.5000000000000009 1.0000000180025095e-35 1.0000000180025095e-35 318.50000000000006 658.50000000000011 637.00000000000011 3.5000000000000004
decision_type=2 2 2 2 2 2 2 2 2 2 2 2 2 2
left_child=1 6 3 4 5 -2 8 13 -1 -10 -3 12 -5 -8
right_child=2 10 -4 11 -6 -7 7 -9 9 -11 -12 -13 -14 -15
leaf_value=-0.0073385727371452388 0.00015708552324524285 -0.0039458214713532259 7.0834036931222588 -2.0512531234251344e-06 -0.0051377700888460449 -0.0072901317482861024 -0.0089347141845624155 -0.0050646452272199169 0.002453579482781014 -0.033449671882982937 3.1340569942694132 3.6236809704944424 -0.082996811878953747 0.019024261303860042
leaf_weight=310 206 170 22 1919 44 46 64 103 18 18 21 19 27 22
leaf_count=310 206 170 22 1919 44 46 64 103 18 18 21 19 27 22
internal_value=-0.00203322 -0.0113411 0.000928196 0.000694076 0.00654882 0.00887352 -0.015709 -0.0101053 -0.0187176 -0.00662162 0.000885417 -0.000188199 -0.000331279 -0.0033908
internal_weight=3009 726 2283 2261 296 252 535 189 346 36 191 1965 1946 86
internal_count=3009 726 2283 2261 296 252 535 189 346 36 191 1965 1946 86
is_linear=0
shrinkage=0.025


Tree=178
num_leaves=15
num_cat=0
split_feature=13 5 5 13 5 11 8 6 16 14 10 8 16 5
split_gain=135.847 61.0086 19.2577 18.7478 14.588 18.2859 13.0424 13.5619 16.1124 9.88309 6.77931 6.06247 5.8018 5.59488
threshold=1.0000000180025095e-35 5.5000000000000009 1105.0000000000002 4.5000000000000009 4.5000000000000009 1.0000000180025095e-35 1.0000000180025095e-35 1.0000000180025095e-35 1.0000000180025095e-35 6.5000000000000009 309.00000000000006 658.50000000000011 1.0000000180025095e-35 637.00000000000011
decision_type=2 2 2 2 2 2 2 2 2 2 2 2 2 2
left_child=1 6 3 4 5 -2 7 -1 -9 12 -3 13 -8 -5
right_child=2 10 -4 11 -6 -7 9 8 -10 -11 -12 -13 -14 -15
leaf_value=-0.0071551084187166077 0.0001531583851641094 -0.0042926393195571698 6.9063186007942026 -1.999971795330069e-06 -0.0050093258366248955 -0.007107878454578948 -0.009199204533616603 0.0022312853123592881 -0.018836019029290788 -0.0049380290965394188 3.1017882154535692 3.5330889462320814 0.0080118263152392909 -0.080921891581979821
leaf_weight=302 206 171 22 1919 44 46 35 21 23 103 20 19 51 27
leaf_count=302 206 171 22 1919 44 46 35 21 23 103 20 19 51 27
internal_value=-0.00206645 -0.0114787 0.000928196 0.000694076 0.00654882 0.00887352 -0.0158022 -0.0187176 -0.00544444 -0.0103684 0.000625 -0.000188199 -0.00396552 -0.000331279
internal_weight=3009 726 2283 2261 296 252 535 346 44 189 191 1965 86 1946
internal_count=3009 726 2283 2261 296 252 535 346 44 189 191 1965 86 1946
is_linear=0
shrinkage=0.025


Tree=179
num_leaves=15
num_cat=0
split_feature=13 5 4 8 5 13 4 4 6 10 4 8 10 5
split_gain=135.847 61.0086 25.3614 20.9408 19.2577 18.7478 21.2636 21.167 11.2923 6.77931 6.27877 6.06247 5.92068 5.59488
threshold=1.0000000180025095e-35 5.5000000000000009 10.500000000000002 1.0000000180025095e-35 1105.0000000000002 4.5000000000000009 14.500000000000002 5.5000000000000009 1.0000000180025095e-35 309.00000000000006 3.5000000000000004 658.50000000000011 53.500000000000007 637.00000000000011
decision_type=2 2 2 2 2 2 2 2 2 2 2 2 2 2
left_child=1 2 10 8 5 6 7 -2 -4 -3 -1 13 -5 -7
right_child=4 9 3 12 -6 11 -8 -9 -10 -11 -12 -13 -14 -15
leaf_value=-0.0068189203741498136 -4.0260242060391477e-05 -0.0041853233365682406 -0.0068805226847895584 -0.014756032814291054 6.7336606357743483 -1.9499725004479273e-06 -0.00045498456900492501 0.00014341711973860915 -0.0048601756149271175 3.0242435100672305 -0.0069762307082486931 3.4447617225762799 0.05806359819474665 -0.078898844292430687
leaf_weight=45 49 171 181 93 22 1919 144 103 30 20 168 19 18 27
leaf_count=45 49 171 181 93 22 1919 144 103 30 20 168 19 18 27
internal_value=-0.00206645 -0.0114787 -0.0158022 -0.0112848 0.000928196 0.000694076 0.00654882 0.0130392 -0.0158962 0.000625 -0.0225234 -0.000188199 -0.00241071 -0.000331279
internal_weight=3009 726 535 322 2283 2261 296 152 211 191 213 1965 111 1946
internal_count=3009 726 535 322 2283 2261 296 152 211 191 213 1965 111 1946
is_linear=0
shrinkage=0.025


Tree=180
num_leaves=15
num_cat=0
split_feature=9 4 11 9 4 5 4 4 6 4 4 14 5 9
split_gain=119.403 49.1005 43.5153 23.0632 31.9754 21.3618 14.3994 12.4608 12.0843 13.213 8.23454 8.05607 7.42122 7.13053
threshold=1.0000000180025095e-35 10.500000000000002 1.0000000180025095e-35 2.5000000000000004 14.500000000000002 879.00000000000011 2.5000000000000004 5.5000000000000009 1.0000000180025095e-35 19.500000000000004 15.500000000000002 350.00000000000006 1.0000000180025095e-35 667.00000000000011
decision_type=2 2 2 2 2 2 2 2 2 2 2 2 2 2
left_child=1 6 8 4 7 13 -1 -2 10 -10 -3 -4 -6 -5
right_child=3 2 11 5 12 -7 -8 -9 9 -11 -12 -13 -14 -15
leaf_value=-0.006606628813981239 0.00014048182024932189 -0.0087617558321894419 -0.0048238991067693698 -1.9012231879278476e-06 0.0018110735166102288 6.565319119879991 -0.0068018249405424752 0.00014278784464334256 -0.013123354520321691 0.0081527284623414686 -0.0067041983021731699 2.2653933849703107 -0.01212208969969884 -0.076926373185119704
leaf_weight=32 37 75 245 1962 21 36 197 102 20 35 131 19 76 21
leaf_count=32 37 75 245 1962 21 36 197 102 20 35 131 19 76 21
internal_value=-0.00204983 -0.0106556 -0.00640684 0.000828901 0.00820675 -3.46535e-05 -0.0203043 0.0158571 -0.013626 -0.00303571 -0.016401 0.000735849 -0.0027551 -0.000388105
internal_weight=3009 754 525 2255 236 2019 229 139 261 55 206 264 97 1983
internal_count=3009 754 525 2255 236 2019 229 139 261 55 206 264 97 1983
is_linear=0
shrinkage=0.025


Tree=181
num_leaves=15
num_cat=0
split_feature=13 5 4 8 5 13 4 4 6 4 10 4 8 5
split_gain=135.847 61.0086 25.3614 20.9408 19.2577 18.7478 21.2636 21.167 11.2923 7.04606 6.77931 6.27877 6.06247 5.59488
threshold=1.0000000180025095e-35 5.5000000000000009 10.500000000000002 1.0000000180025095e-35 1105.0000000000002 4.5000000000000009 14.500000000000002 5.5000000000000009 1.0000000180025095e-35 22.500000000000004 309.00000000000006 3.5000000000000004 658.50000000000011 637.00000000000011
decision_type=2 2 2 2 2 2 2 2 2 2 2 2 2 2
left_child=1 2 11 8 5 6 7 -2 -4 -5 -3 -1 13 -7
right_child=4 10 3 9 -6 12 -8 -9 -10 -11 -12 -13 -14 -15
leaf_value=-0.0064784017412825058 -4.2765781515113903e-05 -0.0038616463573492989 -0.0065409046601154902 -0.01534003585742923 6.4011861418829916 -1.8536926082335372e-06 -0.0002760049972254726 0.00013626199562905838 -0.0044105873615458971 0.0726271296643652 2.920380303742256 -0.0066317793170289135 3.3586427270424539 -0.075003213855492856
leaf_weight=45 49 171 181 92 22 1919 144 103 30 19 20 168 19 27
leaf_count=45 49 171 181 92 22 1919 144 103 30 19 20 168 19 27
internal_value=-0.00206645 -0.0114787 -0.0158022 -0.0112848 0.000928196 0.000694076 0.00654882 0.0130392 -0.0158962 -0.00241071 0.000625 -0.0225234 -0.000188199 -0.000331279
internal_weight=3009 726 535 322 2283 2261 296 152 211 111 191 213 1965 1946
internal_count=3009 726 535 322 2283 2261 296 152 211 111 191 213 1965 1946
is_linear=0
shrinkage=0.025


Tree=182
num_leaves=15
num_cat=0
split_feature=13 5 4 8 5 13 4 4 6 10 4 8 5 13
split_gain=137.357 61.7023 24.6435 19.5442 19.2577 18.7478 21.2636 21.167 11.2923 6.77931 6.27877 6.06247 5.59488 5.53184
threshold=1.0000000180025095e-35 5.5000000000000009 10.500000000000002 1.0000000180025095e-35 1105.0000000000002 4.5000000000000009 14.500000000000002 5.5000000000000009 1.0000000180025095e-35 309.00000000000006 3.5000000000000004 658.50000000000011 637.00000000000011 3.5000000000000004
decision_type=2 2 2 2 2 2 2 2 2 2 2 2 2 2
left_child=1 2 10 8 5 6 7 -2 -4 -3 -1 12 -7 -8
right_child=4 9 3 -5 -6 11 13 -9 -10 -11 -12 -13 -14 -15
leaf_value=-0.0063164416977504433 -4.1696636977234253e-05 -0.0037651051984155665 -0.006377382043612604 -0.005575514896541023 6.241156488335915 -1.8073502930260334e-06 -0.0017147123035102796 0.00013285544573833074 -0.0043003226775072496 2.8473707961486996 -0.0064659848341031903 3.274676658866392 -0.07312813350910688 0.0094988266157082675
leaf_weight=45 49 171 181 111 22 1919 117 103 30 20 168 19 27 27
leaf_count=45 49 171 181 111 22 1919 117 103 30 20 168 19 27 27
internal_value=-0.00208306 -0.0115475 -0.0158955 -0.0114396 0.000928196 0.000694076 0.00654882 0.0130392 -0.0158962 0.000625 -0.0225234 -0.000188199 -0.000331279 -0.000310345
internal_weight=3009 726 535 322 2283 2261 296 152 211 191 213 1965 1946 144
internal_count=3009 726 535 322 2283 2261 296 152 211 191 213 1965 1946 144
is_linear=0
shrinkage=0.025


Tree=183
num_leaves=15
num_cat=0
split_feature=13 5 4 5 13 4 4 11 6 4 11 9 13 7
split_gain=138.806 61.7023 24.6435 19.1455 18.3267 21.2636 21.167 17.6436 15.774 6.27877 5.75299 5.85023 5.53184 5.37854
threshold=1.0000000180025095e-35 5.5000000000000009 10.500000000000002 1105.0000000000002 4.5000000000000009 14.500000000000002 5.5000000000000009 1.5000000000000002 1.0000000180025095e-35 3.5000000000000004 534.00000000000011 168.50000000000003 3.5000000000000004 318.50000000000006
decision_type=2 2 2 2 2 2 2 2 2 2 2 2 2 2
left_child=1 2 9 4 5 6 -2 8 -4 -1 11 -6 -7 -3
right_child=3 13 7 -5 10 12 -8 -9 -10 -11 -12 -13 -14 -15
leaf_value=-0.0061585306553066819 -4.065422105280492e-05 -0.0032512336525926063 -0.006722742603058697 6.0851275761275163 6.3697652902794394e-05 -0.0016718444959225255 0.0001295340595948713 -0.0021289526385003255 -0.001912934301295844 -0.0063043352132506102 1.4316420632454481 -0.023288304477689793 0.0092613559503155647 2.758481596255054
leaf_weight=45 49 170 204 22 1554 117 103 80 38 168 24 387 27 21
leaf_count=45 49 170 204 22 1554 117 103 80 38 168 24 387 27 21
internal_value=-0.00203322 -0.0115475 -0.0158955 0.00099387 0.000760389 0.00654882 0.0130392 -0.0114396 -0.0147942 -0.0225234 -0.000111902 -0.000267765 -0.000310345 0.000625
internal_weight=3009 726 535 2283 2261 296 152 322 242 213 1965 1941 144 191
internal_count=3009 726 535 2283 2261 296 152 322 242 213 1965 1941 144 191
is_linear=0
shrinkage=0.025


Tree=184
num_leaves=15
num_cat=0
split_feature=13 5 13 13 5 11 6 6 11 15 12 9 10 9
split_gain=136.395 61.7023 17.5255 15.5269 14.588 18.2859 10.838 24.1674 11.7711 10.284 8.80443 8.22043 6.77931 6.77916
threshold=1.0000000180025095e-35 5.5000000000000009 4.5000000000000009 772.00000000000011 4.5000000000000009 1.0000000180025095e-35 1.0000000180025095e-35 3.5000000000000004 1.5000000000000002 50.500000000000007 3.5000000000000004 640.50000000000011 309.00000000000006 620.50000000000011
decision_type=2 2 2 2 2 2 2 2 2 2 2 2 2 2
left_child=1 6 4 11 5 -2 8 -8 -1 -10 -7 13 -3 -4
right_child=2 12 3 -5 -6 10 7 -9 9 -11 -12 -13 -14 -15
leaf_value=-0.0061467268329193454 0.00013220801390140258 -0.0035896967271403625 -3.3546078582524789e-06 5.9329993867243278 -0.004906438387099814 -0.019340111051910244 0.014797773010712906 -0.0040650328734168793 -0.0028719247053411224 -0.0035223101198117767 0.016551577813167628 -0.17769829595695796 2.707224486338605 0.1451641952976786
leaf_weight=341 206 171 1906 36 44 26 21 108 47 18 20 25 20 20
leaf_count=341 206 171 1906 36 44 26 21 108 47 18 20 25 20 20
internal_value=-0.00211628 -0.0115475 0.000884413 3.52113e-05 0.00654882 0.00887352 -0.0158955 -0.00938462 -0.0179238 -0.00787879 -0.00521277 -0.000266393 0.000625 -7.52465e-05
internal_weight=3009 726 2283 1987 296 252 535 129 406 65 46 1951 191 1926
internal_count=3009 726 2283 1987 296 252 535 129 406 65 46 1951 191 1926
is_linear=0
shrinkage=0.025


Tree=185
num_leaves=15
num_cat=0
split_feature=13 5 4 13 4 8 4 13 6 13 9 11 4 7
split_gain=134.958 61.7023 24.6435 21.2339 24.6401 19.5442 17.2645 15.8214 11.2923 9.8192 8.03789 6.61472 6.27877 5.37854
threshold=1.0000000180025095e-35 5.5000000000000009 10.500000000000002 4.5000000000000009 13.500000000000002 1.0000000180025095e-35 5.5000000000000009 772.00000000000011 1.0000000180025095e-35 1.5000000000000002 640.50000000000011 358.50000000000006 3.5000000000000004 318.50000000000006
decision_type=2 2 2 2 2 2 2 2 2 2 2 2 2 2
left_child=1 2 12 4 6 8 9 10 -4 -2 11 -5 -1 -3
right_child=3 13 5 7 -6 -7 -8 -9 -10 -11 -12 -13 -14 -15
leaf_value=-0.0058508992181010308 -0.0011287904861911114 -0.0030802103930992822 -0.005896210756622838 -6.2754820935539973e-06 0.00089534418893559727 -0.0052812773863294641 9.8128678066866659e-05 5.7846744020562202 -0.0040433654312017507 0.00032325698742568523 -0.17325583855803472 0.531412095926595 -0.005993058662096362 2.6218389441902121
leaf_weight=45 23 170 181 1881 155 111 92 36 30 26 25 45 168 21
leaf_count=45 23 170 181 1881 155 111 92 36 30 26 25 45 168 21
internal_value=-0.00216611 -0.0115475 -0.0158955 0.000818739 0.00705387 -0.0114396 0.0145775 -0.000110664 -0.0158962 0.0024 -0.000420082 -0.000230929 -0.0225234 0.000625
internal_weight=3009 726 535 2283 296 322 141 1987 211 49 1951 1926 213 191
internal_count=3009 726 535 2283 296 322 141 1987 211 49 1951 1926 213 191
is_linear=0
shrinkage=0.025


Tree=186
num_leaves=15
num_cat=0
split_feature=13 5 13 13 5 8 6 16 11 14 9 11 9 16
split_gain=133.461 61.0086 21.2339 15.8214 15.7249 13.0424 13.5619 16.1124 12.1481 11.4019 8.03789 6.61472 5.72192 5.47981
threshold=1.0000000180025095e-35 5.5000000000000009 4.5000000000000009 772.00000000000011 4.5000000000000009 1.0000000180025095e-35 1.0000000180025095e-35 1.0000000180025095e-35 1.0000000180025095e-35 11.500000000000002 640.50000000000011 358.50000000000006 1.0000000180025095e-35 1.0000000180025095e-35
decision_type=2 2 2 2 2 2 2 2 2 2 2 2 2 2
left_child=1 5 4 10 8 6 -1 -8 12 13 11 -4 -2 -7
right_child=2 -3 3 -5 -6 9 7 -9 -10 -11 -12 -13 -14 -15
leaf_value=-0.0058432321955439528 0.00043640910187065283 0.0011237261499975615 -6.1185950412046002e-06 5.6400575420048149 -0.0048061610321457051 -0.0074769202814341327 0.0020899252773858902 -0.017302867266044769 -0.0062404539991170434 -0.0037336222054087549 -0.16892444259408423 0.51812679352842961 0.00012644959660219613 0.0091107992966902532
leaf_weight=302 22 191 1881 36 44 37 21 23 46 99 25 45 184 53
leaf_count=302 22 191 1881 36 44 37 21 23 46 99 25 45 184 53
internal_value=-0.0021495 -0.0114787 0.000818739 -0.000110664 0.00705387 -0.0158022 -0.0187176 -0.00544444 0.0094664 -0.0103684 -0.000420082 -0.000230929 0.0120531 -0.00379121
internal_weight=3009 726 2283 1987 296 535 346 44 252 189 1951 1926 206 90
internal_count=3009 726 2283 1987 296 535 346 44 252 189 1951 1926 206 90
is_linear=0
shrinkage=0.025


Tree=187
num_leaves=15
num_cat=0
split_feature=9 4 11 9 4 5 4 6 4 5 0 0 6 4
split_gain=120.317 47.7501 41.2596 29.2588 33.9216 16.0575 14.3994 12.0843 13.213 9.60304 8.69193 17.5945 10.4724 8.23454
threshold=1.0000000180025095e-35 10.500000000000002 1.0000000180025095e-35 2.5000000000000004 14.500000000000002 879.00000000000011 2.5000000000000004 1.0000000180025095e-35 19.500000000000004 1.0000000180025095e-35 50.500000000000007 39.500000000000007 49.500000000000007 15.500000000000002
decision_type=2 2 2 2 2 2 2 2 2 2 2 2 2 2
left_child=1 6 7 4 -2 10 -1 13 -9 -6 11 -5 -12 -3
right_child=3 2 -4 5 9 -7 -8 8 -10 -11 12 -13 -14 -15
leaf_value=-0.0055216072851091095 0.00012328835668714013 -0.0076045319590878823 0.0048772256305845479 -7.5385722752443463e-05 0.0025146841356846529 5.499056103454695 -0.0056971513906553537 -0.012421903010016319 0.0078933980378692262 -0.011318590468592718 0.001399186665029184 -0.0039294467355054158 -0.031472529458243095 -0.0055984133673220192
leaf_weight=32 139 75 264 740 21 36 197 20 35 76 882 157 204 131
leaf_count=32 139 75 264 740 21 36 197 20 35 76 882 157 204 131
internal_value=-0.0021495 -0.0107881 -0.00659696 0.000740248 0.00905063 -0.000232673 -0.0203043 -0.013626 -0.00303571 -0.0022449 -0.000539315 -0.0023608 0.000961362 -0.016401
internal_weight=3009 754 525 2255 236 2019 229 261 55 97 1983 897 1086 206
internal_count=3009 754 525 2255 236 2019 229 261 55 97 1983 897 1086 206
is_linear=0
shrinkage=0.025


Tree=188
num_leaves=15
num_cat=0
split_feature=13 4 11 13 4 6 4 9 13 16 4 9 4 13
split_gain=141.238 57.8354 45.0098 19.4972 31.642 14.2742 13.8547 13.4973 12.7013 12.1732 9.76164 9.70529 24.9399 12.316
threshold=1.0000000180025095e-35 10.500000000000002 1.0000000180025095e-35 2.5000000000000004 14.500000000000002 1.0000000180025095e-35 5.5000000000000009 1105.0000000000002 1.5000000000000002 1.0000000180025095e-35 14.500000000000002 168.50000000000003 3.5000000000000004 133.50000000000003
decision_type=2 2 2 2 2 2 2 2 2 2 2 2 2 2
left_child=1 -1 5 4 6 10 8 11 -2 -7 -3 13 -13 -5
right_child=3 2 -4 7 -6 9 -8 -9 -10 -11 -12 12 -14 -15
leaf_value=-0.0055547226058889699 -0.0011068141728685643 -0.0074144186601106847 0.0010975176393164254 2.7519262079289675e-05 -0.00186398236708889 0.0035939945008768882 0.0001142938419735562 5.3615797008683277 0.00046810470380079239 -0.010350711371695824 -0.0054627643486356179 1.5726623265197071 -0.036708448076755218 0.14015363593150526
leaf_weight=217 23 72 249 1456 100 23 101 22 18 18 147 31 376 156
leaf_count=217 23 72 249 1456 100 23 101 22 18 18 147 31 376 156
internal_value=-0.00195017 -0.0115475 -0.00690196 0.00110333 0.00779835 -0.0141571 0.0153497 0.000303624 0.00285714 -0.00047619 -0.0166818 8.41584e-05 -0.00335784 0.000957843
internal_weight=3009 726 509 2283 242 260 142 2041 41 41 219 2019 407 1612
internal_count=3009 726 509 2283 242 260 142 2041 41 41 219 2019 407 1612
is_linear=0
shrinkage=0.025


Tree=189
num_leaves=15
num_cat=0
split_feature=13 4 11 4 9 9 6 4 14 13 16 16 13 4
split_gain=141.727 57.8354 45.0098 16.9107 27.8389 21.9347 14.2742 14.0483 21.1589 14.4939 12.1732 11.957 14.6161 9.76164
threshold=1.0000000180025095e-35 10.500000000000002 1.0000000180025095e-35 14.500000000000002 2.5000000000000004 896.00000000000011 1.0000000180025095e-35 17.500000000000004 20.500000000000004 10.500000000000002 1.0000000180025095e-35 121.50000000000001 179.50000000000003 14.500000000000002
decision_type=2 2 2 2 2 2 2 2 2 2 2 2 2 2
left_child=1 -1 6 4 -2 -6 13 8 9 -5 -8 -9 -13 -3
right_child=3 2 -4 7 5 -7 10 11 -10 -11 -12 12 -14 -15
leaf_value=-0.005415854540741746 0.00011734880172062367 -0.0072290581936079179 0.001070079698333526 0.0011993636651891925 9.4587296102255366e-05 5.2275402083466194 0.0035041446383549664 -0.0010401791748902102 0.22927334615105394 -0.096977077463547237 -0.010091943587403427 0.52415254764997177 0.11138755635860775 -0.005326195239919727
leaf_weight=217 165 72 249 61 930 26 23 709 71 148 18 66 107 147
leaf_count=217 165 72 249 61 930 26 23 709 71 148 18 66 107 147
internal_value=-0.00193355 -0.0115475 -0.00690196 0.00112522 0.00331551 0.00166667 -0.0141571 -0.000984523 -0.00585409 -0.00985714 -0.00047619 0.000560589 0.00643678 -0.0166818
internal_weight=3009 726 509 2283 1121 956 260 1162 280 209 41 882 173 219
internal_count=3009 726 509 2283 1121 956 260 1162 280 209 41 882 173 219
is_linear=0
shrinkage=0.025


Tree=190
num_leaves=15
num_cat=0
split_feature=13 5 4 8 13 6 4 5 13 4 14 13 16 10
split_gain=132.108 61.7023 24.6435 21.6851 12.9362 9.09131 8.89544 16.5748 15.1117 12.9041 20.7183 10.2516 10.1504 6.77931
threshold=1.0000000180025095e-35 5.5000000000000009 10.500000000000002 1.0000000180025095e-35 1105.0000000000002 1.0000000180025095e-35 14.500000000000002 24.500000000000004 36.500000000000007 17.500000000000004 20.500000000000004 1.5000000000000002 121.50000000000001 309.00000000000006
decision_type=2 2 2 2 2 2 2 2 2 2 2 2 2 2
left_child=1 2 -1 5 6 -4 7 11 -9 10 -8 -2 -11 -3
right_child=4 13 3 -5 -6 -7 9 8 -10 12 -12 -13 -14 -15
leaf_value=-0.0052804581772232023 -5.1401959609842513e-07 -0.0029912049141932301 -0.0051930403589217338 -0.0052320254707417749 5.096851703137955 -0.0026880956645426975 -0.054429083738020814 -0.0038342632310722994 0.0039253018380239982 -0.0010141746955179443 0.22354151249727761 0.00023092242846989297 0.26300617202734033 2.5737936868474294
leaf_weight=213 83 171 181 111 22 30 207 95 562 709 71 361 173 20
leaf_count=213 83 171 181 111 22 30 207 95 562 709 71 361 173 20
internal_value=-0.00226578 -0.0115475 -0.0158955 -0.0114396 0.000687391 -0.0161321 0.000495137 0.00210526 -0.000410334 -0.00102929 -0.00571685 0.00583146 0.000447339 0.000625
internal_weight=3009 726 535 322 2283 211 2261 1101 657 1160 278 444 882 191
internal_count=3009 726 535 322 2283 211 2261 1101 657 1160 278 444 882 191
is_linear=0
shrinkage=0.025


Tree=191
num_leaves=15
num_cat=0
split_feature=13 5 4 8 9 13 9 13 6 4 4 6 10 4
split_gain=137.357 61.7023 24.6435 21.6851 12.5999 11.0315 16.677 22.6194 9.09131 7.02182 14.0077 11.8649 6.77931 6.27877
threshold=1.0000000180025095e-35 5.5000000000000009 10.500000000000002 1.0000000180025095e-35 1105.0000000000002 10.500000000000002 10.500000000000002 1.5000000000000002 1.0000000180025095e-35 23.500000000000004 15.500000000000002 83.500000000000014 309.00000000000006 3.5000000000000004
decision_type=2 2 2 2 2 2 2 2 2 2 2 2 2 2
left_child=1 2 13 8 5 6 7 -2 -4 10 -7 -11 -3 -1
right_child=4 12 3 -5 -6 9 -8 -9 -10 11 -12 -13 -14 -15
leaf_value=-0.0050098412648971746 -1.0055342615944429e-06 -0.0029164247913383992 -0.0050632143499486906 -0.0051012248339732842 4.9694304105595055 0.0011251976594434776 -0.06410034567472836 0.00024740066677219063 -0.0026208932729291298 0.030952274992759501 -0.032163409014020032 0.3633175004209111 2.5094488446762444 -0.0051484467227926219
leaf_weight=45 131 171 181 111 22 852 55 403 30 329 443 48 20 168
leaf_count=45 131 171 181 111 22 852 55 403 30 329 443 48 20 168
internal_value=-0.00208306 -0.0115475 -0.0158955 -0.0114396 0.000928196 0.000738285 0.00367797 0.00503738 -0.0161321 -0.000295876 -0.00117284 0.00269841 0.000625 -0.0225234
internal_weight=3009 726 535 322 2283 2261 589 534 211 1672 1295 377 191 213
internal_count=3009 726 535 322 2283 2261 589 534 211 1672 1295 377 191 213
is_linear=0
shrinkage=0.025


Tree=192
num_leaves=15
num_cat=0
split_feature=13 5 8 4 4 13 6 16 13 13 5 4 4 4
split_gain=125.641 57.5988 19.3082 16.9691 17.3655 12.7828 11.5155 13.7343 8.38985 13.8279 14.3615 10.989 7.02182 14.0077
threshold=1.0000000180025095e-35 5.5000000000000009 1.0000000180025095e-35 10.500000000000002 4.5000000000000009 1105.0000000000002 1.0000000180025095e-35 1.0000000180025095e-35 10.500000000000002 1.5000000000000002 10.500000000000002 9.5000000000000018 23.500000000000004 15.500000000000002
decision_type=2 2 2 2 2 2 2 2 2 2 2 2 2 2
left_child=1 2 6 4 -4 8 -1 -8 9 11 -11 -2 13 -10
right_child=5 -3 3 -5 -6 -7 7 -9 12 10 -12 -13 -14 -15
leaf_value=-0.0050197355547228067 -9.8039590505361045e-07 0.0011910184485134591 7.2562902361024639e-06 -0.0049736942131239914 -0.002962865814340989 4.8451946502955172 0.0017956134394605085 -0.016196344884908488 0.0010970677179574339 0.00021341540107228663 -0.012292924329496836 1.2940657316440342e-06 0.054351548403592888 -0.031359323788669534
leaf_weight=302 51 191 20 111 58 22 21 23 852 374 82 82 377 443
leaf_count=302 51 191 20 111 58 22 21 23 852 374 82 82 377 443
internal_value=-0.00208306 -0.0111348 -0.0153358 -0.00878947 -0.0176582 0.000796848 -0.0188617 -0.00655556 0.000605659 0.00316949 0.0052407 -0.0038806 -0.000295876 -0.00117284
internal_weight=3009 726 535 189 78 2283 346 44 2261 589 456 133 1672 1295
internal_count=3009 726 535 189 78 2283 346 44 2261 589 456 133 1672 1295
is_linear=0
shrinkage=0.025


Tree=193
num_leaves=15
num_cat=0
split_feature=13 5 8 4 4 9 9 4 11 4 9 14 10 4
split_gain=127.027 57.5988 19.3082 16.9691 17.3655 12.6912 8.38298 23.1972 12.2477 9.97425 8.92986 7.07209 6.77931 4.67745
threshold=1.0000000180025095e-35 5.5000000000000009 1.0000000180025095e-35 10.500000000000002 4.5000000000000009 1105.0000000000002 175.50000000000003 3.5000000000000004 205.00000000000003 22.500000000000004 162.50000000000003 1.0000000180025095e-35 309.00000000000006 22.500000000000004
decision_type=2 2 2 2 2 2 2 2 2 2 2 2 2 2
left_child=1 2 11 4 -4 6 8 -8 10 -9 -2 -1 -3 -5
right_child=5 12 3 13 -6 -7 7 9 -10 -11 -12 -13 -14 -15
leaf_value=-0.0048942421658547362 7.5814199532486809e-05 -0.0028732896327677759 7.0748829801999018e-06 -0.014118548100033854 -0.002888794168982464 4.7240647840381289 1.5331897144939264 -0.056957216149513101 1.1646172755912005 0.19048572820638299 0.10284918232394241 -0.013517374455042664 2.4466828480981251 0.071186676219746711
leaf_weight=327 1806 171 20 92 58 22 31 275 35 96 18 19 20 19
leaf_count=327 1806 171 20 92 58 22 31 275 35 96 18 19 20 19
internal_value=-0.00203322 -0.0111348 -0.0153358 -0.00878947 -0.0176582 0.000862522 0.000671972 -0.00259305 0.00138172 -0.00435484 0.00109315 -0.0188617 0.000625 -0.00241071
internal_weight=3009 726 535 189 78 2283 2261 402 1859 371 1824 346 191 111
internal_count=3009 726 535 189 78 2283 2261 402 1859 371 1824 346 191 111
is_linear=0
shrinkage=0.025


Tree=194
num_leaves=15
num_cat=0
split_feature=13 14 13 6 13 16 9 0 8 1 7 11 1 9
split_gain=129.174 41.9901 19.8166 18.8952 20.0088 15.4662 13.0099 12.8295 11.1461 10.6199 9.40238 12.5603 9.89626 6.41534
threshold=1.5000000000000002 1.0000000180025095e-35 2.5000000000000004 1.0000000180025095e-35 1.0000000180025095e-35 13.500000000000002 1105.0000000000002 29.500000000000004 1.0000000180025095e-35 -1.0000000180025095e-35 17.500000000000004 16.500000000000004 -1.0000000180025095e-35 640.50000000000011
decision_type=2 2 2 2 2 2 2 2 2 2 2 2 2 2
left_child=1 3 -2 4 8 -5 13 -3 -1 -6 11 -9 -12 -4
right_child=2 7 6 5 9 -7 -8 10 -10 -11 12 -13 -14 -15
leaf_value=-0.0047718861117083677 0.00019328068067675508 0.036202075481758467 7.4803892784824918e-05 0.0021278246787081252 1.2225989666614368e-05 -0.015669080208639406 4.6059631644371768 -0.018491434031059833 -0.0076316098589626243 -2.8512409957381914e-06 -0.015818279609237318 0.010070621675242641 -0.0028165743147579025 -0.10110805016386736
leaf_weight=302 109 62 1982 49 56 22 22 61 60 51 132 27 37 37
leaf_count=302 109 62 1982 49 56 22 22 61 60 51 132 27 37 37
internal_value=-0.00206645 -0.0102558 0.00120642 -0.0145009 -0.0163191 -0.00236111 0.000646425 -0.00303125 -0.0191322 -0.00666667 -0.00550388 0.00106742 -0.00894118 0.000430693
internal_weight=3009 859 2150 540 469 71 2041 319 362 107 257 88 169 2019
internal_count=3009 859 2150 540 469 71 2041 319 362 107 257 88 169 2019
is_linear=0
shrinkage=0.025


Tree=195
num_leaves=15
num_cat=0
split_feature=13 4 14 13 13 6 4 9 4 4 9 11 10 13
split_gain=138.509 63.3346 29.9498 19.8166 16.7513 16.1768 13.9992 13.0099 12.8324 7.79365 6.41534 7.63088 5.21301 5.19017
threshold=1.5000000000000002 10.500000000000002 1.0000000180025095e-35 2.5000000000000004 1.0000000180025095e-35 1.0000000180025095e-35 14.500000000000002 1105.0000000000002 10.500000000000002 2.5000000000000004 640.50000000000011 512.50000000000011 350.00000000000006 1.0000000180025095e-35
decision_type=2 2 2 2 2 2 2 2 2 2 2 2 2 2
left_child=1 9 4 8 5 -3 -6 10 -2 -1 11 -5 -4 -11
right_child=3 2 12 7 6 -7 -8 -9 -10 13 -12 -13 -14 -15
leaf_value=-0.0044848985924554564 9.2649983829551369e-05 -0.0050742825059292337 -0.0012629796352142675 7.1163698983900406e-05 0.002873346147449757 0.00032642912386769766 -0.010428598950840036 4.4908140853262468 0.0035226571466023789 -0.0046525889589156579 -0.09858034890977195 1.6337287585710585 2.494415496996778 -2.7799599708444591e-06
leaf_weight=30 43 220 245 1963 21 41 39 22 66 191 37 19 18 54
leaf_count=30 43 220 245 1963 21 41 39 22 66 191 37 19 18 54
internal_value=-0.00218272 -0.0106628 -0.00597436 0.00120642 -0.011087 -0.0138168 0.000737705 0.000646425 0.0115455 -0.0205435 0.000430693 0.000627837 0.000265152 -0.0220325
internal_weight=3009 859 584 2150 321 261 60 2041 109 275 2019 1982 263 245
internal_count=3009 859 584 2150 321 261 60 2041 109 275 2019 1982 263 245
is_linear=0
shrinkage=0.025


Tree=196
num_leaves=15
num_cat=0
split_feature=13 4 14 13 13 6 4 13 4 4 4 5 15 0
split_gain=137.155 64.0869 30.9564 19.8166 16.7513 16.1768 13.9992 13.0099 12.8324 7.79365 5.81125 20.8071 13.3641 5.75302
threshold=1.5000000000000002 10.500000000000002 1.0000000180025095e-35 2.5000000000000004 1.0000000180025095e-35 1.0000000180025095e-35 14.500000000000002 1105.0000000000002 10.500000000000002 2.5000000000000004 11.500000000000002 24.500000000000004 1.0000000180025095e-35 29.500000000000004
decision_type=2 2 2 2 2 2 2 2 2 2 2 2 2 2
left_child=1 9 4 8 5 -3 -6 10 -2 -1 11 -5 -12 -4
right_child=3 2 13 7 6 -7 -8 -9 -10 -11 12 -13 -14 -15
leaf_value=-0.0043727761276440699 9.0333734233810636e-05 -0.0049474254432810031 0.035328598085594867 0.00049093163623651346 0.0028015124937635139 0.00031826839577100524 -0.010167883977069032 4.3785437331930899 0.003434590717937322 -0.0045362742349427665 -0.027165918742828171 -0.0018667728496778225 0.0074846864698637113 -0.0091336452028220726
leaf_weight=30 43 220 62 230 21 41 39 22 66 245 552 503 734 201
leaf_count=30 43 220 62 230 21 41 39 22 66 245 552 503 734 201
internal_value=-0.00216611 -0.0106047 -0.00588889 0.00120642 -0.011087 -0.0138168 0.000737705 0.000646425 0.0115455 -0.0205435 0.000430693 0.00220708 -0.000578866 0.000454545
internal_weight=3009 859 584 2150 321 261 60 2041 109 275 2019 733 1286 263
internal_count=3009 859 584 2150 321 261 60 2041 109 275 2019 733 1286 263
is_linear=0
shrinkage=0.025


Tree=197
num_leaves=15
num_cat=0
split_feature=13 5 4 11 9 4 5 9 6 13 13 14 10 4
split_gain=148.948 56.658 23.9355 18.1845 16.3043 21.3955 20.6733 14.1689 13.4735 13.3983 9.5817 13.6584 8.08665 7.40767
threshold=1.0000000180025095e-35 5.5000000000000009 10.500000000000002 1.5000000000000002 8.5000000000000018 10.500000000000002 2.5000000000000004 1105.0000000000002 1.0000000180025095e-35 6.5000000000000009 12.500000000000002 7.5000000000000009 3.5000000000000004 5.5000000000000009
decision_type=2 2 2 2 2 2 2 2 2 2 2 2 2 2
left_child=1 2 -1 8 5 6 13 10 -4 -8 11 -6 -3 -2
right_child=4 12 3 -5 7 -7 9 -9 -10 -11 -12 -13 -14 -15
leaf_value=-0.0044228673790691975 0.00042487293879808763 -0.012486055024717372 -0.0048237398071989783 -0.001850416265481214 -0.033157778568384054 0.0011499780691711537 -0.00067288996484560215 4.269080139863263 -0.00089637334815675289 5.7111315603375346e-05 0.00044318189419172431 0.19821226797573377 0.025290596776878817 0.00010819602062562551
leaf_weight=213 51 43 204 80 117 431 34 22 38 54 1496 18 148 60
leaf_count=213 51 43 204 80 117 431 34 22 38 54 1496 18 148 60
internal_value=-0.00196678 -0.0118226 -0.0159888 -0.0115944 0.001169 0.00458796 0.01135 -0.000133011 -0.015 0.00219101 -0.000410539 -0.00676471 -0.000104167 0.0184821
internal_weight=3009 726 535 322 2283 630 199 1653 242 88 1631 135 191 111
internal_count=3009 726 535 322 2283 630 199 1653 242 88 1631 135 191 111
is_linear=0
shrinkage=0.025


Tree=198
num_leaves=15
num_cat=0
split_feature=13 5 8 13 5 13 6 16 14 1 10 13 11 13
split_gain=145.527 52.729 18.2744 18.1043 14.5896 13.7972 11.5155 13.7343 11.3451 8.503 8.08665 7.5538 18.2748 7.02359
threshold=1.0000000180025095e-35 5.5000000000000009 1.0000000180025095e-35 10.500000000000002 10.500000000000002 1105.0000000000002 1.0000000180025095e-35 1.0000000180025095e-35 1.0000000180025095e-35 1.0000000180025095e-35 3.5000000000000004 36.500000000000007 20.500000000000004 179.50000000000003
decision_type=2 2 2 2 2 2 2 2 2 2 2 2 2 2
left_child=1 2 6 4 9 11 -1 -8 -6 -2 -3 12 -5 -13
right_child=3 10 -4 5 8 -7 7 -9 -10 -11 -12 13 -14 -15
leaf_value=-0.0043122956945924676 0.0001079914943863558 -0.012173903649099437 -0.0024058666925657643 -0.0097939128021531374 -0.023844101546941193 4.1623531363666819 0.0018261754363656125 -0.014937059939100231 0.028940132136236186 0.0001333576892323468 0.024658331857456962 0.0096346424659001784 0.061247727617436354 -0.020486290178591562
leaf_weight=302 305 43 189 341 65 22 21 23 20 199 148 856 68 407
leaf_count=302 305 43 189 341 65 22 21 23 20 199 148 856 68 407
internal_value=-0.00166777 -0.0114099 -0.0154291 0.0014317 0.00520339 0.000115044 -0.0188617 -0.00655556 -0.00430233 0.00682178 -0.000104167 -0.000146444 -0.00309756 0.000806962
internal_weight=3009 726 535 2283 589 1694 346 44 85 504 191 1672 409 1263
internal_count=3009 726 535 2283 589 1694 346 44 85 504 191 1672 409 1263
is_linear=0
shrinkage=0.025


Tree=199
num_leaves=15
num_cat=0
split_feature=13 5 4 5 0 0 8 4 4 6 16 0 4 15
split_gain=139.914 58.2729 18.6339 41.3247 28.0635 26.8472 18.2744 15.9632 17.3655 11.5155 13.7343 11.2065 12.2429 8.59053
threshold=1.0000000180025095e-35 5.5000000000000009 10.500000000000002 18.500000000000004 99.500000000000014 4.5000000000000009 1.0000000180025095e-35 10.500000000000002 4.5000000000000009 1.0000000180025095e-35 1.0000000180025095e-35 16.500000000000004 5.5000000000000009 29.500000000000004
decision_type=2 2 2 2 2 2 2 2 2 2 2 2 2 2
left_child=1 6 3 11 5 -5 9 8 -8 -1 -11 -2 -13 -4
right_child=2 -3 13 4 -6 -7 7 -9 -10 10 -12 12 -14 -15
leaf_value=-0.0042044883022276562 0.00051398464346283921 9.2881846661740941e-05 -0.0022719159422214807 0.11355343127490905 0.098032375834614535 -0.0045822295914646821 0.00015557240066196352 -0.0037346084701621153 -0.0023457200252516202 0.0017805210504564712 -0.014563633440622725 0.00017790749024249042 0.00010478616420784155 0.031060099019074805
leaf_weight=302 48 191 950 27 45 432 20 111 58 21 23 93 130 558
leaf_count=302 48 191 950 27 45 432 20 111 58 21 23 93 130 558
internal_value=-0.00165116 -0.0112036 0.00138792 0.00453608 0.000287129 -0.00156522 -0.0154291 -0.00905263 -0.0176582 -0.0188617 -0.00655556 0.0123897 0.00991071 -0.000228628
internal_weight=3009 726 2283 775 504 459 535 189 78 346 44 271 223 1508
internal_count=3009 726 2283 775 504 459 535 189 78 346 44 271 223 1508
is_linear=0
shrinkage=0.025


Tree=200
num_leaves=15
num_cat=0
split_feature=13 5 13 9 8 4 4 4 5 9 6 16 4 4
split_gain=137.012 58.2729 19.8248 20.818 18.2744 18.2139 15.9632 17.3655 15.1699 14.1376 11.5155 13.7343 8.31683 7.44902
threshold=1.0000000180025095e-35 5.5000000000000009 10.500000000000002 10.500000000000002 1.0000000180025095e-35 10.500000000000002 10.500000000000002 4.5000000000000009 2.5000000000000004 1105.0000000000002 1.0000000180025095e-35 1.0000000180025095e-35 25.500000000000004 23.500000000000004
decision_type=2 2 2 2 2 2 2 2 2 2 2 2 2 2
left_child=1 4 3 5 10 8 7 -6 -2 13 -1 -12 -7 -4
right_child=2 -3 9 -5 6 12 -8 -9 -10 -11 11 -13 -14 -15
leaf_value=-0.0040993760946719648 0.00010216651010264561 9.0559800495193526e-05 -0.0025966812452632663 -0.060901330729713134 0.00015168309064541444 0.003723523746466412 -0.0036412432584080889 -0.0022870770246203299 5.0932062053510313e-05 4.0584088636973012 0.0017360080241950598 -0.014199542604607159 -0.007425321206669 0.053051343273901354
leaf_weight=302 102 191 1295 55 20 253 111 58 104 22 21 23 75 377
leaf_count=302 102 191 1295 55 20 253 111 58 104 22 21 23 75 377
internal_value=-0.00175083 -0.0112036 0.00125657 0.00520339 -0.0154291 0.00671963 -0.00905263 -0.0176582 0.0125362 -0.000115044 -0.0188617 -0.00655556 0.00302432 -0.000385535
internal_weight=3009 726 2283 589 535 534 189 78 206 1694 346 44 328 1672
internal_count=3009 726 2283 589 535 534 189 78 206 1694 346 44 328 1672
is_linear=0
shrinkage=0.025


Tree=201
num_leaves=15
num_cat=0
split_feature=9 11 4 6 9 4 12 9 5 9 4 15 4 6
split_gain=116.684 42.828 31.1455 23.7321 18.5445 26.1748 15.8813 14.3171 13.5632 18.6586 8.14921 7.6821 10.6395 7.43149
threshold=1.0000000180025095e-35 1.0000000180025095e-35 10.500000000000002 1.5000000000000002 10.500000000000002 10.500000000000002 1.5000000000000002 1105.0000000000002 2.5000000000000004 6.5000000000000009 5.5000000000000009 24.500000000000004 10.500000000000002 49.500000000000007
decision_type=2 2 2 2 2 2 2 2 2 2 2 2 2 2
left_child=1 3 -3 -1 5 8 -5 11 10 -10 -2 12 -6 -13
right_child=4 2 -4 6 7 -7 -8 -9 9 -11 -12 13 -14 -15
leaf_value=-0.0039968916923051661 0.0001729674565653261 -0.0022299000990048212 0.0053458304818149172 0.015152356677697754 0.0016952478472310518 0.0003987417894433748 -0.013844554039491978 3.9569486421048681 -0.00066240956537113595 0.00043920102455703437 9.7429050509284531e-05 0.049197641312190704 -0.045439506027404521 -0.012299496236628472
leaf_weight=357 39 63 264 51 445 370 19 22 37 73 60 445 581 183
leaf_count=357 39 63 264 51 445 370 19 22 37 73 60 445 581 183
internal_value=-0.00175083 -0.0102583 -0.00341463 -0.0154673 0.00109486 0.00494828 -0.00204225 -0.00023554 0.012 0.00581081 0.0187 -0.000510574 -0.00184518 0.00166137
internal_weight=3009 754 327 427 2255 579 70 1676 209 110 99 1654 1026 628
internal_count=3009 754 327 427 2255 579 70 1676 209 110 99 1654 1026 628
is_linear=0
shrinkage=0.025


Tree=202
num_leaves=15
num_cat=0
split_feature=13 5 13 8 4 5 13 4 4 13 6 16 4 4
split_gain=137.494 58.2729 19.6059 18.2744 16.8462 19.6414 17.3632 15.9632 17.3655 14.0944 11.5155 13.7343 8.0184 7.30523
threshold=1.0000000180025095e-35 5.5000000000000009 10.500000000000002 1.0000000180025095e-35 10.500000000000002 2.5000000000000004 6.5000000000000009 10.500000000000002 4.5000000000000009 1105.0000000000002 1.0000000180025095e-35 1.0000000180025095e-35 5.5000000000000009 23.500000000000004
decision_type=2 2 2 2 2 2 2 2 2 2 2 2 2 2
left_child=1 3 4 10 5 12 -7 8 -5 13 -1 -12 -2 -4
right_child=2 -3 9 7 -6 6 -8 -9 -10 -11 11 -13 -14 -15
leaf_value=-0.003896969399997537 0.00024141347470559295 7.8327260746724475e-05 -0.002451835744643205 0.00020363851585439961 0.001296214597736034 -0.00064698526784701116 0.00026608979191699022 -0.0036838579389932846 -0.0021741525965297006 3.8580249260522468 0.0013137989066477397 -0.013498440188504678 9.4993324246553384e-05 0.052861047342738936
leaf_weight=302 44 191 1295 20 371 38 76 111 58 22 21 23 60 377
leaf_count=302 44 191 1295 20 371 38 76 111 58 22 21 23 60 377
internal_value=-0.00173422 -0.0112036 0.00127846 -0.0154291 0.00520339 0.0107078 0.00343478 -0.00905263 -0.0176582 -8.55457e-05 -0.0188617 -0.00655556 0.0185238 -0.000355649
internal_weight=3009 726 2283 535 589 218 114 189 78 1694 346 44 104 1672
internal_count=3009 726 2283 535 589 218 114 189 78 1694 346 44 104 1672
is_linear=0
shrinkage=0.025


Tree=203
num_leaves=15
num_cat=0
split_feature=13 5 13 4 8 4 5 13 13 6 4 8 4 4
split_gain=135.504 57.5988 19.8248 18.685 19.5442 16.8462 19.6414 17.3632 14.1376 11.2923 10.4165 11.1614 8.0184 6.82477
threshold=1.0000000180025095e-35 5.5000000000000009 10.500000000000002 10.500000000000002 1.0000000180025095e-35 10.500000000000002 2.5000000000000004 6.5000000000000009 1105.0000000000002 1.0000000180025095e-35 4.5000000000000009 1.5000000000000002 5.5000000000000009 23.500000000000004
decision_type=2 2 2 2 2 2 2 2 2 2 2 2 2 2
left_child=1 3 5 10 9 6 12 -8 13 -5 11 -1 -2 -4
right_child=2 -3 8 4 -6 -7 7 -9 -10 -11 -12 -13 -14 -15
leaf_value=-0.0037995451649975986 0.00023537813783795216 7.6369079228055811e-05 -0.0023905398510272848 -0.0036856006718877254 -0.0035917614905184082 0.0012638092327926344 -0.00063081063615082482 0.00025943754711906799 3.7615743029009394 -0.0002416300944575884 -0.0037995451649975986 0.00019854755295803961 9.2618491140389344e-05 0.051539521159170487
leaf_weight=45 44 191 1295 181 111 371 38 76 22 30 149 19 60 377
leaf_count=45 44 191 1295 181 111 371 38 76 22 30 149 19 60 377
internal_value=-0.00173422 -0.0111348 0.00125657 -0.0153358 -0.0114396 0.00520339 0.0107078 0.00343478 -0.000115044 -0.0158962 -0.0211215 -0.0122308 0.0185238 -0.000385535
internal_weight=3009 726 2283 535 322 589 218 114 1694 211 213 64 104 1672
internal_count=3009 726 2283 535 322 589 218 114 1694 211 213 64 104 1672
is_linear=0
shrinkage=0.025


Tree=204
num_leaves=15
num_cat=0
split_feature=13 5 4 8 13 9 4 5 9 6 4 8 6 13
split_gain=134.549 57.5988 18.685 19.5442 18.5819 20.3355 19.4151 15.1699 14.1376 11.2923 10.4165 11.1614 7.76612 6.96997
threshold=1.0000000180025095e-35 5.5000000000000009 10.500000000000002 1.0000000180025095e-35 10.500000000000002 10.500000000000002 10.500000000000002 2.5000000000000004 1105.0000000000002 1.0000000180025095e-35 4.5000000000000009 1.5000000000000002 1.0000000180025095e-35 36.500000000000007
decision_type=2 2 2 2 2 2 2 2 2 2 2 2 2 2
left_child=1 2 10 9 5 6 7 -2 13 -4 11 -1 -8 -6
right_child=4 -3 3 -5 8 -7 12 -9 -10 -11 -12 -13 -14 -15
leaf_value=-0.0037045565358726587 9.2357713650378928e-05 7.4459852247343863e-05 -0.0035934606550905323 -0.0035019674532554392 -0.003055035063385603 -0.058306810406548421 0.00077226741665726857 2.5540551412350787e-05 3.6675349453284158 -0.00023558934209614779 -0.0037045565358726587 0.00019358386413408861 0.010722409948433764 0.0028930013516311197
leaf_weight=45 102 191 181 111 409 55 247 104 22 30 149 19 81 1263
leaf_count=45 102 191 181 111 409 55 247 104 22 30 149 19 81 1263
internal_value=-0.00176744 -0.0111348 -0.0153358 -0.0114396 0.00121278 0.0050339 0.00653271 0.0125362 -0.000115044 -0.0158962 -0.0211215 -0.0122308 0.00272036 -0.000385535
internal_weight=3009 726 535 322 2283 589 534 206 1694 211 213 64 328 1672
internal_count=3009 726 535 322 2283 589 534 206 1694 211 213 64 328 1672
is_linear=0
shrinkage=0.025


Tree=205
num_leaves=15
num_cat=0
split_feature=13 5 13 9 4 4 8 5 9 6 4 8 2 6
split_gain=134.072 57.5988 18.795 20.3355 19.4151 18.685 19.5442 15.1699 14.1809 11.2923 10.4165 11.1614 7.97547 7.76612
threshold=1.0000000180025095e-35 5.5000000000000009 10.500000000000002 10.500000000000002 10.500000000000002 10.500000000000002 1.0000000180025095e-35 2.5000000000000004 1105.0000000000002 1.0000000180025095e-35 4.5000000000000009 1.5000000000000002 1.0000000180025095e-35 1.0000000180025095e-35
decision_type=2 2 2 2 2 2 2 2 2 2 2 2 2 2
left_child=1 5 3 4 7 10 9 -2 -4 -7 11 -1 -5 -6
right_child=2 -3 8 12 13 6 -8 -9 -10 -11 -12 -13 -14 -15
leaf_value=-0.0036119426224758425 9.0048770809120215e-05 7.2598355941155821e-05 -0.00076253000807051667 -0.057861983710634016 0.00075296073124083709 -0.0035036241387132691 -0.003414418266924102 2.4902037627039244e-05 3.5758465716952061 -0.00022969960854374324 -0.0036119426224758425 0.00018874426753073641 0.11040914823119252 0.01045434969972292
leaf_weight=45 102 191 1672 36 247 181 111 104 22 30 149 19 19 81
leaf_count=45 102 191 1672 36 247 181 111 104 22 30 149 19 19 81
internal_value=-0.00178405 -0.0111348 0.00119089 0.0050339 0.00653271 -0.0153358 -0.0114396 0.0125362 -0.000144543 -0.0158962 -0.0211215 -0.0122308 -0.00928571 0.00272036
internal_weight=3009 726 2283 589 534 535 322 206 1694 211 213 64 55 328
internal_count=3009 726 2283 589 534 535 322 206 1694 211 213 64 55 328
is_linear=0
shrinkage=0.025


Tree=206
num_leaves=15
num_cat=0
split_feature=13 5 4 8 4 5 0 0 0 14 4 13 9 16
split_gain=132.648 57.5988 18.685 19.5442 17.1924 45.4938 29.9916 17.6914 16.7061 13.2231 16.2071 24.9223 14.7805 14.4313
threshold=1.0000000180025095e-35 5.5000000000000009 10.500000000000002 1.0000000180025095e-35 10.500000000000002 18.500000000000004 50.500000000000007 4.5000000000000009 99.500000000000014 12.500000000000002 22.500000000000004 10.500000000000002 180.50000000000003 44.500000000000007
decision_type=2 2 2 2 2 2 2 2 2 2 2 2 2 2
left_child=1 2 -1 -4 5 -2 7 -7 -8 10 11 -6 -11 -12
right_child=4 -3 3 -5 9 6 8 -9 -10 12 13 -13 -14 -15
leaf_value=-0.0035216440569139462 8.8936071565440264e-05 7.0783397042628596e-05 -0.0034160335352454371 -0.0033290578102510796 0.0043934824516300708 0.11080492893428993 0.0044377264453669962 -0.011632011485123961 0.095671899880002798 0.067913081321352833 -0.0013314270674719131 -0.11998457707100885 -0.080912685722756103 0.17405628118677088
leaf_weight=213 271 191 211 111 195 27 237 195 45 310 313 342 100 248
leaf_count=213 271 191 211 111 195 27 237 195 45 310 313 342 100 248
internal_value=-0.00183389 -0.0111348 -0.0153358 -0.0114396 0.00112522 0.00414948 -0.000287129 -0.00715247 0.00510601 -0.000427435 -0.00186078 -0.00496283 0.00339416 0.0011032
internal_weight=3009 726 535 322 2283 775 504 222 282 1508 1098 537 410 561
internal_count=3009 726 535 322 2283 775 504 222 282 1508 1098 537 410 561
is_linear=0
shrinkage=0.025


Tree=207
num_leaves=15
num_cat=0
split_feature=9 8 4 4 6 9 4 4 9 14 4 9 9 4
split_gain=117.145 45.2026 22.3631 26.9426 19.1172 18.4574 31.1038 14.973 13.3527 12.5565 8.85519 9.21937 8.75112 24.989
threshold=1.0000000180025095e-35 1.0000000180025095e-35 10.500000000000002 4.5000000000000009 1.5000000000000002 2.5000000000000004 10.500000000000002 22.500000000000004 1105.0000000000002 1.5000000000000002 5.5000000000000009 1.5000000000000002 175.50000000000003 4.5000000000000009
decision_type=2 2 2 2 2 2 2 2 2 2 2 2 2 2
left_child=1 4 3 -3 9 6 10 -6 12 -1 11 -2 -7 -14
right_child=5 2 -4 -5 7 8 -8 -9 -10 -11 -12 -13 13 -15
leaf_value=-0.0034336029554910977 -0.00034916345820010242 0.00027206676226531663 -0.00035212397308764245 -0.0017538565721099569 -0.0097933116820351166 0.00041159834895210246 7.9240093459451163e-05 0.11382695535785564 3.4863394642416896 0.0059835218725501132 8.3519464961256953e-05 0.00037312000850099337 1.2283197317663934 -0.049497639272414067
leaf_weight=312 19 28 278 58 41 1576 139 18 22 19 60 18 47 374
leaf_count=312 19 28 278 58 41 1576 139 18 22 19 60 18 47 374
internal_value=-0.00166777 -0.0101921 -0.00382192 -0.0148851 -0.0160997 0.00118351 0.00778481 -0.00283333 0.000405941 -0.0184337 0.0185714 0.00842105 0.000185185 -0.00300948
internal_weight=3009 754 364 86 390 2255 236 59 2019 331 97 37 1997 421
internal_count=3009 754 364 86 390 2255 236 59 2019 331 97 37 1997 421
is_linear=0
shrinkage=0.025


Tree=208
num_leaves=15
num_cat=0
split_feature=13 5 4 8 13 9 4 5 9 6 4 8 2 14
split_gain=134.957 57.0042 18.8274 22.0183 17.7418 20.3355 19.4151 15.1699 13.965 9.62872 9.22797 12.0629 7.97547 7.88869
threshold=1.0000000180025095e-35 2.5000000000000004 10.500000000000002 3.5000000000000004 10.500000000000002 10.500000000000002 10.500000000000002 2.5000000000000004 1105.0000000000002 1.0000000180025095e-35 4.5000000000000009 1.5000000000000002 1.0000000180025095e-35 1.0000000180025095e-35
decision_type=2 2 2 2 2 2 2 2 2 2 2 2 2 2
left_child=1 2 10 9 5 6 7 -2 -6 -4 11 -1 -7 -3
right_child=4 13 3 -5 8 12 -8 -9 -10 -11 -12 -13 -14 -15
leaf_value=-0.0033477628816038201 8.3486163125726109e-05 -0.007323478747948118 -0.0032447926229770235 0.0023825973553639581 -0.0010490341961961747 -0.056335242463673288 0.001859876164688594 1.1766126173440306e-05 3.3991809776356465 -0.0014616461354562738 -0.0033477628816038201 0.00026526509320868376 0.10752879250539815 0.0060354509797764027
leaf_weight=44 102 43 195 78 1672 36 328 104 22 31 148 19 19 168
leaf_count=44 102 43 195 78 1672 36 328 104 22 31 148 19 19 168
internal_value=-0.00168439 -0.011066 -0.0155426 -0.011459 0.00130035 0.0050339 0.00653271 0.0125362 0 -0.0153965 -0.0213208 -0.0128125 -0.00928571 -9.43396e-05
internal_weight=3009 726 515 304 2283 589 534 206 1694 226 211 63 55 211
internal_count=3009 726 515 304 2283 589 534 206 1694 226 211 63 55 211
is_linear=0
shrinkage=0.025


Tree=209
num_leaves=15
num_cat=0
split_feature=13 5 4 8 13 9 4 5 9 6 4 8 10 2
split_gain=139.568 52.0879 18.685 19.5442 15.995 19.6224 21.2871 15.1699 13.965 11.2923 10.4165 11.1614 8.08665 7.97547
threshold=1.0000000180025095e-35 5.5000000000000009 10.500000000000002 1.0000000180025095e-35 10.500000000000002 10.500000000000002 10.500000000000002 2.5000000000000004 1105.0000000000002 1.0000000180025095e-35 4.5000000000000009 1.5000000000000002 3.5000000000000004 1.0000000180025095e-35
decision_type=2 2 2 2 2 2 2 2 2 2 2 2 2 2
left_child=1 2 10 9 5 6 7 -2 -6 -4 11 -1 -3 -7
right_child=4 12 3 -5 8 13 -8 -9 -10 -11 -12 -13 -14 -15
leaf_value=-0.0032640688095637244 8.1399009047583576e-05 -0.011514606212787413 -0.0031636728074025977 -0.0032458681001394374 -0.0010228083412912703 -0.054926861402081452 0.0018133792605713808 1.1471973019094861e-05 3.3142014531947552 -0.0014251049820698692 -0.0032640688095637244 0.00025863346587846664 0.023194550969593733 0.1048405726927632
leaf_weight=45 102 43 181 111 1672 36 328 104 22 30 149 19 148 19
leaf_count=45 102 43 181 111 1672 36 328 104 22 30 149 19 148 19
internal_value=-0.00180066 -0.0113411 -0.0153358 -0.0114396 0.00123468 0.00477966 0.00625234 0.0125362 0 -0.0158962 -0.0211215 -0.0122308 -0.000104167 -0.00928571
internal_weight=3009 726 535 322 2283 589 534 206 1694 211 213 64 191 55
internal_count=3009 726 535 322 2283 589 534 206 1694 211 213 64 191 55
is_linear=0
shrinkage=0.025


Tree=210
num_leaves=15
num_cat=0
split_feature=13 5 4 8 13 9 4 5 9 6 4 8 6 10
split_gain=132.04 53.8606 20.1556 21.3097 15.995 19.6224 21.2871 15.1699 13.965 10.1446 9.22797 12.0629 7.86273 7.73433
threshold=1.0000000180025095e-35 2.5000000000000004 10.500000000000002 1.0000000180025095e-35 10.500000000000002 10.500000000000002 10.500000000000002 2.5000000000000004 1105.0000000000002 1.0000000180025095e-35 4.5000000000000009 1.5000000000000002 2.5000000000000004 309.00000000000006
decision_type=2 2 2 2 2 2 2 2 2 2 2 2 2 2
left_child=1 2 10 9 5 6 7 -2 -6 -4 11 -1 -8 -3
right_child=4 13 3 -5 8 -7 12 -9 -10 -11 -12 -13 -14 -15
leaf_value=-0.003182467089324631 7.9364033821394125e-05 -0.0044626427772988288 -0.0030845809872175329 -0.0031647213976359503 -0.00099723813275902633 -0.052598042239011988 0.00090130312311085268 1.1185173693628593e-05 3.2313464168648864 -0.0013894773575181209 -0.003182467089324631 0.00025216762923150493 0.02069186301044933 2.3516509206520908
leaf_weight=44 102 191 175 101 1672 55 279 104 22 28 148 19 49 20
leaf_count=44 102 191 175 101 1672 55 279 104 22 28 148 19 49 20
internal_value=-0.00171761 -0.0109972 -0.0153488 -0.0111311 0.00123468 0.00477966 0.00625234 0.0125362 0 -0.0157843 -0.0213208 -0.0128125 0.00226444 -0.000330189
internal_weight=3009 726 515 304 2283 589 534 206 1694 203 211 63 328 211
internal_count=3009 726 515 304 2283 589 534 206 1694 203 211 63 328 211
is_linear=0
shrinkage=0.025


Tree=211
num_leaves=15
num_cat=0
split_feature=13 5 8 13 9 9 6 5 13 10 16 2 11 9
split_gain=130.559 55.5999 20.8674 15.995 19.6224 13.965 13.5619 9.85642 14.8662 9.32145 8.03972 7.97547 7.95697 7.45717
threshold=1.0000000180025095e-35 5.5000000000000009 1.0000000180025095e-35 10.500000000000002 10.500000000000002 1105.0000000000002 1.0000000180025095e-35 4.5000000000000009 6.5000000000000009 7.5000000000000009 1.0000000180025095e-35 1.0000000180025095e-35 3.5000000000000004 216.00000000000003
decision_type=2 2 2 2 2 2 2 2 2 2 2 2 2 2
left_child=1 2 6 4 7 13 -1 -2 -9 12 -8 -6 -4 -5
right_child=3 -3 9 5 11 -7 10 8 -10 -11 -12 -13 -14 -15
leaf_value=-0.0031029054120915154 7.9093167916247106e-05 0.00030726880365052891 -0.0064667342115221392 0.0018248590646266828 -0.05223873881105412 3.1505627564432643 0.00036433841345113571 -0.00062853943569796122 0.00040108196327728331 -0.0014651526882949037 -0.012305346712722378 0.10353450943141942 0.00024586343850071732 -0.029368744925207579
leaf_weight=302 289 191 61 1346 36 22 21 111 134 98 23 19 30 326
leaf_count=302 289 191 61 1346 36 22 21 111 134 98 23 19 30 326
internal_value=-0.001701 -0.0109285 -0.015056 0.00123468 0.00477966 0 -0.0187176 0.00625234 0.00252033 -0.00826316 -0.00544444 -0.00928571 -0.0023913 -0.000265989
internal_weight=3009 726 535 2283 589 1694 346 534 245 189 44 55 91 1672
internal_count=3009 726 535 2283 589 1694 346 534 245 189 44 55 91 1672
is_linear=0
shrinkage=0.025


Tree=212
num_leaves=15
num_cat=0
split_feature=13 5 4 11 13 4 4 9 4 6 9 4 13 13
split_gain=127.756 55.5999 20.5995 17.2449 16.1928 20.8063 18.9826 13.5259 10.4165 10.2965 8.70926 21.1087 13.3741 8.0552
threshold=1.0000000180025095e-35 5.5000000000000009 10.500000000000002 1.0000000180025095e-35 4.5000000000000009 10.500000000000002 5.5000000000000009 1105.0000000000002 4.5000000000000009 1.0000000180025095e-35 175.50000000000003 3.5000000000000004 133.50000000000003 1.5000000000000002
decision_type=2 2 2 2 2 2 2 2 2 2 2 2 2 2
left_child=1 2 8 9 5 6 13 10 -1 -4 12 -12 -6 -2
right_child=4 -3 3 -5 7 -7 -8 -9 -10 -11 11 -13 -14 -15
leaf_value=-0.0030253327767892275 -0.00096085459221696983 0.00029958708355926067 -0.0029298938272348065 -0.0031585729510187122 3.1052446427537464e-07 0.001438006619391304 7.3347918989455363e-05 3.071798687532183 -0.0030253327767892275 -0.0013638488839164465 1.4651709963381201 -0.042339565585092491 0.11148394757256633 0.00035570844894068925
leaf_weight=64 23 191 194 93 1403 187 60 22 149 35 31 371 160 26
leaf_count=64 23 191 194 93 1403 187 60 22 149 35 31 371 160 26
internal_value=-0.00180066 -0.0109285 -0.015056 -0.0109752 0.00110333 0.00654882 0.0151818 0.00028672 -0.0211215 -0.0146522 6.10376e-05 -0.0032134 0.000907928 0.0034
internal_weight=3009 726 535 322 2283 296 109 1987 213 229 1965 402 1563 49
internal_count=3009 726 535 322 2283 296 109 1987 213 229 1965 402 1563 49
is_linear=0
shrinkage=0.025


Tree=213
num_leaves=15
num_cat=0
split_feature=13 5 4 11 4 5 0 0 14 13 12 9 13 4
split_gain=129.087 54.9415 21.2573 18.7418 15.9727 39.552 26.609 22.9672 12.2417 15.2578 12.5233 11.147 10.4466 10.4165
threshold=1.0000000180025095e-35 5.5000000000000009 10.500000000000002 1.0000000180025095e-35 10.500000000000002 2.5000000000000004 99.500000000000014 4.5000000000000009 20.500000000000004 56.500000000000007 42.500000000000007 11.500000000000002 179.50000000000003 4.5000000000000009
decision_type=2 2 2 2 2 2 2 2 2 2 2 2 2 2
left_child=1 2 13 -4 5 -2 7 -7 10 -10 11 -6 -12 -1
right_child=4 -3 3 -5 8 6 -8 -9 9 -11 12 -13 -14 -15
leaf_value=-0.0029496994573694969 7.4073270958613382e-05 0.00029209740647027086 -0.0028566464815539365 -0.0030796086272433243 0.00043031034663012504 0.10805561352923761 0.022145909969216861 -0.00016905911840652267 0.12213910347582929 0.0019864032143384947 0.041779837865371386 -0.059493886884378892 -0.29554345180655733 -0.0029496994573694969
leaf_weight=64 123 191 229 93 374 27 61 564 119 256 184 499 76 149
leaf_count=64 123 191 229 93 374 27 61 564 119 256 184 499 76 149
internal_value=-0.00168439 -0.0108597 -0.0149627 -0.0108204 0.00123468 0.00414948 0.00167688 3.37838e-05 -0.000261763 0.00364362 -0.00156085 -0.00299771 0.00323755 -0.0211215
internal_weight=3009 726 535 322 2283 775 652 591 1508 375 1133 873 260 213
internal_count=3009 726 535 322 2283 775 652 591 1508 375 1133 873 260 213
is_linear=0
shrinkage=0.025


Tree=214
num_leaves=15
num_cat=0
split_feature=13 5 8 4 6 4 13 4 4 9 9 4 15 10
split_gain=120.236 53.6364 20.7826 20.1629 18.1187 17.3655 16.1056 19.4479 20.9113 13.7405 7.97878 17.7722 14.0679 6.77931
threshold=1.0000000180025095e-35 5.5000000000000009 1.0000000180025095e-35 10.500000000000002 1.0000000180025095e-35 4.5000000000000009 4.5000000000000009 10.500000000000002 5.5000000000000009 1105.0000000000002 216.00000000000003 3.5000000000000004 205.00000000000003 309.00000000000006
decision_type=2 2 2 2 2 2 2 2 2 2 2 2 2 2
left_child=1 2 4 5 -1 -4 7 8 -2 10 12 -12 -8 -3
right_child=6 13 3 -5 -6 -7 9 -9 -10 -11 11 -13 -14 -15
leaf_value=-0.0028759569709352595 0.00011972199704773368 -0.0010832113360855036 0.00038909265839216751 -0.0027792714996872749 -0.0018627955542065491 -0.0012791480652335628 4.5292393128448799e-06 0.0013912986952407684 6.9662389240751635e-05 2.995007946821838 2.1796287258227891 -0.046386537033129116 0.60096771745626831 2.2928371738034472
leaf_weight=302 49 171 20 111 44 58 1592 187 60 22 25 301 47 20
leaf_count=302 49 171 20 111 44 58 1592 187 60 22 25 301 47 20
internal_value=-0.00186711 -0.0107221 -0.0147761 -0.008 -0.0184294 -0.0176582 0.000950088 0.00638047 0.0147273 0.000135815 -8.647e-05 -0.00365443 0.000621951 0.000625
internal_weight=3009 726 535 189 346 78 2283 296 109 1987 1965 326 1639 191
internal_count=3009 726 535 189 346 78 2283 296 109 1987 1965 326 1639 191
is_linear=0
shrinkage=0.025


Tree=215
num_leaves=15
num_cat=0
split_feature=13 5 4 11 13 4 4 9 4 6 9 4 11 10
split_gain=118.888 53.6364 19.3314 18.7418 16.4988 19.4479 20.9113 13.8474 13.4329 10.2965 7.64238 17.7722 11.9222 6.77931
threshold=1.0000000180025095e-35 5.5000000000000009 10.500000000000002 1.0000000180025095e-35 4.5000000000000009 10.500000000000002 5.5000000000000009 1105.0000000000002 4.5000000000000009 1.0000000180025095e-35 216.00000000000003 3.5000000000000004 205.00000000000003 309.00000000000006
decision_type=2 2 2 2 2 2 2 2 2 2 2 2 2 2
left_child=1 2 8 9 5 6 -2 10 -1 -4 12 -12 -6 -3
right_child=4 13 3 -5 7 -7 -8 -9 -10 -11 11 -13 -14 -15
leaf_value=-0.0028040580466618778 0.00011672894712154159 -0.001056131052683366 -0.0027133313952417064 -0.0029331366240699097 3.7818534588840437e-06 0.0013565162278597492 6.7920829509732225e-05 2.9201327481512922 -0.0028040580466618778 -0.0012117666109245197 2.1251380076772195 -0.045226873607299468 0.71698206455818225 2.2355162444583612
leaf_weight=64 49 171 194 93 1595 187 60 22 149 35 25 301 44 20
leaf_count=64 49 171 194 93 1595 187 60 22 149 35 25 301 44 20
internal_value=-0.00191694 -0.0107221 -0.0147761 -0.0108204 0.000884413 0.00638047 0.0147273 6.03622e-05 -0.0206542 -0.0146522 -0.000162767 -0.00365443 0.000530488 0.000625
internal_weight=3009 726 535 322 2283 296 109 1987 213 229 1965 326 1639 191
internal_count=3009 726 535 322 2283 296 109 1987 213 229 1965 326 1639 191
is_linear=0
shrinkage=0.025


Tree=216
num_leaves=15
num_cat=0
split_feature=13 5 8 4 6 4 13 4 4 13 9 10 4 13
split_gain=117.993 53.6364 20.7826 20.1629 18.1187 17.3655 16.7635 19.4479 20.9113 9.19669 9.93556 6.77931 6.76897 6.6229
threshold=1.0000000180025095e-35 5.5000000000000009 1.0000000180025095e-35 10.500000000000002 1.0000000180025095e-35 4.5000000000000009 4.5000000000000009 10.500000000000002 5.5000000000000009 857.50000000000011 640.50000000000011 309.00000000000006 16.500000000000004 1.5000000000000002
decision_type=2 2 2 2 2 2 2 2 2 2 2 2 2 2
left_child=1 2 4 5 -1 -4 7 8 13 10 -8 -3 -6 -2
right_child=6 11 3 -5 12 -7 9 -9 -10 -11 -12 -13 -14 -15
leaf_value=-0.0027339565954953311 -0.00094885906777955056 -0.0010297277763662818 0.00044946679309891026 -0.0026419564273140518 -0.010389174316980587 -0.0011770679124361767 -4.3999355724877455e-05 0.0013226033221632556 6.6222808771990166e-05 2.8471294294475089 -0.090305240422466682 2.1796283383469017 0.00059174979255757158 0.00033905263233897643
leaf_weight=302 23 171 20 111 22 58 1926 187 60 34 27 20 22 26
leaf_count=302 23 171 20 111 22 58 1926 187 60 34 27 20 22 26
internal_value=-0.00195017 -0.0107221 -0.0147761 -0.008 -0.0184294 -0.0176582 0.00084063 0.00638047 0.0147273 1.00604e-05 -0.000214944 0.000625 -0.00322222 0.0024
internal_weight=3009 726 535 189 346 78 2283 296 109 1987 1953 191 44 49
internal_count=3009 726 535 189 346 78 2283 296 109 1987 1953 191 44 49
is_linear=0
shrinkage=0.025


Tree=217
num_leaves=15
num_cat=0
split_feature=13 5 8 4 6 4 13 4 4 13 9 10 4 13
split_gain=117.993 53.6364 20.7826 20.1629 18.1187 17.3655 16.7635 19.4479 20.9113 9.19669 9.93556 6.77931 6.76897 6.6229
threshold=1.0000000180025095e-35 5.5000000000000009 1.0000000180025095e-35 10.500000000000002 1.0000000180025095e-35 4.5000000000000009 4.5000000000000009 10.500000000000002 5.5000000000000009 857.50000000000011 640.50000000000011 309.00000000000006 16.500000000000004 1.5000000000000002
decision_type=2 2 2 2 2 2 2 2 2 2 2 2 2 2
left_child=1 2 4 5 -1 -4 7 8 13 10 -8 -3 -6 -2
right_child=6 11 3 -5 12 -7 9 -9 -10 -11 -12 -13 -14 -15
leaf_value=-0.0026656076806079476 -0.00092513759108506233 -0.0010039845819571247 0.00043823012327143756 -0.0025759075166311984 -0.010129444959056072 -0.0011476412146252722 -4.2899371831750527e-05 0.0012895382391091741 6.4567238552690195e-05 2.7759511937113217 -0.088047609411904662 2.1251376298882292 0.00057695604774363229 0.00033057631653050093
leaf_weight=302 23 171 20 111 22 58 1926 187 60 34 27 20 22 26
leaf_count=302 23 171 20 111 22 58 1926 187 60 34 27 20 22 26
internal_value=-0.00195017 -0.0107221 -0.0147761 -0.008 -0.0184294 -0.0176582 0.00084063 0.00638047 0.0147273 1.00604e-05 -0.000214944 0.000625 -0.00322222 0.0024
internal_weight=3009 726 535 189 346 78 2283 296 109 1987 1953 191 44 49
internal_count=3009 726 535 189 346 78 2283 296 109 1987 1953 191 44 49
is_linear=0
shrinkage=0.025


Tree=218
num_leaves=15
num_cat=0
split_feature=13 5 8 6 13 5 11 6 9 9 11 15 10 1
split_gain=117.102 53.6364 20.7826 18.1187 17.0291 15.3656 9.8658 9.1232 8.41962 7.42216 8.20664 7.0164 6.77931 5.47341
threshold=1.0000000180025095e-35 5.5000000000000009 1.0000000180025095e-35 1.0000000180025095e-35 4.5000000000000009 2.5000000000000004 1.0000000180025095e-35 9.5000000000000018 1105.0000000000002 216.00000000000003 205.00000000000003 252.50000000000003 309.00000000000006 -1.0000000180025095e-35
decision_type=2 2 2 2 2 2 2 2 2 2 2 2 2 2
left_child=1 2 3 -1 5 6 -2 -4 9 10 -6 -11 -3 -9
right_child=4 12 7 -5 8 -7 -8 13 -10 11 -12 -13 -14 -15
leaf_value=-0.0025989674885927489 6.5641897248525102e-05 -0.00097888496740819648 -0.0016341951947527735 -0.0015440575821315796 5.8597753113343037e-06 -0.0015803357366173333 -0.010917235442807561 -0.0017616345808836198 2.7065524138685393 -0.037501221539156408 0.69905968541241637 0.37130670118441178 2.0720091891410237 -0.0011189501842596404
leaf_weight=302 193 171 114 44 1595 69 34 38 22 232 44 94 20 37
leaf_count=302 193 171 114 44 1595 69 34 38 22 232 44 94 20 37
internal_value=-0.00198339 -0.0107221 -0.0147761 -0.0184294 0.000796848 0.00638047 0.00951754 -0.008 -3.52113e-05 -0.000213632 0.000469512 -0.00365443 0.000625 -0.0147368
internal_weight=3009 726 535 346 2283 296 227 189 1987 1965 1639 326 191 75
internal_count=3009 726 535 346 2283 296 227 189 1987 1965 1639 326 191 75
is_linear=0
shrinkage=0.025


Tree=219
num_leaves=15
num_cat=0
split_feature=13 14 4 6 13 4 4 4 16 9 13 9 4 16
split_gain=118.376 51.5534 30.2968 29.723 16.2361 19.4479 20.9113 12.6663 10.5666 8.25277 6.6229 5.87109 5.23858 11.5981
threshold=1.0000000180025095e-35 1.0000000180025095e-35 10.500000000000002 1.0000000180025095e-35 4.5000000000000009 10.500000000000002 5.5000000000000009 25.500000000000004 14.500000000000002 1105.0000000000002 1.5000000000000002 674.00000000000011 25.500000000000004 9.5000000000000018
decision_type=2 2 2 2 2 2 2 2 2 2 2 2 2 2
left_child=1 3 -3 7 5 6 10 -1 -5 11 -2 -6 13 -7
right_child=4 2 -4 8 9 12 -8 -9 -10 -11 -12 -13 -14 -15
leaf_value=-0.0025339933013779304 -0.00086250075789250373 -0.0010909764296531492 0.00060982264305729089 0.0027995894364603643 5.7132809285542766e-06 0.0032503171514889186 6.1312010157660302e-05 -0.0024455348162432632 -0.011180098977574434 2.6388886035218264 0.00059524279468742844 -0.095129086706216989 -0.018081972182875057 -0.012391643212161964
leaf_weight=328 23 56 248 42 1938 116 60 34 18 22 26 27 45 26
leaf_count=328 23 56 248 42 1938 116 60 34 18 22 26 27 45 26
internal_value=-0.00186711 -0.0106534 -0.00277049 -0.0163002 0.000928196 0.00638047 0.0147273 -0.0189945 0 0.000110664 0.0024 -6.10376e-05 0.00143617 0.00381119
internal_weight=3009 726 304 422 2283 296 109 362 60 1987 49 1965 187 142
internal_count=3009 726 304 422 2283 296 109 362 60 1987 49 1965 187 142
is_linear=0
shrinkage=0.025


Tree=220
num_leaves=15
num_cat=0
split_feature=9 8 4 4 9 4 6 14 4 9 9 4 0 12
split_gain=107.77 43.3319 22.3631 26.9426 21.6291 27.0708 21.0673 12.0397 10.5437 8.36168 7.34568 6.80726 6.51355 6.23889
threshold=1.0000000180025095e-35 1.0000000180025095e-35 10.500000000000002 4.5000000000000009 2.5000000000000004 10.500000000000002 2.5000000000000004 1.5000000000000002 5.5000000000000009 1105.0000000000002 1.5000000000000002 16.500000000000004 38.500000000000007 1.0000000180025095e-35
decision_type=2 2 2 2 2 2 2 2 2 2 2 2 2 2
left_child=1 6 3 -3 5 8 7 -1 10 -6 -2 -8 -7 -4
right_child=4 2 13 -5 9 12 11 -9 -10 -11 -12 -13 -14 -15
leaf_value=-0.0024706434688434821 -0.00026548828367793377 0.00049540366079979981 -0.018714469983554922 -0.0010637020189118206 -9.3785815845226497e-05 0.0070750561214379315 -0.0076373571364939628 0.0066347322288512261 5.9779209903718103e-05 2.5729163884337796 0.00058036172482024424 0.010493028863959654 -0.00073341974816711346 0.0062639130219604329
leaf_weight=322 19 28 22 58 1997 55 24 19 60 22 18 25 84 256
leaf_count=322 19 28 22 58 1997 55 24 19 60 22 18 25 84 256
internal_value=-0.00188372 -0.0100596 -0.00382192 -0.0148851 0.000851064 0.00799578 -0.015844 -0.0180409 0.0180612 9.90099e-06 0.00710526 -0.0004 0.000857143 -0.000340502
internal_weight=3009 754 364 86 2255 236 390 341 97 2019 37 49 139 278
internal_count=3009 754 364 86 2255 236 390 341 97 2019 37 49 139 278
is_linear=0
shrinkage=0.025


Tree=221
num_leaves=15
num_cat=0
split_feature=13 14 6 4 13 4 4 4 16 9 13 9 4 16
split_gain=119.786 50.2997 29.723 29.6991 16.2361 19.4479 20.9113 12.6663 10.5666 8.25277 6.6229 5.87109 5.23858 11.5981
threshold=1.0000000180025095e-35 1.0000000180025095e-35 1.0000000180025095e-35 10.500000000000002 4.5000000000000009 10.500000000000002 5.5000000000000009 25.500000000000004 14.500000000000002 1105.0000000000002 1.5000000000000002 674.00000000000011 25.500000000000004 9.5000000000000018
decision_type=2 2 2 2 2 2 2 2 2 2 2 2 2 2
left_child=1 2 7 -3 5 6 10 -1 -4 11 -2 -6 13 -7
right_child=4 3 8 -5 9 12 -8 -9 -10 -11 -12 -13 -14 -15
leaf_value=-0.0024088773821223947 -0.00083430103185324624 -0.001037109468439025 0.0025996091624474246 0.00047969536962442355 7.9150943014694174e-06 0.002992182819665751 5.8284729656124529e-05 -0.0023226303591160945 -0.010709662574722724 2.5085934787229349 0.00056585268169973555 -0.092748514893165185 -0.017806799281339127 -0.012150983297780339
leaf_weight=328 23 56 42 248 1938 116 60 34 18 22 26 27 45 26
leaf_count=328 23 56 42 248 1938 116 60 34 18 22 26 27 45 26
internal_value=-0.00188372 -0.0107221 -0.0163002 -0.00293443 0.000928196 0.00638047 0.0147273 -0.0189945 0 0.000110664 0.0024 -6.10376e-05 0.00143617 0.00381119
internal_weight=3009 726 422 304 2283 296 109 362 60 1987 49 1965 187 142
internal_count=3009 726 422 304 2283 296 109 362 60 1987 49 1965 187 142
is_linear=0
shrinkage=0.025


Tree=222
num_leaves=15
num_cat=0
split_feature=13 5 8 4 4 13 4 4 9 14 10 0 9 4
split_gain=117.419 57.3288 20.7826 20.1629 17.3655 17.1202 20.8063 18.9826 8.25277 6.66341 6.27272 5.96573 5.87109 5.23858
threshold=1.0000000180025095e-35 5.5000000000000009 1.0000000180025095e-35 10.500000000000002 4.5000000000000009 4.5000000000000009 10.500000000000002 5.5000000000000009 1105.0000000000002 1.0000000180025095e-35 309.00000000000006 44.500000000000007 674.00000000000011 25.500000000000004
decision_type=2 2 2 2 2 2 2 2 2 2 2 2 2 2
left_child=1 2 9 4 -4 6 7 11 12 -1 -3 -2 -7 -8
right_child=5 10 3 -5 -6 8 13 -9 -10 -11 -12 -13 -14 -15
leaf_value=-0.0023486554475693352 0.00055170636465723952 -0.00076907498941439657 0.00050894630599078049 -0.002503681007308101 -0.0010111817317280493 7.7172169439254645e-06 0.0015677537817758243 5.6827611414722592e-05 2.4458786417548595 -0.01101236311825924 2.0200251236366329 -0.0015377131647114101 -0.090429802020835837 -0.01736162929930565
leaf_weight=327 31 171 20 111 58 1938 142 60 22 19 20 18 27 45
leaf_count=327 31 171 20 111 58 1938 142 60 22 19 20 18 27 45
internal_value=-0.00183389 -0.0105846 -0.0147761 -0.008 -0.0176582 0.000950088 0.00654882 0.0151818 0.000110664 -0.0184294 0.00114583 0.0034 -6.10376e-05 0.00143617
internal_weight=3009 726 535 189 78 2283 296 109 1987 346 191 49 1965 187
internal_count=3009 726 535 189 78 2283 296 109 1987 346 191 49 1965 187
is_linear=0
shrinkage=0.025


Tree=223
num_leaves=15
num_cat=0
split_feature=9 8 4 4 9 4 5 4 9 9 7 0 12 16
split_gain=105.169 41.5006 22.3631 26.9426 21.6291 27.0708 11.7432 10.5437 8.36168 7.34568 7.34279 6.51355 6.23889 10.9428
threshold=1.0000000180025095e-35 1.0000000180025095e-35 10.500000000000002 4.5000000000000009 2.5000000000000004 10.500000000000002 3.5000000000000004 5.5000000000000009 1105.0000000000002 1.5000000000000002 1.0000000180025095e-35 38.500000000000007 1.0000000180025095e-35 1.5000000000000002
decision_type=2 2 2 2 2 2 2 2 2 2 2 2 2 2
left_child=1 6 3 -3 5 7 10 9 -6 -2 -1 -7 -4 -14
right_child=4 2 12 -5 8 11 -8 -9 -10 -11 -12 -13 13 -15
leaf_value=-0.0022899390613801015 -0.00021872837113567911 0.00049622264834101092 -0.018159901433627123 -0.00098590218843484833 -9.1831978230239036e-05 0.0067841813033659437 3.9486752251960045e-05 5.5406921129355637e-05 2.3847316757109867 0.00053791370554081013 -0.0014316727708369066 -0.00082908266949897067 0.024889395640951096 -0.017039669982303524
leaf_weight=339 19 28 22 58 1997 55 25 60 22 18 26 84 56 200
leaf_count=339 19 28 22 58 1997 55 25 60 22 18 26 84 56 200
internal_value=-0.0018505 -0.00992715 -0.00382192 -0.0148851 0.000851064 0.00799578 -0.0155882 0.0180612 9.90099e-06 0.00710526 -0.0167213 0.000857143 -0.000340502 0.000758755
internal_weight=3009 754 364 86 2255 236 390 97 2019 37 365 139 278 256
internal_count=3009 754 364 86 2255 236 390 97 2019 37 365 139 278 256
is_linear=0
shrinkage=0.025


Tree=224
num_leaves=15
num_cat=0
split_feature=13 5 8 4 6 4 13 4 4 9 4 13 10 9
split_gain=116.974 57.3288 20.7826 20.1629 18.1187 17.3655 16.2361 19.4479 20.9113 8.25277 6.76897 6.6229 6.27272 5.87109
threshold=1.0000000180025095e-35 5.5000000000000009 1.0000000180025095e-35 10.500000000000002 1.0000000180025095e-35 4.5000000000000009 4.5000000000000009 10.500000000000002 5.5000000000000009 1105.0000000000002 16.500000000000004 1.5000000000000002 309.00000000000006 674.00000000000011
decision_type=2 2 2 2 2 2 2 2 2 2 2 2 2 2
left_child=1 2 4 5 -1 -4 7 8 11 13 -6 -2 -3 -8
right_child=6 12 3 -5 10 -7 9 -9 -10 -11 -12 -13 -14 -15
leaf_value=-0.0022326905848455993 -0.00082176795589495319 -0.00075083528348533573 0.00048381708213248565 -0.0023805727464734972 -0.0093245765674729291 -0.00096125463372397709 9.8200859760977376e-06 0.0011406143931652678 5.4021748101121263e-05 2.3251133838182114 0.00050978916658384391 0.00052446586290229031 1.9699504872952744 -0.088166761170859337
leaf_weight=302 23 171 20 111 22 58 1938 187 60 22 22 26 20 27
leaf_count=302 23 171 20 111 22 58 1938 187 60 22 22 26 20 27
internal_value=-0.0018505 -0.0105846 -0.0147761 -0.008 -0.0184294 -0.0176582 0.000928196 0.00638047 0.0147273 0.000110664 -0.00322222 0.0024 0.00114583 -6.10376e-05
internal_weight=3009 726 535 189 346 78 2283 296 109 1987 44 49 191 1965
internal_count=3009 726 535 189 346 78 2283 296 109 1987 44 49 191 1965
is_linear=0
shrinkage=0.025


Tree=225
num_leaves=15
num_cat=0
split_feature=13 5 13 5 11 6 16 1 11 14 9 10 9 16
split_gain=117.419 57.3288 17.1202 15.8716 12.2262 20.4357 10.3769 10.3029 10.2182 8.43565 8.25277 6.27272 5.87109 5.66535
threshold=1.0000000180025095e-35 5.5000000000000009 4.5000000000000009 2.5000000000000004 1.0000000180025095e-35 1.0000000180025095e-35 18.500000000000004 -1.0000000180025095e-35 1.0000000180025095e-35 1.0000000180025095e-35 1105.0000000000002 309.00000000000006 674.00000000000011 1.0000000180025095e-35
decision_type=2 2 2 2 2 2 2 2 2 2 2 2 2 2
left_child=1 4 3 8 5 9 13 -8 -2 -1 12 -3 -4 -6
right_child=2 11 10 -5 6 -7 7 -9 -10 -11 -12 -13 -14 -15
leaf_value=-0.0021768733202244591 5.5230254342489295e-05 -0.00073206440139820237 9.5745838266880781e-06 -0.0010594994650344025 -0.0069902731050968635 -0.0011635390540616908 -0.00059611352560329288 -0.00093722326788087769 -0.0094952690850677261 -0.0087553217260222856 2.2669855492227557 1.9207017251128933 -0.085962592141586927 0.025431407709660181
leaf_weight=312 193 171 1938 69 32 51 59 36 34 18 22 20 27 27
leaf_count=312 193 171 1938 69 32 51 59 36 34 18 22 20 27 27
internal_value=-0.00183389 -0.0105846 0.000950088 0.00654882 -0.0147761 -0.017199 -0.00867742 -0.01375 0.00973684 -0.0194713 0.000110664 0.00114583 -6.10376e-05 -0.000333333
internal_weight=3009 726 2283 296 535 381 154 95 227 330 1987 191 1965 59
internal_count=3009 726 2283 296 535 381 154 95 227 330 1987 191 1965 59
is_linear=0
shrinkage=0.025


Tree=226
num_leaves=15
num_cat=0
split_feature=13 5 8 4 6 4 13 4 4 13 4 10 4 16
split_gain=118.824 58.0014 19.712 19.069 18.1187 17.3655 17.1202 20.8063 18.9826 8.25277 6.76897 6.27272 5.23858 11.5981
threshold=1.0000000180025095e-35 5.5000000000000009 1.0000000180025095e-35 10.500000000000002 1.0000000180025095e-35 4.5000000000000009 4.5000000000000009 10.500000000000002 5.5000000000000009 1105.0000000000002 16.500000000000004 309.00000000000006 25.500000000000004 9.5000000000000018
decision_type=2 2 2 2 2 2 2 2 2 2 2 2 2 2
left_child=1 2 4 5 -1 -4 7 8 -2 -8 -6 -3 13 -9
right_child=6 11 3 -5 10 -7 9 12 -10 -11 -12 -13 -14 -15
leaf_value=-0.0021224514872188478 1.4989784130048368e-05 -0.00071376279136324723 0.00048662449321925581 -0.0023061555896715549 -0.0090623736769345643 -0.00091379268618385569 -8.6038106463570685e-05 0.0026786837558578692 5.1290448040031134e-05 2.2103109104921885 0.00052613291377079006 1.8726841819850706 -0.017127089215594849 -0.011573558026177766
leaf_weight=302 49 171 20 111 22 58 1965 116 60 22 22 20 45 26
leaf_count=302 49 171 20 111 22 58 1965 116 60 22 22 20 45 26
internal_value=-0.0018505 -0.0106534 -0.0148694 -0.00826316 -0.0184294 -0.0176582 0.000950088 0.00654882 0.0151818 0.000110664 -0.00322222 0.00114583 0.00143617 0.00381119
internal_weight=3009 726 535 189 346 78 2283 296 109 1987 44 191 187 142
internal_count=3009 726 535 189 346 78 2283 296 109 1987 44 191 187 142
is_linear=0
shrinkage=0.025


Tree=227
num_leaves=15
num_cat=0
split_feature=13 5 8 4 6 4 13 4 4 9 4 10 0 9
split_gain=118.824 58.0014 19.712 19.069 18.1187 17.3655 17.1202 20.8063 18.9826 8.25277 6.76897 6.27272 5.96573 5.87109
threshold=1.0000000180025095e-35 5.5000000000000009 1.0000000180025095e-35 10.500000000000002 1.0000000180025095e-35 4.5000000000000009 4.5000000000000009 10.500000000000002 5.5000000000000009 1105.0000000000002 16.500000000000004 309.00000000000006 44.500000000000007 674.00000000000011
decision_type=2 2 2 2 2 2 2 2 2 2 2 2 2 2
left_child=1 2 4 5 -1 -4 7 8 12 13 -6 -3 -2 -8
right_child=6 11 3 -5 10 -7 9 -9 -10 -11 -12 -13 -14 -15
leaf_value=-0.0020693902000383769 0.00074836119885318133 -0.00069591872157916612 0.00047445888088877444 -0.0022485016999297613 -0.0088358143350112002 -0.00089094786902925926 1.1486171892594044e-05 0.0010716194260655494 5.0008186839031747e-05 2.1550531377298854 0.00051297959092652028 1.8258670774354444 -0.0014487313903065653 -0.083811376385384051
leaf_weight=302 31 171 20 111 22 58 1938 187 60 22 22 20 18 27
leaf_count=302 31 171 20 111 22 58 1938 187 60 22 22 20 18 27
internal_value=-0.0018505 -0.0106534 -0.0148694 -0.00826316 -0.0184294 -0.0176582 0.000950088 0.00654882 0.0151818 0.000110664 -0.00322222 0.00114583 0.0034 -6.10376e-05
internal_weight=3009 726 535 189 346 78 2283 296 109 1987 44 191 49 1965
internal_count=3009 726 535 189 346 78 2283 296 109 1987 44 191 49 1965
is_linear=0
shrinkage=0.025


Tree=228
num_leaves=15
num_cat=0
split_feature=13 5 8 4 6 4 13 4 4 9 4 10 9 4
split_gain=117.038 58.0014 19.712 19.069 18.1187 17.3655 13.7245 15.6475 27.2051 8.25277 6.76897 6.27272 5.87109 5.23858
threshold=1.0000000180025095e-35 5.5000000000000009 1.0000000180025095e-35 10.500000000000002 1.0000000180025095e-35 4.5000000000000009 4.5000000000000009 10.500000000000002 5.5000000000000009 1105.0000000000002 16.500000000000004 309.00000000000006 674.00000000000011 25.500000000000004
decision_type=2 2 2 2 2 2 2 2 2 2 2 2 2 2
left_child=1 2 4 5 -1 -4 7 8 -2 12 -6 -3 -8 -9
right_child=6 11 3 -5 10 -7 9 13 -10 -11 -12 -13 -14 -15
leaf_value=-0.0020176554450374172 -4.0939904445314037e-06 -0.00067852075353968698 0.00046259740886655506 -0.002192289157431482 -0.0086149189766359206 -0.00086867417230352773 1.1199017595275862e-05 0.0014256333082331208 4.8757982168057273e-05 2.1011768092866361 0.00050015510115335724 1.7802204004995588 -0.081716091975749805 -0.01672570247085662
leaf_weight=302 49 171 20 111 22 58 1938 142 60 22 22 20 27 45
leaf_count=302 49 171 20 111 22 58 1938 142 60 22 22 20 27 45
internal_value=-0.00191694 -0.0106534 -0.0148694 -0.00826316 -0.0184294 -0.0176582 0.000862522 0.00587542 0.0133636 0.000110664 -0.00322222 0.00114583 -6.10376e-05 0.00143617
internal_weight=3009 726 535 189 346 78 2283 296 109 1987 44 191 1965 187
internal_count=3009 726 535 189 346 78 2283 296 109 1987 44 191 1965 187
is_linear=0
shrinkage=0.025


Tree=229
num_leaves=15
num_cat=0
split_feature=9 8 4 4 6 9 4 4 14 9 4 0 12 16
split_gain=103.876 41.5006 22.3631 26.9426 20.3701 18.3355 22.4548 16.3826 11.6781 8.36168 6.80726 6.51355 6.23889 10.9428
threshold=1.0000000180025095e-35 1.0000000180025095e-35 10.500000000000002 4.5000000000000009 2.5000000000000004 2.5000000000000004 10.500000000000002 5.5000000000000009 1.5000000000000002 1105.0000000000002 16.500000000000004 38.500000000000007 1.0000000180025095e-35 1.5000000000000002
decision_type=2 2 2 2 2 2 2 2 2 2 2 2 2 2
left_child=1 4 3 -3 8 6 7 -2 -1 -7 -6 -8 -4 -14
right_child=5 2 12 -5 10 9 11 -9 -10 -11 -12 -13 13 -15
leaf_value=-0.0019672140589114817 0.00028194700740852844 0.00045103247364489119 -0.017363126587632272 -0.00084695731799593965 -0.0064704180091661569 -8.7803067724023803e-05 0.0064552822423401867 4.7539032613855281e-05 0.0071752406139362519 2.048647389054469 0.010014658675417521 -0.00096765013120310721 0.024034670866403388 -0.016343735098229707
leaf_weight=322 37 28 22 58 24 1997 55 60 19 22 25 84 56 200
leaf_count=322 37 28 22 58 24 1997 55 60 19 22 25 84 56 200
internal_value=-0.00190033 -0.00992715 -0.00382192 -0.0148851 -0.0155882 0.000784574 0.00736287 0.0165306 -0.0177485 9.90099e-06 -0.0004 0.000857143 -0.000340502 0.000758755
internal_weight=3009 754 364 86 390 2255 236 97 341 2019 49 139 278 256
internal_count=3009 754 364 86 390 2255 236 97 341 2019 49 139 278 256
is_linear=0
shrinkage=0.025


Tree=230
num_leaves=15
num_cat=0
split_feature=13 4 11 6 4 13 4 4 9 4 8 0 0 9
split_gain=118.44 47.5023 40.4863 15.2459 13.8309 13.7245 15.6475 27.2051 8.25277 8.05392 7.92169 6.397 17.8641 5.87109
threshold=1.0000000180025095e-35 10.500000000000002 1.0000000180025095e-35 1.0000000180025095e-35 4.5000000000000009 4.5000000000000009 10.500000000000002 5.5000000000000009 1105.0000000000002 14.500000000000002 1.5000000000000002 29.500000000000004 72.500000000000014 674.00000000000011
decision_type=2 2 2 2 2 2 2 2 2 2 2 2 2 2
left_child=1 4 3 9 10 6 7 -2 13 -3 -1 -4 -13 -7
right_child=5 2 11 -5 -6 8 -8 -9 -10 -11 -12 12 -14 -15
leaf_value=-0.0019180337074386948 -1.10403158686323e-05 -0.0036848666021500158 0.036608715487296536 0.00010143175358830028 -0.0019180337074386948 1.3114118848500667e-05 0.0010333793609881602 4.6350556798507862e-05 1.9974312043281088 -0.001833942860007552 0.00043975666180376893 -0.087758711573956746 0.029381702449800859 -0.079670994599663925
leaf_weight=48 49 72 68 41 149 1938 187 60 22 147 20 87 94 27
leaf_count=48 49 72 68 41 149 1938 187 60 22 147 20 87 94 27
internal_value=-0.00193355 -0.0107221 -0.0065098 -0.0133908 -0.0205046 0.000862522 0.00587542 0.0133636 0.000110664 -0.016 -0.0107971 0.00068 -0.00175824 -6.10376e-05
internal_weight=3009 726 509 260 217 2283 296 109 1987 219 68 249 181 1965
internal_count=3009 726 509 260 217 2283 296 109 1987 219 68 249 181 1965
is_linear=0
shrinkage=0.025


Tree=231
num_leaves=15
num_cat=0
split_feature=13 5 11 6 6 4 13 4 4 14 9 10 14 4
split_gain=111.513 54.7952 18.6572 18.1584 16.8855 14.1306 13.7245 15.6475 27.2051 9.80811 8.25277 6.99683 6.51575 6.22867
threshold=1.0000000180025095e-35 2.5000000000000004 2.5000000000000004 1.0000000180025095e-35 9.5000000000000018 10.500000000000002 4.5000000000000009 10.500000000000002 5.5000000000000009 40.500000000000007 1105.0000000000002 309.00000000000006 1.5000000000000002 16.500000000000004
decision_type=2 2 2 2 2 2 2 2 2 2 2 2 2 2
left_child=1 2 3 12 9 -6 7 8 -2 -4 -8 -3 -1 -5
right_child=6 11 4 13 5 -7 10 -9 -10 -11 -12 -13 -14 -15
leaf_value=-0.0018700828647527274 -1.0764307971916633e-05 -0.0031273368961331018 -0.0069253549411274363 -0.0081898347093049013 -0.00077783254236007385 -0.0036483441935569517 -8.2587059817296204e-05 0.0010075448769634565 4.5191792878546139e-05 0.00042876274525867472 1.9474954242199034 1.7352986036403117 -0.0064424948566592644 0.00050930668306489344
leaf_weight=316 49 191 42 24 40 30 1965 187 60 18 22 20 21 24
leaf_count=316 49 191 42 24 40 30 1965 187 60 18 22 20 21 24
internal_value=-0.0018505 -0.0103783 -0.0147674 -0.0175389 -0.00645038 -0.0147183 0.000862522 0.00587542 0.0133636 0.00319672 0.000110664 0.000330189 -0.0195858 -0.00295918
internal_weight=3009 726 515 385 130 70 2283 296 109 60 1987 211 337 48
internal_count=3009 726 515 385 130 70 2283 296 109 60 1987 211 337 48
is_linear=0
shrinkage=0.025


Tree=232
num_leaves=15
num_cat=0
split_feature=13 5 8 6 13 5 11 9 10 6 1 9 2 5
split_gain=117.038 57.6403 17.4537 15.0993 13.7245 13.8965 8.8454 8.25277 6.99683 6.5083 6.15266 5.87109 4.74608 6.68102
threshold=1.0000000180025095e-35 2.5000000000000004 1.0000000180025095e-35 1.0000000180025095e-35 4.5000000000000009 2.5000000000000004 1.0000000180025095e-35 1105.0000000000002 309.00000000000006 9.5000000000000018 -1.0000000180025095e-35 674.00000000000011 1.0000000180025095e-35 23.500000000000004
decision_type=2 2 2 2 2 2 2 2 2 2 2 2 2 2
left_child=1 2 3 -1 5 6 -2 11 12 -4 -11 -6 -3 -14
right_child=4 8 9 -5 7 -7 -8 -9 -10 10 -12 -13 13 -15
leaf_value=-0.0018233307931339094 4.6621048000475285e-05 -0.01442869189450692 -0.0027487273218871518 -0.0011390203772999542 1.4850942372723886e-05 -0.0011892422433311791 -0.0085579765587693816 1.8988080386144077 1.6919161385493036 -0.00042580473008042678 -0.00075838672880107201 -0.077677155058177058 0.0321249255784248 -0.030431684501667888
leaf_weight=295 193 100 106 41 1938 69 34 22 20 36 37 27 32 59
leaf_count=295 193 100 106 41 1938 69 34 22 20 36 37 27 32 59
internal_value=-0.00191694 -0.0106534 -0.015155 -0.0185312 0.000862522 0.00587542 0.00885965 0.000110664 0.000330189 -0.00872222 -0.0144595 -6.10376e-05 -0.00114583 0.00293478
internal_weight=3009 726 515 336 2283 296 227 1987 211 179 73 1965 191 91
internal_count=3009 726 515 336 2283 296 227 1987 211 179 73 1965 191 91
is_linear=0
shrinkage=0.025


Tree=233
num_leaves=15
num_cat=0
split_feature=13 14 6 4 13 4 4 1 4 16 9 9 4 16
split_gain=110.153 58.05 29.723 16.1282 13.7245 15.6475 27.2051 12.9026 12.6663 10.5666 8.25277 5.87109 5.23858 11.5981
threshold=1.0000000180025095e-35 1.0000000180025095e-35 1.0000000180025095e-35 10.500000000000002 4.5000000000000009 10.500000000000002 5.5000000000000009 -1.0000000180025095e-35 25.500000000000004 14.500000000000002 1105.0000000000002 674.00000000000011 25.500000000000004 9.5000000000000018
decision_type=2 2 2 2 2 2 2 2 2 2 2 2 2 2
left_child=1 2 8 7 5 6 -2 -3 -1 -4 11 -6 13 -7
right_child=4 3 9 -5 10 12 -8 -9 -10 -11 -12 -13 -14 -15
leaf_value=-0.0017777475233055617 -1.1660726472634276e-05 -0.00017820036028036109 0.0031365986319994419 0.00014351210953050808 1.4479668813405233e-05 0.0023357146553966367 4.2896471856571086e-05 -0.00073942706058104525 -0.0016957589470601973 -0.00895799291229777 1.8513378376490495 -0.075735226181723195 -0.016521130597292516 -0.011074889240577063
leaf_weight=328 49 24 42 248 1938 116 60 32 34 18 22 27 45 26
leaf_count=328 49 24 42 248 1938 116 60 32 34 18 22 27 45 26
internal_value=-0.00183389 -0.0103095 -0.0163002 -0.00195082 0.000862522 0.00587542 0.0133636 -0.0139474 -0.0189945 0 0.000110664 -6.10376e-05 0.00143617 0.00381119
internal_weight=3009 726 422 304 2283 296 109 56 362 60 1987 1965 187 142
internal_count=3009 726 422 304 2283 296 109 56 362 60 1987 1965 187 142
is_linear=0
shrinkage=0.025


Tree=234
num_leaves=15
num_cat=0
split_feature=13 14 6 4 4 9 9 2 4 2 0 16 4 6
split_gain=109.722 58.05 29.723 16.1282 13.88 25.4638 15.929 12.9026 12.6663 12.6015 10.9049 10.5666 9.31318 19.052
threshold=1.0000000180025095e-35 1.0000000180025095e-35 1.0000000180025095e-35 10.500000000000002 14.500000000000002 2.5000000000000004 896.00000000000011 -0.22252093395631442 25.500000000000004 -0.22252093395631442 15.500000000000002 14.500000000000002 18.500000000000004 142.50000000000003
decision_type=2 2 2 2 2 2 2 2 2 2 2 2 2 2
left_child=1 2 8 7 5 9 10 -3 -1 -2 -7 -4 13 -6
right_child=4 3 11 -5 12 6 -8 -9 -10 -11 -12 -13 -14 -15
leaf_value=-0.0017333038352229228 4.3091605512668446e-05 -0.00032886374189590819 0.0030581836661994575 0.00013992430679224399 -0.0060999110835045839 0.01020305110814137 1.8050543917078246 -0.00072094138406651916 -0.0016533649733836923 4.4259539478647136e-05 -8.6530184687738654e-05 -0.008734043089490327 0.0012016937244509918 -0.84418116695933565
leaf_weight=328 71 24 42 248 325 117 26 32 34 94 813 18 787 50
leaf_count=328 71 24 42 248 325 117 26 32 34 94 813 18 787 50
internal_value=-0.0018505 -0.0103095 -0.0163002 -0.00195082 0.00084063 0.00282531 0.00124869 -0.0139474 -0.0189945 0.0118675 0.000692803 0 -0.00107051 -0.00430851
internal_weight=3009 726 422 304 2283 1121 956 56 362 165 930 60 1162 375
internal_count=3009 726 422 304 2283 1121 956 56 362 165 930 60 1162 375
is_linear=0
shrinkage=0.025


Tree=235
num_leaves=15
num_cat=0
split_feature=13 14 6 4 1 13 4 4 4 16 9 9 4 16
split_gain=111.513 59.0124 27.1586 16.1282 12.9026 12.8176 16.3656 27.2051 12.6663 9.50879 8.22532 5.89697 4.92311 8.22288
threshold=1.0000000180025095e-35 1.0000000180025095e-35 1.0000000180025095e-35 10.500000000000002 -1.0000000180025095e-35 4.5000000000000009 10.500000000000002 5.5000000000000009 25.500000000000004 14.500000000000002 1105.0000000000002 674.00000000000011 26.500000000000004 2.5000000000000004
decision_type=2 2 2 2 2 2 2 2 2 2 2 2 2 2
left_child=1 2 8 4 -3 6 7 -2 -1 -4 11 -7 13 -8
right_child=5 3 9 -5 -6 10 12 -9 -10 -11 -12 -13 -14 -15
leaf_value=-0.0016899712393423497 -1.2446498448637212e-05 -0.00016062278719882172 0.002981729074544472 0.0001364261991224386 -0.00070291784946485605 1.6280931710266346e-05 0.0022472794459004464 4.0717571573190006e-05 -0.0016120308490490999 -0.0085156920122530684 1.7599280319151263 -0.073689347750092796 -0.016513483865077401 -0.0059514276721298835
leaf_weight=328 49 24 42 248 32 1938 122 60 34 18 22 27 30 35
leaf_count=328 49 24 42 248 32 1938 122 60 34 18 22 27 30 35
internal_value=-0.0018505 -0.0103783 -0.0164184 -0.00195082 -0.0139474 0.000862522 0.00570707 0.0133636 -0.0189945 -0.000737705 0.000135815 -3.56053e-05 0.00117021 0.00297468
internal_weight=3009 726 422 304 56 2283 296 109 362 60 1987 1965 187 157
internal_count=3009 726 422 304 56 2283 296 109 362 60 1987 1965 187 157
is_linear=0
shrinkage=0.025


Tree=236
num_leaves=15
num_cat=0
split_feature=13 14 6 13 5 1 15 11 11 9 16 14 5 9
split_gain=110.585 58.05 29.723 13.6044 13.8965 13.4323 17.5541 10.9314 8.8454 8.22532 7.28823 6.81081 7.25447 5.89697
threshold=1.0000000180025095e-35 1.0000000180025095e-35 1.0000000180025095e-35 4.5000000000000009 2.5000000000000004 -1.0000000180025095e-35 18.500000000000004 2.5000000000000004 1.0000000180025095e-35 1105.0000000000002 14.500000000000002 364.00000000000006 193.50000000000003 674.00000000000011
decision_type=2 2 2 2 2 2 2 2 2 2 2 2 2 2
left_child=1 2 7 4 8 11 -7 -1 -2 13 -4 12 -3 -5
right_child=3 5 10 9 -6 6 -8 -9 -10 -11 -12 -13 -14 -15
leaf_value=-0.001647721958358791 4.2258682227752645e-05 7.5451063502071135e-05 0.0029071858476808609 1.5873908417507465e-05 -0.0007709648082058929 0.00013301554414437699 -0.00069514684428250003 -0.0065534773196053017 -0.007782713667739383 1.7159298311172506 -0.0083027997119467425 1.4069009343389212 -0.28016902074413963 -0.071847114056339478
leaf_weight=337 193 185 42 1938 69 40 41 25 34 22 18 18 20 27
leaf_count=337 193 185 42 1938 69 40 41 25 34 22 18 18 20 27
internal_value=-0.00181728 -0.0103095 -0.0163002 0.000884413 0.00587542 -0.00195082 -0.0106098 -0.0189945 0.00885965 0.000135815 0 0.00120536 -9.70874e-05 -3.56053e-05
internal_weight=3009 726 422 2283 296 304 81 362 227 1987 60 223 205 1965
internal_count=3009 726 422 2283 296 304 81 362 227 1987 60 223 205 1965
is_linear=0
shrinkage=0.025


Tree=237
num_leaves=15
num_cat=0
split_feature=13 14 6 4 13 4 4 4 4 1 13 13 4 16
split_gain=112.446 55.4056 29.723 20.1953 13.845 15.6475 27.2051 12.6663 9.02077 8.73632 8.28026 7.83071 5.23858 11.5981
threshold=1.0000000180025095e-35 1.0000000180025095e-35 1.0000000180025095e-35 10.500000000000002 4.5000000000000009 10.500000000000002 5.5000000000000009 25.500000000000004 16.500000000000004 -1.0000000180025095e-35 1105.0000000000002 674.00000000000011 25.500000000000004 9.5000000000000018
decision_type=2 2 2 2 2 2 2 2 2 2 2 2 2 2
left_child=1 2 7 9 5 6 -2 -1 -4 -3 11 -6 13 -7
right_child=4 3 8 -5 10 12 -8 -9 -10 -11 -12 -13 -14 -15
leaf_value=-0.0016065289093998214 -1.3191803043116624e-05 -0.00039055177512732528 -0.0076762779508202346 0.00012969015554076813 1.547706070708088e-05 0.0021903580701328139 3.864316522816658e-05 -0.0015305370288639028 0.0028345062014888405 -0.0006679662321211722 1.6730315853393223 -0.046269558081385755 -0.015726364045900238 -0.010491247913452319
leaf_weight=328 49 24 28 248 1938 116 60 34 32 32 22 27 45 26
leaf_count=328 49 24 28 248 1938 116 60 34 32 32 22 27 45 26
internal_value=-0.00188372 -0.010447 -0.0163002 -0.00227869 0.00084063 0.00587542 0.0133636 -0.0189945 0 -0.0157018 8.55131e-05 -8.647e-05 0.00143617 0.00381119
internal_weight=3009 726 422 304 2283 296 109 362 60 56 1987 1965 187 142
internal_count=3009 726 422 304 2283 296 109 362 60 56 1987 1965 187 142
is_linear=0
shrinkage=0.025


Tree=238
num_leaves=15
num_cat=0
split_feature=13 14 6 4 13 4 4 8 1 13 9 4 4 4
split_gain=112.01 55.4056 26.748 20.1953 13.0512 16.3656 27.2051 12.4967 8.73632 8.28026 10.106 7.65857 6.92548 4.92311
threshold=1.0000000180025095e-35 1.0000000180025095e-35 1.0000000180025095e-35 10.500000000000002 4.5000000000000009 10.500000000000002 5.5000000000000009 1.0000000180025095e-35 -1.0000000180025095e-35 1105.0000000000002 674.00000000000011 16.500000000000004 21.500000000000004 26.500000000000004
decision_type=2 2 2 2 2 2 2 2 2 2 2 2 2 2
left_child=1 2 7 8 5 6 -2 -1 -3 10 -6 -4 -9 -7
right_child=4 3 11 -5 9 13 -8 12 -10 -11 -12 -13 -14 -15
leaf_value=-0.0015663656866648258 -1.2862007967040513e-05 -0.00038078798074914216 -0.0074843710020497285 0.00012644790165224906 1.509013418941052e-05 0.001161562482205858 3.7677086097462342e-05 -0.0063494771638801725 -0.00065126707631814286 1.6312057957058415 -0.068894197252896569 0.002763643546451618 0.024196868129713823 -0.015708544134358654
leaf_weight=302 49 24 28 248 1938 157 60 39 32 22 27 32 21 30
leaf_count=302 49 24 28 248 1938 157 60 39 32 22 27 32 21 30
internal_value=-0.00190033 -0.010447 -0.0163002 -0.00227869 0.000818739 0.00570707 0.0133636 -0.0188567 -0.0157018 8.55131e-05 -8.647e-05 -0.000737705 -0.00811475 0.00117021
internal_weight=3009 726 422 304 2283 296 109 362 56 1987 1965 60 60 187
internal_count=3009 726 422 304 2283 296 109 362 56 1987 1965 60 60 187
is_linear=0
shrinkage=0.025


Tree=239
num_leaves=15
num_cat=0
split_feature=13 14 6 5 13 5 8 6 11 13 9 16 10 1
split_gain=112.01 55.4056 26.748 13.3212 13.0512 13.4231 12.4967 11.3538 8.51757 8.28026 10.106 6.41651 6.06944 6.02921
threshold=1.0000000180025095e-35 1.0000000180025095e-35 1.0000000180025095e-35 4.5000000000000009 4.5000000000000009 2.5000000000000004 1.0000000180025095e-35 3.5000000000000004 1.0000000180025095e-35 1105.0000000000002 674.00000000000011 14.500000000000002 14.500000000000002 -1.0000000180025095e-35
decision_type=2 2 2 2 2 2 2 2 2 2 2 2 2 2
left_child=1 2 6 7 5 8 -1 12 -2 10 -6 -4 -3 -9
right_child=4 3 11 -5 9 -7 -8 13 -10 -11 -12 -13 -14 -15
leaf_value=-0.0015272065444982053 3.9047067838116073e-05 -0.020828176848598608 0.0026945524577903289 0.010387942620700308 1.4712880834677479e-05 -0.00064096140001411971 -0.0057152889907490373 -0.010915843014540516 -0.0070131494542464813 1.5904256508131938 -0.067171842321573652 -0.0077162134953263246 9.284828081143105e-05 -0.0006349853994101893
leaf_weight=302 193 51 42 163 1938 69 60 38 34 22 27 18 19 33
leaf_count=302 193 51 42 163 1938 69 60 38 34 22 27 18 19 33
internal_value=-0.00190033 -0.010447 -0.0163002 -0.00227869 0.000818739 0.00570707 -0.0188567 -0.00788732 0.00864035 8.55131e-05 -8.647e-05 -0.000737705 -0.000633803 -0.0148611
internal_weight=3009 726 422 304 2283 296 362 141 227 1987 1965 60 70 71
internal_count=3009 726 422 304 2283 296 362 141 227 1987 1965 60 70 71
is_linear=0
shrinkage=0.025


Tree=240
num_leaves=15
num_cat=0
split_feature=13 14 6 4 13 4 4 8 1 13 9 4 4 10
split_gain=114.762 52.8222 26.748 19.2274 13.0512 16.3656 27.2051 12.4967 8.73632 8.28026 10.106 7.65857 6.92548 5.14237
threshold=1.0000000180025095e-35 1.0000000180025095e-35 1.0000000180025095e-35 10.500000000000002 4.5000000000000009 10.500000000000002 5.5000000000000009 1.0000000180025095e-35 -1.0000000180025095e-35 1105.0000000000002 674.00000000000011 16.500000000000004 21.500000000000004 350.00000000000006
decision_type=2 2 2 2 2 2 2 2 2 2 2 2 2 2
left_child=1 2 7 8 5 6 -2 -1 -3 10 -6 -4 -9 -5
right_child=4 3 11 13 9 -7 -8 12 -10 -11 -12 -13 -14 -15
leaf_value=-0.0014890263808857501 -1.3516634463817124e-05 -9.8372205866900702e-05 -0.0072344909640292866 -0.00039572595254401267 1.4345058813813871e-05 0.0010015103770748706 3.575898224907337e-05 -0.006047858010014443 -0.00061911076442493457 1.5506650095428656 -0.065492546263533319 0.0026271886463455699 0.023734828651239704 1.703721858845463
leaf_weight=302 49 24 28 230 1938 187 60 39 32 22 27 32 21 18
leaf_count=302 49 24 28 230 1938 187 60 39 32 22 27 32 21 18
internal_value=-0.00193355 -0.0105846 -0.0163002 -0.00260656 0.000818739 0.00570707 0.0133636 -0.0188567 -0.0157018 8.55131e-05 -8.647e-05 -0.000737705 -0.00811475 0.000381526
internal_weight=3009 726 422 304 2283 296 109 362 56 1987 1965 60 60 248
internal_count=3009 726 422 304 2283 296 109 362 56 1987 1965 60 60 248
is_linear=0
shrinkage=0.025


Tree=241
num_leaves=15
num_cat=0
split_feature=13 14 6 4 13 4 4 8 1 13 9 4 16 10
split_gain=116.15 53.7407 24.3141 19.2274 13.0512 16.3656 27.2051 12.4967 8.73632 8.28026 10.106 6.92548 6.69623 5.14237
threshold=1.0000000180025095e-35 1.0000000180025095e-35 1.0000000180025095e-35 10.500000000000002 4.5000000000000009 10.500000000000002 5.5000000000000009 1.0000000180025095e-35 -1.0000000180025095e-35 1105.0000000000002 674.00000000000011 21.500000000000004 13.500000000000002 350.00000000000006
decision_type=2 2 2 2 2 2 2 2 2 2 2 2 2 2
left_child=1 2 7 8 5 6 -2 -1 -3 10 -6 -9 -4 -5
right_child=4 3 12 13 9 -7 -8 11 -10 -11 -12 -13 -14 -15
leaf_value=-0.0014518007213636065 -1.3178718602219198e-05 -9.5912900720228193e-05 0.0031323392982015399 -0.00038583280373041264 1.3986432343471301e-05 0.00097647261764799887 3.4865007692846949e-05 -0.0058966615597640815 -0.00060363299531431122 1.5118983843042941 -0.063855232606945839 0.023141457934958712 -0.0073424458838424345 1.6611288123743257
leaf_weight=302 49 24 41 230 1938 187 60 39 32 22 27 21 19 18
leaf_count=302 49 24 41 230 1938 187 60 39 32 22 27 21 19 18
internal_value=-0.00195017 -0.0106534 -0.0164184 -0.00260656 0.000818739 0.00570707 0.0133636 -0.0188567 -0.0157018 8.55131e-05 -8.647e-05 -0.00811475 -0.00155738 0.000381526
internal_weight=3009 726 422 304 2283 296 109 362 56 1987 1965 60 60 248
internal_count=3009 726 422 304 2283 296 109 362 56 1987 1965 60 60 248
is_linear=0
shrinkage=0.025


Tree=242
num_leaves=15
num_cat=0
split_feature=13 14 6 4 4 5 13 5 4 8 9 14 15 13
split_gain=117.102 54.667 21.9925 19.2274 12.5031 36.9421 25.3619 21.396 14.07 12.4967 10.3328 12.2413 14.1332 9.605
threshold=1.0000000180025095e-35 1.0000000180025095e-35 1.0000000180025095e-35 10.500000000000002 10.500000000000002 2.5000000000000004 384.50000000000006 351.50000000000006 5.5000000000000009 1.0000000180025095e-35 674.00000000000011 12.500000000000002 47.000000000000007 56.500000000000007
decision_type=2 2 2 2 2 2 2 2 2 2 2 2 2 2
left_child=1 2 9 -3 5 8 7 -7 -2 -1 11 12 -6 -13
right_child=4 3 -4 -5 10 6 -8 -9 -10 -11 -12 13 -14 -15
leaf_value=-0.0014155057033295162 0.0012425550757185989 -0.00058854217043145341 -0.00012834865884678334 0.00066353009423276716 -0.0065315145618298764 1.3636771534875081e-05 1.4741009246966883 -0.090444516630530825 3.3993382500524531e-05 -0.0052737937767358481 -0.79209448725310383 0.064437533357041082 0.038531732614005436 0.003056114165469026
leaf_weight=302 63 56 60 248 825 566 63 23 60 60 25 154 258 246
leaf_count=302 63 56 60 248 825 566 63 23 60 60 25 154 258 246
internal_value=-0.00198339 -0.0107221 -0.0165366 -0.00260656 0.000796848 0.00337629 0.000987749 -0.000627119 0.0158871 -0.0188567 -0.000526839 -0.000249326 -0.00163284 0.0034788
internal_weight=3009 726 422 304 2283 775 652 589 123 362 1508 1483 1083 400
internal_count=3009 726 422 304 2283 775 652 589 123 362 1508 1483 1083 400
is_linear=0
shrinkage=0.025


Tree=243
num_leaves=15
num_cat=0
split_feature=13 14 6 4 13 4 4 8 4 13 9 4 13 4
split_gain=117.102 54.667 21.9925 19.2274 16.0181 14.2582 27.2051 12.4967 8.73632 8.39109 9.97026 6.92548 6.26025 5.80472
threshold=1.0000000180025095e-35 1.0000000180025095e-35 1.0000000180025095e-35 10.500000000000002 4.5000000000000009 10.500000000000002 5.5000000000000009 1.0000000180025095e-35 6.5000000000000009 1105.0000000000002 674.00000000000011 21.500000000000004 1.5000000000000002 25.500000000000004
decision_type=2 2 2 2 2 2 2 2 2 2 2 2 2 2
left_child=1 2 7 8 5 6 -2 -1 -3 10 -6 -9 13 -7
right_child=4 3 -4 -5 9 12 -8 11 -10 -11 -12 -13 -14 -15
leaf_value=-0.0013801180607462783 -4.3913127530131879e-05 -7.8801523941436156e-05 -0.00012513994237561376 0.0006469418418769469 1.3295852246497653e-05 0.0012453855326324344 3.3143547938011002e-05 -0.0056174001763515833 -0.00057382861617066708 1.4372484015792737 -0.042832472708224149 0.022694766331003136 0.0022194221688060681 -0.016146025886200677
leaf_weight=302 49 24 60 248 1938 57 60 39 32 22 27 21 112 18
leaf_count=302 49 24 60 248 1938 57 60 39 32 22 27 21 112 18
internal_value=-0.00198339 -0.0107221 -0.0165366 -0.00260656 0.000796848 0.00621212 0.0133636 -0.0188567 -0.0157018 -1.00604e-05 -0.000188199 -0.00811475 0.00196809 -0.00355263
internal_weight=3009 726 422 304 2283 296 109 362 56 1987 1965 60 187 75
internal_count=3009 726 422 304 2283 296 109 362 56 1987 1965 60 187 75
is_linear=0
shrinkage=0.025


Tree=244
num_leaves=15
num_cat=0
split_feature=9 8 6 4 4 14 16 4 9 4 12 16 8 9
split_gain=92.61 49.4469 18.7456 14.388 23.7348 12.3654 10.3684 7.74738 7.08577 11.851 6.23889 10.9428 6.03397 7.30716
threshold=1.0000000180025095e-35 1.0000000180025095e-35 1.5000000000000002 10.500000000000002 5.5000000000000009 1.5000000000000002 19.500000000000004 19.500000000000004 2.5000000000000004 14.500000000000002 1.0000000180025095e-35 1.5000000000000002 658.50000000000011 216.00000000000003
decision_type=2 2 2 2 2 2 2 2 2 2 2 2 2 2
left_child=1 2 5 4 6 -1 -3 -4 9 -2 -5 -12 13 -10
right_child=8 3 7 10 -6 -7 -8 -9 12 -11 11 -13 -14 -15
leaf_value=-0.0013456151092276214 3.4369644028056649e-05 -0.0042881762460259534 -0.0068367827634391509 -0.017843341630170637 -0.00055948290076640031 0.0069552188648871697 0.0010630963904570895 0.02895063349406515 1.4733552421630769e-05 -0.0029768642454653994 0.02119777186103694 -0.015142230509327543 2.3329540686366728 -0.036425017640061695
leaf_weight=312 139 23 35 22 45 19 18 24 1656 97 56 200 19 344
leaf_count=312 139 23 35 22 45 19 18 24 1656 97 56 200 19 344
internal_value=-0.00221595 -0.0097947 -0.0159719 -0.00313699 -0.0120115 -0.0182831 0.00166667 -0.00283333 0.000319149 0.00440928 -0.000340502 0.000758755 -0.000158416 -0.000297351
internal_weight=3009 754 390 364 86 331 41 59 2255 236 278 256 2019 2000
internal_count=3009 754 390 364 86 331 41 59 2255 236 278 256 2019 2000
is_linear=0
shrinkage=0.025


Tree=245
num_leaves=15
num_cat=0
split_feature=13 8 4 6 4 5 13 9 4 4 13 4 11 10
split_gain=108.251 52.2956 20.9738 20.0041 16.3459 10.9934 7.82064 11.3574 21.6493 12.4326 9.95735 7.89572 6.72169 5.44674
threshold=1.0000000180025095e-35 1.0000000180025095e-35 10.500000000000002 1.5000000000000002 5.5000000000000009 15.500000000000002 1105.0000000000002 175.50000000000003 3.5000000000000004 22.500000000000004 133.50000000000003 15.500000000000002 53.500000000000007 350.00000000000006
decision_type=2 2 2 2 2 2 2 2 2 2 2 2 2 2
left_child=1 3 4 5 -3 -1 7 10 -9 -10 11 -2 -12 -4
right_child=6 2 13 -5 -6 -7 -8 8 9 -11 12 -13 -14 -15
leaf_value=-0.001311974731496931 3.3510402927355858e-05 -0.0014979212367182812 -0.00035421661877337311 -0.0020527213431091157 -0.00054549582824724033 -0.0034134722018973711 1.402227816980792 1.4285546479403153 -0.05748900105565085 0.18387002328029356 0.089968871558561869 -0.001072229334949675 0.10835482046456235 1.6202124208684325
leaf_weight=320 914 34 244 47 45 18 22 31 275 96 74 785 86 18
leaf_count=320 914 34 244 47 45 18 22 31 275 96 74 785 86 18
internal_value=-0.00218272 -0.0105846 -0.00342105 -0.0168912 -0.014625 -0.0190118 0.000490368 0.000340407 -0.00346154 -0.00516129 0.00116667 0.0006 0.0071118 0
internal_weight=3009 726 341 385 79 338 2283 2261 402 371 1859 1699 160 262
internal_count=3009 726 341 385 79 338 2283 2261 402 371 1859 1699 160 262
is_linear=0
shrinkage=0.025


Tree=246
num_leaves=15
num_cat=0
split_feature=13 14 6 4 8 1 13 9 16 4 16 4 4 5
split_gain=109.538 52.8222 26.748 19.2274 12.4967 8.73632 7.74881 10.8458 9.50549 6.92548 6.41651 5.85348 10.586 10.452
threshold=1.0000000180025095e-35 1.0000000180025095e-35 1.0000000180025095e-35 10.500000000000002 1.0000000180025095e-35 -1.0000000180025095e-35 1105.0000000000002 573.00000000000011 591.00000000000011 21.500000000000004 14.500000000000002 15.500000000000002 17.500000000000004 1.5000000000000002
decision_type=2 2 2 2 2 2 2 2 2 2 2 2 2 2
left_child=1 2 4 5 -1 -3 7 11 -9 -6 -4 13 -13 -2
right_child=6 3 10 -5 9 -7 -8 8 -10 -11 -12 12 -14 -15
leaf_value=-0.0012791753632095076 3.3434232114162857e-05 -4.9207017617559231e-05 0.0021787886082590964 0.00020305390198403496 -0.0053323127348741881 -0.00053185843254105936 1.3671721215562742 -0.05745662378475061 0.95310790573836646 0.021606308291671473 -0.0069303099190521069 -0.027754898741740131 0.00088278499687023399 3.0038957326078422e-05
leaf_weight=302 134 24 42 248 39 32 22 43 25 21 18 183 852 1024
leaf_count=302 134 24 42 248 39 32 22 43 25 21 18 183 852 1024
internal_value=-0.00213289 -0.0105846 -0.0163002 -0.00260656 -0.0188567 -0.0157018 0.000556042 0.00040672 -0.00934783 -0.00811475 -0.000737705 0.000715588 -0.000646718 0.00193701
internal_weight=3009 726 422 304 362 56 2283 2261 68 60 60 2193 1035 1158
internal_count=3009 726 422 304 362 56 2283 2261 68 60 60 2193 1035 1158
is_linear=0
shrinkage=0.025


Tree=247
num_leaves=15
num_cat=0
split_feature=13 5 8 13 9 16 0 0 11 14 1 15 14 7
split_gain=108.129 51.0732 27.2064 7.67729 10.9946 9.50549 7.32819 10.1273 8.24326 7.04494 11.0146 7.70768 6.7983 4.58161
threshold=1.0000000180025095e-35 5.5000000000000009 1.0000000180025095e-35 1105.0000000000002 573.00000000000011 591.00000000000011 72.500000000000014 60.500000000000007 16.500000000000004 9.5000000000000018 -1.0000000180025095e-35 1.0000000180025095e-35 1.0000000180025095e-35 150.50000000000003
decision_type=2 2 2 2 2 2 2 2 2 2 2 2 2 2
left_child=1 2 12 4 -2 -6 7 13 -8 11 -11 -4 -1 -3
right_child=3 6 9 -5 5 -7 8 -9 -10 10 -12 -13 -14 -15
leaf_value=-0.0012471959791292701 2.9970567646100954e-05 -0.0068492647937573982 -0.0041798716235304616 1.3329928185173685 -0.05602020819013092 0.92928020809490597 -0.010255556581014111 -0.16817831342561906 0.32538556207117253 -0.00010860508934459244 -0.0005234629422546655 0.0079525790957315056 -0.0097893828013238485 0.78025493675657531
leaf_weight=327 2193 84 54 22 43 25 31 20 37 60 42 33 19 19
leaf_count=327 2193 84 54 22 43 25 31 20 37 60 42 33 19 19
internal_value=-0.00204983 -0.010447 -0.014403 0.000621716 0.000473033 -0.00934783 0.000625 -0.00298387 0.00717391 -0.00668421 -0.0111165 -0.00136364 -0.0185735 0.000192308
internal_weight=3009 726 535 2283 2261 68 191 123 68 189 102 87 346 103
internal_count=3009 726 535 2283 2261 68 191 123 68 189 102 87 346 103
is_linear=0
shrinkage=0.025


Tree=248
num_leaves=15
num_cat=0
split_feature=13 5 8 4 4 13 5 16 10 14 4 5 4 0
split_gain=112.197 50.5687 24.7908 11.4384 17.0977 7.67729 10.2096 10.2115 7.03988 6.7983 5.62329 9.69668 7.48544 4.96295
threshold=1.0000000180025095e-35 5.5000000000000009 1.0000000180025095e-35 10.500000000000002 5.5000000000000009 1105.0000000000002 573.00000000000011 591.00000000000011 309.00000000000006 1.0000000180025095e-35 15.500000000000002 1.5000000000000002 17.500000000000004 72.500000000000014
decision_type=2 2 2 2 2 2 2 2 2 2 2 2 2 2
left_child=1 2 9 4 -4 6 10 -8 13 -1 11 -2 -12 -3
right_child=5 8 3 -5 -6 -7 7 -9 -10 -11 12 -13 -14 -15
leaf_value=-0.0012160160796510383 3.1849112120155289e-05 -0.025358101997432804 -0.00067340539727330222 -0.00038285301097022999 -0.0005054753981711662 1.2996679980544343 -0.054619702985377216 0.90604820289253218 1.5559755516082285 -0.0095446482312907532 -0.0267996045303 2.8855796637350387e-05 0.00045213552458852615 0.0064258653215484079
leaf_weight=327 135 110 33 111 45 22 37 25 20 19 182 1024 858 61
leaf_count=327 135 110 33 111 45 22 37 25 20 19 182 1024 858 61
internal_value=-0.00209967 -0.0106534 -0.0145896 -0.00721053 -0.0144937 0.000621716 0.000473033 -0.00944444 0.000364583 -0.0185735 0.000759091 0.0019569 -0.000571566 -0.00127907
internal_weight=3009 726 535 189 78 2283 2261 62 191 346 2199 1159 1040 171
internal_count=3009 726 535 189 78 2283 2261 62 191 346 2199 1159 1040 171
is_linear=0
shrinkage=0.025


Tree=249
num_leaves=15
num_cat=0
split_feature=13 5 11 6 4 4 13 9 16 0 10 4 5 5
split_gain=107.641 57.8655 17.3296 18.4638 13.561 11.8152 7.62978 11.0943 9.50549 7.35581 6.0267 4.81458 10.452 6.83619
threshold=1.0000000180025095e-35 5.5000000000000009 1.0000000180025095e-35 1.0000000180025095e-35 10.500000000000002 5.5000000000000009 1105.0000000000002 573.00000000000011 591.00000000000011 72.500000000000014 309.00000000000006 15.500000000000002 1.5000000000000002 119.50000000000001
decision_type=2 2 2 2 2 2 2 2 2 2 2 2 2 2
left_child=1 2 3 -1 5 -4 7 11 -9 -5 -3 12 -2 -13
right_child=6 10 4 9 -6 -7 -8 8 -10 -11 -12 13 -14 -15
leaf_value=-0.0011856156776597624 3.1052884317150919e-05 -0.0069207957004717713 -0.0042281953309553357 0.00071003670704346137 -0.00037328168569596978 -0.00049283851321688707 1.2671762981030725 -0.054086433539367818 0.88339699782021919 -0.0056796861616165376 1.5170761628180225 -0.0031309921203799885 2.7817324285844825e-05 0.042964972742564472
leaf_weight=330 134 171 21 21 93 40 22 43 25 30 20 816 1024 219
leaf_count=330 134 171 21 21 93 40 22 43 25 30 20 816 1024 219
internal_value=-0.002 -0.0103783 -0.0145896 -0.0174607 -0.0073871 -0.0164516 0.000665499 0.000517241 -0.00934783 -0.00326923 0.00140625 0.000829535 0.00193701 -0.000405405
internal_weight=3009 726 535 381 154 61 2283 2261 68 51 191 2193 1158 1035
internal_count=3009 726 535 381 154 61 2283 2261 68 51 191 2193 1158 1035
is_linear=0
shrinkage=0.025


Tree=250
num_leaves=15
num_cat=0
split_feature=13 5 8 6 4 4 13 9 16 6 10 9 13 13
split_gain=104.977 56.5258 23.5322 20.6292 11.4384 17.0977 7.62978 11.0943 9.50549 6.9076 6.0267 5.26532 12.9842 10.1021
threshold=1.0000000180025095e-35 5.5000000000000009 1.0000000180025095e-35 1.0000000180025095e-35 10.500000000000002 5.5000000000000009 1105.0000000000002 573.00000000000011 591.00000000000011 8.5000000000000018 309.00000000000006 10.500000000000002 12.500000000000002 14.500000000000002
decision_type=2 2 2 2 2 2 2 2 2 2 2 2 2 2
left_child=1 2 3 -1 5 -4 7 11 -9 -5 -3 13 -13 -2
right_child=6 10 4 9 -6 -7 -8 8 -10 -11 -12 12 -14 -15
leaf_value=-0.0011559752857182683 3.0084232962507285e-05 -0.0067477758079599326 -0.00062692987039997565 0.00020493036611225095 -0.00036394964355355167 -0.00048051755038646483 1.2354968906504951 -0.052734272700882913 0.86131207287471345 -0.0065534797155658844 1.4791492587475723 -0.047188157503941175 0.0016119445235735165 -0.035984669148397701
leaf_weight=302 554 171 33 23 111 45 22 43 25 21 20 87 1417 135
leaf_count=302 554 171 33 23 111 45 22 43 25 21 20 87 1417 135
internal_value=-0.00196678 -0.0102407 -0.014403 -0.0182853 -0.00721053 -0.0144937 0.000665499 0.000517241 -0.00934783 -0.00211111 0.00140625 0.000829535 0 0.00263768
internal_weight=3009 726 535 346 189 78 2283 2261 68 44 191 2193 1504 689
internal_count=3009 726 535 346 189 78 2283 2261 68 44 191 2193 1504 689
is_linear=0
shrinkage=0.025


Tree=251
num_leaves=15
num_cat=0
split_feature=9 8 6 4 4 14 16 9 10 0 5 0 5 0
split_gain=89.8132 40.8107 27.8028 13.5067 23.7348 11.4994 10.3684 8.09881 7.63139 12.2103 14.5413 9.2656 6.77325 10.4373
threshold=1.0000000180025095e-35 1.0000000180025095e-35 2.5000000000000004 10.500000000000002 5.5000000000000009 1.5000000000000002 19.500000000000004 7.5000000000000009 1.0000000180025095e-35 16.500000000000004 2.5000000000000004 39.500000000000007 9.5000000000000018 50.500000000000007
decision_type=2 2 2 2 2 2 2 2 2 2 2 2 2 2
left_child=1 2 5 4 6 -1 -3 8 9 -2 -11 -10 -9 -14
right_child=7 3 -4 -5 -6 -7 -8 12 11 10 -12 -13 13 -15
leaf_value=-0.0011270759035753115 -6.1032316877152055e-06 -0.0038435704263639057 0.00019980710695944467 -0.00024668350161880518 -0.0004685046116268032 0.0073306436141035332 0.0012161255792533885 -0.008752648120499024 0.008022209495503297 2.9332127138445574e-05 -9.1268079665418611e-05 0.0043232759924066054 -0.0050890647020795047 0.0053902282159667084
leaf_weight=322 67 23 49 278 45 19 18 223 31 160 155 49 675 895
leaf_count=322 67 23 49 278 45 19 18 223 31 160 155 49 675 895
internal_value=-0.002 -0.00946358 -0.0150767 -0.00341096 -0.0120115 -0.0176023 0.00166667 0.000496454 0.00344492 0.00194517 0.00401899 0.0104321 -0.000261984 0.000315086
internal_weight=3009 754 390 364 86 341 41 2255 462 382 315 80 1793 1570
internal_count=3009 754 390 364 86 341 41 2255 462 382 315 80 1793 1570
is_linear=0
shrinkage=0.025


Tree=252
num_leaves=15
num_cat=0
split_feature=13 5 8 6 1 4 5 5 0 0 4 15 9 14
split_gain=104.315 53.8933 28.3528 20.6292 13.3615 11.4667 24.9121 36.1729 22.2382 12.3558 16.0851 11.3627 10.556 9.25253
threshold=1.0000000180025095e-35 5.5000000000000009 1.0000000180025095e-35 1.0000000180025095e-35 -1.0000000180025095e-35 10.500000000000002 24.500000000000004 36.500000000000007 100.50000000000001 9.5000000000000018 5.5000000000000009 7.5000000000000009 674.00000000000011 10.500000000000002
decision_type=2 2 2 2 2 2 2 2 2 2 2 2 2 2
left_child=1 2 3 -1 -4 6 9 -8 -9 -2 -11 -6 13 -7
right_child=5 -3 4 -5 11 12 7 8 -10 10 -12 -13 -14 -15
leaf_value=-0.001098899005985929 -5.3164960243767829e-06 0.001203493237401708 -6.4463663170404072e-05 -0.0010328627720358776 -0.0032861784791202264 -0.0013312683928075498 -0.0085442421573830533 0.00012452661573192358 0.35894556880593814 0.0003916569952363336 2.8979618589980439e-05 -0.00046659393739039844 -0.77852665953330702 0.041376800772901227
leaf_weight=302 37 191 102 44 43 1080 52 381 34 121 150 44 25 403
leaf_count=302 37 191 102 44 43 1080 52 381 34 121 150 44 25 403
internal_value=-0.00171761 -0.00996561 -0.0140299 -0.0182853 -0.00615789 0.000906305 0.00337629 -0.00025641 0.00221154 0.0088835 0.0107353 -0.0132955 -0.000361166 -8.08625e-05
internal_weight=3009 726 535 346 189 2283 775 467 415 308 271 87 1508 1483
internal_count=3009 726 535 346 189 2283 775 467 415 308 271 87 1508 1483
is_linear=0
shrinkage=0.025


Tree=253
num_leaves=15
num_cat=0
split_feature=13 14 1 15 8 5 4 4 5 5 0 0 4 13
split_gain=99.5715 55.0144 14.4613 17.5541 12.444 15.813 12.6518 11.8758 24.9121 36.1729 22.2382 12.3558 16.0851 9.60916
threshold=1.0000000180025095e-35 1.0000000180025095e-35 -1.0000000180025095e-35 18.500000000000004 1.0000000180025095e-35 5.5000000000000009 22.500000000000004 10.500000000000002 24.500000000000004 36.500000000000007 100.50000000000001 9.5000000000000018 5.5000000000000009 674.00000000000011
decision_type=2 2 2 2 2 2 2 2 2 2 2 2 2 2
left_child=1 4 -3 -4 5 -1 -6 8 11 -10 -11 -2 -13 -9
right_child=7 2 3 -5 6 -7 -8 13 9 10 -12 12 -14 -15
leaf_value=-0.0010714265308362806 -5.1835836237690282e-06 0.00023630543470937006 4.2420597653608505e-05 -0.00045492908895563845 -0.0052515864459915951 0.00042401752885461071 0.071845833117676297 -0.00059172067972992372 -0.0083306361034484414 0.00012141345033853668 0.34997192958578971 0.00038186557035542468 2.82551281252319e-05 -0.55193085305292156
leaf_weight=327 37 223 40 41 50 24 21 1484 52 381 34 121 150 24
leaf_count=327 37 223 40 41 50 24 21 1484 52 381 34 121 150 24
internal_value=-0.001701 -0.00975928 -0.00162295 -0.0106098 -0.015591 -0.0175284 -0.00583333 0.000862522 0.00337629 -0.00025641 0.00221154 0.0088835 0.0107353 -0.000427435
internal_weight=3009 726 304 81 422 351 71 2283 775 467 415 308 271 1508
internal_count=3009 726 304 81 422 351 71 2283 775 467 415 308 271 1508
is_linear=0
shrinkage=0.025


Tree=254
num_leaves=15
num_cat=0
split_feature=13 5 8 6 4 4 4 5 5 11 13 5 9 14
split_gain=106.122 55.2017 24.0645 23.2945 12.2924 17.0977 11.8758 24.9121 36.1729 19.784 10.9171 20.5562 10.4665 9.5013
threshold=1.0000000180025095e-35 5.5000000000000009 1.0000000180025095e-35 1.0000000180025095e-35 10.500000000000002 5.5000000000000009 10.500000000000002 24.500000000000004 36.500000000000007 35.500000000000007 7.5000000000000009 1.5000000000000002 674.00000000000011 21.500000000000004
decision_type=2 2 2 2 2 2 2 2 2 2 2 2 2 2
left_child=1 2 3 -1 5 -4 7 10 -9 -10 11 -2 13 -8
right_child=6 -3 4 -5 -6 -7 12 8 9 -11 -12 -13 -14 -15
leaf_value=-0.0010446408675653738 2.710306043422761e-05 0.0011628054682453 -0.00038226611025182853 -0.00098025553946407321 -0.0014032113625963129 -0.00043375392067748222 -0.0010742733308287484 -0.0081223702008621501 0.0093364991067511841 -0.022127035555177879 0.0093488406054663461 -5.053994033177301e-06 -0.74526522171865117 0.052890111611723793
leaf_weight=302 65 191 33 44 111 45 1122 52 334 81 139 104 25 361
leaf_count=302 65 191 33 44 111 45 1122 52 334 81 139 104 25 361
internal_value=-0.00178405 -0.0101032 -0.0142164 -0.0181412 -0.00694737 -0.0144937 0.000862522 0.00337629 -0.00025641 0.00221154 0.0088835 0.00452941 -0.000427435 -0.000148248
internal_weight=3009 726 535 346 189 78 2283 775 467 415 308 169 1508 1483
internal_count=3009 726 535 346 189 78 2283 775 467 415 308 169 1508 1483
is_linear=0
shrinkage=0.025


Tree=255
num_leaves=15
num_cat=0
split_feature=13 14 6 1 15 4 16 13 9 13 4 15 5 11
split_gain=92.3254 55.0144 33.2874 14.4613 17.5541 11.72 9.24685 7.84465 10.6519 6.12422 8.27543 4.62338 4.13828 4.13025
threshold=1.0000000180025095e-35 1.0000000180025095e-35 1.0000000180025095e-35 -1.0000000180025095e-35 18.500000000000004 25.500000000000004 14.500000000000002 1105.0000000000002 674.00000000000011 4.5000000000000009 25.500000000000004 534.00000000000011 6.5000000000000009 61.000000000000007
decision_type=2 2 2 2 2 2 2 2 2 2 2 2 2 2
left_child=1 2 5 13 -5 12 -4 8 9 10 -2 -11 -1 -3
right_child=7 3 6 4 -6 -7 -8 -9 -10 11 -12 -13 -14 -15
leaf_value=-0.0010185248458762393 2.6425483923372964e-05 -0.0063636775038548258 0.0027978063371481583 7.6440366777177918e-05 -0.00043271201371481051 -0.00094443276235371861 -0.0063175242792923164 1.2042351516995156 -0.10060814935864643 -8.9656741619692506e-05 -0.014455198142395763 1.018679751231393 -0.027136824415461946 0.0011909830482398753
leaf_weight=306 251 110 42 40 41 34 18 22 27 1918 45 20 22 113
leaf_count=306 251 110 42 40 41 34 18 22 27 1918 45 20 22 113
internal_value=-0.002 -0.00975928 -0.015591 -0.00162295 -0.0106098 -0.0184435 0.00155738 0.000468476 0.000318302 0.000512304 0.00385522 0 -0.0198936 0.00165179
internal_weight=3009 726 422 304 81 362 60 2283 2261 2234 296 1938 328 223
internal_count=3009 726 422 304 81 362 60 2283 2261 2234 296 1938 328 223
is_linear=0
shrinkage=0.025


Tree=256
num_leaves=15
num_cat=0
split_feature=13 5 4 10 4 12 6 13 9 0 13 10 0 0
split_gain=96.0874 57.87 15.1658 19.9823 12.4577 11.9125 8.76202 7.84465 10.6519 7.20087 6.8571 6.30603 5.09401 9.25604
threshold=1.0000000180025095e-35 2.5000000000000004 10.500000000000002 14.500000000000002 5.5000000000000009 20.500000000000004 1.0000000180025095e-35 1105.0000000000002 674.00000000000011 2.5000000000000004 4.5000000000000009 309.00000000000006 36.500000000000007 72.500000000000014
decision_type=2 2 2 2 2 2 2 2 2 2 2 2 2 2
left_child=1 2 4 6 5 -1 -4 8 9 -2 -11 12 -3 -14
right_child=7 11 3 -5 -6 -7 -8 -9 -10 10 -12 -13 13 -15
leaf_value=-0.00099306172472933356 -0.031536431930128117 0.0072065361349974407 -0.0014115006213168539 0.09688552758933909 -0.00099306172472933356 0.00021017987539193462 -0.0010256943094061753 1.1741292729070267 -0.098092945624679836 2.5578444757071163e-05 1.1623864235787984e-05 1.4420818546867089 -0.093986052580612711 0.0064642264220973189
leaf_weight=66 38 64 229 41 125 20 34 22 27 290 1906 20 57 70
leaf_count=66 38 64 229 41 125 20 34 22 27 290 1906 20 57 70
internal_value=-0.00204983 -0.00996561 -0.0144767 -0.0108033 -0.0196698 -0.0120115 -0.0133333 0.000468476 0.000318302 0.000512304 0.000703232 0.00103774 -0.000364583 -0.00328125
internal_weight=3009 726 515 304 211 86 263 2283 2261 2234 2196 211 191 127
internal_count=3009 726 515 304 211 86 263 2283 2261 2234 2196 211 191 127
is_linear=0
shrinkage=0.025


Tree=257
num_leaves=15
num_cat=0
split_feature=13 14 6 1 15 8 16 13 9 0 13 5 15 0
split_gain=89.8592 57.6485 33.2874 15.5281 17.5541 11.5161 9.24685 7.84465 10.6519 7.20087 6.8571 5.54369 5.31862 5.21907
threshold=1.0000000180025095e-35 1.0000000180025095e-35 1.0000000180025095e-35 -1.0000000180025095e-35 18.500000000000004 1.0000000180025095e-35 14.500000000000002 1105.0000000000002 674.00000000000011 2.5000000000000004 4.5000000000000009 4.5000000000000009 2.5000000000000004 29.500000000000004
decision_type=2 2 2 2 2 2 2 2 2 2 2 2 2 2
left_child=1 2 5 13 -5 11 -4 8 9 -2 -11 -1 -7 -3
right_child=7 3 6 4 -6 12 -8 -9 -10 10 -12 -13 -14 -15
leaf_value=-0.00096823518161110009 -0.030748021131874737 0.096802065342171062 0.0033898613800364269 0.00010981687314066957 -0.000397067670253707 -0.0046674580305387731 -0.0061648406691948068 1.1447760410843502 -0.095640621984063048 2.4938983638143899e-05 1.1333267629898281e-05 -0.0080415142052824191 0.018311595808834635 -0.0024820594342510947
leaf_weight=282 38 51 42 40 41 40 18 22 27 290 1906 20 20 172
leaf_count=282 38 51 42 40 41 40 18 22 27 290 1906 20 20 172
internal_value=-0.00196678 -0.00962173 -0.015591 -0.00129508 -0.0106098 -0.0184435 0.00155738 0.000468476 0.000318302 0.000512304 0.000703232 -0.0204455 -0.00811475 0.00209821
internal_weight=3009 726 422 304 81 362 60 2283 2261 2234 2196 302 60 223
internal_count=3009 726 422 304 81 362 60 2283 2261 2234 2196 302 60 223
is_linear=0
shrinkage=0.025


Tree=258
num_leaves=15
num_cat=0
split_feature=13 14 1 15 8 5 4 13 9 0 13 15 0 14
split_gain=94.8251 54.6462 13.942 17.5541 12.7559 16.0435 12.6518 7.84465 10.6519 7.20087 6.8571 5.91773 10.3897 5.03786
threshold=1.0000000180025095e-35 1.0000000180025095e-35 -1.0000000180025095e-35 18.500000000000004 1.0000000180025095e-35 5.5000000000000009 22.500000000000004 1105.0000000000002 674.00000000000011 2.5000000000000004 4.5000000000000009 21.500000000000004 72.500000000000014 19.500000000000004
decision_type=2 2 2 2 2 2 2 2 2 2 2 2 2 2
left_child=1 4 11 -4 5 -1 -6 8 9 -2 -11 13 -13 -3
right_child=7 2 3 -5 6 -7 -8 -9 -10 10 -12 12 -14 -15
leaf_value=-0.00094402930207082266 -0.029979320603577265 0.00047405575983747313 0.0001070714513121518 -0.00038714097849736431 -0.0049431204194265799 0.0010929208874820376 0.069685876013170223 1.116156640057244 -0.09324960643446048 2.4315509047190265e-05 1.1049935939144717e-05 -0.022553014701080978 0.0059981294411093795 -0.090443795603232999
leaf_weight=327 38 46 40 41 50 24 21 22 27 290 1906 86 70 21
leaf_count=327 38 46 40 41 50 24 21 22 27 290 1906 86 70 21
internal_value=-0.00203322 -0.00989684 -0.00178689 -0.0106098 -0.0157092 -0.0176705 -0.00583333 0.000468476 0.000318302 0.000512304 0.000703232 0.00142857 0.00410828 -0.00470588
internal_weight=3009 726 304 81 422 351 71 2283 2261 2234 2196 223 156 67
internal_count=3009 726 304 81 422 351 71 2283 2261 2234 2196 223 156 67
is_linear=0
shrinkage=0.025


Tree=259
num_leaves=15
num_cat=0
split_feature=13 5 8 6 4 4 13 9 0 10 6 2 5 13
split_gain=100.395 53.3997 22.3481 17.5 11.5177 17.0977 7.89278 10.5899 7.1399 6.99683 6.35515 6.08288 8.20434 5.76076
threshold=1.0000000180025095e-35 2.5000000000000004 1.0000000180025095e-35 1.0000000180025095e-35 10.500000000000002 5.5000000000000009 1105.0000000000002 674.00000000000011 2.5000000000000004 309.00000000000006 8.5000000000000018 1.0000000180025095e-35 23.500000000000004 4.5000000000000009
decision_type=2 2 2 2 2 2 2 2 2 2 2 2 2 2
left_child=1 2 3 -1 5 -4 7 8 -2 11 -5 -3 -13 -10
right_child=6 9 4 10 -6 -7 -8 -9 13 -11 -12 12 -14 -15
leaf_value=-0.00092042856951905197 -0.029229837588486875 -0.012762735525000258 -8.2155331981259637e-05 0.00016647694770117465 -0.0054310838729382249 -0.0003676605129806648 1.0882527240558149 -0.090918366273598394 2.3707621321011898e-05 1.4050577443114429 -0.0059871189199131661 0.028902271730281728 -0.020561581904625117 1.0773687540654997e-05
leaf_weight=295 38 100 33 20 101 45 22 27 290 20 21 32 59 1906
leaf_count=295 38 100 33 20 101 45 22 27 290 20 21 32 59 1906
internal_value=-0.0021495 -0.0102407 -0.0145736 -0.0183828 -0.00733333 -0.0144937 0.000424694 0.000274094 0.000467562 0.000330189 -0.00285714 -0.00114583 0.00347826 0.000657715
internal_weight=3009 726 515 336 179 78 2283 2261 2234 211 41 191 91 2196
internal_count=3009 726 515 336 179 78 2283 2261 2234 211 41 191 91 2196
is_linear=0
shrinkage=0.025


Tree=260
num_leaves=15
num_cat=0
split_feature=13 5 8 6 4 4 13 5 16 10 6 2 5 10
split_gain=97.011 52.0221 22.9002 20.0675 12.4414 17.0977 7.94104 9.71214 10.2115 6.99683 6.48848 6.08288 8.20434 5.60627
threshold=1.0000000180025095e-35 2.5000000000000004 1.0000000180025095e-35 1.0000000180025095e-35 10.500000000000002 5.5000000000000009 1105.0000000000002 573.00000000000011 591.00000000000011 309.00000000000006 9.5000000000000018 1.0000000180025095e-35 23.500000000000004 12.500000000000002
decision_type=2 2 2 2 2 2 2 2 2 2 2 2 2 2
left_child=1 2 3 -1 5 -4 7 -2 -9 11 -5 13 -13 -3
right_child=6 9 4 10 -6 -7 -8 8 -10 -11 -12 12 -14 -15
leaf_value=-0.00089741785528107574 2.0553817529034291e-05 -0.0098842330076339274 -8.0101448681728149e-05 0.00016231502400864529 -0.0052953067761147728 -0.00035846900015614819 1.06104640595442 -0.052442839905017996 0.81425133360786228 1.3699313007036573 -0.0058374409469153371 0.028179714937024682 -0.020047542357009718 -0.02309772837435773
leaf_weight=295 2199 41 33 21 101 45 22 37 25 20 20 32 59 59
leaf_count=295 2199 41 33 21 101 45 22 37 25 20 20 32 59 59
internal_value=-0.0021495 -0.0101032 -0.0143798 -0.0182344 -0.00705556 -0.0144937 0.000380911 0.000229885 -0.00944444 0.000330189 -0.00166667 -0.00114583 0.00347826 -0.00539604
internal_weight=3009 726 515 336 179 78 2283 2261 62 211 41 191 91 100
internal_count=3009 726 515 336 179 78 2283 2261 62 211 41 191 91 100
is_linear=0
shrinkage=0.025


Tree=261
num_leaves=15
num_cat=0
split_feature=13 14 6 4 4 16 1 13 13 0 10 1 16 1
split_gain=99.5728 50.4676 34.2064 19.7084 12.1886 9.24685 8.73632 7.94104 8.20503 7.0489 5.44816 5.10236 4.8455 3.78983
threshold=1.0000000180025095e-35 1.0000000180025095e-35 1.0000000180025095e-35 10.500000000000002 25.500000000000004 14.500000000000002 -1.0000000180025095e-35 1105.0000000000002 674.00000000000011 2.5000000000000004 2.5000000000000004 -0.60785761079279388 529.50000000000011 0.87837969732492682
decision_type=2 2 2 2 2 2 2 2 2 2 2 2 2 2
left_child=1 2 4 6 -1 13 -3 8 9 -2 -5 -12 -11 -4
right_child=7 3 5 10 -6 -7 -8 -9 -10 12 11 -13 -14 -15
leaf_value=-0.0008749824088990489 -0.027843813072682622 -6.4727054810809841e-05 0.005446799855661006 -0.019319878365991222 -0.00079228165504990314 -0.0056915049232424538 -0.00034950727515224451 1.0345202458055611 -0.076659528972086832 1.9782747986213381e-05 0.0049257711867225495 0.09917371536835945 0.88830769740217486 0.00015825714840842915
leaf_weight=328 38 24 19 52 34 18 32 22 27 2175 173 23 21 23
leaf_count=328 38 24 19 52 34 18 32 22 27 2175 173 23 21 23
internal_value=-0.00218272 -0.0102407 -0.0158274 -0.00244262 -0.018719 0.00155738 -0.0157018 0.000380911 0.000229885 0.000400447 0.000582329 0.00251269 0.00058944 0.00802326
internal_weight=3009 726 422 304 362 60 56 2283 2261 2234 248 196 2196 42
internal_count=3009 726 422 304 362 60 56 2283 2261 2234 248 196 2196 42
is_linear=0
shrinkage=0.025


Tree=262
num_leaves=15
num_cat=0
split_feature=13 14 6 4 4 2 13 9 16 10 12 9 15 4
split_gain=104.797 51.9117 26.3405 19.2274 12.1886 8.73632 7.94104 10.528 6.41651 6.14213 5.49489 4.50361 10.3698 8.52478
threshold=1.0000000180025095e-35 1.0000000180025095e-35 1.0000000180025095e-35 10.500000000000002 25.500000000000004 -0.22252093395631442 1105.0000000000002 674.00000000000011 14.500000000000002 11.500000000000002 5.5000000000000009 266.50000000000006 205.00000000000003 4.5000000000000009
decision_type=2 2 2 2 2 2 2 2 2 2 2 2 2 2
left_child=1 2 4 5 -1 -3 7 11 -4 10 -5 12 -2 -13
right_child=6 3 8 9 -6 -7 -8 -9 -10 -11 -12 13 -14 -15
leaf_value=-0.00085310784867657268 1.9288179286558461e-05 -0.00035057153432770376 0.0031843257824030165 -0.00078544387207468702 -0.00077247461367365561 -0.00034076959327343834 1.0086572396604196 -0.10708520223265339 -0.0055492173001613927 0.01423638080028411 -0.082574174523586064 1.1654504713450251 0.53544890769305309 -0.049806744445179164
leaf_weight=328 1925 24 42 55 34 32 22 27 18 173 20 23 74 212
leaf_count=328 1925 24 42 55 34 32 22 27 18 173 20 23 74 212
internal_value=-0.00224917 -0.0105158 -0.016182 -0.00260656 -0.018719 -0.0157018 0.000380911 0.000229885 -0.000737705 0.000381526 -0.00552632 0.000422819 0.00081 -0.00283898
internal_weight=3009 726 422 304 362 56 2283 2261 60 248 75 2234 1999 235
internal_count=3009 726 422 304 362 56 2283 2261 60 248 75 2234 1999 235
is_linear=0
shrinkage=0.025


Tree=263
num_leaves=15
num_cat=0
split_feature=13 14 6 4 4 1 13 9 0 0 11 12 15 1
split_gain=103.12 51.9117 26.3405 19.2274 12.1886 8.73632 8.03797 10.4049 7.48221 6.95847 4.90359 4.66224 2.67115 2.11523
threshold=1.0000000180025095e-35 1.0000000180025095e-35 1.0000000180025095e-35 10.500000000000002 25.500000000000004 -1.0000000180025095e-35 1105.0000000000002 674.00000000000011 71.500000000000014 2.5000000000000004 512.50000000000011 312.50000000000006 125.50000000000001 -0.60785761079279388
decision_type=2 2 2 2 2 2 2 2 2 2 2 2 2 2
left_child=1 2 4 5 13 -3 7 9 -4 -2 -11 12 -5 -1
right_child=6 3 8 11 -6 -7 -8 -9 -10 10 -12 -13 -14 -15
leaf_value=-0.00083178015245965835 -0.025902549134737288 -5.458963860870364e-05 0.0042191130043537457 0.0010010696764442676 -0.0007531627483318142 -0.0003322503534416024 0.98344080866891093 -0.10440807217683812 -0.0034935842632575044 1.8805974804395055e-05 1.3490550810472344 0.99092322903722807 -0.14897644125860623 -0.00083178015245965835
leaf_weight=112 38 24 26 194 34 32 22 27 34 2175 21 20 34 216
leaf_count=112 38 24 26 194 34 32 22 27 34 2175 21 20 34 216
internal_value=-0.00231561 -0.0105158 -0.016182 -0.00260656 -0.018719 -0.0157018 0.000293345 0.000141468 -0.000737705 0.000333333 0.000521165 0.000381526 -0.000633188 -0.0201976
internal_weight=3009 726 422 304 362 56 2283 2261 60 2234 2196 248 228 328
internal_count=3009 726 422 304 362 56 2283 2261 60 2234 2196 248 228 328
is_linear=0
shrinkage=0.025


Tree=264
num_leaves=15
num_cat=0
split_feature=5 8 9 6 8 4 4 9 0 7 5 4 0 4
split_gain=86.5638 35.6872 22.5947 12.7314 10.8403 10.5682 25.0508 7.88242 7.26199 6.69291 6.41825 22.9302 6.58884 5.17167
threshold=1.0000000180025095e-35 1.0000000180025095e-35 1.0000000180025095e-35 2.5000000000000004 653.50000000000011 10.500000000000002 5.5000000000000009 186.50000000000003 2.5000000000000004 54.500000000000007 1.5000000000000002 10.500000000000002 4.5000000000000009 10.500000000000002
decision_type=2 2 2 2 2 2 2 2 2 2 2 2 2 2
left_child=1 2 3 13 8 6 -3 9 -2 -7 11 -10 -12 -1
right_child=4 5 -4 -5 -6 7 -8 -9 10 -11 12 -13 -14 -15
leaf_value=-0.00081098564864816682 -0.035267199055380567 0.0001328272535459343 0.00036655643552835907 -0.0017749652090219847 2.7865957604217559 -0.013674828598164055 -0.00032394409460556237 -0.18429525248282275 2.1405459723930489e-05 0.12813589112973389 0.096975908618881418 -0.001049530685098815 -1.0012563239680805e-05 -0.0007343336796235188
leaf_weight=125 34 42 47 43 19 170 45 23 56 101 50 71 1998 185
leaf_count=125 34 42 47 43 19 170 45 23 56 101 50 71 1998 185
internal_value=-0.00233223 -0.00948849 -0.0147007 -0.0168644 0.00017721 -0.00397906 -0.0115909 -0.00167797 9.04977e-06 -0.000441176 0.000193015 0.005625 -0.000143973 -0.0186334
internal_weight=3009 781 400 353 2228 381 87 294 2209 271 2175 127 2048 310
internal_count=3009 781 400 353 2228 381 87 294 2209 271 2175 127 2048 310
is_linear=0
shrinkage=0.025


Tree=265
num_leaves=15
num_cat=0
split_feature=13 14 6 4 4 1 13 5 16 16 4 5 4 10
split_gain=99.2217 53.5484 28.8671 20.1953 12.1886 8.73632 8.03797 9.53424 10.2115 7.28823 5.58031 10.8007 7.8273 4.82443
threshold=1.0000000180025095e-35 1.0000000180025095e-35 1.0000000180025095e-35 10.500000000000002 25.500000000000004 -1.0000000180025095e-35 1105.0000000000002 573.00000000000011 591.00000000000011 14.500000000000002 15.500000000000002 1.5000000000000002 18.500000000000004 350.00000000000006
decision_type=2 2 2 2 2 2 2 2 2 2 2 2 2 2
left_child=1 2 4 5 -1 -3 7 10 -9 -4 11 -2 -12 -5
right_child=6 3 9 13 -6 -7 -8 8 -10 -11 12 -13 -14 -15
leaf_value=-0.00079071100743196253 2.0935218088710684e-05 -4.5126295278346995e-05 0.0031002457441304272 -0.00079058420310293984 -0.00071597533763293093 -0.00031584549224042326 0.95885503876626788 -0.068051879168129409 0.77293230660845047 -0.005278773130850371 -0.01623537822550419 1.4713595717968932e-05 0.0012675387431672403 1.3202666487336665
leaf_weight=328 135 24 42 230 34 32 22 37 25 18 274 1024 766 18
leaf_count=328 135 24 42 230 34 32 22 37 25 18 274 1024 766 18
internal_value=-0.00226578 -0.0103095 -0.0160638 -0.00227869 -0.018719 -0.0157018 0.000293345 0.000141468 -0.00944444 0 0.000418182 0.00161207 -0.000907781 0.000783133
internal_weight=3009 726 422 304 362 56 2283 2261 62 60 2199 1159 1040 248
internal_count=3009 726 422 304 362 56 2283 2261 62 60 2199 1159 1040 248
is_linear=0
shrinkage=0.025


Tree=266
num_leaves=15
num_cat=0
split_feature=13 8 4 5 4 6 13 9 0 0 0 0 13 4
split_gain=103.538 57.8934 20.2755 18.9093 18.5433 9.62391 8.01368 10.4356 6.98855 6.4651 11.1258 5.42924 4.98192 2.78113
threshold=1.0000000180025095e-35 1.0000000180025095e-35 10.500000000000002 5.5000000000000009 5.5000000000000009 1.0000000180025095e-35 1105.0000000000002 674.00000000000011 2.5000000000000004 76.500000000000014 36.500000000000007 80.500000000000014 4.5000000000000009 10.500000000000002
decision_type=2 2 2 2 2 2 2 2 2 2 2 2 2 2
left_child=1 3 4 5 -3 13 7 8 -2 10 -4 -11 -10 -1
right_child=6 2 9 -5 -6 -7 -8 -9 12 11 -12 -13 -14 -15
leaf_value=-0.00077094323224616344 -0.023538501174672891 -0.00054691825793355773 0.027577982316281165 -0.000228211591139807 -0.00030794935493441266 -0.0011526829608055011 0.93488366279711388 -0.12112092772354686 2.0282047920736071e-05 0.27017818079719946 -0.060038628261038701 0.0012117960653278887 8.1089741144735335e-06 -0.00069807595419210753
leaf_weight=121 38 34 86 39 45 44 22 27 290 24 89 63 1906 181
leaf_count=121 38 34 86 39 45 44 22 27 290 24 89 63 1906 181
internal_value=-0.002299 -0.0105158 -0.00298246 -0.0171503 -0.014 -0.0190058 0.000315236 0.000163572 0.000355705 0.000361217 -0.00238636 0.00590909 0.000543924 -0.0206106
internal_weight=3009 726 341 385 79 346 2283 2261 2234 262 175 87 2196 302
internal_count=3009 726 341 385 79 346 2283 2261 2234 262 175 87 2196 302
is_linear=0
shrinkage=0.025


Tree=267
num_leaves=15
num_cat=0
split_feature=9 8 4 4 14 16 4 4 5 9 16 5 4 4
split_gain=85.4651 50.5954 13.432 25.9725 10.2847 8.70652 7.28091 11.2594 15.356 25.5763 14.217 11.0121 10.5533 9.74724
threshold=1.0000000180025095e-35 1.0000000180025095e-35 10.500000000000002 5.5000000000000009 1.5000000000000002 19.500000000000004 15.500000000000002 18.500000000000004 205.50000000000003 82.500000000000014 6.5000000000000009 1.5000000000000002 25.500000000000004 10.500000000000002
decision_type=2 2 2 2 2 2 2 2 2 2 2 2 2 2
left_child=1 4 3 5 -1 -3 11 8 9 -8 12 13 -9 -2
right_child=6 2 -4 -5 -6 -7 7 10 -10 -11 -12 -13 -14 -15
leaf_value=-0.00075166965144000941 1.9839891580597516e-05 -0.0031357530342434972 -0.001965610594277556 -0.00030025062106105237 0.0048441472811252941 0.0010953362826795273 -0.02059838907596543 -0.00073414697538019 -0.97621995012435436 0.035195886123649392 0.04137294189699068 1.399086804958205e-05 -0.016228051547657441 -0.00099946101993098621
leaf_weight=369 72 23 278 45 21 18 170 246 45 65 463 1084 72 38
leaf_count=369 72 23 278 45 21 18 170 246 45 65 463 1084 72 38
internal_value=-0.00231561 -0.00959603 -0.00286301 -0.0114368 -0.015844 0.00285714 0.000119681 -0.00138418 -0.00567616 -0.00305085 0.000153453 0.00146025 -0.00390282 0.00896396
internal_weight=3009 754 364 86 390 41 2255 1061 280 235 781 1194 318 110
internal_count=3009 754 364 86 390 41 2255 1061 280 235 781 1194 318 110
is_linear=0
shrinkage=0.025


Tree=268
num_leaves=15
num_cat=0
split_feature=13 8 6 4 4 14 4 13 9 10 4 15 9 4
split_gain=101.753 51.4273 21.9109 19.2195 18.5433 16.7795 8.62033 7.96522 10.4972 5.44674 4.70586 4.30041 9.76578 2.4109
threshold=1.0000000180025095e-35 1.0000000180025095e-35 1.0000000180025095e-35 10.500000000000002 5.5000000000000009 1.0000000180025095e-35 16.500000000000004 1105.0000000000002 674.00000000000011 350.00000000000006 22.500000000000004 534.00000000000011 505.00000000000006 10.500000000000002
decision_type=2 2 2 2 2 2 2 2 2 2 2 2 2 2
left_child=1 2 5 4 -3 13 -4 8 11 10 -5 12 -2 -1
right_child=7 3 6 9 -6 -7 -8 -9 -10 -11 -12 -13 -14 -15
leaf_value=-0.00073287791015400918 1.6908414872590649e-05 -0.00045485147562913139 -0.0050991949872729739 -0.0086764669738144569 -0.00029274435553452603 -0.0049202205528870281 0.0015190121796129525 0.91151122145548702 -0.093687405777350824 1.2864075186442705 0.067989297659838507 0.93642342032803472 -0.082510140095917006 -0.00066183231405130471
leaf_weight=121 2157 34 25 223 45 29 29 22 27 18 21 20 57 181
leaf_count=121 2157 34 25 223 45 29 29 22 27 18 21 20 57 181
internal_value=-0.00223256 -0.0103783 -0.0166321 -0.00327485 -0.014 -0.0190361 -0.00172727 0.000359019 0.000207781 0 -0.001 0.000400447 0.000291196 -0.0207756
internal_weight=3009 726 385 341 79 331 54 2283 2261 262 244 2234 2214 302
internal_count=3009 726 385 341 79 331 54 2283 2261 262 244 2234 2214 302
is_linear=0
shrinkage=0.025


Tree=269
num_leaves=15
num_cat=0
split_feature=13 8 6 4 4 14 13 9 0 0 0 0 16 0
split_gain=101.753 51.4273 21.9109 19.2195 18.5433 16.7795 7.96522 10.4972 7.0489 6.02455 10.1327 6.09174 4.9325 4.27053
threshold=1.0000000180025095e-35 1.0000000180025095e-35 1.0000000180025095e-35 10.500000000000002 5.5000000000000009 1.0000000180025095e-35 1105.0000000000002 674.00000000000011 2.5000000000000004 76.500000000000014 36.500000000000007 80.500000000000014 3.5000000000000004 4.5000000000000009
decision_type=2 2 2 2 2 2 2 2 2 2 2 2 2 2
left_child=1 2 5 4 -3 -1 7 8 -2 10 -5 -11 -4 -10
right_child=6 3 12 9 -6 -7 -8 -9 13 11 -12 -13 -14 -15
leaf_value=-0.00071455596240015899 -0.021404621802470561 -0.00044348018873840306 0.00038259383527029859 0.026612852791435659 -0.00028542574664616288 -0.0047972150390648508 0.88872344091910238 -0.091345220632916835 0.07769879405072562 0.26368977821647172 -0.059355074427591963 0.0014475531028969924 -0.0049717151125911498 1.4967372870412776e-05
leaf_weight=302 38 34 32 86 45 29 22 27 50 24 89 63 22 2146
leaf_count=302 38 34 32 86 45 29 22 27 50 24 89 63 22 2146
internal_value=-0.00223256 -0.0103783 -0.0166321 -0.00327485 -0.014 -0.0190361 0.000359019 0.000207781 0.000400447 0 -0.00267045 0.00534091 -0.00172727 0.00058944
internal_weight=3009 726 385 341 79 331 2283 2261 2234 262 175 87 54 2196
internal_count=3009 726 385 341 79 331 2283 2261 2234 262 175 87 54 2196
is_linear=0
shrinkage=0.025


Tree=270
num_leaves=15
num_cat=0
split_feature=9 8 6 4 4 14 16 0 4 5 6 4 15 1
split_gain=81.2486 46.6757 28.6169 13.432 25.9725 11.8583 8.70652 7.04802 6.59744 10.6022 11.064 9.74724 8.73191 11.4079
threshold=1.0000000180025095e-35 1.0000000180025095e-35 2.5000000000000004 10.500000000000002 5.5000000000000009 1.5000000000000002 19.500000000000004 2.5000000000000004 15.500000000000002 1.5000000000000002 320.50000000000006 10.500000000000002 1.5000000000000002 -0.60785761079279388
decision_type=2 2 2 2 2 2 2 2 2 2 2 2 2 2
left_child=1 2 5 4 6 -1 -3 -2 9 11 -11 -9 13 -10
right_child=7 3 -4 -5 -6 -7 -8 8 12 10 -12 -13 -14 -15
leaf_value=-0.00069669206334015501 -0.02086950625740798 -0.0030349009167782211 0.00010160658075779293 -0.0011740038523061491 -0.00027829010298000885 0.0049659794888959607 0.0010904111672217275 1.8546999597507386e-05 -0.015213032283817263 7.3937382379485335e-06 2.6775334822514667 -0.00097527138912628653 0.0028259684797735263 -0.0053574298086256581
leaf_weight=322 36 23 49 278 45 19 18 72 48 1050 20 38 602 389
leaf_count=322 36 23 49 278 45 19 18 72 48 1050 20 38 602 389
internal_value=-0.00223256 -0.00933113 -0.0153325 -0.00286301 -0.0114368 -0.0178947 0.00285714 0.000141844 0.000324324 0.00160457 0.000835668 0.00896396 -0.001125 -0.00381279
internal_weight=3009 754 390 364 86 341 41 2255 2219 1180 1070 110 1039 437
internal_count=3009 754 390 364 86 341 41 2255 2219 1180 1070 110 1039 437
is_linear=0
shrinkage=0.025


Tree=271
num_leaves=15
num_cat=0
split_feature=13 8 6 4 4 14 13 9 10 4 4 15 5 14
split_gain=100.454 48.3371 26.9291 18.6961 18.5433 16.7795 7.96522 10.4972 5.94283 5.87372 5.55979 4.30041 10.114 3.32373
threshold=1.0000000180025095e-35 1.0000000180025095e-35 1.0000000180025095e-35 10.500000000000002 5.5000000000000009 1.0000000180025095e-35 1105.0000000000002 674.00000000000011 34.500000000000007 22.500000000000004 16.500000000000004 534.00000000000011 533.50000000000011 53.500000000000007
decision_type=2 2 2 2 2 2 2 2 2 2 2 2 2 2
left_child=1 2 5 4 -3 -1 7 11 9 -5 -4 12 -2 -10
right_child=6 3 10 8 -6 -7 -8 -9 13 -11 -12 -13 -14 -15
leaf_value=-0.00067927476175665114 1.5647845189079024e-05 -0.00039683078463407622 -0.0048499623992953149 -0.01461455806561935 -0.0002713328504055086 -0.004296958855992794 0.8665051700526647 -0.089132239329089202 0.20246979840190882 0.0073105864185045947 0.0016227470545209111 0.91294181142351649 -0.096410873961448831 0.0139520564679259
leaf_weight=302 2169 34 25 112 45 29 22 27 32 19 29 20 45 99
leaf_count=302 2169 34 25 112 45 29 22 27 32 19 29 20 45 99
internal_value=-0.00221595 -0.0103095 -0.0163731 -0.00342105 -0.014 -0.0190361 0.000359019 0.000207781 -0.000171103 -0.00393939 0 0.000400447 0.000291196 0.00356061
internal_weight=3009 726 385 341 79 331 2283 2261 262 131 54 2234 2214 131
internal_count=3009 726 385 341 79 331 2283 2261 262 131 54 2234 2214 131
is_linear=0
shrinkage=0.025


Tree=272
num_leaves=15
num_cat=0
split_feature=13 8 4 4 5 13 9 0 14 10 0 11 15 9
split_gain=103.06 46.1576 17.6702 18.5433 17.1699 7.96522 10.4972 7.0489 6.39763 5.94577 6.18088 4.8455 3.21385 1.82362
threshold=1.0000000180025095e-35 1.0000000180025095e-35 10.500000000000002 5.5000000000000009 5.5000000000000009 1105.0000000000002 674.00000000000011 2.5000000000000004 1.0000000180025095e-35 350.00000000000006 72.500000000000014 512.50000000000011 9.5000000000000018 5.5000000000000009
decision_type=2 2 2 2 2 2 2 2 2 2 2 2 2 2
left_child=1 4 3 -3 8 6 7 -2 12 10 -4 -9 -1 -6
right_child=5 2 9 -5 13 -7 -8 11 -10 -11 -12 -13 -14 -15
leaf_value=-0.00066229289271273488 -0.019142828274519276 -0.00038691001501822432 -0.017689151901016231 -0.0002645495291453709 0.0044990056578369493 0.84484254080134635 -0.086903933345863049 1.4879718292792888e-05 -0.0086665420490954163 1.2535271246349424 0.0050359878222396405 1.2486659662080399 -0.0021974558682544784 -0.042168661530264467
leaf_weight=309 38 34 151 45 20 22 27 2175 19 18 93 21 18 19
leaf_count=309 38 34 151 45 20 22 27 2175 19 18 93 21 18 19
internal_value=-0.00224917 -0.010447 -0.00371345 -0.014 -0.0163731 0.000359019 0.000207781 0.000400447 -0.0181412 -0.000551331 -0.00161224 0.00058944 -0.0189634 -0.0005
internal_weight=3009 726 341 79 385 2283 2261 2234 346 262 244 2196 327 39
internal_count=3009 726 341 79 385 2283 2261 2234 346 262 244 2196 327 39
is_linear=0
shrinkage=0.025


Tree=273
num_leaves=15
num_cat=0
split_feature=13 8 6 14 1 12 13 11 0 0 4 4 4 4
split_gain=98.6372 51.6993 26.9291 16.7795 14.049 13.8859 7.84465 7.21536 7.76762 6.93679 5.58085 5.55979 4.87779 8.15291
threshold=1.0000000180025095e-35 1.0000000180025095e-35 1.0000000180025095e-35 1.0000000180025095e-35 -1.0000000180025095e-35 11.500000000000002 1105.0000000000002 16.500000000000004 72.500000000000014 2.5000000000000004 19.500000000000004 16.500000000000004 15.500000000000002 22.500000000000004
decision_type=2 2 2 2 2 2 2 2 2 2 2 2 2 2
left_child=1 2 3 -1 7 -6 9 10 -9 -2 -3 -4 -11 -14
right_child=6 4 11 -5 5 -7 -8 8 -10 12 -12 -13 13 -15
leaf_value=-0.00064573557039491645 -0.018664257567655797 -0.0042749884885508104 -0.0046737769426065702 -0.0039728713333655854 -0.0024594310367030713 -0.00026749268344464537 0.8237214772813104 -0.017246923103490987 0.0012716109218348592 1.7255240662644723e-05 0.0029627715145966629 0.0016371147748642505 -0.016545670839841053 0.00189867373208803
leaf_weight=302 38 39 25 29 42 45 22 103 86 1178 26 29 468 577
leaf_count=302 38 39 25 29 42 45 22 103 86 1178 26 29 468 577
internal_value=-0.00208306 -0.0101032 -0.0163731 -0.0190361 -0.00298246 -0.0115909 0.000468476 0 0.00247368 0.000318302 -0.00712121 0 0.000503597 -0.000736138
internal_weight=3009 726 385 331 341 87 2283 254 189 2261 65 54 2223 1045
internal_count=3009 726 385 331 341 87 2283 254 189 2261 65 54 2223 1045
is_linear=0
shrinkage=0.025


Tree=274
num_leaves=15
num_cat=0
split_feature=13 8 5 1 16 13 0 14 11 0 13 9 13 2
split_gain=103.777 48.3371 17.1699 12.6441 16.3989 7.77272 7.026 6.39763 6.08555 6.17662 5.08427 14.035 8.97051 4.72001
threshold=1.0000000180025095e-35 1.0000000180025095e-35 5.5000000000000009 -1.0000000180025095e-35 3.5000000000000004 1105.0000000000002 2.5000000000000004 1.0000000180025095e-35 16.500000000000004 33.500000000000007 10.500000000000002 10.500000000000002 36.500000000000007 1.0000000180025095e-35
decision_type=2 2 2 2 2 2 2 2 2 2 2 2 2 2
left_child=1 2 7 8 -5 6 -2 -1 13 -10 11 -8 -12 -3
right_child=5 3 -4 4 -6 -7 10 -9 9 -11 12 -13 -14 -15
leaf_value=-0.0006295921811350436 -0.018197651128463121 -0.0040969706214869618 -0.00023123743472265566 0.0010981891152988255 -0.0002608053663585292 0.80312844034928055 1.6953649361836633e-05 -0.0083505567145338907 0.12501991509244359 -2.5774846924583742e-05 -0.0021365263367432163 -0.04460220737529505 0.0033419732984233622 0.00047696540688499936
leaf_weight=327 38 38 39 36 51 22 521 19 51 138 409 55 1238 27
leaf_count=327 38 38 39 36 51 22 521 19 51 138 409 55 1238 27
internal_value=-0.00208306 -0.0103095 -0.0163731 -0.00342105 -0.0115909 0.000534151 0.000384615 -0.0181412 -0.000568627 0.00168421 0.000571043 0.00259099 -0.000133495 -0.00712121
internal_weight=3009 726 385 341 87 2283 2261 346 254 189 2223 576 1647 65
internal_count=3009 726 385 341 87 2283 2261 346 254 189 2223 576 1647 65
is_linear=0
shrinkage=0.025


Tree=275
num_leaves=15
num_cat=0
split_feature=9 8 6 4 4 14 16 4 5 6 2 5 9 5
split_gain=84.3163 46.6757 28.6169 13.432 25.9725 11.8583 8.70652 7.40135 14.1159 11.8865 8.47966 7.91912 6.8879 17.8906
threshold=1.0000000180025095e-35 1.0000000180025095e-35 2.5000000000000004 10.500000000000002 5.5000000000000009 1.5000000000000002 19.500000000000004 14.500000000000002 1.5000000000000002 320.50000000000006 -0.22252093395631442 946.50000000000011 179.50000000000003 119.50000000000001
decision_type=2 2 2 2 2 2 2 2 2 2 2 2 2 2
left_child=1 2 5 4 6 -1 -3 8 10 11 -2 -10 13 -9
right_child=7 3 -4 -5 -6 -7 -8 12 9 -11 -12 -13 -14 -15
leaf_value=-0.00061385237660666753 1.6387899407988015e-05 -0.0028714289637909183 0.0003694570266325897 -0.0011555856945563824 -0.00024472833967165722 0.0054740032254982588 0.0010515985061597349 -0.0018754803861966707 4.9563285731801805e-06 2.6105104012926166 1.6464913269911841e-05 0.78305022934054591 -0.14653067153270458 0.15227247101154689
leaf_weight=322 46 23 49 278 45 19 18 817 968 21 48 22 212 121
leaf_count=322 46 23 49 278 45 19 18 817 968 21 48 22 212 121
internal_value=-0.00209967 -0.00933113 -0.0153325 -0.00286301 -0.0114368 -0.0178947 0.00285714 0.000319149 0.00178119 0.000909091 0.011 0.000499495 -0.00108167 -0.00015442
internal_weight=3009 754 390 364 86 341 41 2255 1105 1011 94 990 1150 938
internal_count=3009 754 390 364 86 341 41 2255 1105 1011 94 990 1150 938
is_linear=0
shrinkage=0.025


Tree=276
num_leaves=15
num_cat=0
split_feature=9 8 6 4 4 14 16 4 5 6 2 5 6 4
split_gain=85.0921 46.6757 28.6169 13.432 25.9725 11.8583 8.70652 6.95989 14.1159 11.8865 8.47966 7.91912 7.05896 12.4576
threshold=1.0000000180025095e-35 1.0000000180025095e-35 2.5000000000000004 10.500000000000002 5.5000000000000009 1.5000000000000002 19.500000000000004 14.500000000000002 1.5000000000000002 320.50000000000006 -0.22252093395631442 946.50000000000011 219.50000000000003 22.500000000000004
decision_type=2 2 2 2 2 2 2 2 2 2 2 2 2 2
left_child=1 2 5 4 6 -1 -3 8 10 11 -2 -10 -9 -14
right_child=7 3 -4 -5 -6 -7 -8 12 9 -11 -12 -13 13 -15
leaf_value=-0.0005985060671915008 1.5978201922789428e-05 -0.0027996432396961454 0.0003602206009667749 -0.0011266960521924662 -0.00023861013117986579 0.0053371531448608012 0.0010253085435057417 -0.00044622058332122183 4.8324203588467899e-06 2.5452476412603007 1.6053290438164391e-05 0.7634739736070344 -0.80878811270914042 0.44691015346704754
leaf_weight=322 46 23 49 278 45 19 18 1067 968 21 48 22 53 30
leaf_count=322 46 23 49 278 45 19 18 1067 968 21 48 22 53 30
internal_value=-0.00206645 -0.00933113 -0.0153325 -0.00286301 -0.0114368 -0.0178947 0.00285714 0.000363475 0.00178119 0.000909091 0.011 0.000499495 -0.000994787 -0.00797619
internal_weight=3009 754 390 364 86 341 41 2255 1105 1011 94 990 1150 83
internal_count=3009 754 390 364 86 341 41 2255 1105 1011 94 990 1150 83
is_linear=0
shrinkage=0.025


Tree=277
num_leaves=15
num_cat=0
split_feature=13 8 6 4 4 14 13 0 10 4 13 5 13 4
split_gain=102.881 47.3718 26.5047 18.6961 18.5433 16.5023 7.74881 7.05586 5.61074 5.55979 4.97218 9.51812 9.14053 4.8831
threshold=1.0000000180025095e-35 1.0000000180025095e-35 1.0000000180025095e-35 10.500000000000002 5.5000000000000009 1.0000000180025095e-35 1105.0000000000002 2.5000000000000004 350.00000000000006 16.500000000000004 10.500000000000002 14.500000000000002 36.500000000000007 22.500000000000004
decision_type=2 2 2 2 2 2 2 2 2 2 2 2 2 2
left_child=1 2 5 4 -3 -1 7 -2 13 -4 11 -9 -12 -5
right_child=6 3 9 8 -6 -7 -8 10 -10 -11 12 -13 -14 -15
leaf_value=-0.00058354341551171321 -0.021497575733791054 -0.00024323366228090506 -0.0045594346552030145 -0.0061468035865761758 -0.00023264487790036916 -0.0036067431079301552 0.74438712426685927 1.571685303508874e-05 1.2226919508415557 0.001642235671115975 -0.0020833578970480106 -0.013595621626268942 0.0033092999099761933 0.063275790375871971
leaf_weight=302 38 34 25 223 45 29 22 509 18 29 409 67 1238 21
leaf_count=302 38 34 25 223 45 29 22 509 18 29 409 67 1238 21
internal_value=-0.00204983 -0.0102407 -0.0162435 -0.00342105 -0.014 -0.0188855 0.000556042 0.00040672 -0.000171103 0 0.000593525 0.00259099 -0.000103155 -0.00120408
internal_weight=3009 726 385 341 79 331 2283 2261 262 54 2223 576 1647 244
internal_count=3009 726 385 341 79 331 2283 2261 262 54 2223 576 1647 244
is_linear=0
shrinkage=0.025


Tree=278
num_leaves=15
num_cat=0
split_feature=13 14 6 4 8 16 1 13 0 10 1 13 9 13
split_gain=103.299 48.3486 33.7453 19.2274 11.8386 9.24685 8.73632 7.72494 7.08578 6.14213 5.33839 5.2969 14.2404 9.14053
threshold=1.0000000180025095e-35 1.0000000180025095e-35 1.0000000180025095e-35 10.500000000000002 1.0000000180025095e-35 14.500000000000002 -1.0000000180025095e-35 1105.0000000000002 2.5000000000000004 11.500000000000002 -0.60785761079279388 10.500000000000002 10.500000000000002 36.500000000000007
decision_type=2 2 2 2 2 2 2 2 2 2 2 2 2 2
left_child=1 2 4 6 -1 -4 -3 8 -2 -5 -11 12 -10 -13
right_child=7 3 5 9 -6 -7 -8 -9 11 10 -12 13 -14 -15
leaf_value=-0.00056895483012392044 -0.020960136340447379 -7.2308920326718458e-06 0.003300489213667478 -0.014269492848163957 -0.0035852924733381733 -0.0044454487888229395 -0.00022682875595285993 0.72577744616018558 1.5351983489797495e-05 0.0050896693581441001 0.10253519052085043 -0.0020312739496217702 -0.043089219126018007 0.0032265674122267996
leaf_weight=302 38 24 42 75 60 18 32 22 521 155 18 409 55 1238
leaf_count=302 38 24 42 75 60 18 32 22 521 155 18 409 55 1238
internal_value=-0.00203322 -0.0102407 -0.0157092 -0.00260656 -0.0185813 0.00155738 -0.0157018 0.000577933 0.000428824 0.000381526 0.00298851 0.000616007 0.00267764 -0.000103155
internal_weight=3009 726 422 304 362 60 56 2283 2261 248 173 2223 576 1647
internal_count=3009 726 422 304 362 60 56 2283 2261 248 173 2223 576 1647
is_linear=0
shrinkage=0.025


Tree=279
num_leaves=15
num_cat=0
split_feature=13 5 8 6 6 4 13 14 0 10 6 14 0 2
split_gain=103.717 53.3997 23.1661 13.8731 12.0197 14.1111 7.7011 7.3165 7.11576 6.99683 6.56378 5.80487 5.31412 7.15599
threshold=1.0000000180025095e-35 2.5000000000000004 1.5000000000000002 1.0000000180025095e-35 9.5000000000000018 10.500000000000002 1105.0000000000002 40.500000000000007 2.5000000000000004 309.00000000000006 5.5000000000000009 1.0000000180025095e-35 29.500000000000004 -0.22252093395631442
decision_type=2 2 2 2 2 2 2 2 2 2 2 2 2 2
left_child=1 2 3 11 7 -6 8 -4 -2 12 -5 -1 -3 -14
right_child=6 9 4 10 5 -7 -8 -9 -10 -11 -12 -13 13 -15
leaf_value=-0.00055473095937082239 -0.020436132931935448 0.025670283218834796 -0.002943135305354891 0.00039223971783410895 -0.00022115803705403844 -0.0038808745286274871 0.70763301000617962 0.00053042314545496559 1.4305977250811398e-05 1.1919974103365625 -0.0043343125691023658 -0.02571320257499269 -0.027457806737353502 0.0040121793798460169
leaf_weight=285 38 52 78 19 40 33 22 18 2223 20 23 19 66 73
leaf_count=285 38 52 78 19 40 33 22 18 2223 20 23 19 66 73
internal_value=-0.00201661 -0.0102407 -0.0145736 -0.0182853 -0.00688235 -0.0144595 0.000599825 -0.000979381 0.000450928 0.000330189 -0.00453488 -0.0201475 -0.00114583 -0.00371429
internal_weight=3009 726 515 346 169 73 2283 96 2261 211 42 304 191 139
internal_count=3009 726 515 346 169 73 2283 96 2261 211 42 304 191 139
is_linear=0
shrinkage=0.025


Tree=280
num_leaves=15
num_cat=0
split_feature=13 8 6 4 4 5 13 0 10 4 9 13 13 5
split_gain=106.365 47.2412 26.9291 18.1796 18.5433 10.9307 7.7011 7.11576 5.77714 5.55979 5.2123 12.519 11.4726 4.34104
threshold=1.0000000180025095e-35 1.0000000180025095e-35 1.0000000180025095e-35 10.500000000000002 5.5000000000000009 5.5000000000000009 1105.0000000000002 2.5000000000000004 350.00000000000006 16.500000000000004 10.500000000000002 12.500000000000002 16.500000000000004 191.50000000000003
decision_type=2 2 2 2 2 2 2 2 2 2 2 2 2 2
left_child=1 2 5 4 -3 -1 7 -2 13 -4 12 -12 -9 -5
right_child=6 3 9 8 -6 -7 -8 10 -10 -11 11 -13 -14 -15
leaf_value=-0.00054086268538655179 -0.019925229608635676 -0.00016208737665799781 -0.0042259547548748073 -0.00056641473834055938 -0.00021562908612768751 -0.00036509028757528183 0.68994218475602342 1.5086847846090824e-05 1.1621974750781483 0.0017025100061127962 -0.04201234629729883 0.0007984831360730027 -0.041265841973557121 -0.21589323922507975
leaf_weight=302 38 34 25 226 45 29 22 547 18 29 87 1461 128 18
leaf_count=302 38 34 25 226 45 29 22 547 18 29 87 1461 128 18
internal_value=-0.00204983 -0.0103783 -0.0163731 -0.00356725 -0.014 -0.0190361 0.000599825 0.000450928 -0.000361217 0 0.000638489 -0.000158167 0.00247041 -0.00140816
internal_weight=3009 726 385 341 79 331 2283 2261 262 54 2223 1548 675 244
internal_count=3009 726 385 341 79 331 2283 2261 262 54 2223 1548 675 244
is_linear=0
shrinkage=0.025


Tree=281
num_leaves=15
num_cat=0
split_feature=13 14 6 8 1 15 16 0 14 14 0 4 13 9
split_gain=100.277 55.21 31.481 12.1654 11.6085 19.476 8.23976 7.2579 7.00737 10.7486 10.1164 5.14546 24.1358 22.3432
threshold=1.0000000180025095e-35 1.0000000180025095e-35 1.0000000180025095e-35 1.0000000180025095e-35 -1.0000000180025095e-35 18.500000000000004 14.500000000000002 2.5000000000000004 34.500000000000007 19.500000000000004 72.500000000000014 10.500000000000002 384.50000000000006 359.00000000000006
decision_type=2 2 2 2 2 2 2 2 2 2 2 2 2 2
left_child=1 2 3 -1 8 -6 -4 -2 9 -3 -10 12 13 -9
right_child=7 4 6 -5 5 -7 -8 11 10 -11 -12 -13 -14 -15
leaf_value=-0.00052734111825188796 -0.019427098868420957 0.0048762835081528344 0.0031656082402271193 -0.0034180295944543971 0.0023694128813814305 -0.00021979525150240409 -0.0041203058860029371 1.3571156623387593e-05 -0.020041303634851994 -0.091283818575208397 0.0011855955633583808 -0.00013449979706507966 1.2236545236409073 -0.085278962852548545
leaf_weight=302 38 58 42 60 40 41 18 690 76 22 67 1479 55 21
leaf_count=302 38 58 42 60 40 41 18 690 76 22 67 1479 55 21
internal_value=-0.00201661 -0.0101032 -0.0159456 -0.018719 -0.00195082 -0.01 0.000737705 0.000556042 0.000982143 -0.00487654 0.00430556 0.000743544 0.00240548 0.00115169
internal_weight=3009 726 422 362 304 81 60 2283 223 80 143 2245 766 711
internal_count=3009 726 422 362 304 81 60 2283 223 80 143 2245 766 711
is_linear=0
shrinkage=0.025


Tree=282
num_leaves=15
num_cat=0
split_feature=9 14 6 4 7 1 12 9 4 16 4 0 11 14
split_gain=85.4732 40.462 30.2682 19.1105 10 8.73632 7.09449 4.96918 15.0173 10.311 11.6176 7.70834 8.37168 4.98609
threshold=1.0000000180025095e-35 1.0000000180025095e-35 1.5000000000000002 10.500000000000002 1.0000000180025095e-35 -1.0000000180025095e-35 5.5000000000000009 266.50000000000006 4.5000000000000009 201.50000000000003 25.500000000000004 105.50000000000001 358.50000000000006 12.500000000000002
decision_type=2 2 2 2 2 2 2 2 2 2 2 2 2 2
left_child=1 2 4 5 6 -3 -1 9 -9 13 -11 12 -10 -2
right_child=7 3 -4 -5 -6 -7 -8 8 11 10 -12 -13 -14 -15
leaf_value=-0.00051415759029559084 -1.4031820574467169e-05 -2.5770330736271421e-05 0.00039939139190133351 0.00071285980610564798 -0.00080521750579438673 -0.00020474347768693522 -0.00045918725186360496 1.7453153407817084 -0.083146988781234665 0.019570335406413619 1.647297796473614 0.010017195689145809 0.36276103883511301 0.019866814630193554
leaf_weight=313 1536 24 70 259 30 32 26 29 187 47 24 33 48 351
leaf_count=313 1536 24 70 259 30 32 26 29 187 47 24 33 48 351
internal_value=-0.00218272 -0.00946358 -0.0143636 -0.00259494 -0.0172162 -0.0157018 -0.0184412 0.00025266 -0.00275168 0.000712098 0.01 -0.00462825 -0.00622881 0.000354873
internal_weight=3009 754 439 315 369 56 339 2255 297 1958 71 268 235 1887
internal_count=3009 754 439 315 369 56 339 2255 297 1958 71 268 235 1887
is_linear=0
shrinkage=0.025


Tree=283
num_leaves=15
num_cat=0
split_feature=13 14 6 4 8 1 16 9 13 13 10 4 8 0
split_gain=103.897 51.009 28.8671 19.2274 12.1654 8.73632 8.60914 5.54011 11.8388 10.13 9.63437 8.9184 10.537 8.1709
threshold=1.0000000180025095e-35 1.0000000180025095e-35 1.0000000180025095e-35 10.500000000000002 1.0000000180025095e-35 -1.0000000180025095e-35 13.500000000000002 10.500000000000002 12.500000000000002 16.500000000000004 16.500000000000004 25.500000000000004 2.5000000000000004 32.500000000000007
decision_type=2 2 2 2 2 2 2 2 2 2 2 2 2 2
left_child=1 2 4 5 -1 -3 -4 9 10 11 -9 -2 -13 -11
right_child=7 3 6 -5 -6 -7 -8 8 -10 13 -12 12 -14 -15
leaf_value=-0.00050130365053820103 1.5833274226526028e-05 -2.5126072467864639e-05 0.0033871897591805328 0.0002094785342162453 -0.0033204120440660473 -0.00019962489074476183 -0.0040272830236503972 -0.048346178639554052 6.4270286036816065e-05 0.13213966230727295 0.1131846343299809 -0.012943654314873926 0.048702545849314841 -0.058033195732548754
leaf_weight=302 485 24 41 248 60 32 19 68 1507 35 19 46 29 94
leaf_count=302 485 24 41 248 60 32 19 68 1507 35 19 46 29 94
internal_value=-0.00221595 -0.010447 -0.0160638 -0.00260656 -0.018719 -0.0157018 0 0.000402802 -0.000404389 0.00227536 -0.00931818 0.0037344 -0.00421053 -0.004
internal_weight=3009 726 422 304 362 56 60 2283 1594 689 87 560 75 129
internal_count=3009 726 422 304 362 56 60 2283 1594 689 87 560 75 129
is_linear=0
shrinkage=0.025


Tree=284
num_leaves=15
num_cat=0
split_feature=5 8 6 9 8 4 4 9 16 5 4 7 9 9
split_gain=85.6 30.8139 27.008 11.6401 10.5994 10.2032 25.0508 7.68568 7.15016 6.95593 6.7568 5.91486 6.73792 5.84096
threshold=1.0000000180025095e-35 1.0000000180025095e-35 1.0000000180025095e-35 1.0000000180025095e-35 653.50000000000011 10.500000000000002 5.5000000000000009 186.50000000000003 5.5000000000000009 573.00000000000011 10.500000000000002 347.00000000000006 330.00000000000006 1.5000000000000002
decision_type=2 2 2 2 2 2 2 2 2 2 2 2 2 2
left_child=1 2 3 -1 9 6 -3 8 -7 11 -11 -2 -13 -4
right_child=4 5 13 -5 -6 7 -8 -9 -10 10 -12 12 -14 -15
leaf_value=-0.00048877105927474596 4.5858495337558484e-06 1.7332973910213353e-05 -0.0027009709025937745 -0.0058253967888952738 2.6133436486120587 0.011590669822548706 -0.0001946342684761428 -0.1736678042400108 -0.032502794349650976 0.64417933500847657 -0.20082876764785454 1.836395564015453 0.071479046418963327 0.010828452577360382
leaf_weight=296 2097 42 57 28 19 156 45 23 115 27 47 18 20 19
leaf_count=296 2097 42 57 28 19 156 45 23 115 27 47 18 20 19
internal_value=-0.00211628 -0.00923274 -0.0140773 -0.0172154 0.000379094 -0.00410995 -0.0115909 -0.00184746 -0.000625 0.00021267 -0.00726667 0.000477528 0.0101282 -0.000584416
internal_weight=3009 781 400 324 2228 381 87 294 271 2209 74 2135 38 76
internal_count=3009 781 400 324 2228 381 87 294 271 2209 74 2135 38 76
is_linear=0
shrinkage=0.025


Tree=285
num_leaves=15
num_cat=0
split_feature=13 14 4 8 5 1 9 13 13 10 13 12 15 13
split_gain=107.337 51.9117 19.2274 14.1654 9.19643 8.73632 7.13931 11.8388 11.3533 9.63437 8.11043 7.04124 6.70198 6.48453
threshold=1.0000000180025095e-35 1.0000000180025095e-35 10.500000000000002 5.5000000000000009 5.5000000000000009 -1.0000000180025095e-35 10.500000000000002 12.500000000000002 14.500000000000002 16.500000000000004 8.5000000000000018 1.0000000180025095e-35 2.5000000000000004 34.500000000000007
decision_type=2 2 2 2 2 2 2 2 2 2 2 2 2 2
left_child=1 3 5 4 -1 -3 8 9 10 12 11 -2 -8 -10
right_child=6 2 -4 -5 -6 -7 7 -9 13 -11 -12 -13 -14 -15
leaf_value=-0.00047655178279287731 3.3352616852555531e-06 -1.9632063944264452e-05 0.00020412692462279391 -0.0017891540596225487 -0.00022043115464751413 -0.00018976841176423923 -0.047758281261775663 6.2548882647917034e-05 -0.061298881665487484 0.11035490382549305 0.0051381122167770245 0.0026385775557288397 -0.044928726706845626 0.0034718462803164773
leaf_weight=355 348 24 248 42 25 32 46 1507 53 19 71 135 22 82
leaf_count=355 348 24 248 42 25 32 46 1507 53 19 71 135 22 82
internal_value=-0.0021495 -0.0105158 -0.00260656 -0.016182 -0.0177034 -0.0157018 0.000512259 -0.000404389 0.00263768 -0.00931818 0.00422523 0.00303719 -0.0136957 -0.00382353
internal_weight=3009 726 304 422 380 56 2283 1594 689 87 554 483 68 135
internal_count=3009 726 304 422 380 56 2283 1594 689 87 554 483 68 135
is_linear=0
shrinkage=0.025


Tree=286
num_leaves=15
num_cat=0
split_feature=13 14 6 4 8 1 0 13 5 6 10 5 1 4
split_gain=106.911 51.9117 26.3405 19.2274 12.1654 8.73632 7.48221 7.20104 6.79384 9.23277 5.14237 4.9769 4.77426 4.42394
threshold=1.0000000180025095e-35 1.0000000180025095e-35 1.0000000180025095e-35 10.500000000000002 1.0000000180025095e-35 -1.0000000180025095e-35 71.500000000000014 5.5000000000000009 14.500000000000002 3.5000000000000004 350.00000000000006 191.50000000000003 -0.60785761079279388 11.500000000000002
decision_type=2 2 2 2 2 2 2 2 2 2 2 2 2 2
left_child=1 2 4 5 -1 -3 -4 8 9 -2 11 -5 -6 -9
right_child=7 3 6 10 12 -7 -8 13 -10 -11 -12 -13 -14 -15
leaf_value=-0.00046463798822305537 1.3493178741422197e-05 -1.9141262345657837e-05 0.0035761493842300916 0.00019902375150733232 0.00040397183946004855 -0.00018502420147013324 -0.0032753239631378782 6.098516058159476e-05 -0.019784294241021738 0.01535170414390113 1.1127891837673318 -0.21230367349056645 -0.0042348044975295956 -0.0065676247972380258
leaf_weight=302 310 24 26 212 26 32 34 721 23 40 18 18 34 1189
leaf_count=302 310 24 26 212 26 32 34 721 23 40 18 18 34 1189
internal_value=-0.00216611 -0.0105158 -0.016182 -0.00260656 -0.018719 -0.0157018 -0.000737705 0.000490368 0.0036631 0.00454416 0.000381526 -0.000627706 -0.00811475 -0.000128205
internal_weight=3009 726 422 304 362 56 60 2283 373 350 248 230 60 1910
internal_count=3009 726 422 304 362 56 60 2283 373 350 248 230 60 1910
is_linear=0
shrinkage=0.025


Tree=287
num_leaves=15
num_cat=0
split_feature=13 14 6 4 8 1 13 5 6 16 10 1 10 13
split_gain=106.002 55.4056 23.9256 20.1953 12.1654 8.73632 7.10241 6.79384 9.23277 6.69623 5.62535 4.77426 4.41201 4.31154
threshold=1.0000000180025095e-35 1.0000000180025095e-35 1.0000000180025095e-35 10.500000000000002 1.0000000180025095e-35 -1.0000000180025095e-35 5.5000000000000009 14.500000000000002 3.5000000000000004 13.500000000000002 11.500000000000002 -0.60785761079279388 1.0000000180025095e-35 1105.0000000000002
decision_type=2 2 2 2 2 2 2 2 2 2 2 2 2 2
left_child=1 2 4 5 -1 -3 7 8 12 -4 -5 -6 -2 -8
right_child=6 3 9 10 11 -7 13 -9 -10 -11 -12 -13 -14 -15
leaf_value=-0.00045302203851747895 1.2651484117490175e-05 -1.8662730787016393e-05 0.0031255955944152788 -0.01426982783454629 0.00039387254347354739 -0.00018039859643337991 -9.9862112599291572e-05 -0.019289686884996195 0.014967911540303601 -0.003765279781846024 0.011290824310081505 -0.0041289343850913554 0.0067542967935635689 0.62807176328218484
leaf_weight=302 273 24 41 75 26 32 1888 23 40 19 173 34 37 22
leaf_count=302 273 24 41 75 26 32 1888 23 40 19 173 34 37 22
internal_value=-0.00213289 -0.010447 -0.0163002 -0.00227869 -0.018719 -0.0157018 0.000512259 0.0036631 0.00454416 -0.00155738 0.000783133 -0.00811475 0.00303859 -0.000102041
internal_weight=3009 726 422 304 362 56 2283 373 350 60 248 60 310 1910
internal_count=3009 726 422 304 362 56 2283 373 350 60 248 60 310 1910
is_linear=0
shrinkage=0.025


Tree=288
num_leaves=15
num_cat=0
split_feature=13 14 6 8 5 6 0 13 5 14 0 13 0 13
split_gain=106.487 51.9117 26.3405 12.1654 11.8176 11.3538 7.48221 6.11374 8.11001 10.3777 8.60754 20.7851 11.1882 7.4049
threshold=1.0000000180025095e-35 1.0000000180025095e-35 1.0000000180025095e-35 1.0000000180025095e-35 4.5000000000000009 3.5000000000000004 71.500000000000014 10.500000000000002 14.500000000000002 1.0000000180025095e-35 87.500000000000014 6.5000000000000009 58.500000000000007 36.500000000000007
decision_type=2 2 2 2 2 2 2 2 2 2 2 2 2 2
left_child=1 2 3 -1 5 -3 -4 8 10 -10 12 -12 -2 -9
right_child=7 4 6 -5 -6 -7 -8 13 9 -11 11 -13 -14 -15
leaf_value=-0.00044169648755454198 1.0468977609337516e-05 -0.0026423848609165692 0.0034086057597639552 -0.0030168278006768058 0.0044575059301479314 -0.00017588863152254543 -0.003219043689197443 -0.0020031135137704935 -0.018807444712871289 0.0074084419061347662 1.2997403666292762e-05 -0.00018053597491816121 0.0077784549861021571 0.0031269835878739551
leaf_weight=302 336 70 26 60 163 71 34 409 49 18 77 34 75 1285
leaf_count=302 336 70 26 60 163 71 34 409 49 18 77 34 75 1285
internal_value=-0.00218272 -0.0105158 -0.016182 -0.018719 -0.00260656 -0.00788732 -0.000737705 0.000468476 0.00266102 -0.00544118 0.00371893 -0.00241071 0.00538835 -0.000292035
internal_weight=3009 726 422 362 304 141 60 2283 589 67 522 111 411 1694
internal_count=3009 726 422 362 304 141 60 2283 589 67 522 111 411 1694
is_linear=0
shrinkage=0.025


Tree=289
num_leaves=15
num_cat=0
split_feature=13 14 6 4 8 2 16 9 4 4 16 13 14 13
split_gain=102.644 51.009 28.8671 19.2274 12.1654 8.73632 8.60914 7.69138 16.7668 9.10794 12.3419 9.02408 12.8376 10.2056
threshold=1.0000000180025095e-35 1.0000000180025095e-35 1.0000000180025095e-35 10.500000000000002 1.0000000180025095e-35 -0.22252093395631442 13.500000000000002 175.50000000000003 3.5000000000000004 22.500000000000004 348.50000000000006 141.50000000000003 126.50000000000001 149.50000000000003
decision_type=2 2 2 2 2 2 2 2 2 2 2 2 2 2
left_child=1 2 4 5 -1 -3 -4 11 -9 10 -10 12 -2 -13
right_child=7 3 6 -5 -6 -7 -8 8 9 -11 -12 13 -14 -15
leaf_value=-0.00043065407536567842 3.962079503327942e-06 -0.00018104830826239055 0.003127931796784833 0.00031898365271434417 -0.0029414071056598854 -0.00017149141573448179 -0.0035906716950699375 1.3920715774425738 -0.021885159441703196 0.16712703054038835 -1.2072978478915541 0.59130315621314666 1.1720025969790979 0.079185868008288918
leaf_weight=302 1712 24 41 248 60 32 19 31 270 96 27 20 28 99
leaf_count=302 1712 24 41 248 60 32 19 31 270 96 27 20 28 99
internal_value=-0.00226578 -0.010447 -0.0160638 -0.00260656 -0.018719 -0.0157018 0 0.000337128 -0.00269412 -0.00411168 -0.00627517 0.00103226 0.000571511 0.00766667
internal_weight=3009 726 422 304 362 56 60 2283 424 393 297 1859 1740 119
internal_count=3009 726 422 304 362 56 60 2283 424 393 297 1859 1740 119
is_linear=0
shrinkage=0.025


Tree=290
num_leaves=15
num_cat=0
split_feature=13 14 6 4 8 1 16 13 13 11 13 13 4 13
split_gain=106.487 51.9117 26.3405 19.2274 12.1654 8.73632 6.41651 6.07141 14.2448 18.2963 10.0086 7.55946 10.6119 10.1934
threshold=1.0000000180025095e-35 1.0000000180025095e-35 1.0000000180025095e-35 10.500000000000002 1.0000000180025095e-35 -1.0000000180025095e-35 14.500000000000002 19.500000000000004 36.500000000000007 24.500000000000004 27.500000000000004 41.500000000000007 10.500000000000002 44.500000000000007
decision_type=2 2 2 2 2 2 2 2 2 2 2 2 2 2
left_child=1 2 4 5 -1 -3 -4 -2 9 10 -9 12 -10 -13
right_child=7 3 6 -5 -6 -7 -8 8 11 -11 -12 13 -14 -15
leaf_value=-0.00041988772348153648 1.2478785742131571e-05 -9.5116613359153004e-06 0.0027448235408098435 0.00031100906139656107 -0.0028678719280183884 -0.00016720413034111974 -0.0035009049026931889 -0.037596457664836616 0.0087513156418170378 0.044334286716879313 -0.0079831294744412418 -0.023352127099028942 -0.0046825590598665199 0.0024849357584852075
leaf_weight=302 760 24 42 248 60 32 18 91 46 49 98 48 53 1138
leaf_count=302 760 24 42 248 60 32 18 91 46 49 98 48 53 1138
internal_value=-0.00218272 -0.0105158 -0.016182 -0.00260656 -0.018719 -0.0157018 -0.000737705 0.000468476 -0.000439633 -0.00604603 -0.00957895 0.000598756 0.0072 3.79107e-05
internal_weight=3009 726 422 304 362 56 60 2283 1523 238 189 1285 99 1186
internal_count=3009 726 422 304 362 56 60 2283 1523 238 189 1285 99 1186
is_linear=0
shrinkage=0.025


Tree=291
num_leaves=15
num_cat=0
split_feature=13 8 5 4 4 6 11 0 13 13 11 13 13 4
split_gain=109.17 55.5075 17.3076 17.0418 20.8259 9.88059 6.20314 6.5177 6.07141 14.2448 18.2963 10.0086 7.55946 10.6119
threshold=1.0000000180025095e-35 1.0000000180025095e-35 15.500000000000002 10.500000000000002 5.5000000000000009 1.0000000180025095e-35 16.500000000000004 72.500000000000014 19.500000000000004 36.500000000000007 24.500000000000004 27.500000000000004 41.500000000000007 10.500000000000002
decision_type=2 2 2 2 2 2 2 2 2 2 2 2 2 2
left_child=1 2 5 4 -3 -1 -5 -8 -2 10 11 -10 13 -11
right_child=8 3 -4 6 -6 -7 7 -9 9 12 -12 -13 -14 -15
leaf_value=-0.00040939053039449805 1.2166816098577172e-05 6.4083422235281288e-05 0.004007712657729764 -0.00438634606221014 -0.00016302402708259176 -0.0013899340131651341 -0.02042703657048435 0.15512869573276991 -0.036656546223215701 0.0085325327507716157 0.043225929548957348 -0.0077835512375802555 0.00016419798692162148 -0.0045654950833698754
leaf_weight=314 760 34 25 88 45 46 111 63 91 46 49 98 1186 53
leaf_count=314 760 34 25 88 45 46 111 63 91 46 49 98 1186 53
internal_value=-0.00221595 -0.0106534 -0.0171503 -0.00327485 -0.013375 -0.0185457 -0.000171103 0.00254286 0.000468476 -0.000439633 -0.00604603 -0.00957895 0.000598756 0.0072
internal_weight=3009 726 385 341 79 360 262 174 2283 1523 238 189 1285 99
internal_count=3009 726 385 341 79 360 262 174 2283 1523 238 189 1285 99
is_linear=0
shrinkage=0.025


Tree=292
num_leaves=15
num_cat=0
split_feature=13 8 6 14 4 4 0 13 5 4 4 4 13 11
split_gain=105.459 52.57 19.3312 18.4479 17.5417 20.8259 5.70235 5.55368 7.04579 14.4524 9.96224 6.58914 11.8427 11.4623
threshold=1.0000000180025095e-35 1.0000000180025095e-35 1.5000000000000002 1.0000000180025095e-35 10.500000000000002 5.5000000000000009 2.5000000000000004 5.5000000000000009 1.5000000000000002 11.500000000000002 10.500000000000002 11.500000000000002 674.00000000000011 35.500000000000007
decision_type=2 2 2 2 2 2 2 2 2 2 2 2 2 2
left_child=1 2 3 -1 5 -3 -2 8 10 -10 -8 13 -13 -9
right_child=6 4 -4 -5 -6 -7 7 11 9 -11 -12 12 -14 -15
leaf_value=-0.0003991557671346356 -0.027314018274016166 6.2481336679399272e-05 -0.0016066805231898908 0.0022104684275348454 -0.00016496474435568899 -0.00015894842640552697 1.1862645696111841e-05 0.00046468313709269182 -1.7556197784573959e-05 0.0020166943991639179 0.0028257627732963266 -0.0035504133399210328 -0.3687989535919684 -0.019642608938710462
leaf_weight=308 38 34 47 30 262 45 57 612 77 132 99 1148 21 99
leaf_count=308 38 34 47 30 262 45 57 612 77 132 99 1148 21 99
internal_value=-0.00201661 -0.0103095 -0.0166321 -0.0187168 -0.00312865 -0.013375 0.000621716 0.000788068 0.00360656 0.000571429 0.00761146 0.000236576 -0.00091453 0.00213483
internal_weight=3009 726 385 338 341 79 2283 2245 365 209 156 1880 1169 711
internal_count=3009 726 385 338 341 79 2283 2245 365 209 156 1880 1169 711
is_linear=0
shrinkage=0.025


Tree=293
num_leaves=15
num_cat=0
split_feature=13 8 6 14 4 4 13 13 9 13 4 5 4 4
split_gain=99.6316 52.57 19.3312 18.4479 17.5417 20.8259 6.78564 14.5102 13.486 12.2263 7.25516 6.68769 13.9162 12.1257
threshold=1.0000000180025095e-35 1.0000000180025095e-35 1.5000000000000002 1.0000000180025095e-35 10.500000000000002 5.5000000000000009 5.5000000000000009 8.5000000000000018 6.5000000000000009 10.500000000000002 10.500000000000002 1.5000000000000002 11.500000000000002 25.500000000000004
decision_type=2 2 2 2 2 2 2 2 2 2 2 2 2 2
left_child=1 2 3 -1 5 -3 11 8 -8 -9 -11 13 -13 -2
right_child=6 4 -4 -5 -6 -7 7 9 -10 10 -12 12 -14 -15
leaf_value=-0.00038917687295626975 1.3060132824979643e-05 6.0919303262414283e-05 -0.0015665135101101434 0.0021552067168464752 -0.00016084062574680538 -0.00015497471574538879 0.026306447736762936 0.0028852730513194928 -0.00018053044977011103 0.0036782759903488229 -0.009970905449947054 -1.7117292839963218e-05 0.0015610169094495865 -0.013302650457002588
leaf_weight=308 142 34 47 30 262 45 29 65 122 557 1137 77 135 19
leaf_count=308 142 34 47 30 262 45 29 65 122 557 1137 77 135 19
internal_value=-0.00224917 -0.0103095 -0.0166321 -0.0187168 -0.00312865 -0.013375 0.000315236 -0.000285191 -0.00769737 0.000352273 -5.60472e-05 0.00339572 0.000446009 0.00722222
internal_weight=3009 726 385 338 341 79 2283 1910 151 1759 1694 373 212 161
internal_count=3009 726 385 338 341 79 2283 1910 151 1759 1694 373 212 161
is_linear=0
shrinkage=0.025


Tree=294
num_leaves=15
num_cat=0
split_feature=13 14 6 1 15 7 13 13 9 5 4 4 14 14
split_gain=86.6587 57.8492 25.535 12.5661 19.476 9.46758 8.51934 12.8241 13.486 6.68769 13.9162 12.1257 6.60746 9.58962
threshold=1.0000000180025095e-35 1.0000000180025095e-35 1.0000000180025095e-35 -1.0000000180025095e-35 18.500000000000004 1.5000000000000002 5.5000000000000009 8.5000000000000018 6.5000000000000009 1.5000000000000002 11.500000000000002 25.500000000000004 34.500000000000007 20.500000000000004
decision_type=2 2 2 2 2 2 2 2 2 2 2 2 2 2
left_child=1 2 5 12 -5 -1 9 8 -8 11 -11 -2 13 -3
right_child=6 3 -4 4 -6 -7 7 -9 -10 10 -12 -13 -14 -15
leaf_value=-0.00037944745113236301 1.2733629504355083e-05 0.00023491700933571115 -6.7700611873086316e-05 0.0025121328737134881 -0.0001604183180664651 -0.0017669872276457348 0.025648786543343863 -1.1973787054930796e-05 -0.00017601718852586768 -1.6689360518962193e-05 0.001521991486713347 -0.012970084195577523 0.0010355006668397702 -0.088933311604460455
leaf_weight=336 142 60 60 40 41 26 29 1759 122 77 135 19 143 20
leaf_count=336 142 60 60 40 41 26 29 1759 122 77 135 19 143 20
internal_value=-0.0024485 -0.00996561 -0.0159456 -0.00162295 -0.01 -0.0184435 -5.25394e-05 -0.000729984 -0.00769737 0.00339572 0.000446009 0.00722222 0.00142857 -0.00425926
internal_weight=3009 726 422 304 81 362 2283 1910 151 373 212 161 223 80
internal_count=3009 726 422 304 81 362 2283 1910 151 373 212 161 223 80
is_linear=0
shrinkage=0.025


Tree=295
num_leaves=15
num_cat=0
split_feature=13 8 6 14 1 16 13 13 14 9 12 13 13 11
split_gain=93.9701 52.57 19.3312 18.4479 13.5728 16.3989 6.09045 6.91076 17.7177 14.0588 13.1396 7.55946 10.1934 5.4165
threshold=1.0000000180025095e-35 1.0000000180025095e-35 1.5000000000000002 1.0000000180025095e-35 -1.0000000180025095e-35 3.5000000000000004 4.5000000000000009 36.500000000000007 1.0000000180025095e-35 31.500000000000004 5.5000000000000009 41.500000000000007 44.500000000000007 16.500000000000004
decision_type=2 2 2 2 2 2 2 2 2 2 2 2 2 2
left_child=1 2 3 -1 13 -6 -2 8 9 -8 -10 -9 -13 -3
right_child=6 4 -4 -5 5 -7 7 11 10 -11 -12 12 -14 -15
leaf_value=-0.00036996126485405387 1.0954525027642715e-05 -0.0029823162554417841 -0.0015256581570605627 0.0020669884253872008 0.0014008411792936994 -0.00015640786011480347 -8.8289047017831029e-05 0.0077288949205373218 0.018063167559673601 -0.010567647799886082 -0.0082845750962226902 -0.022875703504735691 0.0029581921742579454 0.00043572129064077818
leaf_weight=308 296 65 47 30 36 51 483 99 86 68 65 48 1138 189
leaf_count=308 296 65 47 30 36 51 483 99 86 68 65 48 1138 189
internal_value=-0.00248173 -0.0103095 -0.0166321 -0.0187168 -0.00312865 -0.0115909 8.75657e-06 -0.000487928 -0.00248222 -0.00456522 0.00506579 0.000598756 3.79107e-05 -0.000176471
internal_weight=3009 726 385 338 341 87 2283 1987 702 551 151 1285 1186 254
internal_count=3009 726 385 338 341 87 2283 1987 702 551 151 1285 1186 254
is_linear=0
shrinkage=0.025


Tree=296
num_leaves=15
num_cat=0
split_feature=13 8 6 14 4 4 13 4 5 4 4 7 7 8
split_gain=96.3762 52.57 19.3312 18.4479 17.5417 20.8259 5.62302 7.44282 8.10448 12.6243 5.84615 5.48112 14.4507 12.9084
threshold=1.0000000180025095e-35 1.0000000180025095e-35 1.5000000000000002 1.0000000180025095e-35 10.500000000000002 5.5000000000000009 4.5000000000000009 25.500000000000004 1.5000000000000002 11.500000000000002 10.500000000000002 23.500000000000004 14.500000000000002 48.500000000000007
decision_type=2 2 2 2 2 2 2 2 2 2 2 2 2 2
left_child=1 2 3 -1 5 -3 7 8 10 -10 -2 12 -8 -13
right_child=6 4 -4 -5 -6 -7 11 -9 9 -11 -12 13 -14 -15
leaf_value=-0.00036071223323270253 1.0647372369784748e-05 4.7691521260812279e-05 -0.0014875167031340487 0.0020153137147525201 -8.8134628950475868e-05 -0.00014317969339722235 -4.3258582896599232e-05 -0.012646105953813776 -1.6545989631677748e-05 0.0018889595714807667 0.0027541999967799942 0.04046576499660158 -0.093575344205025113 -0.004760740868420133
leaf_weight=308 55 34 47 30 262 45 1320 45 59 63 74 208 63 396
leaf_count=308 55 34 47 30 262 45 1320 45 59 63 74 208 63 396
internal_value=-0.00238206 -0.0103095 -0.0166321 -0.0187168 -0.00312865 -0.013375 0.000140105 0.00335017 0.00503968 0.000365854 0.00938462 -0.000337022 -0.00120665 0.00164463
internal_weight=3009 726 385 338 341 79 2283 296 251 122 129 1987 1383 604
internal_count=3009 726 385 338 341 79 2283 296 251 122 129 1987 1383 604
is_linear=0
shrinkage=0.025


Tree=297
num_leaves=15
num_cat=0
split_feature=13 8 6 14 4 4 13 5 4 4 0 2 13 14
split_gain=97.9389 51.5633 21.832 18.4479 17.5417 20.8259 7.48797 6.22382 12.6055 12.1257 10.6989 6.11383 5.54309 16.7797
threshold=1.0000000180025095e-35 1.0000000180025095e-35 1.5000000000000002 1.0000000180025095e-35 10.500000000000002 5.5000000000000009 5.5000000000000009 1.5000000000000002 11.500000000000002 25.500000000000004 75.500000000000014 -0.22252093395631442 36.500000000000007 18.500000000000004
decision_type=2 2 2 2 2 2 2 2 2 2 2 2 2 2
left_child=1 2 3 -1 5 -3 7 9 10 11 -9 -2 13 -8
right_child=6 4 -4 -5 -6 -7 12 8 -10 -11 -12 -13 -14 -15
leaf_value=-0.00035169442740188499 1.1623058754114957e-05 4.6499233229291968e-05 -0.0014503287855556974 0.0019649308718837077 -8.5931263226723961e-05 -0.00013960020106229179 -0.00036010565824975418 -1.6766494762032737e-05 0.0014364438471328031 -0.01232995330496843 1.3381134434725661e-05 3.5243017751138139e-05 0.0028545450821079402 0.07096970526181412
leaf_weight=308 55 34 47 30 262 45 557 58 135 19 19 87 1285 68
leaf_count=308 55 34 47 30 262 45 557 58 135 19 19 87 1285 68
internal_value=-0.00224917 -0.0102407 -0.0165026 -0.0187168 -0.00312865 -0.013375 0.000293345 0.00352941 0.000680751 0.00722222 -0.00730769 0.00975524 -0.00033752 -0.00226837
internal_weight=3009 726 385 338 341 79 2283 373 212 161 77 142 1910 625
internal_count=3009 726 385 338 341 79 2283 373 212 161 77 142 1910 625
is_linear=0
shrinkage=0.025


Tree=298
num_leaves=15
num_cat=0
split_feature=13 8 6 14 4 4 10 13 9 13 6 13 11 13
split_gain=99.1631 51.5633 21.832 18.4479 17.5417 20.8259 5.44674 4.89924 12.9583 10.388 10.507 6.65884 15.2036 17.5189
threshold=1.0000000180025095e-35 1.0000000180025095e-35 1.5000000000000002 1.0000000180025095e-35 10.500000000000002 5.5000000000000009 350.00000000000006 10.500000000000002 11.500000000000002 9.5000000000000018 2.5000000000000004 36.500000000000007 22.500000000000004 27.500000000000004
decision_type=2 2 2 2 2 2 2 2 2 2 2 2 2 2
left_child=1 2 3 -1 5 -3 -6 8 9 10 -2 12 13 -9
right_child=7 4 -4 -5 6 -7 -8 11 -10 -11 -12 -13 -14 -15
leaf_value=-0.00034290206671683786 8.9325368099413268e-06 4.5336752398559669e-05 -0.0014140705659168049 0.0019158076000866165 -0.0031709184604414064 -0.00013611019603573449 1.0828519415923807 -0.0076476590810375285 -0.04285331927907117 1.2510446967262112e-06 0.016996482413004239 0.0027831814550552283 0.04995144682741462 -0.0074179617891244835
leaf_weight=308 447 34 47 30 244 45 18 246 50 23 69 1285 65 98
leaf_count=308 447 34 47 30 244 45 18 246 50 23 69 1285 65 98
internal_value=-0.00219934 -0.0102407 -0.0165026 -0.0187168 -0.00312865 -0.013375 0 0.000359019 0.00232203 0.00346296 0.00269826 -0.000321534 -0.00309756 -0.0052029
internal_weight=3009 726 385 338 341 79 262 2283 589 539 516 1694 409 344
internal_count=3009 726 385 338 341 79 262 2283 589 539 516 1694 409 344
is_linear=0
shrinkage=0.025


Tree=299
num_leaves=15
num_cat=0
split_feature=13 8 6 14 1 12 11 0 9 8 13 0 11 6
split_gain=101.634 51.5633 21.832 18.4479 13.5728 13.8859 5.4165 5.74797 5.03471 9.18071 7.08269 8.46527 6.28454 4.73011
threshold=1.0000000180025095e-35 1.0000000180025095e-35 1.5000000000000002 1.0000000180025095e-35 -1.0000000180025095e-35 11.500000000000002 16.500000000000004 33.500000000000007 266.50000000000006 253.00000000000003 1105.0000000000002 105.50000000000001 358.50000000000006 16.500000000000004
decision_type=2 2 2 2 2 2 2 2 2 2 2 2 2 2
left_child=1 2 3 -1 6 -6 -3 -8 9 -2 11 12 -10 -4
right_child=8 4 13 -5 5 -7 7 -9 10 -11 -12 -13 -14 -15
leaf_value=-0.00033432951504891689 9.2767991965142522e-06 -0.0029112465367279561 0.00024729735010898732 0.0018679124100844493 -0.0016931664381965217 -0.00014202541134955215 0.12197429365625592 -2.3658487246312233e-05 -0.077662165970188823 1.5097243955414144 0.61245560411612132 0.0098500875112492291 0.17499229315572506 -0.0031506722083757249
leaf_weight=308 1966 65 29 30 42 45 51 138 180 33 22 37 45 18
leaf_count=308 1966 65 29 30 42 45 51 138 180 33 22 37 45 18
internal_value=-0.00209967 -0.0102407 -0.0165026 -0.0187168 -0.00312865 -0.0115909 -0.000176471 0.00194737 0.000490368 0.000935 -0.00261404 -0.00378327 -0.00561947 -0.000416667
internal_weight=3009 726 385 338 341 87 254 189 2283 1999 284 262 225 47
internal_count=3009 726 385 338 341 87 254 189 2283 1999 284 262 225 47
is_linear=0
shrinkage=0.025


Tree=300
num_leaves=15
num_cat=0
split_feature=13 8 6 14 4 4 4 5 6 4 4 9 5 9
split_gain=102.524 50.4315 21.832 18.4479 17.0418 20.8259 6.67037 11.5104 11.8131 9.57715 10.9023 8.30415 6.6636 14.7134
threshold=1.0000000180025095e-35 1.0000000180025095e-35 1.5000000000000002 1.0000000180025095e-35 10.500000000000002 5.5000000000000009 14.500000000000002 1.5000000000000002 320.50000000000006 10.500000000000002 5.5000000000000009 640.50000000000011 119.50000000000001 179.50000000000003
decision_type=2 2 2 2 2 2 2 2 2 2 2 2 2 2
left_child=1 2 3 -1 5 -3 7 9 -9 10 -2 12 -8 -14
right_child=6 4 -4 -5 -6 -7 11 8 -10 -11 -12 -13 13 -15
leaf_value=-0.00032597127717269402 0.0010565111457526922 4.4794795769753483e-05 -0.0012999519965594918 0.0018212145998323381 -0.00011678826961718514 -0.00012915680585110233 -0.0023005209224622875 1.1745443932587031e-05 2.3738844446488216 -0.001094503398354918 9.0448792166020198e-06 -0.39687211665319355 0.18334616877943744 -0.073733194243595798
leaf_weight=308 50 34 47 30 262 45 882 982 21 33 35 23 110 147
leaf_count=308 50 34 47 30 262 45 882 982 21 33 35 23 110 147
internal_value=-0.00213289 -0.0103095 -0.0165026 -0.0187168 -0.00327485 -0.013375 0.000468476 0.00184492 0.000966135 0.00920168 0.0136047 -0.000855546 -0.00054386 0.0029845
internal_weight=3009 726 385 338 341 79 2283 1121 1003 118 85 1162 1139 257
internal_count=3009 726 385 338 341 79 2283 1121 1003 118 85 1162 1139 257
is_linear=0
shrinkage=0.025


Tree=301
num_leaves=15
num_cat=0
split_feature=13 8 6 14 4 4 13 4 5 0 0 9 14 5
split_gain=105.037 50.4315 21.832 18.4479 17.0418 20.8259 6.141 7.49813 11.6699 23.2981 16.5524 11.473 11.2897 6.22382
threshold=1.0000000180025095e-35 1.0000000180025095e-35 1.5000000000000002 1.0000000180025095e-35 10.500000000000002 5.5000000000000009 5.5000000000000009 11.500000000000002 24.500000000000004 102.50000000000001 100.50000000000001 680.00000000000011 10.500000000000002 1.5000000000000002
decision_type=2 2 2 2 2 2 2 2 2 2 2 2 2 2
left_child=1 2 3 -1 5 -3 13 8 9 -8 -10 12 -9 -2
right_child=6 4 -4 -5 -6 -7 7 11 10 -11 -12 -13 -14 -15
leaf_value=-0.00031782199524337668 9.0759813407809149e-06 4.3674925875509645e-05 -0.0012674531966455045 0.0017756842348365276 -0.00011386856287676217 -0.00012592788570482477 0.0016390610015351026 -0.022849275771419288 -0.00075624521171078216 -0.00016758161490759704 0.068849712423799045 -0.6776694534583243 0.035206326401955403 1.2297736575378471e-05
leaf_weight=308 161 34 47 30 262 45 183 789 480 19 39 21 379 212
leaf_count=308 161 34 47 30 262 45 183 789 480 19 39 21 379 212
internal_value=-0.00203322 -0.0103095 -0.0165026 -0.0187168 -0.00327485 -0.013375 0.000599825 2.35479e-05 0.00203601 0.00711823 3.84615e-05 -0.00119328 -0.000851155 0.00352941
internal_weight=3009 726 385 338 341 79 2283 1910 721 202 519 1189 1168 373
internal_count=3009 726 385 338 341 79 2283 1910 721 202 519 1189 1168 373
is_linear=0
shrinkage=0.025


Tree=302
num_leaves=15
num_cat=0
split_feature=13 8 6 14 4 4 13 13 4 9 5 4 4 0
split_gain=97.1849 50.4315 21.832 18.4479 17.0418 20.8259 8.00121 9.238 17.2045 12.6418 6.22382 12.6055 12.1257 10.6989
threshold=1.0000000180025095e-35 1.0000000180025095e-35 1.5000000000000002 1.0000000180025095e-35 10.500000000000002 5.5000000000000009 5.5000000000000009 8.5000000000000018 10.500000000000002 9.5000000000000018 1.5000000000000002 11.500000000000002 25.500000000000004 75.500000000000014
decision_type=2 2 2 2 2 2 2 2 2 2 2 2 2 2
left_child=1 2 3 -1 5 -3 10 8 -8 -10 12 13 -2 -12
right_child=6 4 -4 -5 -6 -7 7 -9 9 -11 11 -13 -14 -15
leaf_value=-0.00030987644536229224 1.0676409948862099e-05 4.2583052728621906e-05 -0.0012357668667293668 0.001731292128965617 -0.00011102184880484867 -0.00012277968856220413 -0.00012888098195469323 4.0955036486067799e-05 0.020271883300855022 -0.05631390758558117 -1.7403645305835713e-05 0.0014174587013704805 -0.011964873582216342 1.1990293160996091e-05
leaf_weight=308 142 34 47 30 262 45 67 1759 60 24 58 135 19 19
leaf_count=308 142 34 47 30 262 45 67 1759 60 24 58 135 19 19
internal_value=-0.00234884 -0.0103095 -0.0165026 -0.0187168 -0.00327485 -0.013375 0.000183888 -0.000468341 -0.00638158 0.00111765 0.00352941 0.000680751 0.00722222 -0.00730769
internal_weight=3009 726 385 338 341 79 2283 1910 151 84 373 212 161 77
internal_count=3009 726 385 338 341 79 2283 1910 151 84 373 212 161 77
is_linear=0
shrinkage=0.025


Tree=303
num_leaves=15
num_cat=0
split_feature=13 8 6 14 4 4 13 5 0 0 4 0 5 4
split_gain=93.9701 50.4315 21.832 18.4479 17.0418 20.8259 7.38056 9.47523 15.5514 11.2458 9.8576 8.10405 11.6312 7.65352
threshold=1.0000000180025095e-35 1.0000000180025095e-35 1.5000000000000002 1.0000000180025095e-35 10.500000000000002 5.5000000000000009 4.5000000000000009 15.500000000000002 35.500000000000007 71.500000000000014 14.500000000000002 36.500000000000007 626.50000000000011 10.500000000000002
decision_type=2 2 2 2 2 2 2 2 2 2 2 2 2 2
left_child=1 2 3 -1 5 -3 -2 8 10 -10 -8 12 -9 -13
right_child=6 4 -4 -5 -6 -7 7 11 9 -11 -12 13 -14 -15
leaf_value=-0.00030212953422823494 8.3582369861112671e-06 4.1518476410406362e-05 -0.0012048726950611326 0.0016880098257414768 -0.00010824630258472468 -0.00011971019634814905 0.0088663900325124164 -0.0014487300797412673 -0.0062972257605037668 -0.00016017004998607477 -1.3705863529978047e-05 0.0079002174249247058 -0.041262359044165468 0.00053997412551178849
leaf_weight=308 296 34 47 30 262 45 47 484 214 207 109 344 22 560
leaf_count=308 296 34 47 30 262 45 47 484 214 207 109 344 22 560
internal_value=-0.00248173 -0.0103095 -0.0165026 -0.0187168 -0.00327485 -0.013375 8.75657e-06 -0.000538229 -0.00323529 -0.0057346 0.00347134 0.00056343 -0.00196252 0.00198343
internal_weight=3009 726 385 338 341 79 2283 1987 577 421 156 1410 506 904
internal_count=3009 726 385 338 341 79 2283 1987 577 421 156 1410 506 904
is_linear=0
shrinkage=0.025


Tree=304
num_leaves=15
num_cat=0
split_feature=5 8 6 9 8 12 4 4 0 5 4 4 7 8
split_gain=78.2953 34.1317 28.5347 12.4853 10.9456 10.2368 15.3352 14.116 7.90068 6.97526 19.7335 8.929 5.25093 11.0244
threshold=1.0000000180025095e-35 1.0000000180025095e-35 2.5000000000000004 1.0000000180025095e-35 653.50000000000011 2.5000000000000004 10.500000000000002 5.5000000000000009 32.500000000000007 1.5000000000000002 10.500000000000002 5.5000000000000009 26.500000000000004 52.500000000000007
decision_type=2 2 2 2 2 2 2 2 2 2 2 2 2 2
left_child=1 2 3 -1 9 -3 7 -7 -8 10 11 -2 -11 -14
right_child=4 5 -4 -5 -6 6 8 -9 -10 12 -12 -13 13 -15
leaf_value=-0.00029457629587252907 0.00017286578049495739 0.0025515104167557756 0.00036631603523115002 -1.3461130981693845e-05 2.5421202862113716 -0.0010062657943509586 0.059124882977735729 -0.00011671744143944533 -0.034913790913337552 -7.0697407406417065e-05 -0.0010927054087935262 8.1159915292922102e-06 0.037623032978160609 -0.0037073619442267616
leaf_weight=310 21 95 57 33 19 22 50 45 169 1503 73 35 219 358
leaf_count=310 21 95 57 33 19 22 50 45 169 1503 73 35 219 358
internal_value=-0.002299 -0.00910486 -0.014202 -0.0169186 8.74832e-05 -0.00371728 -0.00608014 -0.0164706 -0.00281818 -7.69231e-05 0.00553846 0.0165789 -0.000430082 0.0015917
internal_weight=3009 781 400 343 2228 381 286 67 219 2209 129 56 2080 577
internal_count=3009 781 400 343 2228 381 286 67 219 2209 129 56 2080 577
is_linear=0
shrinkage=0.025


Tree=305
num_leaves=15
num_cat=0
split_feature=13 8 5 4 4 10 13 4 5 4 4 13 9 15
split_gain=101.044 47.1106 17.454 15.5836 20.8259 6.11663 6.06877 7.26469 7.52039 12.3414 6.46624 4.48227 8.81212 5.58239
threshold=1.0000000180025095e-35 1.0000000180025095e-35 5.5000000000000009 10.500000000000002 5.5000000000000009 350.00000000000006 4.5000000000000009 26.500000000000004 1.5000000000000002 11.500000000000002 10.500000000000002 1105.0000000000002 680.00000000000011 534.00000000000011
decision_type=2 2 2 2 2 2 2 2 2 2 2 2 2 2
left_child=1 2 -1 4 -3 -5 7 8 10 -10 -2 12 13 -8
right_child=6 3 -4 5 -6 -7 11 -9 9 -11 -12 -13 -14 -15
leaf_value=-0.00028721188847571579 7.9130917410602529e-06 6.5637159358920166e-05 -4.3091248245639558e-05 -0.0029302238988006229 -0.00011379950540345919 1.0543601922861627 -6.892997222127662e-05 -0.012460635687087681 -1.4775920041532055e-05 0.002073470821999321 0.0023033831548051006 0.5969660646310615 -0.050225073145278999 0.7417891025715051
leaf_weight=346 55 34 39 244 45 18 1918 30 59 72 80 22 26 21
leaf_count=346 55 34 39 244 45 18 1918 30 59 72 80 22 26 21
internal_value=-0.00239867 -0.0105158 -0.0165026 -0.00371345 -0.013375 -0.000741445 0.000183888 0.00351852 0.00485019 0.000530303 0.00897059 -0.000311871 -0.000442523 -0.000242268
internal_weight=3009 726 385 341 79 262 2283 296 266 131 135 1987 1965 1939
internal_count=3009 726 385 341 79 262 2283 296 266 131 135 1987 1965 1939
is_linear=0
shrinkage=0.025


Tree=306
num_leaves=15
num_cat=0
split_feature=13 8 6 4 4 5 10 9 4 4 13 7 13 11
split_gain=99.3975 47.1106 21.832 15.5836 20.8259 12.3946 6.11663 5.73497 16.2741 9.73558 12.1267 8.11706 6.98895 5.26181
threshold=1.0000000180025095e-35 1.0000000180025095e-35 1.5000000000000002 10.500000000000002 5.5000000000000009 5.5000000000000009 350.00000000000006 216.00000000000003 3.5000000000000004 23.500000000000004 1105.0000000000002 145.50000000000003 188.50000000000003 143.00000000000003
decision_type=2 2 2 2 2 2 2 2 2 2 2 2 2 2
left_child=1 2 5 4 -3 -1 -5 11 -9 10 -10 13 -13 -2
right_child=7 3 -4 6 -6 -7 -8 8 9 -11 -12 12 -14 -15
leaf_value=-0.00028003159126382293 4.7105250157664096e-06 6.3996230374947162e-05 -0.0011767284813534902 -0.0028569683013306034 -0.00011095451776837271 -0.0032584237065905299 1.0280011874790091 1.6265438791269262 -0.065170514224634962 0.29240178679799345 0.58204191301528574 0.14776218977607591 -0.034097201847168537 0.71460785818674388
leaf_weight=308 1805 34 47 244 45 30 18 25 232 69 22 62 34 34
leaf_count=308 1805 34 47 244 45 30 18 25 232 69 22 62 34 34
internal_value=-0.00246512 -0.0105158 -0.0165026 -0.00371345 -0.013375 -0.0187168 -0.000741445 9.63222e-05 -0.002851 -0.00438272 -0.00664706 0.000630165 0.00768041 0.000255435
internal_weight=3009 726 385 341 79 338 262 2283 348 323 254 1935 96 1839
internal_count=3009 726 385 341 79 338 262 2283 348 323 254 1935 96 1839
is_linear=0
shrinkage=0.025


Tree=307
num_leaves=15
num_cat=0
split_feature=13 5 8 6 6 4 6 14 14 5 5 4 5 6
split_gain=90.9207 53.1865 22.3369 14.2557 12.3051 14.1306 9.60515 10.2766 7.18357 6.1958 7.97267 5.19508 12.9584 12.4804
threshold=1.0000000180025095e-35 1.0000000180025095e-35 1.5000000000000002 1.0000000180025095e-35 12.500000000000002 10.500000000000002 1.0000000180025095e-35 1.0000000180025095e-35 40.500000000000007 14.500000000000002 63.500000000000007 14.500000000000002 1.5000000000000002 320.50000000000006
decision_type=2 2 2 2 2 2 2 2 2 2 2 2 2 2
left_child=1 2 3 -1 8 -6 7 -3 -4 -8 -11 12 -2 -14
right_child=11 6 4 -5 5 -7 9 -9 -10 10 -12 -13 13 -15
leaf_value=-0.00027303080148222738 7.7910082323162658e-06 -0.0023575380168954023 -0.0019247444093977322 -0.0022584407439361354 -0.00010818065482416341 -0.016849592433153579 0.0078876481246609835 4.0907095168329915e-05 0.00053791062293654561 -0.07620022233478832 0.26982440848222605 -0.0011007932546448079 1.2866495096974796e-05 2.2736976040576766
leaf_weight=291 118 44 73 38 40 30 25 91 18 30 46 1162 982 21
leaf_count=291 118 44 73 38 40 30 25 91 18 30 46 1162 982 21
internal_value=-0.00226578 -0.00996561 -0.0146538 -0.0183939 -0.00691358 -0.0147183 -0.000189873 -0.00455882 -0.00076087 0.00558824 0.00188312 0.000183888 0.00139929 0.000468127
internal_weight=3009 726 490 329 161 70 236 135 91 101 76 2283 1121 1003
internal_count=3009 726 490 329 161 70 236 135 91 101 76 2283 1121 1003
is_linear=0
shrinkage=0.025


Tree=308
num_leaves=15
num_cat=0
split_feature=13 8 6 1 14 15 13 6 2 13 4 0 0 4
split_gain=94.4825 49.7124 23.1571 15.9617 15.9549 14.5627 7.70444 5.89296 8.83988 6.16283 5.53715 5.49674 16.1609 5.20687
threshold=1.0000000180025095e-35 1.0000000180025095e-35 1.0000000180025095e-35 -1.0000000180025095e-35 1.0000000180025095e-35 7.5000000000000009 5.5000000000000009 3.5000000000000004 -0.56174490092936669 4.5000000000000009 27.500000000000004 33.500000000000007 72.500000000000014 11.500000000000002
decision_type=2 2 2 2 2 2 2 2 2 2 2 2 2 2
left_child=1 2 4 11 -1 -5 7 8 9 -2 -10 -3 -13 -8
right_child=6 3 -4 5 -6 -7 13 -9 10 -11 -12 12 -14 -15
leaf_value=-0.00026620503144517171 -9.3698138244502359e-06 0.027952739494535805 -0.0010098738699670211 -0.0015817425159797265 -0.0027188995877091837 -0.00011479410866827036 0.00013481336521639075 0.0093742835132369778 1.2544832719552091e-05 -0.00071676367427369052 -0.010689641838431227 -0.08128459185707633 4.8948559042159847e-05 -0.0072390548594609694
leaf_weight=302 86 76 54 43 29 44 721 47 201 19 20 71 107 1189
leaf_count=302 86 76 54 43 29 44 721 47 201 19 20 71 107 1189
internal_value=-0.00211628 -0.00996561 -0.016114 -0.00298246 -0.0185843 -0.0121591 0.000380911 0.0036631 0.00243119 -0.00349057 0.00527027 0.000176471 -0.0022067 -0.000259027
internal_weight=3009 726 385 341 331 87 2283 373 326 105 221 254 178 1910
internal_count=3009 726 385 341 331 87 2283 373 326 105 221 254 178 1910
is_linear=0
shrinkage=0.025


Tree=309
num_leaves=15
num_cat=0
split_feature=5 9 7 14 16 6 7 10 5 4 4 1 7 2
split_gain=81.3798 26.2631 23.3452 21.9584 19.5876 18.6295 10.5762 9.53052 6.75646 19.7335 8.929 6.38791 6.16395 5.47301
threshold=1.0000000180025095e-35 1.0000000180025095e-35 1.0000000180025095e-35 1.5000000000000002 9.5000000000000018 2.5000000000000004 479.50000000000006 98.500000000000014 1.5000000000000002 10.500000000000002 5.5000000000000009 -1.0000000180025095e-35 35.500000000000007 1.0000000180025095e-35
decision_type=2 2 2 2 2 2 2 2 2 2 2 2 2 2
left_child=1 2 3 5 12 -1 8 -3 9 10 -2 -6 -4 -10
right_child=6 7 4 -5 11 -7 -8 -9 13 -11 -12 -13 -14 -15
leaf_value=-0.00025954990565904242 0.00016772014953986836 0.0015133313247067794 1.7066031386821441e-05 0.00099875344170805014 -6.1007164366539492e-07 0.00047546450894368026 0.96614282654012129 -0.1491696630921979 -0.00015711902875010787 -0.0011230506454294133 7.0891052983440563e-06 -0.011750973111478836 0.44674220727248104 0.00013144303108598711
leaf_weight=322 21 126 54 43 44 27 47 32 1303 73 35 107 26 749
leaf_count=322 21 126 54 43 44 27 47 32 1303 73 35 107 26 749
internal_value=-0.00216611 -0.00910486 -0.0114103 -0.0151272 -0.0050431 -0.0172 0.000266936 0 9.1659e-06 0.00553846 0.0165789 -0.0103289 0.00487654 -0.000338529
internal_weight=3009 781 623 392 231 349 2228 158 2181 129 56 151 80 2052
internal_count=3009 781 623 392 231 349 2228 158 2181 129 56 151 80 2052
is_linear=0
shrinkage=0.025


Tree=310
num_leaves=15
num_cat=0
split_feature=13 14 6 14 1 14 8 16 10 13 5 4 0 4
split_gain=70.3428 79.3086 30.1638 14.3587 13.4995 11.7199 11.1979 8.23976 8.16263 7.28746 7.31392 11.878 10.6989 9.97481
threshold=1.0000000180025095e-35 1.0000000180025095e-35 1.0000000180025095e-35 34.500000000000007 1.0000000180025095e-35 20.500000000000004 1.0000000180025095e-35 14.500000000000002 17.500000000000004 5.5000000000000009 1.5000000000000002 11.500000000000002 75.500000000000014 10.500000000000002
decision_type=2 2 2 2 2 2 2 2 2 2 2 2 2 2
left_child=1 2 6 5 -5 8 -1 -4 -3 10 13 12 -12 -2
right_child=9 3 7 4 -6 -7 -8 -9 -10 -11 11 -13 -14 -15
leaf_value=-0.00025306115801756638 6.9118776658855243e-06 -0.0057118604226037706 0.0016743795869791037 0.00019116804205011835 0.00019116804205011835 -0.090738344573346563 -0.0028503144654378372 -0.0028494424233025057 0.059871731767473957 -7.4714899676142643e-05 -1.8445644138453954e-05 0.0013633082318518397 1.6159187620318206e-05 0.0017568055288378439
leaf_weight=302 57 78 42 153 22 32 60 18 19 1910 58 135 19 104
leaf_count=302 57 78 42 153 22 32 60 18 19 1910 58 135 19 104
internal_value=-0.00181728 -0.0085901 -0.015591 0.00113115 0.00579545 -0.00515385 -0.0183058 0.000737705 -0.000714286 0.000337128 0.00352941 0.000446009 -0.00730769 0.00753086
internal_weight=3009 726 422 304 175 129 362 60 97 2283 373 212 77 161
internal_count=3009 726 422 304 175 129 362 60 97 2283 373 212 77 161
is_linear=0
shrinkage=0.025


Tree=311
num_leaves=15
num_cat=0
split_feature=13 14 6 14 1 14 8 16 10 0 5 4 5 6
split_gain=66.554 80.8716 30.1638 13.3708 13.4995 12.4403 11.1979 8.23976 7.588 6.22339 5.39824 5.38372 11.5986 12.4129
threshold=1.0000000180025095e-35 1.0000000180025095e-35 1.0000000180025095e-35 34.500000000000007 1.0000000180025095e-35 20.500000000000004 1.0000000180025095e-35 14.500000000000002 17.500000000000004 72.500000000000014 4.5000000000000009 14.500000000000002 1.5000000000000002 320.50000000000006
decision_type=2 2 2 2 2 2 2 2 2 2 2 2 2 2
left_child=1 2 6 5 9 8 10 -4 -3 -5 -1 12 -2 -14
right_child=11 3 7 4 -6 -7 -8 -9 -10 -11 -12 -13 13 -15
leaf_value=-0.00024673462906712719 6.8372651142845082e-06 -0.005569063912038672 0.0016325200973046257 -0.044228265520802168 0.00018638884099886539 -0.088469885959012895 -0.002779056603801892 -0.0027782063627199427 0.058374938473287098 0.00096900540461409591 -0.0079833762988506165 -0.00096847855477043005 8.8582338694853661e-06 2.216857589470314
leaf_weight=282 118 78 42 78 22 32 60 18 19 75 20 1162 982 21
leaf_count=282 118 78 42 78 22 32 60 18 19 75 20 1162 982 21
internal_value=-0.00193355 -0.00852132 -0.015591 0.00129508 0.00579545 -0.00476923 -0.0183058 0.000737705 -0.000204082 0.00305195 -0.0202805 0.000161996 0.00139929 0.000517928
internal_weight=3009 726 422 304 175 129 362 60 97 153 302 2283 1121 1003
internal_count=3009 726 422 304 175 129 362 60 97 153 302 2283 1121 1003
is_linear=0
shrinkage=0.025


Tree=312
num_leaves=15
num_cat=0
split_feature=13 11 5 8 0 6 1 0 6 7 13 5 4 0
split_gain=71.7784 76.4193 22.8762 15.7861 14.4125 9.92115 8.25465 7.94417 7.65235 7.31069 7.18823 7.31392 11.878 10.6989
threshold=1.0000000180025095e-35 35.500000000000007 1.0000000180025095e-35 1.5000000000000002 72.500000000000014 1.0000000180025095e-35 -1.0000000180025095e-35 36.500000000000007 1.0000000180025095e-35 62.500000000000007 5.5000000000000009 1.5000000000000002 11.500000000000002 75.500000000000014
decision_type=2 2 2 2 2 2 2 2 2 2 2 2 2 2
left_child=1 2 3 5 7 -1 9 -3 -4 -6 11 -2 13 -13
right_child=10 4 8 -5 6 -7 -8 -9 -10 -11 -12 12 -14 -15
leaf_value=-0.00024056626334044903 7.2023039675350734e-06 0.1162355969867245 -0.0016157791556408335 -0.0035708810663904081 0.23366328481479501 -0.0022598320214803182 0.00018172911997389377 -0.15806068665701201 0.0058240288494539137 1.873576069059213e-05 -7.3068483030946932e-05 -1.8205958881734041e-05 0.0013534374899248055 1.5533752083074504e-05
leaf_weight=291 161 46 77 91 21 38 26 43 46 47 1910 58 135 19
leaf_count=291 161 46 77 91 21 38 26 43 46 47 1910 58 135 19
internal_value=-0.00181728 -0.00865887 -0.013364 -0.0161401 0.00527174 -0.018697 0.0120526 -0.00188889 -0.00379032 0.00717391 0.000359019 0.00352941 0.000446009 -0.00730769
internal_weight=3009 726 543 420 183 329 94 89 123 68 2283 373 212 77
internal_count=3009 726 543 420 183 329 94 89 123 68 2283 373 212 77
is_linear=0
shrinkage=0.025


Tree=313
num_leaves=15
num_cat=0
split_feature=13 10 6 7 8 5 1 8 16 0 0 13 5 0
split_gain=77.4598 67.6086 23.1644 14.116 13.7313 12.9338 11.4555 7.34813 5.34833 5.23285 4.97066 4.91602 7.6867 4.33303
threshold=1.0000000180025095e-35 24.500000000000004 1.0000000180025095e-35 17.500000000000004 1.0000000180025095e-35 5.5000000000000009 -1.0000000180025095e-35 75.500000000000014 40.500000000000007 2.5000000000000004 71.500000000000014 4.5000000000000009 9.5000000000000018 16.500000000000004
decision_type=2 2 2 2 2 2 2 2 2 2 2 2 2 2
left_child=1 2 4 10 5 -1 -3 -8 -6 -2 -4 12 13 -11
right_child=9 6 3 -5 8 -7 7 -9 -10 11 -12 -13 -14 -15
leaf_value=-0.00023455210675693778 -0.02346852979250727 1.8267366673327324e-05 0.0086926899503710093 -0.079087978407384005 -0.0016005871852310665 -0.0077433974124883308 0.00016274419982200054 0.00017718589197454642 -0.028049563417802723 -8.3381122071513044e-06 -0.0023690084940748719 -2.2562788484670193e-05 -0.011060480826709771 8.2484342206701197e-06
leaf_weight=295 38 148 34 29 95 26 18 24 18 50 39 1955 24 216
leaf_count=295 38 148 34 29 95 26 18 24 18 50 39 1955 24 216
internal_value=-0.00203322 -0.0091403 -0.0136778 -0.00286408 -0.0161954 -0.0188509 0.00363874 0.015 -0.00850877 0.000227671 0.00297297 0.000387355 0.00341924 0.00466292
internal_weight=3009 726 536 102 434 321 190 42 113 2283 73 2245 290 266
internal_count=3009 726 536 102 434 321 190 42 113 2283 73 2245 290 266
is_linear=0
shrinkage=0.025


Tree=314
num_leaves=15
num_cat=0
split_feature=13 10 6 4 1 6 11 14 4 13 4 4 4 13
split_gain=78.185 67.6086 23.1644 13.8239 17.374 12.9259 12.1369 8.87301 8.28132 5.75565 7.26469 4.60338 11.5851 14.8989
threshold=1.0000000180025095e-35 24.500000000000004 1.0000000180025095e-35 6.5000000000000009 -1.0000000180025095e-35 19.500000000000004 2.5000000000000004 1.5000000000000002 21.500000000000004 4.5000000000000009 26.500000000000004 15.500000000000002 17.500000000000004 183.50000000000003
decision_type=2 2 2 2 2 2 2 2 2 2 2 2 2 2
left_child=1 2 6 -3 -5 -4 7 -1 -8 10 -2 -11 13 -13
right_child=9 3 5 4 -6 -7 8 -9 -10 11 -12 12 -14 -15
leaf_value=-0.00022868830408801435 7.2705907212033963e-06 -0.0058233030438461161 0.00050689231488203743 0.012467961916579329 0.00017275624467518277 -0.047910595424344879 -0.046860902773558172 -0.0053836937553505913 0.016794304059612072 0.00013219415374190468 -0.012114049524158408 -0.0071524771740527435 -2.5605744520507125e-05 -1.0300131156515788
leaf_weight=341 266 19 66 136 35 36 47 26 20 1047 30 130 774 36
leaf_count=341 266 19 66 136 35 36 47 26 20 1047 30 130 774 36
internal_value=-0.002 -0.0091403 -0.0136778 0.00363874 0.00593023 -0.00286408 -0.0161954 -0.0179891 -0.00617647 0.000271454 0.00351852 -0.000211268 -0.00148247 -0.00745509
internal_weight=3009 726 536 190 171 102 434 367 67 2283 296 1987 940 166
internal_count=3009 726 536 190 171 102 434 367 67 2283 296 1987 940 166
is_linear=0
shrinkage=0.025


Tree=315
num_leaves=15
num_cat=0
split_feature=13 7 5 4 8 6 2 4 15 13 4 5 4 4
split_gain=73.682 79.2586 25.8325 13.8187 10.5765 12.8754 10.3511 6.92916 6.44457 5.75565 7.26469 7.52039 12.3414 6.46624
threshold=1.0000000180025095e-35 43.500000000000007 1.0000000180025095e-35 10.500000000000002 1.0000000180025095e-35 1.0000000180025095e-35 -0.22252093395631442 10.500000000000002 2.5000000000000004 4.5000000000000009 26.500000000000004 1.5000000000000002 11.500000000000002 10.500000000000002
decision_type=2 2 2 2 2 2 2 2 2 2 2 2 2 2
left_child=1 2 4 -3 5 -1 8 -6 -4 10 11 13 -13 -2
right_child=9 3 6 -5 7 -7 -8 -9 -10 -11 -12 12 -14 -15
leaf_value=-0.000222971096485814 6.0001158736444631e-06 0.00015911936834359216 -0.001563803666478689 0.0072707321358043593 -0.0030240401960871101 -0.0013952653051544424 0.00069816749224045236 -0.0070198828951279213 -0.0015267988505509452 -6.6356162240843738e-05 -0.011811198286054448 -1.1144225247772256e-05 0.002008829752873924 0.0022467281171109584
leaf_weight=282 55 35 33 131 42 37 67 68 31 1987 30 59 72 80
leaf_count=282 55 35 33 131 42 37 67 68 31 1987 30 59 72 80
internal_value=-0.00193355 -0.0088652 -0.0133601 0.00625749 -0.0163256 -0.0186563 -0.00356061 -0.00941441 -0.0106923 0.000271454 0.00351852 0.00485019 0.000530303 0.00897059
internal_weight=3009 726 560 166 429 319 131 110 64 2283 296 266 131 135
internal_count=3009 726 560 166 429 319 131 110 64 2283 296 266 131 135
is_linear=0
shrinkage=0.025


Tree=316
num_leaves=15
num_cat=0
split_feature=13 14 6 6 4 4 8 16 5 4 5 6 4 4
split_gain=69.3616 72.5524 26.3744 18.746 13.3033 12.2628 10.2697 8.60914 7.37753 5.39136 12.8098 12.4129 9.57715 10.9023
threshold=1.0000000180025095e-35 1.0000000180025095e-35 1.0000000180025095e-35 35.500000000000007 10.500000000000002 10.500000000000002 1.0000000180025095e-35 13.500000000000002 4.5000000000000009 14.500000000000002 1.5000000000000002 320.50000000000006 10.500000000000002 5.5000000000000009
decision_type=2 2 2 2 2 2 2 2 2 2 2 2 2 2
left_child=1 2 6 4 -3 -5 8 -4 -1 10 12 -12 13 -2
right_child=9 3 7 5 -6 -7 -8 -9 -10 -11 11 -13 -14 -15
leaf_value=-0.00021739681907366861 0.0010194098656800099 -0.077308381774946602 0.0026638966621655687 0.00015514138413500237 -0.001621837074352861 0.083098702857106591 -0.0020227886549337077 -0.0013603836725255814 -0.0075615494568799322 -0.00097057898995016605 8.1390642283130091e-06 2.1614368945655555 -0.0011714877217660015 5.8501129768046006e-06
leaf_weight=282 50 26 41 30 173 75 60 19 20 1162 982 21 33 35
leaf_count=282 50 26 41 30 173 75 60 19 20 1162 982 21 33 35
internal_value=-0.00193355 -0.00865887 -0.0153546 0.000639344 -0.00385 0.00915094 -0.0178926 0 -0.0197855 0.000205779 0.00144385 0.000517928 0.00920168 0.0136047
internal_weight=3009 726 422 304 199 105 362 60 302 2283 1121 1003 118 85
internal_count=3009 726 422 304 199 105 362 60 302 2283 1121 1003 118 85
is_linear=0
shrinkage=0.025


Tree=317
num_leaves=15
num_cat=0
split_feature=13 7 5 1 4 11 2 0 0 5 0 13 5 4
split_gain=70.7376 77.1157 28.5602 14.4107 10.8921 13.0318 8.19389 7.97234 7.66684 5.49718 5.30977 5.79785 8.0495 10.9205
threshold=1.0000000180025095e-35 43.500000000000007 1.0000000180025095e-35 1.0000000180025095e-35 10.500000000000002 2.5000000000000004 -0.22252093395631442 72.500000000000014 36.500000000000007 20.500000000000004 2.5000000000000004 5.5000000000000009 1.5000000000000002 11.500000000000002
decision_type=2 2 2 2 2 2 2 2 2 2 2 2 2 2
left_child=1 2 4 7 -1 -6 -4 8 -3 -8 -2 12 -12 -14
right_child=10 3 6 -5 5 -7 9 -9 -10 -11 11 -13 13 -15
leaf_value=-0.00021196189859682692 -0.022571543425888664 0.11948095406993425 -0.00151927365433988 0.00016058081974633834 -0.00014308316789972547 -0.00034746038105650803 0.0052888121463722966 0.0020921248187677224 -0.14045228505522936 -0.0073725107204579343 6.1495496402580459e-06 -6.4380395942609256e-05 -1.7648992847041358e-05 0.0017383418335462893
leaf_weight=174 38 41 64 24 210 45 39 63 38 28 156 1880 77 132
leaf_count=174 38 41 64 24 210 45 39 63 38 28 156 1880 77 132
internal_value=-0.00186711 -0.00865887 -0.0130927 0.00625749 -0.0162093 -0.0127734 -0.00280303 0.00311189 -0.002125 0.00323529 0.000293345 0.000454141 0.00333333 9.52381e-05
internal_weight=3009 726 560 166 429 255 131 142 79 67 2283 2245 365 209
internal_count=3009 726 560 166 429 255 131 142 79 67 2283 2245 365 209
is_linear=0
shrinkage=0.025


Tree=318
num_leaves=15
num_cat=0
split_feature=13 7 5 1 8 6 4 2 5 4 5 6 4 4
split_gain=69.7044 77.1157 28.5602 14.4107 11.7708 12.588 8.42711 8.19389 5.49718 4.82794 11.5986 12.4129 8.88557 12.1855
threshold=1.0000000180025095e-35 43.500000000000007 1.0000000180025095e-35 1.0000000180025095e-35 1.5000000000000002 1.0000000180025095e-35 10.500000000000002 -0.22252093395631442 20.500000000000004 14.500000000000002 1.5000000000000002 320.50000000000006 10.500000000000002 5.5000000000000009
decision_type=2 2 2 2 2 2 2 2 2 2 2 2 2 2
left_child=1 2 4 -3 5 -1 -6 -4 -9 10 12 -12 13 -2
right_child=9 3 7 -5 6 -7 -8 8 -10 -11 11 -13 -14 -15
leaf_value=-0.00020666285113190623 0.00099377088029700689 8.8712285186764517e-05 -0.001481291812981383 0.00015656629925267989 -0.0026759865938912673 -0.0013210750332475212 -0.0067124525638598016 0.0051565918427129882 -0.0071881979524464866 -0.00096441121413228805 8.3768124437777477e-06 2.1074025817113156 -0.0011423542674628584 5.5501214113767851e-06
leaf_weight=291 50 142 64 24 41 37 60 39 28 1162 982 21 33 35
leaf_count=291 50 142 64 24 41 37 60 39 28 1162 982 21 33 35
internal_value=-0.00191694 -0.00865887 -0.0130927 0.00625749 -0.0162093 -0.0185258 -0.00852941 -0.00280303 0.00323529 0.000227671 0.00139929 0.000517928 0.00878151 0.0130233
internal_weight=3009 726 560 166 429 328 101 131 67 2283 1121 1003 118 85
internal_count=3009 726 560 166 429 328 101 131 67 2283 1121 1003 118 85
is_linear=0
shrinkage=0.025


Tree=319
num_leaves=15
num_cat=0
split_feature=5 6 8 8 9 0 12 4 8 4 9 5 4 4
split_gain=58.7391 61.2269 22.6962 12.3232 20.3596 14.8492 11.4394 10.904 10.8134 10.314 9.84239 7.66506 18.395 8.929
threshold=1.0000000180025095e-35 1.0000000180025095e-35 1.5000000000000002 69.500000000000014 186.50000000000003 30.500000000000004 13.500000000000002 11.500000000000002 653.50000000000011 10.500000000000002 1.0000000180025095e-35 1.5000000000000002 10.500000000000002 5.5000000000000009
decision_type=2 2 2 2 2 2 2 2 2 2 2 2 2 2
left_child=1 2 10 5 9 -3 -7 -4 11 -5 -1 12 13 -2
right_child=8 3 7 4 -6 6 -8 -9 -10 -11 -12 -13 -14 -15
leaf_value=-0.00020149627985360859 0.00011198212372185435 0.016104882761587946 -0.0013564858644103666 0.00014333417155665184 -0.16071816839317138 -0.0011293825418670813 -0.058538632640637994 0.0036284293495032652 2.4288481862920239 0.1524970651001919 -0.0061962265947166899 -1.4783461840117696e-05 -0.0011381093743032811 5.4113683760931288e-06
leaf_weight=306 21 31 39 34 23 82 75 70 19 91 30 2080 73 35
leaf_count=306 21 31 39 34 23 82 75 70 19 91 30 2080 73 35
internal_value=-0.00186711 -0.00776215 -0.0138341 0.000281899 0.00567114 -0.0039418 -0.00708861 -0.00381818 0.000199641 0.00968254 -0.0170475 3.16742e-05 0.00592308 0.0165789
internal_weight=3009 781 445 336 148 188 157 109 2228 125 336 2209 129 56
internal_count=3009 781 445 336 148 188 157 109 2228 125 336 2209 129 56
is_linear=0
shrinkage=0.025


Tree=320
num_leaves=15
num_cat=0
split_feature=13 6 5 8 4 6 12 13 4 5 4 4 4 4
split_gain=63.71 75.9936 37.9223 16.4779 14.3889 13.1561 7.5458 5.83315 7.26469 8.93055 11.2562 5.7324 4.42329 11.253
threshold=1.0000000180025095e-35 35.500000000000007 1.0000000180025095e-35 1.5000000000000002 10.500000000000002 1.0000000180025095e-35 11.500000000000002 4.5000000000000009 26.500000000000004 1.5000000000000002 11.500000000000002 10.500000000000002 15.500000000000002 22.500000000000004
decision_type=2 2 2 2 2 2 2 2 2 2 2 2 2 2
left_child=1 2 3 5 -3 -1 -5 8 9 11 -11 -2 -9 -14
right_child=7 4 -4 6 -6 -7 -8 12 -10 10 -12 -13 13 -15
leaf_value=-0.00019645887285726839 5.276084166691564e-06 0.00014906878748244658 -0.00052515959716199496 -0.00066393996510873783 0.078032363213346667 -0.00019032224991761884 -0.050219860530665072 0.00013211440348215309 -0.011439244578184449 -1.0467705166194996e-05 0.0020303691660166837 0.002255416915815748 -0.020419173697734917 0.0066882768296737897
leaf_weight=291 55 37 179 53 79 29 58 1047 30 59 72 80 429 511
leaf_count=291 55 37 179 53 79 29 58 1047 30 59 72 80 429 511
internal_value=-0.00180066 -0.00824622 -0.0117758 -0.015787 0.0102137 -0.018676 -0.00732143 0.000249562 0.00351852 0.00485019 0.000151515 0.00933824 -0.000236419 -0.00148247
internal_weight=3009 726 610 431 116 320 111 2283 296 266 131 135 1987 940
internal_count=3009 726 610 431 116 320 111 2283 296 266 131 135 1987 940
is_linear=0
shrinkage=0.025


Tree=321
num_leaves=15
num_cat=0
split_feature=13 15 6 10 4 5 8 6 6 13 4 5 4 4
split_gain=58.2983 75.5399 23.2503 17.8984 13.8356 7.70129 9.41777 4.55652 8.35323 4.55512 7.1749 8.86861 11.4132 5.84615
threshold=1.0000000180025095e-35 1.0000000180025095e-35 35.500000000000007 19.500000000000004 10.500000000000002 1.0000000180025095e-35 1.0000000180025095e-35 19.500000000000004 1.0000000180025095e-35 4.5000000000000009 25.500000000000004 1.5000000000000002 11.500000000000002 10.500000000000002
decision_type=2 2 2 2 2 2 2 2 2 2 2 2 2 2
left_child=1 3 7 5 -4 6 -1 8 -3 10 11 13 -13 -2
right_child=9 2 4 -5 -6 -7 -8 -9 -10 -11 -12 12 -14 -15
leaf_value=-0.00019154740103583667 5.1441820625247608e-06 -0.001347654988522567 0.00014086360383993671 0.077020622355515364 0.075786295260986958 -0.0014571058657623503 -0.0017746513422647278 -0.078194430846713958 0.0048598865103694679 -6.6433918744124296e-05 -0.010063301509568443 -1.0206012537039566e-05 0.0018015842530926475 0.0026376891604957763
leaf_weight=277 55 167 36 22 74 51 45 24 30 1987 45 59 63 74
leaf_count=277 55 167 36 22 74 51 45 24 30 1987 45 59 63 74
internal_value=-0.00166777 -0.00783356 0.000963855 -0.015202 0.0103153 -0.0164973 -0.0179412 -0.00369369 -0.00237374 0.000293345 0.00318182 0.00484127 0 0.00938462
internal_weight=3009 726 331 395 110 373 322 221 197 2283 296 251 122 129
internal_count=3009 726 331 395 110 373 322 221 197 2283 296 251 122 129
is_linear=0
shrinkage=0.025


Tree=322
num_leaves=15
num_cat=0
split_feature=5 6 4 8 9 11 6 8 6 9 4 4 5 4
split_gain=52.727 64.0752 24.5242 24.4355 22.2631 12.7554 12.2503 10.626 9.05257 7.31672 9.30617 18.4069 6.71374 7.41769
threshold=1.0000000180025095e-35 25.500000000000004 10.500000000000002 1.0000000180025095e-35 1.0000000180025095e-35 45.500000000000007 11.500000000000002 653.50000000000011 2.5000000000000004 1.5000000000000002 10.500000000000002 5.5000000000000009 573.00000000000011 10.500000000000002
decision_type=2 2 2 2 2 2 2 2 2 2 2 2 2 2
left_child=1 3 -3 4 8 -4 -5 9 -1 10 11 -2 -11 -14
right_child=7 2 5 6 -6 -7 -8 -9 -10 12 -12 -13 13 -15
leaf_value=-0.00018675871600994077 -0.0001368622682303644 0.00014182047769938699 0.24370756390891055 -0.00039067704564508724 0.0001079767553498984 -0.034207135855396413 -0.079724123794673585 2.3679614355619494 -0.00018077550864378246 -4.9164398392531623e-06 0.00022837819336985477 5.0155775109611561e-06 0.56748620255367543 -0.27887716354544095
leaf_weight=310 24 48 30 156 40 124 45 19 28 1892 185 35 27 46
leaf_count=310 24 48 30 156 40 124 45 19 28 1892 185 35 27 46
internal_value=-0.00160133 -0.0071867 0.00490148 -0.0114138 -0.0151583 0 -0.00430693 0.000356662 -0.0172419 0.000190045 0.00426531 0.0128333 -0.000315361 -0.0077027
internal_weight=3009 781 202 579 378 154 201 2228 338 2209 244 59 1965 73
internal_count=3009 781 202 579 378 154 201 2228 338 2209 244 59 1965 73
is_linear=0
shrinkage=0.025


Tree=323
num_leaves=15
num_cat=0
split_feature=5 6 4 8 6 11 6 8 14 5 4 4 5 4
split_gain=52.727 64.0752 24.5242 24.4355 15.3886 12.7554 12.2503 10.626 7.33803 7.26103 18.395 8.929 6.27533 6.7568
threshold=1.0000000180025095e-35 25.500000000000004 10.500000000000002 1.0000000180025095e-35 1.0000000180025095e-35 45.500000000000007 11.500000000000002 653.50000000000011 1.0000000180025095e-35 1.5000000000000002 10.500000000000002 5.5000000000000009 573.00000000000011 10.500000000000002
decision_type=2 2 2 2 2 2 2 2 2 2 2 2 2 2
left_child=1 3 -3 4 8 -4 -5 9 -1 10 11 -2 -11 -14
right_child=7 2 5 6 -6 -7 -8 -9 -10 12 -12 -13 13 -15
leaf_value=-0.00018208974810969222 0.00011234362067883697 0.00013827496575690232 0.23761487481118776 -0.00038091011950396405 -0.00086000942556979437 -0.033351957459011497 -0.077731020699806738 2.3087623996729008 -0.015316222152746554 9.4938100528241267e-06 -0.0012376937466877349 4.8901880731866416e-06 0.55329904748983272 -0.1964806870963173
leaf_weight=304 21 48 30 156 54 124 45 19 20 2006 73 35 27 47
leaf_count=304 21 48 30 156 54 124 45 19 20 2006 73 35 27 47
internal_value=-0.00160133 -0.0071867 0.00490148 -0.0114138 -0.0151583 0 -0.00430693 0.000356662 -0.0172154 0.000190045 0.00592308 0.0165789 -0.000165786 -0.00726667
internal_weight=3009 781 202 579 378 154 201 2228 324 2209 129 56 2080 74
internal_count=3009 781 202 579 378 154 201 2228 324 2209 129 56 2080 74
is_linear=0
shrinkage=0.025


Tree=324
num_leaves=15
num_cat=0
split_feature=13 6 14 15 7 5 14 4 13 4 5 4 4 13
split_gain=57.8948 74.847 43.3095 16.0435 12.5997 10.9626 9.75174 9.69571 5.88973 7.47927 8.19409 10.015 5.7324 4.29595
threshold=1.0000000180025095e-35 1.0000000180025095e-35 1.5000000000000002 50.500000000000007 1.5000000000000002 1.0000000180025095e-35 13.500000000000002 10.500000000000002 4.5000000000000009 26.500000000000004 1.5000000000000002 11.500000000000002 10.500000000000002 1105.0000000000002
decision_type=2 2 2 2 2 2 2 2 2 2 2 2 2 2
left_child=1 2 4 6 5 -1 -3 -5 9 10 12 -12 -2 -10
right_child=8 3 -4 7 -6 -7 -8 -9 13 -11 11 -13 -14 -15
leaf_value=-0.00017753750440694993 4.7679333713579465e-06 0.00029602524635263805 -0.0022548214924432417 0.00012568064255017556 -0.000589490001306203 -0.0011825026484229039 -0.074609283886487396 0.080069440275540416 -7.2196820440995074e-05 -0.010876448037157678 -1.0065296478956043e-05 0.0019344558962836114 0.0021507096813871249 0.53946657130258591
leaf_weight=302 55 76 139 34 30 44 34 67 1965 30 59 72 80 22
leaf_count=302 55 76 139 34 30 44 34 67 1965 30 59 72 80 22
internal_value=-0.0015515 -0.00769601 -0.0128295 0.00481132 -0.0172281 -0.0185735 -0.00175676 0.0119608 0.000402802 0.00368687 0.00503745 0.000530303 0.00933824 -8.55131e-05
internal_weight=3009 726 515 211 376 346 110 101 2283 296 266 131 135 1987
internal_count=3009 726 515 211 376 346 110 101 2283 296 266 131 135 1987
is_linear=0
shrinkage=0.025


Tree=325
num_leaves=15
num_cat=0
split_feature=5 6 8 4 6 6 8 11 14 5 4 4 8 5
split_gain=51.8372 63.4007 27.3917 24.5242 13.4472 11.0097 10.626 10.05 7.33803 7.26103 18.395 8.929 5.46625 5.15245
threshold=1.0000000180025095e-35 25.500000000000004 1.0000000180025095e-35 10.500000000000002 1.0000000180025095e-35 11.500000000000002 653.50000000000011 45.500000000000007 1.0000000180025095e-35 1.5000000000000002 10.500000000000002 5.5000000000000009 69.500000000000014 573.00000000000011
decision_type=2 2 2 2 2 2 2 2 2 2 2 2 2 2
left_child=1 2 4 -3 8 -4 9 -5 -1 10 11 -2 -9 -11
right_child=6 3 5 7 -6 -7 -8 12 -10 13 -12 -13 -14 -15
leaf_value=-0.00017309906679677619 0.00010941583182758341 0.00013167607554922535 -0.00036179952269495318 0.23167630786141907 -0.00090666930376668599 -0.073922513085149383 2.2510451446015907 -0.054872244380838889 -0.01493201520128969 9.1910197779043752e-06 -0.0012605191450552168 4.6487350370744144e-06 -0.021438983741696661 -0.043269873781446228
leaf_weight=304 21 48 156 30 54 45 19 18 20 2006 73 35 106 74
leaf_count=304 21 48 156 30 54 45 19 18 20 2006 73 35 106 74
internal_value=-0.00158472 -0.00712276 -0.0113276 0.00490148 -0.0152902 -0.00381188 0.000356662 0 -0.0172154 0.000190045 0.00592308 0.0165789 -0.00316 -0.000165786
internal_weight=3009 781 579 202 378 201 2228 154 324 2209 129 56 124 2080
internal_count=3009 781 579 202 378 201 2228 154 324 2209 129 56 124 2080
is_linear=0
shrinkage=0.025


Tree=326
num_leaves=15
num_cat=0
split_feature=13 6 5 8 4 6 6 2 13 4 5 4 4 5
split_gain=62.5424 73.7514 33.307 26.1338 14.3889 10.6621 7.45086 6.04322 5.73451 7.47927 8.19409 10.015 5.7324 4.91156
threshold=1.0000000180025095e-35 35.500000000000007 1.0000000180025095e-35 1.5000000000000002 10.500000000000002 1.0000000180025095e-35 14.500000000000002 -0.22252093395631442 4.5000000000000009 26.500000000000004 1.5000000000000002 11.500000000000002 10.500000000000002 20.500000000000004
decision_type=2 2 2 2 2 2 2 2 2 2 2 2 2 2
left_child=1 2 3 5 -3 -1 -5 -4 9 10 12 -12 -2 -9
right_child=8 4 7 6 -6 -7 -8 13 -10 -11 11 -13 -14 -15
leaf_value=-0.00016877159012685679 4.5325166611487335e-06 0.00012838417366049473 -0.0031753984891304435 -0.0007273612372691254 0.073819594926949603 -0.00013948978385309183 -0.072074450258020645 0.024740206395186315 -6.3312360014400324e-05 -0.010573023857602356 -1.0043439561424618e-05 0.001885864723382072 0.0021104390439844896 -0.0051722528006345426
leaf_weight=291 55 37 117 92 79 29 19 39 1987 30 59 72 80 23
leaf_count=291 55 37 117 92 79 29 19 39 1987 30 59 72 80 23
internal_value=-0.00158472 -0.00797111 -0.0114484 -0.0152083 0.0102137 -0.0188318 -0.00464286 -0.00233333 0.000446585 0.00368687 0.00503745 0.000530303 0.00933824 0.00388889
internal_weight=3009 726 610 431 116 320 111 179 2283 296 266 131 135 62
internal_count=3009 726 610 431 116 320 111 179 2283 296 266 131 135 62
is_linear=0
shrinkage=0.025


Tree=327
num_leaves=15
num_cat=0
split_feature=13 8 6 5 6 1 2 0 1 16 13 4 5 4
split_gain=64.2729 66.3475 29.1994 19.0245 17.7144 13.8611 12.0501 9.3918 8.12829 6.91862 5.22778 7.26469 7.52039 10.015
threshold=1.0000000180025095e-35 1.0000000180025095e-35 1.0000000180025095e-35 1.0000000180025095e-35 35.500000000000007 -1.0000000180025095e-35 -0.22252093395631442 46.500000000000007 -0.60785761079279388 9.5000000000000018 4.5000000000000009 26.500000000000004 1.5000000000000002 11.500000000000002
decision_type=2 2 2 2 2 2 2 2 2 2 2 2 2 2
left_child=1 2 3 -1 7 -6 -4 8 -3 -9 11 12 -2 -14
right_child=10 4 6 -5 5 -7 -8 9 -10 -11 -12 -13 13 -15
leaf_value=-0.00016455230037368536 5.0533586157752724e-06 0.026178943448816661 0.00015152344043615259 -0.0012582189180803621 0.00010012118083385782 0.00012517456931898237 -0.0020691912909683976 0.00092174555555342159 -0.0023797144546414159 -0.043092310236953507 -6.1729551014000355e-05 -0.010308698261162298 -9.7923535723909449e-06 0.0018387181052975197
leaf_weight=282 135 59 25 49 80 26 29 48 30 98 1987 30 59 72
leaf_count=282 135 59 25 49 80 26 29 48 30 98 1987 30 59 72
internal_value=-0.00163455 -0.00810867 -0.0152073 -0.0179819 -5.84795e-05 0.00836449 0.00172727 -0.00389831 0.00244444 -0.00778912 0.000424694 0.00351852 0.00485019 0.000530303
internal_weight=3009 726 385 331 341 106 54 235 89 146 2283 296 266 131
internal_count=3009 726 385 331 341 106 54 235 89 146 2283 296 266 131
is_linear=0
shrinkage=0.025


Tree=328
num_leaves=15
num_cat=0
split_feature=13 15 6 6 4 14 0 0 5 9 13 4 5 0
split_gain=60.5615 71.5986 18.3105 18.0408 17.0547 15.1077 7.33878 10.0059 7.0166 4.39958 7.66909 9.90338 8.36448 7.83633
threshold=1.0000000180025095e-35 1.0000000180025095e-35 35.500000000000007 1.0000000180025095e-35 10.500000000000002 1.5000000000000002 55.500000000000007 72.500000000000014 2.5000000000000004 2.5000000000000004 13.500000000000002 26.500000000000004 1.5000000000000002 32.500000000000007
decision_type=2 2 2 2 2 2 2 2 2 2 2 2 2 2
left_child=1 3 6 5 -4 8 -3 -8 -1 10 11 12 -2 -12
right_child=9 2 4 -5 -6 -7 7 -9 -10 -11 13 -13 -14 -15
leaf_value=-0.00016043849286434325 2.915469946982441e-05 3.6045182708852366e-06 0.00011756674113055912 -8.4272756982554611e-05 0.071151296645290074 0.004556643218848677 -0.12196182953054242 -0.0012876433906639053 -0.004336544970303129 -5.966597339068791e-05 0.13133689872254287 -0.01005098080463324 9.1400616762271635e-06 -0.053802358125161112
leaf_weight=301 148 102 36 47 74 21 24 95 26 1910 30 24 93 78
leaf_count=301 148 102 36 47 74 21 24 95 26 1910 30 24 93 78
internal_value=-0.00161794 -0.00790234 0.000662651 -0.0150758 0.00896396 -0.0170344 -0.00346847 -0.00766667 -0.0183537 0.000380911 0.00286096 0.00515038 0.00669421 -0.00270642
internal_weight=3009 726 331 395 110 348 221 119 327 2283 373 265 241 108
internal_count=3009 726 331 395 110 348 221 119 327 2283 373 265 241 108
is_linear=0
shrinkage=0.025


Tree=329
num_leaves=15
num_cat=0
split_feature=13 15 6 4 10 4 4 12 12 14 9 16 0 4
split_gain=55.6383 63.5798 17.4119 17.7265 16.4767 15.5358 8.44128 7.03755 7.1966 4.66598 4.39958 10.806 11.0881 8.10904
threshold=1.0000000180025095e-35 1.0000000180025095e-35 40.500000000000007 10.500000000000002 19.500000000000004 2.5000000000000004 10.500000000000002 18.500000000000004 19.500000000000004 14.500000000000002 2.5000000000000004 9.5000000000000018 14.500000000000002 26.500000000000004
decision_type=2 2 2 2 2 2 2 2 2 2 2 2 2 2
left_child=1 4 7 -4 5 -1 -7 9 -9 -3 11 12 -2 -14
right_child=10 2 3 -5 -6 6 -8 8 -10 -11 -12 -13 13 -15
leaf_value=2.9831240734948606e-06 -9.7760462749896259e-06 -0.00023352839386128201 0.00011462757260229514 0.072584861575745313 0.07512555212172034 -0.00015642753054273466 -8.8880042610025374e-05 -0.069163090160879681 -0.0058789366640112917 0.17051394062004235 -5.8174324055904061e-05 -0.024558986565214391 2.7371352071291211e-05 -0.0086448335720875971
leaf_weight=19 64 75 36 70 22 120 234 23 109 18 1910 91 200 18
leaf_count=19 64 75 36 70 22 120 234 23 109 18 1910 91 200 18
internal_value=-0.00153488 -0.00755846 0.000512048 0.00883178 -0.0143182 -0.0155615 -0.0167465 -0.00340708 -0.00710526 0.00180851 0.000380911 0.00286096 0.00528269 0.00796804
internal_weight=3009 726 331 106 395 373 354 225 132 93 2283 373 282 218
internal_count=3009 726 331 106 395 373 354 225 132 93 2283 373 282 218
is_linear=0
shrinkage=0.025


Tree=330
num_leaves=15
num_cat=0
split_feature=13 15 10 4 1 12 4 0 8 0 13 9 15 5
split_gain=53.47 64.8777 16.4767 15.5358 13.334 11.4088 8.44128 4.95449 17.4745 17.0299 3.98596 9.6023 5.03523 10.0348
threshold=1.0000000180025095e-35 1.0000000180025095e-35 19.500000000000004 2.5000000000000004 1.0000000180025095e-35 20.500000000000004 10.500000000000002 72.500000000000014 35.500000000000007 56.500000000000007 1105.0000000000002 680.00000000000011 534.00000000000011 533.50000000000011
decision_type=2 2 2 2 2 2 2 2 2 2 2 2 2 2
left_child=1 2 3 -1 7 -6 -5 9 -9 -3 11 12 13 -2
right_child=10 4 -4 6 5 -7 -8 8 -10 -11 -12 -13 -14 -15
leaf_value=2.9085459716574892e-06 3.5138733618517159e-06 0.00022322663627745372 0.073247413318677332 -0.00015251684227916631 -0.0005410017198072103 0.00011624034724268644 -8.6658041544774737e-05 -0.015102663065880284 0.00192779710662288 -0.11141645972609844 0.52706772591976125 -0.064278813015684486 0.70118156970817158 -0.13068033805853929
leaf_weight=19 2169 118 22 120 23 29 234 53 74 34 22 26 21 45
leaf_count=19 2169 118 22 120 23 29 234 53 74 34 22 26 21 45
internal_value=-0.00158472 -0.00748968 -0.0143182 -0.0155615 0.000662651 0.0121698 -0.0167465 -0.0015 0.00210938 -0.00454248 0.000293345 0.000185676 0.000366726 0.00024605
internal_weight=3009 726 395 373 331 52 354 279 127 152 2283 2261 2235 2214
internal_count=3009 726 395 373 331 52 354 279 127 152 2283 2261 2235 2214
is_linear=0
shrinkage=0.025


Tree=331
num_leaves=15
num_cat=0
split_feature=13 15 10 1 12 6 5 13 5 16 0 0 11 8
split_gain=55.0709 62.2951 16.4767 14.035 11.4088 9.91853 5.01293 4.0032 9.57857 10.2115 3.88458 10.9226 6.19764 2.95466
threshold=1.0000000180025095e-35 1.0000000180025095e-35 19.500000000000004 1.0000000180025095e-35 20.500000000000004 1.0000000180025095e-35 2.5000000000000004 1105.0000000000002 573.00000000000011 591.00000000000011 36.500000000000007 72.500000000000014 6.5000000000000009 50.500000000000007
decision_type=2 2 2 2 2 2 2 2 2 2 2 2 2 2
left_child=1 2 5 10 -5 6 -1 8 13 -10 12 -12 -3 -2
right_child=7 3 -4 4 -6 -7 -8 -9 9 -11 11 -13 -14 -15
leaf_value=-0.00014870392122218713 1.8461929697799474e-05 -0.001124578356277334 0.071416227985710429 -0.00052747667681203006 0.00011333433856161929 -0.001728125166452041 -0.0084245449098074472 0.51389103277176673 -0.062671842690292578 0.66460360324394685 -0.075383034406349664 1.8877558628469916e-06 0.10534799772158508 -0.0052605649837806877
leaf_weight=306 1714 26 22 23 29 40 27 22 37 25 69 127 57 485
leaf_count=306 1714 26 22 23 29 40 27 22 37 25 69 127 57 485
internal_value=-0.00163455 -0.00762724 -0.0143182 0.000361446 0.0121698 -0.0155615 -0.016976 0.000271454 0.000163572 -0.00944444 -0.00185714 -0.00378173 0.00261905 0.000440909
internal_weight=3009 726 395 331 52 373 333 2283 2261 62 279 196 83 2199
internal_count=3009 726 395 331 52 373 333 2283 2261 62 279 196 83 2199
is_linear=0
shrinkage=0.025


Tree=332
num_leaves=15
num_cat=0
split_feature=13 15 6 1 5 6 4 13 9 15 5 0 0 11
split_gain=53.8578 64.666 16.5079 13.6823 13.0854 10.2101 7.66512 4.07252 10.313 4.40587 9.87732 3.58266 9.6902 6.19764
threshold=1.0000000180025095e-35 1.0000000180025095e-35 1.0000000180025095e-35 1.0000000180025095e-35 2.5000000000000004 40.500000000000007 3.5000000000000004 1105.0000000000002 674.00000000000011 534.00000000000011 533.50000000000011 36.500000000000007 72.500000000000014 6.5000000000000009
decision_type=2 2 2 2 2 2 2 2 2 2 2 2 2 2
left_child=1 2 4 11 6 -5 -1 8 9 10 -2 13 -13 -3
right_child=7 3 -4 5 -6 -7 -8 -9 -10 -11 -12 12 -14 -15
leaf_value=-9.8460017435722329e-06 2.964478285361061e-06 -0.0010964638973703993 -3.4574356792819713e-05 3.606457507612617e-05 -0.0033381832338329528 0.00011050098009757881 -0.00014498632319163244 0.50104375695246972 -0.061105046623035265 0.79125268241277102 -0.12722640019751738 -0.073498458546190901 1.8405619662758167e-06 0.10271429777854557
leaf_weight=24 2169 26 47 28 31 24 293 22 27 20 45 69 127 57
leaf_count=24 2169 26 47 28 31 24 293 22 27 20 45 69 127 57
internal_value=-0.001701 -0.00762724 -0.0144444 0.000512048 -0.0163181 0.0121698 -0.0178302 0.000183888 7.51547e-05 0.000266219 0.000155756 -0.00167857 -0.00352792 0.00261905
internal_weight=3009 726 395 331 348 52 317 2283 2261 2234 2214 279 196 83
internal_count=3009 726 395 331 348 52 317 2283 2261 2234 2214 279 196 83
is_linear=0
shrinkage=0.025


Tree=333
num_leaves=15
num_cat=0
split_feature=13 15 6 5 1 6 4 6 15 13 9 15 5 4
split_gain=50.1318 69.9799 16.5079 13.0854 12.3161 10.2101 7.66512 5.11503 5.71501 4.07252 10.313 4.40587 9.87732 2.52519
threshold=1.0000000180025095e-35 1.0000000180025095e-35 1.0000000180025095e-35 2.5000000000000004 1.0000000180025095e-35 40.500000000000007 3.5000000000000004 209.50000000000003 125.50000000000001 1105.0000000000002 674.00000000000011 534.00000000000011 533.50000000000011 16.500000000000004
decision_type=2 2 2 2 2 2 2 2 2 2 2 2 2 2
left_child=1 2 3 6 7 -6 -1 8 -3 10 11 12 -2 -4
right_child=9 4 13 -5 5 -7 -8 -9 -10 -11 -12 -13 -14 -15
leaf_value=-9.5998516999829271e-06 2.8903663282259242e-06 -3.139269994579961e-05 -0.0026683221180951182 -0.0032547286529871289 3.5162960699223014e-05 0.00010773845559513932 -0.00014136166511184166 0.14464504291446367 -0.044195494121617787 0.4885176630286594 -0.059577420457458174 0.77147136535245275 -0.12404574019257951 0.002332525095544069
leaf_weight=24 2169 213 18 31 28 24 293 24 42 22 27 20 45 29
leaf_count=24 2169 213 18 31 28 24 293 24 42 22 27 20 45 29
internal_value=-0.00163455 -0.00735213 -0.0144444 -0.0163181 0.00111446 0.0121698 -0.0178302 -0.000964286 -0.00203125 0.000183888 7.51547e-05 0.000266219 0.000155756 -0.000416667
internal_weight=3009 726 395 348 331 52 317 279 255 2283 2261 2234 2214 47
internal_count=3009 726 395 348 331 52 317 279 255 2283 2261 2234 2214 47
is_linear=0
shrinkage=0.025


Tree=334
num_leaves=15
num_cat=0
split_feature=13 6 11 4 5 0 1 12 5 11 13 5 16 0
split_gain=51.9781 51.8988 29.8184 10.6038 12.3436 8.29096 15.3428 7.34407 5.82065 5.2796 4.07252 9.40187 10.2115 3.71778
threshold=1.0000000180025095e-35 1.0000000180025095e-35 2.5000000000000004 3.5000000000000004 1.0000000180025095e-35 82.500000000000014 1.0000000180025095e-35 71.500000000000014 2.5000000000000004 35.500000000000007 1105.0000000000002 573.00000000000011 591.00000000000011 73.500000000000014
decision_type=2 2 2 2 2 2 2 2 2 2 2 2 2 2
left_child=1 2 3 -1 -5 6 -3 9 -7 -4 11 -2 -13 -9
right_child=10 5 7 4 -6 8 -8 13 -10 -11 -12 12 -14 -15
leaf_value=-9.3598554074833548e-06 2.4411764034587561e-06 2.5793654157639117e-06 -0.0015972241922237744 -0.00013782762348404559 -0.0012023170177787074 -0.014123326553205091 0.00010504499420526085 -0.12424404032603729 0.026141973274933502 0.075073464899499245 0.47630472145294223 -0.058087984946021722 0.62483217080083198 0.00036458713887643058
leaf_weight=29 2199 102 57 294 54 39 49 36 21 25 22 37 25 20
leaf_count=29 2199 102 57 294 54 39 49 36 21 25 22 37 25 20
internal_value=-0.00166777 -0.00748968 -0.0117636 -0.0153968 -0.0166046 0.00292453 0.00605263 -0.00176259 -0.00483607 0.00295181 0.000183888 7.51547e-05 -0.00944444 -0.00868421
internal_weight=3009 726 515 377 348 211 151 138 60 82 2283 2261 62 56
internal_count=3009 726 515 377 348 211 151 138 60 82 2283 2261 62 56
is_linear=0
shrinkage=0.025


Tree=335
num_leaves=15
num_cat=0
split_feature=13 15 6 1 14 12 5 0 0 11 13 5 16 0
split_gain=48.3189 62.9193 20.5648 15.2386 13.6661 13.0928 10.6307 4.30362 7.9311 4.72356 4.07252 9.40187 10.2115 2.86276
threshold=1.0000000180025095e-35 1.0000000180025095e-35 1.0000000180025095e-35 1.0000000180025095e-35 1.5000000000000002 20.500000000000004 2.5000000000000004 36.500000000000007 72.500000000000014 6.5000000000000009 1105.0000000000002 573.00000000000011 591.00000000000011 21.500000000000004
decision_type=2 2 2 2 2 2 2 2 2 2 2 2 2 2
left_child=1 2 4 7 6 -5 -1 9 -9 -3 11 13 -13 -2
right_child=10 3 -4 5 -6 -7 -8 8 -10 -11 -12 12 -14 -15
leaf_value=-0.00013438193289694447 -1.6868337344788654e-05 -0.0010515156744217043 3.0371930224247221e-05 -0.00051262475769901187 0.0020612570105832616 0.00010241886935012933 -0.0038182485485815237 -0.073210337133214051 2.5148812803698143e-06 0.10325332615973154 0.46439710341662138 -0.05663578532237068 0.60921136653081198 1.9564297017615751e-05
leaf_weight=301 462 26 47 23 21 29 26 69 127 57 22 37 25 1737
leaf_count=301 462 26 47 23 21 29 26 69 127 57 22 37 25 1737
internal_value=-0.00160133 -0.00721458 -0.0139394 0.000813253 -0.0160315 0.0131132 -0.0172866 -0.0015 -0.00352792 0.00321429 0.000183888 7.51547e-05 -0.00944444 0.00035
internal_weight=3009 726 395 331 348 52 327 279 196 83 2283 2261 62 2199
internal_count=3009 726 395 331 348 52 327 279 196 83 2283 2261 62 2199
is_linear=0
shrinkage=0.025


Tree=336
num_leaves=15
num_cat=0
split_feature=13 15 6 1 14 12 5 13 5 16 0 11 0 0
split_gain=47.7083 64.2103 20.5648 14.8707 13.6661 13.0928 10.6307 4.05514 9.44589 10.2115 3.99211 7.46126 6.17651 2.59069
threshold=1.0000000180025095e-35 1.0000000180025095e-35 1.0000000180025095e-35 1.0000000180025095e-35 1.5000000000000002 20.500000000000004 2.5000000000000004 1105.0000000000002 573.00000000000011 591.00000000000011 33.500000000000007 6.5000000000000009 72.500000000000014 21.500000000000004
decision_type=2 2 2 2 2 2 2 2 2 2 2 2 2 2
left_child=1 2 4 10 6 -5 -1 8 13 -10 11 -3 -12 -2
right_child=7 3 -4 5 -6 -7 -8 -9 9 -11 12 -13 -14 -15
leaf_value=-0.00013102238457452084 -1.6446628911170881e-05 -0.0074150536576626349 2.961263196864104e-05 -0.00049980913875653657 0.0020097255853187336 9.9858397616376095e-05 -0.0037227923348669861 0.45278717583120742 -0.055219890689312483 0.59398108236754299 -0.051784201037112433 0.10520135359606884 2.4520092483605689e-06 1.907518959216592e-05
leaf_weight=301 462 22 47 23 21 29 26 22 37 25 75 55 127 1737
leaf_count=301 462 22 47 23 21 29 26 22 37 25 75 55 127 1737
internal_value=-0.00156811 -0.0071458 -0.0139394 0.000963855 -0.0160315 0.0131132 -0.0172866 0.000205779 9.72591e-05 -0.00944444 -0.00132143 0.00346154 -0.00317734 0.000372727
internal_weight=3009 726 395 331 348 52 327 2283 2261 62 279 77 202 2199
internal_count=3009 726 395 331 348 52 327 2283 2261 62 279 77 202 2199
is_linear=0
shrinkage=0.025


Tree=337
num_leaves=15
num_cat=0
split_feature=13 15 6 14 1 12 5 13 5 16 4 8 16 8
split_gain=44.479 69.5052 20.5648 13.6661 13.4439 13.0928 10.6307 4.0378 9.49002 10.2115 3.18006 4.86383 3.93867 2.8002
threshold=1.0000000180025095e-35 1.0000000180025095e-35 1.0000000180025095e-35 1.5000000000000002 1.0000000180025095e-35 20.500000000000004 2.5000000000000004 1105.0000000000002 573.00000000000011 591.00000000000011 19.500000000000004 136.50000000000003 25.500000000000004 50.500000000000007
decision_type=2 2 2 2 2 2 2 2 2 2 2 2 2 2
left_child=1 2 3 6 10 -6 -1 8 13 -10 12 -12 -3 -2
right_child=7 4 -4 -5 5 -7 -8 -9 9 -11 11 -13 -14 -15
leaf_value=-0.00012774682496015781 1.6826993764684774e-05 -0.0089002110897458131 2.8872316169425013e-05 0.0019594824456856232 -0.00048731391028762313 9.736193767596669e-05 -0.003629722526495311 0.44146749643542765 -0.053839393422080661 0.57913155530835358 -0.00033882997839971077 0.50579381422644898 -1.4202914914307713e-05 -0.0051302242468768402
leaf_weight=301 1714 57 47 21 23 29 26 22 37 25 94 22 106 485
leaf_count=301 1714 57 47 21 23 29 26 22 37 25 94 22 106 485
internal_value=-0.00148505 -0.0068707 -0.0139394 -0.0160315 0.00156627 0.0131132 -0.0172866 0.000227671 0.000119363 -0.00944444 -0.000607143 0.00252137 -0.00286585 0.000395455
internal_weight=3009 726 395 348 331 52 327 2283 2261 62 279 116 163 2199
internal_count=3009 726 395 348 331 52 327 2283 2261 62 279 116 163 2199
is_linear=0
shrinkage=0.025


Tree=338
num_leaves=15
num_cat=0
split_feature=13 15 6 1 12 14 5 13 9 15 5 9 5 6
split_gain=43.3505 63.546 19.5728 14.1483 13.0928 13.0703 10.0052 4.05514 10.3436 4.38821 9.91659 2.25903 5.06065 1.00394
threshold=1.0000000180025095e-35 1.0000000180025095e-35 1.0000000180025095e-35 1.0000000180025095e-35 20.500000000000004 1.5000000000000002 2.5000000000000004 1105.0000000000002 674.00000000000011 534.00000000000011 533.50000000000011 155.00000000000003 84.500000000000014 4.5000000000000009
decision_type=2 2 2 2 2 2 2 2 2 2 2 2 2 2
left_child=1 2 5 11 -5 6 -1 8 9 10 -2 12 -3 -4
right_child=7 3 13 4 -6 -7 -8 -9 -10 -11 -12 -13 -14 -15
leaf_value=-0.00012455315433615387 2.4149837567905008e-06 -0.00097113677481726725 0.00048485420571819357 -0.0004751310625304326 9.4927889234067532e-05 0.0019104953845435091 -0.0035389794633329283 0.43043080902453995 -0.10635689175921358 0.75231180980823786 -0.11535002032827038 -0.14721768509338312 0.21633802379654538 -0.0020744235349625883
leaf_weight=301 2169 207 21 23 29 21 26 22 27 20 45 22 50 26
leaf_count=301 2169 207 21 23 29 21 26 22 27 20 45 22 50 26
internal_value=-0.00148505 -0.00680193 -0.0135606 0.00126506 0.0131132 -0.0156017 -0.0168293 0.000205779 9.72591e-05 0.000288591 0.00017833 -0.000964286 -0.000271318 0.00145833
internal_weight=3009 726 395 331 52 348 327 2283 2261 2234 2214 279 257 47
internal_count=3009 726 395 331 52 348 327 2283 2261 2234 2214 279 257 47
is_linear=0
shrinkage=0.025


end of trees

feature_importances:
days_since_start=1260
own_actual_d_origin=732
own_actual_d_lag2=398
own_plan_d3_lag2=367
own_actual_d_lag1=335
own_plan_d3_origin=305
own_plan_d4_lag1=279
own_plan_d5_lag2=244
part_id=212
own_plan_d3_lag1=182
own_plan_d5_origin=152
dow_sin=72
own_plan_d4_origin=71
own_plan_d4_lag2=60
dow_cos=39
own_plan_d5_lag1=38

parameters:
[boosting: gbdt]
[objective: regression_l1]
[metric: l1]
[tree_learner: serial]
[device_type: cpu]
[data_sample_strategy: bagging]
[data: ]
[valid: ]
[num_iterations: 500]
[learning_rate: 0.025]
[num_leaves: 15]
[num_threads: 16]
[seed: 42]
[deterministic: 0]
[force_col_wise: 0]
[force_row_wise: 0]
[histogram_pool_size: -1]
[max_depth: 5]
[min_data_in_leaf: 18]
[min_sum_hessian_in_leaf: 0.001]
[bagging_fraction: 0.9]
[pos_bagging_fraction: 1]
[neg_bagging_fraction: 1]
[bagging_freq: 0]
[bagging_seed: 400]
[bagging_by_query: 0]
[feature_fraction: 0.9]
[feature_fraction_bynode: 1]
[feature_fraction_seed: 30056]
[extra_trees: 0]
[extra_seed: 12879]
[early_stopping_round: 0]
[early_stopping_min_delta: 0]
[first_metric_only: 0]
[max_delta_step: 0]
[lambda_l1: 0.2]
[lambda_l2: 1]
[linear_lambda: 0]
[min_gain_to_split: 0]
[drop_rate: 0.1]
[max_drop: 50]
[skip_drop: 0.5]
[xgboost_dart_mode: 0]
[uniform_drop: 0]
[drop_seed: 17869]
[top_rate: 0.2]
[other_rate: 0.1]
[min_data_per_group: 100]
[max_cat_threshold: 32]
[cat_l2: 10]
[cat_smooth: 10]
[max_cat_to_onehot: 4]
[top_k: 20]
[monotone_constraints: ]
[monotone_constraints_method: basic]
[monotone_penalty: 0]
[feature_contri: ]
[forcedsplits_filename: ]
[refit_decay_rate: 0.9]
[cegb_tradeoff: 1]
[cegb_penalty_split: 0]
[cegb_penalty_feature_lazy: ]
[cegb_penalty_feature_coupled: ]
[path_smooth: 0]
[interaction_constraints: ]
[verbosity: -1]
[saved_feature_importance_type: 0]
[use_quantized_grad: 0]
[num_grad_quant_bins: 4]
[quant_train_renew_leaf: 0]
[stochastic_rounding: 1]
[linear_tree: 0]
[max_bin: 255]
[max_bin_by_feature: ]
[min_data_in_bin: 3]
[bin_construct_sample_cnt: 200000]
[data_random_seed: 175]
[is_enable_sparse: 1]
[enable_bundle: 1]
[use_missing: 1]
[zero_as_missing: 0]
[feature_pre_filter: 1]
[pre_partition: 0]
[two_round: 0]
[header: 0]
[label_column: ]
[weight_column: ]
[group_column: ]
[ignore_column: ]
[categorical_feature: ]
[forcedbins_filename: ]
[precise_float_parser: 0]
[parser_config_file: ]
[objective_seed: 16083]
[num_class: 1]
[is_unbalance: 0]
[scale_pos_weight: 1]
[sigmoid: 1]
[boost_from_average: 1]
[reg_sqrt: 0]
[alpha: 0.9]
[fair_c: 1]
[poisson_max_delta_step: 0.7]
[tweedie_variance_power: 1.5]
[lambdarank_truncation_level: 30]
[lambdarank_norm: 1]
[label_gain: ]
[lambdarank_position_bias_regularization: 0]
[eval_at: ]
[multi_error_top_k: 1]
[auc_mu_weights: ]
[num_machines: 1]
[local_listen_port: 12400]
[time_out: 120]
[machine_list_filename: ]
[machines: ]
[gpu_platform_id: -1]
[gpu_device_id: -1]
[gpu_device_id_list: ]
[gpu_use_dp: 0]
[num_gpu: 1]

end of parameters

pandas_categorical:[]
