file,WorkingTime,PageNo,Speed,Length,SetPower,GateOnTime,RealPower,label,predicted,residual,z_score,anomaly_pred,anomaly_prob,점검사유,점검필요
WeldingTest_01_OK,2022-02-10 09:02:48.515,1,250,241.1,82,1154,1662,0,1679.3760170564362,-17.37601705643624,-2.1641970279676452,0,0.024804667664138552,,N
WeldingTest_01_OK,2022-02-10 09:02:51.894,2,250,241.2,83,1670,1688,0,1704.5159551916302,-16.515955191630155,-1.8579686054240474,0,0.013599052527687816,,N
WeldingTest_01_OK,2022-02-10 09:02:54.740,3,250,241.1,82,1153,1669,0,1687.0000658542688,-18.00006585426877,-2.243365605066052,0,0.028937042284513805,,N
WeldingTest_01_OK,2022-02-10 09:02:57.948,4,250,241.2,83,1670,1693,0,1708.9999966770276,-15.999996677027639,-1.7972394956472044,0,0.012062463787483435,,N
WeldingTest_01_OK,2022-02-10 09:03:00.734,5,250,241.1,82,1154,1673,0,1689.0246460370001,-16.02464603700014,-1.9927583181866662,0,0.017732172487686704,,N
WeldingTest_01_OK,2022-02-10 09:03:03.988,6,250,241.2,83,1670,1697,0,1712.029134968304,-15.029134968304106,-1.6829675811065057,0,0.009621711333202183,,N
WeldingTest_01_OK,2022-02-10 09:03:09.712,7,250,241.1,82,1153,1671,0,1687.9999985928248,-16.999998592824795,-2.1164942732628185,0,0.022598555962847263,,N
WeldingTest_01_OK,2022-02-10 09:03:13.026,8,250,241.2,83,1670,1697,0,1711.9999942256752,-14.99999422567521,-1.6795376709334904,0,0.009556562595647659,,N
WeldingTest_01_OK,2022-02-10 09:03:15.836,9,250,241.1,82,1154,1675,0,1692.000000006275,-17.00000000627506,-2.116494452577075,0,0.022598563884185442,,N
WeldingTest_01_OK,2022-02-10 09:03:19.088,10,250,241.2,83,1670,1699,0,1714.011058058723,-15.011058058722938,-1.680839901079311,0,0.009581245938673098,,N
WeldingTest_01_OK,2022-02-10 09:03:21.914,11,250,241.1,82,1154,1678,0,1693.077006948619,-15.0770069486191,-1.8725381711556455,0,0.013995519477128947,,N
WeldingTest_01_OK,2022-02-10 09:03:25.296,12,250,241.2,83,1670,1700,0,1716.0000403355489,-16.000040335548874,-1.7972446343222215,0,0.01206258626287463,,N
WeldingTest_01_OK,2022-02-10 09:03:29.824,13,30,19.4,38,650,682,0,688.0006063384444,-6.000606338444413,-2.0192654454897943,0,0.018679561201894783,,N
WeldingTest_01_OK,2022-02-10 09:03:31.546,14,30,19.4,38,650,682,0,688.0006063384444,-6.000606338444413,-2.0192654454897943,0,0.018679561201894783,,N
WeldingTest_01_OK,2022-02-10 09:03:34.496,15,30,19.4,38,650,682,0,688.0006063384444,-6.000606338444413,-2.0192654454897943,0,0.018679561201894783,,N
WeldingTest_01_OK,2022-02-10 09:03:37.870,16,30,19.4,38,650,682,0,688.0006063384444,-6.000606338444413,-2.0192654454897943,0,0.018679561201894783,,N
WeldingTest_01_OK,2022-02-10 09:03:39.556,17,30,19.4,38,650,682,0,688.0006063384444,-6.000606338444413,-2.0192654454897943,0,0.018679561201894783,,N
WeldingTest_01_OK,2022-02-10 09:03:41.236,18,30,19.4,38,650,682,0,688.0006063384444,-6.000606338444413,-2.0192654454897943,0,0.018679561201894783,,N
WeldingTest_01_OK,2022-02-10 09:04:01.620,19,250,241.1,83,1670,1692,0,1707.000103955623,-15.00010395562299,-1.6795505863169098,0,0.009556807093015852,,N
WeldingTest_01_OK,2022-02-10 09:04:04.234,20,250,241.2,82,1154,1674,0,1689.0001549203207,-15.00015492032071,-1.8627885077500876,0,0.013728970160715663,,N
WeldingTest_01_OK,2022-02-10 09:04:07.666,21,250,241.1,83,1670,1698,0,1712.3737369702349,-14.373736970234859,-1.6058262299206787,0,0.00825745150740416,,N
WeldingTest_01_OK,2022-02-10 09:04:10.360,22,250,241.2,82,1154,1678,0,1692.099787412438,-14.09978741243799,-1.7485653657261162,0,0.0109558082057945,,N
WeldingTest_01_OK,2022-02-10 09:04:13.816,23,250,241.1,83,1670,1700,0,1714.000016164169,-14.000016164168983,-1.5618387169421417,0,0.00756730227422851,,N
WeldingTest_01_OK,2022-02-10 09:04:16.500,24,250,241.2,82,1154,1679,0,1693.9999960126588,-14.999996012658812,-1.862768348279344,0,0.013728424233375001,,N
WeldingTest_01_OK,2022-02-10 09:04:22.950,25,250,241.1,83,1670,1698,0,1712.9966966279746,-14.996696627974643,-1.6791495386184112,0,0.009549217865338152,,N
WeldingTest_01_OK,2022-02-10 09:04:25.574,26,250,241.2,82,1154,1679,0,1693.0000140611949,-14.000014061194861,-1.7359078391389438,0,0.010684868647200188,,N
WeldingTest_01_OK,2022-02-10 09:04:28.998,27,250,241.1,83,1670,1702,0,1716.0029705464842,-14.002970546484221,-1.5621864522791253,0,0.007572527074704184,,N
WeldingTest_01_OK,2022-02-10 09:04:31.786,28,250,241.2,82,1154,1682,0,1694.999985710131,-12.999985710131114,-1.609041443615449,0,0.008310278851893196,,N
WeldingTest_01_OK,2022-02-10 09:04:35.350,29,250,241.1,83,1670,1703,0,1716.999967777064,-13.999967777064057,-1.5618330217055605,0,0.0075672167318196325,,N
WeldingTest_01_OK,2022-02-10 09:04:37.964,30,250,241.2,82,1154,1683,0,1696.988693652646,-13.988693652645907,-1.7344717004265449,0,0.01065454929097051,,N
WeldingTest_01_OK,2022-02-10 09:04:42.402,31,30,19.4,38,650,683,0,688.0006063384444,-5.000606338444413,-1.6827212385847747,0,0.009617017605510333,,N
WeldingTest_01_OK,2022-02-10 09:04:43.918,32,30,19.4,38,650,682,0,688.0006063384444,-6.000606338444413,-2.0192654454897943,0,0.018679561201894783,,N
WeldingTest_01_OK,2022-02-10 09:04:47.018,33,30,19.4,38,650,683,0,688.0006063384444,-5.000606338444413,-1.6827212385847747,0,0.009617017605510333,,N
WeldingTest_01_OK,2022-02-10 09:04:48.782,34,30,19.4,38,650,682,0,688.0006063384444,-6.000606338444413,-2.0192654454897943,0,0.018679561201894783,,N
WeldingTest_01_OK,2022-02-10 09:04:52.306,35,30,19.4,38,650,683,0,688.0006063384444,-5.000606338444413,-1.6827212385847747,0,0.009617017605510333,,N
WeldingTest_01_OK,2022-02-10 09:04:54.036,36,30,19.4,38,650,682,0,688.0006063384444,-6.000606338444413,-2.0192654454897943,0,0.018679561201894783,,N
WeldingTest_01_OK,2022-02-10 09:04:55.736,37,30,19.4,38,650,682,0,688.0006063384444,-6.000606338444413,-2.0192654454897943,0,0.018679561201894783,,N
WeldingTest_01_OK,2022-02-10 09:04:58.726,38,30,19.4,38,650,683,0,688.0006063384444,-5.000606338444413,-1.6827212385847747,0,0.009617017605510333,,N
WeldingTest_01_OK,2022-02-10 09:05:00.222,39,30,19.4,38,650,682,0,688.0006063384444,-6.000606338444413,-2.0192654454897943,0,0.018679561201894783,,N
WeldingTest_01_OK,2022-02-10 09:05:48.104,1,250,241.1,82,1154,1666,0,1679.3760170564362,-13.37601705643624,-1.6567458326548528,0,0.009134608750412332,,N
WeldingTest_01_OK,2022-02-10 09:05:51.492,2,250,241.2,83,1670,1693,0,1704.5159551916302,-11.515955191630155,-1.2694609244952104,0,0.004230994860978531,,N
WeldingTest_01_OK,2022-02-10 09:05:54.318,3,250,241.1,82,1153,1674,0,1687.0000658542688,-13.000065854268769,-1.6090516109250617,0,0.008310446435601117,,N
WeldingTest_01_OK,2022-02-10 09:05:57.572,4,250,241.2,83,1670,1698,0,1708.9999966770276,-10.999996677027639,-1.2087318147183674,0,0.0037489018676576196,,N
WeldingTest_01_OK,2022-02-10 09:06:00.304,5,250,241.1,82,1154,1678,0,1689.0246460370001,-11.024646037000139,-1.3584443240456756,0,0.0050509692650612765,,N
WeldingTest_01_OK,2022-02-10 09:06:03.566,6,250,241.2,83,1670,1700,0,1712.029134968304,-12.029134968304106,-1.3298629725492035,0,0.004771678476170952,,N
WeldingTest_01_OK,2022-02-10 09:06:09.280,7,250,241.1,82,1153,1675,0,1687.9999985928248,-12.999998592824795,-1.609043077950026,0,0.00831030578975194,,N
WeldingTest_01_OK,2022-02-10 09:06:12.474,8,250,241.2,83,1670,1700,0,1711.9999942256752,-11.99999422567521,-1.3264330623761882,0,0.004739212230651823,,N
WeldingTest_01_OK,2022-02-10 09:06:15.250,9,250,241.1,82,1154,1679,0,1692.000000006275,-13.000000006275059,-1.6090432572642823,0,0.008310308745297765,,N
WeldingTest_01_OK,2022-02-10 09:06:18.466,10,250,241.2,83,1670,1703,0,1714.011058058723,-11.011058058722938,-1.2100337563362413,0,0.0037586395520559355,,N
WeldingTest_01_OK,2022-02-10 09:06:21.336,11,250,241.1,82,1154,1680,0,1693.077006948619,-13.0770069486191,-1.6188125734992491,0,0.008472888170893483,,N
WeldingTest_01_OK,2022-02-10 09:06:24.598,12,250,241.2,83,1670,1704,0,1716.0000403355489,-12.000040335548874,-1.326438489579152,0,0.004739263428468979,,N
WeldingTest_01_OK,2022-02-10 09:06:29.152,13,30,19.4,38,650,683,0,688.0006063384444,-5.000606338444413,-1.6827212385847747,0,0.009617017605510333,,N
WeldingTest_01_OK,2022-02-10 09:06:30.874,14,30,19.4,38,650,683,0,688.0006063384444,-5.000606338444413,-1.6827212385847747,0,0.009617017605510333,,N
WeldingTest_01_OK,2022-02-10 09:06:33.762,15,30,19.4,38,650,683,0,688.0006063384444,-5.000606338444413,-1.6827212385847747,0,0.009617017605510333,,N
WeldingTest_01_OK,2022-02-10 09:06:37.112,16,30,19.4,38,650,683,0,688.0006063384444,-5.000606338444413,-1.6827212385847747,0,0.009617017605510333,,N
WeldingTest_01_OK,2022-02-10 09:06:38.874,17,30,19.4,38,650,683,0,688.0006063384444,-5.000606338444413,-1.6827212385847747,0,0.009617017605510333,,N
WeldingTest_01_OK,2022-02-10 09:06:40.650,18,30,19.4,38,650,682,0,688.0006063384444,-6.000606338444413,-2.0192654454897943,0,0.018679561201894783,,N
WeldingTest_01_OK,2022-02-10 09:07:01.542,19,250,241.1,83,1670,1693,0,1707.000103955623,-14.00010395562299,-1.5618490501311424,0,0.007567457481096474,,N
WeldingTest_01_OK,2022-02-10 09:07:04.262,20,250,241.2,82,1154,1675,0,1689.0001549203207,-14.00015492032071,-1.7359257089218896,0,0.010685246446115904,,N
WeldingTest_01_OK,2022-02-10 09:07:07.656,21,250,241.1,83,1670,1699,0,1712.3737369702349,-13.373736970234859,-1.4881246937349113,0,0.006536791290953203,,N
WeldingTest_01_OK,2022-02-10 09:07:10.234,22,250,241.2,82,1154,1679,0,1692.099787412438,-13.09978741243799,-1.6217025668979181,0,0.00852158462038978,,N
WeldingTest_01_OK,2022-02-10 09:07:13.702,23,250,241.1,83,1670,1702,0,1714.000016164169,-12.000016164168983,-1.326435644570607,0,0.004739236589856007,,N
WeldingTest_01_OK,2022-02-10 09:07:16.348,24,250,241.2,82,1154,1680,0,1693.9999960126588,-13.999996012658812,-1.735905549451146,0,0.010684820240092834,,N
WeldingTest_01_OK,2022-02-10 09:07:22.770,25,250,241.1,83,1670,1699,0,1712.9966966279746,-13.996696627974643,-1.5614480024326438,0,0.007561435970096422,,N
WeldingTest_01_OK,2022-02-10 09:07:25.364,26,250,241.2,82,1154,1680,0,1693.0000140611949,-13.000014061194861,-1.6090450403107457,0,0.008310338134403763,,N
WeldingTest_01_OK,2022-02-10 09:07:28.782,27,250,241.1,83,1670,1703,0,1716.0029705464842,-13.002970546484221,-1.444484916093358,0,0.005993726567325775,,N
WeldingTest_01_OK,2022-02-10 09:07:31.452,28,250,241.2,82,1154,1683,0,1694.999985710131,-11.999985710131114,-1.482178644787251,0,0.006460014727776102,,N
WeldingTest_01_OK,2022-02-10 09:07:34.956,29,250,241.1,83,1670,1704,0,1716.999967777064,-12.999967777064057,-1.444131485519793,0,0.005989516698939982,,N
WeldingTest_01_OK,2022-02-10 09:07:37.642,30,250,241.2,82,1154,1684,0,1696.988693652646,-12.988693652645907,-1.6076089015983468,0,0.008286700301439312,,N
WeldingTest_01_OK,2022-02-10 09:07:42.096,31,30,19.4,38,650,683,0,688.0006063384444,-5.000606338444413,-1.6827212385847747,0,0.009617017605510333,,N
WeldingTest_01_OK,2022-02-10 09:07:43.728,32,30,19.4,38,650,683,0,688.0006063384444,-5.000606338444413,-1.6827212385847747,0,0.009617017605510333,,N
WeldingTest_01_OK,2022-02-10 09:07:46.804,33,30,19.4,38,650,683,0,688.0006063384444,-5.000606338444413,-1.6827212385847747,0,0.009617017605510333,,N
WeldingTest_01_OK,2022-02-10 09:07:48.574,34,30,19.4,38,650,683,0,688.0006063384444,-5.000606338444413,-1.6827212385847747,0,0.009617017605510333,,N
WeldingTest_01_OK,2022-02-10 09:07:52.008,35,30,19.4,38,650,683,0,688.0006063384444,-5.000606338444413,-1.6827212385847747,0,0.009617017605510333,,N
WeldingTest_01_OK,2022-02-10 09:07:53.694,36,30,19.4,38,650,683,0,688.0006063384444,-5.000606338444413,-1.6827212385847747,0,0.009617017605510333,,N
WeldingTest_01_OK,2022-02-10 09:07:55.452,37,30,19.4,38,650,683,0,688.0006063384444,-5.000606338444413,-1.6827212385847747,0,0.009617017605510333,,N
WeldingTest_01_OK,2022-02-10 09:07:58.448,38,30,19.4,38,650,683,0,688.0006063384444,-5.000606338444413,-1.6827212385847747,0,0.009617017605510333,,N
WeldingTest_01_OK,2022-02-10 09:07:59.914,39,30,19.4,38,650,683,0,688.0006063384444,-5.000606338444413,-1.6827212385847747,0,0.009617017605510333,,N
WeldingTest_01_OK,2022-02-10 09:08:47.068,1,250,241.1,82,1154,1667,0,1679.3760170564362,-12.37601705643624,-1.5298830338266547,0,0.0071021239172372064,,N
WeldingTest_01_OK,2022-02-10 09:08:50.292,2,250,241.2,83,1670,1694,0,1704.5159551916302,-10.515955191630155,-1.151759388309443,0,0.0033465230803196053,,N
WeldingTest_01_OK,2022-02-10 09:08:53.134,3,250,241.1,82,1153,1675,0,1687.0000658542688,-12.000065854268769,-1.4821888120968636,0,0.006460145242425546,,N
WeldingTest_01_OK,2022-02-10 09:08:56.476,4,250,241.2,83,1670,1698,0,1708.9999966770276,-10.999996677027639,-1.2087318147183674,0,0.0037489018676576196,,N
WeldingTest_01_OK,2022-02-10 09:08:59.380,5,250,241.1,82,1154,1678,0,1689.0246460370001,-11.024646037000139,-1.3584443240456756,0,0.0050509692650612765,,N
WeldingTest_01_OK,2022-02-10 09:09:02.584,6,250,241.2,83,1670,1700,0,1712.029134968304,-12.029134968304106,-1.3298629725492035,0,0.004771678476170952,,N
WeldingTest_01_OK,2022-02-10 09:09:08.480,7,250,241.1,82,1153,1675,0,1687.9999985928248,-12.999998592824795,-1.609043077950026,0,0.00831030578975194,,N
WeldingTest_01_OK,2022-02-10 09:09:11.772,8,250,241.2,83,1670,1700,0,1711.9999942256752,-11.99999422567521,-1.3264330623761882,0,0.004739212230651823,,N
WeldingTest_01_OK,2022-02-10 09:09:14.542,9,250,241.1,82,1154,1679,0,1692.000000006275,-13.000000006275059,-1.6090432572642823,0,0.008310308745297765,,N
WeldingTest_01_OK,2022-02-10 09:09:17.876,10,250,241.2,83,1670,1703,0,1714.011058058723,-11.011058058722938,-1.2100337563362413,0,0.0037586395520559355,,N
WeldingTest_01_OK,2022-02-10 09:09:20.628,11,250,241.1,82,1154,1682,0,1693.077006948619,-11.0770069486191,-1.365086975842853,0,0.005118174912159864,,N
WeldingTest_01_OK,2022-02-10 09:09:23.876,12,250,241.2,83,1670,1704,0,1716.0000403355489,-12.000040335548874,-1.326438489579152,0,0.004739263428468979,,N
WeldingTest_01_OK,2022-02-10 09:09:28.464,13,30,19.4,38,650,683,0,688.0006063384444,-5.000606338444413,-1.6827212385847747,0,0.009617017605510333,,N
WeldingTest_01_OK,2022-02-10 09:09:30.156,14,30,19.4,38,650,683,0,688.0006063384444,-5.000606338444413,-1.6827212385847747,0,0.009617017605510333,,N
WeldingTest_01_OK,2022-02-10 09:09:33.096,15,30,19.4,38,650,683,0,688.0006063384444,-5.000606338444413,-1.6827212385847747,0,0.009617017605510333,,N
WeldingTest_01_OK,2022-02-10 09:09:36.480,16,30,19.4,38,650,683,0,688.0006063384444,-5.000606338444413,-1.6827212385847747,0,0.009617017605510333,,N
WeldingTest_01_OK,2022-02-10 09:09:38.234,17,30,19.4,38,650,683,0,688.0006063384444,-5.000606338444413,-1.6827212385847747,0,0.009617017605510333,,N
WeldingTest_01_OK,2022-02-10 09:09:39.984,18,30,19.4,38,650,683,0,688.0006063384444,-5.000606338444413,-1.6827212385847747,0,0.009617017605510333,,N
WeldingTest_01_OK,2022-02-10 09:10:00.533,19,250,241.1,83,1670,1693,0,1707.000103955623,-14.00010395562299,-1.5618490501311424,0,0.007567457481096474,,N
WeldingTest_01_OK,2022-02-10 09:10:03.151,20,250,241.2,82,1154,1677,0,1689.0001549203207,-12.00015492032071,-1.4822001112654934,0,0.006460290289477037,,N
WeldingTest_01_OK,2022-02-10 09:10:06.583,21,250,241.1,83,1670,1699,0,1712.3737369702349,-13.373736970234859,-1.4881246937349113,0,0.006536791290953203,,N
WeldingTest_01_OK,2022-02-10 09:10:09.227,22,250,241.2,82,1154,1679,0,1692.099787412438,-13.09978741243799,-1.6217025668979181,0,0.00852158462038978,,N
WeldingTest_01_OK,2022-02-10 09:10:12.713,23,250,241.1,83,1670,1702,0,1714.000016164169,-12.000016164168983,-1.326435644570607,0,0.004739236589856007,,N
WeldingTest_01_OK,2022-02-10 09:10:15.345,24,250,241.2,82,1154,1682,0,1693.9999960126588,-11.999996012658812,-1.4821799517947498,0,0.006460031505285608,,N
WeldingTest_01_OK,2022-02-10 09:10:21.781,25,250,241.1,83,1670,1699,0,1712.9966966279746,-13.996696627974643,-1.5614480024326438,0,0.007561435970096422,,N
WeldingTest_01_OK,2022-02-10 09:10:24.483,26,250,241.2,82,1154,1680,0,1693.0000140611949,-13.000014061194861,-1.6090450403107457,0,0.008310338134403763,,N
WeldingTest_01_OK,2022-02-10 09:10:27.967,27,250,241.1,83,1670,1703,0,1716.0029705464842,-13.002970546484221,-1.444484916093358,0,0.005993726567325775,,N
WeldingTest_01_OK,2022-02-10 09:10:30.629,28,250,241.2,82,1154,1683,0,1694.999985710131,-11.999985710131114,-1.482178644787251,0,0.006460014727776102,,N
WeldingTest_01_OK,2022-02-10 09:10:34.105,29,250,241.1,83,1670,1704,0,1716.999967777064,-12.999967777064057,-1.444131485519793,0,0.005989516698939982,,N
WeldingTest_01_OK,2022-02-10 09:10:36.717,30,250,241.2,82,1154,1684,0,1696.988693652646,-12.988693652645907,-1.6076089015983468,0,0.008286700301439312,,N
WeldingTest_01_OK,2022-02-10 09:10:41.005,31,30,19.4,38,650,683,0,688.0006063384444,-5.000606338444413,-1.6827212385847747,0,0.009617017605510333,,N
WeldingTest_01_OK,2022-02-10 09:10:42.517,32,30,19.4,38,650,683,0,688.0006063384444,-5.000606338444413,-1.6827212385847747,0,0.009617017605510333,,N
WeldingTest_01_OK,2022-02-10 09:10:45.619,33,30,19.4,38,650,683,0,688.0006063384444,-5.000606338444413,-1.6827212385847747,0,0.009617017605510333,,N
WeldingTest_01_OK,2022-02-10 09:10:47.371,34,30,19.4,38,650,683,0,688.0006063384444,-5.000606338444413,-1.6827212385847747,0,0.009617017605510333,,N
WeldingTest_01_OK,2022-02-10 09:10:50.831,35,30,19.4,38,650,683,0,688.0006063384444,-5.000606338444413,-1.6827212385847747,0,0.009617017605510333,,N
WeldingTest_01_OK,2022-02-10 09:10:52.523,36,30,19.4,38,650,683,0,688.0006063384444,-5.000606338444413,-1.6827212385847747,0,0.009617017605510333,,N
WeldingTest_01_OK,2022-02-10 09:10:54.271,37,30,19.4,38,650,683,0,688.0006063384444,-5.000606338444413,-1.6827212385847747,0,0.009617017605510333,,N
WeldingTest_01_OK,2022-02-10 09:10:57.231,38,30,19.4,38,650,683,0,688.0006063384444,-5.000606338444413,-1.6827212385847747,0,0.009617017605510333,,N
WeldingTest_01_OK,2022-02-10 09:10:58.767,39,30,19.4,38,650,683,0,688.0006063384444,-5.000606338444413,-1.6827212385847747,0,0.009617017605510333,,N
WeldingTest_01_OK,2022-02-10 09:11:45.787,1,250,241.1,82,1154,1667,0,1679.3760170564362,-12.37601705643624,-1.5298830338266547,0,0.0071021239172372064,,N
WeldingTest_01_OK,2022-02-10 09:11:49.075,2,250,241.2,83,1670,1693,0,1704.5159551916302,-11.515955191630155,-1.2694609244952104,0,0.004230994860978531,,N
WeldingTest_01_OK,2022-02-10 09:11:51.801,3,250,241.1,82,1153,1674,0,1687.0000658542688,-13.000065854268769,-1.6090516109250617,0,0.008310446435601117,,N
WeldingTest_01_OK,2022-02-10 09:11:55.055,4,250,241.2,83,1670,1698,0,1708.9999966770276,-10.999996677027639,-1.2087318147183674,0,0.0037489018676576196,,N
WeldingTest_01_OK,2022-02-10 09:11:57.835,5,250,241.1,82,1154,1678,0,1689.0246460370001,-11.024646037000139,-1.3584443240456756,0,0.0050509692650612765,,N
WeldingTest_01_OK,2022-02-10 09:12:01.203,6,250,241.2,83,1670,1700,0,1712.029134968304,-12.029134968304106,-1.3298629725492035,0,0.004771678476170952,,N
WeldingTest_01_OK,2022-02-10 09:12:06.965,7,250,241.1,82,1153,1675,0,1687.9999985928248,-12.999998592824795,-1.609043077950026,0,0.00831030578975194,,N
WeldingTest_01_OK,2022-02-10 09:12:10.295,8,250,241.2,83,1670,1700,0,1711.9999942256752,-11.99999422567521,-1.3264330623761882,0,0.004739212230651823,,N
WeldingTest_01_OK,2022-02-10 09:12:13.107,9,250,241.1,82,1154,1680,0,1692.000000006275,-12.000000006275059,-1.4821804584360843,0,0.006460038008840503,,N
WeldingTest_01_OK,2022-02-10 09:12:16.365,10,250,241.2,83,1670,1703,0,1714.011058058723,-11.011058058722938,-1.2100337563362413,0,0.0037586395520559355,,N
WeldingTest_01_OK,2022-02-10 09:12:19.115,11,250,241.1,82,1154,1682,0,1693.077006948619,-11.0770069486191,-1.365086975842853,0,0.005118174912159864,,N
WeldingTest_01_OK,2022-02-10 09:12:22.403,12,250,241.2,83,1670,1704,0,1716.0000403355489,-12.000040335548874,-1.326438489579152,0,0.004739263428468979,,N
WeldingTest_01_OK,2022-02-10 09:12:26.845,13,30,19.4,38,650,683,0,688.0006063384444,-5.000606338444413,-1.6827212385847747,0,0.009617017605510333,,N
WeldingTest_01_OK,2022-02-10 09:12:28.559,14,30,19.4,38,650,683,0,688.0006063384444,-5.000606338444413,-1.6827212385847747,0,0.009617017605510333,,N
WeldingTest_01_OK,2022-02-10 09:12:31.475,15,30,19.4,38,650,683,0,688.0006063384444,-5.000606338444413,-1.6827212385847747,0,0.009617017605510333,,N
WeldingTest_01_OK,2022-02-10 09:12:34.801,16,30,19.4,38,650,683,0,688.0006063384444,-5.000606338444413,-1.6827212385847747,0,0.009617017605510333,,N
WeldingTest_01_OK,2022-02-10 09:12:36.549,17,30,19.4,38,650,683,0,688.0006063384444,-5.000606338444413,-1.6827212385847747,0,0.009617017605510333,,N
WeldingTest_01_OK,2022-02-10 09:12:38.241,18,30,19.4,38,650,683,0,688.0006063384444,-5.000606338444413,-1.6827212385847747,0,0.009617017605510333,,N
WeldingTest_01_OK,2022-02-10 09:12:58.871,19,250,241.1,83,1670,1693,0,1707.000103955623,-14.00010395562299,-1.5618490501311424,0,0.007567457481096474,,N
WeldingTest_01_OK,2022-02-10 09:13:01.635,20,250,241.2,82,1154,1675,0,1689.0001549203207,-14.00015492032071,-1.7359257089218896,0,0.010685246446115904,,N
WeldingTest_01_OK,2022-02-10 09:13:05.067,21,250,241.1,83,1670,1699,0,1712.3737369702349,-13.373736970234859,-1.4881246937349113,0,0.006536791290953203,,N
WeldingTest_01_OK,2022-02-10 09:13:07.651,22,250,241.2,82,1154,1679,0,1692.099787412438,-13.09978741243799,-1.6217025668979181,0,0.00852158462038978,,N
WeldingTest_01_OK,2022-02-10 09:13:11.095,23,250,241.1,83,1670,1702,0,1714.000016164169,-12.000016164168983,-1.326435644570607,0,0.004739236589856007,,N
WeldingTest_01_OK,2022-02-10 09:13:13.799,24,250,241.2,82,1154,1680,0,1693.9999960126588,-13.999996012658812,-1.735905549451146,0,0.010684820240092834,,N
WeldingTest_01_OK,2022-02-10 09:13:20.265,25,250,241.1,83,1670,1699,0,1712.9966966279746,-13.996696627974643,-1.5614480024326438,0,0.007561435970096422,,N
WeldingTest_01_OK,2022-02-10 09:13:22.837,26,250,241.2,82,1154,1680,0,1693.0000140611949,-13.000014061194861,-1.6090450403107457,0,0.008310338134403763,,N
WeldingTest_01_OK,2022-02-10 09:13:26.293,27,250,241.1,83,1670,1703,0,1716.0029705464842,-13.002970546484221,-1.444484916093358,0,0.005993726567325775,,N
WeldingTest_01_OK,2022-02-10 09:13:28.963,28,250,241.2,82,1154,1683,0,1694.999985710131,-11.999985710131114,-1.482178644787251,0,0.006460014727776102,,N
WeldingTest_01_OK,2022-02-10 09:13:32.443,29,250,241.1,83,1670,1704,0,1716.999967777064,-12.999967777064057,-1.444131485519793,0,0.005989516698939982,,N
WeldingTest_01_OK,2022-02-10 09:13:35.041,30,250,241.2,82,1154,1684,0,1696.988693652646,-12.988693652645907,-1.6076089015983468,0,0.008286700301439312,,N
WeldingTest_01_OK,2022-02-10 09:13:39.415,31,30,19.4,38,650,683,0,688.0006063384444,-5.000606338444413,-1.6827212385847747,0,0.009617017605510333,,N
WeldingTest_01_OK,2022-02-10 09:13:40.935,32,30,19.4,38,650,683,0,688.0006063384444,-5.000606338444413,-1.6827212385847747,0,0.009617017605510333,,N
WeldingTest_01_OK,2022-02-10 09:13:44.013,33,30,19.4,38,650,683,0,688.0006063384444,-5.000606338444413,-1.6827212385847747,0,0.009617017605510333,,N
WeldingTest_01_OK,2022-02-10 09:13:45.757,34,30,19.4,38,650,683,0,688.0006063384444,-5.000606338444413,-1.6827212385847747,0,0.009617017605510333,,N
WeldingTest_01_OK,2022-02-10 09:13:49.225,35,30,19.4,38,650,683,0,688.0006063384444,-5.000606338444413,-1.6827212385847747,0,0.009617017605510333,,N
WeldingTest_01_OK,2022-02-10 09:13:50.967,36,30,19.4,38,650,683,0,688.0006063384444,-5.000606338444413,-1.6827212385847747,0,0.009617017605510333,,N
WeldingTest_01_OK,2022-02-10 09:13:52.731,37,30,19.4,38,650,683,0,688.0006063384444,-5.000606338444413,-1.6827212385847747,0,0.009617017605510333,,N
WeldingTest_01_OK,2022-02-10 09:13:55.683,38,30,19.4,38,650,683,0,688.0006063384444,-5.000606338444413,-1.6827212385847747,0,0.009617017605510333,,N
WeldingTest_01_OK,2022-02-10 09:13:57.229,39,30,19.4,38,650,683,0,688.0006063384444,-5.000606338444413,-1.6827212385847747,0,0.009617017605510333,,N
WeldingTest_01_OK,2022-02-10 09:15:10.999,1,250,241.1,82,1154,1666,0,1679.3760170564362,-13.37601705643624,-1.6567458326548528,0,0.009134608750412332,,N
WeldingTest_01_OK,2022-02-10 09:15:14.271,2,250,241.2,83,1670,1692,0,1704.5159551916302,-12.515955191630155,-1.3871624606809778,0,0.005347974410351919,,N
WeldingTest_01_OK,2022-02-10 09:15:17.107,3,250,241.1,82,1153,1673,0,1687.0000658542688,-14.000065854268769,-1.7359144097532597,0,0.010685007560108224,,N
WeldingTest_01_OK,2022-02-10 09:15:20.369,4,250,241.2,83,1670,1697,0,1708.9999966770276,-11.999996677027639,-1.3264333509041348,0,0.004739214952482194,,N
WeldingTest_01_OK,2022-02-10 09:15:23.107,5,250,241.1,82,1154,1677,0,1689.0246460370001,-12.024646037000139,-1.4853071228738737,0,0.006500297908201265,,N
WeldingTest_01_OK,2022-02-10 09:15:26.367,6,250,241.2,83,1670,1699,0,1712.029134968304,-13.029134968304106,-1.447564508734971,0,0.006030533648218996,,N
WeldingTest_01_OK,2022-02-10 09:15:32.091,7,250,241.1,82,1153,1674,0,1687.9999985928248,-13.999998592824795,-1.735905876778224,0,0.010684827160218192,,N
WeldingTest_01_OK,2022-02-10 09:15:35.385,8,250,241.2,83,1670,1699,0,1711.9999942256752,-12.99999422567521,-1.4441345985619556,0,0.005989553766933549,,N
WeldingTest_01_OK,2022-02-10 09:15:38.103,9,250,241.1,82,1154,1679,0,1692.000000006275,-13.000000006275059,-1.6090432572642823,0,0.008310308745297765,,N
WeldingTest_01_OK,2022-02-10 09:15:41.399,10,250,241.2,83,1670,1702,0,1714.011058058723,-12.011058058722938,-1.3277352925220087,0,0.0047515126834385794,,N
WeldingTest_01_OK,2022-02-10 09:15:44.185,11,250,241.1,82,1154,1680,0,1693.077006948619,-13.0770069486191,-1.6188125734992491,0,0.008472888170893483,,N
WeldingTest_01_OK,2022-02-10 09:15:47.473,12,250,241.2,83,1670,1703,0,1716.0000403355489,-13.000040335548874,-1.4441400257649193,0,0.005989618390928836,,N
WeldingTest_01_OK,2022-02-10 09:15:51.959,13,30,19.4,38,650,683,0,688.0006063384444,-5.000606338444413,-1.6827212385847747,0,0.009617017605510333,,N
WeldingTest_01_OK,2022-02-10 09:15:53.639,14,30,19.4,38,650,683,0,688.0006063384444,-5.000606338444413,-1.6827212385847747,0,0.009617017605510333,,N
WeldingTest_01_OK,2022-02-10 09:15:56.585,15,30,19.4,38,650,683,0,688.0006063384444,-5.000606338444413,-1.6827212385847747,0,0.009617017605510333,,N
WeldingTest_01_OK,2022-02-10 09:16:00.001,16,30,19.4,38,650,683,0,688.0006063384444,-5.000606338444413,-1.6827212385847747,0,0.009617017605510333,,N
WeldingTest_01_OK,2022-02-10 09:16:01.743,17,30,19.4,38,650,683,0,688.0006063384444,-5.000606338444413,-1.6827212385847747,0,0.009617017605510333,,N
WeldingTest_01_OK,2022-02-10 09:16:03.425,18,30,19.4,38,650,683,0,688.0006063384444,-5.000606338444413,-1.6827212385847747,0,0.009617017605510333,,N
WeldingTest_01_OK,2022-02-10 09:16:23.891,19,250,241.1,83,1670,1693,0,1707.000103955623,-14.00010395562299,-1.5618490501311424,0,0.007567457481096474,,N
WeldingTest_01_OK,2022-02-10 09:16:26.583,20,250,241.2,82,1154,1675,0,1689.0001549203207,-14.00015492032071,-1.7359257089218896,0,0.010685246446115904,,N
WeldingTest_01_OK,2022-02-10 09:16:30.095,21,250,241.1,83,1670,1698,0,1712.3737369702349,-14.373736970234859,-1.6058262299206787,0,0.00825745150740416,,N
WeldingTest_01_OK,2022-02-10 09:16:32.763,22,250,241.2,82,1154,1678,0,1692.099787412438,-14.09978741243799,-1.7485653657261162,0,0.0109558082057945,,N
WeldingTest_01_OK,2022-02-10 09:16:36.177,23,250,241.1,83,1670,1702,0,1714.000016164169,-12.000016164168983,-1.326435644570607,0,0.004739236589856007,,N
WeldingTest_01_OK,2022-02-10 09:16:38.845,24,250,241.2,82,1154,1680,0,1693.9999960126588,-13.999996012658812,-1.735905549451146,0,0.010684820240092834,,N
WeldingTest_01_OK,2022-02-10 09:16:45.271,25,250,241.1,83,1670,1699,0,1712.9966966279746,-13.996696627974643,-1.5614480024326438,0,0.007561435970096422,,N
WeldingTest_01_OK,2022-02-10 09:16:47.887,26,250,241.2,82,1154,1680,0,1693.0000140611949,-13.000014061194861,-1.6090450403107457,0,0.008310338134403763,,N
WeldingTest_01_OK,2022-02-10 09:16:51.389,27,250,241.1,83,1670,1703,0,1716.0029705464842,-13.002970546484221,-1.444484916093358,0,0.005993726567325775,,N
WeldingTest_01_OK,2022-02-10 09:16:54.051,28,250,241.2,82,1154,1682,0,1694.999985710131,-12.999985710131114,-1.609041443615449,0,0.008310278851893196,,N
WeldingTest_01_OK,2022-02-10 09:16:57.505,29,250,241.1,83,1670,1704,0,1716.999967777064,-12.999967777064057,-1.444131485519793,0,0.005989516698939982,,N
WeldingTest_01_OK,2022-02-10 09:17:00.168,30,250,241.2,82,1154,1683,0,1696.988693652646,-13.988693652645907,-1.7344717004265449,0,0.01065454929097051,,N
WeldingTest_01_OK,2022-02-10 09:17:04.704,31,30,19.4,38,650,683,0,688.0006063384444,-5.000606338444413,-1.6827212385847747,0,0.009617017605510333,,N
WeldingTest_01_OK,2022-02-10 09:17:06.224,32,30,19.4,38,650,683,0,688.0006063384444,-5.000606338444413,-1.6827212385847747,0,0.009617017605510333,,N
WeldingTest_01_OK,2022-02-10 09:17:09.328,33,30,19.4,38,650,683,0,688.0006063384444,-5.000606338444413,-1.6827212385847747,0,0.009617017605510333,,N
WeldingTest_01_OK,2022-02-10 09:17:11.056,34,30,19.4,38,650,683,0,688.0006063384444,-5.000606338444413,-1.6827212385847747,0,0.009617017605510333,,N
WeldingTest_01_OK,2022-02-10 09:17:14.516,35,30,19.4,38,650,683,0,688.0006063384444,-5.000606338444413,-1.6827212385847747,0,0.009617017605510333,,N
WeldingTest_01_OK,2022-02-10 09:17:16.200,36,30,19.4,38,650,683,0,688.0006063384444,-5.000606338444413,-1.6827212385847747,0,0.009617017605510333,,N
WeldingTest_01_OK,2022-02-10 09:17:17.936,37,30,19.4,38,650,683,0,688.0006063384444,-5.000606338444413,-1.6827212385847747,0,0.009617017605510333,,N
WeldingTest_01_OK,2022-02-10 09:17:20.940,38,30,19.4,38,650,683,0,688.0006063384444,-5.000606338444413,-1.6827212385847747,0,0.009617017605510333,,N
WeldingTest_01_OK,2022-02-10 09:17:22.440,39,30,19.4,38,650,683,0,688.0006063384444,-5.000606338444413,-1.6827212385847747,0,0.009617017605510333,,N
WeldingTest_01_OK,2022-02-10 09:18:09.652,1,250,241.1,82,1154,1667,0,1679.3760170564362,-12.37601705643624,-1.5298830338266547,0,0.0071021239172372064,,N
WeldingTest_01_OK,2022-02-10 09:18:12.978,2,250,241.2,83,1670,1693,0,1704.5159551916302,-11.515955191630155,-1.2694609244952104,0,0.004230994860978531,,N
WeldingTest_01_OK,2022-02-10 09:18:15.722,3,250,241.1,82,1153,1675,0,1687.0000658542688,-12.000065854268769,-1.4821888120968636,0,0.006460145242425546,,N
WeldingTest_01_OK,2022-02-10 09:18:18.946,4,250,241.2,83,1670,1698,0,1708.9999966770276,-10.999996677027639,-1.2087318147183674,0,0.0037489018676576196,,N
WeldingTest_01_OK,2022-02-10 09:18:21.700,5,250,241.1,82,1154,1678,0,1689.0246460370001,-11.024646037000139,-1.3584443240456756,0,0.0050509692650612765,,N
WeldingTest_01_OK,2022-02-10 09:18:25.068,6,250,241.2,83,1670,1700,0,1712.029134968304,-12.029134968304106,-1.3298629725492035,0,0.004771678476170952,,N
WeldingTest_01_OK,2022-02-10 09:18:30.766,7,250,241.1,82,1153,1675,0,1687.9999985928248,-12.999998592824795,-1.609043077950026,0,0.00831030578975194,,N
WeldingTest_01_OK,2022-02-10 09:18:34.008,8,250,241.2,83,1670,1700,0,1711.9999942256752,-11.99999422567521,-1.3264330623761882,0,0.004739212230651823,,N
WeldingTest_01_OK,2022-02-10 09:18:36.810,9,250,241.1,82,1154,1679,0,1692.000000006275,-13.000000006275059,-1.6090432572642823,0,0.008310308745297765,,N
WeldingTest_01_OK,2022-02-10 09:18:40.086,10,250,241.2,83,1670,1703,0,1714.011058058723,-11.011058058722938,-1.2100337563362413,0,0.0037586395520559355,,N
WeldingTest_01_OK,2022-02-10 09:18:42.954,11,250,241.1,82,1154,1682,0,1693.077006948619,-11.0770069486191,-1.365086975842853,0,0.005118174912159864,,N
WeldingTest_01_OK,2022-02-10 09:18:46.204,12,250,241.2,83,1670,1704,0,1716.0000403355489,-12.000040335548874,-1.326438489579152,0,0.004739263428468979,,N
WeldingTest_01_OK,2022-02-10 09:18:50.726,13,30,19.4,38,650,683,0,688.0006063384444,-5.000606338444413,-1.6827212385847747,0,0.009617017605510333,,N
WeldingTest_01_OK,2022-02-10 09:18:52.456,14,30,19.4,38,650,683,0,688.0006063384444,-5.000606338444413,-1.6827212385847747,0,0.009617017605510333,,N
WeldingTest_01_OK,2022-02-10 09:18:55.366,15,30,19.4,38,650,683,0,688.0006063384444,-5.000606338444413,-1.6827212385847747,0,0.009617017605510333,,N
WeldingTest_01_OK,2022-02-10 09:18:58.666,16,30,19.4,38,650,683,0,688.0006063384444,-5.000606338444413,-1.6827212385847747,0,0.009617017605510333,,N
WeldingTest_01_OK,2022-02-10 09:19:00.332,17,30,19.4,38,650,683,0,688.0006063384444,-5.000606338444413,-1.6827212385847747,0,0.009617017605510333,,N
WeldingTest_01_OK,2022-02-10 09:19:02.044,18,30,19.4,38,650,683,0,688.0006063384444,-5.000606338444413,-1.6827212385847747,0,0.009617017605510333,,N
WeldingTest_01_OK,2022-02-10 09:19:23.216,19,250,241.1,83,1670,1693,0,1707.000103955623,-14.00010395562299,-1.5618490501311424,0,0.007567457481096474,,N
WeldingTest_01_OK,2022-02-10 09:19:25.904,20,250,241.2,82,1154,1677,0,1689.0001549203207,-12.00015492032071,-1.4822001112654934,0,0.006460290289477037,,N
WeldingTest_01_OK,2022-02-10 09:19:29.364,21,250,241.1,83,1670,1699,0,1712.3737369702349,-13.373736970234859,-1.4881246937349113,0,0.006536791290953203,,N
WeldingTest_01_OK,2022-02-10 09:19:32.052,22,250,241.2,82,1154,1679,0,1692.099787412438,-13.09978741243799,-1.6217025668979181,0,0.00852158462038978,,N
WeldingTest_01_OK,2022-02-10 09:19:35.478,23,250,241.1,83,1670,1702,0,1714.000016164169,-12.000016164168983,-1.326435644570607,0,0.004739236589856007,,N
WeldingTest_01_OK,2022-02-10 09:19:38.146,24,250,241.2,82,1154,1680,0,1693.9999960126588,-13.999996012658812,-1.735905549451146,0,0.010684820240092834,,N
WeldingTest_01_OK,2022-02-10 09:19:44.548,25,250,241.1,83,1670,1699,0,1712.9966966279746,-13.996696627974643,-1.5614480024326438,0,0.007561435970096422,,N
WeldingTest_01_OK,2022-02-10 09:19:47.184,26,250,241.2,82,1154,1680,0,1693.0000140611949,-13.000014061194861,-1.6090450403107457,0,0.008310338134403763,,N
WeldingTest_01_OK,2022-02-10 09:19:50.632,27,250,241.1,83,1670,1703,0,1716.0029705464842,-13.002970546484221,-1.444484916093358,0,0.005993726567325775,,N
WeldingTest_01_OK,2022-02-10 09:19:53.242,28,250,241.2,82,1154,1683,0,1694.999985710131,-11.999985710131114,-1.482178644787251,0,0.006460014727776102,,N
WeldingTest_01_OK,2022-02-10 09:19:56.710,29,250,241.1,83,1670,1704,0,1716.999967777064,-12.999967777064057,-1.444131485519793,0,0.005989516698939982,,N
WeldingTest_01_OK,2022-02-10 09:19:59.352,30,250,241.2,82,1154,1684,0,1696.988693652646,-12.988693652645907,-1.6076089015983468,0,0.008286700301439312,,N
WeldingTest_01_OK,2022-02-10 09:20:03.818,31,30,19.4,38,650,683,0,688.0006063384444,-5.000606338444413,-1.6827212385847747,0,0.009617017605510333,,N
WeldingTest_01_OK,2022-02-10 09:20:05.332,32,30,19.4,38,650,683,0,688.0006063384444,-5.000606338444413,-1.6827212385847747,0,0.009617017605510333,,N
WeldingTest_01_OK,2022-02-10 09:20:08.426,33,30,19.4,38,650,683,0,688.0006063384444,-5.000606338444413,-1.6827212385847747,0,0.009617017605510333,,N
WeldingTest_01_OK,2022-02-10 09:20:10.158,34,30,19.4,38,650,683,0,688.0006063384444,-5.000606338444413,-1.6827212385847747,0,0.009617017605510333,,N
WeldingTest_01_OK,2022-02-10 09:20:13.612,35,30,19.4,38,650,683,0,688.0006063384444,-5.000606338444413,-1.6827212385847747,0,0.009617017605510333,,N
WeldingTest_01_OK,2022-02-10 09:20:15.308,36,30,19.4,38,650,683,0,688.0006063384444,-5.000606338444413,-1.6827212385847747,0,0.009617017605510333,,N
WeldingTest_01_OK,2022-02-10 09:20:17.034,37,30,19.4,38,650,683,0,688.0006063384444,-5.000606338444413,-1.6827212385847747,0,0.009617017605510333,,N
WeldingTest_01_OK,2022-02-10 09:20:20.018,38,30,19.4,38,650,683,0,688.0006063384444,-5.000606338444413,-1.6827212385847747,0,0.009617017605510333,,N
WeldingTest_01_OK,2022-02-10 09:20:21.508,39,30,19.4,38,650,683,0,688.0006063384444,-5.000606338444413,-1.6827212385847747,0,0.009617017605510333,,N
WeldingTest_01_OK,2022-02-10 09:27:26.935,1,250,241.1,82,1154,1662,0,1679.3760170564362,-17.37601705643624,-2.1641970279676452,0,0.024804667664138552,,N
WeldingTest_01_OK,2022-02-10 09:27:30.169,2,250,241.2,83,1670,1688,0,1704.5159551916302,-16.515955191630155,-1.8579686054240474,0,0.013599052527687816,,N
WeldingTest_01_OK,2022-02-10 09:27:33.009,3,250,241.1,82,1153,1669,0,1687.0000658542688,-18.00006585426877,-2.243365605066052,0,0.028937042284513805,,N
WeldingTest_01_OK,2022-02-10 09:27:36.397,4,250,241.2,83,1670,1693,0,1708.9999966770276,-15.999996677027639,-1.7972394956472044,0,0.012062463787483435,,N
WeldingTest_01_OK,2022-02-10 09:27:39.215,5,250,241.1,82,1154,1673,0,1689.0246460370001,-16.02464603700014,-1.9927583181866662,0,0.017732172487686704,,N
WeldingTest_01_OK,2022-02-10 09:27:42.445,6,250,241.2,83,1670,1695,0,1712.029134968304,-17.029134968304106,-1.9183706534780405,0,0.015318474316666093,,N
WeldingTest_01_OK,2022-02-10 09:27:48.263,7,250,241.1,82,1153,1670,0,1687.9999985928248,-17.999998592824795,-2.2433570720910163,0,0.02893656274046461,,N
WeldingTest_01_OK,2022-02-10 09:27:51.469,8,250,241.2,83,1670,1695,0,1711.9999942256752,-16.99999422567521,-1.9149407433050252,0,0.015215345321121962,,N
WeldingTest_01_OK,2022-02-10 09:27:54.187,9,250,241.1,82,1154,1677,0,1692.000000006275,-15.000000006275059,-1.8627688549206785,0,0.01372843795318309,,N
WeldingTest_01_OK,2022-02-10 09:27:57.471,10,250,241.2,83,1670,1699,0,1714.011058058723,-15.011058058722938,-1.680839901079311,0,0.009581245938673098,,N
WeldingTest_01_OK,2022-02-10 09:28:00.299,11,250,241.1,82,1154,1678,0,1693.077006948619,-15.0770069486191,-1.8725381711556455,0,0.013995519477128947,,N
WeldingTest_01_OK,2022-02-10 09:28:03.563,12,250,241.2,83,1670,1700,0,1716.0000403355489,-16.000040335548874,-1.7972446343222215,0,0.01206258626287463,,N
WeldingTest_01_OK,2022-02-10 09:28:08.149,13,30,19.4,38,650,682,0,688.0006063384444,-6.000606338444413,-2.0192654454897943,0,0.018679561201894783,,N
WeldingTest_01_OK,2022-02-10 09:28:09.853,14,30,19.4,38,650,682,0,688.0006063384444,-6.000606338444413,-2.0192654454897943,0,0.018679561201894783,,N
WeldingTest_01_OK,2022-02-10 09:28:12.747,15,30,19.4,38,650,682,0,688.0006063384444,-6.000606338444413,-2.0192654454897943,0,0.018679561201894783,,N
WeldingTest_01_OK,2022-02-10 09:28:16.051,16,30,19.4,38,650,682,0,688.0006063384444,-6.000606338444413,-2.0192654454897943,0,0.018679561201894783,,N
WeldingTest_01_OK,2022-02-10 09:28:17.729,17,30,19.4,38,650,682,0,688.0006063384444,-6.000606338444413,-2.0192654454897943,0,0.018679561201894783,,N
WeldingTest_01_OK,2022-02-10 09:28:19.431,18,30,19.4,38,650,682,0,688.0006063384444,-6.000606338444413,-2.0192654454897943,0,0.018679561201894783,,N
WeldingTest_01_OK,2022-02-10 09:28:40.075,19,250,241.1,83,1670,1690,0,1707.000103955623,-17.00010395562299,-1.9149536586884446,0,0.015215732370009625,,N
WeldingTest_01_OK,2022-02-10 09:28:42.711,20,250,241.2,82,1154,1674,0,1689.0001549203207,-15.00015492032071,-1.8627885077500876,0,0.013728970160715663,,N
WeldingTest_01_OK,2022-02-10 09:28:46.159,21,250,241.1,83,1670,1697,0,1712.3737369702349,-15.373736970234859,-1.723527766106446,0,0.010426282629246476,,N
WeldingTest_01_OK,2022-02-10 09:28:48.761,22,250,241.2,82,1154,1677,0,1692.099787412438,-15.09978741243799,-1.8754281645543143,0,0.01407550570912607,,N
WeldingTest_01_OK,2022-02-10 09:28:52.187,23,250,241.1,83,1670,1699,0,1714.000016164169,-15.000016164168983,-1.679540253127909,0,0.009556611477923933,,N
WeldingTest_01_OK,2022-02-10 09:28:54.907,24,250,241.2,82,1154,1679,0,1693.9999960126588,-14.999996012658812,-1.862768348279344,0,0.013728424233375001,,N
WeldingTest_01_OK,2022-02-10 09:29:01.321,25,250,241.1,83,1670,1698,0,1712.9966966279746,-14.996696627974643,-1.6791495386184112,0,0.009549217865338152,,N
WeldingTest_01_OK,2022-02-10 09:29:03.957,26,250,241.2,82,1154,1679,0,1693.0000140611949,-14.000014061194861,-1.7359078391389438,0,0.010684868647200188,,N
WeldingTest_01_OK,2022-02-10 09:29:07.385,27,250,241.1,83,1670,1702,0,1716.0029705464842,-14.002970546484221,-1.5621864522791253,0,0.007572527074704184,,N
WeldingTest_01_OK,2022-02-10 09:29:10.063,28,250,241.2,82,1154,1682,0,1694.999985710131,-12.999985710131114,-1.609041443615449,0,0.008310278851893196,,N
WeldingTest_01_OK,2022-02-10 09:29:13.529,29,250,241.1,83,1670,1703,0,1716.999967777064,-13.999967777064057,-1.5618330217055605,0,0.0075672167318196325,,N
WeldingTest_01_OK,2022-02-10 09:29:16.171,30,250,241.2,82,1154,1683,0,1696.988693652646,-13.988693652645907,-1.7344717004265449,0,0.01065454929097051,,N
WeldingTest_01_OK,2022-02-10 09:29:20.583,31,30,19.4,38,650,683,0,688.0006063384444,-5.000606338444413,-1.6827212385847747,0,0.009617017605510333,,N
WeldingTest_01_OK,2022-02-10 09:29:22.223,32,30,19.4,38,650,682,0,688.0006063384444,-6.000606338444413,-2.0192654454897943,0,0.018679561201894783,,N
WeldingTest_01_OK,2022-02-10 09:29:25.305,33,30,19.4,38,650,683,0,688.0006063384444,-5.000606338444413,-1.6827212385847747,0,0.009617017605510333,,N
WeldingTest_01_OK,2022-02-10 09:29:27.029,34,30,19.4,38,650,682,0,688.0006063384444,-6.000606338444413,-2.0192654454897943,0,0.018679561201894783,,N
WeldingTest_01_OK,2022-02-10 09:29:30.511,35,30,19.4,38,650,683,0,688.0006063384444,-5.000606338444413,-1.6827212385847747,0,0.009617017605510333,,N
WeldingTest_01_OK,2022-02-10 09:29:32.225,36,30,19.4,38,650,683,0,688.0006063384444,-5.000606338444413,-1.6827212385847747,0,0.009617017605510333,,N
WeldingTest_01_OK,2022-02-10 09:29:33.919,37,30,19.4,38,650,682,0,688.0006063384444,-6.000606338444413,-2.0192654454897943,0,0.018679561201894783,,N
WeldingTest_01_OK,2022-02-10 09:29:36.935,38,30,19.4,38,650,683,0,688.0006063384444,-5.000606338444413,-1.6827212385847747,0,0.009617017605510333,,N
WeldingTest_01_OK,2022-02-10 09:29:38.439,39,30,19.4,38,650,682,0,688.0006063384444,-6.000606338444413,-2.0192654454897943,0,0.018679561201894783,,N
WeldingTest_01_OK,2022-02-10 09:30:26.855,1,250,241.1,82,1154,1667,0,1679.3760170564362,-12.37601705643624,-1.5298830338266547,0,0.0071021239172372064,,N
WeldingTest_01_OK,2022-02-10 09:30:30.091,2,250,241.2,83,1670,1693,0,1704.5159551916302,-11.515955191630155,-1.2694609244952104,0,0.004230994860978531,,N
WeldingTest_01_OK,2022-02-10 09:30:32.927,3,250,241.1,82,1153,1674,0,1687.0000658542688,-13.000065854268769,-1.6090516109250617,0,0.008310446435601117,,N
WeldingTest_01_OK,2022-02-10 09:30:36.153,4,250,241.2,83,1670,1698,0,1708.9999966770276,-10.999996677027639,-1.2087318147183674,0,0.0037489018676576196,,N
WeldingTest_01_OK,2022-02-10 09:30:38.897,5,250,241.1,82,1154,1677,0,1689.0246460370001,-12.024646037000139,-1.4853071228738737,0,0.006500297908201265,,N
WeldingTest_01_OK,2022-02-10 09:30:42.135,6,250,241.2,83,1670,1700,0,1712.029134968304,-12.029134968304106,-1.3298629725492035,0,0.004771678476170952,,N
WeldingTest_01_OK,2022-02-10 09:30:47.863,7,250,241.1,82,1153,1675,0,1687.9999985928248,-12.999998592824795,-1.609043077950026,0,0.00831030578975194,,N
WeldingTest_01_OK,2022-02-10 09:30:51.173,8,250,241.2,83,1670,1699,0,1711.9999942256752,-12.99999422567521,-1.4441345985619556,0,0.005989553766933549,,N
WeldingTest_01_OK,2022-02-10 09:30:53.969,9,250,241.1,82,1154,1679,0,1692.000000006275,-13.000000006275059,-1.6090432572642823,0,0.008310308745297765,,N
WeldingTest_01_OK,2022-02-10 09:30:57.403,10,250,241.2,83,1670,1702,0,1714.011058058723,-12.011058058722938,-1.3277352925220087,0,0.0047515126834385794,,N
WeldingTest_01_OK,2022-02-10 09:31:00.193,11,250,241.1,82,1154,1680,0,1693.077006948619,-13.0770069486191,-1.6188125734992491,0,0.008472888170893483,,N
WeldingTest_01_OK,2022-02-10 09:31:03.423,12,250,241.2,83,1670,1704,0,1716.0000403355489,-12.000040335548874,-1.326438489579152,0,0.004739263428468979,,N
WeldingTest_01_OK,2022-02-10 09:31:07.938,13,30,19.4,38,650,683,0,688.0006063384444,-5.000606338444413,-1.6827212385847747,0,0.009617017605510333,,N
WeldingTest_01_OK,2022-02-10 09:31:09.628,14,30,19.4,38,650,683,0,688.0006063384444,-5.000606338444413,-1.6827212385847747,0,0.009617017605510333,,N
WeldingTest_01_OK,2022-02-10 09:31:12.572,15,30,19.4,38,650,683,0,688.0006063384444,-5.000606338444413,-1.6827212385847747,0,0.009617017605510333,,N
WeldingTest_01_OK,2022-02-10 09:31:15.964,16,30,19.4,38,650,683,0,688.0006063384444,-5.000606338444413,-1.6827212385847747,0,0.009617017605510333,,N
WeldingTest_01_OK,2022-02-10 09:31:17.716,17,30,19.4,38,650,683,0,688.0006063384444,-5.000606338444413,-1.6827212385847747,0,0.009617017605510333,,N
WeldingTest_01_OK,2022-02-10 09:31:19.440,18,30,19.4,38,650,683,0,688.0006063384444,-5.000606338444413,-1.6827212385847747,0,0.009617017605510333,,N
WeldingTest_01_OK,2022-02-10 09:31:40.248,19,250,241.1,83,1670,1693,0,1707.000103955623,-14.00010395562299,-1.5618490501311424,0,0.007567457481096474,,N
WeldingTest_01_OK,2022-02-10 09:31:42.978,20,250,241.2,82,1154,1675,0,1689.0001549203207,-14.00015492032071,-1.7359257089218896,0,0.010685246446115904,,N
WeldingTest_01_OK,2022-02-10 09:31:46.450,21,250,241.1,83,1670,1699,0,1712.3737369702349,-13.373736970234859,-1.4881246937349113,0,0.006536791290953203,,N
WeldingTest_01_OK,2022-02-10 09:31:49.020,22,250,241.2,82,1154,1679,0,1692.099787412438,-13.09978741243799,-1.6217025668979181,0,0.00852158462038978,,N
WeldingTest_01_OK,2022-02-10 09:31:52.472,23,250,241.1,83,1670,1702,0,1714.000016164169,-12.000016164168983,-1.326435644570607,0,0.004739236589856007,,N
WeldingTest_01_OK,2022-02-10 09:31:55.118,24,250,241.2,82,1154,1682,0,1693.9999960126588,-11.999996012658812,-1.4821799517947498,0,0.006460031505285608,,N
WeldingTest_01_OK,2022-02-10 09:32:01.668,25,250,241.1,83,1670,1699,0,1712.9966966279746,-13.996696627974643,-1.5614480024326438,0,0.007561435970096422,,N
WeldingTest_01_OK,2022-02-10 09:32:04.442,26,250,241.2,82,1154,1680,0,1693.0000140611949,-13.000014061194861,-1.6090450403107457,0,0.008310338134403763,,N
WeldingTest_01_OK,2022-02-10 09:32:07.886,27,250,241.1,83,1670,1703,0,1716.0029705464842,-13.002970546484221,-1.444484916093358,0,0.005993726567325775,,N
WeldingTest_01_OK,2022-02-10 09:32:10.650,28,250,241.2,82,1154,1682,0,1694.999985710131,-12.999985710131114,-1.609041443615449,0,0.008310278851893196,,N
WeldingTest_01_OK,2022-02-10 09:32:14.100,29,250,241.1,83,1670,1704,0,1716.999967777064,-12.999967777064057,-1.444131485519793,0,0.005989516698939982,,N
WeldingTest_01_OK,2022-02-10 09:32:16.776,30,250,241.2,82,1154,1683,0,1696.988693652646,-13.988693652645907,-1.7344717004265449,0,0.01065454929097051,,N
WeldingTest_01_OK,2022-02-10 09:32:21.206,31,30,19.4,38,650,683,0,688.0006063384444,-5.000606338444413,-1.6827212385847747,0,0.009617017605510333,,N
WeldingTest_01_OK,2022-02-10 09:32:22.720,32,30,19.4,38,650,683,0,688.0006063384444,-5.000606338444413,-1.6827212385847747,0,0.009617017605510333,,N
WeldingTest_01_OK,2022-02-10 09:32:25.790,33,30,19.4,38,650,683,0,688.0006063384444,-5.000606338444413,-1.6827212385847747,0,0.009617017605510333,,N
WeldingTest_01_OK,2022-02-10 09:32:27.578,34,30,19.4,38,650,683,0,688.0006063384444,-5.000606338444413,-1.6827212385847747,0,0.009617017605510333,,N
WeldingTest_01_OK,2022-02-10 09:32:31.088,35,30,19.4,38,650,683,0,688.0006063384444,-5.000606338444413,-1.6827212385847747,0,0.009617017605510333,,N
WeldingTest_01_OK,2022-02-10 09:32:32.804,36,30,19.4,38,650,683,0,688.0006063384444,-5.000606338444413,-1.6827212385847747,0,0.009617017605510333,,N
WeldingTest_01_OK,2022-02-10 09:32:34.520,37,30,19.4,38,650,683,0,688.0006063384444,-5.000606338444413,-1.6827212385847747,0,0.009617017605510333,,N
WeldingTest_01_OK,2022-02-10 09:32:37.526,38,30,19.4,38,650,683,0,688.0006063384444,-5.000606338444413,-1.6827212385847747,0,0.009617017605510333,,N
WeldingTest_01_OK,2022-02-10 09:32:39.026,39,30,19.4,38,650,683,0,688.0006063384444,-5.000606338444413,-1.6827212385847747,0,0.009617017605510333,,N
WeldingTest_01_OK,2022-02-10 09:38:38.479,1,250,241.1,82,1154,1662,0,1679.3760170564362,-17.37601705643624,-2.1641970279676452,0,0.024804667664138552,,N
WeldingTest_01_OK,2022-02-10 09:38:41.739,2,250,241.2,83,1670,1688,0,1704.5159551916302,-16.515955191630155,-1.8579686054240474,0,0.013599052527687816,,N
WeldingTest_01_OK,2022-02-10 09:38:44.493,3,250,241.1,82,1153,1669,0,1687.0000658542688,-18.00006585426877,-2.243365605066052,0,0.028937042284513805,,N
WeldingTest_01_OK,2022-02-10 09:38:47.749,4,250,241.2,83,1670,1693,0,1708.9999966770276,-15.999996677027639,-1.7972394956472044,0,0.012062463787483435,,N
WeldingTest_01_OK,2022-02-10 09:38:50.505,5,250,241.1,82,1154,1673,0,1689.0246460370001,-16.02464603700014,-1.9927583181866662,0,0.017732172487686704,,N
WeldingTest_01_OK,2022-02-10 09:38:53.765,6,250,241.2,83,1670,1695,0,1712.029134968304,-17.029134968304106,-1.9183706534780405,0,0.015318474316666093,,N
WeldingTest_01_OK,2022-02-10 09:38:59.537,7,250,241.1,82,1153,1670,0,1687.9999985928248,-17.999998592824795,-2.2433570720910163,0,0.02893656274046461,,N
WeldingTest_01_OK,2022-02-10 09:39:02.765,8,250,241.2,83,1670,1695,0,1711.9999942256752,-16.99999422567521,-1.9149407433050252,0,0.015215345321121962,,N
WeldingTest_01_OK,2022-02-10 09:39:05.647,9,250,241.1,82,1154,1675,0,1692.000000006275,-17.00000000627506,-2.116494452577075,0,0.022598563884185442,,N
WeldingTest_01_OK,2022-02-10 09:39:08.851,10,250,241.2,83,1670,1698,0,1714.011058058723,-16.011058058722938,-1.7985414372650783,0,0.0120935336194864,,N
WeldingTest_01_OK,2022-02-10 09:39:11.575,11,250,241.1,82,1154,1678,0,1693.077006948619,-15.0770069486191,-1.8725381711556455,0,0.013995519477128947,,N
WeldingTest_01_OK,2022-02-10 09:39:14.845,12,250,241.2,83,1670,1700,0,1716.0000403355489,-16.000040335548874,-1.7972446343222215,0,0.01206258626287463,,N
WeldingTest_01_OK,2022-02-10 09:39:19.327,13,30,19.4,38,650,682,0,688.0006063384444,-6.000606338444413,-2.0192654454897943,0,0.018679561201894783,,N
WeldingTest_01_OK,2022-02-10 09:39:21.029,14,30,19.4,38,650,682,0,688.0006063384444,-6.000606338444413,-2.0192654454897943,0,0.018679561201894783,,N
WeldingTest_01_OK,2022-02-10 09:39:23.979,15,30,19.4,38,650,682,0,688.0006063384444,-6.000606338444413,-2.0192654454897943,0,0.018679561201894783,,N
WeldingTest_01_OK,2022-02-10 09:39:27.391,16,30,19.4,38,650,682,0,688.0006063384444,-6.000606338444413,-2.0192654454897943,0,0.018679561201894783,,N
WeldingTest_01_OK,2022-02-10 09:39:29.111,17,30,19.4,38,650,682,0,688.0006063384444,-6.000606338444413,-2.0192654454897943,0,0.018679561201894783,,N
WeldingTest_01_OK,2022-02-10 09:39:30.799,18,30,19.4,38,650,682,0,688.0006063384444,-6.000606338444413,-2.0192654454897943,0,0.018679561201894783,,N
WeldingTest_01_OK,2022-02-10 09:39:51.633,19,250,241.1,83,1670,1690,0,1707.000103955623,-17.00010395562299,-1.9149536586884446,0,0.015215732370009625,,N
WeldingTest_01_OK,2022-02-10 09:39:54.349,20,250,241.2,82,1154,1673,0,1689.0001549203207,-16.00015492032071,-1.989651306578286,0,0.01762426196713884,,N
WeldingTest_01_OK,2022-02-10 09:39:57.719,21,250,241.1,83,1670,1697,0,1712.3737369702349,-15.373736970234859,-1.723527766106446,0,0.010426282629246476,,N
WeldingTest_01_OK,2022-02-10 09:40:00.333,22,250,241.2,82,1154,1678,0,1692.099787412438,-14.09978741243799,-1.7485653657261162,0,0.0109558082057945,,N
WeldingTest_01_OK,2022-02-10 09:40:03.783,23,250,241.1,83,1670,1699,0,1714.000016164169,-15.000016164168983,-1.679540253127909,0,0.009556611477923933,,N
WeldingTest_01_OK,2022-02-10 09:40:06.437,24,250,241.2,82,1154,1679,0,1693.9999960126588,-14.999996012658812,-1.862768348279344,0,0.013728424233375001,,N
WeldingTest_01_OK,2022-02-10 09:40:12.815,25,250,241.1,83,1670,1698,0,1712.9966966279746,-14.996696627974643,-1.6791495386184112,0,0.009549217865338152,,N
WeldingTest_01_OK,2022-02-10 09:40:15.423,26,250,241.2,82,1154,1679,0,1693.0000140611949,-14.000014061194861,-1.7359078391389438,0,0.010684868647200188,,N
WeldingTest_01_OK,2022-02-10 09:40:18.875,27,250,241.1,83,1670,1702,0,1716.0029705464842,-14.002970546484221,-1.5621864522791253,0,0.007572527074704184,,N
WeldingTest_01_OK,2022-02-10 09:40:21.527,28,250,241.2,82,1154,1680,0,1694.999985710131,-14.999985710131114,-1.8627670412718451,0,0.013728388839775599,,N
WeldingTest_01_OK,2022-02-10 09:40:25.047,29,250,241.1,83,1670,1703,0,1716.999967777064,-13.999967777064057,-1.5618330217055605,0,0.0075672167318196325,,N
WeldingTest_01_OK,2022-02-10 09:40:27.633,30,250,241.2,82,1154,1682,0,1696.988693652646,-14.988693652645907,-1.861334499254743,0,0.013689649828684303,,N
WeldingTest_01_OK,2022-02-10 09:40:32.099,31,30,19.4,38,650,683,0,688.0006063384444,-5.000606338444413,-1.6827212385847747,0,0.009617017605510333,,N
WeldingTest_01_OK,2022-02-10 09:40:33.597,32,30,19.4,38,650,682,0,688.0006063384444,-6.000606338444413,-2.0192654454897943,0,0.018679561201894783,,N
WeldingTest_01_OK,2022-02-10 09:40:36.685,33,30,19.4,38,650,683,0,688.0006063384444,-5.000606338444413,-1.6827212385847747,0,0.009617017605510333,,N
WeldingTest_01_OK,2022-02-10 09:40:38.479,34,30,19.4,38,650,683,0,688.0006063384444,-5.000606338444413,-1.6827212385847747,0,0.009617017605510333,,N
WeldingTest_01_OK,2022-02-10 09:40:42.017,35,30,19.4,38,650,683,0,688.0006063384444,-5.000606338444413,-1.6827212385847747,0,0.009617017605510333,,N
WeldingTest_01_OK,2022-02-10 09:40:43.745,36,30,19.4,38,650,683,0,688.0006063384444,-5.000606338444413,-1.6827212385847747,0,0.009617017605510333,,N
WeldingTest_01_OK,2022-02-10 09:40:45.425,37,30,19.4,38,650,682,0,688.0006063384444,-6.000606338444413,-2.0192654454897943,0,0.018679561201894783,,N
WeldingTest_01_OK,2022-02-10 09:40:48.437,38,30,19.4,38,650,683,0,688.0006063384444,-5.000606338444413,-1.6827212385847747,0,0.009617017605510333,,N
WeldingTest_01_OK,2022-02-10 09:40:49.899,39,30,19.4,38,650,682,0,688.0006063384444,-6.000606338444413,-2.0192654454897943,0,0.018679561201894783,,N
WeldingTest_01_OK,2022-02-10 09:49:02.870,1,250,241.1,82,1154,1662,0,1679.3760170564362,-17.37601705643624,-2.1641970279676452,0,0.024804667664138552,,N
WeldingTest_01_OK,2022-02-10 09:49:06.252,2,250,241.2,83,1670,1687,0,1704.5159551916302,-17.515955191630155,-1.9756701416098148,0,0.017146605961034997,,N
WeldingTest_01_OK,2022-02-10 09:49:09.114,3,250,241.1,82,1153,1669,0,1687.0000658542688,-18.00006585426877,-2.243365605066052,0,0.028937042284513805,,N
WeldingTest_01_OK,2022-02-10 09:49:12.440,4,250,241.2,83,1670,1692,0,1708.9999966770276,-16.99999667702764,-1.9149410318329718,0,0.015215353967636736,,N
WeldingTest_01_OK,2022-02-10 09:49:15.182,5,250,241.1,82,1154,1673,0,1689.0246460370001,-16.02464603700014,-1.9927583181866662,0,0.017732172487686704,,N
WeldingTest_01_OK,2022-02-10 09:49:18.444,6,250,241.2,83,1670,1695,0,1712.029134968304,-17.029134968304106,-1.9183706534780405,0,0.015318474316666093,,N
WeldingTest_01_OK,2022-02-10 09:49:24.150,7,250,241.1,82,1153,1671,0,1687.9999985928248,-16.999998592824795,-2.1164942732628185,0,0.022598555962847263,,N
WeldingTest_01_OK,2022-02-10 09:49:27.380,8,250,241.2,83,1670,1695,0,1711.9999942256752,-16.99999422567521,-1.9149407433050252,0,0.015215345321121962,,N
WeldingTest_01_OK,2022-02-10 09:49:30.214,9,250,241.1,82,1154,1675,0,1692.000000006275,-17.00000000627506,-2.116494452577075,0,0.022598563884185442,,N
WeldingTest_01_OK,2022-02-10 09:49:33.454,10,250,241.2,83,1670,1699,0,1714.011058058723,-15.011058058722938,-1.680839901079311,0,0.009581245938673098,,N
WeldingTest_01_OK,2022-02-10 09:49:36.332,11,250,241.1,82,1154,1677,0,1693.077006948619,-16.0770069486191,-1.9994009699838435,0,0.01796506119526526,,N
WeldingTest_01_OK,2022-02-10 09:49:39.644,12,250,241.2,83,1670,1700,0,1716.0000403355489,-16.000040335548874,-1.7972446343222215,0,0.01206258626287463,,N
WeldingTest_01_OK,2022-02-10 09:49:44.208,13,30,19.4,38,650,682,0,688.0006063384444,-6.000606338444413,-2.0192654454897943,0,0.018679561201894783,,N
WeldingTest_01_OK,2022-02-10 09:49:45.936,14,30,19.4,38,650,682,0,688.0006063384444,-6.000606338444413,-2.0192654454897943,0,0.018679561201894783,,N
WeldingTest_01_OK,2022-02-10 09:49:48.872,15,30,19.4,38,650,682,0,688.0006063384444,-6.000606338444413,-2.0192654454897943,0,0.018679561201894783,,N
WeldingTest_01_OK,2022-02-10 09:49:52.270,16,30,19.4,38,650,682,0,688.0006063384444,-6.000606338444413,-2.0192654454897943,0,0.018679561201894783,,N
WeldingTest_01_OK,2022-02-10 09:49:54.032,17,30,19.4,38,650,682,0,688.0006063384444,-6.000606338444413,-2.0192654454897943,0,0.018679561201894783,,N
WeldingTest_01_OK,2022-02-10 09:49:55.756,18,30,19.4,38,650,682,0,688.0006063384444,-6.000606338444413,-2.0192654454897943,0,0.018679561201894783,,N
WeldingTest_01_OK,2022-02-10 09:50:16.826,19,250,241.1,83,1670,1690,0,1707.000103955623,-17.00010395562299,-1.9149536586884446,0,0.015215732370009625,,N
WeldingTest_01_OK,2022-02-10 09:50:19.570,20,250,241.2,82,1154,1673,0,1689.0001549203207,-16.00015492032071,-1.989651306578286,0,0.01762426196713884,,N
WeldingTest_01_OK,2022-02-10 09:50:23.058,21,250,241.1,83,1670,1697,0,1712.3737369702349,-15.373736970234859,-1.723527766106446,0,0.010426282629246476,,N
WeldingTest_01_OK,2022-02-10 09:50:25.638,22,250,241.2,82,1154,1677,0,1692.099787412438,-15.09978741243799,-1.8754281645543143,0,0.01407550570912607,,N
WeldingTest_01_OK,2022-02-10 09:50:29.082,23,250,241.1,83,1670,1699,0,1714.000016164169,-15.000016164168983,-1.679540253127909,0,0.009556611477923933,,N
WeldingTest_01_OK,2022-02-10 09:50:31.730,24,250,241.2,82,1154,1679,0,1693.9999960126588,-14.999996012658812,-1.862768348279344,0,0.013728424233375001,,N
WeldingTest_01_OK,2022-02-10 09:50:38.220,25,250,241.1,83,1670,1698,0,1712.9966966279746,-14.996696627974643,-1.6791495386184112,0,0.009549217865338152,,N
WeldingTest_01_OK,2022-02-10 09:50:40.934,26,250,241.2,82,1154,1679,0,1693.0000140611949,-14.000014061194861,-1.7359078391389438,0,0.010684868647200188,,N
WeldingTest_01_OK,2022-02-10 09:50:44.374,27,250,241.1,83,1670,1702,0,1716.0029705464842,-14.002970546484221,-1.5621864522791253,0,0.007572527074704184,,N
WeldingTest_01_OK,2022-02-10 09:50:47.054,28,250,241.2,82,1154,1680,0,1694.999985710131,-14.999985710131114,-1.8627670412718451,0,0.013728388839775599,,N
WeldingTest_01_OK,2022-02-10 09:50:50.502,29,250,241.1,83,1670,1703,0,1716.999967777064,-13.999967777064057,-1.5618330217055605,0,0.0075672167318196325,,N
WeldingTest_01_OK,2022-02-10 09:50:53.140,30,250,241.2,82,1154,1682,0,1696.988693652646,-14.988693652645907,-1.861334499254743,0,0.013689649828684303,,N
WeldingTest_01_OK,2022-02-10 09:50:57.586,31,30,19.4,38,650,683,0,688.0006063384444,-5.000606338444413,-1.6827212385847747,0,0.009617017605510333,,N
WeldingTest_01_OK,2022-02-10 09:50:59.054,32,30,19.4,38,650,682,0,688.0006063384444,-6.000606338444413,-2.0192654454897943,0,0.018679561201894783,,N
WeldingTest_01_OK,2022-02-10 09:51:02.072,33,30,19.4,38,650,683,0,688.0006063384444,-5.000606338444413,-1.6827212385847747,0,0.009617017605510333,,N
WeldingTest_01_OK,2022-02-10 09:51:03.866,34,30,19.4,38,650,682,0,688.0006063384444,-6.000606338444413,-2.0192654454897943,0,0.018679561201894783,,N
WeldingTest_01_OK,2022-02-10 09:51:07.370,35,30,19.4,38,650,683,0,688.0006063384444,-5.000606338444413,-1.6827212385847747,0,0.009617017605510333,,N
WeldingTest_01_OK,2022-02-10 09:51:09.110,36,30,19.4,38,650,682,0,688.0006063384444,-6.000606338444413,-2.0192654454897943,0,0.018679561201894783,,N
WeldingTest_01_OK,2022-02-10 09:51:10.798,37,30,19.4,38,650,682,0,688.0006063384444,-6.000606338444413,-2.0192654454897943,0,0.018679561201894783,,N
WeldingTest_01_OK,2022-02-10 09:51:13.792,38,30,19.4,38,650,683,0,688.0006063384444,-5.000606338444413,-1.6827212385847747,0,0.009617017605510333,,N
WeldingTest_01_OK,2022-02-10 09:51:15.324,39,30,19.4,38,650,682,0,688.0006063384444,-6.000606338444413,-2.0192654454897943,0,0.018679561201894783,,N
WeldingTest_01_OK,2022-02-10 09:52:02.078,1,250,241.1,82,1154,1667,0,1679.3760170564362,-12.37601705643624,-1.5298830338266547,0,0.0071021239172372064,,N
WeldingTest_01_OK,2022-02-10 09:52:05.334,2,250,241.2,83,1670,1693,0,1704.5159551916302,-11.515955191630155,-1.2694609244952104,0,0.004230994860978531,,N
WeldingTest_01_OK,2022-02-10 09:52:08.088,3,250,241.1,82,1153,1674,0,1687.0000658542688,-13.000065854268769,-1.6090516109250617,0,0.008310446435601117,,N
WeldingTest_01_OK,2022-02-10 09:52:11.470,4,250,241.2,83,1670,1698,0,1708.9999966770276,-10.999996677027639,-1.2087318147183674,0,0.0037489018676576196,,N
WeldingTest_01_OK,2022-02-10 09:52:14.334,5,250,241.1,82,1154,1677,0,1689.0246460370001,-12.024646037000139,-1.4853071228738737,0,0.006500297908201265,,N
WeldingTest_01_OK,2022-02-10 09:52:17.519,6,250,241.2,83,1670,1700,0,1712.029134968304,-12.029134968304106,-1.3298629725492035,0,0.004771678476170952,,N
WeldingTest_01_OK,2022-02-10 09:52:23.283,7,250,241.1,82,1153,1675,0,1687.9999985928248,-12.999998592824795,-1.609043077950026,0,0.00831030578975194,,N
WeldingTest_01_OK,2022-02-10 09:52:26.553,8,250,241.2,83,1670,1699,0,1711.9999942256752,-12.99999422567521,-1.4441345985619556,0,0.005989553766933549,,N
WeldingTest_01_OK,2022-02-10 09:52:29.419,9,250,241.1,82,1154,1679,0,1692.000000006275,-13.000000006275059,-1.6090432572642823,0,0.008310308745297765,,N
WeldingTest_01_OK,2022-02-10 09:52:32.771,10,250,241.2,83,1670,1702,0,1714.011058058723,-12.011058058722938,-1.3277352925220087,0,0.0047515126834385794,,N
WeldingTest_01_OK,2022-02-10 09:52:35.613,11,250,241.1,82,1154,1680,0,1693.077006948619,-13.0770069486191,-1.6188125734992491,0,0.008472888170893483,,N
WeldingTest_01_OK,2022-02-10 09:52:38.831,12,250,241.2,83,1670,1704,0,1716.0000403355489,-12.000040335548874,-1.326438489579152,0,0.004739263428468979,,N
WeldingTest_01_OK,2022-02-10 09:52:43.503,13,30,19.4,38,650,683,0,688.0006063384444,-5.000606338444413,-1.6827212385847747,0,0.009617017605510333,,N
WeldingTest_01_OK,2022-02-10 09:52:45.261,14,30,19.4,38,650,683,0,688.0006063384444,-5.000606338444413,-1.6827212385847747,0,0.009617017605510333,,N
WeldingTest_01_OK,2022-02-10 09:52:48.231,15,30,19.4,38,650,683,0,688.0006063384444,-5.000606338444413,-1.6827212385847747,0,0.009617017605510333,,N
WeldingTest_01_OK,2022-02-10 09:52:51.549,16,30,19.4,38,650,683,0,688.0006063384444,-5.000606338444413,-1.6827212385847747,0,0.009617017605510333,,N
WeldingTest_01_OK,2022-02-10 09:52:53.321,17,30,19.4,38,650,683,0,688.0006063384444,-5.000606338444413,-1.6827212385847747,0,0.009617017605510333,,N
WeldingTest_01_OK,2022-02-10 09:52:55.043,18,30,19.4,38,650,683,0,688.0006063384444,-5.000606338444413,-1.6827212385847747,0,0.009617017605510333,,N
WeldingTest_01_OK,2022-02-10 09:53:15.623,19,250,241.1,83,1670,1693,0,1707.000103955623,-14.00010395562299,-1.5618490501311424,0,0.007567457481096474,,N
WeldingTest_01_OK,2022-02-10 09:53:18.217,20,250,241.2,82,1154,1675,0,1689.0001549203207,-14.00015492032071,-1.7359257089218896,0,0.010685246446115904,,N
WeldingTest_01_OK,2022-02-10 09:53:21.637,21,250,241.1,83,1670,1699,0,1712.3737369702349,-13.373736970234859,-1.4881246937349113,0,0.006536791290953203,,N
WeldingTest_01_OK,2022-02-10 09:53:24.221,22,250,241.2,82,1154,1679,0,1692.099787412438,-13.09978741243799,-1.6217025668979181,0,0.00852158462038978,,N
WeldingTest_01_OK,2022-02-10 09:53:27.649,23,250,241.1,83,1670,1702,0,1714.000016164169,-12.000016164168983,-1.326435644570607,0,0.004739236589856007,,N
WeldingTest_01_OK,2022-02-10 09:53:30.265,24,250,241.2,82,1154,1682,0,1693.9999960126588,-11.999996012658812,-1.4821799517947498,0,0.006460031505285608,,N
WeldingTest_01_OK,2022-02-10 09:53:36.729,25,250,241.1,83,1670,1699,0,1712.9966966279746,-13.996696627974643,-1.5614480024326438,0,0.007561435970096422,,N
WeldingTest_01_OK,2022-02-10 09:53:39.387,26,250,241.2,82,1154,1680,0,1693.0000140611949,-13.000014061194861,-1.6090450403107457,0,0.008310338134403763,,N
WeldingTest_01_OK,2022-02-10 09:53:42.879,27,250,241.1,83,1670,1703,0,1716.0029705464842,-13.002970546484221,-1.444484916093358,0,0.005993726567325775,,N
WeldingTest_01_OK,2022-02-10 09:53:45.503,28,250,241.2,82,1154,1683,0,1694.999985710131,-11.999985710131114,-1.482178644787251,0,0.006460014727776102,,N
WeldingTest_01_OK,2022-02-10 09:53:48.993,29,250,241.1,83,1670,1704,0,1716.999967777064,-12.999967777064057,-1.444131485519793,0,0.005989516698939982,,N
WeldingTest_01_OK,2022-02-10 09:53:51.643,30,250,241.2,82,1154,1684,0,1696.988693652646,-12.988693652645907,-1.6076089015983468,0,0.008286700301439312,,N
WeldingTest_01_OK,2022-02-10 09:53:55.987,31,30,19.4,38,650,683,0,688.0006063384444,-5.000606338444413,-1.6827212385847747,0,0.009617017605510333,,N
WeldingTest_01_OK,2022-02-10 09:53:57.499,32,30,19.4,38,650,683,0,688.0006063384444,-5.000606338444413,-1.6827212385847747,0,0.009617017605510333,,N
WeldingTest_01_OK,2022-02-10 09:54:00.545,33,30,19.4,38,650,683,0,688.0006063384444,-5.000606338444413,-1.6827212385847747,0,0.009617017605510333,,N
WeldingTest_01_OK,2022-02-10 09:54:02.251,34,30,19.4,38,650,683,0,688.0006063384444,-5.000606338444413,-1.6827212385847747,0,0.009617017605510333,,N
WeldingTest_01_OK,2022-02-10 09:54:05.807,35,30,19.4,38,650,683,0,688.0006063384444,-5.000606338444413,-1.6827212385847747,0,0.009617017605510333,,N
WeldingTest_01_OK,2022-02-10 09:54:07.515,36,30,19.4,38,650,683,0,688.0006063384444,-5.000606338444413,-1.6827212385847747,0,0.009617017605510333,,N
WeldingTest_01_OK,2022-02-10 09:54:09.231,37,30,19.4,38,650,683,0,688.0006063384444,-5.000606338444413,-1.6827212385847747,0,0.009617017605510333,,N
WeldingTest_01_OK,2022-02-10 09:54:12.203,38,30,19.4,38,650,683,0,688.0006063384444,-5.000606338444413,-1.6827212385847747,0,0.009617017605510333,,N
WeldingTest_01_OK,2022-02-10 09:54:13.685,39,30,19.4,38,650,682,0,688.0006063384444,-6.000606338444413,-2.0192654454897943,0,0.018679561201894783,,N
WeldingTest_01_OK,2022-02-10 09:55:01.533,1,250,241.1,82,1154,1667,0,1679.3760170564362,-12.37601705643624,-1.5298830338266547,0,0.0071021239172372064,,N
WeldingTest_01_OK,2022-02-10 09:55:04.751,2,250,241.2,83,1670,1693,0,1704.5159551916302,-11.515955191630155,-1.2694609244952104,0,0.004230994860978531,,N
WeldingTest_01_OK,2022-02-10 09:55:07.593,3,250,241.1,82,1153,1674,0,1687.0000658542688,-13.000065854268769,-1.6090516109250617,0,0.008310446435601117,,N
WeldingTest_01_OK,2022-02-10 09:55:10.829,4,250,241.2,83,1670,1698,0,1708.9999966770276,-10.999996677027639,-1.2087318147183674,0,0.0037489018676576196,,N
WeldingTest_01_OK,2022-02-10 09:55:13.605,5,250,241.1,82,1154,1678,0,1689.0246460370001,-11.024646037000139,-1.3584443240456756,0,0.0050509692650612765,,N
WeldingTest_01_OK,2022-02-10 09:55:16.841,6,250,241.2,83,1670,1700,0,1712.029134968304,-12.029134968304106,-1.3298629725492035,0,0.004771678476170952,,N
WeldingTest_01_OK,2022-02-10 09:55:22.589,7,250,241.1,82,1153,1675,0,1687.9999985928248,-12.999998592824795,-1.609043077950026,0,0.00831030578975194,,N
WeldingTest_01_OK,2022-02-10 09:55:25.847,8,250,241.2,83,1670,1700,0,1711.9999942256752,-11.99999422567521,-1.3264330623761882,0,0.004739212230651823,,N
WeldingTest_01_OK,2022-02-10 09:55:28.619,9,250,241.1,82,1154,1679,0,1692.000000006275,-13.000000006275059,-1.6090432572642823,0,0.008310308745297765,,N
WeldingTest_01_OK,2022-02-10 09:55:31.861,10,250,241.2,83,1670,1703,0,1714.011058058723,-11.011058058722938,-1.2100337563362413,0,0.0037586395520559355,,N
WeldingTest_01_OK,2022-02-10 09:55:34.699,11,250,241.1,82,1154,1682,0,1693.077006948619,-11.0770069486191,-1.365086975842853,0,0.005118174912159864,,N
WeldingTest_01_OK,2022-02-10 09:55:37.957,12,250,241.2,83,1670,1704,0,1716.0000403355489,-12.000040335548874,-1.326438489579152,0,0.004739263428468979,,N
WeldingTest_01_OK,2022-02-10 09:55:42.517,13,30,19.4,38,650,683,0,688.0006063384444,-5.000606338444413,-1.6827212385847747,0,0.009617017605510333,,N
WeldingTest_01_OK,2022-02-10 09:55:44.223,14,30,19.4,38,650,683,0,688.0006063384444,-5.000606338444413,-1.6827212385847747,0,0.009617017605510333,,N
WeldingTest_01_OK,2022-02-10 09:55:47.143,15,30,19.4,38,650,683,0,688.0006063384444,-5.000606338444413,-1.6827212385847747,0,0.009617017605510333,,N
WeldingTest_01_OK,2022-02-10 09:55:50.489,16,30,19.4,38,650,683,0,688.0006063384444,-5.000606338444413,-1.6827212385847747,0,0.009617017605510333,,N
WeldingTest_01_OK,2022-02-10 09:55:52.217,17,30,19.4,38,650,683,0,688.0006063384444,-5.000606338444413,-1.6827212385847747,0,0.009617017605510333,,N
WeldingTest_01_OK,2022-02-10 09:55:53.935,18,30,19.4,38,650,683,0,688.0006063384444,-5.000606338444413,-1.6827212385847747,0,0.009617017605510333,,N
WeldingTest_01_OK,2022-02-10 09:56:14.957,19,250,241.1,83,1670,1693,0,1707.000103955623,-14.00010395562299,-1.5618490501311424,0,0.007567457481096474,,N
WeldingTest_01_OK,2022-02-10 09:56:17.767,20,250,241.2,82,1154,1675,0,1689.0001549203207,-14.00015492032071,-1.7359257089218896,0,0.010685246446115904,,N
WeldingTest_01_OK,2022-02-10 09:56:21.279,21,250,241.1,83,1670,1699,0,1712.3737369702349,-13.373736970234859,-1.4881246937349113,0,0.006536791290953203,,N
WeldingTest_01_OK,2022-02-10 09:56:23.903,22,250,241.2,82,1154,1679,0,1692.099787412438,-13.09978741243799,-1.6217025668979181,0,0.00852158462038978,,N
WeldingTest_01_OK,2022-02-10 09:56:27.359,23,250,241.1,83,1670,1702,0,1714.000016164169,-12.000016164168983,-1.326435644570607,0,0.004739236589856007,,N
WeldingTest_01_OK,2022-02-10 09:56:30.029,24,250,241.2,82,1154,1682,0,1693.9999960126588,-11.999996012658812,-1.4821799517947498,0,0.006460031505285608,,N
WeldingTest_01_OK,2022-02-10 09:56:36.389,25,250,241.1,83,1670,1699,0,1712.9966966279746,-13.996696627974643,-1.5614480024326438,0,0.007561435970096422,,N
WeldingTest_01_OK,2022-02-10 09:56:39.137,26,250,241.2,82,1154,1680,0,1693.0000140611949,-13.000014061194861,-1.6090450403107457,0,0.008310338134403763,,N
WeldingTest_01_OK,2022-02-10 09:56:42.579,27,250,241.1,83,1670,1703,0,1716.0029705464842,-13.002970546484221,-1.444484916093358,0,0.005993726567325775,,N
WeldingTest_01_OK,2022-02-10 09:56:45.265,28,250,241.2,82,1154,1682,0,1694.999985710131,-12.999985710131114,-1.609041443615449,0,0.008310278851893196,,N
WeldingTest_01_OK,2022-02-10 09:56:48.811,29,250,241.1,83,1670,1704,0,1716.999967777064,-12.999967777064057,-1.444131485519793,0,0.005989516698939982,,N
WeldingTest_01_OK,2022-02-10 09:56:51.459,30,250,241.2,82,1154,1684,0,1696.988693652646,-12.988693652645907,-1.6076089015983468,0,0.008286700301439312,,N
WeldingTest_01_OK,2022-02-10 09:56:55.893,31,30,19.4,38,650,683,0,688.0006063384444,-5.000606338444413,-1.6827212385847747,0,0.009617017605510333,,N
WeldingTest_01_OK,2022-02-10 09:56:57.441,32,30,19.4,38,650,683,0,688.0006063384444,-5.000606338444413,-1.6827212385847747,0,0.009617017605510333,,N
WeldingTest_01_OK,2022-02-10 09:57:00.577,33,30,19.4,38,650,683,0,688.0006063384444,-5.000606338444413,-1.6827212385847747,0,0.009617017605510333,,N
WeldingTest_01_OK,2022-02-10 09:57:02.379,34,30,19.4,38,650,683,0,688.0006063384444,-5.000606338444413,-1.6827212385847747,0,0.009617017605510333,,N
WeldingTest_01_OK,2022-02-10 09:57:05.891,35,30,19.4,38,650,683,0,688.0006063384444,-5.000606338444413,-1.6827212385847747,0,0.009617017605510333,,N
WeldingTest_01_OK,2022-02-10 09:57:07.599,36,30,19.4,38,650,683,0,688.0006063384444,-5.000606338444413,-1.6827212385847747,0,0.009617017605510333,,N
WeldingTest_01_OK,2022-02-10 09:57:09.311,37,30,19.4,38,650,683,0,688.0006063384444,-5.000606338444413,-1.6827212385847747,0,0.009617017605510333,,N
WeldingTest_01_OK,2022-02-10 09:57:12.293,38,30,19.4,38,650,683,0,688.0006063384444,-5.000606338444413,-1.6827212385847747,0,0.009617017605510333,,N
WeldingTest_01_OK,2022-02-10 09:57:13.785,39,30,19.4,38,650,683,0,688.0006063384444,-5.000606338444413,-1.6827212385847747,0,0.009617017605510333,,N
WeldingTest_01_OK,2022-02-10 09:58:01.575,1,250,241.1,82,1154,1667,0,1679.3760170564362,-12.37601705643624,-1.5298830338266547,0,0.0071021239172372064,,N
WeldingTest_01_OK,2022-02-10 09:58:04.857,2,250,241.2,83,1670,1693,0,1704.5159551916302,-11.515955191630155,-1.2694609244952104,0,0.004230994860978531,,N
WeldingTest_01_OK,2022-02-10 09:58:07.683,3,250,241.1,82,1153,1674,0,1687.0000658542688,-13.000065854268769,-1.6090516109250617,0,0.008310446435601117,,N
WeldingTest_01_OK,2022-02-10 09:58:11.051,4,250,241.2,83,1670,1698,0,1708.9999966770276,-10.999996677027639,-1.2087318147183674,0,0.0037489018676576196,,N
WeldingTest_01_OK,2022-02-10 09:58:13.925,5,250,241.1,82,1154,1678,0,1689.0246460370001,-11.024646037000139,-1.3584443240456756,0,0.0050509692650612765,,N
WeldingTest_01_OK,2022-02-10 09:58:17.217,6,250,241.2,83,1670,1700,0,1712.029134968304,-12.029134968304106,-1.3298629725492035,0,0.004771678476170952,,N
WeldingTest_01_OK,2022-02-10 09:58:23.019,7,250,241.1,82,1153,1675,0,1687.9999985928248,-12.999998592824795,-1.609043077950026,0,0.00831030578975194,,N
WeldingTest_01_OK,2022-02-10 09:58:26.283,8,250,241.2,83,1670,1700,0,1711.9999942256752,-11.99999422567521,-1.3264330623761882,0,0.004739212230651823,,N
WeldingTest_01_OK,2022-02-10 09:58:29.111,9,250,241.1,82,1154,1679,0,1692.000000006275,-13.000000006275059,-1.6090432572642823,0,0.008310308745297765,,N
WeldingTest_01_OK,2022-02-10 09:58:32.471,10,250,241.2,83,1670,1702,0,1714.011058058723,-12.011058058722938,-1.3277352925220087,0,0.0047515126834385794,,N
WeldingTest_01_OK,2022-02-10 09:58:35.281,11,250,241.1,82,1154,1680,0,1693.077006948619,-13.0770069486191,-1.6188125734992491,0,0.008472888170893483,,N
WeldingTest_01_OK,2022-02-10 09:58:38.657,12,250,241.2,83,1670,1704,0,1716.0000403355489,-12.000040335548874,-1.326438489579152,0,0.004739263428468979,,N
WeldingTest_01_OK,2022-02-10 09:58:43.445,13,30,19.4,38,650,683,0,688.0006063384444,-5.000606338444413,-1.6827212385847747,0,0.009617017605510333,,N
WeldingTest_01_OK,2022-02-10 09:58:45.237,14,30,19.4,38,650,683,0,688.0006063384444,-5.000606338444413,-1.6827212385847747,0,0.009617017605510333,,N
WeldingTest_01_OK,2022-02-10 09:58:48.149,15,30,19.4,38,650,683,0,688.0006063384444,-5.000606338444413,-1.6827212385847747,0,0.009617017605510333,,N
WeldingTest_01_OK,2022-02-10 09:58:51.455,16,30,19.4,38,650,683,0,688.0006063384444,-5.000606338444413,-1.6827212385847747,0,0.009617017605510333,,N
WeldingTest_01_OK,2022-02-10 09:58:53.241,17,30,19.4,38,650,683,0,688.0006063384444,-5.000606338444413,-1.6827212385847747,0,0.009617017605510333,,N
WeldingTest_01_OK,2022-02-10 09:58:54.915,18,30,19.4,38,650,683,0,688.0006063384444,-5.000606338444413,-1.6827212385847747,0,0.009617017605510333,,N
WeldingTest_01_OK,2022-02-10 09:59:16.317,19,250,241.1,83,1670,1693,0,1707.000103955623,-14.00010395562299,-1.5618490501311424,0,0.007567457481096474,,N
WeldingTest_01_OK,2022-02-10 09:59:18.903,20,250,241.2,82,1154,1677,0,1689.0001549203207,-12.00015492032071,-1.4822001112654934,0,0.006460290289477037,,N
WeldingTest_01_OK,2022-02-10 09:59:22.320,21,250,241.1,83,1670,1699,0,1712.3737369702349,-13.373736970234859,-1.4881246937349113,0,0.006536791290953203,,N
WeldingTest_01_OK,2022-02-10 09:59:25.042,22,250,241.2,82,1154,1679,0,1692.099787412438,-13.09978741243799,-1.6217025668979181,0,0.00852158462038978,,N
WeldingTest_01_OK,2022-02-10 09:59:28.532,23,250,241.1,83,1670,1702,0,1714.000016164169,-12.000016164168983,-1.326435644570607,0,0.004739236589856007,,N
WeldingTest_01_OK,2022-02-10 09:59:31.110,24,250,241.2,82,1154,1682,0,1693.9999960126588,-11.999996012658812,-1.4821799517947498,0,0.006460031505285608,,N
WeldingTest_01_OK,2022-02-10 09:59:37.560,25,250,241.1,83,1670,1699,0,1712.9966966279746,-13.996696627974643,-1.5614480024326438,0,0.007561435970096422,,N
WeldingTest_01_OK,2022-02-10 09:59:40.270,26,250,241.2,82,1154,1680,0,1693.0000140611949,-13.000014061194861,-1.6090450403107457,0,0.008310338134403763,,N
WeldingTest_01_OK,2022-02-10 09:59:43.778,27,250,241.1,83,1670,1703,0,1716.0029705464842,-13.002970546484221,-1.444484916093358,0,0.005993726567325775,,N
WeldingTest_01_OK,2022-02-10 09:59:46.534,28,250,241.2,82,1154,1682,0,1694.999985710131,-12.999985710131114,-1.609041443615449,0,0.008310278851893196,,N
WeldingTest_01_OK,2022-02-10 09:59:50.108,29,250,241.1,83,1670,1704,0,1716.999967777064,-12.999967777064057,-1.444131485519793,0,0.005989516698939982,,N
WeldingTest_01_OK,2022-02-10 09:59:52.832,30,250,241.2,82,1154,1683,0,1696.988693652646,-13.988693652645907,-1.7344717004265449,0,0.01065454929097051,,N
WeldingTest_01_OK,2022-02-10 09:59:57.284,31,30,19.4,38,650,683,0,688.0006063384444,-5.000606338444413,-1.6827212385847747,0,0.009617017605510333,,N
WeldingTest_01_OK,2022-02-10 09:59:58.800,32,30,19.4,38,650,683,0,688.0006063384444,-5.000606338444413,-1.6827212385847747,0,0.009617017605510333,,N
WeldingTest_01_OK,2022-02-10 10:00:01.868,33,30,19.4,38,650,683,0,688.0006063384444,-5.000606338444413,-1.6827212385847747,0,0.009617017605510333,,N
WeldingTest_01_OK,2022-02-10 10:00:03.644,34,30,19.4,38,650,683,0,688.0006063384444,-5.000606338444413,-1.6827212385847747,0,0.009617017605510333,,N
WeldingTest_01_OK,2022-02-10 10:00:07.080,35,30,19.4,38,650,683,0,688.0006063384444,-5.000606338444413,-1.6827212385847747,0,0.009617017605510333,,N
WeldingTest_01_OK,2022-02-10 10:00:08.766,36,30,19.4,38,650,683,0,688.0006063384444,-5.000606338444413,-1.6827212385847747,0,0.009617017605510333,,N
WeldingTest_01_OK,2022-02-10 10:00:10.518,37,30,19.4,38,650,683,0,688.0006063384444,-5.000606338444413,-1.6827212385847747,0,0.009617017605510333,,N
WeldingTest_01_OK,2022-02-10 10:00:13.492,38,30,19.4,38,650,683,0,688.0006063384444,-5.000606338444413,-1.6827212385847747,0,0.009617017605510333,,N
WeldingTest_01_OK,2022-02-10 10:00:15.006,39,30,19.4,38,650,683,0,688.0006063384444,-5.000606338444413,-1.6827212385847747,0,0.009617017605510333,,N
WeldingTest_01_OK,2022-02-10 10:01:36.878,1,250,241.1,82,1154,1665,0,1679.3760170564362,-14.37601705643624,-1.7836086314830508,0,0.011741871224911007,,N
WeldingTest_01_OK,2022-02-10 10:01:40.234,2,250,241.2,83,1670,1690,0,1704.5159551916302,-14.515955191630155,-1.6225655330525126,0,0.00853617934236074,,N
WeldingTest_01_OK,2022-02-10 10:01:42.986,3,250,241.1,82,1153,1673,0,1687.0000658542688,-14.000065854268769,-1.7359144097532597,0,0.010685007560108224,,N
WeldingTest_01_OK,2022-02-10 10:01:46.240,4,250,241.2,83,1670,1697,0,1708.9999966770276,-11.999996677027639,-1.3264333509041348,0,0.004739214952482194,,N
WeldingTest_01_OK,2022-02-10 10:01:48.968,5,250,241.1,82,1154,1677,0,1689.0246460370001,-12.024646037000139,-1.4853071228738737,0,0.006500297908201265,,N
WeldingTest_01_OK,2022-02-10 10:01:52.322,6,250,241.2,83,1670,1699,0,1712.029134968304,-13.029134968304106,-1.447564508734971,0,0.006030533648218996,,N
WeldingTest_01_OK,2022-02-10 10:01:58.048,7,250,241.1,82,1153,1674,0,1687.9999985928248,-13.999998592824795,-1.735905876778224,0,0.010684827160218192,,N
WeldingTest_01_OK,2022-02-10 10:02:01.386,8,250,241.2,83,1670,1698,0,1711.9999942256752,-13.99999422567521,-1.561836134747723,0,0.007567263489569633,,N
WeldingTest_01_OK,2022-02-10 10:02:04.230,9,250,241.1,82,1154,1678,0,1692.000000006275,-14.000000006275059,-1.7359060560924804,0,0.010684830951159515,,N
WeldingTest_01_OK,2022-02-10 10:02:07.440,10,250,241.2,83,1670,1702,0,1714.011058058723,-12.011058058722938,-1.3277352925220087,0,0.0047515126834385794,,N
WeldingTest_01_OK,2022-02-10 10:02:10.150,11,250,241.1,82,1154,1680,0,1693.077006948619,-13.0770069486191,-1.6188125734992491,0,0.008472888170893483,,N
WeldingTest_01_OK,2022-02-10 10:02:13.458,12,250,241.2,83,1670,1703,0,1716.0000403355489,-13.000040335548874,-1.4441400257649193,0,0.005989618390928836,,N
WeldingTest_01_OK,2022-02-10 10:02:17.920,13,30,19.4,38,650,683,0,688.0006063384444,-5.000606338444413,-1.6827212385847747,0,0.009617017605510333,,N
WeldingTest_01_OK,2022-02-10 10:02:19.612,14,30,19.4,38,650,683,0,688.0006063384444,-5.000606338444413,-1.6827212385847747,0,0.009617017605510333,,N
WeldingTest_01_OK,2022-02-10 10:02:22.538,15,30,19.4,38,650,683,0,688.0006063384444,-5.000606338444413,-1.6827212385847747,0,0.009617017605510333,,N
WeldingTest_01_OK,2022-02-10 10:02:25.864,16,30,19.4,38,650,683,0,688.0006063384444,-5.000606338444413,-1.6827212385847747,0,0.009617017605510333,,N
WeldingTest_01_OK,2022-02-10 10:02:27.610,17,30,19.4,38,650,683,0,688.0006063384444,-5.000606338444413,-1.6827212385847747,0,0.009617017605510333,,N
WeldingTest_01_OK,2022-02-10 10:02:29.346,18,30,19.4,38,650,683,0,688.0006063384444,-5.000606338444413,-1.6827212385847747,0,0.009617017605510333,,N
WeldingTest_01_OK,2022-02-10 10:02:50.404,19,250,241.1,83,1670,1693,0,1707.000103955623,-14.00010395562299,-1.5618490501311424,0,0.007567457481096474,,N
WeldingTest_01_OK,2022-02-10 10:02:53.124,20,250,241.2,82,1154,1675,0,1689.0001549203207,-14.00015492032071,-1.7359257089218896,0,0.010685246446115904,,N
WeldingTest_01_OK,2022-02-10 10:02:56.558,21,250,241.1,83,1670,1699,0,1712.3737369702349,-13.373736970234859,-1.4881246937349113,0,0.006536791290953203,,N
WeldingTest_01_OK,2022-02-10 10:02:59.258,22,250,241.2,82,1154,1678,0,1692.099787412438,-14.09978741243799,-1.7485653657261162,0,0.0109558082057945,,N
WeldingTest_01_OK,2022-02-10 10:03:02.772,23,250,241.1,83,1670,1700,0,1714.000016164169,-14.000016164168983,-1.5618387169421417,0,0.00756730227422851,,N
WeldingTest_01_OK,2022-02-10 10:03:05.452,24,250,241.2,82,1154,1680,0,1693.9999960126588,-13.999996012658812,-1.735905549451146,0,0.010684820240092834,,N
WeldingTest_01_OK,2022-02-10 10:03:11.950,25,250,241.1,83,1670,1699,0,1712.9966966279746,-13.996696627974643,-1.5614480024326438,0,0.007561435970096422,,N
WeldingTest_01_OK,2022-02-10 10:03:14.636,26,250,241.2,82,1154,1679,0,1693.0000140611949,-14.000014061194861,-1.7359078391389438,0,0.010684868647200188,,N
WeldingTest_01_OK,2022-02-10 10:03:18.050,27,250,241.1,83,1670,1703,0,1716.0029705464842,-13.002970546484221,-1.444484916093358,0,0.005993726567325775,,N
WeldingTest_01_OK,2022-02-10 10:03:20.838,28,250,241.2,82,1154,1682,0,1694.999985710131,-12.999985710131114,-1.609041443615449,0,0.008310278851893196,,N
WeldingTest_01_OK,2022-02-10 10:03:24.294,29,250,241.1,83,1670,1704,0,1716.999967777064,-12.999967777064057,-1.444131485519793,0,0.005989516698939982,,N
WeldingTest_01_OK,2022-02-10 10:03:26.910,30,250,241.2,82,1154,1683,0,1696.988693652646,-13.988693652645907,-1.7344717004265449,0,0.01065454929097051,,N
WeldingTest_01_OK,2022-02-10 10:03:31.396,31,30,19.4,38,650,683,0,688.0006063384444,-5.000606338444413,-1.6827212385847747,0,0.009617017605510333,,N
WeldingTest_01_OK,2022-02-10 10:03:32.892,32,30,19.4,38,650,683,0,688.0006063384444,-5.000606338444413,-1.6827212385847747,0,0.009617017605510333,,N
WeldingTest_01_OK,2022-02-10 10:03:35.994,33,30,19.4,38,650,683,0,688.0006063384444,-5.000606338444413,-1.6827212385847747,0,0.009617017605510333,,N
WeldingTest_01_OK,2022-02-10 10:03:37.728,34,30,19.4,38,650,683,0,688.0006063384444,-5.000606338444413,-1.6827212385847747,0,0.009617017605510333,,N
WeldingTest_01_OK,2022-02-10 10:03:41.206,35,30,19.4,38,650,683,0,688.0006063384444,-5.000606338444413,-1.6827212385847747,0,0.009617017605510333,,N
WeldingTest_01_OK,2022-02-10 10:03:42.938,36,30,19.4,38,650,683,0,688.0006063384444,-5.000606338444413,-1.6827212385847747,0,0.009617017605510333,,N
WeldingTest_01_OK,2022-02-10 10:03:44.626,37,30,19.4,38,650,683,0,688.0006063384444,-5.000606338444413,-1.6827212385847747,0,0.009617017605510333,,N
WeldingTest_01_OK,2022-02-10 10:03:47.604,38,30,19.4,38,650,683,0,688.0006063384444,-5.000606338444413,-1.6827212385847747,0,0.009617017605510333,,N
WeldingTest_01_OK,2022-02-10 10:03:49.100,39,30,19.4,38,650,683,0,688.0006063384444,-5.000606338444413,-1.6827212385847747,0,0.009617017605510333,,N
WeldingTest_01_OK,2022-02-10 10:05:24.956,1,250,241.1,82,1154,1665,0,1679.3760170564362,-14.37601705643624,-1.7836086314830508,0,0.011741871224911007,,N
WeldingTest_01_OK,2022-02-10 10:05:28.252,2,250,241.2,83,1670,1690,0,1704.5159551916302,-14.515955191630155,-1.6225655330525126,0,0.00853617934236074,,N
WeldingTest_01_OK,2022-02-10 10:05:31.020,3,250,241.1,82,1153,1673,0,1687.0000658542688,-14.000065854268769,-1.7359144097532597,0,0.010685007560108224,,N
WeldingTest_01_OK,2022-02-10 10:05:34.254,4,250,241.2,83,1670,1695,0,1708.9999966770276,-13.999996677027639,-1.5618364232756696,0,0.007567267823260635,,N
WeldingTest_01_OK,2022-02-10 10:05:37.094,5,250,241.1,82,1154,1675,0,1689.0246460370001,-14.024646037000139,-1.7390327205302698,0,0.010751135463666081,,N
WeldingTest_01_OK,2022-02-10 10:05:40.342,6,250,241.2,83,1670,1698,0,1712.029134968304,-14.029134968304106,-1.5652660449207383,0,0.00761895515219327,,N
WeldingTest_01_OK,2022-02-10 10:05:46.150,7,250,241.1,82,1153,1674,0,1687.9999985928248,-13.999998592824795,-1.735905876778224,0,0.010684827160218192,,N
WeldingTest_01_OK,2022-02-10 10:05:49.318,8,250,241.2,83,1670,1698,0,1711.9999942256752,-13.99999422567521,-1.561836134747723,0,0.007567263489569633,,N
WeldingTest_01_OK,2022-02-10 10:05:52.126,9,250,241.1,82,1154,1678,0,1692.000000006275,-14.000000006275059,-1.7359060560924804,0,0.010684830951159515,,N
WeldingTest_01_OK,2022-02-10 10:05:55.340,10,250,241.2,83,1670,1700,0,1714.011058058723,-14.011058058722938,-1.5631383648935435,0,0.0075868480929979125,,N
WeldingTest_01_OK,2022-02-10 10:05:58.210,11,250,241.1,82,1154,1679,0,1693.077006948619,-14.0770069486191,-1.7456753723274472,0,0.010893354259789748,,N
WeldingTest_01_OK,2022-02-10 10:06:01.444,12,250,241.2,83,1670,1703,0,1716.0000403355489,-13.000040335548874,-1.4441400257649193,0,0.005989618390928836,,N
WeldingTest_01_OK,2022-02-10 10:06:06.050,13,30,19.4,38,650,683,0,688.0006063384444,-5.000606338444413,-1.6827212385847747,0,0.009617017605510333,,N
WeldingTest_01_OK,2022-02-10 10:06:07.826,14,30,19.4,38,650,683,0,688.0006063384444,-5.000606338444413,-1.6827212385847747,0,0.009617017605510333,,N
WeldingTest_01_OK,2022-02-10 10:06:10.728,15,30,19.4,38,650,683,0,688.0006063384444,-5.000606338444413,-1.6827212385847747,0,0.009617017605510333,,N
WeldingTest_01_OK,2022-02-10 10:06:14.028,16,30,19.4,38,650,683,0,688.0006063384444,-5.000606338444413,-1.6827212385847747,0,0.009617017605510333,,N
WeldingTest_01_OK,2022-02-10 10:06:15.738,17,30,19.4,38,650,683,0,688.0006063384444,-5.000606338444413,-1.6827212385847747,0,0.009617017605510333,,N
WeldingTest_01_OK,2022-02-10 10:06:17.424,18,30,19.4,38,650,682,0,688.0006063384444,-6.000606338444413,-2.0192654454897943,0,0.018679561201894783,,N
WeldingTest_01_OK,2022-02-10 10:06:38.125,19,250,241.1,83,1670,1692,0,1707.000103955623,-15.00010395562299,-1.6795505863169098,0,0.009556807093015852,,N
WeldingTest_01_OK,2022-02-10 10:06:40.787,20,250,241.2,82,1154,1675,0,1689.0001549203207,-14.00015492032071,-1.7359257089218896,0,0.010685246446115904,,N
WeldingTest_01_OK,2022-02-10 10:06:44.245,21,250,241.1,83,1670,1698,0,1712.3737369702349,-14.373736970234859,-1.6058262299206787,0,0.00825745150740416,,N
WeldingTest_01_OK,2022-02-10 10:06:46.839,22,250,241.2,82,1154,1678,0,1692.099787412438,-14.09978741243799,-1.7485653657261162,0,0.0109558082057945,,N
WeldingTest_01_OK,2022-02-10 10:06:50.247,23,250,241.1,83,1670,1700,0,1714.000016164169,-14.000016164168983,-1.5618387169421417,0,0.00756730227422851,,N
WeldingTest_01_OK,2022-02-10 10:06:52.927,24,250,241.2,82,1154,1680,0,1693.9999960126588,-13.999996012658812,-1.735905549451146,0,0.010684820240092834,,N
WeldingTest_01_OK,2022-02-10 10:06:59.293,25,250,241.1,83,1670,1699,0,1712.9966966279746,-13.996696627974643,-1.5614480024326438,0,0.007561435970096422,,N
WeldingTest_01_OK,2022-02-10 10:07:01.917,26,250,241.2,82,1154,1680,0,1693.0000140611949,-13.000014061194861,-1.6090450403107457,0,0.008310338134403763,,N
WeldingTest_01_OK,2022-02-10 10:07:05.375,27,250,241.1,83,1670,1703,0,1716.0029705464842,-13.002970546484221,-1.444484916093358,0,0.005993726567325775,,N
WeldingTest_01_OK,2022-02-10 10:07:08.007,28,250,241.2,82,1154,1682,0,1694.999985710131,-12.999985710131114,-1.609041443615449,0,0.008310278851893196,,N
WeldingTest_01_OK,2022-02-10 10:07:11.471,29,250,241.1,83,1670,1704,0,1716.999967777064,-12.999967777064057,-1.444131485519793,0,0.005989516698939982,,N
WeldingTest_01_OK,2022-02-10 10:07:14.145,30,250,241.2,82,1154,1683,0,1696.988693652646,-13.988693652645907,-1.7344717004265449,0,0.01065454929097051,,N
WeldingTest_01_OK,2022-02-10 10:07:18.547,31,30,19.4,38,650,683,0,688.0006063384444,-5.000606338444413,-1.6827212385847747,0,0.009617017605510333,,N
WeldingTest_01_OK,2022-02-10 10:07:20.095,32,30,19.4,38,650,683,0,688.0006063384444,-5.000606338444413,-1.6827212385847747,0,0.009617017605510333,,N
WeldingTest_01_OK,2022-02-10 10:07:23.183,33,30,19.4,38,650,683,0,688.0006063384444,-5.000606338444413,-1.6827212385847747,0,0.009617017605510333,,N
WeldingTest_01_OK,2022-02-10 10:07:24.949,34,30,19.4,38,650,683,0,688.0006063384444,-5.000606338444413,-1.6827212385847747,0,0.009617017605510333,,N
WeldingTest_01_OK,2022-02-10 10:07:28.489,35,30,19.4,38,650,683,0,688.0006063384444,-5.000606338444413,-1.6827212385847747,0,0.009617017605510333,,N
WeldingTest_01_OK,2022-02-10 10:07:30.185,36,30,19.4,38,650,683,0,688.0006063384444,-5.000606338444413,-1.6827212385847747,0,0.009617017605510333,,N
WeldingTest_01_OK,2022-02-10 10:07:31.931,37,30,19.4,38,650,683,0,688.0006063384444,-5.000606338444413,-1.6827212385847747,0,0.009617017605510333,,N
WeldingTest_01_OK,2022-02-10 10:07:34.933,38,30,19.4,38,650,683,0,688.0006063384444,-5.000606338444413,-1.6827212385847747,0,0.009617017605510333,,N
WeldingTest_01_OK,2022-02-10 10:07:36.353,39,30,19.4,38,650,683,0,688.0006063384444,-5.000606338444413,-1.6827212385847747,0,0.009617017605510333,,N
WeldingTest_01_OK,2022-02-10 10:20:33.559,1,250,241.1,82,1154,1662,0,1679.3760170564362,-17.37601705643624,-2.1641970279676452,0,0.024804667664138552,,N
WeldingTest_01_OK,2022-02-10 10:20:36.857,2,250,241.2,83,1670,1688,0,1704.5159551916302,-16.515955191630155,-1.8579686054240474,0,0.013599052527687816,,N
WeldingTest_01_OK,2022-02-10 10:20:39.685,3,250,241.1,82,1153,1669,0,1687.0000658542688,-18.00006585426877,-2.243365605066052,0,0.028937042284513805,,N
WeldingTest_01_OK,2022-02-10 10:20:43.073,4,250,241.2,83,1670,1693,0,1708.9999966770276,-15.999996677027639,-1.7972394956472044,0,0.012062463787483435,,N
WeldingTest_01_OK,2022-02-10 10:20:45.911,5,250,241.1,82,1154,1673,0,1689.0246460370001,-16.02464603700014,-1.9927583181866662,0,0.017732172487686704,,N
WeldingTest_01_OK,2022-02-10 10:20:49.111,6,250,241.2,83,1670,1695,0,1712.029134968304,-17.029134968304106,-1.9183706534780405,0,0.015318474316666093,,N
WeldingTest_01_OK,2022-02-10 10:20:54.839,7,250,241.1,82,1153,1671,0,1687.9999985928248,-16.999998592824795,-2.1164942732628185,0,0.022598555962847263,,N
WeldingTest_01_OK,2022-02-10 10:20:58.143,8,250,241.2,83,1670,1695,0,1711.9999942256752,-16.99999422567521,-1.9149407433050252,0,0.015215345321121962,,N
WeldingTest_01_OK,2022-02-10 10:21:00.875,9,250,241.1,82,1154,1675,0,1692.000000006275,-17.00000000627506,-2.116494452577075,0,0.022598563884185442,,N
WeldingTest_01_OK,2022-02-10 10:21:04.133,10,250,241.2,83,1670,1699,0,1714.011058058723,-15.011058058722938,-1.680839901079311,0,0.009581245938673098,,N
WeldingTest_01_OK,2022-02-10 10:21:06.907,11,250,241.1,82,1154,1678,0,1693.077006948619,-15.0770069486191,-1.8725381711556455,0,0.013995519477128947,,N
WeldingTest_01_OK,2022-02-10 10:21:10.215,12,250,241.2,83,1670,1700,0,1716.0000403355489,-16.000040335548874,-1.7972446343222215,0,0.01206258626287463,,N
WeldingTest_01_OK,2022-02-10 10:21:14.599,13,30,19.4,38,650,682,0,688.0006063384444,-6.000606338444413,-2.0192654454897943,0,0.018679561201894783,,N
WeldingTest_01_OK,2022-02-10 10:21:16.287,14,30,19.4,38,650,682,0,688.0006063384444,-6.000606338444413,-2.0192654454897943,0,0.018679561201894783,,N
WeldingTest_01_OK,2022-02-10 10:21:19.239,15,30,19.4,38,650,682,0,688.0006063384444,-6.000606338444413,-2.0192654454897943,0,0.018679561201894783,,N
WeldingTest_01_OK,2022-02-10 10:21:22.645,16,30,19.4,38,650,682,0,688.0006063384444,-6.000606338444413,-2.0192654454897943,0,0.018679561201894783,,N
WeldingTest_01_OK,2022-02-10 10:21:24.421,17,30,19.4,38,650,682,0,688.0006063384444,-6.000606338444413,-2.0192654454897943,0,0.018679561201894783,,N
WeldingTest_01_OK,2022-02-10 10:21:26.129,18,30,19.4,38,650,682,0,688.0006063384444,-6.000606338444413,-2.0192654454897943,0,0.018679561201894783,,N
WeldingTest_01_OK,2022-02-10 10:21:46.575,19,250,241.1,83,1670,1690,0,1707.000103955623,-17.00010395562299,-1.9149536586884446,0,0.015215732370009625,,N
WeldingTest_01_OK,2022-02-10 10:21:49.205,20,250,241.2,82,1154,1674,0,1689.0001549203207,-15.00015492032071,-1.8627885077500876,0,0.013728970160715663,,N
WeldingTest_01_OK,2022-02-10 10:21:52.653,21,250,241.1,83,1670,1697,0,1712.3737369702349,-15.373736970234859,-1.723527766106446,0,0.010426282629246476,,N
WeldingTest_01_OK,2022-02-10 10:21:55.283,22,250,241.2,82,1154,1678,0,1692.099787412438,-14.09978741243799,-1.7485653657261162,0,0.0109558082057945,,N
WeldingTest_01_OK,2022-02-10 10:21:58.727,23,250,241.1,83,1670,1699,0,1714.000016164169,-15.000016164168983,-1.679540253127909,0,0.009556611477923933,,N
WeldingTest_01_OK,2022-02-10 10:22:01.413,24,250,241.2,82,1154,1679,0,1693.9999960126588,-14.999996012658812,-1.862768348279344,0,0.013728424233375001,,N
WeldingTest_01_OK,2022-02-10 10:22:07.799,25,250,241.1,83,1670,1698,0,1712.9966966279746,-14.996696627974643,-1.6791495386184112,0,0.009549217865338152,,N
WeldingTest_01_OK,2022-02-10 10:22:10.409,26,250,241.2,82,1154,1679,0,1693.0000140611949,-14.000014061194861,-1.7359078391389438,0,0.010684868647200188,,N
WeldingTest_01_OK,2022-02-10 10:22:13.857,27,250,241.1,83,1670,1702,0,1716.0029705464842,-14.002970546484221,-1.5621864522791253,0,0.007572527074704184,,N
WeldingTest_01_OK,2022-02-10 10:22:16.507,28,250,241.2,82,1154,1682,0,1694.999985710131,-12.999985710131114,-1.609041443615449,0,0.008310278851893196,,N
WeldingTest_01_OK,2022-02-10 10:22:20.021,29,250,241.1,83,1670,1703,0,1716.999967777064,-13.999967777064057,-1.5618330217055605,0,0.0075672167318196325,,N
WeldingTest_01_OK,2022-02-10 10:22:22.591,30,250,241.2,82,1154,1683,0,1696.988693652646,-13.988693652645907,-1.7344717004265449,0,0.01065454929097051,,N
WeldingTest_01_OK,2022-02-10 10:22:27.099,31,30,19.4,38,650,683,0,688.0006063384444,-5.000606338444413,-1.6827212385847747,0,0.009617017605510333,,N
WeldingTest_01_OK,2022-02-10 10:22:28.573,32,30,19.4,38,650,683,0,688.0006063384444,-5.000606338444413,-1.6827212385847747,0,0.009617017605510333,,N
WeldingTest_01_OK,2022-02-10 10:22:31.693,33,30,19.4,38,650,683,0,688.0006063384444,-5.000606338444413,-1.6827212385847747,0,0.009617017605510333,,N
WeldingTest_01_OK,2022-02-10 10:22:33.421,34,30,19.4,38,650,683,0,688.0006063384444,-5.000606338444413,-1.6827212385847747,0,0.009617017605510333,,N
WeldingTest_01_OK,2022-02-10 10:22:36.885,35,30,19.4,38,650,683,0,688.0006063384444,-5.000606338444413,-1.6827212385847747,0,0.009617017605510333,,N
WeldingTest_01_OK,2022-02-10 10:22:38.615,36,30,19.4,38,650,683,0,688.0006063384444,-5.000606338444413,-1.6827212385847747,0,0.009617017605510333,,N
WeldingTest_01_OK,2022-02-10 10:22:40.329,37,30,19.4,38,650,682,0,688.0006063384444,-6.000606338444413,-2.0192654454897943,0,0.018679561201894783,,N
WeldingTest_01_OK,2022-02-10 10:22:43.393,38,30,19.4,38,650,683,0,688.0006063384444,-5.000606338444413,-1.6827212385847747,0,0.009617017605510333,,N
WeldingTest_01_OK,2022-02-10 10:22:44.883,39,30,19.4,38,650,682,0,688.0006063384444,-6.000606338444413,-2.0192654454897943,0,0.018679561201894783,,N
WeldingTest_01_OK,2022-02-10 10:27:34.537,1,250,241.1,82,1154,1662,0,1679.3760170564362,-17.37601705643624,-2.1641970279676452,0,0.024804667664138552,,N
WeldingTest_01_OK,2022-02-10 10:27:37.840,2,250,241.2,83,1670,1688,0,1704.5159551916302,-16.515955191630155,-1.8579686054240474,0,0.013599052527687816,,N
WeldingTest_01_OK,2022-02-10 10:27:40.654,3,250,241.1,82,1153,1669,0,1687.0000658542688,-18.00006585426877,-2.243365605066052,0,0.028937042284513805,,N
WeldingTest_01_OK,2022-02-10 10:27:43.898,4,250,241.2,83,1670,1693,0,1708.9999966770276,-15.999996677027639,-1.7972394956472044,0,0.012062463787483435,,N
WeldingTest_01_OK,2022-02-10 10:27:46.682,5,250,241.1,82,1154,1673,0,1689.0246460370001,-16.02464603700014,-1.9927583181866662,0,0.017732172487686704,,N
WeldingTest_01_OK,2022-02-10 10:27:49.912,6,250,241.2,83,1670,1695,0,1712.029134968304,-17.029134968304106,-1.9183706534780405,0,0.015318474316666093,,N
WeldingTest_01_OK,2022-02-10 10:27:55.630,7,250,241.1,82,1153,1671,0,1687.9999985928248,-16.999998592824795,-2.1164942732628185,0,0.022598555962847263,,N
WeldingTest_01_OK,2022-02-10 10:27:58.946,8,250,241.2,83,1670,1697,0,1711.9999942256752,-14.99999422567521,-1.6795376709334904,0,0.009556562595647659,,N
WeldingTest_01_OK,2022-02-10 10:28:01.788,9,250,241.1,82,1154,1675,0,1692.000000006275,-17.00000000627506,-2.116494452577075,0,0.022598563884185442,,N
WeldingTest_01_OK,2022-02-10 10:28:05.034,10,250,241.2,83,1670,1699,0,1714.011058058723,-15.011058058722938,-1.680839901079311,0,0.009581245938673098,,N
WeldingTest_01_OK,2022-02-10 10:28:07.804,11,250,241.1,82,1154,1678,0,1693.077006948619,-15.0770069486191,-1.8725381711556455,0,0.013995519477128947,,N
WeldingTest_01_OK,2022-02-10 10:28:11.036,12,250,241.2,83,1670,1700,0,1716.0000403355489,-16.000040335548874,-1.7972446343222215,0,0.01206258626287463,,N
WeldingTest_01_OK,2022-02-10 10:28:15.596,13,30,19.4,38,650,683,0,688.0006063384444,-5.000606338444413,-1.6827212385847747,0,0.009617017605510333,,N
WeldingTest_01_OK,2022-02-10 10:28:17.298,14,30,19.4,38,650,682,0,688.0006063384444,-6.000606338444413,-2.0192654454897943,0,0.018679561201894783,,N
WeldingTest_01_OK,2022-02-10 10:28:20.218,15,30,19.4,38,650,682,0,688.0006063384444,-6.000606338444413,-2.0192654454897943,0,0.018679561201894783,,N
WeldingTest_01_OK,2022-02-10 10:28:23.548,16,30,19.4,38,650,682,0,688.0006063384444,-6.000606338444413,-2.0192654454897943,0,0.018679561201894783,,N
WeldingTest_01_OK,2022-02-10 10:28:25.306,17,30,19.4,38,650,682,0,688.0006063384444,-6.000606338444413,-2.0192654454897943,0,0.018679561201894783,,N
WeldingTest_01_OK,2022-02-10 10:28:27.000,18,30,19.4,38,650,682,0,688.0006063384444,-6.000606338444413,-2.0192654454897943,0,0.018679561201894783,,N
WeldingTest_01_OK,2022-02-10 10:28:47.492,19,250,241.1,83,1670,1692,0,1707.000103955623,-15.00010395562299,-1.6795505863169098,0,0.009556807093015852,,N
WeldingTest_01_OK,2022-02-10 10:28:50.148,20,250,241.2,82,1154,1674,0,1689.0001549203207,-15.00015492032071,-1.8627885077500876,0,0.013728970160715663,,N
WeldingTest_01_OK,2022-02-10 10:28:53.594,21,250,241.1,83,1670,1698,0,1712.3737369702349,-14.373736970234859,-1.6058262299206787,0,0.00825745150740416,,N
WeldingTest_01_OK,2022-02-10 10:28:56.190,22,250,241.2,82,1154,1678,0,1692.099787412438,-14.09978741243799,-1.7485653657261162,0,0.0109558082057945,,N
WeldingTest_01_OK,2022-02-10 10:28:59.672,23,250,241.1,83,1670,1700,0,1714.000016164169,-14.000016164168983,-1.5618387169421417,0,0.00756730227422851,,N
WeldingTest_01_OK,2022-02-10 10:29:02.332,24,250,241.2,82,1154,1679,0,1693.9999960126588,-14.999996012658812,-1.862768348279344,0,0.013728424233375001,,N
WeldingTest_01_OK,2022-02-10 10:29:08.826,25,250,241.1,83,1670,1698,0,1712.9966966279746,-14.996696627974643,-1.6791495386184112,0,0.009549217865338152,,N
WeldingTest_01_OK,2022-02-10 10:29:11.544,26,250,241.2,82,1154,1679,0,1693.0000140611949,-14.000014061194861,-1.7359078391389438,0,0.010684868647200188,,N
WeldingTest_01_OK,2022-02-10 10:29:15.050,27,250,241.1,83,1670,1702,0,1716.0029705464842,-14.002970546484221,-1.5621864522791253,0,0.007572527074704184,,N
WeldingTest_01_OK,2022-02-10 10:29:17.694,28,250,241.2,82,1154,1680,0,1694.999985710131,-14.999985710131114,-1.8627670412718451,0,0.013728388839775599,,N
WeldingTest_01_OK,2022-02-10 10:29:21.168,29,250,241.1,83,1670,1703,0,1716.999967777064,-13.999967777064057,-1.5618330217055605,0,0.0075672167318196325,,N
WeldingTest_01_OK,2022-02-10 10:29:23.814,30,250,241.2,82,1154,1682,0,1696.988693652646,-14.988693652645907,-1.861334499254743,0,0.013689649828684303,,N
WeldingTest_01_OK,2022-02-10 10:29:28.182,31,30,19.4,38,650,683,0,688.0006063384444,-5.000606338444413,-1.6827212385847747,0,0.009617017605510333,,N
WeldingTest_01_OK,2022-02-10 10:29:29.724,32,30,19.4,38,650,682,0,688.0006063384444,-6.000606338444413,-2.0192654454897943,0,0.018679561201894783,,N
WeldingTest_01_OK,2022-02-10 10:29:32.750,33,30,19.4,38,650,683,0,688.0006063384444,-5.000606338444413,-1.6827212385847747,0,0.009617017605510333,,N
WeldingTest_01_OK,2022-02-10 10:29:34.520,34,30,19.4,38,650,683,0,688.0006063384444,-5.000606338444413,-1.6827212385847747,0,0.009617017605510333,,N
WeldingTest_01_OK,2022-02-10 10:29:37.974,35,30,19.4,38,650,683,0,688.0006063384444,-5.000606338444413,-1.6827212385847747,0,0.009617017605510333,,N
WeldingTest_01_OK,2022-02-10 10:29:39.696,36,30,19.4,38,650,683,0,688.0006063384444,-5.000606338444413,-1.6827212385847747,0,0.009617017605510333,,N
WeldingTest_01_OK,2022-02-10 10:29:41.414,37,30,19.4,38,650,682,0,688.0006063384444,-6.000606338444413,-2.0192654454897943,0,0.018679561201894783,,N
WeldingTest_01_OK,2022-02-10 10:29:44.420,38,30,19.4,38,650,683,0,688.0006063384444,-5.000606338444413,-1.6827212385847747,0,0.009617017605510333,,N
WeldingTest_01_OK,2022-02-10 10:29:45.890,39,30,19.4,38,650,682,0,688.0006063384444,-6.000606338444413,-2.0192654454897943,0,0.018679561201894783,,N
WeldingTest_01_OK,2022-02-10 10:53:02.509,1,250,241.1,82,1154,1661,0,1679.3760170564362,-18.37601705643624,-2.291059826795843,0,0.031741308764891174,,N
WeldingTest_01_OK,2022-02-10 10:53:05.725,2,250,241.2,83,1670,1688,0,1704.5159551916302,-16.515955191630155,-1.8579686054240474,0,0.013599052527687816,,N
WeldingTest_01_OK,2022-02-10 10:53:08.603,3,250,241.1,82,1153,1669,0,1687.0000658542688,-18.00006585426877,-2.243365605066052,0,0.028937042284513805,,N
WeldingTest_01_OK,2022-02-10 10:53:11.831,4,250,241.2,83,1670,1693,0,1708.9999966770276,-15.999996677027639,-1.7972394956472044,0,0.012062463787483435,,N
WeldingTest_01_OK,2022-02-10 10:53:14.705,5,250,241.1,82,1154,1673,0,1689.0246460370001,-16.02464603700014,-1.9927583181866662,0,0.017732172487686704,,N
WeldingTest_01_OK,2022-02-10 10:53:17.941,6,250,241.2,83,1670,1695,0,1712.029134968304,-17.029134968304106,-1.9183706534780405,0,0.015318474316666093,,N
WeldingTest_01_OK,2022-02-10 10:53:23.753,7,250,241.1,82,1153,1670,0,1687.9999985928248,-17.999998592824795,-2.2433570720910163,0,0.02893656274046461,,N
WeldingTest_01_OK,2022-02-10 10:53:27.053,8,250,241.2,83,1670,1695,0,1711.9999942256752,-16.99999422567521,-1.9149407433050252,0,0.015215345321121962,,N
WeldingTest_01_OK,2022-02-10 10:53:29.899,9,250,241.1,82,1154,1675,0,1692.000000006275,-17.00000000627506,-2.116494452577075,0,0.022598563884185442,,N
WeldingTest_01_OK,2022-02-10 10:53:33.149,10,250,241.2,83,1670,1698,0,1714.011058058723,-16.011058058722938,-1.7985414372650783,0,0.0120935336194864,,N
WeldingTest_01_OK,2022-02-10 10:53:35.991,11,250,241.1,82,1154,1678,0,1693.077006948619,-15.0770069486191,-1.8725381711556455,0,0.013995519477128947,,N
WeldingTest_01_OK,2022-02-10 10:53:39.241,12,250,241.2,83,1670,1700,0,1716.0000403355489,-16.000040335548874,-1.7972446343222215,0,0.01206258626287463,,N
WeldingTest_01_OK,2022-02-10 10:53:43.681,13,30,19.4,38,650,683,0,688.0006063384444,-5.000606338444413,-1.6827212385847747,0,0.009617017605510333,,N
WeldingTest_01_OK,2022-02-10 10:53:45.415,14,30,19.4,38,650,682,0,688.0006063384444,-6.000606338444413,-2.0192654454897943,0,0.018679561201894783,,N
WeldingTest_01_OK,2022-02-10 10:53:48.307,15,30,19.4,38,650,682,0,688.0006063384444,-6.000606338444413,-2.0192654454897943,0,0.018679561201894783,,N
WeldingTest_01_OK,2022-02-10 10:53:51.649,16,30,19.4,38,650,682,0,688.0006063384444,-6.000606338444413,-2.0192654454897943,0,0.018679561201894783,,N
WeldingTest_01_OK,2022-02-10 10:53:53.383,17,30,19.4,38,650,682,0,688.0006063384444,-6.000606338444413,-2.0192654454897943,0,0.018679561201894783,,N
WeldingTest_01_OK,2022-02-10 10:53:55.111,18,30,19.4,38,650,682,0,688.0006063384444,-6.000606338444413,-2.0192654454897943,0,0.018679561201894783,,N
WeldingTest_01_OK,2022-02-10 10:54:15.885,19,250,241.1,83,1670,1690,0,1707.000103955623,-17.00010395562299,-1.9149536586884446,0,0.015215732370009625,,N
WeldingTest_01_OK,2022-02-10 10:54:18.479,20,250,241.2,82,1154,1674,0,1689.0001549203207,-15.00015492032071,-1.8627885077500876,0,0.013728970160715663,,N
WeldingTest_01_OK,2022-02-10 10:54:21.961,21,250,241.1,83,1670,1697,0,1712.3737369702349,-15.373736970234859,-1.723527766106446,0,0.010426282629246476,,N
WeldingTest_01_OK,2022-02-10 10:54:24.581,22,250,241.2,82,1154,1677,0,1692.099787412438,-15.09978741243799,-1.8754281645543143,0,0.01407550570912607,,N
WeldingTest_01_OK,2022-02-10 10:54:28.089,23,250,241.1,83,1670,1699,0,1714.000016164169,-15.000016164168983,-1.679540253127909,0,0.009556611477923933,,N
WeldingTest_01_OK,2022-02-10 10:54:30.697,24,250,241.2,82,1154,1679,0,1693.9999960126588,-14.999996012658812,-1.862768348279344,0,0.013728424233375001,,N
WeldingTest_01_OK,2022-02-10 10:54:37.181,25,250,241.1,83,1670,1698,0,1712.9966966279746,-14.996696627974643,-1.6791495386184112,0,0.009549217865338152,,N
WeldingTest_01_OK,2022-02-10 10:54:39.871,26,250,241.2,82,1154,1679,0,1693.0000140611949,-14.000014061194861,-1.7359078391389438,0,0.010684868647200188,,N
WeldingTest_01_OK,2022-02-10 10:54:43.333,27,250,241.1,83,1670,1702,0,1716.0029705464842,-14.002970546484221,-1.5621864522791253,0,0.007572527074704184,,N
WeldingTest_01_OK,2022-02-10 10:54:45.999,28,250,241.2,82,1154,1680,0,1694.999985710131,-14.999985710131114,-1.8627670412718451,0,0.013728388839775599,,N
WeldingTest_01_OK,2022-02-10 10:54:49.485,29,250,241.1,83,1670,1703,0,1716.999967777064,-13.999967777064057,-1.5618330217055605,0,0.0075672167318196325,,N
WeldingTest_01_OK,2022-02-10 10:54:52.081,30,250,241.2,82,1154,1682,0,1696.988693652646,-14.988693652645907,-1.861334499254743,0,0.013689649828684303,,N
WeldingTest_01_OK,2022-02-10 10:54:56.449,31,30,19.4,38,650,683,0,688.0006063384444,-5.000606338444413,-1.6827212385847747,0,0.009617017605510333,,N
WeldingTest_01_OK,2022-02-10 10:54:57.947,32,30,19.4,38,650,682,0,688.0006063384444,-6.000606338444413,-2.0192654454897943,0,0.018679561201894783,,N
WeldingTest_01_OK,2022-02-10 10:55:01.023,33,30,19.4,38,650,683,0,688.0006063384444,-5.000606338444413,-1.6827212385847747,0,0.009617017605510333,,N
WeldingTest_01_OK,2022-02-10 10:55:02.809,34,30,19.4,38,650,683,0,688.0006063384444,-5.000606338444413,-1.6827212385847747,0,0.009617017605510333,,N
WeldingTest_01_OK,2022-02-10 10:55:06.231,35,30,19.4,38,650,683,0,688.0006063384444,-5.000606338444413,-1.6827212385847747,0,0.009617017605510333,,N
WeldingTest_01_OK,2022-02-10 10:55:07.987,36,30,19.4,38,650,683,0,688.0006063384444,-5.000606338444413,-1.6827212385847747,0,0.009617017605510333,,N
WeldingTest_01_OK,2022-02-10 10:55:09.697,37,30,19.4,38,650,682,0,688.0006063384444,-6.000606338444413,-2.0192654454897943,0,0.018679561201894783,,N
WeldingTest_01_OK,2022-02-10 10:55:12.685,38,30,19.4,38,650,683,0,688.0006063384444,-5.000606338444413,-1.6827212385847747,0,0.009617017605510333,,N
WeldingTest_01_OK,2022-02-10 10:55:14.165,39,30,19.4,38,650,682,0,688.0006063384444,-6.000606338444413,-2.0192654454897943,0,0.018679561201894783,,N
WeldingTest_01_OK,2022-02-10 10:58:45.914,1,250,241.1,82,1154,1662,0,1679.3760170564362,-17.37601705643624,-2.1641970279676452,0,0.024804667664138552,,N
WeldingTest_01_OK,2022-02-10 10:58:49.226,2,250,241.2,83,1670,1688,0,1704.5159551916302,-16.515955191630155,-1.8579686054240474,0,0.013599052527687816,,N
WeldingTest_01_OK,2022-02-10 10:58:52.078,3,250,241.1,82,1153,1669,0,1687.0000658542688,-18.00006585426877,-2.243365605066052,0,0.028937042284513805,,N
WeldingTest_01_OK,2022-02-10 10:58:55.296,4,250,241.2,83,1670,1693,0,1708.9999966770276,-15.999996677027639,-1.7972394956472044,0,0.012062463787483435,,N
WeldingTest_01_OK,2022-02-10 10:58:58.070,5,250,241.1,82,1154,1673,0,1689.0246460370001,-16.02464603700014,-1.9927583181866662,0,0.017732172487686704,,N
WeldingTest_01_OK,2022-02-10 10:59:01.306,6,250,241.2,83,1670,1697,0,1712.029134968304,-15.029134968304106,-1.6829675811065057,0,0.009621711333202183,,N
WeldingTest_01_OK,2022-02-10 10:59:07.034,7,250,241.1,82,1153,1671,0,1687.9999985928248,-16.999998592824795,-2.1164942732628185,0,0.022598555962847263,,N
WeldingTest_01_OK,2022-02-10 10:59:10.318,8,250,241.2,83,1670,1697,0,1711.9999942256752,-14.99999422567521,-1.6795376709334904,0,0.009556562595647659,,N
WeldingTest_01_OK,2022-02-10 10:59:13.056,9,250,241.1,82,1154,1677,0,1692.000000006275,-15.000000006275059,-1.8627688549206785,0,0.01372843795318309,,N
WeldingTest_01_OK,2022-02-10 10:59:16.436,10,250,241.2,83,1670,1699,0,1714.011058058723,-15.011058058722938,-1.680839901079311,0,0.009581245938673098,,N
WeldingTest_01_OK,2022-02-10 10:59:19.250,11,250,241.1,82,1154,1678,0,1693.077006948619,-15.0770069486191,-1.8725381711556455,0,0.013995519477128947,,N
WeldingTest_01_OK,2022-02-10 10:59:22.646,12,250,241.2,83,1670,1700,0,1716.0000403355489,-16.000040335548874,-1.7972446343222215,0,0.01206258626287463,,N
WeldingTest_01_OK,2022-02-10 10:59:27.264,13,30,19.4,38,650,683,0,688.0006063384444,-5.000606338444413,-1.6827212385847747,0,0.009617017605510333,,N
WeldingTest_01_OK,2022-02-10 10:59:28.988,14,30,19.4,38,650,682,0,688.0006063384444,-6.000606338444413,-2.0192654454897943,0,0.018679561201894783,,N
WeldingTest_01_OK,2022-02-10 10:59:31.900,15,30,19.4,38,650,682,0,688.0006063384444,-6.000606338444413,-2.0192654454897943,0,0.018679561201894783,,N
WeldingTest_01_OK,2022-02-10 10:59:35.246,16,30,19.4,38,650,682,0,688.0006063384444,-6.000606338444413,-2.0192654454897943,0,0.018679561201894783,,N
WeldingTest_01_OK,2022-02-10 10:59:37.010,17,30,19.4,38,650,682,0,688.0006063384444,-6.000606338444413,-2.0192654454897943,0,0.018679561201894783,,N
WeldingTest_01_OK,2022-02-10 10:59:38.802,18,30,19.4,38,650,682,0,688.0006063384444,-6.000606338444413,-2.0192654454897943,0,0.018679561201894783,,N
WeldingTest_01_OK,2022-02-10 10:59:59.498,19,250,241.1,83,1670,1690,0,1707.000103955623,-17.00010395562299,-1.9149536586884446,0,0.015215732370009625,,N
WeldingTest_01_OK,2022-02-10 11:00:02.080,20,250,241.2,82,1154,1674,0,1689.0001549203207,-15.00015492032071,-1.8627885077500876,0,0.013728970160715663,,N
WeldingTest_01_OK,2022-02-10 11:00:05.524,21,250,241.1,83,1670,1697,0,1712.3737369702349,-15.373736970234859,-1.723527766106446,0,0.010426282629246476,,N
WeldingTest_01_OK,2022-02-10 11:00:08.276,22,250,241.2,82,1154,1677,0,1692.099787412438,-15.09978741243799,-1.8754281645543143,0,0.01407550570912607,,N
WeldingTest_01_OK,2022-02-10 11:00:11.738,23,250,241.1,83,1670,1699,0,1714.000016164169,-15.000016164168983,-1.679540253127909,0,0.009556611477923933,,N
WeldingTest_01_OK,2022-02-10 11:00:14.386,24,250,241.2,82,1154,1679,0,1693.9999960126588,-14.999996012658812,-1.862768348279344,0,0.013728424233375001,,N
WeldingTest_01_OK,2022-02-10 11:00:20.820,25,250,241.1,83,1670,1698,0,1712.9966966279746,-14.996696627974643,-1.6791495386184112,0,0.009549217865338152,,N
WeldingTest_01_OK,2022-02-10 11:00:23.464,26,250,241.2,82,1154,1679,0,1693.0000140611949,-14.000014061194861,-1.7359078391389438,0,0.010684868647200188,,N
WeldingTest_01_OK,2022-02-10 11:00:26.920,27,250,241.1,83,1670,1702,0,1716.0029705464842,-14.002970546484221,-1.5621864522791253,0,0.007572527074704184,,N
WeldingTest_01_OK,2022-02-10 11:00:29.720,28,250,241.2,82,1154,1680,0,1694.999985710131,-14.999985710131114,-1.8627670412718451,0,0.013728388839775599,,N
WeldingTest_01_OK,2022-02-10 11:00:33.178,29,250,241.1,83,1670,1703,0,1716.999967777064,-13.999967777064057,-1.5618330217055605,0,0.0075672167318196325,,N
WeldingTest_01_OK,2022-02-10 11:00:35.758,30,250,241.2,82,1154,1682,0,1696.988693652646,-14.988693652645907,-1.861334499254743,0,0.013689649828684303,,N
WeldingTest_01_OK,2022-02-10 11:00:40.174,31,30,19.4,38,650,683,0,688.0006063384444,-5.000606338444413,-1.6827212385847747,0,0.009617017605510333,,N
WeldingTest_01_OK,2022-02-10 11:00:41.670,32,30,19.4,38,650,683,0,688.0006063384444,-5.000606338444413,-1.6827212385847747,0,0.009617017605510333,,N
WeldingTest_01_OK,2022-02-10 11:00:44.756,33,30,19.4,38,650,683,0,688.0006063384444,-5.000606338444413,-1.6827212385847747,0,0.009617017605510333,,N
WeldingTest_01_OK,2022-02-10 11:00:46.496,34,30,19.4,38,650,683,0,688.0006063384444,-5.000606338444413,-1.6827212385847747,0,0.009617017605510333,,N
WeldingTest_01_OK,2022-02-10 11:00:49.954,35,30,19.4,38,650,683,0,688.0006063384444,-5.000606338444413,-1.6827212385847747,0,0.009617017605510333,,N
WeldingTest_01_OK,2022-02-10 11:00:51.636,36,30,19.4,38,650,683,0,688.0006063384444,-5.000606338444413,-1.6827212385847747,0,0.009617017605510333,,N
WeldingTest_01_OK,2022-02-10 11:00:53.418,37,30,19.4,38,650,682,0,688.0006063384444,-6.000606338444413,-2.0192654454897943,0,0.018679561201894783,,N
WeldingTest_01_OK,2022-02-10 11:00:56.504,38,30,19.4,38,650,683,0,688.0006063384444,-5.000606338444413,-1.6827212385847747,0,0.009617017605510333,,N
WeldingTest_01_OK,2022-02-10 11:00:57.968,39,30,19.4,38,650,682,0,688.0006063384444,-6.000606338444413,-2.0192654454897943,0,0.018679561201894783,,N
WeldingTest_01_OK,2022-02-10 11:03:38.709,1,250,241.1,82,1154,1662,0,1679.3760170564362,-17.37601705643624,-2.1641970279676452,0,0.024804667664138552,,N
WeldingTest_01_OK,2022-02-10 11:03:41.875,2,250,241.2,83,1670,1689,0,1704.5159551916302,-15.515955191630155,-1.74026706923828,0,0.010777423152003118,,N
WeldingTest_01_OK,2022-02-10 11:03:44.687,3,250,241.1,82,1153,1670,0,1687.0000658542688,-17.00006585426877,-2.116502806237854,0,0.022598932916255355,,N
WeldingTest_01_OK,2022-02-10 11:03:47.911,4,250,241.2,83,1670,1694,0,1708.9999966770276,-14.999996677027639,-1.679537959461437,0,0.009556568057618677,,N
WeldingTest_01_OK,2022-02-10 11:03:50.753,5,250,241.1,82,1154,1674,0,1689.0246460370001,-15.024646037000139,-1.8658955193584679,0,0.013813365798905075,,N
WeldingTest_01_OK,2022-02-10 11:03:54.009,6,250,241.2,83,1670,1697,0,1712.029134968304,-15.029134968304106,-1.6829675811065057,0,0.009621711333202183,,N
WeldingTest_01_OK,2022-02-10 11:03:59.711,7,250,241.1,82,1153,1673,0,1687.9999985928248,-14.999998592824795,-1.8627686756064221,0,0.013728433097365383,,N
WeldingTest_01_OK,2022-02-10 11:04:02.915,8,250,241.2,83,1670,1697,0,1711.9999942256752,-14.99999422567521,-1.6795376709334904,0,0.009556562595647659,,N
WeldingTest_01_OK,2022-02-10 11:04:05.659,9,250,241.1,82,1154,1677,0,1692.000000006275,-15.000000006275059,-1.8627688549206785,0,0.01372843795318309,,N
WeldingTest_01_OK,2022-02-10 11:04:08.921,10,250,241.2,83,1670,1699,0,1714.011058058723,-15.011058058722938,-1.680839901079311,0,0.009581245938673098,,N
WeldingTest_01_OK,2022-02-10 11:04:11.745,11,250,241.1,82,1154,1678,0,1693.077006948619,-15.0770069486191,-1.8725381711556455,0,0.013995519477128947,,N
WeldingTest_01_OK,2022-02-10 11:04:15.021,12,250,241.2,83,1670,1700,0,1716.0000403355489,-16.000040335548874,-1.7972446343222215,0,0.01206258626287463,,N
WeldingTest_01_OK,2022-02-10 11:04:19.607,13,30,19.4,38,650,683,0,688.0006063384444,-5.000606338444413,-1.6827212385847747,0,0.009617017605510333,,N
WeldingTest_01_OK,2022-02-10 11:04:21.299,14,30,19.4,38,650,682,0,688.0006063384444,-6.000606338444413,-2.0192654454897943,0,0.018679561201894783,,N
WeldingTest_01_OK,2022-02-10 11:04:24.219,15,30,19.4,38,650,683,0,688.0006063384444,-5.000606338444413,-1.6827212385847747,0,0.009617017605510333,,N
WeldingTest_01_OK,2022-02-10 11:04:27.633,16,30,19.4,38,650,682,0,688.0006063384444,-6.000606338444413,-2.0192654454897943,0,0.018679561201894783,,N
WeldingTest_01_OK,2022-02-10 11:04:29.369,17,30,19.4,38,650,682,0,688.0006063384444,-6.000606338444413,-2.0192654454897943,0,0.018679561201894783,,N
WeldingTest_01_OK,2022-02-10 11:04:31.121,18,30,19.4,38,650,682,0,688.0006063384444,-6.000606338444413,-2.0192654454897943,0,0.018679561201894783,,N
WeldingTest_01_OK,2022-02-10 11:04:51.671,19,250,241.1,83,1670,1692,0,1707.000103955623,-15.00010395562299,-1.6795505863169098,0,0.009556807093015852,,N
WeldingTest_01_OK,2022-02-10 11:04:54.323,20,250,241.2,82,1154,1674,0,1689.0001549203207,-15.00015492032071,-1.8627885077500876,0,0.013728970160715663,,N
WeldingTest_01_OK,2022-02-10 11:04:57.819,21,250,241.1,83,1670,1698,0,1712.3737369702349,-14.373736970234859,-1.6058262299206787,0,0.00825745150740416,,N
WeldingTest_01_OK,2022-02-10 11:05:00.523,22,250,241.2,82,1154,1678,0,1692.099787412438,-14.09978741243799,-1.7485653657261162,0,0.0109558082057945,,N
WeldingTest_01_OK,2022-02-10 11:05:04.055,23,250,241.1,83,1670,1700,0,1714.000016164169,-14.000016164168983,-1.5618387169421417,0,0.00756730227422851,,N
WeldingTest_01_OK,2022-02-10 11:05:06.695,24,250,241.2,82,1154,1679,0,1693.9999960126588,-14.999996012658812,-1.862768348279344,0,0.013728424233375001,,N
WeldingTest_01_OK,2022-02-10 11:05:13.099,25,250,241.1,83,1670,1698,0,1712.9966966279746,-14.996696627974643,-1.6791495386184112,0,0.009549217865338152,,N
WeldingTest_01_OK,2022-02-10 11:05:15.681,26,250,241.2,82,1154,1679,0,1693.0000140611949,-14.000014061194861,-1.7359078391389438,0,0.010684868647200188,,N
WeldingTest_01_OK,2022-02-10 11:05:19.147,27,250,241.1,83,1670,1702,0,1716.0029705464842,-14.002970546484221,-1.5621864522791253,0,0.007572527074704184,,N
WeldingTest_01_OK,2022-02-10 11:05:21.811,28,250,241.2,82,1154,1680,0,1694.999985710131,-14.999985710131114,-1.8627670412718451,0,0.013728388839775599,,N
WeldingTest_01_OK,2022-02-10 11:05:25.379,29,250,241.1,83,1670,1703,0,1716.999967777064,-13.999967777064057,-1.5618330217055605,0,0.0075672167318196325,,N
WeldingTest_01_OK,2022-02-10 11:05:27.977,30,250,241.2,82,1154,1683,0,1696.988693652646,-13.988693652645907,-1.7344717004265449,0,0.01065454929097051,,N
WeldingTest_01_OK,2022-02-10 11:05:32.445,31,30,19.4,38,650,683,0,688.0006063384444,-5.000606338444413,-1.6827212385847747,0,0.009617017605510333,,N
WeldingTest_01_OK,2022-02-10 11:05:34.055,32,30,19.4,38,650,683,0,688.0006063384444,-5.000606338444413,-1.6827212385847747,0,0.009617017605510333,,N
WeldingTest_01_OK,2022-02-10 11:05:37.153,33,30,19.4,38,650,683,0,688.0006063384444,-5.000606338444413,-1.6827212385847747,0,0.009617017605510333,,N
WeldingTest_01_OK,2022-02-10 11:05:38.923,34,30,19.4,38,650,683,0,688.0006063384444,-5.000606338444413,-1.6827212385847747,0,0.009617017605510333,,N
WeldingTest_01_OK,2022-02-10 11:05:42.453,35,30,19.4,38,650,683,0,688.0006063384444,-5.000606338444413,-1.6827212385847747,0,0.009617017605510333,,N
WeldingTest_01_OK,2022-02-10 11:05:44.175,36,30,19.4,38,650,683,0,688.0006063384444,-5.000606338444413,-1.6827212385847747,0,0.009617017605510333,,N
WeldingTest_01_OK,2022-02-10 11:05:45.903,37,30,19.4,38,650,682,0,688.0006063384444,-6.000606338444413,-2.0192654454897943,0,0.018679561201894783,,N
WeldingTest_01_OK,2022-02-10 11:05:48.889,38,30,19.4,38,650,683,0,688.0006063384444,-5.000606338444413,-1.6827212385847747,0,0.009617017605510333,,N
WeldingTest_01_OK,2022-02-10 11:05:50.353,39,30,19.4,38,650,682,0,688.0006063384444,-6.000606338444413,-2.0192654454897943,0,0.018679561201894783,,N
WeldingTest_01_OK,2022-02-10 11:13:15.426,1,250,241.1,82,1154,1662,0,1679.3760170564362,-17.37601705643624,-2.1641970279676452,0,0.024804667664138552,,N
WeldingTest_01_OK,2022-02-10 11:13:18.730,2,250,241.2,83,1670,1687,0,1704.5159551916302,-17.515955191630155,-1.9756701416098148,0,0.017146605961034997,,N
WeldingTest_01_OK,2022-02-10 11:13:21.590,3,250,241.1,82,1153,1669,0,1687.0000658542688,-18.00006585426877,-2.243365605066052,0,0.028937042284513805,,N
WeldingTest_01_OK,2022-02-10 11:13:24.806,4,250,241.2,83,1670,1693,0,1708.9999966770276,-15.999996677027639,-1.7972394956472044,0,0.012062463787483435,,N
WeldingTest_01_OK,2022-02-10 11:13:27.556,5,250,241.1,82,1154,1673,0,1689.0246460370001,-16.02464603700014,-1.9927583181866662,0,0.017732172487686704,,N
WeldingTest_01_OK,2022-02-10 11:13:30.796,6,250,241.2,83,1670,1695,0,1712.029134968304,-17.029134968304106,-1.9183706534780405,0,0.015318474316666093,,N
WeldingTest_01_OK,2022-02-10 11:13:36.626,7,250,241.1,82,1153,1671,0,1687.9999985928248,-16.999998592824795,-2.1164942732628185,0,0.022598555962847263,,N
WeldingTest_01_OK,2022-02-10 11:13:39.912,8,250,241.2,83,1670,1695,0,1711.9999942256752,-16.99999422567521,-1.9149407433050252,0,0.015215345321121962,,N
WeldingTest_01_OK,2022-02-10 11:13:42.800,9,250,241.1,82,1154,1675,0,1692.000000006275,-17.00000000627506,-2.116494452577075,0,0.022598563884185442,,N
WeldingTest_01_OK,2022-02-10 11:13:46.006,10,250,241.2,83,1670,1698,0,1714.011058058723,-16.011058058722938,-1.7985414372650783,0,0.0120935336194864,,N
WeldingTest_01_OK,2022-02-10 11:13:48.768,11,250,241.1,82,1154,1678,0,1693.077006948619,-15.0770069486191,-1.8725381711556455,0,0.013995519477128947,,N
WeldingTest_01_OK,2022-02-10 11:13:52.030,12,250,241.2,83,1670,1700,0,1716.0000403355489,-16.000040335548874,-1.7972446343222215,0,0.01206258626287463,,N
WeldingTest_01_OK,2022-02-10 11:13:56.580,13,30,19.4,38,650,682,0,688.0006063384444,-6.000606338444413,-2.0192654454897943,0,0.018679561201894783,,N
WeldingTest_01_OK,2022-02-10 11:13:58.264,14,30,19.4,38,650,682,0,688.0006063384444,-6.000606338444413,-2.0192654454897943,0,0.018679561201894783,,N
WeldingTest_01_OK,2022-02-10 11:14:01.208,15,30,19.4,38,650,682,0,688.0006063384444,-6.000606338444413,-2.0192654454897943,0,0.018679561201894783,,N
WeldingTest_01_OK,2022-02-10 11:14:04.618,16,30,19.4,38,650,682,0,688.0006063384444,-6.000606338444413,-2.0192654454897943,0,0.018679561201894783,,N
WeldingTest_01_OK,2022-02-10 11:14:06.380,17,30,19.4,38,650,682,0,688.0006063384444,-6.000606338444413,-2.0192654454897943,0,0.018679561201894783,,N
WeldingTest_01_OK,2022-02-10 11:14:08.072,18,30,19.4,38,650,682,0,688.0006063384444,-6.000606338444413,-2.0192654454897943,0,0.018679561201894783,,N
WeldingTest_01_OK,2022-02-10 11:14:28.356,19,250,241.1,83,1670,1690,0,1707.000103955623,-17.00010395562299,-1.9149536586884446,0,0.015215732370009625,,N
WeldingTest_01_OK,2022-02-10 11:14:31.110,20,250,241.2,82,1154,1674,0,1689.0001549203207,-15.00015492032071,-1.8627885077500876,0,0.013728970160715663,,N
WeldingTest_01_OK,2022-02-10 11:14:34.538,21,250,241.1,83,1670,1697,0,1712.3737369702349,-15.373736970234859,-1.723527766106446,0,0.010426282629246476,,N
WeldingTest_01_OK,2022-02-10 11:14:37.200,22,250,241.2,82,1154,1677,0,1692.099787412438,-15.09978741243799,-1.8754281645543143,0,0.01407550570912607,,N
WeldingTest_01_OK,2022-02-10 11:14:40.582,23,250,241.1,83,1670,1699,0,1714.000016164169,-15.000016164168983,-1.679540253127909,0,0.009556611477923933,,N
WeldingTest_01_OK,2022-02-10 11:14:43.262,24,250,241.2,82,1154,1679,0,1693.9999960126588,-14.999996012658812,-1.862768348279344,0,0.013728424233375001,,N
WeldingTest_01_OK,2022-02-10 11:14:49.676,25,250,241.1,83,1670,1698,0,1712.9966966279746,-14.996696627974643,-1.6791495386184112,0,0.009549217865338152,,N
WeldingTest_01_OK,2022-02-10 11:14:52.290,26,250,241.2,82,1154,1678,0,1693.0000140611949,-15.000014061194861,-1.862770637967142,0,0.013728486238050749,,N
WeldingTest_01_OK,2022-02-10 11:14:55.742,27,250,241.1,83,1670,1702,0,1716.0029705464842,-14.002970546484221,-1.5621864522791253,0,0.007572527074704184,,N
WeldingTest_01_OK,2022-02-10 11:14:58.372,28,250,241.2,82,1154,1680,0,1694.999985710131,-14.999985710131114,-1.8627670412718451,0,0.013728388839775599,,N
WeldingTest_01_OK,2022-02-10 11:15:01.888,29,250,241.1,83,1670,1703,0,1716.999967777064,-13.999967777064057,-1.5618330217055605,0,0.0075672167318196325,,N
WeldingTest_01_OK,2022-02-10 11:15:04.478,30,250,241.2,82,1154,1682,0,1696.988693652646,-14.988693652645907,-1.861334499254743,0,0.013689649828684303,,N
WeldingTest_01_OK,2022-02-10 11:15:08.824,31,30,19.4,38,650,683,0,688.0006063384444,-5.000606338444413,-1.6827212385847747,0,0.009617017605510333,,N
WeldingTest_01_OK,2022-02-10 11:15:10.356,32,30,19.4,38,650,682,0,688.0006063384444,-6.000606338444413,-2.0192654454897943,0,0.018679561201894783,,N
WeldingTest_01_OK,2022-02-10 11:15:13.422,33,30,19.4,38,650,683,0,688.0006063384444,-5.000606338444413,-1.6827212385847747,0,0.009617017605510333,,N
WeldingTest_01_OK,2022-02-10 11:15:15.224,34,30,19.4,38,650,683,0,688.0006063384444,-5.000606338444413,-1.6827212385847747,0,0.009617017605510333,,N
WeldingTest_01_OK,2022-02-10 11:15:18.718,35,30,19.4,38,650,683,0,688.0006063384444,-5.000606338444413,-1.6827212385847747,0,0.009617017605510333,,N
WeldingTest_01_OK,2022-02-10 11:15:20.468,36,30,19.4,38,650,682,0,688.0006063384444,-6.000606338444413,-2.0192654454897943,0,0.018679561201894783,,N
WeldingTest_01_OK,2022-02-10 11:15:22.168,37,30,19.4,38,650,682,0,688.0006063384444,-6.000606338444413,-2.0192654454897943,0,0.018679561201894783,,N
WeldingTest_01_OK,2022-02-10 11:15:25.200,38,30,19.4,38,650,683,0,688.0006063384444,-5.000606338444413,-1.6827212385847747,0,0.009617017605510333,,N
WeldingTest_01_OK,2022-02-10 11:15:26.634,39,30,19.4,38,650,682,0,688.0006063384444,-6.000606338444413,-2.0192654454897943,0,0.018679561201894783,,N
WeldingTest_01_OK,2022-02-10 11:27:30.504,1,250,241.1,82,1154,1662,0,1679.3760170564362,-17.37601705643624,-2.1641970279676452,0,0.024804667664138552,,N
WeldingTest_01_OK,2022-02-10 11:27:33.824,2,250,241.2,83,1670,1687,0,1704.5159551916302,-17.515955191630155,-1.9756701416098148,0,0.017146605961034997,,N
WeldingTest_01_OK,2022-02-10 11:27:36.656,3,250,241.1,82,1153,1669,0,1687.0000658542688,-18.00006585426877,-2.243365605066052,0,0.028937042284513805,,N
WeldingTest_01_OK,2022-02-10 11:27:39.904,4,250,241.2,83,1670,1693,0,1708.9999966770276,-15.999996677027639,-1.7972394956472044,0,0.012062463787483435,,N
WeldingTest_01_OK,2022-02-10 11:27:42.654,5,250,241.1,82,1154,1673,0,1689.0246460370001,-16.02464603700014,-1.9927583181866662,0,0.017732172487686704,,N
WeldingTest_01_OK,2022-02-10 11:27:45.886,6,250,241.2,83,1670,1695,0,1712.029134968304,-17.029134968304106,-1.9183706534780405,0,0.015318474316666093,,N
WeldingTest_01_OK,2022-02-10 11:27:51.704,7,250,241.1,82,1153,1670,0,1687.9999985928248,-17.999998592824795,-2.2433570720910163,0,0.02893656274046461,,N
WeldingTest_01_OK,2022-02-10 11:27:54.866,8,250,241.2,83,1670,1695,0,1711.9999942256752,-16.99999422567521,-1.9149407433050252,0,0.015215345321121962,,N
WeldingTest_01_OK,2022-02-10 11:27:57.648,9,250,241.1,82,1154,1675,0,1692.000000006275,-17.00000000627506,-2.116494452577075,0,0.022598563884185442,,N
WeldingTest_01_OK,2022-02-10 11:28:00.896,10,250,241.2,83,1670,1698,0,1714.011058058723,-16.011058058722938,-1.7985414372650783,0,0.0120935336194864,,N
WeldingTest_01_OK,2022-02-10 11:28:03.666,11,250,241.1,82,1154,1677,0,1693.077006948619,-16.0770069486191,-1.9994009699838435,0,0.01796506119526526,,N
WeldingTest_01_OK,2022-02-10 11:28:06.996,12,250,241.2,83,1670,1700,0,1716.0000403355489,-16.000040335548874,-1.7972446343222215,0,0.01206258626287463,,N
WeldingTest_01_OK,2022-02-10 11:28:11.578,13,30,19.4,38,650,682,0,688.0006063384444,-6.000606338444413,-2.0192654454897943,0,0.018679561201894783,,N
WeldingTest_01_OK,2022-02-10 11:28:13.280,14,30,19.4,38,650,682,0,688.0006063384444,-6.000606338444413,-2.0192654454897943,0,0.018679561201894783,,N
WeldingTest_01_OK,2022-02-10 11:28:16.214,15,30,19.4,38,650,682,0,688.0006063384444,-6.000606338444413,-2.0192654454897943,0,0.018679561201894783,,N
WeldingTest_01_OK,2022-02-10 11:28:19.630,16,30,19.4,38,650,682,0,688.0006063384444,-6.000606338444413,-2.0192654454897943,0,0.018679561201894783,,N
WeldingTest_01_OK,2022-02-10 11:28:21.392,17,30,19.4,38,650,682,0,688.0006063384444,-6.000606338444413,-2.0192654454897943,0,0.018679561201894783,,N
WeldingTest_01_OK,2022-02-10 11:28:23.062,18,30,19.4,38,650,682,0,688.0006063384444,-6.000606338444413,-2.0192654454897943,0,0.018679561201894783,,N
WeldingTest_01_OK,2022-02-10 11:28:44.150,19,250,241.1,83,1670,1690,0,1707.000103955623,-17.00010395562299,-1.9149536586884446,0,0.015215732370009625,,N
WeldingTest_01_OK,2022-02-10 11:28:46.932,20,250,241.2,82,1154,1673,0,1689.0001549203207,-16.00015492032071,-1.989651306578286,0,0.01762426196713884,,N
WeldingTest_01_OK,2022-02-10 11:28:50.384,21,250,241.1,83,1670,1697,0,1712.3737369702349,-15.373736970234859,-1.723527766106446,0,0.010426282629246476,,N
WeldingTest_01_OK,2022-02-10 11:28:52.970,22,250,241.2,82,1154,1677,0,1692.099787412438,-15.09978741243799,-1.8754281645543143,0,0.01407550570912607,,N
WeldingTest_01_OK,2022-02-10 11:28:56.412,23,250,241.1,83,1670,1699,0,1714.000016164169,-15.000016164168983,-1.679540253127909,0,0.009556611477923933,,N
WeldingTest_01_OK,2022-02-10 11:28:59.132,24,250,241.2,82,1154,1679,0,1693.9999960126588,-14.999996012658812,-1.862768348279344,0,0.013728424233375001,,N
WeldingTest_01_OK,2022-02-10 11:29:05.582,25,250,241.1,83,1670,1698,0,1712.9966966279746,-14.996696627974643,-1.6791495386184112,0,0.009549217865338152,,N
WeldingTest_01_OK,2022-02-10 11:29:08.298,26,250,241.2,82,1154,1678,0,1693.0000140611949,-15.000014061194861,-1.862770637967142,0,0.013728486238050749,,N
WeldingTest_01_OK,2022-02-10 11:29:11.704,27,250,241.1,83,1670,1702,0,1716.0029705464842,-14.002970546484221,-1.5621864522791253,0,0.007572527074704184,,N
WeldingTest_01_OK,2022-02-10 11:29:14.356,28,250,241.2,82,1154,1680,0,1694.999985710131,-14.999985710131114,-1.8627670412718451,0,0.013728388839775599,,N
WeldingTest_01_OK,2022-02-10 11:29:17.864,29,250,241.1,83,1670,1703,0,1716.999967777064,-13.999967777064057,-1.5618330217055605,0,0.0075672167318196325,,N
WeldingTest_01_OK,2022-02-10 11:29:20.472,30,250,241.2,82,1154,1682,0,1696.988693652646,-14.988693652645907,-1.861334499254743,0,0.013689649828684303,,N
WeldingTest_01_OK,2022-02-10 11:29:24.848,31,30,19.4,38,650,683,0,688.0006063384444,-5.000606338444413,-1.6827212385847747,0,0.009617017605510333,,N
WeldingTest_01_OK,2022-02-10 11:29:26.368,32,30,19.4,38,650,682,0,688.0006063384444,-6.000606338444413,-2.0192654454897943,0,0.018679561201894783,,N
WeldingTest_01_OK,2022-02-10 11:29:29.452,33,30,19.4,38,650,683,0,688.0006063384444,-5.000606338444413,-1.6827212385847747,0,0.009617017605510333,,N
WeldingTest_01_OK,2022-02-10 11:29:31.152,34,30,19.4,38,650,682,0,688.0006063384444,-6.000606338444413,-2.0192654454897943,0,0.018679561201894783,,N
WeldingTest_01_OK,2022-02-10 11:29:34.650,35,30,19.4,38,650,683,0,688.0006063384444,-5.000606338444413,-1.6827212385847747,0,0.009617017605510333,,N
WeldingTest_01_OK,2022-02-10 11:29:36.364,36,30,19.4,38,650,682,0,688.0006063384444,-6.000606338444413,-2.0192654454897943,0,0.018679561201894783,,N
WeldingTest_01_OK,2022-02-10 11:29:38.084,37,30,19.4,38,650,682,0,688.0006063384444,-6.000606338444413,-2.0192654454897943,0,0.018679561201894783,,N
WeldingTest_01_OK,2022-02-10 11:29:41.098,38,30,19.4,38,650,683,0,688.0006063384444,-5.000606338444413,-1.6827212385847747,0,0.009617017605510333,,N
WeldingTest_01_OK,2022-02-10 11:29:42.564,39,30,19.4,38,650,682,0,688.0006063384444,-6.000606338444413,-2.0192654454897943,0,0.018679561201894783,,N
WeldingTest_01_OK,2022-02-10 11:30:29.732,1,250,241.1,82,1154,1667,0,1679.3760170564362,-12.37601705643624,-1.5298830338266547,0,0.0071021239172372064,,N
WeldingTest_01_OK,2022-02-10 11:30:33.000,2,250,241.2,83,1670,1693,0,1704.5159551916302,-11.515955191630155,-1.2694609244952104,0,0.004230994860978531,,N
WeldingTest_01_OK,2022-02-10 11:30:35.782,3,250,241.1,82,1153,1674,0,1687.0000658542688,-13.000065854268769,-1.6090516109250617,0,0.008310446435601117,,N
WeldingTest_01_OK,2022-02-10 11:30:38.982,4,250,241.2,83,1670,1698,0,1708.9999966770276,-10.999996677027639,-1.2087318147183674,0,0.0037489018676576196,,N
WeldingTest_01_OK,2022-02-10 11:30:41.760,5,250,241.1,82,1154,1677,0,1689.0246460370001,-12.024646037000139,-1.4853071228738737,0,0.006500297908201265,,N
WeldingTest_01_OK,2022-02-10 11:30:45.098,6,250,241.2,83,1670,1700,0,1712.029134968304,-12.029134968304106,-1.3298629725492035,0,0.004771678476170952,,N
WeldingTest_01_OK,2022-02-10 11:30:50.846,7,250,241.1,82,1153,1675,0,1687.9999985928248,-12.999998592824795,-1.609043077950026,0,0.00831030578975194,,N
WeldingTest_01_OK,2022-02-10 11:30:54.076,8,250,241.2,83,1670,1699,0,1711.9999942256752,-12.99999422567521,-1.4441345985619556,0,0.005989553766933549,,N
WeldingTest_01_OK,2022-02-10 11:30:56.836,9,250,241.1,82,1154,1679,0,1692.000000006275,-13.000000006275059,-1.6090432572642823,0,0.008310308745297765,,N
WeldingTest_01_OK,2022-02-10 11:31:00.104,10,250,241.2,83,1670,1702,0,1714.011058058723,-12.011058058722938,-1.3277352925220087,0,0.0047515126834385794,,N
WeldingTest_01_OK,2022-02-10 11:31:02.940,11,250,241.1,82,1154,1680,0,1693.077006948619,-13.0770069486191,-1.6188125734992491,0,0.008472888170893483,,N
WeldingTest_01_OK,2022-02-10 11:31:06.206,12,250,241.2,83,1670,1703,0,1716.0000403355489,-13.000040335548874,-1.4441400257649193,0,0.005989618390928836,,N
WeldingTest_01_OK,2022-02-10 11:31:10.883,13,30,19.4,38,650,683,0,688.0006063384444,-5.000606338444413,-1.6827212385847747,0,0.009617017605510333,,N
WeldingTest_01_OK,2022-02-10 11:31:12.573,14,30,19.4,38,650,683,0,688.0006063384444,-5.000606338444413,-1.6827212385847747,0,0.009617017605510333,,N
WeldingTest_01_OK,2022-02-10 11:31:15.505,15,30,19.4,38,650,683,0,688.0006063384444,-5.000606338444413,-1.6827212385847747,0,0.009617017605510333,,N
WeldingTest_01_OK,2022-02-10 11:31:18.899,16,30,19.4,38,650,683,0,688.0006063384444,-5.000606338444413,-1.6827212385847747,0,0.009617017605510333,,N
WeldingTest_01_OK,2022-02-10 11:31:20.577,17,30,19.4,38,650,683,0,688.0006063384444,-5.000606338444413,-1.6827212385847747,0,0.009617017605510333,,N
WeldingTest_01_OK,2022-02-10 11:31:22.277,18,30,19.4,38,650,682,0,688.0006063384444,-6.000606338444413,-2.0192654454897943,0,0.018679561201894783,,N
WeldingTest_01_OK,2022-02-10 11:31:42.981,19,250,241.1,83,1670,1693,0,1707.000103955623,-14.00010395562299,-1.5618490501311424,0,0.007567457481096474,,N
WeldingTest_01_OK,2022-02-10 11:31:45.577,20,250,241.2,82,1154,1675,0,1689.0001549203207,-14.00015492032071,-1.7359257089218896,0,0.010685246446115904,,N
WeldingTest_01_OK,2022-02-10 11:31:49.037,21,250,241.1,83,1670,1699,0,1712.3737369702349,-13.373736970234859,-1.4881246937349113,0,0.006536791290953203,,N
WeldingTest_01_OK,2022-02-10 11:31:51.689,22,250,241.2,82,1154,1679,0,1692.099787412438,-13.09978741243799,-1.6217025668979181,0,0.00852158462038978,,N
WeldingTest_01_OK,2022-02-10 11:31:55.147,23,250,241.1,83,1670,1702,0,1714.000016164169,-12.000016164168983,-1.326435644570607,0,0.004739236589856007,,N
WeldingTest_01_OK,2022-02-10 11:31:57.755,24,250,241.2,82,1154,1680,0,1693.9999960126588,-13.999996012658812,-1.735905549451146,0,0.010684820240092834,,N
WeldingTest_01_OK,2022-02-10 11:32:04.199,25,250,241.1,83,1670,1699,0,1712.9966966279746,-13.996696627974643,-1.5614480024326438,0,0.007561435970096422,,N
WeldingTest_01_OK,2022-02-10 11:32:06.819,26,250,241.2,82,1154,1680,0,1693.0000140611949,-13.000014061194861,-1.6090450403107457,0,0.008310338134403763,,N
WeldingTest_01_OK,2022-02-10 11:32:10.315,27,250,241.1,83,1670,1703,0,1716.0029705464842,-13.002970546484221,-1.444484916093358,0,0.005993726567325775,,N
WeldingTest_01_OK,2022-02-10 11:32:12.963,28,250,241.2,82,1154,1682,0,1694.999985710131,-12.999985710131114,-1.609041443615449,0,0.008310278851893196,,N
WeldingTest_01_OK,2022-02-10 11:32:16.419,29,250,241.1,83,1670,1704,0,1716.999967777064,-12.999967777064057,-1.444131485519793,0,0.005989516698939982,,N
WeldingTest_01_OK,2022-02-10 11:32:19.071,30,250,241.2,82,1154,1683,0,1696.988693652646,-13.988693652645907,-1.7344717004265449,0,0.01065454929097051,,N
WeldingTest_01_OK,2022-02-10 11:32:23.435,31,30,19.4,38,650,683,0,688.0006063384444,-5.000606338444413,-1.6827212385847747,0,0.009617017605510333,,N
WeldingTest_01_OK,2022-02-10 11:32:25.045,32,30,19.4,38,650,683,0,688.0006063384444,-5.000606338444413,-1.6827212385847747,0,0.009617017605510333,,N
WeldingTest_01_OK,2022-02-10 11:32:28.143,33,30,19.4,38,650,683,0,688.0006063384444,-5.000606338444413,-1.6827212385847747,0,0.009617017605510333,,N
WeldingTest_01_OK,2022-02-10 11:32:29.911,34,30,19.4,38,650,683,0,688.0006063384444,-5.000606338444413,-1.6827212385847747,0,0.009617017605510333,,N
WeldingTest_01_OK,2022-02-10 11:32:33.445,35,30,19.4,38,650,683,0,688.0006063384444,-5.000606338444413,-1.6827212385847747,0,0.009617017605510333,,N
WeldingTest_01_OK,2022-02-10 11:32:35.147,36,30,19.4,38,650,683,0,688.0006063384444,-5.000606338444413,-1.6827212385847747,0,0.009617017605510333,,N
WeldingTest_01_OK,2022-02-10 11:32:36.879,37,30,19.4,38,650,683,0,688.0006063384444,-5.000606338444413,-1.6827212385847747,0,0.009617017605510333,,N
WeldingTest_01_OK,2022-02-10 11:32:39.849,38,30,19.4,38,650,683,0,688.0006063384444,-5.000606338444413,-1.6827212385847747,0,0.009617017605510333,,N
WeldingTest_01_OK,2022-02-10 11:32:41.345,39,30,19.4,38,650,682,0,688.0006063384444,-6.000606338444413,-2.0192654454897943,0,0.018679561201894783,,N
WeldingTest_01_OK,2022-02-10 11:33:27.621,1,250,241.1,82,1154,1667,0,1679.3760170564362,-12.37601705643624,-1.5298830338266547,0,0.0071021239172372064,,N
WeldingTest_01_OK,2022-02-10 11:33:30.931,2,250,241.2,83,1670,1694,0,1704.5159551916302,-10.515955191630155,-1.151759388309443,0,0.0033465230803196053,,N
WeldingTest_01_OK,2022-02-10 11:33:33.769,3,250,241.1,82,1153,1674,0,1687.0000658542688,-13.000065854268769,-1.6090516109250617,0,0.008310446435601117,,N
WeldingTest_01_OK,2022-02-10 11:33:37.101,4,250,241.2,83,1670,1698,0,1708.9999966770276,-10.999996677027639,-1.2087318147183674,0,0.0037489018676576196,,N
WeldingTest_01_OK,2022-02-10 11:33:39.945,5,250,241.1,82,1154,1677,0,1689.0246460370001,-12.024646037000139,-1.4853071228738737,0,0.006500297908201265,,N
WeldingTest_01_OK,2022-02-10 11:33:43.229,6,250,241.2,83,1670,1700,0,1712.029134968304,-12.029134968304106,-1.3298629725492035,0,0.004771678476170952,,N
WeldingTest_01_OK,2022-02-10 11:33:49.119,7,250,241.1,82,1153,1675,0,1687.9999985928248,-12.999998592824795,-1.609043077950026,0,0.00831030578975194,,N
WeldingTest_01_OK,2022-02-10 11:33:52.411,8,250,241.2,83,1670,1700,0,1711.9999942256752,-11.99999422567521,-1.3264330623761882,0,0.004739212230651823,,N
WeldingTest_01_OK,2022-02-10 11:33:55.101,9,250,241.1,82,1154,1680,0,1692.000000006275,-12.000000006275059,-1.4821804584360843,0,0.006460038008840503,,N
WeldingTest_01_OK,2022-02-10 11:33:58.395,10,250,241.2,83,1670,1703,0,1714.011058058723,-11.011058058722938,-1.2100337563362413,0,0.0037586395520559355,,N
WeldingTest_01_OK,2022-02-10 11:34:01.145,11,250,241.1,82,1154,1682,0,1693.077006948619,-11.0770069486191,-1.365086975842853,0,0.005118174912159864,,N
WeldingTest_01_OK,2022-02-10 11:34:04.409,12,250,241.2,83,1670,1704,0,1716.0000403355489,-12.000040335548874,-1.326438489579152,0,0.004739263428468979,,N
WeldingTest_01_OK,2022-02-10 11:34:09.011,13,30,19.4,38,650,683,0,688.0006063384444,-5.000606338444413,-1.6827212385847747,0,0.009617017605510333,,N
WeldingTest_01_OK,2022-02-10 11:34:10.809,14,30,19.4,38,650,683,0,688.0006063384444,-5.000606338444413,-1.6827212385847747,0,0.009617017605510333,,N
WeldingTest_01_OK,2022-02-10 11:34:13.811,15,30,19.4,38,650,683,0,688.0006063384444,-5.000606338444413,-1.6827212385847747,0,0.009617017605510333,,N
WeldingTest_01_OK,2022-02-10 11:34:17.207,16,30,19.4,38,650,683,0,688.0006063384444,-5.000606338444413,-1.6827212385847747,0,0.009617017605510333,,N
WeldingTest_01_OK,2022-02-10 11:34:18.905,17,30,19.4,38,650,683,0,688.0006063384444,-5.000606338444413,-1.6827212385847747,0,0.009617017605510333,,N
WeldingTest_01_OK,2022-02-10 11:34:20.707,18,30,19.4,38,650,683,0,688.0006063384444,-5.000606338444413,-1.6827212385847747,0,0.009617017605510333,,N
WeldingTest_01_OK,2022-02-10 11:34:41.109,19,250,241.1,83,1670,1693,0,1707.000103955623,-14.00010395562299,-1.5618490501311424,0,0.007567457481096474,,N
WeldingTest_01_OK,2022-02-10 11:34:43.795,20,250,241.2,82,1154,1677,0,1689.0001549203207,-12.00015492032071,-1.4822001112654934,0,0.006460290289477037,,N
WeldingTest_01_OK,2022-02-10 11:34:47.191,21,250,241.1,83,1670,1699,0,1712.3737369702349,-13.373736970234859,-1.4881246937349113,0,0.006536791290953203,,N
WeldingTest_01_OK,2022-02-10 11:34:49.891,22,250,241.2,82,1154,1679,0,1692.099787412438,-13.09978741243799,-1.6217025668979181,0,0.00852158462038978,,N
WeldingTest_01_OK,2022-02-10 11:34:53.317,23,250,241.1,83,1670,1702,0,1714.000016164169,-12.000016164168983,-1.326435644570607,0,0.004739236589856007,,N
WeldingTest_01_OK,2022-02-10 11:34:56.037,24,250,241.2,82,1154,1680,0,1693.9999960126588,-13.999996012658812,-1.735905549451146,0,0.010684820240092834,,N
WeldingTest_01_OK,2022-02-10 11:35:02.457,25,250,241.1,83,1670,1699,0,1712.9966966279746,-13.996696627974643,-1.5614480024326438,0,0.007561435970096422,,N
WeldingTest_01_OK,2022-02-10 11:35:05.077,26,250,241.2,82,1154,1680,0,1693.0000140611949,-13.000014061194861,-1.6090450403107457,0,0.008310338134403763,,N
WeldingTest_01_OK,2022-02-10 11:35:08.503,27,250,241.1,83,1670,1703,0,1716.0029705464842,-13.002970546484221,-1.444484916093358,0,0.005993726567325775,,N
WeldingTest_01_OK,2022-02-10 11:35:11.069,28,250,241.2,82,1154,1682,0,1694.999985710131,-12.999985710131114,-1.609041443615449,0,0.008310278851893196,,N
WeldingTest_01_OK,2022-02-10 11:35:14.591,29,250,241.1,83,1670,1704,0,1716.999967777064,-12.999967777064057,-1.444131485519793,0,0.005989516698939982,,N
WeldingTest_01_OK,2022-02-10 11:35:17.145,30,250,241.2,82,1154,1683,0,1696.988693652646,-13.988693652645907,-1.7344717004265449,0,0.01065454929097051,,N
WeldingTest_01_OK,2022-02-10 11:35:21.409,31,30,19.4,38,650,683,0,688.0006063384444,-5.000606338444413,-1.6827212385847747,0,0.009617017605510333,,N
WeldingTest_01_OK,2022-02-10 11:35:22.969,32,30,19.4,38,650,683,0,688.0006063384444,-5.000606338444413,-1.6827212385847747,0,0.009617017605510333,,N
WeldingTest_01_OK,2022-02-10 11:35:26.067,33,30,19.4,38,650,683,0,688.0006063384444,-5.000606338444413,-1.6827212385847747,0,0.009617017605510333,,N
WeldingTest_01_OK,2022-02-10 11:35:27.809,34,30,19.4,38,650,683,0,688.0006063384444,-5.000606338444413,-1.6827212385847747,0,0.009617017605510333,,N
WeldingTest_01_OK,2022-02-10 11:35:31.343,35,30,19.4,38,650,683,0,688.0006063384444,-5.000606338444413,-1.6827212385847747,0,0.009617017605510333,,N
WeldingTest_01_OK,2022-02-10 11:35:33.077,36,30,19.4,38,650,683,0,688.0006063384444,-5.000606338444413,-1.6827212385847747,0,0.009617017605510333,,N
WeldingTest_01_OK,2022-02-10 11:35:34.801,37,30,19.4,38,650,683,0,688.0006063384444,-5.000606338444413,-1.6827212385847747,0,0.009617017605510333,,N
WeldingTest_01_OK,2022-02-10 11:35:37.847,38,30,19.4,38,650,683,0,688.0006063384444,-5.000606338444413,-1.6827212385847747,0,0.009617017605510333,,N
WeldingTest_01_OK,2022-02-10 11:35:39.347,39,30,19.4,38,650,683,0,688.0006063384444,-5.000606338444413,-1.6827212385847747,0,0.009617017605510333,,N
WeldingTest_01_OK,2022-02-10 11:37:50.577,1,250,241.1,82,1154,1663,0,1679.3760170564362,-16.37601705643624,-2.037334229139447,0,0.019353637116623277,,N
WeldingTest_01_OK,2022-02-10 11:37:53.833,2,250,241.2,83,1670,1689,0,1704.5159551916302,-15.515955191630155,-1.74026706923828,0,0.010777423152003118,,N
WeldingTest_01_OK,2022-02-10 11:37:56.707,3,250,241.1,82,1153,1671,0,1687.0000658542688,-16.00006585426877,-1.9896400074096559,0,0.017623870711761705,,N
WeldingTest_01_OK,2022-02-10 11:37:59.981,4,250,241.2,83,1670,1694,0,1708.9999966770276,-14.999996677027639,-1.679537959461437,0,0.009556568057618677,,N
WeldingTest_01_OK,2022-02-10 11:38:02.749,5,250,241.1,82,1154,1674,0,1689.0246460370001,-15.024646037000139,-1.8658955193584679,0,0.013813365798905075,,N
WeldingTest_01_OK,2022-02-10 11:38:06.009,6,250,241.2,83,1670,1697,0,1712.029134968304,-15.029134968304106,-1.6829675811065057,0,0.009621711333202183,,N
WeldingTest_01_OK,2022-02-10 11:38:11.737,7,250,241.1,82,1153,1673,0,1687.9999985928248,-14.999998592824795,-1.8627686756064221,0,0.013728433097365383,,N
WeldingTest_01_OK,2022-02-10 11:38:15.000,8,250,241.2,83,1670,1697,0,1711.9999942256752,-14.99999422567521,-1.6795376709334904,0,0.009556562595647659,,N
WeldingTest_01_OK,2022-02-10 11:38:17.844,9,250,241.1,82,1154,1677,0,1692.000000006275,-15.000000006275059,-1.8627688549206785,0,0.01372843795318309,,N
WeldingTest_01_OK,2022-02-10 11:38:21.220,10,250,241.2,83,1670,1699,0,1714.011058058723,-15.011058058722938,-1.680839901079311,0,0.009581245938673098,,N
WeldingTest_01_OK,2022-02-10 11:38:24.058,11,250,241.1,82,1154,1678,0,1693.077006948619,-15.0770069486191,-1.8725381711556455,0,0.013995519477128947,,N
WeldingTest_01_OK,2022-02-10 11:38:27.296,12,250,241.2,83,1670,1702,0,1716.0000403355489,-14.000040335548874,-1.5618415619506867,0,0.007567345006594005,,N
WeldingTest_01_OK,2022-02-10 11:38:31.758,13,30,19.4,38,650,683,0,688.0006063384444,-5.000606338444413,-1.6827212385847747,0,0.009617017605510333,,N
WeldingTest_01_OK,2022-02-10 11:38:33.444,14,30,19.4,38,650,682,0,688.0006063384444,-6.000606338444413,-2.0192654454897943,0,0.018679561201894783,,N
WeldingTest_01_OK,2022-02-10 11:38:36.396,15,30,19.4,38,650,683,0,688.0006063384444,-5.000606338444413,-1.6827212385847747,0,0.009617017605510333,,N
WeldingTest_01_OK,2022-02-10 11:38:39.704,16,30,19.4,38,650,682,0,688.0006063384444,-6.000606338444413,-2.0192654454897943,0,0.018679561201894783,,N
WeldingTest_01_OK,2022-02-10 11:38:41.474,17,30,19.4,38,650,682,0,688.0006063384444,-6.000606338444413,-2.0192654454897943,0,0.018679561201894783,,N
WeldingTest_01_OK,2022-02-10 11:38:43.150,18,30,19.4,38,650,682,0,688.0006063384444,-6.000606338444413,-2.0192654454897943,0,0.018679561201894783,,N
WeldingTest_01_OK,2022-02-10 11:39:03.796,19,250,241.1,83,1670,1692,0,1707.000103955623,-15.00010395562299,-1.6795505863169098,0,0.009556807093015852,,N
WeldingTest_01_OK,2022-02-10 11:39:06.398,20,250,241.2,82,1154,1674,0,1689.0001549203207,-15.00015492032071,-1.8627885077500876,0,0.013728970160715663,,N
WeldingTest_01_OK,2022-02-10 11:39:09.788,21,250,241.1,83,1670,1698,0,1712.3737369702349,-14.373736970234859,-1.6058262299206787,0,0.00825745150740416,,N
WeldingTest_01_OK,2022-02-10 11:39:12.384,22,250,241.2,82,1154,1678,0,1692.099787412438,-14.09978741243799,-1.7485653657261162,0,0.0109558082057945,,N
WeldingTest_01_OK,2022-02-10 11:39:15.808,23,250,241.1,83,1670,1700,0,1714.000016164169,-14.000016164168983,-1.5618387169421417,0,0.00756730227422851,,N
WeldingTest_01_OK,2022-02-10 11:39:18.506,24,250,241.2,82,1154,1679,0,1693.9999960126588,-14.999996012658812,-1.862768348279344,0,0.013728424233375001,,N
WeldingTest_01_OK,2022-02-10 11:39:24.976,25,250,241.1,83,1670,1698,0,1712.9966966279746,-14.996696627974643,-1.6791495386184112,0,0.009549217865338152,,N
WeldingTest_01_OK,2022-02-10 11:39:27.598,26,250,241.2,82,1154,1679,0,1693.0000140611949,-14.000014061194861,-1.7359078391389438,0,0.010684868647200188,,N
WeldingTest_01_OK,2022-02-10 11:39:31.122,27,250,241.1,83,1670,1702,0,1716.0029705464842,-14.002970546484221,-1.5621864522791253,0,0.007572527074704184,,N
WeldingTest_01_OK,2022-02-10 11:39:33.762,28,250,241.2,82,1154,1682,0,1694.999985710131,-12.999985710131114,-1.609041443615449,0,0.008310278851893196,,N
WeldingTest_01_OK,2022-02-10 11:39:37.256,29,250,241.1,83,1670,1703,0,1716.999967777064,-13.999967777064057,-1.5618330217055605,0,0.0075672167318196325,,N
WeldingTest_01_OK,2022-02-10 11:39:39.848,30,250,241.2,82,1154,1683,0,1696.988693652646,-13.988693652645907,-1.7344717004265449,0,0.01065454929097051,,N
WeldingTest_01_OK,2022-02-10 11:39:44.310,31,30,19.4,38,650,683,0,688.0006063384444,-5.000606338444413,-1.6827212385847747,0,0.009617017605510333,,N
WeldingTest_01_OK,2022-02-10 11:39:45.832,32,30,19.4,38,650,683,0,688.0006063384444,-5.000606338444413,-1.6827212385847747,0,0.009617017605510333,,N
WeldingTest_01_OK,2022-02-10 11:39:48.936,33,30,19.4,38,650,683,0,688.0006063384444,-5.000606338444413,-1.6827212385847747,0,0.009617017605510333,,N
WeldingTest_01_OK,2022-02-10 11:39:50.696,34,30,19.4,38,650,683,0,688.0006063384444,-5.000606338444413,-1.6827212385847747,0,0.009617017605510333,,N
WeldingTest_01_OK,2022-02-10 11:39:54.130,35,30,19.4,38,650,683,0,688.0006063384444,-5.000606338444413,-1.6827212385847747,0,0.009617017605510333,,N
WeldingTest_01_OK,2022-02-10 11:39:55.816,36,30,19.4,38,650,683,0,688.0006063384444,-5.000606338444413,-1.6827212385847747,0,0.009617017605510333,,N
WeldingTest_01_OK,2022-02-10 11:39:57.566,37,30,19.4,38,650,683,0,688.0006063384444,-5.000606338444413,-1.6827212385847747,0,0.009617017605510333,,N
WeldingTest_01_OK,2022-02-10 11:40:00.534,38,30,19.4,38,650,683,0,688.0006063384444,-5.000606338444413,-1.6827212385847747,0,0.009617017605510333,,N
WeldingTest_01_OK,2022-02-10 11:40:02.036,39,30,19.4,38,650,682,0,688.0006063384444,-6.000606338444413,-2.0192654454897943,0,0.018679561201894783,,N
WeldingTest_01_OK,2022-02-10 11:40:48.526,1,250,241.1,82,1154,1667,0,1679.3760170564362,-12.37601705643624,-1.5298830338266547,0,0.0071021239172372064,,N
WeldingTest_01_OK,2022-02-10 11:40:51.796,2,250,241.2,83,1670,1693,0,1704.5159551916302,-11.515955191630155,-1.2694609244952104,0,0.004230994860978531,,N
WeldingTest_01_OK,2022-02-10 11:40:54.636,3,250,241.1,82,1153,1675,0,1687.0000658542688,-12.000065854268769,-1.4821888120968636,0,0.006460145242425546,,N
WeldingTest_01_OK,2022-02-10 11:40:58.012,4,250,241.2,83,1670,1698,0,1708.9999966770276,-10.999996677027639,-1.2087318147183674,0,0.0037489018676576196,,N
WeldingTest_01_OK,2022-02-10 11:41:00.844,5,250,241.1,82,1154,1677,0,1689.0246460370001,-12.024646037000139,-1.4853071228738737,0,0.006500297908201265,,N
WeldingTest_01_OK,2022-02-10 11:41:04.098,6,250,241.2,83,1670,1700,0,1712.029134968304,-12.029134968304106,-1.3298629725492035,0,0.004771678476170952,,N
WeldingTest_01_OK,2022-02-10 11:41:09.814,7,250,241.1,82,1153,1675,0,1687.9999985928248,-12.999998592824795,-1.609043077950026,0,0.00831030578975194,,N
WeldingTest_01_OK,2022-02-10 11:41:13.104,8,250,241.2,83,1670,1700,0,1711.9999942256752,-11.99999422567521,-1.3264330623761882,0,0.004739212230651823,,N
WeldingTest_01_OK,2022-02-10 11:41:15.826,9,250,241.1,82,1154,1679,0,1692.000000006275,-13.000000006275059,-1.6090432572642823,0,0.008310308745297765,,N
WeldingTest_01_OK,2022-02-10 11:41:19.106,10,250,241.2,83,1670,1703,0,1714.011058058723,-11.011058058722938,-1.2100337563362413,0,0.0037586395520559355,,N
WeldingTest_01_OK,2022-02-10 11:41:21.950,11,250,241.1,82,1154,1680,0,1693.077006948619,-13.0770069486191,-1.6188125734992491,0,0.008472888170893483,,N
WeldingTest_01_OK,2022-02-10 11:41:25.224,12,250,241.2,83,1670,1704,0,1716.0000403355489,-12.000040335548874,-1.326438489579152,0,0.004739263428468979,,N
WeldingTest_01_OK,2022-02-10 11:41:29.756,13,30,19.4,38,650,683,0,688.0006063384444,-5.000606338444413,-1.6827212385847747,0,0.009617017605510333,,N
WeldingTest_01_OK,2022-02-10 11:41:31.464,14,30,19.4,38,650,683,0,688.0006063384444,-5.000606338444413,-1.6827212385847747,0,0.009617017605510333,,N
WeldingTest_01_OK,2022-02-10 11:41:34.428,15,30,19.4,38,650,683,0,688.0006063384444,-5.000606338444413,-1.6827212385847747,0,0.009617017605510333,,N
WeldingTest_01_OK,2022-02-10 11:41:37.812,16,30,19.4,38,650,683,0,688.0006063384444,-5.000606338444413,-1.6827212385847747,0,0.009617017605510333,,N
WeldingTest_01_OK,2022-02-10 11:41:39.576,17,30,19.4,38,650,683,0,688.0006063384444,-5.000606338444413,-1.6827212385847747,0,0.009617017605510333,,N
WeldingTest_01_OK,2022-02-10 11:41:41.276,18,30,19.4,38,650,683,0,688.0006063384444,-5.000606338444413,-1.6827212385847747,0,0.009617017605510333,,N
WeldingTest_01_OK,2022-02-10 11:42:02.574,19,250,241.1,83,1670,1693,0,1707.000103955623,-14.00010395562299,-1.5618490501311424,0,0.007567457481096474,,N
WeldingTest_01_OK,2022-02-10 11:42:05.192,20,250,241.2,82,1154,1675,0,1689.0001549203207,-14.00015492032071,-1.7359257089218896,0,0.010685246446115904,,N
WeldingTest_01_OK,2022-02-10 11:42:08.590,21,250,241.1,83,1670,1699,0,1712.3737369702349,-13.373736970234859,-1.4881246937349113,0,0.006536791290953203,,N
WeldingTest_01_OK,2022-02-10 11:42:11.396,22,250,241.2,82,1154,1679,0,1692.099787412438,-13.09978741243799,-1.6217025668979181,0,0.00852158462038978,,N
WeldingTest_01_OK,2022-02-10 11:42:14.790,23,250,241.1,83,1670,1702,0,1714.000016164169,-12.000016164168983,-1.326435644570607,0,0.004739236589856007,,N
WeldingTest_01_OK,2022-02-10 11:42:17.376,24,250,241.2,82,1154,1680,0,1693.9999960126588,-13.999996012658812,-1.735905549451146,0,0.010684820240092834,,N
WeldingTest_01_OK,2022-02-10 11:42:23.772,25,250,241.1,83,1670,1699,0,1712.9966966279746,-13.996696627974643,-1.5614480024326438,0,0.007561435970096422,,N
WeldingTest_01_OK,2022-02-10 11:42:26.406,26,250,241.2,82,1154,1680,0,1693.0000140611949,-13.000014061194861,-1.6090450403107457,0,0.008310338134403763,,N
WeldingTest_01_OK,2022-02-10 11:42:29.880,27,250,241.1,83,1670,1703,0,1716.0029705464842,-13.002970546484221,-1.444484916093358,0,0.005993726567325775,,N
WeldingTest_01_OK,2022-02-10 11:42:32.494,28,250,241.2,82,1154,1683,0,1694.999985710131,-11.999985710131114,-1.482178644787251,0,0.006460014727776102,,N
WeldingTest_01_OK,2022-02-10 11:42:36.028,29,250,241.1,83,1670,1704,0,1716.999967777064,-12.999967777064057,-1.444131485519793,0,0.005989516698939982,,N
WeldingTest_01_OK,2022-02-10 11:42:38.684,30,250,241.2,82,1154,1683,0,1696.988693652646,-13.988693652645907,-1.7344717004265449,0,0.01065454929097051,,N
WeldingTest_01_OK,2022-02-10 11:42:43.164,31,30,19.4,38,650,683,0,688.0006063384444,-5.000606338444413,-1.6827212385847747,0,0.009617017605510333,,N
WeldingTest_01_OK,2022-02-10 11:42:44.652,32,30,19.4,38,650,683,0,688.0006063384444,-5.000606338444413,-1.6827212385847747,0,0.009617017605510333,,N
WeldingTest_01_OK,2022-02-10 11:42:47.722,33,30,19.4,38,650,683,0,688.0006063384444,-5.000606338444413,-1.6827212385847747,0,0.009617017605510333,,N
WeldingTest_01_OK,2022-02-10 11:42:49.488,34,30,19.4,38,650,683,0,688.0006063384444,-5.000606338444413,-1.6827212385847747,0,0.009617017605510333,,N
WeldingTest_01_OK,2022-02-10 11:42:52.920,35,30,19.4,38,650,683,0,688.0006063384444,-5.000606338444413,-1.6827212385847747,0,0.009617017605510333,,N
WeldingTest_01_OK,2022-02-10 11:42:54.640,36,30,19.4,38,650,683,0,688.0006063384444,-5.000606338444413,-1.6827212385847747,0,0.009617017605510333,,N
WeldingTest_01_OK,2022-02-10 11:42:56.348,37,30,19.4,38,650,683,0,688.0006063384444,-5.000606338444413,-1.6827212385847747,0,0.009617017605510333,,N
WeldingTest_01_OK,2022-02-10 11:42:59.344,38,30,19.4,38,650,683,0,688.0006063384444,-5.000606338444413,-1.6827212385847747,0,0.009617017605510333,,N
WeldingTest_01_OK,2022-02-10 11:43:00.826,39,30,19.4,38,650,683,0,688.0006063384444,-5.000606338444413,-1.6827212385847747,0,0.009617017605510333,,N
WeldingTest_01_OK,2022-02-10 11:46:47.785,1,250,241.1,82,1154,1662,0,1679.3760170564362,-17.37601705643624,-2.1641970279676452,0,0.024804667664138552,,N
WeldingTest_01_OK,2022-02-10 11:46:51.029,2,250,241.2,83,1670,1688,0,1704.5159551916302,-16.515955191630155,-1.8579686054240474,0,0.013599052527687816,,N
WeldingTest_01_OK,2022-02-10 11:46:53.865,3,250,241.1,82,1153,1669,0,1687.0000658542688,-18.00006585426877,-2.243365605066052,0,0.028937042284513805,,N
WeldingTest_01_OK,2022-02-10 11:46:57.119,4,250,241.2,83,1670,1693,0,1708.9999966770276,-15.999996677027639,-1.7972394956472044,0,0.012062463787483435,,N
WeldingTest_01_OK,2022-02-10 11:46:59.945,5,250,241.1,82,1154,1673,0,1689.0246460370001,-16.02464603700014,-1.9927583181866662,0,0.017732172487686704,,N
WeldingTest_01_OK,2022-02-10 11:47:03.217,6,250,241.2,83,1670,1697,0,1712.029134968304,-15.029134968304106,-1.6829675811065057,0,0.009621711333202183,,N
WeldingTest_01_OK,2022-02-10 11:47:09.155,7,250,241.1,82,1153,1671,0,1687.9999985928248,-16.999998592824795,-2.1164942732628185,0,0.022598555962847263,,N
WeldingTest_01_OK,2022-02-10 11:47:12.499,8,250,241.2,83,1670,1695,0,1711.9999942256752,-16.99999422567521,-1.9149407433050252,0,0.015215345321121962,,N
WeldingTest_01_OK,2022-02-10 11:47:15.319,9,250,241.1,82,1154,1675,0,1692.000000006275,-17.00000000627506,-2.116494452577075,0,0.022598563884185442,,N
WeldingTest_01_OK,2022-02-10 11:47:18.575,10,250,241.2,83,1670,1699,0,1714.011058058723,-15.011058058722938,-1.680839901079311,0,0.009581245938673098,,N
WeldingTest_01_OK,2022-02-10 11:47:21.335,11,250,241.1,82,1154,1678,0,1693.077006948619,-15.0770069486191,-1.8725381711556455,0,0.013995519477128947,,N
WeldingTest_01_OK,2022-02-10 11:47:24.587,12,250,241.2,83,1670,1700,0,1716.0000403355489,-16.000040335548874,-1.7972446343222215,0,0.01206258626287463,,N
WeldingTest_01_OK,2022-02-10 11:47:29.025,13,30,19.4,38,650,683,0,688.0006063384444,-5.000606338444413,-1.6827212385847747,0,0.009617017605510333,,N
WeldingTest_01_OK,2022-02-10 11:47:30.757,14,30,19.4,38,650,682,0,688.0006063384444,-6.000606338444413,-2.0192654454897943,0,0.018679561201894783,,N
WeldingTest_01_OK,2022-02-10 11:47:33.709,15,30,19.4,38,650,682,0,688.0006063384444,-6.000606338444413,-2.0192654454897943,0,0.018679561201894783,,N
WeldingTest_01_OK,2022-02-10 11:47:37.117,16,30,19.4,38,650,682,0,688.0006063384444,-6.000606338444413,-2.0192654454897943,0,0.018679561201894783,,N
WeldingTest_01_OK,2022-02-10 11:47:38.873,17,30,19.4,38,650,682,0,688.0006063384444,-6.000606338444413,-2.0192654454897943,0,0.018679561201894783,,N
WeldingTest_01_OK,2022-02-10 11:47:40.571,18,30,19.4,38,650,682,0,688.0006063384444,-6.000606338444413,-2.0192654454897943,0,0.018679561201894783,,N
WeldingTest_01_OK,2022-02-10 11:48:01.013,19,250,241.1,83,1670,1692,0,1707.000103955623,-15.00010395562299,-1.6795505863169098,0,0.009556807093015852,,N
WeldingTest_01_OK,2022-02-10 11:48:03.787,20,250,241.2,82,1154,1674,0,1689.0001549203207,-15.00015492032071,-1.8627885077500876,0,0.013728970160715663,,N
WeldingTest_01_OK,2022-02-10 11:48:07.189,21,250,241.1,83,1670,1698,0,1712.3737369702349,-14.373736970234859,-1.6058262299206787,0,0.00825745150740416,,N
WeldingTest_01_OK,2022-02-10 11:48:09.783,22,250,241.2,82,1154,1678,0,1692.099787412438,-14.09978741243799,-1.7485653657261162,0,0.0109558082057945,,N
WeldingTest_01_OK,2022-02-10 11:48:13.199,23,250,241.1,83,1670,1700,0,1714.000016164169,-14.000016164168983,-1.5618387169421417,0,0.00756730227422851,,N
WeldingTest_01_OK,2022-02-10 11:48:15.879,24,250,241.2,82,1154,1679,0,1693.9999960126588,-14.999996012658812,-1.862768348279344,0,0.013728424233375001,,N
WeldingTest_01_OK,2022-02-10 11:48:22.375,25,250,241.1,83,1670,1698,0,1712.9966966279746,-14.996696627974643,-1.6791495386184112,0,0.009549217865338152,,N
WeldingTest_01_OK,2022-02-10 11:48:25.065,26,250,241.2,82,1154,1679,0,1693.0000140611949,-14.000014061194861,-1.7359078391389438,0,0.010684868647200188,,N
WeldingTest_01_OK,2022-02-10 11:48:28.507,27,250,241.1,83,1670,1702,0,1716.0029705464842,-14.002970546484221,-1.5621864522791253,0,0.007572527074704184,,N
WeldingTest_01_OK,2022-02-10 11:48:31.187,28,250,241.2,82,1154,1680,0,1694.999985710131,-14.999985710131114,-1.8627670412718451,0,0.013728388839775599,,N
WeldingTest_01_OK,2022-02-10 11:48:34.659,29,250,241.1,83,1670,1703,0,1716.999967777064,-13.999967777064057,-1.5618330217055605,0,0.0075672167318196325,,N
WeldingTest_01_OK,2022-02-10 11:48:37.287,30,250,241.2,82,1154,1683,0,1696.988693652646,-13.988693652645907,-1.7344717004265449,0,0.01065454929097051,,N
WeldingTest_01_OK,2022-02-10 11:48:41.537,31,30,19.4,38,650,683,0,688.0006063384444,-5.000606338444413,-1.6827212385847747,0,0.009617017605510333,,N
WeldingTest_01_OK,2022-02-10 11:48:42.995,32,30,19.4,38,650,683,0,688.0006063384444,-5.000606338444413,-1.6827212385847747,0,0.009617017605510333,,N
WeldingTest_01_OK,2022-02-10 11:48:46.117,33,30,19.4,38,650,683,0,688.0006063384444,-5.000606338444413,-1.6827212385847747,0,0.009617017605510333,,N
WeldingTest_01_OK,2022-02-10 11:48:47.885,34,30,19.4,38,650,683,0,688.0006063384444,-5.000606338444413,-1.6827212385847747,0,0.009617017605510333,,N
WeldingTest_01_OK,2022-02-10 11:48:51.455,35,30,19.4,38,650,683,0,688.0006063384444,-5.000606338444413,-1.6827212385847747,0,0.009617017605510333,,N
WeldingTest_01_OK,2022-02-10 11:48:53.153,36,30,19.4,38,650,683,0,688.0006063384444,-5.000606338444413,-1.6827212385847747,0,0.009617017605510333,,N
WeldingTest_01_OK,2022-02-10 11:48:54.865,37,30,19.4,38,650,682,0,688.0006063384444,-6.000606338444413,-2.0192654454897943,0,0.018679561201894783,,N
WeldingTest_01_OK,2022-02-10 11:48:57.873,38,30,19.4,38,650,683,0,688.0006063384444,-5.000606338444413,-1.6827212385847747,0,0.009617017605510333,,N
WeldingTest_01_OK,2022-02-10 11:48:59.345,39,30,19.4,38,650,682,0,688.0006063384444,-6.000606338444413,-2.0192654454897943,0,0.018679561201894783,,N
WeldingTest_01_OK,2022-02-10 11:52:49.018,1,250,241.1,82,1154,1662,0,1679.3760170564362,-17.37601705643624,-2.1641970279676452,0,0.024804667664138552,,N
WeldingTest_01_OK,2022-02-10 11:52:52.306,2,250,241.2,83,1670,1688,0,1704.5159551916302,-16.515955191630155,-1.8579686054240474,0,0.013599052527687816,,N
WeldingTest_01_OK,2022-02-10 11:52:55.160,3,250,241.1,82,1153,1670,0,1687.0000658542688,-17.00006585426877,-2.116502806237854,0,0.022598932916255355,,N
WeldingTest_01_OK,2022-02-10 11:52:58.396,4,250,241.2,83,1670,1693,0,1708.9999966770276,-15.999996677027639,-1.7972394956472044,0,0.012062463787483435,,N
WeldingTest_01_OK,2022-02-10 11:53:01.250,5,250,241.1,82,1154,1673,0,1689.0246460370001,-16.02464603700014,-1.9927583181866662,0,0.017732172487686704,,N
WeldingTest_01_OK,2022-02-10 11:53:04.504,6,250,241.2,83,1670,1695,0,1712.029134968304,-17.029134968304106,-1.9183706534780405,0,0.015318474316666093,,N
WeldingTest_01_OK,2022-02-10 11:53:10.336,7,250,241.1,82,1153,1671,0,1687.9999985928248,-16.999998592824795,-2.1164942732628185,0,0.022598555962847263,,N
WeldingTest_01_OK,2022-02-10 11:53:13.628,8,250,241.2,83,1670,1695,0,1711.9999942256752,-16.99999422567521,-1.9149407433050252,0,0.015215345321121962,,N
WeldingTest_01_OK,2022-02-10 11:53:16.430,9,250,241.1,82,1154,1675,0,1692.000000006275,-17.00000000627506,-2.116494452577075,0,0.022598563884185442,,N
WeldingTest_01_OK,2022-02-10 11:53:19.812,10,250,241.2,83,1670,1699,0,1714.011058058723,-15.011058058722938,-1.680839901079311,0,0.009581245938673098,,N
WeldingTest_01_OK,2022-02-10 11:53:22.644,11,250,241.1,82,1154,1678,0,1693.077006948619,-15.0770069486191,-1.8725381711556455,0,0.013995519477128947,,N
WeldingTest_01_OK,2022-02-10 11:53:25.856,12,250,241.2,83,1670,1700,0,1716.0000403355489,-16.000040335548874,-1.7972446343222215,0,0.01206258626287463,,N
WeldingTest_01_OK,2022-02-10 11:53:30.284,13,30,19.4,38,650,682,0,688.0006063384444,-6.000606338444413,-2.0192654454897943,0,0.018679561201894783,,N
WeldingTest_01_OK,2022-02-10 11:53:31.938,14,30,19.4,38,650,682,0,688.0006063384444,-6.000606338444413,-2.0192654454897943,0,0.018679561201894783,,N
WeldingTest_01_OK,2022-02-10 11:53:34.900,15,30,19.4,38,650,682,0,688.0006063384444,-6.000606338444413,-2.0192654454897943,0,0.018679561201894783,,N
WeldingTest_01_OK,2022-02-10 11:53:38.306,16,30,19.4,38,650,682,0,688.0006063384444,-6.000606338444413,-2.0192654454897943,0,0.018679561201894783,,N
WeldingTest_01_OK,2022-02-10 11:53:40.068,17,30,19.4,38,650,682,0,688.0006063384444,-6.000606338444413,-2.0192654454897943,0,0.018679561201894783,,N
WeldingTest_01_OK,2022-02-10 11:53:41.762,18,30,19.4,38,650,682,0,688.0006063384444,-6.000606338444413,-2.0192654454897943,0,0.018679561201894783,,N
WeldingTest_01_OK,2022-02-10 11:54:02.074,19,250,241.1,83,1670,1692,0,1707.000103955623,-15.00010395562299,-1.6795505863169098,0,0.009556807093015852,,N
WeldingTest_01_OK,2022-02-10 11:54:04.778,20,250,241.2,82,1154,1674,0,1689.0001549203207,-15.00015492032071,-1.8627885077500876,0,0.013728970160715663,,N
WeldingTest_01_OK,2022-02-10 11:54:08.172,21,250,241.1,83,1670,1698,0,1712.3737369702349,-14.373736970234859,-1.6058262299206787,0,0.00825745150740416,,N
WeldingTest_01_OK,2022-02-10 11:54:10.758,22,250,241.2,82,1154,1678,0,1692.099787412438,-14.09978741243799,-1.7485653657261162,0,0.0109558082057945,,N
WeldingTest_01_OK,2022-02-10 11:54:14.212,23,250,241.1,83,1670,1700,0,1714.000016164169,-14.000016164168983,-1.5618387169421417,0,0.00756730227422851,,N
WeldingTest_01_OK,2022-02-10 11:54:16.874,24,250,241.2,82,1154,1679,0,1693.9999960126588,-14.999996012658812,-1.862768348279344,0,0.013728424233375001,,N
WeldingTest_01_OK,2022-02-10 11:54:23.262,25,250,241.1,83,1670,1698,0,1712.9966966279746,-14.996696627974643,-1.6791495386184112,0,0.009549217865338152,,N
WeldingTest_01_OK,2022-02-10 11:54:25.920,26,250,241.2,82,1154,1679,0,1693.0000140611949,-14.000014061194861,-1.7359078391389438,0,0.010684868647200188,,N
WeldingTest_01_OK,2022-02-10 11:54:29.386,27,250,241.1,83,1670,1702,0,1716.0029705464842,-14.002970546484221,-1.5621864522791253,0,0.007572527074704184,,N
WeldingTest_01_OK,2022-02-10 11:54:31.988,28,250,241.2,82,1154,1680,0,1694.999985710131,-14.999985710131114,-1.8627670412718451,0,0.013728388839775599,,N
WeldingTest_01_OK,2022-02-10 11:54:35.568,29,250,241.1,83,1670,1703,0,1716.999967777064,-13.999967777064057,-1.5618330217055605,0,0.0075672167318196325,,N
WeldingTest_01_OK,2022-02-10 11:54:38.158,30,250,241.2,82,1154,1682,0,1696.988693652646,-14.988693652645907,-1.861334499254743,0,0.013689649828684303,,N
WeldingTest_01_OK,2022-02-10 11:54:42.384,31,30,19.4,38,650,683,0,688.0006063384444,-5.000606338444413,-1.6827212385847747,0,0.009617017605510333,,N
WeldingTest_01_OK,2022-02-10 11:54:44.038,32,30,19.4,38,650,682,0,688.0006063384444,-6.000606338444413,-2.0192654454897943,0,0.018679561201894783,,N
WeldingTest_01_OK,2022-02-10 11:54:47.118,33,30,19.4,38,650,683,0,688.0006063384444,-5.000606338444413,-1.6827212385847747,0,0.009617017605510333,,N
WeldingTest_01_OK,2022-02-10 11:54:48.880,34,30,19.4,38,650,683,0,688.0006063384444,-5.000606338444413,-1.6827212385847747,0,0.009617017605510333,,N
WeldingTest_01_OK,2022-02-10 11:54:52.440,35,30,19.4,38,650,683,0,688.0006063384444,-5.000606338444413,-1.6827212385847747,0,0.009617017605510333,,N
WeldingTest_01_OK,2022-02-10 11:54:54.124,36,30,19.4,38,650,682,0,688.0006063384444,-6.000606338444413,-2.0192654454897943,0,0.018679561201894783,,N
WeldingTest_01_OK,2022-02-10 11:54:55.878,37,30,19.4,38,650,682,0,688.0006063384444,-6.000606338444413,-2.0192654454897943,0,0.018679561201894783,,N
WeldingTest_01_OK,2022-02-10 11:54:58.864,38,30,19.4,38,650,683,0,688.0006063384444,-5.000606338444413,-1.6827212385847747,0,0.009617017605510333,,N
WeldingTest_01_OK,2022-02-10 11:55:00.332,39,30,19.4,38,650,682,0,688.0006063384444,-6.000606338444413,-2.0192654454897943,0,0.018679561201894783,,N
WeldingTest_01_OK,2022-02-10 11:56:48.474,1,250,241.1,82,1154,1665,0,1679.3760170564362,-14.37601705643624,-1.7836086314830508,0,0.011741871224911007,,N
WeldingTest_01_OK,2022-02-10 11:56:51.680,2,250,241.2,83,1670,1690,0,1704.5159551916302,-14.515955191630155,-1.6225655330525126,0,0.00853617934236074,,N
WeldingTest_01_OK,2022-02-10 11:56:54.418,3,250,241.1,82,1153,1671,0,1687.0000658542688,-16.00006585426877,-1.9896400074096559,0,0.017623870711761705,,N
WeldingTest_01_OK,2022-02-10 11:56:57.704,4,250,241.2,83,1670,1695,0,1708.9999966770276,-13.999996677027639,-1.5618364232756696,0,0.007567267823260635,,N
WeldingTest_01_OK,2022-02-10 11:57:00.560,5,250,241.1,82,1154,1674,0,1689.0246460370001,-15.024646037000139,-1.8658955193584679,0,0.013813365798905075,,N
WeldingTest_01_OK,2022-02-10 11:57:03.798,6,250,241.2,83,1670,1698,0,1712.029134968304,-14.029134968304106,-1.5652660449207383,0,0.00761895515219327,,N
WeldingTest_01_OK,2022-02-10 11:57:09.606,7,250,241.1,82,1153,1673,0,1687.9999985928248,-14.999998592824795,-1.8627686756064221,0,0.013728433097365383,,N
WeldingTest_01_OK,2022-02-10 11:57:12.870,8,250,241.2,83,1670,1698,0,1711.9999942256752,-13.99999422567521,-1.561836134747723,0,0.007567263489569633,,N
WeldingTest_01_OK,2022-02-10 11:57:15.672,9,250,241.1,82,1154,1678,0,1692.000000006275,-14.000000006275059,-1.7359060560924804,0,0.010684830951159515,,N
WeldingTest_01_OK,2022-02-10 11:57:18.994,10,250,241.2,83,1670,1700,0,1714.011058058723,-14.011058058722938,-1.5631383648935435,0,0.0075868480929979125,,N
WeldingTest_01_OK,2022-02-10 11:57:21.842,11,250,241.1,82,1154,1679,0,1693.077006948619,-14.0770069486191,-1.7456753723274472,0,0.010893354259789748,,N
WeldingTest_01_OK,2022-02-10 11:57:25.098,12,250,241.2,83,1670,1702,0,1716.0000403355489,-14.000040335548874,-1.5618415619506867,0,0.007567345006594005,,N
WeldingTest_01_OK,2022-02-10 11:57:29.762,13,30,19.4,38,650,683,0,688.0006063384444,-5.000606338444413,-1.6827212385847747,0,0.009617017605510333,,N
WeldingTest_01_OK,2022-02-10 11:57:31.452,14,30,19.4,38,650,682,0,688.0006063384444,-6.000606338444413,-2.0192654454897943,0,0.018679561201894783,,N
WeldingTest_01_OK,2022-02-10 11:57:34.384,15,30,19.4,38,650,683,0,688.0006063384444,-5.000606338444413,-1.6827212385847747,0,0.009617017605510333,,N
WeldingTest_01_OK,2022-02-10 11:57:37.710,16,30,19.4,38,650,683,0,688.0006063384444,-5.000606338444413,-1.6827212385847747,0,0.009617017605510333,,N
WeldingTest_01_OK,2022-02-10 11:57:39.438,17,30,19.4,38,650,682,0,688.0006063384444,-6.000606338444413,-2.0192654454897943,0,0.018679561201894783,,N
WeldingTest_01_OK,2022-02-10 11:57:41.134,18,30,19.4,38,650,682,0,688.0006063384444,-6.000606338444413,-2.0192654454897943,0,0.018679561201894783,,N
WeldingTest_01_OK,2022-02-10 11:58:02.048,19,250,241.1,83,1670,1692,0,1707.000103955623,-15.00010395562299,-1.6795505863169098,0,0.009556807093015852,,N
WeldingTest_01_OK,2022-02-10 11:58:04.704,20,250,241.2,82,1154,1675,0,1689.0001549203207,-14.00015492032071,-1.7359257089218896,0,0.010685246446115904,,N
WeldingTest_01_OK,2022-02-10 11:58:08.184,21,250,241.1,83,1670,1698,0,1712.3737369702349,-14.373736970234859,-1.6058262299206787,0,0.00825745150740416,,N
WeldingTest_01_OK,2022-02-10 11:58:10.742,22,250,241.2,82,1154,1678,0,1692.099787412438,-14.09978741243799,-1.7485653657261162,0,0.0109558082057945,,N
WeldingTest_01_OK,2022-02-10 11:58:14.182,23,250,241.1,83,1670,1700,0,1714.000016164169,-14.000016164168983,-1.5618387169421417,0,0.00756730227422851,,N
WeldingTest_01_OK,2022-02-10 11:58:16.752,24,250,241.2,82,1154,1680,0,1693.9999960126588,-13.999996012658812,-1.735905549451146,0,0.010684820240092834,,N
WeldingTest_01_OK,2022-02-10 11:58:23.172,25,250,241.1,83,1670,1698,0,1712.9966966279746,-14.996696627974643,-1.6791495386184112,0,0.009549217865338152,,N
WeldingTest_01_OK,2022-02-10 11:58:25.940,26,250,241.2,82,1154,1679,0,1693.0000140611949,-14.000014061194861,-1.7359078391389438,0,0.010684868647200188,,N
WeldingTest_01_OK,2022-02-10 11:58:29.398,27,250,241.1,83,1670,1702,0,1716.0029705464842,-14.002970546484221,-1.5621864522791253,0,0.007572527074704184,,N
WeldingTest_01_OK,2022-02-10 11:58:32.106,28,250,241.2,82,1154,1680,0,1694.999985710131,-14.999985710131114,-1.8627670412718451,0,0.013728388839775599,,N
WeldingTest_01_OK,2022-02-10 11:58:35.630,29,250,241.1,83,1670,1703,0,1716.999967777064,-13.999967777064057,-1.5618330217055605,0,0.0075672167318196325,,N
WeldingTest_01_OK,2022-02-10 11:58:38.230,30,250,241.2,82,1154,1683,0,1696.988693652646,-13.988693652645907,-1.7344717004265449,0,0.01065454929097051,,N
WeldingTest_01_OK,2022-02-10 11:58:42.732,31,30,19.4,38,650,683,0,688.0006063384444,-5.000606338444413,-1.6827212385847747,0,0.009617017605510333,,N
WeldingTest_01_OK,2022-02-10 11:58:44.262,32,30,19.4,38,650,683,0,688.0006063384444,-5.000606338444413,-1.6827212385847747,0,0.009617017605510333,,N
WeldingTest_01_OK,2022-02-10 11:58:47.342,33,30,19.4,38,650,683,0,688.0006063384444,-5.000606338444413,-1.6827212385847747,0,0.009617017605510333,,N
WeldingTest_01_OK,2022-02-10 11:58:49.078,34,30,19.4,38,650,683,0,688.0006063384444,-5.000606338444413,-1.6827212385847747,0,0.009617017605510333,,N
WeldingTest_01_OK,2022-02-10 11:58:52.510,35,30,19.4,38,650,683,0,688.0006063384444,-5.000606338444413,-1.6827212385847747,0,0.009617017605510333,,N
WeldingTest_01_OK,2022-02-10 11:58:54.252,36,30,19.4,38,650,683,0,688.0006063384444,-5.000606338444413,-1.6827212385847747,0,0.009617017605510333,,N
WeldingTest_01_OK,2022-02-10 11:58:55.990,37,30,19.4,38,650,682,0,688.0006063384444,-6.000606338444413,-2.0192654454897943,0,0.018679561201894783,,N
WeldingTest_01_OK,2022-02-10 11:58:58.940,38,30,19.4,38,650,683,0,688.0006063384444,-5.000606338444413,-1.6827212385847747,0,0.009617017605510333,,N
WeldingTest_01_OK,2022-02-10 11:59:00.444,39,30,19.4,38,650,682,0,688.0006063384444,-6.000606338444413,-2.0192654454897943,0,0.018679561201894783,,N
WeldingTest_01_OK,2022-02-10 13:15:17.853,1,250,241.1,82,1154,1661,0,1679.3760170564362,-18.37601705643624,-2.291059826795843,0,0.031741308764891174,,N
WeldingTest_01_OK,2022-02-10 13:15:21.067,2,250,241.2,83,1670,1687,0,1704.5159551916302,-17.515955191630155,-1.9756701416098148,0,0.017146605961034997,,N
WeldingTest_01_OK,2022-02-10 13:15:23.777,3,250,241.1,82,1153,1669,0,1687.0000658542688,-18.00006585426877,-2.243365605066052,0,0.028937042284513805,,N
WeldingTest_01_OK,2022-02-10 13:15:27.065,4,250,241.2,83,1670,1692,0,1708.9999966770276,-16.99999667702764,-1.9149410318329718,0,0.015215353967636736,,N
WeldingTest_01_OK,2022-02-10 13:15:29.871,5,250,241.1,82,1154,1671,0,1689.0246460370001,-18.02464603700014,-2.2464839158430623,0,0.02911280520990818,,N
WeldingTest_01_OK,2022-02-10 13:15:33.137,6,250,241.2,83,1670,1695,0,1712.029134968304,-17.029134968304106,-1.9183706534780405,0,0.015318474316666093,,N
WeldingTest_01_OK,2022-02-10 13:15:38.953,7,250,241.1,82,1153,1670,0,1687.9999985928248,-17.999998592824795,-2.2433570720910163,0,0.02893656274046461,,N
WeldingTest_01_OK,2022-02-10 13:15:42.181,8,250,241.2,83,1670,1695,0,1711.9999942256752,-16.99999422567521,-1.9149407433050252,0,0.015215345321121962,,N
WeldingTest_01_OK,2022-02-10 13:15:45.021,9,250,241.1,82,1154,1674,0,1692.000000006275,-18.00000000627506,-2.2433572514052726,0,0.028936572817654268,,N
WeldingTest_01_OK,2022-02-10 13:15:48.285,10,250,241.2,83,1670,1698,0,1714.011058058723,-16.011058058722938,-1.7985414372650783,0,0.0120935336194864,,N
WeldingTest_01_OK,2022-02-10 13:15:51.119,11,250,241.1,82,1154,1677,0,1693.077006948619,-16.0770069486191,-1.9994009699838435,0,0.01796506119526526,,N
WeldingTest_01_OK,2022-02-10 13:15:54.455,12,250,241.2,83,1670,1699,0,1716.0000403355489,-17.000040335548874,-1.9149461705079889,0,0.015215507962644164,,N
WeldingTest_01_OK,2022-02-10 13:15:58.889,13,30,19.4,38,650,682,0,688.0006063384444,-6.000606338444413,-2.0192654454897943,0,0.018679561201894783,,N
WeldingTest_01_OK,2022-02-10 13:16:00.617,14,30,19.4,38,650,682,0,688.0006063384444,-6.000606338444413,-2.0192654454897943,0,0.018679561201894783,,N
WeldingTest_01_OK,2022-02-10 13:16:03.551,15,30,19.4,38,650,682,0,688.0006063384444,-6.000606338444413,-2.0192654454897943,0,0.018679561201894783,,N
WeldingTest_01_OK,2022-02-10 13:16:06.869,16,30,19.4,38,650,682,0,688.0006063384444,-6.000606338444413,-2.0192654454897943,0,0.018679561201894783,,N
WeldingTest_01_OK,2022-02-10 13:16:08.603,17,30,19.4,38,650,682,0,688.0006063384444,-6.000606338444413,-2.0192654454897943,0,0.018679561201894783,,N
WeldingTest_01_OK,2022-02-10 13:16:10.333,18,30,19.4,38,650,682,0,688.0006063384444,-6.000606338444413,-2.0192654454897943,0,0.018679561201894783,,N
WeldingTest_01_OK,2022-02-10 13:16:30.965,19,250,241.1,83,1670,1690,0,1707.000103955623,-17.00010395562299,-1.9149536586884446,0,0.015215732370009625,,N
WeldingTest_01_OK,2022-02-10 13:16:33.753,20,250,241.2,82,1154,1673,0,1689.0001549203207,-16.00015492032071,-1.989651306578286,0,0.01762426196713884,,N
WeldingTest_01_OK,2022-02-10 13:16:37.273,21,250,241.1,83,1670,1697,0,1712.3737369702349,-15.373736970234859,-1.723527766106446,0,0.010426282629246476,,N
WeldingTest_01_OK,2022-02-10 13:16:40.001,22,250,241.2,82,1154,1677,0,1692.099787412438,-15.09978741243799,-1.8754281645543143,0,0.01407550570912607,,N
WeldingTest_01_OK,2022-02-10 13:16:43.463,23,250,241.1,83,1670,1699,0,1714.000016164169,-15.000016164168983,-1.679540253127909,0,0.009556611477923933,,N
WeldingTest_01_OK,2022-02-10 13:16:46.139,24,250,241.2,82,1154,1678,0,1693.9999960126588,-15.999996012658812,-1.989631147107542,0,0.017623563912780586,,N
WeldingTest_01_OK,2022-02-10 13:16:52.709,25,250,241.1,83,1670,1697,0,1712.9966966279746,-15.996696627974643,-1.7968510748041786,0,0.012053209703825838,,N
WeldingTest_01_OK,2022-02-10 13:16:55.337,26,250,241.2,82,1154,1678,0,1693.0000140611949,-15.000014061194861,-1.862770637967142,0,0.013728486238050749,,N
WeldingTest_01_OK,2022-02-10 13:16:58.787,27,250,241.1,83,1670,1700,0,1716.0029705464842,-16.00297054648422,-1.7975895246506601,0,0.012070809201601864,,N
WeldingTest_01_OK,2022-02-10 13:17:01.515,28,250,241.2,82,1154,1679,0,1694.999985710131,-15.999985710131114,-1.9896298401000434,0,0.01762351865646421,,N
WeldingTest_01_OK,2022-02-10 13:17:04.995,29,250,241.1,83,1670,1702,0,1716.999967777064,-14.999967777064057,-1.6795345578913279,0,0.00955650366447817,,N
WeldingTest_01_OK,2022-02-10 13:17:07.610,30,250,241.2,82,1154,1680,0,1696.988693652646,-16.988693652645907,-2.1150600969111393,0,0.02253528686764939,,N
WeldingTest_01_OK,2022-02-10 13:17:11.886,31,30,19.4,38,650,683,0,688.0006063384444,-5.000606338444413,-1.6827212385847747,0,0.009617017605510333,,N
WeldingTest_01_OK,2022-02-10 13:17:13.378,32,30,19.4,38,650,682,0,688.0006063384444,-6.000606338444413,-2.0192654454897943,0,0.018679561201894783,,N
WeldingTest_01_OK,2022-02-10 13:17:16.492,33,30,19.4,38,650,683,0,688.0006063384444,-5.000606338444413,-1.6827212385847747,0,0.009617017605510333,,N
WeldingTest_01_OK,2022-02-10 13:17:18.238,34,30,19.4,38,650,682,0,688.0006063384444,-6.000606338444413,-2.0192654454897943,0,0.018679561201894783,,N
WeldingTest_01_OK,2022-02-10 13:17:21.716,35,30,19.4,38,650,682,0,688.0006063384444,-6.000606338444413,-2.0192654454897943,0,0.018679561201894783,,N
WeldingTest_01_OK,2022-02-10 13:17:23.442,36,30,19.4,38,650,682,0,688.0006063384444,-6.000606338444413,-2.0192654454897943,0,0.018679561201894783,,N
WeldingTest_01_OK,2022-02-10 13:17:25.106,37,30,19.4,38,650,682,0,688.0006063384444,-6.000606338444413,-2.0192654454897943,0,0.018679561201894783,,N
WeldingTest_01_OK,2022-02-10 13:17:28.114,38,30,19.4,38,650,682,0,688.0006063384444,-6.000606338444413,-2.0192654454897943,0,0.018679561201894783,,N
WeldingTest_01_OK,2022-02-10 13:17:29.600,39,30,19.4,38,650,682,0,688.0006063384444,-6.000606338444413,-2.0192654454897943,0,0.018679561201894783,,N
WeldingTest_01_OK,2022-02-10 13:24:36.647,1,250,241.1,82,1154,1661,0,1679.3760170564362,-18.37601705643624,-2.291059826795843,0,0.031741308764891174,,N
WeldingTest_01_OK,2022-02-10 13:24:39.845,2,250,241.2,83,1670,1687,0,1704.5159551916302,-17.515955191630155,-1.9756701416098148,0,0.017146605961034997,,N
WeldingTest_01_OK,2022-02-10 13:24:42.661,3,250,241.1,82,1153,1669,0,1687.0000658542688,-18.00006585426877,-2.243365605066052,0,0.028937042284513805,,N
WeldingTest_01_OK,2022-02-10 13:24:45.973,4,250,241.2,83,1670,1692,0,1708.9999966770276,-16.99999667702764,-1.9149410318329718,0,0.015215353967636736,,N
WeldingTest_01_OK,2022-02-10 13:24:48.789,5,250,241.1,82,1154,1671,0,1689.0246460370001,-18.02464603700014,-2.2464839158430623,0,0.02911280520990818,,N
WeldingTest_01_OK,2022-02-10 13:24:52.155,6,250,241.2,83,1670,1695,0,1712.029134968304,-17.029134968304106,-1.9183706534780405,0,0.015318474316666093,,N
WeldingTest_01_OK,2022-02-10 13:24:57.865,7,250,241.1,82,1153,1670,0,1687.9999985928248,-17.999998592824795,-2.2433570720910163,0,0.02893656274046461,,N
WeldingTest_01_OK,2022-02-10 13:25:01.157,8,250,241.2,83,1670,1695,0,1711.9999942256752,-16.99999422567521,-1.9149407433050252,0,0.015215345321121962,,N
WeldingTest_01_OK,2022-02-10 13:25:04.005,9,250,241.1,82,1154,1674,0,1692.000000006275,-18.00000000627506,-2.2433572514052726,0,0.028936572817654268,,N
WeldingTest_01_OK,2022-02-10 13:25:07.269,10,250,241.2,83,1670,1698,0,1714.011058058723,-16.011058058722938,-1.7985414372650783,0,0.0120935336194864,,N
WeldingTest_01_OK,2022-02-10 13:25:10.085,11,250,241.1,82,1154,1677,0,1693.077006948619,-16.0770069486191,-1.9994009699838435,0,0.01796506119526526,,N
WeldingTest_01_OK,2022-02-10 13:25:13.363,12,250,241.2,83,1670,1699,0,1716.0000403355489,-17.000040335548874,-1.9149461705079889,0,0.015215507962644164,,N
WeldingTest_01_OK,2022-02-10 13:25:17.815,13,30,19.4,38,650,682,0,688.0006063384444,-6.000606338444413,-2.0192654454897943,0,0.018679561201894783,,N
WeldingTest_01_OK,2022-02-10 13:25:19.533,14,30,19.4,38,650,682,0,688.0006063384444,-6.000606338444413,-2.0192654454897943,0,0.018679561201894783,,N
WeldingTest_01_OK,2022-02-10 13:25:22.461,15,30,19.4,38,650,682,0,688.0006063384444,-6.000606338444413,-2.0192654454897943,0,0.018679561201894783,,N
WeldingTest_01_OK,2022-02-10 13:25:25.887,16,30,19.4,38,650,682,0,688.0006063384444,-6.000606338444413,-2.0192654454897943,0,0.018679561201894783,,N
WeldingTest_01_OK,2022-02-10 13:25:27.643,17,30,19.4,38,650,682,0,688.0006063384444,-6.000606338444413,-2.0192654454897943,0,0.018679561201894783,,N
WeldingTest_01_OK,2022-02-10 13:25:29.315,18,30,19.4,38,650,682,0,688.0006063384444,-6.000606338444413,-2.0192654454897943,0,0.018679561201894783,,N
WeldingTest_01_OK,2022-02-10 13:25:49.729,19,250,241.1,83,1670,1690,0,1707.000103955623,-17.00010395562299,-1.9149536586884446,0,0.015215732370009625,,N
WeldingTest_01_OK,2022-02-10 13:25:52.359,20,250,241.2,82,1154,1673,0,1689.0001549203207,-16.00015492032071,-1.989651306578286,0,0.01762426196713884,,N
WeldingTest_01_OK,2022-02-10 13:25:55.839,21,250,241.1,83,1670,1697,0,1712.3737369702349,-15.373736970234859,-1.723527766106446,0,0.010426282629246476,,N
WeldingTest_01_OK,2022-02-10 13:25:58.433,22,250,241.2,82,1154,1677,0,1692.099787412438,-15.09978741243799,-1.8754281645543143,0,0.01407550570912607,,N
WeldingTest_01_OK,2022-02-10 13:26:01.867,23,250,241.1,83,1670,1699,0,1714.000016164169,-15.000016164168983,-1.679540253127909,0,0.009556611477923933,,N
WeldingTest_01_OK,2022-02-10 13:26:04.549,24,250,241.2,82,1154,1678,0,1693.9999960126588,-15.999996012658812,-1.989631147107542,0,0.017623563912780586,,N
WeldingTest_01_OK,2022-02-10 13:26:11.027,25,250,241.1,83,1670,1697,0,1712.9966966279746,-15.996696627974643,-1.7968510748041786,0,0.012053209703825838,,N
WeldingTest_01_OK,2022-02-10 13:26:13.609,26,250,241.2,82,1154,1678,0,1693.0000140611949,-15.000014061194861,-1.862770637967142,0,0.013728486238050749,,N
WeldingTest_01_OK,2022-02-10 13:26:17.079,27,250,241.1,83,1670,1700,0,1716.0029705464842,-16.00297054648422,-1.7975895246506601,0,0.012070809201601864,,N
WeldingTest_01_OK,2022-02-10 13:26:19.717,28,250,241.2,82,1154,1680,0,1694.999985710131,-14.999985710131114,-1.8627670412718451,0,0.013728388839775599,,N
WeldingTest_01_OK,2022-02-10 13:26:23.217,29,250,241.1,83,1670,1702,0,1716.999967777064,-14.999967777064057,-1.6795345578913279,0,0.00955650366447817,,N
WeldingTest_01_OK,2022-02-10 13:26:25.841,30,250,241.2,82,1154,1682,0,1696.988693652646,-14.988693652645907,-1.861334499254743,0,0.013689649828684303,,N
WeldingTest_01_OK,2022-02-10 13:26:30.091,31,30,19.4,38,650,683,0,688.0006063384444,-5.000606338444413,-1.6827212385847747,0,0.009617017605510333,,N
WeldingTest_01_OK,2022-02-10 13:26:31.615,32,30,19.4,38,650,682,0,688.0006063384444,-6.000606338444413,-2.0192654454897943,0,0.018679561201894783,,N
WeldingTest_01_OK,2022-02-10 13:26:34.683,33,30,19.4,38,650,682,0,688.0006063384444,-6.000606338444413,-2.0192654454897943,0,0.018679561201894783,,N
WeldingTest_01_OK,2022-02-10 13:26:36.427,34,30,19.4,38,650,682,0,688.0006063384444,-6.000606338444413,-2.0192654454897943,0,0.018679561201894783,,N
WeldingTest_01_OK,2022-02-10 13:26:39.881,35,30,19.4,38,650,682,0,688.0006063384444,-6.000606338444413,-2.0192654454897943,0,0.018679561201894783,,N
WeldingTest_01_OK,2022-02-10 13:26:41.605,36,30,19.4,38,650,682,0,688.0006063384444,-6.000606338444413,-2.0192654454897943,0,0.018679561201894783,,N
WeldingTest_01_OK,2022-02-10 13:26:43.339,37,30,19.4,38,650,682,0,688.0006063384444,-6.000606338444413,-2.0192654454897943,0,0.018679561201894783,,N
WeldingTest_01_OK,2022-02-10 13:26:46.289,38,30,19.4,38,650,682,0,688.0006063384444,-6.000606338444413,-2.0192654454897943,0,0.018679561201894783,,N
WeldingTest_01_OK,2022-02-10 13:26:47.803,39,30,19.4,38,650,682,0,688.0006063384444,-6.000606338444413,-2.0192654454897943,0,0.018679561201894783,,N
WeldingTest_01_OK,2022-02-10 13:27:33.743,1,250,241.1,82,1154,1667,0,1679.3760170564362,-12.37601705643624,-1.5298830338266547,0,0.0071021239172372064,,N
WeldingTest_01_OK,2022-02-10 13:27:36.949,2,250,241.2,83,1670,1693,0,1704.5159551916302,-11.515955191630155,-1.2694609244952104,0,0.004230994860978531,,N
WeldingTest_01_OK,2022-02-10 13:27:39.695,3,250,241.1,82,1153,1674,0,1687.0000658542688,-13.000065854268769,-1.6090516109250617,0,0.008310446435601117,,N
WeldingTest_01_OK,2022-02-10 13:27:42.949,4,250,241.2,83,1670,1698,0,1708.9999966770276,-10.999996677027639,-1.2087318147183674,0,0.0037489018676576196,,N
WeldingTest_01_OK,2022-02-10 13:27:45.673,5,250,241.1,82,1154,1677,0,1689.0246460370001,-12.024646037000139,-1.4853071228738737,0,0.006500297908201265,,N
WeldingTest_01_OK,2022-02-10 13:27:48.973,6,250,241.2,83,1670,1699,0,1712.029134968304,-13.029134968304106,-1.447564508734971,0,0.006030533648218996,,N
WeldingTest_01_OK,2022-02-10 13:27:54.761,7,250,241.1,82,1153,1674,0,1687.9999985928248,-13.999998592824795,-1.735905876778224,0,0.010684827160218192,,N
WeldingTest_01_OK,2022-02-10 13:27:58.059,8,250,241.2,83,1670,1699,0,1711.9999942256752,-12.99999422567521,-1.4441345985619556,0,0.005989553766933549,,N
WeldingTest_01_OK,2022-02-10 13:28:00.917,9,250,241.1,82,1154,1679,0,1692.000000006275,-13.000000006275059,-1.6090432572642823,0,0.008310308745297765,,N
WeldingTest_01_OK,2022-02-10 13:28:04.249,10,250,241.2,83,1670,1702,0,1714.011058058723,-12.011058058722938,-1.3277352925220087,0,0.0047515126834385794,,N
WeldingTest_01_OK,2022-02-10 13:28:06.991,11,250,241.1,82,1154,1680,0,1693.077006948619,-13.0770069486191,-1.6188125734992491,0,0.008472888170893483,,N
WeldingTest_01_OK,2022-02-10 13:28:10.267,12,250,241.2,83,1670,1703,0,1716.0000403355489,-13.000040335548874,-1.4441400257649193,0,0.005989618390928836,,N
WeldingTest_01_OK,2022-02-10 13:28:14.817,13,30,19.4,38,650,683,0,688.0006063384444,-5.000606338444413,-1.6827212385847747,0,0.009617017605510333,,N
WeldingTest_01_OK,2022-02-10 13:28:16.557,14,30,19.4,38,650,682,0,688.0006063384444,-6.000606338444413,-2.0192654454897943,0,0.018679561201894783,,N
WeldingTest_01_OK,2022-02-10 13:28:19.571,15,30,19.4,38,650,683,0,688.0006063384444,-5.000606338444413,-1.6827212385847747,0,0.009617017605510333,,N
WeldingTest_01_OK,2022-02-10 13:28:22.931,16,30,19.4,38,650,683,0,688.0006063384444,-5.000606338444413,-1.6827212385847747,0,0.009617017605510333,,N
WeldingTest_01_OK,2022-02-10 13:28:24.611,17,30,19.4,38,650,682,0,688.0006063384444,-6.000606338444413,-2.0192654454897943,0,0.018679561201894783,,N
WeldingTest_01_OK,2022-02-10 13:28:26.363,18,30,19.4,38,650,682,0,688.0006063384444,-6.000606338444413,-2.0192654454897943,0,0.018679561201894783,,N
WeldingTest_01_OK,2022-02-10 13:28:47.121,19,250,241.1,83,1670,1693,0,1707.000103955623,-14.00010395562299,-1.5618490501311424,0,0.007567457481096474,,N
WeldingTest_01_OK,2022-02-10 13:28:49.823,20,250,241.2,82,1154,1675,0,1689.0001549203207,-14.00015492032071,-1.7359257089218896,0,0.010685246446115904,,N
WeldingTest_01_OK,2022-02-10 13:28:53.251,21,250,241.1,83,1670,1699,0,1712.3737369702349,-13.373736970234859,-1.4881246937349113,0,0.006536791290953203,,N
WeldingTest_01_OK,2022-02-10 13:28:55.835,22,250,241.2,82,1154,1679,0,1692.099787412438,-13.09978741243799,-1.6217025668979181,0,0.00852158462038978,,N
WeldingTest_01_OK,2022-02-10 13:28:59.287,23,250,241.1,83,1670,1702,0,1714.000016164169,-12.000016164168983,-1.326435644570607,0,0.004739236589856007,,N
WeldingTest_01_OK,2022-02-10 13:29:02.077,24,250,241.2,82,1154,1680,0,1693.9999960126588,-13.999996012658812,-1.735905549451146,0,0.010684820240092834,,N
WeldingTest_01_OK,2022-02-10 13:29:08.537,25,250,241.1,83,1670,1699,0,1712.9966966279746,-13.996696627974643,-1.5614480024326438,0,0.007561435970096422,,N
WeldingTest_01_OK,2022-02-10 13:29:11.245,26,250,241.2,82,1154,1679,0,1693.0000140611949,-14.000014061194861,-1.7359078391389438,0,0.010684868647200188,,N
WeldingTest_01_OK,2022-02-10 13:29:14.763,27,250,241.1,83,1670,1702,0,1716.0029705464842,-14.002970546484221,-1.5621864522791253,0,0.007572527074704184,,N
WeldingTest_01_OK,2022-02-10 13:29:17.455,28,250,241.2,82,1154,1682,0,1694.999985710131,-12.999985710131114,-1.609041443615449,0,0.008310278851893196,,N
WeldingTest_01_OK,2022-02-10 13:29:21.019,29,250,241.1,83,1670,1703,0,1716.999967777064,-13.999967777064057,-1.5618330217055605,0,0.0075672167318196325,,N
WeldingTest_01_OK,2022-02-10 13:29:23.567,30,250,241.2,82,1154,1683,0,1696.988693652646,-13.988693652645907,-1.7344717004265449,0,0.01065454929097051,,N
WeldingTest_01_OK,2022-02-10 13:29:27.977,31,30,19.4,38,650,683,0,688.0006063384444,-5.000606338444413,-1.6827212385847747,0,0.009617017605510333,,N
WeldingTest_01_OK,2022-02-10 13:29:29.485,32,30,19.4,38,650,683,0,688.0006063384444,-5.000606338444413,-1.6827212385847747,0,0.009617017605510333,,N
WeldingTest_01_OK,2022-02-10 13:29:32.597,33,30,19.4,38,650,683,0,688.0006063384444,-5.000606338444413,-1.6827212385847747,0,0.009617017605510333,,N
WeldingTest_01_OK,2022-02-10 13:29:34.353,34,30,19.4,38,650,682,0,688.0006063384444,-6.000606338444413,-2.0192654454897943,0,0.018679561201894783,,N
WeldingTest_01_OK,2022-02-10 13:29:37.897,35,30,19.4,38,650,683,0,688.0006063384444,-5.000606338444413,-1.6827212385847747,0,0.009617017605510333,,N
WeldingTest_01_OK,2022-02-10 13:29:39.625,36,30,19.4,38,650,682,0,688.0006063384444,-6.000606338444413,-2.0192654454897943,0,0.018679561201894783,,N
WeldingTest_01_OK,2022-02-10 13:29:41.325,37,30,19.4,38,650,682,0,688.0006063384444,-6.000606338444413,-2.0192654454897943,0,0.018679561201894783,,N
WeldingTest_01_OK,2022-02-10 13:29:44.283,38,30,19.4,38,650,683,0,688.0006063384444,-5.000606338444413,-1.6827212385847747,0,0.009617017605510333,,N
WeldingTest_01_OK,2022-02-10 13:29:45.763,39,30,19.4,38,650,682,0,688.0006063384444,-6.000606338444413,-2.0192654454897943,0,0.018679561201894783,,N
WeldingTest_01_OK,2022-02-10 13:37:32.246,1,250,241.1,82,1154,1661,0,1679.3760170564362,-18.37601705643624,-2.291059826795843,0,0.031741308764891174,,N
WeldingTest_01_OK,2022-02-10 13:37:35.562,2,250,241.2,83,1670,1687,0,1704.5159551916302,-17.515955191630155,-1.9756701416098148,0,0.017146605961034997,,N
WeldingTest_01_OK,2022-02-10 13:37:38.368,3,250,241.1,82,1153,1669,0,1687.0000658542688,-18.00006585426877,-2.243365605066052,0,0.028937042284513805,,N
WeldingTest_01_OK,2022-02-10 13:37:41.638,4,250,241.2,83,1670,1692,0,1708.9999966770276,-16.99999667702764,-1.9149410318329718,0,0.015215353967636736,,N
WeldingTest_01_OK,2022-02-10 13:37:44.380,5,250,241.1,82,1154,1671,0,1689.0246460370001,-18.02464603700014,-2.2464839158430623,0,0.02911280520990818,,N
WeldingTest_01_OK,2022-02-10 13:37:47.638,6,250,241.2,83,1670,1695,0,1712.029134968304,-17.029134968304106,-1.9183706534780405,0,0.015318474316666093,,N
WeldingTest_01_OK,2022-02-10 13:37:53.344,7,250,241.1,82,1153,1670,0,1687.9999985928248,-17.999998592824795,-2.2433570720910163,0,0.02893656274046461,,N
WeldingTest_01_OK,2022-02-10 13:37:56.588,8,250,241.2,83,1670,1695,0,1711.9999942256752,-16.99999422567521,-1.9149407433050252,0,0.015215345321121962,,N
WeldingTest_01_OK,2022-02-10 13:37:59.406,9,250,241.1,82,1154,1674,0,1692.000000006275,-18.00000000627506,-2.2433572514052726,0,0.028936572817654268,,N
WeldingTest_01_OK,2022-02-10 13:38:02.636,10,250,241.2,83,1670,1698,0,1714.011058058723,-16.011058058722938,-1.7985414372650783,0,0.0120935336194864,,N
WeldingTest_01_OK,2022-02-10 13:38:05.406,11,250,241.1,82,1154,1677,0,1693.077006948619,-16.0770069486191,-1.9994009699838435,0,0.01796506119526526,,N
WeldingTest_01_OK,2022-02-10 13:38:08.654,12,250,241.2,83,1670,1699,0,1716.0000403355489,-17.000040335548874,-1.9149461705079889,0,0.015215507962644164,,N
WeldingTest_01_OK,2022-02-10 13:38:13.140,13,30,19.4,38,650,682,0,688.0006063384444,-6.000606338444413,-2.0192654454897943,0,0.018679561201894783,,N
WeldingTest_01_OK,2022-02-10 13:38:14.912,14,30,19.4,38,650,682,0,688.0006063384444,-6.000606338444413,-2.0192654454897943,0,0.018679561201894783,,N
WeldingTest_01_OK,2022-02-10 13:38:17.888,15,30,19.4,38,650,682,0,688.0006063384444,-6.000606338444413,-2.0192654454897943,0,0.018679561201894783,,N
WeldingTest_01_OK,2022-02-10 13:38:21.275,16,30,19.4,38,650,682,0,688.0006063384444,-6.000606338444413,-2.0192654454897943,0,0.018679561201894783,,N
WeldingTest_01_OK,2022-02-10 13:38:23.041,17,30,19.4,38,650,682,0,688.0006063384444,-6.000606338444413,-2.0192654454897943,0,0.018679561201894783,,N
WeldingTest_01_OK,2022-02-10 13:38:24.747,18,30,19.4,38,650,682,0,688.0006063384444,-6.000606338444413,-2.0192654454897943,0,0.018679561201894783,,N
WeldingTest_01_OK,2022-02-10 13:38:45.401,19,250,241.1,83,1670,1690,0,1707.000103955623,-17.00010395562299,-1.9149536586884446,0,0.015215732370009625,,N
WeldingTest_01_OK,2022-02-10 13:38:48.049,20,250,241.2,82,1154,1673,0,1689.0001549203207,-16.00015492032071,-1.989651306578286,0,0.01762426196713884,,N
WeldingTest_01_OK,2022-02-10 13:38:51.543,21,250,241.1,83,1670,1697,0,1712.3737369702349,-15.373736970234859,-1.723527766106446,0,0.010426282629246476,,N
WeldingTest_01_OK,2022-02-10 13:38:54.085,22,250,241.2,82,1154,1677,0,1692.099787412438,-15.09978741243799,-1.8754281645543143,0,0.01407550570912607,,N
WeldingTest_01_OK,2022-02-10 13:38:57.545,23,250,241.1,83,1670,1699,0,1714.000016164169,-15.000016164168983,-1.679540253127909,0,0.009556611477923933,,N
WeldingTest_01_OK,2022-02-10 13:39:00.147,24,250,241.2,82,1154,1679,0,1693.9999960126588,-14.999996012658812,-1.862768348279344,0,0.013728424233375001,,N
WeldingTest_01_OK,2022-02-10 13:39:06.579,25,250,241.1,83,1670,1697,0,1712.9966966279746,-15.996696627974643,-1.7968510748041786,0,0.012053209703825838,,N
WeldingTest_01_OK,2022-02-10 13:39:09.277,26,250,241.2,82,1154,1678,0,1693.0000140611949,-15.000014061194861,-1.862770637967142,0,0.013728486238050749,,N
WeldingTest_01_OK,2022-02-10 13:39:12.745,27,250,241.1,83,1670,1700,0,1716.0029705464842,-16.00297054648422,-1.7975895246506601,0,0.012070809201601864,,N
WeldingTest_01_OK,2022-02-10 13:39:15.439,28,250,241.2,82,1154,1680,0,1694.999985710131,-14.999985710131114,-1.8627670412718451,0,0.013728388839775599,,N
WeldingTest_01_OK,2022-02-10 13:39:18.909,29,250,241.1,83,1670,1702,0,1716.999967777064,-14.999967777064057,-1.6795345578913279,0,0.00955650366447817,,N
WeldingTest_01_OK,2022-02-10 13:39:21.551,30,250,241.2,82,1154,1682,0,1696.988693652646,-14.988693652645907,-1.861334499254743,0,0.013689649828684303,,N
WeldingTest_01_OK,2022-02-10 13:39:25.843,31,30,19.4,38,650,683,0,688.0006063384444,-5.000606338444413,-1.6827212385847747,0,0.009617017605510333,,N
WeldingTest_01_OK,2022-02-10 13:39:27.335,32,30,19.4,38,650,682,0,688.0006063384444,-6.000606338444413,-2.0192654454897943,0,0.018679561201894783,,N
WeldingTest_01_OK,2022-02-10 13:39:30.397,33,30,19.4,38,650,682,0,688.0006063384444,-6.000606338444413,-2.0192654454897943,0,0.018679561201894783,,N
WeldingTest_01_OK,2022-02-10 13:39:32.153,34,30,19.4,38,650,682,0,688.0006063384444,-6.000606338444413,-2.0192654454897943,0,0.018679561201894783,,N
WeldingTest_01_OK,2022-02-10 13:39:35.701,35,30,19.4,38,650,682,0,688.0006063384444,-6.000606338444413,-2.0192654454897943,0,0.018679561201894783,,N
WeldingTest_01_OK,2022-02-10 13:39:37.399,36,30,19.4,38,650,682,0,688.0006063384444,-6.000606338444413,-2.0192654454897943,0,0.018679561201894783,,N
WeldingTest_01_OK,2022-02-10 13:39:39.115,37,30,19.4,38,650,682,0,688.0006063384444,-6.000606338444413,-2.0192654454897943,0,0.018679561201894783,,N
WeldingTest_01_OK,2022-02-10 13:39:42.089,38,30,19.4,38,650,682,0,688.0006063384444,-6.000606338444413,-2.0192654454897943,0,0.018679561201894783,,N
WeldingTest_01_OK,2022-02-10 13:39:43.589,39,30,19.4,38,650,682,0,688.0006063384444,-6.000606338444413,-2.0192654454897943,0,0.018679561201894783,,N
WeldingTest_01_OK,2022-02-10 13:40:53.247,1,250,241.1,82,1154,1666,0,1679.3760170564362,-13.37601705643624,-1.6567458326548528,0,0.009134608750412332,,N
WeldingTest_01_OK,2022-02-10 13:40:56.691,2,250,241.2,83,1670,1692,0,1704.5159551916302,-12.515955191630155,-1.3871624606809778,0,0.005347974410351919,,N
WeldingTest_01_OK,2022-02-10 13:40:59.497,3,250,241.1,82,1153,1673,0,1687.0000658542688,-14.000065854268769,-1.7359144097532597,0,0.010685007560108224,,N
WeldingTest_01_OK,2022-02-10 13:41:02.745,4,250,241.2,83,1670,1697,0,1708.9999966770276,-11.999996677027639,-1.3264333509041348,0,0.004739214952482194,,N
WeldingTest_01_OK,2022-02-10 13:41:05.603,5,250,241.1,82,1154,1675,0,1689.0246460370001,-14.024646037000139,-1.7390327205302698,0,0.010751135463666081,,N
WeldingTest_01_OK,2022-02-10 13:41:08.877,6,250,241.2,83,1670,1699,0,1712.029134968304,-13.029134968304106,-1.447564508734971,0,0.006030533648218996,,N
WeldingTest_01_OK,2022-02-10 13:41:14.653,7,250,241.1,82,1153,1673,0,1687.9999985928248,-14.999998592824795,-1.8627686756064221,0,0.013728433097365383,,N
WeldingTest_01_OK,2022-02-10 13:41:17.919,8,250,241.2,83,1670,1698,0,1711.9999942256752,-13.99999422567521,-1.561836134747723,0,0.007567263489569633,,N
WeldingTest_01_OK,2022-02-10 13:41:20.675,9,250,241.1,82,1154,1678,0,1692.000000006275,-14.000000006275059,-1.7359060560924804,0,0.010684830951159515,,N
WeldingTest_01_OK,2022-02-10 13:41:23.949,10,250,241.2,83,1670,1700,0,1714.011058058723,-14.011058058722938,-1.5631383648935435,0,0.0075868480929979125,,N
WeldingTest_01_OK,2022-02-10 13:41:26.795,11,250,241.1,82,1154,1679,0,1693.077006948619,-14.0770069486191,-1.7456753723274472,0,0.010893354259789748,,N
WeldingTest_01_OK,2022-02-10 13:41:30.163,12,250,241.2,83,1670,1702,0,1716.0000403355489,-14.000040335548874,-1.5618415619506867,0,0.007567345006594005,,N
WeldingTest_01_OK,2022-02-10 13:41:34.737,13,30,19.4,38,650,683,0,688.0006063384444,-5.000606338444413,-1.6827212385847747,0,0.009617017605510333,,N
WeldingTest_01_OK,2022-02-10 13:41:36.397,14,30,19.4,38,650,682,0,688.0006063384444,-6.000606338444413,-2.0192654454897943,0,0.018679561201894783,,N
WeldingTest_01_OK,2022-02-10 13:41:39.325,15,30,19.4,38,650,683,0,688.0006063384444,-5.000606338444413,-1.6827212385847747,0,0.009617017605510333,,N
WeldingTest_01_OK,2022-02-10 13:41:42.625,16,30,19.4,38,650,682,0,688.0006063384444,-6.000606338444413,-2.0192654454897943,0,0.018679561201894783,,N
WeldingTest_01_OK,2022-02-10 13:41:44.333,17,30,19.4,38,650,682,0,688.0006063384444,-6.000606338444413,-2.0192654454897943,0,0.018679561201894783,,N
WeldingTest_01_OK,2022-02-10 13:41:45.997,18,30,19.4,38,650,682,0,688.0006063384444,-6.000606338444413,-2.0192654454897943,0,0.018679561201894783,,N
WeldingTest_01_OK,2022-02-10 13:42:06.839,19,250,241.1,83,1670,1692,0,1707.000103955623,-15.00010395562299,-1.6795505863169098,0,0.009556807093015852,,N
WeldingTest_01_OK,2022-02-10 13:42:09.511,20,250,241.2,82,1154,1675,0,1689.0001549203207,-14.00015492032071,-1.7359257089218896,0,0.010685246446115904,,N
WeldingTest_01_OK,2022-02-10 13:42:12.915,21,250,241.1,83,1670,1698,0,1712.3737369702349,-14.373736970234859,-1.6058262299206787,0,0.00825745150740416,,N
WeldingTest_01_OK,2022-02-10 13:42:15.503,22,250,241.2,82,1154,1678,0,1692.099787412438,-14.09978741243799,-1.7485653657261162,0,0.0109558082057945,,N
WeldingTest_01_OK,2022-02-10 13:42:18.983,23,250,241.1,83,1670,1700,0,1714.000016164169,-14.000016164168983,-1.5618387169421417,0,0.00756730227422851,,N
WeldingTest_01_OK,2022-02-10 13:42:21.645,24,250,241.2,82,1154,1680,0,1693.9999960126588,-13.999996012658812,-1.735905549451146,0,0.010684820240092834,,N
WeldingTest_01_OK,2022-02-10 13:42:28.305,25,250,241.1,83,1670,1698,0,1712.9966966279746,-14.996696627974643,-1.6791495386184112,0,0.009549217865338152,,N
WeldingTest_01_OK,2022-02-10 13:42:30.909,26,250,241.2,82,1154,1679,0,1693.0000140611949,-14.000014061194861,-1.7359078391389438,0,0.010684868647200188,,N
WeldingTest_01_OK,2022-02-10 13:42:34.375,27,250,241.1,83,1670,1702,0,1716.0029705464842,-14.002970546484221,-1.5621864522791253,0,0.007572527074704184,,N
WeldingTest_01_OK,2022-02-10 13:42:37.109,28,250,241.2,82,1154,1680,0,1694.999985710131,-14.999985710131114,-1.8627670412718451,0,0.013728388839775599,,N
WeldingTest_01_OK,2022-02-10 13:42:40.653,29,250,241.1,83,1670,1703,0,1716.999967777064,-13.999967777064057,-1.5618330217055605,0,0.0075672167318196325,,N
WeldingTest_01_OK,2022-02-10 13:42:43.195,30,250,241.2,82,1154,1682,0,1696.988693652646,-14.988693652645907,-1.861334499254743,0,0.013689649828684303,,N
WeldingTest_01_OK,2022-02-10 13:42:47.583,31,30,19.4,38,650,683,0,688.0006063384444,-5.000606338444413,-1.6827212385847747,0,0.009617017605510333,,N
WeldingTest_01_OK,2022-02-10 13:42:49.101,32,30,19.4,38,650,682,0,688.0006063384444,-6.000606338444413,-2.0192654454897943,0,0.018679561201894783,,N
WeldingTest_01_OK,2022-02-10 13:42:52.179,33,30,19.4,38,650,683,0,688.0006063384444,-5.000606338444413,-1.6827212385847747,0,0.009617017605510333,,N
WeldingTest_01_OK,2022-02-10 13:42:53.947,34,30,19.4,38,650,682,0,688.0006063384444,-6.000606338444413,-2.0192654454897943,0,0.018679561201894783,,N
WeldingTest_01_OK,2022-02-10 13:42:57.495,35,30,19.4,38,650,683,0,688.0006063384444,-5.000606338444413,-1.6827212385847747,0,0.009617017605510333,,N
WeldingTest_01_OK,2022-02-10 13:42:59.233,36,30,19.4,38,650,682,0,688.0006063384444,-6.000606338444413,-2.0192654454897943,0,0.018679561201894783,,N
WeldingTest_01_OK,2022-02-10 13:43:00.885,37,30,19.4,38,650,682,0,688.0006063384444,-6.000606338444413,-2.0192654454897943,0,0.018679561201894783,,N
WeldingTest_01_OK,2022-02-10 13:43:03.901,38,30,19.4,38,650,683,0,688.0006063384444,-5.000606338444413,-1.6827212385847747,0,0.009617017605510333,,N
WeldingTest_01_OK,2022-02-10 13:43:05.407,39,30,19.4,38,650,682,0,688.0006063384444,-6.000606338444413,-2.0192654454897943,0,0.018679561201894783,,N
WeldingTest_01_OK,2022-02-10 13:47:45.042,1,250,241.1,82,1154,1662,0,1679.3760170564362,-17.37601705643624,-2.1641970279676452,0,0.024804667664138552,,N
WeldingTest_01_OK,2022-02-10 13:47:48.368,2,250,241.2,83,1670,1687,0,1704.5159551916302,-17.515955191630155,-1.9756701416098148,0,0.017146605961034997,,N
WeldingTest_01_OK,2022-02-10 13:47:51.182,3,250,241.1,82,1153,1669,0,1687.0000658542688,-18.00006585426877,-2.243365605066052,0,0.028937042284513805,,N
WeldingTest_01_OK,2022-02-10 13:47:54.554,4,250,241.2,83,1670,1692,0,1708.9999966770276,-16.99999667702764,-1.9149410318329718,0,0.015215353967636736,,N
WeldingTest_01_OK,2022-02-10 13:47:57.444,5,250,241.1,82,1154,1671,0,1689.0246460370001,-18.02464603700014,-2.2464839158430623,0,0.02911280520990818,,N
WeldingTest_01_OK,2022-02-10 13:48:00.864,6,250,241.2,83,1670,1695,0,1712.029134968304,-17.029134968304106,-1.9183706534780405,0,0.015318474316666093,,N
WeldingTest_01_OK,2022-02-10 13:48:06.720,7,250,241.1,82,1153,1670,0,1687.9999985928248,-17.999998592824795,-2.2433570720910163,0,0.02893656274046461,,N
WeldingTest_01_OK,2022-02-10 13:48:09.934,8,250,241.2,83,1670,1695,0,1711.9999942256752,-16.99999422567521,-1.9149407433050252,0,0.015215345321121962,,N
WeldingTest_01_OK,2022-02-10 13:48:12.690,9,250,241.1,82,1154,1675,0,1692.000000006275,-17.00000000627506,-2.116494452577075,0,0.022598563884185442,,N
WeldingTest_01_OK,2022-02-10 13:48:15.948,10,250,241.2,83,1670,1698,0,1714.011058058723,-16.011058058722938,-1.7985414372650783,0,0.0120935336194864,,N
WeldingTest_01_OK,2022-02-10 13:48:18.822,11,250,241.1,82,1154,1677,0,1693.077006948619,-16.0770069486191,-1.9994009699838435,0,0.01796506119526526,,N
WeldingTest_01_OK,2022-02-10 13:48:22.042,12,250,241.2,83,1670,1700,0,1716.0000403355489,-16.000040335548874,-1.7972446343222215,0,0.01206258626287463,,N
WeldingTest_01_OK,2022-02-10 13:48:26.654,13,30,19.4,38,650,682,0,688.0006063384444,-6.000606338444413,-2.0192654454897943,0,0.018679561201894783,,N
WeldingTest_01_OK,2022-02-10 13:48:28.452,14,30,19.4,38,650,682,0,688.0006063384444,-6.000606338444413,-2.0192654454897943,0,0.018679561201894783,,N
WeldingTest_01_OK,2022-02-10 13:48:31.462,15,30,19.4,38,650,682,0,688.0006063384444,-6.000606338444413,-2.0192654454897943,0,0.018679561201894783,,N
WeldingTest_01_OK,2022-02-10 13:48:34.854,16,30,19.4,38,650,682,0,688.0006063384444,-6.000606338444413,-2.0192654454897943,0,0.018679561201894783,,N
WeldingTest_01_OK,2022-02-10 13:48:36.634,17,30,19.4,38,650,682,0,688.0006063384444,-6.000606338444413,-2.0192654454897943,0,0.018679561201894783,,N
WeldingTest_01_OK,2022-02-10 13:48:38.348,18,30,19.4,38,650,682,0,688.0006063384444,-6.000606338444413,-2.0192654454897943,0,0.018679561201894783,,N
WeldingTest_01_OK,2022-02-10 13:48:58.802,19,250,241.1,83,1670,1690,0,1707.000103955623,-17.00010395562299,-1.9149536586884446,0,0.015215732370009625,,N
WeldingTest_01_OK,2022-02-10 13:49:01.510,20,250,241.2,82,1154,1673,0,1689.0001549203207,-16.00015492032071,-1.989651306578286,0,0.01762426196713884,,N
WeldingTest_01_OK,2022-02-10 13:49:04.958,21,250,241.1,83,1670,1697,0,1712.3737369702349,-15.373736970234859,-1.723527766106446,0,0.010426282629246476,,N
WeldingTest_01_OK,2022-02-10 13:49:07.644,22,250,241.2,82,1154,1677,0,1692.099787412438,-15.09978741243799,-1.8754281645543143,0,0.01407550570912607,,N
WeldingTest_01_OK,2022-02-10 13:49:11.174,23,250,241.1,83,1670,1699,0,1714.000016164169,-15.000016164168983,-1.679540253127909,0,0.009556611477923933,,N
WeldingTest_01_OK,2022-02-10 13:49:13.820,24,250,241.2,82,1154,1679,0,1693.9999960126588,-14.999996012658812,-1.862768348279344,0,0.013728424233375001,,N
WeldingTest_01_OK,2022-02-10 13:49:20.230,25,250,241.1,83,1670,1697,0,1712.9966966279746,-15.996696627974643,-1.7968510748041786,0,0.012053209703825838,,N
WeldingTest_01_OK,2022-02-10 13:49:22.870,26,250,241.2,82,1154,1678,0,1693.0000140611949,-15.000014061194861,-1.862770637967142,0,0.013728486238050749,,N
WeldingTest_01_OK,2022-02-10 13:49:26.370,27,250,241.1,83,1670,1700,0,1716.0029705464842,-16.00297054648422,-1.7975895246506601,0,0.012070809201601864,,N
WeldingTest_01_OK,2022-02-10 13:49:29.046,28,250,241.2,82,1154,1680,0,1694.999985710131,-14.999985710131114,-1.8627670412718451,0,0.013728388839775599,,N
WeldingTest_01_OK,2022-02-10 13:49:32.604,29,250,241.1,83,1670,1702,0,1716.999967777064,-14.999967777064057,-1.6795345578913279,0,0.00955650366447817,,N
WeldingTest_01_OK,2022-02-10 13:49:35.200,30,250,241.2,82,1154,1682,0,1696.988693652646,-14.988693652645907,-1.861334499254743,0,0.013689649828684303,,N
WeldingTest_01_OK,2022-02-10 13:49:39.458,31,30,19.4,38,650,683,0,688.0006063384444,-5.000606338444413,-1.6827212385847747,0,0.009617017605510333,,N
WeldingTest_01_OK,2022-02-10 13:49:41.086,32,30,19.4,38,650,682,0,688.0006063384444,-6.000606338444413,-2.0192654454897943,0,0.018679561201894783,,N
WeldingTest_01_OK,2022-02-10 13:49:44.208,33,30,19.4,38,650,683,0,688.0006063384444,-5.000606338444413,-1.6827212385847747,0,0.009617017605510333,,N
WeldingTest_01_OK,2022-02-10 13:49:45.958,34,30,19.4,38,650,682,0,688.0006063384444,-6.000606338444413,-2.0192654454897943,0,0.018679561201894783,,N
WeldingTest_01_OK,2022-02-10 13:49:49.518,35,30,19.4,38,650,682,0,688.0006063384444,-6.000606338444413,-2.0192654454897943,0,0.018679561201894783,,N
WeldingTest_01_OK,2022-02-10 13:49:51.192,36,30,19.4,38,650,682,0,688.0006063384444,-6.000606338444413,-2.0192654454897943,0,0.018679561201894783,,N
WeldingTest_01_OK,2022-02-10 13:49:52.924,37,30,19.4,38,650,682,0,688.0006063384444,-6.000606338444413,-2.0192654454897943,0,0.018679561201894783,,N
WeldingTest_01_OK,2022-02-10 13:49:55.880,38,30,19.4,38,650,682,0,688.0006063384444,-6.000606338444413,-2.0192654454897943,0,0.018679561201894783,,N
WeldingTest_01_OK,2022-02-10 13:49:57.424,39,30,19.4,38,650,682,0,688.0006063384444,-6.000606338444413,-2.0192654454897943,0,0.018679561201894783,,N
WeldingTest_01_OK,2022-02-10 13:58:12.761,1,250,241.1,82,1154,1661,0,1679.3760170564362,-18.37601705643624,-2.291059826795843,0,0.031741308764891174,,N
WeldingTest_01_OK,2022-02-10 13:58:16.061,2,250,241.2,83,1670,1687,0,1704.5159551916302,-17.515955191630155,-1.9756701416098148,0,0.017146605961034997,,N
WeldingTest_01_OK,2022-02-10 13:58:18.857,3,250,241.1,82,1153,1669,0,1687.0000658542688,-18.00006585426877,-2.243365605066052,0,0.028937042284513805,,N
WeldingTest_01_OK,2022-02-10 13:58:22.109,4,250,241.2,83,1670,1692,0,1708.9999966770276,-16.99999667702764,-1.9149410318329718,0,0.015215353967636736,,N
WeldingTest_01_OK,2022-02-10 13:58:24.887,5,250,241.1,82,1154,1671,0,1689.0246460370001,-18.02464603700014,-2.2464839158430623,0,0.02911280520990818,,N
WeldingTest_01_OK,2022-02-10 13:58:28.137,6,250,241.2,83,1670,1695,0,1712.029134968304,-17.029134968304106,-1.9183706534780405,0,0.015318474316666093,,N
WeldingTest_01_OK,2022-02-10 13:58:33.957,7,250,241.1,82,1153,1670,0,1687.9999985928248,-17.999998592824795,-2.2433570720910163,0,0.02893656274046461,,N
WeldingTest_01_OK,2022-02-10 13:58:37.269,8,250,241.2,83,1670,1695,0,1711.9999942256752,-16.99999422567521,-1.9149407433050252,0,0.015215345321121962,,N
WeldingTest_01_OK,2022-02-10 13:58:40.099,9,250,241.1,82,1154,1675,0,1692.000000006275,-17.00000000627506,-2.116494452577075,0,0.022598563884185442,,N
WeldingTest_01_OK,2022-02-10 13:58:43.303,10,250,241.2,83,1670,1698,0,1714.011058058723,-16.011058058722938,-1.7985414372650783,0,0.0120935336194864,,N
WeldingTest_01_OK,2022-02-10 13:58:46.073,11,250,241.1,82,1154,1677,0,1693.077006948619,-16.0770069486191,-1.9994009699838435,0,0.01796506119526526,,N
WeldingTest_01_OK,2022-02-10 13:58:49.437,12,250,241.2,83,1670,1699,0,1716.0000403355489,-17.000040335548874,-1.9149461705079889,0,0.015215507962644164,,N
WeldingTest_01_OK,2022-02-10 13:58:53.935,13,30,19.4,38,650,682,0,688.0006063384444,-6.000606338444413,-2.0192654454897943,0,0.018679561201894783,,N
WeldingTest_01_OK,2022-02-10 13:58:55.611,14,30,19.4,38,650,682,0,688.0006063384444,-6.000606338444413,-2.0192654454897943,0,0.018679561201894783,,N
WeldingTest_01_OK,2022-02-10 13:58:58.551,15,30,19.4,38,650,682,0,688.0006063384444,-6.000606338444413,-2.0192654454897943,0,0.018679561201894783,,N
WeldingTest_01_OK,2022-02-10 13:59:01.929,16,30,19.4,38,650,682,0,688.0006063384444,-6.000606338444413,-2.0192654454897943,0,0.018679561201894783,,N
WeldingTest_01_OK,2022-02-10 13:59:03.611,17,30,19.4,38,650,682,0,688.0006063384444,-6.000606338444413,-2.0192654454897943,0,0.018679561201894783,,N
WeldingTest_01_OK,2022-02-10 13:59:05.311,18,30,19.4,38,650,682,0,688.0006063384444,-6.000606338444413,-2.0192654454897943,0,0.018679561201894783,,N
WeldingTest_01_OK,2022-02-10 13:59:26.019,19,250,241.1,83,1670,1690,0,1707.000103955623,-17.00010395562299,-1.9149536586884446,0,0.015215732370009625,,N
WeldingTest_01_OK,2022-02-10 13:59:28.607,20,250,241.2,82,1154,1673,0,1689.0001549203207,-16.00015492032071,-1.989651306578286,0,0.01762426196713884,,N
WeldingTest_01_OK,2022-02-10 13:59:32.066,21,250,241.1,83,1670,1697,0,1712.3737369702349,-15.373736970234859,-1.723527766106446,0,0.010426282629246476,,N
WeldingTest_01_OK,2022-02-10 13:59:34.710,22,250,241.2,82,1154,1677,0,1692.099787412438,-15.09978741243799,-1.8754281645543143,0,0.01407550570912607,,N
WeldingTest_01_OK,2022-02-10 13:59:38.162,23,250,241.1,83,1670,1699,0,1714.000016164169,-15.000016164168983,-1.679540253127909,0,0.009556611477923933,,N
WeldingTest_01_OK,2022-02-10 13:59:40.816,24,250,241.2,82,1154,1678,0,1693.9999960126588,-15.999996012658812,-1.989631147107542,0,0.017623563912780586,,N
WeldingTest_01_OK,2022-02-10 13:59:47.240,25,250,241.1,83,1670,1697,0,1712.9966966279746,-15.996696627974643,-1.7968510748041786,0,0.012053209703825838,,N
WeldingTest_01_OK,2022-02-10 13:59:50.012,26,250,241.2,82,1154,1678,0,1693.0000140611949,-15.000014061194861,-1.862770637967142,0,0.013728486238050749,,N
WeldingTest_01_OK,2022-02-10 13:59:53.464,27,250,241.1,83,1670,1700,0,1716.0029705464842,-16.00297054648422,-1.7975895246506601,0,0.012070809201601864,,N
WeldingTest_01_OK,2022-02-10 13:59:56.126,28,250,241.2,82,1154,1680,0,1694.999985710131,-14.999985710131114,-1.8627670412718451,0,0.013728388839775599,,N
WeldingTest_01_OK,2022-02-10 13:59:59.586,29,250,241.1,83,1670,1702,0,1716.999967777064,-14.999967777064057,-1.6795345578913279,0,0.00955650366447817,,N
WeldingTest_01_OK,2022-02-10 14:00:02.206,30,250,241.2,82,1154,1680,0,1696.988693652646,-16.988693652645907,-2.1150600969111393,0,0.02253528686764939,,N
WeldingTest_01_OK,2022-02-10 14:00:06.666,31,30,19.4,38,650,683,0,688.0006063384444,-5.000606338444413,-1.6827212385847747,0,0.009617017605510333,,N
WeldingTest_01_OK,2022-02-10 14:00:08.204,32,30,19.4,38,650,682,0,688.0006063384444,-6.000606338444413,-2.0192654454897943,0,0.018679561201894783,,N
WeldingTest_01_OK,2022-02-10 14:00:11.294,33,30,19.4,38,650,683,0,688.0006063384444,-5.000606338444413,-1.6827212385847747,0,0.009617017605510333,,N
WeldingTest_01_OK,2022-02-10 14:00:13.060,34,30,19.4,38,650,682,0,688.0006063384444,-6.000606338444413,-2.0192654454897943,0,0.018679561201894783,,N
WeldingTest_01_OK,2022-02-10 14:00:16.602,35,30,19.4,38,650,682,0,688.0006063384444,-6.000606338444413,-2.0192654454897943,0,0.018679561201894783,,N
WeldingTest_01_OK,2022-02-10 14:00:18.272,36,30,19.4,38,650,682,0,688.0006063384444,-6.000606338444413,-2.0192654454897943,0,0.018679561201894783,,N
WeldingTest_01_OK,2022-02-10 14:00:20.006,37,30,19.4,38,650,682,0,688.0006063384444,-6.000606338444413,-2.0192654454897943,0,0.018679561201894783,,N
WeldingTest_01_OK,2022-02-10 14:00:22.982,38,30,19.4,38,650,682,0,688.0006063384444,-6.000606338444413,-2.0192654454897943,0,0.018679561201894783,,N
WeldingTest_01_OK,2022-02-10 14:00:24.488,39,30,19.4,38,650,682,0,688.0006063384444,-6.000606338444413,-2.0192654454897943,0,0.018679561201894783,,N
WeldingTest_01_OK,2022-02-10 14:01:48.456,1,250,241.1,82,1154,1665,0,1679.3760170564362,-14.37601705643624,-1.7836086314830508,0,0.011741871224911007,,N
WeldingTest_01_OK,2022-02-10 14:01:51.750,2,250,241.2,83,1670,1690,0,1704.5159551916302,-14.515955191630155,-1.6225655330525126,0,0.00853617934236074,,N
WeldingTest_01_OK,2022-02-10 14:01:54.468,3,250,241.1,82,1153,1671,0,1687.0000658542688,-16.00006585426877,-1.9896400074096559,0,0.017623870711761705,,N
WeldingTest_01_OK,2022-02-10 14:01:57.772,4,250,241.2,83,1670,1695,0,1708.9999966770276,-13.999996677027639,-1.5618364232756696,0,0.007567267823260635,,N
WeldingTest_01_OK,2022-02-10 14:02:00.592,5,250,241.1,82,1154,1674,0,1689.0246460370001,-15.024646037000139,-1.8658955193584679,0,0.013813365798905075,,N
WeldingTest_01_OK,2022-02-10 14:02:03.846,6,250,241.2,83,1670,1698,0,1712.029134968304,-14.029134968304106,-1.5652660449207383,0,0.00761895515219327,,N
WeldingTest_01_OK,2022-02-10 14:02:09.670,7,250,241.1,82,1153,1673,0,1687.9999985928248,-14.999998592824795,-1.8627686756064221,0,0.013728433097365383,,N
WeldingTest_01_OK,2022-02-10 14:02:12.956,8,250,241.2,83,1670,1698,0,1711.9999942256752,-13.99999422567521,-1.561836134747723,0,0.007567263489569633,,N
WeldingTest_01_OK,2022-02-10 14:02:15.788,9,250,241.1,82,1154,1678,0,1692.000000006275,-14.000000006275059,-1.7359060560924804,0,0.010684830951159515,,N
WeldingTest_01_OK,2022-02-10 14:02:19.034,10,250,241.2,83,1670,1700,0,1714.011058058723,-14.011058058722938,-1.5631383648935435,0,0.0075868480929979125,,N
WeldingTest_01_OK,2022-02-10 14:02:21.770,11,250,241.1,82,1154,1679,0,1693.077006948619,-14.0770069486191,-1.7456753723274472,0,0.010893354259789748,,N
WeldingTest_01_OK,2022-02-10 14:02:25.068,12,250,241.2,83,1670,1702,0,1716.0000403355489,-14.000040335548874,-1.5618415619506867,0,0.007567345006594005,,N
WeldingTest_01_OK,2022-02-10 14:02:29.518,13,30,19.4,38,650,683,0,688.0006063384444,-5.000606338444413,-1.6827212385847747,0,0.009617017605510333,,N
WeldingTest_01_OK,2022-02-10 14:02:31.214,14,30,19.4,38,650,682,0,688.0006063384444,-6.000606338444413,-2.0192654454897943,0,0.018679561201894783,,N
WeldingTest_01_OK,2022-02-10 14:02:34.138,15,30,19.4,38,650,683,0,688.0006063384444,-5.000606338444413,-1.6827212385847747,0,0.009617017605510333,,N
WeldingTest_01_OK,2022-02-10 14:02:37.472,16,30,19.4,38,650,682,0,688.0006063384444,-6.000606338444413,-2.0192654454897943,0,0.018679561201894783,,N
WeldingTest_01_OK,2022-02-10 14:02:39.186,17,30,19.4,38,650,682,0,688.0006063384444,-6.000606338444413,-2.0192654454897943,0,0.018679561201894783,,N
WeldingTest_01_OK,2022-02-10 14:02:40.910,18,30,19.4,38,650,682,0,688.0006063384444,-6.000606338444413,-2.0192654454897943,0,0.018679561201894783,,N
WeldingTest_01_OK,2022-02-10 14:03:01.434,19,250,241.1,83,1670,1692,0,1707.000103955623,-15.00010395562299,-1.6795505863169098,0,0.009556807093015852,,N
WeldingTest_01_OK,2022-02-10 14:03:04.080,20,250,241.2,82,1154,1674,0,1689.0001549203207,-15.00015492032071,-1.8627885077500876,0,0.013728970160715663,,N
WeldingTest_01_OK,2022-02-10 14:03:07.532,21,250,241.1,83,1670,1698,0,1712.3737369702349,-14.373736970234859,-1.6058262299206787,0,0.00825745150740416,,N
WeldingTest_01_OK,2022-02-10 14:03:10.130,22,250,241.2,82,1154,1678,0,1692.099787412438,-14.09978741243799,-1.7485653657261162,0,0.0109558082057945,,N
WeldingTest_01_OK,2022-02-10 14:03:13.560,23,250,241.1,83,1670,1700,0,1714.000016164169,-14.000016164168983,-1.5618387169421417,0,0.00756730227422851,,N
WeldingTest_01_OK,2022-02-10 14:03:16.192,24,250,241.2,82,1154,1679,0,1693.9999960126588,-14.999996012658812,-1.862768348279344,0,0.013728424233375001,,N
WeldingTest_01_OK,2022-02-10 14:03:22.588,25,250,241.1,83,1670,1698,0,1712.9966966279746,-14.996696627974643,-1.6791495386184112,0,0.009549217865338152,,N
WeldingTest_01_OK,2022-02-10 14:03:25.264,26,250,241.2,82,1154,1679,0,1693.0000140611949,-14.000014061194861,-1.7359078391389438,0,0.010684868647200188,,N
WeldingTest_01_OK,2022-02-10 14:03:28.770,27,250,241.1,83,1670,1702,0,1716.0029705464842,-14.002970546484221,-1.5621864522791253,0,0.007572527074704184,,N
WeldingTest_01_OK,2022-02-10 14:03:31.424,28,250,241.2,82,1154,1680,0,1694.999985710131,-14.999985710131114,-1.8627670412718451,0,0.013728388839775599,,N
WeldingTest_01_OK,2022-02-10 14:03:34.922,29,250,241.1,83,1670,1703,0,1716.999967777064,-13.999967777064057,-1.5618330217055605,0,0.0075672167318196325,,N
WeldingTest_01_OK,2022-02-10 14:03:37.508,30,250,241.2,82,1154,1683,0,1696.988693652646,-13.988693652645907,-1.7344717004265449,0,0.01065454929097051,,N
WeldingTest_01_OK,2022-02-10 14:03:41.812,31,30,19.4,38,650,683,0,688.0006063384444,-5.000606338444413,-1.6827212385847747,0,0.009617017605510333,,N
WeldingTest_01_OK,2022-02-10 14:03:43.286,32,30,19.4,38,650,682,0,688.0006063384444,-6.000606338444413,-2.0192654454897943,0,0.018679561201894783,,N
WeldingTest_01_OK,2022-02-10 14:03:46.302,33,30,19.4,38,650,683,0,688.0006063384444,-5.000606338444413,-1.6827212385847747,0,0.009617017605510333,,N
WeldingTest_01_OK,2022-02-10 14:03:48.060,34,30,19.4,38,650,683,0,688.0006063384444,-5.000606338444413,-1.6827212385847747,0,0.009617017605510333,,N
WeldingTest_01_OK,2022-02-10 14:03:51.566,35,30,19.4,38,650,683,0,688.0006063384444,-5.000606338444413,-1.6827212385847747,0,0.009617017605510333,,N
WeldingTest_01_OK,2022-02-10 14:03:53.284,36,30,19.4,38,650,683,0,688.0006063384444,-5.000606338444413,-1.6827212385847747,0,0.009617017605510333,,N
WeldingTest_01_OK,2022-02-10 14:03:55.020,37,30,19.4,38,650,682,0,688.0006063384444,-6.000606338444413,-2.0192654454897943,0,0.018679561201894783,,N
WeldingTest_01_OK,2022-02-10 14:03:58.006,38,30,19.4,38,650,683,0,688.0006063384444,-5.000606338444413,-1.6827212385847747,0,0.009617017605510333,,N
WeldingTest_01_OK,2022-02-10 14:03:59.460,39,30,19.4,38,650,682,0,688.0006063384444,-6.000606338444413,-2.0192654454897943,0,0.018679561201894783,,N
WeldingTest_01_OK,2022-02-10 14:04:47.430,1,250,241.1,82,1154,1667,0,1679.3760170564362,-12.37601705643624,-1.5298830338266547,0,0.0071021239172372064,,N
WeldingTest_01_OK,2022-02-10 14:04:50.630,2,250,241.2,83,1670,1693,0,1704.5159551916302,-11.515955191630155,-1.2694609244952104,0,0.004230994860978531,,N
WeldingTest_01_OK,2022-02-10 14:04:53.406,3,250,241.1,82,1153,1674,0,1687.0000658542688,-13.000065854268769,-1.6090516109250617,0,0.008310446435601117,,N
WeldingTest_01_OK,2022-02-10 14:04:56.746,4,250,241.2,83,1670,1698,0,1708.9999966770276,-10.999996677027639,-1.2087318147183674,0,0.0037489018676576196,,N
WeldingTest_01_OK,2022-02-10 14:04:59.592,5,250,241.1,82,1154,1677,0,1689.0246460370001,-12.024646037000139,-1.4853071228738737,0,0.006500297908201265,,N
WeldingTest_01_OK,2022-02-10 14:05:02.802,6,250,241.2,83,1670,1700,0,1712.029134968304,-12.029134968304106,-1.3298629725492035,0,0.004771678476170952,,N
WeldingTest_01_OK,2022-02-10 14:05:08.674,7,250,241.1,82,1153,1674,0,1687.9999985928248,-13.999998592824795,-1.735905876778224,0,0.010684827160218192,,N
WeldingTest_01_OK,2022-02-10 14:05:11.978,8,250,241.2,83,1670,1699,0,1711.9999942256752,-12.99999422567521,-1.4441345985619556,0,0.005989553766933549,,N
WeldingTest_01_OK,2022-02-10 14:05:14.790,9,250,241.1,82,1154,1679,0,1692.000000006275,-13.000000006275059,-1.6090432572642823,0,0.008310308745297765,,N
WeldingTest_01_OK,2022-02-10 14:05:18.126,10,250,241.2,83,1670,1702,0,1714.011058058723,-12.011058058722938,-1.3277352925220087,0,0.0047515126834385794,,N
WeldingTest_01_OK,2022-02-10 14:05:20.900,11,250,241.1,82,1154,1680,0,1693.077006948619,-13.0770069486191,-1.6188125734992491,0,0.008472888170893483,,N
WeldingTest_01_OK,2022-02-10 14:05:24.140,12,250,241.2,83,1670,1703,0,1716.0000403355489,-13.000040335548874,-1.4441400257649193,0,0.005989618390928836,,N
WeldingTest_01_OK,2022-02-10 14:05:28.698,13,30,19.4,38,650,683,0,688.0006063384444,-5.000606338444413,-1.6827212385847747,0,0.009617017605510333,,N
WeldingTest_01_OK,2022-02-10 14:05:30.446,14,30,19.4,38,650,682,0,688.0006063384444,-6.000606338444413,-2.0192654454897943,0,0.018679561201894783,,N
WeldingTest_01_OK,2022-02-10 14:05:33.460,15,30,19.4,38,650,683,0,688.0006063384444,-5.000606338444413,-1.6827212385847747,0,0.009617017605510333,,N
WeldingTest_01_OK,2022-02-10 14:05:36.852,16,30,19.4,38,650,683,0,688.0006063384444,-5.000606338444413,-1.6827212385847747,0,0.009617017605510333,,N
WeldingTest_01_OK,2022-02-10 14:05:38.624,17,30,19.4,38,650,683,0,688.0006063384444,-5.000606338444413,-1.6827212385847747,0,0.009617017605510333,,N
WeldingTest_01_OK,2022-02-10 14:05:40.302,18,30,19.4,38,650,682,0,688.0006063384444,-6.000606338444413,-2.0192654454897943,0,0.018679561201894783,,N
WeldingTest_01_OK,2022-02-10 14:06:00.820,19,250,241.1,83,1670,1693,0,1707.000103955623,-14.00010395562299,-1.5618490501311424,0,0.007567457481096474,,N
WeldingTest_01_OK,2022-02-10 14:06:03.424,20,250,241.2,82,1154,1675,0,1689.0001549203207,-14.00015492032071,-1.7359257089218896,0,0.010685246446115904,,N
WeldingTest_01_OK,2022-02-10 14:06:06.824,21,250,241.1,83,1670,1699,0,1712.3737369702349,-13.373736970234859,-1.4881246937349113,0,0.006536791290953203,,N
WeldingTest_01_OK,2022-02-10 14:06:09.504,22,250,241.2,82,1154,1678,0,1692.099787412438,-14.09978741243799,-1.7485653657261162,0,0.0109558082057945,,N
WeldingTest_01_OK,2022-02-10 14:06:12.950,23,250,241.1,83,1670,1700,0,1714.000016164169,-14.000016164168983,-1.5618387169421417,0,0.00756730227422851,,N
WeldingTest_01_OK,2022-02-10 14:06:15.602,24,250,241.2,82,1154,1680,0,1693.9999960126588,-13.999996012658812,-1.735905549451146,0,0.010684820240092834,,N
WeldingTest_01_OK,2022-02-10 14:06:22.072,25,250,241.1,83,1670,1699,0,1712.9966966279746,-13.996696627974643,-1.5614480024326438,0,0.007561435970096422,,N
WeldingTest_01_OK,2022-02-10 14:06:24.712,26,250,241.2,82,1154,1680,0,1693.0000140611949,-13.000014061194861,-1.6090450403107457,0,0.008310338134403763,,N
WeldingTest_01_OK,2022-02-10 14:06:28.124,27,250,241.1,83,1670,1703,0,1716.0029705464842,-13.002970546484221,-1.444484916093358,0,0.005993726567325775,,N
WeldingTest_01_OK,2022-02-10 14:06:30.834,28,250,241.2,82,1154,1682,0,1694.999985710131,-12.999985710131114,-1.609041443615449,0,0.008310278851893196,,N
WeldingTest_01_OK,2022-02-10 14:06:34.325,29,250,241.1,83,1670,1704,0,1716.999967777064,-12.999967777064057,-1.444131485519793,0,0.005989516698939982,,N
WeldingTest_01_OK,2022-02-10 14:06:36.971,30,250,241.2,82,1154,1683,0,1696.988693652646,-13.988693652645907,-1.7344717004265449,0,0.01065454929097051,,N
WeldingTest_01_OK,2022-02-10 14:06:41.241,31,30,19.4,38,650,683,0,688.0006063384444,-5.000606338444413,-1.6827212385847747,0,0.009617017605510333,,N
WeldingTest_01_OK,2022-02-10 14:06:42.769,32,30,19.4,38,650,683,0,688.0006063384444,-5.000606338444413,-1.6827212385847747,0,0.009617017605510333,,N
WeldingTest_01_OK,2022-02-10 14:06:45.885,33,30,19.4,38,650,683,0,688.0006063384444,-5.000606338444413,-1.6827212385847747,0,0.009617017605510333,,N
WeldingTest_01_OK,2022-02-10 14:06:47.625,34,30,19.4,38,650,683,0,688.0006063384444,-5.000606338444413,-1.6827212385847747,0,0.009617017605510333,,N
WeldingTest_01_OK,2022-02-10 14:06:51.099,35,30,19.4,38,650,683,0,688.0006063384444,-5.000606338444413,-1.6827212385847747,0,0.009617017605510333,,N
WeldingTest_01_OK,2022-02-10 14:06:52.797,36,30,19.4,38,650,683,0,688.0006063384444,-5.000606338444413,-1.6827212385847747,0,0.009617017605510333,,N
WeldingTest_01_OK,2022-02-10 14:06:54.519,37,30,19.4,38,650,683,0,688.0006063384444,-5.000606338444413,-1.6827212385847747,0,0.009617017605510333,,N
WeldingTest_01_OK,2022-02-10 14:06:57.505,38,30,19.4,38,650,683,0,688.0006063384444,-5.000606338444413,-1.6827212385847747,0,0.009617017605510333,,N
WeldingTest_01_OK,2022-02-10 14:06:59.015,39,30,19.4,38,650,682,0,688.0006063384444,-6.000606338444413,-2.0192654454897943,0,0.018679561201894783,,N
WeldingTest_01_OK,2022-02-10 14:13:16.565,1,250,241.1,82,1154,1662,0,1679.3760170564362,-17.37601705643624,-2.1641970279676452,0,0.024804667664138552,,N
WeldingTest_01_OK,2022-02-10 14:13:19.845,2,250,241.2,83,1670,1687,0,1704.5159551916302,-17.515955191630155,-1.9756701416098148,0,0.017146605961034997,,N
WeldingTest_01_OK,2022-02-10 14:13:22.671,3,250,241.1,82,1153,1669,0,1687.0000658542688,-18.00006585426877,-2.243365605066052,0,0.028937042284513805,,N
WeldingTest_01_OK,2022-02-10 14:13:25.957,4,250,241.2,83,1670,1692,0,1708.9999966770276,-16.99999667702764,-1.9149410318329718,0,0.015215353967636736,,N
WeldingTest_01_OK,2022-02-10 14:13:28.759,5,250,241.1,82,1154,1671,0,1689.0246460370001,-18.02464603700014,-2.2464839158430623,0,0.02911280520990818,,N
WeldingTest_01_OK,2022-02-10 14:13:32.147,6,250,241.2,83,1670,1695,0,1712.029134968304,-17.029134968304106,-1.9183706534780405,0,0.015318474316666093,,N
WeldingTest_01_OK,2022-02-10 14:13:38.056,7,250,241.1,82,1153,1670,0,1687.9999985928248,-17.999998592824795,-2.2433570720910163,0,0.02893656274046461,,N
WeldingTest_01_OK,2022-02-10 14:13:41.426,8,250,241.2,83,1670,1695,0,1711.9999942256752,-16.99999422567521,-1.9149407433050252,0,0.015215345321121962,,N
WeldingTest_01_OK,2022-02-10 14:13:44.202,9,250,241.1,82,1154,1675,0,1692.000000006275,-17.00000000627506,-2.116494452577075,0,0.022598563884185442,,N
WeldingTest_01_OK,2022-02-10 14:13:47.404,10,250,241.2,83,1670,1698,0,1714.011058058723,-16.011058058722938,-1.7985414372650783,0,0.0120935336194864,,N
WeldingTest_01_OK,2022-02-10 14:13:50.156,11,250,241.1,82,1154,1678,0,1693.077006948619,-15.0770069486191,-1.8725381711556455,0,0.013995519477128947,,N
WeldingTest_01_OK,2022-02-10 14:13:53.504,12,250,241.2,83,1670,1699,0,1716.0000403355489,-17.000040335548874,-1.9149461705079889,0,0.015215507962644164,,N
WeldingTest_01_OK,2022-02-10 14:13:57.896,13,30,19.4,38,650,682,0,688.0006063384444,-6.000606338444413,-2.0192654454897943,0,0.018679561201894783,,N
WeldingTest_01_OK,2022-02-10 14:13:59.604,14,30,19.4,38,650,682,0,688.0006063384444,-6.000606338444413,-2.0192654454897943,0,0.018679561201894783,,N
WeldingTest_01_OK,2022-02-10 14:14:02.494,15,30,19.4,38,650,682,0,688.0006063384444,-6.000606338444413,-2.0192654454897943,0,0.018679561201894783,,N
WeldingTest_01_OK,2022-02-10 14:14:05.844,16,30,19.4,38,650,682,0,688.0006063384444,-6.000606338444413,-2.0192654454897943,0,0.018679561201894783,,N
WeldingTest_01_OK,2022-02-10 14:14:07.626,17,30,19.4,38,650,682,0,688.0006063384444,-6.000606338444413,-2.0192654454897943,0,0.018679561201894783,,N
WeldingTest_01_OK,2022-02-10 14:14:09.396,18,30,19.4,38,650,682,0,688.0006063384444,-6.000606338444413,-2.0192654454897943,0,0.018679561201894783,,N
WeldingTest_01_OK,2022-02-10 14:14:29.826,19,250,241.1,83,1670,1690,0,1707.000103955623,-17.00010395562299,-1.9149536586884446,0,0.015215732370009625,,N
WeldingTest_01_OK,2022-02-10 14:14:32.384,20,250,241.2,82,1154,1674,0,1689.0001549203207,-15.00015492032071,-1.8627885077500876,0,0.013728970160715663,,N
WeldingTest_01_OK,2022-02-10 14:14:35.848,21,250,241.1,83,1670,1697,0,1712.3737369702349,-15.373736970234859,-1.723527766106446,0,0.010426282629246476,,N
WeldingTest_01_OK,2022-02-10 14:14:38.486,22,250,241.2,82,1154,1677,0,1692.099787412438,-15.09978741243799,-1.8754281645543143,0,0.01407550570912607,,N
WeldingTest_01_OK,2022-02-10 14:14:41.942,23,250,241.1,83,1670,1699,0,1714.000016164169,-15.000016164168983,-1.679540253127909,0,0.009556611477923933,,N
WeldingTest_01_OK,2022-02-10 14:14:44.640,24,250,241.2,82,1154,1679,0,1693.9999960126588,-14.999996012658812,-1.862768348279344,0,0.013728424233375001,,N
WeldingTest_01_OK,2022-02-10 14:14:51.018,25,250,241.1,83,1670,1697,0,1712.9966966279746,-15.996696627974643,-1.7968510748041786,0,0.012053209703825838,,N
WeldingTest_01_OK,2022-02-10 14:14:53.660,26,250,241.2,82,1154,1678,0,1693.0000140611949,-15.000014061194861,-1.862770637967142,0,0.013728486238050749,,N
WeldingTest_01_OK,2022-02-10 14:14:57.122,27,250,241.1,83,1670,1700,0,1716.0029705464842,-16.00297054648422,-1.7975895246506601,0,0.012070809201601864,,N
WeldingTest_01_OK,2022-02-10 14:14:59.812,28,250,241.2,82,1154,1680,0,1694.999985710131,-14.999985710131114,-1.8627670412718451,0,0.013728388839775599,,N
WeldingTest_01_OK,2022-02-10 14:15:03.312,29,250,241.1,83,1670,1703,0,1716.999967777064,-13.999967777064057,-1.5618330217055605,0,0.0075672167318196325,,N
WeldingTest_01_OK,2022-02-10 14:15:05.908,30,250,241.2,82,1154,1682,0,1696.988693652646,-14.988693652645907,-1.861334499254743,0,0.013689649828684303,,N
WeldingTest_01_OK,2022-02-10 14:15:10.168,31,30,19.4,38,650,683,0,688.0006063384444,-5.000606338444413,-1.6827212385847747,0,0.009617017605510333,,N
WeldingTest_01_OK,2022-02-10 14:15:11.652,32,30,19.4,38,650,682,0,688.0006063384444,-6.000606338444413,-2.0192654454897943,0,0.018679561201894783,,N
WeldingTest_01_OK,2022-02-10 14:15:14.758,33,30,19.4,38,650,683,0,688.0006063384444,-5.000606338444413,-1.6827212385847747,0,0.009617017605510333,,N
WeldingTest_01_OK,2022-02-10 14:15:16.520,34,30,19.4,38,650,682,0,688.0006063384444,-6.000606338444413,-2.0192654454897943,0,0.018679561201894783,,N
WeldingTest_01_OK,2022-02-10 14:15:19.960,35,30,19.4,38,650,683,0,688.0006063384444,-5.000606338444413,-1.6827212385847747,0,0.009617017605510333,,N
WeldingTest_01_OK,2022-02-10 14:15:21.666,36,30,19.4,38,650,682,0,688.0006063384444,-6.000606338444413,-2.0192654454897943,0,0.018679561201894783,,N
WeldingTest_01_OK,2022-02-10 14:15:23.416,37,30,19.4,38,650,682,0,688.0006063384444,-6.000606338444413,-2.0192654454897943,0,0.018679561201894783,,N
WeldingTest_01_OK,2022-02-10 14:15:26.372,38,30,19.4,38,650,682,0,688.0006063384444,-6.000606338444413,-2.0192654454897943,0,0.018679561201894783,,N
WeldingTest_01_OK,2022-02-10 14:15:27.862,39,30,19.4,38,650,682,0,688.0006063384444,-6.000606338444413,-2.0192654454897943,0,0.018679561201894783,,N
WeldingTest_01_OK,2022-02-10 14:17:13.648,1,250,241.1,82,1154,1665,0,1679.3760170564362,-14.37601705643624,-1.7836086314830508,0,0.011741871224911007,,N
WeldingTest_01_OK,2022-02-10 14:17:16.958,2,250,241.2,83,1670,1689,0,1704.5159551916302,-15.515955191630155,-1.74026706923828,0,0.010777423152003118,,N
WeldingTest_01_OK,2022-02-10 14:17:19.774,3,250,241.1,82,1153,1671,0,1687.0000658542688,-16.00006585426877,-1.9896400074096559,0,0.017623870711761705,,N
WeldingTest_01_OK,2022-02-10 14:17:23.020,4,250,241.2,83,1670,1695,0,1708.9999966770276,-13.999996677027639,-1.5618364232756696,0,0.007567267823260635,,N
WeldingTest_01_OK,2022-02-10 14:17:25.790,5,250,241.1,82,1154,1674,0,1689.0246460370001,-15.024646037000139,-1.8658955193584679,0,0.013813365798905075,,N
WeldingTest_01_OK,2022-02-10 14:17:29.130,6,250,241.2,83,1670,1698,0,1712.029134968304,-14.029134968304106,-1.5652660449207383,0,0.00761895515219327,,N
WeldingTest_01_OK,2022-02-10 14:17:34.926,7,250,241.1,82,1153,1671,0,1687.9999985928248,-16.999998592824795,-2.1164942732628185,0,0.022598555962847263,,N
WeldingTest_01_OK,2022-02-10 14:17:38.258,8,250,241.2,83,1670,1697,0,1711.9999942256752,-14.99999422567521,-1.6795376709334904,0,0.009556562595647659,,N
WeldingTest_01_OK,2022-02-10 14:17:41.048,9,250,241.1,82,1154,1677,0,1692.000000006275,-15.000000006275059,-1.8627688549206785,0,0.01372843795318309,,N
WeldingTest_01_OK,2022-02-10 14:17:44.350,10,250,241.2,83,1670,1699,0,1714.011058058723,-15.011058058722938,-1.680839901079311,0,0.009581245938673098,,N
WeldingTest_01_OK,2022-02-10 14:17:47.208,11,250,241.1,82,1154,1678,0,1693.077006948619,-15.0770069486191,-1.8725381711556455,0,0.013995519477128947,,N
WeldingTest_01_OK,2022-02-10 14:17:50.456,12,250,241.2,83,1670,1702,0,1716.0000403355489,-14.000040335548874,-1.5618415619506867,0,0.007567345006594005,,N
WeldingTest_01_OK,2022-02-10 14:17:55.202,13,30,19.4,38,650,683,0,688.0006063384444,-5.000606338444413,-1.6827212385847747,0,0.009617017605510333,,N
WeldingTest_01_OK,2022-02-10 14:17:56.908,14,30,19.4,38,650,682,0,688.0006063384444,-6.000606338444413,-2.0192654454897943,0,0.018679561201894783,,N
WeldingTest_01_OK,2022-02-10 14:17:59.800,15,30,19.4,38,650,682,0,688.0006063384444,-6.000606338444413,-2.0192654454897943,0,0.018679561201894783,,N
WeldingTest_01_OK,2022-02-10 14:18:03.124,16,30,19.4,38,650,682,0,688.0006063384444,-6.000606338444413,-2.0192654454897943,0,0.018679561201894783,,N
WeldingTest_01_OK,2022-02-10 14:18:04.816,17,30,19.4,38,650,682,0,688.0006063384444,-6.000606338444413,-2.0192654454897943,0,0.018679561201894783,,N
WeldingTest_01_OK,2022-02-10 14:18:06.490,18,30,19.4,38,650,682,0,688.0006063384444,-6.000606338444413,-2.0192654454897943,0,0.018679561201894783,,N
WeldingTest_01_OK,2022-02-10 14:18:27.098,19,250,241.1,83,1670,1692,0,1707.000103955623,-15.00010395562299,-1.6795505863169098,0,0.009556807093015852,,N
WeldingTest_01_OK,2022-02-10 14:18:29.806,20,250,241.2,82,1154,1674,0,1689.0001549203207,-15.00015492032071,-1.8627885077500876,0,0.013728970160715663,,N
WeldingTest_01_OK,2022-02-10 14:18:33.256,21,250,241.1,83,1670,1698,0,1712.3737369702349,-14.373736970234859,-1.6058262299206787,0,0.00825745150740416,,N
WeldingTest_01_OK,2022-02-10 14:18:35.888,22,250,241.2,82,1154,1678,0,1692.099787412438,-14.09978741243799,-1.7485653657261162,0,0.0109558082057945,,N
WeldingTest_01_OK,2022-02-10 14:18:39.356,23,250,241.1,83,1670,1700,0,1714.000016164169,-14.000016164168983,-1.5618387169421417,0,0.00756730227422851,,N
WeldingTest_01_OK,2022-02-10 14:18:42.046,24,250,241.2,82,1154,1679,0,1693.9999960126588,-14.999996012658812,-1.862768348279344,0,0.013728424233375001,,N
WeldingTest_01_OK,2022-02-10 14:18:48.498,25,250,241.1,83,1670,1698,0,1712.9966966279746,-14.996696627974643,-1.6791495386184112,0,0.009549217865338152,,N
WeldingTest_01_OK,2022-02-10 14:18:51.132,26,250,241.2,82,1154,1679,0,1693.0000140611949,-14.000014061194861,-1.7359078391389438,0,0.010684868647200188,,N
WeldingTest_01_OK,2022-02-10 14:18:54.652,27,250,241.1,83,1670,1702,0,1716.0029705464842,-14.002970546484221,-1.5621864522791253,0,0.007572527074704184,,N
WeldingTest_01_OK,2022-02-10 14:18:57.282,28,250,241.2,82,1154,1680,0,1694.999985710131,-14.999985710131114,-1.8627670412718451,0,0.013728388839775599,,N
WeldingTest_01_OK,2022-02-10 14:19:00.808,29,250,241.1,83,1670,1703,0,1716.999967777064,-13.999967777064057,-1.5618330217055605,0,0.0075672167318196325,,N
WeldingTest_01_OK,2022-02-10 14:19:03.452,30,250,241.2,82,1154,1682,0,1696.988693652646,-14.988693652645907,-1.861334499254743,0,0.013689649828684303,,N
WeldingTest_01_OK,2022-02-10 14:19:07.866,31,30,19.4,38,650,683,0,688.0006063384444,-5.000606338444413,-1.6827212385847747,0,0.009617017605510333,,N
WeldingTest_01_OK,2022-02-10 14:19:09.394,32,30,19.4,38,650,682,0,688.0006063384444,-6.000606338444413,-2.0192654454897943,0,0.018679561201894783,,N
WeldingTest_01_OK,2022-02-10 14:19:12.482,33,30,19.4,38,650,683,0,688.0006063384444,-5.000606338444413,-1.6827212385847747,0,0.009617017605510333,,N
WeldingTest_01_OK,2022-02-10 14:19:14.252,34,30,19.4,38,650,683,0,688.0006063384444,-5.000606338444413,-1.6827212385847747,0,0.009617017605510333,,N
WeldingTest_01_OK,2022-02-10 14:19:17.772,35,30,19.4,38,650,683,0,688.0006063384444,-5.000606338444413,-1.6827212385847747,0,0.009617017605510333,,N
WeldingTest_01_OK,2022-02-10 14:19:19.490,36,30,19.4,38,650,682,0,688.0006063384444,-6.000606338444413,-2.0192654454897943,0,0.018679561201894783,,N
WeldingTest_01_OK,2022-02-10 14:19:21.234,37,30,19.4,38,650,682,0,688.0006063384444,-6.000606338444413,-2.0192654454897943,0,0.018679561201894783,,N
WeldingTest_01_OK,2022-02-10 14:19:24.270,38,30,19.4,38,650,683,0,688.0006063384444,-5.000606338444413,-1.6827212385847747,0,0.009617017605510333,,N
WeldingTest_01_OK,2022-02-10 14:19:25.770,39,30,19.4,38,650,682,0,688.0006063384444,-6.000606338444413,-2.0192654454897943,0,0.018679561201894783,,N
WeldingTest_01_OK,2022-02-10 14:46:14.438,1,250,241.1,82,1154,1661,0,1679.3760170564362,-18.37601705643624,-2.291059826795843,0,0.031741308764891174,,N
WeldingTest_01_OK,2022-02-10 14:46:17.750,2,250,241.2,83,1670,1687,0,1704.5159551916302,-17.515955191630155,-1.9756701416098148,0,0.017146605961034997,,N
WeldingTest_01_OK,2022-02-10 14:46:20.568,3,250,241.1,82,1153,1667,0,1687.0000658542688,-20.00006585426877,-2.4970912027224483,0,0.04716374458367817,,N
WeldingTest_01_OK,2022-02-10 14:46:23.930,4,250,241.2,83,1670,1692,0,1708.9999966770276,-16.99999667702764,-1.9149410318329718,0,0.015215353967636736,,N
WeldingTest_01_OK,2022-02-10 14:46:26.666,5,250,241.1,82,1154,1671,0,1689.0246460370001,-18.02464603700014,-2.2464839158430623,0,0.02911280520990818,,N
WeldingTest_01_OK,2022-02-10 14:46:29.918,6,250,241.2,83,1670,1695,0,1712.029134968304,-17.029134968304106,-1.9183706534780405,0,0.015318474316666093,,N
WeldingTest_01_OK,2022-02-10 14:46:35.732,7,250,241.1,82,1153,1670,0,1687.9999985928248,-17.999998592824795,-2.2433570720910163,0,0.02893656274046461,,N
WeldingTest_01_OK,2022-02-10 14:46:39.124,8,250,241.2,83,1670,1694,0,1711.9999942256752,-17.99999422567521,-2.032642279490793,0,0.019176340368008915,,N
WeldingTest_01_OK,2022-02-10 14:46:41.878,9,250,241.1,82,1154,1674,0,1692.000000006275,-18.00000000627506,-2.2433572514052726,0,0.028936572817654268,,N
WeldingTest_01_OK,2022-02-10 14:46:45.110,10,250,241.2,83,1670,1698,0,1714.011058058723,-16.011058058722938,-1.7985414372650783,0,0.0120935336194864,,N
WeldingTest_01_OK,2022-02-10 14:46:47.864,11,250,241.1,82,1154,1677,0,1693.077006948619,-16.0770069486191,-1.9994009699838435,0,0.01796506119526526,,N
WeldingTest_01_OK,2022-02-10 14:46:51.182,12,250,241.2,83,1670,1699,0,1716.0000403355489,-17.000040335548874,-1.9149461705079889,0,0.015215507962644164,,N
WeldingTest_01_OK,2022-02-10 14:46:55.698,13,30,19.4,38,650,682,0,688.0006063384444,-6.000606338444413,-2.0192654454897943,0,0.018679561201894783,,N
WeldingTest_01_OK,2022-02-10 14:46:57.404,14,30,19.4,38,650,682,0,688.0006063384444,-6.000606338444413,-2.0192654454897943,0,0.018679561201894783,,N
WeldingTest_01_OK,2022-02-10 14:47:00.308,15,30,19.4,38,650,682,0,688.0006063384444,-6.000606338444413,-2.0192654454897943,0,0.018679561201894783,,N
WeldingTest_01_OK,2022-02-10 14:47:03.640,16,30,19.4,38,650,682,0,688.0006063384444,-6.000606338444413,-2.0192654454897943,0,0.018679561201894783,,N
WeldingTest_01_OK,2022-02-10 14:47:05.378,17,30,19.4,38,650,682,0,688.0006063384444,-6.000606338444413,-2.0192654454897943,0,0.018679561201894783,,N
WeldingTest_01_OK,2022-02-10 14:47:07.094,18,30,19.4,38,650,682,0,688.0006063384444,-6.000606338444413,-2.0192654454897943,0,0.018679561201894783,,N
WeldingTest_01_OK,2022-02-10 14:47:27.366,19,250,241.1,83,1670,1690,0,1707.000103955623,-17.00010395562299,-1.9149536586884446,0,0.015215732370009625,,N
WeldingTest_01_OK,2022-02-10 14:47:30.002,20,250,241.2,82,1154,1673,0,1689.0001549203207,-16.00015492032071,-1.989651306578286,0,0.01762426196713884,,N
WeldingTest_01_OK,2022-02-10 14:47:33.424,21,250,241.1,83,1670,1697,0,1712.3737369702349,-15.373736970234859,-1.723527766106446,0,0.010426282629246476,,N
WeldingTest_01_OK,2022-02-10 14:47:36.116,22,250,241.2,82,1154,1675,0,1692.099787412438,-17.09978741243799,-2.1291537622107106,0,0.02316460986710628,,N
WeldingTest_01_OK,2022-02-10 14:47:39.560,23,250,241.1,83,1670,1699,0,1714.000016164169,-15.000016164168983,-1.679540253127909,0,0.009556611477923933,,N
WeldingTest_01_OK,2022-02-10 14:47:42.244,24,250,241.2,82,1154,1678,0,1693.9999960126588,-15.999996012658812,-1.989631147107542,0,0.017623563912780586,,N
WeldingTest_01_OK,2022-02-10 14:47:48.680,25,250,241.1,83,1670,1697,0,1712.9966966279746,-15.996696627974643,-1.7968510748041786,0,0.012053209703825838,,N
WeldingTest_01_OK,2022-02-10 14:47:51.290,26,250,241.2,82,1154,1678,0,1693.0000140611949,-15.000014061194861,-1.862770637967142,0,0.013728486238050749,,N
WeldingTest_01_OK,2022-02-10 14:47:54.720,27,250,241.1,83,1670,1700,0,1716.0029705464842,-16.00297054648422,-1.7975895246506601,0,0.012070809201601864,,N
WeldingTest_01_OK,2022-02-10 14:47:57.468,28,250,241.2,82,1154,1679,0,1694.999985710131,-15.999985710131114,-1.9896298401000434,0,0.01762351865646421,,N
WeldingTest_01_OK,2022-02-10 14:48:00.986,29,250,241.1,83,1670,1702,0,1716.999967777064,-14.999967777064057,-1.6795345578913279,0,0.00955650366447817,,N
WeldingTest_01_OK,2022-02-10 14:48:03.604,30,250,241.2,82,1154,1680,0,1696.988693652646,-16.988693652645907,-2.1150600969111393,0,0.02253528686764939,,N
WeldingTest_01_OK,2022-02-10 14:48:08.034,31,30,19.4,38,650,682,0,688.0006063384444,-6.000606338444413,-2.0192654454897943,0,0.018679561201894783,,N
WeldingTest_01_OK,2022-02-10 14:48:09.600,32,30,19.4,38,650,682,0,688.0006063384444,-6.000606338444413,-2.0192654454897943,0,0.018679561201894783,,N
WeldingTest_01_OK,2022-02-10 14:48:12.652,33,30,19.4,38,650,682,0,688.0006063384444,-6.000606338444413,-2.0192654454897943,0,0.018679561201894783,,N
WeldingTest_01_OK,2022-02-10 14:48:14.412,34,30,19.4,38,650,682,0,688.0006063384444,-6.000606338444413,-2.0192654454897943,0,0.018679561201894783,,N
WeldingTest_01_OK,2022-02-10 14:48:18.002,35,30,19.4,38,650,682,0,688.0006063384444,-6.000606338444413,-2.0192654454897943,0,0.018679561201894783,,N
WeldingTest_01_OK,2022-02-10 14:48:19.676,36,30,19.4,38,650,682,0,688.0006063384444,-6.000606338444413,-2.0192654454897943,0,0.018679561201894783,,N
WeldingTest_01_OK,2022-02-10 14:48:21.402,37,30,19.4,38,650,682,0,688.0006063384444,-6.000606338444413,-2.0192654454897943,0,0.018679561201894783,,N
WeldingTest_01_OK,2022-02-10 14:48:24.394,38,30,19.4,38,650,682,0,688.0006063384444,-6.000606338444413,-2.0192654454897943,0,0.018679561201894783,,N
WeldingTest_01_OK,2022-02-10 14:48:25.864,39,30,19.4,38,650,682,0,688.0006063384444,-6.000606338444413,-2.0192654454897943,0,0.018679561201894783,,N
WeldingTest_01_OK,2022-02-10 14:49:12.643,1,250,241.1,82,1154,1666,0,1679.3760170564362,-13.37601705643624,-1.6567458326548528,0,0.009134608750412332,,N
WeldingTest_01_OK,2022-02-10 14:49:15.923,2,250,241.2,83,1670,1693,0,1704.5159551916302,-11.515955191630155,-1.2694609244952104,0,0.004230994860978531,,N
WeldingTest_01_OK,2022-02-10 14:49:18.771,3,250,241.1,82,1153,1674,0,1687.0000658542688,-13.000065854268769,-1.6090516109250617,0,0.008310446435601117,,N
WeldingTest_01_OK,2022-02-10 14:49:22.007,4,250,241.2,83,1670,1697,0,1708.9999966770276,-11.999996677027639,-1.3264333509041348,0,0.004739214952482194,,N
WeldingTest_01_OK,2022-02-10 14:49:24.761,5,250,241.1,82,1154,1677,0,1689.0246460370001,-12.024646037000139,-1.4853071228738737,0,0.006500297908201265,,N
WeldingTest_01_OK,2022-02-10 14:49:28.011,6,250,241.2,83,1670,1699,0,1712.029134968304,-13.029134968304106,-1.447564508734971,0,0.006030533648218996,,N
WeldingTest_01_OK,2022-02-10 14:49:33.705,7,250,241.1,82,1153,1674,0,1687.9999985928248,-13.999998592824795,-1.735905876778224,0,0.010684827160218192,,N
WeldingTest_01_OK,2022-02-10 14:49:36.859,8,250,241.2,83,1670,1699,0,1711.9999942256752,-12.99999422567521,-1.4441345985619556,0,0.005989553766933549,,N
WeldingTest_01_OK,2022-02-10 14:49:39.687,9,250,241.1,82,1154,1678,0,1692.000000006275,-14.000000006275059,-1.7359060560924804,0,0.010684830951159515,,N
WeldingTest_01_OK,2022-02-10 14:49:42.919,10,250,241.2,83,1670,1702,0,1714.011058058723,-12.011058058722938,-1.3277352925220087,0,0.0047515126834385794,,N
WeldingTest_01_OK,2022-02-10 14:49:45.751,11,250,241.1,82,1154,1679,0,1693.077006948619,-14.0770069486191,-1.7456753723274472,0,0.010893354259789748,,N
WeldingTest_01_OK,2022-02-10 14:49:48.993,12,250,241.2,83,1670,1703,0,1716.0000403355489,-13.000040335548874,-1.4441400257649193,0,0.005989618390928836,,N
WeldingTest_01_OK,2022-02-10 14:49:53.475,13,30,19.4,38,650,683,0,688.0006063384444,-5.000606338444413,-1.6827212385847747,0,0.009617017605510333,,N
WeldingTest_01_OK,2022-02-10 14:49:55.213,14,30,19.4,38,650,682,0,688.0006063384444,-6.000606338444413,-2.0192654454897943,0,0.018679561201894783,,N
WeldingTest_01_OK,2022-02-10 14:49:58.215,15,30,19.4,38,650,683,0,688.0006063384444,-5.000606338444413,-1.6827212385847747,0,0.009617017605510333,,N
WeldingTest_01_OK,2022-02-10 14:50:01.539,16,30,19.4,38,650,683,0,688.0006063384444,-5.000606338444413,-1.6827212385847747,0,0.009617017605510333,,N
WeldingTest_01_OK,2022-02-10 14:50:03.277,17,30,19.4,38,650,682,0,688.0006063384444,-6.000606338444413,-2.0192654454897943,0,0.018679561201894783,,N
WeldingTest_01_OK,2022-02-10 14:50:04.995,18,30,19.4,38,650,682,0,688.0006063384444,-6.000606338444413,-2.0192654454897943,0,0.018679561201894783,,N
WeldingTest_01_OK,2022-02-10 14:50:25.857,19,250,241.1,83,1670,1693,0,1707.000103955623,-14.00010395562299,-1.5618490501311424,0,0.007567457481096474,,N
WeldingTest_01_OK,2022-02-10 14:50:28.527,20,250,241.2,82,1154,1675,0,1689.0001549203207,-14.00015492032071,-1.7359257089218896,0,0.010685246446115904,,N
WeldingTest_01_OK,2022-02-10 14:50:31.999,21,250,241.1,83,1670,1698,0,1712.3737369702349,-14.373736970234859,-1.6058262299206787,0,0.00825745150740416,,N
WeldingTest_01_OK,2022-02-10 14:50:34.595,22,250,241.2,82,1154,1678,0,1692.099787412438,-14.09978741243799,-1.7485653657261162,0,0.0109558082057945,,N
WeldingTest_01_OK,2022-02-10 14:50:38.049,23,250,241.1,83,1670,1700,0,1714.000016164169,-14.000016164168983,-1.5618387169421417,0,0.00756730227422851,,N
WeldingTest_01_OK,2022-02-10 14:50:40.665,24,250,241.2,82,1154,1680,0,1693.9999960126588,-13.999996012658812,-1.735905549451146,0,0.010684820240092834,,N
WeldingTest_01_OK,2022-02-10 14:50:47.201,25,250,241.1,83,1670,1698,0,1712.9966966279746,-14.996696627974643,-1.6791495386184112,0,0.009549217865338152,,N
WeldingTest_01_OK,2022-02-10 14:50:49.781,26,250,241.2,82,1154,1679,0,1693.0000140611949,-14.000014061194861,-1.7359078391389438,0,0.010684868647200188,,N
WeldingTest_01_OK,2022-02-10 14:50:53.167,27,250,241.1,83,1670,1702,0,1716.0029705464842,-14.002970546484221,-1.5621864522791253,0,0.007572527074704184,,N
WeldingTest_01_OK,2022-02-10 14:50:55.903,28,250,241.2,82,1154,1680,0,1694.999985710131,-14.999985710131114,-1.8627670412718451,0,0.013728388839775599,,N
WeldingTest_01_OK,2022-02-10 14:50:59.357,29,250,241.1,83,1670,1703,0,1716.999967777064,-13.999967777064057,-1.5618330217055605,0,0.0075672167318196325,,N
WeldingTest_01_OK,2022-02-10 14:51:01.961,30,250,241.2,82,1154,1682,0,1696.988693652646,-14.988693652645907,-1.861334499254743,0,0.013689649828684303,,N
WeldingTest_01_OK,2022-02-10 14:51:06.333,31,30,19.4,38,650,683,0,688.0006063384444,-5.000606338444413,-1.6827212385847747,0,0.009617017605510333,,N
WeldingTest_01_OK,2022-02-10 14:51:07.861,32,30,19.4,38,650,683,0,688.0006063384444,-5.000606338444413,-1.6827212385847747,0,0.009617017605510333,,N
WeldingTest_01_OK,2022-02-10 14:51:10.971,33,30,19.4,38,650,683,0,688.0006063384444,-5.000606338444413,-1.6827212385847747,0,0.009617017605510333,,N
WeldingTest_01_OK,2022-02-10 14:51:12.695,34,30,19.4,38,650,683,0,688.0006063384444,-5.000606338444413,-1.6827212385847747,0,0.009617017605510333,,N
WeldingTest_01_OK,2022-02-10 14:51:16.139,35,30,19.4,38,650,683,0,688.0006063384444,-5.000606338444413,-1.6827212385847747,0,0.009617017605510333,,N
WeldingTest_01_OK,2022-02-10 14:51:17.889,36,30,19.4,38,650,682,0,688.0006063384444,-6.000606338444413,-2.0192654454897943,0,0.018679561201894783,,N
WeldingTest_01_OK,2022-02-10 14:51:19.587,37,30,19.4,38,650,682,0,688.0006063384444,-6.000606338444413,-2.0192654454897943,0,0.018679561201894783,,N
WeldingTest_01_OK,2022-02-10 14:51:22.601,38,30,19.4,38,650,683,0,688.0006063384444,-5.000606338444413,-1.6827212385847747,0,0.009617017605510333,,N
WeldingTest_01_OK,2022-02-10 14:51:24.045,39,30,19.4,38,650,682,0,688.0006063384444,-6.000606338444413,-2.0192654454897943,0,0.018679561201894783,,N
WeldingTest_01_OK,2022-02-10 15:24:00.641,1,250,241.1,82,1154,1661,0,1679.3760170564362,-18.37601705643624,-2.291059826795843,0,0.031741308764891174,,N
WeldingTest_01_OK,2022-02-10 15:24:03.921,2,250,241.2,83,1670,1687,0,1704.5159551916302,-17.515955191630155,-1.9756701416098148,0,0.017146605961034997,,N
WeldingTest_01_OK,2022-02-10 15:24:06.753,3,250,241.1,82,1153,1667,0,1687.0000658542688,-20.00006585426877,-2.4970912027224483,0,0.04716374458367817,,N
WeldingTest_01_OK,2022-02-10 15:24:10.011,4,250,241.2,83,1670,1692,0,1708.9999966770276,-16.99999667702764,-1.9149410318329718,0,0.015215353967636736,,N
WeldingTest_01_OK,2022-02-10 15:24:12.833,5,250,241.1,82,1154,1671,0,1689.0246460370001,-18.02464603700014,-2.2464839158430623,0,0.02911280520990818,,N
WeldingTest_01_OK,2022-02-10 15:24:16.066,6,250,241.2,83,1670,1695,0,1712.029134968304,-17.029134968304106,-1.9183706534780405,0,0.015318474316666093,,N
WeldingTest_01_OK,2022-02-10 15:24:21.818,7,250,241.1,82,1153,1670,0,1687.9999985928248,-17.999998592824795,-2.2433570720910163,0,0.02893656274046461,,N
WeldingTest_01_OK,2022-02-10 15:24:25.090,8,250,241.2,83,1670,1695,0,1711.9999942256752,-16.99999422567521,-1.9149407433050252,0,0.015215345321121962,,N
WeldingTest_01_OK,2022-02-10 15:24:27.864,9,250,241.1,82,1154,1674,0,1692.000000006275,-18.00000000627506,-2.2433572514052726,0,0.028936572817654268,,N
WeldingTest_01_OK,2022-02-10 15:24:31.166,10,250,241.2,83,1670,1698,0,1714.011058058723,-16.011058058722938,-1.7985414372650783,0,0.0120935336194864,,N
WeldingTest_01_OK,2022-02-10 15:24:33.946,11,250,241.1,82,1154,1677,0,1693.077006948619,-16.0770069486191,-1.9994009699838435,0,0.01796506119526526,,N
WeldingTest_01_OK,2022-02-10 15:24:37.210,12,250,241.2,83,1670,1699,0,1716.0000403355489,-17.000040335548874,-1.9149461705079889,0,0.015215507962644164,,N
WeldingTest_01_OK,2022-02-10 15:24:41.584,13,30,19.4,38,650,682,0,688.0006063384444,-6.000606338444413,-2.0192654454897943,0,0.018679561201894783,,N
WeldingTest_01_OK,2022-02-10 15:24:43.252,14,30,19.4,38,650,682,0,688.0006063384444,-6.000606338444413,-2.0192654454897943,0,0.018679561201894783,,N
WeldingTest_01_OK,2022-02-10 15:24:46.194,15,30,19.4,38,650,682,0,688.0006063384444,-6.000606338444413,-2.0192654454897943,0,0.018679561201894783,,N
WeldingTest_01_OK,2022-02-10 15:24:49.524,16,30,19.4,38,650,682,0,688.0006063384444,-6.000606338444413,-2.0192654454897943,0,0.018679561201894783,,N
WeldingTest_01_OK,2022-02-10 15:24:51.278,17,30,19.4,38,650,682,0,688.0006063384444,-6.000606338444413,-2.0192654454897943,0,0.018679561201894783,,N
WeldingTest_01_OK,2022-02-10 15:24:52.980,18,30,19.4,38,650,682,0,688.0006063384444,-6.000606338444413,-2.0192654454897943,0,0.018679561201894783,,N
WeldingTest_01_OK,2022-02-10 15:25:13.298,19,250,241.1,83,1670,1690,0,1707.000103955623,-17.00010395562299,-1.9149536586884446,0,0.015215732370009625,,N
WeldingTest_01_OK,2022-02-10 15:25:15.922,20,250,241.2,82,1154,1673,0,1689.0001549203207,-16.00015492032071,-1.989651306578286,0,0.01762426196713884,,N
WeldingTest_01_OK,2022-02-10 15:25:19.432,21,250,241.1,83,1670,1697,0,1712.3737369702349,-15.373736970234859,-1.723527766106446,0,0.010426282629246476,,N
WeldingTest_01_OK,2022-02-10 15:25:22.112,22,250,241.2,82,1154,1677,0,1692.099787412438,-15.09978741243799,-1.8754281645543143,0,0.01407550570912607,,N
WeldingTest_01_OK,2022-02-10 15:25:25.612,23,250,241.1,83,1670,1698,0,1714.000016164169,-16.000016164168983,-1.7972417893136765,0,0.012062518454672457,,N
WeldingTest_01_OK,2022-02-10 15:25:28.374,24,250,241.2,82,1154,1678,0,1693.9999960126588,-15.999996012658812,-1.989631147107542,0,0.017623563912780586,,N
WeldingTest_01_OK,2022-02-10 15:25:34.820,25,250,241.1,83,1670,1697,0,1712.9966966279746,-15.996696627974643,-1.7968510748041786,0,0.012053209703825838,,N
WeldingTest_01_OK,2022-02-10 15:25:37.630,26,250,241.2,82,1154,1677,0,1693.0000140611949,-16.00001406119486,-1.98963343679534,0,0.017623643195565915,,N
WeldingTest_01_OK,2022-02-10 15:25:41.122,27,250,241.1,83,1670,1700,0,1716.0029705464842,-16.00297054648422,-1.7975895246506601,0,0.012070809201601864,,N
WeldingTest_01_OK,2022-02-10 15:25:43.800,28,250,241.2,82,1154,1679,0,1694.999985710131,-15.999985710131114,-1.9896298401000434,0,0.01762351865646421,,N
WeldingTest_01_OK,2022-02-10 15:25:47.340,29,250,241.1,83,1670,1702,0,1716.999967777064,-14.999967777064057,-1.6795345578913279,0,0.00955650366447817,,N
WeldingTest_01_OK,2022-02-10 15:25:49.948,30,250,241.2,82,1154,1680,0,1696.988693652646,-16.988693652645907,-2.1150600969111393,0,0.02253528686764939,,N
WeldingTest_01_OK,2022-02-10 15:25:54.308,31,30,19.4,38,650,682,0,688.0006063384444,-6.000606338444413,-2.0192654454897943,0,0.018679561201894783,,N
WeldingTest_01_OK,2022-02-10 15:25:55.838,32,30,19.4,38,650,682,0,688.0006063384444,-6.000606338444413,-2.0192654454897943,0,0.018679561201894783,,N
WeldingTest_01_OK,2022-02-10 15:25:58.938,33,30,19.4,38,650,682,0,688.0006063384444,-6.000606338444413,-2.0192654454897943,0,0.018679561201894783,,N
WeldingTest_01_OK,2022-02-10 15:26:00.670,34,30,19.4,38,650,682,0,688.0006063384444,-6.000606338444413,-2.0192654454897943,0,0.018679561201894783,,N
WeldingTest_01_OK,2022-02-10 15:26:04.144,35,30,19.4,38,650,682,0,688.0006063384444,-6.000606338444413,-2.0192654454897943,0,0.018679561201894783,,N
WeldingTest_01_OK,2022-02-10 15:26:05.880,36,30,19.4,38,650,682,0,688.0006063384444,-6.000606338444413,-2.0192654454897943,0,0.018679561201894783,,N
WeldingTest_01_OK,2022-02-10 15:26:07.558,37,30,19.4,38,650,682,0,688.0006063384444,-6.000606338444413,-2.0192654454897943,0,0.018679561201894783,,N
WeldingTest_01_OK,2022-02-10 15:26:10.542,38,30,19.4,38,650,682,0,688.0006063384444,-6.000606338444413,-2.0192654454897943,0,0.018679561201894783,,N
WeldingTest_01_OK,2022-02-10 15:26:12.044,39,30,19.4,38,650,682,0,688.0006063384444,-6.000606338444413,-2.0192654454897943,0,0.018679561201894783,,N
WeldingTest_01_OK,2022-02-10 15:29:02.536,1,250,241.1,82,1154,1662,0,1679.3760170564362,-17.37601705643624,-2.1641970279676452,0,0.024804667664138552,,N
WeldingTest_01_OK,2022-02-10 15:29:05.828,2,250,241.2,83,1670,1688,0,1704.5159551916302,-16.515955191630155,-1.8579686054240474,0,0.013599052527687816,,N
WeldingTest_01_OK,2022-02-10 15:29:08.624,3,250,241.1,82,1153,1669,0,1687.0000658542688,-18.00006585426877,-2.243365605066052,0,0.028937042284513805,,N
WeldingTest_01_OK,2022-02-10 15:29:11.900,4,250,241.2,83,1670,1693,0,1708.9999966770276,-15.999996677027639,-1.7972394956472044,0,0.012062463787483435,,N
WeldingTest_01_OK,2022-02-10 15:29:14.760,5,250,241.1,82,1154,1673,0,1689.0246460370001,-16.02464603700014,-1.9927583181866662,0,0.017732172487686704,,N
WeldingTest_01_OK,2022-02-10 15:29:18.004,6,250,241.2,83,1670,1695,0,1712.029134968304,-17.029134968304106,-1.9183706534780405,0,0.015318474316666093,,N
WeldingTest_01_OK,2022-02-10 15:29:23.840,7,250,241.1,82,1153,1670,0,1687.9999985928248,-17.999998592824795,-2.2433570720910163,0,0.02893656274046461,,N
WeldingTest_01_OK,2022-02-10 15:29:27.112,8,250,241.2,83,1670,1695,0,1711.9999942256752,-16.99999422567521,-1.9149407433050252,0,0.015215345321121962,,N
WeldingTest_01_OK,2022-02-10 15:29:29.834,9,250,241.1,82,1154,1675,0,1692.000000006275,-17.00000000627506,-2.116494452577075,0,0.022598563884185442,,N
WeldingTest_01_OK,2022-02-10 15:29:33.080,10,250,241.2,83,1670,1698,0,1714.011058058723,-16.011058058722938,-1.7985414372650783,0,0.0120935336194864,,N
WeldingTest_01_OK,2022-02-10 15:29:35.842,11,250,241.1,82,1154,1678,0,1693.077006948619,-15.0770069486191,-1.8725381711556455,0,0.013995519477128947,,N
WeldingTest_01_OK,2022-02-10 15:29:39.126,12,250,241.2,83,1670,1700,0,1716.0000403355489,-16.000040335548874,-1.7972446343222215,0,0.01206258626287463,,N
WeldingTest_01_OK,2022-02-10 15:29:43.560,13,30,19.4,38,650,682,0,688.0006063384444,-6.000606338444413,-2.0192654454897943,0,0.018679561201894783,,N
WeldingTest_01_OK,2022-02-10 15:29:45.278,14,30,19.4,38,650,682,0,688.0006063384444,-6.000606338444413,-2.0192654454897943,0,0.018679561201894783,,N
WeldingTest_01_OK,2022-02-10 15:29:48.200,15,30,19.4,38,650,682,0,688.0006063384444,-6.000606338444413,-2.0192654454897943,0,0.018679561201894783,,N
WeldingTest_01_OK,2022-02-10 15:29:51.602,16,30,19.4,38,650,682,0,688.0006063384444,-6.000606338444413,-2.0192654454897943,0,0.018679561201894783,,N
WeldingTest_01_OK,2022-02-10 15:29:53.376,17,30,19.4,38,650,682,0,688.0006063384444,-6.000606338444413,-2.0192654454897943,0,0.018679561201894783,,N
WeldingTest_01_OK,2022-02-10 15:29:55.072,18,30,19.4,38,650,682,0,688.0006063384444,-6.000606338444413,-2.0192654454897943,0,0.018679561201894783,,N
WeldingTest_01_OK,2022-02-10 15:30:15.562,19,250,241.1,83,1670,1690,0,1707.000103955623,-17.00010395562299,-1.9149536586884446,0,0.015215732370009625,,N
WeldingTest_01_OK,2022-02-10 15:30:18.144,20,250,241.2,82,1154,1674,0,1689.0001549203207,-15.00015492032071,-1.8627885077500876,0,0.013728970160715663,,N
WeldingTest_01_OK,2022-02-10 15:30:21.598,21,250,241.1,83,1670,1697,0,1712.3737369702349,-15.373736970234859,-1.723527766106446,0,0.010426282629246476,,N
WeldingTest_01_OK,2022-02-10 15:30:24.260,22,250,241.2,82,1154,1677,0,1692.099787412438,-15.09978741243799,-1.8754281645543143,0,0.01407550570912607,,N
WeldingTest_01_OK,2022-02-10 15:30:27.724,23,250,241.1,83,1670,1699,0,1714.000016164169,-15.000016164168983,-1.679540253127909,0,0.009556611477923933,,N
WeldingTest_01_OK,2022-02-10 15:30:30.390,24,250,241.2,82,1154,1678,0,1693.9999960126588,-15.999996012658812,-1.989631147107542,0,0.017623563912780586,,N
WeldingTest_01_OK,2022-02-10 15:30:36.754,25,250,241.1,83,1670,1697,0,1712.9966966279746,-15.996696627974643,-1.7968510748041786,0,0.012053209703825838,,N
WeldingTest_01_OK,2022-02-10 15:30:39.506,26,250,241.2,82,1154,1678,0,1693.0000140611949,-15.000014061194861,-1.862770637967142,0,0.013728486238050749,,N
WeldingTest_01_OK,2022-02-10 15:30:43.022,27,250,241.1,83,1670,1700,0,1716.0029705464842,-16.00297054648422,-1.7975895246506601,0,0.012070809201601864,,N
WeldingTest_01_OK,2022-02-10 15:30:45.784,28,250,241.2,82,1154,1679,0,1694.999985710131,-15.999985710131114,-1.9896298401000434,0,0.01762351865646421,,N
WeldingTest_01_OK,2022-02-10 15:30:49.220,29,250,241.1,83,1670,1702,0,1716.999967777064,-14.999967777064057,-1.6795345578913279,0,0.00955650366447817,,N
WeldingTest_01_OK,2022-02-10 15:30:51.872,30,250,241.2,82,1154,1680,0,1696.988693652646,-16.988693652645907,-2.1150600969111393,0,0.02253528686764939,,N
WeldingTest_01_OK,2022-02-10 15:30:56.234,31,30,19.4,38,650,683,0,688.0006063384444,-5.000606338444413,-1.6827212385847747,0,0.009617017605510333,,N
WeldingTest_01_OK,2022-02-10 15:30:57.732,32,30,19.4,38,650,682,0,688.0006063384444,-6.000606338444413,-2.0192654454897943,0,0.018679561201894783,,N
WeldingTest_01_OK,2022-02-10 15:31:00.830,33,30,19.4,38,650,682,0,688.0006063384444,-6.000606338444413,-2.0192654454897943,0,0.018679561201894783,,N
WeldingTest_01_OK,2022-02-10 15:31:02.602,34,30,19.4,38,650,682,0,688.0006063384444,-6.000606338444413,-2.0192654454897943,0,0.018679561201894783,,N
WeldingTest_01_OK,2022-02-10 15:31:06.028,35,30,19.4,38,650,682,0,688.0006063384444,-6.000606338444413,-2.0192654454897943,0,0.018679561201894783,,N
WeldingTest_01_OK,2022-02-10 15:31:07.730,36,30,19.4,38,650,682,0,688.0006063384444,-6.000606338444413,-2.0192654454897943,0,0.018679561201894783,,N
WeldingTest_01_OK,2022-02-10 15:31:09.514,37,30,19.4,38,650,682,0,688.0006063384444,-6.000606338444413,-2.0192654454897943,0,0.018679561201894783,,N
WeldingTest_01_OK,2022-02-10 15:31:12.564,38,30,19.4,38,650,682,0,688.0006063384444,-6.000606338444413,-2.0192654454897943,0,0.018679561201894783,,N
WeldingTest_01_OK,2022-02-10 15:31:14.048,39,30,19.4,38,650,682,0,688.0006063384444,-6.000606338444413,-2.0192654454897943,0,0.018679561201894783,,N
WeldingTest_01_OK,2022-02-10 15:59:45.967,1,250,241.1,82,1154,1661,0,1679.3760170564362,-18.37601705643624,-2.291059826795843,0,0.031741308764891174,,N
WeldingTest_01_OK,2022-02-10 15:59:49.225,2,250,241.2,83,1670,1687,0,1704.5159551916302,-17.515955191630155,-1.9756701416098148,0,0.017146605961034997,,N
WeldingTest_01_OK,2022-02-10 15:59:52.069,3,250,241.1,82,1153,1669,0,1687.0000658542688,-18.00006585426877,-2.243365605066052,0,0.028937042284513805,,N
WeldingTest_01_OK,2022-02-10 15:59:55.291,4,250,241.2,83,1670,1692,0,1708.9999966770276,-16.99999667702764,-1.9149410318329718,0,0.015215353967636736,,N
WeldingTest_01_OK,2022-02-10 15:59:58.159,5,250,241.1,82,1154,1671,0,1689.0246460370001,-18.02464603700014,-2.2464839158430623,0,0.02911280520990818,,N
WeldingTest_01_OK,2022-02-10 16:00:01.377,6,250,241.2,83,1670,1695,0,1712.029134968304,-17.029134968304106,-1.9183706534780405,0,0.015318474316666093,,N
WeldingTest_01_OK,2022-02-10 16:00:07.187,7,250,241.1,82,1153,1670,0,1687.9999985928248,-17.999998592824795,-2.2433570720910163,0,0.02893656274046461,,N
WeldingTest_01_OK,2022-02-10 16:00:10.471,8,250,241.2,83,1670,1695,0,1711.9999942256752,-16.99999422567521,-1.9149407433050252,0,0.015215345321121962,,N
WeldingTest_01_OK,2022-02-10 16:00:13.207,9,250,241.1,82,1154,1674,0,1692.000000006275,-18.00000000627506,-2.2433572514052726,0,0.028936572817654268,,N
WeldingTest_01_OK,2022-02-10 16:00:16.505,10,250,241.2,83,1670,1698,0,1714.011058058723,-16.011058058722938,-1.7985414372650783,0,0.0120935336194864,,N
WeldingTest_01_OK,2022-02-10 16:00:19.339,11,250,241.1,82,1154,1677,0,1693.077006948619,-16.0770069486191,-1.9994009699838435,0,0.01796506119526526,,N
WeldingTest_01_OK,2022-02-10 16:00:22.605,12,250,241.2,83,1670,1699,0,1716.0000403355489,-17.000040335548874,-1.9149461705079889,0,0.015215507962644164,,N
WeldingTest_01_OK,2022-02-10 16:00:27.145,13,30,19.4,38,650,682,0,688.0006063384444,-6.000606338444413,-2.0192654454897943,0,0.018679561201894783,,N
WeldingTest_01_OK,2022-02-10 16:00:28.877,14,30,19.4,38,650,682,0,688.0006063384444,-6.000606338444413,-2.0192654454897943,0,0.018679561201894783,,N
WeldingTest_01_OK,2022-02-10 16:00:31.775,15,30,19.4,38,650,682,0,688.0006063384444,-6.000606338444413,-2.0192654454897943,0,0.018679561201894783,,N
WeldingTest_01_OK,2022-02-10 16:00:35.101,16,30,19.4,38,650,682,0,688.0006063384444,-6.000606338444413,-2.0192654454897943,0,0.018679561201894783,,N
WeldingTest_01_OK,2022-02-10 16:00:36.859,17,30,19.4,38,650,682,0,688.0006063384444,-6.000606338444413,-2.0192654454897943,0,0.018679561201894783,,N
WeldingTest_01_OK,2022-02-10 16:00:38.573,18,30,19.4,38,650,682,0,688.0006063384444,-6.000606338444413,-2.0192654454897943,0,0.018679561201894783,,N
WeldingTest_01_OK,2022-02-10 16:00:59.273,19,250,241.1,83,1670,1690,0,1707.000103955623,-17.00010395562299,-1.9149536586884446,0,0.015215732370009625,,N
WeldingTest_01_OK,2022-02-10 16:01:01.847,20,250,241.2,82,1154,1673,0,1689.0001549203207,-16.00015492032071,-1.989651306578286,0,0.01762426196713884,,N
WeldingTest_01_OK,2022-02-10 16:01:05.277,21,250,241.1,83,1670,1697,0,1712.3737369702349,-15.373736970234859,-1.723527766106446,0,0.010426282629246476,,N
WeldingTest_01_OK,2022-02-10 16:01:07.883,22,250,241.2,82,1154,1677,0,1692.099787412438,-15.09978741243799,-1.8754281645543143,0,0.01407550570912607,,N
WeldingTest_01_OK,2022-02-10 16:01:11.273,23,250,241.1,83,1670,1699,0,1714.000016164169,-15.000016164168983,-1.679540253127909,0,0.009556611477923933,,N
WeldingTest_01_OK,2022-02-10 16:01:13.979,24,250,241.2,82,1154,1678,0,1693.9999960126588,-15.999996012658812,-1.989631147107542,0,0.017623563912780586,,N
WeldingTest_01_OK,2022-02-10 16:01:20.375,25,250,241.1,83,1670,1697,0,1712.9966966279746,-15.996696627974643,-1.7968510748041786,0,0.012053209703825838,,N
WeldingTest_01_OK,2022-02-10 16:01:23.091,26,250,241.2,82,1154,1678,0,1693.0000140611949,-15.000014061194861,-1.862770637967142,0,0.013728486238050749,,N
WeldingTest_01_OK,2022-02-10 16:01:26.579,27,250,241.1,83,1670,1700,0,1716.0029705464842,-16.00297054648422,-1.7975895246506601,0,0.012070809201601864,,N
WeldingTest_01_OK,2022-02-10 16:01:29.179,28,250,241.2,82,1154,1679,0,1694.999985710131,-15.999985710131114,-1.9896298401000434,0,0.01762351865646421,,N
WeldingTest_01_OK,2022-02-10 16:01:32.641,29,250,241.1,83,1670,1702,0,1716.999967777064,-14.999967777064057,-1.6795345578913279,0,0.00955650366447817,,N
WeldingTest_01_OK,2022-02-10 16:01:35.341,30,250,241.2,82,1154,1680,0,1696.988693652646,-16.988693652645907,-2.1150600969111393,0,0.02253528686764939,,N
WeldingTest_01_OK,2022-02-10 16:01:39.707,31,30,19.4,38,650,682,0,688.0006063384444,-6.000606338444413,-2.0192654454897943,0,0.018679561201894783,,N
WeldingTest_01_OK,2022-02-10 16:01:41.343,32,30,19.4,38,650,682,0,688.0006063384444,-6.000606338444413,-2.0192654454897943,0,0.018679561201894783,,N
WeldingTest_01_OK,2022-02-10 16:01:44.421,33,30,19.4,38,650,682,0,688.0006063384444,-6.000606338444413,-2.0192654454897943,0,0.018679561201894783,,N
WeldingTest_01_OK,2022-02-10 16:01:46.201,34,30,19.4,38,650,682,0,688.0006063384444,-6.000606338444413,-2.0192654454897943,0,0.018679561201894783,,N
WeldingTest_01_OK,2022-02-10 16:01:49.721,35,30,19.4,38,650,682,0,688.0006063384444,-6.000606338444413,-2.0192654454897943,0,0.018679561201894783,,N
WeldingTest_01_OK,2022-02-10 16:01:51.429,36,30,19.4,38,650,682,0,688.0006063384444,-6.000606338444413,-2.0192654454897943,0,0.018679561201894783,,N
WeldingTest_01_OK,2022-02-10 16:01:53.145,37,30,19.4,38,650,682,0,688.0006063384444,-6.000606338444413,-2.0192654454897943,0,0.018679561201894783,,N
WeldingTest_01_OK,2022-02-10 16:01:56.143,38,30,19.4,38,650,682,0,688.0006063384444,-6.000606338444413,-2.0192654454897943,0,0.018679561201894783,,N
WeldingTest_01_OK,2022-02-10 16:01:57.633,39,30,19.4,38,650,682,0,688.0006063384444,-6.000606338444413,-2.0192654454897943,0,0.018679561201894783,,N
WeldingTest_01_OK,2022-02-10 16:02:43.913,1,250,241.1,82,1154,1667,0,1679.3760170564362,-12.37601705643624,-1.5298830338266547,0,0.0071021239172372064,,N
WeldingTest_01_OK,2022-02-10 16:02:47.225,2,250,241.2,83,1670,1693,0,1704.5159551916302,-11.515955191630155,-1.2694609244952104,0,0.004230994860978531,,N
WeldingTest_01_OK,2022-02-10 16:02:50.019,3,250,241.1,82,1153,1674,0,1687.0000658542688,-13.000065854268769,-1.6090516109250617,0,0.008310446435601117,,N
WeldingTest_01_OK,2022-02-10 16:02:53.319,4,250,241.2,83,1670,1697,0,1708.9999966770276,-11.999996677027639,-1.3264333509041348,0,0.004739214952482194,,N
WeldingTest_01_OK,2022-02-10 16:02:56.133,5,250,241.1,82,1154,1677,0,1689.0246460370001,-12.024646037000139,-1.4853071228738737,0,0.006500297908201265,,N
WeldingTest_01_OK,2022-02-10 16:02:59.417,6,250,241.2,83,1670,1699,0,1712.029134968304,-13.029134968304106,-1.447564508734971,0,0.006030533648218996,,N
WeldingTest_01_OK,2022-02-10 16:03:05.299,7,250,241.1,82,1153,1674,0,1687.9999985928248,-13.999998592824795,-1.735905876778224,0,0.010684827160218192,,N
WeldingTest_01_OK,2022-02-10 16:03:08.551,8,250,241.2,83,1670,1699,0,1711.9999942256752,-12.99999422567521,-1.4441345985619556,0,0.005989553766933549,,N
WeldingTest_01_OK,2022-02-10 16:03:11.323,9,250,241.1,82,1154,1678,0,1692.000000006275,-14.000000006275059,-1.7359060560924804,0,0.010684830951159515,,N
WeldingTest_01_OK,2022-02-10 16:03:14.569,10,250,241.2,83,1670,1702,0,1714.011058058723,-12.011058058722938,-1.3277352925220087,0,0.0047515126834385794,,N
WeldingTest_01_OK,2022-02-10 16:03:17.375,11,250,241.1,82,1154,1679,0,1693.077006948619,-14.0770069486191,-1.7456753723274472,0,0.010893354259789748,,N
WeldingTest_01_OK,2022-02-10 16:03:20.567,12,250,241.2,83,1670,1703,0,1716.0000403355489,-13.000040335548874,-1.4441400257649193,0,0.005989618390928836,,N
WeldingTest_01_OK,2022-02-10 16:03:25.021,13,30,19.4,38,650,683,0,688.0006063384444,-5.000606338444413,-1.6827212385847747,0,0.009617017605510333,,N
WeldingTest_01_OK,2022-02-10 16:03:26.797,14,30,19.4,38,650,682,0,688.0006063384444,-6.000606338444413,-2.0192654454897943,0,0.018679561201894783,,N
WeldingTest_01_OK,2022-02-10 16:03:29.807,15,30,19.4,38,650,683,0,688.0006063384444,-5.000606338444413,-1.6827212385847747,0,0.009617017605510333,,N
WeldingTest_01_OK,2022-02-10 16:03:33.207,16,30,19.4,38,650,683,0,688.0006063384444,-5.000606338444413,-1.6827212385847747,0,0.009617017605510333,,N
WeldingTest_01_OK,2022-02-10 16:03:34.967,17,30,19.4,38,650,682,0,688.0006063384444,-6.000606338444413,-2.0192654454897943,0,0.018679561201894783,,N
WeldingTest_01_OK,2022-02-10 16:03:36.671,18,30,19.4,38,650,682,0,688.0006063384444,-6.000606338444413,-2.0192654454897943,0,0.018679561201894783,,N
WeldingTest_01_OK,2022-02-10 16:03:57.181,19,250,241.1,83,1670,1693,0,1707.000103955623,-14.00010395562299,-1.5618490501311424,0,0.007567457481096474,,N
WeldingTest_01_OK,2022-02-10 16:03:59.763,20,250,241.2,82,1154,1675,0,1689.0001549203207,-14.00015492032071,-1.7359257089218896,0,0.010685246446115904,,N
WeldingTest_01_OK,2022-02-10 16:04:03.225,21,250,241.1,83,1670,1698,0,1712.3737369702349,-14.373736970234859,-1.6058262299206787,0,0.00825745150740416,,N
WeldingTest_01_OK,2022-02-10 16:04:05.859,22,250,241.2,82,1154,1678,0,1692.099787412438,-14.09978741243799,-1.7485653657261162,0,0.0109558082057945,,N
WeldingTest_01_OK,2022-02-10 16:04:09.283,23,250,241.1,83,1670,1700,0,1714.000016164169,-14.000016164168983,-1.5618387169421417,0,0.00756730227422851,,N
WeldingTest_01_OK,2022-02-10 16:04:11.965,24,250,241.2,82,1154,1680,0,1693.9999960126588,-13.999996012658812,-1.735905549451146,0,0.010684820240092834,,N
WeldingTest_01_OK,2022-02-10 16:04:18.339,25,250,241.1,83,1670,1698,0,1712.9966966279746,-14.996696627974643,-1.6791495386184112,0,0.009549217865338152,,N
WeldingTest_01_OK,2022-02-10 16:04:21.077,26,250,241.2,82,1154,1679,0,1693.0000140611949,-14.000014061194861,-1.7359078391389438,0,0.010684868647200188,,N
WeldingTest_01_OK,2022-02-10 16:04:24.489,27,250,241.1,83,1670,1702,0,1716.0029705464842,-14.002970546484221,-1.5621864522791253,0,0.007572527074704184,,N
WeldingTest_01_OK,2022-02-10 16:04:27.083,28,250,241.2,82,1154,1680,0,1694.999985710131,-14.999985710131114,-1.8627670412718451,0,0.013728388839775599,,N
WeldingTest_01_OK,2022-02-10 16:04:30.635,29,250,241.1,83,1670,1703,0,1716.999967777064,-13.999967777064057,-1.5618330217055605,0,0.0075672167318196325,,N
WeldingTest_01_OK,2022-02-10 16:04:33.295,30,250,241.2,82,1154,1682,0,1696.988693652646,-14.988693652645907,-1.861334499254743,0,0.013689649828684303,,N
WeldingTest_01_OK,2022-02-10 16:04:37.743,31,30,19.4,38,650,683,0,688.0006063384444,-5.000606338444413,-1.6827212385847747,0,0.009617017605510333,,N
WeldingTest_01_OK,2022-02-10 16:04:39.227,32,30,19.4,38,650,682,0,688.0006063384444,-6.000606338444413,-2.0192654454897943,0,0.018679561201894783,,N
WeldingTest_01_OK,2022-02-10 16:04:42.341,33,30,19.4,38,650,683,0,688.0006063384444,-5.000606338444413,-1.6827212385847747,0,0.009617017605510333,,N
WeldingTest_01_OK,2022-02-10 16:04:44.089,34,30,19.4,38,650,682,0,688.0006063384444,-6.000606338444413,-2.0192654454897943,0,0.018679561201894783,,N
WeldingTest_01_OK,2022-02-10 16:04:47.649,35,30,19.4,38,650,683,0,688.0006063384444,-5.000606338444413,-1.6827212385847747,0,0.009617017605510333,,N
WeldingTest_01_OK,2022-02-10 16:04:49.365,36,30,19.4,38,650,682,0,688.0006063384444,-6.000606338444413,-2.0192654454897943,0,0.018679561201894783,,N
WeldingTest_01_OK,2022-02-10 16:04:51.049,37,30,19.4,38,650,682,0,688.0006063384444,-6.000606338444413,-2.0192654454897943,0,0.018679561201894783,,N
WeldingTest_01_OK,2022-02-10 16:04:54.041,38,30,19.4,38,650,683,0,688.0006063384444,-5.000606338444413,-1.6827212385847747,0,0.009617017605510333,,N
WeldingTest_01_OK,2022-02-10 16:04:55.537,39,30,19.4,38,650,682,0,688.0006063384444,-6.000606338444413,-2.0192654454897943,0,0.018679561201894783,,N
WeldingTest_01_OK,2022-02-10 16:31:03.907,1,250,241.1,82,1154,1661,0,1679.3760170564362,-18.37601705643624,-2.291059826795843,0,0.031741308764891174,,N
WeldingTest_01_OK,2022-02-10 16:31:07.177,2,250,241.2,83,1670,1687,0,1704.5159551916302,-17.515955191630155,-1.9756701416098148,0,0.017146605961034997,,N
WeldingTest_01_OK,2022-02-10 16:31:10.011,3,250,241.1,82,1153,1669,0,1687.0000658542688,-18.00006585426877,-2.243365605066052,0,0.028937042284513805,,N
WeldingTest_01_OK,2022-02-10 16:31:13.377,4,250,241.2,83,1670,1692,0,1708.9999966770276,-16.99999667702764,-1.9149410318329718,0,0.015215353967636736,,N
WeldingTest_01_OK,2022-02-10 16:31:16.249,5,250,241.1,82,1154,1671,0,1689.0246460370001,-18.02464603700014,-2.2464839158430623,0,0.02911280520990818,,N
WeldingTest_01_OK,2022-02-10 16:31:19.495,6,250,241.2,83,1670,1695,0,1712.029134968304,-17.029134968304106,-1.9183706534780405,0,0.015318474316666093,,N
WeldingTest_01_OK,2022-02-10 16:31:25.377,7,250,241.1,82,1153,1670,0,1687.9999985928248,-17.999998592824795,-2.2433570720910163,0,0.02893656274046461,,N
WeldingTest_01_OK,2022-02-10 16:31:28.575,8,250,241.2,83,1670,1695,0,1711.9999942256752,-16.99999422567521,-1.9149407433050252,0,0.015215345321121962,,N
WeldingTest_01_OK,2022-02-10 16:31:31.381,9,250,241.1,82,1154,1674,0,1692.000000006275,-18.00000000627506,-2.2433572514052726,0,0.028936572817654268,,N
WeldingTest_01_OK,2022-02-10 16:31:34.775,10,250,241.2,83,1670,1698,0,1714.011058058723,-16.011058058722938,-1.7985414372650783,0,0.0120935336194864,,N
WeldingTest_01_OK,2022-02-10 16:31:37.519,11,250,241.1,82,1154,1677,0,1693.077006948619,-16.0770069486191,-1.9994009699838435,0,0.01796506119526526,,N
WeldingTest_01_OK,2022-02-10 16:31:40.821,12,250,241.2,83,1670,1699,0,1716.0000403355489,-17.000040335548874,-1.9149461705079889,0,0.015215507962644164,,N
WeldingTest_01_OK,2022-02-10 16:31:45.225,13,30,19.4,38,650,682,0,688.0006063384444,-6.000606338444413,-2.0192654454897943,0,0.018679561201894783,,N
WeldingTest_01_OK,2022-02-10 16:31:46.961,14,30,19.4,38,650,682,0,688.0006063384444,-6.000606338444413,-2.0192654454897943,0,0.018679561201894783,,N
WeldingTest_01_OK,2022-02-10 16:31:49.889,15,30,19.4,38,650,682,0,688.0006063384444,-6.000606338444413,-2.0192654454897943,0,0.018679561201894783,,N
WeldingTest_01_OK,2022-02-10 16:31:53.285,16,30,19.4,38,650,682,0,688.0006063384444,-6.000606338444413,-2.0192654454897943,0,0.018679561201894783,,N
WeldingTest_01_OK,2022-02-10 16:31:55.033,17,30,19.4,38,650,682,0,688.0006063384444,-6.000606338444413,-2.0192654454897943,0,0.018679561201894783,,N
WeldingTest_01_OK,2022-02-10 16:31:56.741,18,30,19.4,38,650,682,0,688.0006063384444,-6.000606338444413,-2.0192654454897943,0,0.018679561201894783,,N
WeldingTest_01_OK,2022-02-10 16:32:17.167,19,250,241.1,83,1670,1690,0,1707.000103955623,-17.00010395562299,-1.9149536586884446,0,0.015215732370009625,,N
WeldingTest_01_OK,2022-02-10 16:32:19.789,20,250,241.2,82,1154,1673,0,1689.0001549203207,-16.00015492032071,-1.989651306578286,0,0.01762426196713884,,N
WeldingTest_01_OK,2022-02-10 16:32:23.293,21,250,241.1,83,1670,1697,0,1712.3737369702349,-15.373736970234859,-1.723527766106446,0,0.010426282629246476,,N
WeldingTest_01_OK,2022-02-10 16:32:25.945,22,250,241.2,82,1154,1677,0,1692.099787412438,-15.09978741243799,-1.8754281645543143,0,0.01407550570912607,,N
WeldingTest_01_OK,2022-02-10 16:32:29.399,23,250,241.1,83,1670,1699,0,1714.000016164169,-15.000016164168983,-1.679540253127909,0,0.009556611477923933,,N
WeldingTest_01_OK,2022-02-10 16:32:32.051,24,250,241.2,82,1154,1678,0,1693.9999960126588,-15.999996012658812,-1.989631147107542,0,0.017623563912780586,,N
WeldingTest_01_OK,2022-02-10 16:32:38.487,25,250,241.1,83,1670,1697,0,1712.9966966279746,-15.996696627974643,-1.7968510748041786,0,0.012053209703825838,,N
WeldingTest_01_OK,2022-02-10 16:32:41.203,26,250,241.2,82,1154,1677,0,1693.0000140611949,-16.00001406119486,-1.98963343679534,0,0.017623643195565915,,N
WeldingTest_01_OK,2022-02-10 16:32:44.663,27,250,241.1,83,1670,1700,0,1716.0029705464842,-16.00297054648422,-1.7975895246506601,0,0.012070809201601864,,N
WeldingTest_01_OK,2022-02-10 16:32:47.255,28,250,241.2,82,1154,1679,0,1694.999985710131,-15.999985710131114,-1.9896298401000434,0,0.01762351865646421,,N
WeldingTest_01_OK,2022-02-10 16:32:50.705,29,250,241.1,83,1670,1702,0,1716.999967777064,-14.999967777064057,-1.6795345578913279,0,0.00955650366447817,,N
WeldingTest_01_OK,2022-02-10 16:32:53.351,30,250,241.2,82,1154,1680,0,1696.988693652646,-16.988693652645907,-2.1150600969111393,0,0.02253528686764939,,N
WeldingTest_01_OK,2022-02-10 16:32:57.585,31,30,19.4,38,650,682,0,688.0006063384444,-6.000606338444413,-2.0192654454897943,0,0.018679561201894783,,N
WeldingTest_01_OK,2022-02-10 16:32:59.137,32,30,19.4,38,650,682,0,688.0006063384444,-6.000606338444413,-2.0192654454897943,0,0.018679561201894783,,N
WeldingTest_01_OK,2022-02-10 16:33:02.205,33,30,19.4,38,650,682,0,688.0006063384444,-6.000606338444413,-2.0192654454897943,0,0.018679561201894783,,N
WeldingTest_01_OK,2022-02-10 16:33:03.981,34,30,19.4,38,650,682,0,688.0006063384444,-6.000606338444413,-2.0192654454897943,0,0.018679561201894783,,N
WeldingTest_01_OK,2022-02-10 16:33:07.509,35,30,19.4,38,650,682,0,688.0006063384444,-6.000606338444413,-2.0192654454897943,0,0.018679561201894783,,N
WeldingTest_01_OK,2022-02-10 16:33:09.219,36,30,19.4,38,650,682,0,688.0006063384444,-6.000606338444413,-2.0192654454897943,0,0.018679561201894783,,N
WeldingTest_01_OK,2022-02-10 16:33:10.951,37,30,19.4,38,650,682,0,688.0006063384444,-6.000606338444413,-2.0192654454897943,0,0.018679561201894783,,N
WeldingTest_01_OK,2022-02-10 16:33:13.963,38,30,19.4,38,650,682,0,688.0006063384444,-6.000606338444413,-2.0192654454897943,0,0.018679561201894783,,N
WeldingTest_01_OK,2022-02-10 16:33:15.439,39,30,19.4,38,650,682,0,688.0006063384444,-6.000606338444413,-2.0192654454897943,0,0.018679561201894783,,N
WeldingTest_01_OK,2022-02-10 16:47:04.199,1,250,241.1,82,1154,1661,0,1679.3760170564362,-18.37601705643624,-2.291059826795843,0,0.031741308764891174,,N
WeldingTest_01_OK,2022-02-10 16:47:07.507,2,250,241.2,83,1670,1687,0,1704.5159551916302,-17.515955191630155,-1.9756701416098148,0,0.017146605961034997,,N
WeldingTest_01_OK,2022-02-10 16:47:10.331,3,250,241.1,82,1153,1669,0,1687.0000658542688,-18.00006585426877,-2.243365605066052,0,0.028937042284513805,,N
WeldingTest_01_OK,2022-02-10 16:47:13.647,4,250,241.2,83,1670,1692,0,1708.9999966770276,-16.99999667702764,-1.9149410318329718,0,0.015215353967636736,,N
WeldingTest_01_OK,2022-02-10 16:47:16.401,5,250,241.1,82,1154,1671,0,1689.0246460370001,-18.02464603700014,-2.2464839158430623,0,0.02911280520990818,,N
WeldingTest_01_OK,2022-02-10 16:47:19.671,6,250,241.2,83,1670,1695,0,1712.029134968304,-17.029134968304106,-1.9183706534780405,0,0.015318474316666093,,N
WeldingTest_01_OK,2022-02-10 16:47:25.347,7,250,241.1,82,1153,1670,0,1687.9999985928248,-17.999998592824795,-2.2433570720910163,0,0.02893656274046461,,N
WeldingTest_01_OK,2022-02-10 16:47:28.605,8,250,241.2,83,1670,1695,0,1711.9999942256752,-16.99999422567521,-1.9149407433050252,0,0.015215345321121962,,N
WeldingTest_01_OK,2022-02-10 16:47:31.433,9,250,241.1,82,1154,1675,0,1692.000000006275,-17.00000000627506,-2.116494452577075,0,0.022598563884185442,,N
WeldingTest_01_OK,2022-02-10 16:47:34.647,10,250,241.2,83,1670,1698,0,1714.011058058723,-16.011058058722938,-1.7985414372650783,0,0.0120935336194864,,N
WeldingTest_01_OK,2022-02-10 16:47:37.401,11,250,241.1,82,1154,1677,0,1693.077006948619,-16.0770069486191,-1.9994009699838435,0,0.01796506119526526,,N
WeldingTest_01_OK,2022-02-10 16:47:40.741,12,250,241.2,83,1670,1699,0,1716.0000403355489,-17.000040335548874,-1.9149461705079889,0,0.015215507962644164,,N
WeldingTest_01_OK,2022-02-10 16:47:45.129,13,30,19.4,38,650,682,0,688.0006063384444,-6.000606338444413,-2.0192654454897943,0,0.018679561201894783,,N
WeldingTest_01_OK,2022-02-10 16:47:46.847,14,30,19.4,38,650,682,0,688.0006063384444,-6.000606338444413,-2.0192654454897943,0,0.018679561201894783,,N
WeldingTest_01_OK,2022-02-10 16:47:49.769,15,30,19.4,38,650,682,0,688.0006063384444,-6.000606338444413,-2.0192654454897943,0,0.018679561201894783,,N
WeldingTest_01_OK,2022-02-10 16:47:53.057,16,30,19.4,38,650,682,0,688.0006063384444,-6.000606338444413,-2.0192654454897943,0,0.018679561201894783,,N
WeldingTest_01_OK,2022-02-10 16:47:54.781,17,30,19.4,38,650,682,0,688.0006063384444,-6.000606338444413,-2.0192654454897943,0,0.018679561201894783,,N
WeldingTest_01_OK,2022-02-10 16:47:56.519,18,30,19.4,38,650,682,0,688.0006063384444,-6.000606338444413,-2.0192654454897943,0,0.018679561201894783,,N
WeldingTest_01_OK,2022-02-10 16:48:17.133,19,250,241.1,83,1670,1690,0,1707.000103955623,-17.00010395562299,-1.9149536586884446,0,0.015215732370009625,,N
WeldingTest_01_OK,2022-02-10 16:48:19.745,20,250,241.2,82,1154,1673,0,1689.0001549203207,-16.00015492032071,-1.989651306578286,0,0.01762426196713884,,N
WeldingTest_01_OK,2022-02-10 16:48:23.175,21,250,241.1,83,1670,1697,0,1712.3737369702349,-15.373736970234859,-1.723527766106446,0,0.010426282629246476,,N
WeldingTest_01_OK,2022-02-10 16:48:25.831,22,250,241.2,82,1154,1677,0,1692.099787412438,-15.09978741243799,-1.8754281645543143,0,0.01407550570912607,,N
WeldingTest_01_OK,2022-02-10 16:48:29.279,23,250,241.1,83,1670,1699,0,1714.000016164169,-15.000016164168983,-1.679540253127909,0,0.009556611477923933,,N
WeldingTest_01_OK,2022-02-10 16:48:32.079,24,250,241.2,82,1154,1678,0,1693.9999960126588,-15.999996012658812,-1.989631147107542,0,0.017623563912780586,,N
WeldingTest_01_OK,2022-02-10 16:48:38.535,25,250,241.1,83,1670,1697,0,1712.9966966279746,-15.996696627974643,-1.7968510748041786,0,0.012053209703825838,,N
WeldingTest_01_OK,2022-02-10 16:48:41.125,26,250,241.2,82,1154,1678,0,1693.0000140611949,-15.000014061194861,-1.862770637967142,0,0.013728486238050749,,N
WeldingTest_01_OK,2022-02-10 16:48:44.589,27,250,241.1,83,1670,1700,0,1716.0029705464842,-16.00297054648422,-1.7975895246506601,0,0.012070809201601864,,N
WeldingTest_01_OK,2022-02-10 16:48:47.245,28,250,241.2,82,1154,1679,0,1694.999985710131,-15.999985710131114,-1.9896298401000434,0,0.01762351865646421,,N
WeldingTest_01_OK,2022-02-10 16:48:50.703,29,250,241.1,83,1670,1702,0,1716.999967777064,-14.999967777064057,-1.6795345578913279,0,0.00955650366447817,,N
WeldingTest_01_OK,2022-02-10 16:48:53.335,30,250,241.2,82,1154,1680,0,1696.988693652646,-16.988693652645907,-2.1150600969111393,0,0.02253528686764939,,N
WeldingTest_01_OK,2022-02-10 16:48:57.607,31,30,19.4,38,650,682,0,688.0006063384444,-6.000606338444413,-2.0192654454897943,0,0.018679561201894783,,N
WeldingTest_01_OK,2022-02-10 16:48:59.113,32,30,19.4,38,650,682,0,688.0006063384444,-6.000606338444413,-2.0192654454897943,0,0.018679561201894783,,N
WeldingTest_01_OK,2022-02-10 16:49:02.202,33,30,19.4,38,650,682,0,688.0006063384444,-6.000606338444413,-2.0192654454897943,0,0.018679561201894783,,N
WeldingTest_01_OK,2022-02-10 16:49:03.966,34,30,19.4,38,650,682,0,688.0006063384444,-6.000606338444413,-2.0192654454897943,0,0.018679561201894783,,N
WeldingTest_01_OK,2022-02-10 16:49:07.478,35,30,19.4,38,650,682,0,688.0006063384444,-6.000606338444413,-2.0192654454897943,0,0.018679561201894783,,N
WeldingTest_01_OK,2022-02-10 16:49:09.208,36,30,19.4,38,650,682,0,688.0006063384444,-6.000606338444413,-2.0192654454897943,0,0.018679561201894783,,N
WeldingTest_01_OK,2022-02-10 16:49:10.942,37,30,19.4,38,650,682,0,688.0006063384444,-6.000606338444413,-2.0192654454897943,0,0.018679561201894783,,N
WeldingTest_01_OK,2022-02-10 16:49:13.952,38,30,19.4,38,650,682,0,688.0006063384444,-6.000606338444413,-2.0192654454897943,0,0.018679561201894783,,N
WeldingTest_01_OK,2022-02-10 16:49:15.390,39,30,19.4,38,650,682,0,688.0006063384444,-6.000606338444413,-2.0192654454897943,0,0.018679561201894783,,N
WeldingTest_01_OK,2022-02-10 17:08:39.246,1,250,241.1,82,1154,1661,0,1679.3760170564362,-18.37601705643624,-2.291059826795843,0,0.031741308764891174,,N
WeldingTest_01_OK,2022-02-10 17:08:42.444,2,250,241.2,83,1670,1687,0,1704.5159551916302,-17.515955191630155,-1.9756701416098148,0,0.017146605961034997,,N
WeldingTest_01_OK,2022-02-10 17:08:45.202,3,250,241.1,82,1153,1667,0,1687.0000658542688,-20.00006585426877,-2.4970912027224483,0,0.04716374458367817,,N
WeldingTest_01_OK,2022-02-10 17:08:48.534,4,250,241.2,83,1670,1692,0,1708.9999966770276,-16.99999667702764,-1.9149410318329718,0,0.015215353967636736,,N
WeldingTest_01_OK,2022-02-10 17:08:51.310,5,250,241.1,82,1154,1671,0,1689.0246460370001,-18.02464603700014,-2.2464839158430623,0,0.02911280520990818,,N
WeldingTest_01_OK,2022-02-10 17:08:54.574,6,250,241.2,83,1670,1695,0,1712.029134968304,-17.029134968304106,-1.9183706534780405,0,0.015318474316666093,,N
WeldingTest_01_OK,2022-02-10 17:09:00.382,7,250,241.1,82,1153,1670,0,1687.9999985928248,-17.999998592824795,-2.2433570720910163,0,0.02893656274046461,,N
WeldingTest_01_OK,2022-02-10 17:09:03.618,8,250,241.2,83,1670,1695,0,1711.9999942256752,-16.99999422567521,-1.9149407433050252,0,0.015215345321121962,,N
WeldingTest_01_OK,2022-02-10 17:09:06.424,9,250,241.1,82,1154,1675,0,1692.000000006275,-17.00000000627506,-2.116494452577075,0,0.022598563884185442,,N
WeldingTest_01_OK,2022-02-10 17:09:09.664,10,250,241.2,83,1670,1698,0,1714.011058058723,-16.011058058722938,-1.7985414372650783,0,0.0120935336194864,,N
WeldingTest_01_OK,2022-02-10 17:09:12.412,11,250,241.1,82,1154,1677,0,1693.077006948619,-16.0770069486191,-1.9994009699838435,0,0.01796506119526526,,N
WeldingTest_01_OK,2022-02-10 17:09:15.678,12,250,241.2,83,1670,1699,0,1716.0000403355489,-17.000040335548874,-1.9149461705079889,0,0.015215507962644164,,N
WeldingTest_01_OK,2022-02-10 17:09:20.226,13,30,19.4,38,650,682,0,688.0006063384444,-6.000606338444413,-2.0192654454897943,0,0.018679561201894783,,N
WeldingTest_01_OK,2022-02-10 17:09:21.930,14,30,19.4,38,650,682,0,688.0006063384444,-6.000606338444413,-2.0192654454897943,0,0.018679561201894783,,N
WeldingTest_01_OK,2022-02-10 17:09:24.866,15,30,19.4,38,650,682,0,688.0006063384444,-6.000606338444413,-2.0192654454897943,0,0.018679561201894783,,N
WeldingTest_01_OK,2022-02-10 17:09:28.288,16,30,19.4,38,650,682,0,688.0006063384444,-6.000606338444413,-2.0192654454897943,0,0.018679561201894783,,N
WeldingTest_01_OK,2022-02-10 17:09:30.042,17,30,19.4,38,650,682,0,688.0006063384444,-6.000606338444413,-2.0192654454897943,0,0.018679561201894783,,N
WeldingTest_01_OK,2022-02-10 17:09:31.720,18,30,19.4,38,650,682,0,688.0006063384444,-6.000606338444413,-2.0192654454897943,0,0.018679561201894783,,N
WeldingTest_01_OK,2022-02-10 17:09:52.204,19,250,241.1,83,1670,1690,0,1707.000103955623,-17.00010395562299,-1.9149536586884446,0,0.015215732370009625,,N
WeldingTest_01_OK,2022-02-10 17:09:54.842,20,250,241.2,82,1154,1673,0,1689.0001549203207,-16.00015492032071,-1.989651306578286,0,0.01762426196713884,,N
WeldingTest_01_OK,2022-02-10 17:09:58.238,21,250,241.1,83,1670,1697,0,1712.3737369702349,-15.373736970234859,-1.723527766106446,0,0.010426282629246476,,N
WeldingTest_01_OK,2022-02-10 17:10:00.834,22,250,241.2,82,1154,1677,0,1692.099787412438,-15.09978741243799,-1.8754281645543143,0,0.01407550570912607,,N
WeldingTest_01_OK,2022-02-10 17:10:04.280,23,250,241.1,83,1670,1699,0,1714.000016164169,-15.000016164168983,-1.679540253127909,0,0.009556611477923933,,N
WeldingTest_01_OK,2022-02-10 17:10:06.924,24,250,241.2,82,1154,1678,0,1693.9999960126588,-15.999996012658812,-1.989631147107542,0,0.017623563912780586,,N
WeldingTest_01_OK,2022-02-10 17:10:13.341,25,250,241.1,83,1670,1697,0,1712.9966966279746,-15.996696627974643,-1.7968510748041786,0,0.012053209703825838,,N
WeldingTest_01_OK,2022-02-10 17:10:15.957,26,250,241.2,82,1154,1678,0,1693.0000140611949,-15.000014061194861,-1.862770637967142,0,0.013728486238050749,,N
WeldingTest_01_OK,2022-02-10 17:10:19.499,27,250,241.1,83,1670,1700,0,1716.0029705464842,-16.00297054648422,-1.7975895246506601,0,0.012070809201601864,,N
WeldingTest_01_OK,2022-02-10 17:10:22.169,28,250,241.2,82,1154,1679,0,1694.999985710131,-15.999985710131114,-1.9896298401000434,0,0.01762351865646421,,N
WeldingTest_01_OK,2022-02-10 17:10:25.725,29,250,241.1,83,1670,1702,0,1716.999967777064,-14.999967777064057,-1.6795345578913279,0,0.00955650366447817,,N
WeldingTest_01_OK,2022-02-10 17:10:28.369,30,250,241.2,82,1154,1680,0,1696.988693652646,-16.988693652645907,-2.1150600969111393,0,0.02253528686764939,,N
WeldingTest_01_OK,2022-02-10 17:10:32.803,31,30,19.4,38,650,682,0,688.0006063384444,-6.000606338444413,-2.0192654454897943,0,0.018679561201894783,,N
WeldingTest_01_OK,2022-02-10 17:10:34.297,32,30,19.4,38,650,682,0,688.0006063384444,-6.000606338444413,-2.0192654454897943,0,0.018679561201894783,,N
WeldingTest_01_OK,2022-02-10 17:10:37.397,33,30,19.4,38,650,682,0,688.0006063384444,-6.000606338444413,-2.0192654454897943,0,0.018679561201894783,,N
WeldingTest_01_OK,2022-02-10 17:10:39.181,34,30,19.4,38,650,682,0,688.0006063384444,-6.000606338444413,-2.0192654454897943,0,0.018679561201894783,,N
WeldingTest_01_OK,2022-02-10 17:10:42.699,35,30,19.4,38,650,682,0,688.0006063384444,-6.000606338444413,-2.0192654454897943,0,0.018679561201894783,,N
WeldingTest_01_OK,2022-02-10 17:10:44.399,36,30,19.4,38,650,682,0,688.0006063384444,-6.000606338444413,-2.0192654454897943,0,0.018679561201894783,,N
WeldingTest_01_OK,2022-02-10 17:10:46.153,37,30,19.4,38,650,682,0,688.0006063384444,-6.000606338444413,-2.0192654454897943,0,0.018679561201894783,,N
WeldingTest_01_OK,2022-02-10 17:10:49.117,38,30,19.4,38,650,682,0,688.0006063384444,-6.000606338444413,-2.0192654454897943,0,0.018679561201894783,,N
WeldingTest_01_OK,2022-02-10 17:10:50.617,39,30,19.4,38,650,682,0,688.0006063384444,-6.000606338444413,-2.0192654454897943,0,0.018679561201894783,,N
WeldingTest_01_OK,2022-02-10 17:11:37.677,1,250,241.1,82,1154,1666,0,1679.3760170564362,-13.37601705643624,-1.6567458326548528,0,0.009134608750412332,,N
WeldingTest_01_OK,2022-02-10 17:11:40.959,2,250,241.2,83,1670,1693,0,1704.5159551916302,-11.515955191630155,-1.2694609244952104,0,0.004230994860978531,,N
WeldingTest_01_OK,2022-02-10 17:11:43.803,3,250,241.1,82,1153,1674,0,1687.0000658542688,-13.000065854268769,-1.6090516109250617,0,0.008310446435601117,,N
WeldingTest_01_OK,2022-02-10 17:11:47.053,4,250,241.2,83,1670,1697,0,1708.9999966770276,-11.999996677027639,-1.3264333509041348,0,0.004739214952482194,,N
WeldingTest_01_OK,2022-02-10 17:11:49.871,5,250,241.1,82,1154,1677,0,1689.0246460370001,-12.024646037000139,-1.4853071228738737,0,0.006500297908201265,,N
WeldingTest_01_OK,2022-02-10 17:11:53.131,6,250,241.2,83,1670,1699,0,1712.029134968304,-13.029134968304106,-1.447564508734971,0,0.006030533648218996,,N
WeldingTest_01_OK,2022-02-10 17:11:58.857,7,250,241.1,82,1153,1674,0,1687.9999985928248,-13.999998592824795,-1.735905876778224,0,0.010684827160218192,,N
WeldingTest_01_OK,2022-02-10 17:12:02.255,8,250,241.2,83,1670,1699,0,1711.9999942256752,-12.99999422567521,-1.4441345985619556,0,0.005989553766933549,,N
WeldingTest_01_OK,2022-02-10 17:12:05.077,9,250,241.1,82,1154,1678,0,1692.000000006275,-14.000000006275059,-1.7359060560924804,0,0.010684830951159515,,N
WeldingTest_01_OK,2022-02-10 17:12:08.323,10,250,241.2,83,1670,1702,0,1714.011058058723,-12.011058058722938,-1.3277352925220087,0,0.0047515126834385794,,N
WeldingTest_01_OK,2022-02-10 17:12:11.073,11,250,241.1,82,1154,1680,0,1693.077006948619,-13.0770069486191,-1.6188125734992491,0,0.008472888170893483,,N
WeldingTest_01_OK,2022-02-10 17:12:14.485,12,250,241.2,83,1670,1703,0,1716.0000403355489,-13.000040335548874,-1.4441400257649193,0,0.005989618390928836,,N
WeldingTest_01_OK,2022-02-10 17:12:19.015,13,30,19.4,38,650,683,0,688.0006063384444,-5.000606338444413,-1.6827212385847747,0,0.009617017605510333,,N
WeldingTest_01_OK,2022-02-10 17:12:20.735,14,30,19.4,38,650,682,0,688.0006063384444,-6.000606338444413,-2.0192654454897943,0,0.018679561201894783,,N
WeldingTest_01_OK,2022-02-10 17:12:23.655,15,30,19.4,38,650,683,0,688.0006063384444,-5.000606338444413,-1.6827212385847747,0,0.009617017605510333,,N
WeldingTest_01_OK,2022-02-10 17:12:26.967,16,30,19.4,38,650,683,0,688.0006063384444,-5.000606338444413,-1.6827212385847747,0,0.009617017605510333,,N
WeldingTest_01_OK,2022-02-10 17:12:28.739,17,30,19.4,38,650,682,0,688.0006063384444,-6.000606338444413,-2.0192654454897943,0,0.018679561201894783,,N
WeldingTest_01_OK,2022-02-10 17:12:30.413,18,30,19.4,38,650,682,0,688.0006063384444,-6.000606338444413,-2.0192654454897943,0,0.018679561201894783,,N
WeldingTest_01_OK,2022-02-10 17:12:51.695,19,250,241.1,83,1670,1693,0,1707.000103955623,-14.00010395562299,-1.5618490501311424,0,0.007567457481096474,,N
WeldingTest_01_OK,2022-02-10 17:12:54.305,20,250,241.2,82,1154,1675,0,1689.0001549203207,-14.00015492032071,-1.7359257089218896,0,0.010685246446115904,,N
WeldingTest_01_OK,2022-02-10 17:12:57.737,21,250,241.1,83,1670,1698,0,1712.3737369702349,-14.373736970234859,-1.6058262299206787,0,0.00825745150740416,,N
WeldingTest_01_OK,2022-02-10 17:13:00.329,22,250,241.2,82,1154,1678,0,1692.099787412438,-14.09978741243799,-1.7485653657261162,0,0.0109558082057945,,N
WeldingTest_01_OK,2022-02-10 17:13:03.753,23,250,241.1,83,1670,1700,0,1714.000016164169,-14.000016164168983,-1.5618387169421417,0,0.00756730227422851,,N
WeldingTest_01_OK,2022-02-10 17:13:06.447,24,250,241.2,82,1154,1680,0,1693.9999960126588,-13.999996012658812,-1.735905549451146,0,0.010684820240092834,,N
WeldingTest_01_OK,2022-02-10 17:13:12.829,25,250,241.1,83,1670,1698,0,1712.9966966279746,-14.996696627974643,-1.6791495386184112,0,0.009549217865338152,,N
WeldingTest_01_OK,2022-02-10 17:13:15.407,26,250,241.2,82,1154,1680,0,1693.0000140611949,-13.000014061194861,-1.6090450403107457,0,0.008310338134403763,,N
WeldingTest_01_OK,2022-02-10 17:13:18.877,27,250,241.1,83,1670,1702,0,1716.0029705464842,-14.002970546484221,-1.5621864522791253,0,0.007572527074704184,,N
WeldingTest_01_OK,2022-02-10 17:13:21.541,28,250,241.2,82,1154,1682,0,1694.999985710131,-12.999985710131114,-1.609041443615449,0,0.008310278851893196,,N
WeldingTest_01_OK,2022-02-10 17:13:24.993,29,250,241.1,83,1670,1703,0,1716.999967777064,-13.999967777064057,-1.5618330217055605,0,0.0075672167318196325,,N
WeldingTest_01_OK,2022-02-10 17:13:27.729,30,250,241.2,82,1154,1682,0,1696.988693652646,-14.988693652645907,-1.861334499254743,0,0.013689649828684303,,N
WeldingTest_01_OK,2022-02-10 17:13:32.067,31,30,19.4,38,650,683,0,688.0006063384444,-5.000606338444413,-1.6827212385847747,0,0.009617017605510333,,N
WeldingTest_01_OK,2022-02-10 17:13:33.733,32,30,19.4,38,650,683,0,688.0006063384444,-5.000606338444413,-1.6827212385847747,0,0.009617017605510333,,N
WeldingTest_01_OK,2022-02-10 17:13:36.805,33,30,19.4,38,650,683,0,688.0006063384444,-5.000606338444413,-1.6827212385847747,0,0.009617017605510333,,N
WeldingTest_01_OK,2022-02-10 17:13:38.571,34,30,19.4,38,650,683,0,688.0006063384444,-5.000606338444413,-1.6827212385847747,0,0.009617017605510333,,N
WeldingTest_01_OK,2022-02-10 17:13:42.115,35,30,19.4,38,650,683,0,688.0006063384444,-5.000606338444413,-1.6827212385847747,0,0.009617017605510333,,N
WeldingTest_01_OK,2022-02-10 17:13:43.797,36,30,19.4,38,650,682,0,688.0006063384444,-6.000606338444413,-2.0192654454897943,0,0.018679561201894783,,N
WeldingTest_01_OK,2022-02-10 17:13:45.547,37,30,19.4,38,650,682,0,688.0006063384444,-6.000606338444413,-2.0192654454897943,0,0.018679561201894783,,N
WeldingTest_01_OK,2022-02-10 17:13:48.507,38,30,19.4,38,650,683,0,688.0006063384444,-5.000606338444413,-1.6827212385847747,0,0.009617017605510333,,N
WeldingTest_01_OK,2022-02-10 17:13:50.029,39,30,19.4,38,650,682,0,688.0006063384444,-6.000606338444413,-2.0192654454897943,0,0.018679561201894783,,N
WeldingTest_02_OK,2022-02-11 09:12:28.065,1,250,241.1,82,1154,1660,0,1679.3760170564362,-19.37601705643624,-2.4179226256240414,0,0.04053715039861013,,N
WeldingTest_02_OK,2022-02-11 09:12:31.355,2,250,241.2,83,1670,1685,0,1704.5159551916302,-19.515955191630155,-2.2110732139813494,0,0.02717640658643964,,N
WeldingTest_02_OK,2022-02-11 09:12:34.187,3,250,241.1,82,1153,1666,0,1687.0000658542688,-21.00006585426877,-2.6239540015506466,0,0.05996861071980792,,N
WeldingTest_02_OK,2022-02-11 09:12:37.429,4,250,241.2,83,1670,1690,0,1708.9999966770276,-18.99999667702764,-2.150344104204507,0,0.024143230529360713,,N
WeldingTest_02_OK,2022-02-11 09:12:40.189,5,250,241.1,82,1154,1670,0,1689.0246460370001,-19.02464603700014,-2.3733467146712606,0,0.03720825199081969,,N
WeldingTest_02_OK,2022-02-11 09:12:43.509,6,250,241.2,83,1670,1693,0,1712.029134968304,-19.029134968304106,-2.1537737258495753,0,0.024305365173372517,,N
WeldingTest_02_OK,2022-02-11 09:12:49.277,7,250,241.1,82,1153,1669,0,1687.9999985928248,-18.999998592824795,-2.3702198709192146,0,0.036984868387859825,,N
WeldingTest_02_OK,2022-02-11 09:12:52.547,8,250,241.2,83,1670,1694,0,1711.9999942256752,-17.99999422567521,-2.032642279490793,0,0.019176340368008915,,N
WeldingTest_02_OK,2022-02-11 09:12:55.389,9,250,241.1,82,1154,1673,0,1692.000000006275,-19.00000000627506,-2.370220050233471,0,0.03698488116112934,,N
WeldingTest_02_OK,2022-02-11 09:12:58.755,10,250,241.2,83,1670,1695,0,1714.011058058723,-19.011058058722938,-2.1516460458223805,0,0.02420465496536864,,N
WeldingTest_02_OK,2022-02-11 09:13:01.615,11,250,241.1,82,1154,1675,0,1693.077006948619,-18.0770069486191,-2.2531265676402397,0,0.029490675990642055,,N
WeldingTest_02_OK,2022-02-11 09:13:04.827,12,250,241.2,83,1670,1698,0,1716.0000403355489,-18.000040335548874,-2.0326477066937563,0,0.019176544525344244,,N
WeldingTest_02_OK,2022-02-11 09:13:09.307,13,30,19.4,38,650,682,0,688.0006063384444,-6.000606338444413,-2.0192654454897943,0,0.018679561201894783,,N
WeldingTest_02_OK,2022-02-11 09:13:11.019,14,30,19.4,38,650,680,0,688.0006063384444,-8.000606338444413,-2.6923538592998333,0,0.06816069625925017,,N
WeldingTest_02_OK,2022-02-11 09:13:13.949,15,30,19.4,38,650,682,0,688.0006063384444,-6.000606338444413,-2.0192654454897943,0,0.018679561201894783,,N
WeldingTest_02_OK,2022-02-11 09:13:17.335,16,30,19.4,38,650,680,0,688.0006063384444,-8.000606338444413,-2.6923538592998333,0,0.06816069625925017,,N
WeldingTest_02_OK,2022-02-11 09:13:19.101,17,30,19.4,38,650,680,0,688.0006063384444,-8.000606338444413,-2.6923538592998333,0,0.06816069625925017,,N
WeldingTest_02_OK,2022-02-11 09:13:20.805,18,30,19.4,38,650,680,0,688.0006063384444,-8.000606338444413,-2.6923538592998333,0,0.06816069625925017,,N
WeldingTest_02_OK,2022-02-11 09:13:41.227,19,250,241.1,83,1670,1689,0,1707.000103955623,-18.00010395562299,-2.032655194874212,0,0.01917682621481966,,N
WeldingTest_02_OK,2022-02-11 09:13:43.807,20,250,241.2,82,1154,1671,0,1689.0001549203207,-18.00015492032071,-2.243376904234682,0,0.028937677297542166,,N
WeldingTest_02_OK,2022-02-11 09:13:47.243,21,250,241.1,83,1670,1695,0,1712.3737369702349,-17.37373697023486,-1.9589308384779809,0,0.01659143080875386,,N
WeldingTest_02_OK,2022-02-11 09:13:49.983,22,250,241.2,82,1154,1674,0,1692.099787412438,-18.09978741243799,-2.2560165610389085,0,0.02965655550795212,,N
WeldingTest_02_OK,2022-02-11 09:13:53.453,23,250,241.1,83,1670,1697,0,1714.000016164169,-17.000016164168983,-1.914943325499444,0,0.015215422703684443,,N
WeldingTest_02_OK,2022-02-11 09:13:56.171,24,250,241.2,82,1154,1677,0,1693.9999960126588,-16.999996012658812,-2.11649394593574,0,0.02259854150294162,,N
WeldingTest_02_OK,2022-02-11 09:14:02.597,25,250,241.1,83,1670,1695,0,1712.9966966279746,-17.996696627974643,-2.0322541471757134,0,0.019161745358881054,,N
WeldingTest_02_OK,2022-02-11 09:14:05.183,26,250,241.2,82,1154,1675,0,1693.0000140611949,-18.00001406119486,-2.2433590344517365,0,0.028936673022350638,,N
WeldingTest_02_OK,2022-02-11 09:14:08.627,27,250,241.1,83,1670,1699,0,1716.0029705464842,-17.00297054648422,-1.9152910608364275,0,0.015225847090383205,,N
WeldingTest_02_OK,2022-02-11 09:14:11.315,28,250,241.2,82,1154,1678,0,1694.999985710131,-16.999985710131114,-2.1164926389282415,0,0.022598483765049245,,N
WeldingTest_02_OK,2022-02-11 09:14:14.863,29,250,241.1,83,1670,1700,0,1716.999967777064,-16.999967777064057,-1.9149376302628627,0,0.015215252030760974,,N
WeldingTest_02_OK,2022-02-11 09:14:17.555,30,250,241.2,82,1154,1679,0,1696.988693652646,-17.988693652645907,-2.241922895739337,0,0.02885607302592614,,N
WeldingTest_02_OK,2022-02-11 09:14:21.981,31,30,19.4,38,650,682,0,688.0006063384444,-6.000606338444413,-2.0192654454897943,0,0.018679561201894783,,N
WeldingTest_02_OK,2022-02-11 09:14:23.493,32,30,19.4,38,650,682,0,688.0006063384444,-6.000606338444413,-2.0192654454897943,0,0.018679561201894783,,N
WeldingTest_02_OK,2022-02-11 09:14:26.559,33,30,19.4,38,650,682,0,688.0006063384444,-6.000606338444413,-2.0192654454897943,0,0.018679561201894783,,N
WeldingTest_02_OK,2022-02-11 09:14:28.327,34,30,19.4,38,650,682,0,688.0006063384444,-6.000606338444413,-2.0192654454897943,0,0.018679561201894783,,N
WeldingTest_02_OK,2022-02-11 09:14:31.859,35,30,19.4,38,650,682,0,688.0006063384444,-6.000606338444413,-2.0192654454897943,0,0.018679561201894783,,N
WeldingTest_02_OK,2022-02-11 09:14:33.577,36,30,19.4,38,650,682,0,688.0006063384444,-6.000606338444413,-2.0192654454897943,0,0.018679561201894783,,N
WeldingTest_02_OK,2022-02-11 09:14:35.299,37,30,19.4,38,650,682,0,688.0006063384444,-6.000606338444413,-2.0192654454897943,0,0.018679561201894783,,N
WeldingTest_02_OK,2022-02-11 09:14:38.289,38,30,19.4,38,650,682,0,688.0006063384444,-6.000606338444413,-2.0192654454897943,0,0.018679561201894783,,N
WeldingTest_02_OK,2022-02-11 09:14:39.787,39,30,19.4,38,650,682,0,688.0006063384444,-6.000606338444413,-2.0192654454897943,0,0.018679561201894783,,N
WeldingTest_02_OK,2022-02-11 09:15:26.139,1,250,241.1,82,1154,1665,0,1679.3760170564362,-14.37601705643624,-1.7836086314830508,0,0.011741871224911007,,N
WeldingTest_02_OK,2022-02-11 09:15:29.469,2,250,241.2,83,1670,1692,0,1704.5159551916302,-12.515955191630155,-1.3871624606809778,0,0.005347974410351919,,N
WeldingTest_02_OK,2022-02-11 09:15:32.299,3,250,241.1,82,1153,1671,0,1687.0000658542688,-16.00006585426877,-1.9896400074096559,0,0.017623870711761705,,N
WeldingTest_02_OK,2022-02-11 09:15:35.541,4,250,241.2,83,1670,1695,0,1708.9999966770276,-13.999996677027639,-1.5618364232756696,0,0.007567267823260635,,N
WeldingTest_02_OK,2022-02-11 09:15:38.355,5,250,241.1,82,1154,1674,0,1689.0246460370001,-15.024646037000139,-1.8658955193584679,0,0.013813365798905075,,N
WeldingTest_02_OK,2022-02-11 09:15:41.759,6,250,241.2,83,1670,1698,0,1712.029134968304,-14.029134968304106,-1.5652660449207383,0,0.00761895515219327,,N
WeldingTest_02_OK,2022-02-11 09:15:47.549,7,250,241.1,82,1153,1673,0,1687.9999985928248,-14.999998592824795,-1.8627686756064221,0,0.013728433097365383,,N
WeldingTest_02_OK,2022-02-11 09:15:50.821,8,250,241.2,83,1670,1697,0,1711.9999942256752,-14.99999422567521,-1.6795376709334904,0,0.009556562595647659,,N
WeldingTest_02_OK,2022-02-11 09:15:53.547,9,250,241.1,82,1154,1677,0,1692.000000006275,-15.000000006275059,-1.8627688549206785,0,0.01372843795318309,,N
WeldingTest_02_OK,2022-02-11 09:15:56.831,10,250,241.2,83,1670,1699,0,1714.011058058723,-15.011058058722938,-1.680839901079311,0,0.009581245938673098,,N
WeldingTest_02_OK,2022-02-11 09:15:59.601,11,250,241.1,82,1154,1678,0,1693.077006948619,-15.0770069486191,-1.8725381711556455,0,0.013995519477128947,,N
WeldingTest_02_OK,2022-02-11 09:16:02.819,12,250,241.2,83,1670,1702,0,1716.0000403355489,-14.000040335548874,-1.5618415619506867,0,0.007567345006594005,,N
WeldingTest_02_OK,2022-02-11 09:16:07.313,13,30,19.4,38,650,682,0,688.0006063384444,-6.000606338444413,-2.0192654454897943,0,0.018679561201894783,,N
WeldingTest_02_OK,2022-02-11 09:16:09.011,14,30,19.4,38,650,682,0,688.0006063384444,-6.000606338444413,-2.0192654454897943,0,0.018679561201894783,,N
WeldingTest_02_OK,2022-02-11 09:16:11.925,15,30,19.4,38,650,682,0,688.0006063384444,-6.000606338444413,-2.0192654454897943,0,0.018679561201894783,,N
WeldingTest_02_OK,2022-02-11 09:16:15.251,16,30,19.4,38,650,682,0,688.0006063384444,-6.000606338444413,-2.0192654454897943,0,0.018679561201894783,,N
WeldingTest_02_OK,2022-02-11 09:16:16.991,17,30,19.4,38,650,682,0,688.0006063384444,-6.000606338444413,-2.0192654454897943,0,0.018679561201894783,,N
WeldingTest_02_OK,2022-02-11 09:16:18.713,18,30,19.4,38,650,682,0,688.0006063384444,-6.000606338444413,-2.0192654454897943,0,0.018679561201894783,,N
WeldingTest_02_OK,2022-02-11 09:16:39.087,19,250,241.1,83,1670,1692,0,1707.000103955623,-15.00010395562299,-1.6795505863169098,0,0.009556807093015852,,N
WeldingTest_02_OK,2022-02-11 09:16:41.717,20,250,241.2,82,1154,1674,0,1689.0001549203207,-15.00015492032071,-1.8627885077500876,0,0.013728970160715663,,N
WeldingTest_02_OK,2022-02-11 09:16:45.147,21,250,241.1,83,1670,1697,0,1712.3737369702349,-15.373736970234859,-1.723527766106446,0,0.010426282629246476,,N
WeldingTest_02_OK,2022-02-11 09:16:47.923,22,250,241.2,82,1154,1677,0,1692.099787412438,-15.09978741243799,-1.8754281645543143,0,0.01407550570912607,,N
WeldingTest_02_OK,2022-02-11 09:16:51.353,23,250,241.1,83,1670,1699,0,1714.000016164169,-15.000016164168983,-1.679540253127909,0,0.009556611477923933,,N
WeldingTest_02_OK,2022-02-11 09:16:54.049,24,250,241.2,82,1154,1678,0,1693.9999960126588,-15.999996012658812,-1.989631147107542,0,0.017623563912780586,,N
WeldingTest_02_OK,2022-02-11 09:17:00.513,25,250,241.1,83,1670,1697,0,1712.9966966279746,-15.996696627974643,-1.7968510748041786,0,0.012053209703825838,,N
WeldingTest_02_OK,2022-02-11 09:17:03.107,26,250,241.2,82,1154,1678,0,1693.0000140611949,-15.000014061194861,-1.862770637967142,0,0.013728486238050749,,N
WeldingTest_02_OK,2022-02-11 09:17:06.557,27,250,241.1,83,1670,1700,0,1716.0029705464842,-16.00297054648422,-1.7975895246506601,0,0.012070809201601864,,N
WeldingTest_02_OK,2022-02-11 09:17:09.229,28,250,241.2,82,1154,1679,0,1694.999985710131,-15.999985710131114,-1.9896298401000434,0,0.01762351865646421,,N
WeldingTest_02_OK,2022-02-11 09:17:12.679,29,250,241.1,83,1670,1702,0,1716.999967777064,-14.999967777064057,-1.6795345578913279,0,0.00955650366447817,,N
WeldingTest_02_OK,2022-02-11 09:17:15.305,30,250,241.2,82,1154,1680,0,1696.988693652646,-16.988693652645907,-2.1150600969111393,0,0.02253528686764939,,N
WeldingTest_02_OK,2022-02-11 09:17:19.557,31,30,19.4,38,650,682,0,688.0006063384444,-6.000606338444413,-2.0192654454897943,0,0.018679561201894783,,N
WeldingTest_02_OK,2022-02-11 09:17:21.055,32,30,19.4,38,650,682,0,688.0006063384444,-6.000606338444413,-2.0192654454897943,0,0.018679561201894783,,N
WeldingTest_02_OK,2022-02-11 09:17:24.157,33,30,19.4,38,650,682,0,688.0006063384444,-6.000606338444413,-2.0192654454897943,0,0.018679561201894783,,N
WeldingTest_02_OK,2022-02-11 09:17:25.929,34,30,19.4,38,650,682,0,688.0006063384444,-6.000606338444413,-2.0192654454897943,0,0.018679561201894783,,N
WeldingTest_02_OK,2022-02-11 09:17:29.351,35,30,19.4,38,650,682,0,688.0006063384444,-6.000606338444413,-2.0192654454897943,0,0.018679561201894783,,N
WeldingTest_02_OK,2022-02-11 09:17:31.087,36,30,19.4,38,650,682,0,688.0006063384444,-6.000606338444413,-2.0192654454897943,0,0.018679561201894783,,N
WeldingTest_02_OK,2022-02-11 09:17:32.831,37,30,19.4,38,650,682,0,688.0006063384444,-6.000606338444413,-2.0192654454897943,0,0.018679561201894783,,N
WeldingTest_02_OK,2022-02-11 09:17:35.891,38,30,19.4,38,650,682,0,688.0006063384444,-6.000606338444413,-2.0192654454897943,0,0.018679561201894783,,N
WeldingTest_02_OK,2022-02-11 09:17:37.415,39,30,19.4,38,650,682,0,688.0006063384444,-6.000606338444413,-2.0192654454897943,0,0.018679561201894783,,N
WeldingTest_02_OK,2022-02-11 09:18:24.326,1,250,241.1,82,1154,1666,0,1679.3760170564362,-13.37601705643624,-1.6567458326548528,0,0.009134608750412332,,N
WeldingTest_02_OK,2022-02-11 09:18:27.632,2,250,241.2,83,1670,1692,0,1704.5159551916302,-12.515955191630155,-1.3871624606809778,0,0.005347974410351919,,N
WeldingTest_02_OK,2022-02-11 09:18:30.490,3,250,241.1,82,1153,1673,0,1687.0000658542688,-14.000065854268769,-1.7359144097532597,0,0.010685007560108224,,N
WeldingTest_02_OK,2022-02-11 09:18:33.734,4,250,241.2,83,1670,1697,0,1708.9999966770276,-11.999996677027639,-1.3264333509041348,0,0.004739214952482194,,N
WeldingTest_02_OK,2022-02-11 09:18:36.478,5,250,241.1,82,1154,1675,0,1689.0246460370001,-14.024646037000139,-1.7390327205302698,0,0.010751135463666081,,N
WeldingTest_02_OK,2022-02-11 09:18:39.760,6,250,241.2,83,1670,1698,0,1712.029134968304,-14.029134968304106,-1.5652660449207383,0,0.00761895515219327,,N
WeldingTest_02_OK,2022-02-11 09:18:45.510,7,250,241.1,82,1153,1673,0,1687.9999985928248,-14.999998592824795,-1.8627686756064221,0,0.013728433097365383,,N
WeldingTest_02_OK,2022-02-11 09:18:48.766,8,250,241.2,83,1670,1698,0,1711.9999942256752,-13.99999422567521,-1.561836134747723,0,0.007567263489569633,,N
WeldingTest_02_OK,2022-02-11 09:18:51.550,9,250,241.1,82,1154,1677,0,1692.000000006275,-15.000000006275059,-1.8627688549206785,0,0.01372843795318309,,N
WeldingTest_02_OK,2022-02-11 09:18:54.810,10,250,241.2,83,1670,1700,0,1714.011058058723,-14.011058058722938,-1.5631383648935435,0,0.0075868480929979125,,N
WeldingTest_02_OK,2022-02-11 09:18:57.560,11,250,241.1,82,1154,1679,0,1693.077006948619,-14.0770069486191,-1.7456753723274472,0,0.010893354259789748,,N
WeldingTest_02_OK,2022-02-11 09:19:00.858,12,250,241.2,83,1670,1702,0,1716.0000403355489,-14.000040335548874,-1.5618415619506867,0,0.007567345006594005,,N
WeldingTest_02_OK,2022-02-11 09:19:05.332,13,30,19.4,38,650,682,0,688.0006063384444,-6.000606338444413,-2.0192654454897943,0,0.018679561201894783,,N
WeldingTest_02_OK,2022-02-11 09:19:07.098,14,30,19.4,38,650,682,0,688.0006063384444,-6.000606338444413,-2.0192654454897943,0,0.018679561201894783,,N
WeldingTest_02_OK,2022-02-11 09:19:10.016,15,30,19.4,38,650,682,0,688.0006063384444,-6.000606338444413,-2.0192654454897943,0,0.018679561201894783,,N
WeldingTest_02_OK,2022-02-11 09:19:13.320,16,30,19.4,38,650,682,0,688.0006063384444,-6.000606338444413,-2.0192654454897943,0,0.018679561201894783,,N
WeldingTest_02_OK,2022-02-11 09:19:15.002,17,30,19.4,38,650,682,0,688.0006063384444,-6.000606338444413,-2.0192654454897943,0,0.018679561201894783,,N
WeldingTest_02_OK,2022-02-11 09:19:16.700,18,30,19.4,38,650,682,0,688.0006063384444,-6.000606338444413,-2.0192654454897943,0,0.018679561201894783,,N
WeldingTest_02_OK,2022-02-11 09:19:37.122,19,250,241.1,83,1670,1692,0,1707.000103955623,-15.00010395562299,-1.6795505863169098,0,0.009556807093015852,,N
WeldingTest_02_OK,2022-02-11 09:19:39.712,20,250,241.2,82,1154,1674,0,1689.0001549203207,-15.00015492032071,-1.8627885077500876,0,0.013728970160715663,,N
WeldingTest_02_OK,2022-02-11 09:19:43.158,21,250,241.1,83,1670,1697,0,1712.3737369702349,-15.373736970234859,-1.723527766106446,0,0.010426282629246476,,N
WeldingTest_02_OK,2022-02-11 09:19:45.802,22,250,241.2,82,1154,1677,0,1692.099787412438,-15.09978741243799,-1.8754281645543143,0,0.01407550570912607,,N
WeldingTest_02_OK,2022-02-11 09:19:49.224,23,250,241.1,83,1670,1699,0,1714.000016164169,-15.000016164168983,-1.679540253127909,0,0.009556611477923933,,N
WeldingTest_02_OK,2022-02-11 09:19:51.810,24,250,241.2,82,1154,1679,0,1693.9999960126588,-14.999996012658812,-1.862768348279344,0,0.013728424233375001,,N
WeldingTest_02_OK,2022-02-11 09:19:58.192,25,250,241.1,83,1670,1698,0,1712.9966966279746,-14.996696627974643,-1.6791495386184112,0,0.009549217865338152,,N
WeldingTest_02_OK,2022-02-11 09:20:00.836,26,250,241.2,82,1154,1678,0,1693.0000140611949,-15.000014061194861,-1.862770637967142,0,0.013728486238050749,,N
WeldingTest_02_OK,2022-02-11 09:20:04.238,27,250,241.1,83,1670,1700,0,1716.0029705464842,-16.00297054648422,-1.7975895246506601,0,0.012070809201601864,,N
WeldingTest_02_OK,2022-02-11 09:20:06.792,28,250,241.2,82,1154,1680,0,1694.999985710131,-14.999985710131114,-1.8627670412718451,0,0.013728388839775599,,N
WeldingTest_02_OK,2022-02-11 09:20:10.290,29,250,241.1,83,1670,1702,0,1716.999967777064,-14.999967777064057,-1.6795345578913279,0,0.00955650366447817,,N
WeldingTest_02_OK,2022-02-11 09:20:12.932,30,250,241.2,82,1154,1682,0,1696.988693652646,-14.988693652645907,-1.861334499254743,0,0.013689649828684303,,N
WeldingTest_02_OK,2022-02-11 09:20:17.246,31,30,19.4,38,650,683,0,688.0006063384444,-5.000606338444413,-1.6827212385847747,0,0.009617017605510333,,N
WeldingTest_02_OK,2022-02-11 09:20:18.792,32,30,19.4,38,650,682,0,688.0006063384444,-6.000606338444413,-2.0192654454897943,0,0.018679561201894783,,N
WeldingTest_02_OK,2022-02-11 09:20:21.880,33,30,19.4,38,650,682,0,688.0006063384444,-6.000606338444413,-2.0192654454897943,0,0.018679561201894783,,N
WeldingTest_02_OK,2022-02-11 09:20:23.610,34,30,19.4,38,650,682,0,688.0006063384444,-6.000606338444413,-2.0192654454897943,0,0.018679561201894783,,N
WeldingTest_02_OK,2022-02-11 09:20:27.084,35,30,19.4,38,650,682,0,688.0006063384444,-6.000606338444413,-2.0192654454897943,0,0.018679561201894783,,N
WeldingTest_02_OK,2022-02-11 09:20:28.826,36,30,19.4,38,650,682,0,688.0006063384444,-6.000606338444413,-2.0192654454897943,0,0.018679561201894783,,N
WeldingTest_02_OK,2022-02-11 09:20:30.488,37,30,19.4,38,650,682,0,688.0006063384444,-6.000606338444413,-2.0192654454897943,0,0.018679561201894783,,N
WeldingTest_02_OK,2022-02-11 09:20:33.476,38,30,19.4,38,650,682,0,688.0006063384444,-6.000606338444413,-2.0192654454897943,0,0.018679561201894783,,N
WeldingTest_02_OK,2022-02-11 09:20:34.988,39,30,19.4,38,650,682,0,688.0006063384444,-6.000606338444413,-2.0192654454897943,0,0.018679561201894783,,N
WeldingTest_02_OK,2022-02-11 09:37:11.418,1,250,241.1,82,1154,1660,0,1679.3760170564362,-19.37601705643624,-2.4179226256240414,0,0.04053715039861013,,N
WeldingTest_02_OK,2022-02-11 09:37:14.592,2,250,241.2,83,1670,1685,0,1704.5159551916302,-19.515955191630155,-2.2110732139813494,0,0.02717640658643964,,N
WeldingTest_02_OK,2022-02-11 09:37:17.372,3,250,241.1,82,1153,1667,0,1687.0000658542688,-20.00006585426877,-2.4970912027224483,0,0.04716374458367817,,N
WeldingTest_02_OK,2022-02-11 09:37:20.646,4,250,241.2,83,1670,1690,0,1708.9999966770276,-18.99999667702764,-2.150344104204507,0,0.024143230529360713,,N
WeldingTest_02_OK,2022-02-11 09:37:23.510,5,250,241.1,82,1154,1670,0,1689.0246460370001,-19.02464603700014,-2.3733467146712606,0,0.03720825199081969,,N
WeldingTest_02_OK,2022-02-11 09:37:26.782,6,250,241.2,83,1670,1694,0,1712.029134968304,-18.029134968304106,-2.0360721896638077,0,0.019305790508210408,,N
WeldingTest_02_OK,2022-02-11 09:37:32.528,7,250,241.1,82,1153,1669,0,1687.9999985928248,-18.999998592824795,-2.3702198709192146,0,0.036984868387859825,,N
WeldingTest_02_OK,2022-02-11 09:37:35.734,8,250,241.2,83,1670,1694,0,1711.9999942256752,-17.99999422567521,-2.032642279490793,0,0.019176340368008915,,N
WeldingTest_02_OK,2022-02-11 09:37:38.508,9,250,241.1,82,1154,1673,0,1692.000000006275,-19.00000000627506,-2.370220050233471,0,0.03698488116112934,,N
WeldingTest_02_OK,2022-02-11 09:37:41.732,10,250,241.2,83,1670,1697,0,1714.011058058723,-17.011058058722938,-1.9162429734508457,0,0.015254419446737236,,N
WeldingTest_02_OK,2022-02-11 09:37:44.456,11,250,241.1,82,1154,1675,0,1693.077006948619,-18.0770069486191,-2.2531265676402397,0,0.029490675990642055,,N
WeldingTest_02_OK,2022-02-11 09:37:47.738,12,250,241.2,83,1670,1698,0,1716.0000403355489,-18.000040335548874,-2.0326477066937563,0,0.019176544525344244,,N
WeldingTest_02_OK,2022-02-11 09:37:52.316,13,30,19.4,38,650,682,0,688.0006063384444,-6.000606338444413,-2.0192654454897943,0,0.018679561201894783,,N
WeldingTest_02_OK,2022-02-11 09:37:54.012,14,30,19.4,38,650,680,0,688.0006063384444,-8.000606338444413,-2.6923538592998333,0,0.06816069625925017,,N
WeldingTest_02_OK,2022-02-11 09:37:56.928,15,30,19.4,38,650,682,0,688.0006063384444,-6.000606338444413,-2.0192654454897943,0,0.018679561201894783,,N
WeldingTest_02_OK,2022-02-11 09:38:00.316,16,30,19.4,38,650,680,0,688.0006063384444,-8.000606338444413,-2.6923538592998333,0,0.06816069625925017,,N
WeldingTest_02_OK,2022-02-11 09:38:01.996,17,30,19.4,38,650,680,0,688.0006063384444,-8.000606338444413,-2.6923538592998333,0,0.06816069625925017,,N
WeldingTest_02_OK,2022-02-11 09:38:03.674,18,30,19.4,38,650,680,0,688.0006063384444,-8.000606338444413,-2.6923538592998333,0,0.06816069625925017,,N
WeldingTest_02_OK,2022-02-11 09:38:24.496,19,250,241.1,83,1670,1689,0,1707.000103955623,-18.00010395562299,-2.032655194874212,0,0.01917682621481966,,N
WeldingTest_02_OK,2022-02-11 09:38:27.112,20,250,241.2,82,1154,1671,0,1689.0001549203207,-18.00015492032071,-2.243376904234682,0,0.028937677297542166,,N
WeldingTest_02_OK,2022-02-11 09:38:30.572,21,250,241.1,83,1670,1695,0,1712.3737369702349,-17.37373697023486,-1.9589308384779809,0,0.01659143080875386,,N
WeldingTest_02_OK,2022-02-11 09:38:33.214,22,250,241.2,82,1154,1674,0,1692.099787412438,-18.09978741243799,-2.2560165610389085,0,0.02965655550795212,,N
WeldingTest_02_OK,2022-02-11 09:38:36.628,23,250,241.1,83,1670,1697,0,1714.000016164169,-17.000016164168983,-1.914943325499444,0,0.015215422703684443,,N
WeldingTest_02_OK,2022-02-11 09:38:39.362,24,250,241.2,82,1154,1677,0,1693.9999960126588,-16.999996012658812,-2.11649394593574,0,0.02259854150294162,,N
WeldingTest_02_OK,2022-02-11 09:38:45.778,25,250,241.1,83,1670,1695,0,1712.9966966279746,-17.996696627974643,-2.0322541471757134,0,0.019161745358881054,,N
WeldingTest_02_OK,2022-02-11 09:38:48.392,26,250,241.2,82,1154,1677,0,1693.0000140611949,-16.00001406119486,-1.98963343679534,0,0.017623643195565915,,N
WeldingTest_02_OK,2022-02-11 09:38:51.852,27,250,241.1,83,1670,1699,0,1716.0029705464842,-17.00297054648422,-1.9152910608364275,0,0.015225847090383205,,N
WeldingTest_02_OK,2022-02-11 09:38:54.514,28,250,241.2,82,1154,1678,0,1694.999985710131,-16.999985710131114,-2.1164926389282415,0,0.022598483765049245,,N
WeldingTest_02_OK,2022-02-11 09:38:57.988,29,250,241.1,83,1670,1700,0,1716.999967777064,-16.999967777064057,-1.9149376302628627,0,0.015215252030760974,,N
WeldingTest_02_OK,2022-02-11 09:39:00.636,30,250,241.2,82,1154,1679,0,1696.988693652646,-17.988693652645907,-2.241922895739337,0,0.02885607302592614,,N
WeldingTest_02_OK,2022-02-11 09:39:05.055,31,30,19.4,38,650,682,0,688.0006063384444,-6.000606338444413,-2.0192654454897943,0,0.018679561201894783,,N
WeldingTest_02_OK,2022-02-11 09:39:06.577,32,30,19.4,38,650,682,0,688.0006063384444,-6.000606338444413,-2.0192654454897943,0,0.018679561201894783,,N
WeldingTest_02_OK,2022-02-11 09:39:09.663,33,30,19.4,38,650,682,0,688.0006063384444,-6.000606338444413,-2.0192654454897943,0,0.018679561201894783,,N
WeldingTest_02_OK,2022-02-11 09:39:11.425,34,30,19.4,38,650,682,0,688.0006063384444,-6.000606338444413,-2.0192654454897943,0,0.018679561201894783,,N
WeldingTest_02_OK,2022-02-11 09:39:14.951,35,30,19.4,38,650,682,0,688.0006063384444,-6.000606338444413,-2.0192654454897943,0,0.018679561201894783,,N
WeldingTest_02_OK,2022-02-11 09:39:16.667,36,30,19.4,38,650,682,0,688.0006063384444,-6.000606338444413,-2.0192654454897943,0,0.018679561201894783,,N
WeldingTest_02_OK,2022-02-11 09:39:18.379,37,30,19.4,38,650,682,0,688.0006063384444,-6.000606338444413,-2.0192654454897943,0,0.018679561201894783,,N
WeldingTest_02_OK,2022-02-11 09:39:21.397,38,30,19.4,38,650,682,0,688.0006063384444,-6.000606338444413,-2.0192654454897943,0,0.018679561201894783,,N
WeldingTest_02_OK,2022-02-11 09:39:22.865,39,30,19.4,38,650,682,0,688.0006063384444,-6.000606338444413,-2.0192654454897943,0,0.018679561201894783,,N
WeldingTest_02_OK,2022-02-11 09:41:50.579,1,250,241.1,82,1154,1662,0,1679.3760170564362,-17.37601705643624,-2.1641970279676452,0,0.024804667664138552,,N
WeldingTest_02_OK,2022-02-11 09:41:53.847,2,250,241.2,83,1670,1688,0,1704.5159551916302,-16.515955191630155,-1.8579686054240474,0,0.013599052527687816,,N
WeldingTest_02_OK,2022-02-11 09:41:56.651,3,250,241.1,82,1153,1669,0,1687.0000658542688,-18.00006585426877,-2.243365605066052,0,0.028937042284513805,,N
WeldingTest_02_OK,2022-02-11 09:41:59.961,4,250,241.2,83,1670,1692,0,1708.9999966770276,-16.99999667702764,-1.9149410318329718,0,0.015215353967636736,,N
WeldingTest_02_OK,2022-02-11 09:42:02.763,5,250,241.1,82,1154,1671,0,1689.0246460370001,-18.02464603700014,-2.2464839158430623,0,0.02911280520990818,,N
WeldingTest_02_OK,2022-02-11 09:42:05.997,6,250,241.2,83,1670,1695,0,1712.029134968304,-17.029134968304106,-1.9183706534780405,0,0.015318474316666093,,N
WeldingTest_02_OK,2022-02-11 09:42:11.731,7,250,241.1,82,1153,1670,0,1687.9999985928248,-17.999998592824795,-2.2433570720910163,0,0.02893656274046461,,N
WeldingTest_02_OK,2022-02-11 09:42:14.965,8,250,241.2,83,1670,1695,0,1711.9999942256752,-16.99999422567521,-1.9149407433050252,0,0.015215345321121962,,N
WeldingTest_02_OK,2022-02-11 09:42:17.737,9,250,241.1,82,1154,1674,0,1692.000000006275,-18.00000000627506,-2.2433572514052726,0,0.028936572817654268,,N
WeldingTest_02_OK,2022-02-11 09:42:20.999,10,250,241.2,83,1670,1698,0,1714.011058058723,-16.011058058722938,-1.7985414372650783,0,0.0120935336194864,,N
WeldingTest_02_OK,2022-02-11 09:42:23.775,11,250,241.1,82,1154,1677,0,1693.077006948619,-16.0770069486191,-1.9994009699838435,0,0.01796506119526526,,N
WeldingTest_02_OK,2022-02-11 09:42:27.051,12,250,241.2,83,1670,1699,0,1716.0000403355489,-17.000040335548874,-1.9149461705079889,0,0.015215507962644164,,N
WeldingTest_02_OK,2022-02-11 09:42:31.479,13,30,19.4,38,650,682,0,688.0006063384444,-6.000606338444413,-2.0192654454897943,0,0.018679561201894783,,N
WeldingTest_02_OK,2022-02-11 09:42:33.203,14,30,19.4,38,650,682,0,688.0006063384444,-6.000606338444413,-2.0192654454897943,0,0.018679561201894783,,N
WeldingTest_02_OK,2022-02-11 09:42:36.119,15,30,19.4,38,650,682,0,688.0006063384444,-6.000606338444413,-2.0192654454897943,0,0.018679561201894783,,N
WeldingTest_02_OK,2022-02-11 09:42:39.431,16,30,19.4,38,650,682,0,688.0006063384444,-6.000606338444413,-2.0192654454897943,0,0.018679561201894783,,N
WeldingTest_02_OK,2022-02-11 09:42:41.195,17,30,19.4,38,650,682,0,688.0006063384444,-6.000606338444413,-2.0192654454897943,0,0.018679561201894783,,N
WeldingTest_02_OK,2022-02-11 09:42:42.871,18,30,19.4,38,650,682,0,688.0006063384444,-6.000606338444413,-2.0192654454897943,0,0.018679561201894783,,N
WeldingTest_02_OK,2022-02-11 09:43:03.417,19,250,241.1,83,1670,1689,0,1707.000103955623,-18.00010395562299,-2.032655194874212,0,0.01917682621481966,,N
WeldingTest_02_OK,2022-02-11 09:43:06.025,20,250,241.2,82,1154,1673,0,1689.0001549203207,-16.00015492032071,-1.989651306578286,0,0.01762426196713884,,N
WeldingTest_02_OK,2022-02-11 09:43:09.497,21,250,241.1,83,1670,1695,0,1712.3737369702349,-17.37373697023486,-1.9589308384779809,0,0.01659143080875386,,N
WeldingTest_02_OK,2022-02-11 09:43:12.143,22,250,241.2,82,1154,1675,0,1692.099787412438,-17.09978741243799,-2.1291537622107106,0,0.02316460986710628,,N
WeldingTest_02_OK,2022-02-11 09:43:15.599,23,250,241.1,83,1670,1698,0,1714.000016164169,-16.000016164168983,-1.7972417893136765,0,0.012062518454672457,,N
WeldingTest_02_OK,2022-02-11 09:43:18.171,24,250,241.2,82,1154,1678,0,1693.9999960126588,-15.999996012658812,-1.989631147107542,0,0.017623563912780586,,N
WeldingTest_02_OK,2022-02-11 09:43:24.635,25,250,241.1,83,1670,1695,0,1712.9966966279746,-17.996696627974643,-2.0322541471757134,0,0.019161745358881054,,N
WeldingTest_02_OK,2022-02-11 09:43:27.209,26,250,241.2,82,1154,1677,0,1693.0000140611949,-16.00001406119486,-1.98963343679534,0,0.017623643195565915,,N
WeldingTest_02_OK,2022-02-11 09:43:30.647,27,250,241.1,83,1670,1699,0,1716.0029705464842,-17.00297054648422,-1.9152910608364275,0,0.015225847090383205,,N
WeldingTest_02_OK,2022-02-11 09:43:33.297,28,250,241.2,82,1154,1679,0,1694.999985710131,-15.999985710131114,-1.9896298401000434,0,0.01762351865646421,,N
WeldingTest_02_OK,2022-02-11 09:43:36.747,29,250,241.1,83,1670,1700,0,1716.999967777064,-16.999967777064057,-1.9149376302628627,0,0.015215252030760974,,N
WeldingTest_02_OK,2022-02-11 09:43:39.427,30,250,241.2,82,1154,1679,0,1696.988693652646,-17.988693652645907,-2.241922895739337,0,0.02885607302592614,,N
WeldingTest_02_OK,2022-02-11 09:43:43.753,31,30,19.4,38,650,682,0,688.0006063384444,-6.000606338444413,-2.0192654454897943,0,0.018679561201894783,,N
WeldingTest_02_OK,2022-02-11 09:43:45.267,32,30,19.4,38,650,682,0,688.0006063384444,-6.000606338444413,-2.0192654454897943,0,0.018679561201894783,,N
WeldingTest_02_OK,2022-02-11 09:43:48.347,33,30,19.4,38,650,682,0,688.0006063384444,-6.000606338444413,-2.0192654454897943,0,0.018679561201894783,,N
WeldingTest_02_OK,2022-02-11 09:43:50.127,34,30,19.4,38,650,682,0,688.0006063384444,-6.000606338444413,-2.0192654454897943,0,0.018679561201894783,,N
WeldingTest_02_OK,2022-02-11 09:43:53.653,35,30,19.4,38,650,682,0,688.0006063384444,-6.000606338444413,-2.0192654454897943,0,0.018679561201894783,,N
WeldingTest_02_OK,2022-02-11 09:43:55.375,36,30,19.4,38,650,682,0,688.0006063384444,-6.000606338444413,-2.0192654454897943,0,0.018679561201894783,,N
WeldingTest_02_OK,2022-02-11 09:43:57.095,37,30,19.4,38,650,682,0,688.0006063384444,-6.000606338444413,-2.0192654454897943,0,0.018679561201894783,,N
WeldingTest_02_OK,2022-02-11 09:44:00.073,38,30,19.4,38,650,682,0,688.0006063384444,-6.000606338444413,-2.0192654454897943,0,0.018679561201894783,,N
WeldingTest_02_OK,2022-02-11 09:44:01.553,39,30,19.4,38,650,682,0,688.0006063384444,-6.000606338444413,-2.0192654454897943,0,0.018679561201894783,,N
WeldingTest_02_OK,2022-02-11 09:44:48.333,1,250,241.1,82,1154,1666,0,1679.3760170564362,-13.37601705643624,-1.6567458326548528,0,0.009134608750412332,,N
WeldingTest_02_OK,2022-02-11 09:44:51.731,2,250,241.2,83,1670,1692,0,1704.5159551916302,-12.515955191630155,-1.3871624606809778,0,0.005347974410351919,,N
WeldingTest_02_OK,2022-02-11 09:44:54.473,3,250,241.1,82,1153,1673,0,1687.0000658542688,-14.000065854268769,-1.7359144097532597,0,0.010685007560108224,,N
WeldingTest_02_OK,2022-02-11 09:44:57.727,4,250,241.2,83,1670,1695,0,1708.9999966770276,-13.999996677027639,-1.5618364232756696,0,0.007567267823260635,,N
WeldingTest_02_OK,2022-02-11 09:45:00.597,5,250,241.1,82,1154,1675,0,1689.0246460370001,-14.024646037000139,-1.7390327205302698,0,0.010751135463666081,,N
WeldingTest_02_OK,2022-02-11 09:45:03.801,6,250,241.2,83,1670,1698,0,1712.029134968304,-14.029134968304106,-1.5652660449207383,0,0.00761895515219327,,N
WeldingTest_02_OK,2022-02-11 09:45:09.523,7,250,241.1,82,1153,1673,0,1687.9999985928248,-14.999998592824795,-1.8627686756064221,0,0.013728433097365383,,N
WeldingTest_02_OK,2022-02-11 09:45:12.725,8,250,241.2,83,1670,1698,0,1711.9999942256752,-13.99999422567521,-1.561836134747723,0,0.007567263489569633,,N
WeldingTest_02_OK,2022-02-11 09:45:15.455,9,250,241.1,82,1154,1677,0,1692.000000006275,-15.000000006275059,-1.8627688549206785,0,0.01372843795318309,,N
WeldingTest_02_OK,2022-02-11 09:45:18.845,10,250,241.2,83,1670,1699,0,1714.011058058723,-15.011058058722938,-1.680839901079311,0,0.009581245938673098,,N
WeldingTest_02_OK,2022-02-11 09:45:21.685,11,250,241.1,82,1154,1679,0,1693.077006948619,-14.0770069486191,-1.7456753723274472,0,0.010893354259789748,,N
WeldingTest_02_OK,2022-02-11 09:45:24.957,12,250,241.2,83,1670,1702,0,1716.0000403355489,-14.000040335548874,-1.5618415619506867,0,0.007567345006594005,,N
WeldingTest_02_OK,2022-02-11 09:45:29.399,13,30,19.4,38,650,682,0,688.0006063384444,-6.000606338444413,-2.0192654454897943,0,0.018679561201894783,,N
WeldingTest_02_OK,2022-02-11 09:45:31.083,14,30,19.4,38,650,682,0,688.0006063384444,-6.000606338444413,-2.0192654454897943,0,0.018679561201894783,,N
WeldingTest_02_OK,2022-02-11 09:45:34.035,15,30,19.4,38,650,682,0,688.0006063384444,-6.000606338444413,-2.0192654454897943,0,0.018679561201894783,,N
WeldingTest_02_OK,2022-02-11 09:45:37.411,16,30,19.4,38,650,682,0,688.0006063384444,-6.000606338444413,-2.0192654454897943,0,0.018679561201894783,,N
WeldingTest_02_OK,2022-02-11 09:45:39.077,17,30,19.4,38,650,682,0,688.0006063384444,-6.000606338444413,-2.0192654454897943,0,0.018679561201894783,,N
WeldingTest_02_OK,2022-02-11 09:45:40.779,18,30,19.4,38,650,682,0,688.0006063384444,-6.000606338444413,-2.0192654454897943,0,0.018679561201894783,,N
WeldingTest_02_OK,2022-02-11 09:46:01.403,19,250,241.1,83,1670,1692,0,1707.000103955623,-15.00010395562299,-1.6795505863169098,0,0.009556807093015852,,N
WeldingTest_02_OK,2022-02-11 09:46:04.027,20,250,241.2,82,1154,1674,0,1689.0001549203207,-15.00015492032071,-1.8627885077500876,0,0.013728970160715663,,N
WeldingTest_02_OK,2022-02-11 09:46:07.536,21,250,241.1,83,1670,1697,0,1712.3737369702349,-15.373736970234859,-1.723527766106446,0,0.010426282629246476,,N
WeldingTest_02_OK,2022-02-11 09:46:10.208,22,250,241.2,82,1154,1677,0,1692.099787412438,-15.09978741243799,-1.8754281645543143,0,0.01407550570912607,,N
WeldingTest_02_OK,2022-02-11 09:46:13.648,23,250,241.1,83,1670,1699,0,1714.000016164169,-15.000016164168983,-1.679540253127909,0,0.009556611477923933,,N
WeldingTest_02_OK,2022-02-11 09:46:16.458,24,250,241.2,82,1154,1679,0,1693.9999960126588,-14.999996012658812,-1.862768348279344,0,0.013728424233375001,,N
WeldingTest_02_OK,2022-02-11 09:46:22.906,25,250,241.1,83,1670,1697,0,1712.9966966279746,-15.996696627974643,-1.7968510748041786,0,0.012053209703825838,,N
WeldingTest_02_OK,2022-02-11 09:46:25.522,26,250,241.2,82,1154,1678,0,1693.0000140611949,-15.000014061194861,-1.862770637967142,0,0.013728486238050749,,N
WeldingTest_02_OK,2022-02-11 09:46:28.974,27,250,241.1,83,1670,1700,0,1716.0029705464842,-16.00297054648422,-1.7975895246506601,0,0.012070809201601864,,N
WeldingTest_02_OK,2022-02-11 09:46:31.622,28,250,241.2,82,1154,1679,0,1694.999985710131,-15.999985710131114,-1.9896298401000434,0,0.01762351865646421,,N
WeldingTest_02_OK,2022-02-11 09:46:35.068,29,250,241.1,83,1670,1702,0,1716.999967777064,-14.999967777064057,-1.6795345578913279,0,0.00955650366447817,,N
WeldingTest_02_OK,2022-02-11 09:46:37.772,30,250,241.2,82,1154,1680,0,1696.988693652646,-16.988693652645907,-2.1150600969111393,0,0.02253528686764939,,N
WeldingTest_02_OK,2022-02-11 09:46:42.178,31,30,19.4,38,650,682,0,688.0006063384444,-6.000606338444413,-2.0192654454897943,0,0.018679561201894783,,N
WeldingTest_02_OK,2022-02-11 09:46:43.676,32,30,19.4,38,650,682,0,688.0006063384444,-6.000606338444413,-2.0192654454897943,0,0.018679561201894783,,N
WeldingTest_02_OK,2022-02-11 09:46:46.742,33,30,19.4,38,650,682,0,688.0006063384444,-6.000606338444413,-2.0192654454897943,0,0.018679561201894783,,N
WeldingTest_02_OK,2022-02-11 09:46:48.516,34,30,19.4,38,650,682,0,688.0006063384444,-6.000606338444413,-2.0192654454897943,0,0.018679561201894783,,N
WeldingTest_02_OK,2022-02-11 09:46:51.972,35,30,19.4,38,650,682,0,688.0006063384444,-6.000606338444413,-2.0192654454897943,0,0.018679561201894783,,N
WeldingTest_02_OK,2022-02-11 09:46:53.682,36,30,19.4,38,650,682,0,688.0006063384444,-6.000606338444413,-2.0192654454897943,0,0.018679561201894783,,N
WeldingTest_02_OK,2022-02-11 09:46:55.412,37,30,19.4,38,650,682,0,688.0006063384444,-6.000606338444413,-2.0192654454897943,0,0.018679561201894783,,N
WeldingTest_02_OK,2022-02-11 09:46:58.378,38,30,19.4,38,650,682,0,688.0006063384444,-6.000606338444413,-2.0192654454897943,0,0.018679561201894783,,N
WeldingTest_02_OK,2022-02-11 09:46:59.860,39,30,19.4,38,650,682,0,688.0006063384444,-6.000606338444413,-2.0192654454897943,0,0.018679561201894783,,N
WeldingTest_02_OK,2022-02-11 09:47:59.886,1,250,241.1,82,1154,1665,0,1679.3760170564362,-14.37601705643624,-1.7836086314830508,0,0.011741871224911007,,N
WeldingTest_02_OK,2022-02-11 09:48:03.192,2,250,241.2,83,1670,1690,0,1704.5159551916302,-14.515955191630155,-1.6225655330525126,0,0.00853617934236074,,N
WeldingTest_02_OK,2022-02-11 09:48:05.998,3,250,241.1,82,1153,1671,0,1687.0000658542688,-16.00006585426877,-1.9896400074096559,0,0.017623870711761705,,N
WeldingTest_02_OK,2022-02-11 09:48:09.222,4,250,241.2,83,1670,1695,0,1708.9999966770276,-13.999996677027639,-1.5618364232756696,0,0.007567267823260635,,N
WeldingTest_02_OK,2022-02-11 09:48:12.080,5,250,241.1,82,1154,1674,0,1689.0246460370001,-15.024646037000139,-1.8658955193584679,0,0.013813365798905075,,N
WeldingTest_02_OK,2022-02-11 09:48:15.394,6,250,241.2,83,1670,1698,0,1712.029134968304,-14.029134968304106,-1.5652660449207383,0,0.00761895515219327,,N
WeldingTest_02_OK,2022-02-11 09:48:21.140,7,250,241.1,82,1153,1673,0,1687.9999985928248,-14.999998592824795,-1.8627686756064221,0,0.013728433097365383,,N
WeldingTest_02_OK,2022-02-11 09:48:24.402,8,250,241.2,83,1670,1698,0,1711.9999942256752,-13.99999422567521,-1.561836134747723,0,0.007567263489569633,,N
WeldingTest_02_OK,2022-02-11 09:48:27.168,9,250,241.1,82,1154,1677,0,1692.000000006275,-15.000000006275059,-1.8627688549206785,0,0.01372843795318309,,N
WeldingTest_02_OK,2022-02-11 09:48:30.384,10,250,241.2,83,1670,1700,0,1714.011058058723,-14.011058058722938,-1.5631383648935435,0,0.0075868480929979125,,N
WeldingTest_02_OK,2022-02-11 09:48:33.152,11,250,241.1,82,1154,1678,0,1693.077006948619,-15.0770069486191,-1.8725381711556455,0,0.013995519477128947,,N
WeldingTest_02_OK,2022-02-11 09:48:36.412,12,250,241.2,83,1670,1702,0,1716.0000403355489,-14.000040335548874,-1.5618415619506867,0,0.007567345006594005,,N
WeldingTest_02_OK,2022-02-11 09:48:40.878,13,30,19.4,38,650,682,0,688.0006063384444,-6.000606338444413,-2.0192654454897943,0,0.018679561201894783,,N
WeldingTest_02_OK,2022-02-11 09:48:42.606,14,30,19.4,38,650,682,0,688.0006063384444,-6.000606338444413,-2.0192654454897943,0,0.018679561201894783,,N
WeldingTest_02_OK,2022-02-11 09:48:45.530,15,30,19.4,38,650,682,0,688.0006063384444,-6.000606338444413,-2.0192654454897943,0,0.018679561201894783,,N
WeldingTest_02_OK,2022-02-11 09:48:48.932,16,30,19.4,38,650,682,0,688.0006063384444,-6.000606338444413,-2.0192654454897943,0,0.018679561201894783,,N
WeldingTest_02_OK,2022-02-11 09:48:50.674,17,30,19.4,38,650,682,0,688.0006063384444,-6.000606338444413,-2.0192654454897943,0,0.018679561201894783,,N
WeldingTest_02_OK,2022-02-11 09:48:52.404,18,30,19.4,38,650,682,0,688.0006063384444,-6.000606338444413,-2.0192654454897943,0,0.018679561201894783,,N
WeldingTest_02_OK,2022-02-11 09:49:12.976,19,250,241.1,83,1670,1692,0,1707.000103955623,-15.00010395562299,-1.6795505863169098,0,0.009556807093015852,,N
WeldingTest_02_OK,2022-02-11 09:49:15.602,20,250,241.2,82,1154,1674,0,1689.0001549203207,-15.00015492032071,-1.8627885077500876,0,0.013728970160715663,,N
WeldingTest_02_OK,2022-02-11 09:49:19.042,21,250,241.1,83,1670,1697,0,1712.3737369702349,-15.373736970234859,-1.723527766106446,0,0.010426282629246476,,N
WeldingTest_02_OK,2022-02-11 09:49:21.698,22,250,241.2,82,1154,1677,0,1692.099787412438,-15.09978741243799,-1.8754281645543143,0,0.01407550570912607,,N
WeldingTest_02_OK,2022-02-11 09:49:25.126,23,250,241.1,83,1670,1699,0,1714.000016164169,-15.000016164168983,-1.679540253127909,0,0.009556611477923933,,N
WeldingTest_02_OK,2022-02-11 09:49:27.796,24,250,241.2,82,1154,1679,0,1693.9999960126588,-14.999996012658812,-1.862768348279344,0,0.013728424233375001,,N
WeldingTest_02_OK,2022-02-11 09:49:34.222,25,250,241.1,83,1670,1697,0,1712.9966966279746,-15.996696627974643,-1.7968510748041786,0,0.012053209703825838,,N
WeldingTest_02_OK,2022-02-11 09:49:36.800,26,250,241.2,82,1154,1678,0,1693.0000140611949,-15.000014061194861,-1.862770637967142,0,0.013728486238050749,,N
WeldingTest_02_OK,2022-02-11 09:49:40.228,27,250,241.1,83,1670,1700,0,1716.0029705464842,-16.00297054648422,-1.7975895246506601,0,0.012070809201601864,,N
WeldingTest_02_OK,2022-02-11 09:49:42.796,28,250,241.2,82,1154,1680,0,1694.999985710131,-14.999985710131114,-1.8627670412718451,0,0.013728388839775599,,N
WeldingTest_02_OK,2022-02-11 09:49:46.292,29,250,241.1,83,1670,1702,0,1716.999967777064,-14.999967777064057,-1.6795345578913279,0,0.00955650366447817,,N
WeldingTest_02_OK,2022-02-11 09:49:48.884,30,250,241.2,82,1154,1682,0,1696.988693652646,-14.988693652645907,-1.861334499254743,0,0.013689649828684303,,N
WeldingTest_02_OK,2022-02-11 09:49:53.440,31,30,19.4,38,650,682,0,688.0006063384444,-6.000606338444413,-2.0192654454897943,0,0.018679561201894783,,N
WeldingTest_02_OK,2022-02-11 09:49:54.960,32,30,19.4,38,650,682,0,688.0006063384444,-6.000606338444413,-2.0192654454897943,0,0.018679561201894783,,N
WeldingTest_02_OK,2022-02-11 09:49:58.034,33,30,19.4,38,650,682,0,688.0006063384444,-6.000606338444413,-2.0192654454897943,0,0.018679561201894783,,N
WeldingTest_02_OK,2022-02-11 09:49:59.816,34,30,19.4,38,650,682,0,688.0006063384444,-6.000606338444413,-2.0192654454897943,0,0.018679561201894783,,N
WeldingTest_02_OK,2022-02-11 09:50:03.264,35,30,19.4,38,650,682,0,688.0006063384444,-6.000606338444413,-2.0192654454897943,0,0.018679561201894783,,N
WeldingTest_02_OK,2022-02-11 09:50:04.988,36,30,19.4,38,650,682,0,688.0006063384444,-6.000606338444413,-2.0192654454897943,0,0.018679561201894783,,N
WeldingTest_02_OK,2022-02-11 09:50:06.688,37,30,19.4,38,650,682,0,688.0006063384444,-6.000606338444413,-2.0192654454897943,0,0.018679561201894783,,N
WeldingTest_02_OK,2022-02-11 09:50:09.710,38,30,19.4,38,650,682,0,688.0006063384444,-6.000606338444413,-2.0192654454897943,0,0.018679561201894783,,N
WeldingTest_02_OK,2022-02-11 09:50:11.250,39,30,19.4,38,650,682,0,688.0006063384444,-6.000606338444413,-2.0192654454897943,0,0.018679561201894783,,N
WeldingTest_02_OK,2022-02-11 09:50:58.032,1,250,241.1,82,1154,1666,0,1679.3760170564362,-13.37601705643624,-1.6567458326548528,0,0.009134608750412332,,N
WeldingTest_02_OK,2022-02-11 09:51:01.320,2,250,241.2,83,1670,1692,0,1704.5159551916302,-12.515955191630155,-1.3871624606809778,0,0.005347974410351919,,N
WeldingTest_02_OK,2022-02-11 09:51:04.064,3,250,241.1,82,1153,1673,0,1687.0000658542688,-14.000065854268769,-1.7359144097532597,0,0.010685007560108224,,N
WeldingTest_02_OK,2022-02-11 09:51:07.316,4,250,241.2,83,1670,1697,0,1708.9999966770276,-11.999996677027639,-1.3264333509041348,0,0.004739214952482194,,N
WeldingTest_02_OK,2022-02-11 09:51:10.172,5,250,241.1,82,1154,1675,0,1689.0246460370001,-14.024646037000139,-1.7390327205302698,0,0.010751135463666081,,N
WeldingTest_02_OK,2022-02-11 09:51:13.422,6,250,241.2,83,1670,1699,0,1712.029134968304,-13.029134968304106,-1.447564508734971,0,0.006030533648218996,,N
WeldingTest_02_OK,2022-02-11 09:51:19.334,7,250,241.1,82,1153,1673,0,1687.9999985928248,-14.999998592824795,-1.8627686756064221,0,0.013728433097365383,,N
WeldingTest_02_OK,2022-02-11 09:51:22.612,8,250,241.2,83,1670,1698,0,1711.9999942256752,-13.99999422567521,-1.561836134747723,0,0.007567263489569633,,N
WeldingTest_02_OK,2022-02-11 09:51:25.382,9,250,241.1,82,1154,1677,0,1692.000000006275,-15.000000006275059,-1.8627688549206785,0,0.01372843795318309,,N
WeldingTest_02_OK,2022-02-11 09:51:28.606,10,250,241.2,83,1670,1700,0,1714.011058058723,-14.011058058722938,-1.5631383648935435,0,0.0075868480929979125,,N
WeldingTest_02_OK,2022-02-11 09:51:31.354,11,250,241.1,82,1154,1679,0,1693.077006948619,-14.0770069486191,-1.7456753723274472,0,0.010893354259789748,,N
WeldingTest_02_OK,2022-02-11 09:51:34.708,12,250,241.2,83,1670,1702,0,1716.0000403355489,-14.000040335548874,-1.5618415619506867,0,0.007567345006594005,,N
WeldingTest_02_OK,2022-02-11 09:51:39.268,13,30,19.4,38,650,682,0,688.0006063384444,-6.000606338444413,-2.0192654454897943,0,0.018679561201894783,,N
WeldingTest_02_OK,2022-02-11 09:51:40.998,14,30,19.4,38,650,682,0,688.0006063384444,-6.000606338444413,-2.0192654454897943,0,0.018679561201894783,,N
WeldingTest_02_OK,2022-02-11 09:51:43.906,15,30,19.4,38,650,682,0,688.0006063384444,-6.000606338444413,-2.0192654454897943,0,0.018679561201894783,,N
WeldingTest_02_OK,2022-02-11 09:51:47.258,16,30,19.4,38,650,682,0,688.0006063384444,-6.000606338444413,-2.0192654454897943,0,0.018679561201894783,,N
WeldingTest_02_OK,2022-02-11 09:51:49.012,17,30,19.4,38,650,682,0,688.0006063384444,-6.000606338444413,-2.0192654454897943,0,0.018679561201894783,,N
WeldingTest_02_OK,2022-02-11 09:51:50.718,18,30,19.4,38,650,682,0,688.0006063384444,-6.000606338444413,-2.0192654454897943,0,0.018679561201894783,,N
WeldingTest_02_OK,2022-02-11 09:52:11.512,19,250,241.1,83,1670,1692,0,1707.000103955623,-15.00010395562299,-1.6795505863169098,0,0.009556807093015852,,N
WeldingTest_02_OK,2022-02-11 09:52:14.124,20,250,241.2,82,1154,1674,0,1689.0001549203207,-15.00015492032071,-1.8627885077500876,0,0.013728970160715663,,N
WeldingTest_02_OK,2022-02-11 09:52:17.636,21,250,241.1,83,1670,1697,0,1712.3737369702349,-15.373736970234859,-1.723527766106446,0,0.010426282629246476,,N
WeldingTest_02_OK,2022-02-11 09:52:20.312,22,250,241.2,82,1154,1677,0,1692.099787412438,-15.09978741243799,-1.8754281645543143,0,0.01407550570912607,,N
WeldingTest_02_OK,2022-02-11 09:52:23.746,23,250,241.1,83,1670,1699,0,1714.000016164169,-15.000016164168983,-1.679540253127909,0,0.009556611477923933,,N
WeldingTest_02_OK,2022-02-11 09:52:26.368,24,250,241.2,82,1154,1679,0,1693.9999960126588,-14.999996012658812,-1.862768348279344,0,0.013728424233375001,,N
WeldingTest_02_OK,2022-02-11 09:52:32.806,25,250,241.1,83,1670,1698,0,1712.9966966279746,-14.996696627974643,-1.6791495386184112,0,0.009549217865338152,,N
WeldingTest_02_OK,2022-02-11 09:52:35.402,26,250,241.2,82,1154,1678,0,1693.0000140611949,-15.000014061194861,-1.862770637967142,0,0.013728486238050749,,N
WeldingTest_02_OK,2022-02-11 09:52:38.824,27,250,241.1,83,1670,1700,0,1716.0029705464842,-16.00297054648422,-1.7975895246506601,0,0.012070809201601864,,N
WeldingTest_02_OK,2022-02-11 09:52:41.584,28,250,241.2,82,1154,1679,0,1694.999985710131,-15.999985710131114,-1.9896298401000434,0,0.01762351865646421,,N
WeldingTest_02_OK,2022-02-11 09:52:45.072,29,250,241.1,83,1670,1702,0,1716.999967777064,-14.999967777064057,-1.6795345578913279,0,0.00955650366447817,,N
WeldingTest_02_OK,2022-02-11 09:52:47.726,30,250,241.2,82,1154,1682,0,1696.988693652646,-14.988693652645907,-1.861334499254743,0,0.013689649828684303,,N
WeldingTest_02_OK,2022-02-11 09:52:52.040,31,30,19.4,38,650,682,0,688.0006063384444,-6.000606338444413,-2.0192654454897943,0,0.018679561201894783,,N
WeldingTest_02_OK,2022-02-11 09:52:53.582,32,30,19.4,38,650,682,0,688.0006063384444,-6.000606338444413,-2.0192654454897943,0,0.018679561201894783,,N
WeldingTest_02_OK,2022-02-11 09:52:56.654,33,30,19.4,38,650,682,0,688.0006063384444,-6.000606338444413,-2.0192654454897943,0,0.018679561201894783,,N
WeldingTest_02_OK,2022-02-11 09:52:58.434,34,30,19.4,38,650,682,0,688.0006063384444,-6.000606338444413,-2.0192654454897943,0,0.018679561201894783,,N
WeldingTest_02_OK,2022-02-11 09:53:01.966,35,30,19.4,38,650,682,0,688.0006063384444,-6.000606338444413,-2.0192654454897943,0,0.018679561201894783,,N
WeldingTest_02_OK,2022-02-11 09:53:03.654,36,30,19.4,38,650,682,0,688.0006063384444,-6.000606338444413,-2.0192654454897943,0,0.018679561201894783,,N
WeldingTest_02_OK,2022-02-11 09:53:05.422,37,30,19.4,38,650,682,0,688.0006063384444,-6.000606338444413,-2.0192654454897943,0,0.018679561201894783,,N
WeldingTest_02_OK,2022-02-11 09:53:08.479,38,30,19.4,38,650,682,0,688.0006063384444,-6.000606338444413,-2.0192654454897943,0,0.018679561201894783,,N
WeldingTest_02_OK,2022-02-11 09:53:09.997,39,30,19.4,38,650,682,0,688.0006063384444,-6.000606338444413,-2.0192654454897943,0,0.018679561201894783,,N
WeldingTest_02_OK,2022-02-11 09:57:42.233,1,250,241.1,82,1154,1660,0,1679.3760170564362,-19.37601705643624,-2.4179226256240414,0,0.04053715039861013,,N
WeldingTest_02_OK,2022-02-11 09:57:45.649,2,250,241.2,83,1670,1685,0,1704.5159551916302,-19.515955191630155,-2.2110732139813494,0,0.02717640658643964,,N
WeldingTest_02_OK,2022-02-11 09:57:48.465,3,250,241.1,82,1153,1667,0,1687.0000658542688,-20.00006585426877,-2.4970912027224483,0,0.04716374458367817,,N
WeldingTest_02_OK,2022-02-11 09:57:51.739,4,250,241.2,83,1670,1692,0,1708.9999966770276,-16.99999667702764,-1.9149410318329718,0,0.015215353967636736,,N
WeldingTest_02_OK,2022-02-11 09:57:54.537,5,250,241.1,82,1154,1671,0,1689.0246460370001,-18.02464603700014,-2.2464839158430623,0,0.02911280520990818,,N
WeldingTest_02_OK,2022-02-11 09:57:57.851,6,250,241.2,83,1670,1694,0,1712.029134968304,-18.029134968304106,-2.0360721896638077,0,0.019305790508210408,,N
WeldingTest_02_OK,2022-02-11 09:58:03.611,7,250,241.1,82,1153,1669,0,1687.9999985928248,-18.999998592824795,-2.3702198709192146,0,0.036984868387859825,,N
WeldingTest_02_OK,2022-02-11 09:58:06.925,8,250,241.2,83,1670,1694,0,1711.9999942256752,-17.99999422567521,-2.032642279490793,0,0.019176340368008915,,N
WeldingTest_02_OK,2022-02-11 09:58:09.775,9,250,241.1,82,1154,1673,0,1692.000000006275,-19.00000000627506,-2.370220050233471,0,0.03698488116112934,,N
WeldingTest_02_OK,2022-02-11 09:58:13.025,10,250,241.2,83,1670,1697,0,1714.011058058723,-17.011058058722938,-1.9162429734508457,0,0.015254419446737236,,N
WeldingTest_02_OK,2022-02-11 09:58:15.881,11,250,241.1,82,1154,1675,0,1693.077006948619,-18.0770069486191,-2.2531265676402397,0,0.029490675990642055,,N
WeldingTest_02_OK,2022-02-11 09:58:19.177,12,250,241.2,83,1670,1698,0,1716.0000403355489,-18.000040335548874,-2.0326477066937563,0,0.019176544525344244,,N
WeldingTest_02_OK,2022-02-11 09:58:23.605,13,30,19.4,38,650,682,0,688.0006063384444,-6.000606338444413,-2.0192654454897943,0,0.018679561201894783,,N
WeldingTest_02_OK,2022-02-11 09:58:25.279,14,30,19.4,38,650,680,0,688.0006063384444,-8.000606338444413,-2.6923538592998333,0,0.06816069625925017,,N
WeldingTest_02_OK,2022-02-11 09:58:28.207,15,30,19.4,38,650,682,0,688.0006063384444,-6.000606338444413,-2.0192654454897943,0,0.018679561201894783,,N
WeldingTest_02_OK,2022-02-11 09:58:31.519,16,30,19.4,38,650,682,0,688.0006063384444,-6.000606338444413,-2.0192654454897943,0,0.018679561201894783,,N
WeldingTest_02_OK,2022-02-11 09:58:33.223,17,30,19.4,38,650,682,0,688.0006063384444,-6.000606338444413,-2.0192654454897943,0,0.018679561201894783,,N
WeldingTest_02_OK,2022-02-11 09:58:35.011,18,30,19.4,38,650,682,0,688.0006063384444,-6.000606338444413,-2.0192654454897943,0,0.018679561201894783,,N
WeldingTest_02_OK,2022-02-11 09:58:55.291,19,250,241.1,83,1670,1689,0,1707.000103955623,-18.00010395562299,-2.032655194874212,0,0.01917682621481966,,N
WeldingTest_02_OK,2022-02-11 09:58:57.913,20,250,241.2,82,1154,1671,0,1689.0001549203207,-18.00015492032071,-2.243376904234682,0,0.028937677297542166,,N
WeldingTest_02_OK,2022-02-11 09:59:01.331,21,250,241.1,83,1670,1695,0,1712.3737369702349,-17.37373697023486,-1.9589308384779809,0,0.01659143080875386,,N
WeldingTest_02_OK,2022-02-11 09:59:03.975,22,250,241.2,82,1154,1675,0,1692.099787412438,-17.09978741243799,-2.1291537622107106,0,0.02316460986710628,,N
WeldingTest_02_OK,2022-02-11 09:59:07.443,23,250,241.1,83,1670,1698,0,1714.000016164169,-16.000016164168983,-1.7972417893136765,0,0.012062518454672457,,N
WeldingTest_02_OK,2022-02-11 09:59:10.057,24,250,241.2,82,1154,1677,0,1693.9999960126588,-16.999996012658812,-2.11649394593574,0,0.02259854150294162,,N
WeldingTest_02_OK,2022-02-11 09:59:16.505,25,250,241.1,83,1670,1695,0,1712.9966966279746,-17.996696627974643,-2.0322541471757134,0,0.019161745358881054,,N
WeldingTest_02_OK,2022-02-11 09:59:19.115,26,250,241.2,82,1154,1677,0,1693.0000140611949,-16.00001406119486,-1.98963343679534,0,0.017623643195565915,,N
WeldingTest_02_OK,2022-02-11 09:59:22.621,27,250,241.1,83,1670,1699,0,1716.0029705464842,-17.00297054648422,-1.9152910608364275,0,0.015225847090383205,,N
WeldingTest_02_OK,2022-02-11 09:59:25.273,28,250,241.2,82,1154,1678,0,1694.999985710131,-16.999985710131114,-2.1164926389282415,0,0.022598483765049245,,N
WeldingTest_02_OK,2022-02-11 09:59:28.765,29,250,241.1,83,1670,1700,0,1716.999967777064,-16.999967777064057,-1.9149376302628627,0,0.015215252030760974,,N
WeldingTest_02_OK,2022-02-11 09:59:31.429,30,250,241.2,82,1154,1679,0,1696.988693652646,-17.988693652645907,-2.241922895739337,0,0.02885607302592614,,N
WeldingTest_02_OK,2022-02-11 09:59:35.763,31,30,19.4,38,650,682,0,688.0006063384444,-6.000606338444413,-2.0192654454897943,0,0.018679561201894783,,N
WeldingTest_02_OK,2022-02-11 09:59:37.279,32,30,19.4,38,650,682,0,688.0006063384444,-6.000606338444413,-2.0192654454897943,0,0.018679561201894783,,N
WeldingTest_02_OK,2022-02-11 09:59:40.369,33,30,19.4,38,650,682,0,688.0006063384444,-6.000606338444413,-2.0192654454897943,0,0.018679561201894783,,N
WeldingTest_02_OK,2022-02-11 09:59:42.129,34,30,19.4,38,650,682,0,688.0006063384444,-6.000606338444413,-2.0192654454897943,0,0.018679561201894783,,N
WeldingTest_02_OK,2022-02-11 09:59:45.611,35,30,19.4,38,650,682,0,688.0006063384444,-6.000606338444413,-2.0192654454897943,0,0.018679561201894783,,N
WeldingTest_02_OK,2022-02-11 09:59:47.381,36,30,19.4,38,650,682,0,688.0006063384444,-6.000606338444413,-2.0192654454897943,0,0.018679561201894783,,N
WeldingTest_02_OK,2022-02-11 09:59:49.075,37,30,19.4,38,650,682,0,688.0006063384444,-6.000606338444413,-2.0192654454897943,0,0.018679561201894783,,N
WeldingTest_02_OK,2022-02-11 09:59:52.075,38,30,19.4,38,650,682,0,688.0006063384444,-6.000606338444413,-2.0192654454897943,0,0.018679561201894783,,N
WeldingTest_02_OK,2022-02-11 09:59:53.575,39,30,19.4,38,650,682,0,688.0006063384444,-6.000606338444413,-2.0192654454897943,0,0.018679561201894783,,N
WeldingTest_02_OK,2022-02-11 10:00:40.528,1,250,241.1,82,1154,1666,0,1679.3760170564362,-13.37601705643624,-1.6567458326548528,0,0.009134608750412332,,N
WeldingTest_02_OK,2022-02-11 10:00:43.792,2,250,241.2,83,1670,1692,0,1704.5159551916302,-12.515955191630155,-1.3871624606809778,0,0.005347974410351919,,N
WeldingTest_02_OK,2022-02-11 10:00:46.540,3,250,241.1,82,1153,1673,0,1687.0000658542688,-14.000065854268769,-1.7359144097532597,0,0.010685007560108224,,N
WeldingTest_02_OK,2022-02-11 10:00:49.776,4,250,241.2,83,1670,1697,0,1708.9999966770276,-11.999996677027639,-1.3264333509041348,0,0.004739214952482194,,N
WeldingTest_02_OK,2022-02-11 10:00:52.574,5,250,241.1,82,1154,1675,0,1689.0246460370001,-14.024646037000139,-1.7390327205302698,0,0.010751135463666081,,N
WeldingTest_02_OK,2022-02-11 10:00:55.812,6,250,241.2,83,1670,1698,0,1712.029134968304,-14.029134968304106,-1.5652660449207383,0,0.00761895515219327,,N
WeldingTest_02_OK,2022-02-11 10:01:01.538,7,250,241.1,82,1153,1673,0,1687.9999985928248,-14.999998592824795,-1.8627686756064221,0,0.013728433097365383,,N
WeldingTest_02_OK,2022-02-11 10:01:04.800,8,250,241.2,83,1670,1698,0,1711.9999942256752,-13.99999422567521,-1.561836134747723,0,0.007567263489569633,,N
WeldingTest_02_OK,2022-02-11 10:01:07.576,9,250,241.1,82,1154,1678,0,1692.000000006275,-14.000000006275059,-1.7359060560924804,0,0.010684830951159515,,N
WeldingTest_02_OK,2022-02-11 10:01:10.804,10,250,241.2,83,1670,1700,0,1714.011058058723,-14.011058058722938,-1.5631383648935435,0,0.0075868480929979125,,N
WeldingTest_02_OK,2022-02-11 10:01:13.562,11,250,241.1,82,1154,1679,0,1693.077006948619,-14.0770069486191,-1.7456753723274472,0,0.010893354259789748,,N
WeldingTest_02_OK,2022-02-11 10:01:16.824,12,250,241.2,83,1670,1702,0,1716.0000403355489,-14.000040335548874,-1.5618415619506867,0,0.007567345006594005,,N
WeldingTest_02_OK,2022-02-11 10:01:21.286,13,30,19.4,38,650,682,0,688.0006063384444,-6.000606338444413,-2.0192654454897943,0,0.018679561201894783,,N
WeldingTest_02_OK,2022-02-11 10:01:22.990,14,30,19.4,38,650,682,0,688.0006063384444,-6.000606338444413,-2.0192654454897943,0,0.018679561201894783,,N
WeldingTest_02_OK,2022-02-11 10:01:25.954,15,30,19.4,38,650,682,0,688.0006063384444,-6.000606338444413,-2.0192654454897943,0,0.018679561201894783,,N
WeldingTest_02_OK,2022-02-11 10:01:29.342,16,30,19.4,38,650,682,0,688.0006063384444,-6.000606338444413,-2.0192654454897943,0,0.018679561201894783,,N
WeldingTest_02_OK,2022-02-11 10:01:31.074,17,30,19.4,38,650,682,0,688.0006063384444,-6.000606338444413,-2.0192654454897943,0,0.018679561201894783,,N
WeldingTest_02_OK,2022-02-11 10:01:32.796,18,30,19.4,38,650,682,0,688.0006063384444,-6.000606338444413,-2.0192654454897943,0,0.018679561201894783,,N
WeldingTest_02_OK,2022-02-11 10:01:53.052,19,250,241.1,83,1670,1692,0,1707.000103955623,-15.00010395562299,-1.6795505863169098,0,0.009556807093015852,,N
WeldingTest_02_OK,2022-02-11 10:01:55.716,20,250,241.2,82,1154,1674,0,1689.0001549203207,-15.00015492032071,-1.8627885077500876,0,0.013728970160715663,,N
WeldingTest_02_OK,2022-02-11 10:01:59.202,21,250,241.1,83,1670,1698,0,1712.3737369702349,-14.373736970234859,-1.6058262299206787,0,0.00825745150740416,,N
WeldingTest_02_OK,2022-02-11 10:02:01.770,22,250,241.2,82,1154,1677,0,1692.099787412438,-15.09978741243799,-1.8754281645543143,0,0.01407550570912607,,N
WeldingTest_02_OK,2022-02-11 10:02:05.236,23,250,241.1,83,1670,1699,0,1714.000016164169,-15.000016164168983,-1.679540253127909,0,0.009556611477923933,,N
WeldingTest_02_OK,2022-02-11 10:02:07.918,24,250,241.2,82,1154,1678,0,1693.9999960126588,-15.999996012658812,-1.989631147107542,0,0.017623563912780586,,N
WeldingTest_02_OK,2022-02-11 10:02:14.354,25,250,241.1,83,1670,1698,0,1712.9966966279746,-14.996696627974643,-1.6791495386184112,0,0.009549217865338152,,N
WeldingTest_02_OK,2022-02-11 10:02:16.966,26,250,241.2,82,1154,1678,0,1693.0000140611949,-15.000014061194861,-1.862770637967142,0,0.013728486238050749,,N
WeldingTest_02_OK,2022-02-11 10:02:20.434,27,250,241.1,83,1670,1700,0,1716.0029705464842,-16.00297054648422,-1.7975895246506601,0,0.012070809201601864,,N
WeldingTest_02_OK,2022-02-11 10:02:23.096,28,250,241.2,82,1154,1680,0,1694.999985710131,-14.999985710131114,-1.8627670412718451,0,0.013728388839775599,,N
WeldingTest_02_OK,2022-02-11 10:02:26.592,29,250,241.1,83,1670,1702,0,1716.999967777064,-14.999967777064057,-1.6795345578913279,0,0.00955650366447817,,N
WeldingTest_02_OK,2022-02-11 10:02:29.216,30,250,241.2,82,1154,1682,0,1696.988693652646,-14.988693652645907,-1.861334499254743,0,0.013689649828684303,,N
WeldingTest_02_OK,2022-02-11 10:02:33.420,31,30,19.4,38,650,682,0,688.0006063384444,-6.000606338444413,-2.0192654454897943,0,0.018679561201894783,,N
WeldingTest_02_OK,2022-02-11 10:02:35.098,32,30,19.4,38,650,682,0,688.0006063384444,-6.000606338444413,-2.0192654454897943,0,0.018679561201894783,,N
WeldingTest_02_OK,2022-02-11 10:02:38.170,33,30,19.4,38,650,682,0,688.0006063384444,-6.000606338444413,-2.0192654454897943,0,0.018679561201894783,,N
WeldingTest_02_OK,2022-02-11 10:02:39.900,34,30,19.4,38,650,682,0,688.0006063384444,-6.000606338444413,-2.0192654454897943,0,0.018679561201894783,,N
WeldingTest_02_OK,2022-02-11 10:02:43.336,35,30,19.4,38,650,682,0,688.0006063384444,-6.000606338444413,-2.0192654454897943,0,0.018679561201894783,,N
WeldingTest_02_OK,2022-02-11 10:02:45.074,36,30,19.4,38,650,682,0,688.0006063384444,-6.000606338444413,-2.0192654454897943,0,0.018679561201894783,,N
WeldingTest_02_OK,2022-02-11 10:02:46.788,37,30,19.4,38,650,682,0,688.0006063384444,-6.000606338444413,-2.0192654454897943,0,0.018679561201894783,,N
WeldingTest_02_OK,2022-02-11 10:02:49.768,38,30,19.4,38,650,682,0,688.0006063384444,-6.000606338444413,-2.0192654454897943,0,0.018679561201894783,,N
WeldingTest_02_OK,2022-02-11 10:02:51.284,39,30,19.4,38,650,682,0,688.0006063384444,-6.000606338444413,-2.0192654454897943,0,0.018679561201894783,,N
WeldingTest_02_OK,2022-02-11 10:22:00.523,1,250,241.1,82,1154,1660,0,1679.3760170564362,-19.37601705643624,-2.4179226256240414,0,0.04053715039861013,,N
WeldingTest_02_OK,2022-02-11 10:22:03.805,2,250,241.2,83,1670,1685,0,1704.5159551916302,-19.515955191630155,-2.2110732139813494,0,0.02717640658643964,,N
WeldingTest_02_OK,2022-02-11 10:22:06.675,3,250,241.1,82,1153,1667,0,1687.0000658542688,-20.00006585426877,-2.4970912027224483,0,0.04716374458367817,,N
WeldingTest_02_OK,2022-02-11 10:22:10.019,4,250,241.2,83,1670,1690,0,1708.9999966770276,-18.99999667702764,-2.150344104204507,0,0.024143230529360713,,N
WeldingTest_02_OK,2022-02-11 10:22:12.875,5,250,241.1,82,1154,1670,0,1689.0246460370001,-19.02464603700014,-2.3733467146712606,0,0.03720825199081969,,N
WeldingTest_02_OK,2022-02-11 10:22:16.097,6,250,241.2,83,1670,1694,0,1712.029134968304,-18.029134968304106,-2.0360721896638077,0,0.019305790508210408,,N
WeldingTest_02_OK,2022-02-11 10:22:21.995,7,250,241.1,82,1153,1669,0,1687.9999985928248,-18.999998592824795,-2.3702198709192146,0,0.036984868387859825,,N
WeldingTest_02_OK,2022-02-11 10:22:25.227,8,250,241.2,83,1670,1694,0,1711.9999942256752,-17.99999422567521,-2.032642279490793,0,0.019176340368008915,,N
WeldingTest_02_OK,2022-02-11 10:22:28.055,9,250,241.1,82,1154,1673,0,1692.000000006275,-19.00000000627506,-2.370220050233471,0,0.03698488116112934,,N
WeldingTest_02_OK,2022-02-11 10:22:31.307,10,250,241.2,83,1670,1697,0,1714.011058058723,-17.011058058722938,-1.9162429734508457,0,0.015254419446737236,,N
WeldingTest_02_OK,2022-02-11 10:22:34.041,11,250,241.1,82,1154,1675,0,1693.077006948619,-18.0770069486191,-2.2531265676402397,0,0.029490675990642055,,N
WeldingTest_02_OK,2022-02-11 10:22:37.305,12,250,241.2,83,1670,1698,0,1716.0000403355489,-18.000040335548874,-2.0326477066937563,0,0.019176544525344244,,N
WeldingTest_02_OK,2022-02-11 10:22:41.873,13,30,19.4,38,650,682,0,688.0006063384444,-6.000606338444413,-2.0192654454897943,0,0.018679561201894783,,N
WeldingTest_02_OK,2022-02-11 10:22:43.565,14,30,19.4,38,650,680,0,688.0006063384444,-8.000606338444413,-2.6923538592998333,0,0.06816069625925017,,N
WeldingTest_02_OK,2022-02-11 10:22:46.501,15,30,19.4,38,650,682,0,688.0006063384444,-6.000606338444413,-2.0192654454897943,0,0.018679561201894783,,N
WeldingTest_02_OK,2022-02-11 10:22:49.809,16,30,19.4,38,650,680,0,688.0006063384444,-8.000606338444413,-2.6923538592998333,0,0.06816069625925017,,N
WeldingTest_02_OK,2022-02-11 10:22:51.589,17,30,19.4,38,650,680,0,688.0006063384444,-8.000606338444413,-2.6923538592998333,0,0.06816069625925017,,N
WeldingTest_02_OK,2022-02-11 10:22:53.265,18,30,19.4,38,650,680,0,688.0006063384444,-8.000606338444413,-2.6923538592998333,0,0.06816069625925017,,N
WeldingTest_02_OK,2022-02-11 10:23:13.683,19,250,241.1,83,1670,1689,0,1707.000103955623,-18.00010395562299,-2.032655194874212,0,0.01917682621481966,,N
WeldingTest_02_OK,2022-02-11 10:23:16.265,20,250,241.2,82,1154,1671,0,1689.0001549203207,-18.00015492032071,-2.243376904234682,0,0.028937677297542166,,N
WeldingTest_02_OK,2022-02-11 10:23:19.747,21,250,241.1,83,1670,1695,0,1712.3737369702349,-17.37373697023486,-1.9589308384779809,0,0.01659143080875386,,N
WeldingTest_02_OK,2022-02-11 10:23:22.373,22,250,241.2,82,1154,1674,0,1692.099787412438,-18.09978741243799,-2.2560165610389085,0,0.02965655550795212,,N
WeldingTest_02_OK,2022-02-11 10:23:25.839,23,250,241.1,83,1670,1698,0,1714.000016164169,-16.000016164168983,-1.7972417893136765,0,0.012062518454672457,,N
WeldingTest_02_OK,2022-02-11 10:23:28.589,24,250,241.2,82,1154,1677,0,1693.9999960126588,-16.999996012658812,-2.11649394593574,0,0.02259854150294162,,N
WeldingTest_02_OK,2022-02-11 10:23:35.005,25,250,241.1,83,1670,1695,0,1712.9966966279746,-17.996696627974643,-2.0322541471757134,0,0.019161745358881054,,N
WeldingTest_02_OK,2022-02-11 10:23:37.669,26,250,241.2,82,1154,1677,0,1693.0000140611949,-16.00001406119486,-1.98963343679534,0,0.017623643195565915,,N
WeldingTest_02_OK,2022-02-11 10:23:41.119,27,250,241.1,83,1670,1699,0,1716.0029705464842,-17.00297054648422,-1.9152910608364275,0,0.015225847090383205,,N
WeldingTest_02_OK,2022-02-11 10:23:43.791,28,250,241.2,82,1154,1678,0,1694.999985710131,-16.999985710131114,-2.1164926389282415,0,0.022598483765049245,,N
WeldingTest_02_OK,2022-02-11 10:23:47.297,29,250,241.1,83,1670,1700,0,1716.999967777064,-16.999967777064057,-1.9149376302628627,0,0.015215252030760974,,N
WeldingTest_02_OK,2022-02-11 10:23:49.855,30,250,241.2,82,1154,1679,0,1696.988693652646,-17.988693652645907,-2.241922895739337,0,0.02885607302592614,,N
WeldingTest_02_OK,2022-02-11 10:23:54.225,31,30,19.4,38,650,682,0,688.0006063384444,-6.000606338444413,-2.0192654454897943,0,0.018679561201894783,,N
WeldingTest_02_OK,2022-02-11 10:23:55.843,32,30,19.4,38,650,682,0,688.0006063384444,-6.000606338444413,-2.0192654454897943,0,0.018679561201894783,,N
WeldingTest_02_OK,2022-02-11 10:23:58.943,33,30,19.4,38,650,682,0,688.0006063384444,-6.000606338444413,-2.0192654454897943,0,0.018679561201894783,,N
WeldingTest_02_OK,2022-02-11 10:24:00.727,34,30,19.4,38,650,682,0,688.0006063384444,-6.000606338444413,-2.0192654454897943,0,0.018679561201894783,,N
WeldingTest_02_OK,2022-02-11 10:24:04.229,35,30,19.4,38,650,682,0,688.0006063384444,-6.000606338444413,-2.0192654454897943,0,0.018679561201894783,,N
WeldingTest_02_OK,2022-02-11 10:24:05.973,36,30,19.4,38,650,682,0,688.0006063384444,-6.000606338444413,-2.0192654454897943,0,0.018679561201894783,,N
WeldingTest_02_OK,2022-02-11 10:24:07.697,37,30,19.4,38,650,682,0,688.0006063384444,-6.000606338444413,-2.0192654454897943,0,0.018679561201894783,,N
WeldingTest_02_OK,2022-02-11 10:24:10.689,38,30,19.4,38,650,682,0,688.0006063384444,-6.000606338444413,-2.0192654454897943,0,0.018679561201894783,,N
WeldingTest_02_OK,2022-02-11 10:24:12.181,39,30,19.4,38,650,682,0,688.0006063384444,-6.000606338444413,-2.0192654454897943,0,0.018679561201894783,,N
WeldingTest_02_OK,2022-02-11 10:28:46.686,1,250,241.1,82,1154,1661,0,1679.3760170564362,-18.37601705643624,-2.291059826795843,0,0.031741308764891174,,N
WeldingTest_02_OK,2022-02-11 10:28:50.000,2,250,241.2,83,1670,1685,0,1704.5159551916302,-19.515955191630155,-2.2110732139813494,0,0.02717640658643964,,N
WeldingTest_02_OK,2022-02-11 10:28:52.830,3,250,241.1,82,1153,1667,0,1687.0000658542688,-20.00006585426877,-2.4970912027224483,0,0.04716374458367817,,N
WeldingTest_02_OK,2022-02-11 10:28:56.068,4,250,241.2,83,1670,1690,0,1708.9999966770276,-18.99999667702764,-2.150344104204507,0,0.024143230529360713,,N
WeldingTest_02_OK,2022-02-11 10:28:58.876,5,250,241.1,82,1154,1670,0,1689.0246460370001,-19.02464603700014,-2.3733467146712606,0,0.03720825199081969,,N
WeldingTest_02_OK,2022-02-11 10:29:02.158,6,250,241.2,83,1670,1694,0,1712.029134968304,-18.029134968304106,-2.0360721896638077,0,0.019305790508210408,,N
WeldingTest_02_OK,2022-02-11 10:29:07.916,7,250,241.1,82,1153,1669,0,1687.9999985928248,-18.999998592824795,-2.3702198709192146,0,0.036984868387859825,,N
WeldingTest_02_OK,2022-02-11 10:29:11.230,8,250,241.2,83,1670,1694,0,1711.9999942256752,-17.99999422567521,-2.032642279490793,0,0.019176340368008915,,N
WeldingTest_02_OK,2022-02-11 10:29:14.044,9,250,241.1,82,1154,1673,0,1692.000000006275,-19.00000000627506,-2.370220050233471,0,0.03698488116112934,,N
WeldingTest_02_OK,2022-02-11 10:29:17.312,10,250,241.2,83,1670,1697,0,1714.011058058723,-17.011058058722938,-1.9162429734508457,0,0.015254419446737236,,N
WeldingTest_02_OK,2022-02-11 10:29:20.176,11,250,241.1,82,1154,1675,0,1693.077006948619,-18.0770069486191,-2.2531265676402397,0,0.029490675990642055,,N
WeldingTest_02_OK,2022-02-11 10:29:23.390,12,250,241.2,83,1670,1698,0,1716.0000403355489,-18.000040335548874,-2.0326477066937563,0,0.019176544525344244,,N
WeldingTest_02_OK,2022-02-11 10:29:27.740,13,30,19.4,38,650,682,0,688.0006063384444,-6.000606338444413,-2.0192654454897943,0,0.018679561201894783,,N
WeldingTest_02_OK,2022-02-11 10:29:29.472,14,30,19.4,38,650,680,0,688.0006063384444,-8.000606338444413,-2.6923538592998333,0,0.06816069625925017,,N
WeldingTest_02_OK,2022-02-11 10:29:32.400,15,30,19.4,38,650,682,0,688.0006063384444,-6.000606338444413,-2.0192654454897943,0,0.018679561201894783,,N
WeldingTest_02_OK,2022-02-11 10:29:35.716,16,30,19.4,38,650,680,0,688.0006063384444,-8.000606338444413,-2.6923538592998333,0,0.06816069625925017,,N
WeldingTest_02_OK,2022-02-11 10:29:37.506,17,30,19.4,38,650,680,0,688.0006063384444,-8.000606338444413,-2.6923538592998333,0,0.06816069625925017,,N
WeldingTest_02_OK,2022-02-11 10:29:39.136,18,30,19.4,38,650,680,0,688.0006063384444,-8.000606338444413,-2.6923538592998333,0,0.06816069625925017,,N
WeldingTest_02_OK,2022-02-11 10:29:59.586,19,250,241.1,83,1670,1689,0,1707.000103955623,-18.00010395562299,-2.032655194874212,0,0.01917682621481966,,N
WeldingTest_02_OK,2022-02-11 10:30:02.206,20,250,241.2,82,1154,1671,0,1689.0001549203207,-18.00015492032071,-2.243376904234682,0,0.028937677297542166,,N
WeldingTest_02_OK,2022-02-11 10:30:05.732,21,250,241.1,83,1670,1695,0,1712.3737369702349,-17.37373697023486,-1.9589308384779809,0,0.01659143080875386,,N
WeldingTest_02_OK,2022-02-11 10:30:08.476,22,250,241.2,82,1154,1674,0,1692.099787412438,-18.09978741243799,-2.2560165610389085,0,0.02965655550795212,,N
WeldingTest_02_OK,2022-02-11 10:30:11.918,23,250,241.1,83,1670,1697,0,1714.000016164169,-17.000016164168983,-1.914943325499444,0,0.015215422703684443,,N
WeldingTest_02_OK,2022-02-11 10:30:14.542,24,250,241.2,82,1154,1677,0,1693.9999960126588,-16.999996012658812,-2.11649394593574,0,0.02259854150294162,,N
WeldingTest_02_OK,2022-02-11 10:30:21.000,25,250,241.1,83,1670,1695,0,1712.9966966279746,-17.996696627974643,-2.0322541471757134,0,0.019161745358881054,,N
WeldingTest_02_OK,2022-02-11 10:30:23.554,26,250,241.2,82,1154,1677,0,1693.0000140611949,-16.00001406119486,-1.98963343679534,0,0.017623643195565915,,N
WeldingTest_02_OK,2022-02-11 10:30:27.004,27,250,241.1,83,1670,1699,0,1716.0029705464842,-17.00297054648422,-1.9152910608364275,0,0.015225847090383205,,N
WeldingTest_02_OK,2022-02-11 10:30:29.666,28,250,241.2,82,1154,1679,0,1694.999985710131,-15.999985710131114,-1.9896298401000434,0,0.01762351865646421,,N
WeldingTest_02_OK,2022-02-11 10:30:33.166,29,250,241.1,83,1670,1700,0,1716.999967777064,-16.999967777064057,-1.9149376302628627,0,0.015215252030760974,,N
WeldingTest_02_OK,2022-02-11 10:30:35.778,30,250,241.2,82,1154,1679,0,1696.988693652646,-17.988693652645907,-2.241922895739337,0,0.02885607302592614,,N
WeldingTest_02_OK,2022-02-11 10:30:40.046,31,30,19.4,38,650,682,0,688.0006063384444,-6.000606338444413,-2.0192654454897943,0,0.018679561201894783,,N
WeldingTest_02_OK,2022-02-11 10:30:41.532,32,30,19.4,38,650,682,0,688.0006063384444,-6.000606338444413,-2.0192654454897943,0,0.018679561201894783,,N
WeldingTest_02_OK,2022-02-11 10:30:44.666,33,30,19.4,38,650,682,0,688.0006063384444,-6.000606338444413,-2.0192654454897943,0,0.018679561201894783,,N
WeldingTest_02_OK,2022-02-11 10:30:46.422,34,30,19.4,38,650,682,0,688.0006063384444,-6.000606338444413,-2.0192654454897943,0,0.018679561201894783,,N
WeldingTest_02_OK,2022-02-11 10:30:49.982,35,30,19.4,38,650,682,0,688.0006063384444,-6.000606338444413,-2.0192654454897943,0,0.018679561201894783,,N
WeldingTest_02_OK,2022-02-11 10:30:51.650,36,30,19.4,38,650,682,0,688.0006063384444,-6.000606338444413,-2.0192654454897943,0,0.018679561201894783,,N
WeldingTest_02_OK,2022-02-11 10:30:53.390,37,30,19.4,38,650,682,0,688.0006063384444,-6.000606338444413,-2.0192654454897943,0,0.018679561201894783,,N
WeldingTest_02_OK,2022-02-11 10:30:56.340,38,30,19.4,38,650,682,0,688.0006063384444,-6.000606338444413,-2.0192654454897943,0,0.018679561201894783,,N
WeldingTest_02_OK,2022-02-11 10:30:57.870,39,30,19.4,38,650,682,0,688.0006063384444,-6.000606338444413,-2.0192654454897943,0,0.018679561201894783,,N
WeldingTest_02_OK,2022-02-11 10:36:39.501,1,250,241.1,82,1154,1660,0,1679.3760170564362,-19.37601705643624,-2.4179226256240414,0,0.04053715039861013,,N
WeldingTest_02_OK,2022-02-11 10:36:42.695,2,250,241.2,83,1670,1685,0,1704.5159551916302,-19.515955191630155,-2.2110732139813494,0,0.02717640658643964,,N
WeldingTest_02_OK,2022-02-11 10:36:45.561,3,250,241.1,82,1153,1666,0,1687.0000658542688,-21.00006585426877,-2.6239540015506466,0,0.05996861071980792,,N
WeldingTest_02_OK,2022-02-11 10:36:48.775,4,250,241.2,83,1670,1690,0,1708.9999966770276,-18.99999667702764,-2.150344104204507,0,0.024143230529360713,,N
WeldingTest_02_OK,2022-02-11 10:36:51.579,5,250,241.1,82,1154,1670,0,1689.0246460370001,-19.02464603700014,-2.3733467146712606,0,0.03720825199081969,,N
WeldingTest_02_OK,2022-02-11 10:36:54.811,6,250,241.2,83,1670,1694,0,1712.029134968304,-18.029134968304106,-2.0360721896638077,0,0.019305790508210408,,N
WeldingTest_02_OK,2022-02-11 10:37:00.497,7,250,241.1,82,1153,1669,0,1687.9999985928248,-18.999998592824795,-2.3702198709192146,0,0.036984868387859825,,N
WeldingTest_02_OK,2022-02-11 10:37:03.669,8,250,241.2,83,1670,1694,0,1711.9999942256752,-17.99999422567521,-2.032642279490793,0,0.019176340368008915,,N
WeldingTest_02_OK,2022-02-11 10:37:06.439,9,250,241.1,82,1154,1673,0,1692.000000006275,-19.00000000627506,-2.370220050233471,0,0.03698488116112934,,N
WeldingTest_02_OK,2022-02-11 10:37:09.655,10,250,241.2,83,1670,1697,0,1714.011058058723,-17.011058058722938,-1.9162429734508457,0,0.015254419446737236,,N
WeldingTest_02_OK,2022-02-11 10:37:12.425,11,250,241.1,82,1154,1675,0,1693.077006948619,-18.0770069486191,-2.2531265676402397,0,0.029490675990642055,,N
WeldingTest_02_OK,2022-02-11 10:37:15.703,12,250,241.2,83,1670,1698,0,1716.0000403355489,-18.000040335548874,-2.0326477066937563,0,0.019176544525344244,,N
WeldingTest_02_OK,2022-02-11 10:37:20.261,13,30,19.4,38,650,682,0,688.0006063384444,-6.000606338444413,-2.0192654454897943,0,0.018679561201894783,,N
WeldingTest_02_OK,2022-02-11 10:37:21.983,14,30,19.4,38,650,680,0,688.0006063384444,-8.000606338444413,-2.6923538592998333,0,0.06816069625925017,,N
WeldingTest_02_OK,2022-02-11 10:37:24.909,15,30,19.4,38,650,682,0,688.0006063384444,-6.000606338444413,-2.0192654454897943,0,0.018679561201894783,,N
WeldingTest_02_OK,2022-02-11 10:37:28.321,16,30,19.4,38,650,680,0,688.0006063384444,-8.000606338444413,-2.6923538592998333,0,0.06816069625925017,,N
WeldingTest_02_OK,2022-02-11 10:37:30.075,17,30,19.4,38,650,680,0,688.0006063384444,-8.000606338444413,-2.6923538592998333,0,0.06816069625925017,,N
WeldingTest_02_OK,2022-02-11 10:37:31.777,18,30,19.4,38,650,680,0,688.0006063384444,-8.000606338444413,-2.6923538592998333,0,0.06816069625925017,,N
WeldingTest_02_OK,2022-02-11 10:37:52.257,19,250,241.1,83,1670,1689,0,1707.000103955623,-18.00010395562299,-2.032655194874212,0,0.01917682621481966,,N
WeldingTest_02_OK,2022-02-11 10:37:54.863,20,250,241.2,82,1154,1671,0,1689.0001549203207,-18.00015492032071,-2.243376904234682,0,0.028937677297542166,,N
WeldingTest_02_OK,2022-02-11 10:37:58.329,21,250,241.1,83,1670,1695,0,1712.3737369702349,-17.37373697023486,-1.9589308384779809,0,0.01659143080875386,,N
WeldingTest_02_OK,2022-02-11 10:38:00.981,22,250,241.2,82,1154,1674,0,1692.099787412438,-18.09978741243799,-2.2560165610389085,0,0.02965655550795212,,N
WeldingTest_02_OK,2022-02-11 10:38:04.391,23,250,241.1,83,1670,1697,0,1714.000016164169,-17.000016164168983,-1.914943325499444,0,0.015215422703684443,,N
WeldingTest_02_OK,2022-02-11 10:38:06.931,24,250,241.2,82,1154,1677,0,1693.9999960126588,-16.999996012658812,-2.11649394593574,0,0.02259854150294162,,N
WeldingTest_02_OK,2022-02-11 10:38:13.365,25,250,241.1,83,1670,1695,0,1712.9966966279746,-17.996696627974643,-2.0322541471757134,0,0.019161745358881054,,N
WeldingTest_02_OK,2022-02-11 10:38:16.103,26,250,241.2,82,1154,1675,0,1693.0000140611949,-18.00001406119486,-2.2433590344517365,0,0.028936673022350638,,N
WeldingTest_02_OK,2022-02-11 10:38:19.597,27,250,241.1,83,1670,1699,0,1716.0029705464842,-17.00297054648422,-1.9152910608364275,0,0.015225847090383205,,N
WeldingTest_02_OK,2022-02-11 10:38:22.181,28,250,241.2,82,1154,1678,0,1694.999985710131,-16.999985710131114,-2.1164926389282415,0,0.022598483765049245,,N
WeldingTest_02_OK,2022-02-11 10:38:25.659,29,250,241.1,83,1670,1700,0,1716.999967777064,-16.999967777064057,-1.9149376302628627,0,0.015215252030760974,,N
WeldingTest_02_OK,2022-02-11 10:38:28.255,30,250,241.2,82,1154,1679,0,1696.988693652646,-17.988693652645907,-2.241922895739337,0,0.02885607302592614,,N
WeldingTest_02_OK,2022-02-11 10:38:32.533,31,30,19.4,38,650,682,0,688.0006063384444,-6.000606338444413,-2.0192654454897943,0,0.018679561201894783,,N
WeldingTest_02_OK,2022-02-11 10:38:34.047,32,30,19.4,38,650,682,0,688.0006063384444,-6.000606338444413,-2.0192654454897943,0,0.018679561201894783,,N
WeldingTest_02_OK,2022-02-11 10:38:37.105,33,30,19.4,38,650,682,0,688.0006063384444,-6.000606338444413,-2.0192654454897943,0,0.018679561201894783,,N
WeldingTest_02_OK,2022-02-11 10:38:38.891,34,30,19.4,38,650,682,0,688.0006063384444,-6.000606338444413,-2.0192654454897943,0,0.018679561201894783,,N
WeldingTest_02_OK,2022-02-11 10:38:42.347,35,30,19.4,38,650,682,0,688.0006063384444,-6.000606338444413,-2.0192654454897943,0,0.018679561201894783,,N
WeldingTest_02_OK,2022-02-11 10:38:44.023,36,30,19.4,38,650,682,0,688.0006063384444,-6.000606338444413,-2.0192654454897943,0,0.018679561201894783,,N
WeldingTest_02_OK,2022-02-11 10:38:45.767,37,30,19.4,38,650,682,0,688.0006063384444,-6.000606338444413,-2.0192654454897943,0,0.018679561201894783,,N
WeldingTest_02_OK,2022-02-11 10:38:48.735,38,30,19.4,38,650,682,0,688.0006063384444,-6.000606338444413,-2.0192654454897943,0,0.018679561201894783,,N
WeldingTest_02_OK,2022-02-11 10:38:50.243,39,30,19.4,38,650,682,0,688.0006063384444,-6.000606338444413,-2.0192654454897943,0,0.018679561201894783,,N
WeldingTest_02_OK,2022-02-11 10:49:17.318,1,250,241.1,82,1154,1660,0,1679.3760170564362,-19.37601705643624,-2.4179226256240414,0,0.04053715039861013,,N
WeldingTest_02_OK,2022-02-11 10:49:20.580,2,250,241.2,83,1670,1685,0,1704.5159551916302,-19.515955191630155,-2.2110732139813494,0,0.02717640658643964,,N
WeldingTest_02_OK,2022-02-11 10:49:23.334,3,250,241.1,82,1153,1667,0,1687.0000658542688,-20.00006585426877,-2.4970912027224483,0,0.04716374458367817,,N
WeldingTest_02_OK,2022-02-11 10:49:26.692,4,250,241.2,83,1670,1690,0,1708.9999966770276,-18.99999667702764,-2.150344104204507,0,0.024143230529360713,,N
WeldingTest_02_OK,2022-02-11 10:49:29.526,5,250,241.1,82,1154,1670,0,1689.0246460370001,-19.02464603700014,-2.3733467146712606,0,0.03720825199081969,,N
WeldingTest_02_OK,2022-02-11 10:49:32.750,6,250,241.2,83,1670,1694,0,1712.029134968304,-18.029134968304106,-2.0360721896638077,0,0.019305790508210408,,N
WeldingTest_02_OK,2022-02-11 10:49:38.523,7,250,241.1,82,1153,1669,0,1687.9999985928248,-18.999998592824795,-2.3702198709192146,0,0.036984868387859825,,N
WeldingTest_02_OK,2022-02-11 10:49:41.795,8,250,241.2,83,1670,1694,0,1711.9999942256752,-17.99999422567521,-2.032642279490793,0,0.019176340368008915,,N
WeldingTest_02_OK,2022-02-11 10:49:44.497,9,250,241.1,82,1154,1673,0,1692.000000006275,-19.00000000627506,-2.370220050233471,0,0.03698488116112934,,N
WeldingTest_02_OK,2022-02-11 10:49:47.799,10,250,241.2,83,1670,1697,0,1714.011058058723,-17.011058058722938,-1.9162429734508457,0,0.015254419446737236,,N
WeldingTest_02_OK,2022-02-11 10:49:50.627,11,250,241.1,82,1154,1675,0,1693.077006948619,-18.0770069486191,-2.2531265676402397,0,0.029490675990642055,,N
WeldingTest_02_OK,2022-02-11 10:49:53.911,12,250,241.2,83,1670,1698,0,1716.0000403355489,-18.000040335548874,-2.0326477066937563,0,0.019176544525344244,,N
WeldingTest_02_OK,2022-02-11 10:49:58.451,13,30,19.4,38,650,682,0,688.0006063384444,-6.000606338444413,-2.0192654454897943,0,0.018679561201894783,,N
WeldingTest_02_OK,2022-02-11 10:50:00.161,14,30,19.4,38,650,680,0,688.0006063384444,-8.000606338444413,-2.6923538592998333,0,0.06816069625925017,,N
WeldingTest_02_OK,2022-02-11 10:50:03.087,15,30,19.4,38,650,680,0,688.0006063384444,-8.000606338444413,-2.6923538592998333,0,0.06816069625925017,,N
WeldingTest_02_OK,2022-02-11 10:50:06.383,16,30,19.4,38,650,680,0,688.0006063384444,-8.000606338444413,-2.6923538592998333,0,0.06816069625925017,,N
WeldingTest_02_OK,2022-02-11 10:50:08.085,17,30,19.4,38,650,680,0,688.0006063384444,-8.000606338444413,-2.6923538592998333,0,0.06816069625925017,,N
WeldingTest_02_OK,2022-02-11 10:50:09.723,18,30,19.4,38,650,680,0,688.0006063384444,-8.000606338444413,-2.6923538592998333,0,0.06816069625925017,,N
WeldingTest_02_OK,2022-02-11 10:50:30.089,19,250,241.1,83,1670,1689,0,1707.000103955623,-18.00010395562299,-2.032655194874212,0,0.01917682621481966,,N
WeldingTest_02_OK,2022-02-11 10:50:32.687,20,250,241.2,82,1154,1671,0,1689.0001549203207,-18.00015492032071,-2.243376904234682,0,0.028937677297542166,,N
WeldingTest_02_OK,2022-02-11 10:50:36.083,21,250,241.1,83,1670,1695,0,1712.3737369702349,-17.37373697023486,-1.9589308384779809,0,0.01659143080875386,,N
WeldingTest_02_OK,2022-02-11 10:50:38.645,22,250,241.2,82,1154,1675,0,1692.099787412438,-17.09978741243799,-2.1291537622107106,0,0.02316460986710628,,N
WeldingTest_02_OK,2022-02-11 10:50:42.099,23,250,241.1,83,1670,1697,0,1714.000016164169,-17.000016164168983,-1.914943325499444,0,0.015215422703684443,,N
WeldingTest_02_OK,2022-02-11 10:50:44.793,24,250,241.2,82,1154,1677,0,1693.9999960126588,-16.999996012658812,-2.11649394593574,0,0.02259854150294162,,N
WeldingTest_02_OK,2022-02-11 10:50:51.259,25,250,241.1,83,1670,1695,0,1712.9966966279746,-17.996696627974643,-2.0322541471757134,0,0.019161745358881054,,N
WeldingTest_02_OK,2022-02-11 10:50:53.871,26,250,241.2,82,1154,1677,0,1693.0000140611949,-16.00001406119486,-1.98963343679534,0,0.017623643195565915,,N
WeldingTest_02_OK,2022-02-11 10:50:57.289,27,250,241.1,83,1670,1699,0,1716.0029705464842,-17.00297054648422,-1.9152910608364275,0,0.015225847090383205,,N
WeldingTest_02_OK,2022-02-11 10:50:59.861,28,250,241.2,82,1154,1678,0,1694.999985710131,-16.999985710131114,-2.1164926389282415,0,0.022598483765049245,,N
WeldingTest_02_OK,2022-02-11 10:51:03.331,29,250,241.1,83,1670,1700,0,1716.999967777064,-16.999967777064057,-1.9149376302628627,0,0.015215252030760974,,N
WeldingTest_02_OK,2022-02-11 10:51:05.987,30,250,241.2,82,1154,1679,0,1696.988693652646,-17.988693652645907,-2.241922895739337,0,0.02885607302592614,,N
WeldingTest_02_OK,2022-02-11 10:51:10.513,31,30,19.4,38,650,682,0,688.0006063384444,-6.000606338444413,-2.0192654454897943,0,0.018679561201894783,,N
WeldingTest_02_OK,2022-02-11 10:51:12.071,32,30,19.4,38,650,682,0,688.0006063384444,-6.000606338444413,-2.0192654454897943,0,0.018679561201894783,,N
WeldingTest_02_OK,2022-02-11 10:51:15.119,33,30,19.4,38,650,682,0,688.0006063384444,-6.000606338444413,-2.0192654454897943,0,0.018679561201894783,,N
WeldingTest_02_OK,2022-02-11 10:51:16.871,34,30,19.4,38,650,682,0,688.0006063384444,-6.000606338444413,-2.0192654454897943,0,0.018679561201894783,,N
WeldingTest_02_OK,2022-02-11 10:51:20.343,35,30,19.4,38,650,682,0,688.0006063384444,-6.000606338444413,-2.0192654454897943,0,0.018679561201894783,,N
WeldingTest_02_OK,2022-02-11 10:51:22.057,36,30,19.4,38,650,682,0,688.0006063384444,-6.000606338444413,-2.0192654454897943,0,0.018679561201894783,,N
WeldingTest_02_OK,2022-02-11 10:51:23.737,37,30,19.4,38,650,682,0,688.0006063384444,-6.000606338444413,-2.0192654454897943,0,0.018679561201894783,,N
WeldingTest_02_OK,2022-02-11 10:51:26.773,38,30,19.4,38,650,682,0,688.0006063384444,-6.000606338444413,-2.0192654454897943,0,0.018679561201894783,,N
WeldingTest_02_OK,2022-02-11 10:51:28.241,39,30,19.4,38,650,682,0,688.0006063384444,-6.000606338444413,-2.0192654454897943,0,0.018679561201894783,,N
WeldingTest_02_OK,2022-02-11 10:53:15.699,1,250,241.1,82,1154,1662,0,1679.3760170564362,-17.37601705643624,-2.1641970279676452,0,0.024804667664138552,,N
WeldingTest_02_OK,2022-02-11 10:53:18.953,2,250,241.2,83,1670,1688,0,1704.5159551916302,-16.515955191630155,-1.8579686054240474,0,0.013599052527687816,,N
WeldingTest_02_OK,2022-02-11 10:53:21.743,3,250,241.1,82,1153,1670,0,1687.0000658542688,-17.00006585426877,-2.116502806237854,0,0.022598932916255355,,N
WeldingTest_02_OK,2022-02-11 10:53:24.979,4,250,241.2,83,1670,1693,0,1708.9999966770276,-15.999996677027639,-1.7972394956472044,0,0.012062463787483435,,N
WeldingTest_02_OK,2022-02-11 10:53:27.745,5,250,241.1,82,1154,1673,0,1689.0246460370001,-16.02464603700014,-1.9927583181866662,0,0.017732172487686704,,N
WeldingTest_02_OK,2022-02-11 10:53:30.977,6,250,241.2,83,1670,1695,0,1712.029134968304,-17.029134968304106,-1.9183706534780405,0,0.015318474316666093,,N
WeldingTest_02_OK,2022-02-11 10:53:36.703,7,250,241.1,82,1153,1670,0,1687.9999985928248,-17.999998592824795,-2.2433570720910163,0,0.02893656274046461,,N
WeldingTest_02_OK,2022-02-11 10:53:40.011,8,250,241.2,83,1670,1695,0,1711.9999942256752,-16.99999422567521,-1.9149407433050252,0,0.015215345321121962,,N
WeldingTest_02_OK,2022-02-11 10:53:42.835,9,250,241.1,82,1154,1675,0,1692.000000006275,-17.00000000627506,-2.116494452577075,0,0.022598563884185442,,N
WeldingTest_02_OK,2022-02-11 10:53:46.101,10,250,241.2,83,1670,1698,0,1714.011058058723,-16.011058058722938,-1.7985414372650783,0,0.0120935336194864,,N
WeldingTest_02_OK,2022-02-11 10:53:48.971,11,250,241.1,82,1154,1677,0,1693.077006948619,-16.0770069486191,-1.9994009699838435,0,0.01796506119526526,,N
WeldingTest_02_OK,2022-02-11 10:53:52.281,12,250,241.2,83,1670,1699,0,1716.0000403355489,-17.000040335548874,-1.9149461705079889,0,0.015215507962644164,,N
WeldingTest_02_OK,2022-02-11 10:53:56.857,13,30,19.4,38,650,682,0,688.0006063384444,-6.000606338444413,-2.0192654454897943,0,0.018679561201894783,,N
WeldingTest_02_OK,2022-02-11 10:53:58.597,14,30,19.4,38,650,682,0,688.0006063384444,-6.000606338444413,-2.0192654454897943,0,0.018679561201894783,,N
WeldingTest_02_OK,2022-02-11 10:54:01.601,15,30,19.4,38,650,682,0,688.0006063384444,-6.000606338444413,-2.0192654454897943,0,0.018679561201894783,,N
WeldingTest_02_OK,2022-02-11 10:54:05.001,16,30,19.4,38,650,682,0,688.0006063384444,-6.000606338444413,-2.0192654454897943,0,0.018679561201894783,,N
WeldingTest_02_OK,2022-02-11 10:54:06.767,17,30,19.4,38,650,682,0,688.0006063384444,-6.000606338444413,-2.0192654454897943,0,0.018679561201894783,,N
WeldingTest_02_OK,2022-02-11 10:54:08.439,18,30,19.4,38,650,682,0,688.0006063384444,-6.000606338444413,-2.0192654454897943,0,0.018679561201894783,,N
WeldingTest_02_OK,2022-02-11 10:54:28.971,19,250,241.1,83,1670,1689,0,1707.000103955623,-18.00010395562299,-2.032655194874212,0,0.01917682621481966,,N
WeldingTest_02_OK,2022-02-11 10:54:31.587,20,250,241.2,82,1154,1673,0,1689.0001549203207,-16.00015492032071,-1.989651306578286,0,0.01762426196713884,,N
WeldingTest_02_OK,2022-02-11 10:54:35.001,21,250,241.1,83,1670,1695,0,1712.3737369702349,-17.37373697023486,-1.9589308384779809,0,0.01659143080875386,,N
WeldingTest_02_OK,2022-02-11 10:54:37.705,22,250,241.2,82,1154,1675,0,1692.099787412438,-17.09978741243799,-2.1291537622107106,0,0.02316460986710628,,N
WeldingTest_02_OK,2022-02-11 10:54:41.195,23,250,241.1,83,1670,1698,0,1714.000016164169,-16.000016164168983,-1.7972417893136765,0,0.012062518454672457,,N
WeldingTest_02_OK,2022-02-11 10:54:43.755,24,250,241.2,82,1154,1678,0,1693.9999960126588,-15.999996012658812,-1.989631147107542,0,0.017623563912780586,,N
WeldingTest_02_OK,2022-02-11 10:54:50.137,25,250,241.1,83,1670,1697,0,1712.9966966279746,-15.996696627974643,-1.7968510748041786,0,0.012053209703825838,,N
WeldingTest_02_OK,2022-02-11 10:54:52.899,26,250,241.2,82,1154,1677,0,1693.0000140611949,-16.00001406119486,-1.98963343679534,0,0.017623643195565915,,N
WeldingTest_02_OK,2022-02-11 10:54:56.417,27,250,241.1,83,1670,1699,0,1716.0029705464842,-17.00297054648422,-1.9152910608364275,0,0.015225847090383205,,N
WeldingTest_02_OK,2022-02-11 10:54:59.081,28,250,241.2,82,1154,1679,0,1694.999985710131,-15.999985710131114,-1.9896298401000434,0,0.01762351865646421,,N
WeldingTest_02_OK,2022-02-11 10:55:02.559,29,250,241.1,83,1670,1700,0,1716.999967777064,-16.999967777064057,-1.9149376302628627,0,0.015215252030760974,,N
WeldingTest_02_OK,2022-02-11 10:55:05.171,30,250,241.2,82,1154,1680,0,1696.988693652646,-16.988693652645907,-2.1150600969111393,0,0.02253528686764939,,N
WeldingTest_02_OK,2022-02-11 10:55:09.609,31,30,19.4,38,650,682,0,688.0006063384444,-6.000606338444413,-2.0192654454897943,0,0.018679561201894783,,N
WeldingTest_02_OK,2022-02-11 10:55:11.141,32,30,19.4,38,650,682,0,688.0006063384444,-6.000606338444413,-2.0192654454897943,0,0.018679561201894783,,N
WeldingTest_02_OK,2022-02-11 10:55:14.255,33,30,19.4,38,650,682,0,688.0006063384444,-6.000606338444413,-2.0192654454897943,0,0.018679561201894783,,N
WeldingTest_02_OK,2022-02-11 10:55:15.989,34,30,19.4,38,650,682,0,688.0006063384444,-6.000606338444413,-2.0192654454897943,0,0.018679561201894783,,N
WeldingTest_02_OK,2022-02-11 10:55:19.423,35,30,19.4,38,650,682,0,688.0006063384444,-6.000606338444413,-2.0192654454897943,0,0.018679561201894783,,N
WeldingTest_02_OK,2022-02-11 10:55:21.143,36,30,19.4,38,650,682,0,688.0006063384444,-6.000606338444413,-2.0192654454897943,0,0.018679561201894783,,N
WeldingTest_02_OK,2022-02-11 10:55:22.857,37,30,19.4,38,650,682,0,688.0006063384444,-6.000606338444413,-2.0192654454897943,0,0.018679561201894783,,N
WeldingTest_02_OK,2022-02-11 10:55:25.851,38,30,19.4,38,650,682,0,688.0006063384444,-6.000606338444413,-2.0192654454897943,0,0.018679561201894783,,N
WeldingTest_02_OK,2022-02-11 10:55:27.349,39,30,19.4,38,650,682,0,688.0006063384444,-6.000606338444413,-2.0192654454897943,0,0.018679561201894783,,N
WeldingTest_02_OK,2022-02-11 11:01:37.776,1,250,241.1,82,1154,1660,0,1679.3760170564362,-19.37601705643624,-2.4179226256240414,0,0.04053715039861013,,N
WeldingTest_02_OK,2022-02-11 11:01:41.124,2,250,241.2,83,1670,1685,0,1704.5159551916302,-19.515955191630155,-2.2110732139813494,0,0.02717640658643964,,N
WeldingTest_02_OK,2022-02-11 11:01:43.960,3,250,241.1,82,1153,1667,0,1687.0000658542688,-20.00006585426877,-2.4970912027224483,0,0.04716374458367817,,N
WeldingTest_02_OK,2022-02-11 11:01:47.246,4,250,241.2,83,1670,1690,0,1708.9999966770276,-18.99999667702764,-2.150344104204507,0,0.024143230529360713,,N
WeldingTest_02_OK,2022-02-11 11:01:50.026,5,250,241.1,82,1154,1670,0,1689.0246460370001,-19.02464603700014,-2.3733467146712606,0,0.03720825199081969,,N
WeldingTest_02_OK,2022-02-11 11:01:53.298,6,250,241.2,83,1670,1694,0,1712.029134968304,-18.029134968304106,-2.0360721896638077,0,0.019305790508210408,,N
WeldingTest_02_OK,2022-02-11 11:01:59.094,7,250,241.1,82,1153,1669,0,1687.9999985928248,-18.999998592824795,-2.3702198709192146,0,0.036984868387859825,,N
WeldingTest_02_OK,2022-02-11 11:02:02.304,8,250,241.2,83,1670,1694,0,1711.9999942256752,-17.99999422567521,-2.032642279490793,0,0.019176340368008915,,N
WeldingTest_02_OK,2022-02-11 11:02:05.122,9,250,241.1,82,1154,1673,0,1692.000000006275,-19.00000000627506,-2.370220050233471,0,0.03698488116112934,,N
WeldingTest_02_OK,2022-02-11 11:02:08.368,10,250,241.2,83,1670,1697,0,1714.011058058723,-17.011058058722938,-1.9162429734508457,0,0.015254419446737236,,N
WeldingTest_02_OK,2022-02-11 11:02:11.138,11,250,241.1,82,1154,1675,0,1693.077006948619,-18.0770069486191,-2.2531265676402397,0,0.029490675990642055,,N
WeldingTest_02_OK,2022-02-11 11:02:14.420,12,250,241.2,83,1670,1698,0,1716.0000403355489,-18.000040335548874,-2.0326477066937563,0,0.019176544525344244,,N
WeldingTest_02_OK,2022-02-11 11:02:18.858,13,30,19.4,38,650,682,0,688.0006063384444,-6.000606338444413,-2.0192654454897943,0,0.018679561201894783,,N
WeldingTest_02_OK,2022-02-11 11:02:20.518,14,30,19.4,38,650,680,0,688.0006063384444,-8.000606338444413,-2.6923538592998333,0,0.06816069625925017,,N
WeldingTest_02_OK,2022-02-11 11:02:23.482,15,30,19.4,38,650,680,0,688.0006063384444,-8.000606338444413,-2.6923538592998333,0,0.06816069625925017,,N
WeldingTest_02_OK,2022-02-11 11:02:26.806,16,30,19.4,38,650,680,0,688.0006063384444,-8.000606338444413,-2.6923538592998333,0,0.06816069625925017,,N
WeldingTest_02_OK,2022-02-11 11:02:28.540,17,30,19.4,38,650,680,0,688.0006063384444,-8.000606338444413,-2.6923538592998333,0,0.06816069625925017,,N
WeldingTest_02_OK,2022-02-11 11:02:30.298,18,30,19.4,38,650,680,0,688.0006063384444,-8.000606338444413,-2.6923538592998333,0,0.06816069625925017,,N
WeldingTest_02_OK,2022-02-11 11:02:50.694,19,250,241.1,83,1670,1689,0,1707.000103955623,-18.00010395562299,-2.032655194874212,0,0.01917682621481966,,N
WeldingTest_02_OK,2022-02-11 11:02:53.444,20,250,241.2,82,1154,1671,0,1689.0001549203207,-18.00015492032071,-2.243376904234682,0,0.028937677297542166,,N
WeldingTest_02_OK,2022-02-11 11:02:56.902,21,250,241.1,83,1670,1695,0,1712.3737369702349,-17.37373697023486,-1.9589308384779809,0,0.01659143080875386,,N
WeldingTest_02_OK,2022-02-11 11:02:59.568,22,250,241.2,82,1154,1674,0,1692.099787412438,-18.09978741243799,-2.2560165610389085,0,0.02965655550795212,,N
WeldingTest_02_OK,2022-02-11 11:03:03.024,23,250,241.1,83,1670,1697,0,1714.000016164169,-17.000016164168983,-1.914943325499444,0,0.015215422703684443,,N
WeldingTest_02_OK,2022-02-11 11:03:05.712,24,250,241.2,82,1154,1677,0,1693.9999960126588,-16.999996012658812,-2.11649394593574,0,0.02259854150294162,,N
WeldingTest_02_OK,2022-02-11 11:03:12.158,25,250,241.1,83,1670,1695,0,1712.9966966279746,-17.996696627974643,-2.0322541471757134,0,0.019161745358881054,,N
WeldingTest_02_OK,2022-02-11 11:03:14.794,26,250,241.2,82,1154,1677,0,1693.0000140611949,-16.00001406119486,-1.98963343679534,0,0.017623643195565915,,N
WeldingTest_02_OK,2022-02-11 11:03:18.292,27,250,241.1,83,1670,1699,0,1716.0029705464842,-17.00297054648422,-1.9152910608364275,0,0.015225847090383205,,N
WeldingTest_02_OK,2022-02-11 11:03:20.938,28,250,241.2,82,1154,1678,0,1694.999985710131,-16.999985710131114,-2.1164926389282415,0,0.022598483765049245,,N
WeldingTest_02_OK,2022-02-11 11:03:24.476,29,250,241.1,83,1670,1700,0,1716.999967777064,-16.999967777064057,-1.9149376302628627,0,0.015215252030760974,,N
WeldingTest_02_OK,2022-02-11 11:03:27.066,30,250,241.2,82,1154,1679,0,1696.988693652646,-17.988693652645907,-2.241922895739337,0,0.02885607302592614,,N
WeldingTest_02_OK,2022-02-11 11:03:31.306,31,30,19.4,38,650,682,0,688.0006063384444,-6.000606338444413,-2.0192654454897943,0,0.018679561201894783,,N
WeldingTest_02_OK,2022-02-11 11:03:32.940,32,30,19.4,38,650,682,0,688.0006063384444,-6.000606338444413,-2.0192654454897943,0,0.018679561201894783,,N
WeldingTest_02_OK,2022-02-11 11:03:36.022,33,30,19.4,38,650,682,0,688.0006063384444,-6.000606338444413,-2.0192654454897943,0,0.018679561201894783,,N
WeldingTest_02_OK,2022-02-11 11:03:37.788,34,30,19.4,38,650,682,0,688.0006063384444,-6.000606338444413,-2.0192654454897943,0,0.018679561201894783,,N
WeldingTest_02_OK,2022-02-11 11:03:41.288,35,30,19.4,38,650,682,0,688.0006063384444,-6.000606338444413,-2.0192654454897943,0,0.018679561201894783,,N
WeldingTest_02_OK,2022-02-11 11:03:43.038,36,30,19.4,38,650,682,0,688.0006063384444,-6.000606338444413,-2.0192654454897943,0,0.018679561201894783,,N
WeldingTest_02_OK,2022-02-11 11:03:44.788,37,30,19.4,38,650,682,0,688.0006063384444,-6.000606338444413,-2.0192654454897943,0,0.018679561201894783,,N
WeldingTest_02_OK,2022-02-11 11:03:47.825,38,30,19.4,38,650,682,0,688.0006063384444,-6.000606338444413,-2.0192654454897943,0,0.018679561201894783,,N
WeldingTest_02_OK,2022-02-11 11:03:49.353,39,30,19.4,38,650,682,0,688.0006063384444,-6.000606338444413,-2.0192654454897943,0,0.018679561201894783,,N
WeldingTest_02_OK,2022-02-11 11:04:35.307,1,250,241.1,82,1154,1665,0,1679.3760170564362,-14.37601705643624,-1.7836086314830508,0,0.011741871224911007,,N
WeldingTest_02_OK,2022-02-11 11:04:38.567,2,250,241.2,83,1670,1692,0,1704.5159551916302,-12.515955191630155,-1.3871624606809778,0,0.005347974410351919,,N
WeldingTest_02_OK,2022-02-11 11:04:41.349,3,250,241.1,82,1153,1671,0,1687.0000658542688,-16.00006585426877,-1.9896400074096559,0,0.017623870711761705,,N
WeldingTest_02_OK,2022-02-11 11:04:44.565,4,250,241.2,83,1670,1695,0,1708.9999966770276,-13.999996677027639,-1.5618364232756696,0,0.007567267823260635,,N
WeldingTest_02_OK,2022-02-11 11:04:47.353,5,250,241.1,82,1154,1674,0,1689.0246460370001,-15.024646037000139,-1.8658955193584679,0,0.013813365798905075,,N
WeldingTest_02_OK,2022-02-11 11:04:50.603,6,250,241.2,83,1670,1698,0,1712.029134968304,-14.029134968304106,-1.5652660449207383,0,0.00761895515219327,,N
WeldingTest_02_OK,2022-02-11 11:04:56.385,7,250,241.1,82,1153,1673,0,1687.9999985928248,-14.999998592824795,-1.8627686756064221,0,0.013728433097365383,,N
WeldingTest_02_OK,2022-02-11 11:04:59.707,8,250,241.2,83,1670,1698,0,1711.9999942256752,-13.99999422567521,-1.561836134747723,0,0.007567263489569633,,N
WeldingTest_02_OK,2022-02-11 11:05:02.551,9,250,241.1,82,1154,1677,0,1692.000000006275,-15.000000006275059,-1.8627688549206785,0,0.01372843795318309,,N
WeldingTest_02_OK,2022-02-11 11:05:05.887,10,250,241.2,83,1670,1699,0,1714.011058058723,-15.011058058722938,-1.680839901079311,0,0.009581245938673098,,N
WeldingTest_02_OK,2022-02-11 11:05:08.629,11,250,241.1,82,1154,1679,0,1693.077006948619,-14.0770069486191,-1.7456753723274472,0,0.010893354259789748,,N
WeldingTest_02_OK,2022-02-11 11:05:11.899,12,250,241.2,83,1670,1700,0,1716.0000403355489,-16.000040335548874,-1.7972446343222215,0,0.01206258626287463,,N
WeldingTest_02_OK,2022-02-11 11:05:16.339,13,30,19.4,38,650,682,0,688.0006063384444,-6.000606338444413,-2.0192654454897943,0,0.018679561201894783,,N
WeldingTest_02_OK,2022-02-11 11:05:18.069,14,30,19.4,38,650,682,0,688.0006063384444,-6.000606338444413,-2.0192654454897943,0,0.018679561201894783,,N
WeldingTest_02_OK,2022-02-11 11:05:20.969,15,30,19.4,38,650,682,0,688.0006063384444,-6.000606338444413,-2.0192654454897943,0,0.018679561201894783,,N
WeldingTest_02_OK,2022-02-11 11:05:24.281,16,30,19.4,38,650,682,0,688.0006063384444,-6.000606338444413,-2.0192654454897943,0,0.018679561201894783,,N
WeldingTest_02_OK,2022-02-11 11:05:25.959,17,30,19.4,38,650,682,0,688.0006063384444,-6.000606338444413,-2.0192654454897943,0,0.018679561201894783,,N
WeldingTest_02_OK,2022-02-11 11:05:27.675,18,30,19.4,38,650,682,0,688.0006063384444,-6.000606338444413,-2.0192654454897943,0,0.018679561201894783,,N
WeldingTest_02_OK,2022-02-11 11:05:47.853,19,250,241.1,83,1670,1692,0,1707.000103955623,-15.00010395562299,-1.6795505863169098,0,0.009556807093015852,,N
WeldingTest_02_OK,2022-02-11 11:05:50.433,20,250,241.2,82,1154,1674,0,1689.0001549203207,-15.00015492032071,-1.8627885077500876,0,0.013728970160715663,,N
WeldingTest_02_OK,2022-02-11 11:05:53.861,21,250,241.1,83,1670,1697,0,1712.3737369702349,-15.373736970234859,-1.723527766106446,0,0.010426282629246476,,N
WeldingTest_02_OK,2022-02-11 11:05:56.501,22,250,241.2,82,1154,1677,0,1692.099787412438,-15.09978741243799,-1.8754281645543143,0,0.01407550570912607,,N
WeldingTest_02_OK,2022-02-11 11:06:00.001,23,250,241.1,83,1670,1699,0,1714.000016164169,-15.000016164168983,-1.679540253127909,0,0.009556611477923933,,N
WeldingTest_02_OK,2022-02-11 11:06:02.655,24,250,241.2,82,1154,1678,0,1693.9999960126588,-15.999996012658812,-1.989631147107542,0,0.017623563912780586,,N
WeldingTest_02_OK,2022-02-11 11:06:09.089,25,250,241.1,83,1670,1697,0,1712.9966966279746,-15.996696627974643,-1.7968510748041786,0,0.012053209703825838,,N
WeldingTest_02_OK,2022-02-11 11:06:11.787,26,250,241.2,82,1154,1678,0,1693.0000140611949,-15.000014061194861,-1.862770637967142,0,0.013728486238050749,,N
WeldingTest_02_OK,2022-02-11 11:06:15.147,27,250,241.1,83,1670,1700,0,1716.0029705464842,-16.00297054648422,-1.7975895246506601,0,0.012070809201601864,,N
WeldingTest_02_OK,2022-02-11 11:06:17.887,28,250,241.2,82,1154,1679,0,1694.999985710131,-15.999985710131114,-1.9896298401000434,0,0.01762351865646421,,N
WeldingTest_02_OK,2022-02-11 11:06:21.423,29,250,241.1,83,1670,1702,0,1716.999967777064,-14.999967777064057,-1.6795345578913279,0,0.00955650366447817,,N
WeldingTest_02_OK,2022-02-11 11:06:24.163,30,250,241.2,82,1154,1680,0,1696.988693652646,-16.988693652645907,-2.1150600969111393,0,0.02253528686764939,,N
WeldingTest_02_OK,2022-02-11 11:06:28.599,31,30,19.4,38,650,682,0,688.0006063384444,-6.000606338444413,-2.0192654454897943,0,0.018679561201894783,,N
WeldingTest_02_OK,2022-02-11 11:06:30.143,32,30,19.4,38,650,682,0,688.0006063384444,-6.000606338444413,-2.0192654454897943,0,0.018679561201894783,,N
WeldingTest_02_OK,2022-02-11 11:06:33.215,33,30,19.4,38,650,682,0,688.0006063384444,-6.000606338444413,-2.0192654454897943,0,0.018679561201894783,,N
WeldingTest_02_OK,2022-02-11 11:06:34.961,34,30,19.4,38,650,682,0,688.0006063384444,-6.000606338444413,-2.0192654454897943,0,0.018679561201894783,,N
WeldingTest_02_OK,2022-02-11 11:06:38.431,35,30,19.4,38,650,682,0,688.0006063384444,-6.000606338444413,-2.0192654454897943,0,0.018679561201894783,,N
WeldingTest_02_OK,2022-02-11 11:06:40.151,36,30,19.4,38,650,682,0,688.0006063384444,-6.000606338444413,-2.0192654454897943,0,0.018679561201894783,,N
WeldingTest_02_OK,2022-02-11 11:06:41.843,37,30,19.4,38,650,682,0,688.0006063384444,-6.000606338444413,-2.0192654454897943,0,0.018679561201894783,,N
WeldingTest_02_OK,2022-02-11 11:06:44.861,38,30,19.4,38,650,682,0,688.0006063384444,-6.000606338444413,-2.0192654454897943,0,0.018679561201894783,,N
WeldingTest_02_OK,2022-02-11 11:06:46.341,39,30,19.4,38,650,682,0,688.0006063384444,-6.000606338444413,-2.0192654454897943,0,0.018679561201894783,,N
WeldingTest_02_OK,2022-02-11 11:07:56.871,1,250,241.1,82,1154,1665,0,1679.3760170564362,-14.37601705643624,-1.7836086314830508,0,0.011741871224911007,,N
WeldingTest_02_OK,2022-02-11 11:08:00.095,2,250,241.2,83,1670,1690,0,1704.5159551916302,-14.515955191630155,-1.6225655330525126,0,0.00853617934236074,,N
WeldingTest_02_OK,2022-02-11 11:08:02.919,3,250,241.1,82,1153,1671,0,1687.0000658542688,-16.00006585426877,-1.9896400074096559,0,0.017623870711761705,,N
WeldingTest_02_OK,2022-02-11 11:08:06.219,4,250,241.2,83,1670,1695,0,1708.9999966770276,-13.999996677027639,-1.5618364232756696,0,0.007567267823260635,,N
WeldingTest_02_OK,2022-02-11 11:08:09.035,5,250,241.1,82,1154,1674,0,1689.0246460370001,-15.024646037000139,-1.8658955193584679,0,0.013813365798905075,,N
WeldingTest_02_OK,2022-02-11 11:08:12.403,6,250,241.2,83,1670,1697,0,1712.029134968304,-15.029134968304106,-1.6829675811065057,0,0.009621711333202183,,N
WeldingTest_02_OK,2022-02-11 11:08:18.189,7,250,241.1,82,1153,1671,0,1687.9999985928248,-16.999998592824795,-2.1164942732628185,0,0.022598555962847263,,N
WeldingTest_02_OK,2022-02-11 11:08:21.479,8,250,241.2,83,1670,1697,0,1711.9999942256752,-14.99999422567521,-1.6795376709334904,0,0.009556562595647659,,N
WeldingTest_02_OK,2022-02-11 11:08:24.339,9,250,241.1,82,1154,1675,0,1692.000000006275,-17.00000000627506,-2.116494452577075,0,0.022598563884185442,,N
WeldingTest_02_OK,2022-02-11 11:08:27.575,10,250,241.2,83,1670,1699,0,1714.011058058723,-15.011058058722938,-1.680839901079311,0,0.009581245938673098,,N
WeldingTest_02_OK,2022-02-11 11:08:30.341,11,250,241.1,82,1154,1678,0,1693.077006948619,-15.0770069486191,-1.8725381711556455,0,0.013995519477128947,,N
WeldingTest_02_OK,2022-02-11 11:08:33.585,12,250,241.2,83,1670,1700,0,1716.0000403355489,-16.000040335548874,-1.7972446343222215,0,0.01206258626287463,,N
WeldingTest_02_OK,2022-02-11 11:08:38.063,13,30,19.4,38,650,682,0,688.0006063384444,-6.000606338444413,-2.0192654454897943,0,0.018679561201894783,,N
WeldingTest_02_OK,2022-02-11 11:08:39.739,14,30,19.4,38,650,682,0,688.0006063384444,-6.000606338444413,-2.0192654454897943,0,0.018679561201894783,,N
WeldingTest_02_OK,2022-02-11 11:08:42.703,15,30,19.4,38,650,682,0,688.0006063384444,-6.000606338444413,-2.0192654454897943,0,0.018679561201894783,,N
WeldingTest_02_OK,2022-02-11 11:08:46.065,16,30,19.4,38,650,682,0,688.0006063384444,-6.000606338444413,-2.0192654454897943,0,0.018679561201894783,,N
WeldingTest_02_OK,2022-02-11 11:08:47.763,17,30,19.4,38,650,682,0,688.0006063384444,-6.000606338444413,-2.0192654454897943,0,0.018679561201894783,,N
WeldingTest_02_OK,2022-02-11 11:08:49.457,18,30,19.4,38,650,682,0,688.0006063384444,-6.000606338444413,-2.0192654454897943,0,0.018679561201894783,,N
WeldingTest_02_OK,2022-02-11 11:09:09.881,19,250,241.1,83,1670,1690,0,1707.000103955623,-17.00010395562299,-1.9149536586884446,0,0.015215732370009625,,N
WeldingTest_02_OK,2022-02-11 11:09:12.439,20,250,241.2,82,1154,1674,0,1689.0001549203207,-15.00015492032071,-1.8627885077500876,0,0.013728970160715663,,N
WeldingTest_02_OK,2022-02-11 11:09:15.859,21,250,241.1,83,1670,1697,0,1712.3737369702349,-15.373736970234859,-1.723527766106446,0,0.010426282629246476,,N
WeldingTest_02_OK,2022-02-11 11:09:18.439,22,250,241.2,82,1154,1677,0,1692.099787412438,-15.09978741243799,-1.8754281645543143,0,0.01407550570912607,,N
WeldingTest_02_OK,2022-02-11 11:09:21.925,23,250,241.1,83,1670,1699,0,1714.000016164169,-15.000016164168983,-1.679540253127909,0,0.009556611477923933,,N
WeldingTest_02_OK,2022-02-11 11:09:24.591,24,250,241.2,82,1154,1678,0,1693.9999960126588,-15.999996012658812,-1.989631147107542,0,0.017623563912780586,,N
WeldingTest_02_OK,2022-02-11 11:09:31.043,25,250,241.1,83,1670,1697,0,1712.9966966279746,-15.996696627974643,-1.7968510748041786,0,0.012053209703825838,,N
WeldingTest_02_OK,2022-02-11 11:09:33.665,26,250,241.2,82,1154,1678,0,1693.0000140611949,-15.000014061194861,-1.862770637967142,0,0.013728486238050749,,N
WeldingTest_02_OK,2022-02-11 11:09:37.105,27,250,241.1,83,1670,1700,0,1716.0029705464842,-16.00297054648422,-1.7975895246506601,0,0.012070809201601864,,N
WeldingTest_02_OK,2022-02-11 11:09:39.725,28,250,241.2,82,1154,1679,0,1694.999985710131,-15.999985710131114,-1.9896298401000434,0,0.01762351865646421,,N
WeldingTest_02_OK,2022-02-11 11:09:43.205,29,250,241.1,83,1670,1702,0,1716.999967777064,-14.999967777064057,-1.6795345578913279,0,0.00955650366447817,,N
WeldingTest_02_OK,2022-02-11 11:09:45.827,30,250,241.2,82,1154,1680,0,1696.988693652646,-16.988693652645907,-2.1150600969111393,0,0.02253528686764939,,N
WeldingTest_02_OK,2022-02-11 11:09:50.339,31,30,19.4,38,650,682,0,688.0006063384444,-6.000606338444413,-2.0192654454897943,0,0.018679561201894783,,N
WeldingTest_02_OK,2022-02-11 11:09:51.849,32,30,19.4,38,650,682,0,688.0006063384444,-6.000606338444413,-2.0192654454897943,0,0.018679561201894783,,N
WeldingTest_02_OK,2022-02-11 11:09:54.935,33,30,19.4,38,650,682,0,688.0006063384444,-6.000606338444413,-2.0192654454897943,0,0.018679561201894783,,N
WeldingTest_02_OK,2022-02-11 11:09:56.657,34,30,19.4,38,650,682,0,688.0006063384444,-6.000606338444413,-2.0192654454897943,0,0.018679561201894783,,N
WeldingTest_02_OK,2022-02-11 11:10:00.111,35,30,19.4,38,650,682,0,688.0006063384444,-6.000606338444413,-2.0192654454897943,0,0.018679561201894783,,N
WeldingTest_02_OK,2022-02-11 11:10:01.835,36,30,19.4,38,650,682,0,688.0006063384444,-6.000606338444413,-2.0192654454897943,0,0.018679561201894783,,N
WeldingTest_02_OK,2022-02-11 11:10:03.551,37,30,19.4,38,650,682,0,688.0006063384444,-6.000606338444413,-2.0192654454897943,0,0.018679561201894783,,N
WeldingTest_02_OK,2022-02-11 11:10:06.535,38,30,19.4,38,650,682,0,688.0006063384444,-6.000606338444413,-2.0192654454897943,0,0.018679561201894783,,N
WeldingTest_02_OK,2022-02-11 11:10:08.045,39,30,19.4,38,650,682,0,688.0006063384444,-6.000606338444413,-2.0192654454897943,0,0.018679561201894783,,N
WeldingTest_02_OK,2022-02-11 11:16:27.374,1,250,241.1,82,1154,1660,0,1679.3760170564362,-19.37601705643624,-2.4179226256240414,0,0.04053715039861013,,N
WeldingTest_02_OK,2022-02-11 11:16:30.688,2,250,241.2,83,1670,1685,0,1704.5159551916302,-19.515955191630155,-2.2110732139813494,0,0.02717640658643964,,N
WeldingTest_02_OK,2022-02-11 11:16:33.552,3,250,241.1,82,1153,1666,0,1687.0000658542688,-21.00006585426877,-2.6239540015506466,0,0.05996861071980792,,N
WeldingTest_02_OK,2022-02-11 11:16:36.776,4,250,241.2,83,1670,1690,0,1708.9999966770276,-18.99999667702764,-2.150344104204507,0,0.024143230529360713,,N
WeldingTest_02_OK,2022-02-11 11:16:39.560,5,250,241.1,82,1154,1670,0,1689.0246460370001,-19.02464603700014,-2.3733467146712606,0,0.03720825199081969,,N
WeldingTest_02_OK,2022-02-11 11:16:42.882,6,250,241.2,83,1670,1694,0,1712.029134968304,-18.029134968304106,-2.0360721896638077,0,0.019305790508210408,,N
WeldingTest_02_OK,2022-02-11 11:16:48.712,7,250,241.1,82,1153,1669,0,1687.9999985928248,-18.999998592824795,-2.3702198709192146,0,0.036984868387859825,,N
WeldingTest_02_OK,2022-02-11 11:16:51.998,8,250,241.2,83,1670,1694,0,1711.9999942256752,-17.99999422567521,-2.032642279490793,0,0.019176340368008915,,N
WeldingTest_02_OK,2022-02-11 11:16:54.812,9,250,241.1,82,1154,1673,0,1692.000000006275,-19.00000000627506,-2.370220050233471,0,0.03698488116112934,,N
WeldingTest_02_OK,2022-02-11 11:16:58.120,10,250,241.2,83,1670,1697,0,1714.011058058723,-17.011058058722938,-1.9162429734508457,0,0.015254419446737236,,N
WeldingTest_02_OK,2022-02-11 11:17:00.960,11,250,241.1,82,1154,1675,0,1693.077006948619,-18.0770069486191,-2.2531265676402397,0,0.029490675990642055,,N
WeldingTest_02_OK,2022-02-11 11:17:04.224,12,250,241.2,83,1670,1698,0,1716.0000403355489,-18.000040335548874,-2.0326477066937563,0,0.019176544525344244,,N
WeldingTest_02_OK,2022-02-11 11:17:08.670,13,30,19.4,38,650,682,0,688.0006063384444,-6.000606338444413,-2.0192654454897943,0,0.018679561201894783,,N
WeldingTest_02_OK,2022-02-11 11:17:10.358,14,30,19.4,38,650,680,0,688.0006063384444,-8.000606338444413,-2.6923538592998333,0,0.06816069625925017,,N
WeldingTest_02_OK,2022-02-11 11:17:13.272,15,30,19.4,38,650,682,0,688.0006063384444,-6.000606338444413,-2.0192654454897943,0,0.018679561201894783,,N
WeldingTest_02_OK,2022-02-11 11:17:16.586,16,30,19.4,38,650,680,0,688.0006063384444,-8.000606338444413,-2.6923538592998333,0,0.06816069625925017,,N
WeldingTest_02_OK,2022-02-11 11:17:18.366,17,30,19.4,38,650,680,0,688.0006063384444,-8.000606338444413,-2.6923538592998333,0,0.06816069625925017,,N
WeldingTest_02_OK,2022-02-11 11:17:20.090,18,30,19.4,38,650,680,0,688.0006063384444,-8.000606338444413,-2.6923538592998333,0,0.06816069625925017,,N
WeldingTest_02_OK,2022-02-11 11:17:40.658,19,250,241.1,83,1670,1689,0,1707.000103955623,-18.00010395562299,-2.032655194874212,0,0.01917682621481966,,N
WeldingTest_02_OK,2022-02-11 11:17:43.234,20,250,241.2,82,1154,1671,0,1689.0001549203207,-18.00015492032071,-2.243376904234682,0,0.028937677297542166,,N
WeldingTest_02_OK,2022-02-11 11:17:46.696,21,250,241.1,83,1670,1695,0,1712.3737369702349,-17.37373697023486,-1.9589308384779809,0,0.01659143080875386,,N
WeldingTest_02_OK,2022-02-11 11:17:49.224,22,250,241.2,82,1154,1675,0,1692.099787412438,-17.09978741243799,-2.1291537622107106,0,0.02316460986710628,,N
WeldingTest_02_OK,2022-02-11 11:17:52.676,23,250,241.1,83,1670,1698,0,1714.000016164169,-16.000016164168983,-1.7972417893136765,0,0.012062518454672457,,N
WeldingTest_02_OK,2022-02-11 11:17:55.287,24,250,241.2,82,1154,1677,0,1693.9999960126588,-16.999996012658812,-2.11649394593574,0,0.02259854150294162,,N
WeldingTest_02_OK,2022-02-11 11:18:01.739,25,250,241.1,83,1670,1695,0,1712.9966966279746,-17.996696627974643,-2.0322541471757134,0,0.019161745358881054,,N
WeldingTest_02_OK,2022-02-11 11:18:04.403,26,250,241.2,82,1154,1677,0,1693.0000140611949,-16.00001406119486,-1.98963343679534,0,0.017623643195565915,,N
WeldingTest_02_OK,2022-02-11 11:18:07.881,27,250,241.1,83,1670,1699,0,1716.0029705464842,-17.00297054648422,-1.9152910608364275,0,0.015225847090383205,,N
WeldingTest_02_OK,2022-02-11 11:18:10.543,28,250,241.2,82,1154,1678,0,1694.999985710131,-16.999985710131114,-2.1164926389282415,0,0.022598483765049245,,N
WeldingTest_02_OK,2022-02-11 11:18:14.035,29,250,241.1,83,1670,1700,0,1716.999967777064,-16.999967777064057,-1.9149376302628627,0,0.015215252030760974,,N
WeldingTest_02_OK,2022-02-11 11:18:16.663,30,250,241.2,82,1154,1679,0,1696.988693652646,-17.988693652645907,-2.241922895739337,0,0.02885607302592614,,N
WeldingTest_02_OK,2022-02-11 11:18:20.931,31,30,19.4,38,650,682,0,688.0006063384444,-6.000606338444413,-2.0192654454897943,0,0.018679561201894783,,N
WeldingTest_02_OK,2022-02-11 11:18:22.425,32,30,19.4,38,650,682,0,688.0006063384444,-6.000606338444413,-2.0192654454897943,0,0.018679561201894783,,N
WeldingTest_02_OK,2022-02-11 11:18:25.519,33,30,19.4,38,650,682,0,688.0006063384444,-6.000606338444413,-2.0192654454897943,0,0.018679561201894783,,N
WeldingTest_02_OK,2022-02-11 11:18:27.301,34,30,19.4,38,650,682,0,688.0006063384444,-6.000606338444413,-2.0192654454897943,0,0.018679561201894783,,N
WeldingTest_02_OK,2022-02-11 11:18:30.819,35,30,19.4,38,650,682,0,688.0006063384444,-6.000606338444413,-2.0192654454897943,0,0.018679561201894783,,N
WeldingTest_02_OK,2022-02-11 11:18:32.507,36,30,19.4,38,650,682,0,688.0006063384444,-6.000606338444413,-2.0192654454897943,0,0.018679561201894783,,N
WeldingTest_02_OK,2022-02-11 11:18:34.245,37,30,19.4,38,650,682,0,688.0006063384444,-6.000606338444413,-2.0192654454897943,0,0.018679561201894783,,N
WeldingTest_02_OK,2022-02-11 11:18:37.267,38,30,19.4,38,650,682,0,688.0006063384444,-6.000606338444413,-2.0192654454897943,0,0.018679561201894783,,N
WeldingTest_02_OK,2022-02-11 11:18:38.737,39,30,19.4,38,650,682,0,688.0006063384444,-6.000606338444413,-2.0192654454897943,0,0.018679561201894783,,N
WeldingTest_02_OK,2022-02-11 11:19:26.479,1,250,241.1,82,1154,1666,0,1679.3760170564362,-13.37601705643624,-1.6567458326548528,0,0.009134608750412332,,N
WeldingTest_02_OK,2022-02-11 11:19:29.693,2,250,241.2,83,1670,1692,0,1704.5159551916302,-12.515955191630155,-1.3871624606809778,0,0.005347974410351919,,N
WeldingTest_02_OK,2022-02-11 11:19:32.555,3,250,241.1,82,1153,1673,0,1687.0000658542688,-14.000065854268769,-1.7359144097532597,0,0.010685007560108224,,N
WeldingTest_02_OK,2022-02-11 11:19:35.795,4,250,241.2,83,1670,1695,0,1708.9999966770276,-13.999996677027639,-1.5618364232756696,0,0.007567267823260635,,N
WeldingTest_02_OK,2022-02-11 11:19:38.647,5,250,241.1,82,1154,1675,0,1689.0246460370001,-14.024646037000139,-1.7390327205302698,0,0.010751135463666081,,N
WeldingTest_02_OK,2022-02-11 11:19:41.871,6,250,241.2,83,1670,1698,0,1712.029134968304,-14.029134968304106,-1.5652660449207383,0,0.00761895515219327,,N
WeldingTest_02_OK,2022-02-11 11:19:47.605,7,250,241.1,82,1153,1673,0,1687.9999985928248,-14.999998592824795,-1.8627686756064221,0,0.013728433097365383,,N
WeldingTest_02_OK,2022-02-11 11:19:50.871,8,250,241.2,83,1670,1698,0,1711.9999942256752,-13.99999422567521,-1.561836134747723,0,0.007567263489569633,,N
WeldingTest_02_OK,2022-02-11 11:19:53.601,9,250,241.1,82,1154,1677,0,1692.000000006275,-15.000000006275059,-1.8627688549206785,0,0.01372843795318309,,N
WeldingTest_02_OK,2022-02-11 11:19:56.851,10,250,241.2,83,1670,1700,0,1714.011058058723,-14.011058058722938,-1.5631383648935435,0,0.0075868480929979125,,N
WeldingTest_02_OK,2022-02-11 11:19:59.663,11,250,241.1,82,1154,1678,0,1693.077006948619,-15.0770069486191,-1.8725381711556455,0,0.013995519477128947,,N
WeldingTest_02_OK,2022-02-11 11:20:02.845,12,250,241.2,83,1670,1702,0,1716.0000403355489,-14.000040335548874,-1.5618415619506867,0,0.007567345006594005,,N
WeldingTest_02_OK,2022-02-11 11:20:07.263,13,30,19.4,38,650,682,0,688.0006063384444,-6.000606338444413,-2.0192654454897943,0,0.018679561201894783,,N
WeldingTest_02_OK,2022-02-11 11:20:08.959,14,30,19.4,38,650,682,0,688.0006063384444,-6.000606338444413,-2.0192654454897943,0,0.018679561201894783,,N
WeldingTest_02_OK,2022-02-11 11:20:11.885,15,30,19.4,38,650,682,0,688.0006063384444,-6.000606338444413,-2.0192654454897943,0,0.018679561201894783,,N
WeldingTest_02_OK,2022-02-11 11:20:15.295,16,30,19.4,38,650,682,0,688.0006063384444,-6.000606338444413,-2.0192654454897943,0,0.018679561201894783,,N
WeldingTest_02_OK,2022-02-11 11:20:17.063,17,30,19.4,38,650,682,0,688.0006063384444,-6.000606338444413,-2.0192654454897943,0,0.018679561201894783,,N
WeldingTest_02_OK,2022-02-11 11:20:18.755,18,30,19.4,38,650,682,0,688.0006063384444,-6.000606338444413,-2.0192654454897943,0,0.018679561201894783,,N
WeldingTest_02_OK,2022-02-11 11:20:39.965,19,250,241.1,83,1670,1692,0,1707.000103955623,-15.00010395562299,-1.6795505863169098,0,0.009556807093015852,,N
WeldingTest_02_OK,2022-02-11 11:20:42.557,20,250,241.2,82,1154,1673,0,1689.0001549203207,-16.00015492032071,-1.989651306578286,0,0.01762426196713884,,N
WeldingTest_02_OK,2022-02-11 11:20:45.989,21,250,241.1,83,1670,1697,0,1712.3737369702349,-15.373736970234859,-1.723527766106446,0,0.010426282629246476,,N
WeldingTest_02_OK,2022-02-11 11:20:48.567,22,250,241.2,82,1154,1677,0,1692.099787412438,-15.09978741243799,-1.8754281645543143,0,0.01407550570912607,,N
WeldingTest_02_OK,2022-02-11 11:20:52.013,23,250,241.1,83,1670,1699,0,1714.000016164169,-15.000016164168983,-1.679540253127909,0,0.009556611477923933,,N
WeldingTest_02_OK,2022-02-11 11:20:54.627,24,250,241.2,82,1154,1678,0,1693.9999960126588,-15.999996012658812,-1.989631147107542,0,0.017623563912780586,,N
WeldingTest_02_OK,2022-02-11 11:21:01.055,25,250,241.1,83,1670,1697,0,1712.9966966279746,-15.996696627974643,-1.7968510748041786,0,0.012053209703825838,,N
WeldingTest_02_OK,2022-02-11 11:21:03.661,26,250,241.2,82,1154,1678,0,1693.0000140611949,-15.000014061194861,-1.862770637967142,0,0.013728486238050749,,N
WeldingTest_02_OK,2022-02-11 11:21:07.123,27,250,241.1,83,1670,1700,0,1716.0029705464842,-16.00297054648422,-1.7975895246506601,0,0.012070809201601864,,N
WeldingTest_02_OK,2022-02-11 11:21:09.873,28,250,241.2,82,1154,1679,0,1694.999985710131,-15.999985710131114,-1.9896298401000434,0,0.01762351865646421,,N
WeldingTest_02_OK,2022-02-11 11:21:13.425,29,250,241.1,83,1670,1702,0,1716.999967777064,-14.999967777064057,-1.6795345578913279,0,0.00955650366447817,,N
WeldingTest_02_OK,2022-02-11 11:21:16.055,30,250,241.2,82,1154,1680,0,1696.988693652646,-16.988693652645907,-2.1150600969111393,0,0.02253528686764939,,N
WeldingTest_02_OK,2022-02-11 11:21:20.405,31,30,19.4,38,650,682,0,688.0006063384444,-6.000606338444413,-2.0192654454897943,0,0.018679561201894783,,N
WeldingTest_02_OK,2022-02-11 11:21:21.929,32,30,19.4,38,650,682,0,688.0006063384444,-6.000606338444413,-2.0192654454897943,0,0.018679561201894783,,N
WeldingTest_02_OK,2022-02-11 11:21:25.001,33,30,19.4,38,650,682,0,688.0006063384444,-6.000606338444413,-2.0192654454897943,0,0.018679561201894783,,N
WeldingTest_02_OK,2022-02-11 11:21:26.835,34,30,19.4,38,650,682,0,688.0006063384444,-6.000606338444413,-2.0192654454897943,0,0.018679561201894783,,N
WeldingTest_02_OK,2022-02-11 11:21:30.311,35,30,19.4,38,650,682,0,688.0006063384444,-6.000606338444413,-2.0192654454897943,0,0.018679561201894783,,N
WeldingTest_02_OK,2022-02-11 11:21:32.039,36,30,19.4,38,650,682,0,688.0006063384444,-6.000606338444413,-2.0192654454897943,0,0.018679561201894783,,N
WeldingTest_02_OK,2022-02-11 11:21:33.777,37,30,19.4,38,650,682,0,688.0006063384444,-6.000606338444413,-2.0192654454897943,0,0.018679561201894783,,N
WeldingTest_02_OK,2022-02-11 11:21:36.825,38,30,19.4,38,650,682,0,688.0006063384444,-6.000606338444413,-2.0192654454897943,0,0.018679561201894783,,N
WeldingTest_02_OK,2022-02-11 11:21:38.333,39,30,19.4,38,650,682,0,688.0006063384444,-6.000606338444413,-2.0192654454897943,0,0.018679561201894783,,N
WeldingTest_02_OK,2022-02-11 11:22:24.969,1,250,241.1,82,1154,1666,0,1679.3760170564362,-13.37601705643624,-1.6567458326548528,0,0.009134608750412332,,N
WeldingTest_02_OK,2022-02-11 11:22:28.185,2,250,241.2,83,1670,1692,0,1704.5159551916302,-12.515955191630155,-1.3871624606809778,0,0.005347974410351919,,N
WeldingTest_02_OK,2022-02-11 11:22:31.007,3,250,241.1,82,1153,1673,0,1687.0000658542688,-14.000065854268769,-1.7359144097532597,0,0.010685007560108224,,N
WeldingTest_02_OK,2022-02-11 11:22:34.273,4,250,241.2,83,1670,1697,0,1708.9999966770276,-11.999996677027639,-1.3264333509041348,0,0.004739214952482194,,N
WeldingTest_02_OK,2022-02-11 11:22:37.065,5,250,241.1,82,1154,1675,0,1689.0246460370001,-14.024646037000139,-1.7390327205302698,0,0.010751135463666081,,N
WeldingTest_02_OK,2022-02-11 11:22:40.251,6,250,241.2,83,1670,1699,0,1712.029134968304,-13.029134968304106,-1.447564508734971,0,0.006030533648218996,,N
WeldingTest_02_OK,2022-02-11 11:22:46.025,7,250,241.1,82,1153,1673,0,1687.9999985928248,-14.999998592824795,-1.8627686756064221,0,0.013728433097365383,,N
WeldingTest_02_OK,2022-02-11 11:22:49.265,8,250,241.2,83,1670,1698,0,1711.9999942256752,-13.99999422567521,-1.561836134747723,0,0.007567263489569633,,N
WeldingTest_02_OK,2022-02-11 11:22:51.983,9,250,241.1,82,1154,1678,0,1692.000000006275,-14.000000006275059,-1.7359060560924804,0,0.010684830951159515,,N
WeldingTest_02_OK,2022-02-11 11:22:55.303,10,250,241.2,83,1670,1700,0,1714.011058058723,-14.011058058722938,-1.5631383648935435,0,0.0075868480929979125,,N
WeldingTest_02_OK,2022-02-11 11:22:58.139,11,250,241.1,82,1154,1679,0,1693.077006948619,-14.0770069486191,-1.7456753723274472,0,0.010893354259789748,,N
WeldingTest_02_OK,2022-02-11 11:23:01.361,12,250,241.2,83,1670,1702,0,1716.0000403355489,-14.000040335548874,-1.5618415619506867,0,0.007567345006594005,,N
WeldingTest_02_OK,2022-02-11 11:23:05.851,13,30,19.4,38,650,682,0,688.0006063384444,-6.000606338444413,-2.0192654454897943,0,0.018679561201894783,,N
WeldingTest_02_OK,2022-02-11 11:23:07.571,14,30,19.4,38,650,682,0,688.0006063384444,-6.000606338444413,-2.0192654454897943,0,0.018679561201894783,,N
WeldingTest_02_OK,2022-02-11 11:23:10.479,15,30,19.4,38,650,682,0,688.0006063384444,-6.000606338444413,-2.0192654454897943,0,0.018679561201894783,,N
WeldingTest_02_OK,2022-02-11 11:23:13.899,16,30,19.4,38,650,682,0,688.0006063384444,-6.000606338444413,-2.0192654454897943,0,0.018679561201894783,,N
WeldingTest_02_OK,2022-02-11 11:23:15.643,17,30,19.4,38,650,682,0,688.0006063384444,-6.000606338444413,-2.0192654454897943,0,0.018679561201894783,,N
WeldingTest_02_OK,2022-02-11 11:23:17.343,18,30,19.4,38,650,682,0,688.0006063384444,-6.000606338444413,-2.0192654454897943,0,0.018679561201894783,,N
WeldingTest_02_OK,2022-02-11 11:23:38.069,19,250,241.1,83,1670,1692,0,1707.000103955623,-15.00010395562299,-1.6795505863169098,0,0.009556807093015852,,N
WeldingTest_02_OK,2022-02-11 11:23:40.773,20,250,241.2,82,1154,1674,0,1689.0001549203207,-15.00015492032071,-1.8627885077500876,0,0.013728970160715663,,N
WeldingTest_02_OK,2022-02-11 11:23:44.257,21,250,241.1,83,1670,1697,0,1712.3737369702349,-15.373736970234859,-1.723527766106446,0,0.010426282629246476,,N
WeldingTest_02_OK,2022-02-11 11:23:46.873,22,250,241.2,82,1154,1677,0,1692.099787412438,-15.09978741243799,-1.8754281645543143,0,0.01407550570912607,,N
WeldingTest_02_OK,2022-02-11 11:23:50.399,23,250,241.1,83,1670,1699,0,1714.000016164169,-15.000016164168983,-1.679540253127909,0,0.009556611477923933,,N
WeldingTest_02_OK,2022-02-11 11:23:53.065,24,250,241.2,82,1154,1679,0,1693.9999960126588,-14.999996012658812,-1.862768348279344,0,0.013728424233375001,,N
WeldingTest_02_OK,2022-02-11 11:23:59.489,25,250,241.1,83,1670,1697,0,1712.9966966279746,-15.996696627974643,-1.7968510748041786,0,0.012053209703825838,,N
WeldingTest_02_OK,2022-02-11 11:24:02.165,26,250,241.2,82,1154,1678,0,1693.0000140611949,-15.000014061194861,-1.862770637967142,0,0.013728486238050749,,N
WeldingTest_02_OK,2022-02-11 11:24:05.615,27,250,241.1,83,1670,1700,0,1716.0029705464842,-16.00297054648422,-1.7975895246506601,0,0.012070809201601864,,N
WeldingTest_02_OK,2022-02-11 11:24:08.249,28,250,241.2,82,1154,1679,0,1694.999985710131,-15.999985710131114,-1.9896298401000434,0,0.01762351865646421,,N
WeldingTest_02_OK,2022-02-11 11:24:11.753,29,250,241.1,83,1670,1702,0,1716.999967777064,-14.999967777064057,-1.6795345578913279,0,0.00955650366447817,,N
WeldingTest_02_OK,2022-02-11 11:24:14.379,30,250,241.2,82,1154,1680,0,1696.988693652646,-16.988693652645907,-2.1150600969111393,0,0.02253528686764939,,N
WeldingTest_02_OK,2022-02-11 11:24:18.721,31,30,19.4,38,650,682,0,688.0006063384444,-6.000606338444413,-2.0192654454897943,0,0.018679561201894783,,N
WeldingTest_02_OK,2022-02-11 11:24:20.337,32,30,19.4,38,650,682,0,688.0006063384444,-6.000606338444413,-2.0192654454897943,0,0.018679561201894783,,N
WeldingTest_02_OK,2022-02-11 11:24:23.411,33,30,19.4,38,650,682,0,688.0006063384444,-6.000606338444413,-2.0192654454897943,0,0.018679561201894783,,N
WeldingTest_02_OK,2022-02-11 11:24:25.179,34,30,19.4,38,650,682,0,688.0006063384444,-6.000606338444413,-2.0192654454897943,0,0.018679561201894783,,N
WeldingTest_02_OK,2022-02-11 11:24:28.605,35,30,19.4,38,650,682,0,688.0006063384444,-6.000606338444413,-2.0192654454897943,0,0.018679561201894783,,N
WeldingTest_02_OK,2022-02-11 11:24:30.359,36,30,19.4,38,650,682,0,688.0006063384444,-6.000606338444413,-2.0192654454897943,0,0.018679561201894783,,N
WeldingTest_02_OK,2022-02-11 11:24:32.047,37,30,19.4,38,650,682,0,688.0006063384444,-6.000606338444413,-2.0192654454897943,0,0.018679561201894783,,N
WeldingTest_02_OK,2022-02-11 11:24:35.047,38,30,19.4,38,650,682,0,688.0006063384444,-6.000606338444413,-2.0192654454897943,0,0.018679561201894783,,N
WeldingTest_02_OK,2022-02-11 11:24:36.525,39,30,19.4,38,650,682,0,688.0006063384444,-6.000606338444413,-2.0192654454897943,0,0.018679561201894783,,N
WeldingTest_02_OK,2022-02-11 11:46:42.175,1,250,241.1,82,1154,1660,0,1679.3760170564362,-19.37601705643624,-2.4179226256240414,0,0.04053715039861013,,N
WeldingTest_02_OK,2022-02-11 11:46:45.475,2,250,241.2,83,1670,1685,0,1704.5159551916302,-19.515955191630155,-2.2110732139813494,0,0.02717640658643964,,N
WeldingTest_02_OK,2022-02-11 11:46:48.237,3,250,241.1,82,1153,1666,0,1687.0000658542688,-21.00006585426877,-2.6239540015506466,0,0.05996861071980792,,N
WeldingTest_02_OK,2022-02-11 11:46:51.461,4,250,241.2,83,1670,1690,0,1708.9999966770276,-18.99999667702764,-2.150344104204507,0,0.024143230529360713,,N
WeldingTest_02_OK,2022-02-11 11:46:54.331,5,250,241.1,82,1154,1670,0,1689.0246460370001,-19.02464603700014,-2.3733467146712606,0,0.03720825199081969,,N
WeldingTest_02_OK,2022-02-11 11:46:57.621,6,250,241.2,83,1670,1693,0,1712.029134968304,-19.029134968304106,-2.1537737258495753,0,0.024305365173372517,,N
WeldingTest_02_OK,2022-02-11 11:47:03.359,7,250,241.1,82,1153,1669,0,1687.9999985928248,-18.999998592824795,-2.3702198709192146,0,0.036984868387859825,,N
WeldingTest_02_OK,2022-02-11 11:47:06.661,8,250,241.2,83,1670,1693,0,1711.9999942256752,-18.99999422567521,-2.15034381567656,0,0.024143216933734307,,N
WeldingTest_02_OK,2022-02-11 11:47:09.423,9,250,241.1,82,1154,1673,0,1692.000000006275,-19.00000000627506,-2.370220050233471,0,0.03698488116112934,,N
WeldingTest_02_OK,2022-02-11 11:47:12.675,10,250,241.2,83,1670,1697,0,1714.011058058723,-17.011058058722938,-1.9162429734508457,0,0.015254419446737236,,N
WeldingTest_02_OK,2022-02-11 11:47:15.489,11,250,241.1,82,1154,1675,0,1693.077006948619,-18.0770069486191,-2.2531265676402397,0,0.029490675990642055,,N
WeldingTest_02_OK,2022-02-11 11:47:18.853,12,250,241.2,83,1670,1698,0,1716.0000403355489,-18.000040335548874,-2.0326477066937563,0,0.019176544525344244,,N
WeldingTest_02_OK,2022-02-11 11:47:23.339,13,30,19.4,38,650,682,0,688.0006063384444,-6.000606338444413,-2.0192654454897943,0,0.018679561201894783,,N
WeldingTest_02_OK,2022-02-11 11:47:25.033,14,30,19.4,38,650,680,0,688.0006063384444,-8.000606338444413,-2.6923538592998333,0,0.06816069625925017,,N
WeldingTest_02_OK,2022-02-11 11:47:28.015,15,30,19.4,38,650,680,0,688.0006063384444,-8.000606338444413,-2.6923538592998333,0,0.06816069625925017,,N
WeldingTest_02_OK,2022-02-11 11:47:31.387,16,30,19.4,38,650,680,0,688.0006063384444,-8.000606338444413,-2.6923538592998333,0,0.06816069625925017,,N
WeldingTest_02_OK,2022-02-11 11:47:33.157,17,30,19.4,38,650,680,0,688.0006063384444,-8.000606338444413,-2.6923538592998333,0,0.06816069625925017,,N
WeldingTest_02_OK,2022-02-11 11:47:34.851,18,30,19.4,38,650,680,0,688.0006063384444,-8.000606338444413,-2.6923538592998333,0,0.06816069625925017,,N
WeldingTest_02_OK,2022-02-11 11:47:55.441,19,250,241.1,83,1670,1689,0,1707.000103955623,-18.00010395562299,-2.032655194874212,0,0.01917682621481966,,N
WeldingTest_02_OK,2022-02-11 11:47:58.175,20,250,241.2,82,1154,1671,0,1689.0001549203207,-18.00015492032071,-2.243376904234682,0,0.028937677297542166,,N
WeldingTest_02_OK,2022-02-11 11:48:01.663,21,250,241.1,83,1670,1694,0,1712.3737369702349,-18.37373697023486,-2.076632374663748,0,0.020903056861040756,,N
WeldingTest_02_OK,2022-02-11 11:48:04.227,22,250,241.2,82,1154,1674,0,1692.099787412438,-18.09978741243799,-2.2560165610389085,0,0.02965655550795212,,N
WeldingTest_02_OK,2022-02-11 11:48:07.685,23,250,241.1,83,1670,1697,0,1714.000016164169,-17.000016164168983,-1.914943325499444,0,0.015215422703684443,,N
WeldingTest_02_OK,2022-02-11 11:48:10.347,24,250,241.2,82,1154,1677,0,1693.9999960126588,-16.999996012658812,-2.11649394593574,0,0.02259854150294162,,N
WeldingTest_02_OK,2022-02-11 11:48:16.719,25,250,241.1,83,1670,1695,0,1712.9966966279746,-17.996696627974643,-2.0322541471757134,0,0.019161745358881054,,N
WeldingTest_02_OK,2022-02-11 11:48:19.367,26,250,241.2,82,1154,1675,0,1693.0000140611949,-18.00001406119486,-2.2433590344517365,0,0.028936673022350638,,N
WeldingTest_02_OK,2022-02-11 11:48:22.881,27,250,241.1,83,1670,1699,0,1716.0029705464842,-17.00297054648422,-1.9152910608364275,0,0.015225847090383205,,N
WeldingTest_02_OK,2022-02-11 11:48:25.559,28,250,241.2,82,1154,1678,0,1694.999985710131,-16.999985710131114,-2.1164926389282415,0,0.022598483765049245,,N
WeldingTest_02_OK,2022-02-11 11:48:29.133,29,250,241.1,83,1670,1699,0,1716.999967777064,-17.999967777064057,-2.03263916644863,0,0.019176223264377925,,N
WeldingTest_02_OK,2022-02-11 11:48:31.705,30,250,241.2,82,1154,1679,0,1696.988693652646,-17.988693652645907,-2.241922895739337,0,0.02885607302592614,,N
WeldingTest_02_OK,2022-02-11 11:48:35.969,31,30,19.4,38,650,682,0,688.0006063384444,-6.000606338444413,-2.0192654454897943,0,0.018679561201894783,,N
WeldingTest_02_OK,2022-02-11 11:48:37.641,32,30,19.4,38,650,682,0,688.0006063384444,-6.000606338444413,-2.0192654454897943,0,0.018679561201894783,,N
WeldingTest_02_OK,2022-02-11 11:48:40.711,33,30,19.4,38,650,682,0,688.0006063384444,-6.000606338444413,-2.0192654454897943,0,0.018679561201894783,,N
WeldingTest_02_OK,2022-02-11 11:48:42.461,34,30,19.4,38,650,682,0,688.0006063384444,-6.000606338444413,-2.0192654454897943,0,0.018679561201894783,,N
WeldingTest_02_OK,2022-02-11 11:48:45.997,35,30,19.4,38,650,682,0,688.0006063384444,-6.000606338444413,-2.0192654454897943,0,0.018679561201894783,,N
WeldingTest_02_OK,2022-02-11 11:48:47.711,36,30,19.4,38,650,682,0,688.0006063384444,-6.000606338444413,-2.0192654454897943,0,0.018679561201894783,,N
WeldingTest_02_OK,2022-02-11 11:48:49.431,37,30,19.4,38,650,682,0,688.0006063384444,-6.000606338444413,-2.0192654454897943,0,0.018679561201894783,,N
WeldingTest_02_OK,2022-02-11 11:48:52.437,38,30,19.4,38,650,682,0,688.0006063384444,-6.000606338444413,-2.0192654454897943,0,0.018679561201894783,,N
WeldingTest_02_OK,2022-02-11 11:48:53.927,39,30,19.4,38,650,682,0,688.0006063384444,-6.000606338444413,-2.0192654454897943,0,0.018679561201894783,,N
WeldingTest_02_OK,2022-02-11 11:49:40.591,1,250,241.1,82,1154,1665,0,1679.3760170564362,-14.37601705643624,-1.7836086314830508,0,0.011741871224911007,,N
WeldingTest_02_OK,2022-02-11 11:49:43.989,2,250,241.2,83,1670,1690,0,1704.5159551916302,-14.515955191630155,-1.6225655330525126,0,0.00853617934236074,,N
WeldingTest_02_OK,2022-02-11 11:49:46.839,3,250,241.1,82,1153,1671,0,1687.0000658542688,-16.00006585426877,-1.9896400074096559,0,0.017623870711761705,,N
WeldingTest_02_OK,2022-02-11 11:49:50.051,4,250,241.2,83,1670,1695,0,1708.9999966770276,-13.999996677027639,-1.5618364232756696,0,0.007567267823260635,,N
WeldingTest_02_OK,2022-02-11 11:49:52.815,5,250,241.1,82,1154,1674,0,1689.0246460370001,-15.024646037000139,-1.8658955193584679,0,0.013813365798905075,,N
WeldingTest_02_OK,2022-02-11 11:49:56.101,6,250,241.2,83,1670,1698,0,1712.029134968304,-14.029134968304106,-1.5652660449207383,0,0.00761895515219327,,N
WeldingTest_02_OK,2022-02-11 11:50:01.911,7,250,241.1,82,1153,1673,0,1687.9999985928248,-14.999998592824795,-1.8627686756064221,0,0.013728433097365383,,N
WeldingTest_02_OK,2022-02-11 11:50:05.125,8,250,241.2,83,1670,1697,0,1711.9999942256752,-14.99999422567521,-1.6795376709334904,0,0.009556562595647659,,N
WeldingTest_02_OK,2022-02-11 11:50:07.915,9,250,241.1,82,1154,1677,0,1692.000000006275,-15.000000006275059,-1.8627688549206785,0,0.01372843795318309,,N
WeldingTest_02_OK,2022-02-11 11:50:11.163,10,250,241.2,83,1670,1699,0,1714.011058058723,-15.011058058722938,-1.680839901079311,0,0.009581245938673098,,N
WeldingTest_02_OK,2022-02-11 11:50:13.985,11,250,241.1,82,1154,1678,0,1693.077006948619,-15.0770069486191,-1.8725381711556455,0,0.013995519477128947,,N
WeldingTest_02_OK,2022-02-11 11:50:17.363,12,250,241.2,83,1670,1700,0,1716.0000403355489,-16.000040335548874,-1.7972446343222215,0,0.01206258626287463,,N
WeldingTest_02_OK,2022-02-11 11:50:21.745,13,30,19.4,38,650,682,0,688.0006063384444,-6.000606338444413,-2.0192654454897943,0,0.018679561201894783,,N
WeldingTest_02_OK,2022-02-11 11:50:23.407,14,30,19.4,38,650,682,0,688.0006063384444,-6.000606338444413,-2.0192654454897943,0,0.018679561201894783,,N
WeldingTest_02_OK,2022-02-11 11:50:26.379,15,30,19.4,38,650,682,0,688.0006063384444,-6.000606338444413,-2.0192654454897943,0,0.018679561201894783,,N
WeldingTest_02_OK,2022-02-11 11:50:29.765,16,30,19.4,38,650,682,0,688.0006063384444,-6.000606338444413,-2.0192654454897943,0,0.018679561201894783,,N
WeldingTest_02_OK,2022-02-11 11:50:31.413,17,30,19.4,38,650,682,0,688.0006063384444,-6.000606338444413,-2.0192654454897943,0,0.018679561201894783,,N
WeldingTest_02_OK,2022-02-11 11:50:33.105,18,30,19.4,38,650,682,0,688.0006063384444,-6.000606338444413,-2.0192654454897943,0,0.018679561201894783,,N
WeldingTest_02_OK,2022-02-11 11:50:53.681,19,250,241.1,83,1670,1692,0,1707.000103955623,-15.00010395562299,-1.6795505863169098,0,0.009556807093015852,,N
WeldingTest_02_OK,2022-02-11 11:50:56.363,20,250,241.2,82,1154,1674,0,1689.0001549203207,-15.00015492032071,-1.8627885077500876,0,0.013728970160715663,,N
WeldingTest_02_OK,2022-02-11 11:50:59.765,21,250,241.1,83,1670,1697,0,1712.3737369702349,-15.373736970234859,-1.723527766106446,0,0.010426282629246476,,N
WeldingTest_02_OK,2022-02-11 11:51:02.431,22,250,241.2,82,1154,1677,0,1692.099787412438,-15.09978741243799,-1.8754281645543143,0,0.01407550570912607,,N
WeldingTest_02_OK,2022-02-11 11:51:05.889,23,250,241.1,83,1670,1699,0,1714.000016164169,-15.000016164168983,-1.679540253127909,0,0.009556611477923933,,N
WeldingTest_02_OK,2022-02-11 11:51:08.549,24,250,241.2,82,1154,1678,0,1693.9999960126588,-15.999996012658812,-1.989631147107542,0,0.017623563912780586,,N
WeldingTest_02_OK,2022-02-11 11:51:14.923,25,250,241.1,83,1670,1697,0,1712.9966966279746,-15.996696627974643,-1.7968510748041786,0,0.012053209703825838,,N
WeldingTest_02_OK,2022-02-11 11:51:17.561,26,250,241.2,82,1154,1678,0,1693.0000140611949,-15.000014061194861,-1.862770637967142,0,0.013728486238050749,,N
WeldingTest_02_OK,2022-02-11 11:51:21.015,27,250,241.1,83,1670,1700,0,1716.0029705464842,-16.00297054648422,-1.7975895246506601,0,0.012070809201601864,,N
WeldingTest_02_OK,2022-02-11 11:51:23.787,28,250,241.2,82,1154,1679,0,1694.999985710131,-15.999985710131114,-1.9896298401000434,0,0.01762351865646421,,N
WeldingTest_02_OK,2022-02-11 11:51:27.351,29,250,241.1,83,1670,1702,0,1716.999967777064,-14.999967777064057,-1.6795345578913279,0,0.00955650366447817,,N
WeldingTest_02_OK,2022-02-11 11:51:29.955,30,250,241.2,82,1154,1680,0,1696.988693652646,-16.988693652645907,-2.1150600969111393,0,0.02253528686764939,,N
WeldingTest_02_OK,2022-02-11 11:51:34.279,31,30,19.4,38,650,682,0,688.0006063384444,-6.000606338444413,-2.0192654454897943,0,0.018679561201894783,,N
WeldingTest_02_OK,2022-02-11 11:51:35.733,32,30,19.4,38,650,682,0,688.0006063384444,-6.000606338444413,-2.0192654454897943,0,0.018679561201894783,,N
WeldingTest_02_OK,2022-02-11 11:51:38.809,33,30,19.4,38,650,682,0,688.0006063384444,-6.000606338444413,-2.0192654454897943,0,0.018679561201894783,,N
WeldingTest_02_OK,2022-02-11 11:51:40.547,34,30,19.4,38,650,682,0,688.0006063384444,-6.000606338444413,-2.0192654454897943,0,0.018679561201894783,,N
WeldingTest_02_OK,2022-02-11 11:51:43.997,35,30,19.4,38,650,682,0,688.0006063384444,-6.000606338444413,-2.0192654454897943,0,0.018679561201894783,,N
WeldingTest_02_OK,2022-02-11 11:51:45.729,36,30,19.4,38,650,682,0,688.0006063384444,-6.000606338444413,-2.0192654454897943,0,0.018679561201894783,,N
WeldingTest_02_OK,2022-02-11 11:51:47.445,37,30,19.4,38,650,682,0,688.0006063384444,-6.000606338444413,-2.0192654454897943,0,0.018679561201894783,,N
WeldingTest_02_OK,2022-02-11 11:51:50.417,38,30,19.4,38,650,682,0,688.0006063384444,-6.000606338444413,-2.0192654454897943,0,0.018679561201894783,,N
WeldingTest_02_OK,2022-02-11 11:51:51.957,39,30,19.4,38,650,682,0,688.0006063384444,-6.000606338444413,-2.0192654454897943,0,0.018679561201894783,,N
WeldingTest_02_OK,2022-02-11 11:52:39.465,1,250,241.1,82,1154,1665,0,1679.3760170564362,-14.37601705643624,-1.7836086314830508,0,0.011741871224911007,,N
WeldingTest_02_OK,2022-02-11 11:52:42.859,2,250,241.2,83,1670,1692,0,1704.5159551916302,-12.515955191630155,-1.3871624606809778,0,0.005347974410351919,,N
WeldingTest_02_OK,2022-02-11 11:52:45.635,3,250,241.1,82,1153,1673,0,1687.0000658542688,-14.000065854268769,-1.7359144097532597,0,0.010685007560108224,,N
WeldingTest_02_OK,2022-02-11 11:52:48.849,4,250,241.2,83,1670,1697,0,1708.9999966770276,-11.999996677027639,-1.3264333509041348,0,0.004739214952482194,,N
WeldingTest_02_OK,2022-02-11 11:52:51.633,5,250,241.1,82,1154,1675,0,1689.0246460370001,-14.024646037000139,-1.7390327205302698,0,0.010751135463666081,,N
WeldingTest_02_OK,2022-02-11 11:52:54.961,6,250,241.2,83,1670,1698,0,1712.029134968304,-14.029134968304106,-1.5652660449207383,0,0.00761895515219327,,N
WeldingTest_02_OK,2022-02-11 11:53:00.669,7,250,241.1,82,1153,1673,0,1687.9999985928248,-14.999998592824795,-1.8627686756064221,0,0.013728433097365383,,N
WeldingTest_02_OK,2022-02-11 11:53:03.989,8,250,241.2,83,1670,1698,0,1711.9999942256752,-13.99999422567521,-1.561836134747723,0,0.007567263489569633,,N
WeldingTest_02_OK,2022-02-11 11:53:06.787,9,250,241.1,82,1154,1677,0,1692.000000006275,-15.000000006275059,-1.8627688549206785,0,0.01372843795318309,,N
WeldingTest_02_OK,2022-02-11 11:53:10.071,10,250,241.2,83,1670,1700,0,1714.011058058723,-14.011058058722938,-1.5631383648935435,0,0.0075868480929979125,,N
WeldingTest_02_OK,2022-02-11 11:53:12.906,11,250,241.1,82,1154,1679,0,1693.077006948619,-14.0770069486191,-1.7456753723274472,0,0.010893354259789748,,N
WeldingTest_02_OK,2022-02-11 11:53:16.298,12,250,241.2,83,1670,1700,0,1716.0000403355489,-16.000040335548874,-1.7972446343222215,0,0.01206258626287463,,N
WeldingTest_02_OK,2022-02-11 11:53:20.854,13,30,19.4,38,650,682,0,688.0006063384444,-6.000606338444413,-2.0192654454897943,0,0.018679561201894783,,N
WeldingTest_02_OK,2022-02-11 11:53:22.546,14,30,19.4,38,650,682,0,688.0006063384444,-6.000606338444413,-2.0192654454897943,0,0.018679561201894783,,N
WeldingTest_02_OK,2022-02-11 11:53:25.476,15,30,19.4,38,650,682,0,688.0006063384444,-6.000606338444413,-2.0192654454897943,0,0.018679561201894783,,N
WeldingTest_02_OK,2022-02-11 11:53:28.890,16,30,19.4,38,650,682,0,688.0006063384444,-6.000606338444413,-2.0192654454897943,0,0.018679561201894783,,N
WeldingTest_02_OK,2022-02-11 11:53:30.644,17,30,19.4,38,650,682,0,688.0006063384444,-6.000606338444413,-2.0192654454897943,0,0.018679561201894783,,N
WeldingTest_02_OK,2022-02-11 11:53:32.362,18,30,19.4,38,650,682,0,688.0006063384444,-6.000606338444413,-2.0192654454897943,0,0.018679561201894783,,N
WeldingTest_02_OK,2022-02-11 11:53:53.742,19,250,241.1,83,1670,1692,0,1707.000103955623,-15.00010395562299,-1.6795505863169098,0,0.009556807093015852,,N
WeldingTest_02_OK,2022-02-11 11:53:56.360,20,250,241.2,82,1154,1673,0,1689.0001549203207,-16.00015492032071,-1.989651306578286,0,0.01762426196713884,,N
WeldingTest_02_OK,2022-02-11 11:53:59.764,21,250,241.1,83,1670,1697,0,1712.3737369702349,-15.373736970234859,-1.723527766106446,0,0.010426282629246476,,N
WeldingTest_02_OK,2022-02-11 11:54:02.550,22,250,241.2,82,1154,1677,0,1692.099787412438,-15.09978741243799,-1.8754281645543143,0,0.01407550570912607,,N
WeldingTest_02_OK,2022-02-11 11:54:05.990,23,250,241.1,83,1670,1699,0,1714.000016164169,-15.000016164168983,-1.679540253127909,0,0.009556611477923933,,N
WeldingTest_02_OK,2022-02-11 11:54:08.664,24,250,241.2,82,1154,1679,0,1693.9999960126588,-14.999996012658812,-1.862768348279344,0,0.013728424233375001,,N
WeldingTest_02_OK,2022-02-11 11:54:15.238,25,250,241.1,83,1670,1697,0,1712.9966966279746,-15.996696627974643,-1.7968510748041786,0,0.012053209703825838,,N
WeldingTest_02_OK,2022-02-11 11:54:17.854,26,250,241.2,82,1154,1678,0,1693.0000140611949,-15.000014061194861,-1.862770637967142,0,0.013728486238050749,,N
WeldingTest_02_OK,2022-02-11 11:54:21.248,27,250,241.1,83,1670,1700,0,1716.0029705464842,-16.00297054648422,-1.7975895246506601,0,0.012070809201601864,,N
WeldingTest_02_OK,2022-02-11 11:54:23.942,28,250,241.2,82,1154,1679,0,1694.999985710131,-15.999985710131114,-1.9896298401000434,0,0.01762351865646421,,N
WeldingTest_02_OK,2022-02-11 11:54:27.438,29,250,241.1,83,1670,1702,0,1716.999967777064,-14.999967777064057,-1.6795345578913279,0,0.00955650366447817,,N
WeldingTest_02_OK,2022-02-11 11:54:30.018,30,250,241.2,82,1154,1680,0,1696.988693652646,-16.988693652645907,-2.1150600969111393,0,0.02253528686764939,,N
WeldingTest_02_OK,2022-02-11 11:54:34.462,31,30,19.4,38,650,682,0,688.0006063384444,-6.000606338444413,-2.0192654454897943,0,0.018679561201894783,,N
WeldingTest_02_OK,2022-02-11 11:54:36.018,32,30,19.4,38,650,682,0,688.0006063384444,-6.000606338444413,-2.0192654454897943,0,0.018679561201894783,,N
WeldingTest_02_OK,2022-02-11 11:54:39.094,33,30,19.4,38,650,682,0,688.0006063384444,-6.000606338444413,-2.0192654454897943,0,0.018679561201894783,,N
WeldingTest_02_OK,2022-02-11 11:54:40.862,34,30,19.4,38,650,682,0,688.0006063384444,-6.000606338444413,-2.0192654454897943,0,0.018679561201894783,,N
WeldingTest_02_OK,2022-02-11 11:54:44.432,35,30,19.4,38,650,682,0,688.0006063384444,-6.000606338444413,-2.0192654454897943,0,0.018679561201894783,,N
WeldingTest_02_OK,2022-02-11 11:54:46.116,36,30,19.4,38,650,682,0,688.0006063384444,-6.000606338444413,-2.0192654454897943,0,0.018679561201894783,,N
WeldingTest_02_OK,2022-02-11 11:54:47.838,37,30,19.4,38,650,682,0,688.0006063384444,-6.000606338444413,-2.0192654454897943,0,0.018679561201894783,,N
WeldingTest_02_OK,2022-02-11 11:54:50.824,38,30,19.4,38,650,682,0,688.0006063384444,-6.000606338444413,-2.0192654454897943,0,0.018679561201894783,,N
WeldingTest_02_OK,2022-02-11 11:54:52.332,39,30,19.4,38,650,682,0,688.0006063384444,-6.000606338444413,-2.0192654454897943,0,0.018679561201894783,,N
WeldingTest_02_OK,2022-02-11 11:55:38.638,1,250,241.1,82,1154,1666,0,1679.3760170564362,-13.37601705643624,-1.6567458326548528,0,0.009134608750412332,,N
WeldingTest_02_OK,2022-02-11 11:55:41.886,2,250,241.2,83,1670,1692,0,1704.5159551916302,-12.515955191630155,-1.3871624606809778,0,0.005347974410351919,,N
WeldingTest_02_OK,2022-02-11 11:55:44.762,3,250,241.1,82,1153,1673,0,1687.0000658542688,-14.000065854268769,-1.7359144097532597,0,0.010685007560108224,,N
WeldingTest_02_OK,2022-02-11 11:55:47.952,4,250,241.2,83,1670,1697,0,1708.9999966770276,-11.999996677027639,-1.3264333509041348,0,0.004739214952482194,,N
WeldingTest_02_OK,2022-02-11 11:55:50.688,5,250,241.1,82,1154,1675,0,1689.0246460370001,-14.024646037000139,-1.7390327205302698,0,0.010751135463666081,,N
WeldingTest_02_OK,2022-02-11 11:55:53.950,6,250,241.2,83,1670,1698,0,1712.029134968304,-14.029134968304106,-1.5652660449207383,0,0.00761895515219327,,N
WeldingTest_02_OK,2022-02-11 11:55:59.658,7,250,241.1,82,1153,1674,0,1687.9999985928248,-13.999998592824795,-1.735905876778224,0,0.010684827160218192,,N
WeldingTest_02_OK,2022-02-11 11:56:02.932,8,250,241.2,83,1670,1698,0,1711.9999942256752,-13.99999422567521,-1.561836134747723,0,0.007567263489569633,,N
WeldingTest_02_OK,2022-02-11 11:56:05.698,9,250,241.1,82,1154,1678,0,1692.000000006275,-14.000000006275059,-1.7359060560924804,0,0.010684830951159515,,N
WeldingTest_02_OK,2022-02-11 11:56:09.028,10,250,241.2,83,1670,1700,0,1714.011058058723,-14.011058058722938,-1.5631383648935435,0,0.0075868480929979125,,N
WeldingTest_02_OK,2022-02-11 11:56:11.794,11,250,241.1,82,1154,1679,0,1693.077006948619,-14.0770069486191,-1.7456753723274472,0,0.010893354259789748,,N
WeldingTest_02_OK,2022-02-11 11:56:15.088,12,250,241.2,83,1670,1702,0,1716.0000403355489,-14.000040335548874,-1.5618415619506867,0,0.007567345006594005,,N
WeldingTest_02_OK,2022-02-11 11:56:19.632,13,30,19.4,38,650,682,0,688.0006063384444,-6.000606338444413,-2.0192654454897943,0,0.018679561201894783,,N
WeldingTest_02_OK,2022-02-11 11:56:21.356,14,30,19.4,38,650,682,0,688.0006063384444,-6.000606338444413,-2.0192654454897943,0,0.018679561201894783,,N
WeldingTest_02_OK,2022-02-11 11:56:24.276,15,30,19.4,38,650,682,0,688.0006063384444,-6.000606338444413,-2.0192654454897943,0,0.018679561201894783,,N
WeldingTest_02_OK,2022-02-11 11:56:27.690,16,30,19.4,38,650,682,0,688.0006063384444,-6.000606338444413,-2.0192654454897943,0,0.018679561201894783,,N
WeldingTest_02_OK,2022-02-11 11:56:29.440,17,30,19.4,38,650,682,0,688.0006063384444,-6.000606338444413,-2.0192654454897943,0,0.018679561201894783,,N
WeldingTest_02_OK,2022-02-11 11:56:31.130,18,30,19.4,38,650,682,0,688.0006063384444,-6.000606338444413,-2.0192654454897943,0,0.018679561201894783,,N
WeldingTest_02_OK,2022-02-11 11:56:51.958,19,250,241.1,83,1670,1692,0,1707.000103955623,-15.00010395562299,-1.6795505863169098,0,0.009556807093015852,,N
WeldingTest_02_OK,2022-02-11 11:56:54.594,20,250,241.2,82,1154,1673,0,1689.0001549203207,-16.00015492032071,-1.989651306578286,0,0.01762426196713884,,N
WeldingTest_02_OK,2022-02-11 11:56:58.082,21,250,241.1,83,1670,1697,0,1712.3737369702349,-15.373736970234859,-1.723527766106446,0,0.010426282629246476,,N
WeldingTest_02_OK,2022-02-11 11:57:00.760,22,250,241.2,82,1154,1677,0,1692.099787412438,-15.09978741243799,-1.8754281645543143,0,0.01407550570912607,,N
WeldingTest_02_OK,2022-02-11 11:57:04.312,23,250,241.1,83,1670,1699,0,1714.000016164169,-15.000016164168983,-1.679540253127909,0,0.009556611477923933,,N
WeldingTest_02_OK,2022-02-11 11:57:06.954,24,250,241.2,82,1154,1679,0,1693.9999960126588,-14.999996012658812,-1.862768348279344,0,0.013728424233375001,,N
WeldingTest_02_OK,2022-02-11 11:57:13.316,25,250,241.1,83,1670,1697,0,1712.9966966279746,-15.996696627974643,-1.7968510748041786,0,0.012053209703825838,,N
WeldingTest_02_OK,2022-02-11 11:57:15.938,26,250,241.2,82,1154,1678,0,1693.0000140611949,-15.000014061194861,-1.862770637967142,0,0.013728486238050749,,N
WeldingTest_02_OK,2022-02-11 11:57:19.382,27,250,241.1,83,1670,1700,0,1716.0029705464842,-16.00297054648422,-1.7975895246506601,0,0.012070809201601864,,N
WeldingTest_02_OK,2022-02-11 11:57:22.042,28,250,241.2,82,1154,1679,0,1694.999985710131,-15.999985710131114,-1.9896298401000434,0,0.01762351865646421,,N
WeldingTest_02_OK,2022-02-11 11:57:25.542,29,250,241.1,83,1670,1702,0,1716.999967777064,-14.999967777064057,-1.6795345578913279,0,0.00955650366447817,,N
WeldingTest_02_OK,2022-02-11 11:57:28.154,30,250,241.2,82,1154,1680,0,1696.988693652646,-16.988693652645907,-2.1150600969111393,0,0.02253528686764939,,N
WeldingTest_02_OK,2022-02-11 11:57:32.594,31,30,19.4,38,650,682,0,688.0006063384444,-6.000606338444413,-2.0192654454897943,0,0.018679561201894783,,N
WeldingTest_02_OK,2022-02-11 11:57:34.112,32,30,19.4,38,650,682,0,688.0006063384444,-6.000606338444413,-2.0192654454897943,0,0.018679561201894783,,N
WeldingTest_02_OK,2022-02-11 11:57:37.182,33,30,19.4,38,650,682,0,688.0006063384444,-6.000606338444413,-2.0192654454897943,0,0.018679561201894783,,N
WeldingTest_02_OK,2022-02-11 11:57:38.938,34,30,19.4,38,650,682,0,688.0006063384444,-6.000606338444413,-2.0192654454897943,0,0.018679561201894783,,N
WeldingTest_02_OK,2022-02-11 11:57:42.382,35,30,19.4,38,650,682,0,688.0006063384444,-6.000606338444413,-2.0192654454897943,0,0.018679561201894783,,N
WeldingTest_02_OK,2022-02-11 11:57:44.122,36,30,19.4,38,650,682,0,688.0006063384444,-6.000606338444413,-2.0192654454897943,0,0.018679561201894783,,N
WeldingTest_02_OK,2022-02-11 11:57:45.830,37,30,19.4,38,650,682,0,688.0006063384444,-6.000606338444413,-2.0192654454897943,0,0.018679561201894783,,N
WeldingTest_02_OK,2022-02-11 11:57:48.828,38,30,19.4,38,650,682,0,688.0006063384444,-6.000606338444413,-2.0192654454897943,0,0.018679561201894783,,N
WeldingTest_02_OK,2022-02-11 11:57:50.300,39,30,19.4,38,650,682,0,688.0006063384444,-6.000606338444413,-2.0192654454897943,0,0.018679561201894783,,N
WeldingTest_02_OK,2022-02-11 13:04:40.464,1,250,241.1,82,1154,1660,0,1679.3760170564362,-19.37601705643624,-2.4179226256240414,0,0.04053715039861013,,N
WeldingTest_02_OK,2022-02-11 13:04:43.734,2,250,241.2,83,1670,1685,0,1704.5159551916302,-19.515955191630155,-2.2110732139813494,0,0.02717640658643964,,N
WeldingTest_02_OK,2022-02-11 13:04:46.576,3,250,241.1,82,1153,1666,0,1687.0000658542688,-21.00006585426877,-2.6239540015506466,0,0.05996861071980792,,N
WeldingTest_02_OK,2022-02-11 13:04:49.828,4,250,241.2,83,1670,1690,0,1708.9999966770276,-18.99999667702764,-2.150344104204507,0,0.024143230529360713,,N
WeldingTest_02_OK,2022-02-11 13:04:52.652,5,250,241.1,82,1154,1670,0,1689.0246460370001,-19.02464603700014,-2.3733467146712606,0,0.03720825199081969,,N
WeldingTest_02_OK,2022-02-11 13:04:55.960,6,250,241.2,83,1670,1693,0,1712.029134968304,-19.029134968304106,-2.1537737258495753,0,0.024305365173372517,,N
WeldingTest_02_OK,2022-02-11 13:05:01.740,7,250,241.1,82,1153,1667,0,1687.9999985928248,-20.999998592824795,-2.6239454685756107,0,0.05996764867887055,,N
WeldingTest_02_OK,2022-02-11 13:05:05.058,8,250,241.2,83,1670,1693,0,1711.9999942256752,-18.99999422567521,-2.15034381567656,0,0.024143216933734307,,N
WeldingTest_02_OK,2022-02-11 13:05:07.890,9,250,241.1,82,1154,1673,0,1692.000000006275,-19.00000000627506,-2.370220050233471,0,0.03698488116112934,,N
WeldingTest_02_OK,2022-02-11 13:05:11.234,10,250,241.2,83,1670,1695,0,1714.011058058723,-19.011058058722938,-2.1516460458223805,0,0.02420465496536864,,N
WeldingTest_02_OK,2022-02-11 13:05:14.088,11,250,241.1,82,1154,1674,0,1693.077006948619,-19.0770069486191,-2.379989366468438,0,0.03768711921269214,,N
WeldingTest_02_OK,2022-02-11 13:05:17.338,12,250,241.2,83,1670,1697,0,1716.0000403355489,-19.000040335548874,-2.150349242879524,0,0.024143472668354093,,N
WeldingTest_02_OK,2022-02-11 13:05:22.022,13,30,19.4,38,650,682,0,688.0006063384444,-6.000606338444413,-2.0192654454897943,0,0.018679561201894783,,N
WeldingTest_02_OK,2022-02-11 13:05:23.688,14,30,19.4,38,650,680,0,688.0006063384444,-8.000606338444413,-2.6923538592998333,0,0.06816069625925017,,N
WeldingTest_02_OK,2022-02-11 13:05:26.648,15,30,19.4,38,650,680,0,688.0006063384444,-8.000606338444413,-2.6923538592998333,0,0.06816069625925017,,N
WeldingTest_02_OK,2022-02-11 13:05:30.036,16,30,19.4,38,650,680,0,688.0006063384444,-8.000606338444413,-2.6923538592998333,0,0.06816069625925017,,N
WeldingTest_02_OK,2022-02-11 13:05:31.700,17,30,19.4,38,650,680,0,688.0006063384444,-8.000606338444413,-2.6923538592998333,0,0.06816069625925017,,N
WeldingTest_02_OK,2022-02-11 13:05:33.382,18,30,19.4,38,650,680,0,688.0006063384444,-8.000606338444413,-2.6923538592998333,0,0.06816069625925017,,N
WeldingTest_02_OK,2022-02-11 13:05:54.124,19,250,241.1,83,1670,1688,0,1707.000103955623,-19.00010395562299,-2.150356731059979,0,0.024143825522399364,,N
WeldingTest_02_OK,2022-02-11 13:05:56.866,20,250,241.2,82,1154,1670,0,1689.0001549203207,-19.00015492032071,-2.37023970306288,0,0.036986281136246864,,N
WeldingTest_02_OK,2022-02-11 13:06:00.316,21,250,241.1,83,1670,1694,0,1712.3737369702349,-18.37373697023486,-2.076632374663748,0,0.020903056861040756,,N
WeldingTest_02_OK,2022-02-11 13:06:02.960,22,250,241.2,82,1154,1674,0,1692.099787412438,-18.09978741243799,-2.2560165610389085,0,0.02965655550795212,,N
WeldingTest_02_OK,2022-02-11 13:06:06.432,23,250,241.1,83,1670,1697,0,1714.000016164169,-17.000016164168983,-1.914943325499444,0,0.015215422703684443,,N
WeldingTest_02_OK,2022-02-11 13:06:09.016,24,250,241.2,82,1154,1677,0,1693.9999960126588,-16.999996012658812,-2.11649394593574,0,0.02259854150294162,,N
WeldingTest_02_OK,2022-02-11 13:06:15.370,25,250,241.1,83,1670,1695,0,1712.9966966279746,-17.996696627974643,-2.0322541471757134,0,0.019161745358881054,,N
WeldingTest_02_OK,2022-02-11 13:06:18.056,26,250,241.2,82,1154,1677,0,1693.0000140611949,-16.00001406119486,-1.98963343679534,0,0.017623643195565915,,N
WeldingTest_02_OK,2022-02-11 13:06:21.548,27,250,241.1,83,1670,1698,0,1716.0029705464842,-18.00297054648422,-2.032992597022195,0,0.019189522778869695,,N
WeldingTest_02_OK,2022-02-11 13:06:24.214,28,250,241.2,82,1154,1678,0,1694.999985710131,-16.999985710131114,-2.1164926389282415,0,0.022598483765049245,,N
WeldingTest_02_OK,2022-02-11 13:06:27.710,29,250,241.1,83,1670,1699,0,1716.999967777064,-17.999967777064057,-2.03263916644863,0,0.019176223264377925,,N
WeldingTest_02_OK,2022-02-11 13:06:30.348,30,250,241.2,82,1154,1679,0,1696.988693652646,-17.988693652645907,-2.241922895739337,0,0.02885607302592614,,N
WeldingTest_02_OK,2022-02-11 13:06:34.732,31,30,19.4,38,650,682,0,688.0006063384444,-6.000606338444413,-2.0192654454897943,0,0.018679561201894783,,N
WeldingTest_02_OK,2022-02-11 13:06:36.278,32,30,19.4,38,650,682,0,688.0006063384444,-6.000606338444413,-2.0192654454897943,0,0.018679561201894783,,N
WeldingTest_02_OK,2022-02-11 13:06:39.364,33,30,19.4,38,650,682,0,688.0006063384444,-6.000606338444413,-2.0192654454897943,0,0.018679561201894783,,N
WeldingTest_02_OK,2022-02-11 13:06:41.146,34,30,19.4,38,650,682,0,688.0006063384444,-6.000606338444413,-2.0192654454897943,0,0.018679561201894783,,N
WeldingTest_02_OK,2022-02-11 13:06:44.676,35,30,19.4,38,650,682,0,688.0006063384444,-6.000606338444413,-2.0192654454897943,0,0.018679561201894783,,N
WeldingTest_02_OK,2022-02-11 13:06:46.408,36,30,19.4,38,650,682,0,688.0006063384444,-6.000606338444413,-2.0192654454897943,0,0.018679561201894783,,N
WeldingTest_02_OK,2022-02-11 13:06:48.110,37,30,19.4,38,650,682,0,688.0006063384444,-6.000606338444413,-2.0192654454897943,0,0.018679561201894783,,N
WeldingTest_02_OK,2022-02-11 13:06:51.074,38,30,19.4,38,650,682,0,688.0006063384444,-6.000606338444413,-2.0192654454897943,0,0.018679561201894783,,N
WeldingTest_02_OK,2022-02-11 13:06:52.586,39,30,19.4,38,650,682,0,688.0006063384444,-6.000606338444413,-2.0192654454897943,0,0.018679561201894783,,N
WeldingTest_02_OK,2022-02-11 13:07:40.540,1,250,241.1,82,1154,1665,0,1679.3760170564362,-14.37601705643624,-1.7836086314830508,0,0.011741871224911007,,N
WeldingTest_02_OK,2022-02-11 13:07:43.846,2,250,241.2,83,1670,1690,0,1704.5159551916302,-14.515955191630155,-1.6225655330525126,0,0.00853617934236074,,N
WeldingTest_02_OK,2022-02-11 13:07:46.654,3,250,241.1,82,1153,1671,0,1687.0000658542688,-16.00006585426877,-1.9896400074096559,0,0.017623870711761705,,N
WeldingTest_02_OK,2022-02-11 13:07:50.016,4,250,241.2,83,1670,1695,0,1708.9999966770276,-13.999996677027639,-1.5618364232756696,0,0.007567267823260635,,N
WeldingTest_02_OK,2022-02-11 13:07:52.782,5,250,241.1,82,1154,1674,0,1689.0246460370001,-15.024646037000139,-1.8658955193584679,0,0.013813365798905075,,N
WeldingTest_02_OK,2022-02-11 13:07:56.034,6,250,241.2,83,1670,1698,0,1712.029134968304,-14.029134968304106,-1.5652660449207383,0,0.00761895515219327,,N
WeldingTest_02_OK,2022-02-11 13:08:01.840,7,250,241.1,82,1153,1671,0,1687.9999985928248,-16.999998592824795,-2.1164942732628185,0,0.022598555962847263,,N
WeldingTest_02_OK,2022-02-11 13:08:05.062,8,250,241.2,83,1670,1697,0,1711.9999942256752,-14.99999422567521,-1.6795376709334904,0,0.009556562595647659,,N
WeldingTest_02_OK,2022-02-11 13:08:07.878,9,250,241.1,82,1154,1677,0,1692.000000006275,-15.000000006275059,-1.8627688549206785,0,0.01372843795318309,,N
WeldingTest_02_OK,2022-02-11 13:08:11.118,10,250,241.2,83,1670,1699,0,1714.011058058723,-15.011058058722938,-1.680839901079311,0,0.009581245938673098,,N
WeldingTest_02_OK,2022-02-11 13:08:13.876,11,250,241.1,82,1154,1678,0,1693.077006948619,-15.0770069486191,-1.8725381711556455,0,0.013995519477128947,,N
WeldingTest_02_OK,2022-02-11 13:08:17.142,12,250,241.2,83,1670,1700,0,1716.0000403355489,-16.000040335548874,-1.7972446343222215,0,0.01206258626287463,,N
WeldingTest_02_OK,2022-02-11 13:08:21.718,13,30,19.4,38,650,682,0,688.0006063384444,-6.000606338444413,-2.0192654454897943,0,0.018679561201894783,,N
WeldingTest_02_OK,2022-02-11 13:08:23.408,14,30,19.4,38,650,682,0,688.0006063384444,-6.000606338444413,-2.0192654454897943,0,0.018679561201894783,,N
WeldingTest_02_OK,2022-02-11 13:08:26.322,15,30,19.4,38,650,682,0,688.0006063384444,-6.000606338444413,-2.0192654454897943,0,0.018679561201894783,,N
WeldingTest_02_OK,2022-02-11 13:08:29.622,16,30,19.4,38,650,682,0,688.0006063384444,-6.000606338444413,-2.0192654454897943,0,0.018679561201894783,,N
WeldingTest_02_OK,2022-02-11 13:08:31.322,17,30,19.4,38,650,682,0,688.0006063384444,-6.000606338444413,-2.0192654454897943,0,0.018679561201894783,,N
WeldingTest_02_OK,2022-02-11 13:08:33.012,18,30,19.4,38,650,682,0,688.0006063384444,-6.000606338444413,-2.0192654454897943,0,0.018679561201894783,,N
WeldingTest_02_OK,2022-02-11 13:08:53.842,19,250,241.1,83,1670,1690,0,1707.000103955623,-17.00010395562299,-1.9149536586884446,0,0.015215732370009625,,N
WeldingTest_02_OK,2022-02-11 13:08:56.532,20,250,241.2,82,1154,1673,0,1689.0001549203207,-16.00015492032071,-1.989651306578286,0,0.01762426196713884,,N
WeldingTest_02_OK,2022-02-11 13:08:59.928,21,250,241.1,83,1670,1697,0,1712.3737369702349,-15.373736970234859,-1.723527766106446,0,0.010426282629246476,,N
WeldingTest_02_OK,2022-02-11 13:09:02.596,22,250,241.2,82,1154,1675,0,1692.099787412438,-17.09978741243799,-2.1291537622107106,0,0.02316460986710628,,N
WeldingTest_02_OK,2022-02-11 13:09:06.108,23,250,241.1,83,1670,1699,0,1714.000016164169,-15.000016164168983,-1.679540253127909,0,0.009556611477923933,,N
WeldingTest_02_OK,2022-02-11 13:09:08.716,24,250,241.2,82,1154,1678,0,1693.9999960126588,-15.999996012658812,-1.989631147107542,0,0.017623563912780586,,N
WeldingTest_02_OK,2022-02-11 13:09:15.100,25,250,241.1,83,1670,1697,0,1712.9966966279746,-15.996696627974643,-1.7968510748041786,0,0.012053209703825838,,N
WeldingTest_02_OK,2022-02-11 13:09:17.738,26,250,241.2,82,1154,1677,0,1693.0000140611949,-16.00001406119486,-1.98963343679534,0,0.017623643195565915,,N
WeldingTest_02_OK,2022-02-11 13:09:21.252,27,250,241.1,83,1670,1699,0,1716.0029705464842,-17.00297054648422,-1.9152910608364275,0,0.015225847090383205,,N
WeldingTest_02_OK,2022-02-11 13:09:23.910,28,250,241.2,82,1154,1679,0,1694.999985710131,-15.999985710131114,-1.9896298401000434,0,0.01762351865646421,,N
WeldingTest_02_OK,2022-02-11 13:09:27.356,29,250,241.1,83,1670,1702,0,1716.999967777064,-14.999967777064057,-1.6795345578913279,0,0.00955650366447817,,N
WeldingTest_02_OK,2022-02-11 13:09:30.006,30,250,241.2,82,1154,1680,0,1696.988693652646,-16.988693652645907,-2.1150600969111393,0,0.02253528686764939,,N
WeldingTest_02_OK,2022-02-11 13:09:34.494,31,30,19.4,38,650,682,0,688.0006063384444,-6.000606338444413,-2.0192654454897943,0,0.018679561201894783,,N
WeldingTest_02_OK,2022-02-11 13:09:35.976,32,30,19.4,38,650,682,0,688.0006063384444,-6.000606338444413,-2.0192654454897943,0,0.018679561201894783,,N
WeldingTest_02_OK,2022-02-11 13:09:39.048,33,30,19.4,38,650,682,0,688.0006063384444,-6.000606338444413,-2.0192654454897943,0,0.018679561201894783,,N
WeldingTest_02_OK,2022-02-11 13:09:40.840,34,30,19.4,38,650,682,0,688.0006063384444,-6.000606338444413,-2.0192654454897943,0,0.018679561201894783,,N
WeldingTest_02_OK,2022-02-11 13:09:44.328,35,30,19.4,38,650,682,0,688.0006063384444,-6.000606338444413,-2.0192654454897943,0,0.018679561201894783,,N
WeldingTest_02_OK,2022-02-11 13:09:46.080,36,30,19.4,38,650,682,0,688.0006063384444,-6.000606338444413,-2.0192654454897943,0,0.018679561201894783,,N
WeldingTest_02_OK,2022-02-11 13:09:47.828,37,30,19.4,38,650,682,0,688.0006063384444,-6.000606338444413,-2.0192654454897943,0,0.018679561201894783,,N
WeldingTest_02_OK,2022-02-11 13:09:50.882,38,30,19.4,38,650,682,0,688.0006063384444,-6.000606338444413,-2.0192654454897943,0,0.018679561201894783,,N
WeldingTest_02_OK,2022-02-11 13:09:52.376,39,30,19.4,38,650,682,0,688.0006063384444,-6.000606338444413,-2.0192654454897943,0,0.018679561201894783,,N
WeldingTest_02_OK,2022-02-11 13:10:39.826,1,250,241.1,82,1154,1666,0,1679.3760170564362,-13.37601705643624,-1.6567458326548528,0,0.009134608750412332,,N
WeldingTest_02_OK,2022-02-11 13:10:43.018,2,250,241.2,83,1670,1692,0,1704.5159551916302,-12.515955191630155,-1.3871624606809778,0,0.005347974410351919,,N
WeldingTest_02_OK,2022-02-11 13:10:45.810,3,250,241.1,82,1153,1673,0,1687.0000658542688,-14.000065854268769,-1.7359144097532597,0,0.010685007560108224,,N
WeldingTest_02_OK,2022-02-11 13:10:49.010,4,250,241.2,83,1670,1695,0,1708.9999966770276,-13.999996677027639,-1.5618364232756696,0,0.007567267823260635,,N
WeldingTest_02_OK,2022-02-11 13:10:51.784,5,250,241.1,82,1154,1674,0,1689.0246460370001,-15.024646037000139,-1.8658955193584679,0,0.013813365798905075,,N
WeldingTest_02_OK,2022-02-11 13:10:55.029,6,250,241.2,83,1670,1698,0,1712.029134968304,-14.029134968304106,-1.5652660449207383,0,0.00761895515219327,,N
WeldingTest_02_OK,2022-02-11 13:11:00.733,7,250,241.1,82,1153,1673,0,1687.9999985928248,-14.999998592824795,-1.8627686756064221,0,0.013728433097365383,,N
WeldingTest_02_OK,2022-02-11 13:11:03.953,8,250,241.2,83,1670,1698,0,1711.9999942256752,-13.99999422567521,-1.561836134747723,0,0.007567263489569633,,N
WeldingTest_02_OK,2022-02-11 13:11:06.793,9,250,241.1,82,1154,1677,0,1692.000000006275,-15.000000006275059,-1.8627688549206785,0,0.01372843795318309,,N
WeldingTest_02_OK,2022-02-11 13:11:10.061,10,250,241.2,83,1670,1699,0,1714.011058058723,-15.011058058722938,-1.680839901079311,0,0.009581245938673098,,N
WeldingTest_02_OK,2022-02-11 13:11:12.891,11,250,241.1,82,1154,1678,0,1693.077006948619,-15.0770069486191,-1.8725381711556455,0,0.013995519477128947,,N
WeldingTest_02_OK,2022-02-11 13:11:16.223,12,250,241.2,83,1670,1700,0,1716.0000403355489,-16.000040335548874,-1.7972446343222215,0,0.01206258626287463,,N
WeldingTest_02_OK,2022-02-11 13:11:20.775,13,30,19.4,38,650,682,0,688.0006063384444,-6.000606338444413,-2.0192654454897943,0,0.018679561201894783,,N
WeldingTest_02_OK,2022-02-11 13:11:22.493,14,30,19.4,38,650,682,0,688.0006063384444,-6.000606338444413,-2.0192654454897943,0,0.018679561201894783,,N
WeldingTest_02_OK,2022-02-11 13:11:25.413,15,30,19.4,38,650,682,0,688.0006063384444,-6.000606338444413,-2.0192654454897943,0,0.018679561201894783,,N
WeldingTest_02_OK,2022-02-11 13:11:28.755,16,30,19.4,38,650,682,0,688.0006063384444,-6.000606338444413,-2.0192654454897943,0,0.018679561201894783,,N
WeldingTest_02_OK,2022-02-11 13:11:30.501,17,30,19.4,38,650,682,0,688.0006063384444,-6.000606338444413,-2.0192654454897943,0,0.018679561201894783,,N
WeldingTest_02_OK,2022-02-11 13:11:32.179,18,30,19.4,38,650,682,0,688.0006063384444,-6.000606338444413,-2.0192654454897943,0,0.018679561201894783,,N
WeldingTest_02_OK,2022-02-11 13:11:53.037,19,250,241.1,83,1670,1690,0,1707.000103955623,-17.00010395562299,-1.9149536586884446,0,0.015215732370009625,,N
WeldingTest_02_OK,2022-02-11 13:11:55.709,20,250,241.2,82,1154,1674,0,1689.0001549203207,-15.00015492032071,-1.8627885077500876,0,0.013728970160715663,,N
WeldingTest_02_OK,2022-02-11 13:11:59.155,21,250,241.1,83,1670,1697,0,1712.3737369702349,-15.373736970234859,-1.723527766106446,0,0.010426282629246476,,N
WeldingTest_02_OK,2022-02-11 13:12:01.921,22,250,241.2,82,1154,1675,0,1692.099787412438,-17.09978741243799,-2.1291537622107106,0,0.02316460986710628,,N
WeldingTest_02_OK,2022-02-11 13:12:05.351,23,250,241.1,83,1670,1699,0,1714.000016164169,-15.000016164168983,-1.679540253127909,0,0.009556611477923933,,N
WeldingTest_02_OK,2022-02-11 13:12:08.027,24,250,241.2,82,1154,1678,0,1693.9999960126588,-15.999996012658812,-1.989631147107542,0,0.017623563912780586,,N
WeldingTest_02_OK,2022-02-11 13:12:14.379,25,250,241.1,83,1670,1697,0,1712.9966966279746,-15.996696627974643,-1.7968510748041786,0,0.012053209703825838,,N
WeldingTest_02_OK,2022-02-11 13:12:17.023,26,250,241.2,82,1154,1678,0,1693.0000140611949,-15.000014061194861,-1.862770637967142,0,0.013728486238050749,,N
WeldingTest_02_OK,2022-02-11 13:12:20.435,27,250,241.1,83,1670,1700,0,1716.0029705464842,-16.00297054648422,-1.7975895246506601,0,0.012070809201601864,,N
WeldingTest_02_OK,2022-02-11 13:12:23.043,28,250,241.2,82,1154,1679,0,1694.999985710131,-15.999985710131114,-1.9896298401000434,0,0.01762351865646421,,N
WeldingTest_02_OK,2022-02-11 13:12:26.593,29,250,241.1,83,1670,1702,0,1716.999967777064,-14.999967777064057,-1.6795345578913279,0,0.00955650366447817,,N
WeldingTest_02_OK,2022-02-11 13:12:29.183,30,250,241.2,82,1154,1680,0,1696.988693652646,-16.988693652645907,-2.1150600969111393,0,0.02253528686764939,,N
WeldingTest_02_OK,2022-02-11 13:12:33.555,31,30,19.4,38,650,682,0,688.0006063384444,-6.000606338444413,-2.0192654454897943,0,0.018679561201894783,,N
WeldingTest_02_OK,2022-02-11 13:12:35.043,32,30,19.4,38,650,682,0,688.0006063384444,-6.000606338444413,-2.0192654454897943,0,0.018679561201894783,,N
WeldingTest_02_OK,2022-02-11 13:12:38.165,33,30,19.4,38,650,682,0,688.0006063384444,-6.000606338444413,-2.0192654454897943,0,0.018679561201894783,,N
WeldingTest_02_OK,2022-02-11 13:12:39.891,34,30,19.4,38,650,682,0,688.0006063384444,-6.000606338444413,-2.0192654454897943,0,0.018679561201894783,,N
WeldingTest_02_OK,2022-02-11 13:12:43.355,35,30,19.4,38,650,682,0,688.0006063384444,-6.000606338444413,-2.0192654454897943,0,0.018679561201894783,,N
WeldingTest_02_OK,2022-02-11 13:12:45.105,36,30,19.4,38,650,682,0,688.0006063384444,-6.000606338444413,-2.0192654454897943,0,0.018679561201894783,,N
WeldingTest_02_OK,2022-02-11 13:12:46.805,37,30,19.4,38,650,682,0,688.0006063384444,-6.000606338444413,-2.0192654454897943,0,0.018679561201894783,,N
WeldingTest_02_OK,2022-02-11 13:12:49.757,38,30,19.4,38,650,682,0,688.0006063384444,-6.000606338444413,-2.0192654454897943,0,0.018679561201894783,,N
WeldingTest_02_OK,2022-02-11 13:12:51.303,39,30,19.4,38,650,682,0,688.0006063384444,-6.000606338444413,-2.0192654454897943,0,0.018679561201894783,,N
WeldingTest_02_OK,2022-02-11 13:18:18.752,1,250,241.1,82,1154,1660,0,1679.3760170564362,-19.37601705643624,-2.4179226256240414,0,0.04053715039861013,,N
WeldingTest_02_OK,2022-02-11 13:18:22.150,2,250,241.2,83,1670,1685,0,1704.5159551916302,-19.515955191630155,-2.2110732139813494,0,0.02717640658643964,,N
WeldingTest_02_OK,2022-02-11 13:18:24.996,3,250,241.1,82,1153,1667,0,1687.0000658542688,-20.00006585426877,-2.4970912027224483,0,0.04716374458367817,,N
WeldingTest_02_OK,2022-02-11 13:18:28.226,4,250,241.2,83,1670,1690,0,1708.9999966770276,-18.99999667702764,-2.150344104204507,0,0.024143230529360713,,N
WeldingTest_02_OK,2022-02-11 13:18:31.052,5,250,241.1,82,1154,1670,0,1689.0246460370001,-19.02464603700014,-2.3733467146712606,0,0.03720825199081969,,N
WeldingTest_02_OK,2022-02-11 13:18:34.314,6,250,241.2,83,1670,1694,0,1712.029134968304,-18.029134968304106,-2.0360721896638077,0,0.019305790508210408,,N
WeldingTest_02_OK,2022-02-11 13:18:40.040,7,250,241.1,82,1153,1669,0,1687.9999985928248,-18.999998592824795,-2.3702198709192146,0,0.036984868387859825,,N
WeldingTest_02_OK,2022-02-11 13:18:43.460,8,250,241.2,83,1670,1693,0,1711.9999942256752,-18.99999422567521,-2.15034381567656,0,0.024143216933734307,,N
WeldingTest_02_OK,2022-02-11 13:18:46.252,9,250,241.1,82,1154,1673,0,1692.000000006275,-19.00000000627506,-2.370220050233471,0,0.03698488116112934,,N
WeldingTest_02_OK,2022-02-11 13:18:49.514,10,250,241.2,83,1670,1697,0,1714.011058058723,-17.011058058722938,-1.9162429734508457,0,0.015254419446737236,,N
WeldingTest_02_OK,2022-02-11 13:18:52.284,11,250,241.1,82,1154,1675,0,1693.077006948619,-18.0770069486191,-2.2531265676402397,0,0.029490675990642055,,N
WeldingTest_02_OK,2022-02-11 13:18:55.486,12,250,241.2,83,1670,1698,0,1716.0000403355489,-18.000040335548874,-2.0326477066937563,0,0.019176544525344244,,N
WeldingTest_02_OK,2022-02-11 13:19:00.078,13,30,19.4,38,650,682,0,688.0006063384444,-6.000606338444413,-2.0192654454897943,0,0.018679561201894783,,N
WeldingTest_02_OK,2022-02-11 13:19:01.800,14,30,19.4,38,650,680,0,688.0006063384444,-8.000606338444413,-2.6923538592998333,0,0.06816069625925017,,N
WeldingTest_02_OK,2022-02-11 13:19:04.734,15,30,19.4,38,650,680,0,688.0006063384444,-8.000606338444413,-2.6923538592998333,0,0.06816069625925017,,N
WeldingTest_02_OK,2022-02-11 13:19:08.176,16,30,19.4,38,650,680,0,688.0006063384444,-8.000606338444413,-2.6923538592998333,0,0.06816069625925017,,N
WeldingTest_02_OK,2022-02-11 13:19:09.918,17,30,19.4,38,650,680,0,688.0006063384444,-8.000606338444413,-2.6923538592998333,0,0.06816069625925017,,N
WeldingTest_02_OK,2022-02-11 13:19:11.578,18,30,19.4,38,650,680,0,688.0006063384444,-8.000606338444413,-2.6923538592998333,0,0.06816069625925017,,N
WeldingTest_02_OK,2022-02-11 13:19:32.208,19,250,241.1,83,1670,1689,0,1707.000103955623,-18.00010395562299,-2.032655194874212,0,0.01917682621481966,,N
WeldingTest_02_OK,2022-02-11 13:19:34.780,20,250,241.2,82,1154,1671,0,1689.0001549203207,-18.00015492032071,-2.243376904234682,0,0.028937677297542166,,N
WeldingTest_02_OK,2022-02-11 13:19:38.234,21,250,241.1,83,1670,1695,0,1712.3737369702349,-17.37373697023486,-1.9589308384779809,0,0.01659143080875386,,N
WeldingTest_02_OK,2022-02-11 13:19:40.802,22,250,241.2,82,1154,1674,0,1692.099787412438,-18.09978741243799,-2.2560165610389085,0,0.02965655550795212,,N
WeldingTest_02_OK,2022-02-11 13:19:44.218,23,250,241.1,83,1670,1698,0,1714.000016164169,-16.000016164168983,-1.7972417893136765,0,0.012062518454672457,,N
WeldingTest_02_OK,2022-02-11 13:19:46.914,24,250,241.2,82,1154,1677,0,1693.9999960126588,-16.999996012658812,-2.11649394593574,0,0.02259854150294162,,N
WeldingTest_02_OK,2022-02-11 13:19:53.300,25,250,241.1,83,1670,1695,0,1712.9966966279746,-17.996696627974643,-2.0322541471757134,0,0.019161745358881054,,N
WeldingTest_02_OK,2022-02-11 13:19:55.946,26,250,241.2,82,1154,1677,0,1693.0000140611949,-16.00001406119486,-1.98963343679534,0,0.017623643195565915,,N
WeldingTest_02_OK,2022-02-11 13:19:59.416,27,250,241.1,83,1670,1699,0,1716.0029705464842,-17.00297054648422,-1.9152910608364275,0,0.015225847090383205,,N
WeldingTest_02_OK,2022-02-11 13:20:02.044,28,250,241.2,82,1154,1679,0,1694.999985710131,-15.999985710131114,-1.9896298401000434,0,0.01762351865646421,,N
WeldingTest_02_OK,2022-02-11 13:20:05.586,29,250,241.1,83,1670,1700,0,1716.999967777064,-16.999967777064057,-1.9149376302628627,0,0.015215252030760974,,N
WeldingTest_02_OK,2022-02-11 13:20:08.258,30,250,241.2,82,1154,1679,0,1696.988693652646,-17.988693652645907,-2.241922895739337,0,0.02885607302592614,,N
WeldingTest_02_OK,2022-02-11 13:20:12.654,31,30,19.4,38,650,682,0,688.0006063384444,-6.000606338444413,-2.0192654454897943,0,0.018679561201894783,,N
WeldingTest_02_OK,2022-02-11 13:20:14.148,32,30,19.4,38,650,682,0,688.0006063384444,-6.000606338444413,-2.0192654454897943,0,0.018679561201894783,,N
WeldingTest_02_OK,2022-02-11 13:20:17.254,33,30,19.4,38,650,682,0,688.0006063384444,-6.000606338444413,-2.0192654454897943,0,0.018679561201894783,,N
WeldingTest_02_OK,2022-02-11 13:20:19.040,34,30,19.4,38,650,682,0,688.0006063384444,-6.000606338444413,-2.0192654454897943,0,0.018679561201894783,,N
WeldingTest_02_OK,2022-02-11 13:20:22.550,35,30,19.4,38,650,682,0,688.0006063384444,-6.000606338444413,-2.0192654454897943,0,0.018679561201894783,,N
WeldingTest_02_OK,2022-02-11 13:20:24.270,36,30,19.4,38,650,682,0,688.0006063384444,-6.000606338444413,-2.0192654454897943,0,0.018679561201894783,,N
WeldingTest_02_OK,2022-02-11 13:20:26.042,37,30,19.4,38,650,682,0,688.0006063384444,-6.000606338444413,-2.0192654454897943,0,0.018679561201894783,,N
WeldingTest_02_OK,2022-02-11 13:20:29.114,38,30,19.4,38,650,682,0,688.0006063384444,-6.000606338444413,-2.0192654454897943,0,0.018679561201894783,,N
WeldingTest_02_OK,2022-02-11 13:20:30.580,39,30,19.4,38,650,682,0,688.0006063384444,-6.000606338444413,-2.0192654454897943,0,0.018679561201894783,,N
WeldingTest_02_OK,2022-02-11 13:21:17.522,1,250,241.1,82,1154,1665,0,1679.3760170564362,-14.37601705643624,-1.7836086314830508,0,0.011741871224911007,,N
WeldingTest_02_OK,2022-02-11 13:21:20.814,2,250,241.2,83,1670,1692,0,1704.5159551916302,-12.515955191630155,-1.3871624606809778,0,0.005347974410351919,,N
WeldingTest_02_OK,2022-02-11 13:21:23.564,3,250,241.1,82,1153,1673,0,1687.0000658542688,-14.000065854268769,-1.7359144097532597,0,0.010685007560108224,,N
WeldingTest_02_OK,2022-02-11 13:21:26.836,4,250,241.2,83,1670,1695,0,1708.9999966770276,-13.999996677027639,-1.5618364232756696,0,0.007567267823260635,,N
WeldingTest_02_OK,2022-02-11 13:21:29.704,5,250,241.1,82,1154,1675,0,1689.0246460370001,-14.024646037000139,-1.7390327205302698,0,0.010751135463666081,,N
WeldingTest_02_OK,2022-02-11 13:21:32.920,6,250,241.2,83,1670,1698,0,1712.029134968304,-14.029134968304106,-1.5652660449207383,0,0.00761895515219327,,N
WeldingTest_02_OK,2022-02-11 13:21:38.640,7,250,241.1,82,1153,1673,0,1687.9999985928248,-14.999998592824795,-1.8627686756064221,0,0.013728433097365383,,N
WeldingTest_02_OK,2022-02-11 13:21:41.950,8,250,241.2,83,1670,1698,0,1711.9999942256752,-13.99999422567521,-1.561836134747723,0,0.007567263489569633,,N
WeldingTest_02_OK,2022-02-11 13:21:44.794,9,250,241.1,82,1154,1677,0,1692.000000006275,-15.000000006275059,-1.8627688549206785,0,0.01372843795318309,,N
WeldingTest_02_OK,2022-02-11 13:21:48.028,10,250,241.2,83,1670,1699,0,1714.011058058723,-15.011058058722938,-1.680839901079311,0,0.009581245938673098,,N
WeldingTest_02_OK,2022-02-11 13:21:50.830,11,250,241.1,82,1154,1678,0,1693.077006948619,-15.0770069486191,-1.8725381711556455,0,0.013995519477128947,,N
WeldingTest_02_OK,2022-02-11 13:21:54.214,12,250,241.2,83,1670,1700,0,1716.0000403355489,-16.000040335548874,-1.7972446343222215,0,0.01206258626287463,,N
WeldingTest_02_OK,2022-02-11 13:21:58.904,13,30,19.4,38,650,682,0,688.0006063384444,-6.000606338444413,-2.0192654454897943,0,0.018679561201894783,,N
WeldingTest_02_OK,2022-02-11 13:22:00.608,14,30,19.4,38,650,682,0,688.0006063384444,-6.000606338444413,-2.0192654454897943,0,0.018679561201894783,,N
WeldingTest_02_OK,2022-02-11 13:22:03.540,15,30,19.4,38,650,682,0,688.0006063384444,-6.000606338444413,-2.0192654454897943,0,0.018679561201894783,,N
WeldingTest_02_OK,2022-02-11 13:22:06.934,16,30,19.4,38,650,682,0,688.0006063384444,-6.000606338444413,-2.0192654454897943,0,0.018679561201894783,,N
WeldingTest_02_OK,2022-02-11 13:22:08.718,17,30,19.4,38,650,682,0,688.0006063384444,-6.000606338444413,-2.0192654454897943,0,0.018679561201894783,,N
WeldingTest_02_OK,2022-02-11 13:22:10.436,18,30,19.4,38,650,682,0,688.0006063384444,-6.000606338444413,-2.0192654454897943,0,0.018679561201894783,,N
WeldingTest_02_OK,2022-02-11 13:22:31.606,19,250,241.1,83,1670,1690,0,1707.000103955623,-17.00010395562299,-1.9149536586884446,0,0.015215732370009625,,N
WeldingTest_02_OK,2022-02-11 13:22:34.358,20,250,241.2,82,1154,1674,0,1689.0001549203207,-15.00015492032071,-1.8627885077500876,0,0.013728970160715663,,N
WeldingTest_02_OK,2022-02-11 13:22:37.868,21,250,241.1,83,1670,1697,0,1712.3737369702349,-15.373736970234859,-1.723527766106446,0,0.010426282629246476,,N
WeldingTest_02_OK,2022-02-11 13:22:40.608,22,250,241.2,82,1154,1675,0,1692.099787412438,-17.09978741243799,-2.1291537622107106,0,0.02316460986710628,,N
WeldingTest_02_OK,2022-02-11 13:22:44.048,23,250,241.1,83,1670,1699,0,1714.000016164169,-15.000016164168983,-1.679540253127909,0,0.009556611477923933,,N
WeldingTest_02_OK,2022-02-11 13:22:46.688,24,250,241.2,82,1154,1678,0,1693.9999960126588,-15.999996012658812,-1.989631147107542,0,0.017623563912780586,,N
WeldingTest_02_OK,2022-02-11 13:22:53.090,25,250,241.1,83,1670,1697,0,1712.9966966279746,-15.996696627974643,-1.7968510748041786,0,0.012053209703825838,,N
WeldingTest_02_OK,2022-02-11 13:22:55.668,26,250,241.2,82,1154,1678,0,1693.0000140611949,-15.000014061194861,-1.862770637967142,0,0.013728486238050749,,N
WeldingTest_02_OK,2022-02-11 13:22:59.152,27,250,241.1,83,1670,1700,0,1716.0029705464842,-16.00297054648422,-1.7975895246506601,0,0.012070809201601864,,N
WeldingTest_02_OK,2022-02-11 13:23:01.798,28,250,241.2,82,1154,1679,0,1694.999985710131,-15.999985710131114,-1.9896298401000434,0,0.01762351865646421,,N
WeldingTest_02_OK,2022-02-11 13:23:05.312,29,250,241.1,83,1670,1702,0,1716.999967777064,-14.999967777064057,-1.6795345578913279,0,0.00955650366447817,,N
WeldingTest_02_OK,2022-02-11 13:23:07.902,30,250,241.2,82,1154,1680,0,1696.988693652646,-16.988693652645907,-2.1150600969111393,0,0.02253528686764939,,N
WeldingTest_02_OK,2022-02-11 13:23:12.248,31,30,19.4,38,650,682,0,688.0006063384444,-6.000606338444413,-2.0192654454897943,0,0.018679561201894783,,N
WeldingTest_02_OK,2022-02-11 13:23:13.796,32,30,19.4,38,650,682,0,688.0006063384444,-6.000606338444413,-2.0192654454897943,0,0.018679561201894783,,N
WeldingTest_02_OK,2022-02-11 13:23:16.868,33,30,19.4,38,650,682,0,688.0006063384444,-6.000606338444413,-2.0192654454897943,0,0.018679561201894783,,N
WeldingTest_02_OK,2022-02-11 13:23:18.596,34,30,19.4,38,650,682,0,688.0006063384444,-6.000606338444413,-2.0192654454897943,0,0.018679561201894783,,N
WeldingTest_02_OK,2022-02-11 13:23:22.074,35,30,19.4,38,650,682,0,688.0006063384444,-6.000606338444413,-2.0192654454897943,0,0.018679561201894783,,N
WeldingTest_02_OK,2022-02-11 13:23:23.812,36,30,19.4,38,650,682,0,688.0006063384444,-6.000606338444413,-2.0192654454897943,0,0.018679561201894783,,N
WeldingTest_02_OK,2022-02-11 13:23:25.490,37,30,19.4,38,650,682,0,688.0006063384444,-6.000606338444413,-2.0192654454897943,0,0.018679561201894783,,N
WeldingTest_02_OK,2022-02-11 13:23:28.530,38,30,19.4,38,650,682,0,688.0006063384444,-6.000606338444413,-2.0192654454897943,0,0.018679561201894783,,N
WeldingTest_02_OK,2022-02-11 13:23:30.022,39,30,19.4,38,650,682,0,688.0006063384444,-6.000606338444413,-2.0192654454897943,0,0.018679561201894783,,N
WeldingTest_02_OK,2022-02-11 13:36:27.398,1,250,241.1,82,1154,1660,0,1679.3760170564362,-19.37601705643624,-2.4179226256240414,0,0.04053715039861013,,N
WeldingTest_02_OK,2022-02-11 13:36:30.600,2,250,241.2,83,1670,1685,0,1704.5159551916302,-19.515955191630155,-2.2110732139813494,0,0.02717640658643964,,N
WeldingTest_02_OK,2022-02-11 13:36:33.344,3,250,241.1,82,1153,1667,0,1687.0000658542688,-20.00006585426877,-2.4970912027224483,0,0.04716374458367817,,N
WeldingTest_02_OK,2022-02-11 13:36:36.590,4,250,241.2,83,1670,1690,0,1708.9999966770276,-18.99999667702764,-2.150344104204507,0,0.024143230529360713,,N
WeldingTest_02_OK,2022-02-11 13:36:39.386,5,250,241.1,82,1154,1670,0,1689.0246460370001,-19.02464603700014,-2.3733467146712606,0,0.03720825199081969,,N
WeldingTest_02_OK,2022-02-11 13:36:42.598,6,250,241.2,83,1670,1694,0,1712.029134968304,-18.029134968304106,-2.0360721896638077,0,0.019305790508210408,,N
WeldingTest_02_OK,2022-02-11 13:36:48.334,7,250,241.1,82,1153,1669,0,1687.9999985928248,-18.999998592824795,-2.3702198709192146,0,0.036984868387859825,,N
WeldingTest_02_OK,2022-02-11 13:36:51.662,8,250,241.2,83,1670,1694,0,1711.9999942256752,-17.99999422567521,-2.032642279490793,0,0.019176340368008915,,N
WeldingTest_02_OK,2022-02-11 13:36:54.490,9,250,241.1,82,1154,1673,0,1692.000000006275,-19.00000000627506,-2.370220050233471,0,0.03698488116112934,,N
WeldingTest_02_OK,2022-02-11 13:36:57.732,10,250,241.2,83,1670,1697,0,1714.011058058723,-17.011058058722938,-1.9162429734508457,0,0.015254419446737236,,N
WeldingTest_02_OK,2022-02-11 13:37:00.542,11,250,241.1,82,1154,1674,0,1693.077006948619,-19.0770069486191,-2.379989366468438,0,0.03768711921269214,,N
WeldingTest_02_OK,2022-02-11 13:37:03.824,12,250,241.2,83,1670,1698,0,1716.0000403355489,-18.000040335548874,-2.0326477066937563,0,0.019176544525344244,,N
WeldingTest_02_OK,2022-02-11 13:37:08.402,13,30,19.4,38,650,682,0,688.0006063384444,-6.000606338444413,-2.0192654454897943,0,0.018679561201894783,,N
WeldingTest_02_OK,2022-02-11 13:37:10.082,14,30,19.4,38,650,680,0,688.0006063384444,-8.000606338444413,-2.6923538592998333,0,0.06816069625925017,,N
WeldingTest_02_OK,2022-02-11 13:37:13.018,15,30,19.4,38,650,680,0,688.0006063384444,-8.000606338444413,-2.6923538592998333,0,0.06816069625925017,,N
WeldingTest_02_OK,2022-02-11 13:37:16.316,16,30,19.4,38,650,680,0,688.0006063384444,-8.000606338444413,-2.6923538592998333,0,0.06816069625925017,,N
WeldingTest_02_OK,2022-02-11 13:37:18.010,17,30,19.4,38,650,680,0,688.0006063384444,-8.000606338444413,-2.6923538592998333,0,0.06816069625925017,,N
WeldingTest_02_OK,2022-02-11 13:37:19.806,18,30,19.4,38,650,680,0,688.0006063384444,-8.000606338444413,-2.6923538592998333,0,0.06816069625925017,,N
WeldingTest_02_OK,2022-02-11 13:37:40.178,19,250,241.1,83,1670,1689,0,1707.000103955623,-18.00010395562299,-2.032655194874212,0,0.01917682621481966,,N
WeldingTest_02_OK,2022-02-11 13:37:42.792,20,250,241.2,82,1154,1671,0,1689.0001549203207,-18.00015492032071,-2.243376904234682,0,0.028937677297542166,,N
WeldingTest_02_OK,2022-02-11 13:37:46.224,21,250,241.1,83,1670,1695,0,1712.3737369702349,-17.37373697023486,-1.9589308384779809,0,0.01659143080875386,,N
WeldingTest_02_OK,2022-02-11 13:37:48.992,22,250,241.2,82,1154,1674,0,1692.099787412438,-18.09978741243799,-2.2560165610389085,0,0.02965655550795212,,N
WeldingTest_02_OK,2022-02-11 13:37:52.412,23,250,241.1,83,1670,1697,0,1714.000016164169,-17.000016164168983,-1.914943325499444,0,0.015215422703684443,,N
WeldingTest_02_OK,2022-02-11 13:37:54.998,24,250,241.2,82,1154,1677,0,1693.9999960126588,-16.999996012658812,-2.11649394593574,0,0.02259854150294162,,N
WeldingTest_02_OK,2022-02-11 13:38:01.406,25,250,241.1,83,1670,1695,0,1712.9966966279746,-17.996696627974643,-2.0322541471757134,0,0.019161745358881054,,N
WeldingTest_02_OK,2022-02-11 13:38:04.124,26,250,241.2,82,1154,1677,0,1693.0000140611949,-16.00001406119486,-1.98963343679534,0,0.017623643195565915,,N
WeldingTest_02_OK,2022-02-11 13:38:07.608,27,250,241.1,83,1670,1699,0,1716.0029705464842,-17.00297054648422,-1.9152910608364275,0,0.015225847090383205,,N
WeldingTest_02_OK,2022-02-11 13:38:10.310,28,250,241.2,82,1154,1678,0,1694.999985710131,-16.999985710131114,-2.1164926389282415,0,0.022598483765049245,,N
WeldingTest_02_OK,2022-02-11 13:38:13.788,29,250,241.1,83,1670,1700,0,1716.999967777064,-16.999967777064057,-1.9149376302628627,0,0.015215252030760974,,N
WeldingTest_02_OK,2022-02-11 13:38:16.412,30,250,241.2,82,1154,1679,0,1696.988693652646,-17.988693652645907,-2.241922895739337,0,0.02885607302592614,,N
WeldingTest_02_OK,2022-02-11 13:38:20.744,31,30,19.4,38,650,682,0,688.0006063384444,-6.000606338444413,-2.0192654454897943,0,0.018679561201894783,,N
WeldingTest_02_OK,2022-02-11 13:38:22.276,32,30,19.4,38,650,682,0,688.0006063384444,-6.000606338444413,-2.0192654454897943,0,0.018679561201894783,,N
WeldingTest_02_OK,2022-02-11 13:38:25.342,33,30,19.4,38,650,682,0,688.0006063384444,-6.000606338444413,-2.0192654454897943,0,0.018679561201894783,,N
WeldingTest_02_OK,2022-02-11 13:38:27.114,34,30,19.4,38,650,682,0,688.0006063384444,-6.000606338444413,-2.0192654454897943,0,0.018679561201894783,,N
WeldingTest_02_OK,2022-02-11 13:38:30.566,35,30,19.4,38,650,682,0,688.0006063384444,-6.000606338444413,-2.0192654454897943,0,0.018679561201894783,,N
WeldingTest_02_OK,2022-02-11 13:38:32.264,36,30,19.4,38,650,682,0,688.0006063384444,-6.000606338444413,-2.0192654454897943,0,0.018679561201894783,,N
WeldingTest_02_OK,2022-02-11 13:38:33.986,37,30,19.4,38,650,682,0,688.0006063384444,-6.000606338444413,-2.0192654454897943,0,0.018679561201894783,,N
WeldingTest_02_OK,2022-02-11 13:38:36.994,38,30,19.4,38,650,682,0,688.0006063384444,-6.000606338444413,-2.0192654454897943,0,0.018679561201894783,,N
WeldingTest_02_OK,2022-02-11 13:38:38.492,39,30,19.4,38,650,682,0,688.0006063384444,-6.000606338444413,-2.0192654454897943,0,0.018679561201894783,,N
WeldingTest_02_OK,2022-02-11 13:39:25.529,1,250,241.1,82,1154,1665,0,1679.3760170564362,-14.37601705643624,-1.7836086314830508,0,0.011741871224911007,,N
WeldingTest_02_OK,2022-02-11 13:39:28.839,2,250,241.2,83,1670,1692,0,1704.5159551916302,-12.515955191630155,-1.3871624606809778,0,0.005347974410351919,,N
WeldingTest_02_OK,2022-02-11 13:39:31.687,3,250,241.1,82,1153,1671,0,1687.0000658542688,-16.00006585426877,-1.9896400074096559,0,0.017623870711761705,,N
WeldingTest_02_OK,2022-02-11 13:39:35.015,4,250,241.2,83,1670,1695,0,1708.9999966770276,-13.999996677027639,-1.5618364232756696,0,0.007567267823260635,,N
WeldingTest_02_OK,2022-02-11 13:39:37.767,5,250,241.1,82,1154,1674,0,1689.0246460370001,-15.024646037000139,-1.8658955193584679,0,0.013813365798905075,,N
WeldingTest_02_OK,2022-02-11 13:39:41.047,6,250,241.2,83,1670,1698,0,1712.029134968304,-14.029134968304106,-1.5652660449207383,0,0.00761895515219327,,N
WeldingTest_02_OK,2022-02-11 13:39:46.849,7,250,241.1,82,1153,1673,0,1687.9999985928248,-14.999998592824795,-1.8627686756064221,0,0.013728433097365383,,N
WeldingTest_02_OK,2022-02-11 13:39:50.121,8,250,241.2,83,1670,1698,0,1711.9999942256752,-13.99999422567521,-1.561836134747723,0,0.007567263489569633,,N
WeldingTest_02_OK,2022-02-11 13:39:52.945,9,250,241.1,82,1154,1677,0,1692.000000006275,-15.000000006275059,-1.8627688549206785,0,0.01372843795318309,,N
WeldingTest_02_OK,2022-02-11 13:39:56.203,10,250,241.2,83,1670,1699,0,1714.011058058723,-15.011058058722938,-1.680839901079311,0,0.009581245938673098,,N
WeldingTest_02_OK,2022-02-11 13:39:58.979,11,250,241.1,82,1154,1678,0,1693.077006948619,-15.0770069486191,-1.8725381711556455,0,0.013995519477128947,,N
WeldingTest_02_OK,2022-02-11 13:40:02.209,12,250,241.2,83,1670,1700,0,1716.0000403355489,-16.000040335548874,-1.7972446343222215,0,0.01206258626287463,,N
WeldingTest_02_OK,2022-02-11 13:40:06.679,13,30,19.4,38,650,682,0,688.0006063384444,-6.000606338444413,-2.0192654454897943,0,0.018679561201894783,,N
WeldingTest_02_OK,2022-02-11 13:40:08.413,14,30,19.4,38,650,682,0,688.0006063384444,-6.000606338444413,-2.0192654454897943,0,0.018679561201894783,,N
WeldingTest_02_OK,2022-02-11 13:40:11.295,15,30,19.4,38,650,682,0,688.0006063384444,-6.000606338444413,-2.0192654454897943,0,0.018679561201894783,,N
WeldingTest_02_OK,2022-02-11 13:40:14.631,16,30,19.4,38,650,682,0,688.0006063384444,-6.000606338444413,-2.0192654454897943,0,0.018679561201894783,,N
WeldingTest_02_OK,2022-02-11 13:40:16.375,17,30,19.4,38,650,682,0,688.0006063384444,-6.000606338444413,-2.0192654454897943,0,0.018679561201894783,,N
WeldingTest_02_OK,2022-02-11 13:40:18.083,18,30,19.4,38,650,682,0,688.0006063384444,-6.000606338444413,-2.0192654454897943,0,0.018679561201894783,,N
WeldingTest_02_OK,2022-02-11 13:40:39.081,19,250,241.1,83,1670,1690,0,1707.000103955623,-17.00010395562299,-1.9149536586884446,0,0.015215732370009625,,N
WeldingTest_02_OK,2022-02-11 13:40:41.729,20,250,241.2,82,1154,1673,0,1689.0001549203207,-16.00015492032071,-1.989651306578286,0,0.01762426196713884,,N
WeldingTest_02_OK,2022-02-11 13:40:45.221,21,250,241.1,83,1670,1697,0,1712.3737369702349,-15.373736970234859,-1.723527766106446,0,0.010426282629246476,,N
WeldingTest_02_OK,2022-02-11 13:40:47.785,22,250,241.2,82,1154,1677,0,1692.099787412438,-15.09978741243799,-1.8754281645543143,0,0.01407550570912607,,N
WeldingTest_02_OK,2022-02-11 13:40:51.229,23,250,241.1,83,1670,1699,0,1714.000016164169,-15.000016164168983,-1.679540253127909,0,0.009556611477923933,,N
WeldingTest_02_OK,2022-02-11 13:40:53.943,24,250,241.2,82,1154,1678,0,1693.9999960126588,-15.999996012658812,-1.989631147107542,0,0.017623563912780586,,N
WeldingTest_02_OK,2022-02-11 13:41:00.509,25,250,241.1,83,1670,1697,0,1712.9966966279746,-15.996696627974643,-1.7968510748041786,0,0.012053209703825838,,N
WeldingTest_02_OK,2022-02-11 13:41:03.289,26,250,241.2,82,1154,1678,0,1693.0000140611949,-15.000014061194861,-1.862770637967142,0,0.013728486238050749,,N
WeldingTest_02_OK,2022-02-11 13:41:06.745,27,250,241.1,83,1670,1700,0,1716.0029705464842,-16.00297054648422,-1.7975895246506601,0,0.012070809201601864,,N
WeldingTest_02_OK,2022-02-11 13:41:09.413,28,250,241.2,82,1154,1679,0,1694.999985710131,-15.999985710131114,-1.9896298401000434,0,0.01762351865646421,,N
WeldingTest_02_OK,2022-02-11 13:41:12.861,29,250,241.1,83,1670,1702,0,1716.999967777064,-14.999967777064057,-1.6795345578913279,0,0.00955650366447817,,N
WeldingTest_02_OK,2022-02-11 13:41:15.463,30,250,241.2,82,1154,1680,0,1696.988693652646,-16.988693652645907,-2.1150600969111393,0,0.02253528686764939,,N
WeldingTest_02_OK,2022-02-11 13:41:19.831,31,30,19.4,38,650,682,0,688.0006063384444,-6.000606338444413,-2.0192654454897943,0,0.018679561201894783,,N
WeldingTest_02_OK,2022-02-11 13:41:21.507,32,30,19.4,38,650,682,0,688.0006063384444,-6.000606338444413,-2.0192654454897943,0,0.018679561201894783,,N
WeldingTest_02_OK,2022-02-11 13:41:24.571,33,30,19.4,38,650,682,0,688.0006063384444,-6.000606338444413,-2.0192654454897943,0,0.018679561201894783,,N
WeldingTest_02_OK,2022-02-11 13:41:26.291,34,30,19.4,38,650,682,0,688.0006063384444,-6.000606338444413,-2.0192654454897943,0,0.018679561201894783,,N
WeldingTest_02_OK,2022-02-11 13:41:29.767,35,30,19.4,38,650,682,0,688.0006063384444,-6.000606338444413,-2.0192654454897943,0,0.018679561201894783,,N
WeldingTest_02_OK,2022-02-11 13:41:31.453,36,30,19.4,38,650,682,0,688.0006063384444,-6.000606338444413,-2.0192654454897943,0,0.018679561201894783,,N
WeldingTest_02_OK,2022-02-11 13:41:33.187,37,30,19.4,38,650,682,0,688.0006063384444,-6.000606338444413,-2.0192654454897943,0,0.018679561201894783,,N
WeldingTest_02_OK,2022-02-11 13:41:36.173,38,30,19.4,38,650,682,0,688.0006063384444,-6.000606338444413,-2.0192654454897943,0,0.018679561201894783,,N
WeldingTest_02_OK,2022-02-11 13:41:37.651,39,30,19.4,38,650,682,0,688.0006063384444,-6.000606338444413,-2.0192654454897943,0,0.018679561201894783,,N
WeldingTest_02_OK,2022-02-11 14:19:15.716,1,250,241.1,82,1154,1660,0,1679.3760170564362,-19.37601705643624,-2.4179226256240414,0,0.04053715039861013,,N
WeldingTest_02_OK,2022-02-11 14:19:18.974,2,250,241.2,83,1670,1685,0,1704.5159551916302,-19.515955191630155,-2.2110732139813494,0,0.02717640658643964,,N
WeldingTest_02_OK,2022-02-11 14:19:21.716,3,250,241.1,82,1153,1666,0,1687.0000658542688,-21.00006585426877,-2.6239540015506466,0,0.05996861071980792,,N
WeldingTest_02_OK,2022-02-11 14:19:25.012,4,250,241.2,83,1670,1690,0,1708.9999966770276,-18.99999667702764,-2.150344104204507,0,0.024143230529360713,,N
WeldingTest_02_OK,2022-02-11 14:19:27.824,5,250,241.1,82,1154,1670,0,1689.0246460370001,-19.02464603700014,-2.3733467146712606,0,0.03720825199081969,,N
WeldingTest_02_OK,2022-02-11 14:19:31.112,6,250,241.2,83,1670,1693,0,1712.029134968304,-19.029134968304106,-2.1537737258495753,0,0.024305365173372517,,N
WeldingTest_02_OK,2022-02-11 14:19:36.928,7,250,241.1,82,1153,1667,0,1687.9999985928248,-20.999998592824795,-2.6239454685756107,0,0.05996764867887055,,N
WeldingTest_02_OK,2022-02-11 14:19:40.220,8,250,241.2,83,1670,1693,0,1711.9999942256752,-18.99999422567521,-2.15034381567656,0,0.024143216933734307,,N
WeldingTest_02_OK,2022-02-11 14:19:43.066,9,250,241.1,82,1154,1671,0,1692.000000006275,-21.00000000627506,-2.623945647889867,0,0.059967668895311625,,N
WeldingTest_02_OK,2022-02-11 14:19:46.306,10,250,241.2,83,1670,1695,0,1714.011058058723,-19.011058058722938,-2.1516460458223805,0,0.02420465496536864,,N
WeldingTest_02_OK,2022-02-11 14:19:49.120,11,250,241.1,82,1154,1674,0,1693.077006948619,-19.0770069486191,-2.379989366468438,0,0.03768711921269214,,N
WeldingTest_02_OK,2022-02-11 14:19:52.430,12,250,241.2,83,1670,1697,0,1716.0000403355489,-19.000040335548874,-2.150349242879524,0,0.024143472668354093,,N
WeldingTest_02_OK,2022-02-11 14:19:56.872,13,30,19.4,38,650,680,0,688.0006063384444,-8.000606338444413,-2.6923538592998333,0,0.06816069625925017,,N
WeldingTest_02_OK,2022-02-11 14:19:58.556,14,30,19.4,38,650,680,0,688.0006063384444,-8.000606338444413,-2.6923538592998333,0,0.06816069625925017,,N
WeldingTest_02_OK,2022-02-11 14:20:01.516,15,30,19.4,38,650,680,0,688.0006063384444,-8.000606338444413,-2.6923538592998333,0,0.06816069625925017,,N
WeldingTest_02_OK,2022-02-11 14:20:04.916,16,30,19.4,38,650,680,0,688.0006063384444,-8.000606338444413,-2.6923538592998333,0,0.06816069625925017,,N
WeldingTest_02_OK,2022-02-11 14:20:06.684,17,30,19.4,38,650,680,0,688.0006063384444,-8.000606338444413,-2.6923538592998333,0,0.06816069625925017,,N
WeldingTest_02_OK,2022-02-11 14:20:08.392,18,30,19.4,38,650,680,0,688.0006063384444,-8.000606338444413,-2.6923538592998333,0,0.06816069625925017,,N
WeldingTest_02_OK,2022-02-11 14:20:29.078,19,250,241.1,83,1670,1688,0,1707.000103955623,-19.00010395562299,-2.150356731059979,0,0.024143825522399364,,N
WeldingTest_02_OK,2022-02-11 14:20:31.636,20,250,241.2,82,1154,1671,0,1689.0001549203207,-18.00015492032071,-2.243376904234682,0,0.028937677297542166,,N
WeldingTest_02_OK,2022-02-11 14:20:35.076,21,250,241.1,83,1670,1694,0,1712.3737369702349,-18.37373697023486,-2.076632374663748,0,0.020903056861040756,,N
WeldingTest_02_OK,2022-02-11 14:20:37.676,22,250,241.2,82,1154,1674,0,1692.099787412438,-18.09978741243799,-2.2560165610389085,0,0.02965655550795212,,N
WeldingTest_02_OK,2022-02-11 14:20:41.138,23,250,241.1,83,1670,1697,0,1714.000016164169,-17.000016164168983,-1.914943325499444,0,0.015215422703684443,,N
WeldingTest_02_OK,2022-02-11 14:20:43.838,24,250,241.2,82,1154,1677,0,1693.9999960126588,-16.999996012658812,-2.11649394593574,0,0.02259854150294162,,N
WeldingTest_02_OK,2022-02-11 14:20:50.268,25,250,241.1,83,1670,1695,0,1712.9966966279746,-17.996696627974643,-2.0322541471757134,0,0.019161745358881054,,N
WeldingTest_02_OK,2022-02-11 14:20:52.856,26,250,241.2,82,1154,1675,0,1693.0000140611949,-18.00001406119486,-2.2433590344517365,0,0.028936673022350638,,N
WeldingTest_02_OK,2022-02-11 14:20:56.318,27,250,241.1,83,1670,1698,0,1716.0029705464842,-18.00297054648422,-2.032992597022195,0,0.019189522778869695,,N
WeldingTest_02_OK,2022-02-11 14:20:59.024,28,250,241.2,82,1154,1678,0,1694.999985710131,-16.999985710131114,-2.1164926389282415,0,0.022598483765049245,,N
WeldingTest_02_OK,2022-02-11 14:21:02.578,29,250,241.1,83,1670,1699,0,1716.999967777064,-17.999967777064057,-2.03263916644863,0,0.019176223264377925,,N
WeldingTest_02_OK,2022-02-11 14:21:05.268,30,250,241.2,82,1154,1678,0,1696.988693652646,-18.988693652645907,-2.3687856945675354,0,0.0368828418747517,,N
WeldingTest_02_OK,2022-02-11 14:21:09.698,31,30,19.4,38,650,682,0,688.0006063384444,-6.000606338444413,-2.0192654454897943,0,0.018679561201894783,,N
WeldingTest_02_OK,2022-02-11 14:21:11.252,32,30,19.4,38,650,682,0,688.0006063384444,-6.000606338444413,-2.0192654454897943,0,0.018679561201894783,,N
WeldingTest_02_OK,2022-02-11 14:21:14.330,33,30,19.4,38,650,682,0,688.0006063384444,-6.000606338444413,-2.0192654454897943,0,0.018679561201894783,,N
WeldingTest_02_OK,2022-02-11 14:21:16.094,34,30,19.4,38,650,682,0,688.0006063384444,-6.000606338444413,-2.0192654454897943,0,0.018679561201894783,,N
WeldingTest_02_OK,2022-02-11 14:21:19.620,35,30,19.4,38,650,682,0,688.0006063384444,-6.000606338444413,-2.0192654454897943,0,0.018679561201894783,,N
WeldingTest_02_OK,2022-02-11 14:21:21.364,36,30,19.4,38,650,682,0,688.0006063384444,-6.000606338444413,-2.0192654454897943,0,0.018679561201894783,,N
WeldingTest_02_OK,2022-02-11 14:21:23.072,37,30,19.4,38,650,682,0,688.0006063384444,-6.000606338444413,-2.0192654454897943,0,0.018679561201894783,,N
WeldingTest_02_OK,2022-02-11 14:21:26.054,38,30,19.4,38,650,682,0,688.0006063384444,-6.000606338444413,-2.0192654454897943,0,0.018679561201894783,,N
WeldingTest_02_OK,2022-02-11 14:21:27.504,39,30,19.4,38,650,680,0,688.0006063384444,-8.000606338444413,-2.6923538592998333,0,0.06816069625925017,,N
WeldingTest_02_OK,2022-02-11 14:22:15.301,1,250,241.1,82,1154,1665,0,1679.3760170564362,-14.37601705643624,-1.7836086314830508,0,0.011741871224911007,,N
WeldingTest_02_OK,2022-02-11 14:22:18.557,2,250,241.2,83,1670,1690,0,1704.5159551916302,-14.515955191630155,-1.6225655330525126,0,0.00853617934236074,,N
WeldingTest_02_OK,2022-02-11 14:22:21.339,3,250,241.1,82,1153,1671,0,1687.0000658542688,-16.00006585426877,-1.9896400074096559,0,0.017623870711761705,,N
WeldingTest_02_OK,2022-02-11 14:22:24.599,4,250,241.2,83,1670,1695,0,1708.9999966770276,-13.999996677027639,-1.5618364232756696,0,0.007567267823260635,,N
WeldingTest_02_OK,2022-02-11 14:22:27.299,5,250,241.1,82,1154,1674,0,1689.0246460370001,-15.024646037000139,-1.8658955193584679,0,0.013813365798905075,,N
WeldingTest_02_OK,2022-02-11 14:22:30.597,6,250,241.2,83,1670,1697,0,1712.029134968304,-15.029134968304106,-1.6829675811065057,0,0.009621711333202183,,N
WeldingTest_02_OK,2022-02-11 14:22:36.497,7,250,241.1,82,1153,1671,0,1687.9999985928248,-16.999998592824795,-2.1164942732628185,0,0.022598555962847263,,N
WeldingTest_02_OK,2022-02-11 14:22:39.707,8,250,241.2,83,1670,1697,0,1711.9999942256752,-14.99999422567521,-1.6795376709334904,0,0.009556562595647659,,N
WeldingTest_02_OK,2022-02-11 14:22:42.449,9,250,241.1,82,1154,1677,0,1692.000000006275,-15.000000006275059,-1.8627688549206785,0,0.01372843795318309,,N
WeldingTest_02_OK,2022-02-11 14:22:45.709,10,250,241.2,83,1670,1699,0,1714.011058058723,-15.011058058722938,-1.680839901079311,0,0.009581245938673098,,N
WeldingTest_02_OK,2022-02-11 14:22:48.509,11,250,241.1,82,1154,1678,0,1693.077006948619,-15.0770069486191,-1.8725381711556455,0,0.013995519477128947,,N
WeldingTest_02_OK,2022-02-11 14:22:51.795,12,250,241.2,83,1670,1700,0,1716.0000403355489,-16.000040335548874,-1.7972446343222215,0,0.01206258626287463,,N
WeldingTest_02_OK,2022-02-11 14:22:56.257,13,30,19.4,38,650,682,0,688.0006063384444,-6.000606338444413,-2.0192654454897943,0,0.018679561201894783,,N
WeldingTest_02_OK,2022-02-11 14:22:57.993,14,30,19.4,38,650,682,0,688.0006063384444,-6.000606338444413,-2.0192654454897943,0,0.018679561201894783,,N
WeldingTest_02_OK,2022-02-11 14:23:00.893,15,30,19.4,38,650,682,0,688.0006063384444,-6.000606338444413,-2.0192654454897943,0,0.018679561201894783,,N
WeldingTest_02_OK,2022-02-11 14:23:04.213,16,30,19.4,38,650,682,0,688.0006063384444,-6.000606338444413,-2.0192654454897943,0,0.018679561201894783,,N
WeldingTest_02_OK,2022-02-11 14:23:05.983,17,30,19.4,38,650,682,0,688.0006063384444,-6.000606338444413,-2.0192654454897943,0,0.018679561201894783,,N
WeldingTest_02_OK,2022-02-11 14:23:07.693,18,30,19.4,38,650,682,0,688.0006063384444,-6.000606338444413,-2.0192654454897943,0,0.018679561201894783,,N
WeldingTest_02_OK,2022-02-11 14:23:28.473,19,250,241.1,83,1670,1690,0,1707.000103955623,-17.00010395562299,-1.9149536586884446,0,0.015215732370009625,,N
WeldingTest_02_OK,2022-02-11 14:23:31.155,20,250,241.2,82,1154,1673,0,1689.0001549203207,-16.00015492032071,-1.989651306578286,0,0.01762426196713884,,N
WeldingTest_02_OK,2022-02-11 14:23:34.629,21,250,241.1,83,1670,1697,0,1712.3737369702349,-15.373736970234859,-1.723527766106446,0,0.010426282629246476,,N
WeldingTest_02_OK,2022-02-11 14:23:37.297,22,250,241.2,82,1154,1675,0,1692.099787412438,-17.09978741243799,-2.1291537622107106,0,0.02316460986710628,,N
WeldingTest_02_OK,2022-02-11 14:23:40.713,23,250,241.1,83,1670,1699,0,1714.000016164169,-15.000016164168983,-1.679540253127909,0,0.009556611477923933,,N
WeldingTest_02_OK,2022-02-11 14:23:43.409,24,250,241.2,82,1154,1678,0,1693.9999960126588,-15.999996012658812,-1.989631147107542,0,0.017623563912780586,,N
WeldingTest_02_OK,2022-02-11 14:23:49.903,25,250,241.1,83,1670,1697,0,1712.9966966279746,-15.996696627974643,-1.7968510748041786,0,0.012053209703825838,,N
WeldingTest_02_OK,2022-02-11 14:23:52.675,26,250,241.2,82,1154,1677,0,1693.0000140611949,-16.00001406119486,-1.98963343679534,0,0.017623643195565915,,N
WeldingTest_02_OK,2022-02-11 14:23:56.123,27,250,241.1,83,1670,1700,0,1716.0029705464842,-16.00297054648422,-1.7975895246506601,0,0.012070809201601864,,N
WeldingTest_02_OK,2022-02-11 14:23:58.805,28,250,241.2,82,1154,1679,0,1694.999985710131,-15.999985710131114,-1.9896298401000434,0,0.01762351865646421,,N
WeldingTest_02_OK,2022-02-11 14:24:02.351,29,250,241.1,83,1670,1700,0,1716.999967777064,-16.999967777064057,-1.9149376302628627,0,0.015215252030760974,,N
WeldingTest_02_OK,2022-02-11 14:24:04.971,30,250,241.2,82,1154,1680,0,1696.988693652646,-16.988693652645907,-2.1150600969111393,0,0.02253528686764939,,N
WeldingTest_02_OK,2022-02-11 14:24:09.227,31,30,19.4,38,650,682,0,688.0006063384444,-6.000606338444413,-2.0192654454897943,0,0.018679561201894783,,N
WeldingTest_02_OK,2022-02-11 14:24:10.747,32,30,19.4,38,650,682,0,688.0006063384444,-6.000606338444413,-2.0192654454897943,0,0.018679561201894783,,N
WeldingTest_02_OK,2022-02-11 14:24:13.835,33,30,19.4,38,650,682,0,688.0006063384444,-6.000606338444413,-2.0192654454897943,0,0.018679561201894783,,N
WeldingTest_02_OK,2022-02-11 14:24:15.619,34,30,19.4,38,650,682,0,688.0006063384444,-6.000606338444413,-2.0192654454897943,0,0.018679561201894783,,N
WeldingTest_02_OK,2022-02-11 14:24:19.127,35,30,19.4,38,650,682,0,688.0006063384444,-6.000606338444413,-2.0192654454897943,0,0.018679561201894783,,N
WeldingTest_02_OK,2022-02-11 14:24:20.835,36,30,19.4,38,650,682,0,688.0006063384444,-6.000606338444413,-2.0192654454897943,0,0.018679561201894783,,N
WeldingTest_02_OK,2022-02-11 14:24:22.543,37,30,19.4,38,650,682,0,688.0006063384444,-6.000606338444413,-2.0192654454897943,0,0.018679561201894783,,N
WeldingTest_02_OK,2022-02-11 14:24:25.555,38,30,19.4,38,650,682,0,688.0006063384444,-6.000606338444413,-2.0192654454897943,0,0.018679561201894783,,N
WeldingTest_02_OK,2022-02-11 14:24:27.025,39,30,19.4,38,650,682,0,688.0006063384444,-6.000606338444413,-2.0192654454897943,0,0.018679561201894783,,N
WeldingTest_02_OK,2022-02-11 14:25:14.595,1,250,241.1,82,1154,1665,0,1679.3760170564362,-14.37601705643624,-1.7836086314830508,0,0.011741871224911007,,N
WeldingTest_02_OK,2022-02-11 14:25:18.005,2,250,241.2,83,1670,1692,0,1704.5159551916302,-12.515955191630155,-1.3871624606809778,0,0.005347974410351919,,N
WeldingTest_02_OK,2022-02-11 14:25:20.833,3,250,241.1,82,1153,1673,0,1687.0000658542688,-14.000065854268769,-1.7359144097532597,0,0.010685007560108224,,N
WeldingTest_02_OK,2022-02-11 14:25:24.091,4,250,241.2,83,1670,1695,0,1708.9999966770276,-13.999996677027639,-1.5618364232756696,0,0.007567267823260635,,N
WeldingTest_02_OK,2022-02-11 14:25:26.827,5,250,241.1,82,1154,1675,0,1689.0246460370001,-14.024646037000139,-1.7390327205302698,0,0.010751135463666081,,N
WeldingTest_02_OK,2022-02-11 14:25:30.245,6,250,241.2,83,1670,1698,0,1712.029134968304,-14.029134968304106,-1.5652660449207383,0,0.00761895515219327,,N
WeldingTest_02_OK,2022-02-11 14:25:36.021,7,250,241.1,82,1153,1673,0,1687.9999985928248,-14.999998592824795,-1.8627686756064221,0,0.013728433097365383,,N
WeldingTest_02_OK,2022-02-11 14:25:39.325,8,250,241.2,83,1670,1698,0,1711.9999942256752,-13.99999422567521,-1.561836134747723,0,0.007567263489569633,,N
WeldingTest_02_OK,2022-02-11 14:25:42.157,9,250,241.1,82,1154,1677,0,1692.000000006275,-15.000000006275059,-1.8627688549206785,0,0.01372843795318309,,N
WeldingTest_02_OK,2022-02-11 14:25:45.417,10,250,241.2,83,1670,1699,0,1714.011058058723,-15.011058058722938,-1.680839901079311,0,0.009581245938673098,,N
WeldingTest_02_OK,2022-02-11 14:25:48.237,11,250,241.1,82,1154,1678,0,1693.077006948619,-15.0770069486191,-1.8725381711556455,0,0.013995519477128947,,N
WeldingTest_02_OK,2022-02-11 14:25:51.507,12,250,241.2,83,1670,1700,0,1716.0000403355489,-16.000040335548874,-1.7972446343222215,0,0.01206258626287463,,N
WeldingTest_02_OK,2022-02-11 14:25:56.059,13,30,19.4,38,650,682,0,688.0006063384444,-6.000606338444413,-2.0192654454897943,0,0.018679561201894783,,N
WeldingTest_02_OK,2022-02-11 14:25:57.787,14,30,19.4,38,650,682,0,688.0006063384444,-6.000606338444413,-2.0192654454897943,0,0.018679561201894783,,N
WeldingTest_02_OK,2022-02-11 14:26:00.711,15,30,19.4,38,650,682,0,688.0006063384444,-6.000606338444413,-2.0192654454897943,0,0.018679561201894783,,N
WeldingTest_02_OK,2022-02-11 14:26:04.105,16,30,19.4,38,650,682,0,688.0006063384444,-6.000606338444413,-2.0192654454897943,0,0.018679561201894783,,N
WeldingTest_02_OK,2022-02-11 14:26:05.879,17,30,19.4,38,650,682,0,688.0006063384444,-6.000606338444413,-2.0192654454897943,0,0.018679561201894783,,N
WeldingTest_02_OK,2022-02-11 14:26:07.705,18,30,19.4,38,650,682,0,688.0006063384444,-6.000606338444413,-2.0192654454897943,0,0.018679561201894783,,N
WeldingTest_02_OK,2022-02-11 14:26:28.099,19,250,241.1,83,1670,1690,0,1707.000103955623,-17.00010395562299,-1.9149536586884446,0,0.015215732370009625,,N
WeldingTest_02_OK,2022-02-11 14:26:30.789,20,250,241.2,82,1154,1673,0,1689.0001549203207,-16.00015492032071,-1.989651306578286,0,0.01762426196713884,,N
WeldingTest_02_OK,2022-02-11 14:26:34.319,21,250,241.1,83,1670,1697,0,1712.3737369702349,-15.373736970234859,-1.723527766106446,0,0.010426282629246476,,N
WeldingTest_02_OK,2022-02-11 14:26:37.117,22,250,241.2,82,1154,1675,0,1692.099787412438,-17.09978741243799,-2.1291537622107106,0,0.02316460986710628,,N
WeldingTest_02_OK,2022-02-11 14:26:40.599,23,250,241.1,83,1670,1699,0,1714.000016164169,-15.000016164168983,-1.679540253127909,0,0.009556611477923933,,N
WeldingTest_02_OK,2022-02-11 14:26:43.281,24,250,241.2,82,1154,1678,0,1693.9999960126588,-15.999996012658812,-1.989631147107542,0,0.017623563912780586,,N
WeldingTest_02_OK,2022-02-11 14:26:49.675,25,250,241.1,83,1670,1697,0,1712.9966966279746,-15.996696627974643,-1.7968510748041786,0,0.012053209703825838,,N
WeldingTest_02_OK,2022-02-11 14:26:52.265,26,250,241.2,82,1154,1678,0,1693.0000140611949,-15.000014061194861,-1.862770637967142,0,0.013728486238050749,,N
WeldingTest_02_OK,2022-02-11 14:26:55.729,27,250,241.1,83,1670,1700,0,1716.0029705464842,-16.00297054648422,-1.7975895246506601,0,0.012070809201601864,,N
WeldingTest_02_OK,2022-02-11 14:26:58.379,28,250,241.2,82,1154,1679,0,1694.999985710131,-15.999985710131114,-1.9896298401000434,0,0.01762351865646421,,N
WeldingTest_02_OK,2022-02-11 14:27:01.859,29,250,241.1,83,1670,1702,0,1716.999967777064,-14.999967777064057,-1.6795345578913279,0,0.00955650366447817,,N
WeldingTest_02_OK,2022-02-11 14:27:04.491,30,250,241.2,82,1154,1680,0,1696.988693652646,-16.988693652645907,-2.1150600969111393,0,0.02253528686764939,,N
WeldingTest_02_OK,2022-02-11 14:27:08.851,31,30,19.4,38,650,682,0,688.0006063384444,-6.000606338444413,-2.0192654454897943,0,0.018679561201894783,,N
WeldingTest_02_OK,2022-02-11 14:27:10.349,32,30,19.4,38,650,682,0,688.0006063384444,-6.000606338444413,-2.0192654454897943,0,0.018679561201894783,,N
WeldingTest_02_OK,2022-02-11 14:27:13.409,33,30,19.4,38,650,682,0,688.0006063384444,-6.000606338444413,-2.0192654454897943,0,0.018679561201894783,,N
WeldingTest_02_OK,2022-02-11 14:27:15.209,34,30,19.4,38,650,682,0,688.0006063384444,-6.000606338444413,-2.0192654454897943,0,0.018679561201894783,,N
WeldingTest_02_OK,2022-02-11 14:27:18.713,35,30,19.4,38,650,682,0,688.0006063384444,-6.000606338444413,-2.0192654454897943,0,0.018679561201894783,,N
WeldingTest_02_OK,2022-02-11 14:27:20.471,36,30,19.4,38,650,682,0,688.0006063384444,-6.000606338444413,-2.0192654454897943,0,0.018679561201894783,,N
WeldingTest_02_OK,2022-02-11 14:27:22.179,37,30,19.4,38,650,682,0,688.0006063384444,-6.000606338444413,-2.0192654454897943,0,0.018679561201894783,,N
WeldingTest_02_OK,2022-02-11 14:27:25.183,38,30,19.4,38,650,682,0,688.0006063384444,-6.000606338444413,-2.0192654454897943,0,0.018679561201894783,,N
WeldingTest_02_OK,2022-02-11 14:27:26.671,39,30,19.4,38,650,682,0,688.0006063384444,-6.000606338444413,-2.0192654454897943,0,0.018679561201894783,,N
WeldingTest_02_OK,2022-02-11 14:28:14.403,1,250,241.1,82,1154,1665,0,1679.3760170564362,-14.37601705643624,-1.7836086314830508,0,0.011741871224911007,,N
WeldingTest_02_OK,2022-02-11 14:28:17.667,2,250,241.2,83,1670,1692,0,1704.5159551916302,-12.515955191630155,-1.3871624606809778,0,0.005347974410351919,,N
WeldingTest_02_OK,2022-02-11 14:28:20.499,3,250,241.1,82,1153,1671,0,1687.0000658542688,-16.00006585426877,-1.9896400074096559,0,0.017623870711761705,,N
WeldingTest_02_OK,2022-02-11 14:28:23.781,4,250,241.2,83,1670,1695,0,1708.9999966770276,-13.999996677027639,-1.5618364232756696,0,0.007567267823260635,,N
WeldingTest_02_OK,2022-02-11 14:28:26.545,5,250,241.1,82,1154,1674,0,1689.0246460370001,-15.024646037000139,-1.8658955193584679,0,0.013813365798905075,,N
WeldingTest_02_OK,2022-02-11 14:28:29.847,6,250,241.2,83,1670,1698,0,1712.029134968304,-14.029134968304106,-1.5652660449207383,0,0.00761895515219327,,N
WeldingTest_02_OK,2022-02-11 14:28:35.580,7,250,241.1,82,1153,1673,0,1687.9999985928248,-14.999998592824795,-1.8627686756064221,0,0.013728433097365383,,N
WeldingTest_02_OK,2022-02-11 14:28:38.820,8,250,241.2,83,1670,1698,0,1711.9999942256752,-13.99999422567521,-1.561836134747723,0,0.007567263489569633,,N
WeldingTest_02_OK,2022-02-11 14:28:41.598,9,250,241.1,82,1154,1677,0,1692.000000006275,-15.000000006275059,-1.8627688549206785,0,0.01372843795318309,,N
WeldingTest_02_OK,2022-02-11 14:28:44.926,10,250,241.2,83,1670,1699,0,1714.011058058723,-15.011058058722938,-1.680839901079311,0,0.009581245938673098,,N
WeldingTest_02_OK,2022-02-11 14:28:47.756,11,250,241.1,82,1154,1678,0,1693.077006948619,-15.0770069486191,-1.8725381711556455,0,0.013995519477128947,,N
WeldingTest_02_OK,2022-02-11 14:28:50.996,12,250,241.2,83,1670,1702,0,1716.0000403355489,-14.000040335548874,-1.5618415619506867,0,0.007567345006594005,,N
WeldingTest_02_OK,2022-02-11 14:28:55.572,13,30,19.4,38,650,682,0,688.0006063384444,-6.000606338444413,-2.0192654454897943,0,0.018679561201894783,,N
WeldingTest_02_OK,2022-02-11 14:28:57.260,14,30,19.4,38,650,682,0,688.0006063384444,-6.000606338444413,-2.0192654454897943,0,0.018679561201894783,,N
WeldingTest_02_OK,2022-02-11 14:29:00.194,15,30,19.4,38,650,682,0,688.0006063384444,-6.000606338444413,-2.0192654454897943,0,0.018679561201894783,,N
WeldingTest_02_OK,2022-02-11 14:29:03.480,16,30,19.4,38,650,682,0,688.0006063384444,-6.000606338444413,-2.0192654454897943,0,0.018679561201894783,,N
WeldingTest_02_OK,2022-02-11 14:29:05.186,17,30,19.4,38,650,682,0,688.0006063384444,-6.000606338444413,-2.0192654454897943,0,0.018679561201894783,,N
WeldingTest_02_OK,2022-02-11 14:29:06.892,18,30,19.4,38,650,682,0,688.0006063384444,-6.000606338444413,-2.0192654454897943,0,0.018679561201894783,,N
WeldingTest_02_OK,2022-02-11 14:29:28.462,19,250,241.1,83,1670,1690,0,1707.000103955623,-17.00010395562299,-1.9149536586884446,0,0.015215732370009625,,N
WeldingTest_02_OK,2022-02-11 14:29:31.074,20,250,241.2,82,1154,1674,0,1689.0001549203207,-15.00015492032071,-1.8627885077500876,0,0.013728970160715663,,N
WeldingTest_02_OK,2022-02-11 14:29:34.534,21,250,241.1,83,1670,1697,0,1712.3737369702349,-15.373736970234859,-1.723527766106446,0,0.010426282629246476,,N
WeldingTest_02_OK,2022-02-11 14:29:37.182,22,250,241.2,82,1154,1677,0,1692.099787412438,-15.09978741243799,-1.8754281645543143,0,0.01407550570912607,,N
WeldingTest_02_OK,2022-02-11 14:29:40.614,23,250,241.1,83,1670,1699,0,1714.000016164169,-15.000016164168983,-1.679540253127909,0,0.009556611477923933,,N
WeldingTest_02_OK,2022-02-11 14:29:43.246,24,250,241.2,82,1154,1679,0,1693.9999960126588,-14.999996012658812,-1.862768348279344,0,0.013728424233375001,,N
WeldingTest_02_OK,2022-02-11 14:29:49.702,25,250,241.1,83,1670,1697,0,1712.9966966279746,-15.996696627974643,-1.7968510748041786,0,0.012053209703825838,,N
WeldingTest_02_OK,2022-02-11 14:29:52.396,26,250,241.2,82,1154,1677,0,1693.0000140611949,-16.00001406119486,-1.98963343679534,0,0.017623643195565915,,N
WeldingTest_02_OK,2022-02-11 14:29:55.920,27,250,241.1,83,1670,1700,0,1716.0029705464842,-16.00297054648422,-1.7975895246506601,0,0.012070809201601864,,N
WeldingTest_02_OK,2022-02-11 14:29:58.578,28,250,241.2,82,1154,1679,0,1694.999985710131,-15.999985710131114,-1.9896298401000434,0,0.01762351865646421,,N
WeldingTest_02_OK,2022-02-11 14:30:02.068,29,250,241.1,83,1670,1702,0,1716.999967777064,-14.999967777064057,-1.6795345578913279,0,0.00955650366447817,,N
WeldingTest_02_OK,2022-02-11 14:30:04.654,30,250,241.2,82,1154,1680,0,1696.988693652646,-16.988693652645907,-2.1150600969111393,0,0.02253528686764939,,N
WeldingTest_02_OK,2022-02-11 14:30:08.986,31,30,19.4,38,650,682,0,688.0006063384444,-6.000606338444413,-2.0192654454897943,0,0.018679561201894783,,N
WeldingTest_02_OK,2022-02-11 14:30:10.456,32,30,19.4,38,650,682,0,688.0006063384444,-6.000606338444413,-2.0192654454897943,0,0.018679561201894783,,N
WeldingTest_02_OK,2022-02-11 14:30:13.538,33,30,19.4,38,650,682,0,688.0006063384444,-6.000606338444413,-2.0192654454897943,0,0.018679561201894783,,N
WeldingTest_02_OK,2022-02-11 14:30:15.286,34,30,19.4,38,650,682,0,688.0006063384444,-6.000606338444413,-2.0192654454897943,0,0.018679561201894783,,N
WeldingTest_02_OK,2022-02-11 14:30:18.758,35,30,19.4,38,650,682,0,688.0006063384444,-6.000606338444413,-2.0192654454897943,0,0.018679561201894783,,N
WeldingTest_02_OK,2022-02-11 14:30:20.408,36,30,19.4,38,650,682,0,688.0006063384444,-6.000606338444413,-2.0192654454897943,0,0.018679561201894783,,N
WeldingTest_02_OK,2022-02-11 14:30:22.132,37,30,19.4,38,650,682,0,688.0006063384444,-6.000606338444413,-2.0192654454897943,0,0.018679561201894783,,N
WeldingTest_02_OK,2022-02-11 14:30:25.146,38,30,19.4,38,650,682,0,688.0006063384444,-6.000606338444413,-2.0192654454897943,0,0.018679561201894783,,N
WeldingTest_02_OK,2022-02-11 14:30:26.660,39,30,19.4,38,650,682,0,688.0006063384444,-6.000606338444413,-2.0192654454897943,0,0.018679561201894783,,N
WeldingTest_02_OK,2022-02-11 14:31:13.104,1,250,241.1,82,1154,1666,0,1679.3760170564362,-13.37601705643624,-1.6567458326548528,0,0.009134608750412332,,N
WeldingTest_02_OK,2022-02-11 14:31:16.408,2,250,241.2,83,1670,1692,0,1704.5159551916302,-12.515955191630155,-1.3871624606809778,0,0.005347974410351919,,N
WeldingTest_02_OK,2022-02-11 14:31:19.226,3,250,241.1,82,1153,1673,0,1687.0000658542688,-14.000065854268769,-1.7359144097532597,0,0.010685007560108224,,N
WeldingTest_02_OK,2022-02-11 14:31:22.510,4,250,241.2,83,1670,1697,0,1708.9999966770276,-11.999996677027639,-1.3264333509041348,0,0.004739214952482194,,N
WeldingTest_02_OK,2022-02-11 14:31:25.328,5,250,241.1,82,1154,1675,0,1689.0246460370001,-14.024646037000139,-1.7390327205302698,0,0.010751135463666081,,N
WeldingTest_02_OK,2022-02-11 14:31:28.610,6,250,241.2,83,1670,1698,0,1712.029134968304,-14.029134968304106,-1.5652660449207383,0,0.00761895515219327,,N
WeldingTest_02_OK,2022-02-11 14:31:34.386,7,250,241.1,82,1153,1673,0,1687.9999985928248,-14.999998592824795,-1.8627686756064221,0,0.013728433097365383,,N
WeldingTest_02_OK,2022-02-11 14:31:37.586,8,250,241.2,83,1670,1698,0,1711.9999942256752,-13.99999422567521,-1.561836134747723,0,0.007567263489569633,,N
WeldingTest_02_OK,2022-02-11 14:31:40.392,9,250,241.1,82,1154,1678,0,1692.000000006275,-14.000000006275059,-1.7359060560924804,0,0.010684830951159515,,N
WeldingTest_02_OK,2022-02-11 14:31:43.600,10,250,241.2,83,1670,1700,0,1714.011058058723,-14.011058058722938,-1.5631383648935435,0,0.0075868480929979125,,N
WeldingTest_02_OK,2022-02-11 14:31:46.474,11,250,241.1,82,1154,1679,0,1693.077006948619,-14.0770069486191,-1.7456753723274472,0,0.010893354259789748,,N
WeldingTest_02_OK,2022-02-11 14:31:49.694,12,250,241.2,83,1670,1702,0,1716.0000403355489,-14.000040335548874,-1.5618415619506867,0,0.007567345006594005,,N
WeldingTest_02_OK,2022-02-11 14:31:54.256,13,30,19.4,38,650,682,0,688.0006063384444,-6.000606338444413,-2.0192654454897943,0,0.018679561201894783,,N
WeldingTest_02_OK,2022-02-11 14:31:55.978,14,30,19.4,38,650,682,0,688.0006063384444,-6.000606338444413,-2.0192654454897943,0,0.018679561201894783,,N
WeldingTest_02_OK,2022-02-11 14:31:58.894,15,30,19.4,38,650,682,0,688.0006063384444,-6.000606338444413,-2.0192654454897943,0,0.018679561201894783,,N
WeldingTest_02_OK,2022-02-11 14:32:02.280,16,30,19.4,38,650,682,0,688.0006063384444,-6.000606338444413,-2.0192654454897943,0,0.018679561201894783,,N
WeldingTest_02_OK,2022-02-11 14:32:03.956,17,30,19.4,38,650,682,0,688.0006063384444,-6.000606338444413,-2.0192654454897943,0,0.018679561201894783,,N
WeldingTest_02_OK,2022-02-11 14:32:05.682,18,30,19.4,38,650,682,0,688.0006063384444,-6.000606338444413,-2.0192654454897943,0,0.018679561201894783,,N
WeldingTest_02_OK,2022-02-11 14:32:26.582,19,250,241.1,83,1670,1692,0,1707.000103955623,-15.00010395562299,-1.6795505863169098,0,0.009556807093015852,,N
WeldingTest_02_OK,2022-02-11 14:32:29.196,20,250,241.2,82,1154,1674,0,1689.0001549203207,-15.00015492032071,-1.8627885077500876,0,0.013728970160715663,,N
WeldingTest_02_OK,2022-02-11 14:32:32.602,21,250,241.1,83,1670,1697,0,1712.3737369702349,-15.373736970234859,-1.723527766106446,0,0.010426282629246476,,N
WeldingTest_02_OK,2022-02-11 14:32:35.306,22,250,241.2,82,1154,1677,0,1692.099787412438,-15.09978741243799,-1.8754281645543143,0,0.01407550570912607,,N
WeldingTest_02_OK,2022-02-11 14:32:38.790,23,250,241.1,83,1670,1699,0,1714.000016164169,-15.000016164168983,-1.679540253127909,0,0.009556611477923933,,N
WeldingTest_02_OK,2022-02-11 14:32:41.414,24,250,241.2,82,1154,1679,0,1693.9999960126588,-14.999996012658812,-1.862768348279344,0,0.013728424233375001,,N
WeldingTest_02_OK,2022-02-11 14:32:47.896,25,250,241.1,83,1670,1697,0,1712.9966966279746,-15.996696627974643,-1.7968510748041786,0,0.012053209703825838,,N
WeldingTest_02_OK,2022-02-11 14:32:50.568,26,250,241.2,82,1154,1678,0,1693.0000140611949,-15.000014061194861,-1.862770637967142,0,0.013728486238050749,,N
WeldingTest_02_OK,2022-02-11 14:32:54.004,27,250,241.1,83,1670,1700,0,1716.0029705464842,-16.00297054648422,-1.7975895246506601,0,0.012070809201601864,,N
WeldingTest_02_OK,2022-02-11 14:32:56.696,28,250,241.2,82,1154,1679,0,1694.999985710131,-15.999985710131114,-1.9896298401000434,0,0.01762351865646421,,N
WeldingTest_02_OK,2022-02-11 14:33:00.236,29,250,241.1,83,1670,1702,0,1716.999967777064,-14.999967777064057,-1.6795345578913279,0,0.00955650366447817,,N
WeldingTest_02_OK,2022-02-11 14:33:02.926,30,250,241.2,82,1154,1680,0,1696.988693652646,-16.988693652645907,-2.1150600969111393,0,0.02253528686764939,,N
WeldingTest_02_OK,2022-02-11 14:33:07.446,31,30,19.4,38,650,682,0,688.0006063384444,-6.000606338444413,-2.0192654454897943,0,0.018679561201894783,,N
WeldingTest_02_OK,2022-02-11 14:33:08.950,32,30,19.4,38,650,682,0,688.0006063384444,-6.000606338444413,-2.0192654454897943,0,0.018679561201894783,,N
WeldingTest_02_OK,2022-02-11 14:33:11.980,33,30,19.4,38,650,682,0,688.0006063384444,-6.000606338444413,-2.0192654454897943,0,0.018679561201894783,,N
WeldingTest_02_OK,2022-02-11 14:33:13.686,34,30,19.4,38,650,682,0,688.0006063384444,-6.000606338444413,-2.0192654454897943,0,0.018679561201894783,,N
WeldingTest_02_OK,2022-02-11 14:33:17.130,35,30,19.4,38,650,682,0,688.0006063384444,-6.000606338444413,-2.0192654454897943,0,0.018679561201894783,,N
WeldingTest_02_OK,2022-02-11 14:33:18.826,36,30,19.4,38,650,682,0,688.0006063384444,-6.000606338444413,-2.0192654454897943,0,0.018679561201894783,,N
WeldingTest_02_OK,2022-02-11 14:33:20.552,37,30,19.4,38,650,682,0,688.0006063384444,-6.000606338444413,-2.0192654454897943,0,0.018679561201894783,,N
WeldingTest_02_OK,2022-02-11 14:33:23.550,38,30,19.4,38,650,682,0,688.0006063384444,-6.000606338444413,-2.0192654454897943,0,0.018679561201894783,,N
WeldingTest_02_OK,2022-02-11 14:33:25.068,39,30,19.4,38,650,682,0,688.0006063384444,-6.000606338444413,-2.0192654454897943,0,0.018679561201894783,,N
WeldingTest_02_OK,2022-02-11 14:34:12.036,1,250,241.1,82,1154,1666,0,1679.3760170564362,-13.37601705643624,-1.6567458326548528,0,0.009134608750412332,,N
WeldingTest_02_OK,2022-02-11 14:34:15.350,2,250,241.2,83,1670,1692,0,1704.5159551916302,-12.515955191630155,-1.3871624606809778,0,0.005347974410351919,,N
WeldingTest_02_OK,2022-02-11 14:34:18.176,3,250,241.1,82,1153,1673,0,1687.0000658542688,-14.000065854268769,-1.7359144097532597,0,0.010685007560108224,,N
WeldingTest_02_OK,2022-02-11 14:34:21.354,4,250,241.2,83,1670,1697,0,1708.9999966770276,-11.999996677027639,-1.3264333509041348,0,0.004739214952482194,,N
WeldingTest_02_OK,2022-02-11 14:34:24.128,5,250,241.1,82,1154,1675,0,1689.0246460370001,-14.024646037000139,-1.7390327205302698,0,0.010751135463666081,,N
WeldingTest_02_OK,2022-02-11 14:34:27.400,6,250,241.2,83,1670,1698,0,1712.029134968304,-14.029134968304106,-1.5652660449207383,0,0.00761895515219327,,N
WeldingTest_02_OK,2022-02-11 14:34:33.214,7,250,241.1,82,1153,1673,0,1687.9999985928248,-14.999998592824795,-1.8627686756064221,0,0.013728433097365383,,N
WeldingTest_02_OK,2022-02-11 14:34:36.498,8,250,241.2,83,1670,1698,0,1711.9999942256752,-13.99999422567521,-1.561836134747723,0,0.007567263489569633,,N
WeldingTest_02_OK,2022-02-11 14:34:39.374,9,250,241.1,82,1154,1677,0,1692.000000006275,-15.000000006275059,-1.8627688549206785,0,0.01372843795318309,,N
WeldingTest_02_OK,2022-02-11 14:34:42.648,10,250,241.2,83,1670,1700,0,1714.011058058723,-14.011058058722938,-1.5631383648935435,0,0.0075868480929979125,,N
WeldingTest_02_OK,2022-02-11 14:34:45.424,11,250,241.1,82,1154,1678,0,1693.077006948619,-15.0770069486191,-1.8725381711556455,0,0.013995519477128947,,N
WeldingTest_02_OK,2022-02-11 14:34:48.736,12,250,241.2,83,1670,1702,0,1716.0000403355489,-14.000040335548874,-1.5618415619506867,0,0.007567345006594005,,N
WeldingTest_02_OK,2022-02-11 14:34:53.154,13,30,19.4,38,650,682,0,688.0006063384444,-6.000606338444413,-2.0192654454897943,0,0.018679561201894783,,N
WeldingTest_02_OK,2022-02-11 14:34:54.852,14,30,19.4,38,650,682,0,688.0006063384444,-6.000606338444413,-2.0192654454897943,0,0.018679561201894783,,N
WeldingTest_02_OK,2022-02-11 14:34:57.792,15,30,19.4,38,650,682,0,688.0006063384444,-6.000606338444413,-2.0192654454897943,0,0.018679561201894783,,N
WeldingTest_02_OK,2022-02-11 14:35:01.206,16,30,19.4,38,650,682,0,688.0006063384444,-6.000606338444413,-2.0192654454897943,0,0.018679561201894783,,N
WeldingTest_02_OK,2022-02-11 14:35:02.964,17,30,19.4,38,650,682,0,688.0006063384444,-6.000606338444413,-2.0192654454897943,0,0.018679561201894783,,N
WeldingTest_02_OK,2022-02-11 14:35:04.668,18,30,19.4,38,650,682,0,688.0006063384444,-6.000606338444413,-2.0192654454897943,0,0.018679561201894783,,N
WeldingTest_02_OK,2022-02-11 14:35:25.446,19,250,241.1,83,1670,1692,0,1707.000103955623,-15.00010395562299,-1.6795505863169098,0,0.009556807093015852,,N
WeldingTest_02_OK,2022-02-11 14:35:28.124,20,250,241.2,82,1154,1674,0,1689.0001549203207,-15.00015492032071,-1.8627885077500876,0,0.013728970160715663,,N
WeldingTest_02_OK,2022-02-11 14:35:31.618,21,250,241.1,83,1670,1697,0,1712.3737369702349,-15.373736970234859,-1.723527766106446,0,0.010426282629246476,,N
WeldingTest_02_OK,2022-02-11 14:35:34.248,22,250,241.2,82,1154,1677,0,1692.099787412438,-15.09978741243799,-1.8754281645543143,0,0.01407550570912607,,N
WeldingTest_02_OK,2022-02-11 14:35:37.738,23,250,241.1,83,1670,1699,0,1714.000016164169,-15.000016164168983,-1.679540253127909,0,0.009556611477923933,,N
WeldingTest_02_OK,2022-02-11 14:35:40.387,24,250,241.2,82,1154,1678,0,1693.9999960126588,-15.999996012658812,-1.989631147107542,0,0.017623563912780586,,N
WeldingTest_02_OK,2022-02-11 14:35:46.839,25,250,241.1,83,1670,1697,0,1712.9966966279746,-15.996696627974643,-1.7968510748041786,0,0.012053209703825838,,N
WeldingTest_02_OK,2022-02-11 14:35:49.483,26,250,241.2,82,1154,1678,0,1693.0000140611949,-15.000014061194861,-1.862770637967142,0,0.013728486238050749,,N
WeldingTest_02_OK,2022-02-11 14:35:52.909,27,250,241.1,83,1670,1700,0,1716.0029705464842,-16.00297054648422,-1.7975895246506601,0,0.012070809201601864,,N
WeldingTest_02_OK,2022-02-11 14:35:55.587,28,250,241.2,82,1154,1679,0,1694.999985710131,-15.999985710131114,-1.9896298401000434,0,0.01762351865646421,,N
WeldingTest_02_OK,2022-02-11 14:35:59.135,29,250,241.1,83,1670,1702,0,1716.999967777064,-14.999967777064057,-1.6795345578913279,0,0.00955650366447817,,N
WeldingTest_02_OK,2022-02-11 14:36:01.759,30,250,241.2,82,1154,1682,0,1696.988693652646,-14.988693652645907,-1.861334499254743,0,0.013689649828684303,,N
WeldingTest_02_OK,2022-02-11 14:36:06.203,31,30,19.4,38,650,682,0,688.0006063384444,-6.000606338444413,-2.0192654454897943,0,0.018679561201894783,,N
WeldingTest_02_OK,2022-02-11 14:36:07.715,32,30,19.4,38,650,682,0,688.0006063384444,-6.000606338444413,-2.0192654454897943,0,0.018679561201894783,,N
WeldingTest_02_OK,2022-02-11 14:36:10.805,33,30,19.4,38,650,682,0,688.0006063384444,-6.000606338444413,-2.0192654454897943,0,0.018679561201894783,,N
WeldingTest_02_OK,2022-02-11 14:36:12.607,34,30,19.4,38,650,682,0,688.0006063384444,-6.000606338444413,-2.0192654454897943,0,0.018679561201894783,,N
WeldingTest_02_OK,2022-02-11 14:36:16.119,35,30,19.4,38,650,682,0,688.0006063384444,-6.000606338444413,-2.0192654454897943,0,0.018679561201894783,,N
WeldingTest_02_OK,2022-02-11 14:36:17.799,36,30,19.4,38,650,682,0,688.0006063384444,-6.000606338444413,-2.0192654454897943,0,0.018679561201894783,,N
WeldingTest_02_OK,2022-02-11 14:36:19.605,37,30,19.4,38,650,682,0,688.0006063384444,-6.000606338444413,-2.0192654454897943,0,0.018679561201894783,,N
WeldingTest_02_OK,2022-02-11 14:36:22.611,38,30,19.4,38,650,682,0,688.0006063384444,-6.000606338444413,-2.0192654454897943,0,0.018679561201894783,,N
WeldingTest_02_OK,2022-02-11 14:36:24.157,39,30,19.4,38,650,682,0,688.0006063384444,-6.000606338444413,-2.0192654454897943,0,0.018679561201894783,,N
WeldingTest_02_OK,2022-02-11 14:43:21.104,1,250,241.1,82,1154,1661,0,1679.3760170564362,-18.37601705643624,-2.291059826795843,0,0.031741308764891174,,N
WeldingTest_02_OK,2022-02-11 14:43:24.414,2,250,241.2,83,1670,1685,0,1704.5159551916302,-19.515955191630155,-2.2110732139813494,0,0.02717640658643964,,N
WeldingTest_02_OK,2022-02-11 14:43:27.232,3,250,241.1,82,1153,1667,0,1687.0000658542688,-20.00006585426877,-2.4970912027224483,0,0.04716374458367817,,N
WeldingTest_02_OK,2022-02-11 14:43:30.522,4,250,241.2,83,1670,1690,0,1708.9999966770276,-18.99999667702764,-2.150344104204507,0,0.024143230529360713,,N
WeldingTest_02_OK,2022-02-11 14:43:33.364,5,250,241.1,82,1154,1670,0,1689.0246460370001,-19.02464603700014,-2.3733467146712606,0,0.03720825199081969,,N
WeldingTest_02_OK,2022-02-11 14:43:36.594,6,250,241.2,83,1670,1694,0,1712.029134968304,-18.029134968304106,-2.0360721896638077,0,0.019305790508210408,,N
WeldingTest_02_OK,2022-02-11 14:43:42.382,7,250,241.1,82,1153,1669,0,1687.9999985928248,-18.999998592824795,-2.3702198709192146,0,0.036984868387859825,,N
WeldingTest_02_OK,2022-02-11 14:43:45.674,8,250,241.2,83,1670,1694,0,1711.9999942256752,-17.99999422567521,-2.032642279490793,0,0.019176340368008915,,N
WeldingTest_02_OK,2022-02-11 14:43:48.426,9,250,241.1,82,1154,1673,0,1692.000000006275,-19.00000000627506,-2.370220050233471,0,0.03698488116112934,,N
WeldingTest_02_OK,2022-02-11 14:43:51.674,10,250,241.2,83,1670,1697,0,1714.011058058723,-17.011058058722938,-1.9162429734508457,0,0.015254419446737236,,N
WeldingTest_02_OK,2022-02-11 14:43:54.422,11,250,241.1,82,1154,1675,0,1693.077006948619,-18.0770069486191,-2.2531265676402397,0,0.029490675990642055,,N
WeldingTest_02_OK,2022-02-11 14:43:57.706,12,250,241.2,83,1670,1698,0,1716.0000403355489,-18.000040335548874,-2.0326477066937563,0,0.019176544525344244,,N
WeldingTest_02_OK,2022-02-11 14:44:02.260,13,30,19.4,38,650,682,0,688.0006063384444,-6.000606338444413,-2.0192654454897943,0,0.018679561201894783,,N
WeldingTest_02_OK,2022-02-11 14:44:04.014,14,30,19.4,38,650,680,0,688.0006063384444,-8.000606338444413,-2.6923538592998333,0,0.06816069625925017,,N
WeldingTest_02_OK,2022-02-11 14:44:06.956,15,30,19.4,38,650,680,0,688.0006063384444,-8.000606338444413,-2.6923538592998333,0,0.06816069625925017,,N
WeldingTest_02_OK,2022-02-11 14:44:10.302,16,30,19.4,38,650,680,0,688.0006063384444,-8.000606338444413,-2.6923538592998333,0,0.06816069625925017,,N
WeldingTest_02_OK,2022-02-11 14:44:12.088,17,30,19.4,38,650,680,0,688.0006063384444,-8.000606338444413,-2.6923538592998333,0,0.06816069625925017,,N
WeldingTest_02_OK,2022-02-11 14:44:13.782,18,30,19.4,38,650,680,0,688.0006063384444,-8.000606338444413,-2.6923538592998333,0,0.06816069625925017,,N
WeldingTest_02_OK,2022-02-11 14:44:34.316,19,250,241.1,83,1670,1689,0,1707.000103955623,-18.00010395562299,-2.032655194874212,0,0.01917682621481966,,N
WeldingTest_02_OK,2022-02-11 14:44:36.998,20,250,241.2,82,1154,1671,0,1689.0001549203207,-18.00015492032071,-2.243376904234682,0,0.028937677297542166,,N
WeldingTest_02_OK,2022-02-11 14:44:40.516,21,250,241.1,83,1670,1695,0,1712.3737369702349,-17.37373697023486,-1.9589308384779809,0,0.01659143080875386,,N
WeldingTest_02_OK,2022-02-11 14:44:43.188,22,250,241.2,82,1154,1674,0,1692.099787412438,-18.09978741243799,-2.2560165610389085,0,0.02965655550795212,,N
WeldingTest_02_OK,2022-02-11 14:44:46.706,23,250,241.1,83,1670,1698,0,1714.000016164169,-16.000016164168983,-1.7972417893136765,0,0.012062518454672457,,N
WeldingTest_02_OK,2022-02-11 14:44:49.372,24,250,241.2,82,1154,1677,0,1693.9999960126588,-16.999996012658812,-2.11649394593574,0,0.02259854150294162,,N
WeldingTest_02_OK,2022-02-11 14:44:55.758,25,250,241.1,83,1670,1695,0,1712.9966966279746,-17.996696627974643,-2.0322541471757134,0,0.019161745358881054,,N
WeldingTest_02_OK,2022-02-11 14:44:58.350,26,250,241.2,82,1154,1677,0,1693.0000140611949,-16.00001406119486,-1.98963343679534,0,0.017623643195565915,,N
WeldingTest_02_OK,2022-02-11 14:45:01.822,27,250,241.1,83,1670,1699,0,1716.0029705464842,-17.00297054648422,-1.9152910608364275,0,0.015225847090383205,,N
WeldingTest_02_OK,2022-02-11 14:45:04.470,28,250,241.2,82,1154,1678,0,1694.999985710131,-16.999985710131114,-2.1164926389282415,0,0.022598483765049245,,N
WeldingTest_02_OK,2022-02-11 14:45:07.934,29,250,241.1,83,1670,1700,0,1716.999967777064,-16.999967777064057,-1.9149376302628627,0,0.015215252030760974,,N
WeldingTest_02_OK,2022-02-11 14:45:10.574,30,250,241.2,82,1154,1679,0,1696.988693652646,-17.988693652645907,-2.241922895739337,0,0.02885607302592614,,N
WeldingTest_02_OK,2022-02-11 14:45:15.112,31,30,19.4,38,650,682,0,688.0006063384444,-6.000606338444413,-2.0192654454897943,0,0.018679561201894783,,N
WeldingTest_02_OK,2022-02-11 14:45:16.636,32,30,19.4,38,650,682,0,688.0006063384444,-6.000606338444413,-2.0192654454897943,0,0.018679561201894783,,N
WeldingTest_02_OK,2022-02-11 14:45:19.744,33,30,19.4,38,650,682,0,688.0006063384444,-6.000606338444413,-2.0192654454897943,0,0.018679561201894783,,N
WeldingTest_02_OK,2022-02-11 14:45:21.478,34,30,19.4,38,650,682,0,688.0006063384444,-6.000606338444413,-2.0192654454897943,0,0.018679561201894783,,N
WeldingTest_02_OK,2022-02-11 14:45:24.928,35,30,19.4,38,650,682,0,688.0006063384444,-6.000606338444413,-2.0192654454897943,0,0.018679561201894783,,N
WeldingTest_02_OK,2022-02-11 14:45:26.642,36,30,19.4,38,650,682,0,688.0006063384444,-6.000606338444413,-2.0192654454897943,0,0.018679561201894783,,N
WeldingTest_02_OK,2022-02-11 14:45:28.358,37,30,19.4,38,650,682,0,688.0006063384444,-6.000606338444413,-2.0192654454897943,0,0.018679561201894783,,N
WeldingTest_02_OK,2022-02-11 14:45:31.364,38,30,19.4,38,650,682,0,688.0006063384444,-6.000606338444413,-2.0192654454897943,0,0.018679561201894783,,N
WeldingTest_02_OK,2022-02-11 14:45:32.856,39,30,19.4,38,650,682,0,688.0006063384444,-6.000606338444413,-2.0192654454897943,0,0.018679561201894783,,N
WeldingTest_02_OK,2022-02-11 14:46:19.896,1,250,241.1,82,1154,1665,0,1679.3760170564362,-14.37601705643624,-1.7836086314830508,0,0.011741871224911007,,N
WeldingTest_02_OK,2022-02-11 14:46:23.190,2,250,241.2,83,1670,1692,0,1704.5159551916302,-12.515955191630155,-1.3871624606809778,0,0.005347974410351919,,N
WeldingTest_02_OK,2022-02-11 14:46:25.948,3,250,241.1,82,1153,1671,0,1687.0000658542688,-16.00006585426877,-1.9896400074096559,0,0.017623870711761705,,N
WeldingTest_02_OK,2022-02-11 14:46:29.168,4,250,241.2,83,1670,1695,0,1708.9999966770276,-13.999996677027639,-1.5618364232756696,0,0.007567267823260635,,N
WeldingTest_02_OK,2022-02-11 14:46:31.930,5,250,241.1,82,1154,1674,0,1689.0246460370001,-15.024646037000139,-1.8658955193584679,0,0.013813365798905075,,N
WeldingTest_02_OK,2022-02-11 14:46:35.180,6,250,241.2,83,1670,1698,0,1712.029134968304,-14.029134968304106,-1.5652660449207383,0,0.00761895515219327,,N
WeldingTest_02_OK,2022-02-11 14:46:40.958,7,250,241.1,82,1153,1673,0,1687.9999985928248,-14.999998592824795,-1.8627686756064221,0,0.013728433097365383,,N
WeldingTest_02_OK,2022-02-11 14:46:44.184,8,250,241.2,83,1670,1698,0,1711.9999942256752,-13.99999422567521,-1.561836134747723,0,0.007567263489569633,,N
WeldingTest_02_OK,2022-02-11 14:46:46.970,9,250,241.1,82,1154,1677,0,1692.000000006275,-15.000000006275059,-1.8627688549206785,0,0.01372843795318309,,N
WeldingTest_02_OK,2022-02-11 14:46:50.182,10,250,241.2,83,1670,1700,0,1714.011058058723,-14.011058058722938,-1.5631383648935435,0,0.0075868480929979125,,N
WeldingTest_02_OK,2022-02-11 14:46:52.932,11,250,241.1,82,1154,1679,0,1693.077006948619,-14.0770069486191,-1.7456753723274472,0,0.010893354259789748,,N
WeldingTest_02_OK,2022-02-11 14:46:56.212,12,250,241.2,83,1670,1702,0,1716.0000403355489,-14.000040335548874,-1.5618415619506867,0,0.007567345006594005,,N
WeldingTest_02_OK,2022-02-11 14:47:00.772,13,30,19.4,38,650,682,0,688.0006063384444,-6.000606338444413,-2.0192654454897943,0,0.018679561201894783,,N
WeldingTest_02_OK,2022-02-11 14:47:02.426,14,30,19.4,38,650,682,0,688.0006063384444,-6.000606338444413,-2.0192654454897943,0,0.018679561201894783,,N
WeldingTest_02_OK,2022-02-11 14:47:05.392,15,30,19.4,38,650,682,0,688.0006063384444,-6.000606338444413,-2.0192654454897943,0,0.018679561201894783,,N
WeldingTest_02_OK,2022-02-11 14:47:08.780,16,30,19.4,38,650,682,0,688.0006063384444,-6.000606338444413,-2.0192654454897943,0,0.018679561201894783,,N
WeldingTest_02_OK,2022-02-11 14:47:10.458,17,30,19.4,38,650,682,0,688.0006063384444,-6.000606338444413,-2.0192654454897943,0,0.018679561201894783,,N
WeldingTest_02_OK,2022-02-11 14:47:12.192,18,30,19.4,38,650,682,0,688.0006063384444,-6.000606338444413,-2.0192654454897943,0,0.018679561201894783,,N
WeldingTest_02_OK,2022-02-11 14:47:33.806,19,250,241.1,83,1670,1692,0,1707.000103955623,-15.00010395562299,-1.6795505863169098,0,0.009556807093015852,,N
WeldingTest_02_OK,2022-02-11 14:47:36.520,20,250,241.2,82,1154,1674,0,1689.0001549203207,-15.00015492032071,-1.8627885077500876,0,0.013728970160715663,,N
WeldingTest_02_OK,2022-02-11 14:47:39.984,21,250,241.1,83,1670,1697,0,1712.3737369702349,-15.373736970234859,-1.723527766106446,0,0.010426282629246476,,N
WeldingTest_02_OK,2022-02-11 14:47:42.654,22,250,241.2,82,1154,1677,0,1692.099787412438,-15.09978741243799,-1.8754281645543143,0,0.01407550570912607,,N
WeldingTest_02_OK,2022-02-11 14:47:46.128,23,250,241.1,83,1670,1699,0,1714.000016164169,-15.000016164168983,-1.679540253127909,0,0.009556611477923933,,N
WeldingTest_02_OK,2022-02-11 14:47:48.796,24,250,241.2,82,1154,1678,0,1693.9999960126588,-15.999996012658812,-1.989631147107542,0,0.017623563912780586,,N
WeldingTest_02_OK,2022-02-11 14:47:55.392,25,250,241.1,83,1670,1697,0,1712.9966966279746,-15.996696627974643,-1.7968510748041786,0,0.012053209703825838,,N
WeldingTest_02_OK,2022-02-11 14:47:58.080,26,250,241.2,82,1154,1678,0,1693.0000140611949,-15.000014061194861,-1.862770637967142,0,0.013728486238050749,,N
WeldingTest_02_OK,2022-02-11 14:48:01.540,27,250,241.1,83,1670,1700,0,1716.0029705464842,-16.00297054648422,-1.7975895246506601,0,0.012070809201601864,,N
WeldingTest_02_OK,2022-02-11 14:48:04.236,28,250,241.2,82,1154,1679,0,1694.999985710131,-15.999985710131114,-1.9896298401000434,0,0.01762351865646421,,N
WeldingTest_02_OK,2022-02-11 14:48:07.790,29,250,241.1,83,1670,1702,0,1716.999967777064,-14.999967777064057,-1.6795345578913279,0,0.00955650366447817,,N
WeldingTest_02_OK,2022-02-11 14:48:10.328,30,250,241.2,82,1154,1680,0,1696.988693652646,-16.988693652645907,-2.1150600969111393,0,0.02253528686764939,,N
WeldingTest_02_OK,2022-02-11 14:48:14.826,31,30,19.4,38,650,682,0,688.0006063384444,-6.000606338444413,-2.0192654454897943,0,0.018679561201894783,,N
WeldingTest_02_OK,2022-02-11 14:48:16.346,32,30,19.4,38,650,682,0,688.0006063384444,-6.000606338444413,-2.0192654454897943,0,0.018679561201894783,,N
WeldingTest_02_OK,2022-02-11 14:48:19.434,33,30,19.4,38,650,682,0,688.0006063384444,-6.000606338444413,-2.0192654454897943,0,0.018679561201894783,,N
WeldingTest_02_OK,2022-02-11 14:48:21.182,34,30,19.4,38,650,682,0,688.0006063384444,-6.000606338444413,-2.0192654454897943,0,0.018679561201894783,,N
WeldingTest_02_OK,2022-02-11 14:48:24.624,35,30,19.4,38,650,682,0,688.0006063384444,-6.000606338444413,-2.0192654454897943,0,0.018679561201894783,,N
WeldingTest_02_OK,2022-02-11 14:48:26.346,36,30,19.4,38,650,682,0,688.0006063384444,-6.000606338444413,-2.0192654454897943,0,0.018679561201894783,,N
WeldingTest_02_OK,2022-02-11 14:48:28.050,37,30,19.4,38,650,682,0,688.0006063384444,-6.000606338444413,-2.0192654454897943,0,0.018679561201894783,,N
WeldingTest_02_OK,2022-02-11 14:48:31.048,38,30,19.4,38,650,682,0,688.0006063384444,-6.000606338444413,-2.0192654454897943,0,0.018679561201894783,,N
WeldingTest_02_OK,2022-02-11 14:48:32.550,39,30,19.4,38,650,682,0,688.0006063384444,-6.000606338444413,-2.0192654454897943,0,0.018679561201894783,,N
WeldingTest_02_OK,2022-02-11 14:49:19.354,1,250,241.1,82,1154,1666,0,1679.3760170564362,-13.37601705643624,-1.6567458326548528,0,0.009134608750412332,,N
WeldingTest_02_OK,2022-02-11 14:49:22.584,2,250,241.2,83,1670,1692,0,1704.5159551916302,-12.515955191630155,-1.3871624606809778,0,0.005347974410351919,,N
WeldingTest_02_OK,2022-02-11 14:49:25.338,3,250,241.1,82,1153,1673,0,1687.0000658542688,-14.000065854268769,-1.7359144097532597,0,0.010685007560108224,,N
WeldingTest_02_OK,2022-02-11 14:49:28.570,4,250,241.2,83,1670,1697,0,1708.9999966770276,-11.999996677027639,-1.3264333509041348,0,0.004739214952482194,,N
WeldingTest_02_OK,2022-02-11 14:49:31.366,5,250,241.1,82,1154,1675,0,1689.0246460370001,-14.024646037000139,-1.7390327205302698,0,0.010751135463666081,,N
WeldingTest_02_OK,2022-02-11 14:49:34.662,6,250,241.2,83,1670,1698,0,1712.029134968304,-14.029134968304106,-1.5652660449207383,0,0.00761895515219327,,N
WeldingTest_02_OK,2022-02-11 14:49:40.392,7,250,241.1,82,1153,1673,0,1687.9999985928248,-14.999998592824795,-1.8627686756064221,0,0.013728433097365383,,N
WeldingTest_02_OK,2022-02-11 14:49:43.776,8,250,241.2,83,1670,1698,0,1711.9999942256752,-13.99999422567521,-1.561836134747723,0,0.007567263489569633,,N
WeldingTest_02_OK,2022-02-11 14:49:46.530,9,250,241.1,82,1154,1677,0,1692.000000006275,-15.000000006275059,-1.8627688549206785,0,0.01372843795318309,,N
WeldingTest_02_OK,2022-02-11 14:49:49.789,10,250,241.2,83,1670,1700,0,1714.011058058723,-14.011058058722938,-1.5631383648935435,0,0.0075868480929979125,,N
WeldingTest_02_OK,2022-02-11 14:49:52.637,11,250,241.1,82,1154,1678,0,1693.077006948619,-15.0770069486191,-1.8725381711556455,0,0.013995519477128947,,N
WeldingTest_02_OK,2022-02-11 14:49:55.935,12,250,241.2,83,1670,1702,0,1716.0000403355489,-14.000040335548874,-1.5618415619506867,0,0.007567345006594005,,N
WeldingTest_02_OK,2022-02-11 14:50:00.461,13,30,19.4,38,650,682,0,688.0006063384444,-6.000606338444413,-2.0192654454897943,0,0.018679561201894783,,N
WeldingTest_02_OK,2022-02-11 14:50:02.157,14,30,19.4,38,650,682,0,688.0006063384444,-6.000606338444413,-2.0192654454897943,0,0.018679561201894783,,N
WeldingTest_02_OK,2022-02-11 14:50:05.077,15,30,19.4,38,650,682,0,688.0006063384444,-6.000606338444413,-2.0192654454897943,0,0.018679561201894783,,N
WeldingTest_02_OK,2022-02-11 14:50:08.507,16,30,19.4,38,650,682,0,688.0006063384444,-6.000606338444413,-2.0192654454897943,0,0.018679561201894783,,N
WeldingTest_02_OK,2022-02-11 14:50:10.255,17,30,19.4,38,650,682,0,688.0006063384444,-6.000606338444413,-2.0192654454897943,0,0.018679561201894783,,N
WeldingTest_02_OK,2022-02-11 14:50:11.933,18,30,19.4,38,650,682,0,688.0006063384444,-6.000606338444413,-2.0192654454897943,0,0.018679561201894783,,N
WeldingTest_02_OK,2022-02-11 14:50:33.367,19,250,241.1,83,1670,1692,0,1707.000103955623,-15.00010395562299,-1.6795505863169098,0,0.009556807093015852,,N
WeldingTest_02_OK,2022-02-11 14:50:35.961,20,250,241.2,82,1154,1674,0,1689.0001549203207,-15.00015492032071,-1.8627885077500876,0,0.013728970160715663,,N
WeldingTest_02_OK,2022-02-11 14:50:39.399,21,250,241.1,83,1670,1697,0,1712.3737369702349,-15.373736970234859,-1.723527766106446,0,0.010426282629246476,,N
WeldingTest_02_OK,2022-02-11 14:50:42.063,22,250,241.2,82,1154,1677,0,1692.099787412438,-15.09978741243799,-1.8754281645543143,0,0.01407550570912607,,N
WeldingTest_02_OK,2022-02-11 14:50:45.507,23,250,241.1,83,1670,1699,0,1714.000016164169,-15.000016164168983,-1.679540253127909,0,0.009556611477923933,,N
WeldingTest_02_OK,2022-02-11 14:50:48.155,24,250,241.2,82,1154,1679,0,1693.9999960126588,-14.999996012658812,-1.862768348279344,0,0.013728424233375001,,N
WeldingTest_02_OK,2022-02-11 14:50:54.769,25,250,241.1,83,1670,1697,0,1712.9966966279746,-15.996696627974643,-1.7968510748041786,0,0.012053209703825838,,N
WeldingTest_02_OK,2022-02-11 14:50:57.373,26,250,241.2,82,1154,1678,0,1693.0000140611949,-15.000014061194861,-1.862770637967142,0,0.013728486238050749,,N
WeldingTest_02_OK,2022-02-11 14:51:00.809,27,250,241.1,83,1670,1700,0,1716.0029705464842,-16.00297054648422,-1.7975895246506601,0,0.012070809201601864,,N
WeldingTest_02_OK,2022-02-11 14:51:03.465,28,250,241.2,82,1154,1680,0,1694.999985710131,-14.999985710131114,-1.8627670412718451,0,0.013728388839775599,,N
WeldingTest_02_OK,2022-02-11 14:51:06.945,29,250,241.1,83,1670,1702,0,1716.999967777064,-14.999967777064057,-1.6795345578913279,0,0.00955650366447817,,N
WeldingTest_02_OK,2022-02-11 14:51:09.583,30,250,241.2,82,1154,1682,0,1696.988693652646,-14.988693652645907,-1.861334499254743,0,0.013689649828684303,,N
WeldingTest_02_OK,2022-02-11 14:51:14.127,31,30,19.4,38,650,682,0,688.0006063384444,-6.000606338444413,-2.0192654454897943,0,0.018679561201894783,,N
WeldingTest_02_OK,2022-02-11 14:51:15.639,32,30,19.4,38,650,682,0,688.0006063384444,-6.000606338444413,-2.0192654454897943,0,0.018679561201894783,,N
WeldingTest_02_OK,2022-02-11 14:51:18.707,33,30,19.4,38,650,682,0,688.0006063384444,-6.000606338444413,-2.0192654454897943,0,0.018679561201894783,,N
WeldingTest_02_OK,2022-02-11 14:51:20.491,34,30,19.4,38,650,682,0,688.0006063384444,-6.000606338444413,-2.0192654454897943,0,0.018679561201894783,,N
WeldingTest_02_OK,2022-02-11 14:51:24.023,35,30,19.4,38,650,682,0,688.0006063384444,-6.000606338444413,-2.0192654454897943,0,0.018679561201894783,,N
WeldingTest_02_OK,2022-02-11 14:51:25.753,36,30,19.4,38,650,682,0,688.0006063384444,-6.000606338444413,-2.0192654454897943,0,0.018679561201894783,,N
WeldingTest_02_OK,2022-02-11 14:51:27.455,37,30,19.4,38,650,682,0,688.0006063384444,-6.000606338444413,-2.0192654454897943,0,0.018679561201894783,,N
WeldingTest_02_OK,2022-02-11 14:51:30.391,38,30,19.4,38,650,682,0,688.0006063384444,-6.000606338444413,-2.0192654454897943,0,0.018679561201894783,,N
WeldingTest_02_OK,2022-02-11 14:51:31.919,39,30,19.4,38,650,682,0,688.0006063384444,-6.000606338444413,-2.0192654454897943,0,0.018679561201894783,,N
WeldingTest_02_OK,2022-02-11 16:11:06.260,1,250,241.1,82,1154,1658,0,1679.3760170564362,-21.37601705643624,-2.6716482232804375,0,0.06557703972823868,,N
WeldingTest_02_OK,2022-02-11 16:11:09.558,2,250,241.2,83,1670,1685,0,1704.5159551916302,-19.515955191630155,-2.2110732139813494,0,0.02717640658643964,,N
WeldingTest_02_OK,2022-02-11 16:11:12.396,3,250,241.1,82,1153,1666,0,1687.0000658542688,-21.00006585426877,-2.6239540015506466,0,0.05996861071980792,,N
WeldingTest_02_OK,2022-02-11 16:11:15.676,4,250,241.2,83,1670,1690,0,1708.9999966770276,-18.99999667702764,-2.150344104204507,0,0.024143230529360713,,N
WeldingTest_02_OK,2022-02-11 16:11:18.476,5,250,241.1,82,1154,1669,0,1689.0246460370001,-20.02464603700014,-2.5002095134994584,0,0.047444807008064215,,N
WeldingTest_02_OK,2022-02-11 16:11:21.744,6,250,241.2,83,1670,1693,0,1712.029134968304,-19.029134968304106,-2.1537737258495753,0,0.024305365173372517,,N
WeldingTest_02_OK,2022-02-11 16:11:27.434,7,250,241.1,82,1153,1667,0,1687.9999985928248,-20.999998592824795,-2.6239454685756107,0,0.05996764867887055,,N
WeldingTest_02_OK,2022-02-11 16:11:30.660,8,250,241.2,83,1670,1693,0,1711.9999942256752,-18.99999422567521,-2.15034381567656,0,0.024143216933734307,,N
WeldingTest_02_OK,2022-02-11 16:11:33.422,9,250,241.1,82,1154,1673,0,1692.000000006275,-19.00000000627506,-2.370220050233471,0,0.03698488116112934,,N
WeldingTest_02_OK,2022-02-11 16:11:36.648,10,250,241.2,83,1670,1695,0,1714.011058058723,-19.011058058722938,-2.1516460458223805,0,0.02420465496536864,,N
WeldingTest_02_OK,2022-02-11 16:11:39.372,11,250,241.1,82,1154,1674,0,1693.077006948619,-19.0770069486191,-2.379989366468438,0,0.03768711921269214,,N
WeldingTest_02_OK,2022-02-11 16:11:42.684,12,250,241.2,83,1670,1697,0,1716.0000403355489,-19.000040335548874,-2.150349242879524,0,0.024143472668354093,,N
WeldingTest_02_OK,2022-02-11 16:11:47.210,13,30,19.4,38,650,680,0,688.0006063384444,-8.000606338444413,-2.6923538592998333,0,0.06816069625925017,,N
WeldingTest_02_OK,2022-02-11 16:11:48.928,14,30,19.4,38,650,680,0,688.0006063384444,-8.000606338444413,-2.6923538592998333,0,0.06816069625925017,,N
WeldingTest_02_OK,2022-02-11 16:11:51.848,15,30,19.4,38,650,680,0,688.0006063384444,-8.000606338444413,-2.6923538592998333,0,0.06816069625925017,,N
WeldingTest_02_OK,2022-02-11 16:11:55.174,16,30,19.4,38,650,680,0,688.0006063384444,-8.000606338444413,-2.6923538592998333,0,0.06816069625925017,,N
WeldingTest_02_OK,2022-02-11 16:11:56.954,17,30,19.4,38,650,680,0,688.0006063384444,-8.000606338444413,-2.6923538592998333,0,0.06816069625925017,,N
WeldingTest_02_OK,2022-02-11 16:11:58.740,18,30,19.4,38,650,680,0,688.0006063384444,-8.000606338444413,-2.6923538592998333,0,0.06816069625925017,,N
WeldingTest_02_OK,2022-02-11 16:12:19.242,19,250,241.1,83,1670,1688,0,1707.000103955623,-19.00010395562299,-2.150356731059979,0,0.024143825522399364,,N
WeldingTest_02_OK,2022-02-11 16:12:21.836,20,250,241.2,82,1154,1670,0,1689.0001549203207,-19.00015492032071,-2.37023970306288,0,0.036986281136246864,,N
WeldingTest_02_OK,2022-02-11 16:12:25.248,21,250,241.1,83,1670,1694,0,1712.3737369702349,-18.37373697023486,-2.076632374663748,0,0.020903056861040756,,N
WeldingTest_02_OK,2022-02-11 16:12:27.942,22,250,241.2,82,1154,1674,0,1692.099787412438,-18.09978741243799,-2.2560165610389085,0,0.02965655550795212,,N
WeldingTest_02_OK,2022-02-11 16:12:31.478,23,250,241.1,83,1670,1697,0,1714.000016164169,-17.000016164168983,-1.914943325499444,0,0.015215422703684443,,N
WeldingTest_02_OK,2022-02-11 16:12:34.142,24,250,241.2,82,1154,1675,0,1693.9999960126588,-18.999996012658812,-2.3702195435921363,0,0.036984845071057725,,N
WeldingTest_02_OK,2022-02-11 16:12:40.552,25,250,241.1,83,1670,1694,0,1712.9966966279746,-18.996696627974643,-2.1499556833614806,0,0.02412493464331068,,N
WeldingTest_02_OK,2022-02-11 16:12:43.174,26,250,241.2,82,1154,1675,0,1693.0000140611949,-18.00001406119486,-2.2433590344517365,0,0.028936673022350638,,N
WeldingTest_02_OK,2022-02-11 16:12:46.688,27,250,241.1,83,1670,1698,0,1716.0029705464842,-18.00297054648422,-2.032992597022195,0,0.019189522778869695,,N
WeldingTest_02_OK,2022-02-11 16:12:49.360,28,250,241.2,82,1154,1677,0,1694.999985710131,-17.999985710131114,-2.2433554377564398,0,0.028936470893493303,,N
WeldingTest_02_OK,2022-02-11 16:12:52.870,29,250,241.1,83,1670,1699,0,1716.999967777064,-17.999967777064057,-2.03263916644863,0,0.019176223264377925,,N
WeldingTest_02_OK,2022-02-11 16:12:55.532,30,250,241.2,82,1154,1679,0,1696.988693652646,-17.988693652645907,-2.241922895739337,0,0.02885607302592614,,N
WeldingTest_02_OK,2022-02-11 16:12:59.778,31,30,19.4,38,650,682,0,688.0006063384444,-6.000606338444413,-2.0192654454897943,0,0.018679561201894783,,N
WeldingTest_02_OK,2022-02-11 16:13:01.324,32,30,19.4,38,650,682,0,688.0006063384444,-6.000606338444413,-2.0192654454897943,0,0.018679561201894783,,N
WeldingTest_02_OK,2022-02-11 16:13:04.400,33,30,19.4,38,650,682,0,688.0006063384444,-6.000606338444413,-2.0192654454897943,0,0.018679561201894783,,N
WeldingTest_02_OK,2022-02-11 16:13:06.134,34,30,19.4,38,650,682,0,688.0006063384444,-6.000606338444413,-2.0192654454897943,0,0.018679561201894783,,N
WeldingTest_02_OK,2022-02-11 16:13:09.586,35,30,19.4,38,650,682,0,688.0006063384444,-6.000606338444413,-2.0192654454897943,0,0.018679561201894783,,N
WeldingTest_02_OK,2022-02-11 16:13:11.304,36,30,19.4,38,650,682,0,688.0006063384444,-6.000606338444413,-2.0192654454897943,0,0.018679561201894783,,N
WeldingTest_02_OK,2022-02-11 16:13:13.026,37,30,19.4,38,650,680,0,688.0006063384444,-8.000606338444413,-2.6923538592998333,0,0.06816069625925017,,N
WeldingTest_02_OK,2022-02-11 16:13:16.018,38,30,19.4,38,650,682,0,688.0006063384444,-6.000606338444413,-2.0192654454897943,0,0.018679561201894783,,N
WeldingTest_02_OK,2022-02-11 16:13:17.522,39,30,19.4,38,650,680,0,688.0006063384444,-8.000606338444413,-2.6923538592998333,0,0.06816069625925017,,N
WeldingTest_02_OK,2022-02-11 16:14:05.062,1,250,241.1,82,1154,1665,0,1679.3760170564362,-14.37601705643624,-1.7836086314830508,0,0.011741871224911007,,N
WeldingTest_02_OK,2022-02-11 16:14:08.382,2,250,241.2,83,1670,1690,0,1704.5159551916302,-14.515955191630155,-1.6225655330525126,0,0.00853617934236074,,N
WeldingTest_02_OK,2022-02-11 16:14:11.160,3,250,241.1,82,1153,1671,0,1687.0000658542688,-16.00006585426877,-1.9896400074096559,0,0.017623870711761705,,N
WeldingTest_02_OK,2022-02-11 16:14:14.550,4,250,241.2,83,1670,1695,0,1708.9999966770276,-13.999996677027639,-1.5618364232756696,0,0.007567267823260635,,N
WeldingTest_02_OK,2022-02-11 16:14:17.396,5,250,241.1,82,1154,1674,0,1689.0246460370001,-15.024646037000139,-1.8658955193584679,0,0.013813365798905075,,N
WeldingTest_02_OK,2022-02-11 16:14:20.648,6,250,241.2,83,1670,1697,0,1712.029134968304,-15.029134968304106,-1.6829675811065057,0,0.009621711333202183,,N
WeldingTest_02_OK,2022-02-11 16:14:26.350,7,250,241.1,82,1153,1671,0,1687.9999985928248,-16.999998592824795,-2.1164942732628185,0,0.022598555962847263,,N
WeldingTest_02_OK,2022-02-11 16:14:29.648,8,250,241.2,83,1670,1697,0,1711.9999942256752,-14.99999422567521,-1.6795376709334904,0,0.009556562595647659,,N
WeldingTest_02_OK,2022-02-11 16:14:32.422,9,250,241.1,82,1154,1677,0,1692.000000006275,-15.000000006275059,-1.8627688549206785,0,0.01372843795318309,,N
WeldingTest_02_OK,2022-02-11 16:14:35.665,10,250,241.2,83,1670,1699,0,1714.011058058723,-15.011058058722938,-1.680839901079311,0,0.009581245938673098,,N
WeldingTest_02_OK,2022-02-11 16:14:38.487,11,250,241.1,82,1154,1678,0,1693.077006948619,-15.0770069486191,-1.8725381711556455,0,0.013995519477128947,,N
WeldingTest_02_OK,2022-02-11 16:14:41.769,12,250,241.2,83,1670,1700,0,1716.0000403355489,-16.000040335548874,-1.7972446343222215,0,0.01206258626287463,,N
WeldingTest_02_OK,2022-02-11 16:14:46.231,13,30,19.4,38,650,682,0,688.0006063384444,-6.000606338444413,-2.0192654454897943,0,0.018679561201894783,,N
WeldingTest_02_OK,2022-02-11 16:14:47.921,14,30,19.4,38,650,682,0,688.0006063384444,-6.000606338444413,-2.0192654454897943,0,0.018679561201894783,,N
WeldingTest_02_OK,2022-02-11 16:14:50.863,15,30,19.4,38,650,682,0,688.0006063384444,-6.000606338444413,-2.0192654454897943,0,0.018679561201894783,,N
WeldingTest_02_OK,2022-02-11 16:14:54.279,16,30,19.4,38,650,682,0,688.0006063384444,-6.000606338444413,-2.0192654454897943,0,0.018679561201894783,,N
WeldingTest_02_OK,2022-02-11 16:14:56.043,17,30,19.4,38,650,682,0,688.0006063384444,-6.000606338444413,-2.0192654454897943,0,0.018679561201894783,,N
WeldingTest_02_OK,2022-02-11 16:14:57.873,18,30,19.4,38,650,682,0,688.0006063384444,-6.000606338444413,-2.0192654454897943,0,0.018679561201894783,,N
WeldingTest_02_OK,2022-02-11 16:15:18.385,19,250,241.1,83,1670,1690,0,1707.000103955623,-17.00010395562299,-1.9149536586884446,0,0.015215732370009625,,N
WeldingTest_02_OK,2022-02-11 16:15:21.049,20,250,241.2,82,1154,1673,0,1689.0001549203207,-16.00015492032071,-1.989651306578286,0,0.01762426196713884,,N
WeldingTest_02_OK,2022-02-11 16:15:24.571,21,250,241.1,83,1670,1697,0,1712.3737369702349,-15.373736970234859,-1.723527766106446,0,0.010426282629246476,,N
WeldingTest_02_OK,2022-02-11 16:15:27.297,22,250,241.2,82,1154,1675,0,1692.099787412438,-17.09978741243799,-2.1291537622107106,0,0.02316460986710628,,N
WeldingTest_02_OK,2022-02-11 16:15:30.803,23,250,241.1,83,1670,1698,0,1714.000016164169,-16.000016164168983,-1.7972417893136765,0,0.012062518454672457,,N
WeldingTest_02_OK,2022-02-11 16:15:33.549,24,250,241.2,82,1154,1678,0,1693.9999960126588,-15.999996012658812,-1.989631147107542,0,0.017623563912780586,,N
WeldingTest_02_OK,2022-02-11 16:15:39.905,25,250,241.1,83,1670,1697,0,1712.9966966279746,-15.996696627974643,-1.7968510748041786,0,0.012053209703825838,,N
WeldingTest_02_OK,2022-02-11 16:15:42.557,26,250,241.2,82,1154,1678,0,1693.0000140611949,-15.000014061194861,-1.862770637967142,0,0.013728486238050749,,N
WeldingTest_02_OK,2022-02-11 16:15:46.095,27,250,241.1,83,1670,1699,0,1716.0029705464842,-17.00297054648422,-1.9152910608364275,0,0.015225847090383205,,N
WeldingTest_02_OK,2022-02-11 16:15:48.739,28,250,241.2,82,1154,1679,0,1694.999985710131,-15.999985710131114,-1.9896298401000434,0,0.01762351865646421,,N
WeldingTest_02_OK,2022-02-11 16:15:52.227,29,250,241.1,83,1670,1700,0,1716.999967777064,-16.999967777064057,-1.9149376302628627,0,0.015215252030760974,,N
WeldingTest_02_OK,2022-02-11 16:15:54.867,30,250,241.2,82,1154,1680,0,1696.988693652646,-16.988693652645907,-2.1150600969111393,0,0.02253528686764939,,N
WeldingTest_02_OK,2022-02-11 16:15:59.265,31,30,19.4,38,650,682,0,688.0006063384444,-6.000606338444413,-2.0192654454897943,0,0.018679561201894783,,N
WeldingTest_02_OK,2022-02-11 16:16:00.795,32,30,19.4,38,650,682,0,688.0006063384444,-6.000606338444413,-2.0192654454897943,0,0.018679561201894783,,N
WeldingTest_02_OK,2022-02-11 16:16:03.873,33,30,19.4,38,650,682,0,688.0006063384444,-6.000606338444413,-2.0192654454897943,0,0.018679561201894783,,N
WeldingTest_02_OK,2022-02-11 16:16:05.671,34,30,19.4,38,650,682,0,688.0006063384444,-6.000606338444413,-2.0192654454897943,0,0.018679561201894783,,N
WeldingTest_02_OK,2022-02-11 16:16:09.223,35,30,19.4,38,650,682,0,688.0006063384444,-6.000606338444413,-2.0192654454897943,0,0.018679561201894783,,N
WeldingTest_02_OK,2022-02-11 16:16:10.901,36,30,19.4,38,650,682,0,688.0006063384444,-6.000606338444413,-2.0192654454897943,0,0.018679561201894783,,N
WeldingTest_02_OK,2022-02-11 16:16:12.601,37,30,19.4,38,650,682,0,688.0006063384444,-6.000606338444413,-2.0192654454897943,0,0.018679561201894783,,N
WeldingTest_02_OK,2022-02-11 16:16:15.605,38,30,19.4,38,650,682,0,688.0006063384444,-6.000606338444413,-2.0192654454897943,0,0.018679561201894783,,N
WeldingTest_02_OK,2022-02-11 16:16:17.109,39,30,19.4,38,650,682,0,688.0006063384444,-6.000606338444413,-2.0192654454897943,0,0.018679561201894783,,N
WeldingTest_02_OK,2022-02-11 16:41:50.742,1,250,241.1,82,1154,1660,0,1679.3760170564362,-19.37601705643624,-2.4179226256240414,0,0.04053715039861013,,N
WeldingTest_02_OK,2022-02-11 16:41:54.082,2,250,241.2,83,1670,1685,0,1704.5159551916302,-19.515955191630155,-2.2110732139813494,0,0.02717640658643964,,N
WeldingTest_02_OK,2022-02-11 16:41:56.944,3,250,241.1,82,1153,1666,0,1687.0000658542688,-21.00006585426877,-2.6239540015506466,0,0.05996861071980792,,N
WeldingTest_02_OK,2022-02-11 16:42:00.362,4,250,241.2,83,1670,1689,0,1708.9999966770276,-19.99999667702764,-2.268045640390274,0,0.03035676775164694,,N
WeldingTest_02_OK,2022-02-11 16:42:03.174,5,250,241.1,82,1154,1669,0,1689.0246460370001,-20.02464603700014,-2.5002095134994584,0,0.047444807008064215,,N
WeldingTest_02_OK,2022-02-11 16:42:06.466,6,250,241.2,83,1670,1693,0,1712.029134968304,-19.029134968304106,-2.1537737258495753,0,0.024305365173372517,,N
WeldingTest_02_OK,2022-02-11 16:42:12.270,7,250,241.1,82,1153,1667,0,1687.9999985928248,-20.999998592824795,-2.6239454685756107,0,0.05996764867887055,,N
WeldingTest_02_OK,2022-02-11 16:42:15.546,8,250,241.2,83,1670,1693,0,1711.9999942256752,-18.99999422567521,-2.15034381567656,0,0.024143216933734307,,N
WeldingTest_02_OK,2022-02-11 16:42:18.336,9,250,241.1,82,1154,1673,0,1692.000000006275,-19.00000000627506,-2.370220050233471,0,0.03698488116112934,,N
WeldingTest_02_OK,2022-02-11 16:42:21.520,10,250,241.2,83,1670,1695,0,1714.011058058723,-19.011058058722938,-2.1516460458223805,0,0.02420465496536864,,N
WeldingTest_02_OK,2022-02-11 16:42:24.320,11,250,241.1,82,1154,1674,0,1693.077006948619,-19.0770069486191,-2.379989366468438,0,0.03768711921269214,,N
WeldingTest_02_OK,2022-02-11 16:42:27.572,12,250,241.2,83,1670,1697,0,1716.0000403355489,-19.000040335548874,-2.150349242879524,0,0.024143472668354093,,N
WeldingTest_02_OK,2022-02-11 16:42:31.980,13,30,19.4,38,650,680,0,688.0006063384444,-8.000606338444413,-2.6923538592998333,0,0.06816069625925017,,N
WeldingTest_02_OK,2022-02-11 16:42:33.712,14,30,19.4,38,650,680,0,688.0006063384444,-8.000606338444413,-2.6923538592998333,0,0.06816069625925017,,N
WeldingTest_02_OK,2022-02-11 16:42:36.654,15,30,19.4,38,650,680,0,688.0006063384444,-8.000606338444413,-2.6923538592998333,0,0.06816069625925017,,N
WeldingTest_02_OK,2022-02-11 16:42:40.038,16,30,19.4,38,650,680,0,688.0006063384444,-8.000606338444413,-2.6923538592998333,0,0.06816069625925017,,N
WeldingTest_02_OK,2022-02-11 16:42:41.708,17,30,19.4,38,650,680,0,688.0006063384444,-8.000606338444413,-2.6923538592998333,0,0.06816069625925017,,N
WeldingTest_02_OK,2022-02-11 16:42:43.408,18,30,19.4,38,650,680,0,688.0006063384444,-8.000606338444413,-2.6923538592998333,0,0.06816069625925017,,N
WeldingTest_02_OK,2022-02-11 16:43:04.027,19,250,241.1,83,1670,1688,0,1707.000103955623,-19.00010395562299,-2.150356731059979,0,0.024143825522399364,,N
WeldingTest_02_OK,2022-02-11 16:43:06.707,20,250,241.2,82,1154,1671,0,1689.0001549203207,-18.00015492032071,-2.243376904234682,0,0.028937677297542166,,N
WeldingTest_02_OK,2022-02-11 16:43:10.125,21,250,241.1,83,1670,1694,0,1712.3737369702349,-18.37373697023486,-2.076632374663748,0,0.020903056861040756,,N
WeldingTest_02_OK,2022-02-11 16:43:12.737,22,250,241.2,82,1154,1674,0,1692.099787412438,-18.09978741243799,-2.2560165610389085,0,0.02965655550795212,,N
WeldingTest_02_OK,2022-02-11 16:43:16.127,23,250,241.1,83,1670,1697,0,1714.000016164169,-17.000016164168983,-1.914943325499444,0,0.015215422703684443,,N
WeldingTest_02_OK,2022-02-11 16:43:18.801,24,250,241.2,82,1154,1677,0,1693.9999960126588,-16.999996012658812,-2.11649394593574,0,0.02259854150294162,,N
WeldingTest_02_OK,2022-02-11 16:43:25.217,25,250,241.1,83,1670,1694,0,1712.9966966279746,-18.996696627974643,-2.1499556833614806,0,0.02412493464331068,,N
WeldingTest_02_OK,2022-02-11 16:43:27.829,26,250,241.2,82,1154,1675,0,1693.0000140611949,-18.00001406119486,-2.2433590344517365,0,0.028936673022350638,,N
WeldingTest_02_OK,2022-02-11 16:43:31.237,27,250,241.1,83,1670,1698,0,1716.0029705464842,-18.00297054648422,-2.032992597022195,0,0.019189522778869695,,N
WeldingTest_02_OK,2022-02-11 16:43:33.821,28,250,241.2,82,1154,1678,0,1694.999985710131,-16.999985710131114,-2.1164926389282415,0,0.022598483765049245,,N
WeldingTest_02_OK,2022-02-11 16:43:37.279,29,250,241.1,83,1670,1699,0,1716.999967777064,-17.999967777064057,-2.03263916644863,0,0.019176223264377925,,N
WeldingTest_02_OK,2022-02-11 16:43:39.879,30,250,241.2,82,1154,1679,0,1696.988693652646,-17.988693652645907,-2.241922895739337,0,0.02885607302592614,,N
WeldingTest_02_OK,2022-02-11 16:43:44.383,31,30,19.4,38,650,682,0,688.0006063384444,-6.000606338444413,-2.0192654454897943,0,0.018679561201894783,,N
WeldingTest_02_OK,2022-02-11 16:43:45.909,32,30,19.4,38,650,680,0,688.0006063384444,-8.000606338444413,-2.6923538592998333,0,0.06816069625925017,,N
WeldingTest_02_OK,2022-02-11 16:43:48.989,33,30,19.4,38,650,682,0,688.0006063384444,-6.000606338444413,-2.0192654454897943,0,0.018679561201894783,,N
WeldingTest_02_OK,2022-02-11 16:43:50.761,34,30,19.4,38,650,682,0,688.0006063384444,-6.000606338444413,-2.0192654454897943,0,0.018679561201894783,,N
WeldingTest_02_OK,2022-02-11 16:43:54.275,35,30,19.4,38,650,682,0,688.0006063384444,-6.000606338444413,-2.0192654454897943,0,0.018679561201894783,,N
WeldingTest_02_OK,2022-02-11 16:43:55.963,36,30,19.4,38,650,680,0,688.0006063384444,-8.000606338444413,-2.6923538592998333,0,0.06816069625925017,,N
WeldingTest_02_OK,2022-02-11 16:43:57.733,37,30,19.4,38,650,682,0,688.0006063384444,-6.000606338444413,-2.0192654454897943,0,0.018679561201894783,,N
WeldingTest_02_OK,2022-02-11 16:44:00.693,38,30,19.4,38,650,682,0,688.0006063384444,-6.000606338444413,-2.0192654454897943,0,0.018679561201894783,,N
WeldingTest_02_OK,2022-02-11 16:44:02.191,39,30,19.4,38,650,680,0,688.0006063384444,-8.000606338444413,-2.6923538592998333,0,0.06816069625925017,,N
WeldingTest_02_OK,2022-02-11 16:44:48.313,1,250,241.1,82,1154,1665,0,1679.3760170564362,-14.37601705643624,-1.7836086314830508,0,0.011741871224911007,,N
WeldingTest_02_OK,2022-02-11 16:44:51.547,2,250,241.2,83,1670,1690,0,1704.5159551916302,-14.515955191630155,-1.6225655330525126,0,0.00853617934236074,,N
WeldingTest_02_OK,2022-02-11 16:44:54.257,3,250,241.1,82,1153,1671,0,1687.0000658542688,-16.00006585426877,-1.9896400074096559,0,0.017623870711761705,,N
WeldingTest_02_OK,2022-02-11 16:44:57.527,4,250,241.2,83,1670,1695,0,1708.9999966770276,-13.999996677027639,-1.5618364232756696,0,0.007567267823260635,,N
WeldingTest_02_OK,2022-02-11 16:45:00.319,5,250,241.1,82,1154,1674,0,1689.0246460370001,-15.024646037000139,-1.8658955193584679,0,0.013813365798905075,,N
WeldingTest_02_OK,2022-02-11 16:45:03.543,6,250,241.2,83,1670,1698,0,1712.029134968304,-14.029134968304106,-1.5652660449207383,0,0.00761895515219327,,N
WeldingTest_02_OK,2022-02-11 16:45:09.319,7,250,241.1,82,1153,1671,0,1687.9999985928248,-16.999998592824795,-2.1164942732628185,0,0.022598555962847263,,N
WeldingTest_02_OK,2022-02-11 16:45:12.609,8,250,241.2,83,1670,1697,0,1711.9999942256752,-14.99999422567521,-1.6795376709334904,0,0.009556562595647659,,N
WeldingTest_02_OK,2022-02-11 16:45:15.411,9,250,241.1,82,1154,1675,0,1692.000000006275,-17.00000000627506,-2.116494452577075,0,0.022598563884185442,,N
WeldingTest_02_OK,2022-02-11 16:45:18.621,10,250,241.2,83,1670,1699,0,1714.011058058723,-15.011058058722938,-1.680839901079311,0,0.009581245938673098,,N
WeldingTest_02_OK,2022-02-11 16:45:21.393,11,250,241.1,82,1154,1678,0,1693.077006948619,-15.0770069486191,-1.8725381711556455,0,0.013995519477128947,,N
WeldingTest_02_OK,2022-02-11 16:45:24.759,12,250,241.2,83,1670,1700,0,1716.0000403355489,-16.000040335548874,-1.7972446343222215,0,0.01206258626287463,,N
WeldingTest_02_OK,2022-02-11 16:45:29.317,13,30,19.4,38,650,682,0,688.0006063384444,-6.000606338444413,-2.0192654454897943,0,0.018679561201894783,,N
WeldingTest_02_OK,2022-02-11 16:45:30.985,14,30,19.4,38,650,682,0,688.0006063384444,-6.000606338444413,-2.0192654454897943,0,0.018679561201894783,,N
WeldingTest_02_OK,2022-02-11 16:45:33.911,15,30,19.4,38,650,682,0,688.0006063384444,-6.000606338444413,-2.0192654454897943,0,0.018679561201894783,,N
WeldingTest_02_OK,2022-02-11 16:45:37.247,16,30,19.4,38,650,682,0,688.0006063384444,-6.000606338444413,-2.0192654454897943,0,0.018679561201894783,,N
WeldingTest_02_OK,2022-02-11 16:45:39.035,17,30,19.4,38,650,682,0,688.0006063384444,-6.000606338444413,-2.0192654454897943,0,0.018679561201894783,,N
WeldingTest_02_OK,2022-02-11 16:45:40.715,18,30,19.4,38,650,682,0,688.0006063384444,-6.000606338444413,-2.0192654454897943,0,0.018679561201894783,,N
WeldingTest_02_OK,2022-02-11 16:46:01.801,19,250,241.1,83,1670,1690,0,1707.000103955623,-17.00010395562299,-1.9149536586884446,0,0.015215732370009625,,N
WeldingTest_02_OK,2022-02-11 16:46:04.487,20,250,241.2,82,1154,1673,0,1689.0001549203207,-16.00015492032071,-1.989651306578286,0,0.01762426196713884,,N
WeldingTest_02_OK,2022-02-11 16:46:07.945,21,250,241.1,83,1670,1697,0,1712.3737369702349,-15.373736970234859,-1.723527766106446,0,0.010426282629246476,,N
WeldingTest_02_OK,2022-02-11 16:46:10.615,22,250,241.2,82,1154,1675,0,1692.099787412438,-17.09978741243799,-2.1291537622107106,0,0.02316460986710628,,N
WeldingTest_02_OK,2022-02-11 16:46:14.063,23,250,241.1,83,1670,1698,0,1714.000016164169,-16.000016164168983,-1.7972417893136765,0,0.012062518454672457,,N
WeldingTest_02_OK,2022-02-11 16:46:16.727,24,250,241.2,82,1154,1678,0,1693.9999960126588,-15.999996012658812,-1.989631147107542,0,0.017623563912780586,,N
WeldingTest_02_OK,2022-02-11 16:46:23.247,25,250,241.1,83,1670,1697,0,1712.9966966279746,-15.996696627974643,-1.7968510748041786,0,0.012053209703825838,,N
WeldingTest_02_OK,2022-02-11 16:46:26.049,26,250,241.2,82,1154,1677,0,1693.0000140611949,-16.00001406119486,-1.98963343679534,0,0.017623643195565915,,N
WeldingTest_02_OK,2022-02-11 16:46:29.553,27,250,241.1,83,1670,1699,0,1716.0029705464842,-17.00297054648422,-1.9152910608364275,0,0.015225847090383205,,N
WeldingTest_02_OK,2022-02-11 16:46:32.343,28,250,241.2,82,1154,1678,0,1694.999985710131,-16.999985710131114,-2.1164926389282415,0,0.022598483765049245,,N
WeldingTest_02_OK,2022-02-11 16:46:35.923,29,250,241.1,83,1670,1700,0,1716.999967777064,-16.999967777064057,-1.9149376302628627,0,0.015215252030760974,,N
WeldingTest_02_OK,2022-02-11 16:46:38.583,30,250,241.2,82,1154,1680,0,1696.988693652646,-16.988693652645907,-2.1150600969111393,0,0.02253528686764939,,N
WeldingTest_02_OK,2022-02-11 16:46:42.873,31,30,19.4,38,650,682,0,688.0006063384444,-6.000606338444413,-2.0192654454897943,0,0.018679561201894783,,N
WeldingTest_02_OK,2022-02-11 16:46:44.395,32,30,19.4,38,650,682,0,688.0006063384444,-6.000606338444413,-2.0192654454897943,0,0.018679561201894783,,N
WeldingTest_02_OK,2022-02-11 16:46:47.441,33,30,19.4,38,650,682,0,688.0006063384444,-6.000606338444413,-2.0192654454897943,0,0.018679561201894783,,N
WeldingTest_02_OK,2022-02-11 16:46:49.243,34,30,19.4,38,650,682,0,688.0006063384444,-6.000606338444413,-2.0192654454897943,0,0.018679561201894783,,N
WeldingTest_02_OK,2022-02-11 16:46:52.779,35,30,19.4,38,650,682,0,688.0006063384444,-6.000606338444413,-2.0192654454897943,0,0.018679561201894783,,N
WeldingTest_02_OK,2022-02-11 16:46:54.495,36,30,19.4,38,650,682,0,688.0006063384444,-6.000606338444413,-2.0192654454897943,0,0.018679561201894783,,N
WeldingTest_02_OK,2022-02-11 16:46:56.213,37,30,19.4,38,650,682,0,688.0006063384444,-6.000606338444413,-2.0192654454897943,0,0.018679561201894783,,N
WeldingTest_02_OK,2022-02-11 16:46:59.195,38,30,19.4,38,650,682,0,688.0006063384444,-6.000606338444413,-2.0192654454897943,0,0.018679561201894783,,N
WeldingTest_02_OK,2022-02-11 16:47:00.689,39,30,19.4,38,650,682,0,688.0006063384444,-6.000606338444413,-2.0192654454897943,0,0.018679561201894783,,N
WeldingTest_02_OK,2022-02-11 16:47:47.661,1,250,241.1,82,1154,1665,0,1679.3760170564362,-14.37601705643624,-1.7836086314830508,0,0.011741871224911007,,N
WeldingTest_02_OK,2022-02-11 16:47:50.969,2,250,241.2,83,1670,1692,0,1704.5159551916302,-12.515955191630155,-1.3871624606809778,0,0.005347974410351919,,N
WeldingTest_02_OK,2022-02-11 16:47:53.801,3,250,241.1,82,1153,1671,0,1687.0000658542688,-16.00006585426877,-1.9896400074096559,0,0.017623870711761705,,N
WeldingTest_02_OK,2022-02-11 16:47:57.127,4,250,241.2,83,1670,1695,0,1708.9999966770276,-13.999996677027639,-1.5618364232756696,0,0.007567267823260635,,N
WeldingTest_02_OK,2022-02-11 16:47:59.923,5,250,241.1,82,1154,1674,0,1689.0246460370001,-15.024646037000139,-1.8658955193584679,0,0.013813365798905075,,N
WeldingTest_02_OK,2022-02-11 16:48:03.131,6,250,241.2,83,1670,1698,0,1712.029134968304,-14.029134968304106,-1.5652660449207383,0,0.00761895515219327,,N
WeldingTest_02_OK,2022-02-11 16:48:08.857,7,250,241.1,82,1153,1673,0,1687.9999985928248,-14.999998592824795,-1.8627686756064221,0,0.013728433097365383,,N
WeldingTest_02_OK,2022-02-11 16:48:12.157,8,250,241.2,83,1670,1698,0,1711.9999942256752,-13.99999422567521,-1.561836134747723,0,0.007567263489569633,,N
WeldingTest_02_OK,2022-02-11 16:48:14.969,9,250,241.1,82,1154,1677,0,1692.000000006275,-15.000000006275059,-1.8627688549206785,0,0.01372843795318309,,N
WeldingTest_02_OK,2022-02-11 16:48:18.207,10,250,241.2,83,1670,1699,0,1714.011058058723,-15.011058058722938,-1.680839901079311,0,0.009581245938673098,,N
WeldingTest_02_OK,2022-02-11 16:48:20.959,11,250,241.1,82,1154,1678,0,1693.077006948619,-15.0770069486191,-1.8725381711556455,0,0.013995519477128947,,N
WeldingTest_02_OK,2022-02-11 16:48:24.239,12,250,241.2,83,1670,1700,0,1716.0000403355489,-16.000040335548874,-1.7972446343222215,0,0.01206258626287463,,N
WeldingTest_02_OK,2022-02-11 16:48:28.813,13,30,19.4,38,650,682,0,688.0006063384444,-6.000606338444413,-2.0192654454897943,0,0.018679561201894783,,N
WeldingTest_02_OK,2022-02-11 16:48:30.505,14,30,19.4,38,650,682,0,688.0006063384444,-6.000606338444413,-2.0192654454897943,0,0.018679561201894783,,N
WeldingTest_02_OK,2022-02-11 16:48:33.429,15,30,19.4,38,650,682,0,688.0006063384444,-6.000606338444413,-2.0192654454897943,0,0.018679561201894783,,N
WeldingTest_02_OK,2022-02-11 16:48:36.765,16,30,19.4,38,650,682,0,688.0006063384444,-6.000606338444413,-2.0192654454897943,0,0.018679561201894783,,N
WeldingTest_02_OK,2022-02-11 16:48:38.503,17,30,19.4,38,650,682,0,688.0006063384444,-6.000606338444413,-2.0192654454897943,0,0.018679561201894783,,N
WeldingTest_02_OK,2022-02-11 16:48:40.213,18,30,19.4,38,650,682,0,688.0006063384444,-6.000606338444413,-2.0192654454897943,0,0.018679561201894783,,N
WeldingTest_02_OK,2022-02-11 16:49:01.369,19,250,241.1,83,1670,1690,0,1707.000103955623,-17.00010395562299,-1.9149536586884446,0,0.015215732370009625,,N
WeldingTest_02_OK,2022-02-11 16:49:04.149,20,250,241.2,82,1154,1673,0,1689.0001549203207,-16.00015492032071,-1.989651306578286,0,0.01762426196713884,,N
WeldingTest_02_OK,2022-02-11 16:49:07.673,21,250,241.1,83,1670,1697,0,1712.3737369702349,-15.373736970234859,-1.723527766106446,0,0.010426282629246476,,N
WeldingTest_02_OK,2022-02-11 16:49:10.421,22,250,241.2,82,1154,1675,0,1692.099787412438,-17.09978741243799,-2.1291537622107106,0,0.02316460986710628,,N
WeldingTest_02_OK,2022-02-11 16:49:13.855,23,250,241.1,83,1670,1699,0,1714.000016164169,-15.000016164168983,-1.679540253127909,0,0.009556611477923933,,N
WeldingTest_02_OK,2022-02-11 16:49:16.465,24,250,241.2,82,1154,1678,0,1693.9999960126588,-15.999996012658812,-1.989631147107542,0,0.017623563912780586,,N
WeldingTest_02_OK,2022-02-11 16:49:23.185,25,250,241.1,83,1670,1697,0,1712.9966966279746,-15.996696627974643,-1.7968510748041786,0,0.012053209703825838,,N
WeldingTest_02_OK,2022-02-11 16:49:25.859,26,250,241.2,82,1154,1678,0,1693.0000140611949,-15.000014061194861,-1.862770637967142,0,0.013728486238050749,,N
WeldingTest_02_OK,2022-02-11 16:49:29.347,27,250,241.1,83,1670,1699,0,1716.0029705464842,-17.00297054648422,-1.9152910608364275,0,0.015225847090383205,,N
WeldingTest_02_OK,2022-02-11 16:49:32.011,28,250,241.2,82,1154,1679,0,1694.999985710131,-15.999985710131114,-1.9896298401000434,0,0.01762351865646421,,N
WeldingTest_02_OK,2022-02-11 16:49:35.429,29,250,241.1,83,1670,1702,0,1716.999967777064,-14.999967777064057,-1.6795345578913279,0,0.00955650366447817,,N
WeldingTest_02_OK,2022-02-11 16:49:38.187,30,250,241.2,82,1154,1679,0,1696.988693652646,-17.988693652645907,-2.241922895739337,0,0.02885607302592614,,N
WeldingTest_02_OK,2022-02-11 16:49:42.585,31,30,19.4,38,650,682,0,688.0006063384444,-6.000606338444413,-2.0192654454897943,0,0.018679561201894783,,N
WeldingTest_02_OK,2022-02-11 16:49:44.077,32,30,19.4,38,650,682,0,688.0006063384444,-6.000606338444413,-2.0192654454897943,0,0.018679561201894783,,N
WeldingTest_02_OK,2022-02-11 16:49:47.195,33,30,19.4,38,650,682,0,688.0006063384444,-6.000606338444413,-2.0192654454897943,0,0.018679561201894783,,N
WeldingTest_02_OK,2022-02-11 16:49:48.929,34,30,19.4,38,650,682,0,688.0006063384444,-6.000606338444413,-2.0192654454897943,0,0.018679561201894783,,N
WeldingTest_02_OK,2022-02-11 16:49:52.400,35,30,19.4,38,650,682,0,688.0006063384444,-6.000606338444413,-2.0192654454897943,0,0.018679561201894783,,N
WeldingTest_02_OK,2022-02-11 16:49:54.078,36,30,19.4,38,650,682,0,688.0006063384444,-6.000606338444413,-2.0192654454897943,0,0.018679561201894783,,N
WeldingTest_02_OK,2022-02-11 16:49:55.820,37,30,19.4,38,650,682,0,688.0006063384444,-6.000606338444413,-2.0192654454897943,0,0.018679561201894783,,N
WeldingTest_02_OK,2022-02-11 16:49:58.802,38,30,19.4,38,650,682,0,688.0006063384444,-6.000606338444413,-2.0192654454897943,0,0.018679561201894783,,N
WeldingTest_02_OK,2022-02-11 16:50:00.264,39,30,19.4,38,650,682,0,688.0006063384444,-6.000606338444413,-2.0192654454897943,0,0.018679561201894783,,N
WeldingTest_02_OK,2022-02-11 16:55:38.252,1,250,241.1,82,1154,1660,0,1679.3760170564362,-19.37601705643624,-2.4179226256240414,0,0.04053715039861013,,N
WeldingTest_02_OK,2022-02-11 16:55:41.558,2,250,241.2,83,1670,1685,0,1704.5159551916302,-19.515955191630155,-2.2110732139813494,0,0.02717640658643964,,N
WeldingTest_02_OK,2022-02-11 16:55:44.404,3,250,241.1,82,1153,1667,0,1687.0000658542688,-20.00006585426877,-2.4970912027224483,0,0.04716374458367817,,N
WeldingTest_02_OK,2022-02-11 16:55:47.630,4,250,241.2,83,1670,1690,0,1708.9999966770276,-18.99999667702764,-2.150344104204507,0,0.024143230529360713,,N
WeldingTest_02_OK,2022-02-11 16:55:50.362,5,250,241.1,82,1154,1670,0,1689.0246460370001,-19.02464603700014,-2.3733467146712606,0,0.03720825199081969,,N
WeldingTest_02_OK,2022-02-11 16:55:53.622,6,250,241.2,83,1670,1693,0,1712.029134968304,-19.029134968304106,-2.1537737258495753,0,0.024305365173372517,,N
WeldingTest_02_OK,2022-02-11 16:55:59.460,7,250,241.1,82,1153,1669,0,1687.9999985928248,-18.999998592824795,-2.3702198709192146,0,0.036984868387859825,,N
WeldingTest_02_OK,2022-02-11 16:56:02.844,8,250,241.2,83,1670,1693,0,1711.9999942256752,-18.99999422567521,-2.15034381567656,0,0.024143216933734307,,N
WeldingTest_02_OK,2022-02-11 16:56:05.550,9,250,241.1,82,1154,1673,0,1692.000000006275,-19.00000000627506,-2.370220050233471,0,0.03698488116112934,,N
WeldingTest_02_OK,2022-02-11 16:56:08.842,10,250,241.2,83,1670,1697,0,1714.011058058723,-17.011058058722938,-1.9162429734508457,0,0.015254419446737236,,N
WeldingTest_02_OK,2022-02-11 16:56:11.670,11,250,241.1,82,1154,1674,0,1693.077006948619,-19.0770069486191,-2.379989366468438,0,0.03768711921269214,,N
WeldingTest_02_OK,2022-02-11 16:56:15.034,12,250,241.2,83,1670,1698,0,1716.0000403355489,-18.000040335548874,-2.0326477066937563,0,0.019176544525344244,,N
WeldingTest_02_OK,2022-02-11 16:56:19.524,13,30,19.4,38,650,682,0,688.0006063384444,-6.000606338444413,-2.0192654454897943,0,0.018679561201894783,,N
WeldingTest_02_OK,2022-02-11 16:56:21.194,14,30,19.4,38,650,680,0,688.0006063384444,-8.000606338444413,-2.6923538592998333,0,0.06816069625925017,,N
WeldingTest_02_OK,2022-02-11 16:56:24.128,15,30,19.4,38,650,680,0,688.0006063384444,-8.000606338444413,-2.6923538592998333,0,0.06816069625925017,,N
WeldingTest_02_OK,2022-02-11 16:56:27.558,16,30,19.4,38,650,680,0,688.0006063384444,-8.000606338444413,-2.6923538592998333,0,0.06816069625925017,,N
WeldingTest_02_OK,2022-02-11 16:56:29.298,17,30,19.4,38,650,680,0,688.0006063384444,-8.000606338444413,-2.6923538592998333,0,0.06816069625925017,,N
WeldingTest_02_OK,2022-02-11 16:56:31.022,18,30,19.4,38,650,680,0,688.0006063384444,-8.000606338444413,-2.6923538592998333,0,0.06816069625925017,,N
WeldingTest_02_OK,2022-02-11 16:56:51.820,19,250,241.1,83,1670,1688,0,1707.000103955623,-19.00010395562299,-2.150356731059979,0,0.024143825522399364,,N
WeldingTest_02_OK,2022-02-11 16:56:54.436,20,250,241.2,82,1154,1671,0,1689.0001549203207,-18.00015492032071,-2.243376904234682,0,0.028937677297542166,,N
WeldingTest_02_OK,2022-02-11 16:56:57.959,21,250,241.1,83,1670,1694,0,1712.3737369702349,-18.37373697023486,-2.076632374663748,0,0.020903056861040756,,N
WeldingTest_02_OK,2022-02-11 16:57:00.635,22,250,241.2,82,1154,1674,0,1692.099787412438,-18.09978741243799,-2.2560165610389085,0,0.02965655550795212,,N
WeldingTest_02_OK,2022-02-11 16:57:04.173,23,250,241.1,83,1670,1697,0,1714.000016164169,-17.000016164168983,-1.914943325499444,0,0.015215422703684443,,N
WeldingTest_02_OK,2022-02-11 16:57:06.923,24,250,241.2,82,1154,1677,0,1693.9999960126588,-16.999996012658812,-2.11649394593574,0,0.02259854150294162,,N
WeldingTest_02_OK,2022-02-11 16:57:13.291,25,250,241.1,83,1670,1695,0,1712.9966966279746,-17.996696627974643,-2.0322541471757134,0,0.019161745358881054,,N
WeldingTest_02_OK,2022-02-11 16:57:15.903,26,250,241.2,82,1154,1677,0,1693.0000140611949,-16.00001406119486,-1.98963343679534,0,0.017623643195565915,,N
WeldingTest_02_OK,2022-02-11 16:57:19.389,27,250,241.1,83,1670,1698,0,1716.0029705464842,-18.00297054648422,-2.032992597022195,0,0.019189522778869695,,N
WeldingTest_02_OK,2022-02-11 16:57:22.009,28,250,241.2,82,1154,1678,0,1694.999985710131,-16.999985710131114,-2.1164926389282415,0,0.022598483765049245,,N
WeldingTest_02_OK,2022-02-11 16:57:25.475,29,250,241.1,83,1670,1700,0,1716.999967777064,-16.999967777064057,-1.9149376302628627,0,0.015215252030760974,,N
WeldingTest_02_OK,2022-02-11 16:57:28.073,30,250,241.2,82,1154,1679,0,1696.988693652646,-17.988693652645907,-2.241922895739337,0,0.02885607302592614,,N
WeldingTest_02_OK,2022-02-11 16:57:32.323,31,30,19.4,38,650,682,0,688.0006063384444,-6.000606338444413,-2.0192654454897943,0,0.018679561201894783,,N
WeldingTest_02_OK,2022-02-11 16:57:33.899,32,30,19.4,38,650,682,0,688.0006063384444,-6.000606338444413,-2.0192654454897943,0,0.018679561201894783,,N
WeldingTest_02_OK,2022-02-11 16:57:36.955,33,30,19.4,38,650,682,0,688.0006063384444,-6.000606338444413,-2.0192654454897943,0,0.018679561201894783,,N
WeldingTest_02_OK,2022-02-11 16:57:38.737,34,30,19.4,38,650,682,0,688.0006063384444,-6.000606338444413,-2.0192654454897943,0,0.018679561201894783,,N
WeldingTest_02_OK,2022-02-11 16:57:42.263,35,30,19.4,38,650,682,0,688.0006063384444,-6.000606338444413,-2.0192654454897943,0,0.018679561201894783,,N
WeldingTest_02_OK,2022-02-11 16:57:43.947,36,30,19.4,38,650,682,0,688.0006063384444,-6.000606338444413,-2.0192654454897943,0,0.018679561201894783,,N
WeldingTest_02_OK,2022-02-11 16:57:45.721,37,30,19.4,38,650,682,0,688.0006063384444,-6.000606338444413,-2.0192654454897943,0,0.018679561201894783,,N
WeldingTest_02_OK,2022-02-11 16:57:48.681,38,30,19.4,38,650,682,0,688.0006063384444,-6.000606338444413,-2.0192654454897943,0,0.018679561201894783,,N
WeldingTest_02_OK,2022-02-11 16:57:50.151,39,30,19.4,38,650,682,0,688.0006063384444,-6.000606338444413,-2.0192654454897943,0,0.018679561201894783,,N
WeldingTest_02_OK,2022-02-11 16:58:36.609,1,250,241.1,82,1154,1665,0,1679.3760170564362,-14.37601705643624,-1.7836086314830508,0,0.011741871224911007,,N
WeldingTest_02_OK,2022-02-11 16:58:39.847,2,250,241.2,83,1670,1692,0,1704.5159551916302,-12.515955191630155,-1.3871624606809778,0,0.005347974410351919,,N
WeldingTest_02_OK,2022-02-11 16:58:42.653,3,250,241.1,82,1153,1671,0,1687.0000658542688,-16.00006585426877,-1.9896400074096559,0,0.017623870711761705,,N
WeldingTest_02_OK,2022-02-11 16:58:45.911,4,250,241.2,83,1670,1695,0,1708.9999966770276,-13.999996677027639,-1.5618364232756696,0,0.007567267823260635,,N
WeldingTest_02_OK,2022-02-11 16:58:48.681,5,250,241.1,82,1154,1675,0,1689.0246460370001,-14.024646037000139,-1.7390327205302698,0,0.010751135463666081,,N
WeldingTest_02_OK,2022-02-11 16:58:51.971,6,250,241.2,83,1670,1698,0,1712.029134968304,-14.029134968304106,-1.5652660449207383,0,0.00761895515219327,,N
WeldingTest_02_OK,2022-02-11 16:58:57.755,7,250,241.1,82,1153,1673,0,1687.9999985928248,-14.999998592824795,-1.8627686756064221,0,0.013728433097365383,,N
WeldingTest_02_OK,2022-02-11 16:59:01.013,8,250,241.2,83,1670,1697,0,1711.9999942256752,-14.99999422567521,-1.6795376709334904,0,0.009556562595647659,,N
WeldingTest_02_OK,2022-02-11 16:59:03.805,9,250,241.1,82,1154,1677,0,1692.000000006275,-15.000000006275059,-1.8627688549206785,0,0.01372843795318309,,N
WeldingTest_02_OK,2022-02-11 16:59:07.029,10,250,241.2,83,1670,1699,0,1714.011058058723,-15.011058058722938,-1.680839901079311,0,0.009581245938673098,,N
WeldingTest_02_OK,2022-02-11 16:59:09.905,11,250,241.1,82,1154,1678,0,1693.077006948619,-15.0770069486191,-1.8725381711556455,0,0.013995519477128947,,N
WeldingTest_02_OK,2022-02-11 16:59:13.107,12,250,241.2,83,1670,1700,0,1716.0000403355489,-16.000040335548874,-1.7972446343222215,0,0.01206258626287463,,N
WeldingTest_02_OK,2022-02-11 16:59:17.599,13,30,19.4,38,650,682,0,688.0006063384444,-6.000606338444413,-2.0192654454897943,0,0.018679561201894783,,N
WeldingTest_02_OK,2022-02-11 16:59:19.281,14,30,19.4,38,650,682,0,688.0006063384444,-6.000606338444413,-2.0192654454897943,0,0.018679561201894783,,N
WeldingTest_02_OK,2022-02-11 16:59:22.239,15,30,19.4,38,650,682,0,688.0006063384444,-6.000606338444413,-2.0192654454897943,0,0.018679561201894783,,N
WeldingTest_02_OK,2022-02-11 16:59:25.649,16,30,19.4,38,650,682,0,688.0006063384444,-6.000606338444413,-2.0192654454897943,0,0.018679561201894783,,N
WeldingTest_02_OK,2022-02-11 16:59:27.443,17,30,19.4,38,650,682,0,688.0006063384444,-6.000606338444413,-2.0192654454897943,0,0.018679561201894783,,N
WeldingTest_02_OK,2022-02-11 16:59:29.211,18,30,19.4,38,650,682,0,688.0006063384444,-6.000606338444413,-2.0192654454897943,0,0.018679561201894783,,N
WeldingTest_02_OK,2022-02-11 16:59:49.839,19,250,241.1,83,1670,1690,0,1707.000103955623,-17.00010395562299,-1.9149536586884446,0,0.015215732370009625,,N
WeldingTest_02_OK,2022-02-11 16:59:52.553,20,250,241.2,82,1154,1673,0,1689.0001549203207,-16.00015492032071,-1.989651306578286,0,0.01762426196713884,,N
WeldingTest_02_OK,2022-02-11 16:59:56.055,21,250,241.1,83,1670,1697,0,1712.3737369702349,-15.373736970234859,-1.723527766106446,0,0.010426282629246476,,N
WeldingTest_02_OK,2022-02-11 16:59:58.721,22,250,241.2,82,1154,1677,0,1692.099787412438,-15.09978741243799,-1.8754281645543143,0,0.01407550570912607,,N
WeldingTest_02_OK,2022-02-11 17:00:02.139,23,250,241.1,83,1670,1699,0,1714.000016164169,-15.000016164168983,-1.679540253127909,0,0.009556611477923933,,N
WeldingTest_02_OK,2022-02-11 17:00:04.831,24,250,241.2,82,1154,1678,0,1693.9999960126588,-15.999996012658812,-1.989631147107542,0,0.017623563912780586,,N
WeldingTest_02_OK,2022-02-11 17:00:11.269,25,250,241.1,83,1670,1697,0,1712.9966966279746,-15.996696627974643,-1.7968510748041786,0,0.012053209703825838,,N
WeldingTest_02_OK,2022-02-11 17:00:13.923,26,250,241.2,82,1154,1678,0,1693.0000140611949,-15.000014061194861,-1.862770637967142,0,0.013728486238050749,,N
WeldingTest_02_OK,2022-02-11 17:00:17.323,27,250,241.1,83,1670,1700,0,1716.0029705464842,-16.00297054648422,-1.7975895246506601,0,0.012070809201601864,,N
WeldingTest_02_OK,2022-02-11 17:00:19.943,28,250,241.2,82,1154,1679,0,1694.999985710131,-15.999985710131114,-1.9896298401000434,0,0.01762351865646421,,N
WeldingTest_02_OK,2022-02-11 17:00:23.469,29,250,241.1,83,1670,1702,0,1716.999967777064,-14.999967777064057,-1.6795345578913279,0,0.00955650366447817,,N
WeldingTest_02_OK,2022-02-11 17:00:26.139,30,250,241.2,82,1154,1680,0,1696.988693652646,-16.988693652645907,-2.1150600969111393,0,0.02253528686764939,,N
WeldingTest_02_OK,2022-02-11 17:00:30.443,31,30,19.4,38,650,682,0,688.0006063384444,-6.000606338444413,-2.0192654454897943,0,0.018679561201894783,,N
WeldingTest_02_OK,2022-02-11 17:00:32.019,32,30,19.4,38,650,682,0,688.0006063384444,-6.000606338444413,-2.0192654454897943,0,0.018679561201894783,,N
WeldingTest_02_OK,2022-02-11 17:00:35.055,33,30,19.4,38,650,682,0,688.0006063384444,-6.000606338444413,-2.0192654454897943,0,0.018679561201894783,,N
WeldingTest_02_OK,2022-02-11 17:00:36.837,34,30,19.4,38,650,682,0,688.0006063384444,-6.000606338444413,-2.0192654454897943,0,0.018679561201894783,,N
WeldingTest_02_OK,2022-02-11 17:00:40.363,35,30,19.4,38,650,682,0,688.0006063384444,-6.000606338444413,-2.0192654454897943,0,0.018679561201894783,,N
WeldingTest_02_OK,2022-02-11 17:00:42.073,36,30,19.4,38,650,682,0,688.0006063384444,-6.000606338444413,-2.0192654454897943,0,0.018679561201894783,,N
WeldingTest_02_OK,2022-02-11 17:00:43.807,37,30,19.4,38,650,682,0,688.0006063384444,-6.000606338444413,-2.0192654454897943,0,0.018679561201894783,,N
WeldingTest_02_OK,2022-02-11 17:00:46.783,38,30,19.4,38,650,682,0,688.0006063384444,-6.000606338444413,-2.0192654454897943,0,0.018679561201894783,,N
WeldingTest_02_OK,2022-02-11 17:00:48.295,39,30,19.4,38,650,682,0,688.0006063384444,-6.000606338444413,-2.0192654454897943,0,0.018679561201894783,,N
WeldingTest_03_NG,2022-08-03 09:10:24.996,1,250,241.1,82,1154,1660,0,1679.3760170564362,-19.37601705643624,-2.4179226256240414,0,0.04053715039861013,,N
WeldingTest_03_NG,2022-08-03 09:10:28.312,2,250,241.2,83,1670,1685,0,1704.5159551916302,-19.515955191630155,-2.2110732139813494,0,0.02717640658643964,,N
WeldingTest_03_NG,2022-08-03 09:10:31.076,3,250,241.1,82,1153,1666,0,1687.0000658542688,-21.00006585426877,-2.6239540015506466,0,0.05996861071980792,,N
WeldingTest_03_NG,2022-08-03 09:10:34.284,4,250,241.2,83,1670,1690,0,1708.9999966770276,-18.99999667702764,-2.150344104204507,0,0.024143230529360713,,N
WeldingTest_03_NG,2022-08-03 09:10:37.046,5,250,241.1,82,1154,1670,0,1689.0246460370001,-19.02464603700014,-2.3733467146712606,0,0.03720825199081969,,N
WeldingTest_03_NG,2022-08-03 09:10:40.298,6,250,241.2,83,1670,1693,0,1712.029134968304,-19.029134968304106,-2.1537737258495753,0,0.024305365173372517,,N
WeldingTest_03_NG,2022-08-03 09:10:46.156,7,250,241.1,82,1153,1669,0,1687.9999985928248,-18.999998592824795,-2.3702198709192146,0,0.036984868387859825,,N
WeldingTest_03_NG,2022-08-03 09:10:49.412,8,250,241.2,83,1670,1693,0,1711.9999942256752,-18.99999422567521,-2.15034381567656,0,0.024143216933734307,,N
WeldingTest_03_NG,2022-08-03 09:10:52.188,9,250,241.1,82,1154,1673,0,1692.000000006275,-19.00000000627506,-2.370220050233471,0,0.03698488116112934,,N
WeldingTest_03_NG,2022-08-03 09:10:55.440,10,250,241.2,83,1670,1695,0,1714.011058058723,-19.011058058722938,-2.1516460458223805,0,0.02420465496536864,,N
WeldingTest_03_NG,2022-08-03 09:10:58.250,11,250,241.1,82,1154,1674,0,1693.077006948619,-19.0770069486191,-2.379989366468438,0,0.03768711921269214,,N
WeldingTest_03_NG,2022-08-03 09:11:01.536,12,250,241.2,83,1670,1697,0,1716.0000403355489,-19.000040335548874,-2.150349242879524,0,0.024143472668354093,,N
WeldingTest_03_NG,2022-08-03 09:11:05.934,13,30,19.4,38,650,682,0,688.0006063384444,-6.000606338444413,-2.0192654454897943,0,0.018679561201894783,,N
WeldingTest_03_NG,2022-08-03 09:11:07.698,14,30,19.4,35,650,630,1,688.0006063384444,-58.00060633844441,-19.51956420455081,1,0.9999999999999669,"출력 저하 - 광학계/렌즈 오염, 레이저 소스 점검 + 학습에 없는 출력 설정값(SetPower) 확인",Y
WeldingTest_03_NG,2022-08-03 09:11:10.704,15,30,19.4,38,650,680,0,688.0006063384444,-8.000606338444413,-2.6923538592998333,0,0.06816069625925017,,N
WeldingTest_03_NG,2022-08-03 09:11:14.008,16,30,19.4,38,650,680,0,688.0006063384444,-8.000606338444413,-2.6923538592998333,0,0.06816069625925017,,N
WeldingTest_03_NG,2022-08-03 09:11:15.770,17,30,19.4,38,650,680,0,688.0006063384444,-8.000606338444413,-2.6923538592998333,0,0.06816069625925017,,N
WeldingTest_03_NG,2022-08-03 09:11:17.464,18,30,19.4,38,650,680,0,688.0006063384444,-8.000606338444413,-2.6923538592998333,0,0.06816069625925017,,N
WeldingTest_03_NG,2022-08-03 09:11:37.977,19,250,241.1,83,1670,1688,0,1707.000103955623,-19.00010395562299,-2.150356731059979,0,0.024143825522399364,,N
WeldingTest_03_NG,2022-08-03 09:11:40.543,20,250,241.2,82,1154,1671,0,1689.0001549203207,-18.00015492032071,-2.243376904234682,0,0.028937677297542166,,N
WeldingTest_03_NG,2022-08-03 09:11:43.999,21,250,241.1,83,1670,1694,0,1712.3737369702349,-18.37373697023486,-2.076632374663748,0,0.020903056861040756,,N
WeldingTest_03_NG,2022-08-03 09:11:46.655,22,250,241.2,82,1154,1674,0,1692.099787412438,-18.09978741243799,-2.2560165610389085,0,0.02965655550795212,,N
WeldingTest_03_NG,2022-08-03 09:11:50.105,23,250,241.1,83,1670,1697,0,1714.000016164169,-17.000016164168983,-1.914943325499444,0,0.015215422703684443,,N
WeldingTest_03_NG,2022-08-03 09:11:52.639,24,250,241.2,82,1154,1677,0,1693.9999960126588,-16.999996012658812,-2.11649394593574,0,0.02259854150294162,,N
WeldingTest_03_NG,2022-08-03 09:11:59.075,25,250,241.1,83,1670,1695,0,1712.9966966279746,-17.996696627974643,-2.0322541471757134,0,0.019161745358881054,,N
WeldingTest_03_NG,2022-08-03 09:12:01.699,26,250,241.2,82,1154,1675,0,1693.0000140611949,-18.00001406119486,-2.2433590344517365,0,0.028936673022350638,,N
WeldingTest_03_NG,2022-08-03 09:12:05.119,27,250,241.1,83,1670,1698,0,1716.0029705464842,-18.00297054648422,-2.032992597022195,0,0.019189522778869695,,N
WeldingTest_03_NG,2022-08-03 09:12:07.779,28,250,241.2,82,1154,1678,0,1694.999985710131,-16.999985710131114,-2.1164926389282415,0,0.022598483765049245,,N
WeldingTest_03_NG,2022-08-03 09:12:11.249,29,250,241.1,83,1670,1699,0,1716.999967777064,-17.999967777064057,-2.03263916644863,0,0.019176223264377925,,N
WeldingTest_03_NG,2022-08-03 09:12:13.879,30,250,241.2,82,1154,1678,0,1696.988693652646,-18.988693652645907,-2.3687856945675354,0,0.0368828418747517,,N
WeldingTest_03_NG,2022-08-03 09:12:18.243,31,30,19.4,38,650,682,0,688.0006063384444,-6.000606338444413,-2.0192654454897943,0,0.018679561201894783,,N
WeldingTest_03_NG,2022-08-03 09:12:19.749,32,30,19.4,38,650,682,0,688.0006063384444,-6.000606338444413,-2.0192654454897943,0,0.018679561201894783,,N
WeldingTest_03_NG,2022-08-03 09:12:22.841,33,30,19.4,38,650,682,0,688.0006063384444,-6.000606338444413,-2.0192654454897943,0,0.018679561201894783,,N
WeldingTest_03_NG,2022-08-03 09:12:24.571,34,30,19.4,38,650,682,0,688.0006063384444,-6.000606338444413,-2.0192654454897943,0,0.018679561201894783,,N
WeldingTest_03_NG,2022-08-03 09:12:28.041,35,30,19.4,38,650,682,0,688.0006063384444,-6.000606338444413,-2.0192654454897943,0,0.018679561201894783,,N
WeldingTest_03_NG,2022-08-03 09:12:29.755,36,30,19.4,38,650,682,0,688.0006063384444,-6.000606338444413,-2.0192654454897943,0,0.018679561201894783,,N
WeldingTest_03_NG,2022-08-03 09:12:31.445,37,30,19.4,38,650,682,0,688.0006063384444,-6.000606338444413,-2.0192654454897943,0,0.018679561201894783,,N
WeldingTest_03_NG,2022-08-03 09:12:34.485,38,30,19.4,38,650,682,0,688.0006063384444,-6.000606338444413,-2.0192654454897943,0,0.018679561201894783,,N
WeldingTest_03_NG,2022-08-03 09:12:35.935,39,30,19.4,38,650,682,0,688.0006063384444,-6.000606338444413,-2.0192654454897943,0,0.018679561201894783,,N
WeldingTest_03_NG,2022-08-03 09:13:23.573,1,250,241.1,82,1154,1665,0,1679.3760170564362,-14.37601705643624,-1.7836086314830508,0,0.011741871224911007,,N
WeldingTest_03_NG,2022-08-03 09:13:26.787,2,250,241.2,83,1670,1690,0,1704.5159551916302,-14.515955191630155,-1.6225655330525126,0,0.00853617934236074,,N
WeldingTest_03_NG,2022-08-03 09:13:29.591,3,250,241.1,82,1153,1671,0,1687.0000658542688,-16.00006585426877,-1.9896400074096559,0,0.017623870711761705,,N
WeldingTest_03_NG,2022-08-03 09:13:32.799,4,250,241.2,83,1670,1695,0,1708.9999966770276,-13.999996677027639,-1.5618364232756696,0,0.007567267823260635,,N
WeldingTest_03_NG,2022-08-03 09:13:35.679,5,250,241.1,82,1154,1674,0,1689.0246460370001,-15.024646037000139,-1.8658955193584679,0,0.013813365798905075,,N
WeldingTest_03_NG,2022-08-03 09:13:38.899,6,250,241.2,83,1670,1698,0,1712.029134968304,-14.029134968304106,-1.5652660449207383,0,0.00761895515219327,,N
WeldingTest_03_NG,2022-08-03 09:13:44.641,7,250,241.1,82,1153,1673,0,1687.9999985928248,-14.999998592824795,-1.8627686756064221,0,0.013728433097365383,,N
WeldingTest_03_NG,2022-08-03 09:13:47.873,8,250,241.2,83,1670,1697,0,1711.9999942256752,-14.99999422567521,-1.6795376709334904,0,0.009556562595647659,,N
WeldingTest_03_NG,2022-08-03 09:13:50.637,9,250,241.1,82,1154,1677,0,1692.000000006275,-15.000000006275059,-1.8627688549206785,0,0.01372843795318309,,N
WeldingTest_03_NG,2022-08-03 09:13:53.921,10,250,241.2,83,1670,1699,0,1714.011058058723,-15.011058058722938,-1.680839901079311,0,0.009581245938673098,,N
WeldingTest_03_NG,2022-08-03 09:13:56.729,11,250,241.1,82,1154,1678,0,1693.077006948619,-15.0770069486191,-1.8725381711556455,0,0.013995519477128947,,N
WeldingTest_03_NG,2022-08-03 09:14:00.021,12,250,241.2,83,1670,1700,0,1716.0000403355489,-16.000040335548874,-1.7972446343222215,0,0.01206258626287463,,N
WeldingTest_03_NG,2022-08-03 09:14:04.477,13,30,19.4,38,650,682,0,688.0006063384444,-6.000606338444413,-2.0192654454897943,0,0.018679561201894783,,N
WeldingTest_03_NG,2022-08-03 09:14:06.191,14,30,19.4,35,650,632,1,688.0006063384444,-56.00060633844441,-18.846475790740772,1,0.9999999999998728,"출력 저하 - 광학계/렌즈 오염, 레이저 소스 점검 + 학습에 없는 출력 설정값(SetPower) 확인",Y
WeldingTest_03_NG,2022-08-03 09:14:09.111,15,30,19.4,38,650,682,0,688.0006063384444,-6.000606338444413,-2.0192654454897943,0,0.018679561201894783,,N
WeldingTest_03_NG,2022-08-03 09:14:12.525,16,30,19.4,38,650,682,0,688.0006063384444,-6.000606338444413,-2.0192654454897943,0,0.018679561201894783,,N
WeldingTest_03_NG,2022-08-03 09:14:14.303,17,30,19.4,38,650,682,0,688.0006063384444,-6.000606338444413,-2.0192654454897943,0,0.018679561201894783,,N
WeldingTest_03_NG,2022-08-03 09:14:16.065,18,30,19.4,38,650,682,0,688.0006063384444,-6.000606338444413,-2.0192654454897943,0,0.018679561201894783,,N
WeldingTest_03_NG,2022-08-03 09:14:36.471,19,250,241.1,83,1670,1690,0,1707.000103955623,-17.00010395562299,-1.9149536586884446,0,0.015215732370009625,,N
WeldingTest_03_NG,2022-08-03 09:14:39.095,20,250,241.2,82,1154,1673,0,1689.0001549203207,-16.00015492032071,-1.989651306578286,0,0.01762426196713884,,N
WeldingTest_03_NG,2022-08-03 09:14:42.519,21,250,241.1,83,1670,1697,0,1712.3737369702349,-15.373736970234859,-1.723527766106446,0,0.010426282629246476,,N
WeldingTest_03_NG,2022-08-03 09:14:45.179,22,250,241.2,82,1154,1675,0,1692.099787412438,-17.09978741243799,-2.1291537622107106,0,0.02316460986710628,,N
WeldingTest_03_NG,2022-08-03 09:14:48.647,23,250,241.1,83,1670,1698,0,1714.000016164169,-16.000016164168983,-1.7972417893136765,0,0.012062518454672457,,N
WeldingTest_03_NG,2022-08-03 09:14:51.295,24,250,241.2,82,1154,1678,0,1693.9999960126588,-15.999996012658812,-1.989631147107542,0,0.017623563912780586,,N
WeldingTest_03_NG,2022-08-03 09:14:57.735,25,250,241.1,83,1670,1697,0,1712.9966966279746,-15.996696627974643,-1.7968510748041786,0,0.012053209703825838,,N
WeldingTest_03_NG,2022-08-03 09:15:00.423,26,250,241.2,82,1154,1677,0,1693.0000140611949,-16.00001406119486,-1.98963343679534,0,0.017623643195565915,,N
WeldingTest_03_NG,2022-08-03 09:15:03.921,27,250,241.1,83,1670,1699,0,1716.0029705464842,-17.00297054648422,-1.9152910608364275,0,0.015225847090383205,,N
WeldingTest_03_NG,2022-08-03 09:15:06.661,28,250,241.2,82,1154,1678,0,1694.999985710131,-16.999985710131114,-2.1164926389282415,0,0.022598483765049245,,N
WeldingTest_03_NG,2022-08-03 09:15:10.167,29,250,241.1,83,1670,1700,0,1716.999967777064,-16.999967777064057,-1.9149376302628627,0,0.015215252030760974,,N
WeldingTest_03_NG,2022-08-03 09:15:12.847,30,250,241.2,82,1154,1680,0,1696.988693652646,-16.988693652645907,-2.1150600969111393,0,0.02253528686764939,,N
WeldingTest_03_NG,2022-08-03 09:15:17.255,31,30,19.4,38,650,682,0,688.0006063384444,-6.000606338444413,-2.0192654454897943,0,0.018679561201894783,,N
WeldingTest_03_NG,2022-08-03 09:15:18.757,32,30,19.4,38,650,682,0,688.0006063384444,-6.000606338444413,-2.0192654454897943,0,0.018679561201894783,,N
WeldingTest_03_NG,2022-08-03 09:15:21.851,33,30,19.4,38,650,682,0,688.0006063384444,-6.000606338444413,-2.0192654454897943,0,0.018679561201894783,,N
WeldingTest_03_NG,2022-08-03 09:15:23.579,34,30,19.4,38,650,682,0,688.0006063384444,-6.000606338444413,-2.0192654454897943,0,0.018679561201894783,,N
WeldingTest_03_NG,2022-08-03 09:15:27.013,35,30,19.4,38,650,682,0,688.0006063384444,-6.000606338444413,-2.0192654454897943,0,0.018679561201894783,,N
WeldingTest_03_NG,2022-08-03 09:15:28.751,36,30,19.4,38,650,682,0,688.0006063384444,-6.000606338444413,-2.0192654454897943,0,0.018679561201894783,,N
WeldingTest_03_NG,2022-08-03 09:15:30.469,37,30,19.4,38,650,682,0,688.0006063384444,-6.000606338444413,-2.0192654454897943,0,0.018679561201894783,,N
WeldingTest_03_NG,2022-08-03 09:15:33.471,38,30,19.4,38,650,682,0,688.0006063384444,-6.000606338444413,-2.0192654454897943,0,0.018679561201894783,,N
WeldingTest_03_NG,2022-08-03 09:15:34.947,39,30,19.4,38,650,682,0,688.0006063384444,-6.000606338444413,-2.0192654454897943,0,0.018679561201894783,,N
WeldingTest_03_NG,2022-08-03 09:20:12.830,1,250,241.1,82,1154,1660,0,1679.3760170564362,-19.37601705643624,-2.4179226256240414,0,0.04053715039861013,,N
WeldingTest_03_NG,2022-08-03 09:20:16.134,2,250,241.2,83,1670,1685,0,1704.5159551916302,-19.515955191630155,-2.2110732139813494,0,0.02717640658643964,,N
WeldingTest_03_NG,2022-08-03 09:20:18.964,3,250,241.1,82,1153,1666,0,1687.0000658542688,-21.00006585426877,-2.6239540015506466,0,0.05996861071980792,,N
WeldingTest_03_NG,2022-08-03 09:20:22.210,4,250,241.2,83,1670,1690,0,1708.9999966770276,-18.99999667702764,-2.150344104204507,0,0.024143230529360713,,N
WeldingTest_03_NG,2022-08-03 09:20:25.040,5,250,241.1,82,1154,1670,0,1689.0246460370001,-19.02464603700014,-2.3733467146712606,0,0.03720825199081969,,N
WeldingTest_03_NG,2022-08-03 09:20:28.278,6,250,241.2,83,1670,1694,0,1712.029134968304,-18.029134968304106,-2.0360721896638077,0,0.019305790508210408,,N
WeldingTest_03_NG,2022-08-03 09:20:34.010,7,250,241.1,82,1153,1669,0,1687.9999985928248,-18.999998592824795,-2.3702198709192146,0,0.036984868387859825,,N
WeldingTest_03_NG,2022-08-03 09:20:37.294,8,250,241.2,83,1670,1694,0,1711.9999942256752,-17.99999422567521,-2.032642279490793,0,0.019176340368008915,,N
WeldingTest_03_NG,2022-08-03 09:20:40.142,9,250,241.1,82,1154,1673,0,1692.000000006275,-19.00000000627506,-2.370220050233471,0,0.03698488116112934,,N
WeldingTest_03_NG,2022-08-03 09:20:43.408,10,250,241.2,83,1670,1695,0,1714.011058058723,-19.011058058722938,-2.1516460458223805,0,0.02420465496536864,,N
WeldingTest_03_NG,2022-08-03 09:20:46.262,11,250,241.1,82,1154,1674,0,1693.077006948619,-19.0770069486191,-2.379989366468438,0,0.03768711921269214,,N
WeldingTest_03_NG,2022-08-03 09:20:49.502,12,250,241.2,83,1670,1698,0,1716.0000403355489,-18.000040335548874,-2.0326477066937563,0,0.019176544525344244,,N
WeldingTest_03_NG,2022-08-03 09:20:54.004,13,30,19.4,38,650,682,0,688.0006063384444,-6.000606338444413,-2.0192654454897943,0,0.018679561201894783,,N
WeldingTest_03_NG,2022-08-03 09:20:55.772,14,30,19.4,35,650,630,1,688.0006063384444,-58.00060633844441,-19.51956420455081,1,0.9999999999999669,"출력 저하 - 광학계/렌즈 오염, 레이저 소스 점검 + 학습에 없는 출력 설정값(SetPower) 확인",Y
WeldingTest_03_NG,2022-08-03 09:20:58.702,15,30,19.4,38,650,680,0,688.0006063384444,-8.000606338444413,-2.6923538592998333,0,0.06816069625925017,,N
WeldingTest_03_NG,2022-08-03 09:21:02.102,16,30,19.4,38,650,680,0,688.0006063384444,-8.000606338444413,-2.6923538592998333,0,0.06816069625925017,,N
WeldingTest_03_NG,2022-08-03 09:21:03.902,17,30,19.4,38,650,680,0,688.0006063384444,-8.000606338444413,-2.6923538592998333,0,0.06816069625925017,,N
WeldingTest_03_NG,2022-08-03 09:21:05.698,18,30,19.4,38,650,680,0,688.0006063384444,-8.000606338444413,-2.6923538592998333,0,0.06816069625925017,,N
WeldingTest_03_NG,2022-08-03 09:21:26.762,19,250,241.1,83,1670,1689,0,1707.000103955623,-18.00010395562299,-2.032655194874212,0,0.01917682621481966,,N
WeldingTest_03_NG,2022-08-03 09:21:29.482,20,250,241.2,82,1154,1671,0,1689.0001549203207,-18.00015492032071,-2.243376904234682,0,0.028937677297542166,,N
WeldingTest_03_NG,2022-08-03 09:21:32.904,21,250,241.1,83,1670,1694,0,1712.3737369702349,-18.37373697023486,-2.076632374663748,0,0.020903056861040756,,N
WeldingTest_03_NG,2022-08-03 09:21:35.590,22,250,241.2,82,1154,1674,0,1692.099787412438,-18.09978741243799,-2.2560165610389085,0,0.02965655550795212,,N
WeldingTest_03_NG,2022-08-03 09:21:38.996,23,250,241.1,83,1670,1697,0,1714.000016164169,-17.000016164168983,-1.914943325499444,0,0.015215422703684443,,N
WeldingTest_03_NG,2022-08-03 09:21:41.622,24,250,241.2,82,1154,1677,0,1693.9999960126588,-16.999996012658812,-2.11649394593574,0,0.02259854150294162,,N
WeldingTest_03_NG,2022-08-03 09:21:48.086,25,250,241.1,83,1670,1695,0,1712.9966966279746,-17.996696627974643,-2.0322541471757134,0,0.019161745358881054,,N
WeldingTest_03_NG,2022-08-03 09:21:50.690,26,250,241.2,82,1154,1677,0,1693.0000140611949,-16.00001406119486,-1.98963343679534,0,0.017623643195565915,,N
WeldingTest_03_NG,2022-08-03 09:21:54.120,27,250,241.1,83,1670,1699,0,1716.0029705464842,-17.00297054648422,-1.9152910608364275,0,0.015225847090383205,,N
WeldingTest_03_NG,2022-08-03 09:21:56.768,28,250,241.2,82,1154,1678,0,1694.999985710131,-16.999985710131114,-2.1164926389282415,0,0.022598483765049245,,N
WeldingTest_03_NG,2022-08-03 09:22:00.268,29,250,241.1,83,1670,1700,0,1716.999967777064,-16.999967777064057,-1.9149376302628627,0,0.015215252030760974,,N
WeldingTest_03_NG,2022-08-03 09:22:02.848,30,250,241.2,82,1154,1679,0,1696.988693652646,-17.988693652645907,-2.241922895739337,0,0.02885607302592614,,N
WeldingTest_03_NG,2022-08-03 09:22:07.328,31,30,19.4,38,650,682,0,688.0006063384444,-6.000606338444413,-2.0192654454897943,0,0.018679561201894783,,N
WeldingTest_03_NG,2022-08-03 09:22:08.844,32,30,19.4,38,650,682,0,688.0006063384444,-6.000606338444413,-2.0192654454897943,0,0.018679561201894783,,N
WeldingTest_03_NG,2022-08-03 09:22:11.910,33,30,19.4,38,650,682,0,688.0006063384444,-6.000606338444413,-2.0192654454897943,0,0.018679561201894783,,N
WeldingTest_03_NG,2022-08-03 09:22:13.708,34,30,19.4,38,650,682,0,688.0006063384444,-6.000606338444413,-2.0192654454897943,0,0.018679561201894783,,N
WeldingTest_03_NG,2022-08-03 09:22:17.272,35,30,19.4,38,650,682,0,688.0006063384444,-6.000606338444413,-2.0192654454897943,0,0.018679561201894783,,N
WeldingTest_03_NG,2022-08-03 09:22:18.930,36,30,19.4,38,650,682,0,688.0006063384444,-6.000606338444413,-2.0192654454897943,0,0.018679561201894783,,N
WeldingTest_03_NG,2022-08-03 09:22:20.636,37,30,19.4,38,650,682,0,688.0006063384444,-6.000606338444413,-2.0192654454897943,0,0.018679561201894783,,N
WeldingTest_03_NG,2022-08-03 09:22:23.658,38,30,19.4,38,650,682,0,688.0006063384444,-6.000606338444413,-2.0192654454897943,0,0.018679561201894783,,N
WeldingTest_03_NG,2022-08-03 09:22:25.176,39,30,19.4,38,650,682,0,688.0006063384444,-6.000606338444413,-2.0192654454897943,0,0.018679561201894783,,N
WeldingTest_03_NG,2022-08-03 09:32:13.603,1,250,241.1,82,1154,1660,0,1679.3760170564362,-19.37601705643624,-2.4179226256240414,0,0.04053715039861013,,N
WeldingTest_03_NG,2022-08-03 09:32:16.917,2,250,241.2,83,1670,1685,0,1704.5159551916302,-19.515955191630155,-2.2110732139813494,0,0.02717640658643964,,N
WeldingTest_03_NG,2022-08-03 09:32:19.777,3,250,241.1,82,1153,1667,0,1687.0000658542688,-20.00006585426877,-2.4970912027224483,0,0.04716374458367817,,N
WeldingTest_03_NG,2022-08-03 09:32:22.983,4,250,241.2,83,1670,1690,0,1708.9999966770276,-18.99999667702764,-2.150344104204507,0,0.024143230529360713,,N
WeldingTest_03_NG,2022-08-03 09:32:25.741,5,250,241.1,82,1154,1670,0,1689.0246460370001,-19.02464603700014,-2.3733467146712606,0,0.03720825199081969,,N
WeldingTest_03_NG,2022-08-03 09:32:28.999,6,250,241.2,83,1670,1693,0,1712.029134968304,-19.029134968304106,-2.1537737258495753,0,0.024305365173372517,,N
WeldingTest_03_NG,2022-08-03 09:32:34.729,7,250,241.1,82,1153,1669,0,1687.9999985928248,-18.999998592824795,-2.3702198709192146,0,0.036984868387859825,,N
WeldingTest_03_NG,2022-08-03 09:32:38.075,8,250,241.2,83,1670,1693,0,1711.9999942256752,-18.99999422567521,-2.15034381567656,0,0.024143216933734307,,N
WeldingTest_03_NG,2022-08-03 09:32:40.845,9,250,241.1,82,1154,1673,0,1692.000000006275,-19.00000000627506,-2.370220050233471,0,0.03698488116112934,,N
WeldingTest_03_NG,2022-08-03 09:32:44.055,10,250,241.2,83,1670,1695,0,1714.011058058723,-19.011058058722938,-2.1516460458223805,0,0.02420465496536864,,N
WeldingTest_03_NG,2022-08-03 09:32:46.835,11,250,241.1,82,1154,1674,0,1693.077006948619,-19.0770069486191,-2.379989366468438,0,0.03768711921269214,,N
WeldingTest_03_NG,2022-08-03 09:32:50.134,12,250,241.2,83,1670,1698,0,1716.0000403355489,-18.000040335548874,-2.0326477066937563,0,0.019176544525344244,,N
WeldingTest_03_NG,2022-08-03 09:32:54.792,13,30,19.4,38,650,682,0,688.0006063384444,-6.000606338444413,-2.0192654454897943,0,0.018679561201894783,,N
WeldingTest_03_NG,2022-08-03 09:32:56.460,14,30,19.4,35,650,630,1,688.0006063384444,-58.00060633844441,-19.51956420455081,1,0.9999999999999669,"출력 저하 - 광학계/렌즈 오염, 레이저 소스 점검 + 학습에 없는 출력 설정값(SetPower) 확인",Y
WeldingTest_03_NG,2022-08-03 09:32:59.402,15,30,19.4,38,650,682,0,688.0006063384444,-6.000606338444413,-2.0192654454897943,0,0.018679561201894783,,N
WeldingTest_03_NG,2022-08-03 09:33:02.812,16,30,19.4,38,650,680,0,688.0006063384444,-8.000606338444413,-2.6923538592998333,0,0.06816069625925017,,N
WeldingTest_03_NG,2022-08-03 09:33:04.548,17,30,19.4,38,650,680,0,688.0006063384444,-8.000606338444413,-2.6923538592998333,0,0.06816069625925017,,N
WeldingTest_03_NG,2022-08-03 09:33:06.282,18,30,19.4,38,650,680,0,688.0006063384444,-8.000606338444413,-2.6923538592998333,0,0.06816069625925017,,N
WeldingTest_03_NG,2022-08-03 09:33:26.884,19,250,241.1,83,1670,1689,0,1707.000103955623,-18.00010395562299,-2.032655194874212,0,0.01917682621481966,,N
WeldingTest_03_NG,2022-08-03 09:33:29.456,20,250,241.2,82,1154,1671,0,1689.0001549203207,-18.00015492032071,-2.243376904234682,0,0.028937677297542166,,N
WeldingTest_03_NG,2022-08-03 09:33:32.914,21,250,241.1,83,1670,1694,0,1712.3737369702349,-18.37373697023486,-2.076632374663748,0,0.020903056861040756,,N
WeldingTest_03_NG,2022-08-03 09:33:35.692,22,250,241.2,82,1154,1674,0,1692.099787412438,-18.09978741243799,-2.2560165610389085,0,0.02965655550795212,,N
WeldingTest_03_NG,2022-08-03 09:33:39.214,23,250,241.1,83,1670,1697,0,1714.000016164169,-17.000016164168983,-1.914943325499444,0,0.015215422703684443,,N
WeldingTest_03_NG,2022-08-03 09:33:41.856,24,250,241.2,82,1154,1675,0,1693.9999960126588,-18.999996012658812,-2.3702195435921363,0,0.036984845071057725,,N
WeldingTest_03_NG,2022-08-03 09:33:48.282,25,250,241.1,83,1670,1695,0,1712.9966966279746,-17.996696627974643,-2.0322541471757134,0,0.019161745358881054,,N
WeldingTest_03_NG,2022-08-03 09:33:50.912,26,250,241.2,82,1154,1675,0,1693.0000140611949,-18.00001406119486,-2.2433590344517365,0,0.028936673022350638,,N
WeldingTest_03_NG,2022-08-03 09:33:54.416,27,250,241.1,83,1670,1698,0,1716.0029705464842,-18.00297054648422,-2.032992597022195,0,0.019189522778869695,,N
WeldingTest_03_NG,2022-08-03 09:33:57.162,28,250,241.2,82,1154,1677,0,1694.999985710131,-17.999985710131114,-2.2433554377564398,0,0.028936470893493303,,N
WeldingTest_03_NG,2022-08-03 09:34:00.660,29,250,241.1,83,1670,1699,0,1716.999967777064,-17.999967777064057,-2.03263916644863,0,0.019176223264377925,,N
WeldingTest_03_NG,2022-08-03 09:34:03.266,30,250,241.2,82,1154,1678,0,1696.988693652646,-18.988693652645907,-2.3687856945675354,0,0.0368828418747517,,N
WeldingTest_03_NG,2022-08-03 09:34:07.602,31,30,19.4,38,650,682,0,688.0006063384444,-6.000606338444413,-2.0192654454897943,0,0.018679561201894783,,N
WeldingTest_03_NG,2022-08-03 09:34:09.146,32,30,19.4,38,650,682,0,688.0006063384444,-6.000606338444413,-2.0192654454897943,0,0.018679561201894783,,N
WeldingTest_03_NG,2022-08-03 09:34:12.188,33,30,19.4,38,650,682,0,688.0006063384444,-6.000606338444413,-2.0192654454897943,0,0.018679561201894783,,N
WeldingTest_03_NG,2022-08-03 09:34:13.962,34,30,19.4,38,650,682,0,688.0006063384444,-6.000606338444413,-2.0192654454897943,0,0.018679561201894783,,N
WeldingTest_03_NG,2022-08-03 09:34:17.440,35,30,19.4,38,650,682,0,688.0006063384444,-6.000606338444413,-2.0192654454897943,0,0.018679561201894783,,N
WeldingTest_03_NG,2022-08-03 09:34:19.092,36,30,19.4,38,650,682,0,688.0006063384444,-6.000606338444413,-2.0192654454897943,0,0.018679561201894783,,N
WeldingTest_03_NG,2022-08-03 09:34:20.756,37,30,19.4,38,650,682,0,688.0006063384444,-6.000606338444413,-2.0192654454897943,0,0.018679561201894783,,N
WeldingTest_03_NG,2022-08-03 09:34:23.750,38,30,19.4,38,650,682,0,688.0006063384444,-6.000606338444413,-2.0192654454897943,0,0.018679561201894783,,N
WeldingTest_03_NG,2022-08-03 09:34:25.260,39,30,19.4,38,650,682,0,688.0006063384444,-6.000606338444413,-2.0192654454897943,0,0.018679561201894783,,N
WeldingTest_03_NG,2022-08-03 09:35:12.514,1,250,241.1,82,1154,1665,0,1679.3760170564362,-14.37601705643624,-1.7836086314830508,0,0.011741871224911007,,N
WeldingTest_03_NG,2022-08-03 09:35:15.790,2,250,241.2,83,1670,1690,0,1704.5159551916302,-14.515955191630155,-1.6225655330525126,0,0.00853617934236074,,N
WeldingTest_03_NG,2022-08-03 09:35:18.524,3,250,241.1,82,1153,1671,0,1687.0000658542688,-16.00006585426877,-1.9896400074096559,0,0.017623870711761705,,N
WeldingTest_03_NG,2022-08-03 09:35:21.906,4,250,241.2,83,1670,1695,0,1708.9999966770276,-13.999996677027639,-1.5618364232756696,0,0.007567267823260635,,N
WeldingTest_03_NG,2022-08-03 09:35:24.734,5,250,241.1,82,1154,1674,0,1689.0246460370001,-15.024646037000139,-1.8658955193584679,0,0.013813365798905075,,N
WeldingTest_03_NG,2022-08-03 09:35:27.966,6,250,241.2,83,1670,1698,0,1712.029134968304,-14.029134968304106,-1.5652660449207383,0,0.00761895515219327,,N
WeldingTest_03_NG,2022-08-03 09:35:33.700,7,250,241.1,82,1153,1673,0,1687.9999985928248,-14.999998592824795,-1.8627686756064221,0,0.013728433097365383,,N
WeldingTest_03_NG,2022-08-03 09:35:36.990,8,250,241.2,83,1670,1697,0,1711.9999942256752,-14.99999422567521,-1.6795376709334904,0,0.009556562595647659,,N
WeldingTest_03_NG,2022-08-03 09:35:39.868,9,250,241.1,82,1154,1675,0,1692.000000006275,-17.00000000627506,-2.116494452577075,0,0.022598563884185442,,N
WeldingTest_03_NG,2022-08-03 09:35:43.188,10,250,241.2,83,1670,1699,0,1714.011058058723,-15.011058058722938,-1.680839901079311,0,0.009581245938673098,,N
WeldingTest_03_NG,2022-08-03 09:35:45.958,11,250,241.1,82,1154,1678,0,1693.077006948619,-15.0770069486191,-1.8725381711556455,0,0.013995519477128947,,N
WeldingTest_03_NG,2022-08-03 09:35:49.202,12,250,241.2,83,1670,1700,0,1716.0000403355489,-16.000040335548874,-1.7972446343222215,0,0.01206258626287463,,N
WeldingTest_03_NG,2022-08-03 09:35:53.676,13,30,19.4,38,650,682,0,688.0006063384444,-6.000606338444413,-2.0192654454897943,0,0.018679561201894783,,N
WeldingTest_03_NG,2022-08-03 09:35:55.350,14,30,19.4,35,650,632,1,688.0006063384444,-56.00060633844441,-18.846475790740772,1,0.9999999999998728,"출력 저하 - 광학계/렌즈 오염, 레이저 소스 점검 + 학습에 없는 출력 설정값(SetPower) 확인",Y
WeldingTest_03_NG,2022-08-03 09:35:58.320,15,30,19.4,38,650,682,0,688.0006063384444,-6.000606338444413,-2.0192654454897943,0,0.018679561201894783,,N
WeldingTest_03_NG,2022-08-03 09:36:01.736,16,30,19.4,38,650,682,0,688.0006063384444,-6.000606338444413,-2.0192654454897943,0,0.018679561201894783,,N
WeldingTest_03_NG,2022-08-03 09:36:03.442,17,30,19.4,38,650,682,0,688.0006063384444,-6.000606338444413,-2.0192654454897943,0,0.018679561201894783,,N
WeldingTest_03_NG,2022-08-03 09:36:05.194,18,30,19.4,38,650,682,0,688.0006063384444,-6.000606338444413,-2.0192654454897943,0,0.018679561201894783,,N
WeldingTest_03_NG,2022-08-03 09:36:25.666,19,250,241.1,83,1670,1690,0,1707.000103955623,-17.00010395562299,-1.9149536586884446,0,0.015215732370009625,,N
WeldingTest_03_NG,2022-08-03 09:36:28.256,20,250,241.2,82,1154,1673,0,1689.0001549203207,-16.00015492032071,-1.989651306578286,0,0.01762426196713884,,N
WeldingTest_03_NG,2022-08-03 09:36:31.702,21,250,241.1,83,1670,1697,0,1712.3737369702349,-15.373736970234859,-1.723527766106446,0,0.010426282629246476,,N
WeldingTest_03_NG,2022-08-03 09:36:34.458,22,250,241.2,82,1154,1677,0,1692.099787412438,-15.09978741243799,-1.8754281645543143,0,0.01407550570912607,,N
WeldingTest_03_NG,2022-08-03 09:36:37.870,23,250,241.1,83,1670,1699,0,1714.000016164169,-15.000016164168983,-1.679540253127909,0,0.009556611477923933,,N
WeldingTest_03_NG,2022-08-03 09:36:40.464,24,250,241.2,82,1154,1678,0,1693.9999960126588,-15.999996012658812,-1.989631147107542,0,0.017623563912780586,,N
WeldingTest_03_NG,2022-08-03 09:36:46.870,25,250,241.1,83,1670,1697,0,1712.9966966279746,-15.996696627974643,-1.7968510748041786,0,0.012053209703825838,,N
WeldingTest_03_NG,2022-08-03 09:36:49.488,26,250,241.2,82,1154,1678,0,1693.0000140611949,-15.000014061194861,-1.862770637967142,0,0.013728486238050749,,N
WeldingTest_03_NG,2022-08-03 09:36:52.908,27,250,241.1,83,1670,1700,0,1716.0029705464842,-16.00297054648422,-1.7975895246506601,0,0.012070809201601864,,N
WeldingTest_03_NG,2022-08-03 09:36:55.562,28,250,241.2,82,1154,1679,0,1694.999985710131,-15.999985710131114,-1.9896298401000434,0,0.01762351865646421,,N
WeldingTest_03_NG,2022-08-03 09:36:59.086,29,250,241.1,83,1670,1702,0,1716.999967777064,-14.999967777064057,-1.6795345578913279,0,0.00955650366447817,,N
WeldingTest_03_NG,2022-08-03 09:37:01.688,30,250,241.2,82,1154,1680,0,1696.988693652646,-16.988693652645907,-2.1150600969111393,0,0.02253528686764939,,N
WeldingTest_03_NG,2022-08-03 09:37:06.052,31,30,19.4,38,650,682,0,688.0006063384444,-6.000606338444413,-2.0192654454897943,0,0.018679561201894783,,N
WeldingTest_03_NG,2022-08-03 09:37:07.658,32,30,19.4,38,650,682,0,688.0006063384444,-6.000606338444413,-2.0192654454897943,0,0.018679561201894783,,N
WeldingTest_03_NG,2022-08-03 09:37:10.750,33,30,19.4,38,650,682,0,688.0006063384444,-6.000606338444413,-2.0192654454897943,0,0.018679561201894783,,N
WeldingTest_03_NG,2022-08-03 09:37:12.482,34,30,19.4,38,650,682,0,688.0006063384444,-6.000606338444413,-2.0192654454897943,0,0.018679561201894783,,N
WeldingTest_03_NG,2022-08-03 09:37:15.948,35,30,19.4,38,650,682,0,688.0006063384444,-6.000606338444413,-2.0192654454897943,0,0.018679561201894783,,N
WeldingTest_03_NG,2022-08-03 09:37:17.630,36,30,19.4,38,650,682,0,688.0006063384444,-6.000606338444413,-2.0192654454897943,0,0.018679561201894783,,N
WeldingTest_03_NG,2022-08-03 09:37:19.348,37,30,19.4,38,650,682,0,688.0006063384444,-6.000606338444413,-2.0192654454897943,0,0.018679561201894783,,N
WeldingTest_03_NG,2022-08-03 09:37:22.352,38,30,19.4,38,650,682,0,688.0006063384444,-6.000606338444413,-2.0192654454897943,0,0.018679561201894783,,N
WeldingTest_03_NG,2022-08-03 09:37:23.832,39,30,19.4,38,650,682,0,688.0006063384444,-6.000606338444413,-2.0192654454897943,0,0.018679561201894783,,N
WeldingTest_03_NG,2022-08-03 09:38:41.402,1,250,241.1,82,1154,1663,0,1679.3760170564362,-16.37601705643624,-2.037334229139447,0,0.019353637116623277,,N
WeldingTest_03_NG,2022-08-03 09:38:44.824,2,250,241.2,83,1670,1689,0,1704.5159551916302,-15.515955191630155,-1.74026706923828,0,0.010777423152003118,,N
WeldingTest_03_NG,2022-08-03 09:38:47.640,3,250,241.1,82,1153,1670,0,1687.0000658542688,-17.00006585426877,-2.116502806237854,0,0.022598932916255355,,N
WeldingTest_03_NG,2022-08-03 09:38:50.882,4,250,241.2,83,1670,1694,0,1708.9999966770276,-14.999996677027639,-1.679537959461437,0,0.009556568057618677,,N
WeldingTest_03_NG,2022-08-03 09:38:53.652,5,250,241.1,82,1154,1674,0,1689.0246460370001,-15.024646037000139,-1.8658955193584679,0,0.013813365798905075,,N
WeldingTest_03_NG,2022-08-03 09:38:56.908,6,250,241.2,83,1670,1697,0,1712.029134968304,-15.029134968304106,-1.6829675811065057,0,0.009621711333202183,,N
WeldingTest_03_NG,2022-08-03 09:39:02.672,7,250,241.1,82,1153,1671,0,1687.9999985928248,-16.999998592824795,-2.1164942732628185,0,0.022598555962847263,,N
WeldingTest_03_NG,2022-08-03 09:39:05.896,8,250,241.2,83,1670,1697,0,1711.9999942256752,-14.99999422567521,-1.6795376709334904,0,0.009556562595647659,,N
WeldingTest_03_NG,2022-08-03 09:39:08.646,9,250,241.1,82,1154,1675,0,1692.000000006275,-17.00000000627506,-2.116494452577075,0,0.022598563884185442,,N
WeldingTest_03_NG,2022-08-03 09:39:11.878,10,250,241.2,83,1670,1699,0,1714.011058058723,-15.011058058722938,-1.680839901079311,0,0.009581245938673098,,N
WeldingTest_03_NG,2022-08-03 09:39:14.638,11,250,241.1,82,1154,1677,0,1693.077006948619,-16.0770069486191,-1.9994009699838435,0,0.01796506119526526,,N
WeldingTest_03_NG,2022-08-03 09:39:17.912,12,250,241.2,83,1670,1700,0,1716.0000403355489,-16.000040335548874,-1.7972446343222215,0,0.01206258626287463,,N
WeldingTest_03_NG,2022-08-03 09:39:22.470,13,30,19.4,38,650,682,0,688.0006063384444,-6.000606338444413,-2.0192654454897943,0,0.018679561201894783,,N
WeldingTest_03_NG,2022-08-03 09:39:24.180,14,30,19.4,35,650,632,1,688.0006063384444,-56.00060633844441,-18.846475790740772,1,0.9999999999998728,"출력 저하 - 광학계/렌즈 오염, 레이저 소스 점검 + 학습에 없는 출력 설정값(SetPower) 확인",Y
WeldingTest_03_NG,2022-08-03 09:39:27.104,15,30,19.4,38,650,682,0,688.0006063384444,-6.000606338444413,-2.0192654454897943,0,0.018679561201894783,,N
WeldingTest_03_NG,2022-08-03 09:39:30.512,16,30,19.4,38,650,682,0,688.0006063384444,-6.000606338444413,-2.0192654454897943,0,0.018679561201894783,,N
WeldingTest_03_NG,2022-08-03 09:39:32.282,17,30,19.4,38,650,682,0,688.0006063384444,-6.000606338444413,-2.0192654454897943,0,0.018679561201894783,,N
WeldingTest_03_NG,2022-08-03 09:39:33.962,18,30,19.4,38,650,682,0,688.0006063384444,-6.000606338444413,-2.0192654454897943,0,0.018679561201894783,,N
WeldingTest_03_NG,2022-08-03 09:39:54.697,19,250,241.1,83,1670,1690,0,1707.000103955623,-17.00010395562299,-1.9149536586884446,0,0.015215732370009625,,N
WeldingTest_03_NG,2022-08-03 09:39:57.365,20,250,241.2,82,1154,1673,0,1689.0001549203207,-16.00015492032071,-1.989651306578286,0,0.01762426196713884,,N
WeldingTest_03_NG,2022-08-03 09:40:00.815,21,250,241.1,83,1670,1697,0,1712.3737369702349,-15.373736970234859,-1.723527766106446,0,0.010426282629246476,,N
WeldingTest_03_NG,2022-08-03 09:40:03.465,22,250,241.2,82,1154,1675,0,1692.099787412438,-17.09978741243799,-2.1291537622107106,0,0.02316460986710628,,N
WeldingTest_03_NG,2022-08-03 09:40:06.937,23,250,241.1,83,1670,1698,0,1714.000016164169,-16.000016164168983,-1.7972417893136765,0,0.012062518454672457,,N
WeldingTest_03_NG,2022-08-03 09:40:09.611,24,250,241.2,82,1154,1678,0,1693.9999960126588,-15.999996012658812,-1.989631147107542,0,0.017623563912780586,,N
WeldingTest_03_NG,2022-08-03 09:40:16.067,25,250,241.1,83,1670,1697,0,1712.9966966279746,-15.996696627974643,-1.7968510748041786,0,0.012053209703825838,,N
WeldingTest_03_NG,2022-08-03 09:40:18.675,26,250,241.2,82,1154,1677,0,1693.0000140611949,-16.00001406119486,-1.98963343679534,0,0.017623643195565915,,N
WeldingTest_03_NG,2022-08-03 09:40:22.119,27,250,241.1,83,1670,1699,0,1716.0029705464842,-17.00297054648422,-1.9152910608364275,0,0.015225847090383205,,N
WeldingTest_03_NG,2022-08-03 09:40:24.785,28,250,241.2,82,1154,1679,0,1694.999985710131,-15.999985710131114,-1.9896298401000434,0,0.01762351865646421,,N
WeldingTest_03_NG,2022-08-03 09:40:28.253,29,250,241.1,83,1670,1700,0,1716.999967777064,-16.999967777064057,-1.9149376302628627,0,0.015215252030760974,,N
WeldingTest_03_NG,2022-08-03 09:40:30.903,30,250,241.2,82,1154,1680,0,1696.988693652646,-16.988693652645907,-2.1150600969111393,0,0.02253528686764939,,N
WeldingTest_03_NG,2022-08-03 09:40:35.313,31,30,19.4,38,650,682,0,688.0006063384444,-6.000606338444413,-2.0192654454897943,0,0.018679561201894783,,N
WeldingTest_03_NG,2022-08-03 09:40:36.961,32,30,19.4,38,650,682,0,688.0006063384444,-6.000606338444413,-2.0192654454897943,0,0.018679561201894783,,N
WeldingTest_03_NG,2022-08-03 09:40:40.037,33,30,19.4,38,650,682,0,688.0006063384444,-6.000606338444413,-2.0192654454897943,0,0.018679561201894783,,N
WeldingTest_03_NG,2022-08-03 09:40:41.781,34,30,19.4,38,650,682,0,688.0006063384444,-6.000606338444413,-2.0192654454897943,0,0.018679561201894783,,N
WeldingTest_03_NG,2022-08-03 09:40:45.235,35,30,19.4,38,650,682,0,688.0006063384444,-6.000606338444413,-2.0192654454897943,0,0.018679561201894783,,N
WeldingTest_03_NG,2022-08-03 09:40:46.951,36,30,19.4,38,650,682,0,688.0006063384444,-6.000606338444413,-2.0192654454897943,0,0.018679561201894783,,N
WeldingTest_03_NG,2022-08-03 09:40:48.669,37,30,19.4,38,650,682,0,688.0006063384444,-6.000606338444413,-2.0192654454897943,0,0.018679561201894783,,N
WeldingTest_03_NG,2022-08-03 09:40:51.647,38,30,19.4,38,650,682,0,688.0006063384444,-6.000606338444413,-2.0192654454897943,0,0.018679561201894783,,N
WeldingTest_03_NG,2022-08-03 09:40:53.137,39,30,19.4,38,650,682,0,688.0006063384444,-6.000606338444413,-2.0192654454897943,0,0.018679561201894783,,N
WeldingTest_03_NG,2022-08-03 09:41:46.815,1,250,241.1,82,1154,1665,0,1679.3760170564362,-14.37601705643624,-1.7836086314830508,0,0.011741871224911007,,N
WeldingTest_03_NG,2022-08-03 09:41:50.095,2,250,241.2,83,1670,1692,0,1704.5159551916302,-12.515955191630155,-1.3871624606809778,0,0.005347974410351919,,N
WeldingTest_03_NG,2022-08-03 09:41:52.921,3,250,241.1,82,1153,1671,0,1687.0000658542688,-16.00006585426877,-1.9896400074096559,0,0.017623870711761705,,N
WeldingTest_03_NG,2022-08-03 09:41:56.173,4,250,241.2,83,1670,1695,0,1708.9999966770276,-13.999996677027639,-1.5618364232756696,0,0.007567267823260635,,N
WeldingTest_03_NG,2022-08-03 09:41:58.969,5,250,241.1,82,1154,1674,0,1689.0246460370001,-15.024646037000139,-1.8658955193584679,0,0.013813365798905075,,N
WeldingTest_03_NG,2022-08-03 09:42:02.217,6,250,241.2,83,1670,1698,0,1712.029134968304,-14.029134968304106,-1.5652660449207383,0,0.00761895515219327,,N
WeldingTest_03_NG,2022-08-03 09:42:08.091,7,250,241.1,82,1153,1673,0,1687.9999985928248,-14.999998592824795,-1.8627686756064221,0,0.013728433097365383,,N
WeldingTest_03_NG,2022-08-03 09:42:11.299,8,250,241.2,83,1670,1698,0,1711.9999942256752,-13.99999422567521,-1.561836134747723,0,0.007567263489569633,,N
WeldingTest_03_NG,2022-08-03 09:42:14.037,9,250,241.1,82,1154,1677,0,1692.000000006275,-15.000000006275059,-1.8627688549206785,0,0.01372843795318309,,N
WeldingTest_03_NG,2022-08-03 09:42:17.295,10,250,241.2,83,1670,1699,0,1714.011058058723,-15.011058058722938,-1.680839901079311,0,0.009581245938673098,,N
WeldingTest_03_NG,2022-08-03 09:42:20.165,11,250,241.1,82,1154,1678,0,1693.077006948619,-15.0770069486191,-1.8725381711556455,0,0.013995519477128947,,N
WeldingTest_03_NG,2022-08-03 09:42:23.417,12,250,241.2,83,1670,1700,0,1716.0000403355489,-16.000040335548874,-1.7972446343222215,0,0.01206258626287463,,N
WeldingTest_03_NG,2022-08-03 09:42:27.947,13,30,19.4,38,650,682,0,688.0006063384444,-6.000606338444413,-2.0192654454897943,0,0.018679561201894783,,N
WeldingTest_03_NG,2022-08-03 09:42:29.667,14,30,19.4,35,650,632,1,688.0006063384444,-56.00060633844441,-18.846475790740772,1,0.9999999999998728,"출력 저하 - 광학계/렌즈 오염, 레이저 소스 점검 + 학습에 없는 출력 설정값(SetPower) 확인",Y
WeldingTest_03_NG,2022-08-03 09:42:32.583,15,30,19.4,38,650,682,0,688.0006063384444,-6.000606338444413,-2.0192654454897943,0,0.018679561201894783,,N
WeldingTest_03_NG,2022-08-03 09:42:35.889,16,30,19.4,38,650,682,0,688.0006063384444,-6.000606338444413,-2.0192654454897943,0,0.018679561201894783,,N
WeldingTest_03_NG,2022-08-03 09:42:37.641,17,30,19.4,38,650,682,0,688.0006063384444,-6.000606338444413,-2.0192654454897943,0,0.018679561201894783,,N
WeldingTest_03_NG,2022-08-03 09:42:39.395,18,30,19.4,38,650,682,0,688.0006063384444,-6.000606338444413,-2.0192654454897943,0,0.018679561201894783,,N
WeldingTest_03_NG,2022-08-03 09:43:00.037,19,250,241.1,83,1670,1690,0,1707.000103955623,-17.00010395562299,-1.9149536586884446,0,0.015215732370009625,,N
WeldingTest_03_NG,2022-08-03 09:43:02.689,20,250,241.2,82,1154,1673,0,1689.0001549203207,-16.00015492032071,-1.989651306578286,0,0.01762426196713884,,N
WeldingTest_03_NG,2022-08-03 09:43:06.095,21,250,241.1,83,1670,1697,0,1712.3737369702349,-15.373736970234859,-1.723527766106446,0,0.010426282629246476,,N
WeldingTest_03_NG,2022-08-03 09:43:08.875,22,250,241.2,82,1154,1675,0,1692.099787412438,-17.09978741243799,-2.1291537622107106,0,0.02316460986710628,,N
WeldingTest_03_NG,2022-08-03 09:43:12.289,23,250,241.1,83,1670,1699,0,1714.000016164169,-15.000016164168983,-1.679540253127909,0,0.009556611477923933,,N
WeldingTest_03_NG,2022-08-03 09:43:14.989,24,250,241.2,82,1154,1678,0,1693.9999960126588,-15.999996012658812,-1.989631147107542,0,0.017623563912780586,,N
WeldingTest_03_NG,2022-08-03 09:43:21.363,25,250,241.1,83,1670,1697,0,1712.9966966279746,-15.996696627974643,-1.7968510748041786,0,0.012053209703825838,,N
WeldingTest_03_NG,2022-08-03 09:43:23.989,26,250,241.2,82,1154,1678,0,1693.0000140611949,-15.000014061194861,-1.862770637967142,0,0.013728486238050749,,N
WeldingTest_03_NG,2022-08-03 09:43:27.421,27,250,241.1,83,1670,1700,0,1716.0029705464842,-16.00297054648422,-1.7975895246506601,0,0.012070809201601864,,N
WeldingTest_03_NG,2022-08-03 09:43:30.071,28,250,241.2,82,1154,1679,0,1694.999985710131,-15.999985710131114,-1.9896298401000434,0,0.01762351865646421,,N
WeldingTest_03_NG,2022-08-03 09:43:33.523,29,250,241.1,83,1670,1702,0,1716.999967777064,-14.999967777064057,-1.6795345578913279,0,0.00955650366447817,,N
WeldingTest_03_NG,2022-08-03 09:43:36.177,30,250,241.2,82,1154,1680,0,1696.988693652646,-16.988693652645907,-2.1150600969111393,0,0.02253528686764939,,N
WeldingTest_03_NG,2022-08-03 09:43:40.517,31,30,19.4,38,650,682,0,688.0006063384444,-6.000606338444413,-2.0192654454897943,0,0.018679561201894783,,N
WeldingTest_03_NG,2022-08-03 09:43:42.037,32,30,19.4,38,650,682,0,688.0006063384444,-6.000606338444413,-2.0192654454897943,0,0.018679561201894783,,N
WeldingTest_03_NG,2022-08-03 09:43:45.111,33,30,19.4,38,650,682,0,688.0006063384444,-6.000606338444413,-2.0192654454897943,0,0.018679561201894783,,N
WeldingTest_03_NG,2022-08-03 09:43:46.877,34,30,19.4,38,650,682,0,688.0006063384444,-6.000606338444413,-2.0192654454897943,0,0.018679561201894783,,N
WeldingTest_03_NG,2022-08-03 09:43:50.323,35,30,19.4,38,650,682,0,688.0006063384444,-6.000606338444413,-2.0192654454897943,0,0.018679561201894783,,N
WeldingTest_03_NG,2022-08-03 09:43:52.035,36,30,19.4,38,650,682,0,688.0006063384444,-6.000606338444413,-2.0192654454897943,0,0.018679561201894783,,N
WeldingTest_03_NG,2022-08-03 09:43:53.791,37,30,19.4,38,650,682,0,688.0006063384444,-6.000606338444413,-2.0192654454897943,0,0.018679561201894783,,N
WeldingTest_03_NG,2022-08-03 09:43:56.755,38,30,19.4,38,650,682,0,688.0006063384444,-6.000606338444413,-2.0192654454897943,0,0.018679561201894783,,N
WeldingTest_03_NG,2022-08-03 09:43:58.245,39,30,19.4,38,650,682,0,688.0006063384444,-6.000606338444413,-2.0192654454897943,0,0.018679561201894783,,N
WeldingTest_03_NG,2022-08-03 09:44:44.527,1,250,241.1,82,1154,1665,0,1679.3760170564362,-14.37601705643624,-1.7836086314830508,0,0.011741871224911007,,N
WeldingTest_03_NG,2022-08-03 09:44:47.907,2,250,241.2,83,1670,1692,0,1704.5159551916302,-12.515955191630155,-1.3871624606809778,0,0.005347974410351919,,N
WeldingTest_03_NG,2022-08-03 09:44:50.729,3,250,241.1,82,1153,1673,0,1687.0000658542688,-14.000065854268769,-1.7359144097532597,0,0.010685007560108224,,N
WeldingTest_03_NG,2022-08-03 09:44:54.013,4,250,241.2,83,1670,1695,0,1708.9999966770276,-13.999996677027639,-1.5618364232756696,0,0.007567267823260635,,N
WeldingTest_03_NG,2022-08-03 09:44:56.833,5,250,241.1,82,1154,1675,0,1689.0246460370001,-14.024646037000139,-1.7390327205302698,0,0.010751135463666081,,N
WeldingTest_03_NG,2022-08-03 09:45:00.099,6,250,241.2,83,1670,1698,0,1712.029134968304,-14.029134968304106,-1.5652660449207383,0,0.00761895515219327,,N
WeldingTest_03_NG,2022-08-03 09:45:05.889,7,250,241.1,82,1153,1673,0,1687.9999985928248,-14.999998592824795,-1.8627686756064221,0,0.013728433097365383,,N
WeldingTest_03_NG,2022-08-03 09:45:09.193,8,250,241.2,83,1670,1698,0,1711.9999942256752,-13.99999422567521,-1.561836134747723,0,0.007567263489569633,,N
WeldingTest_03_NG,2022-08-03 09:45:12.041,9,250,241.1,82,1154,1677,0,1692.000000006275,-15.000000006275059,-1.8627688549206785,0,0.01372843795318309,,N
WeldingTest_03_NG,2022-08-03 09:45:15.359,10,250,241.2,83,1670,1699,0,1714.011058058723,-15.011058058722938,-1.680839901079311,0,0.009581245938673098,,N
WeldingTest_03_NG,2022-08-03 09:45:18.135,11,250,241.1,82,1154,1678,0,1693.077006948619,-15.0770069486191,-1.8725381711556455,0,0.013995519477128947,,N
WeldingTest_03_NG,2022-08-03 09:45:21.389,12,250,241.2,83,1670,1702,0,1716.0000403355489,-14.000040335548874,-1.5618415619506867,0,0.007567345006594005,,N
WeldingTest_03_NG,2022-08-03 09:45:25.869,13,30,19.4,38,650,682,0,688.0006063384444,-6.000606338444413,-2.0192654454897943,0,0.018679561201894783,,N
WeldingTest_03_NG,2022-08-03 09:45:27.541,14,30,19.4,35,650,632,1,688.0006063384444,-56.00060633844441,-18.846475790740772,1,0.9999999999998728,"출력 저하 - 광학계/렌즈 오염, 레이저 소스 점검 + 학습에 없는 출력 설정값(SetPower) 확인",Y
WeldingTest_03_NG,2022-08-03 09:45:30.489,15,30,19.4,38,650,682,0,688.0006063384444,-6.000606338444413,-2.0192654454897943,0,0.018679561201894783,,N
WeldingTest_03_NG,2022-08-03 09:45:33.941,16,30,19.4,38,650,682,0,688.0006063384444,-6.000606338444413,-2.0192654454897943,0,0.018679561201894783,,N
WeldingTest_03_NG,2022-08-03 09:45:35.645,17,30,19.4,38,650,682,0,688.0006063384444,-6.000606338444413,-2.0192654454897943,0,0.018679561201894783,,N
WeldingTest_03_NG,2022-08-03 09:45:37.397,18,30,19.4,38,650,682,0,688.0006063384444,-6.000606338444413,-2.0192654454897943,0,0.018679561201894783,,N
WeldingTest_03_NG,2022-08-03 09:45:58.179,19,250,241.1,83,1670,1692,0,1707.000103955623,-15.00010395562299,-1.6795505863169098,0,0.009556807093015852,,N
WeldingTest_03_NG,2022-08-03 09:46:00.789,20,250,241.2,82,1154,1674,0,1689.0001549203207,-15.00015492032071,-1.8627885077500876,0,0.013728970160715663,,N
WeldingTest_03_NG,2022-08-03 09:46:04.307,21,250,241.1,83,1670,1697,0,1712.3737369702349,-15.373736970234859,-1.723527766106446,0,0.010426282629246476,,N
WeldingTest_03_NG,2022-08-03 09:46:07.063,22,250,241.2,82,1154,1675,0,1692.099787412438,-17.09978741243799,-2.1291537622107106,0,0.02316460986710628,,N
WeldingTest_03_NG,2022-08-03 09:46:10.473,23,250,241.1,83,1670,1699,0,1714.000016164169,-15.000016164168983,-1.679540253127909,0,0.009556611477923933,,N
WeldingTest_03_NG,2022-08-03 09:46:13.069,24,250,241.2,82,1154,1679,0,1693.9999960126588,-14.999996012658812,-1.862768348279344,0,0.013728424233375001,,N
WeldingTest_03_NG,2022-08-03 09:46:19.459,25,250,241.1,83,1670,1697,0,1712.9966966279746,-15.996696627974643,-1.7968510748041786,0,0.012053209703825838,,N
WeldingTest_03_NG,2022-08-03 09:46:22.077,26,250,241.2,82,1154,1678,0,1693.0000140611949,-15.000014061194861,-1.862770637967142,0,0.013728486238050749,,N
WeldingTest_03_NG,2022-08-03 09:46:25.509,27,250,241.1,83,1670,1700,0,1716.0029705464842,-16.00297054648422,-1.7975895246506601,0,0.012070809201601864,,N
WeldingTest_03_NG,2022-08-03 09:46:28.201,28,250,241.2,82,1154,1679,0,1694.999985710131,-15.999985710131114,-1.9896298401000434,0,0.01762351865646421,,N
WeldingTest_03_NG,2022-08-03 09:46:31.747,29,250,241.1,83,1670,1702,0,1716.999967777064,-14.999967777064057,-1.6795345578913279,0,0.00955650366447817,,N
WeldingTest_03_NG,2022-08-03 09:46:34.367,30,250,241.2,82,1154,1680,0,1696.988693652646,-16.988693652645907,-2.1150600969111393,0,0.02253528686764939,,N
WeldingTest_03_NG,2022-08-03 09:46:38.719,31,30,19.4,38,650,682,0,688.0006063384444,-6.000606338444413,-2.0192654454897943,0,0.018679561201894783,,N
WeldingTest_03_NG,2022-08-03 09:46:40.231,32,30,19.4,38,650,682,0,688.0006063384444,-6.000606338444413,-2.0192654454897943,0,0.018679561201894783,,N
WeldingTest_03_NG,2022-08-03 09:46:43.343,33,30,19.4,38,650,682,0,688.0006063384444,-6.000606338444413,-2.0192654454897943,0,0.018679561201894783,,N
WeldingTest_03_NG,2022-08-03 09:46:45.085,34,30,19.4,38,650,682,0,688.0006063384444,-6.000606338444413,-2.0192654454897943,0,0.018679561201894783,,N
WeldingTest_03_NG,2022-08-03 09:46:48.525,35,30,19.4,38,650,682,0,688.0006063384444,-6.000606338444413,-2.0192654454897943,0,0.018679561201894783,,N
WeldingTest_03_NG,2022-08-03 09:46:50.257,36,30,19.4,38,650,682,0,688.0006063384444,-6.000606338444413,-2.0192654454897943,0,0.018679561201894783,,N
WeldingTest_03_NG,2022-08-03 09:46:51.957,37,30,19.4,38,650,682,0,688.0006063384444,-6.000606338444413,-2.0192654454897943,0,0.018679561201894783,,N
WeldingTest_03_NG,2022-08-03 09:46:54.939,38,30,19.4,38,650,682,0,688.0006063384444,-6.000606338444413,-2.0192654454897943,0,0.018679561201894783,,N
WeldingTest_03_NG,2022-08-03 09:46:56.452,39,30,19.4,38,650,682,0,688.0006063384444,-6.000606338444413,-2.0192654454897943,0,0.018679561201894783,,N
WeldingTest_03_NG,2022-08-03 09:56:37.689,1,250,241.1,82,1154,1660,0,1679.3760170564362,-19.37601705643624,-2.4179226256240414,0,0.04053715039861013,,N
WeldingTest_03_NG,2022-08-03 09:56:41.005,2,250,241.2,83,1670,1685,0,1704.5159551916302,-19.515955191630155,-2.2110732139813494,0,0.02717640658643964,,N
WeldingTest_03_NG,2022-08-03 09:56:43.869,3,250,241.1,82,1153,1666,0,1687.0000658542688,-21.00006585426877,-2.6239540015506466,0,0.05996861071980792,,N
WeldingTest_03_NG,2022-08-03 09:56:47.091,4,250,241.2,83,1670,1690,0,1708.9999966770276,-18.99999667702764,-2.150344104204507,0,0.024143230529360713,,N
WeldingTest_03_NG,2022-08-03 09:56:49.927,5,250,241.1,82,1154,1670,0,1689.0246460370001,-19.02464603700014,-2.3733467146712606,0,0.03720825199081969,,N
WeldingTest_03_NG,2022-08-03 09:56:53.267,6,250,241.2,83,1670,1693,0,1712.029134968304,-19.029134968304106,-2.1537737258495753,0,0.024305365173372517,,N
WeldingTest_03_NG,2022-08-03 09:56:59.005,7,250,241.1,82,1153,1669,0,1687.9999985928248,-18.999998592824795,-2.3702198709192146,0,0.036984868387859825,,N
WeldingTest_03_NG,2022-08-03 09:57:02.313,8,250,241.2,83,1670,1694,0,1711.9999942256752,-17.99999422567521,-2.032642279490793,0,0.019176340368008915,,N
WeldingTest_03_NG,2022-08-03 09:57:05.149,9,250,241.1,82,1154,1673,0,1692.000000006275,-19.00000000627506,-2.370220050233471,0,0.03698488116112934,,N
WeldingTest_03_NG,2022-08-03 09:57:08.403,10,250,241.2,83,1670,1697,0,1714.011058058723,-17.011058058722938,-1.9162429734508457,0,0.015254419446737236,,N
WeldingTest_03_NG,2022-08-03 09:57:11.223,11,250,241.1,82,1154,1675,0,1693.077006948619,-18.0770069486191,-2.2531265676402397,0,0.029490675990642055,,N
WeldingTest_03_NG,2022-08-03 09:57:14.449,12,250,241.2,83,1670,1698,0,1716.0000403355489,-18.000040335548874,-2.0326477066937563,0,0.019176544525344244,,N
WeldingTest_03_NG,2022-08-03 09:57:18.949,13,30,19.4,38,650,682,0,688.0006063384444,-6.000606338444413,-2.0192654454897943,0,0.018679561201894783,,N
WeldingTest_03_NG,2022-08-03 09:57:20.661,14,30,19.4,35,650,630,1,688.0006063384444,-58.00060633844441,-19.51956420455081,1,0.9999999999999669,"출력 저하 - 광학계/렌즈 오염, 레이저 소스 점검 + 학습에 없는 출력 설정값(SetPower) 확인",Y
WeldingTest_03_NG,2022-08-03 09:57:23.567,15,30,19.4,38,650,680,0,688.0006063384444,-8.000606338444413,-2.6923538592998333,0,0.06816069625925017,,N
WeldingTest_03_NG,2022-08-03 09:57:26.889,16,30,19.4,38,650,680,0,688.0006063384444,-8.000606338444413,-2.6923538592998333,0,0.06816069625925017,,N
WeldingTest_03_NG,2022-08-03 09:57:28.651,17,30,19.4,38,650,680,0,688.0006063384444,-8.000606338444413,-2.6923538592998333,0,0.06816069625925017,,N
WeldingTest_03_NG,2022-08-03 09:57:30.377,18,30,19.4,38,650,680,0,688.0006063384444,-8.000606338444413,-2.6923538592998333,0,0.06816069625925017,,N
WeldingTest_03_NG,2022-08-03 09:57:50.853,19,250,241.1,83,1670,1689,0,1707.000103955623,-18.00010395562299,-2.032655194874212,0,0.01917682621481966,,N
WeldingTest_03_NG,2022-08-03 09:57:53.509,20,250,241.2,82,1154,1671,0,1689.0001549203207,-18.00015492032071,-2.243376904234682,0,0.028937677297542166,,N
WeldingTest_03_NG,2022-08-03 09:57:56.969,21,250,241.1,83,1670,1694,0,1712.3737369702349,-18.37373697023486,-2.076632374663748,0,0.020903056861040756,,N
WeldingTest_03_NG,2022-08-03 09:57:59.567,22,250,241.2,82,1154,1675,0,1692.099787412438,-17.09978741243799,-2.1291537622107106,0,0.02316460986710628,,N
WeldingTest_03_NG,2022-08-03 09:58:03.019,23,250,241.1,83,1670,1697,0,1714.000016164169,-17.000016164168983,-1.914943325499444,0,0.015215422703684443,,N
WeldingTest_03_NG,2022-08-03 09:58:05.635,24,250,241.2,82,1154,1677,0,1693.9999960126588,-16.999996012658812,-2.11649394593574,0,0.02259854150294162,,N
WeldingTest_03_NG,2022-08-03 09:58:12.035,25,250,241.1,83,1670,1695,0,1712.9966966279746,-17.996696627974643,-2.0322541471757134,0,0.019161745358881054,,N
WeldingTest_03_NG,2022-08-03 09:58:14.697,26,250,241.2,82,1154,1675,0,1693.0000140611949,-18.00001406119486,-2.2433590344517365,0,0.028936673022350638,,N
WeldingTest_03_NG,2022-08-03 09:58:18.227,27,250,241.1,83,1670,1699,0,1716.0029705464842,-17.00297054648422,-1.9152910608364275,0,0.015225847090383205,,N
WeldingTest_03_NG,2022-08-03 09:58:20.861,28,250,241.2,82,1154,1678,0,1694.999985710131,-16.999985710131114,-2.1164926389282415,0,0.022598483765049245,,N
WeldingTest_03_NG,2022-08-03 09:58:24.347,29,250,241.1,83,1670,1700,0,1716.999967777064,-16.999967777064057,-1.9149376302628627,0,0.015215252030760974,,N
WeldingTest_03_NG,2022-08-03 09:58:26.967,30,250,241.2,82,1154,1679,0,1696.988693652646,-17.988693652645907,-2.241922895739337,0,0.02885607302592614,,N
WeldingTest_03_NG,2022-08-03 09:58:31.211,31,30,19.4,38,650,682,0,688.0006063384444,-6.000606338444413,-2.0192654454897943,0,0.018679561201894783,,N
WeldingTest_03_NG,2022-08-03 09:58:32.719,32,30,19.4,38,650,682,0,688.0006063384444,-6.000606338444413,-2.0192654454897943,0,0.018679561201894783,,N
WeldingTest_03_NG,2022-08-03 09:58:35.797,33,30,19.4,38,650,682,0,688.0006063384444,-6.000606338444413,-2.0192654454897943,0,0.018679561201894783,,N
WeldingTest_03_NG,2022-08-03 09:58:37.583,34,30,19.4,38,650,682,0,688.0006063384444,-6.000606338444413,-2.0192654454897943,0,0.018679561201894783,,N
WeldingTest_03_NG,2022-08-03 09:58:41.137,35,30,19.4,38,650,682,0,688.0006063384444,-6.000606338444413,-2.0192654454897943,0,0.018679561201894783,,N
WeldingTest_03_NG,2022-08-03 09:58:42.851,36,30,19.4,38,650,682,0,688.0006063384444,-6.000606338444413,-2.0192654454897943,0,0.018679561201894783,,N
WeldingTest_03_NG,2022-08-03 09:58:44.567,37,30,19.4,38,650,682,0,688.0006063384444,-6.000606338444413,-2.0192654454897943,0,0.018679561201894783,,N
WeldingTest_03_NG,2022-08-03 09:58:47.539,38,30,19.4,38,650,682,0,688.0006063384444,-6.000606338444413,-2.0192654454897943,0,0.018679561201894783,,N
WeldingTest_03_NG,2022-08-03 09:58:49.037,39,30,19.4,38,650,682,0,688.0006063384444,-6.000606338444413,-2.0192654454897943,0,0.018679561201894783,,N
WeldingTest_03_NG,2022-08-03 09:59:35.085,1,250,241.1,82,1154,1665,0,1679.3760170564362,-14.37601705643624,-1.7836086314830508,0,0.011741871224911007,,N
WeldingTest_03_NG,2022-08-03 09:59:38.267,2,250,241.2,83,1670,1692,0,1704.5159551916302,-12.515955191630155,-1.3871624606809778,0,0.005347974410351919,,N
WeldingTest_03_NG,2022-08-03 09:59:41.031,3,250,241.1,82,1153,1671,0,1687.0000658542688,-16.00006585426877,-1.9896400074096559,0,0.017623870711761705,,N
WeldingTest_03_NG,2022-08-03 09:59:44.311,4,250,241.2,83,1670,1695,0,1708.9999966770276,-13.999996677027639,-1.5618364232756696,0,0.007567267823260635,,N
WeldingTest_03_NG,2022-08-03 09:59:47.127,5,250,241.1,82,1154,1674,0,1689.0246460370001,-15.024646037000139,-1.8658955193584679,0,0.013813365798905075,,N
WeldingTest_03_NG,2022-08-03 09:59:50.531,6,250,241.2,83,1670,1698,0,1712.029134968304,-14.029134968304106,-1.5652660449207383,0,0.00761895515219327,,N
WeldingTest_03_NG,2022-08-03 09:59:56.279,7,250,241.1,82,1153,1673,0,1687.9999985928248,-14.999998592824795,-1.8627686756064221,0,0.013728433097365383,,N
WeldingTest_03_NG,2022-08-03 09:59:59.511,8,250,241.2,83,1670,1698,0,1711.9999942256752,-13.99999422567521,-1.561836134747723,0,0.007567263489569633,,N
WeldingTest_03_NG,2022-08-03 10:00:02.321,9,250,241.1,82,1154,1677,0,1692.000000006275,-15.000000006275059,-1.8627688549206785,0,0.01372843795318309,,N
WeldingTest_03_NG,2022-08-03 10:00:05.599,10,250,241.2,83,1670,1699,0,1714.011058058723,-15.011058058722938,-1.680839901079311,0,0.009581245938673098,,N
WeldingTest_03_NG,2022-08-03 10:00:08.441,11,250,241.1,82,1154,1678,0,1693.077006948619,-15.0770069486191,-1.8725381711556455,0,0.013995519477128947,,N
WeldingTest_03_NG,2022-08-03 10:00:11.655,12,250,241.2,83,1670,1700,0,1716.0000403355489,-16.000040335548874,-1.7972446343222215,0,0.01206258626287463,,N
WeldingTest_03_NG,2022-08-03 10:00:16.063,13,30,19.4,38,650,682,0,688.0006063384444,-6.000606338444413,-2.0192654454897943,0,0.018679561201894783,,N
WeldingTest_03_NG,2022-08-03 10:00:17.769,14,30,19.4,35,650,681,0,688.0006063384444,-7.000606338444413,-2.355809652394814,0,0.03597195792065339,,N
WeldingTest_03_NG,2022-08-03 10:00:20.687,15,30,19.4,38,650,682,0,688.0006063384444,-6.000606338444413,-2.0192654454897943,0,0.018679561201894783,,N
WeldingTest_03_NG,2022-08-03 10:00:24.105,16,30,19.4,38,650,682,0,688.0006063384444,-6.000606338444413,-2.0192654454897943,0,0.018679561201894783,,N
WeldingTest_03_NG,2022-08-03 10:00:25.853,17,30,19.4,38,650,682,0,688.0006063384444,-6.000606338444413,-2.0192654454897943,0,0.018679561201894783,,N
WeldingTest_03_NG,2022-08-03 10:00:27.557,18,30,19.4,38,650,682,0,688.0006063384444,-6.000606338444413,-2.0192654454897943,0,0.018679561201894783,,N
WeldingTest_03_NG,2022-08-03 10:00:47.957,19,250,241.1,83,1670,1690,0,1707.000103955623,-17.00010395562299,-1.9149536586884446,0,0.015215732370009625,,N
WeldingTest_03_NG,2022-08-03 10:00:50.547,20,250,241.2,82,1154,1673,0,1689.0001549203207,-16.00015492032071,-1.989651306578286,0,0.01762426196713884,,N
WeldingTest_03_NG,2022-08-03 10:00:53.987,21,250,241.1,83,1670,1697,0,1712.3737369702349,-15.373736970234859,-1.723527766106446,0,0.010426282629246476,,N
WeldingTest_03_NG,2022-08-03 10:00:56.691,22,250,241.2,82,1154,1677,0,1692.099787412438,-15.09978741243799,-1.8754281645543143,0,0.01407550570912607,,N
WeldingTest_03_NG,2022-08-03 10:01:00.205,23,250,241.1,83,1670,1699,0,1714.000016164169,-15.000016164168983,-1.679540253127909,0,0.009556611477923933,,N
WeldingTest_03_NG,2022-08-03 10:01:02.879,24,250,241.2,82,1154,1678,0,1693.9999960126588,-15.999996012658812,-1.989631147107542,0,0.017623563912780586,,N
WeldingTest_03_NG,2022-08-03 10:01:09.362,25,250,241.1,83,1670,1697,0,1712.9966966279746,-15.996696627974643,-1.7968510748041786,0,0.012053209703825838,,N
WeldingTest_03_NG,2022-08-03 10:01:11.988,26,250,241.2,82,1154,1678,0,1693.0000140611949,-15.000014061194861,-1.862770637967142,0,0.013728486238050749,,N
WeldingTest_03_NG,2022-08-03 10:01:15.506,27,250,241.1,83,1670,1700,0,1716.0029705464842,-16.00297054648422,-1.7975895246506601,0,0.012070809201601864,,N
WeldingTest_03_NG,2022-08-03 10:01:18.170,28,250,241.2,82,1154,1679,0,1694.999985710131,-15.999985710131114,-1.9896298401000434,0,0.01762351865646421,,N
WeldingTest_03_NG,2022-08-03 10:01:21.632,29,250,241.1,83,1670,1702,0,1716.999967777064,-14.999967777064057,-1.6795345578913279,0,0.00955650366447817,,N
WeldingTest_03_NG,2022-08-03 10:01:24.254,30,250,241.2,82,1154,1680,0,1696.988693652646,-16.988693652645907,-2.1150600969111393,0,0.02253528686764939,,N
WeldingTest_03_NG,2022-08-03 10:01:28.584,31,30,19.4,38,650,682,0,688.0006063384444,-6.000606338444413,-2.0192654454897943,0,0.018679561201894783,,N
WeldingTest_03_NG,2022-08-03 10:01:30.136,32,30,19.4,38,650,682,0,688.0006063384444,-6.000606338444413,-2.0192654454897943,0,0.018679561201894783,,N
WeldingTest_03_NG,2022-08-03 10:01:33.214,33,30,19.4,38,650,682,0,688.0006063384444,-6.000606338444413,-2.0192654454897943,0,0.018679561201894783,,N
WeldingTest_03_NG,2022-08-03 10:01:34.988,34,30,19.4,38,650,682,0,688.0006063384444,-6.000606338444413,-2.0192654454897943,0,0.018679561201894783,,N
WeldingTest_03_NG,2022-08-03 10:01:38.446,35,30,19.4,38,650,682,0,688.0006063384444,-6.000606338444413,-2.0192654454897943,0,0.018679561201894783,,N
WeldingTest_03_NG,2022-08-03 10:01:40.150,36,30,19.4,38,650,682,0,688.0006063384444,-6.000606338444413,-2.0192654454897943,0,0.018679561201894783,,N
WeldingTest_03_NG,2022-08-03 10:01:41.892,37,30,19.4,38,650,682,0,688.0006063384444,-6.000606338444413,-2.0192654454897943,0,0.018679561201894783,,N
WeldingTest_03_NG,2022-08-03 10:01:44.946,38,30,19.4,38,650,682,0,688.0006063384444,-6.000606338444413,-2.0192654454897943,0,0.018679561201894783,,N
WeldingTest_03_NG,2022-08-03 10:01:46.430,39,30,19.4,38,650,682,0,688.0006063384444,-6.000606338444413,-2.0192654454897943,0,0.018679561201894783,,N
WeldingTest_03_NG,2022-08-03 10:02:33.212,1,250,241.1,82,1154,1665,0,1679.3760170564362,-14.37601705643624,-1.7836086314830508,0,0.011741871224911007,,N
WeldingTest_03_NG,2022-08-03 10:02:36.516,2,250,241.2,83,1670,1692,0,1704.5159551916302,-12.515955191630155,-1.3871624606809778,0,0.005347974410351919,,N
WeldingTest_03_NG,2022-08-03 10:02:39.388,3,250,241.1,82,1153,1671,0,1687.0000658542688,-16.00006585426877,-1.9896400074096559,0,0.017623870711761705,,N
WeldingTest_03_NG,2022-08-03 10:02:42.782,4,250,241.2,83,1670,1695,0,1708.9999966770276,-13.999996677027639,-1.5618364232756696,0,0.007567267823260635,,N
WeldingTest_03_NG,2022-08-03 10:02:45.528,5,250,241.1,82,1154,1675,0,1689.0246460370001,-14.024646037000139,-1.7390327205302698,0,0.010751135463666081,,N
WeldingTest_03_NG,2022-08-03 10:02:48.740,6,250,241.2,83,1670,1698,0,1712.029134968304,-14.029134968304106,-1.5652660449207383,0,0.00761895515219327,,N
WeldingTest_03_NG,2022-08-03 10:02:54.570,7,250,241.1,82,1153,1673,0,1687.9999985928248,-14.999998592824795,-1.8627686756064221,0,0.013728433097365383,,N
WeldingTest_03_NG,2022-08-03 10:02:57.922,8,250,241.2,83,1670,1698,0,1711.9999942256752,-13.99999422567521,-1.561836134747723,0,0.007567263489569633,,N
WeldingTest_03_NG,2022-08-03 10:03:00.742,9,250,241.1,82,1154,1677,0,1692.000000006275,-15.000000006275059,-1.8627688549206785,0,0.01372843795318309,,N
WeldingTest_03_NG,2022-08-03 10:03:03.990,10,250,241.2,83,1670,1700,0,1714.011058058723,-14.011058058722938,-1.5631383648935435,0,0.0075868480929979125,,N
WeldingTest_03_NG,2022-08-03 10:03:06.832,11,250,241.1,82,1154,1678,0,1693.077006948619,-15.0770069486191,-1.8725381711556455,0,0.013995519477128947,,N
WeldingTest_03_NG,2022-08-03 10:03:10.084,12,250,241.2,83,1670,1702,0,1716.0000403355489,-14.000040335548874,-1.5618415619506867,0,0.007567345006594005,,N
WeldingTest_03_NG,2022-08-03 10:03:14.546,13,30,19.4,38,650,682,0,688.0006063384444,-6.000606338444413,-2.0192654454897943,0,0.018679561201894783,,N
WeldingTest_03_NG,2022-08-03 10:03:16.248,14,30,19.4,35,650,682,0,688.0006063384444,-6.000606338444413,-2.0192654454897943,0,0.018679561201894783,,N
WeldingTest_03_NG,2022-08-03 10:03:19.178,15,30,19.4,38,650,682,0,688.0006063384444,-6.000606338444413,-2.0192654454897943,0,0.018679561201894783,,N
WeldingTest_03_NG,2022-08-03 10:03:22.610,16,30,19.4,38,650,682,0,688.0006063384444,-6.000606338444413,-2.0192654454897943,0,0.018679561201894783,,N
WeldingTest_03_NG,2022-08-03 10:03:24.372,17,30,19.4,38,650,682,0,688.0006063384444,-6.000606338444413,-2.0192654454897943,0,0.018679561201894783,,N
WeldingTest_03_NG,2022-08-03 10:03:26.034,18,30,19.4,38,650,682,0,688.0006063384444,-6.000606338444413,-2.0192654454897943,0,0.018679561201894783,,N
WeldingTest_03_NG,2022-08-03 10:03:47.056,19,250,241.1,83,1670,1690,0,1707.000103955623,-17.00010395562299,-1.9149536586884446,0,0.015215732370009625,,N
WeldingTest_03_NG,2022-08-03 10:03:49.750,20,250,241.2,82,1154,1673,0,1689.0001549203207,-16.00015492032071,-1.989651306578286,0,0.01762426196713884,,N
WeldingTest_03_NG,2022-08-03 10:03:53.168,21,250,241.1,83,1670,1697,0,1712.3737369702349,-15.373736970234859,-1.723527766106446,0,0.010426282629246476,,N
WeldingTest_03_NG,2022-08-03 10:03:55.798,22,250,241.2,82,1154,1677,0,1692.099787412438,-15.09978741243799,-1.8754281645543143,0,0.01407550570912607,,N
WeldingTest_03_NG,2022-08-03 10:03:59.286,23,250,241.1,83,1670,1699,0,1714.000016164169,-15.000016164168983,-1.679540253127909,0,0.009556611477923933,,N
WeldingTest_03_NG,2022-08-03 10:04:01.878,24,250,241.2,82,1154,1678,0,1693.9999960126588,-15.999996012658812,-1.989631147107542,0,0.017623563912780586,,N
WeldingTest_03_NG,2022-08-03 10:04:08.454,25,250,241.1,83,1670,1697,0,1712.9966966279746,-15.996696627974643,-1.7968510748041786,0,0.012053209703825838,,N
WeldingTest_03_NG,2022-08-03 10:04:11.214,26,250,241.2,82,1154,1677,0,1693.0000140611949,-16.00001406119486,-1.98963343679534,0,0.017623643195565915,,N
WeldingTest_03_NG,2022-08-03 10:04:14.702,27,250,241.1,83,1670,1700,0,1716.0029705464842,-16.00297054648422,-1.7975895246506601,0,0.012070809201601864,,N
WeldingTest_03_NG,2022-08-03 10:04:17.358,28,250,241.2,82,1154,1679,0,1694.999985710131,-15.999985710131114,-1.9896298401000434,0,0.01762351865646421,,N
WeldingTest_03_NG,2022-08-03 10:04:20.814,29,250,241.1,83,1670,1702,0,1716.999967777064,-14.999967777064057,-1.6795345578913279,0,0.00955650366447817,,N
WeldingTest_03_NG,2022-08-03 10:04:23.460,30,250,241.2,82,1154,1680,0,1696.988693652646,-16.988693652645907,-2.1150600969111393,0,0.02253528686764939,,N
WeldingTest_03_NG,2022-08-03 10:04:27.668,31,30,19.4,38,650,682,0,688.0006063384444,-6.000606338444413,-2.0192654454897943,0,0.018679561201894783,,N
WeldingTest_03_NG,2022-08-03 10:04:29.184,32,30,19.4,38,650,682,0,688.0006063384444,-6.000606338444413,-2.0192654454897943,0,0.018679561201894783,,N
WeldingTest_03_NG,2022-08-03 10:04:32.226,33,30,19.4,38,650,682,0,688.0006063384444,-6.000606338444413,-2.0192654454897943,0,0.018679561201894783,,N
WeldingTest_03_NG,2022-08-03 10:04:33.982,34,30,19.4,38,650,682,0,688.0006063384444,-6.000606338444413,-2.0192654454897943,0,0.018679561201894783,,N
WeldingTest_03_NG,2022-08-03 10:04:37.506,35,30,19.4,38,650,682,0,688.0006063384444,-6.000606338444413,-2.0192654454897943,0,0.018679561201894783,,N
WeldingTest_03_NG,2022-08-03 10:04:39.228,36,30,19.4,38,650,682,0,688.0006063384444,-6.000606338444413,-2.0192654454897943,0,0.018679561201894783,,N
WeldingTest_03_NG,2022-08-03 10:04:40.952,37,30,19.4,38,650,682,0,688.0006063384444,-6.000606338444413,-2.0192654454897943,0,0.018679561201894783,,N
WeldingTest_03_NG,2022-08-03 10:04:43.984,38,30,19.4,38,650,682,0,688.0006063384444,-6.000606338444413,-2.0192654454897943,0,0.018679561201894783,,N
WeldingTest_03_NG,2022-08-03 10:04:45.566,39,30,19.4,38,650,682,0,688.0006063384444,-6.000606338444413,-2.0192654454897943,0,0.018679561201894783,,N
WeldingTest_03_NG,2022-08-03 10:10:47.157,1,250,241.1,82,1154,1660,0,1679.3760170564362,-19.37601705643624,-2.4179226256240414,0,0.04053715039861013,,N
WeldingTest_03_NG,2022-08-03 10:10:50.395,2,250,241.2,83,1670,1685,0,1704.5159551916302,-19.515955191630155,-2.2110732139813494,0,0.02717640658643964,,N
WeldingTest_03_NG,2022-08-03 10:10:53.231,3,250,241.1,82,1153,1667,0,1687.0000658542688,-20.00006585426877,-2.4970912027224483,0,0.04716374458367817,,N
WeldingTest_03_NG,2022-08-03 10:10:56.491,4,250,241.2,83,1670,1690,0,1708.9999966770276,-18.99999667702764,-2.150344104204507,0,0.024143230529360713,,N
WeldingTest_03_NG,2022-08-03 10:10:59.369,5,250,241.1,82,1154,1670,0,1689.0246460370001,-19.02464603700014,-2.3733467146712606,0,0.03720825199081969,,N
WeldingTest_03_NG,2022-08-03 10:11:02.561,6,250,241.2,83,1670,1694,0,1712.029134968304,-18.029134968304106,-2.0360721896638077,0,0.019305790508210408,,N
WeldingTest_03_NG,2022-08-03 10:11:08.449,7,250,241.1,82,1153,1669,0,1687.9999985928248,-18.999998592824795,-2.3702198709192146,0,0.036984868387859825,,N
WeldingTest_03_NG,2022-08-03 10:11:11.791,8,250,241.2,83,1670,1693,0,1711.9999942256752,-18.99999422567521,-2.15034381567656,0,0.024143216933734307,,N
WeldingTest_03_NG,2022-08-03 10:11:14.635,9,250,241.1,82,1154,1673,0,1692.000000006275,-19.00000000627506,-2.370220050233471,0,0.03698488116112934,,N
WeldingTest_03_NG,2022-08-03 10:11:17.899,10,250,241.2,83,1670,1697,0,1714.011058058723,-17.011058058722938,-1.9162429734508457,0,0.015254419446737236,,N
WeldingTest_03_NG,2022-08-03 10:11:20.729,11,250,241.1,82,1154,1675,0,1693.077006948619,-18.0770069486191,-2.2531265676402397,0,0.029490675990642055,,N
WeldingTest_03_NG,2022-08-03 10:11:24.005,12,250,241.2,83,1670,1698,0,1716.0000403355489,-18.000040335548874,-2.0326477066937563,0,0.019176544525344244,,N
WeldingTest_03_NG,2022-08-03 10:11:28.463,13,30,19.4,38,650,682,0,688.0006063384444,-6.000606338444413,-2.0192654454897943,0,0.018679561201894783,,N
WeldingTest_03_NG,2022-08-03 10:11:30.155,14,30,19.4,35,650,632,1,688.0006063384444,-56.00060633844441,-18.846475790740772,1,0.9999999999998728,"출력 저하 - 광학계/렌즈 오염, 레이저 소스 점검 + 학습에 없는 출력 설정값(SetPower) 확인",Y
WeldingTest_03_NG,2022-08-03 10:11:33.073,15,30,19.4,38,650,682,0,688.0006063384444,-6.000606338444413,-2.0192654454897943,0,0.018679561201894783,,N
WeldingTest_03_NG,2022-08-03 10:11:36.415,16,30,19.4,38,650,682,0,688.0006063384444,-6.000606338444413,-2.0192654454897943,0,0.018679561201894783,,N
WeldingTest_03_NG,2022-08-03 10:11:38.161,17,30,19.4,38,650,680,0,688.0006063384444,-8.000606338444413,-2.6923538592998333,0,0.06816069625925017,,N
WeldingTest_03_NG,2022-08-03 10:11:39.843,18,30,19.4,38,650,680,0,688.0006063384444,-8.000606338444413,-2.6923538592998333,0,0.06816069625925017,,N
WeldingTest_03_NG,2022-08-03 10:12:01.245,19,250,241.1,83,1670,1689,0,1707.000103955623,-18.00010395562299,-2.032655194874212,0,0.01917682621481966,,N
WeldingTest_03_NG,2022-08-03 10:12:03.939,20,250,241.2,82,1154,1671,0,1689.0001549203207,-18.00015492032071,-2.243376904234682,0,0.028937677297542166,,N
WeldingTest_03_NG,2022-08-03 10:12:07.347,21,250,241.1,83,1670,1694,0,1712.3737369702349,-18.37373697023486,-2.076632374663748,0,0.020903056861040756,,N
WeldingTest_03_NG,2022-08-03 10:12:09.971,22,250,241.2,82,1154,1674,0,1692.099787412438,-18.09978741243799,-2.2560165610389085,0,0.02965655550795212,,N
WeldingTest_03_NG,2022-08-03 10:12:13.399,23,250,241.1,83,1670,1697,0,1714.000016164169,-17.000016164168983,-1.914943325499444,0,0.015215422703684443,,N
WeldingTest_03_NG,2022-08-03 10:12:16.039,24,250,241.2,82,1154,1677,0,1693.9999960126588,-16.999996012658812,-2.11649394593574,0,0.02259854150294162,,N
WeldingTest_03_NG,2022-08-03 10:12:22.641,25,250,241.1,83,1670,1695,0,1712.9966966279746,-17.996696627974643,-2.0322541471757134,0,0.019161745358881054,,N
WeldingTest_03_NG,2022-08-03 10:12:25.415,26,250,241.2,82,1154,1675,0,1693.0000140611949,-18.00001406119486,-2.2433590344517365,0,0.028936673022350638,,N
WeldingTest_03_NG,2022-08-03 10:12:28.867,27,250,241.1,83,1670,1698,0,1716.0029705464842,-18.00297054648422,-2.032992597022195,0,0.019189522778869695,,N
WeldingTest_03_NG,2022-08-03 10:12:31.461,28,250,241.2,82,1154,1678,0,1694.999985710131,-16.999985710131114,-2.1164926389282415,0,0.022598483765049245,,N
WeldingTest_03_NG,2022-08-03 10:12:34.965,29,250,241.1,83,1670,1700,0,1716.999967777064,-16.999967777064057,-1.9149376302628627,0,0.015215252030760974,,N
WeldingTest_03_NG,2022-08-03 10:12:37.593,30,250,241.2,82,1154,1679,0,1696.988693652646,-17.988693652645907,-2.241922895739337,0,0.02885607302592614,,N
WeldingTest_03_NG,2022-08-03 10:12:42.015,31,30,19.4,38,650,682,0,688.0006063384444,-6.000606338444413,-2.0192654454897943,0,0.018679561201894783,,N
WeldingTest_03_NG,2022-08-03 10:12:43.581,32,30,19.4,38,650,682,0,688.0006063384444,-6.000606338444413,-2.0192654454897943,0,0.018679561201894783,,N
WeldingTest_03_NG,2022-08-03 10:12:46.725,33,30,19.4,38,650,682,0,688.0006063384444,-6.000606338444413,-2.0192654454897943,0,0.018679561201894783,,N
WeldingTest_03_NG,2022-08-03 10:12:48.475,34,30,19.4,38,650,682,0,688.0006063384444,-6.000606338444413,-2.0192654454897943,0,0.018679561201894783,,N
WeldingTest_03_NG,2022-08-03 10:12:51.903,35,30,19.4,38,650,682,0,688.0006063384444,-6.000606338444413,-2.0192654454897943,0,0.018679561201894783,,N
WeldingTest_03_NG,2022-08-03 10:12:53.645,36,30,19.4,38,650,682,0,688.0006063384444,-6.000606338444413,-2.0192654454897943,0,0.018679561201894783,,N
WeldingTest_03_NG,2022-08-03 10:12:55.359,37,30,19.4,38,650,682,0,688.0006063384444,-6.000606338444413,-2.0192654454897943,0,0.018679561201894783,,N
WeldingTest_03_NG,2022-08-03 10:12:58.321,38,30,19.4,38,650,682,0,688.0006063384444,-6.000606338444413,-2.0192654454897943,0,0.018679561201894783,,N
WeldingTest_03_NG,2022-08-03 10:12:59.843,39,30,19.4,38,650,682,0,688.0006063384444,-6.000606338444413,-2.0192654454897943,0,0.018679561201894783,,N
WeldingTest_03_NG,2022-08-03 10:24:18.393,1,250,241.1,82,1154,1660,0,1679.3760170564362,-19.37601705643624,-2.4179226256240414,0,0.04053715039861013,,N
WeldingTest_03_NG,2022-08-03 10:24:21.693,2,250,241.2,83,1670,1685,0,1704.5159551916302,-19.515955191630155,-2.2110732139813494,0,0.02717640658643964,,N
WeldingTest_03_NG,2022-08-03 10:24:24.507,3,250,241.1,82,1153,1666,0,1687.0000658542688,-21.00006585426877,-2.6239540015506466,0,0.05996861071980792,,N
WeldingTest_03_NG,2022-08-03 10:24:27.773,4,250,241.2,83,1670,1690,0,1708.9999966770276,-18.99999667702764,-2.150344104204507,0,0.024143230529360713,,N
WeldingTest_03_NG,2022-08-03 10:24:30.529,5,250,241.1,82,1154,1670,0,1689.0246460370001,-19.02464603700014,-2.3733467146712606,0,0.03720825199081969,,N
WeldingTest_03_NG,2022-08-03 10:24:33.755,6,250,241.2,83,1670,1693,0,1712.029134968304,-19.029134968304106,-2.1537737258495753,0,0.024305365173372517,,N
WeldingTest_03_NG,2022-08-03 10:24:39.443,7,250,241.1,82,1153,1669,0,1687.9999985928248,-18.999998592824795,-2.3702198709192146,0,0.036984868387859825,,N
WeldingTest_03_NG,2022-08-03 10:24:42.807,8,250,241.2,83,1670,1693,0,1711.9999942256752,-18.99999422567521,-2.15034381567656,0,0.024143216933734307,,N
WeldingTest_03_NG,2022-08-03 10:24:45.653,9,250,241.1,82,1154,1673,0,1692.000000006275,-19.00000000627506,-2.370220050233471,0,0.03698488116112934,,N
WeldingTest_03_NG,2022-08-03 10:24:48.855,10,250,241.2,83,1670,1695,0,1714.011058058723,-19.011058058722938,-2.1516460458223805,0,0.02420465496536864,,N
WeldingTest_03_NG,2022-08-03 10:24:51.611,11,250,241.1,82,1154,1675,0,1693.077006948619,-18.0770069486191,-2.2531265676402397,0,0.029490675990642055,,N
WeldingTest_03_NG,2022-08-03 10:24:54.873,12,250,241.2,83,1670,1698,0,1716.0000403355489,-18.000040335548874,-2.0326477066937563,0,0.019176544525344244,,N
WeldingTest_03_NG,2022-08-03 10:24:59.321,13,30,19.4,38,650,682,0,688.0006063384444,-6.000606338444413,-2.0192654454897943,0,0.018679561201894783,,N
WeldingTest_03_NG,2022-08-03 10:25:01.059,14,30,19.4,35,650,630,1,688.0006063384444,-58.00060633844441,-19.51956420455081,1,0.9999999999999669,"출력 저하 - 광학계/렌즈 오염, 레이저 소스 점검 + 학습에 없는 출력 설정값(SetPower) 확인",Y
WeldingTest_03_NG,2022-08-03 10:25:03.963,15,30,19.4,38,650,680,0,688.0006063384444,-8.000606338444413,-2.6923538592998333,0,0.06816069625925017,,N
WeldingTest_03_NG,2022-08-03 10:25:07.277,16,30,19.4,38,650,680,0,688.0006063384444,-8.000606338444413,-2.6923538592998333,0,0.06816069625925017,,N
WeldingTest_03_NG,2022-08-03 10:25:08.953,17,30,19.4,38,650,680,0,688.0006063384444,-8.000606338444413,-2.6923538592998333,0,0.06816069625925017,,N
WeldingTest_03_NG,2022-08-03 10:25:10.615,18,30,19.4,38,650,680,0,688.0006063384444,-8.000606338444413,-2.6923538592998333,0,0.06816069625925017,,N
WeldingTest_03_NG,2022-08-03 10:25:31.815,19,250,241.1,83,1670,1688,0,1707.000103955623,-19.00010395562299,-2.150356731059979,0,0.024143825522399364,,N
WeldingTest_03_NG,2022-08-03 10:25:34.507,20,250,241.2,82,1154,1671,0,1689.0001549203207,-18.00015492032071,-2.243376904234682,0,0.028937677297542166,,N
WeldingTest_03_NG,2022-08-03 10:25:37.981,21,250,241.1,83,1670,1694,0,1712.3737369702349,-18.37373697023486,-2.076632374663748,0,0.020903056861040756,,N
WeldingTest_03_NG,2022-08-03 10:25:40.653,22,250,241.2,82,1154,1674,0,1692.099787412438,-18.09978741243799,-2.2560165610389085,0,0.02965655550795212,,N
WeldingTest_03_NG,2022-08-03 10:25:44.095,23,250,241.1,83,1670,1697,0,1714.000016164169,-17.000016164168983,-1.914943325499444,0,0.015215422703684443,,N
WeldingTest_03_NG,2022-08-03 10:25:46.747,24,250,241.2,82,1154,1675,0,1693.9999960126588,-18.999996012658812,-2.3702195435921363,0,0.036984845071057725,,N
WeldingTest_03_NG,2022-08-03 10:25:53.365,25,250,241.1,83,1670,1695,0,1712.9966966279746,-17.996696627974643,-2.0322541471757134,0,0.019161745358881054,,N
WeldingTest_03_NG,2022-08-03 10:25:56.235,26,250,241.2,82,1154,1675,0,1693.0000140611949,-18.00001406119486,-2.2433590344517365,0,0.028936673022350638,,N
WeldingTest_03_NG,2022-08-03 10:25:59.689,27,250,241.1,83,1670,1698,0,1716.0029705464842,-18.00297054648422,-2.032992597022195,0,0.019189522778869695,,N
WeldingTest_03_NG,2022-08-03 10:26:02.499,28,250,241.2,82,1154,1677,0,1694.999985710131,-17.999985710131114,-2.2433554377564398,0,0.028936470893493303,,N
WeldingTest_03_NG,2022-08-03 10:26:06.005,29,250,241.1,83,1670,1699,0,1716.999967777064,-17.999967777064057,-2.03263916644863,0,0.019176223264377925,,N
WeldingTest_03_NG,2022-08-03 10:26:08.627,30,250,241.2,82,1154,1679,0,1696.988693652646,-17.988693652645907,-2.241922895739337,0,0.02885607302592614,,N
WeldingTest_03_NG,2022-08-03 10:26:12.983,31,30,19.4,38,650,682,0,688.0006063384444,-6.000606338444413,-2.0192654454897943,0,0.018679561201894783,,N
WeldingTest_03_NG,2022-08-03 10:26:14.443,32,30,19.4,38,650,682,0,688.0006063384444,-6.000606338444413,-2.0192654454897943,0,0.018679561201894783,,N
WeldingTest_03_NG,2022-08-03 10:26:17.507,33,30,19.4,38,650,682,0,688.0006063384444,-6.000606338444413,-2.0192654454897943,0,0.018679561201894783,,N
WeldingTest_03_NG,2022-08-03 10:26:19.241,34,30,19.4,38,650,682,0,688.0006063384444,-6.000606338444413,-2.0192654454897943,0,0.018679561201894783,,N
WeldingTest_03_NG,2022-08-03 10:26:22.737,35,30,19.4,38,650,682,0,688.0006063384444,-6.000606338444413,-2.0192654454897943,0,0.018679561201894783,,N
WeldingTest_03_NG,2022-08-03 10:26:24.445,36,30,19.4,38,650,682,0,688.0006063384444,-6.000606338444413,-2.0192654454897943,0,0.018679561201894783,,N
WeldingTest_03_NG,2022-08-03 10:26:26.157,37,30,19.4,38,650,682,0,688.0006063384444,-6.000606338444413,-2.0192654454897943,0,0.018679561201894783,,N
WeldingTest_03_NG,2022-08-03 10:26:29.137,38,30,19.4,38,650,682,0,688.0006063384444,-6.000606338444413,-2.0192654454897943,0,0.018679561201894783,,N
WeldingTest_03_NG,2022-08-03 10:26:30.657,39,30,19.4,38,650,682,0,688.0006063384444,-6.000606338444413,-2.0192654454897943,0,0.018679561201894783,,N
WeldingTest_03_NG,2022-08-03 10:52:28.469,1,250,241.1,82,1154,1660,0,1679.3760170564362,-19.37601705643624,-2.4179226256240414,0,0.04053715039861013,,N
WeldingTest_03_NG,2022-08-03 10:52:31.727,2,250,241.2,83,1670,1685,0,1704.5159551916302,-19.515955191630155,-2.2110732139813494,0,0.02717640658643964,,N
WeldingTest_03_NG,2022-08-03 10:52:34.447,3,250,241.1,82,1153,1666,0,1687.0000658542688,-21.00006585426877,-2.6239540015506466,0,0.05996861071980792,,N
WeldingTest_03_NG,2022-08-03 10:52:37.685,4,250,241.2,83,1670,1690,0,1708.9999966770276,-18.99999667702764,-2.150344104204507,0,0.024143230529360713,,N
WeldingTest_03_NG,2022-08-03 10:52:40.531,5,250,241.1,82,1154,1669,0,1689.0246460370001,-20.02464603700014,-2.5002095134994584,0,0.047444807008064215,,N
WeldingTest_03_NG,2022-08-03 10:52:43.761,6,250,241.2,83,1670,1693,0,1712.029134968304,-19.029134968304106,-2.1537737258495753,0,0.024305365173372517,,N
WeldingTest_03_NG,2022-08-03 10:52:49.575,7,250,241.1,82,1153,1669,0,1687.9999985928248,-18.999998592824795,-2.3702198709192146,0,0.036984868387859825,,N
WeldingTest_03_NG,2022-08-03 10:52:52.979,8,250,241.2,83,1670,1693,0,1711.9999942256752,-18.99999422567521,-2.15034381567656,0,0.024143216933734307,,N
WeldingTest_03_NG,2022-08-03 10:52:55.801,9,250,241.1,82,1154,1671,0,1692.000000006275,-21.00000000627506,-2.623945647889867,0,0.059967668895311625,,N
WeldingTest_03_NG,2022-08-03 10:52:59.043,10,250,241.2,83,1670,1695,0,1714.011058058723,-19.011058058722938,-2.1516460458223805,0,0.02420465496536864,,N
WeldingTest_03_NG,2022-08-03 10:53:01.835,11,250,241.1,82,1154,1674,0,1693.077006948619,-19.0770069486191,-2.379989366468438,0,0.03768711921269214,,N
WeldingTest_03_NG,2022-08-03 10:53:05.055,12,250,241.2,83,1670,1697,0,1716.0000403355489,-19.000040335548874,-2.150349242879524,0,0.024143472668354093,,N
WeldingTest_03_NG,2022-08-03 10:53:09.553,13,30,19.4,38,650,680,0,688.0006063384444,-8.000606338444413,-2.6923538592998333,0,0.06816069625925017,,N
WeldingTest_03_NG,2022-08-03 10:53:11.253,14,30,19.4,35,650,630,1,688.0006063384444,-58.00060633844441,-19.51956420455081,1,0.9999999999999669,"출력 저하 - 광학계/렌즈 오염, 레이저 소스 점검 + 학습에 없는 출력 설정값(SetPower) 확인",Y
WeldingTest_03_NG,2022-08-03 10:53:14.183,15,30,19.4,38,650,680,0,688.0006063384444,-8.000606338444413,-2.6923538592998333,0,0.06816069625925017,,N
WeldingTest_03_NG,2022-08-03 10:53:17.603,16,30,19.4,38,650,680,0,688.0006063384444,-8.000606338444413,-2.6923538592998333,0,0.06816069625925017,,N
WeldingTest_03_NG,2022-08-03 10:53:19.349,17,30,19.4,38,650,680,0,688.0006063384444,-8.000606338444413,-2.6923538592998333,0,0.06816069625925017,,N
WeldingTest_03_NG,2022-08-03 10:53:21.021,18,30,19.4,38,650,680,0,688.0006063384444,-8.000606338444413,-2.6923538592998333,0,0.06816069625925017,,N
WeldingTest_03_NG,2022-08-03 10:53:41.551,19,250,241.1,83,1670,1688,0,1707.000103955623,-19.00010395562299,-2.150356731059979,0,0.024143825522399364,,N
WeldingTest_03_NG,2022-08-03 10:53:44.203,20,250,241.2,82,1154,1670,0,1689.0001549203207,-19.00015492032071,-2.37023970306288,0,0.036986281136246864,,N
WeldingTest_03_NG,2022-08-03 10:53:47.675,21,250,241.1,83,1670,1694,0,1712.3737369702349,-18.37373697023486,-2.076632374663748,0,0.020903056861040756,,N
WeldingTest_03_NG,2022-08-03 10:53:50.337,22,250,241.2,82,1154,1674,0,1692.099787412438,-18.09978741243799,-2.2560165610389085,0,0.02965655550795212,,N
WeldingTest_03_NG,2022-08-03 10:53:53.787,23,250,241.1,83,1670,1697,0,1714.000016164169,-17.000016164168983,-1.914943325499444,0,0.015215422703684443,,N
WeldingTest_03_NG,2022-08-03 10:53:56.441,24,250,241.2,82,1154,1675,0,1693.9999960126588,-18.999996012658812,-2.3702195435921363,0,0.036984845071057725,,N
WeldingTest_03_NG,2022-08-03 10:54:02.963,25,250,241.1,83,1670,1694,0,1712.9966966279746,-18.996696627974643,-2.1499556833614806,0,0.02412493464331068,,N
WeldingTest_03_NG,2022-08-03 10:54:05.603,26,250,241.2,82,1154,1675,0,1693.0000140611949,-18.00001406119486,-2.2433590344517365,0,0.028936673022350638,,N
WeldingTest_03_NG,2022-08-03 10:54:09.103,27,250,241.1,83,1670,1698,0,1716.0029705464842,-18.00297054648422,-2.032992597022195,0,0.019189522778869695,,N
WeldingTest_03_NG,2022-08-03 10:54:11.729,28,250,241.2,82,1154,1677,0,1694.999985710131,-17.999985710131114,-2.2433554377564398,0,0.028936470893493303,,N
WeldingTest_03_NG,2022-08-03 10:54:15.211,29,250,241.1,83,1670,1699,0,1716.999967777064,-17.999967777064057,-2.03263916644863,0,0.019176223264377925,,N
WeldingTest_03_NG,2022-08-03 10:54:17.843,30,250,241.2,82,1154,1678,0,1696.988693652646,-18.988693652645907,-2.3687856945675354,0,0.0368828418747517,,N
WeldingTest_03_NG,2022-08-03 10:54:22.101,31,30,19.4,38,650,682,0,688.0006063384444,-6.000606338444413,-2.0192654454897943,0,0.018679561201894783,,N
WeldingTest_03_NG,2022-08-03 10:54:23.613,32,30,19.4,38,650,682,0,688.0006063384444,-6.000606338444413,-2.0192654454897943,0,0.018679561201894783,,N
WeldingTest_03_NG,2022-08-03 10:54:26.709,33,30,19.4,38,650,682,0,688.0006063384444,-6.000606338444413,-2.0192654454897943,0,0.018679561201894783,,N
WeldingTest_03_NG,2022-08-03 10:54:28.471,34,30,19.4,38,650,682,0,688.0006063384444,-6.000606338444413,-2.0192654454897943,0,0.018679561201894783,,N
WeldingTest_03_NG,2022-08-03 10:54:31.963,35,30,19.4,38,650,682,0,688.0006063384444,-6.000606338444413,-2.0192654454897943,0,0.018679561201894783,,N
WeldingTest_03_NG,2022-08-03 10:54:33.757,36,30,19.4,38,650,682,0,688.0006063384444,-6.000606338444413,-2.0192654454897943,0,0.018679561201894783,,N
WeldingTest_03_NG,2022-08-03 10:54:35.475,37,30,19.4,38,650,680,0,688.0006063384444,-8.000606338444413,-2.6923538592998333,0,0.06816069625925017,,N
WeldingTest_03_NG,2022-08-03 10:54:38.507,38,30,19.4,38,650,682,0,688.0006063384444,-6.000606338444413,-2.0192654454897943,0,0.018679561201894783,,N
WeldingTest_03_NG,2022-08-03 10:54:40.011,39,30,19.4,38,650,680,0,688.0006063384444,-8.000606338444413,-2.6923538592998333,0,0.06816069625925017,,N
WeldingTest_03_NG,2022-08-03 10:56:50.183,1,250,241.1,82,1154,1661,0,1679.3760170564362,-18.37601705643624,-2.291059826795843,0,0.031741308764891174,,N
WeldingTest_03_NG,2022-08-03 10:56:53.447,2,250,241.2,83,1670,1687,0,1704.5159551916302,-17.515955191630155,-1.9756701416098148,0,0.017146605961034997,,N
WeldingTest_03_NG,2022-08-03 10:56:56.235,3,250,241.1,82,1153,1669,0,1687.0000658542688,-18.00006585426877,-2.243365605066052,0,0.028937042284513805,,N
WeldingTest_03_NG,2022-08-03 10:56:59.487,4,250,241.2,83,1670,1692,0,1708.9999966770276,-16.99999667702764,-1.9149410318329718,0,0.015215353967636736,,N
WeldingTest_03_NG,2022-08-03 10:57:02.317,5,250,241.1,82,1154,1671,0,1689.0246460370001,-18.02464603700014,-2.2464839158430623,0,0.02911280520990818,,N
WeldingTest_03_NG,2022-08-03 10:57:05.549,6,250,241.2,83,1670,1694,0,1712.029134968304,-18.029134968304106,-2.0360721896638077,0,0.019305790508210408,,N
WeldingTest_03_NG,2022-08-03 10:57:11.375,7,250,241.1,82,1153,1670,0,1687.9999985928248,-17.999998592824795,-2.2433570720910163,0,0.02893656274046461,,N
WeldingTest_03_NG,2022-08-03 10:57:14.671,8,250,241.2,83,1670,1694,0,1711.9999942256752,-17.99999422567521,-2.032642279490793,0,0.019176340368008915,,N
WeldingTest_03_NG,2022-08-03 10:57:17.411,9,250,241.1,82,1154,1674,0,1692.000000006275,-18.00000000627506,-2.2433572514052726,0,0.028936572817654268,,N
WeldingTest_03_NG,2022-08-03 10:57:20.675,10,250,241.2,83,1670,1697,0,1714.011058058723,-17.011058058722938,-1.9162429734508457,0,0.015254419446737236,,N
WeldingTest_03_NG,2022-08-03 10:57:23.519,11,250,241.1,82,1154,1675,0,1693.077006948619,-18.0770069486191,-2.2531265676402397,0,0.029490675990642055,,N
WeldingTest_03_NG,2022-08-03 10:57:26.769,12,250,241.2,83,1670,1698,0,1716.0000403355489,-18.000040335548874,-2.0326477066937563,0,0.019176544525344244,,N
WeldingTest_03_NG,2022-08-03 10:57:31.321,13,30,19.4,38,650,682,0,688.0006063384444,-6.000606338444413,-2.0192654454897943,0,0.018679561201894783,,N
WeldingTest_03_NG,2022-08-03 10:57:33.035,14,30,19.4,35,650,630,1,688.0006063384444,-58.00060633844441,-19.51956420455081,1,0.9999999999999669,"출력 저하 - 광학계/렌즈 오염, 레이저 소스 점검 + 학습에 없는 출력 설정값(SetPower) 확인",Y
WeldingTest_03_NG,2022-08-03 10:57:35.964,15,30,19.4,38,650,682,0,688.0006063384444,-6.000606338444413,-2.0192654454897943,0,0.018679561201894783,,N
WeldingTest_03_NG,2022-08-03 10:57:39.372,16,30,19.4,38,650,682,0,688.0006063384444,-6.000606338444413,-2.0192654454897943,0,0.018679561201894783,,N
WeldingTest_03_NG,2022-08-03 10:57:41.114,17,30,19.4,38,650,682,0,688.0006063384444,-6.000606338444413,-2.0192654454897943,0,0.018679561201894783,,N
WeldingTest_03_NG,2022-08-03 10:57:42.814,18,30,19.4,38,650,680,0,688.0006063384444,-8.000606338444413,-2.6923538592998333,0,0.06816069625925017,,N
WeldingTest_03_NG,2022-08-03 10:58:03.900,19,250,241.1,83,1670,1689,0,1707.000103955623,-18.00010395562299,-2.032655194874212,0,0.01917682621481966,,N
WeldingTest_03_NG,2022-08-03 10:58:06.552,20,250,241.2,82,1154,1671,0,1689.0001549203207,-18.00015492032071,-2.243376904234682,0,0.028937677297542166,,N
WeldingTest_03_NG,2022-08-03 10:58:10.064,21,250,241.1,83,1670,1694,0,1712.3737369702349,-18.37373697023486,-2.076632374663748,0,0.020903056861040756,,N
WeldingTest_03_NG,2022-08-03 10:58:12.752,22,250,241.2,82,1154,1674,0,1692.099787412438,-18.09978741243799,-2.2560165610389085,0,0.02965655550795212,,N
WeldingTest_03_NG,2022-08-03 10:58:16.266,23,250,241.1,83,1670,1697,0,1714.000016164169,-17.000016164168983,-1.914943325499444,0,0.015215422703684443,,N
WeldingTest_03_NG,2022-08-03 10:58:19.050,24,250,241.2,82,1154,1675,0,1693.9999960126588,-18.999996012658812,-2.3702195435921363,0,0.036984845071057725,,N
WeldingTest_03_NG,2022-08-03 10:58:25.722,25,250,241.1,83,1670,1695,0,1712.9966966279746,-17.996696627974643,-2.0322541471757134,0,0.019161745358881054,,N
WeldingTest_03_NG,2022-08-03 10:58:28.322,26,250,241.2,82,1154,1675,0,1693.0000140611949,-18.00001406119486,-2.2433590344517365,0,0.028936673022350638,,N
WeldingTest_03_NG,2022-08-03 10:58:31.764,27,250,241.1,83,1670,1698,0,1716.0029705464842,-18.00297054648422,-2.032992597022195,0,0.019189522778869695,,N
WeldingTest_03_NG,2022-08-03 10:58:34.426,28,250,241.2,82,1154,1678,0,1694.999985710131,-16.999985710131114,-2.1164926389282415,0,0.022598483765049245,,N
WeldingTest_03_NG,2022-08-03 10:58:37.944,29,250,241.1,83,1670,1699,0,1716.999967777064,-17.999967777064057,-2.03263916644863,0,0.019176223264377925,,N
WeldingTest_03_NG,2022-08-03 10:58:40.496,30,250,241.2,82,1154,1679,0,1696.988693652646,-17.988693652645907,-2.241922895739337,0,0.02885607302592614,,N
WeldingTest_03_NG,2022-08-03 10:58:44.806,31,30,19.4,38,650,682,0,688.0006063384444,-6.000606338444413,-2.0192654454897943,0,0.018679561201894783,,N
WeldingTest_03_NG,2022-08-03 10:58:46.408,32,30,19.4,38,650,682,0,688.0006063384444,-6.000606338444413,-2.0192654454897943,0,0.018679561201894783,,N
WeldingTest_03_NG,2022-08-03 10:58:49.494,33,30,19.4,38,650,682,0,688.0006063384444,-6.000606338444413,-2.0192654454897943,0,0.018679561201894783,,N
WeldingTest_03_NG,2022-08-03 10:58:51.254,34,30,19.4,38,650,682,0,688.0006063384444,-6.000606338444413,-2.0192654454897943,0,0.018679561201894783,,N
WeldingTest_03_NG,2022-08-03 10:58:54.798,35,30,19.4,38,650,682,0,688.0006063384444,-6.000606338444413,-2.0192654454897943,0,0.018679561201894783,,N
WeldingTest_03_NG,2022-08-03 10:58:56.526,36,30,19.4,38,650,682,0,688.0006063384444,-6.000606338444413,-2.0192654454897943,0,0.018679561201894783,,N
WeldingTest_03_NG,2022-08-03 10:58:58.214,37,30,19.4,38,650,682,0,688.0006063384444,-6.000606338444413,-2.0192654454897943,0,0.018679561201894783,,N
WeldingTest_03_NG,2022-08-03 10:59:01.246,38,30,19.4,38,650,682,0,688.0006063384444,-6.000606338444413,-2.0192654454897943,0,0.018679561201894783,,N
WeldingTest_03_NG,2022-08-03 10:59:02.694,39,30,19.4,38,650,682,0,688.0006063384444,-6.000606338444413,-2.0192654454897943,0,0.018679561201894783,,N
WeldingTest_03_NG,2022-08-03 10:59:49.232,1,250,241.1,82,1154,1665,0,1679.3760170564362,-14.37601705643624,-1.7836086314830508,0,0.011741871224911007,,N
WeldingTest_03_NG,2022-08-03 10:59:52.474,2,250,241.2,83,1670,1690,0,1704.5159551916302,-14.515955191630155,-1.6225655330525126,0,0.00853617934236074,,N
WeldingTest_03_NG,2022-08-03 10:59:55.302,3,250,241.1,82,1153,1671,0,1687.0000658542688,-16.00006585426877,-1.9896400074096559,0,0.017623870711761705,,N
WeldingTest_03_NG,2022-08-03 10:59:58.688,4,250,241.2,83,1670,1695,0,1708.9999966770276,-13.999996677027639,-1.5618364232756696,0,0.007567267823260635,,N
WeldingTest_03_NG,2022-08-03 11:00:01.538,5,250,241.1,82,1154,1674,0,1689.0246460370001,-15.024646037000139,-1.8658955193584679,0,0.013813365798905075,,N
WeldingTest_03_NG,2022-08-03 11:00:04.766,6,250,241.2,83,1670,1697,0,1712.029134968304,-15.029134968304106,-1.6829675811065057,0,0.009621711333202183,,N
WeldingTest_03_NG,2022-08-03 11:00:10.576,7,250,241.1,82,1153,1673,0,1687.9999985928248,-14.999998592824795,-1.8627686756064221,0,0.013728433097365383,,N
WeldingTest_03_NG,2022-08-03 11:00:13.862,8,250,241.2,83,1670,1697,0,1711.9999942256752,-14.99999422567521,-1.6795376709334904,0,0.009556562595647659,,N
WeldingTest_03_NG,2022-08-03 11:00:16.618,9,250,241.1,82,1154,1677,0,1692.000000006275,-15.000000006275059,-1.8627688549206785,0,0.01372843795318309,,N
WeldingTest_03_NG,2022-08-03 11:00:19.930,10,250,241.2,83,1670,1699,0,1714.011058058723,-15.011058058722938,-1.680839901079311,0,0.009581245938673098,,N
WeldingTest_03_NG,2022-08-03 11:00:22.708,11,250,241.1,82,1154,1678,0,1693.077006948619,-15.0770069486191,-1.8725381711556455,0,0.013995519477128947,,N
WeldingTest_03_NG,2022-08-03 11:00:25.964,12,250,241.2,83,1670,1700,0,1716.0000403355489,-16.000040335548874,-1.7972446343222215,0,0.01206258626287463,,N
WeldingTest_03_NG,2022-08-03 11:00:30.424,13,30,19.4,38,650,682,0,688.0006063384444,-6.000606338444413,-2.0192654454897943,0,0.018679561201894783,,N
WeldingTest_03_NG,2022-08-03 11:00:32.164,14,30,19.4,35,650,632,1,688.0006063384444,-56.00060633844441,-18.846475790740772,1,0.9999999999998728,"출력 저하 - 광학계/렌즈 오염, 레이저 소스 점검 + 학습에 없는 출력 설정값(SetPower) 확인",Y
WeldingTest_03_NG,2022-08-03 11:00:35.148,15,30,19.4,38,650,682,0,688.0006063384444,-6.000606338444413,-2.0192654454897943,0,0.018679561201894783,,N
WeldingTest_03_NG,2022-08-03 11:00:38.472,16,30,19.4,38,650,682,0,688.0006063384444,-6.000606338444413,-2.0192654454897943,0,0.018679561201894783,,N
WeldingTest_03_NG,2022-08-03 11:00:40.232,17,30,19.4,38,650,682,0,688.0006063384444,-6.000606338444413,-2.0192654454897943,0,0.018679561201894783,,N
WeldingTest_03_NG,2022-08-03 11:00:41.920,18,30,19.4,38,650,682,0,688.0006063384444,-6.000606338444413,-2.0192654454897943,0,0.018679561201894783,,N
WeldingTest_03_NG,2022-08-03 11:01:02.620,19,250,241.1,83,1670,1690,0,1707.000103955623,-17.00010395562299,-1.9149536586884446,0,0.015215732370009625,,N
WeldingTest_03_NG,2022-08-03 11:01:05.260,20,250,241.2,82,1154,1673,0,1689.0001549203207,-16.00015492032071,-1.989651306578286,0,0.01762426196713884,,N
WeldingTest_03_NG,2022-08-03 11:01:08.764,21,250,241.1,83,1670,1697,0,1712.3737369702349,-15.373736970234859,-1.723527766106446,0,0.010426282629246476,,N
WeldingTest_03_NG,2022-08-03 11:01:11.442,22,250,241.2,82,1154,1675,0,1692.099787412438,-17.09978741243799,-2.1291537622107106,0,0.02316460986710628,,N
WeldingTest_03_NG,2022-08-03 11:01:14.830,23,250,241.1,83,1670,1698,0,1714.000016164169,-16.000016164168983,-1.7972417893136765,0,0.012062518454672457,,N
WeldingTest_03_NG,2022-08-03 11:01:17.446,24,250,241.2,82,1154,1678,0,1693.9999960126588,-15.999996012658812,-1.989631147107542,0,0.017623563912780586,,N
WeldingTest_03_NG,2022-08-03 11:01:23.904,25,250,241.1,83,1670,1697,0,1712.9966966279746,-15.996696627974643,-1.7968510748041786,0,0.012053209703825838,,N
WeldingTest_03_NG,2022-08-03 11:01:26.546,26,250,241.2,82,1154,1677,0,1693.0000140611949,-16.00001406119486,-1.98963343679534,0,0.017623643195565915,,N
WeldingTest_03_NG,2022-08-03 11:01:29.970,27,250,241.1,83,1670,1700,0,1716.0029705464842,-16.00297054648422,-1.7975895246506601,0,0.012070809201601864,,N
WeldingTest_03_NG,2022-08-03 11:01:32.746,28,250,241.2,82,1154,1679,0,1694.999985710131,-15.999985710131114,-1.9896298401000434,0,0.01762351865646421,,N
WeldingTest_03_NG,2022-08-03 11:01:36.268,29,250,241.1,83,1670,1700,0,1716.999967777064,-16.999967777064057,-1.9149376302628627,0,0.015215252030760974,,N
WeldingTest_03_NG,2022-08-03 11:01:39.030,30,250,241.2,82,1154,1679,0,1696.988693652646,-17.988693652645907,-2.241922895739337,0,0.02885607302592614,,N
WeldingTest_03_NG,2022-08-03 11:01:43.388,31,30,19.4,38,650,682,0,688.0006063384444,-6.000606338444413,-2.0192654454897943,0,0.018679561201894783,,N
WeldingTest_03_NG,2022-08-03 11:01:44.912,32,30,19.4,38,650,682,0,688.0006063384444,-6.000606338444413,-2.0192654454897943,0,0.018679561201894783,,N
WeldingTest_03_NG,2022-08-03 11:01:47.966,33,30,19.4,38,650,682,0,688.0006063384444,-6.000606338444413,-2.0192654454897943,0,0.018679561201894783,,N
WeldingTest_03_NG,2022-08-03 11:01:49.744,34,30,19.4,38,650,682,0,688.0006063384444,-6.000606338444413,-2.0192654454897943,0,0.018679561201894783,,N
WeldingTest_03_NG,2022-08-03 11:01:53.232,35,30,19.4,38,650,682,0,688.0006063384444,-6.000606338444413,-2.0192654454897943,0,0.018679561201894783,,N
WeldingTest_03_NG,2022-08-03 11:01:54.910,36,30,19.4,38,650,682,0,688.0006063384444,-6.000606338444413,-2.0192654454897943,0,0.018679561201894783,,N
WeldingTest_03_NG,2022-08-03 11:01:56.644,37,30,19.4,38,650,682,0,688.0006063384444,-6.000606338444413,-2.0192654454897943,0,0.018679561201894783,,N
WeldingTest_03_NG,2022-08-03 11:01:59.626,38,30,19.4,38,650,682,0,688.0006063384444,-6.000606338444413,-2.0192654454897943,0,0.018679561201894783,,N
WeldingTest_03_NG,2022-08-03 11:02:01.110,39,30,19.4,38,650,682,0,688.0006063384444,-6.000606338444413,-2.0192654454897943,0,0.018679561201894783,,N
WeldingTest_03_NG,2022-08-03 11:02:58.376,1,250,241.1,82,1154,1663,0,1679.3760170564362,-16.37601705643624,-2.037334229139447,0,0.019353637116623277,,N
WeldingTest_03_NG,2022-08-03 11:03:01.666,2,250,241.2,83,1670,1690,0,1704.5159551916302,-14.515955191630155,-1.6225655330525126,0,0.00853617934236074,,N
WeldingTest_03_NG,2022-08-03 11:03:04.422,3,250,241.1,82,1153,1671,0,1687.0000658542688,-16.00006585426877,-1.9896400074096559,0,0.017623870711761705,,N
WeldingTest_03_NG,2022-08-03 11:03:07.678,4,250,241.2,83,1670,1695,0,1708.9999966770276,-13.999996677027639,-1.5618364232756696,0,0.007567267823260635,,N
WeldingTest_03_NG,2022-08-03 11:03:10.522,5,250,241.1,82,1154,1674,0,1689.0246460370001,-15.024646037000139,-1.8658955193584679,0,0.013813365798905075,,N
WeldingTest_03_NG,2022-08-03 11:03:13.800,6,250,241.2,83,1670,1697,0,1712.029134968304,-15.029134968304106,-1.6829675811065057,0,0.009621711333202183,,N
WeldingTest_03_NG,2022-08-03 11:03:19.690,7,250,241.1,82,1153,1671,0,1687.9999985928248,-16.999998592824795,-2.1164942732628185,0,0.022598555962847263,,N
WeldingTest_03_NG,2022-08-03 11:03:22.966,8,250,241.2,83,1670,1697,0,1711.9999942256752,-14.99999422567521,-1.6795376709334904,0,0.009556562595647659,,N
WeldingTest_03_NG,2022-08-03 11:03:25.800,9,250,241.1,82,1154,1675,0,1692.000000006275,-17.00000000627506,-2.116494452577075,0,0.022598563884185442,,N
WeldingTest_03_NG,2022-08-03 11:03:29.050,10,250,241.2,83,1670,1699,0,1714.011058058723,-15.011058058722938,-1.680839901079311,0,0.009581245938673098,,N
WeldingTest_03_NG,2022-08-03 11:03:31.916,11,250,241.1,82,1154,1678,0,1693.077006948619,-15.0770069486191,-1.8725381711556455,0,0.013995519477128947,,N
WeldingTest_03_NG,2022-08-03 11:03:35.140,12,250,241.2,83,1670,1700,0,1716.0000403355489,-16.000040335548874,-1.7972446343222215,0,0.01206258626287463,,N
WeldingTest_03_NG,2022-08-03 11:03:39.626,13,30,19.4,38,650,682,0,688.0006063384444,-6.000606338444413,-2.0192654454897943,0,0.018679561201894783,,N
WeldingTest_03_NG,2022-08-03 11:03:41.320,14,30,19.4,35,650,632,1,688.0006063384444,-56.00060633844441,-18.846475790740772,1,0.9999999999998728,"출력 저하 - 광학계/렌즈 오염, 레이저 소스 점검 + 학습에 없는 출력 설정값(SetPower) 확인",Y
WeldingTest_03_NG,2022-08-03 11:03:44.246,15,30,19.4,38,650,682,0,688.0006063384444,-6.000606338444413,-2.0192654454897943,0,0.018679561201894783,,N
WeldingTest_03_NG,2022-08-03 11:03:47.562,16,30,19.4,38,650,682,0,688.0006063384444,-6.000606338444413,-2.0192654454897943,0,0.018679561201894783,,N
WeldingTest_03_NG,2022-08-03 11:03:49.340,17,30,19.4,38,650,682,0,688.0006063384444,-6.000606338444413,-2.0192654454897943,0,0.018679561201894783,,N
WeldingTest_03_NG,2022-08-03 11:03:51.010,18,30,19.4,38,650,682,0,688.0006063384444,-6.000606338444413,-2.0192654454897943,0,0.018679561201894783,,N
WeldingTest_03_NG,2022-08-03 11:04:11.756,19,250,241.1,83,1670,1690,0,1707.000103955623,-17.00010395562299,-1.9149536586884446,0,0.015215732370009625,,N
WeldingTest_03_NG,2022-08-03 11:04:14.348,20,250,241.2,82,1154,1673,0,1689.0001549203207,-16.00015492032071,-1.989651306578286,0,0.01762426196713884,,N
WeldingTest_03_NG,2022-08-03 11:04:17.776,21,250,241.1,83,1670,1697,0,1712.3737369702349,-15.373736970234859,-1.723527766106446,0,0.010426282629246476,,N
WeldingTest_03_NG,2022-08-03 11:04:20.430,22,250,241.2,82,1154,1677,0,1692.099787412438,-15.09978741243799,-1.8754281645543143,0,0.01407550570912607,,N
WeldingTest_03_NG,2022-08-03 11:04:23.866,23,250,241.1,83,1670,1698,0,1714.000016164169,-16.000016164168983,-1.7972417893136765,0,0.012062518454672457,,N
WeldingTest_03_NG,2022-08-03 11:04:26.508,24,250,241.2,82,1154,1678,0,1693.9999960126588,-15.999996012658812,-1.989631147107542,0,0.017623563912780586,,N
WeldingTest_03_NG,2022-08-03 11:04:32.930,25,250,241.1,83,1670,1697,0,1712.9966966279746,-15.996696627974643,-1.7968510748041786,0,0.012053209703825838,,N
WeldingTest_03_NG,2022-08-03 11:04:35.654,26,250,241.2,82,1154,1677,0,1693.0000140611949,-16.00001406119486,-1.98963343679534,0,0.017623643195565915,,N
WeldingTest_03_NG,2022-08-03 11:04:39.059,27,250,241.1,83,1670,1699,0,1716.0029705464842,-17.00297054648422,-1.9152910608364275,0,0.015225847090383205,,N
WeldingTest_03_NG,2022-08-03 11:04:41.741,28,250,241.2,82,1154,1679,0,1694.999985710131,-15.999985710131114,-1.9896298401000434,0,0.01762351865646421,,N
WeldingTest_03_NG,2022-08-03 11:04:45.221,29,250,241.1,83,1670,1702,0,1716.999967777064,-14.999967777064057,-1.6795345578913279,0,0.00955650366447817,,N
WeldingTest_03_NG,2022-08-03 11:04:47.803,30,250,241.2,82,1154,1679,0,1696.988693652646,-17.988693652645907,-2.241922895739337,0,0.02885607302592614,,N
WeldingTest_03_NG,2022-08-03 11:04:52.057,31,30,19.4,38,650,682,0,688.0006063384444,-6.000606338444413,-2.0192654454897943,0,0.018679561201894783,,N
WeldingTest_03_NG,2022-08-03 11:04:53.601,32,30,19.4,38,650,682,0,688.0006063384444,-6.000606338444413,-2.0192654454897943,0,0.018679561201894783,,N
WeldingTest_03_NG,2022-08-03 11:04:56.675,33,30,19.4,38,650,682,0,688.0006063384444,-6.000606338444413,-2.0192654454897943,0,0.018679561201894783,,N
WeldingTest_03_NG,2022-08-03 11:04:58.469,34,30,19.4,38,650,682,0,688.0006063384444,-6.000606338444413,-2.0192654454897943,0,0.018679561201894783,,N
WeldingTest_03_NG,2022-08-03 11:05:02.013,35,30,19.4,38,650,682,0,688.0006063384444,-6.000606338444413,-2.0192654454897943,0,0.018679561201894783,,N
WeldingTest_03_NG,2022-08-03 11:05:03.709,36,30,19.4,38,650,682,0,688.0006063384444,-6.000606338444413,-2.0192654454897943,0,0.018679561201894783,,N
WeldingTest_03_NG,2022-08-03 11:05:05.423,37,30,19.4,38,650,682,0,688.0006063384444,-6.000606338444413,-2.0192654454897943,0,0.018679561201894783,,N
WeldingTest_03_NG,2022-08-03 11:05:08.383,38,30,19.4,38,650,682,0,688.0006063384444,-6.000606338444413,-2.0192654454897943,0,0.018679561201894783,,N
WeldingTest_03_NG,2022-08-03 11:05:09.935,39,30,19.4,38,650,682,0,688.0006063384444,-6.000606338444413,-2.0192654454897943,0,0.018679561201894783,,N
WeldingTest_03_NG,2022-08-03 11:08:50.777,1,250,241.1,82,1154,1660,0,1679.3760170564362,-19.37601705643624,-2.4179226256240414,0,0.04053715039861013,,N
WeldingTest_03_NG,2022-08-03 11:08:54.067,2,250,241.2,83,1670,1685,0,1704.5159551916302,-19.515955191630155,-2.2110732139813494,0,0.02717640658643964,,N
WeldingTest_03_NG,2022-08-03 11:08:56.899,3,250,241.1,82,1153,1667,0,1687.0000658542688,-20.00006585426877,-2.4970912027224483,0,0.04716374458367817,,N
WeldingTest_03_NG,2022-08-03 11:09:00.141,4,250,241.2,83,1670,1690,0,1708.9999966770276,-18.99999667702764,-2.150344104204507,0,0.024143230529360713,,N
WeldingTest_03_NG,2022-08-03 11:09:02.901,5,250,241.1,82,1154,1670,0,1689.0246460370001,-19.02464603700014,-2.3733467146712606,0,0.03720825199081969,,N
WeldingTest_03_NG,2022-08-03 11:09:06.163,6,250,241.2,83,1670,1694,0,1712.029134968304,-18.029134968304106,-2.0360721896638077,0,0.019305790508210408,,N
WeldingTest_03_NG,2022-08-03 11:09:11.887,7,250,241.1,82,1153,1669,0,1687.9999985928248,-18.999998592824795,-2.3702198709192146,0,0.036984868387859825,,N
WeldingTest_03_NG,2022-08-03 11:09:15.161,8,250,241.2,83,1670,1694,0,1711.9999942256752,-17.99999422567521,-2.032642279490793,0,0.019176340368008915,,N
WeldingTest_03_NG,2022-08-03 11:09:17.905,9,250,241.1,82,1154,1673,0,1692.000000006275,-19.00000000627506,-2.370220050233471,0,0.03698488116112934,,N
WeldingTest_03_NG,2022-08-03 11:09:21.149,10,250,241.2,83,1670,1697,0,1714.011058058723,-17.011058058722938,-1.9162429734508457,0,0.015254419446737236,,N
WeldingTest_03_NG,2022-08-03 11:09:24.003,11,250,241.1,82,1154,1675,0,1693.077006948619,-18.0770069486191,-2.2531265676402397,0,0.029490675990642055,,N
WeldingTest_03_NG,2022-08-03 11:09:27.231,12,250,241.2,83,1670,1698,0,1716.0000403355489,-18.000040335548874,-2.0326477066937563,0,0.019176544525344244,,N
WeldingTest_03_NG,2022-08-03 11:09:31.851,13,30,19.4,38,650,682,0,688.0006063384444,-6.000606338444413,-2.0192654454897943,0,0.018679561201894783,,N
WeldingTest_03_NG,2022-08-03 11:09:33.549,14,30,19.4,35,650,630,1,688.0006063384444,-58.00060633844441,-19.51956420455081,1,0.9999999999999669,"출력 저하 - 광학계/렌즈 오염, 레이저 소스 점검 + 학습에 없는 출력 설정값(SetPower) 확인",Y
WeldingTest_03_NG,2022-08-03 11:09:36.459,15,30,19.4,38,650,680,0,688.0006063384444,-8.000606338444413,-2.6923538592998333,0,0.06816069625925017,,N
WeldingTest_03_NG,2022-08-03 11:09:39.875,16,30,19.4,38,650,680,0,688.0006063384444,-8.000606338444413,-2.6923538592998333,0,0.06816069625925017,,N
WeldingTest_03_NG,2022-08-03 11:09:41.651,17,30,19.4,38,650,680,0,688.0006063384444,-8.000606338444413,-2.6923538592998333,0,0.06816069625925017,,N
WeldingTest_03_NG,2022-08-03 11:09:43.319,18,30,19.4,38,650,680,0,688.0006063384444,-8.000606338444413,-2.6923538592998333,0,0.06816069625925017,,N
WeldingTest_03_NG,2022-08-03 11:10:03.923,19,250,241.1,83,1670,1689,0,1707.000103955623,-18.00010395562299,-2.032655194874212,0,0.01917682621481966,,N
WeldingTest_03_NG,2022-08-03 11:10:06.639,20,250,241.2,82,1154,1671,0,1689.0001549203207,-18.00015492032071,-2.243376904234682,0,0.028937677297542166,,N
WeldingTest_03_NG,2022-08-03 11:10:10.091,21,250,241.1,83,1670,1694,0,1712.3737369702349,-18.37373697023486,-2.076632374663748,0,0.020903056861040756,,N
WeldingTest_03_NG,2022-08-03 11:10:12.757,22,250,241.2,82,1154,1674,0,1692.099787412438,-18.09978741243799,-2.2560165610389085,0,0.02965655550795212,,N
WeldingTest_03_NG,2022-08-03 11:10:16.187,23,250,241.1,83,1670,1697,0,1714.000016164169,-17.000016164168983,-1.914943325499444,0,0.015215422703684443,,N
WeldingTest_03_NG,2022-08-03 11:10:18.873,24,250,241.2,82,1154,1677,0,1693.9999960126588,-16.999996012658812,-2.11649394593574,0,0.02259854150294162,,N
WeldingTest_03_NG,2022-08-03 11:10:25.341,25,250,241.1,83,1670,1695,0,1712.9966966279746,-17.996696627974643,-2.0322541471757134,0,0.019161745358881054,,N
WeldingTest_03_NG,2022-08-03 11:10:27.907,26,250,241.2,82,1154,1675,0,1693.0000140611949,-18.00001406119486,-2.2433590344517365,0,0.028936673022350638,,N
WeldingTest_03_NG,2022-08-03 11:10:31.373,27,250,241.1,83,1670,1699,0,1716.0029705464842,-17.00297054648422,-1.9152910608364275,0,0.015225847090383205,,N
WeldingTest_03_NG,2022-08-03 11:10:34.049,28,250,241.2,82,1154,1678,0,1694.999985710131,-16.999985710131114,-2.1164926389282415,0,0.022598483765049245,,N
WeldingTest_03_NG,2022-08-03 11:10:37.543,29,250,241.1,83,1670,1700,0,1716.999967777064,-16.999967777064057,-1.9149376302628627,0,0.015215252030760974,,N
WeldingTest_03_NG,2022-08-03 11:10:40.125,30,250,241.2,82,1154,1679,0,1696.988693652646,-17.988693652645907,-2.241922895739337,0,0.02885607302592614,,N
WeldingTest_03_NG,2022-08-03 11:10:44.507,31,30,19.4,38,650,682,0,688.0006063384444,-6.000606338444413,-2.0192654454897943,0,0.018679561201894783,,N
WeldingTest_03_NG,2022-08-03 11:10:45.993,32,30,19.4,38,650,682,0,688.0006063384444,-6.000606338444413,-2.0192654454897943,0,0.018679561201894783,,N
WeldingTest_03_NG,2022-08-03 11:10:49.101,33,30,19.4,38,650,682,0,688.0006063384444,-6.000606338444413,-2.0192654454897943,0,0.018679561201894783,,N
WeldingTest_03_NG,2022-08-03 11:10:50.853,34,30,19.4,38,650,682,0,688.0006063384444,-6.000606338444413,-2.0192654454897943,0,0.018679561201894783,,N
WeldingTest_03_NG,2022-08-03 11:10:54.405,35,30,19.4,38,650,682,0,688.0006063384444,-6.000606338444413,-2.0192654454897943,0,0.018679561201894783,,N
WeldingTest_03_NG,2022-08-03 11:10:56.087,36,30,19.4,38,650,682,0,688.0006063384444,-6.000606338444413,-2.0192654454897943,0,0.018679561201894783,,N
WeldingTest_03_NG,2022-08-03 11:10:57.821,37,30,19.4,38,650,682,0,688.0006063384444,-6.000606338444413,-2.0192654454897943,0,0.018679561201894783,,N
WeldingTest_03_NG,2022-08-03 11:11:00.799,38,30,19.4,38,650,682,0,688.0006063384444,-6.000606338444413,-2.0192654454897943,0,0.018679561201894783,,N
WeldingTest_03_NG,2022-08-03 11:11:02.333,39,30,19.4,38,650,682,0,688.0006063384444,-6.000606338444413,-2.0192654454897943,0,0.018679561201894783,,N
WeldingTest_03_NG,2022-08-03 11:11:49.750,1,250,241.1,82,1154,1665,0,1679.3760170564362,-14.37601705643624,-1.7836086314830508,0,0.011741871224911007,,N
WeldingTest_03_NG,2022-08-03 11:11:52.974,2,250,241.2,83,1670,1690,0,1704.5159551916302,-14.515955191630155,-1.6225655330525126,0,0.00853617934236074,,N
WeldingTest_03_NG,2022-08-03 11:11:55.758,3,250,241.1,82,1153,1671,0,1687.0000658542688,-16.00006585426877,-1.9896400074096559,0,0.017623870711761705,,N
WeldingTest_03_NG,2022-08-03 11:11:59.144,4,250,241.2,83,1670,1695,0,1708.9999966770276,-13.999996677027639,-1.5618364232756696,0,0.007567267823260635,,N
WeldingTest_03_NG,2022-08-03 11:12:01.914,5,250,241.1,82,1154,1674,0,1689.0246460370001,-15.024646037000139,-1.8658955193584679,0,0.013813365798905075,,N
WeldingTest_03_NG,2022-08-03 11:12:05.172,6,250,241.2,83,1670,1698,0,1712.029134968304,-14.029134968304106,-1.5652660449207383,0,0.00761895515219327,,N
WeldingTest_03_NG,2022-08-03 11:12:11.060,7,250,241.1,82,1153,1673,0,1687.9999985928248,-14.999998592824795,-1.8627686756064221,0,0.013728433097365383,,N
WeldingTest_03_NG,2022-08-03 11:12:14.270,8,250,241.2,83,1670,1697,0,1711.9999942256752,-14.99999422567521,-1.6795376709334904,0,0.009556562595647659,,N
WeldingTest_03_NG,2022-08-03 11:12:17.114,9,250,241.1,82,1154,1675,0,1692.000000006275,-17.00000000627506,-2.116494452577075,0,0.022598563884185442,,N
WeldingTest_03_NG,2022-08-03 11:12:20.478,10,250,241.2,83,1670,1699,0,1714.011058058723,-15.011058058722938,-1.680839901079311,0,0.009581245938673098,,N
WeldingTest_03_NG,2022-08-03 11:12:23.308,11,250,241.1,82,1154,1678,0,1693.077006948619,-15.0770069486191,-1.8725381711556455,0,0.013995519477128947,,N
WeldingTest_03_NG,2022-08-03 11:12:26.572,12,250,241.2,83,1670,1700,0,1716.0000403355489,-16.000040335548874,-1.7972446343222215,0,0.01206258626287463,,N
WeldingTest_03_NG,2022-08-03 11:12:31.008,13,30,19.4,38,650,682,0,688.0006063384444,-6.000606338444413,-2.0192654454897943,0,0.018679561201894783,,N
WeldingTest_03_NG,2022-08-03 11:12:32.702,14,30,19.4,35,650,632,1,688.0006063384444,-56.00060633844441,-18.846475790740772,1,0.9999999999998728,"출력 저하 - 광학계/렌즈 오염, 레이저 소스 점검 + 학습에 없는 출력 설정값(SetPower) 확인",Y
WeldingTest_03_NG,2022-08-03 11:12:35.694,15,30,19.4,38,650,682,0,688.0006063384444,-6.000606338444413,-2.0192654454897943,0,0.018679561201894783,,N
WeldingTest_03_NG,2022-08-03 11:12:39.080,16,30,19.4,38,650,682,0,688.0006063384444,-6.000606338444413,-2.0192654454897943,0,0.018679561201894783,,N
WeldingTest_03_NG,2022-08-03 11:12:40.862,17,30,19.4,38,650,682,0,688.0006063384444,-6.000606338444413,-2.0192654454897943,0,0.018679561201894783,,N
WeldingTest_03_NG,2022-08-03 11:12:42.636,18,30,19.4,38,650,682,0,688.0006063384444,-6.000606338444413,-2.0192654454897943,0,0.018679561201894783,,N
WeldingTest_03_NG,2022-08-03 11:13:04.024,19,250,241.1,83,1670,1690,0,1707.000103955623,-17.00010395562299,-1.9149536586884446,0,0.015215732370009625,,N
WeldingTest_03_NG,2022-08-03 11:13:06.738,20,250,241.2,82,1154,1673,0,1689.0001549203207,-16.00015492032071,-1.989651306578286,0,0.01762426196713884,,N
WeldingTest_03_NG,2022-08-03 11:13:10.178,21,250,241.1,83,1670,1697,0,1712.3737369702349,-15.373736970234859,-1.723527766106446,0,0.010426282629246476,,N
WeldingTest_03_NG,2022-08-03 11:13:12.848,22,250,241.2,82,1154,1675,0,1692.099787412438,-17.09978741243799,-2.1291537622107106,0,0.02316460986710628,,N
WeldingTest_03_NG,2022-08-03 11:13:16.284,23,250,241.1,83,1670,1698,0,1714.000016164169,-16.000016164168983,-1.7972417893136765,0,0.012062518454672457,,N
WeldingTest_03_NG,2022-08-03 11:13:18.986,24,250,241.2,82,1154,1678,0,1693.9999960126588,-15.999996012658812,-1.989631147107542,0,0.017623563912780586,,N
WeldingTest_03_NG,2022-08-03 11:13:25.394,25,250,241.1,83,1670,1697,0,1712.9966966279746,-15.996696627974643,-1.7968510748041786,0,0.012053209703825838,,N
WeldingTest_03_NG,2022-08-03 11:13:28.158,26,250,241.2,82,1154,1677,0,1693.0000140611949,-16.00001406119486,-1.98963343679534,0,0.017623643195565915,,N
WeldingTest_03_NG,2022-08-03 11:13:31.518,27,250,241.1,83,1670,1700,0,1716.0029705464842,-16.00297054648422,-1.7975895246506601,0,0.012070809201601864,,N
WeldingTest_03_NG,2022-08-03 11:13:34.146,28,250,241.2,82,1154,1679,0,1694.999985710131,-15.999985710131114,-1.9896298401000434,0,0.01762351865646421,,N
WeldingTest_03_NG,2022-08-03 11:13:37.578,29,250,241.1,83,1670,1702,0,1716.999967777064,-14.999967777064057,-1.6795345578913279,0,0.00955650366447817,,N
WeldingTest_03_NG,2022-08-03 11:13:40.316,30,250,241.2,82,1154,1679,0,1696.988693652646,-17.988693652645907,-2.241922895739337,0,0.02885607302592614,,N
WeldingTest_03_NG,2022-08-03 11:13:44.696,31,30,19.4,38,650,682,0,688.0006063384444,-6.000606338444413,-2.0192654454897943,0,0.018679561201894783,,N
WeldingTest_03_NG,2022-08-03 11:13:46.224,32,30,19.4,38,650,682,0,688.0006063384444,-6.000606338444413,-2.0192654454897943,0,0.018679561201894783,,N
WeldingTest_03_NG,2022-08-03 11:13:49.248,33,30,19.4,38,650,682,0,688.0006063384444,-6.000606338444413,-2.0192654454897943,0,0.018679561201894783,,N
WeldingTest_03_NG,2022-08-03 11:13:50.946,34,30,19.4,38,650,682,0,688.0006063384444,-6.000606338444413,-2.0192654454897943,0,0.018679561201894783,,N
WeldingTest_03_NG,2022-08-03 11:13:54.412,35,30,19.4,38,650,682,0,688.0006063384444,-6.000606338444413,-2.0192654454897943,0,0.018679561201894783,,N
WeldingTest_03_NG,2022-08-03 11:13:56.096,36,30,19.4,38,650,682,0,688.0006063384444,-6.000606338444413,-2.0192654454897943,0,0.018679561201894783,,N
WeldingTest_03_NG,2022-08-03 11:13:57.818,37,30,19.4,38,650,682,0,688.0006063384444,-6.000606338444413,-2.0192654454897943,0,0.018679561201894783,,N
WeldingTest_03_NG,2022-08-03 11:14:00.796,38,30,19.4,38,650,682,0,688.0006063384444,-6.000606338444413,-2.0192654454897943,0,0.018679561201894783,,N
WeldingTest_03_NG,2022-08-03 11:14:02.278,39,30,19.4,38,650,682,0,688.0006063384444,-6.000606338444413,-2.0192654454897943,0,0.018679561201894783,,N
WeldingTest_03_NG,2022-08-03 11:17:29.662,1,250,241.1,82,1154,1660,0,1679.3760170564362,-19.37601705643624,-2.4179226256240414,0,0.04053715039861013,,N
WeldingTest_03_NG,2022-08-03 11:17:33.046,2,250,241.2,83,1670,1685,0,1704.5159551916302,-19.515955191630155,-2.2110732139813494,0,0.02717640658643964,,N
WeldingTest_03_NG,2022-08-03 11:17:35.794,3,250,241.1,82,1153,1667,0,1687.0000658542688,-20.00006585426877,-2.4970912027224483,0,0.04716374458367817,,N
WeldingTest_03_NG,2022-08-03 11:17:39.040,4,250,241.2,83,1670,1690,0,1708.9999966770276,-18.99999667702764,-2.150344104204507,0,0.024143230529360713,,N
WeldingTest_03_NG,2022-08-03 11:17:41.760,5,250,241.1,82,1154,1670,0,1689.0246460370001,-19.02464603700014,-2.3733467146712606,0,0.03720825199081969,,N
WeldingTest_03_NG,2022-08-03 11:17:45.200,6,250,241.2,83,1670,1694,0,1712.029134968304,-18.029134968304106,-2.0360721896638077,0,0.019305790508210408,,N
WeldingTest_03_NG,2022-08-03 11:17:50.946,7,250,241.1,82,1153,1669,0,1687.9999985928248,-18.999998592824795,-2.3702198709192146,0,0.036984868387859825,,N
WeldingTest_03_NG,2022-08-03 11:17:54.322,8,250,241.2,83,1670,1694,0,1711.9999942256752,-17.99999422567521,-2.032642279490793,0,0.019176340368008915,,N
WeldingTest_03_NG,2022-08-03 11:17:57.076,9,250,241.1,82,1154,1673,0,1692.000000006275,-19.00000000627506,-2.370220050233471,0,0.03698488116112934,,N
WeldingTest_03_NG,2022-08-03 11:18:00.350,10,250,241.2,83,1670,1697,0,1714.011058058723,-17.011058058722938,-1.9162429734508457,0,0.015254419446737236,,N
WeldingTest_03_NG,2022-08-03 11:18:03.220,11,250,241.1,82,1154,1674,0,1693.077006948619,-19.0770069486191,-2.379989366468438,0,0.03768711921269214,,N
WeldingTest_03_NG,2022-08-03 11:18:06.546,12,250,241.2,83,1670,1698,0,1716.0000403355489,-18.000040335548874,-2.0326477066937563,0,0.019176544525344244,,N
WeldingTest_03_NG,2022-08-03 11:18:11.058,13,30,19.4,38,650,682,0,688.0006063384444,-6.000606338444413,-2.0192654454897943,0,0.018679561201894783,,N
WeldingTest_03_NG,2022-08-03 11:18:12.820,14,30,19.4,35,650,630,1,688.0006063384444,-58.00060633844441,-19.51956420455081,1,0.9999999999999669,"출력 저하 - 광학계/렌즈 오염, 레이저 소스 점검 + 학습에 없는 출력 설정값(SetPower) 확인",Y
WeldingTest_03_NG,2022-08-03 11:18:15.748,15,30,19.4,38,650,680,0,688.0006063384444,-8.000606338444413,-2.6923538592998333,0,0.06816069625925017,,N
WeldingTest_03_NG,2022-08-03 11:18:19.194,16,30,19.4,38,650,680,0,688.0006063384444,-8.000606338444413,-2.6923538592998333,0,0.06816069625925017,,N
WeldingTest_03_NG,2022-08-03 11:18:20.910,17,30,19.4,38,650,680,0,688.0006063384444,-8.000606338444413,-2.6923538592998333,0,0.06816069625925017,,N
WeldingTest_03_NG,2022-08-03 11:18:22.652,18,30,19.4,38,650,680,0,688.0006063384444,-8.000606338444413,-2.6923538592998333,0,0.06816069625925017,,N
WeldingTest_03_NG,2022-08-03 11:18:43.602,19,250,241.1,83,1670,1689,0,1707.000103955623,-18.00010395562299,-2.032655194874212,0,0.01917682621481966,,N
WeldingTest_03_NG,2022-08-03 11:18:46.341,20,250,241.2,82,1154,1671,0,1689.0001549203207,-18.00015492032071,-2.243376904234682,0,0.028937677297542166,,N
WeldingTest_03_NG,2022-08-03 11:18:49.779,21,250,241.1,83,1670,1694,0,1712.3737369702349,-18.37373697023486,-2.076632374663748,0,0.020903056861040756,,N
WeldingTest_03_NG,2022-08-03 11:18:52.445,22,250,241.2,82,1154,1674,0,1692.099787412438,-18.09978741243799,-2.2560165610389085,0,0.02965655550795212,,N
WeldingTest_03_NG,2022-08-03 11:18:55.855,23,250,241.1,83,1670,1697,0,1714.000016164169,-17.000016164168983,-1.914943325499444,0,0.015215422703684443,,N
WeldingTest_03_NG,2022-08-03 11:18:58.553,24,250,241.2,82,1154,1677,0,1693.9999960126588,-16.999996012658812,-2.11649394593574,0,0.02259854150294162,,N
WeldingTest_03_NG,2022-08-03 11:19:05.007,25,250,241.1,83,1670,1695,0,1712.9966966279746,-17.996696627974643,-2.0322541471757134,0,0.019161745358881054,,N
WeldingTest_03_NG,2022-08-03 11:19:07.755,26,250,241.2,82,1154,1675,0,1693.0000140611949,-18.00001406119486,-2.2433590344517365,0,0.028936673022350638,,N
WeldingTest_03_NG,2022-08-03 11:19:11.255,27,250,241.1,83,1670,1698,0,1716.0029705464842,-18.00297054648422,-2.032992597022195,0,0.019189522778869695,,N
WeldingTest_03_NG,2022-08-03 11:19:13.901,28,250,241.2,82,1154,1678,0,1694.999985710131,-16.999985710131114,-2.1164926389282415,0,0.022598483765049245,,N
WeldingTest_03_NG,2022-08-03 11:19:17.377,29,250,241.1,83,1670,1700,0,1716.999967777064,-16.999967777064057,-1.9149376302628627,0,0.015215252030760974,,N
WeldingTest_03_NG,2022-08-03 11:19:20.017,30,250,241.2,82,1154,1679,0,1696.988693652646,-17.988693652645907,-2.241922895739337,0,0.02885607302592614,,N
WeldingTest_03_NG,2022-08-03 11:19:24.267,31,30,19.4,38,650,682,0,688.0006063384444,-6.000606338444413,-2.0192654454897943,0,0.018679561201894783,,N
WeldingTest_03_NG,2022-08-03 11:19:25.797,32,30,19.4,38,650,682,0,688.0006063384444,-6.000606338444413,-2.0192654454897943,0,0.018679561201894783,,N
WeldingTest_03_NG,2022-08-03 11:19:28.867,33,30,19.4,38,650,682,0,688.0006063384444,-6.000606338444413,-2.0192654454897943,0,0.018679561201894783,,N
WeldingTest_03_NG,2022-08-03 11:19:30.639,34,30,19.4,38,650,682,0,688.0006063384444,-6.000606338444413,-2.0192654454897943,0,0.018679561201894783,,N
WeldingTest_03_NG,2022-08-03 11:19:34.089,35,30,19.4,38,650,682,0,688.0006063384444,-6.000606338444413,-2.0192654454897943,0,0.018679561201894783,,N
WeldingTest_03_NG,2022-08-03 11:19:35.815,36,30,19.4,38,650,682,0,688.0006063384444,-6.000606338444413,-2.0192654454897943,0,0.018679561201894783,,N
WeldingTest_03_NG,2022-08-03 11:19:37.537,37,30,19.4,38,650,682,0,688.0006063384444,-6.000606338444413,-2.0192654454897943,0,0.018679561201894783,,N
WeldingTest_03_NG,2022-08-03 11:19:40.523,38,30,19.4,38,650,682,0,688.0006063384444,-6.000606338444413,-2.0192654454897943,0,0.018679561201894783,,N
WeldingTest_03_NG,2022-08-03 11:19:42.007,39,30,19.4,38,650,682,0,688.0006063384444,-6.000606338444413,-2.0192654454897943,0,0.018679561201894783,,N
WeldingTest_03_NG,2022-08-03 11:34:20.853,1,250,241.1,82,1154,1660,0,1679.3760170564362,-19.37601705643624,-2.4179226256240414,0,0.04053715039861013,,N
WeldingTest_03_NG,2022-08-03 11:34:24.161,2,250,241.2,83,1670,1685,0,1704.5159551916302,-19.515955191630155,-2.2110732139813494,0,0.02717640658643964,,N
WeldingTest_03_NG,2022-08-03 11:34:27.027,3,250,241.1,82,1153,1666,0,1687.0000658542688,-21.00006585426877,-2.6239540015506466,0,0.05996861071980792,,N
WeldingTest_03_NG,2022-08-03 11:34:30.247,4,250,241.2,83,1670,1690,0,1708.9999966770276,-18.99999667702764,-2.150344104204507,0,0.024143230529360713,,N
WeldingTest_03_NG,2022-08-03 11:34:33.117,5,250,241.1,82,1154,1670,0,1689.0246460370001,-19.02464603700014,-2.3733467146712606,0,0.03720825199081969,,N
WeldingTest_03_NG,2022-08-03 11:34:36.353,6,250,241.2,83,1670,1693,0,1712.029134968304,-19.029134968304106,-2.1537737258495753,0,0.024305365173372517,,N
WeldingTest_03_NG,2022-08-03 11:34:42.139,7,250,241.1,82,1153,1667,0,1687.9999985928248,-20.999998592824795,-2.6239454685756107,0,0.05996764867887055,,N
WeldingTest_03_NG,2022-08-03 11:34:45.323,8,250,241.2,83,1670,1693,0,1711.9999942256752,-18.99999422567521,-2.15034381567656,0,0.024143216933734307,,N
WeldingTest_03_NG,2022-08-03 11:34:48.073,9,250,241.1,82,1154,1673,0,1692.000000006275,-19.00000000627506,-2.370220050233471,0,0.03698488116112934,,N
WeldingTest_03_NG,2022-08-03 11:34:51.363,10,250,241.2,83,1670,1695,0,1714.011058058723,-19.011058058722938,-2.1516460458223805,0,0.02420465496536864,,N
WeldingTest_03_NG,2022-08-03 11:34:54.191,11,250,241.1,82,1154,1674,0,1693.077006948619,-19.0770069486191,-2.379989366468438,0,0.03768711921269214,,N
WeldingTest_03_NG,2022-08-03 11:34:57.467,12,250,241.2,83,1670,1697,0,1716.0000403355489,-19.000040335548874,-2.150349242879524,0,0.024143472668354093,,N
WeldingTest_03_NG,2022-08-03 11:35:01.925,13,30,19.4,38,650,680,0,688.0006063384444,-8.000606338444413,-2.6923538592998333,0,0.06816069625925017,,N
WeldingTest_03_NG,2022-08-03 11:35:03.643,14,30,19.4,35,650,631,1,688.0006063384444,-57.00060633844441,-19.18301999764579,1,0.9999999999999352,"출력 저하 - 광학계/렌즈 오염, 레이저 소스 점검 + 학습에 없는 출력 설정값(SetPower) 확인",Y
WeldingTest_03_NG,2022-08-03 11:35:06.653,15,30,19.4,38,650,680,0,688.0006063384444,-8.000606338444413,-2.6923538592998333,0,0.06816069625925017,,N
WeldingTest_03_NG,2022-08-03 11:35:10.087,16,30,19.4,38,650,680,0,688.0006063384444,-8.000606338444413,-2.6923538592998333,0,0.06816069625925017,,N
WeldingTest_03_NG,2022-08-03 11:35:11.837,17,30,19.4,38,650,680,0,688.0006063384444,-8.000606338444413,-2.6923538592998333,0,0.06816069625925017,,N
WeldingTest_03_NG,2022-08-03 11:35:13.549,18,30,19.4,38,650,680,0,688.0006063384444,-8.000606338444413,-2.6923538592998333,0,0.06816069625925017,,N
WeldingTest_03_NG,2022-08-03 11:35:34.031,19,250,241.1,83,1670,1688,0,1707.000103955623,-19.00010395562299,-2.150356731059979,0,0.024143825522399364,,N
WeldingTest_03_NG,2022-08-03 11:35:36.589,20,250,241.2,82,1154,1670,0,1689.0001549203207,-19.00015492032071,-2.37023970306288,0,0.036986281136246864,,N
WeldingTest_03_NG,2022-08-03 11:35:40.013,21,250,241.1,83,1670,1694,0,1712.3737369702349,-18.37373697023486,-2.076632374663748,0,0.020903056861040756,,N
WeldingTest_03_NG,2022-08-03 11:35:42.637,22,250,241.2,82,1154,1674,0,1692.099787412438,-18.09978741243799,-2.2560165610389085,0,0.02965655550795212,,N
WeldingTest_03_NG,2022-08-03 11:35:46.075,23,250,241.1,83,1670,1697,0,1714.000016164169,-17.000016164168983,-1.914943325499444,0,0.015215422703684443,,N
WeldingTest_03_NG,2022-08-03 11:35:48.711,24,250,241.2,82,1154,1677,0,1693.9999960126588,-16.999996012658812,-2.11649394593574,0,0.02259854150294162,,N
WeldingTest_03_NG,2022-08-03 11:35:55.075,25,250,241.1,83,1670,1694,0,1712.9966966279746,-18.996696627974643,-2.1499556833614806,0,0.02412493464331068,,N
WeldingTest_03_NG,2022-08-03 11:35:57.727,26,250,241.2,82,1154,1675,0,1693.0000140611949,-18.00001406119486,-2.2433590344517365,0,0.028936673022350638,,N
WeldingTest_03_NG,2022-08-03 11:36:01.143,27,250,241.1,83,1670,1698,0,1716.0029705464842,-18.00297054648422,-2.032992597022195,0,0.019189522778869695,,N
WeldingTest_03_NG,2022-08-03 11:36:03.793,28,250,241.2,82,1154,1678,0,1694.999985710131,-16.999985710131114,-2.1164926389282415,0,0.022598483765049245,,N
WeldingTest_03_NG,2022-08-03 11:36:07.287,29,250,241.1,83,1670,1699,0,1716.999967777064,-17.999967777064057,-2.03263916644863,0,0.019176223264377925,,N
WeldingTest_03_NG,2022-08-03 11:36:09.911,30,250,241.2,82,1154,1678,0,1696.988693652646,-18.988693652645907,-2.3687856945675354,0,0.0368828418747517,,N
WeldingTest_03_NG,2022-08-03 11:36:14.235,31,30,19.4,38,650,682,0,688.0006063384444,-6.000606338444413,-2.0192654454897943,0,0.018679561201894783,,N
WeldingTest_03_NG,2022-08-03 11:36:15.803,32,30,19.4,38,650,682,0,688.0006063384444,-6.000606338444413,-2.0192654454897943,0,0.018679561201894783,,N
WeldingTest_03_NG,2022-08-03 11:36:18.871,33,30,19.4,38,650,682,0,688.0006063384444,-6.000606338444413,-2.0192654454897943,0,0.018679561201894783,,N
WeldingTest_03_NG,2022-08-03 11:36:20.605,34,30,19.4,38,650,682,0,688.0006063384444,-6.000606338444413,-2.0192654454897943,0,0.018679561201894783,,N
WeldingTest_03_NG,2022-08-03 11:36:24.073,35,30,19.4,38,650,682,0,688.0006063384444,-6.000606338444413,-2.0192654454897943,0,0.018679561201894783,,N
WeldingTest_03_NG,2022-08-03 11:36:25.775,36,30,19.4,38,650,682,0,688.0006063384444,-6.000606338444413,-2.0192654454897943,0,0.018679561201894783,,N
WeldingTest_03_NG,2022-08-03 11:36:27.507,37,30,19.4,38,650,682,0,688.0006063384444,-6.000606338444413,-2.0192654454897943,0,0.018679561201894783,,N
WeldingTest_03_NG,2022-08-03 11:36:30.523,38,30,19.4,38,650,682,0,688.0006063384444,-6.000606338444413,-2.0192654454897943,0,0.018679561201894783,,N
WeldingTest_03_NG,2022-08-03 11:36:32.005,39,30,19.4,38,650,680,0,688.0006063384444,-8.000606338444413,-2.6923538592998333,0,0.06816069625925017,,N
WeldingTest_03_NG,2022-08-03 14:42:18.663,1,250,241.1,82,1154,1658,0,1679.3760170564362,-21.37601705643624,-2.6716482232804375,0,0.06557703972823868,,N
WeldingTest_03_NG,2022-08-03 14:42:21.861,2,250,241.2,83,1670,1684,0,1704.5159551916302,-20.515955191630155,-2.328774750167117,0,0.0341432540410221,,N
WeldingTest_03_NG,2022-08-03 14:42:24.599,3,250,241.1,82,1153,1665,0,1687.0000658542688,-22.00006585426877,-2.7508168003788445,0,0.07597278088468537,,N
WeldingTest_03_NG,2022-08-03 14:42:27.841,4,250,241.2,83,1670,1689,0,1708.9999966770276,-19.99999667702764,-2.268045640390274,0,0.03035676775164694,,N
WeldingTest_03_NG,2022-08-03 14:42:30.579,5,250,241.1,82,1154,1669,0,1689.0246460370001,-20.02464603700014,-2.5002095134994584,0,0.047444807008064215,,N
WeldingTest_03_NG,2022-08-03 14:42:33.867,6,250,241.2,83,1670,1692,0,1712.029134968304,-20.029134968304106,-2.2714752620353424,0,0.030559322902142878,,N
WeldingTest_03_NG,2022-08-03 14:42:39.557,7,250,241.1,82,1153,1667,0,1687.9999985928248,-20.999998592824795,-2.6239454685756107,0,0.05996764867887055,,N
WeldingTest_03_NG,2022-08-03 14:42:42.775,8,250,241.2,83,1670,1692,0,1711.9999942256752,-19.99999422567521,-2.2680453518623276,0,0.030356750765876076,,N
WeldingTest_03_NG,2022-08-03 14:42:45.619,9,250,241.1,82,1154,1671,0,1692.000000006275,-21.00000000627506,-2.623945647889867,0,0.059967668895311625,,N
WeldingTest_03_NG,2022-08-03 14:42:48.875,10,250,241.2,83,1670,1694,0,1714.011058058723,-20.011058058722938,-2.269347582008148,0,0.030433507466391688,,N
WeldingTest_03_NG,2022-08-03 14:42:51.729,11,250,241.1,82,1154,1673,0,1693.077006948619,-20.0770069486191,-2.506852165296636,0,0.04804884310767591,,N
WeldingTest_03_NG,2022-08-03 14:42:54.993,12,250,241.2,83,1670,1695,0,1716.0000403355489,-21.000040335548874,-2.3857523152510587,0,0.038107361274822255,,N
WeldingTest_03_NG,2022-08-03 14:42:59.515,13,30,19.4,38,650,680,0,688.0006063384444,-8.000606338444413,-2.6923538592998333,0,0.06816069625925017,,N
WeldingTest_03_NG,2022-08-03 14:43:01.237,14,30,19.4,38,650,680,0,688.0006063384444,-8.000606338444413,-2.6923538592998333,0,0.06816069625925017,,N
WeldingTest_03_NG,2022-08-03 14:43:04.165,15,30,19.4,38,650,680,0,688.0006063384444,-8.000606338444413,-2.6923538592998333,0,0.06816069625925017,,N
WeldingTest_03_NG,2022-08-03 14:43:07.589,16,30,19.4,38,650,680,0,688.0006063384444,-8.000606338444413,-2.6923538592998333,0,0.06816069625925017,,N
WeldingTest_03_NG,2022-08-03 14:43:09.315,17,30,19.4,38,650,680,0,688.0006063384444,-8.000606338444413,-2.6923538592998333,0,0.06816069625925017,,N
WeldingTest_03_NG,2022-08-03 14:43:11.037,18,30,19.4,38,650,680,0,688.0006063384444,-8.000606338444413,-2.6923538592998333,0,0.06816069625925017,,N
WeldingTest_03_NG,2022-08-03 14:43:31.657,19,250,241.1,83,1670,1687,0,1707.000103955623,-20.00010395562299,-2.2680582672457468,0,0.03035751110936453,,N
WeldingTest_03_NG,2022-08-03 14:43:34.270,20,250,241.2,82,1154,1669,0,1689.0001549203207,-20.00015492032071,-2.4971025018910784,0,0.04716476014811098,,N
WeldingTest_03_NG,2022-08-03 14:43:37.750,21,250,241.1,83,1670,1693,0,1712.3737369702349,-19.37373697023486,-2.1943339108495157,0,0.02630517671615394,,N
WeldingTest_03_NG,2022-08-03 14:43:40.454,22,250,241.2,82,1154,1673,0,1692.099787412438,-19.09978741243799,-2.3828793598671067,0,0.03789730189646689,,N
WeldingTest_03_NG,2022-08-03 14:43:43.886,23,250,241.1,83,1670,1695,0,1714.000016164169,-19.000016164168983,-2.1503463978709787,0,0.024143338608697315,,N
WeldingTest_03_NG,2022-08-03 14:43:46.532,24,250,241.2,82,1154,1674,0,1693.9999960126588,-19.999996012658812,-2.4970823424203346,0,0.04716294823806209,,N
WeldingTest_03_NG,2022-08-03 14:43:52.954,25,250,241.1,83,1670,1693,0,1712.9966966279746,-19.996696627974643,-2.267657219547248,0,0.030333909575214726,,N
WeldingTest_03_NG,2022-08-03 14:43:55.538,26,250,241.2,82,1154,1674,0,1693.0000140611949,-19.00001406119486,-2.3702218332799343,0,0.03698500817486986,,N
WeldingTest_03_NG,2022-08-03 14:43:58.980,27,250,241.1,83,1670,1697,0,1716.0029705464842,-19.00297054648422,-2.1506941332079625,0,0.024159729626113666,,N
WeldingTest_03_NG,2022-08-03 14:44:01.644,28,250,241.2,82,1154,1675,0,1694.999985710131,-19.999985710131114,-2.497081035412836,0,0.04716283076801487,,N
WeldingTest_03_NG,2022-08-03 14:44:05.104,29,250,241.1,83,1670,1698,0,1716.999967777064,-18.999967777064057,-2.1503407026343972,0,0.024143070245617335,,N
WeldingTest_03_NG,2022-08-03 14:44:07.704,30,250,241.2,82,1154,1677,0,1696.988693652646,-19.988693652645907,-2.4956484933957337,0,0.04703424511152807,,N
WeldingTest_03_NG,2022-08-03 14:44:12.090,31,30,19.4,38,650,682,0,688.0006063384444,-6.000606338444413,-2.0192654454897943,0,0.018679561201894783,,N
WeldingTest_03_NG,2022-08-03 14:44:13.582,32,30,19.4,38,650,680,0,688.0006063384444,-8.000606338444413,-2.6923538592998333,0,0.06816069625925017,,N
WeldingTest_03_NG,2022-08-03 14:44:16.690,33,30,19.4,38,650,680,0,688.0006063384444,-8.000606338444413,-2.6923538592998333,0,0.06816069625925017,,N
WeldingTest_03_NG,2022-08-03 14:44:18.454,34,30,19.4,38,650,680,0,688.0006063384444,-8.000606338444413,-2.6923538592998333,0,0.06816069625925017,,N
WeldingTest_03_NG,2022-08-03 14:44:22.002,35,30,19.4,38,650,680,0,688.0006063384444,-8.000606338444413,-2.6923538592998333,0,0.06816069625925017,,N
WeldingTest_03_NG,2022-08-03 14:44:23.700,36,30,19.4,38,650,680,0,688.0006063384444,-8.000606338444413,-2.6923538592998333,0,0.06816069625925017,,N
WeldingTest_03_NG,2022-08-03 14:44:25.410,37,30,19.4,38,650,680,0,688.0006063384444,-8.000606338444413,-2.6923538592998333,0,0.06816069625925017,,N
WeldingTest_03_NG,2022-08-03 14:44:28.450,38,30,19.4,38,650,680,0,688.0006063384444,-8.000606338444413,-2.6923538592998333,0,0.06816069625925017,,N
WeldingTest_03_NG,2022-08-03 14:44:29.904,39,30,19.4,38,650,680,0,688.0006063384444,-8.000606338444413,-2.6923538592998333,0,0.06816069625925017,,N
WeldingTest_03_NG,2022-08-03 14:45:30.556,1,250,241.1,82,1154,1662,0,1679.3760170564362,-17.37601705643624,-2.1641970279676452,0,0.024804667664138552,,N
WeldingTest_03_NG,2022-08-03 14:45:33.802,2,250,241.2,83,1670,1689,0,1704.5159551916302,-15.515955191630155,-1.74026706923828,0,0.010777423152003118,,N
WeldingTest_03_NG,2022-08-03 14:45:36.596,3,250,241.1,82,1153,1670,0,1687.0000658542688,-17.00006585426877,-2.116502806237854,0,0.022598932916255355,,N
WeldingTest_03_NG,2022-08-03 14:45:39.990,4,250,241.2,83,1670,1693,0,1708.9999966770276,-15.999996677027639,-1.7972394956472044,0,0.012062463787483435,,N
WeldingTest_03_NG,2022-08-03 14:45:42.784,5,250,241.1,82,1154,1671,0,1689.0246460370001,-18.02464603700014,-2.2464839158430623,0,0.02911280520990818,,N
WeldingTest_03_NG,2022-08-03 14:45:46.086,6,250,241.2,83,1670,1695,0,1712.029134968304,-17.029134968304106,-1.9183706534780405,0,0.015318474316666093,,N
WeldingTest_03_NG,2022-08-03 14:45:51.892,7,250,241.1,82,1153,1670,0,1687.9999985928248,-17.999998592824795,-2.2433570720910163,0,0.02893656274046461,,N
WeldingTest_03_NG,2022-08-03 14:45:55.184,8,250,241.2,83,1670,1695,0,1711.9999942256752,-16.99999422567521,-1.9149407433050252,0,0.015215345321121962,,N
WeldingTest_03_NG,2022-08-03 14:45:58.012,9,250,241.1,82,1154,1674,0,1692.000000006275,-18.00000000627506,-2.2433572514052726,0,0.028936572817654268,,N
WeldingTest_03_NG,2022-08-03 14:46:01.322,10,250,241.2,83,1670,1697,0,1714.011058058723,-17.011058058722938,-1.9162429734508457,0,0.015254419446737236,,N
WeldingTest_03_NG,2022-08-03 14:46:04.104,11,250,241.1,82,1154,1677,0,1693.077006948619,-16.0770069486191,-1.9994009699838435,0,0.01796506119526526,,N
WeldingTest_03_NG,2022-08-03 14:46:07.362,12,250,241.2,83,1670,1699,0,1716.0000403355489,-17.000040335548874,-1.9149461705079889,0,0.015215507962644164,,N
WeldingTest_03_NG,2022-08-03 14:46:11.848,13,30,19.4,38,650,682,0,688.0006063384444,-6.000606338444413,-2.0192654454897943,0,0.018679561201894783,,N
WeldingTest_03_NG,2022-08-03 14:46:13.634,14,30,19.4,38,650,682,0,688.0006063384444,-6.000606338444413,-2.0192654454897943,0,0.018679561201894783,,N
WeldingTest_03_NG,2022-08-03 14:46:16.566,15,30,19.4,38,650,682,0,688.0006063384444,-6.000606338444413,-2.0192654454897943,0,0.018679561201894783,,N
WeldingTest_03_NG,2022-08-03 14:46:19.946,16,30,19.4,38,650,682,0,688.0006063384444,-6.000606338444413,-2.0192654454897943,0,0.018679561201894783,,N
WeldingTest_03_NG,2022-08-03 14:46:21.662,17,30,19.4,38,650,680,0,688.0006063384444,-8.000606338444413,-2.6923538592998333,0,0.06816069625925017,,N
WeldingTest_03_NG,2022-08-03 14:46:23.468,18,30,19.4,38,650,680,0,688.0006063384444,-8.000606338444413,-2.6923538592998333,0,0.06816069625925017,,N
WeldingTest_03_NG,2022-08-03 14:46:45.134,19,250,241.1,83,1670,1689,0,1707.000103955623,-18.00010395562299,-2.032655194874212,0,0.01917682621481966,,N
WeldingTest_03_NG,2022-08-03 14:46:47.914,20,250,241.2,82,1154,1671,0,1689.0001549203207,-18.00015492032071,-2.243376904234682,0,0.028937677297542166,,N
WeldingTest_03_NG,2022-08-03 14:46:51.384,21,250,241.1,83,1670,1694,0,1712.3737369702349,-18.37373697023486,-2.076632374663748,0,0.020903056861040756,,N
WeldingTest_03_NG,2022-08-03 14:46:54.144,22,250,241.2,82,1154,1674,0,1692.099787412438,-18.09978741243799,-2.2560165610389085,0,0.02965655550795212,,N
WeldingTest_03_NG,2022-08-03 14:46:57.550,23,250,241.1,83,1670,1697,0,1714.000016164169,-17.000016164168983,-1.914943325499444,0,0.015215422703684443,,N
WeldingTest_03_NG,2022-08-03 14:47:00.136,24,250,241.2,82,1154,1677,0,1693.9999960126588,-16.999996012658812,-2.11649394593574,0,0.02259854150294162,,N
WeldingTest_03_NG,2022-08-03 14:47:06.602,25,250,241.1,83,1670,1695,0,1712.9966966279746,-17.996696627974643,-2.0322541471757134,0,0.019161745358881054,,N
WeldingTest_03_NG,2022-08-03 14:47:09.190,26,250,241.2,82,1154,1675,0,1693.0000140611949,-18.00001406119486,-2.2433590344517365,0,0.028936673022350638,,N
WeldingTest_03_NG,2022-08-03 14:47:12.650,27,250,241.1,83,1670,1698,0,1716.0029705464842,-18.00297054648422,-2.032992597022195,0,0.019189522778869695,,N
WeldingTest_03_NG,2022-08-03 14:47:15.188,28,250,241.2,82,1154,1678,0,1694.999985710131,-16.999985710131114,-2.1164926389282415,0,0.022598483765049245,,N
WeldingTest_03_NG,2022-08-03 14:47:18.700,29,250,241.1,83,1670,1699,0,1716.999967777064,-17.999967777064057,-2.03263916644863,0,0.019176223264377925,,N
WeldingTest_03_NG,2022-08-03 14:47:21.296,30,250,241.2,82,1154,1678,0,1696.988693652646,-18.988693652645907,-2.3687856945675354,0,0.0368828418747517,,N
WeldingTest_03_NG,2022-08-03 14:47:25.674,31,30,19.4,38,650,682,0,688.0006063384444,-6.000606338444413,-2.0192654454897943,0,0.018679561201894783,,N
WeldingTest_03_NG,2022-08-03 14:47:27.236,32,30,19.4,38,650,682,0,688.0006063384444,-6.000606338444413,-2.0192654454897943,0,0.018679561201894783,,N
WeldingTest_03_NG,2022-08-03 14:47:30.320,33,30,19.4,38,650,682,0,688.0006063384444,-6.000606338444413,-2.0192654454897943,0,0.018679561201894783,,N
WeldingTest_03_NG,2022-08-03 14:47:32.064,34,30,19.4,38,650,682,0,688.0006063384444,-6.000606338444413,-2.0192654454897943,0,0.018679561201894783,,N
WeldingTest_03_NG,2022-08-03 14:47:35.592,35,30,19.4,38,650,682,0,688.0006063384444,-6.000606338444413,-2.0192654454897943,0,0.018679561201894783,,N
WeldingTest_03_NG,2022-08-03 14:47:37.324,36,30,19.4,38,650,682,0,688.0006063384444,-6.000606338444413,-2.0192654454897943,0,0.018679561201894783,,N
WeldingTest_03_NG,2022-08-03 14:47:39.018,37,30,19.4,38,650,680,0,688.0006063384444,-8.000606338444413,-2.6923538592998333,0,0.06816069625925017,,N
WeldingTest_03_NG,2022-08-03 14:47:42.012,38,30,19.4,38,650,682,0,688.0006063384444,-6.000606338444413,-2.0192654454897943,0,0.018679561201894783,,N
WeldingTest_03_NG,2022-08-03 14:47:43.534,39,30,19.4,38,650,680,0,688.0006063384444,-8.000606338444413,-2.6923538592998333,0,0.06816069625925017,,N
WeldingTest_03_NG,2022-08-03 14:49:29.254,1,250,241.1,82,1154,1661,0,1679.3760170564362,-18.37601705643624,-2.291059826795843,0,0.031741308764891174,,N
WeldingTest_03_NG,2022-08-03 14:49:32.482,2,250,241.2,83,1670,1687,0,1704.5159551916302,-17.515955191630155,-1.9756701416098148,0,0.017146605961034997,,N
WeldingTest_03_NG,2022-08-03 14:49:35.302,3,250,241.1,82,1153,1667,0,1687.0000658542688,-20.00006585426877,-2.4970912027224483,0,0.04716374458367817,,N
WeldingTest_03_NG,2022-08-03 14:49:38.560,4,250,241.2,83,1670,1692,0,1708.9999966770276,-16.99999667702764,-1.9149410318329718,0,0.015215353967636736,,N
WeldingTest_03_NG,2022-08-03 14:49:41.322,5,250,241.1,82,1154,1671,0,1689.0246460370001,-18.02464603700014,-2.2464839158430623,0,0.02911280520990818,,N
WeldingTest_03_NG,2022-08-03 14:49:44.566,6,250,241.2,83,1670,1694,0,1712.029134968304,-18.029134968304106,-2.0360721896638077,0,0.019305790508210408,,N
WeldingTest_03_NG,2022-08-03 14:49:50.282,7,250,241.1,82,1153,1669,0,1687.9999985928248,-18.999998592824795,-2.3702198709192146,0,0.036984868387859825,,N
WeldingTest_03_NG,2022-08-03 14:49:53.584,8,250,241.2,83,1670,1694,0,1711.9999942256752,-17.99999422567521,-2.032642279490793,0,0.019176340368008915,,N
WeldingTest_03_NG,2022-08-03 14:49:56.428,9,250,241.1,82,1154,1673,0,1692.000000006275,-19.00000000627506,-2.370220050233471,0,0.03698488116112934,,N
WeldingTest_03_NG,2022-08-03 14:49:59.666,10,250,241.2,83,1670,1697,0,1714.011058058723,-17.011058058722938,-1.9162429734508457,0,0.015254419446737236,,N
WeldingTest_03_NG,2022-08-03 14:50:02.398,11,250,241.1,82,1154,1675,0,1693.077006948619,-18.0770069486191,-2.2531265676402397,0,0.029490675990642055,,N
WeldingTest_03_NG,2022-08-03 14:50:05.660,12,250,241.2,83,1670,1698,0,1716.0000403355489,-18.000040335548874,-2.0326477066937563,0,0.019176544525344244,,N
WeldingTest_03_NG,2022-08-03 14:50:10.220,13,30,19.4,38,650,682,0,688.0006063384444,-6.000606338444413,-2.0192654454897943,0,0.018679561201894783,,N
WeldingTest_03_NG,2022-08-03 14:50:11.876,14,30,19.4,38,650,680,0,688.0006063384444,-8.000606338444413,-2.6923538592998333,0,0.06816069625925017,,N
WeldingTest_03_NG,2022-08-03 14:50:14.870,15,30,19.4,38,650,682,0,688.0006063384444,-6.000606338444413,-2.0192654454897943,0,0.018679561201894783,,N
WeldingTest_03_NG,2022-08-03 14:50:18.284,16,30,19.4,38,650,680,0,688.0006063384444,-8.000606338444413,-2.6923538592998333,0,0.06816069625925017,,N
WeldingTest_03_NG,2022-08-03 14:50:20.058,17,30,19.4,38,650,680,0,688.0006063384444,-8.000606338444413,-2.6923538592998333,0,0.06816069625925017,,N
WeldingTest_03_NG,2022-08-03 14:50:21.856,18,30,19.4,38,650,680,0,688.0006063384444,-8.000606338444413,-2.6923538592998333,0,0.06816069625925017,,N
WeldingTest_03_NG,2022-08-03 14:50:42.853,19,250,241.1,83,1670,1688,0,1707.000103955623,-19.00010395562299,-2.150356731059979,0,0.024143825522399364,,N
WeldingTest_03_NG,2022-08-03 14:50:45.547,20,250,241.2,82,1154,1670,0,1689.0001549203207,-19.00015492032071,-2.37023970306288,0,0.036986281136246864,,N
WeldingTest_03_NG,2022-08-03 14:50:48.975,21,250,241.1,83,1670,1694,0,1712.3737369702349,-18.37373697023486,-2.076632374663748,0,0.020903056861040756,,N
WeldingTest_03_NG,2022-08-03 14:50:51.665,22,250,241.2,82,1154,1673,0,1692.099787412438,-19.09978741243799,-2.3828793598671067,0,0.03789730189646689,,N
WeldingTest_03_NG,2022-08-03 14:50:55.171,23,250,241.1,83,1670,1697,0,1714.000016164169,-17.000016164168983,-1.914943325499444,0,0.015215422703684443,,N
WeldingTest_03_NG,2022-08-03 14:50:57.863,24,250,241.2,82,1154,1675,0,1693.9999960126588,-18.999996012658812,-2.3702195435921363,0,0.036984845071057725,,N
WeldingTest_03_NG,2022-08-03 14:51:04.585,25,250,241.1,83,1670,1694,0,1712.9966966279746,-18.996696627974643,-2.1499556833614806,0,0.02412493464331068,,N
WeldingTest_03_NG,2022-08-03 14:51:07.271,26,250,241.2,82,1154,1675,0,1693.0000140611949,-18.00001406119486,-2.2433590344517365,0,0.028936673022350638,,N
WeldingTest_03_NG,2022-08-03 14:51:10.763,27,250,241.1,83,1670,1698,0,1716.0029705464842,-18.00297054648422,-2.032992597022195,0,0.019189522778869695,,N
WeldingTest_03_NG,2022-08-03 14:51:13.395,28,250,241.2,82,1154,1677,0,1694.999985710131,-17.999985710131114,-2.2433554377564398,0,0.028936470893493303,,N
WeldingTest_03_NG,2022-08-03 14:51:16.939,29,250,241.1,83,1670,1699,0,1716.999967777064,-17.999967777064057,-2.03263916644863,0,0.019176223264377925,,N
WeldingTest_03_NG,2022-08-03 14:51:19.609,30,250,241.2,82,1154,1678,0,1696.988693652646,-18.988693652645907,-2.3687856945675354,0,0.0368828418747517,,N
WeldingTest_03_NG,2022-08-03 14:51:23.917,31,30,19.4,38,650,682,0,688.0006063384444,-6.000606338444413,-2.0192654454897943,0,0.018679561201894783,,N
WeldingTest_03_NG,2022-08-03 14:51:25.375,32,30,19.4,38,650,680,0,688.0006063384444,-8.000606338444413,-2.6923538592998333,0,0.06816069625925017,,N
WeldingTest_03_NG,2022-08-03 14:51:28.499,33,30,19.4,38,650,682,0,688.0006063384444,-6.000606338444413,-2.0192654454897943,0,0.018679561201894783,,N
WeldingTest_03_NG,2022-08-03 14:51:30.275,34,30,19.4,38,650,680,0,688.0006063384444,-8.000606338444413,-2.6923538592998333,0,0.06816069625925017,,N
WeldingTest_03_NG,2022-08-03 14:51:33.793,35,30,19.4,38,650,682,0,688.0006063384444,-6.000606338444413,-2.0192654454897943,0,0.018679561201894783,,N
WeldingTest_03_NG,2022-08-03 14:51:35.481,36,30,19.4,38,650,680,0,688.0006063384444,-8.000606338444413,-2.6923538592998333,0,0.06816069625925017,,N
WeldingTest_03_NG,2022-08-03 14:51:37.199,37,30,19.4,38,650,680,0,688.0006063384444,-8.000606338444413,-2.6923538592998333,0,0.06816069625925017,,N
WeldingTest_03_NG,2022-08-03 14:51:40.231,38,30,19.4,38,650,682,0,688.0006063384444,-6.000606338444413,-2.0192654454897943,0,0.018679561201894783,,N
WeldingTest_03_NG,2022-08-03 14:51:41.711,39,30,19.4,38,650,680,0,688.0006063384444,-8.000606338444413,-2.6923538592998333,0,0.06816069625925017,,N
WeldingTest_03_NG,2022-08-03 15:01:26.276,1,250,241.1,82,1154,1658,0,1679.3760170564362,-21.37601705643624,-2.6716482232804375,0,0.06557703972823868,,N
WeldingTest_03_NG,2022-08-03 15:01:29.646,2,250,241.2,83,1670,1684,0,1704.5159551916302,-20.515955191630155,-2.328774750167117,0,0.0341432540410221,,N
WeldingTest_03_NG,2022-08-03 15:01:32.406,3,250,241.1,82,1153,1666,0,1687.0000658542688,-21.00006585426877,-2.6239540015506466,0,0.05996861071980792,,N
WeldingTest_03_NG,2022-08-03 15:01:35.676,4,250,241.2,83,1670,1689,0,1708.9999966770276,-19.99999667702764,-2.268045640390274,0,0.03035676775164694,,N
WeldingTest_03_NG,2022-08-03 15:01:38.532,5,250,241.1,82,1154,1669,0,1689.0246460370001,-20.02464603700014,-2.5002095134994584,0,0.047444807008064215,,N
WeldingTest_03_NG,2022-08-03 15:01:41.676,6,250,241.2,83,1670,1693,0,1712.029134968304,-19.029134968304106,-2.1537737258495753,0,0.024305365173372517,,N
WeldingTest_03_NG,2022-08-03 15:01:47.460,7,250,241.1,82,1153,1667,0,1687.9999985928248,-20.999998592824795,-2.6239454685756107,0,0.05996764867887055,,N
WeldingTest_03_NG,2022-08-03 15:01:50.754,8,250,241.2,83,1670,1692,0,1711.9999942256752,-19.99999422567521,-2.2680453518623276,0,0.030356750765876076,,N
WeldingTest_03_NG,2022-08-03 15:01:53.612,9,250,241.1,82,1154,1671,0,1692.000000006275,-21.00000000627506,-2.623945647889867,0,0.059967668895311625,,N
WeldingTest_03_NG,2022-08-03 15:01:56.824,10,250,241.2,83,1670,1694,0,1714.011058058723,-20.011058058722938,-2.269347582008148,0,0.030433507466391688,,N
WeldingTest_03_NG,2022-08-03 15:01:59.582,11,250,241.1,82,1154,1674,0,1693.077006948619,-19.0770069486191,-2.379989366468438,0,0.03768711921269214,,N
WeldingTest_03_NG,2022-08-03 15:02:02.940,12,250,241.2,83,1670,1695,0,1716.0000403355489,-21.000040335548874,-2.3857523152510587,0,0.038107361274822255,,N
WeldingTest_03_NG,2022-08-03 15:02:07.348,13,30,19.4,38,650,680,0,688.0006063384444,-8.000606338444413,-2.6923538592998333,0,0.06816069625925017,,N
WeldingTest_03_NG,2022-08-03 15:02:09.038,14,30,19.4,38,650,680,0,688.0006063384444,-8.000606338444413,-2.6923538592998333,0,0.06816069625925017,,N
WeldingTest_03_NG,2022-08-03 15:02:11.944,15,30,19.4,38,650,680,0,688.0006063384444,-8.000606338444413,-2.6923538592998333,0,0.06816069625925017,,N
WeldingTest_03_NG,2022-08-03 15:02:15.266,16,30,19.4,38,650,680,0,688.0006063384444,-8.000606338444413,-2.6923538592998333,0,0.06816069625925017,,N
WeldingTest_03_NG,2022-08-03 15:02:17.064,17,30,19.4,38,650,680,0,688.0006063384444,-8.000606338444413,-2.6923538592998333,0,0.06816069625925017,,N
WeldingTest_03_NG,2022-08-03 15:02:18.852,18,30,19.4,38,650,680,0,688.0006063384444,-8.000606338444413,-2.6923538592998333,0,0.06816069625925017,,N
WeldingTest_03_NG,2022-08-03 15:02:39.908,19,250,241.1,83,1670,1687,0,1707.000103955623,-20.00010395562299,-2.2680582672457468,0,0.03035751110936453,,N
WeldingTest_03_NG,2022-08-03 15:02:42.498,20,250,241.2,82,1154,1670,0,1689.0001549203207,-19.00015492032071,-2.37023970306288,0,0.036986281136246864,,N
WeldingTest_03_NG,2022-08-03 15:02:45.992,21,250,241.1,83,1670,1693,0,1712.3737369702349,-19.37373697023486,-2.1943339108495157,0,0.02630517671615394,,N
WeldingTest_03_NG,2022-08-03 15:02:48.644,22,250,241.2,82,1154,1673,0,1692.099787412438,-19.09978741243799,-2.3828793598671067,0,0.03789730189646689,,N
WeldingTest_03_NG,2022-08-03 15:02:52.052,23,250,241.1,83,1670,1695,0,1714.000016164169,-19.000016164168983,-2.1503463978709787,0,0.024143338608697315,,N
WeldingTest_03_NG,2022-08-03 15:02:54.642,24,250,241.2,82,1154,1675,0,1693.9999960126588,-18.999996012658812,-2.3702195435921363,0,0.036984845071057725,,N
WeldingTest_03_NG,2022-08-03 15:03:01.044,25,250,241.1,83,1670,1694,0,1712.9966966279746,-18.996696627974643,-2.1499556833614806,0,0.02412493464331068,,N
WeldingTest_03_NG,2022-08-03 15:03:03.738,26,250,241.2,82,1154,1674,0,1693.0000140611949,-19.00001406119486,-2.3702218332799343,0,0.03698500817486986,,N
WeldingTest_03_NG,2022-08-03 15:03:07.196,27,250,241.1,83,1670,1697,0,1716.0029705464842,-19.00297054648422,-2.1506941332079625,0,0.024159729626113666,,N
WeldingTest_03_NG,2022-08-03 15:03:09.846,28,250,241.2,82,1154,1677,0,1694.999985710131,-17.999985710131114,-2.2433554377564398,0,0.028936470893493303,,N
WeldingTest_03_NG,2022-08-03 15:03:13.300,29,250,241.1,83,1670,1699,0,1716.999967777064,-17.999967777064057,-2.03263916644863,0,0.019176223264377925,,N
WeldingTest_03_NG,2022-08-03 15:03:15.924,30,250,241.2,82,1154,1678,0,1696.988693652646,-18.988693652645907,-2.3687856945675354,0,0.0368828418747517,,N
WeldingTest_03_NG,2022-08-03 15:03:20.348,31,30,19.4,38,650,682,0,688.0006063384444,-6.000606338444413,-2.0192654454897943,0,0.018679561201894783,,N
WeldingTest_03_NG,2022-08-03 15:03:21.824,32,30,19.4,38,650,680,0,688.0006063384444,-8.000606338444413,-2.6923538592998333,0,0.06816069625925017,,N
WeldingTest_03_NG,2022-08-03 15:03:24.902,33,30,19.4,38,650,682,0,688.0006063384444,-6.000606338444413,-2.0192654454897943,0,0.018679561201894783,,N
WeldingTest_03_NG,2022-08-03 15:03:26.630,34,30,19.4,38,650,680,0,688.0006063384444,-8.000606338444413,-2.6923538592998333,0,0.06816069625925017,,N
WeldingTest_03_NG,2022-08-03 15:03:30.078,35,30,19.4,38,650,680,0,688.0006063384444,-8.000606338444413,-2.6923538592998333,0,0.06816069625925017,,N
WeldingTest_03_NG,2022-08-03 15:03:31.780,36,30,19.4,38,650,680,0,688.0006063384444,-8.000606338444413,-2.6923538592998333,0,0.06816069625925017,,N
WeldingTest_03_NG,2022-08-03 15:03:33.526,37,30,19.4,38,650,680,0,688.0006063384444,-8.000606338444413,-2.6923538592998333,0,0.06816069625925017,,N
WeldingTest_03_NG,2022-08-03 15:03:36.522,38,30,19.4,38,650,682,0,688.0006063384444,-6.000606338444413,-2.0192654454897943,0,0.018679561201894783,,N
WeldingTest_03_NG,2022-08-03 15:03:37.986,39,30,19.4,38,650,680,0,688.0006063384444,-8.000606338444413,-2.6923538592998333,0,0.06816069625925017,,N
WeldingTest_03_NG,2022-08-03 15:04:25.868,1,250,241.1,82,1154,1663,0,1679.3760170564362,-16.37601705643624,-2.037334229139447,0,0.019353637116623277,,N
WeldingTest_03_NG,2022-08-03 15:04:29.170,2,250,241.2,83,1670,1689,0,1704.5159551916302,-15.515955191630155,-1.74026706923828,0,0.010777423152003118,,N
WeldingTest_03_NG,2022-08-03 15:04:32.018,3,250,241.1,82,1153,1670,0,1687.0000658542688,-17.00006585426877,-2.116502806237854,0,0.022598932916255355,,N
WeldingTest_03_NG,2022-08-03 15:04:35.320,4,250,241.2,83,1670,1694,0,1708.9999966770276,-14.999996677027639,-1.679537959461437,0,0.009556568057618677,,N
WeldingTest_03_NG,2022-08-03 15:04:38.096,5,250,241.1,82,1154,1673,0,1689.0246460370001,-16.02464603700014,-1.9927583181866662,0,0.017732172487686704,,N
WeldingTest_03_NG,2022-08-03 15:04:41.350,6,250,241.2,83,1670,1697,0,1712.029134968304,-15.029134968304106,-1.6829675811065057,0,0.009621711333202183,,N
WeldingTest_03_NG,2022-08-03 15:04:47.067,7,250,241.1,82,1153,1670,0,1687.9999985928248,-17.999998592824795,-2.2433570720910163,0,0.02893656274046461,,N
WeldingTest_03_NG,2022-08-03 15:04:50.457,8,250,241.2,83,1670,1695,0,1711.9999942256752,-16.99999422567521,-1.9149407433050252,0,0.015215345321121962,,N
WeldingTest_03_NG,2022-08-03 15:04:53.283,9,250,241.1,82,1154,1675,0,1692.000000006275,-17.00000000627506,-2.116494452577075,0,0.022598563884185442,,N
WeldingTest_03_NG,2022-08-03 15:04:56.547,10,250,241.2,83,1670,1698,0,1714.011058058723,-16.011058058722938,-1.7985414372650783,0,0.0120935336194864,,N
WeldingTest_03_NG,2022-08-03 15:04:59.435,11,250,241.1,82,1154,1677,0,1693.077006948619,-16.0770069486191,-1.9994009699838435,0,0.01796506119526526,,N
WeldingTest_03_NG,2022-08-03 15:05:02.631,12,250,241.2,83,1670,1699,0,1716.0000403355489,-17.000040335548874,-1.9149461705079889,0,0.015215507962644164,,N
WeldingTest_03_NG,2022-08-03 15:05:07.145,13,30,19.4,38,650,682,0,688.0006063384444,-6.000606338444413,-2.0192654454897943,0,0.018679561201894783,,N
WeldingTest_03_NG,2022-08-03 15:05:08.947,14,30,19.4,38,650,682,0,688.0006063384444,-6.000606338444413,-2.0192654454897943,0,0.018679561201894783,,N
WeldingTest_03_NG,2022-08-03 15:05:11.857,15,30,19.4,38,650,682,0,688.0006063384444,-6.000606338444413,-2.0192654454897943,0,0.018679561201894783,,N
WeldingTest_03_NG,2022-08-03 15:05:15.159,16,30,19.4,38,650,682,0,688.0006063384444,-6.000606338444413,-2.0192654454897943,0,0.018679561201894783,,N
WeldingTest_03_NG,2022-08-03 15:05:16.817,17,30,19.4,38,650,680,0,688.0006063384444,-8.000606338444413,-2.6923538592998333,0,0.06816069625925017,,N
WeldingTest_03_NG,2022-08-03 15:05:18.521,18,30,19.4,38,650,680,0,688.0006063384444,-8.000606338444413,-2.6923538592998333,0,0.06816069625925017,,N
WeldingTest_03_NG,2022-08-03 15:05:39.767,19,250,241.1,83,1670,1689,0,1707.000103955623,-18.00010395562299,-2.032655194874212,0,0.01917682621481966,,N
WeldingTest_03_NG,2022-08-03 15:05:42.535,20,250,241.2,82,1154,1671,0,1689.0001549203207,-18.00015492032071,-2.243376904234682,0,0.028937677297542166,,N
WeldingTest_03_NG,2022-08-03 15:05:45.957,21,250,241.1,83,1670,1695,0,1712.3737369702349,-17.37373697023486,-1.9589308384779809,0,0.01659143080875386,,N
WeldingTest_03_NG,2022-08-03 15:05:48.629,22,250,241.2,82,1154,1675,0,1692.099787412438,-17.09978741243799,-2.1291537622107106,0,0.02316460986710628,,N
WeldingTest_03_NG,2022-08-03 15:05:52.063,23,250,241.1,83,1670,1697,0,1714.000016164169,-17.000016164168983,-1.914943325499444,0,0.015215422703684443,,N
WeldingTest_03_NG,2022-08-03 15:05:54.697,24,250,241.2,82,1154,1677,0,1693.9999960126588,-16.999996012658812,-2.11649394593574,0,0.02259854150294162,,N
WeldingTest_03_NG,2022-08-03 15:06:01.313,25,250,241.1,83,1670,1695,0,1712.9966966279746,-17.996696627974643,-2.0322541471757134,0,0.019161745358881054,,N
WeldingTest_03_NG,2022-08-03 15:06:03.927,26,250,241.2,82,1154,1675,0,1693.0000140611949,-18.00001406119486,-2.2433590344517365,0,0.028936673022350638,,N
WeldingTest_03_NG,2022-08-03 15:06:07.345,27,250,241.1,83,1670,1699,0,1716.0029705464842,-17.00297054648422,-1.9152910608364275,0,0.015225847090383205,,N
WeldingTest_03_NG,2022-08-03 15:06:10.051,28,250,241.2,82,1154,1678,0,1694.999985710131,-16.999985710131114,-2.1164926389282415,0,0.022598483765049245,,N
WeldingTest_03_NG,2022-08-03 15:06:13.533,29,250,241.1,83,1670,1700,0,1716.999967777064,-16.999967777064057,-1.9149376302628627,0,0.015215252030760974,,N
WeldingTest_03_NG,2022-08-03 15:06:16.103,30,250,241.2,82,1154,1679,0,1696.988693652646,-17.988693652645907,-2.241922895739337,0,0.02885607302592614,,N
WeldingTest_03_NG,2022-08-03 15:06:20.431,31,30,19.4,38,650,682,0,688.0006063384444,-6.000606338444413,-2.0192654454897943,0,0.018679561201894783,,N
WeldingTest_03_NG,2022-08-03 15:06:21.915,32,30,19.4,38,650,682,0,688.0006063384444,-6.000606338444413,-2.0192654454897943,0,0.018679561201894783,,N
WeldingTest_03_NG,2022-08-03 15:06:24.993,33,30,19.4,38,650,682,0,688.0006063384444,-6.000606338444413,-2.0192654454897943,0,0.018679561201894783,,N
WeldingTest_03_NG,2022-08-03 15:06:26.765,34,30,19.4,38,650,682,0,688.0006063384444,-6.000606338444413,-2.0192654454897943,0,0.018679561201894783,,N
WeldingTest_03_NG,2022-08-03 15:06:30.315,35,30,19.4,38,650,682,0,688.0006063384444,-6.000606338444413,-2.0192654454897943,0,0.018679561201894783,,N
WeldingTest_03_NG,2022-08-03 15:06:31.999,36,30,19.4,38,650,682,0,688.0006063384444,-6.000606338444413,-2.0192654454897943,0,0.018679561201894783,,N
WeldingTest_03_NG,2022-08-03 15:06:33.745,37,30,19.4,38,650,682,0,688.0006063384444,-6.000606338444413,-2.0192654454897943,0,0.018679561201894783,,N
WeldingTest_03_NG,2022-08-03 15:06:36.723,38,30,19.4,38,650,682,0,688.0006063384444,-6.000606338444413,-2.0192654454897943,0,0.018679561201894783,,N
WeldingTest_03_NG,2022-08-03 15:06:38.211,39,30,19.4,38,650,682,0,688.0006063384444,-6.000606338444413,-2.0192654454897943,0,0.018679561201894783,,N
WeldingTest_03_NG,2022-08-03 15:14:59.436,1,250,241.1,82,1154,1658,0,1679.3760170564362,-21.37601705643624,-2.6716482232804375,0,0.06557703972823868,,N
WeldingTest_03_NG,2022-08-03 15:15:02.748,2,250,241.2,83,1670,1684,0,1704.5159551916302,-20.515955191630155,-2.328774750167117,0,0.0341432540410221,,N
WeldingTest_03_NG,2022-08-03 15:15:05.480,3,250,241.1,82,1153,1666,0,1687.0000658542688,-21.00006585426877,-2.6239540015506466,0,0.05996861071980792,,N
WeldingTest_03_NG,2022-08-03 15:15:08.750,4,250,241.2,83,1670,1689,0,1708.9999966770276,-19.99999667702764,-2.268045640390274,0,0.03035676775164694,,N
WeldingTest_03_NG,2022-08-03 15:15:11.608,5,250,241.1,82,1154,1669,0,1689.0246460370001,-20.02464603700014,-2.5002095134994584,0,0.047444807008064215,,N
WeldingTest_03_NG,2022-08-03 15:15:14.878,6,250,241.2,83,1670,1692,0,1712.029134968304,-20.029134968304106,-2.2714752620353424,0,0.030559322902142878,,N
WeldingTest_03_NG,2022-08-03 15:15:20.634,7,250,241.1,82,1153,1667,0,1687.9999985928248,-20.999998592824795,-2.6239454685756107,0,0.05996764867887055,,N
WeldingTest_03_NG,2022-08-03 15:15:23.842,8,250,241.2,83,1670,1693,0,1711.9999942256752,-18.99999422567521,-2.15034381567656,0,0.024143216933734307,,N
WeldingTest_03_NG,2022-08-03 15:15:26.596,9,250,241.1,82,1154,1671,0,1692.000000006275,-21.00000000627506,-2.623945647889867,0,0.059967668895311625,,N
WeldingTest_03_NG,2022-08-03 15:15:29.876,10,250,241.2,83,1670,1694,0,1714.011058058723,-20.011058058722938,-2.269347582008148,0,0.030433507466391688,,N
WeldingTest_03_NG,2022-08-03 15:15:32.666,11,250,241.1,82,1154,1673,0,1693.077006948619,-20.0770069486191,-2.506852165296636,0,0.04804884310767591,,N
WeldingTest_03_NG,2022-08-03 15:15:35.960,12,250,241.2,83,1670,1697,0,1716.0000403355489,-19.000040335548874,-2.150349242879524,0,0.024143472668354093,,N
WeldingTest_03_NG,2022-08-03 15:15:40.492,13,30,19.4,38,650,680,0,688.0006063384444,-8.000606338444413,-2.6923538592998333,0,0.06816069625925017,,N
WeldingTest_03_NG,2022-08-03 15:15:42.222,14,30,19.4,38,650,680,0,688.0006063384444,-8.000606338444413,-2.6923538592998333,0,0.06816069625925017,,N
WeldingTest_03_NG,2022-08-03 15:15:45.134,15,30,19.4,38,650,680,0,688.0006063384444,-8.000606338444413,-2.6923538592998333,0,0.06816069625925017,,N
WeldingTest_03_NG,2022-08-03 15:15:48.450,16,30,19.4,38,650,680,0,688.0006063384444,-8.000606338444413,-2.6923538592998333,0,0.06816069625925017,,N
WeldingTest_03_NG,2022-08-03 15:15:50.130,17,30,19.4,38,650,680,0,688.0006063384444,-8.000606338444413,-2.6923538592998333,0,0.06816069625925017,,N
WeldingTest_03_NG,2022-08-03 15:15:51.838,18,30,19.4,38,650,680,0,688.0006063384444,-8.000606338444413,-2.6923538592998333,0,0.06816069625925017,,N
WeldingTest_03_NG,2022-08-03 15:16:13.012,19,250,241.1,83,1670,1687,0,1707.000103955623,-20.00010395562299,-2.2680582672457468,0,0.03035751110936453,,N
WeldingTest_03_NG,2022-08-03 15:16:15.656,20,250,241.2,82,1154,1669,0,1689.0001549203207,-20.00015492032071,-2.4971025018910784,0,0.04716476014811098,,N
WeldingTest_03_NG,2022-08-03 15:16:19.180,21,250,241.1,83,1670,1693,0,1712.3737369702349,-19.37373697023486,-2.1943339108495157,0,0.02630517671615394,,N
WeldingTest_03_NG,2022-08-03 15:16:21.840,22,250,241.2,82,1154,1673,0,1692.099787412438,-19.09978741243799,-2.3828793598671067,0,0.03789730189646689,,N
WeldingTest_03_NG,2022-08-03 15:16:25.298,23,250,241.1,83,1670,1695,0,1714.000016164169,-19.000016164168983,-2.1503463978709787,0,0.024143338608697315,,N
WeldingTest_03_NG,2022-08-03 15:16:27.990,24,250,241.2,82,1154,1675,0,1693.9999960126588,-18.999996012658812,-2.3702195435921363,0,0.036984845071057725,,N
WeldingTest_03_NG,2022-08-03 15:16:34.558,25,250,241.1,83,1670,1694,0,1712.9966966279746,-18.996696627974643,-2.1499556833614806,0,0.02412493464331068,,N
WeldingTest_03_NG,2022-08-03 15:16:37.248,26,250,241.2,82,1154,1674,0,1693.0000140611949,-19.00001406119486,-2.3702218332799343,0,0.03698500817486986,,N
WeldingTest_03_NG,2022-08-03 15:16:40.754,27,250,241.1,83,1670,1697,0,1716.0029705464842,-19.00297054648422,-2.1506941332079625,0,0.024159729626113666,,N
WeldingTest_03_NG,2022-08-03 15:16:43.442,28,250,241.2,82,1154,1677,0,1694.999985710131,-17.999985710131114,-2.2433554377564398,0,0.028936470893493303,,N
WeldingTest_03_NG,2022-08-03 15:16:46.976,29,250,241.1,83,1670,1698,0,1716.999967777064,-18.999967777064057,-2.1503407026343972,0,0.024143070245617335,,N
WeldingTest_03_NG,2022-08-03 15:16:49.620,30,250,241.2,82,1154,1677,0,1696.988693652646,-19.988693652645907,-2.4956484933957337,0,0.04703424511152807,,N
WeldingTest_03_NG,2022-08-03 15:16:53.870,31,30,19.4,38,650,682,0,688.0006063384444,-6.000606338444413,-2.0192654454897943,0,0.018679561201894783,,N
WeldingTest_03_NG,2022-08-03 15:16:55.492,32,30,19.4,38,650,680,0,688.0006063384444,-8.000606338444413,-2.6923538592998333,0,0.06816069625925017,,N
WeldingTest_03_NG,2022-08-03 15:16:58.588,33,30,19.4,38,650,680,0,688.0006063384444,-8.000606338444413,-2.6923538592998333,0,0.06816069625925017,,N
WeldingTest_03_NG,2022-08-03 15:17:00.336,34,30,19.4,38,650,680,0,688.0006063384444,-8.000606338444413,-2.6923538592998333,0,0.06816069625925017,,N
WeldingTest_03_NG,2022-08-03 15:17:03.788,35,30,19.4,38,650,680,0,688.0006063384444,-8.000606338444413,-2.6923538592998333,0,0.06816069625925017,,N
WeldingTest_03_NG,2022-08-03 15:17:05.524,36,30,19.4,38,650,680,0,688.0006063384444,-8.000606338444413,-2.6923538592998333,0,0.06816069625925017,,N
WeldingTest_03_NG,2022-08-03 15:17:07.228,37,30,19.4,38,650,680,0,688.0006063384444,-8.000606338444413,-2.6923538592998333,0,0.06816069625925017,,N
WeldingTest_03_NG,2022-08-03 15:17:10.202,38,30,19.4,38,650,680,0,688.0006063384444,-8.000606338444413,-2.6923538592998333,0,0.06816069625925017,,N
WeldingTest_03_NG,2022-08-03 15:17:11.706,39,30,19.4,38,650,680,0,688.0006063384444,-8.000606338444413,-2.6923538592998333,0,0.06816069625925017,,N
WeldingTest_04_NG,2022-08-03 15:24:10.491,1,250,241.1,82,1154,1713,0,1679.3760170564362,33.62398294356376,4.305805712270458,1,0.6483083021135547,출력 과다 - 출력 제어부/설정값 점검,Y
WeldingTest_04_NG,2022-08-03 15:24:13.743,2,250,241.2,83,1670,1695,0,1704.5159551916302,-9.515955191630155,-1.0340578521236756,0,0.002646455030604761,,N
WeldingTest_04_NG,2022-08-03 15:24:16.537,3,250,241.1,82,1153,1718,0,1687.0000658542688,30.99993414573123,3.972911537515655,0,0.4864590806360852,,N
WeldingTest_04_NG,2022-08-03 15:24:19.741,4,250,241.2,83,1670,1698,0,1708.9999966770276,-10.999996677027639,-1.2087318147183674,0,0.0037489018676576196,,N
WeldingTest_04_NG,2022-08-03 15:24:22.509,5,250,241.1,82,1154,1721,0,1689.0246460370001,31.97535396299986,4.096656025566843,1,0.5481780734045972,출력 과다 - 출력 제어부/설정값 점검,Y
WeldingTest_04_NG,2022-08-03 15:24:25.785,6,250,241.2,83,1670,1695,0,1712.029134968304,-17.029134968304106,-1.9183706534780405,0,0.015318474316666093,,N
WeldingTest_04_NG,2022-08-03 15:24:31.841,7,250,241.1,82,1153,1721,0,1687.9999985928248,33.000001407175205,4.2266456681470865,1,0.611421493076679,출력 과다 - 출력 제어부/설정값 점검,Y
WeldingTest_04_NG,2022-08-03 15:24:35.063,8,250,241.2,83,1670,1699,0,1711.9999942256752,-12.99999422567521,-1.4441345985619556,0,0.005989553766933549,,N
WeldingTest_04_NG,2022-08-03 15:24:37.903,9,250,241.1,82,1154,1723,0,1692.000000006275,30.99999999372494,3.972919891176434,0,0.4864632544040229,,N
WeldingTest_04_NG,2022-08-03 15:24:41.145,10,250,241.2,83,1670,1700,0,1714.011058058723,-14.011058058722938,-1.5631383648935435,0,0.0075868480929979125,,N
WeldingTest_04_NG,2022-08-03 15:24:43.917,11,250,241.1,82,1154,1724,0,1693.077006948619,30.9229930513809,3.9631505749414675,0,0.4815836224605934,,N
WeldingTest_04_NG,2022-08-03 15:24:47.181,12,250,241.2,83,1670,693,0,1716.0000403355489,-1023.0000403355489,-120.32269157338999,1,1.0,"출력 저하 - 광학계/렌즈 오염, 레이저 소스 점검",Y
WeldingTest_04_NG,2022-08-03 15:24:51.745,13,30,19.4,38,650,692,0,688.0006063384444,3.9993936615555867,1.3461766235604011,0,0.004929153082102923,,N
WeldingTest_04_NG,2022-08-03 15:24:53.509,14,30,19.4,35,650,692,0,688.0006063384444,3.9993936615555867,1.3461766235604011,0,0.004929153082102923,,N
WeldingTest_04_NG,2022-08-03 15:24:56.463,15,30,19.4,38,650,692,0,688.0006063384444,3.9993936615555867,1.3461766235604011,0,0.004929153082102923,,N
WeldingTest_04_NG,2022-08-03 15:24:59.925,16,30,19.4,38,650,692,0,688.0006063384444,3.9993936615555867,1.3461766235604011,0,0.004929153082102923,,N
WeldingTest_04_NG,2022-08-03 15:25:01.643,17,30,19.4,38,650,692,0,688.0006063384444,3.9993936615555867,1.3461766235604011,0,0.004929153082102923,,N
WeldingTest_04_NG,2022-08-03 15:25:03.363,18,30,19.4,38,650,1717,0,688.0006063384444,1028.9993936615556,346.30398870120547,1,1.0,출력 과다 - 출력 제어부/설정값 점검,Y
WeldingTest_04_NG,2022-08-03 15:25:24.345,19,250,241.1,83,1670,1716,0,1707.000103955623,8.99989604437701,1.1452862821415077,0,0.003303619727780421,,N
WeldingTest_04_NG,2022-08-03 15:25:26.967,20,250,241.2,82,1154,1698,0,1689.0001549203207,8.99984507967929,1.1819186641266668,0,0.0035538532027956215,,N
WeldingTest_04_NG,2022-08-03 15:25:30.483,21,250,241.1,83,1670,1722,0,1712.3737369702349,9.626263029765141,1.2190106385377388,0,0.003826470149490666,,N
WeldingTest_04_NG,2022-08-03 15:25:33.211,22,250,241.2,82,1154,1700,0,1692.099787412438,7.9002125875620095,1.042416208494242,0,0.00269094685399066,,N
WeldingTest_04_NG,2022-08-03 15:25:36.693,23,250,241.1,83,1670,1724,0,1714.000016164169,9.999983835831017,1.2629981515162756,0,0.004176885815453837,,N
WeldingTest_04_NG,2022-08-03 15:25:39.349,24,250,241.2,82,1154,1702,0,1693.9999960126588,8.000003987341188,1.0550760247692124,0,0.002759760093395795,,N
WeldingTest_04_NG,2022-08-03 15:25:46.025,25,250,241.1,83,1670,1722,0,1712.9966966279746,9.003303372025357,1.1456873298400063,0,0.003306261844437921,,N
WeldingTest_04_NG,2022-08-03 15:25:48.661,26,250,241.2,82,1154,1702,0,1693.0000140611949,8.999985938805139,1.1819365339096126,0,0.0035539797668257514,,N
WeldingTest_04_NG,2022-08-03 15:25:52.183,27,250,241.1,83,1670,1726,0,1716.0029705464842,9.997029453515779,1.2626504161792922,0,0.0041739940445901045,,N
WeldingTest_04_NG,2022-08-03 15:25:54.869,28,250,241.2,82,1154,1703,0,1694.999985710131,8.000014289868886,1.0550773317767113,0,0.0027597672875503626,,N
WeldingTest_04_NG,2022-08-03 15:25:58.427,29,250,241.1,83,1670,1727,0,1716.999967777064,10.000032222935943,1.263003846752857,0,0.004176933193704731,,N
WeldingTest_04_NG,2022-08-03 15:26:01.061,30,250,241.2,82,1154,1704,0,1696.988693652646,7.011306347354093,0.9296470749656154,0,0.002148775921270463,,N
WeldingTest_04_NG,2022-08-03 15:26:05.567,31,30,19.4,38,650,693,0,688.0006063384444,4.999393661555587,1.6827208304654206,0,0.009617009831222906,,N
WeldingTest_04_NG,2022-08-03 15:26:07.097,32,30,19.4,38,650,692,0,688.0006063384444,3.9993936615555867,1.3461766235604011,0,0.004929153082102923,,N
WeldingTest_04_NG,2022-08-03 15:26:10.179,33,30,19.4,38,650,693,0,688.0006063384444,4.999393661555587,1.6827208304654206,0,0.009617009831222906,,N
WeldingTest_04_NG,2022-08-03 15:26:11.923,34,30,19.4,38,650,693,0,688.0006063384444,4.999393661555587,1.6827208304654206,0,0.009617009831222906,,N
WeldingTest_04_NG,2022-08-03 15:26:15.383,35,30,19.4,38,650,693,0,688.0006063384444,4.999393661555587,1.6827208304654206,0,0.009617009831222906,,N
WeldingTest_04_NG,2022-08-03 15:26:17.121,36,30,19.4,38,650,693,0,688.0006063384444,4.999393661555587,1.6827208304654206,0,0.009617009831222906,,N
WeldingTest_04_NG,2022-08-03 15:26:18.849,37,30,19.4,38,650,693,0,688.0006063384444,4.999393661555587,1.6827208304654206,0,0.009617009831222906,,N
WeldingTest_04_NG,2022-08-03 15:26:21.923,38,30,19.4,38,650,693,0,688.0006063384444,4.999393661555587,1.6827208304654206,0,0.009617009831222906,,N
WeldingTest_04_NG,2022-08-03 15:26:23.419,39,30,19.4,38,650,693,0,688.0006063384444,4.999393661555587,1.6827208304654206,0,0.009617009831222906,,N
WeldingTest_04_NG,2022-08-03 16:19:59.207,1,250,241.1,82,1154,1687,0,1679.3760170564362,7.62398294356376,1.0073729427373075,0,0.0025092621576284836,,N
WeldingTest_04_NG,2022-08-03 16:20:02.581,2,250,241.2,83,1670,1713,0,1704.5159551916302,8.484044808369845,1.0845697992201375,0,0.0029269579097053436,,N
WeldingTest_04_NG,2022-08-03 16:20:05.329,3,250,241.1,82,1153,1695,0,1687.0000658542688,7.999934145731231,1.0550671644670986,0,0.0027597113241741543,,N
WeldingTest_04_NG,2022-08-03 16:20:08.597,4,250,241.2,83,1670,1718,0,1708.9999966770276,9.000003322972361,1.1452989089969803,0,0.00330370288186457,,N
WeldingTest_04_NG,2022-08-03 16:20:11.367,5,250,241.1,82,1154,1698,0,1689.0246460370001,8.975353962999861,1.1788116525182866,0,0.0035319157049959154,,N
WeldingTest_04_NG,2022-08-03 16:20:14.681,6,250,241.2,83,1670,1721,0,1712.029134968304,8.970865031695894,1.1418692873519118,0,0.003281193621346668,,N
WeldingTest_04_NG,2022-08-03 16:20:20.611,7,250,241.1,82,1153,1695,0,1687.9999985928248,7.000001407175205,0.9282128986139362,0,0.002142634492165465,,N
WeldingTest_04_NG,2022-08-03 16:20:23.957,8,250,241.2,83,1670,1721,0,1711.9999942256752,9.00000577432479,1.145299197524927,0,0.003303704781988082,,N
WeldingTest_04_NG,2022-08-03 16:20:26.761,9,250,241.1,82,1154,1699,0,1692.000000006275,6.999999993724941,0.9282127192996797,0,0.0021426337254022002,,N
WeldingTest_04_NG,2022-08-03 16:20:30.003,10,250,241.2,83,1670,1723,0,1714.011058058723,8.988941941277062,1.1439969673791066,0,0.0032951399249208585,,N
WeldingTest_04_NG,2022-08-03 16:20:32.833,11,250,241.1,82,1154,1700,0,1693.077006948619,6.9229930513808995,0.918443403064713,0,0.002101263039516951,,N
WeldingTest_04_NG,2022-08-03 16:20:36.125,12,250,241.2,83,1670,1724,0,1716.0000403355489,7.999959664451126,1.0275922341361958,0,0.0026125422420565465,,N
WeldingTest_04_NG,2022-08-03 16:20:40.967,13,30,19.4,38,650,693,0,688.0006063384444,4.999393661555587,1.6827208304654206,0,0.009617009831222906,,N
WeldingTest_04_NG,2022-08-03 16:20:42.685,14,30,19.4,35,650,692,0,688.0006063384444,3.9993936615555867,1.3461766235604011,0,0.004929153082102923,,N
WeldingTest_04_NG,2022-08-03 16:20:45.587,15,30,19.4,38,650,692,0,688.0006063384444,3.9993936615555867,1.3461766235604011,0,0.004929153082102923,,N
WeldingTest_04_NG,2022-08-03 16:20:48.933,16,30,19.4,38,650,692,0,688.0006063384444,3.9993936615555867,1.3461766235604011,0,0.004929153082102923,,N
WeldingTest_04_NG,2022-08-03 16:20:50.673,17,30,19.4,38,650,692,0,688.0006063384444,3.9993936615555867,1.3461766235604011,0,0.004929153082102923,,N
WeldingTest_04_NG,2022-08-03 16:20:52.331,18,30,19.4,38,650,692,0,688.0006063384444,3.9993936615555867,1.3461766235604011,0,0.004929153082102923,,N
WeldingTest_04_NG,2022-08-03 16:21:13.755,19,250,241.1,83,1670,1716,0,1707.000103955623,8.99989604437701,1.1452862821415077,0,0.003303619727780421,,N
WeldingTest_04_NG,2022-08-03 16:21:16.415,20,250,241.2,82,1154,1698,0,1689.0001549203207,8.99984507967929,1.1819186641266668,0,0.0035538532027956215,,N
WeldingTest_04_NG,2022-08-03 16:21:19.953,21,250,241.1,83,1670,1722,0,1712.3737369702349,9.626263029765141,1.2190106385377388,0,0.003826470149490666,,N
WeldingTest_04_NG,2022-08-03 16:21:22.585,22,250,241.2,82,1154,1700,0,1692.099787412438,7.9002125875620095,1.042416208494242,0,0.00269094685399066,,N
WeldingTest_04_NG,2022-08-03 16:21:26.025,23,250,241.1,83,1670,1724,0,1714.000016164169,9.999983835831017,1.2629981515162756,0,0.004176885815453837,,N
WeldingTest_04_NG,2022-08-03 16:21:28.705,24,250,241.2,82,1154,1702,0,1693.9999960126588,8.000003987341188,1.0550760247692124,0,0.002759760093395795,,N
WeldingTest_04_NG,2022-08-03 16:21:35.383,25,250,241.1,83,1670,1722,0,1712.9966966279746,9.003303372025357,1.1456873298400063,0,0.003306261844437921,,N
WeldingTest_04_NG,2022-08-03 16:21:38.079,26,250,241.2,82,1154,1702,0,1693.0000140611949,8.999985938805139,1.1819365339096126,0,0.0035539797668257514,,N
WeldingTest_04_NG,2022-08-03 16:21:41.535,27,250,241.1,83,1670,1726,0,1716.0029705464842,9.997029453515779,1.2626504161792922,0,0.0041739940445901045,,N
WeldingTest_04_NG,2022-08-03 16:21:44.175,28,250,241.2,82,1154,1703,0,1694.999985710131,8.000014289868886,1.0550773317767113,0,0.0027597672875503626,,N
WeldingTest_04_NG,2022-08-03 16:21:47.665,29,250,241.1,83,1670,1727,0,1716.999967777064,10.000032222935943,1.263003846752857,0,0.004176933193704731,,N
WeldingTest_04_NG,2022-08-03 16:21:50.275,30,250,241.2,82,1154,1704,0,1696.988693652646,7.011306347354093,0.9296470749656154,0,0.002148775921270463,,N
WeldingTest_04_NG,2022-08-03 16:21:54.731,31,30,19.4,38,650,693,0,688.0006063384444,4.999393661555587,1.6827208304654206,0,0.009617009831222906,,N
WeldingTest_04_NG,2022-08-03 16:21:56.363,32,30,19.4,38,650,692,0,688.0006063384444,3.9993936615555867,1.3461766235604011,0,0.004929153082102923,,N
WeldingTest_04_NG,2022-08-03 16:21:59.421,33,30,19.4,38,650,693,0,688.0006063384444,4.999393661555587,1.6827208304654206,0,0.009617009831222906,,N
WeldingTest_04_NG,2022-08-03 16:22:01.191,34,30,19.4,38,650,693,0,688.0006063384444,4.999393661555587,1.6827208304654206,0,0.009617009831222906,,N
WeldingTest_04_NG,2022-08-03 16:22:04.653,35,30,19.4,38,650,693,0,688.0006063384444,4.999393661555587,1.6827208304654206,0,0.009617009831222906,,N
WeldingTest_04_NG,2022-08-03 16:22:06.381,36,30,19.4,38,650,693,0,688.0006063384444,4.999393661555587,1.6827208304654206,0,0.009617009831222906,,N
WeldingTest_04_NG,2022-08-03 16:22:08.091,37,30,19.4,38,650,692,0,688.0006063384444,3.9993936615555867,1.3461766235604011,0,0.004929153082102923,,N
WeldingTest_04_NG,2022-08-03 16:22:11.047,38,30,19.4,38,650,693,0,688.0006063384444,4.999393661555587,1.6827208304654206,0,0.009617009831222906,,N
WeldingTest_04_NG,2022-08-03 16:22:12.571,39,30,19.4,38,650,692,0,688.0006063384444,3.9993936615555867,1.3461766235604011,0,0.004929153082102923,,N
WeldingTest_04_NG,2022-08-03 16:35:45.705,1,250,241.1,82,1154,0,1,1679.3760170564362,-1679.3760170564362,-213.01016868043288,1,1.0,미출력(0W) - 레이저 발진/게이트 점검,Y
WeldingTest_04_NG,2022-08-03 16:35:49.031,2,250,241.2,83,1670,0,1,1704.5159551916302,-1704.5159551916302,-200.53816168699942,1,1.0,미출력(0W) - 레이저 발진/게이트 점검,Y
WeldingTest_04_NG,2022-08-03 16:35:51.847,3,250,241.1,82,1153,0,1,1687.0000658542688,-1687.0000658542688,-213.9773768493287,1,1.0,미출력(0W) - 레이저 발진/게이트 점검,Y
WeldingTest_04_NG,2022-08-03 16:35:55.107,4,250,241.2,83,1670,0,1,1708.9999966770276,-1708.9999966770276,-201.06594025815141,1,1.0,미출력(0W) - 레이저 발진/게이트 점검,Y
WeldingTest_04_NG,2022-08-03 16:35:57.961,5,250,241.1,82,1154,0,1,1689.0246460370001,-1689.0246460370001,-214.2342207577621,1,1.0,미출력(0W) - 레이저 발진/게이트 점검,Y
WeldingTest_04_NG,2022-08-03 16:36:01.189,6,250,241.2,83,1670,0,1,1712.029134968304,-1712.029134968304,-201.42247448835377,1,1.0,미출력(0W) - 레이저 발진/게이트 점검,Y
WeldingTest_04_NG,2022-08-03 16:36:07.091,7,250,241.1,82,1153,0,1,1687.9999985928248,-1687.9999985928248,-214.10423111518185,1,1.0,미출력(0W) - 레이저 발진/게이트 점검,Y
WeldingTest_04_NG,2022-08-03 16:36:10.363,8,250,241.2,83,1670,0,1,1711.9999942256752,-1711.9999942256752,-201.41904457818075,1,1.0,미출력(0W) - 레이저 발진/게이트 점검,Y
WeldingTest_04_NG,2022-08-03 16:36:13.169,9,250,241.1,82,1154,0,1,1692.000000006275,-1692.000000006275,-214.6116824898089,1,1.0,미출력(0W) - 레이저 발진/게이트 점검,Y
WeldingTest_04_NG,2022-08-03 16:36:16.337,10,250,241.2,83,1670,0,1,1714.011058058723,-1714.011058058723,-201.65574988069812,1,1.0,미출력(0W) - 레이저 발진/게이트 점검,Y
WeldingTest_04_NG,2022-08-03 16:36:19.107,11,250,241.1,82,1154,0,1,1693.077006948619,-1693.077006948619,-214.74831460487206,1,1.0,미출력(0W) - 레이저 발진/게이트 점검,Y
WeldingTest_04_NG,2022-08-03 16:36:22.321,12,250,241.2,83,1670,0,1,1716.0000403355489,-1716.0000403355489,-201.8898561501268,1,1.0,미출력(0W) - 레이저 발진/게이트 점검,Y
WeldingTest_04_NG,2022-08-03 16:36:26.861,13,30,19.4,38,650,0,1,688.0006063384444,-688.0006063384444,-231.54241455471313,1,1.0,미출력(0W) - 레이저 발진/게이트 점검,Y
WeldingTest_04_NG,2022-08-03 16:36:28.557,14,30,19.4,35,650,0,1,688.0006063384444,-688.0006063384444,-231.54241455471313,1,1.0,미출력(0W) - 레이저 발진/게이트 점검 + 학습에 없는 출력 설정값(SetPower) 확인,Y
WeldingTest_04_NG,2022-08-03 16:36:31.505,15,30,19.4,38,650,0,1,688.0006063384444,-688.0006063384444,-231.54241455471313,1,1.0,미출력(0W) - 레이저 발진/게이트 점검,Y
WeldingTest_04_NG,2022-08-03 16:36:34.901,16,30,19.4,38,650,0,1,688.0006063384444,-688.0006063384444,-231.54241455471313,1,1.0,미출력(0W) - 레이저 발진/게이트 점검,Y
WeldingTest_04_NG,2022-08-03 16:36:36.665,17,30,19.4,38,650,0,1,688.0006063384444,-688.0006063384444,-231.54241455471313,1,1.0,미출력(0W) - 레이저 발진/게이트 점검,Y
WeldingTest_04_NG,2022-08-03 16:36:38.329,18,30,19.4,38,650,0,1,688.0006063384444,-688.0006063384444,-231.54241455471313,1,1.0,미출력(0W) - 레이저 발진/게이트 점검,Y
WeldingTest_04_NG,2022-08-03 16:36:59.453,19,250,241.1,83,1670,0,1,1707.000103955623,-1707.000103955623,-200.83054981263535,1,1.0,미출력(0W) - 레이저 발진/게이트 점검,Y
WeldingTest_04_NG,2022-08-03 16:37:02.085,20,250,241.2,82,1154,0,1,1689.0001549203207,-1689.0001549203207,-214.2311137461537,1,1.0,미출력(0W) - 레이저 발진/게이트 점검,Y
WeldingTest_04_NG,2022-08-03 16:37:05.575,21,250,241.1,83,1670,0,1,1712.3737369702349,-1712.3737369702349,-201.46303467335372,1,1.0,미출력(0W) - 레이저 발진/게이트 점검,Y
WeldingTest_04_NG,2022-08-03 16:37:08.261,22,250,241.2,82,1154,0,1,1692.099787412438,-1692.099787412438,-214.62434179944253,1,1.0,미출력(0W) - 레이저 발진/게이트 점검,Y
WeldingTest_04_NG,2022-08-03 16:37:11.673,23,250,241.1,83,1670,0,1,1714.000016164169,-1714.000016164169,-201.6544502327467,1,1.0,미출력(0W) - 레이저 발진/게이트 점검,Y
WeldingTest_04_NG,2022-08-03 16:37:14.249,24,250,241.2,82,1154,0,1,1693.9999960126588,-1693.9999960126588,-214.86540758082396,1,1.0,미출력(0W) - 레이저 발진/게이트 점검,Y
WeldingTest_04_NG,2022-08-03 16:37:20.951,25,250,241.1,83,1670,0,1,1712.9966966279746,-1712.9966966279746,-201.53635798205144,1,1.0,미출력(0W) - 레이저 발진/게이트 점검,Y
WeldingTest_04_NG,2022-08-03 16:37:23.555,26,250,241.2,82,1154,0,1,1693.0000140611949,-1693.0000140611949,-214.73854707168357,1,1.0,미출력(0W) - 레이저 발진/게이트 점검,Y
WeldingTest_04_NG,2022-08-03 16:37:27.017,27,250,241.1,83,1670,0,1,1716.0029705464842,-1716.0029705464842,-201.89020104045522,1,1.0,미출력(0W) - 레이저 발진/게이트 점검,Y
WeldingTest_04_NG,2022-08-03 16:37:29.673,28,250,241.2,82,1154,0,1,1694.999985710131,-1694.999985710131,-214.99226907264466,1,1.0,미출력(0W) - 레이저 발진/게이트 점검,Y
WeldingTest_04_NG,2022-08-03 16:37:33.153,29,250,241.1,83,1670,0,1,1716.999967777064,-1716.999967777064,-202.00754914606742,1,1.0,미출력(0W) - 레이저 발진/게이트 점검,Y
WeldingTest_04_NG,2022-08-03 16:37:35.819,30,250,241.2,82,1154,0,1,1696.988693652646,-1696.988693652646,-215.24456212828395,1,1.0,미출력(0W) - 레이저 발진/게이트 점검,Y
WeldingTest_04_NG,2022-08-03 16:37:40.301,31,30,19.4,38,650,0,1,688.0006063384444,-688.0006063384444,-231.54241455471313,1,1.0,미출력(0W) - 레이저 발진/게이트 점검,Y
WeldingTest_04_NG,2022-08-03 16:37:41.867,32,30,19.4,38,650,0,1,688.0006063384444,-688.0006063384444,-231.54241455471313,1,1.0,미출력(0W) - 레이저 발진/게이트 점검,Y
WeldingTest_04_NG,2022-08-03 16:37:44.927,33,30,19.4,38,650,0,1,688.0006063384444,-688.0006063384444,-231.54241455471313,1,1.0,미출력(0W) - 레이저 발진/게이트 점검,Y
WeldingTest_04_NG,2022-08-03 16:37:46.667,34,30,19.4,38,650,0,1,688.0006063384444,-688.0006063384444,-231.54241455471313,1,1.0,미출력(0W) - 레이저 발진/게이트 점검,Y
WeldingTest_04_NG,2022-08-03 16:37:50.119,35,30,19.4,38,650,0,1,688.0006063384444,-688.0006063384444,-231.54241455471313,1,1.0,미출력(0W) - 레이저 발진/게이트 점검,Y
WeldingTest_04_NG,2022-08-03 16:37:51.851,36,30,19.4,38,650,0,1,688.0006063384444,-688.0006063384444,-231.54241455471313,1,1.0,미출력(0W) - 레이저 발진/게이트 점검,Y
WeldingTest_04_NG,2022-08-03 16:37:53.573,37,30,19.4,38,650,0,1,688.0006063384444,-688.0006063384444,-231.54241455471313,1,1.0,미출력(0W) - 레이저 발진/게이트 점검,Y
WeldingTest_04_NG,2022-08-03 16:37:56.529,38,30,19.4,38,650,0,1,688.0006063384444,-688.0006063384444,-231.54241455471313,1,1.0,미출력(0W) - 레이저 발진/게이트 점검,Y
WeldingTest_04_NG,2022-08-03 16:37:58.045,39,30,19.4,38,650,0,1,688.0006063384444,-688.0006063384444,-231.54241455471313,1,1.0,미출력(0W) - 레이저 발진/게이트 점검,Y
WeldingTest_04_NG,2022-08-03 17:09:19.664,1,250,241.1,82,1154,1192,1,1679.3760170564362,-487.37601705643624,-61.78971247722075,1,1.0,"출력 저하 - 광학계/렌즈 오염, 레이저 소스 점검",Y
WeldingTest_04_NG,2022-08-03 17:09:22.996,2,250,241.2,83,1670,1218,1,1704.5159551916302,-486.51595519163016,-57.17769061273472,1,1.0,"출력 저하 - 광학계/렌즈 오염, 레이저 소스 점검",Y
WeldingTest_04_NG,2022-08-03 17:09:25.804,3,250,241.1,82,1153,1199,1,1687.0000658542688,-488.00006585426877,-61.86888105431916,1,1.0,"출력 저하 - 광학계/렌즈 오염, 레이저 소스 점검",Y
WeldingTest_04_NG,2022-08-03 17:09:29.000,4,250,241.2,83,1670,1223,1,1708.9999966770276,-485.99999667702764,-57.11696150295788,1,1.0,"출력 저하 - 광학계/렌즈 오염, 레이저 소스 점검",Y
WeldingTest_04_NG,2022-08-03 17:09:31.812,5,250,241.1,82,1154,1202,1,1689.0246460370001,-487.02464603700014,-61.74513656626797,1,1.0,"출력 저하 - 광학계/렌즈 오염, 레이저 소스 점검",Y
WeldingTest_04_NG,2022-08-03 17:09:35.076,6,250,241.2,83,1670,1226,1,1712.029134968304,-486.0291349683041,-57.120391124602946,1,1.0,"출력 저하 - 광학계/렌즈 오염, 레이저 소스 점검",Y
WeldingTest_04_NG,2022-08-03 17:09:41.114,7,250,241.1,82,1153,1199,1,1687.9999985928248,-488.9999985928248,-61.99573532017232,1,1.0,"출력 저하 - 광학계/렌즈 오염, 레이저 소스 점검",Y
WeldingTest_04_NG,2022-08-03 17:09:44.342,8,250,241.2,83,1670,1226,1,1711.9999942256752,-485.9999942256752,-57.116961214429935,1,1.0,"출력 저하 - 광학계/렌즈 오염, 레이저 소스 점검",Y
WeldingTest_04_NG,2022-08-03 17:09:47.128,9,250,241.1,82,1154,1204,1,1692.000000006275,-488.00000000627506,-61.86887270065838,1,1.0,"출력 저하 - 광학계/렌즈 오염, 레이저 소스 점검",Y
WeldingTest_04_NG,2022-08-03 17:09:50.336,10,250,241.2,83,1670,1228,1,1714.011058058723,-486.01105805872294,-57.11826344457575,1,1.0,"출력 저하 - 광학계/렌즈 오염, 레이저 소스 점검",Y
WeldingTest_04_NG,2022-08-03 17:09:53.090,11,250,241.1,82,1154,1206,1,1693.077006948619,-487.0770069486191,-61.75177921806515,1,1.0,"출력 저하 - 광학계/렌즈 오염, 레이저 소스 점검",Y
WeldingTest_04_NG,2022-08-03 17:09:56.356,12,250,241.2,83,1670,1230,1,1716.0000403355489,-486.0000403355489,-57.1169666416329,1,1.0,"출력 저하 - 광학계/렌즈 오염, 레이저 소스 점검",Y
WeldingTest_04_NG,2022-08-03 17:10:01.216,13,30,19.4,38,650,127,1,688.0006063384444,-561.0006063384444,-188.80130027777565,1,1.0,"출력 저하 - 광학계/렌즈 오염, 레이저 소스 점검",Y
WeldingTest_04_NG,2022-08-03 17:10:02.940,14,30,19.4,35,650,126,1,688.0006063384444,-562.0006063384444,-189.13784448468067,1,1.0,"출력 저하 - 광학계/렌즈 오염, 레이저 소스 점검 + 학습에 없는 출력 설정값(SetPower) 확인",Y
WeldingTest_04_NG,2022-08-03 17:10:05.834,15,30,19.4,38,650,127,1,688.0006063384444,-561.0006063384444,-188.80130027777565,1,1.0,"출력 저하 - 광학계/렌즈 오염, 레이저 소스 점검",Y
WeldingTest_04_NG,2022-08-03 17:10:09.200,16,30,19.4,38,650,126,1,688.0006063384444,-562.0006063384444,-189.13784448468067,1,1.0,"출력 저하 - 광학계/렌즈 오염, 레이저 소스 점검",Y
WeldingTest_04_NG,2022-08-03 17:10:10.932,17,30,19.4,38,650,126,1,688.0006063384444,-562.0006063384444,-189.13784448468067,1,1.0,"출력 저하 - 광학계/렌즈 오염, 레이저 소스 점검",Y
WeldingTest_04_NG,2022-08-03 17:10:12.600,18,30,19.4,38,650,126,1,688.0006063384444,-562.0006063384444,-189.13784448468067,1,1.0,"출력 저하 - 광학계/렌즈 오염, 레이저 소스 점검",Y
WeldingTest_04_NG,2022-08-03 17:10:33.804,19,250,241.1,83,1670,1221,1,1707.000103955623,-486.000103955623,-57.11697412981335,1,1.0,"출력 저하 - 광학계/렌즈 오염, 레이저 소스 점검",Y
WeldingTest_04_NG,2022-08-03 17:10:36.420,20,250,241.2,82,1154,1202,1,1689.0001549203207,-487.0001549203207,-61.742029554659595,1,1.0,"출력 저하 - 광학계/렌즈 오염, 레이저 소스 점검",Y
WeldingTest_04_NG,2022-08-03 17:10:39.864,21,250,241.1,83,1670,1226,1,1712.3737369702349,-486.37373697023486,-57.160951309602886,1,1.0,"출력 저하 - 광학계/렌즈 오염, 레이저 소스 점검",Y
WeldingTest_04_NG,2022-08-03 17:10:42.502,22,250,241.2,82,1154,1204,1,1692.099787412438,-488.099787412438,-61.88153201029202,1,1.0,"출력 저하 - 광학계/렌즈 오염, 레이저 소스 점검",Y
WeldingTest_04_NG,2022-08-03 17:10:45.952,23,250,241.1,83,1670,1228,1,1714.000016164169,-486.000016164169,-57.116963796624354,1,1.0,"출력 저하 - 광학계/렌즈 오염, 레이저 소스 점검",Y
WeldingTest_04_NG,2022-08-03 17:10:48.520,24,250,241.2,82,1154,1207,1,1693.9999960126588,-486.9999960126588,-61.74200939518885,1,1.0,"출력 저하 - 광학계/렌즈 오염, 레이저 소스 점검",Y
WeldingTest_04_NG,2022-08-03 17:10:55.136,25,250,241.1,83,1670,1227,1,1712.9966966279746,-485.99669662797464,-57.116573082114854,1,1.0,"출력 저하 - 광학계/렌즈 오염, 레이저 소스 점검",Y
WeldingTest_04_NG,2022-08-03 17:10:57.710,26,250,241.2,82,1154,1206,1,1693.0000140611949,-487.00001406119486,-61.742011684876644,1,1.0,"출력 저하 - 광학계/렌즈 오염, 레이저 소스 점검",Y
WeldingTest_04_NG,2022-08-03 17:11:01.182,27,250,241.1,83,1670,1230,1,1716.0029705464842,-486.0029705464842,-57.117311531961334,1,1.0,"출력 저하 - 광학계/렌즈 오염, 레이저 소스 점검",Y
WeldingTest_04_NG,2022-08-03 17:11:03.816,28,250,241.2,82,1154,1208,1,1694.999985710131,-486.9999857101311,-61.74200808818135,1,1.0,"출력 저하 - 광학계/렌즈 오염, 레이저 소스 점검",Y
WeldingTest_04_NG,2022-08-03 17:11:07.308,29,250,241.1,83,1670,1231,1,1716.999967777064,-485.99996777706406,-57.11695810138777,1,1.0,"출력 저하 - 광학계/렌즈 오염, 레이저 소스 점검",Y
WeldingTest_04_NG,2022-08-03 17:11:09.932,30,250,241.2,82,1154,1209,1,1696.988693652646,-487.9886936526459,-61.86743834499244,1,1.0,"출력 저하 - 광학계/렌즈 오염, 레이저 소스 점검",Y
WeldingTest_04_NG,2022-08-03 17:11:14.588,31,30,19.4,38,650,127,1,688.0006063384444,-561.0006063384444,-188.80130027777565,1,1.0,"출력 저하 - 광학계/렌즈 오염, 레이저 소스 점검",Y
WeldingTest_04_NG,2022-08-03 17:11:16.082,32,30,19.4,38,650,126,1,688.0006063384444,-562.0006063384444,-189.13784448468067,1,1.0,"출력 저하 - 광학계/렌즈 오염, 레이저 소스 점검",Y
WeldingTest_04_NG,2022-08-03 17:11:19.208,33,30,19.4,38,650,127,1,688.0006063384444,-561.0006063384444,-188.80130027777565,1,1.0,"출력 저하 - 광학계/렌즈 오염, 레이저 소스 점검",Y
WeldingTest_04_NG,2022-08-03 17:11:20.916,34,30,19.4,38,650,127,1,688.0006063384444,-561.0006063384444,-188.80130027777565,1,1.0,"출력 저하 - 광학계/렌즈 오염, 레이저 소스 점검",Y
WeldingTest_04_NG,2022-08-03 17:11:24.390,35,30,19.4,38,650,127,1,688.0006063384444,-561.0006063384444,-188.80130027777565,1,1.0,"출력 저하 - 광학계/렌즈 오염, 레이저 소스 점검",Y
WeldingTest_04_NG,2022-08-03 17:11:26.132,36,30,19.4,38,650,127,1,688.0006063384444,-561.0006063384444,-188.80130027777565,1,1.0,"출력 저하 - 광학계/렌즈 오염, 레이저 소스 점검",Y
WeldingTest_04_NG,2022-08-03 17:11:27.828,37,30,19.4,38,650,127,1,688.0006063384444,-561.0006063384444,-188.80130027777565,1,1.0,"출력 저하 - 광학계/렌즈 오염, 레이저 소스 점검",Y
WeldingTest_04_NG,2022-08-03 17:11:30.832,38,30,19.4,38,650,126,1,688.0006063384444,-562.0006063384444,-189.13784448468067,1,1.0,"출력 저하 - 광학계/렌즈 오염, 레이저 소스 점검",Y
WeldingTest_04_NG,2022-08-03 17:11:32.288,39,30,19.4,38,650,127,1,688.0006063384444,-561.0006063384444,-188.80130027777565,1,1.0,"출력 저하 - 광학계/렌즈 오염, 레이저 소스 점검",Y
WeldingTest_04_NG,2022-08-03 17:14:22.542,1,250,241.1,82,1154,1193,1,1679.3760170564362,-486.37601705643624,-61.662849678392554,1,1.0,"출력 저하 - 광학계/렌즈 오염, 레이저 소스 점검",Y
WeldingTest_04_NG,2022-08-03 17:14:25.866,2,250,241.2,83,1670,1220,1,1704.5159551916302,-484.51595519163016,-56.94228754036319,1,1.0,"출력 저하 - 광학계/렌즈 오염, 레이저 소스 점검",Y
WeldingTest_04_NG,2022-08-03 17:14:28.718,3,250,241.1,82,1153,1199,1,1687.0000658542688,-488.00006585426877,-61.86888105431916,1,1.0,"출력 저하 - 광학계/렌즈 오염, 레이저 소스 점검",Y
WeldingTest_04_NG,2022-08-03 17:14:31.942,4,250,241.2,83,1670,1223,1,1708.9999966770276,-485.99999667702764,-57.11696150295788,1,1.0,"출력 저하 - 광학계/렌즈 오염, 레이저 소스 점검",Y
WeldingTest_04_NG,2022-08-03 17:14:34.914,5,250,241.1,82,1154,1202,1,1689.0246460370001,-487.02464603700014,-61.74513656626797,1,1.0,"출력 저하 - 광학계/렌즈 오염, 레이저 소스 점검",Y
WeldingTest_04_NG,2022-08-03 17:14:38.164,6,250,241.2,83,1670,1226,1,1712.029134968304,-486.0291349683041,-57.120391124602946,1,1.0,"출력 저하 - 광학계/렌즈 오염, 레이저 소스 점검",Y
WeldingTest_04_NG,2022-08-03 17:14:44.118,7,250,241.1,82,1153,1201,1,1687.9999985928248,-486.9999985928248,-61.74200972251593,1,1.0,"출력 저하 - 광학계/렌즈 오염, 레이저 소스 점검",Y
WeldingTest_04_NG,2022-08-03 17:14:47.366,8,250,241.2,83,1670,1226,1,1711.9999942256752,-485.9999942256752,-57.116961214429935,1,1.0,"출력 저하 - 광학계/렌즈 오염, 레이저 소스 점검",Y
WeldingTest_04_NG,2022-08-03 17:14:50.204,9,250,241.1,82,1154,1204,1,1692.000000006275,-488.00000000627506,-61.86887270065838,1,1.0,"출력 저하 - 광학계/렌즈 오염, 레이저 소스 점검",Y
WeldingTest_04_NG,2022-08-03 17:14:53.438,10,250,241.2,83,1670,1228,1,1714.011058058723,-486.01105805872294,-57.11826344457575,1,1.0,"출력 저하 - 광학계/렌즈 오염, 레이저 소스 점검",Y
WeldingTest_04_NG,2022-08-03 17:14:56.192,11,250,241.1,82,1154,1207,1,1693.077006948619,-486.0770069486191,-61.62491641923695,1,1.0,"출력 저하 - 광학계/렌즈 오염, 레이저 소스 점검",Y
WeldingTest_04_NG,2022-08-03 17:14:59.494,12,250,241.2,83,1670,1230,1,1716.0000403355489,-486.0000403355489,-57.1169666416329,1,1.0,"출력 저하 - 광학계/렌즈 오염, 레이저 소스 점검",Y
WeldingTest_04_NG,2022-08-03 17:15:04.122,13,30,19.4,38,650,127,1,688.0006063384444,-561.0006063384444,-188.80130027777565,1,1.0,"출력 저하 - 광학계/렌즈 오염, 레이저 소스 점검",Y
WeldingTest_04_NG,2022-08-03 17:15:05.798,14,30,19.4,35,650,126,1,688.0006063384444,-562.0006063384444,-189.13784448468067,1,1.0,"출력 저하 - 광학계/렌즈 오염, 레이저 소스 점검 + 학습에 없는 출력 설정값(SetPower) 확인",Y
WeldingTest_04_NG,2022-08-03 17:15:08.788,15,30,19.4,38,650,127,1,688.0006063384444,-561.0006063384444,-188.80130027777565,1,1.0,"출력 저하 - 광학계/렌즈 오염, 레이저 소스 점검",Y
WeldingTest_04_NG,2022-08-03 17:15:12.146,16,30,19.4,38,650,127,1,688.0006063384444,-561.0006063384444,-188.80130027777565,1,1.0,"출력 저하 - 광학계/렌즈 오염, 레이저 소스 점검",Y
WeldingTest_04_NG,2022-08-03 17:15:13.856,17,30,19.4,38,650,126,1,688.0006063384444,-562.0006063384444,-189.13784448468067,1,1.0,"출력 저하 - 광학계/렌즈 오염, 레이저 소스 점검",Y
WeldingTest_04_NG,2022-08-03 17:15:15.646,18,30,19.4,38,650,126,1,688.0006063384444,-562.0006063384444,-189.13784448468067,1,1.0,"출력 저하 - 광학계/렌즈 오염, 레이저 소스 점검",Y
WeldingTest_04_NG,2022-08-03 17:15:36.520,19,250,241.1,83,1670,1221,1,1707.000103955623,-486.000103955623,-57.11697412981335,1,1.0,"출력 저하 - 광학계/렌즈 오염, 레이저 소스 점검",Y
WeldingTest_04_NG,2022-08-03 17:15:39.158,20,250,241.2,82,1154,1203,1,1689.0001549203207,-486.0001549203207,-61.615166755831396,1,1.0,"출력 저하 - 광학계/렌즈 오염, 레이저 소스 점검",Y
WeldingTest_04_NG,2022-08-03 17:15:42.672,21,250,241.1,83,1670,1226,1,1712.3737369702349,-486.37373697023486,-57.160951309602886,1,1.0,"출력 저하 - 광학계/렌즈 오염, 레이저 소스 점검",Y
WeldingTest_04_NG,2022-08-03 17:15:45.352,22,250,241.2,82,1154,1204,1,1692.099787412438,-488.099787412438,-61.88153201029202,1,1.0,"출력 저하 - 광학계/렌즈 오염, 레이저 소스 점검",Y
WeldingTest_04_NG,2022-08-03 17:15:48.854,23,250,241.1,83,1670,1228,1,1714.000016164169,-486.000016164169,-57.116963796624354,1,1.0,"출력 저하 - 광학계/렌즈 오염, 레이저 소스 점검",Y
WeldingTest_04_NG,2022-08-03 17:15:51.546,24,250,241.2,82,1154,1207,1,1693.9999960126588,-486.9999960126588,-61.74200939518885,1,1.0,"출력 저하 - 광학계/렌즈 오염, 레이저 소스 점검",Y
WeldingTest_04_NG,2022-08-03 17:15:58.333,25,250,241.1,83,1670,1227,1,1712.9966966279746,-485.99669662797464,-57.116573082114854,1,1.0,"출력 저하 - 광학계/렌즈 오염, 레이저 소스 점검",Y
WeldingTest_04_NG,2022-08-03 17:16:00.969,26,250,241.2,82,1154,1207,1,1693.0000140611949,-486.00001406119486,-61.61514888604845,1,1.0,"출력 저하 - 광학계/렌즈 오염, 레이저 소스 점검",Y
WeldingTest_04_NG,2022-08-03 17:16:04.431,27,250,241.1,83,1670,1230,1,1716.0029705464842,-486.0029705464842,-57.117311531961334,1,1.0,"출력 저하 - 광학계/렌즈 오염, 레이저 소스 점검",Y
WeldingTest_04_NG,2022-08-03 17:16:07.037,28,250,241.2,82,1154,1208,1,1694.999985710131,-486.9999857101311,-61.74200808818135,1,1.0,"출력 저하 - 광학계/렌즈 오염, 레이저 소스 점검",Y
WeldingTest_04_NG,2022-08-03 17:16:10.497,29,250,241.1,83,1670,1231,1,1716.999967777064,-485.99996777706406,-57.11695810138777,1,1.0,"출력 저하 - 광학계/렌즈 오염, 레이저 소스 점검",Y
WeldingTest_04_NG,2022-08-03 17:16:13.259,30,250,241.2,82,1154,1209,1,1696.988693652646,-487.9886936526459,-61.86743834499244,1,1.0,"출력 저하 - 광학계/렌즈 오염, 레이저 소스 점검",Y
WeldingTest_04_NG,2022-08-03 17:16:17.785,31,30,19.4,38,650,127,1,688.0006063384444,-561.0006063384444,-188.80130027777565,1,1.0,"출력 저하 - 광학계/렌즈 오염, 레이저 소스 점검",Y
WeldingTest_04_NG,2022-08-03 17:16:19.299,32,30,19.4,38,650,126,1,688.0006063384444,-562.0006063384444,-189.13784448468067,1,1.0,"출력 저하 - 광학계/렌즈 오염, 레이저 소스 점검",Y
WeldingTest_04_NG,2022-08-03 17:16:22.379,33,30,19.4,38,650,127,1,688.0006063384444,-561.0006063384444,-188.80130027777565,1,1.0,"출력 저하 - 광학계/렌즈 오염, 레이저 소스 점검",Y
WeldingTest_04_NG,2022-08-03 17:16:24.121,34,30,19.4,38,650,127,1,688.0006063384444,-561.0006063384444,-188.80130027777565,1,1.0,"출력 저하 - 광학계/렌즈 오염, 레이저 소스 점검",Y
WeldingTest_04_NG,2022-08-03 17:16:27.599,35,30,19.4,38,650,127,1,688.0006063384444,-561.0006063384444,-188.80130027777565,1,1.0,"출력 저하 - 광학계/렌즈 오염, 레이저 소스 점검",Y
WeldingTest_04_NG,2022-08-03 17:16:29.293,36,30,19.4,38,650,127,1,688.0006063384444,-561.0006063384444,-188.80130027777565,1,1.0,"출력 저하 - 광학계/렌즈 오염, 레이저 소스 점검",Y
WeldingTest_04_NG,2022-08-03 17:16:31.031,37,30,19.4,38,650,127,1,688.0006063384444,-561.0006063384444,-188.80130027777565,1,1.0,"출력 저하 - 광학계/렌즈 오염, 레이저 소스 점검",Y
WeldingTest_04_NG,2022-08-03 17:16:34.031,38,30,19.4,38,650,127,1,688.0006063384444,-561.0006063384444,-188.80130027777565,1,1.0,"출력 저하 - 광학계/렌즈 오염, 레이저 소스 점검",Y
WeldingTest_04_NG,2022-08-03 17:16:35.485,39,30,19.4,38,650,127,1,688.0006063384444,-561.0006063384444,-188.80130027777565,1,1.0,"출력 저하 - 광학계/렌즈 오염, 레이저 소스 점검",Y
WeldingTest_04_NG,2022-08-03 17:26:55.044,1,250,241.1,82,1154,1192,1,1679.3760170564362,-487.37601705643624,-61.78971247722075,1,1.0,"출력 저하 - 광학계/렌즈 오염, 레이저 소스 점검",Y
WeldingTest_04_NG,2022-08-03 17:26:58.334,2,250,241.2,83,1670,1218,1,1704.5159551916302,-486.51595519163016,-57.17769061273472,1,1.0,"출력 저하 - 광학계/렌즈 오염, 레이저 소스 점검",Y
WeldingTest_04_NG,2022-08-03 17:27:01.218,3,250,241.1,82,1153,1199,1,1687.0000658542688,-488.00006585426877,-61.86888105431916,1,1.0,"출력 저하 - 광학계/렌즈 오염, 레이저 소스 점검",Y
WeldingTest_04_NG,2022-08-03 17:27:04.446,4,250,241.2,83,1670,1222,1,1708.9999966770276,-486.99999667702764,-57.23466303914365,1,1.0,"출력 저하 - 광학계/렌즈 오염, 레이저 소스 점검",Y
WeldingTest_04_NG,2022-08-03 17:27:07.302,5,250,241.1,82,1154,1202,1,1689.0246460370001,-487.02464603700014,-61.74513656626797,1,1.0,"출력 저하 - 광학계/렌즈 오염, 레이저 소스 점검",Y
WeldingTest_04_NG,2022-08-03 17:27:10.578,6,250,241.2,83,1670,1226,1,1712.029134968304,-486.0291349683041,-57.120391124602946,1,1.0,"출력 저하 - 광학계/렌즈 오염, 레이저 소스 점검",Y
WeldingTest_04_NG,2022-08-03 17:27:16.662,7,250,241.1,82,1153,1201,1,1687.9999985928248,-486.9999985928248,-61.74200972251593,1,1.0,"출력 저하 - 광학계/렌즈 오염, 레이저 소스 점검",Y
WeldingTest_04_NG,2022-08-03 17:27:19.976,8,250,241.2,83,1670,1226,1,1711.9999942256752,-485.9999942256752,-57.116961214429935,1,1.0,"출력 저하 - 광학계/렌즈 오염, 레이저 소스 점검",Y
WeldingTest_04_NG,2022-08-03 17:27:22.768,9,250,241.1,82,1154,1204,1,1692.000000006275,-488.00000000627506,-61.86887270065838,1,1.0,"출력 저하 - 광학계/렌즈 오염, 레이저 소스 점검",Y
WeldingTest_04_NG,2022-08-03 17:27:26.016,10,250,241.2,83,1670,1228,1,1714.011058058723,-486.01105805872294,-57.11826344457575,1,1.0,"출력 저하 - 광학계/렌즈 오염, 레이저 소스 점검",Y
WeldingTest_04_NG,2022-08-03 17:27:28.786,11,250,241.1,82,1154,1206,1,1693.077006948619,-487.0770069486191,-61.75177921806515,1,1.0,"출력 저하 - 광학계/렌즈 오염, 레이저 소스 점검",Y
WeldingTest_04_NG,2022-08-03 17:27:32.164,12,250,241.2,83,1670,1230,1,1716.0000403355489,-486.0000403355489,-57.1169666416329,1,1.0,"출력 저하 - 광학계/렌즈 오염, 레이저 소스 점검",Y
WeldingTest_04_NG,2022-08-03 17:27:37.028,13,30,19.4,38,650,127,1,688.0006063384444,-561.0006063384444,-188.80130027777565,1,1.0,"출력 저하 - 광학계/렌즈 오염, 레이저 소스 점검",Y
WeldingTest_04_NG,2022-08-03 17:27:38.702,14,30,19.4,35,650,126,1,688.0006063384444,-562.0006063384444,-189.13784448468067,1,1.0,"출력 저하 - 광학계/렌즈 오염, 레이저 소스 점검 + 학습에 없는 출력 설정값(SetPower) 확인",Y
WeldingTest_04_NG,2022-08-03 17:27:41.612,15,30,19.4,38,650,127,1,688.0006063384444,-561.0006063384444,-188.80130027777565,1,1.0,"출력 저하 - 광학계/렌즈 오염, 레이저 소스 점검",Y
WeldingTest_04_NG,2022-08-03 17:27:45.048,16,30,19.4,38,650,126,1,688.0006063384444,-562.0006063384444,-189.13784448468067,1,1.0,"출력 저하 - 광학계/렌즈 오염, 레이저 소스 점검",Y
WeldingTest_04_NG,2022-08-03 17:27:46.826,17,30,19.4,38,650,126,1,688.0006063384444,-562.0006063384444,-189.13784448468067,1,1.0,"출력 저하 - 광학계/렌즈 오염, 레이저 소스 점검",Y
WeldingTest_04_NG,2022-08-03 17:27:48.544,18,30,19.4,38,650,126,1,688.0006063384444,-562.0006063384444,-189.13784448468067,1,1.0,"출력 저하 - 광학계/렌즈 오염, 레이저 소스 점검",Y
WeldingTest_04_NG,2022-08-03 17:28:09.724,19,250,241.1,83,1670,1221,1,1707.000103955623,-486.000103955623,-57.11697412981335,1,1.0,"출력 저하 - 광학계/렌즈 오염, 레이저 소스 점검",Y
WeldingTest_04_NG,2022-08-03 17:28:12.286,20,250,241.2,82,1154,1202,1,1689.0001549203207,-487.0001549203207,-61.742029554659595,1,1.0,"출력 저하 - 광학계/렌즈 오염, 레이저 소스 점검",Y
WeldingTest_04_NG,2022-08-03 17:28:15.740,21,250,241.1,83,1670,1226,1,1712.3737369702349,-486.37373697023486,-57.160951309602886,1,1.0,"출력 저하 - 광학계/렌즈 오염, 레이저 소스 점검",Y
WeldingTest_04_NG,2022-08-03 17:28:18.402,22,250,241.2,82,1154,1206,1,1692.099787412438,-486.099787412438,-61.62780641263562,1,1.0,"출력 저하 - 광학계/렌즈 오염, 레이저 소스 점검",Y
WeldingTest_04_NG,2022-08-03 17:28:21.876,23,250,241.1,83,1670,1228,1,1714.000016164169,-486.000016164169,-57.116963796624354,1,1.0,"출력 저하 - 광학계/렌즈 오염, 레이저 소스 점검",Y
WeldingTest_04_NG,2022-08-03 17:28:24.554,24,250,241.2,82,1154,1207,1,1693.9999960126588,-486.9999960126588,-61.74200939518885,1,1.0,"출력 저하 - 광학계/렌즈 오염, 레이저 소스 점검",Y
WeldingTest_04_NG,2022-08-03 17:28:31.222,25,250,241.1,83,1670,1227,1,1712.9966966279746,-485.99669662797464,-57.116573082114854,1,1.0,"출력 저하 - 광학계/렌즈 오염, 레이저 소스 점검",Y
WeldingTest_04_NG,2022-08-03 17:28:33.824,26,250,241.2,82,1154,1206,1,1693.0000140611949,-487.00001406119486,-61.742011684876644,1,1.0,"출력 저하 - 광학계/렌즈 오염, 레이저 소스 점검",Y
WeldingTest_04_NG,2022-08-03 17:28:37.366,27,250,241.1,83,1670,1230,1,1716.0029705464842,-486.0029705464842,-57.117311531961334,1,1.0,"출력 저하 - 광학계/렌즈 오염, 레이저 소스 점검",Y
WeldingTest_04_NG,2022-08-03 17:28:40.108,28,250,241.2,82,1154,1208,1,1694.999985710131,-486.9999857101311,-61.74200808818135,1,1.0,"출력 저하 - 광학계/렌즈 오염, 레이저 소스 점검",Y
WeldingTest_04_NG,2022-08-03 17:28:43.624,29,250,241.1,83,1670,1231,1,1716.999967777064,-485.99996777706406,-57.11695810138777,1,1.0,"출력 저하 - 광학계/렌즈 오염, 레이저 소스 점검",Y
WeldingTest_04_NG,2022-08-03 17:28:46.318,30,250,241.2,82,1154,1208,1,1696.988693652646,-488.9886936526459,-61.99430114382064,1,1.0,"출력 저하 - 광학계/렌즈 오염, 레이저 소스 점검",Y
WeldingTest_04_NG,2022-08-03 17:28:50.942,31,30,19.4,38,650,197,1,688.0006063384444,-491.0006063384444,-165.24320579442428,1,1.0,"출력 저하 - 광학계/렌즈 오염, 레이저 소스 점검",Y
WeldingTest_04_NG,2022-08-03 17:28:52.508,32,30,19.4,38,650,196,1,688.0006063384444,-492.0006063384444,-165.5797500013293,1,1.0,"출력 저하 - 광학계/렌즈 오염, 레이저 소스 점검",Y
WeldingTest_04_NG,2022-08-03 17:28:55.564,33,30,19.4,38,650,127,1,688.0006063384444,-561.0006063384444,-188.80130027777565,1,1.0,"출력 저하 - 광학계/렌즈 오염, 레이저 소스 점검",Y
WeldingTest_04_NG,2022-08-03 17:28:57.346,34,30,19.4,38,650,126,1,688.0006063384444,-562.0006063384444,-189.13784448468067,1,1.0,"출력 저하 - 광학계/렌즈 오염, 레이저 소스 점검",Y
WeldingTest_04_NG,2022-08-03 17:29:00.890,35,30,19.4,38,650,127,1,688.0006063384444,-561.0006063384444,-188.80130027777565,1,1.0,"출력 저하 - 광학계/렌즈 오염, 레이저 소스 점검",Y
WeldingTest_04_NG,2022-08-03 17:29:02.596,36,30,19.4,38,650,127,1,688.0006063384444,-561.0006063384444,-188.80130027777565,1,1.0,"출력 저하 - 광학계/렌즈 오염, 레이저 소스 점검",Y
WeldingTest_04_NG,2022-08-03 17:29:04.310,37,30,19.4,38,650,127,1,688.0006063384444,-561.0006063384444,-188.80130027777565,1,1.0,"출력 저하 - 광학계/렌즈 오염, 레이저 소스 점검",Y
WeldingTest_04_NG,2022-08-03 17:29:07.312,38,30,19.4,38,650,127,1,688.0006063384444,-561.0006063384444,-188.80130027777565,1,1.0,"출력 저하 - 광학계/렌즈 오염, 레이저 소스 점검",Y
WeldingTest_04_NG,2022-08-03 17:29:08.820,39,30,19.4,38,650,127,1,688.0006063384444,-561.0006063384444,-188.80130027777565,1,1.0,"출력 저하 - 광학계/렌즈 오염, 레이저 소스 점검",Y
WeldingTest_04_NG,2022-08-03 17:31:11.341,1,250,241.1,82,1154,126,1,1679.3760170564362,-1553.3760170564362,-197.02545602807993,1,1.0,"출력 저하 - 광학계/렌즈 오염, 레이저 소스 점검",Y
WeldingTest_04_NG,2022-08-03 17:31:14.599,2,250,241.2,83,1670,126,1,1704.5159551916302,-1578.5159551916302,-185.70776812759271,1,1.0,"출력 저하 - 광학계/렌즈 오염, 레이저 소스 점검",Y
WeldingTest_04_NG,2022-08-03 17:31:17.397,3,250,241.1,82,1153,1201,1,1687.0000658542688,-486.00006585426877,-61.61515545666276,1,1.0,"출력 저하 - 광학계/렌즈 오염, 레이저 소스 점검",Y
WeldingTest_04_NG,2022-08-03 17:31:20.603,4,250,241.2,83,1670,1225,1,1708.9999966770276,-483.99999667702764,-56.881558430586345,1,1.0,"출력 저하 - 광학계/렌즈 오염, 레이저 소스 점검",Y
WeldingTest_04_NG,2022-08-03 17:31:23.383,5,250,241.1,82,1154,1203,1,1689.0246460370001,-486.02464603700014,-61.618273767439774,1,1.0,"출력 저하 - 광학계/렌즈 오염, 레이저 소스 점검",Y
WeldingTest_04_NG,2022-08-03 17:31:26.625,6,250,241.2,83,1670,1227,1,1712.029134968304,-485.0291349683041,-57.002689588417184,1,1.0,"출력 저하 - 광학계/렌즈 오염, 레이저 소스 점검",Y
WeldingTest_04_NG,2022-08-03 17:31:32.611,7,250,241.1,82,1153,1202,1,1687.9999985928248,-485.9999985928248,-61.61514692368773,1,1.0,"출력 저하 - 광학계/렌즈 오염, 레이저 소스 점검",Y
WeldingTest_04_NG,2022-08-03 17:31:35.841,8,250,241.2,83,1670,1227,1,1711.9999942256752,-484.9999942256752,-56.999259678244165,1,1.0,"출력 저하 - 광학계/렌즈 오염, 레이저 소스 점검",Y
WeldingTest_04_NG,2022-08-03 17:31:38.705,9,250,241.1,82,1154,1206,1,1692.000000006275,-486.00000000627506,-61.61514710300199,1,1.0,"출력 저하 - 광학계/렌즈 오염, 레이저 소스 점검",Y
WeldingTest_04_NG,2022-08-03 17:31:41.971,10,250,241.2,83,1670,1230,1,1714.011058058723,-484.01105805872294,-56.88286037220422,1,1.0,"출력 저하 - 광학계/렌즈 오염, 레이저 소스 점검",Y
WeldingTest_04_NG,2022-08-03 17:31:44.769,11,250,241.1,82,1154,1207,1,1693.077006948619,-486.0770069486191,-61.62491641923695,1,1.0,"출력 저하 - 광학계/렌즈 오염, 레이저 소스 점검",Y
WeldingTest_04_NG,2022-08-03 17:31:48.121,12,250,241.2,83,1670,1231,1,1716.0000403355489,-485.0000403355489,-56.99926510544713,1,1.0,"출력 저하 - 광학계/렌즈 오염, 레이저 소스 점검",Y
WeldingTest_04_NG,2022-08-03 17:31:52.917,13,30,19.4,38,650,127,1,688.0006063384444,-561.0006063384444,-188.80130027777565,1,1.0,"출력 저하 - 광학계/렌즈 오염, 레이저 소스 점검",Y
WeldingTest_04_NG,2022-08-03 17:31:54.575,14,30,19.4,35,650,127,1,688.0006063384444,-561.0006063384444,-188.80130027777565,1,1.0,"출력 저하 - 광학계/렌즈 오염, 레이저 소스 점검 + 학습에 없는 출력 설정값(SetPower) 확인",Y
WeldingTest_04_NG,2022-08-03 17:31:57.533,15,30,19.4,38,650,127,1,688.0006063384444,-561.0006063384444,-188.80130027777565,1,1.0,"출력 저하 - 광학계/렌즈 오염, 레이저 소스 점검",Y
WeldingTest_04_NG,2022-08-03 17:32:00.871,16,30,19.4,38,650,127,1,688.0006063384444,-561.0006063384444,-188.80130027777565,1,1.0,"출력 저하 - 광학계/렌즈 오염, 레이저 소스 점검",Y
WeldingTest_04_NG,2022-08-03 17:32:02.567,17,30,19.4,38,650,127,1,688.0006063384444,-561.0006063384444,-188.80130027777565,1,1.0,"출력 저하 - 광학계/렌즈 오염, 레이저 소스 점검",Y
WeldingTest_04_NG,2022-08-03 17:32:04.301,18,30,19.4,38,650,127,1,688.0006063384444,-561.0006063384444,-188.80130027777565,1,1.0,"출력 저하 - 광학계/렌즈 오염, 레이저 소스 점검",Y
WeldingTest_04_NG,2022-08-03 17:32:25.211,19,250,241.1,83,1670,1221,1,1707.000103955623,-486.000103955623,-57.11697412981335,1,1.0,"출력 저하 - 광학계/렌즈 오염, 레이저 소스 점검",Y
WeldingTest_04_NG,2022-08-03 17:32:27.781,20,250,241.2,82,1154,1203,1,1689.0001549203207,-486.0001549203207,-61.615166755831396,1,1.0,"출력 저하 - 광학계/렌즈 오염, 레이저 소스 점검",Y
WeldingTest_04_NG,2022-08-03 17:32:31.245,21,250,241.1,83,1670,1227,1,1712.3737369702349,-485.37373697023486,-57.04324977341712,1,1.0,"출력 저하 - 광학계/렌즈 오염, 레이저 소스 점검",Y
WeldingTest_04_NG,2022-08-03 17:32:33.891,22,250,241.2,82,1154,1206,1,1692.099787412438,-486.099787412438,-61.62780641263562,1,1.0,"출력 저하 - 광학계/렌즈 오염, 레이저 소스 점검",Y
WeldingTest_04_NG,2022-08-03 17:32:37.345,23,250,241.1,83,1670,1230,1,1714.000016164169,-484.000016164169,-56.881560724252815,1,1.0,"출력 저하 - 광학계/렌즈 오염, 레이저 소스 점검",Y
WeldingTest_04_NG,2022-08-03 17:32:40.167,24,250,241.2,82,1154,1207,1,1693.9999960126588,-486.9999960126588,-61.74200939518885,1,1.0,"출력 저하 - 광학계/렌즈 오염, 레이저 소스 점검",Y
WeldingTest_04_NG,2022-08-03 17:32:46.909,25,250,241.1,83,1670,1227,1,1712.9966966279746,-485.99669662797464,-57.116573082114854,1,1.0,"출력 저하 - 광학계/렌즈 오염, 레이저 소스 점검",Y
WeldingTest_04_NG,2022-08-03 17:32:49.647,26,250,241.2,82,1154,1206,1,1693.0000140611949,-487.00001406119486,-61.742011684876644,1,1.0,"출력 저하 - 광학계/렌즈 오염, 레이저 소스 점검",Y
WeldingTest_04_NG,2022-08-03 17:32:53.127,27,250,241.1,83,1670,1231,1,1716.0029705464842,-485.0029705464842,-56.999609995775565,1,1.0,"출력 저하 - 광학계/렌즈 오염, 레이저 소스 점검",Y
WeldingTest_04_NG,2022-08-03 17:32:55.711,28,250,241.2,82,1154,1208,1,1694.999985710131,-486.9999857101311,-61.74200808818135,1,1.0,"출력 저하 - 광학계/렌즈 오염, 레이저 소스 점검",Y
WeldingTest_04_NG,2022-08-03 17:32:59.181,29,250,241.1,83,1670,1232,1,1716.999967777064,-484.99996777706406,-56.999256565202,1,1.0,"출력 저하 - 광학계/렌즈 오염, 레이저 소스 점검",Y
WeldingTest_04_NG,2022-08-03 17:33:01.787,30,250,241.2,82,1154,1209,1,1696.988693652646,-487.9886936526459,-61.86743834499244,1,1.0,"출력 저하 - 광학계/렌즈 오염, 레이저 소스 점검",Y
WeldingTest_04_NG,2022-08-03 17:33:06.677,31,30,19.4,38,650,127,1,688.0006063384444,-561.0006063384444,-188.80130027777565,1,1.0,"출력 저하 - 광학계/렌즈 오염, 레이저 소스 점검",Y
WeldingTest_04_NG,2022-08-03 17:33:08.189,32,30,19.4,38,650,126,1,688.0006063384444,-562.0006063384444,-189.13784448468067,1,1.0,"출력 저하 - 광학계/렌즈 오염, 레이저 소스 점검",Y
WeldingTest_04_NG,2022-08-03 17:33:11.255,33,30,19.4,38,650,127,1,688.0006063384444,-561.0006063384444,-188.80130027777565,1,1.0,"출력 저하 - 광학계/렌즈 오염, 레이저 소스 점검",Y
WeldingTest_04_NG,2022-08-03 17:33:13.009,34,30,19.4,38,650,126,1,688.0006063384444,-562.0006063384444,-189.13784448468067,1,1.0,"출력 저하 - 광학계/렌즈 오염, 레이저 소스 점검",Y
WeldingTest_04_NG,2022-08-03 17:33:16.487,35,30,19.4,38,650,127,1,688.0006063384444,-561.0006063384444,-188.80130027777565,1,1.0,"출력 저하 - 광학계/렌즈 오염, 레이저 소스 점검",Y
WeldingTest_04_NG,2022-08-03 17:33:18.175,36,30,19.4,38,650,127,1,688.0006063384444,-561.0006063384444,-188.80130027777565,1,1.0,"출력 저하 - 광학계/렌즈 오염, 레이저 소스 점검",Y
WeldingTest_04_NG,2022-08-03 17:33:19.885,37,30,19.4,38,650,127,1,688.0006063384444,-561.0006063384444,-188.80130027777565,1,1.0,"출력 저하 - 광학계/렌즈 오염, 레이저 소스 점검",Y
WeldingTest_04_NG,2022-08-03 17:33:22.871,38,30,19.4,38,650,127,1,688.0006063384444,-561.0006063384444,-188.80130027777565,1,1.0,"출력 저하 - 광학계/렌즈 오염, 레이저 소스 점검",Y
WeldingTest_04_NG,2022-08-03 17:33:24.391,39,30,19.4,38,650,127,1,688.0006063384444,-561.0006063384444,-188.80130027777565,1,1.0,"출력 저하 - 광학계/렌즈 오염, 레이저 소스 점검",Y
WeldingTest_04_NG,2022-08-03 17:40:33.022,1,250,241.1,82,1154,1192,1,1679.3760170564362,-487.37601705643624,-61.78971247722075,1,1.0,"출력 저하 - 광학계/렌즈 오염, 레이저 소스 점검",Y
WeldingTest_04_NG,2022-08-03 17:40:36.250,2,250,241.2,83,1670,1218,1,1704.5159551916302,-486.51595519163016,-57.17769061273472,1,1.0,"출력 저하 - 광학계/렌즈 오염, 레이저 소스 점검",Y
WeldingTest_04_NG,2022-08-03 17:40:39.080,3,250,241.1,82,1153,1199,1,1687.0000658542688,-488.00006585426877,-61.86888105431916,1,1.0,"출력 저하 - 광학계/렌즈 오염, 레이저 소스 점검",Y
WeldingTest_04_NG,2022-08-03 17:40:42.372,4,250,241.2,83,1670,1223,1,1708.9999966770276,-485.99999667702764,-57.11696150295788,1,1.0,"출력 저하 - 광학계/렌즈 오염, 레이저 소스 점검",Y
WeldingTest_04_NG,2022-08-03 17:40:45.206,5,250,241.1,82,1154,1202,1,1689.0246460370001,-487.02464603700014,-61.74513656626797,1,1.0,"출력 저하 - 광학계/렌즈 오염, 레이저 소스 점검",Y
WeldingTest_04_NG,2022-08-03 17:40:48.396,6,250,241.2,83,1670,1226,1,1712.029134968304,-486.0291349683041,-57.120391124602946,1,1.0,"출력 저하 - 광학계/렌즈 오염, 레이저 소스 점검",Y
WeldingTest_04_NG,2022-08-03 17:40:54.438,7,250,241.1,82,1153,1201,1,1687.9999985928248,-486.9999985928248,-61.74200972251593,1,1.0,"출력 저하 - 광학계/렌즈 오염, 레이저 소스 점검",Y
WeldingTest_04_NG,2022-08-03 17:40:57.720,8,250,241.2,83,1670,1226,1,1711.9999942256752,-485.9999942256752,-57.116961214429935,1,1.0,"출력 저하 - 광학계/렌즈 오염, 레이저 소스 점검",Y
WeldingTest_04_NG,2022-08-03 17:41:00.578,9,250,241.1,82,1154,1204,1,1692.000000006275,-488.00000000627506,-61.86887270065838,1,1.0,"출력 저하 - 광학계/렌즈 오염, 레이저 소스 점검",Y
WeldingTest_04_NG,2022-08-03 17:41:03.924,10,250,241.2,83,1670,1228,1,1714.011058058723,-486.01105805872294,-57.11826344457575,1,1.0,"출력 저하 - 광학계/렌즈 오염, 레이저 소스 점검",Y
WeldingTest_04_NG,2022-08-03 17:41:06.812,11,250,241.1,82,1154,1206,1,1693.077006948619,-487.0770069486191,-61.75177921806515,1,1.0,"출력 저하 - 광학계/렌즈 오염, 레이저 소스 점검",Y
WeldingTest_04_NG,2022-08-03 17:41:10.034,12,250,241.2,83,1670,1230,1,1716.0000403355489,-486.0000403355489,-57.1169666416329,1,1.0,"출력 저하 - 광학계/렌즈 오염, 레이저 소스 점검",Y
WeldingTest_04_NG,2022-08-03 17:41:14.932,13,30,19.4,38,650,197,1,688.0006063384444,-491.0006063384444,-165.24320579442428,1,1.0,"출력 저하 - 광학계/렌즈 오염, 레이저 소스 점검",Y
WeldingTest_04_NG,2022-08-03 17:41:16.704,14,30,19.4,35,650,196,1,688.0006063384444,-492.0006063384444,-165.5797500013293,1,1.0,"출력 저하 - 광학계/렌즈 오염, 레이저 소스 점검 + 학습에 없는 출력 설정값(SetPower) 확인",Y
WeldingTest_04_NG,2022-08-03 17:41:19.648,15,30,19.4,38,650,197,1,688.0006063384444,-491.0006063384444,-165.24320579442428,1,1.0,"출력 저하 - 광학계/렌즈 오염, 레이저 소스 점검",Y
WeldingTest_04_NG,2022-08-03 17:41:23.024,16,30,19.4,38,650,196,1,688.0006063384444,-492.0006063384444,-165.5797500013293,1,1.0,"출력 저하 - 광학계/렌즈 오염, 레이저 소스 점검",Y
WeldingTest_04_NG,2022-08-03 17:41:24.804,17,30,19.4,38,650,196,1,688.0006063384444,-492.0006063384444,-165.5797500013293,1,1.0,"출력 저하 - 광학계/렌즈 오염, 레이저 소스 점검",Y
WeldingTest_04_NG,2022-08-03 17:41:26.496,18,30,19.4,38,650,196,1,688.0006063384444,-492.0006063384444,-165.5797500013293,1,1.0,"출력 저하 - 광학계/렌즈 오염, 레이저 소스 점검",Y
WeldingTest_04_NG,2022-08-03 17:41:47.510,19,250,241.1,83,1670,1221,1,1707.000103955623,-486.000103955623,-57.11697412981335,1,1.0,"출력 저하 - 광학계/렌즈 오염, 레이저 소스 점검",Y
WeldingTest_04_NG,2022-08-03 17:41:50.116,20,250,241.2,82,1154,1202,1,1689.0001549203207,-487.0001549203207,-61.742029554659595,1,1.0,"출력 저하 - 광학계/렌즈 오염, 레이저 소스 점검",Y
WeldingTest_04_NG,2022-08-03 17:41:53.590,21,250,241.1,83,1670,1226,1,1712.3737369702349,-486.37373697023486,-57.160951309602886,1,1.0,"출력 저하 - 광학계/렌즈 오염, 레이저 소스 점검",Y
WeldingTest_04_NG,2022-08-03 17:41:56.206,22,250,241.2,82,1154,1206,1,1692.099787412438,-486.099787412438,-61.62780641263562,1,1.0,"출력 저하 - 광학계/렌즈 오염, 레이저 소스 점검",Y
WeldingTest_04_NG,2022-08-03 17:41:59.626,23,250,241.1,83,1670,1230,1,1714.000016164169,-484.000016164169,-56.881560724252815,1,1.0,"출력 저하 - 광학계/렌즈 오염, 레이저 소스 점검",Y
WeldingTest_04_NG,2022-08-03 17:42:02.182,24,250,241.2,82,1154,1207,1,1693.9999960126588,-486.9999960126588,-61.74200939518885,1,1.0,"출력 저하 - 광학계/렌즈 오염, 레이저 소스 점검",Y
WeldingTest_04_NG,2022-08-03 17:42:08.900,25,250,241.1,83,1670,1227,1,1712.9966966279746,-485.99669662797464,-57.116573082114854,1,1.0,"출력 저하 - 광학계/렌즈 오염, 레이저 소스 점검",Y
WeldingTest_04_NG,2022-08-03 17:42:11.544,26,250,241.2,82,1154,1206,1,1693.0000140611949,-487.00001406119486,-61.742011684876644,1,1.0,"출력 저하 - 광학계/렌즈 오염, 레이저 소스 점검",Y
WeldingTest_04_NG,2022-08-03 17:42:15.046,27,250,241.1,83,1670,1230,1,1716.0029705464842,-486.0029705464842,-57.117311531961334,1,1.0,"출력 저하 - 광학계/렌즈 오염, 레이저 소스 점검",Y
WeldingTest_04_NG,2022-08-03 17:42:17.694,28,250,241.2,82,1154,1208,1,1694.999985710131,-486.9999857101311,-61.74200808818135,1,1.0,"출력 저하 - 광학계/렌즈 오염, 레이저 소스 점검",Y
WeldingTest_04_NG,2022-08-03 17:42:21.194,29,250,241.1,83,1670,1231,1,1716.999967777064,-485.99996777706406,-57.11695810138777,1,1.0,"출력 저하 - 광학계/렌즈 오염, 레이저 소스 점검",Y
WeldingTest_04_NG,2022-08-03 17:42:23.886,30,250,241.2,82,1154,1209,1,1696.988693652646,-487.9886936526459,-61.86743834499244,1,1.0,"출력 저하 - 광학계/렌즈 오염, 레이저 소스 점검",Y
WeldingTest_04_NG,2022-08-03 17:42:28.738,31,30,19.4,38,650,127,1,688.0006063384444,-561.0006063384444,-188.80130027777565,1,1.0,"출력 저하 - 광학계/렌즈 오염, 레이저 소스 점검",Y
WeldingTest_04_NG,2022-08-03 17:42:30.288,32,30,19.4,38,650,127,1,688.0006063384444,-561.0006063384444,-188.80130027777565,1,1.0,"출력 저하 - 광학계/렌즈 오염, 레이저 소스 점검",Y
WeldingTest_04_NG,2022-08-03 17:42:33.372,33,30,19.4,38,650,126,1,688.0006063384444,-562.0006063384444,-189.13784448468067,1,1.0,"출력 저하 - 광학계/렌즈 오염, 레이저 소스 점검",Y
WeldingTest_04_NG,2022-08-03 17:42:35.128,34,30,19.4,38,650,126,1,688.0006063384444,-562.0006063384444,-189.13784448468067,1,1.0,"출력 저하 - 광학계/렌즈 오염, 레이저 소스 점검",Y
WeldingTest_04_NG,2022-08-03 17:42:38.636,35,30,19.4,38,650,127,1,688.0006063384444,-561.0006063384444,-188.80130027777565,1,1.0,"출력 저하 - 광학계/렌즈 오염, 레이저 소스 점검",Y
WeldingTest_04_NG,2022-08-03 17:42:40.364,36,30,19.4,38,650,127,1,688.0006063384444,-561.0006063384444,-188.80130027777565,1,1.0,"출력 저하 - 광학계/렌즈 오염, 레이저 소스 점검",Y
WeldingTest_04_NG,2022-08-03 17:42:42.102,37,30,19.4,38,650,127,1,688.0006063384444,-561.0006063384444,-188.80130027777565,1,1.0,"출력 저하 - 광학계/렌즈 오염, 레이저 소스 점검",Y
WeldingTest_04_NG,2022-08-03 17:42:45.088,38,30,19.4,38,650,127,1,688.0006063384444,-561.0006063384444,-188.80130027777565,1,1.0,"출력 저하 - 광학계/렌즈 오염, 레이저 소스 점검",Y
WeldingTest_04_NG,2022-08-03 17:42:46.582,39,30,19.4,38,650,127,1,688.0006063384444,-561.0006063384444,-188.80130027777565,1,1.0,"출력 저하 - 광학계/렌즈 오염, 레이저 소스 점검",Y
WeldingTest_04_NG,2022-08-03 17:44:48.443,1,250,241.1,82,1154,1193,1,1679.3760170564362,-486.37601705643624,-61.662849678392554,1,1.0,"출력 저하 - 광학계/렌즈 오염, 레이저 소스 점검",Y
WeldingTest_04_NG,2022-08-03 17:44:51.715,2,250,241.2,83,1670,1220,1,1704.5159551916302,-484.51595519163016,-56.94228754036319,1,1.0,"출력 저하 - 광학계/렌즈 오염, 레이저 소스 점검",Y
WeldingTest_04_NG,2022-08-03 17:44:54.581,3,250,241.1,82,1153,1201,1,1687.0000658542688,-486.00006585426877,-61.61515545666276,1,1.0,"출력 저하 - 광학계/렌즈 오염, 레이저 소스 점검",Y
WeldingTest_04_NG,2022-08-03 17:44:57.775,4,250,241.2,83,1670,1225,1,1708.9999966770276,-483.99999667702764,-56.881558430586345,1,1.0,"출력 저하 - 광학계/렌즈 오염, 레이저 소스 점검",Y
WeldingTest_04_NG,2022-08-03 17:45:00.571,5,250,241.1,82,1154,1203,1,1689.0246460370001,-486.02464603700014,-61.618273767439774,1,1.0,"출력 저하 - 광학계/렌즈 오염, 레이저 소스 점검",Y
WeldingTest_04_NG,2022-08-03 17:45:03.841,6,250,241.2,83,1670,1227,1,1712.029134968304,-485.0291349683041,-57.002689588417184,1,1.0,"출력 저하 - 광학계/렌즈 오염, 레이저 소스 점검",Y
WeldingTest_04_NG,2022-08-03 17:45:09.851,7,250,241.1,82,1153,1202,1,1687.9999985928248,-485.9999985928248,-61.61514692368773,1,1.0,"출력 저하 - 광학계/렌즈 오염, 레이저 소스 점검",Y
WeldingTest_04_NG,2022-08-03 17:45:13.221,8,250,241.2,83,1670,1227,1,1711.9999942256752,-484.9999942256752,-56.999259678244165,1,1.0,"출력 저하 - 광학계/렌즈 오염, 레이저 소스 점검",Y
WeldingTest_04_NG,2022-08-03 17:45:16.077,9,250,241.1,82,1154,1204,1,1692.000000006275,-488.00000000627506,-61.86887270065838,1,1.0,"출력 저하 - 광학계/렌즈 오염, 레이저 소스 점검",Y
WeldingTest_04_NG,2022-08-03 17:45:19.349,10,250,241.2,83,1670,1230,1,1714.011058058723,-484.01105805872294,-56.88286037220422,1,1.0,"출력 저하 - 광학계/렌즈 오염, 레이저 소스 점검",Y
WeldingTest_04_NG,2022-08-03 17:45:22.181,11,250,241.1,82,1154,1207,1,1693.077006948619,-486.0770069486191,-61.62491641923695,1,1.0,"출력 저하 - 광학계/렌즈 오염, 레이저 소스 점검",Y
WeldingTest_04_NG,2022-08-03 17:45:25.413,12,250,241.2,83,1670,1231,1,1716.0000403355489,-485.0000403355489,-56.99926510544713,1,1.0,"출력 저하 - 광학계/렌즈 오염, 레이저 소스 점검",Y
WeldingTest_04_NG,2022-08-03 17:45:30.275,13,30,19.4,38,650,127,1,688.0006063384444,-561.0006063384444,-188.80130027777565,1,1.0,"출력 저하 - 광학계/렌즈 오염, 레이저 소스 점검",Y
WeldingTest_04_NG,2022-08-03 17:45:32.015,14,30,19.4,35,650,127,1,688.0006063384444,-561.0006063384444,-188.80130027777565,1,1.0,"출력 저하 - 광학계/렌즈 오염, 레이저 소스 점검 + 학습에 없는 출력 설정값(SetPower) 확인",Y
WeldingTest_04_NG,2022-08-03 17:45:35.025,15,30,19.4,38,650,127,1,688.0006063384444,-561.0006063384444,-188.80130027777565,1,1.0,"출력 저하 - 광학계/렌즈 오염, 레이저 소스 점검",Y
WeldingTest_04_NG,2022-08-03 17:45:38.413,16,30,19.4,38,650,127,1,688.0006063384444,-561.0006063384444,-188.80130027777565,1,1.0,"출력 저하 - 광학계/렌즈 오염, 레이저 소스 점검",Y
WeldingTest_04_NG,2022-08-03 17:45:40.123,17,30,19.4,38,650,127,1,688.0006063384444,-561.0006063384444,-188.80130027777565,1,1.0,"출력 저하 - 광학계/렌즈 오염, 레이저 소스 점검",Y
WeldingTest_04_NG,2022-08-03 17:45:41.879,18,30,19.4,38,650,127,1,688.0006063384444,-561.0006063384444,-188.80130027777565,1,1.0,"출력 저하 - 광학계/렌즈 오염, 레이저 소스 점검",Y
WeldingTest_04_NG,2022-08-03 17:46:03.431,19,250,241.1,83,1670,1221,1,1707.000103955623,-486.000103955623,-57.11697412981335,1,1.0,"출력 저하 - 광학계/렌즈 오염, 레이저 소스 점검",Y
WeldingTest_04_NG,2022-08-03 17:46:06.069,20,250,241.2,82,1154,1202,1,1689.0001549203207,-487.0001549203207,-61.742029554659595,1,1.0,"출력 저하 - 광학계/렌즈 오염, 레이저 소스 점검",Y
WeldingTest_04_NG,2022-08-03 17:46:09.529,21,250,241.1,83,1670,1227,1,1712.3737369702349,-485.37373697023486,-57.04324977341712,1,1.0,"출력 저하 - 광학계/렌즈 오염, 레이저 소스 점검",Y
WeldingTest_04_NG,2022-08-03 17:46:12.185,22,250,241.2,82,1154,1206,1,1692.099787412438,-486.099787412438,-61.62780641263562,1,1.0,"출력 저하 - 광학계/렌즈 오염, 레이저 소스 점검",Y
WeldingTest_04_NG,2022-08-03 17:46:15.643,23,250,241.1,83,1670,1230,1,1714.000016164169,-484.000016164169,-56.881560724252815,1,1.0,"출력 저하 - 광학계/렌즈 오염, 레이저 소스 점검",Y
WeldingTest_04_NG,2022-08-03 17:46:18.267,24,250,241.2,82,1154,1207,1,1693.9999960126588,-486.9999960126588,-61.74200939518885,1,1.0,"출력 저하 - 광학계/렌즈 오염, 레이저 소스 점검",Y
WeldingTest_04_NG,2022-08-03 17:46:24.947,25,250,241.1,83,1670,1227,1,1712.9966966279746,-485.99669662797464,-57.116573082114854,1,1.0,"출력 저하 - 광학계/렌즈 오염, 레이저 소스 점검",Y
WeldingTest_04_NG,2022-08-03 17:46:27.607,26,250,241.2,82,1154,1207,1,1693.0000140611949,-486.00001406119486,-61.61514888604845,1,1.0,"출력 저하 - 광학계/렌즈 오염, 레이저 소스 점검",Y
WeldingTest_04_NG,2022-08-03 17:46:31.177,27,250,241.1,83,1670,1231,1,1716.0029705464842,-485.0029705464842,-56.999609995775565,1,1.0,"출력 저하 - 광학계/렌즈 오염, 레이저 소스 점검",Y
WeldingTest_04_NG,2022-08-03 17:46:33.791,28,250,241.2,82,1154,1208,1,1694.999985710131,-486.9999857101311,-61.74200808818135,1,1.0,"출력 저하 - 광학계/렌즈 오염, 레이저 소스 점검",Y
WeldingTest_04_NG,2022-08-03 17:46:37.293,29,250,241.1,83,1670,1232,1,1716.999967777064,-484.99996777706406,-56.999256565202,1,1.0,"출력 저하 - 광학계/렌즈 오염, 레이저 소스 점검",Y
WeldingTest_04_NG,2022-08-03 17:46:39.891,30,250,241.2,82,1154,1209,1,1696.988693652646,-487.9886936526459,-61.86743834499244,1,1.0,"출력 저하 - 광학계/렌즈 오염, 레이저 소스 점검",Y
WeldingTest_04_NG,2022-08-03 17:46:44.541,31,30,19.4,38,650,127,1,688.0006063384444,-561.0006063384444,-188.80130027777565,1,1.0,"출력 저하 - 광학계/렌즈 오염, 레이저 소스 점검",Y
WeldingTest_04_NG,2022-08-03 17:46:46.079,32,30,19.4,38,650,127,1,688.0006063384444,-561.0006063384444,-188.80130027777565,1,1.0,"출력 저하 - 광학계/렌즈 오염, 레이저 소스 점검",Y
WeldingTest_04_NG,2022-08-03 17:46:49.147,33,30,19.4,38,650,126,1,688.0006063384444,-562.0006063384444,-189.13784448468067,1,1.0,"출력 저하 - 광학계/렌즈 오염, 레이저 소스 점검",Y
WeldingTest_04_NG,2022-08-03 17:46:50.925,34,30,19.4,38,650,127,1,688.0006063384444,-561.0006063384444,-188.80130027777565,1,1.0,"출력 저하 - 광학계/렌즈 오염, 레이저 소스 점검",Y
WeldingTest_04_NG,2022-08-03 17:46:54.451,35,30,19.4,38,650,127,1,688.0006063384444,-561.0006063384444,-188.80130027777565,1,1.0,"출력 저하 - 광학계/렌즈 오염, 레이저 소스 점검",Y
WeldingTest_04_NG,2022-08-03 17:46:56.147,36,30,19.4,38,650,127,1,688.0006063384444,-561.0006063384444,-188.80130027777565,1,1.0,"출력 저하 - 광학계/렌즈 오염, 레이저 소스 점검",Y
WeldingTest_04_NG,2022-08-03 17:46:57.901,37,30,19.4,38,650,127,1,688.0006063384444,-561.0006063384444,-188.80130027777565,1,1.0,"출력 저하 - 광학계/렌즈 오염, 레이저 소스 점검",Y
WeldingTest_04_NG,2022-08-03 17:47:00.881,38,30,19.4,38,650,126,1,688.0006063384444,-562.0006063384444,-189.13784448468067,1,1.0,"출력 저하 - 광학계/렌즈 오염, 레이저 소스 점검",Y
WeldingTest_04_NG,2022-08-03 17:47:02.353,39,30,19.4,38,650,127,1,688.0006063384444,-561.0006063384444,-188.80130027777565,1,1.0,"출력 저하 - 광학계/렌즈 오염, 레이저 소스 점검",Y
