excel_row,Part Number,D일06~08(08)H 투입계획(발주) 수량,D일08~10(10)H 투입계획(발주) 수량,D일10~12(13)H 투입계획(발주) 수량,D일13~15(15)H 투입계획(발주) 수량,D일15~17(18)H 투입계획(발주) 수량,D일18~20(21)H 투입계획(발주) 수량,D일21~23(23)H 투입계획(발주) 수량,D일23~01(02)H 투입계획(발주) 수량,D일 02~04H 투입계획 수량,D일 04~06H 투입계획 수량,D일 투입예정 수량(D일계획),D+1일 투입예정 수량(D+1일),D+1일 투입예정 수량(D+1일).1,D+1일 투입예정 수량(D+1일).2,D+1일 투입예정 수량(D+1일).3,D+1일 투입예정 수량(D+1일).4,D+1일 투입예정 수량(D+1일).5,D+1일 투입예정 수량(D+1일).6,D+1일 투입예정 수량(D+1일).7,D+1일 투입예정 수량(D+1일).8,D+1일 투입예정 수량(D+1일).9,D+1일 투입예정 수량(Total),D+2일 투입예정 수량(과부족수량),D+2일 투입예정 수량(과부족수량).1,D+2일 투입예정 수량(과부족수량).2,D+2일 투입예정 수량(과부족수량).3,D+2일 투입예정 수량(과부족수량).4,D+2일 투입예정 수량(과부족수량).5,D+2일 투입예정 수량(과부족수량).6,D+2일 투입예정 수량(과부족수량).7,D+2일 투입예정 수량(과부족수량).8,D+2일 투입예정 수량(과부족수량).9,D+2일 투입예정 수량(Total),D+3일 투입예정 수량(과부족수량),D+3일 투입예정 수량(과부족수량).1,D+3일 투입예정 수량(과부족수량).2,D+3일 투입예정 수량(과부족수량).3,D+3일 투입예정 수량(과부족수량).4,D+3일 투입예정 수량(과부족수량).5,D+3일 투입예정 수량(과부족수량).6,D+3일 투입예정 수량(과부족수량).7,D+3일 투입예정 수량(과부족수량).8,D+3일 투입예정 수량(과부족수량).9,D+3일 투입예정 수량(Total),D+4일 투입예정 수량(과부족수량),D+4일 투입예정 수량(과부족수량).1,D+4일 투입예정 수량(과부족수량).2,D+4일 투입예정 수량(과부족수량).3,D+4일 투입예정 수량(과부족수량).4,D+4일 투입예정 수량(과부족수량).5,D+4일 투입예정 수량(과부족수량).6,D+4일 투입예정 수량(과부족수량).7,D+4일 투입예정 수량(과부족수량).8,D+4일 투입예정 수량(과부족수량).9,D+4일 투입예정 수량(Total),D+5일 투입예정 수량,D+6일 투입예정 수량,D+7일 투입예정 수량,D+8일 투입예정 수량,D+9일 투입예정 수량,D+10일 투입예정 수량,D+11일 투입예정 수량,D+12일 투입예정 수량,D+13일 투입예정 수량,D+14일 투입예정 수량,D+15일 투입예정 수량,D+16일 투입예정 수량,D+17일 투입예정 수량,D+18일 투입예정 수량,D+19일 투입예정 수량,D+20일 투입예정 수량,D+21일 투입예정 수량,D+22일 투입예정 수량,D+23일 투입예정 수량,D+24일 투입예정 수량,D+25일 투입예정 수량,D+26일 투입예정 수량,D+27일 투입예정 수량,D+28일 투입예정 수량,D+29일 투입예정 수량,D+30일 투입예정 수량,D+31~D+45일 투입예정 수량,CRET_TIME
23,Part 21,75,39,50,43,39,50,39,25,0,0,360,45,39,50,43,39,50,39,25,0,0,330,45,39,50,43,39,50,39,25,0,0,330,45,39,50,43,39,50,39,25,0,0,330,45,39,50,43,39,50,39,25,0,0,330,330,0,330,330,330,330,330,0,0,330,330,330,330,0,0,0,0,0,0,0,0,0,0,0,0,0,0,202109131830
28,Part 26,75,39,50,43,39,50,39,25,0,0,360,45,39,50,43,39,50,39,25,0,0,330,45,39,50,43,39,50,39,25,0,0,330,45,39,50,43,39,50,39,25,0,0,330,45,39,50,43,39,50,39,25,0,0,330,330,0,330,330,330,330,330,0,0,330,330,330,330,0,0,0,0,0,0,0,0,0,0,0,0,0,0,202109131830
74,Part 21,0,0,0,0,0,0,0,0,0,0,0,0,0,0,0,0,0,0,0,0,0,0,32,16,17,14,15,23,27,14,0,0,158,29,26,21,18,16,20,17,10,0,0,157,20,17,22,19,17,22,20,9,0,0,146,96,0,87,88,112,126,83,260,0,273,0,0,0,0,0,0,0,0,0,0,0,0,0,0,0,0,0,202109131830
78,Part 26,0,0,0,0,0,0,0,0,0,0,0,0,0,0,0,0,0,0,0,0,0,0,39,18,23,18,17,32,30,17,0,0,194,33,31,28,24,21,27,22,13,0,0,199,26,21,28,24,21,28,24,12,0,0,184,118,0,109,105,112,126,83,260,0,273,0,0,0,0,0,0,0,0,0,0,0,0,0,0,0,0,0,202109131830
135,Part 21,75,39,50,43,39,50,39,25,0,0,360,45,39,50,43,39,50,39,25,0,0,330,45,39,50,43,39,50,39,25,0,0,330,45,39,50,43,39,50,39,25,0,0,330,45,39,50,43,39,50,39,25,0,0,330,330,0,330,330,330,330,330,0,0,330,330,330,330,0,0,0,0,0,0,0,0,0,0,0,0,0,0,202109140605
140,Part 26,75,39,50,43,39,50,39,25,0,0,360,45,39,50,43,39,50,39,25,0,0,330,45,39,50,43,39,50,39,25,0,0,330,45,39,50,43,39,50,39,25,0,0,330,45,39,50,43,39,50,39,25,0,0,330,330,0,330,330,330,330,330,0,0,330,330,330,330,0,0,0,0,0,0,0,0,0,0,0,0,0,0,202109140605
186,Part 21,0,0,0,0,0,0,0,0,0,0,0,0,0,0,0,0,0,0,0,0,0,0,32,16,17,14,15,23,27,14,0,0,158,29,26,21,18,16,20,17,10,0,0,157,20,17,22,19,17,22,20,9,0,0,146,96,0,87,88,112,126,83,260,0,273,0,0,0,0,0,0,0,0,0,0,0,0,0,0,0,0,0,202109140605
190,Part 26,0,0,0,0,0,0,0,0,0,0,0,0,0,0,0,0,0,0,0,0,0,0,39,18,23,18,17,32,30,17,0,0,194,33,31,28,24,21,27,22,13,0,0,199,26,21,28,24,21,28,24,12,0,0,184,118,0,109,105,112,126,83,260,0,273,0,0,0,0,0,0,0,0,0,0,0,0,0,0,0,0,0,202109140605
247,Part 21,82,39,50,43,39,50,39,25,0,0,367,45,39,50,43,39,50,39,25,0,0,330,45,39,50,43,39,50,39,25,0,0,330,45,39,50,43,39,50,39,25,0,0,330,45,39,50,43,39,50,39,25,0,0,330,0,330,330,330,330,330,0,0,330,330,330,330,330,0,0,330,184,0,0,0,0,0,0,0,0,0,0,202109140625
252,Part 26,82,39,50,43,39,50,39,25,0,0,367,45,39,50,43,39,50,39,25,0,0,330,45,39,50,43,39,50,39,25,0,0,330,45,39,50,43,39,50,39,25,0,0,330,45,39,50,43,39,50,39,25,0,0,330,0,330,330,330,330,330,0,0,330,330,330,330,330,0,0,330,184,0,0,0,0,0,0,0,0,0,0,202109140625
298,Part 21,0,0,0,0,0,0,0,0,0,0,0,32,16,17,14,15,23,27,14,0,0,158,29,26,21,18,16,20,16,11,0,0,157,19,16,20,19,19,22,17,11,0,0,143,0,0,0,0,0,0,0,0,0,0,0,0,99,88,87,112,126,84,0,259,216,58,0,0,0,0,0,0,0,0,0,0,0,0,0,0,0,0,202109140625
302,Part 26,0,0,0,0,0,0,0,0,0,0,0,39,18,23,18,17,32,30,17,0,0,194,33,31,28,24,21,27,22,13,0,0,199,25,21,26,24,23,27,22,13,0,0,181,0,0,0,0,0,0,0,0,0,0,0,0,121,110,104,112,126,84,0,259,216,58,0,0,0,0,0,0,0,0,0,0,0,0,0,0,0,0,202109140625
360,Part 21,82,39,50,43,39,50,39,25,0,0,367,45,39,50,43,39,50,39,25,0,0,330,45,39,50,43,39,50,39,25,0,0,330,45,39,50,43,39,50,39,25,0,0,330,45,39,50,43,39,50,39,25,0,0,330,0,330,330,330,330,330,0,0,330,330,330,330,330,0,0,330,184,0,0,0,0,0,0,0,0,0,0,202109140634
365,Part 26,82,39,50,43,39,50,39,25,0,0,367,45,39,50,43,39,50,39,25,0,0,330,45,39,50,43,39,50,39,25,0,0,330,45,39,50,43,39,50,39,25,0,0,330,45,39,50,43,39,50,39,25,0,0,330,0,330,330,330,330,330,0,0,330,330,330,330,330,0,0,330,184,0,0,0,0,0,0,0,0,0,0,202109140634
411,Part 21,0,0,0,0,0,0,0,0,0,0,0,32,16,17,14,15,23,27,14,0,0,158,29,26,21,18,16,20,16,11,0,0,157,19,16,20,19,19,22,17,11,0,0,143,0,0,0,0,0,0,0,0,0,0,0,0,99,88,87,112,126,84,0,259,216,58,0,0,0,0,0,0,0,0,0,0,0,0,0,0,0,0,202109140634
415,Part 26,0,0,0,0,0,0,0,0,0,0,0,39,18,23,18,17,32,30,17,0,0,194,33,31,28,24,21,27,22,13,0,0,199,25,21,26,24,23,27,22,13,0,0,181,0,0,0,0,0,0,0,0,0,0,0,0,121,110,104,112,126,84,0,259,216,58,0,0,0,0,0,0,0,0,0,0,0,0,0,0,0,0,202109140634
473,Part 21,82,39,50,43,39,50,39,25,0,0,367,45,39,50,43,39,50,39,25,0,0,330,45,39,50,43,39,50,39,25,0,0,330,45,39,50,43,39,50,39,25,0,0,330,45,39,50,43,39,50,39,25,0,0,330,0,330,330,330,330,330,0,0,330,330,330,330,330,0,0,330,184,0,0,0,0,0,0,0,0,0,0,202109141730
478,Part 26,82,39,50,43,39,50,39,25,0,0,367,45,39,50,43,39,50,39,25,0,0,330,45,39,50,43,39,50,39,25,0,0,330,45,39,50,43,39,50,39,25,0,0,330,45,39,50,43,39,50,39,25,0,0,330,0,330,330,330,330,330,0,0,330,330,330,330,330,0,0,330,184,0,0,0,0,0,0,0,0,0,0,202109141730
524,Part 21,0,0,0,0,0,0,0,0,0,0,0,32,16,17,14,15,23,27,14,0,0,158,29,26,21,18,16,20,16,11,0,0,157,19,16,20,19,19,22,17,11,0,0,143,0,0,0,0,0,0,0,0,0,0,0,0,99,88,87,112,126,84,0,259,216,58,0,0,0,0,0,0,0,0,0,0,0,0,0,0,0,0,202109141730
528,Part 26,0,0,0,0,0,0,0,0,0,0,0,39,18,23,18,17,32,30,17,0,0,194,33,31,28,24,21,27,22,13,0,0,199,25,21,26,24,23,27,22,13,0,0,181,0,0,0,0,0,0,0,0,0,0,0,0,121,110,104,112,126,84,0,259,216,58,0,0,0,0,0,0,0,0,0,0,0,0,0,0,0,0,202109141730
586,Part 21,120,39,50,43,39,50,39,25,0,0,405,45,39,50,43,39,50,39,25,0,0,330,45,39,50,43,39,50,39,25,0,0,330,45,39,50,43,39,50,39,25,0,0,330,0,0,0,0,0,0,0,0,0,0,0,330,330,330,330,330,0,0,330,330,330,330,330,0,0,330,143,0,0,0,0,0,0,0,0,0,0,0,202109150620
591,Part 26,120,39,50,43,39,50,39,25,0,0,405,45,39,50,43,39,50,39,25,0,0,330,45,39,50,43,39,50,39,25,0,0,330,45,39,50,43,39,50,39,25,0,0,330,0,0,0,0,0,0,0,0,0,0,0,330,330,330,330,330,0,0,330,330,330,330,330,0,0,330,143,0,0,0,0,0,0,0,0,0,0,0,202109150620
637,Part 21,32,16,17,14,15,23,27,14,0,0,158,29,26,21,18,16,20,18,10,0,0,158,20,18,21,19,17,21,17,10,0,0,143,0,0,0,0,0,0,0,0,0,0,0,0,0,0,0,0,0,0,0,0,0,0,98,89,88,112,126,84,0,258,263,318,149,0,0,0,0,0,0,0,0,0,0,0,0,0,0,0,0,202109150620
641,Part 26,39,18,23,18,17,32,30,17,0,0,194,33,31,28,24,21,27,23,13,0,0,200,26,22,27,24,21,27,22,12,0,0,181,0,0,0,0,0,0,0,0,0,0,0,0,0,0,0,0,0,0,0,0,0,0,120,111,105,112,126,84,0,258,263,318,149,0,0,0,0,0,0,0,0,0,0,0,0,0,0,0,0,202109150620
696,Part 21,120,39,50,43,39,50,39,25,0,0,405,45,39,50,43,39,50,39,25,0,0,330,45,39,50,43,39,50,39,25,0,0,330,45,39,50,43,39,50,39,25,0,0,330,0,0,0,0,0,0,0,0,0,0,0,330,330,330,330,330,0,0,330,330,330,330,330,0,0,330,143,0,0,0,0,0,0,0,0,0,0,0,202109150637
701,Part 26,120,39,50,43,39,50,39,25,0,0,405,45,39,50,43,39,50,39,25,0,0,330,45,39,50,43,39,50,39,25,0,0,330,45,39,50,43,39,50,39,25,0,0,330,0,0,0,0,0,0,0,0,0,0,0,330,330,330,330,330,0,0,330,330,330,330,330,0,0,330,143,0,0,0,0,0,0,0,0,0,0,0,202109150637
747,Part 21,32,16,17,14,15,23,27,14,0,0,158,29,26,21,18,16,20,18,10,0,0,158,20,18,21,19,17,21,17,10,0,0,143,0,0,0,0,0,0,0,0,0,0,0,0,0,0,0,0,0,0,0,0,0,0,98,89,88,112,126,84,0,258,263,318,149,0,0,0,0,0,0,0,0,0,0,0,0,0,0,0,0,202109150637
751,Part 26,39,18,23,18,17,32,30,17,0,0,194,33,31,28,24,21,27,23,13,0,0,200,26,22,27,24,21,27,22,12,0,0,181,0,0,0,0,0,0,0,0,0,0,0,0,0,0,0,0,0,0,0,0,0,0,120,111,105,112,126,84,0,258,263,318,149,0,0,0,0,0,0,0,0,0,0,0,0,0,0,0,0,202109150637
806,Part 21,120,39,50,43,39,50,39,25,0,0,405,45,39,50,43,39,50,39,25,0,0,330,45,39,50,43,39,50,39,25,0,0,330,45,39,50,43,39,50,39,25,0,0,330,0,0,0,0,0,0,0,0,0,0,0,330,330,330,330,330,0,0,330,330,330,330,330,0,0,330,143,0,0,0,0,0,0,0,0,0,0,0,202109151633
811,Part 26,120,39,50,43,39,50,39,25,0,0,405,45,39,50,43,39,50,39,25,0,0,330,45,39,50,43,39,50,39,25,0,0,330,45,39,50,43,39,50,39,25,0,0,330,0,0,0,0,0,0,0,0,0,0,0,330,330,330,330,330,0,0,330,330,330,330,330,0,0,330,143,0,0,0,0,0,0,0,0,0,0,0,202109151633
857,Part 21,32,16,17,14,15,23,27,14,0,0,158,29,26,21,18,16,20,18,10,0,0,158,20,18,21,19,17,21,17,10,0,0,143,0,0,0,0,0,0,0,0,0,0,0,0,0,0,0,0,0,0,0,0,0,0,98,89,88,112,126,84,0,258,263,318,149,0,0,0,0,0,0,0,0,0,0,0,0,0,0,0,0,202109151633
861,Part 26,39,18,23,18,17,32,30,17,0,0,194,33,31,28,24,21,27,23,13,0,0,200,26,22,27,24,21,27,22,12,0,0,181,0,0,0,0,0,0,0,0,0,0,0,0,0,0,0,0,0,0,0,0,0,0,120,111,105,112,126,84,0,258,263,318,149,0,0,0,0,0,0,0,0,0,0,0,0,0,0,0,0,202109151633
916,Part 21,106,39,50,43,39,50,39,25,0,0,391,45,39,50,43,39,50,39,25,0,0,330,45,39,50,43,39,50,39,25,0,0,330,0,0,0,0,0,0,0,0,0,0,0,45,39,50,43,39,50,39,25,0,0,330,330,330,330,330,0,0,330,330,330,330,330,0,0,330,149,0,0,0,0,0,0,0,0,0,0,0,0,202109160632
921,Part 26,106,39,50,43,39,50,39,25,0,0,391,45,39,50,43,39,50,39,25,0,0,330,45,39,50,43,39,50,39,25,0,0,330,0,0,0,0,0,0,0,0,0,0,0,45,39,50,43,39,50,39,25,0,0,330,330,330,330,330,0,0,330,330,330,330,330,0,0,330,149,0,0,0,0,0,0,0,0,0,0,0,0,202109160632
967,Part 21,44,24,33,16,15,15,13,9,0,0,169,16,15,21,14,15,19,15,8,0,0,123,0,0,0,0,0,0,0,0,0,0,0,0,0,0,0,0,0,0,0,0,0,0,19,16,22,18,16,17,12,7,0,0,127,101,104,123,124,56,0,83,296,293,312,0,0,0,0,0,0,0,0,0,0,0,0,0,0,0,0,0,202109160632
971,Part 26,48,27,40,23,21,22,19,12,0,0,212,23,20,27,20,19,25,20,11,0,0,165,0,0,0,0,0,0,0,0,0,0,0,0,0,0,0,0,0,0,0,0,0,0,24,20,27,23,20,20,14,9,0,0,157,121,115,123,124,56,0,97,346,345,370,0,0,0,0,0,0,0,0,0,0,0,0,0,0,0,0,0,202109160632
1030,Part 21,106,39,50,43,39,50,39,25,0,0,391,45,39,50,43,39,50,39,25,0,0,330,45,39,50,43,39,50,39,25,0,0,330,0,0,0,0,0,0,0,0,0,0,0,45,39,50,43,39,50,39,25,0,0,330,330,330,330,330,0,0,330,330,330,330,330,0,0,330,149,0,0,0,0,0,0,0,0,0,0,0,0,202109160638
1035,Part 26,106,39,50,43,39,50,39,25,0,0,391,45,39,50,43,39,50,39,25,0,0,330,45,39,50,43,39,50,39,25,0,0,330,0,0,0,0,0,0,0,0,0,0,0,45,39,50,43,39,50,39,25,0,0,330,330,330,330,330,0,0,330,330,330,330,330,0,0,330,149,0,0,0,0,0,0,0,0,0,0,0,0,202109160638
1081,Part 21,44,24,33,16,15,15,13,9,0,0,169,16,15,21,14,15,19,15,8,0,0,123,0,0,0,0,0,0,0,0,0,0,0,0,0,0,0,0,0,0,0,0,0,0,19,16,22,18,16,17,12,7,0,0,127,101,104,123,124,56,0,83,296,293,312,0,0,0,0,0,0,0,0,0,0,0,0,0,0,0,0,0,202109160638
1085,Part 26,48,27,40,23,21,22,19,12,0,0,212,23,20,27,20,19,25,20,11,0,0,165,0,0,0,0,0,0,0,0,0,0,0,0,0,0,0,0,0,0,0,0,0,0,24,20,27,23,20,20,14,9,0,0,157,121,115,123,124,56,0,97,346,345,370,0,0,0,0,0,0,0,0,0,0,0,0,0,0,0,0,0,202109160638
1144,Part 21,106,39,50,43,39,50,39,25,0,0,391,45,39,50,43,39,50,39,25,0,0,330,45,39,50,43,39,50,39,25,0,0,330,0,0,0,0,0,0,0,0,0,0,0,45,39,50,43,39,50,39,25,0,0,330,330,330,330,330,0,0,330,330,330,330,330,0,0,330,149,0,0,0,0,0,0,0,0,0,0,0,0,202109161506
1149,Part 26,106,39,50,43,39,50,39,25,0,0,391,45,39,50,43,39,50,39,25,0,0,330,45,39,50,43,39,50,39,25,0,0,330,0,0,0,0,0,0,0,0,0,0,0,45,39,50,43,39,50,39,25,0,0,330,330,330,330,330,0,0,330,330,330,330,330,0,0,330,149,0,0,0,0,0,0,0,0,0,0,0,0,202109161506
1195,Part 21,44,24,33,16,15,15,13,9,0,0,169,16,15,21,14,15,19,15,8,0,0,123,0,0,0,0,0,0,0,0,0,0,0,0,0,0,0,0,0,0,0,0,0,0,19,16,22,18,16,17,12,7,0,0,127,101,104,123,124,56,0,83,296,293,312,0,0,0,0,0,0,0,0,0,0,0,0,0,0,0,0,0,202109161506
1199,Part 26,48,27,40,23,21,22,19,12,0,0,212,23,20,27,20,19,25,20,11,0,0,165,0,0,0,0,0,0,0,0,0,0,0,0,0,0,0,0,0,0,0,0,0,0,24,20,27,23,20,20,14,9,0,0,157,121,115,123,124,56,0,97,346,345,370,0,0,0,0,0,0,0,0,0,0,0,0,0,0,0,0,0,202109161506
1258,Part 21,106,39,50,43,39,50,39,25,0,0,391,45,39,50,43,39,50,39,25,0,0,330,45,39,50,43,39,50,39,25,0,0,330,0,0,0,0,0,0,0,0,0,0,0,45,39,50,43,39,50,39,25,0,0,330,330,330,330,330,0,0,330,330,330,330,330,0,0,330,149,0,0,0,0,0,0,0,0,0,0,0,0,202109161706
1263,Part 26,106,39,50,43,39,50,39,25,0,0,391,45,39,50,43,39,50,39,25,0,0,330,45,39,50,43,39,50,39,25,0,0,330,0,0,0,0,0,0,0,0,0,0,0,45,39,50,43,39,50,39,25,0,0,330,330,330,330,330,0,0,330,330,330,330,330,0,0,330,149,0,0,0,0,0,0,0,0,0,0,0,0,202109161706
1309,Part 21,44,24,33,16,15,15,13,9,0,0,169,16,15,21,14,15,19,15,8,0,0,123,0,0,0,0,0,0,0,0,0,0,0,0,0,0,0,0,0,0,0,0,0,0,19,16,22,18,16,17,12,7,0,0,127,101,104,123,124,56,0,83,296,293,312,0,0,0,0,0,0,0,0,0,0,0,0,0,0,0,0,0,202109161706
1313,Part 26,48,27,40,23,21,22,19,12,0,0,212,23,20,27,20,19,25,20,11,0,0,165,0,0,0,0,0,0,0,0,0,0,0,0,0,0,0,0,0,0,0,0,0,0,24,20,27,23,20,20,14,9,0,0,157,121,115,123,124,56,0,97,346,345,370,0,0,0,0,0,0,0,0,0,0,0,0,0,0,0,0,0,202109161706
1372,Part 21,106,39,50,43,39,50,39,25,0,0,391,45,39,50,43,39,50,39,25,0,0,330,45,39,50,43,39,50,39,25,0,0,330,0,0,0,0,0,0,0,0,0,0,0,45,39,50,43,39,50,39,25,0,0,330,330,330,330,330,0,0,330,330,330,330,330,0,0,330,149,0,0,0,0,0,0,0,0,0,0,0,0,202109170559
1377,Part 26,106,39,50,43,39,50,39,25,0,0,391,45,39,50,43,39,50,39,25,0,0,330,45,39,50,43,39,50,39,25,0,0,330,0,0,0,0,0,0,0,0,0,0,0,45,39,50,43,39,50,39,25,0,0,330,330,330,330,330,0,0,330,330,330,330,330,0,0,330,149,0,0,0,0,0,0,0,0,0,0,0,0,202109170559
1423,Part 21,44,24,33,16,15,15,13,9,0,0,169,16,15,21,14,15,19,15,8,0,0,123,0,0,0,0,0,0,0,0,0,0,0,0,0,0,0,0,0,0,0,0,0,0,19,16,22,18,16,17,12,7,0,0,127,101,104,123,124,56,0,83,296,293,312,0,0,0,0,0,0,0,0,0,0,0,0,0,0,0,0,0,202109170559
1427,Part 26,48,27,40,23,21,22,19,12,0,0,212,23,20,27,20,19,25,20,11,0,0,165,0,0,0,0,0,0,0,0,0,0,0,0,0,0,0,0,0,0,0,0,0,0,24,20,27,23,20,20,14,9,0,0,157,121,115,123,124,56,0,97,346,345,370,0,0,0,0,0,0,0,0,0,0,0,0,0,0,0,0,0,202109170559
1486,Part 21,96,39,50,43,39,50,39,25,0,0,381,45,39,50,43,39,50,39,25,0,0,330,0,0,0,0,0,0,0,0,0,0,0,0,0,0,0,0,0,0,0,0,0,0,0,0,0,0,0,0,0,0,0,0,0,0,0,0,0,0,330,330,330,330,330,0,0,330,330,330,330,330,0,0,330,165,0,0,0,0,0,0,202109170623
1490,Part 26,96,39,50,43,39,50,39,25,0,0,381,45,39,50,43,39,50,39,25,0,0,330,0,0,0,0,0,0,0,0,0,0,0,0,0,0,0,0,0,0,0,0,0,0,0,0,0,0,0,0,0,0,0,0,0,0,0,0,0,0,330,330,330,330,330,0,0,330,330,330,330,330,0,0,330,165,0,0,0,0,0,0,202109170623
1536,Part 21,29,13,19,16,14,19,16,10,0,0,136,0,0,0,0,0,0,0,0,0,0,0,0,0,0,0,0,0,0,0,0,0,0,19,15,22,16,13,15,13,9,0,0,122,16,14,17,14,11,19,15,10,0,0,116,132,139,116,41,0,0,282,293,301,336,380,0,380,380,380,60,0,0,0,0,0,0,0,0,0,0,0,202109170623
1540,Part 26,35,20,26,21,20,25,20,13,0,0,180,0,0,0,0,0,0,0,0,0,0,0,0,0,0,0,0,0,0,0,0,0,0,23,19,27,21,17,21,17,12,0,0,157,20,18,23,19,17,24,16,11,0,0,148,139,139,116,41,0,0,330,344,360,380,380,0,380,380,380,60,0,0,0,0,0,0,0,0,0,0,0,202109170623
1600,Part 21,96,39,50,43,39,50,39,25,0,0,381,45,39,50,43,39,50,39,25,0,0,330,0,0,0,0,0,0,0,0,0,0,0,0,0,0,0,0,0,0,0,0,0,0,0,0,0,0,0,0,0,0,0,0,0,0,0,0,0,0,330,330,330,330,330,0,0,330,330,330,330,330,0,0,330,165,0,0,0,0,0,0,202109170632
1604,Part 26,96,39,50,43,39,50,39,25,0,0,381,45,39,50,43,39,50,39,25,0,0,330,0,0,0,0,0,0,0,0,0,0,0,0,0,0,0,0,0,0,0,0,0,0,0,0,0,0,0,0,0,0,0,0,0,0,0,0,0,0,330,330,330,330,330,0,0,330,330,330,330,330,0,0,330,165,0,0,0,0,0,0,202109170632
1650,Part 21,29,13,19,16,14,19,16,10,0,0,136,0,0,0,0,0,0,0,0,0,0,0,0,0,0,0,0,0,0,0,0,0,0,19,15,22,16,13,15,13,9,0,0,122,16,14,17,14,11,19,15,10,0,0,116,132,139,116,41,0,0,282,293,301,336,380,0,380,380,380,60,0,0,0,0,0,0,0,0,0,0,0,202109170632
1654,Part 26,35,20,26,21,20,25,20,13,0,0,180,0,0,0,0,0,0,0,0,0,0,0,0,0,0,0,0,0,0,0,0,0,0,23,19,27,21,17,21,17,12,0,0,157,20,18,23,19,17,24,16,11,0,0,148,139,139,116,41,0,0,330,344,360,380,380,0,380,380,380,60,0,0,0,0,0,0,0,0,0,0,0,202109170632
1714,Part 21,96,39,50,43,39,50,39,25,0,0,381,45,39,50,43,39,50,39,25,0,0,330,0,0,0,0,0,0,0,0,0,0,0,0,0,0,0,0,0,0,0,0,0,0,0,0,0,0,0,0,0,0,0,0,0,0,0,0,0,0,330,330,330,330,330,0,0,330,330,330,330,330,0,0,330,165,0,0,0,0,0,0,202109180713
1718,Part 26,96,39,50,43,39,50,39,25,0,0,381,45,39,50,43,39,50,39,25,0,0,330,0,0,0,0,0,0,0,0,0,0,0,0,0,0,0,0,0,0,0,0,0,0,0,0,0,0,0,0,0,0,0,0,0,0,0,0,0,0,330,330,330,330,330,0,0,330,330,330,330,330,0,0,330,165,0,0,0,0,0,0,202109180713
1764,Part 21,29,13,19,16,14,19,16,10,0,0,136,0,0,0,0,0,0,0,0,0,0,0,0,0,0,0,0,0,0,0,0,0,0,19,15,22,16,13,15,13,9,0,0,122,16,14,17,14,11,19,15,10,0,0,116,132,139,116,41,0,0,282,293,301,336,380,0,380,380,380,60,0,0,0,0,0,0,0,0,0,0,0,202109180713
1768,Part 26,35,20,26,21,20,25,20,13,0,0,180,0,0,0,0,0,0,0,0,0,0,0,0,0,0,0,0,0,0,0,0,0,0,23,19,27,21,17,21,17,12,0,0,157,20,18,23,19,17,24,16,11,0,0,148,139,139,116,41,0,0,330,344,360,380,380,0,380,380,380,60,0,0,0,0,0,0,0,0,0,0,0,202109180713
1828,Part 21,96,39,50,43,39,50,39,25,0,0,381,45,39,50,43,39,50,39,25,0,0,330,0,0,0,0,0,0,0,0,0,0,0,0,0,0,0,0,0,0,0,0,0,0,0,0,0,0,0,0,0,0,0,0,0,0,0,0,0,0,330,330,330,330,330,0,0,330,330,330,330,330,0,0,330,165,0,0,0,0,0,0,202109190630
1832,Part 26,96,39,50,43,39,50,39,25,0,0,381,45,39,50,43,39,50,39,25,0,0,330,0,0,0,0,0,0,0,0,0,0,0,0,0,0,0,0,0,0,0,0,0,0,0,0,0,0,0,0,0,0,0,0,0,0,0,0,0,0,330,330,330,330,330,0,0,330,330,330,330,330,0,0,330,165,0,0,0,0,0,0,202109190630
1878,Part 21,29,13,19,16,14,19,16,10,0,0,136,0,0,0,0,0,0,0,0,0,0,0,0,0,0,0,0,0,0,0,0,0,0,19,15,22,16,13,15,13,9,0,0,122,16,14,17,14,11,19,15,10,0,0,116,132,139,116,41,0,0,282,293,301,336,380,0,380,380,380,60,0,0,0,0,0,0,0,0,0,0,0,202109190630
1882,Part 26,35,20,26,21,20,25,20,13,0,0,180,0,0,0,0,0,0,0,0,0,0,0,0,0,0,0,0,0,0,0,0,0,0,23,19,27,21,17,21,17,12,0,0,157,20,18,23,19,17,24,16,11,0,0,148,139,139,116,41,0,0,330,344,360,380,380,0,380,380,380,60,0,0,0,0,0,0,0,0,0,0,0,202109190630
1942,Part 21,96,39,50,43,39,50,39,25,0,0,381,45,39,50,43,39,50,39,25,0,0,330,0,0,0,0,0,0,0,0,0,0,0,0,0,0,0,0,0,0,0,0,0,0,0,0,0,0,0,0,0,0,0,0,0,0,0,0,0,0,330,330,330,330,330,0,0,330,330,330,330,330,0,0,330,165,0,0,0,0,0,0,202109200601
1946,Part 26,96,39,50,43,39,50,39,25,0,0,381,45,39,50,43,39,50,39,25,0,0,330,0,0,0,0,0,0,0,0,0,0,0,0,0,0,0,0,0,0,0,0,0,0,0,0,0,0,0,0,0,0,0,0,0,0,0,0,0,0,330,330,330,330,330,0,0,330,330,330,330,330,0,0,330,165,0,0,0,0,0,0,202109200601
1992,Part 21,29,13,19,16,14,19,16,10,0,0,136,0,0,0,0,0,0,0,0,0,0,0,0,0,0,0,0,0,0,0,0,0,0,19,15,22,16,13,15,13,9,0,0,122,16,14,17,14,11,19,15,10,0,0,116,132,139,116,41,0,0,282,293,301,336,380,0,380,380,380,60,0,0,0,0,0,0,0,0,0,0,0,202109200601
1996,Part 26,35,20,26,21,20,25,20,13,0,0,180,0,0,0,0,0,0,0,0,0,0,0,0,0,0,0,0,0,0,0,0,0,0,23,19,27,21,17,21,17,12,0,0,157,20,18,23,19,17,24,16,11,0,0,148,139,139,116,41,0,0,330,344,360,380,380,0,380,380,380,60,0,0,0,0,0,0,0,0,0,0,0,202109200601
2056,Part 21,96,39,50,43,39,50,39,25,0,0,381,45,39,50,43,39,50,39,25,0,0,330,0,0,0,0,0,0,0,0,0,0,0,0,0,0,0,0,0,0,0,0,0,0,0,0,0,0,0,0,0,0,0,0,0,0,0,0,0,0,330,330,330,330,330,0,0,330,330,330,330,330,0,0,330,165,0,0,0,0,0,0,202109200629
2060,Part 26,96,39,50,43,39,50,39,25,0,0,381,45,39,50,43,39,50,39,25,0,0,330,0,0,0,0,0,0,0,0,0,0,0,0,0,0,0,0,0,0,0,0,0,0,0,0,0,0,0,0,0,0,0,0,0,0,0,0,0,0,330,330,330,330,330,0,0,330,330,330,330,330,0,0,330,165,0,0,0,0,0,0,202109200629
2106,Part 21,29,13,19,16,14,19,16,10,0,0,136,0,0,0,0,0,0,0,0,0,0,0,0,0,0,0,0,0,0,0,0,0,0,19,15,22,16,13,15,13,9,0,0,122,16,14,17,14,11,19,15,10,0,0,116,132,139,116,41,0,0,282,293,301,336,380,0,380,380,380,60,0,0,0,0,0,0,0,0,0,0,0,202109200629
2110,Part 26,35,20,26,21,20,25,20,13,0,0,180,0,0,0,0,0,0,0,0,0,0,0,0,0,0,0,0,0,0,0,0,0,0,23,19,27,21,17,21,17,12,0,0,157,20,18,23,19,17,24,16,11,0,0,148,139,139,116,41,0,0,330,344,360,380,380,0,380,380,380,60,0,0,0,0,0,0,0,0,0,0,0,202109200629
2170,Part 21,96,39,50,43,39,50,39,25,0,0,381,45,39,50,43,39,50,39,25,0,0,330,0,0,0,0,0,0,0,0,0,0,0,0,0,0,0,0,0,0,0,0,0,0,0,0,0,0,0,0,0,0,0,0,0,0,0,0,0,0,330,330,330,330,330,0,0,330,330,330,330,330,0,0,330,165,0,0,0,0,0,0,202109210603
2174,Part 26,96,39,50,43,39,50,39,25,0,0,381,45,39,50,43,39,50,39,25,0,0,330,0,0,0,0,0,0,0,0,0,0,0,0,0,0,0,0,0,0,0,0,0,0,0,0,0,0,0,0,0,0,0,0,0,0,0,0,0,0,330,330,330,330,330,0,0,330,330,330,330,330,0,0,330,165,0,0,0,0,0,0,202109210603
2220,Part 21,29,13,19,16,14,19,16,10,0,0,136,0,0,0,0,0,0,0,0,0,0,0,0,0,0,0,0,0,0,0,0,0,0,19,15,22,16,13,15,13,9,0,0,122,16,14,17,14,11,19,15,10,0,0,116,132,139,116,41,0,0,282,293,301,336,380,0,380,380,380,60,0,0,0,0,0,0,0,0,0,0,0,202109210603
2224,Part 26,35,20,26,21,20,25,20,13,0,0,180,0,0,0,0,0,0,0,0,0,0,0,0,0,0,0,0,0,0,0,0,0,0,23,19,27,21,17,21,17,12,0,0,157,20,18,23,19,17,24,16,11,0,0,148,139,139,116,41,0,0,330,344,360,380,380,0,380,380,380,60,0,0,0,0,0,0,0,0,0,0,0,202109210603
2284,Part 21,96,39,50,43,39,50,39,25,0,0,381,45,39,50,43,39,50,39,25,0,0,330,0,0,0,0,0,0,0,0,0,0,0,0,0,0,0,0,0,0,0,0,0,0,0,0,0,0,0,0,0,0,0,0,0,0,0,0,0,0,330,330,330,330,330,0,0,330,330,330,330,330,0,0,330,165,0,0,0,0,0,0,202109210631
2288,Part 26,96,39,50,43,39,50,39,25,0,0,381,45,39,50,43,39,50,39,25,0,0,330,0,0,0,0,0,0,0,0,0,0,0,0,0,0,0,0,0,0,0,0,0,0,0,0,0,0,0,0,0,0,0,0,0,0,0,0,0,0,330,330,330,330,330,0,0,330,330,330,330,330,0,0,330,165,0,0,0,0,0,0,202109210631
2334,Part 21,29,13,19,16,14,19,16,10,0,0,136,0,0,0,0,0,0,0,0,0,0,0,0,0,0,0,0,0,0,0,0,0,0,19,15,22,16,13,15,13,9,0,0,122,16,14,17,14,11,19,15,10,0,0,116,132,139,116,41,0,0,282,293,301,336,380,0,380,380,380,60,0,0,0,0,0,0,0,0,0,0,0,202109210631
2338,Part 26,35,20,26,21,20,25,20,13,0,0,180,0,0,0,0,0,0,0,0,0,0,0,0,0,0,0,0,0,0,0,0,0,0,23,19,27,21,17,21,17,12,0,0,157,20,18,23,19,17,24,16,11,0,0,148,139,139,116,41,0,0,330,344,360,380,380,0,380,380,380,60,0,0,0,0,0,0,0,0,0,0,0,202109210631
2398,Part 21,96,39,50,43,39,50,39,25,0,0,381,45,39,50,43,39,50,39,25,0,0,330,0,0,0,0,0,0,0,0,0,0,0,0,0,0,0,0,0,0,0,0,0,0,0,0,0,0,0,0,0,0,0,0,0,0,0,0,0,0,330,330,330,330,330,0,0,330,330,330,330,330,0,0,330,165,0,0,0,0,0,0,202109220558
2402,Part 26,96,39,50,43,39,50,39,25,0,0,381,45,39,50,43,39,50,39,25,0,0,330,0,0,0,0,0,0,0,0,0,0,0,0,0,0,0,0,0,0,0,0,0,0,0,0,0,0,0,0,0,0,0,0,0,0,0,0,0,0,330,330,330,330,330,0,0,330,330,330,330,330,0,0,330,165,0,0,0,0,0,0,202109220558
2448,Part 21,29,13,19,16,14,19,16,10,0,0,136,0,0,0,0,0,0,0,0,0,0,0,0,0,0,0,0,0,0,0,0,0,0,19,15,22,16,13,15,13,9,0,0,122,16,14,17,14,11,19,15,10,0,0,116,132,139,116,41,0,0,282,293,301,336,380,0,380,380,380,60,0,0,0,0,0,0,0,0,0,0,0,202109220558
2452,Part 26,35,20,26,21,20,25,20,13,0,0,180,0,0,0,0,0,0,0,0,0,0,0,0,0,0,0,0,0,0,0,0,0,0,23,19,27,21,17,21,17,12,0,0,157,20,18,23,19,17,24,16,11,0,0,148,139,139,116,41,0,0,330,344,360,380,380,0,380,380,380,60,0,0,0,0,0,0,0,0,0,0,0,202109220558
2512,Part 21,96,39,50,43,39,50,39,25,0,0,381,45,39,50,43,39,50,39,25,0,0,330,0,0,0,0,0,0,0,0,0,0,0,0,0,0,0,0,0,0,0,0,0,0,0,0,0,0,0,0,0,0,0,0,0,0,0,0,0,0,330,330,330,330,330,0,0,330,330,330,330,330,0,0,330,165,0,0,0,0,0,0,202109220633
2516,Part 26,96,39,50,43,39,50,39,25,0,0,381,45,39,50,43,39,50,39,25,0,0,330,0,0,0,0,0,0,0,0,0,0,0,0,0,0,0,0,0,0,0,0,0,0,0,0,0,0,0,0,0,0,0,0,0,0,0,0,0,0,330,330,330,330,330,0,0,330,330,330,330,330,0,0,330,165,0,0,0,0,0,0,202109220633
2562,Part 21,29,13,19,16,14,19,16,10,0,0,136,0,0,0,0,0,0,0,0,0,0,0,0,0,0,0,0,0,0,0,0,0,0,19,15,22,16,13,15,13,9,0,0,122,16,14,17,14,11,19,15,10,0,0,116,132,139,116,41,0,0,282,293,301,336,380,0,380,380,380,60,0,0,0,0,0,0,0,0,0,0,0,202109220633
2566,Part 26,35,20,26,21,20,25,20,13,0,0,180,0,0,0,0,0,0,0,0,0,0,0,0,0,0,0,0,0,0,0,0,0,0,23,19,27,21,17,21,17,12,0,0,157,20,18,23,19,17,24,16,11,0,0,148,139,139,116,41,0,0,330,344,360,380,380,0,380,380,380,60,0,0,0,0,0,0,0,0,0,0,0,202109220633
2626,Part 21,96,39,50,43,39,50,39,25,0,0,381,45,39,50,43,39,50,39,25,0,0,330,0,0,0,0,0,0,0,0,0,0,0,0,0,0,0,0,0,0,0,0,0,0,0,0,0,0,0,0,0,0,0,0,0,0,0,0,0,0,330,330,330,330,330,0,0,330,330,330,330,330,0,0,330,165,0,0,0,0,0,0,202109230600
2630,Part 26,96,39,50,43,39,50,39,25,0,0,381,45,39,50,43,39,50,39,25,0,0,330,0,0,0,0,0,0,0,0,0,0,0,0,0,0,0,0,0,0,0,0,0,0,0,0,0,0,0,0,0,0,0,0,0,0,0,0,0,0,330,330,330,330,330,0,0,330,330,330,330,330,0,0,330,165,0,0,0,0,0,0,202109230600
2676,Part 21,29,13,19,16,14,19,16,10,0,0,136,0,0,0,0,0,0,0,0,0,0,0,0,0,0,0,0,0,0,0,0,0,0,19,15,22,16,13,15,13,9,0,0,122,16,14,17,14,11,19,15,10,0,0,116,132,139,116,41,0,0,282,293,301,336,380,0,380,380,380,60,0,0,0,0,0,0,0,0,0,0,0,202109230600
2680,Part 26,35,20,26,21,20,25,20,13,0,0,180,0,0,0,0,0,0,0,0,0,0,0,0,0,0,0,0,0,0,0,0,0,0,23,19,27,21,17,21,17,12,0,0,157,20,18,23,19,17,24,16,11,0,0,148,139,139,116,41,0,0,330,344,360,380,380,0,380,380,380,60,0,0,0,0,0,0,0,0,0,0,0,202109230600
2740,Part 21,96,39,50,43,39,50,39,25,0,0,381,45,39,50,43,39,50,39,25,0,0,330,0,0,0,0,0,0,0,0,0,0,0,0,0,0,0,0,0,0,0,0,0,0,0,0,0,0,0,0,0,0,0,0,0,0,0,0,0,0,330,330,330,330,330,0,0,330,330,330,330,330,0,0,330,165,0,0,0,0,0,0,202109230635
2744,Part 26,96,39,50,43,39,50,39,25,0,0,381,45,39,50,43,39,50,39,25,0,0,330,0,0,0,0,0,0,0,0,0,0,0,0,0,0,0,0,0,0,0,0,0,0,0,0,0,0,0,0,0,0,0,0,0,0,0,0,0,0,330,330,330,330,330,0,0,330,330,330,330,330,0,0,330,165,0,0,0,0,0,0,202109230635
2790,Part 21,29,13,19,16,14,19,16,10,0,0,136,0,0,0,0,0,0,0,0,0,0,0,0,0,0,0,0,0,0,0,0,0,0,19,15,22,16,13,15,13,9,0,0,122,16,14,17,14,11,19,15,10,0,0,116,132,139,116,41,0,0,282,293,301,336,380,0,380,380,380,60,0,0,0,0,0,0,0,0,0,0,0,202109230635
2794,Part 26,35,20,26,21,20,25,20,13,0,0,180,0,0,0,0,0,0,0,0,0,0,0,0,0,0,0,0,0,0,0,0,0,0,23,19,27,21,17,21,17,12,0,0,157,20,18,23,19,17,24,16,11,0,0,148,139,139,116,41,0,0,330,344,360,380,380,0,380,380,380,60,0,0,0,0,0,0,0,0,0,0,0,202109230635
2854,Part 21,96,39,50,43,39,50,39,25,0,0,381,45,39,50,43,39,50,39,25,0,0,330,0,0,0,0,0,0,0,0,0,0,0,0,0,0,0,0,0,0,0,0,0,0,0,0,0,0,0,0,0,0,0,0,0,0,0,0,0,0,330,330,330,330,330,0,0,330,330,330,330,330,0,0,330,165,0,0,0,0,0,0,202109240605
2858,Part 26,96,39,50,43,39,50,39,25,0,0,381,45,39,50,43,39,50,39,25,0,0,330,0,0,0,0,0,0,0,0,0,0,0,0,0,0,0,0,0,0,0,0,0,0,0,0,0,0,0,0,0,0,0,0,0,0,0,0,0,0,330,330,330,330,330,0,0,330,330,330,330,330,0,0,330,165,0,0,0,0,0,0,202109240605
2904,Part 21,29,13,19,16,14,19,16,10,0,0,136,0,0,0,0,0,0,0,0,0,0,0,0,0,0,0,0,0,0,0,0,0,0,19,15,22,16,13,15,13,9,0,0,122,16,14,17,14,11,19,15,10,0,0,116,132,139,116,41,0,0,282,293,301,336,380,0,380,380,380,60,0,0,0,0,0,0,0,0,0,0,0,202109240605
2908,Part 26,35,20,26,21,20,25,20,13,0,0,180,0,0,0,0,0,0,0,0,0,0,0,0,0,0,0,0,0,0,0,0,0,0,23,19,27,21,17,21,17,12,0,0,157,20,18,23,19,17,24,16,11,0,0,148,139,139,116,41,0,0,330,344,360,380,380,0,380,380,380,60,0,0,0,0,0,0,0,0,0,0,0,202109240605
2968,Part 21,96,39,50,43,39,50,39,25,0,0,381,45,39,50,43,39,50,39,25,0,0,330,0,0,0,0,0,0,0,0,0,0,0,0,0,0,0,0,0,0,0,0,0,0,0,0,0,0,0,0,0,0,0,0,0,0,0,0,0,0,330,330,330,330,330,0,0,330,330,330,330,330,0,0,330,165,0,0,0,0,0,0,202109240633
2972,Part 26,96,39,50,43,39,50,39,25,0,0,381,45,39,50,43,39,50,39,25,0,0,330,0,0,0,0,0,0,0,0,0,0,0,0,0,0,0,0,0,0,0,0,0,0,0,0,0,0,0,0,0,0,0,0,0,0,0,0,0,0,330,330,330,330,330,0,0,330,330,330,330,330,0,0,330,165,0,0,0,0,0,0,202109240633
3018,Part 21,29,13,19,16,14,19,16,10,0,0,136,0,0,0,0,0,0,0,0,0,0,0,0,0,0,0,0,0,0,0,0,0,0,19,15,22,16,13,15,13,9,0,0,122,16,14,17,14,11,19,15,10,0,0,116,132,139,116,41,0,0,282,293,301,336,380,0,380,380,380,60,0,0,0,0,0,0,0,0,0,0,0,202109240633
3022,Part 26,35,20,26,21,20,25,20,13,0,0,180,0,0,0,0,0,0,0,0,0,0,0,0,0,0,0,0,0,0,0,0,0,0,23,19,27,21,17,21,17,12,0,0,157,20,18,23,19,17,24,16,11,0,0,148,139,139,116,41,0,0,330,344,360,380,380,0,380,380,380,60,0,0,0,0,0,0,0,0,0,0,0,202109240633
3082,Part 21,96,39,50,43,39,50,39,25,0,0,381,45,39,50,43,39,50,39,25,0,0,330,0,0,0,0,0,0,0,0,0,0,0,0,0,0,0,0,0,0,0,0,0,0,0,0,0,0,0,0,0,0,0,0,0,0,0,0,0,0,330,330,330,330,330,0,0,330,330,330,330,330,0,0,330,165,0,0,0,0,0,0,202109250706
3086,Part 26,96,39,50,43,39,50,39,25,0,0,381,45,39,50,43,39,50,39,25,0,0,330,0,0,0,0,0,0,0,0,0,0,0,0,0,0,0,0,0,0,0,0,0,0,0,0,0,0,0,0,0,0,0,0,0,0,0,0,0,0,330,330,330,330,330,0,0,330,330,330,330,330,0,0,330,165,0,0,0,0,0,0,202109250706
3132,Part 21,29,13,19,16,14,19,16,10,0,0,136,0,0,0,0,0,0,0,0,0,0,0,0,0,0,0,0,0,0,0,0,0,0,19,15,22,16,13,15,13,9,0,0,122,16,14,17,14,11,19,15,10,0,0,116,132,139,116,41,0,0,282,293,301,336,380,0,380,380,380,60,0,0,0,0,0,0,0,0,0,0,0,202109250706
3136,Part 26,35,20,26,21,20,25,20,13,0,0,180,0,0,0,0,0,0,0,0,0,0,0,0,0,0,0,0,0,0,0,0,0,0,23,19,27,21,17,21,17,12,0,0,157,20,18,23,19,17,24,16,11,0,0,148,139,139,116,41,0,0,330,344,360,380,380,0,380,380,380,60,0,0,0,0,0,0,0,0,0,0,0,202109250706
3196,Part 21,96,39,50,43,39,50,39,25,0,0,381,45,39,50,43,39,50,39,25,0,0,330,0,0,0,0,0,0,0,0,0,0,0,0,0,0,0,0,0,0,0,0,0,0,0,0,0,0,0,0,0,0,0,0,0,0,0,0,0,0,330,330,330,330,330,0,0,330,330,330,330,330,0,0,330,165,0,0,0,0,0,0,202109251538
3200,Part 26,96,39,50,43,39,50,39,25,0,0,381,45,39,50,43,39,50,39,25,0,0,330,0,0,0,0,0,0,0,0,0,0,0,0,0,0,0,0,0,0,0,0,0,0,0,0,0,0,0,0,0,0,0,0,0,0,0,0,0,0,330,330,330,330,330,0,0,330,330,330,330,330,0,0,330,165,0,0,0,0,0,0,202109251538
3246,Part 21,29,13,19,16,14,19,16,10,0,0,136,0,0,0,0,0,0,0,0,0,0,0,0,0,0,0,0,0,0,0,0,0,0,19,15,22,16,13,15,13,9,0,0,122,16,14,17,14,11,19,15,10,0,0,116,132,139,116,41,0,0,282,293,301,336,380,0,380,380,380,60,0,0,0,0,0,0,0,0,0,0,0,202109251538
3250,Part 26,35,20,26,21,20,25,20,13,0,0,180,0,0,0,0,0,0,0,0,0,0,0,0,0,0,0,0,0,0,0,0,0,0,23,19,27,21,17,21,17,12,0,0,157,20,18,23,19,17,24,16,11,0,0,148,139,139,116,41,0,0,330,344,360,380,380,0,380,380,380,60,0,0,0,0,0,0,0,0,0,0,0,202109251538
3310,Part 21,96,39,50,43,39,50,39,25,0,0,381,45,39,50,43,39,50,39,25,0,0,330,0,0,0,0,0,0,0,0,0,0,0,0,0,0,0,0,0,0,0,0,0,0,0,0,0,0,0,0,0,0,0,0,0,0,0,0,0,0,330,330,330,330,330,0,0,330,330,330,330,330,0,0,330,165,0,0,0,0,0,0,202109260602
3314,Part 26,96,39,50,43,39,50,39,25,0,0,381,45,39,50,43,39,50,39,25,0,0,330,0,0,0,0,0,0,0,0,0,0,0,0,0,0,0,0,0,0,0,0,0,0,0,0,0,0,0,0,0,0,0,0,0,0,0,0,0,0,330,330,330,330,330,0,0,330,330,330,330,330,0,0,330,165,0,0,0,0,0,0,202109260602
3360,Part 21,29,13,19,16,14,19,16,10,0,0,136,0,0,0,0,0,0,0,0,0,0,0,0,0,0,0,0,0,0,0,0,0,0,19,15,22,16,13,15,13,9,0,0,122,16,14,17,14,11,19,15,10,0,0,116,132,139,116,41,0,0,282,293,301,336,380,0,380,380,380,60,0,0,0,0,0,0,0,0,0,0,0,202109260602
3364,Part 26,35,20,26,21,20,25,20,13,0,0,180,0,0,0,0,0,0,0,0,0,0,0,0,0,0,0,0,0,0,0,0,0,0,23,19,27,21,17,21,17,12,0,0,157,20,18,23,19,17,24,16,11,0,0,148,139,139,116,41,0,0,330,344,360,380,380,0,380,380,380,60,0,0,0,0,0,0,0,0,0,0,0,202109260602
3424,Part 21,96,39,50,43,39,50,39,25,0,0,381,45,39,50,43,39,50,39,25,0,0,330,0,0,0,0,0,0,0,0,0,0,0,0,0,0,0,0,0,0,0,0,0,0,0,0,0,0,0,0,0,0,0,0,0,0,0,0,0,0,330,330,330,330,330,0,0,330,330,330,330,330,0,0,330,165,0,0,0,0,0,0,202109260628
3428,Part 26,96,39,50,43,39,50,39,25,0,0,381,45,39,50,43,39,50,39,25,0,0,330,0,0,0,0,0,0,0,0,0,0,0,0,0,0,0,0,0,0,0,0,0,0,0,0,0,0,0,0,0,0,0,0,0,0,0,0,0,0,330,330,330,330,330,0,0,330,330,330,330,330,0,0,330,165,0,0,0,0,0,0,202109260628
3474,Part 21,29,13,19,16,14,19,16,10,0,0,136,0,0,0,0,0,0,0,0,0,0,0,0,0,0,0,0,0,0,0,0,0,0,19,15,22,16,13,15,13,9,0,0,122,16,14,17,14,11,19,15,10,0,0,116,132,139,116,41,0,0,282,293,301,336,380,0,380,380,380,60,0,0,0,0,0,0,0,0,0,0,0,202109260628
3478,Part 26,35,20,26,21,20,25,20,13,0,0,180,0,0,0,0,0,0,0,0,0,0,0,0,0,0,0,0,0,0,0,0,0,0,23,19,27,21,17,21,17,12,0,0,157,20,18,23,19,17,24,16,11,0,0,148,139,139,116,41,0,0,330,344,360,380,380,0,380,380,380,60,0,0,0,0,0,0,0,0,0,0,0,202109260628
3538,Part 21,96,39,50,43,39,50,39,25,0,0,381,45,39,50,43,39,50,39,25,0,0,330,0,0,0,0,0,0,0,0,0,0,0,0,0,0,0,0,0,0,0,0,0,0,0,0,0,0,0,0,0,0,0,0,0,0,0,0,0,0,330,330,330,330,330,0,0,330,330,330,330,330,0,0,330,165,0,0,0,0,0,0,202109270554
3542,Part 26,96,39,50,43,39,50,39,25,0,0,381,45,39,50,43,39,50,39,25,0,0,330,0,0,0,0,0,0,0,0,0,0,0,0,0,0,0,0,0,0,0,0,0,0,0,0,0,0,0,0,0,0,0,0,0,0,0,0,0,0,330,330,330,330,330,0,0,330,330,330,330,330,0,0,330,165,0,0,0,0,0,0,202109270554
3588,Part 21,29,13,19,16,14,19,16,10,0,0,136,0,0,0,0,0,0,0,0,0,0,0,0,0,0,0,0,0,0,0,0,0,0,19,15,22,16,13,15,13,9,0,0,122,16,14,17,14,11,19,15,10,0,0,116,132,139,116,41,0,0,282,293,301,336,380,0,380,380,380,60,0,0,0,0,0,0,0,0,0,0,0,202109270554
3592,Part 26,35,20,26,21,20,25,20,13,0,0,180,0,0,0,0,0,0,0,0,0,0,0,0,0,0,0,0,0,0,0,0,0,0,23,19,27,21,17,21,17,12,0,0,157,20,18,23,19,17,24,16,11,0,0,148,139,139,116,41,0,0,330,344,360,380,380,0,380,380,380,60,0,0,0,0,0,0,0,0,0,0,0,202109270554
3652,Part 21,96,39,50,43,39,50,39,25,0,0,381,45,39,50,43,39,50,39,25,0,0,330,0,0,0,0,0,0,0,0,0,0,0,0,0,0,0,0,0,0,0,0,0,0,0,0,0,0,0,0,0,0,0,0,0,0,0,0,0,0,330,330,330,330,330,0,0,330,330,330,330,330,0,0,330,165,0,0,0,0,0,0,202109270630
3656,Part 26,96,39,50,43,39,50,39,25,0,0,381,45,39,50,43,39,50,39,25,0,0,330,0,0,0,0,0,0,0,0,0,0,0,0,0,0,0,0,0,0,0,0,0,0,0,0,0,0,0,0,0,0,0,0,0,0,0,0,0,0,330,330,330,330,330,0,0,330,330,330,330,330,0,0,330,165,0,0,0,0,0,0,202109270630
3702,Part 21,29,13,19,16,14,19,16,10,0,0,136,0,0,0,0,0,0,0,0,0,0,0,0,0,0,0,0,0,0,0,0,0,0,19,15,22,16,13,15,13,9,0,0,122,16,14,17,14,11,19,15,10,0,0,116,132,139,116,41,0,0,282,293,301,336,380,0,380,380,380,60,0,0,0,0,0,0,0,0,0,0,0,202109270630
3706,Part 26,35,20,26,21,20,25,20,13,0,0,180,0,0,0,0,0,0,0,0,0,0,0,0,0,0,0,0,0,0,0,0,0,0,23,19,27,21,17,21,17,12,0,0,157,20,18,23,19,17,24,16,11,0,0,148,139,139,116,41,0,0,330,344,360,380,380,0,380,380,380,60,0,0,0,0,0,0,0,0,0,0,0,202109270630
3766,Part 21,81,39,50,43,39,50,39,25,0,0,366,45,39,50,43,39,50,39,25,0,0,330,45,39,50,43,39,50,39,25,0,0,330,45,39,50,43,39,50,39,25,0,0,330,45,39,50,43,39,50,39,25,0,0,330,0,0,330,330,330,330,330,0,0,330,330,330,330,330,0,0,330,330,330,2,0,0,0,0,0,0,0,202109270837
3770,Part 26,81,39,50,43,39,50,39,25,0,0,366,45,39,50,43,39,50,39,25,0,0,330,45,39,50,43,39,50,39,25,0,0,330,45,39,50,43,39,50,39,25,0,0,330,45,39,50,43,39,50,39,25,0,0,330,0,0,330,330,330,330,330,0,0,330,330,330,330,330,0,0,330,330,330,2,0,0,0,0,0,0,0,202109270837
3816,Part 21,26,15,21,17,17,20,23,20,0,0,159,22,13,17,15,13,18,14,8,0,0,120,16,13,21,18,15,21,16,10,0,0,130,20,16,20,19,17,21,17,11,0,0,141,19,17,22,15,13,18,13,9,0,0,126,112,0,32,156,292,299,330,380,0,380,380,380,94,0,0,0,0,0,0,0,0,0,0,0,0,0,0,202109270837
3820,Part 26,36,19,26,22,20,26,30,27,0,0,206,27,16,20,18,16,22,17,10,0,0,146,20,17,22,19,17,22,17,11,0,0,145,21,17,21,19,17,21,17,11,0,0,144,19,17,22,17,15,20,15,10,0,0,135,120,0,32,182,344,356,380,380,0,380,380,380,94,0,0,0,0,0,0,0,0,0,0,0,0,0,0,202109270837
3879,Part 21,81,39,50,43,39,50,39,25,0,0,366,45,39,50,43,39,50,39,25,0,0,330,45,39,50,43,39,50,39,25,0,0,330,45,39,50,43,39,50,39,25,0,0,330,45,39,50,43,39,50,39,25,0,0,330,0,0,330,330,330,330,330,0,0,330,330,330,330,330,0,0,330,330,330,2,0,0,0,0,0,0,0,202109270955
3883,Part 26,81,39,50,43,39,50,39,25,0,0,366,45,39,50,43,39,50,39,25,0,0,330,45,39,50,43,39,50,39,25,0,0,330,45,39,50,43,39,50,39,25,0,0,330,45,39,50,43,39,50,39,25,0,0,330,0,0,330,330,330,330,330,0,0,330,330,330,330,330,0,0,330,330,330,2,0,0,0,0,0,0,0,202109270955
3929,Part 21,26,15,21,17,17,20,23,20,0,0,159,22,13,17,15,13,18,14,8,0,0,120,16,13,21,18,15,21,16,10,0,0,130,20,16,20,19,17,21,17,11,0,0,141,19,17,22,15,13,18,13,9,0,0,126,112,0,32,156,292,299,330,380,0,380,380,380,94,0,0,0,0,0,0,0,0,0,0,0,0,0,0,202109270955
3933,Part 26,36,19,26,22,20,26,30,27,0,0,206,27,16,20,18,16,22,17,10,0,0,146,20,17,22,19,17,22,17,11,0,0,145,21,17,21,19,17,21,17,11,0,0,144,19,17,22,17,15,20,15,10,0,0,135,120,0,32,182,344,356,380,380,0,380,380,380,94,0,0,0,0,0,0,0,0,0,0,0,0,0,0,202109270955
3992,Part 21,81,39,50,43,39,50,39,25,0,0,366,45,39,50,43,39,50,39,25,0,0,330,45,39,50,43,39,50,39,25,0,0,330,45,39,50,43,39,50,39,25,0,0,330,45,39,50,43,39,50,39,25,0,0,330,0,0,330,330,330,330,330,0,0,330,330,330,330,330,0,0,330,330,330,2,0,0,0,0,0,0,0,202109271155
3996,Part 26,81,39,50,43,39,50,39,25,0,0,366,45,39,50,43,39,50,39,25,0,0,330,45,39,50,43,39,50,39,25,0,0,330,45,39,50,43,39,50,39,25,0,0,330,45,39,50,43,39,50,39,25,0,0,330,0,0,330,330,330,330,330,0,0,330,330,330,330,330,0,0,330,330,330,2,0,0,0,0,0,0,0,202109271155
4042,Part 21,26,15,21,17,17,20,23,20,0,0,159,22,13,17,15,13,18,14,8,0,0,120,16,13,21,18,15,21,16,10,0,0,130,20,16,20,19,17,21,17,11,0,0,141,19,17,22,15,13,18,13,9,0,0,126,112,0,32,156,292,299,330,380,0,380,380,380,94,0,0,0,0,0,0,0,0,0,0,0,0,0,0,202109271155
4046,Part 26,36,19,26,22,20,26,30,27,0,0,206,27,16,20,18,16,22,17,10,0,0,146,20,17,22,19,17,22,17,11,0,0,145,21,17,21,19,17,21,17,11,0,0,144,19,17,22,17,15,20,15,10,0,0,135,120,0,32,182,344,356,380,380,0,380,380,380,94,0,0,0,0,0,0,0,0,0,0,0,0,0,0,202109271155
4105,Part 21,81,39,50,43,39,50,39,25,0,0,366,45,39,50,43,39,50,39,25,0,0,330,45,39,50,43,39,50,39,25,0,0,330,45,39,50,43,39,50,39,25,0,0,330,45,39,50,43,39,50,39,25,0,0,330,0,0,330,330,330,330,330,0,0,330,330,330,330,330,0,0,330,330,330,2,0,0,0,0,0,0,0,202109271258
4109,Part 26,81,39,50,43,39,50,39,25,0,0,366,45,39,50,43,39,50,39,25,0,0,330,45,39,50,43,39,50,39,25,0,0,330,45,39,50,43,39,50,39,25,0,0,330,45,39,50,43,39,50,39,25,0,0,330,0,0,330,330,330,330,330,0,0,330,330,330,330,330,0,0,330,330,330,2,0,0,0,0,0,0,0,202109271258
4155,Part 21,26,15,21,17,17,20,23,20,0,0,159,22,13,17,15,13,18,14,8,0,0,120,16,13,21,18,15,21,16,10,0,0,130,20,16,20,19,17,21,17,11,0,0,141,19,17,22,15,13,18,13,9,0,0,126,112,0,32,156,292,299,330,380,0,380,380,380,94,0,0,0,0,0,0,0,0,0,0,0,0,0,0,202109271258
4159,Part 26,36,19,26,22,20,26,30,27,0,0,206,27,16,20,18,16,22,17,10,0,0,146,20,17,22,19,17,22,17,11,0,0,145,21,17,21,19,17,21,17,11,0,0,144,19,17,22,17,15,20,15,10,0,0,135,120,0,32,182,344,356,380,380,0,380,380,380,94,0,0,0,0,0,0,0,0,0,0,0,0,0,0,202109271258
4218,Part 21,81,39,50,43,39,50,39,25,0,0,366,45,39,50,43,39,50,39,25,0,0,330,45,39,50,43,39,50,39,25,0,0,330,45,39,50,43,39,50,39,25,0,0,330,45,39,50,43,39,50,39,25,0,0,330,0,0,330,330,330,330,330,0,0,330,330,330,330,330,0,0,330,330,330,2,0,0,0,0,0,0,0,202109280631
4222,Part 26,81,39,50,43,39,50,39,25,0,0,366,45,39,50,43,39,50,39,25,0,0,330,45,39,50,43,39,50,39,25,0,0,330,45,39,50,43,39,50,39,25,0,0,330,45,39,50,43,39,50,39,25,0,0,330,0,0,330,330,330,330,330,0,0,330,330,330,330,330,0,0,330,330,330,2,0,0,0,0,0,0,0,202109280631
4268,Part 21,26,15,21,17,17,20,23,20,0,0,159,22,13,17,15,13,18,14,8,0,0,120,16,13,21,18,15,21,16,10,0,0,130,20,16,20,19,17,21,17,11,0,0,141,19,17,22,15,13,18,13,9,0,0,126,112,0,32,156,292,299,330,380,0,380,380,380,94,0,0,0,0,0,0,0,0,0,0,0,0,0,0,202109280631
4272,Part 26,36,19,26,22,20,26,30,27,0,0,206,27,16,20,18,16,22,17,10,0,0,146,20,17,22,19,17,22,17,11,0,0,145,21,17,21,19,17,21,17,11,0,0,144,19,17,22,17,15,20,15,10,0,0,135,120,0,32,182,344,356,380,380,0,380,380,380,94,0,0,0,0,0,0,0,0,0,0,0,0,0,0,202109280631
4332,Part 21,97,39,50,43,39,50,39,25,0,0,382,45,39,50,43,39,50,39,25,0,0,330,45,39,50,43,39,50,39,25,0,0,330,45,39,50,43,39,50,39,25,0,0,330,0,0,0,0,0,0,0,0,0,0,0,0,330,330,330,330,330,0,0,0,330,330,330,330,0,0,330,330,330,330,12,0,0,0,0,0,0,0,202109280637
4337,Part 26,97,39,50,43,39,50,39,25,0,0,382,45,39,50,43,39,50,39,25,0,0,330,45,39,50,43,39,50,39,25,0,0,330,45,39,50,43,39,50,39,25,0,0,330,0,0,0,0,0,0,0,0,0,0,0,0,330,330,330,330,330,0,0,0,330,330,330,330,0,0,330,330,330,330,12,0,0,0,0,0,0,0,202109280637
4383,Part 21,31,18,19,33,20,18,14,8,0,0,161,15,14,18,15,14,17,16,10,0,0,119,19,16,21,17,16,21,16,11,0,0,137,20,16,22,18,17,22,16,9,0,0,140,16,14,18,15,14,17,14,8,0,0,116,0,109,110,105,105,106,99,0,208,332,380,380,380,307,0,162,0,0,0,0,0,0,0,0,0,0,0,202109280637
4387,Part 26,37,22,24,45,26,21,16,10,0,0,201,18,18,21,19,17,22,17,11,0,0,143,20,17,22,19,17,22,17,11,0,0,145,20,16,22,18,17,22,16,10,0,0,141,18,16,20,17,16,19,16,9,0,0,131,0,113,128,123,123,124,120,0,249,380,380,380,380,307,0,162,0,0,0,0,0,0,0,0,0,0,0,202109280637
4447,Part 21,97,39,50,43,39,50,39,25,0,0,382,45,39,50,43,39,50,39,25,0,0,330,45,39,50,43,39,50,39,25,0,0,330,45,39,50,43,39,50,39,25,0,0,330,0,0,0,0,0,0,0,0,0,0,0,0,330,330,330,330,330,0,0,0,330,330,330,330,0,0,330,330,330,330,12,0,0,0,0,0,0,0,202109281000
4452,Part 26,97,39,50,43,39,50,39,25,0,0,382,45,39,50,43,39,50,39,25,0,0,330,45,39,50,43,39,50,39,25,0,0,330,45,39,50,43,39,50,39,25,0,0,330,0,0,0,0,0,0,0,0,0,0,0,0,330,330,330,330,330,0,0,0,330,330,330,330,0,0,330,330,330,330,12,0,0,0,0,0,0,0,202109281000
4498,Part 21,31,18,19,33,20,18,14,8,0,0,161,15,14,18,15,14,17,16,10,0,0,119,19,16,21,17,16,21,16,11,0,0,137,20,16,22,18,17,22,16,9,0,0,140,16,14,18,15,14,17,14,8,0,0,116,0,109,110,105,105,106,99,0,208,332,380,380,380,307,0,162,0,0,0,0,0,0,0,0,0,0,0,202109281000
4502,Part 26,37,22,24,45,26,21,16,10,0,0,201,18,18,21,19,17,22,17,11,0,0,143,20,17,22,19,17,22,17,11,0,0,145,20,16,22,18,17,22,16,10,0,0,141,18,16,20,17,16,19,16,9,0,0,131,0,113,128,123,123,124,120,0,249,380,380,380,380,307,0,162,0,0,0,0,0,0,0,0,0,0,0,202109281000
4562,Part 21,97,39,50,43,39,50,39,25,0,0,382,45,39,50,43,39,50,39,25,0,0,330,45,39,50,43,39,50,39,25,0,0,330,45,39,50,43,39,50,39,25,0,0,330,0,0,0,0,0,0,0,0,0,0,0,0,330,330,330,330,330,0,0,0,330,330,330,330,0,0,330,330,330,330,12,0,0,0,0,0,0,0,202109281200
4567,Part 26,97,39,50,43,39,50,39,25,0,0,382,45,39,50,43,39,50,39,25,0,0,330,45,39,50,43,39,50,39,25,0,0,330,45,39,50,43,39,50,39,25,0,0,330,0,0,0,0,0,0,0,0,0,0,0,0,330,330,330,330,330,0,0,0,330,330,330,330,0,0,330,330,330,330,12,0,0,0,0,0,0,0,202109281200
4613,Part 21,31,18,19,33,20,18,14,8,0,0,161,15,14,18,15,14,17,16,10,0,0,119,19,16,21,17,16,21,16,11,0,0,137,20,16,22,18,17,22,16,9,0,0,140,16,14,18,15,14,17,14,8,0,0,116,0,109,110,105,105,106,99,0,208,332,380,380,380,307,0,162,0,0,0,0,0,0,0,0,0,0,0,202109281200
4617,Part 26,37,22,24,45,26,21,16,10,0,0,201,18,18,21,19,17,22,17,11,0,0,143,20,17,22,19,17,22,17,11,0,0,145,20,16,22,18,17,22,16,10,0,0,141,18,16,20,17,16,19,16,9,0,0,131,0,113,128,123,123,124,120,0,249,380,380,380,380,307,0,162,0,0,0,0,0,0,0,0,0,0,0,202109281200
4677,Part 21,97,39,50,43,39,50,39,25,0,0,382,45,39,50,43,39,50,39,25,0,0,330,45,39,50,43,39,50,39,25,0,0,330,45,39,50,43,39,50,39,25,0,0,330,0,0,0,0,0,0,0,0,0,0,0,0,330,330,330,330,330,0,0,0,330,330,330,330,0,0,330,330,330,330,12,0,0,0,0,0,0,0,202109281657
4682,Part 26,97,39,50,43,39,50,39,25,0,0,382,45,39,50,43,39,50,39,25,0,0,330,45,39,50,43,39,50,39,25,0,0,330,45,39,50,43,39,50,39,25,0,0,330,0,0,0,0,0,0,0,0,0,0,0,0,330,330,330,330,330,0,0,0,330,330,330,330,0,0,330,330,330,330,12,0,0,0,0,0,0,0,202109281657
4728,Part 21,31,18,19,33,20,18,14,8,0,0,161,15,14,18,15,14,17,16,10,0,0,119,19,16,21,17,16,21,16,11,0,0,137,20,16,22,18,17,22,16,9,0,0,140,16,14,18,15,14,17,14,8,0,0,116,0,109,110,105,105,106,99,0,208,332,380,380,380,307,0,162,0,0,0,0,0,0,0,0,0,0,0,202109281657
4732,Part 26,37,22,24,45,26,21,16,10,0,0,201,18,18,21,19,17,22,17,11,0,0,143,20,17,22,19,17,22,17,11,0,0,145,20,16,22,18,17,22,16,10,0,0,141,18,16,20,17,16,19,16,9,0,0,131,0,113,128,123,123,124,120,0,249,380,380,380,380,307,0,162,0,0,0,0,0,0,0,0,0,0,0,202109281657
4792,Part 21,97,39,50,43,39,50,39,25,0,0,382,45,39,50,43,39,50,39,25,0,0,330,45,39,50,43,39,50,39,25,0,0,330,45,39,50,43,39,50,39,25,0,0,330,0,0,0,0,0,0,0,0,0,0,0,0,330,330,330,330,330,0,0,0,330,330,330,330,0,0,330,330,330,330,12,0,0,0,0,0,0,0,202109281800
4797,Part 26,97,39,50,43,39,50,39,25,0,0,382,45,39,50,43,39,50,39,25,0,0,330,45,39,50,43,39,50,39,25,0,0,330,45,39,50,43,39,50,39,25,0,0,330,0,0,0,0,0,0,0,0,0,0,0,0,330,330,330,330,330,0,0,0,330,330,330,330,0,0,330,330,330,330,12,0,0,0,0,0,0,0,202109281800
4843,Part 21,31,18,19,33,20,18,14,8,0,0,161,15,14,18,15,14,17,16,10,0,0,119,19,16,21,17,16,21,16,11,0,0,137,20,16,22,18,17,22,16,9,0,0,140,16,14,18,15,14,17,14,8,0,0,116,0,109,110,105,105,106,99,0,208,332,380,380,380,307,0,162,0,0,0,0,0,0,0,0,0,0,0,202109281800
4847,Part 26,37,22,24,45,26,21,16,10,0,0,201,18,18,21,19,17,22,17,11,0,0,143,20,17,22,19,17,22,17,11,0,0,145,20,16,22,18,17,22,16,10,0,0,141,18,16,20,17,16,19,16,9,0,0,131,0,113,128,123,123,124,120,0,249,380,380,380,380,307,0,162,0,0,0,0,0,0,0,0,0,0,0,202109281800
4907,Part 21,97,39,50,43,39,50,39,25,0,0,382,45,39,50,43,39,50,39,25,0,0,330,45,39,50,43,39,50,39,25,0,0,330,45,39,50,43,39,50,39,25,0,0,330,0,0,0,0,0,0,0,0,0,0,0,0,330,330,330,330,330,0,0,0,330,330,330,330,0,0,330,330,330,330,12,0,0,0,0,0,0,0,202109290629
4912,Part 26,97,39,50,43,39,50,39,25,0,0,382,45,39,50,43,39,50,39,25,0,0,330,45,39,50,43,39,50,39,25,0,0,330,45,39,50,43,39,50,39,25,0,0,330,0,0,0,0,0,0,0,0,0,0,0,0,330,330,330,330,330,0,0,0,330,330,330,330,0,0,330,330,330,330,12,0,0,0,0,0,0,0,202109290629
4958,Part 21,31,18,19,33,20,18,14,8,0,0,161,15,14,18,15,14,17,16,10,0,0,119,19,16,21,17,16,21,16,11,0,0,137,20,16,22,18,17,22,16,9,0,0,140,16,14,18,15,14,17,14,8,0,0,116,0,109,110,105,105,106,99,0,208,332,380,380,380,307,0,162,0,0,0,0,0,0,0,0,0,0,0,202109290629
4962,Part 26,37,22,24,45,26,21,16,10,0,0,201,18,18,21,19,17,22,17,11,0,0,143,20,17,22,19,17,22,17,11,0,0,145,20,16,22,18,17,22,16,10,0,0,141,18,16,20,17,16,19,16,9,0,0,131,0,113,128,123,123,124,120,0,249,380,380,380,380,307,0,162,0,0,0,0,0,0,0,0,0,0,0,202109290629
5022,Part 21,92,39,50,43,39,50,39,25,0,0,377,45,39,50,43,39,50,39,25,0,0,330,45,39,50,43,39,50,39,25,0,0,330,0,0,0,0,0,0,0,0,0,0,0,0,0,0,0,0,0,0,0,0,0,0,330,330,330,330,330,0,0,0,330,330,330,330,0,0,330,330,330,330,20,0,0,0,0,0,0,0,0,202109290642
5027,Part 26,92,39,50,43,39,50,39,25,0,0,377,45,39,50,43,39,50,39,25,0,0,330,45,39,50,43,39,50,39,25,0,0,330,0,0,0,0,0,0,0,0,0,0,0,0,0,0,0,0,0,0,0,0,0,0,330,330,330,330,330,0,0,0,330,330,330,330,0,0,330,330,330,330,20,0,0,0,0,0,0,0,0,202109290642
5073,Part 21,51,14,18,14,13,18,14,9,0,0,151,15,14,18,18,17,21,16,10,0,0,129,19,16,21,17,18,21,17,11,0,0,140,0,0,0,0,0,0,0,0,0,0,0,0,0,0,0,0,0,0,0,0,0,0,127,113,108,108,106,105,0,102,100,316,359,380,380,0,380,286,0,0,0,0,0,0,0,0,0,0,0,202109290642
5077,Part 26,66,18,21,17,15,23,16,11,0,0,187,19,18,21,19,18,22,17,11,0,0,145,20,17,23,17,18,21,17,11,0,0,144,0,0,0,0,0,0,0,0,0,0,0,0,0,0,0,0,0,0,0,0,0,0,135,122,120,125,124,124,0,122,120,374,380,380,380,0,380,286,0,0,0,0,0,0,0,0,0,0,0,202109290642
5137,Part 21,92,39,50,43,39,50,39,25,0,0,377,45,39,50,43,39,50,39,25,0,0,330,45,39,50,43,39,50,39,25,0,0,330,0,0,0,0,0,0,0,0,0,0,0,0,0,0,0,0,0,0,0,0,0,0,330,330,330,330,330,0,0,0,330,330,330,330,0,0,330,330,330,330,20,0,0,0,0,0,0,0,0,202109291158
5142,Part 26,92,39,50,43,39,50,39,25,0,0,377,45,39,50,43,39,50,39,25,0,0,330,45,39,50,43,39,50,39,25,0,0,330,0,0,0,0,0,0,0,0,0,0,0,0,0,0,0,0,0,0,0,0,0,0,330,330,330,330,330,0,0,0,330,330,330,330,0,0,330,330,330,330,20,0,0,0,0,0,0,0,0,202109291158
5188,Part 21,51,14,18,14,13,18,14,9,0,0,151,15,14,18,18,17,21,16,10,0,0,129,19,16,21,17,18,21,17,11,0,0,140,0,0,0,0,0,0,0,0,0,0,0,0,0,0,0,0,0,0,0,0,0,0,127,113,108,108,106,105,0,102,100,316,359,380,380,0,380,286,0,0,0,0,0,0,0,0,0,0,0,202109291158
5192,Part 26,66,18,21,17,15,23,16,11,0,0,187,19,18,21,19,18,22,17,11,0,0,145,20,17,23,17,18,21,17,11,0,0,144,0,0,0,0,0,0,0,0,0,0,0,0,0,0,0,0,0,0,0,0,0,0,135,122,120,125,124,124,0,122,120,374,380,380,380,0,380,286,0,0,0,0,0,0,0,0,0,0,0,202109291158
5252,Part 21,85,39,50,43,39,50,39,25,0,0,370,45,39,50,43,39,50,39,25,0,0,330,0,0,0,0,0,0,0,0,0,0,0,0,0,0,0,0,0,0,0,0,0,0,45,39,50,43,39,50,39,25,0,0,330,330,330,330,330,0,0,0,330,330,330,330,0,0,330,330,330,330,35,0,0,0,0,0,0,0,0,0,202109300631
5258,Part 26,85,39,50,43,39,50,39,25,0,0,370,45,39,50,43,39,50,39,25,0,0,330,0,0,0,0,0,0,0,0,0,0,0,0,0,0,0,0,0,0,0,0,0,0,45,39,50,43,39,50,39,25,0,0,330,330,330,330,330,0,0,0,330,330,330,330,0,0,330,330,330,330,35,0,0,0,0,0,0,0,0,0,202109300631
5304,Part 21,32,16,16,14,13,18,14,9,0,0,132,16,17,29,24,23,29,22,11,0,0,171,0,0,0,0,0,0,0,0,0,0,0,0,0,0,0,0,0,0,0,0,0,0,22,19,25,20,19,20,17,10,0,0,152,118,149,65,71,106,0,108,100,99,307,357,380,0,380,380,302,0,0,0,0,0,0,0,0,0,0,0,202109300631
5308,Part 26,38,18,20,17,16,22,17,11,0,0,159,20,20,31,26,24,31,24,11,0,0,187,0,0,0,0,0,0,0,0,0,0,0,0,0,0,0,0,0,0,0,0,0,0,22,19,25,20,19,20,17,10,0,0,152,128,170,68,83,124,0,125,120,120,364,380,380,0,380,380,302,0,0,0,0,0,0,0,0,0,0,0,202109300631
5368,Part 21,85,39,50,43,39,50,39,25,0,0,370,45,39,50,43,39,50,39,25,0,0,330,0,0,0,0,0,0,0,0,0,0,0,0,0,0,0,0,0,0,0,0,0,0,45,39,50,43,39,50,39,25,0,0,330,330,330,330,330,0,0,0,330,330,330,330,0,0,330,330,330,330,35,0,0,0,0,0,0,0,0,0,202109300633
5374,Part 26,85,39,50,43,39,50,39,25,0,0,370,45,39,50,43,39,50,39,25,0,0,330,0,0,0,0,0,0,0,0,0,0,0,0,0,0,0,0,0,0,0,0,0,0,45,39,50,43,39,50,39,25,0,0,330,330,330,330,330,0,0,0,330,330,330,330,0,0,330,330,330,330,35,0,0,0,0,0,0,0,0,0,202109300633
5420,Part 21,32,16,16,14,13,18,14,9,0,0,132,16,17,29,24,23,29,22,11,0,0,171,0,0,0,0,0,0,0,0,0,0,0,0,0,0,0,0,0,0,0,0,0,0,22,19,25,20,19,20,17,10,0,0,152,118,149,65,71,106,0,108,100,99,307,357,380,0,380,380,302,0,0,0,0,0,0,0,0,0,0,0,202109300633
5424,Part 26,38,18,20,17,16,22,17,11,0,0,159,20,20,31,26,24,31,24,11,0,0,187,0,0,0,0,0,0,0,0,0,0,0,0,0,0,0,0,0,0,0,0,0,0,22,19,25,20,19,20,17,10,0,0,152,128,170,68,83,124,0,125,120,120,364,380,380,0,380,380,302,0,0,0,0,0,0,0,0,0,0,0,202109300633
5484,Part 21,85,39,50,43,39,50,39,25,0,0,370,45,39,50,43,39,50,39,25,0,0,330,0,0,0,0,0,0,0,0,0,0,0,0,0,0,0,0,0,0,0,0,0,0,45,39,50,43,39,50,39,25,0,0,330,330,330,330,330,0,0,0,330,330,330,330,0,0,330,330,330,330,35,0,0,0,0,0,0,0,0,0,202109301133
5490,Part 26,85,39,50,43,39,50,39,25,0,0,370,45,39,50,43,39,50,39,25,0,0,330,0,0,0,0,0,0,0,0,0,0,0,0,0,0,0,0,0,0,0,0,0,0,45,39,50,43,39,50,39,25,0,0,330,330,330,330,330,0,0,0,330,330,330,330,0,0,330,330,330,330,35,0,0,0,0,0,0,0,0,0,202109301133
5536,Part 21,32,16,16,14,13,18,14,9,0,0,132,16,17,29,24,23,29,22,11,0,0,171,0,0,0,0,0,0,0,0,0,0,0,0,0,0,0,0,0,0,0,0,0,0,22,19,25,20,19,20,17,10,0,0,152,118,149,65,71,106,0,108,100,99,307,357,380,0,380,380,302,0,0,0,0,0,0,0,0,0,0,0,202109301133
5540,Part 26,38,18,20,17,16,22,17,11,0,0,159,20,20,31,26,24,31,24,11,0,0,187,0,0,0,0,0,0,0,0,0,0,0,0,0,0,0,0,0,0,0,0,0,0,22,19,25,20,19,20,17,10,0,0,152,128,170,68,83,124,0,125,120,120,364,380,380,0,380,380,302,0,0,0,0,0,0,0,0,0,0,0,202109301133
5600,Part 21,85,39,50,43,39,50,39,25,0,0,370,45,39,50,43,39,50,39,25,0,0,330,0,0,0,0,0,0,0,0,0,0,0,0,0,0,0,0,0,0,0,0,0,0,45,39,50,43,39,50,39,25,0,0,330,330,330,330,330,0,0,0,330,330,330,330,0,0,330,330,330,330,35,0,0,0,0,0,0,0,0,0,202109301230
5606,Part 26,85,39,50,43,39,50,39,25,0,0,370,45,39,50,43,39,50,39,25,0,0,330,0,0,0,0,0,0,0,0,0,0,0,0,0,0,0,0,0,0,0,0,0,0,45,39,50,43,39,50,39,25,0,0,330,330,330,330,330,0,0,0,330,330,330,330,0,0,330,330,330,330,35,0,0,0,0,0,0,0,0,0,202109301230
5652,Part 21,32,16,16,14,13,18,14,9,0,0,132,16,17,29,24,23,29,22,11,0,0,171,0,0,0,0,0,0,0,0,0,0,0,0,0,0,0,0,0,0,0,0,0,0,22,19,25,20,19,20,17,10,0,0,152,118,149,65,71,106,0,108,100,99,307,357,380,0,380,380,302,0,0,0,0,0,0,0,0,0,0,0,202109301230
5656,Part 26,38,18,20,17,16,22,17,11,0,0,159,20,20,31,26,24,31,24,11,0,0,187,0,0,0,0,0,0,0,0,0,0,0,0,0,0,0,0,0,0,0,0,0,0,22,19,25,20,19,20,17,10,0,0,152,128,170,68,83,124,0,125,120,120,364,380,380,0,380,380,302,0,0,0,0,0,0,0,0,0,0,0,202109301230
5716,Part 21,85,39,50,43,39,50,39,25,0,0,370,45,39,50,43,39,50,39,25,0,0,330,0,0,0,0,0,0,0,0,0,0,0,0,0,0,0,0,0,0,0,0,0,0,45,39,50,43,39,50,39,25,0,0,330,330,330,330,330,0,0,0,330,330,330,330,0,0,330,330,330,330,35,0,0,0,0,0,0,0,0,0,202109301333
5722,Part 26,85,39,50,43,39,50,39,25,0,0,370,45,39,50,43,39,50,39,25,0,0,330,0,0,0,0,0,0,0,0,0,0,0,0,0,0,0,0,0,0,0,0,0,0,45,39,50,43,39,50,39,25,0,0,330,330,330,330,330,0,0,0,330,330,330,330,0,0,330,330,330,330,35,0,0,0,0,0,0,0,0,0,202109301333
5768,Part 21,32,16,16,14,13,18,14,9,0,0,132,16,17,29,24,23,29,22,11,0,0,171,0,0,0,0,0,0,0,0,0,0,0,0,0,0,0,0,0,0,0,0,0,0,22,19,25,20,19,20,17,10,0,0,152,118,149,65,71,106,0,108,100,99,307,357,380,0,380,380,302,0,0,0,0,0,0,0,0,0,0,0,202109301333
5772,Part 26,38,18,20,17,16,22,17,11,0,0,159,20,20,31,26,24,31,24,11,0,0,187,0,0,0,0,0,0,0,0,0,0,0,0,0,0,0,0,0,0,0,0,0,0,22,19,25,20,19,20,17,10,0,0,152,128,170,68,83,124,0,125,120,120,364,380,380,0,380,380,302,0,0,0,0,0,0,0,0,0,0,0,202109301333
5832,Part 21,85,39,50,43,39,50,39,25,0,0,370,45,39,50,43,39,50,39,25,0,0,330,0,0,0,0,0,0,0,0,0,0,0,0,0,0,0,0,0,0,0,0,0,0,45,39,50,43,39,50,39,25,0,0,330,330,330,330,330,0,0,0,330,330,330,330,0,0,330,330,330,330,35,0,0,0,0,0,0,0,0,0,202109301534
5838,Part 26,85,39,50,43,39,50,39,25,0,0,370,45,39,50,43,39,50,39,25,0,0,330,0,0,0,0,0,0,0,0,0,0,0,0,0,0,0,0,0,0,0,0,0,0,45,39,50,43,39,50,39,25,0,0,330,330,330,330,330,0,0,0,330,330,330,330,0,0,330,330,330,330,35,0,0,0,0,0,0,0,0,0,202109301534
5884,Part 21,32,16,16,14,13,18,14,9,0,0,132,16,17,29,24,23,29,22,11,0,0,171,0,0,0,0,0,0,0,0,0,0,0,0,0,0,0,0,0,0,0,0,0,0,22,19,25,20,19,20,17,10,0,0,152,118,149,65,71,106,0,108,100,99,307,357,380,0,380,380,302,0,0,0,0,0,0,0,0,0,0,0,202109301534
5888,Part 26,38,18,20,17,16,22,17,11,0,0,159,20,20,31,26,24,31,24,11,0,0,187,0,0,0,0,0,0,0,0,0,0,0,0,0,0,0,0,0,0,0,0,0,0,22,19,25,20,19,20,17,10,0,0,152,128,170,68,83,124,0,125,120,120,364,380,380,0,380,380,302,0,0,0,0,0,0,0,0,0,0,0,202109301534
5948,Part 21,85,39,50,43,39,50,39,25,0,0,370,45,39,50,43,39,50,39,25,0,0,330,0,0,0,0,0,0,0,0,0,0,0,0,0,0,0,0,0,0,0,0,0,0,45,39,50,43,39,50,39,25,0,0,330,330,330,330,330,0,0,0,330,330,330,330,0,0,330,330,330,330,35,0,0,0,0,0,0,0,0,0,202109301630
5954,Part 26,85,39,50,43,39,50,39,25,0,0,370,45,39,50,43,39,50,39,25,0,0,330,0,0,0,0,0,0,0,0,0,0,0,0,0,0,0,0,0,0,0,0,0,0,45,39,50,43,39,50,39,25,0,0,330,330,330,330,330,0,0,0,330,330,330,330,0,0,330,330,330,330,35,0,0,0,0,0,0,0,0,0,202109301630
6000,Part 21,32,16,16,14,13,18,14,9,0,0,132,16,17,29,24,23,29,22,11,0,0,171,0,0,0,0,0,0,0,0,0,0,0,0,0,0,0,0,0,0,0,0,0,0,22,19,25,20,19,20,17,10,0,0,152,118,149,65,71,106,0,108,100,99,307,357,380,0,380,380,302,0,0,0,0,0,0,0,0,0,0,0,202109301630
6004,Part 26,38,18,20,17,16,22,17,11,0,0,159,20,20,31,26,24,31,24,11,0,0,187,0,0,0,0,0,0,0,0,0,0,0,0,0,0,0,0,0,0,0,0,0,0,22,19,25,20,19,20,17,10,0,0,152,128,170,68,83,124,0,125,120,120,364,380,380,0,380,380,302,0,0,0,0,0,0,0,0,0,0,0,202109301630
6064,Part 21,85,39,50,43,39,50,39,25,0,0,370,45,39,50,43,39,50,39,25,0,0,330,0,0,0,0,0,0,0,0,0,0,0,0,0,0,0,0,0,0,0,0,0,0,45,39,50,43,39,50,39,25,0,0,330,330,330,330,330,0,0,0,330,330,330,330,0,0,330,330,330,330,35,0,0,0,0,0,0,0,0,0,202109301734
6070,Part 26,85,39,50,43,39,50,39,25,0,0,370,45,39,50,43,39,50,39,25,0,0,330,0,0,0,0,0,0,0,0,0,0,0,0,0,0,0,0,0,0,0,0,0,0,45,39,50,43,39,50,39,25,0,0,330,330,330,330,330,0,0,0,330,330,330,330,0,0,330,330,330,330,35,0,0,0,0,0,0,0,0,0,202109301734
6116,Part 21,32,16,16,14,13,18,14,9,0,0,132,16,17,29,24,23,29,22,11,0,0,171,0,0,0,0,0,0,0,0,0,0,0,0,0,0,0,0,0,0,0,0,0,0,22,19,25,20,19,20,17,10,0,0,152,118,149,65,71,106,0,108,100,99,307,357,380,0,380,380,302,0,0,0,0,0,0,0,0,0,0,0,202109301734
6120,Part 26,38,18,20,17,16,22,17,11,0,0,159,20,20,31,26,24,31,24,11,0,0,187,0,0,0,0,0,0,0,0,0,0,0,0,0,0,0,0,0,0,0,0,0,0,22,19,25,20,19,20,17,10,0,0,152,128,170,68,83,124,0,125,120,120,364,380,380,0,380,380,302,0,0,0,0,0,0,0,0,0,0,0,202109301734
6180,Part 21,85,39,50,43,39,50,39,25,0,0,370,45,39,50,43,39,50,39,25,0,0,330,0,0,0,0,0,0,0,0,0,0,0,0,0,0,0,0,0,0,0,0,0,0,45,39,50,43,39,50,39,25,0,0,330,330,330,330,330,0,0,0,330,330,330,330,0,0,330,330,330,330,35,0,0,0,0,0,0,0,0,0,202110010631
6186,Part 26,85,39,50,43,39,50,39,25,0,0,370,45,39,50,43,39,50,39,25,0,0,330,0,0,0,0,0,0,0,0,0,0,0,0,0,0,0,0,0,0,0,0,0,0,45,39,50,43,39,50,39,25,0,0,330,330,330,330,330,0,0,0,330,330,330,330,0,0,330,330,330,330,35,0,0,0,0,0,0,0,0,0,202110010631
6232,Part 21,32,16,16,14,13,18,14,9,0,0,132,16,17,29,24,23,29,22,11,0,0,171,0,0,0,0,0,0,0,0,0,0,0,0,0,0,0,0,0,0,0,0,0,0,22,19,25,20,19,20,17,10,0,0,152,118,149,65,71,106,0,108,100,99,307,357,380,0,380,380,302,0,0,0,0,0,0,0,0,0,0,0,202110010631
6236,Part 26,38,18,20,17,16,22,17,11,0,0,159,20,20,31,26,24,31,24,11,0,0,187,0,0,0,0,0,0,0,0,0,0,0,0,0,0,0,0,0,0,0,0,0,0,22,19,25,20,19,20,17,10,0,0,152,128,170,68,83,124,0,125,120,120,364,380,380,0,380,380,302,0,0,0,0,0,0,0,0,0,0,0,202110010631
6296,Part 21,77,39,50,43,39,50,39,25,0,0,362,0,0,0,0,0,0,0,0,0,0,0,0,0,0,0,0,0,0,0,0,0,0,45,39,50,43,39,50,39,23,0,0,328,45,39,50,43,39,50,39,25,0,0,330,330,330,330,0,0,0,330,330,330,330,0,0,330,330,330,330,61,0,0,0,0,0,0,0,0,0,0,202110010635
6302,Part 26,77,39,50,43,39,50,39,25,0,0,362,0,0,0,0,0,0,0,0,0,0,0,0,0,0,0,0,0,0,0,0,0,0,45,39,50,43,39,50,39,24,0,0,329,45,39,50,43,39,50,39,25,0,0,330,330,330,330,0,0,0,330,330,330,330,0,0,330,330,330,330,61,0,0,0,0,0,0,0,0,0,0,202110010635
6348,Part 21,24,12,18,15,19,30,22,14,0,0,154,0,0,0,0,0,0,0,0,0,0,0,0,0,0,0,0,0,0,0,0,0,0,25,24,24,22,18,25,18,12,0,0,168,19,16,21,17,16,20,16,8,0,0,133,127,152,18,92,0,105,110,106,211,335,380,0,380,380,306,376,166,0,0,0,0,0,0,0,0,0,0,202110010635
6352,Part 26,30,15,22,19,21,32,24,15,0,0,178,0,0,0,0,0,0,0,0,0,0,0,0,0,0,0,0,0,0,0,0,0,0,27,25,25,22,18,25,18,12,0,0,172,19,16,21,17,16,20,16,9,0,0,134,152,160,22,111,0,123,129,125,255,380,380,0,380,380,307,380,166,0,0,0,0,0,0,0,0,0,0,202110010635
6412,Part 21,77,39,50,43,39,50,39,25,0,0,362,0,0,0,0,0,0,0,0,0,0,0,0,0,0,0,0,0,0,0,0,0,0,45,39,50,43,39,50,39,23,0,0,328,45,39,50,43,39,50,39,25,0,0,330,330,330,330,0,0,0,330,330,330,330,0,0,330,330,330,330,61,0,0,0,0,0,0,0,0,0,0,202110010708
6418,Part 26,77,39,50,43,39,50,39,25,0,0,362,0,0,0,0,0,0,0,0,0,0,0,0,0,0,0,0,0,0,0,0,0,0,45,39,50,43,39,50,39,24,0,0,329,45,39,50,43,39,50,39,25,0,0,330,330,330,330,0,0,0,330,330,330,330,0,0,330,330,330,330,61,0,0,0,0,0,0,0,0,0,0,202110010708
6464,Part 21,24,12,18,15,19,30,22,14,0,0,154,0,0,0,0,0,0,0,0,0,0,0,0,0,0,0,0,0,0,0,0,0,0,25,24,24,22,18,25,18,12,0,0,168,19,16,21,17,16,20,16,8,0,0,133,127,152,18,92,0,105,110,106,211,335,380,0,380,380,306,376,166,0,0,0,0,0,0,0,0,0,0,202110010708
6468,Part 26,30,15,22,19,21,32,24,15,0,0,178,0,0,0,0,0,0,0,0,0,0,0,0,0,0,0,0,0,0,0,0,0,0,27,25,25,22,18,25,18,12,0,0,172,19,16,21,17,16,20,16,9,0,0,134,152,160,22,111,0,123,129,125,255,380,380,0,380,380,307,380,166,0,0,0,0,0,0,0,0,0,0,202110010708
6528,Part 21,77,39,50,43,39,50,39,25,0,0,362,0,0,0,0,0,0,0,0,0,0,0,0,0,0,0,0,0,0,0,0,0,0,45,39,50,43,39,50,39,23,0,0,328,45,39,50,43,39,50,39,25,0,0,330,330,330,330,0,0,0,330,330,330,330,0,0,330,330,330,330,61,0,0,0,0,0,0,0,0,0,0,202110020705
6534,Part 26,77,39,50,43,39,50,39,25,0,0,362,0,0,0,0,0,0,0,0,0,0,0,0,0,0,0,0,0,0,0,0,0,0,45,39,50,43,39,50,39,24,0,0,329,45,39,50,43,39,50,39,25,0,0,330,330,330,330,0,0,0,330,330,330,330,0,0,330,330,330,330,61,0,0,0,0,0,0,0,0,0,0,202110020705
6580,Part 21,24,12,18,15,19,30,22,14,0,0,154,0,0,0,0,0,0,0,0,0,0,0,0,0,0,0,0,0,0,0,0,0,0,25,24,24,22,18,25,18,12,0,0,168,19,16,21,17,16,20,16,8,0,0,133,127,152,18,92,0,105,110,106,211,335,380,0,380,380,306,376,166,0,0,0,0,0,0,0,0,0,0,202110020705
6584,Part 26,30,15,22,19,21,32,24,15,0,0,178,0,0,0,0,0,0,0,0,0,0,0,0,0,0,0,0,0,0,0,0,0,0,27,25,25,22,18,25,18,12,0,0,172,19,16,21,17,16,20,16,9,0,0,134,152,160,22,111,0,123,129,125,255,380,380,0,380,380,307,380,166,0,0,0,0,0,0,0,0,0,0,202110020705
6644,Part 21,0,0,0,0,0,0,0,0,0,0,0,0,0,0,0,0,0,0,0,0,0,0,82,39,50,43,39,50,39,25,0,0,367,45,39,50,43,39,50,37,25,0,0,328,45,39,50,43,39,50,39,25,0,0,330,330,330,0,0,0,330,330,330,330,0,0,330,330,330,330,61,0,0,0,0,0,0,0,0,0,0,0,202110020835
6650,Part 26,0,0,0,0,0,0,0,0,0,0,0,0,0,0,0,0,0,0,0,0,0,0,82,39,50,43,39,50,39,25,0,0,367,45,39,50,43,39,50,39,25,0,0,330,45,39,50,43,39,50,39,25,0,0,330,330,330,0,0,0,330,330,330,330,0,0,330,330,330,330,61,0,0,0,0,0,0,0,0,0,0,0,202110020835
6696,Part 21,0,0,0,0,0,0,0,0,0,0,0,0,0,0,0,0,0,0,0,0,0,0,32,25,29,23,23,25,19,12,0,0,188,22,19,24,21,20,26,20,12,0,0,164,24,16,20,18,17,20,17,9,0,0,141,115,124,83,0,20,34,126,102,233,333,0,380,307,380,380,380,148,0,0,0,0,0,0,0,0,0,0,202110020835
6700,Part 26,0,0,0,0,0,0,0,0,0,0,0,0,0,0,0,0,0,0,0,0,0,0,36,26,31,25,25,25,19,12,0,0,199,22,19,24,21,20,26,20,12,0,0,164,24,18,23,20,19,23,19,11,0,0,157,128,136,103,0,34,39,148,122,273,380,0,380,307,380,380,380,148,0,0,0,0,0,0,0,0,0,0,202110020835
6760,Part 21,0,0,0,0,0,0,0,0,0,0,0,0,0,0,0,0,0,0,0,0,0,0,82,39,50,43,39,50,39,25,0,0,367,45,39,50,43,39,50,37,25,0,0,328,45,39,50,43,39,50,39,25,0,0,330,330,330,0,0,0,330,330,330,330,0,0,330,330,330,330,61,0,0,0,0,0,0,0,0,0,0,0,202110030703
6766,Part 26,0,0,0,0,0,0,0,0,0,0,0,0,0,0,0,0,0,0,0,0,0,0,82,39,50,43,39,50,39,25,0,0,367,45,39,50,43,39,50,39,25,0,0,330,45,39,50,43,39,50,39,25,0,0,330,330,330,0,0,0,330,330,330,330,0,0,330,330,330,330,61,0,0,0,0,0,0,0,0,0,0,0,202110030703
6812,Part 21,0,0,0,0,0,0,0,0,0,0,0,0,0,0,0,0,0,0,0,0,0,0,32,25,29,23,23,25,19,12,0,0,188,22,19,24,21,20,26,20,12,0,0,164,24,16,20,18,17,20,17,9,0,0,141,115,124,83,0,20,34,126,102,233,333,0,380,307,380,380,380,148,0,0,0,0,0,0,0,0,0,0,202110030703
6816,Part 26,0,0,0,0,0,0,0,0,0,0,0,0,0,0,0,0,0,0,0,0,0,0,36,26,31,25,25,25,19,12,0,0,199,22,19,24,21,20,26,20,12,0,0,164,24,18,23,20,19,23,19,11,0,0,157,128,136,103,0,34,39,148,122,273,380,0,380,307,380,380,380,148,0,0,0,0,0,0,0,0,0,0,202110030703
6876,Part 21,0,0,0,0,0,0,0,0,0,0,0,0,0,0,0,0,0,0,0,0,0,0,82,39,50,43,39,50,39,25,0,0,367,45,39,50,43,39,50,37,25,0,0,328,45,39,50,43,39,50,39,25,0,0,330,330,330,0,0,0,330,330,330,330,0,0,330,330,330,330,61,0,0,0,0,0,0,0,0,0,0,0,202110040554
6882,Part 26,0,0,0,0,0,0,0,0,0,0,0,0,0,0,0,0,0,0,0,0,0,0,82,39,50,43,39,50,39,25,0,0,367,45,39,50,43,39,50,39,25,0,0,330,45,39,50,43,39,50,39,25,0,0,330,330,330,0,0,0,330,330,330,330,0,0,330,330,330,330,61,0,0,0,0,0,0,0,0,0,0,0,202110040554
6928,Part 21,0,0,0,0,0,0,0,0,0,0,0,0,0,0,0,0,0,0,0,0,0,0,32,25,29,23,23,25,19,12,0,0,188,22,19,24,21,20,26,20,12,0,0,164,24,16,20,18,17,20,17,9,0,0,141,115,124,83,0,20,34,126,102,233,333,0,380,307,380,380,380,148,0,0,0,0,0,0,0,0,0,0,202110040554
6932,Part 26,0,0,0,0,0,0,0,0,0,0,0,0,0,0,0,0,0,0,0,0,0,0,36,26,31,25,25,25,19,12,0,0,199,22,19,24,21,20,26,20,12,0,0,164,24,18,23,20,19,23,19,11,0,0,157,128,136,103,0,34,39,148,122,273,380,0,380,307,380,380,380,148,0,0,0,0,0,0,0,0,0,0,202110040554
6992,Part 21,82,39,50,42,39,50,39,25,0,0,366,45,39,50,43,39,50,38,25,0,0,329,45,39,50,43,39,50,39,25,0,0,330,45,39,50,43,39,50,39,25,0,0,330,45,39,50,43,39,50,39,25,0,0,330,0,0,0,330,330,330,330,0,0,330,330,330,330,61,0,0,0,0,0,0,0,0,0,0,0,0,0,202110040626
6997,Part 26,82,39,50,43,39,50,39,25,0,0,367,45,39,50,43,39,50,39,25,0,0,330,45,39,50,43,39,50,39,25,0,0,330,45,39,50,43,39,50,39,25,0,0,330,45,39,50,43,39,50,39,25,0,0,330,0,0,0,330,330,330,330,0,0,330,330,330,330,61,0,0,0,0,0,0,0,0,0,0,0,0,0,202110040626
7043,Part 21,32,25,29,23,23,25,19,12,0,0,188,22,19,24,21,20,26,20,12,0,0,164,24,16,20,18,17,20,17,9,0,0,141,16,13,18,15,13,17,14,9,0,0,115,18,17,20,16,16,19,11,7,0,0,124,83,0,20,34,126,102,233,333,0,380,307,380,380,380,148,0,0,0,0,0,0,0,0,0,0,0,0,202110040626
7047,Part 26,36,26,31,25,25,25,19,12,0,0,199,22,19,24,21,20,26,20,12,0,0,164,24,18,23,20,19,23,19,11,0,0,157,18,15,20,16,15,19,15,10,0,0,128,20,18,22,17,17,21,13,8,0,0,136,103,0,34,39,148,122,273,380,0,380,307,380,380,380,148,0,0,0,0,0,0,0,0,0,0,0,0,202110040626
7107,Part 21,82,39,50,42,39,50,39,25,0,0,366,45,39,50,43,39,50,38,25,0,0,329,45,39,50,43,39,50,39,25,0,0,330,45,39,50,43,39,50,39,25,0,0,330,45,39,50,43,39,50,39,25,0,0,330,0,0,0,330,330,330,330,0,0,330,330,330,330,61,0,0,0,0,0,0,0,0,0,0,0,0,0,202110040630
7112,Part 26,82,39,50,43,39,50,39,25,0,0,367,45,39,50,43,39,50,39,25,0,0,330,45,39,50,43,39,50,39,25,0,0,330,45,39,50,43,39,50,39,25,0,0,330,45,39,50,43,39,50,39,25,0,0,330,0,0,0,330,330,330,330,0,0,330,330,330,330,61,0,0,0,0,0,0,0,0,0,0,0,0,0,202110040630
7158,Part 21,32,25,29,23,23,25,19,12,0,0,188,22,19,24,21,20,26,20,12,0,0,164,24,16,20,18,17,20,17,9,0,0,141,16,13,18,15,13,17,14,9,0,0,115,18,17,20,16,16,19,11,7,0,0,124,83,0,20,34,126,102,233,333,0,380,307,380,380,380,148,0,0,0,0,0,0,0,0,0,0,0,0,202110040630
7162,Part 26,36,26,31,25,25,25,19,12,0,0,199,22,19,24,21,20,26,20,12,0,0,164,24,18,23,20,19,23,19,11,0,0,157,18,15,20,16,15,19,15,10,0,0,128,20,18,22,17,17,21,13,8,0,0,136,103,0,34,39,148,122,273,380,0,380,307,380,380,380,148,0,0,0,0,0,0,0,0,0,0,0,0,202110040630
7222,Part 21,82,39,50,42,39,50,39,25,0,0,366,45,39,50,43,39,50,38,25,0,0,329,45,39,50,43,39,50,39,25,0,0,330,45,39,50,43,39,50,39,25,0,0,330,45,39,50,43,39,50,39,25,0,0,330,0,0,0,330,330,330,330,0,0,330,330,330,330,61,0,0,0,0,0,0,0,0,0,0,0,0,0,202110041127
7227,Part 26,82,39,50,43,39,50,39,25,0,0,367,45,39,50,43,39,50,39,25,0,0,330,45,39,50,43,39,50,39,25,0,0,330,45,39,50,43,39,50,39,25,0,0,330,45,39,50,43,39,50,39,25,0,0,330,0,0,0,330,330,330,330,0,0,330,330,330,330,61,0,0,0,0,0,0,0,0,0,0,0,0,0,202110041127
7273,Part 21,32,25,29,23,23,25,19,12,0,0,188,22,19,24,21,20,26,20,12,0,0,164,24,16,20,18,17,20,17,9,0,0,141,16,13,18,15,13,17,14,9,0,0,115,18,17,20,16,16,19,11,7,0,0,124,83,0,20,34,126,102,233,333,0,380,307,380,380,380,148,0,0,0,0,0,0,0,0,0,0,0,0,202110041127
7277,Part 26,36,26,31,25,25,25,19,12,0,0,199,22,19,24,21,20,26,20,12,0,0,164,24,18,23,20,19,23,19,11,0,0,157,18,15,20,16,15,19,15,10,0,0,128,20,18,22,17,17,21,13,8,0,0,136,103,0,34,39,148,122,273,380,0,380,307,380,380,380,148,0,0,0,0,0,0,0,0,0,0,0,0,202110041127
7337,Part 21,82,39,50,42,39,50,39,25,0,0,366,45,39,50,43,39,50,38,25,0,0,329,45,39,50,43,39,50,39,25,0,0,330,45,39,50,43,39,50,39,25,0,0,330,45,39,50,43,39,50,39,25,0,0,330,0,0,0,330,330,330,330,0,0,330,330,330,330,61,0,0,0,0,0,0,0,0,0,0,0,0,0,202110041630
7342,Part 26,82,39,50,43,39,50,39,25,0,0,367,45,39,50,43,39,50,39,25,0,0,330,45,39,50,43,39,50,39,25,0,0,330,45,39,50,43,39,50,39,25,0,0,330,45,39,50,43,39,50,39,25,0,0,330,0,0,0,330,330,330,330,0,0,330,330,330,330,61,0,0,0,0,0,0,0,0,0,0,0,0,0,202110041630
7388,Part 21,32,25,29,23,23,25,19,12,0,0,188,22,19,24,21,20,26,20,12,0,0,164,24,16,20,18,17,20,17,9,0,0,141,16,13,18,15,13,17,14,9,0,0,115,18,17,20,16,16,19,11,7,0,0,124,83,0,20,34,126,102,233,333,0,380,307,380,380,380,148,0,0,0,0,0,0,0,0,0,0,0,0,202110041630
7392,Part 26,36,26,31,25,25,25,19,12,0,0,199,22,19,24,21,20,26,20,12,0,0,164,24,18,23,20,19,23,19,11,0,0,157,18,15,20,16,15,19,15,10,0,0,128,20,18,22,17,17,21,13,8,0,0,136,103,0,34,39,148,122,273,380,0,380,307,380,380,380,148,0,0,0,0,0,0,0,0,0,0,0,0,202110041630
7452,Part 21,82,39,50,42,39,50,39,25,0,0,366,45,39,50,43,39,50,38,25,0,0,329,45,39,50,43,39,50,39,25,0,0,330,45,39,50,43,39,50,39,25,0,0,330,45,39,50,43,39,50,39,25,0,0,330,0,0,0,330,330,330,330,0,0,330,330,330,330,61,0,0,0,0,0,0,0,0,0,0,0,0,0,202110050632
7457,Part 26,82,39,50,43,39,50,39,25,0,0,367,45,39,50,43,39,50,39,25,0,0,330,45,39,50,43,39,50,39,25,0,0,330,45,39,50,43,39,50,39,25,0,0,330,45,39,50,43,39,50,39,25,0,0,330,0,0,0,330,330,330,330,0,0,330,330,330,330,61,0,0,0,0,0,0,0,0,0,0,0,0,0,202110050632
7503,Part 21,32,25,29,23,23,25,19,12,0,0,188,22,19,24,21,20,26,20,12,0,0,164,24,16,20,18,17,20,17,9,0,0,141,16,13,18,15,13,17,14,9,0,0,115,18,17,20,16,16,19,11,7,0,0,124,83,0,20,34,126,102,233,333,0,380,307,380,380,380,148,0,0,0,0,0,0,0,0,0,0,0,0,202110050632
7507,Part 26,36,26,31,25,25,25,19,12,0,0,199,22,19,24,21,20,26,20,12,0,0,164,24,18,23,20,19,23,19,11,0,0,157,18,15,20,16,15,19,15,10,0,0,128,20,18,22,17,17,21,13,8,0,0,136,103,0,34,39,148,122,273,380,0,380,307,380,380,380,148,0,0,0,0,0,0,0,0,0,0,0,0,202110050632
7567,Part 21,82,39,50,43,39,50,39,25,0,0,367,45,39,50,43,39,50,39,25,0,0,330,45,39,50,43,39,50,39,25,0,0,330,45,39,50,43,39,50,39,25,0,0,330,45,39,50,43,39,50,39,25,0,0,330,0,0,330,330,330,330,0,0,330,330,330,138,0,0,0,0,0,0,0,0,0,0,0,0,0,0,0,202110050639
7572,Part 26,83,39,50,43,39,50,39,25,0,0,368,45,39,50,43,39,50,39,25,0,0,330,45,39,50,43,39,50,39,25,0,0,330,45,39,50,43,39,50,39,25,0,0,330,45,39,50,43,39,50,39,25,0,0,330,0,0,330,330,330,330,0,0,330,330,330,138,0,0,0,0,0,0,0,0,0,0,0,0,0,0,0,202110050639
7618,Part 21,33,15,20,14,15,18,15,10,0,0,140,17,15,20,17,15,20,8,8,0,0,120,18,17,21,17,17,20,13,8,0,0,131,16,13,18,13,15,19,16,11,0,0,121,18,15,20,15,12,16,11,8,0,0,115,0,73,4,72,120,94,296,0,352,380,307,380,380,380,0,40,0,0,0,0,0,0,0,0,0,0,0,202110050639
7622,Part 26,34,15,20,14,15,18,15,10,0,0,141,17,15,20,17,15,20,16,9,0,0,129,21,19,23,20,19,23,15,9,0,0,149,18,14,20,15,16,21,17,12,0,0,133,19,17,21,17,14,18,14,9,0,0,129,0,93,6,84,140,115,349,0,380,380,307,380,380,380,0,40,0,0,0,0,0,0,0,0,0,0,0,202110050639
7682,Part 21,82,39,50,43,39,50,39,25,0,0,367,45,39,50,43,39,50,39,25,0,0,330,45,39,50,43,39,50,39,25,0,0,330,45,39,50,43,39,50,39,25,0,0,330,45,39,50,43,39,50,39,25,0,0,330,0,0,330,330,330,330,0,0,330,330,330,138,0,0,0,0,0,0,0,0,0,0,0,0,0,0,0,202110050701
7687,Part 26,83,39,50,43,39,50,39,25,0,0,368,45,39,50,43,39,50,39,25,0,0,330,45,39,50,43,39,50,39,25,0,0,330,45,39,50,43,39,50,39,25,0,0,330,45,39,50,43,39,50,39,25,0,0,330,0,0,330,330,330,330,0,0,330,330,330,138,0,0,0,0,0,0,0,0,0,0,0,0,0,0,0,202110050701
7733,Part 21,33,15,20,14,15,18,15,10,0,0,140,17,15,20,17,15,20,8,8,0,0,120,18,17,21,17,17,20,13,8,0,0,131,16,13,18,13,15,19,16,11,0,0,121,18,15,20,15,12,16,11,8,0,0,115,0,73,4,72,120,94,296,0,352,380,307,380,380,380,0,40,0,0,0,0,0,0,0,0,0,0,0,202110050701
7737,Part 26,34,15,20,14,15,18,15,10,0,0,141,17,15,20,17,15,20,16,9,0,0,129,21,19,23,20,19,23,15,9,0,0,149,18,14,20,15,16,21,17,12,0,0,133,19,17,21,17,14,18,14,9,0,0,129,0,93,6,84,140,115,349,0,380,380,307,380,380,380,0,40,0,0,0,0,0,0,0,0,0,0,0,202110050701
7797,Part 21,82,39,50,43,39,50,39,25,0,0,367,45,39,50,43,39,50,39,25,0,0,330,45,39,50,43,39,50,39,25,0,0,330,45,39,50,43,39,50,39,25,0,0,330,45,39,50,43,39,50,39,25,0,0,330,0,0,330,330,330,330,0,0,330,330,330,138,0,0,0,0,0,0,0,0,0,0,0,0,0,0,0,202110051029
7802,Part 26,83,39,50,43,39,50,39,25,0,0,368,45,39,50,43,39,50,39,25,0,0,330,45,39,50,43,39,50,39,25,0,0,330,45,39,50,43,39,50,39,25,0,0,330,45,39,50,43,39,50,39,25,0,0,330,0,0,330,330,330,330,0,0,330,330,330,138,0,0,0,0,0,0,0,0,0,0,0,0,0,0,0,202110051029
7848,Part 21,33,15,20,14,15,18,15,10,0,0,140,17,15,20,17,15,20,8,8,0,0,120,18,17,21,17,17,20,13,8,0,0,131,16,13,18,13,15,19,16,11,0,0,121,18,15,20,15,12,16,11,8,0,0,115,0,73,4,72,120,94,296,0,352,380,307,380,380,380,0,40,0,0,0,0,0,0,0,0,0,0,0,202110051029
7852,Part 26,34,15,20,14,15,18,15,10,0,0,141,17,15,20,17,15,20,16,9,0,0,129,21,19,23,20,19,23,15,9,0,0,149,18,14,20,15,16,21,17,12,0,0,133,19,17,21,17,14,18,14,9,0,0,129,0,93,6,84,140,115,349,0,380,380,307,380,380,380,0,40,0,0,0,0,0,0,0,0,0,0,0,202110051029
7912,Part 21,82,39,50,43,39,50,39,25,0,0,367,45,39,50,43,39,50,39,25,0,0,330,45,39,50,43,39,50,39,25,0,0,330,45,39,50,43,39,50,39,25,0,0,330,45,39,50,43,39,50,39,25,0,0,330,0,0,330,330,330,330,0,0,330,330,330,138,0,0,0,0,0,0,0,0,0,0,0,0,0,0,0,202110060600
7917,Part 26,83,39,50,43,39,50,39,25,0,0,368,45,39,50,43,39,50,39,25,0,0,330,45,39,50,43,39,50,39,25,0,0,330,45,39,50,43,39,50,39,25,0,0,330,45,39,50,43,39,50,39,25,0,0,330,0,0,330,330,330,330,0,0,330,330,330,138,0,0,0,0,0,0,0,0,0,0,0,0,0,0,0,202110060600
7963,Part 21,33,15,20,14,15,18,15,10,0,0,140,17,15,20,17,15,20,8,8,0,0,120,18,17,21,17,17,20,13,8,0,0,131,16,13,18,13,15,19,16,11,0,0,121,18,15,20,15,12,16,11,8,0,0,115,0,73,4,72,120,94,296,0,352,380,307,380,380,380,0,40,0,0,0,0,0,0,0,0,0,0,0,202110060600
7967,Part 26,34,15,20,14,15,18,15,10,0,0,141,17,15,20,17,15,20,16,9,0,0,129,21,19,23,20,19,23,15,9,0,0,149,18,14,20,15,16,21,17,12,0,0,133,19,17,21,17,14,18,14,9,0,0,129,0,93,6,84,140,115,349,0,380,380,307,380,380,380,0,40,0,0,0,0,0,0,0,0,0,0,0,202110060600
8027,Part 21,82,39,50,43,39,50,39,25,0,0,367,45,39,50,43,39,50,39,25,0,0,330,45,39,50,43,39,50,39,25,0,0,330,45,39,50,43,39,50,39,25,0,0,330,45,39,50,43,39,50,39,25,0,0,330,0,0,330,330,330,330,0,0,330,330,330,138,0,0,0,0,0,0,0,0,0,0,0,0,0,0,0,202110060629
8032,Part 26,83,39,50,43,39,50,39,25,0,0,368,45,39,50,43,39,50,39,25,0,0,330,45,39,50,43,39,50,39,25,0,0,330,45,39,50,43,39,50,39,25,0,0,330,45,39,50,43,39,50,39,25,0,0,330,0,0,330,330,330,330,0,0,330,330,330,138,0,0,0,0,0,0,0,0,0,0,0,0,0,0,0,202110060629
8078,Part 21,33,15,20,14,15,18,15,10,0,0,140,17,15,20,17,15,20,8,8,0,0,120,18,17,21,17,17,20,13,8,0,0,131,16,13,18,13,15,19,16,11,0,0,121,18,15,20,15,12,16,11,8,0,0,115,0,73,4,72,120,94,296,0,352,380,307,380,380,380,0,40,0,0,0,0,0,0,0,0,0,0,0,202110060629
8082,Part 26,34,15,20,14,15,18,15,10,0,0,141,17,15,20,17,15,20,16,9,0,0,129,21,19,23,20,19,23,15,9,0,0,149,18,14,20,15,16,21,17,12,0,0,133,19,17,21,17,14,18,14,9,0,0,129,0,93,6,84,140,115,349,0,380,380,307,380,380,380,0,40,0,0,0,0,0,0,0,0,0,0,0,202110060629
8142,Part 21,59,39,50,43,39,50,39,25,0,0,344,45,39,50,43,39,50,39,25,0,0,330,45,39,50,43,39,50,39,25,0,0,330,45,39,50,43,39,50,39,25,0,0,330,0,0,0,0,0,0,0,0,0,0,0,0,330,330,330,330,0,0,329,330,330,330,330,0,0,330,330,330,330,330,0,0,0,0,0,0,0,0,202110060633
8148,Part 26,60,39,50,43,39,50,39,25,0,0,345,45,39,50,43,39,50,39,25,0,0,330,45,39,50,43,39,50,39,25,0,0,330,45,39,50,43,39,50,39,25,0,0,330,0,0,0,0,0,0,0,0,0,0,0,0,330,330,330,330,0,0,330,330,330,330,330,0,0,330,330,330,330,330,0,0,0,0,0,0,0,0,202110060633
8194,Part 21,27,18,18,16,16,19,11,6,0,0,131,18,16,22,18,15,21,14,8,0,0,132,15,14,17,14,15,18,17,10,0,0,120,0,0,0,0,0,0,0,0,0,0,0,0,0,0,0,0,0,0,0,0,0,0,0,115,74,206,15,0,0,63,269,380,320,380,380,0,380,380,59,0,0,0,0,0,0,0,0,0,0,202110060633
8198,Part 26,28,18,18,16,16,19,16,10,0,0,141,21,18,24,20,18,24,15,9,0,0,149,17,16,19,15,17,20,18,11,0,0,133,0,0,0,0,0,0,0,0,0,0,0,0,0,0,0,0,0,0,0,0,0,0,0,128,95,242,17,0,0,63,307,380,380,380,380,0,380,380,59,0,0,0,0,0,0,0,0,0,0,202110060633
8258,Part 21,59,39,50,43,39,50,39,25,0,0,344,45,39,50,43,39,50,39,25,0,0,330,45,39,50,43,39,50,39,25,0,0,330,45,39,50,43,39,50,39,25,0,0,330,0,0,0,0,0,0,0,0,0,0,0,0,330,330,330,330,0,0,329,330,330,330,330,0,0,330,330,330,330,330,0,0,0,0,0,0,0,0,202110061226
8264,Part 26,60,39,50,43,39,50,39,25,0,0,345,45,39,50,43,39,50,39,25,0,0,330,45,39,50,43,39,50,39,25,0,0,330,45,39,50,43,39,50,39,25,0,0,330,0,0,0,0,0,0,0,0,0,0,0,0,330,330,330,330,0,0,330,330,330,330,330,0,0,330,330,330,330,330,0,0,0,0,0,0,0,0,202110061226
8310,Part 21,27,18,18,16,16,19,11,6,0,0,131,18,16,22,18,15,21,14,8,0,0,132,15,14,17,14,15,18,17,10,0,0,120,0,0,0,0,0,0,0,0,0,0,0,0,0,0,0,0,0,0,0,0,0,0,0,115,74,206,15,0,0,63,269,380,320,380,380,0,380,380,59,0,0,0,0,0,0,0,0,0,0,202110061226
8314,Part 26,28,18,18,16,16,19,16,10,0,0,141,21,18,24,20,18,24,15,9,0,0,149,17,16,19,15,17,20,18,11,0,0,133,0,0,0,0,0,0,0,0,0,0,0,0,0,0,0,0,0,0,0,0,0,0,0,128,95,242,17,0,0,63,307,380,380,380,380,0,380,380,59,0,0,0,0,0,0,0,0,0,0,202110061226
8374,Part 21,59,39,50,43,39,50,39,25,0,0,344,45,39,50,43,39,50,39,25,0,0,330,45,39,50,43,39,50,39,25,0,0,330,45,39,50,43,39,50,39,25,0,0,330,0,0,0,0,0,0,0,0,0,0,0,0,330,330,330,330,0,0,329,330,330,330,330,0,0,330,330,330,330,330,0,0,0,0,0,0,0,0,202110061834
8380,Part 26,60,39,50,43,39,50,39,25,0,0,345,45,39,50,43,39,50,39,25,0,0,330,45,39,50,43,39,50,39,25,0,0,330,45,39,50,43,39,50,39,25,0,0,330,0,0,0,0,0,0,0,0,0,0,0,0,330,330,330,330,0,0,330,330,330,330,330,0,0,330,330,330,330,330,0,0,0,0,0,0,0,0,202110061834
8426,Part 21,27,18,18,16,16,19,11,6,0,0,131,18,16,22,18,15,21,14,8,0,0,132,15,14,17,14,15,18,17,10,0,0,120,0,0,0,0,0,0,0,0,0,0,0,0,0,0,0,0,0,0,0,0,0,0,0,115,74,206,15,0,0,63,269,380,320,380,380,0,380,380,59,0,0,0,0,0,0,0,0,0,0,202110061834
8430,Part 26,28,18,18,16,16,19,16,10,0,0,141,21,18,24,20,18,24,15,9,0,0,149,17,16,19,15,17,20,18,11,0,0,133,0,0,0,0,0,0,0,0,0,0,0,0,0,0,0,0,0,0,0,0,0,0,0,128,95,242,17,0,0,63,307,380,380,380,380,0,380,380,59,0,0,0,0,0,0,0,0,0,0,202110061834
8490,Part 21,59,39,50,43,39,50,39,25,0,0,344,45,39,50,43,39,50,39,25,0,0,330,45,39,50,43,39,50,39,25,0,0,330,45,39,50,43,39,50,39,25,0,0,330,0,0,0,0,0,0,0,0,0,0,0,0,330,330,330,330,0,0,329,330,330,330,330,0,0,330,330,330,330,330,0,0,0,0,0,0,0,0,202110070631
8496,Part 26,60,39,50,43,39,50,39,25,0,0,345,45,39,50,43,39,50,39,25,0,0,330,45,39,50,43,39,50,39,25,0,0,330,45,39,50,43,39,50,39,25,0,0,330,0,0,0,0,0,0,0,0,0,0,0,0,330,330,330,330,0,0,330,330,330,330,330,0,0,330,330,330,330,330,0,0,0,0,0,0,0,0,202110070631
8542,Part 21,27,18,18,16,16,19,11,6,0,0,131,18,16,22,18,15,21,14,8,0,0,132,15,14,17,14,15,18,17,10,0,0,120,0,0,0,0,0,0,0,0,0,0,0,0,0,0,0,0,0,0,0,0,0,0,0,115,74,206,15,0,0,63,269,380,320,380,380,0,380,380,59,0,0,0,0,0,0,0,0,0,0,202110070631
8546,Part 26,28,18,18,16,16,19,16,10,0,0,141,21,18,24,20,18,24,15,9,0,0,149,17,16,19,15,17,20,18,11,0,0,133,0,0,0,0,0,0,0,0,0,0,0,0,0,0,0,0,0,0,0,0,0,0,0,128,95,242,17,0,0,63,307,380,380,380,380,0,380,380,59,0,0,0,0,0,0,0,0,0,0,202110070631
8606,Part 21,68,39,50,43,39,50,39,25,0,0,353,45,39,50,43,39,50,39,25,0,0,330,45,39,50,43,39,50,39,25,0,0,330,0,0,0,0,0,0,0,0,0,0,0,0,0,0,0,0,0,0,0,0,0,0,330,330,330,330,0,0,330,330,330,330,330,0,0,330,330,330,330,330,0,0,0,0,0,0,0,0,0,202110070808
8612,Part 26,68,39,50,43,39,50,39,25,0,0,353,45,39,50,43,39,50,39,25,0,0,330,45,39,50,43,39,50,39,25,0,0,330,0,0,0,0,0,0,0,0,0,0,0,0,0,0,0,0,0,0,0,0,0,0,330,330,330,330,0,0,330,330,330,330,330,0,0,330,330,330,330,330,0,0,0,0,0,0,0,0,0,202110070808
8658,Part 21,26,17,21,18,16,23,15,8,0,0,144,16,13,17,15,13,23,28,20,0,0,145,0,0,0,0,0,0,0,0,0,0,0,0,0,0,0,0,0,0,0,0,0,0,0,0,0,0,0,0,0,0,0,0,0,134,123,116,89,12,0,13,0,20,136,158,356,0,370,380,380,380,340,0,0,0,0,0,0,0,0,0,202110070808
8662,Part 26,30,18,25,20,18,26,17,9,0,0,163,17,15,19,17,14,26,29,21,0,0,158,0,0,0,0,0,0,0,0,0,0,0,0,0,0,0,0,0,0,0,0,0,0,0,0,0,0,0,0,0,0,0,0,0,146,140,133,115,12,0,13,0,40,164,192,372,0,370,380,380,380,340,0,0,0,0,0,0,0,0,0,202110070808
8722,Part 21,68,39,50,43,39,50,39,25,0,0,353,45,39,50,43,39,50,39,25,0,0,330,45,39,50,43,39,50,39,25,0,0,330,0,0,0,0,0,0,0,0,0,0,0,0,0,0,0,0,0,0,0,0,0,0,330,330,330,330,0,0,330,330,330,330,330,0,0,330,330,330,330,330,0,0,0,0,0,0,0,0,0,202110071531
8728,Part 26,68,39,50,43,39,50,39,25,0,0,353,45,39,50,43,39,50,39,25,0,0,330,45,39,50,43,39,50,39,25,0,0,330,0,0,0,0,0,0,0,0,0,0,0,0,0,0,0,0,0,0,0,0,0,0,330,330,330,330,0,0,330,330,330,330,330,0,0,330,330,330,330,330,0,0,0,0,0,0,0,0,0,202110071531
8774,Part 21,26,17,21,18,16,23,15,8,0,0,144,16,13,17,15,13,23,28,20,0,0,145,0,0,0,0,0,0,0,0,0,0,0,0,0,0,0,0,0,0,0,0,0,0,0,0,0,0,0,0,0,0,0,0,0,134,123,116,89,12,0,13,0,20,136,158,356,0,370,380,380,380,340,0,0,0,0,0,0,0,0,0,202110071531
8778,Part 26,30,18,25,20,18,26,17,9,0,0,163,17,15,19,17,14,26,29,21,0,0,158,0,0,0,0,0,0,0,0,0,0,0,0,0,0,0,0,0,0,0,0,0,0,0,0,0,0,0,0,0,0,0,0,0,146,140,133,115,12,0,13,0,40,164,192,372,0,370,380,380,380,340,0,0,0,0,0,0,0,0,0,202110071531
8838,Part 21,68,39,50,43,39,50,39,25,0,0,353,45,39,50,43,39,50,39,25,0,0,330,45,39,50,43,39,50,39,25,0,0,330,0,0,0,0,0,0,0,0,0,0,0,0,0,0,0,0,0,0,0,0,0,0,330,330,330,330,0,0,330,330,330,330,330,0,0,330,330,330,330,330,0,0,0,0,0,0,0,0,0,202110071732
8844,Part 26,68,39,50,43,39,50,39,25,0,0,353,45,39,50,43,39,50,39,25,0,0,330,45,39,50,43,39,50,39,25,0,0,330,0,0,0,0,0,0,0,0,0,0,0,0,0,0,0,0,0,0,0,0,0,0,330,330,330,330,0,0,330,330,330,330,330,0,0,330,330,330,330,330,0,0,0,0,0,0,0,0,0,202110071732
8890,Part 21,26,17,21,18,16,23,15,8,0,0,144,16,13,17,15,13,23,28,20,0,0,145,0,0,0,0,0,0,0,0,0,0,0,0,0,0,0,0,0,0,0,0,0,0,0,0,0,0,0,0,0,0,0,0,0,134,123,116,89,12,0,13,0,20,136,158,356,0,370,380,380,380,340,0,0,0,0,0,0,0,0,0,202110071732
8894,Part 26,30,18,25,20,18,26,17,9,0,0,163,17,15,19,17,14,26,29,21,0,0,158,0,0,0,0,0,0,0,0,0,0,0,0,0,0,0,0,0,0,0,0,0,0,0,0,0,0,0,0,0,0,0,0,0,146,140,133,115,12,0,13,0,40,164,192,372,0,370,380,380,380,340,0,0,0,0,0,0,0,0,0,202110071732
8954,Part 21,68,39,50,43,39,50,39,25,0,0,353,45,39,50,43,39,50,39,25,0,0,330,45,39,50,43,39,50,39,25,0,0,330,0,0,0,0,0,0,0,0,0,0,0,0,0,0,0,0,0,0,0,0,0,0,330,330,330,330,0,0,330,330,330,330,330,0,0,330,330,330,330,330,0,0,0,0,0,0,0,0,0,202110080604
8960,Part 26,68,39,50,43,39,50,39,25,0,0,353,45,39,50,43,39,50,39,25,0,0,330,45,39,50,43,39,50,39,25,0,0,330,0,0,0,0,0,0,0,0,0,0,0,0,0,0,0,0,0,0,0,0,0,0,330,330,330,330,0,0,330,330,330,330,330,0,0,330,330,330,330,330,0,0,0,0,0,0,0,0,0,202110080604
9006,Part 21,26,17,21,18,16,23,15,8,0,0,144,16,13,17,15,13,23,28,20,0,0,145,0,0,0,0,0,0,0,0,0,0,0,0,0,0,0,0,0,0,0,0,0,0,0,0,0,0,0,0,0,0,0,0,0,134,123,116,89,12,0,13,0,20,136,158,356,0,370,380,380,380,340,0,0,0,0,0,0,0,0,0,202110080604
9010,Part 26,30,18,25,20,18,26,17,9,0,0,163,17,15,19,17,14,26,29,21,0,0,158,0,0,0,0,0,0,0,0,0,0,0,0,0,0,0,0,0,0,0,0,0,0,0,0,0,0,0,0,0,0,0,0,0,146,140,133,115,12,0,13,0,40,164,192,372,0,370,380,380,380,340,0,0,0,0,0,0,0,0,0,202110080604
9070,Part 21,74,39,50,43,39,50,39,25,0,0,359,45,39,50,43,39,50,39,25,0,0,330,0,0,0,0,0,0,0,0,0,0,0,0,0,0,0,0,0,0,0,0,0,0,45,39,50,43,39,50,39,25,0,0,330,330,330,330,0,0,330,330,330,330,330,0,0,330,330,330,330,330,0,0,0,0,0,0,0,0,0,0,202110080635
9076,Part 26,74,39,50,43,39,50,39,25,0,0,359,45,39,50,43,39,50,39,25,0,0,330,0,0,0,0,0,0,0,0,0,0,0,0,0,0,0,0,0,0,0,0,0,0,45,39,50,43,39,50,39,25,0,0,330,330,330,330,0,0,330,330,330,330,330,0,0,330,330,330,330,330,0,0,0,0,0,0,0,0,0,0,202110080635
9123,Part 21,23,12,17,14,12,16,15,16,0,0,125,0,0,0,0,0,0,0,0,0,0,0,0,0,0,0,0,0,0,0,0,0,0,0,0,0,0,0,0,0,0,0,0,0,19,15,21,18,15,20,15,9,0,0,132,121,118,104,109,0,124,152,16,18,163,362,0,195,245,380,380,380,53,0,0,0,0,0,0,0,0,0,202110080635
9127,Part 26,26,14,19,15,14,18,16,17,0,0,139,0,0,0,0,0,0,0,0,0,0,0,0,0,0,0,0,0,0,0,0,0,0,0,0,0,0,0,0,0,0,0,0,0,20,16,22,19,16,21,16,10,0,0,140,137,135,120,131,0,144,167,16,35,204,362,0,195,245,380,380,380,53,0,0,0,0,0,0,0,0,0,202110080635
9186,Part 21,74,39,50,43,39,50,39,25,0,0,359,45,39,50,43,39,50,39,25,0,0,330,0,0,0,0,0,0,0,0,0,0,0,0,0,0,0,0,0,0,0,0,0,0,45,39,50,43,39,50,39,25,0,0,330,330,330,330,0,0,330,330,330,330,330,0,0,330,330,330,330,330,0,0,0,0,0,0,0,0,0,0,202110080637
9192,Part 26,74,39,50,43,39,50,39,25,0,0,359,45,39,50,43,39,50,39,25,0,0,330,0,0,0,0,0,0,0,0,0,0,0,0,0,0,0,0,0,0,0,0,0,0,45,39,50,43,39,50,39,25,0,0,330,330,330,330,0,0,330,330,330,330,330,0,0,330,330,330,330,330,0,0,0,0,0,0,0,0,0,0,202110080637
9239,Part 21,23,12,17,14,12,16,15,16,0,0,125,0,0,0,0,0,0,0,0,0,0,0,0,0,0,0,0,0,0,0,0,0,0,0,0,0,0,0,0,0,0,0,0,0,19,15,21,18,15,20,15,9,0,0,132,121,118,104,109,0,124,152,16,18,163,362,0,195,245,380,380,380,53,0,0,0,0,0,0,0,0,0,202110080637
9243,Part 26,26,14,19,15,14,18,16,17,0,0,139,0,0,0,0,0,0,0,0,0,0,0,0,0,0,0,0,0,0,0,0,0,0,0,0,0,0,0,0,0,0,0,0,0,20,16,22,19,16,21,16,10,0,0,140,137,135,120,131,0,144,167,16,35,204,362,0,195,245,380,380,380,53,0,0,0,0,0,0,0,0,0,202110080637
9302,Part 21,74,39,50,43,39,50,39,25,0,0,359,45,39,50,43,39,50,39,25,0,0,330,0,0,0,0,0,0,0,0,0,0,0,0,0,0,0,0,0,0,0,0,0,0,45,39,50,43,39,50,39,25,0,0,330,330,330,330,0,0,330,330,330,330,330,0,0,330,330,330,330,330,0,0,0,0,0,0,0,0,0,0,202110081208
9308,Part 26,74,39,50,43,39,50,39,25,0,0,359,45,39,50,43,39,50,39,25,0,0,330,0,0,0,0,0,0,0,0,0,0,0,0,0,0,0,0,0,0,0,0,0,0,45,39,50,43,39,50,39,25,0,0,330,330,330,330,0,0,330,330,330,330,330,0,0,330,330,330,330,330,0,0,0,0,0,0,0,0,0,0,202110081208
9355,Part 21,23,12,17,14,12,16,15,16,0,0,125,0,0,0,0,0,0,0,0,0,0,0,0,0,0,0,0,0,0,0,0,0,0,0,0,0,0,0,0,0,0,0,0,0,19,15,21,18,15,20,15,9,0,0,132,121,118,104,109,0,124,152,16,18,163,362,0,195,245,380,380,380,53,0,0,0,0,0,0,0,0,0,202110081208
9359,Part 26,26,14,19,15,14,18,16,17,0,0,139,0,0,0,0,0,0,0,0,0,0,0,0,0,0,0,0,0,0,0,0,0,0,0,0,0,0,0,0,0,0,0,0,0,20,16,22,19,16,21,16,10,0,0,140,137,135,120,131,0,144,167,16,35,204,362,0,195,245,380,380,380,53,0,0,0,0,0,0,0,0,0,202110081208
9418,Part 21,74,39,50,43,39,50,39,25,0,0,359,45,39,50,43,39,50,39,25,0,0,330,0,0,0,0,0,0,0,0,0,0,0,0,0,0,0,0,0,0,0,0,0,0,45,39,50,43,39,50,39,25,0,0,330,330,330,330,0,0,330,330,330,330,330,0,0,330,330,330,330,330,0,0,0,0,0,0,0,0,0,0,202110081505
9424,Part 26,74,39,50,43,39,50,39,25,0,0,359,45,39,50,43,39,50,39,25,0,0,330,0,0,0,0,0,0,0,0,0,0,0,0,0,0,0,0,0,0,0,0,0,0,45,39,50,43,39,50,39,25,0,0,330,330,330,330,0,0,330,330,330,330,330,0,0,330,330,330,330,330,0,0,0,0,0,0,0,0,0,0,202110081505
9471,Part 21,23,12,17,14,12,16,15,16,0,0,125,0,0,0,0,0,0,0,0,0,0,0,0,0,0,0,0,0,0,0,0,0,0,0,0,0,0,0,0,0,0,0,0,0,19,15,21,18,15,20,15,9,0,0,132,121,118,104,109,0,124,152,16,18,163,362,0,195,245,380,380,380,53,0,0,0,0,0,0,0,0,0,202110081505
9475,Part 26,26,14,19,15,14,18,16,17,0,0,139,0,0,0,0,0,0,0,0,0,0,0,0,0,0,0,0,0,0,0,0,0,0,0,0,0,0,0,0,0,0,0,0,0,20,16,22,19,16,21,16,10,0,0,140,137,135,120,131,0,144,167,16,35,204,362,0,195,245,380,380,380,53,0,0,0,0,0,0,0,0,0,202110081505
9534,Part 21,74,39,50,43,39,50,39,25,0,0,359,45,39,50,43,39,50,39,25,0,0,330,0,0,0,0,0,0,0,0,0,0,0,0,0,0,0,0,0,0,0,0,0,0,45,39,50,43,39,50,39,25,0,0,330,330,330,330,0,0,330,330,330,330,330,0,0,330,330,330,330,330,0,0,0,0,0,0,0,0,0,0,202110090705
9540,Part 26,74,39,50,43,39,50,39,25,0,0,359,45,39,50,43,39,50,39,25,0,0,330,0,0,0,0,0,0,0,0,0,0,0,0,0,0,0,0,0,0,0,0,0,0,45,39,50,43,39,50,39,25,0,0,330,330,330,330,0,0,330,330,330,330,330,0,0,330,330,330,330,330,0,0,0,0,0,0,0,0,0,0,202110090705
9587,Part 21,23,12,17,14,12,16,15,16,0,0,125,0,0,0,0,0,0,0,0,0,0,0,0,0,0,0,0,0,0,0,0,0,0,0,0,0,0,0,0,0,0,0,0,0,19,15,21,18,15,20,15,9,0,0,132,121,118,104,109,0,124,152,16,18,163,362,0,195,245,380,380,380,53,0,0,0,0,0,0,0,0,0,202110090705
9591,Part 26,26,14,19,15,14,18,16,17,0,0,139,0,0,0,0,0,0,0,0,0,0,0,0,0,0,0,0,0,0,0,0,0,0,0,0,0,0,0,0,0,0,0,0,0,20,16,22,19,16,21,16,10,0,0,140,137,135,120,131,0,144,167,16,35,204,362,0,195,245,380,380,380,53,0,0,0,0,0,0,0,0,0,202110090705
9650,Part 21,74,39,50,43,39,50,39,25,0,0,359,45,39,50,43,39,50,39,25,0,0,330,0,0,0,0,0,0,0,0,0,0,0,0,0,0,0,0,0,0,0,0,0,0,45,39,50,43,39,50,39,25,0,0,330,330,330,330,0,0,330,330,330,330,330,0,0,330,330,330,330,330,0,0,0,0,0,0,0,0,0,0,202110100558
9656,Part 26,74,39,50,43,39,50,39,25,0,0,359,45,39,50,43,39,50,39,25,0,0,330,0,0,0,0,0,0,0,0,0,0,0,0,0,0,0,0,0,0,0,0,0,0,45,39,50,43,39,50,39,25,0,0,330,330,330,330,0,0,330,330,330,330,330,0,0,330,330,330,330,330,0,0,0,0,0,0,0,0,0,0,202110100558
9703,Part 21,23,12,17,14,12,16,15,16,0,0,125,0,0,0,0,0,0,0,0,0,0,0,0,0,0,0,0,0,0,0,0,0,0,0,0,0,0,0,0,0,0,0,0,0,19,15,21,18,15,20,15,9,0,0,132,121,118,104,109,0,124,152,16,18,163,362,0,195,245,380,380,380,53,0,0,0,0,0,0,0,0,0,202110100558
9707,Part 26,26,14,19,15,14,18,16,17,0,0,139,0,0,0,0,0,0,0,0,0,0,0,0,0,0,0,0,0,0,0,0,0,0,0,0,0,0,0,0,0,0,0,0,0,20,16,22,19,16,21,16,10,0,0,140,137,135,120,131,0,144,167,16,35,204,362,0,195,245,380,380,380,53,0,0,0,0,0,0,0,0,0,202110100558
9766,Part 21,74,39,50,43,39,50,39,25,0,0,359,45,39,50,43,39,50,39,25,0,0,330,0,0,0,0,0,0,0,0,0,0,0,0,0,0,0,0,0,0,0,0,0,0,45,39,50,43,39,50,39,25,0,0,330,330,330,330,0,0,330,330,330,330,330,0,0,330,330,330,330,330,0,0,0,0,0,0,0,0,0,0,202110100629
9772,Part 26,74,39,50,43,39,50,39,25,0,0,359,45,39,50,43,39,50,39,25,0,0,330,0,0,0,0,0,0,0,0,0,0,0,0,0,0,0,0,0,0,0,0,0,0,45,39,50,43,39,50,39,25,0,0,330,330,330,330,0,0,330,330,330,330,330,0,0,330,330,330,330,330,0,0,0,0,0,0,0,0,0,0,202110100629
9819,Part 21,23,12,17,14,12,16,15,16,0,0,125,0,0,0,0,0,0,0,0,0,0,0,0,0,0,0,0,0,0,0,0,0,0,0,0,0,0,0,0,0,0,0,0,0,19,15,21,18,15,20,15,9,0,0,132,121,118,104,109,0,124,152,16,18,163,362,0,195,245,380,380,380,53,0,0,0,0,0,0,0,0,0,202110100629
9823,Part 26,26,14,19,15,14,18,16,17,0,0,139,0,0,0,0,0,0,0,0,0,0,0,0,0,0,0,0,0,0,0,0,0,0,0,0,0,0,0,0,0,0,0,0,0,20,16,22,19,16,21,16,10,0,0,140,137,135,120,131,0,144,167,16,35,204,362,0,195,245,380,380,380,53,0,0,0,0,0,0,0,0,0,202110100629
9882,Part 21,74,39,50,43,39,50,39,25,0,0,359,45,39,50,43,39,50,39,25,0,0,330,0,0,0,0,0,0,0,0,0,0,0,0,0,0,0,0,0,0,0,0,0,0,45,39,50,43,39,50,39,25,0,0,330,330,330,330,0,0,330,330,330,330,330,0,0,330,330,330,330,330,0,0,0,0,0,0,0,0,0,0,202110110600
9888,Part 26,74,39,50,43,39,50,39,25,0,0,359,45,39,50,43,39,50,39,25,0,0,330,0,0,0,0,0,0,0,0,0,0,0,0,0,0,0,0,0,0,0,0,0,0,45,39,50,43,39,50,39,25,0,0,330,330,330,330,0,0,330,330,330,330,330,0,0,330,330,330,330,330,0,0,0,0,0,0,0,0,0,0,202110110600
9935,Part 21,23,12,17,14,12,16,15,16,0,0,125,0,0,0,0,0,0,0,0,0,0,0,0,0,0,0,0,0,0,0,0,0,0,0,0,0,0,0,0,0,0,0,0,0,19,15,21,18,15,20,15,9,0,0,132,121,118,104,109,0,124,152,16,18,163,362,0,195,245,380,380,380,53,0,0,0,0,0,0,0,0,0,202110110600
9939,Part 26,26,14,19,15,14,18,16,17,0,0,139,0,0,0,0,0,0,0,0,0,0,0,0,0,0,0,0,0,0,0,0,0,0,0,0,0,0,0,0,0,0,0,0,0,20,16,22,19,16,21,16,10,0,0,140,137,135,120,131,0,144,167,16,35,204,362,0,195,245,380,380,380,53,0,0,0,0,0,0,0,0,0,202110110600
9998,Part 21,74,39,50,43,39,50,39,25,0,0,359,45,39,50,43,39,50,39,25,0,0,330,0,0,0,0,0,0,0,0,0,0,0,0,0,0,0,0,0,0,0,0,0,0,45,39,50,43,39,50,39,25,0,0,330,330,330,330,0,0,330,330,330,330,330,0,0,330,330,330,330,330,0,0,0,0,0,0,0,0,0,0,202110110628
10004,Part 26,74,39,50,43,39,50,39,25,0,0,359,45,39,50,43,39,50,39,25,0,0,330,0,0,0,0,0,0,0,0,0,0,0,0,0,0,0,0,0,0,0,0,0,0,45,39,50,43,39,50,39,25,0,0,330,330,330,330,0,0,330,330,330,330,330,0,0,330,330,330,330,330,0,0,0,0,0,0,0,0,0,0,202110110628
10051,Part 21,23,12,17,14,12,16,15,16,0,0,125,0,0,0,0,0,0,0,0,0,0,0,0,0,0,0,0,0,0,0,0,0,0,0,0,0,0,0,0,0,0,0,0,0,19,15,21,18,15,20,15,9,0,0,132,121,118,104,109,0,124,152,16,18,163,362,0,195,245,380,380,380,53,0,0,0,0,0,0,0,0,0,202110110628
10055,Part 26,26,14,19,15,14,18,16,17,0,0,139,0,0,0,0,0,0,0,0,0,0,0,0,0,0,0,0,0,0,0,0,0,0,0,0,0,0,0,0,0,0,0,0,0,20,16,22,19,16,21,16,10,0,0,140,137,135,120,131,0,144,167,16,35,204,362,0,195,245,380,380,380,53,0,0,0,0,0,0,0,0,0,202110110628
10114,Part 21,74,39,50,43,39,50,39,25,0,0,359,45,39,50,43,39,50,39,25,0,0,330,0,0,0,0,0,0,0,0,0,0,0,0,0,0,0,0,0,0,0,0,0,0,45,39,50,43,39,50,39,25,0,0,330,330,330,330,0,0,330,330,330,330,330,0,0,330,330,330,330,330,0,0,0,0,0,0,0,0,0,0,202110120630
10120,Part 26,74,39,50,43,39,50,39,25,0,0,359,45,39,50,43,39,50,39,25,0,0,330,0,0,0,0,0,0,0,0,0,0,0,0,0,0,0,0,0,0,0,0,0,0,45,39,50,43,39,50,39,25,0,0,330,330,330,330,0,0,330,330,330,330,330,0,0,330,330,330,330,330,0,0,0,0,0,0,0,0,0,0,202110120630
10167,Part 21,23,12,17,14,12,16,15,16,0,0,125,0,0,0,0,0,0,0,0,0,0,0,0,0,0,0,0,0,0,0,0,0,0,0,0,0,0,0,0,0,0,0,0,0,19,15,21,18,15,20,15,9,0,0,132,121,118,104,109,0,124,152,16,18,163,362,0,195,245,380,380,380,53,0,0,0,0,0,0,0,0,0,202110120630
10171,Part 26,26,14,19,15,14,18,16,17,0,0,139,0,0,0,0,0,0,0,0,0,0,0,0,0,0,0,0,0,0,0,0,0,0,0,0,0,0,0,0,0,0,0,0,0,20,16,22,19,16,21,16,10,0,0,140,137,135,120,131,0,144,167,16,35,204,362,0,195,245,380,380,380,53,0,0,0,0,0,0,0,0,0,202110120630
10230,Part 21,81,39,50,43,39,50,39,25,0,0,366,45,39,50,43,39,50,39,25,0,0,330,45,39,50,43,39,50,39,25,0,0,330,45,39,50,43,39,50,39,25,0,0,330,0,0,0,0,0,0,0,0,0,0,0,0,330,330,330,330,330,0,0,330,330,330,330,330,0,0,0,0,0,0,0,0,0,0,0,0,0,0,202110120636
10235,Part 26,81,39,50,43,39,50,39,25,0,0,366,45,39,50,43,39,50,39,25,0,0,330,45,39,50,43,39,50,39,25,0,0,330,45,39,50,43,39,50,39,25,0,0,330,0,0,0,0,0,0,0,0,0,0,0,0,330,330,330,330,330,0,0,330,330,330,330,330,0,0,0,0,0,0,0,0,0,0,0,0,0,0,202110120636
10282,Part 21,23,18,19,16,17,20,14,8,0,0,135,16,15,18,16,14,19,15,8,0,0,121,16,15,18,15,16,17,13,8,0,0,118,17,14,15,16,13,15,7,5,0,0,102,15,11,17,14,13,15,15,9,0,0,109,0,125,178,112,0,0,194,0,369,300,380,380,380,47,0,0,0,0,0,0,0,0,0,0,0,0,0,202110120636
10286,Part 26,25,18,20,17,18,22,15,9,0,0,144,18,17,20,18,16,22,16,10,0,0,137,18,17,21,17,17,20,16,9,0,0,135,19,16,18,18,15,17,9,6,0,0,118,17,14,20,17,15,20,17,10,0,0,130,0,145,201,121,0,0,235,0,369,300,380,380,380,47,0,0,0,0,0,0,0,0,0,0,0,0,0,202110120636
10344,Part 21,81,39,50,43,39,50,39,25,0,0,366,45,39,50,43,39,50,39,25,0,0,330,45,39,50,43,39,50,39,25,0,0,330,45,39,50,43,39,50,39,25,0,0,330,0,0,0,0,0,0,0,0,0,0,0,0,330,330,330,330,330,0,0,330,330,330,330,330,0,0,0,0,0,0,0,0,0,0,0,0,0,0,202110121134
10349,Part 26,81,39,50,43,39,50,39,25,0,0,366,45,39,50,43,39,50,39,25,0,0,330,45,39,50,43,39,50,39,25,0,0,330,45,39,50,43,39,50,39,25,0,0,330,0,0,0,0,0,0,0,0,0,0,0,0,330,330,330,330,330,0,0,330,330,330,330,330,0,0,0,0,0,0,0,0,0,0,0,0,0,0,202110121134
10396,Part 21,23,18,19,16,17,20,14,8,0,0,135,16,15,18,16,14,19,15,8,0,0,121,16,15,18,15,16,17,13,8,0,0,118,17,14,15,16,13,15,7,5,0,0,102,15,11,17,14,13,15,15,9,0,0,109,0,125,178,112,0,0,194,0,369,300,380,380,380,47,0,0,0,0,0,0,0,0,0,0,0,0,0,202110121134
10400,Part 26,25,18,20,17,18,22,15,9,0,0,144,18,17,20,18,16,22,16,10,0,0,137,18,17,21,17,17,20,16,9,0,0,135,19,16,18,18,15,17,9,6,0,0,118,17,14,20,17,15,20,17,10,0,0,130,0,145,201,121,0,0,235,0,369,300,380,380,380,47,0,0,0,0,0,0,0,0,0,0,0,0,0,202110121134
10458,Part 21,81,39,50,43,39,50,39,25,0,0,366,45,39,50,43,39,50,39,25,0,0,330,45,39,50,43,39,50,39,25,0,0,330,45,39,50,43,39,50,39,25,0,0,330,0,0,0,0,0,0,0,0,0,0,0,0,330,330,330,330,330,0,0,330,330,330,330,330,0,0,0,0,0,0,0,0,0,0,0,0,0,0,202110130634
10463,Part 26,81,39,50,43,39,50,39,25,0,0,366,45,39,50,43,39,50,39,25,0,0,330,45,39,50,43,39,50,39,25,0,0,330,45,39,50,43,39,50,39,25,0,0,330,0,0,0,0,0,0,0,0,0,0,0,0,330,330,330,330,330,0,0,330,330,330,330,330,0,0,0,0,0,0,0,0,0,0,0,0,0,0,202110130634
10510,Part 21,23,18,19,16,17,20,14,8,0,0,135,16,15,18,16,14,19,15,8,0,0,121,16,15,18,15,16,17,13,8,0,0,118,17,14,15,16,13,15,7,5,0,0,102,15,11,17,14,13,15,15,9,0,0,109,0,125,178,112,0,0,194,0,369,300,380,380,380,47,0,0,0,0,0,0,0,0,0,0,0,0,0,202110130634
10514,Part 26,25,18,20,17,18,22,15,9,0,0,144,18,17,20,18,16,22,16,10,0,0,137,18,17,21,17,17,20,16,9,0,0,135,19,16,18,18,15,17,9,6,0,0,118,17,14,20,17,15,20,17,10,0,0,130,0,145,201,121,0,0,235,0,369,300,380,380,380,47,0,0,0,0,0,0,0,0,0,0,0,0,0,202110130634
10572,Part 21,72,39,50,43,39,50,39,25,0,0,357,45,39,50,43,39,50,39,25,0,0,330,45,39,50,43,39,50,39,25,0,0,330,45,39,50,43,39,50,39,25,0,0,330,0,0,0,0,0,0,0,0,0,0,0,304,304,304,304,304,0,0,304,304,304,304,304,0,0,0,0,0,0,0,0,0,0,0,0,0,0,0,202110130644
10577,Part 26,72,39,50,43,39,50,39,25,0,0,357,45,39,50,43,39,50,39,25,0,0,330,45,39,50,43,39,50,39,25,0,0,330,45,39,50,43,39,50,39,25,0,0,330,0,0,0,0,0,0,0,0,0,0,0,304,304,304,304,304,0,0,304,304,304,304,304,0,0,0,0,0,0,0,0,0,0,0,0,0,0,0,202110130644
10624,Part 21,37,17,16,14,15,19,15,9,0,0,142,16,14,18,16,14,17,14,9,0,0,118,15,14,17,14,15,15,7,6,0,0,103,14,12,17,13,13,16,14,9,0,0,108,0,0,0,0,0,0,0,0,0,0,0,124,176,117,0,0,187,0,368,300,380,380,380,55,0,0,0,0,0,0,0,0,0,0,0,0,0,0,202110130644
10628,Part 26,40,19,21,16,17,22,16,10,0,0,161,18,17,20,18,16,20,16,10,0,0,135,18,16,19,17,17,17,9,7,0,0,120,16,15,20,16,15,20,16,11,0,0,129,0,0,0,0,0,0,0,0,0,0,0,144,199,126,0,0,228,0,368,300,380,380,380,55,0,0,0,0,0,0,0,0,0,0,0,0,0,0,202110130644
10686,Part 21,72,39,50,43,39,50,39,25,0,0,357,45,39,50,43,39,50,39,25,0,0,330,45,39,50,43,39,50,39,25,0,0,330,45,39,50,43,39,50,39,25,0,0,330,0,0,0,0,0,0,0,0,0,0,0,304,304,304,304,304,0,0,304,304,304,304,304,0,0,0,0,0,0,0,0,0,0,0,0,0,0,0,202110130714
10691,Part 26,72,39,50,43,39,50,39,25,0,0,357,45,39,50,43,39,50,39,25,0,0,330,45,39,50,43,39,50,39,25,0,0,330,45,39,50,43,39,50,39,25,0,0,330,0,0,0,0,0,0,0,0,0,0,0,304,304,304,304,304,0,0,304,304,304,304,304,0,0,0,0,0,0,0,0,0,0,0,0,0,0,0,202110130714
10738,Part 21,37,17,16,14,15,19,15,9,0,0,142,16,14,18,16,14,17,14,9,0,0,118,15,14,17,14,15,15,7,6,0,0,103,14,12,17,13,13,16,14,9,0,0,108,0,0,0,0,0,0,0,0,0,0,0,124,176,117,0,0,187,0,368,300,380,380,380,55,0,0,0,0,0,0,0,0,0,0,0,0,0,0,202110130714
10742,Part 26,40,19,21,16,17,22,16,10,0,0,161,18,17,20,18,16,20,16,10,0,0,135,18,16,19,17,17,17,9,7,0,0,120,16,15,20,16,15,20,16,11,0,0,129,0,0,0,0,0,0,0,0,0,0,0,144,199,126,0,0,228,0,368,300,380,380,380,55,0,0,0,0,0,0,0,0,0,0,0,0,0,0,202110130714
10800,Part 21,72,39,50,43,39,50,39,25,0,0,357,45,39,50,43,39,50,39,25,0,0,330,45,39,50,43,39,50,39,25,0,0,330,45,39,50,43,39,50,39,25,0,0,330,0,0,0,0,0,0,0,0,0,0,0,304,304,304,304,304,0,0,304,304,304,304,304,0,0,0,0,0,0,0,0,0,0,0,0,0,0,0,202110131238
10805,Part 26,72,39,50,43,39,50,39,25,0,0,357,45,39,50,43,39,50,39,25,0,0,330,45,39,50,43,39,50,39,25,0,0,330,45,39,50,43,39,50,39,25,0,0,330,0,0,0,0,0,0,0,0,0,0,0,304,304,304,304,304,0,0,304,304,304,304,304,0,0,0,0,0,0,0,0,0,0,0,0,0,0,0,202110131238
10852,Part 21,37,17,16,14,15,19,15,9,0,0,142,16,14,18,16,14,17,14,9,0,0,118,15,14,17,14,15,15,7,6,0,0,103,14,12,17,13,13,16,14,9,0,0,108,0,0,0,0,0,0,0,0,0,0,0,124,176,117,0,0,187,0,368,300,380,380,380,55,0,0,0,0,0,0,0,0,0,0,0,0,0,0,202110131238
10856,Part 26,40,19,21,16,17,22,16,10,0,0,161,18,17,20,18,16,20,16,10,0,0,135,18,16,19,17,17,17,9,7,0,0,120,16,15,20,16,15,20,16,11,0,0,129,0,0,0,0,0,0,0,0,0,0,0,144,199,126,0,0,228,0,368,300,380,380,380,55,0,0,0,0,0,0,0,0,0,0,0,0,0,0,202110131238
10914,Part 21,72,39,50,43,39,50,39,25,0,0,357,45,39,50,43,39,50,39,25,0,0,330,45,39,50,43,39,50,39,25,0,0,330,45,39,50,43,39,50,39,25,0,0,330,0,0,0,0,0,0,0,0,0,0,0,304,304,304,304,304,0,0,304,304,304,304,304,0,0,0,0,0,0,0,0,0,0,0,0,0,0,0,202110140632
10919,Part 26,72,39,50,43,39,50,39,25,0,0,357,45,39,50,43,39,50,39,25,0,0,330,45,39,50,43,39,50,39,25,0,0,330,45,39,50,43,39,50,39,25,0,0,330,0,0,0,0,0,0,0,0,0,0,0,304,304,304,304,304,0,0,304,304,304,304,304,0,0,0,0,0,0,0,0,0,0,0,0,0,0,0,202110140632
10966,Part 21,37,17,16,14,15,19,15,9,0,0,142,16,14,18,16,14,17,14,9,0,0,118,15,14,17,14,15,15,7,6,0,0,103,14,12,17,13,13,16,14,9,0,0,108,0,0,0,0,0,0,0,0,0,0,0,124,176,117,0,0,187,0,368,300,380,380,380,55,0,0,0,0,0,0,0,0,0,0,0,0,0,0,202110140632
10970,Part 26,40,19,21,16,17,22,16,10,0,0,161,18,17,20,18,16,20,16,10,0,0,135,18,16,19,17,17,17,9,7,0,0,120,16,15,20,16,15,20,16,11,0,0,129,0,0,0,0,0,0,0,0,0,0,0,144,199,126,0,0,228,0,368,300,380,380,380,55,0,0,0,0,0,0,0,0,0,0,0,0,0,0,202110140632
11028,Part 21,69,39,50,43,39,50,39,25,0,0,354,45,39,50,43,39,50,39,25,0,0,330,45,39,50,43,39,50,39,25,0,0,330,0,0,0,0,0,0,0,0,0,0,0,42,36,46,39,36,46,36,23,0,0,304,304,304,304,304,0,0,304,304,304,304,304,0,0,0,0,0,0,0,0,0,0,0,0,0,0,0,0,202110140633
11033,Part 26,69,39,50,43,39,50,39,25,0,0,354,45,39,50,43,39,50,39,25,0,0,330,45,39,50,43,39,50,39,25,0,0,330,0,0,0,0,0,0,0,0,0,0,0,42,36,46,39,36,46,36,23,0,0,304,304,304,304,304,0,0,304,304,304,304,304,0,0,0,0,0,0,0,0,0,0,0,0,0,0,0,0,202110140633
11080,Part 21,49,13,19,13,17,17,12,8,0,0,148,18,13,16,15,15,15,10,8,0,0,110,0,0,0,0,0,0,0,0,0,0,0,0,0,0,0,0,0,0,0,0,0,0,23,21,24,21,21,26,19,13,0,0,168,162,159,136,109,89,0,4,44,380,380,380,380,0,0,0,0,0,0,0,0,0,0,0,0,0,0,0,202110140633
11084,Part 26,54,13,25,14,19,20,14,9,0,0,168,20,15,19,18,16,17,14,9,0,0,128,0,0,0,0,0,0,0,0,0,0,0,0,0,0,0,0,0,0,0,0,0,0,27,25,29,26,24,31,24,15,0,0,201,183,173,165,124,89,0,4,44,380,380,380,380,0,0,0,0,0,0,0,0,0,0,0,0,0,0,0,202110140633
11141,Part 21,69,39,50,43,39,50,39,25,0,0,354,45,39,50,43,39,50,39,25,0,0,330,45,39,50,43,39,50,39,25,0,0,330,0,0,0,0,0,0,0,0,0,0,0,42,36,46,39,36,46,36,23,0,0,304,304,304,304,304,0,0,304,304,304,304,304,0,0,0,0,0,0,0,0,0,0,0,0,0,0,0,0,202110141630
11146,Part 26,69,39,50,43,39,50,39,25,0,0,354,45,39,50,43,39,50,39,25,0,0,330,45,39,50,43,39,50,39,25,0,0,330,0,0,0,0,0,0,0,0,0,0,0,42,36,46,39,36,46,36,23,0,0,304,304,304,304,304,0,0,304,304,304,304,304,0,0,0,0,0,0,0,0,0,0,0,0,0,0,0,0,202110141630
11193,Part 21,49,13,19,13,17,17,12,8,0,0,148,18,13,16,15,15,15,10,8,0,0,110,0,0,0,0,0,0,0,0,0,0,0,0,0,0,0,0,0,0,0,0,0,0,23,21,24,21,21,26,19,13,0,0,168,162,159,136,109,89,0,4,44,380,380,380,380,0,0,0,0,0,0,0,0,0,0,0,0,0,0,0,202110141630
11197,Part 26,54,13,25,14,19,20,14,9,0,0,168,20,15,19,18,16,17,14,9,0,0,128,0,0,0,0,0,0,0,0,0,0,0,0,0,0,0,0,0,0,0,0,0,0,27,25,29,26,24,31,24,15,0,0,201,183,173,165,124,89,0,4,44,380,380,380,380,0,0,0,0,0,0,0,0,0,0,0,0,0,0,0,202110141630
11254,Part 21,69,39,50,43,39,50,39,25,0,0,354,45,39,50,43,39,50,39,25,0,0,330,45,39,50,43,39,50,39,25,0,0,330,0,0,0,0,0,0,0,0,0,0,0,42,36,46,39,36,46,36,23,0,0,304,304,304,304,304,0,0,304,304,304,304,304,0,0,0,0,0,0,0,0,0,0,0,0,0,0,0,0,202110150630
11259,Part 26,69,39,50,43,39,50,39,25,0,0,354,45,39,50,43,39,50,39,25,0,0,330,45,39,50,43,39,50,39,25,0,0,330,0,0,0,0,0,0,0,0,0,0,0,42,36,46,39,36,46,36,23,0,0,304,304,304,304,304,0,0,304,304,304,304,304,0,0,0,0,0,0,0,0,0,0,0,0,0,0,0,0,202110150630
11306,Part 21,49,13,19,13,17,17,12,8,0,0,148,18,13,16,15,15,15,10,8,0,0,110,0,0,0,0,0,0,0,0,0,0,0,0,0,0,0,0,0,0,0,0,0,0,23,21,24,21,21,26,19,13,0,0,168,162,159,136,109,89,0,4,44,380,380,380,380,0,0,0,0,0,0,0,0,0,0,0,0,0,0,0,202110150630
11310,Part 26,54,13,25,14,19,20,14,9,0,0,168,20,15,19,18,16,17,14,9,0,0,128,0,0,0,0,0,0,0,0,0,0,0,0,0,0,0,0,0,0,0,0,0,0,27,25,29,26,24,31,24,15,0,0,201,183,173,165,124,89,0,4,44,380,380,380,380,0,0,0,0,0,0,0,0,0,0,0,0,0,0,0,202110150630
11367,Part 21,70,39,50,43,39,50,39,25,0,0,355,45,39,50,43,39,50,39,25,0,0,330,0,0,0,0,0,0,0,0,0,0,0,42,36,46,39,36,46,36,23,0,0,304,42,36,46,39,36,46,36,23,0,0,304,304,304,304,0,0,304,304,304,304,304,0,0,0,0,0,0,0,0,0,0,0,0,0,0,0,0,0,202110150638
11373,Part 26,70,39,50,43,39,50,39,25,0,0,355,45,39,50,43,39,50,39,25,0,0,330,0,0,0,0,0,0,0,0,0,0,0,42,36,46,39,36,46,36,23,0,0,304,42,36,46,39,36,46,36,23,0,0,304,304,304,304,0,0,304,304,304,304,304,0,0,0,0,0,0,0,0,0,0,0,0,0,0,0,0,0,202110150638
11420,Part 21,33,13,18,14,14,19,13,6,0,0,130,0,0,0,0,0,0,0,0,0,0,0,0,0,0,0,0,0,0,0,0,0,0,21,21,26,21,19,27,20,12,0,0,167,23,19,23,22,18,24,18,14,0,0,161,161,142,107,98,0,10,43,310,0,34,380,0,0,0,0,0,0,0,0,0,0,0,0,0,0,0,0,202110150638
11424,Part 26,38,14,20,16,16,22,15,8,0,0,149,0,0,0,0,0,0,0,0,0,0,0,0,0,0,0,0,0,0,0,0,0,0,25,24,31,25,24,31,24,15,0,0,199,28,23,28,25,22,26,20,14,0,0,186,173,171,124,98,0,10,43,310,0,34,380,0,0,0,0,0,0,0,0,0,0,0,0,0,0,0,0,202110150638
11479,Part 21,70,39,50,43,39,50,39,25,0,0,355,45,39,50,43,39,50,39,25,0,0,330,0,0,0,0,0,0,0,0,0,0,0,42,36,46,39,36,46,36,23,0,0,304,42,36,46,39,36,46,36,23,0,0,304,304,304,304,0,0,304,304,304,304,304,0,0,0,0,0,0,0,0,0,0,0,0,0,0,0,0,0,202110150659
11485,Part 26,70,39,50,43,39,50,39,25,0,0,355,45,39,50,43,39,50,39,25,0,0,330,0,0,0,0,0,0,0,0,0,0,0,42,36,46,39,36,46,36,23,0,0,304,42,36,46,39,36,46,36,23,0,0,304,304,304,304,0,0,304,304,304,304,304,0,0,0,0,0,0,0,0,0,0,0,0,0,0,0,0,0,202110150659
11532,Part 21,33,13,18,14,14,19,13,6,0,0,130,0,0,0,0,0,0,0,0,0,0,0,0,0,0,0,0,0,0,0,0,0,0,21,21,26,21,19,27,20,12,0,0,167,23,19,23,22,18,24,18,14,0,0,161,161,142,107,98,0,10,43,310,0,34,380,0,0,0,0,0,0,0,0,0,0,0,0,0,0,0,0,202110150659
11536,Part 26,38,14,20,16,16,22,15,8,0,0,149,0,0,0,0,0,0,0,0,0,0,0,0,0,0,0,0,0,0,0,0,0,0,25,24,31,25,24,31,24,15,0,0,199,28,23,28,25,22,26,20,14,0,0,186,173,171,124,98,0,10,43,310,0,34,380,0,0,0,0,0,0,0,0,0,0,0,0,0,0,0,0,202110150659
11591,Part 21,70,39,50,43,39,50,39,25,0,0,355,45,39,50,43,39,50,39,25,0,0,330,0,0,0,0,0,0,0,0,0,0,0,42,36,46,39,36,46,36,23,0,0,304,42,36,46,39,36,46,36,23,0,0,304,304,304,304,0,0,304,304,304,304,304,0,0,0,0,0,0,0,0,0,0,0,0,0,0,0,0,0,202110151534
11597,Part 26,70,39,50,43,39,50,39,25,0,0,355,45,39,50,43,39,50,39,25,0,0,330,0,0,0,0,0,0,0,0,0,0,0,42,36,46,39,36,46,36,23,0,0,304,42,36,46,39,36,46,36,23,0,0,304,304,304,304,0,0,304,304,304,304,304,0,0,0,0,0,0,0,0,0,0,0,0,0,0,0,0,0,202110151534
11644,Part 21,33,13,18,14,14,19,13,6,0,0,130,0,0,0,0,0,0,0,0,0,0,0,0,0,0,0,0,0,0,0,0,0,0,21,21,26,21,19,27,20,12,0,0,167,23,19,23,22,18,24,18,14,0,0,161,161,142,107,98,0,10,43,310,0,34,380,0,0,0,0,0,0,0,0,0,0,0,0,0,0,0,0,202110151534
11648,Part 26,38,14,20,16,16,22,15,8,0,0,149,0,0,0,0,0,0,0,0,0,0,0,0,0,0,0,0,0,0,0,0,0,0,25,24,31,25,24,31,24,15,0,0,199,28,23,28,25,22,26,20,14,0,0,186,173,171,124,98,0,10,43,310,0,34,380,0,0,0,0,0,0,0,0,0,0,0,0,0,0,0,0,202110151534
11703,Part 21,70,39,50,43,39,50,39,25,0,0,355,45,39,50,43,39,50,39,25,0,0,330,0,0,0,0,0,0,0,0,0,0,0,42,36,46,39,36,46,36,23,0,0,304,42,36,46,39,36,46,36,23,0,0,304,304,304,304,0,0,304,304,304,304,304,0,0,0,0,0,0,0,0,0,0,0,0,0,0,0,0,0,202110160706
11709,Part 26,70,39,50,43,39,50,39,25,0,0,355,45,39,50,43,39,50,39,25,0,0,330,0,0,0,0,0,0,0,0,0,0,0,42,36,46,39,36,46,36,23,0,0,304,42,36,46,39,36,46,36,23,0,0,304,304,304,304,0,0,304,304,304,304,304,0,0,0,0,0,0,0,0,0,0,0,0,0,0,0,0,0,202110160706
11756,Part 21,33,13,18,14,14,19,13,6,0,0,130,0,0,0,0,0,0,0,0,0,0,0,0,0,0,0,0,0,0,0,0,0,0,21,21,26,21,19,27,20,12,0,0,167,23,19,23,22,18,24,18,14,0,0,161,161,142,107,98,0,10,43,310,0,34,380,0,0,0,0,0,0,0,0,0,0,0,0,0,0,0,0,202110160706
11760,Part 26,38,14,20,16,16,22,15,8,0,0,149,0,0,0,0,0,0,0,0,0,0,0,0,0,0,0,0,0,0,0,0,0,0,25,24,31,25,24,31,24,15,0,0,199,28,23,28,25,22,26,20,14,0,0,186,173,171,124,98,0,10,43,310,0,34,380,0,0,0,0,0,0,0,0,0,0,0,0,0,0,0,0,202110160706
11813,Part 21,66,39,50,43,39,50,39,25,0,0,351,0,0,0,0,0,0,0,0,0,0,0,42,36,46,39,36,46,36,23,0,0,304,42,36,46,39,36,46,36,23,0,0,304,42,36,46,39,36,46,36,23,0,0,304,304,304,0,0,304,304,304,304,304,0,0,0,0,0,0,0,0,0,0,0,0,0,0,0,0,0,0,202110160742
11818,Part 26,66,39,50,43,39,50,39,25,0,0,351,0,0,0,0,0,0,0,0,0,0,0,42,36,46,39,36,46,36,23,0,0,304,42,36,46,39,36,46,36,23,0,0,304,42,36,46,39,36,46,36,23,0,0,304,304,304,0,0,304,304,304,304,304,0,0,0,0,0,0,0,0,0,0,0,0,0,0,0,0,0,0,202110160742
11865,Part 21,0,0,0,0,0,0,0,0,0,0,0,0,0,0,0,0,0,0,0,0,0,0,38,22,25,21,18,25,21,11,0,0,181,25,19,23,22,17,25,18,12,0,0,161,25,21,25,24,22,24,15,10,0,0,166,140,109,102,0,14,35,317,0,25,365,0,0,0,0,0,0,0,0,0,0,0,0,0,0,0,0,0,202110160742
11869,Part 26,0,0,0,0,0,0,0,0,0,0,0,0,0,0,0,0,0,0,0,0,0,0,43,26,31,25,22,30,24,15,0,0,216,29,23,28,25,21,28,20,13,0,0,187,25,21,25,24,22,27,20,12,0,0,176,169,128,102,0,14,35,317,0,25,365,0,0,0,0,0,0,0,0,0,0,0,0,0,0,0,0,0,202110160742
11921,Part 21,66,39,50,43,39,50,39,25,0,0,351,0,0,0,0,0,0,0,0,0,0,0,42,36,46,39,36,46,36,23,0,0,304,42,36,46,39,36,46,36,23,0,0,304,42,36,46,39,36,46,36,23,0,0,304,304,304,0,0,304,304,304,304,304,0,0,0,0,0,0,0,0,0,0,0,0,0,0,0,0,0,0,202110170636
11926,Part 26,66,39,50,43,39,50,39,25,0,0,351,0,0,0,0,0,0,0,0,0,0,0,42,36,46,39,36,46,36,23,0,0,304,42,36,46,39,36,46,36,23,0,0,304,42,36,46,39,36,46,36,23,0,0,304,304,304,0,0,304,304,304,304,304,0,0,0,0,0,0,0,0,0,0,0,0,0,0,0,0,0,0,202110170636
11973,Part 21,0,0,0,0,0,0,0,0,0,0,0,0,0,0,0,0,0,0,0,0,0,0,38,22,25,21,18,25,21,11,0,0,181,25,19,23,22,17,25,18,12,0,0,161,25,21,25,24,22,24,15,10,0,0,166,140,109,102,0,14,35,317,0,25,365,0,0,0,0,0,0,0,0,0,0,0,0,0,0,0,0,0,202110170636
11977,Part 26,0,0,0,0,0,0,0,0,0,0,0,0,0,0,0,0,0,0,0,0,0,0,43,26,31,25,22,30,24,15,0,0,216,29,23,28,25,21,28,20,13,0,0,187,25,21,25,24,22,27,20,12,0,0,176,169,128,102,0,14,35,317,0,25,365,0,0,0,0,0,0,0,0,0,0,0,0,0,0,0,0,0,202110170636
12029,Part 21,66,39,50,43,39,50,39,25,0,0,351,0,0,0,0,0,0,0,0,0,0,0,42,36,46,39,36,46,36,23,0,0,304,42,36,46,39,36,46,36,23,0,0,304,42,36,46,39,36,46,36,23,0,0,304,304,304,0,0,304,304,304,304,304,0,0,0,0,0,0,0,0,0,0,0,0,0,0,0,0,0,0,202110180601
12034,Part 26,66,39,50,43,39,50,39,25,0,0,351,0,0,0,0,0,0,0,0,0,0,0,42,36,46,39,36,46,36,23,0,0,304,42,36,46,39,36,46,36,23,0,0,304,42,36,46,39,36,46,36,23,0,0,304,304,304,0,0,304,304,304,304,304,0,0,0,0,0,0,0,0,0,0,0,0,0,0,0,0,0,0,202110180601
12081,Part 21,0,0,0,0,0,0,0,0,0,0,0,0,0,0,0,0,0,0,0,0,0,0,38,22,25,21,18,25,21,11,0,0,181,25,19,23,22,17,25,18,12,0,0,161,25,21,25,24,22,24,15,10,0,0,166,140,109,102,0,14,35,317,0,25,365,0,0,0,0,0,0,0,0,0,0,0,0,0,0,0,0,0,202110180601
12085,Part 26,0,0,0,0,0,0,0,0,0,0,0,0,0,0,0,0,0,0,0,0,0,0,43,26,31,25,22,30,24,15,0,0,216,29,23,28,25,21,28,20,13,0,0,187,25,21,25,24,22,27,20,12,0,0,176,169,128,102,0,14,35,317,0,25,365,0,0,0,0,0,0,0,0,0,0,0,0,0,0,0,0,0,202110180601
12136,Part 21,62,36,46,39,36,46,36,23,0,0,324,42,36,46,39,36,46,36,23,0,0,304,42,36,46,39,36,46,36,23,0,0,304,42,36,46,39,36,46,36,23,0,0,304,42,36,46,39,36,46,36,23,0,0,304,0,0,304,304,304,304,304,0,0,0,0,0,0,0,0,0,0,0,0,0,0,0,0,0,0,0,0,202110180627
12141,Part 26,62,36,46,39,36,46,36,23,0,0,324,42,36,46,39,36,46,36,23,0,0,304,42,36,46,39,36,46,36,23,0,0,304,42,36,46,39,36,46,36,23,0,0,304,42,36,46,39,36,46,36,23,0,0,304,0,0,304,304,304,304,304,0,0,0,0,0,0,0,0,0,0,0,0,0,0,0,0,0,0,0,0,202110180627
12188,Part 21,38,22,25,21,18,25,21,11,0,0,181,25,19,23,22,17,25,18,12,0,0,161,25,21,25,24,22,24,15,10,0,0,166,19,17,20,19,17,22,16,10,0,0,140,17,13,15,14,12,17,12,9,0,0,109,102,0,14,35,317,0,25,365,0,0,0,0,0,0,0,0,0,0,0,0,0,0,0,0,0,0,0,202110180627
12192,Part 26,43,26,31,25,22,30,24,15,0,0,216,29,23,28,25,21,28,20,13,0,0,187,25,21,25,24,22,27,20,12,0,0,176,22,20,24,22,21,27,20,13,0,0,169,21,15,18,17,14,20,14,9,0,0,128,102,0,14,35,317,0,25,365,0,0,0,0,0,0,0,0,0,0,0,0,0,0,0,0,0,0,0,202110180627
12243,Part 21,62,36,46,39,36,46,36,23,0,0,324,42,36,46,39,36,46,36,23,0,0,304,42,36,46,39,36,46,36,23,0,0,304,42,36,46,39,36,46,36,23,0,0,304,42,36,46,39,36,46,36,23,0,0,304,0,0,304,304,304,304,304,0,0,0,0,0,0,0,0,0,0,0,0,0,0,0,0,0,0,0,0,202110180637
12248,Part 26,62,36,46,39,36,46,36,23,0,0,324,42,36,46,39,36,46,36,23,0,0,304,42,36,46,39,36,46,36,23,0,0,304,42,36,46,39,36,46,36,23,0,0,304,42,36,46,39,36,46,36,23,0,0,304,0,0,304,304,304,304,304,0,0,0,0,0,0,0,0,0,0,0,0,0,0,0,0,0,0,0,0,202110180637
12295,Part 21,38,22,25,21,18,25,21,11,0,0,181,25,19,23,22,17,25,18,12,0,0,161,25,21,25,24,22,24,15,10,0,0,166,19,17,20,19,17,22,16,10,0,0,140,17,13,15,14,12,17,12,9,0,0,109,102,0,14,35,317,0,25,365,0,0,0,0,0,0,0,0,0,0,0,0,0,0,0,0,0,0,0,202110180637
12299,Part 26,43,26,31,25,22,30,24,15,0,0,216,29,23,28,25,21,28,20,13,0,0,187,25,21,25,24,22,27,20,12,0,0,176,22,20,24,22,21,27,20,13,0,0,169,21,15,18,17,14,20,14,9,0,0,128,102,0,14,35,317,0,25,365,0,0,0,0,0,0,0,0,0,0,0,0,0,0,0,0,0,0,0,202110180637
12350,Part 21,62,36,46,39,36,46,36,23,0,0,324,42,36,46,39,36,46,36,23,0,0,304,42,36,46,39,36,46,36,23,0,0,304,42,36,46,39,36,46,36,23,0,0,304,42,36,46,39,36,46,36,23,0,0,304,0,0,304,304,304,304,304,0,0,0,0,0,0,0,0,0,0,0,0,0,0,0,0,0,0,0,0,202110181638
12355,Part 26,62,36,46,39,36,46,36,23,0,0,324,42,36,46,39,36,46,36,23,0,0,304,42,36,46,39,36,46,36,23,0,0,304,42,36,46,39,36,46,36,23,0,0,304,42,36,46,39,36,46,36,23,0,0,304,0,0,304,304,304,304,304,0,0,0,0,0,0,0,0,0,0,0,0,0,0,0,0,0,0,0,0,202110181638
12402,Part 21,38,22,25,21,18,25,21,11,0,0,181,25,19,23,22,17,25,18,12,0,0,161,25,21,25,24,22,24,15,10,0,0,166,19,17,20,19,17,22,16,10,0,0,140,17,13,15,14,12,17,12,9,0,0,109,102,0,14,35,317,0,25,365,0,0,0,0,0,0,0,0,0,0,0,0,0,0,0,0,0,0,0,202110181638
12406,Part 26,43,26,31,25,22,30,24,15,0,0,216,29,23,28,25,21,28,20,13,0,0,187,25,21,25,24,22,27,20,12,0,0,176,22,20,24,22,21,27,20,13,0,0,169,21,15,18,17,14,20,14,9,0,0,128,102,0,14,35,317,0,25,365,0,0,0,0,0,0,0,0,0,0,0,0,0,0,0,0,0,0,0,202110181638
12457,Part 21,62,36,46,39,36,46,36,23,0,0,324,42,36,46,39,36,46,36,23,0,0,304,42,36,46,39,36,46,36,23,0,0,304,42,36,46,39,36,46,36,23,0,0,304,42,36,46,39,36,46,36,23,0,0,304,0,0,304,304,304,304,304,0,0,0,0,0,0,0,0,0,0,0,0,0,0,0,0,0,0,0,0,202110190636
12462,Part 26,62,36,46,39,36,46,36,23,0,0,324,42,36,46,39,36,46,36,23,0,0,304,42,36,46,39,36,46,36,23,0,0,304,42,36,46,39,36,46,36,23,0,0,304,42,36,46,39,36,46,36,23,0,0,304,0,0,304,304,304,304,304,0,0,0,0,0,0,0,0,0,0,0,0,0,0,0,0,0,0,0,0,202110190636
12509,Part 21,38,22,25,21,18,25,21,11,0,0,181,25,19,23,22,17,25,18,12,0,0,161,25,21,25,24,22,24,15,10,0,0,166,19,17,20,19,17,22,16,10,0,0,140,17,13,15,14,12,17,12,9,0,0,109,102,0,14,35,317,0,25,365,0,0,0,0,0,0,0,0,0,0,0,0,0,0,0,0,0,0,0,202110190636
12513,Part 26,43,26,31,25,22,30,24,15,0,0,216,29,23,28,25,21,28,20,13,0,0,187,25,21,25,24,22,27,20,12,0,0,176,22,20,24,22,21,27,20,13,0,0,169,21,15,18,17,14,20,14,9,0,0,128,102,0,14,35,317,0,25,365,0,0,0,0,0,0,0,0,0,0,0,0,0,0,0,0,0,0,0,202110190636
12565,Part 21,58,36,46,39,36,46,36,23,0,0,320,42,36,46,39,36,46,36,23,0,0,304,42,36,46,39,36,46,36,23,0,0,304,42,36,46,39,36,46,36,23,0,0,304,42,36,46,39,36,46,36,23,0,0,304,0,304,304,304,304,304,0,0,0,0,0,0,0,0,0,0,0,0,0,0,0,0,0,0,0,0,0,202110190649
12570,Part 26,58,36,46,39,36,46,36,23,0,0,320,42,36,46,39,36,46,36,23,0,0,304,42,36,46,39,36,46,36,23,0,0,304,42,36,46,39,36,46,36,23,0,0,304,42,36,46,39,36,46,36,23,0,0,304,0,304,304,304,304,304,0,0,0,0,0,0,0,0,0,0,0,0,0,0,0,0,0,0,0,0,0,202110190649
12617,Part 21,38,19,25,22,19,23,19,11,0,0,176,23,18,24,23,21,26,22,13,0,0,170,22,17,19,20,16,20,17,11,0,0,142,20,16,22,15,12,16,13,8,0,0,122,14,12,19,15,14,19,14,9,0,0,116,0,113,112,45,30,254,213,0,84,210,380,380,380,88,0,0,0,0,0,0,0,0,0,0,0,0,0,202110190649
12621,Part 26,46,23,31,26,23,28,21,14,0,0,212,26,20,26,23,21,26,22,13,0,0,177,24,20,24,23,19,24,21,13,0,0,168,25,20,27,18,15,19,15,9,0,0,148,17,15,19,15,14,19,14,9,0,0,122,0,113,112,45,30,380,380,0,124,210,380,380,380,88,0,0,0,0,0,0,0,0,0,0,0,0,0,202110190649
12675,Part 21,58,36,46,39,36,46,36,23,0,0,320,42,36,46,39,36,46,36,23,0,0,304,42,36,46,39,36,46,36,23,0,0,304,42,36,46,39,36,46,36,23,0,0,304,42,36,46,39,36,46,36,23,0,0,304,0,304,304,304,304,304,0,0,0,0,0,0,0,0,0,0,0,0,0,0,0,0,0,0,0,0,0,202110191157
12680,Part 26,58,36,46,39,36,46,36,23,0,0,320,42,36,46,39,36,46,36,23,0,0,304,42,36,46,39,36,46,36,23,0,0,304,42,36,46,39,36,46,36,23,0,0,304,42,36,46,39,36,46,36,23,0,0,304,0,304,304,304,304,304,0,0,0,0,0,0,0,0,0,0,0,0,0,0,0,0,0,0,0,0,0,202110191157
12727,Part 21,38,19,25,22,19,23,19,11,0,0,176,23,18,24,23,21,26,22,13,0,0,170,22,17,19,20,16,20,17,11,0,0,142,20,16,22,15,12,16,13,8,0,0,122,14,12,19,15,14,19,14,9,0,0,116,0,113,112,45,30,254,213,0,84,210,380,380,380,88,0,0,0,0,0,0,0,0,0,0,0,0,0,202110191157
12731,Part 26,46,23,31,26,23,28,21,14,0,0,212,26,20,26,23,21,26,22,13,0,0,177,24,20,24,23,19,24,21,13,0,0,168,25,20,27,18,15,19,15,9,0,0,148,17,15,19,15,14,19,14,9,0,0,122,0,113,112,45,30,380,380,0,124,210,380,380,380,88,0,0,0,0,0,0,0,0,0,0,0,0,0,202110191157
12785,Part 21,58,36,46,39,36,46,36,23,0,0,320,42,36,46,39,36,46,36,23,0,0,304,42,36,46,39,36,46,36,23,0,0,304,42,36,46,39,36,46,36,23,0,0,304,42,36,46,39,36,46,36,23,0,0,304,0,304,304,304,304,304,0,0,0,0,0,0,0,0,0,0,0,0,0,0,0,0,0,0,0,0,0,202110191557
12790,Part 26,58,36,46,39,36,46,36,23,0,0,320,42,36,46,39,36,46,36,23,0,0,304,42,36,46,39,36,46,36,23,0,0,304,42,36,46,39,36,46,36,23,0,0,304,42,36,46,39,36,46,36,23,0,0,304,0,304,304,304,304,304,0,0,0,0,0,0,0,0,0,0,0,0,0,0,0,0,0,0,0,0,0,202110191557
12837,Part 21,38,19,25,22,19,23,19,11,0,0,176,23,18,24,23,21,26,22,13,0,0,170,22,17,19,20,16,20,17,11,0,0,142,20,16,22,15,12,16,13,8,0,0,122,14,12,19,15,14,19,14,9,0,0,116,0,113,112,45,30,254,213,0,84,210,380,380,380,88,0,0,0,0,0,0,0,0,0,0,0,0,0,202110191557
12841,Part 26,46,23,31,26,23,28,21,14,0,0,212,26,20,26,23,21,26,22,13,0,0,177,24,20,24,23,19,24,21,13,0,0,168,25,20,27,18,15,19,15,9,0,0,148,17,15,19,15,14,19,14,9,0,0,122,0,113,112,45,30,380,380,0,124,210,380,380,380,88,0,0,0,0,0,0,0,0,0,0,0,0,0,202110191557
12895,Part 21,58,36,46,39,36,46,36,23,0,0,320,42,36,46,39,36,46,36,23,0,0,304,42,36,46,39,36,46,36,23,0,0,304,42,36,46,39,36,46,36,23,0,0,304,42,36,46,39,36,46,36,23,0,0,304,0,304,304,304,304,304,0,0,0,0,0,0,0,0,0,0,0,0,0,0,0,0,0,0,0,0,0,202110200600
12900,Part 26,58,36,46,39,36,46,36,23,0,0,320,42,36,46,39,36,46,36,23,0,0,304,42,36,46,39,36,46,36,23,0,0,304,42,36,46,39,36,46,36,23,0,0,304,42,36,46,39,36,46,36,23,0,0,304,0,304,304,304,304,304,0,0,0,0,0,0,0,0,0,0,0,0,0,0,0,0,0,0,0,0,0,202110200600
12947,Part 21,38,19,25,22,19,23,19,11,0,0,176,23,18,24,23,21,26,22,13,0,0,170,22,17,19,20,16,20,17,11,0,0,142,20,16,22,15,12,16,13,8,0,0,122,14,12,19,15,14,19,14,9,0,0,116,0,113,112,45,30,254,213,0,84,210,380,380,380,88,0,0,0,0,0,0,0,0,0,0,0,0,0,202110200600
12951,Part 26,46,23,31,26,23,28,21,14,0,0,212,26,20,26,23,21,26,22,13,0,0,177,24,20,24,23,19,24,21,13,0,0,168,25,20,27,18,15,19,15,9,0,0,148,17,15,19,15,14,19,14,9,0,0,122,0,113,112,45,30,380,380,0,124,210,380,380,380,88,0,0,0,0,0,0,0,0,0,0,0,0,0,202110200600
13005,Part 21,58,36,46,39,36,46,36,23,0,0,320,42,36,46,39,36,46,36,23,0,0,304,42,36,46,39,36,46,36,23,0,0,304,42,36,46,39,36,46,36,23,0,0,304,42,36,46,39,36,46,36,23,0,0,304,0,304,304,304,304,304,0,0,0,0,0,0,0,0,0,0,0,0,0,0,0,0,0,0,0,0,0,202110200632
13010,Part 26,58,36,46,39,36,46,36,23,0,0,320,42,36,46,39,36,46,36,23,0,0,304,42,36,46,39,36,46,36,23,0,0,304,42,36,46,39,36,46,36,23,0,0,304,42,36,46,39,36,46,36,23,0,0,304,0,304,304,304,304,304,0,0,0,0,0,0,0,0,0,0,0,0,0,0,0,0,0,0,0,0,0,202110200632
13057,Part 21,38,19,25,22,19,23,19,11,0,0,176,23,18,24,23,21,26,22,13,0,0,170,22,17,19,20,16,20,17,11,0,0,142,20,16,22,15,12,16,13,8,0,0,122,14,12,19,15,14,19,14,9,0,0,116,0,113,112,45,30,254,213,0,84,210,380,380,380,88,0,0,0,0,0,0,0,0,0,0,0,0,0,202110200632
13061,Part 26,46,23,31,26,23,28,21,14,0,0,212,26,20,26,23,21,26,22,13,0,0,177,24,20,24,23,19,24,21,13,0,0,168,25,20,27,18,15,19,15,9,0,0,148,17,15,19,15,14,19,14,9,0,0,122,0,113,112,45,30,380,380,0,124,210,380,380,380,88,0,0,0,0,0,0,0,0,0,0,0,0,0,202110200632
13117,Part 21,63,36,46,39,36,46,36,23,0,0,325,42,36,46,39,36,46,36,23,0,0,304,42,36,46,39,36,46,36,23,0,0,304,42,36,46,39,36,46,36,23,0,0,304,0,0,0,0,0,0,0,0,0,0,0,304,304,304,304,304,0,0,0,0,0,0,0,0,0,0,0,0,0,0,0,0,0,0,0,0,0,0,202110200636
13122,Part 26,63,36,46,39,36,46,36,23,0,0,325,42,36,46,39,36,46,36,23,0,0,304,42,36,46,39,36,46,36,23,0,0,304,42,36,46,39,36,46,36,23,0,0,304,0,0,0,0,0,0,0,0,0,0,0,304,304,304,304,304,0,0,0,0,0,0,0,0,0,0,0,0,0,0,0,0,0,0,0,0,0,0,202110200636
13169,Part 21,36,18,25,20,19,24,21,13,0,0,176,23,21,28,22,16,20,16,10,0,0,156,20,15,23,17,18,21,15,7,0,0,136,0,0,0,0,0,0,0,0,0,0,0,0,0,0,0,0,0,0,0,0,0,0,111,117,111,52,2,102,0,151,226,297,299,303,380,0,380,248,0,0,0,0,0,0,0,0,0,0,0,202110200636
13173,Part 26,41,22,29,24,21,26,21,13,0,0,197,23,21,28,23,20,24,20,11,0,0,170,23,19,28,21,22,26,18,9,0,0,166,0,0,0,0,0,0,0,0,0,0,0,0,0,0,0,0,0,0,0,0,0,0,125,117,111,53,2,133,0,197,287,380,380,380,380,0,380,248,0,0,0,0,0,0,0,0,0,0,0,202110200636
13227,Part 21,63,36,46,39,36,46,36,23,0,0,325,42,36,46,39,36,46,36,23,0,0,304,42,36,46,39,36,46,36,23,0,0,304,42,36,46,39,36,46,36,23,0,0,304,0,0,0,0,0,0,0,0,0,0,0,304,304,304,304,304,0,0,0,0,0,0,0,0,0,0,0,0,0,0,0,0,0,0,0,0,0,0,202110201201
13232,Part 26,63,36,46,39,36,46,36,23,0,0,325,42,36,46,39,36,46,36,23,0,0,304,42,36,46,39,36,46,36,23,0,0,304,42,36,46,39,36,46,36,23,0,0,304,0,0,0,0,0,0,0,0,0,0,0,304,304,304,304,304,0,0,0,0,0,0,0,0,0,0,0,0,0,0,0,0,0,0,0,0,0,0,202110201201
13279,Part 21,36,18,25,20,19,24,21,13,0,0,176,23,21,28,22,16,20,16,10,0,0,156,20,15,23,17,18,21,15,7,0,0,136,0,0,0,0,0,0,0,0,0,0,0,0,0,0,0,0,0,0,0,0,0,0,111,117,111,52,2,102,0,151,226,297,299,303,380,0,380,248,0,0,0,0,0,0,0,0,0,0,0,202110201201
13283,Part 26,41,22,29,24,21,26,21,13,0,0,197,23,21,28,23,20,24,20,11,0,0,170,23,19,28,21,22,26,18,9,0,0,166,0,0,0,0,0,0,0,0,0,0,0,0,0,0,0,0,0,0,0,0,0,0,125,117,111,53,2,133,0,197,287,380,380,380,380,0,380,248,0,0,0,0,0,0,0,0,0,0,0,202110201201
13337,Part 21,63,36,46,39,36,46,36,23,0,0,325,42,36,46,39,36,46,36,23,0,0,304,42,36,46,39,36,46,36,23,0,0,304,42,36,46,39,36,46,36,23,0,0,304,0,0,0,0,0,0,0,0,0,0,0,304,304,304,304,304,0,0,0,0,0,0,0,0,0,0,0,0,0,0,0,0,0,0,0,0,0,0,202110201601
13342,Part 26,63,36,46,39,36,46,36,23,0,0,325,42,36,46,39,36,46,36,23,0,0,304,42,36,46,39,36,46,36,23,0,0,304,42,36,46,39,36,46,36,23,0,0,304,0,0,0,0,0,0,0,0,0,0,0,304,304,304,304,304,0,0,0,0,0,0,0,0,0,0,0,0,0,0,0,0,0,0,0,0,0,0,202110201601
13389,Part 21,36,18,25,20,19,24,21,13,0,0,176,23,21,28,22,16,20,16,10,0,0,156,20,15,23,17,18,21,15,7,0,0,136,0,0,0,0,0,0,0,0,0,0,0,0,0,0,0,0,0,0,0,0,0,0,111,117,111,52,2,102,0,151,226,297,299,303,380,0,380,248,0,0,0,0,0,0,0,0,0,0,0,202110201601
13393,Part 26,41,22,29,24,21,26,21,13,0,0,197,23,21,28,23,20,24,20,11,0,0,170,23,19,28,21,22,26,18,9,0,0,166,0,0,0,0,0,0,0,0,0,0,0,0,0,0,0,0,0,0,0,0,0,0,125,117,111,53,2,133,0,197,287,380,380,380,380,0,380,248,0,0,0,0,0,0,0,0,0,0,0,202110201601
13447,Part 21,63,36,46,39,36,46,36,23,0,0,325,42,36,46,39,36,46,36,23,0,0,304,42,36,46,39,36,46,36,23,0,0,304,42,36,46,39,36,46,36,23,0,0,304,0,0,0,0,0,0,0,0,0,0,0,304,304,304,304,304,0,0,0,0,0,0,0,0,0,0,0,0,0,0,0,0,0,0,0,0,0,0,202110210629
13452,Part 26,63,36,46,39,36,46,36,23,0,0,325,42,36,46,39,36,46,36,23,0,0,304,42,36,46,39,36,46,36,23,0,0,304,42,36,46,39,36,46,36,23,0,0,304,0,0,0,0,0,0,0,0,0,0,0,304,304,304,304,304,0,0,0,0,0,0,0,0,0,0,0,0,0,0,0,0,0,0,0,0,0,0,202110210629
13499,Part 21,36,18,25,20,19,24,21,13,0,0,176,23,21,28,22,16,20,16,10,0,0,156,20,15,23,17,18,21,15,7,0,0,136,0,0,0,0,0,0,0,0,0,0,0,0,0,0,0,0,0,0,0,0,0,0,111,117,111,52,2,102,0,151,226,297,299,303,380,0,380,248,0,0,0,0,0,0,0,0,0,0,0,202110210629
13503,Part 26,41,22,29,24,21,26,21,13,0,0,197,23,21,28,23,20,24,20,11,0,0,170,23,19,28,21,22,26,18,9,0,0,166,0,0,0,0,0,0,0,0,0,0,0,0,0,0,0,0,0,0,0,0,0,0,125,117,111,53,2,133,0,197,287,380,380,380,380,0,380,248,0,0,0,0,0,0,0,0,0,0,0,202110210629
13557,Part 21,80,36,46,39,36,46,36,23,0,0,342,42,36,46,39,36,46,36,23,0,0,304,42,36,46,39,36,46,36,23,0,0,304,0,0,0,0,0,0,0,0,0,0,0,42,36,46,39,36,46,36,23,0,0,304,304,304,304,304,0,0,0,0,0,0,0,0,0,0,0,0,0,0,0,0,0,0,0,0,0,0,0,202110210642
13562,Part 26,80,36,46,39,36,46,36,23,0,0,342,42,36,46,39,36,46,36,23,0,0,304,42,36,46,39,36,46,36,23,0,0,304,0,0,0,0,0,0,0,0,0,0,0,42,36,46,39,36,46,36,23,0,0,304,304,304,304,304,0,0,0,0,0,0,0,0,0,0,0,0,0,0,0,0,0,0,0,0,0,0,0,202110210642
13609,Part 21,45,21,27,22,22,25,15,10,0,0,187,19,15,21,20,21,27,22,13,0,0,158,0,0,0,0,0,0,0,0,0,0,0,0,0,0,0,0,0,0,0,0,0,0,23,20,24,22,19,34,27,17,0,0,186,158,58,0,17,88,0,107,196,298,294,299,369,0,380,338,0,0,0,0,0,0,0,0,0,0,0,0,202110210642
13613,Part 26,46,21,27,22,22,27,19,12,0,0,196,23,19,24,24,26,31,26,16,0,0,189,0,0,0,0,0,0,0,0,0,0,0,0,0,0,0,0,0,0,0,0,0,0,28,23,29,25,23,34,27,17,0,0,206,158,58,0,23,114,0,141,250,379,380,380,380,0,380,338,0,0,0,0,0,0,0,0,0,0,0,0,202110210642
13667,Part 21,80,36,46,39,36,46,36,23,0,0,342,42,36,46,39,36,46,36,23,0,0,304,42,36,46,39,36,46,36,23,0,0,304,0,0,0,0,0,0,0,0,0,0,0,42,36,46,39,36,46,36,23,0,0,304,304,304,304,304,0,0,0,0,0,0,0,0,0,0,0,0,0,0,0,0,0,0,0,0,0,0,0,202110210957
13672,Part 26,80,36,46,39,36,46,36,23,0,0,342,42,36,46,39,36,46,36,23,0,0,304,42,36,46,39,36,46,36,23,0,0,304,0,0,0,0,0,0,0,0,0,0,0,42,36,46,39,36,46,36,23,0,0,304,304,304,304,304,0,0,0,0,0,0,0,0,0,0,0,0,0,0,0,0,0,0,0,0,0,0,0,202110210957
13719,Part 21,45,21,27,22,22,25,15,10,0,0,187,19,15,21,20,21,27,22,13,0,0,158,0,0,0,0,0,0,0,0,0,0,0,0,0,0,0,0,0,0,0,0,0,0,23,20,24,22,19,34,27,17,0,0,186,158,58,0,17,88,0,107,196,298,294,299,369,0,380,338,0,0,0,0,0,0,0,0,0,0,0,0,202110210957
13723,Part 26,46,21,27,22,22,27,19,12,0,0,196,23,19,24,24,26,31,26,16,0,0,189,0,0,0,0,0,0,0,0,0,0,0,0,0,0,0,0,0,0,0,0,0,0,28,23,29,25,23,34,27,17,0,0,206,158,58,0,23,114,0,141,250,379,380,380,380,0,380,338,0,0,0,0,0,0,0,0,0,0,0,0,202110210957
13777,Part 21,80,36,46,39,36,46,36,23,0,0,342,42,36,46,39,36,46,36,23,0,0,304,42,36,46,39,36,46,36,23,0,0,304,0,0,0,0,0,0,0,0,0,0,0,42,36,46,39,36,46,36,23,0,0,304,304,304,304,304,0,0,0,0,0,0,0,0,0,0,0,0,0,0,0,0,0,0,0,0,0,0,0,202110211101
13782,Part 26,80,36,46,39,36,46,36,23,0,0,342,42,36,46,39,36,46,36,23,0,0,304,42,36,46,39,36,46,36,23,0,0,304,0,0,0,0,0,0,0,0,0,0,0,42,36,46,39,36,46,36,23,0,0,304,304,304,304,304,0,0,0,0,0,0,0,0,0,0,0,0,0,0,0,0,0,0,0,0,0,0,0,202110211101
13829,Part 21,45,21,27,22,22,25,15,10,0,0,187,19,15,21,20,21,27,22,13,0,0,158,0,0,0,0,0,0,0,0,0,0,0,0,0,0,0,0,0,0,0,0,0,0,23,20,24,22,19,34,27,17,0,0,186,158,58,0,17,88,0,107,196,298,294,299,369,0,380,338,0,0,0,0,0,0,0,0,0,0,0,0,202110211101
13833,Part 26,46,21,27,22,22,27,19,12,0,0,196,23,19,24,24,26,31,26,16,0,0,189,0,0,0,0,0,0,0,0,0,0,0,0,0,0,0,0,0,0,0,0,0,0,28,23,29,25,23,34,27,17,0,0,206,158,58,0,23,114,0,141,250,379,380,380,380,0,380,338,0,0,0,0,0,0,0,0,0,0,0,0,202110211101
13887,Part 21,80,36,46,39,36,46,36,23,0,0,342,42,36,46,39,36,46,36,23,0,0,304,42,36,46,39,36,46,36,23,0,0,304,0,0,0,0,0,0,0,0,0,0,0,42,36,46,39,36,46,36,23,0,0,304,304,304,304,304,0,0,0,0,0,0,0,0,0,0,0,0,0,0,0,0,0,0,0,0,0,0,0,202110211158
13892,Part 26,80,36,46,39,36,46,36,23,0,0,342,42,36,46,39,36,46,36,23,0,0,304,42,36,46,39,36,46,36,23,0,0,304,0,0,0,0,0,0,0,0,0,0,0,42,36,46,39,36,46,36,23,0,0,304,304,304,304,304,0,0,0,0,0,0,0,0,0,0,0,0,0,0,0,0,0,0,0,0,0,0,0,202110211158
13939,Part 21,45,21,27,22,22,25,15,10,0,0,187,19,15,21,20,21,27,22,13,0,0,158,0,0,0,0,0,0,0,0,0,0,0,0,0,0,0,0,0,0,0,0,0,0,23,20,24,22,19,34,27,17,0,0,186,158,58,0,17,88,0,107,196,298,294,299,369,0,380,338,0,0,0,0,0,0,0,0,0,0,0,0,202110211158
13943,Part 26,46,21,27,22,22,27,19,12,0,0,196,23,19,24,24,26,31,26,16,0,0,189,0,0,0,0,0,0,0,0,0,0,0,0,0,0,0,0,0,0,0,0,0,0,28,23,29,25,23,34,27,17,0,0,206,158,58,0,23,114,0,141,250,379,380,380,380,0,380,338,0,0,0,0,0,0,0,0,0,0,0,0,202110211158
13997,Part 21,80,36,46,39,36,46,36,23,0,0,342,42,36,46,39,36,46,36,23,0,0,304,42,36,46,39,36,46,36,23,0,0,304,0,0,0,0,0,0,0,0,0,0,0,42,36,46,39,36,46,36,23,0,0,304,304,304,304,304,0,0,0,0,0,0,0,0,0,0,0,0,0,0,0,0,0,0,0,0,0,0,0,202110211501
14002,Part 26,80,36,46,39,36,46,36,23,0,0,342,42,36,46,39,36,46,36,23,0,0,304,42,36,46,39,36,46,36,23,0,0,304,0,0,0,0,0,0,0,0,0,0,0,42,36,46,39,36,46,36,23,0,0,304,304,304,304,304,0,0,0,0,0,0,0,0,0,0,0,0,0,0,0,0,0,0,0,0,0,0,0,202110211501
14049,Part 21,45,21,27,22,22,25,15,10,0,0,187,19,15,21,20,21,27,22,13,0,0,158,0,0,0,0,0,0,0,0,0,0,0,0,0,0,0,0,0,0,0,0,0,0,23,20,24,22,19,34,27,17,0,0,186,158,58,0,17,88,0,107,196,298,294,299,369,0,380,338,0,0,0,0,0,0,0,0,0,0,0,0,202110211501
14053,Part 26,46,21,27,22,22,27,19,12,0,0,196,23,19,24,24,26,31,26,16,0,0,189,0,0,0,0,0,0,0,0,0,0,0,0,0,0,0,0,0,0,0,0,0,0,28,23,29,25,23,34,27,17,0,0,206,158,58,0,23,114,0,141,250,379,380,380,380,0,380,338,0,0,0,0,0,0,0,0,0,0,0,0,202110211501
14107,Part 21,66,36,46,39,36,46,36,23,0,0,328,42,36,46,39,36,46,36,23,0,0,304,0,0,0,0,0,0,0,0,0,0,0,42,36,46,39,36,46,36,23,0,0,304,42,36,46,39,36,46,36,23,0,0,304,304,304,304,0,0,304,304,304,304,304,0,0,304,304,304,304,304,0,0,304,304,304,304,304,0,0,30,202110220648
14112,Part 26,66,36,46,39,36,46,36,23,0,0,328,42,36,46,39,36,46,36,23,0,0,304,0,0,0,0,0,0,0,0,0,0,0,42,36,46,39,36,46,36,23,0,0,304,42,36,46,39,36,46,36,23,0,0,304,304,304,304,0,0,304,304,304,304,304,0,0,304,304,304,304,304,0,0,304,304,304,304,304,0,0,30,202110220648
14159,Part 21,43,16,22,17,16,23,22,13,0,0,172,0,0,0,0,0,0,0,0,0,0,0,0,0,0,0,0,0,0,0,0,0,0,24,22,24,22,19,26,20,14,0,0,171,29,25,31,23,17,22,17,10,0,0,174,136,69,87,110,0,106,121,151,249,298,345,0,380,380,56,0,0,0,0,0,0,0,0,0,0,0,0,202110220648
14163,Part 26,44,19,26,21,18,28,27,15,0,0,198,0,0,0,0,0,0,0,0,0,0,0,0,0,0,0,0,0,0,0,0,0,0,28,27,30,25,23,29,24,14,0,0,200,29,25,31,23,17,22,17,10,0,0,174,136,101,113,140,0,134,154,193,320,380,380,0,380,380,56,0,0,0,0,0,0,0,0,0,0,0,0,202110220648
14219,Part 21,66,36,46,39,36,46,36,23,0,0,328,42,36,46,39,36,46,36,23,0,0,304,0,0,0,0,0,0,0,0,0,0,0,42,36,46,39,36,46,36,23,0,0,304,42,36,46,39,36,46,36,23,0,0,304,304,304,304,0,0,304,304,304,304,304,0,0,304,304,304,304,304,0,0,304,304,304,304,304,0,0,30,202110220702
14224,Part 26,66,36,46,39,36,46,36,23,0,0,328,42,36,46,39,36,46,36,23,0,0,304,0,0,0,0,0,0,0,0,0,0,0,42,36,46,39,36,46,36,23,0,0,304,42,36,46,39,36,46,36,23,0,0,304,304,304,304,0,0,304,304,304,304,304,0,0,304,304,304,304,304,0,0,304,304,304,304,304,0,0,30,202110220702
14271,Part 21,43,16,22,17,16,23,22,13,0,0,172,0,0,0,0,0,0,0,0,0,0,0,0,0,0,0,0,0,0,0,0,0,0,24,22,24,22,19,26,20,14,0,0,171,29,25,31,23,17,22,17,10,0,0,174,136,69,87,110,0,106,121,151,249,298,345,0,380,380,56,0,0,0,0,0,0,0,0,0,0,0,0,202110220702
14275,Part 26,44,19,26,21,18,28,27,15,0,0,198,0,0,0,0,0,0,0,0,0,0,0,0,0,0,0,0,0,0,0,0,0,0,28,27,30,25,23,29,24,14,0,0,200,29,25,31,23,17,22,17,10,0,0,174,136,101,113,140,0,134,154,193,320,380,380,0,380,380,56,0,0,0,0,0,0,0,0,0,0,0,0,202110220702
14331,Part 21,66,36,46,39,36,46,36,23,0,0,328,42,36,46,39,36,46,36,23,0,0,304,0,0,0,0,0,0,0,0,0,0,0,42,36,46,39,36,46,36,23,0,0,304,42,36,46,39,36,46,36,23,0,0,304,304,304,304,0,0,304,304,304,304,304,0,0,304,304,304,304,304,0,0,304,304,304,304,304,0,0,30,202110221106
14336,Part 26,66,36,46,39,36,46,36,23,0,0,328,42,36,46,39,36,46,36,23,0,0,304,0,0,0,0,0,0,0,0,0,0,0,42,36,46,39,36,46,36,23,0,0,304,42,36,46,39,36,46,36,23,0,0,304,304,304,304,0,0,304,304,304,304,304,0,0,304,304,304,304,304,0,0,304,304,304,304,304,0,0,30,202110221106
14383,Part 21,43,16,22,17,16,23,22,13,0,0,172,0,0,0,0,0,0,0,0,0,0,0,0,0,0,0,0,0,0,0,0,0,0,24,22,24,22,19,26,20,14,0,0,171,29,25,31,23,17,22,17,10,0,0,174,136,69,87,110,0,106,121,151,249,298,345,0,380,380,56,0,0,0,0,0,0,0,0,0,0,0,0,202110221106
14387,Part 26,44,19,26,21,18,28,27,15,0,0,198,0,0,0,0,0,0,0,0,0,0,0,0,0,0,0,0,0,0,0,0,0,0,28,27,30,25,23,29,24,14,0,0,200,29,25,31,23,17,22,17,10,0,0,174,136,101,113,140,0,134,154,193,320,380,380,0,380,380,56,0,0,0,0,0,0,0,0,0,0,0,0,202110221106
14443,Part 21,66,36,46,39,36,46,36,23,0,0,328,42,36,46,39,36,46,36,23,0,0,304,0,0,0,0,0,0,0,0,0,0,0,42,36,46,39,36,46,36,23,0,0,304,42,36,46,39,36,46,36,23,0,0,304,304,304,304,0,0,304,304,304,304,304,0,0,304,304,304,304,304,0,0,304,304,304,304,304,0,0,30,202110221231
14448,Part 26,66,36,46,39,36,46,36,23,0,0,328,42,36,46,39,36,46,36,23,0,0,304,0,0,0,0,0,0,0,0,0,0,0,42,36,46,39,36,46,36,23,0,0,304,42,36,46,39,36,46,36,23,0,0,304,304,304,304,0,0,304,304,304,304,304,0,0,304,304,304,304,304,0,0,304,304,304,304,304,0,0,30,202110221231
14495,Part 21,43,16,22,17,16,23,22,13,0,0,172,0,0,0,0,0,0,0,0,0,0,0,0,0,0,0,0,0,0,0,0,0,0,24,22,24,22,19,26,20,14,0,0,171,29,25,31,23,17,22,17,10,0,0,174,136,69,87,110,0,106,121,151,249,298,345,0,380,380,56,0,0,0,0,0,0,0,0,0,0,0,0,202110221231
14499,Part 26,44,19,26,21,18,28,27,15,0,0,198,0,0,0,0,0,0,0,0,0,0,0,0,0,0,0,0,0,0,0,0,0,0,28,27,30,25,23,29,24,14,0,0,200,29,25,31,23,17,22,17,10,0,0,174,136,101,113,140,0,134,154,193,320,380,380,0,380,380,56,0,0,0,0,0,0,0,0,0,0,0,0,202110221231
14555,Part 21,66,36,46,39,36,46,36,23,0,0,328,42,36,46,39,36,46,36,23,0,0,304,0,0,0,0,0,0,0,0,0,0,0,42,36,46,39,36,46,36,23,0,0,304,42,36,46,39,36,46,36,23,0,0,304,304,304,304,0,0,304,304,304,304,304,0,0,304,304,304,304,304,0,0,304,304,304,304,304,0,0,30,202110221431
14560,Part 26,66,36,46,39,36,46,36,23,0,0,328,42,36,46,39,36,46,36,23,0,0,304,0,0,0,0,0,0,0,0,0,0,0,42,36,46,39,36,46,36,23,0,0,304,42,36,46,39,36,46,36,23,0,0,304,304,304,304,0,0,304,304,304,304,304,0,0,304,304,304,304,304,0,0,304,304,304,304,304,0,0,30,202110221431
14607,Part 21,43,16,22,17,16,23,22,13,0,0,172,0,0,0,0,0,0,0,0,0,0,0,0,0,0,0,0,0,0,0,0,0,0,24,22,24,22,19,26,20,14,0,0,171,29,25,31,23,17,22,17,10,0,0,174,136,69,87,110,0,106,121,151,249,298,345,0,380,380,56,0,0,0,0,0,0,0,0,0,0,0,0,202110221431
14611,Part 26,44,19,26,21,18,28,27,15,0,0,198,0,0,0,0,0,0,0,0,0,0,0,0,0,0,0,0,0,0,0,0,0,0,28,27,30,25,23,29,24,14,0,0,200,29,25,31,23,17,22,17,10,0,0,174,136,101,113,140,0,134,154,193,320,380,380,0,380,380,56,0,0,0,0,0,0,0,0,0,0,0,0,202110221431
14667,Part 21,66,36,46,39,36,46,36,23,0,0,328,42,36,46,39,36,46,36,23,0,0,304,0,0,0,0,0,0,0,0,0,0,0,42,36,46,39,36,46,36,23,0,0,304,42,36,46,39,36,46,36,23,0,0,304,304,304,304,0,0,304,304,304,304,304,0,0,304,304,304,304,304,0,0,304,304,304,304,304,0,0,30,202110221603
14672,Part 26,66,36,46,39,36,46,36,23,0,0,328,42,36,46,39,36,46,36,23,0,0,304,0,0,0,0,0,0,0,0,0,0,0,42,36,46,39,36,46,36,23,0,0,304,42,36,46,39,36,46,36,23,0,0,304,304,304,304,0,0,304,304,304,304,304,0,0,304,304,304,304,304,0,0,304,304,304,304,304,0,0,30,202110221603
14719,Part 21,43,16,22,17,16,23,22,13,0,0,172,0,0,0,0,0,0,0,0,0,0,0,0,0,0,0,0,0,0,0,0,0,0,24,22,24,22,19,26,20,14,0,0,171,29,25,31,23,17,22,17,10,0,0,174,136,69,87,110,0,106,121,151,249,298,345,0,380,380,56,0,0,0,0,0,0,0,0,0,0,0,0,202110221603
14723,Part 26,44,19,26,21,18,28,27,15,0,0,198,0,0,0,0,0,0,0,0,0,0,0,0,0,0,0,0,0,0,0,0,0,0,28,27,30,25,23,29,24,14,0,0,200,29,25,31,23,17,22,17,10,0,0,174,136,101,113,140,0,134,154,193,320,380,380,0,380,380,56,0,0,0,0,0,0,0,0,0,0,0,0,202110221603
14779,Part 21,66,36,46,39,36,46,36,23,0,0,328,42,36,46,39,36,46,36,23,0,0,304,0,0,0,0,0,0,0,0,0,0,0,42,36,46,39,36,46,36,23,0,0,304,42,36,46,39,36,46,36,23,0,0,304,304,304,304,0,0,304,304,304,304,304,0,0,304,304,304,304,304,0,0,304,304,304,304,304,0,0,30,202110230708
14784,Part 26,66,36,46,39,36,46,36,23,0,0,328,42,36,46,39,36,46,36,23,0,0,304,0,0,0,0,0,0,0,0,0,0,0,42,36,46,39,36,46,36,23,0,0,304,42,36,46,39,36,46,36,23,0,0,304,304,304,304,0,0,304,304,304,304,304,0,0,304,304,304,304,304,0,0,304,304,304,304,304,0,0,30,202110230708
14831,Part 21,43,16,22,17,16,23,22,13,0,0,172,0,0,0,0,0,0,0,0,0,0,0,0,0,0,0,0,0,0,0,0,0,0,24,22,24,22,19,26,20,14,0,0,171,29,25,31,23,17,22,17,10,0,0,174,136,69,87,110,0,106,121,151,249,298,345,0,380,380,56,0,0,0,0,0,0,0,0,0,0,0,0,202110230708
14835,Part 26,44,19,26,21,18,28,27,15,0,0,198,0,0,0,0,0,0,0,0,0,0,0,0,0,0,0,0,0,0,0,0,0,0,28,27,30,25,23,29,24,14,0,0,200,29,25,31,23,17,22,17,10,0,0,174,136,101,113,140,0,134,154,193,320,380,380,0,380,380,56,0,0,0,0,0,0,0,0,0,0,0,0,202110230708
14891,Part 21,66,36,46,39,36,46,36,23,0,0,328,42,36,46,39,36,46,36,23,0,0,304,0,0,0,0,0,0,0,0,0,0,0,42,36,46,39,36,46,36,23,0,0,304,42,36,46,39,36,46,36,23,0,0,304,304,304,304,0,0,304,304,304,304,304,0,0,304,304,304,304,304,0,0,304,304,304,304,304,0,0,30,202110240633
14896,Part 26,66,36,46,39,36,46,36,23,0,0,328,42,36,46,39,36,46,36,23,0,0,304,0,0,0,0,0,0,0,0,0,0,0,42,36,46,39,36,46,36,23,0,0,304,42,36,46,39,36,46,36,23,0,0,304,304,304,304,0,0,304,304,304,304,304,0,0,304,304,304,304,304,0,0,304,304,304,304,304,0,0,30,202110240633
14943,Part 21,43,16,22,17,16,23,22,13,0,0,172,0,0,0,0,0,0,0,0,0,0,0,0,0,0,0,0,0,0,0,0,0,0,24,22,24,22,19,26,20,14,0,0,171,29,25,31,23,17,22,17,10,0,0,174,136,69,87,110,0,106,121,151,249,298,345,0,380,380,56,0,0,0,0,0,0,0,0,0,0,0,0,202110240633
14947,Part 26,44,19,26,21,18,28,27,15,0,0,198,0,0,0,0,0,0,0,0,0,0,0,0,0,0,0,0,0,0,0,0,0,0,28,27,30,25,23,29,24,14,0,0,200,29,25,31,23,17,22,17,10,0,0,174,136,101,113,140,0,134,154,193,320,380,380,0,380,380,56,0,0,0,0,0,0,0,0,0,0,0,0,202110240633
15003,Part 21,63,36,46,39,36,46,36,23,0,0,325,42,36,46,39,36,46,36,23,0,0,304,42,36,46,39,36,46,36,23,0,0,304,42,36,46,39,36,46,36,23,0,0,304,42,36,46,39,36,46,36,23,0,0,304,0,0,304,304,304,304,304,0,0,304,304,304,304,304,0,0,304,304,304,304,304,0,0,91,0,0,0,202110250619
15008,Part 26,63,36,46,39,36,46,36,23,0,0,325,42,36,46,39,36,46,36,23,0,0,304,42,36,46,39,36,46,36,23,0,0,304,42,36,46,39,36,46,36,23,0,0,304,42,36,46,39,36,46,36,23,0,0,304,0,0,304,304,304,304,304,0,0,304,304,304,304,304,0,0,304,304,304,304,304,0,0,91,0,0,0,202110250619
15055,Part 21,51,20,27,23,20,24,20,11,0,0,196,23,23,33,26,25,26,16,11,0,0,183,19,17,22,19,15,20,16,11,0,0,139,17,16,12,10,6,10,8,4,0,0,83,9,8,13,9,10,11,11,7,0,0,78,109,0,108,114,145,216,300,322,0,380,380,148,0,0,0,0,0,0,0,0,0,0,0,0,0,0,0,202110250619
15059,Part 26,55,24,32,28,24,28,23,14,0,0,228,27,23,33,26,25,26,16,11,0,0,187,19,17,22,19,15,20,16,11,0,0,139,17,16,15,13,11,15,12,8,0,0,107,14,12,18,13,13,16,13,9,0,0,108,136,0,136,146,184,277,380,380,0,380,380,148,0,0,0,0,0,0,0,0,0,0,0,0,0,0,0,202110250619
15117,Part 21,63,36,46,39,36,46,36,23,0,0,325,42,36,46,39,36,46,36,23,0,0,304,42,36,46,39,36,46,36,23,0,0,304,42,36,46,39,36,46,36,23,0,0,304,42,36,46,39,36,46,36,23,0,0,304,0,0,304,304,304,304,304,0,0,304,304,304,304,304,0,0,304,304,304,304,304,0,0,91,0,0,0,202110250632
15122,Part 26,63,36,46,39,36,46,36,23,0,0,325,42,36,46,39,36,46,36,23,0,0,304,42,36,46,39,36,46,36,23,0,0,304,42,36,46,39,36,46,36,23,0,0,304,42,36,46,39,36,46,36,23,0,0,304,0,0,304,304,304,304,304,0,0,304,304,304,304,304,0,0,304,304,304,304,304,0,0,91,0,0,0,202110250632
15169,Part 21,51,20,27,23,20,24,20,11,0,0,196,23,23,33,26,25,26,16,11,0,0,183,19,17,22,19,15,20,16,11,0,0,139,17,16,12,10,6,10,8,4,0,0,83,9,8,13,9,10,11,11,7,0,0,78,109,0,108,114,145,216,300,322,0,380,380,148,0,0,0,0,0,0,0,0,0,0,0,0,0,0,0,202110250632
15173,Part 26,55,24,32,28,24,28,23,14,0,0,228,27,23,33,26,25,26,16,11,0,0,187,19,17,22,19,15,20,16,11,0,0,139,17,16,15,13,11,15,12,8,0,0,107,14,12,18,13,13,16,13,9,0,0,108,136,0,136,146,184,277,380,380,0,380,380,148,0,0,0,0,0,0,0,0,0,0,0,0,0,0,0,202110250632
15231,Part 21,63,36,46,39,36,46,36,23,0,0,325,42,36,46,39,36,46,36,23,0,0,304,42,36,46,39,36,46,36,23,0,0,304,42,36,46,39,36,46,36,23,0,0,304,42,36,46,39,36,46,36,23,0,0,304,0,0,304,304,304,304,304,0,0,304,304,304,304,304,0,0,304,304,304,304,304,0,0,91,0,0,0,202110251433
15236,Part 26,63,36,46,39,36,46,36,23,0,0,325,42,36,46,39,36,46,36,23,0,0,304,42,36,46,39,36,46,36,23,0,0,304,42,36,46,39,36,46,36,23,0,0,304,42,36,46,39,36,46,36,23,0,0,304,0,0,304,304,304,304,304,0,0,304,304,304,304,304,0,0,304,304,304,304,304,0,0,91,0,0,0,202110251433
15283,Part 21,51,20,27,23,20,24,20,11,0,0,196,23,23,33,26,25,26,16,11,0,0,183,19,17,22,19,15,20,16,11,0,0,139,17,16,12,10,6,10,8,4,0,0,83,9,8,13,9,10,11,11,7,0,0,78,109,0,108,114,145,216,300,322,0,380,380,148,0,0,0,0,0,0,0,0,0,0,0,0,0,0,0,202110251433
15287,Part 26,55,24,32,28,24,28,23,14,0,0,228,27,23,33,26,25,26,16,11,0,0,187,19,17,22,19,15,20,16,11,0,0,139,17,16,15,13,11,15,12,8,0,0,107,14,12,18,13,13,16,13,9,0,0,108,136,0,136,146,184,277,380,380,0,380,380,148,0,0,0,0,0,0,0,0,0,0,0,0,0,0,0,202110251433
15345,Part 21,63,36,46,39,36,46,36,23,0,0,325,42,36,46,39,36,46,36,23,0,0,304,42,36,46,39,36,46,36,23,0,0,304,42,36,46,39,36,46,36,23,0,0,304,42,36,46,39,36,46,36,23,0,0,304,0,0,304,304,304,304,304,0,0,304,304,304,304,304,0,0,304,304,304,304,304,0,0,91,0,0,0,202110251729
15350,Part 26,63,36,46,39,36,46,36,23,0,0,325,42,36,46,39,36,46,36,23,0,0,304,42,36,46,39,36,46,36,23,0,0,304,42,36,46,39,36,46,36,23,0,0,304,42,36,46,39,36,46,36,23,0,0,304,0,0,304,304,304,304,304,0,0,304,304,304,304,304,0,0,304,304,304,304,304,0,0,91,0,0,0,202110251729
15397,Part 21,51,20,27,23,20,24,20,11,0,0,196,23,23,33,26,25,26,16,11,0,0,183,19,17,22,19,15,20,16,11,0,0,139,17,16,12,10,6,10,8,4,0,0,83,9,8,13,9,10,11,11,7,0,0,78,109,0,108,114,145,216,300,322,0,380,380,148,0,0,0,0,0,0,0,0,0,0,0,0,0,0,0,202110251729
15401,Part 26,55,24,32,28,24,28,23,14,0,0,228,27,23,33,26,25,26,16,11,0,0,187,19,17,22,19,15,20,16,11,0,0,139,17,16,15,13,11,15,12,8,0,0,107,14,12,18,13,13,16,13,9,0,0,108,136,0,136,146,184,277,380,380,0,380,380,148,0,0,0,0,0,0,0,0,0,0,0,0,0,0,0,202110251729
15459,Part 21,68,36,46,39,36,46,36,23,0,0,330,42,36,46,39,36,46,36,23,0,0,304,42,36,46,39,36,46,36,23,0,0,304,42,36,46,39,36,46,36,23,0,0,304,42,36,46,39,36,46,36,23,0,0,304,0,304,304,304,304,304,0,0,304,304,304,304,304,0,0,304,304,304,304,129,0,0,0,0,0,0,0,202110260631
15464,Part 26,68,36,46,39,36,46,36,23,0,0,330,42,36,46,39,36,46,36,23,0,0,304,42,36,46,39,36,46,36,23,0,0,304,42,36,46,39,36,46,36,23,0,0,304,42,36,46,39,36,46,36,23,0,0,304,0,304,304,304,304,304,0,0,304,304,304,304,304,0,0,304,304,304,304,129,0,0,0,0,0,0,0,202110260631
15512,Part 21,54,20,25,21,23,30,24,16,0,0,213,28,18,21,19,17,22,17,10,0,0,152,18,15,21,17,16,16,13,6,0,0,122,15,9,14,11,8,14,10,7,0,0,88,0,0,0,0,0,0,0,0,0,0,0,0,90,101,110,132,158,277,0,298,375,380,309,0,0,0,0,0,0,0,0,0,0,0,0,0,0,0,202110260631
15516,Part 26,56,24,30,24,24,30,24,16,0,0,228,28,18,21,19,17,22,17,10,0,0,152,18,15,21,17,16,18,16,9,0,0,130,18,14,20,16,13,17,13,8,0,0,119,0,0,0,0,0,0,0,0,0,0,0,0,121,132,139,168,203,358,0,380,380,380,309,0,0,0,0,0,0,0,0,0,0,0,0,0,0,0,202110260631
15572,Part 21,68,36,46,39,36,46,36,23,0,0,330,42,36,46,39,36,46,36,23,0,0,304,42,36,46,39,36,46,36,23,0,0,304,42,36,46,39,36,46,36,23,0,0,304,42,36,46,39,36,46,36,23,0,0,304,0,304,304,304,304,304,0,0,304,304,304,304,304,0,0,304,304,304,304,129,0,0,0,0,0,0,0,202110260633
15577,Part 26,68,36,46,39,36,46,36,23,0,0,330,42,36,46,39,36,46,36,23,0,0,304,42,36,46,39,36,46,36,23,0,0,304,42,36,46,39,36,46,36,23,0,0,304,42,36,46,39,36,46,36,23,0,0,304,0,304,304,304,304,304,0,0,304,304,304,304,304,0,0,304,304,304,304,129,0,0,0,0,0,0,0,202110260633
15625,Part 21,54,20,25,21,23,30,24,16,0,0,213,28,18,21,19,17,22,17,10,0,0,152,18,15,21,17,16,16,13,6,0,0,122,15,9,14,11,8,14,10,7,0,0,88,0,0,0,0,0,0,0,0,0,0,0,0,90,101,110,132,158,277,0,298,375,380,309,0,0,0,0,0,0,0,0,0,0,0,0,0,0,0,202110260633
15629,Part 26,56,24,30,24,24,30,24,16,0,0,228,28,18,21,19,17,22,17,10,0,0,152,18,15,21,17,16,18,16,9,0,0,130,18,14,20,16,13,17,13,8,0,0,119,0,0,0,0,0,0,0,0,0,0,0,0,121,132,139,168,203,358,0,380,380,380,309,0,0,0,0,0,0,0,0,0,0,0,0,0,0,0,202110260633
15685,Part 21,83,36,46,39,36,46,36,23,0,0,345,42,36,46,39,36,46,36,23,0,0,304,42,36,46,39,36,46,36,23,0,0,304,42,36,46,39,36,46,36,23,0,0,304,0,0,0,0,0,0,0,0,0,0,0,304,304,304,304,304,0,0,304,304,304,304,304,0,0,304,304,304,304,304,0,0,147,0,0,0,0,0,202110270629
15690,Part 26,83,36,46,39,36,46,36,23,0,0,345,42,36,46,39,36,46,36,23,0,0,304,42,36,46,39,36,46,36,23,0,0,304,42,36,46,39,36,46,36,23,0,0,304,0,0,0,0,0,0,0,0,0,0,0,304,304,304,304,304,0,0,304,304,304,304,304,0,0,304,304,304,304,304,0,0,147,0,0,0,0,0,202110270629
15738,Part 21,53,24,31,27,17,21,18,10,0,0,201,20,17,21,17,15,21,16,9,0,0,136,16,10,13,11,8,13,9,6,0,0,86,0,0,0,0,0,0,0,0,0,0,0,0,0,0,0,0,0,0,0,0,0,0,80,103,107,119,154,217,0,303,333,380,380,103,0,0,0,0,0,0,0,0,0,0,0,0,0,0,0,202110270629
15742,Part 26,59,24,31,27,17,21,18,10,0,0,207,20,17,21,17,15,21,16,9,0,0,136,17,13,16,14,12,17,12,9,0,0,110,0,0,0,0,0,0,0,0,0,0,0,0,0,0,0,0,0,0,0,0,0,0,112,133,136,152,196,283,0,380,380,380,380,103,0,0,0,0,0,0,0,0,0,0,0,0,0,0,0,202110270629
15800,Part 21,83,36,46,39,36,46,36,23,0,0,345,42,36,46,39,36,46,36,23,0,0,304,42,36,46,39,36,46,36,23,0,0,304,42,36,46,39,36,46,36,23,0,0,304,0,0,0,0,0,0,0,0,0,0,0,304,304,304,304,304,0,0,304,304,304,304,304,0,0,304,304,304,304,304,0,0,147,0,0,0,0,0,202110270639
15805,Part 26,83,36,46,39,36,46,36,23,0,0,345,42,36,46,39,36,46,36,23,0,0,304,42,36,46,39,36,46,36,23,0,0,304,42,36,46,39,36,46,36,23,0,0,304,0,0,0,0,0,0,0,0,0,0,0,304,304,304,304,304,0,0,304,304,304,304,304,0,0,304,304,304,304,304,0,0,147,0,0,0,0,0,202110270639
15853,Part 21,53,24,31,27,17,21,18,10,0,0,201,20,17,21,17,15,21,16,9,0,0,136,16,10,13,11,8,13,9,6,0,0,86,0,0,0,0,0,0,0,0,0,0,0,0,0,0,0,0,0,0,0,0,0,0,80,103,107,119,154,217,0,303,333,380,380,103,0,0,0,0,0,0,0,0,0,0,0,0,0,0,0,202110270639
15857,Part 26,59,24,31,27,17,21,18,10,0,0,207,20,17,21,17,15,21,16,9,0,0,136,17,13,16,14,12,17,12,9,0,0,110,0,0,0,0,0,0,0,0,0,0,0,0,0,0,0,0,0,0,0,0,0,0,112,133,136,152,196,283,0,380,380,380,380,103,0,0,0,0,0,0,0,0,0,0,0,0,0,0,0,202110270639
15915,Part 21,83,36,46,39,36,46,36,23,0,0,345,42,36,46,39,36,46,36,23,0,0,304,42,36,46,39,36,46,36,23,0,0,304,42,36,46,39,36,46,36,23,0,0,304,0,0,0,0,0,0,0,0,0,0,0,304,304,304,304,304,0,0,304,304,304,304,304,0,0,304,304,304,304,304,0,0,147,0,0,0,0,0,202110280630
15920,Part 26,83,36,46,39,36,46,36,23,0,0,345,42,36,46,39,36,46,36,23,0,0,304,42,36,46,39,36,46,36,23,0,0,304,42,36,46,39,36,46,36,23,0,0,304,0,0,0,0,0,0,0,0,0,0,0,304,304,304,304,304,0,0,304,304,304,304,304,0,0,304,304,304,304,304,0,0,147,0,0,0,0,0,202110280630
15968,Part 21,53,24,31,27,17,21,18,10,0,0,201,20,17,21,17,15,21,16,9,0,0,136,16,10,13,11,8,13,9,6,0,0,86,0,0,0,0,0,0,0,0,0,0,0,0,0,0,0,0,0,0,0,0,0,0,80,103,107,119,154,217,0,303,333,380,380,103,0,0,0,0,0,0,0,0,0,0,0,0,0,0,0,202110280630
15972,Part 26,59,24,31,27,17,21,18,10,0,0,207,20,17,21,17,15,21,16,9,0,0,136,17,13,16,14,12,17,12,9,0,0,110,0,0,0,0,0,0,0,0,0,0,0,0,0,0,0,0,0,0,0,0,0,0,112,133,136,152,196,283,0,380,380,380,380,103,0,0,0,0,0,0,0,0,0,0,0,0,0,0,0,202110280630
16030,Part 21,75,36,46,39,36,46,36,23,0,0,337,42,36,46,39,36,46,36,23,0,0,304,42,36,46,39,36,46,36,23,0,0,304,0,0,0,0,0,0,0,0,0,0,0,42,36,46,39,36,46,36,23,0,0,304,304,304,304,304,0,0,304,304,304,304,304,0,0,304,304,304,304,304,0,0,187,0,0,0,0,0,0,202110280631
16035,Part 26,75,36,46,39,36,46,36,23,0,0,337,42,36,46,39,36,46,36,23,0,0,304,42,36,46,39,36,46,36,23,0,0,304,0,0,0,0,0,0,0,0,0,0,0,42,36,46,39,36,46,36,23,0,0,304,304,304,304,304,0,0,304,304,304,304,304,0,0,304,304,304,304,304,0,0,187,0,0,0,0,0,0,202110280631
16083,Part 21,50,18,23,19,17,21,16,10,0,0,174,18,16,20,17,10,15,8,7,0,0,111,0,0,0,0,0,0,0,0,0,0,0,0,0,0,0,0,0,0,0,0,0,0,11,9,12,11,9,12,10,7,0,0,81,99,104,109,109,109,0,95,98,106,104,110,274,0,380,380,370,0,0,0,0,0,0,0,0,0,0,0,202110280631
16087,Part 26,50,18,23,19,17,21,16,10,0,0,174,18,16,20,17,13,18,11,9,0,0,122,0,0,0,0,0,0,0,0,0,0,0,0,0,0,0,0,0,0,0,0,0,0,15,12,17,16,13,18,14,9,0,0,114,127,136,138,139,139,0,125,128,135,126,141,319,0,380,380,370,0,0,0,0,0,0,0,0,0,0,0,202110280631
16145,Part 21,75,36,46,39,36,46,36,23,0,0,337,42,36,46,39,36,46,36,23,0,0,304,42,36,46,39,36,46,36,23,0,0,304,0,0,0,0,0,0,0,0,0,0,0,42,36,46,39,36,46,36,23,0,0,304,304,304,304,304,0,0,304,304,304,304,304,0,0,304,304,304,304,304,0,0,187,0,0,0,0,0,0,202110281226
16150,Part 26,75,36,46,39,36,46,36,23,0,0,337,42,36,46,39,36,46,36,23,0,0,304,42,36,46,39,36,46,36,23,0,0,304,0,0,0,0,0,0,0,0,0,0,0,42,36,46,39,36,46,36,23,0,0,304,304,304,304,304,0,0,304,304,304,304,304,0,0,304,304,304,304,304,0,0,187,0,0,0,0,0,0,202110281226
16198,Part 21,50,18,23,19,17,21,16,10,0,0,174,18,16,20,17,10,15,8,7,0,0,111,0,0,0,0,0,0,0,0,0,0,0,0,0,0,0,0,0,0,0,0,0,0,11,9,12,11,9,12,10,7,0,0,81,99,104,109,109,109,0,95,98,106,104,110,274,0,380,380,370,0,0,0,0,0,0,0,0,0,0,0,202110281226
16202,Part 26,50,18,23,19,17,21,16,10,0,0,174,18,16,20,17,13,18,11,9,0,0,122,0,0,0,0,0,0,0,0,0,0,0,0,0,0,0,0,0,0,0,0,0,0,15,12,17,16,13,18,14,9,0,0,114,127,136,138,139,139,0,125,128,135,126,141,319,0,380,380,370,0,0,0,0,0,0,0,0,0,0,0,202110281226
16260,Part 21,75,36,46,39,36,46,36,23,0,0,337,42,36,46,39,36,46,36,23,0,0,304,42,36,46,39,36,46,36,23,0,0,304,0,0,0,0,0,0,0,0,0,0,0,42,36,46,39,36,46,36,23,0,0,304,304,304,304,304,0,0,304,304,304,304,304,0,0,304,304,304,304,304,0,0,187,0,0,0,0,0,0,202110281530
16265,Part 26,75,36,46,39,36,46,36,23,0,0,337,42,36,46,39,36,46,36,23,0,0,304,42,36,46,39,36,46,36,23,0,0,304,0,0,0,0,0,0,0,0,0,0,0,42,36,46,39,36,46,36,23,0,0,304,304,304,304,304,0,0,304,304,304,304,304,0,0,304,304,304,304,304,0,0,187,0,0,0,0,0,0,202110281530
16313,Part 21,50,18,23,19,17,21,16,10,0,0,174,18,16,20,17,10,15,8,7,0,0,111,0,0,0,0,0,0,0,0,0,0,0,0,0,0,0,0,0,0,0,0,0,0,11,9,12,11,9,12,10,7,0,0,81,99,104,109,109,109,0,95,98,106,104,110,274,0,380,380,370,0,0,0,0,0,0,0,0,0,0,0,202110281530
16317,Part 26,50,18,23,19,17,21,16,10,0,0,174,18,16,20,17,13,18,11,9,0,0,122,0,0,0,0,0,0,0,0,0,0,0,0,0,0,0,0,0,0,0,0,0,0,15,12,17,16,13,18,14,9,0,0,114,127,136,138,139,139,0,125,128,135,126,141,319,0,380,380,370,0,0,0,0,0,0,0,0,0,0,0,202110281530
16375,Part 21,75,36,46,39,36,46,36,23,0,0,337,42,36,46,39,36,46,36,23,0,0,304,42,36,46,39,36,46,36,23,0,0,304,0,0,0,0,0,0,0,0,0,0,0,42,36,46,39,36,46,36,23,0,0,304,304,304,304,304,0,0,304,304,304,304,304,0,0,304,304,304,304,304,0,0,187,0,0,0,0,0,0,202110281626
16380,Part 26,75,36,46,39,36,46,36,23,0,0,337,42,36,46,39,36,46,36,23,0,0,304,42,36,46,39,36,46,36,23,0,0,304,0,0,0,0,0,0,0,0,0,0,0,42,36,46,39,36,46,36,23,0,0,304,304,304,304,304,0,0,304,304,304,304,304,0,0,304,304,304,304,304,0,0,187,0,0,0,0,0,0,202110281626
16428,Part 21,50,18,23,19,17,21,16,10,0,0,174,18,16,20,17,10,15,8,7,0,0,111,0,0,0,0,0,0,0,0,0,0,0,0,0,0,0,0,0,0,0,0,0,0,11,9,12,11,9,12,10,7,0,0,81,99,104,109,109,109,0,95,98,106,104,110,274,0,380,380,370,0,0,0,0,0,0,0,0,0,0,0,202110281626
16432,Part 26,50,18,23,19,17,21,16,10,0,0,174,18,16,20,17,13,18,11,9,0,0,122,0,0,0,0,0,0,0,0,0,0,0,0,0,0,0,0,0,0,0,0,0,0,15,12,17,16,13,18,14,9,0,0,114,127,136,138,139,139,0,125,128,135,126,141,319,0,380,380,370,0,0,0,0,0,0,0,0,0,0,0,202110281626
16490,Part 21,75,36,46,39,36,46,36,23,0,0,337,42,36,46,39,36,46,36,23,0,0,304,42,36,46,39,36,46,36,23,0,0,304,0,0,0,0,0,0,0,0,0,0,0,42,36,46,39,36,46,36,23,0,0,304,304,304,304,304,0,0,304,304,304,304,304,0,0,304,304,304,304,304,0,0,187,0,0,0,0,0,0,202110290630
16495,Part 26,75,36,46,39,36,46,36,23,0,0,337,42,36,46,39,36,46,36,23,0,0,304,42,36,46,39,36,46,36,23,0,0,304,0,0,0,0,0,0,0,0,0,0,0,42,36,46,39,36,46,36,23,0,0,304,304,304,304,304,0,0,304,304,304,304,304,0,0,304,304,304,304,304,0,0,187,0,0,0,0,0,0,202110290630
16543,Part 21,50,18,23,19,17,21,16,10,0,0,174,18,16,20,17,10,15,8,7,0,0,111,0,0,0,0,0,0,0,0,0,0,0,0,0,0,0,0,0,0,0,0,0,0,11,9,12,11,9,12,10,7,0,0,81,99,104,109,109,109,0,95,98,106,104,110,274,0,380,380,370,0,0,0,0,0,0,0,0,0,0,0,202110290630
16547,Part 26,50,18,23,19,17,21,16,10,0,0,174,18,16,20,17,13,18,11,9,0,0,122,0,0,0,0,0,0,0,0,0,0,0,0,0,0,0,0,0,0,0,0,0,0,15,12,17,16,13,18,14,9,0,0,114,127,136,138,139,139,0,125,128,135,126,141,319,0,380,380,370,0,0,0,0,0,0,0,0,0,0,0,202110290630
16605,Part 21,72,36,46,39,36,46,36,23,0,0,334,42,36,46,39,36,46,36,23,0,0,304,0,0,0,0,0,0,0,0,0,0,0,42,36,46,39,36,46,36,23,0,0,304,42,36,46,39,36,46,36,23,0,0,304,304,304,304,0,0,304,304,304,304,304,0,0,304,304,304,304,304,0,0,208,0,0,0,0,0,0,0,202110290632
16610,Part 26,72,36,46,39,36,46,36,23,0,0,334,42,36,46,39,36,46,36,23,0,0,304,0,0,0,0,0,0,0,0,0,0,0,42,36,46,39,36,46,36,23,0,0,304,42,36,46,39,36,46,36,23,0,0,304,304,304,304,0,0,304,304,304,304,304,0,0,304,304,304,304,304,0,0,208,0,0,0,0,0,0,0,202110290632
16658,Part 21,46,19,20,16,15,16,11,7,0,0,150,0,0,0,0,0,0,0,0,0,0,0,0,0,0,0,0,0,0,0,0,0,0,11,11,11,11,9,11,10,6,0,0,80,11,11,12,12,12,14,12,9,0,0,93,94,86,94,103,0,86,150,109,117,128,206,0,377,380,380,58,0,0,0,0,0,0,0,0,0,0,0,202110290632
16662,Part 26,46,19,20,16,15,18,14,8,0,0,156,0,0,0,0,0,0,0,0,0,0,0,0,0,0,0,0,0,0,0,0,0,0,15,13,17,14,13,18,14,8,0,0,112,16,14,18,14,16,19,16,10,0,0,123,127,117,125,134,0,117,174,138,139,153,258,0,380,380,380,58,0,0,0,0,0,0,0,0,0,0,0,202110290632
16717,Part 21,72,36,46,39,36,46,36,23,0,0,334,42,36,46,39,36,46,36,23,0,0,304,0,0,0,0,0,0,0,0,0,0,0,42,36,46,39,36,46,36,23,0,0,304,42,36,46,39,36,46,36,23,0,0,304,304,304,304,0,0,304,304,304,304,304,0,0,304,304,304,304,304,0,0,208,0,0,0,0,0,0,0,202110290706
16722,Part 26,72,36,46,39,36,46,36,23,0,0,334,42,36,46,39,36,46,36,23,0,0,304,0,0,0,0,0,0,0,0,0,0,0,42,36,46,39,36,46,36,23,0,0,304,42,36,46,39,36,46,36,23,0,0,304,304,304,304,0,0,304,304,304,304,304,0,0,304,304,304,304,304,0,0,208,0,0,0,0,0,0,0,202110290706
16770,Part 21,46,19,20,16,15,16,11,7,0,0,150,0,0,0,0,0,0,0,0,0,0,0,0,0,0,0,0,0,0,0,0,0,0,11,11,11,11,9,11,10,6,0,0,80,11,11,12,12,12,14,12,9,0,0,93,94,86,94,103,0,86,150,109,117,128,206,0,377,380,380,58,0,0,0,0,0,0,0,0,0,0,0,202110290706
16774,Part 26,46,19,20,16,15,18,14,8,0,0,156,0,0,0,0,0,0,0,0,0,0,0,0,0,0,0,0,0,0,0,0,0,0,15,13,17,14,13,18,14,8,0,0,112,16,14,18,14,16,19,16,10,0,0,123,127,117,125,134,0,117,174,138,139,153,258,0,380,380,380,58,0,0,0,0,0,0,0,0,0,0,0,202110290706
16829,Part 21,72,36,46,39,36,46,36,23,0,0,334,42,36,46,39,36,46,36,23,0,0,304,0,0,0,0,0,0,0,0,0,0,0,42,36,46,39,36,46,36,23,0,0,304,42,36,46,39,36,46,36,23,0,0,304,304,304,304,0,0,304,304,304,304,304,0,0,304,304,304,304,304,0,0,208,0,0,0,0,0,0,0,202110291234
16834,Part 26,72,36,46,39,36,46,36,23,0,0,334,42,36,46,39,36,46,36,23,0,0,304,0,0,0,0,0,0,0,0,0,0,0,42,36,46,39,36,46,36,23,0,0,304,42,36,46,39,36,46,36,23,0,0,304,304,304,304,0,0,304,304,304,304,304,0,0,304,304,304,304,304,0,0,208,0,0,0,0,0,0,0,202110291234
16882,Part 21,46,19,20,16,15,16,11,7,0,0,150,0,0,0,0,0,0,0,0,0,0,0,0,0,0,0,0,0,0,0,0,0,0,11,11,11,11,9,11,10,6,0,0,80,11,11,12,12,12,14,12,9,0,0,93,94,86,94,103,0,86,150,109,117,128,206,0,377,380,380,58,0,0,0,0,0,0,0,0,0,0,0,202110291234
16886,Part 26,46,19,20,16,15,18,14,8,0,0,156,0,0,0,0,0,0,0,0,0,0,0,0,0,0,0,0,0,0,0,0,0,0,15,13,17,14,13,18,14,8,0,0,112,16,14,18,14,16,19,16,10,0,0,123,127,117,125,134,0,117,174,138,139,153,258,0,380,380,380,58,0,0,0,0,0,0,0,0,0,0,0,202110291234
16941,Part 21,72,36,46,39,36,46,36,23,0,0,334,42,36,46,39,36,46,36,23,0,0,304,0,0,0,0,0,0,0,0,0,0,0,42,36,46,39,36,46,36,23,0,0,304,42,36,46,39,36,46,36,23,0,0,304,304,304,304,0,0,304,304,304,304,304,0,0,304,304,304,304,304,0,0,208,0,0,0,0,0,0,0,202110291503
16946,Part 26,72,36,46,39,36,46,36,23,0,0,334,42,36,46,39,36,46,36,23,0,0,304,0,0,0,0,0,0,0,0,0,0,0,42,36,46,39,36,46,36,23,0,0,304,42,36,46,39,36,46,36,23,0,0,304,304,304,304,0,0,304,304,304,304,304,0,0,304,304,304,304,304,0,0,208,0,0,0,0,0,0,0,202110291503
16994,Part 21,46,19,20,16,15,16,11,7,0,0,150,0,0,0,0,0,0,0,0,0,0,0,0,0,0,0,0,0,0,0,0,0,0,11,11,11,11,9,11,10,6,0,0,80,11,11,12,12,12,14,12,9,0,0,93,94,86,94,103,0,86,150,109,117,128,206,0,377,380,380,58,0,0,0,0,0,0,0,0,0,0,0,202110291503
16998,Part 26,46,19,20,16,15,18,14,8,0,0,156,0,0,0,0,0,0,0,0,0,0,0,0,0,0,0,0,0,0,0,0,0,0,15,13,17,14,13,18,14,8,0,0,112,16,14,18,14,16,19,16,10,0,0,123,127,117,125,134,0,117,174,138,139,153,258,0,380,380,380,58,0,0,0,0,0,0,0,0,0,0,0,202110291503
17053,Part 21,72,36,46,39,36,46,36,23,0,0,334,42,36,46,39,36,46,36,23,0,0,304,0,0,0,0,0,0,0,0,0,0,0,42,36,46,39,36,46,36,23,0,0,304,42,36,46,39,36,46,36,23,0,0,304,304,304,304,0,0,304,304,304,304,304,0,0,304,304,304,304,304,0,0,208,0,0,0,0,0,0,0,202110291538
17058,Part 26,72,36,46,39,36,46,36,23,0,0,334,42,36,46,39,36,46,36,23,0,0,304,0,0,0,0,0,0,0,0,0,0,0,42,36,46,39,36,46,36,23,0,0,304,42,36,46,39,36,46,36,23,0,0,304,304,304,304,0,0,304,304,304,304,304,0,0,304,304,304,304,304,0,0,208,0,0,0,0,0,0,0,202110291538
17106,Part 21,46,19,20,16,15,16,11,7,0,0,150,0,0,0,0,0,0,0,0,0,0,0,0,0,0,0,0,0,0,0,0,0,0,11,11,11,11,9,11,10,6,0,0,80,11,11,12,12,12,14,12,9,0,0,93,94,86,94,103,0,86,150,109,117,128,206,0,377,380,380,58,0,0,0,0,0,0,0,0,0,0,0,202110291538
17110,Part 26,46,19,20,16,15,18,14,8,0,0,156,0,0,0,0,0,0,0,0,0,0,0,0,0,0,0,0,0,0,0,0,0,0,15,13,17,14,13,18,14,8,0,0,112,16,14,18,14,16,19,16,10,0,0,123,127,117,125,134,0,117,174,138,139,153,258,0,380,380,380,58,0,0,0,0,0,0,0,0,0,0,0,202110291538
17165,Part 21,72,36,46,39,36,46,36,23,0,0,334,42,36,46,39,36,46,36,23,0,0,304,0,0,0,0,0,0,0,0,0,0,0,42,36,46,39,36,46,36,23,0,0,304,42,36,46,39,36,46,36,23,0,0,304,304,304,304,0,0,304,304,304,304,304,0,0,304,304,304,304,304,0,0,208,0,0,0,0,0,0,0,202110300704
17170,Part 26,72,36,46,39,36,46,36,23,0,0,334,42,36,46,39,36,46,36,23,0,0,304,0,0,0,0,0,0,0,0,0,0,0,42,36,46,39,36,46,36,23,0,0,304,42,36,46,39,36,46,36,23,0,0,304,304,304,304,0,0,304,304,304,304,304,0,0,304,304,304,304,304,0,0,208,0,0,0,0,0,0,0,202110300704
17218,Part 21,46,19,20,16,15,16,11,7,0,0,150,0,0,0,0,0,0,0,0,0,0,0,0,0,0,0,0,0,0,0,0,0,0,11,11,11,11,9,11,10,6,0,0,80,11,11,12,12,12,14,12,9,0,0,93,94,86,94,103,0,86,150,109,117,128,206,0,377,380,380,58,0,0,0,0,0,0,0,0,0,0,0,202110300704
17222,Part 26,46,19,20,16,15,18,14,8,0,0,156,0,0,0,0,0,0,0,0,0,0,0,0,0,0,0,0,0,0,0,0,0,0,15,13,17,14,13,18,14,8,0,0,112,16,14,18,14,16,19,16,10,0,0,123,127,117,125,134,0,117,174,138,139,153,258,0,380,380,380,58,0,0,0,0,0,0,0,0,0,0,0,202110300704
17276,Part 21,83,36,46,39,36,46,36,23,0,0,345,42,36,46,39,36,46,36,23,0,0,304,42,36,46,39,36,46,36,23,0,0,304,42,36,46,39,36,46,36,23,0,0,304,42,36,46,39,36,46,36,23,0,0,304,0,0,304,304,304,304,304,0,0,304,304,304,304,304,0,0,274,0,0,0,0,0,0,0,0,0,0,202111010703
17281,Part 26,83,36,46,39,36,46,36,23,0,0,345,42,36,46,39,36,46,36,23,0,0,304,42,36,46,39,36,46,36,23,0,0,304,42,36,46,39,36,46,36,23,0,0,304,42,36,46,39,36,46,36,23,0,0,304,0,0,304,304,304,304,304,0,0,304,304,304,304,304,0,0,274,0,0,0,0,0,0,0,0,0,0,202111010703
17329,Part 21,35,12,13,9,9,13,9,5,0,0,105,11,9,14,10,10,14,12,6,0,0,86,14,13,15,14,10,16,10,7,0,0,99,13,10,13,11,10,14,10,7,0,0,88,13,8,14,11,11,12,13,7,0,0,89,102,0,95,141,107,112,125,161,0,357,380,380,160,0,0,0,0,0,0,0,0,0,0,0,0,0,0,202111010703
17333,Part 26,37,14,18,11,14,16,14,8,0,0,132,16,13,19,14,15,17,15,9,0,0,118,19,15,20,17,15,21,14,9,0,0,130,17,14,18,14,15,18,14,9,0,0,119,17,13,18,15,15,17,16,10,0,0,121,133,0,125,165,138,137,144,203,0,380,380,380,160,0,0,0,0,0,0,0,0,0,0,0,0,0,0,202111010703
