part_number,Model,N,MAE,RMSE,WAPE_pct,Forecast_Bias,R2
Part 0,Last Value,7,1.5714285714285714,2.104417123236605,183.33333333333331,1.0,-3.520833333333334
Part 0,3-day Moving Average,7,1.6190476190476188,1.9679979352163641,188.88888888888886,1.4285714285714284,-2.9537037037037037
Part 0,7-day Moving Average,7,1.5102040816326532,1.6729715536260568,176.1904761904762,1.2244897959183674,-1.8571428571428577
Part 0,D+3 Plan Reference,7,0.8571428571428571,1.3093073414159542,100.0,-0.8571428571428571,-0.7500000000000002
Part 0,XGBoost,7,6.8691480330058505,7.636683776501584,801.4006038506826,6.8691480330058505,-58.53391700024672
Part 0,LightGBM,7,7.431593159997862,9.28254302986837,867.0192019997506,7.431593159997862,-86.96072187430282
Part 0,CatBoost,7,3.139783811260071,3.3908647364206903,366.308111313675,3.139783811260071,-10.737504570299306
Part 0,LSTM,7,6.445961441312518,7.690939324855718,752.0288348197937,5.8675187315259665,-59.38285077566655
Part 0,Related LightGBM,7,8.06738902480899,10.124056696643018,941.1953862277155,8.06738902480899,-103.63186824677658
Part 1,Last Value,7,5.714285714285714,6.928203230275509,117.64705882352942,3.142857142857143,-0.9215686274509804
Part 1,3-day Moving Average,7,6.904761904761905,7.273565968956486,142.15686274509804,2.7142857142857144,-1.1179193899782138
Part 1,7-day Moving Average,7,6.79591836734694,7.083632017940914,139.91596638655463,0.3877551020408165,-1.0087535014005602
Part 1,D+3 Plan Reference,7,4.857142857142857,6.969320524371696,100.0,-4.857142857142857,-0.9444444444444444
Part 1,XGBoost,7,5.782723426818848,6.881467903989117,119.05607055215275,5.694668224879673,-0.895731556509793
Part 1,LightGBM,7,6.224953519982839,7.039944913012939,128.16080776435257,6.224953519982839,-0.9840526099138736
Part 1,CatBoost,7,5.400635660615808,5.716473566471347,111.18955771856076,1.7511134476165497,-0.308190712232121
Part 1,LSTM,7,7.8382091011319845,8.653737770573603,161.37489325859968,0.19581786223820277,-1.9979343894532327
Part 1,Related LightGBM,7,6.444693054503522,7.325573232829895,132.68485700448426,6.444693054503522,-1.148314653830178
Part 10,Last Value,12,41.416666666666664,45.50183146497146,31.043098063710183,-17.916666666666668,-0.35684086451160724
Part 10,3-day Moving Average,12,46.05555555555555,47.47299427237748,34.52009160941078,-20.27777777777778,-0.4769452952322004
Part 10,7-day Moving Average,12,40.416666666666664,48.6589722274453,30.29356652092442,-33.79761904761906,-0.5516616374808565
Part 10,D+3 Plan Reference,12,66.66666666666667,85.89140430411726,49.968769519050596,-65.16666666666667,-3.83471153364796
Part 10,XGBoost,12,40.42618783315023,46.92684004182291,30.30070293552797,-29.318636258443195,-0.44315766800660894
Part 10,LightGBM,12,54.577208551977684,64.33094134311574,40.907339326903944,-47.63631494612122,-1.712132935403568
Part 10,CatBoost,12,34.22989970548343,40.02120111431319,25.656389535652792,-24.1139048255453,-0.04966664495702311
Part 10,LSTM,12,43.78769048055013,49.63371354671157,32.82025520091203,-16.446701049804688,-0.6144503731514024
Part 10,Related LightGBM,12,59.28756425017684,68.03694638442435,44.43789950044486,-48.574891228406194,-2.033617261823106
Part 100,Last Value,12,4.75,8.331666499966659,93.44262295081968,-4.25,-0.14593603118193266
Part 100,3-day Moving Average,12,5.361111111111111,8.999485582006383,105.46448087431692,-4.194444444444444,-0.33700179601818925
Part 100,7-day Moving Average,12,7.095238095238095,9.765968956527761,139.5784543325527,-2.476190476190476,-0.5744442910719254
Part 100,D+3 Plan Reference,12,1.0,2.6457513110645907,19.672131147540984,-0.8333333333333334,0.884443425427032
Part 100,XGBoost,12,7.471382727225621,8.91920758856775,146.97802086345484,1.3417610625425975,-0.31325530404068425
Part 100,LightGBM,12,6.278361094899755,8.63094224405707,123.50874285048698,2.71614287965159,-0.22973926618317542
Part 100,CatBoost,12,5.438663763471791,7.3051053491688585,106.99010682239589,-1.3322642088726162,0.11905339454389696
Part 100,LSTM,12,11.893704493840536,16.7128645785055,233.9745146329286,2.060371160507202,-3.611034885750634
Part 100,Related LightGBM,12,7.432246554280181,9.739882406062893,146.2081289366593,2.562714204964394,-0.5660443123795049
Part 101,Last Value,5,59.6,75.91047358566537,134.23423423423424,59.6,-1.480115690527838
Part 101,3-day Moving Average,5,65.66666666666667,77.45091635638951,147.8978978978979,52.2,-1.5817944274198794
Part 101,7-day Moving Average,5,66.85714285714286,68.69203679006283,150.57915057915062,20.685714285714283,-1.0308662665562038
Part 101,D+3 Plan Reference,5,44.4,65.53472362038312,100.0,-44.4,-0.8484660675550044
Part 101,XGBoost,5,66.31856994628906,70.1123785363854,149.36614852767806,25.409515380859375,-1.1157187721780626
Part 101,LightGBM,5,65.02303675612279,71.49096423324693,146.44828098225855,1.2275735881228003,-1.1997374440482176
Part 101,CatBoost,5,72.82185069983599,74.33001429654824,164.01317725188284,26.099909379121037,-1.3779185282706097
Part 101,LSTM,5,54.13175964355469,58.88373011420214,121.91837757557363,1.7593215942382812,-0.49231039844463176
Part 101,Related LightGBM,5,57.393698078845624,65.66696139441667,129.2650857631658,-8.258141921154381,-0.8559333655165662
Part 102,Last Value,12,43.583333333333336,55.90393546075267,124.82100238663485,-2.75,-1.606743395330247
Part 102,3-day Moving Average,12,35.44444444444444,43.505427503039456,101.5115354017502,-6.666666666666665,-0.5787028724014289
Part 102,7-day Moving Average,12,31.15476190476191,42.28746376689828,89.22604841459257,-14.940476190476192,-0.49154649319398835
Part 102,D+3 Plan Reference,12,22.25,36.02892356612023,63.72315035799523,-17.916666666666668,-0.08271983225499979
Part 102,XGBoost,12,31.912823637326557,38.32763247961501,91.39710826919301,0.09764007727305095,-0.22528609474413241
Part 102,LightGBM,12,32.06946643579146,39.642456371305904,91.84572726240992,-1.1161732596924303,-0.3107945644464494
Part 102,CatBoost,12,34.60974124394937,43.37438952159694,99.12097730964021,-7.966267354317215,-0.5692071150145406
Part 102,LSTM,12,29.935826182365417,37.931800823759424,85.73506305212052,-12.708598256111145,-0.20010830429037485
Part 102,Related LightGBM,12,28.45648513237008,36.00109637845659,81.49828677528424,-6.709490292334901,-0.08104798587218953
Part 103,Last Value,12,51.0,63.132136560286526,45.06627393225332,5.166666666666667,-1.1120155438126496
Part 103,3-day Moving Average,12,35.99999999999999,47.39530372109472,31.81148748159057,5.0,-0.19032829435113885
Part 103,7-day Moving Average,12,43.6547619047619,50.87447872002242,38.575636440143064,4.011904761904762,-0.37150084727356925
Part 103,D+3 Plan Reference,12,80.33333333333333,100.5716991338352,70.98674521354934,-67.16666666666667,-4.359789216479973
Part 103,XGBoost,12,52.94683011372884,61.18201421983419,46.786595093133,-1.870541254679362,-0.9835523956585617
Part 103,LightGBM,12,69.52077983641061,83.7772303249238,61.43220604101085,-27.191075669077744,-2.719188005842942
Part 103,CatBoost,12,59.41414519969226,69.99716381746222,52.50145378470597,14.030962389138475,-1.5963128476322344
Part 103,LSTM,12,43.916337966918945,52.86224909215049,38.80677876310952,10.602399826049805,-0.4807693252115979
Part 103,Related LightGBM,12,67.8649408308421,83.28682794553819,59.96901987997829,-27.808520902496284,-2.675773812977736
Part 104,Last Value,12,76.58333333333333,92.52522178663862,53.77413692217671,-5.083333333333333,-1.7439629440844757
Part 104,3-day Moving Average,12,51.388888888888886,57.39596062700141,36.08347961771016,-3.1666666666666665,-0.05589475004099276
Part 104,7-day Moving Average,12,61.32142857142858,69.14097547616694,43.057761431079165,-20.79761904761905,-0.5322476979849673
Part 104,D+3 Plan Reference,12,76.83333333333333,99.84404505694535,53.94967817437097,-75.33333333333333,-2.1952313434995228
Part 104,XGBoost,12,47.87424373626709,57.85114494137382,33.615618773271216,-16.494522412618,-0.07270891436052307
Part 104,LightGBM,12,73.02204865048643,82.46193566173535,51.273527431587894,-53.10334407496643,-1.1795408965349026
Part 104,CatBoost,12,57.927319025315605,67.30125806125727,40.67453647184244,-9.66914917777609,-0.45179179524519797
Part 104,LSTM,12,58.65538342793783,66.1100868888983,41.18575781949993,-13.812579472859701,-0.4008557867324025
Part 104,Related LightGBM,12,70.68178268861489,83.06819996052464,49.63027456192971,-49.88411066576214,-1.2117068950850283
Part 105,Last Value,12,5.25,6.664583007710735,76.82926829268293,-1.75,-0.7668508287292817
Part 105,3-day Moving Average,12,4.388888888888889,6.087327455916558,64.22764227642277,-0.9999999999999997,-0.4740331491712706
Part 105,7-day Moving Average,12,7.000000000000001,7.891052368536988,102.43902439024393,0.6428571428571431,-1.4769872589919948
Part 105,D+3 Plan Reference,12,3.25,4.193248541803041,47.5609756097561,-2.4166666666666665,0.30055248618784536
Part 105,XGBoost,12,5.885719269514084,7.355314640441763,86.13247711484026,2.533307900031408,-1.152070192879878
Part 105,LightGBM,12,6.388694287235033,7.931356954558061,93.49308713026878,3.552954691070836,-1.5023549536598835
Part 105,CatBoost,12,4.587728751589218,5.111728116975242,67.13749392569586,0.26357409160902856,-0.039416040118794626
Part 105,LSTM,12,6.389065743734439,7.757825083010873,93.49852307904058,-1.7340857200324535,-1.394053702397056
Part 105,Related LightGBM,12,6.869677993114728,8.523271267772644,100.53187306997162,4.974817695349295,-1.8897917256855172
Part 106,Last Value,12,25.0,31.42186075542525,4.397537379067722,14.5,-0.18397122014589784
Part 106,3-day Moving Average,12,30.94444444444444,35.78614463934538,5.443174044757157,16.5,-0.5357027858276981
Part 106,7-day Moving Average,12,70.70238095238095,99.7027469787169,12.436654521087238,-18.03571428571429,-10.92042101141446
Part 106,D+3 Plan Reference,12,319.0833333333333,416.80581010025924,56.12723541483437,-319.0833333333333,-207.32667133006896
Part 106,XGBoost,12,148.79383659362793,203.20724696852318,26.173058327814942,-42.80909538269043,-48.517160252454936
Part 106,LightGBM,12,227.3609901540102,337.68025742416893,39.99313810976433,-172.14081682780457,-135.73783102314738
Part 106,CatBoost,12,216.95591406164013,293.1950606010322,38.16286966783468,-110.98188538126654,-102.0838535755087
Part 106,LSTM,12,84.2465108235677,115.83945045893847,14.819087216106897,-84.2465108235677,-15.091270050119547
Part 106,Related LightGBM,12,234.03030504082025,342.02166192762036,41.166280570065126,-186.25593195730448,-139.27638720223615
Part 107,Last Value,12,42.083333333333336,57.282196186948,33.18002628120894,1.0833333333333333,-1.669551854279192
Part 107,3-day Moving Average,12,39.22222222222222,49.679155775018145,30.924222514235648,1.4444444444444453,-1.0079248495257893
Part 107,7-day Moving Average,12,30.321428571428573,36.09824557140323,23.906513985357613,0.41666666666666785,-0.060159551628285124
Part 107,D+3 Plan Reference,12,78.5,102.14776877967851,61.89224704336399,-78.5,-7.489005401252005
Part 107,XGBoost,12,39.6446803410848,50.545713813245925,31.257303816886832,-16.980194409688313,-1.078584615608491
Part 107,LightGBM,12,52.791791192619094,74.04153926404643,41.62296283255119,-43.31620966195746,-3.4601546547315385
Part 107,CatBoost,12,39.74143428287291,46.506334814856004,31.333588133671146,0.6077092844503346,-0.7596377410746804
Part 107,LSTM,12,32.72234090169271,40.758386491975706,25.79948034299031,-13.922780354817709,-0.3515527695417664
Part 107,Related LightGBM,12,64.16380113203978,78.48602028541227,50.589067909624,-36.487905228302346,-4.011683737230609
Part 108,Last Value,12,1.0,2.0,100.0,1.0,-0.33333333333333326
Part 108,3-day Moving Average,12,1.3333333333333333,2.1773242158072694,133.33333333333331,1.3333333333333333,-0.5802469135802468
Part 108,7-day Moving Average,12,2.238095238095238,2.592506207393562,223.80952380952382,1.7619047619047619,-1.2403628117913836
Part 108,D+3 Plan Reference,12,1.0,2.0,100.0,-1.0,-0.33333333333333326
Part 108,XGBoost,12,5.89561402797699,6.3598991914424845,589.561402797699,5.89561402797699,-12.482772575103589
Part 108,LightGBM,12,4.8832991820953415,6.557271840160894,488.3299182095341,4.8832991820953415,-13.332604661922346
Part 108,CatBoost,12,2.2060666723683684,2.56456255572824,220.60666723683684,2.2060666723683684,-1.1923270340811207
Part 108,LSTM,12,2.98411496480306,4.094205396908647,298.411496480306,2.317448298136393,-4.587505944025297
Part 108,Related LightGBM,12,4.9922737099098695,7.075587400540187,499.22737099098697,4.9922737099098695,-15.68797902089435
Part 11,Last Value,12,1.0,1.5275252316519468,120.0,-0.16666666666666666,-0.5849056603773584
Part 11,3-day Moving Average,12,0.9999999999999999,1.4401645996461911,119.99999999999997,-0.3888888888888889,-0.40880503144654057
Part 11,7-day Moving Average,12,0.9404761904761904,1.313845682030609,112.85714285714286,-0.3452380952380953,-0.1725067385444743
Part 11,D+3 Plan Reference,12,0.5,0.816496580927726,60.0,-0.16666666666666666,0.5471698113207548
Part 11,XGBoost,12,4.8995113869508105,6.13895651755852,587.9413664340973,4.721017489830653,-24.598572386435322
Part 11,LightGBM,12,5.158835780347486,7.702153051811334,619.0602936416983,4.923580535487109,-39.29497771333885
Part 11,CatBoost,12,2.0997552210799384,2.8191705078018416,251.97062652959258,1.6842027744022126,-4.398452918380169
Part 11,LSTM,12,2.244068463643392,3.3644155900380985,269.28821563720703,1.5774017969767253,-6.688575876409256
Part 11,Related LightGBM,12,5.690742847052644,8.374418650139456,682.8891416463174,5.424650152415427,-46.63607468303636
Part 110,Last Value,7,2.2857142857142856,3.585685828003181,69.56521739130434,1.1428571428571428,-0.9811320754716981
Part 110,3-day Moving Average,7,2.5238095238095233,3.0315798175994297,76.81159420289853,0.23809523809523808,-0.4161425576519917
Part 110,7-day Moving Average,7,3.1632653061224496,3.5038504434449194,96.27329192546586,-0.9591836734693876,-0.8917340521114108
Part 110,D+3 Plan Reference,7,3.2857142857142856,4.157609203101499,100.0,-3.2857142857142856,-1.6635220125786163
Part 110,XGBoost,7,5.444587639399937,5.883824724874345,165.7048411991285,5.444587639399937,-4.334434831003429
Part 110,LightGBM,7,6.310698136333285,7.281788829630702,192.0647258884043,6.131333877360378,-7.170433897507511
Part 110,CatBoost,7,2.127950102680817,2.464158062619254,64.76369877724225,1.2075906838469852,0.06436580842452111
Part 110,LSTM,7,5.426531842776707,5.968485883058727,165.1553169540737,-0.7543238742010934,-4.489051456217906
Part 110,Related LightGBM,7,7.201026331339081,8.2911373597895,219.16167095379814,6.929249140497254,-9.592468481842653
Part 112,Last Value,3,0.6666666666666666,1.1547005383792515,,0.6666666666666666,
Part 112,3-day Moving Average,3,0.6666666666666666,0.6666666666666666,,0.6666666666666666,
Part 112,7-day Moving Average,3,0.2857142857142857,0.2857142857142857,,0.2857142857142857,
Part 112,D+3 Plan Reference,3,0.0,0.0,,0.0,
Part 112,XGBoost,3,10.799554189046225,10.802056046877885,,10.799554189046225,
Part 112,LightGBM,3,13.7017984,13.7017984,,13.7017984,
Part 112,CatBoost,3,5.150830938126929,5.152187253820775,,5.150830938126929,
Part 112,LSTM,3,1.3706588745117188,2.374050810499471,,1.3706588745117188,
Part 112,Related LightGBM,3,14.824,14.824,,14.824,
Part 113,Last Value,12,2.0,3.415650255319866,184.6153846153846,0.0,-1.298221614227086
Part 113,3-day Moving Average,12,1.9444444444444446,2.9907264074877267,179.4871794871795,-0.055555555555555504,-0.7619699042407657
Part 113,7-day Moving Average,12,1.5833333333333333,2.6588959910377206,146.15384615384613,-0.4166666666666668,-0.3926686953851304
Part 113,D+3 Plan Reference,12,1.0833333333333333,2.5,100.0,-1.0833333333333333,-0.23119015047879587
Part 113,XGBoost,12,6.016786595185597,6.912109180949582,555.3956857094397,5.071248710155487,-8.411661394567602
Part 113,LightGBM,12,6.61702874118973,8.506282908813327,610.8026530328981,4.61702874988896,-13.253606354537396
Part 113,CatBoost,12,3.4421042600184037,4.006010095759635,317.7327009247757,1.5117669395994768,-2.16132535126573
Part 113,LSTM,12,9.280647913614908,14.566547097183763,856.6751920259916,7.113981246948242,-40.798274123343454
Part 113,Related LightGBM,12,6.762666548839317,9.024858793100046,624.2461429697831,4.773383728004467,-15.044491077834351
Part 114,Last Value,12,0.0,0.0,,0.0,
Part 114,3-day Moving Average,12,0.0,0.0,,0.0,
Part 114,7-day Moving Average,12,0.0,0.0,,0.0,
Part 114,D+3 Plan Reference,12,0.0,0.0,,0.0,
Part 114,XGBoost,12,5.653876185417175,6.627787903054072,,5.653876185417175,
Part 114,LightGBM,12,4.677226175842441,7.913029345654373,,4.677226175842441,
Part 114,CatBoost,12,1.7757149991590409,2.9508070632200005,,1.7757149991590409,
Part 114,LSTM,12,7.475917100906372,11.992084608938969,,7.475917100906372,
Part 114,Related LightGBM,12,4.998922416105897,8.559045556203356,,4.998922416105897,
Part 115,Last Value,3,0.0,0.0,,0.0,
Part 115,3-day Moving Average,3,0.0,0.0,,0.0,
Part 115,7-day Moving Average,3,0.0,0.0,,0.0,
Part 115,D+3 Plan Reference,3,0.0,0.0,,0.0,
Part 115,XGBoost,3,8.033659219741821,8.74466029223669,,8.033659219741821,
Part 115,LightGBM,3,9.134532275365897,11.187471546160987,,9.134532275365897,
Part 115,CatBoost,3,3.4811006090264662,4.1749885335150845,,3.4811006090264662,
Part 115,LSTM,3,10.423319498697916,12.548696579936086,,10.423319498697916,
Part 115,Related LightGBM,3,9.893383845831815,12.103759549844604,,9.893383845831815,
Part 116,Last Value,9,0.6666666666666666,1.4142135623730951,100.0,-0.6666666666666666,-0.28571428571428537
Part 116,3-day Moving Average,9,0.6666666666666666,1.4142135623730951,100.0,-0.6666666666666666,-0.28571428571428537
Part 116,7-day Moving Average,9,0.6666666666666666,1.4142135623730951,100.0,-0.6666666666666666,-0.28571428571428537
Part 116,D+3 Plan Reference,9,0.4444444444444444,1.0540925533894598,66.66666666666666,-0.4444444444444444,0.2857142857142859
Part 116,XGBoost,9,1.0169882244533963,1.76299077760366,152.54823366800946,1.0169882244533963,-0.9980877383742863
Part 116,LightGBM,9,0.28927438355545465,0.4849505087367261,43.3911575333182,-0.13879506753703985,0.8488147883345654
Part 116,CatBoost,9,0.5857537486732427,1.1696636895216863,87.8630623009864,-0.5138612382740825,0.12049869148076064
Part 116,LSTM,9,3.130909151501126,6.50808196535518,469.6363727251689,3.130909151501126,-26.22829841500228
Part 116,Related LightGBM,9,0.4187117727853713,0.865969048568645,62.8067659178057,-0.35621590130881886,0.5179198901635746
Part 12,Last Value,12,14.75,20.00208322483769,158.03571428571428,0.25,-1.5420049417578547
Part 12,3-day Moving Average,12,14.777777777777777,18.66567457681097,158.33333333333331,0.7777777777777777,-1.213672196729028
Part 12,7-day Moving Average,12,13.011904761904761,14.39358086328858,139.41326530612244,3.369047619047619,-0.31632653061224536
Part 12,D+3 Plan Reference,12,9.083333333333334,15.537588830531803,97.32142857142857,-8.916666666666666,-0.5338863395693616
Part 12,XGBoost,12,12.679327855507532,13.91396852794318,135.84994130900927,2.960626631975174,-0.23006472415767032
Part 12,LightGBM,12,12.081695956448968,13.505048072079141,129.44674239052466,2.545576603575929,-0.1588259165990238
Part 12,CatBoost,12,10.50180781166998,12.840063125739945,112.51936941074977,0.3940790526868125,-0.04751499446302865
Part 12,LSTM,12,12.42720770339171,15.450248307028852,133.14865396491118,1.0364347745974858,-0.5166901198303084
Part 12,Related LightGBM,12,12.62118215363734,13.573665688018325,135.22695164611434,3.2184448538451744,-0.17063155798854535
Part 13,Last Value,12,3.8333333333333335,4.96655480858378,191.66666666666669,1.1666666666666667,-1.9019607843137254
Part 13,3-day Moving Average,12,3.8611111111111107,4.928188007476687,193.05555555555554,1.083333333333333,-1.8572984749455337
Part 13,7-day Moving Average,12,3.4523809523809526,3.9361398957495863,172.61904761904762,0.9523809523809522,-0.8227290916366545
Part 13,D+3 Plan Reference,12,1.6666666666666667,3.391164991562634,83.33333333333334,-1.5,-0.3529411764705883
Part 13,XGBoost,12,5.30608057975769,6.535099575047529,265.3040289878845,5.236842115720113,-4.02441487715134
Part 13,LightGBM,12,5.094513046000426,6.783344532765649,254.7256523000213,4.832844310756703,-4.4133838882590135
Part 13,CatBoost,12,3.186220648438417,3.856423693569401,159.31103242192083,2.2076324020358826,-0.7496474946262892
Part 13,LSTM,12,2.753286978850762,3.9869560734585847,137.66434894253808,1.4818745243052642,-0.8700963213750934
Part 13,Related LightGBM,12,5.181551002534463,7.186219330612591,259.07755012672317,4.6770973360385195,-5.075499796196479
Part 14,Last Value,12,14.916666666666666,22.429519239906444,12.794853466761975,-9.083333333333334,-0.7155848154024678
Part 14,3-day Moving Average,12,17.444444444444443,24.15957750427737,14.963068858708601,-12.277777777777777,-0.9904484492544263
Part 14,7-day Moving Average,12,28.666666666666668,32.34628746742305,24.588992137240886,-25.571428571428573,-2.567969618045906
Part 14,D+3 Plan Reference,12,63.0,80.49430621685818,54.038598999285206,-63.0,-21.09543656901982
Part 14,XGBoost,12,33.07180070877075,40.73780397594113,28.367520264849823,-22.258764108022053,-4.659362229868034
Part 14,LightGBM,12,50.56780277994483,60.50615653976337,43.374812963498066,-36.87574318198994,-11.484506998054947
Part 14,CatBoost,12,33.11288447438812,38.677364237251474,28.402760092398672,-20.067248482396256,-4.101360376657277
Part 14,LSTM,12,19.753262837727863,24.89070417115131,16.9434706256422,-15.991666158040365,-1.1127427995252037
Part 14,Related LightGBM,12,48.334645002856824,60.07073766465362,41.459309509241024,-37.421671469326384,-11.305469661469948
Part 15,Last Value,12,10.5,15.609825965290794,51.63934426229508,5.666666666666667,-0.8086597938144326
Part 15,3-day Moving Average,12,10.25,13.185640337545655,50.409836065573764,6.527777777777779,-0.29051546391752536
Part 15,7-day Moving Average,12,10.642857142857144,13.048314197679353,52.341920374707264,6.595238095238095,-0.2637744582369028
Part 15,D+3 Plan Reference,12,17.0,20.708291415115188,83.60655737704919,-13.833333333333334,-2.183092783505154
Part 15,XGBoost,12,10.755316416422525,13.50993247295104,52.894998769291114,2.6665128072102866,-0.3547748278872349
Part 15,LightGBM,12,12.97051753910147,15.181386787273633,63.789430520171166,1.5545348887173438,-0.7107385922171194
Part 15,CatBoost,12,11.438574446042445,13.35700119685418,56.255284160864484,1.4962546314585436,-0.32427655979783565
Part 15,LSTM,12,9.505708853403727,10.6370898645658,46.749387803624884,7.057692686716716,0.16014092611823838
Part 15,Related LightGBM,12,13.65922376194114,16.095463722277554,67.17651030462855,1.886286271292432,-0.9229489252918557
Part 16,Last Value,12,8.166666666666666,10.23067283548187,16.44295302013423,0.5,-1.7994056463595842
Part 16,3-day Moving Average,12,7.277777777777779,8.739014267660304,14.653243847874723,1.777777777777778,-1.0425953442298166
Part 16,7-day Moving Average,12,6.488095238095238,8.291356863593304,13.06327900287632,0.4166666666666667,-0.8386906025411656
Part 16,D+3 Plan Reference,12,27.833333333333332,35.85387008399512,56.04026845637584,-26.166666666666668,-33.38187221396731
Part 16,XGBoost,12,9.614219824473063,11.61697336619253,19.357489579475967,-0.8736758232116699,-2.6094699308096274
Part 16,LightGBM,12,16.810793957616,20.556773118993494,33.84723615627382,-9.9776859040348,-10.302312896261402
Part 16,CatBoost,12,10.689225462869382,13.364389051582593,21.52193046215312,-1.4536558391500805,-3.777004613665813
Part 16,LSTM,12,9.051500956217447,10.322680201489009,18.22449856956533,-4.9951171875,-1.8499837708169942
Part 16,Related LightGBM,12,17.38736526198287,22.64769214100805,35.00811797714671,-10.380475622410563,-12.718459535883808
Part 17,Last Value,12,22.833333333333332,31.59377575831459,24.420677361853834,-22.333333333333332,0.029571416997488442
Part 17,3-day Moving Average,12,25.861111111111114,32.64270663251282,27.658942364824725,-25.861111111111114,-0.0359357980681807
Part 17,7-day Moving Average,12,34.404761904761905,39.858038904418294,36.79653679653679,-34.404761904761905,-0.5445158538178294
Part 17,D+3 Plan Reference,12,43.5,52.831493133042024,46.524064171122994,-43.333333333333336,-1.7136028518188446
Part 17,XGBoost,12,18.761941115061443,22.091602466886517,20.066247181883895,-16.81117868423462,0.5255232281731055
Part 17,LightGBM,12,30.190649334213862,35.492798969415254,32.289464528570974,-29.84172639008268,-0.22473185969374487
Part 17,CatBoost,12,20.453064668094537,22.841781218814543,21.8749354738979,-17.958320783751066,0.4927518730472118
Part 17,LSTM,12,34.37144533793131,37.68174270833848,36.760904104739375,-34.37144533793131,-0.38045570788698413
Part 17,Related LightGBM,12,32.20154206705062,36.48364235393017,34.44015194336964,-31.455023210773444,-0.2940673995717291
Part 18,Last Value,12,25.083333333333332,29.901226284775234,20.476190476190474,12.25,-1.2755037115588546
Part 18,3-day Moving Average,12,23.944444444444446,27.616755515179282,19.546485260770975,12.833333333333334,-0.9410863673854131
Part 18,7-day Moving Average,12,28.321428571428573,32.0899299694184,23.119533527696795,9.345238095238093,-1.6208193563745756
Part 18,D+3 Plan Reference,12,72.41666666666667,92.88388808973635,59.115646258503396,-68.58333333333333,-20.957370095440083
Part 18,XGBoost,12,37.94042491912842,53.27164015344874,30.971775444186463,-10.55097738901774,-6.2225687668425005
Part 18,LightGBM,12,57.95213410794833,74.27187124335185,47.30786457791701,-34.87772883927699,-13.039391367098288
Part 18,CatBoost,12,38.76047972881948,45.268503460910836,31.64120794189345,6.6493994938180405,-4.215450449010806
Part 18,LSTM,12,24.888583501180012,30.619989498715142,20.31721102137144,15.855127334594727,-1.3862152879781777
Part 18,Related LightGBM,12,58.25636872453996,73.91625669821337,47.5562193669714,-32.28165338867277,-12.905271696991319
Part 19,Last Value,12,11.5,14.933184523068078,44.230769230769226,8.833333333333334,-0.0781627719580984
Part 19,3-day Moving Average,12,11.416666666666666,15.908593065803567,43.91025641025641,11.416666666666666,-0.22360999194198228
Part 19,7-day Moving Average,12,14.142857142857144,17.558938650459833,54.3956043956044,11.095238095238095,-0.4906510549425249
Part 19,D+3 Plan Reference,12,19.333333333333332,25.271855228033154,74.35897435897436,-18.833333333333332,-2.087832393231265
Part 19,XGBoost,12,11.963648160298666,14.836262532699047,46.0140313857641,7.350605010986328,-0.0642128248469116
Part 19,LightGBM,12,14.804746870040857,16.8485571482009,56.94133411554175,-0.26941822270086185,-0.37247644468747
Part 19,CatBoost,12,12.018752010474751,15.308107363158308,46.22596927105674,6.485523782892417,-0.1329805852150603
Part 19,LSTM,12,10.353375911712646,12.93916574547401,39.82067658351018,6.8525166511535645,0.19054628434078313
Part 19,Related LightGBM,12,15.468468743929677,17.863781490877855,59.49411055357567,-0.393897190888364,-0.5428590934109443
Part 2,Last Value,12,35.166666666666664,46.515230480635765,5.979878135184922,-18.5,-0.250017051085051
Part 2,3-day Moving Average,12,34.444444444444436,44.80162034106785,5.857068631618723,-27.333333333333332,-0.15961286681564624
Part 2,7-day Moving Average,12,80.19047619047619,103.92625590613119,13.635903560800827,-80.19047619047619,-5.23987867651484
Part 2,D+3 Plan Reference,12,316.1666666666667,397.855501407232,53.76222190732606,-316.1666666666667,-90.44844353683638
Part 2,XGBoost,12,148.25814326604208,227.37969641110416,25.210397041129447,-118.23768631617229,-28.869568398766106
Part 2,LightGBM,12,218.80733223098824,309.2546675018386,37.20685825098284,-207.8524948926688,-54.25328568198674
Part 2,CatBoost,12,179.5104779404691,258.2628259947743,30.524666788800186,-125.18216078888095,-37.5344691490755
Part 2,LSTM,12,123.14252217610677,131.52962481562167,20.93963817646707,-123.14252217610677,-8.994768636418314
Part 2,Related LightGBM,12,255.64137927303986,331.4678118234269,43.4702642946929,-238.13510611085334,-62.475817868740954
Part 20,Last Value,12,11.75,14.96384531685177,35.07462686567165,0.5833333333333334,-0.8518263266712611
Part 20,3-day Moving Average,12,11.166666666666666,14.119857307011653,33.33333333333333,-1.0555555555555556,-0.6488245654338003
Part 20,7-day Moving Average,12,10.821428571428571,13.28501022199981,32.30277185501066,-2.7738095238095237,-0.45961265277992647
Part 20,D+3 Plan Reference,12,18.166666666666668,23.86070689089771,54.22885572139303,-17.0,-3.708476912474156
Part 20,XGBoost,12,11.449175675710043,13.661116399708979,34.17664380808968,0.747063159942627,-0.5434274399977748
Part 20,LightGBM,12,11.098821945847694,14.070559599480399,33.130811778649836,-2.689661639391815,-0.6373313365336735
Part 20,CatBoost,12,10.348234588338398,13.827451733667159,30.89025250250268,-2.8742907983657653,-0.5812412524898269
Part 20,LSTM,12,11.447936880091826,12.613348156474961,34.17294591072187,-10.168242322901884,-0.31575370130765235
Part 20,Related LightGBM,12,11.040184372460244,13.538076791650692,32.955774246149986,-3.177785763517672,-0.5157507088901261
Part 22,Last Value,12,21.083333333333332,24.421643406344845,53.48837209302325,5.416666666666667,-0.8290703865403046
Part 22,3-day Moving Average,12,24.694444444444446,27.932955446926844,62.649753347427776,7.138888888888892,-1.3928442125439253
Part 22,7-day Moving Average,12,25.19047619047619,29.28269438552727,63.90818483841739,8.142857142857142,-1.6296788718682023
Part 22,D+3 Plan Reference,12,26.0,34.27341049073854,65.96194503171247,-21.0,-2.6024278564583114
Part 22,XGBoost,12,16.035317420959473,21.13322442419791,40.68156639566885,-0.8936297098795573,-0.36965812239689444
Part 22,LightGBM,12,18.178908898724885,25.63788246801593,46.11985344285383,-6.9169695988101205,-1.0157884466384202
Part 22,CatBoost,12,19.507519175974082,23.74692967578198,49.490534907333824,3.0966811048259566,-0.7294004970678529
Part 22,LSTM,12,16.71019713083903,19.3592081751566,42.393734792826294,9.905914624532064,-0.14935933400794843
Part 22,Related LightGBM,12,17.975522038538173,25.515622749221407,45.603861408553506,-6.200621329451252,-0.9966088513769402
Part 23,Last Value,12,6.5,10.862780491200215,195.0,0.0,-1.3892013498312719
Part 23,3-day Moving Average,12,6.499999999999999,9.720158511129409,194.99999999999997,-2.266705341943028e-16,-0.9130108736407951
Part 23,7-day Moving Average,12,6.202380952380952,8.749246809176842,186.07142857142853,-0.2976190476190475,-0.5499299832418909
Part 23,D+3 Plan Reference,12,3.25,7.772815877574012,97.5,-3.25,-0.223284589426322
Part 23,XGBoost,12,6.966132178902626,7.699747291657854,208.98396536707878,4.110853339234988,-0.20039364499107348
Part 23,LightGBM,12,5.6516088952100665,7.3508283266278305,169.54826685630198,3.718875028543399,-0.09406545284136603
Part 23,CatBoost,12,5.7234107883893826,6.844041147582814,171.70232365168147,1.346068476950169,0.05159034180368893
Part 23,LSTM,12,6.18204927444458,8.925389264966823,185.4614782333374,-0.3179507255554199,-0.6129654933198319
Part 23,Related LightGBM,12,6.2700297021910885,7.678794577591736,188.10089106573264,4.830665924817464,-0.193869461155614
Part 24,Last Value,12,39.916666666666664,45.6115847857391,26.260964912280706,12.416666666666666,-0.6268082888049002
Part 24,3-day Moving Average,12,40.055555555555564,45.43432378475306,26.352339181286556,11.77777777777778,-0.6141882792475784
Part 24,7-day Moving Average,12,44.666666666666664,53.844636668466656,29.385964912280706,0.2380952380952408,-1.2671014450352018
Part 24,D+3 Plan Reference,12,93.0,119.389418849969,61.18421052631579,-85.83333333333333,-10.145966375602763
Part 24,XGBoost,12,48.444145838419594,71.05145468005773,31.871148577907626,-18.65749168395996,-2.9475896354638067
Part 24,LightGBM,12,76.14138456857985,94.02889746844444,50.09301616353938,-48.737682687201946,-5.9136714915661965
Part 24,CatBoost,12,44.27263780276914,59.26869635173291,29.126735396558644,-8.18420628584684,-1.7468617494335348
Part 24,LSTM,12,44.78398513793945,50.860487445366225,29.46314811706543,11.015397389729818,-1.0227727224138579
Part 24,Related LightGBM,12,80.11152819625376,97.7755403187851,52.70495276069326,-54.221196353040995,-6.475607677281666
Part 25,Last Value,12,18.333333333333332,22.44623205202453,58.51063829787234,1.8333333333333333,-1.0122032394053697
Part 25,3-day Moving Average,12,17.083333333333332,20.71030339388264,54.52127659574468,3.1944444444444433,-0.7130019968937213
Part 25,7-day Moving Average,12,16.916666666666668,20.3922837881204,53.98936170212766,5.130952380952382,-0.6607974896193227
Part 25,D+3 Plan Reference,12,23.833333333333332,28.234140090795517,76.06382978723404,-23.833333333333332,-2.1837142223208343
Part 25,XGBoost,12,14.208472887674967,15.99497785840942,45.34619006704777,-2.1265058517456055,-0.021767850108306508
Part 25,LightGBM,12,15.656867876954863,17.872836362699346,49.968727266877224,-7.232115258655756,-0.27576858967404094
Part 25,CatBoost,12,16.580311093252035,18.02681636304282,52.91588646782564,-1.591852008181651,-0.29784556187344813
Part 25,LSTM,12,18.642943382263184,21.536829430452997,59.49875547530803,-6.632262229919434,-0.8524584855770299
Part 25,Related LightGBM,12,15.68912614031481,17.98580341733757,50.071679171217475,-6.360217940653541,-0.2919468032411834
Part 27,Last Value,12,18.333333333333332,23.678400846904054,10.372465818010372,3.6666666666666665,-1.6054797173008035
Part 27,3-day Moving Average,12,19.02777777777778,21.43443923188067,10.765362250510766,5.527777777777779,-1.1350458794548253
Part 27,7-day Moving Average,12,19.761904761904763,23.354412247551245,11.180709907725468,-3.0714285714285694,-1.5346666113439285
Part 27,D+3 Plan Reference,12,96.41666666666667,125.70302303445212,54.549740688354554,-95.25,-72.43014812663375
Part 27,XGBoost,12,41.63795185089111,61.30976399464547,23.55753994392708,-31.08775043487549,-16.467962409894284
Part 27,LightGBM,12,79.00867862828092,99.69588747961247,44.700808276255124,-71.66599539228723,-45.18888169781028
Part 27,CatBoost,12,44.19132385220056,53.096050637828775,25.002163424158734,-22.606045909354748,-12.101089019273317
Part 27,LSTM,12,20.580097198486328,27.248745414989667,11.643619348507116,3.650091807047526,-2.450451939313019
Part 27,Related LightGBM,12,66.81233467466905,94.2510231913797,37.80047223460766,-63.533012177455134,-40.28146557129013
Part 28,Last Value,12,27.166666666666668,37.907782842049734,4.564547745729487,-8.5,-1.2349332526893333
Part 28,3-day Moving Average,12,31.05555555555556,39.36110130949459,5.2179594884719505,-14.055555555555562,-1.4095851154217258
Part 28,7-day Moving Average,12,69.21428571428568,88.97997175853483,11.62939552746329,-59.16666666666665,-11.313806258667976
Part 28,D+3 Plan Reference,12,323.1666666666667,422.4085699888202,54.29851582189863,-323.1666666666667,-276.5065451246382
Part 28,XGBoost,12,163.30633385976157,242.3700054627913,27.43875673924865,-113.04234663645427,-90.36198659563681
Part 28,LightGBM,12,221.9648496339735,329.2947723237482,37.29457008691798,-202.1443516863301,-167.64655008731023
Part 28,CatBoost,12,202.23164889024906,280.4414179510788,33.97899449290099,-124.41873538296743,-121.31848621794704
Part 28,LSTM,12,94.34267679850261,101.18384308657124,15.85147187877389,-94.34267679850261,-14.92319193258925
Part 28,Related LightGBM,12,228.6600753466859,331.5216375656178,38.419502998603065,-198.09551722049346,-169.93521675684966
Part 29,Last Value,12,20.5,30.512292604784715,4.669703872437358,18.166666666666668,-0.3118835133865665
Part 29,3-day Moving Average,12,28.11111111111111,35.4390452174706,6.403442166540116,25.33333333333333,-0.7697406189656073
Part 29,7-day Moving Average,12,57.88095238095238,69.37686689281914,13.18472719383881,9.547619047619051,-5.782268191447551
Part 29,D+3 Plan Reference,12,239.0,321.60638467957483,54.441913439635535,-239.0,-144.74542038515736
Part 29,XGBoost,12,121.2083551088969,198.67158388230033,27.610103669452595,-111.60736735661824,-54.61822204175935
Part 29,LightGBM,12,174.01211341054008,262.4672806204183,39.63829462654671,-167.4864185752331,-96.07243785290382
Part 29,CatBoost,12,138.4750958962461,212.47743502587724,31.543302026479754,-110.28115857944495,-62.6167126282422
Part 29,LSTM,12,41.42917124430338,53.15091982932802,9.437168848360681,-14.124336242675781,-2.9807707074264735
Part 29,Related LightGBM,12,189.63678685484808,272.5586377806041,43.197445752812776,-183.65923958736343,-103.68042888043946
Part 3,Last Value,12,46.833333333333336,71.66124010462931,126.00896860986548,32.666666666666664,-0.41724098278968147
Part 3,3-day Moving Average,12,58.52777777777777,79.43148689978749,157.47384155455904,42.74999999999999,-0.7412472689639311
Part 3,7-day Moving Average,12,80.46428571428571,89.14488894204645,216.49583600256244,58.86904761904762,-1.1931481013579108
Part 3,D+3 Plan Reference,12,37.166666666666664,70.7448466910017,100.0,-37.166666666666664,-0.38122580397868844
Part 3,XGBoost,12,56.50586680571238,74.46224537083582,152.0337223472082,16.326025446256,-0.5301969066196184
Part 3,LightGBM,12,55.91249829185659,79.66462523816013,150.43721513504016,-3.3145890681434023,-0.7514836944008128
Part 3,CatBoost,12,66.02262513815691,79.98220815976063,177.63935014750737,31.964821367588318,-0.765476104074561
Part 3,LSTM,12,78.67678642272949,88.25151428425931,211.6864208683305,61.08889579772949,-1.1494106469756127
Part 3,Related LightGBM,12,63.43489210071109,79.09541452913285,170.67683973285494,3.7250254340444076,-0.7265441035169837
Part 30,Last Value,12,109.41666666666667,146.02482665629157,53.17942486836776,25.083333333333332,-0.7027241496909857
Part 30,3-day Moving Average,12,95.6388888888889,140.83307034820945,46.483056568111245,31.02777777777777,-0.5837994656137913
Part 30,7-day Moving Average,12,93.98809523809526,130.47173045905228,45.68072672568421,35.083333333333336,-0.35932636985388644
Part 30,D+3 Plan Reference,12,136.66666666666666,191.89233092196955,66.42365330093155,-136.66666666666666,-1.9403981001655284
Part 30,XGBoost,12,108.75140190124512,137.2104556656025,52.85608840886762,-8.902583440144857,-0.5033680287307358
Part 30,LightGBM,12,157.5170968756263,188.28154164512551,76.55751974514035,-53.78102203737294,-1.8307817575377454
Part 30,CatBoost,12,136.00120962219563,169.92264738252422,66.10022338867346,-0.5051700982522599,-1.3056502482716192
Part 30,LSTM,12,71.89161046346028,109.17595588895541,34.94124445368666,49.459458669026695,0.04820174757351425
Part 30,Related LightGBM,12,155.12062285646226,183.8709945624395,75.39276931055274,-50.604172118182554,-1.6997114427367457
Part 31,Last Value,12,22.75,28.47952480876978,84.52012383900929,-13.75,-0.45945743311632326
Part 31,3-day Moving Average,12,21.305555555555554,26.37742441025125,79.15376676986584,-16.13888888888889,-0.2519607965644928
Part 31,7-day Moving Average,12,21.821428571428573,27.30773855583823,81.07032286598852,-19.607142857142858,-0.34182978550861565
Part 31,D+3 Plan Reference,12,10.666666666666666,14.317821063276353,39.628482972136226,-10.666666666666666,0.6311244954827746
Part 31,XGBoost,12,13.932429681221643,15.809620023661706,51.76134866088537,-5.574793706337611,0.5502524362761395
Part 31,LightGBM,12,13.887686465362298,16.729834730434245,51.59511999515405,-2.3631049650593483,0.49637270801728517
Part 31,CatBoost,12,15.70607371226191,19.48950513202501,58.350738249889446,-11.91056029067362,0.3165172169150787
Part 31,LSTM,12,20.330671628316242,26.565367792688214,75.53190697826469,-19.902345021565754,-0.269865199224695
Part 31,Related LightGBM,12,14.796327567620168,17.32053175687019,54.97087641221115,-6.322649443691678,0.4601807123962186
Part 32,Last Value,12,7.166666666666667,12.186057606953941,195.45454545454547,0.0,-1.4388686131386863
Part 32,3-day Moving Average,12,7.11111111111111,10.68141341736161,193.9393939393939,-0.055555555555555615,-0.8737834549878347
Part 32,7-day Moving Average,12,6.285714285714287,9.46835042992947,171.42857142857147,-0.880952380952381,-0.47234842842246394
Part 32,D+3 Plan Reference,12,3.6666666666666665,8.621678104251709,100.0,-3.6666666666666665,-0.22080291970802923
Part 32,XGBoost,12,9.022836367289225,10.152555224862157,246.07735547152433,4.153335054715474,-0.6928273692424873
Part 32,LightGBM,12,8.702353680361266,10.996422131710032,237.33691855530728,3.819320080361266,-0.9859337541767514
Part 32,CatBoost,12,7.018362038834943,9.103291464433044,191.40987378640753,0.8279359375448525,-0.36100226163827664
Part 32,LSTM,12,15.306843986113867,21.398100595499866,417.4593814394691,11.306843986113867,-6.519905806306908
Part 32,Related LightGBM,12,8.891503930082326,10.914097204240068,242.49556172951796,4.338552739095043,-0.9563095986357806
Part 33,Last Value,12,61.25,92.00860467007058,59.756097560975604,-23.916666666666668,-1.0126201089648341
Part 33,3-day Moving Average,12,61.611111111111114,83.22604204258468,60.10840108401084,-24.055555555555554,-0.646733806614936
Part 33,7-day Moving Average,12,54.88095238095238,72.97017375958072,53.542392566782816,-17.5,-0.2658891550676734
Part 33,D+3 Plan Reference,12,43.75,57.213780391324136,42.68292682926829,-42.416666666666664,0.22177315502724115
Part 33,XGBoost,12,42.21620178222656,50.75824296582701,41.186538324123475,-19.164899826049805,0.38748309563674843
Part 33,LightGBM,12,51.85137000519381,60.226770688870516,50.586702444091515,-37.63894374464363,0.13764899670495268
Part 33,CatBoost,12,37.58774853233004,52.77457477671885,36.67097417788297,-14.818395929889304,0.33785301804136947
Part 33,LSTM,12,43.280198415120445,61.619706998824725,42.2245838196297,-21.74974759419759,0.09729847474091913
Part 33,Related LightGBM,12,51.27242684912753,58.3901923115348,50.02187985280734,-37.75590711430031,0.18944081826377013
Part 34,Last Value,12,46.0,58.11626278418116,86.1154446177847,-5.5,-1.8560522869676017
Part 34,3-day Moving Average,12,44.388888888888886,53.82980724606162,83.09932397295891,-3.388888888888889,-1.4502841214939912
Part 34,7-day Moving Average,12,35.13095238095239,41.33641227285983,65.76777356808559,-1.1309523809523803,-0.4448952267660913
Part 34,D+3 Plan Reference,12,34.416666666666664,50.18714974971183,64.43057722308893,-30.416666666666668,-1.1298835522722865
Part 34,XGBoost,12,37.44783512751261,45.47249323221968,70.1051515647662,0.9102396965026855,-0.7485108447810753
Part 34,LightGBM,12,41.158760455055635,45.87239061071986,77.05228166313067,-7.829808841381098,-0.7793998257648034
Part 34,CatBoost,12,37.02905800929073,44.0947786382569,69.32116944016985,-1.498249672674893,-0.644163980801042
Part 34,LSTM,12,27.61461814244588,31.728154934453286,51.69663302797981,-4.57098913192749,0.14874351880937464
Part 34,Related LightGBM,12,33.44188355613458,42.21379704524111,62.60571024549375,-11.859353618512655,-0.5068833419303433
Part 35,Last Value,12,2.8333333333333335,3.6742346141747673,72.3404255319149,-1.3333333333333333,-0.05940054495912794
Part 35,3-day Moving Average,12,3.027777777777778,4.090413363155548,77.30496453900709,-1.5833333333333333,-0.3129881925522253
Part 35,7-day Moving Average,12,3.0833333333333335,3.8907268089703777,78.72340425531915,-1.9642857142857144,-0.18792192626369353
Part 35,D+3 Plan Reference,12,2.5,3.1885210782848317,63.829787234042556,-2.1666666666666665,0.20217983651226168
Part 35,XGBoost,12,4.791624824206035,5.7116788214252034,122.3393572137711,3.309756557146708,-1.5600826125955733
Part 35,LightGBM,12,5.024846716131399,6.67906547503462,128.29395870973784,4.142510914962279,-2.500723623570092
Part 35,CatBoost,12,2.327898360277773,2.7638422877017064,59.43570281560272,0.3671971762721693,0.40055003621498597
Part 35,LSTM,12,5.690348227818807,7.8125568220164325,145.28548666771422,2.883238951365153,-3.7897495095378266
Part 35,Related LightGBM,12,5.6818406018130405,7.4111789503014505,145.06827068458827,4.634348494254896,-3.3102357353723963
Part 36,Last Value,12,9.166666666666666,15.65779890874406,83.33333333333334,-8.333333333333334,-0.1010479041916168
Part 36,3-day Moving Average,12,10.111111111111112,17.266430714818554,91.91919191919192,-9.111111111111112,-0.3389055222887558
Part 36,7-day Moving Average,12,10.29761904761905,17.49105699578879,93.61471861471863,-9.178571428571429,-0.37396889893682017
Part 36,D+3 Plan Reference,12,2.5,4.320493798938574,22.727272727272727,-2.5,0.9161676646706587
Part 36,XGBoost,12,10.206409086783728,12.129494863367208,92.78553715257934,-1.6336282591025035,0.3392605734710262
Part 36,LightGBM,12,7.193277480401897,9.586837913810148,65.39343164001725,1.5048964344388915,0.5872419407829295
Part 36,CatBoost,12,7.568659089704831,11.141451296047427,68.80599172458938,-4.411035692938708,0.44252124109791824
Part 36,LSTM,12,10.386893287301064,15.209506835843708,94.42630261182785,-2.2086947510639825,-0.03890313558193048
Part 36,Related LightGBM,12,9.453641438415227,11.51431190790836,85.94219489468388,-0.017745375453498784,0.40458362853622654
Part 37,Last Value,12,72.0,93.6162379077476,60.802251935256855,-1.1666666666666667,-1.5544245432151742
Part 37,3-day Moving Average,12,63.97222222222221,84.78464003099373,54.022988505747115,2.583333333333332,-1.0951979991269458
Part 37,7-day Moving Average,12,56.44047619047618,70.50004824623235,47.66261184276666,5.130952380952384,-0.44867023767148906
Part 37,D+3 Plan Reference,12,73.33333333333333,102.13063529943729,61.92821956368755,-70.5,-2.0402043513726316
Part 37,XGBoost,12,56.938026110331215,67.37868207459246,48.08278067023045,-5.0632524490356445,-0.32323120270518024
Part 37,LightGBM,12,69.1467681295029,83.39279583649287,58.39276689331702,-37.36606709293965,-1.0269721328961694
Part 37,CatBoost,12,56.32910606061905,70.44071956223588,47.56856247202172,10.65006736897516,-0.44623303268723435
Part 37,LSTM,12,47.958139419555664,58.65002982205864,40.499484379638844,-2.534547805786133,-0.002598808079499859
Part 37,Related LightGBM,12,70.87942591969421,86.33031849624956,59.85595433049477,-31.875618628601927,-1.1722879629827694
Part 38,Last Value,12,36.75,51.86601327780393,48.783185840707965,11.583333333333334,-0.75376675117711
Part 38,3-day Moving Average,12,29.38888888888889,45.75012649243796,39.011799410029504,15.000000000000005,-0.364553905589762
Part 38,7-day Moving Average,12,31.440476190476193,47.01347686358372,41.73514538558787,18.488095238095244,-0.4409563970463233
Part 38,D+3 Plan Reference,12,50.083333333333336,68.20373890044445,66.48230088495575,-41.583333333333336,-2.0326512133285046
Part 38,XGBoost,12,34.433417320251465,46.96248350912767,45.70807608882938,13.542412757873535,-0.4378322141329809
Part 38,LightGBM,12,48.36686014583785,57.27142718244104,64.20379665376706,-12.171175636787234,-1.13836634144316
Part 38,CatBoost,12,36.50373354894535,47.32515226610934,48.45628347205135,19.931797994154188,-0.4601253410426591
Part 38,LSTM,12,33.8906052907308,40.722194430371445,44.98752914698778,-6.702487945556641,-0.08110641601048729
Part 38,Related LightGBM,12,46.64883224609871,55.99802391603127,61.92322864526377,-13.64229236016935,-1.044332353676472
Part 39,Last Value,12,24.166666666666668,29.552213679068668,84.54810495626822,-5.166666666666667,-1.7954742481161228
Part 39,3-day Moving Average,12,18.38888888888889,22.222777770833506,64.33430515063169,-6.444444444444444,-0.5807825964537905
Part 39,7-day Moving Average,12,18.083333333333332,19.79490932977844,63.26530612244897,-7.7023809523809526,-0.25424533073726985
Part 39,D+3 Plan Reference,12,14.166666666666666,20.635729532374988,49.56268221574344,-13.833333333333334,-0.3630604396825752
Part 39,XGBoost,12,16.185083905855816,20.088978357751415,56.62420025372297,-3.16207492351532,-0.2917877477933959
Part 39,LightGBM,12,12.842115145237571,17.24195591605919,44.928682723863226,-0.6758493340352913,0.04841295688018066
Part 39,CatBoost,12,15.914899115036947,18.341338037995488,55.67894734123714,-3.014356225375493,-0.0768060565820996
Part 39,LSTM,12,22.18510381380717,24.846982327232013,77.61552354684724,-13.514525175094604,-0.9761629899937387
Part 39,Related LightGBM,12,15.113329080148688,19.677061101654946,52.87462068856684,-0.35771487843460115,-0.23935558357191544
Part 4,Last Value,12,55.75,67.18816860132445,22.4496644295302,-29.583333333333332,-0.4030787560651323
Part 4,3-day Moving Average,12,65.8888888888889,78.28343564443436,26.532438478747206,-39.5,-0.9047421707273557
Part 4,7-day Moving Average,12,73.28571428571429,87.17038987378855,29.51102588686481,-64.9047619047619,-1.3617526923742402
Part 4,D+3 Plan Reference,12,123.91666666666667,162.11390028824385,49.899328859060404,-116.58333333333333,-7.1683991504498135
Part 4,XGBoost,12,84.79648494720459,94.60910830799446,34.146235549209905,-58.06532955169678,-1.7820334078187785
Part 4,LightGBM,12,118.3690408492444,133.69004649795355,47.66538557687694,-91.75018496183093,-4.555134660391444
Part 4,CatBoost,12,74.64662196924633,83.51245580628138,30.059042403723353,-54.819198502021244,-1.1676988749733188
Part 4,LSTM,12,60.199319203694664,68.71819215974422,24.241336592091812,-27.288931528727215,-0.46770878398051563
Part 4,Related LightGBM,12,121.6848972427311,138.03131150878718,49.000629762173595,-90.89299057100139,-4.921771851277697
Part 40,Last Value,12,4.75,7.96345821026686,123.91304347826086,-2.25,-0.6202980837473386
Part 40,3-day Moving Average,12,3.805555555555556,6.837397165588672,99.27536231884059,-3.0833333333333335,-0.19446415897799874
Part 40,7-day Moving Average,12,3.7619047619047623,7.083323329324668,98.13664596273293,-3.452380952380952,-0.28193392332092526
Part 40,D+3 Plan Reference,12,1.4166666666666667,2.753785273643051,36.95652173913043,0.4166666666666667,0.8062455642299503
Part 40,XGBoost,12,5.9660505428910255,7.601760265931186,155.6361011188963,2.475037731230259,-0.47645374667483775
Part 40,LightGBM,12,6.942550035459956,8.732525406111062,181.11000092504233,4.7175228273683105,-0.9483690552601178
Part 40,CatBoost,12,4.359413672961041,5.843939484547441,113.72383494680976,0.20448171877997354,0.12742467482903186
Part 40,LSTM,12,14.825535794099173,20.541128169480917,386.7531076721523,8.707898000876108,-9.78052950539498
Part 40,Related LightGBM,12,7.152935139799621,9.323187227266017,186.59830799477274,4.4331886351934715,-1.220855587429115
Part 41,Last Value,12,30.083333333333332,36.065911883661,81.12359550561797,-4.916666666666667,-1.6203153197263682
Part 41,3-day Moving Average,12,23.472222222222225,28.834617826237704,63.29588014981273,-6.805555555555557,-0.6748970617722625
Part 41,7-day Moving Average,12,22.73809523809524,25.758031572233747,61.31621187800964,-7.904761904761902,-0.33654954924347646
Part 41,D+3 Plan Reference,12,23.416666666666668,30.5081956201936,63.146067415730336,-23.416666666666668,-0.8749632779821774
Part 41,XGBoost,12,21.056331475575764,25.654702282563658,56.781118585822284,-3.32656462987264,-0.3258478223606267
Part 41,LightGBM,12,19.780475176067647,24.310910023568482,53.34060721636219,-5.271349460847426,-0.19058978846805696
Part 41,CatBoost,12,22.859387025015636,26.79495093766387,61.643290853974754,-3.6226938818871637,-0.44632420279312823
Part 41,LSTM,12,30.343442420164745,32.74889061034392,81.82501326785999,-16.089127361774445,-1.1604932139668338
Part 41,Related LightGBM,12,22.23511953139311,26.135298123607306,59.95987289364434,-6.102734420267474,-0.3759879741115475
Part 42,Last Value,12,7.583333333333333,9.358596760910972,87.5,-1.4166666666666667,-1.4984152139461173
Part 42,3-day Moving Average,12,5.5,6.643013595472287,63.46153846153846,-1.388888888888889,-0.2588483888008455
Part 42,7-day Moving Average,12,4.666666666666667,6.115108978843243,53.846153846153854,-1.5238095238095237,-0.06672272712571536
Part 42,D+3 Plan Reference,12,5.25,6.825198409814424,60.57692307692307,-2.9166666666666665,-0.3288431061806656
Part 42,XGBoost,12,4.970623294512431,5.650662930812558,57.35334570591266,1.7291138569513957,0.08916030421891441
Part 42,LightGBM,12,6.088833399005242,6.852318130297179,70.25576998852203,3.8598904154261624,-0.3394243227549756
Part 42,CatBoost,12,4.4523982744818715,5.4640318368824765,51.3738262440216,-0.7209512032953121,0.14833345410400112
Part 42,LSTM,12,6.5552694002787275,7.614100466166551,75.63772384936993,-0.8590042591094971,-0.6537899625353383
Part 42,Related LightGBM,12,6.985311468829017,7.770241991134942,80.59974771725788,4.431944272814668,-0.7223136146027587
Part 43,Last Value,12,0.25,0.5,100.0,0.25,-0.33333333333333326
Part 43,3-day Moving Average,12,0.5,0.7328281087929399,200.0,0.5,-1.8641975308641974
Part 43,7-day Moving Average,12,3.190476190476191,6.530149856079656,1276.1904761904764,3.190476190476191,-226.42857142857144
Part 43,D+3 Plan Reference,12,0.25,0.5,100.0,-0.25,-0.33333333333333326
Part 43,XGBoost,12,6.125180552403132,7.348826061378617,2450.072220961253,6.125180552403132,-287.0279705621203
Part 43,LightGBM,12,4.605989323250566,7.495525741619943,1842.3957293002263,4.605989323250566,-298.6421660975317
Part 43,CatBoost,12,2.8431302627159583,4.80030972224383,1137.2521050863834,2.8431302627159583,-121.89585829049936
Part 43,LSTM,12,6.186615129311879,8.013425723700944,2474.6460517247515,6.019948462645213,-341.47995642278397
Part 43,Related LightGBM,12,5.173903723397005,8.15656028855401,2069.5614893588017,5.173903723397005,-353.82387061768674
Part 44,Last Value,12,0.4166666666666667,1.4433756729740645,100.0,-0.4166666666666667,-0.09090909090909105
Part 44,3-day Moving Average,12,0.4166666666666667,1.4433756729740645,100.0,-0.4166666666666667,-0.09090909090909105
Part 44,7-day Moving Average,12,0.6666666666666666,1.6832508230603465,160.0,-0.16666666666666666,-0.48363636363636386
Part 44,D+3 Plan Reference,12,0.4166666666666667,1.4433756729740645,100.0,0.4166666666666667,-0.09090909090909105
Part 44,XGBoost,12,5.371693253517151,6.575937138366011,1289.2063808441162,5.371693253517151,-21.643580696999116
Part 44,LightGBM,12,4.8219848135600865,7.934806385863308,1157.2763552544209,4.478554187886523,-31.968748883213628
Part 44,CatBoost,12,2.1327832440138286,3.1684380044315703,511.8679785633189,1.467739732855401,-4.256785134041414
Part 44,LSTM,12,5.121439258257548,6.725506396716605,1229.1454219818115,4.521333813667297,-22.685348458500872
Part 44,Related LightGBM,12,5.338284500256141,8.595323675984117,1281.188280061474,4.949501771562237,-37.68603938061953
Part 46,Last Value,12,1.5833333333333333,2.3979157616563596,126.66666666666666,0.5833333333333334,-0.903448275862069
Part 46,3-day Moving Average,12,1.833333333333333,2.16452885986424,146.66666666666663,1.0000000000000002,-0.5509578544061304
Part 46,7-day Moving Average,12,2.2261904761904763,2.4099425572514583,178.0952380952381,1.773809523809524,-0.9225897255453901
Part 46,D+3 Plan Reference,12,1.1666666666666667,2.1213203435596424,93.33333333333333,-1.1666666666666667,-0.4896551724137932
Part 46,XGBoost,12,5.893291890621185,6.7205398481172205,471.4633512496948,5.63984348376592,-13.951389522802128
Part 46,LightGBM,12,5.075718723037817,7.138330842696218,406.05749784302543,4.406666081509623,-15.868116045171234
Part 46,CatBoost,12,2.478016182639903,2.7794404853631196,198.24129461119222,2.0360063133924577,-1.5573371845546724
Part 46,LSTM,12,3.0324213430285454,4.678535101488457,242.5937074422836,1.4857801670829456,-6.245911402767317
Part 46,Related LightGBM,12,5.718383355872205,7.8710725314371865,457.47066846977634,5.052366767410178,-19.508838442530756
Part 47,Last Value,12,13.833333333333334,19.196353820452465,71.55172413793103,-6.666666666666667,-0.9577922077922076
Part 47,3-day Moving Average,12,15.33333333333333,18.726590324594202,79.31034482758619,-7.833333333333333,-0.8631444313262495
Part 47,7-day Moving Average,12,14.05952380952381,16.44755631829657,72.7216748768473,-8.535714285714285,-0.43724851215574767
Part 47,D+3 Plan Reference,12,7.75,10.843584893075414,40.08620689655172,-7.083333333333333,0.3752951593860686
Part 47,XGBoost,12,8.565188725789389,11.451962371544274,44.30270030580718,-4.77843713760376,0.3032308267807594
Part 47,LightGBM,12,5.904673449405401,7.3606413110703155,30.541414393476213,0.7813770022952854,0.7121538579739585
Part 47,CatBoost,12,9.62693158996127,11.084267680967956,49.79447374117898,-6.083811707097488,0.34725566103296535
Part 47,LSTM,12,15.875262101491293,19.39477994821038,82.11342466288599,-11.864476044972738,-0.9984754446018482
Part 47,Related LightGBM,12,6.483966310492032,8.154441383688189,33.53775677840706,-1.1604535450525322,0.6467212346398709
Part 48,Last Value,12,3.25,5.299371031861549,118.18181818181819,3.25,-0.3575025176233635
Part 48,3-day Moving Average,12,4.194444444444445,6.042289239953617,152.52525252525254,4.194444444444445,-0.764798030659058
Part 48,7-day Moving Average,12,6.571428571428572,7.436122535794238,238.96103896103895,5.095238095238096,-1.6729144830137495
Part 48,D+3 Plan Reference,12,2.75,5.315072906367325,100.0,-2.75,-0.3655589123867069
Part 48,XGBoost,12,6.053167343139648,6.948727938446058,220.11517611416903,6.053167343139648,-1.3340094241711564
Part 48,LightGBM,12,4.207832941553497,6.092533463087006,153.0121069655817,4.207832941553497,-0.794270163085677
Part 48,CatBoost,12,4.544089110264526,5.401029904276116,165.23960400961911,3.582656317197267,-0.41008454510621695
Part 48,LSTM,12,1.7094083751241367,3.0238452100142648,62.1603045499686,-0.47719384481509525,0.5580113665679172
Part 48,Related LightGBM,12,4.976316186365121,6.487050857758866,180.95695223145896,4.976316186365121,-1.0341669525631438
Part 49,Last Value,12,17.583333333333332,20.98610651518444,115.93406593406594,-4.083333333333333,-1.6350340701346187
Part 49,3-day Moving Average,12,14.638888888888888,16.59735588044741,96.52014652014651,-5.083333333333333,-0.6481635366461693
Part 49,7-day Moving Average,12,13.27380952380952,14.79778665192597,87.51962323390893,-5.94047619047619,-0.3101348899207348
Part 49,D+3 Plan Reference,12,8.75,13.487648670790126,57.692307692307686,-4.416666666666667,-0.08841615422968263
Part 49,XGBoost,12,10.82107541958491,11.660951162530315,71.34775001924116,-0.9359547098477682,0.18643839911301063
Part 49,LightGBM,12,10.964700945189781,12.3149990883403,72.2947315067458,3.7228169589422087,0.09261570688888021
Part 49,CatBoost,12,10.61424639241126,11.999531520101682,69.98404214776656,-2.6579698984499056,0.13850835278894857
Part 49,LSTM,12,15.880634297927221,18.08155994826292,104.70747888743222,-9.816606829563776,-0.9561145364557964
Part 49,Related LightGBM,12,10.469987478715803,11.664505400443787,69.03288447504924,2.14479567940679,0.18594237917045686
Part 5,Last Value,12,35.833333333333336,45.22351895492728,40.07455731593662,13.166666666666666,-0.8825003355854848
Part 5,3-day Moving Average,12,27.222222222222225,33.7775950287454,30.444237340789066,13.555555555555557,-0.05018015081105176
Part 5,7-day Moving Average,12,32.36904761904762,37.26639254885616,36.20023964851551,10.369047619047619,-0.2783243606884529
Part 5,D+3 Plan Reference,12,70.41666666666667,85.59935747422406,78.75116495806151,-47.916666666666664,-5.744462839500649
Part 5,XGBoost,12,45.267834981282554,53.551348684622205,50.62572411699819,0.576043446858724,-1.6396550834210948
Part 5,LightGBM,12,54.660273862335835,66.09122932302519,61.12984961305033,-23.441035197160165,-3.0206291457830226
Part 5,CatBoost,12,39.24187877272676,45.40553876384014,43.886537304074665,10.129195933049886,-0.8976845551579868
Part 5,LSTM,12,27.378316243489582,34.66072594265562,30.618806609680803,15.310353597005209,-0.10581293438217587
Part 5,Related LightGBM,12,57.222718826299776,67.12016498174764,63.99558489427748,-21.81332257827566,-3.1467932908055403
Part 50,Last Value,12,44.583333333333336,54.31927220916471,80.93797276853253,-4.583333333333333,-1.9439798230358294
Part 50,3-day Moving Average,12,37.97222222222222,47.0197948858894,68.93595562279376,-2.2500000000000036,-1.2059131254200648
Part 50,7-day Moving Average,12,32.6904761904762,38.32105689253031,59.34730927166632,-3.8571428571428563,-0.46521683859065033
Part 50,D+3 Plan Reference,12,36.333333333333336,51.91499462262003,65.9606656580938,-33.5,-1.689134787940938
Part 50,XGBoost,12,32.76474110285441,40.224644547935775,59.48213210805642,-2.501820723215739,-0.6144008382386745
Part 50,LightGBM,12,35.308507980728784,41.154624372128794,64.10016577439417,-11.090833749330072,-0.6899125395008869
Part 50,CatBoost,12,35.09038680514777,40.55955281623652,63.70418179451941,-0.8070417937420681,-0.6413955831713827
Part 50,LSTM,12,32.19540421168009,38.27137020825351,58.44854017249034,-3.986842632293701,-0.46141973196840413
Part 50,Related LightGBM,12,35.59308632160715,41.69106618950898,64.61679816328076,-13.473332030380496,-0.7342549697733192
Part 51,Last Value,12,43.333333333333336,56.85068161420758,57.0801317233809,0.3333333333333333,-1.3757548532662245
Part 51,3-day Moving Average,12,35.16666666666667,48.510021874064556,46.32272228320527,-0.3888888888888875,-0.7297893302160807
Part 51,7-day Moving Average,12,35.107142857142854,45.811707947139595,46.244315508859955,-1.9642857142857142,-0.5427062529410458
Part 51,D+3 Plan Reference,12,43.333333333333336,63.29296959378664,57.0801317233809,-41.166666666666664,-1.9447010959729254
Part 51,XGBoost,12,37.735080083211265,45.653347209722845,49.70592327096983,-6.104384740193685,-0.532059112343694
Part 51,LightGBM,12,38.80797556362713,49.37785329713865,51.11917747129808,-18.783022927239532,-0.7922338810185836
Part 51,CatBoost,12,38.609542017244756,46.573562565865366,50.857794095163236,-3.4862718315603836,-0.5944437140109287
Part 51,LSTM,12,31.16141160329183,39.444022086231946,41.0468649000551,-0.5417636235555013,-0.14364875002342115
Part 51,Related LightGBM,12,41.916438797387606,50.29542468399152,55.21375033684427,-18.876464000883928,-0.8594616774797281
Part 52,Last Value,12,5.583333333333333,7.68656837173347,62.03703703703704,1.0833333333333333,-0.1472491909385114
Part 52,3-day Moving Average,12,4.888888888888889,7.205964607595982,54.320987654320994,1.1111111111111112,-0.00827040632865872
Part 52,7-day Moving Average,12,5.7976190476190474,7.249090958726561,64.41798941798942,1.916666666666667,-0.020375140347401288
Part 52,D+3 Plan Reference,12,6.75,9.105858919765158,75.0,-6.25,-0.610032362459547
Part 52,XGBoost,12,5.022256215413411,5.844741734548965,55.802846837926786,2.137025753657023,0.3366794962411953
Part 52,LightGBM,12,5.634282461358318,6.5546557434114066,62.603138459536865,2.5665971263325775,0.16575705020123999
Part 52,CatBoost,12,4.274196322825852,5.688932052332819,47.49107025362058,0.349408669901754,0.37157382726097654
Part 52,LSTM,12,8.65367848177751,10.403400199117181,96.15198313086121,0.8118731031815211,-1.101567683553231
Part 52,Related LightGBM,12,5.468599208408122,6.201878758716153,60.762213426756915,3.011064854518119,0.2531398031492309
Part 53,Last Value,12,50.75,66.06120899085433,56.86274509803921,-17.083333333333332,-0.5892389745768498
Part 53,3-day Moving Average,12,51.72222222222223,71.12300247797108,57.95206971677561,-17.722222222222218,-0.8421132935619808
Part 53,7-day Moving Average,12,42.60714285714286,55.56562890534272,47.73909563825531,-13.98809523809524,-0.1243684236358702
Part 53,D+3 Plan Reference,12,52.333333333333336,65.88373597988101,58.63678804855276,-47.833333333333336,-0.5807114840413021
Part 53,XGBoost,12,42.24565347035726,50.867711768136054,47.33406551300533,-11.365657488505045,0.057718692765622914
Part 53,LightGBM,12,44.565053778272556,51.49601880259329,49.93283336501127,-23.774998743652844,0.03429722006222624
Part 53,CatBoost,12,39.423147921713024,48.01931153872732,44.17159431004261,-11.110517402629752,0.160292503005403
Part 53,LSTM,12,39.30778566996256,49.45712886243754,44.042336885112114,-14.549029668172201,0.10925380986764088
Part 53,Related LightGBM,12,43.75110235906261,52.29710471836253,49.020842979341865,-27.335309484877616,0.004018058157469584
Part 54,Last Value,12,57.333333333333336,86.36936185168133,52.04236006051437,-16.333333333333332,-0.7606818554335353
Part 54,3-day Moving Average,12,67.66666666666667,85.0382266983502,61.42208774583964,-18.0,-0.706828388788723
Part 54,7-day Moving Average,12,68.53571428571428,78.61690242523407,62.21093581154095,-17.58333333333333,-0.4587918340586521
Part 54,D+3 Plan Reference,12,49.666666666666664,68.14323150541072,45.08320726172466,-49.666666666666664,-0.09599082117685609
Part 54,XGBoost,12,52.66080093383789,56.49340524094397,47.80102959198598,-8.205875396728516,0.24671906844235003
Part 54,LightGBM,12,55.15918171960374,65.00244469281914,50.0688487621214,-33.822277108368354,0.002711415325039046
Part 54,CatBoost,12,54.9210913131379,60.242429047419954,49.8527303901403,-2.1955209207577737,0.14342298461758163
Part 54,LSTM,12,50.10013294219971,56.872965498188506,45.47667135449293,-9.971132596333822,0.2365629807304176
Part 54,Related LightGBM,12,55.17607901107825,64.40322976293713,50.084186696894015,-34.636950359115936,0.021013367380323777
Part 55,Last Value,12,5.166666666666667,7.472170590486631,106.89655172413792,1.3333333333333333,-0.7372515125324111
Part 55,3-day Moving Average,12,6.527777777777776,7.517264080718414,135.0574712643678,2.861111111111111,-0.758282915586286
Part 55,7-day Moving Average,12,5.845238095238096,6.77065999254828,120.93596059113302,5.202380952380952,-0.42636657082884977
Part 55,D+3 Plan Reference,12,4.666666666666667,7.314369419163897,96.55172413793103,-3.8333333333333335,-0.6646499567847879
Part 55,XGBoost,12,5.411346832911174,5.964772666152961,111.95889999126565,4.114689588546753,-0.10702373942945353
Part 55,LightGBM,12,4.650486050960391,5.5509885021748255,96.21695277849086,3.6703647453652635,0.04124024144686622
Part 55,CatBoost,12,5.003506952319316,5.651319342916528,103.52083349626172,2.592748194245221,0.006268996229550905
Part 55,LSTM,12,8.971251378456751,10.315446863850392,185.61209748531212,0.10216306646664937,-2.3108936767788686
Part 55,Related LightGBM,12,4.863672977566535,5.63652070375158,100.62771677723865,4.276697392251555,0.011466583251921403
Part 56,Last Value,12,104.16666666666667,126.94027467015081,76.49938800489596,-17.666666666666668,-1.8118737972787597
Part 56,3-day Moving Average,12,89.30555555555556,105.70876308325904,65.58547531619747,-17.97222222222222,-0.9499296342434829
Part 56,7-day Moving Average,12,64.38095238095238,81.30995956098812,47.280993180625984,-19.809523809523807,-0.1536775657995415
Part 56,D+3 Plan Reference,12,79.16666666666667,108.76733578300671,58.139534883720934,-78.33333333333333,-1.064400420740367
Part 56,XGBoost,12,74.88678550720215,94.05672108880688,54.99641530516681,-25.594655990600586,-0.5437487780167711
Part 56,LightGBM,12,74.2129842087676,95.85727476480857,54.50157959028219,-47.70399760770855,-0.603419322608475
Part 56,CatBoost,12,65.68089608761031,88.35181901559407,48.2356642014274,-8.306837644854197,-0.3621594511040289
Part 56,LSTM,12,62.90178680419922,85.96538157490777,46.19470267138254,-12.33660888671875,-0.2895677031138746
Part 56,Related LightGBM,12,72.56822672636794,93.91322478795317,53.29367935840974,-47.99394052737522,-0.5390419743901655
Part 57,Last Value,12,16.5,21.106870919205434,90.0,4.833333333333333,-0.7119982920580696
Part 57,3-day Moving Average,12,17.638888888888886,21.741537306373814,96.21212121212119,5.305555555555555,-0.8165029888983766
Part 57,7-day Moving Average,12,17.964285714285715,21.616831751345675,97.98701298701299,6.773809523809523,-0.7957244810819286
Part 57,D+3 Plan Reference,12,16.0,23.305936296717768,87.27272727272727,-14.333333333333334,-1.0873185311699398
Part 57,XGBoost,12,15.718199094136557,18.844762706933007,85.73563142256303,3.630188465118408,-0.3646992883541915
Part 57,LightGBM,12,16.976941178120462,21.685586743324453,92.60149733520252,0.6751237296809746,-0.8071656924083019
Part 57,CatBoost,12,18.347588198272263,23.141227622933126,100.07775380875779,4.3219342504211395,-1.0579196170228977
Part 57,LSTM,12,16.57289644082387,18.586677240147658,90.3976169499484,10.695240060488382,-0.3275752081403953
Part 57,Related LightGBM,12,15.98466450416074,19.706995408099832,87.18907911360404,0.6811455121930022,-0.49243851927148197
Part 58,Last Value,12,32.333333333333336,39.63584236521283,109.29577464788733,-0.6666666666666666,-1.9928956037413834
Part 58,3-day Moving Average,12,29.722222222222225,36.02391181177056,100.46948356807512,0.5555555555555557,-1.4722769788455685
Part 58,7-day Moving Average,12,22.0,26.062979713851327,74.36619718309859,2.2142857142857135,-0.2940871216651817
Part 58,D+3 Plan Reference,12,22.833333333333332,34.53018003621373,77.1830985915493,-16.5,-1.27150171325757
Part 58,XGBoost,12,25.977824926376343,31.720522438393704,87.8123659483144,-0.18832914034525552,-0.9168849445289258
Part 58,LightGBM,12,24.67335542727126,30.18887905613921,83.40289158514229,-1.5932498685184733,-0.7362384045924943
Part 58,CatBoost,12,21.83317863932616,28.13910955856702,73.80229399208844,1.1637873935217928,-0.5084679388236264
Part 58,LSTM,12,23.96310822168986,30.196579810017756,81.00205596064178,-0.9563724199930826,-0.7371242970362515
Part 58,Related LightGBM,12,21.146699603317444,29.427744355728517,71.48180147600263,-4.8022269147862415,-0.649792528513105
Part 59,Last Value,12,14.166666666666666,16.941074346097416,83.33333333333334,-5.833333333333333,-1.2717678100263852
Part 59,3-day Moving Average,12,13.055555555555555,15.02097299210772,76.79738562091502,-6.277777777777778,-0.7859865142187039
Part 59,7-day Moving Average,12,11.5,12.473782028528401,67.64705882352942,-6.357142857142858,-0.2316245759517528
Part 59,D+3 Plan Reference,12,7.916666666666667,11.071735786828247,46.568627450980394,-6.75,0.02968337730870707
Part 59,XGBoost,12,9.519331614176432,10.999728382988133,55.9960683186849,-3.1104100545247397,0.04226365831518686
Part 59,LightGBM,12,11.014109251464683,12.372610427678396,64.78887794979225,0.16052540767318035,-0.21172682423558986
Part 59,CatBoost,12,9.59364685981453,11.397573495222293,56.43321682243842,-5.299005218182859,-0.02826924732712688
Part 59,LSTM,12,20.69366705417633,24.76038692867364,121.72745325986077,2.98075004418691,-3.8528503497965634
Part 59,Related LightGBM,12,8.229924441525025,9.94147167192317,48.41132024426486,-0.13121979506068548,0.2176818548523679
Part 6,Last Value,12,13.333333333333334,15.556349186104045,12.441679626749611,4.166666666666667,-2.0904576090812346
Part 6,3-day Moving Average,12,12.166666666666666,13.690358867682246,11.35303265940902,4.944444444444444,-1.393520160813527
Part 6,7-day Moving Average,12,12.70238095238095,16.005260614777217,11.852921572983782,-1.8214285714285718,-2.271394545757288
Part 6,D+3 Plan Reference,12,63.833333333333336,77.75602870517501,59.56454121306376,-63.833333333333336,-76.2103582830791
Part 6,XGBoost,12,20.084758758544922,31.992614484093046,18.74161003907769,-8.190013885498047,-12.070942084072653
Part 6,LightGBM,12,41.869103555752055,55.078679776955056,39.069147952490255,-30.564468085595394,-37.74132485810745
Part 6,CatBoost,12,24.426892386754407,26.411142686094195,22.79336770148156,7.312841796672529,-7.908032808608787
Part 6,LSTM,12,15.494407018025717,19.75522260878027,14.458233609355256,-3.1548659006754556,-3.983922501457493
Part 6,Related LightGBM,12,45.23683863960966,56.30812218976302,42.21166902607433,-29.55723857288036,-39.49016193094791
Part 60,Last Value,12,337.8333333333333,465.0019713219863,53.30703484549638,-22.833333333333332,-1.5163423397169127
Part 60,3-day Moving Average,12,294.0,410.62371258042725,46.3905325443787,-14.333333333333343,-0.9622222119855217
Part 60,7-day Moving Average,12,242.2380952380952,331.0730338482683,38.22297360758899,-2.357142857142833,-0.2755801553248616
Part 60,D+3 Plan Reference,12,356.5,501.54345109205974,56.252465483234715,-356.5,-1.9273676214841076
Part 60,XGBoost,12,340.07471402486163,423.9770137471957,53.66070438262117,-73.99333381652832,-1.0919184978802785
Part 60,LightGBM,12,472.540406265593,547.424405540746,74.56258875985688,-215.2704306661153,-2.4874536783432153
Part 60,CatBoost,12,390.97266688781264,479.14590373619313,61.6919395483728,-168.09422068073155,-1.6717492511926184
Part 60,LSTM,12,307.476801554362,364.1394130797939,48.51704955492891,-105.93107604980469,-0.5431051217874454
Part 60,Related LightGBM,12,455.873751476214,533.4536462719865,71.93274185029018,-233.08971010860637,-2.3117192534153386
Part 61,Last Value,12,42.5,50.555250304328766,83.46972176759411,-7.166666666666667,-1.6755843117298537
Part 61,3-day Moving Average,12,31.38888888888889,39.57926879716853,61.647572285870154,-8.833333333333332,-0.6399161547502212
Part 61,7-day Moving Average,12,30.39285714285714,34.48718089752341,59.69137245732989,-9.821428571428571,-0.2450921672147468
Part 61,D+3 Plan Reference,12,28.416666666666668,39.894652941632835,55.810147299509005,-28.416666666666668,-0.6661553560394025
Part 61,XGBoost,12,26.82873551050822,33.06908489923826,52.691460904435125,-5.424495220184326,-0.14480222568802348
Part 61,LightGBM,12,26.006520376806293,32.06550896760342,51.07663576459501,-10.16409179659752,-0.07637198655526589
Part 61,CatBoost,12,28.227830827366947,32.457474873223454,55.439274947365526,-5.9066782622052125,-0.1028477715896492
Part 61,LSTM,12,33.50238370895386,37.98092741147295,65.79846227617779,-13.3233110109965,-0.5101401037630267
Part 61,Related LightGBM,12,28.808672777915252,34.59459348706116,56.58004473567644,-13.006363651903543,-0.25286008788515213
Part 62,Last Value,12,73.08333333333333,92.43871843911872,64.67551622418878,-19.916666666666668,-1.8106737569212212
Part 62,3-day Moving Average,12,75.30555555555556,86.36223240042597,66.64208456243854,-28.027777777777782,-1.4532981257119189
Part 62,7-day Moving Average,12,76.13095238095238,83.22329810178623,67.3725242309313,-40.345238095238095,-1.2782031731611565
Part 62,D+3 Plan Reference,12,59.666666666666664,84.94606131736381,52.8023598820059,-59.666666666666664,-1.3734992599089964
Part 62,XGBoost,12,58.94773499170939,71.1898057537095,52.16613716080477,-21.627837022145588,-0.6670100684998272
Part 62,LightGBM,12,59.34708955496145,72.35724264265899,52.519548278726944,-37.48772165992481,-0.722132743659436
Part 62,CatBoost,12,61.17774482319208,74.08660993481523,54.139597188665554,-24.199747195386095,-0.805435811073997
Part 62,LSTM,12,65.34794867038727,71.8057224287106,57.83004307113917,-32.87272894382477,-0.6959799704541523
Part 62,Related LightGBM,12,54.26410009397201,70.41520214669828,48.021327516789384,-35.74182773894628,-0.630930549869102
Part 63,Last Value,12,115.08333333333333,148.22758402762514,62.34762979683973,-28.75,-1.6074469899942563
Part 63,3-day Moving Average,12,105.77777777777777,136.8234195894407,57.30624529721595,-27.666666666666668,-1.221663646235697
Part 63,7-day Moving Average,12,83.3690476190476,101.53457740180565,45.16607545952918,-22.84523809523809,-0.22344755928204418
Part 63,D+3 Plan Reference,12,97.66666666666667,138.2967823197633,52.91196388261851,-97.66666666666667,-1.269768576474593
Part 63,XGBoost,12,94.3293228149414,109.5418353230543,51.103922066785415,-30.416666666666668,-0.4240244756077025
Part 63,LightGBM,12,117.36797435562947,133.3030525278242,63.585358567383906,-68.858797530681,-1.1088107983134736
Part 63,CatBoost,12,90.05869962096408,111.25215748553462,48.79026616034171,-21.049213867893513,-0.4688393934305526
Part 63,LSTM,12,64.64798037211101,86.05672694785305,35.023736544710246,-7.3708451588948565,0.12112507021266905
Part 63,Related LightGBM,12,111.39037579658786,127.96940344935801,60.34693045413337,-69.99874123658883,-0.9434336519380428
Part 64,Last Value,12,24.0,29.802125203862,65.3061224489796,2.1666666666666665,-1.0276813317479192
Part 64,3-day Moving Average,12,17.083333333333332,26.01762223314549,46.48526077097506,2.25,-0.5453983353151011
Part 64,7-day Moving Average,12,19.749999999999996,25.316869426353257,53.74149659863945,1.1785714285714277,-0.46327258608556354
Part 64,D+3 Plan Reference,12,24.666666666666668,34.251520647508,67.12018140589569,-18.833333333333332,-1.6783353151010703
Part 64,XGBoost,12,19.487964471181233,23.10910258892641,53.02847475151356,0.5467626253763834,-0.21919000610440986
Part 64,LightGBM,12,22.795768990703678,26.6727793039799,62.029303376064426,-4.8413414747512356,-0.6242084888629389
Part 64,CatBoost,12,20.4127768380141,24.67602265262152,55.54497098779348,2.2101552831447897,-0.39013044041517886
Part 64,LSTM,12,24.17578363418579,29.23433167524598,65.78444526309059,-3.550581455230713,-0.9511541083433028
Part 64,Related LightGBM,12,22.296362379533903,26.56082664465841,60.670373821860956,-4.591200629890136,-0.6106026434380314
Part 65,Last Value,12,174.0,242.90910508528356,55.04877405747429,-34.333333333333336,-1.5778599507831705
Part 65,3-day Moving Average,12,167.30555555555554,210.90007727023854,52.930837507689596,-33.52777777777778,-0.9432344860443598
Part 65,7-day Moving Average,12,135.17857142857142,163.10246247468527,42.76675078151481,-29.559523809523814,-0.1622318355414205
Part 65,D+3 Plan Reference,12,169.41666666666666,233.28398287637896,53.598734510941206,-169.41666666666666,-1.377615231914059
Part 65,XGBoost,12,151.31691296895346,180.14290432419057,47.872474443117355,-51.94254366556803,-0.4177708801787863
Part 65,LightGBM,12,202.0717376738851,241.38164386327009,63.9298932793731,-95.18149511265771,-1.545541681289436
Part 65,CatBoost,12,177.01514646698396,212.66543555990287,56.00268277363056,-60.65609380474981,-0.9759026844716931
Part 65,LSTM,12,107.2053820292155,142.61824633689216,33.91680950041091,-5.937264760335286,0.1113680673421954
Part 65,Related LightGBM,12,197.37441254302766,232.69692668184538,62.443789889700284,-116.83276390849424,-1.3656638112956485
Part 66,Last Value,12,337.8333333333333,465.0019713219863,53.30703484549638,-22.833333333333332,-1.5163423397169127
Part 66,3-day Moving Average,12,294.0,410.62371258042725,46.3905325443787,-14.333333333333343,-0.9622222119855217
Part 66,7-day Moving Average,12,242.2380952380952,331.0730338482683,38.22297360758899,-2.357142857142833,-0.2755801553248616
Part 66,D+3 Plan Reference,12,356.5,501.54345109205974,56.252465483234715,-356.5,-1.9273676214841076
Part 66,XGBoost,12,340.07471402486163,423.9770137471957,53.66070438262117,-73.99333381652832,-1.0919184978802785
Part 66,LightGBM,12,472.540406265593,547.424405540746,74.56258875985688,-215.2704306661153,-2.4874536783432153
Part 66,CatBoost,12,390.97266688781264,479.14590373619313,61.6919395483728,-168.09422068073155,-1.6717492511926184
Part 66,LSTM,12,283.7852783203125,344.36818639797923,44.77874214127219,-79.3513692220052,-0.38008610656750896
Part 66,Related LightGBM,12,455.873751476214,533.4536462719865,71.93274185029018,-233.08971010860637,-2.3117192534153386
Part 67,Last Value,12,42.5,50.555250304328766,83.46972176759411,-7.166666666666667,-1.6755843117298537
Part 67,3-day Moving Average,12,31.38888888888889,39.57926879716853,61.647572285870154,-8.833333333333332,-0.6399161547502212
Part 67,7-day Moving Average,12,30.39285714285714,34.48718089752341,59.69137245732989,-9.821428571428571,-0.2450921672147468
Part 67,D+3 Plan Reference,12,28.416666666666668,39.894652941632835,55.810147299509005,-28.416666666666668,-0.6661553560394025
Part 67,XGBoost,12,26.82873551050822,33.06908489923826,52.691460904435125,-5.424495220184326,-0.14480222568802348
Part 67,LightGBM,12,26.006520376806293,32.06550896760342,51.07663576459501,-10.16409179659752,-0.07637198655526589
Part 67,CatBoost,12,28.227830827366947,32.457474873223454,55.439274947365526,-5.9066782622052125,-0.1028477715896492
Part 67,LSTM,12,35.96504815419515,39.734558101849146,70.6351191244422,-14.93110720316569,-0.65280982506698
Part 67,Related LightGBM,12,28.808672777915252,34.59459348706116,56.58004473567644,-13.006363651903543,-0.25286008788515213
Part 68,Last Value,12,73.08333333333333,92.43871843911872,64.67551622418878,-19.916666666666668,-1.8106737569212212
Part 68,3-day Moving Average,12,75.30555555555556,86.36223240042597,66.64208456243854,-28.027777777777782,-1.4532981257119189
Part 68,7-day Moving Average,12,76.13095238095238,83.22329810178623,67.3725242309313,-40.345238095238095,-1.2782031731611565
Part 68,D+3 Plan Reference,12,59.666666666666664,84.94606131736381,52.8023598820059,-59.666666666666664,-1.3734992599089964
Part 68,XGBoost,12,58.94773499170939,71.1898057537095,52.16613716080477,-21.627837022145588,-0.6670100684998272
Part 68,LightGBM,12,59.34708955496145,72.35724264265899,52.519548278726944,-37.48772165992481,-0.722132743659436
Part 68,CatBoost,12,61.17774482319208,74.08660993481523,54.139597188665554,-24.199747195386095,-0.805435811073997
Part 68,LSTM,12,55.9315611521403,61.007476595365354,49.49695677180557,-27.546775182088215,-0.22424610510412313
Part 68,Related LightGBM,12,54.26410009397201,70.41520214669828,48.021327516789384,-35.74182773894628,-0.630930549869102
Part 69,Last Value,12,115.08333333333333,148.22758402762514,62.34762979683973,-28.75,-1.6074469899942563
Part 69,3-day Moving Average,12,105.77777777777777,136.8234195894407,57.30624529721595,-27.666666666666668,-1.221663646235697
Part 69,7-day Moving Average,12,83.3690476190476,101.53457740180565,45.16607545952918,-22.84523809523809,-0.22344755928204418
Part 69,D+3 Plan Reference,12,97.66666666666667,138.2967823197633,52.91196388261851,-97.66666666666667,-1.269768576474593
Part 69,XGBoost,12,94.3293228149414,109.5418353230543,51.103922066785415,-30.416666666666668,-0.4240244756077025
Part 69,LightGBM,12,117.36797435562947,133.3030525278242,63.585358567383906,-68.858797530681,-1.1088107983134736
Part 69,CatBoost,12,90.05869962096408,111.25215748553462,48.79026616034171,-21.049213867893513,-0.4688393934305526
Part 69,LSTM,12,62.37548319498698,82.71560515534833,33.792586832498586,4.759056091308594,0.18804430810288908
Part 69,Related LightGBM,12,111.39037579658786,127.96940344935801,60.34693045413337,-69.99874123658883,-0.9434336519380428
Part 7,Last Value,12,0.8333333333333334,2.041241452319315,20.0,0.8333333333333334,-0.19999999999999996
Part 7,3-day Moving Average,12,0.8333333333333334,2.041241452319315,20.0,0.8333333333333334,-0.19999999999999996
Part 7,7-day Moving Average,12,1.130952380952381,2.1329134365677285,27.142857142857142,0.5357142857142857,-0.310204081632653
Part 7,D+3 Plan Reference,12,4.0,4.242640687119285,96.0,-3.6666666666666665,-4.183999999999999
Part 7,XGBoost,12,3.4299718936284385,4.441669391546419,82.31932544708252,2.9319698413213096,-4.681786971334496
Part 7,LightGBM,12,4.040320490067232,5.668973279045078,96.96769176161357,3.9246582651548714,-8.255530315095806
Part 7,CatBoost,12,1.2111544520685198,2.143471630270272,29.067706849644477,0.6611555021176655,-0.32320754137476726
Part 7,LSTM,12,3.1243932445844016,3.688951440327494,74.98543787002563,-2.3031595746676126,-2.9192084659791555
Part 7,Related LightGBM,12,4.39318173876199,6.039446955693499,105.43636173028774,4.047868776662994,-9.504776824823017
Part 70,Last Value,12,24.0,29.802125203862,65.3061224489796,2.1666666666666665,-1.0276813317479192
Part 70,3-day Moving Average,12,17.083333333333332,26.01762223314549,46.48526077097506,2.25,-0.5453983353151011
Part 70,7-day Moving Average,12,19.749999999999996,25.316869426353257,53.74149659863945,1.1785714285714277,-0.46327258608556354
Part 70,D+3 Plan Reference,12,24.666666666666668,34.251520647508,67.12018140589569,-18.833333333333332,-1.6783353151010703
Part 70,XGBoost,12,19.487964471181233,23.10910258892641,53.02847475151356,0.5467626253763834,-0.21919000610440986
Part 70,LightGBM,12,22.795768990703678,26.6727793039799,62.029303376064426,-4.8413414747512356,-0.6242084888629389
Part 70,CatBoost,12,20.4127768380141,24.67602265262152,55.54497098779348,2.2101552831447897,-0.39013044041517886
Part 70,LSTM,12,17.884854316711426,24.25510186427086,48.6662702495549,-1.3456284205118816,-0.3431095547878942
Part 70,Related LightGBM,12,22.296362379533903,26.56082664465841,60.670373821860956,-4.591200629890136,-0.6106026434380314
Part 71,Last Value,12,174.0,242.90910508528356,55.04877405747429,-34.333333333333336,-1.5778599507831705
Part 71,3-day Moving Average,12,167.30555555555554,210.90007727023854,52.930837507689596,-33.52777777777778,-0.9432344860443598
Part 71,7-day Moving Average,12,135.17857142857142,163.10246247468527,42.76675078151481,-29.559523809523814,-0.1622318355414205
Part 71,D+3 Plan Reference,12,169.41666666666666,233.28398287637896,53.598734510941206,-169.41666666666666,-1.377615231914059
Part 71,XGBoost,12,151.31691296895346,180.14290432419057,47.872474443117355,-51.94254366556803,-0.4177708801787863
Part 71,LightGBM,12,202.0717376738851,241.38164386327009,63.9298932793731,-95.18149511265771,-1.545541681289436
Part 71,CatBoost,12,177.01514646698396,212.66543555990287,56.00268277363056,-60.65609380474981,-0.9759026844716931
Part 71,LSTM,12,100.83097966512044,137.08914476962104,31.90012538838506,1.6123898824055989,0.1789343836176337
Part 71,Related LightGBM,12,197.37441254302766,232.69692668184538,62.443789889700284,-116.83276390849424,-1.3656638112956485
Part 72,Last Value,12,18.5,22.80350850198276,75.0,-1.0,-1.9789942711648632
Part 72,3-day Moving Average,12,13.75,15.925462956233654,55.74324324324324,-2.805555555555556,-0.45294928920008504
Part 72,7-day Moving Average,12,14.642857142857144,16.605465865149327,59.36293436293436,-5.000000000000001,-0.5796775744034091
Part 72,D+3 Plan Reference,12,18.333333333333332,22.82177322938192,74.32432432432432,-8.0,-1.9837683004455764
Part 72,XGBoost,12,13.623730977376303,16.40252294820458,55.23134180017419,-1.4638671875,-0.5413016114560161
Part 72,LightGBM,12,11.825911346955898,15.798666005425792,47.9428838390104,-0.47342794870739774,-0.42990491913365325
Part 72,CatBoost,12,14.903473890921996,18.14975847808965,60.41948874698107,-3.5694414996992614,-0.8871569671017729
Part 72,LSTM,12,15.366038719813028,17.528571186109772,62.29475156680958,-3.7727369467417398,-0.7601892237037942
Part 72,Related LightGBM,12,14.496311387660846,19.274174511921835,58.7688299499764,0.13534165778704801,-1.128226752415122
Part 73,Last Value,12,52.333333333333336,66.53946197558258,68.63387978142077,-4.333333333333333,-1.8284333949984695
Part 73,3-day Moving Average,12,46.94444444444445,57.292297976319716,61.5664845173042,-1.4999999999999971,-1.0969103844385004
Part 73,7-day Moving Average,12,30.333333333333332,41.68243239145272,39.78142076502732,1.9047619047619075,-0.10992464648928357
Part 73,D+3 Plan Reference,12,55.166666666666664,69.30728677419135,72.34972677595628,-46.5,-2.068634627413924
Part 73,XGBoost,12,40.94162400563558,54.0226481154993,53.69393312214502,-3.069324811299642,-0.8644001284551004
Part 73,LightGBM,12,44.87135752421664,55.08878709498662,58.84768199897265,-14.688932103257578,-0.9387142719651393
Part 73,CatBoost,12,36.12860090799616,48.15575571275666,47.38177168261791,3.0633158094009025,-0.4814390619375457
Part 73,LSTM,12,33.17771689097086,42.277270126283305,43.51175985701097,-7.652045249938965,-0.14182950248046744
Part 73,Related LightGBM,12,42.10672017442611,55.00295190433083,55.22192809760801,-20.70570463637334,-0.9326774621441667
Part 74,Last Value,12,80.5,108.12261558064529,60.60225846925973,-16.166666666666668,-1.236286830149579
Part 74,3-day Moving Average,12,69.80555555555556,83.03463132934354,52.55123379339188,-17.194444444444446,-0.3189032652302135
Part 74,7-day Moving Average,12,72.1309523809524,80.02817318545614,54.301846208998036,-19.916666666666668,-0.22512450448975274
Part 74,D+3 Plan Reference,12,80.91666666666667,95.7944848795239,60.9159347553325,-56.916666666666664,-0.7553973272403627
Part 74,XGBoost,12,59.6137965520223,69.03277496849076,44.87864232272695,-16.38650671641032,0.08839839148431028
Part 74,LightGBM,12,74.01944362853422,81.28084405423402,55.7235460189718,-44.985270129110326,-0.26377811294706865
Part 74,CatBoost,12,54.11272847709203,65.06443505815142,40.73731127510065,-4.428126669049578,0.19019258992156796
Part 74,LSTM,12,62.785797119140625,75.79435254065343,47.26659758028152,-0.18438212076822916,-0.09892515515314937
Part 74,Related LightGBM,12,77.15597211271272,82.91078996391042,58.08479707356039,-46.4641500253612,-0.3149720626362449
Part 75,Last Value,12,95.83333333333333,117.23409629170744,70.8128078817734,5.833333333333333,-1.0553916966459234
Part 75,3-day Moving Average,12,109.8611111111111,119.93327620281512,81.17816091954022,10.305555555555564,-1.1511273031408287
Part 75,7-day Moving Average,12,111.78571428571429,118.54015651872152,82.60028149190711,21.404761904761912,-1.101443463702477
Part 75,D+3 Plan Reference,12,85.0,124.24639498458966,62.80788177339901,-44.5,-1.308629871802328
Part 75,XGBoost,12,89.18204339345296,106.98686350191997,65.89806162077805,2.75743834177653,-0.7117787432441751
Part 75,LightGBM,12,98.3718606345903,116.71096523795838,72.68856697137215,-36.75363850175493,-1.0370891677700147
Part 75,CatBoost,12,83.9423366204841,95.17048050969206,62.026357108732086,-3.972919525103624,-0.35453815179353887
Part 75,LSTM,12,83.764466603597,91.83495526750876,61.89492606177118,24.991200764973957,-0.26125457716150624
Part 75,Related LightGBM,12,94.25295417169377,115.97120863781447,69.64504002834515,-31.925353856293828,-1.011347381564451
Part 76,Last Value,12,8.583333333333334,10.128343069492331,103.0,0.5833333333333334,-1.4885444743935312
Part 76,3-day Moving Average,12,8.361111111111112,9.317943661241683,100.33333333333336,0.5277777777777781,-1.1062443845462715
Part 76,7-day Moving Average,12,8.428571428571429,9.516902257112267,101.14285714285714,-0.6190476190476192,-1.1971505583365425
Part 76,D+3 Plan Reference,12,7.833333333333333,9.974968671630002,94.0,-4.166666666666667,-1.413746630727763
Part 76,XGBoost,12,5.89430586496989,7.373531402559359,70.73167037963867,2.542541821797689,-0.31892368760312917
Part 76,LightGBM,12,6.3227437542278615,7.851903343752706,75.87292505073434,3.2574438224696345,-0.4956104449507128
Part 76,CatBoost,12,6.766504485523082,7.964671654287369,81.19805382627698,0.04737865582305215,-0.5388785742465723
Part 76,LSTM,12,6.672433892885844,7.920641504920937,80.06920671463013,-1.0862425565719604,-0.5219112038956495
Part 76,Related LightGBM,12,6.869733941609784,8.377198465604911,82.43680729931741,3.5973075132409655,-0.7024180247687317
Part 77,Last Value,12,50.916666666666664,63.5957283680804,70.06880733944955,-3.0833333333333335,-1.7811544926650371
Part 77,3-day Moving Average,12,42.61111111111111,53.92192572668445,58.63914373088684,-0.8333333333333343,-0.9994014873675636
Part 77,7-day Moving Average,12,30.238095238095237,40.96846306595348,41.612057667103535,2.1428571428571423,-0.15416677062022877
Part 77,D+3 Plan Reference,12,51.833333333333336,66.69207849012754,71.3302752293578,-43.166666666666664,-2.0585650977995114
Part 77,XGBoost,12,39.795068422953285,52.504407024221535,54.763855627917366,-2.3552236557006836,-0.8956612784754063
Part 77,LightGBM,12,42.53632798404499,53.009072510715704,58.53623117070411,-13.44663116047861,-0.9322781109426073
Part 77,CatBoost,12,36.74942019132293,48.229612038324014,50.57259659356367,2.722763680493538,-0.5995460953778455
Part 77,LSTM,12,32.42321809132894,39.740519041120066,44.61910746513157,-3.0559911727905273,-0.08601617381713322
Part 77,Related LightGBM,12,41.30977608885818,52.59541239340264,56.84831571861218,-18.96316382672741,-0.9022384354743913
Part 78,Last Value,12,51.833333333333336,66.01767440112786,68.2017543859649,-4.333333333333333,-1.8224500809498112
Part 78,3-day Moving Average,12,46.55555555555555,56.768535886234254,61.25730994152047,-1.5000000000000018,-1.086994063680518
Part 78,7-day Moving Average,12,30.03571428571428,41.308384779136844,39.52067669172932,1.940476190476191,-0.10505082767051777
Part 78,D+3 Plan Reference,12,54.916666666666664,68.87851624418168,72.25877192982456,-46.25,-2.072369131138694
Part 78,XGBoost,12,40.71106751759847,53.71119782452629,53.56719410210326,-2.877655347188314,-0.8682521997271868
Part 78,LightGBM,12,44.62135752421664,54.69890428521897,58.712312531864,-14.438932103257578,-0.937595335134515
Part 78,CatBoost,12,35.7789031212708,47.790287526642615,47.077504106935265,2.9673223670491375,-0.47905768929034376
Part 78,LSTM,12,36.16701475779215,43.88526217040106,47.58817731288442,-12.439253171284994,-0.24722044410027078
Part 78,Related LightGBM,12,42.01957650286907,54.62336416776167,55.28891645114351,-20.74331475666524,-0.932247326284237
Part 79,Last Value,12,3.5833333333333335,4.310839052125854,107.5,-1.25,-0.5853080568720381
Part 79,3-day Moving Average,12,3.944444444444444,5.01663898109747,118.33333333333331,-0.6666666666666666,-1.146919431279621
Part 79,7-day Moving Average,12,2.7261904761904763,3.8188130791298667,81.78571428571428,-0.20238095238095224,-0.24407582938388628
Part 79,D+3 Plan Reference,12,3.0833333333333335,4.133198922545748,92.5,-3.0833333333333335,-0.45734597156398116
Part 79,XGBoost,12,5.0631284813086195,6.6162196780505464,151.89385443925858,3.2806340157985687,-2.7343058336872947
Part 79,LightGBM,12,5.953874982960529,7.726354245783943,178.61624948881587,3.4863963324083707,-4.092596676607508
Part 79,CatBoost,12,2.8007733512636572,3.8977139554509517,84.02320053790972,0.926030223681869,-0.29601485030003727
Part 79,LSTM,12,6.584294597307841,10.127742892614267,197.52883791923523,1.8299527565638225,-7.750147724076674
Part 79,Related LightGBM,12,6.459142219734243,8.328627817624136,193.7742665920273,3.7706302035248775,-4.9174821982987975
Part 8,Last Value,12,0.8333333333333334,2.041241452319315,20.0,0.8333333333333334,-0.19999999999999996
Part 8,3-day Moving Average,12,0.8333333333333334,2.041241452319315,20.0,0.8333333333333334,-0.19999999999999996
Part 8,7-day Moving Average,12,1.130952380952381,2.1329134365677285,27.142857142857142,0.5357142857142857,-0.310204081632653
Part 8,D+3 Plan Reference,12,4.0,4.242640687119285,96.0,-3.6666666666666665,-4.183999999999999
Part 8,XGBoost,12,3.4299718936284385,4.441669391546419,82.31932544708252,2.9319698413213096,-4.681786971334496
Part 8,LightGBM,12,4.040320490067232,5.668973279045078,96.96769176161357,3.9246582651548714,-8.255530315095806
Part 8,CatBoost,12,1.2111544520685198,2.143471630270272,29.067706849644477,0.6611555021176655,-0.32320754137476726
Part 8,LSTM,12,4.419310646752517,6.614665140903448,106.0634555220604,1.9946194911996524,-11.601092938769566
Part 8,Related LightGBM,12,4.39318173876199,6.039446955693499,105.43636173028774,4.047868776662994,-9.504776824823017
Part 80,Last Value,12,97.83333333333333,123.36666216337919,61.36957658128593,0.3333333333333333,-1.3567573380362719
Part 80,3-day Moving Average,12,91.52777777777777,111.3296323403479,57.41418365568914,15.25,-0.9192908312408479
Part 80,7-day Moving Average,12,92.77380952380953,107.52829875904112,58.19580315137033,20.702380952380963,-0.7904606817805486
Part 80,D+3 Plan Reference,12,102.58333333333333,135.53689534587988,64.34918975431259,-56.916666666666664,-1.8446858046165509
Part 80,XGBoost,12,77.37759971618652,98.5402319703881,48.537961139270166,4.706296920776367,-0.5036487567315477
Part 80,LightGBM,12,102.2253216379445,119.25732709370376,64.12461367774878,-52.18276275060055,-1.20236543064365
Part 80,CatBoost,12,80.64739740320242,98.20367333694333,50.58906266797851,-1.603717565042113,-0.4933950412555408
Part 80,LSTM,12,59.99081675211588,81.33734343845069,37.6314584958385,29.184247334798176,-0.02446990855930342
Part 80,Related LightGBM,12,104.15489626189934,123.59484262831565,65.33501072361693,-37.55881506665615,-1.3654835741995859
Part 81,Last Value,12,128.75,174.77390156046374,53.57142857142857,1.9166666666666667,-1.3905915755056606
Part 81,3-day Moving Average,12,122.55555555555554,155.20034841503465,50.99398982894128,21.111111111111114,-0.8851139440106202
Part 81,7-day Moving Average,12,119.16666666666667,146.56808684578186,49.58391123439667,29.38095238095239,-0.6812452106531754
Part 81,D+3 Plan Reference,12,152.25,204.14802635995937,63.3495145631068,-91.08333333333333,-2.2616893337275426
Part 81,XGBoost,12,98.02052815755208,126.32917388893833,40.78524056486217,10.571052551269531,-0.24899164836914145
Part 81,LightGBM,12,158.91905937731906,185.79085518843056,66.12443524715079,-91.17022128758339,-1.701474606904775
Part 81,CatBoost,12,143.24356969383558,166.18474367915948,59.60204009452244,-27.03690516839599,-1.1613969050363604
Part 81,LSTM,12,79.77194086710612,115.14201388914384,33.19220840517592,15.817584991455078,-0.03757587316327338
Part 81,Related LightGBM,12,155.16847516686067,182.4227288327302,64.56385929272982,-79.31719506077631,-1.604414580714606
Part 82,Last Value,12,34.75,56.00372011453049,42.94541709577755,1.5833333333333333,-1.3684599692696562
Part 82,3-day Moving Average,12,31.63888888888889,48.60526949027464,39.100583590799864,5.86111111111111,-0.7840170747439574
Part 82,7-day Moving Average,12,28.6547619047619,43.690644867975934,35.412682065617176,8.678571428571427,-0.4414819401705441
Part 82,D+3 Plan Reference,12,50.833333333333336,70.40004734846893,62.82183316168898,-34.166666666666664,-2.7426412363457113
Part 82,XGBoost,12,36.43408807118734,50.161315887250844,45.02667938766715,3.299532890319824,-0.9000723477345085
Part 82,LightGBM,12,44.15692546221971,58.02133221072755,54.57086565876793,-12.995373343152993,-1.542188140903849
Part 82,CatBoost,12,31.983267184464438,46.80756711489612,39.526179836619285,14.836222017288895,-0.654491092117786
Part 82,LSTM,12,25.518773396809895,34.1497510256327,31.53710409492469,-0.8298492431640625,0.11934180797085836
Part 82,Related LightGBM,12,47.57154338326737,59.71896342905038,58.79078481969191,-10.832848500071476,-1.6931268984786754
Part 83,Last Value,12,6.666666666666667,8.534244742994739,60.150375939849624,-0.6666666666666666,-1.201973546084401
Part 83,3-day Moving Average,12,6.3055555555555545,6.920848802578203,56.892230576441094,-0.08333333333333244,-0.44810693540485724
Part 83,7-day Moving Average,12,5.3690476190476195,6.460107831706751,48.442534908700324,0.2738095238095246,-0.26171551971617957
Part 83,D+3 Plan Reference,12,7.916666666666667,9.278110439811186,71.42857142857143,-1.0833333333333333,-1.602561410875499
Part 83,XGBoost,12,5.262132128079732,5.772213586352363,47.477883862373524,1.1559768915176392,-0.007318235324752509
Part 83,LightGBM,12,4.48180455337534,5.770348964625992,40.437334316168474,3.185304249893784,-0.0066675441932979584
Part 83,CatBoost,12,3.5682226884657475,4.4116504372933765,32.19449042224735,-0.07669754241715454,0.4115845098372032
Part 83,LSTM,12,7.138500690460205,8.923810834979072,64.40752502670861,1.2356898784637451,-1.407590504695055
Part 83,Related LightGBM,12,5.493576539767723,7.583143819927062,49.56610411820502,4.710493033371793,-0.738523222316295
Part 84,Last Value,12,6.666666666666667,8.534244742994739,60.150375939849624,-0.6666666666666666,-1.201973546084401
Part 84,3-day Moving Average,12,6.3055555555555545,6.920848802578203,56.892230576441094,-0.08333333333333244,-0.44810693540485724
Part 84,7-day Moving Average,12,5.3690476190476195,6.460107831706751,48.442534908700324,0.2738095238095246,-0.26171551971617957
Part 84,D+3 Plan Reference,12,7.916666666666667,9.278110439811186,71.42857142857143,-1.0833333333333333,-1.602561410875499
Part 84,XGBoost,12,5.262132128079732,5.772213586352363,47.477883862373524,1.1559768915176392,-0.007318235324752509
Part 84,LightGBM,12,4.48180455337534,5.770348964625992,40.437334316168474,3.185304249893784,-0.0066675441932979584
Part 84,CatBoost,12,3.5682226884657475,4.4116504372933765,32.19449042224735,-0.07669754241715454,0.4115845098372032
Part 84,LSTM,12,7.835101286570231,8.827830091922428,70.69264318709983,-3.2050744692484536,-1.3560789659850023
Part 84,Related LightGBM,12,5.493576539767723,7.583143819927062,49.56610411820502,4.710493033371793,-0.738523222316295
Part 85,Last Value,12,5.0,6.442049363362563,50.847457627118644,-0.3333333333333333,-0.4081055607917061
Part 85,3-day Moving Average,12,5.361111111111111,6.21303885806711,54.519774011299425,-0.6388888888888892,-0.3097706566132583
Part 85,7-day Moving Average,12,4.583333333333333,5.418066276529916,46.61016949152542,-2.3214285714285716,0.003962376656600375
Part 85,D+3 Plan Reference,12,6.333333333333333,7.756717518813397,64.40677966101694,-6.333333333333333,-1.0414703110273331
Part 85,XGBoost,12,5.033872763315837,6.1013461852280075,51.19192640660173,0.9644490877787272,-0.263102082744457
Part 85,LightGBM,12,5.322873809844037,6.52467022216283,54.130920100108845,1.9534493944194844,-0.4444557721839968
Part 85,CatBoost,12,4.17207889050991,5.427109318509131,42.42792092043977,-1.2688516708607278,0.0006347219776142721
Part 85,LSTM,12,8.087632318337759,9.375599195616893,82.2471083220789,-7.587552845478058,-1.9825324881872541
Part 85,Related LightGBM,12,5.946537912851219,7.1075125792982154,60.47326691035138,2.910262762758,-0.7140456760940297
Part 86,Last Value,12,2.0833333333333335,2.7838821814150108,83.33333333333334,0.25,-1.657142857142857
Part 86,3-day Moving Average,12,1.9444444444444444,2.581988897471611,77.77777777777779,0.0,-1.2857142857142856
Part 86,7-day Moving Average,12,1.5119047619047619,1.9970215917949508,60.476190476190474,-0.5119047619047618,-0.3673469387755104
Part 86,D+3 Plan Reference,12,2.5,3.0276503540974917,100.0,-2.5,-2.142857142857143
Part 86,XGBoost,12,5.252028842767079,6.144712321407145,210.08115371068317,4.333338956038157,-11.945424975835238
Part 86,LightGBM,12,5.7833901388535045,7.331546784009572,231.3356055541402,3.7777081196775426,-17.429112541527235
Part 86,CatBoost,12,2.879548815764315,3.1541306910492732,115.18195263057261,1.0947354988223228,-2.410928142703646
Part 86,LSTM,12,2.6105672468741736,3.101270255081779,104.42268987496695,-1.8092107723156612,-2.297557895447429
Part 86,Related LightGBM,12,6.058904970033319,7.911752057984729,242.35619880133274,4.260962173133323,-20.4614242149802
Part 87,Last Value,12,6.5,7.745966692414834,51.31578947368421,0.16666666666666666,-1.1259842519685037
Part 87,3-day Moving Average,12,6.888888888888889,7.936087290439886,54.385964912280706,1.3888888888888895,-1.2316272965879267
Part 87,7-day Moving Average,12,6.142857142857142,7.121635140529873,48.49624060150376,3.023809523809524,-0.7970834002892493
Part 87,D+3 Plan Reference,12,8.666666666666666,11.16542281629615,68.42105263157895,-7.166666666666667,-3.4173228346456694
Part 87,XGBoost,12,4.820905367533366,5.353646884295803,38.05977921736868,0.22488832473754883,-0.01556619943138382
Part 87,LightGBM,12,5.448631586129429,5.813565325115368,43.01551252207444,0.6367662364119546,-0.19755069332462094
Part 87,CatBoost,12,5.4704732094727495,6.144188463903612,43.18794639057433,-1.2258297843234365,-0.3376356965342362
Part 87,LSTM,12,8.647716840108236,9.813602629084249,68.27144873769659,-2.023474852244059,-2.412445547457179
Part 87,Related LightGBM,12,4.731807209137146,5.471547213716456,37.35637270371431,1.7670683230732447,-0.06078921341478272
Part 88,Last Value,12,37.416666666666664,50.02416082920998,107.9326923076923,-1.75,-0.9623377189160929
Part 88,3-day Moving Average,12,44.47222222222222,52.35730165924364,128.2852564102564,-1.75,-1.1496543812262199
Part 88,7-day Moving Average,12,44.63095238095238,49.322708683087704,128.74313186813185,-2.8452380952380962,-0.9076907141701325
Part 88,D+3 Plan Reference,12,32.25,43.86247447040199,93.02884615384616,-27.916666666666668,-0.5086912956347476
Part 88,XGBoost,12,33.63486051559448,37.76828804665604,97.02363610267639,-1.86772616704305,-0.11858431975051231
Part 88,LightGBM,12,37.082216816699194,42.961665992574396,106.96793312509382,-9.764572244472172,-0.44735930153504455
Part 88,CatBoost,12,37.89635036148878,41.65031397223183,109.31639527352533,-1.3364768395285385,-0.3603500815430347
Part 88,LSTM,12,42.67451425393423,47.317813470896766,123.09956034788718,-5.220493117968242,-0.7557531798378683
Part 88,Related LightGBM,12,34.473533428405595,38.905196883104914,99.44288488963153,-7.016794224039784,-0.1869416311421459
Part 89,Last Value,12,7.916666666666667,13.444329659748751,190.0,4.083333333333333,-1.288779458318678
Part 89,3-day Moving Average,12,9.972222222222221,13.384277675275902,239.33333333333331,4.749999999999999,-1.268378473443546
Part 89,7-day Moving Average,12,11.726190476190476,13.174586440991478,281.42857142857144,8.583333333333334,-1.1978579683720136
Part 89,D+3 Plan Reference,12,5.0,9.958246164193104,120.0,-3.3333333333333335,-0.2557157931762224
Part 89,XGBoost,12,9.787614643573761,11.496774785640763,234.90275144577026,6.108344217141469,-0.6737002803316314
Part 89,LightGBM,12,7.613093193023578,9.603629703459218,182.71423663256587,4.186342046356912,-0.16787524633201234
Part 89,CatBoost,12,9.768766993739057,11.220184868746276,234.45040784973736,4.707028087887539,-0.5941370895527067
Part 89,LSTM,12,8.604500412940979,10.260254943271457,206.50800991058352,5.683140397071838,-0.3330362061320258
Part 89,Related LightGBM,12,8.164242148650457,9.31266648046423,195.94181156761096,5.092508815317123,-0.09818053153325157
Part 9,Last Value,12,0.8333333333333334,2.041241452319315,20.0,0.8333333333333334,-0.19999999999999996
Part 9,3-day Moving Average,12,0.8333333333333334,2.041241452319315,20.0,0.8333333333333334,-0.19999999999999996
Part 9,7-day Moving Average,12,1.130952380952381,2.1329134365677285,27.142857142857142,0.5357142857142857,-0.310204081632653
Part 9,D+3 Plan Reference,12,4.0,4.242640687119285,96.0,-3.6666666666666665,-4.183999999999999
Part 9,XGBoost,12,3.4299718936284385,4.441669391546419,82.31932544708252,2.9319698413213096,-4.681786971334496
Part 9,LightGBM,12,4.040320490067232,5.668973279045078,96.96769176161357,3.9246582651548714,-8.255530315095806
Part 9,CatBoost,12,1.2111544520685198,2.143471630270272,29.067706849644477,0.6611555021176655,-0.32320754137476726
Part 9,LSTM,12,9.883705615997314,12.870104645821872,237.20893478393555,9.883705615997314,-46.70420295518885
Part 9,Related LightGBM,12,4.39318173876199,6.039446955693499,105.43636173028774,4.047868776662994,-9.504776824823017
Part 90,Last Value,12,6.5,7.745966692414834,51.31578947368421,0.16666666666666666,-1.1259842519685037
Part 90,3-day Moving Average,12,6.888888888888889,7.936087290439886,54.385964912280706,1.3888888888888895,-1.2316272965879267
Part 90,7-day Moving Average,12,6.142857142857142,7.121635140529873,48.49624060150376,3.023809523809524,-0.7970834002892493
Part 90,D+3 Plan Reference,12,8.666666666666666,11.16542281629615,68.42105263157895,-7.166666666666667,-3.4173228346456694
Part 90,XGBoost,12,4.820905367533366,5.353646884295803,38.05977921736868,0.22488832473754883,-0.01556619943138382
Part 90,LightGBM,12,5.433110521132705,5.793925335907109,42.89297779841609,0.6212451714152311,-0.18947298103384513
Part 90,CatBoost,12,5.398937499783245,6.0199665425980955,42.62319078776247,-1.0827583649444275,-0.28409438805513454
Part 90,LSTM,12,7.386052946249644,9.055011404329736,58.31094431249719,-2.506079693635305,-1.9052719834365126
Part 90,Related LightGBM,12,4.731807209137146,5.471547213716456,37.35637270371431,1.7670683230732447,-0.06078921341478272
Part 91,Last Value,12,5.166666666666667,9.03696114115064,10.333333333333334,0.16666666666666666,-0.2250000000000001
Part 91,3-day Moving Average,12,6.166666666666667,9.390696735875627,12.333333333333334,1.5000000000000007,-0.3227777777777776
Part 91,7-day Moving Average,12,8.61904761904762,10.705075406356665,17.23809523809524,0.3809523809523814,-0.7189795918367343
Part 91,D+3 Plan Reference,12,32.0,37.77124126457412,64.0,-32.0,-20.4
Part 91,XGBoost,12,10.688814640045166,13.830974762662368,21.377629280090332,-5.0604621569315595,-1.8694379432810502
Part 91,LightGBM,12,17.812026714131466,21.75563895950642,35.62405342826294,-14.286314610852365,-6.099617398045905
Part 91,CatBoost,12,11.634543137325421,14.036563668680826,23.269086274650842,-3.0276285172248425,-1.9553767943739575
Part 91,LSTM,12,25.126867055892944,28.59210166285032,50.25373411178589,-25.126867055892944,-11.26262416248152
Part 91,Related LightGBM,12,19.142946659903068,23.381061167173986,38.285893319806135,-14.441669924141722,-7.200110319546971
Part 92,Last Value,12,44.0,56.50368719532086,6.417112299465241,11.0,-0.554449553692183
Part 92,3-day Moving Average,12,49.88888888888889,62.46302610048308,7.275968238535084,8.333333333333334,-0.8996303308989275
Part 92,7-day Moving Average,12,84.95238095238096,101.97838906716801,12.389749288145012,-41.142857142857146,-4.063366325702583
Part 92,D+3 Plan Reference,12,381.6666666666667,498.6755792429918,55.663587749149244,-381.6666666666667,-120.07633216121181
Part 92,XGBoost,12,191.93444887797037,273.8344940034785,27.992384376952412,-116.97852643330891,-35.5089516340422
Part 92,LightGBM,12,262.3689197765328,387.2945606047978,38.26479141125903,-220.84301889298226,-72.03076494815097
Part 92,CatBoost,12,242.94112710623176,340.6648757233437,35.431374881803364,-172.33321234796026,-55.50381487500195
Part 92,LSTM,12,151.2636235555013,180.55877369364063,22.06081043590199,-149.37323252360025,-14.873044999716639
Part 92,Related LightGBM,12,311.04199381366084,403.67604616610146,45.363441003450774,-194.26514462785948,-78.33941856828069
Part 93,Last Value,6,0.8333333333333334,1.35400640077266,50.0,-0.5,-0.5000000000000002
Part 93,3-day Moving Average,6,0.8888888888888888,1.3333333333333333,53.333333333333336,-0.7777777777777778,-0.4545454545454548
Part 93,7-day Moving Average,6,1.142857142857143,1.6099182385120923,68.57142857142857,-1.142857142857143,-1.1205936920222643
Part 93,D+3 Plan Reference,6,1.6666666666666667,2.0,100.0,-1.6666666666666667,-2.2727272727272734
Part 93,XGBoost,6,6.4356842041015625,7.126815142090237,386.14105224609375,6.4356842041015625,-40.556676965976386
Part 93,LightGBM,6,7.963594805859905,9.614487279795965,477.81568835159425,7.955245678355428,-74.63139008002052
Part 93,CatBoost,6,2.090920305864777,2.7128725843422132,125.45521835188663,2.0447502675956737,-5.021554448170946
Part 93,LSTM,6,7.656121571858724,11.147662050857267,459.36729431152344,4.989454905192058,-100.67575661828266
Part 93,Related LightGBM,6,8.55542715887616,10.518402502852641,513.3256295325696,8.55542715887616,-89.52101099165004
Part 94,Last Value,12,5.5,6.95221787153807,14.254859611231103,-0.8333333333333334,-0.9936980807791467
Part 94,3-day Moving Average,12,5.611111111111112,6.875883781578756,14.542836573074155,-0.5555555555555559,-0.9501575479805218
Part 94,7-day Moving Average,12,5.238095238095238,6.217432153633364,13.576056772601047,0.4047619047619045,-0.5945375572171006
Part 94,D+3 Plan Reference,12,8.166666666666666,9.291573243177568,21.166306695464364,-4.0,-2.5611572615296483
Part 94,XGBoost,12,6.448661804199219,8.980872684692851,16.713594308939662,5.740850448608398,-2.326976419858882
Part 94,LightGBM,12,8.554983502710805,9.76489362239451,22.17274341955284,-3.1485273746894005,-2.9332149051166025
Part 94,CatBoost,12,7.668703657714137,9.096710838875866,19.875689825608998,5.735640601296566,-2.41335471910671
Part 94,LSTM,12,9.795666376749674,10.693759666830983,25.388336181640625,3.305394490559896,-3.7170826115495608
Part 94,Related LightGBM,12,10.163656842864462,12.488185833226387,26.342091169411137,-1.9054659022639473,-5.432967372772346
Part 95,Last Value,12,66.08333333333333,79.24277043785551,21.930309734513273,1.9166666666666667,-1.042935637211488
Part 95,3-day Moving Average,12,76.41666666666667,85.97345628265265,25.359513274336283,-0.08333333333334281,-1.4047180098926981
Part 95,7-day Moving Average,12,66.09523809523809,75.1656221174236,21.93426042983565,-9.142857142857148,-0.8381201487408994
Part 95,D+3 Plan Reference,12,43.416666666666664,47.11599162351002,14.408185840707965,-4.416666666666667,0.2777757695157881
Part 95,XGBoost,12,73.97134780883789,89.46478750445613,24.548013653375406,-42.203790028889976,-1.6039920410995503
Part 95,LightGBM,12,138.86858789223686,160.5066796721469,46.08470837131754,-67.8274506383082,-7.381497206586099
Part 95,CatBoost,12,88.19550494775541,102.93067125367249,29.268419783547152,-36.51101572468086,-2.4468707055356114
Part 95,LSTM,12,75.9531478881836,86.41495027100828,25.20569067085739,34.522082010904946,-1.4294790128894577
Part 95,Related LightGBM,12,132.11833102232282,159.3627331695336,43.84457887908943,-62.601932278453454,-7.262451479725115
Part 96,Last Value,6,0.8333333333333334,1.35400640077266,50.0,-0.5,-0.5000000000000002
Part 96,3-day Moving Average,6,0.8888888888888888,1.3333333333333333,53.333333333333336,-0.7777777777777778,-0.4545454545454548
Part 96,7-day Moving Average,6,1.142857142857143,1.6099182385120923,68.57142857142857,-1.142857142857143,-1.1205936920222643
Part 96,D+3 Plan Reference,6,1.6666666666666667,2.0,100.0,-1.6666666666666667,-2.2727272727272734
Part 96,XGBoost,6,6.4356842041015625,7.126815142090237,386.14105224609375,6.4356842041015625,-40.556676965976386
Part 96,LightGBM,6,7.963594805859905,9.614487279795965,477.81568835159425,7.955245678355428,-74.63139008002052
Part 96,CatBoost,6,2.090920305864777,2.7128725843422132,125.45521835188663,2.0447502675956737,-5.021554448170946
Part 96,LSTM,6,2.275672515233358,2.7517644152456615,136.54035091400146,-0.057660818099975586,-5.195442415737335
Part 96,Related LightGBM,6,8.55542715887616,10.518402502852641,513.3256295325696,8.55542715887616,-89.52101099165004
Part 97,Last Value,12,26.583333333333332,34.97260832899561,22.26099092812282,-7.416666666666667,-0.9530489360050565
Part 97,3-day Moving Average,12,22.083333333333332,32.16234858754358,18.49267271458479,-8.416666666666666,-0.6517814568802047
Part 97,7-day Moving Average,12,24.07142857142857,31.042104389006216,20.15751171368757,-19.5,-0.5387192502168587
Part 97,D+3 Plan Reference,12,64.58333333333333,79.66649232895848,54.08234473133287,-64.58333333333333,-9.134643320506992
Part 97,XGBoost,12,30.225335121154785,38.40005458508216,25.310817966075188,-18.9282439549764,-1.3546196305988052
Part 97,LightGBM,12,48.52648085963846,59.63271904776449,40.636271480506736,-40.11302642164157,-4.678404174677745
Part 97,CatBoost,12,27.1045939374045,36.16217852064445,22.697496667749753,-9.789789248248661,-1.0881719066710662
Part 97,LSTM,12,28.995312372843426,43.02653640472586,24.28079193818012,-27.811708450317383,-1.9561730362740413
Part 97,Related LightGBM,12,49.89224164197811,59.49590473856747,41.779965087490396,-40.94238416625771,-4.652378336587676
Part 98,Last Value,12,15.583333333333334,19.015344680897407,50.95367847411444,-5.083333333333333,-0.6064916232143409
Part 98,3-day Moving Average,12,14.777777777777779,19.25607167353446,48.3197093551317,-7.611111111111111,-0.6474242283998233
Part 98,7-day Moving Average,12,13.05952380952381,17.359788158210893,42.701440249124175,-9.011904761904765,-0.338933179022743
Part 98,D+3 Plan Reference,12,15.833333333333334,20.062402647738878,51.771117166212534,-12.166666666666666,-0.7882817561938849
Part 98,XGBoost,12,12.455991427103678,16.451709794463525,40.72803736382674,-7.814130147298177,-0.2025195379105733
Part 98,LightGBM,12,13.017540259644134,14.911786515971885,42.564164336711066,-4.267296950900762,0.012062623735749622
Part 98,CatBoost,12,13.734409432401891,17.67395394058747,44.90815073264924,-8.440404354905347,-0.3878339235672166
Part 98,LSTM,12,16.628695805867512,21.31209219969917,54.371757403381515,-12.615793863932291,-1.0180049812008534
Part 98,Related LightGBM,12,9.956723053421257,13.390554490239637,32.556042681486396,-7.003283992617888,0.20335069155301977
Part 99,Last Value,12,4.25,7.708220719898118,59.30232558139535,-3.4166666666666665,-0.06789815277084355
Part 99,3-day Moving Average,12,4.861111111111111,7.977398629182879,67.82945736434108,-4.805555555555556,-0.1437843235147278
Part 99,7-day Moving Average,12,6.642857142857142,9.101655676547084,92.69102990033223,-5.690476190476191,-0.48888911530663126
Part 99,D+3 Plan Reference,12,3.0833333333333335,4.9916597106239795,43.02325581395349,-1.9166666666666667,0.5521717423864204
Part 99,XGBoost,12,8.011957695086798,8.927344335029304,111.79475853609485,-0.147133598725001,-0.43240597480902254
Part 99,LightGBM,12,7.109458428540637,8.935774855865349,99.20174551452051,2.027814183410199,-0.43511263199688144
Part 99,CatBoost,12,5.891738830462476,7.3431204505849665,82.2103092622671,-2.417609273966575,0.030868174605706677
Part 99,LSTM,12,8.368752211332321,10.641236724450934,116.77328666975333,-5.093032330274582,-1.0351937518367031
Part 99,Related LightGBM,12,7.954828707810866,9.923718572442564,110.99760987643069,2.4124354063494495,-0.7699884428265067
