tree
version=v4
num_class=1
num_tree_per_iteration=1
label_index=0
max_feature_idx=139
objective=regression_l1
feature_names=Column_0 Column_1 Column_2 Column_3 Column_4 Column_5 Column_6 Column_7 Column_8 Column_9 Column_10 Column_11 Column_12 Column_13 Column_14 Column_15 Column_16 Column_17 Column_18 Column_19 Column_20 Column_21 Column_22 Column_23 Column_24 Column_25 Column_26 Column_27 Column_28 Column_29 Column_30 Column_31 Column_32 Column_33 Column_34 Column_35 Column_36 Column_37 Column_38 Column_39 Column_40 Column_41 Column_42 Column_43 Column_44 Column_45 Column_46 Column_47 Column_48 Column_49 Column_50 Column_51 Column_52 Column_53 Column_54 Column_55 Column_56 Column_57 Column_58 Column_59 Column_60 Column_61 Column_62 Column_63 Column_64 Column_65 Column_66 Column_67 Column_68 Column_69 Column_70 Column_71 Column_72 Column_73 Column_74 Column_75 Column_76 Column_77 Column_78 Column_79 Column_80 Column_81 Column_82 Column_83 Column_84 Column_85 Column_86 Column_87 Column_88 Column_89 Column_90 Column_91 Column_92 Column_93 Column_94 Column_95 Column_96 Column_97 Column_98 Column_99 Column_100 Column_101 Column_102 Column_103 Column_104 Column_105 Column_106 Column_107 Column_108 Column_109 Column_110 Column_111 Column_112 Column_113 Column_114 Column_115 Column_116 Column_117 Column_118 Column_119 Column_120 Column_121 Column_122 Column_123 Column_124 Column_125 Column_126 Column_127 Column_128 Column_129 Column_130 Column_131 Column_132 Column_133 Column_134 Column_135 Column_136 Column_137 Column_138 Column_139
feature_infos=[0:1] [0:1] [0:1] [0:1] none [0:1] [0:1] [0:1] [0:1] [0:1] [0:1] [0:1] none [0:1] none none none none none [0:1] [0:1] [0:1] [0:1] [0:1] [0:1] [0:1] [0:1] [0:1] [0:1] [0:1] [0:1] none [0:1] [0:1] [0:1] [0:1] [0:1] [0:1] [0:1] [0:1] [0:1] [0:1] [0:1] [0:1] [0:1] [0:1] [0:1] [0:1] [0:1] [0:1] [0:1] [0:1] [0:1] [0:1] [0:1] none [0:1] [0:1] [0:1] [0:1] [0:1] [0:1] [0:1] [0:1] [0:1] [0:1] [0:1] [0:1] [0:1] [0:1] [0:1] [0:1] [0:1] [0:1] [0:1] [0:1] [0:1] [0:1] [0:1] [0:1] [0:1] [0:1] [0:1] [0:1] [0:1] [0:1] [0:1] [0:1] [0:1] [0:1] [0:1] [0:1] [0:1] [0:1] [0:1] [0:1] [0:1] [0:1] [0:1] [0:1] [0:1] [0:1] [0:1] [0:1] [0:1] [0:1] [0:1] [0:1] none [0:1] [0:1] none [0:1] [0:1] [0:1] [0:706] [0:718] [0:721] [0:683.33333333333337] [0:721] [0:671] [0:721] [-721:652] [-662:682] [-674:695] [-0.99849170437405732:682] [0:1131] [0:1131] [0:1131] [0:1131] [0:1124] [0:444.9916353770659] [0:1124] [0:466.60843174060687] [-0.97492791218182362:0.97492791218182362] [-0.90096886790241903:1] [0:1] [9:10] [38:41] [11:33]
tree_sizes=2207 2585 2595 2478 2754 2768 2765 2780 2784 2789 2795 2778 2767 2766 2758 2785 2787 2787 2795 2785 2789 2781 2791 2778 2788 2789 2783 2800 2813 2816 2809 2800 2801 2806 2806 2812 2829 2811 2816 2804 2808 2819 2812 2822 2810 2809 2828 2805 2817 2798 2827 2828 2822 2821 2815 2840 2832 2839 2842 2834 2825 2834 2848 2824 2851 2830 2856 2844 2845 2845 2853 2831 2836 2821 2850 2872 2851 2834 2860 2841 2856 2861 2852 2811 2848 2829 2858 2848 2831 2844 2865 2856 2855 2865 2864 2845 2839 2856 2856 2832 2871 2848 2870 2851 2834 2861 2847 2856 2861 2861 2851 2843 2844 2841 2860 2852 2849 2866 2872 2833 2853 2838 2861 2831 2849 2868 2845 2843 2875 2857 2841 2863 2870 2836 2853 2854 2850 2858 2866 2855 2859 2865 2836 2855 2881 2862 2846 2880 2862 2869 2872 2848 2860 2891 2890 2859 2866 2860 2863 2847 2851 2864 2876 2886 2867 2879 2888 2866 2859 2848 2867 2873 2864 2878 2880 2859 2845 2871 2869 2862 2870 2858 2858 2892 2844 2862 2836 2872

Tree=0
num_leaves=27
num_cat=0
split_feature=130 115 115 134 137 138 126 130 125 118 122 118 138 119 128 116 139 126 134 126 133 128 122 118 126 132
split_gain=961.562 235.088 169.954 135.346 79.563 74.8461 65.4238 25.6473 20.7113 15.9141 15.2995 13.8818 14.6959 7.21696 6.6978 6.02314 4.36009 4.13116 3.49253 3.35534 3.32917 3.00812 2.49714 1.74362 1.50699 0.86918
threshold=18.833333333333339 26.500000000000004 32.500000000000007 1.0000000180025095e-35 9.5000000000000018 40.500000000000007 40.500000000000007 30.166666666666668 -0.95119047619047603 14.833333333333334 17.500000000000004 23.500000000000004 38.500000000000007 118.50000000000001 36.500000000000007 30.500000000000004 25.500000000000004 21.500000000000004 0.87837969732492682 106.50000000000001 19.617244451601177 29.500000000000004 -16.499999999999996 4.5000000000000009 52.500000000000007 25.500000000000004
decision_type=2 2 2 2 2 2 2 2 2 2 2 2 2 2 2 2 2 2 2 2 2 2 2 2 2 2
left_child=1 8 3 6 22 7 9 -6 -1 14 17 12 19 -3 21 24 -11 -10 25 -8 -17 -2 -5 -19 -7 -4
right_child=2 13 18 4 5 15 11 -9 10 16 -12 -13 -14 -15 -16 20 -18 23 -20 -21 -22 -23 -24 -25 -26 -27
leaf_value=25.045000000000002 24.789999999999999 25.75 25.66 24.25 24.969999999999999 24.52 25.420000000000002 27.460000000000001 24.280000000000001 25.030000000000001 24.940000000000001 28.18 24.984999999999999 27.489999999999998 24.43 25.18 25.675000000000001 24.370000000000001 27.414999999999999 30.939999999999998 24.25 25.329999999999998 24.324999999999999 24.745000000000001 24.25 28.329999999999998
leaf_weight=22 22 80 21 99 25 24 39 91 878 22 29 205 36 22 29 28 32 23 54 69 30 20 22 20 34 525
leaf_count=22 22 80 21 99 25 24 39 91 878 22 29 205 36 22 29 28 32 23 54 69 30 20 22 20 34 525
internal_value=24.9998 24.9785 25.016 25.0071 24.9931 25.0034 25.0175 25.02 24.9739 24.9989 24.9732 25.0241 25.0159 25.021 24.9898 24.9867 25.0106 24.9726 25.0281 25.0212 24.9944 24.9982 24.9739 24.9851 24.9801 25.029
internal_weight=2501 1074 1427 827 353 232 474 116 972 125 950 349 144 102 71 116 54 921 600 108 58 42 121 43 58 546
internal_count=2501 1074 1427 827 353 232 474 116 972 125 950 349 144 102 71 116 54 921 600 108 58 42 121 43 58 546
is_linear=0
shrinkage=1


Tree=1
num_leaves=29
num_cat=0
split_feature=130 115 115 134 137 139 126 130 122 125 125 121 129 119 126 132 116 126 127 122 134 133 126 118 126 132 126 132
split_gain=937.765 229.856 174.901 127.825 77.6062 73.7408 63.953 23.0462 20.4317 21.4732 15.7788 14.1601 15.9489 6.95162 6.29331 7.24726 6.02314 4.87807 3.88336 3.4691 3.37338 3.32917 2.84974 2.37046 1.50699 1.31242 2.43105 0.814613
threshold=18.833333333333339 26.500000000000004 32.500000000000007 1.0000000180025095e-35 9.5000000000000018 28.500000000000004 40.500000000000007 30.166666666666668 17.500000000000004 -0.95119047619047603 -0.84523809523809512 42.500000000000007 32.500000000000007 118.50000000000001 18.500000000000004 36.928571428571438 30.500000000000004 21.500000000000004 28.500000000000004 -16.499999999999996 0.87837969732492682 19.617244451601177 175.50000000000003 4.5000000000000009 52.500000000000007 57.214285714285722 106.50000000000001 25.500000000000004
decision_type=2 2 2 2 2 2 2 2 2 2 2 2 2 2 2 2 2 2 2 2 2 2 2 2 2 2 2 2
left_child=1 8 3 6 19 7 10 -6 9 -1 -2 12 -8 -3 -12 18 24 -11 -16 -5 27 -18 25 -19 -7 -14 -27 -4
right_child=2 13 20 4 5 16 11 -9 -10 17 14 -13 22 -15 15 -17 21 23 -20 -21 -22 -23 -24 -25 -26 26 -28 -29
leaf_value=0.043649999999999946 0.81974999999999998 0.72749999999999992 0.64019999999999999 -0.72749999999999992 -0.029099999999999966 -0.46559999999999996 -0.029549999999999983 2.3861999999999997 -0.058200000000000036 -0.69840000000000002 -0.53369999999999995 3.2345999999999995 0.48892499999999994 2.4153000000000002 -0.1023 -0.44789999999999996 0.17460000000000001 -0.61109999999999998 0.44909999999999994 -0.65474999999999994 2.3425500000000001 -0.72749999999999992 11.7318 -0.24735000000000001 -0.72749999999999992 0.10739999999999994 1.8617999999999999 3.2300999999999997
leaf_weight=22 26 80 21 99 25 24 27 91 29 878 25 193 38 22 24 24 28 23 26 22 54 30 45 20 34 21 25 525
leaf_count=22 26 80 21 99 25 24 27 91 29 878 25 193 38 22 24 24 28 23 26 22 54 30 45 20 34 21 25 525
internal_value=-0.00022506 -0.0213475 0.0156872 0.00666346 -0.00693855 0.00326582 0.0167724 0.0197851 -0.0258485 -0.0266076 -0.00156923 0.0232881 0.0156149 0.0206916 -0.00715385 -0.00220253 -0.0133388 -0.0273045 0.00425455 -0.0259048 0.027957 -0.00561905 0.0198806 -0.01425 -0.0199048 0.014764 0.00929412 0.0288457
internal_weight=2501 1074 1427 827 353 232 474 116 972 943 125 349 156 102 99 74 116 921 50 121 600 58 129 43 58 84 46 546
internal_count=2501 1074 1427 827 353 232 474 116 972 943 125 349 156 102 99 74 116 921 50 121 600 58 129 43 58 84 46 546
is_linear=0
shrinkage=0.03


Tree=2
num_leaves=29
num_cat=0
split_feature=130 115 115 134 137 138 130 130 122 125 123 131 122 138 119 116 122 133 131 118 134 133 127 133 122 132 132 115
split_gain=916.019 227.462 176.061 133.94 69.8362 65.1894 61.0728 26.4059 20.0288 21.1031 14.9522 11.2982 9.88526 10.6338 6.95162 6.02314 5.58762 5.29416 4.60978 4.54691 3.3478 3.32917 2.9828 2.59568 1.268 1.11467 1.07506 1.04651
threshold=18.833333333333339 26.500000000000004 33.500000000000007 1.0000000180025095e-35 9.5000000000000018 40.500000000000007 44.166666666666679 49.500000000000007 17.500000000000004 -0.95119047619047603 -24.499999999999996 4.6784206501525123 -31.499999999999996 38.500000000000007 118.50000000000001 30.500000000000004 -16.499999999999996 3.987125111872317 10.170727531827099 16.166666666666668 0.87837969732492682 19.617244451601177 71.500000000000014 22.611170738851932 -4.4999999999999991 36.928571428571438 27.500000000000004 4.5000000000000009
decision_type=2 2 2 2 2 2 2 2 2 2 2 2 2 2 2 2 2 2 2 2 2 2 2 2 2 2 2 2
left_child=1 8 3 6 16 7 10 23 9 -1 -2 17 -8 22 -3 24 -5 25 -11 -13 26 -17 -14 -6 -7 -12 -4 -20
right_child=2 14 20 4 5 15 12 -9 -10 18 11 19 13 -15 -16 21 -18 -19 27 -21 -22 -23 -24 -25 -26 -27 -28 -29
leaf_value=0.042340499999999962 0.79515749999999996 0.70567500000000005 0.66209550000000006 -0.70567500000000005 0.27177299999999999 -0.70567500000000005 3.0775619999999995 3.1246139999999998 -0.056454000000000053 -0.67744800000000005 0.039369000000000015 -0.47688900000000001 0.27273225000000001 0.031336500000000031 2.342841 0.16936199999999996 -0.63510749999999994 0.19319700000000004 -0.68276700000000001 -0.040988249999999997 2.2722735000000003 -0.70567500000000005 4.6298459999999997 -0.055385999999999984 -0.39865349999999999 -0.34336537499999997 3.2381969999999995 -0.13744800000000004
leaf_weight=22 30 80 20 99 21 38 195 74 29 849 31 27 21 31 22 28 22 21 51 20 54 30 78 21 20 28 518 21
leaf_count=22 30 80 20 99 21 38 195 74 29 849 31 27 21 31 22 28 22 21 51 20 54 30 78 21 20 28 518 21
internal_value=-0.000249002 -0.0211251 0.0154777 0.00652857 -0.00744134 0.00225316 0.0167433 0.0178017 -0.0256029 -0.0263544 0.00125926 -0.00336364 0.0240727 0.0164 0.0206916 -0.0133388 -0.0254286 0.00345882 -0.0270454 -0.0143077 0.0279296 -0.00561905 0.021 -0.00114894 -0.0199048 -0.0013125 0.0288287 -0.0170649
internal_weight=2501 1074 1427 835 353 232 482 116 972 943 157 127 325 130 102 116 121 80 921 47 592 58 99 42 58 59 538 72
internal_count=2501 1074 1427 835 353 232 482 116 972 943 157 127 325 130 102 116 121 80 921 47 592 58 99 42 58 59 538 72
is_linear=0
shrinkage=0.03


Tree=3
num_leaves=28
num_cat=0
split_feature=132 115 115 134 137 138 126 126 130 123 116 118 122 135 130 126 122 126 133 118 126 133 134 132 133 117 128
split_gain=904.939 213.285 161.539 134.818 77.5255 61.6324 56.5184 42.3285 23.3589 17.3669 14.2604 10.6598 10.3783 9.87243 9.42869 9.36479 8.47014 7.43524 6.01486 15.1828 5.26928 4.44065 3.48654 2.49093 2.43446 0.397323 0.350234
threshold=27.500000000000004 25.500000000000004 29.500000000000004 1.0000000180025095e-35 9.5000000000000018 40.500000000000007 44.500000000000007 18.500000000000004 49.500000000000007 -25.499999999999996 7.5000000000000009 29.833333333333339 -38.499999999999993 0.81174490092936691 106.83333333333336 57.500000000000007 16.500000000000004 28.500000000000004 31.73293663639204 61.000000000000007 55.500000000000007 10.214035179272374 0.87837969732492682 36.928571428571438 13.061072559045591 21.500000000000004 174.50000000000003
decision_type=2 2 2 2 2 2 2 2 2 2 2 2 2 2 2 2 2 2 2 2 2 2 2 2 2 2 2
left_child=1 7 3 6 25 8 11 9 -6 -1 24 17 -8 -3 15 -14 -11 -2 19 20 -7 -12 -4 -19 -9 -5 -16
right_child=2 13 22 4 5 18 12 10 -10 16 21 -13 14 -15 26 -17 -18 23 -20 -21 -22 -23 -24 -25 -26 -27 -28
leaf_value=-0.014345047500000091 -0.57477366000000008 0.64431740249999991 2.93105109 -0.68777951250000002 -0.05372442000000003 -0.16309030500000005 3.2252351399999997 -0.55613690999999998 3.03087558 -0.62712456000000005 -0.26460606000000003 0.59130277500000006 0.46484215500000009 0.084504750000000045 1.6670506199999999 -0.089603594999999911 -0.16867135500000005 0.55014404250000004 -0.68450475 2.7142811399999998 -0.68450475 0.20946961874999998 2.2041052950000002 -0.0097667887499999044 -0.19080606000000003 -0.68450475 11.21095062
leaf_weight=22 22 88 544 20 23 20 183 50 74 860 25 24 25 34 28 33 22 20 28 21 31 38 54 35 35 96 46
leaf_count=22 22 88 544 20 23 20 183 50 74 860 25 24 25 34 28 33 22 20 28 21 31 38 54 35 35 96 46
internal_value=-0.000392658 -0.0195369 0.0165495 0.00698093 -0.00781132 0.00368317 0.0180855 -0.0238921 0.0202353 -0.02633 -0.00858824 -0.00135849 0.0242625 0.0174331 0.0165985 0.00657143 -0.0269831 -0.00687805 -0.0125143 -0.00693506 -0.0154286 0.00211765 0.0280498 -0.0004 -0.0162667 -0.0267273 0.0234684
internal_weight=2501 1174 1327 729 313 197 416 1052 97 904 148 101 315 122 132 58 882 77 100 72 51 63 598 55 85 116 74
internal_count=2501 1174 1327 729 313 197 416 1052 97 904 148 101 315 122 132 58 882 77 100 72 51 63 598 55 85 116 74
is_linear=0
shrinkage=0.03


Tree=4
num_leaves=31
num_cat=0
split_feature=132 115 115 134 137 139 127 132 118 132 116 118 132 131 127 128 131 133 118 118 119 123 127 122 124 134 115 129 139 122
split_gain=886.957 207.81 152.856 130.283 77.1764 61.0621 47.7954 39.3604 19.1096 18.6744 13.7867 12.5875 10.4488 9.86305 8.18448 8.0257 7.72418 6.50786 14.4263 6.20848 5.92794 6.29877 5.57969 5.34551 4.56817 3.15069 3.36312 3.06291 2.7475 2.51129
threshold=27.500000000000004 25.500000000000004 33.500000000000007 1.0000000180025095e-35 9.5000000000000018 28.500000000000004 42.500000000000007 11.928571428571431 10.500000000000002 45.500000000000007 62.500000000000007 29.833333333333339 106.28571428571429 4.5214865433696501 56.500000000000007 1.0000000180025095e-35 4.6784206501525123 31.73293663639204 61.000000000000007 22.833333333333339 100.50000000000001 16.500000000000004 52.500000000000007 -15.499999999999998 -14.499999999999998 0.87837969732492682 45.500000000000007 36.500000000000007 15.500000000000002 16.500000000000004
decision_type=2 2 2 2 2 2 2 2 2 2 2 2 2 2 2 2 2 2 2 2 2 2 2 2 2 2 2 2 2 2
left_child=1 7 3 6 -5 9 11 19 15 -6 12 16 14 -10 -8 -9 27 18 22 24 21 -3 -7 -15 -1 26 -4 -2 -17 -26
right_child=2 20 25 4 5 17 10 8 13 -11 -12 -13 -14 23 -16 28 -18 -19 -20 -21 -22 -23 -24 -25 29 -27 -28 -29 -30 -31
leaf_value=-0.62331082320000009 0.49894160872499993 0.60848842042499995 0.15811955730000016 -0.66396960750000011 -0.052112687399999975 -0.25280291834999996 0.43800138285000006 -0.080841238200000012 0.27126127411874995 2.9399493125999996 3.1284780857999999 0.66356369175000007 4.7308306014000001 -0.6667558279500001 -0.013691936174999898 -0.54512796269999997 -0.36786223880624996 -0.66396960750000011 2.6328527057999995 -0.66831082320000013 1.1609951175 0.081969607500000027 -0.66396960750000011 0.033715941224999921 -0.6383108232000001 2.2129821361499999 3.3081195573 -0.15684520019999992 -0.45831082320000011 -0.21104446856250006
leaf_weight=20 21 78 49 117 27 22 32 29 36 71 176 24 74 32 46 25 22 28 21 26 22 22 30 22 769 53 483 31 73 20
leaf_count=20 21 78 49 117 27 22 32 29 36 71 176 24 74 32 46 25 22 28 21 26 22 22 30 22 769 53 483 31 73 20
internal_value=-0.000584198 -0.0195369 0.0161892 0.00706024 -0.00745794 0.00394118 0.0178051 -0.0238354 -0.012 0.0203301 0.0232252 -0.000524272 0.0156306 -0.0012 0.00715663 -0.0192727 -0.00675949 -0.0121132 -0.00646154 -0.0268143 0.0169606 0.0199429 -0.0146316 -0.00905085 -0.0273022 0.0276 0.0284804 0 -0.0232427 -0.0276877
internal_weight=2501 1174 1327 742 316 199 426 1052 217 98 328 98 152 90 78 127 74 101 73 835 122 100 52 54 809 585 532 52 98 789
internal_count=2501 1174 1327 742 316 199 426 1052 217 98 328 98 152 90 78 127 74 101 73 835 122 100 52 54 809 585 532 52 98 789
is_linear=0
shrinkage=0.03


Tree=5
num_leaves=31
num_cat=0
split_feature=130 115 115 134 137 138 130 130 123 122 123 122 138 115 122 115 115 130 118 118 115 119 118 130 134 119 129 134 122 130
split_gain=875.305 206.647 163.279 126.729 71.1345 67.2787 63.2632 23.9304 17.1566 13.5 12.4644 12.0014 12.1271 5.93582 5.58762 5.40201 5.4776 4.50013 4.46223 4.34572 4.20452 4.04976 4.1481 2.66608 2.38308 2.10284 1.77231 0.93559 0.609566 0.497468
threshold=18.833333333333339 22.500000000000004 33.500000000000007 1.0000000180025095e-35 9.5000000000000018 40.500000000000007 44.166666666666679 49.500000000000007 -19.499999999999996 17.500000000000004 -42.499999999999993 -31.499999999999996 38.500000000000007 17.500000000000004 -16.499999999999996 33.500000000000007 112.50000000000001 106.83333333333336 61.000000000000007 22.833333333333339 1.0000000180025095e-35 52.500000000000007 34.166666666666679 52.500000000000007 -0.60785761079279388 199.50000000000003 20.500000000000004 0.87837969732492682 12.500000000000002 31.166666666666668
decision_type=2 2 2 2 2 2 2 2 2 2 2 2 2 2 2 2 2 2 2 2 2 2 2 2 2 2 2 2 2 2
left_child=1 8 3 6 14 7 10 26 -1 19 -2 -8 17 20 -5 -3 -17 -13 23 28 24 22 -4 -7 29 -20 -6 -23 -10 -12
right_child=2 15 21 4 5 18 11 -9 9 -11 13 12 -14 -15 -16 16 -18 -19 25 -21 -22 27 -24 -25 -26 -27 -28 -29 -30 -31
leaf_value=-0.027422089966500012 1.1226962911305001 0.01446094039706244 0.29887597058100007 -0.64405051927500001 0.096609693222000068 -0.527413603254 2.7946237432259999 2.8517508332219998 -0.61916149850400004 -0.1540410198993751 -0.030936070326281175 0.22292323114987497 -0.0064632290647498886 0.059438915312249881 -0.57550180139999996 0.72271613970000004 2.1228630124904999 4.8351141833580007 1.1650812346259998 -0.64826149850400017 -0.29457309694865624 3.2988759705810002 0.12337597058100022 -0.64405051927500001 0.039210653497500018 -0.64405051927500001 -0.063817128503999954 2.9265926720655 -0.18265664105399998 -0.45877825129274996
leaf_weight=28 24 20 41 99 21 38 195 74 858 22 20 30 31 27 22 71 20 69 20 30 24 473 35 37 36 21 21 43 25 26
leaf_count=28 24 20 41 99 21 38 195 74 858 22 20 30 31 27 22 71 20 69 20 30 24 473 35 37 36 21 21 43 25 26
internal_value=-0.000440543 -0.0208471 0.014933 0.00631429 -0.00727374 0.00250633 0.0162505 0.0182975 -0.025314 -0.0260043 0.000518519 0.0237091 0.0155111 -0.00321739 -0.0254286 0.0172759 0.02025 0.0204231 -0.0133388 -0.0265621 -0.00643243 0.0269246 0.0177037 -0.01755 -0.00268966 -0.00443478 0 0.0280883 -0.0269865 -0.00694118
internal_weight=2501 1074 1427 835 353 232 482 116 963 935 157 325 130 133 121 111 91 99 116 913 106 592 76 75 82 41 42 516 883 46
internal_count=2501 1074 1427 835 353 232 482 116 963 935 157 325 130 133 121 111 91 99 116 913 106 592 76 75 82 41 42 516 883 46
is_linear=0
shrinkage=0.03


Tree=6
num_leaves=31
num_cat=0
split_feature=130 115 115 134 137 138 126 126 125 131 122 122 122 129 133 115 116 116 125 134 126 116 130 128 132 127 129 119 128 128
split_gain=868.461 196.604 163.968 116.252 70.1423 69.3952 67.6291 25.6393 19.6062 15.1478 14.8194 14.0539 13.4536 12.1389 11.8835 7.42212 10.2534 6.47228 6.22852 4.47292 4.13612 8.29804 3.50564 3.5028 4.33981 3.93093 3.12906 2.65827 2.43056 1.09797
threshold=18.833333333333339 22.500000000000004 42.500000000000007 1.0000000180025095e-35 9.5000000000000018 40.500000000000007 42.500000000000007 35.500000000000007 -0.95119047619047603 4.6784206501525123 -1.0000000180025095e-35 -38.499999999999993 17.500000000000004 32.500000000000007 8.4466947815801614 17.500000000000004 5.5000000000000009 16.500000000000004 1.3090909090909093 0.87837969732492682 18.500000000000004 6.5000000000000009 41.833333333333336 174.50000000000003 57.214285714285722 92.500000000000014 105.50000000000001 104.50000000000001 38.500000000000007 31.500000000000004
decision_type=2 2 2 2 2 2 2 2 2 2 2 2 2 2 2 2 2 2 2 2 2 2 2 2 2 2 2 2 2 2
left_child=1 8 3 6 10 7 9 -6 -1 14 -5 -8 20 -13 28 16 -7 -11 27 -4 -10 -22 -9 24 -15 -26 -18 -3 29 -2
right_child=2 18 19 4 5 15 11 22 12 17 -12 13 -14 23 -16 -17 26 -19 -20 -21 21 -23 -24 -25 25 -27 -28 -29 -30 -31
leaf_value=0.053110580044994964 0.013035531815632488 0.65523909112124989 3.0499096914635699 -0.62472900369675 -0.067026892148879982 -0.62472900369675 2.9507850309292198 0.12762639294806993 -0.60058665354888008 -0.44227910070912896 -0.048236747357999904 -0.029260884677078849 -0.14941978930239389 0.27308111240935146 0.41423284360901241 0.054409691463570199 -0.62472900369675 -0.030325308536429816 0.019076691063088198 2.6287948919035347 -0.58883563854887999 0.010505567122994854 2.5711983082253402 10.587643757857261 -0.02228777159602682 1.3300607578572599 0.25269989694523493 2.0591771221157851 0.10466000131357507 -0.44770659985745614
leaf_weight=22 21 70 494 106 22 40 186 21 856 26 20 28 22 36 32 21 32 37 21 47 43 20 80 46 22 27 32 20 25 26
leaf_count=22 21 70 494 106 22 40 186 21 856 26 20 28 22 36 32 21 32 37 21 47 43 20 80 46 22 27 32 20 25 26
internal_value=-0.000632083 -0.0209583 0.0146816 0.00665993 -0.006 0.00329644 0.0158878 0.0189375 -0.025314 0.000139535 -0.023771 0.0233829 -0.0259662 0.015878 0.00710092 -0.0121846 -0.0153578 -0.0109412 0.0162414 0.0276264 -0.0265195 -0.0162353 0.0251321 0.0195882 0.0142667 0.00711111 -0.00686957 0.0195158 0 -0.00392308
internal_weight=2501 1074 1427 886 374 248 512 123 963 167 126 345 941 159 104 125 104 63 111 541 919 63 101 131 85 49 64 90 72 47
internal_count=2501 1074 1427 886 374 248 512 123 963 167 126 345 941 159 104 125 104 63 111 541 919 63 101 131 85 49 64 90 72 47
is_linear=0
shrinkage=0.03


Tree=7
num_leaves=31
num_cat=0
split_feature=130 115 115 134 137 139 126 126 125 115 122 122 131 131 129 131 116 115 116 134 121 133 139 128 132 127 132 132 132 125
split_gain=836.863 180.396 159.877 116.041 70.198 66.8167 65.8386 24.9339 18.4734 18.1087 14.8194 14.7086 14.5621 13.7973 12.6868 12.0428 8.7058 6.19175 11.4064 4.53165 4.39502 4.07459 3.53728 3.5028 4.33981 3.93093 3.03275 3.01277 2.68118 2.39076
threshold=18.833333333333339 26.500000000000004 45.500000000000007 1.0000000180025095e-35 9.5000000000000018 28.500000000000004 42.500000000000007 35.500000000000007 -0.95119047619047603 12.500000000000002 -1.0000000180025095e-35 -38.499999999999993 3.8149242336291649 0.64395055085937891 32.500000000000007 7.5128935531021961 16.500000000000004 17.500000000000004 5.5000000000000009 0.87837969732492682 9.5000000000000018 19.617244451601177 13.500000000000002 174.50000000000003 57.214285714285722 92.500000000000014 36.928571428571438 43.000000000000007 33.000000000000007 -0.92582417582417575
decision_type=2 2 2 2 2 2 2 2 2 2 2 2 2 2 2 2 2 2 2 2 2 2 2 2 2 2 2 2 2 2
left_child=1 8 3 6 10 7 12 -6 -1 22 -5 -8 13 26 -13 -11 -14 18 -7 28 -3 -20 -10 24 -16 -26 -2 -9 -4 -24
right_child=2 20 19 4 5 17 11 27 9 15 -12 14 16 -15 23 -17 -18 -19 21 -21 -22 -23 29 -25 25 -27 -28 -29 -30 -31
leaf_value=0.051517262643645159 0.23654962531853077 0.17237629796261247 0.59887895483866282 -0.60598713358584755 -0.065016085384413544 -0.60598713358584755 2.8622614800013437 0.28732007099133544 -0.55256905394241373 -0.17566419966591371 -0.046789644937259886 -0.014822668499320972 -0.40166035243176651 0.26279722795100247 0.26488867903707092 0.061158113461680069 -0.0091995562716380517 0.029385751461913009 0.092120577378022442 2.5949310451464287 0.68725673435210732 -0.60773668732616248 -0.19796905394241371 10.270014445121543 -0.021619138448146023 1.2901589351215421 -0.065276353928086978 2.5690623589785799 3.1684124007196628 -0.58256905394241365
leaf_weight=22 42 21 21 106 22 40 186 27 125 58 20 30 27 32 36 32 43 22 32 46 81 32 33 46 22 27 30 75 463 702
leaf_count=22 42 21 21 106 22 40 186 27 125 58 20 30 27 32 36 32 43 22 32 46 81 32 33 46 22 27 30 75 463 702
internal_value=-0.000560255 -0.0205134 0.0144721 0.00667849 -0.0059685 0.00327059 0.0157871 0.0185581 -0.0244974 -0.0251246 -0.023771 0.02325 0.000636872 0.00765138 0.0156867 -0.0113053 -0.00952 -0.0118626 -0.0148073 0.0274654 0.0167664 -0.006 -0.0264902 0.0195882 0.0142667 0.00711111 0 0.0246168 0.028454 -0.0275189
internal_weight=2501 1074 1427 897 376 250 521 124 972 950 126 347 174 104 161 90 70 126 104 530 102 64 860 131 85 49 72 102 484 735
internal_count=2501 1074 1427 897 376 250 521 124 972 950 126 347 174 104 161 90 70 126 104 530 102 64 860 131 85 49 72 102 484 735
is_linear=0
shrinkage=0.03


Tree=8
num_leaves=31
num_cat=0
split_feature=130 115 115 134 137 130 139 126 125 115 122 131 123 122 131 131 118 116 127 126 131 132 121 132 130 139 129 117 132 125
split_gain=822.241 176.772 158.957 111.929 74.2096 69.6433 66.9877 25.4803 18.3139 17.4105 15.1269 12.9255 12.3672 10.4723 9.33342 9.08188 8.86741 7.01293 6.60799 7.63303 6.46242 5.15817 4.31524 3.7072 3.70565 3.46115 3.12732 3.11015 2.39493 2.36419
threshold=18.833333333333339 27.500000000000004 52.500000000000007 1.0000000180025095e-35 9.5000000000000018 45.833333333333336 28.500000000000004 35.500000000000007 -0.95119047619047603 11.500000000000002 -1.0000000180025095e-35 7.5128935531021961 -43.499999999999993 -31.499999999999996 6.4288914274887627 4.6784206501525123 16.166666666666668 87.500000000000014 160.50000000000003 54.500000000000007 0.87965281125489481 93.000000000000014 9.5000000000000018 45.500000000000007 40.166666666666679 13.500000000000002 36.500000000000007 37.500000000000007 33.857142857142868 -0.92582417582417575
decision_type=2 2 2 2 2 2 2 2 2 2 2 2 2 2 2 2 2 2 2 2 2 2 2 2 2 2 2 2 2 2
left_child=1 8 3 5 10 12 7 -6 -1 25 -5 -11 -2 -7 23 20 -17 -16 19 -15 26 -21 -3 -8 -9 -10 -14 -18 -4 -27
right_child=2 22 28 4 6 13 14 24 9 11 -12 -13 15 18 17 16 27 -19 -20 21 -22 -23 -24 -25 -26 29 -28 -29 -30 -31
leaf_value=0.049971744764335781 1.199452824295306 0.16720500902373417 0.58091258619350294 -0.58780751957827204 -0.063065602822881123 2.5063936356013032 -0.071230821081944493 0.12426901386398043 -0.53599198232414125 -0.17039427367593632 -0.016639971301926834 0.059323370057829672 0.087873657768435337 0.21645439170339431 -0.58780751957827204 -0.36224336624330078 0.25671453844916314 -0.61407789998532214 9.6919140117678957 -0.01311665768338937 0.135028483881133 1.251454167067896 0.6816390323215441 0.27561273808533049 2.1619904882092227 -0.19202998232414123 -0.063318063310244449 -0.10137497130192684 3.4333600286980732 -0.56509198232414126
leaf_weight=22 22 21 21 106 22 196 20 20 125 70 23 32 34 44 58 28 20 36 48 38 31 29 80 20 87 33 34 21 469 691
leaf_count=22 22 21 21 106 22 196 20 20 125 70 23 32 34 44 58 28 20 36 48 38 31 29 80 20 87 33 34 21 469 691
internal_value=-0.000679968 -0.0204578 0.0142207 0.00690446 -0.00527456 0.0156436 0.00389552 0.0189851 -0.0243804 -0.0250042 -0.0234627 -0.0122804 0.000892308 0.0234 -0.0107482 -0.00204624 -0.0100541 -0.015697 0.0166098 0.0115862 0.00369231 0.0045 0.0166415 0.0012 0.0248571 -0.026445 -0.00156164 -0.000521739 0.0279879 -0.0274815
internal_weight=2501 1074 1427 937 392 545 263 129 973 951 129 102 190 355 134 168 69 94 159 111 99 67 101 40 107 849 68 41 490 724
internal_count=2501 1074 1427 937 392 545 263 129 973 951 129 102 190 355 134 168 69 94 159 111 99 67 101 40 107 849 68 41 490 724
is_linear=0
shrinkage=0.03


Tree=9
num_leaves=31
num_cat=0
split_feature=132 115 115 134 137 139 126 132 126 118 124 122 122 133 129 133 118 117 134 128 115 121 126 118 139 124 125 115 129 128
split_gain=797.465 173.03 145.949 117.186 78.17 64.9741 59.4311 40.8963 19.2029 17.0255 13.6806 12.0983 11.716 9.80278 8.71095 8.33801 11.8507 11.9803 7.95402 7.94694 7.1579 6.92158 6.75603 5.20651 5.91454 4.63061 2.68936 2.59268 2.45279 3.73708
threshold=27.500000000000004 25.500000000000004 52.500000000000007 1.0000000180025095e-35 9.5000000000000018 28.500000000000004 42.500000000000007 11.928571428571431 50.500000000000007 11.16666666666667 3.5000000000000004 -31.499999999999996 -1.0000000180025095e-35 15.974399489895896 27.500000000000004 31.73293663639204 61.000000000000007 25.500000000000004 1.0000000180025095e-35 1.0000000180025095e-35 32.500000000000007 7.5000000000000009 28.500000000000004 22.833333333333339 13.500000000000002 -14.499999999999998 -0.92582417582417575 11.500000000000002 36.500000000000007 40.500000000000007
decision_type=2 2 2 2 2 2 2 2 2 2 2 2 2 2 2 2 2 2 2 2 2 2 2 2 2 2 2 2 2 2
left_child=1 7 3 6 12 8 10 23 -6 19 22 -8 -5 -13 18 16 17 -7 -11 -9 -3 -22 -2 24 -1 -26 -27 -28 -24 -30
right_child=2 20 -4 4 5 15 11 9 -10 14 -12 13 -14 -15 -16 -17 -18 -19 -20 -21 21 -23 28 -25 25 26 27 -29 29 -31
leaf_value=-0.45991222285441707 -0.16065029949081733 -0.014237298633508892 3.1503592278371308 -0.57017329399092387 -0.056202798710478077 0.043627446033245788 2.4312018265332642 -0.075461034439974664 1.9771307735629458 0.3230755665424882 0.41970730564018055 1.1839105420558589 -0.098013764306476639 0.0036630224952011047 -0.42728587271191715 -0.59534093899092377 2.5269924103570816 -0.57017329399092387 -0.57743985005805387 -0.37614123186296577 0.082550313060788333 0.64031060977515297 0.28726978422355914 -0.57636622285441708 -0.53358922285441701 -0.15086908285441705 -0.54813922285441707 -0.13528244546565826 -0.38805096817355128 0.040636796304702467
leaf_weight=119 41 21 489 105 20 25 196 29 91 40 24 125 20 28 21 28 21 45 23 104 22 79 24 26 20 26 583 61 24 21
leaf_count=119 41 21 489 105 20 25 196 29 91 40 24 125 20 28 21 28 21 45 23 104 22 79 24 26 20 26 583 61 24 21
internal_value=-0.000751796 -0.0187226 0.0151532 0.00746619 -0.00556667 0.00482553 0.0170164 -0.0226433 0.0208966 -0.0106486 0 0.0234576 -0.0241846 0.0161013 0 -0.0103548 -0.00525 -0.01112 0.00564706 -0.0171304 0.0145984 0.0177736 -0.00464348 -0.0256714 -0.0261229 -0.0273583 -0.0278133 -0.0282804 0.00113514 -0.00288
internal_weight=2501 1174 1327 838 355 230 483 1052 111 217 134 349 125 153 84 119 91 70 63 133 122 101 110 835 809 690 670 644 69 45
internal_count=2501 1174 1327 838 355 230 483 1052 111 217 134 349 125 153 84 119 91 70 63 133 122 101 110 835 809 690 670 644 69 45
is_linear=0
shrinkage=0.03


Tree=10
num_leaves=31
num_cat=0
split_feature=130 115 115 134 137 139 130 126 121 125 122 131 131 118 115 116 122 122 133 139 127 121 115 133 130 127 129 126 131 128
split_gain=787.575 171.811 150.135 104.603 75.4372 65.049 54.8576 25.4803 19.7476 16.2444 15.1269 13.5113 12.6869 12.5973 11.0779 11.4064 9.88601 9.15138 9.13408 6.75742 6.2854 4.97683 4.07897 4.07459 3.70565 3.13194 2.7835 3.64169 2.65635 2.22494
threshold=18.833333333333339 26.500000000000004 52.500000000000007 1.0000000180025095e-35 9.5000000000000018 28.500000000000004 46.833333333333336 35.500000000000007 12.500000000000002 -1.0000000180025095e-35 -1.0000000180025095e-35 4.6784206501525123 1.0000000180025095e-35 16.166666666666668 17.500000000000004 5.5000000000000009 -69.499999999999986 17.500000000000004 9.236114441600952 13.500000000000002 160.50000000000003 15.500000000000002 70.500000000000014 19.617244451601177 40.166666666666679 129.50000000000003 40.500000000000007 36.500000000000007 11.87900505741065 39.500000000000007
decision_type=2 2 2 2 2 2 2 2 2 2 2 2 2 2 2 2 2 2 2 2 2 2 2 2 2 2 2 2 2 2
left_child=1 8 3 6 10 7 11 -6 19 18 -5 12 26 -13 15 -7 -8 -11 -10 -1 25 -3 -4 -17 -9 -18 27 -2 -21 -15
right_child=2 21 22 4 5 14 16 24 9 17 -12 13 -14 29 -16 23 20 -19 -20 28 -22 -23 -24 -25 -26 -27 -28 -29 -30 -31
leaf_value=-0.47611485616878457 0.03690446258565952 0.15971234936119841 0.51006217065823012 -0.55306809517119615 -0.049889397782305681 -0.55306809517119615 2.793265771737266 0.087751173083024131 -0.14634301036878455 -0.56169504616878452 -0.013200359233674632 -0.35004299354141055 0.23923166312713554 0.20324652344629193 0.014188129949534129 0.11499837170440208 0.19364363775371876 -0.054879830062775629 0.10787840485532552 -0.53169504616878449 9.1256392751531834 0.64198054305864316 3.4758484510020171 -0.55476516229930173 2.0378168503560574 0.36839322579418338 0.18469106417291681 -0.39222510457405652 -0.318454985898528 -0.040047182517342496
leaf_weight=131 34 26 54 106 22 40 160 20 51 148 23 28 43 26 30 32 117 22 20 573 49 76 436 32 87 24 22 20 27 22
leaf_count=131 34 26 54 106 22 40 160 20 51 148 23 28 43 26 30 32 117 22 20 573 49 76 436 32 87 24 22 20 27 22
internal_value=-0.000823623 -0.0201798 0.0137598 0.00664968 -0.00512343 0.0041194 0.0150982 0.0189851 -0.0240676 -0.0159512 -0.0234627 0.00222 0.00841935 -0.00733333 -0.0103165 -0.0148073 0.0221239 -0.02088 -0.00347368 -0.0266087 0.0165846 0.0162056 0.0271394 -0.006 0.0248571 0.0124932 0.000666667 -0.00294915 -0.0281554 0.00215094
internal_weight=2501 1074 1427 937 392 263 545 129 972 241 129 195 119 76 134 104 350 170 71 731 190 102 490 64 107 141 76 54 600 48
internal_count=2501 1074 1427 937 392 263 545 129 972 241 129 195 119 76 134 104 350 170 71 731 190 102 490 64 107 141 76 54 600 48
is_linear=0
shrinkage=0.03


Tree=11
num_leaves=31
num_cat=0
split_feature=130 115 115 123 122 139 138 130 132 119 123 115 133 122 116 128 116 133 133 129 121 119 138 126 117 132 126 121 124 126
split_gain=766.959 171.677 158.899 94.9052 35.1756 79.5884 58.7589 41.2419 32.3761 21.6057 14.4068 11.5174 11.6596 10.5217 9.70098 7.50589 6.39356 7.55563 6.22527 6.15582 5.80174 5.69575 5.35101 4.1043 3.83057 3.5885 2.8969 2.79186 2.48512 2.40911
threshold=18.833333333333339 33.500000000000007 52.500000000000007 -49.499999999999993 -3.4999999999999996 18.500000000000004 40.500000000000007 58.166666666666679 91.142857142857153 14.500000000000002 -4.4999999999999991 15.500000000000002 2.6379555726829742 17.500000000000004 49.500000000000007 8.5000000000000018 16.500000000000004 19.617244451601177 7.9833928594105519 23.500000000000004 9.5000000000000018 74.500000000000014 38.500000000000007 20.500000000000004 19.500000000000004 11.928571428571431 40.500000000000007 6.5000000000000009 8.5000000000000018 30.500000000000004
decision_type=2 2 2 2 2 2 2 2 2 2 2 2 2 2 2 2 2 2 2 2 2 2 2 2 2 2 2 2 2 2
left_child=1 9 3 14 5 -5 7 19 11 22 18 12 26 23 -2 -14 -8 -18 -11 -7 -3 -4 -1 -12 28 -24 -6 -26 -13 -21
right_child=2 20 21 4 8 6 16 -9 -10 10 13 24 15 -15 -16 -17 17 -19 -20 29 -22 -23 25 -25 27 -27 -28 -29 -30 -31
leaf_value=-0.49183141048372103 0.29668234484537576 0.15492097888036252 0.43042133422409479 -0.53647605231606033 -0.15322968704283688 0.16630696370708839 -0.53572102296606028 2.3355750717152617 2.7918700968985877 -0.14284562806242296 -0.48851108488842299 0.21242690303428752 0.37342751434363947 -0.045679003868541963 2.1634621305949016 -0.56042896892095018 0.047416778078397073 -0.53637265369000775 0.098047279942278992 -0.15462937503057253 0.79104032736058194 3.2059345400189381 -0.51574419478372102 -0.34566899474347862 0.1025517758982923 -0.45648905798615425 0.19444789958975758 -0.032411036501890998 0.058994089370641517 0.011938603918216426
leaf_weight=125 23 21 40 113 41 32 41 92 99 36 156 39 21 32 160 37 40 38 24 26 70 450 527 20 23 63 42 28 22 20
leaf_count=125 23 21 40 113 41 32 41 92 99 36 156 39 21 32 160 37 40 38 24 26 70 450 527 20 23 63 42 28 22 20
internal_value=-0.00113488 -0.0202354 0.013257 0.00594904 0.00117787 -0.00485012 0.00355102 0.0147086 0.00805042 -0.0238907 -0.016022 0.00218605 -0.00345205 -0.0196901 0.0250213 -0.0132381 -0.0122903 -0.00643373 -0.00267692 -0.00137349 0.018375 0.0270182 -0.0267 -0.0225083 0.00917949 -0.0281244 0.00368182 0.00257143 0.014 -0.00811765
internal_weight=2501 1074 1427 937 754 402 289 170 352 983 268 253 141 208 183 58 119 78 60 78 91 490 715 176 112 590 83 51 61 46
internal_count=2501 1074 1427 937 754 402 289 170 352 983 268 253 141 208 183 58 119 78 60 78 91 490 715 176 112 590 83 51 61 46
is_linear=0
shrinkage=0.03


Tree=12
num_leaves=31
num_cat=0
split_feature=130 115 115 134 137 138 130 115 126 123 117 123 131 121 131 132 126 116 126 121 119 130 132 130 138 131 119 123 126 115
split_gain=752.376 169.249 159.875 101.886 70.5853 61.0862 58.0137 27.5228 23.1842 20.8389 13.4107 12.1589 11.3824 11.3517 9.33342 9.13057 7.78993 7.01293 5.98386 5.80174 5.69575 5.57312 5.18289 5.45098 4.09653 3.89939 2.87004 4.09808 2.54215 1.8512
threshold=18.833333333333339 33.500000000000007 52.500000000000007 1.0000000180025095e-35 9.5000000000000018 40.500000000000007 46.833333333333336 12.500000000000002 35.500000000000007 -18.499999999999996 1.5000000000000002 -43.499999999999993 7.0553192529232183 90.500000000000014 6.4288914274887627 92.500000000000014 18.500000000000004 87.500000000000014 68.500000000000014 9.5000000000000018 74.500000000000014 56.000000000000007 36.928571428571438 28.166666666666668 38.500000000000007 2.7265482080417307 14.500000000000002 -4.4999999999999991 39.500000000000007 19.500000000000004
decision_type=2 2 2 2 2 2 2 2 2 2 2 2 2 2 2 2 2 2 2 2 2 2 2 2 2 2 2 2 2 2
left_child=1 7 3 6 10 8 11 9 -6 -1 -5 -2 -9 15 29 21 -13 -16 -10 -3 -4 -8 23 -18 -11 -23 -26 -28 -24 -7
right_child=2 19 20 4 5 14 13 12 18 24 -12 16 -14 -15 17 -17 22 -19 -20 -21 -22 25 28 -25 26 -27 27 -29 -30 -31
leaf_value=-0.04766735121584826 1.0807864597672583 0.15027334951395163 0.41750869419737197 -0.014574171137783764 -0.04625235428215118 -0.377195024417251 0.17065965259575436 -0.12930929152154283 0.2411285913874294 -0.47707646816920946 -0.52038177074657843 -0.2435849324120819 0.059167531230188003 2.6244005464336904 -0.52040442162707845 2.5288278137546141 -0.020873941710825506 -0.54506120033635552 2.356615092693918 0.7673091175397645 3.1097565038183701 -0.090321199557454712 -0.31014589083188993 0.17429696032595729 -0.50027186894020936 0.20392861019058911 -0.17353597398573284 -0.5301888622370684 0.0026620240612306211 0.020148240034428378
leaf_weight=35 22 21 40 21 22 20 42 66 33 125 108 34 35 160 58 89 34 36 74 70 450 28 21 50 570 31 27 125 34 20
leaf_count=35 22 21 40 21 22 20 42 66 33 125 108 34 35 160 58 89 34 36 74 70 450 28 21 50 570 31 27 125 34 20
internal_value=-0.00103911 -0.0199574 0.0132151 0.00588535 -0.00572796 0.00322388 0.0142255 -0.023587 0.0176418 -0.025292 -0.0234627 0.00102 -0.00815094 0.0214479 -0.0107482 0.0156615 -0.00182022 -0.015697 0.02325 0.018375 0.0270182 0.00871698 0.00141667 0.006 -0.0262254 0.00225 -0.0273095 -0.0213631 -0.0054 0.0012
internal_weight=2501 1074 1427 937 392 263 545 983 129 882 129 195 101 350 134 190 173 94 107 91 490 101 139 84 847 59 722 152 55 40
internal_count=2501 1074 1427 937 392 263 545 983 129 882 129 195 101 350 134 190 173 94 107 91 490 101 139 84 847 59 722 152 55 40
is_linear=0
shrinkage=0.03


Tree=13
num_leaves=31
num_cat=0
split_feature=130 119 134 122 116 137 139 122 120 132 126 139 122 139 126 121 132 118 133 138 121 122 126 123 131 130 119 118 132 116
split_gain=739.921 153.353 90.2643 134.968 65.0002 50.9401 42.816 31.9851 29.123 26.7613 22.1466 21.4118 20.2899 14.189 10.966 10.0856 7.43935 7.39375 18.5131 7.12537 6.88319 6.83515 6.81267 6.79376 6.77189 6.08948 5.41764 5.0907 4.67282 4.2817
threshold=26.166666666666668 26.500000000000004 1.0000000180025095e-35 -5.4999999999999991 48.500000000000007 9.5000000000000018 29.500000000000004 24.500000000000004 27.500000000000004 103.50000000000001 50.500000000000007 23.500000000000004 11.500000000000002 29.500000000000004 68.500000000000014 17.500000000000004 11.928571428571431 61.000000000000007 42.283355483114519 38.500000000000007 7.5000000000000009 9.5000000000000018 24.500000000000004 -10.499999999999998 4.6784206501525123 49.500000000000007 37.500000000000007 16.166666666666668 52.428571428571438 8.5000000000000018
decision_type=2 2 2 2 2 2 2 2 2 2 2 2 2 2 2 2 2 2 2 2 2 2 2 2 2 2 2 2 2 2
left_child=1 12 4 5 9 -4 14 8 11 21 15 -3 19 -13 -7 -5 -14 -8 -19 -1 -10 24 23 -21 26 -6 29 -26 -12 -2
right_child=2 7 3 10 25 6 17 -9 20 -11 28 13 16 -15 -16 -17 -18 18 -20 22 -22 -23 -24 -25 27 -27 -28 -29 -30 -31
leaf_value=-0.41871908502710348 0.07966748213732415 -0.51289350636995645 -0.50477031762418112 -0.13180592757173534 0.52658577861404121 0.014116711969250665 -0.50479228897826611 0.52673604565012599 -0.0031222109264628984 3.2371757128679146 0.35499083117170738 0.23222321930553913 -0.12502151612746704 -0.43797329136995639 2.6759166399131002 0.23953814957126907 0.01447398870495597 2.2226620195629758 -0.52870936432626481 -0.18991167707200304 0.80929582745537842 0.074344777536498513 -0.24110390372605692 -0.48526371287200304 -0.36620915772282764 2.7608319182742904 -0.028754557898796697 -0.010874750573867793 2.6622277891576003 0.16299654919699869
leaf_weight=140 74 64 99 25 56 20 48 70 23 80 25 47 35 20 41 29 22 29 22 44 37 26 30 649 20 467 24 26 179 30
leaf_count=140 74 64 99 25 56 20 48 70 23 80 25 47 35 20 41 29 22 29 22 44 37 26 30 649 20 467 24 26 179 30
internal_value=-0.0013743 -0.0185868 0.0140332 0.00418391 0.020302 -0.011 -0.000327273 0.00166917 -0.00471429 0.0084 0.0193688 -0.0125294 -0.0243178 -0.000333333 0.0185455 0.0019322 -0.00619355 -0.0123462 -0.00364286 -0.0254654 0.0119077 0.0023122 -0.0268187 -0.0274556 0 0.0265227 0.00356391 -0.00929412 0.023799 0.00655046
internal_weight=2501 1181 1320 517 803 259 160 261 191 280 258 131 920 67 61 54 57 99 51 863 60 200 723 693 174 523 128 46 204 104
internal_count=2501 1181 1320 517 803 259 160 261 191 280 258 131 920 67 61 54 57 99 51 863 60 200 723 693 174 523 128 46 204 104
is_linear=0
shrinkage=0.03


Tree=14
num_leaves=31
num_cat=0
split_feature=130 115 115 134 138 126 138 119 133 115 122 129 123 122 126 126 117 115 134 129 118 138 132 121 133 132 129 126 129 132
split_gain=711.108 163.523 154.258 94.478 66.8453 65.5759 59.555 27.1166 26.6449 24.342 16.2107 15.5212 14.2255 12.6506 9.15962 8.98377 7.69668 7.61199 9.60931 6.34977 6.15271 5.35101 4.80316 4.79362 4.22094 3.5885 3.22667 3.23797 2.6784 3.48183
threshold=18.833333333333339 70.500000000000014 33.500000000000007 1.0000000180025095e-35 39.500000000000007 46.500000000000007 40.500000000000007 14.500000000000002 31.264162382207829 1.0000000180025095e-35 -71.999999999999986 20.500000000000004 -4.4999999999999991 7.5000000000000009 160.50000000000003 26.500000000000004 35.500000000000007 17.500000000000004 0.6078576107927941 1.0000000180025095e-35 11.16666666666667 38.500000000000007 9.071428571428573 16.500000000000004 19.617244451601177 11.928571428571431 36.500000000000007 40.500000000000007 131.50000000000003 92.500000000000014
decision_type=2 2 2 2 2 2 2 2 2 2 2 2 2 2 2 2 2 2 2 2 2 2 2 2 2 2 2 2 2 2
left_child=2 3 7 5 9 11 8 21 20 -5 -7 16 19 -14 28 -13 -2 18 24 -9 -6 -1 -15 -4 -8 -23 -17 -28 29 -12
right_child=1 -3 23 4 6 10 17 12 -10 -11 14 15 13 22 -16 26 -18 -19 -20 -21 -22 25 -24 -25 -26 -27 27 -29 -30 -31
leaf_value=-0.45020260157332009 0.0084364254125036814 3.0921321516897042 0.21906443578132698 -0.48962720809545568 -0.045288285012764128 2.7380069607260618 0.060996190439447803 0.039740813089275982 1.9664278643800883 0.11493092522199638 0.15985647263482897 -0.21000802166454732 -0.4962765811788577 -0.12208786394050196 8.5951338881929544 0.18713658838217601 0.81303751217165898 0.0090003274965357247 -0.4896485203089182 -0.29487707717113881 0.15627914197764378 -0.4707058014858429 0.0077481802299445941 0.68669556755354344 -0.4975041006125977 -0.41322831879220318 -0.091107069746864583 0.02881742325870883 0.10060522031472423 1.736589387605102
leaf_weight=125 38 436 27 112 32 150 33 38 82 21 129 53 149 30 49 31 22 32 37 22 22 527 29 64 34 63 37 30 23 24
leaf_count=125 38 436 27 112 32 150 33 38 82 21 129 53 149 30 49 31 22 32 37 22 22 527 29 64 34 63 37 30 23 24
internal_value=-0.00173344 0.0121257 -0.0201242 0.0053253 -0.00576585 0.0129848 0.00279422 -0.023587 0.0165532 -0.0227826 0.0204316 -0.000388889 -0.0149231 -0.0185634 0.014713 -0.00553846 0.0119077 -0.0110213 -0.0148073 -0.00175385 0 -0.0267 -0.006 0.0165 -0.007 -0.0281244 0 -0.00366667 0.0109061 0.0123038
internal_weight=2501 1427 1074 991 405 586 272 983 136 133 375 211 268 208 225 151 60 136 104 60 54 715 59 91 67 590 98 67 176 153
internal_count=2501 1427 1074 991 405 586 272 983 136 133 375 211 268 208 225 151 60 136 104 60 54 715 59 91 67 590 98 67 176 153
is_linear=0
shrinkage=0.03


Tree=15
num_leaves=31
num_cat=0
split_feature=130 119 132 122 137 139 122 122 125 131 119 137 117 119 127 131 131 128 138 125 122 116 132 139 126 130 139 118 139 126
split_gain=680.735 112.063 110.022 45.5605 113.136 66.1827 36.9588 32.6443 29.5091 27.7414 24.3274 14.9008 14.5794 11.863 13.7538 10.4251 9.89704 8.50942 8.39278 8.27062 11.5143 8.23427 4.9397 4.6129 9.05424 4.77658 4.49013 4.40626 3.88917 4.3529
threshold=18.833333333333339 33.500000000000007 67.928571428571445 -48.499999999999993 9.5000000000000018 29.500000000000004 9.5000000000000018 -35.499999999999993 -0.97955778055903198 4.5214865433696501 14.500000000000002 9.5000000000000018 90.500000000000014 73.500000000000014 93.500000000000014 2.5595537745932826 31.652554450993325 4.5000000000000009 38.500000000000007 -0.13784568518254078 1.5000000000000002 101.50000000000001 5.2142857142857153 25.500000000000004 44.500000000000007 33.166666666666679 19.500000000000004 18.166666666666668 26.500000000000004 40.500000000000007
decision_type=2 2 2 2 2 2 2 2 2 2 2 2 2 2 2 2 2 2 2 2 2 2 2 2 2 2 2 2 2 2
left_child=1 10 6 4 -4 -6 8 26 -2 15 18 -11 23 14 -5 28 21 -9 -1 22 -21 -7 -12 24 -13 -25 -3 -8 29 -10
right_child=2 7 3 13 5 16 27 17 9 11 19 12 -14 -15 -16 -17 -18 -19 -20 20 -22 -23 -24 25 -26 -27 -28 -29 -30 -31
leaf_value=-0.43669652352612048 1.0358667519042797 -0.48400809374349191 -0.47493839185259201 0.015361814104661916 2.5366463047843051 -0.47477975722120991 0.028369032532804875 0.66609470052693709 -0.029785730127832224 -0.47493839185259201 -0.23651726808543039 -0.12556747325849232 0.77349796554380112 3.6079924059946675 2.063750026327785 0.23345593804817341 -0.4749590646996506 0.032517123338024805 -0.45658462744126765 -0.48483698754843046 -0.11842522802228686 2.1541522732629033 0.010359240074448266 -0.049135626750749638 0.14429971966225749 -0.4749590646996506 -0.33625570019349188 0.53769138268132566 -0.078118725758204693 0.25367898333249195
leaf_weight=125 39 25 63 36 195 20 42 62 51 44 20 61 22 360 125 46 29 55 590 68 71 21 38 23 37 33 20 88 38 54
leaf_count=125 39 25 63 36 195 20 42 62 51 44 20 61 22 360 125 46 29 55 590 68 71 21 38 23 37 33 20 88 38 54
internal_value=-0.00168555 -0.0196793 0.0118743 0.0187166 0.00971171 0.0183111 0.00173928 0.0031976 -0.00237086 -0.00484058 -0.0237448 -0.0119733 -0.00759116 0.0242281 0.0164096 0.00352577 -0.00632 0.0115082 -0.0263667 -0.0137822 -0.0176667 0.00313043 -0.00371429 -0.0109057 -0.00634951 -0.0176066 -0.01728 0.0155111 -0.000567568 0.0024
internal_weight=2501 1074 1427 849 328 265 578 162 448 409 912 220 176 521 161 189 70 117 715 197 139 41 58 154 98 56 45 130 143 105
internal_count=2501 1074 1427 849 328 265 578 162 448 409 912 220 176 521 161 189 70 117 715 197 139 41 58 154 98 56 45 130 143 105
is_linear=0
shrinkage=0.03


Tree=16
num_leaves=31
num_cat=0
split_feature=130 115 115 134 137 138 130 123 125 115 131 130 130 138 116 129 131 118 126 124 118 119 135 132 121 139 115 132 135 134
split_gain=662.091 179.555 149.144 97.3164 63.7981 55.0062 54.5101 33.3801 27.6236 26.1203 14.7478 14.6386 14.2745 9.23148 7.95038 7.92373 6.98598 16.4563 9.25445 6.80542 7.62147 6.48342 6.12162 8.12283 5.73095 5.54597 4.4063 4.35326 3.96955 3.88991
threshold=26.166666666666668 12.500000000000002 67.500000000000014 1.0000000180025095e-35 9.5000000000000018 40.500000000000007 100.33333333333336 -43.499999999999993 -0.92582417582417575 33.500000000000007 18.550231862212872 60.833333333333336 7.166666666666667 38.500000000000007 29.500000000000004 6.5000000000000009 31.375799912547169 61.000000000000007 66.500000000000014 -32.499999999999993 13.500000000000002 46.500000000000007 1.0000000180025095e-35 40.714285714285715 16.500000000000004 19.500000000000004 17.500000000000004 41.071428571428577 -0.56174490092936669 0.87837969732492682
decision_type=2 2 2 2 2 2 2 2 2 2 2 2 2 2 2 2 2 2 2 2 2 2 2 2 2 2 2 2 2 2
left_child=1 8 3 6 21 11 7 -2 14 12 22 -6 -3 -10 -1 -11 17 18 -7 -15 -21 -5 26 -24 -17 -14 28 -12 -9 -4
right_child=2 9 29 4 5 16 -8 10 13 15 27 -13 25 19 -16 24 -18 -19 -20 20 -22 -23 23 -25 -26 -27 -28 -29 -30 -31
leaf_value=-0.15639561389202966 1.1997673627607508 -0.12901070351407279 3.0508071491645277 -0.4606902400970142 0.049013817270766251 -0.0099526015852107359 2.6053673707573322 0.16982158542074288 -0.40859562782033693 1.3971571748413267 -0.013195674684403044 2.131001267201206 0.13703373955820361 -0.45211006652633529 0.45375137305242291 -0.045506752567058495 -0.48367418843710946 2.4083956659795391 -0.47304529343316115 -0.44288708861802961 -0.46538287456809202 -0.4606902400970142 -0.087769709591280831 0.059955184548890088 0.35740547875620221 -0.014720612926822819 0.12536614650844646 -0.16005661890238002 -0.045935647535604356 2.2549547808455408
leaf_weight=43 55 50 392 32 43 42 223 44 134 44 20 70 24 20 22 22 27 21 35 657 68 90 28 38 53 44 56 26 38 40
leaf_count=43 55 50 392 32 43 42 223 44 134 44 20 70 24 20 22 22 27 21 35 657 68 90 28 38 53 44 56 26 38 40
internal_value=-0.00190104 -0.0181821 0.0126747 0.00556999 -0.00639452 0.00269136 0.0137223 0.00530323 -0.024019 0.00505785 0.000447059 0.0174915 -0.00482927 -0.0254118 -0.00462857 0.0147097 -0.0108 -0.00634951 -0.0127317 -0.026832 -0.0273205 -0.0235748 0.00399043 -0.00329577 0.0078 0.0040274 0.00751049 -0.014 0.00268966 0.0270343
internal_weight=2501 1181 1320 888 360 238 528 305 944 237 250 113 118 879 65 119 125 98 77 745 725 122 204 66 75 68 138 46 82 432
internal_count=2501 1181 1320 888 360 238 528 305 944 237 250 113 118 879 65 119 125 98 77 745 725 122 204 66 75 68 138 46 82 432
is_linear=0
shrinkage=0.03


Tree=17
num_leaves=31
num_cat=0
split_feature=130 115 115 123 122 139 139 127 125 115 121 130 138 115 117 133 128 128 124 116 129 130 133 127 139 117 127 130 117 123
split_gain=626.023 174.149 153.367 83.1769 34.4203 72.8433 51.2484 29.1545 26.4614 26.1203 18.7611 14.2745 13.8116 13.5656 8.9102 10.4187 10.4433 8.48097 8.16019 8.01557 7.4065 7.08754 6.30914 5.66428 5.54597 5.31068 5.02901 4.84749 4.07902 4.84554
threshold=26.166666666666668 12.500000000000002 70.500000000000014 -57.499999999999993 -2.4999999999999996 23.500000000000004 26.500000000000004 160.50000000000003 -0.94868421052631569 33.500000000000007 49.500000000000007 7.166666666666667 38.500000000000007 2.5000000000000004 1.0000000180025095e-35 3.7552202348921333 10.500000000000002 5.5000000000000009 -38.499999999999993 57.500000000000007 32.500000000000007 20.166666666666668 20.940137942252409 1.5000000000000002 19.500000000000004 41.500000000000007 40.500000000000007 85.833333333333357 21.500000000000004 -12.499999999999998
decision_type=2 2 2 2 2 2 2 2 2 2 2 2 2 2 2 2 2 2 2 2 2 2 2 2 2 2 2 2 2 2
left_child=1 8 3 19 5 13 10 14 -1 11 -7 -3 23 -5 15 26 -17 -11 -8 -2 -16 28 25 -10 -13 -20 -6 -12 29 -14
right_child=2 9 -4 4 7 6 18 -9 12 17 27 24 21 -15 20 16 -18 -19 22 -21 -22 -23 -24 -25 -26 -27 -28 -29 -30 -31
leaf_value=0.05637187015678307 1.0836109026468876 -0.12514038240865061 2.9567493574031412 -0.4468695328941038 -0.30847049766919288 -0.018179789022325307 -0.44651893395566628 5.9075255807455997 -0.4413377589857268 0.69729547040766526 0.31049672790705946 0.13292272737145755 -0.15944367763215148 -0.046088908335070185 0.57672337076565394 0.20957617592856045 -0.44271046615801324 0.250665841051743 -0.073671183604115439 2.1416063416380307 0.026342073508624751 -0.28624609405926993 -0.44616569822313806 -0.29133775898572684 -0.014278994539018139 0.29754547079717342 0.24421032476424009 2.2264429534044199 -0.4554341462870703 -0.42960047595948875
leaf_weight=36 20 50 427 96 33 34 25 64 53 61 22 24 32 44 26 30 50 58 26 143 54 33 45 81 44 34 76 71 82 627
leaf_count=36 20 50 427 96 33 34 25 64 53 61 22 24 32 44 26 30 50 58 26 143 54 33 45 81 44 34 76 71 82 627
internal_value=-0.00199681 -0.017828 0.0121766 0.00503786 0.000644898 -0.00528358 0.00421374 0.00770414 -0.0235764 0.00505785 0.0174545 -0.00482927 -0.0245717 -0.0223034 0.00315328 -0.00043299 -0.0084 0.0147097 -0.00884444 0.0240714 0.0112235 -0.0261797 -0.00458182 -0.0146331 0.0040274 0.00175385 0.00547368 0.0241224 -0.026815 -0.0277771
internal_weight=2501 1181 1320 893 730 397 257 333 944 237 127 118 908 140 269 189 80 119 130 163 80 774 105 134 68 60 109 93 741 659
internal_count=2501 1181 1320 893 730 397 257 333 944 237 127 118 908 140 269 189 80 119 130 163 80 774 105 134 68 60 109 93 741 659
is_linear=0
shrinkage=0.03


Tree=18
num_leaves=31
num_cat=0
split_feature=130 115 115 134 137 126 138 125 115 131 139 122 126 138 130 126 129 118 115 116 124 125 126 133 126 121 129 130 125 117
split_gain=629.808 166.596 148.591 101.447 58.5664 47.1606 44.5918 26.1967 26.1503 21.7113 17.9956 14.9794 14.2799 13.3858 13.1159 11.9494 8.86277 8.82035 8.34626 9.77094 7.07189 6.02555 5.66428 5.53137 5.80857 5.07957 4.63538 6.56682 4.37789 4.10786
threshold=26.166666666666668 12.500000000000002 70.500000000000014 1.0000000180025095e-35 9.5000000000000018 60.500000000000007 40.500000000000007 -0.94868421052631569 33.500000000000007 18.550231862212872 15.500000000000002 -51.499999999999993 107.50000000000001 38.500000000000007 7.166666666666667 227.50000000000003 6.5000000000000009 14.833333333333334 17.500000000000004 5.5000000000000009 -18.499999999999996 -0.037386443046820393 1.5000000000000002 1.059413142992673 40.500000000000007 16.500000000000004 131.50000000000003 106.83333333333336 -0.8291666666666665 32.500000000000007
decision_type=2 2 2 2 2 2 2 2 2 2 2 2 2 2 2 2 2 2 2 2 2 2 2 2 2 2 2 2 2 2
left_child=1 7 3 5 10 9 12 -1 14 23 -5 -7 -6 22 -3 26 -10 20 19 -8 -15 -16 -9 24 -2 -18 27 -13 -22 -19
right_child=2 8 -4 4 6 11 18 13 16 -11 -12 15 -14 17 21 -17 25 29 -20 -21 28 -23 -24 -25 -26 -27 -28 -29 -30 -31
leaf_value=0.05468071405207954 -0.25107898992046673 -0.12138617093639104 2.868046876681047 0.037159881317488354 0.053666189765319956 2.1945495382151878 -0.44523329627436176 -0.42809762621615499 1.3343235954838568 -0.13051090095180121 -0.43346344690728067 0.081202972549927338 2.2202998133232326 -0.33996092559053193 0.11441073686074302 10.389980582212244 -0.051661525221599031 -0.068423254125008923 0.012057898503265108 -0.45262695970542965 -0.20671246168070403 -0.024173744668125677 -0.28259762621615503 0.096617530654070333 0.24864765652696774 0.33916333916196378 -0.11373383333865782 1.5771304215006872 -0.41937589544518372 -0.43964171454678502
leaf_weight=36 36 50 427 20 55 165 35 53 44 40 104 52 59 20 26 39 22 29 28 62 63 42 81 105 41 53 22 30 617 45
leaf_count=36 36 50 427 20 55 165 35 53 44 40 104 52 59 20 26 39 22 29 28 62 63 42 81 105 41 53 22 30 617 45
internal_value=-0.00194892 -0.017828 0.0122672 0.00523831 -0.00691304 0.0135589 0.00181967 -0.0234499 0.00456198 0.00288106 -0.0232093 0.0210671 0.0150756 -0.0244403 -0.00531707 0.0131351 0.0142258 -0.0260257 -0.0103385 -0.0143529 -0.0271404 0.00320548 -0.0146331 0.00734759 0.00102439 0.00705 0.00710092 0.0102759 -0.0276701 -0.0143544
internal_weight=2501 1181 1320 893 363 530 239 944 237 222 124 308 114 908 118 143 119 774 125 97 700 68 134 182 77 75 104 82 680 74
internal_count=2501 1181 1320 893 363 530 239 944 237 222 124 308 114 908 118 143 119 774 125 97 700 68 134 182 77 75 104 82 680 74
is_linear=0
shrinkage=0.03


Tree=19
num_leaves=31
num_cat=0
split_feature=130 115 115 134 137 126 139 125 115 115 131 133 138 121 126 130 121 129 118 131 124 132 132 130 131 125 126 118 129 130
split_gain=619.926 168.839 147.791 98.972 59.0297 45.347 41.6499 26.0648 24.8491 21.4638 17.834 16.3128 13.1752 12.7235 11.8374 11.6977 9.01105 8.86277 8.67225 7.49327 7.00144 6.99975 7.31513 6.32782 15.752 6.02555 5.66428 5.64109 5.63593 8.46861
threshold=26.166666666666668 12.500000000000002 81.500000000000014 1.0000000180025095e-35 9.5000000000000018 62.500000000000007 29.500000000000004 -0.94868421052631569 33.500000000000007 1.0000000180025095e-35 18.853223039145067 69.812284662050061 38.500000000000007 75.500000000000014 226.50000000000003 7.166666666666667 43.500000000000007 6.5000000000000009 14.833333333333334 10.055377800374464 -18.499999999999996 36.928571428571438 40.714285714285715 111.16666666666667 35.759940087633957 -0.037386443046820393 1.5000000000000002 11.16666666666667 131.50000000000003 106.83333333333336
decision_type=2 2 2 2 2 2 2 2 2 2 2 2 2 2 2 2 2 2 2 2 2 2 2 2 2 2 2 2 2 2
left_child=1 7 3 5 9 10 11 -1 15 -5 21 16 26 14 28 -3 -6 -10 20 -8 -14 27 -23 -21 -25 -17 -9 -2 29 -7
right_child=2 8 -4 4 6 13 19 12 17 -11 -12 -13 18 -15 -16 25 -18 -19 -20 23 -22 22 -24 24 -26 -27 -28 -29 -30 -31
leaf_value=0.053040292630517169 0.0087439059196375082 -0.11774458580829934 3.0520054703806156 -0.42045954350006226 -0.026196751186914131 0.10300563625653403 0.22422489600498927 -0.41525469742967036 1.2942938876193411 0.071725034231233734 -0.074507140611026437 3.2532145946229098 -0.32976209782281596 2.1876674219491332 8.248281164745876 0.11097841475492069 0.33869078228765592 0.17450584591350868 -0.4254335599639778 -0.43658842749699633 -0.40413118481734855 -0.080930061834585981 0.073552818293416602 1.9613696601111075 -0.44220018304613912 -0.02344853232808191 -0.27411969742967035 0.39416453563498599 -0.11032181833849812 0.61552087620394991
leaf_weight=36 30 50 400 105 52 52 23 53 44 23 43 45 20 156 43 26 41 75 74 43 680 35 84 20 21 42 81 44 24 36
leaf_count=36 30 50 400 105 52 52 23 53 44 23 43 45 20 156 43 26 41 75 74 43 680 35 84 20 21 42 81 44 24 36
internal_value=-0.00197287 -0.0177268 0.0121313 0.00544216 -0.0064127 0.0135217 0.002256 -0.0233867 0.00480992 -0.0225113 0.00346058 0.012965 -0.0243746 0.020962 0.014025 -0.00482927 0.00514286 0.0142258 -0.0259487 -0.0114643 -0.0270553 0.00739394 0.0026129 -0.0154382 -0.00573913 0.00320548 -0.0146331 0.0143544 0.00815385 0.0115484
internal_weight=2501 1181 1320 920 373 547 245 944 237 128 236 138 908 311 155 118 93 119 774 107 700 193 119 84 41 68 134 74 112 88
internal_count=2501 1181 1320 920 373 547 245 944 237 128 236 138 908 311 155 118 93 119 774 107 700 193 119 84 41 68 134 74 112 88
is_linear=0
shrinkage=0.03


Tree=20
num_leaves=31
num_cat=0
split_feature=130 118 120 122 123 122 139 139 122 126 120 126 125 120 138 119 138 132 119 137 129 131 118 131 131 124 126 118 122 124
split_gain=606.397 121.733 87.3964 66.3543 69.8295 43.6087 65.8343 51.5277 35.3582 27.3386 25.9807 20.4469 19.6369 16.7435 13.5424 11.2167 11.9169 9.83907 9.82425 7.8022 7.57701 6.1597 12.9606 7.67164 5.89322 5.85299 5.66428 5.61333 5.2103 5.19262
threshold=26.166666666666668 8.8333333333333339 81.500000000000014 75.500000000000014 -57.499999999999993 -4.4999999999999991 23.500000000000004 26.500000000000004 25.500000000000004 160.50000000000003 27.500000000000004 88.500000000000014 -0.14589800443458975 2.5000000000000004 38.500000000000007 17.500000000000004 38.500000000000007 11.928571428571431 12.500000000000002 9.5000000000000018 1.5000000000000002 35.759940087633957 61.000000000000007 3.17859624443807 15.333290525988183 1.0000000180025095e-35 1.5000000000000002 58.333333333333336 12.500000000000002 -9.4999999999999982
decision_type=2 2 2 2 2 2 2 2 2 2 2 2 2 2 2 2 2 2 2 2 2 2 2 2 2 2 2 2 2 2
left_child=1 14 3 4 27 6 13 11 10 15 12 -8 17 -6 26 16 -7 -3 29 -17 -12 22 23 -9 -15 28 -1 -2 -14 -16
right_child=2 8 -4 -5 5 9 7 21 -10 -11 20 -13 25 24 18 19 -18 -19 -20 -21 -22 -23 -24 -25 -26 -27 -28 -29 -30 -31
leaf_value=-0.40279705650678022 0.64092682480423036 -0.053607549702339358 3.7104453062691971 2.4834034301426979 -0.40784575719506039 0.19336028100127656 0.060814916702589518 0.006915401648938193 0.36289275015738948 5.5660943810848478 1.839712207788627 2.1481831559973581 -0.41299750494836696 0.057587924153314235 -0.15824488108093585 -0.0083656064233549893 -0.36126480614991363 0.28072907305900735 -0.2390697339602918 0.1714998216188971 0.0080209790414764726 -0.42893417755475488 1.1836752430649196 -0.41272636900471493 -0.12436035970491652 -0.053676206027639457 -0.26589610650678025 2.3808916425839608 -0.10007401590159584 -0.3920072492728281
leaf_weight=53 47 49 219 145 95 93 56 27 69 68 21 71 139 21 25 35 62 27 86 134 39 26 34 50 21 25 81 116 22 545
leaf_count=53 47 49 219 145 95 93 56 27 69 68 21 71 139 21 25 35 62 27 86 134 39 26 34 50 21 25 81 116 22 545
internal_value=-0.00204469 -0.0176256 0.0119049 0.00837613 0.0054256 0.00168421 -0.00523153 0.00354647 -0.00384848 0.00875063 -0.00805505 0.017 -0.0121124 -0.0217183 -0.0243698 0.00490578 -0.0009 0.000666667 -0.0262239 0.0101379 0.00913846 -0.00904225 -0.00537931 -0.012 -0.00497872 -0.0172461 -0.0146331 0.023 -0.0193012 -0.0277461
internal_weight=2501 1181 1320 1101 956 793 401 264 391 392 322 127 262 137 790 324 155 76 656 169 60 137 111 77 42 186 134 163 161 570
internal_count=2501 1181 1320 1101 956 793 401 264 391 392 322 127 262 137 790 324 155 76 656 169 60 137 111 77 42 186 134 163 161 570
is_linear=0
shrinkage=0.03


Tree=21
num_leaves=31
num_cat=0
split_feature=130 115 115 134 137 126 133 115 123 123 115 122 131 130 138 126 139 118 138 122 118 128 132 115 128 126 130 132 128 126
split_gain=595.154 176.526 135.79 101.868 53.1679 53.0865 39.2669 22.9788 19.852 18.7777 18.6977 12.9641 12.7322 11.8149 11.4936 11.4135 9.20954 8.78053 7.45538 7.06344 6.08469 5.92227 5.54796 5.0563 4.71973 4.61489 4.42405 6.86627 6.636 4.34045
threshold=18.833333333333339 81.500000000000014 11.500000000000002 1.0000000180025095e-35 9.5000000000000018 71.500000000000014 69.812284662050061 1.0000000180025095e-35 -49.499999999999993 -18.499999999999996 39.500000000000007 -75.499999999999986 13.211941432700238 7.166666666666667 38.500000000000007 227.50000000000003 29.500000000000004 18.500000000000004 39.500000000000007 -2.4999999999999996 61.000000000000007 9.5000000000000018 131.6428571428572 10.500000000000002 57.500000000000007 1.5000000000000002 40.833333333333336 21.928571428571434 54.500000000000007 54.500000000000007
decision_type=2 2 2 2 2 2 2 2 2 2 2 2 2 2 2 2 2 2 2 2 2 2 2 2 2 2 2 2 2 2
left_child=2 3 9 5 7 8 16 -5 -2 -1 13 -7 23 -4 25 22 17 -6 -15 -14 29 -12 -13 26 -19 -11 27 -10 -28 -18
right_child=1 -3 10 4 6 11 -8 -9 12 14 21 15 19 18 -16 -17 20 24 -20 -21 -22 -23 -24 -25 -26 -27 28 -29 -30 -31
leaf_value=-0.033259378114678238 0.91745697294322293 2.7389013272384166 -0.097071795424547913 -0.3956103844792086 -0.010179764468695538 2.5944648933064416 2.0588061556747905 0.11411074467557447 0.27223740715299394 -0.39071314481157682 0.87249637093848542 0.41595614000497916 -0.13646108278485258 0.09157093425864303 -0.38024703179464325 9.6638498983709553 -0.099690929654933633 0.041710558588148455 -0.027316155941180822 -0.0045873376829702467 -0.3918409277701802 0.077513566414020504 -0.048891906829922074 0.041999824922340064 1.053607385181097 -0.25791922331157685 0.36498950381038325 -0.30815684418658074 -0.042027905609434479 -0.41012103130884414
leaf_weight=35 38 409 61 112 77 139 50 25 20 53 57 75 41 29 711 40 32 20 36 38 38 20 26 73 21 72 35 55 23 40
leaf_count=35 38 409 61 112 77 139 50 25 20 53 57 75 41 29 711 40 32 20 36 38 38 20 26 73 21 72 35 55 23 40
internal_value=-0.00218835 0.0104916 -0.019012 0.0037478 -0.00762857 0.0115855 0 -0.0225634 0.00318293 -0.024137 0.003 0.0210316 0.000289655 -0.00407634 -0.0250345 0.013726 -0.00538197 0.000439024 0.00462857 -0.00957143 -0.0114261 0.0141951 0.00758491 0.00423697 0.0109565 -0.0154154 0.000608696 -0.00405 0.00657143 -0.0162857
internal_weight=2501 1427 1074 1018 415 603 278 137 323 871 203 280 285 126 836 141 228 118 65 79 110 77 101 206 41 125 133 75 58 72
internal_count=2501 1427 1074 1018 415 603 278 137 323 871 203 280 285 126 836 141 228 118 65 79 110 77 101 206 41 125 133 75 58 72
is_linear=0
shrinkage=0.03


Tree=22
num_leaves=31
num_cat=0
split_feature=130 115 115 134 137 126 139 125 115 115 131 130 121 139 126 133 115 116 129 130 139 130 134 126 121 127 118 139 128 132
split_gain=582.458 149.31 142.198 103.621 54.3288 41.8005 33.9817 27.3709 20.8906 18.175 17.3132 15.9519 15.7042 13.3289 13.2972 11.1741 10.5862 9.77094 8.64206 8.54791 8.28579 5.98214 5.88345 5.66428 5.36013 5.17952 5.04448 6.47263 5.03567 4.72074
threshold=26.166666666666668 81.500000000000014 11.500000000000002 1.0000000180025095e-35 9.5000000000000018 62.500000000000007 28.500000000000004 -0.92582417582417575 33.500000000000007 1.0000000180025095e-35 18.853223039145067 109.83333333333334 75.500000000000014 13.500000000000002 227.50000000000003 7.9833928594105519 17.500000000000004 5.5000000000000009 5.5000000000000009 7.166666666666667 19.500000000000004 17.833333333333339 0.87837969732492682 1.5000000000000002 55.500000000000007 11.500000000000002 31.833333333333339 13.500000000000002 40.500000000000007 36.928571428571438
decision_type=2 2 2 2 2 2 2 2 2 2 2 2 2 2 2 2 2 2 2 2 2 2 2 2 2 2 2 2 2 2
left_child=2 3 7 5 9 10 11 15 19 -5 29 28 14 23 26 -1 17 -8 -10 -4 -21 -15 -3 -9 -20 -22 27 -7 -6 -2
right_child=1 22 8 4 6 12 16 13 18 -11 -12 -13 -14 21 -16 -17 -18 -19 24 20 25 -23 -24 -25 -26 -27 -28 -29 -30 -31
leaf_value=-0.22049023098764375 0.27646679436550853 2.8168495973426162 -0.098569456614262127 -0.38374207294483231 0.25110965376617989 0.34172878438416665 -0.39781740036957886 -0.37899175046722949 1.4411827325585129 0.076987905048526886 -0.064447283118002546 3.7771737599504931 1.9762673305127467 -0.38198868170503536 9.3739344014198274 0.11429102660191526 0.12526714836910627 -0.4012650760799501 -0.016763002752937409 0.10492913784801917 0.014940474205467779 -0.25615539514660129 2.0493329435647967 -0.25018164661222958 0.80016055744237391 -0.064012063815435769 0.27917936474120136 -0.25182240197265854 -0.032782943131664341 0.0099375277301615474
leaf_weight=31 74 362 57 105 45 42 35 53 42 23 43 44 156 680 40 34 32 62 52 26 20 53 38 81 25 27 51 22 27 119
leaf_count=31 74 362 57 105 45 42 35 53 42 23 43 44 156 680 40 34 32 62 52 26 20 53 38 81 25 27 51 22 27 119
internal_value=-0.00235595 0.0113162 -0.0176256 0.00459892 -0.00752381 0.0128696 0.000816 -0.0229819 0.00245669 -0.0229624 0.00321162 0.0123471 0.0200127 -0.0243853 0.012525 -0.00377143 -0.00958209 -0.0143529 0.0113226 -0.00573333 0.00107692 -0.0260488 0.0265037 -0.0146331 0.00468293 -0.00623077 0.0067 0.000782609 0.00303896 0.00709091
internal_weight=2501 1320 1181 920 373 547 245 932 249 128 236 116 311 867 155 65 129 97 119 130 73 733 400 134 77 47 115 64 72 193
internal_count=2501 1320 1181 920 373 547 245 932 249 128 236 116 311 867 155 65 129 97 119 130 73 733 400 134 77 47 115 64 72 193
is_linear=0
shrinkage=0.03


Tree=23
num_leaves=31
num_cat=0
split_feature=130 115 115 134 126 137 138 115 115 123 131 130 121 130 126 138 115 116 138 118 116 126 128 125 115 126 132 130 127 126
split_gain=555.333 151.536 131.721 101.296 52.7006 52.1527 33.0702 22.9788 18.6977 18.0915 17.7305 16.964 16.4778 11.8149 11.2469 9.98795 9.80297 11.4064 7.45538 6.52676 6.00464 7.58519 5.92227 5.75429 5.11949 4.97905 4.72333 7.69537 4.96472 4.61489
threshold=18.833333333333339 81.500000000000014 11.500000000000002 1.0000000180025095e-35 62.500000000000007 9.5000000000000018 40.500000000000007 1.0000000180025095e-35 39.500000000000007 -19.499999999999996 13.211941432700238 109.83333333333334 75.500000000000014 7.166666666666667 227.50000000000003 38.500000000000007 17.500000000000004 5.5000000000000009 39.500000000000007 6.166666666666667 5.5000000000000009 40.500000000000007 9.5000000000000018 -0.4192037470725995 116.50000000000001 29.500000000000004 131.6428571428572 106.83333333333336 79.500000000000014 1.5000000000000002
decision_type=2 2 2 2 2 2 2 2 2 2 2 2 2 2 2 2 2 2 2 2 2 2 2 2 2 2 2 2 2 2
left_child=2 3 9 4 10 7 11 -5 13 -1 20 25 14 -4 26 29 17 -8 -15 -17 21 -2 -10 -21 -3 -7 27 28 -6 -11
right_child=1 24 8 5 12 6 16 -9 22 15 -12 -13 -14 18 -16 19 -18 -19 -20 23 -22 -23 -24 -25 -26 -27 -28 -29 -30 -31
leaf_value=0.041986487073091536 -0.2912274770065853 0.49245941934369025 -0.091202557863383688 -0.37222981075648737 0.11520069738789825 -0.032989650992554097 -0.38588287835849144 0.10837778518385147 0.84682436989291898 -0.3676219979532126 -0.11460229793668339 3.6638585471519778 1.9169793105973643 0.085675932095443164 9.0927163693772304 -0.35970347192213914 0.091885684869896317 -0.38922712379755159 -0.025285045264419777 -0.1096453007326523 0.061762439253774878 0.37489964267918807 0.075691049504188077 -0.37843245975802081 3.89745941934369 0.13793908575051372 -0.057677013156549606 1.2646691757260906 -0.12869835817174582 -0.24267619721386266
leaf_weight=28 49 87 61 112 34 20 40 25 57 53 77 44 156 29 40 543 36 64 36 40 134 31 20 135 322 74 26 35 21 72
leaf_count=28 49 87 61 112 34 20 40 25 57 53 77 44 156 29 40 543 36 64 36 40 134 31 20 135 322 74 26 35 21 72
internal_value=-0.00242777 0.00982123 -0.0186784 0.00357185 0.0113882 -0.00777143 -0.000190813 -0.0225634 0.003 -0.023726 0.00210811 0.010028 0.0198549 -0.00407634 0.0122609 -0.0245094 -0.0103034 -0.0148073 0.00462857 -0.0259668 0.00654795 0 0.0141951 -0.0194667 0.0251304 0.00236364 0.00689256 0.0100421 0.0024 -0.0154154
internal_weight=2501 1427 1074 1018 603 415 278 137 203 871 291 138 312 126 156 843 140 104 65 718 214 80 77 175 409 94 116 90 55 125
internal_count=2501 1427 1074 1018 603 415 278 137 203 871 291 138 312 126 156 843 140 104 65 718 214 80 77 175 409 94 116 90 55 125
is_linear=0
shrinkage=0.03


Tree=24
num_leaves=31
num_cat=0
split_feature=130 115 115 134 137 126 138 116 134 115 115 121 131 130 138 115 126 116 118 131 129 124 115 129 126 121 132 124 118 117
split_gain=538.138 137.016 134.548 103.997 52.7654 45.4131 32.6976 23.5483 20.8248 20.1785 18.275 16.7149 15.3758 14.9674 14.0409 9.92673 9.81012 9.41912 8.76961 8.72558 8.64206 8.43989 5.89006 5.88213 5.66428 5.36013 5.13764 4.94049 4.69114 7.33588
threshold=25.166666666666668 81.500000000000014 12.500000000000002 1.0000000180025095e-35 9.5000000000000018 62.500000000000007 40.500000000000007 12.500000000000002 -1.0000000180025095e-35 33.500000000000007 1.0000000180025095e-35 75.500000000000014 18.550231862212872 109.83333333333334 38.500000000000007 17.500000000000004 237.00000000000003 5.5000000000000009 16.166666666666668 6.5743120962686392 5.5000000000000009 -9.4999999999999982 35.500000000000007 11.500000000000002 1.5000000000000002 55.500000000000007 113.0714285714286 1.0000000180025095e-35 14.833333333333334 49.500000000000007
decision_type=2 2 2 2 2 2 2 2 2 2 2 2 2 2 2 2 2 2 2 2 2 2 2 2 2 2 2 2 2 2
left_child=2 3 7 5 10 12 13 14 18 19 -5 16 28 -6 24 17 -7 -8 -9 -4 -11 -16 -14 -21 -1 27 -3 -22 -2 -30
right_child=1 26 9 4 6 11 15 8 -10 20 -12 -13 22 -15 21 -17 -18 -19 -20 23 25 -23 -24 -25 -26 -27 -28 -29 29 -31
leaf_value=-0.35659333801461623 0.0036665592528318668 0.64553563676337955 -0.066856003797864785 -0.36106291643379274 0.054784119403451542 0.20031813999199968 -0.37430639200773669 -0.079952131280735764 -0.37280206823059403 1.3725425194849699 0.071426934341555573 1.8594699312794432 -0.13564468902526997 3.5539427907374188 -0.33334878835174553 0.12228817148804345 9.029934878295915 -0.38001003350089541 0.18424666578243171 -0.02788138235822199 -0.076238106461345087 -0.34658885623198871 -0.017122917148651096 0.11531631736685077 -0.2353959112974468 0.77388500923397707 4.4255356367633798 0.11467494918073487 0.14008480616502833 -0.075638933823372625
leaf_weight=53 84 109 71 107 73 118 35 44 69 42 23 156 22 44 47 33 37 63 34 20 30 609 23 25 81 25 291 22 82 29
leaf_count=53 84 109 71 107 73 118 35 44 69 42 23 156 22 44 47 33 37 63 34 20 30 609 23 25 81 25 291 22 82 29
internal_value=-0.00259537 0.0104528 -0.0173781 0.00407281 -0.00797389 0.0123453 0.000213439 -0.0224459 -0.0108158 0.00285 -0.0230667 0.0198228 0.00242449 0.0115082 -0.0245208 -0.00988235 0.01215 -0.0145049 0 -0.00590083 0.0113226 -0.0264054 -0.01248 0.00408 -0.0146331 0.00468293 0.0250222 -0.000947368 0.00612 0.0100345
internal_weight=2501 1329 1172 929 378 551 248 937 147 235 130 311 240 117 790 131 155 98 78 116 119 656 45 45 134 77 400 52 195 111
internal_count=2501 1329 1172 929 378 551 248 937 147 235 130 311 240 117 790 131 155 98 78 116 119 656 45 45 134 77 400 52 195 111
is_linear=0
shrinkage=0.03


Tree=25
num_leaves=31
num_cat=0
split_feature=130 115 115 134 126 137 133 115 125 115 121 131 138 130 126 139 119 138 116 115 124 124 128 123 118 138 119 126 118 126
split_gain=523.73 153.751 128.378 91.1407 53.2382 52.1527 31.5006 22.9788 18.8734 18.6977 18.1642 14.7409 12.8173 11.8149 8.94833 8.82311 10.2426 7.45538 7.43626 7.23511 6.7655 6.67234 5.92227 5.72559 5.53505 7.39813 6.22326 5.45509 5.45391 5.7248
threshold=18.833333333333339 81.500000000000014 11.500000000000002 1.0000000180025095e-35 62.500000000000007 9.5000000000000018 70.876771773885778 1.0000000180025095e-35 -0.8291666666666665 39.500000000000007 89.500000000000014 13.110634129806011 38.500000000000007 7.166666666666667 237.00000000000003 29.500000000000004 55.500000000000007 39.500000000000007 18.500000000000004 116.50000000000001 -3.4999999999999996 1.0000000180025095e-35 9.5000000000000018 -49.499999999999993 31.833333333333339 38.500000000000007 72.500000000000014 1.5000000000000002 61.000000000000007 54.500000000000007
decision_type=2 2 2 2 2 2 2 2 2 2 2 2 2 2 2 2 2 2 2 2 2 2 2 2 2 2 2 2 2 2
left_child=2 3 8 4 11 7 15 -5 18 13 14 23 27 -4 24 16 20 -15 21 -3 -7 -1 -11 -2 25 -6 -26 -10 29 -17
right_child=1 19 9 5 10 6 -8 -9 12 22 -12 -13 -14 17 -16 28 -18 -19 -20 -21 -22 -23 -24 -25 26 -27 -28 -29 -30 -31
leaf_value=-0.032001374094963488 0.79694534058832356 0.37379945390066976 -0.086460801013546196 -0.35023102894077895 0.40597632341111184 0.26546046917915811 1.709559224498862 0.10298364359808924 -0.34589553787417776 0.82370678198997171 1.9001334494555107 -0.10709488832782475 -0.35638707095163263 0.083942095603326439 8.7590368319470375 -0.10688343190709691 0.3871509019837302 -0.022380082252599038 0.097995021522041065 3.6654087730888256 -0.038324738079409122 -0.25257109355796342 0.069980069543640333 0.010662190456490457 0.4135940435417983 -0.22648119868340619 0.053591164832002533 -0.22833403395852339 -0.34534549981500051 -0.36307720024750456
leaf_weight=26 23 87 61 112 45 20 49 25 53 57 152 79 655 29 37 32 29 36 24 322 70 41 20 189 29 23 26 72 38 40
leaf_count=26 23 87 61 112 45 20 49 25 53 57 152 79 655 29 37 32 29 36 24 322 70 41 20 189 29 23 26 72 38 40
internal_value=-0.00261931 0.00927654 -0.0184004 0.00298534 0.0104013 -0.00777143 -0.000190813 -0.0225634 -0.0233836 0.003 0.0189085 0.00109459 -0.0249096 -0.00407634 0.0112364 -0.00497436 0.000677419 0.00462857 -0.009625 0.0246957 -0.00435789 -0.0145 0.0141951 0.00522581 0.00675 0.000739726 0.0134 -0.0149538 -0.0109043 -0.0155065
internal_weight=2501 1427 1074 1018 603 415 278 137 871 203 312 291 780 126 160 229 119 65 91 409 90 67 77 212 123 68 55 125 110 72
internal_count=2501 1427 1074 1018 603 415 278 137 871 203 312 291 780 126 160 229 119 65 91 409 90 67 77 212 123 68 55 125 110 72
is_linear=0
shrinkage=0.03


Tree=26
num_leaves=31
num_cat=0
split_feature=130 115 115 134 137 126 138 126 115 115 130 121 134 118 131 125 131 133 118 122 128 138 115 132 127 128 126 118 115 118
split_gain=504.438 134.36 119.963 100.769 51.0417 39.6417 29.5228 26.9769 20.0368 18.175 16.66 16.0543 14.1173 16.9655 12.7293 9.42005 9.27783 9.1631 12.3687 9.28919 8.15299 7.1673 5.93232 5.8609 6.42358 5.75315 5.67051 7.46417 5.64474 5.61737
threshold=26.166666666666668 81.500000000000014 9.5000000000000018 1.0000000180025095e-35 9.5000000000000018 62.500000000000007 40.500000000000007 9.5000000000000018 39.500000000000007 1.0000000180025095e-35 109.83333333333334 111.50000000000001 1.0000000180025095e-35 14.833333333333334 19.490316467346513 -0.92582417582417575 15.975590795111664 31.73293663639204 61.000000000000007 -42.499999999999993 9.5000000000000018 38.500000000000007 35.500000000000007 36.928571428571438 46.500000000000007 47.500000000000007 237.00000000000003 31.833333333333339 116.50000000000001 11.16666666666667
decision_type=2 2 2 2 2 2 2 2 2 2 2 2 2 2 2 2 2 2 2 2 2 2 2 2 2 2 2 2 2 2
left_child=2 3 7 5 9 14 10 15 16 -5 -6 26 13 -9 23 -1 -4 18 19 -8 -10 -17 -16 29 -25 -21 27 -7 -3 -2
right_child=1 28 8 4 6 11 17 12 20 -11 -12 -13 -14 -15 22 21 -18 -19 -20 25 -22 -23 -24 24 -26 -27 -28 -29 -30 -31
leaf_value=-0.079444588478450248 0.0030687579868800973 0.4030532552164604 -0.049697105441378932 -0.3397240980725556 0.041783210368360704 0.045864463336053374 -0.35218488424007943 -0.16148401293976769 0.72497405587598762 0.06619461700336618 3.4158738551180567 2.9306851706684918 -0.34821183390851884 0.34557905946800077 -0.14762974799585596 -0.30551867173795244 0.26567809422115413 -0.37281103519809022 2.1702987444053576 -0.087173280956306914 0.067202944928913058 -0.34813204890851884 -0.0030560189315730923 -0.031422906130161292 0.10263139113510895 0.18230641272986417 8.496265726988625 0.28778130212409042 3.5528073044678132 0.32968927768898831
leaf_weight=34 30 81 147 105 72 67 30 79 64 23 44 119 105 24 20 104 20 28 22 27 38 566 22 61 58 22 37 88 319 45
leaf_count=34 30 81 147 105 72 67 30 79 64 23 44 119 105 24 20 104 20 28 22 27 38 566 22 61 58 22 37 88 319 45
internal_value=-0.00240383 0.01032 -0.0166138 0.00395027 -0.008 0.0121087 9.6e-05 -0.0217819 0.000963504 -0.0229624 0.0108595 0.0190633 -0.0118028 -0.00355556 0.00271369 -0.0246178 -0.00537209 -0.00958209 -0.00475472 -0.0102857 0.0111589 -0.0254133 -0.0113617 0.006 0.00164516 -0.00155556 0.013066 0.0099 0.0247259 0.0123
internal_weight=2501 1320 1181 920 373 547 245 912 269 128 116 311 208 103 236 704 167 129 101 79 102 670 42 194 119 49 192 155 400 75
internal_count=2501 1320 1181 920 373 547 245 912 269 128 116 311 208 103 236 704 167 129 101 79 102 670 42 194 119 49 192 155 400 75
is_linear=0
shrinkage=0.03


Tree=27
num_leaves=31
num_cat=0
split_feature=130 115 115 134 137 130 123 138 115 115 130 128 123 130 130 115 116 138 121 139 139 130 118 124 115 129 128 129 132 128
split_gain=488.009 153.833 113.807 93.4801 49.1619 48.679 40.0505 29.1072 22.9788 18.1509 17.0874 16.4355 16.1613 13.2494 10.6809 9.80297 11.4064 9.12879 10.8832 12.9193 12.8614 7.67844 7.61076 6.97211 6.64313 6.26613 5.32746 4.75848 9.63797 4.53541
threshold=18.833333333333339 81.500000000000014 11.500000000000002 1.0000000180025095e-35 9.5000000000000018 100.33333333333336 -49.499999999999993 40.500000000000007 1.0000000180025095e-35 39.500000000000007 109.83333333333334 72.500000000000014 -19.499999999999996 39.500000000000007 7.166666666666667 17.500000000000004 5.5000000000000009 38.500000000000007 7.5000000000000009 21.500000000000004 29.500000000000004 36.166666666666679 66.500000000000014 -2.4999999999999996 116.50000000000001 13.500000000000002 9.5000000000000018 229.00000000000003 131.6428571428572 1.5000000000000002
decision_type=2 2 2 2 2 2 2 2 2 2 2 2 2 2 2 2 2 2 2 2 2 2 2 2 2 2 2 2 2 2
left_child=2 3 12 5 8 6 -2 10 -5 14 -6 13 -1 21 -4 16 -9 29 -19 -20 -21 -8 27 -16 -3 -25 -11 28 -7 -14
right_child=1 24 9 4 7 22 11 15 -10 26 -12 -13 17 -15 23 -17 -18 18 19 20 -22 -23 -24 25 -26 -27 -28 -29 -30 -31
leaf_value=0.034642979496118005 0.8222755184199223 0.35375436942327493 -0.082376063819898412 -0.32953237513037892 0.021763853396697942 0.44804839079367176 -0.0043108014353516206 -0.34161933771287706 0.097908295780045576 0.77724635685399301 3.3133976394645157 -0.11528468310919833 -0.32635311158581387 0.088592927456168757 -0.050008529896381743 0.080064293603334627 -0.34715186996124103 -0.31505561694922452 -0.3413357310609631 -0.057113424976123123 -0.34076094168783838 -0.32298950013617794 3.4891248907318415 -0.015112744638138763 3.4488622907621265 0.1108294781409868 0.065864579109463681 8.2413777551789664 -0.075511470564028391 -0.21231845278762915
leaf_weight=28 60 87 61 112 94 58 112 40 25 57 44 44 53 133 20 36 64 500 102 78 38 24 108 20 322 25 20 37 27 72
leaf_count=28 60 87 61 112 94 58 112 40 25 57 44 44 53 133 20 36 64 500 102 78 38 24 108 20 322 25 20 37 27 72
internal_value=-0.0024996 0.00898324 -0.0177331 0.00269208 -0.0082 0.0102039 0.00339683 -0.000826855 -0.0225634 0.00242308 0.00876923 -0.00101887 -0.0224247 0.00183942 -0.00453435 -0.0103034 -0.0148073 -0.0231651 -0.024556 -0.018 -0.0103636 -0.0046383 0.0209106 0.00377143 0.0244058 0.01008 0.0134634 0.0145984 0.0096 -0.0144923
internal_weight=2501 1427 1074 1018 415 603 373 278 137 203 138 313 871 269 126 140 104 843 718 218 116 136 230 65 409 45 77 122 85 125
internal_count=2501 1427 1074 1018 415 603 373 278 137 203 138 313 871 269 126 140 104 843 718 218 116 136 230 65 409 45 77 122 85 125
is_linear=0
shrinkage=0.03


Tree=28
num_leaves=31
num_cat=0
split_feature=130 115 115 123 134 130 137 115 138 126 123 123 115 134 126 130 126 134 139 138 121 128 125 132 133 128 115 131 134 121
split_gain=462.357 149.475 118.611 84.5419 40.8278 36.3578 30.7601 42.8506 25.811 17.8564 17.4201 15.9517 14.2772 10.3371 10.2529 10.0421 9.9331 9.21972 9.02981 6.77212 6.5425 6.36759 4.98311 4.9564 4.49503 4.91364 4.49082 5.40227 4.4476 4.08095
threshold=18.833333333333339 104.50000000000001 9.5000000000000018 -49.499999999999993 -1.0000000180025095e-35 100.33333333333336 9.5000000000000018 1.0000000180025095e-35 40.500000000000007 88.500000000000014 -19.499999999999996 8.5000000000000018 39.500000000000007 0.6078576107927941 24.500000000000004 7.166666666666667 7.5000000000000009 0.87837969732492682 19.500000000000004 38.500000000000007 10.500000000000002 72.500000000000014 0.26846846846846856 25.500000000000004 19.617244451601177 51.500000000000007 17.500000000000004 3.756446776551098 -1.0000000180025095e-35 43.500000000000007
decision_type=2 2 2 2 2 2 2 2 2 2 2 2 2 2 2 2 2 2 2 2 2 2 2 2 2 2 2 2 2 2
left_child=2 3 10 13 5 14 7 -6 9 29 -1 17 15 -2 23 -4 19 24 -17 -12 -14 26 -9 -5 25 -10 27 -16 -18 -8
right_child=1 -3 12 4 6 -7 8 22 11 -11 16 -13 20 -15 21 18 28 -19 -20 -21 -22 -23 -24 -25 -26 -27 -28 -29 -30 -31
leaf_value=0.078603690111234414 1.2457933480760768 2.8376419066895626 -0.081364521187956965 -0.01880432658719039 -0.31964640387646759 1.2237239120208818 -0.032565320449737777 0.27958437827917626 -0.05601817237368905 1.2200262665065804 -0.31656251823823944 0.1904898068895686 -0.0094630484038481198 0.22098847701505789 0.090992158565398246 0.095436361017184695 -0.14526530783429001 -0.3313707575814907 -0.031099463461395797 -0.32490799050943436 0.71592280270938269 -0.11182614261592248 -0.0092292645384385707 -0.15185356558879901 -0.337236605244425 0.13336191794351379 0.095297771025222841 -0.046843149303094904 -0.33025098249663964 0.14468242402460471
leaf_weight=27 158 346 73 30 107 139 61 22 30 66 92 21 20 31 79 28 89 39 43 535 57 31 37 30 38 31 68 35 110 28
leaf_count=27 158 346 73 30 107 139 61 22 30 66 92 21 20 31 79 28 89 39 43 535 57 31 37 30 38 31 68 35 110 28
internal_value=-0.00273903 0.00843855 -0.0175663 0.00289503 -0.000996656 0.00588489 -0.00691546 -0.0171579 -0.00129781 0.007275 -0.0226154 -0.00965854 0.0019646 0.0208454 -0.000517986 -0.00358389 -0.0233863 -0.0133846 0.00426316 -0.0253861 0.012 0.00258716 0.0031875 -0.0109846 -0.00773077 -0.00218182 0.00478075 0.000957983 -0.0165882 -0.00153191
internal_weight=2501 1427 1074 1081 892 412 480 166 314 155 853 159 221 189 273 144 826 138 71 627 77 213 59 60 99 61 182 114 199 89
internal_count=2501 1427 1074 1081 892 412 480 166 314 155 853 159 221 189 273 144 826 138 71 627 77 213 59 60 99 61 182 114 199 89
is_linear=0
shrinkage=0.03


Tree=29
num_leaves=31
num_cat=0
split_feature=130 115 115 123 134 130 137 115 138 125 126 123 115 138 116 116 131 138 130 116 124 126 134 124 125 116 119 125 132 139
split_gain=461.354 144.972 109.627 76.0308 41.8801 32.2863 31.5134 42.8506 24.7081 18.2645 17.8564 15.4585 12.8797 11.6927 9.94997 9.93258 9.56919 7.2465 8.7158 6.80015 8.4456 6.38445 6.18089 5.81767 7.35951 7.09709 5.53093 4.98311 4.86594 4.61403
threshold=18.833333333333339 104.50000000000001 9.5000000000000018 -49.499999999999993 -1.0000000180025095e-35 100.33333333333336 9.5000000000000018 1.0000000180025095e-35 40.500000000000007 -0.8291666666666665 88.500000000000014 8.5000000000000018 50.500000000000007 38.500000000000007 5.5000000000000009 105.50000000000001 18.550231862212872 39.500000000000007 7.166666666666667 18.500000000000004 1.0000000180025095e-35 12.500000000000002 -1.0000000180025095e-35 -1.4999999999999998 -0.34330357142857137 11.500000000000002 31.500000000000004 0.26846846846846856 106.28571428571429 22.500000000000004
decision_type=2 2 2 2 2 2 2 2 2 2 2 2 2 2 2 2 2 2 2 2 2 2 2 2 2 2 2 2 2 2
left_child=2 3 9 15 5 16 7 -6 10 19 -8 14 17 -11 -10 -2 23 18 26 20 -1 -15 -19 -5 -25 -26 -4 -9 -3 -23
right_child=1 28 12 4 6 -7 8 27 11 13 -12 -13 -14 21 -16 -17 -18 22 -20 -21 -22 29 -24 24 25 -27 -28 -29 -30 -31
leaf_value=-0.0010042614694231221 0.34789511320391425 0.85503471883555116 -0.0877729196689572 -0.11224386041725637 -0.31005701176017358 1.1870121946602552 -0.006579103421171695 0.27119684693080098 -0.31793052737341598 -0.2770656426910923 1.1834254785113829 0.18477511268288138 0.73245128206709154 -0.31825720279505976 -0.26079060732548753 2.7807225495535564 -0.074945295464917364 0.0061575455434042326 0.08050503740709658 0.094041108442512691 -0.21535109106020919 -0.33272628170167218 -0.094361789464336807 -0.045437854824002102 0.012501288478925456 0.094035728446613828 0.050746527826862287 -0.0089523866022855718 4.3323973395675237 -0.18090962104208086
leaf_weight=26 98 68 35 30 107 139 89 22 55 125 66 21 47 554 83 91 53 20 37 24 41 33 62 21 92 77 20 37 278 50
leaf_count=26 98 68 35 30 107 139 89 22 55 125 66 21 47 554 83 91 53 20 37 24 41 33 62 21 92 77 20 37 278 50
internal_value=-0.00281085 0.00835475 -0.0176219 0.00289503 -0.000795987 0.00617266 -0.00679175 -0.0171579 -0.00110972 -0.0224755 0.007275 -0.00929268 0.00116814 -0.0240078 -0.012965 0.0199175 8.63309e-05 -0.00264804 0.00303093 -0.009 -0.0136667 -0.0257383 -0.00889655 0.00290667 0.00489231 0.00703448 -0.0044 0.0031875 0.0251111 -0.0159545
internal_weight=2501 1427 1074 1081 892 412 480 166 314 853 155 159 221 762 138 189 273 174 92 91 67 637 82 220 190 169 55 59 346 83
internal_count=2501 1427 1074 1081 892 412 480 166 314 853 155 159 221 762 138 189 273 174 92 91 67 637 82 220 190 169 55 59 346 83
is_linear=0
shrinkage=0.03


Tree=30
num_leaves=31
num_cat=0
split_feature=130 115 115 134 137 123 138 126 127 115 134 122 118 130 123 126 115 138 139 133 118 122 132 125 125 124 128 117 129 132
split_gain=452.44 128.841 114.125 86.4086 52.4353 37.5125 30.1865 23.8914 19.9933 18.275 14.7787 14.0269 13.747 13.5522 10.5947 10.485 10.1198 9.50189 9.25755 9.07449 12.4576 10.6779 6.48642 5.95492 5.90285 5.07055 4.46021 4.00007 6.08528 4.92883
threshold=25.166666666666668 83.500000000000014 9.5000000000000018 1.0000000180025095e-35 9.5000000000000018 -105.99999999999999 40.500000000000007 9.5000000000000018 159.50000000000003 1.0000000180025095e-35 1.0000000180025095e-35 41.500000000000007 14.833333333333334 109.83333333333334 -9.4999999999999982 25.500000000000004 153.50000000000003 38.500000000000007 18.500000000000004 31.73293663639204 61.000000000000007 -4.4999999999999991 9.2142857142857171 0.062781531531531543 0.40535714285714292 -7.4999999999999991 40.500000000000007 16.500000000000004 40.500000000000007 36.928571428571438
decision_type=2 2 2 2 2 2 2 2 2 2 2 2 2 2 2 2 2 2 2 2 2 2 2 2 2 2 2 2 2 2
left_child=2 3 7 5 9 -2 13 14 15 -5 12 18 -9 26 -1 -7 -3 -16 -4 20 21 -8 -20 27 -24 -19 -6 28 29 -17
right_child=1 16 11 4 6 8 19 10 -10 -11 -12 -13 -14 -15 17 23 -18 25 22 -21 -22 -23 24 -25 -26 -27 -28 -29 -30 -31
leaf_value=-0.07870494935128565 2.9504782700739733 0.51137624223351075 0.061293945872993152 -0.30075530140736834 0.23088133013501891 -0.043034319723601583 -0.31189171903284352 -0.1373788581802477 3.5814018288204474 0.04474809286356457 -0.30807016140068338 0.47111073351703325 0.32439759805239438 3.1418921579300414 -0.26875367341035955 0.0089476564341207342 5.1774254193804978 -0.30571646962486437 -0.07106794268804624 -0.33327133166621298 2.1194271988534936 0.051117091250197505 0.017698625126474885 -0.058284649042765507 -0.17317646844518236 -0.30934569871211642 -0.035060656465035929 0.11809777642563038 0.22604554488073736 -0.36329494272071949
leaf_weight=44 90 162 82 107 48 43 47 78 75 23 103 43 22 44 104 30 233 29 58 28 22 35 62 43 22 525 27 180 69 23
leaf_count=44 90 162 82 107 48 43 47 78 75 23 103 43 22 44 104 30 233 29 58 28 22 35 62 43 22 525 27 180 69 23
internal_value=-0.00290662 0.00905847 -0.0164605 0.00293291 -0.00798964 0.0104731 9.375e-05 -0.0215209 0.00684615 -0.0230667 -0.0119423 0.00075 -0.00337143 0.0108387 -0.0241782 0.0039542 0.02331 -0.0251493 -0.00233188 -0.00959124 -0.00489908 -0.0102759 -0.00689796 0.00572571 -0.0012809 -0.0268229 0.00255 0.00721173 0.0027874 -0.00455172
internal_weight=2501 1329 1172 934 381 553 251 905 463 130 203 267 100 119 702 388 395 658 224 132 104 82 142 345 84 554 75 302 122 53
internal_count=2501 1329 1172 934 381 553 251 905 463 130 203 267 100 119 702 388 395 658 224 132 104 82 142 345 84 554 75 302 122 53
is_linear=0
shrinkage=0.03


Tree=31
num_leaves=31
num_cat=0
split_feature=130 118 118 134 122 123 122 139 130 122 134 139 126 129 120 137 138 126 126 119 124 122 126 133 127 126 118 124 118 124
split_gain=444.676 99.7528 86.709 43.7519 49.5329 35.2977 51.2236 29.5927 28.2926 26.6129 23.6843 21.736 15.6051 15.1422 14.699 13.1756 13.0194 12.203 9.4815 9.48048 8.57586 8.25073 8.7822 8.1112 6.97151 5.99654 5.93777 5.55007 5.53695 5.51443
threshold=18.833333333333339 92.166666666666671 5.8333333333333348 1.0000000180025095e-35 -103.49999999999999 -49.499999999999993 -2.4999999999999996 23.500000000000004 106.83333333333336 2.5000000000000004 1.0000000180025095e-35 26.500000000000004 14.500000000000002 3.5000000000000004 10.500000000000002 9.5000000000000018 38.500000000000007 88.500000000000014 44.500000000000007 47.500000000000007 -6.4999999999999991 9.5000000000000018 56.500000000000007 22.611170738851932 105.50000000000001 54.500000000000007 61.000000000000007 23.500000000000004 13.833333333333334 -1.0000000180025095e-35
decision_type=2 2 2 2 2 2 2 2 2 2 2 2 2 2 2 2 2 2 2 2 2 2 2 2 2 2 2 2 2 2
left_child=2 5 16 -3 15 24 7 14 18 10 12 17 13 20 -7 -5 -1 23 -8 29 -4 22 -20 -9 -2 -13 -27 -23 -22 -11
right_child=1 3 9 4 -6 6 8 11 -10 19 -12 25 -14 -15 -16 -17 -18 -19 21 -21 28 27 -24 -25 -26 26 -28 -29 -30 -31
leaf_value=-0.26069106320804875 0.70943457785466812 2.7678588955276786 0.14464751184828542 -0.29173264236514729 8.5021026567990834 -0.29173264236514729 -0.0076737351386583618 0.22359888880426851 1.1144056936512745 -0.074303039953327668 -0.30336224459159661 -0.015412636688386527 0.11595190842648165 -0.21046958418568823 -0.041743290131893498 0.2746394511232727 -0.27702862168024944 0.91633113498696139 0.14408623300224863 0.68699248660069201 -0.077639978470841725 0.2544981753787362 -0.13448154366477436 -0.04263565745698223 0.32510487370722274 -0.29863481421420562 -0.16962124822051522 0.04995076508939842 0.0060916837928540078 0.017167666372680655
leaf_weight=125 82 323 25 31 65 79 188 28 142 31 77 51 27 66 45 36 557 40 30 45 34 64 52 37 51 41 20 22 22 65
leaf_count=125 82 323 25 31 65 79 188 28 142 31 77 51 27 66 45 36 557 40 30 45 34 64 52 37 51 41 20 22 22 65
internal_value=-0.00285874 0.00810335 -0.0173994 0.0196174 0.00477372 0.0026346 0.000312796 -0.00856647 0.00642942 -0.00603023 -0.0118125 -0.00172973 -0.00532961 -0.00923684 -0.0199535 -0.0128333 -0.0238341 0.00785455 0.00181163 0.00427397 -0.00027907 0.00690173 0 -0.000342857 0.0166957 -0.0107179 -0.0167273 0.0131209 -0.00678689 -0.00112871
internal_weight=2501 1427 1074 455 132 972 839 341 498 392 251 217 174 147 124 67 682 105 356 141 81 168 82 65 133 112 61 86 56 96
internal_count=2501 1427 1074 455 132 972 839 341 498 392 251 217 174 147 124 67 682 105 356 141 81 168 82 65 133 112 61 86 56 96
is_linear=0
shrinkage=0.03


Tree=32
num_leaves=31
num_cat=0
split_feature=130 132 118 134 122 134 122 137 123 122 134 139 138 116 139 131 116 129 126 138 126 132 125 126 118 129 129 116 129 130
split_gain=422.567 99.9338 79.1767 47.8445 70.9691 34.7481 31.8405 29.8066 26.015 22.1236 19.4449 18.5012 14.9725 13.9748 13.2864 14.78 11.7107 15.0429 11.3279 10.941 9.38977 7.55246 6.93837 6.71453 6.58992 6.17872 5.9607 4.87577 7.32065 4.85842
threshold=17.166666666666668 106.28571428571429 5.8333333333333348 1.0000000180025095e-35 -1.0000000180025095e-35 1.0000000180025095e-35 17.500000000000004 9.5000000000000018 -49.499999999999993 22.500000000000004 1.0000000180025095e-35 22.500000000000004 40.500000000000007 83.500000000000014 29.500000000000004 32.229605452914733 29.500000000000004 3.5000000000000004 41.500000000000007 38.500000000000007 237.00000000000003 128.92857142857147 -0.14589800443458975 35.500000000000007 7.8333333333333348 23.500000000000004 2.5000000000000004 5.5000000000000009 31.500000000000004 33.833333333333336
decision_type=2 2 2 2 2 2 2 2 2 2 2 2 2 2 2 2 2 2 2 2 2 2 2 2 2 2 2 2 2 2
left_child=2 5 19 13 7 8 11 -5 -2 10 16 -7 23 20 -9 -16 -4 -18 22 -1 21 -3 25 -13 -12 -10 -11 -24 -29 -30
right_child=1 3 9 4 -6 6 -8 14 18 26 24 12 -14 -15 15 -17 17 -19 -20 -21 -22 -23 27 -25 -26 -27 -28 28 29 -31
leaf_value=-0.26426412206117139 0.61546405287562989 1.3985573844252903 -0.067185722826559768 -0.28298066309419284 3.073040398689749 -0.28298066309419284 0.17006340130352682 4.4821694270463253 0.0014315752372691471 0.61636763691350127 -0.13319229182966558 -0.040716803435212938 -0.27817474564163885 3.6657015309444527 1.5320907430722506 -0.31753683245103942 1.2065694003080158 -0.19574072528618208 0.083349136310379129 -0.27410704351009629 7.9009401136490105 -0.20645693481208993 -0.15249276162659497 0.2808395617663646 -0.29244174936752337 -0.23596750488166757 0.11973088351529355 0.14103338814391148 0.0040476045197273434 -0.040490991427936787
leaf_weight=122 81 25 153 52 118 77 99 22 20 21 23 25 85 278 27 22 32 36 215 547 40 33 64 53 67 22 30 48 27 37
leaf_count=122 81 25 153 52 118 77 99 22 20 21 23 25 85 278 27 22 32 36 215 547 40 33 64 53 67 22 30 48 27 37
internal_value=-0.00312211 0.00719593 -0.0178031 0.0163408 0.00570732 0.000517483 -0.00687209 -0.0100312 0.00542197 -0.00635967 -0.00937975 -0.0127102 -0.00657143 0.0229764 0.00268421 -0.006 -0.00435398 0.00567123 0.00238356 -0.0238932 0.0121748 0.00371429 -0.00239462 0.00281928 -0.0207789 -0.0126383 0.0111429 0.000298343 0.00405128 -0.00252174
internal_weight=2501 1470 1031 617 241 853 339 123 514 362 311 240 163 376 71 49 221 68 433 669 98 58 218 78 90 42 51 176 112 64
internal_count=2501 1470 1031 617 241 853 339 123 514 362 311 240 163 376 71 49 221 68 433 669 98 58 218 78 90 42 51 176 112 64
is_linear=0
shrinkage=0.03


Tree=33
num_leaves=31
num_cat=0
split_feature=132 115 134 115 138 125 115 130 138 115 130 115 116 126 119 139 138 139 128 126 115 115 132 122 126 135 126 131 116 126
split_gain=411.661 145.652 76.7173 75.352 53.1599 49.8807 34.2167 29.3506 24.4413 19.5617 15.7728 12.0093 12.0572 11.1195 10.66 16.1363 15.2374 10.7893 8.79066 12.4387 7.64187 7.46398 7.41314 7.11516 7.85828 7.28663 6.94133 6.56019 6.43222 4.96798
threshold=14.357142857142859 108.50000000000001 1.0000000180025095e-35 7.5000000000000009 39.500000000000007 -0.97955778055903198 1.0000000180025095e-35 100.33333333333336 40.500000000000007 39.500000000000007 61.666666666666679 17.500000000000004 5.5000000000000009 122.50000000000001 10.500000000000002 23.500000000000004 38.500000000000007 28.500000000000004 72.500000000000014 42.500000000000007 68.500000000000014 70.500000000000014 6.5000000000000009 10.500000000000002 10.500000000000002 -0.56174490092936669 118.50000000000001 7.0553192529232183 123.50000000000001 29.500000000000004
decision_type=2 2 2 2 2 2 2 2 2 2 2 2 2 2 2 2 2 2 2 2 2 2 2 2 2 2 2 2 2 2
left_child=3 2 5 14 6 -2 -4 18 10 27 29 12 -10 28 16 -16 -1 -17 19 23 -20 -9 -11 24 -7 -26 -12 -5 -3 -6
right_child=1 13 4 9 8 7 -8 21 11 22 26 -13 -14 -15 15 17 -18 -19 20 -21 -22 -23 -24 -25 25 -27 -28 -29 -30 -31
leaf_value=-0.24494240764997219 1.0387758165119212 0.111782668388811 -0.27449124320136709 -0.060756679699034387 -0.10334397154376286 -0.18456499632733586 0.14551178391517425 1.2904119612408604 -0.2852306806661829 1.2584163239337744 0.20927625097965374 0.022797886570537676 -0.28098248119551777 3.7843264638476239 -0.29193885887152388 0.006323558964448397 -0.27208441283563534 -0.28640092206426043 -0.11098733713186788 0.099508725657610306 0.049172061515506654 -0.010065231901045451 -0.030821775118704764 0.02160699471179816 0.037767977793691683 -0.057116604351940943 2.7572108634366788 0.0073434590458609072 1.6253278172200116 0.066098079242949415
leaf_weight=116 156 40 128 96 37 44 31 125 41 35 25 51 66 232 66 70 496 30 39 109 26 23 23 40 45 100 50 34 68 59
leaf_count=116 156 40 128 96 37 44 31 125 41 35 25 51 66 232 66 70 496 30 39 109 26 23 23 40 45 100 50 34 68 59
internal_value=-0.00336153 0.00628831 0.00132 -0.018655 -0.00777688 0.00761798 -0.0217317 0.00328058 -0.000790419 -0.00152332 0.00695455 -0.00916564 -0.0146786 0.0234609 -0.022751 -0.0150526 -0.0246904 -0.0068 -0.000941176 0.00103207 -0.0106286 0.0144706 0.0122857 -0.00292308 -0.00538144 -0.00176 0.0168 -0.00795556 0.0142832 -0.00112871
internal_weight=2501 1535 1195 966 488 707 159 551 329 188 171 158 107 340 778 166 612 100 403 338 65 148 58 229 189 145 75 130 108 96
internal_count=2501 1535 1195 966 488 707 159 551 329 188 171 158 107 340 778 166 612 100 403 338 65 148 58 229 189 145 75 130 108 96
is_linear=0
shrinkage=0.03


Tree=34
num_leaves=31
num_cat=0
split_feature=130 115 115 123 122 139 139 123 115 130 126 115 134 138 126 130 126 126 115 123 133 128 133 135 118 124 129 139 124 139
split_gain=393.191 132.776 99.826 67.4366 42.2651 47.7144 35.476 23.2519 21.8899 18.9751 18.6408 14.55 11.9647 11.4043 10.9973 9.41554 8.99776 7.79049 7.61758 7.38815 7.2239 7.74456 6.38832 7.29417 6.92598 6.18238 5.21048 4.9866 4.95916 4.85158
threshold=18.833333333333339 121.50000000000001 7.5000000000000009 -49.499999999999993 -2.4999999999999996 23.500000000000004 25.500000000000004 -9.4999999999999982 2.5000000000000004 106.16666666666667 118.50000000000001 50.500000000000007 0.6078576107927941 38.500000000000007 39.500000000000007 109.83333333333334 11.500000000000002 21.500000000000004 17.500000000000004 -105.99999999999999 2.6379555726829742 13.500000000000002 23.644018150791538 1.0000000180025095e-35 34.166666666666679 -19.499999999999996 42.500000000000007 14.500000000000002 -7.4999999999999991 22.500000000000004
decision_type=2 2 2 2 2 2 2 2 2 2 2 2 2 2 2 2 2 2 2 2 2 2 2 2 2 2 2 2 2 2
left_child=2 3 7 12 5 8 10 -1 -5 18 26 17 19 -9 -10 -3 28 27 20 -2 -6 -22 23 24 -20 -8 -7 -4 -15 -18
right_child=1 15 11 4 9 6 25 13 14 -11 -12 -13 -14 16 -16 -17 29 -19 22 -21 21 -23 -24 -25 -26 -27 -28 -29 -30 -31
leaf_value=-0.065359857910696526 2.7144237616183604 0.92054810464543235 0.0089469107518091555 -0.26625650590532601 0.044708614623230128 0.20885236281144534 -0.27317465276556735 -0.23759413542047303 -0.12684874788152725 0.65328549245844225 2.6403226088745568 0.69967463211705516 0.0008049542050049751 -0.27071995100950369 0.03197660985961235 4.3068462116541051 -0.29164758654981793 0.10166777139007958 0.08489803344387048 0.24926197229846983 0.013611041707609565 -0.39201932627506764 0.1915279809155308 -0.025047666795610227 -0.0038963661124371638 -0.083839975677076947 -0.026774083039612435 -0.036512924078662579 -0.274874458551009 -0.13860375209656839
leaf_weight=67 90 65 29 103 84 23 31 125 30 126 53 47 31 29 40 242 33 29 33 68 29 37 65 60 40 129 48 127 522 66
leaf_count=67 90 65 29 103 84 23 31 125 30 126 53 47 31 29 40 242 33 29 33 68 29 37 65 60 40 129 48 127 522 66
internal_value=-0.00350519 0.00680447 -0.017177 0.001968 -0.00137179 -0.00784416 -0.000186851 -0.0219528 -0.0200225 0.00487265 0.0115814 0.000227848 0.0180619 -0.0234154 -0.00632 0.0241154 -0.0250901 -0.0036 0.0011728 0.0213129 -0.00383226 -0.0109014 0.00499507 0.00104348 0.00723077 -0.00941818 0.00110526 -0.00629814 -0.0266978 -0.0152308
internal_weight=2501 1427 1074 1120 931 457 284 842 173 474 124 232 189 775 70 307 650 185 348 158 150 66 198 133 73 160 71 156 551 99
internal_count=2501 1427 1074 1120 931 457 284 842 173 474 124 232 189 775 70 307 650 185 348 158 150 66 198 133 73 160 71 156 551 99
is_linear=0
shrinkage=0.03


Tree=35
num_leaves=31
num_cat=0
split_feature=130 118 118 123 122 134 134 122 122 134 130 139 129 126 139 133 139 126 126 119 116 122 124 116 127 126 139 127 118 120
split_gain=380.664 88.5721 78.3015 35.8563 55.8715 27.4363 24.8773 26.7232 24.7037 29.1301 24.5477 16.5192 14.6478 17.4514 14.5069 19.5172 14.4417 12.157 9.54462 7.74405 7.5197 7.32796 7.14399 6.72647 9.92841 6.03081 5.89322 5.71024 8.19389 5.63877
threshold=25.166666666666668 5.8333333333333348 149.83333333333334 -49.499999999999993 -2.4999999999999996 0.87837969732492682 1.0000000180025095e-35 -103.49999999999999 7.5000000000000009 1.0000000180025095e-35 114.50000000000001 13.500000000000002 1.0000000180025095e-35 11.500000000000002 23.500000000000004 2.6379555726829742 26.500000000000004 118.50000000000001 7.5000000000000009 81.500000000000014 35.500000000000007 43.500000000000007 -6.4999999999999991 105.50000000000001 105.50000000000001 1.5000000000000002 27.500000000000004 227.50000000000003 37.500000000000007 10.500000000000002
decision_type=2 2 2 2 2 2 2 2 2 2 2 2 2 2 2 2 2 2 2 2 2 2 2 2 2 2 2 2 2 2
left_child=1 11 3 23 5 14 -4 -8 9 12 19 25 20 -14 15 -5 17 -16 22 -6 -3 -10 -13 24 -2 -1 -15 28 -12 -17
right_child=2 8 6 4 10 -7 7 -9 21 -11 27 18 13 26 16 29 -18 -19 -20 -21 -22 -23 -24 -25 -26 -27 -28 -29 -30 -31
leaf_value=-0.26046631135785886 0.63035924107521479 -0.0033990621733756398 6.8212443525161826 0.22894869612952709 0.00020059665155677919 -0.25826881072816621 -0.25826881072816621 10.627737340626233 -0.0013720336358342066 -0.26759800293984853 -0.034556607064637389 -0.098024334222884507 -0.15181335560713069 0.093473430746179809 0.01970736136938072 -0.25826881072816621 -0.13102057602877351 1.036766782716001 -0.22906887449853172 0.30537278203581009 0.67807191914650211 0.53133767203121018 -0.25814770389741948 1.1268053103011668 -0.013241233528601697 -0.14985269232361964 -0.0053786414285603001 5.4456009866285626 0.54960847065958585 -0.048550120557683589
leaf_weight=53 59 67 186 24 255 73 39 45 102 93 38 20 94 21 71 40 93 36 111 93 28 40 441 58 41 81 21 67 68 43
leaf_count=53 59 67 186 24 255 73 39 45 102 93 38 20 94 21 71 40 93 36 111 93 28 40 441 58 41 81 21 67 68 43
internal_value=-0.00367279 -0.0161037 0.00730435 0.00357519 0.00121854 -0.00746494 0.0215782 0.00734831 -0.00584713 -0.0103769 0.00757414 -0.0227764 -0.00442373 -0.0105957 -0.00334615 -0.012 0.00143415 0.00878571 -0.0250503 0.00287252 0.00444 0.00444898 -0.0270901 0.0165276 0.0108 -0.0124748 0.00497872 0.0166517 0.0112973 -0.0186818
internal_weight=2501 1172 1329 1059 901 380 270 84 466 324 521 706 231 136 307 107 200 107 572 348 95 142 461 158 100 134 42 173 106 83
internal_count=2501 1172 1329 1059 901 380 270 84 466 324 521 706 231 136 307 107 200 107 572 348 95 142 461 158 100 134 42 173 106 83
is_linear=0
shrinkage=0.03


Tree=36
num_leaves=31
num_cat=0
split_feature=130 115 115 134 122 123 139 128 139 125 139 126 122 122 126 123 126 124 129 132 122 121 117 116 125 126 117 116 132 116
split_gain=373.016 132.216 88.3388 69.2557 51.412 46.1362 44.7319 26.1608 18.9955 15.0572 14.4673 13.4677 12.395 12.6222 10.1828 10.5853 9.72367 8.68527 7.77429 7.4262 6.86072 6.88457 5.97046 5.57432 8.78408 5.25605 5.00777 4.83769 4.74444 5.50591
threshold=14.500000000000002 145.50000000000003 7.5000000000000009 1.0000000180025095e-35 -1.0000000180025095e-35 -105.99999999999999 23.500000000000004 165.50000000000003 29.500000000000004 -0.8291666666666665 13.500000000000002 118.50000000000001 43.500000000000007 -6.4999999999999991 26.500000000000004 -21.499999999999996 44.500000000000007 -1.0000000180025095e-35 129.50000000000003 28.071428571428573 2.5000000000000004 14.500000000000002 97.500000000000014 5.5000000000000009 -0.010816326530612243 1.5000000000000002 45.500000000000007 6.5000000000000009 105.50000000000001 43.500000000000007
decision_type=2 2 2 2 2 2 2 2 2 2 2 2 2 2 2 2 2 2 2 2 2 2 2 2 2 2 2 2 2 2
left_child=2 3 9 5 6 -2 -5 14 11 17 25 -8 13 -4 15 -7 19 -1 28 -6 -15 27 -20 -17 -25 -11 -26 -22 29 -16
right_child=1 -3 12 4 16 7 8 -9 -10 10 -12 -13 -14 20 18 23 -18 -19 22 -21 21 -23 -24 24 26 -27 -28 -29 -30 -31
leaf_value=0.041160660711308909 2.5737703038275495 4.0946930532574308 0.027804270935912319 -0.25052074640632122 0.020074776691337205 0.51639568649540124 -0.024526273416473784 1.5110883744835641 -0.26073045634138536 -0.25265232201712307 -0.25910522166758237 2.5983537844448841 1.2399242419499812 -0.083489464350449127 0.0062727550801767859 -0.34680487387697201 0.31007759752459457 -0.19205374283391763 -0.16946335248957822 -0.070352330751634107 -0.033630254030962169 -0.063314945171073264 0.39498255832702595 -0.084108168951712442 0.015499033940895952 -0.12049602786602953 -0.002728461915872984 0.040530062042961883 0.35122667650044381 0.13629871599454133
leaf_weight=25 90 250 27 122 35 20 43 95 109 53 580 25 26 39 189 40 150 48 23 39 20 62 20 47 33 63 25 26 36 141
leaf_count=25 90 250 27 122 35 20 43 95 109 53 580 25 26 39 189 40 150 48 23 39 20 62 20 47 33 63 25 26 36 141
internal_value=-0.00355307 0.00565647 -0.0180739 0.00172028 -0.00663636 0.00749215 -0.0146842 0.00466469 -0.00474725 -0.0226667 -0.0240428 0.00731507 -0.000263415 -0.00331844 0.0021658 -0.00402353 0.00416594 -0.00876923 0.00469565 -0.00448101 -0.00686842 -0.00260177 -0.00675 -0.00696 -0.00294545 -0.0133388 0.00466667 0.00576471 0.00612938 0.00481791
internal_weight=2501 1532 969 1282 523 759 299 669 177 769 696 68 200 174 574 165 224 73 409 74 147 108 43 145 105 116 58 46 366 330
internal_count=2501 1532 969 1282 523 759 299 669 177 769 696 68 200 174 574 165 224 73 409 74 147 108 43 145 105 116 58 46 366 330
is_linear=0
shrinkage=0.03


Tree=37
num_leaves=31
num_cat=0
split_feature=130 115 115 125 134 137 135 129 133 125 119 138 115 138 115 123 126 129 126 128 117 130 116 126 115 116 133 134 128 122
split_gain=362.744 131.211 80.182 70.2517 38.2432 40.1386 41.9547 27.4962 22.9553 16.763 14.5818 14.202 12.8219 11.5141 11.0575 8.12706 10.8214 9.18436 7.89607 7.65401 7.55235 7.1242 7.10698 8.52549 6.56418 12.0071 6.325 6.2419 6.20833 6.10115
threshold=14.500000000000002 121.50000000000001 7.5000000000000009 -0.99037037037037023 1.0000000180025095e-35 9.5000000000000018 1.0000000180025095e-35 229.00000000000003 113.12818988464987 -0.8291666666666665 165.50000000000003 38.500000000000007 55.500000000000007 40.500000000000007 55.500000000000007 -43.499999999999993 41.500000000000007 36.500000000000007 52.500000000000007 54.500000000000007 56.500000000000007 106.16666666666667 5.5000000000000009 17.500000000000004 17.500000000000004 5.5000000000000009 10.182016763411854 -0.60785761079279388 131.50000000000003 -6.4999999999999991
decision_type=2 2 2 2 2 2 2 2 2 2 2 2 2 2 2 2 2 2 2 2 2 2 2 2 2 2 2 2 2 2
left_child=2 3 9 -2 7 6 -6 15 12 -1 27 -11 13 20 29 18 17 22 -5 -18 -7 -21 23 -17 25 -15 -24 -3 -23 -4
right_child=1 10 14 4 5 8 -8 -9 -10 11 -12 -13 -14 24 -16 16 19 -19 -20 21 -22 28 26 -25 -26 -27 -28 -29 -30 -31
leaf_value=-0.070240083053686536 2.0301625607441518 -0.073984471101519775 0.018937267497920747 0.60804674655635482 -0.2430051240141316 -0.023444232087335592 0.13789893449152668 7.0669003057951985 4.3863500983087276 -0.21507275235660936 4.4991831669676454 -0.2513320650175549 0.32242851438496956 -0.25331593991021473 1.1228800684046862 -0.33929755551425372 0.099110657584359815 -0.058637485101621402 0.07208358234136461 -0.01898169015182688 0.41073131137297786 0.45456722614425643 -0.026998167230472665 0.031011972232779871 0.013577668118230423 -0.26671064497911806 0.10680584813628272 0.63974375955654417 -0.014155716776172795 -0.034327772640742396
leaf_weight=73 102 24 24 28 120 92 38 53 23 116 228 580 45 44 38 20 89 92 48 83 26 42 36 34 32 68 57 56 52 138
leaf_count=73 102 24 24 28 120 92 38 53 23 116 228 580 45 44 38 20 89 92 48 83 26 42 36 34 32 68 57 56 52 138
internal_value=-0.00381644 0.0052661 -0.0181355 0.000825061 -0.00137888 -0.00765517 -0.0198405 0.00346479 -0.00159403 -0.0225116 0.0226006 -0.0239572 -0.00392308 -0.00649438 -0.00114146 0.0014744 4.70588e-05 -0.00452459 0.0102963 0.0041845 0.000439024 0.000461538 0.000157895 -0.0080339 -0.0120403 -0.0153333 0.00514286 0.0105176 0.006 -0.00463473
internal_weight=2501 1532 969 1224 1122 488 158 634 330 769 308 696 307 262 200 581 505 239 76 266 118 177 147 54 144 112 93 80 94 162
internal_count=2501 1532 969 1224 1122 488 158 634 330 769 308 696 307 262 200 581 505 239 76 266 118 177 147 54 144 112 93 80 94 162
is_linear=0
shrinkage=0.03


Tree=38
num_leaves=31
num_cat=0
split_feature=132 115 115 125 134 137 115 133 126 122 125 139 139 119 126 115 122 139 122 132 119 139 139 134 118 131 126 126 133 132
split_gain=346.76 135.475 71.584 68.6271 38.6221 38.9534 46.413 22.368 21.2743 19.0305 16.5644 14.7788 14.258 14.2256 12.8451 11.596 8.81083 6.96715 15.2724 7.68654 6.65455 8.91361 9.35587 6.43328 6.37153 19.294 5.82901 5.32299 5.28819 5.27882
threshold=14.357142857142859 121.50000000000001 6.5000000000000009 -0.99037037037037023 -1.0000000180025095e-35 9.5000000000000018 1.0000000180025095e-35 113.12818988464987 230.50000000000003 17.500000000000004 -0.90550595238095222 13.500000000000002 19.500000000000004 165.50000000000003 16.500000000000004 13.500000000000002 -2.4999999999999996 28.500000000000004 -69.499999999999986 17.214285714285719 10.500000000000002 23.500000000000004 28.500000000000004 -0.60785761079279388 61.000000000000007 31.652554450993325 41.500000000000007 58.500000000000007 31.007233382411545 36.928571428571438
decision_type=2 2 2 2 2 2 2 2 2 2 2 2 2 2 2 2 2 2 2 2 2 2 2 2 2 2 2 2 2 2
left_child=2 3 10 28 8 6 -6 9 14 17 -1 -12 -4 23 15 -5 -17 18 -7 -20 -13 -22 -23 -3 -19 -26 -21 -28 -2 -16
right_child=1 13 12 4 5 7 -8 -9 -10 -11 11 20 -14 -15 29 16 -18 24 19 26 21 22 -24 -25 25 -27 27 -29 -30 -31
leaf_value=-0.054940543013039328 0.29748199869926722 -0.071764936968474441 0.054618563287644015 -0.28470208098627642 -0.23571497029370764 0.31414646251372458 0.0055651890054502573 4.2547595953594648 7.0648932966213422 0.13925158554094236 -0.20862056978591106 -0.24358898217407907 -0.031591513230811052 4.3642076719586163 0.11758425821602717 -0.042537550716589649 0.14437379125611144 -0.2418099569732074 0.12881356281754786 -0.09569671107762745 -0.24871867969820069 0.019326445940925297 -0.25053965596879635 0.62055144676984808 1.570997708476493 -0.27731220345085211 0.13190280274505581 -0.11433395433525476 2.9837031142991481 0.024483869208594342
leaf_weight=51 20 24 100 35 124 32 69 23 51 91 116 480 94 228 108 20 27 81 25 60 58 38 29 57 26 21 21 35 82 275
leaf_count=51 20 24 100 35 124 32 69 23 51 91 116 480 94 228 108 20 27 81 25 60 58 38 29 57 26 21 21 35 82 275
internal_value=-0.00381644 0.00504156 -0.0178517 0.000531275 -0.00164216 -0.00674388 -0.017697 -0.00148571 0.00436468 -0.00330982 -0.0219228 -0.0230909 -0.00147739 0.0226242 0.00222128 -0.0082069 0.00161538 -0.00694118 -0.00283146 -0.00715068 -0.025023 -0.0172615 -0.00866667 0.0107442 -0.0121353 -0.00276923 -0.0103636 -0.00285246 0.0234953 0.00454639
internal_weight=2501 1535 966 1226 1124 608 193 415 516 392 772 721 194 309 465 82 47 301 173 141 605 125 67 81 128 47 116 56 102 383
internal_count=2501 1535 966 1226 1124 608 193 415 516 392 772 721 194 309 465 82 47 301 173 141 605 125 67 81 128 47 116 56 102 383
is_linear=0
shrinkage=0.03


Tree=39
num_leaves=31
num_cat=0
split_feature=130 115 115 125 122 137 115 139 126 127 125 138 118 138 128 115 128 122 126 124 117 116 117 130 122 131 133 132 133 133
split_gain=342.088 127.499 79.2048 65.7471 31.2422 57.7125 31.753 26.4022 23.8319 17.9029 16.269 17.0194 13.7059 12.3301 12.2289 11.1754 9.15434 16.822 10.3836 7.78058 7.59146 7.22181 6.28686 6.11629 6.10482 5.74418 5.53093 5.42083 5.28819 5.03513
threshold=14.500000000000002 145.50000000000003 6.5000000000000009 -0.99037037037037023 -1.0000000180025095e-35 9.5000000000000018 2.5000000000000004 29.500000000000004 119.50000000000001 227.50000000000003 -0.8291666666666665 38.500000000000007 5.8333333333333348 38.500000000000007 15.500000000000002 55.500000000000007 39.500000000000007 -26.499999999999996 41.500000000000007 -1.0000000180025095e-35 94.500000000000014 35.500000000000007 45.500000000000007 112.66666666666667 -6.4999999999999991 24.451689627184638 38.354667135046249 9.071428571428573 31.007233382411545 3.446377221769553
decision_type=2 2 2 2 2 2 2 2 2 2 2 2 2 2 2 2 2 2 2 2 2 2 2 2 2 2 2 2 2 2
left_child=2 3 10 28 5 6 -5 8 16 12 19 -12 13 -6 25 24 17 -7 -18 -1 22 -9 29 -3 -4 -15 -24 -26 -2 -14
right_child=1 23 15 4 9 7 -8 21 -10 -11 11 -13 20 14 -16 -17 18 -19 -20 -21 -22 -23 26 -25 27 -27 -28 -29 -30 -31
leaf_value=0.043681259671971409 0.28855753873828915 0.87185774224886947 0.018023743722130607 -0.22864352118489642 0.072585081611556954 0.24952457557278093 0.24862191510598203 -0.23454714137888383 1.2386568376949365 4.7829464977227021 -0.20236195269233373 -0.2410824671509707 -0.0094362520923564289 0.10644078004710418 -0.35203810299028893 1.0875551094539162 -0.049920501683060788 -0.048851911253600409 0.0023054289020609528 -0.17741746022534322 0.20725782673452911 -0.23034886576304756 -0.069194987304430383 4.3586896367422661 -0.04470835952070553 -0.11090393570519723 0.46343407506886503 0.011393027750073736 2.8941920208701735 0.11676583080623643
leaf_weight=25 20 37 24 115 117 44 22 62 69 52 116 575 44 21 48 38 53 51 109 48 28 77 35 213 95 23 20 48 82 190
leaf_count=25 20 37 24 115 117 44 22 62 69 52 116 575 44 21 48 38 53 51 109 48 28 77 35 213 95 23 20 48 82 190
internal_value=-0.00398404 0.00483669 -0.0178891 0.000974359 -0.00105823 -0.00582208 -0.0225634 -0.000689362 0.00396979 0.00390051 -0.0223069 -0.0237414 0.00213559 -0.00375701 -0.0116907 -0.00125714 -0.000320611 0.00684 -0.00463473 -0.008 0.00603727 -0.0114167 0.00436735 0.0242118 -0.00467442 0 -0.0044 -0.00705405 0.0234953 0.00650209
internal_weight=2501 1532 969 1282 1180 602 137 465 326 578 764 691 526 209 92 205 257 95 162 73 317 139 289 250 167 44 55 143 102 234
internal_count=2501 1532 969 1282 1180 602 137 465 326 578 764 691 526 209 92 205 257 95 162 73 317 139 289 250 167 44 55 143 102 234
is_linear=0
shrinkage=0.03


Tree=40
num_leaves=31
num_cat=0
split_feature=132 115 115 123 122 137 115 126 133 125 139 138 115 124 125 129 127 115 126 126 133 124 138 119 116 115 115 138 136 133
split_gain=325.439 124.551 61.6019 61.0656 38.4714 59.6929 30.9455 22.8169 20.9985 17.9419 13.3028 13.2709 13.0192 12.9467 15.0761 12.6212 10.1688 10.2205 8.94362 8.35633 7.35647 7.2837 6.71095 7.88066 7.96 7.61919 6.08438 7.65663 5.72078 4.5894
threshold=14.357142857142859 178.50000000000003 6.5000000000000009 -98.499999999999986 -1.0000000180025095e-35 9.5000000000000018 15.500000000000002 47.500000000000007 113.12818988464987 -0.90550595238095222 19.500000000000004 38.500000000000007 17.500000000000004 -8.4999999999999982 -0.20820433436532504 28.500000000000004 3.5000000000000004 36.500000000000007 163.50000000000003 17.500000000000004 31.007233382411545 -7.4999999999999991 40.500000000000007 43.500000000000007 14.500000000000002 49.500000000000007 13.500000000000002 38.500000000000007 1.0000000180025095e-35 5.1189534351685291
decision_type=2 2 2 2 2 2 2 2 2 2 2 2 2 2 2 2 2 2 2 2 2 2 2 2 2 2 2 2 2 2
left_child=2 3 9 20 5 6 -5 12 13 28 29 -11 19 14 -7 -14 -17 -18 26 -6 -2 -13 23 24 -15 -25 27 -9 -1 -4
right_child=1 -3 10 4 7 8 -8 18 -10 11 -12 21 15 22 -16 16 17 -19 -20 -21 -22 -23 -24 25 -26 -27 -28 -29 -30 -31
leaf_value=-0.28601125159523655 0.26490081257614051 5.5864224491619536 0.015013048940602508 -0.22178421554934954 -0.2689818189412872 0.20762830919166844 0.28480019529650707 0.19566945695079221 10.830952265706351 -0.19629109411156373 -0.029302517048265572 -0.22315275419348599 0.1036859541540647 -0.063623372605600387 -0.22751498558008099 0.60313339949697564 0.049883191808554196 -0.052560204226877079 1.1843845708778324 -0.10337816592825617 2.8534530009486954 -0.22875342145987015 -0.13683856823059501 0.19208454209942516 0.0097348883101695087 -0.032557617926758979 0.13069934213107678 -0.15267706933481701 0.024453491766675946 0.11738770802618362
leaf_weight=25 23 193 72 118 36 31 20 54 26 116 94 43 48 30 58 25 27 50 99 87 89 562 125 124 42 25 167 38 26 28
leaf_count=25 23 193 72 118 36 31 20 54 26 116 94 43 48 30 58 25 27 50 99 87 89 562 125 124 42 25 167 38 26 28
internal_value=-0.00400798 0.00457403 -0.0176045 0.00128731 -0.000675304 -0.00609934 -0.023035 0.0044717 -0.000824034 -0.0213822 -0.00238191 -0.022595 -0.00202878 -0.00250909 -0.012383 0.00383226 -0.00218692 -0.00760976 0.00940496 -0.00909375 0.022 -0.0244328 0.000153846 0.00329204 -0.0045974 0.00716883 0.00622727 0 -0.00364286 0.00508571
internal_weight=2501 1535 966 1342 1230 599 138 631 461 772 194 721 273 435 89 150 102 77 358 123 112 605 346 221 72 149 259 92 51 100
internal_count=2501 1535 966 1342 1230 599 138 631 461 772 194 721 273 435 89 150 102 77 358 123 112 605 346 221 72 149 259 92 51 100
is_linear=0
shrinkage=0.03


Tree=41
num_leaves=31
num_cat=0
split_feature=130 115 115 134 137 115 121 125 133 126 138 126 115 115 138 126 131 134 133 130 131 133 119 132 132 123 131 115 128 130
split_gain=318.021 110.385 82.7201 51.2498 45.4516 40.3827 37.8275 27.9135 23.8472 18.5614 12.8554 12.8253 11.1407 10.4511 11.2242 8.82545 8.5378 8.46468 7.9646 9.28737 11.0707 6.88179 6.80815 6.67179 7.9393 6.41107 6.31211 7.97874 6.30052 13.0921
threshold=25.166666666666668 178.50000000000003 6.5000000000000009 1.0000000180025095e-35 9.5000000000000018 1.0000000180025095e-35 114.50000000000001 -0.94590643274853792 113.12818988464987 9.5000000000000018 38.500000000000007 160.50000000000003 54.500000000000007 62.000000000000007 40.500000000000007 25.500000000000004 16.289042776425003 1.0000000180025095e-35 31.73293663639204 111.16666666666667 14.204712664876377 12.490812282594868 1.0000000180025095e-35 36.928571428571438 40.714285714285715 -9.4999999999999982 6.5743120962686392 33.500000000000007 16.500000000000004 12.833333333333334
decision_type=2 2 2 2 2 2 2 2 2 2 2 2 2 2 2 2 2 2 2 2 2 2 2 2 2 2 2 2 2 2
left_child=2 3 7 6 5 -5 11 -1 13 10 -9 15 16 14 -6 -2 21 28 19 20 -16 26 -19 -17 -25 -12 27 -4 29 -11
right_child=1 -3 12 4 8 -7 -8 9 -10 17 25 -13 -14 -15 18 23 -18 22 -20 -21 -22 -23 -24 24 -26 -27 -28 -29 -30 -31
leaf_value=0.032410659570804815 -0.061710967099466808 5.4188297756870947 -0.044665190455916944 -0.21513068908286906 0.13980175021601829 0.14353979923735924 1.9220881630941093 -0.1904023612882168 3.7570697769714405 0.063683954754199287 -0.1404432931101168 1.0810432898158091 0.59708268612129067 0.32008560650711648 -0.0047109476062789923 0.19994464569929349 0.15903905959150511 -0.16902412464925842 -0.26528884663624575 1.8240633619156541 -0.22419290193587227 -0.13142284798906984 -0.23191833117644625 -0.050614797718625294 0.035105566859505256 -0.22189081881607406 0.022553470183610074 0.083323043122501869 0.013815209288745791 -0.25831246699269522
leaf_weight=37 75 191 106 107 90 38 127 104 28 28 23 83 59 66 48 83 27 33 28 21 29 27 63 39 276 544 35 31 31 24
leaf_count=37 75 191 106 107 90 38 127 104 28 28 23 83 59 66 48 83 27 33 28 21 29 27 63 39 276 544 35 31 31 24
internal_value=-0.00407981 0.00595502 -0.015441 0.00235696 -0.0054 -0.01896 0.00753488 -0.0199372 0.00112381 -0.0210456 -0.0233787 0.00405348 -0.00132414 -0.00165157 -0.00485973 0.00205858 -0.00438961 -0.0118696 -0.0104885 -0.00576699 -0.0105366 -0.00658824 -0.0177624 0.00385608 0.0017625 -0.0252168 -0.0040339 -0.00692958 -0.00436364 -0.0104211
internal_weight=2501 1329 1172 1138 455 145 683 887 310 850 671 556 285 282 216 473 226 179 126 98 77 199 96 398 315 567 172 137 83 52
internal_count=2501 1329 1172 1138 455 145 683 887 310 850 671 556 285 282 216 473 226 179 126 98 77 199 96 398 315 567 172 137 83 52
is_linear=0
shrinkage=0.03


Tree=42
num_leaves=31
num_cat=0
split_feature=130 115 115 123 122 139 115 126 133 125 138 139 139 122 127 126 118 128 125 124 128 126 118 115 128 130 130 116 122 115
split_gain=304.808 127.025 74.5626 51.5641 39.3337 55.5281 31.8122 22.1663 21.8 17.2111 17.7528 15.3855 13.1277 11.0267 10.1271 9.53645 8.83858 8.09206 7.57147 7.14342 9.45264 10.5396 7.0215 6.12634 11.1251 6.05053 8.52248 5.89397 5.83407 11.5871
threshold=14.500000000000002 178.50000000000003 6.5000000000000009 -119.49999999999999 -1.0000000180025095e-35 17.500000000000004 2.5000000000000004 47.500000000000007 113.12818988464987 -0.86773255813953476 38.500000000000007 29.500000000000004 23.500000000000004 43.500000000000007 5.5000000000000009 163.50000000000003 14.833333333333334 39.500000000000007 0.025478740668614091 26.500000000000004 39.500000000000007 118.50000000000001 86.333333333333357 95.500000000000014 131.50000000000003 106.83333333333336 79.166666666666671 35.500000000000007 3.5000000000000004 2.5000000000000004
decision_type=2 2 2 2 2 2 2 2 2 2 2 2 2 2 2 2 2 2 2 2 2 2 2 2 2 2 2 2 2 2
left_child=2 3 9 22 5 6 -5 14 11 -1 -11 12 17 -4 -6 23 -14 -7 27 20 -18 -22 -2 24 25 26 -9 -13 29 -16
right_child=1 -3 13 4 7 8 -8 15 -10 10 -12 18 16 -15 28 -17 19 -19 -20 -21 21 -23 -24 -25 -26 -27 -28 -29 -30 -31
leaf_value=-0.040361785155154872 0.32204946744380264 5.2562648824164819 -0.017616509093566587 -0.20867676841038299 0.22982650924408318 0.048208978383772201 0.23156608478812224 0.088474591203834121 10.420836328634179 -0.18469029044957033 -0.21598895334922763 -0.2174671148777961 -0.036949703346790819 1.1203277996804573 -0.11690792924469257 1.1392504655562836 0.31480285526710422 -0.10732963219237347 0.060038718834078963 -0.085224739152263917 -0.0015880984903717632 0.69308283453913477 3.2975966989849308 0.38344360174959646 -0.21573158527408851 0.96305655676724944 -0.13217698521871113 -0.21413527045865194 -0.024556742154853026 0.10120643377810487
leaf_weight=53 20 193 179 116 29 21 22 112 26 116 595 53 48 26 97 99 40 60 22 21 91 39 70 72 24 24 34 67 105 27
leaf_count=53 20 193 179 116 29 21 22 112 26 116 595 53 48 26 97 99 40 60 22 21 91 39 70 72 24 24 34 67 105 27
internal_value=-0.00427135 0.00405595 -0.0173963 0.000732143 -0.000880383 -0.00617116 -0.0226154 0.00443312 -0.00132657 -0.0216827 -0.0229106 -0.00294218 0.00072 -0.00125714 -0.00225856 0.00914595 0.00427869 -0.00934884 -0.0109796 0.00716327 0.00922286 0.00484444 0.0220421 0.00595572 0.00298492 0.00579429 0.00313907 -0.013872 -0.00446154 0
internal_weight=2501 1532 969 1339 1249 626 138 623 488 764 711 462 320 205 258 365 239 81 142 191 170 130 90 266 194 170 146 120 229 124
internal_count=2501 1532 969 1339 1249 626 138 623 488 764 711 462 320 205 258 365 239 81 142 191 170 130 90 266 194 170 146 120 229 124
is_linear=0
shrinkage=0.03


Tree=43
num_leaves=31
num_cat=0
split_feature=132 115 134 115 122 137 115 133 119 125 129 139 139 139 115 116 126 129 126 122 116 133 139 139 126 118 122 126 129 129
split_gain=296.453 125.845 59.3638 56.6525 46.6675 45.2787 34.2167 20.4154 19.7657 16.9846 15.323 15.0623 12.3252 10.1383 10.292 12.0572 9.32996 8.62138 9.68326 10.9789 8.41899 7.26016 10.0209 10.8624 7.38824 6.8432 6.8234 6.67917 6.01237 8.74125
threshold=14.357142857142859 102.50000000000001 1.0000000180025095e-35 6.5000000000000009 -105.49999999999999 9.5000000000000018 1.0000000180025095e-35 118.33199725870534 243.50000000000003 -0.90550595238095222 227.50000000000003 13.500000000000002 19.500000000000004 28.500000000000004 17.500000000000004 5.5000000000000009 112.50000000000001 1.5000000000000002 5.5000000000000009 4.5000000000000009 126.50000000000001 2.6379555726829742 22.500000000000004 25.500000000000004 7.5000000000000009 63.833333333333336 -10.499999999999998 29.500000000000004 133.50000000000003 99.500000000000014
decision_type=2 2 2 2 2 2 2 2 2 2 2 2 2 2 2 2 2 2 2 2 2 2 2 2 2 2 2 2 2 2
left_child=3 2 4 9 20 6 -4 13 16 -1 17 -11 -5 27 15 -15 -3 -6 19 -19 -2 -13 -23 24 -24 28 -18 -7 29 -20
right_child=1 8 5 12 10 7 -8 -9 -10 11 -12 21 -14 14 -16 -17 26 18 25 -21 -22 22 23 -25 -26 -27 -28 -29 -30 -31
leaf_value=-0.039150931600500198 0.8500198922200658 0.047431747979363906 -0.20241646535807148 0.044582778544723707 0.11592427597959058 -0.095597433246090768 0.086127311089851444 8.1606102734960189 8.944605233921342 -0.17914958173608325 5.4823177530035219 -0.21570069315360421 -0.027053190749806735 -0.21094310143146219 0.056527834072919982 -0.21886419026802043 0.073326621904513875 -0.19126251153740056 0.0056248068946894844 0.14737309252643735 3.1190853836486085 -0.21119291876232085 -0.15648909657695639 -0.21648909657695639 0.028460764358851396 -0.058659999208512441 0.76473125304512879 0.16515251802891825 -0.16597358123297737 0.27642560447221937
leaf_weight=51 22 84 128 100 101 37 31 20 148 116 42 343 94 41 49 66 22 51 265 21 87 108 42 86 26 50 101 113 23 33
leaf_count=51 22 84 128 100 101 37 31 20 148 116 42 343 94 41 49 66 22 51 265 21 87 108 42 86 26 50 101 113 23 33
internal_value=-0.00431923 0.00387273 -0.000855696 -0.0172956 0.00474857 -0.00886531 -0.0217317 -0.00233837 0.0194 -0.0209189 0.00130964 -0.0220992 -0.00268342 -0.00441801 -0.00965217 -0.0146786 0.0128491 -9.83607e-05 -0.00192857 -0.0116104 0.0223158 -0.0240393 -0.0193034 -0.0135472 -0.0040274 6.38298e-05 0.018 0.00112258 0.00173006 0.0029505
internal_weight=2501 1535 1180 966 695 485 159 326 355 772 586 721 194 306 156 107 207 544 443 72 109 605 262 154 68 371 123 150 321 298
internal_count=2501 1535 1180 966 695 485 159 326 355 772 586 721 194 306 156 107 207 544 443 72 109 605 262 154 68 371 123 150 321 298
is_linear=0
shrinkage=0.03


Tree=44
num_leaves=31
num_cat=0
split_feature=132 115 115 134 115 137 121 138 123 126 138 126 116 129 126 126 123 129 128 129 124 137 134 135 129 116 124 134 132 115
split_gain=284.379 125.741 60.0422 55.7788 48.8614 50.4396 43.0317 22.4412 17.4187 15.9652 15.3753 15.0083 12.0572 7.91345 7.85013 7.67318 12.9703 11.6877 10.659 8.66609 7.35841 7.29825 7.25881 6.6224 6.36661 6.6683 6.63413 6.08727 6.561 5.58235
threshold=14.357142857142859 178.50000000000003 5.5000000000000009 1.0000000180025095e-35 17.500000000000004 9.5000000000000018 118.50000000000001 40.500000000000007 -9.4999999999999982 35.500000000000007 38.500000000000007 160.50000000000003 5.5000000000000009 146.50000000000003 165.50000000000003 42.500000000000007 -43.499999999999993 36.500000000000007 65.500000000000014 103.50000000000001 -7.4999999999999991 9.5000000000000018 -0.60785761079279388 -0.56174490092936669 105.50000000000001 31.500000000000004 1.0000000180025095e-35 -1.0000000180025095e-35 7.3571428571428585 22.500000000000004
decision_type=2 2 2 2 2 2 2 2 2 2 2 2 2 2 2 2 2 2 2 2 2 2 2 2 2 2 2 2 2 2
left_child=2 3 8 6 5 -5 11 9 22 -7 -10 13 -9 15 -11 16 -2 23 -17 -20 -12 29 -1 -18 25 26 -6 28 -23 -4
right_child=1 -3 21 4 24 7 -8 12 10 14 20 -13 -14 -15 -16 18 17 -19 19 -21 -22 27 -24 -25 -26 -27 -28 -29 -30 -31
leaf_value=0.039343012800975852 0.60153176907256489 4.830238778926347 -0.066116184632499977 -0.19634397139732934 0.20242437423318302 -0.11305502303080556 2.1108230818496061 -0.20461480838851834 -0.17377509428400076 0.16772929213108134 -0.19668516546904155 0.98186362203589284 -0.2122982645599798 -0.1609943737959881 3.3650926610253586 0.13080744458464558 0.032975789918926281 -0.050901873774589636 -0.0044847713844761473 0.26813283633805268 -0.20241539772102304 -0.021480500175380824 -0.24788289373508482 -0.012799282774903276 0.44354349175715579 -0.06412559808120108 -0.011268150759679045 -0.056519642361961997 0.014643532878455153 1.0252873707602586
leaf_weight=27 25 193 26 130 36 35 116 41 116 70 42 83 66 32 25 113 32 121 118 53 556 27 27 111 59 25 51 61 35 49
leaf_count=27 25 193 26 130 36 35 116 41 116 70 42 83 66 32 25 113 32 121 118 53 556 27 27 111 59 25 51 61 35 49
internal_value=-0.00446289 0.00356104 -0.017172 0.000262806 -0.00717127 -0.0132903 0.00525834 -0.00480992 -0.0209495 0.00351111 -0.0221892 0.002329 -0.0146786 0.000629508 0.00984 0.00149481 -0.00191837 -0.00399257 0.00496194 0.000136364 -0.0241692 -0.00233498 -0.0039661 0.00178378 0.00593182 0.00148718 0.00547826 -0.00675 0 0.0048
internal_weight=2501 1535 966 1342 538 367 804 237 768 130 714 688 107 605 95 573 289 264 284 171 598 198 54 143 171 112 87 123 62 75
internal_count=2501 1535 966 1342 538 367 804 237 768 130 714 688 107 605 95 573 289 264 284 171 598 198 54 143 171 112 87 123 62 75
is_linear=0
shrinkage=0.03


Tree=45
num_leaves=31
num_cat=0
split_feature=132 132 118 134 122 139 117 122 137 138 131 138 122 134 129 126 131 126 118 135 129 126 117 123 130 129 124 122 124 118
split_gain=272.817 105.431 46.7079 33.7699 50.451 37.9581 28.6227 22.6385 43.1204 15.5705 13.4896 12.9716 12.8743 14.3462 11.6659 11.3808 11.3484 8.56295 7.9975 7.99325 9.10045 12.861 7.54566 7.42805 16.5831 7.29603 7.98616 7.20751 7.02864 6.59789
threshold=14.357142857142859 221.92857142857147 3.1666666666666674 1.0000000180025095e-35 17.500000000000004 22.500000000000004 116.50000000000001 -119.49999999999999 9.5000000000000018 38.500000000000007 75.345089736360407 40.500000000000007 43.500000000000007 1.0000000180025095e-35 1.0000000180025095e-35 10.500000000000002 35.125921075536233 35.500000000000007 61.000000000000007 -0.56174490092936669 41.500000000000007 41.500000000000007 13.500000000000002 -22.499999999999996 63.166666666666679 105.50000000000001 1.0000000180025095e-35 9.5000000000000018 -6.4999999999999991 60.500000000000007
decision_type=2 2 2 2 2 2 2 2 2 2 2 2 2 2 2 2 2 2 2 2 2 2 2 2 2 2 2 2 2 2
left_child=2 3 9 6 5 -5 19 8 -3 -1 -8 17 13 14 -4 -16 -10 -7 -13 20 22 -22 -2 24 -21 26 -6 -15 -11 -23
right_child=1 7 12 4 25 11 10 -9 16 28 -12 18 -14 27 15 -17 -18 -19 -20 23 21 29 -24 -25 -26 -27 -28 -29 -30 -31
leaf_value=-0.16856184145548073 0.0089788585781972689 -0.19045365225540947 0.010802542305256298 -0.19045365225540947 0.19337169176156949 -0.077489251496663247 0.57699735046229073 6.7223761126441248 12.886354958417209 -0.097191240520798666 -0.14322159313201738 -0.1967268103965478 0.9357082079930793 -0.201568914801943 -0.12530668444585719 0.006483911043808765 0.91705754970580322 0.25472170849525211 0.076961437359932675 0.26543069180182272 -0.15942828460843603 0.14677540085434038 0.18334420276589319 -0.021269692878713612 -0.0196630521111242 0.53733352154594127 -0.027126826469044969 -0.03254703100673545 -0.20392196174801699 -0.034631194469773446
leaf_weight=116 30 24 106 121 33 30 144 200 44 21 20 80 23 75 85 34 20 77 36 61 20 47 41 311 54 57 61 47 459 24
leaf_count=116 30 24 106 121 33 30 144 200 44 21 20 80 23 75 85 34 20 77 36 61 20 47 41 311 54 57 61 47 459 24
internal_value=-0.004415 0.00344416 -0.016863 -0.000354633 -0.006408 -0.0127049 0.00363804 0.0196382 0.0063871 -0.0220532 0.0145207 -0.00510526 -0.008304 -0.00978409 -0.00506087 -0.0113226 0.0190435 0.00235714 -0.0118512 0.000495784 0.00607186 -0.00025 0.0137368 -0.00165661 0.0047 0.00784615 0.00236364 -0.0179055 -0.0244825 0.00584211
internal_weight=2501 1535 966 1247 495 344 752 288 88 596 164 223 370 347 225 119 64 107 116 588 162 91 71 426 115 151 94 122 480 71
internal_count=2501 1535 966 1247 495 344 752 288 88 596 164 223 370 347 225 119 64 107 116 588 162 91 71 426 115 151 94 122 480 71
is_linear=0
shrinkage=0.03


Tree=46
num_leaves=31
num_cat=0
split_feature=130 115 115 125 122 137 115 133 126 125 138 139 121 128 126 125 115 130 130 128 134 115 116 121 118 126 118 128 126 118
split_gain=260.046 116.826 72.4182 47.0263 37.2244 58.2747 26.7582 21.2519 20.2867 19.2845 16.4758 14.5339 14.2794 10.7656 9.24175 8.44622 8.28792 9.69732 9.29308 7.40207 7.17548 6.86443 8.81548 6.31008 5.29684 8.40367 6.915 6.00915 5.25943 5.22555
threshold=14.500000000000002 178.50000000000003 5.5000000000000009 -0.99215674212598415 -1.0000000180025095e-35 9.5000000000000018 15.500000000000002 127.16263581919226 165.50000000000003 -0.8291666666666665 38.500000000000007 29.500000000000004 43.500000000000007 72.500000000000014 102.50000000000001 0.8787878787878789 95.500000000000014 127.33333333333336 106.83333333333336 19.500000000000004 -0.60785761079279388 21.500000000000004 17.500000000000004 130.50000000000003 5.8333333333333348 17.500000000000004 1.0000000180025095e-35 57.500000000000007 1.5000000000000002 11.833333333333334
decision_type=2 2 2 2 2 2 2 2 2 2 2 2 2 2 2 2 2 2 2 2 2 2 2 2 2 2 2 2 2 2
left_child=2 3 9 -2 5 6 -5 11 16 -1 28 12 19 -14 -15 -4 17 18 24 -7 -18 22 -13 -22 25 -6 27 -27 -11 -26
right_child=1 -3 15 4 8 7 -8 -9 -10 10 -12 21 13 14 -16 -17 20 -19 -20 -21 23 -23 -24 -25 29 26 -28 -29 -30 -31
leaf_value=-0.063434393172057957 2.7347643096646945 4.524049993022043 0.0062626754404177731 -0.18474004268774719 -0.30513935044390206 0.032792969035393915 0.26419132911789334 11.169711952924006 0.99172102837301501 -0.19350498621181628 -0.19552184735788472 -0.19266268769177664 0.19570616933025603 -0.024071792660250963 0.19080878596233375 -0.11759071028531763 -0.016853155016215027 -0.19009739152268912 0.44277995118203944 -0.031006731395557725 0.443262663706535 -0.0027712756968505301 -0.21258298906587347 0.17652682099425177 0.061488908099956663 0.11321238108567631 -0.099446461153789717 -0.32249252234687054 -0.065313380885255637 0.0020258729199536772
leaf_weight=73 79 193 163 118 22 29 20 22 99 53 571 40 71 47 69 46 33 28 25 114 46 38 64 20 27 103 22 27 63 176
leaf_count=73 79 193 163 118 22 29 20 22 99 53 571 40 71 47 69 46 33 28 25 114 46 38 64 20 27 103 22 27 63 176
internal_value=-0.00453472 0.0031581 -0.0166571 -1.78571e-05 -0.00146561 -0.00658399 -0.0234545 -0.00167134 0.0036872 -0.0209333 -0.0224913 -0.00313208 0.000340299 0.00575 0 -0.000953271 0.0012809 -0.000537931 0.000722359 -0.00664865 0.00888462 -0.0109796 -0.0148073 0.0142817 -0.000534031 -0.00432402 -0.00149045 0.00128889 -0.0113554 0.00271154
internal_weight=2501 1532 969 1339 1260 632 138 494 628 760 687 472 330 187 116 209 529 430 402 143 99 142 104 66 377 174 152 130 116 203
internal_count=2501 1532 969 1339 1260 632 138 494 628 760 687 472 330 187 116 209 529 430 402 143 99 142 104 66 377 174 152 130 116 203
is_linear=0
shrinkage=0.03


Tree=47
num_leaves=31
num_cat=0
split_feature=130 115 115 134 122 122 138 125 138 126 138 129 126 125 123 122 116 125 124 125 132 123 119 118 133 130 124 129 126 124
split_gain=253.904 111.776 71.7229 49.62 45.31 37.9754 37.6015 28.2486 17.9227 16.6684 13.2291 11.7105 10.1051 9.42951 8.95357 7.9433 7.37735 6.61694 6.53493 6.52505 6.02945 12.0858 6.36538 5.89507 16.0909 5.40725 5.18371 4.81318 8.55125 8.0832
threshold=17.166666666666668 224.50000000000003 5.5000000000000009 1.0000000180025095e-35 -4.4999999999999991 -105.49999999999999 39.500000000000007 -0.8291666666666665 40.500000000000007 160.50000000000003 38.500000000000007 105.50000000000001 118.50000000000001 0.8787878787878789 5.5000000000000009 -20.499999999999996 126.50000000000001 0.29486357809924929 1.5000000000000002 -0.93303571428571419 7.0714285714285721 -7.4999999999999991 37.500000000000007 61.000000000000007 42.283355483114519 14.16666666666667 -1.0000000180025095e-35 65.500000000000014 72.500000000000014 -7.4999999999999991
decision_type=2 2 2 2 2 2 2 2 2 2 2 2 2 2 2 2 2 2 2 2 2 2 2 2 2 2 2 2 2 2
left_child=2 3 7 5 6 16 -5 18 12 17 -9 27 -8 14 20 -11 -2 -7 -1 -20 21 -4 -22 -10 -25 -12 -15 28 29 -6
right_child=1 -3 13 4 11 9 8 10 23 15 25 -13 -14 26 -16 -17 -18 -19 19 -21 22 -23 -24 24 -26 -27 -28 -29 -30 -31
leaf_value=0.019044283884612517 0.77883994274234969 7.1850253426523105 1.2801984894608907 -0.17919784140711476 0.17512569076733944 0.013863878447707093 -0.018391916967352415 -0.17269983662546182 -0.18679467919421305 -0.11325315810333464 -0.18965619193714819 0.4397225675834866 2.1975221127594082 -0.21471663281042527 1.0842649505196789 0.99446685159188652 2.7728352798798528 -0.063953358158899465 0.012202477297175598 -0.15467605772739298 0.018023836452029086 -0.054439549451825789 -0.013048137422135432 1.3762716288942294 -0.24797640694804643 -0.17614060310284901 -0.00079840156486270068 -0.15956750420758253 0.54681035760051233 -0.02565813930193581
leaf_weight=43 22 154 22 109 20 519 41 122 59 22 563 80 26 21 20 80 87 63 24 21 49 55 30 27 21 32 29 37 28 75
leaf_count=43 22 154 22 109 20 519 41 122 59 22 563 80 26 21 20 80 87 63 24 21 49 55 30 27 21 32 29 37 28 75
internal_value=-0.00463049 0.0033722 -0.0160077 0.000495079 -0.00663636 0.00521805 -0.0146667 -0.0201778 -0.0056648 0.00251669 -0.0221385 0.00291429 0.00616667 -0.00101299 0.00228729 0.0134019 0.0212632 0.000500852 -0.00380645 -0.01128 -0.000335404 -0.00614634 0.00528571 -0.0130714 -0.00441509 -0.02404 -0.0118909 -0.00178182 0.001125 -0.00324
internal_weight=2501 1470 1031 1316 523 793 283 805 174 684 717 240 67 226 176 102 109 582 88 45 156 77 79 107 48 595 50 160 123 95
internal_count=2501 1470 1031 1316 523 793 283 805 174 684 717 240 67 226 176 102 109 582 88 45 156 77 79 107 48 595 50 160 123 95
is_linear=0
shrinkage=0.03


Tree=48
num_leaves=31
num_cat=0
split_feature=132 115 115 134 115 139 122 138 123 132 138 116 135 115 127 116 117 133 139 139 134 138 132 117 133 115 116 133 121 118
split_gain=245.75 116.812 54.6295 50.2626 49.0525 52.1629 38.0743 26.6275 15.6476 15.401 14.2031 12.0572 10.8676 9.23325 8.65902 8.5195 9.79551 8.33226 9.74734 13.0637 7.25881 7.05641 7.65376 15.3948 6.9542 7.07061 6.8817 6.74288 6.72995 6.63702
threshold=14.357142857142859 224.50000000000003 5.5000000000000009 1.0000000180025095e-35 17.500000000000004 22.500000000000004 -105.49999999999999 40.500000000000007 -9.4999999999999982 357.21428571428578 38.500000000000007 5.5000000000000009 -0.56174490092936669 93.500000000000014 174.50000000000003 51.500000000000007 49.500000000000007 2.6379555726829742 22.500000000000004 25.500000000000004 -0.60785761079279388 39.500000000000007 7.9285714285714297 29.500000000000004 17.161892172904949 26.500000000000004 126.50000000000001 69.812284662050061 7.5000000000000009 60.500000000000007
decision_type=2 2 2 2 2 2 2 2 2 2 2 2 2 2 2 2 2 2 2 2 2 2 2 2 2 2 2 2 2 2
left_child=2 3 8 6 5 -5 26 14 20 12 -10 -9 13 29 -7 24 -17 -12 -19 28 -1 22 23 -4 -14 -26 -2 -18 -20 -8
right_child=1 -3 21 4 -6 7 9 11 10 -11 17 -13 15 -15 -16 16 27 18 19 -21 -22 -23 -24 -25 25 -27 -28 -29 -30 -31
leaf_value=0.039170349426412246 0.75547474446007912 6.9694745823727411 -0.07609671398525869 -0.17382190616490131 0.12085359433917198 0.031466953956415362 0.063280139056990092 -0.19336786449019855 -0.15251884152669795 6.0471353919740674 -0.18487294998476483 -0.18804618226348141 -0.0090989570563884039 0.45530879833768773 2.7940553335764027 0.52181341431506711 0.034330693500129711 -0.18454450707590489 -0.1280489617167255 -0.1862489617167255 -0.23910396677810009 -0.020159194625191574 0.078190742108035088 1.4610250000575629 -0.19432885960866236 0.015066644318063442 2.6896502214834572 -0.298139987847791 0.031393263610900883 -0.075645612060023668
leaf_weight=27 22 154 51 141 181 87 131 41 116 32 340 66 196 44 32 39 163 106 47 84 27 84 36 27 41 24 87 28 21 26
leaf_count=27 22 154 51 141 181 87 131 41 116 32 340 66 196 44 32 39 163 106 47 84 27 84 36 27 41 24 87 28 21 26
internal_value=-0.00467837 0.00278182 -0.0164923 -1.7316e-05 -0.00704159 -0.0132903 0.00461098 -0.00412987 -0.0200957 0.00204938 -0.0212712 -0.0146786 0.00102439 0.00681553 0.00551613 -0.00137903 0.00278298 -0.0231741 -0.0182281 -0.0125732 -0.0039661 -0.00233498 0.00247059 -0.00281928 -0.00505263 -0.0132 0.0207368 -0.000122449 -0.00238356 0.00311111
internal_weight=2501 1535 966 1381 548 367 833 226 768 724 714 107 692 201 119 491 230 598 258 152 54 198 114 78 261 65 109 191 68 157
internal_count=2501 1535 966 1381 548 367 833 226 768 724 714 107 692 201 119 491 230 598 258 152 54 198 114 78 261 65 109 191 68 157
is_linear=0
shrinkage=0.03


Tree=49
num_leaves=31
num_cat=0
split_feature=130 130 119 122 137 123 119 120 122 137 138 122 123 124 124 131 139 139 124 118 139 128 130 124 130 126 128 121 122 139
split_gain=250.896 102.333 49.8944 27.0665 52.848 26.7521 22.0035 21.9615 20.3519 43.8067 18.1117 17.1886 17.406 15.1397 13.1519 12.612 9.46892 11.3341 8.65112 8.43361 8.34087 7.7829 13.1596 7.41874 6.58259 6.16395 5.18962 5.55367 4.8887 6.11835
threshold=14.500000000000002 220.16666666666671 6.5000000000000009 -1.0000000180025095e-35 9.5000000000000018 -43.499999999999993 105.50000000000001 14.500000000000002 -66.499999999999986 9.5000000000000018 38.500000000000007 2.5000000000000004 -2.4999999999999996 -2.4999999999999996 1.5000000000000002 44.798310988579111 23.500000000000004 28.500000000000004 29.500000000000004 15.833333333333334 26.500000000000004 129.50000000000003 106.83333333333336 -6.4999999999999991 112.66666666666667 1.5000000000000002 40.500000000000007 64.500000000000014 -8.4999999999999982 23.500000000000004
decision_type=2 2 2 2 2 2 2 2 2 2 2 2 2 2 2 2 2 2 2 2 2 2 2 2 2 2 2 2 2 2
left_child=2 3 10 4 7 18 21 -2 9 -3 25 12 14 -7 -4 -11 -14 -18 -6 -13 28 22 -5 -12 -8 -1 -22 -28 29 -15
right_child=1 8 11 6 5 13 24 -9 -10 15 23 19 16 20 -16 -17 17 -19 -20 -21 26 -23 -24 -25 -26 -27 27 -29 -30 -31
leaf_value=-0.17794327628089701 -0.16860724897995427 -0.16860724897995427 0.024060424219575882 -0.00050148080622523848 0.50615901188561496 -0.15955569472855061 0.13178847826237258 0.2125157429771819 6.0293321326151741 10.378846815333855 -0.1367155602135135 -0.025113797312230089 -0.18139709028044126 -0.11572001817029309 -0.063450061570037797 -0.19489710385143014 0.1045631887130198 -0.17319109829971779 -0.054795476038878375 0.17105642687146821 -0.16287989550582149 -0.24485575209490348 0.72016382376054033 -0.18066149286522373 0.64820929198861565 -0.053597419114133175 0.075554382254463981 -0.21099226994832807 0.042936628531509841 0.037616559882234668
leaf_weight=53 99 24 61 386 106 89 71 20 183 63 21 87 97 24 24 20 28 39 23 54 40 40 36 442 95 63 26 42 26 119
leaf_count=53 99 24 61 386 106 89 71 20 183 63 21 87 97 24 24 20 28 39 23 54 40 40 36 442 95 63 26 42 26 119
internal_value=-0.0047502 0.00280677 -0.0166571 -0.000957498 -0.00541842 -0.001008 0.00340284 -0.0229355 0.0186915 0.00771429 -0.0222329 -0.00818734 -0.0128504 -0.00515903 -0.0016 0.018 -0.018426 -0.00866667 0.0104776 0.000164384 -0.00157447 0 0.00125059 -0.0249231 0.0125965 -0.0108595 -0.0079115 -0.00238356 0.00255172 0.000162162
internal_weight=2501 1532 969 1242 614 495 628 119 290 107 579 390 249 366 85 83 164 67 129 141 277 462 422 463 166 116 108 68 169 143
internal_count=2501 1532 969 1242 614 495 628 119 290 107 579 390 249 366 85 83 164 67 129 141 277 462 422 463 166 116 108 68 169 143
is_linear=0
shrinkage=0.03


Tree=50
num_leaves=31
num_cat=0
split_feature=130 115 115 134 122 137 130 125 138 138 123 126 126 124 122 117 128 115 124 126 115 125 130 126 139 122 124 128 127 128
split_gain=228.255 112.447 60.0961 45.2057 49.8597 42.5659 41.6728 19.1898 15.4235 14.9279 12.875 12.862 11.4155 10.6368 9.19804 8.48386 15.8216 7.68231 7.43243 7.86474 7.38879 6.89614 7.64492 6.16395 5.08107 5.06562 5.63411 4.57368 8.07318 7.68821
threshold=14.16666666666667 224.50000000000003 5.5000000000000009 1.0000000180025095e-35 -1.0000000180025095e-35 9.5000000000000018 238.00000000000003 -0.8291666666666665 38.500000000000007 40.500000000000007 -43.499999999999993 41.500000000000007 118.50000000000001 1.5000000000000002 43.500000000000007 129.00000000000003 67.500000000000014 130.50000000000003 -1.4999999999999998 117.50000000000001 70.500000000000014 0.8787878787878789 9.5000000000000018 1.5000000000000002 14.500000000000002 42.500000000000007 -2.4999999999999996 126.50000000000001 106.50000000000001 72.500000000000014
decision_type=2 2 2 2 2 2 2 2 2 2 2 2 2 2 2 2 2 2 2 2 2 2 2 2 2 2 2 2 2 2
left_child=2 3 7 6 5 -5 10 13 23 12 15 25 -7 -1 21 16 -2 20 -6 -20 27 22 24 -9 -4 26 -12 28 29 -13
right_child=1 -3 14 4 18 9 -8 8 -10 -11 11 17 -14 -15 -16 -17 -18 -19 19 -21 -22 -23 -24 -25 -26 -27 -28 -29 -30 -31
leaf_value=0.021661656852395159 0.40280356358815467 6.6152433709001404 0.92765097491619131 -0.16354903151055564 0.18284045571821558 -0.017994166743398238 6.4674814108738401 -0.1726049779924701 -0.17327358836549958 -0.1706031320418242 -0.16345319278996331 0.060746421214741095 1.9329666644353924 -0.13744281220627153 1.0180331525291766 1.0024581167198152 -0.034981614282986226 0.46493998870000108 -0.021780045090420436 0.4678554502568798 -0.029853961402271947 -0.14721190474940851 0.014206458403041253 -0.051989496540709168 -0.0098310696286541526 0.2101667306256263 -0.0098865547237802064 -0.037098317575869261 0.88760800560592934 -0.11683944597498125
leaf_weight=40 41 154 26 122 84 45 91 53 563 111 46 122 26 33 26 39 52 58 116 48 58 40 36 63 81 21 207 43 31 25
leaf_count=40 41 154 26 122 84 45 91 53 563 111 46 122 26 33 26 39 52 58 116 48 58 40 36 63 81 21 207 43 31 25
internal_value=-0.00467837 0.00248155 -0.0161118 -0.000254493 -0.0068833 -0.014932 0.00414064 -0.0200449 -0.021614 -0.00542246 0.00171658 -0.000136364 0.00505263 -0.00492308 -0.00179439 0.0100292 0.00453061 0.00375439 0.00305929 -0.000674556 0.00156338 -0.0042766 -0.000972973 -0.0108595 -0.00503571 -0.00492473 -0.00613953 0.0040885 0.00619672 0.00292105
internal_weight=2501 1540 961 1386 552 304 834 752 679 182 743 611 71 73 209 132 93 337 248 164 279 183 143 116 107 274 253 221 178 147
internal_count=2501 1540 961 1386 552 304 834 752 679 182 743 611 71 73 209 132 93 337 248 164 279 183 143 116 107 274 253 221 178 147
is_linear=0
shrinkage=0.03


Tree=51
num_leaves=31
num_cat=0
split_feature=132 115 115 125 133 115 138 138 138 116 115 129 118 126 138 125 128 124 115 133 126 118 119 133 135 115 132 126 124 125
split_gain=211.712 115.066 45.6361 44.2013 29.178 31.1778 32.7006 64.657 23.9486 21.8472 12.8386 12.7242 12.4422 11.7608 10.6354 14.0706 9.73291 8.35603 7.77724 11.5163 7.29042 7.06073 6.73677 7.69233 5.71548 5.55159 6.78622 5.31223 5.4961 5.09676
threshold=11.928571428571431 224.50000000000003 5.5000000000000009 -0.99250925822017722 152.00848769995631 17.500000000000004 38.500000000000007 39.500000000000007 40.500000000000007 3.5000000000000004 2.5000000000000004 1.5000000000000002 14.833333333333334 40.500000000000007 38.500000000000007 -0.8291666666666665 43.500000000000007 1.5000000000000002 129.50000000000003 76.28598178499989 1.5000000000000002 124.16666666666667 102.50000000000001 30.498561173569353 1.0000000180025095e-35 39.500000000000007 7.9285714285714297 6.5000000000000009 -3.4999999999999996 -0.30725524475524474
decision_type=2 2 2 2 2 2 2 2 2 2 2 2 2 2 2 2 2 2 2 2 2 2 2 2 2 2 2 2 2 2
left_child=2 3 14 -2 5 6 13 10 12 -10 -8 -7 24 -5 20 17 -14 -16 21 -20 -1 29 -11 -24 -9 26 -4 28 -17 -13
right_child=1 -3 25 4 -6 11 7 8 9 22 -12 18 16 -15 15 27 -18 -19 19 -21 -22 -23 23 -25 -26 -27 -28 -29 -30 -31
leaf_value=-0.16742682865269601 3.973702200980791 6.4167860697731358 -0.028472192009208967 -0.27196340823894588 10.108887453189519 0.41554418428942125 -0.15864256056523895 -0.017190324384842467 -0.19126237207057006 -0.14911960882336783 -0.014007473860232942 0.47372488386354117 0.21531579743920373 0.71732106125821227 0.0082550266876959093 -0.16263921812436946 0.073627433492880243 -0.1156706837488112 0.45099178903900122 -0.18270002674183189 -0.040802790339489289 -0.12497731787174984 0.90510741920752202 -0.20937406319133017 -0.15410535874278172 0.19652666714493675 0.0053281482097979 -0.16970597601780069 -0.16631725782027412 -0.00034197871875534246
leaf_weight=53 61 154 89 51 29 30 147 86 57 80 27 22 44 108 34 33 131 31 100 27 60 22 31 20 31 54 38 107 411 333
leaf_count=53 61 154 89 51 29 30 147 86 57 80 27 22 44 108 34 33 131 31 100 27 60 22 31 20 31 54 38 107 411 333
internal_value=-0.00482203 0.00178195 -0.0163213 -0.00089043 -0.00203765 -0.00272485 -0.00641076 -0.00936874 -0.00357526 -0.0117824 -0.0247709 0.00288312 0.00179798 0.00563415 -0.0196512 -0.0212464 0.0068 -0.0072 0.00163851 0.00790909 -0.0103729 -0.000534031 -0.00458824 0.00364286 -0.00560656 -0.00270968 -0.00609091 -0.0228129 -0.024441 0.000566667
internal_weight=2501 1591 910 1437 1376 1347 813 654 480 188 174 534 292 159 729 616 175 65 504 127 113 377 131 51 117 181 127 551 444 355
internal_count=2501 1591 910 1437 1376 1347 813 654 480 188 174 534 292 159 729 616 175 65 504 127 113 377 131 51 117 181 127 551 444 355
is_linear=0
shrinkage=0.03


Tree=52
num_leaves=31
num_cat=0
split_feature=130 115 115 123 122 138 138 120 130 125 126 138 119 128 121 115 122 124 125 125 130 134 129 133 126 123 125 128 129 123
split_gain=221.06 107.588 59.5728 44.5642 39.1154 53.8877 24.213 22.6292 22.2697 21.2521 19.907 15.4235 12.5164 25.8968 10.8995 10.476 9.19804 9.15767 8.14436 6.89614 7.64492 6.52138 6.4737 6.93295 6.16395 5.68494 6.08965 5.52018 6.01567 4.80995
threshold=14.16666666666667 224.50000000000003 5.5000000000000009 -53.499999999999993 -5.4999999999999991 39.500000000000007 40.500000000000007 10.500000000000002 175.33333333333334 -0.8291666666666665 155.00000000000003 38.500000000000007 141.50000000000003 67.500000000000014 22.500000000000004 22.500000000000004 43.500000000000007 1.5000000000000002 -0.43910288645278078 0.8787878787878789 9.5000000000000018 0.87837969732492682 44.500000000000007 22.397156790636284 1.5000000000000002 -2.4999999999999996 -0.011730306157550737 117.50000000000001 38.500000000000007 -7.4999999999999991
decision_type=2 2 2 2 2 2 2 2 2 2 2 2 2 2 2 2 2 2 2 2 2 2 2 2 2 2 2 2 2 2
left_child=2 3 9 12 5 7 10 -5 18 17 -7 24 13 -2 -9 21 19 -1 -6 20 -4 22 -8 -24 -11 27 -27 28 -20 -30
right_child=1 -3 16 4 8 6 15 14 -10 11 -12 -13 -14 -15 -16 -17 -18 -19 25 -21 -22 -23 23 -25 -26 26 -28 -29 29 -31
leaf_value=0.020764156346192435 0.47243066069822576 6.2242824876799423 -0.0074692174216256998 -0.15388328374828178 -0.20479810839605173 0.0081384437493669803 -0.17907969562757459 0.16719027406411627 0.96350386449565062 -0.16240402379311514 3.1772152804098037 -0.16319620417080349 2.5654245367053972 -0.047583173832123578 -0.11770280424273238 0.028765766665795525 0.98159635793895317 -0.12984940732761902 0.33244829731218301 -0.14194138184664998 0.01459890598012378 -0.15974716691845237 0.60111097974295247 -0.19578120898686177 -0.049205727934303202 -0.046952098119193729 0.0033830897910834424 0.28799547583342716 0.071160237770809334 -0.019241085466442129
leaf_weight=40 52 154 107 121 20 150 37 26 79 53 32 563 72 61 46 39 26 33 32 40 36 30 25 26 63 26 440 30 22 20
leaf_count=40 52 154 107 121 20 150 37 26 79 53 32 563 72 61 46 39 26 33 32 40 36 30 25 26 63 26 440 30 22 20
internal_value=-0.00479808 0.00224854 -0.0160497 -0.000427031 -0.00255721 -0.00859218 -0.0012907 -0.0210303 0.00226113 -0.0199657 0.00606417 -0.021614 0.0130737 0.00630508 -0.00693506 -0.00977778 -0.00179439 -0.00415385 0.000191597 -0.0042766 -0.000972973 -0.0140976 -0.00896774 -0.0015 -0.0108595 0.000928696 -0.000496815 0.00710092 0.00220253 -0.00497872
internal_weight=2501 1540 961 1386 1201 532 339 193 669 752 182 679 185 113 72 157 209 73 590 183 143 118 88 51 116 570 466 104 74 42
internal_count=2501 1540 961 1386 1201 532 339 193 669 752 182 679 185 113 72 157 209 73 590 183 143 118 88 51 116 570 466 104 74 42
is_linear=0
shrinkage=0.03


Tree=53
num_leaves=31
num_cat=0
split_feature=130 115 115 134 117 139 130 123 138 138 123 126 126 128 117 115 139 126 115 116 115 115 126 132 130 128 126 128 127 139
split_gain=212.135 106.969 61.4881 46.112 42.8422 40.8277 40.8113 19.3432 15.3209 11.577 11.441 10.0923 7.97919 7.48705 14.7919 7.37834 7.92639 7.33726 7.2059 10.1161 7.13982 8.16044 6.16395 5.25462 5.05087 4.91414 6.99942 5.68142 7.08983 4.70222
threshold=14.16666666666667 224.50000000000003 5.5000000000000009 1.0000000180025095e-35 5.5000000000000009 23.500000000000004 238.00000000000003 -4.4999999999999991 38.500000000000007 40.500000000000007 -43.499999999999993 42.500000000000007 119.50000000000001 67.500000000000014 103.50000000000001 55.500000000000007 31.500000000000004 106.50000000000001 20.500000000000004 35.500000000000007 130.50000000000003 70.500000000000014 1.5000000000000002 28.071428571428573 10.500000000000002 54.500000000000007 70.500000000000014 126.50000000000001 106.50000000000001 22.500000000000004
decision_type=2 2 2 2 2 2 2 2 2 2 2 2 2 2 2 2 2 2 2 2 2 2 2 2 2 2 2 2 2 2
left_child=2 3 7 6 17 -6 10 29 22 12 13 -12 -7 -2 -15 16 24 23 19 -11 21 25 -9 -5 -4 -13 -27 28 -28 -1
right_child=1 -3 15 4 5 9 -8 8 -10 18 11 20 -14 14 -16 -17 -18 -19 -20 -21 -22 -23 -24 -25 -26 26 27 -29 -30 -31
leaf_value=-0.19560856640139282 0.38401582944485285 6.0375540130495438 -0.026133470815228328 0.065305601397445637 -0.14926678523583334 -0.023350516844985767 6.2070792066084728 -0.15753190307932169 -0.15885640786154992 -0.16505147508938584 -0.026087667977843995 0.082500342205727425 2.0308446858983658 -0.048831463688541348 0.63740946370982954 0.89414972217700628 0.013352556833108977 0.39628604067213696 0.036497955017767862 -0.17370730475874735 0.43697980252097834 -0.031854561185616533 -0.047729556096274092 -0.02668573679997607 0.010664800482350748 -0.038165301837565779 -0.014291131970840566 -0.078761766361167954 0.8681605828730361 -0.0017885536300519787
leaf_weight=22 45 154 126 53 122 44 91 53 560 41 290 69 24 40 47 38 22 83 30 55 58 58 63 100 23 36 32 40 28 54
leaf_count=22 45 154 126 53 122 44 91 53 560 41 290 69 24 40 47 38 22 83 30 55 58 58 63 100 23 36 32 40 28 54
internal_value=-0.00496568 0.00193786 -0.0159876 -0.000728972 -0.0074219 -0.0145607 0.00371156 -0.0199657 -0.0215771 -0.00569849 0.00131551 -0.000428571 0.0040274 0.00915328 0.00352174 -0.00151402 -0.00422727 0.00221577 -0.0109466 -0.0147921 0.00320245 0.000985075 -0.0108595 -0.00167089 -0.00677922 0.00382857 0.000382979 0.00451429 0.0100615 -0.00511111
internal_weight=2501 1540 961 1386 552 316 834 752 676 194 743 611 68 132 87 209 171 236 126 96 321 263 116 153 149 205 136 100 60 76
internal_count=2501 1540 961 1386 552 316 834 752 676 194 743 611 68 132 87 209 171 236 126 96 321 263 116 153 149 205 136 100 60 76
is_linear=0
shrinkage=0.03


Tree=54
num_leaves=31
num_cat=0
split_feature=130 115 115 133 123 115 138 139 139 125 138 118 116 128 124 124 126 125 135 117 126 132 115 130 132 118 126 133 127 128
split_gain=210.121 106.613 60.4318 42.6904 26.9986 27.2113 39.9764 56.4348 30.3136 20.8147 14.8709 14.5915 13.0868 12.7491 9.15767 8.66891 8.52694 7.76987 7.10795 7.24885 6.85856 7.94801 10.2804 7.62823 6.21303 11.0726 6.16395 5.84439 5.6668 6.71435
threshold=14.16666666666667 224.50000000000003 5.5000000000000009 152.00848769995631 -43.499999999999993 13.500000000000002 38.500000000000007 18.500000000000004 28.500000000000004 -0.8291666666666665 38.500000000000007 108.50000000000001 34.500000000000007 67.500000000000014 1.5000000000000002 15.500000000000002 350.50000000000006 0.57983193277310929 1.0000000180025095e-35 14.500000000000002 42.500000000000007 56.214285714285722 130.50000000000003 18.166666666666668 7.9285714285714297 20.833333333333339 1.5000000000000002 12.673288228605928 109.50000000000001 137.50000000000003
decision_type=2 2 2 2 2 2 2 2 2 2 2 2 2 2 2 2 2 2 2 2 2 2 2 2 2 2 2 2 2 2
left_child=2 3 9 4 11 6 16 -8 18 14 26 13 -10 -2 -1 -15 -6 24 -9 -20 23 -22 28 -7 25 -4 -11 -26 -23 -30
right_child=1 -3 17 -5 5 20 7 8 12 10 -12 -13 -14 15 -16 -17 -18 -19 19 -21 21 22 -24 -25 27 -27 -28 -29 29 -31
leaf_value=0.020210287992746555 0.35726090028317359 5.8564273926580581 -0.039687784107418266 10.804920601671762 0.044314534816177135 0.043419780257588414 -0.1447887816787583 0.051990308036302509 -0.17199049967202884 -0.15280594598694203 -0.1535346258098329 3.7584061149389099 -0.16849608561598492 0.13965803597384777 -0.12008566811574864 -0.11138926673951367 5.4791797999393062 -0.11138844072317844 -0.22809671649877164 0.0025640284478238937 0.12630426596733768 -0.067850780531054408 0.35196001613093952 -0.01285493502372752 0.02047812278168255 0.92532397553547441 -0.046297669413385895 -0.0043468697594513817 0.25128051034110027 -0.033779757111200293
leaf_weight=40 70 154 59 44 126 21 142 177 66 53 563 32 57 62 33 22 30 51 21 23 89 72 91 169 36 37 63 26 37 35
leaf_count=40 70 154 59 44 126 21 142 177 66 53 563 32 57 62 33 22 30 51 21 23 89 72 91 169 36 37 63 26 37 35
internal_value=-0.00489385 0.0019767 -0.0158634 -0.000685838 -0.0016882 -0.00340568 -0.00750232 -0.0117189 -0.00496848 -0.0198071 -0.0214386 0.0087644 -0.0165937 0.00449057 -0.00415385 -0.00330337 0.0055528 -0.00151402 0.00169912 -0.00844898 0.00172254 0.00435866 0.00135 -0.00273846 0.00180368 -0.00291089 -0.0108595 0.00886567 -0.00358389 0.00225974
internal_weight=2501 1540 961 1386 1342 1156 642 486 344 752 679 186 123 154 73 84 156 209 221 44 514 324 235 190 158 96 116 62 144 72
internal_count=2501 1540 961 1386 1342 1156 642 486 344 752 679 186 123 154 73 84 156 209 221 44 514 324 235 190 158 96 116 62 144 72
is_linear=0
shrinkage=0.03


Tree=55
num_leaves=31
num_cat=0
split_feature=130 115 115 134 117 139 121 123 138 138 125 126 116 124 126 125 124 125 126 123 116 118 132 126 125 135 124 125 128 121
split_gain=194.851 105.277 65.2057 43.7503 46.4571 43.3297 36.2333 20.697 14.4943 12.1169 12.7354 10.9914 8.51913 8.1222 7.49286 7.37211 8.10056 9.14955 7.01954 14.9016 6.87521 10.4715 6.23884 6.16395 6.14093 6.11686 8.01222 7.7315 6.39942 11.7276
threshold=14.16666666666667 242.50000000000003 5.5000000000000009 1.0000000180025095e-35 1.0000000180025095e-35 23.500000000000004 207.50000000000003 -4.4999999999999991 38.500000000000007 40.500000000000007 0.043211523072819426 276.50000000000006 35.500000000000007 1.5000000000000002 119.50000000000001 0.57983193277310929 -7.4999999999999991 -0.033379758588672231 24.500000000000004 -21.499999999999996 95.500000000000014 36.166666666666679 7.9285714285714297 1.5000000000000002 -0.14589800443458975 -0.56174490092936669 -16.499999999999996 -0.037386443046820393 72.500000000000014 57.500000000000007
decision_type=2 2 2 2 2 2 2 2 2 2 2 2 2 2 2 2 2 2 2 2 2 2 2 2 2 2 2 2 2 2
left_child=2 3 7 6 20 -6 11 13 23 14 12 18 -11 -1 -7 16 -4 22 19 -2 21 -5 -18 -9 -21 27 -27 -20 29 -28
right_child=1 -3 15 4 5 9 -8 8 -10 10 -12 -13 -14 -15 -16 -17 17 -19 25 24 -22 -23 -24 -25 -26 26 28 -29 -30 -31
leaf_value=0.017942424440409041 0.50644184224104416 7.1440602407967324 1.2711380193555377 0.038996284096030107 -0.14044511822839556 -0.023606314261149206 6.9447308403537473 -0.14822176760733377 -0.14948467685140843 -0.1689406764214825 0.22701310474771555 3.1548044059411273 -0.1634412030475054 -0.11648309807227616 1.645771727271262 -0.10804678750148319 -0.048909353291813035 0.01890528240709342 -0.0041456561748441697 -0.14591131655017348 -0.15191133175507943 0.59522119811357321 0.0019438638832915344 -0.044908739330984312 -0.017263564316481846 0.49486344846268004 -0.0060724263407362852 0.16134576448570306 -0.032766364397864151 0.43601943898543821
leaf_weight=41 21 136 22 165 127 45 57 53 560 56 20 46 55 35 24 51 31 81 35 30 27 41 24 63 136 28 150 146 160 35
leaf_count=41 21 136 22 165 127 45 57 53 560 56 20 46 55 35 24 51 31 81 35 30 27 41 24 63 136 28 150 146 160 35
internal_value=-0.00498962 0.00162718 -0.0155528 -0.00084741 -0.00731681 -0.0145301 0.00345583 -0.0196486 -0.0213128 -0.00553171 -0.0107647 0.00169697 -0.0146897 -0.00437037 0.00437838 -0.000672897 0.00253988 -0.000382979 0.000756032 -0.0041875 0.00287395 0.00480569 -0.0094 -0.0108595 -0.00733333 0.00245796 0.000222222 0.00690323 -0.00109714 0.00265263
internal_weight=2501 1540 961 1404 560 327 844 752 676 200 131 787 111 76 69 209 158 136 741 187 233 206 55 116 166 554 373 181 345 185
internal_count=2501 1540 961 1404 560 327 844 752 676 200 131 787 111 76 69 209 158 136 741 187 233 206 55 116 166 554 373 181 345 185
is_linear=0
shrinkage=0.03


Tree=56
num_leaves=31
num_cat=0
split_feature=132 132 134 122 139 117 128 134 122 122 131 124 139 130 122 124 138 122 117 125 117 119 133 127 119 129 133 116 133 128
split_gain=152.852 74.7736 36.4605 46.2993 25.9094 25.3876 20.7074 19.4635 34.1479 18.345 14.9541 14.3393 12.0651 11.7272 11.3645 10.3005 9.60888 9.56272 13.5796 10.6186 8.13639 14.8082 8.17934 7.71408 7.70461 7.36675 7.66914 8.98013 12.222 8.98992
threshold=226.07142857142858 7.0714285714285721 1.0000000180025095e-35 -4.4999999999999991 23.500000000000004 71.500000000000014 1.5000000000000002 1.0000000180025095e-35 -12.499999999999998 9.5000000000000018 0.64395055085937891 -6.4999999999999991 23.500000000000004 28.166666666666668 -126.49999999999999 -3.4999999999999996 40.500000000000007 2.5000000000000004 135.50000000000003 0.40535714285714292 1.0000000180025095e-35 2.5000000000000004 0.66936538861185257 13.500000000000002 278.00000000000006 147.50000000000003 68.785045404027571 17.500000000000004 13.121877458156979 40.500000000000007
decision_type=2 2 2 2 2 2 2 2 2 2 2 2 2 2 2 2 2 2 2 2 2 2 2 2 2 2 2 2 2 2
left_child=1 5 14 4 -4 6 9 24 12 15 20 -5 -9 -13 -3 -1 -6 19 23 25 22 -22 -8 -19 -2 26 27 28 29 -16
right_child=7 2 3 11 16 -7 10 8 -10 -11 -12 13 -14 -15 17 -17 -18 18 -20 -21 21 -23 -24 -25 -26 -27 -28 -29 -30 -31
leaf_value=-0.058372767794478066 2.6050684776614492 0.82287632638150043 -0.13623176468154369 0.10352123761109915 0.001057446977075216 1.3178613288677901 -0.008422560838936324 -0.13623176468154369 7.0959486730344841 0.0048639941991216063 -0.14406590450329737 -0.089847765252885944 2.029753199192601 0.046962360509898153 -0.043561477151054802 -0.14636669770754535 -0.13977527237541187 0.036066332562040719 0.8120970722550277 -0.1404158096440592 0.0036333022924546475 -0.025556226361736697 -0.089847765252885944 -0.00097965934262688836 8.1196215613909928 -0.15788141381485701 -0.15268581812888754 0.022097621248877885 -0.21336020877967352 0.30878149408725758
leaf_weight=39 52 58 115 73 59 27 59 26 54 32 108 125 28 142 149 347 99 55 24 40 26 33 25 135 119 46 22 279 40 65
leaf_count=39 52 58 115 73 59 27 59 26 54 32 108 125 28 142 149 347 99 55 24 40 26 33 25 135 119 46 22 279 40 65
internal_value=-0.0039601 -0.00659811 -0.00285696 -0.00848544 -0.0175683 -0.0147133 -0.0158813 0.0167746 0.00631858 -0.0199858 -0.00876562 -0.00102609 -0.0100678 -0.00427941 0.000941176 -0.0217749 -0.00916564 2.7907e-05 0.00545205 -0.00180186 -0.00218919 0.006 -0.00802247 0.00243077 0.0229773 -0.000732673 0.000257143 0.00104833 -0.00298842 0
internal_weight=2501 2222 1526 613 273 696 669 279 108 418 251 340 54 267 913 386 158 855 214 641 143 59 84 190 171 601 555 533 254 214
internal_count=2501 2222 1526 613 273 696 669 279 108 418 251 340 54 267 913 386 158 855 214 641 143 59 84 190 171 601 555 533 254 214
is_linear=0
shrinkage=0.03


Tree=57
num_leaves=31
num_cat=0
split_feature=132 115 130 134 138 115 134 126 138 133 135 133 116 139 119 118 116 124 115 131 123 116 133 133 126 131 121 124 118 124
split_gain=151.848 79.4323 59.8492 46.6424 44.7985 25.8202 28.9758 22.877 22.2137 17.0631 14.8532 12.8455 12.5001 14.7475 12.9339 11.841 10.1869 10.0339 8.42404 14.6444 10.6608 9.37815 7.82397 6.51414 6.26718 6.11447 5.67567 5.66929 5.43384 5.00237
threshold=226.07142857142858 17.500000000000004 1.5000000000000002 1.0000000180025095e-35 39.500000000000007 321.50000000000006 1.0000000180025095e-35 16.500000000000004 40.500000000000007 108.56964734838137 1.0000000180025095e-35 1.059413142992673 1.0000000180025095e-35 17.500000000000004 2.5000000000000004 86.333333333333357 1.5000000000000002 -3.4999999999999996 129.50000000000003 47.143987347883829 -21.499999999999996 122.00000000000001 37.422617709194803 1.9846281955525102 143.00000000000003 2.2586347517122234 1.5000000000000002 -30.499999999999996 6.166666666666667 26.500000000000004
decision_type=2 2 2 2 2 2 2 2 2 2 2 2 2 2 2 2 2 2 2 2 2 2 2 2 2 2 2 2 2 2
left_child=1 2 17 7 10 6 -2 12 -6 22 -5 -10 13 -4 -14 29 -13 -1 20 -20 -3 26 -8 -16 -21 -25 -22 -28 -19 -9
right_child=5 18 3 4 8 -7 9 15 11 -11 -12 16 14 -15 23 -17 -18 28 19 24 21 -23 -24 25 -26 -27 27 -29 -30 -31
leaf_value=-0.056621584760643724 4.8120082194330491 0.4779523902823159 -0.06816988401376825 -0.13954958534358813 0.0007803219786258886 8.5175403649999719 0.042121325561771811 0.012057068509569681 0.003524303223681002 2.3571885264926133 -0.030543073283220944 -0.14372643534539734 0.003524303223681002 -0.14197978811778703 -0.074224072668548233 0.83036859587643785 -0.14197569677631899 -0.14197569677631899 0.60768683805597912 -0.35205427800551803 0.075825310377300281 -0.31262679218919004 -0.13214481174109741 0.030833039594469456 0.13146815543210366 -0.051979788117787029 0.29354482387908559 -0.0036607336202583518 -0.13021484556749255 -0.087313271269478993
leaf_weight=31 109 49 73 158 170 100 20 295 21 21 22 74 33 73 22 57 67 275 104 29 22 29 29 41 24 83 21 382 44 23
leaf_count=31 109 49 73 158 170 100 20 295 21 21 22 74 33 73 22 57 67 275 104 29 22 29 29 41 24 83 21 382 44 23
internal_value=-0.00410375 -0.00673282 -0.010411 -0.0071931 -0.0140309 0.0165634 0.00926087 -0.00211915 -0.0072819 -0.00552 -0.0259135 -0.0150539 -0.00789091 -0.0142649 -0.00241304 0.00290526 -0.0182466 -0.0212789 0.00197594 0.00792593 4.72441e-05 -0.00142484 -0.0148889 -0.00631788 -0.00455172 -0.0032093 -0.000195349 -0.00108824 -0.0228519 0.0005387
internal_weight=2501 2222 1562 1212 512 279 179 700 332 70 180 162 325 146 179 375 141 350 660 157 503 454 49 146 53 124 425 403 319 318
internal_count=2501 2222 1562 1212 512 279 179 700 332 70 180 162 325 146 179 375 141 350 660 157 503 454 49 146 53 124 425 403 319 318
is_linear=0
shrinkage=0.03


Tree=58
num_leaves=31
num_cat=0
split_feature=119 132 134 117 139 118 115 134 119 123 126 129 139 123 129 115 130 124 139 123 126 138 125 126 125 127 117 135 118 134
split_gain=141.184 76.6723 32.7459 50.3636 33.1927 22.8664 20.0862 27.0717 17.3356 16.7734 14.177 13.8737 14.5931 12.0026 11.1495 13.0158 10.47 10.9751 9.36356 7.94545 7.76595 7.72901 11.5572 7.65692 7.44108 6.59313 7.66341 9.51239 13.4979 8.04076
threshold=254.00000000000003 7.0714285714285721 1.0000000180025095e-35 1.0000000180025095e-35 23.500000000000004 0.50000000000000011 321.50000000000006 1.0000000180025095e-35 1.5000000000000002 -6.4999999999999991 24.500000000000004 1.5000000000000002 15.500000000000002 -21.499999999999996 20.500000000000004 1.0000000180025095e-35 80.166666666666671 -6.4999999999999991 23.500000000000004 5.5000000000000009 4.5000000000000009 40.500000000000007 0.043211523072819426 276.50000000000006 0.64583333333333337 30.500000000000004 101.50000000000001 1.0000000180025095e-35 60.500000000000007 -0.8783796973249266
decision_type=2 2 2 2 2 2 2 2 2 2 2 2 2 2 2 2 2 2 2 2 2 2 2 2 2 2 2 2 2 2
left_child=1 5 10 16 -5 11 7 -2 -7 -10 13 -1 20 -3 15 -15 17 -4 -9 -11 -13 -6 -23 25 -17 -12 27 28 -27 -28
right_child=6 2 3 4 21 8 -8 18 9 19 23 12 -14 14 -16 24 -18 -19 -20 -21 -22 22 -24 -25 -26 26 29 -29 -30 -31
leaf_value=-0.13771642587302943 3.4735736147700429 0.46954306541063739 0.056760525879522496 -0.12795832418078976 0.004989664481595337 0.0034185741269705614 8.008168157650319 -0.12818046738886446 0.029908048406635374 -0.10154233665577123 0.16134583407765016 0.059903144072340285 -0.13765149341837002 -0.088545608445701585 -0.10430383484645872 0.0089770478528385881 0.37456986546214521 -0.049286089526244435 1.3971628169723587 -0.00059396211111485187 -0.096124787493355207 -0.15008543788152828 0.17343376377892555 3.7894702631794628 -0.03177565414155685 0.059884971207413353 -0.028579617178460807 -0.037394830099863725 -0.039232068962880999 0.23270617074858818
leaf_weight=201 78 31 36 128 60 37 107 27 41 252 64 22 81 87 133 62 77 197 30 32 23 105 22 42 22 175 53 121 54 101
leaf_count=201 78 31 36 128 60 37 107 27 41 252 64 22 81 87 133 62 77 197 30 32 23 105 22 42 22 175 53 121 54 101
internal_value=-0.00407981 -0.00642403 -0.00273905 -0.0080381 -0.0163875 -0.014732 0.0174656 0.00917143 -0.00930245 -0.0115273 0.000783158 -0.020494 -0.0118626 -0.00412941 -0.006 -0.000818182 0.000552381 -0.00262185 -0.00619355 -0.0140969 0.00168 -0.0079375 -0.012 0.00350244 0.00734831 0.00250262 0.00128487 -0.0011662 0.00241026 0.00675472
internal_weight=2501 2259 1570 625 315 689 242 135 362 325 945 327 126 335 304 171 310 233 57 284 45 187 127 610 84 568 504 350 229 154
internal_count=2501 2259 1570 625 315 689 242 135 362 325 945 327 126 335 304 171 310 233 57 284 45 187 127 610 84 568 504 350 229 154
is_linear=0
shrinkage=0.03


Tree=59
num_leaves=31
num_cat=0
split_feature=132 115 126 139 138 139 115 115 134 133 125 115 133 128 124 139 126 123 127 130 124 115 119 139 132 123 134 119 131 130
split_gain=128.321 79.2749 60.6399 48.1569 49.787 44.5988 21.3509 21.2203 29.2841 17.2073 13.1993 16.4056 12.2544 10.1137 9.42928 9.00174 7.46315 7.22309 7.72346 8.56896 6.92452 12.0102 8.17925 7.0518 9.38493 7.11149 7.29409 7.02656 6.77798 5.90082
threshold=252.57142857142858 12.500000000000002 4.5000000000000009 22.500000000000004 38.500000000000007 28.500000000000004 1.0000000180025095e-35 321.50000000000006 1.0000000180025095e-35 108.56964734838137 -0.86773255813953476 1.0000000180025095e-35 1.8182399368242301 2.5000000000000004 26.500000000000004 14.500000000000002 17.500000000000004 -140.99999999999997 5.5000000000000009 9.1666666666666696 -4.4999999999999991 165.00000000000003 188.00000000000003 16.500000000000004 18.071428571428573 5.5000000000000009 0.6078576107927941 158.00000000000003 48.969361155135836 18.166666666666668
decision_type=2 2 2 2 2 2 2 2 2 2 2 2 2 2 2 2 2 2 2 2 2 2 2 2 2 2 2 2 2 2
left_child=1 2 10 4 16 14 -6 8 -2 -10 -1 15 -7 -13 17 -12 -4 -5 -19 -20 22 27 23 -3 -25 -26 -27 -22 -23 -8
right_child=7 20 3 5 6 12 29 -9 9 -11 11 13 -14 -15 -16 -17 -18 18 19 -21 21 28 -24 24 25 26 -28 -29 -30 -31
leaf_value=0.0013117961263015587 5.0039638649546738 0.55477626245270129 -0.079968024915546859 2.0685720471277453 -0.13284603108552315 0.0033160169031614382 0.0045795895556863982 8.0217691093204628 -0.12433838551531966 4.7586276772656806 -0.13099334996840695 -0.074670155773356284 -0.14157305755814864 0.0044200195556863961 -0.080461498523061808 -0.13358493309683853 0.092498165543442187 0.0038094288171453125 -0.10012294123897965 0.067792184329013322 0.0057999167387683317 0.70656707952252695 -0.33836353461995883 -0.15582209434790825 -0.027321204398609567 -0.05000546509168835 0.3413472484727984 -0.2544050257102583 -0.089622291971128892 -0.13573055116231886
leaf_weight=31 101 25 54 21 168 20 25 100 46 20 78 74 140 36 30 332 114 36 24 316 434 49 23 24 57 28 22 29 20 24
leaf_count=31 101 25 54 21 168 20 25 100 46 20 78 74 140 36 30 332 114 36 24 316 434 49 23 24 57 28 22 29 20 24
internal_value=-0.00393615 -0.00629477 -0.0101466 -0.0055824 -0.0137538 -0.000141892 -0.0230811 0.0155294 0.00851163 -0.00667606 -0.0180647 -0.0191886 -0.0134182 -0.00829565 0.00491667 -0.0219614 -0.0013526 0.0061791 0.00502362 0.00346087 0.00196089 0.00367598 -0.00306522 -0.000335404 -0.00326471 0.00075 0.00861818 0.00184615 0.0149189 -0.00488889
internal_weight=2501 2234 1523 972 385 587 217 267 167 66 551 520 160 110 427 410 168 397 376 340 711 532 179 156 131 107 50 463 69 49
internal_count=2501 2234 1523 972 385 587 217 267 167 66 551 520 160 110 427 410 168 397 376 340 711 532 179 156 131 107 50 463 69 49
is_linear=0
shrinkage=0.03


Tree=60
num_leaves=31
num_cat=0
split_feature=132 115 130 134 137 138 117 137 122 133 124 126 116 139 119 116 122 115 128 128 127 133 119 124 135 116 138 132 115 119
split_gain=117.519 82.3263 58.4075 43.9073 52.2127 23.5565 22.8989 18.031 36.7142 11.8894 11.2503 10.1344 14.0606 14.7475 11.7659 8.92751 7.47142 8.30177 9.7301 7.18369 7.02981 6.72288 6.31288 6.0263 5.87845 6.41312 5.7498 5.59354 5.34668 5.32484
threshold=322.64285714285717 12.500000000000002 1.5000000000000002 1.0000000180025095e-35 9.5000000000000018 40.500000000000007 129.00000000000003 9.5000000000000018 -66.499999999999986 1.059413142992673 -3.4999999999999996 16.500000000000004 1.0000000180025095e-35 17.500000000000004 2.5000000000000004 3.5000000000000004 -14.499999999999998 169.50000000000003 216.50000000000003 177.00000000000003 73.500000000000014 1.9846281955525102 6.5000000000000009 26.500000000000004 -0.56174490092936669 125.50000000000001 39.500000000000007 37.500000000000007 92.000000000000014 373.00000000000006
decision_type=2 2 2 2 2 2 2 2 2 2 2 2 2 2 2 2 2 2 2 2 2 2 2 2 2 2 2 2 2 2
left_child=1 2 10 6 -5 -6 11 8 -2 -7 -1 12 13 -4 -14 -11 20 19 -19 24 -3 -16 -12 -13 27 -26 -22 -18 -29 -9
right_child=7 16 3 4 5 9 -8 29 -10 15 22 23 14 -15 21 -17 17 18 -20 -21 26 -23 -24 -25 25 -27 -28 28 -30 -31
leaf_value=-0.049636562444950579 -0.12060490180173893 0.0030783529914102559 -0.060842003121088159 -0.1251217933565745 0.006793559590468074 0.0032165363960665961 0.84248383978066799 1.7279123248768937 5.5994586597805105 -0.13428207950841969 -0.12957738510393338 0.0073129531578129377 0.0032017340386470659 -0.12966845322015622 -0.076319470644058501 -0.13266971161615668 0.054757711480784149 0.68537006713685111 -0.063392620646689296 0.34941668024561168 -0.16663982520039947 -0.010720281281578767 -0.12315761331881718 -0.08115818327270688 0.001009788628692645 -0.14909059050173823 -0.0057682538828719033 -0.0088123916682703654 0.25670726584320147 9.6296928991223396
leaf_weight=29 22 54 73 178 167 21 68 20 60 75 256 285 33 73 21 69 39 56 32 24 32 113 56 25 392 34 32 34 20 108
leaf_count=29 22 54 73 178 167 21 68 20 60 75 256 285 33 73 21 69 39 56 32 24 32 113 56 25 392 34 32 34 20 108
internal_value=-0.00422346 -0.00620383 -0.0101577 -0.00698507 -0.0136194 -0.00639169 -0.00201724 0.0169953 0.00544828 -0.0142588 -0.021052 -0.00385987 -0.00762264 -0.0142649 -0.00153488 -0.0172752 0.00194164 0.00324528 0.0115484 0.00179562 -0.00482927 -0.00556835 -0.022694 0 0.000961832 -0.000542923 -0.0112174 0.00759184 0.000915254 0.0238647
internal_weight=2501 2291 1542 1201 510 332 691 210 82 165 341 623 313 146 167 144 749 631 88 543 118 134 312 310 519 426 64 93 54 128
internal_count=2501 2291 1542 1201 510 332 691 210 82 165 341 623 313 146 167 144 749 631 88 543 118 134 312 310 519 426 64 93 54 128
is_linear=0
shrinkage=0.03


Tree=61
num_leaves=31
num_cat=0
split_feature=119 132 134 122 139 118 115 123 119 124 123 129 139 124 139 119 124 126 131 122 126 115 128 133 126 129 121 138 129 115
split_gain=117.365 70.5285 33.4603 51.8328 25.2808 23.5498 22.3741 22.3867 16.7472 16.175 16.0951 15.0431 16.4483 13.9773 13.8621 13.826 11.127 10.2938 9.00773 7.80522 7.51707 11.8205 11.311 7.46499 7.27651 7.86897 7.25481 7.20926 6.81939 7.14414
threshold=254.00000000000003 7.0714285714285721 1.0000000180025095e-35 -4.4999999999999991 23.500000000000004 0.50000000000000011 367.00000000000006 -12.499999999999998 1.5000000000000002 -8.4999999999999982 -6.4999999999999991 1.5000000000000002 15.500000000000002 -7.4999999999999991 21.500000000000004 337.50000000000006 -1.0000000180025095e-35 43.500000000000007 1.0000000180025095e-35 5.5000000000000009 105.50000000000001 2.5000000000000004 14.500000000000002 18.168689646559894 16.500000000000004 11.500000000000002 4.5000000000000009 40.500000000000007 9.5000000000000018 52.500000000000007
decision_type=2 2 2 2 2 2 2 2 2 2 2 2 2 2 2 2 2 2 2 2 2 2 2 2 2 2 2 2 2 2
left_child=1 5 16 4 -4 11 7 -2 -7 -9 -10 -1 -13 23 15 -11 18 -15 -3 -12 21 24 -23 -5 25 -18 -24 -6 -20 -30
right_child=6 2 3 13 27 8 -8 9 10 14 19 12 -14 17 -16 -17 20 -19 28 -21 -22 22 26 -25 -26 -27 -28 -29 29 -31
leaf_value=-0.12569006355081538 5.6574154421678866 0.17150669062562968 -0.11638053972210312 0.15091701785428099 -0.0075343816891914623 0.0031056820174876431 8.4926215318637137 -0.16550430158874282 0.029293061509094595 1.2215283827621988 -0.098615272806539755 0.008998935467847087 -0.12549834853524819 -0.082795616273489692 2.9098647758700644 -0.1196007468072298 -0.019474014689865631 0.10962707782263943 0.00067484059330748638 -0.01444198207004618 0.300872293787113 0.039710772256048799 0.12937823675094129 0.050300663703167173 0.0009811446903601783 -0.16670891300515162 -0.0020955650016249547 -0.12668808883580907 -0.13383756708241706 -0.04444652333373085
leaf_weight=201 51 35 118 31 58 37 78 22 41 23 230 45 81 139 48 20 68 136 65 54 191 39 29 43 206 41 139 100 51 81
leaf_count=201 51 35 118 31 58 37 78 22 41 23 230 45 81 139 48 20 68 136 65 54 191 39 29 43 206 41 139 100 51 81
internal_value=-0.00436712 -0.00650353 -0.00296762 -0.00832381 -0.0179146 -0.0144726 0.0152794 0.00848521 -0.00897548 0.000711864 -0.0111636 -0.0203133 -0.0114046 -0.000576271 0.0065 -0.0055 0.000593684 -0.00372857 -0.00503797 -0.0136817 0.00245682 0.000557875 0.0060566 0.010557 -0.003075 -0.00915789 0.00239306 -0.00953374 -0.00754455 -0.0113431
internal_weight=2501 2259 1570 625 276 689 242 164 362 113 325 327 126 349 91 43 945 275 232 284 713 522 207 74 315 109 168 158 197 132
internal_count=2501 2259 1570 625 276 689 242 164 362 113 325 327 126 349 91 43 945 275 232 284 713 522 207 74 315 109 168 158 197 132
is_linear=0
shrinkage=0.03


Tree=62
num_leaves=31
num_cat=0
split_feature=119 130 134 122 118 137 126 116 137 129 138 128 133 123 129 123 124 131 133 126 127 127 131 128 126 116 135 129 130 116
split_gain=115.004 70.7855 33.1799 54.4971 29.976 29.4216 16.8573 20.2978 16.1833 15.4029 13.9969 12.9636 13.6357 12.0296 15.0017 10.2274 10.1613 10.0646 9.85749 8.04775 7.75859 8.37547 9.70008 7.47485 8.23887 8.01318 7.52776 7.30538 7.18105 6.99781
threshold=373.00000000000006 2.8333333333333335 1.0000000180025095e-35 -4.4999999999999991 5.8333333333333348 9.5000000000000018 24.500000000000004 1.0000000180025095e-35 9.5000000000000018 105.50000000000001 40.500000000000007 1.5000000000000002 0.51469707156512123 -21.499999999999996 26.500000000000004 -176.49999999999997 -7.4999999999999991 21.66152555627205 0.74218015255156911 339.50000000000006 4.5000000000000009 5.5000000000000009 26.404965108509096 65.500000000000014 70.500000000000014 54.500000000000007 1.0000000180025095e-35 1.0000000180025095e-35 40.833333333333336 123.50000000000001
decision_type=2 2 2 2 2 2 2 2 2 2 2 2 2 2 2 2 2 2 2 2 2 2 2 2 2 2 2 2 2 2
left_child=1 4 6 5 11 -4 7 18 -2 16 -7 -1 -13 -9 -15 -8 17 -5 -3 23 -18 -22 -23 25 -25 26 -17 -6 -28 -11
right_child=8 2 3 9 27 10 15 13 -10 29 -12 12 -14 14 -16 19 20 -19 -20 -21 21 22 -24 24 -26 -27 28 -29 -30 -31
leaf_value=-0.1219193616442909 1.7426791183074708 -0.062744646780944074 -0.11288912353044003 0.083708580299230312 0.012107119047550182 0.0053361704986857545 2.6243756280690675 0.47211945154261248 8.931119878183349 0.48168093788685734 -0.12922481562373037 0.039619073844515032 -0.09530675056341216 0.0028612732936977368 -0.076473416657616866 0.042682301552783915 -0.1231968851601566 -0.16929306810439232 -0.1240502506348774 3.6480487525787963 0.0030268698436599806 -0.080311747785284993 0.40526128035257336 -0.087967007860781543 0.0014195245697608528 0.28062164295477987 -0.078752872115236516 -0.11565431793524321 0.0063858944758161578 -0.078298464732403081
leaf_weight=296 33 69 128 40 74 66 21 29 111 83 113 23 61 200 105 130 70 20 55 43 21 141 22 30 311 62 33 59 31 21
leaf_count=296 33 69 128 40 74 66 21 29 111 83 113 23 61 200 105 130 70 20 55 43 21 141 22 30 311 62 33 59 31 21
internal_value=-0.00427135 -0.00587807 -0.00311195 -0.00808767 -0.0156834 -0.0175769 0.000128114 -0.0042635 0.021302 -0.000978723 -0.00926087 -0.0199325 -0.00869663 -0.000336283 -0.00220645 0.00318919 -0.00430721 0.00636923 -0.0143721 0.0024093 -0.00692664 -0.00346032 -0.00585714 0.00143522 -0.00145665 0.00526437 0.0020804 -0.00321739 -0.006 0.00875229
internal_weight=2501 2357 1844 725 513 307 1119 458 144 418 179 380 84 334 305 661 314 60 124 640 254 184 163 597 341 256 194 133 64 104
internal_count=2501 2357 1844 725 513 307 1119 458 144 418 179 380 84 334 305 661 314 60 124 640 254 184 163 597 341 256 194 133 64 104
is_linear=0
shrinkage=0.03


Tree=63
num_leaves=31
num_cat=0
split_feature=119 115 126 134 137 139 120 137 118 128 125 124 131 124 116 115 117 131 124 131 128 139 129 126 127 138 126 132 126 117
split_gain=113.722 67.1313 66.6879 57.1384 58.7319 23.0974 17.3899 16.1833 12.5854 12.5572 12.1312 10.0491 9.12552 8.29678 13.1956 10.8334 14.6457 11.0378 9.81507 10.2341 8.02986 7.52703 18.3534 6.56719 6.64875 9.88702 6.5694 5.18705 11.8775 8.49492
threshold=373.00000000000006 12.500000000000002 4.5000000000000009 1.0000000180025095e-35 9.5000000000000018 29.500000000000004 1.0000000180025095e-35 9.5000000000000018 86.333333333333357 4.5000000000000009 -0.86773255813953476 -1.0000000180025095e-35 4.7491392863563799 -4.4999999999999991 119.50000000000001 153.50000000000003 124.50000000000001 50.493593400334284 -30.499999999999996 0.64395055085937891 3.5000000000000004 15.500000000000002 1.5000000000000002 350.50000000000006 6.5000000000000009 39.500000000000007 14.500000000000002 36.142857142857146 40.500000000000007 11.500000000000002
decision_type=2 2 2 2 2 2 2 2 2 2 2 2 2 2 2 2 2 2 2 2 2 2 2 2 2 2 2 2 2 2
left_child=1 2 6 8 -5 -6 10 -2 9 -4 -1 -7 -13 14 18 16 -15 -17 -3 -20 -8 22 -12 24 25 -11 -26 29 -29 -28
right_child=7 13 3 4 5 11 20 -9 -10 23 21 12 -14 15 -16 17 -18 -19 19 -21 -22 -23 -24 -25 26 -27 27 28 -30 -31
leaf_value=-0.011930924410366792 1.6903987447582465 0.47678645259252289 -0.10874019065098772 -0.11241172525835456 0.0063778134717956542 -0.12675763674556625 -0.058887718920564498 8.6631862818378487 0.83719398045400761 -0.016934185626578401 -0.11826178079496218 0.0029360637483501683 -0.13259884783912443 0.0086354315379933936 -0.3170160835589334 0.65078218533754972 -0.13206452089086212 -0.1784065467061299 0.39677135106662631 -0.047136077504306255 0.0076347899054547237 -0.11826178079496218 0.038430501629179568 4.4473935578216404 -0.060862307377515759 0.0029266733581520743 -0.046457808415069746 -0.38301395086286871 0.0013769388326682018 0.15012114421025713
leaf_weight=31 33 27 31 149 175 39 22 111 68 22 84 21 62 418 50 87 36 34 31 85 21 368 25 30 90 26 58 23 193 51
leaf_count=31 33 27 31 149 175 39 22 111 68 22 84 21 62 418 50 87 36 34 31 85 21 368 25 30 90 26 58 23 193 51
internal_value=-0.00412769 -0.00572566 -0.00923714 -0.00471141 -0.0127583 -0.00484768 -0.0176331 0.021302 0.00139698 -0.000215501 -0.0191696 -0.0145984 -0.00777273 0.00154463 -0.00375758 0.00335172 0.0011634 0.0111429 0.000972973 -0.00292562 0.0005 -0.0203402 -0.0123158 0.00101205 5.12821e-05 0.0100755 -0.0012 0.0008 -0.0018733 0.006
internal_weight=2501 2357 1589 1038 446 297 551 144 592 524 508 122 83 768 193 575 454 121 143 116 43 477 109 493 463 48 415 325 216 109
internal_count=2501 2357 1589 1038 446 297 551 144 592 524 508 122 83 768 193 575 454 121 143 116 43 477 109 493 463 48 415 325 216 109
is_linear=0
shrinkage=0.03


Tree=64
num_leaves=31
num_cat=0
split_feature=119 115 126 134 137 139 137 115 125 132 128 116 138 126 122 122 132 139 122 139 132 127 117 129 119 133 128 117 128 131
split_gain=112.871 63.8617 56.3541 54.7208 58.7319 23.0974 16.1833 15.8602 15.3028 13.374 11.899 8.92278 7.02249 11.6623 11.8475 10.4276 7.64626 6.76115 6.2994 6.76362 10.5375 6.59114 6.57351 6.46852 13.224 9.13916 5.65772 5.63788 5.62368 6.73125
threshold=373.00000000000006 12.500000000000002 4.5000000000000009 1.0000000180025095e-35 9.5000000000000018 29.500000000000004 9.5000000000000018 1.0000000180025095e-35 -0.86773255813953476 113.0714285714286 2.5000000000000004 1.0000000180025095e-35 39.500000000000007 5.5000000000000009 -5.4999999999999991 -6.4999999999999991 9.2142857142857171 14.500000000000002 -23.499999999999996 18.500000000000004 9.2142857142857171 73.500000000000014 44.500000000000007 307.00000000000006 165.50000000000003 41.016166162662337 155.00000000000003 35.500000000000007 42.500000000000007 0.64395055085937891
decision_type=2 2 2 2 2 2 2 2 2 2 2 2 2 2 2 2 2 2 2 2 2 2 2 2 2 2 2 2 2 2
left_child=1 2 7 9 -5 -6 -2 8 -1 12 -9 -7 15 -14 -15 -4 -17 -10 21 27 -21 -3 28 24 25 -24 -26 -20 29 -22
right_child=6 18 3 4 5 11 -8 10 17 -11 -12 -13 13 14 -16 16 -18 -19 19 20 22 -23 23 -25 26 -27 -28 -29 -30 -31
leaf_value=0.0064774771518007895 1.6396867824154997 0.0071347426926860174 -0.15875107421398713 -0.10903937350060393 0.006186479067641794 -0.1238266709898866 8.4032906933827132 -0.067058585479013041 -0.11220009173653467 1.1147583610114313 0.0044607054925777856 -0.11717947277878218 0.0028388731574075176 0.019750791193394797 -0.12520392854832002 -0.059036438156190287 0.0053525576585387565 -0.11471392737111331 0.0089773085160864945 -0.040079936293552047 -0.028910396533246611 -0.12154324436176779 -0.047420371845253655 -0.77719463517910181 0.49098385801479594 0.11117513833642277 0.11416970429955284 0.39064586654294714 0.20225476268255096 0.010769329810840205
leaf_weight=28 33 33 20 149 175 50 111 77 78 126 36 72 26 215 32 53 120 332 131 43 21 49 84 20 22 33 26 94 83 129
leaf_count=28 33 33 20 149 175 50 111 77 78 126 36 72 26 215 32 53 120 332 131 43 21 49 84 20 22 33 26 94 83 129
internal_value=-0.00403192 -0.00562405 -0.00904893 -0.00488399 -0.0127583 -0.00484768 0.021302 -0.0167698 -0.0193544 0.00109548 -0.00630508 -0.0145984 -0.00126115 0.00181295 -0.000333333 -0.00557576 -0.00283146 -0.0208048 0.00146701 0.00242258 0.000309013 -0.00613793 0.00182979 -0.00233684 -0.000141176 -0.00560656 0.0123396 0.00662609 0.00514286 0.00150968
internal_weight=2501 2357 1589 1038 446 297 144 551 438 592 113 122 466 273 247 193 173 410 768 686 461 82 418 185 165 117 48 225 233 150
internal_count=2501 2357 1589 1038 446 297 144 551 438 592 113 122 466 273 247 193 173 410 768 686 461 82 418 185 165 117 48 225 233 150
is_linear=0
shrinkage=0.03


Tree=65
num_leaves=31
num_cat=0
split_feature=132 115 126 134 139 138 137 122 123 116 123 125 125 125 122 121 127 137 123 139 124 118 132 139 132 127 115 133 124 135
split_gain=110.388 66.3148 54.0864 55.6923 50.7739 27.1832 21.2197 33.577 14.7281 12.8009 12.6091 10.252 20.7208 9.55654 12.839 8.89443 12.5146 8.02615 9.20931 5.99455 5.99095 9.52715 9.19543 9.49484 7.60432 7.63817 7.15657 8.21536 5.87521 5.74211
threshold=322.64285714285717 1.0000000180025095e-35 4.5000000000000009 1.0000000180025095e-35 22.500000000000004 40.500000000000007 9.5000000000000018 -66.499999999999986 -6.4999999999999991 1.0000000180025095e-35 -176.49999999999997 0.80625000000000013 12.750000000000002 -0.011730306157550737 45.000000000000007 19.500000000000004 14.500000000000002 9.5000000000000018 -22.499999999999996 14.500000000000002 -4.4999999999999991 160.66666666666671 51.071428571428577 18.500000000000004 3.6428571428571437 9.5000000000000018 17.500000000000004 8.5678198941567505 -16.499999999999996 -0.56174490092936669
decision_type=2 2 2 2 2 2 2 2 2 2 2 2 2 2 2 2 2 2 2 2 2 2 2 2 2 2 2 2 2 2
left_child=1 2 8 10 -5 -6 7 -2 -1 -7 -4 13 -13 14 15 16 -3 -17 -19 -10 -15 22 24 -24 -22 -26 -27 -28 -12 -30
right_child=6 11 3 4 5 9 -8 -9 19 -11 28 12 -14 20 -16 17 -18 18 -20 -21 21 -23 23 -25 25 26 27 -29 29 -31
leaf_value=0.0062831528372467591 -0.26558167170790631 -0.017154680744079762 2.7540973318562605 -0.10623698562502484 0.064636970955751299 -0.12571412104634663 7.7822816946438174 5.189285182173923 -0.10883408898443864 -0.11366408859541871 0.40328561625488391 -0.086367079525293447 0.036338438853249319 -0.019542516855159918 0.28326562265365124 0.15633468947939425 0.028908821149557298 0.0069207004119054717 -0.065862932080822958 -0.11127250954997991 -0.033060861228929248 0.68671756331374434 0.56842601698229456 -0.026624636481104458 0.0065627819655962845 -0.015638943848073694 0.0015266915987356454 0.21320326019808331 0.029231313249356371 -0.038330135243463577
leaf_weight=28 22 70 20 146 130 49 128 60 78 72 22 96 68 90 70 28 60 29 86 332 45 38 26 81 65 24 42 36 138 322
leaf_count=28 22 70 20 146 130 49 128 60 78 72 22 96 68 90 70 28 60 29 86 332 45 38 26 81 65 24 42 36 138 322
internal_value=-0.00412769 -0.00604704 -0.0103458 -0.00606637 -0.0143881 -0.00595312 0.0164372 0.00406897 -0.0189481 -0.0159048 0.000579882 0 -0.00671006 0.00142642 -0.00231034 -0.00526619 0.0004 -0.0102973 -0.0137 -0.0203711 0.00430088 0.00603315 0.00414815 -0.00289286 0.00771429 0.0106047 0.00499065 0.0093253 -0.000480493 -0.00127742
internal_weight=2501 2291 1337 899 397 251 210 82 438 121 502 954 164 790 343 273 130 143 115 410 447 357 319 107 212 167 102 78 482 460
internal_count=2501 2291 1337 899 397 251 210 82 438 121 502 954 164 790 343 273 130 143 115 410 447 357 319 107 212 167 102 78 482 460
is_linear=0
shrinkage=0.03


Tree=66
num_leaves=31
num_cat=0
split_feature=119 115 126 134 137 138 137 116 123 123 124 115 118 121 131 115 116 124 129 124 131 129 126 139 116 138 124 132 129 132
split_gain=111.215 59.7373 60.3203 62.4678 54.0184 30.9542 14.8052 13.2445 12.8273 12.2998 11.6065 13.6672 10.898 11.342 9.6166 9.23915 10.8661 10.4351 8.39312 7.62429 9.49372 7.60399 7.94734 6.3671 6.00553 11.8855 8.05155 5.51545 14.3561 12.9827
threshold=385.00000000000006 1.0000000180025095e-35 3.5000000000000004 1.0000000180025095e-35 9.5000000000000018 40.500000000000007 9.5000000000000018 1.0000000180025095e-35 -176.49999999999997 -6.4999999999999991 -1.0000000180025095e-35 144.50000000000003 124.16666666666667 1.0000000180025095e-35 49.89762218999774 17.500000000000004 119.50000000000001 -11.499999999999998 99.500000000000014 -30.499999999999996 0.64395055085937891 131.50000000000003 339.50000000000006 14.500000000000002 1.0000000180025095e-35 38.500000000000007 26.500000000000004 4.9285714285714297 32.500000000000007 40.071428571428577
decision_type=2 2 2 2 2 2 2 2 2 2 2 2 2 2 2 2 2 2 2 2 2 2 2 2 2 2 2 2 2 2
left_child=1 2 9 8 -5 -6 -2 -7 -4 -1 15 12 13 -12 -13 -3 19 -18 24 -17 -21 -20 -23 -11 25 -10 -26 -15 -29 -30
right_child=6 10 3 4 5 7 -8 -9 18 23 11 14 -14 27 -16 16 17 -19 21 20 -22 22 -24 -25 26 -27 -28 28 29 -31
leaf_value=0.0037002740580172853 3.2277654622123486 -0.055375253688425566 2.4044628690273449 -0.10351866938571312 0.010364210741474774 -0.1203908497331696 8.0060137797321111 -0.11010896085748603 -0.031834550496401673 -0.10556906631490548 0.0070750415845458733 0.62726667732319941 -0.12083005937463412 -0.051275278950451426 -0.068921746640605616 0.46592153533324321 -0.38344048992790203 0.029671399628187132 1.111403293282337 0.33133219273670644 -0.014960758693480045 -0.062052246983242722 4.0048504447914315 -0.10793433426348051 0.0039036110199892082 -0.11979099460187086 -0.080336539956585143 0.0086633234048078388 -0.10221985388739357 0.00056564549208388821
leaf_weight=25 28 79 21 151 144 53 109 73 132 78 34 86 23 104 38 27 38 32 24 39 109 64 31 307 226 36 21 175 39 155
leaf_count=25 28 79 21 151 144 53 109 73 132 78 34 86 23 104 38 27 38 32 24 39 109 64 31 307 226 36 21 175 39 155
internal_value=-0.00407981 -0.00562009 -0.00961467 -0.00549847 -0.0141408 -0.00586909 0.0217183 -0.0164427 0.00111429 -0.0192145 5.49339e-05 0.00235812 0.000213084 0.00121875 0.0111163 -0.00454103 -0.001536 -0.01112 0.000100186 0.00246667 -0.000352941 0.00696774 0.00264 -0.0205231 -0.00191429 -0.00620809 0.00104762 -5.02092e-05 0.00166845 -0.00388945
internal_weight=2501 2364 1386 976 421 270 137 126 555 410 978 654 530 507 124 324 245 70 534 175 148 119 95 385 415 168 247 473 369 194
internal_count=2501 2364 1386 976 421 270 137 126 555 410 978 654 530 507 124 324 245 70 534 175 148 119 95 385 415 168 247 473 369 194
is_linear=0
shrinkage=0.03


Tree=67
num_leaves=31
num_cat=0
split_feature=119 115 127 134 137 138 137 123 123 124 115 116 127 121 116 139 131 129 133 139 121 115 124 123 131 116 119 115 123 115
split_gain=110.599 60.722 51.0571 54.5169 48.5331 26.9118 14.8052 13.5777 13.5658 12.2287 13.1009 11.3624 9.01832 8.63702 14.0297 9.70313 7.39619 7.37961 13.2232 10.1533 9.843 11.3152 6.80426 6.73116 6.61897 9.59083 7.47922 5.85918 8.63081 8.2659
threshold=385.00000000000006 1.0000000180025095e-35 4.5000000000000009 1.0000000180025095e-35 9.5000000000000018 40.500000000000007 9.5000000000000018 -2.4999999999999996 -176.49999999999997 -1.0000000180025095e-35 144.50000000000003 1.0000000180025095e-35 350.50000000000006 52.500000000000007 94.500000000000014 16.500000000000004 49.89762218999774 32.500000000000007 4.5580072416052069 21.500000000000004 13.500000000000002 24.500000000000004 -18.499999999999996 1.0000000180025095e-35 3.756446776551098 14.500000000000002 104.50000000000001 17.500000000000004 -21.499999999999996 36.500000000000007
decision_type=2 2 2 2 2 2 2 2 2 2 2 2 2 2 2 2 2 2 2 2 2 2 2 2 2 2 2 2 2 2
left_child=1 2 7 8 -5 -6 -2 -1 -4 13 17 -7 22 15 -15 -3 -12 18 19 23 -20 -22 -10 -11 -24 -26 -27 -19 -29 -30
right_child=6 9 3 4 5 11 -8 -9 12 10 16 -13 -14 14 -16 -17 -18 27 20 -21 21 -23 24 -25 25 26 -28 28 29 -31
leaf_value=-0.016593770634422148 3.1309324983459783 0.19327998730107884 2.3323289829565241 -0.097043619786616769 0.084326685270506865 -0.12082343609704577 7.7658333663401491 -0.10469630423557609 0.39106993943663759 -0.11193952892106598 0.60844867700350358 -0.1070961021919017 3.8847049314476889 0.26635212323246976 -0.11720443984260703 -0.052914402803327341 -0.066854094241387677 -0.14891449783449862 0.012753419193437709 0.0024331024307030847 -0.063873394852720575 0.19485849331999347 -3.5483085627063815e-05 -0.0067026451620479932 -0.12423920593432808 0.020195209486463809 -0.10880280052238334 0.6775535135371189 0.027369536062144918 -0.032894623465849974
leaf_weight=49 28 33 21 147 134 46 109 389 22 34 86 71 31 46 33 212 38 21 84 50 28 45 332 63 32 59 53 23 35 147
leaf_count=49 28 33 21 147 134 46 109 389 22 34 86 71 31 46 33 212 38 21 84 50 28 45 332 63 32 59 53 23 35 147
internal_value=-0.00400798 -0.00554411 -0.00957153 -0.00559706 -0.0139801 -0.00571875 0.0217183 -0.018 0.00052973 0.000177009 0.00254021 -0.0159344 -0.000494382 -0.00454103 0.00385714 -0.007296 0.0111163 0.000437383 0.00347573 -0.00292105 0.00940741 0.00107692 -0.00153877 -0.00847059 -0.00235759 -0.00761074 -0.00302564 -0.00361039 -0.00182857 -0.00413904
internal_weight=2501 2364 1386 948 398 251 137 438 550 978 654 117 529 324 79 245 124 530 304 147 157 73 498 97 476 144 112 226 205 182
internal_count=2501 2364 1386 948 398 251 137 438 550 978 654 117 529 324 79 245 124 530 304 147 157 73 498 97 476 144 112 226 205 182
is_linear=0
shrinkage=0.03


Tree=68
num_leaves=31
num_cat=0
split_feature=119 115 126 131 138 138 137 123 124 115 126 129 116 132 129 125 127 139 119 116 131 116 124 123 139 139 123 133 139 124
split_gain=109.782 62.486 59.5914 34.5012 86.6365 42.3017 14.8052 14.1892 13.192 12.2724 10.7371 9.26293 8.23025 8.15591 16.1862 9.92858 10.1163 7.95149 7.77444 16.4899 7.39619 7.36285 12.4139 7.36176 7.20716 6.99744 6.86141 6.33926 6.3025 9.37159
threshold=385.00000000000006 1.0000000180025095e-35 3.5000000000000004 1.3307163456488713 39.500000000000007 40.500000000000007 9.5000000000000018 -2.4999999999999996 -1.0000000180025095e-35 144.50000000000003 237.00000000000003 229.00000000000003 13.500000000000002 4.9285714285714297 32.500000000000007 -0.28203494721514372 6.5000000000000009 16.500000000000004 52.500000000000007 62.500000000000007 49.89762218999774 1.0000000180025095e-35 1.0000000180025095e-35 5.5000000000000009 15.500000000000002 14.500000000000002 -21.499999999999996 8.6543594182606718 19.500000000000004 -11.499999999999998
decision_type=2 2 2 2 2 2 2 2 2 2 2 2 2 2 2 2 2 2 2 2 2 2 2 2 2 2 2 2 2 2
left_child=1 2 7 11 -5 10 -2 -1 17 13 -6 21 -7 23 15 -15 -17 -3 -19 -20 -11 24 -23 -10 -4 -9 -16 -24 -21 -30
right_child=6 8 3 4 5 12 -8 25 9 20 -12 -13 -14 14 26 16 -18 18 19 28 -22 22 27 -25 -26 -27 -28 -29 29 -31
leaf_value=-0.013832484097912252 3.0370045233955985 0.28636515620648167 -0.023939871503652836 -0.10020040023516678 0.004531750335333839 -0.11148466047363388 7.532858365349945 -0.099261105198391028 -0.052036729416159652 0.59019521669339881 1.8973018370596608 3.5581637835042583 -0.11365620833323725 -0.049086559260091957 0.4068607749100428 0.0056787360151375841 0.014120985905102294 -0.051326970719227517 0.25542682622304874 -0.11368830664732875 -0.064848471414145903 0.016289440568607354 -0.11219329336817475 0.038640921724539583 -0.10952642764214821 -0.10155541510850881 -0.016185117798452494 0.089123206218164761 -0.27251929090781929 0.22553370763221564
leaf_weight=38 28 35 173 156 319 55 109 78 83 86 26 43 64 22 27 62 116 130 50 27 38 63 22 21 28 294 199 27 42 40
leaf_count=38 28 35 173 156 319 55 109 78 83 86 26 43 64 22 27 62 116 130 50 27 38 63 22 21 28 294 199 27 42 40
internal_value=-0.00391221 -0.0054428 -0.0095284 -0.00543731 -0.0096864 -0.00305757 0.0217183 -0.0190699 0.000360122 0.00281335 0.00229714 0.00197784 -0.0180968 0.000773832 0.00263109 0.00875122 0.0111148 -0.00454103 -0.00620408 -0.00160976 0.0111163 7.54717e-05 0.00610256 -0.00655046 -0.00332039 -0.0208329 -0.00283117 -0.00488889 -0.00810526 -0.00337931
internal_weight=2501 2364 1386 976 620 464 137 410 978 654 345 356 119 530 426 200 178 324 289 159 124 313 112 104 201 372 226 49 109 82
internal_count=2501 2364 1386 976 620 464 137 410 978 654 345 356 119 530 426 200 178 324 289 159 124 313 112 104 201 372 226 49 109 82
is_linear=0
shrinkage=0.03


Tree=69
num_leaves=31
num_cat=0
split_feature=119 115 126 134 137 138 123 137 116 123 124 115 115 120 128 124 130 116 131 139 121 118 127 119 131 126 119 115 127 121
split_gain=108.651 66.6875 59.387 65.8132 53.1911 29.7061 14.1892 13.6908 13.2445 12.558 9.26072 12.5457 10.1315 13.3854 8.58347 8.43246 7.93595 11.9582 7.39619 6.99744 6.869 8.5689 7.417 6.83664 6.74518 6.04717 5.9893 8.63241 5.80866 5.23915
threshold=399.50000000000006 1.0000000180025095e-35 3.5000000000000004 1.0000000180025095e-35 9.5000000000000018 40.500000000000007 -2.4999999999999996 9.5000000000000018 1.0000000180025095e-35 -176.49999999999997 -1.0000000180025095e-35 144.50000000000003 17.500000000000004 3.5000000000000004 52.500000000000007 26.500000000000004 16.833333333333339 1.0000000180025095e-35 49.89762218999774 14.500000000000002 1.5000000000000002 2.1666666666666674 7.5000000000000009 52.500000000000007 6.9601860320760025 2.5000000000000004 18.500000000000004 20.500000000000004 8.5000000000000018 27.500000000000004
decision_type=2 2 2 2 2 2 2 2 2 2 2 2 2 2 2 2 2 2 2 2 2 2 2 2 2 2 2 2 2 2
left_child=1 2 6 9 -5 -6 -1 -2 -7 -4 12 20 25 -14 23 16 17 -11 -13 -8 22 -22 -12 -15 -16 -3 -23 -28 -19 -26
right_child=7 10 3 4 5 8 19 -9 -10 15 11 18 13 14 24 -17 -18 28 -20 -21 21 26 -24 -25 29 -27 27 -29 -30 -31
leaf_value=-0.013417509574974904 4.7325773954573895 -0.042731713282960083 2.262223160957769 -0.095540752326386424 0.011933748863308774 -0.1103524422848428 -0.096283272042439319 7.406155771780047 -0.10018312271600729 -0.094305485877861236 0.0042298815660210829 0.57248936019259666 0.083030393652806678 -0.032964167073920372 0.063865178451646618 -0.093859595712419655 0.065167963825908393 0.0032988839649001275 -0.062903017271721776 -0.098508752655253551 -0.052074814082565792 0.0091891010812471929 -0.0017586002687905733 0.30435341239821323 -0.061128995367318098 -0.07464608938959276 -0.045081982662221694 0.0023317257493540564 -0.05330662044045837 -0.16754932325134292
leaf_weight=38 26 42 21 152 144 53 78 108 73 78 42 86 83 29 25 28 345 48 38 294 27 86 36 29 30 37 41 298 35 51
leaf_count=38 26 42 21 152 144 53 78 108 73 78 42 86 83 29 25 28 345 48 38 294 27 86 36 29 30 37 41 298 35 51
internal_value=-0.00381644 -0.00532209 -0.0095431 -0.00546232 -0.0143185 -0.00608727 -0.0190699 0.0219712 -0.0164427 0.00132857 0.000663959 0.00272231 -0.00342598 -0.000333333 -0.00528994 0.00032282 0.00127984 -0.00412048 0.0111163 -0.0208329 0.000661682 -0.000774617 0.00860241 0.00371429 -0.0102162 -0.0124286 0.000334884 -0.00146512 0.00368182 -0.0142326
internal_weight=2501 2367 1387 977 422 270 410 134 126 555 980 654 326 247 164 534 506 161 124 372 530 452 78 58 106 79 425 339 83 81
internal_count=2501 2367 1387 977 422 270 410 134 126 555 980 654 326 247 164 534 506 161 124 372 530 452 78 58 106 79 425 339 83 81
is_linear=0
shrinkage=0.03


Tree=70
num_leaves=31
num_cat=0
split_feature=126 115 126 134 137 138 123 116 122 134 123 124 115 121 116 139 139 121 118 127 129 125 123 131 139 121 122 123 124 121
split_gain=106.759 69.0775 52.3744 56.2759 49.9806 24.475 14.1892 13.3907 13.1676 25.7819 11.0214 10.984 10.539 10.2022 11.2004 9.59036 6.99744 6.77355 8.64263 7.417 6.54173 9.72434 8.40863 8.03799 6.72971 6.71229 9.03011 6.62865 5.99706 5.91773
threshold=339.50000000000006 1.0000000180025095e-35 3.5000000000000004 1.0000000180025095e-35 9.5000000000000018 40.500000000000007 -2.4999999999999996 1.0000000180025095e-35 -152.49999999999997 1.0000000180025095e-35 -176.49999999999997 -1.0000000180025095e-35 144.50000000000003 52.500000000000007 94.500000000000014 16.500000000000004 14.500000000000002 1.5000000000000002 2.1666666666666674 7.5000000000000009 36.500000000000007 -0.27718676122931435 -21.499999999999996 6.4288914274887627 21.500000000000004 13.500000000000002 26.500000000000004 1.0000000180025095e-35 -16.499999999999996 3.5000000000000004
decision_type=2 2 2 2 2 2 2 2 2 2 2 2 2 2 2 2 2 2 2 2 2 2 2 2 2 2 2 2 2 2
left_child=1 2 6 10 -5 -6 -1 -7 9 -2 -4 13 17 15 -15 -3 -8 19 -19 -13 21 -20 -22 24 27 -25 -27 -23 -12 -17
right_child=8 11 3 4 5 7 16 -9 -10 -11 28 12 -14 14 -16 29 -18 18 20 -21 22 23 -24 25 -26 26 -28 -29 -30 -31
leaf_value=-0.013014984287725656 8.8329707839653526 0.17987955800806965 2.1943564661290358 -0.094212314167095121 0.008757508653542594 -0.10617766466339891 -0.09339477388116614 -0.096944839418478743 5.2244020747628701 -0.23678393146683299 0.37724684982870121 0.0041029851190404632 0.51705780344906593 0.24820784293921988 -0.079512119328218916 -0.07770561692471642 -0.095553490075595951 -0.05051256966008881 -0.074057420195729765 -0.0017058422607268752 0.52668931175263056 -0.070120215293561994 -0.02669577983886853 0.077326163800363931 0.013355750584969819 -0.0068071080704453554 0.44418303329916398 0.016753622663176218 -0.0094285228018575386 -0.031975242061702748
leaf_weight=38 29 33 21 147 139 50 78 71 119 38 22 42 117 46 38 20 294 27 29 36 23 26 163 29 49 30 23 52 481 191
leaf_count=38 29 33 21 147 139 50 78 71 119 38 22 42 117 46 38 20 294 27 29 36 23 26 163 29 49 30 23 52 481 191
internal_value=-0.00400798 -0.00577759 -0.0101813 -0.00617949 -0.0144757 -0.00631698 -0.0190699 -0.0159048 0.0175602 0.00616667 0.000328922 0.000300306 0.00257143 -0.00412613 0.00465169 -0.00720482 -0.0208329 0.000719101 -0.000710526 0.00860241 0.000405594 0.00367901 -0.00373822 0.006 0.00109091 0.0130345 0.00558621 -0.00426506 -0.000637795 -0.00955556
internal_weight=2501 2315 1341 931 407 260 410 121 186 67 524 974 646 328 84 244 372 529 451 78 424 238 186 209 127 82 53 78 503 211
internal_count=2501 2315 1341 931 407 260 410 121 186 67 524 974 646 328 84 244 372 529 451 78 424 238 186 209 127 82 53 78 503 211
is_linear=0
shrinkage=0.03


Tree=71
num_leaves=31
num_cat=0
split_feature=132 115 126 134 137 138 137 122 123 116 125 125 125 122 123 121 132 137 139 123 131 115 123 126 130 115 139 129 131 130
split_gain=110.132 63.0229 52.0828 53.695 48.3357 27.764 21.2197 33.577 14.1892 13.2445 10.4059 11.772 11.4983 11.4101 10.2348 7.52448 9.8784 7.57876 6.99744 6.27298 5.72467 7.72719 10.5335 7.98703 8.79972 5.77768 10.7764 6.02085 6.91304 6.01409
threshold=322.64285714285717 1.0000000180025095e-35 3.5000000000000004 1.0000000180025095e-35 9.5000000000000018 40.500000000000007 9.5000000000000018 -66.499999999999986 -2.4999999999999996 1.0000000180025095e-35 0.40535714285714292 -0.011730306157550737 12.750000000000002 45.000000000000007 -176.49999999999997 19.500000000000004 7.9285714285714297 9.5000000000000018 14.500000000000002 -22.499999999999996 56.197341234982524 153.50000000000003 22.000000000000004 5.5000000000000009 1.5000000000000002 44.500000000000007 29.500000000000004 6.5000000000000009 2.5595537745932826 78.833333333333357
decision_type=2 2 2 2 2 2 2 2 2 2 2 2 2 2 2 2 2 2 2 2 2 2 2 2 2 2 2 2 2 2
left_child=1 2 8 14 -5 -6 7 -2 -1 -7 11 13 -12 15 -4 16 -3 -17 -10 -19 21 23 -23 24 -13 27 29 -25 -29 -27
right_child=6 10 3 4 5 9 -8 -9 18 -11 12 20 -14 -15 -16 17 -18 19 -20 -21 -22 22 -24 25 -26 26 -28 28 -30 -31
leaf_value=-0.012624534759093895 -0.67298199335155828 -0.049348181414203218 2.3671457637175282 -0.088803196708683765 0.0084947833939363181 -0.10385653907639555 6.4707553430655507 4.5515866467607955 -0.090592930664731161 -0.094269283851972696 -0.071447449446053898 -0.0031956485309078174 0.031424167934397326 0.23890229185180309 -0.0027987609409954929 0.14459639319076265 0.01981176576704417 -0.0070848156523341992 -0.092686885373328073 -0.061166413085284178 -0.10024664795230932 0.52204679623769035 -0.030421740151044787 -0.016084325657238524 0.0056126576505571265 -0.024545809011135518 -0.13258472017438877 -0.0016546669929050849 0.03419881336754553 0.23245501721078682
leaf_weight=38 22 35 20 142 141 53 128 60 78 73 145 39 68 70 498 28 95 29 294 86 32 43 20 26 63 32 37 21 46 39
leaf_count=38 22 35 20 142 141 53 128 60 78 73 145 39 68 70 498 28 95 29 294 86 32 43 20 26 63 32 37 21 46 39
internal_value=-0.00410375 -0.00602091 -0.0102116 -0.00620601 -0.0142609 -0.00648529 0.0164372 0.00406897 -0.0190699 -0.0164427 -0.000118874 0.00156032 -0.00588991 -0.00248276 0.000217973 -0.00526619 0 -0.00989189 -0.0208329 -0.0132 0.00504715 0.00612938 0.0153529 0.00397403 0.0105981 0.000407767 -0.00419469 0.0057551 0.0103333 0.00268421
internal_weight=2501 2291 1337 927 409 267 210 82 410 126 954 741 213 343 518 273 130 143 372 115 398 366 63 303 102 201 108 93 67 71
internal_count=2501 2291 1337 927 409 267 210 82 410 126 954 741 213 343 518 273 130 143 372 115 398 366 63 303 102 201 108 93 67 71
is_linear=0
shrinkage=0.03


Tree=72
num_leaves=31
num_cat=0
split_feature=132 115 126 134 137 138 137 122 125 139 124 134 118 132 130 115 118 122 115 131 122 135 125 131 126 126 119 125 122 126
split_gain=105.151 64.7284 47.4649 53.695 48.3357 27.764 20.2409 33.577 13.2645 10.7138 10.1416 10.0889 9.46338 8.85927 12.9093 13.383 10.9123 9.21936 8.68382 11.2664 8.06788 6.28961 7.28126 6.2157 6.04717 5.45626 4.97937 4.93161 9.12508 5.42808
threshold=322.64285714285717 1.0000000180025095e-35 3.5000000000000004 1.0000000180025095e-35 9.5000000000000018 40.500000000000007 9.5000000000000018 -66.499999999999986 -0.69306418219461685 14.500000000000002 -1.0000000180025095e-35 0.6078576107927941 86.333333333333357 4.9285714285714297 18.166666666666668 15.500000000000002 13.833333333333334 -16.499999999999996 17.500000000000004 21.231520018137704 5.5000000000000009 -0.22252093395631442 0.26846846846846856 6.0174702429199325 2.5000000000000004 533.50000000000011 373.00000000000006 0.039004394861392837 64.500000000000014 46.500000000000007
decision_type=2 2 2 2 2 2 2 2 2 2 2 2 2 2 2 2 2 2 2 2 2 2 2 2 2 2 2 2 2 2
left_child=1 2 8 12 -5 -6 7 -2 -1 -10 18 23 -4 20 15 -15 -16 -18 24 21 -12 -20 -23 -7 -3 -9 -8 -19 29 -29
right_child=6 10 3 4 5 11 26 25 9 -11 13 -13 -14 14 16 -17 17 27 19 -21 -22 22 -24 -25 -26 -27 -28 28 -30 -31
leaf_value=-0.012245798716321065 -0.65279253355101152 -0.037082134464392937 -0.0090617042895719639 -0.086139100807423249 0.0082399398921182334 0.024542674731142904 1.0869474776790287 1.1531044116751552 -0.08787514274478922 -0.089906278812128232 -0.049336466668058333 -0.10175012964510166 0.69090243823857145 0.005257428558599328 -0.032924247269626929 0.0056356306633599468 -0.063265647423627655 0.092357485977060422 -0.0043039620139714426 -0.047269520269656765 0.011505524914254401 0.27069500277422631 -0.019050131917342377 -0.1130690906073661 -0.069304025962672294 7.8811841694386446 6.7888461094278085 -0.010405703743313417 -0.18674607373876517 0.28942988030317623
leaf_weight=38 22 42 451 142 141 20 20 34 78 294 63 47 67 66 53 62 36 199 69 92 49 49 34 59 37 26 108 28 36 39
leaf_count=38 22 42 451 142 141 20 20 34 78 294 63 47 67 66 53 62 36 199 69 92 49 49 34 59 37 26 108 28 36 39
internal_value=-0.00391221 -0.00578571 -0.0100328 -0.00620601 -0.0142609 -0.00648529 0.0161581 0.00406897 -0.0184916 -0.0201963 0.000181439 -0.0164427 0.000217973 0.00239623 0.00405344 0.0121353 0.00127273 0.00330612 -0.00409756 -0.00118072 -0.00507692 0.00378344 0.00913636 -0.00885714 -0.0124286 0.0156 0.0234135 0.00506189 -0.000222222 0.00616667
internal_weight=2501 2291 1337 927 409 267 210 82 410 372 954 126 518 631 519 128 391 338 323 244 112 152 83 79 79 60 128 302 103 67
internal_count=2501 2291 1337 927 409 267 210 82 410 372 954 126 518 631 519 128 391 338 323 244 112 152 83 79 79 60 128 302 103 67
is_linear=0
shrinkage=0.03


Tree=73
num_leaves=31
num_cat=0
split_feature=132 115 139 139 139 130 137 139 127 123 118 124 116 132 130 115 118 139 121 133 123 139 131 119 129 123 124 119 127 132
split_gain=105.4 62.5888 45.7929 82.383 62.78 29.7077 20.2409 33.577 16.1935 13.947 13.5155 12.2478 10.1206 9.08157 12.541 13.383 11.185 9.03459 8.91 8.38054 8.35233 7.36905 6.24911 6.74956 5.52227 5.25176 5.0197 4.97937 4.86133 4.43191
threshold=322.64285714285717 1.0000000180025095e-35 22.500000000000004 15.500000000000002 28.500000000000004 2.8333333333333335 9.5000000000000018 15.500000000000002 1.5000000000000002 -189.99999999999997 1.1666666666666667 -1.0000000180025095e-35 5.5000000000000009 4.9285714285714297 18.166666666666668 15.500000000000002 13.833333333333334 16.500000000000004 3.5000000000000004 3.3289072166447737 4.5000000000000009 19.500000000000004 24.524361686952126 95.500000000000014 129.50000000000003 -1.0000000180025095e-35 -37.499999999999993 373.00000000000006 565.00000000000011 14.357142857142859
decision_type=2 2 2 2 2 2 2 2 2 2 2 2 2 2 2 2 2 2 2 2 2 2 2 2 2 2 2 2 2 2
left_child=1 2 3 8 5 10 7 28 -1 -7 -4 17 -6 20 15 -15 -16 -3 -19 -11 -13 25 23 -23 -25 -20 -21 -8 -2 -17
right_child=6 11 4 -5 12 9 27 -9 -10 19 -12 13 -14 14 16 29 -18 18 21 26 -22 22 -24 24 -26 -27 -28 -29 -30 -31
leaf_value=-0.087519781019320744 1.2315910370883909 0.29891153444898477 -0.065752712536838204 -0.088359336643276429 -0.088833700432597876 2.7046228997242938 1.0543390533486581 -0.63320875754448125 -0.0087898531608848179 0.0038385870869258642 0.0087900417793704069 -0.04537367508686279 -0.094624073097324984 0.0050997057018413545 -0.031936519851538135 -0.034435579084676357 0.029934233506086726 -0.073867835077160784 -0.077653672252664022 0.61059379680928505 0.078784466149936602 -0.0096293521160097217 -0.039375045148229898 0.44067928462303113 0.0078087486481216214 -0.040081207306971574 -0.0017807364353815735 6.5851807261449737 7.659748644355485 0.051229721862828939
leaf_weight=66 35 36 84 282 130 22 20 22 201 34 35 83 76 66 53 33 338 20 29 32 29 96 71 22 24 25 375 108 25 29
leaf_count=66 35 36 84 282 130 22 20 22 201 34 35 83 76 66 53 33 338 20 29 32 29 96 71 22 24 25 375 108 25 29
internal_value=-0.00393615 -0.00581185 -0.00998808 -0.0166137 -0.00528878 -0.000194208 0.0161581 0.00406897 -0.0045 0.00325641 -0.0132581 5.63087e-05 -0.0193081 0.00249057 0.00416794 0.0121353 0.00142424 -0.00464634 -0.00645205 0.00193722 -0.00507692 -0.00472059 -0.0020367 0.00159184 0.0104706 -0.0141356 0.000640777 0.0234135 0.0156 0.00170149
internal_weight=2501 2291 1337 549 788 582 210 82 267 463 119 954 206 631 519 128 391 323 287 441 112 267 213 142 46 54 407 128 60 62
internal_count=2501 2291 1337 549 788 582 210 82 267 463 119 954 206 631 519 128 391 323 287 441 112 267 213 142 46 54 407 128 60 62
is_linear=0
shrinkage=0.03


Tree=74
num_leaves=31
num_cat=0
split_feature=132 115 126 139 139 139 137 122 123 123 116 124 132 130 115 118 139 132 139 121 115 120 122 128 124 123 123 139 118 131
split_gain=106.906 57.9734 46.3437 41.0094 67.6096 55.001 20.2409 33.577 13.2986 13.0382 11.7523 11.2796 10.4768 10.8439 13.7402 10.9123 10.3619 9.92191 9.27686 8.68015 8.23374 7.44699 7.30869 6.78731 6.13899 7.07215 6.87712 6.4381 5.80751 12.3373
threshold=322.64285714285717 1.0000000180025095e-35 3.5000000000000004 22.500000000000004 13.500000000000002 28.500000000000004 9.5000000000000018 -66.499999999999986 -189.99999999999997 -2.4999999999999996 1.0000000180025095e-35 -1.0000000180025095e-35 4.9285714285714297 18.166666666666668 18.500000000000004 13.833333333333334 14.500000000000002 17.214285714285719 16.500000000000004 3.5000000000000004 29.500000000000004 3.5000000000000004 -16.499999999999996 32.500000000000007 -11.499999999999998 -1.4999999999999998 4.5000000000000009 19.500000000000004 22.833333333333339 21.959301711012753
decision_type=2 2 2 2 2 2 2 2 2 2 2 2 2 2 2 2 2 2 2 2 2 2 2 2 2 2 2 2 2 2
left_child=1 2 9 4 -4 8 7 -2 -5 -1 -7 18 20 14 -14 -15 -11 -10 -3 -20 -13 23 -17 -21 -23 27 -27 -26 29 -19
right_child=6 11 3 5 -6 10 -8 -9 17 16 -12 12 13 15 -16 22 -18 28 19 21 -22 24 -24 -25 25 26 -28 -29 -30 -31
leaf_value=-0.01198356433499125 -0.61421249481814677 0.28994418841551506 -0.0085261575660582883 2.6234842127325653 -0.085968440127016293 -0.095527971372271675 5.8754118777063997 4.0452334270531543 0.0078775840827469065 -0.08261329503186593 -0.089516541683392223 -0.045760797067270084 0.0049467145307861135 -0.030978424255992003 -0.00074102853047843811 -0.062265705006101547 -0.084558310348466101 -0.088493531252860011 -0.071651800024845974 -0.010845616754534682 0.33955191305175608 -0.16882086451256326 0.054507185106248954 0.17833718247754154 -0.052579960371713148 0.063889960871331974 -0.10687635178139572 -0.00049821698714069384 0.01016631348644708 0.82780308711160866
leaf_weight=38 22 36 165 22 175 58 128 60 134 78 80 86 78 53 50 36 294 57 20 64 26 53 302 46 23 36 25 20 201 35
leaf_count=38 22 36 165 22 175 58 128 60 134 78 80 86 78 53 50 36 294 57 20 64 26 53 302 46 23 36 25 20 201 35
internal_value=-0.00407981 -0.00596864 -0.00998808 -0.00620601 -0.0144174 -0.00135811 0.0161581 0.00406897 0.0037533 -0.018347 -0.0175804 -0.000306569 0.00201887 0.00382443 0.0112331 0.00127273 -0.0200371 0.00241667 -0.00482927 -0.00665753 -0.00610256 -0.00494118 0.00330612 0.000991304 -0.00903704 -0.00434862 0.00218182 -0.013 -0.000684564 -0.00674227
internal_weight=2501 2291 1337 927 340 587 210 82 449 410 138 954 631 519 128 391 372 427 323 287 112 267 338 110 157 104 61 43 293 92
internal_count=2501 2291 1337 927 340 587 210 82 449 410 138 954 631 519 128 391 372 427 323 287 112 267 338 110 157 104 61 43 293 92
is_linear=0
shrinkage=0.03


Tree=75
num_leaves=31
num_cat=0
split_feature=132 115 125 126 134 139 138 115 138 119 116 139 125 139 122 132 131 134 131 129 129 125 132 115 121 119 120 131 125 125
split_gain=106.655 57.4387 48.0425 32.3837 34.8243 40.0429 21.9151 16.1431 19.4857 20.213 14.576 13.3072 13.9131 10.3619 8.55482 10.7849 8.08475 6.91283 8.51341 6.68643 12.3818 8.48617 6.65561 6.22586 6.21863 5.82514 9.80325 6.61833 6.29211 6.1271
threshold=322.64285714285717 1.0000000180025095e-35 -0.69306418219461685 3.5000000000000004 -1.0000000180025095e-35 22.500000000000004 40.500000000000007 404.50000000000006 39.500000000000007 355.50000000000006 1.0000000180025095e-35 22.500000000000004 -0.99508240297713968 14.500000000000002 -14.499999999999998 4.5000000000000009 6.0174702429199325 -0.60785761079279388 1.0000000180025095e-35 115.50000000000001 8.5000000000000018 -0.12380283488698759 198.35714285714289 33.500000000000007 53.500000000000007 40.500000000000007 7.5000000000000009 2.9056810222284128 -0.073205741626794232 0.26846846846846856
decision_type=2 2 2 2 2 2 2 2 2 2 2 2 2 2 2 2 2 2 2 2 2 2 2 2 2 2 2 2 2 2
left_child=1 2 11 13 17 -6 -7 8 9 -2 -8 -1 -13 -4 24 23 -12 18 -5 20 21 -17 -21 -16 -3 26 29 -28 -27 -22
right_child=7 14 3 4 5 6 10 -9 -10 -11 16 12 -14 -15 15 19 -18 -19 -20 22 25 -23 -24 -25 -26 28 27 -29 -30 -31
leaf_value=-0.35139844793485281 1.1332863031641442 -0.033529273966173501 -0.080134896180909951 -0.035025187656117854 -0.077387507821213716 0.007641256560264491 -0.092157488860604556 5.6991495213752073 7.1018235635094822 -0.59716322661704768 0.02915690175268832 2.544779686350588 0.0023527131881513697 -0.082021561038012114 -0.047328084683836577 -0.0041873509653583343 -0.10739135353546089 0.015923136231633279 -0.13918425105311552 0.26267449065982595 0.0039552271596429069 0.0056681474403398185 -0.027865230388101452 0.32936535566020347 0.0022266221539967023 0.031954706684280437 0.0035257662813772761 0.04566901516211011 -0.029798529508014936 -0.065978218906195985
leaf_weight=32 57 86 78 118 144 121 51 68 63 22 23 21 239 294 112 27 55 141 20 118 70 124 40 26 43 51 22 27 171 37
leaf_count=32 57 86 78 118 144 121 51 68 63 22 23 21 239 294 112 27 55 141 20 118 70 124 40 26 43 51 22 27 171 37
internal_value=-0.00405587 -0.00594251 -0.00994337 -0.0129371 -0.00888496 -0.0145714 -0.00703529 0.0161581 0.0097551 -0.000285714 -0.015403 0.000787879 0.00314717 -0.0200371 -0.000306569 0.000824096 -0.00643373 -0.00071831 -0.00541259 0.00237572 0.000719101 0.00784615 0.00769325 -0.00667133 -0.00734328 -0.00217755 0.00219876 0.0126667 -0.00525991 -0.00289286
internal_weight=2501 2291 1337 1045 673 394 250 210 142 79 129 292 260 372 954 825 78 279 138 687 529 151 158 138 129 378 156 49 222 107
internal_count=2501 2291 1337 1045 673 394 250 210 142 79 129 292 260 372 954 825 78 279 138 687 529 151 158 138 129 378 156 49 222 107
is_linear=0
shrinkage=0.03


Tree=76
num_leaves=31
num_cat=0
split_feature=132 115 123 126 134 139 139 115 139 133 139 123 134 124 132 130 123 139 139 122 139 131 124 120 129 132 129 124 127 125
split_gain=98.2387 58.9514 48.0425 31.8458 39.5189 41.2205 22.118 18.7818 20.5977 24.9742 13.3072 14.8235 10.132 9.25984 8.97093 11.1934 8.99577 8.55908 7.25521 6.83621 6.39703 6.36637 6.07984 5.6693 8.03476 8.53139 7.46674 10.248 6.64192 6.35086
threshold=322.64285714285717 1.0000000180025095e-35 -2.4999999999999996 1.5000000000000002 1.0000000180025095e-35 22.500000000000004 28.500000000000004 404.50000000000006 21.500000000000004 13.786260656600192 22.500000000000004 -189.99999999999997 0.6078576107927941 -1.0000000180025095e-35 4.9285714285714297 8.5000000000000018 4.5000000000000009 16.500000000000004 23.500000000000004 -14.499999999999998 26.500000000000004 4.7491392863563799 26.500000000000004 129.50000000000003 36.500000000000007 11.928571428571431 124.00000000000001 1.0000000180025095e-35 9.5000000000000018 -0.024896694214876031
decision_type=2 2 2 2 2 2 2 2 2 2 2 2 2 2 2 2 2 2 2 2 2 2 2 2 2 2 2 2 2 2
left_child=1 2 10 -4 20 -6 -7 8 9 -2 -1 -12 21 17 16 -16 -15 -3 -19 -17 -5 -8 -13 24 25 28 27 -26 -21 -28
right_child=7 13 3 4 5 6 12 -9 -10 -11 11 22 -14 14 15 19 -18 18 -20 23 -22 -23 -24 -25 26 -27 29 -29 -30 -31
leaf_value=-0.34085649449680716 2.9846005931183015 0.27336562804325454 -0.079713700149982858 -0.0048304765805722736 -0.075065882586577301 0.0070872116499397595 0.028282194700107677 5.528175035733951 6.8887688566041989 -0.57855977649681356 2.4684362957600707 0.011797261241428849 -0.085041707727549778 -0.041219798381723703 0.0039949988696485403 -0.046406819062876178 0.079213598617971712 -0.039906816308305969 -0.00069894614253364297 0.003182355949005533 -0.097613854983501128 -0.091254433262629997 -0.10584996818501785 0.4846691206800976 0.0099900492561363474 0.11150826510518708 0.50516564487836313 -0.035695673830687863 -0.012896664569416875 -0.036063241636077166
leaf_weight=32 43 36 295 304 153 126 20 68 63 36 22 207 48 83 59 40 29 170 117 20 36 63 31 40 50 119 25 105 21 40
leaf_count=32 43 36 295 304 153 126 20 68 63 36 22 207 48 83 59 40 29 170 117 20 36 63 31 40 50 119 25 105 21 40
internal_value=-0.00407981 -0.00589024 -0.00994337 -0.0129371 -0.00952848 -0.0157446 -0.00810687 0.0153209 0.00853061 -0.00171429 0.000787879 0.00314717 -0.0165 -0.000181439 0.00192453 0.00359542 -0.00558974 -0.00428049 -0.0060411 0.00192258 -0.00189565 -0.00913636 0.000716049 0.00309176 0.00185455 0.00687273 -0.00184 -0.0054 -0.00443478 0.00634286
internal_weight=2501 2291 1337 1045 750 410 257 210 142 79 292 260 131 954 631 519 112 323 287 460 340 83 238 420 380 160 220 155 41 65
internal_count=2501 2291 1337 1045 750 410 257 210 142 79 292 260 131 954 631 519 112 323 287 460 340 83 238 420 380 160 220 155 41 65
is_linear=0
shrinkage=0.03


Tree=77
num_leaves=31
num_cat=0
split_feature=126 115 134 126 139 138 115 134 129 129 126 123 124 123 127 125 125 122 133 115 134 119 127 130 132 115 115 117 129 125
split_gain=94.1595 70.6395 51.3512 60.405 54.7386 28.5307 11.4148 11.1661 10.8989 12.0138 12.5649 9.89118 9.31675 8.70657 8.62953 10.3738 9.20803 7.57625 17.8013 6.87304 5.53199 5.46537 8.61425 5.76552 12.9983 9.94799 8.48983 6.31045 6.1503 8.92495
threshold=487.50000000000006 1.0000000180025095e-35 1.0000000180025095e-35 1.5000000000000002 22.500000000000004 40.500000000000007 241.50000000000003 0.6078576107927941 3.5000000000000004 10.500000000000002 41.500000000000007 -2.4999999999999996 -5.4999999999999991 -176.49999999999997 219.50000000000003 0.80625000000000013 12.750000000000002 -103.49999999999999 165.48115673242279 167.50000000000003 0.6078576107927941 158.00000000000003 151.50000000000003 18.166666666666668 4.5000000000000009 17.500000000000004 6.5000000000000009 40.500000000000007 1.5000000000000002 -0.097985241848246016
decision_type=2 2 2 2 2 2 2 2 2 2 2 2 2 2 2 2 2 2 2 2 2 2 2 2 2 2 2 2 2 2
left_child=1 2 3 11 -4 8 14 -7 -6 -10 -11 -1 -8 -5 15 19 20 18 -2 21 -17 22 23 24 27 -25 -26 -3 -27 -30
right_child=17 6 4 13 5 7 12 -9 9 10 -12 -13 -14 -15 -16 16 -18 -19 -20 -21 -22 -23 -24 25 26 28 -28 -29 29 -31
leaf_value=-0.01657663612953602 -0.56051442988018652 -0.039486112882542862 -0.077169503202372272 1.7265446332494576 -0.044207186473511718 -0.081364023041038722 -0.1152037486994152 -0.079469443678057361 0.11967706154860529 -0.082684398287046948 0.25430815275456464 -0.077847701925565421 1.4376653508848594 -0.0056135660175820586 -0.26549916735829382 -0.10100124453068486 0.01067860223751765 6.1965796053477478 7.4489213896600255 0.48169609401969038 -0.046262627630316418 -0.13671035701689291 0.39128743682881278 -0.043328737869720337 0.0038751489035590758 0.25554742188149254 0.0019352485334134428 0.957737454164029 0.15420218825244111 -0.0071175082907704024
leaf_weight=25 29 78 236 21 42 97 21 75 31 31 71 173 66 565 40 57 65 78 28 40 38 42 26 35 46 23 110 20 68 224
leaf_count=25 29 78 236 21 42 97 21 75 31 31 71 173 66 565 40 57 65 78 28 40 38 42 26 35 46 23 110 20 68 224
internal_value=-0.00403192 -0.00543821 -0.00985714 -0.00478327 -0.0165714 -0.00876136 0.000621514 -0.0172542 -0.000133333 0.00408696 -0.00106542 -0.0188867 0.0106957 9.13706e-05 -0.000386041 0.000266819 -0.00650909 0.0198857 0.0100645 0.00183264 -0.01224 0.00105465 0.00178583 0.000975369 0.00437838 -0.00150423 0.00965217 -0.00401942 0.0002625 -0.000989899
internal_weight=2501 2366 1367 784 583 347 999 172 175 133 102 198 87 586 912 872 160 135 57 712 95 672 630 604 254 350 156 98 315 292
internal_count=2501 2366 1367 784 583 347 999 172 175 133 102 198 87 586 912 872 160 135 57 712 95 672 630 604 254 350 156 98 315 292
is_linear=0
shrinkage=0.03


Tree=78
num_leaves=31
num_cat=0
split_feature=127 115 134 139 127 138 122 130 116 134 123 129 129 127 124 132 129 120 121 139 139 121 123 124 123 132 124 121 129 116
split_gain=91.7853 67.1496 48.9476 57.5887 41.1969 29.1934 16.0666 12.1803 11.5624 10.054 9.99561 9.54381 11.6922 9.59217 8.04415 9.13296 11.2245 10.6746 9.81011 9.42243 8.68306 7.37621 7.29863 7.0672 7.79163 7.026 6.86781 6.84269 7.32797 6.66843
threshold=492.00000000000006 1.0000000180025095e-35 1.0000000180025095e-35 22.500000000000004 1.5000000000000002 40.500000000000007 143.50000000000003 16.833333333333339 2.5000000000000004 0.6078576107927941 -1.0000000180025095e-35 3.5000000000000004 10.500000000000002 50.500000000000007 -1.0000000180025095e-35 4.9285714285714297 32.500000000000007 129.50000000000003 13.500000000000002 18.500000000000004 16.500000000000004 30.500000000000004 4.5000000000000009 26.500000000000004 -157.99999999999997 20.571428571428573 1.5000000000000002 3.5000000000000004 1.5000000000000002 3.5000000000000004
decision_type=2 2 2 2 2 2 2 2 2 2 2 2 2 2 2 2 2 2 2 2 2 2 2 2 2 2 2 2 2 2
left_child=1 2 4 -4 8 11 14 10 -1 -7 26 -5 -13 -14 20 22 18 -18 19 -17 -3 -20 -16 24 -9 -26 -6 -22 -29 -30
right_child=-2 6 3 5 7 9 -8 23 -10 -11 -12 12 13 -15 15 16 17 -19 21 -21 27 -23 -24 -25 25 -27 -28 28 29 -31
leaf_value=-0.075512270867798451 6.1048689336510291 0.26537818445068023 -0.074854418106301099 -0.042880970879306354 0.0076346802115517228 -0.078923102349807567 1.0649797528953189 1.6747482942519738 -0.016079337045649955 -0.077085360367715641 -0.065126255327816018 0.11608674970214712 -0.078855936946401431 0.31726998007997625 -0.044113846431153458 -0.011209902496242749 -0.0083543848833569703 0.3310213850908974 -0.019489568594703605 0.007538456041483425 -0.065700615607860016 0.18311593933100265 0.078225069488342056 -0.087673032361618358 0.15189121773365655 0.0052618701181205551 -0.048616616407984578 0.015556506091706241 0.018100320707410394 -0.053191832865114391
leaf_weight=150 133 36 236 42 46 97 58 21 33 75 152 31 35 68 83 24 244 63 48 88 20 46 29 26 24 307 25 34 53 174
leaf_count=150 133 36 236 42 46 97 58 21 33 75 152 31 35 68 83 24 244 63 48 88 20 46 29 26 24 307 25 34 53 174
internal_value=-0.00405587 -0.00543363 -0.00974071 -0.0162886 -0.00478327 -0.00831161 0.000471642 -0.000930693 -0.0170426 -0.0169153 -0.00642105 0.000298343 0.00427338 -0.000777778 -0.000500528 0.00146667 0.00317375 -0.000461538 0.00850237 0.0143077 -0.00436025 0.00115152 -0.00610256 0.0023342 0.00351261 0.00221429 0.00268421 -0.00616783 -0.0046015 -0.00656897
internal_weight=2501 2368 1368 584 784 348 1000 601 183 172 223 176 134 103 942 625 513 307 206 112 317 94 112 378 352 331 71 281 261 227
internal_count=2501 2368 1368 584 784 348 1000 601 183 172 223 176 134 103 942 625 513 307 206 112 317 94 112 378 352 331 71 281 261 227
is_linear=0
shrinkage=0.03


Tree=79
num_leaves=31
num_cat=0
split_feature=127 115 134 137 127 138 123 115 133 122 116 132 134 122 131 117 132 119 119 132 132 130 131 116 132 127 132 135 128 115
split_gain=88.6213 63.6717 51.6459 55.4586 42.1342 23.2804 18.5203 15.7619 14.164 11.8685 11.5624 10.3099 10.054 9.54189 17.371 9.31105 7.71738 6.61877 6.32098 12.1117 6.02228 15.937 5.9711 21.4051 4.86231 5.6539 7.66981 4.72381 4.59865 14.1018
threshold=502.00000000000006 1.0000000180025095e-35 1.0000000180025095e-35 9.5000000000000018 1.5000000000000002 40.500000000000007 -189.99999999999997 404.50000000000006 1.059413142992673 -22.499999999999996 2.5000000000000004 4.5000000000000009 0.6078576107927941 -103.49999999999999 30.646732169138733 29.500000000000004 1.9285714285714288 1.5000000000000002 70.500000000000014 67.928571428571445 3.785714285714286 9.1666666666666696 1.0950140852533554 2.5000000000000004 6.9285714285714297 40.500000000000007 54.642857142857146 -0.22252093395631442 216.50000000000003 186.50000000000003
decision_type=2 2 2 2 2 2 2 2 2 2 2 2 2 2 2 2 2 2 2 2 2 2 2 2 2 2 2 2 2 2
left_child=1 2 4 -4 10 8 -6 9 -5 18 -1 15 -7 14 -2 -11 -8 -13 -3 -20 -10 -22 24 -24 -18 -26 -27 -21 29 -19
right_child=13 7 3 5 6 12 16 -9 20 11 -12 17 -14 -15 -16 -17 22 28 19 27 21 -23 23 -25 25 26 -28 -29 -30 -31
leaf_value=-0.073246902741764486 7.8354920812067412 -0.020802885964416522 -0.072633972231830754 -0.058925771096099873 2.1017458285691406 -0.076555409279313341 -0.05069419524929536 4.1029534073128229 0.10469330074121616 -0.045605176158367774 -0.015596956934280469 0.0027444771221841256 -0.074772799556684172 6.7860191191547896 -0.72684506499331181 0.81162494344183933 0.00548017712294099 0.0010089346564633671 0.44953987375740095 -0.11800549740083993 -0.085731469870043556 0.098566158822629493 -0.09288039973826899 -0.00051424591443517188 -0.062999169677523129 0.31608980152853861 -0.0048158100568173262 0.0025375216586132864 -0.1513329539714357 0.567248244901564
leaf_weight=150 31 23 219 22 21 97 22 20 26 119 33 35 75 67 21 23 57 601 21 37 25 121 42 196 127 34 109 20 70 37
leaf_count=150 31 23 219 22 21 97 22 20 26 119 33 35 75 67 21 23 57 601 21 37 25 121 42 196 127 34 109 20 70 37
internal_value=-0.00422346 -0.0055023 -0.00968429 -0.0164136 -0.00462814 -0.00904043 -0.000773246 0.000231454 -0.00177889 -0.000357215 -0.0170426 0.000768539 -0.0169153 0.0205161 0.00936842 -0.0064898 -0.00186486 0.00219786 -0.00984906 -0.00498795 0.00132203 -0.00115232 -0.00109474 -0.00466667 0.00151807 -0.000196364 0.00381081 -0.012 0.00150631 0.00232348
internal_weight=2501 2382 1376 585 791 366 608 1006 194 986 183 885 172 119 52 142 587 743 101 78 172 146 565 238 327 270 143 57 708 638
internal_count=2501 2382 1376 585 791 366 608 1006 194 986 183 885 172 119 52 142 587 743 101 78 172 146 565 238 327 270 143 57 708 638
is_linear=0
shrinkage=0.03


Tree=80
num_leaves=31
num_cat=0
split_feature=126 115 134 126 139 139 123 115 122 126 116 121 123 125 126 122 131 125 123 129 129 129 129 128 129 115 127 124 123 127
split_gain=96.3097 68.5645 53.2651 58.3403 51.9209 22.6489 17.7551 15.88 13.7178 12.2133 11.8742 11.6076 9.89118 9.74999 10.5153 7.83709 17.0131 5.45926 6.0233 8.82011 6.32879 6.11791 8.74527 8.65346 8.1677 8.70126 7.08278 5.56722 6.90597 5.2988
threshold=509.00000000000006 1.0000000180025095e-35 1.0000000180025095e-35 1.5000000000000002 22.500000000000004 28.500000000000004 -189.99999999999997 404.50000000000006 -22.499999999999996 16.500000000000004 1.0000000180025095e-35 62.500000000000007 -2.4999999999999996 0.26846846846846856 1.0000000180025095e-35 -103.49999999999999 30.646732169138733 -0.63333333333333319 -20.499999999999996 307.00000000000006 95.500000000000014 131.50000000000003 32.500000000000007 4.5000000000000009 14.500000000000002 22.500000000000004 9.5000000000000018 1.0000000180025095e-35 1.0000000180025095e-35 40.500000000000007
decision_type=2 2 2 2 2 2 2 2 2 2 2 2 2 2 2 2 2 2 2 2 2 2 2 2 2 2 2 2 2 2
left_child=1 2 3 12 -4 9 -5 8 11 -6 -7 -3 -1 17 -15 16 -2 -10 20 21 -19 22 23 24 25 -20 -25 -24 -29 -28
right_child=15 7 4 6 5 10 -8 -9 13 -11 -12 -13 -14 14 -16 -17 -18 18 19 -21 -22 -23 27 26 -26 -27 29 28 -30 -31
leaf_value=-0.015129048226252023 7.7230703367884255 -0.063170411888869391 -0.070454953064875828 2.0386934537120665 -0.033012987379447481 -0.072079569996554779 -0.0080068140837490087 4.0435023570190705 -0.098390095339902131 0.13913773803434432 -0.075971906075228593 0.042818937363369683 -0.071049495659511561 -0.066426943962323931 0.00037233131266731332 6.5224385455801457 -0.70503971304351243 0.10733427894733764 -0.066485297765469326 -0.44915468357986754 0.60815687996316581 0.30168783366934704 0.0026566474057496234 0.0044941166208088074 0.010511669590360899 0.15321994578326659 -0.0058540448189423923 -0.043849387778665656 0.030097280277210741 0.3712650756909352
leaf_weight=25 29 66 239 21 74 88 572 20 24 102 84 36 173 76 147 69 20 25 61 26 27 90 99 54 23 39 50 63 39 40
leaf_count=25 29 66 239 21 74 88 572 20 24 102 84 36 173 76 147 69 20 25 61 26 27 90 99 54 23 39 50 63 39 40
internal_value=-0.00448683 -0.00581407 -0.0101475 -0.00500503 -0.0169662 -0.00933144 -0.000240803 0.000142574 -0.000448485 -0.00162431 -0.0169153 -0.0105981 -0.0188867 0.00077027 -0.00457895 0.0214146 0.0104444 0.00260752 0.00317317 0.0022309 0.0125263 0.00307993 0.00163636 0.00516176 -0.00065625 -0.00451429 0.0100268 -0.00302913 -0.00779439 0.00435789
internal_weight=2501 2383 1378 791 587 348 593 1005 985 176 172 102 198 883 223 118 49 660 636 584 52 558 468 267 123 100 144 201 102 90
internal_count=2501 2383 1378 791 587 348 593 1005 985 176 172 102 198 883 223 118 49 660 636 584 52 558 468 267 123 100 144 201 102 90
is_linear=0
shrinkage=0.03


Tree=81
num_leaves=31
num_cat=0
split_feature=126 122 134 137 130 125 139 138 124 127 132 125 119 126 122 131 116 128 119 132 129 129 131 125 128 126 127 117 120 124
split_gain=95.6031 53.3818 54.1119 52.9327 38.1938 19.4344 17.0125 16.5309 15.6919 12.9998 10.9664 10.8558 10.4976 8.72086 7.83709 17.0131 6.88342 6.69624 6.01152 5.66204 7.31995 5.74369 6.71219 5.10473 5.08435 7.48011 7.49229 8.34682 6.76956 12.0899
threshold=509.00000000000006 3.5000000000000004 1.0000000180025095e-35 9.5000000000000018 1.5000000000000002 -0.99508240297713968 15.500000000000002 40.500000000000007 -3.4999999999999996 7.5000000000000009 1.9285714285714288 -0.50856929955290597 169.50000000000003 199.50000000000003 -103.49999999999999 30.646732169138733 1.0000000180025095e-35 177.00000000000003 1.0000000180025095e-35 103.50000000000001 105.50000000000001 36.500000000000007 6.8958842066956336 0.034138390821933311 6.5000000000000009 13.500000000000002 30.500000000000004 11.500000000000002 1.0000000180025095e-35 -10.499999999999998
decision_type=2 2 2 2 2 2 2 2 2 2 2 2 2 2 2 2 2 2 2 2 2 2 2 2 2 2 2 2 2 2
left_child=1 2 4 6 8 -6 -4 9 -1 18 -7 -10 17 -14 15 -2 -9 19 -5 20 21 22 -3 -15 -12 28 27 -27 -26 -30
right_child=14 12 3 7 5 10 -8 16 11 -11 24 -13 13 23 -16 -17 -18 -19 -20 -21 -22 -23 -24 -25 25 26 -28 -29 29 -31
leaf_value=0.22136304457230735 7.4913782266847715 -0.0079976084956463814 -0.036040295126015594 -0.060559792633388468 1.9775326501007049 -0.052255959916948459 -0.068316117804210874 -0.068060756504829081 0.012251106293076717 0.078580879394812356 0.0016378434212928727 -0.068918010789726203 0.55780584492632301 0.51937922762033717 6.326765389212742 -0.68388852165220704 -0.071979589818677081 0.22302720728740169 -0.0019258053996016055 -0.047772625631124867 0.85558074467000889 -0.02927485780369217 0.057098729432951516 -0.59058280542942621 -0.069967495210487909 -0.046902486115799495 -0.014008877331260975 0.17345023546386812 -0.24243410160435672 0.011669321070628057
leaf_weight=26 29 137 28 53 21 24 207 123 20 126 147 179 58 28 69 20 89 24 33 66 20 106 96 22 120 39 446 51 23 71
leaf_count=26 29 137 28 53 21 24 207 123 20 126 147 179 58 28 69 20 89 24 33 66 20 106 96 22 120 39 446 51 23 71
internal_value=-0.00439106 -0.00571357 -0.00818897 -0.0150361 -0.00426962 -0.00157761 -0.02635 -0.00851748 -0.0152348 -0.00246083 -0.00229374 -0.0180588 0.00239146 0.0105664 0.0214146 0.0104444 -0.0143502 0.000317181 -0.0111429 -0.000613953 0.00089011 -0.000244186 0.00236975 0.000981818 -0.00168958 -0.00269404 -0.00076525 0.00688421 -0.00736986 -0.00115152
internal_weight=2501 2383 1826 659 1167 942 235 424 225 212 921 199 557 108 118 49 212 449 86 425 359 339 233 50 897 750 536 90 214 94
internal_count=2501 2383 1826 659 1167 942 235 424 225 212 921 199 557 108 118 49 212 449 86 425 359 339 233 50 897 750 536 90 214 94
is_linear=0
shrinkage=0.03


Tree=82
num_leaves=31
num_cat=0
split_feature=126 115 134 126 139 138 123 115 126 116 123 122 123 122 131 125 126 124 116 124 117 128 127 124 128 119 128 128 129 125
split_gain=95.9561 71.5568 52.5816 57.7067 51.9209 22.6489 17.9021 15.6443 12.2133 11.8742 9.89118 8.70842 10.0736 7.83709 17.0131 6.5968 10.2865 7.73158 6.08991 5.19249 8.24145 6.93982 13.4585 12.4775 8.37544 7.68316 11.3543 4.33679 5.29004 7.87018
threshold=509.00000000000006 1.0000000180025095e-35 1.0000000180025095e-35 1.5000000000000002 22.500000000000004 40.500000000000007 -189.99999999999997 404.50000000000006 16.500000000000004 1.0000000180025095e-35 -2.4999999999999996 -22.499999999999996 -20.499999999999996 -103.49999999999999 30.646732169138733 0.80625000000000013 1.0000000180025095e-35 -6.4999999999999991 33.500000000000007 -11.499999999999998 4.5000000000000009 3.5000000000000004 9.5000000000000018 2.5000000000000004 1.0000000180025095e-35 169.50000000000003 169.00000000000003 160.50000000000003 36.500000000000007 0.076967189314750314
decision_type=2 2 2 2 2 2 2 2 2 2 2 2 2 2 2 2 2 2 2 2 2 2 2 2 2 2 2 2 2 2
left_child=1 2 3 10 -4 8 -5 11 -6 -7 -1 12 -3 14 -2 19 -17 -18 -19 20 -13 24 23 -23 -21 27 -27 28 29 -24
right_child=13 7 4 6 5 9 -8 -9 -10 -11 -12 15 -14 -15 -16 16 17 18 -20 21 -22 22 25 -25 -26 26 -28 -29 -30 -31
leaf_value=-0.01504270996825678 7.2666368798842278 0.25481812932890591 -0.066406068796986725 1.9182066705976839 -0.03229291405948545 -0.06787536020151326 -0.007346343341298649 3.9142315580781335 0.13260617951146961 -0.071533361198411416 -0.066850470466034428 0.14654785361010722 -0.062862987788573438 6.1369624275363588 -0.66337186600264086 -0.090544009788553884 0.12182572066806371 -0.061185563362959439 0.2094362281763798 0.003192830515819498 -0.29763554971961437 0.0061775248025077627 -0.0020755830050588741 0.0013063181444650418 -0.052357397876052453 0.5255987857158263 0.19541755165887154 0.061071084024575839 -0.01555334646021265 0.22227467451911756
leaf_weight=25 29 27 239 21 74 88 572 20 102 84 173 27 75 69 20 45 21 64 28 167 41 61 85 39 30 25 48 27 153 22
leaf_count=25 29 27 239 21 74 88 572 20 102 84 173 27 75 69 20 45 21 64 28 167 41 61 85 39 30 25 48 27 153 22
internal_value=-0.00443895 -0.00576382 -0.0101909 -0.0050804 -0.0169662 -0.00933144 -0.000341137 0.000320792 -0.00162431 -0.0169153 -0.0188867 -0.000266667 -0.00835514 0.0214146 0.0104444 0.000702703 -0.00474847 0.00020339 -0.00364948 0.00192329 -0.00567123 0.00275529 0.00476129 0.0142286 -0.00190099 0.00195616 0.0103077 -0.000287671 -0.00156226 0.00342857
internal_weight=2501 2383 1378 791 587 348 593 1005 176 172 198 985 102 118 49 883 158 113 92 725 68 657 460 100 197 360 73 287 260 107
internal_count=2501 2383 1378 791 587 348 593 1005 176 172 198 985 102 118 49 883 158 113 92 725 68 657 460 100 197 360 73 287 260 107
is_linear=0
shrinkage=0.03


Tree=83
num_leaves=31
num_cat=0
split_feature=126 115 134 126 139 139 123 115 126 134 123 122 131 122 121 132 129 124 129 121 133 120 120 132 127 115 123 133 116 123
split_gain=95.6031 70.3811 52.3598 58.3403 52.9435 23.6873 17.7551 15.6443 11.0508 10.054 9.89118 7.83709 17.0131 7.5426 12.663 7.79538 10.4191 11.0101 11.6568 8.99427 10.086 8.46898 7.87812 9.38427 7.37139 6.62945 8.84976 6.26065 5.97615 6.69624
threshold=509.00000000000006 1.0000000180025095e-35 1.0000000180025095e-35 1.5000000000000002 22.500000000000004 28.500000000000004 -189.99999999999997 404.50000000000006 16.500000000000004 0.6078576107927941 -2.4999999999999996 -103.49999999999999 30.646732169138733 -22.499999999999996 53.500000000000007 4.5000000000000009 9.5000000000000018 -3.4999999999999996 40.500000000000007 12.500000000000002 14.389618686009014 28.500000000000004 135.00000000000003 28.071428571428573 11.500000000000002 15.500000000000002 -8.4999999999999982 4.5580072416052069 145.50000000000003 1.5000000000000002
decision_type=2 2 2 2 2 2 2 2 2 2 2 2 2 2 2 2 2 2 2 2 2 2 2 2 2 2 2 2 2 2
left_child=1 2 3 10 -4 8 -5 13 -6 -7 -1 12 -2 14 -3 21 19 18 -18 24 -21 -15 23 27 -17 -25 -27 -19 29 -20
right_child=11 7 4 6 5 9 -8 -9 -10 -11 -12 -13 -14 15 -16 16 17 22 28 20 -22 -23 -24 25 -26 26 -28 -29 -30 -31
leaf_value=-0.014591428669209101 7.0486377734877017 -0.08031511859477404 -0.06441388673307713 1.8606604704797529 -0.031324126637700879 -0.067674201288164426 -0.0071259530410596912 3.7968046113357894 0.12862799412612552 -0.066289144968896735 -0.064844956352053382 5.952853554710269 -0.64347071002256162 -0.038604199680679283 0.0040043597194247124 0.0043484230902921884 -0.12208645736489859 -0.0023630149762031037 -0.068598900268351803 -0.031477679829894994 0.27791595899462068 1.0128910101297182 0.40206347935849007 -0.17466711515945851 0.014035561732165814 0.24651310311349922 -0.0071463568963553749 0.015399533463895434 -0.36043298032244109 0.17636155621063196
leaf_weight=25 29 59 239 21 74 97 572 20 102 75 173 69 20 121 43 60 40 27 24 36 30 21 50 20 33 56 224 64 32 45
leaf_count=25 29 59 239 21 74 97 572 20 102 75 173 69 20 121 43 60 40 27 24 36 30 21 50 20 33 56 224 64 32 45
internal_value=-0.00439106 -0.00571357 -0.0101041 -0.00500503 -0.0168649 -0.00916147 -0.000240803 0.000320792 -0.00129282 -0.0169153 -0.0188867 0.0214146 0.0104444 -0.000266667 -0.00779439 0.000635135 0.00188204 0 -0.00715068 0.00856098 0 -0.00567347 0.00234081 0.000818182 0.0143265 -0.00175082 -0.0004 0.009 -0.00135849 0.00356757
internal_weight=2501 2383 1378 791 587 348 593 1005 176 172 198 118 49 985 102 883 741 582 141 159 66 142 441 391 93 300 280 91 101 69
internal_count=2501 2383 1378 791 587 348 593 1005 176 172 198 118 49 985 102 883 741 582 141 159 66 142 441 391 93 300 280 91 101 69
is_linear=0
shrinkage=0.03


Tree=84
num_leaves=31
num_cat=0
split_feature=126 115 134 126 139 138 115 123 134 123 126 125 125 121 121 139 132 123 127 127 120 123 123 123 133 126 132 127 117 121
split_gain=94.0225 77.8075 49.2443 57.0765 55.016 25.8287 14.9386 11.8795 10.054 9.89118 9.22431 8.64174 9.63296 5.95028 11.6038 8.03311 6.30862 9.19725 6.73167 10.8786 8.80869 6.1125 5.96319 6.94319 5.45303 6.39501 5.18099 6.85579 8.13297 4.82233
threshold=509.00000000000006 1.0000000180025095e-35 1.0000000180025095e-35 1.5000000000000002 22.500000000000004 40.500000000000007 404.50000000000006 -189.99999999999997 0.6078576107927941 -2.4999999999999996 35.500000000000007 0.40535714285714292 12.750000000000002 18.500000000000004 52.500000000000007 18.500000000000004 4.6428571428571432 1.0000000180025095e-35 10.500000000000002 1.0000000180025095e-35 7.5000000000000009 -1.4999999999999998 -17.499999999999996 14.500000000000002 17.506844382546372 7.5000000000000009 87.857142857142875 107.50000000000001 34.500000000000007 633.50000000000011
decision_type=2 2 2 2 2 2 2 2 2 2 2 2 2 2 2 2 2 2 2 2 2 2 2 2 2 2 2 2 2 2
left_child=1 2 3 9 -4 10 11 -5 -7 -1 24 13 -13 16 15 -15 17 -3 19 -18 -20 -22 -16 26 25 -6 -24 -28 -29 -2
right_child=29 6 4 7 5 8 -8 -9 -10 -11 -12 12 -14 14 22 -17 18 -19 20 -21 21 -23 23 -25 -26 -27 27 28 -30 -31
leaf_value=-0.014153685809132809 5.1590878975117489 -0.068843886059381729 -0.062481470131084807 1.8048406563653603 -0.019995525152963978 -0.065643975249519482 3.6829004729957151 -0.0069121744498278478 -0.064300470619829825 -0.062899607661491788 0.21160321211406938 -0.056266926620620043 0.032655407649155706 0.059142358856268298 0.43351060542831804 -0.026383943379361261 0.0011366759074223332 0.081543178542710718 -0.026662390239799015 0.0026350595964280553 0.13274741330382478 0.0035830314530792859 0.0086976955850829544 0.34139687281379022 -0.12175861040606373 0.055532265281732142 -0.3333172368139341 0.38823903865370568 -0.23879823055522648 7.6438737217292543
leaf_weight=25 96 46 239 21 50 97 20 572 75 173 79 147 74 64 42 156 53 20 35 51 42 87 54 40 20 27 21 23 30 22
leaf_count=25 96 46 239 21 50 97 20 572 75 173 79 147 74 64 42 156 53 20 35 51 42 87 54 40 20 27 21 23 30 22
internal_value=-0.00417558 -0.00548744 -0.0101041 -0.00515578 -0.0166622 -0.00882153 0.000855446 -0.000441472 -0.0169153 -0.0188867 -0.000629834 0.000266667 -0.00488496 0.00178674 -0.000537931 -0.00530667 0.00476106 -0.00329577 0.00679121 0.0126055 0.00280473 0.00644776 0.00443721 0.00169942 -0.00670588 -0.0024878 -0.0017594 -0.00675949 -0.000413793 0.0214146
internal_weight=2501 2383 1378 791 587 348 1005 593 172 198 176 985 221 764 430 220 334 66 268 104 164 129 210 168 97 77 128 74 53 118
internal_count=2501 2383 1378 791 587 348 1005 593 172 198 176 985 221 764 430 220 334 66 268 104 164 129 210 168 97 77 128 74 53 118
is_linear=0
shrinkage=0.03


Tree=85
num_leaves=31
num_cat=0
split_feature=126 115 134 139 126 138 115 123 129 129 126 134 123 122 131 123 122 121 119 131 132 115 119 131 121 133 132 115 132 133
split_gain=94.548 66.9125 48.6024 55.6441 51.7162 28.056 15.6443 11.8795 11.1617 11.6922 12.9873 10.054 8.92246 7.83709 17.0131 7.02681 6.99171 7.49738 5.89361 10.9881 11.3101 6.77272 11.9204 5.56094 8.422 6.21921 10.1943 14.0812 10.8388 8.99141
threshold=509.00000000000006 1.0000000180025095e-35 1.0000000180025095e-35 22.500000000000004 1.5000000000000002 40.500000000000007 404.50000000000006 -189.99999999999997 3.5000000000000004 10.500000000000002 41.500000000000007 0.6078576107927941 -2.4999999999999996 -103.49999999999999 30.646732169138733 -57.499999999999993 -22.499999999999996 53.500000000000007 129.50000000000003 80.333973028217727 198.35714285714289 167.50000000000003 158.00000000000003 2.107525783562807 1.0000000180025095e-35 4.6773424059957245 28.071428571428573 13.500000000000002 11.928571428571431 28.308421509012621
decision_type=2 2 2 2 2 2 2 2 2 2 2 2 2 2 2 2 2 2 2 2 2 2 2 2 2 2 2 2 2 2
left_child=1 2 4 -4 12 8 15 -6 -5 -10 -11 -7 -1 14 -2 -3 17 -17 23 20 21 22 -20 -18 -25 -26 27 -27 -29 -28
right_child=13 6 3 5 7 11 -8 -9 9 10 -12 -13 -14 -15 -16 16 18 -19 19 -21 -22 -23 -24 24 25 26 29 28 -30 -31
leaf_value=-0.013729075234858782 6.6824060033577171 0.64879326587291486 -0.060607026027152261 -0.03566383340910699 1.7506954366743992 -0.063674655992033896 3.5724134588058445 -0.0067048092163329897 0.09361261075594933 -0.077843965398052675 0.28434402949236309 -0.062371456501234927 -0.061012619431647035 5.6194953111436075 -0.78293032435022569 -0.077114146735550268 -0.017585733139170827 0.0004051324837322667 0.39716173285268652 -0.31589785149936461 -0.14696834612879173 0.52323608262201959 -0.19823548964684548 0.0041838701203607623 -0.031958144619995563 0.015302502678819456 -0.039329491256768559 -0.025541771953420618 0.039987048313947789 0.032835781863895762
leaf_weight=25 29 24 239 42 21 97 20 572 31 31 72 75 173 69 20 59 265 39 48 31 55 50 20 35 50 43 96 38 51 81
leaf_count=25 29 24 239 42 21 97 20 572 31 31 72 75 173 69 20 59 265 39 48 31 55 50 20 35 50 43 96 38 51 81
internal_value=-0.00424741 -0.00556281 -0.00984382 -0.0163581 -0.00492965 -0.00848159 0.000320792 -0.000441472 0 0.00427338 -0.000777778 -0.0169153 -0.018 0.0214146 0.0104444 -0.000266667 -0.000708075 -0.00809709 0.000165899 0.00456459 0.00755056 0.0126341 0.00567123 -0.00121084 0.00103759 -0.000395604 0.00122293 0.00740146 0.000255319 -0.00342857
internal_weight=2501 2383 1378 587 791 348 1005 593 176 134 103 172 198 118 49 985 961 98 863 204 173 118 68 659 394 359 309 132 89 177
internal_count=2501 2383 1378 587 791 348 1005 593 176 134 103 172 198 118 49 985 961 98 863 204 173 118 68 659 394 359 309 132 89 177
is_linear=0
shrinkage=0.03


Tree=86
num_leaves=31
num_cat=0
split_feature=126 115 125 138 138 139 116 126 115 116 139 126 122 131 131 124 138 127 125 125 116 139 126 133 126 132 121 122 121 122
split_gain=93.4985 71.7017 38.8925 37.5588 62.6124 35.5273 18.315 16.9813 15.1748 12.1069 9.33597 9.20231 7.83709 17.0131 7.58664 7.46109 9.44326 9.01862 7.20871 9.06132 6.86108 6.48058 6.11311 8.24798 7.33453 8.2978 5.42248 6.05445 6.51135 8.82191
threshold=509.00000000000006 1.0000000180025095e-35 -0.69306418219461685 38.500000000000007 39.500000000000007 25.500000000000004 1.0000000180025095e-35 7.5000000000000009 404.50000000000006 207.00000000000003 22.500000000000004 1.5000000000000002 -103.49999999999999 30.646732169138733 1.0000000180025095e-35 -2.4999999999999996 40.500000000000007 89.500000000000014 0.40535714285714292 12.750000000000002 1.0000000180025095e-35 15.500000000000002 177.00000000000003 16.742953546751238 30.500000000000004 104.50000000000001 1.0000000180025095e-35 75.500000000000014 19.500000000000004 -7.4999999999999991
decision_type=2 2 2 2 2 2 2 2 2 2 2 2 2 2 2 2 2 2 2 2 2 2 2 2 2 2 2 2 2 2
left_child=1 2 9 11 21 7 -7 20 18 10 -1 -4 13 -2 -8 -12 17 -17 26 -20 -6 -5 23 -9 -25 -26 -3 28 29 -28
right_child=12 8 3 4 5 6 14 22 -10 -11 15 -13 -14 -15 -16 16 -18 -19 19 -21 -22 -23 -24 24 25 -27 27 -29 -30 -31
leaf_value=-0.32508012180059931 6.4819338232569859 0.002503458877682063 -0.056673977214115386 -0.059642842068500068 -0.038840828310948684 -0.05918224084869763 0.0059204999956702009 0.090804232433270862 3.4652410550416692 1.6981745735741673 0.10632937587361574 0.0067516374601875378 5.4509104518092988 -0.75944241461971884 -0.065631905244243768 0.041730433094224535 -0.065262997038934858 -0.128803191269418 -0.054051346827826308 0.032203317413856174 0.0041190155555222499 -0.059492203816478045 1.1507521004338241 -0.037127149577456643 0.12511649073550465 -0.39229075936963992 0.039077293395457284 0.29197386776747558 -0.011038291340925781 0.00077382596882355156
leaf_weight=32 29 42 53 33 85 152 26 43 20 21 66 201 69 20 89 87 61 29 147 74 21 244 21 21 73 20 41 114 312 255
leaf_count=32 29 42 53 33 85 152 26 43 20 21 66 201 69 20 89 87 61 29 147 74 21 244 21 21 73 20 41 114 312 255
internal_value=-0.00410375 -0.00541206 -0.00984382 -0.0124692 -0.015551 -0.00953957 -0.0172941 -0.00205536 0.000677228 -0.000179402 -0.00201429 -0.00229344 0.0214146 0.0104444 -0.0077 9.67742e-05 -0.0030989 0.00193388 8.48485e-05 -0.00461947 -0.0112973 -0.0271064 0.00357377 0.00125926 -0.00297479 0.000857143 0.00147464 0.000817056 -0.000381729 0.00277076
internal_weight=2501 2383 1378 1082 828 551 267 284 1005 296 275 254 118 49 115 243 177 116 985 221 106 277 178 157 114 93 764 722 608 296
internal_count=2501 2383 1378 1082 828 551 267 284 1005 296 275 254 118 49 115 243 177 116 985 221 106 277 178 157 114 93 764 722 608 296
is_linear=0
shrinkage=0.03


Tree=87
num_leaves=31
num_cat=0
split_feature=126 115 134 126 139 139 115 126 116 123 123 125 125 131 115 121 115 131 121 121 116 125 121 130 124 129 124 132 132 123
split_gain=93.4985 68.9235 49.9213 50.5782 49.3625 21.3813 15.3323 12.3374 11.8742 11.7598 8.61062 6.84356 9.06132 6.01469 11.4301 5.59904 5.89231 8.41072 8.9131 9.84461 8.28335 6.86097 6.25574 8.61545 5.9146 8.95685 12.0901 11.8619 8.37549 5.14567
threshold=509.00000000000006 1.0000000180025095e-35 1.0000000180025095e-35 1.5000000000000002 21.500000000000004 28.500000000000004 404.50000000000006 28.500000000000004 1.0000000180025095e-35 -189.99999999999997 -2.4999999999999996 0.40535714285714292 12.750000000000002 30.646732169138733 478.50000000000006 1.0000000180025095e-35 95.500000000000014 80.333973028217727 19.500000000000004 40.500000000000007 93.500000000000014 -0.034372187218721865 81.500000000000014 51.166666666666679 -8.4999999999999982 4.5000000000000009 -2.4999999999999996 28.071428571428573 41.642857142857146 -2.4999999999999996
decision_type=2 2 2 2 2 2 2 2 2 2 2 2 2 2 2 2 2 2 2 2 2 2 2 2 2 2 2 2 2 2
left_child=1 2 3 10 -4 7 11 -6 -7 -5 -1 15 -13 -2 -15 -3 20 18 -18 -20 22 -19 23 24 -17 -26 -27 -28 -29 -25
right_child=13 6 4 9 5 8 -8 -9 -10 -11 -12 12 -14 14 -16 16 17 21 19 -21 -22 -23 -24 29 25 26 27 28 -30 -31
leaf_value=-0.014569115970639679 5.4283841020214876 0.0024283551113517899 -0.057004049131843357 1.6472293363669417 -0.029534447464853845 -0.058274800007308065 3.3612838233904196 0.16642286193470013 -0.061508618229240232 -0.0064308529773878399 -0.057406773623236693 -0.052429806422991519 0.031237217891440492 -0.28539420959653966 3.9235606255296154 0.051250482569283377 0.49020086862551465 0.33331936508664822 -0.059327655849117131 0.250804896611036 -0.21192908529471452 -0.37250696744714845 0.21180936070679238 -0.0028815008986148882 -0.028831203237243981 -0.016014766255307667 0.009179932608594692 -0.080202971257330585 0.033056150483013767 -0.032661754081765436
leaf_weight=25 70 42 221 21 108 88 20 86 84 572 173 147 74 25 23 36 43 20 48 137 22 22 20 38 99 27 93 37 38 42
leaf_count=25 70 42 221 21 108 88 20 86 84 572 173 147 74 25 23 36 43 20 48 137 22 22 20 38 99 27 93 37 38 42
internal_value=-0.00410375 -0.00541206 -0.00975705 -0.00477889 -0.0163581 -0.00936388 0.000558416 -0.00238191 -0.0169153 -0.000341137 -0.0177044 -2.42424e-05 -0.00461947 0.0214146 0.0112075 0.0013186 0.000651994 0.00412364 0.00641202 0.00328421 -0.00143107 -0.00753191 -0.0004 -0.00128675 0.000877612 -0.00058194 0.00312 0.00620809 -0.00255 -0.00981176
internal_weight=2501 2383 1378 791 587 366 1005 194 172 593 198 985 221 118 48 764 722 270 228 185 452 42 430 410 330 294 195 168 75 80
internal_count=2501 2383 1378 791 587 366 1005 194 172 593 198 985 221 118 48 764 722 270 228 185 452 42 430 410 330 294 195 168 75 80
is_linear=0
shrinkage=0.03


Tree=88
num_leaves=31
num_cat=0
split_feature=126 115 123 138 138 139 116 133 115 139 123 126 126 132 126 131 125 125 132 131 115 139 129 132 124 121 126 133 124 124
split_gain=92.6283 67.4106 40.0721 35.9331 61.1427 37.5496 18.315 16.5805 15.2539 12.3516 12.6573 9.20231 8.14645 10.6248 11.613 7.58664 7.4521 8.5493 7.10723 6.01469 11.4301 6.01205 6.008 12.3922 5.44257 5.39164 5.25775 8.73552 4.57065 8.81487
threshold=509.00000000000006 1.0000000180025095e-35 -2.4999999999999996 38.500000000000007 39.500000000000007 25.500000000000004 1.0000000180025095e-35 1.3923799061403839 404.50000000000006 22.500000000000004 -189.99999999999997 1.5000000000000002 177.00000000000003 3.6428571428571437 7.5000000000000009 1.0000000180025095e-35 0.26846846846846856 12.750000000000002 104.50000000000001 30.646732169138733 478.50000000000006 15.500000000000002 8.5000000000000018 5.0714285714285721 26.500000000000004 1.0000000180025095e-35 93.500000000000014 22.611170738851932 9.5000000000000018 3.5000000000000004
decision_type=2 2 2 2 2 2 2 2 2 2 2 2 2 2 2 2 2 2 2 2 2 2 2 2 2 2 2 2 2 2
left_child=1 2 9 11 21 7 -7 -6 16 -1 -11 -4 13 -9 -15 -8 25 22 26 -2 -21 -5 23 -18 28 -3 27 -16 29 -12
right_child=19 8 3 4 5 6 15 12 -10 10 24 -13 -14 14 18 -17 17 -19 -20 20 -22 -23 -24 -25 -26 -27 -28 -29 -30 -31
leaf_value=-0.3142541206700441 5.2655325789608431 0.0023555044580110705 -0.053251554688994819 -0.056143435332489763 -0.0367895700376746 -0.055684570414539593 0.0059358105851217364 0.083172266120189214 3.2604453086887077 1.7261109841600994 0.018748715015359432 0.0067420139257034608 1.1164224630101307 -0.058026793152226169 0.058245135983862516 -0.061817689540039245 -0.040342765973921606 0.030300101354697268 -0.3855147224465918 -0.27683238330864413 3.8058538067637269 -0.055985234493286608 -0.10726119427966481 0.018998203350398226 -0.099281788681684302 0.0005566783763336858 0.61254377532043236 -0.080343255574267899 0.31523133771404571 -0.058168133389178249
leaf_weight=32 70 42 53 33 34 152 26 34 20 25 146 201 21 42 60 89 54 74 20 25 23 244 85 26 31 704 27 46 25 37
leaf_count=32 70 42 53 33 34 152 26 34 20 25 146 201 21 42 60 89 54 74 20 25 23 244 85 26 31 704 27 46 25 37
internal_value=-0.00398404 -0.00528643 -0.00958351 -0.0122484 -0.0152629 -0.00932374 -0.0172941 -0.00164014 0.000617822 0.000179402 0.00243123 -0.00229344 0.00115294 -0.000615385 -0.00342 -0.0077 2.42424e-05 -0.00452459 0.000531646 0.0214146 0.0112075 -0.0266809 -0.00825882 -0.00204706 9.83607e-05 0.00150999 0.00321739 0 0.00194366 0.00012766
internal_weight=2501 2383 1378 1082 828 551 267 284 1005 296 264 254 250 229 195 115 985 239 153 118 48 277 165 80 239 746 133 106 208 183
internal_count=2501 2383 1378 1082 828 551 267 284 1005 296 264 254 250 229 195 115 985 239 153 118 48 277 165 80 239 746 133 106 208 183
is_linear=0
shrinkage=0.03


Tree=89
num_leaves=31
num_cat=0
split_feature=126 115 134 137 126 138 115 123 133 134 123 122 132 132 130 122 121 132 129 121 118 129 117 132 129 125 123 115 116 139
split_gain=92.2813 70.377 48.8308 51.2437 51.1716 23.2804 15.0172 11.6405 11.2252 10.054 8.61062 7.83709 13.9207 6.35608 14.4384 6.31541 10.492 6.81057 9.93935 7.88453 9.37088 7.65682 7.58851 7.2395 7.18216 6.22249 6.04063 7.41422 6.74982 5.16634
threshold=509.00000000000006 1.0000000180025095e-35 1.0000000180025095e-35 9.5000000000000018 1.5000000000000002 40.500000000000007 404.50000000000006 -189.99999999999997 1.059413142992673 0.6078576107927941 -2.4999999999999996 -103.49999999999999 577.28571428571433 3.785714285714286 9.8333333333333339 -22.499999999999996 53.500000000000007 4.5000000000000009 8.5000000000000018 3.5000000000000004 13.833333333333334 115.50000000000001 29.500000000000004 105.50000000000001 85.500000000000014 0.26846846846846856 -12.499999999999998 49.500000000000007 59.500000000000007 18.500000000000004
decision_type=2 2 2 2 2 2 2 2 2 2 2 2 2 2 2 2 2 2 2 2 2 2 2 2 2 2 2 2 2 2
left_child=1 2 4 -4 10 8 15 -6 -5 -7 -1 12 -2 -10 -15 16 -3 22 19 -19 -21 24 -17 -23 25 26 -20 -28 -29 -25
right_child=11 6 3 5 7 9 -8 -9 13 -11 -12 -13 -14 14 -16 17 -18 18 21 20 -22 23 -24 29 -26 -27 27 28 -30 -31
leaf_value=-0.016064878804185691 5.84401529011192 -0.076316915004627575 -0.053614370623089463 -0.045912127035386094 1.5460291267511315 -0.056095669921867188 3.1626319494280466 -0.0063987658207683819 0.10507489034759089 -0.05530606446808152 -0.054014033302103408 4.9665656378255498 -0.64737057217721516 -0.07171658436827022 0.079489083015080689 -0.034412657256997804 0.0038263233605937328 0.0037298713187842391 -0.03557879589268241 -0.0093385465367188652 0.10459207283053305 0.79974005917416191 0.73577234524936297 0.26081441560948715 -0.034388824952162333 -0.040555200936330353 0.012187720673142586 -0.013949784892270925 0.19031226154786879 -0.037445778909292356
leaf_weight=25 27 59 221 22 21 97 20 572 26 75 173 69 22 27 119 119 43 36 40 51 66 25 23 63 53 90 126 47 33 111
leaf_count=25 27 59 221 22 21 97 20 572 26 75 173 69 22 27 119 119 43 36 40 51 66 25 23 63 53 90 126 47 33 111
internal_value=-0.00393615 -0.00523618 -0.0096269 -0.0161554 -0.00470352 -0.00904043 0.00079604 -0.000240803 -0.00177889 -0.0169153 -0.0177044 0.0214146 0.0104444 0.000983051 -0.00154967 0.000206061 -0.0066729 0.00104054 0.00220375 0.00888608 0.00462295 0.000394604 -0.00485714 0.00511765 -0.00204061 -0.000334311 0.00212749 0.00423697 -0.00275294 0.00264804
internal_weight=2501 2383 1378 587 791 366 1005 593 194 172 198 118 49 172 146 985 102 883 741 153 117 588 142 199 389 336 246 206 80 174
internal_count=2501 2383 1378 587 791 366 1005 593 194 172 198 118 49 172 146 985 102 883 741 153 117 588 142 199 389 336 246 206 80 174
is_linear=0
shrinkage=0.03


Tree=90
num_leaves=31
num_cat=0
split_feature=126 115 134 126 137 115 133 123 123 122 124 122 115 125 135 129 128 134 129 125 121 132 128 131 121 120 130 125 124 122
split_gain=92.5379 68.0304 52.6951 52.3683 49.4935 16.9947 15.883 11.4034 8.61062 7.93858 7.7183 8.44193 7.72941 9.91762 6.87339 6.16866 8.45572 16.3533 6.14818 5.27691 4.88006 4.66853 4.65054 8.98895 4.98089 4.59182 5.78172 4.51612 7.41968 10.5309
threshold=530.50000000000011 1.0000000180025095e-35 1.0000000180025095e-35 1.5000000000000002 9.5000000000000018 404.50000000000006 70.876771773885778 -189.99999999999997 -2.4999999999999996 -552.99999999999989 -1.0000000180025095e-35 -1.4999999999999998 17.500000000000004 -0.20820433436532504 1.0000000180025095e-35 3.5000000000000004 1.0000000180025095e-35 0.6078576107927941 11.500000000000002 -0.031008422752971037 4.5000000000000009 1.9285714285714288 90.500000000000014 6.5743120962686392 23.500000000000004 5.5000000000000009 18.166666666666668 0.039004394861392837 1.0000000180025095e-35 23.500000000000004
decision_type=2 2 2 2 2 2 2 2 2 2 2 2 2 2 2 2 2 2 2 2 2 2 2 2 2 2 2 2 2 2
left_child=1 2 3 8 -4 10 15 -5 -1 -2 12 -12 18 -14 22 -6 -17 -18 20 -15 -3 -9 25 -24 -25 26 -13 28 -16 -30
right_child=9 5 4 7 6 -7 -8 21 -10 -11 11 14 13 19 27 16 17 -19 -20 -21 -22 -23 23 24 -26 -27 -28 -29 29 -31
leaf_value=-0.015582932440060126 6.814136475787322 -0.05074020659786662 -0.052005939504396782 1.4996482529485973 -0.051332711144674331 2.9542379847301685 0.99348627803339462 -0.019950252297443891 -0.052393612303040307 4.8104078876729544 -0.011740766108599239 0.0014159879993638125 0.16410893106511024 -0.082196347447006976 0.0085222026588525866 0.033940986508742658 -0.038174013080663829 -0.061018951818941645 -0.104984628474779 -0.0062639787353202785 0.020230680644229827 -0.0017025962206272149 -0.063547832319198388 0.16396497997972204 -0.0015463755729211925 0.063550546625693372 -0.011145357473776504 -0.018987827072549521 -0.085932894843451166 0.18460289370143257
leaf_weight=25 27 21 223 21 107 25 32 22 173 82 116 39 35 47 34 54 132 42 25 170 33 550 20 21 29 81 34 141 59 81
leaf_count=25 27 21 223 21 107 25 32 22 173 82 116 39 35 47 34 54 132 42 25 170 33 550 20 21 29 81 34 141 59 81
internal_value=-0.00410375 -0.00535419 -0.009671 -0.00455276 -0.0164269 0.000555118 -0.00941935 -4.01338e-05 -0.0177044 0.0223158 -0.000115035 0.00176364 -0.00382143 -0.00114397 0.00335294 -0.0113647 -0.00821459 -0.0113631 -0.0117143 -0.00362162 -0.00498305 -0.000925477 0.00731004 0.00072 0.00752727 0.0101509 0.00415385 0.00045 0.00365363 0.000372414
internal_weight=2501 2392 1381 791 590 1011 367 593 198 109 986 655 331 252 539 335 228 174 79 217 54 572 224 70 50 154 73 315 174 140
internal_count=2501 2392 1381 791 590 1011 367 593 198 109 986 655 331 252 539 335 228 174 79 217 54 572 224 70 50 154 73 315 174 140
is_linear=0
shrinkage=0.03


Tree=91
num_leaves=31
num_cat=0
split_feature=126 115 134 137 126 138 115 116 126 123 123 124 139 121 116 132 130 123 115 128 129 133 126 123 129 115 135 125 130 118
split_gain=94.0443 57.3026 53.1601 50.4319 48.9199 20.6665 15.0703 12.7175 12.3374 11.4034 8.44689 6.5024 8.40233 8.12352 9.22198 6.36691 12.2333 7.3626 5.84803 8.26169 7.65192 7.51804 7.43273 6.92424 6.49353 6.90062 7.9044 6.13396 6.01775 9.21549
threshold=530.50000000000011 1.0000000180025095e-35 1.0000000180025095e-35 9.5000000000000018 1.5000000000000002 40.500000000000007 404.50000000000006 1.0000000180025095e-35 28.500000000000004 -189.99999999999997 -1.0000000180025095e-35 -1.0000000180025095e-35 16.500000000000004 53.500000000000007 94.500000000000014 4.5000000000000009 5.5000000000000009 1.0000000180025095e-35 186.50000000000003 179.50000000000003 36.500000000000007 4.6773424059957245 300.00000000000006 -12.499999999999998 121.50000000000001 44.500000000000007 -0.22252093395631442 -0.024195121951219509 18.166666666666668 15.16666666666667
decision_type=2 2 2 2 2 2 2 2 2 2 2 2 2 2 2 2 2 2 2 2 2 2 2 2 2 2 2 2 2 2
left_child=1 2 4 -4 10 8 11 -7 -5 -6 -1 12 -3 -14 -15 17 -17 -13 20 -20 21 -18 -21 -23 25 26 -22 -26 -25 -30
right_child=-2 6 3 5 9 7 -8 -9 -10 -11 -12 15 13 14 -16 16 18 -19 19 22 24 23 -24 28 27 -27 -28 -29 29 -31
leaf_value=-0.032721419956319081 4.7632564320605937 0.20714339477751181 -0.050445761319264877 -0.024427280183362401 1.4546588053601397 -0.052120384340877922 2.8656108451882631 -0.053267579431791258 0.1548363056635717 -0.0058820101183743902 -0.050821803933949097 -0.080263508554873977 -0.024598008430465119 0.22090736415476556 -0.1051328003266974 0.0021029851439923774 -0.0031107964028231727 0.0088287434510364408 0.48349298595945267 -0.33506351090523989 0.029892730604314365 -0.044995634007143043 0.57252262420718802 0.040482391869683984 0.31534737343952401 -0.031274999813639535 -0.041977567598067367 -0.041101241099524087 -0.010810996749563201 0.24625752060873529
leaf_weight=37 109 36 223 108 21 88 25 85 86 572 161 46 213 46 36 43 52 61 25 22 29 20 25 39 29 105 40 46 21 52
leaf_count=37 109 36 223 108 21 88 25 85 86 572 161 46 213 46 36 43 52 61 25 22 29 20 25 39 29 105 40 46 21 52
internal_value=-0.00431923 -0.00557947 -0.00954113 -0.0163261 -0.00440201 -0.00925806 -0.000141732 -0.0166517 -0.00238191 -4.01338e-05 -0.0171133 -0.000781029 -0.00417857 -0.00588 0.002 0.000945455 0.00226763 -0.00557143 0.000870588 0.00849351 -0.000465753 0.00409524 0.000461538 0.00783942 -0.00387402 -0.00700559 0.000324324 0.0033 0.0107179 0.00492308
internal_weight=2501 2392 1381 590 791 367 1011 173 194 593 198 986 331 295 82 655 548 107 505 72 433 184 47 132 249 174 69 75 112 73
internal_count=2501 2392 1381 590 791 367 1011 173 194 593 198 986 331 295 82 655 548 107 505 72 433 184 47 132 249 174 69 75 112 73
is_linear=0
shrinkage=0.03


Tree=92
num_leaves=31
num_cat=0
split_feature=126 115 134 137 126 138 115 116 133 116 123 122 124 139 115 132 130 123 126 116 128 124 132 126 122 120 115 126 135 132
split_gain=92.3712 60.8381 48.9428 54.2659 46.1033 24.4833 14.4856 12.7175 11.9717 8.19056 8.06318 7.93858 6.74873 7.95433 7.81058 7.27768 12.76 7.3626 6.0966 7.03205 9.12162 7.14114 5.69626 10.8654 5.5139 5.2007 5.80864 10.0886 4.72803 4.62871
threshold=530.50000000000011 1.0000000180025095e-35 1.0000000180025095e-35 9.5000000000000018 1.5000000000000002 40.500000000000007 404.50000000000006 1.0000000180025095e-35 1.059413142992673 221.50000000000003 -1.0000000180025095e-35 -552.99999999999989 -1.0000000180025095e-35 16.500000000000004 52.500000000000007 4.5000000000000009 6.166666666666667 1.0000000180025095e-35 265.50000000000006 35.500000000000007 73.500000000000014 -11.499999999999998 3.785714285714286 16.500000000000004 -13.499999999999998 7.5000000000000009 26.500000000000004 42.500000000000007 -0.22252093395631442 1.9285714285714288
decision_type=2 2 2 2 2 2 2 2 2 2 2 2 2 2 2 2 2 2 2 2 2 2 2 2 2 2 2 2 2 2
left_child=1 2 4 -4 10 8 12 -7 -5 29 -1 -2 13 -3 -15 17 -17 -14 19 -16 -21 -22 -10 -24 -18 -26 -27 -28 -19 -6
right_child=11 6 3 5 9 7 -8 -9 22 -11 -12 -13 15 14 18 16 24 28 -20 20 21 -23 23 -25 25 26 27 -29 -30 -31
leaf_value=-0.031739777357629506 6.4668146885518842 0.20092909293418629 -0.048932388479686929 -0.042261963484483411 -0.019175284424969342 -0.050556772810651594 2.7796425198326151 -0.051669552048837525 0.10291633791220299 1.3992136765270788 -0.04929714981593062 4.5231979580809485 -0.077855603298227757 -0.022989997732397852 0.33740189564032447 0.0020398955896726179 -0.039254808038881754 0.10092625148697934 -0.1132710980285455 0.21082963245757924 -0.24363793613880516 0.00015275113856993983 -0.064920364622148619 0.084870401409139332 -0.0015801989091513489 0.096278488352798453 -0.023212268904742182 0.048353512264872903 -0.022346735670866709 -0.001725419402744137
leaf_weight=37 27 36 223 22 22 88 25 85 26 20 161 82 46 146 25 45 48 20 20 27 33 44 40 106 243 24 67 121 41 551
leaf_count=37 27 36 223 22 22 88 25 85 26 20 161 82 46 146 25 45 48 20 20 27 33 44 40 106 243 24 67 121 41 551
internal_value=-0.00407981 -0.00532916 -0.00941126 -0.0159227 -0.00447739 -0.0086129 0.000259843 -0.0166517 -0.00117588 -0.000240803 -0.0168177 0.0223158 -0.000357215 -0.00382143 -0.00548 0.0014 0.00281013 -0.00557143 -0.000545455 0.00197015 -0.00159633 -0.00687805 0.00166102 -0.000754967 0.00134646 0.0024 0.0057788 0.00369948 0.00127273 -0.000975779
internal_weight=2501 2392 1381 590 791 367 1011 173 194 593 198 109 986 331 295 655 548 107 149 129 104 77 172 146 503 455 212 188 61 573
internal_count=2501 2392 1381 590 791 367 1011 173 194 593 198 109 986 331 295 655 548 107 149 129 104 77 172 146 503 455 212 188 61 573
is_linear=0
shrinkage=0.03


Tree=93
num_leaves=31
num_cat=0
split_feature=126 115 134 137 126 139 115 116 126 116 123 122 115 121 122 122 122 134 121 116 116 134 125 125 133 132 125 135 129 139
split_gain=93.3733 58.9603 50.6946 52.3328 46.1033 22.5375 14.8163 12.7175 10.6408 8.19056 8.06318 7.93858 6.02181 10.3983 10.3273 10.6569 7.68076 10.7719 7.69975 5.75566 5.56426 5.16024 5.0581 4.8157 4.80049 4.62871 4.25474 7.84943 7.52096 3.97421
threshold=530.50000000000011 1.0000000180025095e-35 1.0000000180025095e-35 9.5000000000000018 1.5000000000000002 28.500000000000004 404.50000000000006 1.0000000180025095e-35 28.500000000000004 221.50000000000003 -1.0000000180025095e-35 -552.99999999999989 95.500000000000014 1.0000000180025095e-35 2.5000000000000004 -7.4999999999999991 12.500000000000002 -0.60785761079279388 97.500000000000014 97.500000000000014 160.00000000000003 0.6078576107927941 -0.0063914073348035607 0.76614583333333341 32.651530283237456 1.9285714285714288 0.070505385252692634 1.0000000180025095e-35 15.500000000000002 23.500000000000004
decision_type=2 2 2 2 2 2 2 2 2 2 2 2 2 2 2 2 2 2 2 2 2 2 2 2 2 2 2 2 2 2
left_child=1 2 4 -4 10 8 12 -7 -5 25 -1 -2 13 -3 15 22 -16 24 -19 21 -20 23 -14 26 -18 -6 27 29 -28 -15
right_child=11 6 3 5 9 7 -8 -9 -10 -11 -12 -13 14 19 16 -17 17 18 20 -21 -22 -23 -24 -25 -26 -27 28 -29 -30 -31
leaf_value=-0.030787584036900628 6.272810247895328 0.0033478858219995367 -0.047464416825296327 -0.022086726856262055 -0.018600025892220259 -0.04904006962633204 2.6962532442376363 -0.050119465487372401 0.14764510445139031 1.3572372662312659 -0.047818235321452698 4.3875020193385188 -0.15696236955347159 -0.028988704051807337 0.56463569429813121 -0.47502353197064734 0.01972984693174169 0.36253333143164124 0.30947535510308372 -0.27594541975820785 -0.54248791306037869 0.0011725038304101698 0.096350136780739878 -0.053294798993029517 -0.1398776673248423 -0.0016736568206617618 0.04249787091301737 0.0057239397454916128 -0.024265058106352287 -0.0015327929418767637
leaf_weight=37 27 35 223 108 22 88 25 85 86 20 161 82 39 78 28 27 21 40 80 21 22 226 36 87 31 551 35 65 36 79
leaf_count=37 27 35 223 108 22 88 25 85 86 20 161 82 39 78 28 27 21 40 80 21 22 226 36 87 31 551 35 65 36 79
internal_value=-0.00422346 -0.00547935 -0.00949784 -0.0161244 -0.00447739 -0.00893548 2.3622e-05 -0.0166517 -0.00177889 -0.000240803 -0.0168177 0.0223158 -0.000599395 -0.00223988 0.00271733 -0.00499065 0.00631718 0.00388945 0.00812245 -0.00317089 0.00330841 -0.00254337 0.00105 -0.00465974 -0.00726316 -0.000975779 -0.00269799 -0.00473128 0.00347368 -0.0082963
internal_weight=2501 2392 1381 590 791 367 1011 173 194 593 198 109 986 662 324 102 222 194 142 627 102 606 75 380 52 573 293 222 71 157
internal_count=2501 2392 1381 590 791 367 1011 173 194 593 198 109 986 662 324 102 222 194 142 627 102 606 75 380 52 573 293 222 71 157
is_linear=0
shrinkage=0.03


Tree=94
num_leaves=31
num_cat=0
split_feature=126 115 134 138 126 138 115 116 126 124 123 122 121 118 116 115 128 128 115 119 130 130 124 116 131 121 123 124 118 127
split_gain=92.5379 64.0014 50.0273 52.3328 45.5401 22.5375 14.7883 12.7175 10.6408 9.70073 8.06318 7.93858 7.64666 6.37958 5.88737 9.70688 5.35704 4.68097 5.76092 8.38111 9.11539 10.2229 8.09595 5.45264 5.16068 5.9217 4.29713 4.90738 4.75332 5.57056
threshold=530.50000000000011 1.0000000180025095e-35 1.0000000180025095e-35 39.500000000000007 1.5000000000000002 40.500000000000007 186.50000000000003 1.0000000180025095e-35 28.500000000000004 -5.4999999999999991 -1.0000000180025095e-35 -552.99999999999989 1.0000000180025095e-35 86.333333333333357 155.00000000000003 95.500000000000014 1.5000000000000002 71.500000000000014 24.500000000000004 15.500000000000002 1.5000000000000002 19.833333333333339 -1.0000000180025095e-35 5.5000000000000009 22.186061373890336 28.500000000000004 -10.499999999999998 1.5000000000000002 12.500000000000002 1.5000000000000002
decision_type=2 2 2 2 2 2 2 2 2 2 2 2 2 2 2 2 2 2 2 2 2 2 2 2 2 2 2 2 2 2
left_child=1 2 4 -4 10 8 12 -7 -5 -8 -1 -2 -3 16 15 17 -6 18 19 20 -14 22 -22 -21 -19 -26 27 -20 -28 -30
right_child=11 6 3 5 13 7 9 -9 -10 -11 -12 -13 14 -15 -16 -17 -18 24 26 23 21 -23 -24 -25 25 -27 28 -29 29 -31
leaf_value=-0.029863956515793606 6.0846259404584675 0.0013524683435929318 -0.046040484320537436 -0.021424125050574193 -0.054537020841225713 -0.047568867537542081 -0.28269457989278762 -0.048615881522751231 0.14321575131784853 0.54728499469913994 -0.046383688261809115 4.255876958758364 -0.02337801556740917 0.25840879033460706 -0.15225349846686753 0.16012391772136311 -0.0046631864134767274 -0.094410481541646829 0.3712778269070412 -0.0013985944600683098 -0.035479788121825666 -0.082106825783512791 0.0097853066818804849 -0.021601945547637332 0.24334282114061415 -0.060522651637408199 0.13959609498632478 -0.062600228711784958 -0.049807069239897146 0.003955532513777271
leaf_weight=37 27 43 223 108 29 88 34 85 86 114 161 82 59 72 41 153 492 44 31 38 24 20 60 101 20 22 20 20 39 128
leaf_count=37 27 43 223 108 29 88 34 85 86 114 161 82 59 72 41 153 492 44 31 38 24 20 60 101 20 22 20 20 39 128
internal_value=-0.00410375 -0.00535419 -0.00954113 -0.0161244 -0.00455276 -0.00893548 0.000377953 -0.0166517 -0.00177889 0.00898039 -0.0168177 0.0223158 -0.00113364 -0.000341137 -0.00181091 -0.00117857 -0.00152852 -0.00284311 -0.00175046 -0.00447557 0.000142857 0.00544954 0.0100449 -0.00975 -0.00916484 -0.00114894 0.0017037 0.009 -0.0004375 -0.00223256
internal_weight=2501 2392 1381 590 791 367 1011 173 194 148 198 109 863 593 820 779 521 626 540 302 163 104 84 139 86 42 238 51 187 167
internal_count=2501 2392 1381 590 791 367 1011 173 194 148 198 109 863 593 820 779 521 626 540 302 163 104 84 139 86 42 238 51 187 167
is_linear=0
shrinkage=0.03


Tree=95
num_leaves=31
num_cat=0
split_feature=126 115 134 138 126 138 115 116 133 117 122 139 126 139 117 122 126 120 124 125 126 125 116 121 128 133 119 126 126 133
split_gain=86.914 61.0678 40.9405 54.5029 34.8212 19.8634 14.223 12.126 11.3736 9.61379 8.5148 8.42045 8.18366 8.11591 6.9888 6.77899 6.47129 6.95869 8.43987 6.4332 7.98375 7.77636 6.22777 5.59117 5.58753 5.51644 5.4431 6.47166 4.93738 6.87742
threshold=530.50000000000011 2.5000000000000004 1.0000000180025095e-35 39.500000000000007 1.5000000000000002 40.500000000000007 404.50000000000006 1.0000000180025095e-35 1.059413142992673 1.0000000180025095e-35 -23.499999999999996 31.500000000000004 42.500000000000007 15.500000000000002 1.5000000000000002 -552.99999999999989 57.500000000000007 115.50000000000001 -5.4999999999999991 0.80625000000000013 1.0000000180025095e-35 0.090740740740740747 221.50000000000003 52.500000000000007 13.500000000000002 3.7552202348921333 50.500000000000007 34.500000000000007 119.50000000000001 16.292573748080859
decision_type=2 2 2 2 2 2 2 2 2 2 2 2 2 2 2 2 2 2 2 2 2 2 2 2 2 2 2 2 2 2
left_child=1 2 4 13 9 8 10 -7 -5 -1 23 22 19 -4 -11 -2 25 -18 -19 20 -12 26 -6 -3 -23 -14 27 -22 29 -10
right_child=15 6 3 5 11 7 -8 -9 28 14 12 -13 16 -15 -16 -17 17 18 -20 -21 21 24 -24 -25 -26 -27 -28 -29 -30 -31
leaf_value=-0.04499217761395484 5.9020871622447135 -0.060358008091416761 -0.045504031440346926 -0.049915023121585543 -0.0058762530438719552 -0.046128318370236732 2.6238464843072902 -0.046434614383550399 0.007813515841708361 0.0017118790838400199 0.030351535068482247 -0.0727468170310063 0.021522491810070148 -0.044519835264019141 -0.047388537677046177 4.1282006499956125 -0.011216680582063389 -0.26346227455417476 0.32851245682323932 -0.040168979991497787 -0.0037058225700366165 0.056188469452228579 1.3087678845342896 -0.00058608862529798246 -0.018359816821261317 0.11272533985573802 -0.10890918732342168 0.012815737368012562 0.87070589307244872 -0.11427555326364819
leaf_weight=136 27 52 23 25 576 99 25 88 79 26 165 25 20 209 57 82 228 23 61 102 80 22 20 40 20 37 26 24 34 70
leaf_count=136 27 52 23 25 576 99 25 88 79 26 165 25 20 209 57 82 228 23 61 102 80 22 20 40 20 37 26 24 34 70
internal_value=-0.00434318 -0.00555444 -0.00935054 -0.0151329 -0.00496331 -0.00816 0.000477419 -0.015125 -0.00166197 -0.0151071 -0.000192265 -0.00128435 0.000804428 -0.026557 -0.00640909 0.0212632 0.00407487 0.00225237 0.00937079 -0.00194595 7.01754e-05 -0.00437288 -0.000489185 -0.00859794 0.00625532 0.0129677 -0.00795556 -0.00434862 0.00108511 -0.00132468
internal_weight=2501 2392 1467 627 840 395 925 187 208 219 900 621 808 232 83 109 369 312 84 439 337 172 596 92 42 57 130 104 183 149
internal_count=2501 2392 1467 627 840 395 925 187 208 219 900 621 808 232 83 109 369 312 84 439 337 172 596 92 42 57 130 104 183 149
is_linear=0
shrinkage=0.03


Tree=96
num_leaves=31
num_cat=0
split_feature=126 115 134 138 126 138 115 134 126 123 121 115 127 119 119 115 126 123 119 138 133 131 139 126 124 120 124 115 127 121
split_gain=87.7233 55.6674 47.8432 53.2953 44.4237 23.5011 15.327 10.7563 9.83844 8.06318 5.67564 7.65293 7.09348 10.5186 7.69233 6.55749 5.2307 5.11474 4.96626 7.36178 5.9278 5.22566 4.95127 5.71761 8.70655 7.14193 5.02791 4.88798 4.82844 4.79281
threshold=530.50000000000011 1.0000000180025095e-35 1.0000000180025095e-35 39.500000000000007 1.5000000000000002 40.500000000000007 404.50000000000006 0.6078576107927941 28.500000000000004 -1.0000000180025095e-35 1.0000000180025095e-35 83.500000000000014 219.50000000000003 269.00000000000006 348.50000000000006 186.50000000000003 107.50000000000001 -189.99999999999997 158.00000000000003 39.500000000000007 53.618066498478491 22.186061373890336 21.500000000000004 5.5000000000000009 -7.4999999999999991 20.500000000000004 -1.0000000180025095e-35 33.500000000000007 63.500000000000007 633.50000000000011
decision_type=2 2 2 2 2 2 2 2 2 2 2 2 2 2 2 2 2 2 2 2 2 2 2 2 2 2 2 2 2 2
left_child=1 2 4 -4 9 8 10 -7 -5 -1 27 16 15 -14 -15 18 22 -6 20 -20 21 -13 -12 -24 -25 26 -26 -3 -17 -2
right_child=29 6 3 5 17 7 -8 -9 -10 -11 11 12 13 14 -16 28 -18 -19 19 -21 -22 -23 23 24 25 -27 -28 -29 -30 -31
leaf_value=-0.029019394192834995 4.0115154115135709 0.0020167965143354926 -0.043323674733000743 -0.01982392823348815 1.2813102126705167 -0.045764366645562181 2.5451310897780712 -0.044771435101487803 0.14234754537622252 -0.043650111709643009 -0.010061307034633628 0.10492668305601227 -0.25555840631754961 0.35174905673154511 -0.16987345655346531 0.093248235965339599 -0.2961514948169926 -0.0062539439864232804 -0.17086681329112649 0.18227790390421772 0.3422716824316297 -0.03657745949507394 0.0030430028381202498 0.023580433138087997 -0.10775121170888705 0.016728012377468991 -0.0024916831111062264 -0.00073543227960357169 0.42432459663810818 5.85989409249611
leaf_weight=37 87 22 223 108 21 98 25 75 86 161 331 85 37 31 20 25 35 572 24 35 28 34 60 27 33 34 75 23 27 22
leaf_count=37 87 22 223 108 21 98 25 75 86 161 331 85 37 31 20 25 35 572 24 35 28 34 60 27 33 34 75 23 27 22
internal_value=-0.00446289 -0.0056796 -0.00958442 -0.0160235 -0.00470352 -0.00877419 -0.000318898 -0.0166517 -0.00147739 -0.0168177 -0.000962664 -0.00148414 0.00203419 -0.00509677 0.00364286 0.00453992 -0.00354 -0.000541806 0.00196209 -0.0050625 0.00489474 0.00164516 -0.00275044 0.000615385 -0.0022069 -0.00526531 -0.00897345 0.00888 0.0135789 0.0212632
internal_weight=2501 2392 1381 590 791 367 1011 173 194 198 986 941 346 88 51 258 595 593 206 59 147 119 560 229 169 142 108 45 52 109
internal_count=2501 2392 1381 590 791 367 1011 173 194 198 986 941 346 88 51 258 595 593 206 59 147 119 560 229 169 142 108 45 52 109
is_linear=0
shrinkage=0.03


Tree=97
num_leaves=31
num_cat=0
split_feature=126 115 134 137 126 138 115 116 126 122 123 121 122 116 132 119 118 129 125 129 132 118 118 126 118 132 127 125 128 119
split_gain=86.7526 58.7618 48.4962 53.2953 44.9802 23.5011 14.9003 12.7175 9.83844 8.21032 8.06318 8.02489 6.77899 6.18861 5.522 7.6679 6.63607 5.01301 7.8416 6.78624 8.20167 4.94505 9.8486 4.8444 4.68799 4.54781 4.53065 5.78019 5.13812 7.63339
threshold=530.50000000000011 1.0000000180025095e-35 1.0000000180025095e-35 9.5000000000000018 1.5000000000000002 40.500000000000007 404.50000000000006 1.0000000180025095e-35 28.500000000000004 -23.499999999999996 -1.0000000180025095e-35 53.500000000000007 -552.99999999999989 221.50000000000003 4.5000000000000009 1.5000000000000002 32.166666666666679 1.5000000000000002 -0.010816326530612243 117.50000000000001 148.92857142857147 12.16666666666667 5.8333333333333348 158.50000000000003 120.16666666666667 1.9285714285714288 1.0000000180025095e-35 -0.046065428824049508 62.500000000000007 96.500000000000014
decision_type=2 2 2 2 2 2 2 2 2 2 2 2 2 2 2 2 2 2 2 2 2 2 2 2 2 2 2 2 2 2
left_child=1 2 4 -4 10 8 9 -7 -5 11 -1 -3 -2 25 16 -16 21 18 -17 26 -21 22 -11 -22 -13 -6 -19 -28 -29 -30
right_child=12 6 3 5 13 7 -8 -9 -10 14 -12 24 -14 -15 15 17 -18 19 -20 20 23 -23 -24 -25 -26 -27 27 28 29 -31
leaf_value=-0.028148812367049945 5.6046790850319654 -0.055145739754507872 -0.042023964491010715 -0.019229210386483508 -0.015787057635917253 -0.043414808907264076 2.468777157084729 -0.044391435646195312 0.13807711901493575 -0.043983267167447618 -0.042340608358353717 0.059933994850526771 3.8840091681503366 1.2310655416181453 0.001956292618905424 -0.00025390496505433901 0.80081967916611152 -0.035537094586144416 0.081193208601473998 0.18174389596718213 -0.30620384629661146 -0.072085631100976447 0.039725528882624442 0.12302522079313377 -0.10606414270322005 -0.0046205976706641038 0.014948040690507156 -0.00052576343188352574 -0.097725227242843854 0.0031085860006044184
leaf_weight=37 27 56 223 108 22 88 25 85 86 65 161 21 82 20 35 25 22 90 45 83 21 31 25 91 21 551 90 197 35 33
leaf_count=37 27 56 223 108 22 88 25 85 86 65 161 21 82 20 35 25 22 90 45 83 21 31 25 91 21 551 90 197 35 33
internal_value=-0.00431923 -0.00552941 -0.00954113 -0.0160235 -0.00462814 -0.00877419 -2.3622e-05 -0.0166517 -0.00147739 -0.000659939 -0.0168177 -0.00867961 0.0212632 -0.000441472 0.000262038 0.001312 -0.00502703 0.000579021 0.00792 -0.000269767 0.00432 -0.00780952 -0.00372632 -0.000974359 0.00114894 -0.00107958 -0.00232 -0.000733333 -0.00297778 -0.00978082
internal_weight=2501 2392 1381 590 791 367 1011 173 194 986 198 98 109 593 888 745 143 710 70 640 195 121 90 112 42 573 445 355 265 68
internal_count=2501 2392 1381 590 791 367 1011 173 194 986 198 98 109 593 888 745 143 710 70 640 195 121 90 112 42 573 445 355 265 68
is_linear=0
shrinkage=0.03


Tree=98
num_leaves=31
num_cat=0
split_feature=126 115 134 137 126 138 115 116 131 123 122 121 118 122 116 133 118 129 123 125 124 129 126 116 131 131 125 117 127 130
split_gain=82.4287 61.9315 47.6357 54.2659 44.9802 24.4833 14.4856 12.7175 9.67633 8.06318 6.53528 7.52481 8.17198 6.23186 6.18861 5.89655 6.89645 6.00208 8.10081 9.14989 7.91367 13.2521 7.56744 7.28928 4.91444 4.8889 5.19435 4.75086 4.72818 13.4075
threshold=530.50000000000011 1.0000000180025095e-35 1.0000000180025095e-35 9.5000000000000018 1.5000000000000002 40.500000000000007 404.50000000000006 1.0000000180025095e-35 1.0000000180025095e-35 -1.0000000180025095e-35 -23.499999999999996 52.500000000000007 115.16666666666667 -552.99999999999989 221.50000000000003 4.6773424059957245 52.166666666666679 36.500000000000007 -20.499999999999996 -0.011730306157550737 -3.4999999999999996 8.5000000000000018 91.500000000000014 98.500000000000014 60.935176513774032 8.6921852798186574 0.21857040229885061 1.5000000000000002 18.500000000000004 27.833333333333339
decision_type=2 2 2 2 2 2 2 2 2 2 2 2 2 2 2 2 2 2 2 2 2 2 2 2 2 2 2 2 2 2
left_child=1 2 4 -4 9 8 10 -7 -5 -1 11 -3 -13 -2 -6 16 27 20 -19 22 21 -17 -20 28 25 -21 -27 -12 -22 -30
right_child=13 6 3 5 14 7 -8 -9 -10 -11 15 12 -14 -15 -16 17 -18 18 19 24 23 -23 -24 -25 -26 26 -28 -29 29 -31
leaf_value=-0.027304347996038449 5.4365387124810054 -0.055186043164312082 -0.040763245556280393 -0.026793490071655376 -0.0059277077367110558 -0.042112364640046154 2.394713842372187 -0.043059692576809451 0.0097750581590488449 -0.041070390107603105 -0.0035396165203861328 0.061053114126777573 -0.10288221842212351 3.7674888931058259 1.1941335753696012 0.054331880616459355 0.11802925275605716 0.33750582840580534 -0.063419216983227 -0.013605544396183972 0.0074291315027463327 -0.095545065380883323 -0.02950938246665686 -0.08465776444910475 -0.34309059936458347 0.20590009066928763 -0.056880121960132576 -0.030108943666724668 -0.010523176587450642 0.22502550379689346
leaf_weight=37 27 55 223 38 573 88 25 85 156 161 140 20 23 82 20 25 59 37 49 65 91 29 47 20 26 84 28 111 24 53
leaf_count=37 27 55 223 38 573 88 25 85 156 161 140 20 23 82 20 25 59 37 49 65 91 29 47 20 26 84 28 111 24 53
internal_value=-0.00419952 -0.00537922 -0.00949784 -0.0159227 -0.00462814 -0.0086129 0.000259843 -0.0166517 -0.00117588 -0.0168177 -0.000357215 -0.00751456 0.00175 0.0207368 -0.000441472 0.000463606 -0.0028381 0.00225386 -0.000334311 -0.00205263 0.00580567 -0.0039661 -0.00944554 0.00867358 0.00155769 0.00342857 0.00712821 -0.00501562 0.0107168 0.00468293
internal_weight=2501 2392 1381 590 791 367 1011 173 194 198 986 98 43 109 593 888 310 578 336 299 242 54 96 188 203 177 112 251 168 77
internal_count=2501 2392 1381 590 791 367 1011 173 194 198 986 98 43 109 593 888 310 578 336 299 242 54 96 188 203 177 112 251 168 77
is_linear=0
shrinkage=0.03


Tree=99
num_leaves=31
num_cat=0
split_feature=126 115 139 139 139 126 118 132 115 116 132 126 122 118 131 126 115 130 133 122 130 132 118 119 130 130 131 133 117 118
split_gain=80.3748 58.9714 42.0807 95.7525 48.7748 22.5872 17.0335 16.7128 14.402 11.9516 10.2723 12.4465 7.69298 6.66609 8.49753 6.63708 6.6024 6.5168 5.96443 5.70651 5.27669 5.18531 4.8558 6.79839 4.82665 5.81483 4.34281 7.69445 5.10141 8.47227
threshold=530.50000000000011 2.5000000000000004 20.500000000000004 15.500000000000002 28.500000000000004 3.5000000000000004 0.50000000000000011 1.7857142857142858 404.50000000000006 1.0000000180025095e-35 17.214285714285719 237.00000000000003 5.5000000000000009 19.500000000000004 21.959301711012753 39.500000000000007 190.50000000000003 215.00000000000003 1.059413142992673 -552.99999999999989 4.8333333333333348 15.857142857142859 124.16666666666667 239.50000000000003 40.833333333333336 127.33333333333336 2.4032561733691686 0.71414278565422451 41.500000000000007 50.833333333333336
decision_type=2 2 2 2 2 2 2 2 2 2 2 2 2 2 2 2 2 2 2 2 2 2 2 2 2 2 2 2 2 2
left_child=1 2 3 7 5 6 -4 -1 12 -6 -7 13 22 14 -12 -15 -14 -18 -11 -2 -9 -20 26 -24 -22 -26 27 -3 -28 -30
right_child=19 8 4 -5 9 10 -8 20 -10 18 11 -13 16 15 -16 -17 17 -19 21 -21 24 -23 23 -25 25 -27 28 -29 29 -31
leaf_value=-0.040120949221856356 5.2734425511065748 0.0013284877079173718 -0.039830578980268205 -0.040760981278967975 -0.041715854185293569 0.0075284797195096058 0.0028134522054369259 0.099562489861905593 2.322872427101021 0.0020037923359498234 -0.11028971774272431 1.3024230814979412 0.00029164102553709271 0.30711612169965413 0.20739260695522088 -0.0055058290920840134 0.4215364428355366 0.015171003227022197 -0.048339224419235056 3.6544642263126512 -0.067476306070214528 -0.048430246661579163 -0.19164955962504734 -0.0066552996280515231 0.33107217568067526 -0.30313477817299656 0.012283448841884806 -0.03648181165183309 -0.029155936457859927 0.007589982749960633
leaf_weight=72 27 72 97 294 122 146 71 22 25 22 56 32 440 21 30 187 35 35 25 82 108 63 50 40 56 43 71 53 32 72
leaf_count=72 27 72 97 294 122 146 71 22 25 22 56 32 440 21 30 187 35 35 25 82 108 63 50 40 56 43 71 53 32 72
internal_value=-0.004415 -0.00557947 -0.00930978 -0.01544 -0.00505587 -0.000734884 -0.0100231 -0.00341176 0.000348387 -0.0166835 0.00262893 -0.000344411 -0.000324862 -0.00238796 -0.00916484 0.000535211 0.00208544 0.01032 -0.00881739 0.0202105 0.000615385 -0.0121935 -0.00347848 -0.00941053 -0.000962264 0.00369231 -0.0015541 -0.00572308 0.00146667 -0.00269725
internal_weight=2501 2392 1467 595 872 640 168 301 925 232 472 326 900 294 86 208 510 70 110 109 229 88 390 90 207 99 300 125 175 104
internal_count=2501 2392 1467 595 872 640 168 301 925 232 472 326 900 294 86 208 510 70 110 109 229 88 390 90 207 99 300 125 175 104
is_linear=0
shrinkage=0.03


Tree=100
num_leaves=31
num_cat=0
split_feature=126 115 134 138 126 138 115 116 131 123 122 121 115 134 121 132 128 128 118 115 133 135 124 138 131 122 116 133 127 126
split_gain=76.3664 63.5899 45.7071 54.2659 43.3206 24.4833 14.4856 12.7175 9.67633 8.06318 6.43882 8.69141 5.62982 7.81013 8.87826 7.02781 6.76375 5.73403 5.7967 5.62539 5.54646 5.719 5.26626 12.8673 5.3528 5.20294 4.86355 16.1334 6.13845 7.18229
threshold=530.50000000000011 1.0000000180025095e-35 1.0000000180025095e-35 39.500000000000007 1.5000000000000002 40.500000000000007 404.50000000000006 1.0000000180025095e-35 1.0000000180025095e-35 -1.0000000180025095e-35 5.5000000000000009 1.5000000000000002 83.500000000000014 -0.60785761079279388 97.500000000000014 60.928571428571438 106.50000000000001 42.500000000000007 21.833333333333336 2.5000000000000004 8.5678198941567505 1.0000000180025095e-35 -2.4999999999999996 40.500000000000007 1.3307163456488713 -552.99999999999989 1.0000000180025095e-35 0.66936538861185257 87.500000000000014 129.50000000000003
decision_type=2 2 2 2 2 2 2 2 2 2 2 2 2 2 2 2 2 2 2 2 2 2 2 2 2 2 2 2 2 2
left_child=1 2 4 -4 9 8 10 -7 -5 -1 11 20 15 16 -15 17 -14 18 -12 -13 21 -3 24 26 -6 -2 27 -24 -28 -30
right_child=25 6 3 5 22 7 -8 -9 -10 -11 12 19 13 14 -16 -17 -18 -19 -20 -21 -22 -23 23 -25 -26 -27 28 -29 29 -31
leaf_value=-0.026569621122320402 5.1152392745733772 0.0076297806639656907 -0.038317518751222947 -0.02479476800009767 0.16354510862742219 -0.039597518075285963 2.253186254287991 -0.040382434182547083 0.0095975599208599025 -0.038643361034966968 0.00028289179477097192 -0.034936323410480717 0.29820740053508282 0.3265566063659095 0.10326100346698737 -0.10920113044027345 -0.09287934661833773 0.12869669759742244 -0.045864475991450743 -0.0070809555499143067 0.0023189200076351988 -0.047153702201067273 0.010789290188731935 -0.068430623018432751 -0.0047207919766374569 3.5448302995232726 0.012420021642905964 -0.068456859151839994 -0.075077607563435497 0.094725410620353889
leaf_weight=37 27 20 223 38 30 88 25 85 156 161 158 35 24 69 104 35 40 33 47 350 42 29 210 77 41 82 138 32 30 35
leaf_count=37 27 20 223 38 30 88 25 85 156 161 158 35 24 69 104 35 40 33 47 350 42 29 210 77 41 82 138 32 30 35
internal_value=-0.00431923 -0.00545432 -0.00962771 -0.0159227 -0.00485427 -0.0086129 0.000259843 -0.0166517 -0.00117588 -0.0168177 -0.000357215 -0.00285655 0.00196893 0.00530579 0.0085618 -0.00094964 -0.0033913 0.000962963 -0.000971429 -0.00483077 0.00525 -0.00155556 -0.000742475 -0.00181025 0.00663158 0.0196842 0.000186667 -0.00264777 0.00357692 -0.00377143
internal_weight=2501 2392 1381 590 791 367 1011 173 194 198 986 476 510 237 173 273 64 238 205 385 91 49 593 522 71 109 445 242 203 65
internal_count=2501 2392 1381 590 791 367 1011 173 194 198 986 476 510 237 173 273 64 238 205 385 91 49 593 522 71 109 445 242 203 65
is_linear=0
shrinkage=0.03


Tree=101
num_leaves=31
num_cat=0
split_feature=119 115 134 137 126 139 115 133 131 134 123 119 133 121 115 122 139 128 133 117 124 129 123 124 131 119 133 133 124 123
split_gain=73.9031 44.768 43.8278 56.0313 44.5812 27.7205 17.9045 17.0134 12.9302 9.13994 8.06318 7.76971 7.67646 7.09271 6.84719 6.5567 8.46447 8.92262 11.9488 6.46783 6.42362 5.24735 7.95165 5.46172 4.49561 9.8358 6.28789 10.5243 12.7157 5.56659
threshold=254.00000000000003 1.0000000180025095e-35 1.0000000180025095e-35 9.5000000000000018 1.5000000000000002 28.500000000000004 404.50000000000006 185.62083339050966 42.289357572578531 0.6078576107927941 -1.0000000180025095e-35 355.50000000000006 1.059413142992673 1.0000000180025095e-35 291.50000000000006 5.5000000000000009 22.500000000000004 6.5000000000000009 9.9652101659919428 135.50000000000003 -1.4999999999999998 36.500000000000007 -6.4999999999999991 -3.4999999999999996 3.756446776551098 10.500000000000002 30.498561173569353 9.1081876358067468 2.5000000000000004 -1.0000000180025095e-35
decision_type=2 2 2 2 2 2 2 2 2 2 2 2 2 2 2 2 2 2 2 2 2 2 2 2 2 2 2 2 2 2
left_child=1 2 4 -4 10 12 7 8 11 -7 -1 -2 -5 -3 -13 16 -15 -18 -19 21 -14 -17 -23 -24 26 -26 27 28 29 -6
right_child=6 13 3 5 24 9 -8 -9 -10 -11 -12 14 20 15 -16 19 17 18 -20 -21 -22 22 23 -25 25 -27 -28 -29 -30 -31
leaf_value=-0.025772532488650791 0.5800092947293265 0.0017147851459523443 -0.037028558661784082 -0.034277169058936463 0.0093555440184773086 -0.039138606599261189 2.2805125997198852 3.6942842018489608 -0.31126337905170542 -0.038396109391848308 -0.037484060203917959 2.5030031187079391 0.23776198490483946 -0.017392273524596449 -0.25996262730004671 0.014975339219890147 0.0035352434809549482 -0.03735557125432766 0.01570358389233064 0.38458503185790505 -0.0049849292800332942 0.081312751114666779 0.085771259145679291 -0.044130693015902694 -0.11094527155720124 -0.0045791682173383207 -0.052226392722763394 0.17406869423261873 -0.077401025231567 -0.0023551891250515799
leaf_weight=37 58 43 209 22 49 92 69 35 39 73 161 21 42 276 20 218 30 39 55 22 129 47 43 133 21 137 29 61 22 269
leaf_count=37 58 43 209 22 49 92 69 35 39 73 161 21 42 276 20 218 30 39 55 22 129 47 43 133 21 137 29 61 22 269
internal_value=-0.00419952 -0.00589399 -0.00934021 -0.0156713 -0.00469532 -0.00824793 0.0113927 0.00586517 0.000797203 -0.0170824 -0.0168177 0.00657692 -0.000424242 -0.000717892 -0.00313043 -0.00134101 -0.00413333 0.00227907 -0.00236364 0.00107692 0.00184091 0.000188341 -0.003 -0.0059337 -0.000495784 -0.00474847 0.00108966 0.00212808 0 0.00165325
internal_weight=2501 2259 1353 567 786 358 242 173 138 165 198 99 193 906 41 863 400 124 94 463 171 441 223 176 588 158 430 401 340 318
internal_count=2501 2259 1353 567 786 358 242 173 138 165 198 99 193 906 41 863 400 124 94 463 171 441 223 176 588 158 430 401 340 318
is_linear=0
shrinkage=0.03


Tree=102
num_leaves=31
num_cat=0
split_feature=126 115 138 138 138 116 118 126 124 115 126 135 130 126 121 126 118 115 130 131 118 127 129 125 128 116 123 115 131 115
split_gain=72.7987 51.4249 37.8967 83.3882 33.2467 22.2735 16.0985 19.2321 15.9824 10.1275 9.20187 9.09436 8.73092 8.49061 8.38181 7.5537 6.09978 5.83614 7.95894 7.719 8.64608 7.50709 5.59239 6.84449 5.59164 11.2436 5.50064 5.25366 11.5355 6.88517
threshold=339.50000000000006 1.0000000180025095e-35 39.500000000000007 38.500000000000007 40.500000000000007 1.0000000180025095e-35 0.50000000000000011 12.500000000000002 -2.4999999999999996 241.50000000000003 530.50000000000011 1.0000000180025095e-35 10.500000000000002 1.5000000000000002 1.0000000180025095e-35 430.50000000000006 256.83333333333343 20.500000000000004 18.166666666666668 10.354803868458292 10.833333333333334 230.50000000000003 36.500000000000007 0.80625000000000013 1.5000000000000002 1.0000000180025095e-35 -16.499999999999996 102.50000000000001 44.798310988579111 32.500000000000007
decision_type=2 2 2 2 2 2 2 2 2 2 2 2 2 2 2 2 2 2 2 2 2 2 2 2 2 2 2 2 2 2
left_child=1 2 3 13 6 -6 7 -4 -7 14 15 -5 -8 -1 -3 -2 -17 18 19 20 24 22 23 -19 25 -16 -24 29 -29 -28
right_child=10 9 4 11 5 8 12 -9 -10 -11 -12 -13 -14 -15 17 16 -18 21 -20 -21 -22 -23 26 -25 -26 -27 27 28 -30 -31
leaf_value=-0.033983102612667571 0.96137873107632166 0.0016633415915737703 -0.036351838973693609 -0.036615571061117222 -0.036351838973693609 0.19879719875380542 0.010855595269147558 0.08575106825486821 -0.042320656993686458 0.69934717369958943 3.505716827229155 -0.037452984967096967 -0.00082093537162563734 0.0030204808139650562 -0.041897152804790755 -0.44218944388947379 0.73800536810181139 0.03760728595450432 -0.040918885532990147 0.021424050007975773 -0.011617494320214021 -0.20778119243321014 0.28468345106112586 -0.048818971372154518 0.0042476524615459163 0.011297004394224392 0.033342857000691097 0.11465839745321829 -0.19478970663182252 -0.029787849636974926
leaf_weight=53 35 43 110 238 123 24 87 59 156 66 109 56 249 186 47 20 22 170 53 23 45 23 44 36 75 26 21 109 31 162
leaf_count=53 35 43 110 238 123 24 87 59 156 66 109 56 249 186 47 20 22 170 53 23 45 23 44 36 75 26 21 109 31 162
internal_value=-0.00465443 -0.00611379 -0.00991382 -0.0161041 -0.00574908 -0.0135195 -0.000988235 -0.00841379 -0.00645405 -0.00085189 0.0131623 -0.0266689 0.00279765 -0.00280328 -0.00170208 0.00468293 -0.00370213 -0.00237241 -0.006 -0.00323077 -0.00527273 -0.000688852 4.15225e-05 0.00395261 -0.00152941 -0.00723077 -0.00216129 -0.00354878 0.000786207 -0.00682979
internal_weight=2501 2315 1341 533 808 303 505 169 180 974 186 294 336 239 908 77 42 865 269 216 193 596 573 206 148 73 367 323 140 183
internal_count=2501 2315 1341 533 808 303 505 169 180 974 186 294 336 239 908 77 42 865 269 216 193 596 573 206 148 73 367 323 140 183
is_linear=0
shrinkage=0.03


Tree=103
num_leaves=31
num_cat=0
split_feature=119 115 134 137 126 138 116 137 126 123 121 119 122 126 133 132 130 133 115 134 128 128 121 116 128 116 124 127 126 128
split_gain=72.3056 49.0328 48.3822 58.7268 44.9611 28.2784 11.0393 10.202 8.39294 8.06318 6.99807 6.9531 6.83746 5.27284 4.91258 9.25875 6.14245 6.48963 4.79971 8.03631 7.86079 7.22826 6.79104 7.77192 6.4947 6.44485 4.76226 7.87155 6.90995 9.19485
threshold=385.00000000000006 1.0000000180025095e-35 1.0000000180025095e-35 9.5000000000000018 1.5000000000000002 40.500000000000007 1.0000000180025095e-35 9.5000000000000018 119.50000000000001 -1.0000000180025095e-35 1.0000000180025095e-35 495.50000000000006 5.5000000000000009 237.00000000000003 1.059413142992673 3.785714285714286 9.1666666666666696 17.506844382546372 95.500000000000014 -0.60785761079279388 106.50000000000001 73.500000000000014 97.500000000000014 160.00000000000003 42.500000000000007 28.500000000000004 -16.499999999999996 143.00000000000003 106.50000000000001 65.500000000000014
decision_type=2 2 2 2 2 2 2 2 2 2 2 2 2 2 2 2 2 2 2 2 2 2 2 2 2 2 2 2 2 2
left_child=1 2 4 -4 9 8 -7 -2 14 -1 -3 -9 -12 26 -5 -16 -17 -18 21 20 -20 24 -21 -24 25 -14 -6 28 29 -28
right_child=7 10 3 5 13 6 -8 11 -10 -11 12 -13 18 -15 15 16 17 -19 19 22 -22 -23 23 -25 -26 -27 27 -29 -30 -31
leaf_value=-0.023729736804180671 -0.1378185073906267 0.001613441343826567 -0.034819234770097053 -0.032158298817957558 0.33257265007758868 -0.036167154082061129 -0.039694031340332274 0.19196969146516266 0.77310752708417141 -0.035268983228589609 -0.0065727594274071948 3.5666982357919057 0.00012838785158177045 0.96253736914403243 0.098484898553442335 -0.061643080985461306 0.035031400715136642 -0.090618804996069835 0.34718983016877825 0.35180573516122421 -0.089253855166569168 -0.042579049356099144 0.25084223055169985 -0.58310817997233855 0.12239700571538273 -0.1102341873763262 -0.004997974837552363 -0.46517217391869248 0.32427664159235398 -0.050634972879932003
leaf_weight=37 28 43 217 22 22 88 83 25 36 161 426 84 183 54 26 25 27 60 22 54 40 31 81 20 38 40 372 39 60 57
leaf_count=37 28 43 217 22 22 88 83 25 36 161 426 84 183 54 26 25 27 60 22 54 40 31 81 20 38 40 372 39 60 57
internal_value=-0.0045826 -0.00582271 -0.00944213 -0.015983 -0.00460223 -0.00845161 -0.0171818 0.0162254 -0.000567164 -0.0168177 -0.00066531 0.0202105 -0.0012383 -0.000482759 -0.0036 -0.00121678 -0.00507692 -0.000913043 0.00109728 0.00443243 -0.00438806 -0.00139394 0.008025 0.0030566 0.000315789 -0.00168421 -0.00139459 -0.00201501 -0.000898785 -0.00226728
internal_weight=2501 2364 1386 584 802 367 171 137 196 198 978 109 935 604 160 138 112 87 509 217 62 292 155 101 261 223 550 528 489 429
internal_count=2501 2364 1386 584 802 367 171 137 196 198 978 109 935 604 160 138 112 87 509 217 62 292 155 101 261 223 550 528 489 429
is_linear=0
shrinkage=0.03


Tree=104
num_leaves=31
num_cat=0
split_feature=128 122 134 137 130 138 135 125 137 132 126 133 126 116 132 129 126 116 139 126 126 121 130 132 121 132 128 128 132 132
split_gain=71.2911 36.4396 46.3306 60.2662 26.1513 24.231 16.9693 14.6609 13.0384 12.1069 8.73113 8.52362 8.43097 6.88342 6.45451 7.45643 8.74111 8.0414 13.4992 12.5044 6.2949 5.8134 7.97408 7.4198 5.76586 5.28875 5.69005 6.14068 4.11896 7.25193
threshold=496.00000000000006 3.5000000000000004 1.0000000180025095e-35 9.5000000000000018 1.1666666666666667 40.500000000000007 1.0000000180025095e-35 -0.32913165266106437 9.5000000000000018 0.6428571428571429 165.50000000000003 16.292573748080859 41.500000000000007 1.0000000180025095e-35 1.9285714285714288 6.5000000000000009 40.500000000000007 1.0000000180025095e-35 17.500000000000004 5.5000000000000009 338.50000000000006 43.500000000000007 15.16666666666667 76.785714285714292 2.5000000000000004 54.642857142857146 106.50000000000001 130.50000000000003 7.0714285714285721 2.785714285714286
decision_type=2 2 2 2 2 2 2 2 2 2 2 2 2 2 2 2 2 2 2 2 2 2 2 2 2 2 2 2 2 2
left_child=1 2 4 6 7 9 -4 -1 -2 -5 11 28 -13 -7 -6 17 -17 18 -16 -19 -3 22 -21 -23 -9 -18 -27 -28 29 -11
right_child=8 20 3 5 14 13 -8 24 -10 10 -12 12 -14 -15 15 16 25 19 -20 21 -22 23 -24 -25 -26 26 27 -29 -30 -31
leaf_value=0.013845678175635605 0.4978200490228033 0.00012453621603430775 -0.033774657726994138 -0.041419793952260558 -0.034459034432426025 -0.034168565171562443 -0.024346035607806345 -0.034203214307625115 3.1083236315736449 0.077462454072188741 1.7904999327881026 -0.12093804112567984 0.026485306018068505 -0.03553636230907227 0.075563251425776148 -0.03564571509931088 0.087774047029697225 0.0025785662407445818 -0.044757451421691338 0.0012543241044566144 1.6226158678821321 0.29784197975217286 -0.037192263469453084 -0.028594167712630989 -0.035271325921226372 -0.043649624984992738 0.43429207758253635 -0.0026763355450754034 0.0072908764225829963 -0.0064202433925910941
leaf_weight=40 42 529 204 21 29 123 28 122 87 23 20 26 62 89 25 288 72 72 37 33 27 47 49 55 53 73 33 129 37 26
leaf_count=40 42 529 204 21 29 123 28 122 87 23 20 26 62 89 25 288 72 72 37 33 27 47 49 55 53 73 33 129 37 26
internal_value=-0.00455866 -0.00575263 -0.0078056 -0.0141325 -0.00415146 -0.00727778 -0.0263038 -0.0134727 0.0167463 -0.000109091 0.00238191 0 -0.0063871 -0.0143502 -0.00195776 -0.00146405 -0.00344 0.00221053 -0.00707463 0.00457471 0.000951872 0.000285714 -0.00544828 0.00499065 -0.0171333 7.69231e-05 -0.0021 0.00104192 0.00652747 0.000444444
internal_weight=2501 2372 1816 659 1157 427 232 215 129 215 194 174 88 212 942 913 595 318 62 256 556 184 82 102 175 307 235 162 86 49
internal_count=2501 2372 1816 659 1157 427 232 215 129 215 194 174 88 212 942 913 595 318 62 256 556 184 82 102 175 307 235 162 86 49
is_linear=0
shrinkage=0.03


Tree=105
num_leaves=31
num_cat=0
split_feature=126 115 134 137 126 138 115 116 131 125 124 129 121 116 116 133 119 135 118 121 131 139 118 130 126 132 124 126 133 126
split_gain=70.6804 60.5787 48.7056 60.0027 44.4237 21.4473 12.1004 10.7197 9.23112 8.06318 6.06407 10.8687 10.298 8.00259 7.91773 5.91696 5.35598 6.71079 5.5934 4.98216 6.65142 4.76024 4.75055 7.14773 4.73023 9.14365 4.4352 4.40026 8.50645 7.48929
threshold=530.50000000000011 1.0000000180025095e-35 1.0000000180025095e-35 9.5000000000000018 1.5000000000000002 40.500000000000007 404.50000000000006 1.0000000180025095e-35 1.0000000180025095e-35 -1.0000000180025095e-35 -1.0000000180025095e-35 2.5000000000000004 52.500000000000007 16.500000000000004 94.500000000000014 88.024929657688617 1.5000000000000002 -0.56174490092936669 0.50000000000000011 5.5000000000000009 2.4032561733691686 18.500000000000004 67.000000000000014 83.166666666666671 286.50000000000006 148.92857142857147 -15.499999999999998 119.50000000000001 17.87482557591569 41.500000000000007
decision_type=2 2 2 2 2 2 2 2 2 2 2 2 2 2 2 2 2 2 2 2 2 2 2 2 2 2 2 2 2 2
left_child=1 2 4 -4 9 8 10 -7 -5 -1 11 13 22 -3 26 -6 18 -18 -12 20 -19 -2 -13 -24 25 -21 -14 28 -10 -30
right_child=21 6 3 5 15 7 -8 -9 27 -11 16 12 14 -15 -16 -17 17 19 -20 24 -22 -23 23 -25 -26 -27 -28 -29 29 -31
leaf_value=-0.023433215045324318 2.8201915850424522 -0.0009966630278651677 -0.032900852522086486 -0.01972471193600929 -0.0087671578851556825 -0.034057082504452427 1.9908661504963339 -0.034470271439800103 0.017528559532591401 -0.033184817302503167 -0.03941695900859607 -0.054090919690279265 0.38681246680008796 0.21043993296461422 -0.066119581533707783 0.60603279180118186 0.0039613695918028387 -0.049887118778093105 0.002432377009381845 0.00077256169816584117 0.0011825426750086798 3.4659632917586305 0.089444825981452286 -0.086013331243918287 0.28001089782400923 -0.29153216806753945 0.0071037828292056559 0.70079632795844848 -0.10449409774035988 -0.0076488142621666099
leaf_weight=37 38 33 223 38 566 88 25 85 59 161 21 106 23 35 39 27 126 45 25 348 31 71 24 49 21 38 22 34 20 43
leaf_count=37 38 33 223 38 566 88 25 85 59 161 21 106 23 35 39 27 126 45 25 348 31 71 24 49 21 38 22 34 20 43
internal_value=-0.00446289 -0.00555444 -0.00962771 -0.0161244 -0.00470352 -0.00845161 2.3622e-05 -0.0159775 -0.00147739 -0.0168177 -0.00053885 -0.00382143 -0.00658209 0.00649315 0.00195506 -0.000541806 0.00112727 0.000332248 0.0104706 -0.00127869 -0.00807407 0.0186316 -0.0105652 -0.00415385 5.82524e-05 -0.000751918 0.01008 0.00182609 -0.000897638 -0.00829412
internal_weight=2501 2392 1381 590 791 367 1011 173 194 198 986 331 263 68 84 593 655 609 46 483 76 109 179 73 407 386 45 156 122 63
internal_count=2501 2392 1381 590 791 367 1011 173 194 198 986 331 263 68 84 593 655 609 46 483 76 109 179 73 407 386 45 156 122 63
is_linear=0
shrinkage=0.03


Tree=106
num_leaves=31
num_cat=0
split_feature=128 115 134 137 138 130 139 131 137 134 122 116 121 115 127 133 130 129 116 116 137 128 116 123 138 133 128 116 128 119
split_gain=68.7054 54.2321 49.0974 60.5794 23.8237 22.685 11.9696 9.88732 8.67394 7.99438 7.27945 6.23681 5.2422 5.20963 5.14884 6.65374 6.65241 5.11869 4.87532 4.72656 21.7466 5.07669 4.35181 4.49107 3.81652 3.65297 9.65634 5.42795 4.40882 3.62307
threshold=502.00000000000006 1.0000000180025095e-35 1.0000000180025095e-35 9.5000000000000018 40.500000000000007 1.5000000000000002 31.500000000000004 1.0000000180025095e-35 9.5000000000000018 0.6078576107927941 143.50000000000003 2.5000000000000004 1.0000000180025095e-35 33.500000000000007 174.50000000000003 16.742953546751238 41.833333333333336 118.50000000000001 160.00000000000003 1.0000000180025095e-35 9.5000000000000018 6.5000000000000009 221.50000000000003 -123.99999999999999 38.500000000000007 9.1081876358067468 29.500000000000004 66.500000000000014 72.500000000000014 354.50000000000006
decision_type=2 2 2 2 2 2 2 2 2 2 2 2 2 2 2 2 2 2 2 2 2 2 2 2 2 2 2 2 2 2
left_child=1 2 5 -4 7 11 19 -5 -2 -6 12 24 13 -3 15 -9 -17 -18 -12 20 -7 -21 23 -23 -1 -25 -27 -28 -29 -14
right_child=8 10 3 4 9 6 -8 14 -10 -11 18 -13 29 -15 -16 16 17 -19 -20 21 -22 22 -24 25 -26 26 27 28 -30 -31
leaf_value=-0.029883899089126 0.62933653194823791 0.0014147098060079877 -0.031774392419521721 -0.019132970577929009 -0.033436163296606099 0.010425510804549275 -0.047858549063444646 0.017002702746613661 3.2085130713257541 -0.033048853170497938 0.53106014434571081 0.0032738789310418834 -0.0016947690192981213 -0.002631521758973463 1.0878365798011922 -0.11417507695969864 0.13584644711160784 -0.24869757319223296 -0.140701012403739 0.0058012488246436435 -0.044013570097703569 -0.12663967141622351 1.0065894622470972 -0.047789295805739228 -0.032181573359321265 0.15325970801738015 -0.024154483622568675 0.11716994926842954 -0.0073158987673980387 -0.40696928703156005
leaf_weight=53 36 22 219 38 97 210 21 55 82 75 41 24 873 27 26 28 30 20 20 55 59 39 20 52 87 40 57 20 54 21
leaf_count=53 36 22 219 38 97 210 21 55 82 75 41 24 873 27 26 28 30 20 20 55 59 39 20 52 87 40 57 20 54 21
internal_value=-0.00436712 -0.00548744 -0.00933815 -0.0158752 -0.00824599 -0.00440201 -0.00174684 -0.0010099 0.0175122 -0.0162373 -0.000172448 -0.0141657 -0.000848101 0.00822222 0.00234146 -0.000173913 -0.00571084 0.000981818 0.00945455 -0.000873977 -0.00381022 0.00147368 -0.000188153 -0.00132584 -0.0165103 0.000368421 0.00252273 -0.0015 0.00372152 -0.00139488
internal_weight=2501 2383 1379 588 369 791 627 197 118 172 1004 164 943 49 159 133 78 50 61 606 269 337 282 262 140 223 171 131 74 894
internal_count=2501 2383 1379 588 369 791 627 197 118 172 1004 164 943 49 159 133 78 50 61 606 269 337 282 262 140 223 171 131 74 894
is_linear=0
shrinkage=0.03


Tree=107
num_leaves=31
num_cat=0
split_feature=126 115 139 139 139 126 118 132 126 127 115 135 126 131 135 121 123 115 123 117 135 118 126 128 122 126 128 115 118 139
split_gain=60.7959 56.8366 37.7533 95.7896 47.5337 17.2787 14.0996 8.75758 10.5134 8.62753 7.49287 7.37122 5.63578 11.5064 5.38283 5.06542 5.32184 4.88798 4.57774 10.3525 6.51207 4.86097 4.97321 4.58769 4.56354 6.07097 4.50341 9.09581 7.20663 5.98518
threshold=530.50000000000011 1.0000000180025095e-35 22.500000000000004 15.500000000000002 28.500000000000004 2.5000000000000004 0.50000000000000011 17.214285714285719 237.00000000000003 1.5000000000000002 404.50000000000006 1.0000000180025095e-35 12.500000000000002 1.3307163456488713 -0.56174490092936669 1.0000000180025095e-35 -59.999999999999993 33.500000000000007 -53.499999999999993 63.500000000000007 -0.22252093395631442 61.000000000000007 31.500000000000004 54.500000000000007 126.50000000000001 180.50000000000003 58.500000000000007 54.500000000000007 36.166666666666679 29.500000000000004
decision_type=2 2 2 2 2 2 2 2 2 2 2 2 2 2 2 2 2 2 2 2 2 2 2 2 2 2 2 2 2 2
left_child=1 2 3 9 5 6 -4 12 18 -1 15 -5 13 -7 -6 17 -17 -3 19 -9 21 22 -20 -24 26 -26 27 29 -28 -18
right_child=-2 10 4 11 14 7 -8 8 -10 -11 -12 -13 -14 -15 -16 16 24 -19 20 -21 -22 -23 23 -25 25 -27 28 -29 -30 -31
leaf_value=-0.031641442163646109 3.1325711035852382 0.0013722685118277411 -0.031216126158541625 -0.031635313667398759 -0.033207227292824784 0.0056272113599043381 0.010819118199882296 0.37098411046752727 1.0806136720183666 0.0022419443733243272 1.8348847738416714 -0.036314601539366761 0.11712980626872332 -0.025965614322574406 -0.034400770334925009 0.81487528537201359 -0.0058617114826408565 -0.0025525761062039007 -0.037920198095533715 -0.013508197782392414 -0.061793259877046119 -0.083406952126077405 0.39721031458645989 0.036543905290925521 0.47371239165727441 -0.091569791118333368 -0.17399729239327036 0.23841677932811037 -0.01713703858294565 0.0012974373427378082
leaf_weight=66 109 22 77 248 116 43 50 23 32 222 25 49 46 51 92 21 364 23 20 97 61 21 20 47 32 28 25 97 287 87
leaf_count=66 109 22 77 248 116 43 50 23 32 222 25 49 46 51 92 21 364 23 20 97 61 21 20 47 32 28 25 97 287 87
internal_value=-0.00436712 -0.00537922 -0.00932468 -0.0150915 -0.00501124 -0.000596965 -0.0101818 0.00211159 -0.000625767 -0.00264164 2.3622e-05 -0.0269007 0.00823448 0.00357576 -0.0171549 -0.00041776 -0.000913319 0.00888 -0.00253061 0.001872 -0.00565517 -0.00100885 0.00221739 0.00616667 -0.00129081 0.00636923 -0.0018659 -0.000206148 -0.00471293 -0.00202632
internal_weight=2501 2392 1381 585 796 588 127 461 321 288 1011 297 140 94 208 986 941 45 289 120 169 108 87 67 920 60 860 548 312 451
internal_count=2501 2392 1381 585 796 588 127 461 321 288 1011 297 140 94 208 986 941 45 289 120 169 108 87 67 920 60 860 548 312 451
is_linear=0
shrinkage=0.03


Tree=108
num_leaves=31
num_cat=0
split_feature=115 134 137 126 115 138 128 126 134 122 125 133 133 138 126 124 139 139 133 124 121 128 135 126 130 119 124 122 133 126
split_gain=57.477 50.8117 74.8906 45.3475 36.0026 28.2553 20.7699 16.9057 8.31203 7.07913 6.61616 6.16685 7.77452 5.80302 5.65296 5.56083 8.2291 8.3509 7.04885 6.61338 8.62253 6.60647 8.7117 7.89673 5.99862 8.79072 7.72417 7.40263 6.72972 7.88619
threshold=1.0000000180025095e-35 1.0000000180025095e-35 9.5000000000000018 1.5000000000000002 513.50000000000011 40.500000000000007 527.50000000000011 177.00000000000003 0.6078576107927941 143.50000000000003 -1.0000000180025095e-35 1.059413142992673 8.1928290247232685 38.500000000000007 28.500000000000004 -1.0000000180025095e-35 16.500000000000004 19.500000000000004 5.3965057014540383 -11.499999999999998 68.500000000000014 130.50000000000003 1.0000000180025095e-35 214.00000000000003 0.83333333333333337 22.500000000000004 2.5000000000000004 2.5000000000000004 23.644018150791538 46.500000000000007
decision_type=2 2 2 2 2 2 2 2 2 2 2 2 2 2 2 2 2 2 2 2 2 2 2 2 2 2 2 2 2 2
left_child=1 3 -3 10 9 7 -5 11 -7 15 -1 -4 -13 -12 -14 16 -2 -18 -19 20 -20 22 -17 -23 27 26 -26 -24 29 -27
right_child=4 2 5 6 -6 8 -8 -9 -10 -11 13 12 14 -15 -16 21 17 18 19 -21 -22 23 24 -25 25 28 -28 -29 -30 -31
leaf_value=-0.022089344939181417 0.16059724907275991 -0.030148269595767867 -0.02835334558289496 -0.0034000834309298963 4.4120452342633083 -0.031372152463304201 3.1742716232499948 2.2086598864513953 -0.033075476616673878 0.38970273081965384 -0.02803813885154284 0.017582059710396249 -0.064458697605670773 -0.030280872916299231 0.047438188861277694 0.0025770527392163698 -0.037965826516673427 -0.039745704065623153 -0.16899405224846092 0.0072915748030102983 0.063317950047273391 -0.049207790308502405 -0.083078890567011524 0.2253697405733007 0.0072258732346822535 -0.050138579966826059 -0.0048117558686780982 0.0014124245394525302 0.15521253722072054 0.16827706335257508
leaf_weight=37 36 230 22 594 42 103 38 24 77 63 53 45 41 108 71 221 59 56 48 90 33 85 21 42 53 78 30 25 46 30
leaf_count=37 36 230 22 594 42 103 38 24 77 63 53 45 41 108 71 221 59 56 48 90 33 85 21 42 53 78 30 25 46 30
internal_value=-0.00429529 -0.00817956 -0.014699 -0.0032982 0.00101035 -0.00640206 0.000649922 0.00126923 -0.0148865 -0.000170421 -0.0156355 -0.00208696 0.000148148 -0.0182169 -0.00405128 -0.000839248 -0.00401835 -0.00575258 -0.00294828 0.000136364 -0.00586047 0.000792453 0.00234578 -0.00518182 -0.001125 0.000842975 0.00845455 -0.0104706 -0.00335849 -0.00738053
internal_weight=2501 1443 613 830 1058 383 632 203 180 1016 198 179 157 161 112 953 322 286 227 171 81 631 504 127 283 237 83 46 154 108
internal_count=2501 1443 613 830 1058 383 632 203 180 1016 198 179 157 161 112 953 322 286 227 171 81 631 504 127 283 237 83 46 154 108
is_linear=0
shrinkage=0.03


Tree=109
num_leaves=31
num_cat=0
split_feature=115 134 137 126 115 138 123 126 116 131 126 123 123 122 133 126 122 126 139 132 129 124 127 124 129 132 118 125 119 119
split_gain=62.3377 51.6847 73.7882 43.2021 31.6131 19.4286 19.27 19.2097 7.24592 6.34569 6.34345 6.31516 5.81493 6.44183 5.42026 5.86498 4.90019 6.04147 5.78005 4.68422 10.5306 10.6209 7.98603 7.16837 11.5564 7.73189 6.03941 7.16659 6.94464 10.105
threshold=1.0000000180025095e-35 1.0000000180025095e-35 9.5000000000000018 1.5000000000000002 513.50000000000011 40.500000000000007 -322.49999999999994 177.00000000000003 1.0000000180025095e-35 1.0000000180025095e-35 565.00000000000011 -2.4999999999999996 -59.999999999999993 -23.499999999999996 16.742953546751238 41.500000000000007 -29.499999999999996 5.5000000000000009 29.500000000000004 4.5000000000000009 8.5000000000000018 1.5000000000000002 6.5000000000000009 -3.4999999999999996 40.500000000000007 28.071428571428573 10.16666666666667 -0.094788858939802323 190.50000000000003 354.50000000000006
decision_type=2 2 2 2 2 2 2 2 2 2 2 2 2 2 2 2 2 2 2 2 2 2 2 2 2 2 2 2 2 2
left_child=1 3 -3 11 12 7 -5 9 -7 -4 -8 -1 -2 16 -11 -16 17 -14 -19 -15 21 22 -21 24 -22 -25 -27 -28 -29 -30
right_child=4 2 5 6 -6 8 10 -9 -10 14 -12 -13 13 19 15 -17 -18 18 -20 20 23 -23 -24 25 -26 26 27 28 29 -31
leaf_value=-0.0046097316379909705 0.91273211071598992 -0.02924382150789483 -0.016771897308348042 2.6256343499288457 4.2796838772354082 -0.03105815624250435 -0.0050973282114270546 2.1424000898578535 -0.030463342447214565 0.016727386635581726 3.0373468334595057 -0.029372446728810255 0.006281165604652905 -0.01493722947284206 -0.095545227101851829 0.021225798900200914 -0.072932262656761393 -0.090544377968087272 0.0010591758453114151 0.0053204434475302162 -0.10651575766838732 -0.022445392920828446 0.011360095917948171 0.0070090970376417957 -0.0014244747842059268 -0.16936703061457647 0.17009296887587849 -0.013551488596334238 0.48738308937816666 -0.13439143929290481
leaf_weight=25 23 230 38 27 42 90 585 24 90 55 20 173 20 143 24 62 20 34 23 50 43 44 59 92 107 23 45 208 50 32
leaf_count=25 23 230 38 27 42 90 585 24 90 55 20 173 20 143 24 62 20 34 23 50 43 44 59 92 107 23 45 208 50 32
internal_value=-0.00417558 -0.00822099 -0.0147961 -0.0032982 0.00134901 -0.0065567 0.00055573 -0.000115385 -0.0135892 -0.00371739 -0.000629508 -0.0153399 0.000229187 -0.000144289 -0.000575342 -0.00520879 -0.00729412 -0.00321951 -0.00812903 0.000659267 0.00161478 0.00850633 0.0133684 -0.00018843 -0.00576774 0.0017011 -0.00031405 0.000776471 -0.00099661 0.00613793
internal_weight=2501 1443 613 830 1058 383 632 203 180 179 605 198 1016 993 141 86 97 77 57 896 753 153 109 600 150 450 358 335 290 82
internal_count=2501 1443 613 830 1058 383 632 203 180 179 605 198 1016 993 141 86 97 77 57 896 753 153 109 600 150 450 358 335 290 82
is_linear=0
shrinkage=0.03


Tree=110
num_leaves=31
num_cat=0
split_feature=115 139 139 139 127 115 117 130 127 132 128 133 135 125 116 124 121 122 134 118 128 115 138 121 123 124 129 132 125 132
split_gain=58.7598 49.5628 106.96 50.7146 28.9351 28.6291 14.9117 15.3268 10.0575 9.39585 8.10766 10.7112 7.43872 6.21041 6.86882 7.13321 6.50879 7.40736 6.15945 6.12944 7.51442 5.82241 6.83474 6.31143 5.99818 5.77995 5.77899 10.1629 5.76373 5.56465
threshold=1.0000000180025095e-35 22.500000000000004 15.500000000000002 28.500000000000004 387.50000000000006 513.50000000000011 1.0000000180025095e-35 13.16666666666667 1.5000000000000002 17.214285714285719 40.500000000000007 31.73293663639204 1.0000000180025095e-35 0.26846846846846856 93.500000000000014 -17.499999999999996 1.0000000180025095e-35 143.50000000000003 0.87837969732492682 19.500000000000004 30.500000000000004 95.500000000000014 40.500000000000007 29.500000000000004 -16.499999999999996 3.5000000000000004 8.5000000000000018 5.0714285714285721 -0.010816326530612243 93.785714285714292
decision_type=2 2 2 2 2 2 2 2 2 2 2 2 2 2 2 2 2 2 2 2 2 2 2 2 2 2 2 2 2 2
left_child=1 2 8 4 6 13 7 -3 -1 -8 -5 -12 -4 14 16 -16 -2 29 26 -11 -21 -17 24 -24 -23 -22 27 -15 -26 -18
right_child=5 3 12 10 -6 -7 9 -9 -10 19 11 -13 -14 18 15 21 17 -19 -20 20 25 22 23 -25 28 -27 -28 -29 -30 -31
leaf_value=-0.028906517737505147 0.0018994068490989413 -0.028490042784432096 -0.029570701189947028 -0.031423930832101453 2.9195297873627304 4.1512933609183476 0.01059216294592673 0.098609225255955266 0.016704916572909543 -0.054003849655659818 0.0010806044447543553 -0.18142192536102622 -0.033435563903832469 -0.03058501411015609 -0.17991945799466563 -0.18049393234486727 0.0022687398080156384 0.65392962430649715 0.11362096861299215 0.34813485209001838 0.055005582797000012 0.43907154313017316 0.0018875138362081144 0.20882495799402434 -0.27906384916472898 -0.044246896785984688 -0.036494710296221165 0.026582545616884407 -0.0088346143240897838 -0.063725116695532616
leaf_weight=66 34 107 255 137 41 42 148 51 237 46 49 29 49 59 30 20 412 28 23 20 159 28 28 23 28 49 131 32 77 63
leaf_count=66 34 107 255 137 41 42 148 51 237 46 49 29 49 59 30 20 412 28 23 20 159 28 28 23 28 49 131 32 77 63
internal_value=-0.00412769 -0.00805525 -0.014549 -0.00327467 0.00109265 0.00123612 -0.000707692 -0.00842945 -0.00183117 0.00223419 -0.0156545 -0.00715663 -0.0269709 0.000170421 0.0015 -0.0027364 0.00336531 0.00240945 -0.003936 -0.00105376 0.00100429 -0.000545455 0.0012381 0.0100714 -0.00234783 -0.000816901 -0.00552423 0.00025 -0.00567273 0.001425
internal_weight=2501 1443 607 836 621 1058 580 158 303 422 215 78 304 1016 771 234 537 503 245 274 228 204 184 51 133 208 222 91 105 475
internal_count=2501 1443 607 836 621 1058 580 158 303 422 215 78 304 1016 771 234 537 503 245 274 228 204 184 51 133 208 222 91 105 475
is_linear=0
shrinkage=0.03


Tree=111
num_leaves=31
num_cat=0
split_feature=115 134 137 126 115 126 125 138 138 133 125 116 126 121 129 125 130 125 125 130 132 115 130 132 138 134 115 118 121 138
split_gain=59.4771 49.7299 77.1185 41.6115 28.4871 19.7457 19.27 12.2264 7.35314 8.33401 6.38893 7.97219 6.34345 6.25587 7.29267 6.2044 7.68749 8.08969 6.05314 5.51528 5.13969 7.99717 7.55538 8.72711 6.44435 5.90472 5.12587 5.44926 7.24143 7.07791
threshold=1.0000000180025095e-35 1.0000000180025095e-35 9.5000000000000018 1.5000000000000002 513.50000000000011 119.50000000000001 -0.99705167173252274 40.500000000000007 40.500000000000007 35.3971634024849 0.26846846846846856 93.500000000000014 565.00000000000011 1.0000000180025095e-35 131.50000000000003 12.750000000000002 18.833333333333339 1.1250000000000002 -0.69306418219461685 3.1666666666666674 72.071428571428584 20.500000000000004 18.166666666666668 3.0714285714285716 39.500000000000007 -0.60785761079279388 95.500000000000014 347.66666666666674 19.500000000000004 39.500000000000007
decision_type=2 2 2 2 2 2 2 2 2 2 2 2 2 2 2 2 2 2 2 2 2 2 2 2 2 2 2 2 2 2
left_child=1 3 -3 18 10 7 -5 -4 -7 -10 11 13 -8 -2 20 16 17 19 -1 -12 21 22 23 24 -15 -25 -13 28 -28 -30
right_child=4 2 5 6 -6 8 12 -9 9 -11 15 26 -14 14 -16 -17 -18 -19 -20 -21 -22 -23 -24 25 -26 -27 27 -29 29 -31
leaf_value=-0.0047892045772290493 0.0018424246436259662 -0.027479385826959576 -0.0079011019667104502 2.4989816154801678 4.0267545600907981 0.85363417484838344 -0.0065945758489942812 -0.028606724248835081 1.6614391789413105 -0.12200677075330289 -0.0039220161094000346 -0.17507911437452109 2.9424219220515204 -0.063428197224024319 0.28797400362425313 0.011975319010050995 -0.12570566039478481 -0.050107028055169561 -0.027635341500899132 0.041914613406316387 -0.045474919419272196 0.010486302454798863 -0.030716063886736859 -0.0036249136769981403 0.019590208083234962 0.0049395615209325873 0.22174500205385769 -0.22893715558591962 -0.081622165841072347 0.058137773201678011
leaf_weight=25 34 230 160 27 42 43 585 134 23 23 20 22 20 26 50 80 62 55 173 28 75 212 34 21 23 62 50 23 70 69
leaf_count=25 34 230 160 27 42 43 585 134 23 23 20 22 20 26 50 80 62 55 173 28 75 212 34 21 23 62 50 23 70 69
internal_value=-0.00410375 -0.00805525 -0.0145049 -0.00322635 0.00129257 -0.00609278 0.00055573 -0.00981271 0.006 -0.00223529 0.000229187 0.00157732 -0.000629508 0.00358672 0.00264567 -0.003936 -0.0072 -0.00188889 -0.0150443 0.00667925 0.00136245 0.00280418 -0.00207018 0.00127007 -0.00822222 0.00709091 -0.00298745 -0.00135484 0.00043299 -0.00308333
internal_weight=2501 1443 613 830 1058 383 632 294 89 46 1016 771 605 537 503 245 165 103 198 48 453 378 166 132 49 83 234 212 189 139
internal_count=2501 1443 613 830 1058 383 632 294 89 46 1016 771 605 537 503 245 165 103 198 48 453 378 166 132 49 83 234 212 189 139
is_linear=0
shrinkage=0.03


Tree=112
num_leaves=31
num_cat=0
split_feature=119 115 134 137 126 138 122 125 133 116 123 126 133 126 128 125 126 127 132 129 122 121 129 131 139 115 118 125 123 128
split_gain=53.1525 44.08 44.7154 71.1271 35.3168 22.5946 9.36907 8.96646 8.58252 6.444 5.79665 5.53495 7.28049 6.31817 5.43234 5.35709 6.7291 5.32276 5.9989 5.26437 4.8092 7.56988 5.50609 7.51131 5.51065 8.44198 12.3151 6.19591 6.65172 5.2981
threshold=514.50000000000011 1.0000000180025095e-35 1.0000000180025095e-35 9.5000000000000018 1.5000000000000002 40.500000000000007 -23.499999999999996 -0.20820433436532504 1.059413142992673 1.0000000180025095e-35 -2.4999999999999996 155.00000000000003 8.1928290247232685 28.500000000000004 244.50000000000003 0.26846846846846856 1.0000000180025095e-35 143.00000000000003 109.21428571428574 155.00000000000003 126.50000000000001 118.50000000000001 40.500000000000007 16.289042776425003 19.500000000000004 11.500000000000002 19.833333333333339 0.017391450463772013 -2.4999999999999996 7.5000000000000009
decision_type=2 2 2 2 2 2 2 2 2 2 2 2 2 2 2 2 2 2 2 2 2 2 2 2 2 2 2 2 2 2
left_child=1 2 4 -4 10 8 7 -3 -5 -7 -1 12 -10 -14 17 20 -17 18 -6 -15 21 22 23 24 27 -26 -27 28 -8 -22
right_child=-2 6 3 5 14 9 15 -9 11 -11 -12 -13 13 19 -16 16 -18 -19 -20 -21 29 -23 -24 -25 25 26 -28 -29 -30 -31
leaf_value=-0.0046455284399121765 2.8941172385303973 0.16178009855456285 -0.026518270420199198 -0.026336160395991338 -0.008660976730794882 -0.029643818586673823 3.4646660201049781e-05 -0.06393280552456701 0.017792876296133193 -0.031580926228261107 -0.026806281255872162 1.4512327588624852 -0.05856684552191084 0.098900211446897535 0.90357614134483299 -0.045234759430441279 0.00049889036163643043 -0.15451193408923658 0.48629244497068297 -0.25705853028334946 0.00055123147827629282 -0.86063621986131222 -0.0024040863705611848 0.17406819114784725 0.0023974207330209117 -0.0093815143614351375 0.0076445676886811136 0.16493677772762183 -0.039025218132669043 0.41084960679297211
leaf_weight=25 88 24 223 22 468 88 30 75 45 85 173 22 41 47 57 76 154 46 37 20 30 26 272 73 60 40 42 29 49 34
leaf_count=25 88 24 223 22 468 88 30 75 45 85 173 22 41 47 57 76 154 46 37 20 30 26 272 73 60 40 42 29 49 34
internal_value=-0.00427135 -0.00512159 -0.0085641 -0.0147893 -0.00391369 -0.006544 -0.000347399 -0.00888462 0.000415842 -0.0142921 -0.0147488 0.0028 0.000531646 -0.00366372 -0.00028385 0.000613043 -0.00329362 -0.00123022 -0.000282353 0.002 0.00194783 0.00109265 0.00184 0.00446341 0.00185882 0.00567347 -0.00062069 -0.00313274 -0.00742857 0.00947826
internal_weight=2501 2413 1399 593 806 370 1014 99 197 173 198 175 153 108 608 915 230 551 505 67 685 621 595 323 250 142 82 108 79 64
internal_count=2501 2413 1399 593 806 370 1014 99 197 173 198 175 153 108 608 915 230 551 505 67 685 621 595 323 250 142 82 108 79 64
is_linear=0
shrinkage=0.03


Tree=113
num_leaves=31
num_cat=0
split_feature=115 134 138 126 115 138 123 126 116 126 131 123 130 115 132 115 131 115 116 124 135 121 131 132 126 125 124 131 116 132
split_gain=55.424 51.9004 76.0007 40.5469 28.5999 23.077 19.1122 17.8107 8.05661 6.25947 5.83884 5.79665 5.466 18.0199 11.9719 10.3267 8.09158 7.09613 6.66469 9.75463 8.27287 5.71222 6.54231 4.93803 6.90662 4.6604 6.06016 4.36167 12.2637 4.81198
threshold=1.0000000180025095e-35 1.0000000180025095e-35 39.500000000000007 1.5000000000000002 514.50000000000011 40.500000000000007 -322.49999999999994 177.00000000000003 1.0000000180025095e-35 565.00000000000011 1.0000000180025095e-35 -2.4999999999999996 18.166666666666668 17.500000000000004 4.9285714285714297 1.5000000000000002 2.9056810222284128 27.500000000000004 58.500000000000007 -17.499999999999996 0.81174490092936691 19.500000000000004 12.965766184522435 16.928571428571434 41.500000000000007 0.21857040229885061 -1.4999999999999998 3.756446776551098 12.500000000000002 28.785714285714288
decision_type=2 2 2 2 2 2 2 2 2 2 2 2 2 2 2 2 2 2 2 2 2 2 2 2 2 2 2 2 2 2
left_child=1 3 -3 11 12 7 -5 10 -7 27 -4 -1 14 -14 17 -16 -17 -2 25 -20 21 22 -21 -12 -25 -15 -27 -8 -29 -30
right_child=4 2 5 6 -6 8 9 -9 -10 -11 23 -13 13 18 15 16 -18 -19 19 20 -22 -23 -24 24 -26 26 -28 28 29 -31
leaf_value=-0.004506162586714808 -0.023344580663015497 -0.025859456139544813 -0.015559387406594356 2.3969048827754182 3.8573892190018344 -0.029249499298716095 0.0014216449079886217 2.006677857029997 -0.030216897912397497 2.8270419801496303 0.015459597008782843 -0.026002092818195995 -0.050626014932066067 0.019354716661465439 0.0017739552499651267 -0.0047882009631665667 0.0045662456243827426 0.34029951612011322 -0.1801138259310619 -0.0072300733414570571 0.43650912329536667 -0.061965033541038536 0.33100787751871708 -0.091809429332068371 0.01842235312924444 0.11172257301179073 -0.029264892563327434 -0.11110334820077784 0.2236268923199638 -0.023229821728271354
leaf_weight=25 116 230 38 27 38 90 417 24 90 20 56 173 49 232 35 63 99 43 46 33 52 155 34 24 61 23 40 28 28 112
leaf_count=25 116 230 38 27 38 90 417 24 90 20 56 173 49 232 35 63 99 43 46 33 52 155 34 24 61 23 40 28 28 112
internal_value=-0.00419952 -0.00801381 -0.0146019 -0.00308263 0.00101035 -0.00624742 0.000649922 0.000692308 -0.0139135 -0.000531148 -0.00273913 -0.0147488 0 -0.00160538 0.00297507 0.00784158 0.00427545 -0.00307317 -0.000135484 -0.00312 -0.00083871 -0.00340969 0.00366667 0.000164384 -0.00426667 0.00308 -0.00388235 -0.00115932 -0.00516763 -0.0012
internal_weight=2501 1443 613 830 1058 383 632 203 180 605 179 198 1020 664 356 197 162 159 615 320 274 222 67 141 85 295 63 585 168 140
internal_count=2501 1443 613 830 1058 383 632 203 180 605 179 198 1020 664 356 197 162 159 615 320 274 222 67 141 85 295 63 585 168 140
is_linear=0
shrinkage=0.03


Tree=114
num_leaves=31
num_cat=0
split_feature=119 115 134 137 126 138 126 116 123 122 126 123 128 127 132 132 132 130 139 124 129 130 128 117 126 117 129 115 134 132
split_gain=50.1143 42.5391 44.5056 69.3766 35.8024 22.5946 7.83537 6.444 6.38566 5.87008 7.6015 5.79665 5.30683 5.44979 5.86972 5.1518 6.74325 5.6806 4.74199 9.44429 7.2581 5.82862 5.67748 11.2539 8.04706 4.91993 4.59396 4.4433 6.23927 4.13952
threshold=514.50000000000011 1.0000000180025095e-35 1.0000000180025095e-35 9.5000000000000018 1.5000000000000002 40.500000000000007 119.50000000000001 1.0000000180025095e-35 -59.999999999999993 -23.499999999999996 11.500000000000002 -2.4999999999999996 244.50000000000003 143.00000000000003 109.21428571428574 0.78571428571428581 3.785714285714286 9.1666666666666696 26.500000000000004 -4.4999999999999991 6.5000000000000009 17.166666666666668 66.500000000000014 14.500000000000002 5.5000000000000009 42.500000000000007 24.500000000000004 514.50000000000011 1.0000000180025095e-35 4.5000000000000009
decision_type=2 2 2 2 2 2 2 2 2 2 2 2 2 2 2 2 2 2 2 2 2 2 2 2 2 2 2 2 2 2
left_child=1 2 4 -4 11 6 15 -7 -3 10 -10 -1 13 14 18 -5 -17 -18 20 -20 -6 -22 23 24 -21 -23 -19 28 -2 -11
right_child=27 8 3 5 12 7 -8 -9 9 29 -12 -13 -14 -15 -16 16 17 26 19 22 21 25 -24 -25 -26 -27 -28 -29 -30 -31
leaf_value=-0.0043709777091133616 2.4407886821312941 0.86361971398379778 -0.02494693862340688 -0.034071307915162441 0.016329257265801696 -0.027877019050112126 0.61200417185424949 -0.029726991504041348 0.0017207365924661654 -0.012768530973028724 -0.060155870352598978 -0.025222030033650117 0.87642620775724878 -0.14954945341425499 0.47166102227432261 0.032847548031088351 -0.059602762166379573 0.028276777097574663 0.095422409381648796 -0.00095264958130023111 -0.057838590494344005 0.035666676927104853 -0.069182556089941435 0.06674080606204455 -0.086617830613862939 -0.034207372046176091 -0.083317846050535799 3.7416675424317809 -0.69293120998591418 0.00079040068207531173
leaf_weight=25 28 23 223 21 124 88 37 85 31 143 65 173 57 46 37 27 25 35 24 25 67 105 21 47 29 26 52 38 22 752
leaf_count=25 28 23 223 21 124 88 37 85 31 143 65 173 57 46 37 27 25 35 24 25 67 105 21 47 29 26 52 38 22 752
internal_value=-0.00427135 -0.00509677 -0.00847863 -0.014689 -0.0038397 -0.006544 0.000415842 -0.0142921 -0.000406281 -0.000807229 -0.00766337 -0.0147488 -0.000185971 -0.0011223 -0.000164706 -0.00250909 -0.000166667 -0.00353846 -0.00112896 -0.00552318 0.000899083 -0.00263054 -0.00892913 -0.00532075 -0.0141356 0.00105882 0.00026087 0.0173548 0.00970909 -2.66667e-05
internal_weight=2501 2413 1399 593 806 370 197 173 1014 991 96 198 608 551 505 160 139 112 468 146 322 198 122 101 54 131 87 88 50 895
internal_count=2501 2413 1399 593 806 370 197 173 1014 991 96 198 608 551 505 160 139 112 468 146 322 198 122 101 54 131 87 88 50 895
is_linear=0
shrinkage=0.03


Tree=115
num_leaves=31
num_cat=0
split_feature=133 122 134 137 128 116 139 126 138 132 126 118 133 131 116 124 134 124 133 127 137 116 118 125 133 133 121 118 129 116
split_gain=49.6218 36.6115 49.5206 59.2294 17.5402 18.1961 15.3118 12.5615 11.607 10.4813 7.07843 7.05134 14.1549 6.11718 10.8946 7.65921 7.65944 7.23534 9.17465 11.0836 7.1349 6.89684 10.2799 6.15255 6.04386 5.59403 5.21956 4.81486 4.67879 5.79983
threshold=185.62083339050966 3.5000000000000004 1.0000000180025095e-35 9.5000000000000018 1.5000000000000002 2.5000000000000004 15.500000000000002 618.00000000000011 40.500000000000007 0.6428571428571429 338.50000000000006 61.000000000000007 42.283355483114519 1.0000000180025095e-35 1.0000000180025095e-35 -1.4999999999999998 -1.0000000180025095e-35 -5.4999999999999991 3.1134975204534769 10.500000000000002 9.5000000000000018 17.500000000000004 60.500000000000007 -0.26058201058201053 86.502180620579068 0.66936538861185257 18.500000000000004 0.50000000000000011 40.500000000000007 8.5000000000000018
decision_type=2 2 2 2 2 2 2 2 2 2 2 2 2 2 2 2 2 2 2 2 2 2 2 2 2 2 2 2 2 2
left_child=1 2 4 6 5 25 -4 13 9 -5 -3 -10 -13 15 -15 -6 20 23 -19 -20 -17 -21 -23 -16 -24 27 -7 -1 29 -18
right_child=-2 10 3 8 7 26 -8 -9 11 -11 -12 12 -14 14 17 16 28 18 19 21 -22 22 24 -25 -26 -27 -28 -29 -30 -31
leaf_value=-0.024465369132640614 2.4329755144298963 0.00073781762166547082 -0.015898535041526191 -0.033049168677707574 0.16824657082208788 -0.017225299378051451 -0.024198530464704673 3.4171729732338614 -0.025035132609838518 0.0016990186346766078 1.980292564012198 0.79015885699972643 -0.17452425902225224 -0.03117010242156262 -0.0015863635246651951 0.0026760568278706076 -0.030932556601970276 -0.035130584524983799 0.0043690763192615091 -0.027637414170820839 0.0020364997484022228 0.08982962892378353 -0.036820140188407034 -0.089660104762505882 0.07293328678737851 -0.026577625999652535 0.16557704576771023 0.002600926597419576 -0.00086995435121625772 -0.11504459612805898
leaf_weight=80 61 529 28 21 41 52 216 26 167 186 37 33 23 69 36 208 21 22 74 47 29 112 111 56 29 54 34 26 45 28
leaf_count=80 61 529 28 21 41 52 216 26 167 186 37 33 23 69 36 208 21 22 74 47 29 112 111 56 29 54 34 26 45 28
internal_value=-0.004415 -0.00510184 -0.00711762 -0.0135994 -0.00343071 -0.010494 -0.0252771 -0.00155787 -0.00674483 -0.0015283 0.00156567 -0.0114211 -0.00186885 -0.00218006 -0.00416043 0.000779841 -0.000785714 -0.0024878 -0.00066 0.000539683 0.00208264 -0.00205263 0 -0.00983505 -0.00533793 -0.0163273 0.000593407 -0.0112973 -0.00781818 -0.0137778
internal_weight=2501 2440 1874 674 1200 246 244 954 430 207 566 223 56 928 556 372 331 487 395 373 237 299 252 92 140 160 86 106 94 49
internal_count=2501 2440 1874 674 1200 246 244 954 430 207 566 223 56 928 556 372 331 487 395 373 237 299 252 92 140 160 86 106 94 49
is_linear=0
shrinkage=0.03


Tree=116
num_leaves=31
num_cat=0
split_feature=115 134 137 126 138 115 126 123 118 122 132 125 125 126 123 121 128 132 128 127 135 131 133 126 138 125 127 132 127 132
split_gain=48.2657 52.116 66.8831 42.0533 21.2621 20.4731 18.7358 18.6423 6.67472 6.10456 6.65583 6.15981 6.96531 6.0102 5.79665 5.16296 10.4849 8.07564 7.19403 10.5831 5.24274 5.07077 5.42026 5.86498 4.79788 4.7943 7.37124 4.71548 9.42698 10.1278
threshold=1.0000000180025095e-35 1.0000000180025095e-35 9.5000000000000018 1.5000000000000002 40.500000000000007 546.00000000000011 177.00000000000003 -322.49999999999994 61.000000000000007 173.00000000000003 103.50000000000001 0.40535714285714292 0.1526806526806527 565.00000000000011 -2.4999999999999996 20.500000000000004 433.00000000000006 135.64285714285717 177.00000000000003 219.50000000000003 -0.22252093395631442 1.0000000180025095e-35 16.742953546751238 41.500000000000007 40.500000000000007 12.750000000000002 26.500000000000004 4.5000000000000009 9.5000000000000018 11.500000000000002
decision_type=2 2 2 2 2 2 2 2 2 2 2 2 2 2 2 2 2 2 2 2 2 2 2 2 2 2 2 2 2 2
left_child=1 3 -3 14 6 9 21 -5 -6 10 11 12 27 -9 -1 16 17 -12 24 -20 -21 -4 -23 -24 -17 26 -13 -2 -29 -30
right_child=5 2 4 7 8 -7 -8 13 -10 -11 15 25 -14 -15 -16 18 -18 -19 19 20 -22 22 23 -25 -26 -27 -28 28 29 -31
leaf_value=-0.004370920667417808 -0.018406956709210505 -0.023609308382715126 -0.013078991486610425 2.2965169514558168 -0.026289654500313609 3.8851902503065117 1.9280664256044302 -0.0080489922644033964 -0.03249798071575933 0.32853138592020142 -0.0034515446639430533 -0.012670526114375295 0.060829922547283283 2.6796401990614975 -0.023731408058661394 -0.091404738943500236 -0.36816718015990146 0.34988076103551491 0.35046631586585364 -0.17232855923947568 0.027921208033403672 0.016927916116493118 -0.086606581629630516 0.001072386948538586 -0.024575047323841515 0.004794761143801978 -0.1184067808322013 0.0017483939765384269 -0.031714803317912425 0.0013323380547991804
leaf_weight=25 87 230 38 27 140 32 24 585 40 52 20 109 41 20 173 52 20 29 26 31 33 55 24 62 41 51 27 148 20 239
leaf_count=25 87 230 38 27 140 32 24 585 40 52 20 109 41 20 173 52 20 29 26 31 33 55 24 62 41 51 27 148 20 239
internal_value=-0.00424741 -0.00780663 -0.0144078 -0.00286707 -0.0065567 0.00061524 0.000115385 0.000932496 -0.0139135 -0.000168768 -0.000729316 0.000734525 0.00237778 -0.000236066 -0.0147488 -0.00487938 0.00194595 0.00933333 -0.00746809 -0.0012 -0.00773913 -0.0033913 -0.000575342 -0.00520879 -0.013102 -0.003875 -0.00676596 0.00131062 0.00267961 -0.000772727
internal_weight=2501 1443 613 830 383 1058 203 632 180 1026 974 722 535 605 198 252 69 49 183 90 64 179 141 86 93 187 136 494 407 259
internal_count=2501 1443 613 830 383 1058 203 632 180 1026 974 722 535 605 198 252 69 49 183 90 64 179 141 86 93 187 136 494 407 259
is_linear=0
shrinkage=0.03


Tree=117
num_leaves=31
num_cat=0
split_feature=115 134 137 126 138 115 123 126 116 122 132 115 126 123 133 132 126 132 116 121 124 122 130 132 124 115 122 129 133 130
split_gain=47.4934 51.0201 68.9921 42.5614 23.077 20.3687 18.4868 17.8107 8.05661 6.03003 6.11396 6.11031 5.928 5.79665 5.56782 4.94701 5.54742 5.92732 4.68071 6.10558 4.49981 4.28654 5.95277 10.3556 13.2307 8.30588 5.87361 5.23582 6.14279 5.07335
threshold=1.0000000180025095e-35 1.0000000180025095e-35 9.5000000000000018 1.5000000000000002 40.500000000000007 546.00000000000011 -322.49999999999994 177.00000000000003 1.0000000180025095e-35 173.00000000000003 103.50000000000001 129.50000000000003 565.00000000000011 -2.4999999999999996 1.059413142992673 3.2142857142857149 15.500000000000002 18.071428571428573 93.500000000000014 1.0000000180025095e-35 14.500000000000002 24.500000000000004 18.833333333333339 4.9285714285714297 -1.0000000180025095e-35 9.5000000000000018 11.500000000000002 41.500000000000007 4.5580072416052069 28.166666666666668
decision_type=2 2 2 2 2 2 2 2 2 2 2 2 2 2 2 2 2 2 2 2 2 2 2 2 2 2 2 2 2 2
left_child=1 3 -3 13 7 9 -5 14 -6 10 11 18 -8 -1 -4 -16 -17 -18 19 -2 -13 22 23 -21 -25 -24 -26 28 -23 -27
right_child=5 2 4 6 8 -7 12 -9 -10 -11 -12 20 -14 -15 15 16 17 -19 -20 21 -22 27 25 24 26 29 -28 -29 -30 -31
leaf_value=-0.0042397930473952791 0.0014547744954913266 -0.02290102913123367 -0.025113703948686089 2.2276214429121421 -0.025995960134946684 3.7686345427973151 -0.0078075224964712885 1.8702244328362969 -0.02687883761659977 0.31867544434259543 -0.028477121837447824 0.30981182675542696 2.5992509930896524 -0.023019465816901553 0.12524134133749901 -0.035164091354550057 0.049813606515353041 -0.04001399544658412 -0.037064778880032491 -0.012173370075195479 0.20173112176140315 -0.00056069288937839797 -0.14736462678235479 -0.0027340086387737015 0.0057731227049509304 -0.0948377671761131 0.00057184025870142812 -0.0056643679722058948 0.17164583984874351 -0.00078571908893415804
leaf_weight=25 34 230 22 27 90 32 585 24 90 52 252 27 20 173 20 44 20 73 45 136 22 36 24 59 58 29 31 53 42 126
leaf_count=25 34 230 22 27 90 32 585 24 90 52 252 27 20 173 20 44 20 73 45 136 22 36 24 59 58 29 31 53 42 126
internal_value=-0.00415164 -0.00768232 -0.0142136 -0.00279521 -0.00624742 0.000671684 0.00102669 0.000692308 -0.0139135 -0.000110572 -0.000668029 0.000734525 -0.000137705 -0.0147488 -0.00273913 -0.000518519 -0.00270423 0.00146939 -3.53982e-05 0.000654028 0.0104444 -9.01503e-05 -0.00146154 0.00122491 0.00662745 -0.00567391 0.0136596 0.00458824 0.0093253 -0.002775
internal_weight=2501 1443 613 830 383 1058 632 203 180 1026 974 722 605 198 179 157 137 93 673 628 49 594 463 284 148 179 89 131 78 155
internal_count=2501 1443 613 830 383 1058 632 203 180 1026 974 722 605 198 179 157 137 93 673 628 49 594 463 284 148 179 89 131 78 155
is_linear=0
shrinkage=0.03


Tree=118
num_leaves=31
num_cat=0
split_feature=133 134 122 137 130 138 116 131 123 129 133 124 133 126 118 133 131 116 124 129 129 132 125 138 122 123 125 119 133 119
split_gain=42.9148 28.9443 51.0733 68.5646 21.5291 17.1701 14.3253 9.16898 8.54458 8.44789 8.43185 7.31483 6.17021 8.01478 5.88303 12.7498 5.77865 20.0064 10.7943 6.04646 6.30579 8.09135 5.88293 5.71054 5.49913 8.13846 11.5927 5.46373 9.82936 8.44809
threshold=210.96081282856031 1.0000000180025095e-35 1.0000000180025095e-35 9.5000000000000018 1.1666666666666667 40.500000000000007 2.5000000000000004 85.561831581103249 -221.49999999999997 124.00000000000001 1.059413142992673 1.0000000180025095e-35 3.6280942035222119 15.500000000000002 61.000000000000007 42.283355483114519 1.0950140852533554 1.0000000180025095e-35 -4.4999999999999991 6.5000000000000009 40.500000000000007 36.142857142857146 -0.20820433436532504 39.500000000000007 -61.499999999999993 -43.499999999999993 -0.49409448818897633 18.500000000000004 4.6773424059957245 31.500000000000004
decision_type=2 2 2 2 2 2 2 2 2 2 2 2 2 2 2 2 2 2 2 2 2 2 2 2 2 2 2 2 2 2
left_child=1 4 3 -3 6 10 -1 9 -6 11 -5 -4 -12 -14 -7 -16 19 -18 22 23 21 -21 -19 -10 -20 -26 -27 28 -28 -29
right_child=-2 2 7 5 8 14 -8 -9 16 -11 12 -13 13 -15 15 -17 17 18 24 20 -22 -23 -24 -25 25 26 27 29 -30 -31
leaf_value=-0.022328881842394507 3.0992311005163469 -0.022117448417699789 0.0057391210046708841 -0.024360292830225505 1.9436422359786456 -0.022656669310226474 -0.0031328015305587798 -0.097423751427474475 -0.033421837298736684 0.29601571137840094 0.053099094153370829 -0.018103825552074113 -0.055613086136527615 0.036369781363798405 0.76823539583970546 -0.16750722670161389 -0.0434375853215569 0.00025560515113820514 -0.029968620509013985 -0.0078472770749988992 0.070543666650590073 -0.28560100981548003 -0.075399950520726788 0.0025396586905874542 0.35837006002884464 -0.028033427272766642 -0.047387350268341427 -0.025529749194343036 0.0095397490882625068 0.01009451586927284
leaf_weight=158 48 232 110 22 23 156 87 20 38 65 28 127 38 108 31 23 69 47 96 127 219 22 95 67 29 47 20 24 60 265
leaf_count=158 48 232 110 22 23 156 87 20 38 65 28 127 38 108 31 23 69 47 96 127 219 22 95 67 29 47 20 24 60 265
internal_value=-0.00419952 -0.00476973 -0.0088228 -0.0137076 -0.00213885 -0.00611679 -0.010176 0.000899083 -0.000521947 0.00232573 0.000268657 -0.000347107 0.00264804 0 -0.0119721 -0.00294915 -0.000897561 -0.0025284 -0.000906977 0.00168201 -0.000144772 -0.00483117 -0.00812245 0.00785455 0.00103297 0.00245333 0.00126841 0.0031123 0.00981176 0.00110204
internal_weight=2501 2453 960 638 1493 406 245 322 1248 302 196 237 174 146 210 54 1225 752 683 473 368 149 142 105 541 445 416 369 80 289
internal_count=2501 2453 960 638 1493 406 245 322 1248 302 196 237 174 146 210 54 1225 752 683 473 368 149 142 105 541 445 416 369 80 289
is_linear=0
shrinkage=0.03


Tree=119
num_leaves=31
num_cat=0
split_feature=115 139 139 139 126 115 118 126 124 131 127 118 135 118 132 127 116 115 125 124 132 130 124 124 126 127 124 115 118 120
split_gain=49.1382 52.0935 92.459 53.167 26.6171 19.0221 11.5325 15.1327 9.87454 9.69752 8.92058 8.24881 7.7249 5.38349 7.88771 5.20106 4.65477 9.03288 10.4019 8.78153 7.08589 10.2119 7.47323 7.18982 7.07334 4.63213 4.39618 4.29574 3.91831 7.14189
threshold=1.0000000180025095e-35 22.500000000000004 15.500000000000002 28.500000000000004 237.00000000000003 551.00000000000011 0.50000000000000011 12.500000000000002 2.5000000000000004 1.0000000180025095e-35 1.5000000000000002 61.000000000000007 1.0000000180025095e-35 25.833333333333339 82.142857142857153 62.500000000000007 18.500000000000004 21.500000000000004 -0.20820433436532504 -17.499999999999996 4.5000000000000009 18.166666666666668 -1.0000000180025095e-35 2.5000000000000004 40.500000000000007 87.500000000000014 -4.4999999999999991 17.500000000000004 347.66666666666674 135.00000000000003
decision_type=2 2 2 2 2 2 2 2 2 2 2 2 2 2 2 2 2 2 2 2 2 2 2 2 2 2 2 2 2 2
left_child=1 2 10 4 6 16 7 -3 9 -8 -1 -5 -4 -10 -15 -9 20 -18 -19 -20 -2 22 26 -24 27 -11 -22 -23 29 -21
right_child=5 3 12 11 -6 -7 8 15 13 25 -12 -13 -14 14 -16 -17 17 18 19 28 21 24 23 -25 -26 -27 -28 -29 -30 -31
leaf_value=-0.022211203568742482 -0.0087979041025391443 -0.021659015387122674 -0.02276780251140063 -0.024976171879779206 2.0306653029631545 3.6552726710373165 0.028037099046354645 0.11148831870388645 -0.066626952556521638 0.016884970757422454 0.0065669500161783211 -0.025691459364740144 -0.026282297661752486 0.16864137334088983 -0.063636141719557948 -0.16810527549676407 -0.060415968254589281 0.31945845220131336 -0.13640851924883748 -0.0040783945979958958 0.0019590906791490336 -0.0707486605001095 0.0051489626519943777 0.0041959097614723004 0.029515108307070929 -0.0343407819246579 -0.069447561164669741 -0.0021823221525836089 -0.081154452268586391 0.20478863023966767
leaf_weight=66 102 106 255 175 65 31 73 22 38 145 237 40 49 36 26 29 48 50 53 313 26 22 69 36 150 81 20 36 25 77
leaf_count=66 102 106 255 175 65 31 73 22 38 145 237 40 49 36 26 29 48 50 53 313 26 22 69 36 150 81 20 36 25 77
internal_value=-0.00400798 -0.00759945 -0.0142549 -0.00270392 0.00176358 0.00089746 -0.000417112 -0.00718519 0.00228713 0.00501316 -0.00241558 -0.0153818 -0.0258058 -0.00565714 0 0.00578571 0.000139535 -0.00167075 -0.000447419 -0.00189006 0.0023691 0.00435165 0.0101538 0.0144 0 0.00179221 0 -0.00847619 -0.000342857 0.000440506
internal_weight=2501 1443 607 836 621 1058 556 157 399 299 303 215 304 100 62 51 1027 566 518 468 461 359 151 105 208 226 46 58 415 390
internal_count=2501 1443 607 836 621 1058 556 157 399 299 303 215 304 100 62 51 1027 566 518 468 461 359 151 105 208 226 46 58 415 390
is_linear=0
shrinkage=0.03


Tree=120
num_leaves=31
num_cat=0
split_feature=115 139 139 139 126 115 118 133 132 127 118 133 122 127 124 121 124 135 135 122 129 132 125 130 130 119 118 133 126 127
split_gain=44.2106 52.0585 97.3915 52.0929 27.2419 19.7281 14.299 13.1492 10.8355 8.92058 8.24881 11.1383 7.52781 7.70153 7.03139 6.195 5.20732 5.3446 5.09743 4.7235 6.57652 11.054 7.08544 5.04879 8.32511 6.30457 4.96142 4.71495 5.02952 5.38297
threshold=1.0000000180025095e-35 21.500000000000004 15.500000000000002 28.500000000000004 237.00000000000003 551.00000000000011 0.50000000000000011 0.74218015255156911 17.214285714285719 1.5000000000000002 61.000000000000007 42.283355483114519 -23.499999999999996 28.500000000000004 1.5000000000000002 53.500000000000007 -13.499999999999998 1.0000000180025095e-35 1.0000000180025095e-35 198.50000000000003 36.500000000000007 4.5000000000000009 1.1250000000000002 18.166666666666668 21.833333333333339 37.500000000000007 17.833333333333339 22.611170738851932 65.500000000000014 98.000000000000014
decision_type=2 2 2 2 2 2 2 2 2 2 2 2 2 2 2 2 2 2 2 2 2 2 2 2 2 2 2 2 2 2
left_child=1 2 9 4 6 12 7 -3 14 -1 -5 -12 13 -2 -8 -15 -10 27 -9 20 21 -14 23 25 -25 -23 -26 -18 -29 -30
right_child=5 3 -4 10 -6 -7 8 18 16 -11 11 -13 19 15 -16 -17 17 -19 -20 -21 -22 22 -24 24 26 -27 -28 28 29 -31
leaf_value=-0.02154486746168021 0.004837704072949589 -0.021009244925508996 -0.022214572803184101 -0.02422688672338583 1.9697453438742605 3.5456144909061971 0.016378421634699783 0.00073905069817905341 0.56179001009137075 0.0063699415156929801 2.4932820512281628 -0.13233410853204131 -0.011599365224255007 -0.055955129290315424 -0.01075164458508357 -0.005259912894840681 0.097430127932984972 -0.031439803677144697 -0.026405940017831118 0.4911518894697971 -0.0083880104910934953 0.002805048464359423 -0.015385052871554991 -0.038887590116434438 -0.0061482795274295119 -0.0017376838509395043 0.13521626942797191 -0.082603630693219257 0.4753089686393463 -0.019738474386789447
leaf_weight=66 24 38 286 175 65 31 115 107 20 237 20 20 143 43 32 35 26 90 29 44 423 113 50 23 28 24 77 34 20 63
leaf_count=66 24 38 286 175 65 31 115 107 20 237 20 20 143 43 32 35 26 90 29 44 423 113 50 23 28 24 77 34 20 63
internal_value=-0.00415164 -0.00755801 -0.0143838 -0.00278696 0.00152795 0.000502352 -0.000611399 -0.00767598 0.0025037 -0.00241558 -0.0153818 -0.00253333 -0.000255814 -0.00779439 0.00884211 -0.0122169 -0.00125581 -0.00262185 -0.00293617 0.000606452 9.48081e-05 0.00257883 0.0057 0.00764444 0.00311278 0.0115775 0.00676364 0.000972973 -0.00167213 0.00231818
internal_weight=2501 1443 589 854 639 1058 574 174 400 303 215 40 1027 102 147 78 253 233 136 925 881 458 315 265 128 137 105 143 117 83
internal_count=2501 1443 589 854 639 1058 574 174 400 303 215 40 1027 102 147 78 253 233 136 925 881 458 315 265 128 137 105 143 117 83
is_linear=0
shrinkage=0.03


Tree=121
num_leaves=31
num_cat=0
split_feature=115 139 139 139 126 115 118 133 124 131 127 128 133 116 130 120 123 122 118 133 128 122 130 124 124 133 139 130 128 126
split_gain=48.0118 52.0585 97.3915 49.8626 27.5279 19.1233 13.8866 13.1492 10.9279 9.23415 8.92058 8.6612 6.5898 6.33254 6.3881 11.9084 6.38463 6.3616 6.1074 5.73339 15.0506 5.47065 9.4333 12.0798 8.5521 8.4208 7.78522 7.97764 5.48037 7.18395
threshold=1.0000000180025095e-35 21.500000000000004 15.500000000000002 28.500000000000004 237.00000000000003 551.00000000000011 0.50000000000000011 0.74218015255156911 3.5000000000000004 1.0950140852533554 1.5000000000000002 40.500000000000007 31.73293663639204 19.500000000000004 0.83333333333333337 7.5000000000000009 -20.499999999999996 -23.499999999999996 61.000000000000007 9.7707256584608988 30.500000000000004 198.50000000000003 18.166666666666668 -1.0000000180025095e-35 -27.499999999999996 5.3965057014540383 20.500000000000004 5.166666666666667 52.500000000000007 44.500000000000007
decision_type=2 2 2 2 2 2 2 2 2 2 2 2 2 2 2 2 2 2 2 2 2 2 2 2 2 2 2 2 2 2
left_child=1 2 10 4 6 13 7 -3 9 -8 -1 -5 18 14 -2 21 -15 -18 -13 -10 -21 22 23 25 -24 -16 27 -25 29 -26
right_child=5 3 -4 11 -6 -7 8 -9 19 -11 -12 12 -14 16 15 -17 17 -19 -20 20 -22 -23 24 26 28 -27 -28 -29 -30 -31
leaf_value=-0.020898521437829803 -0.013954935635799805 -0.020378967577743722 -0.021548135619088575 -0.022544486816853594 1.9106529835580328 3.4392460561790097 0.015887068985658788 -0.0071613489615785708 -0.066670228469278642 0.0012422206006343828 0.006178843270222183 -0.03827033110679276 -0.15774124286366203 0.36683889671708414 -0.093834609473316927 0.0028661678146829671 -0.065673243312832169 -0.0039557367611188707 2.4184835896913177 0.32206451853431523 -0.034309008203969461 0.76385927735751835 0.26833283102188304 -0.031132168960512949 -0.0089566735175484521 0.0096669333929911457 0.0054985883912713257 0.015042633884096501 -0.24931643919030264 0.02061332851062609
leaf_weight=66 78 38 286 137 65 31 99 136 26 212 237 29 29 63 25 31 63 425 20 21 42 25 21 27 47 20 60 39 52 51
leaf_count=66 78 38 286 137 65 31 99 136 26 212 237 29 29 63 25 31 63 425 20 21 42 25 21 27 47 20 60 39 52 51
internal_value=-0.00400798 -0.00755801 -0.0143838 -0.00278696 0.00143478 0.000841016 -0.000715026 -0.00767598 0.00235556 0.00501266 -0.00241558 -0.0151091 -0.00643373 8.13953e-05 0.00260707 0.00415385 -0.00209353 -0.00327383 0.000444444 -0.0066383 -0.00123529 0.00248387 0.00136599 0.00627273 -0.00354545 -0.00648 0.0109466 0.00329577 -0.00615484 -0.00168932
internal_weight=2501 1443 589 854 639 1058 574 174 400 311 303 215 78 1027 476 398 551 488 49 89 63 367 342 171 171 45 126 66 150 98
internal_count=2501 1443 589 854 639 1058 574 174 400 311 303 215 78 1027 476 398 551 488 49 89 63 367 342 171 171 45 126 66 150 98
is_linear=0
shrinkage=0.03


Tree=122
num_leaves=31
num_cat=0
split_feature=115 139 139 139 126 115 118 133 132 116 127 124 116 132 130 118 124 133 124 115 129 124 128 120 122 126 132 124 118 128
split_gain=46.7274 52.0585 97.3915 47.6812 25.0948 19.3255 12.5076 14.6318 10.4671 9.87917 8.92058 7.03139 6.28656 9.09811 15.0681 10.2117 9.65393 10.0612 8.14576 7.39999 7.76873 7.48347 10.1016 8.18784 6.44972 6.13531 7.40153 5.95609 6.94725 5.40419
threshold=1.0000000180025095e-35 21.500000000000004 15.500000000000002 28.500000000000004 339.50000000000006 551.00000000000011 0.50000000000000011 0.74218015255156911 17.214285714285719 34.500000000000007 1.5000000000000002 1.5000000000000002 19.500000000000004 4.5000000000000009 18.166666666666668 5.8333333333333348 -1.0000000180025095e-35 5.532828433639863 2.5000000000000004 21.500000000000004 1.0000000180025095e-35 -17.499999999999996 7.5000000000000009 30.500000000000004 198.50000000000003 14.500000000000002 3.0714285714285716 26.500000000000004 16.833333333333339 30.500000000000004
decision_type=2 2 2 2 2 2 2 2 2 2 2 2 2 2 2 2 2 2 2 2 2 2 2 2 2 2 2 2 2 2
left_child=1 2 10 4 6 12 7 -3 11 -5 -1 -8 13 -2 16 -16 17 -15 -18 -14 -21 -22 -23 -24 -17 26 -9 28 -10 -30
right_child=5 3 -4 9 -6 -7 8 25 27 -11 -12 -13 19 14 15 24 18 -19 -20 20 21 22 23 -25 -26 -27 -28 -29 29 -31
leaf_value=-0.020271565794694909 -0.0086704264948249399 -0.019767598550411412 -0.020901691550515921 -0.022823745517178647 2.3445423999222226 3.3360686744936379 0.015410456916089025 0.0020673277918902434 -0.043371388602831788 -0.016218455041926837 0.0059934779721155258 -0.0096673478552767641 -0.057457629588572784 -0.098594441018038007 -0.067190872776086749 -0.0032884693845225141 0.0033669647953209567 0.0045082515244744444 0.0026349119759881035 0.47619438724971247 -0.07515545942193369 -0.11024584781079454 0.07414748646067551 -0.0045177986913563471 0.74094349903679302 0.065466340943397025 -0.023386795149107062 -0.072195179347726096 0.30935532170391616 0.0011714779825879873
leaf_weight=66 111 38 286 157 41 31 115 31 37 58 237 32 36 20 25 158 73 26 38 54 55 50 75 281 25 57 52 26 22 188
leaf_count=66 111 38 286 157 41 31 115 31 37 58 237 32 36 20 25 158 73 26 38 54 55 50 75 281 25 57 52 26 22 188
internal_value=-0.00405587 -0.00755801 -0.0143838 -0.00278696 0.00134161 0.000728128 -0.000288557 -0.00685246 0.00252706 -0.0148364 -0.00241558 0.00884211 -2.32558e-05 0.00248233 0.00476757 -0.000535211 0.0116296 0 0.0162414 -0.00220144 -0.0012 -0.00249785 -0.0010073 0.000814404 0.00204255 -0.00202759 -0.00709091 -0.00094964 0.000571429 0.00276279
internal_weight=2501 1443 589 854 639 1058 598 178 420 215 303 147 1027 476 365 208 157 46 111 551 515 461 406 356 183 140 83 273 247 210
internal_count=2501 1443 589 854 639 1058 598 178 420 215 303 147 1027 476 365 208 157 46 111 551 515 461 406 356 183 140 83 273 247 210
is_linear=0
shrinkage=0.03


Tree=123
num_leaves=31
num_cat=0
split_feature=115 139 139 139 126 115 122 126 116 132 127 121 122 118 115 118 128 124 133 132 130 127 121 121 121 115 130 119 118 130
split_gain=45.5055 54.6333 97.3915 47.7256 24.4465 19.2247 11.8055 13.45 11.4074 10.3425 8.92058 7.4902 7.16148 6.4766 11.6874 5.89066 7.2732 7.813 5.70279 5.726 5.65106 4.066 4.66488 8.55824 5.10736 4.41611 6.61256 4.16513 7.64343 5.22299
threshold=1.0000000180025095e-35 21.500000000000004 15.500000000000002 28.500000000000004 339.50000000000006 551.00000000000011 -1.0000000180025095e-35 14.500000000000002 34.500000000000007 17.214285714285719 1.5000000000000002 1.5000000000000002 2.5000000000000004 0.50000000000000011 84.500000000000014 19.500000000000004 30.500000000000004 3.5000000000000004 0.74218015255156911 1.9285714285714288 143.16666666666671 115.50000000000001 53.500000000000007 39.500000000000007 9.5000000000000018 41.500000000000007 2.8333333333333335 70.500000000000014 31.166666666666668 13.500000000000002
decision_type=2 2 2 2 2 2 2 2 2 2 2 2 2 2 2 2 2 2 2 2 2 2 2 2 2 2 2 2 2 2
left_child=1 2 10 4 6 11 9 18 -5 -3 -1 13 20 -2 -15 -11 -17 -18 -8 -20 21 22 23 24 25 26 -13 28 29 -26
right_child=5 3 -4 8 -6 -7 7 -9 -10 15 -12 12 -14 14 -16 16 17 -19 19 -21 -22 -23 -24 -25 27 -27 -28 -29 -30 -31
leaf_value=-0.019663418820854064 -0.035989796195917342 0.0097740857578256166 -0.020274640804000446 -0.022139033151663289 2.2742061279245545 3.2359866142588292 -0.019174570593899067 0.063502350715095121 -0.015731901390669031 -0.0676492976108755 0.005813673632952065 -0.024761751487230373 0.0013102207124385146 0.0046443757229060086 -0.027698739097806849 0.30159829268998334 0.021611534019632471 -0.034162717788291559 0.00623282857426342 -0.026888630020475351 -0.091773937154692647 0.0999046039548427 0.014671049193108469 -0.10232948987419049 0.0067843577160436649 -0.14815785189404584 0.0093172135632309319 0.039066691539092202 -0.0052919958847116528 -0.014556146998346184
leaf_weight=66 25 148 286 157 41 31 35 57 58 45 237 37 591 53 23 20 159 49 21 64 69 20 24 20 28 23 24 37 32 21
leaf_count=66 25 148 286 157 41 31 35 57 58 45 237 37 591 53 23 20 159 49 21 64 69 20 24 20 28 23 24 37 32 21
internal_value=-0.00393615 -0.00739227 -0.0143838 -0.00250757 0.00162112 0.000784572 0 -0.0063956 -0.0145636 0.00273239 -0.00241558 2.32558e-05 -0.000831364 0.00758491 0.0117778 -0.000733813 0.0012618 -0.000535211 -0.011952 -0.00693333 -0.00430588 -0.00219188 -0.00332271 -0.00473128 -0.00257971 -0.00802247 -0.00309091 0.00141463 -0.00237209 0.00488889
internal_weight=2501 1443 589 854 639 1058 598 177 215 421 303 1027 926 101 76 273 228 208 120 85 335 266 246 222 202 84 61 118 81 49
internal_count=2501 1443 589 854 639 1058 598 177 215 421 303 1027 926 101 76 273 228 208 120 85 335 266 246 222 202 84 61 118 81 49
is_linear=0
shrinkage=0.03


Tree=124
num_leaves=31
num_cat=0
split_feature=115 138 139 139 126 115 124 117 127 116 128 133 135 130 122 130 133 135 121 128 131 126 119 133 132 127 125 139 133 126
split_gain=44.9784 53.2201 95.3074 39.357 23.2273 19.2705 11.7842 13.6208 11.4781 10.2485 9.6354 8.05658 7.43086 5.26874 5.21366 4.96962 4.54 4.53661 4.36111 4.28961 6.2372 4.37201 4.08097 4.60303 7.36714 3.80493 3.7277 6.04588 8.38554 5.11723
threshold=2.5000000000000004 39.500000000000007 15.500000000000002 28.500000000000004 496.00000000000006 551.00000000000011 -2.4999999999999996 1.0000000180025095e-35 1.5000000000000002 1.0000000180025095e-35 66.500000000000014 0.71414278565422451 1.0000000180025095e-35 4.8333333333333348 -23.499999999999996 3.8333333333333335 17.506844382546372 -0.56174490092936669 60.500000000000007 4.5000000000000009 5.3332926424530411 90.500000000000014 43.500000000000007 3.6280942035222119 1.3571428571428574 39.500000000000007 0.80625000000000013 21.500000000000004 0.71414278565422451 1.0000000180025095e-35
decision_type=2 2 2 2 2 2 2 2 2 2 2 2 2 2 2 2 2 2 2 2 2 2 2 2 2 2 2 2 2 2
left_child=1 2 8 4 6 14 -3 11 -1 -5 22 -8 16 -10 18 -14 -13 -15 -2 -11 -21 -22 23 24 -9 -24 29 28 -28 -16
right_child=5 3 -4 9 -6 -7 7 10 13 19 -12 12 15 17 26 -17 -18 -19 -20 20 21 -23 25 -25 -26 -27 27 -29 -30 -31
leaf_value=-0.019636968143926591 -0.042553018258602721 0.10247186690806799 -0.019269740314333823 -0.02057686178366323 2.6743390559001181 3.1389070158310628 -0.018599333476082097 -0.0079473440122614404 0.095258538310455151 -0.026000723028183473 -0.033439161213399869 0.0060458437170355173 -0.018365663340369476 0.17133078174643415 0.037608286565130954 -0.10510074560525169 -0.032439053387125646 -0.039537770151448486 0.0034363824400512753 0.0045050444512188294 -0.1048407960019173 -0.015259944348948959 0.29407397454646866 -0.0065961431748686799 0.0063964472691186896 0.0249153709445941 -0.0010438068286086554 0.034680227016078487 -0.07801762762737191 0.0005075806276398253
leaf_weight=73 58 112 301 124 35 31 38 36 22 24 129 49 29 67 172 20 27 154 38 25 27 39 40 100 28 30 72 37 37 527
leaf_count=73 58 112 301 124 35 31 38 36 22 24 129 49 29 67 172 20 27 154 38 25 27 39 40 100 28 30 72 37 37 527
internal_value=-0.00424741 -0.0074472 -0.0142186 -0.00280698 0.000920354 0.000792221 -0.000457232 -0.00236158 -0.00259813 -0.0131311 0.000880435 -0.00942857 -0.00526154 0.000580645 -2.537e-05 -0.0137778 0.000666667 -0.000902655 -0.00647525 -0.0062 -0.00275 -0.00752113 0.00449372 0.00173964 0.00773913 0.01032 0.000734118 -0.00353642 -0.00705263 0.00165341
internal_weight=2501 1529 617 912 673 972 638 526 316 239 363 163 125 243 941 49 76 221 96 115 91 66 234 164 64 70 845 146 109 699
internal_count=2501 1529 617 912 673 972 638 526 316 239 363 163 125 243 941 49 76 221 96 115 91 66 234 164 64 70 845 146 109 699
is_linear=0
shrinkage=0.03


Tree=125
num_leaves=31
num_cat=0
split_feature=115 139 139 139 127 115 116 118 133 127 124 129 133 127 130 135 124 129 115 116 127 121 115 133 122 129 121 139 122 122
split_gain=46.3401 48.3098 97.3915 42.3761 20.6965 16.9888 11.4074 11.3371 14.2622 8.92058 7.58948 7.74418 6.82226 13.1262 6.28756 5.75792 5.65912 7.71757 9.91039 10.1244 6.66995 5.53362 6.78005 7.46747 5.34695 5.28652 5.08889 5.8865 5.71007 4.96924
threshold=1.0000000180025095e-35 21.500000000000004 15.500000000000002 28.500000000000004 387.50000000000006 575.00000000000011 34.500000000000007 0.50000000000000011 0.74218015255156911 1.5000000000000002 3.5000000000000004 42.500000000000007 9.1081876358067468 32.500000000000007 113.83333333333336 1.0000000180025095e-35 -1.0000000180025095e-35 1.0000000180025095e-35 52.500000000000007 43.500000000000007 219.50000000000003 1.5000000000000002 84.500000000000014 8.5678198941567505 198.50000000000003 190.00000000000003 133.50000000000003 29.500000000000004 5.5000000000000009 -7.4999999999999991
decision_type=2 2 2 2 2 2 2 2 2 2 2 2 2 2 2 2 2 2 2 2 2 2 2 2 2 2 2 2 2 2
left_child=1 2 9 4 7 16 -5 8 -3 -1 11 -9 -12 -14 -13 -10 17 -2 -19 -20 29 22 23 -18 26 -16 27 28 -23 -21
right_child=5 3 -4 6 -6 -7 -8 10 15 -11 12 14 13 -15 25 -17 21 18 19 20 -22 24 -24 -25 -26 -27 -28 -29 -30 -31
leaf_value=-0.018484407211910643 0.036345128968850719 -0.018041353471799634 -0.019088309370450418 -0.019975534047532908 1.7783553284187712 3.0447398053561323 -0.014802146018480492 0.017922276639608291 0.00052651846393565065 0.006825396528506964 -0.064475439457030631 -0.040889844271875191 0.28278359335077902 -0.032162143909647015 0.56644193655237951 -0.023339688693150267 0.0026199708225644837 -0.026774979010326282 0.27399782576838005 0.021766506590340809 -0.15576797497766789 -0.012325329213757463 -0.026883004343702055 0.0018485794238483509 0.67062971298239404 -0.11954844532558155 -0.28201626203986763 0.0057089694053451007 0.0049418572294574799 -0.025964443369567079
leaf_weight=66 49 38 286 157 41 28 58 216 110 237 23 63 21 48 24 29 38 121 33 40 41 144 23 31 37 26 37 95 284 57
leaf_count=66 49 38 286 157 41 28 58 216 110 237 23 63 21 48 24 29 38 121 33 40 41 144 23 31 37 26 37 95 284 57
internal_value=-0.00431923 -0.00780663 -0.0143838 -0.00320605 0.000689441 0.000445908 -0.0145636 -0.00078607 -0.00705495 -0.00241558 0.00188732 0.00402395 -0.00550515 -0.000324324 -0.00223729 -0.00225 -0.000226087 -0.00336416 -0.00523232 -0.000477273 -0.00415385 0.00133141 0.00797938 0.0124865 0.000239203 0.00534545 -0.000520354 0.000272727 -0.00123326 0.000235294
internal_weight=2501 1443 589 854 639 1058 215 598 177 303 421 329 92 69 113 139 1030 341 292 171 138 689 92 69 597 50 560 523 428 97
internal_count=2501 1443 589 854 639 1058 215 598 177 303 421 329 92 69 113 139 1030 341 292 171 138 689 92 69 597 50 560 523 428 97
is_linear=0
shrinkage=0.03


Tree=126
num_leaves=31
num_cat=0
split_feature=115 139 139 139 126 115 128 118 126 133 127 124 131 122 133 127 133 132 139 126 132 130 131 134 122 133 128 139 130 125
split_gain=45.8763 48.9251 97.3915 40.8753 19.3172 16.9888 12.4014 11.2151 15.2889 9.574 8.92058 8.07946 8.88514 7.58421 6.82226 13.1262 6.30786 7.40153 5.47046 5.16984 4.61019 8.28188 8.75637 6.58338 5.84935 9.1696 5.75069 4.53184 4.19947 4.85032
threshold=1.0000000180025095e-35 21.500000000000004 15.500000000000002 28.500000000000004 556.50000000000011 575.00000000000011 40.500000000000007 0.50000000000000011 14.500000000000002 31.73293663639204 1.5000000000000002 3.5000000000000004 1.0950140852533554 -23.499999999999996 9.1081876358067468 32.500000000000007 0.74218015255156911 3.0714285714285716 25.500000000000004 4.5000000000000009 4.5000000000000009 18.833333333333339 2.107525783562807 0.6078576107927941 12.500000000000002 14.389618686009014 10.500000000000002 29.500000000000004 28.166666666666668 -0.066930171277997344
decision_type=2 2 2 2 2 2 2 2 2 2 2 2 2 2 2 2 2 2 2 2 2 2 2 2 2 2 2 2 2 2
left_child=1 2 10 4 7 13 -5 8 16 -8 -1 12 18 19 -13 -16 -3 -18 -9 -2 -15 22 23 -22 26 -26 -24 -21 -23 -30
right_child=5 3 -4 6 -6 -7 9 11 -10 -11 -12 14 -14 20 15 -17 17 -19 -20 27 21 28 24 -25 25 -27 -28 -29 29 -31
leaf_value=-0.017929874995553322 0.0060500432265238931 -0.017500112867645648 -0.018515660089336906 -0.019030233776143921 4.480771184845044 2.9533976111954483 0.0041421979526565667 -0.0009192652494218656 0.061400109328213097 -0.15114863217375141 0.0066206346326517541 -0.062541176273319718 0.0010244335750412502 -0.0084755515884708237 0.27430008555025565 -0.03119727959235746 0.0022203826281197102 -0.021498429802886306 0.020715371392515024 -0.059874032006432994 -0.0050387620890058387 -0.016755644859705539 0.0058365264137872509 0.0091757696946196086 -0.036243913665749403 0.4672154236733792 0.00040330120404762581 -5.9342477583879111e-06 0.058098399803549583 -0.0030268313363956165
leaf_weight=66 29 38 286 137 24 28 49 20 58 29 237 23 238 143 21 48 31 52 86 39 30 65 53 32 35 20 37 34 94 419
leaf_count=66 29 38 286 137 24 28 49 20 58 29 237 23 238 143 21 48 31 52 86 39 30 65 53 32 35 20 37 34 94 419
internal_value=-0.00429529 -0.00776519 -0.0143838 -0.0031362 0.000689441 0.000445908 -0.0142909 -0.000425806 -0.00665217 -0.00426506 -0.00241558 0.00216327 0.0042808 -0.000226087 -0.00550515 -0.000324324 -0.0125714 -0.00709091 0.0112973 -0.00779439 0.000636656 0.00154937 0.00662264 -0.00259701 0.01056 0.0024 0.0150947 -0.0118462 -0.000298456 0.000625483
internal_weight=2501 1443 589 854 639 1058 215 615 179 78 303 436 344 1030 92 69 121 83 106 102 928 785 207 62 145 55 90 73 578 513
internal_count=2501 1443 589 854 639 1058 215 615 179 78 303 436 344 1030 92 69 121 83 106 102 928 785 207 62 145 55 90 73 578 513
is_linear=0
shrinkage=0.03


Tree=127
num_leaves=31
num_cat=0
split_feature=115 139 139 139 126 115 128 117 133 133 127 139 124 129 133 118 132 133 122 119 115 119 129 123 126 129 129 132 121 128
split_gain=46.6814 49.5442 97.3915 41.387 19.1687 16.81 12.4014 11.0154 12.8682 9.574 8.92058 8.65633 7.46383 5.48163 10.2883 9.0055 7.51446 7.14849 6.73278 6.49755 5.1521 6.08325 8.24818 6.43603 6.57765 5.09752 7.93098 7.41488 5.53586 12.404
threshold=1.0000000180025095e-35 21.500000000000004 15.500000000000002 28.500000000000004 556.50000000000011 575.00000000000011 40.500000000000007 1.0000000180025095e-35 0.74218015255156911 31.73293663639204 1.5000000000000002 25.500000000000004 26.500000000000004 36.500000000000007 4.5580072416052069 2.8333333333333335 11.928571428571431 21.204061941375709 198.50000000000003 28.500000000000004 13.500000000000002 40.500000000000007 57.500000000000007 -16.499999999999996 85.500000000000014 85.500000000000014 115.50000000000001 105.50000000000001 23.500000000000004 433.00000000000006
decision_type=2 2 2 2 2 2 2 2 2 2 2 2 2 2 2 2 2 2 2 2 2 2 2 2 2 2 2 2 2 2
left_child=1 2 10 4 7 13 -5 8 -3 -8 -1 -10 -9 14 -2 -16 19 -18 20 -17 -15 -22 -23 24 -24 -25 -27 -28 29 -29
right_child=5 3 -4 6 -6 -7 9 12 11 -11 -12 -13 -14 18 15 16 17 -19 -20 -21 21 22 23 25 -26 26 27 28 -30 -31
leaf_value=-0.017391978745686723 -0.001474570337197254 -0.016975109481616277 -0.017960190286656796 -0.018459326762859603 4.3463480492996931 2.8647956828595853 0.0040179320140768691 0.0058480174299251914 0.0057820613727627944 -0.14661417320853884 0.0064220155936721918 -0.03047824639245101 -0.068480511248601772 -0.15613743539098354 0.0016180262487192731 0.00105779760242104 0.041115224534840365 0.0044868394664697494 0.6746171000545601 -0.055610666444429628 0.022936501240315151 -0.018433503993106368 0.70480382314071599 0.027371493991983013 -0.011155640970722516 -0.076310816103151352 0.49716914213997054 0.12401940139665413 -0.056633744370541875 -0.35173092455034433
leaf_weight=66 227 35 286 137 24 28 49 408 113 29 237 30 29 20 40 44 66 86 44 23 51 70 20 53 39 45 21 38 123 20
leaf_count=66 227 35 286 137 24 28 49 408 113 29 237 30 29 20 40 44 66 86 44 23 51 70 20 53 39 45 21 38 123 20
internal_value=-0.00422346 -0.00772376 -0.0143838 -0.00306636 0.000782609 0.000558796 -0.0142909 -0.000329032 -0.00652459 -0.00426506 -0.00241558 -0.00218919 0.00222624 -0.000110145 0.00218737 0.00622727 0.00358929 0.00722293 -0.00217486 -0.0045 -0.00319604 -0.00246186 -0.00364977 -0.00171429 0.0069375 -0.00352131 -0.00533333 -0.00257971 -0.00464516 0.0027619
internal_weight=2501 1443 589 854 639 1058 215 615 178 78 303 143 437 1030 486 259 219 152 544 67 500 480 429 359 59 300 247 202 181 58
internal_count=2501 1443 589 854 639 1058 215 615 178 78 303 143 437 1030 486 259 219 152 544 67 500 480 429 359 59 300 247 202 181 58
is_linear=0
shrinkage=0.03


Tree=128
num_leaves=31
num_cat=0
split_feature=115 139 139 139 126 115 128 117 133 133 135 127 133 132 121 131 129 117 115 132 127 126 123 115 129 131 123 131 123 133
split_gain=45.7069 48.3098 97.3915 40.3668 19.4661 17.0785 12.4014 10.3444 12.8682 9.574 9.04199 8.92058 6.25499 5.66272 5.00439 10.9908 7.66554 5.18355 7.28663 7.62195 8.33293 7.61425 7.24098 6.82497 6.7191 4.85363 5.81391 7.34814 4.933 4.81654
threshold=1.0000000180025095e-35 21.500000000000004 15.500000000000002 28.500000000000004 556.50000000000011 575.00000000000011 40.500000000000007 1.0000000180025095e-35 0.74218015255156911 31.73293663639204 1.0000000180025095e-35 1.5000000000000002 3.6280942035222119 1.3571428571428574 1.5000000000000002 1.0000000180025095e-35 37.500000000000007 344.50000000000006 267.00000000000006 198.35714285714289 179.50000000000003 175.50000000000003 -42.499999999999993 95.500000000000014 32.500000000000007 45.421471792675369 -1.0000000180025095e-35 7.3408700724124465 3.5000000000000004 7.5363065578610042
decision_type=2 2 2 2 2 2 2 2 2 2 2 2 2 2 2 2 2 2 2 2 2 2 2 2 2 2 2 2 2 2
left_child=1 2 11 4 7 14 -5 8 -3 -8 -10 -1 13 -9 15 -2 -17 18 19 20 21 22 -16 24 -24 26 27 -26 -28 -14
right_child=5 3 -4 6 -6 -7 9 12 10 -11 -12 -13 29 -15 17 16 -18 -19 -20 -21 -22 -23 23 -25 25 -27 28 -29 -30 -31
leaf_value=-0.016870219383316121 -0.027751077875936087 -0.01646585619716779 -0.017421384578057097 -0.017905546959973817 4.2159576078207026 2.7788518123737971 0.0038973940536545628 0.0068390902134842025 0.0056278481227009488 -0.14221574801228271 -0.043101765285303566 0.0062293551258620367 -0.020841517957517066 0.0048699838871836751 0.72117152710644472 0.0015694854612576935 0.0043147666709506894 -0.48846080077710208 0.793341503792106 -0.31517466224639917 0.12270674612111505 -0.22902250222557682 -9.3499516213242366e-05 0.06739990598379364 -0.0011290701135720836 0.034357454976468985 0.0009930599261387485 -0.059278598508706606 -0.033726414984758188 0.0084989460089448694
leaf_weight=66 28 35 286 137 24 28 49 38 110 29 33 237 44 33 21 37 36 23 69 43 40 27 345 148 25 21 46 51 70 322
leaf_count=66 28 35 286 137 24 28 49 38 110 29 33 237 44 33 21 37 36 23 69 43 40 27 345 148 25 21 46 51 70 322
internal_value=-0.00434318 -0.00780663 -0.0143838 -0.00320605 0.000596273 0.000389464 -0.0142909 -0.000522581 -0.00652459 -0.00426506 -0.00218919 -0.00241558 0.00195475 0.00978947 -0.000284058 0.00588679 0.0118462 -0.000989293 -0.000586169 -0.00138242 -0.000668335 -0.00141502 -0.000770492 -0.00134177 -0.00286679 -0.00699083 -0.00849746 -0.0147407 -0.00391736 0.000307278
internal_weight=2501 1443 589 854 639 1058 215 615 178 78 143 303 437 71 1030 101 73 929 906 837 794 754 727 706 558 213 192 76 116 366
internal_count=2501 1443 589 854 639 1058 215 615 178 78 143 303 437 71 1030 101 73 929 906 837 794 754 727 706 558 213 192 76 116 366
is_linear=0
shrinkage=0.03


Tree=129
num_leaves=31
num_cat=0
split_feature=115 138 138 126 138 119 116 124 133 133 128 135 119 116 126 133 130 119 128 130 116 115 133 133 135 124 116 123 123 119
split_gain=47.7456 46.2527 96.7453 23.0549 20.3675 18.8764 16.0967 13.4952 10.9483 7.48536 12.461 7.34204 7.0631 8.2274 4.96468 4.27893 10.4544 7.1025 8.94308 6.2371 3.7394 6.54459 6.40276 7.59888 4.88798 3.92096 5.51528 4.69317 6.53959 4.02171
threshold=1.0000000180025095e-35 39.500000000000007 38.500000000000007 496.00000000000006 40.500000000000007 575.00000000000011 1.0000000180025095e-35 -2.4999999999999996 0.40084052878225424 30.498561173569353 40.500000000000007 1.0000000180025095e-35 1.5000000000000002 1.0000000180025095e-35 40.500000000000007 16.292573748080859 17.833333333333339 29.500000000000004 10.500000000000002 1.0000000180025095e-35 352.00000000000006 267.00000000000006 74.377201299293461 55.55324214238437 -0.22252093395631442 -21.499999999999996 50.500000000000007 20.500000000000004 13.500000000000002 61.500000000000007
decision_type=2 2 2 2 2 2 2 2 2 2 2 2 2 2 2 2 2 2 2 2 2 2 2 2 2 2 2 2 2 2
left_child=1 2 14 4 8 12 -6 -8 -3 10 -9 -4 13 -2 -1 17 -17 18 19 -10 21 22 23 25 -22 26 -14 28 -27 -29
right_child=5 3 11 -5 6 -7 7 9 15 -11 -12 -13 20 -15 -16 16 -18 -19 -20 -21 24 -23 -24 -25 -26 27 -28 29 -30 -31
leaf_value=-0.032683046261897393 -0.024840693645968373 -0.015971880511252756 -0.016768938673589893 2.4853169608097412 -0.016387746871982942 2.694534301189309 0.16462114282365123 -0.020314532048928191 -0.020519077108627423 -0.13794927557191422 0.0090965000312954198 -0.017030530987406232 0.18480385007098873 0.00076995116888144643 0.31244773207298965 -0.078743355419629499 0.0030567524567948821 0.19694122925435337 -0.013640889493196902 0.0047980957391268973 -0.24422852384130664 0.76954125867834366 -0.060743174727284736 0.30257812146417279 1.1271389740151301 -0.0012379317101419219 -0.10106346400926713 0.010153132214869061 0.16864958189498888 -0.073677650932462688
leaf_weight=161 29 33 255 43 126 30 24 83 24 23 54 56 28 22 108 28 242 31 38 114 22 59 53 49 23 606 20 22 37 58
leaf_count=161 29 33 255 43 126 30 24 83 24 23 54 56 28 22 108 28 242 31 38 114 22 59 53 49 23 606 20 22 37 58
internal_value=-0.00439106 -0.00793094 -0.0144513 -0.00348387 -0.00464727 0.000445908 -0.0106476 -0.00473016 -0.000920388 -0.00796364 -0.0048169 -0.0257089 -0.000284608 0.0100714 -0.00118248 0.000298755 -0.00216 0.00350943 0.000961326 0.00457343 -0.000879837 -0.000441836 -0.00112073 -0.000429091 -0.00888 -0.00119072 0.00667925 -0.00176374 -0.00087037 -0.0084
internal_weight=2501 1443 580 863 820 1058 310 184 510 160 137 311 1028 51 269 477 270 207 176 138 977 932 873 820 45 771 48 723 643 80
internal_count=2501 1443 580 863 820 1058 310 184 510 160 137 311 1028 51 269 477 270 207 176 138 977 932 873 820 45 771 48 723 643 80
is_linear=0
shrinkage=0.03


Tree=130
num_leaves=31
num_cat=0
split_feature=115 139 139 139 132 115 116 117 133 135 129 121 132 118 118 115 117 115 130 130 118 124 121 139 130 124 130 130 133 124
split_gain=41.0016 51.4242 97.3915 35.1426 18.3236 17.4393 15.249 10.23 13.1988 9.32407 8.92058 8.61859 7.34986 6.52559 6.4766 11.6874 4.8126 5.58206 6.53762 6.1288 4.9519 8.07728 6.63706 5.27766 4.68955 5.40129 4.56139 4.0081 3.74135 3.66877
threshold=1.0000000180025095e-35 21.500000000000004 15.500000000000002 28.500000000000004 461.57142857142861 575.00000000000011 34.500000000000007 1.0000000180025095e-35 0.74218015255156911 1.0000000180025095e-35 1.5000000000000002 1.5000000000000002 17.214285714285719 19.500000000000004 0.50000000000000011 84.500000000000014 344.50000000000006 95.500000000000014 62.166666666666679 79.166666666666671 124.16666666666667 -5.4999999999999991 20.500000000000004 31.500000000000004 38.166666666666679 1.0000000180025095e-35 117.16666666666667 41.833333333333336 22.969366256203447 40.500000000000007
decision_type=2 2 2 2 2 2 2 2 2 2 2 2 2 2 2 2 2 2 2 2 2 2 2 2 2 2 2 2 2 2
left_child=1 2 10 4 7 11 -5 8 -3 -10 -1 14 -9 27 -2 -16 17 26 -19 -20 28 -22 -23 -24 -15 -26 29 -14 -21 -13
right_child=5 3 -4 6 -6 -7 -8 12 9 -11 -12 16 13 24 15 -17 -18 18 19 20 21 22 23 -25 25 -27 -28 -29 -30 -31
leaf_value=-0.015853196872194449 -0.033413969321975372 -0.015492724095915173 -0.016395674880507687 -0.017222782394978112 3.874906410287299 2.6146502289669056 -0.0041447933261205454 0.0084177362480081716 0.0053343183979671499 -0.039446411664155571 0.0070229658599430776 -0.0035336523543334228 -0.067073215893630619 0.26496987219180412 0.0048696918134942813 -0.010810405887149273 -0.50762114597424268 0.45842671477261232 -0.31069289512938653 0.17608177414982534 -0.12577387320323027 0.36743600450368574 -0.056030273600589167 0.12787800747700032 0.034583010886463088 -0.029914906238368528 -0.097784525484809412 -0.010085728272208687 0.004015241152685505 0.31826793416982069
leaf_weight=66 25 35 286 157 23 28 58 148 111 33 237 534 26 22 53 23 23 59 20 50 39 22 70 21 152 69 27 20 42 22
leaf_count=66 25 35 286 157 23 28 58 148 111 33 237 534 26 22 53 23 23 59 20 50 39 22 70 21 152 69 27 20 42 22
internal_value=-0.00431923 -0.00759945 -0.0143838 -0.00285681 0.000689441 0.000163688 -0.0132 -0.000376812 -0.00632609 -0.00197315 -0.00241558 -0.000515942 0.0020905 -0.000693878 0.00758491 0.0117778 -0.00143897 -0.0010472 0.00208537 0 0.00142169 -0.00187261 0.00223729 -0.0015 0.00130645 -0.000106195 -0.00279592 -0.0104706 0.00674227 -0.00212834
internal_weight=2501 1443 589 854 639 1058 215 616 179 144 303 1030 437 289 101 76 929 906 323 264 244 152 113 91 243 221 583 46 92 556
internal_count=2501 1443 589 854 639 1058 215 616 179 144 303 1030 437 289 101 76 929 906 323 264 244 152 113 91 243 221 583 46 92 556
is_linear=0
shrinkage=0.03


Tree=131
num_leaves=31
num_cat=0
split_feature=115 138 138 118 115 126 128 132 138 135 138 132 135 124 127 132 119 132 125 116 121 126 119 132 125 122 129 128 129 123
split_gain=44.8333 51.7387 96.7453 25.247 16.81 14.5814 12.8551 7.78897 10.7864 7.34204 6.76002 7.55285 6.15334 5.64118 5.565 5.46077 5.30083 7.10767 5.21238 9.00453 6.00305 10.8423 5.88952 7.54784 7.15597 7.02664 7.00619 7.17464 6.23399 5.52889
threshold=1.0000000180025095e-35 39.500000000000007 38.500000000000007 0.50000000000000011 575.00000000000011 107.50000000000001 540.00000000000011 0.6428571428571429 40.500000000000007 1.0000000180025095e-35 40.500000000000007 14.357142857142859 0.81174490092936691 -1.0000000180025095e-35 10.500000000000002 10.642857142857144 17.500000000000004 28.071428571428573 0.80625000000000013 352.00000000000006 1.5000000000000002 4.5000000000000009 257.00000000000006 198.35714285714289 0.013022154574665991 83.500000000000014 21.500000000000004 1.5000000000000002 115.50000000000001 -42.499999999999993
decision_type=2 2 2 2 2 2 2 2 2 2 2 2 2 2 2 2 2 2 2 2 2 2 2 2 2 2 2 2 2 2
left_child=1 2 -1 5 18 7 10 -3 13 -4 14 12 -12 -9 -5 -15 -16 -18 19 20 21 -2 23 24 25 29 27 -26 -28 -22
right_child=4 3 9 6 -6 -7 -8 8 -10 -11 11 -13 -14 15 16 -17 17 -19 -20 -21 22 -23 -24 -25 26 -27 28 -29 -30 -31
leaf_value=-0.012169121577282007 -0.016215820881440215 -0.015015466382215811 -0.015774000266966969 0.01449156058670239 2.5362107220978998 0.64787224336572247 2.3176770002252072 0.014816530829501795 -0.018217841231146295 -0.01603588198149351 -0.019188412615611002 -0.0082235323294647857 -0.0035647886406691364 -0.0001804483663494416 -0.031181781501080232 -0.080484221306695455 0.11002951456703967 -0.017673085140590104 -0.014025769637588574 -0.099944659755286686 0.55439260512591315 0.0045467737987411284 0.21380813136008783 -0.30580274166228261 0.00038212613209547941 0.16397230711846078 -0.019302062581828351 0.074456225373638302 0.16193607759294196 -0.0044883274385774637
leaf_weight=269 24 51 255 88 28 22 32 32 67 56 45 152 24 60 29 30 38 193 179 43 21 49 63 25 37 47 99 52 48 343
leaf_count=269 24 51 255 88 28 22 32 32 67 56 45 152 24 60 29 30 38 193 179 43 21 49 63 25 37 47 99 52 48 343
internal_value=-0.00412769 -0.00755801 -0.0144513 -0.00286175 0.000558796 -0.0105393 0.000534653 -0.0127102 -0.00940206 -0.0257089 -0.00056446 -0.00461947 -0.0124865 -0.00373228 0.00202266 -0.00751579 -0.000203774 0.00137288 -0.000110145 0.000869159 0.00161624 0.00953846 0.000762162 -7.97637e-05 0.000588957 -0.00178846 0.00470539 0.0111064 0.000552632 -0.00323577
internal_weight=2501 1443 580 863 1058 262 601 240 189 311 569 221 69 122 348 90 260 231 1030 851 808 73 735 672 647 411 236 89 147 364
internal_count=2501 1443 580 863 1058 262 601 240 189 311 569 221 69 122 348 90 260 231 1030 851 808 73 735 672 647 411 236 89 147 364
is_linear=0
shrinkage=0.03


Tree=132
num_leaves=31
num_cat=0
split_feature=115 139 139 139 115 129 126 118 126 127 132 118 133 132 127 131 124 129 121 126 125 124 132 132 122 125 125 115 115 129
split_gain=41.1621 52.0585 97.3915 28.5498 17.3488 17.2097 16.5316 10.5352 15.2889 8.92058 6.37218 6.52559 6.30786 7.40153 6.13157 5.95925 5.94227 9.56981 10.6015 6.86636 5.67038 6.56917 8.68611 12.2682 7.56731 8.66467 10.8204 9.39598 7.20789 7.40765
threshold=1.0000000180025095e-35 21.500000000000004 15.500000000000002 28.500000000000004 575.00000000000011 28.500000000000004 556.50000000000011 0.50000000000000011 14.500000000000002 1.5000000000000002 17.214285714285719 19.500000000000004 0.74218015255156911 3.0714285714285716 39.500000000000007 31.375799912547169 -4.4999999999999991 1.0000000180025095e-35 58.500000000000007 186.50000000000003 0.80625000000000013 1.0000000180025095e-35 4.5000000000000009 12.928571428571431 143.50000000000003 0.0076676480786069838 -0.051315789473684204 96.500000000000014 17.500000000000004 323.50000000000006
decision_type=2 2 2 2 2 2 2 2 2 2 2 2 2 2 2 2 2 2 2 2 2 2 2 2 2 2 2 2 2 2
left_child=1 2 9 6 16 -5 7 8 12 -1 -9 -12 -3 -14 -13 -7 17 -2 -19 -20 21 22 -18 -24 25 26 27 -23 -25 -30
right_child=4 3 -4 5 -6 15 -8 10 -10 -11 11 14 13 -15 -16 -17 20 18 19 -21 -22 24 23 28 -26 -27 -28 -29 29 -31
leaf_value=-0.014896524506583809 0.093049179421016384 -0.014577478381571245 -0.01543058462608345 -0.015920643895298903 2.4601244004349643 0.0012621522470357626 3.8291418684464142 0.011582907350695688 0.059470419347350117 0.0071773505314632309 -0.050871202531013758 0.25676715186340826 0.00099126022526374136 -0.017492598555081465 -0.0052008013596181969 -0.14683056168263778 -0.032626531024582649 -0.036658240648554309 0.091518181442342403 -0.10073652760868312 -0.017021234042829434 -0.011907495730467304 0.0013073623411288837 -0.065389586952504991 0.33514534998011386 0.03905113469195285 -0.054812248188979083 0.28261234750829373 0.032038351660307565 -0.088807040328884174
leaf_weight=66 32 38 286 134 28 57 24 147 58 237 46 24 31 52 219 24 36 128 49 26 132 105 62 20 34 136 102 33 111 24
leaf_count=66 32 38 286 134 28 57 24 147 58 237 46 24 31 52 219 24 36 128 49 26 132 105 62 20 34 136 102 33 111 24
internal_value=-0.00427135 -0.00755801 -0.0143838 -0.00278696 0.000220132 -0.0121091 0.000409938 -0.000619355 -0.00665217 -0.00241558 0.00189116 -0.000693878 -0.0125714 -0.00709091 0.00130645 -0.000976744 -0.000457971 -0.0046 -0.00703846 0.0018 0.00078 0.00192216 0.00567442 0.00794595 -0.000419277 -0.00171654 -0.00511837 0.000377622 0.00315 0.00574286
internal_weight=2501 1443 589 854 1058 215 639 615 179 303 436 289 121 83 243 81 1030 235 203 75 795 663 253 217 410 376 240 138 155 135
internal_count=2501 1443 589 854 1058 215 639 615 179 303 436 289 121 83 243 81 1030 235 203 75 795 663 253 217 410 376 240 138 155 135
is_linear=0
shrinkage=0.03


Tree=133
num_leaves=31
num_cat=0
split_feature=115 139 139 139 115 129 117 126 129 117 132 118 131 126 133 132 129 125 132 121 115 122 124 130 129 126 121 130 130 126
split_gain=39.8148 51.4242 97.3915 28.1251 17.621 17.2097 11.3526 15.0419 8.92058 7.58666 6.83841 6.39201 5.95925 5.95022 5.70279 5.726 5.63222 6.38359 6.2896 10.113 6.28838 5.59053 5.42497 5.01526 4.74853 4.71297 4.62304 5.2182 7.68943 6.07162
threshold=1.0000000180025095e-35 21.500000000000004 15.500000000000002 28.500000000000004 575.00000000000011 28.500000000000004 1.0000000180025095e-35 14.500000000000002 1.5000000000000002 548.00000000000011 17.214285714285719 19.500000000000004 31.375799912547169 39.500000000000007 0.74218015255156911 1.9285714285714288 36.500000000000007 1.1250000000000002 4.5000000000000009 2.5000000000000004 2.5000000000000004 241.50000000000003 3.5000000000000004 1.0000000180025095e-35 40.500000000000007 31.500000000000004 30.500000000000004 18.166666666666668 27.166666666666668 17.500000000000004
decision_type=2 2 2 2 2 2 2 2 2 2 2 2 2 2 2 2 2 2 2 2 2 2 2 2 2 2 2 2 2 2
left_child=1 2 8 6 16 -5 7 14 -1 10 -8 25 -7 -13 -3 -16 17 18 20 -20 -2 24 -15 -22 -18 -12 27 29 -29 -21
right_child=4 3 -4 5 -6 12 9 -9 -10 -11 11 13 -14 22 15 -17 21 -19 19 26 23 -23 -24 -25 -26 -27 -28 28 -30 -31
leaf_value=-0.014449628771386294 -0.032349190502554914 -0.014140154030124107 -0.014967667087300946 -0.015443024578439934 2.3863206684219143 0.0012242876796246898 0.0079246605992671342 0.092308375755358441 0.006962030015519342 3.0358412227648621 -0.04934506645508336 0.17207999621805511 -0.14242564483215864 0.012083957659077526 0.0051114673080186312 -0.023291773620625074 -0.011338300744207075 -0.012143240756656333 0.0030944167022621547 -0.0016038093421842346 0.071957856647203 0.65615321840880902 -0.032079262548457166 -0.014003970903095197 -0.0084684205090523792 -0.031125916332590754 0.032482432009765673 -0.078940302046179717 0.0031625451509151147 0.027855869135525447
leaf_weight=66 27 35 286 134 28 57 148 61 237 20 24 21 24 173 21 64 34 91 47 57 54 35 50 33 475 22 76 26 51 24
leaf_count=66 27 35 286 134 28 57 148 61 237 20 24 21 24 173 21 64 34 91 47 57 54 35 50 33 475 22 76 26 51 24
internal_value=-0.00436712 -0.00759945 -0.0143838 -0.00285681 5.07996e-05 -0.0121091 0.00031677 -0.00593548 -0.00241558 0.00283801 0.00188262 -0.00079322 -0.000976744 0.00118072 -0.011952 -0.00693333 -0.000631884 0.00169857 0.00336 0.00574825 -0.00247059 -0.00272131 -0.000368421 0.00156522 -0.00354864 -0.0104706 0.00298745 0 -0.00541463 0.00516279
internal_weight=2501 1443 589 854 1058 215 639 181 303 458 438 290 81 244 120 85 1030 486 395 281 114 544 223 87 509 46 234 158 77 81
internal_count=2501 1443 589 854 1058 215 639 181 303 458 438 290 81 244 120 85 1030 486 395 281 114 544 223 87 509 46 234 158 77 81
is_linear=0
shrinkage=0.03


Tree=134
num_leaves=31
num_cat=0
split_feature=115 139 139 139 115 129 117 126 127 117 129 122 132 133 131 133 132 117 132 138 126 119 131 127 125 134 133 128 125 131
split_gain=36.2446 53.3383 97.3915 27.7389 17.9912 16.3658 12.0346 15.0419 8.92058 7.33345 6.80362 6.36827 6.04033 7.10447 5.95925 5.70279 5.726 4.85982 6.3057 5.19144 4.76493 4.33951 7.39704 5.41845 3.51617 4.89123 5.6178 4.8046 6.09649 5.1658
threshold=1.0000000180025095e-35 21.500000000000004 15.500000000000002 28.500000000000004 575.00000000000011 28.500000000000004 1.0000000180025095e-35 14.500000000000002 1.5000000000000002 548.00000000000011 27.500000000000004 -23.499999999999996 98.714285714285737 88.024929657688617 31.375799912547169 0.74218015255156911 1.9285714285714288 71.500000000000014 67.928571428571445 39.500000000000007 40.500000000000007 43.500000000000007 2.8479344402135331 39.500000000000007 0.40535714285714292 0.87837969732492682 16.742953546751238 433.00000000000006 -0.011730306157550737 35.759940087633957
decision_type=2 2 2 2 2 2 2 2 2 2 2 2 2 2 2 2 2 2 2 2 2 2 2 2 2 2 2 2 2 2
left_child=1 2 8 6 11 -5 7 15 -1 10 12 17 21 -14 -7 -3 -17 -2 -19 -20 -12 22 -8 -23 27 26 -26 28 29 -13
right_child=4 3 -4 5 -6 14 9 -9 -10 -11 20 24 13 -15 -16 16 -18 18 19 -21 -22 23 -24 -25 25 -27 -28 -29 -30 -31
leaf_value=-0.014016139908244707 -0.022462306422554548 -0.013715949409220383 -0.014518637074681918 -0.014979733841086735 2.3147310483692558 0.0011875590492359492 0.0033074355548541857 0.089539124482697893 0.0067531691150537563 2.9447659860819169 -0.04198925491000504 -0.0042159797154694796 -0.11281859560077755 0.43750001463240179 -0.13815287548719388 0.0049581232887780735 -0.022593020412006316 0.45513524969110097 -0.087964269567192235 0.0025840151769281759 -0.0021423520365188862 0.28817034798565577 -0.012838261424066593 0.044551354938030342 -0.0030709156188389029 0.096892318345229975 -0.2358015080106286 -0.10468114692876042 0.0030015842011942959 0.037313739192048986
leaf_weight=66 24 35 286 134 28 57 104 61 237 20 31 236 22 20 24 21 64 20 26 32 130 29 52 50 159 22 34 32 382 63
leaf_count=66 24 35 286 134 28 57 104 61 237 20 31 236 22 20 24 21 64 20 26 32 130 29 52 50 159 22 34 32 382 63
internal_value=-0.00439106 -0.00747514 -0.0143838 -0.00264726 -0.000163688 -0.0118364 0.000503106 -0.00593548 -0.00241558 0.00309719 0.0021535 -0.000863768 0.00497872 -0.00497872 -0.000976744 -0.011952 -0.00693333 -0.00779439 -0.00354217 -0.00847619 -0.0026747 0.00685 0.00368944 0.0124286 -5.78778e-05 -0.00338182 -0.0049697 0.000952646 0.00152187 -0.00165789
internal_weight=2501 1443 589 854 1058 215 639 181 303 458 438 1030 277 42 81 120 85 102 78 58 161 235 156 79 928 215 193 713 681 299
internal_count=2501 1443 589 854 1058 215 639 181 303 458 438 1030 277 42 81 120 85 102 78 58 161 235 156 79 928 215 193 713 681 299
is_linear=0
shrinkage=0.03


Tree=135
num_leaves=31
num_cat=0
split_feature=115 139 139 139 115 129 126 127 135 124 122 139 128 121 129 121 115 118 115 131 126 116 115 133 133 128 132 118 116 128
split_gain=35.126 54.0697 92.459 27.2433 18.1783 17.842 10.5886 8.92058 7.7249 7.36894 8.68536 9.01441 6.2387 6.98762 6.3056 6.19295 5.43012 4.90427 8.96094 4.55331 4.50524 3.99328 7.65443 5.868 6.6796 3.99643 6.22401 6.06395 9.37821 7.38396
threshold=1.0000000180025095e-35 22.500000000000004 15.500000000000002 28.500000000000004 575.00000000000011 28.500000000000004 556.50000000000011 1.5000000000000002 1.0000000180025095e-35 -2.4999999999999996 -1.0000000180025095e-35 25.500000000000004 66.500000000000014 43.500000000000007 28.500000000000004 1.5000000000000002 2.5000000000000004 0.50000000000000011 84.500000000000014 31.375799912547169 12.500000000000002 324.00000000000006 267.00000000000006 74.377201299293461 55.55324214238437 58.500000000000007 54.071428571428577 52.166666666666679 41.500000000000007 42.500000000000007
decision_type=2 2 2 2 2 2 2 2 2 2 2 2 2 2 2 2 2 2 2 2 2 2 2 2 2 2 2 2 2 2
left_child=1 2 7 6 15 -5 9 -1 -4 -3 12 20 13 -11 -15 17 -17 -2 -19 -7 -12 22 23 24 25 27 -27 28 29 -18
right_child=4 3 8 5 -6 19 -8 -9 -10 10 11 -13 -14 14 -16 16 21 18 -20 -21 -22 -23 -24 -25 -26 26 -28 -29 -30 -31
leaf_value=-0.013595655710997367 -0.030065851496094604 0.097937874375796943 -0.013953273595315971 -0.014530341825854134 2.2452891169181783 0.0011519322777588709 3.5348493961276186 0.0065505740416021306 -0.016686099778452989 -4.0482956311231887e-05 -0.019571232758553665 -0.013616020570699466 -0.027789953809591452 0.2360404436982543 -0.02549332521219682 -0.020177856001828694 -0.0013461861540077535 0.0043650969477896416 -0.0014290556848754932 -0.13400828922257807 0.069541916254002634 -0.10853371341211981 0.7354072912923072 -0.058623598987380982 0.27326861752255638 -0.17027503460149856 -0.011647319378650422 0.42864166377600005 -0.054515340100880424 0.052824930495705968
leaf_weight=66 25 112 255 134 28 57 24 237 49 158 46 48 137 45 25 35 325 53 23 24 26 39 53 53 49 20 225 54 34 42
leaf_count=66 25 112 255 134 28 57 24 237 49 158 46 48 137 45 25 35 325 53 23 24 26 39 53 53 49 20 225 54 34 42
internal_value=-0.00443895 -0.00747514 -0.0142549 -0.00248989 -0.000276576 -0.0115636 0.000709265 -0.00241558 -0.0258058 -0.000139535 -0.00176327 -0.008592 0.000551351 0.0035794 0.01112 -0.00097971 -0.00176017 0.00588679 0.00955556 -0.00027907 -0.00148052 -0.0012614 -0.000795349 -0.0015539 -0.000827586 -0.00160851 -0.004656 5.21739e-05 -0.00124138 0.000225806
internal_weight=2501 1443 607 836 1058 215 621 303 304 597 485 120 365 228 70 1030 929 101 76 81 72 894 855 802 749 700 245 455 401 367
internal_count=2501 1443 607 836 1058 215 621 303 304 597 485 120 365 228 70 1030 929 101 76 81 72 894 855 802 749 700 245 455 401 367
is_linear=0
shrinkage=0.03


Tree=136
num_leaves=31
num_cat=0
split_feature=115 139 139 139 115 119 132 127 135 132 124 139 139 122 126 133 116 127 135 116 126 132 126 124 122 115 128 126 127 125
split_gain=40.8414 51.4428 92.459 25.5632 17.53 16.1933 10.1654 8.92058 7.7249 6.64243 5.1235 10.8383 6.71848 7.82831 7.36767 10.6821 5.65681 8.14954 5.27645 8.30001 4.61029 4.51202 7.4554 7.77253 9.09416 7.62543 5.66867 6.16177 8.27637 5.63534
threshold=1.0000000180025095e-35 22.500000000000004 15.500000000000002 28.500000000000004 575.00000000000011 34.500000000000007 461.57142857142861 1.5000000000000002 1.0000000180025095e-35 0.2142857142857143 -2.4999999999999996 16.500000000000004 31.500000000000004 -15.499999999999998 107.50000000000001 30.498561173569353 1.0000000180025095e-35 72.500000000000014 -0.56174490092936669 17.500000000000004 270.50000000000006 0.6428571428571429 9.5000000000000018 2.5000000000000004 9.5000000000000018 267.00000000000006 65.500000000000014 44.500000000000007 1.5000000000000002 0.070505385252692634
decision_type=2 2 2 2 2 2 2 2 2 2 2 2 2 2 2 2 2 2 2 2 2 2 2 2 2 2 2 2 2 2
left_child=1 2 7 6 10 -5 9 -1 -4 -3 11 -2 13 -12 -14 -16 17 -13 19 -15 -18 -20 23 29 -25 26 27 -24 -29 -23
right_child=4 3 8 5 -6 -7 -8 -9 -10 -11 12 16 14 18 15 -17 20 -19 21 -21 -22 22 25 24 -26 -27 -28 28 -30 -31
leaf_value=-0.013187786039667445 0.33728567046333935 -0.012895990309822787 -0.013534675387456492 -0.014333351361973988 2.1779304434106312 -0.0098098654511829097 3.2887909537693005 0.0063540568203540549 -0.016185516785099399 0.0004316844597872005 -0.052170145344214873 -0.011265102528488743 0.0052792809408527394 -0.0051700156600956101 -0.088685180965420607 0.005687879938463993 -0.0201529770268516 0.38339030314578082 -0.030566786768631261 0.23639638586032666 -0.36204929368773975 0.0049071589608695463 -0.013773721721869662 -0.025563672370899997 0.12251353520773207 0.54832962716467304 -0.091184134951419291 -0.03930242823571177 0.12191780058277459 0.00086706717107071002
leaf_weight=66 32 37 255 129 28 86 23 237 49 561 39 44 88 24 25 20 159 21 53 50 20 60 88 26 41 39 72 31 51 47
leaf_count=66 32 37 255 129 28 86 23 237 49 561 39 44 88 24 25 20 159 21 53 50 20 60 88 26 41 39 72 31 51 47
internal_value=-0.00436712 -0.00764088 -0.0142549 -0.00277527 0.000107244 -0.0115636 0.000325879 -0.00241558 -0.0258058 -0.000487562 -0.000573913 -0.00403559 0.000703557 -0.000613419 0.00669565 -0.00288 -0.00624096 0.0012 0.000296422 0.00751899 -0.00893478 -0.000807018 0.000182609 0.00499441 -0.00283333 -0.00281119 -0.00483401 -0.00168 0.00406897 0.00985714
internal_weight=2501 1443 607 836 1058 215 621 303 304 598 1030 276 754 621 133 45 244 65 582 74 179 508 455 174 67 281 242 170 82 107
internal_count=2501 1443 607 836 1058 215 621 303 304 598 1030 276 754 621 133 45 244 65 582 74 179 508 455 174 67 281 242 170 82 107
is_linear=0
shrinkage=0.03


Tree=137
num_leaves=31
num_cat=0
split_feature=115 139 139 139 119 115 132 127 135 132 133 135 117 132 117 128 119 116 123 128 132 126 133 132 126 131 126 128 127 139
split_gain=36.1983 51.4428 92.459 25.5632 16.1933 15.4825 10.1654 8.92058 7.7249 6.64243 3.89007 3.82878 14.4163 8.44559 7.09811 4.59557 5.61538 7.48907 4.17351 7.39286 4.34687 6.26489 5.99748 4.69153 4.48825 4.30446 5.33707 3.78625 9.27929 4.8953
threshold=1.0000000180025095e-35 22.500000000000004 15.500000000000002 28.500000000000004 34.500000000000007 551.00000000000011 461.57142857142861 1.5000000000000002 1.0000000180025095e-35 0.2142857142857143 1.059413142992673 1.0000000180025095e-35 1.0000000180025095e-35 8.3571428571428594 14.500000000000002 28.500000000000004 110.50000000000001 131.50000000000003 -13.499999999999998 112.50000000000001 1.642857142857143 30.500000000000004 17.87482557591569 39.500000000000007 7.5000000000000009 9.3509450563365544 177.00000000000003 433.00000000000006 333.50000000000006 22.500000000000004
decision_type=2 2 2 2 2 2 2 2 2 2 2 2 2 2 2 2 2 2 2 2 2 2 2 2 2 2 2 2 2 2
left_child=1 2 7 6 10 27 9 -1 -4 -3 -5 18 -13 -14 -15 -16 -17 -18 19 -11 -20 22 24 -23 -22 -25 -27 28 29 -2
right_child=5 3 8 4 -6 -7 -8 -9 -10 11 -12 12 13 14 15 16 17 -19 20 -21 21 23 -24 25 -26 26 -28 -29 -30 -31
leaf_value=-0.012792152458477422 -0.003050493945891066 -0.012509110600528103 -0.013128635125832797 -0.0092621379935581317 -0.0095155694876474239 2.1125925301083113 3.1901272251562216 0.0061634351157434427 -0.015699951281546418 0.22816246313665359 -0.019870836210177944 -0.039840870978277633 0.0075759616695392391 -0.066085305199360428 0.21217816707447407 -0.024741475989624461 0.13703462110152237 -0.036580795909207493 0.0078775123451438889 -0.060928534860094884 -0.0039066444345483078 0.09060892445124541 -0.062258016424322729 -0.11221400017431847 0.016235926993032685 -0.016464368633766924 0.72112283802225119 -0.13305981918338261 0.20657766872169644 0.0010150131011135953
leaf_weight=66 640 37 255 46 86 31 23 237 49 56 83 24 30 21 20 49 20 28 35 25 53 24 26 21 48 57 24 43 21 323
leaf_count=66 640 37 255 46 86 31 23 237 49 56 83 24 30 21 20 49 20 28 35 25 53 24 26 21 48 57 24 43 21 323
internal_value=-0.00455866 -0.00764088 -0.0142549 -0.00277527 -0.0115636 -0.00033302 0.000325879 -0.00241558 -0.0258058 -0.000487562 -0.0180896 0.000360424 -0.00301523 0.000312139 -0.0028951 0.000196721 -0.00258824 0.00441509 0.00214973 0.00795349 0.000389078 -0.00102326 -0.00563636 0.00361832 -0.00192453 0.000504673 0.00376744 -0.00101163 -0.000600607 -0.00107851
internal_weight=2501 1443 607 836 215 1058 621 303 304 598 129 561 192 168 138 117 97 48 369 81 288 253 127 126 101 102 81 1027 984 963
internal_count=2501 1443 607 836 215 1058 621 303 304 598 129 561 192 168 138 117 97 48 369 81 288 253 127 126 101 102 81 1027 984 963
is_linear=0
shrinkage=0.03


Tree=138
num_leaves=31
num_cat=0
split_feature=115 139 139 139 129 115 126 127 135 117 135 132 118 128 128 126 121 133 122 124 121 132 116 133 127 131 131 139 124 115
split_gain=39.1802 49.5145 92.459 24.3375 17.842 15.2121 8.97111 8.92058 7.7249 7.35966 11.5238 7.41232 5.49913 8.09757 5.52227 5.36267 4.9848 9.19985 5.53471 4.90302 4.81791 5.7951 5.09241 4.71546 4.63791 4.55331 4.45118 3.55175 3.92907 3.75708
threshold=1.0000000180025095e-35 22.500000000000004 15.500000000000002 28.500000000000004 28.500000000000004 551.00000000000011 556.50000000000011 1.5000000000000002 1.0000000180025095e-35 1.0000000180025095e-35 1.0000000180025095e-35 17.214285714285719 19.500000000000004 30.500000000000004 34.500000000000007 50.500000000000007 1.5000000000000002 8.5678198941567505 3.5000000000000004 3.5000000000000004 53.500000000000007 1.0714285714285716 105.50000000000001 16.742953546751238 1.0000000180025095e-35 31.375799912547169 5.2173941556879457 31.500000000000004 2.5000000000000004 54.500000000000007
decision_type=2 2 2 2 2 2 2 2 2 2 2 2 2 2 2 2 2 2 2 2 2 2 2 2 2 2 2 2 2 2
left_child=1 2 7 6 -5 16 9 -1 -4 10 15 -11 14 -14 -13 23 17 -2 20 -15 21 -18 -22 24 -3 -6 -19 29 -29 -20
right_child=5 3 8 4 25 -7 -8 -9 -10 11 -12 12 13 19 -16 -17 18 26 27 -21 22 -23 -24 -25 -26 -27 -28 28 -30 -31
leaf_value=-0.0124083878847231 -0.00017373248745872872 -0.013132273304315054 -0.012734776072057814 -0.013119650039060963 0.0016971373575910146 2.0492147542050634 3.2344363688760267 0.0059785320622711422 -0.015228952743100025 0.0072303150620014111 -0.013527863779049583 -0.061741122833725084 0.22194926204191634 0.012360705506208944 -0.0042900338361441465 0.44853049699723374 0.0036885666993471586 0.0036358470581818025 -0.0066254663903435682 -0.030630110618822926 0.0029455759873548001 -0.01417939982153996 -0.06478068946478828 -0.06498154933612918 0.0074295405340143355 -0.12940827749773581 0.00077846918815873247 0.020102775408477172 -0.033200172378109086 0.039063133311196409
leaf_weight=66 49 34 255 134 57 31 24 237 49 148 32 22 20 174 24 30 48 23 210 49 29 255 28 20 44 24 29 45 23 288
leaf_count=66 49 34 255 134 57 31 24 237 49 148 32 22 20 174 24 30 48 23 210 49 29 255 28 20 44 24 29 45 23 288
internal_value=-0.00455866 -0.00776519 -0.0142549 -0.0029893 -0.0115636 -0.000163688 3.83387e-05 -0.00241558 -0.0258058 -0.000737542 -0.00614545 0.00127602 -0.0015102 0.00033871 -0.0104706 -0.0017594 -0.000837209 0.00532075 -0.00154028 -0.00142105 -0.00442192 -0.00592208 0.00329032 -0.00518447 -0.00137349 -0.00027907 0.0135789 0.000304729 0.00649315 -0.000584493
internal_weight=2501 1443 607 836 215 1058 621 303 304 597 160 437 289 243 46 128 1027 101 926 223 360 303 57 98 78 81 52 566 68 498
internal_count=2501 1443 607 836 215 1058 621 303 304 597 160 437 289 243 46 128 1027 101 926 223 360 303 57 98 78 81 52 566 68 498
is_linear=0
shrinkage=0.03


Tree=139
num_leaves=31
num_cat=0
split_feature=115 139 139 139 129 115 126 117 128 127 131 132 131 132 133 116 132 124 118 133 131 130 116 115 123 132 127 126 139 126
split_gain=40.7473 41.6297 92.4947 20.3273 17.842 15.302 10.7184 9.71776 11.1155 8.92058 5.28952 8.24786 4.55331 4.21516 4.96192 4.90128 4.79326 4.19376 4.66925 5.69663 4.66942 4.19059 3.25297 5.35408 4.99557 4.9688 8.15382 5.89219 4.12637 6.11682
threshold=1.0000000180025095e-35 21.500000000000004 15.500000000000002 28.500000000000004 28.500000000000004 551.00000000000011 177.00000000000003 6.5000000000000009 19.500000000000004 1.5000000000000002 12.771421959592624 16.071428571428573 31.375799912547169 0.2142857142857143 2.0553503711616634 1.0000000180025095e-35 8.071428571428573 -8.4999999999999982 66.500000000000014 14.017481494180585 17.603658689346371 2.1666666666666674 352.00000000000006 267.00000000000006 9.5000000000000018 198.35714285714289 179.50000000000003 175.50000000000003 22.500000000000004 1.5000000000000002
decision_type=2 2 2 2 2 2 2 2 2 2 2 2 2 2 2 2 2 2 2 2 2 2 2 2 2 2 2 2 2 2
left_child=1 2 9 6 -5 22 7 10 -9 -1 11 13 -6 -3 15 -15 21 -10 19 -19 -21 -16 23 25 -25 26 27 28 29 -2
right_child=5 3 -4 4 12 -7 -8 8 17 -11 -12 -13 -14 14 16 -17 -18 18 -20 20 -22 -23 -24 24 -26 -27 -28 -29 -30 -31
leaf_value=-0.012036136248181407 0.00041460511882954518 -0.011739869083382809 -0.012423833974781723 -0.012726060537889133 0.0016462232368632842 1.9877383115789109 0.77115530298175605 0.063875712924455236 0.28392676610167888 0.0057991761004030007 0.093606585077546642 -0.091933603675436015 -0.12552602917280373 -0.013122027865678095 -0.0081503750623543522 0.0071317733675930126 0.010774552913084063 -0.035313101574176997 -0.04658389610563695 0.022934549753536686 -0.1184452102192536 -0.0035080195902712583 -0.078446622116427417 0.83465517683820223 -0.029521756992361359 -0.30441988866754682 0.097549825326402981 -0.21914778612250926 0.0012156578347750724 -0.0051718978296945474
leaf_weight=66 237 28 286 134 57 31 84 86 22 237 40 23 24 30 29 26 23 30 54 99 27 38 44 33 26 43 40 27 273 304
leaf_count=66 237 28 286 134 57 31 84 86 22 237 40 23 24 30 29 26 23 30 54 99 27 38 44 33 26 43 40 27 273 304
internal_value=-0.00470231 -0.00797238 -0.0140808 -0.00369499 -0.0115636 -0.000220132 -0.000968944 -0.00250714 0.000910217 -0.00241558 -0.00704132 -0.0090297 -0.00027907 -0.0063352 -0.00393377 0.00285246 -0.00814737 -0.00250633 -0.00387907 -0.00108075 0.00178626 -0.012 -0.000895349 -0.000510121 0.007875 -0.0010915 -0.000568849 -0.00123404 -0.000725275 -0.00224176
internal_weight=2501 1443 589 854 215 1058 639 555 318 303 237 197 81 174 146 56 90 232 210 156 126 67 1027 983 59 924 881 841 814 541
internal_count=2501 1443 589 854 215 1058 639 555 318 303 237 197 81 174 146 56 90 232 210 156 126 67 1027 983 59 924 881 841 814 541
is_linear=0
shrinkage=0.03


Tree=140
num_leaves=31
num_cat=0
split_feature=119 122 139 139 120 118 126 125 126 123 126 119 139 117 127 130 134 121 118 133 127 130 133 122 138 126 133 130 130 133
split_gain=27.9359 24.0651 30.8069 76.6629 32.8065 20.3137 12.1054 10.2878 9.35153 7.32897 6.90372 8.56873 6.45786 13.5068 6.19884 6.3679 5.74617 8.18633 6.02457 5.42699 6.26613 5.3927 5.68938 12.2654 4.72974 4.49683 4.4894 7.56535 7.16705 5.33752
threshold=575.00000000000011 3.5000000000000004 19.500000000000004 15.500000000000002 1.0000000180025095e-35 2.5000000000000004 107.50000000000001 -0.0027183649844271102 725.00000000000011 -10.499999999999998 280.00000000000006 239.50000000000003 26.500000000000004 1.0000000180025095e-35 40.500000000000007 57.500000000000007 -1.0000000180025095e-35 102.50000000000001 40.833333333333336 0.66936538861185257 1.0000000180025095e-35 8.5000000000000018 10.182016763411854 -6.4999999999999991 39.500000000000007 106.50000000000001 16.292573748080859 0.50000000000000011 1.8333333333333337 7.0406322334713947
decision_type=2 2 2 2 2 2 2 2 2 2 2 2 2 2 2 2 2 2 2 2 2 2 2 2 2 2 2 2 2 2
left_child=1 2 3 14 -5 6 12 9 -2 -6 11 16 24 19 -1 -16 21 18 -18 20 -14 -7 -23 -24 -4 -17 27 -26 -29 -30
right_child=8 -3 5 4 7 10 -8 -9 -10 -11 -12 -13 13 -15 15 25 17 -19 -20 -21 -22 22 23 -25 26 -27 -28 28 29 -31
leaf_value=-0.012238504048434112 2.2083497794308227 0.00026938050343002119 -0.01114004077137188 -0.011706485164127043 -0.0089729061526507784 0.019175326808860384 0.59077694234229905 0.0011057231923263088 0.29257369596187915 -0.050981339653027397 -0.1146034542753432 0.59037561876645228 -0.009518243558931461 -0.00010878172200181168 0.35976837801356204 -0.052899333260042737 -0.011767228458058446 0.045292982876594716 -0.10793970797586581 -0.023211542837676683 0.0040252211170769582 -0.0055711441178484871 -0.0038555378263279748 0.084830527854213952 -0.012441255326357665 0.31149666298288253 -0.074629840939686484 0.0065649884417064075 -0.0027351047900317838 0.010737893397304904
leaf_weight=239 34 569 20 260 20 67 22 47 22 32 57 32 25 48 31 27 171 79 47 69 20 54 200 33 57 83 45 26 43 22
leaf_count=239 34 569 20 260 20 67 22 47 22 32 57 32 25 48 31 27 171 79 47 69 20 54 200 33 57 83 45 26 43 22
internal_value=-0.00443895 -0.00493224 -0.00656778 -0.0113226 -0.0211648 -0.00343608 -0.00886567 -0.006 0.0156393 -0.0146316 -0.000475168 0.000383721 -0.0101684 -0.0146946 -0.00185455 0.0030411 -0.000402439 -0.00345695 -0.00643049 -0.0201176 -0.01008 0.00215599 0.000287671 0.00236975 -0.00644037 -0.000469565 -0.00466667 -0.00192157 0.003375 -0.00205714
internal_weight=2501 2445 1876 739 359 1137 397 99 56 52 740 683 375 162 380 141 651 297 218 114 45 354 287 233 213 110 193 148 91 65
internal_count=2501 2445 1876 739 359 1137 397 99 56 52 740 683 375 162 380 141 651 297 218 114 45 354 287 233 213 110 193 148 91 65
is_linear=0
shrinkage=0.03


Tree=141
num_leaves=31
num_cat=0
split_feature=115 139 139 139 129 115 127 115 126 118 131 125 124 118 129 115 131 123 130 124 121 118 133 126 123 123 117 135 132 133
split_gain=38.2531 41.763 79.4243 23.3982 15.0598 14.7458 11.3175 10.1064 9.25978 7.81625 9.12269 6.20872 6.18435 5.68536 5.4386 6.10936 6.09141 5.64338 5.26874 4.88499 8.57909 5.24021 4.78396 13.0968 4.59966 6.61781 9.03942 4.53661 4.40618 6.22668
threshold=1.5000000000000002 21.500000000000004 15.500000000000002 28.500000000000004 28.500000000000004 551.00000000000011 1.5000000000000002 1.0000000180025095e-35 556.50000000000011 1.0000000180025095e-35 30.371756417594174 -0.20820433436532504 26.500000000000004 15.833333333333334 9.5000000000000018 12.500000000000002 15.517015336695275 -1.0000000180025095e-35 4.8333333333333348 -4.4999999999999991 58.500000000000007 81.000000000000014 0.89206923737898125 1.0000000180025095e-35 -16.499999999999996 -3.4999999999999996 37.500000000000007 -0.56174490092936669 17.214285714285719 7.5363065578610042
decision_type=2 2 2 2 2 2 2 2 2 2 2 2 2 2 2 2 2 2 2 2 2 2 2 2 2 2 2 2 2 2
left_child=1 2 6 8 22 11 -1 -4 9 10 -3 13 28 -2 16 -16 17 -13 -8 20 -17 -22 23 -5 -21 26 -26 -20 29 -11
right_child=5 3 7 4 -6 -7 18 -9 -10 12 -12 14 -14 -15 15 19 -18 -19 27 24 21 -23 -24 -25 25 -27 -28 -29 -30 -31
leaf_value=-0.011871348926981088 -0.010314221029175384 -0.011084019994460391 -0.011655009670935853 -0.0092628287292659695 -0.01513176015773046 1.9193289513526861 0.091390955248424305 -0.00018867178067016432 3.0480181253373675 0.00024733175964774645 0.54206540252018964 -0.032248718356912107 -0.061075453176352532 0.11199331226405068 -0.062414512324278762 -0.10026400144219784 0.17000190019260372 0.0011766299412230418 0.16535781770437813 0.26346464040868395 0.11335838414168392 -0.042809982528940506 -0.016433198829716052 0.0042448612732875297 0.04916111579333439 0.00015383958552959596 -0.091047840005140657 -0.045574823873559857 -0.0010301396886589131 0.017973368312333003
leaf_weight=70 41 138 286 28 82 31 22 28 24 117 27 31 29 81 27 92 41 145 67 25 21 43 96 30 29 346 36 154 264 50
leaf_count=70 41 138 286 28 82 31 22 28 24 117 27 31 29 81 27 92 41 145 67 25 21 43 96 30 29 346 36 154 264 50
internal_value=-0.00443895 -0.00743177 -0.0133291 -0.00319551 -0.0111784 0.000144869 -0.0025283 -0.0238683 -0.000220183 -0.000990476 -0.00649412 -0.000554517 0.00101935 0.00562205 -0.00149108 -0.00292308 0.00254054 0 0.000580645 -0.00220101 -0.00667081 0.00165217 -0.016566 -0.00847619 -0.000530612 -0.00135577 -0.00977143 -0.000902655 0.00198165 0.00572093
internal_weight=2501 1512 627 885 236 989 313 314 649 625 165 958 460 122 836 619 217 176 243 592 156 64 154 58 436 411 65 221 431 167
internal_count=2501 1512 627 885 236 989 313 314 649 625 165 958 460 122 836 619 217 176 243 592 156 64 154 58 436 411 65 221 431 167
is_linear=0
shrinkage=0.03


Tree=142
num_leaves=31
num_cat=0
split_feature=115 139 139 139 129 119 126 127 124 117 135 138 122 135 117 125 127 119 129 123 127 129 131 118 130 124 116 131 124 120
split_gain=34.9301 42.0759 83.449 22.7399 17.842 13.7262 9.39793 8.92058 7.29436 8.63859 7.36569 6.46626 5.7549 11.4529 7.44636 8.114 4.92147 6.93249 6.66774 4.77699 5.44017 6.76258 4.55331 3.99445 3.91791 3.437 4.9533 4.4481 3.30143 9.92095
threshold=1.0000000180025095e-35 22.500000000000004 15.500000000000002 28.500000000000004 28.500000000000004 590.50000000000011 556.50000000000011 1.5000000000000002 -2.4999999999999996 1.0000000180025095e-35 1.0000000180025095e-35 39.500000000000007 -10.499999999999998 -0.56174490092936669 71.500000000000014 -0.12380283488698759 87.500000000000014 53.500000000000007 46.500000000000007 -55.499999999999993 118.50000000000001 190.00000000000003 31.375799912547169 226.16666666666671 11.500000000000002 3.5000000000000004 3.5000000000000004 3.479186213202814 -11.499999999999998 3.5000000000000004
decision_type=2 2 2 2 2 2 2 2 2 2 2 2 2 2 2 2 2 2 2 2 2 2 2 2 2 2 2 2 2 2
left_child=1 2 7 6 -5 12 8 -1 -3 10 24 -4 13 -2 -15 -16 17 25 -19 -18 -21 -22 -6 -17 -10 26 -11 -28 29 -14
right_child=5 3 11 4 22 -7 -8 -9 9 16 -12 -13 28 14 15 23 19 18 -20 20 21 -23 -24 -25 -26 -27 27 -29 -30 -31
leaf_value=-0.010951756571473506 -0.035148487377338854 0.084227086034378271 -0.011331545836014817 -0.010514931446170064 0.0024038061982310528 1.9404635598596347 2.9565775815772453 0.0073596006550507194 -0.010681914751256783 -0.0026604715991202618 -0.011699500144743639 -0.014304968999946455 0.037230273204024722 -0.010004794398300092 0.84273917360625672 -0.044696519209719197 -0.12873444680483614 0.23071289770041492 -0.0045886027393284221 -0.12153296873970766 0.52789832576975038 -0.11912036442772318 -0.12844287796025436 0.011735609628024973 0.049108856923084865 -0.031071372731692186 0.026996748420900409 -0.0004171701702749786 0.00027597716090919098 -0.20828632207983461
leaf_weight=66 53 112 277 134 57 26 24 237 63 81 32 27 50 35 20 36 50 34 27 22 23 23 24 21 25 36 44 25 780 37
leaf_count=66 53 112 277 134 57 26 24 237 63 81 32 27 50 35 20 36 50 34 27 22 23 23 24 21 25 36 44 25 780 37
internal_value=-0.00465443 -0.00768232 -0.0136667 -0.00327467 -0.0115636 -0.000502352 -0.000325879 -0.00241558 -0.00113621 -0.00274286 -0.009552 -0.0246408 -0.00109354 -0.00614118 -0.000461538 0.00468293 -0.000389189 0.002 0.0103636 -0.00531707 0 0.00576471 -0.00027907 -0.00135484 -0.00445161 -0.000910995 0.00112258 0.00681081 -9.63303e-05 -0.00547826
internal_weight=2501 1443 607 836 215 1058 621 303 597 485 120 304 1032 165 112 77 365 247 61 118 68 46 81 57 88 186 150 69 867 87
internal_count=2501 1443 607 836 215 1058 621 303 597 485 120 304 1032 165 112 77 365 247 61 118 68 46 81 57 88 186 150 69 867 87
is_linear=0
shrinkage=0.03


Tree=143
num_leaves=31
num_cat=0
split_feature=115 139 139 139 129 115 117 131 127 139 138 124 129 127 131 129 129 122 121 127 116 129 133 127 124 116 127 118 133 128
split_gain=32.0175 45.6738 83.449 25.1514 17.842 12.7386 9.45305 12.1182 8.92058 6.78084 6.46626 5.83173 5.6492 8.10153 4.55331 4.2633 5.52098 4.13242 7.95509 6.8505 6.51892 4.54667 3.99328 4.22077 3.96609 7.96161 3.58391 7.98352 4.44396 3.48323
threshold=1.0000000180025095e-35 22.500000000000004 15.500000000000002 28.500000000000004 28.500000000000004 591.00000000000011 1.0000000180025095e-35 30.371756417594174 1.5000000000000002 26.500000000000004 39.500000000000007 26.500000000000004 26.500000000000004 118.50000000000001 31.375799912547169 190.00000000000003 487.50000000000006 -10.499999999999998 52.500000000000007 1.5000000000000002 105.50000000000001 40.500000000000007 17.506844382546372 1.0000000180025095e-35 -11.499999999999998 30.500000000000004 28.500000000000004 18.500000000000004 20.434561864794166 5.5000000000000009
decision_type=2 2 2 2 2 2 2 2 2 2 2 2 2 2 2 2 2 2 2 2 2 2 2 2 2 2 2 2 2 2
left_child=1 2 8 6 -5 17 7 9 -1 22 -4 12 26 -14 -6 -15 -17 18 19 -2 -20 -21 23 -3 25 -19 27 -8 -28 -26
right_child=5 3 10 4 14 -7 11 -9 -10 -11 -12 -13 13 15 -16 16 -18 24 20 21 -22 -23 -24 -25 29 -27 28 -29 -30 -31
leaf_value=-0.010623203874329301 0.016857866441164878 -0.011359893330521873 -0.010991599460934372 -0.010199483502784963 0.0023316920122841214 2.3526330330618133 0.0016310902317960185 0.59476150270243411 0.0071388126353991851 -0.011348515140401329 -0.013875819929948062 -0.058311048399111165 -0.028763111501906982 0.64618629135114813 -0.12458959162144671 -0.25063369166707944 1.2637183353535875 0.096153811273058915 0.0085720223863110338 -0.011053391453466883 -0.069464175800644623 -0.021978868697441385 -0.058922843824047916 0.0082679899838598043 -0.0027630792660864501 -0.079565134125282808 -0.024095959337331791 0.27668941893497012 0.067790514281950071 0.00087448119022784702
leaf_weight=66 24 34 277 134 57 22 122 30 237 32 27 29 98 23 24 30 20 36 24 34 28 59 22 45 271 51 20 22 94 509
leaf_count=66 24 34 277 134 57 22 122 30 237 32 27 29 98 23 24 30 20 36 24 34 28 59 22 45 271 51 20 22 94 509
internal_value=-0.00453472 -0.0074337 -0.0136667 -0.00284661 -0.0115636 -0.000558796 0.000230032 -0.00585714 -0.00241558 -0.00973913 -0.0246408 0.00244924 0.00337327 -0.000818182 -0.00027907 0.00646154 0.000981818 -0.00108934 -0.00531034 -0.00954098 0.00410526 -0.013102 -0.00532075 -0.00171429 -0.000233945 -0.00613043 0.00613688 0.00922148 0.00196639 0.000450955
internal_weight=2501 1443 607 836 215 1058 621 163 303 133 304 458 429 171 81 73 50 1036 169 117 52 93 101 79 867 87 258 144 114 780
internal_count=2501 1443 607 836 215 1058 621 163 303 133 304 458 429 171 81 73 50 1036 169 117 52 93 101 79 867 87 258 144 114 780
is_linear=0
shrinkage=0.03


Tree=144
num_leaves=31
num_cat=0
split_feature=115 139 139 139 121 115 128 132 117 135 132 138 131 124 135 137 123 121 116 124 124 139 123 115 121 130 125 122 125 128
split_gain=36.5038 43.8569 83.449 22.422 15.3349 12.317 8.92058 8.33577 7.40853 11.2728 8.6493 6.46626 5.66673 5.05811 5.63439 7.30753 6.26916 5.39806 11.8288 4.99532 4.79803 6.99644 9.99735 5.42279 4.8858 5.01813 4.7494 6.58607 6.15287 8.51292
threshold=1.0000000180025095e-35 22.500000000000004 15.500000000000002 28.500000000000004 34.500000000000007 591.00000000000011 1.5000000000000002 461.57142857142861 1.0000000180025095e-35 1.0000000180025095e-35 18.071428571428573 39.500000000000007 30.371756417594174 -1.0000000180025095e-35 -0.56174490092936669 9.5000000000000018 -1.4999999999999998 52.500000000000007 95.500000000000014 -19.499999999999996 2.5000000000000004 19.500000000000004 1.0000000180025095e-35 397.50000000000006 9.5000000000000018 17.166666666666668 0.0076676480786069838 96.500000000000014 -0.046065428824049508 15.500000000000002
decision_type=2 2 2 2 2 2 2 2 2 2 2 2 2 2 2 2 2 2 2 2 2 2 2 2 2 2 2 2 2 2
left_child=1 2 6 7 -5 13 -1 8 9 12 -10 -4 -3 14 16 -16 -2 -17 19 -19 21 24 23 -23 25 -15 27 28 29 -22
right_child=5 3 11 4 -6 -7 -8 -9 10 -11 -12 -13 -14 20 15 17 -18 18 -20 -21 26 22 -24 -25 -26 -27 -28 -29 -30 -31
leaf_value=-0.010304507758099423 -0.046215352223174508 -0.010020660508803422 -0.010661851477106341 -0.011495093009617119 -0.0046427614541413864 2.2820540420699591 0.0069246482563372069 2.7258335782269807 0.0046942849862847066 -0.01100805968618929 -0.0075071155112952682 -0.01345954533204962 0.53694878777098931 -0.00034899187666492359 0.64374240339213062 -0.018955827003296725 -0.0089530807016384977 0.4592916766438816 -0.18090509494829007 0.0045790950058291454 -0.10770567480271259 0.0038517317085213685 -0.00056974830027670012 -0.063961575318833175 -0.0093324451258922636 0.020983758716960139 0.065365363641329749 0.14939903445532507 -0.091558553760647657 0.012819528780398527
leaf_weight=66 33 101 277 129 86 22 237 23 154 32 283 27 28 44 29 170 29 23 29 28 27 110 53 20 97 34 124 39 62 85
leaf_count=66 33 101 277 129 86 22 237 23 154 32 283 27 28 44 29 170 29 23 29 28 27 110 53 20 97 34 124 39 62 85
internal_value=-0.00446289 -0.00755801 -0.0136667 -0.00306064 -0.0112909 -0.000220132 -0.00241558 -0.000134185 -0.000885572 -0.00628916 0.00114027 -0.0246408 -0.00197015 -0.000743516 -0.00371098 -0.00177465 -0.0115522 -0.00350588 0.00275294 0.0111429 0.00072 0.00312397 0.00714894 0.0115111 -0.00113333 0.00426506 -0.00182456 -0.00451376 -0.00700559 -0.00251282
internal_weight=2501 1443 607 836 215 1058 303 621 598 161 437 304 129 1036 341 279 62 250 80 51 695 358 183 130 175 78 337 213 174 112
internal_count=2501 1443 607 836 215 1058 303 621 598 161 437 304 129 1036 341 279 62 250 80 51 695 358 183 130 175 78 337 213 174 112
is_linear=0
shrinkage=0.03


Tree=145
num_leaves=31
num_cat=0
split_feature=115 139 139 139 129 115 117 127 126 128 117 138 133 124 124 120 125 126 124 121 139 130 133 132 116 115 121 129 115 121
split_gain=39.4977 38.0207 79.117 20.1396 16.983 12.1084 10.2859 8.92058 8.49846 8.41702 6.29439 5.91671 4.55331 4.20277 4.10559 9.06619 5.65511 6.22546 7.39515 6.20092 6.16071 5.16771 5.05814 4.71086 5.29814 11.2485 7.81061 5.70647 6.2982 6.43303
threshold=1.0000000180025095e-35 22.500000000000004 15.500000000000002 28.500000000000004 28.500000000000004 591.00000000000011 5.5000000000000009 1.5000000000000002 28.500000000000004 19.500000000000004 543.50000000000011 39.500000000000007 35.3971634024849 -16.499999999999996 -11.499999999999998 3.5000000000000004 0.64583333333333337 9.5000000000000018 2.5000000000000004 29.500000000000004 19.500000000000004 1.8333333333333337 11.509524777140042 11.500000000000002 358.50000000000006 241.50000000000003 140.50000000000003 16.500000000000004 17.500000000000004 19.500000000000004
decision_type=2 2 2 2 2 2 2 2 2 2 2 2 2 2 2 2 2 2 2 2 2 2 2 2 2 2 2 2 2 2
left_child=1 2 7 6 -5 14 8 -1 -3 -8 13 -4 -6 -11 15 -2 17 18 20 -20 -16 -22 -18 -19 25 26 27 -25 -29 -30
right_child=5 3 11 4 12 -7 9 -9 -10 10 -12 -13 -14 -15 16 -17 22 23 19 -21 21 -23 -24 24 -26 -27 -28 28 29 -31
leaf_value=-0.0099953725253564395 0.060187034833162296 -0.0072934790209885315 -0.01034199593279315 -0.0096514311807450355 0.0024010240955398394 2.2135924208078608 0.037069796487997381 0.0067169088086470909 0.43937106961227557 0.36631918517026546 1.4193897421189512 -0.013055758972088131 -0.13365339260001538 -0.010215386455287252 -2.5320854594963472e-05 -0.10686197216087208 -0.0031669736954277107 -0.013450966280043631 -0.031434046474524913 0.35350234365266048 0.0041204509428441052 0.0095129948884978954 -0.11381581792758332 0.077126898526880761 -0.11624479869909407 0.61491808906843803 -0.27833754670810179 -0.082659726643619938 0.0031527916025675751 -0.0088938717317711274
leaf_weight=66 59 175 277 134 57 22 92 237 43 23 25 27 24 263 52 74 140 39 56 34 35 81 21 52 24 44 31 24 81 189
leaf_count=66 59 175 277 134 57 22 92 237 43 23 25 27 24 263 52 74 140 39 56 34 35 81 21 52 24 44 31 24 81 189
internal_value=-0.00446289 -0.00768232 -0.0133725 -0.0034887 -0.0112909 -5.07996e-05 -0.000709265 -0.00241558 -0.00589238 0.00211765 -0.000265823 -0.0240583 -0.00027907 -0.00162887 -0.000570605 -0.0053913 0.00015859 0.00127711 0.0049962 -0.00183158 0.00863584 0.0123471 -0.00484337 -0.000723926 0.000186667 0.00104225 -0.000691099 0.000666667 -0.000983278 0.000414545
internal_weight=2501 1443 607 836 215 1058 621 303 218 403 311 304 81 286 1036 133 903 742 258 90 168 116 161 484 445 421 377 346 294 270
internal_count=2501 1443 607 836 215 1058 621 303 218 403 311 304 81 286 1036 133 903 742 258 90 168 116 161 484 445 421 377 346 294 270
is_linear=0
shrinkage=0.03


Tree=146
num_leaves=31
num_cat=0
split_feature=115 138 138 121 126 115 116 129 138 128 117 133 129 121 128 132 125 133 135 123 118 116 126 132 132 133 131 138 124 121
split_gain=42.8482 37.486 76.1428 21.3981 12.1443 11.4515 7.18471 6.88021 6.50897 10.3113 7.05735 7.72301 7.39709 7.20096 6.40879 6.3758 6.31238 5.62472 5.47837 5.299 5.18676 6.5295 4.96468 4.89347 7.48731 4.80904 6.83022 4.74994 4.08447 10.9336
threshold=1.5000000000000002 39.500000000000007 38.500000000000007 1.0000000180025095e-35 107.50000000000001 591.00000000000011 534.00000000000011 1.5000000000000002 40.500000000000007 2.5000000000000004 4.5000000000000009 7.9833928594105519 229.00000000000003 102.50000000000001 5.5000000000000009 16.500000000000004 -0.010816326530612243 17.01858645515377 1.0000000180025095e-35 -59.999999999999993 16.833333333333339 97.500000000000014 40.500000000000007 7.3571428571428585 9.7857142857142865 7.5363065578610042 2.2586347517122234 40.500000000000007 -2.4999999999999996 58.500000000000007
decision_type=2 2 2 2 2 2 2 2 2 2 2 2 2 2 2 2 2 2 2 2 2 2 2 2 2 2 2 2 2 2
left_child=1 2 22 4 27 7 8 14 15 -10 -11 -12 13 17 -2 25 -16 -13 -4 -9 -17 -22 -1 -21 -25 26 -5 -3 29 -26
right_child=5 3 18 6 -6 -7 -8 19 9 10 11 12 -14 -15 16 20 -18 -19 -20 23 21 -23 -24 24 28 -27 -28 -29 -30 -31
leaf_value=-0.032210119189595883 0.0020429465914854504 -0.009501236322909664 -0.0097058305378696953 0.0026430357010617288 0.50765919204949128 2.1471846481836234 2.6014768786166016 0.69210255206118787 -0.017137649431853644 0.0059321809094291531 -0.020783681747797045 0.0013568255672320691 -0.19897917993772998 0.087861803924342924 -0.0099283607959347007 -0.029962079503003985 0.23414605374821809 -0.030635489230274374 -0.010258963237293894 -0.044485801983185386 0.081173754812025434 -0.027070246386389839 0.28580262581150678 0.024035510577752873 -0.067705091900645581 0.007952109030003136 -0.04075713475992309 -0.0077592481703109293 -0.00017877164768350439 0.016305046527528972
leaf_weight=161 126 143 270 77 22 22 21 23 42 28 57 32 23 44 20 36 32 25 73 44 121 80 108 26 131 45 20 84 487 78
leaf_count=161 126 143 270 77 22 22 21 23 42 28 57 32 23 44 20 36 32 25 73 44 121 80 108 26 131 45 20 84 487 78
internal_value=-0.00434318 -0.00751088 -0.0132156 -0.00357348 -0.0109606 0.000507042 -0.000676829 -2.46914e-05 -0.00131339 -0.00501562 -0.00207477 -0.00432258 0 0.00362264 0.00521311 0.00115625 0.0135789 -0.00329032 -0.0224828 -0.00123929 -0.00183471 0.000116505 -0.00118248 -0.00170428 -0.00106465 0.00608163 0.002 -0.0130345 -0.00170328 -0.00515888
internal_weight=2501 1512 612 900 249 989 651 967 630 251 209 181 124 101 178 379 52 57 343 789 237 201 269 766 722 142 97 227 696 209
internal_count=2501 1512 612 900 249 989 651 967 630 251 209 181 124 101 178 379 52 57 343 789 237 201 269 766 722 142 97 227 696 209
is_linear=0
shrinkage=0.03


Tree=147
num_leaves=31
num_cat=0
split_feature=115 139 139 139 129 115 117 139 126 126 132 117 138 125 118 125 128 125 125 130 131 133 128 129 129 128 124 123 128 119
split_gain=38.5324 38.1807 76.33 21.2661 16.983 11.0625 8.52253 11.3511 6.30628 6.16116 5.94438 6.78782 5.12508 4.77711 6.88998 5.72885 5.73757 7.2717 4.75777 5.52617 4.55331 4.21669 4.14442 5.97258 5.63923 4.85415 4.40255 4.71964 4.01574 3.84999
threshold=1.0000000180025095e-35 22.500000000000004 14.500000000000002 28.500000000000004 28.500000000000004 601.00000000000011 1.0000000180025095e-35 26.500000000000004 50.500000000000007 1.0000000180025095e-35 18.071428571428573 543.50000000000011 39.500000000000007 0.40535714285714292 347.66666666666674 20.500000000000004 24.500000000000004 0.8787878787878789 -0.011730306157550737 141.33333333333334 31.375799912547169 16.742953546751238 117.50000000000001 36.500000000000007 105.50000000000001 5.5000000000000009 -7.4999999999999991 -5.4999999999999991 1.0000000180025095e-35 50.500000000000007
decision_type=2 2 2 2 2 2 2 2 2 2 2 2 2 2 2 2 2 2 2 2 2 2 2 2 2 2 2 2 2 2
left_child=1 2 9 6 -5 13 7 8 21 -1 -8 29 -4 14 18 16 17 -15 19 22 -6 28 23 25 -25 26 -2 -28 -3 -12
right_child=5 3 12 4 20 -7 10 -9 -10 -11 11 -13 -14 15 -16 -17 -18 -19 -20 -21 -22 -23 -24 24 -26 -27 27 -29 -30 -31
leaf_value=-0.035636731197287615 1.2276468272544343 -0.0092161992332223733 -0.0099511943401750774 -0.0089337442965510671 0.0032480580495818753 2.0827691087381153 0.0040346996513262031 -0.010200106257575647 0.52394442127651675 0.00092248696139397347 -0.025276618142575272 1.374372837211024 -0.012379049113238198 0.058606235832136408 -0.070292512065357748 0.015935193382654447 -0.087822043734284469 -0.012643409480294915 0.0020640720544486068 -0.031495719899277221 -0.11073364385304672 -0.056350697233745417 0.060369531676155358 -0.042597616076804665 0.028446842003309311 0.0073215713746429319 -0.046505446119276851 0.00070543144362319012 0.011338579142209166 -0.00053117204391270431
leaf_weight=43 20 57 291 134 57 21 154 32 33 246 68 25 27 22 38 71 56 80 419 53 24 20 37 79 33 60 32 37 21 211
leaf_count=43 20 57 291 134 57 21 154 32 33 246 68 25 27 22 38 71 56 80 419 53 24 20 37 79 33 60 32 37 21 211
internal_value=-0.00429529 -0.00747514 -0.0131765 -0.00327467 -0.0112909 5.07996e-05 -0.000421725 -0.00621429 -0.00194118 -0.00191837 0.00167171 -0.000757282 -0.0232012 -0.000426104 0.000656827 -0.00420513 -0.00732515 -0.00274766 0.00130839 -0.00124719 -0.00027907 -0.00576699 0.000376238 -0.000992481 -0.00610256 0.00288312 -0.00153191 -0.00518919 -0.00209639 -0.00219718
internal_weight=2501 1443 607 836 215 1058 621 163 131 289 458 304 318 1037 808 229 158 102 770 351 81 98 298 261 112 149 89 69 78 279
internal_count=2501 1443 607 836 215 1058 621 163 131 289 458 304 318 1037 808 229 158 102 770 351 81 98 298 261 112 149 89 69 78 279
is_linear=0
shrinkage=0.03


Tree=148
num_leaves=31
num_cat=0
split_feature=115 139 139 139 129 115 126 117 128 135 126 125 116 124 122 125 130 125 130 117 123 125 133 115 116 138 120 125 123 126
split_gain=38.0641 35.238 74.9992 19.7707 16.983 11.257 8.98492 8.54319 8.73052 6.2184 6.16116 4.99443 7.92517 6.50747 6.49604 4.8948 7.63817 6.72022 4.80125 4.76149 6.34424 6.17841 4.55331 4.40182 5.2926 6.6025 4.06918 3.94968 3.93716 4.10239
threshold=1.0000000180025095e-35 22.500000000000004 14.500000000000002 28.500000000000004 28.500000000000004 601.00000000000011 177.00000000000003 1.5000000000000002 19.500000000000004 1.0000000180025095e-35 1.0000000180025095e-35 0.40535714285714292 97.500000000000014 -17.499999999999996 -34.499999999999993 12.750000000000002 18.833333333333339 0.8787878787878789 145.50000000000003 76.500000000000014 2.5000000000000004 0.1526806526806527 35.3971634024849 98.500000000000014 352.00000000000006 40.500000000000007 129.50000000000003 -0.63333333333333319 3.5000000000000004 41.500000000000007
decision_type=2 2 2 2 2 2 2 2 2 2 2 2 2 2 2 2 2 2 2 2 2 2 2 2 2 2 2 2 2 2
left_child=1 2 10 6 -5 11 7 -3 -9 -4 -1 12 14 -14 -2 16 17 -13 -10 21 -21 27 -6 -15 25 26 -25 -16 29 -29
right_child=5 3 9 4 22 -7 -8 8 18 -11 -12 15 13 23 19 -17 -18 -19 -20 20 -22 -23 -24 24 -26 -27 -28 28 -30 -31
leaf_value=-0.034567629261368985 0.013272392443357574 -0.0089184606240149209 -0.0093896523980539371 -0.0086657319676545323 0.0031506163080944191 2.0202860354759706 0.69334697493957054 0.025007430806689691 -0.0021332498893438154 -0.0096526585099698248 0.0008948123525521545 0.05015462626021909 -0.11690700033920436 -0.13557906098613287 -0.043974511903493392 0.011972975771067667 -0.17849573435503344 -0.024416718777802847 -0.41100963497962167 -0.11822180036537183 0.11928083290634738 0.062137088835507746 -0.12493043061334232 -0.07599899231038669 -0.054948916095814294 0.11879972685306028 0.084262832252833125 4.6692865624389232e-05 -0.097264640123723461 0.019786400762370347
leaf_weight=43 24 194 255 134 57 21 84 104 218 63 246 26 34 22 23 82 51 70 21 24 20 40 24 52 40 43 54 256 31 145
leaf_count=43 24 194 255 134 57 21 84 104 218 63 246 26 34 22 23 82 51 70 21 24 20 40 24 52 40 43 54 256 31 145
internal_value=-0.00443895 -0.00759945 -0.0130784 -0.00356005 -0.0112909 -0.000107244 -0.000805112 -0.0022583 0.000586207 -0.0230155 -0.00191837 -0.000598848 0.000509225 -0.003936 0.00247183 -0.00446154 -0.00765789 -0.00231683 -0.00255738 0.00169853 -0.00722449 0.002568 -0.00027907 -0.00177778 -0.000123711 0.00249351 -0.00156757 0.00148696 0.00218307 0.00301478
internal_weight=2501 1443 607 836 215 1058 621 537 343 318 289 1037 808 245 563 229 147 96 239 539 44 495 81 211 189 149 106 455 432 401
internal_count=2501 1443 607 836 215 1058 621 537 343 318 289 1037 808 245 563 229 147 96 239 539 44 495 81 211 189 149 106 455 432 401
is_linear=0
shrinkage=0.03


Tree=149
num_leaves=31
num_cat=0
split_feature=115 139 139 139 119 115 126 117 135 132 126 135 118 128 124 124 135 128 125 126 122 124 122 134 132 128 133 135 139 126
split_gain=33.131 38.3404 73.6801 22.422 15.3349 11.4543 7.67714 7.03671 10.5953 7.39339 6.16116 5.92398 5.29748 5.06789 8.2625 6.00701 7.01455 4.68887 4.56093 8.38271 9.20735 6.81624 11.868 8.63761 7.22516 6.64827 4.66569 4.64103 4.42441 8.0533
threshold=1.0000000180025095e-35 22.500000000000004 14.500000000000002 28.500000000000004 34.500000000000007 601.00000000000011 177.00000000000003 1.0000000180025095e-35 1.0000000180025095e-35 17.214285714285719 1.0000000180025095e-35 1.0000000180025095e-35 19.500000000000004 66.500000000000014 7.5000000000000009 -2.4999999999999996 1.0000000180025095e-35 34.500000000000007 0.40535714285714292 9.5000000000000018 -10.499999999999998 2.5000000000000004 15.500000000000002 -0.8783796973249266 3.785714285714286 25.500000000000004 16.742953546751238 -0.22252093395631442 18.500000000000004 41.500000000000007
decision_type=2 2 2 2 2 2 2 2 2 2 2 2 2 2 2 2 2 2 2 2 2 2 2 2 2 2 2 2 2 2
left_child=1 2 10 6 -5 18 7 8 -3 -9 -1 -4 17 14 -14 -15 -17 -11 19 21 27 23 -23 -2 -25 -26 -20 -21 29 -22
right_child=5 3 11 4 -6 -7 -8 9 -10 12 -12 -13 13 15 -16 16 -18 -19 26 20 28 22 -24 24 25 -27 -28 -29 -30 -31
leaf_value=-0.033530600383527918 -0.00023673144585519167 -0.0074588786012298545 -0.0091079628261123199 -0.0098185835130244776 -0.0024393846211974799 1.9596774544116931 0.6725465656913836 0.0049300690535673871 -0.0096265492511279291 -0.055244277552860176 0.00086796798197559251 -0.0093630787546707308 -0.0040605101907464558 0.22225978581894806 0.19707197078771271 -0.013703748919482166 -0.044763087108453163 -0.0081877664355809177 -0.0026627036652050505 -0.033112474121737102 -0.03758233172846822 -0.042655276546388593 0.18877470510767053 0.00068286771434576058 0.0020007491068464132 0.020188308838682723 -0.17949821032171984 0.022819165708276364 -0.0032953097243581908 0.25167109075614574
leaf_weight=43 33 120 255 129 86 21 84 148 32 22 246 63 49 22 24 62 35 23 189 76 29 51 36 45 49 56 40 20 326 87
leaf_count=43 33 120 255 129 86 21 84 148 32 22 246 63 49 22 24 62 35 23 189 76 29 51 36 45 49 56 40 20 326 87
internal_value=-0.00431923 -0.00726796 -0.0129804 -0.00306064 -0.0112909 -0.000276576 -0.000134185 -0.00148339 -0.00684076 0.000676923 -0.00191837 -0.0228297 -0.00257851 -0.000274112 0.00569231 -0.00406452 -0.00729412 -0.01128 -0.000771593 0.000287823 -0.0018674 0.00456 -0.00221739 0.00778723 0.0108 0.0149455 -0.00446154 -0.0100396 0 0.00490909
internal_weight=2501 1443 607 836 215 1058 621 537 152 385 289 318 237 192 73 119 97 45 1037 808 538 270 87 183 150 105 229 96 442 116
internal_count=2501 1443 607 836 215 1058 621 537 152 385 289 318 237 192 73 119 97 45 1037 808 538 270 87 183 150 105 229 96 442 116
is_linear=0
shrinkage=0.03


Tree=150
num_leaves=31
num_cat=0
split_feature=115 139 139 139 129 115 126 117 139 129 126 133 133 127 135 119 128 122 125 128 115 119 131 119 120 116 129 121 131 118
split_gain=30.0177 37.1177 74.2046 22.2245 16.983 11.653 7.80986 7.86959 10.2704 8.55462 6.16116 5.72159 7.17231 5.52203 5.62275 5.2412 4.93687 9.21019 7.22405 5.43653 6.80538 10.7599 7.26718 4.98109 4.90632 6.75422 6.88205 5.18146 5.07495 4.87268
threshold=1.0000000180025095e-35 21.500000000000004 14.500000000000002 28.500000000000004 28.500000000000004 601.00000000000011 177.00000000000003 1.0000000180025095e-35 26.500000000000004 27.500000000000004 1.0000000180025095e-35 0.74218015255156911 16.292573748080859 28.500000000000004 1.0000000180025095e-35 40.500000000000007 130.50000000000003 101.50000000000001 0.76614583333333341 3.5000000000000004 129.50000000000003 67.500000000000014 11.799238225444348 52.500000000000007 34.500000000000007 28.500000000000004 14.500000000000002 2.5000000000000004 1.0000000180025095e-35 133.16666666666671
decision_type=2 2 2 2 2 2 2 2 2 2 2 2 2 2 2 2 2 2 2 2 2 2 2 2 2 2 2 2 2 2
left_child=1 2 10 6 -5 16 7 8 11 13 -1 -3 -13 15 -15 -9 18 -18 19 24 21 23 -23 -21 25 26 27 -2 -29 -19
right_child=5 3 -4 4 -6 -7 -8 9 -10 -11 -12 12 -14 14 -16 -17 17 29 -20 20 -22 22 -24 -25 -26 -27 -28 28 -30 -31
leaf_value=-0.032524682372022079 -0.036537575280605299 -0.011094478924413481 -0.0090348481382353345 -0.0082218904866115695 -0.0020199108785515338 1.9008871307793425 0.65237016872064191 0.0012019392747956558 -0.0093377527735940911 -0.030031228171710448 0.00084192894251632012 0.0075194015274772982 -0.057341547301666768 0.023896497508869175 -0.018813865627111282 0.29362588712593507 -0.044994119726083567 0.34244871115047515 -0.0069082822516313052 0.00085573983293489413 0.26261791195278172 -0.05210248827994448 0.0048694321157837983 0.030592900957325638 0.59871473074049941 -0.095304591575426936 0.023002434371155827 0.016675810855519405 -0.0082982487685779819 -0.049448358406584132
leaf_weight=43 24 22 300 134 81 21 84 132 32 130 246 69 47 54 47 22 203 25 149 212 46 53 64 32 30 39 59 27 53 21
leaf_count=43 24 22 300 134 81 21 84 132 32 130 246 69 47 54 47 22 203 25 149 212 46 53 64 32 30 39 59 27 53 21
internal_value=-0.00429529 -0.00710221 -0.0128687 -0.00306636 -0.0112909 -0.000445908 -0.000223602 -0.00154286 -0.00682286 0.000830769 -0.00191837 -0.0028951 0 0.00401538 -0.00135849 0.00750943 -0.000944338 -0.00458268 0.00021942 0.00162112 0.00369903 0.00219672 -0.00511475 0.00575904 -0.002 -0.00373913 -0.000857143 -0.00544954 -0.00134118 0.00694118
internal_weight=2501 1443 589 854 215 1058 639 555 170 385 289 138 116 255 101 154 1037 249 788 639 407 361 117 244 232 202 163 104 80 46
internal_count=2501 1443 589 854 215 1058 639 555 170 385 289 138 116 255 101 154 1037 249 788 639 407 361 117 244 232 202 163 104 80 46
is_linear=0
shrinkage=0.03


Tree=151
num_leaves=31
num_cat=0
split_feature=118 130 115 126 131 115 128 126 129 133 133 124 123 133 119 119 131 139 130 123 139 116 121 133 123 133 131 139 139 130
split_gain=38.5031 17.0983 16.3719 17.1427 16.1791 10.6373 9.63321 13.3166 8.64672 11.9772 13.6028 9.27221 8.14125 7.44826 8.13972 7.39789 6.81085 7.40457 11.532 13.74 8.49065 6.12065 5.46796 6.91548 5.58759 5.139 8.21319 7.16613 7.23232 5.8766
threshold=14.16666666666667 40.166666666666679 2.5000000000000004 1.0000000180025095e-35 5.3332926424530411 601.00000000000011 52.500000000000007 106.50000000000001 275.50000000000006 11.894944593128903 210.96081282856031 -95.499999999999986 -2.4999999999999996 10.182016763411854 36.500000000000007 15.500000000000002 80.333973028217727 18.500000000000004 26.166666666666668 -1.4999999999999998 19.500000000000004 1.5000000000000002 9.5000000000000018 26.206790966192539 -1.0000000180025095e-35 7.4696620530008575 0.87965281125489481 18.500000000000004 25.500000000000004 5.8333333333333348
decision_type=2 2 2 2 2 2 2 2 2 2 2 2 2 2 2 2 2 2 2 2 2 2 2 2 2 2 2 2 2 2
left_child=1 2 3 12 25 8 -3 -8 11 -10 22 -2 -1 -13 -15 21 17 18 -16 -20 -19 -4 -11 -24 -25 26 -5 -28 -29 -27
right_child=5 6 15 4 -6 -7 7 -9 9 10 -12 13 -14 14 16 -17 -18 20 19 -21 -22 -23 23 24 -26 29 27 28 -30 -31
leaf_value=-0.0025323568905639294 0.0001946900955268579 0.087887574180673333 -0.0055447818209050977 -0.0036930518077746516 -0.019005250624634384 1.8438605168559628 -0.14576075372863176 0.41433883804601618 1.6868043309049647 0.018695752203241225 0.92162668292722516 -0.0063892351763070107 -0.0081225349894415953 0.14588120031140875 -0.0070952932402295211 -0.0070678152159772177 -0.093301789924311998 -0.045934415240450228 -0.11205628159617477 0.0001946900955268579 0.0050060814287119009 0.040244937198581646 -0.0048720658750693443 -0.017418441222699244 -0.59210779284001158 0.0029448556917164126 -0.0086400714687374439 0.0052032846703733903 -0.011255280096460445 -0.027300487675636517
leaf_weight=27 26 83 59 268 124 21 46 75 24 21 30 317 238 29 20 94 41 42 26 61 516 40 22 29 64 21 26 36 50 25
leaf_count=27 26 83 59 268 124 21 46 75 24 21 30 317 238 29 20 94 41 42 26 61 516 40 22 29 64 21 26 36 50 25
internal_value=-0.00321788 -0.00704519 -0.00864166 -0.0104927 -0.00734054 0.00038949 0.000832536 -0.00447619 0 -0.00581538 -0.00873684 0.00104709 -0.0167556 0.000561968 0.00222162 -0.000727273 0.00151055 0.00227463 0.00932143 0.0139565 0.000841918 0.00484615 -0.0127234 -0.0152 -0.0186122 -0.00444084 -0.00559481 -0.0122564 -0.00718681 0.00458824
internal_weight=2501 1212 1008 815 550 1289 204 121 1268 190 166 1078 265 1052 735 193 706 665 107 87 558 99 136 115 93 426 380 112 86 46
internal_count=2501 1212 1008 815 550 1289 204 121 1268 190 166 1078 265 1052 735 193 706 665 107 87 558 99 136 115 93 426 380 112 86 46
is_linear=0
shrinkage=0.03


Tree=152
num_leaves=31
num_cat=0
split_feature=118 126 115 131 137 139 123 119 126 124 139 118 122 126 121 125 133 133 126 125 124 124 126 121 122 117 131 119 125 127
split_gain=34.501 15.5991 18.4491 14.1795 13.0016 13.304 12.7846 10.6763 11.7447 9.57641 9.13262 8.46445 7.86544 6.15556 5.79508 5.22439 5.14856 10.013 7.16474 5.10231 5.39165 8.70514 7.32182 7.29885 6.7983 6.41412 7.92666 9.44343 6.15235 5.5296
threshold=14.16666666666667 1.0000000180025095e-35 1.0000000180025095e-35 1.0950140852533554 9.5000000000000018 26.500000000000004 -2.4999999999999996 575.00000000000011 423.00000000000006 -93.499999999999986 15.500000000000002 1.8333333333333337 -6.4999999999999991 725.00000000000011 15.500000000000002 0.49576271186440685 14.389618686009014 7.4696620530008575 50.500000000000007 0.29486357809924929 3.5000000000000004 4.5000000000000009 265.50000000000006 144.50000000000003 -76.499999999999986 22.500000000000004 25.08867972878582 65.500000000000014 -0.0063914073348035607 5.5000000000000009
decision_type=2 2 2 2 2 2 2 2 2 2 2 2 2 2 2 2 2 2 2 2 2 2 2 2 2 2 2 2 2 2
left_child=1 2 6 -3 10 14 -1 8 9 -2 -5 -7 -13 -9 16 -4 17 -6 -18 20 22 -22 23 25 -23 29 -27 -28 -29 -11
right_child=7 3 15 4 5 11 -8 13 -10 19 -12 12 -14 -15 -16 -17 18 -19 -20 -21 21 24 -24 -25 -26 26 27 28 -30 -31
leaf_value=0.019748455909986407 0.0011390566242509296 -0.0019617860819047751 0.00024294894347093532 -0.009210358759735103 -0.0042333809156921021 -0.025781457131714022 -0.0079694903832707564 1.7559267422714442 -0.15483758144794477 -0.00017479420748571782 -0.01300190208028997 -0.016488467784502393 0.002514117670830309 0.23623871032412808 -0.042240802320734419 -0.016029540132025667 -0.067540846070832161 0.0011623079317548601 0.14403284140092804 -0.021457033497134573 -0.018399632101159111 -0.19391646419939532 -0.093454439552627652 0.017480551305546391 0.011001111275979837 -0.00071579781970228403 0.1563736137969545 -0.043473637227682924 0.022441966976412715 0.022162178897159775
leaf_weight=22 34 472 54 22 58 34 216 34 79 40 55 30 32 22 51 46 37 43 40 113 35 24 36 85 239 392 20 31 50 55
leaf_count=22 34 472 54 22 58 34 216 34 79 40 55 30 32 22 51 46 37 43 40 113 35 24 36 85 239 392 20 31 50 55
internal_value=-0.00297845 -0.00660148 -0.0120525 -0.00443003 -0.00853563 -0.00570909 -0.0165185 0.000435858 -0.000164782 0.000616048 -0.0193171 -0.0147921 -0.00707463 0.0126885 -0.00164103 -0.00108571 0.00095082 0.00532075 -0.00468293 0.000101333 0.000794466 -0.00255446 0.00221849 0.00295575 -0.000537313 0.00170995 0.000289157 0.00758491 0.00237209 0.00864
internal_weight=2501 1212 338 874 402 325 238 1289 1233 1154 77 96 62 56 229 100 178 101 77 1120 1007 298 709 673 263 588 493 101 81 95
internal_count=2501 1212 338 874 402 325 238 1289 1233 1154 77 96 62 56 229 100 178 101 77 1120 1007 298 709 673 263 588 493 101 81 95
is_linear=0
shrinkage=0.03


Tree=153
num_leaves=31
num_cat=0
split_feature=130 115 123 129 138 138 139 132 132 122 124 119 132 124 131 129 119 115 122 125 124 118 125 125 134 130 116 130 116 129
split_gain=24.6452 29.1223 25.7834 12.1929 9.26767 15.5604 15.9479 7.15556 9.64275 6.79559 6.69787 8.16456 7.95263 6.04494 10.8145 5.98879 9.34115 8.65734 5.55038 5.37558 7.38426 7.1717 7.00622 8.42298 4.79543 16.1957 5.41043 7.49517 8.22397 6.31306
threshold=16.833333333333339 1.0000000180025095e-35 -1.0000000180025095e-35 772.00000000000011 38.500000000000007 39.500000000000007 25.500000000000004 5.2142857142857153 0.50000000000000011 -29.499999999999996 -93.499999999999986 575.00000000000011 584.07142857142867 1.0000000180025095e-35 0.87965281125489481 527.50000000000011 353.00000000000006 267.00000000000006 -1.0000000180025095e-35 0.8787878787878789 -7.4999999999999991 10.833333333333334 0.02091836734693878 -0.17519181585677748 -1.0000000180025095e-35 19.166666666666668 151.00000000000003 27.166666666666668 57.500000000000007 105.50000000000001
decision_type=2 2 2 2 2 2 2 2 2 2 2 2 2 2 2 2 2 2 2 2 2 2 2 2 2 2 2 2 2 2
left_child=1 2 13 10 -4 9 7 8 -7 -6 -2 12 15 14 -1 16 17 24 -15 20 -3 -22 23 -23 25 -12 27 -26 -29 -30
right_child=3 19 4 -5 5 6 -8 -9 -10 -11 11 -13 -14 18 -16 -17 -18 -19 -20 -21 21 22 -24 -25 26 -27 -28 28 29 -31
leaf_value=0.01111639663627589 0.00015467769393352429 0.18801195498403811 -0.031066181139680051 4.6717666676275389 -0.0010300964576160133 -0.013473103098284861 -0.0075684037443115026 -0.028342354333843842 0.011807821953808289 -0.0086220198751952113 0.090235159932289755 1.2323596829950645 -0.69088306930610999 0.0019094721966959936 -0.022738344072062662 1.3826200189888271 -0.21688232315290407 0.77922426316325522 -0.046232013241016105 -0.015548653928064897 0.0011274386938022207 0.0011619128328059958 0.0026087267927073299 -0.052518907408865015 -0.017005509923624339 -0.0047842983185604733 -0.042808908074097755 -0.0046253637134888604 -0.00031904646992361258 0.14133774262431145
leaf_weight=34 46 30 119 32 20 24 138 49 61 144 26 31 23 43 28 21 61 32 22 91 114 25 37 43 94 595 63 336 54 65
leaf_count=34 46 30 119 32 20 24 138 49 61 144 26 31 23 43 28 21 61 32 22 91 114 25 37 43 94 595 63 336 54 65
internal_value=-0.00343336 -0.00700487 -0.010559 -0.000946092 -0.0133286 -0.0153605 -0.0105921 -0.00297842 0.00226667 -0.0226864 -0.00138017 -0.00176671 -0.00213382 0.00154545 0.00797015 -0.0017929 -0.00206912 -0.00148346 -0.00462857 0.000156522 0.00245669 0.000375 -0.00512727 -0.0106027 -0.00190953 -3.83387e-05 -0.00378282 -0.0027509 -0.00109565 0.00551613
internal_weight=2501 1022 682 1479 555 436 272 134 85 164 1447 1401 1370 127 62 1347 1326 1265 65 340 249 219 105 68 1233 621 612 549 455 119
internal_count=2501 1022 682 1479 555 436 272 134 85 164 1447 1401 1370 127 62 1347 1326 1265 65 340 249 219 105 68 1233 621 612 549 455 119
is_linear=0
shrinkage=0.03


Tree=154
num_leaves=31
num_cat=0
split_feature=119 132 133 137 135 118 115 138 118 138 120 132 127 132 121 126 121 133 133 121 123 132 132 131 132 119 128 116 132 126
split_gain=28.5261 16.3555 12.1593 20.2783 16.9738 11.5453 11.4459 10.2619 21.6838 8.90684 14.3328 8.65598 9.27703 7.12293 6.7089 7.27395 6.33118 5.32867 8.69895 5.30152 4.50907 4.41803 9.19452 4.74578 6.32445 8.65711 8.2232 5.63414 8.28526 4.4974
threshold=33.500000000000007 0.50000000000000011 0.47331280537900966 9.5000000000000018 1.0000000180025095e-35 0.50000000000000011 601.00000000000011 40.500000000000007 1.8333333333333337 39.500000000000007 1.0000000180025095e-35 10.071428571428573 20.500000000000004 584.07142857142867 553.00000000000011 423.00000000000006 9.5000000000000018 2.0553503711616634 2.824703948966103 1.0000000180025095e-35 -1.0000000180025095e-35 8.071428571428573 11.357142857142859 2.5595537745932826 103.50000000000001 207.50000000000003 211.00000000000003 155.00000000000003 135.64285714285717 99.500000000000014
decision_type=2 2 2 2 2 2 2 2 2 2 2 2 2 2 2 2 2 2 2 2 2 2 2 2 2 2 2 2 2 2
left_child=1 5 16 4 -4 -1 13 9 -9 10 -5 -10 -13 14 15 21 19 -11 -19 -3 -12 -2 -23 -24 -25 27 -27 28 29 -26
right_child=6 2 3 7 -6 -7 -8 8 11 17 20 12 -14 -15 -16 -17 -18 18 -20 -21 -22 22 23 24 25 26 -28 -29 -30 -31
leaf_value=-0.0073928302890528515 0.0024205858111228757 -0.00027248662152456582 -0.009667879648624228 -0.049306485864421129 0.037058657598369682 -0.0082262274731020046 1.6988961085922891 -0.013769215130529011 0.014207169756650364 0.0071092299597291086 -0.0053428654593336766 -0.030450744573626957 0.0032520664093827279 -0.59250364923725074 1.9092654506256548 -0.12004379388030849 -0.016438903184565392 -0.0027139128911892029 0.00012248634970176474 0.0066432613171456632 0.00037298434216672223 -0.10701662331947168 -0.010426366861856664 0.0012679918376116658 0.0012082688990886225 0.044433653654713086 -0.0023811502421258977 -0.12055579112699845 0.0034159695813333712 -0.050590254772583929
leaf_weight=114 74 256 74 53 30 97 21 82 43 41 24 40 36 36 21 56 23 22 257 28 34 28 226 465 22 37 84 42 71 64
leaf_count=114 74 256 74 53 30 97 21 82 43 41 24 40 36 36 21 56 23 22 257 28 34 28 226 465 22 37 84 42 71 64
internal_value=-0.00352913 -0.00671485 -0.00511832 -0.00719838 -0.019211 -0.0142778 -0.000306709 -0.00507692 -0.0106019 -0.0023945 -0.00951724 -0.00212903 -0.00807407 -0.000726239 -0.000296234 -0.000633731 -7.69231e-05 0.000166154 -0.00135211 0.00122491 0.000857143 -7.51342e-05 -0.000597701 -8.26772e-05 0.00101772 -0.00219692 0.004 -0.006 -0.00311111 -0.00916484
internal_weight=2501 1254 1043 736 104 211 1247 632 201 431 111 119 76 1226 1190 1169 307 320 279 284 58 1113 1039 1011 785 320 121 199 157 86
internal_count=2501 1254 1043 736 104 211 1247 632 201 431 111 119 76 1226 1190 1169 307 320 279 284 58 1113 1039 1011 785 320 121 199 157 86
is_linear=0
shrinkage=0.03


Tree=155
num_leaves=31
num_cat=0
split_feature=118 115 138 138 139 115 130 133 116 116 126 118 132 133 115 135 127 123 125 116 139 133 115 115 133 137 116 122 125 131
split_gain=27.6152 16.151 24.2949 43.1571 20.331 11.4805 9.21883 11.7305 8.49633 8.35086 6.92353 6.99578 6.13598 8.40136 6.41139 6.11681 5.76887 5.7219 11.1652 6.69658 6.43156 5.1946 5.1639 4.98523 4.56074 7.29005 6.14086 6.09621 5.25515 5.25825
threshold=14.16666666666667 1.0000000180025095e-35 38.500000000000007 39.500000000000007 28.500000000000004 601.00000000000011 18.166666666666668 4.6773424059957245 7.5000000000000009 3.5000000000000004 107.50000000000001 2.5000000000000004 103.50000000000001 239.87640865205819 129.50000000000003 1.0000000180025095e-35 8.5000000000000018 -51.499999999999993 -0.98371292372881347 18.500000000000004 32.500000000000007 0.89206923737898125 14.500000000000002 51.500000000000007 14.950933309380304 9.5000000000000018 155.00000000000003 -178.49999999999997 -0.011730306157550737 8.0277177873287098
decision_type=2 2 2 2 2 2 2 2 2 2 2 2 2 2 2 2 2 2 2 2 2 2 2 2 2 2 2 2 2 2
left_child=1 2 -1 15 10 12 7 -3 -9 21 11 -5 14 24 17 -4 -13 18 -2 23 -21 -6 -8 -19 26 -26 28 -27 -14 -30
right_child=5 6 3 4 9 -7 22 8 -10 -11 -12 16 13 -15 -16 -17 -18 19 -20 20 -22 -23 -24 -25 25 27 -28 -29 29 -31
leaf_value=-0.00463274191491424 -0.0042593665774033696 -0.0010444012913385036 -0.0090930585745909159 -0.0071581298312088796 -0.0041560684584105714 1.6479292253345204 -0.038836461698513139 0.0074411250935474266 -0.0040354321435267784 -0.0052204191179777166 0.44058511911047415 0.025006408731618048 -0.013054202042284756 1.1485759205820505 0.2908925478128529 -0.0078479346817747347 -0.0035214043282907337 0.0012299520824833158 0.60761067327027907 -0.0071325199569777535 0.0026853997755937795 -0.014289018396361519 -0.0012492206855664633 -0.010113575856000949 -0.041626905314354014 0.020709078960239536 -0.051990028488232268 -0.031710218395766814 0.0099488517954216607 0.058337600199616729
leaf_weight=269 62 140 131 220 38 21 32 63 22 25 23 38 22 22 55 54 59 125 24 407 27 62 36 45 46 77 34 256 41 25
leaf_count=269 62 140 131 220 38 21 32 63 22 25 23 38 22 22 55 54 59 125 24 407 27 62 36 45 46 77 34 256 41 25
internal_value=-0.00340942 -0.00665078 -0.0085974 -0.011716 -0.00668936 -0.000343122 -0.000483221 0.00245217 0.0109333 -0.0168 -0.00276522 -0.00398758 -0.000749411 -0.00322727 0.000992 -0.0238105 0.00258824 0.000164029 0.00718681 -0.000876847 -0.00285649 -0.0205143 -0.00978082 0.00408 -0.00407905 -0.0056875 0.000897638 -0.00397633 0.00509677 0.00921127
internal_weight=2501 1212 919 650 465 1289 293 225 85 125 340 317 1268 523 745 185 97 690 86 604 434 100 68 170 501 379 122 333 88 66
internal_count=2501 1212 919 650 465 1289 293 225 85 125 340 317 1268 523 745 185 97 690 86 604 434 100 68 170 501 379 122 333 88 66
is_linear=0
shrinkage=0.03


Tree=156
num_leaves=31
num_cat=0
split_feature=119 126 115 125 115 131 139 115 139 115 116 125 106 133 126 126 124 126 125 126 133 119 133 132 119 132 133 116 133 125
split_gain=28.1391 20.2845 18.644 11.4415 11.0038 10.9239 16.888 15.2581 9.85015 16.4388 6.7075 6.36714 5.96456 5.80909 8.52047 7.41397 6.19831 5.88731 5.9549 6.20398 5.83253 5.23095 6.57055 5.18797 8.46159 6.10723 6.84523 9.75294 7.53341 5.83639
threshold=33.500000000000007 1.0000000180025095e-35 1.5000000000000002 -0.69306418219461685 601.00000000000011 1.0950140852533554 18.500000000000004 12.500000000000002 26.500000000000004 2.5000000000000004 2.5000000000000004 0.49576271186440685 1.0000000180025095e-35 239.87640865205819 423.00000000000006 338.50000000000006 -93.499999999999986 265.50000000000006 0.80625000000000013 237.00000000000003 26.206790966192539 15.500000000000002 14.389618686009014 103.50000000000001 129.50000000000003 1.9285714285714288 7.6983963344614184 40.500000000000007 2.0553503711616634 -0.97752525252525235
decision_type=2 2 2 2 2 2 2 2 2 2 2 2 2 2 2 2 2 2 2 2 2 2 2 2 2 2 2 2 2 2
left_child=1 2 3 -1 12 -3 7 -7 21 10 -10 -4 13 14 15 16 -2 18 19 23 -16 -8 -23 24 25 -18 27 28 -27 -28
right_child=4 5 11 -5 -6 6 8 -9 9 -11 -12 -13 -14 -15 20 -17 17 -19 -20 -21 -22 22 -24 -25 -26 26 29 -29 -30 -31
leaf_value=0.009911747053242834 0.00068573224030940344 -0.00073080371046771822 0.015905885301403425 -0.0069925720946270899 1.5984913485744834 -0.013063639921403062 0.0008667071896906719 0.038402403579178922 -0.018072710806098177 0.00079234044402163304 -0.013771517557746478 -0.014804075447289736 0.10768017179206929 1.1141186429645886 0.48025314803990338 0.42132021863295077 0.53348884000784924 -0.098092554556378664 -0.039702995205728529 0.65104795997326814 -0.2396299990347012 -0.061437787071983434 0.0012534545269500797 -0.0058824160449057255 0.098905843220425699 0.0034945932250592423 0.099965452962620979 -0.096988825008362908 -0.009810168580320848 -0.00095442493595314067
leaf_weight=26 30 480 55 227 21 81 161 20 40 37 33 43 20 22 23 22 30 47 65 26 70 26 25 283 95 23 64 34 43 329
leaf_count=26 30 480 55 227 21 81 161 20 40 37 33 43 20 22 23 22 30 47 65 26 70 26 25 283 95 23 64 34 43 329
internal_value=-0.00312211 -0.00628594 -0.0123708 -0.0166047 6.70927e-05 -0.00385903 -0.00734579 -0.0177736 -0.00383486 -0.0109043 -0.0187692 -0.0011068 -0.000336312 -0.000639141 -0.000953743 -0.000186131 -0.000581006 -0.001 -0.000475426 0.000154506 -0.00942857 0 -0.00792857 -0.000291391 0.00124238 -0.000272727 -0.00113253 -0.00794286 -0.000760563 0.000663317
internal_weight=2501 1254 351 253 1247 903 423 101 322 110 73 98 1226 1206 1184 1091 1069 1039 992 927 93 212 51 901 618 523 493 100 66 393
internal_count=2501 1254 351 253 1247 903 423 101 322 110 73 98 1226 1206 1184 1091 1069 1039 992 927 93 212 51 901 618 523 493 100 66 393
is_linear=0
shrinkage=0.03


Tree=157
num_leaves=31
num_cat=0
split_feature=130 115 139 139 120 119 128 118 124 123 125 128 126 116 139 124 131 126 124 132 127 125 122 121 128 126 130 134 128 132
split_gain=22.291 19.8363 14.4801 26.9461 18.2388 17.2508 15.7968 12.6069 12.0713 9.74413 5.74266 5.63291 6.96149 4.9807 10.9262 9.46299 9.73305 8.74322 5.81095 10.8884 9.69576 8.66674 6.12039 8.21051 6.34448 5.38035 5.26177 4.7052 5.39801 4.69426
threshold=1.1666666666666667 1.5000000000000002 19.500000000000004 15.500000000000002 1.0000000180025095e-35 47.500000000000007 648.50000000000011 77.166666666666671 -2.4999999999999996 -1.0000000180025095e-35 5.2857142857142874 65.500000000000014 155.00000000000003 1.0000000180025095e-35 26.500000000000004 -19.499999999999996 0.87965281125489481 275.50000000000006 2.5000000000000004 12.642857142857144 135.50000000000003 0.29486357809924929 -16.499999999999996 177.50000000000003 3.5000000000000004 7.5000000000000009 196.83333333333334 -1.0000000180025095e-35 94.500000000000014 16.500000000000004
decision_type=2 2 2 2 2 2 2 2 2 2 2 2 2 2 2 2 2 2 2 2 2 2 2 2 2 2 2 2 2 2
left_child=1 9 3 -2 5 -5 10 -7 -6 -1 13 -10 -13 14 26 -16 25 18 21 -20 27 22 23 -15 -24 -17 29 -21 -29 -4
right_child=2 -3 6 4 8 7 -8 -9 11 -11 -12 12 -14 17 15 16 -18 -19 19 20 -22 -23 24 -25 -26 -27 -28 28 -30 -31
leaf_value=-0.004447936038934887 0.0022550268314209631 0.00016561408170596701 0.00082373026773038924 -0.014383960115617742 -0.042817623631562982 4.5262945695464234e-05 1.6405310257368222 -0.02978314076027359 0.0031750644634193389 -0.0061163998585968627 0.074033568859729865 -0.094466364656753107 0.064035622150729096 -0.0028195576926796661 0.0012216862680874106 0.0082287983249641206 -0.028146385257339306 -0.17714441364714373 -0.056305789204180154 0.035183080815133071 -0.1274117779926553 -0.06494038498769672 -0.010019798990565118 0.50042795665003836 0.0032435008293066358 -0.049440298462206302 0.62750877961164642 -0.031953391294371226 0.26269206237154619 -0.021083618545393961
leaf_weight=38 412 113 94 103 49 69 26 44 58 235 22 25 32 223 36 28 67 67 26 86 36 45 39 26 218 51 22 48 22 141
leaf_count=38 412 113 94 103 49 69 26 44 58 235 22 25 32 223 36 28 67 67 26 86 36 45 39 26 218 51 22 48 22 141
internal_value=-0.00321788 -0.00980563 -0.00199245 -0.00518695 -0.0108935 -0.0165339 -6.3253e-05 -0.00783051 -0.00315976 -0.0141151 -0.000571429 0.0022 -0.00425806 -0.0008625 -0.00343243 -0.00895187 -0.0122781 0.000492271 0.00142636 -0.00266368 0 0.00306475 0.00421526 0.00080315 0.00741985 -0.00457143 0.000549618 0.00331677 -0.00232 -0.00085
internal_weight=2501 386 2115 792 380 216 1323 113 164 273 1297 115 57 1275 439 182 146 836 769 218 192 551 506 249 257 79 257 156 70 235
internal_count=2501 386 2115 792 380 216 1323 113 164 273 1297 115 57 1275 439 182 146 836 769 218 192 551 506 249 257 79 257 156 70 235
is_linear=0
shrinkage=0.03


Tree=158
num_leaves=31
num_cat=0
split_feature=130 115 139 139 118 128 120 121 123 125 116 131 124 130 118 139 132 118 116 126 131 119 129 119 124 135 122 119 116 116
split_gain=23.1153 19.8363 13.7262 24.7118 16.4671 15.6621 14.1755 10.9071 9.74413 8.83683 10.7277 10.3279 7.31606 5.35546 10.8637 14.0291 10.7686 5.79388 5.55636 5.31257 5.04779 4.39717 7.87129 5.0227 6.36015 7.44978 7.29623 12.0176 8.39084 6.09952
threshold=1.1666666666666667 1.5000000000000002 19.500000000000004 15.500000000000002 15.500000000000002 648.50000000000011 1.0000000180025095e-35 243.50000000000003 -1.0000000180025095e-35 -0.0041076248313090405 40.500000000000007 39.616210218726444 1.0000000180025095e-35 5.5000000000000009 1.8333333333333337 26.500000000000004 3.6428571428571437 2.5000000000000004 16.500000000000004 12.500000000000002 1.0950140852533554 353.00000000000006 499.00000000000006 257.00000000000006 -45.499999999999993 -0.22252093395631442 -7.4999999999999991 74.500000000000014 119.50000000000001 40.500000000000007
decision_type=2 2 2 2 2 2 2 2 2 2 2 2 2 2 2 2 2 2 2 2 2 2 2 2 2 2 2 2 2 2
left_child=1 8 3 -2 6 13 -5 9 -1 11 -11 -6 -12 16 15 19 17 20 -18 -15 -4 23 -23 24 -16 26 29 -28 -29 -26
right_child=2 -3 5 4 7 -7 -8 -9 -10 10 12 -13 -14 14 21 -17 18 -19 -20 -21 -22 22 -24 -25 25 -27 27 28 -30 -31
leaf_value=-0.0043144979577668238 0.0021873760264783468 0.00016064565925479 -0.0011562511405086397 -0.013952441312149209 -0.04892525705911005 1.5913150949647188 -0.00017112305212992673 -0.6045300243495032 -0.0059329078628389568 0.00049411738294690495 -0.0041603874065542033 0.016356640864069377 0.25319679973219111 -0.042840472996957611 0.044351353251583445 -0.057037461709196484 0.00228853652954097 0.0072774188136940227 -0.01553782838094829 0.0023599796023490247 -0.015897922343566379 -0.23479344306825281 0.33966496274765118 0.47846249983791322 -0.019124772985772958 -0.008661029955259511 0.014123489647592535 -0.097290942649797638 0.020283273741433305 0.017129511782888827
leaf_weight=38 412 113 34 101 56 26 28 25 235 54 73 21 22 30 43 41 92 25 21 66 21 31 48 49 117 401 77 20 21 160
leaf_count=38 412 113 34 101 56 26 28 25 235 54 73 21 22 30 43 41 92 25 21 66 21 31 48 49 117 401 77 20 21 160
internal_value=-0.00309816 -0.00980563 -0.00185094 -0.0049611 -0.010426 1.80723e-05 -0.0189851 -0.00571875 -0.0141151 -0.00335065 0.000935065 -0.0112683 -0.00504 -0.000479263 -0.00129306 -0.00904225 0.00406061 -0.00416471 0.00986441 -0.00231683 -0.0094 -0.000148148 -0.00671429 0.000463606 -9.95261e-05 -0.000741573 0.00216 0.0082439 -0.00443478 -0.000510638
internal_weight=2501 386 2115 792 380 1323 129 251 273 226 149 77 95 1297 1104 137 193 80 113 96 55 967 79 888 839 796 395 118 41 277
internal_count=2501 386 2115 792 380 1323 129 251 273 226 149 77 95 1297 1104 137 193 80 113 96 55 967 79 888 839 796 395 118 41 277
is_linear=0
shrinkage=0.03


Tree=159
num_leaves=31
num_cat=0
split_feature=130 115 129 123 122 125 124 124 131 124 131 131 134 129 132 115 130 132 131 118 138 125 127 115 115 133 128 131 116 127
split_gain=25.3262 19.8363 12.8743 9.74413 8.94353 6.80065 10.2685 13.5333 7.56979 5.90961 6.92221 6.61432 7.01235 9.56122 9.10342 5.75706 7.52162 9.11434 8.54838 7.06748 8.05149 6.9648 7.53325 7.2399 7.07008 10.2898 6.74565 5.64347 5.83446 6.04121
threshold=1.1666666666666667 1.5000000000000002 772.00000000000011 -1.0000000180025095e-35 3.5000000000000004 -0.20820433436532504 -3.4999999999999996 -75.999999999999986 50.493593400334284 -10.499999999999998 15.095985128406282 10.821769237770082 -0.60785761079279388 4.5000000000000009 51.071428571428577 1.0000000180025095e-35 17.166666666666668 12.928571428571431 1.0950140852533554 7.166666666666667 39.500000000000007 -0.01653005464480874 7.5000000000000009 9.5000000000000018 41.500000000000007 48.560077790943161 7.5000000000000009 1.0950140852533554 14.500000000000002 30.500000000000004
decision_type=2 2 2 2 2 2 2 2 2 2 2 2 2 2 2 2 2 2 2 2 2 2 2 2 2 2 2 2 2 2
left_child=1 3 4 -1 5 9 7 8 -7 10 -2 12 27 -14 -15 16 17 18 -8 20 -20 -17 -23 -24 -25 -26 -22 -11 -29 -30
right_child=2 -3 -4 -5 -6 6 15 -9 -10 11 -12 -13 13 14 -16 21 -18 -19 19 -21 26 22 23 24 25 -27 -28 28 29 -31
leaf_value=-0.0041850630190337964 0.036256273235331642 0.00015582628947714337 4.4997047949954965 -0.0057549206269537885 0.0011587370715719558 0.0014710672695340222 0.00011345440886442404 -0.019936631674743806 -0.0133155911208845 0.010117962482249511 0.34273059625087299 -0.068844963674905904 -0.03926953370140579 0.0047848154707261512 -0.083358102968558292 -0.026334304957824343 -0.0025173236438463279 -0.048349326948285372 -0.0082944200735454547 0.00028887123114035084 -0.0096309686289526852 0.0017570919535612715 -0.02390579313869216 0.012669698699166147 -0.03543508141887141 0.30861240066167411 0.002222533873950524 -0.054042872338481582 0.10838038730971856 -0.0060210344626216994
leaf_weight=38 34 113 32 235 526 28 119 149 20 26 23 68 22 48 38 58 443 48 47 29 36 56 23 39 52 22 24 21 28 56
leaf_count=38 34 113 32 235 526 28 119 149 20 26 23 68 22 48 38 58 443 48 47 29 36 56 23 39 52 22 24 21 28 56
internal_value=-0.00278691 -0.00980563 -0.00148302 -0.0141151 -0.0017931 -0.0029347 -0.00402671 -0.0102178 0.00328302 0.000634146 0.00909677 -0.00103846 0.00132787 -0.00419469 0.000593407 -0.00275125 -0.00406658 -0.00767532 -0.00516923 -0.0101702 -0.0136071 0.00115294 0.00392893 0 0.00325424 -0.00220253 -0.00544615 0.00591176 0.0024 0.006
internal_weight=2501 386 2115 273 2083 1557 1193 197 48 364 57 307 239 108 86 996 746 303 255 136 107 250 192 136 113 74 60 131 105 84
internal_count=2501 386 2115 273 2083 1557 1193 197 48 364 57 307 239 108 86 996 746 303 255 136 107 250 192 136 113 74 60 131 105 84
is_linear=0
shrinkage=0.03


Tree=160
num_leaves=31
num_cat=0
split_feature=118 129 133 115 139 115 139 138 115 124 124 124 132 132 128 118 121 132 130 122 129 126 128 133 127 123 123 123 127 135
split_gain=25.2633 24.8044 14.0144 12.2031 9.3562 18.7331 9.08478 15.2222 9.07205 7.03554 6.40644 5.83721 7.13428 6.62214 5.45625 6.90004 5.36098 10.4578 6.99234 6.94259 6.89618 5.69048 5.35336 8.85694 5.17862 5.15439 6.70685 6.58624 5.66168 4.8925
threshold=2.1666666666666674 1.5000000000000002 0.66936538861185257 601.00000000000011 21.500000000000004 1.5000000000000002 21.500000000000004 40.500000000000007 397.50000000000006 -16.499999999999996 15.500000000000002 -1.0000000180025095e-35 3.785714285714286 5.9285714285714297 67.500000000000014 25.166666666666668 19.500000000000004 7.9285714285714297 41.833333333333336 24.500000000000004 1.0000000180025095e-35 155.00000000000003 199.50000000000003 7.2379318670398129 12.500000000000002 -2.4999999999999996 -6.4999999999999991 -15.499999999999998 30.500000000000004 1.0000000180025095e-35
decision_type=2 2 2 2 2 2 2 2 2 2 2 2 2 2 2 2 2 2 2 2 2 2 2 2 2 2 2 2 2 2
left_child=1 11 -3 4 5 24 -4 -8 10 -7 25 -1 -13 -14 15 -12 17 20 -19 22 -11 29 23 -18 -2 26 27 28 -6 -20
right_child=3 2 6 -5 8 9 7 -9 -10 16 14 12 13 -15 -16 -17 19 18 21 -21 -22 -23 -24 -25 -26 -27 -28 -29 -30 -31
leaf_value=-0.0058483271749289268 -0.019128026488986757 0.0085099250532075024 -0.011620604915159226 1.4142561200276371 0.15831612789122446 -0.050705036759262398 0.00011005077659850037 -0.008827534759461856 -0.2500574853406573 0.0058113277448413924 -0.048084594945433136 -0.0057410069521128121 0.0019163415591872555 -0.0098641753910590317 -0.26911049124766406 0.15592823527937169 0.0093660769285712608 0.029864195628825939 -0.065025300115910054 0.010639143681178496 -0.099565131993281653 0.41935240888429004 0.012678568122220924 -0.094385048978308586 -0.0020234096511191953 0.00013997337886607395 0.023180060391273613 -0.0070742408525973129 0.0090429496368639485 0.050826185621711345
leaf_weight=46 79 255 62 21 43 48 125 48 26 41 20 221 24 27 41 33 32 74 20 151 25 24 24 60 125 514 60 48 152 32
leaf_count=46 79 255 62 21 43 48 125 48 26 41 20 221 24 27 41 33 32 74 20 151 25 24 24 60 125 514 60 48 152 32
internal_value=-0.00309816 -0.00744649 -0.00313939 -0.00100353 -0.00132021 -0.00384324 -0.00835 -0.00451685 0.00066242 -0.000828358 0.00120524 -0.0139133 -0.015574 -0.00471429 -0.006 0.000413793 0.000295082 0.00377376 0.00809032 -0.00251471 -0.00583099 0.00140741 -0.0078843 -0.0110722 -0.0114545 0.00207299 0.00514286 0.00275806 0.00522 -0.00410526
internal_weight=2501 808 490 1693 1672 735 235 173 937 531 911 318 272 51 94 53 483 216 150 267 66 76 116 92 204 817 303 243 195 52
internal_count=2501 808 490 1693 1672 735 235 173 937 531 911 318 272 51 94 53 483 216 150 267 66 76 116 92 204 817 303 243 195 52
is_linear=0
shrinkage=0.03


Tree=161
num_leaves=31
num_cat=0
split_feature=130 115 115 133 119 120 125 117 131 130 127 115 121 131 123 132 139 139 132 126 130 118 133 138 131 115 139 133 133 118
split_gain=25.8091 19.5191 13.0187 7.37935 7.11598 7.29537 6.90964 6.13421 6.06027 7.30056 11.3863 10.5125 11.7875 10.1912 12.5335 7.30987 7.29676 10.2771 13.3203 7.03005 6.45574 6.44517 5.71647 5.49921 5.21279 7.92529 6.13163 9.84124 10.2022 5.40492
threshold=1.1666666666666667 2.5000000000000004 601.00000000000011 239.87640865205819 353.00000000000006 219.50000000000003 -0.26058201058201053 15.500000000000002 80.333973028217727 40.166666666666679 57.500000000000007 1.0000000180025095e-35 1.5000000000000002 1.0950140852533554 -43.499999999999993 47.285714285714299 19.500000000000004 25.500000000000004 18.071428571428573 7.5000000000000009 46.833333333333336 6.8333333333333348 8.5678198941567505 38.500000000000007 26.853506981124635 54.500000000000007 21.500000000000004 4.5580072416052069 6.87343453711203 12.16666666666667
decision_type=2 2 2 2 2 2 2 2 2 2 2 2 2 2 2 2 2 2 2 2 2 2 2 2 2 2 2 2 2 2
left_child=1 6 3 4 5 8 -1 23 9 11 20 13 22 -2 -15 -12 21 18 19 -18 -11 -16 -13 -8 25 26 27 -14 -29 -30
right_child=2 -3 -4 -5 -6 -7 7 -9 -10 10 15 12 24 14 16 -17 17 -19 -20 -21 -22 -23 -24 -25 -26 -27 -28 28 29 -31
leaf_value=-0.011042318914621365 -0.0022535275680876142 0.0087697331302700049 1.3718284364268083 2.144685389975225 -0.12705870204044117 0.42675759287909926 -0.00376547848713771 -0.00025107679133690598 -0.061606956501837541 -2.3655136090994234e-05 -0.022793413135268142 0.0026396155229798878 -0.058620259079460384 0.15356664405448767 -0.011102231420661454 -0.00068801151346039593 -0.0074644433901054387 -0.011945449008767489 -0.048182528843160738 0.0065111187506862135 0.017323077594828075 -0.006383151177532422 0.00070134765379730618 -0.0054301294843223432 -0.028004665834318487 0.32125619826122487 0.00068366490508797284 0.061422533922221079 0.023066841327682299 -0.019577994460622604
leaf_weight=39 239 102 21 25 113 30 53 20 55 73 40 28 42 20 53 653 40 105 35 48 119 55 30 172 44 39 113 24 26 45
leaf_count=39 239 102 21 25 113 30 53 20 55 73 40 28 42 20 53 653 40 105 35 48 119 55 30 172 44 39 113 24 26 45
internal_value=-0.00302634 -0.0101125 -0.00170943 -0.00196951 -0.00218129 -0.00174095 -0.0140969 -0.015936 -0.0019855 -0.00167591 0.000296629 -0.00344501 0.000363636 -0.00594 -0.00912465 -0.0014957 -0.0105396 -0.00718455 -0.001125 0.00509677 0.00667005 -0.0169381 0.0122857 -0.0173217 -0.00184615 -0.000285714 -0.00232941 -0.00650704 -0.00084 -0.00663158
internal_weight=2501 386 2115 2094 2069 1956 284 245 1926 1871 885 986 391 595 356 693 336 228 123 88 192 108 58 225 333 289 250 137 95 71
internal_count=2501 386 2115 2094 2069 1956 284 245 1926 1871 885 986 391 595 356 693 336 228 123 88 192 108 58 225 333 289 250 137 95 71
is_linear=0
shrinkage=0.03


Tree=162
num_leaves=31
num_cat=0
split_feature=130 115 129 123 119 126 126 115 121 133 130 131 123 139 139 133 118 127 130 135 125 125 124 129 124 118 128 117 139 116
split_gain=24.1235 21.8616 13.1651 7.92308 6.0318 9.06061 10.9453 6.18878 10.1176 8.21222 7.24613 9.35962 12.1587 6.89662 11.0991 12.4089 7.61484 6.88429 6.19555 5.04552 4.98884 6.0314 6.19772 5.98528 4.95481 5.8696 4.86659 6.16083 4.79979 4.75137
threshold=1.1666666666666667 1.5000000000000002 772.00000000000011 -1.0000000180025095e-35 590.50000000000011 423.00000000000006 339.50000000000006 1.0000000180025095e-35 1.5000000000000002 8.5678198941567505 40.833333333333336 1.0950140852533554 -43.499999999999993 19.500000000000004 25.500000000000004 15.974399489895896 6.8333333333333348 57.500000000000007 14.16666666666667 -0.56174490092936669 12.750000000000002 0.76614583333333341 -6.4999999999999991 6.5000000000000009 -16.499999999999996 60.500000000000007 3.5000000000000004 1.0000000180025095e-35 31.500000000000004 190.50000000000003
decision_type=2 2 2 2 2 2 2 2 2 2 2 2 2 2 2 2 2 2 2 2 2 2 2 2 2 2 2 2 2 2
left_child=1 3 4 -1 5 6 7 10 9 -9 11 26 -13 16 15 -15 -14 -12 -18 -7 21 22 -10 -23 25 -19 -2 -28 -24 -26
right_child=2 -3 -4 -5 -6 19 -8 8 20 -11 17 12 13 14 -16 -17 18 24 -20 -21 -22 23 28 -25 29 -27 27 -29 -30 -31
leaf_value=-0.0059705704580005911 0.0063412556255836418 0.00036663466359291295 4.3319388646636883 -0.0052471389150521202 0.86307301101323042 -0.056289377622206961 0.79332317157695398 -0.0003573636020042059 -0.013256478553948287 0.00069033118980367904 0.0051250337123098415 0.14895964473285289 -0.010769164478041611 0.0021689812568361734 -0.011587085538504464 -0.046737052977865935 0.00055264991419959472 -8.1925759912651616e-05 -0.0079985391199537282 -0.34121309050245485 0.045985455062682604 0.00066996344484186558 -0.0015214096774661102 -0.14560648522658162 -0.010753150008825969 0.43389132984665246 -0.033861223294782805 0.0019264571394542517 0.0022937511489998742 0.011153412423751587
leaf_weight=38 57 113 32 235 28 36 32 35 135 40 95 20 53 78 105 45 27 35 28 64 61 20 402 39 299 20 121 61 111 36
leaf_count=38 57 113 32 235 28 36 32 35 135 40 95 20 53 78 105 45 27 35 28 64 61 20 402 39 299 20 121 61 111 36
internal_value=-0.00295451 -0.00980563 -0.00168113 -0.0143309 -0.00199425 -0.00219612 -0.00172653 -0.00203527 -9.90566e-05 0.01005 -0.00353364 -0.00574 -0.00879224 -0.0101877 -0.00692704 -0.00065625 -0.0164071 -0.000783673 -0.0074 -0.0108 -0.00115653 -0.00188764 -0.00100153 -0.0106875 -0.00256709 0.0054 -0.00108197 -0.00349733 0.000509653 -0.00395294
internal_weight=2501 386 2115 273 2083 2055 1955 1923 843 75 1080 595 356 336 228 123 108 485 55 100 768 707 648 59 390 55 239 182 513 335
internal_count=2501 386 2115 273 2083 2055 1955 1923 843 75 1080 595 356 336 228 123 108 485 55 100 768 707 648 59 390 55 239 182 513 335
is_linear=0
shrinkage=0.03


Tree=163
num_leaves=31
num_cat=0
split_feature=130 115 138 122 128 118 121 123 125 125 131 131 128 130 130 132 116 124 117 138 117 122 134 138 116 124 130 132 130 132
split_gain=23.954 21.8616 8.42238 14.4879 13.0408 10.6391 13.2234 7.92308 6.94983 5.10424 4.99741 6.69946 6.82082 4.84221 6.61618 13.4653 5.69739 4.46263 4.25015 5.91755 4.18446 4.1001 10.7931 6.22959 8.43172 7.74836 11.8375 5.35338 7.42284 4.62375
threshold=1.1666666666666667 1.5000000000000002 39.500000000000007 -1.0000000180025095e-35 648.50000000000011 8.8333333333333339 16.500000000000004 -1.0000000180025095e-35 5.2857142857142874 0.034138390821933311 79.661032034929505 25.08867972878582 322.00000000000006 14.16666666666667 42.166666666666679 56.214285714285722 151.00000000000003 2.5000000000000004 14.500000000000002 38.500000000000007 292.00000000000006 6.5000000000000009 0.6078576107927941 40.500000000000007 1.0000000180025095e-35 -46.999999999999993 3.1666666666666674 16.500000000000004 16.833333333333339 3.6428571428571437
decision_type=2 2 2 2 2 2 2 2 2 2 2 2 2 2 2 2 2 2 2 2 2 2 2 2 2 2 2 2 2 2
left_child=1 7 3 5 8 -2 -7 -1 9 21 11 12 -5 -8 -15 -16 -17 -13 19 -9 -18 23 -23 27 25 -25 -27 29 -29 -4
right_child=2 -3 4 10 -6 6 13 18 -10 -11 -12 17 -14 14 15 16 20 -19 -20 -21 -22 22 -24 24 -26 26 -28 28 -30 -31
leaf_value=-0.005791453344260576 -0.018525651181008986 0.00035563562368512658 -6.307509736274142e-05 -0.0063982121797520816 1.2007154173940944 0.01984879385266174 0.00033002255688613765 -0.0034950999650720147 0.088233705095057707 -0.018440387220406931 -0.16028831005050093 -0.001752824241720603 0.84346429719684235 -0.012449591813110459 0.00076605410379081682 -0.017000937808581924 0.00049560746635865581 0.49859977890701151 -0.0023846424288417379 -0.005129898117081662 -0.51941444779810053 0.029535617187226249 -0.0077523994370671543 0.00062805069822568561 -0.00069721171864790322 0.0035437620488032386 -0.035236816035037394 -0.06745232961799065 0.00061569919781618405 0.0018686634252706202
leaf_weight=38 52 113 39 433 23 51 28 53 21 149 20 30 56 49 29 65 23 31 20 162 20 65 109 22 258 20 67 23 299 133
leaf_count=38 52 113 39 433 23 51 28 53 21 149 20 30 56 49 29 65 23 31 20 162 20 65 109 22 258 20 67 23 299 133
internal_value=-0.00297845 -0.00980563 -0.00170943 -0.00392825 -9.24574e-05 -0.00901863 -0.00631111 -0.0143309 -0.000565289 -0.00090328 -0.00103304 -0.000421622 -0.00162753 -0.00956164 -0.0112775 -0.00735211 -0.0121593 0.00854545 -0.01635 -0.0175636 -0.003 -0.000138462 0.00398883 -0.000997691 -0.00393548 -0.0107368 -0.0146087 0.00119038 -0.00108257 0.00538983
internal_weight=2501 386 2115 887 1228 317 265 273 1205 1184 570 550 489 214 186 137 108 61 235 215 43 1035 174 861 367 109 87 494 322 172
internal_count=2501 386 2115 887 1228 317 265 273 1205 1184 570 550 489 214 186 137 108 61 235 215 43 1035 174 861 367 109 87 494 322 172
is_linear=0
shrinkage=0.03


Tree=164
num_leaves=31
num_cat=0
split_feature=130 115 139 139 115 121 118 128 125 118 116 124 125 135 128 126 129 120 126 129 138 133 118 130 129 126 124 125 128 131
split_gain=25.3262 21.8616 9.49119 10.5572 18.6411 16.397 12.9837 9.65847 7.92308 7.53898 9.96387 7.13419 5.93867 5.51482 5.37723 7.84582 7.5395 6.48798 8.55641 6.03085 5.86622 9.33449 11.9937 4.82181 4.76432 4.86435 4.46153 6.64773 4.41598 4.3457
threshold=1.1666666666666667 1.5000000000000002 22.500000000000004 15.500000000000002 1.0000000180025095e-35 1.5000000000000002 10.500000000000002 648.50000000000011 -1.0000000180025095e-35 65.500000000000014 151.00000000000003 -2.4999999999999996 1.9375000000000002 1.0000000180025095e-35 304.00000000000006 228.50000000000003 277.50000000000006 6.5000000000000009 112.50000000000001 499.00000000000006 40.500000000000007 1.059413142992673 1.8333333333333337 152.83333333333334 40.500000000000007 41.500000000000007 13.500000000000002 -0.14589800443458975 47.500000000000007 10.85765413253023
decision_type=2 2 2 2 2 2 2 2 2 2 2 2 2 2 2 2 2 2 2 2 2 2 2 2 2 2 2 2 2 2
left_child=1 8 3 -2 6 -6 13 12 -1 29 -11 -7 14 -5 15 17 -17 20 -19 -16 23 -22 -23 24 -4 -26 27 -24 -29 -8
right_child=2 -3 7 4 5 11 9 -9 -10 10 -12 -13 -14 -15 19 16 -18 18 -20 -21 21 22 26 -25 25 -27 -28 28 -30 -31
leaf_value=-0.0056177097439327377 0.00088148871438516348 0.00034496655497457285 0.0018126035225125125 -0.011522396333205023 0.0017372945032859465 -0.019021142181267922 0.0005261697400670228 1.9335013358489708 -0.0049358278040881063 -0.042060390666206961 0.00011692694985750238 -0.0018664919045392025 0.048961086884298767 -0.0073575118976251319 -0.31258552150051738 0.51090208031006867 -0.0045776212778986291 0.0066993542226343192 -0.0059786381014234275 0.0022534461214524979 0.0061465566118165602 -0.013144465940017825 0.02211239539656721 -0.24716803319021693 -0.045353412364464378 0.0032509683816786604 -0.33094349803650241 -0.010363571717994411 0.00094190640141754922 -0.00099328273882596054
leaf_weight=38 412 113 279 76 46 132 34 20 235 31 23 240 23 24 33 26 30 85 36 35 37 54 69 20 21 88 32 84 79 46
leaf_count=38 412 113 279 76 46 132 34 20 235 31 23 240 23 24 33 26 30 85 36 35 37 54 69 20 21 88 32 84 79 46
internal_value=-0.00278691 -0.00980563 -0.00148302 -0.00347428 -0.00583562 -0.00197163 -0.0125272 0.000534091 -0.0143309 -0.006 -0.0141356 -0.00412202 8.10811e-05 -0.0205143 -0.000290227 0.000311111 0.0107213 -0.0003982 0.00590476 -0.00813699 -0.0014375 -0.00423333 -0.0059257 0.00100242 0.00181679 -0.00336842 -0.00310037 -0.00149367 -0.00478571 0
internal_weight=2501 386 2115 1064 652 418 234 1051 273 134 54 372 1031 100 1008 940 56 884 121 68 763 355 318 408 388 109 264 232 163 80
internal_count=2501 386 2115 1064 652 418 234 1051 273 134 54 372 1031 100 1008 940 56 884 121 68 763 355 318 408 388 109 264 232 163 80
is_linear=0
shrinkage=0.03


Tree=165
num_leaves=31
num_cat=0
split_feature=130 115 129 123 138 126 128 135 127 129 124 125 132 132 133 133 133 127 132 118 118 139 124 126 130 133 130 124 139 135
split_gain=26.2027 21.8616 8.38747 7.92308 7.21276 9.18454 11.663 7.95564 7.18305 6.99807 6.37262 5.76563 5.60975 8.83144 5.59549 8.84171 9.84383 9.47046 6.17512 7.24885 5.5443 4.87679 4.77552 6.31016 8.22133 4.72575 8.07767 4.70462 7.70667 4.46664
threshold=1.1666666666666667 1.5000000000000002 772.00000000000011 -1.0000000180025095e-35 39.500000000000007 39.500000000000007 130.50000000000003 1.0000000180025095e-35 5.5000000000000009 4.5000000000000009 8.5000000000000018 6.5000000000000009 100.21428571428574 57.214285714285722 1.3701566210955571 7.5363065578610042 11.388320254186103 15.500000000000002 37.500000000000007 81.000000000000014 8.8333333333333339 15.500000000000002 -1.4999999999999998 10.500000000000002 17.166666666666668 33.735245041270424 48.166666666666679 -2.4999999999999996 29.500000000000004 1.0000000180025095e-35
decision_type=2 2 2 2 2 2 2 2 2 2 2 2 2 2 2 2 2 2 2 2 2 2 2 2 2 2 2 2 2 2
left_child=1 3 4 -1 5 7 12 8 20 -9 21 14 13 25 -6 27 17 -17 -19 -20 -2 -8 -10 -24 -25 26 -7 28 -16 -18
right_child=2 -3 -4 -5 11 6 10 9 22 -11 -12 -13 -14 -15 15 16 29 18 19 -21 -22 -23 23 24 -26 -27 -28 -29 -30 -31
leaf_value=-0.0054491784516147394 -0.0073916879632405126 0.0003346175583253341 4.202101638577858 -0.0047877529699654631 0.0024076676185555532 0.0016776852659660471 -0.086911844793071541 0.05169425117379637 -0.008603116910956778 -0.012176433454676276 0.26716552728627957 0.087000967647465094 0.030402317128735774 -0.023046770885414923 -0.0022116784940538902 0.0048005966679399567 0.00073455686021986813 -0.031335687241840694 0.059091873435832554 -0.012438773479597813 -0.00045264710727398237 -0.063745037130639726 0.00041642415489977046 -0.049486108005109573 -0.003999438252145133 -0.0028861400321347347 0.070182352803382697 -0.00083922776888729173 -0.046068931856659417 -0.013183014231667584
leaf_weight=38 55 113 32 235 53 68 86 43 38 162 35 20 41 60 38 48 471 34 21 23 21 69 60 26 48 21 34 204 27 277
leaf_count=38 55 113 32 235 53 68 86 43 38 162 35 20 41 60 38 48 471 34 21 23 21 69 60 26 48 21 34 204 27 277
internal_value=-0.0026672 -0.00980563 -0.00134151 -0.0143309 -0.00159195 -0.00367431 -0.000415274 -0.00660262 -0.0101739 -0.00211429 -0.00581538 -9.33661e-05 0.00416594 0.0017234 -0.000394671 -0.000857143 0.000607509 0.00819847 0.00137349 0.00844898 -0.0177037 -0.0084 -0.00640678 -0.00341007 -0.00903797 0.00628125 0.00891589 -0.00556204 -0.0123429 -0.000709163
internal_weight=2501 386 2115 273 2083 867 414 453 248 205 190 1216 224 183 1196 1143 874 126 78 44 76 155 172 134 74 123 102 269 65 748
internal_count=2501 386 2115 273 2083 867 414 453 248 205 190 1216 224 183 1196 1143 874 126 78 44 76 155 172 134 74 123 102 269 65 748
is_linear=0
shrinkage=0.03


Tree=166
num_leaves=31
num_cat=0
split_feature=130 115 139 139 115 122 128 124 123 125 132 128 128 133 122 133 133 124 139 130 116 139 129 128 123 129 129 116 129 129
split_gain=24.2936 21.8616 10.3161 16.9534 15.2268 13.594 9.90414 9.63053 7.92308 7.91725 7.07557 6.32803 7.59884 5.76551 5.34218 5.21196 6.57054 7.9283 7.59208 6.71276 6.21882 5.71287 5.16183 5.03685 5.91074 5.8194 4.73323 4.63318 5.85577 6.17406
threshold=1.1666666666666667 1.5000000000000002 21.500000000000004 15.500000000000002 1.0000000180025095e-35 -19.499999999999996 648.50000000000011 -2.4999999999999996 -1.0000000180025095e-35 5.2857142857142874 382.85714285714295 5.5000000000000009 22.500000000000004 1.3701566210955571 -14.499999999999998 7.5363065578610042 17.01858645515377 -2.4999999999999996 26.500000000000004 25.166666666666668 7.5000000000000009 24.500000000000004 48.500000000000007 307.00000000000006 -176.49999999999997 499.00000000000006 9.5000000000000018 1.0000000180025095e-35 14.500000000000002 7.5000000000000009
decision_type=2 2 2 2 2 2 2 2 2 2 2 2 2 2 2 2 2 2 2 2 2 2 2 2 2 2 2 2 2 2
left_child=1 8 3 -2 5 10 9 -6 -1 13 22 -9 -13 -4 -14 21 17 -17 -19 -18 -20 -15 26 24 -21 -25 -5 -23 29 -29
right_child=2 -3 6 4 7 -7 -8 11 -10 -11 -12 12 14 15 -16 16 19 18 20 23 -22 27 -24 25 -26 -27 -28 28 -30 -31
leaf_value=-0.0052857030980663217 0.0022357597418791817 0.00032457903157557145 0.0023354375899988788 0.00028634259949979803 -0.019413987009751957 -0.011072095486083762 1.7494332466161677 -0.020342767856853957 -0.0046441203808664988 0.082700644839925591 -0.6242993989758655 0.038678931970791211 -0.084848656993439422 0.00026189725866106791 0.0011246725295047354 0.0076389049233451089 -0.033105791495530328 0.0060199602846211769 -0.035579317206346571 1.3252128414599456 0.00087267871046485361 -0.010307876223765744 0.00053610307819964979 -0.30207160419988893 -0.00046268958707713632 0.058916637534468345 -0.0020628681050507826 -9.0384117050597006e-05 -0.026465070437834016 0.0062637353266928918
leaf_weight=38 412 113 53 29 102 90 20 32 235 20 20 45 22 36 137 51 54 56 28 26 81 78 47 32 435 28 40 61 57 23
leaf_count=38 412 113 53 29 102 90 20 32 235 20 20 45 22 36 137 51 54 56 28 26 81 78 47 32 435 28 40 61 57 23
internal_value=-0.00293057 -0.00980563 -0.00165283 -0.00390826 -0.00726538 -0.0132208 0.000283217 -0.0031312 -0.0143309 -0.000128114 -0.00676596 0.000224066 0.00226794 -0.00051087 -0.000878049 -0.00102188 0.000180905 0.00458824 0.0012 -0.00148966 -0.00336842 -0.00470769 -0.00342149 -0.000387833 0.000695279 -0.00821538 -0.00843243 -0.00653571 -0.0030411 0.00195506
internal_weight=2501 386 2115 976 564 226 1139 338 273 1119 136 236 204 1099 159 1046 791 216 165 575 109 255 116 521 461 60 69 219 141 84
internal_count=2501 386 2115 976 564 226 1139 338 273 1119 136 236 204 1099 159 1046 791 216 165 575 109 255 116 521 461 60 69 219 141 84
is_linear=0
shrinkage=0.03


Tree=167
num_leaves=31
num_cat=0
split_feature=132 115 138 139 118 121 128 131 128 115 123 132 126 123 139 118 133 132 133 128 119 133 118 125 131 119 123 132 132 131
split_gain=21.9596 20.3303 8.73591 21.6119 28.1773 13.8963 13.4251 6.71021 7.70254 6.487 6.43968 6.03316 10.6801 6.31044 4.92028 18.0604 7.18928 6.12504 6.08101 5.63743 6.01325 4.40993 5.09442 4.29535 4.26201 4.24253 4.19297 3.84257 5.04602 4.06273
threshold=0.50000000000000011 1.5000000000000002 39.500000000000007 15.500000000000002 8.8333333333333339 19.500000000000004 648.50000000000011 17.603658689346371 39.500000000000007 1.0000000180025095e-35 -1.0000000180025095e-35 392.71428571428578 103.50000000000001 -1.4999999999999998 26.500000000000004 0.50000000000000011 10.868413741024414 11.928571428571431 1.590738084107792 312.50000000000006 257.00000000000006 0.40084052878225424 1.8333333333333337 1.9375000000000002 33.664770375923446 534.50000000000011 -1.4999999999999998 7.0714285714285721 1.642857142857143 2.4032561733691686
decision_type=2 2 2 2 2 2 2 2 2 2 2 2 2 2 2 2 2 2 2 2 2 2 2 2 2 2 2 2 2 2
left_child=1 10 3 -2 9 7 14 8 26 -5 -1 12 13 -7 16 18 27 -18 -16 20 21 -17 -23 -24 -14 -21 -6 28 -4 -29
right_child=2 -3 6 4 5 11 -8 -9 -10 -11 -12 -13 24 -15 15 19 17 -19 -20 25 -22 22 23 -25 -26 -27 -28 29 -30 -31
leaf_value=-0.00038665311594215267 0.00027649243686721946 0.0041958327725520449 0.016930816376782634 -0.0098604374199306438 -0.0014917969012058663 -0.1050487446399377 1.0386531602961862 0.30552202831221764 -0.058890336147144069 -0.0023059828671490477 -0.005154813060327855 -0.66458034979015301 -0.00051337755126788787 -0.0015540326252930449 -0.0024469840982001903 0.0022653744622989258 -0.033555732634065492 0.00030116148851229598 -0.011432968314597444 -0.49542494330802495 0.56626947399183558 -0.010763512597988495 -0.00043678758509663852 0.060714009432101541 0.0024329570009310069 -0.024703226702458208 0.0078730637850907212 0.002236285843394361 -8.7672593539087627e-05 0.00054423610954350992
leaf_weight=21 438 76 39 91 21 48 23 41 23 34 148 25 49 114 27 20 24 402 56 26 23 28 474 20 31 22 23 21 87 26
leaf_count=21 438 76 39 91 21 48 23 41 23 34 148 25 49 114 27 20 24 402 56 26 23 28 474 20 31 22 23 21 87 26
internal_value=-0.00293057 -0.011376 -0.00198762 -0.004193 -0.00842376 -0.00416842 -0.000403628 0.00472566 -0.00116667 -0.0204923 -0.0170345 -0.00780882 -0.00604858 -0.0103832 -0.000849231 -0.0025592 0.00113245 -0.000960557 -0.0152727 -0.000718447 0.000147368 -0.000537477 -0.00112713 -0.000348697 0.00275294 -0.0100755 0.006 0.00620225 0.00316031 0.0131538
internal_weight=2501 245 2256 938 500 375 1318 108 67 125 169 267 242 162 1295 696 599 426 83 613 565 542 522 494 80 48 44 173 126 47
internal_count=2501 245 2256 938 500 375 1318 108 67 125 169 267 242 162 1295 696 599 426 83 613 565 542 522 494 80 48 44 173 126 47
is_linear=0
shrinkage=0.03


Tree=168
num_leaves=31
num_cat=0
split_feature=130 115 119 131 125 117 138 125 119 126 121 126 128 138 123 139 117 124 125 128 134 121 130 132 119 132 115 134 125 116
split_gain=27.4129 19.5191 7.82548 10.0675 6.90964 6.13421 5.49921 5.41767 5.99562 8.09744 6.98951 7.40271 6.77514 6.11455 10.4622 13.0352 18.0773 11.5879 10.0052 11.868 7.5747 9.70919 7.02612 9.3777 7.84776 6.34906 8.90909 7.16376 6.45972 5.74214
threshold=1.1666666666666667 2.5000000000000004 590.50000000000011 48.684889083819634 -0.26058201058201053 15.500000000000002 38.500000000000007 12.750000000000002 353.00000000000006 233.50000000000003 35.500000000000007 265.50000000000006 484.00000000000006 39.500000000000007 1.0000000180025095e-35 15.500000000000002 15.500000000000002 1.5000000000000002 0.21210076473234371 32.500000000000007 -0.8783796973249266 16.500000000000004 7.5000000000000009 3.6428571428571437 31.500000000000004 103.50000000000001 102.50000000000001 -0.8783796973249266 0.039004394861392837 127.50000000000001
decision_type=2 2 2 2 2 2 2 2 2 2 2 2 2 2 2 2 2 2 2 2 2 2 2 2 2 2 2 2 2 2
left_child=1 4 7 -4 -1 6 -6 8 9 13 12 -12 -11 14 15 -2 -17 20 -16 -20 -18 -22 23 -15 -24 26 27 -26 -29 -23
right_child=2 -3 3 -5 5 -7 -8 -9 -10 10 11 -13 -14 22 18 16 17 -19 19 -21 21 29 24 -25 25 -27 -28 28 -30 -31
leaf_value=-0.0095246218448685523 -0.01679575412114992 0.0083289731502207212 1.7082993628873158 -0.19239339371290953 -0.0029675107045782734 0.0003216545199706535 -0.0043903257471117731 0.027131884635547845 -0.11600056775558698 0.76607113579586916 0.31905567146725072 -0.037828013830521173 -0.10018786332169498 -0.0012776726441934589 0.15141283299998964 -0.0099361294840190333 -0.029563039391661813 -0.11158164327008294 0.036541996067217322 -0.23241458078478247 0.060399489595439421 -0.0013958436655375295 -0.0082642854930462493 0.0021090191513549426 0.047438415192565697 -0.0061495683485966873 0.3637129793742167 0.00034931887872606304 -0.047904084308479609 0.0026636214887834062
leaf_weight=39 246 102 26 24 53 20 172 76 95 38 30 50 21 82 75 103 26 34 36 29 27 109 266 117 66 189 35 254 40 21
leaf_count=39 246 102 26 24 53 20 172 76 95 38 30 50 21 82 75 103 26 34 36 29 27 109 266 117 66 189 35 254 40 21
internal_value=-0.00281085 -0.0101125 -0.00145472 0.00970909 -0.0140969 -0.015936 -0.0173217 -0.00175072 -0.00205817 -0.00167141 0.00516667 -0.000635294 0.0125625 -0.00222955 -0.00437975 -0.00618914 -0.0101354 -0.00497297 0.00285517 -0.00548571 -0.0017234 0.000888889 -0.000762808 0.00423529 -0.00195789 0 0.00216 0.000641096 -0.00138462 -0.00262222
internal_weight=2501 386 2115 50 284 245 225 2065 1989 1894 139 80 59 1755 706 566 320 217 140 65 183 157 1049 199 850 584 395 360 294 130
internal_count=2501 386 2115 50 284 245 225 2065 1989 1894 139 80 59 1755 706 566 320 217 140 65 183 157 1049 199 850 584 395 360 294 130
is_linear=0
shrinkage=0.03


Tree=169
num_leaves=31
num_cat=0
split_feature=130 115 138 139 120 117 128 122 128 123 131 121 117 138 132 115 131 131 132 118 139 126 132 128 131 132 123 117 121 126
split_gain=23.6168 21.8616 10.1141 16.0433 16.9619 17.1942 10.3133 9.05172 8.70268 7.92308 6.75455 4.49365 4.25015 5.91755 4.04761 9.8464 5.45576 6.2937 5.22821 4.78017 7.73563 8.72861 5.13775 4.60652 9.56971 6.50943 6.13003 5.17285 6.0692 4.00493
threshold=1.1666666666666667 1.5000000000000002 39.500000000000007 15.500000000000002 1.0000000180025095e-35 19.500000000000004 648.50000000000011 -8.4999999999999982 131.50000000000003 -1.0000000180025095e-35 7.8598713689858473 8.5000000000000018 14.500000000000002 38.500000000000007 103.50000000000001 102.50000000000001 35.125921075536233 24.922099261579969 108.50000000000001 0.50000000000000011 26.500000000000004 3.5000000000000004 11.500000000000002 72.500000000000014 4.1497721826524154 80.142857142857153 -51.499999999999993 54.500000000000007 49.500000000000007 3.5000000000000004
decision_type=2 2 2 2 2 2 2 2 2 2 2 2 2 2 2 2 2 2 2 2 2 2 2 2 2 2 2 2 2 2
left_child=1 9 3 29 5 -5 14 -6 10 -1 -9 -10 13 -11 15 16 17 19 -16 20 22 -22 -4 26 -25 -26 -21 28 -28 -2
right_child=2 -3 6 4 7 -7 -8 8 11 12 -12 -13 -14 -15 18 -17 -18 -19 -20 23 21 -23 -24 24 25 -27 27 -29 -30 -31
leaf_value=-0.0046640990283201688 0.08784709875607756 0.00043825665993564301 0.0018929583091047484 -0.012346627101574661 -0.021946414937572989 -0.001508694380819848 1.0132653672986862 -0.0019387194966140075 0.2744877832223972 -0.0028784853834409227 0.061206504912461296 -0.13851491338743699 -0.0017204093676374537 -0.0042586159746984204 -0.15302013743682721 0.36843019071668975 0.40739462359796191 -0.041632156223809336 -0.0054863499425974278 0.14483000148501091 -0.00030811643552811633 -0.043066755837505154 -0.01637829204005755 -0.064547520332912139 -0.028068605065589336 0.026451385686259526 0.00032290468090367507 0.0036724074753307378 -0.015791629175667763 -0.00078851469110460923
leaf_weight=38 32 113 49 96 72 136 23 39 21 53 72 39 20 162 31 37 44 54 318 37 28 31 29 25 27 33 392 31 39 380
leaf_count=38 32 113 49 96 72 136 23 39 21 53 72 39 20 162 31 37 44 54 318 37 28 31 29 25 27 33 392 31 39 380
internal_value=-0.00302634 -0.00980563 -0.00176604 -0.00419731 -0.007925 -0.0136456 0 -0.00227419 0.0015 -0.0143309 0.00641379 -0.00729231 -0.01635 -0.0175636 -0.000416529 0.000689895 -2.91262e-05 -0.000646154 -0.00311864 0.000115702 -0.0048169 -0.0125625 0.00137349 0.00131409 -0.00493333 0.00175385 0.00242857 0.00140043 0.00046789 0.000129496
internal_weight=2501 386 2115 887 475 232 1228 243 171 273 111 60 235 215 1205 856 819 775 349 721 137 59 78 584 85 60 499 462 431 412
internal_count=2501 386 2115 887 475 232 1228 243 171 273 111 60 235 215 1205 856 819 775 349 721 137 59 78 584 85 60 499 462 431 412
is_linear=0
shrinkage=0.03


Tree=170
num_leaves=31
num_cat=0
split_feature=130 115 138 128 123 122 118 121 126 130 133 133 133 118 138 129 129 129 126 133 133 131 123 133 123 115 122 138 122 133
split_gain=23.0523 21.2623 13.0007 9.98611 9.74413 9.72858 13.4664 12.1507 9.64549 6.15557 5.25792 4.96925 5.02735 4.78674 11.3015 5.93445 7.6939 4.57275 5.47128 4.3182 12.3925 6.83159 4.27573 9.61516 8.51753 7.1322 4.25015 5.91755 3.88145 4.64486
threshold=1.1666666666666667 1.5000000000000002 39.500000000000007 648.50000000000011 -1.0000000180025095e-35 -1.0000000180025095e-35 8.8333333333333339 11.500000000000002 40.500000000000007 51.166666666666679 1.3701566210955571 59.841887770143508 43.474733513640864 1.8333333333333337 40.500000000000007 280.00000000000006 522.50000000000011 36.500000000000007 24.500000000000004 3.987125111872317 16.742953546751238 12.771421959592624 1.0000000180025095e-35 0.66936538861185257 3.5000000000000004 12.500000000000002 -14.499999999999998 38.500000000000007 17.500000000000004 0.66936538861185257
decision_type=2 2 2 2 2 2 2 2 2 2 2 2 2 2 2 2 2 2 2 2 2 2 2 2 2 2 2 2 2 2
left_child=1 4 5 10 -1 6 -2 -8 17 -10 -4 12 -9 14 19 -15 -17 18 22 -12 -21 -22 23 -7 -24 -25 -6 -28 29 -3
right_child=2 28 3 -5 26 8 7 11 9 -11 13 -13 -14 15 -16 16 -18 -19 -20 20 21 -23 24 25 -26 -27 27 -29 -30 -31
leaf_value=-0.0045241760574705435 -0.016548878847093662 0.0039829469225128753 0.0021244555134622089 0.98286740627972558 -0.0016687970866083302 -0.028593388564023277 0.071362948815873753 -0.0014634335493952529 0.2697273216699993 -0.016722789358197827 -0.00065753262238257284 -0.13520190532634396 0.0012094092866860083 0.0005867148931731947 -0.011865497394783871 -0.21342362265422229 0.062808544677903907 -0.11633861421393042 0.081745328620337218 0.0020299327094315789 -0.058716974710460758 0.005068905627820087 0.046336383228521232 -0.0031954640476753379 -0.0040649203798012578 -0.016281365630206324 -0.0027921308219376949 -0.0041308574954574675 0.26287780589899978 -0.02518877184399922
leaf_weight=38 52 65 53 23 20 88 29 186 53 210 34 30 20 851 53 55 39 60 35 48 22 50 21 46 36 21 53 162 20 28
leaf_count=38 52 65 53 23 20 88 29 186 53 210 34 30 20 851 53 55 39 60 35 48 22 50 21 46 36 21 53 162 20 28
internal_value=-0.00295451 -0.00965217 -0.00170943 0.000287105 -0.0141151 -0.00446637 -0.00864596 -0.00564444 -0.00207652 0.00210448 -0.000119008 -0.00794191 -0.00594313 -0.000565255 -0.00464151 0.000341053 -0.00660606 -0.00565385 -0.00366667 -0.000339623 0.002352 -0.00537662 -0.0055023 -0.008025 0.00135484 -0.0161667 -0.01635 -0.0175636 0.00122034 -0.00146939
internal_weight=2501 386 2115 1228 273 887 317 265 570 263 1205 236 206 1152 207 945 94 307 247 154 120 72 212 155 57 67 235 215 113 93
internal_count=2501 386 2115 1228 273 887 317 265 570 263 1205 236 206 1152 207 945 94 307 247 154 120 72 212 155 57 67 235 215 113 93
is_linear=0
shrinkage=0.03


Tree=171
num_leaves=31
num_cat=0
split_feature=118 132 133 137 134 129 115 129 133 120 131 129 130 120 126 130 116 134 129 129 128 127 115 131 117 132 126 132 129 129
split_gain=25.8033 22.3253 21.8292 9.56419 9.20851 7.32423 8.242 6.99521 6.5526 6.61765 6.52389 5.94527 5.51556 5.18212 7.68733 5.92504 7.28257 5.11195 4.98703 6.97594 4.79944 11.6867 7.53975 6.85813 5.90083 5.94415 5.38319 6.69292 5.31899 5.17653
threshold=2.1666666666666674 0.6428571428571429 0.66936538861185257 9.5000000000000018 -1.0000000180025095e-35 1.5000000000000002 601.00000000000011 7.5000000000000009 10.868413741024414 2.5000000000000004 1.0000000180025095e-35 9.5000000000000018 1.8333333333333337 34.500000000000007 1.0000000180025095e-35 115.66666666666667 207.00000000000003 1.0000000180025095e-35 10.500000000000002 14.500000000000002 40.500000000000007 65.500000000000014 9.5000000000000018 0.87965281125489481 38.500000000000007 43.000000000000007 73.500000000000014 584.07142857142867 530.50000000000011 275.50000000000006
decision_type=2 2 2 2 2 2 2 2 2 2 2 2 2 2 2 2 2 2 2 2 2 2 2 2 2 2 2 2 2 2
left_child=1 -1 17 -4 -5 13 7 8 9 -7 -6 -9 -12 14 -2 -16 -17 -3 -13 -20 22 24 -21 -24 -22 -26 -23 28 29 -28
right_child=5 2 3 4 10 6 -8 11 -10 -11 12 18 -14 -15 15 16 -18 -19 19 20 21 26 23 -25 25 -27 27 -29 -30 -31
leaf_value=-0.0046097984142943488 -0.011085178665788233 0.0021756464821250797 -0.0044807640428318586 -0.0032698700136474996 -0.010710138329685003 -0.014660728167984777 0.953381384091333 0.0055392974533864242 0.00079946486206104337 0.0015780016738362157 0.0020353415718418334 -0.12187232503772943 -0.0026446933653188763 0.39458733855291056 0.0051141439208152962 -0.22843861461137052 0.55543777891901613 0.0087241661839124688 0.004171977135940641 -0.010684604831470771 0.014669696562914111 -0.025301498644202558 -0.015335481747193 0.00059698790850493566 -0.091638679628423314 0.0018224619321244588 0.00045633906391627 -0.59731904504354871 0.58416709746025042 -0.074288074491371384
leaf_weight=165 87 256 41 118 51 68 21 33 24 23 28 24 121 46 202 30 29 28 32 117 103 73 35 163 21 75 330 34 21 102
leaf_count=165 87 256 41 118 51 68 21 33 24 23 28 24 121 46 202 30 29 28 32 117 103 73 35 163 21 75 330 34 21 102
internal_value=-0.00297845 -0.00737269 -0.00475926 -0.00962637 -0.00759752 -0.000862191 -0.00195092 -0.00228683 -0.0092 -0.01275 -0.00348293 -0.00156164 -0.000155844 0.00269173 0.00134278 0.00392481 -0.004125 0.00143253 -0.00195066 -0.00161476 -0.0020519 -0.00073822 -0.0051375 -0.00144828 0.00541176 0 -0.00296283 -0.0017561 -0.000707424 -0.00149657
internal_weight=2501 808 643 359 318 1693 1299 1278 115 91 200 1163 149 394 348 261 59 284 1130 1106 1074 759 315 198 199 96 560 487 453 432
internal_count=2501 808 643 359 318 1693 1299 1278 115 91 200 1163 149 394 348 261 59 284 1130 1106 1074 759 315 198 199 96 560 487 453 432
is_linear=0
shrinkage=0.03


Tree=172
num_leaves=31
num_cat=0
split_feature=130 115 138 139 118 129 123 129 128 133 125 126 130 118 124 131 139 124 129 118 138 131 115 128 133 126 134 126 133 139
split_gain=24.0985 20.0889 10.1022 15.2966 33.7768 10.1755 9.15727 8.0516 8.03917 11.2079 8.14543 6.99979 7.0514 8.12782 6.58804 6.50541 6.17623 5.23205 6.79144 5.22572 5.63332 4.97596 7.35304 4.63726 4.57787 6.94353 4.44456 4.28195 6.1197 4.09258
threshold=1.1666666666666667 1.5000000000000002 39.500000000000007 15.500000000000002 8.8333333333333339 568.00000000000011 -1.0000000180025095e-35 280.00000000000006 130.50000000000003 21.872539693216705 -0.019516374714394515 228.50000000000003 7.5000000000000009 5.8333333333333348 -45.499999999999993 12.270100694512841 26.500000000000004 -1.0000000180025095e-35 28.500000000000004 6.8333333333333348 38.500000000000007 1.3307163456488713 20.500000000000004 1.0000000180025095e-35 14.53915011975805 23.500000000000004 -1.0000000180025095e-35 4.5000000000000009 6.6486150161257687 23.500000000000004
decision_type=2 2 2 2 2 2 2 2 2 2 2 2 2 2 2 2 2 2 2 2 2 2 2 2 2 2 2 2 2 2
left_child=1 6 3 -2 -5 7 -1 11 9 10 -6 12 23 16 -15 -12 -14 21 24 20 -8 -16 -23 29 25 26 -19 28 -25 -4
right_child=2 -3 5 4 8 -7 19 -9 -10 -11 15 -13 13 14 17 -17 -18 18 -20 -21 -22 22 -24 27 -26 -27 -28 -29 -30 -31
leaf_value=-0.0041731250455549259 0.0032293157072147949 0.0002936765917496342 4.5813526419644641e-05 -0.0079598533893125625 -0.030783881628901125 0.86441831951572279 -0.0027736362917433156 -0.072059432256629627 -0.061659030664182733 0.0019657552037216385 0.0011216333524873717 0.36531285181079282 -0.0065141081677901795 0.030550084410434154 0.012292280216912239 -0.00072889552033232239 -0.050065092720848407 0.0039356586985967203 -0.0050267325668360381 -0.0012921864215511953 -0.0039176762240784061 -0.064962670572954337 -0.0052449009136955735 -0.00085108979189928982 0.037910547015357031 -0.050032263108722677 -0.0025590249967744382 0.0021538835154681023 0.0088905340528878125 -0.010579381261980023
leaf_weight=38 412 113 29 111 42 40 53 77 124 100 63 58 90 39 44 35 51 36 296 24 158 47 89 73 112 24 24 51 28 20
leaf_count=38 412 113 29 111 42 40 53 77 124 100 63 58 90 39 44 35 51 36 296 24 158 47 89 73 112 24 24 51 28 20
internal_value=-0.0024996 -0.00934527 -0.0012283 -0.00365919 -0.0073 0.000530414 -0.0136835 0 -0.00274797 0.000465306 -0.00492414 0.000666667 7.93951e-05 -0.00111319 0.000201117 0 -0.00756164 -0.000522895 0.00107445 -0.01585 -0.0173333 -0.00483243 -0.00761702 0.00506796 0.00534328 0 0.00544615 0.0076051 0.00362264 -0.00266667
internal_weight=2501 386 2115 887 475 1228 273 1188 364 240 140 1111 1053 852 711 98 141 672 492 235 211 180 136 201 196 84 60 152 101 49
internal_count=2501 386 2115 887 475 1228 273 1188 364 240 140 1111 1053 852 711 98 141 672 492 235 211 180 136 201 196 84 60 152 101 49
is_linear=0
shrinkage=0.03


Tree=173
num_leaves=31
num_cat=0
split_feature=118 129 131 139 115 124 139 115 131 131 126 123 128 129 129 116 119 127 128 129 123 139 134 134 126 131 129 126 127 121
split_gain=22.9367 23.1081 9.0582 12.1823 7.11169 6.58339 6.35364 8.9998 8.07777 12.0316 9.16218 7.47387 6.20331 6.08915 6.49898 6.36993 6.84884 6.31685 6.0329 7.86338 5.89072 6.54504 5.24613 6.35073 5.17395 4.8339 7.3376 6.85273 8.17195 5.23128
threshold=2.1666666666666674 1.5000000000000002 2.4032561733691686 21.500000000000004 601.00000000000011 -1.0000000180025095e-35 21.500000000000004 397.50000000000006 14.910741425266949 12.319759588512975 487.50000000000006 16.500000000000004 5.5000000000000009 16.500000000000004 522.50000000000011 15.500000000000002 29.500000000000004 30.500000000000004 40.500000000000007 46.500000000000007 -1.0000000180025095e-35 15.500000000000002 -0.8783796973249266 0.87837969732492682 300.00000000000006 76.194131694894551 1.0000000180025095e-35 106.50000000000001 75.000000000000014 33.500000000000007
decision_type=2 2 2 2 2 2 2 2 2 2 2 2 2 2 2 2 2 2 2 2 2 2 2 2 2 2 2 2 2 2
left_child=1 5 -3 -4 6 -1 8 13 9 24 11 25 20 15 18 22 -17 -18 -15 -20 -7 -22 -8 -24 -2 26 -10 28 29 -28
right_child=4 2 3 -5 -6 12 7 -9 10 -11 -12 -13 -14 14 -16 16 17 -19 19 -21 21 -23 23 -25 -26 -27 27 -29 -30 -31
leaf_value=-0.0038144417958931552 -0.0046983948274633234 -0.00034538869831964042 -0.014312809258169069 -0.0047232264886071813 0.89884739298312066 -3.1938032173339791e-06 -0.00798744038261626 -0.26424169785608059 0.32707308322853451 -0.038223308578264878 -0.63417635780177295 -0.077986935756976114 -0.0010357999144025496 -0.01558458824986189 1.5682209105035496 -0.017537918782680639 0.092676939942271164 -0.00016432254645877718 0.014382859418476812 -0.0032223090550366606 -0.0049972537818472719 -0.0036617053514473325 0.015459705750402208 -0.0038264563591598067 0.61723015156115535 -0.01771816195452942 -0.010220159488178284 0.0057178963081003795 -0.0069051845256256619 0.0041324122683720306
leaf_weight=46 391 357 49 84 21 33 29 26 24 38 20 35 30 150 25 32 39 118 48 340 75 134 104 26 20 41 46 49 31 40
leaf_count=46 391 357 49 84 21 33 29 26 24 38 20 35 30 150 25 32 39 118 48 340 75 134 104 26 20 41 46 49 31 40
internal_value=-0.00278691 -0.00692989 -0.00277576 -0.00930435 -0.000791519 -0.0131703 -0.00103399 0.000598726 -0.00311351 -0.00560352 0.000804124 0.00241328 -0.0149242 0.00113974 -0.00078169 0.00423229 0.00043299 0.00311111 -0.00153591 0.000442748 -0.0164939 -0.0183364 0.00856098 0.0110667 -0.00395192 0.00442373 0.00643077 0.00382456 -0.000196721 0.00454945
internal_weight=2501 808 490 133 1693 318 1672 937 735 449 286 266 272 911 563 348 189 157 538 388 242 209 159 130 411 231 190 166 117 86
internal_count=2501 808 490 133 1693 318 1672 937 735 449 286 266 272 911 563 348 189 157 538 388 242 209 159 130 411 231 190 166 117 86
is_linear=0
shrinkage=0.03


Tree=174
num_leaves=31
num_cat=0
split_feature=118 132 133 138 139 88 133 130 118 134 115 119 119 129 130 125 133 133 139 129 131 122 123 123 120 129 127 123 122 139
split_gain=22.3475 23.8384 16.9459 24.3635 16.5959 6.56595 6.25308 6.46848 5.95764 5.11195 4.86628 5.61737 9.85474 6.80653 9.76058 11.5232 5.12931 5.74613 4.65811 7.45402 6.95948 7.36199 5.95552 7.40372 6.85246 5.80389 5.67227 5.19403 5.13712 9.81677
threshold=2.1666666666666674 0.6428571428571429 0.66936538861185257 39.500000000000007 25.500000000000004 1.0000000180025095e-35 16.292573748080859 29.166666666666668 0.50000000000000011 1.0000000180025095e-35 601.00000000000011 353.00000000000006 269.00000000000006 229.00000000000003 179.16666666666671 -0.0054220054073116251 210.96081282856031 26.206790966192539 21.500000000000004 16.500000000000004 14.910741425266949 -1.4999999999999998 14.500000000000002 3.5000000000000004 17.500000000000004 17.500000000000004 120.50000000000001 6.5000000000000009 -7.4999999999999991 29.500000000000004
decision_type=2 2 2 2 2 2 2 2 2 2 2 2 2 2 2 2 2 2 2 2 2 2 2 2 2 2 2 2 2 2
left_child=1 8 9 -4 6 10 -5 -8 -1 -3 11 12 13 14 18 -16 17 -13 20 28 -2 25 23 24 26 -22 -21 -23 29 -20
right_child=5 2 3 4 -6 -7 7 -9 -10 -11 -12 16 -14 -15 15 -17 -18 -19 19 22 21 27 -24 -25 -26 -27 -28 -29 -30 -31
leaf_value=-0.0042182919162549728 -0.0075280020179378931 0.0020561222431468985 -0.0036665724876731214 0.0016308451168481496 -0.0068486822785637442 -0.35434592762640393 -0.040612199264706016 0.16516506247130849 -0.0048083641974757084 0.0084081863538806537 0.87188197119362598 0.38203237057358252 0.039798801888786213 -0.25230234935592077 -0.011142825929931205 0.26443764714002127 0.55933359574271202 -0.38111194430768647 0.010489527991941259 -0.011064719380825636 -0.030959324893681379 0.25493585370644439 0.20984670942816974 -0.13347586792666066 0.0048710907250235636 -2.1793369713424825e-05 0.028135750915404319 -0.012119612442389779 0.01240521166479228 -0.0037818638524271622
leaf_weight=117 389 256 83 96 113 22 28 39 48 28 21 31 73 43 22 31 38 67 169 245 20 69 30 34 71 80 54 33 110 41
leaf_count=117 389 256 83 96 113 22 28 39 48 28 21 31 73 43 22 31 38 67 169 245 20 69 30 34 71 80 54 33 110 41
internal_value=-0.00261931 -0.00670849 -0.00401852 -0.00830769 -0.00382206 -0.000650177 0.00228571 -0.0045 -0.0167294 0.00143253 -0.000408115 -0.000612689 -7.50494e-05 -0.000639004 -0.000252316 0.0117931 -0.00634043 -0.00984466 -0.000773333 0.000782609 -0.00275839 0.00171014 -0.0017631 -0.00277262 -0.001424 -0.00394286 -0.00343421 0.00723364 0.00422769 0.00136744
internal_weight=2501 808 643 359 276 1693 163 67 165 284 1671 1650 1514 1441 1398 53 136 98 1345 754 591 202 434 404 370 100 299 102 320 210
internal_count=2501 808 643 359 276 1693 163 67 165 284 1671 1650 1514 1441 1398 53 136 98 1345 754 591 202 434 404 370 100 299 102 320 210
is_linear=0
shrinkage=0.03


Tree=175
num_leaves=31
num_cat=0
split_feature=130 115 123 125 138 139 118 130 125 128 130 132 135 122 129 133 138 131 132 120 130 131 130 115 139 118 131 122 133 131
split_gain=24.2683 18.15 8.87068 8.09449 7.82742 13.1041 32.5139 10.2681 9.07498 7.26027 6.69009 7.65003 6.06809 5.63269 5.55691 10.4883 6.79068 4.97936 4.85031 4.96442 5.91605 4.79161 4.65144 4.59474 4.56033 8.35638 5.87182 4.247 4.0767 3.78697
threshold=1.1666666666666667 1.5000000000000002 -1.0000000180025095e-35 6.5000000000000009 39.500000000000007 15.500000000000002 8.8333333333333339 63.166666666666679 -0.019516374714394515 648.50000000000011 7.5000000000000009 3.6428571428571437 -0.56174490092936669 -1.4999999999999998 1.5000000000000002 3.8676662991489894 38.500000000000007 2.2586347517122234 47.285714285714299 2.5000000000000004 14.16666666666667 15.517015336695275 9.5000000000000018 12.500000000000002 26.500000000000004 1.8333333333333337 3.711722196251515 17.500000000000004 0.66936538861185257 47.143987347883829
decision_type=2 2 2 2 2 2 2 2 2 2 2 2 2 2 2 2 2 2 2 2 2 2 2 2 2 2 2 2 2 2
left_child=1 2 -1 4 5 21 -7 8 23 10 11 17 13 -9 16 -16 -4 -6 19 20 -10 -2 -12 -8 26 -26 -24 28 -3 -14
right_child=3 27 14 -5 9 6 7 12 18 -11 22 -13 29 -15 15 -17 -18 -19 -20 -21 -22 -23 24 -25 25 -27 -28 -29 -30 -31
leaf_value=-0.0038342943676739471 -0.010390321720626521 0.0034905952544066277 -0.0026021932568300122 0.032073492168544979 0.00020236247923611117 -0.007354265882271149 -0.018274005005819383 -0.0028838606212556405 0.0012749535037236334 1.1750598936869898 -0.01922843158501137 0.001306353588395086 -0.058287174238074044 0.24521551985460974 0.0059841381764428941 -0.0084970435953372857 -0.0036419869781578748 -0.025904063516112828 0.0023832099928442663 0.05440686913830281 -0.0099887053387581991 0.57406975515947234 0.049086275463377613 -0.0038621010301123169 -0.079650553353165537 -0.00056474760728100651 9.6880421154210689e-05 0.25483764913690499 -0.023977157827384951 -0.044880106038016829
leaf_weight=38 318 65 53 85 59 111 20 54 25 22 48 116 57 24 27 21 134 22 27 38 24 29 47 38 30 493 371 20 28 57
leaf_count=38 318 65 53 85 59 111 20 54 25 22 48 116 57 24 27 21 134 22 27 38 24 29 47 38 30 493 371 20 28 57
internal_value=-0.00247566 -0.00934527 -0.0134676 -0.0012 -0.00158919 -0.00383797 -0.00705 -0.00258537 0.00267797 -4.45177e-05 -0.000397985 0.00457426 -0.00727919 -0.000650602 -0.0156 -0.00554717 -0.0179375 -0.00237209 0.00751261 0.00352174 -0.00266667 0.000579545 -0.00141247 -0.00657143 -0.000913319 -0.00277273 0.00140426 0.000711864 -0.00208163 -0.0115462
internal_weight=2501 386 273 2115 2030 822 475 364 172 1208 1186 197 192 78 235 48 187 81 114 87 49 347 989 58 941 523 418 113 93 114
internal_count=2501 386 273 2115 2030 822 475 364 172 1208 1186 197 192 78 235 48 187 81 114 87 49 347 989 58 941 523 418 113 93 114
is_linear=0
shrinkage=0.03


Tree=176
num_leaves=31
num_cat=0
split_feature=132 116 128 128 139 133 120 139 139 117 133 125 118 134 127 130 132 139 134 133 127 116 128 128 128 130 127 132 132 117
split_gain=24.2787 19.391 6.74348 9.84579 9.11764 13.6506 10.4778 10.3135 8.50032 9.58438 9.37079 8.26151 11.2706 12.8484 7.9846 7.73126 6.24545 6.21063 6.15651 5.95692 5.35927 5.19566 5.18432 6.39343 18.0583 5.03748 4.85532 10.9193 5.21482 4.86323
threshold=0.50000000000000011 4.5000000000000009 40.500000000000007 56.500000000000007 21.500000000000004 14.950933309380304 17.500000000000004 15.500000000000002 26.500000000000004 33.500000000000007 11.76383170110733 0.039004394861392837 9.1666666666666696 1.0000000180025095e-35 36.500000000000007 33.166666666666679 54.071428571428577 18.500000000000004 -1.0000000180025095e-35 6.87343453711203 32.500000000000007 19.500000000000004 648.50000000000011 425.50000000000006 369.50000000000006 1.1666666666666667 5.5000000000000009 14.357142857142859 4.2142857142857153 11.500000000000002
decision_type=2 2 2 2 2 2 2 2 2 2 2 2 2 2 2 2 2 2 2 2 2 2 2 2 2 2 2 2 2 2
left_child=1 -1 4 -4 5 7 -7 14 9 10 -6 12 17 -14 -2 25 -5 -9 -3 -13 -12 -15 23 24 -18 -10 28 -28 -27 -29
right_child=2 18 3 16 8 6 -8 11 15 -11 20 19 13 21 -16 -17 22 -19 -20 -21 -22 -23 -24 -25 -26 26 27 29 -30 -31
leaf_value=-0.0042019650956037369 -0.00073126492128674061 0.066964282265566097 0.0069630947081023463 -0.029530332139587043 0.0018951526186862732 -0.0034334456527918234 0.16740294697210564 -0.0073463017246790142 -0.0023300333181212555 0.24384663084592736 -0.022210344463671844 0.025762815020979293 -0.020872349489474321 0.0018806573929638507 -0.29303258804970861 -0.031943126720567282 -0.0021854798014429994 -0.00068779285935310235 -0.018143875568716248 -0.021656828877445359 0.06102716859034274 -0.015982098355497226 0.81047371524720691 -0.12058016228894501 0.52198033732299509 -0.0024161975526348378 -0.0072650016677783744 -0.020535536524902795 0.0053948156290403925 0.057497581059886699
leaf_weight=176 194 44 165 67 149 43 34 65 37 25 107 21 52 21 20 34 658 42 25 21 61 20 50 104 22 47 78 29 52 38
leaf_count=176 194 44 165 67 149 43 34 65 37 25 107 21 52 21 20 34 658 42 25 21 61 20 50 104 22 47 78 29 52 38
internal_value=-0.0024996 -0.011376 -0.00150995 0.000218487 -0.00305774 -0.00595539 0.00541463 -0.00792625 -0.000670695 0.00257637 0.00100621 -0.0121215 -0.0146049 -0.00636735 -0.0029863 -0.0042 -0.00101987 -0.0211071 0.00194595 0 -0.00378035 0.00573913 -0.000278903 -0.000904943 0.000166423 -0.00239161 -0.000698795 -0.00416 0.00426923 0.0045
internal_weight=2501 245 2256 1066 1190 533 77 456 657 342 317 242 200 93 214 315 901 107 69 42 168 41 834 784 680 281 244 145 99 67
internal_count=2501 245 2256 1066 1190 533 77 456 657 342 317 242 200 93 214 315 901 107 69 42 168 41 834 784 680 281 244 145 99 67
is_linear=0
shrinkage=0.03


Tree=177
num_leaves=31
num_cat=0
split_feature=132 118 138 139 118 128 123 118 128 121 121 132 128 132 124 119 129 121 124 118 132 115 134 139 126 123 123 117 121 116
split_gain=26.5652 17.066 8.78724 17.8434 27.7941 14.5851 13.7632 8.11862 7.94644 7.22491 6.88976 6.46615 6.28341 6.00795 7.82391 7.47841 6.02282 5.94767 5.58066 5.70547 6.09181 5.42854 5.37889 4.97132 7.43334 4.82576 5.25739 4.77376 4.27319 4.36233
threshold=0.50000000000000011 0.50000000000000011 39.500000000000007 15.500000000000002 8.8333333333333339 130.50000000000003 -1.4999999999999998 40.500000000000007 648.50000000000011 15.500000000000002 8.5000000000000018 47.285714285714299 38.500000000000007 273.28571428571433 -45.499999999999993 257.00000000000006 522.50000000000011 196.00000000000003 -11.499999999999998 0.50000000000000011 5.9285714285714297 1.0000000180025095e-35 1.0000000180025095e-35 26.500000000000004 10.500000000000002 -25.499999999999996 14.500000000000002 1.5000000000000002 23.500000000000004 25.500000000000004
decision_type=2 2 2 2 2 2 2 2 2 2 2 2 2 2 2 2 2 2 2 2 2 2 2 2 2 2 2 2 2 2
left_child=1 -1 3 -2 21 6 9 27 13 -6 -7 12 28 14 -4 17 -15 18 25 20 22 -5 -20 24 -22 -16 -27 -3 -8 -30
right_child=2 7 8 4 5 10 11 -9 -10 -11 -12 -13 -14 16 15 -17 -18 -19 19 -21 23 -23 -24 -25 -26 26 -28 -29 29 -31
leaf_value=-0.0038693401457268618 0.005032233438437359 0.00035562706182592493 0.029944338306730458 -0.0078181658614728585 0.0061645611017060982 0.24070544092510415 0.0029313646960175813 0.95525662202152162 0.78615950378979049 -0.032669091549764759 -0.075923247190511634 0.0017400415084070499 -0.0050419143803291178 -0.15462634218445259 0.13014372888773984 0.93285022788761207 0.13368001613729233 -0.19612516155320733 -0.0026854771229257056 0.00034107327326892551 -0.025589550072742055 -0.00066715907357250081 0.00097063074469010114 -0.045351476166046616 0.01015448994147489 -0.05423462536714934 0.00025180517450719365 -0.0050244499835308135 0.001492341187264422 -0.021332414315113176
leaf_weight=114 438 39 61 91 24 21 34 24 23 56 103 66 23 65 22 22 41 34 43 794 23 34 58 27 36 43 26 68 27 21
leaf_count=114 438 39 61 91 24 21 34 24 23 56 103 66 23 65 22 22 41 34 43 794 23 34 58 27 36 43 26 68 27 21
internal_value=-0.00257143 -0.011856 -0.00153649 -0.00374761 -0.00759208 -0.00337895 0.000796875 -0.00414706 4.08163e-05 -0.00910588 -0.0115814 0.00559091 0.000763636 -0.000295385 0.000321608 -0.000259488 -0.00697297 -0.000642664 -0.00021727 0.000450304 -0.0041875 -0.0195692 0.000792453 -0.00982418 -0.004125 -0.007125 -0.0108649 -0.00771429 0.00475862 -0.00101887
internal_weight=2501 245 2256 938 500 375 251 131 1318 80 124 171 105 1295 1189 1128 106 1106 1072 981 187 125 101 86 59 91 69 107 82 48
internal_count=2501 245 2256 938 500 375 251 131 1318 80 124 171 105 1295 1189 1128 106 1106 1072 981 187 125 101 86 59 91 69 107 82 48
is_linear=0
shrinkage=0.03


Tree=178
num_leaves=31
num_cat=0
split_feature=130 121 118 139 139 118 128 125 128 134 121 133 125 128 117 121 133 125 130 133 119 119 118 130 134 122 139 133 119 122
split_gain=25.1546 16.7198 7.90627 7.64538 14.1039 31.3131 12.4937 12.0709 7.57676 7.35908 6.6071 6.78949 6.37448 5.43137 5.42361 5.34075 5.16683 4.54401 5.13982 6.62035 7.74152 8.842 6.22385 5.79019 5.14684 10.3636 4.61442 4.55093 9.99836 6.61873
threshold=0.83333333333333337 2.5000000000000004 31.833333333333339 20.500000000000004 15.500000000000002 8.8333333333333339 130.50000000000003 -0.2898774585521573 648.50000000000011 0.87837969732492682 13.500000000000002 22.758268284497621 5.2857142857142874 307.00000000000006 1.5000000000000002 8.5000000000000018 8.5678198941567505 -0.98164983164983155 7.5000000000000009 7.4696620530008575 17.500000000000004 6.5000000000000009 5.8333333333333348 4.8333333333333348 -1.0000000180025095e-35 -42.499999999999993 26.500000000000004 20.307329256586943 51.500000000000007 -7.4999999999999991
decision_type=2 2 2 2 2 2 2 2 2 2 2 2 2 2 2 2 2 2 2 2 2 2 2 2 2 2 2 2 2 2
left_child=1 -1 14 4 -2 -6 7 -7 12 10 -9 16 13 17 -3 -8 -12 -5 19 20 21 23 26 -19 25 -24 -20 28 29 -27
right_child=3 2 -4 8 5 6 15 9 -10 -11 11 -13 -14 -15 -16 -17 -18 18 22 -21 -22 -23 24 -25 -26 27 -28 -29 -30 -31
leaf_value=-0.0037661754905274421 0.0052107357272089417 0.017362281489297263 0.92659892336087601 0.030086774294573501 -0.0065921127888470196 -0.0324482743110584 0.23348427769735125 0.061357081656079303 0.76257471867609639 0.0014475709516464893 0.00066407109124619953 0.0022994744607197997 0.068704019909598124 -0.13684097882128526 -0.0072256033307524529 -0.073645549774796565 -0.021049883538521538 -0.0018493655258831113 -0.0069630051857000547 0.0035928138172957756 -0.011531277760255507 0.029532155247712681 -0.033541895573226073 0.00033750185711773289 -0.0024199293160857222 -0.01006839473780829 -0.04478461312571521 0.028640318302124539 -0.028426985140860592 0.0018832640649799615
leaf_weight=184 437 39 26 133 120 29 21 47 23 33 25 60 21 75 80 103 47 89 91 44 23 21 58 42 392 42 50 66 29 51
leaf_count=184 437 39 26 133 120 29 21 47 23 33 25 60 21 75 80 103 47 89 91 44 23 21 58 42 392 42 50 66 29 51
internal_value=-0.00228412 -0.0099521 -0.00216 -0.00109968 -0.00316505 -0.00666122 -0.00217297 0.00180488 0.000425498 0.00439631 0.00176087 -0.00170803 6.81818e-05 -0.000242775 -0.00551613 -0.00972093 -0.00771429 0.000285211 -0.000412762 0.00358929 0.0008 0.00340127 -0.00156122 0.000176471 -0.000270607 0.00308367 -0.00715068 0.00649741 0.0027874 0.00759184
internal_weight=2501 329 145 2172 922 485 365 241 1250 212 179 132 1227 1206 119 124 72 1131 998 219 175 152 779 131 638 246 141 188 122 93
internal_count=2501 329 145 2172 922 485 365 241 1250 212 179 132 1227 1206 119 124 72 1131 998 219 175 152 779 131 638 246 141 188 122 93
is_linear=0
shrinkage=0.03


Tree=179
num_leaves=31
num_cat=0
split_feature=130 121 119 139 128 135 120 130 125 122 122 122 130 123 124 133 133 133 131 129 122 133 129 127 127 116 139 124 126 127
split_gain=25.4714 16.7198 6.73114 6.66977 10.9805 10.3914 8.6242 7.78508 6.15739 5.85769 10.2881 7.39148 5.35167 5.61684 4.94834 6.7652 5.75767 4.7333 4.59336 4.56498 5.66475 4.50613 4.4982 4.45942 4.15166 5.54119 9.81601 8.01555 4.78878 5.04352
threshold=0.83333333333333337 2.5000000000000004 63.500000000000007 22.500000000000004 17.500000000000004 1.0000000180025095e-35 1.5000000000000002 17.166666666666668 1.9375000000000002 -207.49999999999997 -52.499999999999993 -23.499999999999996 2.1666666666666674 -1.0000000180025095e-35 15.500000000000002 8.291868812948076 17.01858645515377 3.0135728276891687 0.64395055085937891 9.5000000000000018 13.500000000000002 21.634720390761697 5.5000000000000009 46.500000000000007 6.5000000000000009 3.5000000000000004 25.500000000000004 -19.499999999999996 4.5000000000000009 2.5000000000000004
decision_type=2 2 2 2 2 2 2 2 2 2 2 2 2 2 2 2 2 2 2 2 2 2 2 2 2 2 2 2 2 2
left_child=1 -1 -3 4 5 6 17 -8 24 -6 -11 -12 18 21 15 -13 -17 22 -7 -18 -21 -14 -2 -22 28 26 -26 -28 -5 -30
right_child=3 2 -4 8 9 12 7 -9 -10 10 11 14 13 -15 -16 16 19 -19 -20 20 23 -23 -24 -25 25 -27 27 -29 29 -31
leaf_value=-0.0036531902258116187 -0.0028094785864558958 -0.0042344837840879593 0.61762114744580809 0.00022823008145758875 -0.1908113352716248 0.044372161869552978 -0.0018090983844011531 0.079281751711555118 0.049048228148687388 0.0014554569890971236 -0.014901371004541772 0.0075305044441371649 0.018920731886638231 -0.028503699982421211 0.15659420336745097 -0.020840256679516032 0.04796850259184509 -0.020789345855249462 -0.00010542558373936472 -0.067868428923540156 0.17670055603556151 -0.0077388673402378309 -0.0088208601485273361 -0.048973428402331362 0.00066131461192260761 0.00066068708216061368 0.00056408444297699391 -0.043035768480535294 -0.0022591401705030979 0.0012711040969754261
leaf_weight=184 59 118 27 109 28 27 24 21 24 74 49 240 28 110 77 46 33 63 23 60 20 40 45 34 163 558 34 111 20 52
leaf_count=184 59 118 27 109 28 27 24 21 24 74 49 240 28 110 77 46 33 63 23 60 20 40 45 34 163 558 34 111 20 52
internal_value=-0.00223623 -0.0099521 -0.00216 -0.00104456 -0.00267993 -0.0063236 -0.0110323 0.00048 0.000635688 -0.000216216 0.000413793 -0.001 -0.00177682 -0.00422951 0.000104854 -0.00115068 -0.00527273 -0.014093 0.00643636 -0.00213158 -0.0049916 0.00238356 -0.00930275 0.0019322 0.000250951 -0.000613088 -0.0038147 -0.00936 0.00432258 0.0100519
internal_weight=2501 329 145 2172 1101 440 212 45 1071 661 633 559 228 178 510 433 193 167 50 147 114 68 104 54 1047 866 308 145 181 72
internal_count=2501 329 145 2172 1101 440 212 45 1071 661 633 559 228 178 510 433 193 167 50 147 114 68 104 54 1047 866 308 145 181 72
is_linear=0
shrinkage=0.03


Tree=180
num_leaves=31
num_cat=0
split_feature=132 115 121 122 126 139 139 115 116 119 133 128 116 125 125 130 116 122 133 133 116 135 126 116 139 128 125 119 132 128
split_gain=29.5393 17.0545 7.66301 8.06847 7.33111 6.8798 12.3308 7.80348 9.737 7.59859 8.87884 6.90238 6.85481 6.43968 6.13274 6.06358 5.98049 5.55724 5.36346 5.26594 4.99664 4.96941 5.00823 7.31509 5.35035 4.86292 5.64543 5.08269 6.17664 6.17003
threshold=0.50000000000000011 1.5000000000000002 52.500000000000007 -36.499999999999993 165.50000000000003 21.500000000000004 15.500000000000002 1.0000000180025095e-35 13.500000000000002 18.500000000000004 23.644018150791538 5.5000000000000009 97.500000000000014 -1.0000000180025095e-35 -0.98371292372881347 62.166666666666679 1.0000000180025095e-35 -29.499999999999996 41.016166162662337 60.966349941807017 40.500000000000007 0.81174490092936691 270.50000000000006 129.50000000000003 25.500000000000004 4.5000000000000009 -0.055950202273165085 74.500000000000014 41.642857142857146 19.500000000000004
decision_type=2 2 2 2 2 2 2 2 2 2 2 2 2 2 2 2 2 2 2 2 2 2 2 2 2 2 2 2 2 2
left_child=1 13 3 -2 5 6 -5 8 -8 11 -11 -9 14 -1 -4 -12 -7 19 -6 -16 -3 22 23 -14 -24 26 -18 28 29 -27
right_child=2 20 12 4 18 16 7 9 -10 10 15 -13 21 -15 17 -17 25 -19 -20 -21 -22 -23 24 -25 -26 27 -28 -29 -30 -31
leaf_value=-0.00054382930346729807 -0.0087854304127546346 -0.0089189604721814243 -0.066041988315066427 0.0002082159394447558 0.0091479021370702174 -0.0014113759095890671 -0.0062163146900972273 -0.011123467494029262 0.00041823382518469863 -0.029484127240639067 0.063957431567605597 0.00095764417192993883 -0.035687920992048497 -0.0035505707967429111 0.0029926681915857772 -0.069400130413846739 -0.016137233190017176 0.0062798515510681342 0.34857070236700466 -0.021951145331573441 0.88027232123667576 0.36458333731257953 -0.57291828828363611 0.0037213042889860048 -0.14590214316674688 0.0020352978391135678 0.0017234441949209422 -0.0063282853613907258 0.017226037830127546 -0.0041779646869537319
leaf_weight=21 67 52 46 303 91 325 105 24 23 95 43 43 66 148 151 53 36 184 48 34 24 54 39 109 33 107 44 33 26 74
leaf_count=21 67 52 46 303 91 325 105 24 23 95 43 43 66 148 151 53 36 184 48 34 24 54 39 109 33 107 44 33 26 74
internal_value=-0.00206864 -0.011856 -0.000979213 -0.00217087 -0.00168065 -0.00237043 -0.0044438 -0.00796419 -0.0139398 -0.00476806 -0.00777551 0.00366667 0.00157282 -0.0170345 0.00405714 -0.00112871 -0.000129231 0.00535829 0.00475 0.00896842 0 -0.00184314 -0.00366667 -0.0008 -0.0100519 0.00275077 -0.00345882 0.00487347 0.00662264 0.00432258
internal_weight=2501 245 2256 1540 1473 1334 689 386 128 258 191 67 716 169 415 96 645 369 139 185 76 301 247 175 72 320 80 240 207 181
internal_count=2501 245 2256 1540 1473 1334 689 386 128 258 191 67 716 169 415 96 645 369 139 185 76 301 247 175 72 320 80 240 207 181
is_linear=0
shrinkage=0.03


Tree=181
num_leaves=31
num_cat=0
split_feature=132 115 93 129 118 139 119 131 116 129 117 138 139 118 119 115 133 135 139 130 139 131 131 139 123 127 130 133 132 132
split_gain=25.7562 15.4795 6.58935 6.43111 5.50171 6.61807 5.01155 8.03553 7.51281 8.87609 5.63465 6.49942 10.653 11.6846 9.58309 6.98022 5.77318 5.76914 5.47492 5.26793 6.22767 5.10583 4.99546 5.73778 6.2168 4.7801 4.67819 5.82166 4.65518 4.68799
threshold=0.50000000000000011 34.500000000000007 1.0000000180025095e-35 857.50000000000011 0.50000000000000011 14.500000000000002 52.500000000000007 79.661032034929505 58.500000000000007 32.500000000000007 36.500000000000007 39.500000000000007 15.500000000000002 8.8333333333333339 18.500000000000004 1.0000000180025095e-35 20.940137942252409 -0.56174490092936669 23.500000000000004 44.833333333333336 26.500000000000004 3.8149242336291649 9.3509450563365544 17.500000000000004 -20.499999999999996 41.500000000000007 59.500000000000007 9.0576374414024503 51.071428571428577 34.071428571428577
decision_type=2 2 2 2 2 2 2 2 2 2 2 2 2 2 2 2 2 2 2 2 2 2 2 2 2 2 2 2 2 2
left_child=1 4 3 6 5 -1 10 8 9 18 11 12 -2 15 -15 -14 19 -18 -8 20 -13 -16 23 -10 -25 -24 28 -28 29 -11
right_child=2 -3 -4 -5 -6 -7 7 -9 22 26 -12 16 13 14 21 -17 17 -19 -20 -21 -22 -23 25 24 -26 -27 27 -29 -30 -31
leaf_value=-0.026489971100281281 -0.00070826459372661074 0.68237666259456176 0.00057394048390056794 4.077871823107035 -0.0043238951142183912 -0.0028342107514343785 0.0026368131714423673 -0.089390187648468497 0.002386507230600363 -0.0031182022406841502 -0.0093350379047504352 0.0010685020976197634 -0.0065756876856028611 0.042054479801213629 -0.018398038498128242 -0.005619099908236125 0.010262413020853832 -0.06576198491766784 0.13335134413872865 0.065213793745137416 -0.001048391218296625 0.00017564127154361391 0.041523154436563431 -0.011441382476294847 -0.049094806727876091 -0.00055355808805568015 -0.14774580542243249 0.0042795959102963441 -0.070114442402092997 0.0021708383862695082
leaf_weight=37 314 26 23 30 105 77 45 82 56 21 95 225 89 21 21 31 22 82 35 21 276 40 64 93 75 278 30 145 21 21
leaf_count=37 314 26 23 30 105 77 45 82 56 21 95 225 89 21 21 31 22 82 35 21 276 40 64 93 75 278 30 145 21 21
internal_value=-0.00175738 -0.010896 -0.00074038 -0.000922252 -0.0135 -0.0181008 -0.001125 0.000488157 0.00134308 0.0049969 -0.00238647 -0.00177332 -0.00424952 -0.00953623 -0.00062069 -0.015312 0.000275753 -0.006 0.0133412 0.00158254 0.00087747 -0.00672727 -0.000725044 -0.00416594 -0.00690173 0.0015389 0.00195062 0.00446667 -0.00476471 0.00114894
internal_weight=2501 245 2256 2233 219 114 2203 966 884 318 1237 1142 516 202 82 120 626 104 80 522 501 61 566 224 168 342 238 175 63 42
internal_count=2501 245 2256 2233 219 114 2203 966 884 318 1237 1142 516 202 82 120 626 104 80 522 501 61 566 224 168 342 238 175 63 42
is_linear=0
shrinkage=0.03


Tree=182
num_leaves=31
num_cat=0
split_feature=132 115 124 118 128 118 122 124 125 118 139 126 115 122 93 118 133 118 122 139 134 123 126 129 133 128 131 131 130 122
split_gain=23.2453 15.1342 6.85786 12.0114 10.616 8.42276 6.31033 7.93729 14.3778 6.27294 6.61807 4.62286 4.8154 4.36701 4.02127 4.53604 8.94677 7.21764 6.6709 5.56297 4.18993 10.1415 8.18608 6.03408 4.68238 5.04846 4.2748 8.10606 4.99416 4.91884
threshold=0.50000000000000011 34.500000000000007 -45.499999999999993 147.83333333333334 686.50000000000011 49.833333333333336 3.5000000000000004 -5.4999999999999991 -0.26058201058201053 0.50000000000000011 14.500000000000002 423.00000000000006 190.50000000000003 -38.499999999999993 1.0000000180025095e-35 9.5000000000000018 11.76383170110733 11.833333333333334 -12.499999999999998 22.500000000000004 -0.60785761079279388 -2.4999999999999996 28.500000000000004 21.500000000000004 26.658419388189916 291.50000000000006 40.568677328568135 26.876258944981707 215.00000000000003 -83.499999999999986
decision_type=2 2 2 2 2 2 2 2 2 2 2 2 2 2 2 2 2 2 2 2 2 2 2 2 2 2 2 2 2 2
left_child=1 9 3 5 6 -2 7 8 13 10 -1 12 -8 -4 15 16 18 -17 -9 -18 22 23 -19 -22 -24 -26 27 29 -28 -23
right_child=2 -3 4 -5 -6 -7 11 14 -10 -11 -12 -13 -14 -15 -16 17 19 20 -20 -21 21 26 24 -25 25 -27 28 -29 -30 -31
leaf_value=-0.025695271967272844 0.0013642461348971323 0.66190536271672484 -0.00020962688220073808 -0.76015968035101478 4.1675190577750936 0.04382567391931759 0.00055413401153659337 -0.01074757778563335 -0.020893381661197256 -0.0041941782607918393 -0.0027491844288913469 -0.029598819562334028 0.31162651821088361 0.072968393384210142 0.00055672226938354721 0.0016561892653121108 -0.14300535468351128 0.090907332122959261 -0.00066916668871886006 -0.024622526638987386 -0.10750423753583974 0.0024919821119615223 -0.021109825129424279 -0.017571473102424198 0.011871772126017035 -0.17815698638779423 0.005037632167806858 0.031682755483617597 -0.10770211803700096 -0.0020450122235815766
leaf_weight=37 54 26 35 25 27 35 439 27 117 105 77 29 61 26 23 39 30 56 584 59 20 92 45 90 72 20 22 32 24 173
leaf_count=37 54 26 35 25 27 35 439 27 117 105 77 29 61 26 23 39 30 56 584 59 20 92 45 90 72 20 22 32 24 173
internal_value=-0.00197287 -0.010656 -0.00100575 0.006 -0.0013945 0.0111064 -0.00165283 -0.00259837 -0.0084918 -0.0132321 -0.0181008 0.00116854 0.00188911 0.00309091 -0.00182166 -0.00204604 -0.00373617 -0.000295652 -0.00237662 -0.012383 -0.00109677 -0.00267249 0.00254545 -0.0103826 -0.00143662 0.00241237 -6.89655e-05 0.00127152 -0.00811765 -0.000533333
internal_weight=2501 245 2256 114 2142 89 2115 1586 178 219 114 529 500 61 1408 1385 700 685 611 89 646 453 193 110 137 92 343 297 46 265
internal_count=2501 245 2256 114 2142 89 2115 1586 178 219 114 529 500 61 1408 1385 700 685 611 89 646 453 193 110 137 92 343 297 46 265
is_linear=0
shrinkage=0.03


Tree=183
num_leaves=31
num_cat=0
split_feature=132 115 129 124 76 83 118 139 104 121 131 122 124 125 121 131 116 123 129 126 132 118 139 139 93 121 122 127 134 125
split_gain=23.7639 15.1342 6.40725 7.28609 6.35229 6.51618 6.27294 6.61807 5.08777 4.98571 5.46813 4.38772 6.27115 14.5466 7.83957 5.45336 4.31184 8.35589 5.20561 10.2218 7.29686 6.85328 4.84796 4.04629 3.98076 3.97238 7.46862 5.12312 5.03883 5.67306
threshold=0.50000000000000011 34.500000000000007 857.50000000000011 -45.499999999999993 1.0000000180025095e-35 1.0000000180025095e-35 0.50000000000000011 14.500000000000002 1.0000000180025095e-35 93.500000000000014 23.045787000033968 3.5000000000000004 -4.4999999999999991 -0.046065428824049508 20.500000000000004 85.561831581103249 12.500000000000002 -5.4999999999999991 1.5000000000000002 33.500000000000007 16.071428571428573 13.16666666666667 31.500000000000004 19.500000000000004 1.0000000180025095e-35 17.500000000000004 -6.4999999999999991 47.500000000000007 -1.0000000180025095e-35 -0.0054220054073116251
decision_type=2 2 2 2 2 2 2 2 2 2 2 2 2 2 2 2 2 2 2 2 2 2 2 2 2 2 2 2 2 2
left_child=1 6 3 9 5 8 7 -1 11 10 -2 12 13 14 -5 -13 17 -14 19 -18 21 -20 24 -16 -19 26 -22 -28 29 -27
right_child=2 -3 -4 4 -6 -7 -8 -9 -10 -11 -12 15 16 -15 23 -17 18 22 20 -21 25 -23 -24 -25 -26 28 27 -29 -30 -31
leaf_value=-0.024924413808254657 0.0017058776790690544 0.64204820183522315 3.9555419572202926 0.02928233722474731 -0.016992600673266231 -0.016992600673266231 -0.0040683529129680839 -0.0026667088960246068 0.00058371495690563431 0.005180497632137673 -0.196483344553533 0.0017168727099153712 -0.11132299132696362 -0.019946468658267543 -0.013384328586773915 -0.060125156598076046 0.070110731984093858 -0.0014966100336727588 0.0016045560997482279 -0.0069202378121170196 0.13212225769328603 -0.031043435093066719 -0.0024936706577448108 0.0013960699568623623 0.0008949949641735255 -0.058462921030178409 -0.01300376973796899 0.011864247275824481 0.0010542664636784677 -0.010854124781641517
leaf_weight=37 20 26 30 29 20 20 105 77 23 62 26 475 39 100 20 44 54 658 22 100 24 34 42 51 21 26 32 41 159 84
leaf_count=37 20 26 30 29 20 20 105 77 23 62 26 475 39 100 20 44 54 658 22 100 24 34 42 51 21 26 32 41 159 84
internal_value=-0.00187709 -0.010656 -0.000899602 -0.00109996 -0.00149505 -0.00130956 -0.0132321 -0.0181008 -0.0011205 0.00631858 -0.00105882 -0.0012932 -0.00209864 -0.00699512 0.00108571 0.00107634 -0.00133781 -0.00281569 0.000609294 0.00524528 -0.00111007 -0.0107213 -0.00201653 -0.00426316 -0.00135088 0.000469003 0.00552941 0.000307692 -0.00140146 -0.0062087
internal_weight=2501 245 2256 2226 2118 2098 219 114 2078 108 46 2055 1536 200 100 519 1336 760 576 154 422 56 721 71 679 366 97 73 269 110
internal_count=2501 245 2256 2226 2118 2098 219 114 2078 108 46 2055 1536 200 100 519 1336 760 576 154 422 56 721 71 679 366 97 73 269 110
is_linear=0
shrinkage=0.03


Tree=184
num_leaves=31
num_cat=0
split_feature=130 118 122 129 82 121 122 133 126 116 133 122 119 129 129 125 133 131 131 131 126 133 122 133 118 131 126 133 128 133
split_gain=16.1434 11.9831 7.42438 6.3745 5.05017 5.80899 9.23127 7.36176 7.34323 8.90194 7.71825 5.47278 6.80216 5.31943 13.4598 6.59531 5.21415 4.61148 4.46203 13.9208 7.65985 6.59197 6.53152 6.12159 5.65797 7.31581 4.7384 5.09695 7.01927 5.21846
threshold=1.1666666666666667 20.833333333333339 1.5000000000000002 857.50000000000011 1.0000000180025095e-35 52.500000000000007 -17.499999999999996 68.370085256913754 265.50000000000006 178.50000000000003 210.96081282856031 -178.49999999999997 58.500000000000007 129.50000000000003 37.500000000000007 -0.63333333333333319 58.391170642084241 16.509253576085637 14.647710609132059 12.319759588512975 165.50000000000003 20.434561864794166 9.5000000000000018 25.855148363164918 9.8333333333333339 76.194131694894551 4.5000000000000009 3.987125111872317 10.500000000000002 8.6543594182606718
decision_type=2 2 2 2 2 2 2 2 2 2 2 2 2 2 2 2 2 2 2 2 2 2 2 2 2 2 2 2 2 2
left_child=1 2 -1 4 5 6 13 11 9 -9 -10 17 -13 14 15 -2 -14 -7 19 26 21 22 -20 -23 -25 -26 27 -8 -29 -30
right_child=3 -3 -4 -5 -6 7 18 8 10 -11 -12 12 16 -15 -16 -17 -18 -19 20 -21 -22 23 -24 24 25 -27 -28 28 29 -31
leaf_value=-0.002645219467562012 -0.0013163973230437341 0.34509147525530481 1.5661116749976499e-06 3.8368756985036847 0.00062861325791581987 -0.069442570350396859 -0.00022303345523005206 -0.1143842786880265 -0.49016038041006421 0.9602816846608152 -0.021909559959304943 0.035129262929246639 -0.00071177351302600738 -0.088656327675557228 0.0012564467049695693 -0.01496650960737753 0.45233910139515809 0.018779794961033526 -0.015657200836686869 -0.060728034478504715 0.30077004894833764 -0.084722551291755502 0.29578934104815724 -0.094709088063013702 0.085498006527774562 -0.26781649841272825 -0.0012616790453646586 0.011977087258773859 0.0033864985986848096 -0.0072166644535312935
leaf_weight=286 40 43 57 30 23 22 116 60 33 27 31 44 421 34 64 77 22 35 35 40 38 29 24 37 54 20 675 41 22 21
leaf_count=286 40 43 57 30 23 22 116 60 33 27 31 44 421 34 64 77 22 35 35 40 38 29 24 37 54 20 675 41 22 21
internal_value=-0.00190104 -0.00750384 -0.00937931 -0.000860377 -0.00107368 -0.00124528 -0.00237901 0.000977143 -0.00476923 0.000913043 -0.012087 0.00261202 0.0015122 -0.00801818 -0.0056129 -0.0115082 0.000321429 0.0110323 -0.00129127 -0.00224348 0.00233058 -0.000117647 0.007875 -0.00368276 -0.000206897 0.00448101 -0.00139091 0.00260488 0.00802247 -0.0005
internal_weight=2501 386 343 2115 2085 2062 1367 695 151 87 64 544 487 215 181 117 443 57 1152 915 237 199 59 140 111 74 875 200 84 43
internal_count=2501 386 343 2115 2085 2062 1367 695 151 87 64 544 487 215 181 117 443 57 1152 915 237 199 59 140 111 74 875 200 84 43
is_linear=0
shrinkage=0.03


Tree=185
num_leaves=31
num_cat=0
split_feature=132 115 129 82 128 128 139 115 132 125 130 132 115 121 139 132 139 132 118 128 130 132 131 129 119 129 131 133 121 121
split_gain=19.9017 14.1204 6.51449 5.15291 5.59128 8.31779 5.71411 9.85841 9.09492 6.68713 6.50631 7.93832 7.52773 5.79724 5.7134 5.11196 6.32904 5.2663 5.0271 4.93173 6.70809 4.64226 5.15139 6.34766 8.59061 7.30454 8.47288 6.39345 13.9433 7.62581
threshold=0.50000000000000011 34.500000000000007 857.50000000000011 1.0000000180025095e-35 40.500000000000007 54.500000000000007 21.500000000000004 47.500000000000007 17.214285714285719 -0.98093681917211317 44.833333333333336 111.00000000000001 9.5000000000000018 27.500000000000004 15.500000000000002 14.357142857142859 25.500000000000004 1.9285714285714288 33.166666666666679 1.5000000000000002 10.16666666666667 54.071428571428577 79.661032034929505 430.50000000000006 534.50000000000011 356.00000000000006 3.3495889939662065 23.644018150791538 53.500000000000007 35.500000000000007
decision_type=2 2 2 2 2 2 2 2 2 2 2 2 2 2 2 2 2 2 2 2 2 2 2 2 2 2 2 2 2 2
left_child=1 -1 3 4 6 18 7 14 15 -10 12 -12 -11 -14 -2 16 17 -8 -6 -18 -21 -7 23 25 -25 26 -23 28 -28 -29
right_child=2 -3 -4 -5 5 21 8 -9 9 10 11 -13 13 -15 -16 -17 19 -19 -20 20 -22 22 -24 24 -26 -27 27 29 -30 -31
leaf_value=-0.0033188230675961247 -0.0025658628835351547 0.61243401152250743 3.7217694275485735 0.00060975486017835758 0.014945148441471474 -0.018433596759471624 0.033650690888907576 0.057536567642905538 0.12346638400347813 -0.039921255678507454 0.3442543537345682 -0.071543810921263287 0.029500385478488142 -0.018707658169019082 -0.0031595905869714475 0.037777500192935659 -0.0024453849878821998 0.00073400319125644482 -0.00029741713947313802 0.0010875600265790907 -0.014803419614053067 -0.032518197773362394 -0.078133432022522695 -0.45491853055755993 0.18396797122447422 0.22931033963960715 -0.084139656182489725 0.039210669199695618 0.0024341248508308474 0.0021176290376127907
leaf_weight=219 193 26 30 23 103 75 31 61 22 82 31 36 20 39 268 44 63 97 52 122 54 208 51 56 36 32 50 71 75 231
leaf_count=219 193 26 30 23 103 75 31 61 22 82 31 36 20 39 268 44 63 97 52 122 54 208 51 56 36 32 50 71 75 231
internal_value=-0.00190104 -0.009936 -0.00100575 -0.00120753 -0.00136957 0.000223923 -0.00279452 -0.00511195 -0.000873065 -0.00559149 -0.00729577 0.000333333 -0.0108493 -0.00225 -0.00661803 0.00178846 0.000548387 0.00581955 0.006525 -0.00231148 0.000298343 -0.000903371 -0.000213497 0.000424084 -0.00674227 0.00146429 0.00069375 0.00311111 -0.00249231 0.00545277
internal_weight=2501 245 2256 2226 2203 1040 1163 522 641 230 208 67 141 59 461 411 367 128 155 239 176 885 810 759 92 667 635 427 125 302
internal_count=2501 245 2256 2226 2203 1040 1163 522 641 230 208 67 141 59 461 411 367 128 155 239 176 885 810 759 92 667 635 427 125 302
is_linear=0
shrinkage=0.03


Tree=186
num_leaves=31
num_cat=0
split_feature=132 116 135 129 124 132 139 122 118 129 121 135 134 133 135 130 125 118 121 122 124 122 133 129 132 132 128 134 139 139
split_gain=18.8448 14.8688 7.6457 6.51449 5.78359 6.09508 5.20579 5.84545 15.052 7.8338 7.94726 10.0902 7.25536 7.1377 7.90832 5.96115 6.5152 6.2208 5.9834 5.14952 4.7357 5.52814 8.94082 4.46469 4.1038 7.56396 4.24276 4.07161 3.53156 3.48929
threshold=0.50000000000000011 4.5000000000000009 0.81174490092936691 857.50000000000011 -65.499999999999986 235.78571428571431 22.500000000000004 -1.0000000180025095e-35 8.8333333333333339 2.5000000000000004 10.500000000000002 -0.56174490092936669 -0.8783796973249266 57.134278790602508 1.0000000180025095e-35 42.166666666666679 -0.087203742323512787 115.16666666666667 20.500000000000004 -33.499999999999993 -6.4999999999999991 13.500000000000002 11.509524777140042 57.500000000000007 9.071428571428573 11.071428571428573 5.5000000000000009 -1.0000000180025095e-35 15.500000000000002 11.500000000000002
decision_type=2 2 2 2 2 2 2 2 2 2 2 2 2 2 2 2 2 2 2 2 2 2 2 2 2 2 2 2 2 2
left_child=1 2 28 4 5 -2 7 8 -6 10 11 -9 -10 15 -15 18 -17 -18 -14 -20 -11 22 24 -24 26 -26 -22 -3 -1 -27
right_child=3 27 -4 -5 6 -7 -8 9 12 20 -12 -13 13 14 -16 16 17 -19 19 -21 21 -23 23 -25 25 29 -28 -29 -30 -31
leaf_value=-0.023997760117952276 0.0076286701414262099 0.066148345821879062 0.0025265601129328768 3.6101163447221163 -0.012273052530169175 -0.031337732257214271 3.8360276038185147e-06 -0.0013965492196863043 -0.015117630068234989 -0.069397496593625194 -0.03981142081923842 0.027511113002970902 0.00063487857820458259 -0.38723956804231624 0.0103994227658605 -0.08660376161194934 0.0023927682931275105 0.00083110244183186928 -0.00029843838499054025 -0.024901307689808069 -0.051269526475143982 0.0082359104859973612 -0.10737298351962063 -0.045563296892951112 0.04454489383747777 0.1463362086155601 -0.0079748628821586821 -0.017341030856069441 -0.0029848218984449559 -0.042691411012320588
leaf_weight=50 51 44 25 30 63 23 1060 31 39 49 40 87 36 22 20 20 45 30 38 24 31 206 30 24 24 52 47 25 101 134
leaf_count=50 51 44 25 30 63 23 1060 31 39 49 40 87 36 22 20 20 45 30 38 24 31 206 30 24 24 52 47 25 101 134
internal_value=-0.00187709 -0.009696 -0.014221 -0.00100575 -0.00120753 0.00675949 -0.0014993 -0.00294804 -0.00621053 -0.00145263 0.00438037 0.0082439 -0.00298925 -0.00085 -0.0113617 0.00163636 0.00684 0.0108 -0.00343689 -0.00886567 -0.0030299 -0.00215913 -0.00447839 -0.0151525 -0.00223208 0 -0.00787952 0.00194595 -0.0166923 -0.00216754
internal_weight=2501 245 176 2256 2226 74 2152 1092 337 755 158 118 274 235 42 193 95 75 98 62 597 548 342 54 288 210 78 69 151 186
internal_count=2501 245 176 2256 2226 74 2152 1092 337 755 158 118 274 235 42 193 95 75 98 62 597 548 342 54 288 210 78 69 151 186
is_linear=0
shrinkage=0.03


Tree=187
num_leaves=31
num_cat=0
split_feature=132 115 124 128 139 139 128 139 126 126 127 126 135 132 117 121 117 139 115 128 132 121 139 116 134 123 124 129 118 134
split_gain=15.5319 12.5051 6.42839 7.71395 5.12601 4.49012 9.75401 8.32032 7.16009 10.462 4.70227 6.22298 4.57909 3.81147 3.59029 6.45751 4.70594 4.33979 11.3937 7.9945 4.40738 3.99387 3.44441 6.31356 3.342 3.2961 7.30327 6.91344 10.0331 6.76861
threshold=0.50000000000000011 34.500000000000007 -93.499999999999986 686.50000000000011 26.500000000000004 21.500000000000004 5.5000000000000009 15.500000000000002 484.00000000000006 276.50000000000006 205.50000000000003 165.50000000000003 1.0000000180025095e-35 8.9285714285714306 104.50000000000001 46.500000000000007 214.50000000000003 15.500000000000002 1.0000000180025095e-35 46.500000000000007 9.071428571428573 19.500000000000004 15.500000000000002 4.5000000000000009 -0.60785761079279388 -2.4999999999999996 20.500000000000004 276.50000000000006 160.66666666666671 -0.60785761079279388
decision_type=2 2 2 2 2 2 2 2 2 2 2 2 2 2 2 2 2 2 2 2 2 2 2 2 2 2 2 2 2 2
left_child=1 4 -2 5 22 6 7 12 9 10 11 14 -4 -9 15 17 -16 20 -19 21 -8 -20 -1 -24 -22 26 -7 28 29 -27
right_child=2 -3 3 -5 -6 25 8 13 -10 -11 -12 -13 -14 -15 16 -17 -18 18 19 -21 24 -23 23 -25 -26 27 -28 -29 -30 -31
leaf_value=-0.023277827314413708 0.0026880462969624164 0.59207654080217587 -0.0028806054537783652 2.4496039445786173 -0.0013370338332185231 0.0071722450138730666 -0.030870855098348578 -0.0052368768040326518 -0.4729789911451649 0.21804094319195313 -0.093589314606127322 0.013969046453001215 0.025270330399201513 -0.00162767478665927 -0.018849839165323345 0.0019930169475599283 0.076176530797364306 -0.0077356169956939213 0.00074073807375912176 -0.029275657293112756 -0.03231605857117275 -0.0330938456994204 -0.0032422935718152417 -0.0020416351217056494 0.085804595599476147 -0.0016981787437840533 -0.060134918870074612 -0.18263985882673581 0.25481421370285956 3.3310806889801371e-05
leaf_weight=74 56 26 26 29 45 349 44 96 42 43 48 32 47 35 63 104 20 63 71 59 88 23 78 22 92 96 64 59 22 585
leaf_count=74 56 26 26 29 45 349 44 96 42 43 48 32 47 35 63 104 20 63 71 59 88 23 78 22 92 96 64 59 22 585
internal_value=-0.00163767 -0.008736 -0.000846528 -0.00111293 -0.0110893 -0.00133456 -0.00281119 -0.00858373 -0.00127227 -0.000548344 -0.00146629 -0.000759036 -0.000307692 -0.0129706 -0.00146203 -0.000535519 -0.00709091 -0.00214382 -0.00513122 -0.000531646 0.000759825 0.00478788 -0.0133743 -0.0170857 0.00288649 -7.11864e-05 0.00206699 -0.00124381 -0.000372881 -0.00108455
internal_weight=2501 245 2256 2200 219 2171 996 204 792 750 707 659 73 131 627 544 83 440 216 153 224 94 174 100 180 1175 413 762 703 681
internal_count=2501 245 2256 2200 219 2171 996 204 792 750 707 659 73 131 627 544 83 440 216 153 224 94 174 100 180 1175 413 762 703 681
is_linear=0
shrinkage=0.03


end of trees

feature_importances:
Column_115=529
Column_126=475
Column_139=384
Column_132=322
Column_133=293
Column_130=279
Column_122=259
Column_124=245
Column_123=241
Column_129=239
Column_116=231
Column_125=231
Column_118=227
Column_128=222
Column_131=216
Column_138=215
Column_134=189
Column_121=181
Column_127=158
Column_119=157
Column_137=102
Column_117=100
Column_135=81
Column_120=42
Column_93=3
Column_82=2
Column_76=1
Column_83=1
Column_88=1
Column_104=1
Column_106=1
Column_136=1

parameters:
[boosting: gbdt]
[objective: regression_l1]
[metric: l1]
[tree_learner: serial]
[device_type: cpu]
[data_sample_strategy: bagging]
[data: ]
[valid: ]
[num_iterations: 2000]
[learning_rate: 0.03]
[num_leaves: 31]
[num_threads: 4]
[seed: 42]
[deterministic: 0]
[force_col_wise: 0]
[force_row_wise: 0]
[histogram_pool_size: -1]
[max_depth: -1]
[min_data_in_leaf: 20]
[min_sum_hessian_in_leaf: 0.001]
[bagging_fraction: 0.85]
[pos_bagging_fraction: 1]
[neg_bagging_fraction: 1]
[bagging_freq: 0]
[bagging_seed: 400]
[bagging_by_query: 0]
[feature_fraction: 0.85]
[feature_fraction_bynode: 1]
[feature_fraction_seed: 30056]
[extra_trees: 0]
[extra_seed: 12879]
[early_stopping_round: 0]
[early_stopping_min_delta: 0]
[first_metric_only: 0]
[max_delta_step: 0]
[lambda_l1: 0.2]
[lambda_l2: 5]
[linear_lambda: 0]
[min_gain_to_split: 0]
[drop_rate: 0.1]
[max_drop: 50]
[skip_drop: 0.5]
[xgboost_dart_mode: 0]
[uniform_drop: 0]
[drop_seed: 17869]
[top_rate: 0.2]
[other_rate: 0.1]
[min_data_per_group: 100]
[max_cat_threshold: 32]
[cat_l2: 10]
[cat_smooth: 10]
[max_cat_to_onehot: 4]
[top_k: 20]
[monotone_constraints: ]
[monotone_constraints_method: basic]
[monotone_penalty: 0]
[feature_contri: ]
[forcedsplits_filename: ]
[refit_decay_rate: 0.9]
[cegb_tradeoff: 1]
[cegb_penalty_split: 0]
[cegb_penalty_feature_lazy: ]
[cegb_penalty_feature_coupled: ]
[path_smooth: 0]
[interaction_constraints: ]
[verbosity: -1]
[saved_feature_importance_type: 0]
[use_quantized_grad: 0]
[num_grad_quant_bins: 4]
[quant_train_renew_leaf: 0]
[stochastic_rounding: 1]
[linear_tree: 0]
[max_bin: 255]
[max_bin_by_feature: ]
[min_data_in_bin: 3]
[bin_construct_sample_cnt: 200000]
[data_random_seed: 175]
[is_enable_sparse: 1]
[enable_bundle: 1]
[use_missing: 1]
[zero_as_missing: 0]
[feature_pre_filter: 1]
[pre_partition: 0]
[two_round: 0]
[header: 0]
[label_column: ]
[weight_column: ]
[group_column: ]
[ignore_column: ]
[categorical_feature: ]
[forcedbins_filename: ]
[precise_float_parser: 0]
[parser_config_file: ]
[objective_seed: 16083]
[num_class: 1]
[is_unbalance: 0]
[scale_pos_weight: 1]
[sigmoid: 1]
[boost_from_average: 1]
[reg_sqrt: 0]
[alpha: 0.9]
[fair_c: 1]
[poisson_max_delta_step: 0.7]
[tweedie_variance_power: 1.5]
[lambdarank_truncation_level: 30]
[lambdarank_norm: 1]
[label_gain: ]
[lambdarank_position_bias_regularization: 0]
[eval_at: ]
[multi_error_top_k: 1]
[auc_mu_weights: ]
[num_machines: 1]
[local_listen_port: 12400]
[time_out: 120]
[machine_list_filename: ]
[machines: ]
[gpu_platform_id: -1]
[gpu_device_id: -1]
[gpu_device_id_list: ]
[gpu_use_dp: 0]
[num_gpu: 1]

end of parameters

pandas_categorical:null
