file,row_index,WorkingTime,cycle_id,PageNo,Speed,Length,SetPower,GateOnTime,RealPower,predicted_power,page_median_power,abs_residual,anomaly_score,threshold,risk_ratio,risk_level,anomaly_pred,unseen_setpower,label,inspection_reason
WeldingTest_01_OK,0,2022-02-10 09:02:48.515,1,1,250,241.1,82,1154,1662,1680.861,1682.0,18.861,1.7608,3.6564,0.4816,정상,0,0,0,
WeldingTest_01_OK,1,2022-02-10 09:02:51.894,1,2,250,241.2,83,1670,1688,1701.931,1707.0,13.931,1.7095,3.6564,0.4675,정상,0,0,0,
WeldingTest_01_OK,2,2022-02-10 09:02:54.740,1,3,250,241.1,82,1153,1669,1683.195,1689.0,14.195,1.7579,3.6564,0.4808,정상,0,0,0,
WeldingTest_01_OK,3,2022-02-10 09:02:57.948,1,4,250,241.2,83,1670,1693,1703.064,1712.0,10.064,1.1947,3.6564,0.3267,정상,0,0,0,
WeldingTest_01_OK,4,2022-02-10 09:03:00.734,1,5,250,241.1,82,1154,1673,1678.848,1692.0,5.848,0.6786,3.6564,0.1856,정상,0,0,0,
WeldingTest_01_OK,5,2022-02-10 09:03:03.988,1,6,250,241.2,83,1670,1697,1703.364,1714.0,6.364,0.7601,3.6564,0.2079,정상,0,0,0,
WeldingTest_01_OK,6,2022-02-10 09:03:09.712,1,7,250,241.1,82,1153,1671,1676.898,1690.0,5.898,0.7067,3.6564,0.1933,정상,0,0,0,
WeldingTest_01_OK,7,2022-02-10 09:03:13.026,1,8,250,241.2,83,1670,1697,1704.657,1714.0,7.657,0.8967,3.6564,0.2452,정상,0,0,0,
WeldingTest_01_OK,8,2022-02-10 09:03:15.836,1,9,250,241.1,82,1154,1675,1677.44,1694.0,2.44,0.2563,3.6564,0.0701,정상,0,0,0,
WeldingTest_01_OK,9,2022-02-10 09:03:19.088,1,10,250,241.2,83,1670,1699,1704.876,1717.0,5.876,0.6874,3.6564,0.188,정상,0,0,0,
WeldingTest_01_OK,10,2022-02-10 09:03:21.914,1,11,250,241.1,82,1154,1678,1677.294,1695.0,0.706,0.053,3.6564,0.0145,정상,0,0,0,
WeldingTest_01_OK,11,2022-02-10 09:03:25.296,1,12,250,241.2,83,1670,1700,1705.635,1718.0,5.635,0.6739,3.6564,0.1843,정상,0,0,0,
WeldingTest_01_OK,12,2022-02-10 09:03:29.824,1,13,30,19.4,38,650,682,689.702,690.0,7.702,2.1564,3.6564,0.5898,정상,0,0,0,
WeldingTest_01_OK,13,2022-02-10 09:03:31.546,1,14,30,19.4,38,650,682,677.958,688.0,4.042,1.0542,3.6564,0.2883,정상,0,0,0,
WeldingTest_01_OK,14,2022-02-10 09:03:34.496,1,15,30,19.4,38,650,682,683.101,688.0,1.101,0.2118,3.6564,0.0579,정상,0,0,0,
WeldingTest_01_OK,15,2022-02-10 09:03:37.870,1,16,30,19.4,38,650,682,679.478,688.0,2.522,0.7055,3.6564,0.193,정상,0,0,0,
WeldingTest_01_OK,16,2022-02-10 09:03:39.556,1,17,30,19.4,38,650,682,685.97,688.0,3.97,1.1215,3.6564,0.3067,정상,0,0,0,
WeldingTest_01_OK,17,2022-02-10 09:03:41.236,1,18,30,19.4,38,650,682,682.062,688.0,0.062,0.0044,3.6564,0.0012,정상,0,0,0,
WeldingTest_01_OK,18,2022-02-10 09:04:01.620,1,19,250,241.1,83,1670,1692,1698.288,1708.0,6.288,0.6238,3.6564,0.1706,정상,0,0,0,
WeldingTest_01_OK,19,2022-02-10 09:04:04.234,1,20,250,241.2,82,1154,1674,1676.387,1692.0,2.387,0.237,3.6564,0.0648,정상,0,0,0,
WeldingTest_01_OK,20,2022-02-10 09:04:07.666,1,21,250,241.1,83,1670,1698,1709.868,1714.0,11.868,1.4225,3.6564,0.389,정상,0,0,0,
WeldingTest_01_OK,21,2022-02-10 09:04:10.360,1,22,250,241.2,82,1154,1678,1672.986,1694.0,5.014,0.6146,3.6564,0.1681,정상,0,0,0,
WeldingTest_01_OK,22,2022-02-10 09:04:13.816,1,23,250,241.1,83,1670,1700,1707.574,1717.0,7.574,0.8985,3.6564,0.2457,정상,0,0,0,
WeldingTest_01_OK,23,2022-02-10 09:04:16.500,1,24,250,241.2,82,1154,1679,1672.635,1695.0,6.365,0.7425,3.6564,0.2031,정상,0,0,0,
WeldingTest_01_OK,24,2022-02-10 09:04:22.950,1,25,250,241.1,83,1670,1698,1707.821,1714.0,9.821,1.1744,3.6564,0.3212,정상,0,0,0,
WeldingTest_01_OK,25,2022-02-10 09:04:25.574,1,26,250,241.2,82,1154,1679,1673.321,1695.0,5.679,0.6811,3.6564,0.1863,정상,0,0,0,
WeldingTest_01_OK,26,2022-02-10 09:04:28.998,1,27,250,241.1,83,1670,1702,1708.352,1718.0,6.352,0.7521,3.6564,0.2057,정상,0,0,0,
WeldingTest_01_OK,27,2022-02-10 09:04:31.786,1,28,250,241.2,82,1154,1682,1679.262,1697.0,2.738,0.2955,3.6564,0.0808,정상,0,0,0,
WeldingTest_01_OK,28,2022-02-10 09:04:35.350,1,29,250,241.1,83,1670,1703,1710.289,1719.0,7.289,0.8307,3.6564,0.2272,정상,0,0,0,
WeldingTest_01_OK,29,2022-02-10 09:04:37.964,1,30,250,241.2,82,1154,1683,1676.303,1698.0,6.697,0.8222,3.6564,0.2249,정상,0,0,0,
WeldingTest_01_OK,30,2022-02-10 09:04:42.402,1,31,30,19.4,38,650,683,692.501,690.0,9.501,2.7592,3.6564,0.7546,정상,0,0,0,
WeldingTest_01_OK,31,2022-02-10 09:04:43.918,1,32,30,19.4,38,650,682,674.916,688.0,7.084,1.8726,3.6564,0.5121,정상,0,0,0,
WeldingTest_01_OK,32,2022-02-10 09:04:47.018,1,33,30,19.4,38,650,683,684.835,690.0,1.835,0.3168,3.6564,0.0866,정상,0,0,0,
WeldingTest_01_OK,33,2022-02-10 09:04:48.782,1,34,30,19.4,38,650,682,679.64,690.0,2.36,0.5312,3.6564,0.1453,정상,0,0,0,
WeldingTest_01_OK,34,2022-02-10 09:04:52.306,1,35,30,19.4,38,650,683,681.94,690.0,1.06,0.2446,3.6564,0.0669,정상,0,0,0,
WeldingTest_01_OK,35,2022-02-10 09:04:54.036,1,36,30,19.4,38,650,682,684.439,690.0,2.439,0.6441,3.6564,0.1762,정상,0,0,0,
WeldingTest_01_OK,36,2022-02-10 09:04:55.736,1,37,30,19.4,38,650,682,685.654,688.0,3.654,1.0265,3.6564,0.2807,정상,0,0,0,
WeldingTest_01_OK,37,2022-02-10 09:04:58.726,1,38,30,19.4,38,650,683,685.553,690.0,2.553,0.635,3.6564,0.1737,정상,0,0,0,
WeldingTest_01_OK,38,2022-02-10 09:05:00.222,1,39,30,19.4,38,650,682,683.213,688.0,1.213,0.264,3.6564,0.0722,정상,0,0,0,
WeldingTest_01_OK,39,2022-02-10 09:05:48.104,2,1,250,241.1,82,1154,1666,1683.977,1682.0,17.977,1.6571,3.6564,0.4532,정상,0,0,0,
WeldingTest_01_OK,40,2022-02-10 09:05:51.492,2,2,250,241.2,83,1670,1693,1701.931,1707.0,8.931,1.0872,3.6564,0.2973,정상,0,0,0,
WeldingTest_01_OK,41,2022-02-10 09:05:54.318,2,3,250,241.1,82,1153,1674,1682.785,1689.0,8.785,1.0668,3.6564,0.2918,정상,0,0,0,
WeldingTest_01_OK,42,2022-02-10 09:05:57.572,2,4,250,241.2,83,1670,1698,1703.032,1712.0,5.032,0.5693,3.6564,0.1557,정상,0,0,0,
WeldingTest_01_OK,43,2022-02-10 09:06:00.304,2,5,250,241.1,82,1154,1678,1674.753,1692.0,3.247,0.3453,3.6564,0.0944,정상,0,0,0,
WeldingTest_01_OK,44,2022-02-10 09:06:03.566,2,6,250,241.2,83,1670,1700,1704.143,1714.0,4.143,0.4842,3.6564,0.1324,정상,0,0,0,
WeldingTest_01_OK,45,2022-02-10 09:06:09.280,2,7,250,241.1,82,1153,1675,1676.863,1690.0,1.863,0.1913,3.6564,0.0523,정상,0,0,0,
WeldingTest_01_OK,46,2022-02-10 09:06:12.474,2,8,250,241.2,83,1670,1700,1704.99,1714.0,4.99,0.5665,3.6564,0.1549,정상,0,0,0,
WeldingTest_01_OK,47,2022-02-10 09:06:15.250,2,9,250,241.1,82,1154,1679,1677.505,1694.0,1.495,0.1356,3.6564,0.0371,정상,0,0,0,
WeldingTest_01_OK,48,2022-02-10 09:06:18.466,2,10,250,241.2,83,1670,1703,1706.421,1717.0,3.421,0.3837,3.6564,0.1049,정상,0,0,0,
WeldingTest_01_OK,49,2022-02-10 09:06:21.336,2,11,250,241.1,82,1154,1680,1680.104,1695.0,0.104,0.0242,3.6564,0.0066,정상,0,0,0,
WeldingTest_01_OK,50,2022-02-10 09:06:24.598,2,12,250,241.2,83,1670,1704,1707.299,1718.0,3.299,0.3845,3.6564,0.1052,정상,0,0,0,
WeldingTest_01_OK,51,2022-02-10 09:06:29.152,2,13,30,19.4,38,650,683,691.977,690.0,8.977,2.5361,3.6564,0.6936,정상,0,0,0,
WeldingTest_01_OK,52,2022-02-10 09:06:30.874,2,14,30,19.4,38,650,683,677.958,688.0,5.042,1.3457,3.6564,0.368,정상,0,0,0,
WeldingTest_01_OK,53,2022-02-10 09:06:33.762,2,15,30,19.4,38,650,683,682.63,688.0,0.37,0.0002,3.6564,0.0001,정상,0,0,0,
WeldingTest_01_OK,54,2022-02-10 09:06:37.112,2,16,30,19.4,38,650,683,679.478,688.0,3.522,0.9963,3.6564,0.2725,정상,0,0,0,
WeldingTest_01_OK,55,2022-02-10 09:06:38.874,2,17,30,19.4,38,650,683,682.349,688.0,0.651,0.1646,3.6564,0.045,정상,0,0,0,
WeldingTest_01_OK,56,2022-02-10 09:06:40.650,2,18,30,19.4,38,650,682,678.574,688.0,3.426,0.9668,3.6564,0.2644,정상,0,0,0,
WeldingTest_01_OK,57,2022-02-10 09:07:01.542,2,19,250,241.1,83,1670,1693,1697.964,1708.0,4.964,0.4714,3.6564,0.1289,정상,0,0,0,
WeldingTest_01_OK,58,2022-02-10 09:07:04.262,2,20,250,241.2,82,1154,1675,1676.28,1692.0,1.28,0.0957,3.6564,0.0262,정상,0,0,0,
WeldingTest_01_OK,59,2022-02-10 09:07:07.656,2,21,250,241.1,83,1670,1699,1709.887,1714.0,10.887,1.3015,3.6564,0.356,정상,0,0,0,
WeldingTest_01_OK,60,2022-02-10 09:07:10.234,2,22,250,241.2,82,1154,1679,1673.028,1694.0,5.972,0.7372,3.6564,0.2016,정상,0,0,0,
WeldingTest_01_OK,61,2022-02-10 09:07:13.702,2,23,250,241.1,83,1670,1702,1708.196,1717.0,6.196,0.7275,3.6564,0.199,정상,0,0,0,
WeldingTest_01_OK,62,2022-02-10 09:07:16.348,2,24,250,241.2,82,1154,1680,1674.147,1695.0,5.853,0.6767,3.6564,0.1851,정상,0,0,0,
WeldingTest_01_OK,63,2022-02-10 09:07:22.770,2,25,250,241.1,83,1670,1699,1708.616,1714.0,9.616,1.149,3.6564,0.3142,정상,0,0,0,
WeldingTest_01_OK,64,2022-02-10 09:07:25.364,2,26,250,241.2,82,1154,1680,1673.326,1695.0,6.674,0.8089,3.6564,0.2212,정상,0,0,0,
WeldingTest_01_OK,65,2022-02-10 09:07:28.782,2,27,250,241.1,83,1670,1703,1709.156,1718.0,6.156,0.7278,3.6564,0.199,정상,0,0,0,
WeldingTest_01_OK,66,2022-02-10 09:07:31.452,2,28,250,241.2,82,1154,1683,1676.385,1697.0,6.615,0.7935,3.6564,0.217,정상,0,0,0,
WeldingTest_01_OK,67,2022-02-10 09:07:34.956,2,29,250,241.1,83,1670,1704,1710.756,1719.0,6.756,0.7645,3.6564,0.2091,정상,0,0,0,
WeldingTest_01_OK,68,2022-02-10 09:07:37.642,2,30,250,241.2,82,1154,1684,1683.178,1698.0,0.822,0.0676,3.6564,0.0185,정상,0,0,0,
WeldingTest_01_OK,69,2022-02-10 09:07:42.096,2,31,30,19.4,38,650,683,692.501,690.0,9.501,2.7592,3.6564,0.7546,정상,0,0,0,
WeldingTest_01_OK,70,2022-02-10 09:07:43.728,2,32,30,19.4,38,650,683,675.041,688.0,7.959,2.1273,3.6564,0.5818,정상,0,0,0,
WeldingTest_01_OK,71,2022-02-10 09:07:46.804,2,33,30,19.4,38,650,683,682.478,690.0,0.522,0.0632,3.6564,0.0173,정상,0,0,0,
WeldingTest_01_OK,72,2022-02-10 09:07:48.574,2,34,30,19.4,38,650,683,679.99,690.0,3.01,0.7202,3.6564,0.197,정상,0,0,0,
WeldingTest_01_OK,73,2022-02-10 09:07:52.008,2,35,30,19.4,38,650,683,686.079,690.0,3.079,0.829,3.6564,0.2267,정상,0,0,0,
WeldingTest_01_OK,74,2022-02-10 09:07:53.694,2,36,30,19.4,38,650,683,681.451,690.0,1.549,0.3859,3.6564,0.1056,정상,0,0,0,
WeldingTest_01_OK,75,2022-02-10 09:07:55.452,2,37,30,19.4,38,650,683,683.15,688.0,0.15,0.015,3.6564,0.0041,정상,0,0,0,
WeldingTest_01_OK,76,2022-02-10 09:07:58.448,2,38,30,19.4,38,650,683,685.553,690.0,2.553,0.635,3.6564,0.1737,정상,0,0,0,
WeldingTest_01_OK,77,2022-02-10 09:07:59.914,2,39,30,19.4,38,650,683,683.255,688.0,0.255,0.013,3.6564,0.0036,정상,0,0,0,
WeldingTest_01_OK,78,2022-02-10 09:08:47.068,3,1,250,241.1,82,1154,1667,1684.076,1682.0,17.076,1.5515,3.6564,0.4243,정상,0,0,0,
WeldingTest_01_OK,79,2022-02-10 09:08:50.292,3,2,250,241.2,83,1670,1694,1702.217,1707.0,8.217,0.9984,3.6564,0.2731,정상,0,0,0,
WeldingTest_01_OK,80,2022-02-10 09:08:53.134,3,3,250,241.1,82,1153,1675,1683.291,1689.0,8.291,1.0038,3.6564,0.2745,정상,0,0,0,
WeldingTest_01_OK,81,2022-02-10 09:08:56.476,3,4,250,241.2,83,1670,1698,1702.753,1712.0,4.753,0.5346,3.6564,0.1462,정상,0,0,0,
WeldingTest_01_OK,82,2022-02-10 09:08:59.380,3,5,250,241.1,82,1154,1678,1679.479,1692.0,1.479,0.1188,3.6564,0.0325,정상,0,0,0,
WeldingTest_01_OK,83,2022-02-10 09:09:02.584,3,6,250,241.2,83,1670,1700,1704.177,1714.0,4.177,0.4885,3.6564,0.1336,정상,0,0,0,
WeldingTest_01_OK,84,2022-02-10 09:09:08.480,3,7,250,241.1,82,1153,1675,1676.932,1690.0,1.932,0.2002,3.6564,0.0548,정상,0,0,0,
WeldingTest_01_OK,85,2022-02-10 09:09:11.772,3,8,250,241.2,83,1670,1700,1704.722,1714.0,4.722,0.5334,3.6564,0.1459,정상,0,0,0,
WeldingTest_01_OK,86,2022-02-10 09:09:14.542,3,9,250,241.1,82,1154,1679,1677.505,1694.0,1.495,0.1356,3.6564,0.0371,정상,0,0,0,
WeldingTest_01_OK,87,2022-02-10 09:09:17.876,3,10,250,241.2,83,1670,1703,1706.323,1717.0,3.323,0.3716,3.6564,0.1016,정상,0,0,0,
WeldingTest_01_OK,88,2022-02-10 09:09:20.628,3,11,250,241.1,82,1154,1682,1680.787,1695.0,1.213,0.118,3.6564,0.0323,정상,0,0,0,
WeldingTest_01_OK,89,2022-02-10 09:09:23.876,3,12,250,241.2,83,1670,1704,1708.711,1718.0,4.711,0.5594,3.6564,0.153,정상,0,0,0,
WeldingTest_01_OK,90,2022-02-10 09:09:28.464,3,13,30,19.4,38,650,683,692.013,690.0,9.013,2.5469,3.6564,0.6966,정상,0,0,0,
WeldingTest_01_OK,91,2022-02-10 09:09:30.156,3,14,30,19.4,38,650,683,677.808,688.0,5.192,1.3895,3.6564,0.38,정상,0,0,0,
WeldingTest_01_OK,92,2022-02-10 09:09:33.096,3,15,30,19.4,38,650,683,682.946,688.0,0.054,0.0915,3.6564,0.025,정상,0,0,0,
WeldingTest_01_OK,93,2022-02-10 09:09:36.480,3,16,30,19.4,38,650,683,679.478,688.0,3.522,0.9963,3.6564,0.2725,정상,0,0,0,
WeldingTest_01_OK,94,2022-02-10 09:09:38.234,3,17,30,19.4,38,650,683,683.409,688.0,0.409,0.0947,3.6564,0.0259,정상,0,0,0,
WeldingTest_01_OK,95,2022-02-10 09:09:39.984,3,18,30,19.4,38,650,683,679.608,688.0,3.392,0.9569,3.6564,0.2617,정상,0,0,0,
WeldingTest_01_OK,96,2022-02-10 09:10:00.533,3,19,250,241.1,83,1670,1693,1699.008,1708.0,6.008,0.5915,3.6564,0.1618,정상,0,0,0,
WeldingTest_01_OK,97,2022-02-10 09:10:03.151,3,20,250,241.2,82,1154,1677,1676.394,1692.0,0.606,0.0096,3.6564,0.0026,정상,0,0,0,
WeldingTest_01_OK,98,2022-02-10 09:10:06.583,3,21,250,241.1,83,1670,1699,1709.868,1714.0,10.868,1.2992,3.6564,0.3553,정상,0,0,0,
WeldingTest_01_OK,99,2022-02-10 09:10:09.227,3,22,250,241.2,82,1154,1679,1673.081,1694.0,5.919,0.7304,3.6564,0.1998,정상,0,0,0,
WeldingTest_01_OK,100,2022-02-10 09:10:12.713,3,23,250,241.1,83,1670,1702,1708.196,1717.0,6.196,0.7275,3.6564,0.199,정상,0,0,0,
WeldingTest_01_OK,101,2022-02-10 09:10:15.345,3,24,250,241.2,82,1154,1682,1674.048,1695.0,7.952,0.9463,3.6564,0.2588,정상,0,0,0,
WeldingTest_01_OK,102,2022-02-10 09:10:21.781,3,25,250,241.1,83,1670,1699,1709.599,1714.0,10.599,1.271,3.6564,0.3476,정상,0,0,0,
WeldingTest_01_OK,103,2022-02-10 09:10:24.483,3,26,250,241.2,82,1154,1680,1673.38,1695.0,6.62,0.802,3.6564,0.2194,정상,0,0,0,
WeldingTest_01_OK,104,2022-02-10 09:10:27.967,3,27,250,241.1,83,1670,1703,1709.343,1718.0,6.343,0.751,3.6564,0.2054,정상,0,0,0,
WeldingTest_01_OK,105,2022-02-10 09:10:30.629,3,28,250,241.2,82,1154,1683,1676.386,1697.0,6.614,0.7933,3.6564,0.217,정상,0,0,0,
WeldingTest_01_OK,106,2022-02-10 09:10:34.105,3,29,250,241.1,83,1670,1704,1710.758,1719.0,6.758,0.7647,3.6564,0.2091,정상,0,0,0,
WeldingTest_01_OK,107,2022-02-10 09:10:36.717,3,30,250,241.2,82,1154,1684,1683.125,1698.0,0.875,0.0743,3.6564,0.0203,정상,0,0,0,
WeldingTest_01_OK,108,2022-02-10 09:10:41.005,3,31,30,19.4,38,650,683,692.454,690.0,9.454,2.7452,3.6564,0.7508,정상,0,0,0,
WeldingTest_01_OK,109,2022-02-10 09:10:42.517,3,32,30,19.4,38,650,683,674.916,688.0,8.084,2.1639,3.6564,0.5918,정상,0,0,0,
WeldingTest_01_OK,110,2022-02-10 09:10:45.619,3,33,30,19.4,38,650,683,684.835,690.0,1.835,0.3168,3.6564,0.0866,정상,0,0,0,
WeldingTest_01_OK,111,2022-02-10 09:10:47.371,3,34,30,19.4,38,650,683,680.787,690.0,2.213,0.4887,3.6564,0.1336,정상,0,0,0,
WeldingTest_01_OK,112,2022-02-10 09:10:50.831,3,35,30,19.4,38,650,683,682.288,690.0,0.712,0.144,3.6564,0.0394,정상,0,0,0,
WeldingTest_01_OK,113,2022-02-10 09:10:52.523,3,36,30,19.4,38,650,683,683.598,690.0,0.598,0.1101,3.6564,0.0301,정상,0,0,0,
WeldingTest_01_OK,114,2022-02-10 09:10:54.271,3,37,30,19.4,38,650,683,685.091,688.0,2.091,0.5754,3.6564,0.1574,정상,0,0,0,
WeldingTest_01_OK,115,2022-02-10 09:10:57.231,3,38,30,19.4,38,650,683,685.529,690.0,2.529,0.6281,3.6564,0.1718,정상,0,0,0,
WeldingTest_01_OK,116,2022-02-10 09:10:58.767,3,39,30,19.4,38,650,683,683.106,688.0,0.106,0.056,3.6564,0.0153,정상,0,0,0,
WeldingTest_01_OK,117,2022-02-10 09:11:45.787,4,1,250,241.1,82,1154,1667,1684.076,1682.0,17.076,1.5515,3.6564,0.4243,정상,0,0,0,
WeldingTest_01_OK,118,2022-02-10 09:11:49.075,4,2,250,241.2,83,1670,1693,1701.969,1707.0,8.969,1.092,3.6564,0.2986,정상,0,0,0,
WeldingTest_01_OK,119,2022-02-10 09:11:51.801,4,3,250,241.1,82,1153,1674,1679.442,1689.0,5.442,0.6397,3.6564,0.175,정상,0,0,0,
WeldingTest_01_OK,120,2022-02-10 09:11:55.055,4,4,250,241.2,83,1670,1698,1703.032,1712.0,5.032,0.5693,3.6564,0.1557,정상,0,0,0,
WeldingTest_01_OK,121,2022-02-10 09:11:57.835,4,5,250,241.1,82,1154,1678,1678.645,1692.0,0.645,0.0119,3.6564,0.0033,정상,0,0,0,
WeldingTest_01_OK,122,2022-02-10 09:12:01.203,4,6,250,241.2,83,1670,1700,1704.093,1714.0,4.093,0.4781,3.6564,0.1308,정상,0,0,0,
WeldingTest_01_OK,123,2022-02-10 09:12:06.965,4,7,250,241.1,82,1153,1675,1676.898,1690.0,1.898,0.1958,3.6564,0.0536,정상,0,0,0,
WeldingTest_01_OK,124,2022-02-10 09:12:10.295,4,8,250,241.2,83,1670,1700,1704.657,1714.0,4.657,0.5254,3.6564,0.1437,정상,0,0,0,
WeldingTest_01_OK,125,2022-02-10 09:12:13.107,4,9,250,241.1,82,1154,1680,1677.691,1694.0,2.309,0.2395,3.6564,0.0655,정상,0,0,0,
WeldingTest_01_OK,126,2022-02-10 09:12:16.365,4,10,250,241.2,83,1670,1703,1707.333,1717.0,4.333,0.4965,3.6564,0.1358,정상,0,0,0,
WeldingTest_01_OK,127,2022-02-10 09:12:19.115,4,11,250,241.1,82,1154,1682,1676.572,1695.0,5.428,0.6582,3.6564,0.18,정상,0,0,0,
WeldingTest_01_OK,128,2022-02-10 09:12:22.403,4,12,250,241.2,83,1670,1704,1708.698,1718.0,4.698,0.5578,3.6564,0.1526,정상,0,0,0,
WeldingTest_01_OK,129,2022-02-10 09:12:26.845,4,13,30,19.4,38,650,683,691.978,690.0,8.978,2.5365,3.6564,0.6937,정상,0,0,0,
WeldingTest_01_OK,130,2022-02-10 09:12:28.559,4,14,30,19.4,38,650,683,677.884,688.0,5.116,1.3672,3.6564,0.3739,정상,0,0,0,
WeldingTest_01_OK,131,2022-02-10 09:12:31.475,4,15,30,19.4,38,650,683,682.029,688.0,0.971,0.174,3.6564,0.0476,정상,0,0,0,
WeldingTest_01_OK,132,2022-02-10 09:12:34.801,4,16,30,19.4,38,650,683,679.478,688.0,3.522,0.9963,3.6564,0.2725,정상,0,0,0,
WeldingTest_01_OK,133,2022-02-10 09:12:36.549,4,17,30,19.4,38,650,683,685.036,688.0,2.036,0.5638,3.6564,0.1542,정상,0,0,0,
WeldingTest_01_OK,134,2022-02-10 09:12:38.241,4,18,30,19.4,38,650,683,684.495,688.0,1.495,0.4092,3.6564,0.1119,정상,0,0,0,
WeldingTest_01_OK,135,2022-02-10 09:12:58.871,4,19,250,241.1,83,1670,1693,1697.964,1708.0,4.964,0.4714,3.6564,0.1289,정상,0,0,0,
WeldingTest_01_OK,136,2022-02-10 09:13:01.635,4,20,250,241.2,82,1154,1675,1680.555,1692.0,5.555,0.6416,3.6564,0.1755,정상,0,0,0,
WeldingTest_01_OK,137,2022-02-10 09:13:05.067,4,21,250,241.1,83,1670,1699,1709.868,1714.0,10.868,1.2992,3.6564,0.3553,정상,0,0,0,
WeldingTest_01_OK,138,2022-02-10 09:13:07.651,4,22,250,241.2,82,1154,1679,1673.028,1694.0,5.972,0.7372,3.6564,0.2016,정상,0,0,0,
WeldingTest_01_OK,139,2022-02-10 09:13:11.095,4,23,250,241.1,83,1670,1702,1707.987,1717.0,5.987,0.7016,3.6564,0.1919,정상,0,0,0,
WeldingTest_01_OK,140,2022-02-10 09:13:13.799,4,24,250,241.2,82,1154,1680,1674.118,1695.0,5.882,0.6805,3.6564,0.1861,정상,0,0,0,
WeldingTest_01_OK,141,2022-02-10 09:13:20.265,4,25,250,241.1,83,1670,1699,1708.616,1714.0,9.616,1.149,3.6564,0.3142,정상,0,0,0,
WeldingTest_01_OK,142,2022-02-10 09:13:22.837,4,26,250,241.2,82,1154,1680,1673.355,1695.0,6.645,0.8052,3.6564,0.2202,정상,0,0,0,
WeldingTest_01_OK,143,2022-02-10 09:13:26.293,4,27,250,241.1,83,1670,1703,1709.344,1718.0,6.344,0.751,3.6564,0.2054,정상,0,0,0,
WeldingTest_01_OK,144,2022-02-10 09:13:28.963,4,28,250,241.2,82,1154,1683,1676.385,1697.0,6.615,0.7935,3.6564,0.217,정상,0,0,0,
WeldingTest_01_OK,145,2022-02-10 09:13:32.443,4,29,250,241.1,83,1670,1704,1710.757,1719.0,6.757,0.7646,3.6564,0.2091,정상,0,0,0,
WeldingTest_01_OK,146,2022-02-10 09:13:35.041,4,30,250,241.2,82,1154,1684,1683.132,1698.0,0.868,0.0735,3.6564,0.0201,정상,0,0,0,
WeldingTest_01_OK,147,2022-02-10 09:13:39.415,4,31,30,19.4,38,650,683,692.501,690.0,9.501,2.7592,3.6564,0.7546,정상,0,0,0,
WeldingTest_01_OK,148,2022-02-10 09:13:40.935,4,32,30,19.4,38,650,683,674.916,688.0,8.084,2.1639,3.6564,0.5918,정상,0,0,0,
WeldingTest_01_OK,149,2022-02-10 09:13:44.013,4,33,30,19.4,38,650,683,682.478,690.0,0.522,0.0632,3.6564,0.0173,정상,0,0,0,
WeldingTest_01_OK,150,2022-02-10 09:13:45.757,4,34,30,19.4,38,650,683,682.728,690.0,0.272,0.075,3.6564,0.0205,정상,0,0,0,
WeldingTest_01_OK,151,2022-02-10 09:13:49.225,4,35,30,19.4,38,650,683,682.255,690.0,0.745,0.1534,3.6564,0.0419,정상,0,0,0,
WeldingTest_01_OK,152,2022-02-10 09:13:50.967,4,36,30,19.4,38,650,683,683.854,690.0,0.854,0.1844,3.6564,0.0504,정상,0,0,0,
WeldingTest_01_OK,153,2022-02-10 09:13:52.731,4,37,30,19.4,38,650,683,682.222,688.0,0.778,0.1963,3.6564,0.0537,정상,0,0,0,
WeldingTest_01_OK,154,2022-02-10 09:13:55.683,4,38,30,19.4,38,650,683,684.5,690.0,1.5,0.3301,3.6564,0.0903,정상,0,0,0,
WeldingTest_01_OK,155,2022-02-10 09:13:57.229,4,39,30,19.4,38,650,683,683.106,688.0,0.106,0.056,3.6564,0.0153,정상,0,0,0,
WeldingTest_01_OK,156,2022-02-10 09:15:10.999,5,1,250,241.1,82,1154,1666,1683.977,1682.0,17.977,1.6571,3.6564,0.4532,정상,0,0,0,
WeldingTest_01_OK,157,2022-02-10 09:15:14.271,5,2,250,241.2,83,1670,1692,1701.969,1707.0,9.969,1.2164,3.6564,0.3327,정상,0,0,0,
WeldingTest_01_OK,158,2022-02-10 09:15:17.107,5,3,250,241.1,82,1153,1673,1683.262,1689.0,10.262,1.2555,3.6564,0.3434,정상,0,0,0,
WeldingTest_01_OK,159,2022-02-10 09:15:20.369,5,4,250,241.2,83,1670,1697,1703.03,1712.0,6.03,0.6933,3.6564,0.1896,정상,0,0,0,
WeldingTest_01_OK,160,2022-02-10 09:15:23.107,5,5,250,241.1,82,1154,1677,1674.753,1692.0,2.247,0.2172,3.6564,0.0594,정상,0,0,0,
WeldingTest_01_OK,161,2022-02-10 09:15:26.367,5,6,250,241.2,83,1670,1699,1703.362,1714.0,4.362,0.5114,3.6564,0.1399,정상,0,0,0,
WeldingTest_01_OK,162,2022-02-10 09:15:32.091,5,7,250,241.1,82,1153,1674,1676.898,1690.0,2.898,0.3235,3.6564,0.0885,정상,0,0,0,
WeldingTest_01_OK,163,2022-02-10 09:15:35.385,5,8,250,241.2,83,1670,1699,1704.722,1714.0,5.722,0.6571,3.6564,0.1797,정상,0,0,0,
WeldingTest_01_OK,164,2022-02-10 09:15:38.103,5,9,250,241.1,82,1154,1679,1673.771,1694.0,5.229,0.6125,3.6564,0.1675,정상,0,0,0,
WeldingTest_01_OK,165,2022-02-10 09:15:41.399,5,10,250,241.2,83,1670,1702,1706.369,1717.0,4.369,0.5009,3.6564,0.137,정상,0,0,0,
WeldingTest_01_OK,166,2022-02-10 09:15:44.185,5,11,250,241.1,82,1154,1680,1678.408,1695.0,1.592,0.1665,3.6564,0.0455,정상,0,0,0,
WeldingTest_01_OK,167,2022-02-10 09:15:47.473,5,12,250,241.2,83,1670,1703,1707.29,1718.0,4.29,0.5074,3.6564,0.1388,정상,0,0,0,
WeldingTest_01_OK,168,2022-02-10 09:15:51.959,5,13,30,19.4,38,650,683,691.621,690.0,8.621,2.4303,3.6564,0.6647,정상,0,0,0,
WeldingTest_01_OK,169,2022-02-10 09:15:53.639,5,14,30,19.4,38,650,683,674.414,688.0,8.586,2.3788,3.6564,0.6506,정상,0,0,0,
WeldingTest_01_OK,170,2022-02-10 09:15:56.585,5,15,30,19.4,38,650,683,683.101,688.0,0.101,0.078,3.6564,0.0213,정상,0,0,0,
WeldingTest_01_OK,171,2022-02-10 09:16:00.001,5,16,30,19.4,38,650,683,679.478,688.0,3.522,0.9963,3.6564,0.2725,정상,0,0,0,
WeldingTest_01_OK,172,2022-02-10 09:16:01.743,5,17,30,19.4,38,650,683,685.036,688.0,2.036,0.5638,3.6564,0.1542,정상,0,0,0,
WeldingTest_01_OK,173,2022-02-10 09:16:03.425,5,18,30,19.4,38,650,683,683.207,688.0,0.207,0.0377,3.6564,0.0103,정상,0,0,0,
WeldingTest_01_OK,174,2022-02-10 09:16:23.891,5,19,250,241.1,83,1670,1693,1699.539,1708.0,6.539,0.6527,3.6564,0.1785,정상,0,0,0,
WeldingTest_01_OK,175,2022-02-10 09:16:26.583,5,20,250,241.2,82,1154,1675,1676.286,1692.0,1.286,0.0964,3.6564,0.0264,정상,0,0,0,
WeldingTest_01_OK,176,2022-02-10 09:16:30.095,5,21,250,241.1,83,1670,1698,1710.078,1714.0,12.078,1.4484,3.6564,0.3961,정상,0,0,0,
WeldingTest_01_OK,177,2022-02-10 09:16:32.763,5,22,250,241.2,82,1154,1678,1673.035,1694.0,4.965,0.6083,3.6564,0.1664,정상,0,0,0,
WeldingTest_01_OK,178,2022-02-10 09:16:36.177,5,23,250,241.1,83,1670,1702,1707.365,1717.0,5.365,0.6245,3.6564,0.1708,정상,0,0,0,
WeldingTest_01_OK,179,2022-02-10 09:16:38.845,5,24,250,241.2,82,1154,1680,1674.147,1695.0,5.853,0.6767,3.6564,0.1851,정상,0,0,0,
WeldingTest_01_OK,180,2022-02-10 09:16:45.271,5,25,250,241.1,83,1670,1699,1708.616,1714.0,9.616,1.149,3.6564,0.3142,정상,0,0,0,
WeldingTest_01_OK,181,2022-02-10 09:16:47.887,5,26,250,241.2,82,1154,1680,1673.326,1695.0,6.674,0.8089,3.6564,0.2212,정상,0,0,0,
WeldingTest_01_OK,182,2022-02-10 09:16:51.389,5,27,250,241.1,83,1670,1703,1709.342,1718.0,6.342,0.7508,3.6564,0.2053,정상,0,0,0,
WeldingTest_01_OK,183,2022-02-10 09:16:54.051,5,28,250,241.2,82,1154,1682,1676.386,1697.0,5.614,0.6649,3.6564,0.1818,정상,0,0,0,
WeldingTest_01_OK,184,2022-02-10 09:16:57.505,5,29,250,241.1,83,1670,1704,1710.238,1719.0,6.238,0.7001,3.6564,0.1915,정상,0,0,0,
WeldingTest_01_OK,185,2022-02-10 09:17:00.168,5,30,250,241.2,82,1154,1683,1683.186,1698.0,0.186,0.0142,3.6564,0.0039,정상,0,0,0,
WeldingTest_01_OK,186,2022-02-10 09:17:04.704,5,31,30,19.4,38,650,683,692.587,690.0,9.587,2.7851,3.6564,0.7617,정상,0,0,0,
WeldingTest_01_OK,187,2022-02-10 09:17:06.224,5,32,30,19.4,38,650,683,674.916,688.0,8.084,2.1639,3.6564,0.5918,정상,0,0,0,
WeldingTest_01_OK,188,2022-02-10 09:17:09.328,5,33,30,19.4,38,650,683,684.835,690.0,1.835,0.3168,3.6564,0.0866,정상,0,0,0,
WeldingTest_01_OK,189,2022-02-10 09:17:11.056,5,34,30,19.4,38,650,683,683.531,690.0,0.531,0.0004,3.6564,0.0001,정상,0,0,0,
WeldingTest_01_OK,190,2022-02-10 09:17:14.516,5,35,30,19.4,38,650,683,682.288,690.0,0.712,0.144,3.6564,0.0394,정상,0,0,0,
WeldingTest_01_OK,191,2022-02-10 09:17:16.200,5,36,30,19.4,38,650,683,681.451,690.0,1.549,0.3859,3.6564,0.1056,정상,0,0,0,
WeldingTest_01_OK,192,2022-02-10 09:17:17.936,5,37,30,19.4,38,650,683,683.877,688.0,0.877,0.2251,3.6564,0.0616,정상,0,0,0,
WeldingTest_01_OK,193,2022-02-10 09:17:20.940,5,38,30,19.4,38,650,683,685.553,690.0,2.553,0.635,3.6564,0.1737,정상,0,0,0,
WeldingTest_01_OK,194,2022-02-10 09:17:22.440,5,39,30,19.4,38,650,683,683.213,688.0,0.213,0.0251,3.6564,0.0069,정상,0,0,0,
WeldingTest_01_OK,195,2022-02-10 09:18:09.652,6,1,250,241.1,82,1154,1667,1684.076,1682.0,17.076,1.5515,3.6564,0.4243,정상,0,0,0,
WeldingTest_01_OK,196,2022-02-10 09:18:12.978,6,2,250,241.2,83,1670,1693,1701.937,1707.0,8.937,1.088,3.6564,0.2976,정상,0,0,0,
WeldingTest_01_OK,197,2022-02-10 09:18:15.722,6,3,250,241.1,82,1153,1675,1679.402,1689.0,4.402,0.5069,3.6564,0.1386,정상,0,0,0,
WeldingTest_01_OK,198,2022-02-10 09:18:18.946,6,4,250,241.2,83,1670,1698,1703.051,1712.0,5.051,0.5717,3.6564,0.1563,정상,0,0,0,
WeldingTest_01_OK,199,2022-02-10 09:18:21.700,6,5,250,241.1,82,1154,1678,1679.021,1692.0,1.021,0.0602,3.6564,0.0165,정상,0,0,0,
WeldingTest_01_OK,200,2022-02-10 09:18:25.068,6,6,250,241.2,83,1670,1700,1704.093,1714.0,4.093,0.4781,3.6564,0.1308,정상,0,0,0,
WeldingTest_01_OK,201,2022-02-10 09:18:30.766,6,7,250,241.1,82,1153,1675,1676.863,1690.0,1.863,0.1913,3.6564,0.0523,정상,0,0,0,
WeldingTest_01_OK,202,2022-02-10 09:18:34.008,6,8,250,241.2,83,1670,1700,1704.907,1714.0,4.907,0.5563,3.6564,0.1521,정상,0,0,0,
WeldingTest_01_OK,203,2022-02-10 09:18:36.810,6,9,250,241.1,82,1154,1679,1677.444,1694.0,1.556,0.1434,3.6564,0.0392,정상,0,0,0,
WeldingTest_01_OK,204,2022-02-10 09:18:40.086,6,10,250,241.2,83,1670,1703,1706.375,1717.0,3.375,0.3781,3.6564,0.1034,정상,0,0,0,
WeldingTest_01_OK,205,2022-02-10 09:18:42.954,6,11,250,241.1,82,1154,1682,1680.104,1695.0,1.896,0.2054,3.6564,0.0562,정상,0,0,0,
WeldingTest_01_OK,206,2022-02-10 09:18:46.204,6,12,250,241.2,83,1670,1704,1708.711,1718.0,4.711,0.5594,3.6564,0.153,정상,0,0,0,
WeldingTest_01_OK,207,2022-02-10 09:18:50.726,6,13,30,19.4,38,650,683,691.978,690.0,8.978,2.5365,3.6564,0.6937,정상,0,0,0,
WeldingTest_01_OK,208,2022-02-10 09:18:52.456,6,14,30,19.4,38,650,683,677.958,688.0,5.042,1.3457,3.6564,0.368,정상,0,0,0,
WeldingTest_01_OK,209,2022-02-10 09:18:55.366,6,15,30,19.4,38,650,683,682.594,688.0,0.406,0.0105,3.6564,0.0029,정상,0,0,0,
WeldingTest_01_OK,210,2022-02-10 09:18:58.666,6,16,30,19.4,38,650,683,679.366,688.0,3.634,1.0287,3.6564,0.2814,정상,0,0,0,
WeldingTest_01_OK,211,2022-02-10 09:19:00.332,6,17,30,19.4,38,650,683,685.38,688.0,2.38,0.6631,3.6564,0.1813,정상,0,0,0,
WeldingTest_01_OK,212,2022-02-10 09:19:02.044,6,18,30,19.4,38,650,683,684.19,688.0,1.19,0.3214,3.6564,0.0879,정상,0,0,0,
WeldingTest_01_OK,213,2022-02-10 09:19:23.216,6,19,250,241.1,83,1670,1693,1697.811,1708.0,4.811,0.4539,3.6564,0.1241,정상,0,0,0,
WeldingTest_01_OK,214,2022-02-10 09:19:25.904,6,20,250,241.2,82,1154,1677,1676.286,1692.0,0.714,0.0234,3.6564,0.0064,정상,0,0,0,
WeldingTest_01_OK,215,2022-02-10 09:19:29.364,6,21,250,241.1,83,1670,1699,1710.076,1714.0,11.076,1.3249,3.6564,0.3624,정상,0,0,0,
WeldingTest_01_OK,216,2022-02-10 09:19:32.052,6,22,250,241.2,82,1154,1679,1672.991,1694.0,6.009,0.742,3.6564,0.2029,정상,0,0,0,
WeldingTest_01_OK,217,2022-02-10 09:19:35.478,6,23,250,241.1,83,1670,1702,1707.987,1717.0,5.987,0.7016,3.6564,0.1919,정상,0,0,0,
WeldingTest_01_OK,218,2022-02-10 09:19:38.146,6,24,250,241.2,82,1154,1680,1674.147,1695.0,5.853,0.6767,3.6564,0.1851,정상,0,0,0,
WeldingTest_01_OK,219,2022-02-10 09:19:44.548,6,25,250,241.1,83,1670,1699,1708.616,1714.0,9.616,1.149,3.6564,0.3142,정상,0,0,0,
WeldingTest_01_OK,220,2022-02-10 09:19:47.184,6,26,250,241.2,82,1154,1680,1673.298,1695.0,6.702,0.8125,3.6564,0.2222,정상,0,0,0,
WeldingTest_01_OK,221,2022-02-10 09:19:50.632,6,27,250,241.1,83,1670,1703,1709.156,1718.0,6.156,0.7278,3.6564,0.199,정상,0,0,0,
WeldingTest_01_OK,222,2022-02-10 09:19:53.242,6,28,250,241.2,82,1154,1683,1676.314,1697.0,6.686,0.8026,3.6564,0.2195,정상,0,0,0,
WeldingTest_01_OK,223,2022-02-10 09:19:56.710,6,29,250,241.1,83,1670,1704,1710.758,1719.0,6.758,0.7647,3.6564,0.2091,정상,0,0,0,
WeldingTest_01_OK,224,2022-02-10 09:19:59.352,6,30,250,241.2,82,1154,1684,1683.236,1698.0,0.764,0.0601,3.6564,0.0164,정상,0,0,0,
WeldingTest_01_OK,225,2022-02-10 09:20:03.818,6,31,30,19.4,38,650,683,692.501,690.0,9.501,2.7592,3.6564,0.7546,정상,0,0,0,
WeldingTest_01_OK,226,2022-02-10 09:20:05.332,6,32,30,19.4,38,650,683,674.916,688.0,8.084,2.1639,3.6564,0.5918,정상,0,0,0,
WeldingTest_01_OK,227,2022-02-10 09:20:08.426,6,33,30,19.4,38,650,683,684.814,690.0,1.814,0.3107,3.6564,0.085,정상,0,0,0,
WeldingTest_01_OK,228,2022-02-10 09:20:10.158,6,34,30,19.4,38,650,683,683.491,690.0,0.491,0.0114,3.6564,0.0031,정상,0,0,0,
WeldingTest_01_OK,229,2022-02-10 09:20:13.612,6,35,30,19.4,38,650,683,682.206,690.0,0.794,0.1677,3.6564,0.0459,정상,0,0,0,
WeldingTest_01_OK,230,2022-02-10 09:20:15.308,6,36,30,19.4,38,650,683,683.598,690.0,0.598,0.1101,3.6564,0.0301,정상,0,0,0,
WeldingTest_01_OK,231,2022-02-10 09:20:17.034,6,37,30,19.4,38,650,683,685.44,688.0,2.44,0.676,3.6564,0.1849,정상,0,0,0,
WeldingTest_01_OK,232,2022-02-10 09:20:20.018,6,38,30,19.4,38,650,683,685.553,690.0,2.553,0.635,3.6564,0.1737,정상,0,0,0,
WeldingTest_01_OK,233,2022-02-10 09:20:21.508,6,39,30,19.4,38,650,683,683.255,688.0,0.255,0.013,3.6564,0.0036,정상,0,0,0,
WeldingTest_01_OK,234,2022-02-10 09:27:26.935,7,1,250,241.1,82,1154,1662,1682.847,1682.0,20.847,1.9937,3.6564,0.5453,정상,0,0,0,
WeldingTest_01_OK,235,2022-02-10 09:27:30.169,7,2,250,241.2,83,1670,1688,1702.203,1707.0,14.203,1.7434,3.6564,0.4768,정상,0,0,0,
WeldingTest_01_OK,236,2022-02-10 09:27:33.009,7,3,250,241.1,82,1153,1669,1683.202,1689.0,14.202,1.7588,3.6564,0.481,정상,0,0,0,
WeldingTest_01_OK,237,2022-02-10 09:27:36.397,7,4,250,241.2,83,1670,1693,1702.753,1712.0,9.753,1.1561,3.6564,0.3162,정상,0,0,0,
WeldingTest_01_OK,238,2022-02-10 09:27:39.215,7,5,250,241.1,82,1154,1673,1679.089,1692.0,6.089,0.7094,3.6564,0.194,정상,0,0,0,
WeldingTest_01_OK,239,2022-02-10 09:27:42.445,7,6,250,241.2,83,1670,1695,1703.383,1714.0,8.383,1.0111,3.6564,0.2765,정상,0,0,0,
WeldingTest_01_OK,240,2022-02-10 09:27:48.263,7,7,250,241.1,82,1153,1670,1676.898,1690.0,6.898,0.8344,3.6564,0.2282,정상,0,0,0,
WeldingTest_01_OK,241,2022-02-10 09:27:51.469,7,8,250,241.2,83,1670,1695,1704.99,1714.0,9.99,1.1854,3.6564,0.3242,정상,0,0,0,
WeldingTest_01_OK,242,2022-02-10 09:27:54.187,7,9,250,241.1,82,1154,1677,1673.724,1694.0,3.276,0.3629,3.6564,0.0993,정상,0,0,0,
WeldingTest_01_OK,243,2022-02-10 09:27:57.471,7,10,250,241.2,83,1670,1699,1704.639,1717.0,5.639,0.6581,3.6564,0.18,정상,0,0,0,
WeldingTest_01_OK,244,2022-02-10 09:28:00.299,7,11,250,241.1,82,1154,1678,1677.294,1695.0,0.706,0.053,3.6564,0.0145,정상,0,0,0,
WeldingTest_01_OK,245,2022-02-10 09:28:03.563,7,12,250,241.2,83,1670,1700,1705.707,1718.0,5.707,0.6828,3.6564,0.1867,정상,0,0,0,
WeldingTest_01_OK,246,2022-02-10 09:28:08.149,7,13,30,19.4,38,650,682,689.737,690.0,7.737,2.1668,3.6564,0.5926,정상,0,0,0,
WeldingTest_01_OK,247,2022-02-10 09:28:09.853,7,14,30,19.4,38,650,682,677.797,688.0,4.203,1.1011,3.6564,0.3011,정상,0,0,0,
WeldingTest_01_OK,248,2022-02-10 09:28:12.747,7,15,30,19.4,38,650,682,682.63,688.0,0.63,0.0754,3.6564,0.0206,정상,0,0,0,
WeldingTest_01_OK,249,2022-02-10 09:28:16.051,7,16,30,19.4,38,650,682,679.478,688.0,2.522,0.7055,3.6564,0.193,정상,0,0,0,
WeldingTest_01_OK,250,2022-02-10 09:28:17.729,7,17,30,19.4,38,650,682,684.655,688.0,2.655,0.7423,3.6564,0.203,정상,0,0,0,
WeldingTest_01_OK,251,2022-02-10 09:28:19.431,7,18,30,19.4,38,650,682,684.495,688.0,2.495,0.6979,3.6564,0.1909,정상,0,0,0,
WeldingTest_01_OK,252,2022-02-10 09:28:40.075,7,19,250,241.1,83,1670,1690,1697.964,1708.0,7.964,0.8165,3.6564,0.2233,정상,0,0,0,
WeldingTest_01_OK,253,2022-02-10 09:28:42.711,7,20,250,241.2,82,1154,1674,1676.346,1692.0,2.346,0.2318,3.6564,0.0634,정상,0,0,0,
WeldingTest_01_OK,254,2022-02-10 09:28:46.159,7,21,250,241.1,83,1670,1697,1709.868,1714.0,12.868,1.5457,3.6564,0.4227,정상,0,0,0,
WeldingTest_01_OK,255,2022-02-10 09:28:48.761,7,22,250,241.2,82,1154,1677,1672.955,1694.0,4.045,0.4906,3.6564,0.1342,정상,0,0,0,
WeldingTest_01_OK,256,2022-02-10 09:28:52.187,7,23,250,241.1,83,1670,1699,1706.634,1717.0,7.634,0.906,3.6564,0.2478,정상,0,0,0,
WeldingTest_01_OK,257,2022-02-10 09:28:54.907,7,24,250,241.2,82,1154,1679,1672.624,1695.0,6.376,0.7439,3.6564,0.2035,정상,0,0,0,
WeldingTest_01_OK,258,2022-02-10 09:29:01.321,7,25,250,241.1,83,1670,1698,1707.821,1714.0,9.821,1.1744,3.6564,0.3212,정상,0,0,0,
WeldingTest_01_OK,259,2022-02-10 09:29:03.957,7,26,250,241.2,82,1154,1679,1673.294,1695.0,5.706,0.6847,3.6564,0.1873,정상,0,0,0,
WeldingTest_01_OK,260,2022-02-10 09:29:07.385,7,27,250,241.1,83,1670,1702,1708.352,1718.0,6.352,0.7521,3.6564,0.2057,정상,0,0,0,
WeldingTest_01_OK,261,2022-02-10 09:29:10.063,7,28,250,241.2,82,1154,1682,1674.426,1697.0,7.574,0.9167,3.6564,0.2507,정상,0,0,0,
WeldingTest_01_OK,262,2022-02-10 09:29:13.529,7,29,250,241.1,83,1670,1703,1710.297,1719.0,7.297,0.8316,3.6564,0.2274,정상,0,0,0,
WeldingTest_01_OK,263,2022-02-10 09:29:16.171,7,30,250,241.2,82,1154,1683,1676.414,1698.0,6.586,0.808,3.6564,0.221,정상,0,0,0,
WeldingTest_01_OK,264,2022-02-10 09:29:20.583,7,31,30,19.4,38,650,683,692.501,690.0,9.501,2.7592,3.6564,0.7546,정상,0,0,0,
WeldingTest_01_OK,265,2022-02-10 09:29:22.223,7,32,30,19.4,38,650,682,675.041,688.0,6.959,1.836,3.6564,0.5021,정상,0,0,0,
WeldingTest_01_OK,266,2022-02-10 09:29:25.305,7,33,30,19.4,38,650,683,682.478,690.0,0.522,0.0632,3.6564,0.0173,정상,0,0,0,
WeldingTest_01_OK,267,2022-02-10 09:29:27.029,7,34,30,19.4,38,650,682,683.577,690.0,1.577,0.3039,3.6564,0.0831,정상,0,0,0,
WeldingTest_01_OK,268,2022-02-10 09:29:30.511,7,35,30,19.4,38,650,683,681.866,690.0,1.134,0.266,3.6564,0.0728,정상,0,0,0,
WeldingTest_01_OK,269,2022-02-10 09:29:32.225,7,36,30,19.4,38,650,683,684.419,690.0,1.419,0.3482,3.6564,0.0952,정상,0,0,0,
WeldingTest_01_OK,270,2022-02-10 09:29:33.919,7,37,30,19.4,38,650,682,685.654,688.0,3.654,1.0265,3.6564,0.2807,정상,0,0,0,
WeldingTest_01_OK,271,2022-02-10 09:29:36.935,7,38,30,19.4,38,650,683,685.204,690.0,2.204,0.5341,3.6564,0.1461,정상,0,0,0,
WeldingTest_01_OK,272,2022-02-10 09:29:38.439,7,39,30,19.4,38,650,682,683.213,688.0,1.213,0.264,3.6564,0.0722,정상,0,0,0,
WeldingTest_01_OK,273,2022-02-10 09:30:26.855,8,1,250,241.1,82,1154,1667,1683.977,1682.0,16.977,1.5398,3.6564,0.4211,정상,0,0,0,
WeldingTest_01_OK,274,2022-02-10 09:30:30.091,8,2,250,241.2,83,1670,1693,1702.203,1707.0,9.203,1.1211,3.6564,0.3066,정상,0,0,0,
WeldingTest_01_OK,275,2022-02-10 09:30:32.927,8,3,250,241.1,82,1153,1674,1683.294,1689.0,9.294,1.1319,3.6564,0.3096,정상,0,0,0,
WeldingTest_01_OK,276,2022-02-10 09:30:36.153,8,4,250,241.2,83,1670,1698,1703.051,1712.0,5.051,0.5717,3.6564,0.1563,정상,0,0,0,
WeldingTest_01_OK,277,2022-02-10 09:30:38.897,8,5,250,241.1,82,1154,1677,1674.731,1692.0,2.269,0.2201,3.6564,0.0602,정상,0,0,0,
WeldingTest_01_OK,278,2022-02-10 09:30:42.135,8,6,250,241.2,83,1670,1700,1703.364,1714.0,3.364,0.3874,3.6564,0.1059,정상,0,0,0,
WeldingTest_01_OK,279,2022-02-10 09:30:47.863,8,7,250,241.1,82,1153,1675,1676.898,1690.0,1.898,0.1958,3.6564,0.0536,정상,0,0,0,
WeldingTest_01_OK,280,2022-02-10 09:30:51.173,8,8,250,241.2,83,1670,1699,1704.72,1714.0,5.72,0.6569,3.6564,0.1797,정상,0,0,0,
WeldingTest_01_OK,281,2022-02-10 09:30:53.969,8,9,250,241.1,82,1154,1679,1677.445,1694.0,1.555,0.1432,3.6564,0.0392,정상,0,0,0,
WeldingTest_01_OK,282,2022-02-10 09:30:57.403,8,10,250,241.2,83,1670,1702,1705.555,1717.0,3.555,0.4003,3.6564,0.1095,정상,0,0,0,
WeldingTest_01_OK,283,2022-02-10 09:31:00.193,8,11,250,241.1,82,1154,1680,1678.408,1695.0,1.592,0.1665,3.6564,0.0455,정상,0,0,0,
WeldingTest_01_OK,284,2022-02-10 09:31:03.423,8,12,250,241.2,83,1670,1704,1707.317,1718.0,3.317,0.3868,3.6564,0.1058,정상,0,0,0,
WeldingTest_01_OK,285,2022-02-10 09:31:07.938,8,13,30,19.4,38,650,683,691.978,690.0,8.978,2.5365,3.6564,0.6937,정상,0,0,0,
WeldingTest_01_OK,286,2022-02-10 09:31:09.628,8,14,30,19.4,38,650,683,676.309,688.0,6.691,1.8262,3.6564,0.4995,정상,0,0,0,
WeldingTest_01_OK,287,2022-02-10 09:31:12.572,8,15,30,19.4,38,650,683,683.101,688.0,0.101,0.078,3.6564,0.0213,정상,0,0,0,
WeldingTest_01_OK,288,2022-02-10 09:31:15.964,8,16,30,19.4,38,650,683,679.478,688.0,3.522,0.9963,3.6564,0.2725,정상,0,0,0,
WeldingTest_01_OK,289,2022-02-10 09:31:17.716,8,17,30,19.4,38,650,683,683.409,688.0,0.409,0.0947,3.6564,0.0259,정상,0,0,0,
WeldingTest_01_OK,290,2022-02-10 09:31:19.440,8,18,30,19.4,38,650,683,684.296,688.0,1.296,0.352,3.6564,0.0963,정상,0,0,0,
WeldingTest_01_OK,291,2022-02-10 09:31:40.248,8,19,250,241.1,83,1670,1693,1697.964,1708.0,4.964,0.4714,3.6564,0.1289,정상,0,0,0,
WeldingTest_01_OK,292,2022-02-10 09:31:42.978,8,20,250,241.2,82,1154,1675,1676.251,1692.0,1.251,0.092,3.6564,0.0251,정상,0,0,0,
WeldingTest_01_OK,293,2022-02-10 09:31:46.450,8,21,250,241.1,83,1670,1699,1710.076,1714.0,11.076,1.3249,3.6564,0.3624,정상,0,0,0,
WeldingTest_01_OK,294,2022-02-10 09:31:49.020,8,22,250,241.2,82,1154,1679,1673.028,1694.0,5.972,0.7372,3.6564,0.2016,정상,0,0,0,
WeldingTest_01_OK,295,2022-02-10 09:31:52.472,8,23,250,241.1,83,1670,1702,1708.112,1717.0,6.112,0.717,3.6564,0.1961,정상,0,0,0,
WeldingTest_01_OK,296,2022-02-10 09:31:55.118,8,24,250,241.2,82,1154,1682,1674.147,1695.0,7.853,0.9336,3.6564,0.2553,정상,0,0,0,
WeldingTest_01_OK,297,2022-02-10 09:32:01.668,8,25,250,241.1,83,1670,1699,1709.654,1714.0,10.654,1.2779,3.6564,0.3495,정상,0,0,0,
WeldingTest_01_OK,298,2022-02-10 09:32:04.442,8,26,250,241.2,82,1154,1680,1678.106,1695.0,1.894,0.1951,3.6564,0.0534,정상,0,0,0,
WeldingTest_01_OK,299,2022-02-10 09:32:07.886,8,27,250,241.1,83,1670,1703,1709.156,1718.0,6.156,0.7278,3.6564,0.199,정상,0,0,0,
WeldingTest_01_OK,300,2022-02-10 09:32:10.650,8,28,250,241.2,82,1154,1682,1681.046,1697.0,0.954,0.0663,3.6564,0.0181,정상,0,0,0,
WeldingTest_01_OK,301,2022-02-10 09:32:14.100,8,29,250,241.1,83,1670,1704,1710.214,1719.0,6.214,0.6971,3.6564,0.1907,정상,0,0,0,
WeldingTest_01_OK,302,2022-02-10 09:32:16.776,8,30,250,241.2,82,1154,1683,1683.184,1698.0,0.184,0.0143,3.6564,0.0039,정상,0,0,0,
WeldingTest_01_OK,303,2022-02-10 09:32:21.206,8,31,30,19.4,38,650,683,692.501,690.0,9.501,2.7592,3.6564,0.7546,정상,0,0,0,
WeldingTest_01_OK,304,2022-02-10 09:32:22.720,8,32,30,19.4,38,650,683,674.916,688.0,8.084,2.1639,3.6564,0.5918,정상,0,0,0,
WeldingTest_01_OK,305,2022-02-10 09:32:25.790,8,33,30,19.4,38,650,683,682.887,690.0,0.113,0.1815,3.6564,0.0496,정상,0,0,0,
WeldingTest_01_OK,306,2022-02-10 09:32:27.578,8,34,30,19.4,38,650,683,680.027,690.0,2.973,0.7093,3.6564,0.194,정상,0,0,0,
WeldingTest_01_OK,307,2022-02-10 09:32:31.088,8,35,30,19.4,38,650,683,681.94,690.0,1.06,0.2446,3.6564,0.0669,정상,0,0,0,
WeldingTest_01_OK,308,2022-02-10 09:32:32.804,8,36,30,19.4,38,650,683,684.471,690.0,1.471,0.3633,3.6564,0.0994,정상,0,0,0,
WeldingTest_01_OK,309,2022-02-10 09:32:34.520,8,37,30,19.4,38,650,683,685.472,688.0,2.472,0.6852,3.6564,0.1874,정상,0,0,0,
WeldingTest_01_OK,310,2022-02-10 09:32:37.526,8,38,30,19.4,38,650,683,685.553,690.0,2.553,0.635,3.6564,0.1737,정상,0,0,0,
WeldingTest_01_OK,311,2022-02-10 09:32:39.026,8,39,30,19.4,38,650,683,683.213,688.0,0.213,0.0251,3.6564,0.0069,정상,0,0,0,
WeldingTest_01_OK,312,2022-02-10 09:38:38.479,9,1,250,241.1,82,1154,1662,1682.847,1682.0,20.847,1.9937,3.6564,0.5453,정상,0,0,0,
WeldingTest_01_OK,313,2022-02-10 09:38:41.739,9,2,250,241.2,83,1670,1688,1702.201,1707.0,14.201,1.7432,3.6564,0.4767,정상,0,0,0,
WeldingTest_01_OK,314,2022-02-10 09:38:44.493,9,3,250,241.1,82,1153,1669,1682.94,1689.0,13.94,1.7254,3.6564,0.4719,정상,0,0,0,
WeldingTest_01_OK,315,2022-02-10 09:38:47.749,9,4,250,241.2,83,1670,1693,1703.032,1712.0,10.032,1.1908,3.6564,0.3257,정상,0,0,0,
WeldingTest_01_OK,316,2022-02-10 09:38:50.505,9,5,250,241.1,82,1154,1673,1679.053,1692.0,6.053,0.7048,3.6564,0.1927,정상,0,0,0,
WeldingTest_01_OK,317,2022-02-10 09:38:53.765,9,6,250,241.2,83,1670,1695,1703.362,1714.0,8.362,1.0084,3.6564,0.2758,정상,0,0,0,
WeldingTest_01_OK,318,2022-02-10 09:38:59.537,9,7,250,241.1,82,1153,1670,1676.898,1690.0,6.898,0.8344,3.6564,0.2282,정상,0,0,0,
WeldingTest_01_OK,319,2022-02-10 09:39:02.765,9,8,250,241.2,83,1670,1695,1704.977,1714.0,9.977,1.1839,3.6564,0.3238,정상,0,0,0,
WeldingTest_01_OK,320,2022-02-10 09:39:05.647,9,9,250,241.1,82,1154,1675,1678.034,1694.0,3.034,0.332,3.6564,0.0908,정상,0,0,0,
WeldingTest_01_OK,321,2022-02-10 09:39:08.851,9,10,250,241.2,83,1670,1698,1704.904,1717.0,6.904,0.8145,3.6564,0.2228,정상,0,0,0,
WeldingTest_01_OK,322,2022-02-10 09:39:11.575,9,11,250,241.1,82,1154,1678,1673.131,1695.0,4.869,0.5865,3.6564,0.1604,정상,0,0,0,
WeldingTest_01_OK,323,2022-02-10 09:39:14.845,9,12,250,241.2,83,1670,1700,1705.699,1718.0,5.699,0.6818,3.6564,0.1865,정상,0,0,0,
WeldingTest_01_OK,324,2022-02-10 09:39:19.327,9,13,30,19.4,38,650,682,689.702,690.0,7.702,2.1564,3.6564,0.5898,정상,0,0,0,
WeldingTest_01_OK,325,2022-02-10 09:39:21.029,9,14,30,19.4,38,650,682,677.797,688.0,4.203,1.1011,3.6564,0.3011,정상,0,0,0,
WeldingTest_01_OK,326,2022-02-10 09:39:23.979,9,15,30,19.4,38,650,682,683.101,688.0,1.101,0.2118,3.6564,0.0579,정상,0,0,0,
WeldingTest_01_OK,327,2022-02-10 09:39:27.391,9,16,30,19.4,38,650,682,679.478,688.0,2.522,0.7055,3.6564,0.193,정상,0,0,0,
WeldingTest_01_OK,328,2022-02-10 09:39:29.111,9,17,30,19.4,38,650,682,687.943,688.0,5.943,1.6902,3.6564,0.4623,정상,0,0,0,
WeldingTest_01_OK,329,2022-02-10 09:39:30.799,9,18,30,19.4,38,650,682,683.207,688.0,1.207,0.3263,3.6564,0.0892,정상,0,0,0,
WeldingTest_01_OK,330,2022-02-10 09:39:51.633,9,19,250,241.1,83,1670,1690,1697.964,1708.0,7.964,0.8165,3.6564,0.2233,정상,0,0,0,
WeldingTest_01_OK,331,2022-02-10 09:39:54.349,9,20,250,241.2,82,1154,1673,1676.27,1692.0,3.27,0.3497,3.6564,0.0957,정상,0,0,0,
WeldingTest_01_OK,332,2022-02-10 09:39:57.719,9,21,250,241.1,83,1670,1697,1709.887,1714.0,12.887,1.548,3.6564,0.4234,정상,0,0,0,
WeldingTest_01_OK,333,2022-02-10 09:40:00.333,9,22,250,241.2,82,1154,1678,1672.946,1694.0,5.054,0.6197,3.6564,0.1695,정상,0,0,0,
WeldingTest_01_OK,334,2022-02-10 09:40:03.783,9,23,250,241.1,83,1670,1699,1707.348,1717.0,8.348,0.9945,3.6564,0.272,정상,0,0,0,
WeldingTest_01_OK,335,2022-02-10 09:40:06.437,9,24,250,241.2,82,1154,1679,1672.654,1695.0,6.346,0.7401,3.6564,0.2024,정상,0,0,0,
WeldingTest_01_OK,336,2022-02-10 09:40:12.815,9,25,250,241.1,83,1670,1698,1707.784,1714.0,9.784,1.1699,3.6564,0.32,정상,0,0,0,
WeldingTest_01_OK,337,2022-02-10 09:40:15.423,9,26,250,241.2,82,1154,1679,1673.322,1695.0,5.678,0.681,3.6564,0.1863,정상,0,0,0,
WeldingTest_01_OK,338,2022-02-10 09:40:18.875,9,27,250,241.1,83,1670,1702,1708.345,1718.0,6.345,0.7512,3.6564,0.2054,정상,0,0,0,
WeldingTest_01_OK,339,2022-02-10 09:40:21.527,9,28,250,241.2,82,1154,1680,1674.433,1697.0,5.567,0.6588,3.6564,0.1802,정상,0,0,0,
WeldingTest_01_OK,340,2022-02-10 09:40:25.047,9,29,250,241.1,83,1670,1703,1709.306,1719.0,6.306,0.7086,3.6564,0.1938,정상,0,0,0,
WeldingTest_01_OK,341,2022-02-10 09:40:27.633,9,30,250,241.2,82,1154,1682,1676.31,1698.0,5.69,0.6929,3.6564,0.1895,정상,0,0,0,
WeldingTest_01_OK,342,2022-02-10 09:40:32.099,9,31,30,19.4,38,650,683,692.501,690.0,9.501,2.7592,3.6564,0.7546,정상,0,0,0,
WeldingTest_01_OK,343,2022-02-10 09:40:33.597,9,32,30,19.4,38,650,682,675.002,688.0,6.998,1.8473,3.6564,0.5052,정상,0,0,0,
WeldingTest_01_OK,344,2022-02-10 09:40:36.685,9,33,30,19.4,38,650,683,684.814,690.0,1.814,0.3107,3.6564,0.085,정상,0,0,0,
WeldingTest_01_OK,345,2022-02-10 09:40:38.479,9,34,30,19.4,38,650,683,680.027,690.0,2.973,0.7093,3.6564,0.194,정상,0,0,0,
WeldingTest_01_OK,346,2022-02-10 09:40:42.017,9,35,30,19.4,38,650,683,681.94,690.0,1.06,0.2446,3.6564,0.0669,정상,0,0,0,
WeldingTest_01_OK,347,2022-02-10 09:40:43.745,9,36,30,19.4,38,650,683,684.439,690.0,1.439,0.3541,3.6564,0.0968,정상,0,0,0,
WeldingTest_01_OK,348,2022-02-10 09:40:45.425,9,37,30,19.4,38,650,682,683.965,688.0,1.965,0.5391,3.6564,0.1474,정상,0,0,0,
WeldingTest_01_OK,349,2022-02-10 09:40:48.437,9,38,30,19.4,38,650,683,685.204,690.0,2.204,0.5341,3.6564,0.1461,정상,0,0,0,
WeldingTest_01_OK,350,2022-02-10 09:40:49.899,9,39,30,19.4,38,650,682,683.255,688.0,1.255,0.276,3.6564,0.0755,정상,0,0,0,
WeldingTest_01_OK,351,2022-02-10 09:49:02.870,10,1,250,241.1,82,1154,1662,1682.847,1682.0,20.847,1.9937,3.6564,0.5453,정상,0,0,0,
WeldingTest_01_OK,352,2022-02-10 09:49:06.252,10,2,250,241.2,83,1670,1687,1701.931,1707.0,14.931,1.834,3.6564,0.5016,정상,0,0,0,
WeldingTest_01_OK,353,2022-02-10 09:49:09.114,10,3,250,241.1,82,1153,1669,1683.098,1689.0,14.098,1.7456,3.6564,0.4774,정상,0,0,0,
WeldingTest_01_OK,354,2022-02-10 09:49:12.440,10,4,250,241.2,83,1670,1692,1702.759,1712.0,10.759,1.2811,3.6564,0.3504,정상,0,0,0,
WeldingTest_01_OK,355,2022-02-10 09:49:15.182,10,5,250,241.1,82,1154,1673,1674.791,1692.0,1.791,0.1588,3.6564,0.0434,정상,0,0,0,
WeldingTest_01_OK,356,2022-02-10 09:49:18.444,10,6,250,241.2,83,1670,1695,1703.362,1714.0,8.362,1.0084,3.6564,0.2758,정상,0,0,0,
WeldingTest_01_OK,357,2022-02-10 09:49:24.150,10,7,250,241.1,82,1153,1671,1676.863,1690.0,5.863,0.7022,3.6564,0.192,정상,0,0,0,
WeldingTest_01_OK,358,2022-02-10 09:49:27.380,10,8,250,241.2,83,1670,1695,1704.977,1714.0,9.977,1.1839,3.6564,0.3238,정상,0,0,0,
WeldingTest_01_OK,359,2022-02-10 09:49:30.214,10,9,250,241.1,82,1154,1675,1678.05,1694.0,3.05,0.3341,3.6564,0.0914,정상,0,0,0,
WeldingTest_01_OK,360,2022-02-10 09:49:33.454,10,10,250,241.2,83,1670,1699,1704.876,1717.0,5.876,0.6874,3.6564,0.188,정상,0,0,0,
WeldingTest_01_OK,361,2022-02-10 09:49:36.332,10,11,250,241.1,82,1154,1677,1677.787,1695.0,0.787,0.0633,3.6564,0.0173,정상,0,0,0,
WeldingTest_01_OK,362,2022-02-10 09:49:39.644,10,12,250,241.2,83,1670,1700,1704.585,1718.0,4.585,0.5439,3.6564,0.1487,정상,0,0,0,
WeldingTest_01_OK,363,2022-02-10 09:49:44.208,10,13,30,19.4,38,650,682,689.737,690.0,7.737,2.1668,3.6564,0.5926,정상,0,0,0,
WeldingTest_01_OK,364,2022-02-10 09:49:45.936,10,14,30,19.4,38,650,682,677.958,688.0,4.042,1.0542,3.6564,0.2883,정상,0,0,0,
WeldingTest_01_OK,365,2022-02-10 09:49:48.872,10,15,30,19.4,38,650,682,682.946,688.0,0.946,0.1667,3.6564,0.0456,정상,0,0,0,
WeldingTest_01_OK,366,2022-02-10 09:49:52.270,10,16,30,19.4,38,650,682,679.478,688.0,2.522,0.7055,3.6564,0.193,정상,0,0,0,
WeldingTest_01_OK,367,2022-02-10 09:49:54.032,10,17,30,19.4,38,650,682,682.349,688.0,0.349,0.0775,3.6564,0.0212,정상,0,0,0,
WeldingTest_01_OK,368,2022-02-10 09:49:55.756,10,18,30,19.4,38,650,682,684.296,688.0,2.296,0.6406,3.6564,0.1752,정상,0,0,0,
WeldingTest_01_OK,369,2022-02-10 09:50:16.826,10,19,250,241.1,83,1670,1690,1697.811,1708.0,7.811,0.799,3.6564,0.2185,정상,0,0,0,
WeldingTest_01_OK,370,2022-02-10 09:50:19.570,10,20,250,241.2,82,1154,1673,1676.246,1692.0,3.246,0.3467,3.6564,0.0948,정상,0,0,0,
WeldingTest_01_OK,371,2022-02-10 09:50:23.058,10,21,250,241.1,83,1670,1697,1710.076,1714.0,13.076,1.5713,3.6564,0.4297,정상,0,0,0,
WeldingTest_01_OK,372,2022-02-10 09:50:25.638,10,22,250,241.2,82,1154,1677,1673.024,1694.0,3.976,0.4818,3.6564,0.1318,정상,0,0,0,
WeldingTest_01_OK,373,2022-02-10 09:50:29.082,10,23,250,241.1,83,1670,1699,1706.634,1717.0,7.634,0.906,3.6564,0.2478,정상,0,0,0,
WeldingTest_01_OK,374,2022-02-10 09:50:31.730,10,24,250,241.2,82,1154,1679,1672.654,1695.0,6.346,0.7401,3.6564,0.2024,정상,0,0,0,
WeldingTest_01_OK,375,2022-02-10 09:50:38.220,10,25,250,241.1,83,1670,1698,1707.821,1714.0,9.821,1.1744,3.6564,0.3212,정상,0,0,0,
WeldingTest_01_OK,376,2022-02-10 09:50:40.934,10,26,250,241.2,82,1154,1679,1673.322,1695.0,5.678,0.6811,3.6564,0.1863,정상,0,0,0,
WeldingTest_01_OK,377,2022-02-10 09:50:44.374,10,27,250,241.1,83,1670,1702,1708.352,1718.0,6.352,0.7521,3.6564,0.2057,정상,0,0,0,
WeldingTest_01_OK,378,2022-02-10 09:50:47.054,10,28,250,241.2,82,1154,1680,1674.426,1697.0,5.574,0.6598,3.6564,0.1805,정상,0,0,0,
WeldingTest_01_OK,379,2022-02-10 09:50:50.502,10,29,250,241.1,83,1670,1703,1709.096,1719.0,6.096,0.6825,3.6564,0.1867,정상,0,0,0,
WeldingTest_01_OK,380,2022-02-10 09:50:53.140,10,30,250,241.2,82,1154,1682,1676.249,1698.0,5.751,0.7006,3.6564,0.1916,정상,0,0,0,
WeldingTest_01_OK,381,2022-02-10 09:50:57.586,10,31,30,19.4,38,650,683,692.501,690.0,9.501,2.7592,3.6564,0.7546,정상,0,0,0,
WeldingTest_01_OK,382,2022-02-10 09:50:59.054,10,32,30,19.4,38,650,682,675.002,688.0,6.998,1.8473,3.6564,0.5052,정상,0,0,0,
WeldingTest_01_OK,383,2022-02-10 09:51:02.072,10,33,30,19.4,38,650,683,684.536,690.0,1.536,0.2303,3.6564,0.063,정상,0,0,0,
WeldingTest_01_OK,384,2022-02-10 09:51:03.866,10,34,30,19.4,38,650,682,680.027,690.0,1.973,0.419,3.6564,0.1146,정상,0,0,0,
WeldingTest_01_OK,385,2022-02-10 09:51:07.370,10,35,30,19.4,38,650,683,681.932,690.0,1.068,0.2471,3.6564,0.0676,정상,0,0,0,
WeldingTest_01_OK,386,2022-02-10 09:51:09.110,10,36,30,19.4,38,650,682,683.128,690.0,1.128,0.2639,3.6564,0.0722,정상,0,0,0,
WeldingTest_01_OK,387,2022-02-10 09:51:10.798,10,37,30,19.4,38,650,682,683.977,688.0,1.977,0.5425,3.6564,0.1484,정상,0,0,0,
WeldingTest_01_OK,388,2022-02-10 09:51:13.792,10,38,30,19.4,38,650,683,685.553,690.0,2.553,0.635,3.6564,0.1737,정상,0,0,0,
WeldingTest_01_OK,389,2022-02-10 09:51:15.324,10,39,30,19.4,38,650,682,683.021,688.0,1.021,0.2086,3.6564,0.057,정상,0,0,0,
WeldingTest_01_OK,390,2022-02-10 09:52:02.078,11,1,250,241.1,82,1154,1667,1684.076,1682.0,17.076,1.5515,3.6564,0.4243,정상,0,0,0,
WeldingTest_01_OK,391,2022-02-10 09:52:05.334,11,2,250,241.2,83,1670,1693,1702.203,1707.0,9.203,1.1211,3.6564,0.3066,정상,0,0,0,
WeldingTest_01_OK,392,2022-02-10 09:52:08.088,11,3,250,241.1,82,1153,1674,1683.189,1689.0,9.189,1.1185,3.6564,0.3059,정상,0,0,0,
WeldingTest_01_OK,393,2022-02-10 09:52:11.470,11,4,250,241.2,83,1670,1698,1702.753,1712.0,4.753,0.5346,3.6564,0.1462,정상,0,0,0,
WeldingTest_01_OK,394,2022-02-10 09:52:14.334,11,5,250,241.1,82,1154,1677,1679.47,1692.0,2.47,0.2458,3.6564,0.0672,정상,0,0,0,
WeldingTest_01_OK,395,2022-02-10 09:52:17.519,11,6,250,241.2,83,1670,1700,1703.396,1714.0,3.396,0.3914,3.6564,0.107,정상,0,0,0,
WeldingTest_01_OK,396,2022-02-10 09:52:23.283,11,7,250,241.1,82,1153,1675,1676.898,1690.0,1.898,0.1958,3.6564,0.0536,정상,0,0,0,
WeldingTest_01_OK,397,2022-02-10 09:52:26.553,11,8,250,241.2,83,1670,1699,1704.722,1714.0,5.722,0.6571,3.6564,0.1797,정상,0,0,0,
WeldingTest_01_OK,398,2022-02-10 09:52:29.419,11,9,250,241.1,82,1154,1679,1678.08,1694.0,0.92,0.0621,3.6564,0.017,정상,0,0,0,
WeldingTest_01_OK,399,2022-02-10 09:52:32.771,11,10,250,241.2,83,1670,1702,1706.314,1717.0,4.314,0.4942,3.6564,0.1352,정상,0,0,0,
WeldingTest_01_OK,400,2022-02-10 09:52:35.613,11,11,250,241.1,82,1154,1680,1679.157,1695.0,0.843,0.0705,3.6564,0.0193,정상,0,0,0,
WeldingTest_01_OK,401,2022-02-10 09:52:38.831,11,12,250,241.2,83,1670,1704,1707.329,1718.0,3.329,0.3883,3.6564,0.1062,정상,0,0,0,
WeldingTest_01_OK,402,2022-02-10 09:52:43.503,11,13,30,19.4,38,650,683,691.991,690.0,8.991,2.5403,3.6564,0.6948,정상,0,0,0,
WeldingTest_01_OK,403,2022-02-10 09:52:45.261,11,14,30,19.4,38,650,683,677.889,688.0,5.111,1.3658,3.6564,0.3735,정상,0,0,0,
WeldingTest_01_OK,404,2022-02-10 09:52:48.231,11,15,30,19.4,38,650,683,685.352,688.0,2.352,0.5742,3.6564,0.157,정상,0,0,0,
WeldingTest_01_OK,405,2022-02-10 09:52:51.549,11,16,30,19.4,38,650,683,679.478,688.0,3.522,0.9963,3.6564,0.2725,정상,0,0,0,
WeldingTest_01_OK,406,2022-02-10 09:52:53.321,11,17,30,19.4,38,650,683,682.453,688.0,0.547,0.1345,3.6564,0.0368,정상,0,0,0,
WeldingTest_01_OK,407,2022-02-10 09:52:55.043,11,18,30,19.4,38,650,683,684.296,688.0,1.296,0.352,3.6564,0.0963,정상,0,0,0,
WeldingTest_01_OK,408,2022-02-10 09:53:15.623,11,19,250,241.1,83,1670,1693,1699.008,1708.0,6.008,0.5915,3.6564,0.1618,정상,0,0,0,
WeldingTest_01_OK,409,2022-02-10 09:53:18.217,11,20,250,241.2,82,1154,1675,1676.395,1692.0,1.395,0.1104,3.6564,0.0302,정상,0,0,0,
WeldingTest_01_OK,410,2022-02-10 09:53:21.637,11,21,250,241.1,83,1670,1699,1709.868,1714.0,10.868,1.2992,3.6564,0.3553,정상,0,0,0,
WeldingTest_01_OK,411,2022-02-10 09:53:24.221,11,22,250,241.2,82,1154,1679,1673.028,1694.0,5.972,0.7372,3.6564,0.2016,정상,0,0,0,
WeldingTest_01_OK,412,2022-02-10 09:53:27.649,11,23,250,241.1,83,1670,1702,1707.987,1717.0,5.987,0.7016,3.6564,0.1919,정상,0,0,0,
WeldingTest_01_OK,413,2022-02-10 09:53:30.265,11,24,250,241.2,82,1154,1682,1674.049,1695.0,7.951,0.9462,3.6564,0.2588,정상,0,0,0,
WeldingTest_01_OK,414,2022-02-10 09:53:36.729,11,25,250,241.1,83,1670,1699,1709.599,1714.0,10.599,1.271,3.6564,0.3476,정상,0,0,0,
WeldingTest_01_OK,415,2022-02-10 09:53:39.387,11,26,250,241.2,82,1154,1680,1673.419,1695.0,6.581,0.797,3.6564,0.218,정상,0,0,0,
WeldingTest_01_OK,416,2022-02-10 09:53:42.879,11,27,250,241.1,83,1670,1703,1709.342,1718.0,6.342,0.7508,3.6564,0.2053,정상,0,0,0,
WeldingTest_01_OK,417,2022-02-10 09:53:45.503,11,28,250,241.2,82,1154,1683,1676.31,1697.0,6.69,0.8032,3.6564,0.2197,정상,0,0,0,
WeldingTest_01_OK,418,2022-02-10 09:53:48.993,11,29,250,241.1,83,1670,1704,1710.756,1719.0,6.756,0.7645,3.6564,0.2091,정상,0,0,0,
WeldingTest_01_OK,419,2022-02-10 09:53:51.643,11,30,250,241.2,82,1154,1684,1683.186,1698.0,0.814,0.0666,3.6564,0.0182,정상,0,0,0,
WeldingTest_01_OK,420,2022-02-10 09:53:55.987,11,31,30,19.4,38,650,683,692.501,690.0,9.501,2.7592,3.6564,0.7546,정상,0,0,0,
WeldingTest_01_OK,421,2022-02-10 09:53:57.499,11,32,30,19.4,38,650,683,674.916,688.0,8.084,2.1639,3.6564,0.5918,정상,0,0,0,
WeldingTest_01_OK,422,2022-02-10 09:54:00.545,11,33,30,19.4,38,650,683,684.15,690.0,1.15,0.1188,3.6564,0.0325,정상,0,0,0,
WeldingTest_01_OK,423,2022-02-10 09:54:02.251,11,34,30,19.4,38,650,683,683.348,690.0,0.348,0.0529,3.6564,0.0145,정상,0,0,0,
WeldingTest_01_OK,424,2022-02-10 09:54:05.807,11,35,30,19.4,38,650,683,681.421,690.0,1.579,0.3949,3.6564,0.108,정상,0,0,0,
WeldingTest_01_OK,425,2022-02-10 09:54:07.515,11,36,30,19.4,38,650,683,683.732,690.0,0.732,0.149,3.6564,0.0407,정상,0,0,0,
WeldingTest_01_OK,426,2022-02-10 09:54:09.231,11,37,30,19.4,38,650,683,685.472,688.0,2.472,0.6852,3.6564,0.1874,정상,0,0,0,
WeldingTest_01_OK,427,2022-02-10 09:54:12.203,11,38,30,19.4,38,650,683,685.529,690.0,2.529,0.6281,3.6564,0.1718,정상,0,0,0,
WeldingTest_01_OK,428,2022-02-10 09:54:13.685,11,39,30,19.4,38,650,682,683.255,688.0,1.255,0.276,3.6564,0.0755,정상,0,0,0,
WeldingTest_01_OK,429,2022-02-10 09:55:01.533,12,1,250,241.1,82,1154,1667,1683.977,1682.0,16.977,1.5398,3.6564,0.4211,정상,0,0,0,
WeldingTest_01_OK,430,2022-02-10 09:55:04.751,12,2,250,241.2,83,1670,1693,1702.229,1707.0,9.229,1.1244,3.6564,0.3075,정상,0,0,0,
WeldingTest_01_OK,431,2022-02-10 09:55:07.593,12,3,250,241.1,82,1153,1674,1683.318,1689.0,9.318,1.135,3.6564,0.3104,정상,0,0,0,
WeldingTest_01_OK,432,2022-02-10 09:55:10.829,12,4,250,241.2,83,1670,1698,1703.032,1712.0,5.032,0.5693,3.6564,0.1557,정상,0,0,0,
WeldingTest_01_OK,433,2022-02-10 09:55:13.605,12,5,250,241.1,82,1154,1678,1678.645,1692.0,0.645,0.0119,3.6564,0.0033,정상,0,0,0,
WeldingTest_01_OK,434,2022-02-10 09:55:16.841,12,6,250,241.2,83,1670,1700,1704.145,1714.0,4.145,0.4845,3.6564,0.1325,정상,0,0,0,
WeldingTest_01_OK,435,2022-02-10 09:55:22.589,12,7,250,241.1,82,1153,1675,1676.898,1690.0,1.898,0.1958,3.6564,0.0536,정상,0,0,0,
WeldingTest_01_OK,436,2022-02-10 09:55:25.847,12,8,250,241.2,83,1670,1700,1704.956,1714.0,4.956,0.5624,3.6564,0.1538,정상,0,0,0,
WeldingTest_01_OK,437,2022-02-10 09:55:28.619,12,9,250,241.1,82,1154,1679,1677.505,1694.0,1.495,0.1356,3.6564,0.0371,정상,0,0,0,
WeldingTest_01_OK,438,2022-02-10 09:55:31.861,12,10,250,241.2,83,1670,1703,1706.388,1717.0,3.388,0.3796,3.6564,0.1038,정상,0,0,0,
WeldingTest_01_OK,439,2022-02-10 09:55:34.699,12,11,250,241.1,82,1154,1682,1680.121,1695.0,1.879,0.2034,3.6564,0.0556,정상,0,0,0,
WeldingTest_01_OK,440,2022-02-10 09:55:37.957,12,12,250,241.2,83,1670,1704,1708.711,1718.0,4.711,0.5594,3.6564,0.153,정상,0,0,0,
WeldingTest_01_OK,441,2022-02-10 09:55:42.517,12,13,30,19.4,38,650,683,692.013,690.0,9.013,2.5469,3.6564,0.6966,정상,0,0,0,
WeldingTest_01_OK,442,2022-02-10 09:55:44.223,12,14,30,19.4,38,650,683,677.273,688.0,5.727,1.5453,3.6564,0.4226,정상,0,0,0,
WeldingTest_01_OK,443,2022-02-10 09:55:47.143,12,15,30,19.4,38,650,683,682.029,688.0,0.971,0.174,3.6564,0.0476,정상,0,0,0,
WeldingTest_01_OK,444,2022-02-10 09:55:50.489,12,16,30,19.4,38,650,683,679.478,688.0,3.522,0.9963,3.6564,0.2725,정상,0,0,0,
WeldingTest_01_OK,445,2022-02-10 09:55:52.217,12,17,30,19.4,38,650,683,687.656,688.0,4.656,1.319,3.6564,0.3607,정상,0,0,0,
WeldingTest_01_OK,446,2022-02-10 09:55:53.935,12,18,30,19.4,38,650,683,684.226,688.0,1.226,0.3317,3.6564,0.0907,정상,0,0,0,
WeldingTest_01_OK,447,2022-02-10 09:56:14.957,12,19,250,241.1,83,1670,1693,1697.811,1708.0,4.811,0.4539,3.6564,0.1241,정상,0,0,0,
WeldingTest_01_OK,448,2022-02-10 09:56:17.767,12,20,250,241.2,82,1154,1675,1680.177,1692.0,5.177,0.5933,3.6564,0.1623,정상,0,0,0,
WeldingTest_01_OK,449,2022-02-10 09:56:21.279,12,21,250,241.1,83,1670,1699,1710.078,1714.0,11.078,1.3252,3.6564,0.3624,정상,0,0,0,
WeldingTest_01_OK,450,2022-02-10 09:56:23.903,12,22,250,241.2,82,1154,1679,1672.94,1694.0,6.06,0.7484,3.6564,0.2047,정상,0,0,0,
WeldingTest_01_OK,451,2022-02-10 09:56:27.359,12,23,250,241.1,83,1670,1702,1708.196,1717.0,6.196,0.7275,3.6564,0.199,정상,0,0,0,
WeldingTest_01_OK,452,2022-02-10 09:56:30.029,12,24,250,241.2,82,1154,1682,1674.13,1695.0,7.87,0.9359,3.6564,0.256,정상,0,0,0,
WeldingTest_01_OK,453,2022-02-10 09:56:36.389,12,25,250,241.1,83,1670,1699,1709.562,1714.0,10.562,1.2665,3.6564,0.3464,정상,0,0,0,
WeldingTest_01_OK,454,2022-02-10 09:56:39.137,12,26,250,241.2,82,1154,1680,1673.275,1695.0,6.725,0.8155,3.6564,0.223,정상,0,0,0,
WeldingTest_01_OK,455,2022-02-10 09:56:42.579,12,27,250,241.1,83,1670,1703,1709.156,1718.0,6.156,0.7278,3.6564,0.199,정상,0,0,0,
WeldingTest_01_OK,456,2022-02-10 09:56:45.265,12,28,250,241.2,82,1154,1682,1676.378,1697.0,5.622,0.6659,3.6564,0.1821,정상,0,0,0,
WeldingTest_01_OK,457,2022-02-10 09:56:48.811,12,29,250,241.1,83,1670,1704,1710.289,1719.0,6.289,0.7065,3.6564,0.1932,정상,0,0,0,
WeldingTest_01_OK,458,2022-02-10 09:56:51.459,12,30,250,241.2,82,1154,1684,1683.186,1698.0,0.814,0.0666,3.6564,0.0182,정상,0,0,0,
WeldingTest_01_OK,459,2022-02-10 09:56:55.893,12,31,30,19.4,38,650,683,692.501,690.0,9.501,2.7592,3.6564,0.7546,정상,0,0,0,
WeldingTest_01_OK,460,2022-02-10 09:56:57.441,12,32,30,19.4,38,650,683,675.0,688.0,8.0,2.1392,3.6564,0.5851,정상,0,0,0,
WeldingTest_01_OK,461,2022-02-10 09:57:00.577,12,33,30,19.4,38,650,683,684.835,690.0,1.835,0.3168,3.6564,0.0866,정상,0,0,0,
WeldingTest_01_OK,462,2022-02-10 09:57:02.379,12,34,30,19.4,38,650,683,680.027,690.0,2.973,0.7093,3.6564,0.194,정상,0,0,0,
WeldingTest_01_OK,463,2022-02-10 09:57:05.891,12,35,30,19.4,38,650,683,681.94,690.0,1.06,0.2446,3.6564,0.0669,정상,0,0,0,
WeldingTest_01_OK,464,2022-02-10 09:57:07.599,12,36,30,19.4,38,650,683,683.732,690.0,0.732,0.149,3.6564,0.0407,정상,0,0,0,
WeldingTest_01_OK,465,2022-02-10 09:57:09.311,12,37,30,19.4,38,650,683,685.419,688.0,2.419,0.6702,3.6564,0.1833,정상,0,0,0,
WeldingTest_01_OK,466,2022-02-10 09:57:12.293,12,38,30,19.4,38,650,683,685.553,690.0,2.553,0.635,3.6564,0.1737,정상,0,0,0,
WeldingTest_01_OK,467,2022-02-10 09:57:13.785,12,39,30,19.4,38,650,683,683.255,688.0,0.255,0.013,3.6564,0.0036,정상,0,0,0,
WeldingTest_01_OK,468,2022-02-10 09:58:01.575,13,1,250,241.1,82,1154,1667,1683.977,1682.0,16.977,1.5398,3.6564,0.4211,정상,0,0,0,
WeldingTest_01_OK,469,2022-02-10 09:58:04.857,13,2,250,241.2,83,1670,1693,1701.969,1707.0,8.969,1.092,3.6564,0.2986,정상,0,0,0,
WeldingTest_01_OK,470,2022-02-10 09:58:07.683,13,3,250,241.1,82,1153,1674,1682.785,1689.0,8.785,1.0668,3.6564,0.2918,정상,0,0,0,
WeldingTest_01_OK,471,2022-02-10 09:58:11.051,13,4,250,241.2,83,1670,1698,1702.753,1712.0,4.753,0.5346,3.6564,0.1462,정상,0,0,0,
WeldingTest_01_OK,472,2022-02-10 09:58:13.925,13,5,250,241.1,82,1154,1678,1679.47,1692.0,1.47,0.1177,3.6564,0.0322,정상,0,0,0,
WeldingTest_01_OK,473,2022-02-10 09:58:17.217,13,6,250,241.2,83,1670,1700,1704.13,1714.0,4.13,0.4826,3.6564,0.132,정상,0,0,0,
WeldingTest_01_OK,474,2022-02-10 09:58:23.019,13,7,250,241.1,82,1153,1675,1676.898,1690.0,1.898,0.1958,3.6564,0.0536,정상,0,0,0,
WeldingTest_01_OK,475,2022-02-10 09:58:26.283,13,8,250,241.2,83,1670,1700,1704.954,1714.0,4.954,0.5621,3.6564,0.1537,정상,0,0,0,
WeldingTest_01_OK,476,2022-02-10 09:58:29.111,13,9,250,241.1,82,1154,1679,1677.586,1694.0,1.414,0.1251,3.6564,0.0342,정상,0,0,0,
WeldingTest_01_OK,477,2022-02-10 09:58:32.471,13,10,250,241.2,83,1670,1702,1706.314,1717.0,4.314,0.4942,3.6564,0.1352,정상,0,0,0,
WeldingTest_01_OK,478,2022-02-10 09:58:35.281,13,11,250,241.1,82,1154,1680,1678.437,1695.0,1.563,0.1628,3.6564,0.0445,정상,0,0,0,
WeldingTest_01_OK,479,2022-02-10 09:58:38.657,13,12,250,241.2,83,1670,1704,1707.224,1718.0,3.224,0.3753,3.6564,0.1026,정상,0,0,0,
WeldingTest_01_OK,480,2022-02-10 09:58:43.445,13,13,30,19.4,38,650,683,691.998,690.0,8.998,2.5425,3.6564,0.6954,정상,0,0,0,
WeldingTest_01_OK,481,2022-02-10 09:58:45.237,13,14,30,19.4,38,650,683,677.732,688.0,5.268,1.4117,3.6564,0.3861,정상,0,0,0,
WeldingTest_01_OK,482,2022-02-10 09:58:48.149,13,15,30,19.4,38,650,683,682.029,688.0,0.971,0.174,3.6564,0.0476,정상,0,0,0,
WeldingTest_01_OK,483,2022-02-10 09:58:51.455,13,16,30,19.4,38,650,683,679.478,688.0,3.522,0.9963,3.6564,0.2725,정상,0,0,0,
WeldingTest_01_OK,484,2022-02-10 09:58:53.241,13,17,30,19.4,38,650,683,682.462,688.0,0.538,0.132,3.6564,0.0361,정상,0,0,0,
WeldingTest_01_OK,485,2022-02-10 09:58:54.915,13,18,30,19.4,38,650,683,682.017,688.0,0.983,0.2614,3.6564,0.0715,정상,0,0,0,
WeldingTest_01_OK,486,2022-02-10 09:59:16.317,13,19,250,241.1,83,1670,1693,1697.805,1708.0,4.805,0.4532,3.6564,0.124,정상,0,0,0,
WeldingTest_01_OK,487,2022-02-10 09:59:18.903,13,20,250,241.2,82,1154,1677,1676.178,1692.0,0.822,0.0371,3.6564,0.0102,정상,0,0,0,
WeldingTest_01_OK,488,2022-02-10 09:59:22.320,13,21,250,241.1,83,1670,1699,1709.868,1714.0,10.868,1.2992,3.6564,0.3553,정상,0,0,0,
WeldingTest_01_OK,489,2022-02-10 09:59:25.042,13,22,250,241.2,82,1154,1679,1672.985,1694.0,6.015,0.7427,3.6564,0.2031,정상,0,0,0,
WeldingTest_01_OK,490,2022-02-10 09:59:28.532,13,23,250,241.1,83,1670,1702,1708.194,1717.0,6.194,0.7273,3.6564,0.1989,정상,0,0,0,
WeldingTest_01_OK,491,2022-02-10 09:59:31.110,13,24,250,241.2,82,1154,1682,1674.139,1695.0,7.861,0.9347,3.6564,0.2556,정상,0,0,0,
WeldingTest_01_OK,492,2022-02-10 09:59:37.560,13,25,250,241.1,83,1670,1699,1709.599,1714.0,10.599,1.271,3.6564,0.3476,정상,0,0,0,
WeldingTest_01_OK,493,2022-02-10 09:59:40.270,13,26,250,241.2,82,1154,1680,1673.326,1695.0,6.674,0.8089,3.6564,0.2212,정상,0,0,0,
WeldingTest_01_OK,494,2022-02-10 09:59:43.778,13,27,250,241.1,83,1670,1703,1709.342,1718.0,6.342,0.7508,3.6564,0.2053,정상,0,0,0,
WeldingTest_01_OK,495,2022-02-10 09:59:46.534,13,28,250,241.2,82,1154,1682,1681.046,1697.0,0.954,0.0663,3.6564,0.0181,정상,0,0,0,
WeldingTest_01_OK,496,2022-02-10 09:59:50.108,13,29,250,241.1,83,1670,1704,1710.289,1719.0,6.289,0.7065,3.6564,0.1932,정상,0,0,0,
WeldingTest_01_OK,497,2022-02-10 09:59:52.832,13,30,250,241.2,82,1154,1683,1683.173,1698.0,0.173,0.0158,3.6564,0.0043,정상,0,0,0,
WeldingTest_01_OK,498,2022-02-10 09:59:57.284,13,31,30,19.4,38,650,683,692.501,690.0,9.501,2.7592,3.6564,0.7546,정상,0,0,0,
WeldingTest_01_OK,499,2022-02-10 09:59:58.800,13,32,30,19.4,38,650,683,674.916,688.0,8.084,2.1639,3.6564,0.5918,정상,0,0,0,
WeldingTest_01_OK,500,2022-02-10 10:00:01.868,13,33,30,19.4,38,650,683,682.887,690.0,0.113,0.1815,3.6564,0.0496,정상,0,0,0,
WeldingTest_01_OK,501,2022-02-10 10:00:03.644,13,34,30,19.4,38,650,683,679.99,690.0,3.01,0.7202,3.6564,0.197,정상,0,0,0,
WeldingTest_01_OK,502,2022-02-10 10:00:07.080,13,35,30,19.4,38,650,683,686.079,690.0,3.079,0.829,3.6564,0.2267,정상,0,0,0,
WeldingTest_01_OK,503,2022-02-10 10:00:08.766,13,36,30,19.4,38,650,683,681.451,690.0,1.549,0.3859,3.6564,0.1056,정상,0,0,0,
WeldingTest_01_OK,504,2022-02-10 10:00:10.518,13,37,30,19.4,38,650,683,683.15,688.0,0.15,0.015,3.6564,0.0041,정상,0,0,0,
WeldingTest_01_OK,505,2022-02-10 10:00:13.492,13,38,30,19.4,38,650,683,685.529,690.0,2.529,0.6281,3.6564,0.1718,정상,0,0,0,
WeldingTest_01_OK,506,2022-02-10 10:00:15.006,13,39,30,19.4,38,650,683,682.97,688.0,0.03,0.078,3.6564,0.0213,정상,0,0,0,
WeldingTest_01_OK,507,2022-02-10 10:01:36.878,14,1,250,241.1,82,1154,1665,1683.977,1682.0,18.977,1.7743,3.6564,0.4853,정상,0,0,0,
WeldingTest_01_OK,508,2022-02-10 10:01:40.234,14,2,250,241.2,83,1670,1690,1701.931,1707.0,11.931,1.4606,3.6564,0.3995,정상,0,0,0,
WeldingTest_01_OK,509,2022-02-10 10:01:42.986,14,3,250,241.1,82,1153,1673,1683.135,1689.0,10.135,1.2393,3.6564,0.3389,정상,0,0,0,
WeldingTest_01_OK,510,2022-02-10 10:01:46.240,14,4,250,241.2,83,1670,1697,1703.032,1712.0,6.032,0.6936,3.6564,0.1897,정상,0,0,0,
WeldingTest_01_OK,511,2022-02-10 10:01:48.968,14,5,250,241.1,82,1154,1677,1674.753,1692.0,2.247,0.2172,3.6564,0.0594,정상,0,0,0,
WeldingTest_01_OK,512,2022-02-10 10:01:52.322,14,6,250,241.2,83,1670,1699,1703.088,1714.0,4.088,0.4774,3.6564,0.1306,정상,0,0,0,
WeldingTest_01_OK,513,2022-02-10 10:01:58.048,14,7,250,241.1,82,1153,1674,1676.898,1690.0,2.898,0.3235,3.6564,0.0885,정상,0,0,0,
WeldingTest_01_OK,514,2022-02-10 10:02:01.386,14,8,250,241.2,83,1670,1698,1704.646,1714.0,6.646,0.7715,3.6564,0.211,정상,0,0,0,
WeldingTest_01_OK,515,2022-02-10 10:02:04.230,14,9,250,241.1,82,1154,1678,1678.1,1694.0,0.1,0.0427,3.6564,0.0117,정상,0,0,0,
WeldingTest_01_OK,516,2022-02-10 10:02:07.440,14,10,250,241.2,83,1670,1702,1705.769,1717.0,3.769,0.4267,3.6564,0.1167,정상,0,0,0,
WeldingTest_01_OK,517,2022-02-10 10:02:10.150,14,11,250,241.1,82,1154,1680,1674.675,1695.0,5.325,0.645,3.6564,0.1764,정상,0,0,0,
WeldingTest_01_OK,518,2022-02-10 10:02:13.458,14,12,250,241.2,83,1670,1703,1707.274,1718.0,4.274,0.5054,3.6564,0.1382,정상,0,0,0,
WeldingTest_01_OK,519,2022-02-10 10:02:17.920,14,13,30,19.4,38,650,683,691.621,690.0,8.621,2.4303,3.6564,0.6647,정상,0,0,0,
WeldingTest_01_OK,520,2022-02-10 10:02:19.612,14,14,30,19.4,38,650,683,677.808,688.0,5.192,1.3895,3.6564,0.38,정상,0,0,0,
WeldingTest_01_OK,521,2022-02-10 10:02:22.538,14,15,30,19.4,38,650,683,681.044,688.0,1.956,0.4595,3.6564,0.1257,정상,0,0,0,
WeldingTest_01_OK,522,2022-02-10 10:02:25.864,14,16,30,19.4,38,650,683,679.478,688.0,3.522,0.9963,3.6564,0.2725,정상,0,0,0,
WeldingTest_01_OK,523,2022-02-10 10:02:27.610,14,17,30,19.4,38,650,683,685.036,688.0,2.036,0.5638,3.6564,0.1542,정상,0,0,0,
WeldingTest_01_OK,524,2022-02-10 10:02:29.346,14,18,30,19.4,38,650,683,683.942,688.0,0.942,0.2498,3.6564,0.0683,정상,0,0,0,
WeldingTest_01_OK,525,2022-02-10 10:02:50.404,14,19,250,241.1,83,1670,1693,1697.811,1708.0,4.811,0.4539,3.6564,0.1241,정상,0,0,0,
WeldingTest_01_OK,526,2022-02-10 10:02:53.124,14,20,250,241.2,82,1154,1675,1676.28,1692.0,1.28,0.0957,3.6564,0.0262,정상,0,0,0,
WeldingTest_01_OK,527,2022-02-10 10:02:56.558,14,21,250,241.1,83,1670,1699,1709.868,1714.0,10.868,1.2992,3.6564,0.3553,정상,0,0,0,
WeldingTest_01_OK,528,2022-02-10 10:02:59.258,14,22,250,241.2,82,1154,1678,1672.985,1694.0,5.015,0.6147,3.6564,0.1681,정상,0,0,0,
WeldingTest_01_OK,529,2022-02-10 10:03:02.772,14,23,250,241.1,83,1670,1700,1707.579,1717.0,7.579,0.8991,3.6564,0.2459,정상,0,0,0,
WeldingTest_01_OK,530,2022-02-10 10:03:05.452,14,24,250,241.2,82,1154,1680,1672.635,1695.0,7.365,0.8709,3.6564,0.2382,정상,0,0,0,
WeldingTest_01_OK,531,2022-02-10 10:03:11.950,14,25,250,241.1,83,1670,1699,1708.616,1714.0,9.616,1.149,3.6564,0.3142,정상,0,0,0,
WeldingTest_01_OK,532,2022-02-10 10:03:14.636,14,26,250,241.2,82,1154,1679,1673.385,1695.0,5.615,0.673,3.6564,0.184,정상,0,0,0,
WeldingTest_01_OK,533,2022-02-10 10:03:18.050,14,27,250,241.1,83,1670,1703,1708.352,1718.0,5.352,0.628,3.6564,0.1717,정상,0,0,0,
WeldingTest_01_OK,534,2022-02-10 10:03:20.838,14,28,250,241.2,82,1154,1682,1680.965,1697.0,1.035,0.0767,3.6564,0.021,정상,0,0,0,
WeldingTest_01_OK,535,2022-02-10 10:03:24.294,14,29,250,241.1,83,1670,1704,1710.297,1719.0,6.297,0.7075,3.6564,0.1935,정상,0,0,0,
WeldingTest_01_OK,536,2022-02-10 10:03:26.910,14,30,250,241.2,82,1154,1683,1683.125,1698.0,0.125,0.0219,3.6564,0.006,정상,0,0,0,
WeldingTest_01_OK,537,2022-02-10 10:03:31.396,14,31,30,19.4,38,650,683,692.501,690.0,9.501,2.7592,3.6564,0.7546,정상,0,0,0,
WeldingTest_01_OK,538,2022-02-10 10:03:32.892,14,32,30,19.4,38,650,683,675.002,688.0,7.998,2.1386,3.6564,0.5849,정상,0,0,0,
WeldingTest_01_OK,539,2022-02-10 10:03:35.994,14,33,30,19.4,38,650,683,684.835,690.0,1.835,0.3168,3.6564,0.0866,정상,0,0,0,
WeldingTest_01_OK,540,2022-02-10 10:03:37.728,14,34,30,19.4,38,650,683,683.491,690.0,0.491,0.0114,3.6564,0.0031,정상,0,0,0,
WeldingTest_01_OK,541,2022-02-10 10:03:41.206,14,35,30,19.4,38,650,683,681.612,690.0,1.388,0.3396,3.6564,0.0929,정상,0,0,0,
WeldingTest_01_OK,542,2022-02-10 10:03:42.938,14,36,30,19.4,38,650,683,684.398,690.0,1.398,0.3422,3.6564,0.0936,정상,0,0,0,
WeldingTest_01_OK,543,2022-02-10 10:03:44.626,14,37,30,19.4,38,650,683,683.977,688.0,0.977,0.2539,3.6564,0.0694,정상,0,0,0,
WeldingTest_01_OK,544,2022-02-10 10:03:47.604,14,38,30,19.4,38,650,683,685.553,690.0,2.553,0.635,3.6564,0.1737,정상,0,0,0,
WeldingTest_01_OK,545,2022-02-10 10:03:49.100,14,39,30,19.4,38,650,683,683.213,688.0,0.213,0.0251,3.6564,0.0069,정상,0,0,0,
WeldingTest_01_OK,546,2022-02-10 10:05:24.956,15,1,250,241.1,82,1154,1665,1683.977,1682.0,18.977,1.7743,3.6564,0.4853,정상,0,0,0,
WeldingTest_01_OK,547,2022-02-10 10:05:28.252,15,2,250,241.2,83,1670,1690,1701.969,1707.0,11.969,1.4653,3.6564,0.4008,정상,0,0,0,
WeldingTest_01_OK,548,2022-02-10 10:05:31.020,15,3,250,241.1,82,1153,1673,1682.759,1689.0,9.759,1.1912,3.6564,0.3258,정상,0,0,0,
WeldingTest_01_OK,549,2022-02-10 10:05:34.254,15,4,250,241.2,83,1670,1695,1703.032,1712.0,8.032,0.9422,3.6564,0.2577,정상,0,0,0,
WeldingTest_01_OK,550,2022-02-10 10:05:37.094,15,5,250,241.1,82,1154,1675,1679.51,1692.0,4.51,0.5072,3.6564,0.1387,정상,0,0,0,
WeldingTest_01_OK,551,2022-02-10 10:05:40.342,15,6,250,241.2,83,1670,1698,1703.364,1714.0,5.364,0.6359,3.6564,0.1739,정상,0,0,0,
WeldingTest_01_OK,552,2022-02-10 10:05:46.150,15,7,250,241.1,82,1153,1674,1676.898,1690.0,2.898,0.3235,3.6564,0.0885,정상,0,0,0,
WeldingTest_01_OK,553,2022-02-10 10:05:49.318,15,8,250,241.2,83,1670,1698,1704.99,1714.0,6.99,0.8141,3.6564,0.2226,정상,0,0,0,
WeldingTest_01_OK,554,2022-02-10 10:05:52.126,15,9,250,241.1,82,1154,1678,1677.466,1694.0,0.534,0.0128,3.6564,0.0035,정상,0,0,0,
WeldingTest_01_OK,555,2022-02-10 10:05:55.340,15,10,250,241.2,83,1670,1700,1705.769,1717.0,5.769,0.6741,3.6564,0.1844,정상,0,0,0,
WeldingTest_01_OK,556,2022-02-10 10:05:58.210,15,11,250,241.1,82,1154,1679,1677.809,1695.0,1.191,0.1151,3.6564,0.0315,정상,0,0,0,
WeldingTest_01_OK,557,2022-02-10 10:06:01.444,15,12,250,241.2,83,1670,1703,1706.358,1718.0,3.358,0.3919,3.6564,0.1072,정상,0,0,0,
WeldingTest_01_OK,558,2022-02-10 10:06:06.050,15,13,30,19.4,38,650,683,691.656,690.0,8.656,2.4407,3.6564,0.6675,정상,0,0,0,
WeldingTest_01_OK,559,2022-02-10 10:06:07.826,15,14,30,19.4,38,650,683,677.723,688.0,5.277,1.4142,3.6564,0.3868,정상,0,0,0,
WeldingTest_01_OK,560,2022-02-10 10:06:10.728,15,15,30,19.4,38,650,683,682.594,688.0,0.406,0.0105,3.6564,0.0029,정상,0,0,0,
WeldingTest_01_OK,561,2022-02-10 10:06:14.028,15,16,30,19.4,38,650,683,679.366,688.0,3.634,1.0287,3.6564,0.2814,정상,0,0,0,
WeldingTest_01_OK,562,2022-02-10 10:06:15.738,15,17,30,19.4,38,650,683,687.813,688.0,4.813,1.3643,3.6564,0.3731,정상,0,0,0,
WeldingTest_01_OK,563,2022-02-10 10:06:17.424,15,18,30,19.4,38,650,682,683.207,688.0,1.207,0.3263,3.6564,0.0892,정상,0,0,0,
WeldingTest_01_OK,564,2022-02-10 10:06:38.125,15,19,250,241.1,83,1670,1692,1697.964,1708.0,5.964,0.5865,3.6564,0.1604,정상,0,0,0,
WeldingTest_01_OK,565,2022-02-10 10:06:40.787,15,20,250,241.2,82,1154,1675,1676.326,1692.0,1.326,0.1015,3.6564,0.0278,정상,0,0,0,
WeldingTest_01_OK,566,2022-02-10 10:06:44.245,15,21,250,241.1,83,1670,1698,1710.076,1714.0,12.076,1.4482,3.6564,0.3961,정상,0,0,0,
WeldingTest_01_OK,567,2022-02-10 10:06:46.839,15,22,250,241.2,82,1154,1678,1672.955,1694.0,5.045,0.6186,3.6564,0.1692,정상,0,0,0,
WeldingTest_01_OK,568,2022-02-10 10:06:50.247,15,23,250,241.1,83,1670,1700,1707.356,1717.0,7.356,0.8714,3.6564,0.2383,정상,0,0,0,
WeldingTest_01_OK,569,2022-02-10 10:06:52.927,15,24,250,241.2,82,1154,1680,1672.635,1695.0,7.365,0.8709,3.6564,0.2382,정상,0,0,0,
WeldingTest_01_OK,570,2022-02-10 10:06:59.293,15,25,250,241.1,83,1670,1699,1708.579,1714.0,9.579,1.1445,3.6564,0.313,정상,0,0,0,
WeldingTest_01_OK,571,2022-02-10 10:07:01.917,15,26,250,241.2,82,1154,1680,1673.326,1695.0,6.674,0.809,3.6564,0.2212,정상,0,0,0,
WeldingTest_01_OK,572,2022-02-10 10:07:05.375,15,27,250,241.1,83,1670,1703,1709.344,1718.0,6.344,0.751,3.6564,0.2054,정상,0,0,0,
WeldingTest_01_OK,573,2022-02-10 10:07:08.007,15,28,250,241.2,82,1154,1682,1676.31,1697.0,5.69,0.6747,3.6564,0.1845,정상,0,0,0,
WeldingTest_01_OK,574,2022-02-10 10:07:11.471,15,29,250,241.1,83,1670,1704,1710.297,1719.0,6.297,0.7075,3.6564,0.1935,정상,0,0,0,
WeldingTest_01_OK,575,2022-02-10 10:07:14.145,15,30,250,241.2,82,1154,1683,1683.184,1698.0,0.184,0.0143,3.6564,0.0039,정상,0,0,0,
WeldingTest_01_OK,576,2022-02-10 10:07:18.547,15,31,30,19.4,38,650,683,692.501,690.0,9.501,2.7592,3.6564,0.7546,정상,0,0,0,
WeldingTest_01_OK,577,2022-02-10 10:07:20.095,15,32,30,19.4,38,650,683,675.0,688.0,8.0,2.1392,3.6564,0.5851,정상,0,0,0,
WeldingTest_01_OK,578,2022-02-10 10:07:23.183,15,33,30,19.4,38,650,683,684.814,690.0,1.814,0.3107,3.6564,0.085,정상,0,0,0,
WeldingTest_01_OK,579,2022-02-10 10:07:24.949,15,34,30,19.4,38,650,683,679.99,690.0,3.01,0.7202,3.6564,0.197,정상,0,0,0,
WeldingTest_01_OK,580,2022-02-10 10:07:28.489,15,35,30,19.4,38,650,683,681.94,690.0,1.06,0.2446,3.6564,0.0669,정상,0,0,0,
WeldingTest_01_OK,581,2022-02-10 10:07:30.185,15,36,30,19.4,38,650,683,683.598,690.0,0.598,0.1101,3.6564,0.0301,정상,0,0,0,
WeldingTest_01_OK,582,2022-02-10 10:07:31.931,15,37,30,19.4,38,650,683,685.091,688.0,2.091,0.5754,3.6564,0.1574,정상,0,0,0,
WeldingTest_01_OK,583,2022-02-10 10:07:34.933,15,38,30,19.4,38,650,683,685.553,690.0,2.553,0.635,3.6564,0.1737,정상,0,0,0,
WeldingTest_01_OK,584,2022-02-10 10:07:36.353,15,39,30,19.4,38,650,683,683.255,688.0,0.255,0.013,3.6564,0.0036,정상,0,0,0,
WeldingTest_01_OK,585,2022-02-10 10:20:33.559,16,1,250,241.1,82,1154,1662,1682.847,1682.0,20.847,1.9937,3.6564,0.5453,정상,0,0,0,
WeldingTest_01_OK,586,2022-02-10 10:20:36.857,16,2,250,241.2,83,1670,1688,1701.969,1707.0,13.969,1.7142,3.6564,0.4688,정상,0,0,0,
WeldingTest_01_OK,587,2022-02-10 10:20:39.685,16,3,250,241.1,82,1153,1669,1682.668,1689.0,13.668,1.6906,3.6564,0.4624,정상,0,0,0,
WeldingTest_01_OK,588,2022-02-10 10:20:43.073,16,4,250,241.2,83,1670,1693,1702.753,1712.0,9.753,1.1561,3.6564,0.3162,정상,0,0,0,
WeldingTest_01_OK,589,2022-02-10 10:20:45.911,16,5,250,241.1,82,1154,1673,1679.518,1692.0,6.518,0.7643,3.6564,0.209,정상,0,0,0,
WeldingTest_01_OK,590,2022-02-10 10:20:49.111,16,6,250,241.2,83,1670,1695,1703.396,1714.0,8.396,1.0126,3.6564,0.2769,정상,0,0,0,
WeldingTest_01_OK,591,2022-02-10 10:20:54.839,16,7,250,241.1,82,1153,1671,1676.898,1690.0,5.898,0.7067,3.6564,0.1933,정상,0,0,0,
WeldingTest_01_OK,592,2022-02-10 10:20:58.143,16,8,250,241.2,83,1670,1695,1704.72,1714.0,9.72,1.152,3.6564,0.3151,정상,0,0,0,
WeldingTest_01_OK,593,2022-02-10 10:21:00.875,16,9,250,241.1,82,1154,1675,1673.724,1694.0,1.276,0.1075,3.6564,0.0294,정상,0,0,0,
WeldingTest_01_OK,594,2022-02-10 10:21:04.133,16,10,250,241.2,83,1670,1699,1704.876,1717.0,5.876,0.6874,3.6564,0.188,정상,0,0,0,
WeldingTest_01_OK,595,2022-02-10 10:21:06.907,16,11,250,241.1,82,1154,1678,1677.133,1695.0,0.867,0.0736,3.6564,0.0201,정상,0,0,0,
WeldingTest_01_OK,596,2022-02-10 10:21:10.215,16,12,250,241.2,83,1670,1700,1705.681,1718.0,5.681,0.6796,3.6564,0.1859,정상,0,0,0,
WeldingTest_01_OK,597,2022-02-10 10:21:14.599,16,13,30,19.4,38,650,682,689.674,690.0,7.674,2.1481,3.6564,0.5875,정상,0,0,0,
WeldingTest_01_OK,598,2022-02-10 10:21:16.287,16,14,30,19.4,38,650,682,676.309,688.0,5.691,1.5347,3.6564,0.4197,정상,0,0,0,
WeldingTest_01_OK,599,2022-02-10 10:21:19.239,16,15,30,19.4,38,650,682,683.101,688.0,1.101,0.2118,3.6564,0.0579,정상,0,0,0,
WeldingTest_01_OK,600,2022-02-10 10:21:22.645,16,16,30,19.4,38,650,682,679.478,688.0,2.522,0.7055,3.6564,0.193,정상,0,0,0,
WeldingTest_01_OK,601,2022-02-10 10:21:24.421,16,17,30,19.4,38,650,682,682.453,688.0,0.453,0.1076,3.6564,0.0294,정상,0,0,0,
WeldingTest_01_OK,602,2022-02-10 10:21:26.129,16,18,30,19.4,38,650,682,683.447,688.0,1.447,0.3954,3.6564,0.1081,정상,0,0,0,
WeldingTest_01_OK,603,2022-02-10 10:21:46.575,16,19,250,241.1,83,1670,1690,1699.578,1708.0,9.578,1.0022,3.6564,0.2741,정상,0,0,0,
WeldingTest_01_OK,604,2022-02-10 10:21:49.205,16,20,250,241.2,82,1154,1674,1676.383,1692.0,2.383,0.2366,3.6564,0.0647,정상,0,0,0,
WeldingTest_01_OK,605,2022-02-10 10:21:52.653,16,21,250,241.1,83,1670,1697,1709.868,1714.0,12.868,1.5457,3.6564,0.4227,정상,0,0,0,
WeldingTest_01_OK,606,2022-02-10 10:21:55.283,16,22,250,241.2,82,1154,1678,1672.936,1694.0,5.064,0.621,3.6564,0.1698,정상,0,0,0,
WeldingTest_01_OK,607,2022-02-10 10:21:58.727,16,23,250,241.1,83,1670,1699,1707.365,1717.0,8.365,0.9967,3.6564,0.2726,정상,0,0,0,
WeldingTest_01_OK,608,2022-02-10 10:22:01.413,16,24,250,241.2,82,1154,1679,1672.629,1695.0,6.371,0.7432,3.6564,0.2033,정상,0,0,0,
WeldingTest_01_OK,609,2022-02-10 10:22:07.799,16,25,250,241.1,83,1670,1698,1707.784,1714.0,9.784,1.1699,3.6564,0.32,정상,0,0,0,
WeldingTest_01_OK,610,2022-02-10 10:22:10.409,16,26,250,241.2,82,1154,1679,1673.322,1695.0,5.678,0.681,3.6564,0.1863,정상,0,0,0,
WeldingTest_01_OK,611,2022-02-10 10:22:13.857,16,27,250,241.1,83,1670,1702,1708.352,1718.0,6.352,0.7521,3.6564,0.2057,정상,0,0,0,
WeldingTest_01_OK,612,2022-02-10 10:22:16.507,16,28,250,241.2,82,1154,1682,1674.433,1697.0,7.567,0.9157,3.6564,0.2504,정상,0,0,0,
WeldingTest_01_OK,613,2022-02-10 10:22:20.021,16,29,250,241.1,83,1670,1703,1710.296,1719.0,7.296,0.8314,3.6564,0.2274,정상,0,0,0,
WeldingTest_01_OK,614,2022-02-10 10:22:22.591,16,30,250,241.2,82,1154,1683,1676.386,1698.0,6.614,0.8115,3.6564,0.2219,정상,0,0,0,
WeldingTest_01_OK,615,2022-02-10 10:22:27.099,16,31,30,19.4,38,650,683,692.501,690.0,9.501,2.7592,3.6564,0.7546,정상,0,0,0,
WeldingTest_01_OK,616,2022-02-10 10:22:28.573,16,32,30,19.4,38,650,683,675.002,688.0,7.998,2.1386,3.6564,0.5849,정상,0,0,0,
WeldingTest_01_OK,617,2022-02-10 10:22:31.693,16,33,30,19.4,38,650,683,684.835,690.0,1.835,0.3168,3.6564,0.0866,정상,0,0,0,
WeldingTest_01_OK,618,2022-02-10 10:22:33.421,16,34,30,19.4,38,650,683,683.531,690.0,0.531,0.0004,3.6564,0.0001,정상,0,0,0,
WeldingTest_01_OK,619,2022-02-10 10:22:36.885,16,35,30,19.4,38,650,683,682.288,690.0,0.712,0.144,3.6564,0.0394,정상,0,0,0,
WeldingTest_01_OK,620,2022-02-10 10:22:38.615,16,36,30,19.4,38,650,683,684.439,690.0,1.439,0.3541,3.6564,0.0968,정상,0,0,0,
WeldingTest_01_OK,621,2022-02-10 10:22:40.329,16,37,30,19.4,38,650,682,685.419,688.0,3.419,0.9588,3.6564,0.2622,정상,0,0,0,
WeldingTest_01_OK,622,2022-02-10 10:22:43.393,16,38,30,19.4,38,650,683,681.993,690.0,1.007,0.1876,3.6564,0.0513,정상,0,0,0,
WeldingTest_01_OK,623,2022-02-10 10:22:44.883,16,39,30,19.4,38,650,682,683.255,688.0,1.255,0.276,3.6564,0.0755,정상,0,0,0,
WeldingTest_01_OK,624,2022-02-10 10:27:34.537,17,1,250,241.1,82,1154,1662,1682.847,1682.0,20.847,1.9937,3.6564,0.5453,정상,0,0,0,
WeldingTest_01_OK,625,2022-02-10 10:27:37.840,17,2,250,241.2,83,1670,1688,1701.969,1707.0,13.969,1.7142,3.6564,0.4688,정상,0,0,0,
WeldingTest_01_OK,626,2022-02-10 10:27:40.654,17,3,250,241.1,82,1153,1669,1682.717,1689.0,13.717,1.6968,3.6564,0.4641,정상,0,0,0,
WeldingTest_01_OK,627,2022-02-10 10:27:43.898,17,4,250,241.2,83,1670,1693,1703.032,1712.0,10.032,1.1908,3.6564,0.3257,정상,0,0,0,
WeldingTest_01_OK,628,2022-02-10 10:27:46.682,17,5,250,241.1,82,1154,1673,1678.903,1692.0,5.903,0.6855,3.6564,0.1875,정상,0,0,0,
WeldingTest_01_OK,629,2022-02-10 10:27:49.912,17,6,250,241.2,83,1670,1695,1703.383,1714.0,8.383,1.0111,3.6564,0.2765,정상,0,0,0,
WeldingTest_01_OK,630,2022-02-10 10:27:55.630,17,7,250,241.1,82,1153,1671,1676.863,1690.0,5.863,0.7022,3.6564,0.192,정상,0,0,0,
WeldingTest_01_OK,631,2022-02-10 10:27:58.946,17,8,250,241.2,83,1670,1697,1704.657,1714.0,7.657,0.8967,3.6564,0.2452,정상,0,0,0,
WeldingTest_01_OK,632,2022-02-10 10:28:01.788,17,9,250,241.1,82,1154,1675,1678.074,1694.0,3.074,0.3372,3.6564,0.0922,정상,0,0,0,
WeldingTest_01_OK,633,2022-02-10 10:28:05.034,17,10,250,241.2,83,1670,1699,1704.876,1717.0,5.876,0.6874,3.6564,0.188,정상,0,0,0,
WeldingTest_01_OK,634,2022-02-10 10:28:07.804,17,11,250,241.1,82,1154,1678,1677.133,1695.0,0.867,0.0736,3.6564,0.0201,정상,0,0,0,
WeldingTest_01_OK,635,2022-02-10 10:28:11.036,17,12,250,241.2,83,1670,1700,1705.72,1718.0,5.72,0.6844,3.6564,0.1872,정상,0,0,0,
WeldingTest_01_OK,636,2022-02-10 10:28:15.596,17,13,30,19.4,38,650,683,689.737,690.0,6.737,1.8688,3.6564,0.5111,정상,0,0,0,
WeldingTest_01_OK,637,2022-02-10 10:28:17.298,17,14,30,19.4,38,650,682,677.797,688.0,4.203,1.1011,3.6564,0.3011,정상,0,0,0,
WeldingTest_01_OK,638,2022-02-10 10:28:20.218,17,15,30,19.4,38,650,682,682.029,688.0,0.029,0.0988,3.6564,0.027,정상,0,0,0,
WeldingTest_01_OK,639,2022-02-10 10:28:23.548,17,16,30,19.4,38,650,682,679.478,688.0,2.522,0.7055,3.6564,0.193,정상,0,0,0,
WeldingTest_01_OK,640,2022-02-10 10:28:25.306,17,17,30,19.4,38,650,682,683.353,688.0,1.353,0.3669,3.6564,0.1003,정상,0,0,0,
WeldingTest_01_OK,641,2022-02-10 10:28:27.000,17,18,30,19.4,38,650,682,684.495,688.0,2.495,0.6979,3.6564,0.1909,정상,0,0,0,
WeldingTest_01_OK,642,2022-02-10 10:28:47.492,17,19,250,241.1,83,1670,1692,1699.539,1708.0,7.539,0.7677,3.6564,0.21,정상,0,0,0,
WeldingTest_01_OK,643,2022-02-10 10:28:50.148,17,20,250,241.2,82,1154,1674,1676.326,1692.0,2.326,0.2292,3.6564,0.0627,정상,0,0,0,
WeldingTest_01_OK,644,2022-02-10 10:28:53.594,17,21,250,241.1,83,1670,1698,1709.868,1714.0,11.868,1.4225,3.6564,0.389,정상,0,0,0,
WeldingTest_01_OK,645,2022-02-10 10:28:56.190,17,22,250,241.2,82,1154,1678,1672.955,1694.0,5.045,0.6186,3.6564,0.1692,정상,0,0,0,
WeldingTest_01_OK,646,2022-02-10 10:28:59.672,17,23,250,241.1,83,1670,1700,1707.573,1717.0,7.573,0.8984,3.6564,0.2457,정상,0,0,0,
WeldingTest_01_OK,647,2022-02-10 10:29:02.332,17,24,250,241.2,82,1154,1679,1672.659,1695.0,6.341,0.7394,3.6564,0.2022,정상,0,0,0,
WeldingTest_01_OK,648,2022-02-10 10:29:08.826,17,25,250,241.1,83,1670,1698,1707.821,1714.0,9.821,1.1744,3.6564,0.3212,정상,0,0,0,
WeldingTest_01_OK,649,2022-02-10 10:29:11.544,17,26,250,241.2,82,1154,1679,1673.322,1695.0,5.678,0.6811,3.6564,0.1863,정상,0,0,0,
WeldingTest_01_OK,650,2022-02-10 10:29:15.050,17,27,250,241.1,83,1670,1702,1708.538,1718.0,6.538,0.7752,3.6564,0.212,정상,0,0,0,
WeldingTest_01_OK,651,2022-02-10 10:29:17.694,17,28,250,241.2,82,1154,1680,1674.47,1697.0,5.53,0.6542,3.6564,0.1789,정상,0,0,0,
WeldingTest_01_OK,652,2022-02-10 10:29:21.168,17,29,250,241.1,83,1670,1703,1709.307,1719.0,6.307,0.7087,3.6564,0.1938,정상,0,0,0,
WeldingTest_01_OK,653,2022-02-10 10:29:23.814,17,30,250,241.2,82,1154,1682,1676.363,1698.0,5.637,0.686,3.6564,0.1876,정상,0,0,0,
WeldingTest_01_OK,654,2022-02-10 10:29:28.182,17,31,30,19.4,38,650,683,692.501,690.0,9.501,2.7592,3.6564,0.7546,정상,0,0,0,
WeldingTest_01_OK,655,2022-02-10 10:29:29.724,17,32,30,19.4,38,650,682,675.0,688.0,7.0,1.8479,3.6564,0.5054,정상,0,0,0,
WeldingTest_01_OK,656,2022-02-10 10:29:32.750,17,33,30,19.4,38,650,683,684.15,690.0,1.15,0.1188,3.6564,0.0325,정상,0,0,0,
WeldingTest_01_OK,657,2022-02-10 10:29:34.520,17,34,30,19.4,38,650,683,679.99,690.0,3.01,0.7202,3.6564,0.197,정상,0,0,0,
WeldingTest_01_OK,658,2022-02-10 10:29:37.974,17,35,30,19.4,38,650,683,682.206,690.0,0.794,0.1677,3.6564,0.0459,정상,0,0,0,
WeldingTest_01_OK,659,2022-02-10 10:29:39.696,17,36,30,19.4,38,650,683,684.484,690.0,1.484,0.3672,3.6564,0.1004,정상,0,0,0,
WeldingTest_01_OK,660,2022-02-10 10:29:41.414,17,37,30,19.4,38,650,682,685.472,688.0,3.472,0.9738,3.6564,0.2663,정상,0,0,0,
WeldingTest_01_OK,661,2022-02-10 10:29:44.420,17,38,30,19.4,38,650,683,685.553,690.0,2.553,0.635,3.6564,0.1737,정상,0,0,0,
WeldingTest_01_OK,662,2022-02-10 10:29:45.890,17,39,30,19.4,38,650,682,683.255,688.0,1.255,0.276,3.6564,0.0755,정상,0,0,0,
WeldingTest_01_OK,663,2022-02-10 10:53:02.509,18,1,250,241.1,82,1154,1661,1682.847,1682.0,21.847,2.1109,3.6564,0.5773,정상,0,0,0,
WeldingTest_01_OK,664,2022-02-10 10:53:05.725,18,2,250,241.2,83,1670,1688,1702.229,1707.0,14.229,1.7467,3.6564,0.4777,정상,0,0,0,
WeldingTest_01_OK,665,2022-02-10 10:53:08.603,18,3,250,241.1,82,1153,1669,1683.195,1689.0,14.195,1.7579,3.6564,0.4808,정상,0,0,0,
WeldingTest_01_OK,666,2022-02-10 10:53:11.831,18,4,250,241.2,83,1670,1693,1703.051,1712.0,10.051,1.1932,3.6564,0.3263,정상,0,0,0,
WeldingTest_01_OK,667,2022-02-10 10:53:14.705,18,5,250,241.1,82,1154,1673,1679.502,1692.0,6.502,0.7623,3.6564,0.2085,정상,0,0,0,
WeldingTest_01_OK,668,2022-02-10 10:53:17.941,18,6,250,241.2,83,1670,1695,1703.364,1714.0,8.364,1.0086,3.6564,0.2759,정상,0,0,0,
WeldingTest_01_OK,669,2022-02-10 10:53:23.753,18,7,250,241.1,82,1153,1670,1676.898,1690.0,6.898,0.8344,3.6564,0.2282,정상,0,0,0,
WeldingTest_01_OK,670,2022-02-10 10:53:27.053,18,8,250,241.2,83,1670,1695,1704.72,1714.0,9.72,1.152,3.6564,0.3151,정상,0,0,0,
WeldingTest_01_OK,671,2022-02-10 10:53:29.899,18,9,250,241.1,82,1154,1675,1678.034,1694.0,3.034,0.332,3.6564,0.0908,정상,0,0,0,
WeldingTest_01_OK,672,2022-02-10 10:53:33.149,18,10,250,241.2,83,1670,1698,1704.876,1717.0,6.876,0.811,3.6564,0.2218,정상,0,0,0,
WeldingTest_01_OK,673,2022-02-10 10:53:35.991,18,11,250,241.1,82,1154,1678,1677.828,1695.0,0.172,0.0154,3.6564,0.0042,정상,0,0,0,
WeldingTest_01_OK,674,2022-02-10 10:53:39.241,18,12,250,241.2,83,1670,1700,1705.711,1718.0,5.711,0.6833,3.6564,0.1869,정상,0,0,0,
WeldingTest_01_OK,675,2022-02-10 10:53:43.681,18,13,30,19.4,38,650,683,689.702,690.0,6.702,1.8584,3.6564,0.5083,정상,0,0,0,
WeldingTest_01_OK,676,2022-02-10 10:53:45.415,18,14,30,19.4,38,650,682,677.921,688.0,4.079,1.065,3.6564,0.2913,정상,0,0,0,
WeldingTest_01_OK,677,2022-02-10 10:53:48.307,18,15,30,19.4,38,650,682,682.63,688.0,0.63,0.0754,3.6564,0.0206,정상,0,0,0,
WeldingTest_01_OK,678,2022-02-10 10:53:51.649,18,16,30,19.4,38,650,682,679.478,688.0,2.522,0.7055,3.6564,0.193,정상,0,0,0,
WeldingTest_01_OK,679,2022-02-10 10:53:53.383,18,17,30,19.4,38,650,682,687.854,688.0,5.854,1.6644,3.6564,0.4552,정상,0,0,0,
WeldingTest_01_OK,680,2022-02-10 10:53:55.111,18,18,30,19.4,38,650,682,684.045,688.0,2.045,0.5682,3.6564,0.1554,정상,0,0,0,
WeldingTest_01_OK,681,2022-02-10 10:54:15.885,18,19,250,241.1,83,1670,1690,1697.964,1708.0,7.964,0.8165,3.6564,0.2233,정상,0,0,0,
WeldingTest_01_OK,682,2022-02-10 10:54:18.479,18,20,250,241.2,82,1154,1674,1676.385,1692.0,2.385,0.2367,3.6564,0.0647,정상,0,0,0,
WeldingTest_01_OK,683,2022-02-10 10:54:21.961,18,21,250,241.1,83,1670,1697,1710.076,1714.0,13.076,1.5713,3.6564,0.4297,정상,0,0,0,
WeldingTest_01_OK,684,2022-02-10 10:54:24.581,18,22,250,241.2,82,1154,1677,1672.945,1694.0,4.055,0.4919,3.6564,0.1345,정상,0,0,0,
WeldingTest_01_OK,685,2022-02-10 10:54:28.089,18,23,250,241.1,83,1670,1699,1706.848,1717.0,7.848,0.9325,3.6564,0.255,정상,0,0,0,
WeldingTest_01_OK,686,2022-02-10 10:54:30.697,18,24,250,241.2,82,1154,1679,1672.565,1695.0,6.435,0.7516,3.6564,0.2055,정상,0,0,0,
WeldingTest_01_OK,687,2022-02-10 10:54:37.181,18,25,250,241.1,83,1670,1698,1707.821,1714.0,9.821,1.1744,3.6564,0.3212,정상,0,0,0,
WeldingTest_01_OK,688,2022-02-10 10:54:39.871,18,26,250,241.2,82,1154,1679,1673.38,1695.0,5.62,0.6735,3.6564,0.1842,정상,0,0,0,
WeldingTest_01_OK,689,2022-02-10 10:54:43.333,18,27,250,241.1,83,1670,1702,1708.54,1718.0,6.54,0.7753,3.6564,0.2121,정상,0,0,0,
WeldingTest_01_OK,690,2022-02-10 10:54:45.999,18,28,250,241.2,82,1154,1680,1674.433,1697.0,5.567,0.6588,3.6564,0.1802,정상,0,0,0,
WeldingTest_01_OK,691,2022-02-10 10:54:49.485,18,29,250,241.1,83,1670,1703,1709.307,1719.0,6.307,0.7087,3.6564,0.1938,정상,0,0,0,
WeldingTest_01_OK,692,2022-02-10 10:54:52.081,18,30,250,241.2,82,1154,1682,1676.31,1698.0,5.69,0.6929,3.6564,0.1895,정상,0,0,0,
WeldingTest_01_OK,693,2022-02-10 10:54:56.449,18,31,30,19.4,38,650,683,692.501,690.0,9.501,2.7592,3.6564,0.7546,정상,0,0,0,
WeldingTest_01_OK,694,2022-02-10 10:54:57.947,18,32,30,19.4,38,650,682,675.002,688.0,6.998,1.8473,3.6564,0.5052,정상,0,0,0,
WeldingTest_01_OK,695,2022-02-10 10:55:01.023,18,33,30,19.4,38,650,683,682.478,690.0,0.522,0.0632,3.6564,0.0173,정상,0,0,0,
WeldingTest_01_OK,696,2022-02-10 10:55:02.809,18,34,30,19.4,38,650,683,680.027,690.0,2.973,0.7093,3.6564,0.194,정상,0,0,0,
WeldingTest_01_OK,697,2022-02-10 10:55:06.231,18,35,30,19.4,38,650,683,689.3,690.0,6.3,1.7614,3.6564,0.4817,정상,0,0,0,
WeldingTest_01_OK,698,2022-02-10 10:55:07.987,18,36,30,19.4,38,650,683,681.913,690.0,1.087,0.252,3.6564,0.0689,정상,0,0,0,
WeldingTest_01_OK,699,2022-02-10 10:55:09.697,18,37,30,19.4,38,650,682,685.387,688.0,3.387,0.9494,3.6564,0.2596,정상,0,0,0,
WeldingTest_01_OK,700,2022-02-10 10:55:12.685,18,38,30,19.4,38,650,683,685.553,690.0,2.553,0.635,3.6564,0.1737,정상,0,0,0,
WeldingTest_01_OK,701,2022-02-10 10:55:14.165,18,39,30,19.4,38,650,682,683.255,688.0,1.255,0.276,3.6564,0.0755,정상,0,0,0,
WeldingTest_01_OK,702,2022-02-10 10:58:45.914,19,1,250,241.1,82,1154,1662,1682.847,1682.0,20.847,1.9937,3.6564,0.5453,정상,0,0,0,
WeldingTest_01_OK,703,2022-02-10 10:58:49.226,19,2,250,241.2,83,1670,1688,1701.969,1707.0,13.969,1.7142,3.6564,0.4688,정상,0,0,0,
WeldingTest_01_OK,704,2022-02-10 10:58:52.078,19,3,250,241.1,82,1153,1669,1683.195,1689.0,14.195,1.7579,3.6564,0.4808,정상,0,0,0,
WeldingTest_01_OK,705,2022-02-10 10:58:55.296,19,4,250,241.2,83,1670,1693,1703.064,1712.0,10.064,1.1947,3.6564,0.3267,정상,0,0,0,
WeldingTest_01_OK,706,2022-02-10 10:58:58.070,19,5,250,241.1,82,1154,1673,1678.676,1692.0,5.676,0.6565,3.6564,0.1796,정상,0,0,0,
WeldingTest_01_OK,707,2022-02-10 10:59:01.306,19,6,250,241.2,83,1670,1697,1703.364,1714.0,6.364,0.7601,3.6564,0.2079,정상,0,0,0,
WeldingTest_01_OK,708,2022-02-10 10:59:07.034,19,7,250,241.1,82,1153,1671,1676.898,1690.0,5.898,0.7067,3.6564,0.1933,정상,0,0,0,
WeldingTest_01_OK,709,2022-02-10 10:59:10.318,19,8,250,241.2,83,1670,1697,1704.722,1714.0,7.722,0.9047,3.6564,0.2474,정상,0,0,0,
WeldingTest_01_OK,710,2022-02-10 10:59:13.056,19,9,250,241.1,82,1154,1677,1673.724,1694.0,3.276,0.3629,3.6564,0.0993,정상,0,0,0,
WeldingTest_01_OK,711,2022-02-10 10:59:16.436,19,10,250,241.2,83,1670,1699,1704.576,1717.0,5.576,0.6502,3.6564,0.1778,정상,0,0,0,
WeldingTest_01_OK,712,2022-02-10 10:59:19.250,19,11,250,241.1,82,1154,1678,1677.311,1695.0,0.689,0.0507,3.6564,0.0139,정상,0,0,0,
WeldingTest_01_OK,713,2022-02-10 10:59:22.646,19,12,250,241.2,83,1670,1700,1705.557,1718.0,5.557,0.6642,3.6564,0.1817,정상,0,0,0,
WeldingTest_01_OK,714,2022-02-10 10:59:27.264,19,13,30,19.4,38,650,683,689.724,690.0,6.724,1.865,3.6564,0.5101,정상,0,0,0,
WeldingTest_01_OK,715,2022-02-10 10:59:28.988,19,14,30,19.4,38,650,682,677.958,688.0,4.042,1.0542,3.6564,0.2883,정상,0,0,0,
WeldingTest_01_OK,716,2022-02-10 10:59:31.900,19,15,30,19.4,38,650,682,682.029,688.0,0.029,0.0988,3.6564,0.027,정상,0,0,0,
WeldingTest_01_OK,717,2022-02-10 10:59:35.246,19,16,30,19.4,38,650,682,679.478,688.0,2.522,0.7055,3.6564,0.193,정상,0,0,0,
WeldingTest_01_OK,718,2022-02-10 10:59:37.010,19,17,30,19.4,38,650,682,682.349,688.0,0.349,0.0775,3.6564,0.0212,정상,0,0,0,
WeldingTest_01_OK,719,2022-02-10 10:59:38.802,19,18,30,19.4,38,650,682,678.582,688.0,3.418,0.9643,3.6564,0.2637,정상,0,0,0,
WeldingTest_01_OK,720,2022-02-10 10:59:59.498,19,19,250,241.1,83,1670,1690,1697.964,1708.0,7.964,0.8165,3.6564,0.2233,정상,0,0,0,
WeldingTest_01_OK,721,2022-02-10 11:00:02.080,19,20,250,241.2,82,1154,1674,1676.437,1692.0,2.437,0.2434,3.6564,0.0666,정상,0,0,0,
WeldingTest_01_OK,722,2022-02-10 11:00:05.524,19,21,250,241.1,83,1670,1697,1709.868,1714.0,12.868,1.5457,3.6564,0.4227,정상,0,0,0,
WeldingTest_01_OK,723,2022-02-10 11:00:08.276,19,22,250,241.2,82,1154,1677,1677.716,1694.0,0.716,0.0646,3.6564,0.0177,정상,0,0,0,
WeldingTest_01_OK,724,2022-02-10 11:00:11.738,19,23,250,241.1,83,1670,1699,1706.843,1717.0,7.843,0.9318,3.6564,0.2549,정상,0,0,0,
WeldingTest_01_OK,725,2022-02-10 11:00:14.386,19,24,250,241.2,82,1154,1679,1672.654,1695.0,6.346,0.7401,3.6564,0.2024,정상,0,0,0,
WeldingTest_01_OK,726,2022-02-10 11:00:20.820,19,25,250,241.1,83,1670,1698,1707.821,1714.0,9.821,1.1744,3.6564,0.3212,정상,0,0,0,
WeldingTest_01_OK,727,2022-02-10 11:00:23.464,19,26,250,241.2,82,1154,1679,1673.455,1695.0,5.545,0.664,3.6564,0.1816,정상,0,0,0,
WeldingTest_01_OK,728,2022-02-10 11:00:26.920,19,27,250,241.1,83,1670,1702,1708.54,1718.0,6.54,0.7753,3.6564,0.2121,정상,0,0,0,
WeldingTest_01_OK,729,2022-02-10 11:00:29.720,19,28,250,241.2,82,1154,1680,1679.265,1697.0,0.735,0.0382,3.6564,0.0104,정상,0,0,0,
WeldingTest_01_OK,730,2022-02-10 11:00:33.178,19,29,250,241.1,83,1670,1703,1709.307,1719.0,6.307,0.7087,3.6564,0.1938,정상,0,0,0,
WeldingTest_01_OK,731,2022-02-10 11:00:35.758,19,30,250,241.2,82,1154,1682,1676.386,1698.0,5.614,0.683,3.6564,0.1868,정상,0,0,0,
WeldingTest_01_OK,732,2022-02-10 11:00:40.174,19,31,30,19.4,38,650,683,692.501,690.0,9.501,2.7592,3.6564,0.7546,정상,0,0,0,
WeldingTest_01_OK,733,2022-02-10 11:00:41.670,19,32,30,19.4,38,650,683,675.002,688.0,7.998,2.1386,3.6564,0.5849,정상,0,0,0,
WeldingTest_01_OK,734,2022-02-10 11:00:44.756,19,33,30,19.4,38,650,683,684.814,690.0,1.814,0.3107,3.6564,0.085,정상,0,0,0,
WeldingTest_01_OK,735,2022-02-10 11:00:46.496,19,34,30,19.4,38,650,683,682.198,690.0,0.802,0.079,3.6564,0.0216,정상,0,0,0,
WeldingTest_01_OK,736,2022-02-10 11:00:49.954,19,35,30,19.4,38,650,683,682.288,690.0,0.712,0.144,3.6564,0.0394,정상,0,0,0,
WeldingTest_01_OK,737,2022-02-10 11:00:51.636,19,36,30,19.4,38,650,683,681.451,690.0,1.549,0.3859,3.6564,0.1056,정상,0,0,0,
WeldingTest_01_OK,738,2022-02-10 11:00:53.418,19,37,30,19.4,38,650,682,682.609,688.0,0.609,0.1476,3.6564,0.0404,정상,0,0,0,
WeldingTest_01_OK,739,2022-02-10 11:00:56.504,19,38,30,19.4,38,650,683,684.105,690.0,1.105,0.2159,3.6564,0.0591,정상,0,0,0,
WeldingTest_01_OK,740,2022-02-10 11:00:57.968,19,39,30,19.4,38,650,682,683.255,688.0,1.255,0.276,3.6564,0.0755,정상,0,0,0,
WeldingTest_01_OK,741,2022-02-10 11:03:38.709,20,1,250,241.1,82,1154,1662,1682.847,1682.0,20.847,1.9937,3.6564,0.5453,정상,0,0,0,
WeldingTest_01_OK,742,2022-02-10 11:03:41.875,20,2,250,241.2,83,1670,1689,1702.229,1707.0,13.229,1.6222,3.6564,0.4437,정상,0,0,0,
WeldingTest_01_OK,743,2022-02-10 11:03:44.687,20,3,250,241.1,82,1153,1670,1682.716,1689.0,12.716,1.5691,3.6564,0.4291,정상,0,0,0,
WeldingTest_01_OK,744,2022-02-10 11:03:47.911,20,4,250,241.2,83,1670,1694,1703.051,1712.0,9.051,1.0689,3.6564,0.2923,정상,0,0,0,
WeldingTest_01_OK,745,2022-02-10 11:03:50.753,20,5,250,241.1,82,1154,1674,1679.511,1692.0,5.511,0.6354,3.6564,0.1738,정상,0,0,0,
WeldingTest_01_OK,746,2022-02-10 11:03:54.009,20,6,250,241.2,83,1670,1697,1703.364,1714.0,6.364,0.7601,3.6564,0.2079,정상,0,0,0,
WeldingTest_01_OK,747,2022-02-10 11:03:59.711,20,7,250,241.1,82,1153,1673,1676.863,1690.0,3.863,0.4468,3.6564,0.1222,정상,0,0,0,
WeldingTest_01_OK,748,2022-02-10 11:04:02.915,20,8,250,241.2,83,1670,1697,1704.99,1714.0,7.99,0.9379,3.6564,0.2565,정상,0,0,0,
WeldingTest_01_OK,749,2022-02-10 11:04:05.659,20,9,250,241.1,82,1154,1677,1673.724,1694.0,3.276,0.3629,3.6564,0.0993,정상,0,0,0,
WeldingTest_01_OK,750,2022-02-10 11:04:08.921,20,10,250,241.2,83,1670,1699,1704.872,1717.0,5.872,0.6868,3.6564,0.1878,정상,0,0,0,
WeldingTest_01_OK,751,2022-02-10 11:04:11.745,20,11,250,241.1,82,1154,1678,1677.271,1695.0,0.729,0.0559,3.6564,0.0153,정상,0,0,0,
WeldingTest_01_OK,752,2022-02-10 11:04:15.021,20,12,250,241.2,83,1670,1700,1705.699,1718.0,5.699,0.6818,3.6564,0.1865,정상,0,0,0,
WeldingTest_01_OK,753,2022-02-10 11:04:19.607,20,13,30,19.4,38,650,683,689.737,690.0,6.737,1.8688,3.6564,0.5111,정상,0,0,0,
WeldingTest_01_OK,754,2022-02-10 11:04:21.299,20,14,30,19.4,38,650,682,677.808,688.0,4.192,1.098,3.6564,0.3003,정상,0,0,0,
WeldingTest_01_OK,755,2022-02-10 11:04:24.219,20,15,30,19.4,38,650,683,682.029,688.0,0.971,0.174,3.6564,0.0476,정상,0,0,0,
WeldingTest_01_OK,756,2022-02-10 11:04:27.633,20,16,30,19.4,38,650,682,679.478,688.0,2.522,0.7055,3.6564,0.193,정상,0,0,0,
WeldingTest_01_OK,757,2022-02-10 11:04:29.369,20,17,30,19.4,38,650,682,687.593,688.0,5.593,1.5893,3.6564,0.4347,정상,0,0,0,
WeldingTest_01_OK,758,2022-02-10 11:04:31.121,20,18,30,19.4,38,650,682,679.608,688.0,2.392,0.6683,3.6564,0.1828,정상,0,0,0,
WeldingTest_01_OK,759,2022-02-10 11:04:51.671,20,19,250,241.1,83,1670,1692,1699.008,1708.0,7.008,0.7066,3.6564,0.1932,정상,0,0,0,
WeldingTest_01_OK,760,2022-02-10 11:04:54.323,20,20,250,241.2,82,1154,1674,1676.326,1692.0,2.326,0.2292,3.6564,0.0627,정상,0,0,0,
WeldingTest_01_OK,761,2022-02-10 11:04:57.819,20,21,250,241.1,83,1670,1698,1710.075,1714.0,12.075,1.448,3.6564,0.396,정상,0,0,0,
WeldingTest_01_OK,762,2022-02-10 11:05:00.523,20,22,250,241.2,82,1154,1678,1672.981,1694.0,5.019,0.6152,3.6564,0.1683,정상,0,0,0,
WeldingTest_01_OK,763,2022-02-10 11:05:04.055,20,23,250,241.1,83,1670,1700,1707.579,1717.0,7.579,0.8991,3.6564,0.2459,정상,0,0,0,
WeldingTest_01_OK,764,2022-02-10 11:05:06.695,20,24,250,241.2,82,1154,1679,1672.521,1695.0,6.479,0.7572,3.6564,0.2071,정상,0,0,0,
WeldingTest_01_OK,765,2022-02-10 11:05:13.099,20,25,250,241.1,83,1670,1698,1707.821,1714.0,9.821,1.1744,3.6564,0.3212,정상,0,0,0,
WeldingTest_01_OK,766,2022-02-10 11:05:15.681,20,26,250,241.2,82,1154,1679,1673.351,1695.0,5.649,0.6774,3.6564,0.1853,정상,0,0,0,
WeldingTest_01_OK,767,2022-02-10 11:05:19.147,20,27,250,241.1,83,1670,1702,1708.54,1718.0,6.54,0.7753,3.6564,0.2121,정상,0,0,0,
WeldingTest_01_OK,768,2022-02-10 11:05:21.811,20,28,250,241.2,82,1154,1680,1674.433,1697.0,5.567,0.6588,3.6564,0.1802,정상,0,0,0,
WeldingTest_01_OK,769,2022-02-10 11:05:25.379,20,29,250,241.1,83,1670,1703,1709.306,1719.0,6.306,0.7086,3.6564,0.1938,정상,0,0,0,
WeldingTest_01_OK,770,2022-02-10 11:05:27.977,20,30,250,241.2,82,1154,1683,1676.31,1698.0,6.69,0.8214,3.6564,0.2246,정상,0,0,0,
WeldingTest_01_OK,771,2022-02-10 11:05:32.445,20,31,30,19.4,38,650,683,692.501,690.0,9.501,2.7592,3.6564,0.7546,정상,0,0,0,
WeldingTest_01_OK,772,2022-02-10 11:05:34.055,20,32,30,19.4,38,650,683,675.041,688.0,7.959,2.1273,3.6564,0.5818,정상,0,0,0,
WeldingTest_01_OK,773,2022-02-10 11:05:37.153,20,33,30,19.4,38,650,683,684.835,690.0,1.835,0.3168,3.6564,0.0866,정상,0,0,0,
WeldingTest_01_OK,774,2022-02-10 11:05:38.923,20,34,30,19.4,38,650,683,679.99,690.0,3.01,0.7202,3.6564,0.197,정상,0,0,0,
WeldingTest_01_OK,775,2022-02-10 11:05:42.453,20,35,30,19.4,38,650,683,681.94,690.0,1.06,0.2446,3.6564,0.0669,정상,0,0,0,
WeldingTest_01_OK,776,2022-02-10 11:05:44.175,20,36,30,19.4,38,650,683,684.484,690.0,1.484,0.3672,3.6564,0.1004,정상,0,0,0,
WeldingTest_01_OK,777,2022-02-10 11:05:45.903,20,37,30,19.4,38,650,682,685.44,688.0,3.44,0.9647,3.6564,0.2638,정상,0,0,0,
WeldingTest_01_OK,778,2022-02-10 11:05:48.889,20,38,30,19.4,38,650,683,685.553,690.0,2.553,0.635,3.6564,0.1737,정상,0,0,0,
WeldingTest_01_OK,779,2022-02-10 11:05:50.353,20,39,30,19.4,38,650,682,683.255,688.0,1.255,0.276,3.6564,0.0755,정상,0,0,0,
WeldingTest_01_OK,780,2022-02-10 11:13:15.426,21,1,250,241.1,82,1154,1662,1682.847,1682.0,20.847,1.9937,3.6564,0.5453,정상,0,0,0,
WeldingTest_01_OK,781,2022-02-10 11:13:18.730,21,2,250,241.2,83,1670,1687,1701.969,1707.0,14.969,1.8387,3.6564,0.5029,정상,0,0,0,
WeldingTest_01_OK,782,2022-02-10 11:13:21.590,21,3,250,241.1,82,1153,1669,1683.098,1689.0,14.098,1.7456,3.6564,0.4774,정상,0,0,0,
WeldingTest_01_OK,783,2022-02-10 11:13:24.806,21,4,250,241.2,83,1670,1693,1703.064,1712.0,10.064,1.1947,3.6564,0.3267,정상,0,0,0,
WeldingTest_01_OK,784,2022-02-10 11:13:27.556,21,5,250,241.1,82,1154,1673,1674.762,1692.0,1.762,0.1551,3.6564,0.0424,정상,0,0,0,
WeldingTest_01_OK,785,2022-02-10 11:13:30.796,21,6,250,241.2,83,1670,1695,1703.364,1714.0,8.364,1.0086,3.6564,0.2759,정상,0,0,0,
WeldingTest_01_OK,786,2022-02-10 11:13:36.626,21,7,250,241.1,82,1153,1671,1676.898,1690.0,5.898,0.7067,3.6564,0.1933,정상,0,0,0,
WeldingTest_01_OK,787,2022-02-10 11:13:39.912,21,8,250,241.2,83,1670,1695,1704.722,1714.0,9.722,1.1523,3.6564,0.3151,정상,0,0,0,
WeldingTest_01_OK,788,2022-02-10 11:13:42.800,21,9,250,241.1,82,1154,1675,1678.034,1694.0,3.034,0.332,3.6564,0.0908,정상,0,0,0,
WeldingTest_01_OK,789,2022-02-10 11:13:46.006,21,10,250,241.2,83,1670,1698,1704.904,1717.0,6.904,0.8145,3.6564,0.2228,정상,0,0,0,
WeldingTest_01_OK,790,2022-02-10 11:13:48.768,21,11,250,241.1,82,1154,1678,1677.435,1695.0,0.565,0.0349,3.6564,0.0095,정상,0,0,0,
WeldingTest_01_OK,791,2022-02-10 11:13:52.030,21,12,250,241.2,83,1670,1700,1705.707,1718.0,5.707,0.6828,3.6564,0.1867,정상,0,0,0,
WeldingTest_01_OK,792,2022-02-10 11:13:56.580,21,13,30,19.4,38,650,682,689.701,690.0,7.701,2.156,3.6564,0.5897,정상,0,0,0,
WeldingTest_01_OK,793,2022-02-10 11:13:58.264,21,14,30,19.4,38,650,682,676.309,688.0,5.691,1.5347,3.6564,0.4197,정상,0,0,0,
WeldingTest_01_OK,794,2022-02-10 11:14:01.208,21,15,30,19.4,38,650,682,683.101,688.0,1.101,0.2118,3.6564,0.0579,정상,0,0,0,
WeldingTest_01_OK,795,2022-02-10 11:14:04.618,21,16,30,19.4,38,650,682,679.478,688.0,2.522,0.7055,3.6564,0.193,정상,0,0,0,
WeldingTest_01_OK,796,2022-02-10 11:14:06.380,21,17,30,19.4,38,650,682,682.349,688.0,0.349,0.0775,3.6564,0.0212,정상,0,0,0,
WeldingTest_01_OK,797,2022-02-10 11:14:08.072,21,18,30,19.4,38,650,682,684.495,688.0,2.495,0.6979,3.6564,0.1909,정상,0,0,0,
WeldingTest_01_OK,798,2022-02-10 11:14:28.356,21,19,250,241.1,83,1670,1690,1698.974,1708.0,8.974,0.9328,3.6564,0.2551,정상,0,0,0,
WeldingTest_01_OK,799,2022-02-10 11:14:31.110,21,20,250,241.2,82,1154,1674,1680.544,1692.0,6.544,0.7679,3.6564,0.21,정상,0,0,0,
WeldingTest_01_OK,800,2022-02-10 11:14:34.538,21,21,250,241.1,83,1670,1697,1709.868,1714.0,12.868,1.5457,3.6564,0.4227,정상,0,0,0,
WeldingTest_01_OK,801,2022-02-10 11:14:37.200,21,22,250,241.2,82,1154,1677,1673.035,1694.0,3.965,0.4803,3.6564,0.1314,정상,0,0,0,
WeldingTest_01_OK,802,2022-02-10 11:14:40.582,21,23,250,241.1,83,1670,1699,1706.625,1717.0,7.625,0.9048,3.6564,0.2475,정상,0,0,0,
WeldingTest_01_OK,803,2022-02-10 11:14:43.262,21,24,250,241.2,82,1154,1679,1672.629,1695.0,6.371,0.7432,3.6564,0.2033,정상,0,0,0,
WeldingTest_01_OK,804,2022-02-10 11:14:49.676,21,25,250,241.1,83,1670,1698,1707.821,1714.0,9.821,1.1744,3.6564,0.3212,정상,0,0,0,
WeldingTest_01_OK,805,2022-02-10 11:14:52.290,21,26,250,241.2,82,1154,1678,1673.322,1695.0,4.678,0.5526,3.6564,0.1511,정상,0,0,0,
WeldingTest_01_OK,806,2022-02-10 11:14:55.742,21,27,250,241.1,83,1670,1702,1707.722,1718.0,5.722,0.6738,3.6564,0.1843,정상,0,0,0,
WeldingTest_01_OK,807,2022-02-10 11:14:58.372,21,28,250,241.2,82,1154,1680,1674.322,1697.0,5.678,0.6731,3.6564,0.1841,정상,0,0,0,
WeldingTest_01_OK,808,2022-02-10 11:15:01.888,21,29,250,241.1,83,1670,1703,1709.306,1719.0,6.306,0.7086,3.6564,0.1938,정상,0,0,0,
WeldingTest_01_OK,809,2022-02-10 11:15:04.478,21,30,250,241.2,82,1154,1682,1676.31,1698.0,5.69,0.6929,3.6564,0.1895,정상,0,0,0,
WeldingTest_01_OK,810,2022-02-10 11:15:08.824,21,31,30,19.4,38,650,683,692.501,690.0,9.501,2.7592,3.6564,0.7546,정상,0,0,0,
WeldingTest_01_OK,811,2022-02-10 11:15:10.356,21,32,30,19.4,38,650,682,674.916,688.0,7.084,1.8726,3.6564,0.5121,정상,0,0,0,
WeldingTest_01_OK,812,2022-02-10 11:15:13.422,21,33,30,19.4,38,650,683,682.887,690.0,0.113,0.1815,3.6564,0.0496,정상,0,0,0,
WeldingTest_01_OK,813,2022-02-10 11:15:15.224,21,34,30,19.4,38,650,683,680.027,690.0,2.973,0.7093,3.6564,0.194,정상,0,0,0,
WeldingTest_01_OK,814,2022-02-10 11:15:18.718,21,35,30,19.4,38,650,683,681.932,690.0,1.068,0.2471,3.6564,0.0676,정상,0,0,0,
WeldingTest_01_OK,815,2022-02-10 11:15:20.468,21,36,30,19.4,38,650,682,681.913,690.0,0.087,0.0381,3.6564,0.0104,정상,0,0,0,
WeldingTest_01_OK,816,2022-02-10 11:15:22.168,21,37,30,19.4,38,650,682,685.654,688.0,3.654,1.0265,3.6564,0.2807,정상,0,0,0,
WeldingTest_01_OK,817,2022-02-10 11:15:25.200,21,38,30,19.4,38,650,683,684.818,690.0,1.818,0.4225,3.6564,0.1155,정상,0,0,0,
WeldingTest_01_OK,818,2022-02-10 11:15:26.634,21,39,30,19.4,38,650,682,683.255,688.0,1.255,0.276,3.6564,0.0755,정상,0,0,0,
WeldingTest_01_OK,819,2022-02-10 11:27:30.504,22,1,250,241.1,82,1154,1662,1682.847,1682.0,20.847,1.9937,3.6564,0.5453,정상,0,0,0,
WeldingTest_01_OK,820,2022-02-10 11:27:33.824,22,2,250,241.2,83,1670,1687,1701.937,1707.0,14.937,1.8347,3.6564,0.5018,정상,0,0,0,
WeldingTest_01_OK,821,2022-02-10 11:27:36.656,22,3,250,241.1,82,1153,1669,1682.572,1689.0,13.572,1.6783,3.6564,0.459,정상,0,0,0,
WeldingTest_01_OK,822,2022-02-10 11:27:39.904,22,4,250,241.2,83,1670,1693,1703.032,1712.0,10.032,1.1908,3.6564,0.3257,정상,0,0,0,
WeldingTest_01_OK,823,2022-02-10 11:27:42.654,22,5,250,241.1,82,1154,1673,1674.762,1692.0,1.762,0.1551,3.6564,0.0424,정상,0,0,0,
WeldingTest_01_OK,824,2022-02-10 11:27:45.886,22,6,250,241.2,83,1670,1695,1703.383,1714.0,8.383,1.0111,3.6564,0.2765,정상,0,0,0,
WeldingTest_01_OK,825,2022-02-10 11:27:51.704,22,7,250,241.1,82,1153,1670,1676.898,1690.0,6.898,0.8344,3.6564,0.2282,정상,0,0,0,
WeldingTest_01_OK,826,2022-02-10 11:27:54.866,22,8,250,241.2,83,1670,1695,1705.046,1714.0,10.046,1.1925,3.6564,0.3261,정상,0,0,0,
WeldingTest_01_OK,827,2022-02-10 11:27:57.648,22,9,250,241.1,82,1154,1675,1677.458,1694.0,2.458,0.2586,3.6564,0.0707,정상,0,0,0,
WeldingTest_01_OK,828,2022-02-10 11:28:00.896,22,10,250,241.2,83,1670,1698,1704.876,1717.0,6.876,0.811,3.6564,0.2218,정상,0,0,0,
WeldingTest_01_OK,829,2022-02-10 11:28:03.666,22,11,250,241.1,82,1154,1677,1677.133,1695.0,0.133,0.0205,3.6564,0.0056,정상,0,0,0,
WeldingTest_01_OK,830,2022-02-10 11:28:06.996,22,12,250,241.2,83,1670,1700,1704.548,1718.0,4.548,0.5392,3.6564,0.1475,정상,0,0,0,
WeldingTest_01_OK,831,2022-02-10 11:28:11.578,22,13,30,19.4,38,650,682,689.737,690.0,7.737,2.1668,3.6564,0.5926,정상,0,0,0,
WeldingTest_01_OK,832,2022-02-10 11:28:13.280,22,14,30,19.4,38,650,682,677.797,688.0,4.203,1.1011,3.6564,0.3011,정상,0,0,0,
WeldingTest_01_OK,833,2022-02-10 11:28:16.214,22,15,30,19.4,38,650,682,682.946,688.0,0.946,0.1667,3.6564,0.0456,정상,0,0,0,
WeldingTest_01_OK,834,2022-02-10 11:28:19.630,22,16,30,19.4,38,650,682,679.478,688.0,2.522,0.7055,3.6564,0.193,정상,0,0,0,
WeldingTest_01_OK,835,2022-02-10 11:28:21.392,22,17,30,19.4,38,650,682,682.349,688.0,0.349,0.0775,3.6564,0.0212,정상,0,0,0,
WeldingTest_01_OK,836,2022-02-10 11:28:23.062,22,18,30,19.4,38,650,682,682.017,688.0,0.017,0.0172,3.6564,0.0047,정상,0,0,0,
WeldingTest_01_OK,837,2022-02-10 11:28:44.150,22,19,250,241.1,83,1670,1690,1697.811,1708.0,7.811,0.799,3.6564,0.2185,정상,0,0,0,
WeldingTest_01_OK,838,2022-02-10 11:28:46.932,22,20,250,241.2,82,1154,1673,1680.19,1692.0,7.19,0.8504,3.6564,0.2326,정상,0,0,0,
WeldingTest_01_OK,839,2022-02-10 11:28:50.384,22,21,250,241.1,83,1670,1697,1710.037,1714.0,13.037,1.5666,3.6564,0.4284,정상,0,0,0,
WeldingTest_01_OK,840,2022-02-10 11:28:52.970,22,22,250,241.2,82,1154,1677,1672.958,1694.0,4.042,0.4903,3.6564,0.1341,정상,0,0,0,
WeldingTest_01_OK,841,2022-02-10 11:28:56.412,22,23,250,241.1,83,1670,1699,1706.634,1717.0,7.634,0.906,3.6564,0.2478,정상,0,0,0,
WeldingTest_01_OK,842,2022-02-10 11:28:59.132,22,24,250,241.2,82,1154,1679,1672.624,1695.0,6.376,0.7439,3.6564,0.2035,정상,0,0,0,
WeldingTest_01_OK,843,2022-02-10 11:29:05.582,22,25,250,241.1,83,1670,1698,1707.821,1714.0,9.821,1.1744,3.6564,0.3212,정상,0,0,0,
WeldingTest_01_OK,844,2022-02-10 11:29:08.298,22,26,250,241.2,82,1154,1678,1673.322,1695.0,4.678,0.5527,3.6564,0.1511,정상,0,0,0,
WeldingTest_01_OK,845,2022-02-10 11:29:11.704,22,27,250,241.1,83,1670,1702,1707.719,1718.0,5.719,0.6735,3.6564,0.1842,정상,0,0,0,
WeldingTest_01_OK,846,2022-02-10 11:29:14.356,22,28,250,241.2,82,1154,1680,1674.433,1697.0,5.567,0.6588,3.6564,0.1802,정상,0,0,0,
WeldingTest_01_OK,847,2022-02-10 11:29:17.864,22,29,250,241.1,83,1670,1703,1709.306,1719.0,6.306,0.7086,3.6564,0.1938,정상,0,0,0,
WeldingTest_01_OK,848,2022-02-10 11:29:20.472,22,30,250,241.2,82,1154,1682,1676.303,1698.0,5.697,0.6937,3.6564,0.1897,정상,0,0,0,
WeldingTest_01_OK,849,2022-02-10 11:29:24.848,22,31,30,19.4,38,650,683,692.501,690.0,9.501,2.7592,3.6564,0.7546,정상,0,0,0,
WeldingTest_01_OK,850,2022-02-10 11:29:26.368,22,32,30,19.4,38,650,682,674.916,688.0,7.084,1.8726,3.6564,0.5121,정상,0,0,0,
WeldingTest_01_OK,851,2022-02-10 11:29:29.452,22,33,30,19.4,38,650,683,684.814,690.0,1.814,0.3107,3.6564,0.085,정상,0,0,0,
WeldingTest_01_OK,852,2022-02-10 11:29:31.152,22,34,30,19.4,38,650,682,683.214,690.0,1.214,0.1986,3.6564,0.0543,정상,0,0,0,
WeldingTest_01_OK,853,2022-02-10 11:29:34.650,22,35,30,19.4,38,650,683,681.932,690.0,1.068,0.2471,3.6564,0.0676,정상,0,0,0,
WeldingTest_01_OK,854,2022-02-10 11:29:36.364,22,36,30,19.4,38,650,682,684.419,690.0,2.419,0.6383,3.6564,0.1746,정상,0,0,0,
WeldingTest_01_OK,855,2022-02-10 11:29:38.084,22,37,30,19.4,38,650,682,685.472,688.0,3.472,0.9738,3.6564,0.2663,정상,0,0,0,
WeldingTest_01_OK,856,2022-02-10 11:29:41.098,22,38,30,19.4,38,650,683,685.204,690.0,2.204,0.5341,3.6564,0.1461,정상,0,0,0,
WeldingTest_01_OK,857,2022-02-10 11:29:42.564,22,39,30,19.4,38,650,682,683.255,688.0,1.255,0.276,3.6564,0.0755,정상,0,0,0,
WeldingTest_01_OK,858,2022-02-10 11:30:29.732,23,1,250,241.1,82,1154,1667,1684.076,1682.0,17.076,1.5515,3.6564,0.4243,정상,0,0,0,
WeldingTest_01_OK,859,2022-02-10 11:30:33.000,23,2,250,241.2,83,1670,1693,1702.193,1707.0,9.193,1.1199,3.6564,0.3063,정상,0,0,0,
WeldingTest_01_OK,860,2022-02-10 11:30:35.782,23,3,250,241.1,82,1153,1674,1682.813,1689.0,8.813,1.0704,3.6564,0.2927,정상,0,0,0,
WeldingTest_01_OK,861,2022-02-10 11:30:38.982,23,4,250,241.2,83,1670,1698,1703.064,1712.0,5.064,0.5732,3.6564,0.1568,정상,0,0,0,
WeldingTest_01_OK,862,2022-02-10 11:30:41.760,23,5,250,241.1,82,1154,1677,1678.645,1692.0,1.645,0.14,3.6564,0.0383,정상,0,0,0,
WeldingTest_01_OK,863,2022-02-10 11:30:45.098,23,6,250,241.2,83,1670,1700,1703.088,1714.0,3.088,0.3531,3.6564,0.0966,정상,0,0,0,
WeldingTest_01_OK,864,2022-02-10 11:30:50.846,23,7,250,241.1,82,1153,1675,1676.898,1690.0,1.898,0.1958,3.6564,0.0536,정상,0,0,0,
WeldingTest_01_OK,865,2022-02-10 11:30:54.076,23,8,250,241.2,83,1670,1699,1704.977,1714.0,5.977,0.6888,3.6564,0.1884,정상,0,0,0,
WeldingTest_01_OK,866,2022-02-10 11:30:56.836,23,9,250,241.1,82,1154,1679,1677.888,1694.0,1.112,0.0867,3.6564,0.0237,정상,0,0,0,
WeldingTest_01_OK,867,2022-02-10 11:31:00.104,23,10,250,241.2,83,1670,1702,1706.375,1717.0,4.375,0.5017,3.6564,0.1372,정상,0,0,0,
WeldingTest_01_OK,868,2022-02-10 11:31:02.940,23,11,250,241.1,82,1154,1680,1679.133,1695.0,0.867,0.0736,3.6564,0.0201,정상,0,0,0,
WeldingTest_01_OK,869,2022-02-10 11:31:06.206,23,12,250,241.2,83,1670,1703,1707.29,1718.0,4.29,0.5074,3.6564,0.1388,정상,0,0,0,
WeldingTest_01_OK,870,2022-02-10 11:31:10.883,23,13,30,19.4,38,650,683,691.634,690.0,8.634,2.4341,3.6564,0.6657,정상,0,0,0,
WeldingTest_01_OK,871,2022-02-10 11:31:12.573,23,14,30,19.4,38,650,683,676.309,688.0,6.691,1.8262,3.6564,0.4995,정상,0,0,0,
WeldingTest_01_OK,872,2022-02-10 11:31:15.505,23,15,30,19.4,38,650,683,682.946,688.0,0.054,0.0915,3.6564,0.025,정상,0,0,0,
WeldingTest_01_OK,873,2022-02-10 11:31:18.899,23,16,30,19.4,38,650,683,679.478,688.0,3.522,0.9963,3.6564,0.2725,정상,0,0,0,
WeldingTest_01_OK,874,2022-02-10 11:31:20.577,23,17,30,19.4,38,650,683,684.655,688.0,1.655,0.454,3.6564,0.1242,정상,0,0,0,
WeldingTest_01_OK,875,2022-02-10 11:31:22.277,23,18,30,19.4,38,650,682,684.495,688.0,2.495,0.6979,3.6564,0.1909,정상,0,0,0,
WeldingTest_01_OK,876,2022-02-10 11:31:42.981,23,19,250,241.1,83,1670,1693,1697.964,1708.0,4.964,0.4714,3.6564,0.1289,정상,0,0,0,
WeldingTest_01_OK,877,2022-02-10 11:31:45.577,23,20,250,241.2,82,1154,1675,1676.395,1692.0,1.395,0.1104,3.6564,0.0302,정상,0,0,0,
WeldingTest_01_OK,878,2022-02-10 11:31:49.037,23,21,250,241.1,83,1670,1699,1710.076,1714.0,11.076,1.3249,3.6564,0.3624,정상,0,0,0,
WeldingTest_01_OK,879,2022-02-10 11:31:51.689,23,22,250,241.2,82,1154,1679,1673.04,1694.0,5.96,0.7357,3.6564,0.2012,정상,0,0,0,
WeldingTest_01_OK,880,2022-02-10 11:31:55.147,23,23,250,241.1,83,1670,1702,1708.196,1717.0,6.196,0.7275,3.6564,0.199,정상,0,0,0,
WeldingTest_01_OK,881,2022-02-10 11:31:57.755,23,24,250,241.2,82,1154,1680,1674.058,1695.0,5.942,0.6881,3.6564,0.1882,정상,0,0,0,
WeldingTest_01_OK,882,2022-02-10 11:32:04.199,23,25,250,241.1,83,1670,1699,1708.616,1714.0,9.616,1.149,3.6564,0.3142,정상,0,0,0,
WeldingTest_01_OK,883,2022-02-10 11:32:06.819,23,26,250,241.2,82,1154,1680,1673.326,1695.0,6.674,0.809,3.6564,0.2212,정상,0,0,0,
WeldingTest_01_OK,884,2022-02-10 11:32:10.315,23,27,250,241.1,83,1670,1703,1709.342,1718.0,6.342,0.7508,3.6564,0.2053,정상,0,0,0,
WeldingTest_01_OK,885,2022-02-10 11:32:12.963,23,28,250,241.2,82,1154,1682,1676.386,1697.0,5.614,0.6649,3.6564,0.1818,정상,0,0,0,
WeldingTest_01_OK,886,2022-02-10 11:32:16.419,23,29,250,241.1,83,1670,1704,1710.297,1719.0,6.297,0.7075,3.6564,0.1935,정상,0,0,0,
WeldingTest_01_OK,887,2022-02-10 11:32:19.071,23,30,250,241.2,82,1154,1683,1683.186,1698.0,0.186,0.0142,3.6564,0.0039,정상,0,0,0,
WeldingTest_01_OK,888,2022-02-10 11:32:23.435,23,31,30,19.4,38,650,683,692.501,690.0,9.501,2.7592,3.6564,0.7546,정상,0,0,0,
WeldingTest_01_OK,889,2022-02-10 11:32:25.045,23,32,30,19.4,38,650,683,675.041,688.0,7.959,2.1273,3.6564,0.5818,정상,0,0,0,
WeldingTest_01_OK,890,2022-02-10 11:32:28.143,23,33,30,19.4,38,650,683,684.835,690.0,1.835,0.3168,3.6564,0.0866,정상,0,0,0,
WeldingTest_01_OK,891,2022-02-10 11:32:29.911,23,34,30,19.4,38,650,683,679.99,690.0,3.01,0.7202,3.6564,0.197,정상,0,0,0,
WeldingTest_01_OK,892,2022-02-10 11:32:33.445,23,35,30,19.4,38,650,683,681.94,690.0,1.06,0.2446,3.6564,0.0669,정상,0,0,0,
WeldingTest_01_OK,893,2022-02-10 11:32:35.147,23,36,30,19.4,38,650,683,683.598,690.0,0.598,0.1101,3.6564,0.0301,정상,0,0,0,
WeldingTest_01_OK,894,2022-02-10 11:32:36.879,23,37,30,19.4,38,650,683,685.362,688.0,2.362,0.6535,3.6564,0.1787,정상,0,0,0,
WeldingTest_01_OK,895,2022-02-10 11:32:39.849,23,38,30,19.4,38,650,683,685.529,690.0,2.529,0.6281,3.6564,0.1718,정상,0,0,0,
WeldingTest_01_OK,896,2022-02-10 11:32:41.345,23,39,30,19.4,38,650,682,683.213,688.0,1.213,0.264,3.6564,0.0722,정상,0,0,0,
WeldingTest_01_OK,897,2022-02-10 11:33:27.621,24,1,250,241.1,82,1154,1667,1684.187,1682.0,17.187,1.5645,3.6564,0.4279,정상,0,0,0,
WeldingTest_01_OK,898,2022-02-10 11:33:30.931,24,2,250,241.2,83,1670,1694,1701.969,1707.0,7.969,0.9675,3.6564,0.2646,정상,0,0,0,
WeldingTest_01_OK,899,2022-02-10 11:33:33.769,24,3,250,241.1,82,1153,1674,1683.309,1689.0,9.309,1.1337,3.6564,0.3101,정상,0,0,0,
WeldingTest_01_OK,900,2022-02-10 11:33:37.101,24,4,250,241.2,83,1670,1698,1702.759,1712.0,4.759,0.5354,3.6564,0.1464,정상,0,0,0,
WeldingTest_01_OK,901,2022-02-10 11:33:39.945,24,5,250,241.1,82,1154,1677,1679.51,1692.0,2.51,0.251,3.6564,0.0686,정상,0,0,0,
WeldingTest_01_OK,902,2022-02-10 11:33:43.229,24,6,250,241.2,83,1670,1700,1703.129,1714.0,3.129,0.3582,3.6564,0.098,정상,0,0,0,
WeldingTest_01_OK,903,2022-02-10 11:33:49.119,24,7,250,241.1,82,1153,1675,1676.932,1690.0,1.932,0.2002,3.6564,0.0548,정상,0,0,0,
WeldingTest_01_OK,904,2022-02-10 11:33:52.411,24,8,250,241.2,83,1670,1700,1704.722,1714.0,4.722,0.5334,3.6564,0.1459,정상,0,0,0,
WeldingTest_01_OK,905,2022-02-10 11:33:55.101,24,9,250,241.1,82,1154,1680,1673.771,1694.0,6.229,0.7402,3.6564,0.2024,정상,0,0,0,
WeldingTest_01_OK,906,2022-02-10 11:33:58.395,24,10,250,241.2,83,1670,1703,1707.315,1717.0,4.315,0.4943,3.6564,0.1352,정상,0,0,0,
WeldingTest_01_OK,907,2022-02-10 11:34:01.145,24,11,250,241.1,82,1154,1682,1676.572,1695.0,5.428,0.6582,3.6564,0.18,정상,0,0,0,
WeldingTest_01_OK,908,2022-02-10 11:34:04.409,24,12,250,241.2,83,1670,1704,1708.706,1718.0,4.706,0.5589,3.6564,0.1528,정상,0,0,0,
WeldingTest_01_OK,909,2022-02-10 11:34:09.011,24,13,30,19.4,38,650,683,692.013,690.0,9.013,2.5469,3.6564,0.6966,정상,0,0,0,
WeldingTest_01_OK,910,2022-02-10 11:34:10.809,24,14,30,19.4,38,650,683,677.732,688.0,5.268,1.4117,3.6564,0.3861,정상,0,0,0,
WeldingTest_01_OK,911,2022-02-10 11:34:13.811,24,15,30,19.4,38,650,683,686.163,688.0,3.163,0.8094,3.6564,0.2214,정상,0,0,0,
WeldingTest_01_OK,912,2022-02-10 11:34:17.207,24,16,30,19.4,38,650,683,679.478,688.0,3.522,0.9963,3.6564,0.2725,정상,0,0,0,
WeldingTest_01_OK,913,2022-02-10 11:34:18.905,24,17,30,19.4,38,650,683,687.783,688.0,4.783,1.3557,3.6564,0.3708,정상,0,0,0,
WeldingTest_01_OK,914,2022-02-10 11:34:20.707,24,18,30,19.4,38,650,683,678.582,688.0,4.418,1.253,3.6564,0.3427,정상,0,0,0,
WeldingTest_01_OK,915,2022-02-10 11:34:41.109,24,19,250,241.1,83,1670,1693,1698.288,1708.0,5.288,0.5087,3.6564,0.1391,정상,0,0,0,
WeldingTest_01_OK,916,2022-02-10 11:34:43.795,24,20,250,241.2,82,1154,1677,1676.286,1692.0,0.714,0.0234,3.6564,0.0064,정상,0,0,0,
WeldingTest_01_OK,917,2022-02-10 11:34:47.191,24,21,250,241.1,83,1670,1699,1709.887,1714.0,10.887,1.3015,3.6564,0.356,정상,0,0,0,
WeldingTest_01_OK,918,2022-02-10 11:34:49.891,24,22,250,241.2,82,1154,1679,1672.985,1694.0,6.015,0.7427,3.6564,0.2031,정상,0,0,0,
WeldingTest_01_OK,919,2022-02-10 11:34:53.317,24,23,250,241.1,83,1670,1702,1707.987,1717.0,5.987,0.7016,3.6564,0.1919,정상,0,0,0,
WeldingTest_01_OK,920,2022-02-10 11:34:56.037,24,24,250,241.2,82,1154,1680,1674.118,1695.0,5.882,0.6805,3.6564,0.1861,정상,0,0,0,
WeldingTest_01_OK,921,2022-02-10 11:35:02.457,24,25,250,241.1,83,1670,1699,1708.616,1714.0,9.616,1.149,3.6564,0.3142,정상,0,0,0,
WeldingTest_01_OK,922,2022-02-10 11:35:05.077,24,26,250,241.2,82,1154,1680,1673.326,1695.0,6.674,0.809,3.6564,0.2212,정상,0,0,0,
WeldingTest_01_OK,923,2022-02-10 11:35:08.503,24,27,250,241.1,83,1670,1703,1709.156,1718.0,6.156,0.7278,3.6564,0.199,정상,0,0,0,
WeldingTest_01_OK,924,2022-02-10 11:35:11.069,24,28,250,241.2,82,1154,1682,1676.397,1697.0,5.603,0.6635,3.6564,0.1815,정상,0,0,0,
WeldingTest_01_OK,925,2022-02-10 11:35:14.591,24,29,250,241.1,83,1670,1704,1710.296,1719.0,6.296,0.7073,3.6564,0.1934,정상,0,0,0,
WeldingTest_01_OK,926,2022-02-10 11:35:17.145,24,30,250,241.2,82,1154,1683,1683.209,1698.0,0.209,0.0112,3.6564,0.0031,정상,0,0,0,
WeldingTest_01_OK,927,2022-02-10 11:35:21.409,24,31,30,19.4,38,650,683,692.454,690.0,9.454,2.7452,3.6564,0.7508,정상,0,0,0,
WeldingTest_01_OK,928,2022-02-10 11:35:22.969,24,32,30,19.4,38,650,683,675.0,688.0,8.0,2.1392,3.6564,0.5851,정상,0,0,0,
WeldingTest_01_OK,929,2022-02-10 11:35:26.067,24,33,30,19.4,38,650,683,684.835,690.0,1.835,0.3168,3.6564,0.0866,정상,0,0,0,
WeldingTest_01_OK,930,2022-02-10 11:35:27.809,24,34,30,19.4,38,650,683,682.728,690.0,0.272,0.075,3.6564,0.0205,정상,0,0,0,
WeldingTest_01_OK,931,2022-02-10 11:35:31.343,24,35,30,19.4,38,650,683,681.94,690.0,1.06,0.2446,3.6564,0.0669,정상,0,0,0,
WeldingTest_01_OK,932,2022-02-10 11:35:33.077,24,36,30,19.4,38,650,683,684.398,690.0,1.398,0.3422,3.6564,0.0936,정상,0,0,0,
WeldingTest_01_OK,933,2022-02-10 11:35:34.801,24,37,30,19.4,38,650,683,685.485,688.0,2.485,0.6891,3.6564,0.1885,정상,0,0,0,
WeldingTest_01_OK,934,2022-02-10 11:35:37.847,24,38,30,19.4,38,650,683,684.818,690.0,1.818,0.4225,3.6564,0.1155,정상,0,0,0,
WeldingTest_01_OK,935,2022-02-10 11:35:39.347,24,39,30,19.4,38,650,683,683.213,688.0,0.213,0.0251,3.6564,0.0069,정상,0,0,0,
WeldingTest_01_OK,936,2022-02-10 11:37:50.577,25,1,250,241.1,82,1154,1663,1682.847,1682.0,19.847,1.8764,3.6564,0.5132,정상,0,0,0,
WeldingTest_01_OK,937,2022-02-10 11:37:53.833,25,2,250,241.2,83,1670,1689,1702.203,1707.0,13.203,1.619,3.6564,0.4428,정상,0,0,0,
WeldingTest_01_OK,938,2022-02-10 11:37:56.707,25,3,250,241.1,82,1153,1671,1683.195,1689.0,12.195,1.5024,3.6564,0.4109,정상,0,0,0,
WeldingTest_01_OK,939,2022-02-10 11:37:59.981,25,4,250,241.2,83,1670,1694,1702.798,1712.0,8.798,1.0373,3.6564,0.2837,정상,0,0,0,
WeldingTest_01_OK,940,2022-02-10 11:38:02.749,25,5,250,241.1,82,1154,1674,1678.645,1692.0,4.645,0.5244,3.6564,0.1434,정상,0,0,0,
WeldingTest_01_OK,941,2022-02-10 11:38:06.009,25,6,250,241.2,83,1670,1697,1703.362,1714.0,6.362,0.7599,3.6564,0.2078,정상,0,0,0,
WeldingTest_01_OK,942,2022-02-10 11:38:11.737,25,7,250,241.1,82,1153,1673,1676.898,1690.0,3.898,0.4513,3.6564,0.1234,정상,0,0,0,
WeldingTest_01_OK,943,2022-02-10 11:38:15.000,25,8,250,241.2,83,1670,1697,1704.954,1714.0,7.954,0.9335,3.6564,0.2553,정상,0,0,0,
WeldingTest_01_OK,944,2022-02-10 11:38:17.844,25,9,250,241.1,82,1154,1677,1678.074,1694.0,1.074,0.0818,3.6564,0.0224,정상,0,0,0,
WeldingTest_01_OK,945,2022-02-10 11:38:21.220,25,10,250,241.2,83,1670,1699,1704.576,1717.0,5.576,0.6502,3.6564,0.1778,정상,0,0,0,
WeldingTest_01_OK,946,2022-02-10 11:38:24.058,25,11,250,241.1,82,1154,1678,1677.803,1695.0,0.197,0.0123,3.6564,0.0034,정상,0,0,0,
WeldingTest_01_OK,947,2022-02-10 11:38:27.296,25,12,250,241.2,83,1670,1702,1705.711,1718.0,3.711,0.4356,3.6564,0.1191,정상,0,0,0,
WeldingTest_01_OK,948,2022-02-10 11:38:31.758,25,13,30,19.4,38,650,683,689.702,690.0,6.702,1.8584,3.6564,0.5083,정상,0,0,0,
WeldingTest_01_OK,949,2022-02-10 11:38:33.444,25,14,30,19.4,38,650,682,676.309,688.0,5.691,1.5347,3.6564,0.4197,정상,0,0,0,
WeldingTest_01_OK,950,2022-02-10 11:38:36.396,25,15,30,19.4,38,650,683,683.101,688.0,0.101,0.078,3.6564,0.0213,정상,0,0,0,
WeldingTest_01_OK,951,2022-02-10 11:38:39.704,25,16,30,19.4,38,650,682,679.478,688.0,2.522,0.7055,3.6564,0.193,정상,0,0,0,
WeldingTest_01_OK,952,2022-02-10 11:38:41.474,25,17,30,19.4,38,650,682,682.453,688.0,0.453,0.1076,3.6564,0.0294,정상,0,0,0,
WeldingTest_01_OK,953,2022-02-10 11:38:43.150,25,18,30,19.4,38,650,682,682.062,688.0,0.062,0.0044,3.6564,0.0012,정상,0,0,0,
WeldingTest_01_OK,954,2022-02-10 11:39:03.796,25,19,250,241.1,83,1670,1692,1697.964,1708.0,5.964,0.5865,3.6564,0.1604,정상,0,0,0,
WeldingTest_01_OK,955,2022-02-10 11:39:06.398,25,20,250,241.2,82,1154,1674,1676.387,1692.0,2.387,0.237,3.6564,0.0648,정상,0,0,0,
WeldingTest_01_OK,956,2022-02-10 11:39:09.788,25,21,250,241.1,83,1670,1698,1709.887,1714.0,11.887,1.4248,3.6564,0.3897,정상,0,0,0,
WeldingTest_01_OK,957,2022-02-10 11:39:12.384,25,22,250,241.2,82,1154,1678,1672.955,1694.0,5.045,0.6186,3.6564,0.1692,정상,0,0,0,
WeldingTest_01_OK,958,2022-02-10 11:39:15.808,25,23,250,241.1,83,1670,1700,1707.365,1717.0,7.365,0.8726,3.6564,0.2386,정상,0,0,0,
WeldingTest_01_OK,959,2022-02-10 11:39:18.506,25,24,250,241.2,82,1154,1679,1672.63,1695.0,6.37,0.7431,3.6564,0.2032,정상,0,0,0,
WeldingTest_01_OK,960,2022-02-10 11:39:24.976,25,25,250,241.1,83,1670,1698,1707.821,1714.0,9.821,1.1744,3.6564,0.3212,정상,0,0,0,
WeldingTest_01_OK,961,2022-02-10 11:39:27.598,25,26,250,241.2,82,1154,1679,1673.321,1695.0,5.679,0.6811,3.6564,0.1863,정상,0,0,0,
WeldingTest_01_OK,962,2022-02-10 11:39:31.122,25,27,250,241.1,83,1670,1702,1708.538,1718.0,6.538,0.7752,3.6564,0.212,정상,0,0,0,
WeldingTest_01_OK,963,2022-02-10 11:39:33.762,25,28,250,241.2,82,1154,1682,1674.285,1697.0,7.715,0.9348,3.6564,0.2557,정상,0,0,0,
WeldingTest_01_OK,964,2022-02-10 11:39:37.256,25,29,250,241.1,83,1670,1703,1710.296,1719.0,7.296,0.8314,3.6564,0.2274,정상,0,0,0,
WeldingTest_01_OK,965,2022-02-10 11:39:39.848,25,30,250,241.2,82,1154,1683,1676.31,1698.0,6.69,0.8214,3.6564,0.2246,정상,0,0,0,
WeldingTest_01_OK,966,2022-02-10 11:39:44.310,25,31,30,19.4,38,650,683,692.501,690.0,9.501,2.7592,3.6564,0.7546,정상,0,0,0,
WeldingTest_01_OK,967,2022-02-10 11:39:45.832,25,32,30,19.4,38,650,683,674.916,688.0,8.084,2.1639,3.6564,0.5918,정상,0,0,0,
WeldingTest_01_OK,968,2022-02-10 11:39:48.936,25,33,30,19.4,38,650,683,684.835,690.0,1.835,0.3168,3.6564,0.0866,정상,0,0,0,
WeldingTest_01_OK,969,2022-02-10 11:39:50.696,25,34,30,19.4,38,650,683,680.787,690.0,2.213,0.4887,3.6564,0.1336,정상,0,0,0,
WeldingTest_01_OK,970,2022-02-10 11:39:54.130,25,35,30,19.4,38,650,683,686.079,690.0,3.079,0.829,3.6564,0.2267,정상,0,0,0,
WeldingTest_01_OK,971,2022-02-10 11:39:55.816,25,36,30,19.4,38,650,683,681.451,690.0,1.549,0.3859,3.6564,0.1056,정상,0,0,0,
WeldingTest_01_OK,972,2022-02-10 11:39:57.566,25,37,30,19.4,38,650,683,683.15,688.0,0.15,0.015,3.6564,0.0041,정상,0,0,0,
WeldingTest_01_OK,973,2022-02-10 11:40:00.534,25,38,30,19.4,38,650,683,685.529,690.0,2.529,0.6281,3.6564,0.1718,정상,0,0,0,
WeldingTest_01_OK,974,2022-02-10 11:40:02.036,25,39,30,19.4,38,650,682,683.213,688.0,1.213,0.264,3.6564,0.0722,정상,0,0,0,
WeldingTest_01_OK,975,2022-02-10 11:40:48.526,26,1,250,241.1,82,1154,1667,1684.187,1682.0,17.187,1.5645,3.6564,0.4279,정상,0,0,0,
WeldingTest_01_OK,976,2022-02-10 11:40:51.796,26,2,250,241.2,83,1670,1693,1701.969,1707.0,8.969,1.092,3.6564,0.2986,정상,0,0,0,
WeldingTest_01_OK,977,2022-02-10 11:40:54.636,26,3,250,241.1,82,1153,1675,1683.318,1689.0,8.318,1.0072,3.6564,0.2755,정상,0,0,0,
WeldingTest_01_OK,978,2022-02-10 11:40:58.012,26,4,250,241.2,83,1670,1698,1702.753,1712.0,4.753,0.5346,3.6564,0.1462,정상,0,0,0,
WeldingTest_01_OK,979,2022-02-10 11:41:00.844,26,5,250,241.1,82,1154,1677,1678.977,1692.0,1.977,0.1826,3.6564,0.0499,정상,0,0,0,
WeldingTest_01_OK,980,2022-02-10 11:41:04.098,26,6,250,241.2,83,1670,1700,1703.364,1714.0,3.364,0.3874,3.6564,0.1059,정상,0,0,0,
WeldingTest_01_OK,981,2022-02-10 11:41:09.814,26,7,250,241.1,82,1153,1675,1676.863,1690.0,1.863,0.1913,3.6564,0.0523,정상,0,0,0,
WeldingTest_01_OK,982,2022-02-10 11:41:13.104,26,8,250,241.2,83,1670,1700,1704.722,1714.0,4.722,0.5334,3.6564,0.1459,정상,0,0,0,
WeldingTest_01_OK,983,2022-02-10 11:41:15.826,26,9,250,241.1,82,1154,1679,1673.771,1694.0,5.229,0.6125,3.6564,0.1675,정상,0,0,0,
WeldingTest_01_OK,984,2022-02-10 11:41:19.106,26,10,250,241.2,83,1670,1703,1706.375,1717.0,3.375,0.3781,3.6564,0.1034,정상,0,0,0,
WeldingTest_01_OK,985,2022-02-10 11:41:21.950,26,11,250,241.1,82,1154,1680,1680.145,1695.0,0.145,0.019,3.6564,0.0052,정상,0,0,0,
WeldingTest_01_OK,986,2022-02-10 11:41:25.224,26,12,250,241.2,83,1670,1704,1707.29,1718.0,3.29,0.3835,3.6564,0.1049,정상,0,0,0,
WeldingTest_01_OK,987,2022-02-10 11:41:29.756,26,13,30,19.4,38,650,683,691.978,690.0,8.978,2.5365,3.6564,0.6937,정상,0,0,0,
WeldingTest_01_OK,988,2022-02-10 11:41:31.464,26,14,30,19.4,38,650,683,677.273,688.0,5.727,1.5453,3.6564,0.4226,정상,0,0,0,
WeldingTest_01_OK,989,2022-02-10 11:41:34.428,26,15,30,19.4,38,650,683,685.352,688.0,2.352,0.5742,3.6564,0.157,정상,0,0,0,
WeldingTest_01_OK,990,2022-02-10 11:41:37.812,26,16,30,19.4,38,650,683,679.478,688.0,3.522,0.9963,3.6564,0.2725,정상,0,0,0,
WeldingTest_01_OK,991,2022-02-10 11:41:39.576,26,17,30,19.4,38,650,683,682.349,688.0,0.651,0.1646,3.6564,0.045,정상,0,0,0,
WeldingTest_01_OK,992,2022-02-10 11:41:41.276,26,18,30,19.4,38,650,683,684.495,688.0,1.495,0.4092,3.6564,0.1119,정상,0,0,0,
WeldingTest_01_OK,993,2022-02-10 11:42:02.574,26,19,250,241.1,83,1670,1693,1697.805,1708.0,4.805,0.4532,3.6564,0.124,정상,0,0,0,
WeldingTest_01_OK,994,2022-02-10 11:42:05.192,26,20,250,241.2,82,1154,1675,1676.394,1692.0,1.394,0.1103,3.6564,0.0302,정상,0,0,0,
WeldingTest_01_OK,995,2022-02-10 11:42:08.590,26,21,250,241.1,83,1670,1699,1709.887,1714.0,10.887,1.3015,3.6564,0.356,정상,0,0,0,
WeldingTest_01_OK,996,2022-02-10 11:42:11.396,26,22,250,241.2,82,1154,1679,1677.694,1694.0,1.306,0.1401,3.6564,0.0383,정상,0,0,0,
WeldingTest_01_OK,997,2022-02-10 11:42:14.790,26,23,250,241.1,83,1670,1702,1707.978,1717.0,5.978,0.7005,3.6564,0.1916,정상,0,0,0,
WeldingTest_01_OK,998,2022-02-10 11:42:17.376,26,24,250,241.2,82,1154,1680,1674.058,1695.0,5.942,0.6881,3.6564,0.1882,정상,0,0,0,
WeldingTest_01_OK,999,2022-02-10 11:42:23.772,26,25,250,241.1,83,1670,1699,1708.616,1714.0,9.616,1.149,3.6564,0.3142,정상,0,0,0,
WeldingTest_01_OK,1000,2022-02-10 11:42:26.406,26,26,250,241.2,82,1154,1680,1673.298,1695.0,6.702,0.8125,3.6564,0.2222,정상,0,0,0,
WeldingTest_01_OK,1001,2022-02-10 11:42:29.880,26,27,250,241.1,83,1670,1703,1709.344,1718.0,6.344,0.751,3.6564,0.2054,정상,0,0,0,
WeldingTest_01_OK,1002,2022-02-10 11:42:32.494,26,28,250,241.2,82,1154,1683,1676.314,1697.0,6.686,0.8026,3.6564,0.2195,정상,0,0,0,
WeldingTest_01_OK,1003,2022-02-10 11:42:36.028,26,29,250,241.1,83,1670,1704,1710.756,1719.0,6.756,0.7645,3.6564,0.2091,정상,0,0,0,
WeldingTest_01_OK,1004,2022-02-10 11:42:38.684,26,30,250,241.2,82,1154,1683,1683.186,1698.0,0.186,0.0142,3.6564,0.0039,정상,0,0,0,
WeldingTest_01_OK,1005,2022-02-10 11:42:43.164,26,31,30,19.4,38,650,683,692.501,690.0,9.501,2.7592,3.6564,0.7546,정상,0,0,0,
WeldingTest_01_OK,1006,2022-02-10 11:42:44.652,26,32,30,19.4,38,650,683,675.002,688.0,7.998,2.1386,3.6564,0.5849,정상,0,0,0,
WeldingTest_01_OK,1007,2022-02-10 11:42:47.722,26,33,30,19.4,38,650,683,682.887,690.0,0.113,0.1815,3.6564,0.0496,정상,0,0,0,
WeldingTest_01_OK,1008,2022-02-10 11:42:49.488,26,34,30,19.4,38,650,683,679.99,690.0,3.01,0.7202,3.6564,0.197,정상,0,0,0,
WeldingTest_01_OK,1009,2022-02-10 11:42:52.920,26,35,30,19.4,38,650,683,686.079,690.0,3.079,0.829,3.6564,0.2267,정상,0,0,0,
WeldingTest_01_OK,1010,2022-02-10 11:42:54.640,26,36,30,19.4,38,650,683,684.471,690.0,1.471,0.3633,3.6564,0.0994,정상,0,0,0,
WeldingTest_01_OK,1011,2022-02-10 11:42:56.348,26,37,30,19.4,38,650,683,684.86,688.0,1.86,0.5087,3.6564,0.1391,정상,0,0,0,
WeldingTest_01_OK,1012,2022-02-10 11:42:59.344,26,38,30,19.4,38,650,683,685.553,690.0,2.553,0.635,3.6564,0.1737,정상,0,0,0,
WeldingTest_01_OK,1013,2022-02-10 11:43:00.826,26,39,30,19.4,38,650,683,683.255,688.0,0.255,0.013,3.6564,0.0036,정상,0,0,0,
WeldingTest_01_OK,1014,2022-02-10 11:46:47.785,27,1,250,241.1,82,1154,1662,1682.847,1682.0,20.847,1.9937,3.6564,0.5453,정상,0,0,0,
WeldingTest_01_OK,1015,2022-02-10 11:46:51.029,27,2,250,241.2,83,1670,1688,1702.203,1707.0,14.203,1.7434,3.6564,0.4768,정상,0,0,0,
WeldingTest_01_OK,1016,2022-02-10 11:46:53.865,27,3,250,241.1,82,1153,1669,1683.177,1689.0,14.177,1.7557,3.6564,0.4802,정상,0,0,0,
WeldingTest_01_OK,1017,2022-02-10 11:46:57.119,27,4,250,241.2,83,1670,1693,1703.032,1712.0,10.032,1.1908,3.6564,0.3257,정상,0,0,0,
WeldingTest_01_OK,1018,2022-02-10 11:46:59.945,27,5,250,241.1,82,1154,1673,1679.008,1692.0,6.008,0.699,3.6564,0.1912,정상,0,0,0,
WeldingTest_01_OK,1019,2022-02-10 11:47:03.217,27,6,250,241.2,83,1670,1697,1703.129,1714.0,6.129,0.731,3.6564,0.1999,정상,0,0,0,
WeldingTest_01_OK,1020,2022-02-10 11:47:09.155,27,7,250,241.1,82,1153,1671,1677.439,1690.0,6.439,0.7758,3.6564,0.2122,정상,0,0,0,
WeldingTest_01_OK,1021,2022-02-10 11:47:12.499,27,8,250,241.2,83,1670,1695,1704.646,1714.0,9.646,1.1428,3.6564,0.3126,정상,0,0,0,
WeldingTest_01_OK,1022,2022-02-10 11:47:15.319,27,9,250,241.1,82,1154,1675,1677.645,1694.0,2.645,0.2824,3.6564,0.0772,정상,0,0,0,
WeldingTest_01_OK,1023,2022-02-10 11:47:18.575,27,10,250,241.2,83,1670,1699,1704.876,1717.0,5.876,0.6874,3.6564,0.188,정상,0,0,0,
WeldingTest_01_OK,1024,2022-02-10 11:47:21.335,27,11,250,241.1,82,1154,1678,1677.448,1695.0,0.552,0.0332,3.6564,0.0091,정상,0,0,0,
WeldingTest_01_OK,1025,2022-02-10 11:47:24.587,27,12,250,241.2,83,1670,1700,1705.711,1718.0,5.711,0.6833,3.6564,0.1869,정상,0,0,0,
WeldingTest_01_OK,1026,2022-02-10 11:47:29.025,27,13,30,19.4,38,650,683,689.702,690.0,6.702,1.8584,3.6564,0.5083,정상,0,0,0,
WeldingTest_01_OK,1027,2022-02-10 11:47:30.757,27,14,30,19.4,38,650,682,677.921,688.0,4.079,1.065,3.6564,0.2913,정상,0,0,0,
WeldingTest_01_OK,1028,2022-02-10 11:47:33.709,27,15,30,19.4,38,650,682,683.101,688.0,1.101,0.2118,3.6564,0.0579,정상,0,0,0,
WeldingTest_01_OK,1029,2022-02-10 11:47:37.117,27,16,30,19.4,38,650,682,679.478,688.0,2.522,0.7055,3.6564,0.193,정상,0,0,0,
WeldingTest_01_OK,1030,2022-02-10 11:47:38.873,27,17,30,19.4,38,650,682,683.409,688.0,1.409,0.383,3.6564,0.1047,정상,0,0,0,
WeldingTest_01_OK,1031,2022-02-10 11:47:40.571,27,18,30,19.4,38,650,682,684.495,688.0,2.495,0.6979,3.6564,0.1909,정상,0,0,0,
WeldingTest_01_OK,1032,2022-02-10 11:48:01.013,27,19,250,241.1,83,1670,1692,1699.578,1708.0,7.578,0.7721,3.6564,0.2112,정상,0,0,0,
WeldingTest_01_OK,1033,2022-02-10 11:48:03.787,27,20,250,241.2,82,1154,1674,1680.192,1692.0,6.192,0.7229,3.6564,0.1977,정상,0,0,0,
WeldingTest_01_OK,1034,2022-02-10 11:48:07.189,27,21,250,241.1,83,1670,1698,1709.887,1714.0,11.887,1.4248,3.6564,0.3897,정상,0,0,0,
WeldingTest_01_OK,1035,2022-02-10 11:48:09.783,27,22,250,241.2,82,1154,1678,1672.955,1694.0,5.045,0.6186,3.6564,0.1692,정상,0,0,0,
WeldingTest_01_OK,1036,2022-02-10 11:48:13.199,27,23,250,241.1,83,1670,1700,1707.365,1717.0,7.365,0.8726,3.6564,0.2386,정상,0,0,0,
WeldingTest_01_OK,1037,2022-02-10 11:48:15.879,27,24,250,241.2,82,1154,1679,1672.635,1695.0,6.365,0.7425,3.6564,0.2031,정상,0,0,0,
WeldingTest_01_OK,1038,2022-02-10 11:48:22.375,27,25,250,241.1,83,1670,1698,1707.821,1714.0,9.821,1.1744,3.6564,0.3212,정상,0,0,0,
WeldingTest_01_OK,1039,2022-02-10 11:48:25.065,27,26,250,241.2,82,1154,1679,1673.38,1695.0,5.62,0.6735,3.6564,0.1842,정상,0,0,0,
WeldingTest_01_OK,1040,2022-02-10 11:48:28.507,27,27,250,241.1,83,1670,1702,1708.352,1718.0,6.352,0.7521,3.6564,0.2057,정상,0,0,0,
WeldingTest_01_OK,1041,2022-02-10 11:48:31.187,27,28,250,241.2,82,1154,1680,1674.426,1697.0,5.574,0.6598,3.6564,0.1805,정상,0,0,0,
WeldingTest_01_OK,1042,2022-02-10 11:48:34.659,27,29,250,241.1,83,1670,1703,1709.307,1719.0,6.307,0.7087,3.6564,0.1938,정상,0,0,0,
WeldingTest_01_OK,1043,2022-02-10 11:48:37.287,27,30,250,241.2,82,1154,1683,1676.299,1698.0,6.701,0.8227,3.6564,0.225,정상,0,0,0,
WeldingTest_01_OK,1044,2022-02-10 11:48:41.537,27,31,30,19.4,38,650,683,692.454,690.0,9.454,2.7452,3.6564,0.7508,정상,0,0,0,
WeldingTest_01_OK,1045,2022-02-10 11:48:42.995,27,32,30,19.4,38,650,683,675.002,688.0,7.998,2.1386,3.6564,0.5849,정상,0,0,0,
WeldingTest_01_OK,1046,2022-02-10 11:48:46.117,27,33,30,19.4,38,650,683,684.835,690.0,1.835,0.3168,3.6564,0.0866,정상,0,0,0,
WeldingTest_01_OK,1047,2022-02-10 11:48:47.885,27,34,30,19.4,38,650,683,679.99,690.0,3.01,0.7202,3.6564,0.197,정상,0,0,0,
WeldingTest_01_OK,1048,2022-02-10 11:48:51.455,27,35,30,19.4,38,650,683,681.408,690.0,1.592,0.3988,3.6564,0.1091,정상,0,0,0,
WeldingTest_01_OK,1049,2022-02-10 11:48:53.153,27,36,30,19.4,38,650,683,683.598,690.0,0.598,0.1101,3.6564,0.0301,정상,0,0,0,
WeldingTest_01_OK,1050,2022-02-10 11:48:54.865,27,37,30,19.4,38,650,682,685.419,688.0,3.419,0.9588,3.6564,0.2622,정상,0,0,0,
WeldingTest_01_OK,1051,2022-02-10 11:48:57.873,27,38,30,19.4,38,650,683,685.553,690.0,2.553,0.635,3.6564,0.1737,정상,0,0,0,
WeldingTest_01_OK,1052,2022-02-10 11:48:59.345,27,39,30,19.4,38,650,682,683.255,688.0,1.255,0.276,3.6564,0.0755,정상,0,0,0,
WeldingTest_01_OK,1053,2022-02-10 11:52:49.018,28,1,250,241.1,82,1154,1662,1682.847,1682.0,20.847,1.9937,3.6564,0.5453,정상,0,0,0,
WeldingTest_01_OK,1054,2022-02-10 11:52:52.306,28,2,250,241.2,83,1670,1688,1701.969,1707.0,13.969,1.7142,3.6564,0.4688,정상,0,0,0,
WeldingTest_01_OK,1055,2022-02-10 11:52:55.160,28,3,250,241.1,82,1153,1670,1683.195,1689.0,13.195,1.6302,3.6564,0.4458,정상,0,0,0,
WeldingTest_01_OK,1056,2022-02-10 11:52:58.396,28,4,250,241.2,83,1670,1693,1703.032,1712.0,10.032,1.1908,3.6564,0.3257,정상,0,0,0,
WeldingTest_01_OK,1057,2022-02-10 11:53:01.250,28,5,250,241.1,82,1154,1673,1679.502,1692.0,6.502,0.7623,3.6564,0.2085,정상,0,0,0,
WeldingTest_01_OK,1058,2022-02-10 11:53:04.504,28,6,250,241.2,83,1670,1695,1703.364,1714.0,8.364,1.0086,3.6564,0.2759,정상,0,0,0,
WeldingTest_01_OK,1059,2022-02-10 11:53:10.336,28,7,250,241.1,82,1153,1671,1676.898,1690.0,5.898,0.7067,3.6564,0.1933,정상,0,0,0,
WeldingTest_01_OK,1060,2022-02-10 11:53:13.628,28,8,250,241.2,83,1670,1695,1704.722,1714.0,9.722,1.1523,3.6564,0.3151,정상,0,0,0,
WeldingTest_01_OK,1061,2022-02-10 11:53:16.430,28,9,250,241.1,82,1154,1675,1677.397,1694.0,2.397,0.2508,3.6564,0.0686,정상,0,0,0,
WeldingTest_01_OK,1062,2022-02-10 11:53:19.812,28,10,250,241.2,83,1670,1699,1704.576,1717.0,5.576,0.6502,3.6564,0.1778,정상,0,0,0,
WeldingTest_01_OK,1063,2022-02-10 11:53:22.644,28,11,250,241.1,82,1154,1678,1677.294,1695.0,0.706,0.053,3.6564,0.0145,정상,0,0,0,
WeldingTest_01_OK,1064,2022-02-10 11:53:25.856,28,12,250,241.2,83,1670,1700,1705.739,1718.0,5.739,0.6868,3.6564,0.1878,정상,0,0,0,
WeldingTest_01_OK,1065,2022-02-10 11:53:30.284,28,13,30,19.4,38,650,682,689.702,690.0,7.702,2.1564,3.6564,0.5898,정상,0,0,0,
WeldingTest_01_OK,1066,2022-02-10 11:53:31.938,28,14,30,19.4,38,650,682,675.374,688.0,6.626,1.8074,3.6564,0.4943,정상,0,0,0,
WeldingTest_01_OK,1067,2022-02-10 11:53:34.900,28,15,30,19.4,38,650,682,685.352,688.0,3.352,0.864,3.6564,0.2363,정상,0,0,0,
WeldingTest_01_OK,1068,2022-02-10 11:53:38.306,28,16,30,19.4,38,650,682,679.478,688.0,2.522,0.7055,3.6564,0.193,정상,0,0,0,
WeldingTest_01_OK,1069,2022-02-10 11:53:40.068,28,17,30,19.4,38,650,682,682.349,688.0,0.349,0.0775,3.6564,0.0212,정상,0,0,0,
WeldingTest_01_OK,1070,2022-02-10 11:53:41.762,28,18,30,19.4,38,650,682,684.495,688.0,2.495,0.6979,3.6564,0.1909,정상,0,0,0,
WeldingTest_01_OK,1071,2022-02-10 11:54:02.074,28,19,250,241.1,83,1670,1692,1698.862,1708.0,6.862,0.6898,3.6564,0.1886,정상,0,0,0,
WeldingTest_01_OK,1072,2022-02-10 11:54:04.778,28,20,250,241.2,82,1154,1674,1676.272,1692.0,2.272,0.2223,3.6564,0.0608,정상,0,0,0,
WeldingTest_01_OK,1073,2022-02-10 11:54:08.172,28,21,250,241.1,83,1670,1698,1709.887,1714.0,11.887,1.4248,3.6564,0.3897,정상,0,0,0,
WeldingTest_01_OK,1074,2022-02-10 11:54:10.758,28,22,250,241.2,82,1154,1678,1672.958,1694.0,5.042,0.6182,3.6564,0.1691,정상,0,0,0,
WeldingTest_01_OK,1075,2022-02-10 11:54:14.212,28,23,250,241.1,83,1670,1700,1707.489,1717.0,7.489,0.888,3.6564,0.2429,정상,0,0,0,
WeldingTest_01_OK,1076,2022-02-10 11:54:16.874,28,24,250,241.2,82,1154,1679,1672.659,1695.0,6.341,0.7394,3.6564,0.2022,정상,0,0,0,
WeldingTest_01_OK,1077,2022-02-10 11:54:23.262,28,25,250,241.1,83,1670,1698,1707.784,1714.0,9.784,1.1699,3.6564,0.32,정상,0,0,0,
WeldingTest_01_OK,1078,2022-02-10 11:54:25.920,28,26,250,241.2,82,1154,1679,1673.414,1695.0,5.586,0.6692,3.6564,0.183,정상,0,0,0,
WeldingTest_01_OK,1079,2022-02-10 11:54:29.386,28,27,250,241.1,83,1670,1702,1708.54,1718.0,6.54,0.7753,3.6564,0.2121,정상,0,0,0,
WeldingTest_01_OK,1080,2022-02-10 11:54:31.988,28,28,250,241.2,82,1154,1680,1674.313,1697.0,5.687,0.6742,3.6564,0.1844,정상,0,0,0,
WeldingTest_01_OK,1081,2022-02-10 11:54:35.568,28,29,250,241.1,83,1670,1703,1709.306,1719.0,6.306,0.7086,3.6564,0.1938,정상,0,0,0,
WeldingTest_01_OK,1082,2022-02-10 11:54:38.158,28,30,250,241.2,82,1154,1682,1676.31,1698.0,5.69,0.6929,3.6564,0.1895,정상,0,0,0,
WeldingTest_01_OK,1083,2022-02-10 11:54:42.384,28,31,30,19.4,38,650,683,692.467,690.0,9.467,2.7492,3.6564,0.7519,정상,0,0,0,
WeldingTest_01_OK,1084,2022-02-10 11:54:44.038,28,32,30,19.4,38,650,682,675.041,688.0,6.959,1.836,3.6564,0.5021,정상,0,0,0,
WeldingTest_01_OK,1085,2022-02-10 11:54:47.118,28,33,30,19.4,38,650,683,682.478,690.0,0.522,0.0632,3.6564,0.0173,정상,0,0,0,
WeldingTest_01_OK,1086,2022-02-10 11:54:48.880,28,34,30,19.4,38,650,683,679.64,690.0,3.36,0.8216,3.6564,0.2247,정상,0,0,0,
WeldingTest_01_OK,1087,2022-02-10 11:54:52.440,28,35,30,19.4,38,650,683,681.421,690.0,1.579,0.3949,3.6564,0.108,정상,0,0,0,
WeldingTest_01_OK,1088,2022-02-10 11:54:54.124,28,36,30,19.4,38,650,682,681.451,690.0,0.549,0.0959,3.6564,0.0262,정상,0,0,0,
WeldingTest_01_OK,1089,2022-02-10 11:54:55.878,28,37,30,19.4,38,650,682,683.15,688.0,1.15,0.3037,3.6564,0.083,정상,0,0,0,
WeldingTest_01_OK,1090,2022-02-10 11:54:58.864,28,38,30,19.4,38,650,683,685.553,690.0,2.553,0.635,3.6564,0.1737,정상,0,0,0,
WeldingTest_01_OK,1091,2022-02-10 11:55:00.332,28,39,30,19.4,38,650,682,683.255,688.0,1.255,0.276,3.6564,0.0755,정상,0,0,0,
WeldingTest_01_OK,1092,2022-02-10 11:56:48.474,29,1,250,241.1,82,1154,1665,1683.977,1682.0,18.977,1.7743,3.6564,0.4853,정상,0,0,0,
WeldingTest_01_OK,1093,2022-02-10 11:56:51.680,29,2,250,241.2,83,1670,1690,1702.229,1707.0,12.229,1.4978,3.6564,0.4096,정상,0,0,0,
WeldingTest_01_OK,1094,2022-02-10 11:56:54.418,29,3,250,241.1,82,1153,1671,1679.349,1689.0,8.349,1.0112,3.6564,0.2765,정상,0,0,0,
WeldingTest_01_OK,1095,2022-02-10 11:56:57.704,29,4,250,241.2,83,1670,1695,1702.798,1712.0,7.798,0.913,3.6564,0.2497,정상,0,0,0,
WeldingTest_01_OK,1096,2022-02-10 11:57:00.560,29,5,250,241.1,82,1154,1674,1679.47,1692.0,5.47,0.6301,3.6564,0.1723,정상,0,0,0,
WeldingTest_01_OK,1097,2022-02-10 11:57:03.798,29,6,250,241.2,83,1670,1698,1703.364,1714.0,5.364,0.6359,3.6564,0.1739,정상,0,0,0,
WeldingTest_01_OK,1098,2022-02-10 11:57:09.606,29,7,250,241.1,82,1153,1673,1676.898,1690.0,3.898,0.4513,3.6564,0.1234,정상,0,0,0,
WeldingTest_01_OK,1099,2022-02-10 11:57:12.870,29,8,250,241.2,83,1670,1698,1704.954,1714.0,6.954,0.8097,3.6564,0.2214,정상,0,0,0,
WeldingTest_01_OK,1100,2022-02-10 11:57:15.672,29,9,250,241.1,82,1154,1678,1677.423,1694.0,0.577,0.0182,3.6564,0.005,정상,0,0,0,
WeldingTest_01_OK,1101,2022-02-10 11:57:18.994,29,10,250,241.2,83,1670,1700,1705.673,1717.0,5.673,0.6622,3.6564,0.1811,정상,0,0,0,
WeldingTest_01_OK,1102,2022-02-10 11:57:21.842,29,11,250,241.1,82,1154,1679,1677.809,1695.0,1.191,0.1151,3.6564,0.0315,정상,0,0,0,
WeldingTest_01_OK,1103,2022-02-10 11:57:25.098,29,12,250,241.2,83,1670,1702,1706.358,1718.0,4.358,0.5158,3.6564,0.1411,정상,0,0,0,
WeldingTest_01_OK,1104,2022-02-10 11:57:29.762,29,13,30,19.4,38,650,683,689.715,690.0,6.715,1.8622,3.6564,0.5093,정상,0,0,0,
WeldingTest_01_OK,1105,2022-02-10 11:57:31.452,29,14,30,19.4,38,650,682,676.309,688.0,5.691,1.5347,3.6564,0.4197,정상,0,0,0,
WeldingTest_01_OK,1106,2022-02-10 11:57:34.384,29,15,30,19.4,38,650,683,682.946,688.0,0.054,0.0915,3.6564,0.025,정상,0,0,0,
WeldingTest_01_OK,1107,2022-02-10 11:57:37.710,29,16,30,19.4,38,650,683,679.478,688.0,3.522,0.9963,3.6564,0.2725,정상,0,0,0,
WeldingTest_01_OK,1108,2022-02-10 11:57:39.438,29,17,30,19.4,38,650,682,687.656,688.0,5.656,1.6073,3.6564,0.4396,정상,0,0,0,
WeldingTest_01_OK,1109,2022-02-10 11:57:41.134,29,18,30,19.4,38,650,682,684.495,688.0,2.495,0.6979,3.6564,0.1909,정상,0,0,0,
WeldingTest_01_OK,1110,2022-02-10 11:58:02.048,29,19,250,241.1,83,1670,1692,1697.964,1708.0,5.964,0.5865,3.6564,0.1604,정상,0,0,0,
WeldingTest_01_OK,1111,2022-02-10 11:58:04.704,29,20,250,241.2,82,1154,1675,1676.326,1692.0,1.326,0.1015,3.6564,0.0278,정상,0,0,0,
WeldingTest_01_OK,1112,2022-02-10 11:58:08.184,29,21,250,241.1,83,1670,1698,1710.076,1714.0,12.076,1.4481,3.6564,0.396,정상,0,0,0,
WeldingTest_01_OK,1113,2022-02-10 11:58:10.742,29,22,250,241.2,82,1154,1678,1673.024,1694.0,4.976,0.6098,3.6564,0.1668,정상,0,0,0,
WeldingTest_01_OK,1114,2022-02-10 11:58:14.182,29,23,250,241.1,83,1670,1700,1707.365,1717.0,7.365,0.8726,3.6564,0.2386,정상,0,0,0,
WeldingTest_01_OK,1115,2022-02-10 11:58:16.752,29,24,250,241.2,82,1154,1680,1672.651,1695.0,7.349,0.8689,3.6564,0.2376,정상,0,0,0,
WeldingTest_01_OK,1116,2022-02-10 11:58:23.172,29,25,250,241.1,83,1670,1698,1708.616,1714.0,10.616,1.2731,3.6564,0.3482,정상,0,0,0,
WeldingTest_01_OK,1117,2022-02-10 11:58:25.940,29,26,250,241.2,82,1154,1679,1678.101,1695.0,0.899,0.0672,3.6564,0.0184,정상,0,0,0,
WeldingTest_01_OK,1118,2022-02-10 11:58:29.398,29,27,250,241.1,83,1670,1702,1708.54,1718.0,6.54,0.7753,3.6564,0.2121,정상,0,0,0,
WeldingTest_01_OK,1119,2022-02-10 11:58:32.106,29,28,250,241.2,82,1154,1680,1674.42,1697.0,5.58,0.6605,3.6564,0.1806,정상,0,0,0,
WeldingTest_01_OK,1120,2022-02-10 11:58:35.630,29,29,250,241.1,83,1670,1703,1709.306,1719.0,6.306,0.7086,3.6564,0.1938,정상,0,0,0,
WeldingTest_01_OK,1121,2022-02-10 11:58:38.230,29,30,250,241.2,82,1154,1683,1676.31,1698.0,6.69,0.8214,3.6564,0.2246,정상,0,0,0,
WeldingTest_01_OK,1122,2022-02-10 11:58:42.732,29,31,30,19.4,38,650,683,692.501,690.0,9.501,2.7592,3.6564,0.7546,정상,0,0,0,
WeldingTest_01_OK,1123,2022-02-10 11:58:44.262,29,32,30,19.4,38,650,683,674.916,688.0,8.084,2.1639,3.6564,0.5918,정상,0,0,0,
WeldingTest_01_OK,1124,2022-02-10 11:58:47.342,29,33,30,19.4,38,650,683,682.478,690.0,0.522,0.0632,3.6564,0.0173,정상,0,0,0,
WeldingTest_01_OK,1125,2022-02-10 11:58:49.078,29,34,30,19.4,38,650,683,682.187,690.0,0.813,0.0822,3.6564,0.0225,정상,0,0,0,
WeldingTest_01_OK,1126,2022-02-10 11:58:52.510,29,35,30,19.4,38,650,683,686.079,690.0,3.079,0.829,3.6564,0.2267,정상,0,0,0,
WeldingTest_01_OK,1127,2022-02-10 11:58:54.252,29,36,30,19.4,38,650,683,683.854,690.0,0.854,0.1844,3.6564,0.0504,정상,0,0,0,
WeldingTest_01_OK,1128,2022-02-10 11:58:55.990,29,37,30,19.4,38,650,682,684.365,688.0,2.365,0.6545,3.6564,0.179,정상,0,0,0,
WeldingTest_01_OK,1129,2022-02-10 11:58:58.940,29,38,30,19.4,38,650,683,684.5,690.0,1.5,0.3301,3.6564,0.0903,정상,0,0,0,
WeldingTest_01_OK,1130,2022-02-10 11:59:00.444,29,39,30,19.4,38,650,682,683.213,688.0,1.213,0.264,3.6564,0.0722,정상,0,0,0,
WeldingTest_01_OK,1131,2022-02-10 13:15:17.853,30,1,250,241.1,82,1154,1661,1682.847,1682.0,21.847,2.1109,3.6564,0.5773,정상,0,0,0,
WeldingTest_01_OK,1132,2022-02-10 13:15:21.067,30,2,250,241.2,83,1670,1687,1702.229,1707.0,15.229,1.8711,3.6564,0.5117,정상,0,0,0,
WeldingTest_01_OK,1133,2022-02-10 13:15:23.777,30,3,250,241.1,82,1153,1669,1679.116,1689.0,10.116,1.2368,3.6564,0.3383,정상,0,0,0,
WeldingTest_01_OK,1134,2022-02-10 13:15:27.065,30,4,250,241.2,83,1670,1692,1702.798,1712.0,10.798,1.2859,3.6564,0.3517,정상,0,0,0,
WeldingTest_01_OK,1135,2022-02-10 13:15:29.871,30,5,250,241.1,82,1154,1671,1678.87,1692.0,7.87,0.9376,3.6564,0.2564,정상,0,0,0,
WeldingTest_01_OK,1136,2022-02-10 13:15:33.137,30,6,250,241.2,83,1670,1695,1703.353,1714.0,8.353,1.0074,3.6564,0.2755,정상,0,0,0,
WeldingTest_01_OK,1137,2022-02-10 13:15:38.953,30,7,250,241.1,82,1153,1670,1676.898,1690.0,6.898,0.8344,3.6564,0.2282,정상,0,0,0,
WeldingTest_01_OK,1138,2022-02-10 13:15:42.181,30,8,250,241.2,83,1670,1695,1704.977,1714.0,9.977,1.1839,3.6564,0.3238,정상,0,0,0,
WeldingTest_01_OK,1139,2022-02-10 13:15:45.021,30,9,250,241.1,82,1154,1674,1678.074,1694.0,4.074,0.4649,3.6564,0.1272,정상,0,0,0,
WeldingTest_01_OK,1140,2022-02-10 13:15:48.285,30,10,250,241.2,83,1670,1698,1704.872,1717.0,6.872,0.8105,3.6564,0.2217,정상,0,0,0,
WeldingTest_01_OK,1141,2022-02-10 13:15:51.119,30,11,250,241.1,82,1154,1677,1677.803,1695.0,0.803,0.0654,3.6564,0.0179,정상,0,0,0,
WeldingTest_01_OK,1142,2022-02-10 13:15:54.455,30,12,250,241.2,83,1670,1699,1704.546,1718.0,5.546,0.6628,3.6564,0.1813,정상,0,0,0,
WeldingTest_01_OK,1143,2022-02-10 13:15:58.889,30,13,30,19.4,38,650,682,689.68,690.0,7.68,2.1498,3.6564,0.588,정상,0,0,0,
WeldingTest_01_OK,1144,2022-02-10 13:16:00.617,30,14,30,19.4,38,650,682,677.958,688.0,4.042,1.0542,3.6564,0.2883,정상,0,0,0,
WeldingTest_01_OK,1145,2022-02-10 13:16:03.551,30,15,30,19.4,38,650,682,682.946,688.0,0.946,0.1667,3.6564,0.0456,정상,0,0,0,
WeldingTest_01_OK,1146,2022-02-10 13:16:06.869,30,16,30,19.4,38,650,682,679.478,688.0,2.522,0.7055,3.6564,0.193,정상,0,0,0,
WeldingTest_01_OK,1147,2022-02-10 13:16:08.603,30,17,30,19.4,38,650,682,687.854,688.0,5.854,1.6644,3.6564,0.4552,정상,0,0,0,
WeldingTest_01_OK,1148,2022-02-10 13:16:10.333,30,18,30,19.4,38,650,682,684.045,688.0,2.045,0.5682,3.6564,0.1554,정상,0,0,0,
WeldingTest_01_OK,1149,2022-02-10 13:16:30.965,30,19,250,241.1,83,1670,1690,1697.964,1708.0,7.964,0.8165,3.6564,0.2233,정상,0,0,0,
WeldingTest_01_OK,1150,2022-02-10 13:16:33.753,30,20,250,241.2,82,1154,1673,1680.136,1692.0,7.136,0.8435,3.6564,0.2307,정상,0,0,0,
WeldingTest_01_OK,1151,2022-02-10 13:16:37.273,30,21,250,241.1,83,1670,1697,1710.078,1714.0,13.078,1.5716,3.6564,0.4298,정상,0,0,0,
WeldingTest_01_OK,1152,2022-02-10 13:16:40.001,30,22,250,241.2,82,1154,1677,1672.981,1694.0,4.019,0.4873,3.6564,0.1333,정상,0,0,0,
WeldingTest_01_OK,1153,2022-02-10 13:16:43.463,30,23,250,241.1,83,1670,1699,1706.843,1717.0,7.843,0.9318,3.6564,0.2549,정상,0,0,0,
WeldingTest_01_OK,1154,2022-02-10 13:16:46.139,30,24,250,241.2,82,1154,1678,1672.636,1695.0,5.364,0.614,3.6564,0.1679,정상,0,0,0,
WeldingTest_01_OK,1155,2022-02-10 13:16:52.709,30,25,250,241.1,83,1670,1697,1707.279,1714.0,10.279,1.2313,3.6564,0.3367,정상,0,0,0,
WeldingTest_01_OK,1156,2022-02-10 13:16:55.337,30,26,250,241.2,82,1154,1678,1673.321,1695.0,4.679,0.5527,3.6564,0.1512,정상,0,0,0,
WeldingTest_01_OK,1157,2022-02-10 13:16:58.787,30,27,250,241.1,83,1670,1700,1707.711,1718.0,7.711,0.9208,3.6564,0.2518,정상,0,0,0,
WeldingTest_01_OK,1158,2022-02-10 13:17:01.515,30,28,250,241.2,82,1154,1679,1672.886,1697.0,6.114,0.7292,3.6564,0.1994,정상,0,0,0,
WeldingTest_01_OK,1159,2022-02-10 13:17:04.995,30,29,250,241.1,83,1670,1702,1708.504,1719.0,6.504,0.7332,3.6564,0.2005,정상,0,0,0,
WeldingTest_01_OK,1160,2022-02-10 13:17:07.610,30,30,250,241.2,82,1154,1680,1674.316,1698.0,5.684,0.6921,3.6564,0.1893,정상,0,0,0,
WeldingTest_01_OK,1161,2022-02-10 13:17:11.886,30,31,30,19.4,38,650,683,692.454,690.0,9.454,2.7452,3.6564,0.7508,정상,0,0,0,
WeldingTest_01_OK,1162,2022-02-10 13:17:13.378,30,32,30,19.4,38,650,682,675.002,688.0,6.998,1.8473,3.6564,0.5052,정상,0,0,0,
WeldingTest_01_OK,1163,2022-02-10 13:17:16.492,30,33,30,19.4,38,650,683,684.835,690.0,1.835,0.3168,3.6564,0.0866,정상,0,0,0,
WeldingTest_01_OK,1164,2022-02-10 13:17:18.238,30,34,30,19.4,38,650,682,682.728,690.0,0.728,0.0576,3.6564,0.0157,정상,0,0,0,
WeldingTest_01_OK,1165,2022-02-10 13:17:21.716,30,35,30,19.4,38,650,682,681.612,690.0,0.388,0.0501,3.6564,0.0137,정상,0,0,0,
WeldingTest_01_OK,1166,2022-02-10 13:17:23.442,30,36,30,19.4,38,650,682,684.439,690.0,2.439,0.6441,3.6564,0.1762,정상,0,0,0,
WeldingTest_01_OK,1167,2022-02-10 13:17:25.106,30,37,30,19.4,38,650,682,684.679,688.0,2.679,0.7452,3.6564,0.2038,정상,0,0,0,
WeldingTest_01_OK,1168,2022-02-10 13:17:28.114,30,38,30,19.4,38,650,682,685.553,690.0,3.553,0.9246,3.6564,0.2529,정상,0,0,0,
WeldingTest_01_OK,1169,2022-02-10 13:17:29.600,30,39,30,19.4,38,650,682,683.255,688.0,1.255,0.276,3.6564,0.0755,정상,0,0,0,
WeldingTest_01_OK,1170,2022-02-10 13:24:36.647,31,1,250,241.1,82,1154,1661,1682.847,1682.0,21.847,2.1109,3.6564,0.5773,정상,0,0,0,
WeldingTest_01_OK,1171,2022-02-10 13:24:39.845,31,2,250,241.2,83,1670,1687,1702.229,1707.0,15.229,1.8711,3.6564,0.5117,정상,0,0,0,
WeldingTest_01_OK,1172,2022-02-10 13:24:42.661,31,3,250,241.1,82,1153,1669,1682.62,1689.0,13.62,1.6845,3.6564,0.4607,정상,0,0,0,
WeldingTest_01_OK,1173,2022-02-10 13:24:45.973,31,4,250,241.2,83,1670,1692,1702.798,1712.0,10.798,1.2859,3.6564,0.3517,정상,0,0,0,
WeldingTest_01_OK,1174,2022-02-10 13:24:48.789,31,5,250,241.1,82,1154,1671,1679.118,1692.0,8.118,0.9693,3.6564,0.2651,정상,0,0,0,
WeldingTest_01_OK,1175,2022-02-10 13:24:52.155,31,6,250,241.2,83,1670,1695,1703.088,1714.0,8.088,0.9744,3.6564,0.2665,정상,0,0,0,
WeldingTest_01_OK,1176,2022-02-10 13:24:57.865,31,7,250,241.1,82,1153,1670,1676.863,1690.0,6.863,0.8299,3.6564,0.227,정상,0,0,0,
WeldingTest_01_OK,1177,2022-02-10 13:25:01.157,31,8,250,241.2,83,1670,1695,1704.722,1714.0,9.722,1.1523,3.6564,0.3151,정상,0,0,0,
WeldingTest_01_OK,1178,2022-02-10 13:25:04.005,31,9,250,241.1,82,1154,1674,1678.034,1694.0,4.034,0.4597,3.6564,0.1257,정상,0,0,0,
WeldingTest_01_OK,1179,2022-02-10 13:25:07.269,31,10,250,241.2,83,1670,1698,1704.872,1717.0,6.872,0.8105,3.6564,0.2217,정상,0,0,0,
WeldingTest_01_OK,1180,2022-02-10 13:25:10.085,31,11,250,241.1,82,1154,1677,1677.311,1695.0,0.311,0.0024,3.6564,0.0006,정상,0,0,0,
WeldingTest_01_OK,1181,2022-02-10 13:25:13.363,31,12,250,241.2,83,1670,1699,1704.61,1718.0,5.61,0.6707,3.6564,0.1834,정상,0,0,0,
WeldingTest_01_OK,1182,2022-02-10 13:25:17.815,31,13,30,19.4,38,650,682,689.68,690.0,7.68,2.1498,3.6564,0.588,정상,0,0,0,
WeldingTest_01_OK,1183,2022-02-10 13:25:19.533,31,14,30,19.4,38,650,682,677.884,688.0,4.116,1.0757,3.6564,0.2942,정상,0,0,0,
WeldingTest_01_OK,1184,2022-02-10 13:25:22.461,31,15,30,19.4,38,650,682,681.044,688.0,0.956,0.1697,3.6564,0.0464,정상,0,0,0,
WeldingTest_01_OK,1185,2022-02-10 13:25:25.887,31,16,30,19.4,38,650,682,675.085,688.0,6.915,1.9826,3.6564,0.5422,정상,0,0,0,
WeldingTest_01_OK,1186,2022-02-10 13:25:27.643,31,17,30,19.4,38,650,682,683.409,688.0,1.409,0.383,3.6564,0.1047,정상,0,0,0,
WeldingTest_01_OK,1187,2022-02-10 13:25:29.315,31,18,30,19.4,38,650,682,682.017,688.0,0.017,0.0172,3.6564,0.0047,정상,0,0,0,
WeldingTest_01_OK,1188,2022-02-10 13:25:49.729,31,19,250,241.1,83,1670,1690,1699.578,1708.0,9.578,1.0022,3.6564,0.2741,정상,0,0,0,
WeldingTest_01_OK,1189,2022-02-10 13:25:52.359,31,20,250,241.2,82,1154,1673,1676.383,1692.0,3.383,0.3643,3.6564,0.0996,정상,0,0,0,
WeldingTest_01_OK,1190,2022-02-10 13:25:55.839,31,21,250,241.1,83,1670,1697,1710.076,1714.0,13.076,1.5713,3.6564,0.4297,정상,0,0,0,
WeldingTest_01_OK,1191,2022-02-10 13:25:58.433,31,22,250,241.2,82,1154,1677,1672.955,1694.0,4.045,0.4906,3.6564,0.1342,정상,0,0,0,
WeldingTest_01_OK,1192,2022-02-10 13:26:01.867,31,23,250,241.1,83,1670,1699,1706.634,1717.0,7.634,0.906,3.6564,0.2478,정상,0,0,0,
WeldingTest_01_OK,1193,2022-02-10 13:26:04.549,31,24,250,241.2,82,1154,1678,1672.629,1695.0,5.371,0.6148,3.6564,0.1681,정상,0,0,0,
WeldingTest_01_OK,1194,2022-02-10 13:26:11.027,31,25,250,241.1,83,1670,1697,1707.224,1714.0,10.224,1.2244,3.6564,0.3349,정상,0,0,0,
WeldingTest_01_OK,1195,2022-02-10 13:26:13.609,31,26,250,241.2,82,1154,1678,1673.351,1695.0,4.649,0.5489,3.6564,0.1501,정상,0,0,0,
WeldingTest_01_OK,1196,2022-02-10 13:26:17.079,31,27,250,241.1,83,1670,1700,1707.916,1718.0,7.916,0.9462,3.6564,0.2588,정상,0,0,0,
WeldingTest_01_OK,1197,2022-02-10 13:26:19.717,31,28,250,241.2,82,1154,1680,1672.75,1697.0,7.25,0.8751,3.6564,0.2393,정상,0,0,0,
WeldingTest_01_OK,1198,2022-02-10 13:26:23.217,31,29,250,241.1,83,1670,1702,1709.306,1719.0,7.306,0.8327,3.6564,0.2277,정상,0,0,0,
WeldingTest_01_OK,1199,2022-02-10 13:26:25.841,31,30,250,241.2,82,1154,1682,1674.312,1698.0,7.688,0.9495,3.6564,0.2597,정상,0,0,0,
WeldingTest_01_OK,1200,2022-02-10 13:26:30.091,31,31,30,19.4,38,650,683,692.454,690.0,9.454,2.7452,3.6564,0.7508,정상,0,0,0,
WeldingTest_01_OK,1201,2022-02-10 13:26:31.615,31,32,30,19.4,38,650,682,674.916,688.0,7.084,1.8726,3.6564,0.5121,정상,0,0,0,
WeldingTest_01_OK,1202,2022-02-10 13:26:34.683,31,33,30,19.4,38,650,682,682.887,690.0,0.887,0.0426,3.6564,0.0117,정상,0,0,0,
WeldingTest_01_OK,1203,2022-02-10 13:26:36.427,31,34,30,19.4,38,650,682,682.728,690.0,0.728,0.0576,3.6564,0.0157,정상,0,0,0,
WeldingTest_01_OK,1204,2022-02-10 13:26:39.881,31,35,30,19.4,38,650,682,682.206,690.0,0.206,0.0025,3.6564,0.0007,정상,0,0,0,
WeldingTest_01_OK,1205,2022-02-10 13:26:41.605,31,36,30,19.4,38,650,682,684.484,690.0,2.484,0.6573,3.6564,0.1798,정상,0,0,0,
WeldingTest_01_OK,1206,2022-02-10 13:26:43.339,31,37,30,19.4,38,650,682,685.362,688.0,3.362,0.9422,3.6564,0.2577,정상,0,0,0,
WeldingTest_01_OK,1207,2022-02-10 13:26:46.289,31,38,30,19.4,38,650,682,684.5,690.0,2.5,0.6197,3.6564,0.1695,정상,0,0,0,
WeldingTest_01_OK,1208,2022-02-10 13:26:47.803,31,39,30,19.4,38,650,682,682.97,688.0,0.97,0.1937,3.6564,0.053,정상,0,0,0,
WeldingTest_01_OK,1209,2022-02-10 13:27:33.743,32,1,250,241.1,82,1154,1667,1684.187,1682.0,17.187,1.5645,3.6564,0.4279,정상,0,0,0,
WeldingTest_01_OK,1210,2022-02-10 13:27:36.949,32,2,250,241.2,83,1670,1693,1702.229,1707.0,9.229,1.1244,3.6564,0.3075,정상,0,0,0,
WeldingTest_01_OK,1211,2022-02-10 13:27:39.695,32,3,250,241.1,82,1153,1674,1679.402,1689.0,5.402,0.6346,3.6564,0.1736,정상,0,0,0,
WeldingTest_01_OK,1212,2022-02-10 13:27:42.949,32,4,250,241.2,83,1670,1698,1703.032,1712.0,5.032,0.5693,3.6564,0.1557,정상,0,0,0,
WeldingTest_01_OK,1213,2022-02-10 13:27:45.673,32,5,250,241.1,82,1154,1677,1674.753,1692.0,2.247,0.2172,3.6564,0.0594,정상,0,0,0,
WeldingTest_01_OK,1214,2022-02-10 13:27:48.973,32,6,250,241.2,83,1670,1699,1703.122,1714.0,4.122,0.4816,3.6564,0.1317,정상,0,0,0,
WeldingTest_01_OK,1215,2022-02-10 13:27:54.761,32,7,250,241.1,82,1153,1674,1676.898,1690.0,2.898,0.3235,3.6564,0.0885,정상,0,0,0,
WeldingTest_01_OK,1216,2022-02-10 13:27:58.059,32,8,250,241.2,83,1670,1699,1704.72,1714.0,5.72,0.6569,3.6564,0.1797,정상,0,0,0,
WeldingTest_01_OK,1217,2022-02-10 13:28:00.917,32,9,250,241.1,82,1154,1679,1678.08,1694.0,0.92,0.0621,3.6564,0.017,정상,0,0,0,
WeldingTest_01_OK,1218,2022-02-10 13:28:04.249,32,10,250,241.2,83,1670,1702,1706.323,1717.0,4.323,0.4952,3.6564,0.1354,정상,0,0,0,
WeldingTest_01_OK,1219,2022-02-10 13:28:06.991,32,11,250,241.1,82,1154,1680,1674.621,1695.0,5.379,0.6519,3.6564,0.1783,정상,0,0,0,
WeldingTest_01_OK,1220,2022-02-10 13:28:10.267,32,12,250,241.2,83,1670,1703,1707.29,1718.0,4.29,0.5074,3.6564,0.1388,정상,0,0,0,
WeldingTest_01_OK,1221,2022-02-10 13:28:14.817,32,13,30,19.4,38,650,683,691.62,690.0,8.62,2.4299,3.6564,0.6646,정상,0,0,0,
WeldingTest_01_OK,1222,2022-02-10 13:28:16.557,32,14,30,19.4,38,650,682,677.998,688.0,4.002,1.0426,3.6564,0.2851,정상,0,0,0,
WeldingTest_01_OK,1223,2022-02-10 13:28:19.571,32,15,30,19.4,38,650,683,685.815,688.0,2.815,0.7085,3.6564,0.1938,정상,0,0,0,
WeldingTest_01_OK,1224,2022-02-10 13:28:22.931,32,16,30,19.4,38,650,683,679.478,688.0,3.522,0.9963,3.6564,0.2725,정상,0,0,0,
WeldingTest_01_OK,1225,2022-02-10 13:28:24.611,32,17,30,19.4,38,650,682,684.655,688.0,2.655,0.7423,3.6564,0.203,정상,0,0,0,
WeldingTest_01_OK,1226,2022-02-10 13:28:26.363,32,18,30,19.4,38,650,682,679.608,688.0,2.392,0.6683,3.6564,0.1828,정상,0,0,0,
WeldingTest_01_OK,1227,2022-02-10 13:28:47.121,32,19,250,241.1,83,1670,1693,1697.964,1708.0,4.964,0.4714,3.6564,0.1289,정상,0,0,0,
WeldingTest_01_OK,1228,2022-02-10 13:28:49.823,32,20,250,241.2,82,1154,1675,1676.28,1692.0,1.28,0.0957,3.6564,0.0262,정상,0,0,0,
WeldingTest_01_OK,1229,2022-02-10 13:28:53.251,32,21,250,241.1,83,1670,1699,1709.868,1714.0,10.868,1.2992,3.6564,0.3553,정상,0,0,0,
WeldingTest_01_OK,1230,2022-02-10 13:28:55.835,32,22,250,241.2,82,1154,1679,1673.028,1694.0,5.972,0.7372,3.6564,0.2016,정상,0,0,0,
WeldingTest_01_OK,1231,2022-02-10 13:28:59.287,32,23,250,241.1,83,1670,1702,1708.112,1717.0,6.112,0.717,3.6564,0.1961,정상,0,0,0,
WeldingTest_01_OK,1232,2022-02-10 13:29:02.077,32,24,250,241.2,82,1154,1680,1678.896,1695.0,1.104,0.0669,3.6564,0.0183,정상,0,0,0,
WeldingTest_01_OK,1233,2022-02-10 13:29:08.537,32,25,250,241.1,83,1670,1699,1708.616,1714.0,9.616,1.149,3.6564,0.3142,정상,0,0,0,
WeldingTest_01_OK,1234,2022-02-10 13:29:11.245,32,26,250,241.2,82,1154,1679,1673.326,1695.0,5.674,0.6805,3.6564,0.1861,정상,0,0,0,
WeldingTest_01_OK,1235,2022-02-10 13:29:14.763,32,27,250,241.1,83,1670,1702,1708.538,1718.0,6.538,0.7752,3.6564,0.212,정상,0,0,0,
WeldingTest_01_OK,1236,2022-02-10 13:29:17.455,32,28,250,241.2,82,1154,1682,1674.426,1697.0,7.574,0.9167,3.6564,0.2507,정상,0,0,0,
WeldingTest_01_OK,1237,2022-02-10 13:29:21.019,32,29,250,241.1,83,1670,1703,1710.289,1719.0,7.289,0.8307,3.6564,0.2272,정상,0,0,0,
WeldingTest_01_OK,1238,2022-02-10 13:29:23.567,32,30,250,241.2,82,1154,1683,1676.386,1698.0,6.614,0.8115,3.6564,0.2219,정상,0,0,0,
WeldingTest_01_OK,1239,2022-02-10 13:29:27.977,32,31,30,19.4,38,650,683,692.501,690.0,9.501,2.7592,3.6564,0.7546,정상,0,0,0,
WeldingTest_01_OK,1240,2022-02-10 13:29:29.485,32,32,30,19.4,38,650,683,675.002,688.0,7.998,2.1386,3.6564,0.5849,정상,0,0,0,
WeldingTest_01_OK,1241,2022-02-10 13:29:32.597,32,33,30,19.4,38,650,683,684.835,690.0,1.835,0.3168,3.6564,0.0866,정상,0,0,0,
WeldingTest_01_OK,1242,2022-02-10 13:29:34.353,32,34,30,19.4,38,650,682,680.787,690.0,1.213,0.1983,3.6564,0.0542,정상,0,0,0,
WeldingTest_01_OK,1243,2022-02-10 13:29:37.897,32,35,30,19.4,38,650,683,681.94,690.0,1.06,0.2446,3.6564,0.0669,정상,0,0,0,
WeldingTest_01_OK,1244,2022-02-10 13:29:39.625,32,36,30,19.4,38,650,682,684.439,690.0,2.439,0.6441,3.6564,0.1762,정상,0,0,0,
WeldingTest_01_OK,1245,2022-02-10 13:29:41.325,32,37,30,19.4,38,650,682,685.654,688.0,3.654,1.0265,3.6564,0.2807,정상,0,0,0,
WeldingTest_01_OK,1246,2022-02-10 13:29:44.283,32,38,30,19.4,38,650,683,685.529,690.0,2.529,0.6281,3.6564,0.1718,정상,0,0,0,
WeldingTest_01_OK,1247,2022-02-10 13:29:45.763,32,39,30,19.4,38,650,682,683.255,688.0,1.255,0.276,3.6564,0.0755,정상,0,0,0,
WeldingTest_01_OK,1248,2022-02-10 13:37:32.246,33,1,250,241.1,82,1154,1661,1682.847,1682.0,21.847,2.1109,3.6564,0.5773,정상,0,0,0,
WeldingTest_01_OK,1249,2022-02-10 13:37:35.562,33,2,250,241.2,83,1670,1687,1701.942,1707.0,14.942,1.8353,3.6564,0.502,정상,0,0,0,
WeldingTest_01_OK,1250,2022-02-10 13:37:38.368,33,3,250,241.1,82,1153,1669,1682.373,1689.0,13.373,1.653,3.6564,0.4521,정상,0,0,0,
WeldingTest_01_OK,1251,2022-02-10 13:37:41.638,33,4,250,241.2,83,1670,1692,1702.798,1712.0,10.798,1.2859,3.6564,0.3517,정상,0,0,0,
WeldingTest_01_OK,1252,2022-02-10 13:37:44.380,33,5,250,241.1,82,1154,1671,1674.791,1692.0,3.791,0.415,3.6564,0.1135,정상,0,0,0,
WeldingTest_01_OK,1253,2022-02-10 13:37:47.638,33,6,250,241.2,83,1670,1695,1703.364,1714.0,8.364,1.0086,3.6564,0.2759,정상,0,0,0,
WeldingTest_01_OK,1254,2022-02-10 13:37:53.344,33,7,250,241.1,82,1153,1670,1676.863,1690.0,6.863,0.8299,3.6564,0.227,정상,0,0,0,
WeldingTest_01_OK,1255,2022-02-10 13:37:56.588,33,8,250,241.2,83,1670,1695,1704.907,1714.0,9.907,1.1752,3.6564,0.3214,정상,0,0,0,
WeldingTest_01_OK,1256,2022-02-10 13:37:59.406,33,9,250,241.1,82,1154,1674,1677.645,1694.0,3.645,0.4101,3.6564,0.1122,정상,0,0,0,
WeldingTest_01_OK,1257,2022-02-10 13:38:02.636,33,10,250,241.2,83,1670,1698,1704.885,1717.0,6.885,0.8121,3.6564,0.2221,정상,0,0,0,
WeldingTest_01_OK,1258,2022-02-10 13:38:05.406,33,11,250,241.1,82,1154,1677,1677.133,1695.0,0.133,0.0205,3.6564,0.0056,정상,0,0,0,
WeldingTest_01_OK,1259,2022-02-10 13:38:08.654,33,12,250,241.2,83,1670,1699,1704.847,1718.0,5.847,0.7001,3.6564,0.1915,정상,0,0,0,
WeldingTest_01_OK,1260,2022-02-10 13:38:13.140,33,13,30,19.4,38,650,682,689.68,690.0,7.68,2.1498,3.6564,0.588,정상,0,0,0,
WeldingTest_01_OK,1261,2022-02-10 13:38:14.912,33,14,30,19.4,38,650,682,677.723,688.0,4.277,1.1227,3.6564,0.307,정상,0,0,0,
WeldingTest_01_OK,1262,2022-02-10 13:38:17.888,33,15,30,19.4,38,650,682,685.352,688.0,3.352,0.864,3.6564,0.2363,정상,0,0,0,
WeldingTest_01_OK,1263,2022-02-10 13:38:21.275,33,16,30,19.4,38,650,682,679.478,688.0,2.522,0.7055,3.6564,0.193,정상,0,0,0,
WeldingTest_01_OK,1264,2022-02-10 13:38:23.041,33,17,30,19.4,38,650,682,682.453,688.0,0.453,0.1076,3.6564,0.0294,정상,0,0,0,
WeldingTest_01_OK,1265,2022-02-10 13:38:24.747,33,18,30,19.4,38,650,682,683.447,688.0,1.447,0.3954,3.6564,0.1081,정상,0,0,0,
WeldingTest_01_OK,1266,2022-02-10 13:38:45.401,33,19,250,241.1,83,1670,1690,1697.964,1708.0,7.964,0.8165,3.6564,0.2233,정상,0,0,0,
WeldingTest_01_OK,1267,2022-02-10 13:38:48.049,33,20,250,241.2,82,1154,1673,1676.324,1692.0,3.324,0.3567,3.6564,0.0975,정상,0,0,0,
WeldingTest_01_OK,1268,2022-02-10 13:38:51.543,33,21,250,241.1,83,1670,1697,1710.075,1714.0,13.075,1.5712,3.6564,0.4297,정상,0,0,0,
WeldingTest_01_OK,1269,2022-02-10 13:38:54.085,33,22,250,241.2,82,1154,1677,1673.024,1694.0,3.976,0.4818,3.6564,0.1318,정상,0,0,0,
WeldingTest_01_OK,1270,2022-02-10 13:38:57.545,33,23,250,241.1,83,1670,1699,1706.843,1717.0,7.843,0.9318,3.6564,0.2549,정상,0,0,0,
WeldingTest_01_OK,1271,2022-02-10 13:39:00.147,33,24,250,241.2,82,1154,1679,1672.565,1695.0,6.435,0.7516,3.6564,0.2055,정상,0,0,0,
WeldingTest_01_OK,1272,2022-02-10 13:39:06.579,33,25,250,241.1,83,1670,1697,1707.821,1714.0,10.821,1.2985,3.6564,0.3551,정상,0,0,0,
WeldingTest_01_OK,1273,2022-02-10 13:39:09.277,33,26,250,241.2,82,1154,1678,1673.375,1695.0,4.625,0.5458,3.6564,0.1493,정상,0,0,0,
WeldingTest_01_OK,1274,2022-02-10 13:39:12.745,33,27,250,241.1,83,1670,1700,1707.916,1718.0,7.916,0.9462,3.6564,0.2588,정상,0,0,0,
WeldingTest_01_OK,1275,2022-02-10 13:39:15.439,33,28,250,241.2,82,1154,1680,1672.891,1697.0,7.109,0.857,3.6564,0.2344,정상,0,0,0,
WeldingTest_01_OK,1276,2022-02-10 13:39:18.909,33,29,250,241.1,83,1670,1702,1709.307,1719.0,7.307,0.8329,3.6564,0.2278,정상,0,0,0,
WeldingTest_01_OK,1277,2022-02-10 13:39:21.551,33,30,250,241.2,82,1154,1682,1674.447,1698.0,7.553,0.9321,3.6564,0.2549,정상,0,0,0,
WeldingTest_01_OK,1278,2022-02-10 13:39:25.843,33,31,30,19.4,38,650,683,692.454,690.0,9.454,2.7452,3.6564,0.7508,정상,0,0,0,
WeldingTest_01_OK,1279,2022-02-10 13:39:27.335,33,32,30,19.4,38,650,682,675.002,688.0,6.998,1.8473,3.6564,0.5052,정상,0,0,0,
WeldingTest_01_OK,1280,2022-02-10 13:39:30.397,33,33,30,19.4,38,650,682,682.944,690.0,0.944,0.059,3.6564,0.0161,정상,0,0,0,
WeldingTest_01_OK,1281,2022-02-10 13:39:32.153,33,34,30,19.4,38,650,682,680.787,690.0,1.213,0.1983,3.6564,0.0542,정상,0,0,0,
WeldingTest_01_OK,1282,2022-02-10 13:39:35.701,33,35,30,19.4,38,650,682,681.94,690.0,0.06,0.0448,3.6564,0.0123,정상,0,0,0,
WeldingTest_01_OK,1283,2022-02-10 13:39:37.399,33,36,30,19.4,38,650,682,683.598,690.0,1.598,0.4002,3.6564,0.1095,정상,0,0,0,
WeldingTest_01_OK,1284,2022-02-10 13:39:39.115,33,37,30,19.4,38,650,682,685.472,688.0,3.472,0.9738,3.6564,0.2663,정상,0,0,0,
WeldingTest_01_OK,1285,2022-02-10 13:39:42.089,33,38,30,19.4,38,650,682,685.529,690.0,3.529,0.9177,3.6564,0.251,정상,0,0,0,
WeldingTest_01_OK,1286,2022-02-10 13:39:43.589,33,39,30,19.4,38,650,682,683.213,688.0,1.213,0.264,3.6564,0.0722,정상,0,0,0,
WeldingTest_01_OK,1287,2022-02-10 13:40:53.247,34,1,250,241.1,82,1154,1666,1683.977,1682.0,17.977,1.6571,3.6564,0.4532,정상,0,0,0,
WeldingTest_01_OK,1288,2022-02-10 13:40:56.691,34,2,250,241.2,83,1670,1692,1701.273,1707.0,9.273,1.1298,3.6564,0.309,정상,0,0,0,
WeldingTest_01_OK,1289,2022-02-10 13:40:59.497,34,3,250,241.1,82,1153,1673,1682.687,1689.0,9.687,1.182,3.6564,0.3233,정상,0,0,0,
WeldingTest_01_OK,1290,2022-02-10 13:41:02.745,34,4,250,241.2,83,1670,1697,1703.032,1712.0,6.032,0.6936,3.6564,0.1897,정상,0,0,0,
WeldingTest_01_OK,1291,2022-02-10 13:41:05.603,34,5,250,241.1,82,1154,1675,1679.47,1692.0,4.47,0.502,3.6564,0.1373,정상,0,0,0,
WeldingTest_01_OK,1292,2022-02-10 13:41:08.877,34,6,250,241.2,83,1670,1699,1703.129,1714.0,4.129,0.4825,3.6564,0.132,정상,0,0,0,
WeldingTest_01_OK,1293,2022-02-10 13:41:14.653,34,7,250,241.1,82,1153,1673,1676.898,1690.0,3.898,0.4513,3.6564,0.1234,정상,0,0,0,
WeldingTest_01_OK,1294,2022-02-10 13:41:17.919,34,8,250,241.2,83,1670,1698,1704.946,1714.0,6.946,0.8087,3.6564,0.2212,정상,0,0,0,
WeldingTest_01_OK,1295,2022-02-10 13:41:20.675,34,9,250,241.1,82,1154,1678,1677.867,1694.0,0.133,0.0385,3.6564,0.0105,정상,0,0,0,
WeldingTest_01_OK,1296,2022-02-10 13:41:23.949,34,10,250,241.2,83,1670,1700,1705.728,1717.0,5.728,0.6691,3.6564,0.183,정상,0,0,0,
WeldingTest_01_OK,1297,2022-02-10 13:41:26.795,34,11,250,241.1,82,1154,1679,1677.809,1695.0,1.191,0.1151,3.6564,0.0315,정상,0,0,0,
WeldingTest_01_OK,1298,2022-02-10 13:41:30.163,34,12,250,241.2,83,1670,1702,1706.285,1718.0,4.285,0.5066,3.6564,0.1386,정상,0,0,0,
WeldingTest_01_OK,1299,2022-02-10 13:41:34.737,34,13,30,19.4,38,650,683,689.737,690.0,6.737,1.8688,3.6564,0.5111,정상,0,0,0,
WeldingTest_01_OK,1300,2022-02-10 13:41:36.397,34,14,30,19.4,38,650,682,675.374,688.0,6.626,1.8074,3.6564,0.4943,정상,0,0,0,
WeldingTest_01_OK,1301,2022-02-10 13:41:39.325,34,15,30,19.4,38,650,683,681.044,688.0,1.956,0.4595,3.6564,0.1257,정상,0,0,0,
WeldingTest_01_OK,1302,2022-02-10 13:41:42.625,34,16,30,19.4,38,650,682,679.366,688.0,2.634,0.738,3.6564,0.2018,정상,0,0,0,
WeldingTest_01_OK,1303,2022-02-10 13:41:44.333,34,17,30,19.4,38,650,682,687.169,688.0,5.169,1.4668,3.6564,0.4012,정상,0,0,0,
WeldingTest_01_OK,1304,2022-02-10 13:41:45.997,34,18,30,19.4,38,650,682,682.776,688.0,0.776,0.2017,3.6564,0.0552,정상,0,0,0,
WeldingTest_01_OK,1305,2022-02-10 13:42:06.839,34,19,250,241.1,83,1670,1692,1697.964,1708.0,5.964,0.5865,3.6564,0.1604,정상,0,0,0,
WeldingTest_01_OK,1306,2022-02-10 13:42:09.511,34,20,250,241.2,82,1154,1675,1676.308,1692.0,1.308,0.0992,3.6564,0.0271,정상,0,0,0,
WeldingTest_01_OK,1307,2022-02-10 13:42:12.915,34,21,250,241.1,83,1670,1698,1709.887,1714.0,11.887,1.4248,3.6564,0.3897,정상,0,0,0,
WeldingTest_01_OK,1308,2022-02-10 13:42:15.503,34,22,250,241.2,82,1154,1678,1672.958,1694.0,5.042,0.6182,3.6564,0.1691,정상,0,0,0,
WeldingTest_01_OK,1309,2022-02-10 13:42:18.983,34,23,250,241.1,83,1670,1700,1707.573,1717.0,7.573,0.8984,3.6564,0.2457,정상,0,0,0,
WeldingTest_01_OK,1310,2022-02-10 13:42:21.645,34,24,250,241.2,82,1154,1680,1672.659,1695.0,7.341,0.8678,3.6564,0.2373,정상,0,0,0,
WeldingTest_01_OK,1311,2022-02-10 13:42:28.305,34,25,250,241.1,83,1670,1698,1709.326,1714.0,11.326,1.3612,3.6564,0.3723,정상,0,0,0,
WeldingTest_01_OK,1312,2022-02-10 13:42:30.909,34,26,250,241.2,82,1154,1679,1673.322,1695.0,5.678,0.681,3.6564,0.1863,정상,0,0,0,
WeldingTest_01_OK,1313,2022-02-10 13:42:34.375,34,27,250,241.1,83,1670,1702,1708.54,1718.0,6.54,0.7753,3.6564,0.2121,정상,0,0,0,
WeldingTest_01_OK,1314,2022-02-10 13:42:37.109,34,28,250,241.2,82,1154,1680,1674.392,1697.0,5.608,0.6642,3.6564,0.1816,정상,0,0,0,
WeldingTest_01_OK,1315,2022-02-10 13:42:40.653,34,29,250,241.1,83,1670,1703,1709.306,1719.0,6.306,0.7086,3.6564,0.1938,정상,0,0,0,
WeldingTest_01_OK,1316,2022-02-10 13:42:43.195,34,30,250,241.2,82,1154,1682,1676.386,1698.0,5.614,0.683,3.6564,0.1868,정상,0,0,0,
WeldingTest_01_OK,1317,2022-02-10 13:42:47.583,34,31,30,19.4,38,650,683,692.501,690.0,9.501,2.7592,3.6564,0.7546,정상,0,0,0,
WeldingTest_01_OK,1318,2022-02-10 13:42:49.101,34,32,30,19.4,38,650,682,674.916,688.0,7.084,1.8726,3.6564,0.5121,정상,0,0,0,
WeldingTest_01_OK,1319,2022-02-10 13:42:52.179,34,33,30,19.4,38,650,683,682.478,690.0,0.522,0.0632,3.6564,0.0173,정상,0,0,0,
WeldingTest_01_OK,1320,2022-02-10 13:42:53.947,34,34,30,19.4,38,650,682,679.99,690.0,2.01,0.4298,3.6564,0.1176,정상,0,0,0,
WeldingTest_01_OK,1321,2022-02-10 13:42:57.495,34,35,30,19.4,38,650,683,681.94,690.0,1.06,0.2446,3.6564,0.0669,정상,0,0,0,
WeldingTest_01_OK,1322,2022-02-10 13:42:59.233,34,36,30,19.4,38,650,682,683.128,690.0,1.128,0.2639,3.6564,0.0722,정상,0,0,0,
WeldingTest_01_OK,1323,2022-02-10 13:43:00.885,34,37,30,19.4,38,650,682,684.679,688.0,2.679,0.7452,3.6564,0.2038,정상,0,0,0,
WeldingTest_01_OK,1324,2022-02-10 13:43:03.901,34,38,30,19.4,38,650,683,685.204,690.0,2.204,0.5341,3.6564,0.1461,정상,0,0,0,
WeldingTest_01_OK,1325,2022-02-10 13:43:05.407,34,39,30,19.4,38,650,682,683.213,688.0,1.213,0.264,3.6564,0.0722,정상,0,0,0,
WeldingTest_01_OK,1326,2022-02-10 13:47:45.042,35,1,250,241.1,82,1154,1662,1682.847,1682.0,20.847,1.9937,3.6564,0.5453,정상,0,0,0,
WeldingTest_01_OK,1327,2022-02-10 13:47:48.368,35,2,250,241.2,83,1670,1687,1701.937,1707.0,14.937,1.8347,3.6564,0.5018,정상,0,0,0,
WeldingTest_01_OK,1328,2022-02-10 13:47:51.182,35,3,250,241.1,82,1153,1669,1682.62,1689.0,13.62,1.6845,3.6564,0.4607,정상,0,0,0,
WeldingTest_01_OK,1329,2022-02-10 13:47:54.554,35,4,250,241.2,83,1670,1692,1702.753,1712.0,10.753,1.2804,3.6564,0.3502,정상,0,0,0,
WeldingTest_01_OK,1330,2022-02-10 13:47:57.444,35,5,250,241.1,82,1154,1671,1679.555,1692.0,8.555,1.0254,3.6564,0.2804,정상,0,0,0,
WeldingTest_01_OK,1331,2022-02-10 13:48:00.864,35,6,250,241.2,83,1670,1695,1703.077,1714.0,8.077,0.973,3.6564,0.2661,정상,0,0,0,
WeldingTest_01_OK,1332,2022-02-10 13:48:06.720,35,7,250,241.1,82,1153,1670,1676.898,1690.0,6.898,0.8344,3.6564,0.2282,정상,0,0,0,
WeldingTest_01_OK,1333,2022-02-10 13:48:09.934,35,8,250,241.2,83,1670,1695,1704.99,1714.0,9.99,1.1854,3.6564,0.3242,정상,0,0,0,
WeldingTest_01_OK,1334,2022-02-10 13:48:12.690,35,9,250,241.1,82,1154,1675,1677.841,1694.0,2.841,0.3075,3.6564,0.0841,정상,0,0,0,
WeldingTest_01_OK,1335,2022-02-10 13:48:15.948,35,10,250,241.2,83,1670,1698,1704.876,1717.0,6.876,0.811,3.6564,0.2218,정상,0,0,0,
WeldingTest_01_OK,1336,2022-02-10 13:48:18.822,35,11,250,241.1,82,1154,1677,1677.787,1695.0,0.787,0.0633,3.6564,0.0173,정상,0,0,0,
WeldingTest_01_OK,1337,2022-02-10 13:48:22.042,35,12,250,241.2,83,1670,1700,1704.868,1718.0,4.868,0.5788,3.6564,0.1583,정상,0,0,0,
WeldingTest_01_OK,1338,2022-02-10 13:48:26.654,35,13,30,19.4,38,650,682,689.724,690.0,7.724,2.163,3.6564,0.5916,정상,0,0,0,
WeldingTest_01_OK,1339,2022-02-10 13:48:28.452,35,14,30,19.4,38,650,682,677.732,688.0,4.268,1.1202,3.6564,0.3064,정상,0,0,0,
WeldingTest_01_OK,1340,2022-02-10 13:48:31.462,35,15,30,19.4,38,650,682,685.815,688.0,3.815,0.9982,3.6564,0.273,정상,0,0,0,
WeldingTest_01_OK,1341,2022-02-10 13:48:34.854,35,16,30,19.4,38,650,682,679.478,688.0,2.522,0.7055,3.6564,0.193,정상,0,0,0,
WeldingTest_01_OK,1342,2022-02-10 13:48:36.634,35,17,30,19.4,38,650,682,682.462,688.0,0.462,0.1101,3.6564,0.0301,정상,0,0,0,
WeldingTest_01_OK,1343,2022-02-10 13:48:38.348,35,18,30,19.4,38,650,682,684.19,688.0,2.19,0.61,3.6564,0.1668,정상,0,0,0,
WeldingTest_01_OK,1344,2022-02-10 13:48:58.802,35,19,250,241.1,83,1670,1690,1699.539,1708.0,9.539,0.9978,3.6564,0.2729,정상,0,0,0,
WeldingTest_01_OK,1345,2022-02-10 13:49:01.510,35,20,250,241.2,82,1154,1673,1676.27,1692.0,3.27,0.3497,3.6564,0.0957,정상,0,0,0,
WeldingTest_01_OK,1346,2022-02-10 13:49:04.958,35,21,250,241.1,83,1670,1697,1709.868,1714.0,12.868,1.5457,3.6564,0.4227,정상,0,0,0,
WeldingTest_01_OK,1347,2022-02-10 13:49:07.644,35,22,250,241.2,82,1154,1677,1672.986,1694.0,4.014,0.4866,3.6564,0.1331,정상,0,0,0,
WeldingTest_01_OK,1348,2022-02-10 13:49:11.174,35,23,250,241.1,83,1670,1699,1706.848,1717.0,7.848,0.9325,3.6564,0.255,정상,0,0,0,
WeldingTest_01_OK,1349,2022-02-10 13:49:13.820,35,24,250,241.2,82,1154,1679,1672.654,1695.0,6.346,0.7401,3.6564,0.2024,정상,0,0,0,
WeldingTest_01_OK,1350,2022-02-10 13:49:20.230,35,25,250,241.1,83,1670,1697,1707.821,1714.0,10.821,1.2985,3.6564,0.3551,정상,0,0,0,
WeldingTest_01_OK,1351,2022-02-10 13:49:22.870,35,26,250,241.2,82,1154,1678,1673.188,1695.0,4.812,0.5698,3.6564,0.1558,정상,0,0,0,
WeldingTest_01_OK,1352,2022-02-10 13:49:26.370,35,27,250,241.1,83,1670,1700,1707.915,1718.0,7.915,0.946,3.6564,0.2587,정상,0,0,0,
WeldingTest_01_OK,1353,2022-02-10 13:49:29.046,35,28,250,241.2,82,1154,1680,1672.897,1697.0,7.103,0.8561,3.6564,0.2342,정상,0,0,0,
WeldingTest_01_OK,1354,2022-02-10 13:49:32.604,35,29,250,241.1,83,1670,1702,1709.306,1719.0,7.306,0.8327,3.6564,0.2277,정상,0,0,0,
WeldingTest_01_OK,1355,2022-02-10 13:49:35.200,35,30,250,241.2,82,1154,1682,1674.322,1698.0,7.678,0.9482,3.6564,0.2593,정상,0,0,0,
WeldingTest_01_OK,1356,2022-02-10 13:49:39.458,35,31,30,19.4,38,650,683,692.454,690.0,9.454,2.7452,3.6564,0.7508,정상,0,0,0,
WeldingTest_01_OK,1357,2022-02-10 13:49:41.086,35,32,30,19.4,38,650,682,675.041,688.0,6.959,1.836,3.6564,0.5021,정상,0,0,0,
WeldingTest_01_OK,1358,2022-02-10 13:49:44.208,35,33,30,19.4,38,650,683,684.835,690.0,1.835,0.3168,3.6564,0.0866,정상,0,0,0,
WeldingTest_01_OK,1359,2022-02-10 13:49:45.958,35,34,30,19.4,38,650,682,680.787,690.0,1.213,0.1983,3.6564,0.0542,정상,0,0,0,
WeldingTest_01_OK,1360,2022-02-10 13:49:49.518,35,35,30,19.4,38,650,682,681.421,690.0,0.579,0.1054,3.6564,0.0288,정상,0,0,0,
WeldingTest_01_OK,1361,2022-02-10 13:49:51.192,35,36,30,19.4,38,650,682,680.876,690.0,1.124,0.2626,3.6564,0.0718,정상,0,0,0,
WeldingTest_01_OK,1362,2022-02-10 13:49:52.924,35,37,30,19.4,38,650,682,685.362,688.0,3.362,0.9422,3.6564,0.2577,정상,0,0,0,
WeldingTest_01_OK,1363,2022-02-10 13:49:55.880,35,38,30,19.4,38,650,682,685.529,690.0,3.529,0.9177,3.6564,0.251,정상,0,0,0,
WeldingTest_01_OK,1364,2022-02-10 13:49:57.424,35,39,30,19.4,38,650,682,683.106,688.0,1.106,0.233,3.6564,0.0637,정상,0,0,0,
WeldingTest_01_OK,1365,2022-02-10 13:58:12.761,36,1,250,241.1,82,1154,1661,1682.847,1682.0,21.847,2.1109,3.6564,0.5773,정상,0,0,0,
WeldingTest_01_OK,1366,2022-02-10 13:58:16.061,36,2,250,241.2,83,1670,1687,1701.969,1707.0,14.969,1.8387,3.6564,0.5029,정상,0,0,0,
WeldingTest_01_OK,1367,2022-02-10 13:58:18.857,36,3,250,241.1,82,1153,1669,1682.375,1689.0,13.375,1.6531,3.6564,0.4521,정상,0,0,0,
WeldingTest_01_OK,1368,2022-02-10 13:58:22.109,36,4,250,241.2,83,1670,1692,1703.032,1712.0,11.032,1.3151,3.6564,0.3597,정상,0,0,0,
WeldingTest_01_OK,1369,2022-02-10 13:58:24.887,36,5,250,241.1,82,1154,1671,1678.705,1692.0,7.705,0.9164,3.6564,0.2506,정상,0,0,0,
WeldingTest_01_OK,1370,2022-02-10 13:58:28.137,36,6,250,241.2,83,1670,1695,1703.364,1714.0,8.364,1.0086,3.6564,0.2759,정상,0,0,0,
WeldingTest_01_OK,1371,2022-02-10 13:58:33.957,36,7,250,241.1,82,1153,1670,1676.898,1690.0,6.898,0.8344,3.6564,0.2282,정상,0,0,0,
WeldingTest_01_OK,1372,2022-02-10 13:58:37.269,36,8,250,241.2,83,1670,1695,1704.72,1714.0,9.72,1.152,3.6564,0.3151,정상,0,0,0,
WeldingTest_01_OK,1373,2022-02-10 13:58:40.099,36,9,250,241.1,82,1154,1675,1677.54,1694.0,2.54,0.269,3.6564,0.0736,정상,0,0,0,
WeldingTest_01_OK,1374,2022-02-10 13:58:43.303,36,10,250,241.2,83,1670,1698,1704.904,1717.0,6.904,0.8145,3.6564,0.2228,정상,0,0,0,
WeldingTest_01_OK,1375,2022-02-10 13:58:46.073,36,11,250,241.1,82,1154,1677,1677.133,1695.0,0.133,0.0205,3.6564,0.0056,정상,0,0,0,
WeldingTest_01_OK,1376,2022-02-10 13:58:49.437,36,12,250,241.2,83,1670,1699,1704.546,1718.0,5.546,0.6628,3.6564,0.1813,정상,0,0,0,
WeldingTest_01_OK,1377,2022-02-10 13:58:53.935,36,13,30,19.4,38,650,682,689.68,690.0,7.68,2.1498,3.6564,0.588,정상,0,0,0,
WeldingTest_01_OK,1378,2022-02-10 13:58:55.611,36,14,30,19.4,38,650,682,674.414,688.0,7.586,2.0874,3.6564,0.5709,정상,0,0,0,
WeldingTest_01_OK,1379,2022-02-10 13:58:58.551,36,15,30,19.4,38,650,682,682.946,688.0,0.946,0.1667,3.6564,0.0456,정상,0,0,0,
WeldingTest_01_OK,1380,2022-02-10 13:59:01.929,36,16,30,19.4,38,650,682,679.478,688.0,2.522,0.7055,3.6564,0.193,정상,0,0,0,
WeldingTest_01_OK,1381,2022-02-10 13:59:03.611,36,17,30,19.4,38,650,682,685.97,688.0,3.97,1.1215,3.6564,0.3067,정상,0,0,0,
WeldingTest_01_OK,1382,2022-02-10 13:59:05.311,36,18,30,19.4,38,650,682,684.495,688.0,2.495,0.6979,3.6564,0.1909,정상,0,0,0,
WeldingTest_01_OK,1383,2022-02-10 13:59:26.019,36,19,250,241.1,83,1670,1690,1697.964,1708.0,7.964,0.8165,3.6564,0.2233,정상,0,0,0,
WeldingTest_01_OK,1384,2022-02-10 13:59:28.607,36,20,250,241.2,82,1154,1673,1676.167,1692.0,3.167,0.3367,3.6564,0.0921,정상,0,0,0,
WeldingTest_01_OK,1385,2022-02-10 13:59:32.066,36,21,250,241.1,83,1670,1697,1710.076,1714.0,13.076,1.5714,3.6564,0.4298,정상,0,0,0,
WeldingTest_01_OK,1386,2022-02-10 13:59:34.710,36,22,250,241.2,82,1154,1677,1673.077,1694.0,3.923,0.475,3.6564,0.1299,정상,0,0,0,
WeldingTest_01_OK,1387,2022-02-10 13:59:38.162,36,23,250,241.1,83,1670,1699,1706.758,1717.0,7.758,0.9214,3.6564,0.252,정상,0,0,0,
WeldingTest_01_OK,1388,2022-02-10 13:59:40.816,36,24,250,241.2,82,1154,1678,1672.654,1695.0,5.346,0.6117,3.6564,0.1673,정상,0,0,0,
WeldingTest_01_OK,1389,2022-02-10 13:59:47.240,36,25,250,241.1,83,1670,1697,1707.224,1714.0,10.224,1.2244,3.6564,0.3349,정상,0,0,0,
WeldingTest_01_OK,1390,2022-02-10 13:59:50.012,36,26,250,241.2,82,1154,1678,1678.101,1695.0,0.101,0.0351,3.6564,0.0096,정상,0,0,0,
WeldingTest_01_OK,1391,2022-02-10 13:59:53.464,36,27,250,241.1,83,1670,1700,1707.722,1718.0,7.722,0.9221,3.6564,0.2522,정상,0,0,0,
WeldingTest_01_OK,1392,2022-02-10 13:59:56.126,36,28,250,241.2,82,1154,1680,1672.898,1697.0,7.102,0.856,3.6564,0.2341,정상,0,0,0,
WeldingTest_01_OK,1393,2022-02-10 13:59:59.586,36,29,250,241.1,83,1670,1702,1709.307,1719.0,7.307,0.8329,3.6564,0.2278,정상,0,0,0,
WeldingTest_01_OK,1394,2022-02-10 14:00:02.206,36,30,250,241.2,82,1154,1680,1674.312,1698.0,5.688,0.6926,3.6564,0.1894,정상,0,0,0,
WeldingTest_01_OK,1395,2022-02-10 14:00:06.666,36,31,30,19.4,38,650,683,692.501,690.0,9.501,2.7592,3.6564,0.7546,정상,0,0,0,
WeldingTest_01_OK,1396,2022-02-10 14:00:08.204,36,32,30,19.4,38,650,682,675.0,688.0,7.0,1.8479,3.6564,0.5054,정상,0,0,0,
WeldingTest_01_OK,1397,2022-02-10 14:00:11.294,36,33,30,19.4,38,650,683,684.814,690.0,1.814,0.3107,3.6564,0.085,정상,0,0,0,
WeldingTest_01_OK,1398,2022-02-10 14:00:13.060,36,34,30,19.4,38,650,682,679.99,690.0,2.01,0.4298,3.6564,0.1176,정상,0,0,0,
WeldingTest_01_OK,1399,2022-02-10 14:00:16.602,36,35,30,19.4,38,650,682,681.94,690.0,0.06,0.0448,3.6564,0.0123,정상,0,0,0,
WeldingTest_01_OK,1400,2022-02-10 14:00:18.272,36,36,30,19.4,38,650,682,680.876,690.0,1.124,0.2626,3.6564,0.0718,정상,0,0,0,
WeldingTest_01_OK,1401,2022-02-10 14:00:20.006,36,37,30,19.4,38,650,682,685.362,688.0,3.362,0.9422,3.6564,0.2577,정상,0,0,0,
WeldingTest_01_OK,1402,2022-02-10 14:00:22.982,36,38,30,19.4,38,650,682,685.553,690.0,3.553,0.9246,3.6564,0.2529,정상,0,0,0,
WeldingTest_01_OK,1403,2022-02-10 14:00:24.488,36,39,30,19.4,38,650,682,683.213,688.0,1.213,0.264,3.6564,0.0722,정상,0,0,0,
WeldingTest_01_OK,1404,2022-02-10 14:01:48.456,37,1,250,241.1,82,1154,1665,1683.977,1682.0,18.977,1.7743,3.6564,0.4853,정상,0,0,0,
WeldingTest_01_OK,1405,2022-02-10 14:01:51.750,37,2,250,241.2,83,1670,1690,1701.969,1707.0,11.969,1.4653,3.6564,0.4008,정상,0,0,0,
WeldingTest_01_OK,1406,2022-02-10 14:01:54.468,37,3,250,241.1,82,1153,1671,1679.367,1689.0,8.367,1.0134,3.6564,0.2772,정상,0,0,0,
WeldingTest_01_OK,1407,2022-02-10 14:01:57.772,37,4,250,241.2,83,1670,1695,1702.798,1712.0,7.798,0.913,3.6564,0.2497,정상,0,0,0,
WeldingTest_01_OK,1408,2022-02-10 14:02:00.592,37,5,250,241.1,82,1154,1674,1679.057,1692.0,5.057,0.5772,3.6564,0.1579,정상,0,0,0,
WeldingTest_01_OK,1409,2022-02-10 14:02:03.846,37,6,250,241.2,83,1670,1698,1703.364,1714.0,5.364,0.6359,3.6564,0.1739,정상,0,0,0,
WeldingTest_01_OK,1410,2022-02-10 14:02:09.670,37,7,250,241.1,82,1153,1673,1676.898,1690.0,3.898,0.4513,3.6564,0.1234,정상,0,0,0,
WeldingTest_01_OK,1411,2022-02-10 14:02:12.956,37,8,250,241.2,83,1670,1698,1704.722,1714.0,6.722,0.7809,3.6564,0.2136,정상,0,0,0,
WeldingTest_01_OK,1412,2022-02-10 14:02:15.788,37,9,250,241.1,82,1154,1678,1677.566,1694.0,0.434,0.0,3.6564,0.0,정상,0,0,0,
WeldingTest_01_OK,1413,2022-02-10 14:02:19.034,37,10,250,241.2,83,1670,1700,1705.741,1717.0,5.741,0.6706,3.6564,0.1834,정상,0,0,0,
WeldingTest_01_OK,1414,2022-02-10 14:02:21.770,37,11,250,241.1,82,1154,1679,1673.133,1695.0,5.867,0.7144,3.6564,0.1954,정상,0,0,0,
WeldingTest_01_OK,1415,2022-02-10 14:02:25.068,37,12,250,241.2,83,1670,1702,1706.328,1718.0,4.328,0.512,3.6564,0.14,정상,0,0,0,
WeldingTest_01_OK,1416,2022-02-10 14:02:29.518,37,13,30,19.4,38,650,683,689.702,690.0,6.702,1.8584,3.6564,0.5083,정상,0,0,0,
WeldingTest_01_OK,1417,2022-02-10 14:02:31.214,37,14,30,19.4,38,650,682,677.797,688.0,4.203,1.1011,3.6564,0.3011,정상,0,0,0,
WeldingTest_01_OK,1418,2022-02-10 14:02:34.138,37,15,30,19.4,38,650,683,681.044,688.0,1.956,0.4595,3.6564,0.1257,정상,0,0,0,
WeldingTest_01_OK,1419,2022-02-10 14:02:37.472,37,16,30,19.4,38,650,682,679.478,688.0,2.522,0.7055,3.6564,0.193,정상,0,0,0,
WeldingTest_01_OK,1420,2022-02-10 14:02:39.186,37,17,30,19.4,38,650,682,687.846,688.0,5.846,1.6621,3.6564,0.4546,정상,0,0,0,
WeldingTest_01_OK,1421,2022-02-10 14:02:40.910,37,18,30,19.4,38,650,682,684.296,688.0,2.296,0.6406,3.6564,0.1752,정상,0,0,0,
WeldingTest_01_OK,1422,2022-02-10 14:03:01.434,37,19,250,241.1,83,1670,1692,1699.008,1708.0,7.008,0.7066,3.6564,0.1932,정상,0,0,0,
WeldingTest_01_OK,1423,2022-02-10 14:03:04.080,37,20,250,241.2,82,1154,1674,1676.326,1692.0,2.326,0.2292,3.6564,0.0627,정상,0,0,0,
WeldingTest_01_OK,1424,2022-02-10 14:03:07.532,37,21,250,241.1,83,1670,1698,1710.037,1714.0,12.037,1.4433,3.6564,0.3947,정상,0,0,0,
WeldingTest_01_OK,1425,2022-02-10 14:03:10.130,37,22,250,241.2,82,1154,1678,1672.955,1694.0,5.045,0.6186,3.6564,0.1692,정상,0,0,0,
WeldingTest_01_OK,1426,2022-02-10 14:03:13.560,37,23,250,241.1,83,1670,1700,1707.365,1717.0,7.365,0.8726,3.6564,0.2386,정상,0,0,0,
WeldingTest_01_OK,1427,2022-02-10 14:03:16.192,37,24,250,241.2,82,1154,1679,1672.56,1695.0,6.44,0.7521,3.6564,0.2057,정상,0,0,0,
WeldingTest_01_OK,1428,2022-02-10 14:03:22.588,37,25,250,241.1,83,1670,1698,1707.821,1714.0,9.821,1.1744,3.6564,0.3212,정상,0,0,0,
WeldingTest_01_OK,1429,2022-02-10 14:03:25.264,37,26,250,241.2,82,1154,1679,1673.387,1695.0,5.613,0.6727,3.6564,0.184,정상,0,0,0,
WeldingTest_01_OK,1430,2022-02-10 14:03:28.770,37,27,250,241.1,83,1670,1702,1708.538,1718.0,6.538,0.7752,3.6564,0.212,정상,0,0,0,
WeldingTest_01_OK,1431,2022-02-10 14:03:31.424,37,28,250,241.2,82,1154,1680,1674.433,1697.0,5.567,0.6588,3.6564,0.1802,정상,0,0,0,
WeldingTest_01_OK,1432,2022-02-10 14:03:34.922,37,29,250,241.1,83,1670,1703,1709.306,1719.0,6.306,0.7086,3.6564,0.1938,정상,0,0,0,
WeldingTest_01_OK,1433,2022-02-10 14:03:37.508,37,30,250,241.2,82,1154,1683,1676.31,1698.0,6.69,0.8214,3.6564,0.2246,정상,0,0,0,
WeldingTest_01_OK,1434,2022-02-10 14:03:41.812,37,31,30,19.4,38,650,683,692.454,690.0,9.454,2.7452,3.6564,0.7508,정상,0,0,0,
WeldingTest_01_OK,1435,2022-02-10 14:03:43.286,37,32,30,19.4,38,650,682,675.002,688.0,6.998,1.8473,3.6564,0.5052,정상,0,0,0,
WeldingTest_01_OK,1436,2022-02-10 14:03:46.302,37,33,30,19.4,38,650,683,684.536,690.0,1.536,0.2303,3.6564,0.063,정상,0,0,0,
WeldingTest_01_OK,1437,2022-02-10 14:03:48.060,37,34,30,19.4,38,650,683,680.787,690.0,2.213,0.4887,3.6564,0.1336,정상,0,0,0,
WeldingTest_01_OK,1438,2022-02-10 14:03:51.566,37,35,30,19.4,38,650,683,681.936,690.0,1.064,0.2458,3.6564,0.0672,정상,0,0,0,
WeldingTest_01_OK,1439,2022-02-10 14:03:53.284,37,36,30,19.4,38,650,683,684.471,690.0,1.471,0.3633,3.6564,0.0994,정상,0,0,0,
WeldingTest_01_OK,1440,2022-02-10 14:03:55.020,37,37,30,19.4,38,650,682,683.877,688.0,1.877,0.5137,3.6564,0.1405,정상,0,0,0,
WeldingTest_01_OK,1441,2022-02-10 14:03:58.006,37,38,30,19.4,38,650,683,685.553,690.0,2.553,0.635,3.6564,0.1737,정상,0,0,0,
WeldingTest_01_OK,1442,2022-02-10 14:03:59.460,37,39,30,19.4,38,650,682,683.255,688.0,1.255,0.276,3.6564,0.0755,정상,0,0,0,
WeldingTest_01_OK,1443,2022-02-10 14:04:47.430,38,1,250,241.1,82,1154,1667,1683.977,1682.0,16.977,1.5398,3.6564,0.4211,정상,0,0,0,
WeldingTest_01_OK,1444,2022-02-10 14:04:50.630,38,2,250,241.2,83,1670,1693,1702.229,1707.0,9.229,1.1244,3.6564,0.3075,정상,0,0,0,
WeldingTest_01_OK,1445,2022-02-10 14:04:53.406,38,3,250,241.1,82,1153,1674,1682.813,1689.0,8.813,1.0704,3.6564,0.2927,정상,0,0,0,
WeldingTest_01_OK,1446,2022-02-10 14:04:56.746,38,4,250,241.2,83,1670,1698,1702.753,1712.0,4.753,0.5346,3.6564,0.1462,정상,0,0,0,
WeldingTest_01_OK,1447,2022-02-10 14:04:59.592,38,5,250,241.1,82,1154,1677,1679.47,1692.0,2.47,0.2458,3.6564,0.0672,정상,0,0,0,
WeldingTest_01_OK,1448,2022-02-10 14:05:02.802,38,6,250,241.2,83,1670,1700,1703.396,1714.0,3.396,0.3914,3.6564,0.107,정상,0,0,0,
WeldingTest_01_OK,1449,2022-02-10 14:05:08.674,38,7,250,241.1,82,1153,1674,1676.932,1690.0,2.932,0.3279,3.6564,0.0897,정상,0,0,0,
WeldingTest_01_OK,1450,2022-02-10 14:05:11.978,38,8,250,241.2,83,1670,1699,1704.72,1714.0,5.72,0.6569,3.6564,0.1797,정상,0,0,0,
WeldingTest_01_OK,1451,2022-02-10 14:05:14.790,38,9,250,241.1,82,1154,1679,1677.691,1694.0,1.309,0.1118,3.6564,0.0306,정상,0,0,0,
WeldingTest_01_OK,1452,2022-02-10 14:05:18.126,38,10,250,241.2,83,1670,1702,1706.314,1717.0,4.314,0.4942,3.6564,0.1352,정상,0,0,0,
WeldingTest_01_OK,1453,2022-02-10 14:05:20.900,38,11,250,241.1,82,1154,1680,1678.463,1695.0,1.537,0.1595,3.6564,0.0436,정상,0,0,0,
WeldingTest_01_OK,1454,2022-02-10 14:05:24.140,38,12,250,241.2,83,1670,1703,1707.303,1718.0,4.303,0.5089,3.6564,0.1392,정상,0,0,0,
WeldingTest_01_OK,1455,2022-02-10 14:05:28.698,38,13,30,19.4,38,650,683,691.656,690.0,8.656,2.4407,3.6564,0.6675,정상,0,0,0,
WeldingTest_01_OK,1456,2022-02-10 14:05:30.446,38,14,30,19.4,38,650,682,677.998,688.0,4.002,1.0426,3.6564,0.2851,정상,0,0,0,
WeldingTest_01_OK,1457,2022-02-10 14:05:33.460,38,15,30,19.4,38,650,683,685.815,688.0,2.815,0.7085,3.6564,0.1938,정상,0,0,0,
WeldingTest_01_OK,1458,2022-02-10 14:05:36.852,38,16,30,19.4,38,650,683,679.478,688.0,3.522,0.9963,3.6564,0.2725,정상,0,0,0,
WeldingTest_01_OK,1459,2022-02-10 14:05:38.624,38,17,30,19.4,38,650,683,682.453,688.0,0.547,0.1345,3.6564,0.0368,정상,0,0,0,
WeldingTest_01_OK,1460,2022-02-10 14:05:40.302,38,18,30,19.4,38,650,682,682.062,688.0,0.062,0.0044,3.6564,0.0012,정상,0,0,0,
WeldingTest_01_OK,1461,2022-02-10 14:06:00.820,38,19,250,241.1,83,1670,1693,1699.008,1708.0,6.008,0.5915,3.6564,0.1618,정상,0,0,0,
WeldingTest_01_OK,1462,2022-02-10 14:06:03.424,38,20,250,241.2,82,1154,1675,1676.395,1692.0,1.395,0.1104,3.6564,0.0302,정상,0,0,0,
WeldingTest_01_OK,1463,2022-02-10 14:06:06.824,38,21,250,241.1,83,1670,1699,1709.887,1714.0,10.887,1.3015,3.6564,0.356,정상,0,0,0,
WeldingTest_01_OK,1464,2022-02-10 14:06:09.504,38,22,250,241.2,82,1154,1678,1672.991,1694.0,5.009,0.614,3.6564,0.1679,정상,0,0,0,
WeldingTest_01_OK,1465,2022-02-10 14:06:12.950,38,23,250,241.1,83,1670,1700,1707.365,1717.0,7.365,0.8726,3.6564,0.2386,정상,0,0,0,
WeldingTest_01_OK,1466,2022-02-10 14:06:15.602,38,24,250,241.2,82,1154,1680,1672.659,1695.0,7.341,0.8678,3.6564,0.2373,정상,0,0,0,
WeldingTest_01_OK,1467,2022-02-10 14:06:22.072,38,25,250,241.1,83,1670,1699,1708.616,1714.0,9.616,1.149,3.6564,0.3142,정상,0,0,0,
WeldingTest_01_OK,1468,2022-02-10 14:06:24.712,38,26,250,241.2,82,1154,1680,1673.193,1695.0,6.807,0.8261,3.6564,0.2259,정상,0,0,0,
WeldingTest_01_OK,1469,2022-02-10 14:06:28.124,38,27,250,241.1,83,1670,1703,1709.156,1718.0,6.156,0.7278,3.6564,0.199,정상,0,0,0,
WeldingTest_01_OK,1470,2022-02-10 14:06:30.834,38,28,250,241.2,82,1154,1682,1676.373,1697.0,5.627,0.6666,3.6564,0.1823,정상,0,0,0,
WeldingTest_01_OK,1471,2022-02-10 14:06:34.325,38,29,250,241.1,83,1670,1704,1710.296,1719.0,6.296,0.7073,3.6564,0.1934,정상,0,0,0,
WeldingTest_01_OK,1472,2022-02-10 14:06:36.971,38,30,250,241.2,82,1154,1683,1683.186,1698.0,0.186,0.0142,3.6564,0.0039,정상,0,0,0,
WeldingTest_01_OK,1473,2022-02-10 14:06:41.241,38,31,30,19.4,38,650,683,692.454,690.0,9.454,2.7452,3.6564,0.7508,정상,0,0,0,
WeldingTest_01_OK,1474,2022-02-10 14:06:42.769,38,32,30,19.4,38,650,683,674.916,688.0,8.084,2.1639,3.6564,0.5918,정상,0,0,0,
WeldingTest_01_OK,1475,2022-02-10 14:06:45.885,38,33,30,19.4,38,650,683,684.835,690.0,1.835,0.3168,3.6564,0.0866,정상,0,0,0,
WeldingTest_01_OK,1476,2022-02-10 14:06:47.625,38,34,30,19.4,38,650,683,682.198,690.0,0.802,0.079,3.6564,0.0216,정상,0,0,0,
WeldingTest_01_OK,1477,2022-02-10 14:06:51.099,38,35,30,19.4,38,650,683,682.255,690.0,0.745,0.1534,3.6564,0.0419,정상,0,0,0,
WeldingTest_01_OK,1478,2022-02-10 14:06:52.797,38,36,30,19.4,38,650,683,683.598,690.0,0.598,0.1101,3.6564,0.0301,정상,0,0,0,
WeldingTest_01_OK,1479,2022-02-10 14:06:54.519,38,37,30,19.4,38,650,683,685.485,688.0,2.485,0.6891,3.6564,0.1885,정상,0,0,0,
WeldingTest_01_OK,1480,2022-02-10 14:06:57.505,38,38,30,19.4,38,650,683,685.553,690.0,2.553,0.635,3.6564,0.1737,정상,0,0,0,
WeldingTest_01_OK,1481,2022-02-10 14:06:59.015,38,39,30,19.4,38,650,682,682.97,688.0,0.97,0.1937,3.6564,0.053,정상,0,0,0,
WeldingTest_01_OK,1482,2022-02-10 14:13:16.565,39,1,250,241.1,82,1154,1662,1682.847,1682.0,20.847,1.9937,3.6564,0.5453,정상,0,0,0,
WeldingTest_01_OK,1483,2022-02-10 14:13:19.845,39,2,250,241.2,83,1670,1687,1701.969,1707.0,14.969,1.8387,3.6564,0.5029,정상,0,0,0,
WeldingTest_01_OK,1484,2022-02-10 14:13:22.671,39,3,250,241.1,82,1153,1669,1682.572,1689.0,13.572,1.6783,3.6564,0.459,정상,0,0,0,
WeldingTest_01_OK,1485,2022-02-10 14:13:25.957,39,4,250,241.2,83,1670,1692,1702.798,1712.0,10.798,1.2859,3.6564,0.3517,정상,0,0,0,
WeldingTest_01_OK,1486,2022-02-10 14:13:28.759,39,5,250,241.1,82,1154,1671,1678.87,1692.0,7.87,0.9376,3.6564,0.2564,정상,0,0,0,
WeldingTest_01_OK,1487,2022-02-10 14:13:32.147,39,6,250,241.2,83,1670,1695,1703.087,1714.0,8.087,0.9743,3.6564,0.2665,정상,0,0,0,
WeldingTest_01_OK,1488,2022-02-10 14:13:38.056,39,7,250,241.1,82,1153,1670,1676.933,1690.0,6.933,0.8389,3.6564,0.2294,정상,0,0,0,
WeldingTest_01_OK,1489,2022-02-10 14:13:41.426,39,8,250,241.2,83,1670,1695,1704.646,1714.0,9.646,1.1428,3.6564,0.3126,정상,0,0,0,
WeldingTest_01_OK,1490,2022-02-10 14:13:44.202,39,9,250,241.1,82,1154,1675,1677.458,1694.0,2.458,0.2586,3.6564,0.0707,정상,0,0,0,
WeldingTest_01_OK,1491,2022-02-10 14:13:47.404,39,10,250,241.2,83,1670,1698,1704.904,1717.0,6.904,0.8145,3.6564,0.2228,정상,0,0,0,
WeldingTest_01_OK,1492,2022-02-10 14:13:50.156,39,11,250,241.1,82,1154,1678,1677.448,1695.0,0.552,0.0332,3.6564,0.0091,정상,0,0,0,
WeldingTest_01_OK,1493,2022-02-10 14:13:53.504,39,12,250,241.2,83,1670,1699,1705.635,1718.0,6.635,0.7977,3.6564,0.2182,정상,0,0,0,
WeldingTest_01_OK,1494,2022-02-10 14:13:57.896,39,13,30,19.4,38,650,682,689.652,690.0,7.652,2.1415,3.6564,0.5857,정상,0,0,0,
WeldingTest_01_OK,1495,2022-02-10 14:13:59.604,39,14,30,19.4,38,650,682,677.273,688.0,4.727,1.2538,3.6564,0.3429,정상,0,0,0,
WeldingTest_01_OK,1496,2022-02-10 14:14:02.494,39,15,30,19.4,38,650,682,682.63,688.0,0.63,0.0754,3.6564,0.0206,정상,0,0,0,
WeldingTest_01_OK,1497,2022-02-10 14:14:05.844,39,16,30,19.4,38,650,682,679.478,688.0,2.522,0.7055,3.6564,0.193,정상,0,0,0,
WeldingTest_01_OK,1498,2022-02-10 14:14:07.626,39,17,30,19.4,38,650,682,682.462,688.0,0.462,0.1101,3.6564,0.0301,정상,0,0,0,
WeldingTest_01_OK,1499,2022-02-10 14:14:09.396,39,18,30,19.4,38,650,682,678.574,688.0,3.426,0.9668,3.6564,0.2644,정상,0,0,0,
WeldingTest_01_OK,1500,2022-02-10 14:14:29.826,39,19,250,241.1,83,1670,1690,1699.578,1708.0,9.578,1.0022,3.6564,0.2741,정상,0,0,0,
WeldingTest_01_OK,1501,2022-02-10 14:14:32.384,39,20,250,241.2,82,1154,1674,1676.437,1692.0,2.437,0.2434,3.6564,0.0666,정상,0,0,0,
WeldingTest_01_OK,1502,2022-02-10 14:14:35.848,39,21,250,241.1,83,1670,1697,1710.076,1714.0,13.076,1.5714,3.6564,0.4298,정상,0,0,0,
WeldingTest_01_OK,1503,2022-02-10 14:14:38.486,39,22,250,241.2,82,1154,1677,1672.897,1694.0,4.103,0.4981,3.6564,0.1362,정상,0,0,0,
WeldingTest_01_OK,1504,2022-02-10 14:14:41.942,39,23,250,241.1,83,1670,1699,1706.843,1717.0,7.843,0.9318,3.6564,0.2549,정상,0,0,0,
WeldingTest_01_OK,1505,2022-02-10 14:14:44.640,39,24,250,241.2,82,1154,1679,1672.624,1695.0,6.376,0.7439,3.6564,0.2035,정상,0,0,0,
WeldingTest_01_OK,1506,2022-02-10 14:14:51.018,39,25,250,241.1,83,1670,1697,1707.784,1714.0,10.784,1.294,3.6564,0.3539,정상,0,0,0,
WeldingTest_01_OK,1507,2022-02-10 14:14:53.660,39,26,250,241.2,82,1154,1678,1673.455,1695.0,4.545,0.5356,3.6564,0.1465,정상,0,0,0,
WeldingTest_01_OK,1508,2022-02-10 14:14:57.122,39,27,250,241.1,83,1670,1700,1707.916,1718.0,7.916,0.9462,3.6564,0.2588,정상,0,0,0,
WeldingTest_01_OK,1509,2022-02-10 14:14:59.812,39,28,250,241.2,82,1154,1680,1672.891,1697.0,7.109,0.857,3.6564,0.2344,정상,0,0,0,
WeldingTest_01_OK,1510,2022-02-10 14:15:03.312,39,29,250,241.1,83,1670,1703,1709.306,1719.0,6.306,0.7086,3.6564,0.1938,정상,0,0,0,
WeldingTest_01_OK,1511,2022-02-10 14:15:05.908,39,30,250,241.2,82,1154,1682,1676.31,1698.0,5.69,0.6929,3.6564,0.1895,정상,0,0,0,
WeldingTest_01_OK,1512,2022-02-10 14:15:10.168,39,31,30,19.4,38,650,683,692.454,690.0,9.454,2.7452,3.6564,0.7508,정상,0,0,0,
WeldingTest_01_OK,1513,2022-02-10 14:15:11.652,39,32,30,19.4,38,650,682,675.002,688.0,6.998,1.8473,3.6564,0.5052,정상,0,0,0,
WeldingTest_01_OK,1514,2022-02-10 14:15:14.758,39,33,30,19.4,38,650,683,684.835,690.0,1.835,0.3168,3.6564,0.0866,정상,0,0,0,
WeldingTest_01_OK,1515,2022-02-10 14:15:16.520,39,34,30,19.4,38,650,682,679.64,690.0,2.36,0.5312,3.6564,0.1453,정상,0,0,0,
WeldingTest_01_OK,1516,2022-02-10 14:15:19.960,39,35,30,19.4,38,650,683,686.079,690.0,3.079,0.829,3.6564,0.2267,정상,0,0,0,
WeldingTest_01_OK,1517,2022-02-10 14:15:21.666,39,36,30,19.4,38,650,682,683.732,690.0,1.732,0.439,3.6564,0.1201,정상,0,0,0,
WeldingTest_01_OK,1518,2022-02-10 14:15:23.416,39,37,30,19.4,38,650,682,683.15,688.0,1.15,0.3037,3.6564,0.083,정상,0,0,0,
WeldingTest_01_OK,1519,2022-02-10 14:15:26.372,39,38,30,19.4,38,650,682,685.529,690.0,3.529,0.9177,3.6564,0.251,정상,0,0,0,
WeldingTest_01_OK,1520,2022-02-10 14:15:27.862,39,39,30,19.4,38,650,682,683.255,688.0,1.255,0.276,3.6564,0.0755,정상,0,0,0,
WeldingTest_01_OK,1521,2022-02-10 14:17:13.648,40,1,250,241.1,82,1154,1665,1683.977,1682.0,18.977,1.7743,3.6564,0.4853,정상,0,0,0,
WeldingTest_01_OK,1522,2022-02-10 14:17:16.958,40,2,250,241.2,83,1670,1689,1701.969,1707.0,12.969,1.5898,3.6564,0.4348,정상,0,0,0,
WeldingTest_01_OK,1523,2022-02-10 14:17:19.774,40,3,250,241.1,82,1153,1671,1682.716,1689.0,11.716,1.4413,3.6564,0.3942,정상,0,0,0,
WeldingTest_01_OK,1524,2022-02-10 14:17:23.020,40,4,250,241.2,83,1670,1695,1703.032,1712.0,8.032,0.9422,3.6564,0.2577,정상,0,0,0,
WeldingTest_01_OK,1525,2022-02-10 14:17:25.790,40,5,250,241.1,82,1154,1674,1678.645,1692.0,4.645,0.5244,3.6564,0.1434,정상,0,0,0,
WeldingTest_01_OK,1526,2022-02-10 14:17:29.130,40,6,250,241.2,83,1670,1698,1703.088,1714.0,5.088,0.6016,3.6564,0.1645,정상,0,0,0,
WeldingTest_01_OK,1527,2022-02-10 14:17:34.926,40,7,250,241.1,82,1153,1671,1676.898,1690.0,5.898,0.7067,3.6564,0.1933,정상,0,0,0,
WeldingTest_01_OK,1528,2022-02-10 14:17:38.258,40,8,250,241.2,83,1670,1697,1704.657,1714.0,7.657,0.8967,3.6564,0.2452,정상,0,0,0,
WeldingTest_01_OK,1529,2022-02-10 14:17:41.048,40,9,250,241.1,82,1154,1677,1677.404,1694.0,0.404,0.0038,3.6564,0.001,정상,0,0,0,
WeldingTest_01_OK,1530,2022-02-10 14:17:44.350,40,10,250,241.2,83,1670,1699,1704.633,1717.0,5.633,0.6572,3.6564,0.1797,정상,0,0,0,
WeldingTest_01_OK,1531,2022-02-10 14:17:47.208,40,11,250,241.1,82,1154,1678,1677.787,1695.0,0.213,0.0103,3.6564,0.0028,정상,0,0,0,
WeldingTest_01_OK,1532,2022-02-10 14:17:50.456,40,12,250,241.2,83,1670,1702,1705.711,1718.0,3.711,0.4356,3.6564,0.1191,정상,0,0,0,
WeldingTest_01_OK,1533,2022-02-10 14:17:55.202,40,13,30,19.4,38,650,683,689.722,690.0,6.722,1.8644,3.6564,0.5099,정상,0,0,0,
WeldingTest_01_OK,1534,2022-02-10 14:17:56.908,40,14,30,19.4,38,650,682,677.273,688.0,4.727,1.2538,3.6564,0.3429,정상,0,0,0,
WeldingTest_01_OK,1535,2022-02-10 14:17:59.800,40,15,30,19.4,38,650,682,682.63,688.0,0.63,0.0754,3.6564,0.0206,정상,0,0,0,
WeldingTest_01_OK,1536,2022-02-10 14:18:03.124,40,16,30,19.4,38,650,682,679.478,688.0,2.522,0.7055,3.6564,0.193,정상,0,0,0,
WeldingTest_01_OK,1537,2022-02-10 14:18:04.816,40,17,30,19.4,38,650,682,687.783,688.0,5.783,1.644,3.6564,0.4496,정상,0,0,0,
WeldingTest_01_OK,1538,2022-02-10 14:18:06.490,40,18,30,19.4,38,650,682,682.017,688.0,0.017,0.0172,3.6564,0.0047,정상,0,0,0,
WeldingTest_01_OK,1539,2022-02-10 14:18:27.098,40,19,250,241.1,83,1670,1692,1697.964,1708.0,5.964,0.5865,3.6564,0.1604,정상,0,0,0,
WeldingTest_01_OK,1540,2022-02-10 14:18:29.806,40,20,250,241.2,82,1154,1674,1676.272,1692.0,2.272,0.2223,3.6564,0.0608,정상,0,0,0,
WeldingTest_01_OK,1541,2022-02-10 14:18:33.256,40,21,250,241.1,83,1670,1698,1709.85,1714.0,11.85,1.4203,3.6564,0.3884,정상,0,0,0,
WeldingTest_01_OK,1542,2022-02-10 14:18:35.888,40,22,250,241.2,82,1154,1678,1672.936,1694.0,5.064,0.621,3.6564,0.1698,정상,0,0,0,
WeldingTest_01_OK,1543,2022-02-10 14:18:39.356,40,23,250,241.1,83,1670,1700,1707.574,1717.0,7.574,0.8985,3.6564,0.2457,정상,0,0,0,
WeldingTest_01_OK,1544,2022-02-10 14:18:42.046,40,24,250,241.2,82,1154,1679,1672.635,1695.0,6.365,0.7425,3.6564,0.2031,정상,0,0,0,
WeldingTest_01_OK,1545,2022-02-10 14:18:48.498,40,25,250,241.1,83,1670,1698,1707.821,1714.0,9.821,1.1744,3.6564,0.3212,정상,0,0,0,
WeldingTest_01_OK,1546,2022-02-10 14:18:51.132,40,26,250,241.2,82,1154,1679,1673.294,1695.0,5.706,0.6847,3.6564,0.1873,정상,0,0,0,
WeldingTest_01_OK,1547,2022-02-10 14:18:54.652,40,27,250,241.1,83,1670,1702,1708.538,1718.0,6.538,0.7752,3.6564,0.212,정상,0,0,0,
WeldingTest_01_OK,1548,2022-02-10 14:18:57.282,40,28,250,241.2,82,1154,1680,1674.322,1697.0,5.678,0.6731,3.6564,0.1841,정상,0,0,0,
WeldingTest_01_OK,1549,2022-02-10 14:19:00.808,40,29,250,241.1,83,1670,1703,1709.306,1719.0,6.306,0.7086,3.6564,0.1938,정상,0,0,0,
WeldingTest_01_OK,1550,2022-02-10 14:19:03.452,40,30,250,241.2,82,1154,1682,1676.414,1698.0,5.586,0.6795,3.6564,0.1858,정상,0,0,0,
WeldingTest_01_OK,1551,2022-02-10 14:19:07.866,40,31,30,19.4,38,650,683,692.501,690.0,9.501,2.7592,3.6564,0.7546,정상,0,0,0,
WeldingTest_01_OK,1552,2022-02-10 14:19:09.394,40,32,30,19.4,38,650,682,674.916,688.0,7.084,1.8726,3.6564,0.5121,정상,0,0,0,
WeldingTest_01_OK,1553,2022-02-10 14:19:12.482,40,33,30,19.4,38,650,683,684.814,690.0,1.814,0.3107,3.6564,0.085,정상,0,0,0,
WeldingTest_01_OK,1554,2022-02-10 14:19:14.252,40,34,30,19.4,38,650,683,679.99,690.0,3.01,0.7202,3.6564,0.197,정상,0,0,0,
WeldingTest_01_OK,1555,2022-02-10 14:19:17.772,40,35,30,19.4,38,650,683,681.94,690.0,1.06,0.2446,3.6564,0.0669,정상,0,0,0,
WeldingTest_01_OK,1556,2022-02-10 14:19:19.490,40,36,30,19.4,38,650,682,684.471,690.0,2.471,0.6534,3.6564,0.1787,정상,0,0,0,
WeldingTest_01_OK,1557,2022-02-10 14:19:21.234,40,37,30,19.4,38,650,682,685.091,688.0,3.091,0.864,3.6564,0.2363,정상,0,0,0,
WeldingTest_01_OK,1558,2022-02-10 14:19:24.270,40,38,30,19.4,38,650,683,684.818,690.0,1.818,0.4225,3.6564,0.1155,정상,0,0,0,
WeldingTest_01_OK,1559,2022-02-10 14:19:25.770,40,39,30,19.4,38,650,682,683.213,688.0,1.213,0.264,3.6564,0.0722,정상,0,0,0,
WeldingTest_01_OK,1560,2022-02-10 14:46:14.438,41,1,250,241.1,82,1154,1661,1682.847,1682.0,21.847,2.1109,3.6564,0.5773,정상,0,0,0,
WeldingTest_01_OK,1561,2022-02-10 14:46:17.750,41,2,250,241.2,83,1670,1687,1701.969,1707.0,14.969,1.8387,3.6564,0.5029,정상,0,0,0,
WeldingTest_01_OK,1562,2022-02-10 14:46:20.568,41,3,250,241.1,82,1153,1667,1682.62,1689.0,15.62,1.9401,3.6564,0.5306,정상,0,0,0,
WeldingTest_01_OK,1563,2022-02-10 14:46:23.930,41,4,250,241.2,83,1670,1692,1702.753,1712.0,10.753,1.2804,3.6564,0.3502,정상,0,0,0,
WeldingTest_01_OK,1564,2022-02-10 14:46:26.666,41,5,250,241.1,82,1154,1671,1674.813,1692.0,3.813,0.4179,3.6564,0.1143,정상,0,0,0,
WeldingTest_01_OK,1565,2022-02-10 14:46:29.918,41,6,250,241.2,83,1670,1695,1703.364,1714.0,8.364,1.0086,3.6564,0.2759,정상,0,0,0,
WeldingTest_01_OK,1566,2022-02-10 14:46:35.732,41,7,250,241.1,82,1153,1670,1676.898,1690.0,6.898,0.8344,3.6564,0.2282,정상,0,0,0,
WeldingTest_01_OK,1567,2022-02-10 14:46:39.124,41,8,250,241.2,83,1670,1694,1704.646,1714.0,10.646,1.2666,3.6564,0.3464,정상,0,0,0,
WeldingTest_01_OK,1568,2022-02-10 14:46:41.878,41,9,250,241.1,82,1154,1674,1677.84,1694.0,3.84,0.435,3.6564,0.119,정상,0,0,0,
WeldingTest_01_OK,1569,2022-02-10 14:46:45.110,41,10,250,241.2,83,1670,1698,1704.885,1717.0,6.885,0.8121,3.6564,0.2221,정상,0,0,0,
WeldingTest_01_OK,1570,2022-02-10 14:46:47.864,41,11,250,241.1,82,1154,1677,1677.448,1695.0,0.448,0.0199,3.6564,0.0054,정상,0,0,0,
WeldingTest_01_OK,1571,2022-02-10 14:46:51.182,41,12,250,241.2,83,1670,1699,1704.548,1718.0,5.548,0.6631,3.6564,0.1813,정상,0,0,0,
WeldingTest_01_OK,1572,2022-02-10 14:46:55.698,41,13,30,19.4,38,650,682,689.68,690.0,7.68,2.1498,3.6564,0.588,정상,0,0,0,
WeldingTest_01_OK,1573,2022-02-10 14:46:57.404,41,14,30,19.4,38,650,682,677.273,688.0,4.727,1.2538,3.6564,0.3429,정상,0,0,0,
WeldingTest_01_OK,1574,2022-02-10 14:47:00.308,41,15,30,19.4,38,650,682,682.594,688.0,0.594,0.0647,3.6564,0.0177,정상,0,0,0,
WeldingTest_01_OK,1575,2022-02-10 14:47:03.640,41,16,30,19.4,38,650,682,679.478,688.0,2.522,0.7055,3.6564,0.193,정상,0,0,0,
WeldingTest_01_OK,1576,2022-02-10 14:47:05.378,41,17,30,19.4,38,650,682,688.034,688.0,6.034,1.7164,3.6564,0.4694,정상,0,0,0,
WeldingTest_01_OK,1577,2022-02-10 14:47:07.094,41,18,30,19.4,38,650,682,684.226,688.0,2.226,0.6203,3.6564,0.1697,정상,0,0,0,
WeldingTest_01_OK,1578,2022-02-10 14:47:27.366,41,19,250,241.1,83,1670,1690,1698.974,1708.0,8.974,0.9328,3.6564,0.2551,정상,0,0,0,
WeldingTest_01_OK,1579,2022-02-10 14:47:30.002,41,20,250,241.2,82,1154,1673,1676.346,1692.0,3.346,0.3595,3.6564,0.0983,정상,0,0,0,
WeldingTest_01_OK,1580,2022-02-10 14:47:33.424,41,21,250,241.1,83,1670,1697,1709.868,1714.0,12.868,1.5457,3.6564,0.4227,정상,0,0,0,
WeldingTest_01_OK,1581,2022-02-10 14:47:36.116,41,22,250,241.2,82,1154,1675,1672.986,1694.0,2.014,0.2307,3.6564,0.0631,정상,0,0,0,
WeldingTest_01_OK,1582,2022-02-10 14:47:39.560,41,23,250,241.1,83,1670,1699,1706.634,1717.0,7.634,0.906,3.6564,0.2478,정상,0,0,0,
WeldingTest_01_OK,1583,2022-02-10 14:47:42.244,41,24,250,241.2,82,1154,1678,1672.629,1695.0,5.371,0.6148,3.6564,0.1681,정상,0,0,0,
WeldingTest_01_OK,1584,2022-02-10 14:47:48.680,41,25,250,241.1,83,1670,1697,1707.224,1714.0,10.224,1.2244,3.6564,0.3349,정상,0,0,0,
WeldingTest_01_OK,1585,2022-02-10 14:47:51.290,41,26,250,241.2,82,1154,1678,1673.322,1695.0,4.678,0.5526,3.6564,0.1511,정상,0,0,0,
WeldingTest_01_OK,1586,2022-02-10 14:47:54.720,41,27,250,241.1,83,1670,1700,1707.729,1718.0,7.729,0.923,3.6564,0.2524,정상,0,0,0,
WeldingTest_01_OK,1587,2022-02-10 14:47:57.468,41,28,250,241.2,82,1154,1679,1672.85,1697.0,6.15,0.7338,3.6564,0.2007,정상,0,0,0,
WeldingTest_01_OK,1588,2022-02-10 14:48:00.986,41,29,250,241.1,83,1670,1702,1708.503,1719.0,6.503,0.7331,3.6564,0.2005,정상,0,0,0,
WeldingTest_01_OK,1589,2022-02-10 14:48:03.604,41,30,250,241.2,82,1154,1680,1674.312,1698.0,5.688,0.6926,3.6564,0.1894,정상,0,0,0,
WeldingTest_01_OK,1590,2022-02-10 14:48:08.034,41,31,30,19.4,38,650,682,692.501,690.0,10.501,3.0583,3.6564,0.8364,관찰,0,0,0,
WeldingTest_01_OK,1591,2022-02-10 14:48:09.600,41,32,30,19.4,38,650,682,675.0,688.0,7.0,1.8479,3.6564,0.5054,정상,0,0,0,
WeldingTest_01_OK,1592,2022-02-10 14:48:12.652,41,33,30,19.4,38,650,682,682.944,690.0,0.944,0.059,3.6564,0.0161,정상,0,0,0,
WeldingTest_01_OK,1593,2022-02-10 14:48:14.412,41,34,30,19.4,38,650,682,680.787,690.0,1.213,0.1983,3.6564,0.0542,정상,0,0,0,
WeldingTest_01_OK,1594,2022-02-10 14:48:18.002,41,35,30,19.4,38,650,682,681.408,690.0,0.592,0.1093,3.6564,0.0299,정상,0,0,0,
WeldingTest_01_OK,1595,2022-02-10 14:48:19.676,41,36,30,19.4,38,650,682,680.876,690.0,1.124,0.2626,3.6564,0.0718,정상,0,0,0,
WeldingTest_01_OK,1596,2022-02-10 14:48:21.402,41,37,30,19.4,38,650,682,685.44,688.0,3.44,0.9647,3.6564,0.2638,정상,0,0,0,
WeldingTest_01_OK,1597,2022-02-10 14:48:24.394,41,38,30,19.4,38,650,682,685.553,690.0,3.553,0.9246,3.6564,0.2529,정상,0,0,0,
WeldingTest_01_OK,1598,2022-02-10 14:48:25.864,41,39,30,19.4,38,650,682,683.255,688.0,1.255,0.276,3.6564,0.0755,정상,0,0,0,
WeldingTest_01_OK,1599,2022-02-10 14:49:12.643,42,1,250,241.1,82,1154,1666,1684.076,1682.0,18.076,1.6687,3.6564,0.4564,정상,0,0,0,
WeldingTest_01_OK,1600,2022-02-10 14:49:15.923,42,2,250,241.2,83,1670,1693,1701.969,1707.0,8.969,1.092,3.6564,0.2986,정상,0,0,0,
WeldingTest_01_OK,1601,2022-02-10 14:49:18.771,42,3,250,241.1,82,1153,1674,1683.278,1689.0,9.278,1.1298,3.6564,0.309,정상,0,0,0,
WeldingTest_01_OK,1602,2022-02-10 14:49:22.007,42,4,250,241.2,83,1670,1697,1703.032,1712.0,6.032,0.6936,3.6564,0.1897,정상,0,0,0,
WeldingTest_01_OK,1603,2022-02-10 14:49:24.761,42,5,250,241.1,82,1154,1677,1679.021,1692.0,2.021,0.1883,3.6564,0.0515,정상,0,0,0,
WeldingTest_01_OK,1604,2022-02-10 14:49:28.011,42,6,250,241.2,83,1670,1699,1703.364,1714.0,4.364,0.5116,3.6564,0.1399,정상,0,0,0,
WeldingTest_01_OK,1605,2022-02-10 14:49:33.705,42,7,250,241.1,82,1153,1674,1676.863,1690.0,2.863,0.3191,3.6564,0.0873,정상,0,0,0,
WeldingTest_01_OK,1606,2022-02-10 14:49:36.859,42,8,250,241.2,83,1670,1699,1705.046,1714.0,6.046,0.6973,3.6564,0.1907,정상,0,0,0,
WeldingTest_01_OK,1607,2022-02-10 14:49:39.687,42,9,250,241.1,82,1154,1678,1677.586,1694.0,0.414,0.0026,3.6564,0.0007,정상,0,0,0,
WeldingTest_01_OK,1608,2022-02-10 14:49:42.919,42,10,250,241.2,83,1670,1702,1705.75,1717.0,3.75,0.4244,3.6564,0.1161,정상,0,0,0,
WeldingTest_01_OK,1609,2022-02-10 14:49:45.751,42,11,250,241.1,82,1154,1679,1678.624,1695.0,0.376,0.0107,3.6564,0.0029,정상,0,0,0,
WeldingTest_01_OK,1610,2022-02-10 14:49:48.993,42,12,250,241.2,83,1670,1703,1706.358,1718.0,3.358,0.3919,3.6564,0.1072,정상,0,0,0,
WeldingTest_01_OK,1611,2022-02-10 14:49:53.475,42,13,30,19.4,38,650,683,691.621,690.0,8.621,2.4303,3.6564,0.6647,정상,0,0,0,
WeldingTest_01_OK,1612,2022-02-10 14:49:55.213,42,14,30,19.4,38,650,682,677.998,688.0,4.002,1.0426,3.6564,0.2851,정상,0,0,0,
WeldingTest_01_OK,1613,2022-02-10 14:49:58.215,42,15,30,19.4,38,650,683,686.163,688.0,3.163,0.8094,3.6564,0.2214,정상,0,0,0,
WeldingTest_01_OK,1614,2022-02-10 14:50:01.539,42,16,30,19.4,38,650,683,679.478,688.0,3.522,0.9963,3.6564,0.2725,정상,0,0,0,
WeldingTest_01_OK,1615,2022-02-10 14:50:03.277,42,17,30,19.4,38,650,682,688.034,688.0,6.034,1.7164,3.6564,0.4694,정상,0,0,0,
WeldingTest_01_OK,1616,2022-02-10 14:50:04.995,42,18,30,19.4,38,650,682,684.226,688.0,2.226,0.6203,3.6564,0.1697,정상,0,0,0,
WeldingTest_01_OK,1617,2022-02-10 14:50:25.857,42,19,250,241.1,83,1670,1693,1697.964,1708.0,4.964,0.4714,3.6564,0.1289,정상,0,0,0,
WeldingTest_01_OK,1618,2022-02-10 14:50:28.527,42,20,250,241.2,82,1154,1675,1676.317,1692.0,1.317,0.1004,3.6564,0.0274,정상,0,0,0,
WeldingTest_01_OK,1619,2022-02-10 14:50:31.999,42,21,250,241.1,83,1670,1698,1710.076,1714.0,12.076,1.4482,3.6564,0.3961,정상,0,0,0,
WeldingTest_01_OK,1620,2022-02-10 14:50:34.595,42,22,250,241.2,82,1154,1678,1672.955,1694.0,5.045,0.6186,3.6564,0.1692,정상,0,0,0,
WeldingTest_01_OK,1621,2022-02-10 14:50:38.049,42,23,250,241.1,83,1670,1700,1707.489,1717.0,7.489,0.888,3.6564,0.2429,정상,0,0,0,
WeldingTest_01_OK,1622,2022-02-10 14:50:40.665,42,24,250,241.2,82,1154,1680,1672.561,1695.0,7.439,0.8804,3.6564,0.2408,정상,0,0,0,
WeldingTest_01_OK,1623,2022-02-10 14:50:47.201,42,25,250,241.1,83,1670,1698,1708.671,1714.0,10.671,1.28,3.6564,0.3501,정상,0,0,0,
WeldingTest_01_OK,1624,2022-02-10 14:50:49.781,42,26,250,241.2,82,1154,1679,1673.351,1695.0,5.649,0.6774,3.6564,0.1853,정상,0,0,0,
WeldingTest_01_OK,1625,2022-02-10 14:50:53.167,42,27,250,241.1,83,1670,1702,1708.339,1718.0,6.339,0.7505,3.6564,0.2052,정상,0,0,0,
WeldingTest_01_OK,1626,2022-02-10 14:50:55.903,42,28,250,241.2,82,1154,1680,1674.395,1697.0,5.605,0.6637,3.6564,0.1815,정상,0,0,0,
WeldingTest_01_OK,1627,2022-02-10 14:50:59.357,42,29,250,241.1,83,1670,1703,1709.248,1719.0,6.248,0.7013,3.6564,0.1918,정상,0,0,0,
WeldingTest_01_OK,1628,2022-02-10 14:51:01.961,42,30,250,241.2,82,1154,1682,1676.29,1698.0,5.71,0.6954,3.6564,0.1902,정상,0,0,0,
WeldingTest_01_OK,1629,2022-02-10 14:51:06.333,42,31,30,19.4,38,650,683,692.501,690.0,9.501,2.7592,3.6564,0.7546,정상,0,0,0,
WeldingTest_01_OK,1630,2022-02-10 14:51:07.861,42,32,30,19.4,38,650,683,674.916,688.0,8.084,2.1639,3.6564,0.5918,정상,0,0,0,
WeldingTest_01_OK,1631,2022-02-10 14:51:10.971,42,33,30,19.4,38,650,683,684.835,690.0,1.835,0.3168,3.6564,0.0866,정상,0,0,0,
WeldingTest_01_OK,1632,2022-02-10 14:51:12.695,42,34,30,19.4,38,650,683,683.577,690.0,0.577,0.0135,3.6564,0.0037,정상,0,0,0,
WeldingTest_01_OK,1633,2022-02-10 14:51:16.139,42,35,30,19.4,38,650,683,686.079,690.0,3.079,0.829,3.6564,0.2267,정상,0,0,0,
WeldingTest_01_OK,1634,2022-02-10 14:51:17.889,42,36,30,19.4,38,650,682,681.913,690.0,0.087,0.0381,3.6564,0.0104,정상,0,0,0,
WeldingTest_01_OK,1635,2022-02-10 14:51:19.587,42,37,30,19.4,38,650,682,685.654,688.0,3.654,1.0265,3.6564,0.2807,정상,0,0,0,
WeldingTest_01_OK,1636,2022-02-10 14:51:22.601,42,38,30,19.4,38,650,683,685.204,690.0,2.204,0.5341,3.6564,0.1461,정상,0,0,0,
WeldingTest_01_OK,1637,2022-02-10 14:51:24.045,42,39,30,19.4,38,650,682,683.255,688.0,1.255,0.276,3.6564,0.0755,정상,0,0,0,
WeldingTest_01_OK,1638,2022-02-10 15:24:00.641,43,1,250,241.1,82,1154,1661,1682.847,1682.0,21.847,2.1109,3.6564,0.5773,정상,0,0,0,
WeldingTest_01_OK,1639,2022-02-10 15:24:03.921,43,2,250,241.2,83,1670,1687,1701.969,1707.0,14.969,1.8387,3.6564,0.5029,정상,0,0,0,
WeldingTest_01_OK,1640,2022-02-10 15:24:06.753,43,3,250,241.1,82,1153,1667,1682.572,1689.0,15.572,1.9338,3.6564,0.5289,정상,0,0,0,
WeldingTest_01_OK,1641,2022-02-10 15:24:10.011,43,4,250,241.2,83,1670,1692,1703.032,1712.0,11.032,1.3151,3.6564,0.3597,정상,0,0,0,
WeldingTest_01_OK,1642,2022-02-10 15:24:12.833,43,5,250,241.1,82,1154,1671,1679.046,1692.0,8.046,0.9601,3.6564,0.2626,정상,0,0,0,
WeldingTest_01_OK,1643,2022-02-10 15:24:16.066,43,6,250,241.2,83,1670,1695,1703.364,1714.0,8.364,1.0086,3.6564,0.2759,정상,0,0,0,
WeldingTest_01_OK,1644,2022-02-10 15:24:21.818,43,7,250,241.1,82,1153,1670,1676.898,1690.0,6.898,0.8344,3.6564,0.2282,정상,0,0,0,
WeldingTest_01_OK,1645,2022-02-10 15:24:25.090,43,8,250,241.2,83,1670,1695,1704.722,1714.0,9.722,1.1523,3.6564,0.3151,정상,0,0,0,
WeldingTest_01_OK,1646,2022-02-10 15:24:27.864,43,9,250,241.1,82,1154,1674,1677.458,1694.0,3.458,0.3863,3.6564,0.1057,정상,0,0,0,
WeldingTest_01_OK,1647,2022-02-10 15:24:31.166,43,10,250,241.2,83,1670,1698,1704.633,1717.0,6.633,0.7809,3.6564,0.2136,정상,0,0,0,
WeldingTest_01_OK,1648,2022-02-10 15:24:33.946,43,11,250,241.1,82,1154,1677,1677.133,1695.0,0.133,0.0205,3.6564,0.0056,정상,0,0,0,
WeldingTest_01_OK,1649,2022-02-10 15:24:37.210,43,12,250,241.2,83,1670,1699,1704.842,1718.0,5.842,0.6996,3.6564,0.1913,정상,0,0,0,
WeldingTest_01_OK,1650,2022-02-10 15:24:41.584,43,13,30,19.4,38,650,682,689.652,690.0,7.652,2.1415,3.6564,0.5857,정상,0,0,0,
WeldingTest_01_OK,1651,2022-02-10 15:24:43.252,43,14,30,19.4,38,650,682,675.374,688.0,6.626,1.8074,3.6564,0.4943,정상,0,0,0,
WeldingTest_01_OK,1652,2022-02-10 15:24:46.194,43,15,30,19.4,38,650,682,683.101,688.0,1.101,0.2118,3.6564,0.0579,정상,0,0,0,
WeldingTest_01_OK,1653,2022-02-10 15:24:49.524,43,16,30,19.4,38,650,682,679.478,688.0,2.522,0.7055,3.6564,0.193,정상,0,0,0,
WeldingTest_01_OK,1654,2022-02-10 15:24:51.278,43,17,30,19.4,38,650,682,683.409,688.0,1.409,0.383,3.6564,0.1047,정상,0,0,0,
WeldingTest_01_OK,1655,2022-02-10 15:24:52.980,43,18,30,19.4,38,650,682,684.495,688.0,2.495,0.6979,3.6564,0.1909,정상,0,0,0,
WeldingTest_01_OK,1656,2022-02-10 15:25:13.298,43,19,250,241.1,83,1670,1690,1698.862,1708.0,8.862,0.9198,3.6564,0.2516,정상,0,0,0,
WeldingTest_01_OK,1657,2022-02-10 15:25:15.922,43,20,250,241.2,82,1154,1673,1676.383,1692.0,3.383,0.3643,3.6564,0.0996,정상,0,0,0,
WeldingTest_01_OK,1658,2022-02-10 15:25:19.432,43,21,250,241.1,83,1670,1697,1710.078,1714.0,13.078,1.5716,3.6564,0.4298,정상,0,0,0,
WeldingTest_01_OK,1659,2022-02-10 15:25:22.112,43,22,250,241.2,82,1154,1677,1672.986,1694.0,4.014,0.4866,3.6564,0.1331,정상,0,0,0,
WeldingTest_01_OK,1660,2022-02-10 15:25:25.612,43,23,250,241.1,83,1670,1698,1706.841,1717.0,8.841,1.0557,3.6564,0.2887,정상,0,0,0,
WeldingTest_01_OK,1661,2022-02-10 15:25:28.374,43,24,250,241.2,82,1154,1678,1677.351,1695.0,0.649,0.0084,3.6564,0.0023,정상,0,0,0,
WeldingTest_01_OK,1662,2022-02-10 15:25:34.820,43,25,250,241.1,83,1670,1697,1707.224,1714.0,10.224,1.2244,3.6564,0.3349,정상,0,0,0,
WeldingTest_01_OK,1663,2022-02-10 15:25:37.630,43,26,250,241.2,82,1154,1677,1678.374,1695.0,1.374,0.1283,3.6564,0.0351,정상,0,0,0,
WeldingTest_01_OK,1664,2022-02-10 15:25:41.122,43,27,250,241.1,83,1670,1700,1707.184,1718.0,7.184,0.8553,3.6564,0.2339,정상,0,0,0,
WeldingTest_01_OK,1665,2022-02-10 15:25:43.800,43,28,250,241.2,82,1154,1679,1672.891,1697.0,6.109,0.7285,3.6564,0.1992,정상,0,0,0,
WeldingTest_01_OK,1666,2022-02-10 15:25:47.340,43,29,250,241.1,83,1670,1702,1708.503,1719.0,6.503,0.7331,3.6564,0.2005,정상,0,0,0,
WeldingTest_01_OK,1667,2022-02-10 15:25:49.948,43,30,250,241.2,82,1154,1680,1674.316,1698.0,5.684,0.6921,3.6564,0.1893,정상,0,0,0,
WeldingTest_01_OK,1668,2022-02-10 15:25:54.308,43,31,30,19.4,38,650,682,692.501,690.0,10.501,3.0583,3.6564,0.8364,관찰,0,0,0,
WeldingTest_01_OK,1669,2022-02-10 15:25:55.838,43,32,30,19.4,38,650,682,674.916,688.0,7.084,1.8726,3.6564,0.5121,정상,0,0,0,
WeldingTest_01_OK,1670,2022-02-10 15:25:58.938,43,33,30,19.4,38,650,682,684.835,690.0,2.835,0.6061,3.6564,0.1658,정상,0,0,0,
WeldingTest_01_OK,1671,2022-02-10 15:26:00.670,43,34,30,19.4,38,650,682,683.491,690.0,1.491,0.2789,3.6564,0.0763,정상,0,0,0,
WeldingTest_01_OK,1672,2022-02-10 15:26:04.144,43,35,30,19.4,38,650,682,682.255,690.0,0.255,0.0118,3.6564,0.0032,정상,0,0,0,
WeldingTest_01_OK,1673,2022-02-10 15:26:05.880,43,36,30,19.4,38,650,682,682.914,690.0,0.914,0.2017,3.6564,0.0552,정상,0,0,0,
WeldingTest_01_OK,1674,2022-02-10 15:26:07.558,43,37,30,19.4,38,650,682,683.965,688.0,1.965,0.5391,3.6564,0.1474,정상,0,0,0,
WeldingTest_01_OK,1675,2022-02-10 15:26:10.542,43,38,30,19.4,38,650,682,685.553,690.0,3.553,0.9246,3.6564,0.2529,정상,0,0,0,
WeldingTest_01_OK,1676,2022-02-10 15:26:12.044,43,39,30,19.4,38,650,682,683.213,688.0,1.213,0.264,3.6564,0.0722,정상,0,0,0,
WeldingTest_01_OK,1677,2022-02-10 15:29:02.536,44,1,250,241.1,82,1154,1662,1682.847,1682.0,20.847,1.9937,3.6564,0.5453,정상,0,0,0,
WeldingTest_01_OK,1678,2022-02-10 15:29:05.828,44,2,250,241.2,83,1670,1688,1701.969,1707.0,13.969,1.7142,3.6564,0.4688,정상,0,0,0,
WeldingTest_01_OK,1679,2022-02-10 15:29:08.624,44,3,250,241.1,82,1153,1669,1682.471,1689.0,13.471,1.6654,3.6564,0.4555,정상,0,0,0,
WeldingTest_01_OK,1680,2022-02-10 15:29:11.900,44,4,250,241.2,83,1670,1693,1702.798,1712.0,9.798,1.1616,3.6564,0.3177,정상,0,0,0,
WeldingTest_01_OK,1681,2022-02-10 15:29:14.760,44,5,250,241.1,82,1154,1673,1679.502,1692.0,6.502,0.7623,3.6564,0.2085,정상,0,0,0,
WeldingTest_01_OK,1682,2022-02-10 15:29:18.004,44,6,250,241.2,83,1670,1695,1703.364,1714.0,8.364,1.0086,3.6564,0.2759,정상,0,0,0,
WeldingTest_01_OK,1683,2022-02-10 15:29:23.840,44,7,250,241.1,82,1153,1670,1676.898,1690.0,6.898,0.8344,3.6564,0.2282,정상,0,0,0,
WeldingTest_01_OK,1684,2022-02-10 15:29:27.112,44,8,250,241.2,83,1670,1695,1704.722,1714.0,9.722,1.1523,3.6564,0.3151,정상,0,0,0,
WeldingTest_01_OK,1685,2022-02-10 15:29:29.834,44,9,250,241.1,82,1154,1675,1673.724,1694.0,1.276,0.1075,3.6564,0.0294,정상,0,0,0,
WeldingTest_01_OK,1686,2022-02-10 15:29:33.080,44,10,250,241.2,83,1670,1698,1704.876,1717.0,6.876,0.811,3.6564,0.2218,정상,0,0,0,
WeldingTest_01_OK,1687,2022-02-10 15:29:35.842,44,11,250,241.1,82,1154,1678,1677.435,1695.0,0.565,0.0349,3.6564,0.0095,정상,0,0,0,
WeldingTest_01_OK,1688,2022-02-10 15:29:39.126,44,12,250,241.2,83,1670,1700,1705.699,1718.0,5.699,0.6818,3.6564,0.1865,정상,0,0,0,
WeldingTest_01_OK,1689,2022-02-10 15:29:43.560,44,13,30,19.4,38,650,682,689.702,690.0,7.702,2.1564,3.6564,0.5898,정상,0,0,0,
WeldingTest_01_OK,1690,2022-02-10 15:29:45.278,44,14,30,19.4,38,650,682,677.884,688.0,4.116,1.0757,3.6564,0.2942,정상,0,0,0,
WeldingTest_01_OK,1691,2022-02-10 15:29:48.200,44,15,30,19.4,38,650,682,681.044,688.0,0.956,0.1697,3.6564,0.0464,정상,0,0,0,
WeldingTest_01_OK,1692,2022-02-10 15:29:51.602,44,16,30,19.4,38,650,682,679.478,688.0,2.522,0.7055,3.6564,0.193,정상,0,0,0,
WeldingTest_01_OK,1693,2022-02-10 15:29:53.376,44,17,30,19.4,38,650,682,682.453,688.0,0.453,0.1076,3.6564,0.0294,정상,0,0,0,
WeldingTest_01_OK,1694,2022-02-10 15:29:55.072,44,18,30,19.4,38,650,682,684.495,688.0,2.495,0.6979,3.6564,0.1909,정상,0,0,0,
WeldingTest_01_OK,1695,2022-02-10 15:30:15.562,44,19,250,241.1,83,1670,1690,1699.539,1708.0,9.539,0.9978,3.6564,0.2729,정상,0,0,0,
WeldingTest_01_OK,1696,2022-02-10 15:30:18.144,44,20,250,241.2,82,1154,1674,1676.437,1692.0,2.437,0.2434,3.6564,0.0666,정상,0,0,0,
WeldingTest_01_OK,1697,2022-02-10 15:30:21.598,44,21,250,241.1,83,1670,1697,1710.037,1714.0,13.037,1.5666,3.6564,0.4284,정상,0,0,0,
WeldingTest_01_OK,1698,2022-02-10 15:30:24.260,44,22,250,241.2,82,1154,1677,1673.035,1694.0,3.965,0.4803,3.6564,0.1314,정상,0,0,0,
WeldingTest_01_OK,1699,2022-02-10 15:30:27.724,44,23,250,241.1,83,1670,1699,1706.843,1717.0,7.843,0.9318,3.6564,0.2549,정상,0,0,0,
WeldingTest_01_OK,1700,2022-02-10 15:30:30.390,44,24,250,241.2,82,1154,1678,1672.654,1695.0,5.346,0.6117,3.6564,0.1673,정상,0,0,0,
WeldingTest_01_OK,1701,2022-02-10 15:30:36.754,44,25,250,241.1,83,1670,1697,1707.187,1714.0,10.187,1.2199,3.6564,0.3336,정상,0,0,0,
WeldingTest_01_OK,1702,2022-02-10 15:30:39.506,44,26,250,241.2,82,1154,1678,1678.101,1695.0,0.101,0.0351,3.6564,0.0096,정상,0,0,0,
WeldingTest_01_OK,1703,2022-02-10 15:30:43.022,44,27,250,241.1,83,1670,1700,1707.915,1718.0,7.915,0.946,3.6564,0.2587,정상,0,0,0,
WeldingTest_01_OK,1704,2022-02-10 15:30:45.784,44,28,250,241.2,82,1154,1679,1677.681,1697.0,1.319,0.1132,3.6564,0.031,정상,0,0,0,
WeldingTest_01_OK,1705,2022-02-10 15:30:49.220,44,29,250,241.1,83,1670,1702,1708.293,1719.0,6.293,0.707,3.6564,0.1934,정상,0,0,0,
WeldingTest_01_OK,1706,2022-02-10 15:30:51.872,44,30,250,241.2,82,1154,1680,1674.411,1698.0,5.589,0.6799,3.6564,0.186,정상,0,0,0,
WeldingTest_01_OK,1707,2022-02-10 15:30:56.234,44,31,30,19.4,38,650,683,692.501,690.0,9.501,2.7592,3.6564,0.7546,정상,0,0,0,
WeldingTest_01_OK,1708,2022-02-10 15:30:57.732,44,32,30,19.4,38,650,682,675.002,688.0,6.998,1.8473,3.6564,0.5052,정상,0,0,0,
WeldingTest_01_OK,1709,2022-02-10 15:31:00.830,44,33,30,19.4,38,650,682,684.835,690.0,2.835,0.6061,3.6564,0.1658,정상,0,0,0,
WeldingTest_01_OK,1710,2022-02-10 15:31:02.602,44,34,30,19.4,38,650,682,679.99,690.0,2.01,0.4298,3.6564,0.1176,정상,0,0,0,
WeldingTest_01_OK,1711,2022-02-10 15:31:06.028,44,35,30,19.4,38,650,682,687.665,690.0,5.665,1.5775,3.6564,0.4314,정상,0,0,0,
WeldingTest_01_OK,1712,2022-02-10 15:31:07.730,44,36,30,19.4,38,650,682,683.598,690.0,1.598,0.4002,3.6564,0.1095,정상,0,0,0,
WeldingTest_01_OK,1713,2022-02-10 15:31:09.514,44,37,30,19.4,38,650,682,682.609,688.0,0.609,0.1476,3.6564,0.0404,정상,0,0,0,
WeldingTest_01_OK,1714,2022-02-10 15:31:12.564,44,38,30,19.4,38,650,682,684.818,690.0,2.818,0.712,3.6564,0.1947,정상,0,0,0,
WeldingTest_01_OK,1715,2022-02-10 15:31:14.048,44,39,30,19.4,38,650,682,683.255,688.0,1.255,0.276,3.6564,0.0755,정상,0,0,0,
WeldingTest_01_OK,1716,2022-02-10 15:59:45.967,45,1,250,241.1,82,1154,1661,1682.847,1682.0,21.847,2.1109,3.6564,0.5773,정상,0,0,0,
WeldingTest_01_OK,1717,2022-02-10 15:59:49.225,45,2,250,241.2,83,1670,1687,1702.203,1707.0,15.203,1.8679,3.6564,0.5108,정상,0,0,0,
WeldingTest_01_OK,1718,2022-02-10 15:59:52.069,45,3,250,241.1,82,1153,1669,1683.105,1689.0,14.105,1.7465,3.6564,0.4777,정상,0,0,0,
WeldingTest_01_OK,1719,2022-02-10 15:59:55.291,45,4,250,241.2,83,1670,1692,1703.051,1712.0,11.051,1.3175,3.6564,0.3603,정상,0,0,0,
WeldingTest_01_OK,1720,2022-02-10 15:59:58.159,45,5,250,241.1,82,1154,1671,1679.555,1692.0,8.555,1.0254,3.6564,0.2804,정상,0,0,0,
WeldingTest_01_OK,1721,2022-02-10 16:00:01.377,45,6,250,241.2,83,1670,1695,1703.396,1714.0,8.396,1.0126,3.6564,0.2769,정상,0,0,0,
WeldingTest_01_OK,1722,2022-02-10 16:00:07.187,45,7,250,241.1,82,1153,1670,1676.898,1690.0,6.898,0.8344,3.6564,0.2282,정상,0,0,0,
WeldingTest_01_OK,1723,2022-02-10 16:00:10.471,45,8,250,241.2,83,1670,1695,1704.722,1714.0,9.722,1.1523,3.6564,0.3151,정상,0,0,0,
WeldingTest_01_OK,1724,2022-02-10 16:00:13.207,45,9,250,241.1,82,1154,1674,1673.724,1694.0,0.276,0.0202,3.6564,0.0055,정상,0,0,0,
WeldingTest_01_OK,1725,2022-02-10 16:00:16.505,45,10,250,241.2,83,1670,1698,1704.633,1717.0,6.633,0.7809,3.6564,0.2136,정상,0,0,0,
WeldingTest_01_OK,1726,2022-02-10 16:00:19.339,45,11,250,241.1,82,1154,1677,1677.803,1695.0,0.803,0.0654,3.6564,0.0179,정상,0,0,0,
WeldingTest_01_OK,1727,2022-02-10 16:00:22.605,45,12,250,241.2,83,1670,1699,1704.834,1718.0,5.834,0.6985,3.6564,0.191,정상,0,0,0,
WeldingTest_01_OK,1728,2022-02-10 16:00:27.145,45,13,30,19.4,38,650,682,689.679,690.0,7.679,2.1494,3.6564,0.5878,정상,0,0,0,
WeldingTest_01_OK,1729,2022-02-10 16:00:28.877,45,14,30,19.4,38,650,682,677.921,688.0,4.079,1.065,3.6564,0.2913,정상,0,0,0,
WeldingTest_01_OK,1730,2022-02-10 16:00:31.775,45,15,30,19.4,38,650,682,682.594,688.0,0.594,0.0647,3.6564,0.0177,정상,0,0,0,
WeldingTest_01_OK,1731,2022-02-10 16:00:35.101,45,16,30,19.4,38,650,682,679.478,688.0,2.522,0.7055,3.6564,0.193,정상,0,0,0,
WeldingTest_01_OK,1732,2022-02-10 16:00:36.859,45,17,30,19.4,38,650,682,683.353,688.0,1.353,0.3669,3.6564,0.1003,정상,0,0,0,
WeldingTest_01_OK,1733,2022-02-10 16:00:38.573,45,18,30,19.4,38,650,682,684.19,688.0,2.19,0.61,3.6564,0.1668,정상,0,0,0,
WeldingTest_01_OK,1734,2022-02-10 16:00:59.273,45,19,250,241.1,83,1670,1690,1697.964,1708.0,7.964,0.8165,3.6564,0.2233,정상,0,0,0,
WeldingTest_01_OK,1735,2022-02-10 16:01:01.847,45,20,250,241.2,82,1154,1673,1676.437,1692.0,3.437,0.3711,3.6564,0.1015,정상,0,0,0,
WeldingTest_01_OK,1736,2022-02-10 16:01:05.277,45,21,250,241.1,83,1670,1697,1709.868,1714.0,12.868,1.5457,3.6564,0.4227,정상,0,0,0,
WeldingTest_01_OK,1737,2022-02-10 16:01:07.883,45,22,250,241.2,82,1154,1677,1672.955,1694.0,4.045,0.4906,3.6564,0.1342,정상,0,0,0,
WeldingTest_01_OK,1738,2022-02-10 16:01:11.273,45,23,250,241.1,83,1670,1699,1706.625,1717.0,7.625,0.9048,3.6564,0.2475,정상,0,0,0,
WeldingTest_01_OK,1739,2022-02-10 16:01:13.979,45,24,250,241.2,82,1154,1678,1672.624,1695.0,5.376,0.6155,3.6564,0.1683,정상,0,0,0,
WeldingTest_01_OK,1740,2022-02-10 16:01:20.375,45,25,250,241.1,83,1670,1697,1707.224,1714.0,10.224,1.2244,3.6564,0.3349,정상,0,0,0,
WeldingTest_01_OK,1741,2022-02-10 16:01:23.091,45,26,250,241.2,82,1154,1678,1673.322,1695.0,4.678,0.5527,3.6564,0.1511,정상,0,0,0,
WeldingTest_01_OK,1742,2022-02-10 16:01:26.579,45,27,250,241.1,83,1670,1700,1707.916,1718.0,7.916,0.9462,3.6564,0.2588,정상,0,0,0,
WeldingTest_01_OK,1743,2022-02-10 16:01:29.179,45,28,250,241.2,82,1154,1679,1672.82,1697.0,6.18,0.7376,3.6564,0.2017,정상,0,0,0,
WeldingTest_01_OK,1744,2022-02-10 16:01:32.641,45,29,250,241.1,83,1670,1702,1708.505,1719.0,6.505,0.7333,3.6564,0.2005,정상,0,0,0,
WeldingTest_01_OK,1745,2022-02-10 16:01:35.341,45,30,250,241.2,82,1154,1680,1674.398,1698.0,5.602,0.6816,3.6564,0.1864,정상,0,0,0,
WeldingTest_01_OK,1746,2022-02-10 16:01:39.707,45,31,30,19.4,38,650,682,692.501,690.0,10.501,3.0583,3.6564,0.8364,관찰,0,0,0,
WeldingTest_01_OK,1747,2022-02-10 16:01:41.343,45,32,30,19.4,38,650,682,675.041,688.0,6.959,1.836,3.6564,0.5021,정상,0,0,0,
WeldingTest_01_OK,1748,2022-02-10 16:01:44.421,45,33,30,19.4,38,650,682,682.478,690.0,0.478,0.0757,3.6564,0.0207,정상,0,0,0,
WeldingTest_01_OK,1749,2022-02-10 16:01:46.201,45,34,30,19.4,38,650,682,680.027,690.0,1.973,0.419,3.6564,0.1146,정상,0,0,0,
WeldingTest_01_OK,1750,2022-02-10 16:01:49.721,45,35,30,19.4,38,650,682,681.94,690.0,0.06,0.0448,3.6564,0.0123,정상,0,0,0,
WeldingTest_01_OK,1751,2022-02-10 16:01:51.429,45,36,30,19.4,38,650,682,683.732,690.0,1.732,0.439,3.6564,0.1201,정상,0,0,0,
WeldingTest_01_OK,1752,2022-02-10 16:01:53.145,45,37,30,19.4,38,650,682,685.472,688.0,3.472,0.9738,3.6564,0.2663,정상,0,0,0,
WeldingTest_01_OK,1753,2022-02-10 16:01:56.143,45,38,30,19.4,38,650,682,685.553,690.0,3.553,0.9246,3.6564,0.2529,정상,0,0,0,
WeldingTest_01_OK,1754,2022-02-10 16:01:57.633,45,39,30,19.4,38,650,682,683.255,688.0,1.255,0.276,3.6564,0.0755,정상,0,0,0,
WeldingTest_01_OK,1755,2022-02-10 16:02:43.913,46,1,250,241.1,82,1154,1667,1684.187,1682.0,17.187,1.5645,3.6564,0.4279,정상,0,0,0,
WeldingTest_01_OK,1756,2022-02-10 16:02:47.225,46,2,250,241.2,83,1670,1693,1701.969,1707.0,8.969,1.092,3.6564,0.2986,정상,0,0,0,
WeldingTest_01_OK,1757,2022-02-10 16:02:50.019,46,3,250,241.1,82,1153,1674,1682.72,1689.0,8.72,1.0585,3.6564,0.2895,정상,0,0,0,
WeldingTest_01_OK,1758,2022-02-10 16:02:53.319,46,4,250,241.2,83,1670,1697,1702.798,1712.0,5.798,0.6644,3.6564,0.1817,정상,0,0,0,
WeldingTest_01_OK,1759,2022-02-10 16:02:56.133,46,5,250,241.1,82,1154,1677,1679.057,1692.0,2.057,0.1929,3.6564,0.0528,정상,0,0,0,
WeldingTest_01_OK,1760,2022-02-10 16:02:59.417,46,6,250,241.2,83,1670,1699,1703.129,1714.0,4.129,0.4825,3.6564,0.132,정상,0,0,0,
WeldingTest_01_OK,1761,2022-02-10 16:03:05.299,46,7,250,241.1,82,1153,1674,1676.904,1690.0,2.904,0.3244,3.6564,0.0887,정상,0,0,0,
WeldingTest_01_OK,1762,2022-02-10 16:03:08.551,46,8,250,241.2,83,1670,1699,1704.956,1714.0,5.956,0.6862,3.6564,0.1877,정상,0,0,0,
WeldingTest_01_OK,1763,2022-02-10 16:03:11.323,46,9,250,241.1,82,1154,1678,1677.505,1694.0,0.495,0.0079,3.6564,0.0021,정상,0,0,0,
WeldingTest_01_OK,1764,2022-02-10 16:03:14.569,46,10,250,241.2,83,1670,1702,1705.741,1717.0,3.741,0.4233,3.6564,0.1158,정상,0,0,0,
WeldingTest_01_OK,1765,2022-02-10 16:03:17.375,46,11,250,241.1,82,1154,1679,1678.394,1695.0,0.606,0.0401,3.6564,0.011,정상,0,0,0,
WeldingTest_01_OK,1766,2022-02-10 16:03:20.567,46,12,250,241.2,83,1670,1703,1706.392,1718.0,3.392,0.396,3.6564,0.1083,정상,0,0,0,
WeldingTest_01_OK,1767,2022-02-10 16:03:25.021,46,13,30,19.4,38,650,683,691.621,690.0,8.621,2.4303,3.6564,0.6647,정상,0,0,0,
WeldingTest_01_OK,1768,2022-02-10 16:03:26.797,46,14,30,19.4,38,650,682,677.723,688.0,4.277,1.1227,3.6564,0.307,정상,0,0,0,
WeldingTest_01_OK,1769,2022-02-10 16:03:29.807,46,15,30,19.4,38,650,683,685.815,688.0,2.815,0.7085,3.6564,0.1938,정상,0,0,0,
WeldingTest_01_OK,1770,2022-02-10 16:03:33.207,46,16,30,19.4,38,650,683,679.478,688.0,3.522,0.9963,3.6564,0.2725,정상,0,0,0,
WeldingTest_01_OK,1771,2022-02-10 16:03:34.967,46,17,30,19.4,38,650,682,683.353,688.0,1.353,0.3669,3.6564,0.1003,정상,0,0,0,
WeldingTest_01_OK,1772,2022-02-10 16:03:36.671,46,18,30,19.4,38,650,682,684.495,688.0,2.495,0.6979,3.6564,0.1909,정상,0,0,0,
WeldingTest_01_OK,1773,2022-02-10 16:03:57.181,46,19,250,241.1,83,1670,1693,1699.008,1708.0,6.008,0.5915,3.6564,0.1618,정상,0,0,0,
WeldingTest_01_OK,1774,2022-02-10 16:03:59.763,46,20,250,241.2,82,1154,1675,1676.448,1692.0,1.448,0.1171,3.6564,0.032,정상,0,0,0,
WeldingTest_01_OK,1775,2022-02-10 16:04:03.225,46,21,250,241.1,83,1670,1698,1710.076,1714.0,12.076,1.4482,3.6564,0.3961,정상,0,0,0,
WeldingTest_01_OK,1776,2022-02-10 16:04:05.859,46,22,250,241.2,82,1154,1678,1672.849,1694.0,5.151,0.6321,3.6564,0.1729,정상,0,0,0,
WeldingTest_01_OK,1777,2022-02-10 16:04:09.283,46,23,250,241.1,83,1670,1700,1707.365,1717.0,7.365,0.8726,3.6564,0.2386,정상,0,0,0,
WeldingTest_01_OK,1778,2022-02-10 16:04:11.965,46,24,250,241.2,82,1154,1680,1672.635,1695.0,7.365,0.8709,3.6564,0.2382,정상,0,0,0,
WeldingTest_01_OK,1779,2022-02-10 16:04:18.339,46,25,250,241.1,83,1670,1698,1708.579,1714.0,10.579,1.2685,3.6564,0.3469,정상,0,0,0,
WeldingTest_01_OK,1780,2022-02-10 16:04:21.077,46,26,250,241.2,82,1154,1679,1673.281,1695.0,5.719,0.6863,3.6564,0.1877,정상,0,0,0,
WeldingTest_01_OK,1781,2022-02-10 16:04:24.489,46,27,250,241.1,83,1670,1702,1708.352,1718.0,6.352,0.7521,3.6564,0.2057,정상,0,0,0,
WeldingTest_01_OK,1782,2022-02-10 16:04:27.083,46,28,250,241.2,82,1154,1680,1674.333,1697.0,5.667,0.6717,3.6564,0.1837,정상,0,0,0,
WeldingTest_01_OK,1783,2022-02-10 16:04:30.635,46,29,250,241.1,83,1670,1703,1709.306,1719.0,6.306,0.7086,3.6564,0.1938,정상,0,0,0,
WeldingTest_01_OK,1784,2022-02-10 16:04:33.295,46,30,250,241.2,82,1154,1682,1676.363,1698.0,5.637,0.686,3.6564,0.1876,정상,0,0,0,
WeldingTest_01_OK,1785,2022-02-10 16:04:37.743,46,31,30,19.4,38,650,683,692.501,690.0,9.501,2.7592,3.6564,0.7546,정상,0,0,0,
WeldingTest_01_OK,1786,2022-02-10 16:04:39.227,46,32,30,19.4,38,650,682,675.002,688.0,6.998,1.8473,3.6564,0.5052,정상,0,0,0,
WeldingTest_01_OK,1787,2022-02-10 16:04:42.341,46,33,30,19.4,38,650,683,684.835,690.0,1.835,0.3168,3.6564,0.0866,정상,0,0,0,
WeldingTest_01_OK,1788,2022-02-10 16:04:44.089,46,34,30,19.4,38,650,682,682.728,690.0,0.728,0.0576,3.6564,0.0157,정상,0,0,0,
WeldingTest_01_OK,1789,2022-02-10 16:04:47.649,46,35,30,19.4,38,650,683,681.421,690.0,1.579,0.3949,3.6564,0.108,정상,0,0,0,
WeldingTest_01_OK,1790,2022-02-10 16:04:49.365,46,36,30,19.4,38,650,682,684.471,690.0,2.471,0.6534,3.6564,0.1787,정상,0,0,0,
WeldingTest_01_OK,1791,2022-02-10 16:04:51.049,46,37,30,19.4,38,650,682,684.918,688.0,2.918,0.8141,3.6564,0.2227,정상,0,0,0,
WeldingTest_01_OK,1792,2022-02-10 16:04:54.041,46,38,30,19.4,38,650,683,685.553,690.0,2.553,0.635,3.6564,0.1737,정상,0,0,0,
WeldingTest_01_OK,1793,2022-02-10 16:04:55.537,46,39,30,19.4,38,650,682,683.213,688.0,1.213,0.264,3.6564,0.0722,정상,0,0,0,
WeldingTest_01_OK,1794,2022-02-10 16:31:03.907,47,1,250,241.1,82,1154,1661,1682.847,1682.0,21.847,2.1109,3.6564,0.5773,정상,0,0,0,
WeldingTest_01_OK,1795,2022-02-10 16:31:07.177,47,2,250,241.2,83,1670,1687,1701.969,1707.0,14.969,1.8387,3.6564,0.5029,정상,0,0,0,
WeldingTest_01_OK,1796,2022-02-10 16:31:10.011,47,3,250,241.1,82,1153,1669,1683.081,1689.0,14.081,1.7434,3.6564,0.4768,정상,0,0,0,
WeldingTest_01_OK,1797,2022-02-10 16:31:13.377,47,4,250,241.2,83,1670,1692,1702.753,1712.0,10.753,1.2804,3.6564,0.3502,정상,0,0,0,
WeldingTest_01_OK,1798,2022-02-10 16:31:16.249,47,5,250,241.1,82,1154,1671,1679.555,1692.0,8.555,1.0254,3.6564,0.2804,정상,0,0,0,
WeldingTest_01_OK,1799,2022-02-10 16:31:19.495,47,6,250,241.2,83,1670,1695,1703.364,1714.0,8.364,1.0086,3.6564,0.2759,정상,0,0,0,
WeldingTest_01_OK,1800,2022-02-10 16:31:25.377,47,7,250,241.1,82,1153,1670,1676.933,1690.0,6.933,0.8389,3.6564,0.2294,정상,0,0,0,
WeldingTest_01_OK,1801,2022-02-10 16:31:28.575,47,8,250,241.2,83,1670,1695,1704.99,1714.0,9.99,1.1854,3.6564,0.3242,정상,0,0,0,
WeldingTest_01_OK,1802,2022-02-10 16:31:31.381,47,9,250,241.1,82,1154,1674,1677.397,1694.0,3.397,0.3785,3.6564,0.1035,정상,0,0,0,
WeldingTest_01_OK,1803,2022-02-10 16:31:34.775,47,10,250,241.2,83,1670,1698,1704.576,1717.0,6.576,0.7739,3.6564,0.2116,정상,0,0,0,
WeldingTest_01_OK,1804,2022-02-10 16:31:37.519,47,11,250,241.1,82,1154,1677,1673.111,1695.0,3.889,0.4609,3.6564,0.1261,정상,0,0,0,
WeldingTest_01_OK,1805,2022-02-10 16:31:40.821,47,12,250,241.2,83,1670,1699,1704.592,1718.0,5.592,0.6686,3.6564,0.1828,정상,0,0,0,
WeldingTest_01_OK,1806,2022-02-10 16:31:45.225,47,13,30,19.4,38,650,682,689.68,690.0,7.68,2.1498,3.6564,0.588,정상,0,0,0,
WeldingTest_01_OK,1807,2022-02-10 16:31:46.961,47,14,30,19.4,38,650,682,677.577,688.0,4.423,1.1652,3.6564,0.3187,정상,0,0,0,
WeldingTest_01_OK,1808,2022-02-10 16:31:49.889,47,15,30,19.4,38,650,682,681.044,688.0,0.956,0.1697,3.6564,0.0464,정상,0,0,0,
WeldingTest_01_OK,1809,2022-02-10 16:31:53.285,47,16,30,19.4,38,650,682,679.478,688.0,2.522,0.7055,3.6564,0.193,정상,0,0,0,
WeldingTest_01_OK,1810,2022-02-10 16:31:55.033,47,17,30,19.4,38,650,682,685.036,688.0,3.036,0.8521,3.6564,0.233,정상,0,0,0,
WeldingTest_01_OK,1811,2022-02-10 16:31:56.741,47,18,30,19.4,38,650,682,683.447,688.0,1.447,0.3954,3.6564,0.1081,정상,0,0,0,
WeldingTest_01_OK,1812,2022-02-10 16:32:17.167,47,19,250,241.1,83,1670,1690,1699.578,1708.0,9.578,1.0022,3.6564,0.2741,정상,0,0,0,
WeldingTest_01_OK,1813,2022-02-10 16:32:19.789,47,20,250,241.2,82,1154,1673,1676.383,1692.0,3.383,0.3643,3.6564,0.0996,정상,0,0,0,
WeldingTest_01_OK,1814,2022-02-10 16:32:23.293,47,21,250,241.1,83,1670,1697,1710.078,1714.0,13.078,1.5716,3.6564,0.4298,정상,0,0,0,
WeldingTest_01_OK,1815,2022-02-10 16:32:25.945,47,22,250,241.2,82,1154,1677,1673.035,1694.0,3.965,0.4803,3.6564,0.1314,정상,0,0,0,
WeldingTest_01_OK,1816,2022-02-10 16:32:29.399,47,23,250,241.1,83,1670,1699,1706.758,1717.0,7.758,0.9214,3.6564,0.252,정상,0,0,0,
WeldingTest_01_OK,1817,2022-02-10 16:32:32.051,47,24,250,241.2,82,1154,1678,1672.654,1695.0,5.346,0.6117,3.6564,0.1673,정상,0,0,0,
WeldingTest_01_OK,1818,2022-02-10 16:32:38.487,47,25,250,241.1,83,1670,1697,1707.224,1714.0,10.224,1.2244,3.6564,0.3349,정상,0,0,0,
WeldingTest_01_OK,1819,2022-02-10 16:32:41.203,47,26,250,241.2,82,1154,1677,1673.322,1695.0,3.678,0.4242,3.6564,0.116,정상,0,0,0,
WeldingTest_01_OK,1820,2022-02-10 16:32:44.663,47,27,250,241.1,83,1670,1700,1707.185,1718.0,7.185,0.8555,3.6564,0.234,정상,0,0,0,
WeldingTest_01_OK,1821,2022-02-10 16:32:47.255,47,28,250,241.2,82,1154,1679,1672.82,1697.0,6.18,0.7376,3.6564,0.2017,정상,0,0,0,
WeldingTest_01_OK,1822,2022-02-10 16:32:50.705,47,29,250,241.1,83,1670,1702,1708.276,1719.0,6.276,0.7048,3.6564,0.1928,정상,0,0,0,
WeldingTest_01_OK,1823,2022-02-10 16:32:53.351,47,30,250,241.2,82,1154,1680,1674.411,1698.0,5.589,0.6799,3.6564,0.186,정상,0,0,0,
WeldingTest_01_OK,1824,2022-02-10 16:32:57.585,47,31,30,19.4,38,650,682,692.467,690.0,10.467,3.0483,3.6564,0.8337,관찰,0,0,0,
WeldingTest_01_OK,1825,2022-02-10 16:32:59.137,47,32,30,19.4,38,650,682,675.0,688.0,7.0,1.8479,3.6564,0.5054,정상,0,0,0,
WeldingTest_01_OK,1826,2022-02-10 16:33:02.205,47,33,30,19.4,38,650,682,682.887,690.0,0.887,0.0426,3.6564,0.0117,정상,0,0,0,
WeldingTest_01_OK,1827,2022-02-10 16:33:03.981,47,34,30,19.4,38,650,682,679.99,690.0,2.01,0.4298,3.6564,0.1176,정상,0,0,0,
WeldingTest_01_OK,1828,2022-02-10 16:33:07.509,47,35,30,19.4,38,650,682,681.94,690.0,0.06,0.0448,3.6564,0.0123,정상,0,0,0,
WeldingTest_01_OK,1829,2022-02-10 16:33:09.219,47,36,30,19.4,38,650,682,684.387,690.0,2.387,0.6291,3.6564,0.1721,정상,0,0,0,
WeldingTest_01_OK,1830,2022-02-10 16:33:10.951,47,37,30,19.4,38,650,682,685.362,688.0,3.362,0.9422,3.6564,0.2577,정상,0,0,0,
WeldingTest_01_OK,1831,2022-02-10 16:33:13.963,47,38,30,19.4,38,650,682,685.204,690.0,3.204,0.8237,3.6564,0.2253,정상,0,0,0,
WeldingTest_01_OK,1832,2022-02-10 16:33:15.439,47,39,30,19.4,38,650,682,683.255,688.0,1.255,0.276,3.6564,0.0755,정상,0,0,0,
WeldingTest_01_OK,1833,2022-02-10 16:47:04.199,48,1,250,241.1,82,1154,1661,1682.847,1682.0,21.847,2.1109,3.6564,0.5773,정상,0,0,0,
WeldingTest_01_OK,1834,2022-02-10 16:47:07.507,48,2,250,241.2,83,1670,1687,1701.969,1707.0,14.969,1.8387,3.6564,0.5029,정상,0,0,0,
WeldingTest_01_OK,1835,2022-02-10 16:47:10.331,48,3,250,241.1,82,1153,1669,1682.549,1689.0,13.549,1.6754,3.6564,0.4582,정상,0,0,0,
WeldingTest_01_OK,1836,2022-02-10 16:47:13.647,48,4,250,241.2,83,1670,1692,1702.764,1712.0,10.764,1.2818,3.6564,0.3506,정상,0,0,0,
WeldingTest_01_OK,1837,2022-02-10 16:47:16.401,48,5,250,241.1,82,1154,1671,1679.081,1692.0,8.081,0.9646,3.6564,0.2638,정상,0,0,0,
WeldingTest_01_OK,1838,2022-02-10 16:47:19.671,48,6,250,241.2,83,1670,1695,1703.129,1714.0,8.129,0.9795,3.6564,0.2679,정상,0,0,0,
WeldingTest_01_OK,1839,2022-02-10 16:47:25.347,48,7,250,241.1,82,1153,1670,1676.863,1690.0,6.863,0.8299,3.6564,0.227,정상,0,0,0,
WeldingTest_01_OK,1840,2022-02-10 16:47:28.605,48,8,250,241.2,83,1670,1695,1704.956,1714.0,9.956,1.1813,3.6564,0.3231,정상,0,0,0,
WeldingTest_01_OK,1841,2022-02-10 16:47:31.433,48,9,250,241.1,82,1154,1675,1677.54,1694.0,2.54,0.269,3.6564,0.0736,정상,0,0,0,
WeldingTest_01_OK,1842,2022-02-10 16:47:34.647,48,10,250,241.2,83,1670,1698,1704.904,1717.0,6.904,0.8145,3.6564,0.2228,정상,0,0,0,
WeldingTest_01_OK,1843,2022-02-10 16:47:37.401,48,11,250,241.1,82,1154,1677,1677.448,1695.0,0.448,0.0199,3.6564,0.0054,정상,0,0,0,
WeldingTest_01_OK,1844,2022-02-10 16:47:40.741,48,12,250,241.2,83,1670,1699,1704.546,1718.0,5.546,0.6628,3.6564,0.1813,정상,0,0,0,
WeldingTest_01_OK,1845,2022-02-10 16:47:45.129,48,13,30,19.4,38,650,682,689.652,690.0,7.652,2.1415,3.6564,0.5857,정상,0,0,0,
WeldingTest_01_OK,1846,2022-02-10 16:47:46.847,48,14,30,19.4,38,650,682,677.884,688.0,4.116,1.0757,3.6564,0.2942,정상,0,0,0,
WeldingTest_01_OK,1847,2022-02-10 16:47:49.769,48,15,30,19.4,38,650,682,681.044,688.0,0.956,0.1697,3.6564,0.0464,정상,0,0,0,
WeldingTest_01_OK,1848,2022-02-10 16:47:53.057,48,16,30,19.4,38,650,682,677.171,688.0,4.829,1.3761,3.6564,0.3763,정상,0,0,0,
WeldingTest_01_OK,1849,2022-02-10 16:47:54.781,48,17,30,19.4,38,650,682,687.952,688.0,5.952,1.6927,3.6564,0.4629,정상,0,0,0,
WeldingTest_01_OK,1850,2022-02-10 16:47:56.519,48,18,30,19.4,38,650,682,684.383,688.0,2.383,0.6657,3.6564,0.1821,정상,0,0,0,
WeldingTest_01_OK,1851,2022-02-10 16:48:17.133,48,19,250,241.1,83,1670,1690,1697.964,1708.0,7.964,0.8165,3.6564,0.2233,정상,0,0,0,
WeldingTest_01_OK,1852,2022-02-10 16:48:19.745,48,20,250,241.2,82,1154,1673,1676.385,1692.0,3.385,0.3644,3.6564,0.0997,정상,0,0,0,
WeldingTest_01_OK,1853,2022-02-10 16:48:23.175,48,21,250,241.1,83,1670,1697,1709.868,1714.0,12.868,1.5457,3.6564,0.4227,정상,0,0,0,
WeldingTest_01_OK,1854,2022-02-10 16:48:25.831,48,22,250,241.2,82,1154,1677,1673.035,1694.0,3.965,0.4803,3.6564,0.1314,정상,0,0,0,
WeldingTest_01_OK,1855,2022-02-10 16:48:29.279,48,23,250,241.1,83,1670,1699,1706.634,1717.0,7.634,0.906,3.6564,0.2478,정상,0,0,0,
WeldingTest_01_OK,1856,2022-02-10 16:48:32.079,48,24,250,241.2,82,1154,1678,1677.565,1695.0,0.435,0.019,3.6564,0.0052,정상,0,0,0,
WeldingTest_01_OK,1857,2022-02-10 16:48:38.535,48,25,250,241.1,83,1670,1697,1707.224,1714.0,10.224,1.2244,3.6564,0.3349,정상,0,0,0,
WeldingTest_01_OK,1858,2022-02-10 16:48:41.125,48,26,250,241.2,82,1154,1678,1673.322,1695.0,4.678,0.5526,3.6564,0.1511,정상,0,0,0,
WeldingTest_01_OK,1859,2022-02-10 16:48:44.589,48,27,250,241.1,83,1670,1700,1707.916,1718.0,7.916,0.9462,3.6564,0.2588,정상,0,0,0,
WeldingTest_01_OK,1860,2022-02-10 16:48:47.245,48,28,250,241.2,82,1154,1679,1672.898,1697.0,6.102,0.7275,3.6564,0.199,정상,0,0,0,
WeldingTest_01_OK,1861,2022-02-10 16:48:50.703,48,29,250,241.1,83,1670,1702,1708.505,1719.0,6.505,0.7333,3.6564,0.2005,정상,0,0,0,
WeldingTest_01_OK,1862,2022-02-10 16:48:53.335,48,30,250,241.2,82,1154,1680,1674.312,1698.0,5.688,0.6926,3.6564,0.1894,정상,0,0,0,
WeldingTest_01_OK,1863,2022-02-10 16:48:57.607,48,31,30,19.4,38,650,682,692.454,690.0,10.454,3.0443,3.6564,0.8326,관찰,0,0,0,
WeldingTest_01_OK,1864,2022-02-10 16:48:59.113,48,32,30,19.4,38,650,682,675.002,688.0,6.998,1.8473,3.6564,0.5052,정상,0,0,0,
WeldingTest_01_OK,1865,2022-02-10 16:49:02.202,48,33,30,19.4,38,650,682,684.814,690.0,2.814,0.6,3.6564,0.1641,정상,0,0,0,
WeldingTest_01_OK,1866,2022-02-10 16:49:03.966,48,34,30,19.4,38,650,682,679.64,690.0,2.36,0.5312,3.6564,0.1453,정상,0,0,0,
WeldingTest_01_OK,1867,2022-02-10 16:49:07.478,48,35,30,19.4,38,650,682,681.94,690.0,0.06,0.0448,3.6564,0.0123,정상,0,0,0,
WeldingTest_01_OK,1868,2022-02-10 16:49:09.208,48,36,30,19.4,38,650,682,684.439,690.0,2.439,0.6441,3.6564,0.1762,정상,0,0,0,
WeldingTest_01_OK,1869,2022-02-10 16:49:10.942,48,37,30,19.4,38,650,682,685.362,688.0,3.362,0.9422,3.6564,0.2577,정상,0,0,0,
WeldingTest_01_OK,1870,2022-02-10 16:49:13.952,48,38,30,19.4,38,650,682,685.204,690.0,3.204,0.8237,3.6564,0.2253,정상,0,0,0,
WeldingTest_01_OK,1871,2022-02-10 16:49:15.390,48,39,30,19.4,38,650,682,683.255,688.0,1.255,0.276,3.6564,0.0755,정상,0,0,0,
WeldingTest_01_OK,1872,2022-02-10 17:08:39.246,49,1,250,241.1,82,1154,1661,1682.847,1682.0,21.847,2.1109,3.6564,0.5773,정상,0,0,0,
WeldingTest_01_OK,1873,2022-02-10 17:08:42.444,49,2,250,241.2,83,1670,1687,1702.229,1707.0,15.229,1.8711,3.6564,0.5117,정상,0,0,0,
WeldingTest_01_OK,1874,2022-02-10 17:08:45.202,49,3,250,241.1,82,1153,1667,1682.844,1689.0,15.844,1.9686,3.6564,0.5384,정상,0,0,0,
WeldingTest_01_OK,1875,2022-02-10 17:08:48.534,49,4,250,241.2,83,1670,1692,1702.759,1712.0,10.759,1.2811,3.6564,0.3504,정상,0,0,0,
WeldingTest_01_OK,1876,2022-02-10 17:08:51.310,49,5,250,241.1,82,1154,1671,1678.705,1692.0,7.705,0.9164,3.6564,0.2506,정상,0,0,0,
WeldingTest_01_OK,1877,2022-02-10 17:08:54.574,49,6,250,241.2,83,1670,1695,1703.362,1714.0,8.362,1.0084,3.6564,0.2758,정상,0,0,0,
WeldingTest_01_OK,1878,2022-02-10 17:09:00.382,49,7,250,241.1,82,1153,1670,1676.898,1690.0,6.898,0.8344,3.6564,0.2282,정상,0,0,0,
WeldingTest_01_OK,1879,2022-02-10 17:09:03.618,49,8,250,241.2,83,1670,1695,1704.961,1714.0,9.961,1.1819,3.6564,0.3232,정상,0,0,0,
WeldingTest_01_OK,1880,2022-02-10 17:09:06.424,49,9,250,241.1,82,1154,1675,1677.397,1694.0,2.397,0.2508,3.6564,0.0686,정상,0,0,0,
WeldingTest_01_OK,1881,2022-02-10 17:09:09.664,49,10,250,241.2,83,1670,1698,1704.876,1717.0,6.876,0.811,3.6564,0.2218,정상,0,0,0,
WeldingTest_01_OK,1882,2022-02-10 17:09:12.412,49,11,250,241.1,82,1154,1677,1673.111,1695.0,3.889,0.4609,3.6564,0.1261,정상,0,0,0,
WeldingTest_01_OK,1883,2022-02-10 17:09:15.678,49,12,250,241.2,83,1670,1699,1704.834,1718.0,5.834,0.6985,3.6564,0.191,정상,0,0,0,
WeldingTest_01_OK,1884,2022-02-10 17:09:20.226,49,13,30,19.4,38,650,682,689.679,690.0,7.679,2.1494,3.6564,0.5878,정상,0,0,0,
WeldingTest_01_OK,1885,2022-02-10 17:09:21.930,49,14,30,19.4,38,650,682,677.797,688.0,4.203,1.1011,3.6564,0.3011,정상,0,0,0,
WeldingTest_01_OK,1886,2022-02-10 17:09:24.866,49,15,30,19.4,38,650,682,682.946,688.0,0.946,0.1667,3.6564,0.0456,정상,0,0,0,
WeldingTest_01_OK,1887,2022-02-10 17:09:28.288,49,16,30,19.4,38,650,682,679.478,688.0,2.522,0.7055,3.6564,0.193,정상,0,0,0,
WeldingTest_01_OK,1888,2022-02-10 17:09:30.042,49,17,30,19.4,38,650,682,683.409,688.0,1.409,0.383,3.6564,0.1047,정상,0,0,0,
WeldingTest_01_OK,1889,2022-02-10 17:09:31.720,49,18,30,19.4,38,650,682,682.062,688.0,0.062,0.0044,3.6564,0.0012,정상,0,0,0,
WeldingTest_01_OK,1890,2022-02-10 17:09:52.204,49,19,250,241.1,83,1670,1690,1699.539,1708.0,9.539,0.9978,3.6564,0.2729,정상,0,0,0,
WeldingTest_01_OK,1891,2022-02-10 17:09:54.842,49,20,250,241.2,82,1154,1673,1676.355,1692.0,3.355,0.3607,3.6564,0.0986,정상,0,0,0,
WeldingTest_01_OK,1892,2022-02-10 17:09:58.238,49,21,250,241.1,83,1670,1697,1709.887,1714.0,12.887,1.548,3.6564,0.4234,정상,0,0,0,
WeldingTest_01_OK,1893,2022-02-10 17:10:00.834,49,22,250,241.2,82,1154,1677,1672.955,1694.0,4.045,0.4906,3.6564,0.1342,정상,0,0,0,
WeldingTest_01_OK,1894,2022-02-10 17:10:04.280,49,23,250,241.1,83,1670,1699,1706.634,1717.0,7.634,0.906,3.6564,0.2478,정상,0,0,0,
WeldingTest_01_OK,1895,2022-02-10 17:10:06.924,49,24,250,241.2,82,1154,1678,1672.695,1695.0,5.305,0.6064,3.6564,0.1658,정상,0,0,0,
WeldingTest_01_OK,1896,2022-02-10 17:10:13.341,49,25,250,241.1,83,1670,1697,1707.224,1714.0,10.224,1.2244,3.6564,0.3349,정상,0,0,0,
WeldingTest_01_OK,1897,2022-02-10 17:10:15.957,49,26,250,241.2,82,1154,1678,1673.322,1695.0,4.678,0.5526,3.6564,0.1511,정상,0,0,0,
WeldingTest_01_OK,1898,2022-02-10 17:10:19.499,49,27,250,241.1,83,1670,1700,1707.915,1718.0,7.915,0.946,3.6564,0.2587,정상,0,0,0,
WeldingTest_01_OK,1899,2022-02-10 17:10:22.169,49,28,250,241.2,82,1154,1679,1672.897,1697.0,6.103,0.7277,3.6564,0.199,정상,0,0,0,
WeldingTest_01_OK,1900,2022-02-10 17:10:25.725,49,29,250,241.1,83,1670,1702,1708.503,1719.0,6.503,0.7331,3.6564,0.2005,정상,0,0,0,
WeldingTest_01_OK,1901,2022-02-10 17:10:28.369,49,30,250,241.2,82,1154,1680,1674.447,1698.0,5.553,0.6753,3.6564,0.1847,정상,0,0,0,
WeldingTest_01_OK,1902,2022-02-10 17:10:32.803,49,31,30,19.4,38,650,682,692.501,690.0,10.501,3.0583,3.6564,0.8364,관찰,0,0,0,
WeldingTest_01_OK,1903,2022-02-10 17:10:34.297,49,32,30,19.4,38,650,682,675.002,688.0,6.998,1.8473,3.6564,0.5052,정상,0,0,0,
WeldingTest_01_OK,1904,2022-02-10 17:10:37.397,49,33,30,19.4,38,650,682,684.835,690.0,2.835,0.6061,3.6564,0.1658,정상,0,0,0,
WeldingTest_01_OK,1905,2022-02-10 17:10:39.181,49,34,30,19.4,38,650,682,680.027,690.0,1.973,0.419,3.6564,0.1146,정상,0,0,0,
WeldingTest_01_OK,1906,2022-02-10 17:10:42.699,49,35,30,19.4,38,650,682,681.94,690.0,0.06,0.0448,3.6564,0.0123,정상,0,0,0,
WeldingTest_01_OK,1907,2022-02-10 17:10:44.399,49,36,30,19.4,38,650,682,683.598,690.0,1.598,0.4002,3.6564,0.1095,정상,0,0,0,
WeldingTest_01_OK,1908,2022-02-10 17:10:46.153,49,37,30,19.4,38,650,682,683.15,688.0,1.15,0.3037,3.6564,0.083,정상,0,0,0,
WeldingTest_01_OK,1909,2022-02-10 17:10:49.117,49,38,30,19.4,38,650,682,685.529,690.0,3.529,0.9177,3.6564,0.251,정상,0,0,0,
WeldingTest_01_OK,1910,2022-02-10 17:10:50.617,49,39,30,19.4,38,650,682,683.213,688.0,1.213,0.264,3.6564,0.0722,정상,0,0,0,
WeldingTest_01_OK,1911,2022-02-10 17:11:37.677,50,1,250,241.1,82,1154,1666,1684.076,1682.0,18.076,1.6687,3.6564,0.4564,정상,0,0,0,
WeldingTest_01_OK,1912,2022-02-10 17:11:40.959,50,2,250,241.2,83,1670,1693,1701.969,1707.0,8.969,1.092,3.6564,0.2986,정상,0,0,0,
WeldingTest_01_OK,1913,2022-02-10 17:11:43.803,50,3,250,241.1,82,1153,1674,1683.318,1689.0,9.318,1.135,3.6564,0.3104,정상,0,0,0,
WeldingTest_01_OK,1914,2022-02-10 17:11:47.053,50,4,250,241.2,83,1670,1697,1703.032,1712.0,6.032,0.6936,3.6564,0.1897,정상,0,0,0,
WeldingTest_01_OK,1915,2022-02-10 17:11:49.871,50,5,250,241.1,82,1154,1677,1679.057,1692.0,2.057,0.1929,3.6564,0.0528,정상,0,0,0,
WeldingTest_01_OK,1916,2022-02-10 17:11:53.131,50,6,250,241.2,83,1670,1699,1703.362,1714.0,4.362,0.5114,3.6564,0.1399,정상,0,0,0,
WeldingTest_01_OK,1917,2022-02-10 17:11:58.857,50,7,250,241.1,82,1153,1674,1676.898,1690.0,2.898,0.3235,3.6564,0.0885,정상,0,0,0,
WeldingTest_01_OK,1918,2022-02-10 17:12:02.255,50,8,250,241.2,83,1670,1699,1704.646,1714.0,5.646,0.6477,3.6564,0.1771,정상,0,0,0,
WeldingTest_01_OK,1919,2022-02-10 17:12:05.077,50,9,250,241.1,82,1154,1678,1677.596,1694.0,0.404,0.0038,3.6564,0.001,정상,0,0,0,
WeldingTest_01_OK,1920,2022-02-10 17:12:08.323,50,10,250,241.2,83,1670,1702,1705.741,1717.0,3.741,0.4233,3.6564,0.1158,정상,0,0,0,
WeldingTest_01_OK,1921,2022-02-10 17:12:11.073,50,11,250,241.1,82,1154,1680,1674.621,1695.0,5.379,0.6519,3.6564,0.1783,정상,0,0,0,
WeldingTest_01_OK,1922,2022-02-10 17:12:14.485,50,12,250,241.2,83,1670,1703,1706.811,1718.0,3.811,0.448,3.6564,0.1225,정상,0,0,0,
WeldingTest_01_OK,1923,2022-02-10 17:12:19.015,50,13,30,19.4,38,650,683,691.621,690.0,8.621,2.4303,3.6564,0.6647,정상,0,0,0,
WeldingTest_01_OK,1924,2022-02-10 17:12:20.735,50,14,30,19.4,38,650,682,677.946,688.0,4.054,1.0577,3.6564,0.2893,정상,0,0,0,
WeldingTest_01_OK,1925,2022-02-10 17:12:23.655,50,15,30,19.4,38,650,683,682.029,688.0,0.971,0.174,3.6564,0.0476,정상,0,0,0,
WeldingTest_01_OK,1926,2022-02-10 17:12:26.967,50,16,30,19.4,38,650,683,679.478,688.0,3.522,0.9963,3.6564,0.2725,정상,0,0,0,
WeldingTest_01_OK,1927,2022-02-10 17:12:28.739,50,17,30,19.4,38,650,682,682.453,688.0,0.453,0.1076,3.6564,0.0294,정상,0,0,0,
WeldingTest_01_OK,1928,2022-02-10 17:12:30.413,50,18,30,19.4,38,650,682,682.017,688.0,0.017,0.0172,3.6564,0.0047,정상,0,0,0,
WeldingTest_01_OK,1929,2022-02-10 17:12:51.695,50,19,250,241.1,83,1670,1693,1697.805,1708.0,4.805,0.4532,3.6564,0.124,정상,0,0,0,
WeldingTest_01_OK,1930,2022-02-10 17:12:54.305,50,20,250,241.2,82,1154,1675,1676.395,1692.0,1.395,0.1104,3.6564,0.0302,정상,0,0,0,
WeldingTest_01_OK,1931,2022-02-10 17:12:57.737,50,21,250,241.1,83,1670,1698,1709.868,1714.0,11.868,1.4225,3.6564,0.389,정상,0,0,0,
WeldingTest_01_OK,1932,2022-02-10 17:13:00.329,50,22,250,241.2,82,1154,1678,1672.955,1694.0,5.045,0.6186,3.6564,0.1692,정상,0,0,0,
WeldingTest_01_OK,1933,2022-02-10 17:13:03.753,50,23,250,241.1,83,1670,1700,1707.365,1717.0,7.365,0.8726,3.6564,0.2386,정상,0,0,0,
WeldingTest_01_OK,1934,2022-02-10 17:13:06.447,50,24,250,241.2,82,1154,1680,1672.635,1695.0,7.365,0.8709,3.6564,0.2382,정상,0,0,0,
WeldingTest_01_OK,1935,2022-02-10 17:13:12.829,50,25,250,241.1,83,1670,1698,1708.579,1714.0,10.579,1.2685,3.6564,0.3469,정상,0,0,0,
WeldingTest_01_OK,1936,2022-02-10 17:13:15.407,50,26,250,241.2,82,1154,1680,1673.351,1695.0,6.649,0.8058,3.6564,0.2204,정상,0,0,0,
WeldingTest_01_OK,1937,2022-02-10 17:13:18.877,50,27,250,241.1,83,1670,1702,1709.344,1718.0,7.344,0.8752,3.6564,0.2393,정상,0,0,0,
WeldingTest_01_OK,1938,2022-02-10 17:13:21.541,50,28,250,241.2,82,1154,1682,1674.433,1697.0,7.567,0.9157,3.6564,0.2504,정상,0,0,0,
WeldingTest_01_OK,1939,2022-02-10 17:13:24.993,50,29,250,241.1,83,1670,1703,1710.238,1719.0,7.238,0.8242,3.6564,0.2254,정상,0,0,0,
WeldingTest_01_OK,1940,2022-02-10 17:13:27.729,50,30,250,241.2,82,1154,1682,1676.325,1698.0,5.675,0.6909,3.6564,0.189,정상,0,0,0,
WeldingTest_01_OK,1941,2022-02-10 17:13:32.067,50,31,30,19.4,38,650,683,692.454,690.0,9.454,2.7452,3.6564,0.7508,정상,0,0,0,
WeldingTest_01_OK,1942,2022-02-10 17:13:33.733,50,32,30,19.4,38,650,683,675.041,688.0,7.959,2.1273,3.6564,0.5818,정상,0,0,0,
WeldingTest_01_OK,1943,2022-02-10 17:13:36.805,50,33,30,19.4,38,650,683,682.887,690.0,0.113,0.1815,3.6564,0.0496,정상,0,0,0,
WeldingTest_01_OK,1944,2022-02-10 17:13:38.571,50,34,30,19.4,38,650,683,679.99,690.0,3.01,0.7202,3.6564,0.197,정상,0,0,0,
WeldingTest_01_OK,1945,2022-02-10 17:13:42.115,50,35,30,19.4,38,650,683,681.94,690.0,1.06,0.2446,3.6564,0.0669,정상,0,0,0,
WeldingTest_01_OK,1946,2022-02-10 17:13:43.797,50,36,30,19.4,38,650,682,681.451,690.0,0.549,0.0959,3.6564,0.0262,정상,0,0,0,
WeldingTest_01_OK,1947,2022-02-10 17:13:45.547,50,37,30,19.4,38,650,682,683.15,688.0,1.15,0.3037,3.6564,0.083,정상,0,0,0,
WeldingTest_01_OK,1948,2022-02-10 17:13:48.507,50,38,30,19.4,38,650,683,685.529,690.0,2.529,0.6281,3.6564,0.1718,정상,0,0,0,
WeldingTest_01_OK,1949,2022-02-10 17:13:50.029,50,39,30,19.4,38,650,682,682.97,688.0,0.97,0.1937,3.6564,0.053,정상,0,0,0,
WeldingTest_02_OK,0,2022-02-11 09:12:28.065,1,1,250,241.1,82,1154,1660,1680.861,1682.0,20.861,1.9954,3.6564,0.5457,정상,0,0,0,
WeldingTest_02_OK,1,2022-02-11 09:12:31.355,1,2,250,241.2,83,1670,1685,1701.969,1707.0,16.969,2.0876,3.6564,0.5709,정상,0,0,0,
WeldingTest_02_OK,2,2022-02-11 09:12:34.187,1,3,250,241.1,82,1153,1666,1682.577,1689.0,16.577,2.0623,3.6564,0.564,정상,0,0,0,
WeldingTest_02_OK,3,2022-02-11 09:12:37.429,1,4,250,241.2,83,1670,1690,1703.032,1712.0,13.032,1.5637,3.6564,0.4277,정상,0,0,0,
WeldingTest_02_OK,4,2022-02-11 09:12:40.189,1,5,250,241.1,82,1154,1670,1679.076,1692.0,9.076,1.0921,3.6564,0.2987,정상,0,0,0,
WeldingTest_02_OK,5,2022-02-11 09:12:43.509,1,6,250,241.2,83,1670,1693,1703.092,1714.0,10.092,1.2234,3.6564,0.3346,정상,0,0,0,
WeldingTest_02_OK,6,2022-02-11 09:12:49.277,1,7,250,241.1,82,1153,1669,1676.854,1690.0,7.854,0.9564,3.6564,0.2616,정상,0,0,0,
WeldingTest_02_OK,7,2022-02-11 09:12:52.547,1,8,250,241.2,83,1670,1694,1704.722,1714.0,10.722,1.276,3.6564,0.349,정상,0,0,0,
WeldingTest_02_OK,8,2022-02-11 09:12:55.389,1,9,250,241.1,82,1154,1673,1678.072,1694.0,5.072,0.5924,3.6564,0.162,정상,0,0,0,
WeldingTest_02_OK,9,2022-02-11 09:12:58.755,1,10,250,241.2,83,1670,1695,1704.576,1717.0,9.576,1.1449,3.6564,0.3131,정상,0,0,0,
WeldingTest_02_OK,10,2022-02-11 09:13:01.615,1,11,250,241.1,82,1154,1675,1677.796,1695.0,2.796,0.3209,3.6564,0.0878,정상,0,0,0,
WeldingTest_02_OK,11,2022-02-11 09:13:04.827,1,12,250,241.2,83,1670,1698,1704.874,1718.0,6.874,0.8274,3.6564,0.2263,정상,0,0,0,
WeldingTest_02_OK,12,2022-02-11 09:13:09.307,1,13,30,19.4,38,650,682,689.461,690.0,7.461,2.0845,3.6564,0.5701,정상,0,0,0,
WeldingTest_02_OK,13,2022-02-11 09:13:11.019,1,14,30,19.4,38,650,680,677.884,688.0,2.116,0.4928,3.6564,0.1348,정상,0,0,0,
WeldingTest_02_OK,14,2022-02-11 09:13:13.949,1,15,30,19.4,38,650,682,681.044,688.0,0.956,0.1697,3.6564,0.0464,정상,0,0,0,
WeldingTest_02_OK,15,2022-02-11 09:13:17.335,1,16,30,19.4,38,650,680,679.478,688.0,0.522,0.1241,3.6564,0.0339,정상,0,0,0,
WeldingTest_02_OK,16,2022-02-11 09:13:19.101,1,17,30,19.4,38,650,680,682.453,688.0,2.453,0.6842,3.6564,0.1871,정상,0,0,0,
WeldingTest_02_OK,17,2022-02-11 09:13:20.805,1,18,30,19.4,38,650,680,684.495,688.0,4.495,1.2751,3.6564,0.3487,정상,0,0,0,
WeldingTest_02_OK,18,2022-02-11 09:13:41.227,1,19,250,241.1,83,1670,1689,1699.578,1708.0,10.578,1.1173,3.6564,0.3056,정상,0,0,0,
WeldingTest_02_OK,19,2022-02-11 09:13:43.807,1,20,250,241.2,82,1154,1671,1676.247,1692.0,5.247,0.6022,3.6564,0.1647,정상,0,0,0,
WeldingTest_02_OK,20,2022-02-11 09:13:47.243,1,21,250,241.1,83,1670,1695,1709.868,1714.0,14.868,1.7922,3.6564,0.4901,정상,0,0,0,
WeldingTest_02_OK,21,2022-02-11 09:13:49.983,1,22,250,241.2,82,1154,1674,1672.953,1694.0,1.047,0.107,3.6564,0.0293,정상,0,0,0,
WeldingTest_02_OK,22,2022-02-11 09:13:53.453,1,23,250,241.1,83,1670,1697,1706.843,1717.0,9.843,1.18,3.6564,0.3227,정상,0,0,0,
WeldingTest_02_OK,23,2022-02-11 09:13:56.171,1,24,250,241.2,82,1154,1677,1672.62,1695.0,4.38,0.4876,3.6564,0.1334,정상,0,0,0,
WeldingTest_02_OK,24,2022-02-11 09:14:02.597,1,25,250,241.1,83,1670,1695,1706.493,1714.0,11.493,1.3819,3.6564,0.3779,정상,0,0,0,
WeldingTest_02_OK,25,2022-02-11 09:14:05.183,1,26,250,241.2,82,1154,1675,1673.322,1695.0,1.678,0.1673,3.6564,0.0458,정상,0,0,0,
WeldingTest_02_OK,26,2022-02-11 09:14:08.627,1,27,250,241.1,83,1670,1699,1706.998,1718.0,7.998,0.9564,3.6564,0.2616,정상,0,0,0,
WeldingTest_02_OK,27,2022-02-11 09:14:11.315,1,28,250,241.2,82,1154,1678,1672.879,1697.0,5.121,0.6016,3.6564,0.1645,정상,0,0,0,
WeldingTest_02_OK,28,2022-02-11 09:14:14.863,1,29,250,241.1,83,1670,1700,1707.882,1719.0,7.882,0.9042,3.6564,0.2473,정상,0,0,0,
WeldingTest_02_OK,29,2022-02-11 09:14:17.555,1,30,250,241.2,82,1154,1679,1672.868,1698.0,6.132,0.7496,3.6564,0.205,정상,0,0,0,
WeldingTest_02_OK,30,2022-02-11 09:14:21.981,1,31,30,19.4,38,650,682,692.501,690.0,10.501,3.0583,3.6564,0.8364,관찰,0,0,0,
WeldingTest_02_OK,31,2022-02-11 09:14:23.493,1,32,30,19.4,38,650,682,674.916,688.0,7.084,1.8726,3.6564,0.5121,정상,0,0,0,
WeldingTest_02_OK,32,2022-02-11 09:14:26.559,1,33,30,19.4,38,650,682,682.887,690.0,0.887,0.0426,3.6564,0.0117,정상,0,0,0,
WeldingTest_02_OK,33,2022-02-11 09:14:28.327,1,34,30,19.4,38,650,682,679.99,690.0,2.01,0.4298,3.6564,0.1176,정상,0,0,0,
WeldingTest_02_OK,34,2022-02-11 09:14:31.859,1,35,30,19.4,38,650,682,681.94,690.0,0.06,0.0448,3.6564,0.0123,정상,0,0,0,
WeldingTest_02_OK,35,2022-02-11 09:14:33.577,1,36,30,19.4,38,650,682,684.471,690.0,2.471,0.6534,3.6564,0.1787,정상,0,0,0,
WeldingTest_02_OK,36,2022-02-11 09:14:35.299,1,37,30,19.4,38,650,682,685.485,688.0,3.485,0.9777,3.6564,0.2674,정상,0,0,0,
WeldingTest_02_OK,37,2022-02-11 09:14:38.289,1,38,30,19.4,38,650,682,685.553,690.0,3.553,0.9246,3.6564,0.2529,정상,0,0,0,
WeldingTest_02_OK,38,2022-02-11 09:14:39.787,1,39,30,19.4,38,650,682,683.213,688.0,1.213,0.264,3.6564,0.0722,정상,0,0,0,
WeldingTest_02_OK,39,2022-02-11 09:15:26.139,2,1,250,241.1,82,1154,1665,1684.187,1682.0,19.187,1.7991,3.6564,0.492,정상,0,0,0,
WeldingTest_02_OK,40,2022-02-11 09:15:29.469,2,2,250,241.2,83,1670,1692,1701.937,1707.0,9.937,1.2124,3.6564,0.3316,정상,0,0,0,
WeldingTest_02_OK,41,2022-02-11 09:15:32.299,2,3,250,241.1,82,1153,1671,1682.753,1689.0,11.753,1.4459,3.6564,0.3955,정상,0,0,0,
WeldingTest_02_OK,42,2022-02-11 09:15:35.541,2,4,250,241.2,83,1670,1695,1703.032,1712.0,8.032,0.9422,3.6564,0.2577,정상,0,0,0,
WeldingTest_02_OK,43,2022-02-11 09:15:38.355,2,5,250,241.1,82,1154,1674,1679.057,1692.0,5.057,0.5772,3.6564,0.1579,정상,0,0,0,
WeldingTest_02_OK,44,2022-02-11 09:15:41.759,2,6,250,241.2,83,1670,1698,1703.087,1714.0,5.087,0.6016,3.6564,0.1645,정상,0,0,0,
WeldingTest_02_OK,45,2022-02-11 09:15:47.549,2,7,250,241.1,82,1153,1673,1676.898,1690.0,3.898,0.4513,3.6564,0.1234,정상,0,0,0,
WeldingTest_02_OK,46,2022-02-11 09:15:50.821,2,8,250,241.2,83,1670,1697,1704.722,1714.0,7.722,0.9047,3.6564,0.2474,정상,0,0,0,
WeldingTest_02_OK,47,2022-02-11 09:15:53.547,2,9,250,241.1,82,1154,1677,1673.724,1694.0,3.276,0.3629,3.6564,0.0993,정상,0,0,0,
WeldingTest_02_OK,48,2022-02-11 09:15:56.831,2,10,250,241.2,83,1670,1699,1704.639,1717.0,5.639,0.6581,3.6564,0.18,정상,0,0,0,
WeldingTest_02_OK,49,2022-02-11 09:15:59.601,2,11,250,241.1,82,1154,1678,1677.133,1695.0,0.867,0.0736,3.6564,0.0201,정상,0,0,0,
WeldingTest_02_OK,50,2022-02-11 09:16:02.819,2,12,250,241.2,83,1670,1702,1705.732,1718.0,3.732,0.4382,3.6564,0.1199,정상,0,0,0,
WeldingTest_02_OK,51,2022-02-11 09:16:07.313,2,13,30,19.4,38,650,682,689.702,690.0,7.702,2.1564,3.6564,0.5898,정상,0,0,0,
WeldingTest_02_OK,52,2022-02-11 09:16:09.011,2,14,30,19.4,38,650,682,677.797,688.0,4.203,1.1011,3.6564,0.3011,정상,0,0,0,
WeldingTest_02_OK,53,2022-02-11 09:16:11.925,2,15,30,19.4,38,650,682,682.029,688.0,0.029,0.0988,3.6564,0.027,정상,0,0,0,
WeldingTest_02_OK,54,2022-02-11 09:16:15.251,2,16,30,19.4,38,650,682,679.478,688.0,2.522,0.7055,3.6564,0.193,정상,0,0,0,
WeldingTest_02_OK,55,2022-02-11 09:16:16.991,2,17,30,19.4,38,650,682,688.034,688.0,6.034,1.7164,3.6564,0.4694,정상,0,0,0,
WeldingTest_02_OK,56,2022-02-11 09:16:18.713,2,18,30,19.4,38,650,682,684.296,688.0,2.296,0.6406,3.6564,0.1752,정상,0,0,0,
WeldingTest_02_OK,57,2022-02-11 09:16:39.087,2,19,250,241.1,83,1670,1692,1698.288,1708.0,6.288,0.6238,3.6564,0.1706,정상,0,0,0,
WeldingTest_02_OK,58,2022-02-11 09:16:41.717,2,20,250,241.2,82,1154,1674,1676.385,1692.0,2.385,0.2368,3.6564,0.0648,정상,0,0,0,
WeldingTest_02_OK,59,2022-02-11 09:16:45.147,2,21,250,241.1,83,1670,1697,1709.868,1714.0,12.868,1.5457,3.6564,0.4227,정상,0,0,0,
WeldingTest_02_OK,60,2022-02-11 09:16:47.923,2,22,250,241.2,82,1154,1677,1677.527,1694.0,0.527,0.0404,3.6564,0.0111,정상,0,0,0,
WeldingTest_02_OK,61,2022-02-11 09:16:51.353,2,23,250,241.1,83,1670,1699,1706.634,1717.0,7.634,0.906,3.6564,0.2478,정상,0,0,0,
WeldingTest_02_OK,62,2022-02-11 09:16:54.049,2,24,250,241.2,82,1154,1678,1672.624,1695.0,5.376,0.6155,3.6564,0.1683,정상,0,0,0,
WeldingTest_02_OK,63,2022-02-11 09:17:00.513,2,25,250,241.1,83,1670,1697,1707.224,1714.0,10.224,1.2244,3.6564,0.3349,정상,0,0,0,
WeldingTest_02_OK,64,2022-02-11 09:17:03.107,2,26,250,241.2,82,1154,1678,1673.322,1695.0,4.678,0.5526,3.6564,0.1511,정상,0,0,0,
WeldingTest_02_OK,65,2022-02-11 09:17:06.557,2,27,250,241.1,83,1670,1700,1707.711,1718.0,7.711,0.9208,3.6564,0.2518,정상,0,0,0,
WeldingTest_02_OK,66,2022-02-11 09:17:09.229,2,28,250,241.2,82,1154,1679,1672.897,1697.0,6.103,0.7277,3.6564,0.199,정상,0,0,0,
WeldingTest_02_OK,67,2022-02-11 09:17:12.679,2,29,250,241.1,83,1670,1702,1708.276,1719.0,6.276,0.7048,3.6564,0.1928,정상,0,0,0,
WeldingTest_02_OK,68,2022-02-11 09:17:15.305,2,30,250,241.2,82,1154,1680,1674.312,1698.0,5.688,0.6926,3.6564,0.1894,정상,0,0,0,
WeldingTest_02_OK,69,2022-02-11 09:17:19.557,2,31,30,19.4,38,650,682,692.454,690.0,10.454,3.0443,3.6564,0.8326,관찰,0,0,0,
WeldingTest_02_OK,70,2022-02-11 09:17:21.055,2,32,30,19.4,38,650,682,675.002,688.0,6.998,1.8473,3.6564,0.5052,정상,0,0,0,
WeldingTest_02_OK,71,2022-02-11 09:17:24.157,2,33,30,19.4,38,650,682,684.835,690.0,2.835,0.6061,3.6564,0.1658,정상,0,0,0,
WeldingTest_02_OK,72,2022-02-11 09:17:25.929,2,34,30,19.4,38,650,682,679.99,690.0,2.01,0.4298,3.6564,0.1176,정상,0,0,0,
WeldingTest_02_OK,73,2022-02-11 09:17:29.351,2,35,30,19.4,38,650,682,689.3,690.0,7.3,2.0508,3.6564,0.5609,정상,0,0,0,
WeldingTest_02_OK,74,2022-02-11 09:17:31.087,2,36,30,19.4,38,650,682,682.914,690.0,0.914,0.2017,3.6564,0.0552,정상,0,0,0,
WeldingTest_02_OK,75,2022-02-11 09:17:32.831,2,37,30,19.4,38,650,682,685.091,688.0,3.091,0.864,3.6564,0.2363,정상,0,0,0,
WeldingTest_02_OK,76,2022-02-11 09:17:35.891,2,38,30,19.4,38,650,682,681.786,690.0,0.214,0.0422,3.6564,0.0115,정상,0,0,0,
WeldingTest_02_OK,77,2022-02-11 09:17:37.415,2,39,30,19.4,38,650,682,682.97,688.0,0.97,0.1937,3.6564,0.053,정상,0,0,0,
WeldingTest_02_OK,78,2022-02-11 09:18:24.326,3,1,250,241.1,82,1154,1666,1684.076,1682.0,18.076,1.6687,3.6564,0.4564,정상,0,0,0,
WeldingTest_02_OK,79,2022-02-11 09:18:27.632,3,2,250,241.2,83,1670,1692,1701.969,1707.0,9.969,1.2164,3.6564,0.3327,정상,0,0,0,
WeldingTest_02_OK,80,2022-02-11 09:18:30.490,3,3,250,241.1,82,1153,1673,1683.271,1689.0,10.271,1.2567,3.6564,0.3437,정상,0,0,0,
WeldingTest_02_OK,81,2022-02-11 09:18:33.734,3,4,250,241.2,83,1670,1697,1703.032,1712.0,6.032,0.6936,3.6564,0.1897,정상,0,0,0,
WeldingTest_02_OK,82,2022-02-11 09:18:36.478,3,5,250,241.1,82,1154,1675,1674.731,1692.0,0.269,0.0362,3.6564,0.0099,정상,0,0,0,
WeldingTest_02_OK,83,2022-02-11 09:18:39.760,3,6,250,241.2,83,1670,1698,1703.129,1714.0,5.129,0.6067,3.6564,0.1659,정상,0,0,0,
WeldingTest_02_OK,84,2022-02-11 09:18:45.510,3,7,250,241.1,82,1153,1673,1676.898,1690.0,3.898,0.4513,3.6564,0.1234,정상,0,0,0,
WeldingTest_02_OK,85,2022-02-11 09:18:48.766,3,8,250,241.2,83,1670,1698,1704.956,1714.0,6.956,0.81,3.6564,0.2215,정상,0,0,0,
WeldingTest_02_OK,86,2022-02-11 09:18:51.550,3,9,250,241.1,82,1154,1677,1677.484,1694.0,0.484,0.0064,3.6564,0.0018,정상,0,0,0,
WeldingTest_02_OK,87,2022-02-11 09:18:54.810,3,10,250,241.2,83,1670,1700,1704.872,1717.0,4.872,0.5631,3.6564,0.154,정상,0,0,0,
WeldingTest_02_OK,88,2022-02-11 09:18:57.560,3,11,250,241.1,82,1154,1679,1673.133,1695.0,5.867,0.7144,3.6564,0.1954,정상,0,0,0,
WeldingTest_02_OK,89,2022-02-11 09:19:00.858,3,12,250,241.2,83,1670,1702,1706.328,1718.0,4.328,0.512,3.6564,0.14,정상,0,0,0,
WeldingTest_02_OK,90,2022-02-11 09:19:05.332,3,13,30,19.4,38,650,682,689.702,690.0,7.702,2.1564,3.6564,0.5898,정상,0,0,0,
WeldingTest_02_OK,91,2022-02-11 09:19:07.098,3,14,30,19.4,38,650,682,677.723,688.0,4.277,1.1227,3.6564,0.307,정상,0,0,0,
WeldingTest_02_OK,92,2022-02-11 09:19:10.016,3,15,30,19.4,38,650,682,682.029,688.0,0.029,0.0988,3.6564,0.027,정상,0,0,0,
WeldingTest_02_OK,93,2022-02-11 09:19:13.320,3,16,30,19.4,38,650,682,679.478,688.0,2.522,0.7055,3.6564,0.193,정상,0,0,0,
WeldingTest_02_OK,94,2022-02-11 09:19:15.002,3,17,30,19.4,38,650,682,685.97,688.0,3.97,1.1215,3.6564,0.3067,정상,0,0,0,
WeldingTest_02_OK,95,2022-02-11 09:19:16.700,3,18,30,19.4,38,650,682,684.495,688.0,2.495,0.6979,3.6564,0.1909,정상,0,0,0,
WeldingTest_02_OK,96,2022-02-11 09:19:37.122,3,19,250,241.1,83,1670,1692,1699.578,1708.0,7.578,0.7721,3.6564,0.2112,정상,0,0,0,
WeldingTest_02_OK,97,2022-02-11 09:19:39.712,3,20,250,241.2,82,1154,1674,1676.169,1692.0,2.169,0.2092,3.6564,0.0572,정상,0,0,0,
WeldingTest_02_OK,98,2022-02-11 09:19:43.158,3,21,250,241.1,83,1670,1697,1709.868,1714.0,12.868,1.5457,3.6564,0.4227,정상,0,0,0,
WeldingTest_02_OK,99,2022-02-11 09:19:45.802,3,22,250,241.2,82,1154,1677,1673.077,1694.0,3.923,0.475,3.6564,0.1299,정상,0,0,0,
WeldingTest_02_OK,100,2022-02-11 09:19:49.224,3,23,250,241.1,83,1670,1699,1706.634,1717.0,7.634,0.906,3.6564,0.2478,정상,0,0,0,
WeldingTest_02_OK,101,2022-02-11 09:19:51.810,3,24,250,241.2,82,1154,1679,1672.565,1695.0,6.435,0.7516,3.6564,0.2055,정상,0,0,0,
WeldingTest_02_OK,102,2022-02-11 09:19:58.192,3,25,250,241.1,83,1670,1698,1707.784,1714.0,9.784,1.1699,3.6564,0.32,정상,0,0,0,
WeldingTest_02_OK,103,2022-02-11 09:20:00.836,3,26,250,241.2,82,1154,1678,1673.455,1695.0,4.545,0.5356,3.6564,0.1465,정상,0,0,0,
WeldingTest_02_OK,104,2022-02-11 09:20:04.238,3,27,250,241.1,83,1670,1700,1707.719,1718.0,7.719,0.9218,3.6564,0.2521,정상,0,0,0,
WeldingTest_02_OK,105,2022-02-11 09:20:06.792,3,28,250,241.2,82,1154,1680,1672.897,1697.0,7.103,0.8561,3.6564,0.2341,정상,0,0,0,
WeldingTest_02_OK,106,2022-02-11 09:20:10.290,3,29,250,241.1,83,1670,1702,1709.306,1719.0,7.306,0.8327,3.6564,0.2277,정상,0,0,0,
WeldingTest_02_OK,107,2022-02-11 09:20:12.932,3,30,250,241.2,82,1154,1682,1674.447,1698.0,7.553,0.9321,3.6564,0.2549,정상,0,0,0,
WeldingTest_02_OK,108,2022-02-11 09:20:17.246,3,31,30,19.4,38,650,683,692.454,690.0,9.454,2.7452,3.6564,0.7508,정상,0,0,0,
WeldingTest_02_OK,109,2022-02-11 09:20:18.792,3,32,30,19.4,38,650,682,675.0,688.0,7.0,1.8479,3.6564,0.5054,정상,0,0,0,
WeldingTest_02_OK,110,2022-02-11 09:20:21.880,3,33,30,19.4,38,650,682,684.814,690.0,2.814,0.6,3.6564,0.1641,정상,0,0,0,
WeldingTest_02_OK,111,2022-02-11 09:20:23.610,3,34,30,19.4,38,650,682,683.531,690.0,1.531,0.2907,3.6564,0.0795,정상,0,0,0,
WeldingTest_02_OK,112,2022-02-11 09:20:27.084,3,35,30,19.4,38,650,682,682.255,690.0,0.255,0.0118,3.6564,0.0032,정상,0,0,0,
WeldingTest_02_OK,113,2022-02-11 09:20:28.826,3,36,30,19.4,38,650,682,683.854,690.0,1.854,0.4745,3.6564,0.1298,정상,0,0,0,
WeldingTest_02_OK,114,2022-02-11 09:20:30.488,3,37,30,19.4,38,650,682,684.679,688.0,2.679,0.7452,3.6564,0.2038,정상,0,0,0,
WeldingTest_02_OK,115,2022-02-11 09:20:33.476,3,38,30,19.4,38,650,682,685.553,690.0,3.553,0.9246,3.6564,0.2529,정상,0,0,0,
WeldingTest_02_OK,116,2022-02-11 09:20:34.988,3,39,30,19.4,38,650,682,682.97,688.0,0.97,0.1937,3.6564,0.053,정상,0,0,0,
WeldingTest_02_OK,117,2022-02-11 09:37:11.418,4,1,250,241.1,82,1154,1660,1682.847,1682.0,22.847,2.2282,3.6564,0.6094,정상,0,0,0,
WeldingTest_02_OK,118,2022-02-11 09:37:14.592,4,2,250,241.2,83,1670,1685,1702.229,1707.0,17.229,2.12,3.6564,0.5798,정상,0,0,0,
WeldingTest_02_OK,119,2022-02-11 09:37:17.372,4,3,250,241.1,82,1153,1667,1682.473,1689.0,15.473,1.9212,3.6564,0.5254,정상,0,0,0,
WeldingTest_02_OK,120,2022-02-11 09:37:20.646,4,4,250,241.2,83,1670,1690,1702.798,1712.0,12.798,1.5345,3.6564,0.4197,정상,0,0,0,
WeldingTest_02_OK,121,2022-02-11 09:37:23.510,4,5,250,241.1,82,1154,1670,1679.55,1692.0,9.55,1.1529,3.6564,0.3153,정상,0,0,0,
WeldingTest_02_OK,122,2022-02-11 09:37:26.782,4,6,250,241.2,83,1670,1694,1703.129,1714.0,9.129,1.1037,3.6564,0.3019,정상,0,0,0,
WeldingTest_02_OK,123,2022-02-11 09:37:32.528,4,7,250,241.1,82,1153,1669,1676.898,1690.0,7.898,0.9621,3.6564,0.2631,정상,0,0,0,
WeldingTest_02_OK,124,2022-02-11 09:37:35.734,4,8,250,241.2,83,1670,1694,1704.99,1714.0,10.99,1.3092,3.6564,0.3581,정상,0,0,0,
WeldingTest_02_OK,125,2022-02-11 09:37:38.508,4,9,250,241.1,82,1154,1673,1677.457,1694.0,4.457,0.5138,3.6564,0.1405,정상,0,0,0,
WeldingTest_02_OK,126,2022-02-11 09:37:41.732,4,10,250,241.2,83,1670,1697,1704.885,1717.0,7.885,0.9358,3.6564,0.2559,정상,0,0,0,
WeldingTest_02_OK,127,2022-02-11 09:37:44.456,4,11,250,241.1,82,1154,1675,1673.131,1695.0,1.869,0.202,3.6564,0.0552,정상,0,0,0,
WeldingTest_02_OK,128,2022-02-11 09:37:47.738,4,12,250,241.2,83,1670,1698,1704.61,1718.0,6.61,0.7946,3.6564,0.2173,정상,0,0,0,
WeldingTest_02_OK,129,2022-02-11 09:37:52.316,4,13,30,19.4,38,650,682,689.535,690.0,7.535,2.1067,3.6564,0.5762,정상,0,0,0,
WeldingTest_02_OK,130,2022-02-11 09:37:54.012,4,14,30,19.4,38,650,680,677.797,688.0,2.203,0.5181,3.6564,0.1417,정상,0,0,0,
WeldingTest_02_OK,131,2022-02-11 09:37:56.928,4,15,30,19.4,38,650,682,682.029,688.0,0.029,0.0988,3.6564,0.027,정상,0,0,0,
WeldingTest_02_OK,132,2022-02-11 09:38:00.316,4,16,30,19.4,38,650,680,679.478,688.0,0.522,0.1241,3.6564,0.0339,정상,0,0,0,
WeldingTest_02_OK,133,2022-02-11 09:38:01.996,4,17,30,19.4,38,650,680,684.655,688.0,4.655,1.3188,3.6564,0.3607,정상,0,0,0,
WeldingTest_02_OK,134,2022-02-11 09:38:03.674,4,18,30,19.4,38,650,680,682.062,688.0,2.062,0.5729,3.6564,0.1567,정상,0,0,0,
WeldingTest_02_OK,135,2022-02-11 09:38:24.496,4,19,250,241.1,83,1670,1689,1697.964,1708.0,8.964,0.9316,3.6564,0.2548,정상,0,0,0,
WeldingTest_02_OK,136,2022-02-11 09:38:27.112,4,20,250,241.2,82,1154,1671,1676.194,1692.0,5.194,0.5955,3.6564,0.1629,정상,0,0,0,
WeldingTest_02_OK,137,2022-02-11 09:38:30.572,4,21,250,241.1,83,1670,1695,1710.076,1714.0,15.076,1.8179,3.6564,0.4972,정상,0,0,0,
WeldingTest_02_OK,138,2022-02-11 09:38:33.214,4,22,250,241.2,82,1154,1674,1673.077,1694.0,0.923,0.0911,3.6564,0.0249,정상,0,0,0,
WeldingTest_02_OK,139,2022-02-11 09:38:36.628,4,23,250,241.1,83,1670,1697,1706.634,1717.0,9.634,1.1541,3.6564,0.3156,정상,0,0,0,
WeldingTest_02_OK,140,2022-02-11 09:38:39.362,4,24,250,241.2,82,1154,1677,1672.59,1695.0,4.41,0.4914,3.6564,0.1344,정상,0,0,0,
WeldingTest_02_OK,141,2022-02-11 09:38:45.778,4,25,250,241.1,83,1670,1695,1706.493,1714.0,11.493,1.3819,3.6564,0.3779,정상,0,0,0,
WeldingTest_02_OK,142,2022-02-11 09:38:48.392,4,26,250,241.2,82,1154,1677,1673.322,1695.0,3.678,0.4242,3.6564,0.116,정상,0,0,0,
WeldingTest_02_OK,143,2022-02-11 09:38:51.852,4,27,250,241.1,83,1670,1699,1707.185,1718.0,8.185,0.9796,3.6564,0.2679,정상,0,0,0,
WeldingTest_02_OK,144,2022-02-11 09:38:54.514,4,28,250,241.2,82,1154,1678,1672.887,1697.0,5.113,0.6006,3.6564,0.1643,정상,0,0,0,
WeldingTest_02_OK,145,2022-02-11 09:38:57.988,4,29,250,241.1,83,1670,1700,1707.884,1719.0,7.884,0.9044,3.6564,0.2474,정상,0,0,0,
WeldingTest_02_OK,146,2022-02-11 09:39:00.636,4,30,250,241.2,82,1154,1679,1672.876,1698.0,6.124,0.7486,3.6564,0.2047,정상,0,0,0,
WeldingTest_02_OK,147,2022-02-11 09:39:05.055,4,31,30,19.4,38,650,682,692.501,690.0,10.501,3.0583,3.6564,0.8364,관찰,0,0,0,
WeldingTest_02_OK,148,2022-02-11 09:39:06.577,4,32,30,19.4,38,650,682,674.916,688.0,7.084,1.8726,3.6564,0.5121,정상,0,0,0,
WeldingTest_02_OK,149,2022-02-11 09:39:09.663,4,33,30,19.4,38,650,682,684.814,690.0,2.814,0.6,3.6564,0.1641,정상,0,0,0,
WeldingTest_02_OK,150,2022-02-11 09:39:11.425,4,34,30,19.4,38,650,682,679.64,690.0,2.36,0.5312,3.6564,0.1453,정상,0,0,0,
WeldingTest_02_OK,151,2022-02-11 09:39:14.951,4,35,30,19.4,38,650,682,681.94,690.0,0.06,0.0448,3.6564,0.0123,정상,0,0,0,
WeldingTest_02_OK,152,2022-02-11 09:39:16.667,4,36,30,19.4,38,650,682,684.471,690.0,2.471,0.6534,3.6564,0.1787,정상,0,0,0,
WeldingTest_02_OK,153,2022-02-11 09:39:18.379,4,37,30,19.4,38,650,682,685.419,688.0,3.419,0.9588,3.6564,0.2622,정상,0,0,0,
WeldingTest_02_OK,154,2022-02-11 09:39:21.397,4,38,30,19.4,38,650,682,685.204,690.0,3.204,0.8237,3.6564,0.2253,정상,0,0,0,
WeldingTest_02_OK,155,2022-02-11 09:39:22.865,4,39,30,19.4,38,650,682,683.255,688.0,1.255,0.276,3.6564,0.0755,정상,0,0,0,
WeldingTest_02_OK,156,2022-02-11 09:41:50.579,5,1,250,241.1,82,1154,1662,1682.847,1682.0,20.847,1.9937,3.6564,0.5453,정상,0,0,0,
WeldingTest_02_OK,157,2022-02-11 09:41:53.847,5,2,250,241.2,83,1670,1688,1702.193,1707.0,14.193,1.7421,3.6564,0.4765,정상,0,0,0,
WeldingTest_02_OK,158,2022-02-11 09:41:56.651,5,3,250,241.1,82,1153,1669,1682.469,1689.0,13.469,1.6652,3.6564,0.4554,정상,0,0,0,
WeldingTest_02_OK,159,2022-02-11 09:41:59.961,5,4,250,241.2,83,1670,1692,1702.798,1712.0,10.798,1.2859,3.6564,0.3517,정상,0,0,0,
WeldingTest_02_OK,160,2022-02-11 09:42:02.763,5,5,250,241.1,82,1154,1671,1678.87,1692.0,7.87,0.9376,3.6564,0.2564,정상,0,0,0,
WeldingTest_02_OK,161,2022-02-11 09:42:05.997,5,6,250,241.2,83,1670,1695,1703.364,1714.0,8.364,1.0086,3.6564,0.2759,정상,0,0,0,
WeldingTest_02_OK,162,2022-02-11 09:42:11.731,5,7,250,241.1,82,1153,1670,1676.898,1690.0,6.898,0.8344,3.6564,0.2282,정상,0,0,0,
WeldingTest_02_OK,163,2022-02-11 09:42:14.965,5,8,250,241.2,83,1670,1695,1704.961,1714.0,9.961,1.1819,3.6564,0.3232,정상,0,0,0,
WeldingTest_02_OK,164,2022-02-11 09:42:17.737,5,9,250,241.1,82,1154,1674,1677.458,1694.0,3.458,0.3863,3.6564,0.1057,정상,0,0,0,
WeldingTest_02_OK,165,2022-02-11 09:42:20.999,5,10,250,241.2,83,1670,1698,1704.872,1717.0,6.872,0.8105,3.6564,0.2217,정상,0,0,0,
WeldingTest_02_OK,166,2022-02-11 09:42:23.775,5,11,250,241.1,82,1154,1677,1677.133,1695.0,0.133,0.0205,3.6564,0.0056,정상,0,0,0,
WeldingTest_02_OK,167,2022-02-11 09:42:27.051,5,12,250,241.2,83,1670,1699,1704.61,1718.0,5.61,0.6707,3.6564,0.1834,정상,0,0,0,
WeldingTest_02_OK,168,2022-02-11 09:42:31.479,5,13,30,19.4,38,650,682,689.68,690.0,7.68,2.1498,3.6564,0.588,정상,0,0,0,
WeldingTest_02_OK,169,2022-02-11 09:42:33.203,5,14,30,19.4,38,650,682,677.958,688.0,4.042,1.0542,3.6564,0.2883,정상,0,0,0,
WeldingTest_02_OK,170,2022-02-11 09:42:36.119,5,15,30,19.4,38,650,682,682.029,688.0,0.029,0.0988,3.6564,0.027,정상,0,0,0,
WeldingTest_02_OK,171,2022-02-11 09:42:39.431,5,16,30,19.4,38,650,682,679.478,688.0,2.522,0.7055,3.6564,0.193,정상,0,0,0,
WeldingTest_02_OK,172,2022-02-11 09:42:41.195,5,17,30,19.4,38,650,682,682.349,688.0,0.349,0.0775,3.6564,0.0212,정상,0,0,0,
WeldingTest_02_OK,173,2022-02-11 09:42:42.871,5,18,30,19.4,38,650,682,682.062,688.0,0.062,0.0044,3.6564,0.0012,정상,0,0,0,
WeldingTest_02_OK,174,2022-02-11 09:43:03.417,5,19,250,241.1,83,1670,1689,1699.008,1708.0,10.008,1.0517,3.6564,0.2876,정상,0,0,0,
WeldingTest_02_OK,175,2022-02-11 09:43:06.025,5,20,250,241.2,82,1154,1673,1676.194,1692.0,3.194,0.3401,3.6564,0.093,정상,0,0,0,
WeldingTest_02_OK,176,2022-02-11 09:43:09.497,5,21,250,241.1,83,1670,1695,1710.076,1714.0,15.076,1.8179,3.6564,0.4972,정상,0,0,0,
WeldingTest_02_OK,177,2022-02-11 09:43:12.143,5,22,250,241.2,82,1154,1675,1673.035,1694.0,1.965,0.2244,3.6564,0.0614,정상,0,0,0,
WeldingTest_02_OK,178,2022-02-11 09:43:15.599,5,23,250,241.1,83,1670,1698,1706.843,1717.0,8.843,1.0559,3.6564,0.2888,정상,0,0,0,
WeldingTest_02_OK,179,2022-02-11 09:43:18.171,5,24,250,241.2,82,1154,1678,1672.641,1695.0,5.359,0.6134,3.6564,0.1678,정상,0,0,0,
WeldingTest_02_OK,180,2022-02-11 09:43:24.635,5,25,250,241.1,83,1670,1695,1707.224,1714.0,12.224,1.4726,3.6564,0.4027,정상,0,0,0,
WeldingTest_02_OK,181,2022-02-11 09:43:27.209,5,26,250,241.2,82,1154,1677,1673.351,1695.0,3.649,0.4205,3.6564,0.115,정상,0,0,0,
WeldingTest_02_OK,182,2022-02-11 09:43:30.647,5,27,250,241.1,83,1670,1699,1706.998,1718.0,7.998,0.9564,3.6564,0.2616,정상,0,0,0,
WeldingTest_02_OK,183,2022-02-11 09:43:33.297,5,28,250,241.2,82,1154,1679,1672.887,1697.0,6.113,0.729,3.6564,0.1994,정상,0,0,0,
WeldingTest_02_OK,184,2022-02-11 09:43:36.747,5,29,250,241.1,83,1670,1700,1708.276,1719.0,8.276,0.9531,3.6564,0.2607,정상,0,0,0,
WeldingTest_02_OK,185,2022-02-11 09:43:39.427,5,30,250,241.2,82,1154,1679,1672.868,1698.0,6.132,0.7496,3.6564,0.205,정상,0,0,0,
WeldingTest_02_OK,186,2022-02-11 09:43:43.753,5,31,30,19.4,38,650,682,692.454,690.0,10.454,3.0443,3.6564,0.8326,관찰,0,0,0,
WeldingTest_02_OK,187,2022-02-11 09:43:45.267,5,32,30,19.4,38,650,682,674.916,688.0,7.084,1.8726,3.6564,0.5121,정상,0,0,0,
WeldingTest_02_OK,188,2022-02-11 09:43:48.347,5,33,30,19.4,38,650,682,682.478,690.0,0.478,0.0757,3.6564,0.0207,정상,0,0,0,
WeldingTest_02_OK,189,2022-02-11 09:43:50.127,5,34,30,19.4,38,650,682,680.027,690.0,1.973,0.419,3.6564,0.1146,정상,0,0,0,
WeldingTest_02_OK,190,2022-02-11 09:43:53.653,5,35,30,19.4,38,650,682,681.94,690.0,0.06,0.0448,3.6564,0.0123,정상,0,0,0,
WeldingTest_02_OK,191,2022-02-11 09:43:55.375,5,36,30,19.4,38,650,682,684.484,690.0,2.484,0.6573,3.6564,0.1798,정상,0,0,0,
WeldingTest_02_OK,192,2022-02-11 09:43:57.095,5,37,30,19.4,38,650,682,685.472,688.0,3.472,0.9738,3.6564,0.2663,정상,0,0,0,
WeldingTest_02_OK,193,2022-02-11 09:44:00.073,5,38,30,19.4,38,650,682,685.553,690.0,3.553,0.9246,3.6564,0.2529,정상,0,0,0,
WeldingTest_02_OK,194,2022-02-11 09:44:01.553,5,39,30,19.4,38,650,682,683.255,688.0,1.255,0.276,3.6564,0.0755,정상,0,0,0,
WeldingTest_02_OK,195,2022-02-11 09:44:48.333,6,1,250,241.1,82,1154,1666,1684.076,1682.0,18.076,1.6687,3.6564,0.4564,정상,0,0,0,
WeldingTest_02_OK,196,2022-02-11 09:44:51.731,6,2,250,241.2,83,1670,1692,1701.931,1707.0,9.931,1.2117,3.6564,0.3314,정상,0,0,0,
WeldingTest_02_OK,197,2022-02-11 09:44:54.473,6,3,250,241.1,82,1153,1673,1679.37,1689.0,6.37,0.7583,3.6564,0.2074,정상,0,0,0,
WeldingTest_02_OK,198,2022-02-11 09:44:57.727,6,4,250,241.2,83,1670,1695,1703.032,1712.0,8.032,0.9422,3.6564,0.2577,정상,0,0,0,
WeldingTest_02_OK,199,2022-02-11 09:45:00.597,6,5,250,241.1,82,1154,1675,1679.47,1692.0,4.47,0.502,3.6564,0.1373,정상,0,0,0,
WeldingTest_02_OK,200,2022-02-11 09:45:03.801,6,6,250,241.2,83,1670,1698,1703.396,1714.0,5.396,0.6399,3.6564,0.175,정상,0,0,0,
WeldingTest_02_OK,201,2022-02-11 09:45:09.523,6,7,250,241.1,82,1153,1673,1676.898,1690.0,3.898,0.4513,3.6564,0.1234,정상,0,0,0,
WeldingTest_02_OK,202,2022-02-11 09:45:12.725,6,8,250,241.2,83,1670,1698,1704.99,1714.0,6.99,0.8141,3.6564,0.2226,정상,0,0,0,
WeldingTest_02_OK,203,2022-02-11 09:45:15.455,6,9,250,241.1,82,1154,1677,1673.75,1694.0,3.25,0.3596,3.6564,0.0984,정상,0,0,0,
WeldingTest_02_OK,204,2022-02-11 09:45:18.845,6,10,250,241.2,83,1670,1699,1704.576,1717.0,5.576,0.6502,3.6564,0.1778,정상,0,0,0,
WeldingTest_02_OK,205,2022-02-11 09:45:21.685,6,11,250,241.1,82,1154,1679,1677.828,1695.0,1.172,0.1127,3.6564,0.0308,정상,0,0,0,
WeldingTest_02_OK,206,2022-02-11 09:45:24.957,6,12,250,241.2,83,1670,1702,1706.346,1718.0,4.346,0.5142,3.6564,0.1406,정상,0,0,0,
WeldingTest_02_OK,207,2022-02-11 09:45:29.399,6,13,30,19.4,38,650,682,689.702,690.0,7.702,2.1564,3.6564,0.5898,정상,0,0,0,
WeldingTest_02_OK,208,2022-02-11 09:45:31.083,6,14,30,19.4,38,650,682,676.309,688.0,5.691,1.5347,3.6564,0.4197,정상,0,0,0,
WeldingTest_02_OK,209,2022-02-11 09:45:34.035,6,15,30,19.4,38,650,682,683.101,688.0,1.101,0.2118,3.6564,0.0579,정상,0,0,0,
WeldingTest_02_OK,210,2022-02-11 09:45:37.411,6,16,30,19.4,38,650,682,679.478,688.0,2.522,0.7055,3.6564,0.193,정상,0,0,0,
WeldingTest_02_OK,211,2022-02-11 09:45:39.077,6,17,30,19.4,38,650,682,685.38,688.0,3.38,0.9513,3.6564,0.2602,정상,0,0,0,
WeldingTest_02_OK,212,2022-02-11 09:45:40.779,6,18,30,19.4,38,650,682,684.495,688.0,2.495,0.6979,3.6564,0.1909,정상,0,0,0,
WeldingTest_02_OK,213,2022-02-11 09:46:01.403,6,19,250,241.1,83,1670,1692,1697.964,1708.0,5.964,0.5865,3.6564,0.1604,정상,0,0,0,
WeldingTest_02_OK,214,2022-02-11 09:46:04.027,6,20,250,241.2,82,1154,1674,1676.385,1692.0,2.385,0.2368,3.6564,0.0648,정상,0,0,0,
WeldingTest_02_OK,215,2022-02-11 09:46:07.536,6,21,250,241.1,83,1670,1697,1710.078,1714.0,13.078,1.5716,3.6564,0.4298,정상,0,0,0,
WeldingTest_02_OK,216,2022-02-11 09:46:10.208,6,22,250,241.2,82,1154,1677,1673.017,1694.0,3.983,0.4826,3.6564,0.132,정상,0,0,0,
WeldingTest_02_OK,217,2022-02-11 09:46:13.648,6,23,250,241.1,83,1670,1699,1706.634,1717.0,7.634,0.906,3.6564,0.2478,정상,0,0,0,
WeldingTest_02_OK,218,2022-02-11 09:46:16.458,6,24,250,241.2,82,1154,1679,1677.608,1695.0,1.392,0.1039,3.6564,0.0284,정상,0,0,0,
WeldingTest_02_OK,219,2022-02-11 09:46:22.906,6,25,250,241.1,83,1670,1697,1707.821,1714.0,10.821,1.2985,3.6564,0.3551,정상,0,0,0,
WeldingTest_02_OK,220,2022-02-11 09:46:25.522,6,26,250,241.2,82,1154,1678,1673.322,1695.0,4.678,0.5526,3.6564,0.1511,정상,0,0,0,
WeldingTest_02_OK,221,2022-02-11 09:46:28.974,6,27,250,241.1,83,1670,1700,1707.722,1718.0,7.722,0.9221,3.6564,0.2522,정상,0,0,0,
WeldingTest_02_OK,222,2022-02-11 09:46:31.622,6,28,250,241.2,82,1154,1679,1672.898,1697.0,6.102,0.7275,3.6564,0.199,정상,0,0,0,
WeldingTest_02_OK,223,2022-02-11 09:46:35.068,6,29,250,241.1,83,1670,1702,1708.293,1719.0,6.293,0.707,3.6564,0.1934,정상,0,0,0,
WeldingTest_02_OK,224,2022-02-11 09:46:37.772,6,30,250,241.2,82,1154,1680,1674.398,1698.0,5.602,0.6816,3.6564,0.1864,정상,0,0,0,
WeldingTest_02_OK,225,2022-02-11 09:46:42.178,6,31,30,19.4,38,650,682,692.501,690.0,10.501,3.0583,3.6564,0.8364,관찰,0,0,0,
WeldingTest_02_OK,226,2022-02-11 09:46:43.676,6,32,30,19.4,38,650,682,675.002,688.0,6.998,1.8473,3.6564,0.5052,정상,0,0,0,
WeldingTest_02_OK,227,2022-02-11 09:46:46.742,6,33,30,19.4,38,650,682,682.887,690.0,0.887,0.0426,3.6564,0.0117,정상,0,0,0,
WeldingTest_02_OK,228,2022-02-11 09:46:48.516,6,34,30,19.4,38,650,682,679.99,690.0,2.01,0.4298,3.6564,0.1176,정상,0,0,0,
WeldingTest_02_OK,229,2022-02-11 09:46:51.972,6,35,30,19.4,38,650,682,682.288,690.0,0.288,0.0212,3.6564,0.0058,정상,0,0,0,
WeldingTest_02_OK,230,2022-02-11 09:46:53.682,6,36,30,19.4,38,650,682,684.387,690.0,2.387,0.6291,3.6564,0.1721,정상,0,0,0,
WeldingTest_02_OK,231,2022-02-11 09:46:55.412,6,37,30,19.4,38,650,682,685.44,688.0,3.44,0.9647,3.6564,0.2638,정상,0,0,0,
WeldingTest_02_OK,232,2022-02-11 09:46:58.378,6,38,30,19.4,38,650,682,685.529,690.0,3.529,0.9177,3.6564,0.251,정상,0,0,0,
WeldingTest_02_OK,233,2022-02-11 09:46:59.860,6,39,30,19.4,38,650,682,683.255,688.0,1.255,0.276,3.6564,0.0755,정상,0,0,0,
WeldingTest_02_OK,234,2022-02-11 09:47:59.886,7,1,250,241.1,82,1154,1665,1683.977,1682.0,18.977,1.7743,3.6564,0.4853,정상,0,0,0,
WeldingTest_02_OK,235,2022-02-11 09:48:03.192,7,2,250,241.2,83,1670,1690,1701.969,1707.0,11.969,1.4653,3.6564,0.4008,정상,0,0,0,
WeldingTest_02_OK,236,2022-02-11 09:48:05.998,7,3,250,241.1,82,1153,1671,1682.664,1689.0,11.664,1.4347,3.6564,0.3924,정상,0,0,0,
WeldingTest_02_OK,237,2022-02-11 09:48:09.222,7,4,250,241.2,83,1670,1695,1703.051,1712.0,8.051,0.9446,3.6564,0.2583,정상,0,0,0,
WeldingTest_02_OK,238,2022-02-11 09:48:12.080,7,5,250,241.1,82,1154,1674,1679.47,1692.0,5.47,0.6301,3.6564,0.1723,정상,0,0,0,
WeldingTest_02_OK,239,2022-02-11 09:48:15.394,7,6,250,241.2,83,1670,1698,1703.097,1714.0,5.097,0.6027,3.6564,0.1648,정상,0,0,0,
WeldingTest_02_OK,240,2022-02-11 09:48:21.140,7,7,250,241.1,82,1153,1673,1676.898,1690.0,3.898,0.4513,3.6564,0.1234,정상,0,0,0,
WeldingTest_02_OK,241,2022-02-11 09:48:24.402,7,8,250,241.2,83,1670,1698,1704.954,1714.0,6.954,0.8097,3.6564,0.2214,정상,0,0,0,
WeldingTest_02_OK,242,2022-02-11 09:48:27.168,7,9,250,241.1,82,1154,1677,1677.484,1694.0,0.484,0.0064,3.6564,0.0018,정상,0,0,0,
WeldingTest_02_OK,243,2022-02-11 09:48:30.384,7,10,250,241.2,83,1670,1700,1704.904,1717.0,4.904,0.5671,3.6564,0.1551,정상,0,0,0,
WeldingTest_02_OK,244,2022-02-11 09:48:33.152,7,11,250,241.1,82,1154,1678,1677.155,1695.0,0.845,0.0708,3.6564,0.0194,정상,0,0,0,
WeldingTest_02_OK,245,2022-02-11 09:48:36.412,7,12,250,241.2,83,1670,1702,1705.707,1718.0,3.707,0.4351,3.6564,0.119,정상,0,0,0,
WeldingTest_02_OK,246,2022-02-11 09:48:40.878,7,13,30,19.4,38,650,682,689.702,690.0,7.702,2.1564,3.6564,0.5898,정상,0,0,0,
WeldingTest_02_OK,247,2022-02-11 09:48:42.606,7,14,30,19.4,38,650,682,677.958,688.0,4.042,1.0542,3.6564,0.2883,정상,0,0,0,
WeldingTest_02_OK,248,2022-02-11 09:48:45.530,7,15,30,19.4,38,650,682,681.044,688.0,0.956,0.1697,3.6564,0.0464,정상,0,0,0,
WeldingTest_02_OK,249,2022-02-11 09:48:48.932,7,16,30,19.4,38,650,682,679.478,688.0,2.522,0.7055,3.6564,0.193,정상,0,0,0,
WeldingTest_02_OK,250,2022-02-11 09:48:50.674,7,17,30,19.4,38,650,682,685.036,688.0,3.036,0.8521,3.6564,0.233,정상,0,0,0,
WeldingTest_02_OK,251,2022-02-11 09:48:52.404,7,18,30,19.4,38,650,682,684.045,688.0,2.045,0.5682,3.6564,0.1554,정상,0,0,0,
WeldingTest_02_OK,252,2022-02-11 09:49:12.976,7,19,250,241.1,83,1670,1692,1699.008,1708.0,7.008,0.7066,3.6564,0.1932,정상,0,0,0,
WeldingTest_02_OK,253,2022-02-11 09:49:15.602,7,20,250,241.2,82,1154,1674,1676.385,1692.0,2.385,0.2368,3.6564,0.0648,정상,0,0,0,
WeldingTest_02_OK,254,2022-02-11 09:49:19.042,7,21,250,241.1,83,1670,1697,1709.868,1714.0,12.868,1.5457,3.6564,0.4227,정상,0,0,0,
WeldingTest_02_OK,255,2022-02-11 09:49:21.698,7,22,250,241.2,82,1154,1677,1673.035,1694.0,3.965,0.4803,3.6564,0.1314,정상,0,0,0,
WeldingTest_02_OK,256,2022-02-11 09:49:25.126,7,23,250,241.1,83,1670,1699,1706.634,1717.0,7.634,0.906,3.6564,0.2478,정상,0,0,0,
WeldingTest_02_OK,257,2022-02-11 09:49:27.796,7,24,250,241.2,82,1154,1679,1672.636,1695.0,6.364,0.7424,3.6564,0.203,정상,0,0,0,
WeldingTest_02_OK,258,2022-02-11 09:49:34.222,7,25,250,241.1,83,1670,1697,1707.821,1714.0,10.821,1.2985,3.6564,0.3551,정상,0,0,0,
WeldingTest_02_OK,259,2022-02-11 09:49:36.800,7,26,250,241.2,82,1154,1678,1673.351,1695.0,4.649,0.5489,3.6564,0.1501,정상,0,0,0,
WeldingTest_02_OK,260,2022-02-11 09:49:40.228,7,27,250,241.1,83,1670,1700,1707.729,1718.0,7.729,0.923,3.6564,0.2524,정상,0,0,0,
WeldingTest_02_OK,261,2022-02-11 09:49:42.796,7,28,250,241.2,82,1154,1680,1672.897,1697.0,7.103,0.8561,3.6564,0.2341,정상,0,0,0,
WeldingTest_02_OK,262,2022-02-11 09:49:46.292,7,29,250,241.1,83,1670,1702,1709.306,1719.0,7.306,0.8327,3.6564,0.2277,정상,0,0,0,
WeldingTest_02_OK,263,2022-02-11 09:49:48.884,7,30,250,241.2,82,1154,1682,1674.322,1698.0,7.678,0.9482,3.6564,0.2593,정상,0,0,0,
WeldingTest_02_OK,264,2022-02-11 09:49:53.440,7,31,30,19.4,38,650,682,692.607,690.0,10.607,3.0899,3.6564,0.8451,관찰,0,0,0,
WeldingTest_02_OK,265,2022-02-11 09:49:54.960,7,32,30,19.4,38,650,682,674.916,688.0,7.084,1.8726,3.6564,0.5121,정상,0,0,0,
WeldingTest_02_OK,266,2022-02-11 09:49:58.034,7,33,30,19.4,38,650,682,682.478,690.0,0.478,0.0757,3.6564,0.0207,정상,0,0,0,
WeldingTest_02_OK,267,2022-02-11 09:49:59.816,7,34,30,19.4,38,650,682,680.027,690.0,1.973,0.419,3.6564,0.1146,정상,0,0,0,
WeldingTest_02_OK,268,2022-02-11 09:50:03.264,7,35,30,19.4,38,650,682,686.079,690.0,4.079,1.1185,3.6564,0.3059,정상,0,0,0,
WeldingTest_02_OK,269,2022-02-11 09:50:04.988,7,36,30,19.4,38,650,682,684.484,690.0,2.484,0.6573,3.6564,0.1798,정상,0,0,0,
WeldingTest_02_OK,270,2022-02-11 09:50:06.688,7,37,30,19.4,38,650,682,685.654,688.0,3.654,1.0265,3.6564,0.2807,정상,0,0,0,
WeldingTest_02_OK,271,2022-02-11 09:50:09.710,7,38,30,19.4,38,650,682,684.818,690.0,2.818,0.712,3.6564,0.1947,정상,0,0,0,
WeldingTest_02_OK,272,2022-02-11 09:50:11.250,7,39,30,19.4,38,650,682,683.106,688.0,1.106,0.233,3.6564,0.0637,정상,0,0,0,
WeldingTest_02_OK,273,2022-02-11 09:50:58.032,8,1,250,241.1,82,1154,1666,1684.076,1682.0,18.076,1.6687,3.6564,0.4564,정상,0,0,0,
WeldingTest_02_OK,274,2022-02-11 09:51:01.320,8,2,250,241.2,83,1670,1692,1701.969,1707.0,9.969,1.2164,3.6564,0.3327,정상,0,0,0,
WeldingTest_02_OK,275,2022-02-11 09:51:04.064,8,3,250,241.1,82,1153,1673,1679.37,1689.0,6.37,0.7583,3.6564,0.2074,정상,0,0,0,
WeldingTest_02_OK,276,2022-02-11 09:51:07.316,8,4,250,241.2,83,1670,1697,1703.032,1712.0,6.032,0.6936,3.6564,0.1897,정상,0,0,0,
WeldingTest_02_OK,277,2022-02-11 09:51:10.172,8,5,250,241.1,82,1154,1675,1679.47,1692.0,4.47,0.502,3.6564,0.1373,정상,0,0,0,
WeldingTest_02_OK,278,2022-02-11 09:51:13.422,8,6,250,241.2,83,1670,1699,1703.364,1714.0,4.364,0.5116,3.6564,0.1399,정상,0,0,0,
WeldingTest_02_OK,279,2022-02-11 09:51:19.334,8,7,250,241.1,82,1153,1673,1676.904,1690.0,3.904,0.4521,3.6564,0.1236,정상,0,0,0,
WeldingTest_02_OK,280,2022-02-11 09:51:22.612,8,8,250,241.2,83,1670,1698,1704.722,1714.0,6.722,0.7809,3.6564,0.2136,정상,0,0,0,
WeldingTest_02_OK,281,2022-02-11 09:51:25.382,8,9,250,241.1,82,1154,1677,1677.484,1694.0,0.484,0.0064,3.6564,0.0018,정상,0,0,0,
WeldingTest_02_OK,282,2022-02-11 09:51:28.606,8,10,250,241.2,83,1670,1700,1704.885,1717.0,4.885,0.5647,3.6564,0.1545,정상,0,0,0,
WeldingTest_02_OK,283,2022-02-11 09:51:31.354,8,11,250,241.1,82,1154,1679,1673.133,1695.0,5.867,0.7144,3.6564,0.1954,정상,0,0,0,
WeldingTest_02_OK,284,2022-02-11 09:51:34.708,8,12,250,241.2,83,1670,1702,1706.285,1718.0,4.285,0.5066,3.6564,0.1386,정상,0,0,0,
WeldingTest_02_OK,285,2022-02-11 09:51:39.268,8,13,30,19.4,38,650,682,689.737,690.0,7.737,2.1668,3.6564,0.5926,정상,0,0,0,
WeldingTest_02_OK,286,2022-02-11 09:51:40.998,8,14,30,19.4,38,650,682,677.958,688.0,4.042,1.0542,3.6564,0.2883,정상,0,0,0,
WeldingTest_02_OK,287,2022-02-11 09:51:43.906,8,15,30,19.4,38,650,682,682.594,688.0,0.594,0.0647,3.6564,0.0177,정상,0,0,0,
WeldingTest_02_OK,288,2022-02-11 09:51:47.258,8,16,30,19.4,38,650,682,679.478,688.0,2.522,0.7055,3.6564,0.193,정상,0,0,0,
WeldingTest_02_OK,289,2022-02-11 09:51:49.012,8,17,30,19.4,38,650,682,683.409,688.0,1.409,0.383,3.6564,0.1047,정상,0,0,0,
WeldingTest_02_OK,290,2022-02-11 09:51:50.718,8,18,30,19.4,38,650,682,683.447,688.0,1.447,0.3954,3.6564,0.1081,정상,0,0,0,
WeldingTest_02_OK,291,2022-02-11 09:52:11.512,8,19,250,241.1,83,1670,1692,1697.964,1708.0,5.964,0.5865,3.6564,0.1604,정상,0,0,0,
WeldingTest_02_OK,292,2022-02-11 09:52:14.124,8,20,250,241.2,82,1154,1674,1676.387,1692.0,2.387,0.237,3.6564,0.0648,정상,0,0,0,
WeldingTest_02_OK,293,2022-02-11 09:52:17.636,8,21,250,241.1,83,1670,1697,1710.078,1714.0,13.078,1.5716,3.6564,0.4298,정상,0,0,0,
WeldingTest_02_OK,294,2022-02-11 09:52:20.312,8,22,250,241.2,82,1154,1677,1673.017,1694.0,3.983,0.4826,3.6564,0.132,정상,0,0,0,
WeldingTest_02_OK,295,2022-02-11 09:52:23.746,8,23,250,241.1,83,1670,1699,1706.634,1717.0,7.634,0.906,3.6564,0.2478,정상,0,0,0,
WeldingTest_02_OK,296,2022-02-11 09:52:26.368,8,24,250,241.2,82,1154,1679,1672.554,1695.0,6.446,0.7529,3.6564,0.2059,정상,0,0,0,
WeldingTest_02_OK,297,2022-02-11 09:52:32.806,8,25,250,241.1,83,1670,1698,1707.821,1714.0,9.821,1.1744,3.6564,0.3212,정상,0,0,0,
WeldingTest_02_OK,298,2022-02-11 09:52:35.402,8,26,250,241.2,82,1154,1678,1673.322,1695.0,4.678,0.5526,3.6564,0.1511,정상,0,0,0,
WeldingTest_02_OK,299,2022-02-11 09:52:38.824,8,27,250,241.1,83,1670,1700,1707.729,1718.0,7.729,0.923,3.6564,0.2524,정상,0,0,0,
WeldingTest_02_OK,300,2022-02-11 09:52:41.584,8,28,250,241.2,82,1154,1679,1677.681,1697.0,1.319,0.1132,3.6564,0.031,정상,0,0,0,
WeldingTest_02_OK,301,2022-02-11 09:52:45.072,8,29,250,241.1,83,1670,1702,1708.504,1719.0,6.504,0.7332,3.6564,0.2005,정상,0,0,0,
WeldingTest_02_OK,302,2022-02-11 09:52:47.726,8,30,250,241.2,82,1154,1682,1674.411,1698.0,7.589,0.9368,3.6564,0.2562,정상,0,0,0,
WeldingTest_02_OK,303,2022-02-11 09:52:52.040,8,31,30,19.4,38,650,682,692.454,690.0,10.454,3.0443,3.6564,0.8326,관찰,0,0,0,
WeldingTest_02_OK,304,2022-02-11 09:52:53.582,8,32,30,19.4,38,650,682,675.0,688.0,7.0,1.8479,3.6564,0.5054,정상,0,0,0,
WeldingTest_02_OK,305,2022-02-11 09:52:56.654,8,33,30,19.4,38,650,682,682.887,690.0,0.887,0.0426,3.6564,0.0117,정상,0,0,0,
WeldingTest_02_OK,306,2022-02-11 09:52:58.434,8,34,30,19.4,38,650,682,680.027,690.0,1.973,0.419,3.6564,0.1146,정상,0,0,0,
WeldingTest_02_OK,307,2022-02-11 09:53:01.966,8,35,30,19.4,38,650,682,681.94,690.0,0.06,0.0448,3.6564,0.0123,정상,0,0,0,
WeldingTest_02_OK,308,2022-02-11 09:53:03.654,8,36,30,19.4,38,650,682,680.462,690.0,1.538,0.3828,3.6564,0.1047,정상,0,0,0,
WeldingTest_02_OK,309,2022-02-11 09:53:05.422,8,37,30,19.4,38,650,682,682.572,688.0,0.572,0.1368,3.6564,0.0374,정상,0,0,0,
WeldingTest_02_OK,310,2022-02-11 09:53:08.479,8,38,30,19.4,38,650,682,681.786,690.0,0.214,0.0422,3.6564,0.0115,정상,0,0,0,
WeldingTest_02_OK,311,2022-02-11 09:53:09.997,8,39,30,19.4,38,650,682,682.97,688.0,0.97,0.1937,3.6564,0.053,정상,0,0,0,
WeldingTest_02_OK,312,2022-02-11 09:57:42.233,9,1,250,241.1,82,1154,1660,1682.847,1682.0,22.847,2.2282,3.6564,0.6094,정상,0,0,0,
WeldingTest_02_OK,313,2022-02-11 09:57:45.649,9,2,250,241.2,83,1670,1685,1701.627,1707.0,16.627,2.045,3.6564,0.5593,정상,0,0,0,
WeldingTest_02_OK,314,2022-02-11 09:57:48.465,9,3,250,241.1,82,1153,1667,1682.626,1689.0,15.626,1.9408,3.6564,0.5308,정상,0,0,0,
WeldingTest_02_OK,315,2022-02-11 09:57:51.739,9,4,250,241.2,83,1670,1692,1702.798,1712.0,10.798,1.2859,3.6564,0.3517,정상,0,0,0,
WeldingTest_02_OK,316,2022-02-11 09:57:54.537,9,5,250,241.1,82,1154,1671,1678.854,1692.0,7.854,0.9355,3.6564,0.2558,정상,0,0,0,
WeldingTest_02_OK,317,2022-02-11 09:57:57.851,9,6,250,241.2,83,1670,1694,1703.097,1714.0,9.097,1.0997,3.6564,0.3008,정상,0,0,0,
WeldingTest_02_OK,318,2022-02-11 09:58:03.611,9,7,250,241.1,82,1153,1669,1676.898,1690.0,7.898,0.9621,3.6564,0.2631,정상,0,0,0,
WeldingTest_02_OK,319,2022-02-11 09:58:06.925,9,8,250,241.2,83,1670,1694,1704.657,1714.0,10.657,1.268,3.6564,0.3468,정상,0,0,0,
WeldingTest_02_OK,320,2022-02-11 09:58:09.775,9,9,250,241.1,82,1154,1673,1678.032,1694.0,5.032,0.5873,3.6564,0.1606,정상,0,0,0,
WeldingTest_02_OK,321,2022-02-11 09:58:13.025,9,10,250,241.2,83,1670,1697,1704.876,1717.0,7.876,0.9347,3.6564,0.2556,정상,0,0,0,
WeldingTest_02_OK,322,2022-02-11 09:58:15.881,9,11,250,241.1,82,1154,1675,1677.787,1695.0,2.787,0.3197,3.6564,0.0874,정상,0,0,0,
WeldingTest_02_OK,323,2022-02-11 09:58:19.177,9,12,250,241.2,83,1670,1698,1704.592,1718.0,6.592,0.7924,3.6564,0.2167,정상,0,0,0,
WeldingTest_02_OK,324,2022-02-11 09:58:23.605,9,13,30,19.4,38,650,682,689.461,690.0,7.461,2.0845,3.6564,0.5701,정상,0,0,0,
WeldingTest_02_OK,325,2022-02-11 09:58:25.279,9,14,30,19.4,38,650,680,674.685,688.0,5.315,1.4253,3.6564,0.3898,정상,0,0,0,
WeldingTest_02_OK,326,2022-02-11 09:58:28.207,9,15,30,19.4,38,650,682,681.044,688.0,0.956,0.1697,3.6564,0.0464,정상,0,0,0,
WeldingTest_02_OK,327,2022-02-11 09:58:31.519,9,16,30,19.4,38,650,682,679.478,688.0,2.522,0.7055,3.6564,0.193,정상,0,0,0,
WeldingTest_02_OK,328,2022-02-11 09:58:33.223,9,17,30,19.4,38,650,682,687.783,688.0,5.783,1.644,3.6564,0.4496,정상,0,0,0,
WeldingTest_02_OK,329,2022-02-11 09:58:35.011,9,18,30,19.4,38,650,682,678.582,688.0,3.418,0.9643,3.6564,0.2637,정상,0,0,0,
WeldingTest_02_OK,330,2022-02-11 09:58:55.291,9,19,250,241.1,83,1670,1689,1698.974,1708.0,9.974,1.0479,3.6564,0.2866,정상,0,0,0,
WeldingTest_02_OK,331,2022-02-11 09:58:57.913,9,20,250,241.2,82,1154,1671,1676.193,1692.0,5.193,0.5954,3.6564,0.1628,정상,0,0,0,
WeldingTest_02_OK,332,2022-02-11 09:59:01.331,9,21,250,241.1,83,1670,1695,1709.868,1714.0,14.868,1.7922,3.6564,0.4901,정상,0,0,0,
WeldingTest_02_OK,333,2022-02-11 09:59:03.975,9,22,250,241.2,82,1154,1675,1673.077,1694.0,1.923,0.2191,3.6564,0.0599,정상,0,0,0,
WeldingTest_02_OK,334,2022-02-11 09:59:07.443,9,23,250,241.1,83,1670,1698,1706.843,1717.0,8.843,1.0559,3.6564,0.2888,정상,0,0,0,
WeldingTest_02_OK,335,2022-02-11 09:59:10.057,9,24,250,241.2,82,1154,1677,1672.551,1695.0,4.449,0.4964,3.6564,0.1358,정상,0,0,0,
WeldingTest_02_OK,336,2022-02-11 09:59:16.505,9,25,250,241.1,83,1670,1695,1706.493,1714.0,11.493,1.3819,3.6564,0.3779,정상,0,0,0,
WeldingTest_02_OK,337,2022-02-11 09:59:19.115,9,26,250,241.2,82,1154,1677,1673.322,1695.0,3.678,0.4242,3.6564,0.116,정상,0,0,0,
WeldingTest_02_OK,338,2022-02-11 09:59:22.621,9,27,250,241.1,83,1670,1699,1707.184,1718.0,8.184,0.9794,3.6564,0.2679,정상,0,0,0,
WeldingTest_02_OK,339,2022-02-11 09:59:25.273,9,28,250,241.2,82,1154,1678,1672.887,1697.0,5.113,0.6006,3.6564,0.1643,정상,0,0,0,
WeldingTest_02_OK,340,2022-02-11 09:59:28.765,9,29,250,241.1,83,1670,1700,1707.882,1719.0,7.882,0.9042,3.6564,0.2473,정상,0,0,0,
WeldingTest_02_OK,341,2022-02-11 09:59:31.429,9,30,250,241.2,82,1154,1679,1672.876,1698.0,6.124,0.7486,3.6564,0.2047,정상,0,0,0,
WeldingTest_02_OK,342,2022-02-11 09:59:35.763,9,31,30,19.4,38,650,682,692.454,690.0,10.454,3.0443,3.6564,0.8326,관찰,0,0,0,
WeldingTest_02_OK,343,2022-02-11 09:59:37.279,9,32,30,19.4,38,650,682,674.916,688.0,7.084,1.8726,3.6564,0.5121,정상,0,0,0,
WeldingTest_02_OK,344,2022-02-11 09:59:40.369,9,33,30,19.4,38,650,682,684.814,690.0,2.814,0.6,3.6564,0.1641,정상,0,0,0,
WeldingTest_02_OK,345,2022-02-11 09:59:42.129,9,34,30,19.4,38,650,682,680.787,690.0,1.213,0.1983,3.6564,0.0542,정상,0,0,0,
WeldingTest_02_OK,346,2022-02-11 09:59:45.611,9,35,30,19.4,38,650,682,681.866,690.0,0.134,0.0234,3.6564,0.0064,정상,0,0,0,
WeldingTest_02_OK,347,2022-02-11 09:59:47.381,9,36,30,19.4,38,650,682,681.115,690.0,0.885,0.1932,3.6564,0.0528,정상,0,0,0,
WeldingTest_02_OK,348,2022-02-11 09:59:49.075,9,37,30,19.4,38,650,682,685.654,688.0,3.654,1.0265,3.6564,0.2807,정상,0,0,0,
WeldingTest_02_OK,349,2022-02-11 09:59:52.075,9,38,30,19.4,38,650,682,685.553,690.0,3.553,0.9246,3.6564,0.2529,정상,0,0,0,
WeldingTest_02_OK,350,2022-02-11 09:59:53.575,9,39,30,19.4,38,650,682,683.213,688.0,1.213,0.264,3.6564,0.0722,정상,0,0,0,
WeldingTest_02_OK,351,2022-02-11 10:00:40.528,10,1,250,241.1,82,1154,1666,1684.076,1682.0,18.076,1.6687,3.6564,0.4564,정상,0,0,0,
WeldingTest_02_OK,352,2022-02-11 10:00:43.792,10,2,250,241.2,83,1670,1692,1702.201,1707.0,10.201,1.2453,3.6564,0.3406,정상,0,0,0,
WeldingTest_02_OK,353,2022-02-11 10:00:46.540,10,3,250,241.1,82,1153,1673,1679.37,1689.0,6.37,0.7583,3.6564,0.2074,정상,0,0,0,
WeldingTest_02_OK,354,2022-02-11 10:00:49.776,10,4,250,241.2,83,1670,1697,1703.032,1712.0,6.032,0.6936,3.6564,0.1897,정상,0,0,0,
WeldingTest_02_OK,355,2022-02-11 10:00:52.574,10,5,250,241.1,82,1154,1675,1678.793,1692.0,3.793,0.4153,3.6564,0.1136,정상,0,0,0,
WeldingTest_02_OK,356,2022-02-11 10:00:55.812,10,6,250,241.2,83,1670,1698,1703.364,1714.0,5.364,0.6359,3.6564,0.1739,정상,0,0,0,
WeldingTest_02_OK,357,2022-02-11 10:01:01.538,10,7,250,241.1,82,1153,1673,1676.898,1690.0,3.898,0.4513,3.6564,0.1234,정상,0,0,0,
WeldingTest_02_OK,358,2022-02-11 10:01:04.800,10,8,250,241.2,83,1670,1698,1704.954,1714.0,6.954,0.8097,3.6564,0.2214,정상,0,0,0,
WeldingTest_02_OK,359,2022-02-11 10:01:07.576,10,9,250,241.1,82,1154,1678,1677.484,1694.0,0.516,0.0105,3.6564,0.0029,정상,0,0,0,
WeldingTest_02_OK,360,2022-02-11 10:01:10.804,10,10,250,241.2,83,1670,1700,1705.75,1717.0,5.75,0.6717,3.6564,0.1837,정상,0,0,0,
WeldingTest_02_OK,361,2022-02-11 10:01:13.562,10,11,250,241.1,82,1154,1679,1677.47,1695.0,1.53,0.1585,3.6564,0.0434,정상,0,0,0,
WeldingTest_02_OK,362,2022-02-11 10:01:16.824,10,12,250,241.2,83,1670,1702,1706.354,1718.0,4.354,0.5152,3.6564,0.1409,정상,0,0,0,
WeldingTest_02_OK,363,2022-02-11 10:01:21.286,10,13,30,19.4,38,650,682,689.702,690.0,7.702,2.1564,3.6564,0.5898,정상,0,0,0,
WeldingTest_02_OK,364,2022-02-11 10:01:22.990,10,14,30,19.4,38,650,682,677.797,688.0,4.203,1.1011,3.6564,0.3011,정상,0,0,0,
WeldingTest_02_OK,365,2022-02-11 10:01:25.954,10,15,30,19.4,38,650,682,685.352,688.0,3.352,0.864,3.6564,0.2363,정상,0,0,0,
WeldingTest_02_OK,366,2022-02-11 10:01:29.342,10,16,30,19.4,38,650,682,679.478,688.0,2.522,0.7055,3.6564,0.193,정상,0,0,0,
WeldingTest_02_OK,367,2022-02-11 10:01:31.074,10,17,30,19.4,38,650,682,687.854,688.0,5.854,1.6644,3.6564,0.4552,정상,0,0,0,
WeldingTest_02_OK,368,2022-02-11 10:01:32.796,10,18,30,19.4,38,650,682,684.296,688.0,2.296,0.6406,3.6564,0.1752,정상,0,0,0,
WeldingTest_02_OK,369,2022-02-11 10:01:53.052,10,19,250,241.1,83,1670,1692,1698.974,1708.0,6.974,0.7027,3.6564,0.1922,정상,0,0,0,
WeldingTest_02_OK,370,2022-02-11 10:01:55.716,10,20,250,241.2,82,1154,1674,1676.326,1692.0,2.326,0.2292,3.6564,0.0627,정상,0,0,0,
WeldingTest_02_OK,371,2022-02-11 10:01:59.202,10,21,250,241.1,83,1670,1698,1710.076,1714.0,12.076,1.4481,3.6564,0.396,정상,0,0,0,
WeldingTest_02_OK,372,2022-02-11 10:02:01.770,10,22,250,241.2,82,1154,1677,1673.024,1694.0,3.976,0.4818,3.6564,0.1318,정상,0,0,0,
WeldingTest_02_OK,373,2022-02-11 10:02:05.236,10,23,250,241.1,83,1670,1699,1706.843,1717.0,7.843,0.9318,3.6564,0.2549,정상,0,0,0,
WeldingTest_02_OK,374,2022-02-11 10:02:07.918,10,24,250,241.2,82,1154,1678,1672.629,1695.0,5.371,0.6148,3.6564,0.1681,정상,0,0,0,
WeldingTest_02_OK,375,2022-02-11 10:02:14.354,10,25,250,241.1,83,1670,1698,1707.224,1714.0,9.224,1.1003,3.6564,0.3009,정상,0,0,0,
WeldingTest_02_OK,376,2022-02-11 10:02:16.966,10,26,250,241.2,82,1154,1678,1673.322,1695.0,4.678,0.5526,3.6564,0.1511,정상,0,0,0,
WeldingTest_02_OK,377,2022-02-11 10:02:20.434,10,27,250,241.1,83,1670,1700,1707.916,1718.0,7.916,0.9462,3.6564,0.2588,정상,0,0,0,
WeldingTest_02_OK,378,2022-02-11 10:02:23.096,10,28,250,241.2,82,1154,1680,1672.898,1697.0,7.102,0.856,3.6564,0.2341,정상,0,0,0,
WeldingTest_02_OK,379,2022-02-11 10:02:26.592,10,29,250,241.1,83,1670,1702,1709.306,1719.0,7.306,0.8327,3.6564,0.2277,정상,0,0,0,
WeldingTest_02_OK,380,2022-02-11 10:02:29.216,10,30,250,241.2,82,1154,1682,1674.312,1698.0,7.688,0.9495,3.6564,0.2597,정상,0,0,0,
WeldingTest_02_OK,381,2022-02-11 10:02:33.420,10,31,30,19.4,38,650,682,692.467,690.0,10.467,3.0483,3.6564,0.8337,관찰,0,0,0,
WeldingTest_02_OK,382,2022-02-11 10:02:35.098,10,32,30,19.4,38,650,682,675.086,688.0,6.914,1.8231,3.6564,0.4986,정상,0,0,0,
WeldingTest_02_OK,383,2022-02-11 10:02:38.170,10,33,30,19.4,38,650,682,682.887,690.0,0.887,0.0426,3.6564,0.0117,정상,0,0,0,
WeldingTest_02_OK,384,2022-02-11 10:02:39.900,10,34,30,19.4,38,650,682,683.531,690.0,1.531,0.2907,3.6564,0.0795,정상,0,0,0,
WeldingTest_02_OK,385,2022-02-11 10:02:43.336,10,35,30,19.4,38,650,682,686.079,690.0,4.079,1.1185,3.6564,0.3059,정상,0,0,0,
WeldingTest_02_OK,386,2022-02-11 10:02:45.074,10,36,30,19.4,38,650,682,683.128,690.0,1.128,0.2639,3.6564,0.0722,정상,0,0,0,
WeldingTest_02_OK,387,2022-02-11 10:02:46.788,10,37,30,19.4,38,650,682,685.419,688.0,3.419,0.9588,3.6564,0.2622,정상,0,0,0,
WeldingTest_02_OK,388,2022-02-11 10:02:49.768,10,38,30,19.4,38,650,682,685.553,690.0,3.553,0.9246,3.6564,0.2529,정상,0,0,0,
WeldingTest_02_OK,389,2022-02-11 10:02:51.284,10,39,30,19.4,38,650,682,682.97,688.0,0.97,0.1937,3.6564,0.053,정상,0,0,0,
WeldingTest_02_OK,390,2022-02-11 10:22:00.523,11,1,250,241.1,82,1154,1660,1682.847,1682.0,22.847,2.2282,3.6564,0.6094,정상,0,0,0,
WeldingTest_02_OK,391,2022-02-11 10:22:03.805,11,2,250,241.2,83,1670,1685,1701.969,1707.0,16.969,2.0876,3.6564,0.5709,정상,0,0,0,
WeldingTest_02_OK,392,2022-02-11 10:22:06.675,11,3,250,241.1,82,1153,1667,1683.104,1689.0,16.104,2.0018,3.6564,0.5475,정상,0,0,0,
WeldingTest_02_OK,393,2022-02-11 10:22:10.019,11,4,250,241.2,83,1670,1690,1702.753,1712.0,12.753,1.529,3.6564,0.4182,정상,0,0,0,
WeldingTest_02_OK,394,2022-02-11 10:22:12.875,11,5,250,241.1,82,1154,1670,1679.55,1692.0,9.55,1.1529,3.6564,0.3153,정상,0,0,0,
WeldingTest_02_OK,395,2022-02-11 10:22:16.097,11,6,250,241.2,83,1670,1694,1703.383,1714.0,9.383,1.1353,3.6564,0.3105,정상,0,0,0,
WeldingTest_02_OK,396,2022-02-11 10:22:21.995,11,7,250,241.1,82,1153,1669,1676.934,1690.0,7.934,0.9666,3.6564,0.2644,정상,0,0,0,
WeldingTest_02_OK,397,2022-02-11 10:22:25.227,11,8,250,241.2,83,1670,1694,1704.977,1714.0,10.977,1.3077,3.6564,0.3576,정상,0,0,0,
WeldingTest_02_OK,398,2022-02-11 10:22:28.055,11,9,250,241.1,82,1154,1673,1677.538,1694.0,4.538,0.5242,3.6564,0.1434,정상,0,0,0,
WeldingTest_02_OK,399,2022-02-11 10:22:31.307,11,10,250,241.2,83,1670,1697,1704.876,1717.0,7.876,0.9347,3.6564,0.2556,정상,0,0,0,
WeldingTest_02_OK,400,2022-02-11 10:22:34.041,11,11,250,241.1,82,1154,1675,1672.935,1695.0,2.065,0.2271,3.6564,0.0621,정상,0,0,0,
WeldingTest_02_OK,401,2022-02-11 10:22:37.305,11,12,250,241.2,83,1670,1698,1704.842,1718.0,6.842,0.8234,3.6564,0.2252,정상,0,0,0,
WeldingTest_02_OK,402,2022-02-11 10:22:41.873,11,13,30,19.4,38,650,682,689.535,690.0,7.535,2.1067,3.6564,0.5762,정상,0,0,0,
WeldingTest_02_OK,403,2022-02-11 10:22:43.565,11,14,30,19.4,38,650,680,677.808,688.0,2.192,0.515,3.6564,0.1409,정상,0,0,0,
WeldingTest_02_OK,404,2022-02-11 10:22:46.501,11,15,30,19.4,38,650,682,682.946,688.0,0.946,0.1667,3.6564,0.0456,정상,0,0,0,
WeldingTest_02_OK,405,2022-02-11 10:22:49.809,11,16,30,19.4,38,650,680,679.478,688.0,0.522,0.1241,3.6564,0.0339,정상,0,0,0,
WeldingTest_02_OK,406,2022-02-11 10:22:51.589,11,17,30,19.4,38,650,680,682.462,688.0,2.462,0.6866,3.6564,0.1878,정상,0,0,0,
WeldingTest_02_OK,407,2022-02-11 10:22:53.265,11,18,30,19.4,38,650,680,682.062,688.0,2.062,0.5729,3.6564,0.1567,정상,0,0,0,
WeldingTest_02_OK,408,2022-02-11 10:23:13.683,11,19,250,241.1,83,1670,1689,1699.578,1708.0,10.578,1.1173,3.6564,0.3056,정상,0,0,0,
WeldingTest_02_OK,409,2022-02-11 10:23:16.265,11,20,250,241.2,82,1154,1671,1676.247,1692.0,5.247,0.6022,3.6564,0.1647,정상,0,0,0,
WeldingTest_02_OK,410,2022-02-11 10:23:19.747,11,21,250,241.1,83,1670,1695,1710.076,1714.0,15.076,1.8178,3.6564,0.4972,정상,0,0,0,
WeldingTest_02_OK,411,2022-02-11 10:23:22.373,11,22,250,241.2,82,1154,1674,1672.936,1694.0,1.064,0.1091,3.6564,0.0298,정상,0,0,0,
WeldingTest_02_OK,412,2022-02-11 10:23:25.839,11,23,250,241.1,83,1670,1698,1706.843,1717.0,8.843,1.0559,3.6564,0.2888,정상,0,0,0,
WeldingTest_02_OK,413,2022-02-11 10:23:28.589,11,24,250,241.2,82,1154,1677,1672.215,1695.0,4.785,0.5396,3.6564,0.1476,정상,0,0,0,
WeldingTest_02_OK,414,2022-02-11 10:23:35.005,11,25,250,241.1,83,1670,1695,1706.493,1714.0,11.493,1.3819,3.6564,0.3779,정상,0,0,0,
WeldingTest_02_OK,415,2022-02-11 10:23:37.669,11,26,250,241.2,82,1154,1677,1673.414,1695.0,3.586,0.4123,3.6564,0.1128,정상,0,0,0,
WeldingTest_02_OK,416,2022-02-11 10:23:41.119,11,27,250,241.1,83,1670,1699,1706.98,1718.0,7.98,0.9542,3.6564,0.261,정상,0,0,0,
WeldingTest_02_OK,417,2022-02-11 10:23:43.791,11,28,250,241.2,82,1154,1678,1672.885,1697.0,5.115,0.6008,3.6564,0.1643,정상,0,0,0,
WeldingTest_02_OK,418,2022-02-11 10:23:47.297,11,29,250,241.1,83,1670,1700,1707.882,1719.0,7.882,0.9042,3.6564,0.2473,정상,0,0,0,
WeldingTest_02_OK,419,2022-02-11 10:23:49.855,11,30,250,241.2,82,1154,1679,1672.886,1698.0,6.114,0.7472,3.6564,0.2044,정상,0,0,0,
WeldingTest_02_OK,420,2022-02-11 10:23:54.225,11,31,30,19.4,38,650,682,692.501,690.0,10.501,3.0583,3.6564,0.8364,관찰,0,0,0,
WeldingTest_02_OK,421,2022-02-11 10:23:55.843,11,32,30,19.4,38,650,682,675.041,688.0,6.959,1.836,3.6564,0.5021,정상,0,0,0,
WeldingTest_02_OK,422,2022-02-11 10:23:58.943,11,33,30,19.4,38,650,682,684.835,690.0,2.835,0.6061,3.6564,0.1658,정상,0,0,0,
WeldingTest_02_OK,423,2022-02-11 10:24:00.727,11,34,30,19.4,38,650,682,680.027,690.0,1.973,0.419,3.6564,0.1146,정상,0,0,0,
WeldingTest_02_OK,424,2022-02-11 10:24:04.229,11,35,30,19.4,38,650,682,681.932,690.0,0.068,0.0423,3.6564,0.0116,정상,0,0,0,
WeldingTest_02_OK,425,2022-02-11 10:24:05.973,11,36,30,19.4,38,650,682,683.854,690.0,1.854,0.4745,3.6564,0.1298,정상,0,0,0,
WeldingTest_02_OK,426,2022-02-11 10:24:07.697,11,37,30,19.4,38,650,682,685.485,688.0,3.485,0.9777,3.6564,0.2674,정상,0,0,0,
WeldingTest_02_OK,427,2022-02-11 10:24:10.689,11,38,30,19.4,38,650,682,685.553,690.0,3.553,0.9246,3.6564,0.2529,정상,0,0,0,
WeldingTest_02_OK,428,2022-02-11 10:24:12.181,11,39,30,19.4,38,650,682,683.255,688.0,1.255,0.276,3.6564,0.0755,정상,0,0,0,
WeldingTest_02_OK,429,2022-02-11 10:28:46.686,12,1,250,241.1,82,1154,1661,1682.847,1682.0,21.847,2.1109,3.6564,0.5773,정상,0,0,0,
WeldingTest_02_OK,430,2022-02-11 10:28:50.000,12,2,250,241.2,83,1670,1685,1701.942,1707.0,16.942,2.0842,3.6564,0.57,정상,0,0,0,
WeldingTest_02_OK,431,2022-02-11 10:28:52.830,12,3,250,241.1,82,1153,1667,1682.577,1689.0,15.577,1.9345,3.6564,0.5291,정상,0,0,0,
WeldingTest_02_OK,432,2022-02-11 10:28:56.068,12,4,250,241.2,83,1670,1690,1703.032,1712.0,13.032,1.5637,3.6564,0.4277,정상,0,0,0,
WeldingTest_02_OK,433,2022-02-11 10:28:58.876,12,5,250,241.1,82,1154,1670,1678.908,1692.0,8.908,1.0706,3.6564,0.2928,정상,0,0,0,
WeldingTest_02_OK,434,2022-02-11 10:29:02.158,12,6,250,241.2,83,1670,1694,1703.129,1714.0,9.129,1.1037,3.6564,0.3019,정상,0,0,0,
WeldingTest_02_OK,435,2022-02-11 10:29:07.916,12,7,250,241.1,82,1153,1669,1676.898,1690.0,7.898,0.9621,3.6564,0.2631,정상,0,0,0,
WeldingTest_02_OK,436,2022-02-11 10:29:11.230,12,8,250,241.2,83,1670,1694,1704.657,1714.0,10.657,1.268,3.6564,0.3468,정상,0,0,0,
WeldingTest_02_OK,437,2022-02-11 10:29:14.044,12,9,250,241.1,82,1154,1673,1677.643,1694.0,4.643,0.5376,3.6564,0.147,정상,0,0,0,
WeldingTest_02_OK,438,2022-02-11 10:29:17.312,12,10,250,241.2,83,1670,1697,1704.864,1717.0,7.864,0.9332,3.6564,0.2552,정상,0,0,0,
WeldingTest_02_OK,439,2022-02-11 10:29:20.176,12,11,250,241.1,82,1154,1675,1677.787,1695.0,2.787,0.3197,3.6564,0.0874,정상,0,0,0,
WeldingTest_02_OK,440,2022-02-11 10:29:23.390,12,12,250,241.2,83,1670,1698,1704.874,1718.0,6.874,0.8274,3.6564,0.2263,정상,0,0,0,
WeldingTest_02_OK,441,2022-02-11 10:29:27.740,12,13,30,19.4,38,650,682,689.433,690.0,7.433,2.0762,3.6564,0.5678,정상,0,0,0,
WeldingTest_02_OK,442,2022-02-11 10:29:29.472,12,14,30,19.4,38,650,680,677.921,688.0,2.079,0.4821,3.6564,0.1318,정상,0,0,0,
WeldingTest_02_OK,443,2022-02-11 10:29:32.400,12,15,30,19.4,38,650,682,681.044,688.0,0.956,0.1697,3.6564,0.0464,정상,0,0,0,
WeldingTest_02_OK,444,2022-02-11 10:29:35.716,12,16,30,19.4,38,650,680,679.478,688.0,0.522,0.1241,3.6564,0.0339,정상,0,0,0,
WeldingTest_02_OK,445,2022-02-11 10:29:37.506,12,17,30,19.4,38,650,680,682.462,688.0,2.462,0.6866,3.6564,0.1878,정상,0,0,0,
WeldingTest_02_OK,446,2022-02-11 10:29:39.136,12,18,30,19.4,38,650,680,682.776,688.0,2.776,0.779,3.6564,0.213,정상,0,0,0,
WeldingTest_02_OK,447,2022-02-11 10:29:59.586,12,19,250,241.1,83,1670,1689,1699.578,1708.0,10.578,1.1173,3.6564,0.3056,정상,0,0,0,
WeldingTest_02_OK,448,2022-02-11 10:30:02.206,12,20,250,241.2,82,1154,1671,1676.193,1692.0,5.193,0.5954,3.6564,0.1628,정상,0,0,0,
WeldingTest_02_OK,449,2022-02-11 10:30:05.732,12,21,250,241.1,83,1670,1695,1710.078,1714.0,15.078,1.8181,3.6564,0.4972,정상,0,0,0,
WeldingTest_02_OK,450,2022-02-11 10:30:08.476,12,22,250,241.2,82,1154,1674,1672.841,1694.0,1.159,0.1213,3.6564,0.0332,정상,0,0,0,
WeldingTest_02_OK,451,2022-02-11 10:30:11.918,12,23,250,241.1,83,1670,1697,1706.634,1717.0,9.634,1.1541,3.6564,0.3156,정상,0,0,0,
WeldingTest_02_OK,452,2022-02-11 10:30:14.542,12,24,250,241.2,82,1154,1677,1672.55,1695.0,4.45,0.4966,3.6564,0.1358,정상,0,0,0,
WeldingTest_02_OK,453,2022-02-11 10:30:21.000,12,25,250,241.1,83,1670,1695,1706.493,1714.0,11.493,1.3819,3.6564,0.3779,정상,0,0,0,
WeldingTest_02_OK,454,2022-02-11 10:30:23.554,12,26,250,241.2,82,1154,1677,1673.351,1695.0,3.649,0.4205,3.6564,0.115,정상,0,0,0,
WeldingTest_02_OK,455,2022-02-11 10:30:27.004,12,27,250,241.1,83,1670,1699,1706.98,1718.0,7.98,0.9542,3.6564,0.261,정상,0,0,0,
WeldingTest_02_OK,456,2022-02-11 10:30:29.666,12,28,250,241.2,82,1154,1679,1672.887,1697.0,6.113,0.729,3.6564,0.1994,정상,0,0,0,
WeldingTest_02_OK,457,2022-02-11 10:30:33.166,12,29,250,241.1,83,1670,1700,1708.503,1719.0,8.503,0.9813,3.6564,0.2684,정상,0,0,0,
WeldingTest_02_OK,458,2022-02-11 10:30:35.778,12,30,250,241.2,82,1154,1679,1672.803,1698.0,6.197,0.7579,3.6564,0.2073,정상,0,0,0,
WeldingTest_02_OK,459,2022-02-11 10:30:40.046,12,31,30,19.4,38,650,682,692.454,690.0,10.454,3.0443,3.6564,0.8326,관찰,0,0,0,
WeldingTest_02_OK,460,2022-02-11 10:30:41.532,12,32,30,19.4,38,650,682,675.002,688.0,6.998,1.8473,3.6564,0.5052,정상,0,0,0,
WeldingTest_02_OK,461,2022-02-11 10:30:44.666,12,33,30,19.4,38,650,682,684.835,690.0,2.835,0.6061,3.6564,0.1658,정상,0,0,0,
WeldingTest_02_OK,462,2022-02-11 10:30:46.422,12,34,30,19.4,38,650,682,680.787,690.0,1.213,0.1983,3.6564,0.0542,정상,0,0,0,
WeldingTest_02_OK,463,2022-02-11 10:30:49.982,12,35,30,19.4,38,650,682,681.421,690.0,0.579,0.1054,3.6564,0.0288,정상,0,0,0,
WeldingTest_02_OK,464,2022-02-11 10:30:51.650,12,36,30,19.4,38,650,682,681.541,690.0,0.459,0.0696,3.6564,0.019,정상,0,0,0,
WeldingTest_02_OK,465,2022-02-11 10:30:53.390,12,37,30,19.4,38,650,682,684.365,688.0,2.365,0.6545,3.6564,0.179,정상,0,0,0,
WeldingTest_02_OK,466,2022-02-11 10:30:56.340,12,38,30,19.4,38,650,682,684.5,690.0,2.5,0.6197,3.6564,0.1695,정상,0,0,0,
WeldingTest_02_OK,467,2022-02-11 10:30:57.870,12,39,30,19.4,38,650,682,683.021,688.0,1.021,0.2086,3.6564,0.057,정상,0,0,0,
WeldingTest_02_OK,468,2022-02-11 10:36:39.501,13,1,250,241.1,82,1154,1660,1682.847,1682.0,22.847,2.2282,3.6564,0.6094,정상,0,0,0,
WeldingTest_02_OK,469,2022-02-11 10:36:42.695,13,2,250,241.2,83,1670,1685,1702.229,1707.0,17.229,2.12,3.6564,0.5798,정상,0,0,0,
WeldingTest_02_OK,470,2022-02-11 10:36:45.561,13,3,250,241.1,82,1153,1666,1683.104,1689.0,17.104,2.1296,3.6564,0.5824,정상,0,0,0,
WeldingTest_02_OK,471,2022-02-11 10:36:48.775,13,4,250,241.2,83,1670,1690,1703.064,1712.0,13.064,1.5676,3.6564,0.4287,정상,0,0,0,
WeldingTest_02_OK,472,2022-02-11 10:36:51.579,13,5,250,241.1,82,1154,1670,1678.865,1692.0,8.865,1.0651,3.6564,0.2913,정상,0,0,0,
WeldingTest_02_OK,473,2022-02-11 10:36:54.811,13,6,250,241.2,83,1670,1694,1703.383,1714.0,9.383,1.1353,3.6564,0.3105,정상,0,0,0,
WeldingTest_02_OK,474,2022-02-11 10:37:00.497,13,7,250,241.1,82,1153,1669,1676.863,1690.0,7.863,0.9576,3.6564,0.2619,정상,0,0,0,
WeldingTest_02_OK,475,2022-02-11 10:37:03.669,13,8,250,241.2,83,1670,1694,1704.99,1714.0,10.99,1.3092,3.6564,0.3581,정상,0,0,0,
WeldingTest_02_OK,476,2022-02-11 10:37:06.439,13,9,250,241.1,82,1154,1673,1677.457,1694.0,4.457,0.5138,3.6564,0.1405,정상,0,0,0,
WeldingTest_02_OK,477,2022-02-11 10:37:09.655,13,10,250,241.2,83,1670,1697,1704.904,1717.0,7.904,0.9382,3.6564,0.2566,정상,0,0,0,
WeldingTest_02_OK,478,2022-02-11 10:37:12.425,13,11,250,241.1,82,1154,1675,1677.133,1695.0,2.133,0.2358,3.6564,0.0645,정상,0,0,0,
WeldingTest_02_OK,479,2022-02-11 10:37:15.703,13,12,250,241.2,83,1670,1698,1704.61,1718.0,6.61,0.7946,3.6564,0.2173,정상,0,0,0,
WeldingTest_02_OK,480,2022-02-11 10:37:20.261,13,13,30,19.4,38,650,682,689.535,690.0,7.535,2.1067,3.6564,0.5762,정상,0,0,0,
WeldingTest_02_OK,481,2022-02-11 10:37:21.983,13,14,30,19.4,38,650,680,677.958,688.0,2.042,0.4712,3.6564,0.1289,정상,0,0,0,
WeldingTest_02_OK,482,2022-02-11 10:37:24.909,13,15,30,19.4,38,650,682,681.044,688.0,0.956,0.1697,3.6564,0.0464,정상,0,0,0,
WeldingTest_02_OK,483,2022-02-11 10:37:28.321,13,16,30,19.4,38,650,680,679.478,688.0,0.522,0.1241,3.6564,0.0339,정상,0,0,0,
WeldingTest_02_OK,484,2022-02-11 10:37:30.075,13,17,30,19.4,38,650,680,683.409,688.0,3.409,0.9595,3.6564,0.2624,정상,0,0,0,
WeldingTest_02_OK,485,2022-02-11 10:37:31.777,13,18,30,19.4,38,650,680,684.495,688.0,4.495,1.2751,3.6564,0.3487,정상,0,0,0,
WeldingTest_02_OK,486,2022-02-11 10:37:52.257,13,19,250,241.1,83,1670,1689,1699.539,1708.0,10.539,1.1128,3.6564,0.3043,정상,0,0,0,
WeldingTest_02_OK,487,2022-02-11 10:37:54.863,13,20,250,241.2,82,1154,1671,1676.194,1692.0,5.194,0.5955,3.6564,0.1629,정상,0,0,0,
WeldingTest_02_OK,488,2022-02-11 10:37:58.329,13,21,250,241.1,83,1670,1695,1710.076,1714.0,15.076,1.8179,3.6564,0.4972,정상,0,0,0,
WeldingTest_02_OK,489,2022-02-11 10:38:00.981,13,22,250,241.2,82,1154,1674,1673.035,1694.0,0.965,0.0964,3.6564,0.0264,정상,0,0,0,
WeldingTest_02_OK,490,2022-02-11 10:38:04.391,13,23,250,241.1,83,1670,1697,1706.625,1717.0,9.625,1.1529,3.6564,0.3153,정상,0,0,0,
WeldingTest_02_OK,491,2022-02-11 10:38:06.931,13,24,250,241.2,82,1154,1677,1672.641,1695.0,4.359,0.4849,3.6564,0.1326,정상,0,0,0,
WeldingTest_02_OK,492,2022-02-11 10:38:13.365,13,25,250,241.1,83,1670,1695,1706.493,1714.0,11.493,1.3819,3.6564,0.3779,정상,0,0,0,
WeldingTest_02_OK,493,2022-02-11 10:38:16.103,13,26,250,241.2,82,1154,1675,1673.281,1695.0,1.719,0.1726,3.6564,0.0472,정상,0,0,0,
WeldingTest_02_OK,494,2022-02-11 10:38:19.597,13,27,250,241.1,83,1670,1699,1707.184,1718.0,8.184,0.9794,3.6564,0.2679,정상,0,0,0,
WeldingTest_02_OK,495,2022-02-11 10:38:22.181,13,28,250,241.2,82,1154,1678,1672.885,1697.0,5.115,0.6007,3.6564,0.1643,정상,0,0,0,
WeldingTest_02_OK,496,2022-02-11 10:38:25.659,13,29,250,241.1,83,1670,1700,1707.883,1719.0,7.883,0.9044,3.6564,0.2473,정상,0,0,0,
WeldingTest_02_OK,497,2022-02-11 10:38:28.255,13,30,250,241.2,82,1154,1679,1672.81,1698.0,6.19,0.7571,3.6564,0.2071,정상,0,0,0,
WeldingTest_02_OK,498,2022-02-11 10:38:32.533,13,31,30,19.4,38,650,682,692.454,690.0,10.454,3.0443,3.6564,0.8326,관찰,0,0,0,
WeldingTest_02_OK,499,2022-02-11 10:38:34.047,13,32,30,19.4,38,650,682,674.916,688.0,7.084,1.8726,3.6564,0.5121,정상,0,0,0,
WeldingTest_02_OK,500,2022-02-11 10:38:37.105,13,33,30,19.4,38,650,682,682.944,690.0,0.944,0.059,3.6564,0.0161,정상,0,0,0,
WeldingTest_02_OK,501,2022-02-11 10:38:38.891,13,34,30,19.4,38,650,682,680.027,690.0,1.973,0.419,3.6564,0.1146,정상,0,0,0,
WeldingTest_02_OK,502,2022-02-11 10:38:42.347,13,35,30,19.4,38,650,682,682.288,690.0,0.288,0.0212,3.6564,0.0058,정상,0,0,0,
WeldingTest_02_OK,503,2022-02-11 10:38:44.023,13,36,30,19.4,38,650,682,680.92,690.0,1.08,0.2497,3.6564,0.0683,정상,0,0,0,
WeldingTest_02_OK,504,2022-02-11 10:38:45.767,13,37,30,19.4,38,650,682,685.091,688.0,3.091,0.864,3.6564,0.2363,정상,0,0,0,
WeldingTest_02_OK,505,2022-02-11 10:38:48.735,13,38,30,19.4,38,650,682,685.529,690.0,3.529,0.9177,3.6564,0.251,정상,0,0,0,
WeldingTest_02_OK,506,2022-02-11 10:38:50.243,13,39,30,19.4,38,650,682,683.213,688.0,1.213,0.264,3.6564,0.0722,정상,0,0,0,
WeldingTest_02_OK,507,2022-02-11 10:49:17.318,14,1,250,241.1,82,1154,1660,1682.847,1682.0,22.847,2.2282,3.6564,0.6094,정상,0,0,0,
WeldingTest_02_OK,508,2022-02-11 10:49:20.580,14,2,250,241.2,83,1670,1685,1702.201,1707.0,17.201,2.1165,3.6564,0.5789,정상,0,0,0,
WeldingTest_02_OK,509,2022-02-11 10:49:23.334,14,3,250,241.1,82,1153,1667,1682.849,1689.0,15.849,1.9693,3.6564,0.5386,정상,0,0,0,
WeldingTest_02_OK,510,2022-02-11 10:49:26.692,14,4,250,241.2,83,1670,1690,1702.753,1712.0,12.753,1.529,3.6564,0.4182,정상,0,0,0,
WeldingTest_02_OK,511,2022-02-11 10:49:29.526,14,5,250,241.1,82,1154,1670,1679.541,1692.0,9.541,1.1517,3.6564,0.315,정상,0,0,0,
WeldingTest_02_OK,512,2022-02-11 10:49:32.750,14,6,250,241.2,83,1670,1694,1703.383,1714.0,9.383,1.1353,3.6564,0.3105,정상,0,0,0,
WeldingTest_02_OK,513,2022-02-11 10:49:38.523,14,7,250,241.1,82,1153,1669,1676.898,1690.0,7.898,0.9621,3.6564,0.2631,정상,0,0,0,
WeldingTest_02_OK,514,2022-02-11 10:49:41.795,14,8,250,241.2,83,1670,1694,1704.722,1714.0,10.722,1.276,3.6564,0.349,정상,0,0,0,
WeldingTest_02_OK,515,2022-02-11 10:49:44.497,14,9,250,241.1,82,1154,1673,1673.723,1694.0,0.723,0.0369,3.6564,0.0101,정상,0,0,0,
WeldingTest_02_OK,516,2022-02-11 10:49:47.799,14,10,250,241.2,83,1670,1697,1704.633,1717.0,7.633,0.9046,3.6564,0.2474,정상,0,0,0,
WeldingTest_02_OK,517,2022-02-11 10:49:50.627,14,11,250,241.1,82,1154,1675,1677.294,1695.0,2.294,0.2565,3.6564,0.0701,정상,0,0,0,
WeldingTest_02_OK,518,2022-02-11 10:49:53.911,14,12,250,241.2,83,1670,1698,1704.61,1718.0,6.61,0.7946,3.6564,0.2173,정상,0,0,0,
WeldingTest_02_OK,519,2022-02-11 10:49:58.451,14,13,30,19.4,38,650,682,689.492,690.0,7.492,2.0938,3.6564,0.5726,정상,0,0,0,
WeldingTest_02_OK,520,2022-02-11 10:50:00.161,14,14,30,19.4,38,650,680,677.851,688.0,2.149,0.5023,3.6564,0.1374,정상,0,0,0,
WeldingTest_02_OK,521,2022-02-11 10:50:03.087,14,15,30,19.4,38,650,680,681.044,688.0,1.044,0.1953,3.6564,0.0534,정상,0,0,0,
WeldingTest_02_OK,522,2022-02-11 10:50:06.383,14,16,30,19.4,38,650,680,676.999,688.0,3.001,0.8447,3.6564,0.231,정상,0,0,0,
WeldingTest_02_OK,523,2022-02-11 10:50:08.085,14,17,30,19.4,38,650,680,687.783,688.0,7.783,2.2205,3.6564,0.6073,정상,0,0,0,
WeldingTest_02_OK,524,2022-02-11 10:50:09.723,14,18,30,19.4,38,650,680,682.776,688.0,2.776,0.779,3.6564,0.213,정상,0,0,0,
WeldingTest_02_OK,525,2022-02-11 10:50:30.089,14,19,250,241.1,83,1670,1689,1698.862,1708.0,9.862,1.0349,3.6564,0.283,정상,0,0,0,
WeldingTest_02_OK,526,2022-02-11 10:50:32.687,14,20,250,241.2,82,1154,1671,1676.194,1692.0,5.194,0.5955,3.6564,0.1629,정상,0,0,0,
WeldingTest_02_OK,527,2022-02-11 10:50:36.083,14,21,250,241.1,83,1670,1695,1709.887,1714.0,14.887,1.7945,3.6564,0.4908,정상,0,0,0,
WeldingTest_02_OK,528,2022-02-11 10:50:38.645,14,22,250,241.2,82,1154,1675,1673.024,1694.0,1.976,0.2259,3.6564,0.0618,정상,0,0,0,
WeldingTest_02_OK,529,2022-02-11 10:50:42.099,14,23,250,241.1,83,1670,1697,1706.758,1717.0,9.758,1.1695,3.6564,0.3198,정상,0,0,0,
WeldingTest_02_OK,530,2022-02-11 10:50:44.793,14,24,250,241.2,82,1154,1677,1672.625,1695.0,4.375,0.4869,3.6564,0.1332,정상,0,0,0,
WeldingTest_02_OK,531,2022-02-11 10:50:51.259,14,25,250,241.1,83,1670,1695,1706.493,1714.0,11.493,1.3819,3.6564,0.3779,정상,0,0,0,
WeldingTest_02_OK,532,2022-02-11 10:50:53.871,14,26,250,241.2,82,1154,1677,1673.322,1695.0,3.678,0.4242,3.6564,0.116,정상,0,0,0,
WeldingTest_02_OK,533,2022-02-11 10:50:57.289,14,27,250,241.1,83,1670,1699,1706.998,1718.0,7.998,0.9564,3.6564,0.2616,정상,0,0,0,
WeldingTest_02_OK,534,2022-02-11 10:50:59.861,14,28,250,241.2,82,1154,1678,1672.885,1697.0,5.115,0.6007,3.6564,0.1643,정상,0,0,0,
WeldingTest_02_OK,535,2022-02-11 10:51:03.331,14,29,250,241.1,83,1670,1700,1707.884,1719.0,7.884,0.9044,3.6564,0.2474,정상,0,0,0,
WeldingTest_02_OK,536,2022-02-11 10:51:05.987,14,30,250,241.2,82,1154,1679,1672.876,1698.0,6.124,0.7486,3.6564,0.2047,정상,0,0,0,
WeldingTest_02_OK,537,2022-02-11 10:51:10.513,14,31,30,19.4,38,650,682,692.501,690.0,10.501,3.0583,3.6564,0.8364,관찰,0,0,0,
WeldingTest_02_OK,538,2022-02-11 10:51:12.071,14,32,30,19.4,38,650,682,675.0,688.0,7.0,1.8479,3.6564,0.5054,정상,0,0,0,
WeldingTest_02_OK,539,2022-02-11 10:51:15.119,14,33,30,19.4,38,650,682,684.15,690.0,2.15,0.4081,3.6564,0.1116,정상,0,0,0,
WeldingTest_02_OK,540,2022-02-11 10:51:16.871,14,34,30,19.4,38,650,682,680.787,690.0,1.213,0.1983,3.6564,0.0542,정상,0,0,0,
WeldingTest_02_OK,541,2022-02-11 10:51:20.343,14,35,30,19.4,38,650,682,682.255,690.0,0.255,0.0118,3.6564,0.0032,정상,0,0,0,
WeldingTest_02_OK,542,2022-02-11 10:51:22.057,14,36,30,19.4,38,650,682,684.419,690.0,2.419,0.6383,3.6564,0.1746,정상,0,0,0,
WeldingTest_02_OK,543,2022-02-11 10:51:23.737,14,37,30,19.4,38,650,682,683.965,688.0,1.965,0.5391,3.6564,0.1474,정상,0,0,0,
WeldingTest_02_OK,544,2022-02-11 10:51:26.773,14,38,30,19.4,38,650,682,684.818,690.0,2.818,0.712,3.6564,0.1947,정상,0,0,0,
WeldingTest_02_OK,545,2022-02-11 10:51:28.241,14,39,30,19.4,38,650,682,683.255,688.0,1.255,0.276,3.6564,0.0755,정상,0,0,0,
WeldingTest_02_OK,546,2022-02-11 10:53:15.699,15,1,250,241.1,82,1154,1662,1683.977,1682.0,21.977,2.1262,3.6564,0.5815,정상,0,0,0,
WeldingTest_02_OK,547,2022-02-11 10:53:18.953,15,2,250,241.2,83,1670,1688,1702.203,1707.0,14.203,1.7434,3.6564,0.4768,정상,0,0,0,
WeldingTest_02_OK,548,2022-02-11 10:53:21.743,15,3,250,241.1,82,1153,1670,1682.509,1689.0,12.509,1.5426,3.6564,0.4219,정상,0,0,0,
WeldingTest_02_OK,549,2022-02-11 10:53:24.979,15,4,250,241.2,83,1670,1693,1703.032,1712.0,10.032,1.1908,3.6564,0.3257,정상,0,0,0,
WeldingTest_02_OK,550,2022-02-11 10:53:27.745,15,5,250,241.1,82,1154,1673,1678.676,1692.0,5.676,0.6565,3.6564,0.1796,정상,0,0,0,
WeldingTest_02_OK,551,2022-02-11 10:53:30.977,15,6,250,241.2,83,1670,1695,1703.383,1714.0,8.383,1.0111,3.6564,0.2765,정상,0,0,0,
WeldingTest_02_OK,552,2022-02-11 10:53:36.703,15,7,250,241.1,82,1153,1670,1676.898,1690.0,6.898,0.8344,3.6564,0.2282,정상,0,0,0,
WeldingTest_02_OK,553,2022-02-11 10:53:40.011,15,8,250,241.2,83,1670,1695,1704.72,1714.0,9.72,1.152,3.6564,0.3151,정상,0,0,0,
WeldingTest_02_OK,554,2022-02-11 10:53:42.835,15,9,250,241.1,82,1154,1675,1677.549,1694.0,2.549,0.2702,3.6564,0.0739,정상,0,0,0,
WeldingTest_02_OK,555,2022-02-11 10:53:46.101,15,10,250,241.2,83,1670,1698,1704.864,1717.0,6.864,0.8095,3.6564,0.2214,정상,0,0,0,
WeldingTest_02_OK,556,2022-02-11 10:53:48.971,15,11,250,241.1,82,1154,1677,1677.787,1695.0,0.787,0.0633,3.6564,0.0173,정상,0,0,0,
WeldingTest_02_OK,557,2022-02-11 10:53:52.281,15,12,250,241.2,83,1670,1699,1704.585,1718.0,5.585,0.6677,3.6564,0.1826,정상,0,0,0,
WeldingTest_02_OK,558,2022-02-11 10:53:56.857,15,13,30,19.4,38,650,682,689.715,690.0,7.715,2.1602,3.6564,0.5908,정상,0,0,0,
WeldingTest_02_OK,559,2022-02-11 10:53:58.597,15,14,30,19.4,38,650,682,677.998,688.0,4.002,1.0426,3.6564,0.2851,정상,0,0,0,
WeldingTest_02_OK,560,2022-02-11 10:54:01.601,15,15,30,19.4,38,650,682,686.163,688.0,4.163,1.0992,3.6564,0.3006,정상,0,0,0,
WeldingTest_02_OK,561,2022-02-11 10:54:05.001,15,16,30,19.4,38,650,682,679.478,688.0,2.522,0.7055,3.6564,0.193,정상,0,0,0,
WeldingTest_02_OK,562,2022-02-11 10:54:06.767,15,17,30,19.4,38,650,682,682.453,688.0,0.453,0.1076,3.6564,0.0294,정상,0,0,0,
WeldingTest_02_OK,563,2022-02-11 10:54:08.439,15,18,30,19.4,38,650,682,682.017,688.0,0.017,0.0172,3.6564,0.0047,정상,0,0,0,
WeldingTest_02_OK,564,2022-02-11 10:54:28.971,15,19,250,241.1,83,1670,1689,1699.008,1708.0,10.008,1.0517,3.6564,0.2876,정상,0,0,0,
WeldingTest_02_OK,565,2022-02-11 10:54:31.587,15,20,250,241.2,82,1154,1673,1676.194,1692.0,3.194,0.3401,3.6564,0.093,정상,0,0,0,
WeldingTest_02_OK,566,2022-02-11 10:54:35.001,15,21,250,241.1,83,1670,1695,1709.868,1714.0,14.868,1.7922,3.6564,0.4901,정상,0,0,0,
WeldingTest_02_OK,567,2022-02-11 10:54:37.705,15,22,250,241.2,82,1154,1675,1672.981,1694.0,2.019,0.2313,3.6564,0.0633,정상,0,0,0,
WeldingTest_02_OK,568,2022-02-11 10:54:41.195,15,23,250,241.1,83,1670,1698,1706.841,1717.0,8.841,1.0557,3.6564,0.2887,정상,0,0,0,
WeldingTest_02_OK,569,2022-02-11 10:54:43.755,15,24,250,241.2,82,1154,1678,1672.641,1695.0,5.359,0.6134,3.6564,0.1678,정상,0,0,0,
WeldingTest_02_OK,570,2022-02-11 10:54:50.137,15,25,250,241.1,83,1670,1697,1707.187,1714.0,10.187,1.2199,3.6564,0.3336,정상,0,0,0,
WeldingTest_02_OK,571,2022-02-11 10:54:52.899,15,26,250,241.2,82,1154,1677,1678.101,1695.0,1.101,0.0933,3.6564,0.0255,정상,0,0,0,
WeldingTest_02_OK,572,2022-02-11 10:54:56.417,15,27,250,241.1,83,1670,1699,1707.184,1718.0,8.184,0.9794,3.6564,0.2679,정상,0,0,0,
WeldingTest_02_OK,573,2022-02-11 10:54:59.081,15,28,250,241.2,82,1154,1679,1672.887,1697.0,6.113,0.729,3.6564,0.1994,정상,0,0,0,
WeldingTest_02_OK,574,2022-02-11 10:55:02.559,15,29,250,241.1,83,1670,1700,1708.504,1719.0,8.504,0.9815,3.6564,0.2684,정상,0,0,0,
WeldingTest_02_OK,575,2022-02-11 10:55:05.171,15,30,250,241.2,82,1154,1680,1672.803,1698.0,7.197,0.8864,3.6564,0.2424,정상,0,0,0,
WeldingTest_02_OK,576,2022-02-11 10:55:09.609,15,31,30,19.4,38,650,682,692.501,690.0,10.501,3.0583,3.6564,0.8364,관찰,0,0,0,
WeldingTest_02_OK,577,2022-02-11 10:55:11.141,15,32,30,19.4,38,650,682,674.916,688.0,7.084,1.8726,3.6564,0.5121,정상,0,0,0,
WeldingTest_02_OK,578,2022-02-11 10:55:14.255,15,33,30,19.4,38,650,682,684.835,690.0,2.835,0.6061,3.6564,0.1658,정상,0,0,0,
WeldingTest_02_OK,579,2022-02-11 10:55:15.989,15,34,30,19.4,38,650,682,683.491,690.0,1.491,0.2789,3.6564,0.0763,정상,0,0,0,
WeldingTest_02_OK,580,2022-02-11 10:55:19.423,15,35,30,19.4,38,650,682,686.079,690.0,4.079,1.1185,3.6564,0.3059,정상,0,0,0,
WeldingTest_02_OK,581,2022-02-11 10:55:21.143,15,36,30,19.4,38,650,682,684.471,690.0,2.471,0.6534,3.6564,0.1787,정상,0,0,0,
WeldingTest_02_OK,582,2022-02-11 10:55:22.857,15,37,30,19.4,38,650,682,685.419,688.0,3.419,0.9588,3.6564,0.2622,정상,0,0,0,
WeldingTest_02_OK,583,2022-02-11 10:55:25.851,15,38,30,19.4,38,650,682,685.553,690.0,3.553,0.9246,3.6564,0.2529,정상,0,0,0,
WeldingTest_02_OK,584,2022-02-11 10:55:27.349,15,39,30,19.4,38,650,682,683.213,688.0,1.213,0.264,3.6564,0.0722,정상,0,0,0,
WeldingTest_02_OK,585,2022-02-11 11:01:37.776,16,1,250,241.1,82,1154,1660,1682.847,1682.0,22.847,2.2282,3.6564,0.6094,정상,0,0,0,
WeldingTest_02_OK,586,2022-02-11 11:01:41.124,16,2,250,241.2,83,1670,1685,1701.931,1707.0,16.931,2.0829,3.6564,0.5696,정상,0,0,0,
WeldingTest_02_OK,587,2022-02-11 11:01:43.960,16,3,250,241.1,82,1153,1667,1683.087,1689.0,16.087,1.9996,3.6564,0.5469,정상,0,0,0,
WeldingTest_02_OK,588,2022-02-11 11:01:47.246,16,4,250,241.2,83,1670,1690,1702.798,1712.0,12.798,1.5345,3.6564,0.4197,정상,0,0,0,
WeldingTest_02_OK,589,2022-02-11 11:01:50.026,16,5,250,241.1,82,1154,1670,1678.7,1692.0,8.7,1.0439,3.6564,0.2855,정상,0,0,0,
WeldingTest_02_OK,590,2022-02-11 11:01:53.298,16,6,250,241.2,83,1670,1694,1703.129,1714.0,9.129,1.1037,3.6564,0.3019,정상,0,0,0,
WeldingTest_02_OK,591,2022-02-11 11:01:59.094,16,7,250,241.1,82,1153,1669,1676.898,1690.0,7.898,0.9621,3.6564,0.2631,정상,0,0,0,
WeldingTest_02_OK,592,2022-02-11 11:02:02.304,16,8,250,241.2,83,1670,1694,1704.99,1714.0,10.99,1.3092,3.6564,0.3581,정상,0,0,0,
WeldingTest_02_OK,593,2022-02-11 11:02:05.122,16,9,250,241.1,82,1154,1673,1677.643,1694.0,4.643,0.5376,3.6564,0.147,정상,0,0,0,
WeldingTest_02_OK,594,2022-02-11 11:02:08.368,16,10,250,241.2,83,1670,1697,1704.876,1717.0,7.876,0.9347,3.6564,0.2556,정상,0,0,0,
WeldingTest_02_OK,595,2022-02-11 11:02:11.138,16,11,250,241.1,82,1154,1675,1677.133,1695.0,2.133,0.2358,3.6564,0.0645,정상,0,0,0,
WeldingTest_02_OK,596,2022-02-11 11:02:14.420,16,12,250,241.2,83,1670,1698,1704.61,1718.0,6.61,0.7946,3.6564,0.2173,정상,0,0,0,
WeldingTest_02_OK,597,2022-02-11 11:02:18.858,16,13,30,19.4,38,650,682,689.461,690.0,7.461,2.0845,3.6564,0.5701,정상,0,0,0,
WeldingTest_02_OK,598,2022-02-11 11:02:20.518,16,14,30,19.4,38,650,680,675.374,688.0,4.626,1.2244,3.6564,0.3349,정상,0,0,0,
WeldingTest_02_OK,599,2022-02-11 11:02:23.482,16,15,30,19.4,38,650,680,685.352,688.0,5.352,1.4435,3.6564,0.3948,정상,0,0,0,
WeldingTest_02_OK,600,2022-02-11 11:02:26.806,16,16,30,19.4,38,650,680,679.478,688.0,0.522,0.1241,3.6564,0.0339,정상,0,0,0,
WeldingTest_02_OK,601,2022-02-11 11:02:28.540,16,17,30,19.4,38,650,680,687.854,688.0,7.854,2.2409,3.6564,0.6129,정상,0,0,0,
WeldingTest_02_OK,602,2022-02-11 11:02:30.298,16,18,30,19.4,38,650,680,679.552,688.0,0.448,0.1071,3.6564,0.0293,정상,0,0,0,
WeldingTest_02_OK,603,2022-02-11 11:02:50.694,16,19,250,241.1,83,1670,1689,1698.288,1708.0,9.288,0.9689,3.6564,0.265,정상,0,0,0,
WeldingTest_02_OK,604,2022-02-11 11:02:53.444,16,20,250,241.2,82,1154,1671,1676.056,1692.0,5.056,0.5778,3.6564,0.158,정상,0,0,0,
WeldingTest_02_OK,605,2022-02-11 11:02:56.902,16,21,250,241.1,83,1670,1695,1710.076,1714.0,15.076,1.8179,3.6564,0.4972,정상,0,0,0,
WeldingTest_02_OK,606,2022-02-11 11:02:59.568,16,22,250,241.2,82,1154,1674,1673.035,1694.0,0.965,0.0964,3.6564,0.0264,정상,0,0,0,
WeldingTest_02_OK,607,2022-02-11 11:03:03.024,16,23,250,241.1,83,1670,1697,1706.843,1717.0,9.843,1.18,3.6564,0.3227,정상,0,0,0,
WeldingTest_02_OK,608,2022-02-11 11:03:05.712,16,24,250,241.2,82,1154,1677,1672.625,1695.0,4.375,0.4869,3.6564,0.1332,정상,0,0,0,
WeldingTest_02_OK,609,2022-02-11 11:03:12.158,16,25,250,241.1,83,1670,1695,1706.493,1714.0,11.493,1.3819,3.6564,0.3779,정상,0,0,0,
WeldingTest_02_OK,610,2022-02-11 11:03:14.794,16,26,250,241.2,82,1154,1677,1673.294,1695.0,3.706,0.4278,3.6564,0.117,정상,0,0,0,
WeldingTest_02_OK,611,2022-02-11 11:03:18.292,16,27,250,241.1,83,1670,1699,1707.184,1718.0,8.184,0.9794,3.6564,0.2679,정상,0,0,0,
WeldingTest_02_OK,612,2022-02-11 11:03:20.938,16,28,250,241.2,82,1154,1678,1672.887,1697.0,5.113,0.6006,3.6564,0.1643,정상,0,0,0,
WeldingTest_02_OK,613,2022-02-11 11:03:24.476,16,29,250,241.1,83,1670,1700,1707.882,1719.0,7.882,0.9042,3.6564,0.2473,정상,0,0,0,
WeldingTest_02_OK,614,2022-02-11 11:03:27.066,16,30,250,241.2,82,1154,1679,1672.81,1698.0,6.19,0.7571,3.6564,0.2071,정상,0,0,0,
WeldingTest_02_OK,615,2022-02-11 11:03:31.306,16,31,30,19.4,38,650,682,692.467,690.0,10.467,3.0483,3.6564,0.8337,관찰,0,0,0,
WeldingTest_02_OK,616,2022-02-11 11:03:32.940,16,32,30,19.4,38,650,682,675.041,688.0,6.959,1.836,3.6564,0.5021,정상,0,0,0,
WeldingTest_02_OK,617,2022-02-11 11:03:36.022,16,33,30,19.4,38,650,682,682.478,690.0,0.478,0.0757,3.6564,0.0207,정상,0,0,0,
WeldingTest_02_OK,618,2022-02-11 11:03:37.788,16,34,30,19.4,38,650,682,679.99,690.0,2.01,0.4298,3.6564,0.1176,정상,0,0,0,
WeldingTest_02_OK,619,2022-02-11 11:03:41.288,16,35,30,19.4,38,650,682,681.932,690.0,0.068,0.0423,3.6564,0.0116,정상,0,0,0,
WeldingTest_02_OK,620,2022-02-11 11:03:43.038,16,36,30,19.4,38,650,682,681.913,690.0,0.087,0.0381,3.6564,0.0104,정상,0,0,0,
WeldingTest_02_OK,621,2022-02-11 11:03:44.788,16,37,30,19.4,38,650,682,683.15,688.0,1.15,0.3037,3.6564,0.083,정상,0,0,0,
WeldingTest_02_OK,622,2022-02-11 11:03:47.825,16,38,30,19.4,38,650,682,684.818,690.0,2.818,0.712,3.6564,0.1947,정상,0,0,0,
WeldingTest_02_OK,623,2022-02-11 11:03:49.353,16,39,30,19.4,38,650,682,683.021,688.0,1.021,0.2086,3.6564,0.057,정상,0,0,0,
WeldingTest_02_OK,624,2022-02-11 11:04:35.307,17,1,250,241.1,82,1154,1665,1684.187,1682.0,19.187,1.7991,3.6564,0.492,정상,0,0,0,
WeldingTest_02_OK,625,2022-02-11 11:04:38.567,17,2,250,241.2,83,1670,1692,1702.201,1707.0,10.201,1.2453,3.6564,0.3406,정상,0,0,0,
WeldingTest_02_OK,626,2022-02-11 11:04:41.349,17,3,250,241.1,82,1153,1671,1682.781,1689.0,11.781,1.4495,3.6564,0.3964,정상,0,0,0,
WeldingTest_02_OK,627,2022-02-11 11:04:44.565,17,4,250,241.2,83,1670,1695,1703.064,1712.0,8.064,0.9461,3.6564,0.2588,정상,0,0,0,
WeldingTest_02_OK,628,2022-02-11 11:04:47.353,17,5,250,241.1,82,1154,1674,1678.817,1692.0,4.817,0.5464,3.6564,0.1494,정상,0,0,0,
WeldingTest_02_OK,629,2022-02-11 11:04:50.603,17,6,250,241.2,83,1670,1698,1703.364,1714.0,5.364,0.6359,3.6564,0.1739,정상,0,0,0,
WeldingTest_02_OK,630,2022-02-11 11:04:56.385,17,7,250,241.1,82,1153,1673,1676.898,1690.0,3.898,0.4513,3.6564,0.1234,정상,0,0,0,
WeldingTest_02_OK,631,2022-02-11 11:04:59.707,17,8,250,241.2,83,1670,1698,1704.657,1714.0,6.657,0.7729,3.6564,0.2114,정상,0,0,0,
WeldingTest_02_OK,632,2022-02-11 11:05:02.551,17,9,250,241.1,82,1154,1677,1678.1,1694.0,1.1,0.0851,3.6564,0.0233,정상,0,0,0,
WeldingTest_02_OK,633,2022-02-11 11:05:05.887,17,10,250,241.2,83,1670,1699,1704.576,1717.0,5.576,0.6502,3.6564,0.1778,정상,0,0,0,
WeldingTest_02_OK,634,2022-02-11 11:05:08.629,17,11,250,241.1,82,1154,1679,1673.111,1695.0,5.889,0.7173,3.6564,0.1962,정상,0,0,0,
WeldingTest_02_OK,635,2022-02-11 11:05:11.899,17,12,250,241.2,83,1670,1700,1706.346,1718.0,6.346,0.7619,3.6564,0.2084,정상,0,0,0,
WeldingTest_02_OK,636,2022-02-11 11:05:16.339,17,13,30,19.4,38,650,682,689.702,690.0,7.702,2.1564,3.6564,0.5898,정상,0,0,0,
WeldingTest_02_OK,637,2022-02-11 11:05:18.069,17,14,30,19.4,38,650,682,677.958,688.0,4.042,1.0542,3.6564,0.2883,정상,0,0,0,
WeldingTest_02_OK,638,2022-02-11 11:05:20.969,17,15,30,19.4,38,650,682,682.594,688.0,0.594,0.0647,3.6564,0.0177,정상,0,0,0,
WeldingTest_02_OK,639,2022-02-11 11:05:24.281,17,16,30,19.4,38,650,682,679.478,688.0,2.522,0.7055,3.6564,0.193,정상,0,0,0,
WeldingTest_02_OK,640,2022-02-11 11:05:25.959,17,17,30,19.4,38,650,682,684.655,688.0,2.655,0.7423,3.6564,0.203,정상,0,0,0,
WeldingTest_02_OK,641,2022-02-11 11:05:27.675,17,18,30,19.4,38,650,682,684.226,688.0,2.226,0.6203,3.6564,0.1697,정상,0,0,0,
WeldingTest_02_OK,642,2022-02-11 11:05:47.853,17,19,250,241.1,83,1670,1692,1616.116,1708.0,75.884,8.63,3.6564,2.3602,이상,1,0,0,"출력 저하 - 광학계/렌즈 오염, 레이저 소스 점검"
WeldingTest_02_OK,643,2022-02-11 11:05:50.433,17,20,250,241.2,82,1154,1674,1676.439,1692.0,2.439,0.2437,3.6564,0.0666,정상,0,0,0,
WeldingTest_02_OK,644,2022-02-11 11:05:53.861,17,21,250,241.1,83,1670,1697,1709.868,1714.0,12.868,1.5457,3.6564,0.4227,정상,0,0,0,
WeldingTest_02_OK,645,2022-02-11 11:05:56.501,17,22,250,241.2,82,1154,1677,1672.897,1694.0,4.103,0.4981,3.6564,0.1362,정상,0,0,0,
WeldingTest_02_OK,646,2022-02-11 11:06:00.001,17,23,250,241.1,83,1670,1699,1706.841,1717.0,7.841,0.9317,3.6564,0.2548,정상,0,0,0,
WeldingTest_02_OK,647,2022-02-11 11:06:02.655,17,24,250,241.2,82,1154,1678,1672.654,1695.0,5.346,0.6117,3.6564,0.1673,정상,0,0,0,
WeldingTest_02_OK,648,2022-02-11 11:06:09.089,17,25,250,241.1,83,1670,1697,1707.224,1714.0,10.224,1.2244,3.6564,0.3349,정상,0,0,0,
WeldingTest_02_OK,649,2022-02-11 11:06:11.787,17,26,250,241.2,82,1154,1678,1673.375,1695.0,4.625,0.5458,3.6564,0.1493,정상,0,0,0,
WeldingTest_02_OK,650,2022-02-11 11:06:15.147,17,27,250,241.1,83,1670,1700,1708.678,1718.0,8.678,1.0408,3.6564,0.2847,정상,0,0,0,
WeldingTest_02_OK,651,2022-02-11 11:06:17.887,17,28,250,241.2,82,1154,1679,1672.86,1697.0,6.14,0.7324,3.6564,0.2003,정상,0,0,0,
WeldingTest_02_OK,652,2022-02-11 11:06:21.423,17,29,250,241.1,83,1670,1702,1708.503,1719.0,6.503,0.7331,3.6564,0.2005,정상,0,0,0,
WeldingTest_02_OK,653,2022-02-11 11:06:24.163,17,30,250,241.2,82,1154,1680,1674.373,1698.0,5.627,0.6848,3.6564,0.1873,정상,0,0,0,
WeldingTest_02_OK,654,2022-02-11 11:06:28.599,17,31,30,19.4,38,650,682,692.501,690.0,10.501,3.0583,3.6564,0.8364,관찰,0,0,0,
WeldingTest_02_OK,655,2022-02-11 11:06:30.143,17,32,30,19.4,38,650,682,675.0,688.0,7.0,1.8479,3.6564,0.5054,정상,0,0,0,
WeldingTest_02_OK,656,2022-02-11 11:06:33.215,17,33,30,19.4,38,650,682,682.887,690.0,0.887,0.0426,3.6564,0.0117,정상,0,0,0,
WeldingTest_02_OK,657,2022-02-11 11:06:34.961,17,34,30,19.4,38,650,682,682.728,690.0,0.728,0.0576,3.6564,0.0157,정상,0,0,0,
WeldingTest_02_OK,658,2022-02-11 11:06:38.431,17,35,30,19.4,38,650,682,682.255,690.0,0.255,0.0118,3.6564,0.0032,정상,0,0,0,
WeldingTest_02_OK,659,2022-02-11 11:06:40.151,17,36,30,19.4,38,650,682,684.471,690.0,2.471,0.6534,3.6564,0.1787,정상,0,0,0,
WeldingTest_02_OK,660,2022-02-11 11:06:41.843,17,37,30,19.4,38,650,682,685.654,688.0,3.654,1.0265,3.6564,0.2807,정상,0,0,0,
WeldingTest_02_OK,661,2022-02-11 11:06:44.861,17,38,30,19.4,38,650,682,685.204,690.0,3.204,0.8237,3.6564,0.2253,정상,0,0,0,
WeldingTest_02_OK,662,2022-02-11 11:06:46.341,17,39,30,19.4,38,650,682,683.255,688.0,1.255,0.276,3.6564,0.0755,정상,0,0,0,
WeldingTest_02_OK,663,2022-02-11 11:07:56.871,18,1,250,241.1,82,1154,1665,1683.977,1682.0,18.977,1.7743,3.6564,0.4853,정상,0,0,0,
WeldingTest_02_OK,664,2022-02-11 11:08:00.095,18,2,250,241.2,83,1670,1690,1702.217,1707.0,12.217,1.4962,3.6564,0.4092,정상,0,0,0,
WeldingTest_02_OK,665,2022-02-11 11:08:02.919,18,3,250,241.1,82,1153,1671,1682.74,1689.0,11.74,1.4443,3.6564,0.395,정상,0,0,0,
WeldingTest_02_OK,666,2022-02-11 11:08:06.219,18,4,250,241.2,83,1670,1695,1702.798,1712.0,7.798,0.913,3.6564,0.2497,정상,0,0,0,
WeldingTest_02_OK,667,2022-02-11 11:08:09.035,18,5,250,241.1,82,1154,1674,1679.057,1692.0,5.057,0.5772,3.6564,0.1579,정상,0,0,0,
WeldingTest_02_OK,668,2022-02-11 11:08:12.403,18,6,250,241.2,83,1670,1697,1703.088,1714.0,6.088,0.7259,3.6564,0.1985,정상,0,0,0,
WeldingTest_02_OK,669,2022-02-11 11:08:18.189,18,7,250,241.1,82,1153,1671,1676.898,1690.0,5.898,0.7067,3.6564,0.1933,정상,0,0,0,
WeldingTest_02_OK,670,2022-02-11 11:08:21.479,18,8,250,241.2,83,1670,1697,1704.722,1714.0,7.722,0.9047,3.6564,0.2474,정상,0,0,0,
WeldingTest_02_OK,671,2022-02-11 11:08:24.339,18,9,250,241.1,82,1154,1675,1678.034,1694.0,3.034,0.332,3.6564,0.0908,정상,0,0,0,
WeldingTest_02_OK,672,2022-02-11 11:08:27.575,18,10,250,241.2,83,1670,1699,1704.876,1717.0,5.876,0.6874,3.6564,0.188,정상,0,0,0,
WeldingTest_02_OK,673,2022-02-11 11:08:30.341,18,11,250,241.1,82,1154,1678,1677.133,1695.0,0.867,0.0736,3.6564,0.0201,정상,0,0,0,
WeldingTest_02_OK,674,2022-02-11 11:08:33.585,18,12,250,241.2,83,1670,1700,1705.711,1718.0,5.711,0.6833,3.6564,0.1869,정상,0,0,0,
WeldingTest_02_OK,675,2022-02-11 11:08:38.063,18,13,30,19.4,38,650,682,689.702,690.0,7.702,2.1564,3.6564,0.5898,정상,0,0,0,
WeldingTest_02_OK,676,2022-02-11 11:08:39.739,18,14,30,19.4,38,650,682,674.414,688.0,7.586,2.0874,3.6564,0.5709,정상,0,0,0,
WeldingTest_02_OK,677,2022-02-11 11:08:42.703,18,15,30,19.4,38,650,682,685.352,688.0,3.352,0.864,3.6564,0.2363,정상,0,0,0,
WeldingTest_02_OK,678,2022-02-11 11:08:46.065,18,16,30,19.4,38,650,682,679.478,688.0,2.522,0.7055,3.6564,0.193,정상,0,0,0,
WeldingTest_02_OK,679,2022-02-11 11:08:47.763,18,17,30,19.4,38,650,682,687.783,688.0,5.783,1.644,3.6564,0.4496,정상,0,0,0,
WeldingTest_02_OK,680,2022-02-11 11:08:49.457,18,18,30,19.4,38,650,682,684.495,688.0,2.495,0.6979,3.6564,0.1909,정상,0,0,0,
WeldingTest_02_OK,681,2022-02-11 11:09:09.881,18,19,250,241.1,83,1670,1690,1699.578,1708.0,9.578,1.0022,3.6564,0.2741,정상,0,0,0,
WeldingTest_02_OK,682,2022-02-11 11:09:12.439,18,20,250,241.2,82,1154,1674,1676.437,1692.0,2.437,0.2434,3.6564,0.0666,정상,0,0,0,
WeldingTest_02_OK,683,2022-02-11 11:09:15.859,18,21,250,241.1,83,1670,1697,1709.868,1714.0,12.868,1.5457,3.6564,0.4227,정상,0,0,0,
WeldingTest_02_OK,684,2022-02-11 11:09:18.439,18,22,250,241.2,82,1154,1677,1673.024,1694.0,3.976,0.4818,3.6564,0.1318,정상,0,0,0,
WeldingTest_02_OK,685,2022-02-11 11:09:21.925,18,23,250,241.1,83,1670,1699,1706.842,1717.0,7.842,0.9318,3.6564,0.2548,정상,0,0,0,
WeldingTest_02_OK,686,2022-02-11 11:09:24.591,18,24,250,241.2,82,1154,1678,1672.654,1695.0,5.346,0.6117,3.6564,0.1673,정상,0,0,0,
WeldingTest_02_OK,687,2022-02-11 11:09:31.043,18,25,250,241.1,83,1670,1697,1707.224,1714.0,10.224,1.2244,3.6564,0.3349,정상,0,0,0,
WeldingTest_02_OK,688,2022-02-11 11:09:33.665,18,26,250,241.2,82,1154,1678,1673.321,1695.0,4.679,0.5527,3.6564,0.1512,정상,0,0,0,
WeldingTest_02_OK,689,2022-02-11 11:09:37.105,18,27,250,241.1,83,1670,1700,1707.729,1718.0,7.729,0.923,3.6564,0.2524,정상,0,0,0,
WeldingTest_02_OK,690,2022-02-11 11:09:39.725,18,28,250,241.2,82,1154,1679,1672.788,1697.0,6.212,0.7418,3.6564,0.2029,정상,0,0,0,
WeldingTest_02_OK,691,2022-02-11 11:09:43.205,18,29,250,241.1,83,1670,1702,1708.504,1719.0,6.504,0.7332,3.6564,0.2005,정상,0,0,0,
WeldingTest_02_OK,692,2022-02-11 11:09:45.827,18,30,250,241.2,82,1154,1680,1674.312,1698.0,5.688,0.6926,3.6564,0.1894,정상,0,0,0,
WeldingTest_02_OK,693,2022-02-11 11:09:50.339,18,31,30,19.4,38,650,682,692.501,690.0,10.501,3.0583,3.6564,0.8364,관찰,0,0,0,
WeldingTest_02_OK,694,2022-02-11 11:09:51.849,18,32,30,19.4,38,650,682,674.916,688.0,7.084,1.8726,3.6564,0.5121,정상,0,0,0,
WeldingTest_02_OK,695,2022-02-11 11:09:54.935,18,33,30,19.4,38,650,682,684.814,690.0,2.814,0.6,3.6564,0.1641,정상,0,0,0,
WeldingTest_02_OK,696,2022-02-11 11:09:56.657,18,34,30,19.4,38,650,682,683.577,690.0,1.577,0.3039,3.6564,0.0831,정상,0,0,0,
WeldingTest_02_OK,697,2022-02-11 11:10:00.111,18,35,30,19.4,38,650,682,682.206,690.0,0.206,0.0025,3.6564,0.0007,정상,0,0,0,
WeldingTest_02_OK,698,2022-02-11 11:10:01.835,18,36,30,19.4,38,650,682,684.484,690.0,2.484,0.6573,3.6564,0.1798,정상,0,0,0,
WeldingTest_02_OK,699,2022-02-11 11:10:03.551,18,37,30,19.4,38,650,682,685.472,688.0,3.472,0.9738,3.6564,0.2663,정상,0,0,0,
WeldingTest_02_OK,700,2022-02-11 11:10:06.535,18,38,30,19.4,38,650,682,685.553,690.0,3.553,0.9246,3.6564,0.2529,정상,0,0,0,
WeldingTest_02_OK,701,2022-02-11 11:10:08.045,18,39,30,19.4,38,650,682,682.97,688.0,0.97,0.1937,3.6564,0.053,정상,0,0,0,
WeldingTest_02_OK,702,2022-02-11 11:16:27.374,19,1,250,241.1,82,1154,1660,1682.847,1682.0,22.847,2.2282,3.6564,0.6094,정상,0,0,0,
WeldingTest_02_OK,703,2022-02-11 11:16:30.688,19,2,250,241.2,83,1670,1685,1701.942,1707.0,16.942,2.0842,3.6564,0.57,정상,0,0,0,
WeldingTest_02_OK,704,2022-02-11 11:16:33.552,19,3,250,241.1,82,1153,1666,1683.104,1689.0,17.104,2.1296,3.6564,0.5824,정상,0,0,0,
WeldingTest_02_OK,705,2022-02-11 11:16:36.776,19,4,250,241.2,83,1670,1690,1703.051,1712.0,13.051,1.566,3.6564,0.4283,정상,0,0,0,
WeldingTest_02_OK,706,2022-02-11 11:16:39.560,19,5,250,241.1,82,1154,1670,1678.926,1692.0,8.926,1.0729,3.6564,0.2934,정상,0,0,0,
WeldingTest_02_OK,707,2022-02-11 11:16:42.882,19,6,250,241.2,83,1670,1694,1703.092,1714.0,9.092,1.0991,3.6564,0.3006,정상,0,0,0,
WeldingTest_02_OK,708,2022-02-11 11:16:48.712,19,7,250,241.1,82,1153,1669,1676.898,1690.0,7.898,0.9621,3.6564,0.2631,정상,0,0,0,
WeldingTest_02_OK,709,2022-02-11 11:16:51.998,19,8,250,241.2,83,1670,1694,1704.722,1714.0,10.722,1.276,3.6564,0.349,정상,0,0,0,
WeldingTest_02_OK,710,2022-02-11 11:16:54.812,19,9,250,241.1,82,1154,1673,1677.643,1694.0,4.643,0.5376,3.6564,0.147,정상,0,0,0,
WeldingTest_02_OK,711,2022-02-11 11:16:58.120,19,10,250,241.2,83,1670,1697,1704.633,1717.0,7.633,0.9046,3.6564,0.2474,정상,0,0,0,
WeldingTest_02_OK,712,2022-02-11 11:17:00.960,19,11,250,241.1,82,1154,1675,1677.828,1695.0,2.828,0.3249,3.6564,0.0889,정상,0,0,0,
WeldingTest_02_OK,713,2022-02-11 11:17:04.224,19,12,250,241.2,83,1670,1698,1704.842,1718.0,6.842,0.8234,3.6564,0.2252,정상,0,0,0,
WeldingTest_02_OK,714,2022-02-11 11:17:08.670,19,13,30,19.4,38,650,682,689.461,690.0,7.461,2.0845,3.6564,0.5701,정상,0,0,0,
WeldingTest_02_OK,715,2022-02-11 11:17:10.358,19,14,30,19.4,38,650,680,676.309,688.0,3.691,0.9517,3.6564,0.2603,정상,0,0,0,
WeldingTest_02_OK,716,2022-02-11 11:17:13.272,19,15,30,19.4,38,650,682,682.029,688.0,0.029,0.0988,3.6564,0.027,정상,0,0,0,
WeldingTest_02_OK,717,2022-02-11 11:17:16.586,19,16,30,19.4,38,650,680,679.478,688.0,0.522,0.1241,3.6564,0.0339,정상,0,0,0,
WeldingTest_02_OK,718,2022-02-11 11:17:18.366,19,17,30,19.4,38,650,680,682.462,688.0,2.462,0.6866,3.6564,0.1878,정상,0,0,0,
WeldingTest_02_OK,719,2022-02-11 11:17:20.090,19,18,30,19.4,38,650,680,684.296,688.0,4.296,1.2179,3.6564,0.3331,정상,0,0,0,
WeldingTest_02_OK,720,2022-02-11 11:17:40.658,19,19,250,241.1,83,1670,1689,1699.008,1708.0,10.008,1.0517,3.6564,0.2876,정상,0,0,0,
WeldingTest_02_OK,721,2022-02-11 11:17:43.234,19,20,250,241.2,82,1154,1671,1676.247,1692.0,5.247,0.6022,3.6564,0.1647,정상,0,0,0,
WeldingTest_02_OK,722,2022-02-11 11:17:46.696,19,21,250,241.1,83,1670,1695,1710.076,1714.0,15.076,1.8179,3.6564,0.4972,정상,0,0,0,
WeldingTest_02_OK,723,2022-02-11 11:17:49.224,19,22,250,241.2,82,1154,1675,1673.024,1694.0,1.976,0.2259,3.6564,0.0618,정상,0,0,0,
WeldingTest_02_OK,724,2022-02-11 11:17:52.676,19,23,250,241.1,83,1670,1698,1706.758,1717.0,8.758,1.0454,3.6564,0.2859,정상,0,0,0,
WeldingTest_02_OK,725,2022-02-11 11:17:55.287,19,24,250,241.2,82,1154,1677,1672.56,1695.0,4.44,0.4953,3.6564,0.1355,정상,0,0,0,
WeldingTest_02_OK,726,2022-02-11 11:18:01.739,19,25,250,241.1,83,1670,1695,1706.493,1714.0,11.493,1.3819,3.6564,0.3779,정상,0,0,0,
WeldingTest_02_OK,727,2022-02-11 11:18:04.403,19,26,250,241.2,82,1154,1677,1673.414,1695.0,3.586,0.4123,3.6564,0.1128,정상,0,0,0,
WeldingTest_02_OK,728,2022-02-11 11:18:07.881,19,27,250,241.1,83,1670,1699,1707.185,1718.0,8.185,0.9796,3.6564,0.2679,정상,0,0,0,
WeldingTest_02_OK,729,2022-02-11 11:18:10.543,19,28,250,241.2,82,1154,1678,1672.887,1697.0,5.113,0.6006,3.6564,0.1643,정상,0,0,0,
WeldingTest_02_OK,730,2022-02-11 11:18:14.035,19,29,250,241.1,83,1670,1700,1707.882,1719.0,7.882,0.9042,3.6564,0.2473,정상,0,0,0,
WeldingTest_02_OK,731,2022-02-11 11:18:16.663,19,30,250,241.2,82,1154,1679,1672.777,1698.0,6.223,0.7613,3.6564,0.2082,정상,0,0,0,
WeldingTest_02_OK,732,2022-02-11 11:18:20.931,19,31,30,19.4,38,650,682,692.454,690.0,10.454,3.0443,3.6564,0.8326,관찰,0,0,0,
WeldingTest_02_OK,733,2022-02-11 11:18:22.425,19,32,30,19.4,38,650,682,675.002,688.0,6.998,1.8473,3.6564,0.5052,정상,0,0,0,
WeldingTest_02_OK,734,2022-02-11 11:18:25.519,19,33,30,19.4,38,650,682,684.814,690.0,2.814,0.6,3.6564,0.1641,정상,0,0,0,
WeldingTest_02_OK,735,2022-02-11 11:18:27.301,19,34,30,19.4,38,650,682,680.027,690.0,1.973,0.419,3.6564,0.1146,정상,0,0,0,
WeldingTest_02_OK,736,2022-02-11 11:18:30.819,19,35,30,19.4,38,650,682,681.94,690.0,0.06,0.0448,3.6564,0.0123,정상,0,0,0,
WeldingTest_02_OK,737,2022-02-11 11:18:32.507,19,36,30,19.4,38,650,682,680.462,690.0,1.538,0.3828,3.6564,0.1047,정상,0,0,0,
WeldingTest_02_OK,738,2022-02-11 11:18:34.245,19,37,30,19.4,38,650,682,684.365,688.0,2.365,0.6545,3.6564,0.179,정상,0,0,0,
WeldingTest_02_OK,739,2022-02-11 11:18:37.267,19,38,30,19.4,38,650,682,684.818,690.0,2.818,0.712,3.6564,0.1947,정상,0,0,0,
WeldingTest_02_OK,740,2022-02-11 11:18:38.737,19,39,30,19.4,38,650,682,683.255,688.0,1.255,0.276,3.6564,0.0755,정상,0,0,0,
WeldingTest_02_OK,741,2022-02-11 11:19:26.479,20,1,250,241.1,82,1154,1666,1683.977,1682.0,17.977,1.6571,3.6564,0.4532,정상,0,0,0,
WeldingTest_02_OK,742,2022-02-11 11:19:29.693,20,2,250,241.2,83,1670,1692,1702.229,1707.0,10.229,1.2488,3.6564,0.3416,정상,0,0,0,
WeldingTest_02_OK,743,2022-02-11 11:19:32.555,20,3,250,241.1,82,1153,1673,1683.271,1689.0,10.271,1.2567,3.6564,0.3437,정상,0,0,0,
WeldingTest_02_OK,744,2022-02-11 11:19:35.795,20,4,250,241.2,83,1670,1695,1703.032,1712.0,8.032,0.9422,3.6564,0.2577,정상,0,0,0,
WeldingTest_02_OK,745,2022-02-11 11:19:38.647,20,5,250,241.1,82,1154,1675,1679.47,1692.0,4.47,0.502,3.6564,0.1373,정상,0,0,0,
WeldingTest_02_OK,746,2022-02-11 11:19:41.871,20,6,250,241.2,83,1670,1698,1703.383,1714.0,5.383,0.6383,3.6564,0.1746,정상,0,0,0,
WeldingTest_02_OK,747,2022-02-11 11:19:47.605,20,7,250,241.1,82,1153,1673,1676.898,1690.0,3.898,0.4513,3.6564,0.1234,정상,0,0,0,
WeldingTest_02_OK,748,2022-02-11 11:19:50.871,20,8,250,241.2,83,1670,1698,1704.946,1714.0,6.946,0.8087,3.6564,0.2212,정상,0,0,0,
WeldingTest_02_OK,749,2022-02-11 11:19:53.601,20,9,250,241.1,82,1154,1677,1673.75,1694.0,3.25,0.3596,3.6564,0.0984,정상,0,0,0,
WeldingTest_02_OK,750,2022-02-11 11:19:56.851,20,10,250,241.2,83,1670,1700,1704.876,1717.0,4.876,0.5637,3.6564,0.1542,정상,0,0,0,
WeldingTest_02_OK,751,2022-02-11 11:19:59.663,20,11,250,241.1,82,1154,1678,1677.333,1695.0,0.667,0.0479,3.6564,0.0131,정상,0,0,0,
WeldingTest_02_OK,752,2022-02-11 11:20:02.845,20,12,250,241.2,83,1670,1702,1705.739,1718.0,3.739,0.4391,3.6564,0.1201,정상,0,0,0,
WeldingTest_02_OK,753,2022-02-11 11:20:07.263,20,13,30,19.4,38,650,682,689.702,690.0,7.702,2.1564,3.6564,0.5898,정상,0,0,0,
WeldingTest_02_OK,754,2022-02-11 11:20:08.959,20,14,30,19.4,38,650,682,677.797,688.0,4.203,1.1011,3.6564,0.3011,정상,0,0,0,
WeldingTest_02_OK,755,2022-02-11 11:20:11.885,20,15,30,19.4,38,650,682,681.044,688.0,0.956,0.1697,3.6564,0.0464,정상,0,0,0,
WeldingTest_02_OK,756,2022-02-11 11:20:15.295,20,16,30,19.4,38,650,682,679.478,688.0,2.522,0.7055,3.6564,0.193,정상,0,0,0,
WeldingTest_02_OK,757,2022-02-11 11:20:17.063,20,17,30,19.4,38,650,682,682.453,688.0,0.453,0.1076,3.6564,0.0294,정상,0,0,0,
WeldingTest_02_OK,758,2022-02-11 11:20:18.755,20,18,30,19.4,38,650,682,684.495,688.0,2.495,0.6979,3.6564,0.1909,정상,0,0,0,
WeldingTest_02_OK,759,2022-02-11 11:20:39.965,20,19,250,241.1,83,1670,1692,1697.811,1708.0,5.811,0.5689,3.6564,0.1556,정상,0,0,0,
WeldingTest_02_OK,760,2022-02-11 11:20:42.557,20,20,250,241.2,82,1154,1673,1676.387,1692.0,3.387,0.3647,3.6564,0.0997,정상,0,0,0,
WeldingTest_02_OK,761,2022-02-11 11:20:45.989,20,21,250,241.1,83,1670,1697,1709.868,1714.0,12.868,1.5457,3.6564,0.4227,정상,0,0,0,
WeldingTest_02_OK,762,2022-02-11 11:20:48.567,20,22,250,241.2,82,1154,1677,1673.024,1694.0,3.976,0.4818,3.6564,0.1318,정상,0,0,0,
WeldingTest_02_OK,763,2022-02-11 11:20:52.013,20,23,250,241.1,83,1670,1699,1706.634,1717.0,7.634,0.906,3.6564,0.2478,정상,0,0,0,
WeldingTest_02_OK,764,2022-02-11 11:20:54.627,20,24,250,241.2,82,1154,1678,1672.556,1695.0,5.444,0.6243,3.6564,0.1707,정상,0,0,0,
WeldingTest_02_OK,765,2022-02-11 11:21:01.055,20,25,250,241.1,83,1670,1697,1707.224,1714.0,10.224,1.2244,3.6564,0.3349,정상,0,0,0,
WeldingTest_02_OK,766,2022-02-11 11:21:03.661,20,26,250,241.2,82,1154,1678,1673.322,1695.0,4.678,0.5526,3.6564,0.1511,정상,0,0,0,
WeldingTest_02_OK,767,2022-02-11 11:21:07.123,20,27,250,241.1,83,1670,1700,1707.916,1718.0,7.916,0.9462,3.6564,0.2588,정상,0,0,0,
WeldingTest_02_OK,768,2022-02-11 11:21:09.873,20,28,250,241.2,82,1154,1679,1672.85,1697.0,6.15,0.7338,3.6564,0.2007,정상,0,0,0,
WeldingTest_02_OK,769,2022-02-11 11:21:13.425,20,29,250,241.1,83,1670,1702,1708.503,1719.0,6.503,0.7331,3.6564,0.2005,정상,0,0,0,
WeldingTest_02_OK,770,2022-02-11 11:21:16.055,20,30,250,241.2,82,1154,1680,1674.312,1698.0,5.688,0.6926,3.6564,0.1894,정상,0,0,0,
WeldingTest_02_OK,771,2022-02-11 11:21:20.405,20,31,30,19.4,38,650,682,692.501,690.0,10.501,3.0583,3.6564,0.8364,관찰,0,0,0,
WeldingTest_02_OK,772,2022-02-11 11:21:21.929,20,32,30,19.4,38,650,682,674.916,688.0,7.084,1.8726,3.6564,0.5121,정상,0,0,0,
WeldingTest_02_OK,773,2022-02-11 11:21:25.001,20,33,30,19.4,38,650,682,682.887,690.0,0.887,0.0426,3.6564,0.0117,정상,0,0,0,
WeldingTest_02_OK,774,2022-02-11 11:21:26.835,20,34,30,19.4,38,650,682,680.027,690.0,1.973,0.419,3.6564,0.1146,정상,0,0,0,
WeldingTest_02_OK,775,2022-02-11 11:21:30.311,20,35,30,19.4,38,650,682,682.255,690.0,0.255,0.0118,3.6564,0.0032,정상,0,0,0,
WeldingTest_02_OK,776,2022-02-11 11:21:32.039,20,36,30,19.4,38,650,682,684.439,690.0,2.439,0.6441,3.6564,0.1762,정상,0,0,0,
WeldingTest_02_OK,777,2022-02-11 11:21:33.777,20,37,30,19.4,38,650,682,684.365,688.0,2.365,0.6545,3.6564,0.179,정상,0,0,0,
WeldingTest_02_OK,778,2022-02-11 11:21:36.825,20,38,30,19.4,38,650,682,684.818,690.0,2.818,0.712,3.6564,0.1947,정상,0,0,0,
WeldingTest_02_OK,779,2022-02-11 11:21:38.333,20,39,30,19.4,38,650,682,683.213,688.0,1.213,0.264,3.6564,0.0722,정상,0,0,0,
WeldingTest_02_OK,780,2022-02-11 11:22:24.969,21,1,250,241.1,82,1154,1666,1684.187,1682.0,18.187,1.6818,3.6564,0.46,정상,0,0,0,
WeldingTest_02_OK,781,2022-02-11 11:22:28.185,21,2,250,241.2,83,1670,1692,1702.229,1707.0,10.229,1.2488,3.6564,0.3416,정상,0,0,0,
WeldingTest_02_OK,782,2022-02-11 11:22:31.007,21,3,250,241.1,82,1153,1673,1682.762,1689.0,9.762,1.1916,3.6564,0.3259,정상,0,0,0,
WeldingTest_02_OK,783,2022-02-11 11:22:34.273,21,4,250,241.2,83,1670,1697,1703.022,1712.0,6.022,0.6923,3.6564,0.1893,정상,0,0,0,
WeldingTest_02_OK,784,2022-02-11 11:22:37.065,21,5,250,241.1,82,1154,1675,1678.812,1692.0,3.812,0.4176,3.6564,0.1142,정상,0,0,0,
WeldingTest_02_OK,785,2022-02-11 11:22:40.251,21,6,250,241.2,83,1670,1699,1703.396,1714.0,4.396,0.5156,3.6564,0.141,정상,0,0,0,
WeldingTest_02_OK,786,2022-02-11 11:22:46.025,21,7,250,241.1,82,1153,1673,1676.898,1690.0,3.898,0.4513,3.6564,0.1234,정상,0,0,0,
WeldingTest_02_OK,787,2022-02-11 11:22:49.265,21,8,250,241.2,83,1670,1698,1704.961,1714.0,6.961,0.8106,3.6564,0.2217,정상,0,0,0,
WeldingTest_02_OK,788,2022-02-11 11:22:51.983,21,9,250,241.1,82,1154,1678,1673.75,1694.0,4.25,0.4874,3.6564,0.1333,정상,0,0,0,
WeldingTest_02_OK,789,2022-02-11 11:22:55.303,21,10,250,241.2,83,1670,1700,1705.673,1717.0,5.673,0.6622,3.6564,0.1811,정상,0,0,0,
WeldingTest_02_OK,790,2022-02-11 11:22:58.139,21,11,250,241.1,82,1154,1679,1677.825,1695.0,1.175,0.113,3.6564,0.0309,정상,0,0,0,
WeldingTest_02_OK,791,2022-02-11 11:23:01.361,21,12,250,241.2,83,1670,1702,1706.372,1718.0,4.372,0.5175,3.6564,0.1415,정상,0,0,0,
WeldingTest_02_OK,792,2022-02-11 11:23:05.851,21,13,30,19.4,38,650,682,689.702,690.0,7.702,2.1564,3.6564,0.5898,정상,0,0,0,
WeldingTest_02_OK,793,2022-02-11 11:23:07.571,21,14,30,19.4,38,650,682,677.946,688.0,4.054,1.0577,3.6564,0.2893,정상,0,0,0,
WeldingTest_02_OK,794,2022-02-11 11:23:10.479,21,15,30,19.4,38,650,682,682.594,688.0,0.594,0.0647,3.6564,0.0177,정상,0,0,0,
WeldingTest_02_OK,795,2022-02-11 11:23:13.899,21,16,30,19.4,38,650,682,679.478,688.0,2.522,0.7055,3.6564,0.193,정상,0,0,0,
WeldingTest_02_OK,796,2022-02-11 11:23:15.643,21,17,30,19.4,38,650,682,685.036,688.0,3.036,0.8521,3.6564,0.233,정상,0,0,0,
WeldingTest_02_OK,797,2022-02-11 11:23:17.343,21,18,30,19.4,38,650,682,684.495,688.0,2.495,0.6979,3.6564,0.1909,정상,0,0,0,
WeldingTest_02_OK,798,2022-02-11 11:23:38.069,21,19,250,241.1,83,1670,1692,1697.964,1708.0,5.964,0.5865,3.6564,0.1604,정상,0,0,0,
WeldingTest_02_OK,799,2022-02-11 11:23:40.773,21,20,250,241.2,82,1154,1674,1676.272,1692.0,2.272,0.2223,3.6564,0.0608,정상,0,0,0,
WeldingTest_02_OK,800,2022-02-11 11:23:44.257,21,21,250,241.1,83,1670,1697,1710.076,1714.0,13.076,1.5713,3.6564,0.4297,정상,0,0,0,
WeldingTest_02_OK,801,2022-02-11 11:23:46.873,21,22,250,241.2,82,1154,1677,1672.946,1694.0,4.054,0.4917,3.6564,0.1345,정상,0,0,0,
WeldingTest_02_OK,802,2022-02-11 11:23:50.399,21,23,250,241.1,83,1670,1699,1706.848,1717.0,7.848,0.9325,3.6564,0.255,정상,0,0,0,
WeldingTest_02_OK,803,2022-02-11 11:23:53.065,21,24,250,241.2,82,1154,1679,1672.654,1695.0,6.346,0.7401,3.6564,0.2024,정상,0,0,0,
WeldingTest_02_OK,804,2022-02-11 11:23:59.489,21,25,250,241.1,83,1670,1697,1707.821,1714.0,10.821,1.2985,3.6564,0.3551,정상,0,0,0,
WeldingTest_02_OK,805,2022-02-11 11:24:02.165,21,26,250,241.2,82,1154,1678,1673.387,1695.0,4.613,0.5443,3.6564,0.1489,정상,0,0,0,
WeldingTest_02_OK,806,2022-02-11 11:24:05.615,21,27,250,241.1,83,1670,1700,1707.711,1718.0,7.711,0.9208,3.6564,0.2518,정상,0,0,0,
WeldingTest_02_OK,807,2022-02-11 11:24:08.249,21,28,250,241.2,82,1154,1679,1672.744,1697.0,6.256,0.7474,3.6564,0.2044,정상,0,0,0,
WeldingTest_02_OK,808,2022-02-11 11:24:11.753,21,29,250,241.1,83,1670,1702,1708.503,1719.0,6.503,0.7331,3.6564,0.2005,정상,0,0,0,
WeldingTest_02_OK,809,2022-02-11 11:24:14.379,21,30,250,241.2,82,1154,1680,1674.312,1698.0,5.688,0.6926,3.6564,0.1894,정상,0,0,0,
WeldingTest_02_OK,810,2022-02-11 11:24:18.721,21,31,30,19.4,38,650,682,692.501,690.0,10.501,3.0583,3.6564,0.8364,관찰,0,0,0,
WeldingTest_02_OK,811,2022-02-11 11:24:20.337,21,32,30,19.4,38,650,682,675.041,688.0,6.959,1.836,3.6564,0.5021,정상,0,0,0,
WeldingTest_02_OK,812,2022-02-11 11:24:23.411,21,33,30,19.4,38,650,682,682.478,690.0,0.478,0.0757,3.6564,0.0207,정상,0,0,0,
WeldingTest_02_OK,813,2022-02-11 11:24:25.179,21,34,30,19.4,38,650,682,679.99,690.0,2.01,0.4298,3.6564,0.1176,정상,0,0,0,
WeldingTest_02_OK,814,2022-02-11 11:24:28.605,21,35,30,19.4,38,650,682,687.665,690.0,5.665,1.5775,3.6564,0.4314,정상,0,0,0,
WeldingTest_02_OK,815,2022-02-11 11:24:30.359,21,36,30,19.4,38,650,682,681.913,690.0,0.087,0.0381,3.6564,0.0104,정상,0,0,0,
WeldingTest_02_OK,816,2022-02-11 11:24:32.047,21,37,30,19.4,38,650,682,683.977,688.0,1.977,0.5425,3.6564,0.1484,정상,0,0,0,
WeldingTest_02_OK,817,2022-02-11 11:24:35.047,21,38,30,19.4,38,650,682,685.553,690.0,3.553,0.9246,3.6564,0.2529,정상,0,0,0,
WeldingTest_02_OK,818,2022-02-11 11:24:36.525,21,39,30,19.4,38,650,682,683.255,688.0,1.255,0.276,3.6564,0.0755,정상,0,0,0,
WeldingTest_02_OK,819,2022-02-11 11:46:42.175,22,1,250,241.1,82,1154,1660,1682.847,1682.0,22.847,2.2282,3.6564,0.6094,정상,0,0,0,
WeldingTest_02_OK,820,2022-02-11 11:46:45.475,22,2,250,241.2,83,1670,1685,1701.969,1707.0,16.969,2.0876,3.6564,0.5709,정상,0,0,0,
WeldingTest_02_OK,821,2022-02-11 11:46:48.237,22,3,250,241.1,82,1153,1666,1682.849,1689.0,16.849,2.0971,3.6564,0.5735,정상,0,0,0,
WeldingTest_02_OK,822,2022-02-11 11:46:51.461,22,4,250,241.2,83,1670,1690,1703.051,1712.0,13.051,1.566,3.6564,0.4283,정상,0,0,0,
WeldingTest_02_OK,823,2022-02-11 11:46:54.331,22,5,250,241.1,82,1154,1670,1679.55,1692.0,9.55,1.1529,3.6564,0.3153,정상,0,0,0,
WeldingTest_02_OK,824,2022-02-11 11:46:57.621,22,6,250,241.2,83,1670,1693,1703.129,1714.0,10.129,1.228,3.6564,0.3358,정상,0,0,0,
WeldingTest_02_OK,825,2022-02-11 11:47:03.359,22,7,250,241.1,82,1153,1669,1676.854,1690.0,7.854,0.9564,3.6564,0.2616,정상,0,0,0,
WeldingTest_02_OK,826,2022-02-11 11:47:06.661,22,8,250,241.2,83,1670,1693,1704.72,1714.0,11.72,1.3996,3.6564,0.3828,정상,0,0,0,
WeldingTest_02_OK,827,2022-02-11 11:47:09.423,22,9,250,241.1,82,1154,1673,1677.814,1694.0,4.814,0.5594,3.6564,0.153,정상,0,0,0,
WeldingTest_02_OK,828,2022-02-11 11:47:12.675,22,10,250,241.2,83,1670,1697,1704.876,1717.0,7.876,0.9347,3.6564,0.2556,정상,0,0,0,
WeldingTest_02_OK,829,2022-02-11 11:47:15.489,22,11,250,241.1,82,1154,1675,1677.311,1695.0,2.311,0.2587,3.6564,0.0708,정상,0,0,0,
WeldingTest_02_OK,830,2022-02-11 11:47:18.853,22,12,250,241.2,83,1670,1698,1704.546,1718.0,6.546,0.7867,3.6564,0.2152,정상,0,0,0,
WeldingTest_02_OK,831,2022-02-11 11:47:23.339,22,13,30,19.4,38,650,682,689.461,690.0,7.461,2.0845,3.6564,0.5701,정상,0,0,0,
WeldingTest_02_OK,832,2022-02-11 11:47:25.033,22,14,30,19.4,38,650,680,677.808,688.0,2.192,0.515,3.6564,0.1409,정상,0,0,0,
WeldingTest_02_OK,833,2022-02-11 11:47:28.015,22,15,30,19.4,38,650,680,685.352,688.0,5.352,1.4435,3.6564,0.3948,정상,0,0,0,
WeldingTest_02_OK,834,2022-02-11 11:47:31.387,22,16,30,19.4,38,650,680,679.478,688.0,0.522,0.1241,3.6564,0.0339,정상,0,0,0,
WeldingTest_02_OK,835,2022-02-11 11:47:33.157,22,17,30,19.4,38,650,680,682.453,688.0,2.453,0.6842,3.6564,0.1871,정상,0,0,0,
WeldingTest_02_OK,836,2022-02-11 11:47:34.851,22,18,30,19.4,38,650,680,684.495,688.0,4.495,1.2751,3.6564,0.3487,정상,0,0,0,
WeldingTest_02_OK,837,2022-02-11 11:47:55.441,22,19,250,241.1,83,1670,1689,1697.964,1708.0,8.964,0.9316,3.6564,0.2548,정상,0,0,0,
WeldingTest_02_OK,838,2022-02-11 11:47:58.175,22,20,250,241.2,82,1154,1671,1676.05,1692.0,5.05,0.5771,3.6564,0.1578,정상,0,0,0,
WeldingTest_02_OK,839,2022-02-11 11:48:01.663,22,21,250,241.1,83,1670,1694,1710.076,1714.0,16.076,1.941,3.6564,0.5309,정상,0,0,0,
WeldingTest_02_OK,840,2022-02-11 11:48:04.227,22,22,250,241.2,82,1154,1674,1673.022,1694.0,0.978,0.0981,3.6564,0.0268,정상,0,0,0,
WeldingTest_02_OK,841,2022-02-11 11:48:07.685,22,23,250,241.1,83,1670,1697,1706.843,1717.0,9.843,1.18,3.6564,0.3227,정상,0,0,0,
WeldingTest_02_OK,842,2022-02-11 11:48:10.347,22,24,250,241.2,82,1154,1677,1672.649,1695.0,4.351,0.4838,3.6564,0.1323,정상,0,0,0,
WeldingTest_02_OK,843,2022-02-11 11:48:16.719,22,25,250,241.1,83,1670,1695,1706.456,1714.0,11.456,1.3773,3.6564,0.3767,정상,0,0,0,
WeldingTest_02_OK,844,2022-02-11 11:48:19.367,22,26,250,241.2,82,1154,1675,1673.414,1695.0,1.586,0.1555,3.6564,0.0425,정상,0,0,0,
WeldingTest_02_OK,845,2022-02-11 11:48:22.881,22,27,250,241.1,83,1670,1699,1707.184,1718.0,8.184,0.9794,3.6564,0.2679,정상,0,0,0,
WeldingTest_02_OK,846,2022-02-11 11:48:25.559,22,28,250,241.2,82,1154,1678,1672.879,1697.0,5.121,0.6016,3.6564,0.1645,정상,0,0,0,
WeldingTest_02_OK,847,2022-02-11 11:48:29.133,22,29,250,241.1,83,1670,1699,1707.882,1719.0,8.882,1.0284,3.6564,0.2813,정상,0,0,0,
WeldingTest_02_OK,848,2022-02-11 11:48:31.705,22,30,250,241.2,82,1154,1679,1672.875,1698.0,6.125,0.7488,3.6564,0.2048,정상,0,0,0,
WeldingTest_02_OK,849,2022-02-11 11:48:35.969,22,31,30,19.4,38,650,682,692.454,690.0,10.454,3.0443,3.6564,0.8326,관찰,0,0,0,
WeldingTest_02_OK,850,2022-02-11 11:48:37.641,22,32,30,19.4,38,650,682,675.041,688.0,6.959,1.836,3.6564,0.5021,정상,0,0,0,
WeldingTest_02_OK,851,2022-02-11 11:48:40.711,22,33,30,19.4,38,650,682,682.887,690.0,0.887,0.0426,3.6564,0.0117,정상,0,0,0,
WeldingTest_02_OK,852,2022-02-11 11:48:42.461,22,34,30,19.4,38,650,682,680.787,690.0,1.213,0.1983,3.6564,0.0542,정상,0,0,0,
WeldingTest_02_OK,853,2022-02-11 11:48:45.997,22,35,30,19.4,38,650,682,681.94,690.0,0.06,0.0448,3.6564,0.0123,정상,0,0,0,
WeldingTest_02_OK,854,2022-02-11 11:48:47.711,22,36,30,19.4,38,650,682,684.419,690.0,2.419,0.6383,3.6564,0.1746,정상,0,0,0,
WeldingTest_02_OK,855,2022-02-11 11:48:49.431,22,37,30,19.4,38,650,682,685.472,688.0,3.472,0.9738,3.6564,0.2663,정상,0,0,0,
WeldingTest_02_OK,856,2022-02-11 11:48:52.437,22,38,30,19.4,38,650,682,685.553,690.0,3.553,0.9246,3.6564,0.2529,정상,0,0,0,
WeldingTest_02_OK,857,2022-02-11 11:48:53.927,22,39,30,19.4,38,650,682,683.255,688.0,1.255,0.276,3.6564,0.0755,정상,0,0,0,
WeldingTest_02_OK,858,2022-02-11 11:49:40.591,23,1,250,241.1,82,1154,1665,1684.187,1682.0,19.187,1.7991,3.6564,0.492,정상,0,0,0,
WeldingTest_02_OK,859,2022-02-11 11:49:43.989,23,2,250,241.2,83,1670,1690,1701.931,1707.0,11.931,1.4606,3.6564,0.3995,정상,0,0,0,
WeldingTest_02_OK,860,2022-02-11 11:49:46.839,23,3,250,241.1,82,1153,1671,1683.249,1689.0,12.249,1.5094,3.6564,0.4128,정상,0,0,0,
WeldingTest_02_OK,861,2022-02-11 11:49:50.051,23,4,250,241.2,83,1670,1695,1703.064,1712.0,8.064,0.9461,3.6564,0.2588,정상,0,0,0,
WeldingTest_02_OK,862,2022-02-11 11:49:52.815,23,5,250,241.1,82,1154,1674,1679.021,1692.0,5.021,0.5726,3.6564,0.1566,정상,0,0,0,
WeldingTest_02_OK,863,2022-02-11 11:49:56.101,23,6,250,241.2,83,1670,1698,1703.129,1714.0,5.129,0.6067,3.6564,0.1659,정상,0,0,0,
WeldingTest_02_OK,864,2022-02-11 11:50:01.911,23,7,250,241.1,82,1153,1673,1676.898,1690.0,3.898,0.4513,3.6564,0.1234,정상,0,0,0,
WeldingTest_02_OK,865,2022-02-11 11:50:05.125,23,8,250,241.2,83,1670,1697,1704.99,1714.0,7.99,0.9379,3.6564,0.2565,정상,0,0,0,
WeldingTest_02_OK,866,2022-02-11 11:50:07.915,23,9,250,241.1,82,1154,1677,1677.404,1694.0,0.404,0.0038,3.6564,0.001,정상,0,0,0,
WeldingTest_02_OK,867,2022-02-11 11:50:11.163,23,10,250,241.2,83,1670,1699,1704.876,1717.0,5.876,0.6874,3.6564,0.188,정상,0,0,0,
WeldingTest_02_OK,868,2022-02-11 11:50:13.985,23,11,250,241.1,82,1154,1678,1677.271,1695.0,0.729,0.0559,3.6564,0.0153,정상,0,0,0,
WeldingTest_02_OK,869,2022-02-11 11:50:17.363,23,12,250,241.2,83,1670,1700,1705.635,1718.0,5.635,0.6739,3.6564,0.1843,정상,0,0,0,
WeldingTest_02_OK,870,2022-02-11 11:50:21.745,23,13,30,19.4,38,650,682,689.674,690.0,7.674,2.1481,3.6564,0.5875,정상,0,0,0,
WeldingTest_02_OK,871,2022-02-11 11:50:23.407,23,14,30,19.4,38,650,682,675.374,688.0,6.626,1.8074,3.6564,0.4943,정상,0,0,0,
WeldingTest_02_OK,872,2022-02-11 11:50:26.379,23,15,30,19.4,38,650,682,685.352,688.0,3.352,0.864,3.6564,0.2363,정상,0,0,0,
WeldingTest_02_OK,873,2022-02-11 11:50:29.765,23,16,30,19.4,38,650,682,679.478,688.0,2.522,0.7055,3.6564,0.193,정상,0,0,0,
WeldingTest_02_OK,874,2022-02-11 11:50:31.413,23,17,30,19.4,38,650,682,685.38,688.0,3.38,0.9513,3.6564,0.2602,정상,0,0,0,
WeldingTest_02_OK,875,2022-02-11 11:50:33.105,23,18,30,19.4,38,650,682,684.495,688.0,2.495,0.6979,3.6564,0.1909,정상,0,0,0,
WeldingTest_02_OK,876,2022-02-11 11:50:53.681,23,19,250,241.1,83,1670,1692,1699.008,1708.0,7.008,0.7066,3.6564,0.1932,정상,0,0,0,
WeldingTest_02_OK,877,2022-02-11 11:50:56.363,23,20,250,241.2,82,1154,1674,1676.277,1692.0,2.277,0.223,3.6564,0.061,정상,0,0,0,
WeldingTest_02_OK,878,2022-02-11 11:50:59.765,23,21,250,241.1,83,1670,1697,1709.887,1714.0,12.887,1.548,3.6564,0.4234,정상,0,0,0,
WeldingTest_02_OK,879,2022-02-11 11:51:02.431,23,22,250,241.2,82,1154,1677,1673.035,1694.0,3.965,0.4803,3.6564,0.1314,정상,0,0,0,
WeldingTest_02_OK,880,2022-02-11 11:51:05.889,23,23,250,241.1,83,1670,1699,1706.843,1717.0,7.843,0.9318,3.6564,0.2549,정상,0,0,0,
WeldingTest_02_OK,881,2022-02-11 11:51:08.549,23,24,250,241.2,82,1154,1678,1672.654,1695.0,5.346,0.6117,3.6564,0.1673,정상,0,0,0,
WeldingTest_02_OK,882,2022-02-11 11:51:14.923,23,25,250,241.1,83,1670,1697,1707.187,1714.0,10.187,1.2199,3.6564,0.3336,정상,0,0,0,
WeldingTest_02_OK,883,2022-02-11 11:51:17.561,23,26,250,241.2,82,1154,1678,1673.188,1695.0,4.812,0.5698,3.6564,0.1558,정상,0,0,0,
WeldingTest_02_OK,884,2022-02-11 11:51:21.015,23,27,250,241.1,83,1670,1700,1707.722,1718.0,7.722,0.9221,3.6564,0.2522,정상,0,0,0,
WeldingTest_02_OK,885,2022-02-11 11:51:23.787,23,28,250,241.2,82,1154,1679,1677.681,1697.0,1.319,0.1132,3.6564,0.031,정상,0,0,0,
WeldingTest_02_OK,886,2022-02-11 11:51:27.351,23,29,250,241.1,83,1670,1702,1708.503,1719.0,6.503,0.7331,3.6564,0.2005,정상,0,0,0,
WeldingTest_02_OK,887,2022-02-11 11:51:29.955,23,30,250,241.2,82,1154,1680,1674.303,1698.0,5.697,0.6938,3.6564,0.1897,정상,0,0,0,
WeldingTest_02_OK,888,2022-02-11 11:51:34.279,23,31,30,19.4,38,650,682,692.454,690.0,10.454,3.0443,3.6564,0.8326,관찰,0,0,0,
WeldingTest_02_OK,889,2022-02-11 11:51:35.733,23,32,30,19.4,38,650,682,675.002,688.0,6.998,1.8473,3.6564,0.5052,정상,0,0,0,
WeldingTest_02_OK,890,2022-02-11 11:51:38.809,23,33,30,19.4,38,650,682,682.478,690.0,0.478,0.0757,3.6564,0.0207,정상,0,0,0,
WeldingTest_02_OK,891,2022-02-11 11:51:40.547,23,34,30,19.4,38,650,682,682.198,690.0,0.198,0.0964,3.6564,0.0264,정상,0,0,0,
WeldingTest_02_OK,892,2022-02-11 11:51:43.997,23,35,30,19.4,38,650,682,686.079,690.0,4.079,1.1185,3.6564,0.3059,정상,0,0,0,
WeldingTest_02_OK,893,2022-02-11 11:51:45.729,23,36,30,19.4,38,650,682,684.398,690.0,2.398,0.6323,3.6564,0.1729,정상,0,0,0,
WeldingTest_02_OK,894,2022-02-11 11:51:47.445,23,37,30,19.4,38,650,682,685.472,688.0,3.472,0.9738,3.6564,0.2663,정상,0,0,0,
WeldingTest_02_OK,895,2022-02-11 11:51:50.417,23,38,30,19.4,38,650,682,685.529,690.0,3.529,0.9177,3.6564,0.251,정상,0,0,0,
WeldingTest_02_OK,896,2022-02-11 11:51:51.957,23,39,30,19.4,38,650,682,683.106,688.0,1.106,0.233,3.6564,0.0637,정상,0,0,0,
WeldingTest_02_OK,897,2022-02-11 11:52:39.465,24,1,250,241.1,82,1154,1665,1683.977,1682.0,18.977,1.7743,3.6564,0.4853,정상,0,0,0,
WeldingTest_02_OK,898,2022-02-11 11:52:42.859,24,2,250,241.2,83,1670,1692,1701.931,1707.0,9.931,1.2117,3.6564,0.3314,정상,0,0,0,
WeldingTest_02_OK,899,2022-02-11 11:52:45.635,24,3,250,241.1,82,1153,1673,1682.781,1689.0,9.781,1.194,3.6564,0.3266,정상,0,0,0,
WeldingTest_02_OK,900,2022-02-11 11:52:48.849,24,4,250,241.2,83,1670,1697,1703.064,1712.0,6.064,0.6975,3.6564,0.1908,정상,0,0,0,
WeldingTest_02_OK,901,2022-02-11 11:52:51.633,24,5,250,241.1,82,1154,1675,1678.871,1692.0,3.871,0.4253,3.6564,0.1163,정상,0,0,0,
WeldingTest_02_OK,902,2022-02-11 11:52:54.961,24,6,250,241.2,83,1670,1698,1703.092,1714.0,5.092,0.6021,3.6564,0.1647,정상,0,0,0,
WeldingTest_02_OK,903,2022-02-11 11:53:00.669,24,7,250,241.1,82,1153,1673,1676.863,1690.0,3.863,0.4468,3.6564,0.1222,정상,0,0,0,
WeldingTest_02_OK,904,2022-02-11 11:53:03.989,24,8,250,241.2,83,1670,1698,1704.657,1714.0,6.657,0.7729,3.6564,0.2114,정상,0,0,0,
WeldingTest_02_OK,905,2022-02-11 11:53:06.787,24,9,250,241.1,82,1154,1677,1677.407,1694.0,0.407,0.0035,3.6564,0.001,정상,0,0,0,
WeldingTest_02_OK,906,2022-02-11 11:53:10.071,24,10,250,241.2,83,1670,1700,1704.639,1717.0,4.639,0.5344,3.6564,0.1462,정상,0,0,0,
WeldingTest_02_OK,907,2022-02-11 11:53:12.906,24,11,250,241.1,82,1154,1679,1677.825,1695.0,1.175,0.113,3.6564,0.0309,정상,0,0,0,
WeldingTest_02_OK,908,2022-02-11 11:53:16.298,24,12,250,241.2,83,1670,1700,1706.285,1718.0,6.285,0.7544,3.6564,0.2063,정상,0,0,0,
WeldingTest_02_OK,909,2022-02-11 11:53:20.854,24,13,30,19.4,38,650,682,689.737,690.0,7.737,2.1668,3.6564,0.5926,정상,0,0,0,
WeldingTest_02_OK,910,2022-02-11 11:53:22.546,24,14,30,19.4,38,650,682,677.808,688.0,4.192,1.098,3.6564,0.3003,정상,0,0,0,
WeldingTest_02_OK,911,2022-02-11 11:53:25.476,24,15,30,19.4,38,650,682,681.044,688.0,0.956,0.1697,3.6564,0.0464,정상,0,0,0,
WeldingTest_02_OK,912,2022-02-11 11:53:28.890,24,16,30,19.4,38,650,682,679.478,688.0,2.522,0.7055,3.6564,0.193,정상,0,0,0,
WeldingTest_02_OK,913,2022-02-11 11:53:30.644,24,17,30,19.4,38,650,682,683.409,688.0,1.409,0.383,3.6564,0.1047,정상,0,0,0,
WeldingTest_02_OK,914,2022-02-11 11:53:32.362,24,18,30,19.4,38,650,682,684.226,688.0,2.226,0.6203,3.6564,0.1697,정상,0,0,0,
WeldingTest_02_OK,915,2022-02-11 11:53:53.742,24,19,250,241.1,83,1670,1692,1697.805,1708.0,5.805,0.5683,3.6564,0.1554,정상,0,0,0,
WeldingTest_02_OK,916,2022-02-11 11:53:56.360,24,20,250,241.2,82,1154,1673,1676.385,1692.0,3.385,0.3645,3.6564,0.0997,정상,0,0,0,
WeldingTest_02_OK,917,2022-02-11 11:53:59.764,24,21,250,241.1,83,1670,1697,1709.887,1714.0,12.887,1.548,3.6564,0.4234,정상,0,0,0,
WeldingTest_02_OK,918,2022-02-11 11:54:02.550,24,22,250,241.2,82,1154,1677,1677.7,1694.0,0.7,0.0625,3.6564,0.0171,정상,0,0,0,
WeldingTest_02_OK,919,2022-02-11 11:54:05.990,24,23,250,241.1,83,1670,1699,1706.634,1717.0,7.634,0.906,3.6564,0.2478,정상,0,0,0,
WeldingTest_02_OK,920,2022-02-11 11:54:08.664,24,24,250,241.2,82,1154,1679,1672.636,1695.0,6.364,0.7424,3.6564,0.203,정상,0,0,0,
WeldingTest_02_OK,921,2022-02-11 11:54:15.238,24,25,250,241.1,83,1670,1697,1707.876,1714.0,10.876,1.3054,3.6564,0.357,정상,0,0,0,
WeldingTest_02_OK,922,2022-02-11 11:54:17.854,24,26,250,241.2,82,1154,1678,1673.322,1695.0,4.678,0.5526,3.6564,0.1511,정상,0,0,0,
WeldingTest_02_OK,923,2022-02-11 11:54:21.248,24,27,250,241.1,83,1670,1700,1707.719,1718.0,7.719,0.9218,3.6564,0.2521,정상,0,0,0,
WeldingTest_02_OK,924,2022-02-11 11:54:23.942,24,28,250,241.2,82,1154,1679,1672.891,1697.0,6.109,0.7285,3.6564,0.1992,정상,0,0,0,
WeldingTest_02_OK,925,2022-02-11 11:54:27.438,24,29,250,241.1,83,1670,1702,1708.503,1719.0,6.503,0.7331,3.6564,0.2005,정상,0,0,0,
WeldingTest_02_OK,926,2022-02-11 11:54:30.018,24,30,250,241.2,82,1154,1680,1674.399,1698.0,5.601,0.6814,3.6564,0.1864,정상,0,0,0,
WeldingTest_02_OK,927,2022-02-11 11:54:34.462,24,31,30,19.4,38,650,682,692.501,690.0,10.501,3.0583,3.6564,0.8364,관찰,0,0,0,
WeldingTest_02_OK,928,2022-02-11 11:54:36.018,24,32,30,19.4,38,650,682,675.0,688.0,7.0,1.8479,3.6564,0.5054,정상,0,0,0,
WeldingTest_02_OK,929,2022-02-11 11:54:39.094,24,33,30,19.4,38,650,682,682.478,690.0,0.478,0.0757,3.6564,0.0207,정상,0,0,0,
WeldingTest_02_OK,930,2022-02-11 11:54:40.862,24,34,30,19.4,38,650,682,679.99,690.0,2.01,0.4298,3.6564,0.1176,정상,0,0,0,
WeldingTest_02_OK,931,2022-02-11 11:54:44.432,24,35,30,19.4,38,650,682,681.408,690.0,0.592,0.1093,3.6564,0.0299,정상,0,0,0,
WeldingTest_02_OK,932,2022-02-11 11:54:46.116,24,36,30,19.4,38,650,682,681.451,690.0,0.549,0.0959,3.6564,0.0262,정상,0,0,0,
WeldingTest_02_OK,933,2022-02-11 11:54:47.838,24,37,30,19.4,38,650,682,685.485,688.0,3.485,0.9777,3.6564,0.2674,정상,0,0,0,
WeldingTest_02_OK,934,2022-02-11 11:54:50.824,24,38,30,19.4,38,650,682,685.553,690.0,3.553,0.9246,3.6564,0.2529,정상,0,0,0,
WeldingTest_02_OK,935,2022-02-11 11:54:52.332,24,39,30,19.4,38,650,682,683.213,688.0,1.213,0.264,3.6564,0.0722,정상,0,0,0,
WeldingTest_02_OK,936,2022-02-11 11:55:38.638,25,1,250,241.1,82,1154,1666,1684.187,1682.0,18.187,1.6818,3.6564,0.46,정상,0,0,0,
WeldingTest_02_OK,937,2022-02-11 11:55:41.886,25,2,250,241.2,83,1670,1692,1702.203,1707.0,10.203,1.2456,3.6564,0.3407,정상,0,0,0,
WeldingTest_02_OK,938,2022-02-11 11:55:44.762,25,3,250,241.1,82,1153,1673,1683.271,1689.0,10.271,1.2567,3.6564,0.3437,정상,0,0,0,
WeldingTest_02_OK,939,2022-02-11 11:55:47.952,25,4,250,241.2,83,1670,1697,1702.893,1712.0,5.893,0.6763,3.6564,0.185,정상,0,0,0,
WeldingTest_02_OK,940,2022-02-11 11:55:50.688,25,5,250,241.1,82,1154,1675,1674.753,1692.0,0.247,0.039,3.6564,0.0107,정상,0,0,0,
WeldingTest_02_OK,941,2022-02-11 11:55:53.950,25,6,250,241.2,83,1670,1698,1703.362,1714.0,5.362,0.6356,3.6564,0.1738,정상,0,0,0,
WeldingTest_02_OK,942,2022-02-11 11:55:59.658,25,7,250,241.1,82,1153,1674,1676.863,1690.0,2.863,0.3191,3.6564,0.0873,정상,0,0,0,
WeldingTest_02_OK,943,2022-02-11 11:56:02.932,25,8,250,241.2,83,1670,1698,1704.722,1714.0,6.722,0.7809,3.6564,0.2136,정상,0,0,0,
WeldingTest_02_OK,944,2022-02-11 11:56:05.698,25,9,250,241.1,82,1154,1678,1677.484,1694.0,0.516,0.0105,3.6564,0.0029,정상,0,0,0,
WeldingTest_02_OK,945,2022-02-11 11:56:09.028,25,10,250,241.2,83,1670,1700,1705.673,1717.0,5.673,0.6622,3.6564,0.1811,정상,0,0,0,
WeldingTest_02_OK,946,2022-02-11 11:56:11.794,25,11,250,241.1,82,1154,1679,1677.155,1695.0,1.845,0.199,3.6564,0.0544,정상,0,0,0,
WeldingTest_02_OK,947,2022-02-11 11:56:15.088,25,12,250,241.2,83,1670,1702,1706.33,1718.0,4.33,0.5123,3.6564,0.1401,정상,0,0,0,
WeldingTest_02_OK,948,2022-02-11 11:56:19.632,25,13,30,19.4,38,650,682,689.701,690.0,7.701,2.156,3.6564,0.5897,정상,0,0,0,
WeldingTest_02_OK,949,2022-02-11 11:56:21.356,25,14,30,19.4,38,650,682,677.958,688.0,4.042,1.0542,3.6564,0.2883,정상,0,0,0,
WeldingTest_02_OK,950,2022-02-11 11:56:24.276,25,15,30,19.4,38,650,682,682.029,688.0,0.029,0.0988,3.6564,0.027,정상,0,0,0,
WeldingTest_02_OK,951,2022-02-11 11:56:27.690,25,16,30,19.4,38,650,682,679.478,688.0,2.522,0.7055,3.6564,0.193,정상,0,0,0,
WeldingTest_02_OK,952,2022-02-11 11:56:29.440,25,17,30,19.4,38,650,682,683.409,688.0,1.409,0.383,3.6564,0.1047,정상,0,0,0,
WeldingTest_02_OK,953,2022-02-11 11:56:31.130,25,18,30,19.4,38,650,682,683.207,688.0,1.207,0.3263,3.6564,0.0892,정상,0,0,0,
WeldingTest_02_OK,954,2022-02-11 11:56:51.958,25,19,250,241.1,83,1670,1692,1697.964,1708.0,5.964,0.5865,3.6564,0.1604,정상,0,0,0,
WeldingTest_02_OK,955,2022-02-11 11:56:54.594,25,20,250,241.2,82,1154,1673,1676.348,1692.0,3.348,0.3598,3.6564,0.0984,정상,0,0,0,
WeldingTest_02_OK,956,2022-02-11 11:56:58.082,25,21,250,241.1,83,1670,1697,1710.076,1714.0,13.076,1.5713,3.6564,0.4297,정상,0,0,0,
WeldingTest_02_OK,957,2022-02-11 11:57:00.760,25,22,250,241.2,82,1154,1677,1672.986,1694.0,4.014,0.4866,3.6564,0.1331,정상,0,0,0,
WeldingTest_02_OK,958,2022-02-11 11:57:04.312,25,23,250,241.1,83,1670,1699,1706.848,1717.0,7.848,0.9325,3.6564,0.255,정상,0,0,0,
WeldingTest_02_OK,959,2022-02-11 11:57:06.954,25,24,250,241.2,82,1154,1679,1672.695,1695.0,6.305,0.7348,3.6564,0.201,정상,0,0,0,
WeldingTest_02_OK,960,2022-02-11 11:57:13.316,25,25,250,241.1,83,1670,1697,1707.784,1714.0,10.784,1.294,3.6564,0.3539,정상,0,0,0,
WeldingTest_02_OK,961,2022-02-11 11:57:15.938,25,26,250,241.2,82,1154,1678,1673.321,1695.0,4.679,0.5527,3.6564,0.1512,정상,0,0,0,
WeldingTest_02_OK,962,2022-02-11 11:57:19.382,25,27,250,241.1,83,1670,1700,1707.729,1718.0,7.729,0.923,3.6564,0.2524,정상,0,0,0,
WeldingTest_02_OK,963,2022-02-11 11:57:22.042,25,28,250,241.2,82,1154,1679,1672.898,1697.0,6.102,0.7275,3.6564,0.199,정상,0,0,0,
WeldingTest_02_OK,964,2022-02-11 11:57:25.542,25,29,250,241.1,83,1670,1702,1708.503,1719.0,6.503,0.7331,3.6564,0.2005,정상,0,0,0,
WeldingTest_02_OK,965,2022-02-11 11:57:28.154,25,30,250,241.2,82,1154,1680,1674.316,1698.0,5.684,0.6921,3.6564,0.1893,정상,0,0,0,
WeldingTest_02_OK,966,2022-02-11 11:57:32.594,25,31,30,19.4,38,650,682,692.501,690.0,10.501,3.0583,3.6564,0.8364,관찰,0,0,0,
WeldingTest_02_OK,967,2022-02-11 11:57:34.112,25,32,30,19.4,38,650,682,674.916,688.0,7.084,1.8726,3.6564,0.5121,정상,0,0,0,
WeldingTest_02_OK,968,2022-02-11 11:57:37.182,25,33,30,19.4,38,650,682,682.887,690.0,0.887,0.0426,3.6564,0.0117,정상,0,0,0,
WeldingTest_02_OK,969,2022-02-11 11:57:38.938,25,34,30,19.4,38,650,682,680.787,690.0,1.213,0.1983,3.6564,0.0542,정상,0,0,0,
WeldingTest_02_OK,970,2022-02-11 11:57:42.382,25,35,30,19.4,38,650,682,686.079,690.0,4.079,1.1185,3.6564,0.3059,정상,0,0,0,
WeldingTest_02_OK,971,2022-02-11 11:57:44.122,25,36,30,19.4,38,650,682,683.128,690.0,1.128,0.2639,3.6564,0.0722,정상,0,0,0,
WeldingTest_02_OK,972,2022-02-11 11:57:45.830,25,37,30,19.4,38,650,682,684.86,688.0,2.86,0.7974,3.6564,0.2181,정상,0,0,0,
WeldingTest_02_OK,973,2022-02-11 11:57:48.828,25,38,30,19.4,38,650,682,685.553,690.0,3.553,0.9246,3.6564,0.2529,정상,0,0,0,
WeldingTest_02_OK,974,2022-02-11 11:57:50.300,25,39,30,19.4,38,650,682,683.255,688.0,1.255,0.276,3.6564,0.0755,정상,0,0,0,
WeldingTest_02_OK,975,2022-02-11 13:04:40.464,26,1,250,241.1,82,1154,1660,1682.847,1682.0,22.847,2.2282,3.6564,0.6094,정상,0,0,0,
WeldingTest_02_OK,976,2022-02-11 13:04:43.734,26,2,250,241.2,83,1670,1685,1701.969,1707.0,16.969,2.0876,3.6564,0.5709,정상,0,0,0,
WeldingTest_02_OK,977,2022-02-11 13:04:46.576,26,3,250,241.1,82,1153,1666,1683.111,1689.0,17.111,2.1305,3.6564,0.5827,정상,0,0,0,
WeldingTest_02_OK,978,2022-02-11 13:04:49.828,26,4,250,241.2,83,1670,1690,1703.032,1712.0,13.032,1.5637,3.6564,0.4277,정상,0,0,0,
WeldingTest_02_OK,979,2022-02-11 13:04:52.652,26,5,250,241.1,82,1154,1670,1679.041,1692.0,9.041,1.0876,3.6564,0.2975,정상,0,0,0,
WeldingTest_02_OK,980,2022-02-11 13:04:55.960,26,6,250,241.2,83,1670,1693,1703.122,1714.0,10.122,1.2271,3.6564,0.3356,정상,0,0,0,
WeldingTest_02_OK,981,2022-02-11 13:05:01.740,26,7,250,241.1,82,1153,1667,1676.854,1690.0,9.854,1.2118,3.6564,0.3314,정상,0,0,0,
WeldingTest_02_OK,982,2022-02-11 13:05:05.058,26,8,250,241.2,83,1670,1693,1704.657,1714.0,11.657,1.3918,3.6564,0.3807,정상,0,0,0,
WeldingTest_02_OK,983,2022-02-11 13:05:07.890,26,9,250,241.1,82,1154,1673,1677.513,1694.0,4.513,0.5209,3.6564,0.1425,정상,0,0,0,
WeldingTest_02_OK,984,2022-02-11 13:05:11.234,26,10,250,241.2,83,1670,1695,1704.576,1717.0,9.576,1.1449,3.6564,0.3131,정상,0,0,0,
WeldingTest_02_OK,985,2022-02-11 13:05:14.088,26,11,250,241.1,82,1154,1674,1677.796,1695.0,3.796,0.4491,3.6564,0.1228,정상,0,0,0,
WeldingTest_02_OK,986,2022-02-11 13:05:17.338,26,12,250,241.2,83,1670,1697,1704.847,1718.0,7.847,0.9478,3.6564,0.2592,정상,0,0,0,
WeldingTest_02_OK,987,2022-02-11 13:05:22.022,26,13,30,19.4,38,650,682,688.795,690.0,6.795,1.8862,3.6564,0.5159,정상,0,0,0,
WeldingTest_02_OK,988,2022-02-11 13:05:23.688,26,14,30,19.4,38,650,680,675.374,688.0,4.626,1.2244,3.6564,0.3349,정상,0,0,0,
WeldingTest_02_OK,989,2022-02-11 13:05:26.648,26,15,30,19.4,38,650,680,685.352,688.0,5.352,1.4435,3.6564,0.3948,정상,0,0,0,
WeldingTest_02_OK,990,2022-02-11 13:05:30.036,26,16,30,19.4,38,650,680,679.478,688.0,0.522,0.1241,3.6564,0.0339,정상,0,0,0,
WeldingTest_02_OK,991,2022-02-11 13:05:31.700,26,17,30,19.4,38,650,680,685.38,688.0,5.38,1.5279,3.6564,0.4179,정상,0,0,0,
WeldingTest_02_OK,992,2022-02-11 13:05:33.382,26,18,30,19.4,38,650,680,683.207,688.0,3.207,0.9036,3.6564,0.2471,정상,0,0,0,
WeldingTest_02_OK,993,2022-02-11 13:05:54.124,26,19,250,241.1,83,1670,1688,1697.964,1708.0,9.964,1.0466,3.6564,0.2862,정상,0,0,0,
WeldingTest_02_OK,994,2022-02-11 13:05:56.866,26,20,250,241.2,82,1154,1670,1676.026,1692.0,6.026,0.7017,3.6564,0.1919,정상,0,0,0,
WeldingTest_02_OK,995,2022-02-11 13:06:00.316,26,21,250,241.1,83,1670,1694,1709.85,1714.0,15.85,1.9132,3.6564,0.5232,정상,0,0,0,
WeldingTest_02_OK,996,2022-02-11 13:06:02.960,26,22,250,241.2,82,1154,1674,1673.075,1694.0,0.925,0.0913,3.6564,0.025,정상,0,0,0,
WeldingTest_02_OK,997,2022-02-11 13:06:06.432,26,23,250,241.1,83,1670,1697,1706.843,1717.0,9.843,1.18,3.6564,0.3227,정상,0,0,0,
WeldingTest_02_OK,998,2022-02-11 13:06:09.016,26,24,250,241.2,82,1154,1677,1672.641,1695.0,4.359,0.4849,3.6564,0.1326,정상,0,0,0,
WeldingTest_02_OK,999,2022-02-11 13:06:15.370,26,25,250,241.1,83,1670,1695,1706.456,1714.0,11.456,1.3773,3.6564,0.3767,정상,0,0,0,
WeldingTest_02_OK,1000,2022-02-11 13:06:18.056,26,26,250,241.2,82,1154,1677,1673.38,1695.0,3.62,0.4167,3.6564,0.114,정상,0,0,0,
WeldingTest_02_OK,1001,2022-02-11 13:06:21.548,26,27,250,241.1,83,1670,1698,1707.184,1718.0,9.184,1.1036,3.6564,0.3018,정상,0,0,0,
WeldingTest_02_OK,1002,2022-02-11 13:06:24.214,26,28,250,241.2,82,1154,1678,1672.944,1697.0,5.056,0.5932,3.6564,0.1622,정상,0,0,0,
WeldingTest_02_OK,1003,2022-02-11 13:06:27.710,26,29,250,241.1,83,1670,1699,1707.882,1719.0,8.882,1.0284,3.6564,0.2813,정상,0,0,0,
WeldingTest_02_OK,1004,2022-02-11 13:06:30.348,26,30,250,241.2,82,1154,1679,1672.715,1698.0,6.285,0.7692,3.6564,0.2104,정상,0,0,0,
WeldingTest_02_OK,1005,2022-02-11 13:06:34.732,26,31,30,19.4,38,650,682,692.501,690.0,10.501,3.0583,3.6564,0.8364,관찰,0,0,0,
WeldingTest_02_OK,1006,2022-02-11 13:06:36.278,26,32,30,19.4,38,650,682,675.0,688.0,7.0,1.8479,3.6564,0.5054,정상,0,0,0,
WeldingTest_02_OK,1007,2022-02-11 13:06:39.364,26,33,30,19.4,38,650,682,684.814,690.0,2.814,0.6,3.6564,0.1641,정상,0,0,0,
WeldingTest_02_OK,1008,2022-02-11 13:06:41.146,26,34,30,19.4,38,650,682,680.027,690.0,1.973,0.419,3.6564,0.1146,정상,0,0,0,
WeldingTest_02_OK,1009,2022-02-11 13:06:44.676,26,35,30,19.4,38,650,682,681.94,690.0,0.06,0.0448,3.6564,0.0123,정상,0,0,0,
WeldingTest_02_OK,1010,2022-02-11 13:06:46.408,26,36,30,19.4,38,650,682,684.398,690.0,2.398,0.6323,3.6564,0.1729,정상,0,0,0,
WeldingTest_02_OK,1011,2022-02-11 13:06:48.110,26,37,30,19.4,38,650,682,685.654,688.0,3.654,1.0265,3.6564,0.2807,정상,0,0,0,
WeldingTest_02_OK,1012,2022-02-11 13:06:51.074,26,38,30,19.4,38,650,682,685.529,690.0,3.529,0.9177,3.6564,0.251,정상,0,0,0,
WeldingTest_02_OK,1013,2022-02-11 13:06:52.586,26,39,30,19.4,38,650,682,682.97,688.0,0.97,0.1937,3.6564,0.053,정상,0,0,0,
WeldingTest_02_OK,1014,2022-02-11 13:07:40.540,27,1,250,241.1,82,1154,1665,1683.977,1682.0,18.977,1.7743,3.6564,0.4853,정상,0,0,0,
WeldingTest_02_OK,1015,2022-02-11 13:07:43.846,27,2,250,241.2,83,1670,1690,1701.969,1707.0,11.969,1.4653,3.6564,0.4008,정상,0,0,0,
WeldingTest_02_OK,1016,2022-02-11 13:07:46.654,27,3,250,241.1,82,1153,1671,1682.707,1689.0,11.707,1.4402,3.6564,0.3939,정상,0,0,0,
WeldingTest_02_OK,1017,2022-02-11 13:07:50.016,27,4,250,241.2,83,1670,1695,1702.753,1712.0,7.753,0.9075,3.6564,0.2482,정상,0,0,0,
WeldingTest_02_OK,1018,2022-02-11 13:07:52.782,27,5,250,241.1,82,1154,1674,1678.645,1692.0,4.645,0.5244,3.6564,0.1434,정상,0,0,0,
WeldingTest_02_OK,1019,2022-02-11 13:07:56.034,27,6,250,241.2,83,1670,1698,1703.364,1714.0,5.364,0.6359,3.6564,0.1739,정상,0,0,0,
WeldingTest_02_OK,1020,2022-02-11 13:08:01.840,27,7,250,241.1,82,1153,1671,1676.898,1690.0,5.898,0.7067,3.6564,0.1933,정상,0,0,0,
WeldingTest_02_OK,1021,2022-02-11 13:08:05.062,27,8,250,241.2,83,1670,1697,1704.977,1714.0,7.977,0.9363,3.6564,0.2561,정상,0,0,0,
WeldingTest_02_OK,1022,2022-02-11 13:08:07.878,27,9,250,241.1,82,1154,1677,1677.645,1694.0,0.645,0.0269,3.6564,0.0074,정상,0,0,0,
WeldingTest_02_OK,1023,2022-02-11 13:08:11.118,27,10,250,241.2,83,1670,1699,1704.876,1717.0,5.876,0.6874,3.6564,0.188,정상,0,0,0,
WeldingTest_02_OK,1024,2022-02-11 13:08:13.876,27,11,250,241.1,82,1154,1678,1677.448,1695.0,0.552,0.0332,3.6564,0.0091,정상,0,0,0,
WeldingTest_02_OK,1025,2022-02-11 13:08:17.142,27,12,250,241.2,83,1670,1700,1705.699,1718.0,5.699,0.6818,3.6564,0.1865,정상,0,0,0,
WeldingTest_02_OK,1026,2022-02-11 13:08:21.718,27,13,30,19.4,38,650,682,689.737,690.0,7.737,2.1668,3.6564,0.5926,정상,0,0,0,
WeldingTest_02_OK,1027,2022-02-11 13:08:23.408,27,14,30,19.4,38,650,682,676.309,688.0,5.691,1.5347,3.6564,0.4197,정상,0,0,0,
WeldingTest_02_OK,1028,2022-02-11 13:08:26.322,27,15,30,19.4,38,650,682,682.029,688.0,0.029,0.0988,3.6564,0.027,정상,0,0,0,
WeldingTest_02_OK,1029,2022-02-11 13:08:29.622,27,16,30,19.4,38,650,682,679.366,688.0,2.634,0.738,3.6564,0.2018,정상,0,0,0,
WeldingTest_02_OK,1030,2022-02-11 13:08:31.322,27,17,30,19.4,38,650,682,687.783,688.0,5.783,1.644,3.6564,0.4496,정상,0,0,0,
WeldingTest_02_OK,1031,2022-02-11 13:08:33.012,27,18,30,19.4,38,650,682,683.207,688.0,1.207,0.3263,3.6564,0.0892,정상,0,0,0,
WeldingTest_02_OK,1032,2022-02-11 13:08:53.842,27,19,250,241.1,83,1670,1690,1697.964,1708.0,7.964,0.8165,3.6564,0.2233,정상,0,0,0,
WeldingTest_02_OK,1033,2022-02-11 13:08:56.532,27,20,250,241.2,82,1154,1673,1676.275,1692.0,3.275,0.3504,3.6564,0.0958,정상,0,0,0,
WeldingTest_02_OK,1034,2022-02-11 13:08:59.928,27,21,250,241.1,83,1670,1697,1709.887,1714.0,12.887,1.548,3.6564,0.4234,정상,0,0,0,
WeldingTest_02_OK,1035,2022-02-11 13:09:02.596,27,22,250,241.2,82,1154,1675,1673.035,1694.0,1.965,0.2244,3.6564,0.0614,정상,0,0,0,
WeldingTest_02_OK,1036,2022-02-11 13:09:06.108,27,23,250,241.1,83,1670,1699,1706.848,1717.0,7.848,0.9325,3.6564,0.255,정상,0,0,0,
WeldingTest_02_OK,1037,2022-02-11 13:09:08.716,27,24,250,241.2,82,1154,1678,1672.565,1695.0,5.435,0.6231,3.6564,0.1704,정상,0,0,0,
WeldingTest_02_OK,1038,2022-02-11 13:09:15.100,27,25,250,241.1,83,1670,1697,1707.187,1714.0,10.187,1.2199,3.6564,0.3336,정상,0,0,0,
WeldingTest_02_OK,1039,2022-02-11 13:09:17.738,27,26,250,241.2,82,1154,1677,1673.188,1695.0,3.812,0.4414,3.6564,0.1207,정상,0,0,0,
WeldingTest_02_OK,1040,2022-02-11 13:09:21.252,27,27,250,241.1,83,1670,1699,1707.184,1718.0,8.184,0.9794,3.6564,0.2679,정상,0,0,0,
WeldingTest_02_OK,1041,2022-02-11 13:09:23.910,27,28,250,241.2,82,1154,1679,1672.887,1697.0,6.113,0.729,3.6564,0.1994,정상,0,0,0,
WeldingTest_02_OK,1042,2022-02-11 13:09:27.356,27,29,250,241.1,83,1670,1702,1708.293,1719.0,6.293,0.707,3.6564,0.1934,정상,0,0,0,
WeldingTest_02_OK,1043,2022-02-11 13:09:30.006,27,30,250,241.2,82,1154,1680,1674.411,1698.0,5.589,0.6799,3.6564,0.186,정상,0,0,0,
WeldingTest_02_OK,1044,2022-02-11 13:09:34.494,27,31,30,19.4,38,650,682,692.501,690.0,10.501,3.0583,3.6564,0.8364,관찰,0,0,0,
WeldingTest_02_OK,1045,2022-02-11 13:09:35.976,27,32,30,19.4,38,650,682,675.002,688.0,6.998,1.8473,3.6564,0.5052,정상,0,0,0,
WeldingTest_02_OK,1046,2022-02-11 13:09:39.048,27,33,30,19.4,38,650,682,682.887,690.0,0.887,0.0426,3.6564,0.0117,정상,0,0,0,
WeldingTest_02_OK,1047,2022-02-11 13:09:40.840,27,34,30,19.4,38,650,682,680.027,690.0,1.973,0.419,3.6564,0.1146,정상,0,0,0,
WeldingTest_02_OK,1048,2022-02-11 13:09:44.328,27,35,30,19.4,38,650,682,681.932,690.0,0.068,0.0423,3.6564,0.0116,정상,0,0,0,
WeldingTest_02_OK,1049,2022-02-11 13:09:46.080,27,36,30,19.4,38,650,682,681.913,690.0,0.087,0.0381,3.6564,0.0104,정상,0,0,0,
WeldingTest_02_OK,1050,2022-02-11 13:09:47.828,27,37,30,19.4,38,650,682,685.091,688.0,3.091,0.864,3.6564,0.2363,정상,0,0,0,
WeldingTest_02_OK,1051,2022-02-11 13:09:50.882,27,38,30,19.4,38,650,682,681.786,690.0,0.214,0.0422,3.6564,0.0115,정상,0,0,0,
WeldingTest_02_OK,1052,2022-02-11 13:09:52.376,27,39,30,19.4,38,650,682,683.255,688.0,1.255,0.276,3.6564,0.0755,정상,0,0,0,
WeldingTest_02_OK,1053,2022-02-11 13:10:39.826,28,1,250,241.1,82,1154,1666,1684.076,1682.0,18.076,1.6687,3.6564,0.4564,정상,0,0,0,
WeldingTest_02_OK,1054,2022-02-11 13:10:43.018,28,2,250,241.2,83,1670,1692,1702.229,1707.0,10.229,1.2488,3.6564,0.3416,정상,0,0,0,
WeldingTest_02_OK,1055,2022-02-11 13:10:45.810,28,3,250,241.1,82,1153,1673,1682.688,1689.0,9.688,1.1822,3.6564,0.3233,정상,0,0,0,
WeldingTest_02_OK,1056,2022-02-11 13:10:49.010,28,4,250,241.2,83,1670,1695,1703.064,1712.0,8.064,0.9461,3.6564,0.2588,정상,0,0,0,
WeldingTest_02_OK,1057,2022-02-11 13:10:51.784,28,5,250,241.1,82,1154,1674,1678.645,1692.0,4.645,0.5244,3.6564,0.1434,정상,0,0,0,
WeldingTest_02_OK,1058,2022-02-11 13:10:55.029,28,6,250,241.2,83,1670,1698,1703.364,1714.0,5.364,0.6359,3.6564,0.1739,정상,0,0,0,
WeldingTest_02_OK,1059,2022-02-11 13:11:00.733,28,7,250,241.1,82,1153,1673,1676.863,1690.0,3.863,0.4468,3.6564,0.1222,정상,0,0,0,
WeldingTest_02_OK,1060,2022-02-11 13:11:03.953,28,8,250,241.2,83,1670,1698,1704.99,1714.0,6.99,0.8141,3.6564,0.2226,정상,0,0,0,
WeldingTest_02_OK,1061,2022-02-11 13:11:06.793,28,9,250,241.1,82,1154,1677,1678.1,1694.0,1.1,0.0851,3.6564,0.0233,정상,0,0,0,
WeldingTest_02_OK,1062,2022-02-11 13:11:10.061,28,10,250,241.2,83,1670,1699,1704.864,1717.0,5.864,0.6858,3.6564,0.1876,정상,0,0,0,
WeldingTest_02_OK,1063,2022-02-11 13:11:12.891,28,11,250,241.1,82,1154,1678,1677.294,1695.0,0.706,0.053,3.6564,0.0145,정상,0,0,0,
WeldingTest_02_OK,1064,2022-02-11 13:11:16.223,28,12,250,241.2,83,1670,1700,1705.637,1718.0,5.637,0.6741,3.6564,0.1844,정상,0,0,0,
WeldingTest_02_OK,1065,2022-02-11 13:11:20.775,28,13,30,19.4,38,650,682,689.701,690.0,7.701,2.156,3.6564,0.5897,정상,0,0,0,
WeldingTest_02_OK,1066,2022-02-11 13:11:22.493,28,14,30,19.4,38,650,682,677.884,688.0,4.116,1.0757,3.6564,0.2942,정상,0,0,0,
WeldingTest_02_OK,1067,2022-02-11 13:11:25.413,28,15,30,19.4,38,650,682,682.029,688.0,0.029,0.0988,3.6564,0.027,정상,0,0,0,
WeldingTest_02_OK,1068,2022-02-11 13:11:28.755,28,16,30,19.4,38,650,682,679.478,688.0,2.522,0.7055,3.6564,0.193,정상,0,0,0,
WeldingTest_02_OK,1069,2022-02-11 13:11:30.501,28,17,30,19.4,38,650,682,685.036,688.0,3.036,0.8521,3.6564,0.233,정상,0,0,0,
WeldingTest_02_OK,1070,2022-02-11 13:11:32.179,28,18,30,19.4,38,650,682,682.062,688.0,0.062,0.0044,3.6564,0.0012,정상,0,0,0,
WeldingTest_02_OK,1071,2022-02-11 13:11:53.037,28,19,250,241.1,83,1670,1690,1697.964,1708.0,7.964,0.8165,3.6564,0.2233,정상,0,0,0,
WeldingTest_02_OK,1072,2022-02-11 13:11:55.709,28,20,250,241.2,82,1154,1674,1676.306,1692.0,2.306,0.2267,3.6564,0.062,정상,0,0,0,
WeldingTest_02_OK,1073,2022-02-11 13:11:59.155,28,21,250,241.1,83,1670,1697,1709.868,1714.0,12.868,1.5457,3.6564,0.4227,정상,0,0,0,
WeldingTest_02_OK,1074,2022-02-11 13:12:01.921,28,22,250,241.2,82,1154,1675,1677.527,1694.0,2.527,0.2964,3.6564,0.0811,정상,0,0,0,
WeldingTest_02_OK,1075,2022-02-11 13:12:05.351,28,23,250,241.1,83,1670,1699,1706.634,1717.0,7.634,0.906,3.6564,0.2478,정상,0,0,0,
WeldingTest_02_OK,1076,2022-02-11 13:12:08.027,28,24,250,241.2,82,1154,1678,1672.636,1695.0,5.364,0.614,3.6564,0.1679,정상,0,0,0,
WeldingTest_02_OK,1077,2022-02-11 13:12:14.379,28,25,250,241.1,83,1670,1697,1707.187,1714.0,10.187,1.2199,3.6564,0.3336,정상,0,0,0,
WeldingTest_02_OK,1078,2022-02-11 13:12:17.023,28,26,250,241.2,82,1154,1678,1673.455,1695.0,4.545,0.5356,3.6564,0.1465,정상,0,0,0,
WeldingTest_02_OK,1079,2022-02-11 13:12:20.435,28,27,250,241.1,83,1670,1700,1707.729,1718.0,7.729,0.923,3.6564,0.2524,정상,0,0,0,
WeldingTest_02_OK,1080,2022-02-11 13:12:23.043,28,28,250,241.2,82,1154,1679,1672.814,1697.0,6.186,0.7384,3.6564,0.2019,정상,0,0,0,
WeldingTest_02_OK,1081,2022-02-11 13:12:26.593,28,29,250,241.1,83,1670,1702,1708.503,1719.0,6.503,0.7331,3.6564,0.2005,정상,0,0,0,
WeldingTest_02_OK,1082,2022-02-11 13:12:29.183,28,30,250,241.2,82,1154,1680,1674.322,1698.0,5.678,0.6913,3.6564,0.1891,정상,0,0,0,
WeldingTest_02_OK,1083,2022-02-11 13:12:33.555,28,31,30,19.4,38,650,682,692.501,690.0,10.501,3.0583,3.6564,0.8364,관찰,0,0,0,
WeldingTest_02_OK,1084,2022-02-11 13:12:35.043,28,32,30,19.4,38,650,682,675.002,688.0,6.998,1.8473,3.6564,0.5052,정상,0,0,0,
WeldingTest_02_OK,1085,2022-02-11 13:12:38.165,28,33,30,19.4,38,650,682,684.835,690.0,2.835,0.6061,3.6564,0.1658,정상,0,0,0,
WeldingTest_02_OK,1086,2022-02-11 13:12:39.891,28,34,30,19.4,38,650,682,683.531,690.0,1.531,0.2907,3.6564,0.0795,정상,0,0,0,
WeldingTest_02_OK,1087,2022-02-11 13:12:43.355,28,35,30,19.4,38,650,682,682.288,690.0,0.288,0.0212,3.6564,0.0058,정상,0,0,0,
WeldingTest_02_OK,1088,2022-02-11 13:12:45.105,28,36,30,19.4,38,650,682,681.913,690.0,0.087,0.0381,3.6564,0.0104,정상,0,0,0,
WeldingTest_02_OK,1089,2022-02-11 13:12:46.805,28,37,30,19.4,38,650,682,685.654,688.0,3.654,1.0265,3.6564,0.2807,정상,0,0,0,
WeldingTest_02_OK,1090,2022-02-11 13:12:49.757,28,38,30,19.4,38,650,682,684.5,690.0,2.5,0.6197,3.6564,0.1695,정상,0,0,0,
WeldingTest_02_OK,1091,2022-02-11 13:12:51.303,28,39,30,19.4,38,650,682,683.106,688.0,1.106,0.233,3.6564,0.0637,정상,0,0,0,
WeldingTest_02_OK,1092,2022-02-11 13:18:18.752,29,1,250,241.1,82,1154,1660,1682.847,1682.0,22.847,2.2282,3.6564,0.6094,정상,0,0,0,
WeldingTest_02_OK,1093,2022-02-11 13:18:22.150,29,2,250,241.2,83,1670,1685,1701.931,1707.0,16.931,2.0828,3.6564,0.5696,정상,0,0,0,
WeldingTest_02_OK,1094,2022-02-11 13:18:24.996,29,3,250,241.1,82,1153,1667,1683.104,1689.0,16.104,2.0018,3.6564,0.5475,정상,0,0,0,
WeldingTest_02_OK,1095,2022-02-11 13:18:28.226,29,4,250,241.2,83,1670,1690,1703.048,1712.0,13.048,1.5657,3.6564,0.4282,정상,0,0,0,
WeldingTest_02_OK,1096,2022-02-11 13:18:31.052,29,5,250,241.1,82,1154,1670,1679.032,1692.0,9.032,1.0864,3.6564,0.2971,정상,0,0,0,
WeldingTest_02_OK,1097,2022-02-11 13:18:34.314,29,6,250,241.2,83,1670,1694,1703.362,1714.0,9.362,1.1326,3.6564,0.3098,정상,0,0,0,
WeldingTest_02_OK,1098,2022-02-11 13:18:40.040,29,7,250,241.1,82,1153,1669,1676.898,1690.0,7.898,0.9621,3.6564,0.2631,정상,0,0,0,
WeldingTest_02_OK,1099,2022-02-11 13:18:43.460,29,8,250,241.2,83,1670,1693,1704.635,1714.0,11.635,1.389,3.6564,0.3799,정상,0,0,0,
WeldingTest_02_OK,1100,2022-02-11 13:18:46.252,29,9,250,241.1,82,1154,1673,1677.371,1694.0,4.371,0.5029,3.6564,0.1375,정상,0,0,0,
WeldingTest_02_OK,1101,2022-02-11 13:18:49.514,29,10,250,241.2,83,1670,1697,1704.872,1717.0,7.872,0.9342,3.6564,0.2555,정상,0,0,0,
WeldingTest_02_OK,1102,2022-02-11 13:18:52.284,29,11,250,241.1,82,1154,1675,1677.133,1695.0,2.133,0.2358,3.6564,0.0645,정상,0,0,0,
WeldingTest_02_OK,1103,2022-02-11 13:18:55.486,29,12,250,241.2,83,1670,1698,1704.874,1718.0,6.874,0.8274,3.6564,0.2263,정상,0,0,0,
WeldingTest_02_OK,1104,2022-02-11 13:19:00.078,29,13,30,19.4,38,650,682,689.535,690.0,7.535,2.1067,3.6564,0.5762,정상,0,0,0,
WeldingTest_02_OK,1105,2022-02-11 13:19:01.800,29,14,30,19.4,38,650,680,677.958,688.0,2.042,0.4712,3.6564,0.1289,정상,0,0,0,
WeldingTest_02_OK,1106,2022-02-11 13:19:04.734,29,15,30,19.4,38,650,680,682.946,688.0,2.946,0.7463,3.6564,0.2041,정상,0,0,0,
WeldingTest_02_OK,1107,2022-02-11 13:19:08.176,29,16,30,19.4,38,650,680,673.127,688.0,6.873,1.9703,3.6564,0.5389,정상,0,0,0,
WeldingTest_02_OK,1108,2022-02-11 13:19:09.918,29,17,30,19.4,38,650,680,685.036,688.0,5.036,1.4286,3.6564,0.3907,정상,0,0,0,
WeldingTest_02_OK,1109,2022-02-11 13:19:11.578,29,18,30,19.4,38,650,680,682.776,688.0,2.776,0.779,3.6564,0.213,정상,0,0,0,
WeldingTest_02_OK,1110,2022-02-11 13:19:32.208,29,19,250,241.1,83,1670,1689,1697.964,1708.0,8.964,0.9316,3.6564,0.2548,정상,0,0,0,
WeldingTest_02_OK,1111,2022-02-11 13:19:34.780,29,20,250,241.2,82,1154,1671,1676.247,1692.0,5.247,0.6022,3.6564,0.1647,정상,0,0,0,
WeldingTest_02_OK,1112,2022-02-11 13:19:38.234,29,21,250,241.1,83,1670,1695,1710.037,1714.0,15.037,1.813,3.6564,0.4958,정상,0,0,0,
WeldingTest_02_OK,1113,2022-02-11 13:19:40.802,29,22,250,241.2,82,1154,1674,1673.024,1694.0,0.976,0.0979,3.6564,0.0268,정상,0,0,0,
WeldingTest_02_OK,1114,2022-02-11 13:19:44.218,29,23,250,241.1,83,1670,1698,1706.634,1717.0,8.634,1.03,3.6564,0.2817,정상,0,0,0,
WeldingTest_02_OK,1115,2022-02-11 13:19:46.914,29,24,250,241.2,82,1154,1677,1672.62,1695.0,4.38,0.4876,3.6564,0.1334,정상,0,0,0,
WeldingTest_02_OK,1116,2022-02-11 13:19:53.300,29,25,250,241.1,83,1670,1695,1706.456,1714.0,11.456,1.3773,3.6564,0.3767,정상,0,0,0,
WeldingTest_02_OK,1117,2022-02-11 13:19:55.946,29,26,250,241.2,82,1154,1677,1673.414,1695.0,3.586,0.4123,3.6564,0.1128,정상,0,0,0,
WeldingTest_02_OK,1118,2022-02-11 13:19:59.416,29,27,250,241.1,83,1670,1699,1707.185,1718.0,8.185,0.9796,3.6564,0.2679,정상,0,0,0,
WeldingTest_02_OK,1119,2022-02-11 13:20:02.044,29,28,250,241.2,82,1154,1679,1672.776,1697.0,6.224,0.7433,3.6564,0.2033,정상,0,0,0,
WeldingTest_02_OK,1120,2022-02-11 13:20:05.586,29,29,250,241.1,83,1670,1700,1708.503,1719.0,8.503,0.9813,3.6564,0.2684,정상,0,0,0,
WeldingTest_02_OK,1121,2022-02-11 13:20:08.258,29,30,250,241.2,82,1154,1679,1672.874,1698.0,6.126,0.7488,3.6564,0.2048,정상,0,0,0,
WeldingTest_02_OK,1122,2022-02-11 13:20:12.654,29,31,30,19.4,38,650,682,692.501,690.0,10.501,3.0583,3.6564,0.8364,관찰,0,0,0,
WeldingTest_02_OK,1123,2022-02-11 13:20:14.148,29,32,30,19.4,38,650,682,675.002,688.0,6.998,1.8473,3.6564,0.5052,정상,0,0,0,
WeldingTest_02_OK,1124,2022-02-11 13:20:17.254,29,33,30,19.4,38,650,682,684.835,690.0,2.835,0.6061,3.6564,0.1658,정상,0,0,0,
WeldingTest_02_OK,1125,2022-02-11 13:20:19.040,29,34,30,19.4,38,650,682,680.027,690.0,1.973,0.419,3.6564,0.1146,정상,0,0,0,
WeldingTest_02_OK,1126,2022-02-11 13:20:22.550,29,35,30,19.4,38,650,682,681.94,690.0,0.06,0.0448,3.6564,0.0123,정상,0,0,0,
WeldingTest_02_OK,1127,2022-02-11 13:20:24.270,29,36,30,19.4,38,650,682,684.471,690.0,2.471,0.6534,3.6564,0.1787,정상,0,0,0,
WeldingTest_02_OK,1128,2022-02-11 13:20:26.042,29,37,30,19.4,38,650,682,682.572,688.0,0.572,0.1368,3.6564,0.0374,정상,0,0,0,
WeldingTest_02_OK,1129,2022-02-11 13:20:29.114,29,38,30,19.4,38,650,682,681.993,690.0,0.007,0.102,3.6564,0.0279,정상,0,0,0,
WeldingTest_02_OK,1130,2022-02-11 13:20:30.580,29,39,30,19.4,38,650,682,683.255,688.0,1.255,0.276,3.6564,0.0755,정상,0,0,0,
WeldingTest_02_OK,1131,2022-02-11 13:21:17.522,30,1,250,241.1,82,1154,1665,1684.076,1682.0,19.076,1.786,3.6564,0.4885,정상,0,0,0,
WeldingTest_02_OK,1132,2022-02-11 13:21:20.814,30,2,250,241.2,83,1670,1692,1701.969,1707.0,9.969,1.2164,3.6564,0.3327,정상,0,0,0,
WeldingTest_02_OK,1133,2022-02-11 13:21:23.564,30,3,250,241.1,82,1153,1673,1679.37,1689.0,6.37,0.7583,3.6564,0.2074,정상,0,0,0,
WeldingTest_02_OK,1134,2022-02-11 13:21:26.836,30,4,250,241.2,83,1670,1695,1702.798,1712.0,7.798,0.913,3.6564,0.2497,정상,0,0,0,
WeldingTest_02_OK,1135,2022-02-11 13:21:29.704,30,5,250,241.1,82,1154,1675,1679.47,1692.0,4.47,0.502,3.6564,0.1373,정상,0,0,0,
WeldingTest_02_OK,1136,2022-02-11 13:21:32.920,30,6,250,241.2,83,1670,1698,1703.396,1714.0,5.396,0.6399,3.6564,0.175,정상,0,0,0,
WeldingTest_02_OK,1137,2022-02-11 13:21:38.640,30,7,250,241.1,82,1153,1673,1676.898,1690.0,3.898,0.4513,3.6564,0.1234,정상,0,0,0,
WeldingTest_02_OK,1138,2022-02-11 13:21:41.950,30,8,250,241.2,83,1670,1698,1704.72,1714.0,6.72,0.7807,3.6564,0.2135,정상,0,0,0,
WeldingTest_02_OK,1139,2022-02-11 13:21:44.794,30,9,250,241.1,82,1154,1677,1678.1,1694.0,1.1,0.0851,3.6564,0.0233,정상,0,0,0,
WeldingTest_02_OK,1140,2022-02-11 13:21:48.028,30,10,250,241.2,83,1670,1699,1704.876,1717.0,5.876,0.6874,3.6564,0.188,정상,0,0,0,
WeldingTest_02_OK,1141,2022-02-11 13:21:50.830,30,11,250,241.1,82,1154,1678,1677.064,1695.0,0.936,0.0824,3.6564,0.0225,정상,0,0,0,
WeldingTest_02_OK,1142,2022-02-11 13:21:54.214,30,12,250,241.2,83,1670,1700,1705.635,1718.0,5.635,0.6739,3.6564,0.1843,정상,0,0,0,
WeldingTest_02_OK,1143,2022-02-11 13:21:58.904,30,13,30,19.4,38,650,682,689.715,690.0,7.715,2.1602,3.6564,0.5908,정상,0,0,0,
WeldingTest_02_OK,1144,2022-02-11 13:22:00.608,30,14,30,19.4,38,650,682,677.797,688.0,4.203,1.1011,3.6564,0.3011,정상,0,0,0,
WeldingTest_02_OK,1145,2022-02-11 13:22:03.540,30,15,30,19.4,38,650,682,682.946,688.0,0.946,0.1667,3.6564,0.0456,정상,0,0,0,
WeldingTest_02_OK,1146,2022-02-11 13:22:06.934,30,16,30,19.4,38,650,682,679.478,688.0,2.522,0.7055,3.6564,0.193,정상,0,0,0,
WeldingTest_02_OK,1147,2022-02-11 13:22:08.718,30,17,30,19.4,38,650,682,682.462,688.0,0.462,0.1101,3.6564,0.0301,정상,0,0,0,
WeldingTest_02_OK,1148,2022-02-11 13:22:10.436,30,18,30,19.4,38,650,682,684.226,688.0,2.226,0.6203,3.6564,0.1697,정상,0,0,0,
WeldingTest_02_OK,1149,2022-02-11 13:22:31.606,30,19,250,241.1,83,1670,1690,1697.811,1708.0,7.811,0.799,3.6564,0.2185,정상,0,0,0,
WeldingTest_02_OK,1150,2022-02-11 13:22:34.358,30,20,250,241.2,82,1154,1674,1680.544,1692.0,6.544,0.7679,3.6564,0.21,정상,0,0,0,
WeldingTest_02_OK,1151,2022-02-11 13:22:37.868,30,21,250,241.1,83,1670,1697,1710.078,1714.0,13.078,1.5716,3.6564,0.4298,정상,0,0,0,
WeldingTest_02_OK,1152,2022-02-11 13:22:40.608,30,22,250,241.2,82,1154,1675,1672.953,1694.0,2.047,0.2349,3.6564,0.0643,정상,0,0,0,
WeldingTest_02_OK,1153,2022-02-11 13:22:44.048,30,23,250,241.1,83,1670,1699,1706.634,1717.0,7.634,0.906,3.6564,0.2478,정상,0,0,0,
WeldingTest_02_OK,1154,2022-02-11 13:22:46.688,30,24,250,241.2,82,1154,1678,1672.515,1695.0,5.485,0.6295,3.6564,0.1722,정상,0,0,0,
WeldingTest_02_OK,1155,2022-02-11 13:22:53.090,30,25,250,241.1,83,1670,1697,1707.224,1714.0,10.224,1.2244,3.6564,0.3349,정상,0,0,0,
WeldingTest_02_OK,1156,2022-02-11 13:22:55.668,30,26,250,241.2,82,1154,1678,1673.351,1695.0,4.649,0.5489,3.6564,0.1501,정상,0,0,0,
WeldingTest_02_OK,1157,2022-02-11 13:22:59.152,30,27,250,241.1,83,1670,1700,1707.916,1718.0,7.916,0.9462,3.6564,0.2588,정상,0,0,0,
WeldingTest_02_OK,1158,2022-02-11 13:23:01.798,30,28,250,241.2,82,1154,1679,1672.898,1697.0,6.102,0.7275,3.6564,0.199,정상,0,0,0,
WeldingTest_02_OK,1159,2022-02-11 13:23:05.312,30,29,250,241.1,83,1670,1702,1708.503,1719.0,6.503,0.7331,3.6564,0.2005,정상,0,0,0,
WeldingTest_02_OK,1160,2022-02-11 13:23:07.902,30,30,250,241.2,82,1154,1680,1674.322,1698.0,5.678,0.6913,3.6564,0.1891,정상,0,0,0,
WeldingTest_02_OK,1161,2022-02-11 13:23:12.248,30,31,30,19.4,38,650,682,692.501,690.0,10.501,3.0583,3.6564,0.8364,관찰,0,0,0,
WeldingTest_02_OK,1162,2022-02-11 13:23:13.796,30,32,30,19.4,38,650,682,675.0,688.0,7.0,1.8479,3.6564,0.5054,정상,0,0,0,
WeldingTest_02_OK,1163,2022-02-11 13:23:16.868,30,33,30,19.4,38,650,682,682.887,690.0,0.887,0.0426,3.6564,0.0117,정상,0,0,0,
WeldingTest_02_OK,1164,2022-02-11 13:23:18.596,30,34,30,19.4,38,650,682,683.531,690.0,1.531,0.2907,3.6564,0.0795,정상,0,0,0,
WeldingTest_02_OK,1165,2022-02-11 13:23:22.074,30,35,30,19.4,38,650,682,681.612,690.0,0.388,0.0501,3.6564,0.0137,정상,0,0,0,
WeldingTest_02_OK,1166,2022-02-11 13:23:23.812,30,36,30,19.4,38,650,682,683.128,690.0,1.128,0.2639,3.6564,0.0722,정상,0,0,0,
WeldingTest_02_OK,1167,2022-02-11 13:23:25.490,30,37,30,19.4,38,650,682,683.965,688.0,1.965,0.5391,3.6564,0.1474,정상,0,0,0,
WeldingTest_02_OK,1168,2022-02-11 13:23:28.530,30,38,30,19.4,38,650,682,684.818,690.0,2.818,0.712,3.6564,0.1947,정상,0,0,0,
WeldingTest_02_OK,1169,2022-02-11 13:23:30.022,30,39,30,19.4,38,650,682,683.255,688.0,1.255,0.276,3.6564,0.0755,정상,0,0,0,
WeldingTest_02_OK,1170,2022-02-11 13:36:27.398,31,1,250,241.1,82,1154,1660,1682.847,1682.0,22.847,2.2282,3.6564,0.6094,정상,0,0,0,
WeldingTest_02_OK,1171,2022-02-11 13:36:30.600,31,2,250,241.2,83,1670,1685,1702.229,1707.0,17.229,2.12,3.6564,0.5798,정상,0,0,0,
WeldingTest_02_OK,1172,2022-02-11 13:36:33.344,31,3,250,241.1,82,1153,1667,1679.041,1689.0,12.041,1.4828,3.6564,0.4055,정상,0,0,0,
WeldingTest_02_OK,1173,2022-02-11 13:36:36.590,31,4,250,241.2,83,1670,1690,1703.032,1712.0,13.032,1.5637,3.6564,0.4277,정상,0,0,0,
WeldingTest_02_OK,1174,2022-02-11 13:36:39.386,31,5,250,241.1,82,1154,1670,1678.867,1692.0,8.867,1.0653,3.6564,0.2913,정상,0,0,0,
WeldingTest_02_OK,1175,2022-02-11 13:36:42.598,31,6,250,241.2,83,1670,1694,1703.396,1714.0,9.396,1.1369,3.6564,0.3109,정상,0,0,0,
WeldingTest_02_OK,1176,2022-02-11 13:36:48.334,31,7,250,241.1,82,1153,1669,1676.898,1690.0,7.898,0.9621,3.6564,0.2631,정상,0,0,0,
WeldingTest_02_OK,1177,2022-02-11 13:36:51.662,31,8,250,241.2,83,1670,1694,1704.657,1714.0,10.657,1.268,3.6564,0.3468,정상,0,0,0,
WeldingTest_02_OK,1178,2022-02-11 13:36:54.490,31,9,250,241.1,82,1154,1673,1677.538,1694.0,4.538,0.5242,3.6564,0.1434,정상,0,0,0,
WeldingTest_02_OK,1179,2022-02-11 13:36:57.732,31,10,250,241.2,83,1670,1697,1704.876,1717.0,7.876,0.9347,3.6564,0.2556,정상,0,0,0,
WeldingTest_02_OK,1180,2022-02-11 13:37:00.542,31,11,250,241.1,82,1154,1674,1677.107,1695.0,3.107,0.3607,3.6564,0.0987,정상,0,0,0,
WeldingTest_02_OK,1181,2022-02-11 13:37:03.824,31,12,250,241.2,83,1670,1698,1704.61,1718.0,6.61,0.7946,3.6564,0.2173,정상,0,0,0,
WeldingTest_02_OK,1182,2022-02-11 13:37:08.402,31,13,30,19.4,38,650,682,689.535,690.0,7.535,2.1067,3.6564,0.5762,정상,0,0,0,
WeldingTest_02_OK,1183,2022-02-11 13:37:10.082,31,14,30,19.4,38,650,680,674.414,688.0,5.586,1.5044,3.6564,0.4114,정상,0,0,0,
WeldingTest_02_OK,1184,2022-02-11 13:37:13.018,31,15,30,19.4,38,650,680,682.946,688.0,2.946,0.7463,3.6564,0.2041,정상,0,0,0,
WeldingTest_02_OK,1185,2022-02-11 13:37:16.316,31,16,30,19.4,38,650,680,676.999,688.0,3.001,0.8447,3.6564,0.231,정상,0,0,0,
WeldingTest_02_OK,1186,2022-02-11 13:37:18.010,31,17,30,19.4,38,650,680,687.783,688.0,7.783,2.2205,3.6564,0.6073,정상,0,0,0,
WeldingTest_02_OK,1187,2022-02-11 13:37:19.806,31,18,30,19.4,38,650,680,678.582,688.0,1.418,0.387,3.6564,0.1058,정상,0,0,0,
WeldingTest_02_OK,1188,2022-02-11 13:37:40.178,31,19,250,241.1,83,1670,1689,1698.288,1708.0,9.288,0.9689,3.6564,0.265,정상,0,0,0,
WeldingTest_02_OK,1189,2022-02-11 13:37:42.792,31,20,250,241.2,82,1154,1671,1676.194,1692.0,5.194,0.5955,3.6564,0.1629,정상,0,0,0,
WeldingTest_02_OK,1190,2022-02-11 13:37:46.224,31,21,250,241.1,83,1670,1695,1709.868,1714.0,14.868,1.7922,3.6564,0.4901,정상,0,0,0,
WeldingTest_02_OK,1191,2022-02-11 13:37:48.992,31,22,250,241.2,82,1154,1674,1677.527,1694.0,3.527,0.4244,3.6564,0.1161,정상,0,0,0,
WeldingTest_02_OK,1192,2022-02-11 13:37:52.412,31,23,250,241.1,83,1670,1697,1706.634,1717.0,9.634,1.1541,3.6564,0.3156,정상,0,0,0,
WeldingTest_02_OK,1193,2022-02-11 13:37:54.998,31,24,250,241.2,82,1154,1677,1672.56,1695.0,4.44,0.4953,3.6564,0.1355,정상,0,0,0,
WeldingTest_02_OK,1194,2022-02-11 13:38:01.406,31,25,250,241.1,83,1670,1695,1706.493,1714.0,11.493,1.3819,3.6564,0.3779,정상,0,0,0,
WeldingTest_02_OK,1195,2022-02-11 13:38:04.124,31,26,250,241.2,82,1154,1677,1673.322,1695.0,3.678,0.4242,3.6564,0.116,정상,0,0,0,
WeldingTest_02_OK,1196,2022-02-11 13:38:07.608,31,27,250,241.1,83,1670,1699,1707.185,1718.0,8.185,0.9796,3.6564,0.2679,정상,0,0,0,
WeldingTest_02_OK,1197,2022-02-11 13:38:10.310,31,28,250,241.2,82,1154,1678,1672.874,1697.0,5.126,0.6022,3.6564,0.1647,정상,0,0,0,
WeldingTest_02_OK,1198,2022-02-11 13:38:13.788,31,29,250,241.1,83,1670,1700,1707.883,1719.0,7.883,0.9044,3.6564,0.2473,정상,0,0,0,
WeldingTest_02_OK,1199,2022-02-11 13:38:16.412,31,30,250,241.2,82,1154,1679,1672.777,1698.0,6.223,0.7613,3.6564,0.2082,정상,0,0,0,
WeldingTest_02_OK,1200,2022-02-11 13:38:20.744,31,31,30,19.4,38,650,682,692.454,690.0,10.454,3.0443,3.6564,0.8326,관찰,0,0,0,
WeldingTest_02_OK,1201,2022-02-11 13:38:22.276,31,32,30,19.4,38,650,682,674.916,688.0,7.084,1.8726,3.6564,0.5121,정상,0,0,0,
WeldingTest_02_OK,1202,2022-02-11 13:38:25.342,31,33,30,19.4,38,650,682,682.887,690.0,0.887,0.0426,3.6564,0.0117,정상,0,0,0,
WeldingTest_02_OK,1203,2022-02-11 13:38:27.114,31,34,30,19.4,38,650,682,679.99,690.0,2.01,0.4298,3.6564,0.1176,정상,0,0,0,
WeldingTest_02_OK,1204,2022-02-11 13:38:30.566,31,35,30,19.4,38,650,682,682.206,690.0,0.206,0.0025,3.6564,0.0007,정상,0,0,0,
WeldingTest_02_OK,1205,2022-02-11 13:38:32.264,31,36,30,19.4,38,650,682,683.598,690.0,1.598,0.4002,3.6564,0.1095,정상,0,0,0,
WeldingTest_02_OK,1206,2022-02-11 13:38:33.986,31,37,30,19.4,38,650,682,685.485,688.0,3.485,0.9777,3.6564,0.2674,정상,0,0,0,
WeldingTest_02_OK,1207,2022-02-11 13:38:36.994,31,38,30,19.4,38,650,682,685.553,690.0,3.553,0.9246,3.6564,0.2529,정상,0,0,0,
WeldingTest_02_OK,1208,2022-02-11 13:38:38.492,31,39,30,19.4,38,650,682,683.213,688.0,1.213,0.264,3.6564,0.0722,정상,0,0,0,
WeldingTest_02_OK,1209,2022-02-11 13:39:25.529,32,1,250,241.1,82,1154,1665,1684.076,1682.0,19.076,1.786,3.6564,0.4885,정상,0,0,0,
WeldingTest_02_OK,1210,2022-02-11 13:39:28.839,32,2,250,241.2,83,1670,1692,1701.969,1707.0,9.969,1.2164,3.6564,0.3327,정상,0,0,0,
WeldingTest_02_OK,1211,2022-02-11 13:39:31.687,32,3,250,241.1,82,1153,1671,1683.271,1689.0,12.271,1.5122,3.6564,0.4136,정상,0,0,0,
WeldingTest_02_OK,1212,2022-02-11 13:39:35.015,32,4,250,241.2,83,1670,1695,1702.759,1712.0,7.759,0.9082,3.6564,0.2484,정상,0,0,0,
WeldingTest_02_OK,1213,2022-02-11 13:39:37.767,32,5,250,241.1,82,1154,1674,1679.021,1692.0,5.021,0.5726,3.6564,0.1566,정상,0,0,0,
WeldingTest_02_OK,1214,2022-02-11 13:39:41.047,32,6,250,241.2,83,1670,1698,1703.129,1714.0,5.129,0.6067,3.6564,0.1659,정상,0,0,0,
WeldingTest_02_OK,1215,2022-02-11 13:39:46.849,32,7,250,241.1,82,1153,1673,1676.898,1690.0,3.898,0.4513,3.6564,0.1234,정상,0,0,0,
WeldingTest_02_OK,1216,2022-02-11 13:39:50.121,32,8,250,241.2,83,1670,1698,1704.722,1714.0,6.722,0.7809,3.6564,0.2136,정상,0,0,0,
WeldingTest_02_OK,1217,2022-02-11 13:39:52.945,32,9,250,241.1,82,1154,1677,1677.575,1694.0,0.575,0.0181,3.6564,0.0049,정상,0,0,0,
WeldingTest_02_OK,1218,2022-02-11 13:39:56.203,32,10,250,241.2,83,1670,1699,1704.876,1717.0,5.876,0.6874,3.6564,0.188,정상,0,0,0,
WeldingTest_02_OK,1219,2022-02-11 13:39:58.979,32,11,250,241.1,82,1154,1678,1677.133,1695.0,0.867,0.0736,3.6564,0.0201,정상,0,0,0,
WeldingTest_02_OK,1220,2022-02-11 13:40:02.209,32,12,250,241.2,83,1670,1700,1705.72,1718.0,5.72,0.6844,3.6564,0.1872,정상,0,0,0,
WeldingTest_02_OK,1221,2022-02-11 13:40:06.679,32,13,30,19.4,38,650,682,689.702,690.0,7.702,2.1564,3.6564,0.5898,정상,0,0,0,
WeldingTest_02_OK,1222,2022-02-11 13:40:08.413,32,14,30,19.4,38,650,682,677.921,688.0,4.079,1.065,3.6564,0.2913,정상,0,0,0,
WeldingTest_02_OK,1223,2022-02-11 13:40:11.295,32,15,30,19.4,38,650,682,682.63,688.0,0.63,0.0754,3.6564,0.0206,정상,0,0,0,
WeldingTest_02_OK,1224,2022-02-11 13:40:14.631,32,16,30,19.4,38,650,682,679.478,688.0,2.522,0.7055,3.6564,0.193,정상,0,0,0,
WeldingTest_02_OK,1225,2022-02-11 13:40:16.375,32,17,30,19.4,38,650,682,685.036,688.0,3.036,0.8521,3.6564,0.233,정상,0,0,0,
WeldingTest_02_OK,1226,2022-02-11 13:40:18.083,32,18,30,19.4,38,650,682,683.447,688.0,1.447,0.3954,3.6564,0.1081,정상,0,0,0,
WeldingTest_02_OK,1227,2022-02-11 13:40:39.081,32,19,250,241.1,83,1670,1690,1697.811,1708.0,7.811,0.799,3.6564,0.2185,정상,0,0,0,
WeldingTest_02_OK,1228,2022-02-11 13:40:41.729,32,20,250,241.2,82,1154,1673,1676.324,1692.0,3.324,0.3567,3.6564,0.0975,정상,0,0,0,
WeldingTest_02_OK,1229,2022-02-11 13:40:45.221,32,21,250,241.1,83,1670,1697,1710.075,1714.0,13.075,1.5712,3.6564,0.4297,정상,0,0,0,
WeldingTest_02_OK,1230,2022-02-11 13:40:47.785,32,22,250,241.2,82,1154,1677,1673.024,1694.0,3.976,0.4818,3.6564,0.1318,정상,0,0,0,
WeldingTest_02_OK,1231,2022-02-11 13:40:51.229,32,23,250,241.1,83,1670,1699,1706.634,1717.0,7.634,0.906,3.6564,0.2478,정상,0,0,0,
WeldingTest_02_OK,1232,2022-02-11 13:40:53.943,32,24,250,241.2,82,1154,1678,1672.624,1695.0,5.376,0.6155,3.6564,0.1683,정상,0,0,0,
WeldingTest_02_OK,1233,2022-02-11 13:41:00.509,32,25,250,241.1,83,1670,1697,1707.279,1714.0,10.279,1.2313,3.6564,0.3367,정상,0,0,0,
WeldingTest_02_OK,1234,2022-02-11 13:41:03.289,32,26,250,241.2,82,1154,1678,1678.101,1695.0,0.101,0.0351,3.6564,0.0096,정상,0,0,0,
WeldingTest_02_OK,1235,2022-02-11 13:41:06.745,32,27,250,241.1,83,1670,1700,1707.916,1718.0,7.916,0.9462,3.6564,0.2588,정상,0,0,0,
WeldingTest_02_OK,1236,2022-02-11 13:41:09.413,32,28,250,241.2,82,1154,1679,1672.898,1697.0,6.102,0.7275,3.6564,0.199,정상,0,0,0,
WeldingTest_02_OK,1237,2022-02-11 13:41:12.861,32,29,250,241.1,83,1670,1702,1708.293,1719.0,6.293,0.707,3.6564,0.1934,정상,0,0,0,
WeldingTest_02_OK,1238,2022-02-11 13:41:15.463,32,30,250,241.2,82,1154,1680,1674.303,1698.0,5.697,0.6938,3.6564,0.1897,정상,0,0,0,
WeldingTest_02_OK,1239,2022-02-11 13:41:19.831,32,31,30,19.4,38,650,682,692.501,690.0,10.501,3.0583,3.6564,0.8364,관찰,0,0,0,
WeldingTest_02_OK,1240,2022-02-11 13:41:21.507,32,32,30,19.4,38,650,682,675.086,688.0,6.914,1.8231,3.6564,0.4986,정상,0,0,0,
WeldingTest_02_OK,1241,2022-02-11 13:41:24.571,32,33,30,19.4,38,650,682,682.887,690.0,0.887,0.0426,3.6564,0.0117,정상,0,0,0,
WeldingTest_02_OK,1242,2022-02-11 13:41:26.291,32,34,30,19.4,38,650,682,683.564,690.0,1.564,0.3003,3.6564,0.0821,정상,0,0,0,
WeldingTest_02_OK,1243,2022-02-11 13:41:29.767,32,35,30,19.4,38,650,682,682.255,690.0,0.255,0.0118,3.6564,0.0032,정상,0,0,0,
WeldingTest_02_OK,1244,2022-02-11 13:41:31.453,32,36,30,19.4,38,650,682,681.451,690.0,0.549,0.0959,3.6564,0.0262,정상,0,0,0,
WeldingTest_02_OK,1245,2022-02-11 13:41:33.187,32,37,30,19.4,38,650,682,685.362,688.0,3.362,0.9422,3.6564,0.2577,정상,0,0,0,
WeldingTest_02_OK,1246,2022-02-11 13:41:36.173,32,38,30,19.4,38,650,682,685.553,690.0,3.553,0.9246,3.6564,0.2529,정상,0,0,0,
WeldingTest_02_OK,1247,2022-02-11 13:41:37.651,32,39,30,19.4,38,650,682,683.255,688.0,1.255,0.276,3.6564,0.0755,정상,0,0,0,
WeldingTest_02_OK,1248,2022-02-11 14:19:15.716,33,1,250,241.1,82,1154,1660,1682.847,1682.0,22.847,2.2282,3.6564,0.6094,정상,0,0,0,
WeldingTest_02_OK,1249,2022-02-11 14:19:18.974,33,2,250,241.2,83,1670,1685,1702.203,1707.0,17.203,2.1168,3.6564,0.5789,정상,0,0,0,
WeldingTest_02_OK,1250,2022-02-11 14:19:21.716,33,3,250,241.1,82,1153,1666,1679.041,1689.0,13.041,1.6106,3.6564,0.4405,정상,0,0,0,
WeldingTest_02_OK,1251,2022-02-11 14:19:25.012,33,4,250,241.2,83,1670,1690,1702.798,1712.0,12.798,1.5345,3.6564,0.4197,정상,0,0,0,
WeldingTest_02_OK,1252,2022-02-11 14:19:27.824,33,5,250,241.1,82,1154,1670,1679.113,1692.0,9.113,1.0968,3.6564,0.3,정상,0,0,0,
WeldingTest_02_OK,1253,2022-02-11 14:19:31.112,33,6,250,241.2,83,1670,1693,1703.129,1714.0,10.129,1.228,3.6564,0.3358,정상,0,0,0,
WeldingTest_02_OK,1254,2022-02-11 14:19:36.928,33,7,250,241.1,82,1153,1667,1676.854,1690.0,9.854,1.2118,3.6564,0.3314,정상,0,0,0,
WeldingTest_02_OK,1255,2022-02-11 14:19:40.220,33,8,250,241.2,83,1670,1693,1704.722,1714.0,11.722,1.3998,3.6564,0.3828,정상,0,0,0,
WeldingTest_02_OK,1256,2022-02-11 14:19:43.066,33,9,250,241.1,82,1154,1671,1678.006,1694.0,7.006,0.8394,3.6564,0.2296,정상,0,0,0,
WeldingTest_02_OK,1257,2022-02-11 14:19:46.306,33,10,250,241.2,83,1670,1695,1704.876,1717.0,9.876,1.1821,3.6564,0.3233,정상,0,0,0,
WeldingTest_02_OK,1258,2022-02-11 14:19:49.120,33,11,250,241.1,82,1154,1674,1677.321,1695.0,3.321,0.3881,3.6564,0.1061,정상,0,0,0,
WeldingTest_02_OK,1259,2022-02-11 14:19:52.430,33,12,250,241.2,83,1670,1697,1704.585,1718.0,7.585,0.9154,3.6564,0.2504,정상,0,0,0,
WeldingTest_02_OK,1260,2022-02-11 14:19:56.872,33,13,30,19.4,38,650,680,688.743,690.0,8.743,2.4666,3.6564,0.6746,정상,0,0,0,
WeldingTest_02_OK,1261,2022-02-11 14:19:58.556,33,14,30,19.4,38,650,680,676.309,688.0,3.691,0.9517,3.6564,0.2603,정상,0,0,0,
WeldingTest_02_OK,1262,2022-02-11 14:20:01.516,33,15,30,19.4,38,650,680,685.352,688.0,5.352,1.4435,3.6564,0.3948,정상,0,0,0,
WeldingTest_02_OK,1263,2022-02-11 14:20:04.916,33,16,30,19.4,38,650,680,679.478,688.0,0.522,0.1241,3.6564,0.0339,정상,0,0,0,
WeldingTest_02_OK,1264,2022-02-11 14:20:06.684,33,17,30,19.4,38,650,680,682.453,688.0,2.453,0.6842,3.6564,0.1871,정상,0,0,0,
WeldingTest_02_OK,1265,2022-02-11 14:20:08.392,33,18,30,19.4,38,650,680,683.447,688.0,3.447,0.9727,3.6564,0.266,정상,0,0,0,
WeldingTest_02_OK,1266,2022-02-11 14:20:29.078,33,19,250,241.1,83,1670,1688,1697.964,1708.0,9.964,1.0466,3.6564,0.2862,정상,0,0,0,
WeldingTest_02_OK,1267,2022-02-11 14:20:31.636,33,20,250,241.2,82,1154,1671,1676.217,1692.0,5.217,0.5984,3.6564,0.1637,정상,0,0,0,
WeldingTest_02_OK,1268,2022-02-11 14:20:35.076,33,21,250,241.1,83,1670,1694,1709.868,1714.0,15.868,1.9154,3.6564,0.5238,정상,0,0,0,
WeldingTest_02_OK,1269,2022-02-11 14:20:37.676,33,22,250,241.2,82,1154,1674,1672.953,1694.0,1.047,0.1069,3.6564,0.0292,정상,0,0,0,
WeldingTest_02_OK,1270,2022-02-11 14:20:41.138,33,23,250,241.1,83,1670,1697,1706.843,1717.0,9.843,1.18,3.6564,0.3227,정상,0,0,0,
WeldingTest_02_OK,1271,2022-02-11 14:20:43.838,33,24,250,241.2,82,1154,1677,1672.62,1695.0,4.38,0.4876,3.6564,0.1334,정상,0,0,0,
WeldingTest_02_OK,1272,2022-02-11 14:20:50.268,33,25,250,241.1,83,1670,1695,1706.493,1714.0,11.493,1.3819,3.6564,0.3779,정상,0,0,0,
WeldingTest_02_OK,1273,2022-02-11 14:20:52.856,33,26,250,241.2,82,1154,1675,1673.322,1695.0,1.678,0.1673,3.6564,0.0458,정상,0,0,0,
WeldingTest_02_OK,1274,2022-02-11 14:20:56.318,33,27,250,241.1,83,1670,1698,1707.185,1718.0,9.185,1.1038,3.6564,0.3019,정상,0,0,0,
WeldingTest_02_OK,1275,2022-02-11 14:20:59.024,33,28,250,241.2,82,1154,1678,1672.931,1697.0,5.069,0.5948,3.6564,0.1627,정상,0,0,0,
WeldingTest_02_OK,1276,2022-02-11 14:21:02.578,33,29,250,241.1,83,1670,1699,1707.882,1719.0,8.882,1.0284,3.6564,0.2813,정상,0,0,0,
WeldingTest_02_OK,1277,2022-02-11 14:21:05.268,33,30,250,241.2,82,1154,1678,1672.856,1698.0,5.144,0.6227,3.6564,0.1703,정상,0,0,0,
WeldingTest_02_OK,1278,2022-02-11 14:21:09.698,33,31,30,19.4,38,650,682,692.501,690.0,10.501,3.0583,3.6564,0.8364,관찰,0,0,0,
WeldingTest_02_OK,1279,2022-02-11 14:21:11.252,33,32,30,19.4,38,650,682,675.0,688.0,7.0,1.8479,3.6564,0.5054,정상,0,0,0,
WeldingTest_02_OK,1280,2022-02-11 14:21:14.330,33,33,30,19.4,38,650,682,682.478,690.0,0.478,0.0757,3.6564,0.0207,정상,0,0,0,
WeldingTest_02_OK,1281,2022-02-11 14:21:16.094,33,34,30,19.4,38,650,682,679.64,690.0,2.36,0.5312,3.6564,0.1453,정상,0,0,0,
WeldingTest_02_OK,1282,2022-02-11 14:21:19.620,33,35,30,19.4,38,650,682,681.94,690.0,0.06,0.0448,3.6564,0.0123,정상,0,0,0,
WeldingTest_02_OK,1283,2022-02-11 14:21:21.364,33,36,30,19.4,38,650,682,683.854,690.0,1.854,0.4745,3.6564,0.1298,정상,0,0,0,
WeldingTest_02_OK,1284,2022-02-11 14:21:23.072,33,37,30,19.4,38,650,682,684.86,688.0,2.86,0.7974,3.6564,0.2181,정상,0,0,0,
WeldingTest_02_OK,1285,2022-02-11 14:21:26.054,33,38,30,19.4,38,650,682,685.553,690.0,3.553,0.9246,3.6564,0.2529,정상,0,0,0,
WeldingTest_02_OK,1286,2022-02-11 14:21:27.504,33,39,30,19.4,38,650,680,683.255,688.0,3.255,0.8542,3.6564,0.2336,정상,0,0,0,
WeldingTest_02_OK,1287,2022-02-11 14:22:15.301,34,1,250,241.1,82,1154,1665,1683.977,1682.0,18.977,1.7743,3.6564,0.4853,정상,0,0,0,
WeldingTest_02_OK,1288,2022-02-11 14:22:18.557,34,2,250,241.2,83,1670,1690,1702.203,1707.0,12.203,1.4945,3.6564,0.4087,정상,0,0,0,
WeldingTest_02_OK,1289,2022-02-11 14:22:21.339,34,3,250,241.1,82,1153,1671,1682.759,1689.0,11.759,1.4467,3.6564,0.3957,정상,0,0,0,
WeldingTest_02_OK,1290,2022-02-11 14:22:24.599,34,4,250,241.2,83,1670,1695,1703.03,1712.0,8.03,0.9419,3.6564,0.2576,정상,0,0,0,
WeldingTest_02_OK,1291,2022-02-11 14:22:27.299,34,5,250,241.1,82,1154,1674,1674.753,1692.0,0.753,0.0258,3.6564,0.0071,정상,0,0,0,
WeldingTest_02_OK,1292,2022-02-11 14:22:30.597,34,6,250,241.2,83,1670,1697,1703.122,1714.0,6.122,0.7301,3.6564,0.1997,정상,0,0,0,
WeldingTest_02_OK,1293,2022-02-11 14:22:36.497,34,7,250,241.1,82,1153,1671,1676.933,1690.0,5.933,0.7112,3.6564,0.1945,정상,0,0,0,
WeldingTest_02_OK,1294,2022-02-11 14:22:39.707,34,8,250,241.2,83,1670,1697,1704.99,1714.0,7.99,0.9379,3.6564,0.2565,정상,0,0,0,
WeldingTest_02_OK,1295,2022-02-11 14:22:42.449,34,9,250,241.1,82,1154,1677,1673.724,1694.0,3.276,0.3629,3.6564,0.0993,정상,0,0,0,
WeldingTest_02_OK,1296,2022-02-11 14:22:45.709,34,10,250,241.2,83,1670,1699,1704.872,1717.0,5.872,0.6868,3.6564,0.1878,정상,0,0,0,
WeldingTest_02_OK,1297,2022-02-11 14:22:48.509,34,11,250,241.1,82,1154,1678,1677.064,1695.0,0.936,0.0824,3.6564,0.0225,정상,0,0,0,
WeldingTest_02_OK,1298,2022-02-11 14:22:51.795,34,12,250,241.2,83,1670,1700,1705.699,1718.0,5.699,0.6818,3.6564,0.1865,정상,0,0,0,
WeldingTest_02_OK,1299,2022-02-11 14:22:56.257,34,13,30,19.4,38,650,682,689.702,690.0,7.702,2.1564,3.6564,0.5898,정상,0,0,0,
WeldingTest_02_OK,1300,2022-02-11 14:22:57.993,34,14,30,19.4,38,650,682,677.577,688.0,4.423,1.1652,3.6564,0.3187,정상,0,0,0,
WeldingTest_02_OK,1301,2022-02-11 14:23:00.893,34,15,30,19.4,38,650,682,682.594,688.0,0.594,0.0647,3.6564,0.0177,정상,0,0,0,
WeldingTest_02_OK,1302,2022-02-11 14:23:04.213,34,16,30,19.4,38,650,682,679.478,688.0,2.522,0.7055,3.6564,0.193,정상,0,0,0,
WeldingTest_02_OK,1303,2022-02-11 14:23:05.983,34,17,30,19.4,38,650,682,682.453,688.0,0.453,0.1076,3.6564,0.0294,정상,0,0,0,
WeldingTest_02_OK,1304,2022-02-11 14:23:07.693,34,18,30,19.4,38,650,682,684.157,688.0,2.157,0.6005,3.6564,0.1642,정상,0,0,0,
WeldingTest_02_OK,1305,2022-02-11 14:23:28.473,34,19,250,241.1,83,1670,1690,1697.964,1708.0,7.964,0.8165,3.6564,0.2233,정상,0,0,0,
WeldingTest_02_OK,1306,2022-02-11 14:23:31.155,34,20,250,241.2,82,1154,1673,1676.275,1692.0,3.275,0.3504,3.6564,0.0958,정상,0,0,0,
WeldingTest_02_OK,1307,2022-02-11 14:23:34.629,34,21,250,241.1,83,1670,1697,1710.076,1714.0,13.076,1.5714,3.6564,0.4298,정상,0,0,0,
WeldingTest_02_OK,1308,2022-02-11 14:23:37.297,34,22,250,241.2,82,1154,1675,1673.035,1694.0,1.965,0.2244,3.6564,0.0614,정상,0,0,0,
WeldingTest_02_OK,1309,2022-02-11 14:23:40.713,34,23,250,241.1,83,1670,1699,1706.634,1717.0,7.634,0.906,3.6564,0.2478,정상,0,0,0,
WeldingTest_02_OK,1310,2022-02-11 14:23:43.409,34,24,250,241.2,82,1154,1678,1672.624,1695.0,5.376,0.6155,3.6564,0.1683,정상,0,0,0,
WeldingTest_02_OK,1311,2022-02-11 14:23:49.903,34,25,250,241.1,83,1670,1697,1707.224,1714.0,10.224,1.2244,3.6564,0.3349,정상,0,0,0,
WeldingTest_02_OK,1312,2022-02-11 14:23:52.675,34,26,250,241.2,82,1154,1677,1678.101,1695.0,1.101,0.0933,3.6564,0.0255,정상,0,0,0,
WeldingTest_02_OK,1313,2022-02-11 14:23:56.123,34,27,250,241.1,83,1670,1700,1706.998,1718.0,6.998,0.8322,3.6564,0.2276,정상,0,0,0,
WeldingTest_02_OK,1314,2022-02-11 14:23:58.805,34,28,250,241.2,82,1154,1679,1672.891,1697.0,6.109,0.7285,3.6564,0.1992,정상,0,0,0,
WeldingTest_02_OK,1315,2022-02-11 14:24:02.351,34,29,250,241.1,83,1670,1700,1708.503,1719.0,8.503,0.9813,3.6564,0.2684,정상,0,0,0,
WeldingTest_02_OK,1316,2022-02-11 14:24:04.971,34,30,250,241.2,82,1154,1680,1672.777,1698.0,7.223,0.8898,3.6564,0.2433,정상,0,0,0,
WeldingTest_02_OK,1317,2022-02-11 14:24:09.227,34,31,30,19.4,38,650,682,692.454,690.0,10.454,3.0443,3.6564,0.8326,관찰,0,0,0,
WeldingTest_02_OK,1318,2022-02-11 14:24:10.747,34,32,30,19.4,38,650,682,674.916,688.0,7.084,1.8726,3.6564,0.5121,정상,0,0,0,
WeldingTest_02_OK,1319,2022-02-11 14:24:13.835,34,33,30,19.4,38,650,682,684.814,690.0,2.814,0.6,3.6564,0.1641,정상,0,0,0,
WeldingTest_02_OK,1320,2022-02-11 14:24:15.619,34,34,30,19.4,38,650,682,680.027,690.0,1.973,0.419,3.6564,0.1146,정상,0,0,0,
WeldingTest_02_OK,1321,2022-02-11 14:24:19.127,34,35,30,19.4,38,650,682,681.936,690.0,0.064,0.0437,3.6564,0.0119,정상,0,0,0,
WeldingTest_02_OK,1322,2022-02-11 14:24:20.835,34,36,30,19.4,38,650,682,683.732,690.0,1.732,0.439,3.6564,0.1201,정상,0,0,0,
WeldingTest_02_OK,1323,2022-02-11 14:24:22.543,34,37,30,19.4,38,650,682,684.86,688.0,2.86,0.7974,3.6564,0.2181,정상,0,0,0,
WeldingTest_02_OK,1324,2022-02-11 14:24:25.555,34,38,30,19.4,38,650,682,685.204,690.0,3.204,0.8237,3.6564,0.2253,정상,0,0,0,
WeldingTest_02_OK,1325,2022-02-11 14:24:27.025,34,39,30,19.4,38,650,682,683.255,688.0,1.255,0.276,3.6564,0.0755,정상,0,0,0,
WeldingTest_02_OK,1326,2022-02-11 14:25:14.595,35,1,250,241.1,82,1154,1665,1683.977,1682.0,18.977,1.7743,3.6564,0.4853,정상,0,0,0,
WeldingTest_02_OK,1327,2022-02-11 14:25:18.005,35,2,250,241.2,83,1670,1692,1701.931,1707.0,9.931,1.2117,3.6564,0.3314,정상,0,0,0,
WeldingTest_02_OK,1328,2022-02-11 14:25:20.833,35,3,250,241.1,82,1153,1673,1682.753,1689.0,9.753,1.1904,3.6564,0.3256,정상,0,0,0,
WeldingTest_02_OK,1329,2022-02-11 14:25:24.091,35,4,250,241.2,83,1670,1695,1703.032,1712.0,8.032,0.9422,3.6564,0.2577,정상,0,0,0,
WeldingTest_02_OK,1330,2022-02-11 14:25:26.827,35,5,250,241.1,82,1154,1675,1674.753,1692.0,0.247,0.039,3.6564,0.0107,정상,0,0,0,
WeldingTest_02_OK,1331,2022-02-11 14:25:30.245,35,6,250,241.2,83,1670,1698,1703.077,1714.0,5.077,0.6002,3.6564,0.1642,정상,0,0,0,
WeldingTest_02_OK,1332,2022-02-11 14:25:36.021,35,7,250,241.1,82,1153,1673,1676.898,1690.0,3.898,0.4513,3.6564,0.1234,정상,0,0,0,
WeldingTest_02_OK,1333,2022-02-11 14:25:39.325,35,8,250,241.2,83,1670,1698,1704.72,1714.0,6.72,0.7807,3.6564,0.2135,정상,0,0,0,
WeldingTest_02_OK,1334,2022-02-11 14:25:42.157,35,9,250,241.1,82,1154,1677,1677.566,1694.0,0.566,0.0169,3.6564,0.0046,정상,0,0,0,
WeldingTest_02_OK,1335,2022-02-11 14:25:45.417,35,10,250,241.2,83,1670,1699,1704.872,1717.0,5.872,0.6868,3.6564,0.1878,정상,0,0,0,
WeldingTest_02_OK,1336,2022-02-11 14:25:48.237,35,11,250,241.1,82,1154,1678,1677.311,1695.0,0.689,0.0507,3.6564,0.0139,정상,0,0,0,
WeldingTest_02_OK,1337,2022-02-11 14:25:51.507,35,12,250,241.2,83,1670,1700,1705.699,1718.0,5.699,0.6818,3.6564,0.1865,정상,0,0,0,
WeldingTest_02_OK,1338,2022-02-11 14:25:56.059,35,13,30,19.4,38,650,682,689.701,690.0,7.701,2.156,3.6564,0.5897,정상,0,0,0,
WeldingTest_02_OK,1339,2022-02-11 14:25:57.787,35,14,30,19.4,38,650,682,677.958,688.0,4.042,1.0542,3.6564,0.2883,정상,0,0,0,
WeldingTest_02_OK,1340,2022-02-11 14:26:00.711,35,15,30,19.4,38,650,682,681.044,688.0,0.956,0.1697,3.6564,0.0464,정상,0,0,0,
WeldingTest_02_OK,1341,2022-02-11 14:26:04.105,35,16,30,19.4,38,650,682,679.478,688.0,2.522,0.7055,3.6564,0.193,정상,0,0,0,
WeldingTest_02_OK,1342,2022-02-11 14:26:05.879,35,17,30,19.4,38,650,682,682.453,688.0,0.453,0.1076,3.6564,0.0294,정상,0,0,0,
WeldingTest_02_OK,1343,2022-02-11 14:26:07.705,35,18,30,19.4,38,650,682,678.582,688.0,3.418,0.9643,3.6564,0.2637,정상,0,0,0,
WeldingTest_02_OK,1344,2022-02-11 14:26:28.099,35,19,250,241.1,83,1670,1690,1698.288,1708.0,8.288,0.8538,3.6564,0.2335,정상,0,0,0,
WeldingTest_02_OK,1345,2022-02-11 14:26:30.789,35,20,250,241.2,82,1154,1673,1676.275,1692.0,3.275,0.3504,3.6564,0.0958,정상,0,0,0,
WeldingTest_02_OK,1346,2022-02-11 14:26:34.319,35,21,250,241.1,83,1670,1697,1710.078,1714.0,13.078,1.5716,3.6564,0.4298,정상,0,0,0,
WeldingTest_02_OK,1347,2022-02-11 14:26:37.117,35,22,250,241.2,82,1154,1675,1677.689,1694.0,2.689,0.3171,3.6564,0.0867,정상,0,0,0,
WeldingTest_02_OK,1348,2022-02-11 14:26:40.599,35,23,250,241.1,83,1670,1699,1706.842,1717.0,7.842,0.9318,3.6564,0.2548,정상,0,0,0,
WeldingTest_02_OK,1349,2022-02-11 14:26:43.281,35,24,250,241.2,82,1154,1678,1672.629,1695.0,5.371,0.6148,3.6564,0.1681,정상,0,0,0,
WeldingTest_02_OK,1350,2022-02-11 14:26:49.675,35,25,250,241.1,83,1670,1697,1707.224,1714.0,10.224,1.2244,3.6564,0.3349,정상,0,0,0,
WeldingTest_02_OK,1351,2022-02-11 14:26:52.265,35,26,250,241.2,82,1154,1678,1673.322,1695.0,4.678,0.5526,3.6564,0.1511,정상,0,0,0,
WeldingTest_02_OK,1352,2022-02-11 14:26:55.729,35,27,250,241.1,83,1670,1700,1707.916,1718.0,7.916,0.9462,3.6564,0.2588,정상,0,0,0,
WeldingTest_02_OK,1353,2022-02-11 14:26:58.379,35,28,250,241.2,82,1154,1679,1672.898,1697.0,6.102,0.7275,3.6564,0.199,정상,0,0,0,
WeldingTest_02_OK,1354,2022-02-11 14:27:01.859,35,29,250,241.1,83,1670,1702,1708.504,1719.0,6.504,0.7332,3.6564,0.2005,정상,0,0,0,
WeldingTest_02_OK,1355,2022-02-11 14:27:04.491,35,30,250,241.2,82,1154,1680,1674.312,1698.0,5.688,0.6926,3.6564,0.1894,정상,0,0,0,
WeldingTest_02_OK,1356,2022-02-11 14:27:08.851,35,31,30,19.4,38,650,682,692.501,690.0,10.501,3.0583,3.6564,0.8364,관찰,0,0,0,
WeldingTest_02_OK,1357,2022-02-11 14:27:10.349,35,32,30,19.4,38,650,682,675.002,688.0,6.998,1.8473,3.6564,0.5052,정상,0,0,0,
WeldingTest_02_OK,1358,2022-02-11 14:27:13.409,35,33,30,19.4,38,650,682,682.944,690.0,0.944,0.059,3.6564,0.0161,정상,0,0,0,
WeldingTest_02_OK,1359,2022-02-11 14:27:15.209,35,34,30,19.4,38,650,682,680.027,690.0,1.973,0.419,3.6564,0.1146,정상,0,0,0,
WeldingTest_02_OK,1360,2022-02-11 14:27:18.713,35,35,30,19.4,38,650,682,681.932,690.0,0.068,0.0423,3.6564,0.0116,정상,0,0,0,
WeldingTest_02_OK,1361,2022-02-11 14:27:20.471,35,36,30,19.4,38,650,682,681.913,690.0,0.087,0.0381,3.6564,0.0104,정상,0,0,0,
WeldingTest_02_OK,1362,2022-02-11 14:27:22.179,35,37,30,19.4,38,650,682,684.86,688.0,2.86,0.7974,3.6564,0.2181,정상,0,0,0,
WeldingTest_02_OK,1363,2022-02-11 14:27:25.183,35,38,30,19.4,38,650,682,685.553,690.0,3.553,0.9246,3.6564,0.2529,정상,0,0,0,
WeldingTest_02_OK,1364,2022-02-11 14:27:26.671,35,39,30,19.4,38,650,682,683.255,688.0,1.255,0.276,3.6564,0.0755,정상,0,0,0,
WeldingTest_02_OK,1365,2022-02-11 14:28:14.403,36,1,250,241.1,82,1154,1665,1683.977,1682.0,18.977,1.7743,3.6564,0.4853,정상,0,0,0,
WeldingTest_02_OK,1366,2022-02-11 14:28:17.667,36,2,250,241.2,83,1670,1692,1702.201,1707.0,10.201,1.2453,3.6564,0.3406,정상,0,0,0,
WeldingTest_02_OK,1367,2022-02-11 14:28:20.499,36,3,250,241.1,82,1153,1671,1682.753,1689.0,11.753,1.4459,3.6564,0.3955,정상,0,0,0,
WeldingTest_02_OK,1368,2022-02-11 14:28:23.781,36,4,250,241.2,83,1670,1695,1702.798,1712.0,7.798,0.913,3.6564,0.2497,정상,0,0,0,
WeldingTest_02_OK,1369,2022-02-11 14:28:26.545,36,5,250,241.1,82,1154,1674,1679.021,1692.0,5.021,0.5726,3.6564,0.1566,정상,0,0,0,
WeldingTest_02_OK,1370,2022-02-11 14:28:29.847,36,6,250,241.2,83,1670,1698,1703.122,1714.0,5.122,0.6058,3.6564,0.1657,정상,0,0,0,
WeldingTest_02_OK,1371,2022-02-11 14:28:35.580,36,7,250,241.1,82,1153,1673,1676.898,1690.0,3.898,0.4513,3.6564,0.1234,정상,0,0,0,
WeldingTest_02_OK,1372,2022-02-11 14:28:38.820,36,8,250,241.2,83,1670,1698,1704.961,1714.0,6.961,0.8106,3.6564,0.2217,정상,0,0,0,
WeldingTest_02_OK,1373,2022-02-11 14:28:41.598,36,9,250,241.1,82,1154,1677,1677.484,1694.0,0.484,0.0064,3.6564,0.0018,정상,0,0,0,
WeldingTest_02_OK,1374,2022-02-11 14:28:44.926,36,10,250,241.2,83,1670,1699,1704.584,1717.0,5.584,0.6512,3.6564,0.1781,정상,0,0,0,
WeldingTest_02_OK,1375,2022-02-11 14:28:47.756,36,11,250,241.1,82,1154,1678,1677.294,1695.0,0.706,0.053,3.6564,0.0145,정상,0,0,0,
WeldingTest_02_OK,1376,2022-02-11 14:28:50.996,36,12,250,241.2,83,1670,1702,1705.711,1718.0,3.711,0.4356,3.6564,0.1191,정상,0,0,0,
WeldingTest_02_OK,1377,2022-02-11 14:28:55.572,36,13,30,19.4,38,650,682,689.737,690.0,7.737,2.1668,3.6564,0.5926,정상,0,0,0,
WeldingTest_02_OK,1378,2022-02-11 14:28:57.260,36,14,30,19.4,38,650,682,676.309,688.0,5.691,1.5347,3.6564,0.4197,정상,0,0,0,
WeldingTest_02_OK,1379,2022-02-11 14:29:00.194,36,15,30,19.4,38,650,682,682.946,688.0,0.946,0.1667,3.6564,0.0456,정상,0,0,0,
WeldingTest_02_OK,1380,2022-02-11 14:29:03.480,36,16,30,19.4,38,650,682,677.289,688.0,4.711,1.3417,3.6564,0.3669,정상,0,0,0,
WeldingTest_02_OK,1381,2022-02-11 14:29:05.186,36,17,30,19.4,38,650,682,687.169,688.0,5.169,1.4668,3.6564,0.4012,정상,0,0,0,
WeldingTest_02_OK,1382,2022-02-11 14:29:06.892,36,18,30,19.4,38,650,682,683.447,688.0,1.447,0.3954,3.6564,0.1081,정상,0,0,0,
WeldingTest_02_OK,1383,2022-02-11 14:29:28.462,36,19,250,241.1,83,1670,1690,1697.805,1708.0,7.805,0.7984,3.6564,0.2183,정상,0,0,0,
WeldingTest_02_OK,1384,2022-02-11 14:29:31.074,36,20,250,241.2,82,1154,1674,1676.385,1692.0,2.385,0.2367,3.6564,0.0647,정상,0,0,0,
WeldingTest_02_OK,1385,2022-02-11 14:29:34.534,36,21,250,241.1,83,1670,1697,1710.076,1714.0,13.076,1.5714,3.6564,0.4298,정상,0,0,0,
WeldingTest_02_OK,1386,2022-02-11 14:29:37.182,36,22,250,241.2,82,1154,1677,1673.035,1694.0,3.965,0.4803,3.6564,0.1314,정상,0,0,0,
WeldingTest_02_OK,1387,2022-02-11 14:29:40.614,36,23,250,241.1,83,1670,1699,1706.634,1717.0,7.634,0.906,3.6564,0.2478,정상,0,0,0,
WeldingTest_02_OK,1388,2022-02-11 14:29:43.246,36,24,250,241.2,82,1154,1679,1672.554,1695.0,6.446,0.7529,3.6564,0.2059,정상,0,0,0,
WeldingTest_02_OK,1389,2022-02-11 14:29:49.702,36,25,250,241.1,83,1670,1697,1707.821,1714.0,10.821,1.2985,3.6564,0.3551,정상,0,0,0,
WeldingTest_02_OK,1390,2022-02-11 14:29:52.396,36,26,250,241.2,82,1154,1677,1673.38,1695.0,3.62,0.4167,3.6564,0.114,정상,0,0,0,
WeldingTest_02_OK,1391,2022-02-11 14:29:55.920,36,27,250,241.1,83,1670,1700,1707.184,1718.0,7.184,0.8553,3.6564,0.2339,정상,0,0,0,
WeldingTest_02_OK,1392,2022-02-11 14:29:58.578,36,28,250,241.2,82,1154,1679,1672.898,1697.0,6.102,0.7275,3.6564,0.199,정상,0,0,0,
WeldingTest_02_OK,1393,2022-02-11 14:30:02.068,36,29,250,241.1,83,1670,1702,1708.503,1719.0,6.503,0.7331,3.6564,0.2005,정상,0,0,0,
WeldingTest_02_OK,1394,2022-02-11 14:30:04.654,36,30,250,241.2,82,1154,1680,1674.322,1698.0,5.678,0.6913,3.6564,0.1891,정상,0,0,0,
WeldingTest_02_OK,1395,2022-02-11 14:30:08.986,36,31,30,19.4,38,650,682,692.454,690.0,10.454,3.0443,3.6564,0.8326,관찰,0,0,0,
WeldingTest_02_OK,1396,2022-02-11 14:30:10.456,36,32,30,19.4,38,650,682,675.002,688.0,6.998,1.8473,3.6564,0.5052,정상,0,0,0,
WeldingTest_02_OK,1397,2022-02-11 14:30:13.538,36,33,30,19.4,38,650,682,682.478,690.0,0.478,0.0757,3.6564,0.0207,정상,0,0,0,
WeldingTest_02_OK,1398,2022-02-11 14:30:15.286,36,34,30,19.4,38,650,682,682.728,690.0,0.728,0.0576,3.6564,0.0157,정상,0,0,0,
WeldingTest_02_OK,1399,2022-02-11 14:30:18.758,36,35,30,19.4,38,650,682,682.255,690.0,0.255,0.0118,3.6564,0.0032,정상,0,0,0,
WeldingTest_02_OK,1400,2022-02-11 14:30:20.408,36,36,30,19.4,38,650,682,681.541,690.0,0.459,0.0696,3.6564,0.019,정상,0,0,0,
WeldingTest_02_OK,1401,2022-02-11 14:30:22.132,36,37,30,19.4,38,650,682,685.485,688.0,3.485,0.9777,3.6564,0.2674,정상,0,0,0,
WeldingTest_02_OK,1402,2022-02-11 14:30:25.146,36,38,30,19.4,38,650,682,685.204,690.0,3.204,0.8237,3.6564,0.2253,정상,0,0,0,
WeldingTest_02_OK,1403,2022-02-11 14:30:26.660,36,39,30,19.4,38,650,682,682.97,688.0,0.97,0.1937,3.6564,0.053,정상,0,0,0,
WeldingTest_02_OK,1404,2022-02-11 14:31:13.104,37,1,250,241.1,82,1154,1666,1684.187,1682.0,18.187,1.6818,3.6564,0.46,정상,0,0,0,
WeldingTest_02_OK,1405,2022-02-11 14:31:16.408,37,2,250,241.2,83,1670,1692,1701.969,1707.0,9.969,1.2164,3.6564,0.3327,정상,0,0,0,
WeldingTest_02_OK,1406,2022-02-11 14:31:19.226,37,3,250,241.1,82,1153,1673,1682.833,1689.0,9.833,1.2007,3.6564,0.3284,정상,0,0,0,
WeldingTest_02_OK,1407,2022-02-11 14:31:22.510,37,4,250,241.2,83,1670,1697,1702.798,1712.0,5.798,0.6644,3.6564,0.1817,정상,0,0,0,
WeldingTest_02_OK,1408,2022-02-11 14:31:25.328,37,5,250,241.1,82,1154,1675,1679.057,1692.0,4.057,0.4491,3.6564,0.1228,정상,0,0,0,
WeldingTest_02_OK,1409,2022-02-11 14:31:28.610,37,6,250,241.2,83,1670,1698,1703.129,1714.0,5.129,0.6067,3.6564,0.1659,정상,0,0,0,
WeldingTest_02_OK,1410,2022-02-11 14:31:34.386,37,7,250,241.1,82,1153,1673,1676.898,1690.0,3.898,0.4513,3.6564,0.1234,정상,0,0,0,
WeldingTest_02_OK,1411,2022-02-11 14:31:37.586,37,8,250,241.2,83,1670,1698,1704.99,1714.0,6.99,0.8141,3.6564,0.2226,정상,0,0,0,
WeldingTest_02_OK,1412,2022-02-11 14:31:40.392,37,9,250,241.1,82,1154,1678,1677.423,1694.0,0.577,0.0182,3.6564,0.005,정상,0,0,0,
WeldingTest_02_OK,1413,2022-02-11 14:31:43.600,37,10,250,241.2,83,1670,1700,1705.769,1717.0,5.769,0.6741,3.6564,0.1844,정상,0,0,0,
WeldingTest_02_OK,1414,2022-02-11 14:31:46.474,37,11,250,241.1,82,1154,1679,1677.809,1695.0,1.191,0.1151,3.6564,0.0315,정상,0,0,0,
WeldingTest_02_OK,1415,2022-02-11 14:31:49.694,37,12,250,241.2,83,1670,1702,1706.385,1718.0,4.385,0.519,3.6564,0.1419,정상,0,0,0,
WeldingTest_02_OK,1416,2022-02-11 14:31:54.256,37,13,30,19.4,38,650,682,689.737,690.0,7.737,2.1668,3.6564,0.5926,정상,0,0,0,
WeldingTest_02_OK,1417,2022-02-11 14:31:55.978,37,14,30,19.4,38,650,682,677.958,688.0,4.042,1.0542,3.6564,0.2883,정상,0,0,0,
WeldingTest_02_OK,1418,2022-02-11 14:31:58.894,37,15,30,19.4,38,650,682,682.029,688.0,0.029,0.0988,3.6564,0.027,정상,0,0,0,
WeldingTest_02_OK,1419,2022-02-11 14:32:02.280,37,16,30,19.4,38,650,682,679.478,688.0,2.522,0.7055,3.6564,0.193,정상,0,0,0,
WeldingTest_02_OK,1420,2022-02-11 14:32:03.956,37,17,30,19.4,38,650,682,684.655,688.0,2.655,0.7423,3.6564,0.203,정상,0,0,0,
WeldingTest_02_OK,1421,2022-02-11 14:32:05.682,37,18,30,19.4,38,650,682,684.296,688.0,2.296,0.6406,3.6564,0.1752,정상,0,0,0,
WeldingTest_02_OK,1422,2022-02-11 14:32:26.582,37,19,250,241.1,83,1670,1692,1697.964,1708.0,5.964,0.5865,3.6564,0.1604,정상,0,0,0,
WeldingTest_02_OK,1423,2022-02-11 14:32:29.196,37,20,250,241.2,82,1154,1674,1676.387,1692.0,2.387,0.237,3.6564,0.0648,정상,0,0,0,
WeldingTest_02_OK,1424,2022-02-11 14:32:32.602,37,21,250,241.1,83,1670,1697,1709.887,1714.0,12.887,1.548,3.6564,0.4234,정상,0,0,0,
WeldingTest_02_OK,1425,2022-02-11 14:32:35.306,37,22,250,241.2,82,1154,1677,1672.981,1694.0,4.019,0.4873,3.6564,0.1333,정상,0,0,0,
WeldingTest_02_OK,1426,2022-02-11 14:32:38.790,37,23,250,241.1,83,1670,1699,1706.842,1717.0,7.842,0.9318,3.6564,0.2548,정상,0,0,0,
WeldingTest_02_OK,1427,2022-02-11 14:32:41.414,37,24,250,241.2,82,1154,1679,1672.554,1695.0,6.446,0.7529,3.6564,0.2059,정상,0,0,0,
WeldingTest_02_OK,1428,2022-02-11 14:32:47.896,37,25,250,241.1,83,1670,1697,1707.821,1714.0,10.821,1.2985,3.6564,0.3551,정상,0,0,0,
WeldingTest_02_OK,1429,2022-02-11 14:32:50.568,37,26,250,241.2,82,1154,1678,1673.387,1695.0,4.613,0.5443,3.6564,0.1489,정상,0,0,0,
WeldingTest_02_OK,1430,2022-02-11 14:32:54.004,37,27,250,241.1,83,1670,1700,1707.729,1718.0,7.729,0.923,3.6564,0.2524,정상,0,0,0,
WeldingTest_02_OK,1431,2022-02-11 14:32:56.696,37,28,250,241.2,82,1154,1679,1672.891,1697.0,6.109,0.7285,3.6564,0.1992,정상,0,0,0,
WeldingTest_02_OK,1432,2022-02-11 14:33:00.236,37,29,250,241.1,83,1670,1702,1708.503,1719.0,6.503,0.7331,3.6564,0.2005,정상,0,0,0,
WeldingTest_02_OK,1433,2022-02-11 14:33:02.926,37,30,250,241.2,82,1154,1680,1674.403,1698.0,5.597,0.6809,3.6564,0.1862,정상,0,0,0,
WeldingTest_02_OK,1434,2022-02-11 14:33:07.446,37,31,30,19.4,38,650,682,692.501,690.0,10.501,3.0583,3.6564,0.8364,관찰,0,0,0,
WeldingTest_02_OK,1435,2022-02-11 14:33:08.950,37,32,30,19.4,38,650,682,675.002,688.0,6.998,1.8473,3.6564,0.5052,정상,0,0,0,
WeldingTest_02_OK,1436,2022-02-11 14:33:11.980,37,33,30,19.4,38,650,682,684.15,690.0,2.15,0.4081,3.6564,0.1116,정상,0,0,0,
WeldingTest_02_OK,1437,2022-02-11 14:33:13.686,37,34,30,19.4,38,650,682,683.348,690.0,1.348,0.2375,3.6564,0.0649,정상,0,0,0,
WeldingTest_02_OK,1438,2022-02-11 14:33:17.130,37,35,30,19.4,38,650,682,686.079,690.0,4.079,1.1185,3.6564,0.3059,정상,0,0,0,
WeldingTest_02_OK,1439,2022-02-11 14:33:18.826,37,36,30,19.4,38,650,682,683.598,690.0,1.598,0.4002,3.6564,0.1095,정상,0,0,0,
WeldingTest_02_OK,1440,2022-02-11 14:33:20.552,37,37,30,19.4,38,650,682,685.44,688.0,3.44,0.9647,3.6564,0.2638,정상,0,0,0,
WeldingTest_02_OK,1441,2022-02-11 14:33:23.550,37,38,30,19.4,38,650,682,685.553,690.0,3.553,0.9246,3.6564,0.2529,정상,0,0,0,
WeldingTest_02_OK,1442,2022-02-11 14:33:25.068,37,39,30,19.4,38,650,682,682.97,688.0,0.97,0.1937,3.6564,0.053,정상,0,0,0,
WeldingTest_02_OK,1443,2022-02-11 14:34:12.036,38,1,250,241.1,82,1154,1666,1684.076,1682.0,18.076,1.6687,3.6564,0.4564,정상,0,0,0,
WeldingTest_02_OK,1444,2022-02-11 14:34:15.350,38,2,250,241.2,83,1670,1692,1701.942,1707.0,9.942,1.2131,3.6564,0.3318,정상,0,0,0,
WeldingTest_02_OK,1445,2022-02-11 14:34:18.176,38,3,250,241.1,82,1153,1673,1682.753,1689.0,9.753,1.1904,3.6564,0.3256,정상,0,0,0,
WeldingTest_02_OK,1446,2022-02-11 14:34:21.354,38,4,250,241.2,83,1670,1697,1702.935,1712.0,5.935,0.6815,3.6564,0.1864,정상,0,0,0,
WeldingTest_02_OK,1447,2022-02-11 14:34:24.128,38,5,250,241.1,82,1154,1675,1678.645,1692.0,3.645,0.3963,3.6564,0.1084,정상,0,0,0,
WeldingTest_02_OK,1448,2022-02-11 14:34:27.400,38,6,250,241.2,83,1670,1698,1703.129,1714.0,5.129,0.6067,3.6564,0.1659,정상,0,0,0,
WeldingTest_02_OK,1449,2022-02-11 14:34:33.214,38,7,250,241.1,82,1153,1673,1676.898,1690.0,3.898,0.4513,3.6564,0.1234,정상,0,0,0,
WeldingTest_02_OK,1450,2022-02-11 14:34:36.498,38,8,250,241.2,83,1670,1698,1704.722,1714.0,6.722,0.7809,3.6564,0.2136,정상,0,0,0,
WeldingTest_02_OK,1451,2022-02-11 14:34:39.374,38,9,250,241.1,82,1154,1677,1678.059,1694.0,1.059,0.0799,3.6564,0.0219,정상,0,0,0,
WeldingTest_02_OK,1452,2022-02-11 14:34:42.648,38,10,250,241.2,83,1670,1700,1704.639,1717.0,4.639,0.5344,3.6564,0.1462,정상,0,0,0,
WeldingTest_02_OK,1453,2022-02-11 14:34:45.424,38,11,250,241.1,82,1154,1678,1677.155,1695.0,0.845,0.0708,3.6564,0.0194,정상,0,0,0,
WeldingTest_02_OK,1454,2022-02-11 14:34:48.736,38,12,250,241.2,83,1670,1702,1705.674,1718.0,3.674,0.431,3.6564,0.1179,정상,0,0,0,
WeldingTest_02_OK,1455,2022-02-11 14:34:53.154,38,13,30,19.4,38,650,682,689.702,690.0,7.702,2.1564,3.6564,0.5898,정상,0,0,0,
WeldingTest_02_OK,1456,2022-02-11 14:34:54.852,38,14,30,19.4,38,650,682,677.797,688.0,4.203,1.1011,3.6564,0.3011,정상,0,0,0,
WeldingTest_02_OK,1457,2022-02-11 14:34:57.792,38,15,30,19.4,38,650,682,682.946,688.0,0.946,0.1667,3.6564,0.0456,정상,0,0,0,
WeldingTest_02_OK,1458,2022-02-11 14:35:01.206,38,16,30,19.4,38,650,682,679.478,688.0,2.522,0.7055,3.6564,0.193,정상,0,0,0,
WeldingTest_02_OK,1459,2022-02-11 14:35:02.964,38,17,30,19.4,38,650,682,683.353,688.0,1.353,0.3669,3.6564,0.1003,정상,0,0,0,
WeldingTest_02_OK,1460,2022-02-11 14:35:04.668,38,18,30,19.4,38,650,682,684.495,688.0,2.495,0.6979,3.6564,0.1909,정상,0,0,0,
WeldingTest_02_OK,1461,2022-02-11 14:35:25.446,38,19,250,241.1,83,1670,1692,1697.964,1708.0,5.964,0.5865,3.6564,0.1604,정상,0,0,0,
WeldingTest_02_OK,1462,2022-02-11 14:35:28.124,38,20,250,241.2,82,1154,1674,1676.277,1692.0,2.277,0.223,3.6564,0.061,정상,0,0,0,
WeldingTest_02_OK,1463,2022-02-11 14:35:31.618,38,21,250,241.1,83,1670,1697,1710.075,1714.0,13.075,1.5712,3.6564,0.4297,정상,0,0,0,
WeldingTest_02_OK,1464,2022-02-11 14:35:34.248,38,22,250,241.2,82,1154,1677,1672.936,1694.0,4.064,0.493,3.6564,0.1348,정상,0,0,0,
WeldingTest_02_OK,1465,2022-02-11 14:35:37.738,38,23,250,241.1,83,1670,1699,1706.841,1717.0,7.841,0.9317,3.6564,0.2548,정상,0,0,0,
WeldingTest_02_OK,1466,2022-02-11 14:35:40.387,38,24,250,241.2,82,1154,1678,1672.654,1695.0,5.346,0.6117,3.6564,0.1673,정상,0,0,0,
WeldingTest_02_OK,1467,2022-02-11 14:35:46.839,38,25,250,241.1,83,1670,1697,1707.224,1714.0,10.224,1.2244,3.6564,0.3349,정상,0,0,0,
WeldingTest_02_OK,1468,2022-02-11 14:35:49.483,38,26,250,241.2,82,1154,1678,1673.455,1695.0,4.545,0.5356,3.6564,0.1465,정상,0,0,0,
WeldingTest_02_OK,1469,2022-02-11 14:35:52.909,38,27,250,241.1,83,1670,1700,1707.729,1718.0,7.729,0.923,3.6564,0.2524,정상,0,0,0,
WeldingTest_02_OK,1470,2022-02-11 14:35:55.587,38,28,250,241.2,82,1154,1679,1672.891,1697.0,6.109,0.7285,3.6564,0.1992,정상,0,0,0,
WeldingTest_02_OK,1471,2022-02-11 14:35:59.135,38,29,250,241.1,83,1670,1702,1708.503,1719.0,6.503,0.7331,3.6564,0.2005,정상,0,0,0,
WeldingTest_02_OK,1472,2022-02-11 14:36:01.759,38,30,250,241.2,82,1154,1682,1674.312,1698.0,7.688,0.9495,3.6564,0.2597,정상,0,0,0,
WeldingTest_02_OK,1473,2022-02-11 14:36:06.203,38,31,30,19.4,38,650,682,692.501,690.0,10.501,3.0583,3.6564,0.8364,관찰,0,0,0,
WeldingTest_02_OK,1474,2022-02-11 14:36:07.715,38,32,30,19.4,38,650,682,674.916,688.0,7.084,1.8726,3.6564,0.5121,정상,0,0,0,
WeldingTest_02_OK,1475,2022-02-11 14:36:10.805,38,33,30,19.4,38,650,682,684.814,690.0,2.814,0.6,3.6564,0.1641,정상,0,0,0,
WeldingTest_02_OK,1476,2022-02-11 14:36:12.607,38,34,30,19.4,38,650,682,680.027,690.0,1.973,0.419,3.6564,0.1146,정상,0,0,0,
WeldingTest_02_OK,1477,2022-02-11 14:36:16.119,38,35,30,19.4,38,650,682,681.94,690.0,0.06,0.0448,3.6564,0.0123,정상,0,0,0,
WeldingTest_02_OK,1478,2022-02-11 14:36:17.799,38,36,30,19.4,38,650,682,680.92,690.0,1.08,0.2497,3.6564,0.0683,정상,0,0,0,
WeldingTest_02_OK,1479,2022-02-11 14:36:19.605,38,37,30,19.4,38,650,682,682.609,688.0,0.609,0.1476,3.6564,0.0404,정상,0,0,0,
WeldingTest_02_OK,1480,2022-02-11 14:36:22.611,38,38,30,19.4,38,650,682,685.553,690.0,3.553,0.9246,3.6564,0.2529,정상,0,0,0,
WeldingTest_02_OK,1481,2022-02-11 14:36:24.157,38,39,30,19.4,38,650,682,683.106,688.0,1.106,0.233,3.6564,0.0637,정상,0,0,0,
WeldingTest_02_OK,1482,2022-02-11 14:43:21.104,39,1,250,241.1,82,1154,1661,1682.847,1682.0,21.847,2.1109,3.6564,0.5773,정상,0,0,0,
WeldingTest_02_OK,1483,2022-02-11 14:43:24.414,39,2,250,241.2,83,1670,1685,1701.969,1707.0,16.969,2.0876,3.6564,0.5709,정상,0,0,0,
WeldingTest_02_OK,1484,2022-02-11 14:43:27.232,39,3,250,241.1,82,1153,1667,1682.626,1689.0,15.626,1.9408,3.6564,0.5308,정상,0,0,0,
WeldingTest_02_OK,1485,2022-02-11 14:43:30.522,39,4,250,241.2,83,1670,1690,1702.798,1712.0,12.798,1.5345,3.6564,0.4197,정상,0,0,0,
WeldingTest_02_OK,1486,2022-02-11 14:43:33.364,39,5,250,241.1,82,1154,1670,1679.566,1692.0,9.566,1.1548,3.6564,0.3158,정상,0,0,0,
WeldingTest_02_OK,1487,2022-02-11 14:43:36.594,39,6,250,241.2,83,1670,1694,1703.383,1714.0,9.383,1.1353,3.6564,0.3105,정상,0,0,0,
WeldingTest_02_OK,1488,2022-02-11 14:43:42.382,39,7,250,241.1,82,1153,1669,1676.898,1690.0,7.898,0.9621,3.6564,0.2631,정상,0,0,0,
WeldingTest_02_OK,1489,2022-02-11 14:43:45.674,39,8,250,241.2,83,1670,1694,1704.722,1714.0,10.722,1.276,3.6564,0.349,정상,0,0,0,
WeldingTest_02_OK,1490,2022-02-11 14:43:48.426,39,9,250,241.1,82,1154,1673,1677.84,1694.0,4.84,0.5627,3.6564,0.1539,정상,0,0,0,
WeldingTest_02_OK,1491,2022-02-11 14:43:51.674,39,10,250,241.2,83,1670,1697,1704.876,1717.0,7.876,0.9347,3.6564,0.2556,정상,0,0,0,
WeldingTest_02_OK,1492,2022-02-11 14:43:54.422,39,11,250,241.1,82,1154,1675,1673.111,1695.0,1.889,0.2046,3.6564,0.0559,정상,0,0,0,
WeldingTest_02_OK,1493,2022-02-11 14:43:57.706,39,12,250,241.2,83,1670,1698,1704.61,1718.0,6.61,0.7946,3.6564,0.2173,정상,0,0,0,
WeldingTest_02_OK,1494,2022-02-11 14:44:02.260,39,13,30,19.4,38,650,682,689.492,690.0,7.492,2.0938,3.6564,0.5726,정상,0,0,0,
WeldingTest_02_OK,1495,2022-02-11 14:44:04.014,39,14,30,19.4,38,650,680,677.945,688.0,2.055,0.475,3.6564,0.1299,정상,0,0,0,
WeldingTest_02_OK,1496,2022-02-11 14:44:06.956,39,15,30,19.4,38,650,680,683.101,688.0,3.101,0.7913,3.6564,0.2164,정상,0,0,0,
WeldingTest_02_OK,1497,2022-02-11 14:44:10.302,39,16,30,19.4,38,650,680,679.478,688.0,0.522,0.1241,3.6564,0.0339,정상,0,0,0,
WeldingTest_02_OK,1498,2022-02-11 14:44:12.088,39,17,30,19.4,38,650,680,682.462,688.0,2.462,0.6866,3.6564,0.1878,정상,0,0,0,
WeldingTest_02_OK,1499,2022-02-11 14:44:13.782,39,18,30,19.4,38,650,680,684.495,688.0,4.495,1.2751,3.6564,0.3487,정상,0,0,0,
WeldingTest_02_OK,1500,2022-02-11 14:44:34.316,39,19,250,241.1,83,1670,1689,1699.008,1708.0,10.008,1.0517,3.6564,0.2876,정상,0,0,0,
WeldingTest_02_OK,1501,2022-02-11 14:44:36.998,39,20,250,241.2,82,1154,1671,1676.085,1692.0,5.085,0.5815,3.6564,0.159,정상,0,0,0,
WeldingTest_02_OK,1502,2022-02-11 14:44:40.516,39,21,250,241.1,83,1670,1695,1710.078,1714.0,15.078,1.8181,3.6564,0.4972,정상,0,0,0,
WeldingTest_02_OK,1503,2022-02-11 14:44:43.188,39,22,250,241.2,82,1154,1674,1673.017,1694.0,0.983,0.0987,3.6564,0.027,정상,0,0,0,
WeldingTest_02_OK,1504,2022-02-11 14:44:46.706,39,23,250,241.1,83,1670,1698,1706.848,1717.0,8.848,1.0566,3.6564,0.289,정상,0,0,0,
WeldingTest_02_OK,1505,2022-02-11 14:44:49.372,39,24,250,241.2,82,1154,1677,1672.649,1695.0,4.351,0.4838,3.6564,0.1323,정상,0,0,0,
WeldingTest_02_OK,1506,2022-02-11 14:44:55.758,39,25,250,241.1,83,1670,1695,1706.456,1714.0,11.456,1.3773,3.6564,0.3767,정상,0,0,0,
WeldingTest_02_OK,1507,2022-02-11 14:44:58.350,39,26,250,241.2,82,1154,1677,1673.322,1695.0,3.678,0.4242,3.6564,0.116,정상,0,0,0,
WeldingTest_02_OK,1508,2022-02-11 14:45:01.822,39,27,250,241.1,83,1670,1699,1707.185,1718.0,8.185,0.9796,3.6564,0.2679,정상,0,0,0,
WeldingTest_02_OK,1509,2022-02-11 14:45:04.470,39,28,250,241.2,82,1154,1678,1672.887,1697.0,5.113,0.6006,3.6564,0.1643,정상,0,0,0,
WeldingTest_02_OK,1510,2022-02-11 14:45:07.934,39,29,250,241.1,83,1670,1700,1707.884,1719.0,7.884,0.9044,3.6564,0.2474,정상,0,0,0,
WeldingTest_02_OK,1511,2022-02-11 14:45:10.574,39,30,250,241.2,82,1154,1679,1672.727,1698.0,6.273,0.7677,3.6564,0.21,정상,0,0,0,
WeldingTest_02_OK,1512,2022-02-11 14:45:15.112,39,31,30,19.4,38,650,682,692.587,690.0,10.587,3.0841,3.6564,0.8435,관찰,0,0,0,
WeldingTest_02_OK,1513,2022-02-11 14:45:16.636,39,32,30,19.4,38,650,682,674.916,688.0,7.084,1.8726,3.6564,0.5121,정상,0,0,0,
WeldingTest_02_OK,1514,2022-02-11 14:45:19.744,39,33,30,19.4,38,650,682,684.835,690.0,2.835,0.6061,3.6564,0.1658,정상,0,0,0,
WeldingTest_02_OK,1515,2022-02-11 14:45:21.478,39,34,30,19.4,38,650,682,683.491,690.0,1.491,0.2789,3.6564,0.0763,정상,0,0,0,
WeldingTest_02_OK,1516,2022-02-11 14:45:24.928,39,35,30,19.4,38,650,682,686.079,690.0,4.079,1.1185,3.6564,0.3059,정상,0,0,0,
WeldingTest_02_OK,1517,2022-02-11 14:45:26.642,39,36,30,19.4,38,650,682,684.419,690.0,2.419,0.6383,3.6564,0.1746,정상,0,0,0,
WeldingTest_02_OK,1518,2022-02-11 14:45:28.358,39,37,30,19.4,38,650,682,685.472,688.0,3.472,0.9738,3.6564,0.2663,정상,0,0,0,
WeldingTest_02_OK,1519,2022-02-11 14:45:31.364,39,38,30,19.4,38,650,682,685.553,690.0,3.553,0.9246,3.6564,0.2529,정상,0,0,0,
WeldingTest_02_OK,1520,2022-02-11 14:45:32.856,39,39,30,19.4,38,650,682,683.255,688.0,1.255,0.276,3.6564,0.0755,정상,0,0,0,
WeldingTest_02_OK,1521,2022-02-11 14:46:19.896,40,1,250,241.1,82,1154,1665,1684.076,1682.0,19.076,1.786,3.6564,0.4885,정상,0,0,0,
WeldingTest_02_OK,1522,2022-02-11 14:46:23.190,40,2,250,241.2,83,1670,1692,1701.969,1707.0,9.969,1.2164,3.6564,0.3327,정상,0,0,0,
WeldingTest_02_OK,1523,2022-02-11 14:46:25.948,40,3,250,241.1,82,1153,1671,1683.157,1689.0,12.157,1.4977,3.6564,0.4096,정상,0,0,0,
WeldingTest_02_OK,1524,2022-02-11 14:46:29.168,40,4,250,241.2,83,1670,1695,1703.064,1712.0,8.064,0.9461,3.6564,0.2588,정상,0,0,0,
WeldingTest_02_OK,1525,2022-02-11 14:46:31.930,40,5,250,241.1,82,1154,1674,1679.021,1692.0,5.021,0.5726,3.6564,0.1566,정상,0,0,0,
WeldingTest_02_OK,1526,2022-02-11 14:46:35.180,40,6,250,241.2,83,1670,1698,1703.364,1714.0,5.364,0.6359,3.6564,0.1739,정상,0,0,0,
WeldingTest_02_OK,1527,2022-02-11 14:46:40.958,40,7,250,241.1,82,1153,1673,1676.898,1690.0,3.898,0.4513,3.6564,0.1234,정상,0,0,0,
WeldingTest_02_OK,1528,2022-02-11 14:46:44.184,40,8,250,241.2,83,1670,1698,1704.977,1714.0,6.977,0.8125,3.6564,0.2222,정상,0,0,0,
WeldingTest_02_OK,1529,2022-02-11 14:46:46.970,40,9,250,241.1,82,1154,1677,1677.43,1694.0,0.43,0.0005,3.6564,0.0001,정상,0,0,0,
WeldingTest_02_OK,1530,2022-02-11 14:46:50.182,40,10,250,241.2,83,1670,1700,1704.904,1717.0,4.904,0.5671,3.6564,0.1551,정상,0,0,0,
WeldingTest_02_OK,1531,2022-02-11 14:46:52.932,40,11,250,241.1,82,1154,1679,1673.133,1695.0,5.867,0.7144,3.6564,0.1954,정상,0,0,0,
WeldingTest_02_OK,1532,2022-02-11 14:46:56.212,40,12,250,241.2,83,1670,1702,1706.346,1718.0,4.346,0.5142,3.6564,0.1406,정상,0,0,0,
WeldingTest_02_OK,1533,2022-02-11 14:47:00.772,40,13,30,19.4,38,650,682,689.737,690.0,7.737,2.1668,3.6564,0.5926,정상,0,0,0,
WeldingTest_02_OK,1534,2022-02-11 14:47:02.426,40,14,30,19.4,38,650,682,675.374,688.0,6.626,1.8074,3.6564,0.4943,정상,0,0,0,
WeldingTest_02_OK,1535,2022-02-11 14:47:05.392,40,15,30,19.4,38,650,682,685.352,688.0,3.352,0.864,3.6564,0.2363,정상,0,0,0,
WeldingTest_02_OK,1536,2022-02-11 14:47:08.780,40,16,30,19.4,38,650,682,679.478,688.0,2.522,0.7055,3.6564,0.193,정상,0,0,0,
WeldingTest_02_OK,1537,2022-02-11 14:47:10.458,40,17,30,19.4,38,650,682,684.655,688.0,2.655,0.7423,3.6564,0.203,정상,0,0,0,
WeldingTest_02_OK,1538,2022-02-11 14:47:12.192,40,18,30,19.4,38,650,682,684.203,688.0,2.203,0.6136,3.6564,0.1678,정상,0,0,0,
WeldingTest_02_OK,1539,2022-02-11 14:47:33.806,40,19,250,241.1,83,1670,1692,1697.805,1708.0,5.805,0.5683,3.6564,0.1554,정상,0,0,0,
WeldingTest_02_OK,1540,2022-02-11 14:47:36.520,40,20,250,241.2,82,1154,1674,1676.272,1692.0,2.272,0.2223,3.6564,0.0608,정상,0,0,0,
WeldingTest_02_OK,1541,2022-02-11 14:47:39.984,40,21,250,241.1,83,1670,1697,1710.076,1714.0,13.076,1.5714,3.6564,0.4298,정상,0,0,0,
WeldingTest_02_OK,1542,2022-02-11 14:47:42.654,40,22,250,241.2,82,1154,1677,1673.017,1694.0,3.983,0.4826,3.6564,0.132,정상,0,0,0,
WeldingTest_02_OK,1543,2022-02-11 14:47:46.128,40,23,250,241.1,83,1670,1699,1706.843,1717.0,7.843,0.9318,3.6564,0.2549,정상,0,0,0,
WeldingTest_02_OK,1544,2022-02-11 14:47:48.796,40,24,250,241.2,82,1154,1678,1672.654,1695.0,5.346,0.6117,3.6564,0.1673,정상,0,0,0,
WeldingTest_02_OK,1545,2022-02-11 14:47:55.392,40,25,250,241.1,83,1670,1697,1707.279,1714.0,10.279,1.2313,3.6564,0.3367,정상,0,0,0,
WeldingTest_02_OK,1546,2022-02-11 14:47:58.080,40,26,250,241.2,82,1154,1678,1673.38,1695.0,4.62,0.5451,3.6564,0.1491,정상,0,0,0,
WeldingTest_02_OK,1547,2022-02-11 14:48:01.540,40,27,250,241.1,83,1670,1700,1707.916,1718.0,7.916,0.9462,3.6564,0.2588,정상,0,0,0,
WeldingTest_02_OK,1548,2022-02-11 14:48:04.236,40,28,250,241.2,82,1154,1679,1672.886,1697.0,6.114,0.7292,3.6564,0.1994,정상,0,0,0,
WeldingTest_02_OK,1549,2022-02-11 14:48:07.790,40,29,250,241.1,83,1670,1702,1708.503,1719.0,6.503,0.7331,3.6564,0.2005,정상,0,0,0,
WeldingTest_02_OK,1550,2022-02-11 14:48:10.328,40,30,250,241.2,82,1154,1680,1674.399,1698.0,5.601,0.6814,3.6564,0.1864,정상,0,0,0,
WeldingTest_02_OK,1551,2022-02-11 14:48:14.826,40,31,30,19.4,38,650,682,692.501,690.0,10.501,3.0583,3.6564,0.8364,관찰,0,0,0,
WeldingTest_02_OK,1552,2022-02-11 14:48:16.346,40,32,30,19.4,38,650,682,674.916,688.0,7.084,1.8726,3.6564,0.5121,정상,0,0,0,
WeldingTest_02_OK,1553,2022-02-11 14:48:19.434,40,33,30,19.4,38,650,682,684.814,690.0,2.814,0.6,3.6564,0.1641,정상,0,0,0,
WeldingTest_02_OK,1554,2022-02-11 14:48:21.182,40,34,30,19.4,38,650,682,682.728,690.0,0.728,0.0576,3.6564,0.0157,정상,0,0,0,
WeldingTest_02_OK,1555,2022-02-11 14:48:24.624,40,35,30,19.4,38,650,682,686.079,690.0,4.079,1.1185,3.6564,0.3059,정상,0,0,0,
WeldingTest_02_OK,1556,2022-02-11 14:48:26.346,40,36,30,19.4,38,650,682,684.484,690.0,2.484,0.6573,3.6564,0.1798,정상,0,0,0,
WeldingTest_02_OK,1557,2022-02-11 14:48:28.050,40,37,30,19.4,38,650,682,685.654,688.0,3.654,1.0265,3.6564,0.2807,정상,0,0,0,
WeldingTest_02_OK,1558,2022-02-11 14:48:31.048,40,38,30,19.4,38,650,682,685.553,690.0,3.553,0.9246,3.6564,0.2529,정상,0,0,0,
WeldingTest_02_OK,1559,2022-02-11 14:48:32.550,40,39,30,19.4,38,650,682,683.213,688.0,1.213,0.264,3.6564,0.0722,정상,0,0,0,
WeldingTest_02_OK,1560,2022-02-11 14:49:19.354,41,1,250,241.1,82,1154,1666,1684.076,1682.0,18.076,1.6687,3.6564,0.4564,정상,0,0,0,
WeldingTest_02_OK,1561,2022-02-11 14:49:22.584,41,2,250,241.2,83,1670,1692,1702.214,1707.0,10.214,1.2469,3.6564,0.341,정상,0,0,0,
WeldingTest_02_OK,1562,2022-02-11 14:49:25.338,41,3,250,241.1,82,1153,1673,1683.157,1689.0,10.157,1.2421,3.6564,0.3397,정상,0,0,0,
WeldingTest_02_OK,1563,2022-02-11 14:49:28.570,41,4,250,241.2,83,1670,1697,1703.048,1712.0,6.048,0.6956,3.6564,0.1902,정상,0,0,0,
WeldingTest_02_OK,1564,2022-02-11 14:49:31.366,41,5,250,241.1,82,1154,1675,1678.812,1692.0,3.812,0.4176,3.6564,0.1142,정상,0,0,0,
WeldingTest_02_OK,1565,2022-02-11 14:49:34.662,41,6,250,241.2,83,1670,1698,1703.122,1714.0,5.122,0.6058,3.6564,0.1657,정상,0,0,0,
WeldingTest_02_OK,1566,2022-02-11 14:49:40.392,41,7,250,241.1,82,1153,1673,1676.898,1690.0,3.898,0.4513,3.6564,0.1234,정상,0,0,0,
WeldingTest_02_OK,1567,2022-02-11 14:49:43.776,41,8,250,241.2,83,1670,1698,1704.646,1714.0,6.646,0.7715,3.6564,0.211,정상,0,0,0,
WeldingTest_02_OK,1568,2022-02-11 14:49:46.530,41,9,250,241.1,82,1154,1677,1677.867,1694.0,0.867,0.0554,3.6564,0.0151,정상,0,0,0,
WeldingTest_02_OK,1569,2022-02-11 14:49:49.789,41,10,250,241.2,83,1670,1700,1704.876,1717.0,4.876,0.5637,3.6564,0.1542,정상,0,0,0,
WeldingTest_02_OK,1570,2022-02-11 14:49:52.637,41,11,250,241.1,82,1154,1678,1677.809,1695.0,0.191,0.0131,3.6564,0.0036,정상,0,0,0,
WeldingTest_02_OK,1571,2022-02-11 14:49:55.935,41,12,250,241.2,83,1670,1702,1705.681,1718.0,3.681,0.4319,3.6564,0.1181,정상,0,0,0,
WeldingTest_02_OK,1572,2022-02-11 14:50:00.461,41,13,30,19.4,38,650,682,689.702,690.0,7.702,2.1564,3.6564,0.5898,정상,0,0,0,
WeldingTest_02_OK,1573,2022-02-11 14:50:02.157,41,14,30,19.4,38,650,682,677.797,688.0,4.203,1.1011,3.6564,0.3011,정상,0,0,0,
WeldingTest_02_OK,1574,2022-02-11 14:50:05.077,41,15,30,19.4,38,650,682,682.029,688.0,0.029,0.0988,3.6564,0.027,정상,0,0,0,
WeldingTest_02_OK,1575,2022-02-11 14:50:08.507,41,16,30,19.4,38,650,682,673.127,688.0,8.873,2.5517,3.6564,0.6979,정상,0,0,0,
WeldingTest_02_OK,1576,2022-02-11 14:50:10.255,41,17,30,19.4,38,650,682,685.036,688.0,3.036,0.8521,3.6564,0.233,정상,0,0,0,
WeldingTest_02_OK,1577,2022-02-11 14:50:11.933,41,18,30,19.4,38,650,682,682.062,688.0,0.062,0.0044,3.6564,0.0012,정상,0,0,0,
WeldingTest_02_OK,1578,2022-02-11 14:50:33.367,41,19,250,241.1,83,1670,1692,1697.805,1708.0,5.805,0.5683,3.6564,0.1554,정상,0,0,0,
WeldingTest_02_OK,1579,2022-02-11 14:50:35.961,41,20,250,241.2,82,1154,1674,1676.387,1692.0,2.387,0.237,3.6564,0.0648,정상,0,0,0,
WeldingTest_02_OK,1580,2022-02-11 14:50:39.399,41,21,250,241.1,83,1670,1697,1709.868,1714.0,12.868,1.5457,3.6564,0.4227,정상,0,0,0,
WeldingTest_02_OK,1581,2022-02-11 14:50:42.063,41,22,250,241.2,82,1154,1677,1673.035,1694.0,3.965,0.4803,3.6564,0.1314,정상,0,0,0,
WeldingTest_02_OK,1582,2022-02-11 14:50:45.507,41,23,250,241.1,83,1670,1699,1706.634,1717.0,7.634,0.906,3.6564,0.2478,정상,0,0,0,
WeldingTest_02_OK,1583,2022-02-11 14:50:48.155,41,24,250,241.2,82,1154,1679,1672.654,1695.0,6.346,0.7401,3.6564,0.2024,정상,0,0,0,
WeldingTest_02_OK,1584,2022-02-11 14:50:54.769,41,25,250,241.1,83,1670,1697,1708.531,1714.0,11.531,1.3867,3.6564,0.3792,정상,0,0,0,
WeldingTest_02_OK,1585,2022-02-11 14:50:57.373,41,26,250,241.2,82,1154,1678,1673.322,1695.0,4.678,0.5526,3.6564,0.1511,정상,0,0,0,
WeldingTest_02_OK,1586,2022-02-11 14:51:00.809,41,27,250,241.1,83,1670,1700,1707.729,1718.0,7.729,0.923,3.6564,0.2524,정상,0,0,0,
WeldingTest_02_OK,1587,2022-02-11 14:51:03.465,41,28,250,241.2,82,1154,1680,1672.898,1697.0,7.102,0.856,3.6564,0.2341,정상,0,0,0,
WeldingTest_02_OK,1588,2022-02-11 14:51:06.945,41,29,250,241.1,83,1670,1702,1709.307,1719.0,7.307,0.8328,3.6564,0.2278,정상,0,0,0,
WeldingTest_02_OK,1589,2022-02-11 14:51:09.583,41,30,250,241.2,82,1154,1682,1674.262,1698.0,7.738,0.9559,3.6564,0.2614,정상,0,0,0,
WeldingTest_02_OK,1590,2022-02-11 14:51:14.127,41,31,30,19.4,38,650,682,692.587,690.0,10.587,3.0841,3.6564,0.8435,관찰,0,0,0,
WeldingTest_02_OK,1591,2022-02-11 14:51:15.639,41,32,30,19.4,38,650,682,674.916,688.0,7.084,1.8726,3.6564,0.5121,정상,0,0,0,
WeldingTest_02_OK,1592,2022-02-11 14:51:18.707,41,33,30,19.4,38,650,682,682.887,690.0,0.887,0.0426,3.6564,0.0117,정상,0,0,0,
WeldingTest_02_OK,1593,2022-02-11 14:51:20.491,41,34,30,19.4,38,650,682,680.027,690.0,1.973,0.419,3.6564,0.1146,정상,0,0,0,
WeldingTest_02_OK,1594,2022-02-11 14:51:24.023,41,35,30,19.4,38,650,682,681.94,690.0,0.06,0.0448,3.6564,0.0123,정상,0,0,0,
WeldingTest_02_OK,1595,2022-02-11 14:51:25.753,41,36,30,19.4,38,650,682,684.439,690.0,2.439,0.6441,3.6564,0.1762,정상,0,0,0,
WeldingTest_02_OK,1596,2022-02-11 14:51:27.455,41,37,30,19.4,38,650,682,685.654,688.0,3.654,1.0265,3.6564,0.2807,정상,0,0,0,
WeldingTest_02_OK,1597,2022-02-11 14:51:30.391,41,38,30,19.4,38,650,682,684.561,690.0,2.561,0.6375,3.6564,0.1744,정상,0,0,0,
WeldingTest_02_OK,1598,2022-02-11 14:51:31.919,41,39,30,19.4,38,650,682,683.021,688.0,1.021,0.2086,3.6564,0.057,정상,0,0,0,
WeldingTest_02_OK,1599,2022-02-11 16:11:06.260,42,1,250,241.1,82,1154,1658,1682.847,1682.0,24.847,2.4628,3.6564,0.6735,정상,0,0,0,
WeldingTest_02_OK,1600,2022-02-11 16:11:09.558,42,2,250,241.2,83,1670,1685,1701.969,1707.0,16.969,2.0876,3.6564,0.5709,정상,0,0,0,
WeldingTest_02_OK,1601,2022-02-11 16:11:12.396,42,3,250,241.1,82,1153,1666,1683.087,1689.0,17.087,2.1274,3.6564,0.5818,정상,0,0,0,
WeldingTest_02_OK,1602,2022-02-11 16:11:15.676,42,4,250,241.2,83,1670,1690,1702.798,1712.0,12.798,1.5345,3.6564,0.4197,정상,0,0,0,
WeldingTest_02_OK,1603,2022-02-11 16:11:18.476,42,5,250,241.1,82,1154,1669,1678.848,1692.0,9.848,1.191,3.6564,0.3257,정상,0,0,0,
WeldingTest_02_OK,1604,2022-02-11 16:11:21.744,42,6,250,241.2,83,1670,1693,1703.353,1714.0,10.353,1.2559,3.6564,0.3435,정상,0,0,0,
WeldingTest_02_OK,1605,2022-02-11 16:11:27.434,42,7,250,241.1,82,1153,1667,1676.818,1690.0,9.818,1.2073,3.6564,0.3302,정상,0,0,0,
WeldingTest_02_OK,1606,2022-02-11 16:11:30.660,42,8,250,241.2,83,1670,1693,1704.977,1714.0,11.977,1.4314,3.6564,0.3915,정상,0,0,0,
WeldingTest_02_OK,1607,2022-02-11 16:11:33.422,42,9,250,241.1,82,1154,1673,1677.814,1694.0,4.814,0.5594,3.6564,0.153,정상,0,0,0,
WeldingTest_02_OK,1608,2022-02-11 16:11:36.648,42,10,250,241.2,83,1670,1695,1704.885,1717.0,9.885,1.1831,3.6564,0.3236,정상,0,0,0,
WeldingTest_02_OK,1609,2022-02-11 16:11:39.372,42,11,250,241.1,82,1154,1674,1673.141,1695.0,0.859,0.0726,3.6564,0.0199,정상,0,0,0,
WeldingTest_02_OK,1610,2022-02-11 16:11:42.684,42,12,250,241.2,83,1670,1697,1704.585,1718.0,7.585,0.9154,3.6564,0.2504,정상,0,0,0,
WeldingTest_02_OK,1611,2022-02-11 16:11:47.210,42,13,30,19.4,38,650,680,688.743,690.0,8.743,2.4666,3.6564,0.6746,정상,0,0,0,
WeldingTest_02_OK,1612,2022-02-11 16:11:48.928,42,14,30,19.4,38,650,680,677.884,688.0,2.116,0.4928,3.6564,0.1348,정상,0,0,0,
WeldingTest_02_OK,1613,2022-02-11 16:11:51.848,42,15,30,19.4,38,650,680,682.029,688.0,2.029,0.4808,3.6564,0.1315,정상,0,0,0,
WeldingTest_02_OK,1614,2022-02-11 16:11:55.174,42,16,30,19.4,38,650,680,679.478,688.0,0.522,0.1241,3.6564,0.0339,정상,0,0,0,
WeldingTest_02_OK,1615,2022-02-11 16:11:56.954,42,17,30,19.4,38,650,680,682.462,688.0,2.462,0.6866,3.6564,0.1878,정상,0,0,0,
WeldingTest_02_OK,1616,2022-02-11 16:11:58.740,42,18,30,19.4,38,650,680,678.582,688.0,1.418,0.387,3.6564,0.1058,정상,0,0,0,
WeldingTest_02_OK,1617,2022-02-11 16:12:19.242,42,19,250,241.1,83,1670,1688,1699.539,1708.0,11.539,1.2279,3.6564,0.3358,정상,0,0,0,
WeldingTest_02_OK,1618,2022-02-11 16:12:21.836,42,20,250,241.2,82,1154,1670,1676.164,1692.0,6.164,0.7194,3.6564,0.1968,정상,0,0,0,
WeldingTest_02_OK,1619,2022-02-11 16:12:25.248,42,21,250,241.1,83,1670,1694,1709.868,1714.0,15.868,1.9154,3.6564,0.5238,정상,0,0,0,
WeldingTest_02_OK,1620,2022-02-11 16:12:27.942,42,22,250,241.2,82,1154,1674,1672.985,1694.0,1.015,0.1029,3.6564,0.0281,정상,0,0,0,
WeldingTest_02_OK,1621,2022-02-11 16:12:31.478,42,23,250,241.1,83,1670,1697,1706.848,1717.0,9.848,1.1806,3.6564,0.3229,정상,0,0,0,
WeldingTest_02_OK,1622,2022-02-11 16:12:34.142,42,24,250,241.2,82,1154,1675,1672.649,1695.0,2.351,0.227,3.6564,0.0621,정상,0,0,0,
WeldingTest_02_OK,1623,2022-02-11 16:12:40.552,42,25,250,241.1,83,1670,1694,1706.493,1714.0,12.493,1.5059,3.6564,0.4119,정상,0,0,0,
WeldingTest_02_OK,1624,2022-02-11 16:12:43.174,42,26,250,241.2,82,1154,1675,1673.32,1695.0,1.68,0.1676,3.6564,0.0459,정상,0,0,0,
WeldingTest_02_OK,1625,2022-02-11 16:12:46.688,42,27,250,241.1,83,1670,1698,1707.184,1718.0,9.184,1.1036,3.6564,0.3018,정상,0,0,0,
WeldingTest_02_OK,1626,2022-02-11 16:12:49.360,42,28,250,241.2,82,1154,1677,1672.943,1697.0,4.057,0.4649,3.6564,0.1271,정상,0,0,0,
WeldingTest_02_OK,1627,2022-02-11 16:12:52.870,42,29,250,241.1,83,1670,1699,1707.151,1719.0,8.151,0.9376,3.6564,0.2564,정상,0,0,0,
WeldingTest_02_OK,1628,2022-02-11 16:12:55.532,42,30,250,241.2,82,1154,1679,1672.864,1698.0,6.136,0.7501,3.6564,0.2052,정상,0,0,0,
WeldingTest_02_OK,1629,2022-02-11 16:12:59.778,42,31,30,19.4,38,650,682,692.454,690.0,10.454,3.0443,3.6564,0.8326,관찰,0,0,0,
WeldingTest_02_OK,1630,2022-02-11 16:13:01.324,42,32,30,19.4,38,650,682,675.0,688.0,7.0,1.8479,3.6564,0.5054,정상,0,0,0,
WeldingTest_02_OK,1631,2022-02-11 16:13:04.400,42,33,30,19.4,38,650,682,682.478,690.0,0.478,0.0757,3.6564,0.0207,정상,0,0,0,
WeldingTest_02_OK,1632,2022-02-11 16:13:06.134,42,34,30,19.4,38,650,682,683.491,690.0,1.491,0.2789,3.6564,0.0763,정상,0,0,0,
WeldingTest_02_OK,1633,2022-02-11 16:13:09.586,42,35,30,19.4,38,650,682,682.206,690.0,0.206,0.0025,3.6564,0.0007,정상,0,0,0,
WeldingTest_02_OK,1634,2022-02-11 16:13:11.304,42,36,30,19.4,38,650,682,684.471,690.0,2.471,0.6534,3.6564,0.1787,정상,0,0,0,
WeldingTest_02_OK,1635,2022-02-11 16:13:13.026,42,37,30,19.4,38,650,680,685.485,688.0,5.485,1.555,3.6564,0.4253,정상,0,0,0,
WeldingTest_02_OK,1636,2022-02-11 16:13:16.018,42,38,30,19.4,38,650,682,685.553,690.0,3.553,0.9246,3.6564,0.2529,정상,0,0,0,
WeldingTest_02_OK,1637,2022-02-11 16:13:17.522,42,39,30,19.4,38,650,680,683.213,688.0,3.213,0.8421,3.6564,0.2303,정상,0,0,0,
WeldingTest_02_OK,1638,2022-02-11 16:14:05.062,43,1,250,241.1,82,1154,1665,1683.977,1682.0,18.977,1.7743,3.6564,0.4853,정상,0,0,0,
WeldingTest_02_OK,1639,2022-02-11 16:14:08.382,43,2,250,241.2,83,1670,1690,1701.937,1707.0,11.937,1.4614,3.6564,0.3997,정상,0,0,0,
WeldingTest_02_OK,1640,2022-02-11 16:14:11.160,43,3,250,241.1,82,1153,1671,1682.759,1689.0,11.759,1.4467,3.6564,0.3957,정상,0,0,0,
WeldingTest_02_OK,1641,2022-02-11 16:14:14.550,43,4,250,241.2,83,1670,1695,1702.753,1712.0,7.753,0.9075,3.6564,0.2482,정상,0,0,0,
WeldingTest_02_OK,1642,2022-02-11 16:14:17.396,43,5,250,241.1,82,1154,1674,1679.47,1692.0,5.47,0.6301,3.6564,0.1723,정상,0,0,0,
WeldingTest_02_OK,1643,2022-02-11 16:14:20.648,43,6,250,241.2,83,1670,1697,1703.364,1714.0,6.364,0.7601,3.6564,0.2079,정상,0,0,0,
WeldingTest_02_OK,1644,2022-02-11 16:14:26.350,43,7,250,241.1,82,1153,1671,1676.863,1690.0,5.863,0.7022,3.6564,0.192,정상,0,0,0,
WeldingTest_02_OK,1645,2022-02-11 16:14:29.648,43,8,250,241.2,83,1670,1697,1704.72,1714.0,7.72,0.9044,3.6564,0.2474,정상,0,0,0,
WeldingTest_02_OK,1646,2022-02-11 16:14:32.422,43,9,250,241.1,82,1154,1677,1677.458,1694.0,0.458,0.0031,3.6564,0.0009,정상,0,0,0,
WeldingTest_02_OK,1647,2022-02-11 16:14:35.665,43,10,250,241.2,83,1670,1699,1704.876,1717.0,5.876,0.6874,3.6564,0.188,정상,0,0,0,
WeldingTest_02_OK,1648,2022-02-11 16:14:38.487,43,11,250,241.1,82,1154,1678,1677.271,1695.0,0.729,0.0559,3.6564,0.0153,정상,0,0,0,
WeldingTest_02_OK,1649,2022-02-11 16:14:41.769,43,12,250,241.2,83,1670,1700,1705.699,1718.0,5.699,0.6818,3.6564,0.1865,정상,0,0,0,
WeldingTest_02_OK,1650,2022-02-11 16:14:46.231,43,13,30,19.4,38,650,682,689.702,690.0,7.702,2.1564,3.6564,0.5898,정상,0,0,0,
WeldingTest_02_OK,1651,2022-02-11 16:14:47.921,43,14,30,19.4,38,650,682,676.309,688.0,5.691,1.5347,3.6564,0.4197,정상,0,0,0,
WeldingTest_02_OK,1652,2022-02-11 16:14:50.863,43,15,30,19.4,38,650,682,683.101,688.0,1.101,0.2118,3.6564,0.0579,정상,0,0,0,
WeldingTest_02_OK,1653,2022-02-11 16:14:54.279,43,16,30,19.4,38,650,682,679.478,688.0,2.522,0.7055,3.6564,0.193,정상,0,0,0,
WeldingTest_02_OK,1654,2022-02-11 16:14:56.043,43,17,30,19.4,38,650,682,682.349,688.0,0.349,0.0775,3.6564,0.0212,정상,0,0,0,
WeldingTest_02_OK,1655,2022-02-11 16:14:57.873,43,18,30,19.4,38,650,682,678.582,688.0,3.418,0.9643,3.6564,0.2637,정상,0,0,0,
WeldingTest_02_OK,1656,2022-02-11 16:15:18.385,43,19,250,241.1,83,1670,1690,1699.008,1708.0,9.008,0.9366,3.6564,0.2562,정상,0,0,0,
WeldingTest_02_OK,1657,2022-02-11 16:15:21.049,43,20,250,241.2,82,1154,1673,1676.324,1692.0,3.324,0.3567,3.6564,0.0975,정상,0,0,0,
WeldingTest_02_OK,1658,2022-02-11 16:15:24.571,43,21,250,241.1,83,1670,1697,1710.078,1714.0,13.078,1.5716,3.6564,0.4298,정상,0,0,0,
WeldingTest_02_OK,1659,2022-02-11 16:15:27.297,43,22,250,241.2,82,1154,1675,1672.981,1694.0,2.019,0.2313,3.6564,0.0633,정상,0,0,0,
WeldingTest_02_OK,1660,2022-02-11 16:15:30.803,43,23,250,241.1,83,1670,1698,1706.848,1717.0,8.848,1.0566,3.6564,0.289,정상,0,0,0,
WeldingTest_02_OK,1661,2022-02-11 16:15:33.549,43,24,250,241.2,82,1154,1678,1672.353,1695.0,5.647,0.6503,3.6564,0.1778,정상,0,0,0,
WeldingTest_02_OK,1662,2022-02-11 16:15:39.905,43,25,250,241.1,83,1670,1697,1707.187,1714.0,10.187,1.2199,3.6564,0.3336,정상,0,0,0,
WeldingTest_02_OK,1663,2022-02-11 16:15:42.557,43,26,250,241.2,82,1154,1678,1673.414,1695.0,4.586,0.5407,3.6564,0.1479,정상,0,0,0,
WeldingTest_02_OK,1664,2022-02-11 16:15:46.095,43,27,250,241.1,83,1670,1699,1707.915,1718.0,8.915,1.0702,3.6564,0.2927,정상,0,0,0,
WeldingTest_02_OK,1665,2022-02-11 16:15:48.739,43,28,250,241.2,82,1154,1679,1672.923,1697.0,6.077,0.7244,3.6564,0.1981,정상,0,0,0,
WeldingTest_02_OK,1666,2022-02-11 16:15:52.227,43,29,250,241.1,83,1670,1700,1708.504,1719.0,8.504,0.9815,3.6564,0.2684,정상,0,0,0,
WeldingTest_02_OK,1667,2022-02-11 16:15:54.867,43,30,250,241.2,82,1154,1680,1672.727,1698.0,7.273,0.8961,3.6564,0.2451,정상,0,0,0,
WeldingTest_02_OK,1668,2022-02-11 16:15:59.265,43,31,30,19.4,38,650,682,692.501,690.0,10.501,3.0583,3.6564,0.8364,관찰,0,0,0,
WeldingTest_02_OK,1669,2022-02-11 16:16:00.795,43,32,30,19.4,38,650,682,674.916,688.0,7.084,1.8726,3.6564,0.5121,정상,0,0,0,
WeldingTest_02_OK,1670,2022-02-11 16:16:03.873,43,33,30,19.4,38,650,682,682.478,690.0,0.478,0.0757,3.6564,0.0207,정상,0,0,0,
WeldingTest_02_OK,1671,2022-02-11 16:16:05.671,43,34,30,19.4,38,650,682,680.027,690.0,1.973,0.419,3.6564,0.1146,정상,0,0,0,
WeldingTest_02_OK,1672,2022-02-11 16:16:09.223,43,35,30,19.4,38,650,682,681.421,690.0,0.579,0.1054,3.6564,0.0288,정상,0,0,0,
WeldingTest_02_OK,1673,2022-02-11 16:16:10.901,43,36,30,19.4,38,650,682,680.92,690.0,1.08,0.2497,3.6564,0.0683,정상,0,0,0,
WeldingTest_02_OK,1674,2022-02-11 16:16:12.601,43,37,30,19.4,38,650,682,685.654,688.0,3.654,1.0265,3.6564,0.2807,정상,0,0,0,
WeldingTest_02_OK,1675,2022-02-11 16:16:15.605,43,38,30,19.4,38,650,682,685.553,690.0,3.553,0.9246,3.6564,0.2529,정상,0,0,0,
WeldingTest_02_OK,1676,2022-02-11 16:16:17.109,43,39,30,19.4,38,650,682,683.213,688.0,1.213,0.264,3.6564,0.0722,정상,0,0,0,
WeldingTest_02_OK,1677,2022-02-11 16:41:50.742,44,1,250,241.1,82,1154,1660,1682.847,1682.0,22.847,2.2282,3.6564,0.6094,정상,0,0,0,
WeldingTest_02_OK,1678,2022-02-11 16:41:54.082,44,2,250,241.2,83,1670,1685,1701.931,1707.0,16.931,2.0829,3.6564,0.5696,정상,0,0,0,
WeldingTest_02_OK,1679,2022-02-11 16:41:56.944,44,3,250,241.1,82,1153,1666,1683.104,1689.0,17.104,2.1296,3.6564,0.5824,정상,0,0,0,
WeldingTest_02_OK,1680,2022-02-11 16:42:00.362,44,4,250,241.2,83,1670,1689,1702.51,1712.0,13.51,1.6231,3.6564,0.4439,정상,0,0,0,
WeldingTest_02_OK,1681,2022-02-11 16:42:03.174,44,5,250,241.1,82,1154,1669,1679.086,1692.0,10.086,1.2214,3.6564,0.3341,정상,0,0,0,
WeldingTest_02_OK,1682,2022-02-11 16:42:06.466,44,6,250,241.2,83,1670,1693,1703.124,1714.0,10.124,1.2274,3.6564,0.3357,정상,0,0,0,
WeldingTest_02_OK,1683,2022-02-11 16:42:12.270,44,7,250,241.1,82,1153,1667,1676.854,1690.0,9.854,1.2118,3.6564,0.3314,정상,0,0,0,
WeldingTest_02_OK,1684,2022-02-11 16:42:15.546,44,8,250,241.2,83,1670,1693,1704.722,1714.0,11.722,1.3998,3.6564,0.3828,정상,0,0,0,
WeldingTest_02_OK,1685,2022-02-11 16:42:18.336,44,9,250,241.1,82,1154,1673,1677.377,1694.0,4.377,0.5036,3.6564,0.1377,정상,0,0,0,
WeldingTest_02_OK,1686,2022-02-11 16:42:21.520,44,10,250,241.2,83,1670,1695,1704.904,1717.0,9.904,1.1855,3.6564,0.3242,정상,0,0,0,
WeldingTest_02_OK,1687,2022-02-11 16:42:24.320,44,11,250,241.1,82,1154,1674,1677.074,1695.0,3.074,0.3564,3.6564,0.0975,정상,0,0,0,
WeldingTest_02_OK,1688,2022-02-11 16:42:27.572,44,12,250,241.2,83,1670,1697,1704.847,1718.0,7.847,0.9478,3.6564,0.2592,정상,0,0,0,
WeldingTest_02_OK,1689,2022-02-11 16:42:31.980,44,13,30,19.4,38,650,680,688.743,690.0,8.743,2.4666,3.6564,0.6746,정상,0,0,0,
WeldingTest_02_OK,1690,2022-02-11 16:42:33.712,44,14,30,19.4,38,650,680,677.921,688.0,2.079,0.4821,3.6564,0.1318,정상,0,0,0,
WeldingTest_02_OK,1691,2022-02-11 16:42:36.654,44,15,30,19.4,38,650,680,683.101,688.0,3.101,0.7913,3.6564,0.2164,정상,0,0,0,
WeldingTest_02_OK,1692,2022-02-11 16:42:40.038,44,16,30,19.4,38,650,680,679.478,688.0,0.522,0.1241,3.6564,0.0339,정상,0,0,0,
WeldingTest_02_OK,1693,2022-02-11 16:42:41.708,44,17,30,19.4,38,650,680,684.499,688.0,4.499,1.274,3.6564,0.3484,정상,0,0,0,
WeldingTest_02_OK,1694,2022-02-11 16:42:43.408,44,18,30,19.4,38,650,680,684.495,688.0,4.495,1.2751,3.6564,0.3487,정상,0,0,0,
WeldingTest_02_OK,1695,2022-02-11 16:43:04.027,44,19,250,241.1,83,1670,1688,1697.964,1708.0,9.964,1.0466,3.6564,0.2862,정상,0,0,0,
WeldingTest_02_OK,1696,2022-02-11 16:43:06.707,44,20,250,241.2,82,1154,1671,1676.055,1692.0,5.055,0.5777,3.6564,0.158,정상,0,0,0,
WeldingTest_02_OK,1697,2022-02-11 16:43:10.125,44,21,250,241.1,83,1670,1694,1709.868,1714.0,15.868,1.9154,3.6564,0.5238,정상,0,0,0,
WeldingTest_02_OK,1698,2022-02-11 16:43:12.737,44,22,250,241.2,82,1154,1674,1672.953,1694.0,1.047,0.1069,3.6564,0.0292,정상,0,0,0,
WeldingTest_02_OK,1699,2022-02-11 16:43:16.127,44,23,250,241.1,83,1670,1697,1706.625,1717.0,9.625,1.1529,3.6564,0.3153,정상,0,0,0,
WeldingTest_02_OK,1700,2022-02-11 16:43:18.801,44,24,250,241.2,82,1154,1677,1672.631,1695.0,4.369,0.4861,3.6564,0.133,정상,0,0,0,
WeldingTest_02_OK,1701,2022-02-11 16:43:25.217,44,25,250,241.1,83,1670,1694,1706.493,1714.0,12.493,1.5059,3.6564,0.4119,정상,0,0,0,
WeldingTest_02_OK,1702,2022-02-11 16:43:27.829,44,26,250,241.2,82,1154,1675,1673.32,1695.0,1.68,0.1676,3.6564,0.0458,정상,0,0,0,
WeldingTest_02_OK,1703,2022-02-11 16:43:31.237,44,27,250,241.1,83,1670,1698,1706.988,1718.0,8.988,1.0793,3.6564,0.2952,정상,0,0,0,
WeldingTest_02_OK,1704,2022-02-11 16:43:33.821,44,28,250,241.2,82,1154,1678,1672.914,1697.0,5.086,0.5971,3.6564,0.1633,정상,0,0,0,
WeldingTest_02_OK,1705,2022-02-11 16:43:37.279,44,29,250,241.1,83,1670,1699,1707.884,1719.0,8.884,1.0286,3.6564,0.2813,정상,0,0,0,
WeldingTest_02_OK,1706,2022-02-11 16:43:39.879,44,30,250,241.2,82,1154,1679,1672.798,1698.0,6.202,0.7586,3.6564,0.2075,정상,0,0,0,
WeldingTest_02_OK,1707,2022-02-11 16:43:44.383,44,31,30,19.4,38,650,682,692.501,690.0,10.501,3.0583,3.6564,0.8364,관찰,0,0,0,
WeldingTest_02_OK,1708,2022-02-11 16:43:45.909,44,32,30,19.4,38,650,680,674.916,688.0,5.084,1.2898,3.6564,0.3528,정상,0,0,0,
WeldingTest_02_OK,1709,2022-02-11 16:43:48.989,44,33,30,19.4,38,650,682,682.478,690.0,0.478,0.0757,3.6564,0.0207,정상,0,0,0,
WeldingTest_02_OK,1710,2022-02-11 16:43:50.761,44,34,30,19.4,38,650,682,679.99,690.0,2.01,0.4298,3.6564,0.1176,정상,0,0,0,
WeldingTest_02_OK,1711,2022-02-11 16:43:54.275,44,35,30,19.4,38,650,682,681.94,690.0,0.06,0.0448,3.6564,0.0123,정상,0,0,0,
WeldingTest_02_OK,1712,2022-02-11 16:43:55.963,44,36,30,19.4,38,650,680,680.462,690.0,0.462,0.0706,3.6564,0.0193,정상,0,0,0,
WeldingTest_02_OK,1713,2022-02-11 16:43:57.733,44,37,30,19.4,38,650,682,682.572,688.0,0.572,0.1368,3.6564,0.0374,정상,0,0,0,
WeldingTest_02_OK,1714,2022-02-11 16:44:00.693,44,38,30,19.4,38,650,682,685.529,690.0,3.529,0.9177,3.6564,0.251,정상,0,0,0,
WeldingTest_02_OK,1715,2022-02-11 16:44:02.191,44,39,30,19.4,38,650,680,683.213,688.0,3.213,0.8421,3.6564,0.2303,정상,0,0,0,
WeldingTest_02_OK,1716,2022-02-11 16:44:48.313,45,1,250,241.1,82,1154,1665,1684.187,1682.0,19.187,1.7991,3.6564,0.492,정상,0,0,0,
WeldingTest_02_OK,1717,2022-02-11 16:44:51.547,45,2,250,241.2,83,1670,1690,1702.203,1707.0,12.203,1.4945,3.6564,0.4087,정상,0,0,0,
WeldingTest_02_OK,1718,2022-02-11 16:44:54.257,45,3,250,241.1,82,1153,1671,1679.407,1689.0,8.407,1.0185,3.6564,0.2786,정상,0,0,0,
WeldingTest_02_OK,1719,2022-02-11 16:44:57.527,45,4,250,241.2,83,1670,1695,1702.798,1712.0,7.798,0.913,3.6564,0.2497,정상,0,0,0,
WeldingTest_02_OK,1720,2022-02-11 16:45:00.319,45,5,250,241.1,82,1154,1674,1678.812,1692.0,4.812,0.5458,3.6564,0.1493,정상,0,0,0,
WeldingTest_02_OK,1721,2022-02-11 16:45:03.543,45,6,250,241.2,83,1670,1698,1703.383,1714.0,5.383,0.6383,3.6564,0.1746,정상,0,0,0,
WeldingTest_02_OK,1722,2022-02-11 16:45:09.319,45,7,250,241.1,82,1153,1671,1676.898,1690.0,5.898,0.7067,3.6564,0.1933,정상,0,0,0,
WeldingTest_02_OK,1723,2022-02-11 16:45:12.609,45,8,250,241.2,83,1670,1697,1704.722,1714.0,7.722,0.9047,3.6564,0.2474,정상,0,0,0,
WeldingTest_02_OK,1724,2022-02-11 16:45:15.411,45,9,250,241.1,82,1154,1675,1677.397,1694.0,2.397,0.2508,3.6564,0.0686,정상,0,0,0,
WeldingTest_02_OK,1725,2022-02-11 16:45:18.621,45,10,250,241.2,83,1670,1699,1704.904,1717.0,5.904,0.6908,3.6564,0.1889,정상,0,0,0,
WeldingTest_02_OK,1726,2022-02-11 16:45:21.393,45,11,250,241.1,82,1154,1678,1677.133,1695.0,0.867,0.0736,3.6564,0.0201,정상,0,0,0,
WeldingTest_02_OK,1727,2022-02-11 16:45:24.759,45,12,250,241.2,83,1670,1700,1705.635,1718.0,5.635,0.6739,3.6564,0.1843,정상,0,0,0,
WeldingTest_02_OK,1728,2022-02-11 16:45:29.317,45,13,30,19.4,38,650,682,689.737,690.0,7.737,2.1668,3.6564,0.5926,정상,0,0,0,
WeldingTest_02_OK,1729,2022-02-11 16:45:30.985,45,14,30,19.4,38,650,682,675.374,688.0,6.626,1.8074,3.6564,0.4943,정상,0,0,0,
WeldingTest_02_OK,1730,2022-02-11 16:45:33.911,45,15,30,19.4,38,650,682,681.044,688.0,0.956,0.1697,3.6564,0.0464,정상,0,0,0,
WeldingTest_02_OK,1731,2022-02-11 16:45:37.247,45,16,30,19.4,38,650,682,679.478,688.0,2.522,0.7055,3.6564,0.193,정상,0,0,0,
WeldingTest_02_OK,1732,2022-02-11 16:45:39.035,45,17,30,19.4,38,650,682,682.462,688.0,0.462,0.1101,3.6564,0.0301,정상,0,0,0,
WeldingTest_02_OK,1733,2022-02-11 16:45:40.715,45,18,30,19.4,38,650,682,682.062,688.0,0.062,0.0044,3.6564,0.0012,정상,0,0,0,
WeldingTest_02_OK,1734,2022-02-11 16:46:01.801,45,19,250,241.1,83,1670,1690,1697.811,1708.0,7.811,0.799,3.6564,0.2185,정상,0,0,0,
WeldingTest_02_OK,1735,2022-02-11 16:46:04.487,45,20,250,241.2,82,1154,1673,1676.275,1692.0,3.275,0.3504,3.6564,0.0958,정상,0,0,0,
WeldingTest_02_OK,1736,2022-02-11 16:46:07.945,45,21,250,241.1,83,1670,1697,1710.076,1714.0,13.076,1.5714,3.6564,0.4298,정상,0,0,0,
WeldingTest_02_OK,1737,2022-02-11 16:46:10.615,45,22,250,241.2,82,1154,1675,1673.017,1694.0,1.983,0.2267,3.6564,0.062,정상,0,0,0,
WeldingTest_02_OK,1738,2022-02-11 16:46:14.063,45,23,250,241.1,83,1670,1698,1706.634,1717.0,8.634,1.03,3.6564,0.2817,정상,0,0,0,
WeldingTest_02_OK,1739,2022-02-11 16:46:16.727,45,24,250,241.2,82,1154,1678,1672.649,1695.0,5.351,0.6123,3.6564,0.1675,정상,0,0,0,
WeldingTest_02_OK,1740,2022-02-11 16:46:23.247,45,25,250,241.1,83,1670,1697,1707.224,1714.0,10.224,1.2244,3.6564,0.3349,정상,0,0,0,
WeldingTest_02_OK,1741,2022-02-11 16:46:26.049,45,26,250,241.2,82,1154,1677,1678.331,1695.0,1.331,0.1228,3.6564,0.0336,정상,0,0,0,
WeldingTest_02_OK,1742,2022-02-11 16:46:29.553,45,27,250,241.1,83,1670,1699,1707.184,1718.0,8.184,0.9794,3.6564,0.2679,정상,0,0,0,
WeldingTest_02_OK,1743,2022-02-11 16:46:32.343,45,28,250,241.2,82,1154,1678,1677.896,1697.0,0.104,0.0428,3.6564,0.0117,정상,0,0,0,
WeldingTest_02_OK,1744,2022-02-11 16:46:35.923,45,29,250,241.1,83,1670,1700,1707.882,1719.0,7.882,0.9042,3.6564,0.2473,정상,0,0,0,
WeldingTest_02_OK,1745,2022-02-11 16:46:38.583,45,30,250,241.2,82,1154,1680,1672.876,1698.0,7.124,0.8771,3.6564,0.2399,정상,0,0,0,
WeldingTest_02_OK,1746,2022-02-11 16:46:42.873,45,31,30,19.4,38,650,682,692.454,690.0,10.454,3.0443,3.6564,0.8326,관찰,0,0,0,
WeldingTest_02_OK,1747,2022-02-11 16:46:44.395,45,32,30,19.4,38,650,682,674.916,688.0,7.084,1.8726,3.6564,0.5121,정상,0,0,0,
WeldingTest_02_OK,1748,2022-02-11 16:46:47.441,45,33,30,19.4,38,650,682,684.15,690.0,2.15,0.4081,3.6564,0.1116,정상,0,0,0,
WeldingTest_02_OK,1749,2022-02-11 16:46:49.243,45,34,30,19.4,38,650,682,680.027,690.0,1.973,0.419,3.6564,0.1146,정상,0,0,0,
WeldingTest_02_OK,1750,2022-02-11 16:46:52.779,45,35,30,19.4,38,650,682,681.94,690.0,0.06,0.0448,3.6564,0.0123,정상,0,0,0,
WeldingTest_02_OK,1751,2022-02-11 16:46:54.495,45,36,30,19.4,38,650,682,684.471,690.0,2.471,0.6534,3.6564,0.1787,정상,0,0,0,
WeldingTest_02_OK,1752,2022-02-11 16:46:56.213,45,37,30,19.4,38,650,682,685.472,688.0,3.472,0.9738,3.6564,0.2663,정상,0,0,0,
WeldingTest_02_OK,1753,2022-02-11 16:46:59.195,45,38,30,19.4,38,650,682,685.553,690.0,3.553,0.9246,3.6564,0.2529,정상,0,0,0,
WeldingTest_02_OK,1754,2022-02-11 16:47:00.689,45,39,30,19.4,38,650,682,683.255,688.0,1.255,0.276,3.6564,0.0755,정상,0,0,0,
WeldingTest_02_OK,1755,2022-02-11 16:47:47.661,46,1,250,241.1,82,1154,1665,1684.076,1682.0,19.076,1.786,3.6564,0.4885,정상,0,0,0,
WeldingTest_02_OK,1756,2022-02-11 16:47:50.969,46,2,250,241.2,83,1670,1692,1701.969,1707.0,9.969,1.2164,3.6564,0.3327,정상,0,0,0,
WeldingTest_02_OK,1757,2022-02-11 16:47:53.801,46,3,250,241.1,82,1153,1671,1682.753,1689.0,11.753,1.4459,3.6564,0.3955,정상,0,0,0,
WeldingTest_02_OK,1758,2022-02-11 16:47:57.127,46,4,250,241.2,83,1670,1695,1702.759,1712.0,7.759,0.9082,3.6564,0.2484,정상,0,0,0,
WeldingTest_02_OK,1759,2022-02-11 16:47:59.923,46,5,250,241.1,82,1154,1674,1678.812,1692.0,4.812,0.5458,3.6564,0.1493,정상,0,0,0,
WeldingTest_02_OK,1760,2022-02-11 16:48:03.131,46,6,250,241.2,83,1670,1698,1703.396,1714.0,5.396,0.6399,3.6564,0.175,정상,0,0,0,
WeldingTest_02_OK,1761,2022-02-11 16:48:08.857,46,7,250,241.1,82,1153,1673,1676.898,1690.0,3.898,0.4513,3.6564,0.1234,정상,0,0,0,
WeldingTest_02_OK,1762,2022-02-11 16:48:12.157,46,8,250,241.2,83,1670,1698,1704.72,1714.0,6.72,0.7807,3.6564,0.2135,정상,0,0,0,
WeldingTest_02_OK,1763,2022-02-11 16:48:14.969,46,9,250,241.1,82,1154,1677,1677.671,1694.0,0.671,0.0302,3.6564,0.0083,정상,0,0,0,
WeldingTest_02_OK,1764,2022-02-11 16:48:18.207,46,10,250,241.2,83,1670,1699,1704.876,1717.0,5.876,0.6874,3.6564,0.188,정상,0,0,0,
WeldingTest_02_OK,1765,2022-02-11 16:48:20.959,46,11,250,241.1,82,1154,1678,1677.448,1695.0,0.552,0.0332,3.6564,0.0091,정상,0,0,0,
WeldingTest_02_OK,1766,2022-02-11 16:48:24.239,46,12,250,241.2,83,1670,1700,1705.699,1718.0,5.699,0.6818,3.6564,0.1865,정상,0,0,0,
WeldingTest_02_OK,1767,2022-02-11 16:48:28.813,46,13,30,19.4,38,650,682,689.737,690.0,7.737,2.1668,3.6564,0.5926,정상,0,0,0,
WeldingTest_02_OK,1768,2022-02-11 16:48:30.505,46,14,30,19.4,38,650,682,677.808,688.0,4.192,1.098,3.6564,0.3003,정상,0,0,0,
WeldingTest_02_OK,1769,2022-02-11 16:48:33.429,46,15,30,19.4,38,650,682,681.044,688.0,0.956,0.1697,3.6564,0.0464,정상,0,0,0,
WeldingTest_02_OK,1770,2022-02-11 16:48:36.765,46,16,30,19.4,38,650,682,679.478,688.0,2.522,0.7055,3.6564,0.193,정상,0,0,0,
WeldingTest_02_OK,1771,2022-02-11 16:48:38.503,46,17,30,19.4,38,650,682,688.034,688.0,6.034,1.7164,3.6564,0.4694,정상,0,0,0,
WeldingTest_02_OK,1772,2022-02-11 16:48:40.213,46,18,30,19.4,38,650,682,684.157,688.0,2.157,0.6005,3.6564,0.1642,정상,0,0,0,
WeldingTest_02_OK,1773,2022-02-11 16:49:01.369,46,19,250,241.1,83,1670,1690,1697.811,1708.0,7.811,0.799,3.6564,0.2185,정상,0,0,0,
WeldingTest_02_OK,1774,2022-02-11 16:49:04.149,46,20,250,241.2,82,1154,1673,1680.19,1692.0,7.19,0.8504,3.6564,0.2326,정상,0,0,0,
WeldingTest_02_OK,1775,2022-02-11 16:49:07.673,46,21,250,241.1,83,1670,1697,1710.078,1714.0,13.078,1.5716,3.6564,0.4298,정상,0,0,0,
WeldingTest_02_OK,1776,2022-02-11 16:49:10.421,46,22,250,241.2,82,1154,1675,1672.806,1694.0,2.194,0.2538,3.6564,0.0694,정상,0,0,0,
WeldingTest_02_OK,1777,2022-02-11 16:49:13.855,46,23,250,241.1,83,1670,1699,1706.634,1717.0,7.634,0.906,3.6564,0.2478,정상,0,0,0,
WeldingTest_02_OK,1778,2022-02-11 16:49:16.465,46,24,250,241.2,82,1154,1678,1672.565,1695.0,5.435,0.6231,3.6564,0.1704,정상,0,0,0,
WeldingTest_02_OK,1779,2022-02-11 16:49:23.185,46,25,250,241.1,83,1670,1697,1707.934,1714.0,10.934,1.3126,3.6564,0.359,정상,0,0,0,
WeldingTest_02_OK,1780,2022-02-11 16:49:25.859,46,26,250,241.2,82,1154,1678,1673.387,1695.0,4.613,0.5443,3.6564,0.1489,정상,0,0,0,
WeldingTest_02_OK,1781,2022-02-11 16:49:29.347,46,27,250,241.1,83,1670,1699,1707.916,1718.0,8.916,1.0703,3.6564,0.2927,정상,0,0,0,
WeldingTest_02_OK,1782,2022-02-11 16:49:32.011,46,28,250,241.2,82,1154,1679,1672.887,1697.0,6.113,0.729,3.6564,0.1994,정상,0,0,0,
WeldingTest_02_OK,1783,2022-02-11 16:49:35.429,46,29,250,241.1,83,1670,1702,1708.293,1719.0,6.293,0.707,3.6564,0.1934,정상,0,0,0,
WeldingTest_02_OK,1784,2022-02-11 16:49:38.187,46,30,250,241.2,82,1154,1679,1679.193,1698.0,0.193,0.0132,3.6564,0.0036,정상,0,0,0,
WeldingTest_02_OK,1785,2022-02-11 16:49:42.585,46,31,30,19.4,38,650,682,692.501,690.0,10.501,3.0583,3.6564,0.8364,관찰,0,0,0,
WeldingTest_02_OK,1786,2022-02-11 16:49:44.077,46,32,30,19.4,38,650,682,675.002,688.0,6.998,1.8473,3.6564,0.5052,정상,0,0,0,
WeldingTest_02_OK,1787,2022-02-11 16:49:47.195,46,33,30,19.4,38,650,682,684.835,690.0,2.835,0.6061,3.6564,0.1658,정상,0,0,0,
WeldingTest_02_OK,1788,2022-02-11 16:49:48.929,46,34,30,19.4,38,650,682,683.491,690.0,1.491,0.2789,3.6564,0.0763,정상,0,0,0,
WeldingTest_02_OK,1789,2022-02-11 16:49:52.400,46,35,30,19.4,38,650,682,682.255,690.0,0.255,0.0118,3.6564,0.0032,정상,0,0,0,
WeldingTest_02_OK,1790,2022-02-11 16:49:54.078,46,36,30,19.4,38,650,682,680.92,690.0,1.08,0.2497,3.6564,0.0683,정상,0,0,0,
WeldingTest_02_OK,1791,2022-02-11 16:49:55.820,46,37,30,19.4,38,650,682,685.091,688.0,3.091,0.864,3.6564,0.2363,정상,0,0,0,
WeldingTest_02_OK,1792,2022-02-11 16:49:58.802,46,38,30,19.4,38,650,682,685.553,690.0,3.553,0.9246,3.6564,0.2529,정상,0,0,0,
WeldingTest_02_OK,1793,2022-02-11 16:50:00.264,46,39,30,19.4,38,650,682,683.255,688.0,1.255,0.276,3.6564,0.0755,정상,0,0,0,
WeldingTest_02_OK,1794,2022-02-11 16:55:38.252,47,1,250,241.1,82,1154,1660,1682.847,1682.0,22.847,2.2282,3.6564,0.6094,정상,0,0,0,
WeldingTest_02_OK,1795,2022-02-11 16:55:41.558,47,2,250,241.2,83,1670,1685,1701.969,1707.0,16.969,2.0876,3.6564,0.5709,정상,0,0,0,
WeldingTest_02_OK,1796,2022-02-11 16:55:44.404,47,3,250,241.1,82,1153,1667,1683.104,1689.0,16.104,2.0018,3.6564,0.5475,정상,0,0,0,
WeldingTest_02_OK,1797,2022-02-11 16:55:47.630,47,4,250,241.2,83,1670,1690,1703.051,1712.0,13.051,1.566,3.6564,0.4283,정상,0,0,0,
WeldingTest_02_OK,1798,2022-02-11 16:55:50.362,47,5,250,241.1,82,1154,1670,1674.788,1692.0,4.788,0.5427,3.6564,0.1484,정상,0,0,0,
WeldingTest_02_OK,1799,2022-02-11 16:55:53.622,47,6,250,241.2,83,1670,1693,1703.362,1714.0,10.362,1.2569,3.6564,0.3438,정상,0,0,0,
WeldingTest_02_OK,1800,2022-02-11 16:55:59.460,47,7,250,241.1,82,1153,1669,1676.854,1690.0,7.854,0.9564,3.6564,0.2616,정상,0,0,0,
WeldingTest_02_OK,1801,2022-02-11 16:56:02.844,47,8,250,241.2,83,1670,1693,1704.646,1714.0,11.646,1.3904,3.6564,0.3803,정상,0,0,0,
WeldingTest_02_OK,1802,2022-02-11 16:56:05.550,47,9,250,241.1,82,1154,1673,1673.697,1694.0,0.697,0.0336,3.6564,0.0092,정상,0,0,0,
WeldingTest_02_OK,1803,2022-02-11 16:56:08.842,47,10,250,241.2,83,1670,1697,1704.635,1717.0,7.635,0.9048,3.6564,0.2475,정상,0,0,0,
WeldingTest_02_OK,1804,2022-02-11 16:56:11.670,47,11,250,241.1,82,1154,1674,1677.294,1695.0,3.294,0.3846,3.6564,0.1052,정상,0,0,0,
WeldingTest_02_OK,1805,2022-02-11 16:56:15.034,47,12,250,241.2,83,1670,1698,1704.546,1718.0,6.546,0.7867,3.6564,0.2152,정상,0,0,0,
WeldingTest_02_OK,1806,2022-02-11 16:56:19.524,47,13,30,19.4,38,650,682,689.461,690.0,7.461,2.0845,3.6564,0.5701,정상,0,0,0,
WeldingTest_02_OK,1807,2022-02-11 16:56:21.194,47,14,30,19.4,38,650,680,674.685,688.0,5.315,1.4253,3.6564,0.3898,정상,0,0,0,
WeldingTest_02_OK,1808,2022-02-11 16:56:24.128,47,15,30,19.4,38,650,680,682.946,688.0,2.946,0.7463,3.6564,0.2041,정상,0,0,0,
WeldingTest_02_OK,1809,2022-02-11 16:56:27.558,47,16,30,19.4,38,650,680,673.127,688.0,6.873,1.9703,3.6564,0.5389,정상,0,0,0,
WeldingTest_02_OK,1810,2022-02-11 16:56:29.298,47,17,30,19.4,38,650,680,688.034,688.0,8.034,2.2929,3.6564,0.6271,정상,0,0,0,
WeldingTest_02_OK,1811,2022-02-11 16:56:31.022,47,18,30,19.4,38,650,680,684.296,688.0,4.296,1.2179,3.6564,0.3331,정상,0,0,0,
WeldingTest_02_OK,1812,2022-02-11 16:56:51.820,47,19,250,241.1,83,1670,1688,1697.964,1708.0,9.964,1.0466,3.6564,0.2862,정상,0,0,0,
WeldingTest_02_OK,1813,2022-02-11 16:56:54.436,47,20,250,241.2,82,1154,1671,1676.164,1692.0,5.164,0.5917,3.6564,0.1618,정상,0,0,0,
WeldingTest_02_OK,1814,2022-02-11 16:56:57.959,47,21,250,241.1,83,1670,1694,1710.078,1714.0,16.078,1.9413,3.6564,0.5309,정상,0,0,0,
WeldingTest_02_OK,1815,2022-02-11 16:57:00.635,47,22,250,241.2,82,1154,1674,1673.016,1694.0,0.984,0.0989,3.6564,0.0271,정상,0,0,0,
WeldingTest_02_OK,1816,2022-02-11 16:57:04.173,47,23,250,241.1,83,1670,1697,1706.848,1717.0,9.848,1.1806,3.6564,0.3229,정상,0,0,0,
WeldingTest_02_OK,1817,2022-02-11 16:57:06.923,47,24,250,241.2,82,1154,1677,1672.215,1695.0,4.785,0.5396,3.6564,0.1476,정상,0,0,0,
WeldingTest_02_OK,1818,2022-02-11 16:57:13.291,47,25,250,241.1,83,1670,1695,1706.456,1714.0,11.456,1.3773,3.6564,0.3767,정상,0,0,0,
WeldingTest_02_OK,1819,2022-02-11 16:57:15.903,47,26,250,241.2,82,1154,1677,1673.322,1695.0,3.678,0.4242,3.6564,0.116,정상,0,0,0,
WeldingTest_02_OK,1820,2022-02-11 16:57:19.389,47,27,250,241.1,83,1670,1698,1707.185,1718.0,9.185,1.1037,3.6564,0.3019,정상,0,0,0,
WeldingTest_02_OK,1821,2022-02-11 16:57:22.009,47,28,250,241.2,82,1154,1678,1672.834,1697.0,5.166,0.6074,3.6564,0.1661,정상,0,0,0,
WeldingTest_02_OK,1822,2022-02-11 16:57:25.475,47,29,250,241.1,83,1670,1700,1707.884,1719.0,7.884,0.9044,3.6564,0.2474,정상,0,0,0,
WeldingTest_02_OK,1823,2022-02-11 16:57:28.073,47,30,250,241.2,82,1154,1679,1672.81,1698.0,6.19,0.7571,3.6564,0.2071,정상,0,0,0,
WeldingTest_02_OK,1824,2022-02-11 16:57:32.323,47,31,30,19.4,38,650,682,692.454,690.0,10.454,3.0443,3.6564,0.8326,관찰,0,0,0,
WeldingTest_02_OK,1825,2022-02-11 16:57:33.899,47,32,30,19.4,38,650,682,675.041,688.0,6.959,1.836,3.6564,0.5021,정상,0,0,0,
WeldingTest_02_OK,1826,2022-02-11 16:57:36.955,47,33,30,19.4,38,650,682,682.944,690.0,0.944,0.059,3.6564,0.0161,정상,0,0,0,
WeldingTest_02_OK,1827,2022-02-11 16:57:38.737,47,34,30,19.4,38,650,682,680.027,690.0,1.973,0.419,3.6564,0.1146,정상,0,0,0,
WeldingTest_02_OK,1828,2022-02-11 16:57:42.263,47,35,30,19.4,38,650,682,681.94,690.0,0.06,0.0448,3.6564,0.0123,정상,0,0,0,
WeldingTest_02_OK,1829,2022-02-11 16:57:43.947,47,36,30,19.4,38,650,682,681.451,690.0,0.549,0.0959,3.6564,0.0262,정상,0,0,0,
WeldingTest_02_OK,1830,2022-02-11 16:57:45.721,47,37,30,19.4,38,650,682,682.572,688.0,0.572,0.1368,3.6564,0.0374,정상,0,0,0,
WeldingTest_02_OK,1831,2022-02-11 16:57:48.681,47,38,30,19.4,38,650,682,685.529,690.0,3.529,0.9177,3.6564,0.251,정상,0,0,0,
WeldingTest_02_OK,1832,2022-02-11 16:57:50.151,47,39,30,19.4,38,650,682,683.255,688.0,1.255,0.276,3.6564,0.0755,정상,0,0,0,
WeldingTest_02_OK,1833,2022-02-11 16:58:36.609,48,1,250,241.1,82,1154,1665,1684.187,1682.0,19.187,1.7991,3.6564,0.492,정상,0,0,0,
WeldingTest_02_OK,1834,2022-02-11 16:58:39.847,48,2,250,241.2,83,1670,1692,1702.203,1707.0,10.203,1.2456,3.6564,0.3407,정상,0,0,0,
WeldingTest_02_OK,1835,2022-02-11 16:58:42.653,48,3,250,241.1,82,1153,1671,1682.687,1689.0,11.687,1.4375,3.6564,0.3931,정상,0,0,0,
WeldingTest_02_OK,1836,2022-02-11 16:58:45.911,48,4,250,241.2,83,1670,1695,1703.032,1712.0,8.032,0.9422,3.6564,0.2577,정상,0,0,0,
WeldingTest_02_OK,1837,2022-02-11 16:58:48.681,48,5,250,241.1,82,1154,1675,1678.645,1692.0,3.645,0.3963,3.6564,0.1084,정상,0,0,0,
WeldingTest_02_OK,1838,2022-02-11 16:58:51.971,48,6,250,241.2,83,1670,1698,1703.129,1714.0,5.129,0.6067,3.6564,0.1659,정상,0,0,0,
WeldingTest_02_OK,1839,2022-02-11 16:58:57.755,48,7,250,241.1,82,1153,1673,1676.898,1690.0,3.898,0.4513,3.6564,0.1234,정상,0,0,0,
WeldingTest_02_OK,1840,2022-02-11 16:59:01.013,48,8,250,241.2,83,1670,1697,1704.956,1714.0,7.956,0.9337,3.6564,0.2554,정상,0,0,0,
WeldingTest_02_OK,1841,2022-02-11 16:59:03.805,48,9,250,241.1,82,1154,1677,1677.399,1694.0,0.399,0.0045,3.6564,0.0012,정상,0,0,0,
WeldingTest_02_OK,1842,2022-02-11 16:59:07.029,48,10,250,241.2,83,1670,1699,1704.885,1717.0,5.885,0.6884,3.6564,0.1883,정상,0,0,0,
WeldingTest_02_OK,1843,2022-02-11 16:59:09.905,48,11,250,241.1,82,1154,1678,1677.787,1695.0,0.213,0.0103,3.6564,0.0028,정상,0,0,0,
WeldingTest_02_OK,1844,2022-02-11 16:59:13.107,48,12,250,241.2,83,1670,1700,1705.739,1718.0,5.739,0.6868,3.6564,0.1878,정상,0,0,0,
WeldingTest_02_OK,1845,2022-02-11 16:59:17.599,48,13,30,19.4,38,650,682,689.702,690.0,7.702,2.1564,3.6564,0.5898,정상,0,0,0,
WeldingTest_02_OK,1846,2022-02-11 16:59:19.281,48,14,30,19.4,38,650,682,676.309,688.0,5.691,1.5347,3.6564,0.4197,정상,0,0,0,
WeldingTest_02_OK,1847,2022-02-11 16:59:22.239,48,15,30,19.4,38,650,682,685.352,688.0,3.352,0.864,3.6564,0.2363,정상,0,0,0,
WeldingTest_02_OK,1848,2022-02-11 16:59:25.649,48,16,30,19.4,38,650,682,679.478,688.0,2.522,0.7055,3.6564,0.193,정상,0,0,0,
WeldingTest_02_OK,1849,2022-02-11 16:59:27.443,48,17,30,19.4,38,650,682,682.462,688.0,0.462,0.1101,3.6564,0.0301,정상,0,0,0,
WeldingTest_02_OK,1850,2022-02-11 16:59:29.211,48,18,30,19.4,38,650,682,678.574,688.0,3.426,0.9668,3.6564,0.2644,정상,0,0,0,
WeldingTest_02_OK,1851,2022-02-11 16:59:49.839,48,19,250,241.1,83,1670,1690,1697.964,1708.0,7.964,0.8165,3.6564,0.2233,정상,0,0,0,
WeldingTest_02_OK,1852,2022-02-11 16:59:52.553,48,20,250,241.2,82,1154,1673,1676.27,1692.0,3.27,0.3497,3.6564,0.0957,정상,0,0,0,
WeldingTest_02_OK,1853,2022-02-11 16:59:56.055,48,21,250,241.1,83,1670,1697,1710.078,1714.0,13.078,1.5716,3.6564,0.4298,정상,0,0,0,
WeldingTest_02_OK,1854,2022-02-11 16:59:58.721,48,22,250,241.2,82,1154,1677,1673.035,1694.0,3.965,0.4803,3.6564,0.1314,정상,0,0,0,
WeldingTest_02_OK,1855,2022-02-11 17:00:02.139,48,23,250,241.1,83,1670,1699,1706.634,1717.0,7.634,0.906,3.6564,0.2478,정상,0,0,0,
WeldingTest_02_OK,1856,2022-02-11 17:00:04.831,48,24,250,241.2,82,1154,1678,1672.629,1695.0,5.371,0.6148,3.6564,0.1681,정상,0,0,0,
WeldingTest_02_OK,1857,2022-02-11 17:00:11.269,48,25,250,241.1,83,1670,1697,1707.224,1714.0,10.224,1.2244,3.6564,0.3349,정상,0,0,0,
WeldingTest_02_OK,1858,2022-02-11 17:00:13.923,48,26,250,241.2,82,1154,1678,1673.414,1695.0,4.586,0.5407,3.6564,0.1479,정상,0,0,0,
WeldingTest_02_OK,1859,2022-02-11 17:00:17.323,48,27,250,241.1,83,1670,1700,1707.719,1718.0,7.719,0.9218,3.6564,0.2521,정상,0,0,0,
WeldingTest_02_OK,1860,2022-02-11 17:00:19.943,48,28,250,241.2,82,1154,1679,1672.788,1697.0,6.212,0.7418,3.6564,0.2029,정상,0,0,0,
WeldingTest_02_OK,1861,2022-02-11 17:00:23.469,48,29,250,241.1,83,1670,1702,1708.503,1719.0,6.503,0.7331,3.6564,0.2005,정상,0,0,0,
WeldingTest_02_OK,1862,2022-02-11 17:00:26.139,48,30,250,241.2,82,1154,1680,1674.409,1698.0,5.591,0.6801,3.6564,0.186,정상,0,0,0,
WeldingTest_02_OK,1863,2022-02-11 17:00:30.443,48,31,30,19.4,38,650,682,692.454,690.0,10.454,3.0443,3.6564,0.8326,관찰,0,0,0,
WeldingTest_02_OK,1864,2022-02-11 17:00:32.019,48,32,30,19.4,38,650,682,675.041,688.0,6.959,1.836,3.6564,0.5021,정상,0,0,0,
WeldingTest_02_OK,1865,2022-02-11 17:00:35.055,48,33,30,19.4,38,650,682,684.15,690.0,2.15,0.4081,3.6564,0.1116,정상,0,0,0,
WeldingTest_02_OK,1866,2022-02-11 17:00:36.837,48,34,30,19.4,38,650,682,680.027,690.0,1.973,0.419,3.6564,0.1146,정상,0,0,0,
WeldingTest_02_OK,1867,2022-02-11 17:00:40.363,48,35,30,19.4,38,650,682,681.94,690.0,0.06,0.0448,3.6564,0.0123,정상,0,0,0,
WeldingTest_02_OK,1868,2022-02-11 17:00:42.073,48,36,30,19.4,38,650,682,684.387,690.0,2.387,0.6291,3.6564,0.1721,정상,0,0,0,
WeldingTest_02_OK,1869,2022-02-11 17:00:43.807,48,37,30,19.4,38,650,682,685.362,688.0,3.362,0.9422,3.6564,0.2577,정상,0,0,0,
WeldingTest_02_OK,1870,2022-02-11 17:00:46.783,48,38,30,19.4,38,650,682,685.553,690.0,3.553,0.9246,3.6564,0.2529,정상,0,0,0,
WeldingTest_02_OK,1871,2022-02-11 17:00:48.295,48,39,30,19.4,38,650,682,682.97,688.0,0.97,0.1937,3.6564,0.053,정상,0,0,0,
WeldingTest_03_NG,0,2022-08-03 09:10:24.996,1,1,250,241.1,82,1154,1660,1680.861,1682.0,20.861,1.9954,3.6564,0.5457,정상,0,0,0,
WeldingTest_03_NG,1,2022-08-03 09:10:28.312,1,2,250,241.2,83,1670,1685,1701.942,1707.0,16.942,2.0842,3.6564,0.57,정상,0,0,0,
WeldingTest_03_NG,2,2022-08-03 09:10:31.076,1,3,250,241.1,82,1153,1666,1682.849,1689.0,16.849,2.0971,3.6564,0.5735,정상,0,0,0,
WeldingTest_03_NG,3,2022-08-03 09:10:34.284,1,4,250,241.2,83,1670,1690,1703.064,1712.0,13.064,1.5676,3.6564,0.4287,정상,0,0,0,
WeldingTest_03_NG,4,2022-08-03 09:10:37.046,1,5,250,241.1,82,1154,1670,1679.076,1692.0,9.076,1.0921,3.6564,0.2987,정상,0,0,0,
WeldingTest_03_NG,5,2022-08-03 09:10:40.298,1,6,250,241.2,83,1670,1693,1703.364,1714.0,10.364,1.2571,3.6564,0.3438,정상,0,0,0,
WeldingTest_03_NG,6,2022-08-03 09:10:46.156,1,7,250,241.1,82,1153,1669,1676.854,1690.0,7.854,0.9564,3.6564,0.2616,정상,0,0,0,
WeldingTest_03_NG,7,2022-08-03 09:10:49.412,1,8,250,241.2,83,1670,1693,1704.956,1714.0,11.956,1.4289,3.6564,0.3908,정상,0,0,0,
WeldingTest_03_NG,8,2022-08-03 09:10:52.188,1,9,250,241.1,82,1154,1673,1677.431,1694.0,4.431,0.5105,3.6564,0.1396,정상,0,0,0,
WeldingTest_03_NG,9,2022-08-03 09:10:55.440,1,10,250,241.2,83,1670,1695,1704.876,1717.0,9.876,1.1821,3.6564,0.3233,정상,0,0,0,
WeldingTest_03_NG,10,2022-08-03 09:10:58.250,1,11,250,241.1,82,1154,1674,1677.116,1695.0,3.116,0.3619,3.6564,0.099,정상,0,0,0,
WeldingTest_03_NG,11,2022-08-03 09:11:01.536,1,12,250,241.2,83,1670,1697,1704.61,1718.0,7.61,0.9185,3.6564,0.2512,정상,0,0,0,
WeldingTest_03_NG,12,2022-08-03 09:11:05.934,1,13,30,19.4,38,650,682,688.715,690.0,6.715,1.8624,3.6564,0.5093,정상,0,0,0,
WeldingTest_03_NG,13,2022-08-03 09:11:07.698,1,14,30,19.4,35,650,630,677.646,688.0,47.646,13.7643,3.6564,3.7644,이상,1,1,1,"출력 저하 - 광학계/렌즈 오염, 레이저 소스 점검 + 출력 설정값(레시피) 확인"
WeldingTest_03_NG,14,2022-08-03 09:11:10.704,1,15,30,19.4,38,650,680,686.163,688.0,6.163,1.6788,3.6564,0.4591,정상,0,0,0,
WeldingTest_03_NG,15,2022-08-03 09:11:14.008,1,16,30,19.4,38,650,680,679.478,688.0,0.522,0.1241,3.6564,0.0339,정상,0,0,0,
WeldingTest_03_NG,16,2022-08-03 09:11:15.770,1,17,30,19.4,38,650,680,682.349,688.0,2.349,0.654,3.6564,0.1789,정상,0,0,0,
WeldingTest_03_NG,17,2022-08-03 09:11:17.464,1,18,30,19.4,38,650,680,684.495,688.0,4.495,1.2751,3.6564,0.3487,정상,0,0,0,
WeldingTest_03_NG,18,2022-08-03 09:11:37.977,1,19,250,241.1,83,1670,1688,1699.008,1708.0,11.008,1.1667,3.6564,0.3191,정상,0,0,0,
WeldingTest_03_NG,19,2022-08-03 09:11:40.543,1,20,250,241.2,82,1154,1671,1676.217,1692.0,5.217,0.5984,3.6564,0.1637,정상,0,0,0,
WeldingTest_03_NG,20,2022-08-03 09:11:43.999,1,21,250,241.1,83,1670,1694,1710.076,1714.0,16.076,1.9411,3.6564,0.5309,정상,0,0,0,
WeldingTest_03_NG,21,2022-08-03 09:11:46.655,1,22,250,241.2,82,1154,1674,1673.034,1694.0,0.966,0.0966,3.6564,0.0264,정상,0,0,0,
WeldingTest_03_NG,22,2022-08-03 09:11:50.105,1,23,250,241.1,83,1670,1697,1706.617,1717.0,9.617,1.1519,3.6564,0.315,정상,0,0,0,
WeldingTest_03_NG,23,2022-08-03 09:11:52.639,1,24,250,241.2,82,1154,1677,1672.641,1695.0,4.359,0.4849,3.6564,0.1326,정상,0,0,0,
WeldingTest_03_NG,24,2022-08-03 09:11:59.075,1,25,250,241.1,83,1670,1695,1706.493,1714.0,11.493,1.3819,3.6564,0.3779,정상,0,0,0,
WeldingTest_03_NG,25,2022-08-03 09:12:01.699,1,26,250,241.2,82,1154,1675,1673.321,1695.0,1.679,0.1674,3.6564,0.0458,정상,0,0,0,
WeldingTest_03_NG,26,2022-08-03 09:12:05.119,1,27,250,241.1,83,1670,1698,1706.998,1718.0,8.998,1.0805,3.6564,0.2955,정상,0,0,0,
WeldingTest_03_NG,27,2022-08-03 09:12:07.779,1,28,250,241.2,82,1154,1678,1672.944,1697.0,5.056,0.5932,3.6564,0.1622,정상,0,0,0,
WeldingTest_03_NG,28,2022-08-03 09:12:11.249,1,29,250,241.1,83,1670,1699,1707.884,1719.0,8.884,1.0286,3.6564,0.2813,정상,0,0,0,
WeldingTest_03_NG,29,2022-08-03 09:12:13.879,1,30,250,241.2,82,1154,1678,1672.765,1698.0,5.235,0.6344,3.6564,0.1735,정상,0,0,0,
WeldingTest_03_NG,30,2022-08-03 09:12:18.243,1,31,30,19.4,38,650,682,692.501,690.0,10.501,3.0583,3.6564,0.8364,관찰,0,0,0,
WeldingTest_03_NG,31,2022-08-03 09:12:19.749,1,32,30,19.4,38,650,682,675.002,688.0,6.998,1.8473,3.6564,0.5052,정상,0,0,0,
WeldingTest_03_NG,32,2022-08-03 09:12:22.841,1,33,30,19.4,38,650,682,684.814,690.0,2.814,0.6,3.6564,0.1641,정상,0,0,0,
WeldingTest_03_NG,33,2022-08-03 09:12:24.571,1,34,30,19.4,38,650,682,683.531,690.0,1.531,0.2907,3.6564,0.0795,정상,0,0,0,
WeldingTest_03_NG,34,2022-08-03 09:12:28.041,1,35,30,19.4,38,650,682,682.255,690.0,0.255,0.0118,3.6564,0.0032,정상,0,0,0,
WeldingTest_03_NG,35,2022-08-03 09:12:29.755,1,36,30,19.4,38,650,682,684.419,690.0,2.419,0.6383,3.6564,0.1746,정상,0,0,0,
WeldingTest_03_NG,36,2022-08-03 09:12:31.445,1,37,30,19.4,38,650,682,683.977,688.0,1.977,0.5425,3.6564,0.1484,정상,0,0,0,
WeldingTest_03_NG,37,2022-08-03 09:12:34.485,1,38,30,19.4,38,650,682,684.818,690.0,2.818,0.712,3.6564,0.1947,정상,0,0,0,
WeldingTest_03_NG,38,2022-08-03 09:12:35.935,1,39,30,19.4,38,650,682,683.255,688.0,1.255,0.276,3.6564,0.0755,정상,0,0,0,
WeldingTest_03_NG,39,2022-08-03 09:13:23.573,2,1,250,241.1,82,1154,1665,1683.977,1682.0,18.977,1.7743,3.6564,0.4853,정상,0,0,0,
WeldingTest_03_NG,40,2022-08-03 09:13:26.787,2,2,250,241.2,83,1670,1690,1702.229,1707.0,12.229,1.4978,3.6564,0.4096,정상,0,0,0,
WeldingTest_03_NG,41,2022-08-03 09:13:29.591,2,3,250,241.1,82,1153,1671,1682.664,1689.0,11.664,1.4347,3.6564,0.3924,정상,0,0,0,
WeldingTest_03_NG,42,2022-08-03 09:13:32.799,2,4,250,241.2,83,1670,1695,1703.064,1712.0,8.064,0.9461,3.6564,0.2588,정상,0,0,0,
WeldingTest_03_NG,43,2022-08-03 09:13:35.679,2,5,250,241.1,82,1154,1674,1679.47,1692.0,5.47,0.6301,3.6564,0.1723,정상,0,0,0,
WeldingTest_03_NG,44,2022-08-03 09:13:38.899,2,6,250,241.2,83,1670,1698,1703.396,1714.0,5.396,0.6399,3.6564,0.175,정상,0,0,0,
WeldingTest_03_NG,45,2022-08-03 09:13:44.641,2,7,250,241.1,82,1153,1673,1676.898,1690.0,3.898,0.4513,3.6564,0.1234,정상,0,0,0,
WeldingTest_03_NG,46,2022-08-03 09:13:47.873,2,8,250,241.2,83,1670,1697,1704.977,1714.0,7.977,0.9363,3.6564,0.2561,정상,0,0,0,
WeldingTest_03_NG,47,2022-08-03 09:13:50.637,2,9,250,241.1,82,1154,1677,1677.841,1694.0,0.841,0.0521,3.6564,0.0142,정상,0,0,0,
WeldingTest_03_NG,48,2022-08-03 09:13:53.921,2,10,250,241.2,83,1670,1699,1704.639,1717.0,5.639,0.6581,3.6564,0.18,정상,0,0,0,
WeldingTest_03_NG,49,2022-08-03 09:13:56.729,2,11,250,241.1,82,1154,1678,1677.107,1695.0,0.893,0.0769,3.6564,0.021,정상,0,0,0,
WeldingTest_03_NG,50,2022-08-03 09:14:00.021,2,12,250,241.2,83,1670,1700,1705.683,1718.0,5.683,0.6799,3.6564,0.1859,정상,0,0,0,
WeldingTest_03_NG,51,2022-08-03 09:14:04.477,2,13,30,19.4,38,650,682,689.702,690.0,7.702,2.1564,3.6564,0.5898,정상,0,0,0,
WeldingTest_03_NG,52,2022-08-03 09:14:06.191,2,14,30,19.4,35,650,632,677.884,688.0,45.884,13.2507,3.6564,3.624,이상,1,1,1,"출력 저하 - 광학계/렌즈 오염, 레이저 소스 점검 + 출력 설정값(레시피) 확인"
WeldingTest_03_NG,53,2022-08-03 09:14:09.111,2,15,30,19.4,38,650,682,682.029,688.0,0.029,0.0988,3.6564,0.027,정상,0,0,0,
WeldingTest_03_NG,54,2022-08-03 09:14:12.525,2,16,30,19.4,38,650,682,679.478,688.0,2.522,0.7055,3.6564,0.193,정상,0,0,0,
WeldingTest_03_NG,55,2022-08-03 09:14:14.303,2,17,30,19.4,38,650,682,682.453,688.0,0.453,0.1076,3.6564,0.0294,정상,0,0,0,
WeldingTest_03_NG,56,2022-08-03 09:14:16.065,2,18,30,19.4,38,650,682,678.574,688.0,3.426,0.9668,3.6564,0.2644,정상,0,0,0,
WeldingTest_03_NG,57,2022-08-03 09:14:36.471,2,19,250,241.1,83,1670,1690,1699.578,1708.0,9.578,1.0022,3.6564,0.2741,정상,0,0,0,
WeldingTest_03_NG,58,2022-08-03 09:14:39.095,2,20,250,241.2,82,1154,1673,1676.383,1692.0,3.383,0.3643,3.6564,0.0996,정상,0,0,0,
WeldingTest_03_NG,59,2022-08-03 09:14:42.519,2,21,250,241.1,83,1670,1697,1709.868,1714.0,12.868,1.5457,3.6564,0.4227,정상,0,0,0,
WeldingTest_03_NG,60,2022-08-03 09:14:45.179,2,22,250,241.2,82,1154,1675,1673.035,1694.0,1.965,0.2244,3.6564,0.0614,정상,0,0,0,
WeldingTest_03_NG,61,2022-08-03 09:14:48.647,2,23,250,241.1,83,1670,1698,1706.843,1717.0,8.843,1.0559,3.6564,0.2888,정상,0,0,0,
WeldingTest_03_NG,62,2022-08-03 09:14:51.295,2,24,250,241.2,82,1154,1678,1672.649,1695.0,5.351,0.6123,3.6564,0.1675,정상,0,0,0,
WeldingTest_03_NG,63,2022-08-03 09:14:57.735,2,25,250,241.1,83,1670,1697,1707.224,1714.0,10.224,1.2244,3.6564,0.3349,정상,0,0,0,
WeldingTest_03_NG,64,2022-08-03 09:15:00.423,2,26,250,241.2,82,1154,1677,1673.38,1695.0,3.62,0.4167,3.6564,0.114,정상,0,0,0,
WeldingTest_03_NG,65,2022-08-03 09:15:03.921,2,27,250,241.1,83,1670,1699,1707.184,1718.0,8.184,0.9794,3.6564,0.2679,정상,0,0,0,
WeldingTest_03_NG,66,2022-08-03 09:15:06.661,2,28,250,241.2,82,1154,1678,1672.849,1697.0,5.151,0.6055,3.6564,0.1656,정상,0,0,0,
WeldingTest_03_NG,67,2022-08-03 09:15:10.167,2,29,250,241.1,83,1670,1700,1707.882,1719.0,7.882,0.9042,3.6564,0.2473,정상,0,0,0,
WeldingTest_03_NG,68,2022-08-03 09:15:12.847,2,30,250,241.2,82,1154,1680,1672.868,1698.0,7.132,0.878,3.6564,0.2401,정상,0,0,0,
WeldingTest_03_NG,69,2022-08-03 09:15:17.255,2,31,30,19.4,38,650,682,692.501,690.0,10.501,3.0583,3.6564,0.8364,관찰,0,0,0,
WeldingTest_03_NG,70,2022-08-03 09:15:18.757,2,32,30,19.4,38,650,682,675.002,688.0,6.998,1.8473,3.6564,0.5052,정상,0,0,0,
WeldingTest_03_NG,71,2022-08-03 09:15:21.851,2,33,30,19.4,38,650,682,684.814,690.0,2.814,0.6,3.6564,0.1641,정상,0,0,0,
WeldingTest_03_NG,72,2022-08-03 09:15:23.579,2,34,30,19.4,38,650,682,683.531,690.0,1.531,0.2907,3.6564,0.0795,정상,0,0,0,
WeldingTest_03_NG,73,2022-08-03 09:15:27.013,2,35,30,19.4,38,650,682,686.079,690.0,4.079,1.1185,3.6564,0.3059,정상,0,0,0,
WeldingTest_03_NG,74,2022-08-03 09:15:28.751,2,36,30,19.4,38,650,682,683.128,690.0,1.128,0.2639,3.6564,0.0722,정상,0,0,0,
WeldingTest_03_NG,75,2022-08-03 09:15:30.469,2,37,30,19.4,38,650,682,685.472,688.0,3.472,0.9738,3.6564,0.2663,정상,0,0,0,
WeldingTest_03_NG,76,2022-08-03 09:15:33.471,2,38,30,19.4,38,650,682,685.553,690.0,3.553,0.9246,3.6564,0.2529,정상,0,0,0,
WeldingTest_03_NG,77,2022-08-03 09:15:34.947,2,39,30,19.4,38,650,682,683.255,688.0,1.255,0.276,3.6564,0.0755,정상,0,0,0,
WeldingTest_03_NG,78,2022-08-03 09:20:12.830,3,1,250,241.1,82,1154,1660,1682.847,1682.0,22.847,2.2282,3.6564,0.6094,정상,0,0,0,
WeldingTest_03_NG,79,2022-08-03 09:20:16.134,3,2,250,241.2,83,1670,1685,1701.969,1707.0,16.969,2.0876,3.6564,0.5709,정상,0,0,0,
WeldingTest_03_NG,80,2022-08-03 09:20:18.964,3,3,250,241.1,82,1153,1666,1682.577,1689.0,16.577,2.0623,3.6564,0.564,정상,0,0,0,
WeldingTest_03_NG,81,2022-08-03 09:20:22.210,3,4,250,241.2,83,1670,1690,1703.032,1712.0,13.032,1.5637,3.6564,0.4277,정상,0,0,0,
WeldingTest_03_NG,82,2022-08-03 09:20:25.040,3,5,250,241.1,82,1154,1670,1679.032,1692.0,9.032,1.0864,3.6564,0.2971,정상,0,0,0,
WeldingTest_03_NG,83,2022-08-03 09:20:28.278,3,6,250,241.2,83,1670,1694,1703.364,1714.0,9.364,1.1329,3.6564,0.3098,정상,0,0,0,
WeldingTest_03_NG,84,2022-08-03 09:20:34.010,3,7,250,241.1,82,1153,1669,1676.898,1690.0,7.898,0.9621,3.6564,0.2631,정상,0,0,0,
WeldingTest_03_NG,85,2022-08-03 09:20:37.294,3,8,250,241.2,83,1670,1694,1704.722,1714.0,10.722,1.276,3.6564,0.349,정상,0,0,0,
WeldingTest_03_NG,86,2022-08-03 09:20:40.142,3,9,250,241.1,82,1154,1673,1678.032,1694.0,5.032,0.5873,3.6564,0.1606,정상,0,0,0,
WeldingTest_03_NG,87,2022-08-03 09:20:43.408,3,10,250,241.2,83,1670,1695,1704.864,1717.0,9.864,1.1805,3.6564,0.3229,정상,0,0,0,
WeldingTest_03_NG,88,2022-08-03 09:20:46.262,3,11,250,241.1,82,1154,1674,1677.796,1695.0,3.796,0.4491,3.6564,0.1228,정상,0,0,0,
WeldingTest_03_NG,89,2022-08-03 09:20:49.502,3,12,250,241.2,83,1670,1698,1704.847,1718.0,6.847,0.824,3.6564,0.2253,정상,0,0,0,
WeldingTest_03_NG,90,2022-08-03 09:20:54.004,3,13,30,19.4,38,650,682,689.461,690.0,7.461,2.0845,3.6564,0.5701,정상,0,0,0,
WeldingTest_03_NG,91,2022-08-03 09:20:55.772,3,14,30,19.4,35,650,630,677.723,688.0,47.723,13.7867,3.6564,3.7706,이상,1,1,1,"출력 저하 - 광학계/렌즈 오염, 레이저 소스 점검 + 출력 설정값(레시피) 확인"
WeldingTest_03_NG,92,2022-08-03 09:20:58.702,3,15,30,19.4,38,650,680,681.044,688.0,1.044,0.1953,3.6564,0.0534,정상,0,0,0,
WeldingTest_03_NG,93,2022-08-03 09:21:02.102,3,16,30,19.4,38,650,680,679.478,688.0,0.522,0.1241,3.6564,0.0339,정상,0,0,0,
WeldingTest_03_NG,94,2022-08-03 09:21:03.902,3,17,30,19.4,38,650,680,682.462,688.0,2.462,0.6866,3.6564,0.1878,정상,0,0,0,
WeldingTest_03_NG,95,2022-08-03 09:21:05.698,3,18,30,19.4,38,650,680,678.582,688.0,1.418,0.387,3.6564,0.1058,정상,0,0,0,
WeldingTest_03_NG,96,2022-08-03 09:21:26.762,3,19,250,241.1,83,1670,1689,1697.811,1708.0,8.811,0.914,3.6564,0.25,정상,0,0,0,
WeldingTest_03_NG,97,2022-08-03 09:21:29.482,3,20,250,241.2,82,1154,1671,1676.079,1692.0,5.079,0.5809,3.6564,0.1589,정상,0,0,0,
WeldingTest_03_NG,98,2022-08-03 09:21:32.904,3,21,250,241.1,83,1670,1694,1709.868,1714.0,15.868,1.9154,3.6564,0.5238,정상,0,0,0,
WeldingTest_03_NG,99,2022-08-03 09:21:35.590,3,22,250,241.2,82,1154,1674,1672.985,1694.0,1.015,0.1029,3.6564,0.0281,정상,0,0,0,
WeldingTest_03_NG,100,2022-08-03 09:21:38.996,3,23,250,241.1,83,1670,1697,1706.625,1717.0,9.625,1.1529,3.6564,0.3153,정상,0,0,0,
WeldingTest_03_NG,101,2022-08-03 09:21:41.622,3,24,250,241.2,82,1154,1677,1672.55,1695.0,4.45,0.4966,3.6564,0.1358,정상,0,0,0,
WeldingTest_03_NG,102,2022-08-03 09:21:48.086,3,25,250,241.1,83,1670,1695,1706.493,1714.0,11.493,1.3819,3.6564,0.3779,정상,0,0,0,
WeldingTest_03_NG,103,2022-08-03 09:21:50.690,3,26,250,241.2,82,1154,1677,1673.322,1695.0,3.678,0.4242,3.6564,0.116,정상,0,0,0,
WeldingTest_03_NG,104,2022-08-03 09:21:54.120,3,27,250,241.1,83,1670,1699,1706.998,1718.0,7.998,0.9564,3.6564,0.2616,정상,0,0,0,
WeldingTest_03_NG,105,2022-08-03 09:21:56.768,3,28,250,241.2,82,1154,1678,1672.887,1697.0,5.113,0.6006,3.6564,0.1643,정상,0,0,0,
WeldingTest_03_NG,106,2022-08-03 09:22:00.268,3,29,250,241.1,83,1670,1700,1707.882,1719.0,7.882,0.9042,3.6564,0.2473,정상,0,0,0,
WeldingTest_03_NG,107,2022-08-03 09:22:02.848,3,30,250,241.2,82,1154,1679,1672.886,1698.0,6.114,0.7472,3.6564,0.2044,정상,0,0,0,
WeldingTest_03_NG,108,2022-08-03 09:22:07.328,3,31,30,19.4,38,650,682,692.501,690.0,10.501,3.0583,3.6564,0.8364,관찰,0,0,0,
WeldingTest_03_NG,109,2022-08-03 09:22:08.844,3,32,30,19.4,38,650,682,674.916,688.0,7.084,1.8726,3.6564,0.5121,정상,0,0,0,
WeldingTest_03_NG,110,2022-08-03 09:22:11.910,3,33,30,19.4,38,650,682,682.887,690.0,0.887,0.0426,3.6564,0.0117,정상,0,0,0,
WeldingTest_03_NG,111,2022-08-03 09:22:13.708,3,34,30,19.4,38,650,682,680.027,690.0,1.973,0.419,3.6564,0.1146,정상,0,0,0,
WeldingTest_03_NG,112,2022-08-03 09:22:17.272,3,35,30,19.4,38,650,682,681.408,690.0,0.592,0.1093,3.6564,0.0299,정상,0,0,0,
WeldingTest_03_NG,113,2022-08-03 09:22:18.930,3,36,30,19.4,38,650,682,681.541,690.0,0.459,0.0696,3.6564,0.019,정상,0,0,0,
WeldingTest_03_NG,114,2022-08-03 09:22:20.636,3,37,30,19.4,38,650,682,684.86,688.0,2.86,0.7974,3.6564,0.2181,정상,0,0,0,
WeldingTest_03_NG,115,2022-08-03 09:22:23.658,3,38,30,19.4,38,650,682,684.818,690.0,2.818,0.712,3.6564,0.1947,정상,0,0,0,
WeldingTest_03_NG,116,2022-08-03 09:22:25.176,3,39,30,19.4,38,650,682,682.97,688.0,0.97,0.1937,3.6564,0.053,정상,0,0,0,
WeldingTest_03_NG,117,2022-08-03 09:32:13.603,4,1,250,241.1,82,1154,1660,1682.847,1682.0,22.847,2.2282,3.6564,0.6094,정상,0,0,0,
WeldingTest_03_NG,118,2022-08-03 09:32:16.917,4,2,250,241.2,83,1670,1685,1701.942,1707.0,16.942,2.0842,3.6564,0.57,정상,0,0,0,
WeldingTest_03_NG,119,2022-08-03 09:32:19.777,4,3,250,241.1,82,1153,1667,1683.104,1689.0,16.104,2.0018,3.6564,0.5475,정상,0,0,0,
WeldingTest_03_NG,120,2022-08-03 09:32:22.983,4,4,250,241.2,83,1670,1690,1703.064,1712.0,13.064,1.5676,3.6564,0.4287,정상,0,0,0,
WeldingTest_03_NG,121,2022-08-03 09:32:25.741,4,5,250,241.1,82,1154,1670,1679.076,1692.0,9.076,1.0921,3.6564,0.2987,정상,0,0,0,
WeldingTest_03_NG,122,2022-08-03 09:32:28.999,4,6,250,241.2,83,1670,1693,1703.364,1714.0,10.364,1.2571,3.6564,0.3438,정상,0,0,0,
WeldingTest_03_NG,123,2022-08-03 09:32:34.729,4,7,250,241.1,82,1153,1669,1676.854,1690.0,7.854,0.9564,3.6564,0.2616,정상,0,0,0,
WeldingTest_03_NG,124,2022-08-03 09:32:38.075,4,8,250,241.2,83,1670,1693,1704.646,1714.0,11.646,1.3904,3.6564,0.3803,정상,0,0,0,
WeldingTest_03_NG,125,2022-08-03 09:32:40.845,4,9,250,241.1,82,1154,1673,1677.431,1694.0,4.431,0.5105,3.6564,0.1396,정상,0,0,0,
WeldingTest_03_NG,126,2022-08-03 09:32:44.055,4,10,250,241.2,83,1670,1695,1704.904,1717.0,9.904,1.1855,3.6564,0.3242,정상,0,0,0,
WeldingTest_03_NG,127,2022-08-03 09:32:46.835,4,11,250,241.1,82,1154,1674,1677.142,1695.0,3.142,0.3652,3.6564,0.0999,정상,0,0,0,
WeldingTest_03_NG,128,2022-08-03 09:32:50.134,4,12,250,241.2,83,1670,1698,1704.592,1718.0,6.592,0.7924,3.6564,0.2167,정상,0,0,0,
WeldingTest_03_NG,129,2022-08-03 09:32:54.792,4,13,30,19.4,38,650,682,689.513,690.0,7.513,2.1,3.6564,0.5743,정상,0,0,0,
WeldingTest_03_NG,130,2022-08-03 09:32:56.460,4,14,30,19.4,35,650,630,675.374,688.0,45.374,13.102,3.6564,3.5833,이상,1,1,1,"출력 저하 - 광학계/렌즈 오염, 레이저 소스 점검 + 출력 설정값(레시피) 확인"
WeldingTest_03_NG,131,2022-08-03 09:32:59.402,4,15,30,19.4,38,650,682,683.101,688.0,1.101,0.2118,3.6564,0.0579,정상,0,0,0,
WeldingTest_03_NG,132,2022-08-03 09:33:02.812,4,16,30,19.4,38,650,680,679.478,688.0,0.522,0.1241,3.6564,0.0339,정상,0,0,0,
WeldingTest_03_NG,133,2022-08-03 09:33:04.548,4,17,30,19.4,38,650,680,687.593,688.0,7.593,2.1659,3.6564,0.5923,정상,0,0,0,
WeldingTest_03_NG,134,2022-08-03 09:33:06.282,4,18,30,19.4,38,650,680,684.203,688.0,4.203,1.1909,3.6564,0.3257,정상,0,0,0,
WeldingTest_03_NG,135,2022-08-03 09:33:26.884,4,19,250,241.1,83,1670,1689,1697.964,1708.0,8.964,0.9316,3.6564,0.2548,정상,0,0,0,
WeldingTest_03_NG,136,2022-08-03 09:33:29.456,4,20,250,241.2,82,1154,1671,1676.247,1692.0,5.247,0.6022,3.6564,0.1647,정상,0,0,0,
WeldingTest_03_NG,137,2022-08-03 09:33:32.914,4,21,250,241.1,83,1670,1694,1710.076,1714.0,16.076,1.9411,3.6564,0.5309,정상,0,0,0,
WeldingTest_03_NG,138,2022-08-03 09:33:35.692,4,22,250,241.2,82,1154,1674,1677.526,1694.0,3.526,0.4242,3.6564,0.116,정상,0,0,0,
WeldingTest_03_NG,139,2022-08-03 09:33:39.214,4,23,250,241.1,83,1670,1697,1706.848,1717.0,9.848,1.1806,3.6564,0.3229,정상,0,0,0,
WeldingTest_03_NG,140,2022-08-03 09:33:41.856,4,24,250,241.2,82,1154,1675,1672.691,1695.0,2.309,0.2217,3.6564,0.0606,정상,0,0,0,
WeldingTest_03_NG,141,2022-08-03 09:33:48.282,4,25,250,241.1,83,1670,1695,1706.493,1714.0,11.493,1.3819,3.6564,0.3779,정상,0,0,0,
WeldingTest_03_NG,142,2022-08-03 09:33:50.912,4,26,250,241.2,82,1154,1675,1673.321,1695.0,1.679,0.1674,3.6564,0.0458,정상,0,0,0,
WeldingTest_03_NG,143,2022-08-03 09:33:54.416,4,27,250,241.1,83,1670,1698,1707.184,1718.0,9.184,1.1036,3.6564,0.3018,정상,0,0,0,
WeldingTest_03_NG,144,2022-08-03 09:33:57.162,4,28,250,241.2,82,1154,1677,1672.896,1697.0,4.104,0.471,3.6564,0.1288,정상,0,0,0,
WeldingTest_03_NG,145,2022-08-03 09:34:00.660,4,29,250,241.1,83,1670,1699,1707.151,1719.0,8.151,0.9376,3.6564,0.2564,정상,0,0,0,
WeldingTest_03_NG,146,2022-08-03 09:34:03.266,4,30,250,241.2,82,1154,1678,1672.792,1698.0,5.208,0.631,3.6564,0.1726,정상,0,0,0,
WeldingTest_03_NG,147,2022-08-03 09:34:07.602,4,31,30,19.4,38,650,682,692.454,690.0,10.454,3.0443,3.6564,0.8326,관찰,0,0,0,
WeldingTest_03_NG,148,2022-08-03 09:34:09.146,4,32,30,19.4,38,650,682,675.0,688.0,7.0,1.8479,3.6564,0.5054,정상,0,0,0,
WeldingTest_03_NG,149,2022-08-03 09:34:12.188,4,33,30,19.4,38,650,682,684.15,690.0,2.15,0.4081,3.6564,0.1116,정상,0,0,0,
WeldingTest_03_NG,150,2022-08-03 09:34:13.962,4,34,30,19.4,38,650,682,679.99,690.0,2.01,0.4298,3.6564,0.1176,정상,0,0,0,
WeldingTest_03_NG,151,2022-08-03 09:34:17.440,4,35,30,19.4,38,650,682,681.612,690.0,0.388,0.0501,3.6564,0.0137,정상,0,0,0,
WeldingTest_03_NG,152,2022-08-03 09:34:19.092,4,36,30,19.4,38,650,682,681.541,690.0,0.459,0.0696,3.6564,0.019,정상,0,0,0,
WeldingTest_03_NG,153,2022-08-03 09:34:20.756,4,37,30,19.4,38,650,682,684.679,688.0,2.679,0.7452,3.6564,0.2038,정상,0,0,0,
WeldingTest_03_NG,154,2022-08-03 09:34:23.750,4,38,30,19.4,38,650,682,685.553,690.0,3.553,0.9246,3.6564,0.2529,정상,0,0,0,
WeldingTest_03_NG,155,2022-08-03 09:34:25.260,4,39,30,19.4,38,650,682,682.97,688.0,0.97,0.1937,3.6564,0.053,정상,0,0,0,
WeldingTest_03_NG,156,2022-08-03 09:35:12.514,5,1,250,241.1,82,1154,1665,1684.076,1682.0,19.076,1.786,3.6564,0.4885,정상,0,0,0,
WeldingTest_03_NG,157,2022-08-03 09:35:15.790,5,2,250,241.2,83,1670,1690,1701.969,1707.0,11.969,1.4653,3.6564,0.4008,정상,0,0,0,
WeldingTest_03_NG,158,2022-08-03 09:35:18.524,5,3,250,241.1,82,1153,1671,1679.349,1689.0,8.349,1.0112,3.6564,0.2765,정상,0,0,0,
WeldingTest_03_NG,159,2022-08-03 09:35:21.906,5,4,250,241.2,83,1670,1695,1702.753,1712.0,7.753,0.9075,3.6564,0.2482,정상,0,0,0,
WeldingTest_03_NG,160,2022-08-03 09:35:24.734,5,5,250,241.1,82,1154,1674,1678.977,1692.0,4.977,0.5669,3.6564,0.155,정상,0,0,0,
WeldingTest_03_NG,161,2022-08-03 09:35:27.966,5,6,250,241.2,83,1670,1698,1703.383,1714.0,5.383,0.6383,3.6564,0.1746,정상,0,0,0,
WeldingTest_03_NG,162,2022-08-03 09:35:33.700,5,7,250,241.1,82,1153,1673,1676.898,1690.0,3.898,0.4513,3.6564,0.1234,정상,0,0,0,
WeldingTest_03_NG,163,2022-08-03 09:35:36.990,5,8,250,241.2,83,1670,1697,1704.722,1714.0,7.722,0.9047,3.6564,0.2474,정상,0,0,0,
WeldingTest_03_NG,164,2022-08-03 09:35:39.868,5,9,250,241.1,82,1154,1675,1678.034,1694.0,3.034,0.332,3.6564,0.0908,정상,0,0,0,
WeldingTest_03_NG,165,2022-08-03 09:35:43.188,5,10,250,241.2,83,1670,1699,1704.584,1717.0,5.584,0.6512,3.6564,0.1781,정상,0,0,0,
WeldingTest_03_NG,166,2022-08-03 09:35:45.958,5,11,250,241.1,82,1154,1678,1677.133,1695.0,0.867,0.0736,3.6564,0.0201,정상,0,0,0,
WeldingTest_03_NG,167,2022-08-03 09:35:49.202,5,12,250,241.2,83,1670,1700,1705.711,1718.0,5.711,0.6833,3.6564,0.1869,정상,0,0,0,
WeldingTest_03_NG,168,2022-08-03 09:35:53.676,5,13,30,19.4,38,650,682,689.702,690.0,7.702,2.1564,3.6564,0.5898,정상,0,0,0,
WeldingTest_03_NG,169,2022-08-03 09:35:55.350,5,14,30,19.4,35,650,632,674.685,688.0,42.685,12.3181,3.6564,3.3689,이상,1,1,1,"출력 저하 - 광학계/렌즈 오염, 레이저 소스 점검 + 출력 설정값(레시피) 확인"
WeldingTest_03_NG,170,2022-08-03 09:35:58.320,5,15,30,19.4,38,650,682,685.352,688.0,3.352,0.864,3.6564,0.2363,정상,0,0,0,
WeldingTest_03_NG,171,2022-08-03 09:36:01.736,5,16,30,19.4,38,650,682,679.478,688.0,2.522,0.7055,3.6564,0.193,정상,0,0,0,
WeldingTest_03_NG,172,2022-08-03 09:36:03.442,5,17,30,19.4,38,650,682,687.169,688.0,5.169,1.4668,3.6564,0.4012,정상,0,0,0,
WeldingTest_03_NG,173,2022-08-03 09:36:05.194,5,18,30,19.4,38,650,682,679.608,688.0,2.392,0.6683,3.6564,0.1828,정상,0,0,0,
WeldingTest_03_NG,174,2022-08-03 09:36:25.666,5,19,250,241.1,83,1670,1690,1699.539,1708.0,9.539,0.9978,3.6564,0.2729,정상,0,0,0,
WeldingTest_03_NG,175,2022-08-03 09:36:28.256,5,20,250,241.2,82,1154,1673,1676.167,1692.0,3.167,0.3367,3.6564,0.0921,정상,0,0,0,
WeldingTest_03_NG,176,2022-08-03 09:36:31.702,5,21,250,241.1,83,1670,1697,1709.868,1714.0,12.868,1.5457,3.6564,0.4227,정상,0,0,0,
WeldingTest_03_NG,177,2022-08-03 09:36:34.458,5,22,250,241.2,82,1154,1677,1677.747,1694.0,0.747,0.0685,3.6564,0.0187,정상,0,0,0,
WeldingTest_03_NG,178,2022-08-03 09:36:37.870,5,23,250,241.1,83,1670,1699,1706.634,1717.0,7.634,0.906,3.6564,0.2478,정상,0,0,0,
WeldingTest_03_NG,179,2022-08-03 09:36:40.464,5,24,250,241.2,82,1154,1678,1672.565,1695.0,5.435,0.6231,3.6564,0.1704,정상,0,0,0,
WeldingTest_03_NG,180,2022-08-03 09:36:46.870,5,25,250,241.1,83,1670,1697,1707.224,1714.0,10.224,1.2244,3.6564,0.3349,정상,0,0,0,
WeldingTest_03_NG,181,2022-08-03 09:36:49.488,5,26,250,241.2,82,1154,1678,1673.321,1695.0,4.679,0.5527,3.6564,0.1512,정상,0,0,0,
WeldingTest_03_NG,182,2022-08-03 09:36:52.908,5,27,250,241.1,83,1670,1700,1707.729,1718.0,7.729,0.923,3.6564,0.2524,정상,0,0,0,
WeldingTest_03_NG,183,2022-08-03 09:36:55.562,5,28,250,241.2,82,1154,1679,1672.898,1697.0,6.102,0.7275,3.6564,0.199,정상,0,0,0,
WeldingTest_03_NG,184,2022-08-03 09:36:59.086,5,29,250,241.1,83,1670,1702,1708.503,1719.0,6.503,0.7331,3.6564,0.2005,정상,0,0,0,
WeldingTest_03_NG,185,2022-08-03 09:37:01.688,5,30,250,241.2,82,1154,1680,1674.303,1698.0,5.697,0.6938,3.6564,0.1897,정상,0,0,0,
WeldingTest_03_NG,186,2022-08-03 09:37:06.052,5,31,30,19.4,38,650,682,692.501,690.0,10.501,3.0583,3.6564,0.8364,관찰,0,0,0,
WeldingTest_03_NG,187,2022-08-03 09:37:07.658,5,32,30,19.4,38,650,682,675.041,688.0,6.959,1.836,3.6564,0.5021,정상,0,0,0,
WeldingTest_03_NG,188,2022-08-03 09:37:10.750,5,33,30,19.4,38,650,682,684.814,690.0,2.814,0.6,3.6564,0.1641,정상,0,0,0,
WeldingTest_03_NG,189,2022-08-03 09:37:12.482,5,34,30,19.4,38,650,682,683.491,690.0,1.491,0.2789,3.6564,0.0763,정상,0,0,0,
WeldingTest_03_NG,190,2022-08-03 09:37:15.948,5,35,30,19.4,38,650,682,682.255,690.0,0.255,0.0118,3.6564,0.0032,정상,0,0,0,
WeldingTest_03_NG,191,2022-08-03 09:37:17.630,5,36,30,19.4,38,650,682,681.451,690.0,0.549,0.0959,3.6564,0.0262,정상,0,0,0,
WeldingTest_03_NG,192,2022-08-03 09:37:19.348,5,37,30,19.4,38,650,682,685.472,688.0,3.472,0.9738,3.6564,0.2663,정상,0,0,0,
WeldingTest_03_NG,193,2022-08-03 09:37:22.352,5,38,30,19.4,38,650,682,685.553,690.0,3.553,0.9246,3.6564,0.2529,정상,0,0,0,
WeldingTest_03_NG,194,2022-08-03 09:37:23.832,5,39,30,19.4,38,650,682,683.255,688.0,1.255,0.276,3.6564,0.0755,정상,0,0,0,
WeldingTest_03_NG,195,2022-08-03 09:38:41.402,6,1,250,241.1,82,1154,1663,1683.977,1682.0,20.977,2.0089,3.6564,0.5494,정상,0,0,0,
WeldingTest_03_NG,196,2022-08-03 09:38:44.824,6,2,250,241.2,83,1670,1689,1701.627,1707.0,12.627,1.5472,3.6564,0.4231,정상,0,0,0,
WeldingTest_03_NG,197,2022-08-03 09:38:47.640,6,3,250,241.1,82,1153,1670,1682.716,1689.0,12.716,1.5691,3.6564,0.4291,정상,0,0,0,
WeldingTest_03_NG,198,2022-08-03 09:38:50.882,6,4,250,241.2,83,1670,1694,1703.032,1712.0,9.032,1.0665,3.6564,0.2917,정상,0,0,0,
WeldingTest_03_NG,199,2022-08-03 09:38:53.652,6,5,250,241.1,82,1154,1674,1678.645,1692.0,4.645,0.5244,3.6564,0.1434,정상,0,0,0,
WeldingTest_03_NG,200,2022-08-03 09:38:56.908,6,6,250,241.2,83,1670,1697,1703.364,1714.0,6.364,0.7601,3.6564,0.2079,정상,0,0,0,
WeldingTest_03_NG,201,2022-08-03 09:39:02.672,6,7,250,241.1,82,1153,1671,1676.898,1690.0,5.898,0.7067,3.6564,0.1933,정상,0,0,0,
WeldingTest_03_NG,202,2022-08-03 09:39:05.896,6,8,250,241.2,83,1670,1697,1704.977,1714.0,7.977,0.9363,3.6564,0.2561,정상,0,0,0,
WeldingTest_03_NG,203,2022-08-03 09:39:08.646,6,9,250,241.1,82,1154,1675,1673.724,1694.0,1.276,0.1075,3.6564,0.0294,정상,0,0,0,
WeldingTest_03_NG,204,2022-08-03 09:39:11.878,6,10,250,241.2,83,1670,1699,1704.885,1717.0,5.885,0.6884,3.6564,0.1883,정상,0,0,0,
WeldingTest_03_NG,205,2022-08-03 09:39:14.638,6,11,250,241.1,82,1154,1677,1677.448,1695.0,0.448,0.0199,3.6564,0.0054,정상,0,0,0,
WeldingTest_03_NG,206,2022-08-03 09:39:17.912,6,12,250,241.2,83,1670,1700,1704.61,1718.0,4.61,0.5469,3.6564,0.1496,정상,0,0,0,
WeldingTest_03_NG,207,2022-08-03 09:39:22.470,6,13,30,19.4,38,650,682,689.737,690.0,7.737,2.1668,3.6564,0.5926,정상,0,0,0,
WeldingTest_03_NG,208,2022-08-03 09:39:24.180,6,14,30,19.4,35,650,632,677.851,688.0,45.851,13.2411,3.6564,3.6214,이상,1,1,1,"출력 저하 - 광학계/렌즈 오염, 레이저 소스 점검 + 출력 설정값(레시피) 확인"
WeldingTest_03_NG,209,2022-08-03 09:39:27.104,6,15,30,19.4,38,650,682,681.044,688.0,0.956,0.1697,3.6564,0.0464,정상,0,0,0,
WeldingTest_03_NG,210,2022-08-03 09:39:30.512,6,16,30,19.4,38,650,682,679.478,688.0,2.522,0.7055,3.6564,0.193,정상,0,0,0,
WeldingTest_03_NG,211,2022-08-03 09:39:32.282,6,17,30,19.4,38,650,682,682.453,688.0,0.453,0.1076,3.6564,0.0294,정상,0,0,0,
WeldingTest_03_NG,212,2022-08-03 09:39:33.962,6,18,30,19.4,38,650,682,682.062,688.0,0.062,0.0044,3.6564,0.0012,정상,0,0,0,
WeldingTest_03_NG,213,2022-08-03 09:39:54.697,6,19,250,241.1,83,1670,1690,1697.964,1708.0,7.964,0.8165,3.6564,0.2233,정상,0,0,0,
WeldingTest_03_NG,214,2022-08-03 09:39:57.365,6,20,250,241.2,82,1154,1673,1676.324,1692.0,3.324,0.3567,3.6564,0.0975,정상,0,0,0,
WeldingTest_03_NG,215,2022-08-03 09:40:00.815,6,21,250,241.1,83,1670,1697,1709.85,1714.0,12.85,1.5435,3.6564,0.4221,정상,0,0,0,
WeldingTest_03_NG,216,2022-08-03 09:40:03.465,6,22,250,241.2,82,1154,1675,1673.035,1694.0,1.965,0.2244,3.6564,0.0614,정상,0,0,0,
WeldingTest_03_NG,217,2022-08-03 09:40:06.937,6,23,250,241.1,83,1670,1698,1706.843,1717.0,8.843,1.0559,3.6564,0.2888,정상,0,0,0,
WeldingTest_03_NG,218,2022-08-03 09:40:09.611,6,24,250,241.2,82,1154,1678,1672.631,1695.0,5.369,0.6146,3.6564,0.1681,정상,0,0,0,
WeldingTest_03_NG,219,2022-08-03 09:40:16.067,6,25,250,241.1,83,1670,1697,1707.224,1714.0,10.224,1.2244,3.6564,0.3349,정상,0,0,0,
WeldingTest_03_NG,220,2022-08-03 09:40:18.675,6,26,250,241.2,82,1154,1677,1673.322,1695.0,3.678,0.4242,3.6564,0.116,정상,0,0,0,
WeldingTest_03_NG,221,2022-08-03 09:40:22.119,6,27,250,241.1,83,1670,1699,1706.998,1718.0,7.998,0.9564,3.6564,0.2616,정상,0,0,0,
WeldingTest_03_NG,222,2022-08-03 09:40:24.785,6,28,250,241.2,82,1154,1679,1672.887,1697.0,6.113,0.729,3.6564,0.1994,정상,0,0,0,
WeldingTest_03_NG,223,2022-08-03 09:40:28.253,6,29,250,241.1,83,1670,1700,1708.505,1719.0,8.505,0.9815,3.6564,0.2684,정상,0,0,0,
WeldingTest_03_NG,224,2022-08-03 09:40:30.903,6,30,250,241.2,82,1154,1680,1672.876,1698.0,7.124,0.8771,3.6564,0.2399,정상,0,0,0,
WeldingTest_03_NG,225,2022-08-03 09:40:35.313,6,31,30,19.4,38,650,682,692.501,690.0,10.501,3.0583,3.6564,0.8364,관찰,0,0,0,
WeldingTest_03_NG,226,2022-08-03 09:40:36.961,6,32,30,19.4,38,650,682,675.041,688.0,6.959,1.836,3.6564,0.5021,정상,0,0,0,
WeldingTest_03_NG,227,2022-08-03 09:40:40.037,6,33,30,19.4,38,650,682,682.478,690.0,0.478,0.0757,3.6564,0.0207,정상,0,0,0,
WeldingTest_03_NG,228,2022-08-03 09:40:41.781,6,34,30,19.4,38,650,682,682.728,690.0,0.728,0.0576,3.6564,0.0157,정상,0,0,0,
WeldingTest_03_NG,229,2022-08-03 09:40:45.235,6,35,30,19.4,38,650,682,682.206,690.0,0.206,0.0025,3.6564,0.0007,정상,0,0,0,
WeldingTest_03_NG,230,2022-08-03 09:40:46.951,6,36,30,19.4,38,650,682,684.471,690.0,2.471,0.6534,3.6564,0.1787,정상,0,0,0,
WeldingTest_03_NG,231,2022-08-03 09:40:48.669,6,37,30,19.4,38,650,682,685.472,688.0,3.472,0.9738,3.6564,0.2663,정상,0,0,0,
WeldingTest_03_NG,232,2022-08-03 09:40:51.647,6,38,30,19.4,38,650,682,685.553,690.0,3.553,0.9246,3.6564,0.2529,정상,0,0,0,
WeldingTest_03_NG,233,2022-08-03 09:40:53.137,6,39,30,19.4,38,650,682,683.255,688.0,1.255,0.276,3.6564,0.0755,정상,0,0,0,
WeldingTest_03_NG,234,2022-08-03 09:41:46.815,7,1,250,241.1,82,1154,1665,1683.977,1682.0,18.977,1.7743,3.6564,0.4853,정상,0,0,0,
WeldingTest_03_NG,235,2022-08-03 09:41:50.095,7,2,250,241.2,83,1670,1692,1701.969,1707.0,9.969,1.2164,3.6564,0.3327,정상,0,0,0,
WeldingTest_03_NG,236,2022-08-03 09:41:52.921,7,3,250,241.1,82,1153,1671,1682.753,1689.0,11.753,1.4459,3.6564,0.3955,정상,0,0,0,
WeldingTest_03_NG,237,2022-08-03 09:41:56.173,7,4,250,241.2,83,1670,1695,1703.032,1712.0,8.032,0.9422,3.6564,0.2577,정상,0,0,0,
WeldingTest_03_NG,238,2022-08-03 09:41:58.969,7,5,250,241.1,82,1154,1674,1678.812,1692.0,4.812,0.5458,3.6564,0.1493,정상,0,0,0,
WeldingTest_03_NG,239,2022-08-03 09:42:02.217,7,6,250,241.2,83,1670,1698,1703.364,1714.0,5.364,0.6359,3.6564,0.1739,정상,0,0,0,
WeldingTest_03_NG,240,2022-08-03 09:42:08.091,7,7,250,241.1,82,1153,1673,1676.904,1690.0,3.904,0.4521,3.6564,0.1236,정상,0,0,0,
WeldingTest_03_NG,241,2022-08-03 09:42:11.299,7,8,250,241.2,83,1670,1698,1704.99,1714.0,6.99,0.8141,3.6564,0.2226,정상,0,0,0,
WeldingTest_03_NG,242,2022-08-03 09:42:14.037,7,9,250,241.1,82,1154,1677,1673.75,1694.0,3.25,0.3596,3.6564,0.0984,정상,0,0,0,
WeldingTest_03_NG,243,2022-08-03 09:42:17.295,7,10,250,241.2,83,1670,1699,1704.876,1717.0,5.876,0.6874,3.6564,0.188,정상,0,0,0,
WeldingTest_03_NG,244,2022-08-03 09:42:20.165,7,11,250,241.1,82,1154,1678,1677.787,1695.0,0.213,0.0103,3.6564,0.0028,정상,0,0,0,
WeldingTest_03_NG,245,2022-08-03 09:42:23.417,7,12,250,241.2,83,1670,1700,1705.711,1718.0,5.711,0.6833,3.6564,0.1869,정상,0,0,0,
WeldingTest_03_NG,246,2022-08-03 09:42:27.947,7,13,30,19.4,38,650,682,689.702,690.0,7.702,2.1564,3.6564,0.5898,정상,0,0,0,
WeldingTest_03_NG,247,2022-08-03 09:42:29.667,7,14,30,19.4,35,650,632,677.946,688.0,45.946,13.2687,3.6564,3.6289,이상,1,1,1,"출력 저하 - 광학계/렌즈 오염, 레이저 소스 점검 + 출력 설정값(레시피) 확인"
WeldingTest_03_NG,248,2022-08-03 09:42:32.583,7,15,30,19.4,38,650,682,682.029,688.0,0.029,0.0988,3.6564,0.027,정상,0,0,0,
WeldingTest_03_NG,249,2022-08-03 09:42:35.889,7,16,30,19.4,38,650,682,679.478,688.0,2.522,0.7055,3.6564,0.193,정상,0,0,0,
WeldingTest_03_NG,250,2022-08-03 09:42:37.641,7,17,30,19.4,38,650,682,683.409,688.0,1.409,0.383,3.6564,0.1047,정상,0,0,0,
WeldingTest_03_NG,251,2022-08-03 09:42:39.395,7,18,30,19.4,38,650,682,679.608,688.0,2.392,0.6683,3.6564,0.1828,정상,0,0,0,
WeldingTest_03_NG,252,2022-08-03 09:43:00.037,7,19,250,241.1,83,1670,1690,1697.964,1708.0,7.964,0.8165,3.6564,0.2233,정상,0,0,0,
WeldingTest_03_NG,253,2022-08-03 09:43:02.689,7,20,250,241.2,82,1154,1673,1676.324,1692.0,3.324,0.3567,3.6564,0.0975,정상,0,0,0,
WeldingTest_03_NG,254,2022-08-03 09:43:06.095,7,21,250,241.1,83,1670,1697,1709.887,1714.0,12.887,1.548,3.6564,0.4234,정상,0,0,0,
WeldingTest_03_NG,255,2022-08-03 09:43:08.875,7,22,250,241.2,82,1154,1675,1677.527,1694.0,2.527,0.2964,3.6564,0.0811,정상,0,0,0,
WeldingTest_03_NG,256,2022-08-03 09:43:12.289,7,23,250,241.1,83,1670,1699,1706.634,1717.0,7.634,0.906,3.6564,0.2478,정상,0,0,0,
WeldingTest_03_NG,257,2022-08-03 09:43:14.989,7,24,250,241.2,82,1154,1678,1672.624,1695.0,5.376,0.6155,3.6564,0.1683,정상,0,0,0,
WeldingTest_03_NG,258,2022-08-03 09:43:21.363,7,25,250,241.1,83,1670,1697,1707.187,1714.0,10.187,1.2199,3.6564,0.3336,정상,0,0,0,
WeldingTest_03_NG,259,2022-08-03 09:43:23.989,7,26,250,241.2,82,1154,1678,1673.321,1695.0,4.679,0.5527,3.6564,0.1512,정상,0,0,0,
WeldingTest_03_NG,260,2022-08-03 09:43:27.421,7,27,250,241.1,83,1670,1700,1707.729,1718.0,7.729,0.923,3.6564,0.2524,정상,0,0,0,
WeldingTest_03_NG,261,2022-08-03 09:43:30.071,7,28,250,241.2,82,1154,1679,1672.898,1697.0,6.102,0.7275,3.6564,0.199,정상,0,0,0,
WeldingTest_03_NG,262,2022-08-03 09:43:33.523,7,29,250,241.1,83,1670,1702,1708.445,1719.0,6.445,0.7259,3.6564,0.1985,정상,0,0,0,
WeldingTest_03_NG,263,2022-08-03 09:43:36.177,7,30,250,241.2,82,1154,1680,1674.411,1698.0,5.589,0.6799,3.6564,0.186,정상,0,0,0,
WeldingTest_03_NG,264,2022-08-03 09:43:40.517,7,31,30,19.4,38,650,682,692.501,690.0,10.501,3.0583,3.6564,0.8364,관찰,0,0,0,
WeldingTest_03_NG,265,2022-08-03 09:43:42.037,7,32,30,19.4,38,650,682,674.916,688.0,7.084,1.8726,3.6564,0.5121,정상,0,0,0,
WeldingTest_03_NG,266,2022-08-03 09:43:45.111,7,33,30,19.4,38,650,682,682.478,690.0,0.478,0.0757,3.6564,0.0207,정상,0,0,0,
WeldingTest_03_NG,267,2022-08-03 09:43:46.877,7,34,30,19.4,38,650,682,679.99,690.0,2.01,0.4298,3.6564,0.1176,정상,0,0,0,
WeldingTest_03_NG,268,2022-08-03 09:43:50.323,7,35,30,19.4,38,650,682,686.079,690.0,4.079,1.1185,3.6564,0.3059,정상,0,0,0,
WeldingTest_03_NG,269,2022-08-03 09:43:52.035,7,36,30,19.4,38,650,682,684.419,690.0,2.419,0.6383,3.6564,0.1746,정상,0,0,0,
WeldingTest_03_NG,270,2022-08-03 09:43:53.791,7,37,30,19.4,38,650,682,683.15,688.0,1.15,0.3037,3.6564,0.083,정상,0,0,0,
WeldingTest_03_NG,271,2022-08-03 09:43:56.755,7,38,30,19.4,38,650,682,685.529,690.0,3.529,0.9177,3.6564,0.251,정상,0,0,0,
WeldingTest_03_NG,272,2022-08-03 09:43:58.245,7,39,30,19.4,38,650,682,683.255,688.0,1.255,0.276,3.6564,0.0755,정상,0,0,0,
WeldingTest_03_NG,273,2022-08-03 09:44:44.527,8,1,250,241.1,82,1154,1665,1684.187,1682.0,19.187,1.7991,3.6564,0.492,정상,0,0,0,
WeldingTest_03_NG,274,2022-08-03 09:44:47.907,8,2,250,241.2,83,1670,1692,1701.931,1707.0,9.931,1.2117,3.6564,0.3314,정상,0,0,0,
WeldingTest_03_NG,275,2022-08-03 09:44:50.729,8,3,250,241.1,82,1153,1673,1682.762,1689.0,9.762,1.1916,3.6564,0.3259,정상,0,0,0,
WeldingTest_03_NG,276,2022-08-03 09:44:54.013,8,4,250,241.2,83,1670,1695,1702.798,1712.0,7.798,0.913,3.6564,0.2497,정상,0,0,0,
WeldingTest_03_NG,277,2022-08-03 09:44:56.833,8,5,250,241.1,82,1154,1675,1679.057,1692.0,4.057,0.4491,3.6564,0.1228,정상,0,0,0,
WeldingTest_03_NG,278,2022-08-03 09:45:00.099,8,6,250,241.2,83,1670,1698,1703.353,1714.0,5.353,0.6346,3.6564,0.1736,정상,0,0,0,
WeldingTest_03_NG,279,2022-08-03 09:45:05.889,8,7,250,241.1,82,1153,1673,1676.898,1690.0,3.898,0.4513,3.6564,0.1234,정상,0,0,0,
WeldingTest_03_NG,280,2022-08-03 09:45:09.193,8,8,250,241.2,83,1670,1698,1704.72,1714.0,6.72,0.7807,3.6564,0.2135,정상,0,0,0,
WeldingTest_03_NG,281,2022-08-03 09:45:12.041,8,9,250,241.1,82,1154,1677,1678.059,1694.0,1.059,0.0799,3.6564,0.0219,정상,0,0,0,
WeldingTest_03_NG,282,2022-08-03 09:45:15.359,8,10,250,241.2,83,1670,1699,1704.584,1717.0,5.584,0.6512,3.6564,0.1781,정상,0,0,0,
WeldingTest_03_NG,283,2022-08-03 09:45:18.135,8,11,250,241.1,82,1154,1678,1677.133,1695.0,0.867,0.0736,3.6564,0.0201,정상,0,0,0,
WeldingTest_03_NG,284,2022-08-03 09:45:21.389,8,12,250,241.2,83,1670,1702,1705.711,1718.0,3.711,0.4356,3.6564,0.1191,정상,0,0,0,
WeldingTest_03_NG,285,2022-08-03 09:45:25.869,8,13,30,19.4,38,650,682,689.702,690.0,7.702,2.1564,3.6564,0.5898,정상,0,0,0,
WeldingTest_03_NG,286,2022-08-03 09:45:27.541,8,14,30,19.4,35,650,632,674.685,688.0,42.685,12.3181,3.6564,3.3689,이상,1,1,1,"출력 저하 - 광학계/렌즈 오염, 레이저 소스 점검 + 출력 설정값(레시피) 확인"
WeldingTest_03_NG,287,2022-08-03 09:45:30.489,8,15,30,19.4,38,650,682,683.101,688.0,1.101,0.2118,3.6564,0.0579,정상,0,0,0,
WeldingTest_03_NG,288,2022-08-03 09:45:33.941,8,16,30,19.4,38,650,682,669.243,688.0,12.757,3.6809,3.6564,1.0067,이상,1,0,0,"출력 저하 - 광학계/렌즈 오염, 레이저 소스 점검"
WeldingTest_03_NG,289,2022-08-03 09:45:35.645,8,17,30,19.4,38,650,682,687.783,688.0,5.783,1.644,3.6564,0.4496,정상,0,0,0,
WeldingTest_03_NG,290,2022-08-03 09:45:37.397,8,18,30,19.4,38,650,682,679.608,688.0,2.392,0.6683,3.6564,0.1828,정상,0,0,0,
WeldingTest_03_NG,291,2022-08-03 09:45:58.179,8,19,250,241.1,83,1670,1692,1697.964,1708.0,5.964,0.5865,3.6564,0.1604,정상,0,0,0,
WeldingTest_03_NG,292,2022-08-03 09:46:00.789,8,20,250,241.2,82,1154,1674,1676.387,1692.0,2.387,0.237,3.6564,0.0648,정상,0,0,0,
WeldingTest_03_NG,293,2022-08-03 09:46:04.307,8,21,250,241.1,83,1670,1697,1710.078,1714.0,13.078,1.5716,3.6564,0.4298,정상,0,0,0,
WeldingTest_03_NG,294,2022-08-03 09:46:07.063,8,22,250,241.2,82,1154,1675,1677.747,1694.0,2.747,0.3244,3.6564,0.0887,정상,0,0,0,
WeldingTest_03_NG,295,2022-08-03 09:46:10.473,8,23,250,241.1,83,1670,1699,1706.625,1717.0,7.625,0.9048,3.6564,0.2475,정상,0,0,0,
WeldingTest_03_NG,296,2022-08-03 09:46:13.069,8,24,250,241.2,82,1154,1679,1672.565,1695.0,6.435,0.7516,3.6564,0.2055,정상,0,0,0,
WeldingTest_03_NG,297,2022-08-03 09:46:19.459,8,25,250,241.1,83,1670,1697,1707.784,1714.0,10.784,1.294,3.6564,0.3539,정상,0,0,0,
WeldingTest_03_NG,298,2022-08-03 09:46:22.077,8,26,250,241.2,82,1154,1678,1673.321,1695.0,4.679,0.5527,3.6564,0.1512,정상,0,0,0,
WeldingTest_03_NG,299,2022-08-03 09:46:25.509,8,27,250,241.1,83,1670,1700,1707.729,1718.0,7.729,0.923,3.6564,0.2524,정상,0,0,0,
WeldingTest_03_NG,300,2022-08-03 09:46:28.201,8,28,250,241.2,82,1154,1679,1672.891,1697.0,6.109,0.7285,3.6564,0.1992,정상,0,0,0,
WeldingTest_03_NG,301,2022-08-03 09:46:31.747,8,29,250,241.1,83,1670,1702,1708.503,1719.0,6.503,0.7331,3.6564,0.2005,정상,0,0,0,
WeldingTest_03_NG,302,2022-08-03 09:46:34.367,8,30,250,241.2,82,1154,1680,1674.312,1698.0,5.688,0.6926,3.6564,0.1894,정상,0,0,0,
WeldingTest_03_NG,303,2022-08-03 09:46:38.719,8,31,30,19.4,38,650,682,692.501,690.0,10.501,3.0583,3.6564,0.8364,관찰,0,0,0,
WeldingTest_03_NG,304,2022-08-03 09:46:40.231,8,32,30,19.4,38,650,682,674.916,688.0,7.084,1.8726,3.6564,0.5121,정상,0,0,0,
WeldingTest_03_NG,305,2022-08-03 09:46:43.343,8,33,30,19.4,38,650,682,684.835,690.0,2.835,0.6061,3.6564,0.1658,정상,0,0,0,
WeldingTest_03_NG,306,2022-08-03 09:46:45.085,8,34,30,19.4,38,650,682,682.728,690.0,0.728,0.0576,3.6564,0.0157,정상,0,0,0,
WeldingTest_03_NG,307,2022-08-03 09:46:48.525,8,35,30,19.4,38,650,682,686.079,690.0,4.079,1.1185,3.6564,0.3059,정상,0,0,0,
WeldingTest_03_NG,308,2022-08-03 09:46:50.257,8,36,30,19.4,38,650,682,684.398,690.0,2.398,0.6323,3.6564,0.1729,정상,0,0,0,
WeldingTest_03_NG,309,2022-08-03 09:46:51.957,8,37,30,19.4,38,650,682,685.654,688.0,3.654,1.0265,3.6564,0.2807,정상,0,0,0,
WeldingTest_03_NG,310,2022-08-03 09:46:54.939,8,38,30,19.4,38,650,682,685.553,690.0,3.553,0.9246,3.6564,0.2529,정상,0,0,0,
WeldingTest_03_NG,311,2022-08-03 09:46:56.452,8,39,30,19.4,38,650,682,682.97,688.0,0.97,0.1937,3.6564,0.053,정상,0,0,0,
WeldingTest_03_NG,312,2022-08-03 09:56:37.689,9,1,250,241.1,82,1154,1660,1682.847,1682.0,22.847,2.2282,3.6564,0.6094,정상,0,0,0,
WeldingTest_03_NG,313,2022-08-03 09:56:41.005,9,2,250,241.2,83,1670,1685,1701.942,1707.0,16.942,2.0842,3.6564,0.57,정상,0,0,0,
WeldingTest_03_NG,314,2022-08-03 09:56:43.869,9,3,250,241.1,82,1153,1666,1683.104,1689.0,17.104,2.1296,3.6564,0.5824,정상,0,0,0,
WeldingTest_03_NG,315,2022-08-03 09:56:47.091,9,4,250,241.2,83,1670,1690,1703.051,1712.0,13.051,1.566,3.6564,0.4283,정상,0,0,0,
WeldingTest_03_NG,316,2022-08-03 09:56:49.927,9,5,250,241.1,82,1154,1670,1679.541,1692.0,9.541,1.1517,3.6564,0.315,정상,0,0,0,
WeldingTest_03_NG,317,2022-08-03 09:56:53.267,9,6,250,241.2,83,1670,1693,1703.088,1714.0,10.088,1.2229,3.6564,0.3344,정상,0,0,0,
WeldingTest_03_NG,318,2022-08-03 09:56:59.005,9,7,250,241.1,82,1153,1669,1676.854,1690.0,7.854,0.9564,3.6564,0.2616,정상,0,0,0,
WeldingTest_03_NG,319,2022-08-03 09:57:02.313,9,8,250,241.2,83,1670,1694,1704.72,1714.0,10.72,1.2758,3.6564,0.3489,정상,0,0,0,
WeldingTest_03_NG,320,2022-08-03 09:57:05.149,9,9,250,241.1,82,1154,1673,1678.048,1694.0,5.048,0.5893,3.6564,0.1612,정상,0,0,0,
WeldingTest_03_NG,321,2022-08-03 09:57:08.403,9,10,250,241.2,83,1670,1697,1704.876,1717.0,7.876,0.9347,3.6564,0.2556,정상,0,0,0,
WeldingTest_03_NG,322,2022-08-03 09:57:11.223,9,11,250,241.1,82,1154,1675,1677.311,1695.0,2.311,0.2587,3.6564,0.0708,정상,0,0,0,
WeldingTest_03_NG,323,2022-08-03 09:57:14.449,9,12,250,241.2,83,1670,1698,1704.855,1718.0,6.855,0.825,3.6564,0.2256,정상,0,0,0,
WeldingTest_03_NG,324,2022-08-03 09:57:18.949,9,13,30,19.4,38,650,682,689.461,690.0,7.461,2.0845,3.6564,0.5701,정상,0,0,0,
WeldingTest_03_NG,325,2022-08-03 09:57:20.661,9,14,30,19.4,35,650,630,677.884,688.0,47.884,13.8336,3.6564,3.7834,이상,1,1,1,"출력 저하 - 광학계/렌즈 오염, 레이저 소스 점검 + 출력 설정값(레시피) 확인"
WeldingTest_03_NG,326,2022-08-03 09:57:23.567,9,15,30,19.4,38,650,680,682.594,688.0,2.594,0.6443,3.6564,0.1762,정상,0,0,0,
WeldingTest_03_NG,327,2022-08-03 09:57:26.889,9,16,30,19.4,38,650,680,679.478,688.0,0.522,0.1241,3.6564,0.0339,정상,0,0,0,
WeldingTest_03_NG,328,2022-08-03 09:57:28.651,9,17,30,19.4,38,650,680,682.349,688.0,2.349,0.654,3.6564,0.1789,정상,0,0,0,
WeldingTest_03_NG,329,2022-08-03 09:57:30.377,9,18,30,19.4,38,650,680,684.296,688.0,4.296,1.2179,3.6564,0.3331,정상,0,0,0,
WeldingTest_03_NG,330,2022-08-03 09:57:50.853,9,19,250,241.1,83,1670,1689,1699.539,1708.0,10.539,1.1128,3.6564,0.3043,정상,0,0,0,
WeldingTest_03_NG,331,2022-08-03 09:57:53.509,9,20,250,241.2,82,1154,1671,1676.134,1692.0,5.134,0.5878,3.6564,0.1607,정상,0,0,0,
WeldingTest_03_NG,332,2022-08-03 09:57:56.969,9,21,250,241.1,83,1670,1694,1710.076,1714.0,16.076,1.9411,3.6564,0.5309,정상,0,0,0,
WeldingTest_03_NG,333,2022-08-03 09:57:59.567,9,22,250,241.2,82,1154,1675,1672.953,1694.0,2.047,0.2348,3.6564,0.0642,정상,0,0,0,
WeldingTest_03_NG,334,2022-08-03 09:58:03.019,9,23,250,241.1,83,1670,1697,1706.758,1717.0,9.758,1.1695,3.6564,0.3198,정상,0,0,0,
WeldingTest_03_NG,335,2022-08-03 09:58:05.635,9,24,250,241.2,82,1154,1677,1672.551,1695.0,4.449,0.4964,3.6564,0.1358,정상,0,0,0,
WeldingTest_03_NG,336,2022-08-03 09:58:12.035,9,25,250,241.1,83,1670,1695,1706.493,1714.0,11.493,1.3819,3.6564,0.3779,정상,0,0,0,
WeldingTest_03_NG,337,2022-08-03 09:58:14.697,9,26,250,241.2,82,1154,1675,1673.414,1695.0,1.586,0.1555,3.6564,0.0425,정상,0,0,0,
WeldingTest_03_NG,338,2022-08-03 09:58:18.227,9,27,250,241.1,83,1670,1699,1707.184,1718.0,8.184,0.9794,3.6564,0.2679,정상,0,0,0,
WeldingTest_03_NG,339,2022-08-03 09:58:20.861,9,28,250,241.2,82,1154,1678,1672.732,1697.0,5.268,0.6204,3.6564,0.1697,정상,0,0,0,
WeldingTest_03_NG,340,2022-08-03 09:58:24.347,9,29,250,241.1,83,1670,1700,1707.883,1719.0,7.883,0.9044,3.6564,0.2473,정상,0,0,0,
WeldingTest_03_NG,341,2022-08-03 09:58:26.967,9,30,250,241.2,82,1154,1679,1672.777,1698.0,6.223,0.7613,3.6564,0.2082,정상,0,0,0,
WeldingTest_03_NG,342,2022-08-03 09:58:31.211,9,31,30,19.4,38,650,682,692.454,690.0,10.454,3.0443,3.6564,0.8326,관찰,0,0,0,
WeldingTest_03_NG,343,2022-08-03 09:58:32.719,9,32,30,19.4,38,650,682,675.002,688.0,6.998,1.8473,3.6564,0.5052,정상,0,0,0,
WeldingTest_03_NG,344,2022-08-03 09:58:35.797,9,33,30,19.4,38,650,682,682.478,690.0,0.478,0.0757,3.6564,0.0207,정상,0,0,0,
WeldingTest_03_NG,345,2022-08-03 09:58:37.583,9,34,30,19.4,38,650,682,680.027,690.0,1.973,0.419,3.6564,0.1146,정상,0,0,0,
WeldingTest_03_NG,346,2022-08-03 09:58:41.137,9,35,30,19.4,38,650,682,681.421,690.0,0.579,0.1054,3.6564,0.0288,정상,0,0,0,
WeldingTest_03_NG,347,2022-08-03 09:58:42.851,9,36,30,19.4,38,650,682,684.419,690.0,2.419,0.6383,3.6564,0.1746,정상,0,0,0,
WeldingTest_03_NG,348,2022-08-03 09:58:44.567,9,37,30,19.4,38,650,682,685.472,688.0,3.472,0.9738,3.6564,0.2663,정상,0,0,0,
WeldingTest_03_NG,349,2022-08-03 09:58:47.539,9,38,30,19.4,38,650,682,685.529,690.0,3.529,0.9177,3.6564,0.251,정상,0,0,0,
WeldingTest_03_NG,350,2022-08-03 09:58:49.037,9,39,30,19.4,38,650,682,683.213,688.0,1.213,0.264,3.6564,0.0722,정상,0,0,0,
WeldingTest_03_NG,351,2022-08-03 09:59:35.085,10,1,250,241.1,82,1154,1665,1684.187,1682.0,19.187,1.7991,3.6564,0.492,정상,0,0,0,
WeldingTest_03_NG,352,2022-08-03 09:59:38.267,10,2,250,241.2,83,1670,1692,1702.229,1707.0,10.229,1.2488,3.6564,0.3416,정상,0,0,0,
WeldingTest_03_NG,353,2022-08-03 09:59:41.031,10,3,250,241.1,82,1153,1671,1683.157,1689.0,12.157,1.4977,3.6564,0.4096,정상,0,0,0,
WeldingTest_03_NG,354,2022-08-03 09:59:44.311,10,4,250,241.2,83,1670,1695,1702.798,1712.0,7.798,0.913,3.6564,0.2497,정상,0,0,0,
WeldingTest_03_NG,355,2022-08-03 09:59:47.127,10,5,250,241.1,82,1154,1674,1679.057,1692.0,5.057,0.5772,3.6564,0.1579,정상,0,0,0,
WeldingTest_03_NG,356,2022-08-03 09:59:50.531,10,6,250,241.2,83,1670,1698,1703.087,1714.0,5.087,0.6016,3.6564,0.1645,정상,0,0,0,
WeldingTest_03_NG,357,2022-08-03 09:59:56.279,10,7,250,241.1,82,1153,1673,1676.898,1690.0,3.898,0.4513,3.6564,0.1234,정상,0,0,0,
WeldingTest_03_NG,358,2022-08-03 09:59:59.511,10,8,250,241.2,83,1670,1698,1704.977,1714.0,6.977,0.8125,3.6564,0.2222,정상,0,0,0,
WeldingTest_03_NG,359,2022-08-03 10:00:02.321,10,9,250,241.1,82,1154,1677,1677.466,1694.0,0.466,0.0041,3.6564,0.0011,정상,0,0,0,
WeldingTest_03_NG,360,2022-08-03 10:00:05.599,10,10,250,241.2,83,1670,1699,1704.639,1717.0,5.639,0.6581,3.6564,0.18,정상,0,0,0,
WeldingTest_03_NG,361,2022-08-03 10:00:08.441,10,11,250,241.1,82,1154,1678,1677.828,1695.0,0.172,0.0154,3.6564,0.0042,정상,0,0,0,
WeldingTest_03_NG,362,2022-08-03 10:00:11.655,10,12,250,241.2,83,1670,1700,1705.739,1718.0,5.739,0.6868,3.6564,0.1878,정상,0,0,0,
WeldingTest_03_NG,363,2022-08-03 10:00:16.063,10,13,30,19.4,38,650,682,689.702,690.0,7.702,2.1564,3.6564,0.5898,정상,0,0,0,
WeldingTest_03_NG,364,2022-08-03 10:00:17.769,10,14,30,19.4,35,650,681,677.273,688.0,3.727,0.9623,3.6564,0.2632,정상,0,1,0,
WeldingTest_03_NG,365,2022-08-03 10:00:20.687,10,15,30,19.4,38,650,682,682.029,688.0,0.029,0.0988,3.6564,0.027,정상,0,0,0,
WeldingTest_03_NG,366,2022-08-03 10:00:24.105,10,16,30,19.4,38,650,682,679.478,688.0,2.522,0.7055,3.6564,0.193,정상,0,0,0,
WeldingTest_03_NG,367,2022-08-03 10:00:25.853,10,17,30,19.4,38,650,682,685.036,688.0,3.036,0.8521,3.6564,0.233,정상,0,0,0,
WeldingTest_03_NG,368,2022-08-03 10:00:27.557,10,18,30,19.4,38,650,682,684.495,688.0,2.495,0.6979,3.6564,0.1909,정상,0,0,0,
WeldingTest_03_NG,369,2022-08-03 10:00:47.957,10,19,250,241.1,83,1670,1690,1698.288,1708.0,8.288,0.8538,3.6564,0.2335,정상,0,0,0,
WeldingTest_03_NG,370,2022-08-03 10:00:50.547,10,20,250,241.2,82,1154,1673,1676.167,1692.0,3.167,0.3367,3.6564,0.0921,정상,0,0,0,
WeldingTest_03_NG,371,2022-08-03 10:00:53.987,10,21,250,241.1,83,1670,1697,1709.868,1714.0,12.868,1.5457,3.6564,0.4227,정상,0,0,0,
WeldingTest_03_NG,372,2022-08-03 10:00:56.691,10,22,250,241.2,82,1154,1677,1672.981,1694.0,4.019,0.4873,3.6564,0.1333,정상,0,0,0,
WeldingTest_03_NG,373,2022-08-03 10:01:00.205,10,23,250,241.1,83,1670,1699,1706.848,1717.0,7.848,0.9325,3.6564,0.255,정상,0,0,0,
WeldingTest_03_NG,374,2022-08-03 10:01:02.879,10,24,250,241.2,82,1154,1678,1672.636,1695.0,5.364,0.614,3.6564,0.1679,정상,0,0,0,
WeldingTest_03_NG,375,2022-08-03 10:01:09.362,10,25,250,241.1,83,1670,1697,1707.224,1714.0,10.224,1.2244,3.6564,0.3349,정상,0,0,0,
WeldingTest_03_NG,376,2022-08-03 10:01:11.988,10,26,250,241.2,82,1154,1678,1673.321,1695.0,4.679,0.5527,3.6564,0.1512,정상,0,0,0,
WeldingTest_03_NG,377,2022-08-03 10:01:15.506,10,27,250,241.1,83,1670,1700,1707.915,1718.0,7.915,0.946,3.6564,0.2587,정상,0,0,0,
WeldingTest_03_NG,378,2022-08-03 10:01:18.170,10,28,250,241.2,82,1154,1679,1672.898,1697.0,6.102,0.7275,3.6564,0.199,정상,0,0,0,
WeldingTest_03_NG,379,2022-08-03 10:01:21.632,10,29,250,241.1,83,1670,1702,1708.505,1719.0,6.505,0.7333,3.6564,0.2005,정상,0,0,0,
WeldingTest_03_NG,380,2022-08-03 10:01:24.254,10,30,250,241.2,82,1154,1680,1674.312,1698.0,5.688,0.6926,3.6564,0.1894,정상,0,0,0,
WeldingTest_03_NG,381,2022-08-03 10:01:28.584,10,31,30,19.4,38,650,682,692.454,690.0,10.454,3.0443,3.6564,0.8326,관찰,0,0,0,
WeldingTest_03_NG,382,2022-08-03 10:01:30.136,10,32,30,19.4,38,650,682,675.0,688.0,7.0,1.8479,3.6564,0.5054,정상,0,0,0,
WeldingTest_03_NG,383,2022-08-03 10:01:33.214,10,33,30,19.4,38,650,682,682.478,690.0,0.478,0.0757,3.6564,0.0207,정상,0,0,0,
WeldingTest_03_NG,384,2022-08-03 10:01:34.988,10,34,30,19.4,38,650,682,679.99,690.0,2.01,0.4298,3.6564,0.1176,정상,0,0,0,
WeldingTest_03_NG,385,2022-08-03 10:01:38.446,10,35,30,19.4,38,650,682,682.288,690.0,0.288,0.0212,3.6564,0.0058,정상,0,0,0,
WeldingTest_03_NG,386,2022-08-03 10:01:40.150,10,36,30,19.4,38,650,682,683.783,690.0,1.783,0.4537,3.6564,0.1241,정상,0,0,0,
WeldingTest_03_NG,387,2022-08-03 10:01:41.892,10,37,30,19.4,38,650,682,685.091,688.0,3.091,0.864,3.6564,0.2363,정상,0,0,0,
WeldingTest_03_NG,388,2022-08-03 10:01:44.946,10,38,30,19.4,38,650,682,681.786,690.0,0.214,0.0422,3.6564,0.0115,정상,0,0,0,
WeldingTest_03_NG,389,2022-08-03 10:01:46.430,10,39,30,19.4,38,650,682,683.255,688.0,1.255,0.276,3.6564,0.0755,정상,0,0,0,
WeldingTest_03_NG,390,2022-08-03 10:02:33.212,11,1,250,241.1,82,1154,1665,1684.076,1682.0,19.076,1.786,3.6564,0.4885,정상,0,0,0,
WeldingTest_03_NG,391,2022-08-03 10:02:36.516,11,2,250,241.2,83,1670,1692,1701.969,1707.0,9.969,1.2164,3.6564,0.3327,정상,0,0,0,
WeldingTest_03_NG,392,2022-08-03 10:02:39.388,11,3,250,241.1,82,1153,1671,1683.271,1689.0,12.271,1.5122,3.6564,0.4136,정상,0,0,0,
WeldingTest_03_NG,393,2022-08-03 10:02:42.782,11,4,250,241.2,83,1670,1695,1702.753,1712.0,7.753,0.9075,3.6564,0.2482,정상,0,0,0,
WeldingTest_03_NG,394,2022-08-03 10:02:45.528,11,5,250,241.1,82,1154,1675,1674.731,1692.0,0.269,0.0362,3.6564,0.0099,정상,0,0,0,
WeldingTest_03_NG,395,2022-08-03 10:02:48.740,11,6,250,241.2,83,1670,1698,1703.396,1714.0,5.396,0.6399,3.6564,0.175,정상,0,0,0,
WeldingTest_03_NG,396,2022-08-03 10:02:54.570,11,7,250,241.1,82,1153,1673,1676.898,1690.0,3.898,0.4513,3.6564,0.1234,정상,0,0,0,
WeldingTest_03_NG,397,2022-08-03 10:02:57.922,11,8,250,241.2,83,1670,1698,1704.646,1714.0,6.646,0.7715,3.6564,0.211,정상,0,0,0,
WeldingTest_03_NG,398,2022-08-03 10:03:00.742,11,9,250,241.1,82,1154,1677,1677.671,1694.0,0.671,0.0302,3.6564,0.0083,정상,0,0,0,
WeldingTest_03_NG,399,2022-08-03 10:03:03.990,11,10,250,241.2,83,1670,1700,1704.876,1717.0,4.876,0.5637,3.6564,0.1542,정상,0,0,0,
WeldingTest_03_NG,400,2022-08-03 10:03:06.832,11,11,250,241.1,82,1154,1678,1677.85,1695.0,0.15,0.0183,3.6564,0.005,정상,0,0,0,
WeldingTest_03_NG,401,2022-08-03 10:03:10.084,11,12,250,241.2,83,1670,1702,1705.711,1718.0,3.711,0.4356,3.6564,0.1191,정상,0,0,0,
WeldingTest_03_NG,402,2022-08-03 10:03:14.546,11,13,30,19.4,38,650,682,689.702,690.0,7.702,2.1564,3.6564,0.5898,정상,0,0,0,
WeldingTest_03_NG,403,2022-08-03 10:03:16.248,11,14,30,19.4,35,650,682,677.797,688.0,4.203,1.1011,3.6564,0.3011,정상,0,1,0,
WeldingTest_03_NG,404,2022-08-03 10:03:19.178,11,15,30,19.4,38,650,682,681.044,688.0,0.956,0.1697,3.6564,0.0464,정상,0,0,0,
WeldingTest_03_NG,405,2022-08-03 10:03:22.610,11,16,30,19.4,38,650,682,673.127,688.0,8.873,2.5517,3.6564,0.6979,정상,0,0,0,
WeldingTest_03_NG,406,2022-08-03 10:03:24.372,11,17,30,19.4,38,650,682,682.349,688.0,0.349,0.0775,3.6564,0.0212,정상,0,0,0,
WeldingTest_03_NG,407,2022-08-03 10:03:26.034,11,18,30,19.4,38,650,682,682.776,688.0,0.776,0.2017,3.6564,0.0552,정상,0,0,0,
WeldingTest_03_NG,408,2022-08-03 10:03:47.056,11,19,250,241.1,83,1670,1690,1697.811,1708.0,7.811,0.799,3.6564,0.2185,정상,0,0,0,
WeldingTest_03_NG,409,2022-08-03 10:03:49.750,11,20,250,241.2,82,1154,1673,1676.275,1692.0,3.275,0.3504,3.6564,0.0958,정상,0,0,0,
WeldingTest_03_NG,410,2022-08-03 10:03:53.168,11,21,250,241.1,83,1670,1697,1709.868,1714.0,12.868,1.5457,3.6564,0.4227,정상,0,0,0,
WeldingTest_03_NG,411,2022-08-03 10:03:55.798,11,22,250,241.2,82,1154,1677,1672.936,1694.0,4.064,0.493,3.6564,0.1348,정상,0,0,0,
WeldingTest_03_NG,412,2022-08-03 10:03:59.286,11,23,250,241.1,83,1670,1699,1706.842,1717.0,7.842,0.9318,3.6564,0.2548,정상,0,0,0,
WeldingTest_03_NG,413,2022-08-03 10:04:01.878,11,24,250,241.2,82,1154,1678,1672.565,1695.0,5.435,0.6231,3.6564,0.1704,정상,0,0,0,
WeldingTest_03_NG,414,2022-08-03 10:04:08.454,11,25,250,241.1,83,1670,1697,1707.279,1714.0,10.279,1.2313,3.6564,0.3367,정상,0,0,0,
WeldingTest_03_NG,415,2022-08-03 10:04:11.214,11,26,250,241.2,82,1154,1677,1678.101,1695.0,1.101,0.0933,3.6564,0.0255,정상,0,0,0,
WeldingTest_03_NG,416,2022-08-03 10:04:14.702,11,27,250,241.1,83,1670,1700,1707.185,1718.0,7.185,0.8554,3.6564,0.234,정상,0,0,0,
WeldingTest_03_NG,417,2022-08-03 10:04:17.358,11,28,250,241.2,82,1154,1679,1672.898,1697.0,6.102,0.7275,3.6564,0.199,정상,0,0,0,
WeldingTest_03_NG,418,2022-08-03 10:04:20.814,11,29,250,241.1,83,1670,1702,1708.505,1719.0,6.505,0.7333,3.6564,0.2005,정상,0,0,0,
WeldingTest_03_NG,419,2022-08-03 10:04:23.460,11,30,250,241.2,82,1154,1680,1674.411,1698.0,5.589,0.6799,3.6564,0.186,정상,0,0,0,
WeldingTest_03_NG,420,2022-08-03 10:04:27.668,11,31,30,19.4,38,650,682,692.467,690.0,10.467,3.0483,3.6564,0.8337,관찰,0,0,0,
WeldingTest_03_NG,421,2022-08-03 10:04:29.184,11,32,30,19.4,38,650,682,674.916,688.0,7.084,1.8726,3.6564,0.5121,정상,0,0,0,
WeldingTest_03_NG,422,2022-08-03 10:04:32.226,11,33,30,19.4,38,650,682,684.15,690.0,2.15,0.4081,3.6564,0.1116,정상,0,0,0,
WeldingTest_03_NG,423,2022-08-03 10:04:33.982,11,34,30,19.4,38,650,682,680.787,690.0,1.213,0.1983,3.6564,0.0542,정상,0,0,0,
WeldingTest_03_NG,424,2022-08-03 10:04:37.506,11,35,30,19.4,38,650,682,681.94,690.0,0.06,0.0448,3.6564,0.0123,정상,0,0,0,
WeldingTest_03_NG,425,2022-08-03 10:04:39.228,11,36,30,19.4,38,650,682,684.484,690.0,2.484,0.6573,3.6564,0.1798,정상,0,0,0,
WeldingTest_03_NG,426,2022-08-03 10:04:40.952,11,37,30,19.4,38,650,682,685.485,688.0,3.485,0.9777,3.6564,0.2674,정상,0,0,0,
WeldingTest_03_NG,427,2022-08-03 10:04:43.984,11,38,30,19.4,38,650,682,684.818,690.0,2.818,0.712,3.6564,0.1947,정상,0,0,0,
WeldingTest_03_NG,428,2022-08-03 10:04:45.566,11,39,30,19.4,38,650,682,683.139,688.0,1.139,0.2425,3.6564,0.0663,정상,0,0,0,
WeldingTest_03_NG,429,2022-08-03 10:10:47.157,12,1,250,241.1,82,1154,1660,1682.847,1682.0,22.847,2.2282,3.6564,0.6094,정상,0,0,0,
WeldingTest_03_NG,430,2022-08-03 10:10:50.395,12,2,250,241.2,83,1670,1685,1702.203,1707.0,17.203,2.1168,3.6564,0.5789,정상,0,0,0,
WeldingTest_03_NG,431,2022-08-03 10:10:53.231,12,3,250,241.1,82,1153,1667,1683.087,1689.0,16.087,1.9996,3.6564,0.5469,정상,0,0,0,
WeldingTest_03_NG,432,2022-08-03 10:10:56.491,12,4,250,241.2,83,1670,1690,1703.03,1712.0,13.03,1.5634,3.6564,0.4276,정상,0,0,0,
WeldingTest_03_NG,433,2022-08-03 10:10:59.369,12,5,250,241.1,82,1154,1670,1679.55,1692.0,9.55,1.1529,3.6564,0.3153,정상,0,0,0,
WeldingTest_03_NG,434,2022-08-03 10:11:02.561,12,6,250,241.2,83,1670,1694,1703.396,1714.0,9.396,1.1369,3.6564,0.3109,정상,0,0,0,
WeldingTest_03_NG,435,2022-08-03 10:11:08.449,12,7,250,241.1,82,1153,1669,1676.934,1690.0,7.934,0.9666,3.6564,0.2644,정상,0,0,0,
WeldingTest_03_NG,436,2022-08-03 10:11:11.791,12,8,250,241.2,83,1670,1693,1704.646,1714.0,11.646,1.3904,3.6564,0.3803,정상,0,0,0,
WeldingTest_03_NG,437,2022-08-03 10:11:14.635,12,9,250,241.1,82,1154,1673,1678.046,1694.0,5.046,0.5891,3.6564,0.1611,정상,0,0,0,
WeldingTest_03_NG,438,2022-08-03 10:11:17.899,12,10,250,241.2,83,1670,1697,1704.872,1717.0,7.872,0.9342,3.6564,0.2555,정상,0,0,0,
WeldingTest_03_NG,439,2022-08-03 10:11:20.729,12,11,250,241.1,82,1154,1675,1677.294,1695.0,2.294,0.2565,3.6564,0.0701,정상,0,0,0,
WeldingTest_03_NG,440,2022-08-03 10:11:24.005,12,12,250,241.2,83,1670,1698,1704.61,1718.0,6.61,0.7946,3.6564,0.2173,정상,0,0,0,
WeldingTest_03_NG,441,2022-08-03 10:11:28.463,12,13,30,19.4,38,650,682,689.461,690.0,7.461,2.0845,3.6564,0.5701,정상,0,0,0,
WeldingTest_03_NG,442,2022-08-03 10:11:30.155,12,14,30,19.4,35,650,632,677.808,688.0,45.808,13.2284,3.6564,3.6179,이상,1,1,1,"출력 저하 - 광학계/렌즈 오염, 레이저 소스 점검 + 출력 설정값(레시피) 확인"
WeldingTest_03_NG,443,2022-08-03 10:11:33.073,12,15,30,19.4,38,650,682,682.029,688.0,0.029,0.0988,3.6564,0.027,정상,0,0,0,
WeldingTest_03_NG,444,2022-08-03 10:11:36.415,12,16,30,19.4,38,650,682,679.478,688.0,2.522,0.7055,3.6564,0.193,정상,0,0,0,
WeldingTest_03_NG,445,2022-08-03 10:11:38.161,12,17,30,19.4,38,650,680,685.036,688.0,5.036,1.4286,3.6564,0.3907,정상,0,0,0,
WeldingTest_03_NG,446,2022-08-03 10:11:39.843,12,18,30,19.4,38,650,680,683.207,688.0,3.207,0.9036,3.6564,0.2471,정상,0,0,0,
WeldingTest_03_NG,447,2022-08-03 10:12:01.245,12,19,250,241.1,83,1670,1689,1697.805,1708.0,8.805,0.9134,3.6564,0.2498,정상,0,0,0,
WeldingTest_03_NG,448,2022-08-03 10:12:03.939,12,20,250,241.2,82,1154,1671,1676.085,1692.0,5.085,0.5815,3.6564,0.159,정상,0,0,0,
WeldingTest_03_NG,449,2022-08-03 10:12:07.347,12,21,250,241.1,83,1670,1694,1709.887,1714.0,15.887,1.9177,3.6564,0.5245,정상,0,0,0,
WeldingTest_03_NG,450,2022-08-03 10:12:09.971,12,22,250,241.2,82,1154,1674,1672.934,1694.0,1.066,0.1093,3.6564,0.0299,정상,0,0,0,
WeldingTest_03_NG,451,2022-08-03 10:12:13.399,12,23,250,241.1,83,1670,1697,1706.634,1717.0,9.634,1.1541,3.6564,0.3156,정상,0,0,0,
WeldingTest_03_NG,452,2022-08-03 10:12:16.039,12,24,250,241.2,82,1154,1677,1672.511,1695.0,4.489,0.5016,3.6564,0.1372,정상,0,0,0,
WeldingTest_03_NG,453,2022-08-03 10:12:22.641,12,25,250,241.1,83,1670,1695,1706.548,1714.0,11.548,1.3887,3.6564,0.3798,정상,0,0,0,
WeldingTest_03_NG,454,2022-08-03 10:12:25.415,12,26,250,241.2,82,1154,1675,1678.101,1695.0,3.101,0.3501,3.6564,0.0958,정상,0,0,0,
WeldingTest_03_NG,455,2022-08-03 10:12:28.867,12,27,250,241.1,83,1670,1698,1706.991,1718.0,8.991,1.0796,3.6564,0.2953,정상,0,0,0,
WeldingTest_03_NG,456,2022-08-03 10:12:31.461,12,28,250,241.2,82,1154,1678,1672.837,1697.0,5.163,0.607,3.6564,0.166,정상,0,0,0,
WeldingTest_03_NG,457,2022-08-03 10:12:34.965,12,29,250,241.1,83,1670,1700,1707.882,1719.0,7.882,0.9042,3.6564,0.2473,정상,0,0,0,
WeldingTest_03_NG,458,2022-08-03 10:12:37.593,12,30,250,241.2,82,1154,1679,1672.777,1698.0,6.223,0.7613,3.6564,0.2082,정상,0,0,0,
WeldingTest_03_NG,459,2022-08-03 10:12:42.015,12,31,30,19.4,38,650,682,692.501,690.0,10.501,3.0583,3.6564,0.8364,관찰,0,0,0,
WeldingTest_03_NG,460,2022-08-03 10:12:43.581,12,32,30,19.4,38,650,682,675.0,688.0,7.0,1.8479,3.6564,0.5054,정상,0,0,0,
WeldingTest_03_NG,461,2022-08-03 10:12:46.725,12,33,30,19.4,38,650,682,684.835,690.0,2.835,0.6061,3.6564,0.1658,정상,0,0,0,
WeldingTest_03_NG,462,2022-08-03 10:12:48.475,12,34,30,19.4,38,650,682,680.787,690.0,1.213,0.1983,3.6564,0.0542,정상,0,0,0,
WeldingTest_03_NG,463,2022-08-03 10:12:51.903,12,35,30,19.4,38,650,682,686.079,690.0,4.079,1.1185,3.6564,0.3059,정상,0,0,0,
WeldingTest_03_NG,464,2022-08-03 10:12:53.645,12,36,30,19.4,38,650,682,683.854,690.0,1.854,0.4745,3.6564,0.1298,정상,0,0,0,
WeldingTest_03_NG,465,2022-08-03 10:12:55.359,12,37,30,19.4,38,650,682,685.419,688.0,3.419,0.9588,3.6564,0.2622,정상,0,0,0,
WeldingTest_03_NG,466,2022-08-03 10:12:58.321,12,38,30,19.4,38,650,682,685.529,690.0,3.529,0.9177,3.6564,0.251,정상,0,0,0,
WeldingTest_03_NG,467,2022-08-03 10:12:59.843,12,39,30,19.4,38,650,682,682.97,688.0,0.97,0.1937,3.6564,0.053,정상,0,0,0,
WeldingTest_03_NG,468,2022-08-03 10:24:18.393,13,1,250,241.1,82,1154,1660,1682.847,1682.0,22.847,2.2282,3.6564,0.6094,정상,0,0,0,
WeldingTest_03_NG,469,2022-08-03 10:24:21.693,13,2,250,241.2,83,1670,1685,1701.969,1707.0,16.969,2.0876,3.6564,0.5709,정상,0,0,0,
WeldingTest_03_NG,470,2022-08-03 10:24:24.507,13,3,250,241.1,82,1153,1666,1682.626,1689.0,16.626,2.0685,3.6564,0.5657,정상,0,0,0,
WeldingTest_03_NG,471,2022-08-03 10:24:27.773,13,4,250,241.2,83,1670,1690,1703.022,1712.0,13.022,1.5624,3.6564,0.4273,정상,0,0,0,
WeldingTest_03_NG,472,2022-08-03 10:24:30.529,13,5,250,241.1,82,1154,1670,1679.076,1692.0,9.076,1.0921,3.6564,0.2987,정상,0,0,0,
WeldingTest_03_NG,473,2022-08-03 10:24:33.755,13,6,250,241.2,83,1670,1693,1703.383,1714.0,10.383,1.2596,3.6564,0.3445,정상,0,0,0,
WeldingTest_03_NG,474,2022-08-03 10:24:39.443,13,7,250,241.1,82,1153,1669,1676.818,1690.0,7.818,0.9519,3.6564,0.2603,정상,0,0,0,
WeldingTest_03_NG,475,2022-08-03 10:24:42.807,13,8,250,241.2,83,1670,1693,1704.646,1714.0,11.646,1.3904,3.6564,0.3803,정상,0,0,0,
WeldingTest_03_NG,476,2022-08-03 10:24:45.653,13,9,250,241.1,82,1154,1673,1678.006,1694.0,5.006,0.5839,3.6564,0.1597,정상,0,0,0,
WeldingTest_03_NG,477,2022-08-03 10:24:48.855,13,10,250,241.2,83,1670,1695,1704.904,1717.0,9.904,1.1855,3.6564,0.3242,정상,0,0,0,
WeldingTest_03_NG,478,2022-08-03 10:24:51.611,13,11,250,241.1,82,1154,1675,1677.458,1695.0,2.458,0.2775,3.6564,0.0759,정상,0,0,0,
WeldingTest_03_NG,479,2022-08-03 10:24:54.873,13,12,250,241.2,83,1670,1698,1704.842,1718.0,6.842,0.8234,3.6564,0.2252,정상,0,0,0,
WeldingTest_03_NG,480,2022-08-03 10:24:59.321,13,13,30,19.4,38,650,682,689.461,690.0,7.461,2.0845,3.6564,0.5701,정상,0,0,0,
WeldingTest_03_NG,481,2022-08-03 10:25:01.059,13,14,30,19.4,35,650,630,677.998,688.0,47.998,13.8668,3.6564,3.7925,이상,1,1,1,"출력 저하 - 광학계/렌즈 오염, 레이저 소스 점검 + 출력 설정값(레시피) 확인"
WeldingTest_03_NG,482,2022-08-03 10:25:03.963,13,15,30,19.4,38,650,680,682.594,688.0,2.594,0.6443,3.6564,0.1762,정상,0,0,0,
WeldingTest_03_NG,483,2022-08-03 10:25:07.277,13,16,30,19.4,38,650,680,679.478,688.0,0.522,0.1241,3.6564,0.0339,정상,0,0,0,
WeldingTest_03_NG,484,2022-08-03 10:25:08.953,13,17,30,19.4,38,650,680,684.655,688.0,4.655,1.3188,3.6564,0.3607,정상,0,0,0,
WeldingTest_03_NG,485,2022-08-03 10:25:10.615,13,18,30,19.4,38,650,680,682.776,688.0,2.776,0.779,3.6564,0.213,정상,0,0,0,
WeldingTest_03_NG,486,2022-08-03 10:25:31.815,13,19,250,241.1,83,1670,1688,1697.811,1708.0,9.811,1.0291,3.6564,0.2814,정상,0,0,0,
WeldingTest_03_NG,487,2022-08-03 10:25:34.507,13,20,250,241.2,82,1154,1671,1676.055,1692.0,5.055,0.5777,3.6564,0.158,정상,0,0,0,
WeldingTest_03_NG,488,2022-08-03 10:25:37.981,13,21,250,241.1,83,1670,1694,1710.076,1714.0,16.076,1.9411,3.6564,0.5309,정상,0,0,0,
WeldingTest_03_NG,489,2022-08-03 10:25:40.653,13,22,250,241.2,82,1154,1674,1673.016,1694.0,0.984,0.0989,3.6564,0.0271,정상,0,0,0,
WeldingTest_03_NG,490,2022-08-03 10:25:44.095,13,23,250,241.1,83,1670,1697,1706.634,1717.0,9.634,1.1541,3.6564,0.3156,정상,0,0,0,
WeldingTest_03_NG,491,2022-08-03 10:25:46.747,13,24,250,241.2,82,1154,1675,1672.649,1695.0,2.351,0.227,3.6564,0.0621,정상,0,0,0,
WeldingTest_03_NG,492,2022-08-03 10:25:53.365,13,25,250,241.1,83,1670,1695,1707.203,1714.0,12.203,1.47,3.6564,0.402,정상,0,0,0,
WeldingTest_03_NG,493,2022-08-03 10:25:56.235,13,26,250,241.2,82,1154,1675,1679.052,1695.0,4.052,0.4722,3.6564,0.1292,정상,0,0,0,
WeldingTest_03_NG,494,2022-08-03 10:25:59.689,13,27,250,241.1,83,1670,1698,1706.991,1718.0,8.991,1.0796,3.6564,0.2953,정상,0,0,0,
WeldingTest_03_NG,495,2022-08-03 10:26:02.499,13,28,250,241.2,82,1154,1677,1677.999,1697.0,0.999,0.0721,3.6564,0.0197,정상,0,0,0,
WeldingTest_03_NG,496,2022-08-03 10:26:06.005,13,29,250,241.1,83,1670,1699,1707.151,1719.0,8.151,0.9376,3.6564,0.2564,정상,0,0,0,
WeldingTest_03_NG,497,2022-08-03 10:26:08.627,13,30,250,241.2,82,1154,1679,1672.765,1698.0,6.235,0.7628,3.6564,0.2086,정상,0,0,0,
WeldingTest_03_NG,498,2022-08-03 10:26:12.983,13,31,30,19.4,38,650,682,692.501,690.0,10.501,3.0583,3.6564,0.8364,관찰,0,0,0,
WeldingTest_03_NG,499,2022-08-03 10:26:14.443,13,32,30,19.4,38,650,682,675.002,688.0,6.998,1.8473,3.6564,0.5052,정상,0,0,0,
WeldingTest_03_NG,500,2022-08-03 10:26:17.507,13,33,30,19.4,38,650,682,682.887,690.0,0.887,0.0426,3.6564,0.0117,정상,0,0,0,
WeldingTest_03_NG,501,2022-08-03 10:26:19.241,13,34,30,19.4,38,650,682,683.491,690.0,1.491,0.2789,3.6564,0.0763,정상,0,0,0,
WeldingTest_03_NG,502,2022-08-03 10:26:22.737,13,35,30,19.4,38,650,682,681.932,690.0,0.068,0.0423,3.6564,0.0116,정상,0,0,0,
WeldingTest_03_NG,503,2022-08-03 10:26:24.445,13,36,30,19.4,38,650,682,683.732,690.0,1.732,0.439,3.6564,0.1201,정상,0,0,0,
WeldingTest_03_NG,504,2022-08-03 10:26:26.157,13,37,30,19.4,38,650,682,685.419,688.0,3.419,0.9588,3.6564,0.2622,정상,0,0,0,
WeldingTest_03_NG,505,2022-08-03 10:26:29.137,13,38,30,19.4,38,650,682,685.553,690.0,3.553,0.9246,3.6564,0.2529,정상,0,0,0,
WeldingTest_03_NG,506,2022-08-03 10:26:30.657,13,39,30,19.4,38,650,682,682.97,688.0,0.97,0.1937,3.6564,0.053,정상,0,0,0,
WeldingTest_03_NG,507,2022-08-03 10:52:28.469,14,1,250,241.1,82,1154,1660,1682.847,1682.0,22.847,2.2282,3.6564,0.6094,정상,0,0,0,
WeldingTest_03_NG,508,2022-08-03 10:52:31.727,14,2,250,241.2,83,1670,1685,1702.203,1707.0,17.203,2.1168,3.6564,0.5789,정상,0,0,0,
WeldingTest_03_NG,509,2022-08-03 10:52:34.447,14,3,250,241.1,82,1153,1666,1679.081,1689.0,13.081,1.6157,3.6564,0.4419,정상,0,0,0,
WeldingTest_03_NG,510,2022-08-03 10:52:37.685,14,4,250,241.2,83,1670,1690,1703.032,1712.0,13.032,1.5637,3.6564,0.4277,정상,0,0,0,
WeldingTest_03_NG,511,2022-08-03 10:52:40.531,14,5,250,241.1,82,1154,1669,1679.55,1692.0,10.55,1.281,3.6564,0.3503,정상,0,0,0,
WeldingTest_03_NG,512,2022-08-03 10:52:43.761,14,6,250,241.2,83,1670,1693,1703.383,1714.0,10.383,1.2596,3.6564,0.3445,정상,0,0,0,
WeldingTest_03_NG,513,2022-08-03 10:52:49.575,14,7,250,241.1,82,1153,1669,1676.854,1690.0,7.854,0.9564,3.6564,0.2616,정상,0,0,0,
WeldingTest_03_NG,514,2022-08-03 10:52:52.979,14,8,250,241.2,83,1670,1693,1704.646,1714.0,11.646,1.3904,3.6564,0.3803,정상,0,0,0,
WeldingTest_03_NG,515,2022-08-03 10:52:55.801,14,9,250,241.1,82,1154,1671,1677.522,1694.0,6.522,0.7776,3.6564,0.2127,정상,0,0,0,
WeldingTest_03_NG,516,2022-08-03 10:52:59.043,14,10,250,241.2,83,1670,1695,1704.876,1717.0,9.876,1.1821,3.6564,0.3233,정상,0,0,0,
WeldingTest_03_NG,517,2022-08-03 10:53:01.835,14,11,250,241.1,82,1154,1674,1677.071,1695.0,3.071,0.356,3.6564,0.0974,정상,0,0,0,
WeldingTest_03_NG,518,2022-08-03 10:53:05.055,14,12,250,241.2,83,1670,1697,1704.868,1718.0,7.868,0.9504,3.6564,0.2599,정상,0,0,0,
WeldingTest_03_NG,519,2022-08-03 10:53:09.553,14,13,30,19.4,38,650,680,688.743,690.0,8.743,2.4666,3.6564,0.6746,정상,0,0,0,
WeldingTest_03_NG,520,2022-08-03 10:53:11.253,14,14,30,19.4,35,650,630,677.797,688.0,47.797,13.8083,3.6564,3.7765,이상,1,1,1,"출력 저하 - 광학계/렌즈 오염, 레이저 소스 점검 + 출력 설정값(레시피) 확인"
WeldingTest_03_NG,521,2022-08-03 10:53:14.183,14,15,30,19.4,38,650,680,681.044,688.0,1.044,0.1953,3.6564,0.0534,정상,0,0,0,
WeldingTest_03_NG,522,2022-08-03 10:53:17.603,14,16,30,19.4,38,650,680,679.478,688.0,0.522,0.1241,3.6564,0.0339,정상,0,0,0,
WeldingTest_03_NG,523,2022-08-03 10:53:19.349,14,17,30,19.4,38,650,680,685.036,688.0,5.036,1.4286,3.6564,0.3907,정상,0,0,0,
WeldingTest_03_NG,524,2022-08-03 10:53:21.021,14,18,30,19.4,38,650,680,682.017,688.0,2.017,0.5601,3.6564,0.1532,정상,0,0,0,
WeldingTest_03_NG,525,2022-08-03 10:53:41.551,14,19,250,241.1,83,1670,1688,1699.008,1708.0,11.008,1.1667,3.6564,0.3191,정상,0,0,0,
WeldingTest_03_NG,526,2022-08-03 10:53:44.203,14,20,250,241.2,82,1154,1670,1676.104,1692.0,6.104,0.7116,3.6564,0.1946,정상,0,0,0,
WeldingTest_03_NG,527,2022-08-03 10:53:47.675,14,21,250,241.1,83,1670,1694,1710.076,1714.0,16.076,1.9411,3.6564,0.5309,정상,0,0,0,
WeldingTest_03_NG,528,2022-08-03 10:53:50.337,14,22,250,241.2,82,1154,1674,1673.034,1694.0,0.966,0.0966,3.6564,0.0264,정상,0,0,0,
WeldingTest_03_NG,529,2022-08-03 10:53:53.787,14,23,250,241.1,83,1670,1697,1706.617,1717.0,9.617,1.1519,3.6564,0.315,정상,0,0,0,
WeldingTest_03_NG,530,2022-08-03 10:53:56.441,14,24,250,241.2,82,1154,1675,1672.649,1695.0,2.351,0.227,3.6564,0.0621,정상,0,0,0,
WeldingTest_03_NG,531,2022-08-03 10:54:02.963,14,25,250,241.1,83,1670,1694,1706.493,1714.0,12.493,1.5059,3.6564,0.4119,정상,0,0,0,
WeldingTest_03_NG,532,2022-08-03 10:54:05.603,14,26,250,241.2,82,1154,1675,1673.187,1695.0,1.813,0.1847,3.6564,0.0505,정상,0,0,0,
WeldingTest_03_NG,533,2022-08-03 10:54:09.103,14,27,250,241.1,83,1670,1698,1707.184,1718.0,9.184,1.1036,3.6564,0.3018,정상,0,0,0,
WeldingTest_03_NG,534,2022-08-03 10:54:11.729,14,28,250,241.2,82,1154,1677,1672.834,1697.0,4.166,0.479,3.6564,0.131,정상,0,0,0,
WeldingTest_03_NG,535,2022-08-03 10:54:15.211,14,29,250,241.1,83,1670,1699,1707.152,1719.0,8.152,0.9378,3.6564,0.2565,정상,0,0,0,
WeldingTest_03_NG,536,2022-08-03 10:54:17.843,14,30,250,241.2,82,1154,1678,1672.765,1698.0,5.235,0.6344,3.6564,0.1735,정상,0,0,0,
WeldingTest_03_NG,537,2022-08-03 10:54:22.101,14,31,30,19.4,38,650,682,692.454,690.0,10.454,3.0443,3.6564,0.8326,관찰,0,0,0,
WeldingTest_03_NG,538,2022-08-03 10:54:23.613,14,32,30,19.4,38,650,682,674.916,688.0,7.084,1.8726,3.6564,0.5121,정상,0,0,0,
WeldingTest_03_NG,539,2022-08-03 10:54:26.709,14,33,30,19.4,38,650,682,684.835,690.0,2.835,0.6061,3.6564,0.1658,정상,0,0,0,
WeldingTest_03_NG,540,2022-08-03 10:54:28.471,14,34,30,19.4,38,650,682,679.64,690.0,2.36,0.5312,3.6564,0.1453,정상,0,0,0,
WeldingTest_03_NG,541,2022-08-03 10:54:31.963,14,35,30,19.4,38,650,682,681.932,690.0,0.068,0.0423,3.6564,0.0116,정상,0,0,0,
WeldingTest_03_NG,542,2022-08-03 10:54:33.757,14,36,30,19.4,38,650,682,681.153,690.0,0.847,0.1823,3.6564,0.0499,정상,0,0,0,
WeldingTest_03_NG,543,2022-08-03 10:54:35.475,14,37,30,19.4,38,650,680,685.472,688.0,5.472,1.5511,3.6564,0.4242,정상,0,0,0,
WeldingTest_03_NG,544,2022-08-03 10:54:38.507,14,38,30,19.4,38,650,682,684.818,690.0,2.818,0.712,3.6564,0.1947,정상,0,0,0,
WeldingTest_03_NG,545,2022-08-03 10:54:40.011,14,39,30,19.4,38,650,680,683.213,688.0,3.213,0.8421,3.6564,0.2303,정상,0,0,0,
WeldingTest_03_NG,546,2022-08-03 10:56:50.183,15,1,250,241.1,82,1154,1661,1682.847,1682.0,21.847,2.1109,3.6564,0.5773,정상,0,0,0,
WeldingTest_03_NG,547,2022-08-03 10:56:53.447,15,2,250,241.2,83,1670,1687,1702.201,1707.0,15.201,1.8676,3.6564,0.5108,정상,0,0,0,
WeldingTest_03_NG,548,2022-08-03 10:56:56.235,15,3,250,241.1,82,1153,1669,1682.413,1689.0,13.413,1.6581,3.6564,0.4535,정상,0,0,0,
WeldingTest_03_NG,549,2022-08-03 10:56:59.487,15,4,250,241.2,83,1670,1692,1703.032,1712.0,11.032,1.3151,3.6564,0.3597,정상,0,0,0,
WeldingTest_03_NG,550,2022-08-03 10:57:02.317,15,5,250,241.1,82,1154,1671,1679.037,1692.0,8.037,0.9589,3.6564,0.2623,정상,0,0,0,
WeldingTest_03_NG,551,2022-08-03 10:57:05.549,15,6,250,241.2,83,1670,1694,1703.383,1714.0,9.383,1.1353,3.6564,0.3105,정상,0,0,0,
WeldingTest_03_NG,552,2022-08-03 10:57:11.375,15,7,250,241.1,82,1153,1670,1676.898,1690.0,6.898,0.8344,3.6564,0.2282,정상,0,0,0,
WeldingTest_03_NG,553,2022-08-03 10:57:14.671,15,8,250,241.2,83,1670,1694,1704.72,1714.0,10.72,1.2758,3.6564,0.3489,정상,0,0,0,
WeldingTest_03_NG,554,2022-08-03 10:57:17.411,15,9,250,241.1,82,1154,1674,1673.723,1694.0,0.277,0.02,3.6564,0.0055,정상,0,0,0,
WeldingTest_03_NG,555,2022-08-03 10:57:20.675,15,10,250,241.2,83,1670,1697,1704.872,1717.0,7.872,0.9342,3.6564,0.2555,정상,0,0,0,
WeldingTest_03_NG,556,2022-08-03 10:57:23.519,15,11,250,241.1,82,1154,1675,1677.828,1695.0,2.828,0.3249,3.6564,0.0889,정상,0,0,0,
WeldingTest_03_NG,557,2022-08-03 10:57:26.769,15,12,250,241.2,83,1670,1698,1704.847,1718.0,6.847,0.824,3.6564,0.2253,정상,0,0,0,
WeldingTest_03_NG,558,2022-08-03 10:57:31.321,15,13,30,19.4,38,650,682,689.492,690.0,7.492,2.0938,3.6564,0.5726,정상,0,0,0,
WeldingTest_03_NG,559,2022-08-03 10:57:33.035,15,14,30,19.4,35,650,630,677.884,688.0,47.884,13.8336,3.6564,3.7834,이상,1,1,1,"출력 저하 - 광학계/렌즈 오염, 레이저 소스 점검 + 출력 설정값(레시피) 확인"
WeldingTest_03_NG,560,2022-08-03 10:57:35.964,15,15,30,19.4,38,650,682,681.044,688.0,0.956,0.1697,3.6564,0.0464,정상,0,0,0,
WeldingTest_03_NG,561,2022-08-03 10:57:39.372,15,16,30,19.4,38,650,682,679.478,688.0,2.522,0.7055,3.6564,0.193,정상,0,0,0,
WeldingTest_03_NG,562,2022-08-03 10:57:41.114,15,17,30,19.4,38,650,682,685.036,688.0,3.036,0.8521,3.6564,0.233,정상,0,0,0,
WeldingTest_03_NG,563,2022-08-03 10:57:42.814,15,18,30,19.4,38,650,680,684.495,688.0,4.495,1.2751,3.6564,0.3487,정상,0,0,0,
WeldingTest_03_NG,564,2022-08-03 10:58:03.900,15,19,250,241.1,83,1670,1689,1697.811,1708.0,8.811,0.914,3.6564,0.25,정상,0,0,0,
WeldingTest_03_NG,565,2022-08-03 10:58:06.552,15,20,250,241.2,82,1154,1671,1676.134,1692.0,5.134,0.5878,3.6564,0.1607,정상,0,0,0,
WeldingTest_03_NG,566,2022-08-03 10:58:10.064,15,21,250,241.1,83,1670,1694,1710.078,1714.0,16.078,1.9413,3.6564,0.5309,정상,0,0,0,
WeldingTest_03_NG,567,2022-08-03 10:58:12.752,15,22,250,241.2,82,1154,1674,1672.985,1694.0,1.015,0.1029,3.6564,0.0281,정상,0,0,0,
WeldingTest_03_NG,568,2022-08-03 10:58:16.266,15,23,250,241.1,83,1670,1697,1706.848,1717.0,9.848,1.1806,3.6564,0.3229,정상,0,0,0,
WeldingTest_03_NG,569,2022-08-03 10:58:19.050,15,24,250,241.2,82,1154,1675,1677.578,1695.0,2.578,0.2561,3.6564,0.07,정상,0,0,0,
WeldingTest_03_NG,570,2022-08-03 10:58:25.722,15,25,250,241.1,83,1670,1695,1707.203,1714.0,12.203,1.47,3.6564,0.402,정상,0,0,0,
WeldingTest_03_NG,571,2022-08-03 10:58:28.322,15,26,250,241.2,82,1154,1675,1673.322,1695.0,1.678,0.1673,3.6564,0.0458,정상,0,0,0,
WeldingTest_03_NG,572,2022-08-03 10:58:31.764,15,27,250,241.1,83,1670,1698,1706.998,1718.0,8.998,1.0805,3.6564,0.2955,정상,0,0,0,
WeldingTest_03_NG,573,2022-08-03 10:58:34.426,15,28,250,241.2,82,1154,1678,1672.944,1697.0,5.056,0.5932,3.6564,0.1622,정상,0,0,0,
WeldingTest_03_NG,574,2022-08-03 10:58:37.944,15,29,250,241.1,83,1670,1699,1707.882,1719.0,8.882,1.0284,3.6564,0.2813,정상,0,0,0,
WeldingTest_03_NG,575,2022-08-03 10:58:40.496,15,30,250,241.2,82,1154,1679,1672.875,1698.0,6.125,0.7488,3.6564,0.2048,정상,0,0,0,
WeldingTest_03_NG,576,2022-08-03 10:58:44.806,15,31,30,19.4,38,650,682,692.454,690.0,10.454,3.0443,3.6564,0.8326,관찰,0,0,0,
WeldingTest_03_NG,577,2022-08-03 10:58:46.408,15,32,30,19.4,38,650,682,675.041,688.0,6.959,1.836,3.6564,0.5021,정상,0,0,0,
WeldingTest_03_NG,578,2022-08-03 10:58:49.494,15,33,30,19.4,38,650,682,684.814,690.0,2.814,0.6,3.6564,0.1641,정상,0,0,0,
WeldingTest_03_NG,579,2022-08-03 10:58:51.254,15,34,30,19.4,38,650,682,680.787,690.0,1.213,0.1983,3.6564,0.0542,정상,0,0,0,
WeldingTest_03_NG,580,2022-08-03 10:58:54.798,15,35,30,19.4,38,650,682,681.94,690.0,0.06,0.0448,3.6564,0.0123,정상,0,0,0,
WeldingTest_03_NG,581,2022-08-03 10:58:56.526,15,36,30,19.4,38,650,682,684.439,690.0,2.439,0.6441,3.6564,0.1762,정상,0,0,0,
WeldingTest_03_NG,582,2022-08-03 10:58:58.214,15,37,30,19.4,38,650,682,683.977,688.0,1.977,0.5425,3.6564,0.1484,정상,0,0,0,
WeldingTest_03_NG,583,2022-08-03 10:59:01.246,15,38,30,19.4,38,650,682,684.818,690.0,2.818,0.712,3.6564,0.1947,정상,0,0,0,
WeldingTest_03_NG,584,2022-08-03 10:59:02.694,15,39,30,19.4,38,650,682,683.255,688.0,1.255,0.276,3.6564,0.0755,정상,0,0,0,
WeldingTest_03_NG,585,2022-08-03 10:59:49.232,16,1,250,241.1,82,1154,1665,1684.187,1682.0,19.187,1.7991,3.6564,0.492,정상,0,0,0,
WeldingTest_03_NG,586,2022-08-03 10:59:52.474,16,2,250,241.2,83,1670,1690,1702.203,1707.0,12.203,1.4945,3.6564,0.4087,정상,0,0,0,
WeldingTest_03_NG,587,2022-08-03 10:59:55.302,16,3,250,241.1,82,1153,1671,1682.73,1689.0,11.73,1.4431,3.6564,0.3947,정상,0,0,0,
WeldingTest_03_NG,588,2022-08-03 10:59:58.688,16,4,250,241.2,83,1670,1695,1702.753,1712.0,7.753,0.9075,3.6564,0.2482,정상,0,0,0,
WeldingTest_03_NG,589,2022-08-03 11:00:01.538,16,5,250,241.1,82,1154,1674,1679.47,1692.0,5.47,0.6301,3.6564,0.1723,정상,0,0,0,
WeldingTest_03_NG,590,2022-08-03 11:00:04.766,16,6,250,241.2,83,1670,1697,1703.383,1714.0,6.383,0.7626,3.6564,0.2086,정상,0,0,0,
WeldingTest_03_NG,591,2022-08-03 11:00:10.576,16,7,250,241.1,82,1153,1673,1676.898,1690.0,3.898,0.4513,3.6564,0.1234,정상,0,0,0,
WeldingTest_03_NG,592,2022-08-03 11:00:13.862,16,8,250,241.2,83,1670,1697,1704.722,1714.0,7.722,0.9047,3.6564,0.2474,정상,0,0,0,
WeldingTest_03_NG,593,2022-08-03 11:00:16.618,16,9,250,241.1,82,1154,1677,1677.841,1694.0,0.841,0.0521,3.6564,0.0142,정상,0,0,0,
WeldingTest_03_NG,594,2022-08-03 11:00:19.930,16,10,250,241.2,83,1670,1699,1704.626,1717.0,5.626,0.6564,3.6564,0.1795,정상,0,0,0,
WeldingTest_03_NG,595,2022-08-03 11:00:22.708,16,11,250,241.1,82,1154,1678,1677.133,1695.0,0.867,0.0736,3.6564,0.0201,정상,0,0,0,
WeldingTest_03_NG,596,2022-08-03 11:00:25.964,16,12,250,241.2,83,1670,1700,1705.711,1718.0,5.711,0.6833,3.6564,0.1869,정상,0,0,0,
WeldingTest_03_NG,597,2022-08-03 11:00:30.424,16,13,30,19.4,38,650,682,689.702,690.0,7.702,2.1564,3.6564,0.5898,정상,0,0,0,
WeldingTest_03_NG,598,2022-08-03 11:00:32.164,16,14,30,19.4,35,650,632,677.998,688.0,45.998,13.2838,3.6564,3.633,이상,1,1,1,"출력 저하 - 광학계/렌즈 오염, 레이저 소스 점검 + 출력 설정값(레시피) 확인"
WeldingTest_03_NG,599,2022-08-03 11:00:35.148,16,15,30,19.4,38,650,682,685.352,688.0,3.352,0.864,3.6564,0.2363,정상,0,0,0,
WeldingTest_03_NG,600,2022-08-03 11:00:38.472,16,16,30,19.4,38,650,682,679.478,688.0,2.522,0.7055,3.6564,0.193,정상,0,0,0,
WeldingTest_03_NG,601,2022-08-03 11:00:40.232,16,17,30,19.4,38,650,682,683.353,688.0,1.353,0.3669,3.6564,0.1003,정상,0,0,0,
WeldingTest_03_NG,602,2022-08-03 11:00:41.920,16,18,30,19.4,38,650,682,683.207,688.0,1.207,0.3263,3.6564,0.0892,정상,0,0,0,
WeldingTest_03_NG,603,2022-08-03 11:01:02.620,16,19,250,241.1,83,1670,1690,1697.964,1708.0,7.964,0.8165,3.6564,0.2233,정상,0,0,0,
WeldingTest_03_NG,604,2022-08-03 11:01:05.260,16,20,250,241.2,82,1154,1673,1676.355,1692.0,3.355,0.3607,3.6564,0.0986,정상,0,0,0,
WeldingTest_03_NG,605,2022-08-03 11:01:08.764,16,21,250,241.1,83,1670,1697,1710.078,1714.0,13.078,1.5716,3.6564,0.4298,정상,0,0,0,
WeldingTest_03_NG,606,2022-08-03 11:01:11.442,16,22,250,241.2,82,1154,1675,1672.986,1694.0,2.014,0.2307,3.6564,0.0631,정상,0,0,0,
WeldingTest_03_NG,607,2022-08-03 11:01:14.830,16,23,250,241.1,83,1670,1698,1706.625,1717.0,8.625,1.0288,3.6564,0.2814,정상,0,0,0,
WeldingTest_03_NG,608,2022-08-03 11:01:17.446,16,24,250,241.2,82,1154,1678,1672.551,1695.0,5.449,0.6249,3.6564,0.1709,정상,0,0,0,
WeldingTest_03_NG,609,2022-08-03 11:01:23.904,16,25,250,241.1,83,1670,1697,1707.224,1714.0,10.224,1.2244,3.6564,0.3349,정상,0,0,0,
WeldingTest_03_NG,610,2022-08-03 11:01:26.546,16,26,250,241.2,82,1154,1677,1673.455,1695.0,3.545,0.4072,3.6564,0.1114,정상,0,0,0,
WeldingTest_03_NG,611,2022-08-03 11:01:29.970,16,27,250,241.1,83,1670,1700,1706.998,1718.0,6.998,0.8322,3.6564,0.2276,정상,0,0,0,
WeldingTest_03_NG,612,2022-08-03 11:01:32.746,16,28,250,241.2,82,1154,1679,1677.681,1697.0,1.319,0.1132,3.6564,0.031,정상,0,0,0,
WeldingTest_03_NG,613,2022-08-03 11:01:36.268,16,29,250,241.1,83,1670,1700,1708.503,1719.0,8.503,0.9813,3.6564,0.2684,정상,0,0,0,
WeldingTest_03_NG,614,2022-08-03 11:01:39.030,16,30,250,241.2,82,1154,1679,1677.658,1698.0,1.342,0.1343,3.6564,0.0367,정상,0,0,0,
WeldingTest_03_NG,615,2022-08-03 11:01:43.388,16,31,30,19.4,38,650,682,692.501,690.0,10.501,3.0583,3.6564,0.8364,관찰,0,0,0,
WeldingTest_03_NG,616,2022-08-03 11:01:44.912,16,32,30,19.4,38,650,682,674.916,688.0,7.084,1.8726,3.6564,0.5121,정상,0,0,0,
WeldingTest_03_NG,617,2022-08-03 11:01:47.966,16,33,30,19.4,38,650,682,682.944,690.0,0.944,0.059,3.6564,0.0161,정상,0,0,0,
WeldingTest_03_NG,618,2022-08-03 11:01:49.744,16,34,30,19.4,38,650,682,679.99,690.0,2.01,0.4298,3.6564,0.1176,정상,0,0,0,
WeldingTest_03_NG,619,2022-08-03 11:01:53.232,16,35,30,19.4,38,650,682,681.932,690.0,0.068,0.0423,3.6564,0.0116,정상,0,0,0,
WeldingTest_03_NG,620,2022-08-03 11:01:54.910,16,36,30,19.4,38,650,682,680.92,690.0,1.08,0.2497,3.6564,0.0683,정상,0,0,0,
WeldingTest_03_NG,621,2022-08-03 11:01:56.644,16,37,30,19.4,38,650,682,685.362,688.0,3.362,0.9422,3.6564,0.2577,정상,0,0,0,
WeldingTest_03_NG,622,2022-08-03 11:01:59.626,16,38,30,19.4,38,650,682,685.553,690.0,3.553,0.9246,3.6564,0.2529,정상,0,0,0,
WeldingTest_03_NG,623,2022-08-03 11:02:01.110,16,39,30,19.4,38,650,682,683.255,688.0,1.255,0.276,3.6564,0.0755,정상,0,0,0,
WeldingTest_03_NG,624,2022-08-03 11:02:58.376,17,1,250,241.1,82,1154,1663,1683.977,1682.0,20.977,2.0089,3.6564,0.5494,정상,0,0,0,
WeldingTest_03_NG,625,2022-08-03 11:03:01.666,17,2,250,241.2,83,1670,1690,1701.969,1707.0,11.969,1.4653,3.6564,0.4008,정상,0,0,0,
WeldingTest_03_NG,626,2022-08-03 11:03:04.422,17,3,250,241.1,82,1153,1671,1683.135,1689.0,12.135,1.4948,3.6564,0.4088,정상,0,0,0,
WeldingTest_03_NG,627,2022-08-03 11:03:07.678,17,4,250,241.2,83,1670,1695,1703.032,1712.0,8.032,0.9422,3.6564,0.2577,정상,0,0,0,
WeldingTest_03_NG,628,2022-08-03 11:03:10.522,17,5,250,241.1,82,1154,1674,1679.51,1692.0,5.51,0.6353,3.6564,0.1737,정상,0,0,0,
WeldingTest_03_NG,629,2022-08-03 11:03:13.800,17,6,250,241.2,83,1670,1697,1703.129,1714.0,6.129,0.731,3.6564,0.1999,정상,0,0,0,
WeldingTest_03_NG,630,2022-08-03 11:03:19.690,17,7,250,241.1,82,1153,1671,1676.933,1690.0,5.933,0.7112,3.6564,0.1945,정상,0,0,0,
WeldingTest_03_NG,631,2022-08-03 11:03:22.966,17,8,250,241.2,83,1670,1697,1704.722,1714.0,7.722,0.9047,3.6564,0.2474,정상,0,0,0,
WeldingTest_03_NG,632,2022-08-03 11:03:25.800,17,9,250,241.1,82,1154,1675,1678.05,1694.0,3.05,0.3341,3.6564,0.0914,정상,0,0,0,
WeldingTest_03_NG,633,2022-08-03 11:03:29.050,17,10,250,241.2,83,1670,1699,1704.876,1717.0,5.876,0.6874,3.6564,0.188,정상,0,0,0,
WeldingTest_03_NG,634,2022-08-03 11:03:31.916,17,11,250,241.1,82,1154,1678,1677.787,1695.0,0.213,0.0103,3.6564,0.0028,정상,0,0,0,
WeldingTest_03_NG,635,2022-08-03 11:03:35.140,17,12,250,241.2,83,1670,1700,1705.72,1718.0,5.72,0.6844,3.6564,0.1872,정상,0,0,0,
WeldingTest_03_NG,636,2022-08-03 11:03:39.626,17,13,30,19.4,38,650,682,689.702,690.0,7.702,2.1564,3.6564,0.5898,정상,0,0,0,
WeldingTest_03_NG,637,2022-08-03 11:03:41.320,17,14,30,19.4,35,650,632,677.808,688.0,45.808,13.2284,3.6564,3.6179,이상,1,1,1,"출력 저하 - 광학계/렌즈 오염, 레이저 소스 점검 + 출력 설정값(레시피) 확인"
WeldingTest_03_NG,638,2022-08-03 11:03:44.246,17,15,30,19.4,38,650,682,681.044,688.0,0.956,0.1697,3.6564,0.0464,정상,0,0,0,
WeldingTest_03_NG,639,2022-08-03 11:03:47.562,17,16,30,19.4,38,650,682,679.478,688.0,2.522,0.7055,3.6564,0.193,정상,0,0,0,
WeldingTest_03_NG,640,2022-08-03 11:03:49.340,17,17,30,19.4,38,650,682,682.453,688.0,0.453,0.1076,3.6564,0.0294,정상,0,0,0,
WeldingTest_03_NG,641,2022-08-03 11:03:51.010,17,18,30,19.4,38,650,682,682.017,688.0,0.017,0.0172,3.6564,0.0047,정상,0,0,0,
WeldingTest_03_NG,642,2022-08-03 11:04:11.756,17,19,250,241.1,83,1670,1690,1697.964,1708.0,7.964,0.8165,3.6564,0.2233,정상,0,0,0,
WeldingTest_03_NG,643,2022-08-03 11:04:14.348,17,20,250,241.2,82,1154,1673,1676.385,1692.0,3.385,0.3644,3.6564,0.0997,정상,0,0,0,
WeldingTest_03_NG,644,2022-08-03 11:04:17.776,17,21,250,241.1,83,1670,1697,1709.868,1714.0,12.868,1.5457,3.6564,0.4227,정상,0,0,0,
WeldingTest_03_NG,645,2022-08-03 11:04:20.430,17,22,250,241.2,82,1154,1677,1673.035,1694.0,3.965,0.4803,3.6564,0.1314,정상,0,0,0,
WeldingTest_03_NG,646,2022-08-03 11:04:23.866,17,23,250,241.1,83,1670,1698,1706.634,1717.0,8.634,1.03,3.6564,0.2817,정상,0,0,0,
WeldingTest_03_NG,647,2022-08-03 11:04:26.508,17,24,250,241.2,82,1154,1678,1672.691,1695.0,5.309,0.6069,3.6564,0.166,정상,0,0,0,
WeldingTest_03_NG,648,2022-08-03 11:04:32.930,17,25,250,241.1,83,1670,1697,1707.224,1714.0,10.224,1.2244,3.6564,0.3349,정상,0,0,0,
WeldingTest_03_NG,649,2022-08-03 11:04:35.654,17,26,250,241.2,82,1154,1677,1673.322,1695.0,3.678,0.4242,3.6564,0.116,정상,0,0,0,
WeldingTest_03_NG,650,2022-08-03 11:04:39.059,17,27,250,241.1,83,1670,1699,1706.988,1718.0,7.988,0.9552,3.6564,0.2612,정상,0,0,0,
WeldingTest_03_NG,651,2022-08-03 11:04:41.741,17,28,250,241.2,82,1154,1679,1672.879,1697.0,6.121,0.73,3.6564,0.1997,정상,0,0,0,
WeldingTest_03_NG,652,2022-08-03 11:04:45.221,17,29,250,241.1,83,1670,1702,1708.504,1719.0,6.504,0.7332,3.6564,0.2005,정상,0,0,0,
WeldingTest_03_NG,653,2022-08-03 11:04:47.803,17,30,250,241.2,82,1154,1679,1674.399,1698.0,4.601,0.553,3.6564,0.1512,정상,0,0,0,
WeldingTest_03_NG,654,2022-08-03 11:04:52.057,17,31,30,19.4,38,650,682,692.454,690.0,10.454,3.0443,3.6564,0.8326,관찰,0,0,0,
WeldingTest_03_NG,655,2022-08-03 11:04:53.601,17,32,30,19.4,38,650,682,675.0,688.0,7.0,1.8479,3.6564,0.5054,정상,0,0,0,
WeldingTest_03_NG,656,2022-08-03 11:04:56.675,17,33,30,19.4,38,650,682,682.478,690.0,0.478,0.0757,3.6564,0.0207,정상,0,0,0,
WeldingTest_03_NG,657,2022-08-03 11:04:58.469,17,34,30,19.4,38,650,682,680.027,690.0,1.973,0.419,3.6564,0.1146,정상,0,0,0,
WeldingTest_03_NG,658,2022-08-03 11:05:02.013,17,35,30,19.4,38,650,682,681.94,690.0,0.06,0.0448,3.6564,0.0123,정상,0,0,0,
WeldingTest_03_NG,659,2022-08-03 11:05:03.709,17,36,30,19.4,38,650,682,683.598,690.0,1.598,0.4002,3.6564,0.1095,정상,0,0,0,
WeldingTest_03_NG,660,2022-08-03 11:05:05.423,17,37,30,19.4,38,650,682,685.419,688.0,3.419,0.9588,3.6564,0.2622,정상,0,0,0,
WeldingTest_03_NG,661,2022-08-03 11:05:08.383,17,38,30,19.4,38,650,682,685.529,690.0,3.529,0.9177,3.6564,0.251,정상,0,0,0,
WeldingTest_03_NG,662,2022-08-03 11:05:09.935,17,39,30,19.4,38,650,682,683.106,688.0,1.106,0.233,3.6564,0.0637,정상,0,0,0,
WeldingTest_03_NG,663,2022-08-03 11:08:50.777,18,1,250,241.1,82,1154,1660,1682.847,1682.0,22.847,2.2282,3.6564,0.6094,정상,0,0,0,
WeldingTest_03_NG,664,2022-08-03 11:08:54.067,18,2,250,241.2,83,1670,1685,1701.969,1707.0,16.969,2.0876,3.6564,0.5709,정상,0,0,0,
WeldingTest_03_NG,665,2022-08-03 11:08:56.899,18,3,250,241.1,82,1153,1667,1682.577,1689.0,15.577,1.9345,3.6564,0.5291,정상,0,0,0,
WeldingTest_03_NG,666,2022-08-03 11:09:00.141,18,4,250,241.2,83,1670,1690,1703.032,1712.0,13.032,1.5637,3.6564,0.4277,정상,0,0,0,
WeldingTest_03_NG,667,2022-08-03 11:09:02.901,18,5,250,241.1,82,1154,1670,1679.076,1692.0,9.076,1.0921,3.6564,0.2987,정상,0,0,0,
WeldingTest_03_NG,668,2022-08-03 11:09:06.163,18,6,250,241.2,83,1670,1694,1703.362,1714.0,9.362,1.1326,3.6564,0.3098,정상,0,0,0,
WeldingTest_03_NG,669,2022-08-03 11:09:11.887,18,7,250,241.1,82,1153,1669,1676.898,1690.0,7.898,0.9621,3.6564,0.2631,정상,0,0,0,
WeldingTest_03_NG,670,2022-08-03 11:09:15.161,18,8,250,241.2,83,1670,1694,1704.722,1714.0,10.722,1.276,3.6564,0.349,정상,0,0,0,
WeldingTest_03_NG,671,2022-08-03 11:09:17.905,18,9,250,241.1,82,1154,1673,1673.723,1694.0,0.723,0.0369,3.6564,0.0101,정상,0,0,0,
WeldingTest_03_NG,672,2022-08-03 11:09:21.149,18,10,250,241.2,83,1670,1697,1704.876,1717.0,7.876,0.9347,3.6564,0.2556,정상,0,0,0,
WeldingTest_03_NG,673,2022-08-03 11:09:24.003,18,11,250,241.1,82,1154,1675,1677.787,1695.0,2.787,0.3197,3.6564,0.0874,정상,0,0,0,
WeldingTest_03_NG,674,2022-08-03 11:09:27.231,18,12,250,241.2,83,1670,1698,1704.855,1718.0,6.855,0.825,3.6564,0.2256,정상,0,0,0,
WeldingTest_03_NG,675,2022-08-03 11:09:31.851,18,13,30,19.4,38,650,682,689.523,690.0,7.523,2.1029,3.6564,0.5751,정상,0,0,0,
WeldingTest_03_NG,676,2022-08-03 11:09:33.549,18,14,30,19.4,35,650,630,677.797,688.0,47.797,13.8083,3.6564,3.7765,이상,1,1,1,"출력 저하 - 광학계/렌즈 오염, 레이저 소스 점검 + 출력 설정값(레시피) 확인"
WeldingTest_03_NG,677,2022-08-03 11:09:36.459,18,15,30,19.4,38,650,680,682.594,688.0,2.594,0.6443,3.6564,0.1762,정상,0,0,0,
WeldingTest_03_NG,678,2022-08-03 11:09:39.875,18,16,30,19.4,38,650,680,679.478,688.0,0.522,0.1241,3.6564,0.0339,정상,0,0,0,
WeldingTest_03_NG,679,2022-08-03 11:09:41.651,18,17,30,19.4,38,650,680,682.453,688.0,2.453,0.6842,3.6564,0.1871,정상,0,0,0,
WeldingTest_03_NG,680,2022-08-03 11:09:43.319,18,18,30,19.4,38,650,680,682.776,688.0,2.776,0.779,3.6564,0.213,정상,0,0,0,
WeldingTest_03_NG,681,2022-08-03 11:10:03.923,18,19,250,241.1,83,1670,1689,1697.964,1708.0,8.964,0.9316,3.6564,0.2548,정상,0,0,0,
WeldingTest_03_NG,682,2022-08-03 11:10:06.639,18,20,250,241.2,82,1154,1671,1676.079,1692.0,5.079,0.5809,3.6564,0.1589,정상,0,0,0,
WeldingTest_03_NG,683,2022-08-03 11:10:10.091,18,21,250,241.1,83,1670,1694,1710.037,1714.0,16.037,1.9363,3.6564,0.5296,정상,0,0,0,
WeldingTest_03_NG,684,2022-08-03 11:10:12.757,18,22,250,241.2,82,1154,1674,1673.034,1694.0,0.966,0.0966,3.6564,0.0264,정상,0,0,0,
WeldingTest_03_NG,685,2022-08-03 11:10:16.187,18,23,250,241.1,83,1670,1697,1706.634,1717.0,9.634,1.1541,3.6564,0.3156,정상,0,0,0,
WeldingTest_03_NG,686,2022-08-03 11:10:18.873,18,24,250,241.2,82,1154,1677,1672.625,1695.0,4.375,0.4869,3.6564,0.1332,정상,0,0,0,
WeldingTest_03_NG,687,2022-08-03 11:10:25.341,18,25,250,241.1,83,1670,1695,1706.493,1714.0,11.493,1.3819,3.6564,0.3779,정상,0,0,0,
WeldingTest_03_NG,688,2022-08-03 11:10:27.907,18,26,250,241.2,82,1154,1675,1673.351,1695.0,1.649,0.1637,3.6564,0.0448,정상,0,0,0,
WeldingTest_03_NG,689,2022-08-03 11:10:31.373,18,27,250,241.1,83,1670,1699,1707.185,1718.0,8.185,0.9796,3.6564,0.2679,정상,0,0,0,
WeldingTest_03_NG,690,2022-08-03 11:10:34.049,18,28,250,241.2,82,1154,1678,1672.885,1697.0,5.115,0.6008,3.6564,0.1643,정상,0,0,0,
WeldingTest_03_NG,691,2022-08-03 11:10:37.543,18,29,250,241.1,83,1670,1700,1707.882,1719.0,7.882,0.9042,3.6564,0.2473,정상,0,0,0,
WeldingTest_03_NG,692,2022-08-03 11:10:40.125,18,30,250,241.2,82,1154,1679,1672.886,1698.0,6.114,0.7472,3.6564,0.2044,정상,0,0,0,
WeldingTest_03_NG,693,2022-08-03 11:10:44.507,18,31,30,19.4,38,650,682,692.501,690.0,10.501,3.0583,3.6564,0.8364,관찰,0,0,0,
WeldingTest_03_NG,694,2022-08-03 11:10:45.993,18,32,30,19.4,38,650,682,675.002,688.0,6.998,1.8473,3.6564,0.5052,정상,0,0,0,
WeldingTest_03_NG,695,2022-08-03 11:10:49.101,18,33,30,19.4,38,650,682,684.835,690.0,2.835,0.6061,3.6564,0.1658,정상,0,0,0,
WeldingTest_03_NG,696,2022-08-03 11:10:50.853,18,34,30,19.4,38,650,682,680.787,690.0,1.213,0.1983,3.6564,0.0542,정상,0,0,0,
WeldingTest_03_NG,697,2022-08-03 11:10:54.405,18,35,30,19.4,38,650,682,681.421,690.0,0.579,0.1054,3.6564,0.0288,정상,0,0,0,
WeldingTest_03_NG,698,2022-08-03 11:10:56.087,18,36,30,19.4,38,650,682,681.451,690.0,0.549,0.0959,3.6564,0.0262,정상,0,0,0,
WeldingTest_03_NG,699,2022-08-03 11:10:57.821,18,37,30,19.4,38,650,682,685.362,688.0,3.362,0.9422,3.6564,0.2577,정상,0,0,0,
WeldingTest_03_NG,700,2022-08-03 11:11:00.799,18,38,30,19.4,38,650,682,685.553,690.0,3.553,0.9246,3.6564,0.2529,정상,0,0,0,
WeldingTest_03_NG,701,2022-08-03 11:11:02.333,18,39,30,19.4,38,650,682,683.021,688.0,1.021,0.2086,3.6564,0.057,정상,0,0,0,
WeldingTest_03_NG,702,2022-08-03 11:11:49.750,19,1,250,241.1,82,1154,1665,1684.076,1682.0,19.076,1.786,3.6564,0.4885,정상,0,0,0,
WeldingTest_03_NG,703,2022-08-03 11:11:52.974,19,2,250,241.2,83,1670,1690,1702.217,1707.0,12.217,1.4962,3.6564,0.4092,정상,0,0,0,
WeldingTest_03_NG,704,2022-08-03 11:11:55.758,19,3,250,241.1,82,1153,1671,1682.759,1689.0,11.759,1.4467,3.6564,0.3957,정상,0,0,0,
WeldingTest_03_NG,705,2022-08-03 11:11:59.144,19,4,250,241.2,83,1670,1695,1702.753,1712.0,7.753,0.9075,3.6564,0.2482,정상,0,0,0,
WeldingTest_03_NG,706,2022-08-03 11:12:01.914,19,5,250,241.1,82,1154,1674,1678.645,1692.0,4.645,0.5244,3.6564,0.1434,정상,0,0,0,
WeldingTest_03_NG,707,2022-08-03 11:12:05.172,19,6,250,241.2,83,1670,1698,1703.364,1714.0,5.364,0.6359,3.6564,0.1739,정상,0,0,0,
WeldingTest_03_NG,708,2022-08-03 11:12:11.060,19,7,250,241.1,82,1153,1673,1676.904,1690.0,3.904,0.4521,3.6564,0.1236,정상,0,0,0,
WeldingTest_03_NG,709,2022-08-03 11:12:14.270,19,8,250,241.2,83,1670,1697,1704.99,1714.0,7.99,0.9379,3.6564,0.2565,정상,0,0,0,
WeldingTest_03_NG,710,2022-08-03 11:12:17.114,19,9,250,241.1,82,1154,1675,1678.074,1694.0,3.074,0.3372,3.6564,0.0922,정상,0,0,0,
WeldingTest_03_NG,711,2022-08-03 11:12:20.478,19,10,250,241.2,83,1670,1699,1704.576,1717.0,5.576,0.6502,3.6564,0.1778,정상,0,0,0,
WeldingTest_03_NG,712,2022-08-03 11:12:23.308,19,11,250,241.1,82,1154,1678,1677.294,1695.0,0.706,0.053,3.6564,0.0145,정상,0,0,0,
WeldingTest_03_NG,713,2022-08-03 11:12:26.572,19,12,250,241.2,83,1670,1700,1705.707,1718.0,5.707,0.6828,3.6564,0.1867,정상,0,0,0,
WeldingTest_03_NG,714,2022-08-03 11:12:31.008,19,13,30,19.4,38,650,682,689.702,690.0,7.702,2.1564,3.6564,0.5898,정상,0,0,0,
WeldingTest_03_NG,715,2022-08-03 11:12:32.702,19,14,30,19.4,35,650,632,677.808,688.0,45.808,13.2284,3.6564,3.6179,이상,1,1,1,"출력 저하 - 광학계/렌즈 오염, 레이저 소스 점검 + 출력 설정값(레시피) 확인"
WeldingTest_03_NG,716,2022-08-03 11:12:35.694,19,15,30,19.4,38,650,682,686.163,688.0,4.163,1.0992,3.6564,0.3006,정상,0,0,0,
WeldingTest_03_NG,717,2022-08-03 11:12:39.080,19,16,30,19.4,38,650,682,679.478,688.0,2.522,0.7055,3.6564,0.193,정상,0,0,0,
WeldingTest_03_NG,718,2022-08-03 11:12:40.862,19,17,30,19.4,38,650,682,682.462,688.0,0.462,0.1101,3.6564,0.0301,정상,0,0,0,
WeldingTest_03_NG,719,2022-08-03 11:12:42.636,19,18,30,19.4,38,650,682,678.574,688.0,3.426,0.9668,3.6564,0.2644,정상,0,0,0,
WeldingTest_03_NG,720,2022-08-03 11:13:04.024,19,19,250,241.1,83,1670,1690,1697.805,1708.0,7.805,0.7984,3.6564,0.2183,정상,0,0,0,
WeldingTest_03_NG,721,2022-08-03 11:13:06.738,19,20,250,241.2,82,1154,1673,1676.27,1692.0,3.27,0.3497,3.6564,0.0957,정상,0,0,0,
WeldingTest_03_NG,722,2022-08-03 11:13:10.178,19,21,250,241.1,83,1670,1697,1709.868,1714.0,12.868,1.5457,3.6564,0.4227,정상,0,0,0,
WeldingTest_03_NG,723,2022-08-03 11:13:12.848,19,22,250,241.2,82,1154,1675,1673.017,1694.0,1.983,0.2267,3.6564,0.062,정상,0,0,0,
WeldingTest_03_NG,724,2022-08-03 11:13:16.284,19,23,250,241.1,83,1670,1698,1706.634,1717.0,8.634,1.03,3.6564,0.2817,정상,0,0,0,
WeldingTest_03_NG,725,2022-08-03 11:13:18.986,19,24,250,241.2,82,1154,1678,1672.62,1695.0,5.38,0.616,3.6564,0.1685,정상,0,0,0,
WeldingTest_03_NG,726,2022-08-03 11:13:25.394,19,25,250,241.1,83,1670,1697,1707.224,1714.0,10.224,1.2244,3.6564,0.3349,정상,0,0,0,
WeldingTest_03_NG,727,2022-08-03 11:13:28.158,19,26,250,241.2,82,1154,1677,1678.101,1695.0,1.101,0.0933,3.6564,0.0255,정상,0,0,0,
WeldingTest_03_NG,728,2022-08-03 11:13:31.518,19,27,250,241.1,83,1670,1700,1707.947,1718.0,7.947,0.9501,3.6564,0.2598,정상,0,0,0,
WeldingTest_03_NG,729,2022-08-03 11:13:34.146,19,28,250,241.2,82,1154,1679,1672.788,1697.0,6.212,0.7418,3.6564,0.2029,정상,0,0,0,
WeldingTest_03_NG,730,2022-08-03 11:13:37.578,19,29,250,241.1,83,1670,1702,1708.293,1719.0,6.293,0.707,3.6564,0.1934,정상,0,0,0,
WeldingTest_03_NG,731,2022-08-03 11:13:40.316,19,30,250,241.2,82,1154,1679,1674.373,1698.0,4.627,0.5564,3.6564,0.1522,정상,0,0,0,
WeldingTest_03_NG,732,2022-08-03 11:13:44.696,19,31,30,19.4,38,650,682,692.501,690.0,10.501,3.0583,3.6564,0.8364,관찰,0,0,0,
WeldingTest_03_NG,733,2022-08-03 11:13:46.224,19,32,30,19.4,38,650,682,674.916,688.0,7.084,1.8726,3.6564,0.5121,정상,0,0,0,
WeldingTest_03_NG,734,2022-08-03 11:13:49.248,19,33,30,19.4,38,650,682,684.15,690.0,2.15,0.4081,3.6564,0.1116,정상,0,0,0,
WeldingTest_03_NG,735,2022-08-03 11:13:50.946,19,34,30,19.4,38,650,682,683.214,690.0,1.214,0.1986,3.6564,0.0543,정상,0,0,0,
WeldingTest_03_NG,736,2022-08-03 11:13:54.412,19,35,30,19.4,38,650,682,682.255,690.0,0.255,0.0118,3.6564,0.0032,정상,0,0,0,
WeldingTest_03_NG,737,2022-08-03 11:13:56.096,19,36,30,19.4,38,650,682,681.451,690.0,0.549,0.0959,3.6564,0.0262,정상,0,0,0,
WeldingTest_03_NG,738,2022-08-03 11:13:57.818,19,37,30,19.4,38,650,682,685.485,688.0,3.485,0.9777,3.6564,0.2674,정상,0,0,0,
WeldingTest_03_NG,739,2022-08-03 11:14:00.796,19,38,30,19.4,38,650,682,685.553,690.0,3.553,0.9246,3.6564,0.2529,정상,0,0,0,
WeldingTest_03_NG,740,2022-08-03 11:14:02.278,19,39,30,19.4,38,650,682,683.255,688.0,1.255,0.276,3.6564,0.0755,정상,0,0,0,
WeldingTest_03_NG,741,2022-08-03 11:17:29.662,20,1,250,241.1,82,1154,1660,1682.847,1682.0,22.847,2.2282,3.6564,0.6094,정상,0,0,0,
WeldingTest_03_NG,742,2022-08-03 11:17:33.046,20,2,250,241.2,83,1670,1685,1701.931,1707.0,16.931,2.0829,3.6564,0.5696,정상,0,0,0,
WeldingTest_03_NG,743,2022-08-03 11:17:35.794,20,3,250,241.1,82,1153,1667,1679.041,1689.0,12.041,1.4828,3.6564,0.4055,정상,0,0,0,
WeldingTest_03_NG,744,2022-08-03 11:17:39.040,20,4,250,241.2,83,1670,1690,1703.032,1712.0,13.032,1.5637,3.6564,0.4277,정상,0,0,0,
WeldingTest_03_NG,745,2022-08-03 11:17:41.760,20,5,250,241.1,82,1154,1670,1674.788,1692.0,4.788,0.5427,3.6564,0.1484,정상,0,0,0,
WeldingTest_03_NG,746,2022-08-03 11:17:45.200,20,6,250,241.2,83,1670,1694,1702.67,1714.0,8.67,1.0468,3.6564,0.2863,정상,0,0,0,
WeldingTest_03_NG,747,2022-08-03 11:17:50.946,20,7,250,241.1,82,1153,1669,1676.898,1690.0,7.898,0.9621,3.6564,0.2631,정상,0,0,0,
WeldingTest_03_NG,748,2022-08-03 11:17:54.322,20,8,250,241.2,83,1670,1694,1704.646,1714.0,10.646,1.2666,3.6564,0.3464,정상,0,0,0,
WeldingTest_03_NG,749,2022-08-03 11:17:57.076,20,9,250,241.1,82,1154,1673,1677.84,1694.0,4.84,0.5627,3.6564,0.1539,정상,0,0,0,
WeldingTest_03_NG,750,2022-08-03 11:18:00.350,20,10,250,241.2,83,1670,1697,1704.639,1717.0,7.639,0.9054,3.6564,0.2476,정상,0,0,0,
WeldingTest_03_NG,751,2022-08-03 11:18:03.220,20,11,250,241.1,82,1154,1674,1677.787,1695.0,3.787,0.4479,3.6564,0.1225,정상,0,0,0,
WeldingTest_03_NG,752,2022-08-03 11:18:06.546,20,12,250,241.2,83,1670,1698,1704.548,1718.0,6.548,0.7869,3.6564,0.2152,정상,0,0,0,
WeldingTest_03_NG,753,2022-08-03 11:18:11.058,20,13,30,19.4,38,650,682,689.461,690.0,7.461,2.0845,3.6564,0.5701,정상,0,0,0,
WeldingTest_03_NG,754,2022-08-03 11:18:12.820,20,14,30,19.4,35,650,630,677.646,688.0,47.646,13.7643,3.6564,3.7644,이상,1,1,1,"출력 저하 - 광학계/렌즈 오염, 레이저 소스 점검 + 출력 설정값(레시피) 확인"
WeldingTest_03_NG,755,2022-08-03 11:18:15.748,20,15,30,19.4,38,650,680,681.044,688.0,1.044,0.1953,3.6564,0.0534,정상,0,0,0,
WeldingTest_03_NG,756,2022-08-03 11:18:19.194,20,16,30,19.4,38,650,680,673.127,688.0,6.873,1.9703,3.6564,0.5389,정상,0,0,0,
WeldingTest_03_NG,757,2022-08-03 11:18:20.910,20,17,30,19.4,38,650,680,687.881,688.0,7.881,2.2489,3.6564,0.6151,정상,0,0,0,
WeldingTest_03_NG,758,2022-08-03 11:18:22.652,20,18,30,19.4,38,650,680,681.385,688.0,1.385,0.3776,3.6564,0.1033,정상,0,0,0,
WeldingTest_03_NG,759,2022-08-03 11:18:43.602,20,19,250,241.1,83,1670,1689,1697.811,1708.0,8.811,0.914,3.6564,0.25,정상,0,0,0,
WeldingTest_03_NG,760,2022-08-03 11:18:46.341,20,20,250,241.2,82,1154,1671,1676.056,1692.0,5.056,0.5778,3.6564,0.158,정상,0,0,0,
WeldingTest_03_NG,761,2022-08-03 11:18:49.779,20,21,250,241.1,83,1670,1694,1709.868,1714.0,15.868,1.9154,3.6564,0.5238,정상,0,0,0,
WeldingTest_03_NG,762,2022-08-03 11:18:52.445,20,22,250,241.2,82,1154,1674,1673.034,1694.0,0.966,0.0966,3.6564,0.0264,정상,0,0,0,
WeldingTest_03_NG,763,2022-08-03 11:18:55.855,20,23,250,241.1,83,1670,1697,1706.625,1717.0,9.625,1.1529,3.6564,0.3153,정상,0,0,0,
WeldingTest_03_NG,764,2022-08-03 11:18:58.553,20,24,250,241.2,82,1154,1677,1672.62,1695.0,4.38,0.4876,3.6564,0.1334,정상,0,0,0,
WeldingTest_03_NG,765,2022-08-03 11:19:05.007,20,25,250,241.1,83,1670,1695,1706.493,1714.0,11.493,1.3819,3.6564,0.3779,정상,0,0,0,
WeldingTest_03_NG,766,2022-08-03 11:19:07.755,20,26,250,241.2,82,1154,1675,1673.27,1695.0,1.73,0.174,3.6564,0.0476,정상,0,0,0,
WeldingTest_03_NG,767,2022-08-03 11:19:11.255,20,27,250,241.1,83,1670,1698,1707.184,1718.0,9.184,1.1036,3.6564,0.3018,정상,0,0,0,
WeldingTest_03_NG,768,2022-08-03 11:19:13.901,20,28,250,241.2,82,1154,1678,1672.944,1697.0,5.056,0.5932,3.6564,0.1622,정상,0,0,0,
WeldingTest_03_NG,769,2022-08-03 11:19:17.377,20,29,250,241.1,83,1670,1700,1707.884,1719.0,7.884,0.9044,3.6564,0.2474,정상,0,0,0,
WeldingTest_03_NG,770,2022-08-03 11:19:20.017,20,30,250,241.2,82,1154,1679,1672.727,1698.0,6.273,0.7677,3.6564,0.21,정상,0,0,0,
WeldingTest_03_NG,771,2022-08-03 11:19:24.267,20,31,30,19.4,38,650,682,692.454,690.0,10.454,3.0443,3.6564,0.8326,관찰,0,0,0,
WeldingTest_03_NG,772,2022-08-03 11:19:25.797,20,32,30,19.4,38,650,682,674.916,688.0,7.084,1.8726,3.6564,0.5121,정상,0,0,0,
WeldingTest_03_NG,773,2022-08-03 11:19:28.867,20,33,30,19.4,38,650,682,682.887,690.0,0.887,0.0426,3.6564,0.0117,정상,0,0,0,
WeldingTest_03_NG,774,2022-08-03 11:19:30.639,20,34,30,19.4,38,650,682,679.99,690.0,2.01,0.4298,3.6564,0.1176,정상,0,0,0,
WeldingTest_03_NG,775,2022-08-03 11:19:34.089,20,35,30,19.4,38,650,682,686.079,690.0,4.079,1.1185,3.6564,0.3059,정상,0,0,0,
WeldingTest_03_NG,776,2022-08-03 11:19:35.815,20,36,30,19.4,38,650,682,684.439,690.0,2.439,0.6441,3.6564,0.1762,정상,0,0,0,
WeldingTest_03_NG,777,2022-08-03 11:19:37.537,20,37,30,19.4,38,650,682,685.485,688.0,3.485,0.9777,3.6564,0.2674,정상,0,0,0,
WeldingTest_03_NG,778,2022-08-03 11:19:40.523,20,38,30,19.4,38,650,682,685.553,690.0,3.553,0.9246,3.6564,0.2529,정상,0,0,0,
WeldingTest_03_NG,779,2022-08-03 11:19:42.007,20,39,30,19.4,38,650,682,683.255,688.0,1.255,0.276,3.6564,0.0755,정상,0,0,0,
WeldingTest_03_NG,780,2022-08-03 11:34:20.853,21,1,250,241.1,82,1154,1660,1682.847,1682.0,22.847,2.2282,3.6564,0.6094,정상,0,0,0,
WeldingTest_03_NG,781,2022-08-03 11:34:24.161,21,2,250,241.2,83,1670,1685,1701.969,1707.0,16.969,2.0876,3.6564,0.5709,정상,0,0,0,
WeldingTest_03_NG,782,2022-08-03 11:34:27.027,21,3,250,241.1,82,1153,1666,1683.104,1689.0,17.104,2.1296,3.6564,0.5824,정상,0,0,0,
WeldingTest_03_NG,783,2022-08-03 11:34:30.247,21,4,250,241.2,83,1670,1690,1703.064,1712.0,13.064,1.5676,3.6564,0.4287,정상,0,0,0,
WeldingTest_03_NG,784,2022-08-03 11:34:33.117,21,5,250,241.1,82,1154,1670,1679.55,1692.0,9.55,1.1529,3.6564,0.3153,정상,0,0,0,
WeldingTest_03_NG,785,2022-08-03 11:34:36.353,21,6,250,241.2,83,1670,1693,1703.364,1714.0,10.364,1.2571,3.6564,0.3438,정상,0,0,0,
WeldingTest_03_NG,786,2022-08-03 11:34:42.139,21,7,250,241.1,82,1153,1667,1676.854,1690.0,9.854,1.2118,3.6564,0.3314,정상,0,0,0,
WeldingTest_03_NG,787,2022-08-03 11:34:45.323,21,8,250,241.2,83,1670,1693,1704.99,1714.0,11.99,1.433,3.6564,0.3919,정상,0,0,0,
WeldingTest_03_NG,788,2022-08-03 11:34:48.073,21,9,250,241.1,82,1154,1673,1673.697,1694.0,0.697,0.0336,3.6564,0.0092,정상,0,0,0,
WeldingTest_03_NG,789,2022-08-03 11:34:51.363,21,10,250,241.2,83,1670,1695,1704.639,1717.0,9.639,1.1528,3.6564,0.3153,정상,0,0,0,
WeldingTest_03_NG,790,2022-08-03 11:34:54.191,21,11,250,241.1,82,1154,1674,1677.303,1695.0,3.303,0.3858,3.6564,0.1055,정상,0,0,0,
WeldingTest_03_NG,791,2022-08-03 11:34:57.467,21,12,250,241.2,83,1670,1697,1704.61,1718.0,7.61,0.9185,3.6564,0.2512,정상,0,0,0,
WeldingTest_03_NG,792,2022-08-03 11:35:01.925,21,13,30,19.4,38,650,680,688.743,690.0,8.743,2.4666,3.6564,0.6746,정상,0,0,0,
WeldingTest_03_NG,793,2022-08-03 11:35:03.643,21,14,30,19.4,35,650,631,677.884,688.0,46.884,13.5422,3.6564,3.7037,이상,1,1,1,"출력 저하 - 광학계/렌즈 오염, 레이저 소스 점검 + 출력 설정값(레시피) 확인"
WeldingTest_03_NG,794,2022-08-03 11:35:06.653,21,15,30,19.4,38,650,680,685.815,688.0,5.815,1.5778,3.6564,0.4315,정상,0,0,0,
WeldingTest_03_NG,795,2022-08-03 11:35:10.087,21,16,30,19.4,38,650,680,673.127,688.0,6.873,1.9703,3.6564,0.5389,정상,0,0,0,
WeldingTest_03_NG,796,2022-08-03 11:35:11.837,21,17,30,19.4,38,650,680,683.409,688.0,3.409,0.9595,3.6564,0.2624,정상,0,0,0,
WeldingTest_03_NG,797,2022-08-03 11:35:13.549,21,18,30,19.4,38,650,680,684.19,688.0,4.19,1.1873,3.6564,0.3247,정상,0,0,0,
WeldingTest_03_NG,798,2022-08-03 11:35:34.031,21,19,250,241.1,83,1670,1688,1699.539,1708.0,11.539,1.2279,3.6564,0.3358,정상,0,0,0,
WeldingTest_03_NG,799,2022-08-03 11:35:36.589,21,20,250,241.2,82,1154,1670,1676.217,1692.0,6.217,0.7261,3.6564,0.1986,정상,0,0,0,
WeldingTest_03_NG,800,2022-08-03 11:35:40.013,21,21,250,241.1,83,1670,1694,1709.868,1714.0,15.868,1.9154,3.6564,0.5238,정상,0,0,0,
WeldingTest_03_NG,801,2022-08-03 11:35:42.637,21,22,250,241.2,82,1154,1674,1672.934,1694.0,1.066,0.1093,3.6564,0.0299,정상,0,0,0,
WeldingTest_03_NG,802,2022-08-03 11:35:46.075,21,23,250,241.1,83,1670,1697,1706.634,1717.0,9.634,1.1541,3.6564,0.3156,정상,0,0,0,
WeldingTest_03_NG,803,2022-08-03 11:35:48.711,21,24,250,241.2,82,1154,1677,1672.506,1695.0,4.494,0.5022,3.6564,0.1374,정상,0,0,0,
WeldingTest_03_NG,804,2022-08-03 11:35:55.075,21,25,250,241.1,83,1670,1694,1706.456,1714.0,12.456,1.5014,3.6564,0.4106,정상,0,0,0,
WeldingTest_03_NG,805,2022-08-03 11:35:57.727,21,26,250,241.2,82,1154,1675,1673.413,1695.0,1.587,0.1557,3.6564,0.0426,정상,0,0,0,
WeldingTest_03_NG,806,2022-08-03 11:36:01.143,21,27,250,241.1,83,1670,1698,1706.998,1718.0,8.998,1.0805,3.6564,0.2955,정상,0,0,0,
WeldingTest_03_NG,807,2022-08-03 11:36:03.793,21,28,250,241.2,82,1154,1678,1672.944,1697.0,5.056,0.5932,3.6564,0.1622,정상,0,0,0,
WeldingTest_03_NG,808,2022-08-03 11:36:07.287,21,29,250,241.1,83,1670,1699,1707.882,1719.0,8.882,1.0284,3.6564,0.2813,정상,0,0,0,
WeldingTest_03_NG,809,2022-08-03 11:36:09.911,21,30,250,241.2,82,1154,1678,1672.765,1698.0,5.235,0.6344,3.6564,0.1735,정상,0,0,0,
WeldingTest_03_NG,810,2022-08-03 11:36:14.235,21,31,30,19.4,38,650,682,692.454,690.0,10.454,3.0443,3.6564,0.8326,관찰,0,0,0,
WeldingTest_03_NG,811,2022-08-03 11:36:15.803,21,32,30,19.4,38,650,682,675.0,688.0,7.0,1.8479,3.6564,0.5054,정상,0,0,0,
WeldingTest_03_NG,812,2022-08-03 11:36:18.871,21,33,30,19.4,38,650,682,682.887,690.0,0.887,0.0426,3.6564,0.0117,정상,0,0,0,
WeldingTest_03_NG,813,2022-08-03 11:36:20.605,21,34,30,19.4,38,650,682,683.491,690.0,1.491,0.2789,3.6564,0.0763,정상,0,0,0,
WeldingTest_03_NG,814,2022-08-03 11:36:24.073,21,35,30,19.4,38,650,682,682.255,690.0,0.255,0.0118,3.6564,0.0032,정상,0,0,0,
WeldingTest_03_NG,815,2022-08-03 11:36:25.775,21,36,30,19.4,38,650,682,683.598,690.0,1.598,0.4002,3.6564,0.1095,정상,0,0,0,
WeldingTest_03_NG,816,2022-08-03 11:36:27.507,21,37,30,19.4,38,650,682,685.362,688.0,3.362,0.9422,3.6564,0.2577,정상,0,0,0,
WeldingTest_03_NG,817,2022-08-03 11:36:30.523,21,38,30,19.4,38,650,682,685.204,690.0,3.204,0.8237,3.6564,0.2253,정상,0,0,0,
WeldingTest_03_NG,818,2022-08-03 11:36:32.005,21,39,30,19.4,38,650,680,683.255,688.0,3.255,0.8542,3.6564,0.2336,정상,0,0,0,
WeldingTest_03_NG,819,2022-08-03 14:42:18.663,22,1,250,241.1,82,1154,1658,1682.847,1682.0,24.847,2.4628,3.6564,0.6735,정상,0,0,0,
WeldingTest_03_NG,820,2022-08-03 14:42:21.861,22,2,250,241.2,83,1670,1684,1702.229,1707.0,18.229,2.2445,3.6564,0.6138,정상,0,0,0,
WeldingTest_03_NG,821,2022-08-03 14:42:24.599,22,3,250,241.1,82,1153,1665,1679.113,1689.0,14.113,1.7475,3.6564,0.4779,정상,0,0,0,
WeldingTest_03_NG,822,2022-08-03 14:42:27.841,22,4,250,241.2,83,1670,1689,1703.032,1712.0,14.032,1.688,3.6564,0.4617,정상,0,0,0,
WeldingTest_03_NG,823,2022-08-03 14:42:30.579,22,5,250,241.1,82,1154,1669,1674.761,1692.0,5.761,0.6674,3.6564,0.1825,정상,0,0,0,
WeldingTest_03_NG,824,2022-08-03 14:42:33.867,22,6,250,241.2,83,1670,1692,1703.129,1714.0,11.129,1.3523,3.6564,0.3698,정상,0,0,0,
WeldingTest_03_NG,825,2022-08-03 14:42:39.557,22,7,250,241.1,82,1153,1667,1676.833,1690.0,9.833,1.2092,3.6564,0.3307,정상,0,0,0,
WeldingTest_03_NG,826,2022-08-03 14:42:42.775,22,8,250,241.2,83,1670,1692,1704.99,1714.0,12.99,1.5568,3.6564,0.4258,정상,0,0,0,
WeldingTest_03_NG,827,2022-08-03 14:42:45.619,22,9,250,241.1,82,1154,1671,1678.158,1694.0,7.158,0.8589,3.6564,0.2349,정상,0,0,0,
WeldingTest_03_NG,828,2022-08-03 14:42:48.875,22,10,250,241.2,83,1670,1694,1704.876,1717.0,10.876,1.3057,3.6564,0.3571,정상,0,0,0,
WeldingTest_03_NG,829,2022-08-03 14:42:51.729,22,11,250,241.1,82,1154,1673,1677.802,1695.0,4.802,0.578,3.6564,0.1581,정상,0,0,0,
WeldingTest_03_NG,830,2022-08-03 14:42:54.993,22,12,250,241.2,83,1670,1695,1704.842,1718.0,9.842,1.195,3.6564,0.3268,정상,0,0,0,
WeldingTest_03_NG,831,2022-08-03 14:42:59.515,22,13,30,19.4,38,650,680,688.052,690.0,8.052,2.2608,3.6564,0.6183,정상,0,0,0,
WeldingTest_03_NG,832,2022-08-03 14:43:01.237,22,14,30,19.4,38,650,680,677.958,688.0,2.042,0.4712,3.6564,0.1289,정상,0,0,0,
WeldingTest_03_NG,833,2022-08-03 14:43:04.165,22,15,30,19.4,38,650,680,681.044,688.0,1.044,0.1953,3.6564,0.0534,정상,0,0,0,
WeldingTest_03_NG,834,2022-08-03 14:43:07.589,22,16,30,19.4,38,650,680,675.085,688.0,4.915,1.4012,3.6564,0.3832,정상,0,0,0,
WeldingTest_03_NG,835,2022-08-03 14:43:09.315,22,17,30,19.4,38,650,680,687.907,688.0,7.907,2.2562,3.6564,0.617,정상,0,0,0,
WeldingTest_03_NG,836,2022-08-03 14:43:11.037,22,18,30,19.4,38,650,680,684.296,688.0,4.296,1.2179,3.6564,0.3331,정상,0,0,0,
WeldingTest_03_NG,837,2022-08-03 14:43:31.657,22,19,250,241.1,83,1670,1687,1697.964,1708.0,10.964,1.1617,3.6564,0.3177,정상,0,0,0,
WeldingTest_03_NG,838,2022-08-03 14:43:34.270,22,20,250,241.2,82,1154,1669,1676.102,1692.0,7.102,0.8392,3.6564,0.2295,정상,0,0,0,
WeldingTest_03_NG,839,2022-08-03 14:43:37.750,22,21,250,241.1,83,1670,1693,1710.076,1714.0,17.076,2.0643,3.6564,0.5646,정상,0,0,0,
WeldingTest_03_NG,840,2022-08-03 14:43:40.454,22,22,250,241.2,82,1154,1673,1673.018,1694.0,0.018,0.0248,3.6564,0.0068,정상,0,0,0,
WeldingTest_03_NG,841,2022-08-03 14:43:43.886,22,23,250,241.1,83,1670,1695,1706.634,1717.0,11.634,1.4022,3.6564,0.3835,정상,0,0,0,
WeldingTest_03_NG,842,2022-08-03 14:43:46.532,22,24,250,241.2,82,1154,1674,1672.649,1695.0,1.351,0.0986,3.6564,0.027,정상,0,0,0,
WeldingTest_03_NG,843,2022-08-03 14:43:52.954,22,25,250,241.1,83,1670,1693,1706.493,1714.0,13.493,1.63,3.6564,0.4458,정상,0,0,0,
WeldingTest_03_NG,844,2022-08-03 14:43:55.538,22,26,250,241.2,82,1154,1674,1673.323,1695.0,0.677,0.0388,3.6564,0.0106,정상,0,0,0,
WeldingTest_03_NG,845,2022-08-03 14:43:58.980,22,27,250,241.1,83,1670,1697,1706.998,1718.0,9.998,1.2046,3.6564,0.3295,정상,0,0,0,
WeldingTest_03_NG,846,2022-08-03 14:44:01.644,22,28,250,241.2,82,1154,1675,1672.944,1697.0,2.056,0.2078,3.6564,0.0568,정상,0,0,0,
WeldingTest_03_NG,847,2022-08-03 14:44:05.104,22,29,250,241.1,83,1670,1698,1707.153,1719.0,9.153,1.062,3.6564,0.2904,정상,0,0,0,
WeldingTest_03_NG,848,2022-08-03 14:44:07.704,22,30,250,241.2,82,1154,1677,1672.83,1698.0,4.17,0.4976,3.6564,0.1361,정상,0,0,0,
WeldingTest_03_NG,849,2022-08-03 14:44:12.090,22,31,30,19.4,38,650,682,692.501,690.0,10.501,3.0583,3.6564,0.8364,관찰,0,0,0,
WeldingTest_03_NG,850,2022-08-03 14:44:13.582,22,32,30,19.4,38,650,680,675.002,688.0,4.998,1.2646,3.6564,0.3458,정상,0,0,0,
WeldingTest_03_NG,851,2022-08-03 14:44:16.690,22,33,30,19.4,38,650,680,684.835,690.0,4.835,1.1848,3.6564,0.324,정상,0,0,0,
WeldingTest_03_NG,852,2022-08-03 14:44:18.454,22,34,30,19.4,38,650,680,679.64,690.0,0.36,0.0495,3.6564,0.0135,정상,0,0,0,
WeldingTest_03_NG,853,2022-08-03 14:44:22.002,22,35,30,19.4,38,650,680,681.94,690.0,1.94,0.4994,3.6564,0.1366,정상,0,0,0,
WeldingTest_03_NG,854,2022-08-03 14:44:23.700,22,36,30,19.4,38,650,680,683.598,690.0,3.598,0.9804,3.6564,0.2681,정상,0,0,0,
WeldingTest_03_NG,855,2022-08-03 14:44:25.410,22,37,30,19.4,38,650,680,685.387,688.0,5.387,1.5266,3.6564,0.4175,정상,0,0,0,
WeldingTest_03_NG,856,2022-08-03 14:44:28.450,22,38,30,19.4,38,650,680,684.818,690.0,4.818,1.2912,3.6564,0.3531,정상,0,0,0,
WeldingTest_03_NG,857,2022-08-03 14:44:29.904,22,39,30,19.4,38,650,680,683.255,688.0,3.255,0.8542,3.6564,0.2336,정상,0,0,0,
WeldingTest_03_NG,858,2022-08-03 14:45:30.556,23,1,250,241.1,82,1154,1662,1683.977,1682.0,21.977,2.1262,3.6564,0.5815,정상,0,0,0,
WeldingTest_03_NG,859,2022-08-03 14:45:33.802,23,2,250,241.2,83,1670,1689,1702.203,1707.0,13.203,1.619,3.6564,0.4428,정상,0,0,0,
WeldingTest_03_NG,860,2022-08-03 14:45:36.596,23,3,250,241.1,82,1153,1670,1682.471,1689.0,12.471,1.5377,3.6564,0.4205,정상,0,0,0,
WeldingTest_03_NG,861,2022-08-03 14:45:39.990,23,4,250,241.2,83,1670,1693,1702.753,1712.0,9.753,1.1561,3.6564,0.3162,정상,0,0,0,
WeldingTest_03_NG,862,2022-08-03 14:45:42.784,23,5,250,241.1,82,1154,1671,1678.843,1692.0,7.843,0.9341,3.6564,0.2555,정상,0,0,0,
WeldingTest_03_NG,863,2022-08-03 14:45:46.086,23,6,250,241.2,83,1670,1695,1703.122,1714.0,8.122,0.9786,3.6564,0.2676,정상,0,0,0,
WeldingTest_03_NG,864,2022-08-03 14:45:51.892,23,7,250,241.1,82,1153,1670,1676.898,1690.0,6.898,0.8344,3.6564,0.2282,정상,0,0,0,
WeldingTest_03_NG,865,2022-08-03 14:45:55.184,23,8,250,241.2,83,1670,1695,1704.722,1714.0,9.722,1.1523,3.6564,0.3151,정상,0,0,0,
WeldingTest_03_NG,866,2022-08-03 14:45:58.012,23,9,250,241.1,82,1154,1674,1677.54,1694.0,3.54,0.3967,3.6564,0.1085,정상,0,0,0,
WeldingTest_03_NG,867,2022-08-03 14:46:01.322,23,10,250,241.2,83,1670,1697,1704.626,1717.0,7.626,0.9037,3.6564,0.2472,정상,0,0,0,
WeldingTest_03_NG,868,2022-08-03 14:46:04.104,23,11,250,241.1,82,1154,1677,1677.133,1695.0,0.133,0.0205,3.6564,0.0056,정상,0,0,0,
WeldingTest_03_NG,869,2022-08-03 14:46:07.362,23,12,250,241.2,83,1670,1699,1704.847,1718.0,5.847,0.7001,3.6564,0.1915,정상,0,0,0,
WeldingTest_03_NG,870,2022-08-03 14:46:11.848,23,13,30,19.4,38,650,682,689.68,690.0,7.68,2.1498,3.6564,0.588,정상,0,0,0,
WeldingTest_03_NG,871,2022-08-03 14:46:13.634,23,14,30,19.4,38,650,682,677.732,688.0,4.268,1.1202,3.6564,0.3064,정상,0,0,0,
WeldingTest_03_NG,872,2022-08-03 14:46:16.566,23,15,30,19.4,38,650,682,682.946,688.0,0.946,0.1667,3.6564,0.0456,정상,0,0,0,
WeldingTest_03_NG,873,2022-08-03 14:46:19.946,23,16,30,19.4,38,650,682,679.478,688.0,2.522,0.7055,3.6564,0.193,정상,0,0,0,
WeldingTest_03_NG,874,2022-08-03 14:46:21.662,23,17,30,19.4,38,650,680,687.881,688.0,7.881,2.2489,3.6564,0.6151,정상,0,0,0,
WeldingTest_03_NG,875,2022-08-03 14:46:23.468,23,18,30,19.4,38,650,680,678.582,688.0,1.418,0.387,3.6564,0.1058,정상,0,0,0,
WeldingTest_03_NG,876,2022-08-03 14:46:45.134,23,19,250,241.1,83,1670,1689,1697.805,1708.0,8.805,0.9134,3.6564,0.2498,정상,0,0,0,
WeldingTest_03_NG,877,2022-08-03 14:46:47.914,23,20,250,241.2,82,1154,1671,1680.0,1692.0,9.0,1.0815,3.6564,0.2958,정상,0,0,0,
WeldingTest_03_NG,878,2022-08-03 14:46:51.384,23,21,250,241.1,83,1670,1694,1710.076,1714.0,16.076,1.9411,3.6564,0.5309,정상,0,0,0,
WeldingTest_03_NG,879,2022-08-03 14:46:54.144,23,22,250,241.2,82,1154,1674,1677.745,1694.0,3.745,0.4522,3.6564,0.1237,정상,0,0,0,
WeldingTest_03_NG,880,2022-08-03 14:46:57.550,23,23,250,241.1,83,1670,1697,1706.625,1717.0,9.625,1.1529,3.6564,0.3153,정상,0,0,0,
WeldingTest_03_NG,881,2022-08-03 14:47:00.136,23,24,250,241.2,82,1154,1677,1672.56,1695.0,4.44,0.4953,3.6564,0.1355,정상,0,0,0,
WeldingTest_03_NG,882,2022-08-03 14:47:06.602,23,25,250,241.1,83,1670,1695,1706.493,1714.0,11.493,1.3819,3.6564,0.3779,정상,0,0,0,
WeldingTest_03_NG,883,2022-08-03 14:47:09.190,23,26,250,241.2,82,1154,1675,1673.322,1695.0,1.678,0.1673,3.6564,0.0458,정상,0,0,0,
WeldingTest_03_NG,884,2022-08-03 14:47:12.650,23,27,250,241.1,83,1670,1698,1707.185,1718.0,9.185,1.1038,3.6564,0.3019,정상,0,0,0,
WeldingTest_03_NG,885,2022-08-03 14:47:15.188,23,28,250,241.2,82,1154,1678,1672.914,1697.0,5.086,0.5971,3.6564,0.1633,정상,0,0,0,
WeldingTest_03_NG,886,2022-08-03 14:47:18.700,23,29,250,241.1,83,1670,1699,1707.882,1719.0,8.882,1.0284,3.6564,0.2813,정상,0,0,0,
WeldingTest_03_NG,887,2022-08-03 14:47:21.296,23,30,250,241.2,82,1154,1678,1672.798,1698.0,5.202,0.6302,3.6564,0.1724,정상,0,0,0,
WeldingTest_03_NG,888,2022-08-03 14:47:25.674,23,31,30,19.4,38,650,682,692.501,690.0,10.501,3.0583,3.6564,0.8364,관찰,0,0,0,
WeldingTest_03_NG,889,2022-08-03 14:47:27.236,23,32,30,19.4,38,650,682,675.0,688.0,7.0,1.8479,3.6564,0.5054,정상,0,0,0,
WeldingTest_03_NG,890,2022-08-03 14:47:30.320,23,33,30,19.4,38,650,682,684.814,690.0,2.814,0.6,3.6564,0.1641,정상,0,0,0,
WeldingTest_03_NG,891,2022-08-03 14:47:32.064,23,34,30,19.4,38,650,682,682.728,690.0,0.728,0.0576,3.6564,0.0157,정상,0,0,0,
WeldingTest_03_NG,892,2022-08-03 14:47:35.592,23,35,30,19.4,38,650,682,681.94,690.0,0.06,0.0448,3.6564,0.0123,정상,0,0,0,
WeldingTest_03_NG,893,2022-08-03 14:47:37.324,23,36,30,19.4,38,650,682,684.398,690.0,2.398,0.6323,3.6564,0.1729,정상,0,0,0,
WeldingTest_03_NG,894,2022-08-03 14:47:39.018,23,37,30,19.4,38,650,680,685.654,688.0,5.654,1.6038,3.6564,0.4386,정상,0,0,0,
WeldingTest_03_NG,895,2022-08-03 14:47:42.012,23,38,30,19.4,38,650,682,685.553,690.0,3.553,0.9246,3.6564,0.2529,정상,0,0,0,
WeldingTest_03_NG,896,2022-08-03 14:47:43.534,23,39,30,19.4,38,650,680,682.97,688.0,2.97,0.7718,3.6564,0.2111,정상,0,0,0,
WeldingTest_03_NG,897,2022-08-03 14:49:29.254,24,1,250,241.1,82,1154,1661,1683.977,1682.0,22.977,2.2434,3.6564,0.6136,정상,0,0,0,
WeldingTest_03_NG,898,2022-08-03 14:49:32.482,24,2,250,241.2,83,1670,1687,1702.217,1707.0,15.217,1.8696,3.6564,0.5113,정상,0,0,0,
WeldingTest_03_NG,899,2022-08-03 14:49:35.302,24,3,250,241.1,82,1153,1667,1682.62,1689.0,15.62,1.9401,3.6564,0.5306,정상,0,0,0,
WeldingTest_03_NG,900,2022-08-03 14:49:38.560,24,4,250,241.2,83,1670,1692,1703.032,1712.0,11.032,1.3151,3.6564,0.3597,정상,0,0,0,
WeldingTest_03_NG,901,2022-08-03 14:49:41.322,24,5,250,241.1,82,1154,1671,1679.081,1692.0,8.081,0.9646,3.6564,0.2638,정상,0,0,0,
WeldingTest_03_NG,902,2022-08-03 14:49:44.566,24,6,250,241.2,83,1670,1694,1703.364,1714.0,9.364,1.1329,3.6564,0.3098,정상,0,0,0,
WeldingTest_03_NG,903,2022-08-03 14:49:50.282,24,7,250,241.1,82,1153,1669,1676.863,1690.0,7.863,0.9576,3.6564,0.2619,정상,0,0,0,
WeldingTest_03_NG,904,2022-08-03 14:49:53.584,24,8,250,241.2,83,1670,1694,1704.72,1714.0,10.72,1.2758,3.6564,0.3489,정상,0,0,0,
WeldingTest_03_NG,905,2022-08-03 14:49:56.428,24,9,250,241.1,82,1154,1673,1678.072,1694.0,5.072,0.5924,3.6564,0.162,정상,0,0,0,
WeldingTest_03_NG,906,2022-08-03 14:49:59.666,24,10,250,241.2,83,1670,1697,1704.876,1717.0,7.876,0.9347,3.6564,0.2556,정상,0,0,0,
WeldingTest_03_NG,907,2022-08-03 14:50:02.398,24,11,250,241.1,82,1154,1675,1672.935,1695.0,2.065,0.2271,3.6564,0.0621,정상,0,0,0,
WeldingTest_03_NG,908,2022-08-03 14:50:05.660,24,12,250,241.2,83,1670,1698,1704.842,1718.0,6.842,0.8234,3.6564,0.2252,정상,0,0,0,
WeldingTest_03_NG,909,2022-08-03 14:50:10.220,24,13,30,19.4,38,650,682,689.535,690.0,7.535,2.1067,3.6564,0.5762,정상,0,0,0,
WeldingTest_03_NG,910,2022-08-03 14:50:11.876,24,14,30,19.4,38,650,680,675.374,688.0,4.626,1.2244,3.6564,0.3349,정상,0,0,0,
WeldingTest_03_NG,911,2022-08-03 14:50:14.870,24,15,30,19.4,38,650,682,686.163,688.0,4.163,1.0992,3.6564,0.3006,정상,0,0,0,
WeldingTest_03_NG,912,2022-08-03 14:50:18.284,24,16,30,19.4,38,650,680,679.478,688.0,0.522,0.1241,3.6564,0.0339,정상,0,0,0,
WeldingTest_03_NG,913,2022-08-03 14:50:20.058,24,17,30,19.4,38,650,680,682.453,688.0,2.453,0.6842,3.6564,0.1871,정상,0,0,0,
WeldingTest_03_NG,914,2022-08-03 14:50:21.856,24,18,30,19.4,38,650,680,678.582,688.0,1.418,0.387,3.6564,0.1058,정상,0,0,0,
WeldingTest_03_NG,915,2022-08-03 14:50:42.853,24,19,250,241.1,83,1670,1688,1697.811,1708.0,9.811,1.0291,3.6564,0.2814,정상,0,0,0,
WeldingTest_03_NG,916,2022-08-03 14:50:45.547,24,20,250,241.2,82,1154,1670,1676.055,1692.0,6.055,0.7054,3.6564,0.1929,정상,0,0,0,
WeldingTest_03_NG,917,2022-08-03 14:50:48.975,24,21,250,241.1,83,1670,1694,1709.868,1714.0,15.868,1.9154,3.6564,0.5238,정상,0,0,0,
WeldingTest_03_NG,918,2022-08-03 14:50:51.665,24,22,250,241.2,82,1154,1673,1672.985,1694.0,0.015,0.0251,3.6564,0.0069,정상,0,0,0,
WeldingTest_03_NG,919,2022-08-03 14:50:55.171,24,23,250,241.1,83,1670,1697,1706.848,1717.0,9.848,1.1806,3.6564,0.3229,정상,0,0,0,
WeldingTest_03_NG,920,2022-08-03 14:50:57.863,24,24,250,241.2,82,1154,1675,1672.625,1695.0,2.375,0.2301,3.6564,0.0629,정상,0,0,0,
WeldingTest_03_NG,921,2022-08-03 14:51:04.585,24,25,250,241.1,83,1670,1694,1707.203,1714.0,13.203,1.5941,3.6564,0.436,정상,0,0,0,
WeldingTest_03_NG,922,2022-08-03 14:51:07.271,24,26,250,241.2,82,1154,1675,1673.379,1695.0,1.621,0.1601,3.6564,0.0438,정상,0,0,0,
WeldingTest_03_NG,923,2022-08-03 14:51:10.763,24,27,250,241.1,83,1670,1698,1707.184,1718.0,9.184,1.1036,3.6564,0.3018,정상,0,0,0,
WeldingTest_03_NG,924,2022-08-03 14:51:13.395,24,28,250,241.2,82,1154,1677,1672.834,1697.0,4.166,0.479,3.6564,0.131,정상,0,0,0,
WeldingTest_03_NG,925,2022-08-03 14:51:16.939,24,29,250,241.1,83,1670,1699,1707.151,1719.0,8.151,0.9376,3.6564,0.2564,정상,0,0,0,
WeldingTest_03_NG,926,2022-08-03 14:51:19.609,24,30,250,241.2,82,1154,1678,1672.863,1698.0,5.137,0.6219,3.6564,0.1701,정상,0,0,0,
WeldingTest_03_NG,927,2022-08-03 14:51:23.917,24,31,30,19.4,38,650,682,692.454,690.0,10.454,3.0443,3.6564,0.8326,관찰,0,0,0,
WeldingTest_03_NG,928,2022-08-03 14:51:25.375,24,32,30,19.4,38,650,680,675.002,688.0,4.998,1.2646,3.6564,0.3458,정상,0,0,0,
WeldingTest_03_NG,929,2022-08-03 14:51:28.499,24,33,30,19.4,38,650,682,684.835,690.0,2.835,0.6061,3.6564,0.1658,정상,0,0,0,
WeldingTest_03_NG,930,2022-08-03 14:51:30.275,24,34,30,19.4,38,650,680,679.99,690.0,0.01,0.1509,3.6564,0.0413,정상,0,0,0,
WeldingTest_03_NG,931,2022-08-03 14:51:33.793,24,35,30,19.4,38,650,682,681.94,690.0,0.06,0.0448,3.6564,0.0123,정상,0,0,0,
WeldingTest_03_NG,932,2022-08-03 14:51:35.481,24,36,30,19.4,38,650,680,680.462,690.0,0.462,0.0706,3.6564,0.0193,정상,0,0,0,
WeldingTest_03_NG,933,2022-08-03 14:51:37.199,24,37,30,19.4,38,650,680,685.472,688.0,5.472,1.5511,3.6564,0.4242,정상,0,0,0,
WeldingTest_03_NG,934,2022-08-03 14:51:40.231,24,38,30,19.4,38,650,682,684.818,690.0,2.818,0.712,3.6564,0.1947,정상,0,0,0,
WeldingTest_03_NG,935,2022-08-03 14:51:41.711,24,39,30,19.4,38,650,680,683.255,688.0,3.255,0.8542,3.6564,0.2336,정상,0,0,0,
WeldingTest_03_NG,936,2022-08-03 15:01:26.276,25,1,250,241.1,82,1154,1658,1682.847,1682.0,24.847,2.4628,3.6564,0.6735,정상,0,0,0,
WeldingTest_03_NG,937,2022-08-03 15:01:29.646,25,2,250,241.2,83,1670,1684,1701.931,1707.0,17.931,2.2073,3.6564,0.6037,정상,0,0,0,
WeldingTest_03_NG,938,2022-08-03 15:01:32.406,25,3,250,241.1,82,1153,1666,1682.899,1689.0,16.899,2.1034,3.6564,0.5753,정상,0,0,0,
WeldingTest_03_NG,939,2022-08-03 15:01:35.676,25,4,250,241.2,83,1670,1689,1702.798,1712.0,13.798,1.6588,3.6564,0.4537,정상,0,0,0,
WeldingTest_03_NG,940,2022-08-03 15:01:38.532,25,5,250,241.1,82,1154,1669,1679.564,1692.0,10.564,1.2827,3.6564,0.3508,정상,0,0,0,
WeldingTest_03_NG,941,2022-08-03 15:01:41.676,25,6,250,241.2,83,1670,1693,1703.453,1714.0,10.453,1.2682,3.6564,0.3468,정상,0,0,0,
WeldingTest_03_NG,942,2022-08-03 15:01:47.460,25,7,250,241.1,82,1153,1667,1676.854,1690.0,9.854,1.2118,3.6564,0.3314,정상,0,0,0,
WeldingTest_03_NG,943,2022-08-03 15:01:50.754,25,8,250,241.2,83,1670,1692,1704.722,1714.0,12.722,1.5236,3.6564,0.4167,정상,0,0,0,
WeldingTest_03_NG,944,2022-08-03 15:01:53.612,25,9,250,241.1,82,1154,1671,1678.143,1694.0,7.143,0.8569,3.6564,0.2344,정상,0,0,0,
WeldingTest_03_NG,945,2022-08-03 15:01:56.824,25,10,250,241.2,83,1670,1694,1704.904,1717.0,10.904,1.3092,3.6564,0.3581,정상,0,0,0,
WeldingTest_03_NG,946,2022-08-03 15:01:59.582,25,11,250,241.1,82,1154,1674,1677.463,1695.0,3.463,0.4064,3.6564,0.1111,정상,0,0,0,
WeldingTest_03_NG,947,2022-08-03 15:02:02.940,25,12,250,241.2,83,1670,1695,1704.546,1718.0,9.546,1.1583,3.6564,0.3168,정상,0,0,0,
WeldingTest_03_NG,948,2022-08-03 15:02:07.348,25,13,30,19.4,38,650,680,688.052,690.0,8.052,2.2608,3.6564,0.6183,정상,0,0,0,
WeldingTest_03_NG,949,2022-08-03 15:02:09.038,25,14,30,19.4,38,650,680,676.309,688.0,3.691,0.9517,3.6564,0.2603,정상,0,0,0,
WeldingTest_03_NG,950,2022-08-03 15:02:11.944,25,15,30,19.4,38,650,680,682.594,688.0,2.594,0.6443,3.6564,0.1762,정상,0,0,0,
WeldingTest_03_NG,951,2022-08-03 15:02:15.266,25,16,30,19.4,38,650,680,679.478,688.0,0.522,0.1241,3.6564,0.0339,정상,0,0,0,
WeldingTest_03_NG,952,2022-08-03 15:02:17.064,25,17,30,19.4,38,650,680,682.462,688.0,2.462,0.6866,3.6564,0.1878,정상,0,0,0,
WeldingTest_03_NG,953,2022-08-03 15:02:18.852,25,18,30,19.4,38,650,680,678.582,688.0,1.418,0.387,3.6564,0.1058,정상,0,0,0,
WeldingTest_03_NG,954,2022-08-03 15:02:39.908,25,19,250,241.1,83,1670,1687,1697.811,1708.0,10.811,1.1441,3.6564,0.3129,정상,0,0,0,
WeldingTest_03_NG,955,2022-08-03 15:02:42.498,25,20,250,241.2,82,1154,1670,1675.885,1692.0,5.885,0.6837,3.6564,0.187,정상,0,0,0,
WeldingTest_03_NG,956,2022-08-03 15:02:45.992,25,21,250,241.1,83,1670,1693,1710.075,1714.0,17.075,2.0641,3.6564,0.5645,정상,0,0,0,
WeldingTest_03_NG,957,2022-08-03 15:02:48.644,25,22,250,241.2,82,1154,1673,1673.072,1694.0,0.072,0.0179,3.6564,0.0049,정상,0,0,0,
WeldingTest_03_NG,958,2022-08-03 15:02:52.052,25,23,250,241.1,83,1670,1695,1706.625,1717.0,11.625,1.401,3.6564,0.3832,정상,0,0,0,
WeldingTest_03_NG,959,2022-08-03 15:02:54.642,25,24,250,241.2,82,1154,1675,1672.56,1695.0,2.44,0.2384,3.6564,0.0652,정상,0,0,0,
WeldingTest_03_NG,960,2022-08-03 15:03:01.044,25,25,250,241.1,83,1670,1694,1706.493,1714.0,12.493,1.5059,3.6564,0.4119,정상,0,0,0,
WeldingTest_03_NG,961,2022-08-03 15:03:03.738,25,26,250,241.2,82,1154,1674,1673.379,1695.0,0.621,0.0316,3.6564,0.0087,정상,0,0,0,
WeldingTest_03_NG,962,2022-08-03 15:03:07.196,25,27,250,241.1,83,1670,1697,1707.185,1718.0,10.185,1.2279,3.6564,0.3358,정상,0,0,0,
WeldingTest_03_NG,963,2022-08-03 15:03:09.846,25,28,250,241.2,82,1154,1677,1672.944,1697.0,4.056,0.4647,3.6564,0.1271,정상,0,0,0,
WeldingTest_03_NG,964,2022-08-03 15:03:13.300,25,29,250,241.1,83,1670,1699,1707.093,1719.0,8.093,0.9304,3.6564,0.2545,정상,0,0,0,
WeldingTest_03_NG,965,2022-08-03 15:03:15.924,25,30,250,241.2,82,1154,1678,1672.765,1698.0,5.235,0.6344,3.6564,0.1735,정상,0,0,0,
WeldingTest_03_NG,966,2022-08-03 15:03:20.348,25,31,30,19.4,38,650,682,692.501,690.0,10.501,3.0583,3.6564,0.8364,관찰,0,0,0,
WeldingTest_03_NG,967,2022-08-03 15:03:21.824,25,32,30,19.4,38,650,680,675.002,688.0,4.998,1.2646,3.6564,0.3458,정상,0,0,0,
WeldingTest_03_NG,968,2022-08-03 15:03:24.902,25,33,30,19.4,38,650,682,682.478,690.0,0.478,0.0757,3.6564,0.0207,정상,0,0,0,
WeldingTest_03_NG,969,2022-08-03 15:03:26.630,25,34,30,19.4,38,650,680,683.531,690.0,3.531,0.8714,3.6564,0.2383,정상,0,0,0,
WeldingTest_03_NG,970,2022-08-03 15:03:30.078,25,35,30,19.4,38,650,680,686.079,690.0,6.079,1.6973,3.6564,0.4642,정상,0,0,0,
WeldingTest_03_NG,971,2022-08-03 15:03:31.780,25,36,30,19.4,38,650,680,683.598,690.0,3.598,0.9804,3.6564,0.2681,정상,0,0,0,
WeldingTest_03_NG,972,2022-08-03 15:03:33.526,25,37,30,19.4,38,650,680,685.091,688.0,5.091,1.4413,3.6564,0.3942,정상,0,0,0,
WeldingTest_03_NG,973,2022-08-03 15:03:36.522,25,38,30,19.4,38,650,682,685.553,690.0,3.553,0.9246,3.6564,0.2529,정상,0,0,0,
WeldingTest_03_NG,974,2022-08-03 15:03:37.986,25,39,30,19.4,38,650,680,683.255,688.0,3.255,0.8542,3.6564,0.2336,정상,0,0,0,
WeldingTest_03_NG,975,2022-08-03 15:04:25.868,26,1,250,241.1,82,1154,1663,1683.977,1682.0,20.977,2.0089,3.6564,0.5494,정상,0,0,0,
WeldingTest_03_NG,976,2022-08-03 15:04:29.170,26,2,250,241.2,83,1670,1689,1701.969,1707.0,12.969,1.5898,3.6564,0.4348,정상,0,0,0,
WeldingTest_03_NG,977,2022-08-03 15:04:32.018,26,3,250,241.1,82,1153,1670,1683.195,1689.0,13.195,1.6301,3.6564,0.4458,정상,0,0,0,
WeldingTest_03_NG,978,2022-08-03 15:04:35.320,26,4,250,241.2,83,1670,1694,1702.798,1712.0,8.798,1.0373,3.6564,0.2837,정상,0,0,0,
WeldingTest_03_NG,979,2022-08-03 15:04:38.096,26,5,250,241.1,82,1154,1673,1678.645,1692.0,5.645,0.6525,3.6564,0.1785,정상,0,0,0,
WeldingTest_03_NG,980,2022-08-03 15:04:41.350,26,6,250,241.2,83,1670,1697,1703.364,1714.0,6.364,0.7601,3.6564,0.2079,정상,0,0,0,
WeldingTest_03_NG,981,2022-08-03 15:04:47.067,26,7,250,241.1,82,1153,1670,1676.863,1690.0,6.863,0.8299,3.6564,0.227,정상,0,0,0,
WeldingTest_03_NG,982,2022-08-03 15:04:50.457,26,8,250,241.2,83,1670,1695,1704.646,1714.0,9.646,1.1428,3.6564,0.3126,정상,0,0,0,
WeldingTest_03_NG,983,2022-08-03 15:04:53.283,26,9,250,241.1,82,1154,1675,1677.54,1694.0,2.54,0.269,3.6564,0.0736,정상,0,0,0,
WeldingTest_03_NG,984,2022-08-03 15:04:56.547,26,10,250,241.2,83,1670,1698,1704.872,1717.0,6.872,0.8105,3.6564,0.2217,정상,0,0,0,
WeldingTest_03_NG,985,2022-08-03 15:04:59.435,26,11,250,241.1,82,1154,1677,1677.787,1695.0,0.787,0.0633,3.6564,0.0173,정상,0,0,0,
WeldingTest_03_NG,986,2022-08-03 15:05:02.631,26,12,250,241.2,83,1670,1699,1704.874,1718.0,5.874,0.7035,3.6564,0.1924,정상,0,0,0,
WeldingTest_03_NG,987,2022-08-03 15:05:07.145,26,13,30,19.4,38,650,682,689.68,690.0,7.68,2.1498,3.6564,0.588,정상,0,0,0,
WeldingTest_03_NG,988,2022-08-03 15:05:08.947,26,14,30,19.4,38,650,682,677.732,688.0,4.268,1.1202,3.6564,0.3064,정상,0,0,0,
WeldingTest_03_NG,989,2022-08-03 15:05:11.857,26,15,30,19.4,38,650,682,682.594,688.0,0.594,0.0647,3.6564,0.0177,정상,0,0,0,
WeldingTest_03_NG,990,2022-08-03 15:05:15.159,26,16,30,19.4,38,650,682,679.366,688.0,2.634,0.738,3.6564,0.2018,정상,0,0,0,
WeldingTest_03_NG,991,2022-08-03 15:05:16.817,26,17,30,19.4,38,650,680,685.38,688.0,5.38,1.5279,3.6564,0.4179,정상,0,0,0,
WeldingTest_03_NG,992,2022-08-03 15:05:18.521,26,18,30,19.4,38,650,680,684.495,688.0,4.495,1.2751,3.6564,0.3487,정상,0,0,0,
WeldingTest_03_NG,993,2022-08-03 15:05:39.767,26,19,250,241.1,83,1670,1689,1697.811,1708.0,8.811,0.914,3.6564,0.25,정상,0,0,0,
WeldingTest_03_NG,994,2022-08-03 15:05:42.535,26,20,250,241.2,82,1154,1671,1680.0,1692.0,9.0,1.0815,3.6564,0.2958,정상,0,0,0,
WeldingTest_03_NG,995,2022-08-03 15:05:45.957,26,21,250,241.1,83,1670,1695,1709.868,1714.0,14.868,1.7922,3.6564,0.4901,정상,0,0,0,
WeldingTest_03_NG,996,2022-08-03 15:05:48.629,26,22,250,241.2,82,1154,1675,1673.017,1694.0,1.983,0.2267,3.6564,0.062,정상,0,0,0,
WeldingTest_03_NG,997,2022-08-03 15:05:52.063,26,23,250,241.1,83,1670,1697,1706.634,1717.0,9.634,1.1541,3.6564,0.3156,정상,0,0,0,
WeldingTest_03_NG,998,2022-08-03 15:05:54.697,26,24,250,241.2,82,1154,1677,1672.506,1695.0,4.494,0.5022,3.6564,0.1374,정상,0,0,0,
WeldingTest_03_NG,999,2022-08-03 15:06:01.313,26,25,250,241.1,83,1670,1695,1707.203,1714.0,12.203,1.47,3.6564,0.402,정상,0,0,0,
WeldingTest_03_NG,1000,2022-08-03 15:06:03.927,26,26,250,241.2,82,1154,1675,1673.322,1695.0,1.678,0.1673,3.6564,0.0458,정상,0,0,0,
WeldingTest_03_NG,1001,2022-08-03 15:06:07.345,26,27,250,241.1,83,1670,1699,1706.998,1718.0,7.998,0.9564,3.6564,0.2616,정상,0,0,0,
WeldingTest_03_NG,1002,2022-08-03 15:06:10.051,26,28,250,241.2,82,1154,1678,1672.874,1697.0,5.126,0.6022,3.6564,0.1647,정상,0,0,0,
WeldingTest_03_NG,1003,2022-08-03 15:06:13.533,26,29,250,241.1,83,1670,1700,1707.883,1719.0,7.883,0.9044,3.6564,0.2473,정상,0,0,0,
WeldingTest_03_NG,1004,2022-08-03 15:06:16.103,26,30,250,241.2,82,1154,1679,1672.886,1698.0,6.114,0.7472,3.6564,0.2044,정상,0,0,0,
WeldingTest_03_NG,1005,2022-08-03 15:06:20.431,26,31,30,19.4,38,650,682,692.454,690.0,10.454,3.0443,3.6564,0.8326,관찰,0,0,0,
WeldingTest_03_NG,1006,2022-08-03 15:06:21.915,26,32,30,19.4,38,650,682,675.002,688.0,6.998,1.8473,3.6564,0.5052,정상,0,0,0,
WeldingTest_03_NG,1007,2022-08-03 15:06:24.993,26,33,30,19.4,38,650,682,682.478,690.0,0.478,0.0757,3.6564,0.0207,정상,0,0,0,
WeldingTest_03_NG,1008,2022-08-03 15:06:26.765,26,34,30,19.4,38,650,682,679.99,690.0,2.01,0.4298,3.6564,0.1176,정상,0,0,0,
WeldingTest_03_NG,1009,2022-08-03 15:06:30.315,26,35,30,19.4,38,650,682,681.421,690.0,0.579,0.1054,3.6564,0.0288,정상,0,0,0,
WeldingTest_03_NG,1010,2022-08-03 15:06:31.999,26,36,30,19.4,38,650,682,681.451,690.0,0.549,0.0959,3.6564,0.0262,정상,0,0,0,
WeldingTest_03_NG,1011,2022-08-03 15:06:33.745,26,37,30,19.4,38,650,682,685.091,688.0,3.091,0.864,3.6564,0.2363,정상,0,0,0,
WeldingTest_03_NG,1012,2022-08-03 15:06:36.723,26,38,30,19.4,38,650,682,685.553,690.0,3.553,0.9246,3.6564,0.2529,정상,0,0,0,
WeldingTest_03_NG,1013,2022-08-03 15:06:38.211,26,39,30,19.4,38,650,682,683.255,688.0,1.255,0.276,3.6564,0.0755,정상,0,0,0,
WeldingTest_03_NG,1014,2022-08-03 15:14:59.436,27,1,250,241.1,82,1154,1658,1682.847,1682.0,24.847,2.4628,3.6564,0.6735,정상,0,0,0,
WeldingTest_03_NG,1015,2022-08-03 15:15:02.748,27,2,250,241.2,83,1670,1684,1701.969,1707.0,17.969,2.212,3.6564,0.605,정상,0,0,0,
WeldingTest_03_NG,1016,2022-08-03 15:15:05.480,27,3,250,241.1,82,1153,1666,1679.113,1689.0,13.113,1.6197,3.6564,0.443,정상,0,0,0,
WeldingTest_03_NG,1017,2022-08-03 15:15:08.750,27,4,250,241.2,83,1670,1689,1702.798,1712.0,13.798,1.6588,3.6564,0.4537,정상,0,0,0,
WeldingTest_03_NG,1018,2022-08-03 15:15:11.608,27,5,250,241.1,82,1154,1669,1679.564,1692.0,10.564,1.2827,3.6564,0.3508,정상,0,0,0,
WeldingTest_03_NG,1019,2022-08-03 15:15:14.878,27,6,250,241.2,83,1670,1692,1703.129,1714.0,11.129,1.3523,3.6564,0.3698,정상,0,0,0,
WeldingTest_03_NG,1020,2022-08-03 15:15:20.634,27,7,250,241.1,82,1153,1667,1676.868,1690.0,9.868,1.2137,3.6564,0.3319,정상,0,0,0,
WeldingTest_03_NG,1021,2022-08-03 15:15:23.842,27,8,250,241.2,83,1670,1693,1704.99,1714.0,11.99,1.433,3.6564,0.3919,정상,0,0,0,
WeldingTest_03_NG,1022,2022-08-03 15:15:26.596,27,9,250,241.1,82,1154,1671,1677.814,1694.0,6.814,0.8148,3.6564,0.2229,정상,0,0,0,
WeldingTest_03_NG,1023,2022-08-03 15:15:29.876,27,10,250,241.2,83,1670,1694,1704.639,1717.0,10.639,1.2764,3.6564,0.3491,정상,0,0,0,
WeldingTest_03_NG,1024,2022-08-03 15:15:32.666,27,11,250,241.1,82,1154,1673,1677.094,1695.0,4.094,0.4872,3.6564,0.1332,정상,0,0,0,
WeldingTest_03_NG,1025,2022-08-03 15:15:35.960,27,12,250,241.2,83,1670,1697,1704.594,1718.0,7.594,0.9166,3.6564,0.2507,정상,0,0,0,
WeldingTest_03_NG,1026,2022-08-03 15:15:40.492,27,13,30,19.4,38,650,680,688.743,690.0,8.743,2.4666,3.6564,0.6746,정상,0,0,0,
WeldingTest_03_NG,1027,2022-08-03 15:15:42.222,27,14,30,19.4,38,650,680,677.958,688.0,2.042,0.4712,3.6564,0.1289,정상,0,0,0,
WeldingTest_03_NG,1028,2022-08-03 15:15:45.134,27,15,30,19.4,38,650,680,682.029,688.0,2.029,0.4808,3.6564,0.1315,정상,0,0,0,
WeldingTest_03_NG,1029,2022-08-03 15:15:48.450,27,16,30,19.4,38,650,680,679.478,688.0,0.522,0.1241,3.6564,0.0339,정상,0,0,0,
WeldingTest_03_NG,1030,2022-08-03 15:15:50.130,27,17,30,19.4,38,650,680,684.655,688.0,4.655,1.3188,3.6564,0.3607,정상,0,0,0,
WeldingTest_03_NG,1031,2022-08-03 15:15:51.838,27,18,30,19.4,38,650,680,683.447,688.0,3.447,0.9727,3.6564,0.266,정상,0,0,0,
WeldingTest_03_NG,1032,2022-08-03 15:16:13.012,27,19,250,241.1,83,1670,1687,1697.811,1708.0,10.811,1.1441,3.6564,0.3129,정상,0,0,0,
WeldingTest_03_NG,1033,2022-08-03 15:16:15.656,27,20,250,241.2,82,1154,1669,1676.083,1692.0,7.083,0.8367,3.6564,0.2288,정상,0,0,0,
WeldingTest_03_NG,1034,2022-08-03 15:16:19.180,27,21,250,241.1,83,1670,1693,1710.078,1714.0,17.078,2.0646,3.6564,0.5646,정상,0,0,0,
WeldingTest_03_NG,1035,2022-08-03 15:16:21.840,27,22,250,241.2,82,1154,1673,1673.072,1694.0,0.072,0.0179,3.6564,0.0049,정상,0,0,0,
WeldingTest_03_NG,1036,2022-08-03 15:16:25.298,27,23,250,241.1,83,1670,1695,1706.843,1717.0,11.843,1.4281,3.6564,0.3906,정상,0,0,0,
WeldingTest_03_NG,1037,2022-08-03 15:16:27.990,27,24,250,241.2,82,1154,1675,1672.625,1695.0,2.375,0.2301,3.6564,0.0629,정상,0,0,0,
WeldingTest_03_NG,1038,2022-08-03 15:16:34.558,27,25,250,241.1,83,1670,1694,1706.548,1714.0,12.548,1.5128,3.6564,0.4137,정상,0,0,0,
WeldingTest_03_NG,1039,2022-08-03 15:16:37.248,27,26,250,241.2,82,1154,1674,1673.379,1695.0,0.621,0.0316,3.6564,0.0087,정상,0,0,0,
WeldingTest_03_NG,1040,2022-08-03 15:16:40.754,27,27,250,241.1,83,1670,1697,1707.184,1718.0,10.184,1.2277,3.6564,0.3358,정상,0,0,0,
WeldingTest_03_NG,1041,2022-08-03 15:16:43.442,27,28,250,241.2,82,1154,1677,1672.937,1697.0,4.063,0.4657,3.6564,0.1274,정상,0,0,0,
WeldingTest_03_NG,1042,2022-08-03 15:16:46.976,27,29,250,241.1,83,1670,1698,1707.151,1719.0,9.151,1.0618,3.6564,0.2904,정상,0,0,0,
WeldingTest_03_NG,1043,2022-08-03 15:16:49.620,27,30,250,241.2,82,1154,1677,1672.962,1698.0,4.038,0.4806,3.6564,0.1314,정상,0,0,0,
WeldingTest_03_NG,1044,2022-08-03 15:16:53.870,27,31,30,19.4,38,650,682,692.454,690.0,10.454,3.0443,3.6564,0.8326,관찰,0,0,0,
WeldingTest_03_NG,1045,2022-08-03 15:16:55.492,27,32,30,19.4,38,650,680,675.041,688.0,4.959,1.2533,3.6564,0.3428,정상,0,0,0,
WeldingTest_03_NG,1046,2022-08-03 15:16:58.588,27,33,30,19.4,38,650,680,684.835,690.0,4.835,1.1848,3.6564,0.324,정상,0,0,0,
WeldingTest_03_NG,1047,2022-08-03 15:17:00.336,27,34,30,19.4,38,650,680,682.728,690.0,2.728,0.6383,3.6564,0.1746,정상,0,0,0,
WeldingTest_03_NG,1048,2022-08-03 15:17:03.788,27,35,30,19.4,38,650,680,682.206,690.0,2.206,0.5763,3.6564,0.1576,정상,0,0,0,
WeldingTest_03_NG,1049,2022-08-03 15:17:05.524,27,36,30,19.4,38,650,680,682.914,690.0,2.914,0.7819,3.6564,0.2138,정상,0,0,0,
WeldingTest_03_NG,1050,2022-08-03 15:17:07.228,27,37,30,19.4,38,650,680,685.654,688.0,5.654,1.6038,3.6564,0.4386,정상,0,0,0,
WeldingTest_03_NG,1051,2022-08-03 15:17:10.202,27,38,30,19.4,38,650,680,685.529,690.0,5.529,1.4968,3.6564,0.4094,정상,0,0,0,
WeldingTest_03_NG,1052,2022-08-03 15:17:11.706,27,39,30,19.4,38,650,680,683.213,688.0,3.213,0.8421,3.6564,0.2303,정상,0,0,0,
WeldingTest_04_NG,0,2022-08-03 15:24:10.491,1,1,250,241.1,82,1154,1713,1680.861,1682.0,32.139,3.3179,3.6564,0.9074,관찰,0,0,0,
WeldingTest_04_NG,1,2022-08-03 15:24:13.743,1,2,250,241.2,83,1670,1695,1728.045,1707.0,33.045,4.0883,3.6564,1.1181,이상,1,0,0,"출력 저하 - 광학계/렌즈 오염, 레이저 소스 점검"
WeldingTest_04_NG,2,2022-08-03 15:24:16.537,1,3,250,241.1,82,1153,1718,1682.488,1689.0,35.512,4.4813,3.6564,1.2256,이상,1,0,0,출력 과다 - 출력 제어부/설정값 점검
WeldingTest_04_NG,3,2022-08-03 15:24:19.741,1,4,250,241.2,83,1670,1698,1728.291,1712.0,30.291,3.7089,3.6564,1.0144,이상,1,0,0,"출력 저하 - 광학계/렌즈 오염, 레이저 소스 점검"
WeldingTest_04_NG,4,2022-08-03 15:24:22.509,1,5,250,241.1,82,1154,1721,1678.645,1692.0,42.355,5.3555,3.6564,1.4647,이상,1,0,0,출력 과다 - 출력 제어부/설정값 점검
WeldingTest_04_NG,5,2022-08-03 15:24:25.785,1,6,250,241.2,83,1670,1695,1728.518,1714.0,33.518,4.1342,3.6564,1.1307,이상,1,0,0,"출력 저하 - 광학계/렌즈 오염, 레이저 소스 점검"
WeldingTest_04_NG,6,2022-08-03 15:24:31.841,1,7,250,241.1,82,1153,1721,1677.51,1690.0,43.49,5.5074,3.6564,1.5062,이상,1,0,0,출력 과다 - 출력 제어부/설정값 점검
WeldingTest_04_NG,7,2022-08-03 15:24:35.063,1,8,250,241.2,83,1670,1699,1729.133,1714.0,30.133,3.6788,3.6564,1.0061,이상,1,0,0,"출력 저하 - 광학계/렌즈 오염, 레이저 소스 점검"
WeldingTest_04_NG,8,2022-08-03 15:24:37.903,1,9,250,241.1,82,1154,1723,1678.12,1694.0,44.88,5.6766,3.6564,1.5525,이상,1,0,0,출력 과다 - 출력 제어부/설정값 점검
WeldingTest_04_NG,9,2022-08-03 15:24:41.145,1,10,250,241.2,83,1670,1700,1729.07,1717.0,29.07,3.5559,3.6564,0.9725,관찰,0,0,0,
WeldingTest_04_NG,10,2022-08-03 15:24:43.917,1,11,250,241.1,82,1154,1724,1677.155,1695.0,46.845,5.9672,3.6564,1.632,이상,1,0,0,출력 과다 - 출력 제어부/설정값 점검
WeldingTest_04_NG,11,2022-08-03 15:24:47.181,1,12,250,241.2,83,1670,693,1729.016,1718.0,1036.016,128.2984,3.6564,35.0887,이상,1,0,0,설정-출력 불일치 - 데이터 수집/동기화 확인
WeldingTest_04_NG,12,2022-08-03 15:24:51.745,1,13,30,19.4,38,650,692,692.531,690.0,0.531,0.0197,3.6564,0.0054,정상,0,0,0,
WeldingTest_04_NG,13,2022-08-03 15:24:53.509,1,14,30,19.4,35,650,692,691.798,688.0,0.202,0.0652,3.6564,0.0178,정상,0,1,0,
WeldingTest_04_NG,14,2022-08-03 15:24:56.463,1,15,30,19.4,38,650,692,692.147,688.0,0.147,0.0647,3.6564,0.0177,정상,0,0,0,
WeldingTest_04_NG,15,2022-08-03 15:24:59.925,1,16,30,19.4,38,650,692,691.939,688.0,0.061,0.0101,3.6564,0.0028,정상,0,0,0,
WeldingTest_04_NG,16,2022-08-03 15:25:01.643,1,17,30,19.4,38,650,692,691.968,688.0,0.032,0.0137,3.6564,0.0038,정상,0,0,0,
WeldingTest_04_NG,17,2022-08-03 15:25:03.363,1,18,30,19.4,38,650,1717,691.977,688.0,1025.023,295.8445,3.6564,80.9113,이상,1,0,0,설정-출력 불일치 - 데이터 수집/동기화 확인
WeldingTest_04_NG,18,2022-08-03 15:25:24.345,1,19,250,241.1,83,1670,1716,1723.712,1708.0,7.712,0.7876,3.6564,0.2154,정상,0,0,0,
WeldingTest_04_NG,19,2022-08-03 15:25:26.967,1,20,250,241.2,82,1154,1698,1697.738,1692.0,0.262,0.0343,3.6564,0.0094,정상,0,0,0,
WeldingTest_04_NG,20,2022-08-03 15:25:30.483,1,21,250,241.1,83,1670,1722,1721.588,1714.0,0.412,0.0108,3.6564,0.0029,정상,0,0,0,
WeldingTest_04_NG,21,2022-08-03 15:25:33.211,1,22,250,241.2,82,1154,1700,1700.624,1694.0,0.624,0.0528,3.6564,0.0144,정상,0,0,0,
WeldingTest_04_NG,22,2022-08-03 15:25:36.693,1,23,250,241.1,83,1670,1724,1723.601,1717.0,0.399,0.0083,3.6564,0.0023,정상,0,0,0,
WeldingTest_04_NG,23,2022-08-03 15:25:39.349,1,24,250,241.2,82,1154,1702,1702.697,1695.0,0.697,0.0146,3.6564,0.004,정상,0,0,0,
WeldingTest_04_NG,24,2022-08-03 15:25:46.025,1,25,250,241.1,83,1670,1722,1721.606,1714.0,0.394,0.0048,3.6564,0.0013,정상,0,0,0,
WeldingTest_04_NG,25,2022-08-03 15:25:48.661,1,26,250,241.2,82,1154,1702,1701.853,1695.0,0.147,0.0293,3.6564,0.008,정상,0,0,0,
WeldingTest_04_NG,26,2022-08-03 15:25:52.183,1,27,250,241.1,83,1670,1726,1725.286,1718.0,0.714,0.0522,3.6564,0.0143,정상,0,0,0,
WeldingTest_04_NG,27,2022-08-03 15:25:54.869,1,28,250,241.2,82,1154,1703,1703.501,1697.0,0.501,0.0081,3.6564,0.0022,정상,0,0,0,
WeldingTest_04_NG,28,2022-08-03 15:25:58.427,1,29,250,241.1,83,1670,1727,1726.402,1719.0,0.598,0.0,3.6564,0.0,정상,0,0,0,
WeldingTest_04_NG,29,2022-08-03 15:26:01.061,1,30,250,241.2,82,1154,1704,1704.262,1698.0,0.262,0.0043,3.6564,0.0012,정상,0,0,0,
WeldingTest_04_NG,30,2022-08-03 15:26:05.567,1,31,30,19.4,38,650,693,692.392,690.0,0.608,0.0997,3.6564,0.0273,정상,0,0,0,
WeldingTest_04_NG,31,2022-08-03 15:26:07.097,1,32,30,19.4,38,650,692,692.304,688.0,0.304,0.1029,3.6564,0.0281,정상,0,0,0,
WeldingTest_04_NG,32,2022-08-03 15:26:10.179,1,33,30,19.4,38,650,693,692.511,690.0,0.489,0.0727,3.6564,0.0199,정상,0,0,0,
WeldingTest_04_NG,33,2022-08-03 15:26:11.923,1,34,30,19.4,38,650,693,692.661,690.0,0.339,0.0555,3.6564,0.0152,정상,0,0,0,
WeldingTest_04_NG,34,2022-08-03 15:26:15.383,1,35,30,19.4,38,650,693,693.017,690.0,0.017,0.0573,3.6564,0.0157,정상,0,0,0,
WeldingTest_04_NG,35,2022-08-03 15:26:17.121,1,36,30,19.4,38,650,693,692.806,690.0,0.194,0.0072,3.6564,0.002,정상,0,0,0,
WeldingTest_04_NG,36,2022-08-03 15:26:18.849,1,37,30,19.4,38,650,693,692.834,688.0,0.166,0.0196,3.6564,0.0054,정상,0,0,0,
WeldingTest_04_NG,37,2022-08-03 15:26:21.923,1,38,30,19.4,38,650,693,692.97,690.0,0.03,0.0956,3.6564,0.0261,정상,0,0,0,
WeldingTest_04_NG,38,2022-08-03 15:26:23.419,1,39,30,19.4,38,650,693,692.651,688.0,0.349,0.0141,3.6564,0.0038,정상,0,0,0,
WeldingTest_04_NG,39,2022-08-03 16:19:59.207,2,1,250,241.1,82,1154,1687,1682.847,1682.0,4.153,0.036,3.6564,0.0098,정상,0,0,0,
WeldingTest_04_NG,40,2022-08-03 16:20:02.581,2,2,250,241.2,83,1670,1713,1712.576,1707.0,0.424,0.0285,3.6564,0.0078,정상,0,0,0,
WeldingTest_04_NG,41,2022-08-03 16:20:05.329,2,3,250,241.1,82,1153,1695,1694.286,1689.0,0.714,0.0357,3.6564,0.0098,정상,0,0,0,
WeldingTest_04_NG,42,2022-08-03 16:20:08.597,2,4,250,241.2,83,1670,1718,1718.524,1712.0,0.524,0.009,3.6564,0.0025,정상,0,0,0,
WeldingTest_04_NG,43,2022-08-03 16:20:11.367,2,5,250,241.1,82,1154,1698,1697.698,1692.0,0.302,0.032,3.6564,0.0088,정상,0,0,0,
WeldingTest_04_NG,44,2022-08-03 16:20:14.681,2,6,250,241.2,83,1670,1721,1721.258,1714.0,0.258,0.0016,3.6564,0.0004,정상,0,0,0,
WeldingTest_04_NG,45,2022-08-03 16:20:20.611,2,7,250,241.1,82,1153,1695,1695.289,1690.0,0.289,0.0096,3.6564,0.0026,정상,0,0,0,
WeldingTest_04_NG,46,2022-08-03 16:20:23.957,2,8,250,241.2,83,1670,1721,1720.491,1714.0,0.509,0.012,3.6564,0.0033,정상,0,0,0,
WeldingTest_04_NG,47,2022-08-03 16:20:26.761,2,9,250,241.1,82,1154,1699,1699.254,1694.0,0.254,0.0229,3.6564,0.0063,정상,0,0,0,
WeldingTest_04_NG,48,2022-08-03 16:20:30.003,2,10,250,241.2,83,1670,1723,1722.928,1717.0,0.072,0.0305,3.6564,0.0083,정상,0,0,0,
WeldingTest_04_NG,49,2022-08-03 16:20:32.833,2,11,250,241.1,82,1154,1700,1700.792,1695.0,0.792,0.064,3.6564,0.0175,정상,0,0,0,
WeldingTest_04_NG,50,2022-08-03 16:20:36.125,2,12,250,241.2,83,1670,1724,1723.917,1718.0,0.083,0.0138,3.6564,0.0038,정상,0,0,0,
WeldingTest_04_NG,51,2022-08-03 16:20:40.967,2,13,30,19.4,38,650,693,691.972,690.0,1.028,0.1677,3.6564,0.0459,정상,0,0,0,
WeldingTest_04_NG,52,2022-08-03 16:20:42.685,2,14,30,19.4,35,650,692,692.66,688.0,0.66,0.0682,3.6564,0.0187,정상,0,1,0,
WeldingTest_04_NG,53,2022-08-03 16:20:45.587,2,15,30,19.4,38,650,692,692.142,688.0,0.142,0.066,3.6564,0.0181,정상,0,0,0,
WeldingTest_04_NG,54,2022-08-03 16:20:48.933,2,16,30,19.4,38,650,692,691.905,688.0,0.095,0.0,3.6564,0.0,정상,0,0,0,
WeldingTest_04_NG,55,2022-08-03 16:20:50.673,2,17,30,19.4,38,650,692,691.988,688.0,0.012,0.0197,3.6564,0.0054,정상,0,0,0,
WeldingTest_04_NG,56,2022-08-03 16:20:52.331,2,18,30,19.4,38,650,692,691.958,688.0,0.042,0.01,3.6564,0.0027,정상,0,0,0,
WeldingTest_04_NG,57,2022-08-03 16:21:13.755,2,19,250,241.1,83,1670,1716,1716.475,1708.0,0.475,0.0449,3.6564,0.0123,정상,0,0,0,
WeldingTest_04_NG,58,2022-08-03 16:21:16.415,2,20,250,241.2,82,1154,1698,1697.652,1692.0,0.348,0.0234,3.6564,0.0064,정상,0,0,0,
WeldingTest_04_NG,59,2022-08-03 16:21:19.953,2,21,250,241.1,83,1670,1722,1721.539,1714.0,0.461,0.0168,3.6564,0.0046,정상,0,0,0,
WeldingTest_04_NG,60,2022-08-03 16:21:22.585,2,22,250,241.2,82,1154,1700,1700.735,1694.0,0.735,0.067,3.6564,0.0183,정상,0,0,0,
WeldingTest_04_NG,61,2022-08-03 16:21:26.025,2,23,250,241.1,83,1670,1724,1723.669,1717.0,0.331,0.0001,3.6564,0.0,정상,0,0,0,
WeldingTest_04_NG,62,2022-08-03 16:21:28.705,2,24,250,241.2,82,1154,1702,1702.61,1695.0,0.61,0.0034,3.6564,0.0009,정상,0,0,0,
WeldingTest_04_NG,63,2022-08-03 16:21:35.383,2,25,250,241.1,83,1670,1722,1721.606,1714.0,0.394,0.0048,3.6564,0.0013,정상,0,0,0,
WeldingTest_04_NG,64,2022-08-03 16:21:38.079,2,26,250,241.2,82,1154,1702,1701.625,1695.0,0.375,0.0,3.6564,0.0,정상,0,0,0,
WeldingTest_04_NG,65,2022-08-03 16:21:41.535,2,27,250,241.1,83,1670,1726,1725.359,1718.0,0.641,0.0432,3.6564,0.0118,정상,0,0,0,
WeldingTest_04_NG,66,2022-08-03 16:21:44.175,2,28,250,241.2,82,1154,1703,1703.617,1697.0,0.617,0.0231,3.6564,0.0063,정상,0,0,0,
WeldingTest_04_NG,67,2022-08-03 16:21:47.665,2,29,250,241.1,83,1670,1727,1726.402,1719.0,0.598,0.0,3.6564,0.0,정상,0,0,0,
WeldingTest_04_NG,68,2022-08-03 16:21:50.275,2,30,250,241.2,82,1154,1704,1704.297,1698.0,0.297,0.0002,3.6564,0.0,정상,0,0,0,
WeldingTest_04_NG,69,2022-08-03 16:21:54.731,2,31,30,19.4,38,650,693,692.392,690.0,0.608,0.0997,3.6564,0.0273,정상,0,0,0,
WeldingTest_04_NG,70,2022-08-03 16:21:56.363,2,32,30,19.4,38,650,692,692.388,688.0,0.388,0.0785,3.6564,0.0215,정상,0,0,0,
WeldingTest_04_NG,71,2022-08-03 16:21:59.421,2,33,30,19.4,38,650,693,692.511,690.0,0.489,0.0727,3.6564,0.0199,정상,0,0,0,
WeldingTest_04_NG,72,2022-08-03 16:22:01.191,2,34,30,19.4,38,650,693,692.664,690.0,0.336,0.0564,3.6564,0.0154,정상,0,0,0,
WeldingTest_04_NG,73,2022-08-03 16:22:04.653,2,35,30,19.4,38,650,693,693.017,690.0,0.017,0.0573,3.6564,0.0157,정상,0,0,0,
WeldingTest_04_NG,74,2022-08-03 16:22:06.381,2,36,30,19.4,38,650,693,692.795,690.0,0.205,0.0039,3.6564,0.0011,정상,0,0,0,
WeldingTest_04_NG,75,2022-08-03 16:22:08.091,2,37,30,19.4,38,650,692,692.821,688.0,0.821,0.2088,3.6564,0.0571,정상,0,0,0,
WeldingTest_04_NG,76,2022-08-03 16:22:11.047,2,38,30,19.4,38,650,693,692.2,690.0,0.8,0.1276,3.6564,0.0349,정상,0,0,0,
WeldingTest_04_NG,77,2022-08-03 16:22:12.571,2,39,30,19.4,38,650,692,692.7,688.0,0.7,0.1157,3.6564,0.0316,정상,0,0,0,
WeldingTest_04_NG,78,2022-08-03 16:35:45.705,3,1,250,241.1,82,1154,0,1682.847,1682.0,1682.847,196.9031,3.6564,53.8516,이상,1,0,1,미출력(0W) - 레이저 발진/게이트 점검
WeldingTest_04_NG,79,2022-08-03 16:35:49.031,3,2,250,241.2,83,1670,0,1587.682,1707.0,1587.682,197.5677,3.6564,54.0334,이상,1,0,1,미출력(0W) - 레이저 발진/게이트 점검
WeldingTest_04_NG,80,2022-08-03 16:35:51.847,3,3,250,241.1,82,1153,0,1545.654,1689.0,1545.654,197.4088,3.6564,53.9899,이상,1,0,1,미출력(0W) - 레이저 발진/게이트 점검
WeldingTest_04_NG,81,2022-08-03 16:35:55.107,3,4,250,241.2,83,1670,0,1588.784,1712.0,1588.784,197.4263,3.6564,53.9947,이상,1,0,1,미출력(0W) - 레이저 발진/게이트 점검
WeldingTest_04_NG,82,2022-08-03 16:35:57.961,3,5,250,241.1,82,1154,0,1542.11,1692.0,1542.11,197.4888,3.6564,54.0118,이상,1,0,1,미출력(0W) - 레이저 발진/게이트 점검
WeldingTest_04_NG,83,2022-08-03 16:36:01.189,3,6,250,241.2,83,1670,0,1589.15,1714.0,1589.15,197.4253,3.6564,53.9944,이상,1,0,1,미출력(0W) - 레이저 발진/게이트 점검
WeldingTest_04_NG,84,2022-08-03 16:36:07.091,3,7,250,241.1,82,1153,0,1546.37,1690.0,1546.37,197.4345,3.6564,53.9969,이상,1,0,1,미출력(0W) - 레이저 발진/게이트 점검
WeldingTest_04_NG,85,2022-08-03 16:36:10.363,3,8,250,241.2,83,1670,0,1595.212,1714.0,1595.212,197.4041,3.6564,53.9886,이상,1,0,1,미출력(0W) - 레이저 발진/게이트 점검
WeldingTest_04_NG,86,2022-08-03 16:36:13.169,3,9,250,241.1,82,1154,0,1546.068,1694.0,1546.068,197.4056,3.6564,53.989,이상,1,0,1,미출력(0W) - 레이저 발진/게이트 점검
WeldingTest_04_NG,87,2022-08-03 16:36:16.337,3,10,250,241.2,83,1670,0,1596.603,1717.0,1596.603,197.4232,3.6564,53.9938,이상,1,0,1,미출력(0W) - 레이저 발진/게이트 점검
WeldingTest_04_NG,88,2022-08-03 16:36:19.107,3,11,250,241.1,82,1154,0,1545.977,1695.0,1545.977,198.1299,3.6564,54.1871,이상,1,0,1,미출력(0W) - 레이저 발진/게이트 점검
WeldingTest_04_NG,89,2022-08-03 16:36:22.321,3,12,250,241.2,83,1670,0,1596.994,1718.0,1596.994,197.782,3.6564,54.092,이상,1,0,1,미출력(0W) - 레이저 발진/게이트 점검
WeldingTest_04_NG,90,2022-08-03 16:36:26.861,3,13,30,19.4,38,650,0,661.631,690.0,661.631,197.0104,3.6564,53.8809,이상,1,0,1,미출력(0W) - 레이저 발진/게이트 점검
WeldingTest_04_NG,91,2022-08-03 16:36:28.557,3,14,30,19.4,35,650,0,677.797,688.0,677.797,197.446,3.6564,54.0001,이상,1,1,1,미출력(0W) - 레이저 발진/게이트 점검 + 출력 설정값(레시피) 확인
WeldingTest_04_NG,92,2022-08-03 16:36:31.505,3,15,30,19.4,38,650,0,683.101,688.0,683.101,197.8464,3.6564,54.1096,이상,1,0,1,미출력(0W) - 레이저 발진/게이트 점검
WeldingTest_04_NG,93,2022-08-03 16:36:34.901,3,16,30,19.4,38,650,0,679.478,688.0,679.478,197.5049,3.6564,54.0162,이상,1,0,1,미출력(0W) - 레이저 발진/게이트 점검
WeldingTest_04_NG,94,2022-08-03 16:36:36.665,3,17,30,19.4,38,650,0,682.349,688.0,682.349,196.6777,3.6564,53.79,이상,1,0,1,미출력(0W) - 레이저 발진/게이트 점검
WeldingTest_04_NG,95,2022-08-03 16:36:38.329,3,18,30,19.4,38,650,0,682.776,688.0,682.776,197.0568,3.6564,53.8936,이상,1,0,1,미출력(0W) - 레이저 발진/게이트 점검
WeldingTest_04_NG,96,2022-08-03 16:36:59.453,3,19,250,241.1,83,1670,0,1697.811,1708.0,1697.811,195.2143,3.6564,53.3897,이상,1,0,1,미출력(0W) - 레이저 발진/게이트 점검
WeldingTest_04_NG,97,2022-08-03 16:37:02.085,3,20,250,241.2,82,1154,0,1545.802,1692.0,1545.802,197.3351,3.6564,53.9697,이상,1,0,1,미출력(0W) - 레이저 발진/게이트 점검
WeldingTest_04_NG,98,2022-08-03 16:37:05.575,3,21,250,241.1,83,1670,0,1602.324,1714.0,1602.324,197.4169,3.6564,53.9921,이상,1,0,1,미출력(0W) - 레이저 발진/게이트 점검
WeldingTest_04_NG,99,2022-08-03 16:37:08.261,3,22,250,241.2,82,1154,0,1543.192,1694.0,1543.192,197.4647,3.6564,54.0052,이상,1,0,1,미출력(0W) - 레이저 발진/게이트 점검
WeldingTest_04_NG,100,2022-08-03 16:37:11.673,3,23,250,241.1,83,1670,0,1598.432,1717.0,1598.432,198.2704,3.6564,54.2255,이상,1,0,1,미출력(0W) - 레이저 발진/게이트 점검
WeldingTest_04_NG,101,2022-08-03 16:37:14.249,3,24,250,241.2,82,1154,0,1549.981,1695.0,1549.981,198.987,3.6564,54.4215,이상,1,0,1,미출력(0W) - 레이저 발진/게이트 점검
WeldingTest_04_NG,102,2022-08-03 16:37:20.951,3,25,250,241.1,83,1670,0,1592.018,1714.0,1592.018,197.4883,3.6564,54.0116,이상,1,0,1,미출력(0W) - 레이저 발진/게이트 점검
WeldingTest_04_NG,103,2022-08-03 16:37:23.555,3,26,250,241.2,82,1154,0,1537.787,1695.0,1537.787,197.4372,3.6564,53.9977,이상,1,0,1,미출력(0W) - 레이저 발진/게이트 점검
WeldingTest_04_NG,104,2022-08-03 16:37:27.017,3,27,250,241.1,83,1670,0,1590.894,1718.0,1590.894,197.4495,3.6564,54.001,이상,1,0,1,미출력(0W) - 레이저 발진/게이트 점검
WeldingTest_04_NG,105,2022-08-03 16:37:29.673,3,28,250,241.2,82,1154,0,1537.559,1697.0,1537.559,197.4488,3.6564,54.0008,이상,1,0,1,미출력(0W) - 레이저 발진/게이트 점검
WeldingTest_04_NG,106,2022-08-03 16:37:33.153,3,29,250,241.1,83,1670,0,1590.897,1719.0,1590.897,197.413,3.6564,53.991,이상,1,0,1,미출력(0W) - 레이저 발진/게이트 점검
WeldingTest_04_NG,107,2022-08-03 16:37:35.819,3,30,250,241.2,82,1154,0,1537.617,1698.0,1537.617,197.4604,3.6564,54.004,이상,1,0,1,미출력(0W) - 레이저 발진/게이트 점검
WeldingTest_04_NG,108,2022-08-03 16:37:40.301,3,31,30,19.4,38,650,0,656.856,690.0,656.856,196.3667,3.6564,53.7049,이상,1,0,1,미출력(0W) - 레이저 발진/게이트 점검
WeldingTest_04_NG,109,2022-08-03 16:37:41.867,3,32,30,19.4,38,650,0,675.0,688.0,675.0,196.473,3.6564,53.734,이상,1,0,1,미출력(0W) - 레이저 발진/게이트 점검
WeldingTest_04_NG,110,2022-08-03 16:37:44.927,3,33,30,19.4,38,650,0,682.944,690.0,682.944,197.3912,3.6564,53.9851,이상,1,0,1,미출력(0W) - 레이저 발진/게이트 점검
WeldingTest_04_NG,111,2022-08-03 16:37:46.667,3,34,30,19.4,38,650,0,682.198,690.0,682.198,197.9197,3.6564,54.1296,이상,1,0,1,미출력(0W) - 레이저 발진/게이트 점검
WeldingTest_04_NG,112,2022-08-03 16:37:50.119,3,35,30,19.4,38,650,0,682.206,690.0,682.206,197.3958,3.6564,53.9863,이상,1,0,1,미출력(0W) - 레이저 발진/게이트 점검
WeldingTest_04_NG,113,2022-08-03 16:37:51.851,3,36,30,19.4,38,650,0,684.398,690.0,684.398,198.4699,3.6564,54.2801,이상,1,0,1,미출력(0W) - 레이저 발진/게이트 점검
WeldingTest_04_NG,114,2022-08-03 16:37:53.573,3,37,30,19.4,38,650,0,685.485,688.0,685.485,197.825,3.6564,54.1037,이상,1,0,1,미출력(0W) - 레이저 발진/게이트 점검
WeldingTest_04_NG,115,2022-08-03 16:37:56.529,3,38,30,19.4,38,650,0,685.529,690.0,685.529,198.4054,3.6564,54.2625,이상,1,0,1,미출력(0W) - 레이저 발진/게이트 점검
WeldingTest_04_NG,116,2022-08-03 16:37:58.045,3,39,30,19.4,38,650,0,682.97,688.0,682.97,197.3428,3.6564,53.9719,이상,1,0,1,미출력(0W) - 레이저 발진/게이트 점검
WeldingTest_04_NG,117,2022-08-03 17:09:19.664,4,1,250,241.1,82,1154,1192,1682.847,1682.0,490.847,57.1125,3.6564,15.6198,이상,1,0,1,"출력 저하 - 광학계/렌즈 오염, 레이저 소스 점검"
WeldingTest_04_NG,118,2022-08-03 17:09:22.996,4,2,250,241.2,83,1670,1218,1701.937,1707.0,483.937,60.2032,3.6564,16.4652,이상,1,0,1,"출력 저하 - 광학계/렌즈 오염, 레이저 소스 점검"
WeldingTest_04_NG,119,2022-08-03 17:09:25.804,4,3,250,241.1,82,1153,1199,1682.613,1689.0,483.613,61.7282,3.6564,16.8822,이상,1,0,1,"출력 저하 - 광학계/렌즈 오염, 레이저 소스 점검"
WeldingTest_04_NG,120,2022-08-03 17:09:29.000,4,4,250,241.2,83,1670,1223,1702.893,1712.0,479.893,59.5935,3.6564,16.2984,이상,1,0,1,"출력 저하 - 광학계/렌즈 오염, 레이저 소스 점검"
WeldingTest_04_NG,121,2022-08-03 17:09:31.812,4,5,250,241.1,82,1154,1202,1679.133,1692.0,477.133,61.0549,3.6564,16.6981,이상,1,0,1,"출력 저하 - 광학계/렌즈 오염, 레이저 소스 점검"
WeldingTest_04_NG,122,2022-08-03 17:09:35.076,4,6,250,241.2,83,1670,1226,1703.362,1714.0,477.362,59.2828,3.6564,16.2134,이상,1,0,1,"출력 저하 - 광학계/렌즈 오염, 레이저 소스 점검"
WeldingTest_04_NG,123,2022-08-03 17:09:41.114,4,7,250,241.1,82,1153,1199,1677.494,1690.0,478.494,61.0602,3.6564,16.6995,이상,1,0,1,"출력 저하 - 광학계/렌즈 오염, 레이저 소스 점검"
WeldingTest_04_NG,124,2022-08-03 17:09:44.342,4,8,250,241.2,83,1670,1226,1704.977,1714.0,478.977,59.2367,3.6564,16.2008,이상,1,0,1,"출력 저하 - 광학계/렌즈 오염, 레이저 소스 점검"
WeldingTest_04_NG,125,2022-08-03 17:09:47.128,4,9,250,241.1,82,1154,1204,1677.406,1694.0,473.406,60.4071,3.6564,16.5209,이상,1,0,1,"출력 저하 - 광학계/렌즈 오염, 레이저 소스 점검"
WeldingTest_04_NG,126,2022-08-03 17:09:50.336,4,10,250,241.2,83,1670,1228,1704.904,1717.0,476.904,58.9425,3.6564,16.1204,이상,1,0,1,"출력 저하 - 광학계/렌즈 오염, 레이저 소스 점검"
WeldingTest_04_NG,127,2022-08-03 17:09:53.090,4,11,250,241.1,82,1154,1206,1677.413,1695.0,471.413,60.3895,3.6564,16.5161,이상,1,0,1,"출력 저하 - 광학계/렌즈 오염, 레이저 소스 점검"
WeldingTest_04_NG,128,2022-08-03 17:09:56.356,4,12,250,241.2,83,1670,1230,1704.834,1718.0,474.834,58.7896,3.6564,16.0785,이상,1,0,1,"출력 저하 - 광학계/렌즈 오염, 레이저 소스 점검"
WeldingTest_04_NG,129,2022-08-03 17:10:01.216,4,13,30,19.4,38,650,127,692.508,690.0,565.508,168.368,3.6564,46.0475,이상,1,0,1,"출력 저하 - 광학계/렌즈 오염, 레이저 소스 점검"
WeldingTest_04_NG,130,2022-08-03 17:10:02.940,4,14,30,19.4,35,650,126,677.958,688.0,551.958,160.7653,3.6564,43.9682,이상,1,1,1,"출력 저하 - 광학계/렌즈 오염, 레이저 소스 점검 + 출력 설정값(레시피) 확인"
WeldingTest_04_NG,131,2022-08-03 17:10:05.834,4,15,30,19.4,38,650,127,682.63,688.0,555.63,160.9071,3.6564,44.0069,이상,1,0,1,"출력 저하 - 광학계/렌즈 오염, 레이저 소스 점검"
WeldingTest_04_NG,132,2022-08-03 17:10:09.200,4,16,30,19.4,38,650,126,679.478,688.0,553.478,160.8751,3.6564,43.9982,이상,1,0,1,"출력 저하 - 광학계/렌즈 오염, 레이저 소스 점검"
WeldingTest_04_NG,133,2022-08-03 17:10:10.932,4,17,30,19.4,38,650,126,687.854,688.0,561.854,161.9426,3.6564,44.2901,이상,1,0,1,"출력 저하 - 광학계/렌즈 오염, 레이저 소스 점검"
WeldingTest_04_NG,134,2022-08-03 17:10:12.600,4,18,30,19.4,38,650,126,682.776,688.0,556.776,160.6877,3.6564,43.9469,이상,1,0,1,"출력 저하 - 광학계/렌즈 오염, 레이저 소스 점검"
WeldingTest_04_NG,135,2022-08-03 17:10:33.804,4,19,250,241.1,83,1670,1221,1697.811,1708.0,476.811,54.7521,3.6564,14.9743,이상,1,0,1,"출력 저하 - 광학계/렌즈 오염, 레이저 소스 점검"
WeldingTest_04_NG,136,2022-08-03 17:10:36.420,4,20,250,241.2,82,1154,1202,1676.369,1692.0,474.369,60.5103,3.6564,16.5491,이상,1,0,1,"출력 저하 - 광학계/렌즈 오염, 레이저 소스 점검"
WeldingTest_04_NG,137,2022-08-03 17:10:39.864,4,21,250,241.1,83,1670,1226,1709.868,1714.0,483.868,59.5878,3.6564,16.2968,이상,1,0,1,"출력 저하 - 광학계/렌즈 오염, 레이저 소스 점검"
WeldingTest_04_NG,138,2022-08-03 17:10:42.502,4,22,250,241.2,82,1154,1204,1673.116,1694.0,469.116,60.0086,3.6564,16.4119,이상,1,0,1,"출력 저하 - 광학계/렌즈 오염, 레이저 소스 점검"
WeldingTest_04_NG,139,2022-08-03 17:10:45.952,4,23,250,241.1,83,1670,1228,1706.617,1717.0,478.617,59.339,3.6564,16.2288,이상,1,0,1,"출력 저하 - 광학계/렌즈 오염, 레이저 소스 점검"
WeldingTest_04_NG,140,2022-08-03 17:10:48.520,4,24,250,241.2,82,1154,1207,1672.855,1695.0,465.855,59.7542,3.6564,16.3423,이상,1,0,1,"출력 저하 - 광학계/렌즈 오염, 레이저 소스 점검"
WeldingTest_04_NG,141,2022-08-03 17:10:55.136,4,25,250,241.1,83,1670,1227,1707.203,1714.0,480.203,59.5379,3.6564,16.2832,이상,1,0,1,"출력 저하 - 광학계/렌즈 오염, 레이저 소스 점검"
WeldingTest_04_NG,142,2022-08-03 17:10:57.710,4,26,250,241.2,82,1154,1206,1673.487,1695.0,467.487,59.9874,3.6564,16.4061,이상,1,0,1,"출력 저하 - 광학계/렌즈 오염, 레이저 소스 점검"
WeldingTest_04_NG,143,2022-08-03 17:11:01.182,4,27,250,241.1,83,1670,1230,1707.185,1718.0,477.185,59.199,3.6564,16.1905,이상,1,0,1,"출력 저하 - 광학계/렌즈 오염, 레이저 소스 점검"
WeldingTest_04_NG,144,2022-08-03 17:11:03.816,4,28,250,241.2,82,1154,1208,1672.929,1697.0,464.929,59.6656,3.6564,16.3181,이상,1,0,1,"출력 저하 - 광학계/렌즈 오염, 레이저 소스 점검"
WeldingTest_04_NG,145,2022-08-03 17:11:07.308,4,29,250,241.1,83,1670,1231,1707.151,1719.0,476.151,59.0332,3.6564,16.1452,이상,1,0,1,"출력 저하 - 광학계/렌즈 오염, 레이저 소스 점검"
WeldingTest_04_NG,146,2022-08-03 17:11:09.932,4,30,250,241.2,82,1154,1209,1672.975,1698.0,463.975,59.557,3.6564,16.2884,이상,1,0,1,"출력 저하 - 광학계/렌즈 오염, 레이저 소스 점검"
WeldingTest_04_NG,147,2022-08-03 17:11:14.588,4,31,30,19.4,38,650,127,692.597,690.0,565.597,169.0735,3.6564,46.2404,이상,1,0,1,"출력 저하 - 광학계/렌즈 오염, 레이저 소스 점검"
WeldingTest_04_NG,148,2022-08-03 17:11:16.082,4,32,30,19.4,38,650,126,675.002,688.0,549.002,159.763,3.6564,43.694,이상,1,0,1,"출력 저하 - 광학계/렌즈 오염, 레이저 소스 점검"
WeldingTest_04_NG,149,2022-08-03 17:11:19.208,4,33,30,19.4,38,650,127,684.835,690.0,557.835,161.1917,3.6564,44.0848,이상,1,0,1,"출력 저하 - 광학계/렌즈 오염, 레이저 소스 점검"
WeldingTest_04_NG,150,2022-08-03 17:11:20.916,4,34,30,19.4,38,650,127,683.348,690.0,556.348,161.3796,3.6564,44.1362,이상,1,0,1,"출력 저하 - 광학계/렌즈 오염, 레이저 소스 점검"
WeldingTest_04_NG,151,2022-08-03 17:11:24.390,4,35,30,19.4,38,650,127,682.255,690.0,555.255,160.6512,3.6564,43.9369,이상,1,0,1,"출력 저하 - 광학계/렌즈 오염, 레이저 소스 점검"
WeldingTest_04_NG,152,2022-08-03 17:11:26.132,4,36,30,19.4,38,650,127,683.854,690.0,556.854,161.4713,3.6564,44.1612,이상,1,0,1,"출력 저하 - 광학계/렌즈 오염, 레이저 소스 점검"
WeldingTest_04_NG,153,2022-08-03 17:11:27.828,4,37,30,19.4,38,650,127,685.654,688.0,558.654,161.2174,3.6564,44.0918,이상,1,0,1,"출력 저하 - 광학계/렌즈 오염, 레이저 소스 점검"
WeldingTest_04_NG,154,2022-08-03 17:11:30.832,4,38,30,19.4,38,650,126,685.553,690.0,559.553,161.9263,3.6564,44.2857,이상,1,0,1,"출력 저하 - 광학계/렌즈 오염, 레이저 소스 점검"
WeldingTest_04_NG,155,2022-08-03 17:11:32.288,4,39,30,19.4,38,650,127,683.255,688.0,556.255,160.7127,3.6564,43.9538,이상,1,0,1,"출력 저하 - 광학계/렌즈 오염, 레이저 소스 점검"
WeldingTest_04_NG,156,2022-08-03 17:14:22.542,5,1,250,241.1,82,1154,1193,1682.847,1682.0,489.847,56.9952,3.6564,15.5878,이상,1,0,1,"출력 저하 - 광학계/렌즈 오염, 레이저 소스 점검"
WeldingTest_04_NG,157,2022-08-03 17:14:25.866,5,2,250,241.2,83,1670,1220,1701.937,1707.0,481.937,59.9543,3.6564,16.3971,이상,1,0,1,"출력 저하 - 광학계/렌즈 오염, 레이저 소스 점검"
WeldingTest_04_NG,158,2022-08-03 17:14:28.718,5,3,250,241.1,82,1153,1199,1683.296,1689.0,484.296,61.8154,3.6564,16.9061,이상,1,0,1,"출력 저하 - 광학계/렌즈 오염, 레이저 소스 점검"
WeldingTest_04_NG,159,2022-08-03 17:14:31.942,5,4,250,241.2,83,1670,1223,1703.051,1712.0,480.051,59.6131,3.6564,16.3038,이상,1,0,1,"출력 저하 - 광학계/렌즈 오염, 레이저 소스 점검"
WeldingTest_04_NG,160,2022-08-03 17:14:34.914,5,5,250,241.1,82,1154,1202,1679.612,1692.0,477.612,61.1161,3.6564,16.7148,이상,1,0,1,"출력 저하 - 광학계/렌즈 오염, 레이저 소스 점검"
WeldingTest_04_NG,161,2022-08-03 17:14:38.164,5,6,250,241.2,83,1670,1226,1703.364,1714.0,477.364,59.2831,3.6564,16.2135,이상,1,0,1,"출력 저하 - 광학계/렌즈 오염, 레이저 소스 점검"
WeldingTest_04_NG,162,2022-08-03 17:14:44.118,5,7,250,241.1,82,1153,1201,1677.494,1690.0,476.494,60.8048,3.6564,16.6297,이상,1,0,1,"출력 저하 - 광학계/렌즈 오염, 레이저 소스 점검"
WeldingTest_04_NG,163,2022-08-03 17:14:47.366,5,8,250,241.2,83,1670,1226,1704.956,1714.0,478.956,59.2341,3.6564,16.2001,이상,1,0,1,"출력 저하 - 광학계/렌즈 오염, 레이저 소스 점검"
WeldingTest_04_NG,164,2022-08-03 17:14:50.204,5,9,250,241.1,82,1154,1204,1678.083,1694.0,474.083,60.4936,3.6564,16.5446,이상,1,0,1,"출력 저하 - 광학계/렌즈 오염, 레이저 소스 점검"
WeldingTest_04_NG,165,2022-08-03 17:14:53.438,5,10,250,241.2,83,1670,1228,1704.876,1717.0,476.876,58.9391,3.6564,16.1194,이상,1,0,1,"출력 저하 - 광학계/렌즈 오염, 레이저 소스 점검"
WeldingTest_04_NG,166,2022-08-03 17:14:56.192,5,11,250,241.1,82,1154,1207,1677.413,1695.0,470.413,60.2613,3.6564,16.481,이상,1,0,1,"출력 저하 - 광학계/렌즈 오염, 레이저 소스 점검"
WeldingTest_04_NG,167,2022-08-03 17:14:59.494,5,12,250,241.2,83,1670,1230,1704.592,1718.0,474.592,58.7596,3.6564,16.0703,이상,1,0,1,"출력 저하 - 광학계/렌즈 오염, 레이저 소스 점검"
WeldingTest_04_NG,168,2022-08-03 17:15:04.122,5,13,30,19.4,38,650,127,692.519,690.0,565.519,168.3713,3.6564,46.0483,이상,1,0,1,"출력 저하 - 광학계/렌즈 오염, 레이저 소스 점검"
WeldingTest_04_NG,169,2022-08-03 17:15:05.798,5,14,30,19.4,35,650,126,674.414,688.0,548.414,159.7322,3.6564,43.6856,이상,1,1,1,"출력 저하 - 광학계/렌즈 오염, 레이저 소스 점검 + 출력 설정값(레시피) 확인"
WeldingTest_04_NG,170,2022-08-03 17:15:08.788,5,15,30,19.4,38,650,127,685.352,688.0,558.352,161.6957,3.6564,44.2226,이상,1,0,1,"출력 저하 - 광학계/렌즈 오염, 레이저 소스 점검"
WeldingTest_04_NG,171,2022-08-03 17:15:12.146,5,16,30,19.4,38,650,127,679.478,688.0,552.478,160.5844,3.6564,43.9187,이상,1,0,1,"출력 저하 - 광학계/렌즈 오염, 레이저 소스 점검"
WeldingTest_04_NG,172,2022-08-03 17:15:13.856,5,17,30,19.4,38,650,126,687.813,688.0,561.813,161.9309,3.6564,44.2869,이상,1,0,1,"출력 저하 - 광학계/렌즈 오염, 레이저 소스 점검"
WeldingTest_04_NG,173,2022-08-03 17:15:15.646,5,18,30,19.4,38,650,126,678.582,688.0,552.582,159.4773,3.6564,43.6159,이상,1,0,1,"출력 저하 - 광학계/렌즈 오염, 레이저 소스 점검"
WeldingTest_04_NG,174,2022-08-03 17:15:36.520,5,19,250,241.1,83,1670,1221,1697.964,1708.0,476.964,54.7697,3.6564,14.9791,이상,1,0,1,"출력 저하 - 광학계/렌즈 오염, 레이저 소스 점검"
WeldingTest_04_NG,175,2022-08-03 17:15:39.158,5,20,250,241.2,82,1154,1203,1676.34,1692.0,473.34,60.3789,3.6564,16.5132,이상,1,0,1,"출력 저하 - 광학계/렌즈 오염, 레이저 소스 점검"
WeldingTest_04_NG,176,2022-08-03 17:15:42.672,5,21,250,241.1,83,1670,1226,1710.078,1714.0,484.078,59.6137,3.6564,16.3039,이상,1,0,1,"출력 저하 - 광학계/렌즈 오염, 레이저 소스 점검"
WeldingTest_04_NG,177,2022-08-03 17:15:45.352,5,22,250,241.2,82,1154,1204,1673.205,1694.0,469.205,60.0201,3.6564,16.4151,이상,1,0,1,"출력 저하 - 광학계/렌즈 오염, 레이저 소스 점검"
WeldingTest_04_NG,178,2022-08-03 17:15:48.854,5,23,250,241.1,83,1670,1228,1706.848,1717.0,478.848,59.3677,3.6564,16.2366,이상,1,0,1,"출력 저하 - 광학계/렌즈 오염, 레이저 소스 점검"
WeldingTest_04_NG,179,2022-08-03 17:15:51.546,5,24,250,241.2,82,1154,1207,1672.839,1695.0,465.839,59.7522,3.6564,16.3418,이상,1,0,1,"출력 저하 - 광학계/렌즈 오염, 레이저 소스 점검"
WeldingTest_04_NG,180,2022-08-03 17:15:58.333,5,25,250,241.1,83,1670,1227,1711.271,1714.0,484.271,60.0427,3.6564,16.4213,이상,1,0,1,"출력 저하 - 광학계/렌즈 오염, 레이저 소스 점검"
WeldingTest_04_NG,181,2022-08-03 17:16:00.969,5,26,250,241.2,82,1154,1207,1673.43,1695.0,466.43,59.8517,3.6564,16.369,이상,1,0,1,"출력 저하 - 광학계/렌즈 오염, 레이저 소스 점검"
WeldingTest_04_NG,182,2022-08-03 17:16:04.431,5,27,250,241.1,83,1670,1230,1707.185,1718.0,477.185,59.199,3.6564,16.1905,이상,1,0,1,"출력 저하 - 광학계/렌즈 오염, 레이저 소스 점검"
WeldingTest_04_NG,183,2022-08-03 17:16:07.037,5,28,250,241.2,82,1154,1208,1672.979,1697.0,464.979,59.672,3.6564,16.3199,이상,1,0,1,"출력 저하 - 광학계/렌즈 오염, 레이저 소스 점검"
WeldingTest_04_NG,184,2022-08-03 17:16:10.497,5,29,250,241.1,83,1670,1231,1707.153,1719.0,476.153,59.0334,3.6564,16.1452,이상,1,0,1,"출력 저하 - 광학계/렌즈 오염, 레이저 소스 점검"
WeldingTest_04_NG,185,2022-08-03 17:16:13.259,5,30,250,241.2,82,1154,1209,1677.869,1698.0,468.869,60.1856,3.6564,16.4603,이상,1,0,1,"출력 저하 - 광학계/렌즈 오염, 레이저 소스 점검"
WeldingTest_04_NG,186,2022-08-03 17:16:17.785,5,31,30,19.4,38,650,127,692.501,690.0,565.501,169.0447,3.6564,46.2325,이상,1,0,1,"출력 저하 - 광학계/렌즈 오염, 레이저 소스 점검"
WeldingTest_04_NG,187,2022-08-03 17:16:19.299,5,32,30,19.4,38,650,126,674.916,688.0,548.916,159.7377,3.6564,43.6871,이상,1,0,1,"출력 저하 - 광학계/렌즈 오염, 레이저 소스 점검"
WeldingTest_04_NG,188,2022-08-03 17:16:22.379,5,33,30,19.4,38,650,127,682.478,690.0,555.478,160.5099,3.6564,43.8983,이상,1,0,1,"출력 저하 - 광학계/렌즈 오염, 레이저 소스 점검"
WeldingTest_04_NG,189,2022-08-03 17:16:24.121,5,34,30,19.4,38,650,127,682.728,690.0,555.728,161.1997,3.6564,44.087,이상,1,0,1,"출력 저하 - 광학계/렌즈 오염, 레이저 소스 점검"
WeldingTest_04_NG,190,2022-08-03 17:16:27.599,5,35,30,19.4,38,650,127,681.612,690.0,554.612,160.465,3.6564,43.886,이상,1,0,1,"출력 저하 - 광학계/렌즈 오염, 레이저 소스 점검"
WeldingTest_04_NG,191,2022-08-03 17:16:29.293,5,36,30,19.4,38,650,127,683.598,690.0,556.598,161.397,3.6564,44.1409,이상,1,0,1,"출력 저하 - 광학계/렌즈 오염, 레이저 소스 점검"
WeldingTest_04_NG,192,2022-08-03 17:16:31.031,5,37,30,19.4,38,650,127,684.365,688.0,557.365,160.8455,3.6564,43.9901,이상,1,0,1,"출력 저하 - 광학계/렌즈 오염, 레이저 소스 점검"
WeldingTest_04_NG,193,2022-08-03 17:16:34.031,5,38,30,19.4,38,650,127,685.553,690.0,558.553,161.6367,3.6564,44.2065,이상,1,0,1,"출력 저하 - 광학계/렌즈 오염, 레이저 소스 점검"
WeldingTest_04_NG,194,2022-08-03 17:16:35.485,5,39,30,19.4,38,650,127,683.255,688.0,556.255,160.7127,3.6564,43.9538,이상,1,0,1,"출력 저하 - 광학계/렌즈 오염, 레이저 소스 점검"
WeldingTest_04_NG,195,2022-08-03 17:26:55.044,6,1,250,241.1,82,1154,1192,1682.847,1682.0,490.847,57.1125,3.6564,15.6198,이상,1,0,1,"출력 저하 - 광학계/렌즈 오염, 레이저 소스 점검"
WeldingTest_04_NG,196,2022-08-03 17:26:58.334,6,2,250,241.2,83,1670,1218,1701.969,1707.0,483.969,60.2072,3.6564,16.4662,이상,1,0,1,"출력 저하 - 광학계/렌즈 오염, 레이저 소스 점검"
WeldingTest_04_NG,197,2022-08-03 17:27:01.218,6,3,250,241.1,82,1153,1199,1683.296,1689.0,484.296,61.8154,3.6564,16.9061,이상,1,0,1,"출력 저하 - 광학계/렌즈 오염, 레이저 소스 점검"
WeldingTest_04_NG,198,2022-08-03 17:27:04.446,6,4,250,241.2,83,1670,1222,1703.051,1712.0,481.051,59.7374,3.6564,16.3378,이상,1,0,1,"출력 저하 - 광학계/렌즈 오염, 레이저 소스 점검"
WeldingTest_04_NG,199,2022-08-03 17:27:07.302,6,5,250,241.1,82,1154,1202,1679.612,1692.0,477.612,61.1161,3.6564,16.7148,이상,1,0,1,"출력 저하 - 광학계/렌즈 오염, 레이저 소스 점검"
WeldingTest_04_NG,200,2022-08-03 17:27:10.578,6,6,250,241.2,83,1670,1226,1703.129,1714.0,477.129,59.2539,3.6564,16.2055,이상,1,0,1,"출력 저하 - 광학계/렌즈 오염, 레이저 소스 점검"
WeldingTest_04_NG,201,2022-08-03 17:27:16.662,6,7,250,241.1,82,1153,1201,1677.565,1690.0,476.565,60.8138,3.6564,16.6321,이상,1,0,1,"출력 저하 - 광학계/렌즈 오염, 레이저 소스 점검"
WeldingTest_04_NG,202,2022-08-03 17:27:19.976,6,8,250,241.2,83,1670,1226,1704.657,1714.0,478.657,59.1971,3.6564,16.19,이상,1,0,1,"출력 저하 - 광학계/렌즈 오염, 레이저 소스 점검"
WeldingTest_04_NG,203,2022-08-03 17:27:22.768,6,9,250,241.1,82,1154,1204,1677.4,1694.0,473.4,60.4064,3.6564,16.5207,이상,1,0,1,"출력 저하 - 광학계/렌즈 오염, 레이저 소스 점검"
WeldingTest_04_NG,204,2022-08-03 17:27:26.016,6,10,250,241.2,83,1670,1228,1704.876,1717.0,476.876,58.9391,3.6564,16.1194,이상,1,0,1,"출력 저하 - 광학계/렌즈 오염, 레이저 소스 점검"
WeldingTest_04_NG,205,2022-08-03 17:27:28.786,6,11,250,241.1,82,1154,1206,1677.119,1695.0,471.119,60.3518,3.6564,16.5058,이상,1,0,1,"출력 저하 - 광학계/렌즈 오염, 레이저 소스 점검"
WeldingTest_04_NG,206,2022-08-03 17:27:32.164,6,12,250,241.2,83,1670,1230,1704.546,1718.0,474.546,58.7539,3.6564,16.0688,이상,1,0,1,"출력 저하 - 광학계/렌즈 오염, 레이저 소스 점검"
WeldingTest_04_NG,207,2022-08-03 17:27:37.028,6,13,30,19.4,38,650,127,692.508,690.0,565.508,168.368,3.6564,46.0475,이상,1,0,1,"출력 저하 - 광학계/렌즈 오염, 레이저 소스 점검"
WeldingTest_04_NG,208,2022-08-03 17:27:38.702,6,14,30,19.4,35,650,126,674.685,688.0,548.685,159.8112,3.6564,43.7072,이상,1,1,1,"출력 저하 - 광학계/렌즈 오염, 레이저 소스 점검 + 출력 설정값(레시피) 확인"
WeldingTest_04_NG,209,2022-08-03 17:27:41.612,6,15,30,19.4,38,650,127,682.594,688.0,555.594,160.8964,3.6564,44.004,이상,1,0,1,"출력 저하 - 광학계/렌즈 오염, 레이저 소스 점검"
WeldingTest_04_NG,210,2022-08-03 17:27:45.048,6,16,30,19.4,38,650,126,673.127,688.0,547.127,159.029,3.6564,43.4933,이상,1,0,1,"출력 저하 - 광학계/렌즈 오염, 레이저 소스 점검"
WeldingTest_04_NG,211,2022-08-03 17:27:46.826,6,17,30,19.4,38,650,126,682.453,688.0,556.453,160.3859,3.6564,43.8644,이상,1,0,1,"출력 저하 - 광학계/렌즈 오염, 레이저 소스 점검"
WeldingTest_04_NG,212,2022-08-03 17:27:48.544,6,18,30,19.4,38,650,126,684.226,688.0,558.226,161.1063,3.6564,44.0614,이상,1,0,1,"출력 저하 - 광학계/렌즈 오염, 레이저 소스 점검"
WeldingTest_04_NG,213,2022-08-03 17:28:09.724,6,19,250,241.1,83,1670,1221,1697.811,1708.0,476.811,54.7521,3.6564,14.9743,이상,1,0,1,"출력 저하 - 광학계/렌즈 오염, 레이저 소스 점검"
WeldingTest_04_NG,214,2022-08-03 17:28:12.286,6,20,250,241.2,82,1154,1202,1676.421,1692.0,474.421,60.517,3.6564,16.551,이상,1,0,1,"출력 저하 - 광학계/렌즈 오염, 레이저 소스 점검"
WeldingTest_04_NG,215,2022-08-03 17:28:15.740,6,21,250,241.1,83,1670,1226,1710.037,1714.0,484.037,59.6086,3.6564,16.3025,이상,1,0,1,"출력 저하 - 광학계/렌즈 오염, 레이저 소스 점검"
WeldingTest_04_NG,216,2022-08-03 17:28:18.402,6,22,250,241.2,82,1154,1206,1673.254,1694.0,467.254,59.7704,3.6564,16.3468,이상,1,0,1,"출력 저하 - 광학계/렌즈 오염, 레이저 소스 점검"
WeldingTest_04_NG,217,2022-08-03 17:28:21.876,6,23,250,241.1,83,1670,1228,1706.843,1717.0,478.843,59.3671,3.6564,16.2365,이상,1,0,1,"출력 저하 - 광학계/렌즈 오염, 레이저 소스 점검"
WeldingTest_04_NG,218,2022-08-03 17:28:24.554,6,24,250,241.2,82,1154,1207,1672.839,1695.0,465.839,59.7522,3.6564,16.3418,이상,1,0,1,"출력 저하 - 광학계/렌즈 오염, 레이저 소스 점검"
WeldingTest_04_NG,219,2022-08-03 17:28:31.222,6,25,250,241.1,83,1670,1227,1707.203,1714.0,480.203,59.5379,3.6564,16.2832,이상,1,0,1,"출력 저하 - 광학계/렌즈 오염, 레이저 소스 점검"
WeldingTest_04_NG,220,2022-08-03 17:28:33.824,6,26,250,241.2,82,1154,1206,1673.459,1695.0,467.459,59.9837,3.6564,16.4051,이상,1,0,1,"출력 저하 - 광학계/렌즈 오염, 레이저 소스 점검"
WeldingTest_04_NG,221,2022-08-03 17:28:37.366,6,27,250,241.1,83,1670,1230,1707.184,1718.0,477.184,59.1988,3.6564,16.1905,이상,1,0,1,"출력 저하 - 광학계/렌즈 오염, 레이저 소스 점검"
WeldingTest_04_NG,222,2022-08-03 17:28:40.108,6,28,250,241.2,82,1154,1208,1673.035,1697.0,465.035,59.6792,3.6564,16.3218,이상,1,0,1,"출력 저하 - 광학계/렌즈 오염, 레이저 소스 점검"
WeldingTest_04_NG,223,2022-08-03 17:28:43.624,6,29,250,241.1,83,1670,1231,1707.151,1719.0,476.151,59.0332,3.6564,16.1452,이상,1,0,1,"출력 저하 - 광학계/렌즈 오염, 레이저 소스 점검"
WeldingTest_04_NG,224,2022-08-03 17:28:46.318,6,30,250,241.2,82,1154,1208,1673.079,1698.0,465.079,59.6987,3.6564,16.3272,이상,1,0,1,"출력 저하 - 광학계/렌즈 오염, 레이저 소스 점검"
WeldingTest_04_NG,225,2022-08-03 17:28:50.942,6,31,30,19.4,38,650,197,692.607,690.0,495.607,148.1411,3.6564,40.5155,이상,1,0,1,"출력 저하 - 광학계/렌즈 오염, 레이저 소스 점검"
WeldingTest_04_NG,226,2022-08-03 17:28:52.508,6,32,30,19.4,38,650,196,675.0,688.0,479.0,139.3675,3.6564,38.116,이상,1,0,1,"출력 저하 - 광학계/렌즈 오염, 레이저 소스 점검"
WeldingTest_04_NG,227,2022-08-03 17:28:55.564,6,33,30,19.4,38,650,127,682.944,690.0,555.944,160.6445,3.6564,43.9351,이상,1,0,1,"출력 저하 - 광학계/렌즈 오염, 레이저 소스 점검"
WeldingTest_04_NG,228,2022-08-03 17:28:57.346,6,34,30,19.4,38,650,126,680.027,690.0,554.027,160.7057,3.6564,43.9519,이상,1,0,1,"출력 저하 - 광학계/렌즈 오염, 레이저 소스 점검"
WeldingTest_04_NG,229,2022-08-03 17:29:00.890,6,35,30,19.4,38,650,127,681.94,690.0,554.94,160.5599,3.6564,43.912,이상,1,0,1,"출력 저하 - 광학계/렌즈 오염, 레이저 소스 점검"
WeldingTest_04_NG,230,2022-08-03 17:29:02.596,6,36,30,19.4,38,650,127,683.732,690.0,556.732,161.4359,3.6564,44.1516,이상,1,0,1,"출력 저하 - 광학계/렌즈 오염, 레이저 소스 점검"
WeldingTest_04_NG,231,2022-08-03 17:29:04.310,6,37,30,19.4,38,650,127,685.419,688.0,558.419,161.1497,3.6564,44.0733,이상,1,0,1,"출력 저하 - 광학계/렌즈 오염, 레이저 소스 점검"
WeldingTest_04_NG,232,2022-08-03 17:29:07.312,6,38,30,19.4,38,650,127,685.553,690.0,558.553,161.6367,3.6564,44.2065,이상,1,0,1,"출력 저하 - 광학계/렌즈 오염, 레이저 소스 점검"
WeldingTest_04_NG,233,2022-08-03 17:29:08.820,6,39,30,19.4,38,650,127,683.213,688.0,556.213,160.7006,3.6564,43.9505,이상,1,0,1,"출력 저하 - 광학계/렌즈 오염, 레이저 소스 점검"
WeldingTest_04_NG,234,2022-08-03 17:31:11.341,7,1,250,241.1,82,1154,126,1682.847,1682.0,1556.847,182.1266,3.6564,49.8103,이상,1,0,1,설정-출력 불일치 - 데이터 수집/동기화 확인
WeldingTest_04_NG,235,2022-08-03 17:31:14.599,7,2,250,241.2,83,1670,126,1587.93,1707.0,1461.93,181.9175,3.6564,49.7531,이상,1,0,1,설정-출력 불일치 - 데이터 수집/동기화 확인
WeldingTest_04_NG,236,2022-08-03 17:31:17.397,7,3,250,241.1,82,1153,1201,1545.45,1689.0,344.45,43.9495,3.6564,12.0199,이상,1,0,1,"출력 저하 - 광학계/렌즈 오염, 레이저 소스 점검"
WeldingTest_04_NG,237,2022-08-03 17:31:20.603,7,4,250,241.2,83,1670,1225,1703.064,1712.0,478.064,59.3661,3.6564,16.2362,이상,1,0,1,"출력 저하 - 광학계/렌즈 오염, 레이저 소스 점검"
WeldingTest_04_NG,238,2022-08-03 17:31:23.383,7,5,250,241.1,82,1154,1203,1678.721,1692.0,475.721,60.8739,3.6564,16.6486,이상,1,0,1,"출력 저하 - 광학계/렌즈 오염, 레이저 소스 점검"
WeldingTest_04_NG,239,2022-08-03 17:31:26.625,7,6,250,241.2,83,1670,1227,1703.364,1714.0,476.364,59.1588,3.6564,16.1795,이상,1,0,1,"출력 저하 - 광학계/렌즈 오염, 레이저 소스 점검"
WeldingTest_04_NG,240,2022-08-03 17:31:32.611,7,7,250,241.1,82,1153,1202,1677.494,1690.0,475.494,60.6771,3.6564,16.5947,이상,1,0,1,"출력 저하 - 광학계/렌즈 오염, 레이저 소스 점검"
WeldingTest_04_NG,241,2022-08-03 17:31:35.841,7,8,250,241.2,83,1670,1227,1704.977,1714.0,477.977,59.1129,3.6564,16.167,이상,1,0,1,"출력 저하 - 광학계/렌즈 오염, 레이저 소스 점검"
WeldingTest_04_NG,242,2022-08-03 17:31:38.705,7,9,250,241.1,82,1154,1206,1678.101,1694.0,472.101,60.2404,3.6564,16.4753,이상,1,0,1,"출력 저하 - 광학계/렌즈 오염, 레이저 소스 점검"
WeldingTest_04_NG,243,2022-08-03 17:31:41.971,7,10,250,241.2,83,1670,1230,1704.864,1717.0,474.864,58.6902,3.6564,16.0513,이상,1,0,1,"출력 저하 - 광학계/렌즈 오염, 레이저 소스 점검"
WeldingTest_04_NG,244,2022-08-03 17:31:44.769,7,11,250,241.1,82,1154,1207,1677.051,1695.0,470.051,60.2149,3.6564,16.4683,이상,1,0,1,"출력 저하 - 광학계/렌즈 오염, 레이저 소스 점검"
WeldingTest_04_NG,245,2022-08-03 17:31:48.121,7,12,250,241.2,83,1670,1231,1704.546,1718.0,473.546,58.63,3.6564,16.0349,이상,1,0,1,"출력 저하 - 광학계/렌즈 오염, 레이저 소스 점검"
WeldingTest_04_NG,246,2022-08-03 17:31:52.917,7,13,30,19.4,38,650,127,692.517,690.0,565.517,168.3707,3.6564,46.0482,이상,1,0,1,"출력 저하 - 광학계/렌즈 오염, 레이저 소스 점검"
WeldingTest_04_NG,247,2022-08-03 17:31:54.575,7,14,30,19.4,35,650,127,675.374,688.0,548.374,159.7207,3.6564,43.6825,이상,1,1,1,"출력 저하 - 광학계/렌즈 오염, 레이저 소스 점검 + 출력 설정값(레시피) 확인"
WeldingTest_04_NG,248,2022-08-03 17:31:57.533,7,15,30,19.4,38,650,127,685.352,688.0,558.352,161.6957,3.6564,44.2226,이상,1,0,1,"출력 저하 - 광학계/렌즈 오염, 레이저 소스 점검"
WeldingTest_04_NG,249,2022-08-03 17:32:00.871,7,16,30,19.4,38,650,127,679.478,688.0,552.478,160.5844,3.6564,43.9187,이상,1,0,1,"출력 저하 - 광학계/렌즈 오염, 레이저 소스 점검"
WeldingTest_04_NG,250,2022-08-03 17:32:02.567,7,17,30,19.4,38,650,127,687.783,688.0,560.783,161.6339,3.6564,44.2057,이상,1,0,1,"출력 저하 - 광학계/렌즈 오염, 레이저 소스 점검"
WeldingTest_04_NG,251,2022-08-03 17:32:04.301,7,18,30,19.4,38,650,127,684.203,688.0,557.203,160.8109,3.6564,43.9806,이상,1,0,1,"출력 저하 - 광학계/렌즈 오염, 레이저 소스 점검"
WeldingTest_04_NG,252,2022-08-03 17:32:25.211,7,19,250,241.1,83,1670,1221,1697.964,1708.0,476.964,54.7697,3.6564,14.9791,이상,1,0,1,"출력 저하 - 광학계/렌즈 오염, 레이저 소스 점검"
WeldingTest_04_NG,253,2022-08-03 17:32:27.781,7,20,250,241.2,82,1154,1203,1676.421,1692.0,473.421,60.3893,3.6564,16.516,이상,1,0,1,"출력 저하 - 광학계/렌즈 오염, 레이저 소스 점검"
WeldingTest_04_NG,254,2022-08-03 17:32:31.245,7,21,250,241.1,83,1670,1227,1710.076,1714.0,483.076,59.4902,3.6564,16.2702,이상,1,0,1,"출력 저하 - 광학계/렌즈 오염, 레이저 소스 점검"
WeldingTest_04_NG,255,2022-08-03 17:32:33.891,7,22,250,241.2,82,1154,1206,1673.254,1694.0,467.254,59.7704,3.6564,16.3468,이상,1,0,1,"출력 저하 - 광학계/렌즈 오염, 레이저 소스 점검"
WeldingTest_04_NG,256,2022-08-03 17:32:37.345,7,23,250,241.1,83,1670,1230,1706.758,1717.0,476.758,59.1084,3.6564,16.1657,이상,1,0,1,"출력 저하 - 광학계/렌즈 오염, 레이저 소스 점검"
WeldingTest_04_NG,257,2022-08-03 17:32:40.167,7,24,250,241.2,82,1154,1207,1678.05,1695.0,471.05,60.4214,3.6564,16.5248,이상,1,0,1,"출력 저하 - 광학계/렌즈 오염, 레이저 소스 점검"
WeldingTest_04_NG,258,2022-08-03 17:32:46.909,7,25,250,241.1,83,1670,1227,1707.203,1714.0,480.203,59.5379,3.6564,16.2832,이상,1,0,1,"출력 저하 - 광학계/렌즈 오염, 레이저 소스 점검"
WeldingTest_04_NG,259,2022-08-03 17:32:49.647,7,26,250,241.2,82,1154,1206,1673.418,1695.0,467.418,59.9785,3.6564,16.4037,이상,1,0,1,"출력 저하 - 광학계/렌즈 오염, 레이저 소스 점검"
WeldingTest_04_NG,260,2022-08-03 17:32:53.127,7,27,250,241.1,83,1670,1231,1707.185,1718.0,476.185,59.0748,3.6564,16.1565,이상,1,0,1,"출력 저하 - 광학계/렌즈 오염, 레이저 소스 점검"
WeldingTest_04_NG,261,2022-08-03 17:32:55.711,7,28,250,241.2,82,1154,1208,1673.062,1697.0,465.062,59.6826,3.6564,16.3228,이상,1,0,1,"출력 저하 - 광학계/렌즈 오염, 레이저 소스 점검"
WeldingTest_04_NG,262,2022-08-03 17:32:59.181,7,29,250,241.1,83,1670,1232,1707.153,1719.0,475.153,58.9092,3.6564,16.1113,이상,1,0,1,"출력 저하 - 광학계/렌즈 오염, 레이저 소스 점검"
WeldingTest_04_NG,263,2022-08-03 17:33:01.787,7,30,250,241.2,82,1154,1209,1672.981,1698.0,463.981,59.5578,3.6564,16.2886,이상,1,0,1,"출력 저하 - 광학계/렌즈 오염, 레이저 소스 점검"
WeldingTest_04_NG,264,2022-08-03 17:33:06.677,7,31,30,19.4,38,650,127,692.588,690.0,565.588,169.0708,3.6564,46.2396,이상,1,0,1,"출력 저하 - 광학계/렌즈 오염, 레이저 소스 점검"
WeldingTest_04_NG,265,2022-08-03 17:33:08.189,7,32,30,19.4,38,650,126,674.916,688.0,548.916,159.7377,3.6564,43.6871,이상,1,0,1,"출력 저하 - 광학계/렌즈 오염, 레이저 소스 점검"
WeldingTest_04_NG,266,2022-08-03 17:33:11.255,7,33,30,19.4,38,650,127,682.887,690.0,555.887,160.6282,3.6564,43.9307,이상,1,0,1,"출력 저하 - 광학계/렌즈 오염, 레이저 소스 점검"
WeldingTest_04_NG,267,2022-08-03 17:33:13.009,7,34,30,19.4,38,650,126,680.787,690.0,554.787,160.9263,3.6564,44.0122,이상,1,0,1,"출력 저하 - 광학계/렌즈 오염, 레이저 소스 점검"
WeldingTest_04_NG,268,2022-08-03 17:33:16.487,7,35,30,19.4,38,650,127,681.612,690.0,554.612,160.465,3.6564,43.886,이상,1,0,1,"출력 저하 - 광학계/렌즈 오염, 레이저 소스 점검"
WeldingTest_04_NG,269,2022-08-03 17:33:18.175,7,36,30,19.4,38,650,127,680.462,690.0,553.462,160.4872,3.6564,43.8921,이상,1,0,1,"출력 저하 - 광학계/렌즈 오염, 레이저 소스 점검"
WeldingTest_04_NG,270,2022-08-03 17:33:19.885,7,37,30,19.4,38,650,127,685.387,688.0,558.387,161.1403,3.6564,44.0707,이상,1,0,1,"출력 저하 - 광학계/렌즈 오염, 레이저 소스 점검"
WeldingTest_04_NG,271,2022-08-03 17:33:22.871,7,38,30,19.4,38,650,127,685.553,690.0,558.553,161.6367,3.6564,44.2065,이상,1,0,1,"출력 저하 - 광학계/렌즈 오염, 레이저 소스 점검"
WeldingTest_04_NG,272,2022-08-03 17:33:24.391,7,39,30,19.4,38,650,127,682.97,688.0,555.97,160.6303,3.6564,43.9312,이상,1,0,1,"출력 저하 - 광학계/렌즈 오염, 레이저 소스 점검"
WeldingTest_04_NG,273,2022-08-03 17:40:33.022,8,1,250,241.1,82,1154,1192,1682.847,1682.0,490.847,57.1125,3.6564,15.6198,이상,1,0,1,"출력 저하 - 광학계/렌즈 오염, 레이저 소스 점검"
WeldingTest_04_NG,274,2022-08-03 17:40:36.250,8,2,250,241.2,83,1670,1218,1702.217,1707.0,484.217,60.2381,3.6564,16.4747,이상,1,0,1,"출력 저하 - 광학계/렌즈 오염, 레이저 소스 점검"
WeldingTest_04_NG,275,2022-08-03 17:40:39.080,8,3,250,241.1,82,1153,1199,1682.769,1689.0,483.769,61.7481,3.6564,16.8877,이상,1,0,1,"출력 저하 - 광학계/렌즈 오염, 레이저 소스 점검"
WeldingTest_04_NG,276,2022-08-03 17:40:42.372,8,4,250,241.2,83,1670,1223,1702.798,1712.0,479.798,59.5816,3.6564,16.2951,이상,1,0,1,"출력 저하 - 광학계/렌즈 오염, 레이저 소스 점검"
WeldingTest_04_NG,277,2022-08-03 17:40:45.206,8,5,250,241.1,82,1154,1202,1679.594,1692.0,477.594,61.1139,3.6564,16.7142,이상,1,0,1,"출력 저하 - 광학계/렌즈 오염, 레이저 소스 점검"
WeldingTest_04_NG,278,2022-08-03 17:40:48.396,8,6,250,241.2,83,1670,1226,1703.396,1714.0,477.396,59.287,3.6564,16.2146,이상,1,0,1,"출력 저하 - 광학계/렌즈 오염, 레이저 소스 점검"
WeldingTest_04_NG,279,2022-08-03 17:40:54.438,8,7,250,241.1,82,1153,1201,1677.494,1690.0,476.494,60.8048,3.6564,16.6297,이상,1,0,1,"출력 저하 - 광학계/렌즈 오염, 레이저 소스 점검"
WeldingTest_04_NG,280,2022-08-03 17:40:57.720,8,8,250,241.2,83,1670,1226,1704.722,1714.0,478.722,59.2051,3.6564,16.1922,이상,1,0,1,"출력 저하 - 광학계/렌즈 오염, 레이저 소스 점검"
WeldingTest_04_NG,281,2022-08-03 17:41:00.578,8,9,250,241.1,82,1154,1204,1678.101,1694.0,474.101,60.4958,3.6564,16.5452,이상,1,0,1,"출력 저하 - 광학계/렌즈 오염, 레이저 소스 점검"
WeldingTest_04_NG,282,2022-08-03 17:41:03.924,8,10,250,241.2,83,1670,1228,1704.576,1717.0,476.576,58.9019,3.6564,16.1093,이상,1,0,1,"출력 저하 - 광학계/렌즈 오염, 레이저 소스 점검"
WeldingTest_04_NG,283,2022-08-03 17:41:06.812,8,11,250,241.1,82,1154,1206,1677.807,1695.0,471.807,60.44,3.6564,16.5299,이상,1,0,1,"출력 저하 - 광학계/렌즈 오염, 레이저 소스 점검"
WeldingTest_04_NG,284,2022-08-03 17:41:10.034,8,12,250,241.2,83,1670,1230,1704.855,1718.0,474.855,58.7922,3.6564,16.0792,이상,1,0,1,"출력 저하 - 광학계/렌즈 오염, 레이저 소스 점검"
WeldingTest_04_NG,285,2022-08-03 17:41:14.932,8,13,30,19.4,38,650,197,692.508,690.0,495.508,147.5098,3.6564,40.3429,이상,1,0,1,"출력 저하 - 광학계/렌즈 오염, 레이저 소스 점검"
WeldingTest_04_NG,286,2022-08-03 17:41:16.704,8,14,30,19.4,35,650,196,677.723,688.0,481.723,140.2927,3.6564,38.369,이상,1,1,1,"출력 저하 - 광학계/렌즈 오염, 레이저 소스 점검 + 출력 설정값(레시피) 확인"
WeldingTest_04_NG,287,2022-08-03 17:41:19.648,8,15,30,19.4,38,650,197,683.101,688.0,486.101,140.7584,3.6564,38.4964,이상,1,0,1,"출력 저하 - 광학계/렌즈 오염, 레이저 소스 점검"
WeldingTest_04_NG,288,2022-08-03 17:41:23.024,8,16,30,19.4,38,650,196,679.478,688.0,483.478,140.5252,3.6564,38.4326,이상,1,0,1,"출력 저하 - 광학계/렌즈 오염, 레이저 소스 점검"
WeldingTest_04_NG,289,2022-08-03 17:41:24.804,8,17,30,19.4,38,650,196,682.462,688.0,486.462,140.2094,3.6564,38.3463,이상,1,0,1,"출력 저하 - 광학계/렌즈 오염, 레이저 소스 점검"
WeldingTest_04_NG,290,2022-08-03 17:41:26.496,8,18,30,19.4,38,650,196,684.495,688.0,488.495,140.9788,3.6564,38.5567,이상,1,0,1,"출력 저하 - 광학계/렌즈 오염, 레이저 소스 점검"
WeldingTest_04_NG,291,2022-08-03 17:41:47.510,8,19,250,241.1,83,1670,1221,1697.811,1708.0,476.811,54.7521,3.6564,14.9743,이상,1,0,1,"출력 저하 - 광학계/렌즈 오염, 레이저 소스 점검"
WeldingTest_04_NG,292,2022-08-03 17:41:50.116,8,20,250,241.2,82,1154,1202,1676.369,1692.0,474.369,60.5103,3.6564,16.5491,이상,1,0,1,"출력 저하 - 광학계/렌즈 오염, 레이저 소스 점검"
WeldingTest_04_NG,293,2022-08-03 17:41:53.590,8,21,250,241.1,83,1670,1226,1710.076,1714.0,484.076,59.6135,3.6564,16.3039,이상,1,0,1,"출력 저하 - 광학계/렌즈 오염, 레이저 소스 점검"
WeldingTest_04_NG,294,2022-08-03 17:41:56.206,8,22,250,241.2,82,1154,1206,1673.165,1694.0,467.165,59.759,3.6564,16.3437,이상,1,0,1,"출력 저하 - 광학계/렌즈 오염, 레이저 소스 점검"
WeldingTest_04_NG,295,2022-08-03 17:41:59.626,8,23,250,241.1,83,1670,1230,1706.634,1717.0,476.634,59.0931,3.6564,16.1615,이상,1,0,1,"출력 저하 - 광학계/렌즈 오염, 레이저 소스 점검"
WeldingTest_04_NG,296,2022-08-03 17:42:02.182,8,24,250,241.2,82,1154,1207,1672.855,1695.0,465.855,59.7542,3.6564,16.3423,이상,1,0,1,"출력 저하 - 광학계/렌즈 오염, 레이저 소스 점검"
WeldingTest_04_NG,297,2022-08-03 17:42:08.900,8,25,250,241.1,83,1670,1227,1707.203,1714.0,480.203,59.5379,3.6564,16.2832,이상,1,0,1,"출력 저하 - 광학계/렌즈 오염, 레이저 소스 점검"
WeldingTest_04_NG,298,2022-08-03 17:42:11.544,8,26,250,241.2,82,1154,1206,1673.591,1695.0,467.591,60.0008,3.6564,16.4098,이상,1,0,1,"출력 저하 - 광학계/렌즈 오염, 레이저 소스 점검"
WeldingTest_04_NG,299,2022-08-03 17:42:15.046,8,27,250,241.1,83,1670,1230,1707.184,1718.0,477.184,59.1988,3.6564,16.1905,이상,1,0,1,"출력 저하 - 광학계/렌즈 오염, 레이저 소스 점검"
WeldingTest_04_NG,300,2022-08-03 17:42:17.694,8,28,250,241.2,82,1154,1208,1673.084,1697.0,465.084,59.6854,3.6564,16.3235,이상,1,0,1,"출력 저하 - 광학계/렌즈 오염, 레이저 소스 점검"
WeldingTest_04_NG,301,2022-08-03 17:42:21.194,8,29,250,241.1,83,1670,1231,1707.151,1719.0,476.151,59.0332,3.6564,16.1452,이상,1,0,1,"출력 저하 - 광학계/렌즈 오염, 레이저 소스 점검"
WeldingTest_04_NG,302,2022-08-03 17:42:23.886,8,30,250,241.2,82,1154,1209,1673.079,1698.0,464.079,59.5703,3.6564,16.292,이상,1,0,1,"출력 저하 - 광학계/렌즈 오염, 레이저 소스 점검"
WeldingTest_04_NG,303,2022-08-03 17:42:28.738,8,31,30,19.4,38,650,127,692.588,690.0,565.588,169.0708,3.6564,46.2396,이상,1,0,1,"출력 저하 - 광학계/렌즈 오염, 레이저 소스 점검"
WeldingTest_04_NG,304,2022-08-03 17:42:30.288,8,32,30,19.4,38,650,127,675.0,688.0,548.0,159.471,3.6564,43.6142,이상,1,0,1,"출력 저하 - 광학계/렌즈 오염, 레이저 소스 점검"
WeldingTest_04_NG,305,2022-08-03 17:42:33.372,8,33,30,19.4,38,650,126,684.814,690.0,558.814,161.4749,3.6564,44.1622,이상,1,0,1,"출력 저하 - 광학계/렌즈 오염, 레이저 소스 점검"
WeldingTest_04_NG,306,2022-08-03 17:42:35.128,8,34,30,19.4,38,650,126,680.787,690.0,554.787,160.9263,3.6564,44.0122,이상,1,0,1,"출력 저하 - 광학계/렌즈 오염, 레이저 소스 점검"
WeldingTest_04_NG,307,2022-08-03 17:42:38.636,8,35,30,19.4,38,650,127,681.936,690.0,554.936,160.5588,3.6564,43.9117,이상,1,0,1,"출력 저하 - 광학계/렌즈 오염, 레이저 소스 점검"
WeldingTest_04_NG,308,2022-08-03 17:42:40.364,8,36,30,19.4,38,650,127,684.439,690.0,557.439,161.641,3.6564,44.2076,이상,1,0,1,"출력 저하 - 광학계/렌즈 오염, 레이저 소스 점검"
WeldingTest_04_NG,309,2022-08-03 17:42:42.102,8,37,30,19.4,38,650,127,684.365,688.0,557.365,160.8455,3.6564,43.9901,이상,1,0,1,"출력 저하 - 광학계/렌즈 오염, 레이저 소스 점검"
WeldingTest_04_NG,310,2022-08-03 17:42:45.088,8,38,30,19.4,38,650,127,685.553,690.0,558.553,161.6367,3.6564,44.2065,이상,1,0,1,"출력 저하 - 광학계/렌즈 오염, 레이저 소스 점검"
WeldingTest_04_NG,311,2022-08-03 17:42:46.582,8,39,30,19.4,38,650,127,683.255,688.0,556.255,160.7127,3.6564,43.9538,이상,1,0,1,"출력 저하 - 광학계/렌즈 오염, 레이저 소스 점검"
WeldingTest_04_NG,312,2022-08-03 17:44:48.443,9,1,250,241.1,82,1154,1193,1682.847,1682.0,489.847,56.9952,3.6564,15.5878,이상,1,0,1,"출력 저하 - 광학계/렌즈 오염, 레이저 소스 점검"
WeldingTest_04_NG,313,2022-08-03 17:44:51.715,9,2,250,241.2,83,1670,1220,1701.969,1707.0,481.969,59.9583,3.6564,16.3982,이상,1,0,1,"출력 저하 - 광학계/렌즈 오염, 레이저 소스 점검"
WeldingTest_04_NG,314,2022-08-03 17:44:54.581,9,3,250,241.1,82,1153,1201,1683.296,1689.0,482.296,61.5599,3.6564,16.8362,이상,1,0,1,"출력 저하 - 광학계/렌즈 오염, 레이저 소스 점검"
WeldingTest_04_NG,315,2022-08-03 17:44:57.775,9,4,250,241.2,83,1670,1225,1702.893,1712.0,477.893,59.3449,3.6564,16.2304,이상,1,0,1,"출력 저하 - 광학계/렌즈 오염, 레이저 소스 점검"
WeldingTest_04_NG,316,2022-08-03 17:45:00.571,9,5,250,241.1,82,1154,1203,1678.888,1692.0,475.888,60.8953,3.6564,16.6544,이상,1,0,1,"출력 저하 - 광학계/렌즈 오염, 레이저 소스 점검"
WeldingTest_04_NG,317,2022-08-03 17:45:03.841,9,6,250,241.2,83,1670,1227,1703.129,1714.0,476.129,59.1297,3.6564,16.1715,이상,1,0,1,"출력 저하 - 광학계/렌즈 오염, 레이저 소스 점검"
WeldingTest_04_NG,318,2022-08-03 17:45:09.851,9,7,250,241.1,82,1153,1202,1677.494,1690.0,475.494,60.6771,3.6564,16.5947,이상,1,0,1,"출력 저하 - 광학계/렌즈 오염, 레이저 소스 점검"
WeldingTest_04_NG,319,2022-08-03 17:45:13.221,9,8,250,241.2,83,1670,1227,1704.646,1714.0,477.646,59.0718,3.6564,16.1557,이상,1,0,1,"출력 저하 - 광학계/렌즈 오염, 레이저 소스 점검"
WeldingTest_04_NG,320,2022-08-03 17:45:16.077,9,9,250,241.1,82,1154,1204,1678.101,1694.0,474.101,60.4958,3.6564,16.5452,이상,1,0,1,"출력 저하 - 광학계/렌즈 오염, 레이저 소스 점검"
WeldingTest_04_NG,321,2022-08-03 17:45:19.349,9,10,250,241.2,83,1670,1230,1704.639,1717.0,474.639,58.6624,3.6564,16.0438,이상,1,0,1,"출력 저하 - 광학계/렌즈 오염, 레이저 소스 점검"
WeldingTest_04_NG,322,2022-08-03 17:45:22.181,9,11,250,241.1,82,1154,1207,1677.281,1695.0,470.281,60.2443,3.6564,16.4764,이상,1,0,1,"출력 저하 - 광학계/렌즈 오염, 레이저 소스 점검"
WeldingTest_04_NG,323,2022-08-03 17:45:25.413,9,12,250,241.2,83,1670,1231,1704.855,1718.0,473.855,58.6683,3.6564,16.0454,이상,1,0,1,"출력 저하 - 광학계/렌즈 오염, 레이저 소스 점검"
WeldingTest_04_NG,324,2022-08-03 17:45:30.275,9,13,30,19.4,38,650,127,692.508,690.0,565.508,168.368,3.6564,46.0475,이상,1,0,1,"출력 저하 - 광학계/렌즈 오염, 레이저 소스 점검"
WeldingTest_04_NG,325,2022-08-03 17:45:32.015,9,14,30,19.4,35,650,127,677.998,688.0,550.998,160.4855,3.6564,43.8916,이상,1,1,1,"출력 저하 - 광학계/렌즈 오염, 레이저 소스 점검 + 출력 설정값(레시피) 확인"
WeldingTest_04_NG,326,2022-08-03 17:45:35.025,9,15,30,19.4,38,650,127,685.815,688.0,558.815,161.8299,3.6564,44.2593,이상,1,0,1,"출력 저하 - 광학계/렌즈 오염, 레이저 소스 점검"
WeldingTest_04_NG,327,2022-08-03 17:45:38.413,9,16,30,19.4,38,650,127,679.478,688.0,552.478,160.5844,3.6564,43.9187,이상,1,0,1,"출력 저하 - 광학계/렌즈 오염, 레이저 소스 점검"
WeldingTest_04_NG,328,2022-08-03 17:45:40.123,9,17,30,19.4,38,650,127,687.813,688.0,560.813,161.6426,3.6564,44.2081,이상,1,0,1,"출력 저하 - 광학계/렌즈 오염, 레이저 소스 점검"
WeldingTest_04_NG,329,2022-08-03 17:45:41.879,9,18,30,19.4,38,650,127,679.608,688.0,552.608,159.4847,3.6564,43.6179,이상,1,0,1,"출력 저하 - 광학계/렌즈 오염, 레이저 소스 점검"
WeldingTest_04_NG,330,2022-08-03 17:46:03.431,9,19,250,241.1,83,1670,1221,1697.805,1708.0,476.805,54.7515,3.6564,14.9741,이상,1,0,1,"출력 저하 - 광학계/렌즈 오염, 레이저 소스 점검"
WeldingTest_04_NG,331,2022-08-03 17:46:06.069,9,20,250,241.2,82,1154,1202,1676.34,1692.0,474.34,60.5066,3.6564,16.5481,이상,1,0,1,"출력 저하 - 광학계/렌즈 오염, 레이저 소스 점검"
WeldingTest_04_NG,332,2022-08-03 17:46:09.529,9,21,250,241.1,83,1670,1227,1710.076,1714.0,483.076,59.4902,3.6564,16.2702,이상,1,0,1,"출력 저하 - 광학계/렌즈 오염, 레이저 소스 점검"
WeldingTest_04_NG,333,2022-08-03 17:46:12.185,9,22,250,241.2,82,1154,1206,1673.254,1694.0,467.254,59.7704,3.6564,16.3468,이상,1,0,1,"출력 저하 - 광학계/렌즈 오염, 레이저 소스 점검"
WeldingTest_04_NG,334,2022-08-03 17:46:15.643,9,23,250,241.1,83,1670,1230,1706.843,1717.0,476.843,59.1189,3.6564,16.1686,이상,1,0,1,"출력 저하 - 광학계/렌즈 오염, 레이저 소스 점검"
WeldingTest_04_NG,335,2022-08-03 17:46:18.267,9,24,250,241.2,82,1154,1207,1672.764,1695.0,465.764,59.7425,3.6564,16.3392,이상,1,0,1,"출력 저하 - 광학계/렌즈 오염, 레이저 소스 점검"
WeldingTest_04_NG,336,2022-08-03 17:46:24.947,9,25,250,241.1,83,1670,1227,1707.203,1714.0,480.203,59.5379,3.6564,16.2832,이상,1,0,1,"출력 저하 - 광학계/렌즈 오염, 레이저 소스 점검"
WeldingTest_04_NG,337,2022-08-03 17:46:27.607,9,26,250,241.2,82,1154,1207,1673.551,1695.0,466.551,59.8672,3.6564,16.3732,이상,1,0,1,"출력 저하 - 광학계/렌즈 오염, 레이저 소스 점검"
WeldingTest_04_NG,338,2022-08-03 17:46:31.177,9,27,250,241.1,83,1670,1231,1707.184,1718.0,476.184,59.0747,3.6564,16.1565,이상,1,0,1,"출력 저하 - 광학계/렌즈 오염, 레이저 소스 점검"
WeldingTest_04_NG,339,2022-08-03 17:46:33.791,9,28,250,241.2,82,1154,1208,1672.979,1697.0,464.979,59.672,3.6564,16.3199,이상,1,0,1,"출력 저하 - 광학계/렌즈 오염, 레이저 소스 점검"
WeldingTest_04_NG,340,2022-08-03 17:46:37.293,9,29,250,241.1,83,1670,1232,1707.151,1719.0,475.151,58.909,3.6564,16.1112,이상,1,0,1,"출력 저하 - 광학계/렌즈 오염, 레이저 소스 점검"
WeldingTest_04_NG,341,2022-08-03 17:46:39.891,9,30,250,241.2,82,1154,1209,1672.987,1698.0,463.987,59.5586,3.6564,16.2888,이상,1,0,1,"출력 저하 - 광학계/렌즈 오염, 레이저 소스 점검"
WeldingTest_04_NG,342,2022-08-03 17:46:44.541,9,31,30,19.4,38,650,127,692.597,690.0,565.597,169.0735,3.6564,46.2404,이상,1,0,1,"출력 저하 - 광학계/렌즈 오염, 레이저 소스 점검"
WeldingTest_04_NG,343,2022-08-03 17:46:46.079,9,32,30,19.4,38,650,127,675.0,688.0,548.0,159.471,3.6564,43.6142,이상,1,0,1,"출력 저하 - 광학계/렌즈 오염, 레이저 소스 점검"
WeldingTest_04_NG,344,2022-08-03 17:46:49.147,9,33,30,19.4,38,650,126,682.887,690.0,556.887,160.9175,3.6564,44.0098,이상,1,0,1,"출력 저하 - 광학계/렌즈 오염, 레이저 소스 점검"
WeldingTest_04_NG,345,2022-08-03 17:46:50.925,9,34,30,19.4,38,650,127,679.99,690.0,552.99,160.4045,3.6564,43.8695,이상,1,0,1,"출력 저하 - 광학계/렌즈 오염, 레이저 소스 점검"
WeldingTest_04_NG,346,2022-08-03 17:46:54.451,9,35,30,19.4,38,650,127,681.94,690.0,554.94,160.5599,3.6564,43.912,이상,1,0,1,"출력 저하 - 광학계/렌즈 오염, 레이저 소스 점검"
WeldingTest_04_NG,347,2022-08-03 17:46:56.147,9,36,30,19.4,38,650,127,683.598,690.0,556.598,161.397,3.6564,44.1409,이상,1,0,1,"출력 저하 - 광학계/렌즈 오염, 레이저 소스 점검"
WeldingTest_04_NG,348,2022-08-03 17:46:57.901,9,37,30,19.4,38,650,127,683.15,688.0,556.15,160.4946,3.6564,43.8941,이상,1,0,1,"출력 저하 - 광학계/렌즈 오염, 레이저 소스 점검"
WeldingTest_04_NG,349,2022-08-03 17:47:00.881,9,38,30,19.4,38,650,126,685.553,690.0,559.553,161.9263,3.6564,44.2857,이상,1,0,1,"출력 저하 - 광학계/렌즈 오염, 레이저 소스 점검"
WeldingTest_04_NG,350,2022-08-03 17:47:02.353,9,39,30,19.4,38,650,127,683.255,688.0,556.255,160.7127,3.6564,43.9538,이상,1,0,1,"출력 저하 - 광학계/렌즈 오염, 레이저 소스 점검"
