document_id,part_number,date,actual_d,plan_d1,plan_d2,plan_d3,plan_d4,plan_d5
part_0__2021_09_13,Part 0,2021-09-13,0,0,0,0,0,0
part_0__2021_09_14,Part 0,2021-09-14,0,0,0,0,0,0
part_0__2021_09_15,Part 0,2021-09-15,0,0,0,0,0,1
part_0__2021_09_16,Part 0,2021-09-16,0,0,0,0,1,6
part_0__2021_09_17,Part 0,2021-09-17,0,0,0,0,0,0
part_0__2021_09_18,Part 0,2021-09-18,0,0,0,0,0,0
part_0__2021_09_19,Part 0,2021-09-19,0,0,0,0,0,0
part_0__2021_09_20,Part 0,2021-09-20,0,0,0,0,0,0
part_0__2021_09_21,Part 0,2021-09-21,0,0,0,0,0,0
part_0__2021_09_22,Part 0,2021-09-22,0,0,0,0,0,0
part_0__2021_09_23,Part 0,2021-09-23,0,0,0,0,0,0
part_0__2021_09_24,Part 0,2021-09-24,0,0,0,0,0,0
part_0__2021_09_25,Part 0,2021-09-25,0,0,0,0,0,0
part_0__2021_09_26,Part 0,2021-09-26,0,0,0,0,0,0
part_0__2021_09_27,Part 0,2021-09-27,0,1,3,4,0,0
part_0__2021_09_28,Part 0,2021-09-28,0,0,0,0,0,0
part_0__2021_09_29,Part 0,2021-09-29,0,0,0,0,0,1
part_0__2021_09_30,Part 0,2021-09-30,0,0,0,0,1,1
part_0__2021_10_01,Part 0,2021-10-01,0,0,0,0,2,6
part_0__2021_10_02,Part 0,2021-10-02,0,0,0,0,7,1
part_0__2021_10_03,Part 0,2021-10-03,0,0,0,0,7,1
part_0__2021_10_04,Part 0,2021-10-04,0,0,7,1,0,1
part_0__2021_10_05,Part 0,2021-10-05,0,7,1,0,0,0
part_0__2021_10_06,Part 0,2021-10-06,7,1,0,0,0,0
part_0__2021_10_07,Part 0,2021-10-07,5,0,0,0,0,4
part_0__2021_10_08,Part 0,2021-10-08,1,1,0,0,6,0
part_0__2021_10_09,Part 0,2021-10-09,1,1,0,0,6,0
part_0__2021_10_10,Part 0,2021-10-10,1,1,0,0,6,0
part_0__2021_10_11,Part 0,2021-10-11,1,1,0,0,6,0
part_0__2021_10_12,Part 0,2021-10-12,3,0,4,0,2,0
part_0__2021_10_13,Part 0,2021-10-13,1,0,4,0,0,0
part_0__2021_10_14,Part 0,2021-10-14,0,0,0,0,0,0
part_0__2021_10_15,Part 0,2021-10-15,0,0,0,0,0,0
part_0__2021_10_16,Part 0,2021-10-16,0,0,0,0,0,0
part_0__2021_10_20,Part 0,2021-10-20,0,0,0,0,0,0
part_0__2021_10_21,Part 0,2021-10-21,0,0,0,0,0,0
part_0__2021_10_22,Part 0,2021-10-22,0,0,0,0,0,0
part_0__2021_10_23,Part 0,2021-10-23,0,0,0,0,0,0
part_0__2021_10_24,Part 0,2021-10-24,0,0,0,0,0,0
part_0__2021_10_25,Part 0,2021-10-25,0,0,0,0,0,0
part_0__2021_10_26,Part 0,2021-10-26,0,0,0,0,0,0
part_0__2021_10_27,Part 0,2021-10-27,0,0,0,0,0,0
part_0__2021_10_28,Part 0,2021-10-28,0,0,0,0,0,0
part_0__2021_10_29,Part 0,2021-10-29,0,0,0,0,0,0
part_0__2021_10_30,Part 0,2021-10-30,0,0,0,0,0,0
part_0__2021_11_01,Part 0,2021-11-01,0,0,0,0,3,2
part_1__2021_09_13,Part 1,2021-09-13,0,0,0,0,0,0
part_1__2021_09_14,Part 1,2021-09-14,0,0,0,0,0,0
part_1__2021_09_15,Part 1,2021-09-15,0,0,2,0,0,2
part_1__2021_09_16,Part 1,2021-09-16,0,2,0,0,2,5
part_1__2021_09_17,Part 1,2021-09-17,0,0,0,0,0,0
part_1__2021_09_18,Part 1,2021-09-18,0,0,0,0,0,0
part_1__2021_09_19,Part 1,2021-09-19,0,0,0,0,0,0
part_1__2021_09_20,Part 1,2021-09-20,0,0,0,0,0,0
part_1__2021_09_21,Part 1,2021-09-21,0,0,0,0,0,0
part_1__2021_09_22,Part 1,2021-09-22,0,0,0,0,0,0
part_1__2021_09_23,Part 1,2021-09-23,0,0,0,0,0,0
part_1__2021_09_24,Part 1,2021-09-24,0,0,0,0,0,0
part_1__2021_09_25,Part 1,2021-09-25,0,0,0,0,0,0
part_1__2021_09_26,Part 1,2021-09-26,0,0,0,0,0,0
part_1__2021_09_27,Part 1,2021-09-27,0,3,2,4,0,0
part_1__2021_09_28,Part 1,2021-09-28,0,0,0,0,0,0
part_1__2021_09_29,Part 1,2021-09-29,0,0,0,0,0,3
part_1__2021_09_30,Part 1,2021-09-30,0,0,0,0,3,3
part_1__2021_10_01,Part 1,2021-10-01,0,0,0,2,5,2
part_1__2021_10_02,Part 1,2021-10-02,0,0,2,0,5,9
part_1__2021_10_03,Part 1,2021-10-03,0,0,2,0,5,9
part_1__2021_10_04,Part 1,2021-10-04,2,0,5,9,10,10
part_1__2021_10_05,Part 1,2021-10-05,0,5,6,7,15,0
part_1__2021_10_06,Part 1,2021-10-06,5,2,11,15,0,0
part_1__2021_10_07,Part 1,2021-10-07,4,11,15,0,0,8
part_1__2021_10_08,Part 1,2021-10-08,9,27,0,0,5,0
part_1__2021_10_09,Part 1,2021-10-09,9,27,0,0,5,0
part_1__2021_10_10,Part 1,2021-10-10,9,27,0,0,5,0
part_1__2021_10_11,Part 1,2021-10-11,9,27,0,0,5,0
part_1__2021_10_12,Part 1,2021-10-12,13,0,0,0,0,0
part_1__2021_10_13,Part 1,2021-10-13,3,0,0,0,0,0
part_1__2021_10_14,Part 1,2021-10-14,0,0,0,0,0,0
part_1__2021_10_15,Part 1,2021-10-15,0,0,0,0,0,0
part_1__2021_10_16,Part 1,2021-10-16,0,0,0,0,0,0
part_1__2021_10_20,Part 1,2021-10-20,0,0,0,0,0,0
part_1__2021_10_21,Part 1,2021-10-21,0,0,0,0,0,0
part_1__2021_10_22,Part 1,2021-10-22,0,0,0,0,0,0
part_1__2021_10_23,Part 1,2021-10-23,0,0,0,0,0,0
part_1__2021_10_24,Part 1,2021-10-24,0,0,0,0,0,0
part_1__2021_10_25,Part 1,2021-10-25,0,0,0,0,0,0
part_1__2021_10_26,Part 1,2021-10-26,0,0,0,0,0,0
part_1__2021_10_27,Part 1,2021-10-27,0,0,0,0,0,0
part_1__2021_10_28,Part 1,2021-10-28,0,0,0,0,0,0
part_1__2021_10_29,Part 1,2021-10-29,0,0,0,0,0,0
part_1__2021_10_30,Part 1,2021-10-30,0,0,0,0,0,0
part_1__2021_11_01,Part 1,2021-11-01,0,0,0,0,1,3
part_10__2021_09_13,Part 10,2021-09-13,16,0,0,10,139,173
part_10__2021_09_14,Part 10,2021-09-14,16,0,9,140,184,0
part_10__2021_09_15,Part 10,2021-09-15,16,4,145,184,0,27
part_10__2021_09_16,Part 10,2021-09-16,23,137,177,0,41,32
part_10__2021_09_17,Part 10,2021-09-17,158,173,0,0,0,0
part_10__2021_09_18,Part 10,2021-09-18,158,173,0,0,0,0
part_10__2021_09_19,Part 10,2021-09-19,158,173,0,0,0,0
part_10__2021_09_20,Part 10,2021-09-20,158,173,0,0,0,0
part_10__2021_09_21,Part 10,2021-09-21,158,173,0,0,0,0
part_10__2021_09_22,Part 10,2021-09-22,158,173,0,0,0,0
part_10__2021_09_23,Part 10,2021-09-23,158,173,0,0,0,0
part_10__2021_09_24,Part 10,2021-09-24,158,173,0,0,0,0
part_10__2021_09_25,Part 10,2021-09-25,158,173,0,0,0,0
part_10__2021_09_26,Part 10,2021-09-26,158,173,0,0,0,0
part_10__2021_09_27,Part 10,2021-09-27,70,18,46,75,0,0
part_10__2021_09_28,Part 10,2021-09-28,20,34,87,78,0,0
part_10__2021_09_29,Part 10,2021-09-29,29,84,81,0,0,73
part_10__2021_09_30,Part 10,2021-09-30,76,89,0,0,68,123
part_10__2021_10_01,Part 10,2021-10-01,95,0,0,65,123,116
part_10__2021_10_02,Part 10,2021-10-02,0,0,61,126,121,71
part_10__2021_10_03,Part 10,2021-10-03,0,0,61,126,121,71
part_10__2021_10_04,Part 10,2021-10-04,61,126,121,71,93,0
part_10__2021_10_05,Part 10,2021-10-05,112,133,83,65,135,0
part_10__2021_10_06,Part 10,2021-10-06,151,94,50,142,0,0
part_10__2021_10_07,Part 10,2021-10-07,118,51,142,0,0,110
part_10__2021_10_08,Part 10,2021-10-08,73,131,0,0,110,94
part_10__2021_10_09,Part 10,2021-10-09,73,131,0,0,110,94
part_10__2021_10_10,Part 10,2021-10-10,73,131,0,0,110,94
part_10__2021_10_11,Part 10,2021-10-11,73,131,0,0,110,94
part_10__2021_10_12,Part 10,2021-10-12,145,101,93,123,0,0
part_10__2021_10_13,Part 10,2021-10-13,118,102,112,148,0,166
part_10__2021_10_14,Part 10,2021-10-14,108,114,145,0,161,182
part_10__2021_10_15,Part 10,2021-10-15,114,153,0,156,183,119
part_10__2021_10_16,Part 10,2021-10-16,161,0,158,178,159,33
part_10__2021_10_17,Part 10,2021-10-17,161,0,158,178,159,33
part_10__2021_10_18,Part 10,2021-10-18,169,181,168,36,29,0
part_10__2021_10_19,Part 10,2021-10-19,180,188,44,26,40,0
part_10__2021_10_20,Part 10,2021-10-20,195,76,24,36,0,94
part_10__2021_10_21,Part 10,2021-10-21,104,22,41,0,93,154
part_10__2021_10_22,Part 10,2021-10-22,19,53,0,85,155,151
part_10__2021_10_23,Part 10,2021-10-23,19,53,0,85,155,151
part_10__2021_10_24,Part 10,2021-10-24,19,53,0,85,155,151
part_10__2021_10_25,Part 10,2021-10-25,78,149,148,136,141,0
part_10__2021_10_26,Part 10,2021-10-26,155,148,142,131,137,0
part_10__2021_10_27,Part 10,2021-10-27,161,147,132,138,0,122
part_10__2021_10_28,Part 10,2021-10-28,178,132,142,0,115,124
part_10__2021_10_29,Part 10,2021-10-29,156,152,0,103,130,136
part_10__2021_10_30,Part 10,2021-10-30,156,152,0,103,130,136
part_10__2021_11_01,Part 10,2021-11-01,104,132,135,133,155,0
part_100__2021_09_13,Part 100,2021-09-13,38,20,2,1,2,0
part_100__2021_09_14,Part 100,2021-09-14,35,4,27,43,0,0
part_100__2021_09_15,Part 100,2021-09-15,40,76,1,0,0,0
part_100__2021_09_16,Part 100,2021-09-16,38,78,0,0,0,0
part_100__2021_09_17,Part 100,2021-09-17,21,0,0,0,0,0
part_100__2021_09_18,Part 100,2021-09-18,21,0,0,0,0,0
part_100__2021_09_19,Part 100,2021-09-19,21,0,0,0,0,0
part_100__2021_09_20,Part 100,2021-09-20,21,0,0,0,0,0
part_100__2021_09_21,Part 100,2021-09-21,21,0,0,0,0,0
part_100__2021_09_22,Part 100,2021-09-22,21,0,0,0,0,0
part_100__2021_09_23,Part 100,2021-09-23,21,0,0,0,0,0
part_100__2021_09_24,Part 100,2021-09-24,21,0,0,0,0,0
part_100__2021_09_25,Part 100,2021-09-25,21,0,0,0,0,0
part_100__2021_09_26,Part 100,2021-09-26,21,0,0,0,0,0
part_100__2021_09_27,Part 100,2021-09-27,6,15,95,3,8,0
part_100__2021_09_28,Part 100,2021-09-28,16,33,40,28,0,0
part_100__2021_09_29,Part 100,2021-09-29,28,43,32,0,0,14
part_100__2021_09_30,Part 100,2021-09-30,48,37,0,0,14,0
part_100__2021_10_01,Part 100,2021-10-01,39,0,0,14,0,0
part_100__2021_10_02,Part 100,2021-10-02,0,0,22,0,0,0
part_100__2021_10_03,Part 100,2021-10-03,0,0,22,0,0,0
part_100__2021_10_04,Part 100,2021-10-04,22,0,0,0,0,0
part_100__2021_10_05,Part 100,2021-10-05,8,0,0,0,0,0
part_100__2021_10_06,Part 100,2021-10-06,2,0,0,0,0,0
part_100__2021_10_07,Part 100,2021-10-07,1,0,0,0,0,0
part_100__2021_10_08,Part 100,2021-10-08,1,0,0,0,0,0
part_100__2021_10_09,Part 100,2021-10-09,1,0,0,0,0,0
part_100__2021_10_10,Part 100,2021-10-10,1,0,0,0,0,0
part_100__2021_10_11,Part 100,2021-10-11,1,0,0,0,0,0
part_100__2021_10_12,Part 100,2021-10-12,0,0,0,0,0,0
part_100__2021_10_13,Part 100,2021-10-13,0,0,0,0,0,7
part_100__2021_10_14,Part 100,2021-10-14,0,0,0,0,5,13
part_100__2021_10_15,Part 100,2021-10-15,0,0,0,5,15,12
part_100__2021_10_16,Part 100,2021-10-16,0,0,5,16,11,14
part_100__2021_10_17,Part 100,2021-10-17,0,0,5,16,11,14
part_100__2021_10_18,Part 100,2021-10-18,5,15,12,14,0,0
part_100__2021_10_19,Part 100,2021-10-19,15,11,14,2,0,0
part_100__2021_10_20,Part 100,2021-10-20,16,16,1,0,0,8
part_100__2021_10_21,Part 100,2021-10-21,23,1,0,0,8,15
part_100__2021_10_22,Part 100,2021-10-22,0,0,0,1,8,25
part_100__2021_10_23,Part 100,2021-10-23,0,0,0,1,8,25
part_100__2021_10_24,Part 100,2021-10-24,0,0,0,1,8,25
part_100__2021_10_25,Part 100,2021-10-25,1,5,31,18,15,0
part_100__2021_10_26,Part 100,2021-10-26,6,24,23,11,0,0
part_100__2021_10_27,Part 100,2021-10-27,27,22,11,0,0,1
part_100__2021_10_28,Part 100,2021-10-28,33,11,0,0,1,11
part_100__2021_10_29,Part 100,2021-10-29,23,0,0,0,0,0
part_100__2021_10_30,Part 100,2021-10-30,23,0,0,0,0,0
part_100__2021_11_01,Part 100,2021-11-01,0,0,0,0,0,0
part_101__2021_09_13,Part 101,2021-09-13,0,1,2,28,36,0
part_101__2021_09_14,Part 101,2021-09-14,0,1,0,1,0,0
part_101__2021_09_15,Part 101,2021-09-15,77,264,0,0,0,0
part_101__2021_09_16,Part 101,2021-09-16,78,98,0,0,0,0
part_101__2021_09_17,Part 101,2021-09-17,82,0,0,0,0,0
part_101__2021_09_18,Part 101,2021-09-18,82,0,0,0,0,0
part_101__2021_09_19,Part 101,2021-09-19,82,0,0,0,0,0
part_101__2021_09_20,Part 101,2021-09-20,82,0,0,0,0,0
part_101__2021_09_21,Part 101,2021-09-21,82,0,0,0,0,0
part_101__2021_09_22,Part 101,2021-09-22,82,0,0,0,0,0
part_101__2021_09_23,Part 101,2021-09-23,82,0,0,0,0,0
part_101__2021_09_24,Part 101,2021-09-24,82,0,0,0,0,0
part_101__2021_09_25,Part 101,2021-09-25,82,0,0,0,0,0
part_101__2021_09_26,Part 101,2021-09-26,82,0,0,0,0,0
part_101__2021_09_27,Part 101,2021-09-27,0,100,123,66,20,0
part_101__2021_09_28,Part 101,2021-09-28,95,12,35,0,0,0
part_101__2021_09_29,Part 101,2021-09-29,47,34,5,0,0,25
part_101__2021_09_30,Part 101,2021-09-30,38,18,0,0,25,19
part_101__2021_10_01,Part 101,2021-10-01,33,0,0,24,9,89
part_101__2021_10_02,Part 101,2021-10-02,0,0,30,14,84,115
part_101__2021_10_03,Part 101,2021-10-03,0,0,30,14,84,115
part_101__2021_10_04,Part 101,2021-10-04,30,14,84,115,75,0
part_101__2021_10_05,Part 101,2021-10-05,24,76,107,91,0,0
part_101__2021_10_06,Part 101,2021-10-06,87,107,90,0,0,0
part_101__2021_10_07,Part 101,2021-10-07,108,90,0,0,0,0
part_101__2021_10_08,Part 101,2021-10-08,103,0,0,0,0,0
part_101__2021_10_09,Part 101,2021-10-09,103,0,0,0,0,0
part_101__2021_10_10,Part 101,2021-10-10,103,0,0,0,0,0
part_101__2021_10_11,Part 101,2021-10-11,103,0,0,0,0,0
part_101__2021_10_12,Part 101,2021-10-12,16,0,0,0,0,0
part_101__2021_10_13,Part 101,2021-10-13,0,0,0,0,0,0
part_101__2021_10_14,Part 101,2021-10-14,0,0,0,0,0,0
part_102__2021_09_13,Part 102,2021-09-13,0,12,56,78,93,0
part_102__2021_09_14,Part 102,2021-09-14,3,30,30,152,0,0
part_102__2021_09_15,Part 102,2021-09-15,2,14,94,0,0,0
part_102__2021_09_16,Part 102,2021-09-16,2,40,0,0,0,0
part_102__2021_09_17,Part 102,2021-09-17,2,0,0,0,0,0
part_102__2021_09_18,Part 102,2021-09-18,2,0,0,0,0,0
part_102__2021_09_19,Part 102,2021-09-19,2,0,0,0,0,0
part_102__2021_09_20,Part 102,2021-09-20,2,0,0,0,0,0
part_102__2021_09_21,Part 102,2021-09-21,2,0,0,0,0,0
part_102__2021_09_22,Part 102,2021-09-22,2,0,0,0,0,0
part_102__2021_09_23,Part 102,2021-09-23,2,0,0,0,0,0
part_102__2021_09_24,Part 102,2021-09-24,2,0,0,0,0,0
part_102__2021_09_25,Part 102,2021-09-25,2,0,0,0,0,0
part_102__2021_09_26,Part 102,2021-09-26,2,0,0,0,0,0
part_102__2021_09_27,Part 102,2021-09-27,2,0,11,53,96,0
part_102__2021_09_28,Part 102,2021-09-28,1,13,38,42,0,0
part_102__2021_09_29,Part 102,2021-09-29,11,41,40,0,0,25
part_102__2021_09_30,Part 102,2021-09-30,52,40,0,0,25,3
part_102__2021_10_01,Part 102,2021-10-01,50,0,0,1,24,13
part_102__2021_10_02,Part 102,2021-10-02,0,0,4,24,13,0
part_102__2021_10_03,Part 102,2021-10-03,0,0,4,24,13,0
part_102__2021_10_04,Part 102,2021-10-04,4,24,13,0,4,0
part_102__2021_10_05,Part 102,2021-10-05,24,14,0,4,0,0
part_102__2021_10_06,Part 102,2021-10-06,16,0,4,0,0,0
part_102__2021_10_07,Part 102,2021-10-07,1,4,0,0,0,54
part_102__2021_10_08,Part 102,2021-10-08,5,0,0,0,53,24
part_102__2021_10_09,Part 102,2021-10-09,5,0,0,0,53,24
part_102__2021_10_10,Part 102,2021-10-10,5,0,0,0,53,24
part_102__2021_10_11,Part 102,2021-10-11,5,0,0,0,53,24
part_102__2021_10_12,Part 102,2021-10-12,48,30,5,31,119,0
part_102__2021_10_13,Part 102,2021-10-13,43,5,10,110,0,0
part_102__2021_10_14,Part 102,2021-10-14,9,8,102,0,35,0
part_102__2021_10_15,Part 102,2021-10-15,12,104,0,33,0,1
part_102__2021_10_16,Part 102,2021-10-16,103,0,37,1,1,31
part_102__2021_10_17,Part 102,2021-10-17,103,0,37,1,1,31
part_102__2021_10_18,Part 102,2021-10-18,47,1,1,28,3,0
part_102__2021_10_19,Part 102,2021-10-19,8,1,27,8,0,0
part_102__2021_10_20,Part 102,2021-10-20,3,31,4,0,0,0
part_102__2021_10_21,Part 102,2021-10-21,33,4,0,0,0,0
part_102__2021_10_22,Part 102,2021-10-22,7,0,0,0,0,4
part_102__2021_10_23,Part 102,2021-10-23,7,0,0,0,0,4
part_102__2021_10_24,Part 102,2021-10-24,7,0,0,0,0,4
part_102__2021_10_25,Part 102,2021-10-25,1,68,29,7,27,0
part_102__2021_10_26,Part 102,2021-10-26,6,25,67,34,0,0
part_102__2021_10_27,Part 102,2021-10-27,30,67,34,0,0,0
part_102__2021_10_28,Part 102,2021-10-28,71,34,0,0,0,11
part_102__2021_10_29,Part 102,2021-10-29,50,0,0,0,0,0
part_102__2021_10_30,Part 102,2021-10-30,50,0,0,0,0,0
part_102__2021_11_01,Part 102,2021-11-01,21,0,0,0,19,0
part_103__2021_09_13,Part 103,2021-09-13,23,44,201,209,191,0
part_103__2021_09_14,Part 103,2021-09-14,9,67,194,188,0,0
part_103__2021_09_15,Part 103,2021-09-15,8,19,258,0,0,0
part_103__2021_09_16,Part 103,2021-09-16,8,52,0,0,0,0
part_103__2021_09_17,Part 103,2021-09-17,8,0,0,0,0,0
part_103__2021_09_18,Part 103,2021-09-18,8,0,0,0,0,0
part_103__2021_09_19,Part 103,2021-09-19,8,0,0,0,0,0
part_103__2021_09_20,Part 103,2021-09-20,8,0,0,0,0,0
part_103__2021_09_21,Part 103,2021-09-21,8,0,0,0,0,0
part_103__2021_09_22,Part 103,2021-09-22,8,0,0,0,0,0
part_103__2021_09_23,Part 103,2021-09-23,8,0,0,0,0,0
part_103__2021_09_24,Part 103,2021-09-24,8,0,0,0,0,0
part_103__2021_09_25,Part 103,2021-09-25,8,0,0,0,0,0
part_103__2021_09_26,Part 103,2021-09-26,8,0,0,0,0,0
part_103__2021_09_27,Part 103,2021-09-27,5,4,45,210,233,0
part_103__2021_09_28,Part 103,2021-09-28,6,38,157,177,0,0
part_103__2021_09_29,Part 103,2021-09-29,36,155,184,0,0,95
part_103__2021_09_30,Part 103,2021-09-30,184,176,0,0,98,140
part_103__2021_10_01,Part 103,2021-10-01,186,0,0,133,132,41
part_103__2021_10_02,Part 103,2021-10-02,0,0,148,137,59,105
part_103__2021_10_03,Part 103,2021-10-03,0,0,148,137,59,105
part_103__2021_10_04,Part 103,2021-10-04,148,137,59,105,119,0
part_103__2021_10_05,Part 103,2021-10-05,145,68,103,116,0,0
part_103__2021_10_06,Part 103,2021-10-06,69,105,116,0,0,0
part_103__2021_10_07,Part 103,2021-10-07,112,118,0,0,0,164
part_103__2021_10_08,Part 103,2021-10-08,136,0,0,0,165,120
part_103__2021_10_09,Part 103,2021-10-09,136,0,0,0,165,120
part_103__2021_10_10,Part 103,2021-10-10,136,0,0,0,165,120
part_103__2021_10_11,Part 103,2021-10-11,136,0,0,0,165,120
part_103__2021_10_12,Part 103,2021-10-12,180,119,17,36,132,0
part_103__2021_10_13,Part 103,2021-10-13,156,24,36,143,0,53
part_103__2021_10_14,Part 103,2021-10-14,50,34,119,0,62,42
part_103__2021_10_15,Part 103,2021-10-15,43,122,0,59,48,135
part_103__2021_10_16,Part 103,2021-10-16,127,0,65,49,134,212
part_103__2021_10_17,Part 103,2021-10-17,127,0,65,49,134,212
part_103__2021_10_18,Part 103,2021-10-18,81,48,123,216,30,0
part_103__2021_10_19,Part 103,2021-10-19,55,113,218,57,0,0
part_103__2021_10_20,Part 103,2021-10-20,114,136,60,0,0,234
part_103__2021_10_21,Part 103,2021-10-21,153,67,0,0,270,282
part_103__2021_10_22,Part 103,2021-10-22,87,0,0,345,293,188
part_103__2021_10_23,Part 103,2021-10-23,87,0,0,345,293,188
part_103__2021_10_24,Part 103,2021-10-24,87,0,0,345,293,188
part_103__2021_10_25,Part 103,2021-10-25,387,231,28,81,87,0
part_103__2021_10_26,Part 103,2021-10-26,300,18,74,89,0,0
part_103__2021_10_27,Part 103,2021-10-27,77,72,89,0,0,39
part_103__2021_10_28,Part 103,2021-10-28,103,90,0,0,40,169
part_103__2021_10_29,Part 103,2021-10-29,134,0,0,48,0,0
part_103__2021_10_30,Part 103,2021-10-30,134,0,0,48,0,0
part_103__2021_11_01,Part 103,2021-11-01,82,17,96,180,160,0
part_104__2021_09_13,Part 104,2021-09-13,223,134,79,58,35,0
part_104__2021_09_14,Part 104,2021-09-14,199,115,62,0,0,0
part_104__2021_09_15,Part 104,2021-09-15,127,58,26,0,0,0
part_104__2021_09_16,Part 104,2021-09-16,127,67,0,0,0,0
part_104__2021_09_17,Part 104,2021-09-17,134,0,0,0,0,0
part_104__2021_09_18,Part 104,2021-09-18,134,0,0,0,0,0
part_104__2021_09_19,Part 104,2021-09-19,134,0,0,0,0,0
part_104__2021_09_20,Part 104,2021-09-20,134,0,0,0,0,0
part_104__2021_09_21,Part 104,2021-09-21,134,0,0,0,0,0
part_104__2021_09_22,Part 104,2021-09-22,134,0,0,0,0,0
part_104__2021_09_23,Part 104,2021-09-23,134,0,0,0,0,0
part_104__2021_09_24,Part 104,2021-09-24,134,0,0,0,0,0
part_104__2021_09_25,Part 104,2021-09-25,134,0,0,0,0,0
part_104__2021_09_26,Part 104,2021-09-26,134,0,0,0,0,0
part_104__2021_09_27,Part 104,2021-09-27,115,56,30,10,0,0
part_104__2021_09_28,Part 104,2021-09-28,92,19,0,0,0,0
part_104__2021_09_29,Part 104,2021-09-29,53,2,0,0,0,8
part_104__2021_09_30,Part 104,2021-09-30,16,0,0,0,5,65
part_104__2021_10_01,Part 104,2021-10-01,6,0,0,0,45,152
part_104__2021_10_02,Part 104,2021-10-02,0,0,3,41,152,98
part_104__2021_10_03,Part 104,2021-10-03,0,0,3,41,152,98
part_104__2021_10_04,Part 104,2021-10-04,3,41,152,98,131,0
part_104__2021_10_05,Part 104,2021-10-05,42,147,99,130,0,0
part_104__2021_10_06,Part 104,2021-10-06,156,96,133,0,0,0
part_104__2021_10_07,Part 104,2021-10-07,115,133,0,0,0,64
part_104__2021_10_08,Part 104,2021-10-08,160,0,0,0,67,115
part_104__2021_10_09,Part 104,2021-10-09,160,0,0,0,67,115
part_104__2021_10_10,Part 104,2021-10-10,160,0,0,0,67,115
part_104__2021_10_11,Part 104,2021-10-11,160,0,0,0,67,115
part_104__2021_10_12,Part 104,2021-10-12,94,113,185,212,30,0
part_104__2021_10_13,Part 104,2021-10-13,127,180,221,23,0,169
part_104__2021_10_14,Part 104,2021-10-14,187,215,44,0,114,193
part_104__2021_10_15,Part 104,2021-10-15,242,46,0,107,195,166
part_104__2021_10_16,Part 104,2021-10-16,67,0,109,201,159,61
part_104__2021_10_17,Part 104,2021-10-17,67,0,109,201,159,61
part_104__2021_10_18,Part 104,2021-10-18,109,199,166,61,23,0
part_104__2021_10_19,Part 104,2021-10-19,212,173,60,26,0,0
part_104__2021_10_20,Part 104,2021-10-20,192,77,13,0,0,0
part_104__2021_10_21,Part 104,2021-10-21,92,13,0,0,5,36
part_104__2021_10_22,Part 104,2021-10-22,25,0,0,3,4,58
part_104__2021_10_23,Part 104,2021-10-23,25,0,0,3,4,58
part_104__2021_10_24,Part 104,2021-10-24,25,0,0,3,4,58
part_104__2021_10_25,Part 104,2021-10-25,19,0,0,51,114,0
part_104__2021_10_26,Part 104,2021-10-26,4,0,40,125,0,0
part_104__2021_10_27,Part 104,2021-10-27,2,31,102,0,0,153
part_104__2021_10_28,Part 104,2021-10-28,31,112,0,0,155,77
part_104__2021_10_29,Part 104,2021-10-29,102,0,0,46,113,143
part_104__2021_10_30,Part 104,2021-10-30,102,0,0,46,113,143
part_104__2021_11_01,Part 104,2021-11-01,40,100,150,119,61,0
part_105__2021_09_13,Part 105,2021-09-13,0,5,30,10,10,0
part_105__2021_09_14,Part 105,2021-09-14,0,22,7,10,0,0
part_105__2021_09_15,Part 105,2021-09-15,0,10,25,0,0,0
part_105__2021_09_16,Part 105,2021-09-16,0,25,0,0,0,0
part_105__2021_09_17,Part 105,2021-09-17,0,0,0,0,0,0
part_105__2021_09_18,Part 105,2021-09-18,0,0,0,0,0,0
part_105__2021_09_19,Part 105,2021-09-19,0,0,0,0,0,0
part_105__2021_09_20,Part 105,2021-09-20,0,0,0,0,0,0
part_105__2021_09_21,Part 105,2021-09-21,0,0,0,0,0,0
part_105__2021_09_22,Part 105,2021-09-22,0,0,0,0,0,0
part_105__2021_09_23,Part 105,2021-09-23,0,0,0,0,0,0
part_105__2021_09_24,Part 105,2021-09-24,0,0,0,0,0,0
part_105__2021_09_25,Part 105,2021-09-25,0,0,0,0,0,0
part_105__2021_09_26,Part 105,2021-09-26,0,0,0,0,0,0
part_105__2021_09_27,Part 105,2021-09-27,0,0,27,6,35,0
part_105__2021_09_28,Part 105,2021-09-28,0,0,0,9,0,0
part_105__2021_09_29,Part 105,2021-09-29,0,0,0,0,0,55
part_105__2021_09_30,Part 105,2021-09-30,0,0,0,0,55,4
part_105__2021_10_01,Part 105,2021-10-01,1,0,0,54,0,24
part_105__2021_10_02,Part 105,2021-10-02,0,0,52,3,23,1
part_105__2021_10_03,Part 105,2021-10-03,0,0,52,3,23,1
part_105__2021_10_04,Part 105,2021-10-04,52,3,23,1,0,0
part_105__2021_10_05,Part 105,2021-10-05,6,22,2,0,0,0
part_105__2021_10_06,Part 105,2021-10-06,22,2,0,0,0,0
part_105__2021_10_07,Part 105,2021-10-07,4,0,0,0,0,0
part_105__2021_10_08,Part 105,2021-10-08,2,0,0,0,0,0
part_105__2021_10_09,Part 105,2021-10-09,2,0,0,0,0,0
part_105__2021_10_10,Part 105,2021-10-10,2,0,0,0,0,0
part_105__2021_10_11,Part 105,2021-10-11,2,0,0,0,0,0
part_105__2021_10_12,Part 105,2021-10-12,2,0,10,13,2,0
part_105__2021_10_13,Part 105,2021-10-13,1,10,14,1,0,11
part_105__2021_10_14,Part 105,2021-10-14,11,13,2,0,9,20
part_105__2021_10_15,Part 105,2021-10-15,16,2,0,10,13,9
part_105__2021_10_16,Part 105,2021-10-16,5,0,10,14,8,1
part_105__2021_10_17,Part 105,2021-10-17,5,0,10,14,8,1
part_105__2021_10_18,Part 105,2021-10-18,9,14,9,1,62,0
part_105__2021_10_19,Part 105,2021-10-19,15,9,1,32,0,0
part_105__2021_10_20,Part 105,2021-10-20,10,4,33,0,0,0
part_105__2021_10_21,Part 105,2021-10-21,4,33,0,0,0,0
part_105__2021_10_22,Part 105,2021-10-22,34,0,0,1,0,0
part_105__2021_10_23,Part 105,2021-10-23,34,0,0,1,0,0
part_105__2021_10_24,Part 105,2021-10-24,34,0,0,1,0,0
part_105__2021_10_25,Part 105,2021-10-25,4,0,0,0,0,0
part_105__2021_10_26,Part 105,2021-10-26,0,0,0,0,0,0
part_105__2021_10_27,Part 105,2021-10-27,0,0,0,0,0,0
part_105__2021_10_28,Part 105,2021-10-28,0,0,0,0,0,0
part_105__2021_10_29,Part 105,2021-10-29,0,0,0,0,0,0
part_105__2021_10_30,Part 105,2021-10-30,0,0,0,0,0,0
part_105__2021_11_01,Part 105,2021-11-01,0,0,0,0,0,0
part_106__2021_09_13,Part 106,2021-09-13,263,280,509,497,513,0
part_106__2021_09_14,Part 106,2021-09-14,234,472,516,529,0,0
part_106__2021_09_15,Part 106,2021-09-15,479,360,501,0,0,0
part_106__2021_09_16,Part 106,2021-09-16,501,408,0,0,0,0
part_106__2021_09_17,Part 106,2021-09-17,500,0,0,0,0,0
part_106__2021_09_18,Part 106,2021-09-18,500,0,0,0,0,0
part_106__2021_09_19,Part 106,2021-09-19,500,0,0,0,0,0
part_106__2021_09_20,Part 106,2021-09-20,500,0,0,0,0,0
part_106__2021_09_21,Part 106,2021-09-21,500,0,0,0,0,0
part_106__2021_09_22,Part 106,2021-09-22,500,0,0,0,0,0
part_106__2021_09_23,Part 106,2021-09-23,500,0,0,0,0,0
part_106__2021_09_24,Part 106,2021-09-24,500,0,0,0,0,0
part_106__2021_09_25,Part 106,2021-09-25,500,0,0,0,0,0
part_106__2021_09_26,Part 106,2021-09-26,500,0,0,0,0,0
part_106__2021_09_27,Part 106,2021-09-27,340,258,353,480,479,0
part_106__2021_09_28,Part 106,2021-09-28,334,225,467,477,0,0
part_106__2021_09_29,Part 106,2021-09-29,309,467,472,0,0,499
part_106__2021_09_30,Part 106,2021-09-30,598,465,0,0,499,515
part_106__2021_10_01,Part 106,2021-10-01,519,0,0,499,515,515
part_106__2021_10_02,Part 106,2021-10-02,0,0,531,514,515,515
part_106__2021_10_03,Part 106,2021-10-03,0,0,531,514,515,515
part_106__2021_10_04,Part 106,2021-10-04,531,514,515,515,515,0
part_106__2021_10_05,Part 106,2021-10-05,558,515,515,515,0,0
part_106__2021_10_06,Part 106,2021-10-06,567,515,516,0,0,0
part_106__2021_10_07,Part 106,2021-10-07,577,515,0,0,0,515
part_106__2021_10_08,Part 106,2021-10-08,620,0,0,0,510,515
part_106__2021_10_09,Part 106,2021-10-09,620,0,0,0,510,515
part_106__2021_10_10,Part 106,2021-10-10,620,0,0,0,510,515
part_106__2021_10_11,Part 106,2021-10-11,620,0,0,0,510,515
part_106__2021_10_12,Part 106,2021-10-12,587,514,515,514,496,0
part_106__2021_10_13,Part 106,2021-10-13,587,515,534,513,0,525
part_106__2021_10_14,Part 106,2021-10-14,560,514,499,0,496,493
part_106__2021_10_15,Part 106,2021-10-15,579,496,0,495,493,494
part_106__2021_10_16,Part 106,2021-10-16,544,0,492,491,496,490
part_106__2021_10_17,Part 106,2021-10-17,544,0,492,491,496,490
part_106__2021_10_18,Part 106,2021-10-18,538,492,495,489,508,0
part_106__2021_10_19,Part 106,2021-10-19,563,496,489,511,0,0
part_106__2021_10_20,Part 106,2021-10-20,545,481,508,0,0,446
part_106__2021_10_21,Part 106,2021-10-21,535,508,0,0,446,440
part_106__2021_10_22,Part 106,2021-10-22,559,0,0,477,467,494
part_106__2021_10_23,Part 106,2021-10-23,559,0,0,477,467,494
part_106__2021_10_24,Part 106,2021-10-24,559,0,0,477,467,494
part_106__2021_10_25,Part 106,2021-10-25,549,436,274,361,334,0
part_106__2021_10_26,Part 106,2021-10-26,505,294,355,313,0,0
part_106__2021_10_27,Part 106,2021-10-27,359,359,347,0,0,498
part_106__2021_10_28,Part 106,2021-10-28,502,387,0,0,501,476
part_106__2021_10_29,Part 106,2021-10-29,444,0,0,335,294,294
part_106__2021_10_30,Part 106,2021-10-30,444,0,0,335,294,294
part_106__2021_11_01,Part 106,2021-11-01,364,259,416,517,513,0
part_107__2021_09_13,Part 107,2021-09-13,225,243,117,118,147,0
part_107__2021_09_14,Part 107,2021-09-14,289,221,184,80,0,0
part_107__2021_09_15,Part 107,2021-09-15,355,156,125,0,0,0
part_107__2021_09_16,Part 107,2021-09-16,342,181,0,0,0,0
part_107__2021_09_17,Part 107,2021-09-17,339,0,0,0,0,0
part_107__2021_09_18,Part 107,2021-09-18,339,0,0,0,0,0
part_107__2021_09_19,Part 107,2021-09-19,339,0,0,0,0,0
part_107__2021_09_20,Part 107,2021-09-20,339,0,0,0,0,0
part_107__2021_09_21,Part 107,2021-09-21,339,0,0,0,0,0
part_107__2021_09_22,Part 107,2021-09-22,339,0,0,0,0,0
part_107__2021_09_23,Part 107,2021-09-23,339,0,0,0,0,0
part_107__2021_09_24,Part 107,2021-09-24,339,0,0,0,0,0
part_107__2021_09_25,Part 107,2021-09-25,339,0,0,0,0,0
part_107__2021_09_26,Part 107,2021-09-26,339,0,0,0,0,0
part_107__2021_09_27,Part 107,2021-09-27,255,158,247,103,62,0
part_107__2021_09_28,Part 107,2021-09-28,223,171,175,172,0,0
part_107__2021_09_29,Part 107,2021-09-29,253,171,169,0,0,182
part_107__2021_09_30,Part 107,2021-09-30,273,163,0,0,182,158
part_107__2021_10_01,Part 107,2021-10-01,194,0,0,179,178,81
part_107__2021_10_02,Part 107,2021-10-02,0,0,218,168,68,84
part_107__2021_10_03,Part 107,2021-10-03,0,0,218,168,68,84
part_107__2021_10_04,Part 107,2021-10-04,218,168,68,84,81,0
part_107__2021_10_05,Part 107,2021-10-05,209,72,92,69,0,0
part_107__2021_10_06,Part 107,2021-10-06,110,93,66,0,0,0
part_107__2021_10_07,Part 107,2021-10-07,126,63,0,0,0,124
part_107__2021_10_08,Part 107,2021-10-08,101,0,0,0,123,169
part_107__2021_10_09,Part 107,2021-10-09,101,0,0,0,123,169
part_107__2021_10_10,Part 107,2021-10-10,101,0,0,0,123,169
part_107__2021_10_11,Part 107,2021-10-11,101,0,0,0,123,169
part_107__2021_10_12,Part 107,2021-10-12,134,166,199,123,124,0
part_107__2021_10_13,Part 107,2021-10-13,174,197,112,65,0,142
part_107__2021_10_14,Part 107,2021-10-14,209,112,86,0,150,97
part_107__2021_10_15,Part 107,2021-10-15,133,87,0,150,86,80
part_107__2021_10_16,Part 107,2021-10-16,98,0,151,81,86,81
part_107__2021_10_17,Part 107,2021-10-17,98,0,151,81,86,81
part_107__2021_10_18,Part 107,2021-10-18,159,86,87,80,280,0
part_107__2021_10_19,Part 107,2021-10-19,104,88,81,269,0,0
part_107__2021_10_20,Part 107,2021-10-20,95,116,285,0,0,140
part_107__2021_10_21,Part 107,2021-10-21,116,276,0,0,86,40
part_107__2021_10_22,Part 107,2021-10-22,291,0,0,132,196,235
part_107__2021_10_23,Part 107,2021-10-23,291,0,0,132,196,235
part_107__2021_10_24,Part 107,2021-10-24,291,0,0,132,196,235
part_107__2021_10_25,Part 107,2021-10-25,146,214,266,298,196,0
part_107__2021_10_26,Part 107,2021-10-26,274,267,257,210,0,0
part_107__2021_10_27,Part 107,2021-10-27,323,265,201,0,0,192
part_107__2021_10_28,Part 107,2021-10-28,392,215,0,0,212,131
part_107__2021_10_29,Part 107,2021-10-29,299,0,0,281,303,273
part_107__2021_10_30,Part 107,2021-10-30,299,0,0,281,303,273
part_107__2021_11_01,Part 107,2021-11-01,269,204,178,214,276,0
part_108__2021_09_13,Part 108,2021-09-13,1,1,0,28,19,0
part_108__2021_09_14,Part 108,2021-09-14,1,1,31,7,0,0
part_108__2021_09_15,Part 108,2021-09-15,9,31,0,0,0,0
part_108__2021_09_16,Part 108,2021-09-16,30,1,0,0,0,0
part_108__2021_09_17,Part 108,2021-09-17,8,0,0,0,0,0
part_108__2021_09_18,Part 108,2021-09-18,8,0,0,0,0,0
part_108__2021_09_19,Part 108,2021-09-19,8,0,0,0,0,0
part_108__2021_09_20,Part 108,2021-09-20,8,0,0,0,0,0
part_108__2021_09_21,Part 108,2021-09-21,8,0,0,0,0,0
part_108__2021_09_22,Part 108,2021-09-22,8,0,0,0,0,0
part_108__2021_09_23,Part 108,2021-09-23,8,0,0,0,0,0
part_108__2021_09_24,Part 108,2021-09-24,8,0,0,0,0,0
part_108__2021_09_25,Part 108,2021-09-25,8,0,0,0,0,0
part_108__2021_09_26,Part 108,2021-09-26,8,0,0,0,0,0
part_108__2021_09_27,Part 108,2021-09-27,7,1,0,0,0,0
part_108__2021_09_28,Part 108,2021-09-28,6,1,0,0,0,0
part_108__2021_09_29,Part 108,2021-09-29,6,1,0,0,0,0
part_108__2021_09_30,Part 108,2021-09-30,6,1,0,0,0,0
part_108__2021_10_01,Part 108,2021-10-01,4,0,0,1,0,0
part_108__2021_10_02,Part 108,2021-10-02,0,0,4,1,0,0
part_108__2021_10_03,Part 108,2021-10-03,0,0,4,1,0,0
part_108__2021_10_04,Part 108,2021-10-04,4,1,0,0,0,0
part_108__2021_10_05,Part 108,2021-10-05,4,1,0,0,0,0
part_108__2021_10_06,Part 108,2021-10-06,4,1,0,0,0,0
part_108__2021_10_07,Part 108,2021-10-07,4,1,0,0,0,0
part_108__2021_10_08,Part 108,2021-10-08,4,0,0,0,1,0
part_108__2021_10_09,Part 108,2021-10-09,4,0,0,0,1,0
part_108__2021_10_10,Part 108,2021-10-10,4,0,0,0,1,0
part_108__2021_10_11,Part 108,2021-10-11,4,0,0,0,1,0
part_108__2021_10_12,Part 108,2021-10-12,4,1,0,0,0,0
part_108__2021_10_13,Part 108,2021-10-13,0,0,1,0,0,0
part_108__2021_10_14,Part 108,2021-10-14,0,0,0,0,1,0
part_108__2021_10_15,Part 108,2021-10-15,0,0,0,0,1,0
part_108__2021_10_16,Part 108,2021-10-16,0,0,0,0,1,0
part_108__2021_10_17,Part 108,2021-10-17,0,0,0,0,1,0
part_108__2021_10_18,Part 108,2021-10-18,0,0,1,0,9,0
part_108__2021_10_19,Part 108,2021-10-19,0,0,1,22,0,0
part_108__2021_10_20,Part 108,2021-10-20,0,1,35,0,0,54
part_108__2021_10_21,Part 108,2021-10-21,0,41,0,0,49,0
part_108__2021_10_22,Part 108,2021-10-22,17,0,0,72,1,0
part_108__2021_10_23,Part 108,2021-10-23,17,0,0,72,1,0
part_108__2021_10_24,Part 108,2021-10-24,17,0,0,72,1,0
part_108__2021_10_25,Part 108,2021-10-25,22,3,1,0,0,0
part_108__2021_10_26,Part 108,2021-10-26,7,3,1,0,0,0
part_108__2021_10_27,Part 108,2021-10-27,7,3,1,0,0,0
part_108__2021_10_28,Part 108,2021-10-28,7,3,0,0,1,0
part_108__2021_10_29,Part 108,2021-10-29,6,0,0,3,1,0
part_108__2021_10_30,Part 108,2021-10-30,6,0,0,3,1,0
part_108__2021_11_01,Part 108,2021-11-01,6,4,0,0,0,0
part_109__2021_09_13,Part 109,2021-09-13,0,0,0,3,0,0
part_109__2021_09_14,Part 109,2021-09-14,0,0,2,1,0,0
part_109__2021_09_15,Part 109,2021-09-15,0,3,0,0,0,0
part_109__2021_09_16,Part 109,2021-09-16,3,0,0,0,0,0
part_109__2021_09_17,Part 109,2021-09-17,1,0,0,0,0,0
part_109__2021_09_18,Part 109,2021-09-18,1,0,0,0,0,0
part_109__2021_09_19,Part 109,2021-09-19,1,0,0,0,0,0
part_109__2021_09_20,Part 109,2021-09-20,1,0,0,0,0,0
part_109__2021_09_21,Part 109,2021-09-21,1,0,0,0,0,0
part_109__2021_09_22,Part 109,2021-09-22,1,0,0,0,0,0
part_109__2021_09_23,Part 109,2021-09-23,1,0,0,0,0,0
part_109__2021_09_24,Part 109,2021-09-24,1,0,0,0,0,0
part_109__2021_09_25,Part 109,2021-09-25,1,0,0,0,0,0
part_109__2021_09_26,Part 109,2021-09-26,1,0,0,0,0,0
part_109__2021_09_27,Part 109,2021-09-27,1,0,0,0,0,0
part_11__2021_09_13,Part 11,2021-09-13,0,0,0,0,0,7
part_11__2021_09_14,Part 11,2021-09-14,0,0,0,0,0,0
part_11__2021_09_15,Part 11,2021-09-15,0,0,0,0,0,5
part_11__2021_09_16,Part 11,2021-09-16,0,0,0,0,3,9
part_11__2021_09_17,Part 11,2021-09-17,0,0,0,0,0,0
part_11__2021_09_18,Part 11,2021-09-18,0,0,0,0,0,0
part_11__2021_09_19,Part 11,2021-09-19,0,0,0,0,0,0
part_11__2021_09_20,Part 11,2021-09-20,0,0,0,0,0,0
part_11__2021_09_21,Part 11,2021-09-21,0,0,0,0,0,0
part_11__2021_09_22,Part 11,2021-09-22,0,0,0,0,0,0
part_11__2021_09_23,Part 11,2021-09-23,0,0,0,0,0,0
part_11__2021_09_24,Part 11,2021-09-24,0,0,0,0,0,0
part_11__2021_09_25,Part 11,2021-09-25,0,0,0,0,0,0
part_11__2021_09_26,Part 11,2021-09-26,0,0,0,0,0,0
part_11__2021_09_27,Part 11,2021-09-27,1,6,2,4,0,0
part_11__2021_09_28,Part 11,2021-09-28,4,4,7,7,0,0
part_11__2021_09_29,Part 11,2021-09-29,3,7,8,0,0,0
part_11__2021_09_30,Part 11,2021-09-30,5,8,0,0,0,0
part_11__2021_10_01,Part 11,2021-10-01,9,0,0,0,0,0
part_11__2021_10_02,Part 11,2021-10-02,0,0,0,0,0,1
part_11__2021_10_03,Part 11,2021-10-03,0,0,0,0,0,1
part_11__2021_10_04,Part 11,2021-10-04,0,0,0,1,1,0
part_11__2021_10_05,Part 11,2021-10-05,0,0,0,2,0,0
part_11__2021_10_06,Part 11,2021-10-06,0,0,2,0,0,0
part_11__2021_10_07,Part 11,2021-10-07,0,2,0,0,0,0
part_11__2021_10_08,Part 11,2021-10-08,1,1,0,0,0,0
part_11__2021_10_09,Part 11,2021-10-09,1,1,0,0,0,0
part_11__2021_10_10,Part 11,2021-10-10,1,1,0,0,0,0
part_11__2021_10_11,Part 11,2021-10-11,1,1,0,0,0,0
part_11__2021_10_12,Part 11,2021-10-12,0,0,0,0,0,0
part_11__2021_10_13,Part 11,2021-10-13,0,0,0,1,0,3
part_11__2021_10_14,Part 11,2021-10-14,0,0,1,0,3,2
part_11__2021_10_15,Part 11,2021-10-15,0,0,0,4,1,2
part_11__2021_10_16,Part 11,2021-10-16,0,0,4,0,3,3
part_11__2021_10_17,Part 11,2021-10-17,0,0,4,0,3,3
part_11__2021_10_18,Part 11,2021-10-18,4,0,3,3,5,0
part_11__2021_10_19,Part 11,2021-10-19,0,2,2,4,14,0
part_11__2021_10_20,Part 11,2021-10-20,2,2,1,15,0,8
part_11__2021_10_21,Part 11,2021-10-21,2,1,15,0,8,2
part_11__2021_10_22,Part 11,2021-10-22,2,13,0,8,3,0
part_11__2021_10_23,Part 11,2021-10-23,2,13,0,8,3,0
part_11__2021_10_24,Part 11,2021-10-24,2,13,0,8,3,0
part_11__2021_10_25,Part 11,2021-10-25,14,1,1,0,2,0
part_11__2021_10_26,Part 11,2021-10-26,2,1,0,2,1,0
part_11__2021_10_27,Part 11,2021-10-27,1,0,1,2,0,0
part_11__2021_10_28,Part 11,2021-10-28,0,1,2,0,0,0
part_11__2021_10_29,Part 11,2021-10-29,1,2,0,0,0,0
part_11__2021_10_30,Part 11,2021-10-30,1,2,0,0,0,0
part_11__2021_11_01,Part 11,2021-11-01,1,0,0,3,0,0
part_110__2021_09_14,Part 110,2021-09-14,2,0,0,0,0,0
part_110__2021_09_16,Part 110,2021-09-16,0,0,0,0,0,0
part_110__2021_09_17,Part 110,2021-09-17,0,0,0,0,0,0
part_110__2021_09_18,Part 110,2021-09-18,0,0,0,0,0,0
part_110__2021_09_19,Part 110,2021-09-19,0,0,0,0,0,0
part_110__2021_09_20,Part 110,2021-09-20,0,0,0,0,0,0
part_110__2021_09_21,Part 110,2021-09-21,0,0,0,0,0,0
part_110__2021_09_22,Part 110,2021-09-22,0,0,0,0,0,0
part_110__2021_09_23,Part 110,2021-09-23,0,0,0,0,0,0
part_110__2021_09_24,Part 110,2021-09-24,0,0,0,0,0,0
part_110__2021_09_25,Part 110,2021-09-25,0,0,0,0,0,0
part_110__2021_09_26,Part 110,2021-09-26,0,0,0,0,0,0
part_110__2021_09_27,Part 110,2021-09-27,0,0,5,0,4,0
part_110__2021_09_28,Part 110,2021-09-28,0,1,0,4,0,0
part_110__2021_09_29,Part 110,2021-09-29,5,0,4,0,0,0
part_110__2021_09_30,Part 110,2021-09-30,0,5,0,0,0,0
part_110__2021_10_01,Part 110,2021-10-01,0,0,0,0,0,0
part_110__2021_10_02,Part 110,2021-10-02,0,0,0,0,0,5
part_110__2021_10_03,Part 110,2021-10-03,0,0,0,0,0,5
part_110__2021_10_04,Part 110,2021-10-04,0,0,0,5,4,0
part_110__2021_10_05,Part 110,2021-10-05,0,0,5,4,0,0
part_110__2021_10_06,Part 110,2021-10-06,0,5,4,0,0,0
part_110__2021_10_07,Part 110,2021-10-07,4,4,0,0,0,4
part_110__2021_10_08,Part 110,2021-10-08,4,0,0,0,4,4
part_110__2021_10_09,Part 110,2021-10-09,4,0,0,0,4,4
part_110__2021_10_10,Part 110,2021-10-10,4,0,0,0,4,4
part_110__2021_10_11,Part 110,2021-10-11,4,0,0,0,4,4
part_110__2021_10_12,Part 110,2021-10-12,3,4,4,0,0,0
part_110__2021_10_13,Part 110,2021-10-13,8,5,0,0,0,0
part_110__2021_10_14,Part 110,2021-10-14,4,0,0,0,0,0
part_110__2021_10_15,Part 110,2021-10-15,0,0,0,0,0,0
part_110__2021_10_16,Part 110,2021-10-16,0,0,0,0,0,0
part_110__2021_10_22,Part 110,2021-10-22,0,0,0,8,0,0
part_110__2021_10_23,Part 110,2021-10-23,0,0,0,8,0,0
part_110__2021_10_24,Part 110,2021-10-24,0,0,0,8,0,0
part_110__2021_10_25,Part 110,2021-10-25,8,0,0,1,0,0
part_110__2021_10_26,Part 110,2021-10-26,0,0,8,0,0,0
part_110__2021_10_27,Part 110,2021-10-27,0,9,0,0,0,0
part_110__2021_10_28,Part 110,2021-10-28,5,0,0,0,0,0
part_110__2021_10_29,Part 110,2021-10-29,5,0,0,0,0,0
part_111__2021_09_16,Part 111,2021-09-16,0,0,0,0,0,0
part_111__2021_09_17,Part 111,2021-09-17,0,0,0,0,0,0
part_111__2021_09_18,Part 111,2021-09-18,0,0,0,0,0,0
part_111__2021_09_19,Part 111,2021-09-19,0,0,0,0,0,0
part_111__2021_09_20,Part 111,2021-09-20,0,0,0,0,0,0
part_111__2021_09_21,Part 111,2021-09-21,0,0,0,0,0,0
part_111__2021_09_22,Part 111,2021-09-22,0,0,0,0,0,0
part_111__2021_09_23,Part 111,2021-09-23,0,0,0,0,0,0
part_111__2021_09_24,Part 111,2021-09-24,0,0,0,0,0,0
part_111__2021_09_25,Part 111,2021-09-25,0,0,0,0,0,0
part_111__2021_09_26,Part 111,2021-09-26,0,0,0,0,0,0
part_111__2021_09_27,Part 111,2021-09-27,0,0,3,0,0,0
part_111__2021_09_28,Part 111,2021-09-28,0,3,0,0,0,0
part_111__2021_09_29,Part 111,2021-09-29,3,0,0,0,0,0
part_111__2021_09_30,Part 111,2021-09-30,0,3,0,0,0,0
part_111__2021_10_01,Part 111,2021-10-01,0,0,0,0,0,0
part_111__2021_10_02,Part 111,2021-10-02,0,0,0,0,0,3
part_111__2021_10_03,Part 111,2021-10-03,0,0,0,0,0,3
part_111__2021_10_04,Part 111,2021-10-04,0,0,0,3,0,0
part_111__2021_10_05,Part 111,2021-10-05,0,0,3,0,0,0
part_111__2021_10_06,Part 111,2021-10-06,0,3,0,0,0,0
part_111__2021_10_07,Part 111,2021-10-07,0,0,0,0,0,0
part_111__2021_10_08,Part 111,2021-10-08,0,0,0,0,0,0
part_112__2021_09_17,Part 112,2021-09-17,0,0,0,0,0,0
part_112__2021_09_18,Part 112,2021-09-18,0,0,0,0,0,0
part_112__2021_09_19,Part 112,2021-09-19,0,0,0,0,0,0
part_112__2021_09_20,Part 112,2021-09-20,0,0,0,0,0,0
part_112__2021_09_21,Part 112,2021-09-21,0,0,0,0,0,0
part_112__2021_09_22,Part 112,2021-09-22,0,0,0,0,0,0
part_112__2021_09_23,Part 112,2021-09-23,0,0,0,0,0,0
part_112__2021_09_24,Part 112,2021-09-24,0,0,0,0,0,0
part_112__2021_09_25,Part 112,2021-09-25,0,0,0,0,0,0
part_112__2021_09_26,Part 112,2021-09-26,0,0,0,0,0,0
part_112__2021_09_27,Part 112,2021-09-27,0,0,0,0,0,0
part_112__2021_09_28,Part 112,2021-09-28,0,0,0,0,0,0
part_112__2021_09_29,Part 112,2021-09-29,0,0,0,0,0,0
part_112__2021_09_30,Part 112,2021-09-30,0,0,0,0,0,0
part_112__2021_10_01,Part 112,2021-10-01,0,0,0,0,0,0
part_112__2021_10_02,Part 112,2021-10-02,0,0,0,0,0,2
part_112__2021_10_03,Part 112,2021-10-03,0,0,0,0,0,2
part_112__2021_10_04,Part 112,2021-10-04,0,0,0,2,0,0
part_112__2021_10_05,Part 112,2021-10-05,0,0,2,0,0,0
part_112__2021_10_06,Part 112,2021-10-06,0,2,0,0,0,0
part_112__2021_10_07,Part 112,2021-10-07,2,0,0,0,0,0
part_112__2021_10_08,Part 112,2021-10-08,0,0,0,0,0,0
part_112__2021_10_09,Part 112,2021-10-09,0,0,0,0,0,0
part_112__2021_10_10,Part 112,2021-10-10,0,0,0,0,0,0
part_112__2021_10_11,Part 112,2021-10-11,0,0,0,0,0,0
part_112__2021_10_12,Part 112,2021-10-12,0,0,0,0,0,0
part_112__2021_10_22,Part 112,2021-10-22,0,0,0,0,0,0
part_112__2021_10_23,Part 112,2021-10-23,0,0,0,0,0,0
part_112__2021_10_24,Part 112,2021-10-24,0,0,0,0,0,0
part_112__2021_10_25,Part 112,2021-10-25,0,0,0,0,0,0
part_112__2021_10_26,Part 112,2021-10-26,0,0,0,0,0,0
part_112__2021_10_27,Part 112,2021-10-27,0,0,0,0,0,0
part_112__2021_10_28,Part 112,2021-10-28,0,0,0,0,0,0
part_112__2021_10_29,Part 112,2021-10-29,0,0,0,0,0,0
part_112__2021_10_30,Part 112,2021-10-30,0,0,0,0,0,0
part_112__2021_11_01,Part 112,2021-11-01,0,0,0,0,0,0
part_113__2021_09_27,Part 113,2021-09-27,0,0,0,0,0,0
part_113__2021_09_28,Part 113,2021-09-28,0,0,0,0,0,0
part_113__2021_09_29,Part 113,2021-09-29,0,0,0,0,0,0
part_113__2021_09_30,Part 113,2021-09-30,0,0,0,0,0,0
part_113__2021_10_01,Part 113,2021-10-01,0,0,0,0,0,0
part_113__2021_10_02,Part 113,2021-10-02,0,0,0,0,0,0
part_113__2021_10_03,Part 113,2021-10-03,0,0,0,0,0,0
part_113__2021_10_04,Part 113,2021-10-04,0,0,0,0,4,4
part_113__2021_10_05,Part 113,2021-10-05,0,0,0,0,0,0
part_113__2021_10_06,Part 113,2021-10-06,0,0,0,0,0,0
part_113__2021_10_07,Part 113,2021-10-07,0,0,0,0,0,0
part_113__2021_10_08,Part 113,2021-10-08,0,0,0,0,0,0
part_113__2021_10_09,Part 113,2021-10-09,0,0,0,0,0,0
part_113__2021_10_10,Part 113,2021-10-10,0,0,0,0,0,0
part_113__2021_10_11,Part 113,2021-10-11,0,0,0,0,0,0
part_113__2021_10_12,Part 113,2021-10-12,0,0,8,0,0,0
part_113__2021_10_13,Part 113,2021-10-13,0,8,0,0,0,0
part_113__2021_10_14,Part 113,2021-10-14,7,1,0,0,0,0
part_113__2021_10_15,Part 113,2021-10-15,5,0,0,0,0,0
part_113__2021_10_16,Part 113,2021-10-16,0,0,1,0,0,0
part_113__2021_10_17,Part 113,2021-10-17,0,0,1,0,0,0
part_113__2021_10_18,Part 113,2021-10-18,1,0,0,0,0,0
part_113__2021_10_19,Part 113,2021-10-19,0,0,0,0,0,0
part_113__2021_10_20,Part 113,2021-10-20,0,0,0,0,0,0
part_113__2021_10_21,Part 113,2021-10-21,0,0,0,0,0,0
part_113__2021_10_22,Part 113,2021-10-22,0,0,0,0,0,0
part_113__2021_10_23,Part 113,2021-10-23,0,0,0,0,0,0
part_113__2021_10_24,Part 113,2021-10-24,0,0,0,0,0,0
part_113__2021_10_25,Part 113,2021-10-25,0,0,0,0,0,0
part_113__2021_10_26,Part 113,2021-10-26,0,0,0,0,0,0
part_113__2021_10_27,Part 113,2021-10-27,0,0,0,0,0,0
part_113__2021_10_28,Part 113,2021-10-28,0,0,0,0,0,0
part_113__2021_10_29,Part 113,2021-10-29,0,0,0,0,0,0
part_113__2021_10_30,Part 113,2021-10-30,0,0,0,0,0,0
part_113__2021_11_01,Part 113,2021-11-01,0,0,0,0,0,1
part_114__2021_09_28,Part 114,2021-09-28,0,0,0,0,0,0
part_114__2021_09_29,Part 114,2021-09-29,0,0,0,0,0,0
part_114__2021_09_30,Part 114,2021-09-30,0,0,0,0,0,0
part_114__2021_10_01,Part 114,2021-10-01,0,0,0,0,0,0
part_114__2021_10_02,Part 114,2021-10-02,0,0,0,0,0,0
part_114__2021_10_03,Part 114,2021-10-03,0,0,0,0,0,0
part_114__2021_10_04,Part 114,2021-10-04,0,0,0,0,0,0
part_114__2021_10_05,Part 114,2021-10-05,0,0,0,0,0,0
part_114__2021_10_06,Part 114,2021-10-06,0,0,0,0,0,0
part_114__2021_10_07,Part 114,2021-10-07,0,0,0,0,0,0
part_114__2021_10_08,Part 114,2021-10-08,0,0,0,0,0,0
part_114__2021_10_09,Part 114,2021-10-09,0,0,0,0,0,0
part_114__2021_10_10,Part 114,2021-10-10,0,0,0,0,0,0
part_114__2021_10_11,Part 114,2021-10-11,0,0,0,0,0,0
part_114__2021_10_12,Part 114,2021-10-12,0,0,0,0,0,0
part_114__2021_10_13,Part 114,2021-10-13,0,0,0,0,0,0
part_114__2021_10_14,Part 114,2021-10-14,0,0,0,0,0,0
part_114__2021_10_15,Part 114,2021-10-15,0,0,0,0,0,0
part_114__2021_10_16,Part 114,2021-10-16,0,0,0,0,0,0
part_114__2021_10_17,Part 114,2021-10-17,0,0,0,0,0,0
part_114__2021_10_18,Part 114,2021-10-18,0,0,0,0,0,0
part_114__2021_10_19,Part 114,2021-10-19,0,0,0,0,0,0
part_114__2021_10_20,Part 114,2021-10-20,0,0,0,0,0,0
part_114__2021_10_21,Part 114,2021-10-21,0,0,0,0,0,2
part_114__2021_10_22,Part 114,2021-10-22,0,0,0,0,1,3
part_114__2021_10_23,Part 114,2021-10-23,0,0,0,0,1,3
part_114__2021_10_24,Part 114,2021-10-24,0,0,0,0,1,3
part_114__2021_10_25,Part 114,2021-10-25,0,0,6,4,0,0
part_114__2021_10_26,Part 114,2021-10-26,0,6,4,0,0,0
part_114__2021_10_27,Part 114,2021-10-27,6,4,0,0,0,0
part_114__2021_10_28,Part 114,2021-10-28,5,0,0,0,0,0
part_114__2021_10_29,Part 114,2021-10-29,0,0,0,0,0,0
part_114__2021_10_30,Part 114,2021-10-30,0,0,0,0,0,0
part_115__2021_09_30,Part 115,2021-09-30,0,0,0,0,0,0
part_115__2021_10_01,Part 115,2021-10-01,0,0,0,0,0,0
part_115__2021_10_02,Part 115,2021-10-02,0,0,0,0,0,0
part_115__2021_10_03,Part 115,2021-10-03,0,0,0,0,0,0
part_115__2021_10_04,Part 115,2021-10-04,0,0,0,0,0,0
part_115__2021_10_06,Part 115,2021-10-06,0,0,0,0,0,0
part_115__2021_10_07,Part 115,2021-10-07,0,0,0,0,0,0
part_115__2021_10_08,Part 115,2021-10-08,0,0,0,0,0,0
part_115__2021_10_09,Part 115,2021-10-09,0,0,0,0,0,0
part_115__2021_10_10,Part 115,2021-10-10,0,0,0,0,0,0
part_115__2021_10_11,Part 115,2021-10-11,0,0,0,0,0,0
part_115__2021_10_12,Part 115,2021-10-12,0,0,0,0,0,0
part_115__2021_10_15,Part 115,2021-10-15,0,0,0,0,0,0
part_115__2021_10_16,Part 115,2021-10-16,0,0,0,0,0,0
part_116__2021_10_08,Part 116,2021-10-08,0,0,0,0,0,0
part_116__2021_10_09,Part 116,2021-10-09,0,0,0,0,0,0
part_116__2021_10_10,Part 116,2021-10-10,0,0,0,0,0,0
part_116__2021_10_11,Part 116,2021-10-11,0,0,0,0,0,0
part_116__2021_10_12,Part 116,2021-10-12,0,0,0,0,0,0
part_116__2021_10_13,Part 116,2021-10-13,0,0,0,0,0,0
part_116__2021_10_14,Part 116,2021-10-14,0,0,0,0,0,0
part_116__2021_10_15,Part 116,2021-10-15,0,0,0,0,0,3
part_116__2021_10_16,Part 116,2021-10-16,0,0,0,0,2,2
part_116__2021_10_17,Part 116,2021-10-17,0,0,0,0,2,2
part_116__2021_10_18,Part 116,2021-10-18,0,0,2,2,2,0
part_116__2021_10_19,Part 116,2021-10-19,0,2,2,1,0,0
part_116__2021_10_20,Part 116,2021-10-20,3,1,1,0,0,1
part_116__2021_10_21,Part 116,2021-10-21,3,0,0,0,2,0
part_116__2021_10_22,Part 116,2021-10-22,1,0,0,1,0,0
part_116__2021_10_23,Part 116,2021-10-23,1,0,0,1,0,0
part_116__2021_10_24,Part 116,2021-10-24,1,0,0,1,0,0
part_116__2021_10_25,Part 116,2021-10-25,2,0,0,0,0,0
part_116__2021_10_26,Part 116,2021-10-26,0,0,0,0,0,0
part_116__2021_10_27,Part 116,2021-10-27,0,0,0,0,0,0
part_116__2021_10_28,Part 116,2021-10-28,0,0,0,0,0,0
part_116__2021_10_29,Part 116,2021-10-29,0,0,0,0,0,0
part_116__2021_10_30,Part 116,2021-10-30,0,0,0,0,0,0
part_116__2021_11_01,Part 116,2021-11-01,0,0,0,0,0,6
part_12__2021_09_13,Part 12,2021-09-13,27,17,23,4,1,14
part_12__2021_09_14,Part 12,2021-09-14,27,17,6,1,19,0
part_12__2021_09_15,Part 12,2021-09-15,28,10,1,15,0,41
part_12__2021_09_16,Part 12,2021-09-16,19,1,15,0,42,41
part_12__2021_09_17,Part 12,2021-09-17,8,11,0,0,0,0
part_12__2021_09_18,Part 12,2021-09-18,8,11,0,0,0,0
part_12__2021_09_19,Part 12,2021-09-19,8,11,0,0,0,0
part_12__2021_09_20,Part 12,2021-09-20,8,11,0,0,0,0
part_12__2021_09_21,Part 12,2021-09-21,8,11,0,0,0,0
part_12__2021_09_22,Part 12,2021-09-22,8,11,0,0,0,0
part_12__2021_09_23,Part 12,2021-09-23,8,11,0,0,0,0
part_12__2021_09_24,Part 12,2021-09-24,8,11,0,0,0,0
part_12__2021_09_25,Part 12,2021-09-25,8,11,0,0,0,0
part_12__2021_09_26,Part 12,2021-09-26,8,11,0,0,0,0
part_12__2021_09_27,Part 12,2021-09-27,9,30,47,60,0,0
part_12__2021_09_28,Part 12,2021-09-28,21,47,60,51,0,0
part_12__2021_09_29,Part 12,2021-09-29,43,65,48,0,0,41
part_12__2021_09_30,Part 12,2021-09-30,68,49,0,0,44,0
part_12__2021_10_01,Part 12,2021-10-01,50,0,0,48,1,6
part_12__2021_10_02,Part 12,2021-10-02,0,0,57,1,4,5
part_12__2021_10_03,Part 12,2021-10-03,0,0,57,1,4,5
part_12__2021_10_04,Part 12,2021-10-04,57,1,4,5,5,0
part_12__2021_10_05,Part 12,2021-10-05,26,1,8,2,21,0
part_12__2021_10_06,Part 12,2021-10-06,0,9,1,17,0,0
part_12__2021_10_07,Part 12,2021-10-07,9,0,14,0,0,40
part_12__2021_10_08,Part 12,2021-10-08,0,9,0,0,37,25
part_12__2021_10_09,Part 12,2021-10-09,0,9,0,0,37,25
part_12__2021_10_10,Part 12,2021-10-10,0,9,0,0,37,25
part_12__2021_10_11,Part 12,2021-10-11,0,9,0,0,37,25
part_12__2021_10_12,Part 12,2021-10-12,32,33,4,2,0,0
part_12__2021_10_13,Part 12,2021-10-13,39,6,3,1,0,3
part_12__2021_10_14,Part 12,2021-10-14,16,2,2,0,3,2
part_12__2021_10_15,Part 12,2021-10-15,8,2,0,0,0,0
part_12__2021_10_16,Part 12,2021-10-16,5,0,0,0,3,2
part_12__2021_10_17,Part 12,2021-10-17,5,0,0,0,3,2
part_12__2021_10_18,Part 12,2021-10-18,1,0,3,2,0,0
part_12__2021_10_19,Part 12,2021-10-19,1,3,2,0,0,0
part_12__2021_10_20,Part 12,2021-10-20,4,1,1,0,0,0
part_12__2021_10_21,Part 12,2021-10-21,1,1,0,0,0,0
part_12__2021_10_22,Part 12,2021-10-22,1,0,0,0,0,0
part_12__2021_10_23,Part 12,2021-10-23,1,0,0,0,0,0
part_12__2021_10_24,Part 12,2021-10-24,1,0,0,0,0,0
part_12__2021_10_25,Part 12,2021-10-25,0,0,0,0,0,0
part_12__2021_10_26,Part 12,2021-10-26,0,0,0,0,3,0
part_12__2021_10_27,Part 12,2021-10-27,0,0,0,2,0,2
part_12__2021_10_28,Part 12,2021-10-28,0,0,2,0,2,5
part_12__2021_10_29,Part 12,2021-10-29,0,1,0,3,2,2
part_12__2021_10_30,Part 12,2021-10-30,0,1,0,3,2,2
part_12__2021_11_01,Part 12,2021-11-01,3,2,0,12,1,0
part_13__2021_09_13,Part 13,2021-09-13,0,0,0,0,0,8
part_13__2021_09_14,Part 13,2021-09-14,0,0,0,0,0,0
part_13__2021_09_15,Part 13,2021-09-15,0,0,0,0,0,5
part_13__2021_09_16,Part 13,2021-09-16,0,0,0,0,3,15
part_13__2021_09_17,Part 13,2021-09-17,0,2,0,0,0,0
part_13__2021_09_18,Part 13,2021-09-18,0,2,0,0,0,0
part_13__2021_09_19,Part 13,2021-09-19,0,2,0,0,0,0
part_13__2021_09_20,Part 13,2021-09-20,0,2,0,0,0,0
part_13__2021_09_21,Part 13,2021-09-21,0,2,0,0,0,0
part_13__2021_09_22,Part 13,2021-09-22,0,2,0,0,0,0
part_13__2021_09_23,Part 13,2021-09-23,0,2,0,0,0,0
part_13__2021_09_24,Part 13,2021-09-24,0,2,0,0,0,0
part_13__2021_09_25,Part 13,2021-09-25,0,2,0,0,0,0
part_13__2021_09_26,Part 13,2021-09-26,0,2,0,0,0,0
part_13__2021_09_27,Part 13,2021-09-27,4,1,9,3,0,0
part_13__2021_09_28,Part 13,2021-09-28,2,9,3,11,0,0
part_13__2021_09_29,Part 13,2021-09-29,9,2,12,0,0,1
part_13__2021_09_30,Part 13,2021-09-30,2,5,0,0,1,0
part_13__2021_10_01,Part 13,2021-10-01,5,0,0,1,0,0
part_13__2021_10_02,Part 13,2021-10-02,0,0,1,0,0,5
part_13__2021_10_03,Part 13,2021-10-03,0,0,1,0,0,5
part_13__2021_10_04,Part 13,2021-10-04,1,0,0,5,3,0
part_13__2021_10_05,Part 13,2021-10-05,0,0,3,5,0,0
part_13__2021_10_06,Part 13,2021-10-06,0,0,8,0,0,0
part_13__2021_10_07,Part 13,2021-10-07,0,8,0,0,0,0
part_13__2021_10_08,Part 13,2021-10-08,8,0,0,0,0,0
part_13__2021_10_09,Part 13,2021-10-09,8,0,0,0,0,0
part_13__2021_10_10,Part 13,2021-10-10,8,0,0,0,0,0
part_13__2021_10_11,Part 13,2021-10-11,8,0,0,0,0,0
part_13__2021_10_12,Part 13,2021-10-12,0,0,0,1,0,0
part_13__2021_10_13,Part 13,2021-10-13,0,0,0,3,0,0
part_13__2021_10_14,Part 13,2021-10-14,0,0,3,0,0,0
part_13__2021_10_15,Part 13,2021-10-15,0,3,0,0,0,1
part_13__2021_10_16,Part 13,2021-10-16,3,0,0,0,1,1
part_13__2021_10_17,Part 13,2021-10-17,3,0,0,0,1,1
part_13__2021_10_18,Part 13,2021-10-18,0,0,0,2,4,0
part_13__2021_10_19,Part 13,2021-10-19,0,0,2,2,9,0
part_13__2021_10_20,Part 13,2021-10-20,0,2,1,9,0,4
part_13__2021_10_21,Part 13,2021-10-21,2,1,9,0,4,0
part_13__2021_10_22,Part 13,2021-10-22,0,10,0,3,1,1
part_13__2021_10_23,Part 13,2021-10-23,0,10,0,3,1,1
part_13__2021_10_24,Part 13,2021-10-24,0,10,0,3,1,1
part_13__2021_10_25,Part 13,2021-10-25,5,0,1,3,2,0
part_13__2021_10_26,Part 13,2021-10-26,0,1,2,3,0,0
part_13__2021_10_27,Part 13,2021-10-27,1,1,4,0,0,0
part_13__2021_10_28,Part 13,2021-10-28,1,4,0,0,0,0
part_13__2021_10_29,Part 13,2021-10-29,4,0,0,0,7,10
part_13__2021_10_30,Part 13,2021-10-30,4,0,0,0,7,10
part_13__2021_11_01,Part 13,2021-11-01,0,6,10,9,1,0
part_14__2021_09_13,Part 14,2021-09-13,95,77,63,80,90,78
part_14__2021_09_14,Part 14,2021-09-14,43,34,31,25,66,0
part_14__2021_09_15,Part 14,2021-09-15,36,28,27,62,0,92
part_14__2021_09_16,Part 14,2021-09-16,33,27,59,0,90,83
part_14__2021_09_17,Part 14,2021-09-17,30,63,0,0,0,0
part_14__2021_09_18,Part 14,2021-09-18,30,63,0,0,0,0
part_14__2021_09_19,Part 14,2021-09-19,30,63,0,0,0,0
part_14__2021_09_20,Part 14,2021-09-20,30,63,0,0,0,0
part_14__2021_09_21,Part 14,2021-09-21,30,63,0,0,0,0
part_14__2021_09_22,Part 14,2021-09-22,30,63,0,0,0,0
part_14__2021_09_23,Part 14,2021-09-23,30,63,0,0,0,0
part_14__2021_09_24,Part 14,2021-09-24,30,63,0,0,0,0
part_14__2021_09_25,Part 14,2021-09-25,30,63,0,0,0,0
part_14__2021_09_26,Part 14,2021-09-26,30,63,0,0,0,0
part_14__2021_09_27,Part 14,2021-09-27,90,90,77,72,44,0
part_14__2021_09_28,Part 14,2021-09-28,105,98,71,39,0,0
part_14__2021_09_29,Part 14,2021-09-29,105,75,50,0,0,71
part_14__2021_09_30,Part 14,2021-09-30,86,54,0,0,70,95
part_14__2021_10_01,Part 14,2021-10-01,62,0,0,59,80,89
part_14__2021_10_02,Part 14,2021-10-02,0,0,63,81,93,83
part_14__2021_10_03,Part 14,2021-10-03,0,0,63,81,93,83
part_14__2021_10_04,Part 14,2021-10-04,63,81,93,83,94,0
part_14__2021_10_05,Part 14,2021-10-05,81,93,84,91,98,0
part_14__2021_10_06,Part 14,2021-10-06,89,87,86,102,0,0
part_14__2021_10_07,Part 14,2021-10-07,83,86,103,0,0,106
part_14__2021_10_08,Part 14,2021-10-08,82,102,0,0,107,104
part_14__2021_10_09,Part 14,2021-10-09,82,102,0,0,107,104
part_14__2021_10_10,Part 14,2021-10-10,82,102,0,0,107,104
part_14__2021_10_11,Part 14,2021-10-11,82,102,0,0,107,104
part_14__2021_10_12,Part 14,2021-10-12,127,117,108,109,0,0
part_14__2021_10_13,Part 14,2021-10-13,132,97,117,113,0,110
part_14__2021_10_14,Part 14,2021-10-14,110,116,116,0,102,113
part_14__2021_10_15,Part 14,2021-10-15,128,117,0,96,113,105
part_14__2021_10_16,Part 14,2021-10-16,130,0,102,110,102,102
part_14__2021_10_17,Part 14,2021-10-17,130,0,102,110,102,102
part_14__2021_10_18,Part 14,2021-10-18,122,106,107,105,81,0
part_14__2021_10_19,Part 14,2021-10-19,124,112,101,89,69,0
part_14__2021_10_20,Part 14,2021-10-20,125,99,94,66,0,83
part_14__2021_10_21,Part 14,2021-10-21,107,96,68,0,81,101
part_14__2021_10_22,Part 14,2021-10-22,99,59,0,68,91,80
part_14__2021_10_23,Part 14,2021-10-23,99,59,0,68,91,80
part_14__2021_10_24,Part 14,2021-10-24,99,59,0,68,91,80
part_14__2021_10_25,Part 14,2021-10-25,66,89,78,61,88,0
part_14__2021_10_26,Part 14,2021-10-26,85,88,65,53,59,0
part_14__2021_10_27,Part 14,2021-10-27,95,65,55,56,0,49
part_14__2021_10_28,Part 14,2021-10-28,72,54,58,0,43,77
part_14__2021_10_29,Part 14,2021-10-29,60,45,0,63,95,104
part_14__2021_10_30,Part 14,2021-10-30,60,45,0,63,95,104
part_14__2021_11_01,Part 14,2021-11-01,57,96,110,95,79,0
part_15__2021_09_13,Part 15,2021-09-13,18,30,38,15,11,13
part_15__2021_09_14,Part 15,2021-09-14,8,13,13,19,27,0
part_15__2021_09_15,Part 15,2021-09-15,11,15,19,29,0,9
part_15__2021_09_16,Part 15,2021-09-16,14,18,32,0,10,14
part_15__2021_09_17,Part 15,2021-09-17,18,33,0,0,0,0
part_15__2021_09_18,Part 15,2021-09-18,18,33,0,0,0,0
part_15__2021_09_19,Part 15,2021-09-19,18,33,0,0,0,0
part_15__2021_09_20,Part 15,2021-09-20,18,33,0,0,0,0
part_15__2021_09_21,Part 15,2021-09-21,18,33,0,0,0,0
part_15__2021_09_22,Part 15,2021-09-22,18,33,0,0,0,0
part_15__2021_09_23,Part 15,2021-09-23,18,33,0,0,0,0
part_15__2021_09_24,Part 15,2021-09-24,18,33,0,0,0,0
part_15__2021_09_25,Part 15,2021-09-25,18,33,0,0,0,0
part_15__2021_09_26,Part 15,2021-09-26,18,33,0,0,0,0
part_15__2021_09_27,Part 15,2021-09-27,17,11,14,27,25,0
part_15__2021_09_28,Part 15,2021-09-28,12,11,35,37,0,0
part_15__2021_09_29,Part 15,2021-09-29,14,31,50,0,0,27
part_15__2021_09_30,Part 15,2021-09-30,28,49,0,0,30,10
part_15__2021_10_01,Part 15,2021-10-01,45,0,0,49,11,21
part_15__2021_10_02,Part 15,2021-10-02,0,0,52,11,22,17
part_15__2021_10_03,Part 15,2021-10-03,0,0,52,11,22,17
part_15__2021_10_04,Part 15,2021-10-04,52,11,22,17,17,0
part_15__2021_10_05,Part 15,2021-10-05,30,20,18,16,19,0
part_15__2021_10_06,Part 15,2021-10-06,31,20,16,19,0,0
part_15__2021_10_07,Part 15,2021-10-07,29,17,18,0,0,16
part_15__2021_10_08,Part 15,2021-10-08,27,19,0,0,15,18
part_15__2021_10_09,Part 15,2021-10-09,27,19,0,0,15,18
part_15__2021_10_10,Part 15,2021-10-10,27,19,0,0,15,18
part_15__2021_10_11,Part 15,2021-10-11,27,19,0,0,15,18
part_15__2021_10_12,Part 15,2021-10-12,29,23,17,28,0,0
part_15__2021_10_13,Part 15,2021-10-13,27,22,17,30,0,5
part_15__2021_10_14,Part 15,2021-10-14,20,17,34,0,6,1
part_15__2021_10_15,Part 15,2021-10-15,13,38,0,9,1,5
part_15__2021_10_16,Part 15,2021-10-16,37,0,10,0,5,19
part_15__2021_10_17,Part 15,2021-10-17,37,0,10,0,5,19
part_15__2021_10_18,Part 15,2021-10-18,12,2,3,11,33,0
part_15__2021_10_19,Part 15,2021-10-19,7,3,9,27,36,0
part_15__2021_10_20,Part 15,2021-10-20,1,9,22,39,0,30
part_15__2021_10_21,Part 15,2021-10-21,7,22,36,0,30,24
part_15__2021_10_22,Part 15,2021-10-22,23,38,0,35,26,16
part_15__2021_10_23,Part 15,2021-10-23,23,38,0,35,26,16
part_15__2021_10_24,Part 15,2021-10-24,23,38,0,35,26,16
part_15__2021_10_25,Part 15,2021-10-25,29,27,18,25,31,0
part_15__2021_10_26,Part 15,2021-10-26,29,18,18,40,55,0
part_15__2021_10_27,Part 15,2021-10-27,23,16,38,55,0,20
part_15__2021_10_28,Part 15,2021-10-28,17,36,54,0,28,0
part_15__2021_10_29,Part 15,2021-10-29,39,66,0,18,0,0
part_15__2021_10_30,Part 15,2021-10-30,39,66,0,18,0,0
part_15__2021_11_01,Part 15,2021-11-01,37,0,0,10,22,0
part_16__2021_09_13,Part 16,2021-09-13,43,57,75,82,79,80
part_16__2021_09_14,Part 16,2021-09-14,20,22,33,34,80,0
part_16__2021_09_15,Part 16,2021-09-15,20,33,34,80,0,77
part_16__2021_09_16,Part 16,2021-09-16,31,32,81,0,78,80
part_16__2021_09_17,Part 16,2021-09-17,34,79,0,0,0,0
part_16__2021_09_18,Part 16,2021-09-18,34,79,0,0,0,0
part_16__2021_09_19,Part 16,2021-09-19,34,79,0,0,0,0
part_16__2021_09_20,Part 16,2021-09-20,34,79,0,0,0,0
part_16__2021_09_21,Part 16,2021-09-21,34,79,0,0,0,0
part_16__2021_09_22,Part 16,2021-09-22,34,79,0,0,0,0
part_16__2021_09_23,Part 16,2021-09-23,34,79,0,0,0,0
part_16__2021_09_24,Part 16,2021-09-24,34,79,0,0,0,0
part_16__2021_09_25,Part 16,2021-09-25,34,79,0,0,0,0
part_16__2021_09_26,Part 16,2021-09-26,34,79,0,0,0,0
part_16__2021_09_27,Part 16,2021-09-27,85,79,80,81,57,0
part_16__2021_09_28,Part 16,2021-09-28,89,64,74,46,0,0
part_16__2021_09_29,Part 16,2021-09-29,71,74,62,0,0,48
part_16__2021_09_30,Part 16,2021-09-30,81,61,0,0,49,49
part_16__2021_10_01,Part 16,2021-10-01,68,0,0,47,55,60
part_16__2021_10_02,Part 16,2021-10-02,0,0,57,55,55,47
part_16__2021_10_03,Part 16,2021-10-03,0,0,57,55,55,47
part_16__2021_10_04,Part 16,2021-10-04,57,55,55,47,45,0
part_16__2021_10_05,Part 16,2021-10-05,55,57,47,47,44,0
part_16__2021_10_06,Part 16,2021-10-06,60,47,47,44,0,0
part_16__2021_10_07,Part 16,2021-10-07,60,46,44,0,0,40
part_16__2021_10_08,Part 16,2021-10-08,52,45,0,0,39,43
part_16__2021_10_09,Part 16,2021-10-09,52,45,0,0,39,43
part_16__2021_10_10,Part 16,2021-10-10,52,45,0,0,39,43
part_16__2021_10_11,Part 16,2021-10-11,52,45,0,0,39,43
part_16__2021_10_12,Part 16,2021-10-12,51,50,53,41,0,0
part_16__2021_10_13,Part 16,2021-10-13,53,52,46,41,0,46
part_16__2021_10_14,Part 16,2021-10-14,54,48,37,0,50,49
part_16__2021_10_15,Part 16,2021-10-15,56,31,0,52,47,50
part_16__2021_10_16,Part 16,2021-10-16,37,0,49,50,49,48
part_16__2021_10_17,Part 16,2021-10-17,37,0,49,50,49,48
part_16__2021_10_18,Part 16,2021-10-18,46,50,49,48,49,0
part_16__2021_10_19,Part 16,2021-10-19,53,48,49,49,47,0
part_16__2021_10_20,Part 16,2021-10-20,51,49,49,46,0,46
part_16__2021_10_21,Part 16,2021-10-21,54,49,46,0,45,50
part_16__2021_10_22,Part 16,2021-10-22,53,57,0,54,50,60
part_16__2021_10_23,Part 16,2021-10-23,53,57,0,54,50,60
part_16__2021_10_24,Part 16,2021-10-24,53,57,0,54,50,60
part_16__2021_10_25,Part 16,2021-10-25,64,52,57,63,44,0
part_16__2021_10_26,Part 16,2021-10-26,53,56,62,66,53,0
part_16__2021_10_27,Part 16,2021-10-27,63,62,66,54,0,62
part_16__2021_10_28,Part 16,2021-10-28,64,68,53,0,58,75
part_16__2021_10_29,Part 16,2021-10-29,70,52,0,70,54,39
part_16__2021_10_30,Part 16,2021-10-30,70,52,0,70,54,39
part_16__2021_11_01,Part 16,2021-11-01,75,54,36,44,48,0
part_17__2021_09_13,Part 17,2021-09-13,7,0,0,0,5,0
part_17__2021_09_14,Part 17,2021-09-14,4,0,0,0,0,0
part_17__2021_09_15,Part 17,2021-09-15,4,0,0,0,0,0
part_17__2021_09_16,Part 17,2021-09-16,1,0,0,0,0,5
part_17__2021_09_17,Part 17,2021-09-17,1,0,0,0,0,0
part_17__2021_09_18,Part 17,2021-09-18,1,0,0,0,0,0
part_17__2021_09_19,Part 17,2021-09-19,1,0,0,0,0,0
part_17__2021_09_20,Part 17,2021-09-20,1,0,0,0,0,0
part_17__2021_09_21,Part 17,2021-09-21,1,0,0,0,0,0
part_17__2021_09_22,Part 17,2021-09-22,1,0,0,0,0,0
part_17__2021_09_23,Part 17,2021-09-23,1,0,0,0,0,0
part_17__2021_09_24,Part 17,2021-09-24,1,0,0,0,0,0
part_17__2021_09_25,Part 17,2021-09-25,1,0,0,0,0,0
part_17__2021_09_26,Part 17,2021-09-26,1,0,0,0,0,0
part_17__2021_09_27,Part 17,2021-09-27,1,33,56,42,16,0
part_17__2021_09_28,Part 17,2021-09-28,9,53,47,68,0,0
part_17__2021_09_29,Part 17,2021-09-29,43,46,55,0,0,56
part_17__2021_09_30,Part 17,2021-09-30,51,59,0,0,55,63
part_17__2021_10_01,Part 17,2021-10-01,57,0,0,55,54,25
part_17__2021_10_02,Part 17,2021-10-02,0,0,59,55,36,44
part_17__2021_10_03,Part 17,2021-10-03,0,0,59,55,36,44
part_17__2021_10_04,Part 17,2021-10-04,59,55,36,44,39,0
part_17__2021_10_05,Part 17,2021-10-05,56,42,37,60,82,0
part_17__2021_10_06,Part 17,2021-10-06,44,37,55,81,0,0
part_17__2021_10_07,Part 17,2021-10-07,45,51,79,0,0,59
part_17__2021_10_08,Part 17,2021-10-08,58,74,0,0,65,105
part_17__2021_10_09,Part 17,2021-10-09,58,74,0,0,65,105
part_17__2021_10_10,Part 17,2021-10-10,58,74,0,0,65,105
part_17__2021_10_11,Part 17,2021-10-11,58,74,0,0,65,105
part_17__2021_10_12,Part 17,2021-10-12,67,58,78,75,0,0
part_17__2021_10_13,Part 17,2021-10-13,63,81,74,74,0,64
part_17__2021_10_14,Part 17,2021-10-14,90,75,75,0,63,123
part_17__2021_10_15,Part 17,2021-10-15,91,74,0,66,120,120
part_17__2021_10_16,Part 17,2021-10-16,87,0,66,117,137,147
part_17__2021_10_17,Part 17,2021-10-17,87,0,66,117,137,147
part_17__2021_10_18,Part 17,2021-10-18,92,111,135,153,132,0
part_17__2021_10_19,Part 17,2021-10-19,121,149,155,124,152,0
part_17__2021_10_20,Part 17,2021-10-20,156,151,136,140,0,156
part_17__2021_10_21,Part 17,2021-10-21,152,128,140,0,158,141
part_17__2021_10_22,Part 17,2021-10-22,148,134,0,159,138,136
part_17__2021_10_23,Part 17,2021-10-23,148,134,0,159,138,136
part_17__2021_10_24,Part 17,2021-10-24,148,134,0,159,138,136
part_17__2021_10_25,Part 17,2021-10-25,170,138,140,116,138,0
part_17__2021_10_26,Part 17,2021-10-26,155,140,117,140,92,0
part_17__2021_10_27,Part 17,2021-10-27,162,116,141,103,0,74
part_17__2021_10_28,Part 17,2021-10-28,134,136,110,0,106,109
part_17__2021_10_29,Part 17,2021-10-29,148,101,0,105,108,109
part_17__2021_10_30,Part 17,2021-10-30,148,101,0,105,108,109
part_17__2021_11_01,Part 17,2021-11-01,121,105,110,96,100,0
part_18__2021_09_13,Part 18,2021-09-13,180,117,117,125,187,152
part_18__2021_09_14,Part 18,2021-09-14,121,72,79,79,127,0
part_18__2021_09_15,Part 18,2021-09-15,84,87,99,169,0,171
part_18__2021_09_16,Part 18,2021-09-16,100,100,139,0,114,191
part_18__2021_09_17,Part 18,2021-09-17,107,145,0,0,0,0
part_18__2021_09_18,Part 18,2021-09-18,107,145,0,0,0,0
part_18__2021_09_19,Part 18,2021-09-19,107,145,0,0,0,0
part_18__2021_09_20,Part 18,2021-09-20,107,145,0,0,0,0
part_18__2021_09_21,Part 18,2021-09-21,107,145,0,0,0,0
part_18__2021_09_22,Part 18,2021-09-22,107,145,0,0,0,0
part_18__2021_09_23,Part 18,2021-09-23,107,145,0,0,0,0
part_18__2021_09_24,Part 18,2021-09-24,107,145,0,0,0,0
part_18__2021_09_25,Part 18,2021-09-25,107,145,0,0,0,0
part_18__2021_09_26,Part 18,2021-09-26,107,145,0,0,0,0
part_18__2021_09_27,Part 18,2021-09-27,127,111,108,120,264,0
part_18__2021_09_28,Part 18,2021-09-28,131,118,128,159,0,0
part_18__2021_09_29,Part 18,2021-09-29,125,124,143,0,0,112
part_18__2021_09_30,Part 18,2021-09-30,125,158,0,0,117,118
part_18__2021_10_01,Part 18,2021-10-01,160,0,0,124,119,176
part_18__2021_10_02,Part 18,2021-10-02,0,0,146,117,165,147
part_18__2021_10_03,Part 18,2021-10-03,0,0,146,117,165,147
part_18__2021_10_04,Part 18,2021-10-04,146,117,165,147,148,0
part_18__2021_10_05,Part 18,2021-10-05,123,153,160,127,123,0
part_18__2021_10_06,Part 18,2021-10-06,153,165,126,125,0,0
part_18__2021_10_07,Part 18,2021-10-07,181,132,127,0,0,139
part_18__2021_10_08,Part 18,2021-10-08,151,131,0,0,132,99
part_18__2021_10_09,Part 18,2021-10-09,151,131,0,0,132,99
part_18__2021_10_10,Part 18,2021-10-10,151,131,0,0,132,99
part_18__2021_10_11,Part 18,2021-10-11,151,131,0,0,132,99
part_18__2021_10_12,Part 18,2021-10-12,127,114,91,83,0,0
part_18__2021_10_13,Part 18,2021-10-13,131,86,86,103,0,136
part_18__2021_10_14,Part 18,2021-10-14,106,85,101,0,136,119
part_18__2021_10_15,Part 18,2021-10-15,102,98,0,131,123,115
part_18__2021_10_16,Part 18,2021-10-16,108,0,131,125,96,86
part_18__2021_10_17,Part 18,2021-10-17,108,0,131,125,96,86
part_18__2021_10_18,Part 18,2021-10-18,150,127,98,80,73,0
part_18__2021_10_19,Part 18,2021-10-19,135,88,77,79,84,0
part_18__2021_10_20,Part 18,2021-10-20,102,78,78,86,0,68
part_18__2021_10_21,Part 18,2021-10-21,99,92,88,0,68,78
part_18__2021_10_22,Part 18,2021-10-22,98,91,0,72,78,83
part_18__2021_10_23,Part 18,2021-10-23,98,91,0,72,78,83
part_18__2021_10_24,Part 18,2021-10-24,98,91,0,72,78,83
part_18__2021_10_25,Part 18,2021-10-25,78,79,86,73,75,0
part_18__2021_10_26,Part 18,2021-10-26,76,84,75,76,98,0
part_18__2021_10_27,Part 18,2021-10-27,96,80,74,78,0,141
part_18__2021_10_28,Part 18,2021-10-28,92,76,74,0,119,118
part_18__2021_10_29,Part 18,2021-10-29,91,92,0,119,119,122
part_18__2021_10_30,Part 18,2021-10-30,91,92,0,119,119,122
part_18__2021_11_01,Part 18,2021-11-01,130,118,140,138,131,0
part_19__2021_09_13,Part 19,2021-09-13,36,83,83,75,7,48
part_19__2021_09_14,Part 19,2021-09-14,23,58,51,51,73,0
part_19__2021_09_15,Part 19,2021-09-15,61,43,31,31,0,28
part_19__2021_09_16,Part 19,2021-09-16,48,30,61,0,86,3
part_19__2021_09_17,Part 19,2021-09-17,42,55,0,0,0,0
part_19__2021_09_18,Part 19,2021-09-18,42,55,0,0,0,0
part_19__2021_09_19,Part 19,2021-09-19,42,55,0,0,0,0
part_19__2021_09_20,Part 19,2021-09-20,42,55,0,0,0,0
part_19__2021_09_21,Part 19,2021-09-21,42,55,0,0,0,0
part_19__2021_09_22,Part 19,2021-09-22,42,55,0,0,0,0
part_19__2021_09_23,Part 19,2021-09-23,42,55,0,0,0,0
part_19__2021_09_24,Part 19,2021-09-24,42,55,0,0,0,0
part_19__2021_09_25,Part 19,2021-09-25,42,55,0,0,0,0
part_19__2021_09_26,Part 19,2021-09-26,42,55,0,0,0,0
part_19__2021_09_27,Part 19,2021-09-27,94,48,29,26,32,0
part_19__2021_09_28,Part 19,2021-09-28,70,19,14,60,0,0
part_19__2021_09_29,Part 19,2021-09-29,42,17,30,0,0,51
part_19__2021_09_30,Part 19,2021-09-30,25,19,0,0,52,54
part_19__2021_10_01,Part 19,2021-10-01,27,0,0,47,59,38
part_19__2021_10_02,Part 19,2021-10-02,0,0,41,55,41,38
part_19__2021_10_03,Part 19,2021-10-03,0,0,41,55,41,38
part_19__2021_10_04,Part 19,2021-10-04,41,55,41,38,44,0
part_19__2021_10_05,Part 19,2021-10-05,60,50,31,41,38,0
part_19__2021_10_06,Part 19,2021-10-06,57,31,43,37,0,0
part_19__2021_10_07,Part 19,2021-10-07,31,42,36,0,0,41
part_19__2021_10_08,Part 19,2021-10-08,41,33,0,0,43,34
part_19__2021_10_09,Part 19,2021-10-09,41,33,0,0,43,34
part_19__2021_10_10,Part 19,2021-10-10,41,33,0,0,43,34
part_19__2021_10_11,Part 19,2021-10-11,41,33,0,0,43,34
part_19__2021_10_12,Part 19,2021-10-12,32,31,32,40,0,0
part_19__2021_10_13,Part 19,2021-10-13,32,36,36,21,0,18
part_19__2021_10_14,Part 19,2021-10-14,34,38,22,0,18,4
part_19__2021_10_15,Part 19,2021-10-15,38,26,0,21,1,0
part_19__2021_10_16,Part 19,2021-10-16,31,0,21,2,0,0
part_19__2021_10_17,Part 19,2021-10-17,31,0,21,2,0,0
part_19__2021_10_18,Part 19,2021-10-18,25,3,0,0,0,0
part_19__2021_10_19,Part 19,2021-10-19,6,0,0,0,1,0
part_19__2021_10_20,Part 19,2021-10-20,1,0,0,0,0,6
part_19__2021_10_21,Part 19,2021-10-21,0,0,0,0,6,4
part_19__2021_10_22,Part 19,2021-10-22,0,0,0,5,5,0
part_19__2021_10_23,Part 19,2021-10-23,0,0,0,5,5,0
part_19__2021_10_24,Part 19,2021-10-24,0,0,0,5,5,0
part_19__2021_10_25,Part 19,2021-10-25,4,2,0,0,2,0
part_19__2021_10_26,Part 19,2021-10-26,3,0,0,1,34,0
part_19__2021_10_27,Part 19,2021-10-27,0,0,1,39,0,50
part_19__2021_10_28,Part 19,2021-10-28,0,0,34,0,47,39
part_19__2021_10_29,Part 19,2021-10-29,0,40,0,45,40,40
part_19__2021_10_30,Part 19,2021-10-30,0,40,0,45,40,40
part_19__2021_11_01,Part 19,2021-11-01,56,42,22,25,30,0
part_2__2021_09_13,Part 2,2021-09-13,616,560,590,588,532,0
part_2__2021_09_14,Part 2,2021-09-14,600,589,582,555,0,0
part_2__2021_09_15,Part 2,2021-09-15,621,581,526,0,0,446
part_2__2021_09_16,Part 2,2021-09-16,636,558,0,0,449,508
part_2__2021_09_17,Part 2,2021-09-17,632,0,0,0,0,0
part_2__2021_09_18,Part 2,2021-09-18,632,0,0,0,0,0
part_2__2021_09_19,Part 2,2021-09-19,632,0,0,0,0,0
part_2__2021_09_20,Part 2,2021-09-20,632,0,0,0,0,0
part_2__2021_09_21,Part 2,2021-09-21,632,0,0,0,0,0
part_2__2021_09_22,Part 2,2021-09-22,632,0,0,0,0,0
part_2__2021_09_23,Part 2,2021-09-23,632,0,0,0,0,0
part_2__2021_09_24,Part 2,2021-09-24,632,0,0,0,0,0
part_2__2021_09_25,Part 2,2021-09-25,632,0,0,0,0,0
part_2__2021_09_26,Part 2,2021-09-26,632,0,0,0,0,0
part_2__2021_09_27,Part 2,2021-09-27,641,488,489,426,412,351
part_2__2021_09_28,Part 2,2021-09-28,523,480,477,412,0,0
part_2__2021_09_29,Part 2,2021-09-29,555,506,413,0,0,317
part_2__2021_09_30,Part 2,2021-09-30,609,411,0,0,323,399
part_2__2021_10_01,Part 2,2021-10-01,529,0,0,307,379,456
part_2__2021_10_02,Part 2,2021-10-02,0,0,391,351,451,467
part_2__2021_10_03,Part 2,2021-10-03,0,0,391,351,451,467
part_2__2021_10_04,Part 2,2021-10-04,392,350,452,466,397,447
part_2__2021_10_05,Part 2,2021-10-05,391,459,475,375,423,0
part_2__2021_10_06,Part 2,2021-10-06,531,458,376,409,0,0
part_2__2021_10_07,Part 2,2021-10-07,569,422,415,0,0,586
part_2__2021_10_08,Part 2,2021-10-08,555,470,0,0,524,552
part_2__2021_10_09,Part 2,2021-10-09,555,470,0,0,524,552
part_2__2021_10_10,Part 2,2021-10-10,555,470,0,0,524,552
part_2__2021_10_11,Part 2,2021-10-11,555,470,0,0,524,552
part_2__2021_10_12,Part 2,2021-10-12,559,477,451,564,497,0
part_2__2021_10_13,Part 2,2021-10-13,513,491,522,492,0,595
part_2__2021_10_14,Part 2,2021-10-14,564,540,493,0,584,616
part_2__2021_10_15,Part 2,2021-10-15,632,512,0,514,560,543
part_2__2021_10_16,Part 2,2021-10-16,595,0,511,548,572,598
part_2__2021_10_17,Part 2,2021-10-17,595,0,511,548,572,598
part_2__2021_10_18,Part 2,2021-10-18,588,544,568,597,610,534
part_2__2021_10_19,Part 2,2021-10-19,599,567,603,603,543,0
part_2__2021_10_20,Part 2,2021-10-20,624,605,622,564,0,504
part_2__2021_10_21,Part 2,2021-10-21,678,627,585,0,514,582
part_2__2021_10_22,Part 2,2021-10-22,737,590,0,509,584,504
part_2__2021_10_23,Part 2,2021-10-23,737,590,0,509,584,504
part_2__2021_10_24,Part 2,2021-10-24,737,590,0,509,584,504
part_2__2021_10_25,Part 2,2021-10-25,638,598,449,544,503,477
part_2__2021_10_26,Part 2,2021-10-26,666,458,555,473,460,0
part_2__2021_10_27,Part 2,2021-10-27,574,573,476,472,0,535
part_2__2021_10_28,Part 2,2021-10-28,640,493,464,0,536,531
part_2__2021_10_29,Part 2,2021-10-29,578,470,0,527,522,538
part_2__2021_10_30,Part 2,2021-10-30,578,470,0,527,522,538
part_2__2021_11_01,Part 2,2021-11-01,580,516,578,558,536,451
part_20__2021_09_13,Part 20,2021-09-13,43,20,8,7,5,13
part_20__2021_09_14,Part 20,2021-09-14,18,11,3,2,11,0
part_20__2021_09_15,Part 20,2021-09-15,20,4,0,13,0,7
part_20__2021_09_16,Part 20,2021-09-16,9,3,12,0,6,8
part_20__2021_09_17,Part 20,2021-09-17,7,9,0,0,0,0
part_20__2021_09_18,Part 20,2021-09-18,7,9,0,0,0,0
part_20__2021_09_19,Part 20,2021-09-19,7,9,0,0,0,0
part_20__2021_09_20,Part 20,2021-09-20,7,9,0,0,0,0
part_20__2021_09_21,Part 20,2021-09-21,7,9,0,0,0,0
part_20__2021_09_22,Part 20,2021-09-22,7,9,0,0,0,0
part_20__2021_09_23,Part 20,2021-09-23,7,9,0,0,0,0
part_20__2021_09_24,Part 20,2021-09-24,7,9,0,0,0,0
part_20__2021_09_25,Part 20,2021-09-25,7,9,0,0,0,0
part_20__2021_09_26,Part 20,2021-09-26,7,9,0,0,0,0
part_20__2021_09_27,Part 20,2021-09-27,10,12,20,16,10,0
part_20__2021_09_28,Part 20,2021-09-28,10,21,15,39,0,0
part_20__2021_09_29,Part 20,2021-09-29,19,17,28,0,0,53
part_20__2021_09_30,Part 20,2021-09-30,16,18,0,0,45,29
part_20__2021_10_01,Part 20,2021-10-01,25,0,0,37,40,9
part_20__2021_10_02,Part 20,2021-10-02,0,0,35,44,6,42
part_20__2021_10_03,Part 20,2021-10-03,0,0,35,44,6,42
part_20__2021_10_04,Part 20,2021-10-04,35,44,6,42,31,0
part_20__2021_10_05,Part 20,2021-10-05,51,3,41,36,14,0
part_20__2021_10_06,Part 20,2021-10-06,8,31,45,10,0,0
part_20__2021_10_07,Part 20,2021-10-07,32,44,11,0,0,17
part_20__2021_10_08,Part 20,2021-10-08,42,14,0,0,17,15
part_20__2021_10_09,Part 20,2021-10-09,42,14,0,0,17,15
part_20__2021_10_10,Part 20,2021-10-10,42,14,0,0,17,15
part_20__2021_10_11,Part 20,2021-10-11,42,14,0,0,17,15
part_20__2021_10_12,Part 20,2021-10-12,15,17,31,34,0,0
part_20__2021_10_13,Part 20,2021-10-13,13,36,34,28,0,50
part_20__2021_10_14,Part 20,2021-10-14,40,31,25,0,54,20
part_20__2021_10_15,Part 20,2021-10-15,33,26,0,54,24,34
part_20__2021_10_16,Part 20,2021-10-16,30,0,50,25,40,27
part_20__2021_10_17,Part 20,2021-10-17,30,0,50,25,40,27
part_20__2021_10_18,Part 20,2021-10-18,48,30,37,32,61,0
part_20__2021_10_19,Part 20,2021-10-19,37,29,38,61,34,0
part_20__2021_10_20,Part 20,2021-10-20,25,43,50,46,0,40
part_20__2021_10_21,Part 20,2021-10-21,47,42,45,0,41,31
part_20__2021_10_22,Part 20,2021-10-22,39,44,0,36,41,54
part_20__2021_10_23,Part 20,2021-10-23,39,44,0,36,41,54
part_20__2021_10_24,Part 20,2021-10-24,39,44,0,36,41,54
part_20__2021_10_25,Part 20,2021-10-25,44,42,50,91,51,0
part_20__2021_10_26,Part 20,2021-10-26,46,43,92,53,32,0
part_20__2021_10_27,Part 20,2021-10-27,42,90,54,38,0,36
part_20__2021_10_28,Part 20,2021-10-28,99,59,40,0,31,14
part_20__2021_10_29,Part 20,2021-10-29,65,27,0,12,16,18
part_20__2021_10_30,Part 20,2021-10-30,65,27,0,12,16,18
part_20__2021_11_01,Part 20,2021-11-01,14,17,14,24,22,0
part_21__2021_09_13,Part 21,2021-09-13,0,0,158,157,146,96
part_21__2021_09_14,Part 21,2021-09-14,0,158,157,143,0,0
part_21__2021_09_15,Part 21,2021-09-15,158,158,143,0,0,98
part_21__2021_09_16,Part 21,2021-09-16,169,123,0,0,127,101
part_21__2021_09_17,Part 21,2021-09-17,136,0,0,122,116,132
part_21__2021_09_18,Part 21,2021-09-18,136,0,0,122,116,132
part_21__2021_09_19,Part 21,2021-09-19,136,0,0,122,116,132
part_21__2021_09_20,Part 21,2021-09-20,136,0,0,122,116,132
part_21__2021_09_21,Part 21,2021-09-21,136,0,0,122,116,132
part_21__2021_09_22,Part 21,2021-09-22,136,0,0,122,116,132
part_21__2021_09_23,Part 21,2021-09-23,136,0,0,122,116,132
part_21__2021_09_24,Part 21,2021-09-24,136,0,0,122,116,132
part_21__2021_09_25,Part 21,2021-09-25,136,0,0,122,116,132
part_21__2021_09_26,Part 21,2021-09-26,136,0,0,122,116,132
part_21__2021_09_27,Part 21,2021-09-27,159,120,130,141,126,112
part_21__2021_09_28,Part 21,2021-09-28,161,119,137,140,116,0
part_21__2021_09_29,Part 21,2021-09-29,151,129,140,0,0,127
part_21__2021_09_30,Part 21,2021-09-30,132,171,0,0,152,118
part_21__2021_10_01,Part 21,2021-10-01,154,0,0,168,133,127
part_21__2021_10_02,Part 21,2021-10-02,0,0,188,164,141,115
part_21__2021_10_03,Part 21,2021-10-03,0,0,188,164,141,115
part_21__2021_10_04,Part 21,2021-10-04,188,164,141,115,124,83
part_21__2021_10_05,Part 21,2021-10-05,140,120,131,121,115,0
part_21__2021_10_06,Part 21,2021-10-06,131,132,120,0,0,0
part_21__2021_10_07,Part 21,2021-10-07,144,145,0,0,0,134
part_21__2021_10_08,Part 21,2021-10-08,125,0,0,0,132,121
part_21__2021_10_09,Part 21,2021-10-09,125,0,0,0,132,121
part_21__2021_10_10,Part 21,2021-10-10,125,0,0,0,132,121
part_21__2021_10_11,Part 21,2021-10-11,125,0,0,0,132,121
part_21__2021_10_12,Part 21,2021-10-12,135,121,118,102,109,0
part_21__2021_10_13,Part 21,2021-10-13,142,118,103,108,0,124
part_21__2021_10_14,Part 21,2021-10-14,148,110,0,0,168,162
part_21__2021_10_15,Part 21,2021-10-15,130,0,0,167,161,161
part_21__2021_10_16,Part 21,2021-10-16,0,0,181,161,166,140
part_21__2021_10_17,Part 21,2021-10-17,0,0,181,161,166,140
part_21__2021_10_18,Part 21,2021-10-18,181,161,166,140,109,102
part_21__2021_10_19,Part 21,2021-10-19,176,170,142,122,116,0
part_21__2021_10_20,Part 21,2021-10-20,176,156,136,0,0,111
part_21__2021_10_21,Part 21,2021-10-21,187,158,0,0,186,158
part_21__2021_10_22,Part 21,2021-10-22,172,0,0,171,174,136
part_21__2021_10_23,Part 21,2021-10-23,172,0,0,171,174,136
part_21__2021_10_24,Part 21,2021-10-24,172,0,0,171,174,136
part_21__2021_10_25,Part 21,2021-10-25,196,183,139,83,78,109
part_21__2021_10_26,Part 21,2021-10-26,213,152,122,88,0,0
part_21__2021_10_27,Part 21,2021-10-27,201,136,86,0,0,80
part_21__2021_10_28,Part 21,2021-10-28,174,111,0,0,81,99
part_21__2021_10_29,Part 21,2021-10-29,150,0,0,80,93,94
part_21__2021_10_30,Part 21,2021-10-30,150,0,0,80,93,94
part_21__2021_11_01,Part 21,2021-11-01,105,86,99,88,89,102
part_22__2021_09_13,Part 22,2021-09-13,39,42,31,14,76,23
part_22__2021_09_14,Part 22,2021-09-14,49,31,12,80,22,0
part_22__2021_09_15,Part 22,2021-09-15,59,25,71,45,0,45
part_22__2021_09_16,Part 22,2021-09-16,53,68,47,0,49,71
part_22__2021_09_17,Part 22,2021-09-17,41,65,0,0,0,0
part_22__2021_09_18,Part 22,2021-09-18,41,65,0,0,0,0
part_22__2021_09_19,Part 22,2021-09-19,41,65,0,0,0,0
part_22__2021_09_20,Part 22,2021-09-20,41,65,0,0,0,0
part_22__2021_09_21,Part 22,2021-09-21,41,65,0,0,0,0
part_22__2021_09_22,Part 22,2021-09-22,41,65,0,0,0,0
part_22__2021_09_23,Part 22,2021-09-23,41,65,0,0,0,0
part_22__2021_09_24,Part 22,2021-09-24,41,65,0,0,0,0
part_22__2021_09_25,Part 22,2021-09-25,41,65,0,0,0,0
part_22__2021_09_26,Part 22,2021-09-26,41,65,0,0,0,0
part_22__2021_09_27,Part 22,2021-09-27,73,44,69,60,0,0
part_22__2021_09_28,Part 22,2021-09-28,56,77,53,42,0,0
part_22__2021_09_29,Part 22,2021-09-29,83,65,38,0,0,33
part_22__2021_09_30,Part 22,2021-09-30,76,42,0,0,30,65
part_22__2021_10_01,Part 22,2021-10-01,52,0,0,27,60,57
part_22__2021_10_02,Part 22,2021-10-02,0,0,28,61,50,74
part_22__2021_10_03,Part 22,2021-10-03,0,0,28,61,50,74
part_22__2021_10_04,Part 22,2021-10-04,28,61,50,74,60,0
part_22__2021_10_05,Part 22,2021-10-05,57,48,76,58,56,0
part_22__2021_10_06,Part 22,2021-10-06,56,70,59,63,0,0
part_22__2021_10_07,Part 22,2021-10-07,71,63,63,0,0,34
part_22__2021_10_08,Part 22,2021-10-08,67,55,0,0,39,38
part_22__2021_10_09,Part 22,2021-10-09,67,55,0,0,39,38
part_22__2021_10_10,Part 22,2021-10-10,67,55,0,0,39,38
part_22__2021_10_11,Part 22,2021-10-11,67,55,0,0,39,38
part_22__2021_10_12,Part 22,2021-10-12,40,45,19,6,0,0
part_22__2021_10_13,Part 22,2021-10-13,41,24,7,24,0,53
part_22__2021_10_14,Part 22,2021-10-14,28,7,24,0,51,30
part_22__2021_10_15,Part 22,2021-10-15,8,19,0,51,31,52
part_22__2021_10_16,Part 22,2021-10-16,19,0,44,33,52,72
part_22__2021_10_17,Part 22,2021-10-17,19,0,44,33,52,72
part_22__2021_10_18,Part 22,2021-10-18,44,32,51,74,46,0
part_22__2021_10_19,Part 22,2021-10-19,34,55,62,53,39,0
part_22__2021_10_20,Part 22,2021-10-20,50,57,58,42,0,14
part_22__2021_10_21,Part 22,2021-10-21,56,63,42,0,16,7
part_22__2021_10_22,Part 22,2021-10-22,64,45,0,16,8,7
part_22__2021_10_23,Part 22,2021-10-23,64,45,0,16,8,7
part_22__2021_10_24,Part 22,2021-10-24,64,45,0,16,8,7
part_22__2021_10_25,Part 22,2021-10-25,26,10,7,8,6,0
part_22__2021_10_26,Part 22,2021-10-26,11,7,9,6,6,0
part_22__2021_10_27,Part 22,2021-10-27,7,6,9,6,0,24
part_22__2021_10_28,Part 22,2021-10-28,8,9,6,0,24,33
part_22__2021_10_29,Part 22,2021-10-29,6,8,0,23,11,0
part_22__2021_10_30,Part 22,2021-10-30,6,8,0,23,11,0
part_22__2021_11_01,Part 22,2021-11-01,14,22,0,0,0,0
part_23__2021_09_13,Part 23,2021-09-13,0,0,0,0,0,0
part_23__2021_09_14,Part 23,2021-09-14,0,0,0,0,0,0
part_23__2021_09_15,Part 23,2021-09-15,0,0,0,0,0,0
part_23__2021_09_16,Part 23,2021-09-16,0,0,0,0,0,0
part_23__2021_09_17,Part 23,2021-09-17,0,0,0,0,0,0
part_23__2021_09_28,Part 23,2021-09-28,0,0,0,0,0,0
part_23__2021_09_29,Part 23,2021-09-29,0,0,0,0,0,0
part_23__2021_09_30,Part 23,2021-09-30,0,0,0,0,0,0
part_23__2021_10_01,Part 23,2021-10-01,0,0,0,0,0,0
part_23__2021_10_02,Part 23,2021-10-02,0,0,0,0,0,0
part_23__2021_10_03,Part 23,2021-10-03,0,0,0,0,0,0
part_23__2021_10_04,Part 23,2021-10-04,0,0,0,0,0,0
part_23__2021_10_05,Part 23,2021-10-05,0,0,0,0,9,0
part_23__2021_10_06,Part 23,2021-10-06,0,0,0,0,0,0
part_23__2021_10_07,Part 23,2021-10-07,0,0,0,0,0,21
part_23__2021_10_08,Part 23,2021-10-08,0,0,0,0,19,18
part_23__2021_10_09,Part 23,2021-10-09,0,0,0,0,19,18
part_23__2021_10_10,Part 23,2021-10-10,0,0,0,0,19,18
part_23__2021_10_11,Part 23,2021-10-11,0,0,0,0,19,18
part_23__2021_10_12,Part 23,2021-10-12,18,19,0,1,0,0
part_23__2021_10_13,Part 23,2021-10-13,20,1,1,0,0,0
part_23__2021_10_14,Part 23,2021-10-14,1,1,0,0,0,0
part_23__2021_10_15,Part 23,2021-10-15,1,0,0,0,0,0
part_23__2021_10_16,Part 23,2021-10-16,0,0,0,0,0,0
part_23__2021_10_17,Part 23,2021-10-17,0,0,0,0,0,0
part_23__2021_10_18,Part 23,2021-10-18,0,0,0,0,0,0
part_23__2021_10_19,Part 23,2021-10-19,0,0,0,0,0,0
part_23__2021_10_20,Part 23,2021-10-20,0,0,0,0,0,1
part_23__2021_10_21,Part 23,2021-10-21,0,0,0,0,2,1
part_23__2021_10_22,Part 23,2021-10-22,0,0,0,2,1,0
part_23__2021_10_23,Part 23,2021-10-23,0,0,0,2,1,0
part_23__2021_10_24,Part 23,2021-10-24,0,0,0,2,1,0
part_23__2021_10_25,Part 23,2021-10-25,1,1,1,0,1,0
part_23__2021_10_26,Part 23,2021-10-26,1,1,0,1,0,0
part_23__2021_10_27,Part 23,2021-10-27,1,0,1,0,0,0
part_23__2021_10_28,Part 23,2021-10-28,0,1,0,0,0,0
part_23__2021_10_29,Part 23,2021-10-29,1,0,0,0,0,0
part_23__2021_10_30,Part 23,2021-10-30,1,0,0,0,0,0
part_23__2021_11_01,Part 23,2021-11-01,0,0,0,0,0,0
part_24__2021_09_13,Part 24,2021-09-13,9,8,2,11,164,158
part_24__2021_09_14,Part 24,2021-09-14,7,8,10,163,157,0
part_24__2021_09_15,Part 24,2021-09-15,9,11,158,161,0,162
part_24__2021_09_16,Part 24,2021-09-16,11,166,168,0,151,143
part_24__2021_09_17,Part 24,2021-09-17,176,174,0,0,0,0
part_24__2021_09_18,Part 24,2021-09-18,176,174,0,0,0,0
part_24__2021_09_19,Part 24,2021-09-19,176,174,0,0,0,0
part_24__2021_09_20,Part 24,2021-09-20,176,174,0,0,0,0
part_24__2021_09_21,Part 24,2021-09-21,176,174,0,0,0,0
part_24__2021_09_22,Part 24,2021-09-22,176,174,0,0,0,0
part_24__2021_09_23,Part 24,2021-09-23,176,174,0,0,0,0
part_24__2021_09_24,Part 24,2021-09-24,176,174,0,0,0,0
part_24__2021_09_25,Part 24,2021-09-25,176,174,0,0,0,0
part_24__2021_09_26,Part 24,2021-09-26,176,174,0,0,0,0
part_24__2021_09_27,Part 24,2021-09-27,184,185,136,98,0,0
part_24__2021_09_28,Part 24,2021-09-28,202,146,83,101,0,0
part_24__2021_09_29,Part 24,2021-09-29,165,82,99,0,0,133
part_24__2021_09_30,Part 24,2021-09-30,94,97,0,0,135,125
part_24__2021_10_01,Part 24,2021-10-01,102,0,0,134,124,126
part_24__2021_10_02,Part 24,2021-10-02,0,0,150,121,123,166
part_24__2021_10_03,Part 24,2021-10-03,0,0,150,121,123,166
part_24__2021_10_04,Part 24,2021-10-04,150,121,123,166,146,0
part_24__2021_10_05,Part 24,2021-10-05,125,114,154,174,92,0
part_24__2021_10_06,Part 24,2021-10-06,121,145,187,89,0,0
part_24__2021_10_07,Part 24,2021-10-07,149,187,92,0,0,122
part_24__2021_10_08,Part 24,2021-10-08,193,107,0,0,125,153
part_24__2021_10_09,Part 24,2021-10-09,193,107,0,0,125,153
part_24__2021_10_10,Part 24,2021-10-10,193,107,0,0,125,153
part_24__2021_10_11,Part 24,2021-10-11,193,107,0,0,125,153
part_24__2021_10_12,Part 24,2021-10-12,131,138,175,146,0,0
part_24__2021_10_13,Part 24,2021-10-13,148,164,157,119,0,100
part_24__2021_10_14,Part 24,2021-10-14,186,156,121,0,105,86
part_24__2021_10_15,Part 24,2021-10-15,182,114,0,112,88,150
part_24__2021_10_16,Part 24,2021-10-16,140,0,110,94,106,233
part_24__2021_10_17,Part 24,2021-10-17,140,0,110,94,106,233
part_24__2021_10_18,Part 24,2021-10-18,125,91,98,229,234,0
part_24__2021_10_19,Part 24,2021-10-19,106,79,222,240,209,0
part_24__2021_10_20,Part 24,2021-10-20,85,191,245,212,0,166
part_24__2021_10_21,Part 24,2021-10-21,195,247,207,0,167,116
part_24__2021_10_22,Part 24,2021-10-22,275,196,0,176,113,120
part_24__2021_10_23,Part 24,2021-10-23,275,196,0,176,113,120
part_24__2021_10_24,Part 24,2021-10-24,275,196,0,176,113,120
part_24__2021_10_25,Part 24,2021-10-25,191,122,122,133,127,0
part_24__2021_10_26,Part 24,2021-10-26,144,122,128,136,131,0
part_24__2021_10_27,Part 24,2021-10-27,142,124,135,130,0,148
part_24__2021_10_28,Part 24,2021-10-28,135,135,126,0,147,135
part_24__2021_10_29,Part 24,2021-10-29,162,117,0,158,109,100
part_24__2021_10_30,Part 24,2021-10-30,162,117,0,158,109,100
part_24__2021_11_01,Part 24,2021-11-01,187,108,103,91,91,0
part_25__2021_09_13,Part 25,2021-09-13,30,18,18,18,18,0
part_25__2021_09_14,Part 25,2021-09-14,27,18,18,18,0,0
part_25__2021_09_15,Part 25,2021-09-15,28,18,18,0,0,18
part_25__2021_09_16,Part 25,2021-09-16,0,0,0,0,26,18
part_25__2021_09_17,Part 25,2021-09-17,0,0,0,0,0,0
part_25__2021_09_18,Part 25,2021-09-18,0,0,0,0,0,0
part_25__2021_09_19,Part 25,2021-09-19,0,0,0,0,0,0
part_25__2021_09_20,Part 25,2021-09-20,0,0,0,0,0,0
part_25__2021_09_21,Part 25,2021-09-21,0,0,0,0,0,0
part_25__2021_09_22,Part 25,2021-09-22,0,0,0,0,0,0
part_25__2021_09_23,Part 25,2021-09-23,0,0,0,0,0,0
part_25__2021_09_24,Part 25,2021-09-24,0,0,0,0,0,0
part_25__2021_09_25,Part 25,2021-09-25,0,0,0,0,0,0
part_25__2021_09_26,Part 25,2021-09-26,0,0,0,0,0,0
part_25__2021_09_27,Part 25,2021-09-27,22,18,18,18,18,0
part_25__2021_09_28,Part 25,2021-09-28,32,18,18,18,0,0
part_25__2021_09_29,Part 25,2021-09-29,37,18,18,0,0,18
part_25__2021_09_30,Part 25,2021-09-30,43,18,0,0,18,18
part_25__2021_10_01,Part 25,2021-10-01,41,0,0,18,18,18
part_25__2021_10_02,Part 25,2021-10-02,0,0,41,18,18,18
part_25__2021_10_03,Part 25,2021-10-03,0,0,41,18,18,18
part_25__2021_10_04,Part 25,2021-10-04,41,18,18,18,18,0
part_25__2021_10_05,Part 25,2021-10-05,51,18,18,18,0,0
part_25__2021_10_06,Part 25,2021-10-06,47,18,18,0,0,0
part_25__2021_10_07,Part 25,2021-10-07,42,18,0,0,0,18
part_25__2021_10_08,Part 25,2021-10-08,45,0,0,0,18,18
part_25__2021_10_09,Part 25,2021-10-09,45,0,0,0,18,18
part_25__2021_10_10,Part 25,2021-10-10,45,0,0,0,18,18
part_25__2021_10_11,Part 25,2021-10-11,45,0,0,0,18,18
part_25__2021_10_12,Part 25,2021-10-12,44,18,18,18,0,0
part_25__2021_10_13,Part 25,2021-10-13,23,18,18,0,0,18
part_25__2021_10_14,Part 25,2021-10-14,29,18,0,0,18,18
part_25__2021_10_15,Part 25,2021-10-15,32,0,0,18,18,18
part_25__2021_10_16,Part 25,2021-10-16,0,0,49,18,18,18
part_25__2021_10_17,Part 25,2021-10-17,0,0,49,18,18,18
part_25__2021_10_18,Part 25,2021-10-18,48,18,18,18,18,0
part_25__2021_10_19,Part 25,2021-10-19,41,18,18,18,0,0
part_25__2021_10_20,Part 25,2021-10-20,39,18,18,0,0,18
part_25__2021_10_21,Part 25,2021-10-21,30,18,0,0,18,18
part_25__2021_10_22,Part 25,2021-10-22,25,0,0,18,18,18
part_25__2021_10_23,Part 25,2021-10-23,25,0,0,18,18,18
part_25__2021_10_24,Part 25,2021-10-24,25,0,0,18,18,18
part_25__2021_10_25,Part 25,2021-10-25,46,18,18,18,18,0
part_25__2021_10_26,Part 25,2021-10-26,33,18,18,18,0,0
part_25__2021_10_27,Part 25,2021-10-27,23,18,18,0,0,18
part_25__2021_10_28,Part 25,2021-10-28,24,18,0,0,18,18
part_25__2021_10_29,Part 25,2021-10-29,18,0,0,18,18,18
part_25__2021_10_30,Part 25,2021-10-30,18,0,0,18,18,18
part_25__2021_11_01,Part 25,2021-11-01,30,18,18,18,18,0
part_26__2021_09_13,Part 26,2021-09-13,0,0,194,199,184,118
part_26__2021_09_14,Part 26,2021-09-14,0,194,199,181,0,0
part_26__2021_09_15,Part 26,2021-09-15,194,200,181,0,0,120
part_26__2021_09_16,Part 26,2021-09-16,212,165,0,0,157,121
part_26__2021_09_17,Part 26,2021-09-17,180,0,0,157,148,139
part_26__2021_09_18,Part 26,2021-09-18,180,0,0,157,148,139
part_26__2021_09_19,Part 26,2021-09-19,180,0,0,157,148,139
part_26__2021_09_20,Part 26,2021-09-20,180,0,0,157,148,139
part_26__2021_09_21,Part 26,2021-09-21,180,0,0,157,148,139
part_26__2021_09_22,Part 26,2021-09-22,180,0,0,157,148,139
part_26__2021_09_23,Part 26,2021-09-23,180,0,0,157,148,139
part_26__2021_09_24,Part 26,2021-09-24,180,0,0,157,148,139
part_26__2021_09_25,Part 26,2021-09-25,180,0,0,157,148,139
part_26__2021_09_26,Part 26,2021-09-26,180,0,0,157,148,139
part_26__2021_09_27,Part 26,2021-09-27,206,146,145,144,135,120
part_26__2021_09_28,Part 26,2021-09-28,201,143,145,141,131,0
part_26__2021_09_29,Part 26,2021-09-29,187,145,144,0,0,135
part_26__2021_09_30,Part 26,2021-09-30,159,187,0,0,152,128
part_26__2021_10_01,Part 26,2021-10-01,178,0,0,172,134,152
part_26__2021_10_02,Part 26,2021-10-02,0,0,199,164,157,128
part_26__2021_10_03,Part 26,2021-10-03,0,0,199,164,157,128
part_26__2021_10_04,Part 26,2021-10-04,199,164,157,128,136,103
part_26__2021_10_05,Part 26,2021-10-05,141,129,149,133,129,0
part_26__2021_10_06,Part 26,2021-10-06,141,149,133,0,0,0
part_26__2021_10_07,Part 26,2021-10-07,163,158,0,0,0,146
part_26__2021_10_08,Part 26,2021-10-08,139,0,0,0,140,137
part_26__2021_10_09,Part 26,2021-10-09,139,0,0,0,140,137
part_26__2021_10_10,Part 26,2021-10-10,139,0,0,0,140,137
part_26__2021_10_11,Part 26,2021-10-11,139,0,0,0,140,137
part_26__2021_10_12,Part 26,2021-10-12,144,137,135,118,130,0
part_26__2021_10_13,Part 26,2021-10-13,161,135,120,129,0,144
part_26__2021_10_14,Part 26,2021-10-14,168,128,0,0,201,183
part_26__2021_10_15,Part 26,2021-10-15,149,0,0,199,186,173
part_26__2021_10_16,Part 26,2021-10-16,0,0,216,187,176,169
part_26__2021_10_17,Part 26,2021-10-17,0,0,216,187,176,169
part_26__2021_10_18,Part 26,2021-10-18,216,187,176,169,128,102
part_26__2021_10_19,Part 26,2021-10-19,212,177,168,148,122,0
part_26__2021_10_20,Part 26,2021-10-20,197,170,166,0,0,125
part_26__2021_10_21,Part 26,2021-10-21,196,189,0,0,206,158
part_26__2021_10_22,Part 26,2021-10-22,198,0,0,200,174,136
part_26__2021_10_23,Part 26,2021-10-23,198,0,0,200,174,136
part_26__2021_10_24,Part 26,2021-10-24,198,0,0,200,174,136
part_26__2021_10_25,Part 26,2021-10-25,228,187,139,107,108,136
part_26__2021_10_26,Part 26,2021-10-26,228,152,130,119,0,0
part_26__2021_10_27,Part 26,2021-10-27,207,136,110,0,0,112
part_26__2021_10_28,Part 26,2021-10-28,174,122,0,0,114,127
part_26__2021_10_29,Part 26,2021-10-29,156,0,0,112,123,127
part_26__2021_10_30,Part 26,2021-10-30,156,0,0,112,123,127
part_26__2021_11_01,Part 26,2021-11-01,132,118,130,119,121,133
part_27__2021_09_13,Part 27,2021-09-13,117,68,79,96,54,107
part_27__2021_09_14,Part 27,2021-09-14,114,79,98,50,108,0
part_27__2021_09_15,Part 27,2021-09-15,99,85,59,85,0,195
part_27__2021_09_16,Part 27,2021-09-16,124,62,83,0,191,169
part_27__2021_09_17,Part 27,2021-09-17,121,65,0,0,0,0
part_27__2021_09_18,Part 27,2021-09-18,121,65,0,0,0,0
part_27__2021_09_19,Part 27,2021-09-19,121,65,0,0,0,0
part_27__2021_09_20,Part 27,2021-09-20,121,65,0,0,0,0
part_27__2021_09_21,Part 27,2021-09-21,121,65,0,0,0,0
part_27__2021_09_22,Part 27,2021-09-22,121,65,0,0,0,0
part_27__2021_09_23,Part 27,2021-09-23,121,65,0,0,0,0
part_27__2021_09_24,Part 27,2021-09-24,121,65,0,0,0,0
part_27__2021_09_25,Part 27,2021-09-25,121,65,0,0,0,0
part_27__2021_09_26,Part 27,2021-09-26,121,65,0,0,0,0
part_27__2021_09_27,Part 27,2021-09-27,198,196,171,180,0,0
part_27__2021_09_28,Part 27,2021-09-28,205,163,187,198,0,0
part_27__2021_09_29,Part 27,2021-09-29,170,175,202,0,0,207
part_27__2021_09_30,Part 27,2021-09-30,174,198,0,0,210,175
part_27__2021_10_01,Part 27,2021-10-01,200,0,0,213,180,183
part_27__2021_10_02,Part 27,2021-10-02,0,0,228,179,190,166
part_27__2021_10_03,Part 27,2021-10-03,0,0,228,179,190,166
part_27__2021_10_04,Part 27,2021-10-04,228,179,190,166,180,0
part_27__2021_10_05,Part 27,2021-10-05,208,192,164,182,175,0
part_27__2021_10_06,Part 27,2021-10-06,193,170,181,177,0,0
part_27__2021_10_07,Part 27,2021-10-07,179,177,177,0,0,145
part_27__2021_10_08,Part 27,2021-10-08,180,185,0,0,142,144
part_27__2021_10_09,Part 27,2021-10-09,180,185,0,0,142,144
part_27__2021_10_10,Part 27,2021-10-10,180,185,0,0,142,144
part_27__2021_10_11,Part 27,2021-10-11,180,185,0,0,142,144
part_27__2021_10_12,Part 27,2021-10-12,168,136,181,193,0,0
part_27__2021_10_13,Part 27,2021-10-13,156,175,192,176,0,147
part_27__2021_10_14,Part 27,2021-10-14,183,192,176,0,149,170
part_27__2021_10_15,Part 27,2021-10-15,209,181,0,149,169,148
part_27__2021_10_16,Part 27,2021-10-16,191,0,156,167,148,128
part_27__2021_10_17,Part 27,2021-10-17,191,0,156,167,148,128
part_27__2021_10_18,Part 27,2021-10-18,168,168,149,126,154,0
part_27__2021_10_19,Part 27,2021-10-19,172,145,138,147,161,0
part_27__2021_10_20,Part 27,2021-10-20,160,143,142,158,0,185
part_27__2021_10_21,Part 27,2021-10-21,163,137,158,0,182,192
part_27__2021_10_22,Part 27,2021-10-22,144,155,0,182,191,193
part_27__2021_10_23,Part 27,2021-10-23,144,155,0,182,191,193
part_27__2021_10_24,Part 27,2021-10-24,144,155,0,182,191,193
part_27__2021_10_25,Part 27,2021-10-25,181,189,192,192,193,0
part_27__2021_10_26,Part 27,2021-10-26,194,192,191,193,194,0
part_27__2021_10_27,Part 27,2021-10-27,201,194,190,194,0,176
part_27__2021_10_28,Part 27,2021-10-28,208,190,194,0,186,177
part_27__2021_10_29,Part 27,2021-10-29,200,192,0,187,199,210
part_27__2021_10_30,Part 27,2021-10-30,200,192,0,187,199,210
part_27__2021_11_01,Part 27,2021-11-01,203,188,210,210,210,0
part_28__2021_09_13,Part 28,2021-09-13,104,50,50,50,608,720
part_28__2021_09_14,Part 28,2021-09-14,100,50,50,608,720,0
part_28__2021_09_15,Part 28,2021-09-15,106,50,608,720,0,480
part_28__2021_09_16,Part 28,2021-09-16,106,608,720,0,480,480
part_28__2021_09_17,Part 28,2021-09-17,684,720,0,0,0,0
part_28__2021_09_18,Part 28,2021-09-18,684,720,0,0,0,0
part_28__2021_09_19,Part 28,2021-09-19,684,720,0,0,0,0
part_28__2021_09_20,Part 28,2021-09-20,684,720,0,0,0,0
part_28__2021_09_21,Part 28,2021-09-21,684,720,0,0,0,0
part_28__2021_09_22,Part 28,2021-09-22,684,720,0,0,0,0
part_28__2021_09_23,Part 28,2021-09-23,684,720,0,0,0,0
part_28__2021_09_24,Part 28,2021-09-24,684,720,0,0,0,0
part_28__2021_09_25,Part 28,2021-09-25,684,720,0,0,0,0
part_28__2021_09_26,Part 28,2021-09-26,684,720,0,0,0,0
part_28__2021_09_27,Part 28,2021-09-27,536,480,480,480,0,0
part_28__2021_09_28,Part 28,2021-09-28,498,480,480,496,0,0
part_28__2021_09_29,Part 28,2021-09-29,498,480,496,0,0,496
part_28__2021_09_30,Part 28,2021-09-30,490,496,0,0,496,496
part_28__2021_10_01,Part 28,2021-10-01,522,0,0,496,496,496
part_28__2021_10_02,Part 28,2021-10-02,0,0,538,496,496,496
part_28__2021_10_03,Part 28,2021-10-03,0,0,538,496,496,496
part_28__2021_10_04,Part 28,2021-10-04,538,496,496,496,496,0
part_28__2021_10_05,Part 28,2021-10-05,526,496,496,496,496,0
part_28__2021_10_06,Part 28,2021-10-06,544,496,496,496,0,0
part_28__2021_10_07,Part 28,2021-10-07,552,496,496,0,0,544
part_28__2021_10_08,Part 28,2021-10-08,550,496,0,0,544,544
part_28__2021_10_09,Part 28,2021-10-09,550,496,0,0,544,544
part_28__2021_10_10,Part 28,2021-10-10,550,496,0,0,544,544
part_28__2021_10_11,Part 28,2021-10-11,550,496,0,0,544,544
part_28__2021_10_12,Part 28,2021-10-12,616,544,544,544,0,0
part_28__2021_10_13,Part 28,2021-10-13,610,544,544,544,0,544
part_28__2021_10_14,Part 28,2021-10-14,620,544,544,0,544,544
part_28__2021_10_15,Part 28,2021-10-15,608,544,0,544,544,544
part_28__2021_10_16,Part 28,2021-10-16,618,0,544,544,544,544
part_28__2021_10_17,Part 28,2021-10-17,618,0,544,544,544,544
part_28__2021_10_18,Part 28,2021-10-18,598,544,544,544,544,0
part_28__2021_10_19,Part 28,2021-10-19,574,544,544,544,544,0
part_28__2021_10_20,Part 28,2021-10-20,572,544,544,544,0,544
part_28__2021_10_21,Part 28,2021-10-21,608,544,544,0,544,544
part_28__2021_10_22,Part 28,2021-10-22,594,544,0,544,544,544
part_28__2021_10_23,Part 28,2021-10-23,594,544,0,544,544,544
part_28__2021_10_24,Part 28,2021-10-24,594,544,0,544,544,544
part_28__2021_10_25,Part 28,2021-10-25,576,544,544,544,544,0
part_28__2021_10_26,Part 28,2021-10-26,602,544,544,544,544,0
part_28__2021_10_27,Part 28,2021-10-27,610,544,544,544,0,544
part_28__2021_10_28,Part 28,2021-10-28,628,544,544,0,528,528
part_28__2021_10_29,Part 28,2021-10-29,646,544,0,528,496,496
part_28__2021_10_30,Part 28,2021-10-30,646,544,0,528,496,496
part_28__2021_11_01,Part 28,2021-11-01,590,496,496,496,496,0
part_29__2021_09_13,Part 29,2021-09-13,312,220,220,220,260,260
part_29__2021_09_14,Part 29,2021-09-14,326,220,220,260,260,0
part_29__2021_09_15,Part 29,2021-09-15,316,220,260,260,0,480
part_29__2021_09_16,Part 29,2021-09-16,354,260,260,0,480,480
part_29__2021_09_17,Part 29,2021-09-17,324,260,0,0,0,0
part_29__2021_09_18,Part 29,2021-09-18,324,260,0,0,0,0
part_29__2021_09_19,Part 29,2021-09-19,324,260,0,0,0,0
part_29__2021_09_20,Part 29,2021-09-20,324,260,0,0,0,0
part_29__2021_09_21,Part 29,2021-09-21,324,260,0,0,0,0
part_29__2021_09_22,Part 29,2021-09-22,324,260,0,0,0,0
part_29__2021_09_23,Part 29,2021-09-23,324,260,0,0,0,0
part_29__2021_09_24,Part 29,2021-09-24,324,260,0,0,0,0
part_29__2021_09_25,Part 29,2021-09-25,324,260,0,0,0,0
part_29__2021_09_26,Part 29,2021-09-26,324,260,0,0,0,0
part_29__2021_09_27,Part 29,2021-09-27,542,480,480,480,0,0
part_29__2021_09_28,Part 29,2021-09-28,522,480,480,480,0,0
part_29__2021_09_29,Part 29,2021-09-29,506,480,480,0,0,480
part_29__2021_09_30,Part 29,2021-09-30,500,480,0,0,480,480
part_29__2021_10_01,Part 29,2021-10-01,504,0,0,480,480,480
part_29__2021_10_02,Part 29,2021-10-02,0,0,512,480,480,480
part_29__2021_10_03,Part 29,2021-10-03,0,0,512,480,480,480
part_29__2021_10_04,Part 29,2021-10-04,512,480,480,480,480,0
part_29__2021_10_05,Part 29,2021-10-05,530,480,480,480,480,0
part_29__2021_10_06,Part 29,2021-10-06,498,480,480,480,0,0
part_29__2021_10_07,Part 29,2021-10-07,500,480,480,0,0,400
part_29__2021_10_08,Part 29,2021-10-08,494,480,0,0,400,400
part_29__2021_10_09,Part 29,2021-10-09,494,480,0,0,400,400
part_29__2021_10_10,Part 29,2021-10-10,494,480,0,0,400,400
part_29__2021_10_11,Part 29,2021-10-11,494,480,0,0,400,400
part_29__2021_10_12,Part 29,2021-10-12,452,400,400,400,0,0
part_29__2021_10_13,Part 29,2021-10-13,434,400,400,400,0,400
part_29__2021_10_14,Part 29,2021-10-14,424,400,400,0,400,400
part_29__2021_10_15,Part 29,2021-10-15,436,400,0,400,400,400
part_29__2021_10_16,Part 29,2021-10-16,420,0,400,400,400,400
part_29__2021_10_17,Part 29,2021-10-17,420,0,400,400,400,400
part_29__2021_10_18,Part 29,2021-10-18,424,400,400,400,400,0
part_29__2021_10_19,Part 29,2021-10-19,412,400,400,400,400,0
part_29__2021_10_20,Part 29,2021-10-20,420,400,400,400,0,400
part_29__2021_10_21,Part 29,2021-10-21,438,400,400,0,400,400
part_29__2021_10_22,Part 29,2021-10-22,416,400,0,400,400,400
part_29__2021_10_23,Part 29,2021-10-23,416,400,0,400,400,400
part_29__2021_10_24,Part 29,2021-10-24,416,400,0,400,400,400
part_29__2021_10_25,Part 29,2021-10-25,416,400,400,400,400,0
part_29__2021_10_26,Part 29,2021-10-26,412,400,400,400,400,0
part_29__2021_10_27,Part 29,2021-10-27,418,400,400,400,0,400
part_29__2021_10_28,Part 29,2021-10-28,432,400,400,0,420,420
part_29__2021_10_29,Part 29,2021-10-29,414,400,0,420,420,420
part_29__2021_10_30,Part 29,2021-10-30,414,400,0,420,420,420
part_29__2021_11_01,Part 29,2021-11-01,434,420,420,420,420,0
part_3__2021_09_13,Part 3,2021-09-13,104,64,15,44,50,0
part_3__2021_09_14,Part 3,2021-09-14,75,18,42,51,0,0
part_3__2021_09_15,Part 3,2021-09-15,23,40,47,0,0,41
part_3__2021_09_16,Part 3,2021-09-16,41,51,0,0,41,15
part_3__2021_09_17,Part 3,2021-09-17,62,0,0,0,0,0
part_3__2021_09_18,Part 3,2021-09-18,62,0,0,0,0,0
part_3__2021_09_19,Part 3,2021-09-19,62,0,0,0,0,0
part_3__2021_09_20,Part 3,2021-09-20,62,0,0,0,0,0
part_3__2021_09_21,Part 3,2021-09-21,62,0,0,0,0,0
part_3__2021_09_22,Part 3,2021-09-22,62,0,0,0,0,0
part_3__2021_09_23,Part 3,2021-09-23,62,0,0,0,0,0
part_3__2021_09_24,Part 3,2021-09-24,62,0,0,0,0,0
part_3__2021_09_25,Part 3,2021-09-25,62,0,0,0,0,0
part_3__2021_09_26,Part 3,2021-09-26,62,0,0,0,0,0
part_3__2021_09_27,Part 3,2021-09-27,55,15,55,111,145,156
part_3__2021_09_28,Part 3,2021-09-28,30,22,107,131,0,0
part_3__2021_09_29,Part 3,2021-09-29,15,107,132,0,0,153
part_3__2021_09_30,Part 3,2021-09-30,107,134,0,0,153,120
part_3__2021_10_01,Part 3,2021-10-01,144,0,0,152,130,56
part_3__2021_10_02,Part 3,2021-10-02,0,0,165,145,55,87
part_3__2021_10_03,Part 3,2021-10-03,0,0,165,145,55,87
part_3__2021_10_04,Part 3,2021-10-04,165,145,55,87,150,113
part_3__2021_10_05,Part 3,2021-10-05,175,68,68,147,131,0
part_3__2021_10_06,Part 3,2021-10-06,94,68,147,137,0,0
part_3__2021_10_07,Part 3,2021-10-07,74,154,144,0,0,51
part_3__2021_10_08,Part 3,2021-10-08,159,160,0,0,56,6
part_3__2021_10_09,Part 3,2021-10-09,159,160,0,0,56,6
part_3__2021_10_10,Part 3,2021-10-10,159,160,0,0,56,6
part_3__2021_10_11,Part 3,2021-10-11,159,160,0,0,56,6
part_3__2021_10_12,Part 3,2021-10-12,92,8,0,0,0,0
part_3__2021_10_13,Part 3,2021-10-13,32,0,0,0,0,0
part_3__2021_10_14,Part 3,2021-10-14,2,0,0,0,0,0
part_3__2021_10_15,Part 3,2021-10-15,2,0,0,0,0,0
part_3__2021_10_16,Part 3,2021-10-16,0,0,0,0,0,0
part_3__2021_10_17,Part 3,2021-10-17,0,0,0,0,0,0
part_3__2021_10_18,Part 3,2021-10-18,0,0,0,0,0,0
part_3__2021_10_19,Part 3,2021-10-19,0,0,0,0,0,0
part_3__2021_10_20,Part 3,2021-10-20,0,0,0,0,0,0
part_3__2021_10_21,Part 3,2021-10-21,0,0,0,0,0,0
part_3__2021_10_22,Part 3,2021-10-22,0,0,0,0,0,0
part_3__2021_10_23,Part 3,2021-10-23,0,0,0,0,0,0
part_3__2021_10_24,Part 3,2021-10-24,0,0,0,0,0,0
part_3__2021_10_25,Part 3,2021-10-25,0,0,0,4,26,39
part_3__2021_10_26,Part 3,2021-10-26,0,0,1,25,39,0
part_3__2021_10_27,Part 3,2021-10-27,0,1,26,40,0,54
part_3__2021_10_28,Part 3,2021-10-28,0,24,48,0,54,57
part_3__2021_10_29,Part 3,2021-10-29,24,36,0,58,65,52
part_3__2021_10_30,Part 3,2021-10-30,24,36,0,58,65,52
part_3__2021_11_01,Part 3,2021-11-01,60,64,58,60,57,62
part_30__2021_09_13,Part 30,2021-09-13,330,383,369,321,291,347
part_30__2021_09_14,Part 30,2021-09-14,409,373,337,286,0,0
part_30__2021_09_15,Part 30,2021-09-15,422,337,259,0,0,356
part_30__2021_09_16,Part 30,2021-09-16,428,254,0,0,359,419
part_30__2021_09_17,Part 30,2021-09-17,363,0,0,0,0,0
part_30__2021_09_18,Part 30,2021-09-18,363,0,0,0,0,0
part_30__2021_09_19,Part 30,2021-09-19,363,0,0,0,0,0
part_30__2021_09_20,Part 30,2021-09-20,363,0,0,0,0,0
part_30__2021_09_21,Part 30,2021-09-21,363,0,0,0,0,0
part_30__2021_09_22,Part 30,2021-09-22,363,0,0,0,0,0
part_30__2021_09_23,Part 30,2021-09-23,363,0,0,0,0,0
part_30__2021_09_24,Part 30,2021-09-24,363,0,0,0,0,0
part_30__2021_09_25,Part 30,2021-09-25,363,0,0,0,0,0
part_30__2021_09_26,Part 30,2021-09-26,363,0,0,0,0,0
part_30__2021_09_27,Part 30,2021-09-27,490,299,171,228,281,293
part_30__2021_09_28,Part 30,2021-09-28,420,189,208,279,0,0
part_30__2021_09_29,Part 30,2021-09-29,316,248,235,0,0,195
part_30__2021_09_30,Part 30,2021-09-30,327,289,0,0,232,323
part_30__2021_10_01,Part 30,2021-10-01,333,0,0,188,279,274
part_30__2021_10_02,Part 30,2021-10-02,0,0,290,289,257,219
part_30__2021_10_03,Part 30,2021-10-03,0,0,290,289,257,219
part_30__2021_10_04,Part 30,2021-10-04,290,289,257,219,247,289
part_30__2021_10_05,Part 30,2021-10-05,198,169,154,103,0,0
part_30__2021_10_06,Part 30,2021-10-06,278,153,100,0,0,0
part_30__2021_10_07,Part 30,2021-10-07,293,103,0,0,0,276
part_30__2021_10_08,Part 30,2021-10-08,244,0,0,0,256,230
part_30__2021_10_09,Part 30,2021-10-09,244,0,0,0,256,230
part_30__2021_10_10,Part 30,2021-10-10,244,0,0,0,256,230
part_30__2021_10_11,Part 30,2021-10-11,244,0,0,0,256,230
part_30__2021_10_12,Part 30,2021-10-12,359,230,254,241,0,0
part_30__2021_10_13,Part 30,2021-10-13,314,252,243,0,0,177
part_30__2021_10_14,Part 30,2021-10-14,297,260,0,0,185,87
part_30__2021_10_15,Part 30,2021-10-15,261,0,0,234,86,133
part_30__2021_10_16,Part 30,2021-10-16,0,0,270,89,119,176
part_30__2021_10_17,Part 30,2021-10-17,0,0,270,89,119,176
part_30__2021_10_18,Part 30,2021-10-18,270,89,119,176,151,163
part_30__2021_10_19,Part 30,2021-10-19,137,85,207,159,0,0
part_30__2021_10_20,Part 30,2021-10-20,122,199,159,0,0,158
part_30__2021_10_21,Part 30,2021-10-21,221,133,0,0,185,212
part_30__2021_10_22,Part 30,2021-10-22,158,0,0,103,132,193
part_30__2021_10_23,Part 30,2021-10-23,158,0,0,103,132,193
part_30__2021_10_24,Part 30,2021-10-24,158,0,0,103,132,193
part_30__2021_10_25,Part 30,2021-10-25,55,58,89,57,108,0
part_30__2021_10_26,Part 30,2021-10-26,83,86,56,128,0,0
part_30__2021_10_27,Part 30,2021-10-27,125,61,129,0,0,135
part_30__2021_10_28,Part 30,2021-10-28,91,153,0,0,269,181
part_30__2021_10_29,Part 30,2021-10-29,184,0,0,155,255,283
part_30__2021_10_30,Part 30,2021-10-30,184,0,0,155,255,283
part_30__2021_11_01,Part 30,2021-11-01,239,236,307,221,154,187
part_31__2021_09_13,Part 31,2021-09-13,3,28,22,18,3,0
part_31__2021_09_14,Part 31,2021-09-14,29,22,18,3,0,0
part_31__2021_09_15,Part 31,2021-09-15,25,17,4,0,0,0
part_31__2021_09_16,Part 31,2021-09-16,21,4,0,0,0,0
part_31__2021_09_17,Part 31,2021-09-17,9,0,0,0,0,0
part_31__2021_09_18,Part 31,2021-09-18,9,0,0,0,0,0
part_31__2021_09_19,Part 31,2021-09-19,9,0,0,0,0,0
part_31__2021_09_20,Part 31,2021-09-20,9,0,0,0,0,0
part_31__2021_09_21,Part 31,2021-09-21,9,0,0,0,0,0
part_31__2021_09_22,Part 31,2021-09-22,9,0,0,0,0,0
part_31__2021_09_23,Part 31,2021-09-23,9,0,0,0,0,0
part_31__2021_09_24,Part 31,2021-09-24,9,0,0,0,0,0
part_31__2021_09_25,Part 31,2021-09-25,9,0,0,0,0,0
part_31__2021_09_26,Part 31,2021-09-26,9,0,0,0,0,0
part_31__2021_09_27,Part 31,2021-09-27,0,0,0,0,0,0
part_31__2021_09_28,Part 31,2021-09-28,0,0,0,0,0,0
part_31__2021_09_29,Part 31,2021-09-29,0,0,0,0,0,0
part_31__2021_09_30,Part 31,2021-09-30,0,0,0,0,0,0
part_31__2021_10_01,Part 31,2021-10-01,0,0,0,0,0,0
part_31__2021_10_02,Part 31,2021-10-02,0,0,0,0,1,26
part_31__2021_10_03,Part 31,2021-10-03,0,0,0,0,1,26
part_31__2021_10_04,Part 31,2021-10-04,0,0,1,26,27,41
part_31__2021_10_05,Part 31,2021-10-05,0,0,0,0,0,0
part_31__2021_10_06,Part 31,2021-10-06,0,0,0,0,0,0
part_31__2021_10_07,Part 31,2021-10-07,0,0,0,0,0,19
part_31__2021_10_08,Part 31,2021-10-08,0,0,0,0,19,8
part_31__2021_10_09,Part 31,2021-10-09,0,0,0,0,19,8
part_31__2021_10_10,Part 31,2021-10-10,0,0,0,0,19,8
part_31__2021_10_11,Part 31,2021-10-11,0,0,0,0,19,8
part_31__2021_10_12,Part 31,2021-10-12,18,9,41,35,0,0
part_31__2021_10_13,Part 31,2021-10-13,16,40,30,0,0,48
part_31__2021_10_14,Part 31,2021-10-14,25,41,0,0,50,37
part_31__2021_10_15,Part 31,2021-10-15,56,0,0,41,34,59
part_31__2021_10_16,Part 31,2021-10-16,0,0,43,40,57,39
part_31__2021_10_17,Part 31,2021-10-17,0,0,43,40,57,39
part_31__2021_10_18,Part 31,2021-10-18,43,40,57,39,41,7
part_31__2021_10_19,Part 31,2021-10-19,47,62,37,39,0,0
part_31__2021_10_20,Part 31,2021-10-20,60,47,39,0,0,12
part_31__2021_10_21,Part 31,2021-10-21,58,44,0,0,12,20
part_31__2021_10_22,Part 31,2021-10-22,41,0,0,14,10,36
part_31__2021_10_23,Part 31,2021-10-23,41,0,0,14,10,36
part_31__2021_10_24,Part 31,2021-10-24,41,0,0,14,10,36
part_31__2021_10_25,Part 31,2021-10-25,10,10,3,3,35,0
part_31__2021_10_26,Part 31,2021-10-26,11,4,7,29,0,0
part_31__2021_10_27,Part 31,2021-10-27,5,7,26,0,0,37
part_31__2021_10_28,Part 31,2021-10-28,9,21,0,0,42,25
part_31__2021_10_29,Part 31,2021-10-29,19,0,0,47,22,41
part_31__2021_10_30,Part 31,2021-10-30,19,0,0,47,22,41
part_31__2021_11_01,Part 31,2021-11-01,41,33,41,15,35,38
part_32__2021_09_13,Part 32,2021-09-13,5,0,0,44,64,65
part_32__2021_09_14,Part 32,2021-09-14,1,0,43,64,0,0
part_32__2021_09_15,Part 32,2021-09-15,1,36,62,0,0,71
part_32__2021_09_16,Part 32,2021-09-16,37,65,0,0,68,63
part_32__2021_09_17,Part 32,2021-09-17,72,0,0,0,0,0
part_32__2021_09_18,Part 32,2021-09-18,72,0,0,0,0,0
part_32__2021_09_19,Part 32,2021-09-19,72,0,0,0,0,0
part_32__2021_09_20,Part 32,2021-09-20,72,0,0,0,0,0
part_32__2021_09_21,Part 32,2021-09-21,72,0,0,0,0,0
part_32__2021_09_22,Part 32,2021-09-22,72,0,0,0,0,0
part_32__2021_09_23,Part 32,2021-09-23,72,0,0,0,0,0
part_32__2021_09_24,Part 32,2021-09-24,72,0,0,0,0,0
part_32__2021_09_25,Part 32,2021-09-25,72,0,0,0,0,0
part_32__2021_09_26,Part 32,2021-09-26,72,0,0,0,0,0
part_32__2021_09_27,Part 32,2021-09-27,42,40,17,0,0,0
part_32__2021_09_28,Part 32,2021-09-28,37,26,0,0,0,0
part_32__2021_09_29,Part 32,2021-09-29,36,0,0,0,0,0
part_32__2021_09_30,Part 32,2021-09-30,2,0,0,0,0,0
part_32__2021_10_01,Part 32,2021-10-01,0,0,0,0,0,0
part_32__2021_10_02,Part 32,2021-10-02,0,0,0,0,0,12
part_32__2021_10_03,Part 32,2021-10-03,0,0,0,0,0,12
part_32__2021_10_04,Part 32,2021-10-04,0,0,0,12,25,0
part_32__2021_10_05,Part 32,2021-10-05,0,0,0,0,0,0
part_32__2021_10_06,Part 32,2021-10-06,0,0,0,0,0,0
part_32__2021_10_07,Part 32,2021-10-07,0,0,0,0,0,0
part_32__2021_10_08,Part 32,2021-10-08,0,0,0,0,0,36
part_32__2021_10_09,Part 32,2021-10-09,0,0,0,0,0,36
part_32__2021_10_10,Part 32,2021-10-10,0,0,0,0,0,36
part_32__2021_10_11,Part 32,2021-10-11,0,0,0,0,0,36
part_32__2021_10_12,Part 32,2021-10-12,0,36,1,0,0,0
part_32__2021_10_13,Part 32,2021-10-13,19,18,0,0,0,0
part_32__2021_10_14,Part 32,2021-10-14,23,0,0,0,0,0
part_32__2021_10_15,Part 32,2021-10-15,1,0,0,0,0,0
part_32__2021_10_16,Part 32,2021-10-16,0,0,1,0,0,0
part_32__2021_10_17,Part 32,2021-10-17,0,0,1,0,0,0
part_32__2021_10_18,Part 32,2021-10-18,1,0,0,0,0,0
part_32__2021_10_19,Part 32,2021-10-19,0,0,0,0,0,0
part_32__2021_10_20,Part 32,2021-10-20,0,0,0,0,0,0
part_32__2021_10_21,Part 32,2021-10-21,0,0,0,0,0,0
part_32__2021_10_22,Part 32,2021-10-22,0,0,0,0,0,1
part_32__2021_10_23,Part 32,2021-10-23,0,0,0,0,0,1
part_32__2021_10_24,Part 32,2021-10-24,0,0,0,0,0,1
part_32__2021_10_25,Part 32,2021-10-25,0,0,0,0,0,0
part_32__2021_10_26,Part 32,2021-10-26,0,0,0,0,0,0
part_32__2021_10_27,Part 32,2021-10-27,0,0,0,0,0,1
part_32__2021_10_28,Part 32,2021-10-28,0,0,0,0,1,0
part_32__2021_10_29,Part 32,2021-10-29,0,0,0,1,0,0
part_32__2021_10_30,Part 32,2021-10-30,0,0,0,1,0,0
part_32__2021_11_01,Part 32,2021-11-01,1,0,0,0,0,0
part_33__2021_09_13,Part 33,2021-09-13,211,212,206,9,9,20
part_33__2021_09_14,Part 33,2021-09-14,234,220,29,6,0,0
part_33__2021_09_15,Part 33,2021-09-15,251,56,23,0,0,111
part_33__2021_09_16,Part 33,2021-09-16,98,23,0,0,103,65
part_33__2021_09_17,Part 33,2021-09-17,36,0,0,0,0,0
part_33__2021_09_18,Part 33,2021-09-18,36,0,0,0,0,0
part_33__2021_09_19,Part 33,2021-09-19,36,0,0,0,0,0
part_33__2021_09_20,Part 33,2021-09-20,36,0,0,0,0,0
part_33__2021_09_21,Part 33,2021-09-21,36,0,0,0,0,0
part_33__2021_09_22,Part 33,2021-09-22,36,0,0,0,0,0
part_33__2021_09_23,Part 33,2021-09-23,36,0,0,0,0,0
part_33__2021_09_24,Part 33,2021-09-24,36,0,0,0,0,0
part_33__2021_09_25,Part 33,2021-09-25,36,0,0,0,0,0
part_33__2021_09_26,Part 33,2021-09-26,36,0,0,0,0,0
part_33__2021_09_27,Part 33,2021-09-27,114,77,154,145,139,102
part_33__2021_09_28,Part 33,2021-09-28,99,167,101,76,0,0
part_33__2021_09_29,Part 33,2021-09-29,201,114,77,0,0,168
part_33__2021_09_30,Part 33,2021-09-30,192,72,0,0,178,87
part_33__2021_10_01,Part 33,2021-10-01,125,0,0,150,96,63
part_33__2021_10_02,Part 33,2021-10-02,0,0,163,112,63,75
part_33__2021_10_03,Part 33,2021-10-03,0,0,163,112,63,75
part_33__2021_10_04,Part 33,2021-10-04,163,112,63,75,44,37
part_33__2021_10_05,Part 33,2021-10-05,145,58,28,41,0,0
part_33__2021_10_06,Part 33,2021-10-06,112,28,42,0,0,0
part_33__2021_10_07,Part 33,2021-10-07,84,38,0,0,0,64
part_33__2021_10_08,Part 33,2021-10-08,79,0,0,0,65,64
part_33__2021_10_09,Part 33,2021-10-09,79,0,0,0,65,64
part_33__2021_10_10,Part 33,2021-10-10,79,0,0,0,65,64
part_33__2021_10_11,Part 33,2021-10-11,79,0,0,0,65,64
part_33__2021_10_12,Part 33,2021-10-12,106,64,49,75,0,0
part_33__2021_10_13,Part 33,2021-10-13,80,58,84,0,0,110
part_33__2021_10_14,Part 33,2021-10-14,77,103,0,0,161,177
part_33__2021_10_15,Part 33,2021-10-15,93,0,0,176,171,168
part_33__2021_10_16,Part 33,2021-10-16,0,0,187,174,181,122
part_33__2021_10_17,Part 33,2021-10-17,0,0,187,174,181,122
part_33__2021_10_18,Part 33,2021-10-18,187,174,181,122,77,37
part_33__2021_10_19,Part 33,2021-10-19,166,203,116,94,0,0
part_33__2021_10_20,Part 33,2021-10-20,223,115,96,0,0,48
part_33__2021_10_21,Part 33,2021-10-21,140,95,0,0,65,27
part_33__2021_10_22,Part 33,2021-10-22,104,0,0,67,35,26
part_33__2021_10_23,Part 33,2021-10-23,104,0,0,67,35,26
part_33__2021_10_24,Part 33,2021-10-24,104,0,0,67,35,26
part_33__2021_10_25,Part 33,2021-10-25,32,44,10,13,6,0
part_33__2021_10_26,Part 33,2021-10-26,48,12,12,6,0,0
part_33__2021_10_27,Part 33,2021-10-27,26,13,6,0,0,36
part_33__2021_10_28,Part 33,2021-10-28,18,10,0,0,34,2
part_33__2021_10_29,Part 33,2021-10-29,14,0,0,31,9,8
part_33__2021_10_30,Part 33,2021-10-30,14,0,0,31,9,8
part_33__2021_11_01,Part 33,2021-11-01,36,10,10,57,108,114
part_34__2021_09_13,Part 34,2021-09-13,8,26,20,2,0,0
part_34__2021_09_14,Part 34,2021-09-14,24,22,2,0,0,0
part_34__2021_09_15,Part 34,2021-09-15,26,2,0,0,0,0
part_34__2021_09_16,Part 34,2021-09-16,8,0,0,0,0,26
part_34__2021_09_17,Part 34,2021-09-17,2,0,0,0,0,0
part_34__2021_09_18,Part 34,2021-09-18,2,0,0,0,0,0
part_34__2021_09_19,Part 34,2021-09-19,2,0,0,0,0,0
part_34__2021_09_20,Part 34,2021-09-20,2,0,0,0,0,0
part_34__2021_09_21,Part 34,2021-09-21,2,0,0,0,0,0
part_34__2021_09_22,Part 34,2021-09-22,2,0,0,0,0,0
part_34__2021_09_23,Part 34,2021-09-23,2,0,0,0,0,0
part_34__2021_09_24,Part 34,2021-09-24,2,0,0,0,0,0
part_34__2021_09_25,Part 34,2021-09-25,2,0,0,0,0,0
part_34__2021_09_26,Part 34,2021-09-26,2,0,0,0,0,0
part_34__2021_09_27,Part 34,2021-09-27,47,143,212,34,34,30
part_34__2021_09_28,Part 34,2021-09-28,149,199,51,35,0,0
part_34__2021_09_29,Part 34,2021-09-29,231,66,38,0,0,30
part_34__2021_09_30,Part 34,2021-09-30,136,49,0,0,41,55
part_34__2021_10_01,Part 34,2021-10-01,74,0,0,34,43,73
part_34__2021_10_02,Part 34,2021-10-02,0,0,57,43,83,68
part_34__2021_10_03,Part 34,2021-10-03,0,0,57,43,83,68
part_34__2021_10_04,Part 34,2021-10-04,57,43,83,68,42,2
part_34__2021_10_05,Part 34,2021-10-05,44,25,18,30,0,0
part_34__2021_10_06,Part 34,2021-10-06,53,17,34,0,0,0
part_34__2021_10_07,Part 34,2021-10-07,51,28,0,0,0,89
part_34__2021_10_08,Part 34,2021-10-08,53,0,0,0,83,69
part_34__2021_10_09,Part 34,2021-10-09,53,0,0,0,83,69
part_34__2021_10_10,Part 34,2021-10-10,53,0,0,0,83,69
part_34__2021_10_11,Part 34,2021-10-11,53,0,0,0,83,69
part_34__2021_10_12,Part 34,2021-10-12,111,68,18,1,0,0
part_34__2021_10_13,Part 34,2021-10-13,93,27,2,0,0,45
part_34__2021_10_14,Part 34,2021-10-14,55,2,0,0,28,96
part_34__2021_10_15,Part 34,2021-10-15,16,0,0,28,97,51
part_34__2021_10_16,Part 34,2021-10-16,0,0,37,91,59,65
part_34__2021_10_17,Part 34,2021-10-17,0,0,37,91,59,65
part_34__2021_10_18,Part 34,2021-10-18,37,91,59,65,101,92
part_34__2021_10_19,Part 34,2021-10-19,91,65,43,117,0,0
part_34__2021_10_20,Part 34,2021-10-20,76,43,117,0,0,91
part_34__2021_10_21,Part 34,2021-10-21,56,94,0,0,102,71
part_34__2021_10_22,Part 34,2021-10-22,98,0,0,62,67,104
part_34__2021_10_23,Part 34,2021-10-23,98,0,0,62,67,104
part_34__2021_10_24,Part 34,2021-10-24,98,0,0,62,67,104
part_34__2021_10_25,Part 34,2021-10-25,48,23,37,29,34,0
part_34__2021_10_26,Part 34,2021-10-26,34,40,31,32,0,0
part_34__2021_10_27,Part 34,2021-10-27,43,30,38,0,0,127
part_34__2021_10_28,Part 34,2021-10-28,39,43,0,0,114,117
part_34__2021_10_29,Part 34,2021-10-29,46,0,0,102,143,163
part_34__2021_10_30,Part 34,2021-10-30,46,0,0,102,143,163
part_34__2021_11_01,Part 34,2021-11-01,127,130,169,130,74,38
part_35__2021_09_13,Part 35,2021-09-13,1,0,0,1,0,20
part_35__2021_09_14,Part 35,2021-09-14,0,0,1,0,0,0
part_35__2021_09_15,Part 35,2021-09-15,0,1,0,0,0,20
part_35__2021_09_16,Part 35,2021-09-16,1,0,0,0,20,0
part_35__2021_09_17,Part 35,2021-09-17,1,0,0,0,0,0
part_35__2021_09_18,Part 35,2021-09-18,1,0,0,0,0,0
part_35__2021_09_19,Part 35,2021-09-19,1,0,0,0,0,0
part_35__2021_09_20,Part 35,2021-09-20,1,0,0,0,0,0
part_35__2021_09_21,Part 35,2021-09-21,1,0,0,0,0,0
part_35__2021_09_22,Part 35,2021-09-22,1,0,0,0,0,0
part_35__2021_09_23,Part 35,2021-09-23,1,0,0,0,0,0
part_35__2021_09_24,Part 35,2021-09-24,1,0,0,0,0,0
part_35__2021_09_25,Part 35,2021-09-25,1,0,0,0,0,0
part_35__2021_09_26,Part 35,2021-09-26,1,0,0,0,0,0
part_35__2021_09_27,Part 35,2021-09-27,0,2,0,4,1,1
part_35__2021_09_28,Part 35,2021-09-28,2,0,3,2,0,0
part_35__2021_09_29,Part 35,2021-09-29,2,5,0,0,0,2
part_35__2021_09_30,Part 35,2021-09-30,3,2,0,0,2,1
part_35__2021_10_01,Part 35,2021-10-01,2,0,0,1,1,3
part_35__2021_10_02,Part 35,2021-10-02,0,0,1,1,3,3
part_35__2021_10_03,Part 35,2021-10-03,0,0,1,1,3,3
part_35__2021_10_04,Part 35,2021-10-04,1,1,3,3,1,10
part_35__2021_10_05,Part 35,2021-10-05,1,1,0,2,0,0
part_35__2021_10_06,Part 35,2021-10-06,0,0,2,0,0,0
part_35__2021_10_07,Part 35,2021-10-07,0,2,0,0,0,3
part_35__2021_10_08,Part 35,2021-10-08,2,0,0,0,3,1
part_35__2021_10_09,Part 35,2021-10-09,2,0,0,0,3,1
part_35__2021_10_10,Part 35,2021-10-10,2,0,0,0,3,1
part_35__2021_10_11,Part 35,2021-10-11,2,0,0,0,3,1
part_35__2021_10_12,Part 35,2021-10-12,4,1,1,11,0,0
part_35__2021_10_13,Part 35,2021-10-13,3,1,11,0,0,1
part_35__2021_10_14,Part 35,2021-10-14,2,10,0,0,1,1
part_35__2021_10_15,Part 35,2021-10-15,9,0,0,2,1,9
part_35__2021_10_16,Part 35,2021-10-16,0,0,5,1,8,6
part_35__2021_10_17,Part 35,2021-10-17,0,0,5,1,8,6
part_35__2021_10_18,Part 35,2021-10-18,5,1,8,6,25,3
part_35__2021_10_19,Part 35,2021-10-19,1,7,7,18,0,0
part_35__2021_10_20,Part 35,2021-10-20,7,7,18,0,0,10
part_35__2021_10_21,Part 35,2021-10-21,12,21,0,0,6,1
part_35__2021_10_22,Part 35,2021-10-22,26,0,0,2,2,0
part_35__2021_10_23,Part 35,2021-10-23,26,0,0,2,2,0
part_35__2021_10_24,Part 35,2021-10-24,26,0,0,2,2,0
part_35__2021_10_25,Part 35,2021-10-25,7,0,3,0,0,0
part_35__2021_10_26,Part 35,2021-10-26,3,0,2,0,0,0
part_35__2021_10_27,Part 35,2021-10-27,3,2,0,0,0,0
part_35__2021_10_28,Part 35,2021-10-28,4,0,0,0,0,0
part_35__2021_10_29,Part 35,2021-10-29,2,0,0,0,0,15
part_35__2021_10_30,Part 35,2021-10-30,2,0,0,0,0,15
part_35__2021_11_01,Part 35,2021-11-01,2,0,15,5,2,2
part_36__2021_09_13,Part 36,2021-09-13,0,0,0,0,0,0
part_36__2021_09_14,Part 36,2021-09-14,0,0,0,0,0,0
part_36__2021_09_15,Part 36,2021-09-15,0,0,0,0,0,0
part_36__2021_09_16,Part 36,2021-09-16,0,0,0,0,0,0
part_36__2021_09_17,Part 36,2021-09-17,0,0,0,0,0,0
part_36__2021_09_18,Part 36,2021-09-18,0,0,0,0,0,0
part_36__2021_09_19,Part 36,2021-09-19,0,0,0,0,0,0
part_36__2021_09_20,Part 36,2021-09-20,0,0,0,0,0,0
part_36__2021_09_21,Part 36,2021-09-21,0,0,0,0,0,0
part_36__2021_09_22,Part 36,2021-09-22,0,0,0,0,0,0
part_36__2021_09_23,Part 36,2021-09-23,0,0,0,0,0,0
part_36__2021_09_24,Part 36,2021-09-24,0,0,0,0,0,0
part_36__2021_09_25,Part 36,2021-09-25,0,0,0,0,0,0
part_36__2021_09_26,Part 36,2021-09-26,0,0,0,0,0,0
part_36__2021_09_27,Part 36,2021-09-27,0,0,0,25,3,0
part_36__2021_09_28,Part 36,2021-09-28,0,0,25,3,0,0
part_36__2021_09_29,Part 36,2021-09-29,0,26,2,0,0,0
part_36__2021_09_30,Part 36,2021-09-30,23,5,0,0,0,0
part_36__2021_10_01,Part 36,2021-10-01,7,0,0,0,0,0
part_36__2021_10_02,Part 36,2021-10-02,0,0,2,0,0,0
part_36__2021_10_03,Part 36,2021-10-03,0,0,2,0,0,0
part_36__2021_10_04,Part 36,2021-10-04,2,0,0,0,0,0
part_36__2021_10_05,Part 36,2021-10-05,2,0,0,0,0,0
part_36__2021_10_06,Part 36,2021-10-06,2,0,0,0,0,0
part_36__2021_10_07,Part 36,2021-10-07,2,0,0,0,0,0
part_36__2021_10_08,Part 36,2021-10-08,2,0,0,0,0,0
part_36__2021_10_09,Part 36,2021-10-09,2,0,0,0,0,0
part_36__2021_10_10,Part 36,2021-10-10,2,0,0,0,0,0
part_36__2021_10_11,Part 36,2021-10-11,2,0,0,0,0,0
part_36__2021_10_12,Part 36,2021-10-12,2,0,0,0,0,0
part_36__2021_10_13,Part 36,2021-10-13,1,0,0,0,0,25
part_36__2021_10_14,Part 36,2021-10-14,1,0,0,0,18,27
part_36__2021_10_15,Part 36,2021-10-15,1,0,0,17,27,44
part_36__2021_10_16,Part 36,2021-10-16,0,0,17,28,39,29
part_36__2021_10_17,Part 36,2021-10-17,0,0,17,28,39,29
part_36__2021_10_18,Part 36,2021-10-18,17,28,39,29,36,21
part_36__2021_10_19,Part 36,2021-10-19,30,35,34,27,0,0
part_36__2021_10_20,Part 36,2021-10-20,34,38,26,0,0,29
part_36__2021_10_21,Part 36,2021-10-21,42,27,0,0,28,9
part_36__2021_10_22,Part 36,2021-10-22,27,0,0,29,12,0
part_36__2021_10_23,Part 36,2021-10-23,27,0,0,29,12,0
part_36__2021_10_24,Part 36,2021-10-24,27,0,0,29,12,0
part_36__2021_10_25,Part 36,2021-10-25,18,12,10,4,0,0
part_36__2021_10_26,Part 36,2021-10-26,12,10,3,0,0,0
part_36__2021_10_27,Part 36,2021-10-27,13,4,0,0,0,0
part_36__2021_10_28,Part 36,2021-10-28,6,0,0,0,0,0
part_36__2021_10_29,Part 36,2021-10-29,1,0,0,0,0,0
part_36__2021_10_30,Part 36,2021-10-30,1,0,0,0,0,0
part_36__2021_11_01,Part 36,2021-11-01,1,0,0,0,14,10
part_37__2021_09_13,Part 37,2021-09-13,207,96,152,286,326,255
part_37__2021_09_14,Part 37,2021-09-14,138,145,309,352,0,0
part_37__2021_09_15,Part 37,2021-09-15,162,270,425,0,0,175
part_37__2021_09_16,Part 37,2021-09-16,303,423,0,0,177,168
part_37__2021_09_17,Part 37,2021-09-17,485,0,0,0,0,0
part_37__2021_09_18,Part 37,2021-09-18,485,0,0,0,0,0
part_37__2021_09_19,Part 37,2021-09-19,485,0,0,0,0,0
part_37__2021_09_20,Part 37,2021-09-20,485,0,0,0,0,0
part_37__2021_09_21,Part 37,2021-09-21,485,0,0,0,0,0
part_37__2021_09_22,Part 37,2021-09-22,485,0,0,0,0,0
part_37__2021_09_23,Part 37,2021-09-23,485,0,0,0,0,0
part_37__2021_09_24,Part 37,2021-09-24,485,0,0,0,0,0
part_37__2021_09_25,Part 37,2021-09-25,485,0,0,0,0,0
part_37__2021_09_26,Part 37,2021-09-26,485,0,0,0,0,0
part_37__2021_09_27,Part 37,2021-09-27,192,182,111,122,110,128
part_37__2021_09_28,Part 37,2021-09-28,236,100,137,117,0,0
part_37__2021_09_29,Part 37,2021-09-29,175,145,129,0,0,133
part_37__2021_09_30,Part 37,2021-09-30,168,154,0,0,147,150
part_37__2021_10_01,Part 37,2021-10-01,160,0,0,150,147,136
part_37__2021_10_02,Part 37,2021-10-02,0,0,191,153,161,134
part_37__2021_10_03,Part 37,2021-10-03,0,0,191,153,161,134
part_37__2021_10_04,Part 37,2021-10-04,191,153,161,134,162,160
part_37__2021_10_05,Part 37,2021-10-05,95,63,88,91,0,0
part_37__2021_10_06,Part 37,2021-10-06,108,88,85,0,0,0
part_37__2021_10_07,Part 37,2021-10-07,129,82,0,0,0,127
part_37__2021_10_08,Part 37,2021-10-08,130,0,0,0,127,143
part_37__2021_10_09,Part 37,2021-10-09,130,0,0,0,127,143
part_37__2021_10_10,Part 37,2021-10-10,130,0,0,0,127,143
part_37__2021_10_11,Part 37,2021-10-11,130,0,0,0,127,143
part_37__2021_10_12,Part 37,2021-10-12,179,145,177,121,0,0
part_37__2021_10_13,Part 37,2021-10-13,149,167,144,0,0,92
part_37__2021_10_14,Part 37,2021-10-14,185,130,0,0,56,124
part_37__2021_10_15,Part 37,2021-10-15,157,0,0,60,123,122
part_37__2021_10_16,Part 37,2021-10-16,0,0,88,122,121,150
part_37__2021_10_17,Part 37,2021-10-17,0,0,88,122,121,150
part_37__2021_10_18,Part 37,2021-10-18,88,122,121,150,220,242
part_37__2021_10_19,Part 37,2021-10-19,114,132,139,209,0,0
part_37__2021_10_20,Part 37,2021-10-20,148,145,207,0,0,219
part_37__2021_10_21,Part 37,2021-10-21,141,199,0,0,202,205
part_37__2021_10_22,Part 37,2021-10-22,184,0,0,164,165,135
part_37__2021_10_23,Part 37,2021-10-23,184,0,0,164,165,135
part_37__2021_10_24,Part 37,2021-10-24,184,0,0,164,165,135
part_37__2021_10_25,Part 37,2021-10-25,105,73,57,98,66,0
part_37__2021_10_26,Part 37,2021-10-26,94,56,104,69,0,0
part_37__2021_10_27,Part 37,2021-10-27,84,95,78,0,0,208
part_37__2021_10_28,Part 37,2021-10-28,129,77,0,0,211,273
part_37__2021_10_29,Part 37,2021-10-29,125,0,0,199,250,176
part_37__2021_10_30,Part 37,2021-10-30,125,0,0,199,250,176
part_37__2021_11_01,Part 37,2021-11-01,244,243,177,213,217,224
part_38__2021_09_13,Part 38,2021-09-13,96,31,45,112,96,84
part_38__2021_09_14,Part 38,2021-09-14,51,43,97,113,0,0
part_38__2021_09_15,Part 38,2021-09-15,38,99,94,0,0,67
part_38__2021_09_16,Part 38,2021-09-16,108,96,0,0,68,87
part_38__2021_09_17,Part 38,2021-09-17,126,0,0,0,0,0
part_38__2021_09_18,Part 38,2021-09-18,126,0,0,0,0,0
part_38__2021_09_19,Part 38,2021-09-19,126,0,0,0,0,0
part_38__2021_09_20,Part 38,2021-09-20,126,0,0,0,0,0
part_38__2021_09_21,Part 38,2021-09-21,126,0,0,0,0,0
part_38__2021_09_22,Part 38,2021-09-22,126,0,0,0,0,0
part_38__2021_09_23,Part 38,2021-09-23,126,0,0,0,0,0
part_38__2021_09_24,Part 38,2021-09-24,126,0,0,0,0,0
part_38__2021_09_25,Part 38,2021-09-25,126,0,0,0,0,0
part_38__2021_09_26,Part 38,2021-09-26,126,0,0,0,0,0
part_38__2021_09_27,Part 38,2021-09-27,93,107,118,106,88,100
part_38__2021_09_28,Part 38,2021-09-28,129,118,112,89,0,0
part_38__2021_09_29,Part 38,2021-09-29,159,109,108,0,0,94
part_38__2021_09_30,Part 38,2021-09-30,146,104,0,0,103,96
part_38__2021_10_01,Part 38,2021-10-01,125,0,0,108,85,78
part_38__2021_10_02,Part 38,2021-10-02,0,0,133,104,78,80
part_38__2021_10_03,Part 38,2021-10-03,0,0,133,104,78,80
part_38__2021_10_04,Part 38,2021-10-04,133,104,78,80,82,66
part_38__2021_10_05,Part 38,2021-10-05,93,35,67,46,0,0
part_38__2021_10_06,Part 38,2021-10-06,94,68,45,0,0,0
part_38__2021_10_07,Part 38,2021-10-07,119,43,0,0,0,77
part_38__2021_10_08,Part 38,2021-10-08,107,0,0,0,73,95
part_38__2021_10_09,Part 38,2021-10-09,107,0,0,0,73,95
part_38__2021_10_10,Part 38,2021-10-10,107,0,0,0,73,95
part_38__2021_10_11,Part 38,2021-10-11,107,0,0,0,73,95
part_38__2021_10_12,Part 38,2021-10-12,100,100,78,100,0,0
part_38__2021_10_13,Part 38,2021-10-13,116,76,88,0,0,116
part_38__2021_10_14,Part 38,2021-10-14,87,86,0,0,98,61
part_38__2021_10_15,Part 38,2021-10-15,114,0,0,65,74,39
part_38__2021_10_16,Part 38,2021-10-16,0,0,79,79,37,82
part_38__2021_10_17,Part 38,2021-10-17,0,0,79,79,37,82
part_38__2021_10_18,Part 38,2021-10-18,79,79,37,82,42,70
part_38__2021_10_19,Part 38,2021-10-19,84,39,81,39,0,0
part_38__2021_10_20,Part 38,2021-10-20,44,85,40,0,0,70
part_38__2021_10_21,Part 38,2021-10-21,66,74,0,0,53,73
part_38__2021_10_22,Part 38,2021-10-22,89,0,0,56,53,11
part_38__2021_10_23,Part 38,2021-10-23,89,0,0,56,53,11
part_38__2021_10_24,Part 38,2021-10-24,89,0,0,56,53,11
part_38__2021_10_25,Part 38,2021-10-25,31,28,22,27,30,0
part_38__2021_10_26,Part 38,2021-10-26,43,22,24,43,0,0
part_38__2021_10_27,Part 38,2021-10-27,43,22,41,0,0,176
part_38__2021_10_28,Part 38,2021-10-28,32,35,0,0,168,214
part_38__2021_10_29,Part 38,2021-10-29,37,0,0,192,141,114
part_38__2021_10_30,Part 38,2021-10-30,37,0,0,192,141,114
part_38__2021_11_01,Part 38,2021-11-01,207,139,72,161,78,120
part_39__2021_09_13,Part 39,2021-09-13,40,19,50,32,31,23
part_39__2021_09_14,Part 39,2021-09-14,44,25,25,47,0,0
part_39__2021_09_15,Part 39,2021-09-15,41,23,18,0,0,31
part_39__2021_09_16,Part 39,2021-09-16,27,18,0,0,32,17
part_39__2021_09_17,Part 39,2021-09-17,24,0,0,0,0,0
part_39__2021_09_18,Part 39,2021-09-18,24,0,0,0,0,0
part_39__2021_09_19,Part 39,2021-09-19,24,0,0,0,0,0
part_39__2021_09_20,Part 39,2021-09-20,24,0,0,0,0,0
part_39__2021_09_21,Part 39,2021-09-21,24,0,0,0,0,0
part_39__2021_09_22,Part 39,2021-09-22,24,0,0,0,0,0
part_39__2021_09_23,Part 39,2021-09-23,24,0,0,0,0,0
part_39__2021_09_24,Part 39,2021-09-24,24,0,0,0,0,0
part_39__2021_09_25,Part 39,2021-09-25,24,0,0,0,0,0
part_39__2021_09_26,Part 39,2021-09-26,24,0,0,0,0,0
part_39__2021_09_27,Part 39,2021-09-27,10,4,0,33,32,33
part_39__2021_09_28,Part 39,2021-09-28,2,3,25,27,0,0
part_39__2021_09_29,Part 39,2021-09-29,4,26,27,0,0,20
part_39__2021_09_30,Part 39,2021-09-30,27,30,0,0,21,24
part_39__2021_10_01,Part 39,2021-10-01,34,0,0,21,21,36
part_39__2021_10_02,Part 39,2021-10-02,0,0,25,17,37,42
part_39__2021_10_03,Part 39,2021-10-03,0,0,25,17,37,42
part_39__2021_10_04,Part 39,2021-10-04,25,17,37,42,46,42
part_39__2021_10_05,Part 39,2021-10-05,20,7,10,10,0,0
part_39__2021_10_06,Part 39,2021-10-06,15,9,7,0,0,0
part_39__2021_10_07,Part 39,2021-10-07,15,10,0,0,0,21
part_39__2021_10_08,Part 39,2021-10-08,15,0,0,0,30,28
part_39__2021_10_09,Part 39,2021-10-09,15,0,0,0,30,28
part_39__2021_10_10,Part 39,2021-10-10,15,0,0,0,30,28
part_39__2021_10_11,Part 39,2021-10-11,15,0,0,0,30,28
part_39__2021_10_12,Part 39,2021-10-12,36,26,39,44,0,0
part_39__2021_10_13,Part 39,2021-10-13,37,33,39,0,0,33
part_39__2021_10_14,Part 39,2021-10-14,43,31,0,0,38,46
part_39__2021_10_15,Part 39,2021-10-15,42,0,0,39,41,42
part_39__2021_10_16,Part 39,2021-10-16,0,0,48,43,36,8
part_39__2021_10_17,Part 39,2021-10-17,0,0,48,43,36,8
part_39__2021_10_18,Part 39,2021-10-18,48,43,36,8,12,43
part_39__2021_10_19,Part 39,2021-10-19,46,41,9,8,0,0
part_39__2021_10_20,Part 39,2021-10-20,47,7,7,0,0,37
part_39__2021_10_21,Part 39,2021-10-21,14,9,0,0,26,69
part_39__2021_10_22,Part 39,2021-10-22,11,0,0,49,62,68
part_39__2021_10_23,Part 39,2021-10-23,11,0,0,49,62,68
part_39__2021_10_24,Part 39,2021-10-24,11,0,0,49,62,68
part_39__2021_10_25,Part 39,2021-10-25,26,24,25,36,33,0
part_39__2021_10_26,Part 39,2021-10-26,33,29,28,31,0,0
part_39__2021_10_27,Part 39,2021-10-27,37,30,31,0,0,35
part_39__2021_10_28,Part 39,2021-10-28,38,26,0,0,57,65
part_39__2021_10_29,Part 39,2021-10-29,36,0,0,50,20,28
part_39__2021_10_30,Part 39,2021-10-30,36,0,0,50,20,28
part_39__2021_11_01,Part 39,2021-11-01,61,21,28,23,34,35
part_4__2021_09_13,Part 4,2021-09-13,187,193,217,190,219,0
part_4__2021_09_14,Part 4,2021-09-14,212,213,200,199,0,0
part_4__2021_09_15,Part 4,2021-09-15,247,213,183,0,0,217
part_4__2021_09_16,Part 4,2021-09-16,248,175,0,0,202,168
part_4__2021_09_17,Part 4,2021-09-17,209,0,0,0,0,0
part_4__2021_09_18,Part 4,2021-09-18,209,0,0,0,0,0
part_4__2021_09_19,Part 4,2021-09-19,209,0,0,0,0,0
part_4__2021_09_20,Part 4,2021-09-20,209,0,0,0,0,0
part_4__2021_09_21,Part 4,2021-09-21,209,0,0,0,0,0
part_4__2021_09_22,Part 4,2021-09-22,209,0,0,0,0,0
part_4__2021_09_23,Part 4,2021-09-23,209,0,0,0,0,0
part_4__2021_09_24,Part 4,2021-09-24,209,0,0,0,0,0
part_4__2021_09_25,Part 4,2021-09-25,209,0,0,0,0,0
part_4__2021_09_26,Part 4,2021-09-26,209,0,0,0,0,0
part_4__2021_09_27,Part 4,2021-09-27,118,160,187,219,231,302
part_4__2021_09_28,Part 4,2021-09-28,87,116,192,240,0,0
part_4__2021_09_29,Part 4,2021-09-29,126,176,258,0,0,215
part_4__2021_09_30,Part 4,2021-09-30,195,262,0,0,215,200
part_4__2021_10_01,Part 4,2021-10-01,295,0,0,194,172,163
part_4__2021_10_02,Part 4,2021-10-02,0,0,229,159,168,131
part_4__2021_10_03,Part 4,2021-10-03,0,0,229,159,168,131
part_4__2021_10_04,Part 4,2021-10-04,230,160,167,131,150,161
part_4__2021_10_05,Part 4,2021-10-05,182,133,125,161,161,0
part_4__2021_10_06,Part 4,2021-10-06,167,118,164,169,0,0
part_4__2021_10_07,Part 4,2021-10-07,154,119,154,0,0,214
part_4__2021_10_08,Part 4,2021-10-08,134,153,0,0,222,208
part_4__2021_10_09,Part 4,2021-10-09,134,153,0,0,222,208
part_4__2021_10_10,Part 4,2021-10-10,134,153,0,0,222,208
part_4__2021_10_11,Part 4,2021-10-11,134,153,0,0,222,208
part_4__2021_10_12,Part 4,2021-10-12,239,211,269,259,245,0
part_4__2021_10_13,Part 4,2021-10-13,261,221,274,274,0,273
part_4__2021_10_14,Part 4,2021-10-14,236,259,272,0,279,272
part_4__2021_10_15,Part 4,2021-10-15,308,263,0,255,240,281
part_4__2021_10_16,Part 4,2021-10-16,303,0,251,255,294,280
part_4__2021_10_17,Part 4,2021-10-17,303,0,251,255,294,280
part_4__2021_10_18,Part 4,2021-10-18,285,249,295,283,257,333
part_4__2021_10_19,Part 4,2021-10-19,258,259,245,257,316,0
part_4__2021_10_20,Part 4,2021-10-20,280,193,183,214,0,402
part_4__2021_10_21,Part 4,2021-10-21,239,173,195,0,407,311
part_4__2021_10_22,Part 4,2021-10-22,209,195,0,354,236,303
part_4__2021_10_23,Part 4,2021-10-23,209,195,0,354,236,303
part_4__2021_10_24,Part 4,2021-10-24,209,195,0,354,236,303
part_4__2021_10_25,Part 4,2021-10-25,307,185,354,264,242,301
part_4__2021_10_26,Part 4,2021-10-26,228,347,227,247,304,0
part_4__2021_10_27,Part 4,2021-10-27,367,245,245,293,0,263
part_4__2021_10_28,Part 4,2021-10-28,300,240,285,0,263,275
part_4__2021_10_29,Part 4,2021-10-29,296,261,0,193,183,155
part_4__2021_10_30,Part 4,2021-10-30,296,261,0,193,183,155
part_4__2021_11_01,Part 4,2021-11-01,202,139,156,186,182,201
part_40__2021_09_13,Part 40,2021-09-13,1,1,0,0,0,0
part_40__2021_09_14,Part 40,2021-09-14,2,0,0,0,0,0
part_40__2021_09_15,Part 40,2021-09-15,1,0,0,0,0,0
part_40__2021_09_16,Part 40,2021-09-16,1,0,0,0,0,1
part_40__2021_09_17,Part 40,2021-09-17,1,0,0,0,0,0
part_40__2021_09_18,Part 40,2021-09-18,1,0,0,0,0,0
part_40__2021_09_19,Part 40,2021-09-19,1,0,0,0,0,0
part_40__2021_09_20,Part 40,2021-09-20,1,0,0,0,0,0
part_40__2021_09_21,Part 40,2021-09-21,1,0,0,0,0,0
part_40__2021_09_22,Part 40,2021-09-22,1,0,0,0,0,0
part_40__2021_09_23,Part 40,2021-09-23,1,0,0,0,0,0
part_40__2021_09_24,Part 40,2021-09-24,1,0,0,0,0,0
part_40__2021_09_25,Part 40,2021-09-25,1,0,0,0,0,0
part_40__2021_09_26,Part 40,2021-09-26,1,0,0,0,0,0
part_40__2021_09_27,Part 40,2021-09-27,4,0,1,1,0,0
part_40__2021_09_28,Part 40,2021-09-28,1,1,1,0,0,0
part_40__2021_09_29,Part 40,2021-09-29,2,1,0,0,0,0
part_40__2021_09_30,Part 40,2021-09-30,1,0,0,0,0,0
part_40__2021_10_01,Part 40,2021-10-01,0,0,0,0,0,0
part_40__2021_10_02,Part 40,2021-10-02,0,0,0,0,0,0
part_40__2021_10_03,Part 40,2021-10-03,0,0,0,0,0,0
part_40__2021_10_04,Part 40,2021-10-04,0,0,0,0,0,3
part_40__2021_10_05,Part 40,2021-10-05,0,0,0,0,0,0
part_40__2021_10_06,Part 40,2021-10-06,0,0,0,0,0,0
part_40__2021_10_07,Part 40,2021-10-07,0,0,0,0,0,0
part_40__2021_10_08,Part 40,2021-10-08,0,0,0,0,0,0
part_40__2021_10_09,Part 40,2021-10-09,0,0,0,0,0,0
part_40__2021_10_10,Part 40,2021-10-10,0,0,0,0,0,0
part_40__2021_10_11,Part 40,2021-10-11,0,0,0,0,0,0
part_40__2021_10_12,Part 40,2021-10-12,0,0,1,7,0,0
part_40__2021_10_13,Part 40,2021-10-13,0,1,4,0,0,14
part_40__2021_10_14,Part 40,2021-10-14,1,3,0,0,15,14
part_40__2021_10_15,Part 40,2021-10-15,3,0,0,15,14,4
part_40__2021_10_16,Part 40,2021-10-16,0,0,15,14,4,1
part_40__2021_10_17,Part 40,2021-10-17,0,0,15,14,4,1
part_40__2021_10_18,Part 40,2021-10-18,15,14,4,1,0,0
part_40__2021_10_19,Part 40,2021-10-19,19,5,1,0,0,0
part_40__2021_10_20,Part 40,2021-10-20,7,1,0,0,0,0
part_40__2021_10_21,Part 40,2021-10-21,1,0,0,0,0,0
part_40__2021_10_22,Part 40,2021-10-22,0,0,0,0,0,1
part_40__2021_10_23,Part 40,2021-10-23,0,0,0,0,0,1
part_40__2021_10_24,Part 40,2021-10-24,0,0,0,0,0,1
part_40__2021_10_25,Part 40,2021-10-25,0,0,0,0,0,0
part_40__2021_10_26,Part 40,2021-10-26,0,0,0,0,0,0
part_40__2021_10_27,Part 40,2021-10-27,0,0,0,0,0,2
part_40__2021_10_28,Part 40,2021-10-28,0,0,0,0,1,5
part_40__2021_10_29,Part 40,2021-10-29,0,0,0,2,3,7
part_40__2021_10_30,Part 40,2021-10-30,0,0,0,2,3,7
part_40__2021_11_01,Part 40,2021-11-01,1,4,7,3,0,2
part_41__2021_09_13,Part 41,2021-09-13,63,57,48,46,52,48
part_41__2021_09_14,Part 41,2021-09-14,65,51,47,52,0,0
part_41__2021_09_15,Part 41,2021-09-15,59,44,14,0,0,56
part_41__2021_09_16,Part 41,2021-09-16,54,14,0,0,56,53
part_41__2021_09_17,Part 41,2021-09-17,32,0,0,0,0,0
part_41__2021_09_18,Part 41,2021-09-18,32,0,0,0,0,0
part_41__2021_09_19,Part 41,2021-09-19,32,0,0,0,0,0
part_41__2021_09_20,Part 41,2021-09-20,32,0,0,0,0,0
part_41__2021_09_21,Part 41,2021-09-21,32,0,0,0,0,0
part_41__2021_09_22,Part 41,2021-09-22,32,0,0,0,0,0
part_41__2021_09_23,Part 41,2021-09-23,32,0,0,0,0,0
part_41__2021_09_24,Part 41,2021-09-24,32,0,0,0,0,0
part_41__2021_09_25,Part 41,2021-09-25,32,0,0,0,0,0
part_41__2021_09_26,Part 41,2021-09-26,32,0,0,0,0,0
part_41__2021_09_27,Part 41,2021-09-27,22,0,0,45,36,35
part_41__2021_09_28,Part 41,2021-09-28,2,0,45,57,0,0
part_41__2021_09_29,Part 41,2021-09-29,2,53,51,0,0,45
part_41__2021_09_30,Part 41,2021-09-30,43,63,0,0,46,47
part_41__2021_10_01,Part 41,2021-10-01,59,0,0,45,38,56
part_41__2021_10_02,Part 41,2021-10-02,0,0,46,16,35,52
part_41__2021_10_03,Part 41,2021-10-03,0,0,46,16,35,52
part_41__2021_10_04,Part 41,2021-10-04,46,16,35,52,42,50
part_41__2021_10_05,Part 41,2021-10-05,26,7,6,5,0,0
part_41__2021_10_06,Part 41,2021-10-06,16,6,5,0,0,0
part_41__2021_10_07,Part 41,2021-10-07,13,14,0,0,0,24
part_41__2021_10_08,Part 41,2021-10-08,22,0,0,0,44,34
part_41__2021_10_09,Part 41,2021-10-09,22,0,0,0,44,34
part_41__2021_10_10,Part 41,2021-10-10,22,0,0,0,44,34
part_41__2021_10_11,Part 41,2021-10-11,22,0,0,0,44,34
part_41__2021_10_12,Part 41,2021-10-12,55,36,51,56,0,0
part_41__2021_10_13,Part 41,2021-10-13,53,39,51,0,0,50
part_41__2021_10_14,Part 41,2021-10-14,53,39,0,0,61,26
part_41__2021_10_15,Part 41,2021-10-15,61,0,0,45,29,45
part_41__2021_10_16,Part 41,2021-10-16,0,0,63,25,41,13
part_41__2021_10_17,Part 41,2021-10-17,0,0,63,25,41,13
part_41__2021_10_18,Part 41,2021-10-18,63,25,41,13,12,45
part_41__2021_10_19,Part 41,2021-10-19,45,37,16,4,0,0
part_41__2021_10_20,Part 41,2021-10-20,53,6,4,0,0,51
part_41__2021_10_21,Part 41,2021-10-21,18,10,0,0,45,38
part_41__2021_10_22,Part 41,2021-10-22,13,0,0,51,47,42
part_41__2021_10_23,Part 41,2021-10-23,13,0,0,51,47,42
part_41__2021_10_24,Part 41,2021-10-24,13,0,0,51,47,42
part_41__2021_10_25,Part 41,2021-10-25,30,15,31,26,36,0
part_41__2021_10_26,Part 41,2021-10-26,26,24,23,52,0,0
part_41__2021_10_27,Part 41,2021-10-27,35,24,47,0,0,63
part_41__2021_10_28,Part 41,2021-10-28,38,31,0,0,52,24
part_41__2021_10_29,Part 41,2021-10-29,39,0,0,44,13,16
part_41__2021_10_30,Part 41,2021-10-30,39,0,0,44,13,16
part_41__2021_11_01,Part 41,2021-11-01,61,13,16,10,90,69
part_42__2021_09_13,Part 42,2021-09-13,1,1,1,5,0,5
part_42__2021_09_14,Part 42,2021-09-14,2,1,5,0,0,0
part_42__2021_09_15,Part 42,2021-09-15,1,4,5,0,0,2
part_42__2021_09_16,Part 42,2021-09-16,4,5,0,0,2,1
part_42__2021_09_17,Part 42,2021-09-17,7,0,0,0,0,0
part_42__2021_09_18,Part 42,2021-09-18,7,0,0,0,0,0
part_42__2021_09_19,Part 42,2021-09-19,7,0,0,0,0,0
part_42__2021_09_20,Part 42,2021-09-20,7,0,0,0,0,0
part_42__2021_09_21,Part 42,2021-09-21,7,0,0,0,0,0
part_42__2021_09_22,Part 42,2021-09-22,7,0,0,0,0,0
part_42__2021_09_23,Part 42,2021-09-23,7,0,0,0,0,0
part_42__2021_09_24,Part 42,2021-09-24,7,0,0,0,0,0
part_42__2021_09_25,Part 42,2021-09-25,7,0,0,0,0,0
part_42__2021_09_26,Part 42,2021-09-26,7,0,0,0,0,0
part_42__2021_09_27,Part 42,2021-09-27,5,3,0,0,12,14
part_42__2021_09_28,Part 42,2021-09-28,6,0,0,14,0,0
part_42__2021_09_29,Part 42,2021-09-29,1,0,14,0,0,12
part_42__2021_09_30,Part 42,2021-09-30,0,17,0,0,9,13
part_42__2021_10_01,Part 42,2021-10-01,14,0,0,10,14,6
part_42__2021_10_02,Part 42,2021-10-02,0,0,13,10,6,5
part_42__2021_10_03,Part 42,2021-10-03,0,0,13,10,6,5
part_42__2021_10_04,Part 42,2021-10-04,13,10,6,5,13,14
part_42__2021_10_05,Part 42,2021-10-05,7,6,4,0,0,0
part_42__2021_10_06,Part 42,2021-10-06,8,4,1,0,0,0
part_42__2021_10_07,Part 42,2021-10-07,6,3,0,0,0,4
part_42__2021_10_08,Part 42,2021-10-08,5,0,0,0,5,7
part_42__2021_10_09,Part 42,2021-10-09,5,0,0,0,5,7
part_42__2021_10_10,Part 42,2021-10-10,5,0,0,0,5,7
part_42__2021_10_11,Part 42,2021-10-11,5,0,0,0,5,7
part_42__2021_10_12,Part 42,2021-10-12,8,7,10,22,0,0
part_42__2021_10_13,Part 42,2021-10-13,9,9,17,0,0,12
part_42__2021_10_14,Part 42,2021-10-14,16,12,0,0,12,19
part_42__2021_10_15,Part 42,2021-10-15,17,0,0,8,19,7
part_42__2021_10_16,Part 42,2021-10-16,0,0,11,16,7,7
part_42__2021_10_17,Part 42,2021-10-17,0,0,11,16,7,7
part_42__2021_10_18,Part 42,2021-10-18,11,16,7,7,2,13
part_42__2021_10_19,Part 42,2021-10-19,19,3,9,2,0,0
part_42__2021_10_20,Part 42,2021-10-20,8,6,2,0,0,10
part_42__2021_10_21,Part 42,2021-10-21,6,3,0,0,8,14
part_42__2021_10_22,Part 42,2021-10-22,3,0,0,14,19,30
part_42__2021_10_23,Part 42,2021-10-23,3,0,0,14,19,30
part_42__2021_10_24,Part 42,2021-10-24,3,0,0,14,19,30
part_42__2021_10_25,Part 42,2021-10-25,6,7,6,1,11,0
part_42__2021_10_26,Part 42,2021-10-26,7,7,1,10,0,0
part_42__2021_10_27,Part 42,2021-10-27,8,3,8,0,0,33
part_42__2021_10_28,Part 42,2021-10-28,4,13,0,0,31,19
part_42__2021_10_29,Part 42,2021-10-29,13,0,0,31,12,2
part_42__2021_10_30,Part 42,2021-10-30,13,0,0,31,12,2
part_42__2021_11_01,Part 42,2021-11-01,32,14,2,4,7,5
part_43__2021_09_13,Part 43,2021-09-13,14,0,0,0,0,0
part_43__2021_09_14,Part 43,2021-09-14,4,0,0,14,0,0
part_43__2021_09_15,Part 43,2021-09-15,4,0,8,0,0,42
part_43__2021_09_16,Part 43,2021-09-16,3,8,0,0,42,58
part_43__2021_09_17,Part 43,2021-09-17,11,0,0,0,0,0
part_43__2021_09_18,Part 43,2021-09-18,11,0,0,0,0,0
part_43__2021_09_19,Part 43,2021-09-19,11,0,0,0,0,0
part_43__2021_09_20,Part 43,2021-09-20,11,0,0,0,0,0
part_43__2021_09_21,Part 43,2021-09-21,11,0,0,0,0,0
part_43__2021_09_22,Part 43,2021-09-22,11,0,0,0,0,0
part_43__2021_09_23,Part 43,2021-09-23,11,0,0,0,0,0
part_43__2021_09_24,Part 43,2021-09-24,11,0,0,0,0,0
part_43__2021_09_25,Part 43,2021-09-25,11,0,0,0,0,0
part_43__2021_09_26,Part 43,2021-09-26,11,0,0,0,0,0
part_43__2021_09_27,Part 43,2021-09-27,16,0,12,156,43,0
part_43__2021_09_28,Part 43,2021-09-28,3,19,148,44,0,0
part_43__2021_09_29,Part 43,2021-09-29,17,143,53,0,0,0
part_43__2021_09_30,Part 43,2021-09-30,134,70,0,0,0,0
part_43__2021_10_01,Part 43,2021-10-01,130,0,0,6,0,0
part_43__2021_10_02,Part 43,2021-10-02,0,0,20,0,0,0
part_43__2021_10_03,Part 43,2021-10-03,0,0,20,0,0,0
part_43__2021_10_04,Part 43,2021-10-04,20,0,0,0,0,0
part_43__2021_10_05,Part 43,2021-10-05,5,0,0,0,0,0
part_43__2021_10_06,Part 43,2021-10-06,2,0,0,0,0,0
part_43__2021_10_07,Part 43,2021-10-07,1,0,0,0,0,0
part_43__2021_10_08,Part 43,2021-10-08,1,0,0,0,0,0
part_43__2021_10_09,Part 43,2021-10-09,1,0,0,0,0,0
part_43__2021_10_10,Part 43,2021-10-10,1,0,0,0,0,0
part_43__2021_10_11,Part 43,2021-10-11,1,0,0,0,0,0
part_43__2021_10_12,Part 43,2021-10-12,1,0,0,0,0,0
part_43__2021_10_13,Part 43,2021-10-13,0,0,0,0,0,0
part_43__2021_10_14,Part 43,2021-10-14,0,0,0,0,0,0
part_43__2021_10_15,Part 43,2021-10-15,0,0,0,0,0,0
part_43__2021_10_16,Part 43,2021-10-16,0,0,0,0,0,0
part_43__2021_10_17,Part 43,2021-10-17,0,0,0,0,0,0
part_43__2021_10_18,Part 43,2021-10-18,0,0,0,0,0,50
part_43__2021_10_19,Part 43,2021-10-19,0,0,0,0,0,0
part_43__2021_10_20,Part 43,2021-10-20,0,0,0,0,0,20
part_43__2021_10_21,Part 43,2021-10-21,0,0,0,0,20,23
part_43__2021_10_22,Part 43,2021-10-22,0,0,0,20,30,7
part_43__2021_10_23,Part 43,2021-10-23,0,0,0,20,30,7
part_43__2021_10_24,Part 43,2021-10-24,0,0,0,20,30,7
part_43__2021_10_25,Part 43,2021-10-25,0,34,16,7,0,0
part_43__2021_10_26,Part 43,2021-10-26,23,27,3,4,0,0
part_43__2021_10_27,Part 43,2021-10-27,30,4,3,0,0,0
part_43__2021_10_28,Part 43,2021-10-28,6,5,0,0,0,0
part_43__2021_10_29,Part 43,2021-10-29,5,0,0,0,0,0
part_43__2021_10_30,Part 43,2021-10-30,5,0,0,0,0,0
part_43__2021_11_01,Part 43,2021-11-01,0,0,0,0,0,0
part_44__2021_09_13,Part 44,2021-09-13,0,0,0,0,0,2
part_44__2021_09_14,Part 44,2021-09-14,0,0,0,0,0,0
part_44__2021_09_15,Part 44,2021-09-15,0,0,8,0,0,0
part_44__2021_09_16,Part 44,2021-09-16,0,8,0,0,0,6
part_44__2021_09_17,Part 44,2021-09-17,7,0,0,0,0,0
part_44__2021_09_18,Part 44,2021-09-18,7,0,0,0,0,0
part_44__2021_09_19,Part 44,2021-09-19,7,0,0,0,0,0
part_44__2021_09_20,Part 44,2021-09-20,7,0,0,0,0,0
part_44__2021_09_21,Part 44,2021-09-21,7,0,0,0,0,0
part_44__2021_09_22,Part 44,2021-09-22,7,0,0,0,0,0
part_44__2021_09_23,Part 44,2021-09-23,7,0,0,0,0,0
part_44__2021_09_24,Part 44,2021-09-24,7,0,0,0,0,0
part_44__2021_09_25,Part 44,2021-09-25,7,0,0,0,0,0
part_44__2021_09_26,Part 44,2021-09-26,7,0,0,0,0,0
part_44__2021_09_27,Part 44,2021-09-27,0,0,6,26,0,0
part_44__2021_09_28,Part 44,2021-09-28,0,8,24,0,0,0
part_44__2021_09_29,Part 44,2021-09-29,5,27,0,0,0,0
part_44__2021_09_30,Part 44,2021-09-30,16,12,0,0,0,0
part_44__2021_10_01,Part 44,2021-10-01,21,0,0,0,0,0
part_44__2021_10_02,Part 44,2021-10-02,0,0,0,0,0,0
part_44__2021_10_03,Part 44,2021-10-03,0,0,0,0,0,0
part_44__2021_10_04,Part 44,2021-10-04,0,0,0,0,0,0
part_44__2021_10_05,Part 44,2021-10-05,0,0,0,0,0,0
part_44__2021_10_06,Part 44,2021-10-06,0,0,0,0,0,0
part_44__2021_10_07,Part 44,2021-10-07,0,0,0,0,0,0
part_44__2021_10_08,Part 44,2021-10-08,0,0,0,0,0,0
part_44__2021_10_09,Part 44,2021-10-09,0,0,0,0,0,0
part_44__2021_10_10,Part 44,2021-10-10,0,0,0,0,0,0
part_44__2021_10_11,Part 44,2021-10-11,0,0,0,0,0,0
part_44__2021_10_12,Part 44,2021-10-12,0,0,0,0,0,0
part_44__2021_10_13,Part 44,2021-10-13,0,0,0,0,0,0
part_44__2021_10_14,Part 44,2021-10-14,0,0,0,0,0,0
part_44__2021_10_15,Part 44,2021-10-15,0,0,0,0,0,0
part_44__2021_10_16,Part 44,2021-10-16,0,0,0,0,0,10
part_44__2021_10_17,Part 44,2021-10-17,0,0,0,0,0,10
part_44__2021_10_18,Part 44,2021-10-18,0,0,0,10,20,0
part_44__2021_10_19,Part 44,2021-10-19,0,0,10,12,0,0
part_44__2021_10_20,Part 44,2021-10-20,0,10,10,0,0,10
part_44__2021_10_21,Part 44,2021-10-21,5,15,0,0,10,8
part_44__2021_10_22,Part 44,2021-10-22,15,0,0,10,13,0
part_44__2021_10_23,Part 44,2021-10-23,15,0,0,10,13,0
part_44__2021_10_24,Part 44,2021-10-24,15,0,0,10,13,0
part_44__2021_10_25,Part 44,2021-10-25,11,1,10,0,0,0
part_44__2021_10_26,Part 44,2021-10-26,6,6,0,0,0,0
part_44__2021_10_27,Part 44,2021-10-27,11,0,0,0,0,0
part_44__2021_10_28,Part 44,2021-10-28,1,0,0,0,0,0
part_44__2021_10_29,Part 44,2021-10-29,0,0,0,0,0,0
part_44__2021_10_30,Part 44,2021-10-30,0,0,0,0,0,0
part_44__2021_11_01,Part 44,2021-11-01,0,0,0,0,0,0
part_45__2021_09_13,Part 45,2021-09-13,0,0,0,0,0,3
part_45__2021_09_14,Part 45,2021-09-14,0,0,0,0,0,0
part_45__2021_09_15,Part 45,2021-09-15,0,0,5,0,0,0
part_45__2021_09_16,Part 45,2021-09-16,0,5,0,0,0,0
part_45__2021_09_17,Part 45,2021-09-17,1,0,0,0,0,0
part_45__2021_09_18,Part 45,2021-09-18,1,0,0,0,0,0
part_45__2021_09_19,Part 45,2021-09-19,1,0,0,0,0,0
part_45__2021_09_20,Part 45,2021-09-20,1,0,0,0,0,0
part_45__2021_09_21,Part 45,2021-09-21,1,0,0,0,0,0
part_45__2021_09_22,Part 45,2021-09-22,1,0,0,0,0,0
part_45__2021_09_23,Part 45,2021-09-23,1,0,0,0,0,0
part_45__2021_09_24,Part 45,2021-09-24,1,0,0,0,0,0
part_45__2021_09_25,Part 45,2021-09-25,1,0,0,0,0,0
part_45__2021_09_26,Part 45,2021-09-26,1,0,0,0,0,0
part_45__2021_09_27,Part 45,2021-09-27,1,0,0,0,0,0
part_45__2021_10_26,Part 45,2021-10-26,0,0,0,0,0,0
part_45__2021_10_27,Part 45,2021-10-27,0,0,0,0,0,0
part_45__2021_10_28,Part 45,2021-10-28,0,0,0,0,0,0
part_45__2021_10_29,Part 45,2021-10-29,0,0,0,0,0,0
part_45__2021_10_30,Part 45,2021-10-30,0,0,0,0,0,0
part_45__2021_11_01,Part 45,2021-11-01,0,0,0,0,0,0
part_46__2021_09_13,Part 46,2021-09-13,0,0,0,0,2,8
part_46__2021_09_14,Part 46,2021-09-14,0,0,0,10,0,0
part_46__2021_09_15,Part 46,2021-09-15,0,0,9,0,0,1
part_46__2021_09_16,Part 46,2021-09-16,0,9,0,0,1,13
part_46__2021_09_17,Part 46,2021-09-17,7,0,0,0,0,0
part_46__2021_09_18,Part 46,2021-09-18,7,0,0,0,0,0
part_46__2021_09_19,Part 46,2021-09-19,7,0,0,0,0,0
part_46__2021_09_20,Part 46,2021-09-20,7,0,0,0,0,0
part_46__2021_09_21,Part 46,2021-09-21,7,0,0,0,0,0
part_46__2021_09_22,Part 46,2021-09-22,7,0,0,0,0,0
part_46__2021_09_23,Part 46,2021-09-23,7,0,0,0,0,0
part_46__2021_09_24,Part 46,2021-09-24,7,0,0,0,0,0
part_46__2021_09_25,Part 46,2021-09-25,7,0,0,0,0,0
part_46__2021_09_26,Part 46,2021-09-26,7,0,0,0,0,0
part_46__2021_09_27,Part 46,2021-09-27,22,0,4,20,7,6
part_46__2021_09_28,Part 46,2021-09-28,5,8,15,8,0,0
part_46__2021_09_29,Part 46,2021-09-29,6,17,10,0,0,4
part_46__2021_09_30,Part 46,2021-09-30,22,7,0,0,7,0
part_46__2021_10_01,Part 46,2021-10-01,15,0,0,8,2,1
part_46__2021_10_02,Part 46,2021-10-02,0,0,11,4,1,3
part_46__2021_10_03,Part 46,2021-10-03,0,0,11,4,1,3
part_46__2021_10_04,Part 46,2021-10-04,11,4,1,3,3,3
part_46__2021_10_05,Part 46,2021-10-05,7,2,3,0,0,0
part_46__2021_10_06,Part 46,2021-10-06,5,3,0,0,0,0
part_46__2021_10_07,Part 46,2021-10-07,3,0,0,0,0,0
part_46__2021_10_08,Part 46,2021-10-08,2,0,0,0,0,5
part_46__2021_10_09,Part 46,2021-10-09,2,0,0,0,0,5
part_46__2021_10_10,Part 46,2021-10-10,2,0,0,0,0,5
part_46__2021_10_11,Part 46,2021-10-11,2,0,0,0,0,5
part_46__2021_10_12,Part 46,2021-10-12,0,5,3,1,0,0
part_46__2021_10_13,Part 46,2021-10-13,3,4,2,0,0,0
part_46__2021_10_14,Part 46,2021-10-14,6,0,0,0,0,0
part_46__2021_10_15,Part 46,2021-10-15,1,0,0,0,0,0
part_46__2021_10_16,Part 46,2021-10-16,0,0,1,0,0,0
part_46__2021_10_17,Part 46,2021-10-17,0,0,1,0,0,0
part_46__2021_10_18,Part 46,2021-10-18,1,0,0,0,0,1
part_46__2021_10_19,Part 46,2021-10-19,0,0,0,0,0,0
part_46__2021_10_20,Part 46,2021-10-20,0,0,0,0,0,1
part_46__2021_10_21,Part 46,2021-10-21,0,0,0,0,1,0
part_46__2021_10_22,Part 46,2021-10-22,0,0,0,1,0,1
part_46__2021_10_23,Part 46,2021-10-23,0,0,0,1,0,1
part_46__2021_10_24,Part 46,2021-10-24,0,0,0,1,0,1
part_46__2021_10_25,Part 46,2021-10-25,1,0,0,1,0,0
part_46__2021_10_26,Part 46,2021-10-26,1,0,0,1,0,0
part_46__2021_10_27,Part 46,2021-10-27,0,0,1,0,0,0
part_46__2021_10_28,Part 46,2021-10-28,0,1,0,0,0,0
part_46__2021_10_29,Part 46,2021-10-29,1,0,0,0,0,0
part_46__2021_10_30,Part 46,2021-10-30,1,0,0,0,0,0
part_46__2021_11_01,Part 46,2021-11-01,0,0,0,3,2,0
part_47__2021_09_13,Part 47,2021-09-13,21,20,19,15,9,5
part_47__2021_09_14,Part 47,2021-09-14,17,18,18,11,0,0
part_47__2021_09_15,Part 47,2021-09-15,22,19,8,0,0,14
part_47__2021_09_16,Part 47,2021-09-16,20,7,0,0,15,0
part_47__2021_09_17,Part 47,2021-09-17,5,0,0,0,0,0
part_47__2021_09_18,Part 47,2021-09-18,5,0,0,0,0,0
part_47__2021_09_19,Part 47,2021-09-19,5,0,0,0,0,0
part_47__2021_09_20,Part 47,2021-09-20,5,0,0,0,0,0
part_47__2021_09_21,Part 47,2021-09-21,5,0,0,0,0,0
part_47__2021_09_22,Part 47,2021-09-22,5,0,0,0,0,0
part_47__2021_09_23,Part 47,2021-09-23,5,0,0,0,0,0
part_47__2021_09_24,Part 47,2021-09-24,5,0,0,0,0,0
part_47__2021_09_25,Part 47,2021-09-25,5,0,0,0,0,0
part_47__2021_09_26,Part 47,2021-09-26,5,0,0,0,0,0
part_47__2021_09_27,Part 47,2021-09-27,1,0,0,0,9,15
part_47__2021_09_28,Part 47,2021-09-28,1,0,0,8,0,0
part_47__2021_09_29,Part 47,2021-09-29,0,1,8,0,0,17
part_47__2021_09_30,Part 47,2021-09-30,0,9,0,0,14,14
part_47__2021_10_01,Part 47,2021-10-01,1,0,0,10,18,12
part_47__2021_10_02,Part 47,2021-10-02,0,0,8,12,19,16
part_47__2021_10_03,Part 47,2021-10-03,0,0,8,12,19,16
part_47__2021_10_04,Part 47,2021-10-04,8,12,19,16,6,10
part_47__2021_10_05,Part 47,2021-10-05,4,7,2,17,0,0
part_47__2021_10_06,Part 47,2021-10-06,8,3,16,0,0,0
part_47__2021_10_07,Part 47,2021-10-07,3,15,0,0,0,15
part_47__2021_10_08,Part 47,2021-10-08,14,0,0,0,15,12
part_47__2021_10_09,Part 47,2021-10-09,14,0,0,0,15,12
part_47__2021_10_10,Part 47,2021-10-10,14,0,0,0,15,12
part_47__2021_10_11,Part 47,2021-10-11,14,0,0,0,15,12
part_47__2021_10_12,Part 47,2021-10-12,26,12,5,19,0,0
part_47__2021_10_13,Part 47,2021-10-13,15,4,15,0,0,34
part_47__2021_10_14,Part 47,2021-10-14,6,14,0,0,32,38
part_47__2021_10_15,Part 47,2021-10-15,15,0,0,29,40,28
part_47__2021_10_16,Part 47,2021-10-16,0,0,31,39,28,21
part_47__2021_10_17,Part 47,2021-10-17,0,0,31,39,28,21
part_47__2021_10_18,Part 47,2021-10-18,31,39,28,21,17,18
part_47__2021_10_19,Part 47,2021-10-19,42,32,25,12,0,0
part_47__2021_10_20,Part 47,2021-10-20,41,25,17,0,0,13
part_47__2021_10_21,Part 47,2021-10-21,28,16,0,0,12,9
part_47__2021_10_22,Part 47,2021-10-22,23,0,0,13,6,26
part_47__2021_10_23,Part 47,2021-10-23,23,0,0,13,6,26
part_47__2021_10_24,Part 47,2021-10-24,23,0,0,13,6,26
part_47__2021_10_25,Part 47,2021-10-25,23,5,11,21,20,0
part_47__2021_10_26,Part 47,2021-10-26,8,12,19,14,0,0
part_47__2021_10_27,Part 47,2021-10-27,12,20,14,0,0,18
part_47__2021_10_28,Part 47,2021-10-28,22,12,0,0,3,7
part_47__2021_10_29,Part 47,2021-10-29,17,0,0,3,2,6
part_47__2021_10_30,Part 47,2021-10-30,17,0,0,3,2,6
part_47__2021_11_01,Part 47,2021-11-01,15,13,21,24,11,16
part_48__2021_09_13,Part 48,2021-09-13,3,19,1,0,0,0
part_48__2021_09_14,Part 48,2021-09-14,19,2,0,0,0,0
part_48__2021_09_15,Part 48,2021-09-15,5,0,0,0,0,0
part_48__2021_09_16,Part 48,2021-09-16,1,0,0,0,0,0
part_48__2021_09_17,Part 48,2021-09-17,1,0,0,0,0,0
part_48__2021_09_18,Part 48,2021-09-18,1,0,0,0,0,0
part_48__2021_09_19,Part 48,2021-09-19,1,0,0,0,0,0
part_48__2021_09_20,Part 48,2021-09-20,1,0,0,0,0,0
part_48__2021_09_21,Part 48,2021-09-21,1,0,0,0,0,0
part_48__2021_09_22,Part 48,2021-09-22,1,0,0,0,0,0
part_48__2021_09_23,Part 48,2021-09-23,1,0,0,0,0,0
part_48__2021_09_24,Part 48,2021-09-24,1,0,0,0,0,0
part_48__2021_09_25,Part 48,2021-09-25,1,0,0,0,0,0
part_48__2021_09_26,Part 48,2021-09-26,1,0,0,0,0,0
part_48__2021_09_27,Part 48,2021-09-27,1,0,2,2,5,25
part_48__2021_09_28,Part 48,2021-09-28,1,2,2,5,0,0
part_48__2021_09_29,Part 48,2021-09-29,3,2,5,0,0,25
part_48__2021_09_30,Part 48,2021-09-30,3,0,0,0,20,20
part_48__2021_10_01,Part 48,2021-10-01,2,0,0,10,20,10
part_48__2021_10_02,Part 48,2021-10-02,0,0,10,20,10,0
part_48__2021_10_03,Part 48,2021-10-03,0,0,10,20,10,0
part_48__2021_10_04,Part 48,2021-10-04,10,20,10,0,0,2
part_48__2021_10_05,Part 48,2021-10-05,8,10,10,10,0,0
part_48__2021_10_06,Part 48,2021-10-06,13,9,10,0,0,0
part_48__2021_10_07,Part 48,2021-10-07,15,10,0,0,0,0
part_48__2021_10_08,Part 48,2021-10-08,12,0,0,0,0,0
part_48__2021_10_09,Part 48,2021-10-09,12,0,0,0,0,0
part_48__2021_10_10,Part 48,2021-10-10,12,0,0,0,0,0
part_48__2021_10_11,Part 48,2021-10-11,12,0,0,0,0,0
part_48__2021_10_12,Part 48,2021-10-12,7,0,2,0,0,0
part_48__2021_10_13,Part 48,2021-10-13,0,0,2,0,0,0
part_48__2021_10_14,Part 48,2021-10-14,1,1,0,0,0,0
part_48__2021_10_15,Part 48,2021-10-15,1,0,0,0,0,0
part_48__2021_10_16,Part 48,2021-10-16,0,0,0,0,0,0
part_48__2021_10_17,Part 48,2021-10-17,0,0,0,0,0,0
part_48__2021_10_18,Part 48,2021-10-18,0,0,0,0,3,25
part_48__2021_10_19,Part 48,2021-10-19,0,0,0,2,0,0
part_48__2021_10_20,Part 48,2021-10-20,0,0,1,0,0,16
part_48__2021_10_21,Part 48,2021-10-21,0,1,0,0,16,16
part_48__2021_10_22,Part 48,2021-10-22,0,0,0,18,15,30
part_48__2021_10_23,Part 48,2021-10-23,0,0,0,18,15,30
part_48__2021_10_24,Part 48,2021-10-24,0,0,0,18,15,30
part_48__2021_10_25,Part 48,2021-10-25,15,14,9,29,11,0
part_48__2021_10_26,Part 48,2021-10-26,19,16,23,11,0,0
part_48__2021_10_27,Part 48,2021-10-27,23,23,10,0,0,20
part_48__2021_10_28,Part 48,2021-10-28,34,10,0,0,0,10
part_48__2021_10_29,Part 48,2021-10-29,24,0,0,0,0,0
part_48__2021_10_30,Part 48,2021-10-30,24,0,0,0,0,0
part_48__2021_11_01,Part 48,2021-11-01,4,0,0,9,41,0
part_49__2021_09_13,Part 49,2021-09-13,0,0,0,0,0,0
part_49__2021_09_14,Part 49,2021-09-14,0,0,0,0,0,0
part_49__2021_09_15,Part 49,2021-09-15,0,0,0,0,0,0
part_49__2021_09_16,Part 49,2021-09-16,0,0,0,0,0,0
part_49__2021_09_17,Part 49,2021-09-17,0,0,0,0,0,0
part_49__2021_09_18,Part 49,2021-09-18,0,0,0,0,0,0
part_49__2021_09_19,Part 49,2021-09-19,0,0,0,0,0,0
part_49__2021_09_20,Part 49,2021-09-20,0,0,0,0,0,0
part_49__2021_09_21,Part 49,2021-09-21,0,0,0,0,0,0
part_49__2021_09_22,Part 49,2021-09-22,0,0,0,0,0,0
part_49__2021_09_23,Part 49,2021-09-23,0,0,0,0,0,0
part_49__2021_09_24,Part 49,2021-09-24,0,0,0,0,0,0
part_49__2021_09_25,Part 49,2021-09-25,0,0,0,0,0,0
part_49__2021_09_26,Part 49,2021-09-26,0,0,0,0,0,0
part_49__2021_09_27,Part 49,2021-09-27,0,0,0,0,10,10
part_49__2021_09_28,Part 49,2021-09-28,0,0,0,1,0,0
part_49__2021_09_29,Part 49,2021-09-29,0,0,10,0,0,10
part_49__2021_09_30,Part 49,2021-09-30,0,0,0,0,20,15
part_49__2021_10_01,Part 49,2021-10-01,0,0,0,15,5,20
part_49__2021_10_02,Part 49,2021-10-02,0,0,15,5,9,33
part_49__2021_10_03,Part 49,2021-10-03,0,0,15,5,9,33
part_49__2021_10_04,Part 49,2021-10-04,15,5,9,33,15,20
part_49__2021_10_05,Part 49,2021-10-05,12,3,2,4,0,0
part_49__2021_10_06,Part 49,2021-10-06,5,2,4,0,0,0
part_49__2021_10_07,Part 49,2021-10-07,3,4,0,0,0,28
part_49__2021_10_08,Part 49,2021-10-08,2,0,0,0,28,27
part_49__2021_10_09,Part 49,2021-10-09,2,0,0,0,28,27
part_49__2021_10_10,Part 49,2021-10-10,2,0,0,0,28,27
part_49__2021_10_11,Part 49,2021-10-11,2,0,0,0,28,27
part_49__2021_10_12,Part 49,2021-10-12,24,30,18,25,0,0
part_49__2021_10_13,Part 49,2021-10-13,27,22,22,0,0,31
part_49__2021_10_14,Part 49,2021-10-14,21,24,0,0,27,37
part_49__2021_10_15,Part 49,2021-10-15,21,0,0,26,40,1
part_49__2021_10_16,Part 49,2021-10-16,0,0,29,39,2,0
part_49__2021_10_17,Part 49,2021-10-17,0,0,29,39,2,0
part_49__2021_10_18,Part 49,2021-10-18,29,39,2,0,9,35
part_49__2021_10_19,Part 49,2021-10-19,37,10,0,9,0,0
part_49__2021_10_20,Part 49,2021-10-20,19,0,9,0,0,35
part_49__2021_10_21,Part 49,2021-10-21,0,0,0,0,44,0
part_49__2021_10_22,Part 49,2021-10-22,8,0,0,28,8,9
part_49__2021_10_23,Part 49,2021-10-23,8,0,0,28,8,9
part_49__2021_10_24,Part 49,2021-10-24,8,0,0,28,8,9
part_49__2021_10_25,Part 49,2021-10-25,23,15,3,9,0,0
part_49__2021_10_26,Part 49,2021-10-26,16,4,9,0,0,0
part_49__2021_10_27,Part 49,2021-10-27,6,9,0,0,0,0
part_49__2021_10_28,Part 49,2021-10-28,10,0,0,0,0,0
part_49__2021_10_29,Part 49,2021-10-29,2,0,0,0,2,2
part_49__2021_10_30,Part 49,2021-10-30,2,0,0,0,2,2
part_49__2021_11_01,Part 49,2021-11-01,1,7,19,0,8,19
part_5__2021_09_13,Part 5,2021-09-13,1,14,8,3,26,0
part_5__2021_09_14,Part 5,2021-09-14,14,8,3,20,0,0
part_5__2021_09_15,Part 5,2021-09-15,15,2,78,0,0,164
part_5__2021_09_16,Part 5,2021-09-16,3,44,0,0,173,164
part_5__2021_09_17,Part 5,2021-09-17,19,0,0,0,0,0
part_5__2021_09_18,Part 5,2021-09-18,19,0,0,0,0,0
part_5__2021_09_19,Part 5,2021-09-19,19,0,0,0,0,0
part_5__2021_09_20,Part 5,2021-09-20,19,0,0,0,0,0
part_5__2021_09_21,Part 5,2021-09-21,19,0,0,0,0,0
part_5__2021_09_22,Part 5,2021-09-22,19,0,0,0,0,0
part_5__2021_09_23,Part 5,2021-09-23,19,0,0,0,0,0
part_5__2021_09_24,Part 5,2021-09-24,19,0,0,0,0,0
part_5__2021_09_25,Part 5,2021-09-25,19,0,0,0,0,0
part_5__2021_09_26,Part 5,2021-09-26,19,0,0,0,0,0
part_5__2021_09_27,Part 5,2021-09-27,116,158,100,101,85,64
part_5__2021_09_28,Part 5,2021-09-28,102,24,14,69,0,0
part_5__2021_09_29,Part 5,2021-09-29,47,13,53,0,0,170
part_5__2021_09_30,Part 5,2021-09-30,18,56,0,0,167,142
part_5__2021_10_01,Part 5,2021-10-01,47,0,0,129,99,102
part_5__2021_10_02,Part 5,2021-10-02,0,0,121,105,86,149
part_5__2021_10_03,Part 5,2021-10-03,0,0,121,105,86,149
part_5__2021_10_04,Part 5,2021-10-04,121,105,86,149,139,116
part_5__2021_10_05,Part 5,2021-10-05,122,80,123,142,116,0
part_5__2021_10_06,Part 5,2021-10-06,90,112,98,82,0,0
part_5__2021_10_07,Part 5,2021-10-07,119,93,83,0,0,111
part_5__2021_10_08,Part 5,2021-10-08,103,35,0,0,98,137
part_5__2021_10_09,Part 5,2021-10-09,103,35,0,0,98,137
part_5__2021_10_10,Part 5,2021-10-10,103,35,0,0,98,137
part_5__2021_10_11,Part 5,2021-10-11,103,35,0,0,98,137
part_5__2021_10_12,Part 5,2021-10-12,97,145,112,112,190,0
part_5__2021_10_13,Part 5,2021-10-13,142,122,123,159,0,87
part_5__2021_10_14,Part 5,2021-10-14,146,125,163,0,88,61
part_5__2021_10_15,Part 5,2021-10-15,66,78,0,90,59,35
part_5__2021_10_16,Part 5,2021-10-16,70,0,99,60,36,19
part_5__2021_10_17,Part 5,2021-10-17,70,0,99,60,36,19
part_5__2021_10_18,Part 5,2021-10-18,109,69,39,17,31,27
part_5__2021_10_19,Part 5,2021-10-19,81,54,19,25,34,0
part_5__2021_10_20,Part 5,2021-10-20,60,22,19,41,0,1
part_5__2021_10_21,Part 5,2021-10-21,26,22,39,0,2,23
part_5__2021_10_22,Part 5,2021-10-22,23,39,0,2,24,32
part_5__2021_10_23,Part 5,2021-10-23,23,39,0,2,24,32
part_5__2021_10_24,Part 5,2021-10-24,23,39,0,2,24,32
part_5__2021_10_25,Part 5,2021-10-25,8,26,32,19,64,45
part_5__2021_10_26,Part 5,2021-10-26,21,25,24,65,53,0
part_5__2021_10_27,Part 5,2021-10-27,28,11,58,46,0,35
part_5__2021_10_28,Part 5,2021-10-28,14,58,50,0,34,30
part_5__2021_10_29,Part 5,2021-10-29,54,54,0,32,36,55
part_5__2021_10_30,Part 5,2021-10-30,54,54,0,32,36,55
part_5__2021_11_01,Part 5,2021-11-01,48,33,58,50,76,142
part_50__2021_09_13,Part 50,2021-09-13,108,97,32,14,3,29
part_50__2021_09_14,Part 50,2021-09-14,104,48,17,12,0,0
part_50__2021_09_15,Part 50,2021-09-15,58,7,27,0,0,56
part_50__2021_09_16,Part 50,2021-09-16,14,29,0,0,55,108
part_50__2021_09_17,Part 50,2021-09-17,34,0,0,0,0,0
part_50__2021_09_18,Part 50,2021-09-18,34,0,0,0,0,0
part_50__2021_09_19,Part 50,2021-09-19,34,0,0,0,0,0
part_50__2021_09_20,Part 50,2021-09-20,34,0,0,0,0,0
part_50__2021_09_21,Part 50,2021-09-21,34,0,0,0,0,0
part_50__2021_09_22,Part 50,2021-09-22,34,0,0,0,0,0
part_50__2021_09_23,Part 50,2021-09-23,34,0,0,0,0,0
part_50__2021_09_24,Part 50,2021-09-24,34,0,0,0,0,0
part_50__2021_09_25,Part 50,2021-09-25,34,0,0,0,0,0
part_50__2021_09_26,Part 50,2021-09-26,34,0,0,0,0,0
part_50__2021_09_27,Part 50,2021-09-27,43,0,1,6,39,58
part_50__2021_09_28,Part 50,2021-09-28,3,4,3,37,0,0
part_50__2021_09_29,Part 50,2021-09-29,5,5,39,0,0,63
part_50__2021_09_30,Part 50,2021-09-30,9,47,0,0,67,69
part_50__2021_10_01,Part 50,2021-10-01,23,0,0,47,89,56
part_50__2021_10_02,Part 50,2021-10-02,0,0,42,74,71,53
part_50__2021_10_03,Part 50,2021-10-03,0,0,42,74,71,53
part_50__2021_10_04,Part 50,2021-10-04,42,74,71,53,105,59
part_50__2021_10_05,Part 50,2021-10-05,36,41,23,64,0,0
part_50__2021_10_06,Part 50,2021-10-06,63,23,56,0,0,0
part_50__2021_10_07,Part 50,2021-10-07,38,47,0,0,0,73
part_50__2021_10_08,Part 50,2021-10-08,48,0,0,0,73,103
part_50__2021_10_09,Part 50,2021-10-09,48,0,0,0,73,103
part_50__2021_10_10,Part 50,2021-10-10,48,0,0,0,73,103
part_50__2021_10_11,Part 50,2021-10-11,48,0,0,0,73,103
part_50__2021_10_12,Part 50,2021-10-12,100,87,97,18,0,0
part_50__2021_10_13,Part 50,2021-10-13,81,84,48,0,0,55
part_50__2021_10_14,Part 50,2021-10-14,95,51,0,0,50,89
part_50__2021_10_15,Part 50,2021-10-15,61,0,0,36,77,48
part_50__2021_10_16,Part 50,2021-10-16,0,0,39,76,51,53
part_50__2021_10_17,Part 50,2021-10-17,0,0,39,76,51,53
part_50__2021_10_18,Part 50,2021-10-18,39,76,51,53,113,53
part_50__2021_10_19,Part 50,2021-10-19,77,65,37,98,0,0
part_50__2021_10_20,Part 50,2021-10-20,76,37,100,0,0,63
part_50__2021_10_21,Part 50,2021-10-21,36,86,0,0,77,71
part_50__2021_10_22,Part 50,2021-10-22,87,0,0,102,97,60
part_50__2021_10_23,Part 50,2021-10-23,87,0,0,102,97,60
part_50__2021_10_24,Part 50,2021-10-24,87,0,0,102,97,60
part_50__2021_10_25,Part 50,2021-10-25,95,49,94,33,57,0
part_50__2021_10_26,Part 50,2021-10-26,71,75,46,40,0,0
part_50__2021_10_27,Part 50,2021-10-27,92,44,42,0,0,55
part_50__2021_10_28,Part 50,2021-10-28,67,16,0,0,42,28
part_50__2021_10_29,Part 50,2021-10-29,32,0,0,43,7,5
part_50__2021_10_30,Part 50,2021-10-30,32,0,0,43,7,5
part_50__2021_11_01,Part 50,2021-11-01,61,41,17,9,10,48
part_51__2021_09_13,Part 51,2021-09-13,58,59,76,61,71,49
part_51__2021_09_14,Part 51,2021-09-14,65,77,58,76,0,0
part_51__2021_09_15,Part 51,2021-09-15,81,59,88,0,0,67
part_51__2021_09_16,Part 51,2021-09-16,68,88,0,0,68,40
part_51__2021_09_17,Part 51,2021-09-17,91,0,0,0,0,0
part_51__2021_09_18,Part 51,2021-09-18,91,0,0,0,0,0
part_51__2021_09_19,Part 51,2021-09-19,91,0,0,0,0,0
part_51__2021_09_20,Part 51,2021-09-20,91,0,0,0,0,0
part_51__2021_09_21,Part 51,2021-09-21,91,0,0,0,0,0
part_51__2021_09_22,Part 51,2021-09-22,91,0,0,0,0,0
part_51__2021_09_23,Part 51,2021-09-23,91,0,0,0,0,0
part_51__2021_09_24,Part 51,2021-09-24,91,0,0,0,0,0
part_51__2021_09_25,Part 51,2021-09-25,91,0,0,0,0,0
part_51__2021_09_26,Part 51,2021-09-26,91,0,0,0,0,0
part_51__2021_09_27,Part 51,2021-09-27,39,20,12,47,70,96
part_51__2021_09_28,Part 51,2021-09-28,29,10,47,70,0,0
part_51__2021_09_29,Part 51,2021-09-29,22,47,74,0,0,88
part_51__2021_09_30,Part 51,2021-09-30,57,59,0,0,77,84
part_51__2021_10_01,Part 51,2021-10-01,60,0,0,60,75,73
part_51__2021_10_02,Part 51,2021-10-02,0,0,72,80,101,90
part_51__2021_10_03,Part 51,2021-10-03,0,0,72,80,101,90
part_51__2021_10_04,Part 51,2021-10-04,72,80,101,90,87,90
part_51__2021_10_05,Part 51,2021-10-05,54,35,59,60,0,0
part_51__2021_10_06,Part 51,2021-10-06,60,53,64,0,0,0
part_51__2021_10_07,Part 51,2021-10-07,66,66,0,0,0,91
part_51__2021_10_08,Part 51,2021-10-08,85,0,0,0,91,90
part_51__2021_10_09,Part 51,2021-10-09,85,0,0,0,91,90
part_51__2021_10_10,Part 51,2021-10-10,85,0,0,0,91,90
part_51__2021_10_11,Part 51,2021-10-11,85,0,0,0,91,90
part_51__2021_10_12,Part 51,2021-10-12,120,89,87,95,0,0
part_51__2021_10_13,Part 51,2021-10-13,102,87,93,0,0,93
part_51__2021_10_14,Part 51,2021-10-14,92,90,0,0,93,81
part_51__2021_10_15,Part 51,2021-10-15,95,0,0,90,83,53
part_51__2021_10_16,Part 51,2021-10-16,0,0,100,84,55,64
part_51__2021_10_17,Part 51,2021-10-17,0,0,100,84,55,64
part_51__2021_10_18,Part 51,2021-10-18,100,84,55,64,53,50
part_51__2021_10_19,Part 51,2021-10-19,97,61,59,57,0,0
part_51__2021_10_20,Part 51,2021-10-20,78,58,57,0,0,84
part_51__2021_10_21,Part 51,2021-10-21,57,60,0,0,76,98
part_51__2021_10_22,Part 51,2021-10-22,68,0,0,88,120,103
part_51__2021_10_23,Part 51,2021-10-23,68,0,0,88,120,103
part_51__2021_10_24,Part 51,2021-10-24,68,0,0,88,120,103
part_51__2021_10_25,Part 51,2021-10-25,60,99,89,85,73,0
part_51__2021_10_26,Part 51,2021-10-26,109,91,85,61,0,0
part_51__2021_10_27,Part 51,2021-10-27,118,87,58,0,0,63
part_51__2021_10_28,Part 51,2021-10-28,109,67,0,0,66,42
part_51__2021_10_29,Part 51,2021-10-29,97,0,0,59,40,24
part_51__2021_10_30,Part 51,2021-10-30,97,0,0,59,40,24
part_51__2021_11_01,Part 51,2021-11-01,77,46,35,41,58,61
part_52__2021_09_13,Part 52,2021-09-13,0,0,0,8,13,18
part_52__2021_09_14,Part 52,2021-09-14,0,0,19,2,0,0
part_52__2021_09_15,Part 52,2021-09-15,0,14,1,0,0,6
part_52__2021_09_16,Part 52,2021-09-16,14,1,0,0,0,6
part_52__2021_09_17,Part 52,2021-09-17,6,0,0,0,0,0
part_52__2021_09_18,Part 52,2021-09-18,6,0,0,0,0,0
part_52__2021_09_19,Part 52,2021-09-19,6,0,0,0,0,0
part_52__2021_09_20,Part 52,2021-09-20,6,0,0,0,0,0
part_52__2021_09_21,Part 52,2021-09-21,6,0,0,0,0,0
part_52__2021_09_22,Part 52,2021-09-22,6,0,0,0,0,0
part_52__2021_09_23,Part 52,2021-09-23,6,0,0,0,0,0
part_52__2021_09_24,Part 52,2021-09-24,6,0,0,0,0,0
part_52__2021_09_25,Part 52,2021-09-25,6,0,0,0,0,0
part_52__2021_09_26,Part 52,2021-09-26,6,0,0,0,0,0
part_52__2021_09_27,Part 52,2021-09-27,17,15,3,0,15,14
part_52__2021_09_28,Part 52,2021-09-28,21,5,0,16,0,0
part_52__2021_09_29,Part 52,2021-09-29,8,0,16,0,0,22
part_52__2021_09_30,Part 52,2021-09-30,0,14,0,0,24,7
part_52__2021_10_01,Part 52,2021-10-01,11,0,0,25,7,5
part_52__2021_10_02,Part 52,2021-10-02,0,0,30,10,3,14
part_52__2021_10_03,Part 52,2021-10-03,0,0,30,10,3,14
part_52__2021_10_04,Part 52,2021-10-04,30,10,3,14,5,14
part_52__2021_10_05,Part 52,2021-10-05,13,6,5,0,0,0
part_52__2021_10_06,Part 52,2021-10-06,9,5,6,0,0,0
part_52__2021_10_07,Part 52,2021-10-07,9,7,0,0,0,14
part_52__2021_10_08,Part 52,2021-10-08,9,0,0,0,15,7
part_52__2021_10_09,Part 52,2021-10-09,9,0,0,0,15,7
part_52__2021_10_10,Part 52,2021-10-10,9,0,0,0,15,7
part_52__2021_10_11,Part 52,2021-10-11,9,0,0,0,15,7
part_52__2021_10_12,Part 52,2021-10-12,22,7,8,16,0,0
part_52__2021_10_13,Part 52,2021-10-13,9,8,16,0,0,5
part_52__2021_10_14,Part 52,2021-10-14,9,15,0,0,6,13
part_52__2021_10_15,Part 52,2021-10-15,21,0,0,3,13,4
part_52__2021_10_16,Part 52,2021-10-16,0,0,15,7,4,0
part_52__2021_10_17,Part 52,2021-10-17,0,0,15,7,4,0
part_52__2021_10_18,Part 52,2021-10-18,15,7,4,0,0,0
part_52__2021_10_19,Part 52,2021-10-19,10,3,0,0,0,0
part_52__2021_10_20,Part 52,2021-10-20,4,0,0,0,0,0
part_52__2021_10_21,Part 52,2021-10-21,0,0,0,0,0,0
part_52__2021_10_22,Part 52,2021-10-22,0,0,0,0,0,0
part_52__2021_10_23,Part 52,2021-10-23,0,0,0,0,0,0
part_52__2021_10_24,Part 52,2021-10-24,0,0,0,0,0,0
part_52__2021_10_25,Part 52,2021-10-25,0,0,0,0,0,0
part_52__2021_10_26,Part 52,2021-10-26,0,0,0,0,0,0
part_52__2021_10_27,Part 52,2021-10-27,0,0,0,0,0,0
part_52__2021_10_28,Part 52,2021-10-28,0,0,0,0,0,0
part_52__2021_10_29,Part 52,2021-10-29,0,0,0,0,0,0
part_52__2021_10_30,Part 52,2021-10-30,0,0,0,0,0,0
part_52__2021_11_01,Part 52,2021-11-01,0,0,0,0,0,4
part_53__2021_09_13,Part 53,2021-09-13,70,58,49,65,70,60
part_53__2021_09_14,Part 53,2021-09-14,74,43,108,94,0,0
part_53__2021_09_15,Part 53,2021-09-15,48,114,48,0,0,76
part_53__2021_09_16,Part 53,2021-09-16,119,48,0,0,74,25
part_53__2021_09_17,Part 53,2021-09-17,66,0,0,0,0,0
part_53__2021_09_18,Part 53,2021-09-18,66,0,0,0,0,0
part_53__2021_09_19,Part 53,2021-09-19,66,0,0,0,0,0
part_53__2021_09_20,Part 53,2021-09-20,66,0,0,0,0,0
part_53__2021_09_21,Part 53,2021-09-21,66,0,0,0,0,0
part_53__2021_09_22,Part 53,2021-09-22,66,0,0,0,0,0
part_53__2021_09_23,Part 53,2021-09-23,66,0,0,0,0,0
part_53__2021_09_24,Part 53,2021-09-24,66,0,0,0,0,0
part_53__2021_09_25,Part 53,2021-09-25,66,0,0,0,0,0
part_53__2021_09_26,Part 53,2021-09-26,66,0,0,0,0,0
part_53__2021_09_27,Part 53,2021-09-27,10,0,39,54,128,102
part_53__2021_09_28,Part 53,2021-09-28,10,17,71,139,0,0
part_53__2021_09_29,Part 53,2021-09-29,30,61,162,0,0,104
part_53__2021_09_30,Part 53,2021-09-30,93,125,0,0,124,127
part_53__2021_10_01,Part 53,2021-10-01,83,0,0,139,87,124
part_53__2021_10_02,Part 53,2021-10-02,0,0,164,63,76,101
part_53__2021_10_03,Part 53,2021-10-03,0,0,164,63,76,101
part_53__2021_10_04,Part 53,2021-10-04,164,63,76,101,66,107
part_53__2021_10_05,Part 53,2021-10-05,93,34,32,47,0,0
part_53__2021_10_06,Part 53,2021-10-06,56,37,50,0,0,0
part_53__2021_10_07,Part 53,2021-10-07,60,52,0,0,0,89
part_53__2021_10_08,Part 53,2021-10-08,68,0,0,0,92,57
part_53__2021_10_09,Part 53,2021-10-09,68,0,0,0,92,57
part_53__2021_10_10,Part 53,2021-10-10,68,0,0,0,92,57
part_53__2021_10_11,Part 53,2021-10-11,68,0,0,0,92,57
part_53__2021_10_12,Part 53,2021-10-12,125,71,75,136,0,0
part_53__2021_10_13,Part 53,2021-10-13,103,85,112,0,0,82
part_53__2021_10_14,Part 53,2021-10-14,83,107,0,0,92,50
part_53__2021_10_15,Part 53,2021-10-15,109,0,0,103,54,164
part_53__2021_10_16,Part 53,2021-10-16,0,0,114,56,159,146
part_53__2021_10_17,Part 53,2021-10-17,0,0,114,56,159,146
part_53__2021_10_18,Part 53,2021-10-18,114,56,159,146,79,63
part_53__2021_10_19,Part 53,2021-10-19,71,126,163,104,0,0
part_53__2021_10_20,Part 53,2021-10-20,135,165,100,0,0,52
part_53__2021_10_21,Part 53,2021-10-21,195,117,0,0,38,69
part_53__2021_10_22,Part 53,2021-10-22,143,0,0,89,80,133
part_53__2021_10_23,Part 53,2021-10-23,143,0,0,89,80,133
part_53__2021_10_24,Part 53,2021-10-24,143,0,0,89,80,133
part_53__2021_10_25,Part 53,2021-10-25,99,79,65,111,88,0
part_53__2021_10_26,Part 53,2021-10-26,90,71,117,87,0,0
part_53__2021_10_27,Part 53,2021-10-27,96,115,84,0,0,93
part_53__2021_10_28,Part 53,2021-10-28,134,91,0,0,11,61
part_53__2021_10_29,Part 53,2021-10-29,127,0,0,11,10,16
part_53__2021_10_30,Part 53,2021-10-30,127,0,0,11,10,16
part_53__2021_11_01,Part 53,2021-11-01,60,62,77,83,82,101
part_54__2021_09_13,Part 54,2021-09-13,76,86,65,67,33,71
part_54__2021_09_14,Part 54,2021-09-14,82,69,68,29,0,0
part_54__2021_09_15,Part 54,2021-09-15,73,71,30,0,0,53
part_54__2021_09_16,Part 54,2021-09-16,88,30,0,0,53,100
part_54__2021_09_17,Part 54,2021-09-17,51,0,0,0,0,0
part_54__2021_09_18,Part 54,2021-09-18,51,0,0,0,0,0
part_54__2021_09_19,Part 54,2021-09-19,51,0,0,0,0,0
part_54__2021_09_20,Part 54,2021-09-20,51,0,0,0,0,0
part_54__2021_09_21,Part 54,2021-09-21,51,0,0,0,0,0
part_54__2021_09_22,Part 54,2021-09-22,51,0,0,0,0,0
part_54__2021_09_23,Part 54,2021-09-23,51,0,0,0,0,0
part_54__2021_09_24,Part 54,2021-09-24,51,0,0,0,0,0
part_54__2021_09_25,Part 54,2021-09-25,51,0,0,0,0,0
part_54__2021_09_26,Part 54,2021-09-26,51,0,0,0,0,0
part_54__2021_09_27,Part 54,2021-09-27,135,134,85,68,96,71
part_54__2021_09_28,Part 54,2021-09-28,165,88,70,99,0,0
part_54__2021_09_29,Part 54,2021-09-29,115,71,103,0,0,70
part_54__2021_09_30,Part 54,2021-09-30,82,112,0,0,81,182
part_54__2021_10_01,Part 54,2021-10-01,129,0,0,71,144,161
part_54__2021_10_02,Part 54,2021-10-02,0,0,97,144,161,70
part_54__2021_10_03,Part 54,2021-10-03,0,0,97,144,161,70
part_54__2021_10_04,Part 54,2021-10-04,97,144,161,70,77,83
part_54__2021_10_05,Part 54,2021-10-05,52,87,73,75,0,0
part_54__2021_10_06,Part 54,2021-10-06,109,78,76,0,0,0
part_54__2021_10_07,Part 54,2021-10-07,122,80,0,0,0,105
part_54__2021_10_08,Part 54,2021-10-08,119,0,0,0,95,65
part_54__2021_10_09,Part 54,2021-10-09,119,0,0,0,95,65
part_54__2021_10_10,Part 54,2021-10-10,119,0,0,0,95,65
part_54__2021_10_11,Part 54,2021-10-11,119,0,0,0,95,65
part_54__2021_10_12,Part 54,2021-10-12,123,65,84,116,0,0
part_54__2021_10_13,Part 54,2021-10-13,52,77,115,0,0,145
part_54__2021_10_14,Part 54,2021-10-14,70,116,0,0,148,154
part_54__2021_10_15,Part 54,2021-10-15,118,0,0,155,153,176
part_54__2021_10_16,Part 54,2021-10-16,0,0,165,154,191,147
part_54__2021_10_17,Part 54,2021-10-17,0,0,165,154,191,147
part_54__2021_10_18,Part 54,2021-10-18,165,154,191,147,152,123
part_54__2021_10_19,Part 54,2021-10-19,165,184,146,157,0,0
part_54__2021_10_20,Part 54,2021-10-20,213,146,158,0,0,125
part_54__2021_10_21,Part 54,2021-10-21,178,154,0,0,113,108
part_54__2021_10_22,Part 54,2021-10-22,145,0,0,7,5,219
part_54__2021_10_23,Part 54,2021-10-23,145,0,0,7,5,219
part_54__2021_10_24,Part 54,2021-10-24,145,0,0,7,5,219
part_54__2021_10_25,Part 54,2021-10-25,22,0,0,0,40,0
part_54__2021_10_26,Part 54,2021-10-26,15,0,0,35,0,0
part_54__2021_10_27,Part 54,2021-10-27,9,0,35,0,0,105
part_54__2021_10_28,Part 54,2021-10-28,9,38,0,0,84,145
part_54__2021_10_29,Part 54,2021-10-29,30,0,0,92,122,140
part_54__2021_10_30,Part 54,2021-10-30,30,0,0,92,122,140
part_54__2021_11_01,Part 54,2021-11-01,109,126,144,140,113,149
part_55__2021_09_13,Part 55,2021-09-13,1,0,0,0,0,2
part_55__2021_09_14,Part 55,2021-09-14,1,0,0,0,0,0
part_55__2021_09_15,Part 55,2021-09-15,1,0,0,0,0,2
part_55__2021_09_16,Part 55,2021-09-16,0,0,0,0,2,0
part_55__2021_09_17,Part 55,2021-09-17,0,0,0,0,0,0
part_55__2021_09_18,Part 55,2021-09-18,0,0,0,0,0,0
part_55__2021_09_19,Part 55,2021-09-19,0,0,0,0,0,0
part_55__2021_09_20,Part 55,2021-09-20,0,0,0,0,0,0
part_55__2021_09_21,Part 55,2021-09-21,0,0,0,0,0,0
part_55__2021_09_22,Part 55,2021-09-22,0,0,0,0,0,0
part_55__2021_09_23,Part 55,2021-09-23,0,0,0,0,0,0
part_55__2021_09_24,Part 55,2021-09-24,0,0,0,0,0,0
part_55__2021_09_25,Part 55,2021-09-25,0,0,0,0,0,0
part_55__2021_09_26,Part 55,2021-09-26,0,0,0,0,0,0
part_55__2021_09_27,Part 55,2021-09-27,0,0,0,18,18,32
part_55__2021_09_28,Part 55,2021-09-28,0,0,18,18,0,0
part_55__2021_09_29,Part 55,2021-09-29,0,18,18,0,0,32
part_55__2021_09_30,Part 55,2021-09-30,17,19,0,0,33,20
part_55__2021_10_01,Part 55,2021-10-01,21,0,0,30,17,8
part_55__2021_10_02,Part 55,2021-10-02,0,0,29,19,22,6
part_55__2021_10_03,Part 55,2021-10-03,0,0,29,19,22,6
part_55__2021_10_04,Part 55,2021-10-04,29,19,22,6,0,0
part_55__2021_10_05,Part 55,2021-10-05,21,10,5,7,0,0
part_55__2021_10_06,Part 55,2021-10-06,18,4,8,0,0,0
part_55__2021_10_07,Part 55,2021-10-07,8,6,0,0,0,22
part_55__2021_10_08,Part 55,2021-10-08,8,0,0,0,13,9
part_55__2021_10_09,Part 55,2021-10-09,8,0,0,0,13,9
part_55__2021_10_10,Part 55,2021-10-10,8,0,0,0,13,9
part_55__2021_10_11,Part 55,2021-10-11,8,0,0,0,13,9
part_55__2021_10_12,Part 55,2021-10-12,17,9,0,0,0,0
part_55__2021_10_13,Part 55,2021-10-13,14,0,0,0,0,0
part_55__2021_10_14,Part 55,2021-10-14,1,0,0,0,0,7
part_55__2021_10_15,Part 55,2021-10-15,1,0,0,0,6,1
part_55__2021_10_16,Part 55,2021-10-16,0,0,1,6,1,0
part_55__2021_10_17,Part 55,2021-10-17,0,0,1,6,1,0
part_55__2021_10_18,Part 55,2021-10-18,1,6,1,0,0,14
part_55__2021_10_19,Part 55,2021-10-19,7,1,0,0,0,0
part_55__2021_10_20,Part 55,2021-10-20,1,0,0,0,0,11
part_55__2021_10_21,Part 55,2021-10-21,0,0,0,0,11,12
part_55__2021_10_22,Part 55,2021-10-22,4,0,0,11,9,0
part_55__2021_10_23,Part 55,2021-10-23,4,0,0,11,9,0
part_55__2021_10_24,Part 55,2021-10-24,4,0,0,11,9,0
part_55__2021_10_25,Part 55,2021-10-25,10,2,5,0,5,0
part_55__2021_10_26,Part 55,2021-10-26,3,4,0,5,0,0
part_55__2021_10_27,Part 55,2021-10-27,3,2,5,0,0,0
part_55__2021_10_28,Part 55,2021-10-28,3,2,0,0,3,0
part_55__2021_10_29,Part 55,2021-10-29,4,0,0,3,0,0
part_55__2021_10_30,Part 55,2021-10-30,4,0,0,3,0,0
part_55__2021_11_01,Part 55,2021-11-01,5,0,0,0,0,0
part_56__2021_09_13,Part 56,2021-09-13,261,176,176,189,220,173
part_56__2021_09_14,Part 56,2021-09-14,231,171,176,209,0,0
part_56__2021_09_15,Part 56,2021-09-15,196,174,200,0,0,146
part_56__2021_09_16,Part 56,2021-09-16,200,200,0,0,161,169
part_56__2021_09_17,Part 56,2021-09-17,228,0,0,0,0,0
part_56__2021_09_18,Part 56,2021-09-18,228,0,0,0,0,0
part_56__2021_09_19,Part 56,2021-09-19,228,0,0,0,0,0
part_56__2021_09_20,Part 56,2021-09-20,228,0,0,0,0,0
part_56__2021_09_21,Part 56,2021-09-21,228,0,0,0,0,0
part_56__2021_09_22,Part 56,2021-09-22,228,0,0,0,0,0
part_56__2021_09_23,Part 56,2021-09-23,228,0,0,0,0,0
part_56__2021_09_24,Part 56,2021-09-24,228,0,0,0,0,0
part_56__2021_09_25,Part 56,2021-09-25,228,0,0,0,0,0
part_56__2021_09_26,Part 56,2021-09-26,228,0,0,0,0,0
part_56__2021_09_27,Part 56,2021-09-27,215,141,201,151,104,126
part_56__2021_09_28,Part 56,2021-09-28,183,196,164,124,0,0
part_56__2021_09_29,Part 56,2021-09-29,243,187,122,0,0,137
part_56__2021_09_30,Part 56,2021-09-30,246,139,0,0,150,111
part_56__2021_10_01,Part 56,2021-10-01,187,0,0,141,105,93
part_56__2021_10_02,Part 56,2021-10-02,0,0,189,111,95,176
part_56__2021_10_03,Part 56,2021-10-03,0,0,189,111,95,176
part_56__2021_10_04,Part 56,2021-10-04,189,111,95,176,200,194
part_56__2021_10_05,Part 56,2021-10-05,127,60,54,49,0,0
part_56__2021_10_06,Part 56,2021-10-06,114,53,49,0,0,0
part_56__2021_10_07,Part 56,2021-10-07,93,46,0,0,0,135
part_56__2021_10_08,Part 56,2021-10-08,82,0,0,0,133,203
part_56__2021_10_09,Part 56,2021-10-09,82,0,0,0,133,203
part_56__2021_10_10,Part 56,2021-10-10,82,0,0,0,133,203
part_56__2021_10_11,Part 56,2021-10-11,82,0,0,0,133,203
part_56__2021_10_12,Part 56,2021-10-12,154,202,181,150,0,0
part_56__2021_10_13,Part 56,2021-10-13,215,201,160,0,0,141
part_56__2021_10_14,Part 56,2021-10-14,218,189,0,0,137,123
part_56__2021_10_15,Part 56,2021-10-15,231,0,0,141,121,117
part_56__2021_10_16,Part 56,2021-10-16,0,0,183,121,117,161
part_56__2021_10_17,Part 56,2021-10-17,0,0,183,121,117,161
part_56__2021_10_18,Part 56,2021-10-18,183,121,117,161,156,158
part_56__2021_10_19,Part 56,2021-10-19,166,112,162,153,0,0
part_56__2021_10_20,Part 56,2021-10-20,147,163,152,0,0,157
part_56__2021_10_21,Part 56,2021-10-21,156,146,0,0,180,143
part_56__2021_10_22,Part 56,2021-10-22,192,0,0,224,207,70
part_56__2021_10_23,Part 56,2021-10-23,192,0,0,224,207,70
part_56__2021_10_24,Part 56,2021-10-24,192,0,0,224,207,70
part_56__2021_10_25,Part 56,2021-10-25,143,103,109,105,89,0
part_56__2021_10_26,Part 56,2021-10-26,182,105,103,87,0,0
part_56__2021_10_27,Part 56,2021-10-27,186,106,85,0,0,142
part_56__2021_10_28,Part 56,2021-10-28,187,77,0,0,160,149
part_56__2021_10_29,Part 56,2021-10-29,152,0,0,139,149,137
part_56__2021_10_30,Part 56,2021-10-30,152,0,0,139,149,137
part_56__2021_11_01,Part 56,2021-11-01,214,140,136,113,131,123
part_57__2021_09_13,Part 57,2021-09-13,15,6,0,0,0,7
part_57__2021_09_14,Part 57,2021-09-14,10,0,0,0,0,0
part_57__2021_09_15,Part 57,2021-09-15,3,0,0,0,0,7
part_57__2021_09_16,Part 57,2021-09-16,1,0,0,0,7,0
part_57__2021_09_17,Part 57,2021-09-17,1,0,0,0,0,0
part_57__2021_09_18,Part 57,2021-09-18,1,0,0,0,0,0
part_57__2021_09_19,Part 57,2021-09-19,1,0,0,0,0,0
part_57__2021_09_20,Part 57,2021-09-20,1,0,0,0,0,0
part_57__2021_09_21,Part 57,2021-09-21,1,0,0,0,0,0
part_57__2021_09_22,Part 57,2021-09-22,1,0,0,0,0,0
part_57__2021_09_23,Part 57,2021-09-23,1,0,0,0,0,0
part_57__2021_09_24,Part 57,2021-09-24,1,0,0,0,0,0
part_57__2021_09_25,Part 57,2021-09-25,1,0,0,0,0,0
part_57__2021_09_26,Part 57,2021-09-26,1,0,0,0,0,0
part_57__2021_09_27,Part 57,2021-09-27,1,0,0,29,29,16
part_57__2021_09_28,Part 57,2021-09-28,1,0,29,28,0,0
part_57__2021_09_29,Part 57,2021-09-29,1,28,30,0,0,21
part_57__2021_09_30,Part 57,2021-09-30,20,38,0,0,30,33
part_57__2021_10_01,Part 57,2021-10-01,39,0,0,20,31,49
part_57__2021_10_02,Part 57,2021-10-02,0,0,24,32,52,23
part_57__2021_10_03,Part 57,2021-10-03,0,0,24,32,52,23
part_57__2021_10_04,Part 57,2021-10-04,24,32,52,23,7,3
part_57__2021_10_05,Part 57,2021-10-05,19,13,18,22,0,0
part_57__2021_10_06,Part 57,2021-10-06,18,18,23,0,0,0
part_57__2021_10_07,Part 57,2021-10-07,25,22,0,0,0,41
part_57__2021_10_08,Part 57,2021-10-08,34,0,0,0,41,14
part_57__2021_10_09,Part 57,2021-10-09,34,0,0,0,41,14
part_57__2021_10_10,Part 57,2021-10-10,34,0,0,0,41,14
part_57__2021_10_11,Part 57,2021-10-11,34,0,0,0,41,14
part_57__2021_10_12,Part 57,2021-10-12,56,15,5,12,0,0
part_57__2021_10_13,Part 57,2021-10-13,27,9,6,0,0,12
part_57__2021_10_14,Part 57,2021-10-14,11,3,0,0,15,9
part_57__2021_10_15,Part 57,2021-10-15,4,0,0,15,8,14
part_57__2021_10_16,Part 57,2021-10-16,0,0,19,8,14,5
part_57__2021_10_17,Part 57,2021-10-17,0,0,19,8,14,5
part_57__2021_10_18,Part 57,2021-10-18,19,8,14,5,5,8
part_57__2021_10_19,Part 57,2021-10-19,6,16,6,5,0,0
part_57__2021_10_20,Part 57,2021-10-20,18,6,5,0,0,5
part_57__2021_10_21,Part 57,2021-10-21,11,5,0,0,6,16
part_57__2021_10_22,Part 57,2021-10-22,8,0,0,32,45,0
part_57__2021_10_23,Part 57,2021-10-23,8,0,0,32,45,0
part_57__2021_10_24,Part 57,2021-10-24,8,0,0,32,45,0
part_57__2021_10_25,Part 57,2021-10-25,13,20,15,26,6,0
part_57__2021_10_26,Part 57,2021-10-26,27,16,24,3,0,0
part_57__2021_10_27,Part 57,2021-10-27,22,24,5,0,0,0
part_57__2021_10_28,Part 57,2021-10-28,33,4,0,0,2,12
part_57__2021_10_29,Part 57,2021-10-29,19,0,0,2,12,7
part_57__2021_10_30,Part 57,2021-10-30,19,0,0,2,12,7
part_57__2021_11_01,Part 57,2021-11-01,9,11,11,16,23,17
part_58__2021_09_13,Part 58,2021-09-13,38,54,20,50,50,41
part_58__2021_09_14,Part 58,2021-09-14,58,22,51,50,0,0
part_58__2021_09_15,Part 58,2021-09-15,34,46,49,0,0,47
part_58__2021_09_16,Part 58,2021-09-16,48,50,0,0,46,36
part_58__2021_09_17,Part 58,2021-09-17,54,0,0,0,0,0
part_58__2021_09_18,Part 58,2021-09-18,54,0,0,0,0,0
part_58__2021_09_19,Part 58,2021-09-19,54,0,0,0,0,0
part_58__2021_09_20,Part 58,2021-09-20,54,0,0,0,0,0
part_58__2021_09_21,Part 58,2021-09-21,54,0,0,0,0,0
part_58__2021_09_22,Part 58,2021-09-22,54,0,0,0,0,0
part_58__2021_09_23,Part 58,2021-09-23,54,0,0,0,0,0
part_58__2021_09_24,Part 58,2021-09-24,54,0,0,0,0,0
part_58__2021_09_25,Part 58,2021-09-25,54,0,0,0,0,0
part_58__2021_09_26,Part 58,2021-09-26,54,0,0,0,0,0
part_58__2021_09_27,Part 58,2021-09-27,39,32,66,26,36,37
part_58__2021_09_28,Part 58,2021-09-28,35,52,39,46,0,0
part_58__2021_09_29,Part 58,2021-09-29,58,59,35,0,0,58
part_58__2021_09_30,Part 58,2021-09-30,76,47,0,0,58,30
part_58__2021_10_01,Part 58,2021-10-01,47,0,0,64,35,31
part_58__2021_10_02,Part 58,2021-10-02,0,0,63,41,21,50
part_58__2021_10_03,Part 58,2021-10-03,0,0,63,41,21,50
part_58__2021_10_04,Part 58,2021-10-04,63,41,21,50,51,46
part_58__2021_10_05,Part 58,2021-10-05,48,3,30,9,0,0
part_58__2021_10_06,Part 58,2021-10-06,20,30,9,0,0,0
part_58__2021_10_07,Part 58,2021-10-07,30,14,0,0,0,36
part_58__2021_10_08,Part 58,2021-10-08,17,0,0,0,54,45
part_58__2021_10_09,Part 58,2021-10-09,17,0,0,0,54,45
part_58__2021_10_10,Part 58,2021-10-10,17,0,0,0,54,45
part_58__2021_10_11,Part 58,2021-10-11,17,0,0,0,54,45
part_58__2021_10_12,Part 58,2021-10-12,67,38,54,46,0,0
part_58__2021_10_13,Part 58,2021-10-13,63,39,40,0,0,23
part_58__2021_10_14,Part 58,2021-10-14,69,20,0,0,19,26
part_58__2021_10_15,Part 58,2021-10-15,28,0,0,19,27,16
part_58__2021_10_16,Part 58,2021-10-16,0,0,22,27,14,38
part_58__2021_10_17,Part 58,2021-10-17,0,0,22,27,14,38
part_58__2021_10_18,Part 58,2021-10-18,22,27,14,38,18,12
part_58__2021_10_19,Part 58,2021-10-19,24,19,36,17,0,0
part_58__2021_10_20,Part 58,2021-10-20,22,36,17,0,0,17
part_58__2021_10_21,Part 58,2021-10-21,26,39,0,0,6,32
part_58__2021_10_22,Part 58,2021-10-22,34,0,0,70,62,37
part_58__2021_10_23,Part 58,2021-10-23,34,0,0,70,62,37
part_58__2021_10_24,Part 58,2021-10-24,34,0,0,70,62,37
part_58__2021_10_25,Part 58,2021-10-25,12,51,37,31,16,0
part_58__2021_10_26,Part 58,2021-10-26,53,35,34,16,0,0
part_58__2021_10_27,Part 58,2021-10-27,53,29,19,0,0,60
part_58__2021_10_28,Part 58,2021-10-28,44,29,0,0,57,32
part_58__2021_10_29,Part 58,2021-10-29,47,0,0,54,33,30
part_58__2021_10_30,Part 58,2021-10-30,47,0,0,54,33,30
part_58__2021_11_01,Part 58,2021-11-01,67,35,30,39,21,28
part_59__2021_09_13,Part 59,2021-09-13,31,39,88,40,42,50
part_59__2021_09_14,Part 59,2021-09-14,38,93,41,42,0,0
part_59__2021_09_15,Part 59,2021-09-15,94,34,42,0,0,61
part_59__2021_09_16,Part 59,2021-09-16,48,42,0,0,58,25
part_59__2021_09_17,Part 59,2021-09-17,50,0,0,0,0,0
part_59__2021_09_18,Part 59,2021-09-18,50,0,0,0,0,0
part_59__2021_09_19,Part 59,2021-09-19,50,0,0,0,0,0
part_59__2021_09_20,Part 59,2021-09-20,50,0,0,0,0,0
part_59__2021_09_21,Part 59,2021-09-21,50,0,0,0,0,0
part_59__2021_09_22,Part 59,2021-09-22,50,0,0,0,0,0
part_59__2021_09_23,Part 59,2021-09-23,50,0,0,0,0,0
part_59__2021_09_24,Part 59,2021-09-24,50,0,0,0,0,0
part_59__2021_09_25,Part 59,2021-09-25,50,0,0,0,0,0
part_59__2021_09_26,Part 59,2021-09-26,50,0,0,0,0,0
part_59__2021_09_27,Part 59,2021-09-27,14,59,33,16,18,19
part_59__2021_09_28,Part 59,2021-09-28,38,49,24,21,0,0
part_59__2021_09_29,Part 59,2021-09-29,66,26,27,0,0,21
part_59__2021_09_30,Part 59,2021-09-30,41,27,0,0,26,2
part_59__2021_10_01,Part 59,2021-10-01,29,0,0,19,13,4
part_59__2021_10_02,Part 59,2021-10-02,0,0,27,12,7,21
part_59__2021_10_03,Part 59,2021-10-03,0,0,27,12,7,21
part_59__2021_10_04,Part 59,2021-10-04,27,12,7,21,20,19
part_59__2021_10_05,Part 59,2021-10-05,12,11,2,1,0,0
part_59__2021_10_06,Part 59,2021-10-06,11,2,1,0,0,0
part_59__2021_10_07,Part 59,2021-10-07,3,1,0,0,0,15
part_59__2021_10_08,Part 59,2021-10-08,4,0,0,0,13,16
part_59__2021_10_09,Part 59,2021-10-09,4,0,0,0,13,16
part_59__2021_10_10,Part 59,2021-10-10,4,0,0,0,13,16
part_59__2021_10_11,Part 59,2021-10-11,4,0,0,0,13,16
part_59__2021_10_12,Part 59,2021-10-12,15,16,21,21,0,0
part_59__2021_10_13,Part 59,2021-10-13,22,19,24,0,0,24
part_59__2021_10_14,Part 59,2021-10-14,24,20,0,0,26,26
part_59__2021_10_15,Part 59,2021-10-15,29,0,0,21,30,20
part_59__2021_10_16,Part 59,2021-10-16,0,0,25,29,21,23
part_59__2021_10_17,Part 59,2021-10-17,0,0,25,29,21,23
part_59__2021_10_18,Part 59,2021-10-18,25,29,21,23,22,22
part_59__2021_10_19,Part 59,2021-10-19,26,23,23,25,0,0
part_59__2021_10_20,Part 59,2021-10-20,25,22,26,0,0,23
part_59__2021_10_21,Part 59,2021-10-21,30,20,0,0,24,24
part_59__2021_10_22,Part 59,2021-10-22,25,0,0,43,67,26
part_59__2021_10_23,Part 59,2021-10-23,25,0,0,43,67,26
part_59__2021_10_24,Part 59,2021-10-24,25,0,0,43,67,26
part_59__2021_10_25,Part 59,2021-10-25,29,16,26,30,18,0
part_59__2021_10_26,Part 59,2021-10-26,26,30,28,18,0,0
part_59__2021_10_27,Part 59,2021-10-27,40,28,17,0,0,27
part_59__2021_10_28,Part 59,2021-10-28,47,21,0,0,28,25
part_59__2021_10_29,Part 59,2021-10-29,42,0,0,23,22,27
part_59__2021_10_30,Part 59,2021-10-30,42,0,0,23,22,27
part_59__2021_11_01,Part 59,2021-11-01,48,29,19,34,40,19
part_6__2021_09_13,Part 6,2021-09-13,108,82,83,88,86,0
part_6__2021_09_14,Part 6,2021-09-14,106,85,86,88,0,0
part_6__2021_09_15,Part 6,2021-09-15,113,77,77,0,0,81
part_6__2021_09_16,Part 6,2021-09-16,109,83,0,0,84,86
part_6__2021_09_17,Part 6,2021-09-17,117,0,0,0,0,0
part_6__2021_09_18,Part 6,2021-09-18,117,0,0,0,0,0
part_6__2021_09_19,Part 6,2021-09-19,117,0,0,0,0,0
part_6__2021_09_20,Part 6,2021-09-20,117,0,0,0,0,0
part_6__2021_09_21,Part 6,2021-09-21,117,0,0,0,0,0
part_6__2021_09_22,Part 6,2021-09-22,117,0,0,0,0,0
part_6__2021_09_23,Part 6,2021-09-23,117,0,0,0,0,0
part_6__2021_09_24,Part 6,2021-09-24,117,0,0,0,0,0
part_6__2021_09_25,Part 6,2021-09-25,117,0,0,0,0,0
part_6__2021_09_26,Part 6,2021-09-26,117,0,0,0,0,0
part_6__2021_09_27,Part 6,2021-09-27,141,96,85,88,97,97
part_6__2021_09_28,Part 6,2021-09-28,133,86,82,93,0,0
part_6__2021_09_29,Part 6,2021-09-29,135,70,89,0,0,90
part_6__2021_09_30,Part 6,2021-09-30,119,82,0,0,87,84
part_6__2021_10_01,Part 6,2021-10-01,113,0,0,88,85,87
part_6__2021_10_02,Part 6,2021-10-02,0,0,111,88,84,89
part_6__2021_10_03,Part 6,2021-10-03,0,0,111,88,84,89
part_6__2021_10_04,Part 6,2021-10-04,111,88,84,90,87,85
part_6__2021_10_05,Part 6,2021-10-05,114,88,87,85,87,0
part_6__2021_10_06,Part 6,2021-10-06,119,89,84,84,0,0
part_6__2021_10_07,Part 6,2021-10-07,119,81,85,0,0,87
part_6__2021_10_08,Part 6,2021-10-08,115,82,0,0,86,94
part_6__2021_10_09,Part 6,2021-10-09,115,82,0,0,86,94
part_6__2021_10_10,Part 6,2021-10-10,115,82,0,0,86,94
part_6__2021_10_11,Part 6,2021-10-11,115,82,0,0,86,94
part_6__2021_10_12,Part 6,2021-10-12,96,84,89,86,87,0
part_6__2021_10_13,Part 6,2021-10-13,96,91,98,96,0,90
part_6__2021_10_14,Part 6,2021-10-14,107,97,93,0,94,96
part_6__2021_10_15,Part 6,2021-10-15,122,83,0,86,86,86
part_6__2021_10_16,Part 6,2021-10-16,116,0,84,82,83,88
part_6__2021_10_17,Part 6,2021-10-17,116,0,84,82,83,88
part_6__2021_10_18,Part 6,2021-10-18,104,83,83,88,87,91
part_6__2021_10_19,Part 6,2021-10-19,97,89,86,84,92,0
part_6__2021_10_20,Part 6,2021-10-20,100,85,81,86,0,78
part_6__2021_10_21,Part 6,2021-10-21,102,83,86,0,86,95
part_6__2021_10_22,Part 6,2021-10-22,109,81,0,84,86,90
part_6__2021_10_23,Part 6,2021-10-23,109,81,0,84,86,90
part_6__2021_10_24,Part 6,2021-10-24,109,81,0,84,86,90
part_6__2021_10_25,Part 6,2021-10-25,103,76,86,90,86,83
part_6__2021_10_26,Part 6,2021-10-26,90,78,90,87,81,0
part_6__2021_10_27,Part 6,2021-10-27,110,76,92,86,0,90
part_6__2021_10_28,Part 6,2021-10-28,104,82,90,0,90,84
part_6__2021_10_29,Part 6,2021-10-29,96,76,0,79,83,89
part_6__2021_10_30,Part 6,2021-10-30,96,76,0,79,83,89
part_6__2021_11_01,Part 6,2021-11-01,99,82,96,92,91,85
part_60__2021_09_13,Part 60,2021-09-13,898,796,856,832,832,832
part_60__2021_09_14,Part 60,2021-09-14,932,843,878,872,0,0
part_60__2021_09_15,Part 60,2021-09-15,961,852,885,0,0,837
part_60__2021_09_16,Part 60,2021-09-16,1043,883,0,0,827,851
part_60__2021_09_17,Part 60,2021-09-17,1124,0,0,0,0,0
part_60__2021_09_18,Part 60,2021-09-18,1124,0,0,0,0,0
part_60__2021_09_19,Part 60,2021-09-19,1124,0,0,0,0,0
part_60__2021_09_20,Part 60,2021-09-20,1124,0,0,0,0,0
part_60__2021_09_21,Part 60,2021-09-21,1124,0,0,0,0,0
part_60__2021_09_22,Part 60,2021-09-22,1124,0,0,0,0,0
part_60__2021_09_23,Part 60,2021-09-23,1124,0,0,0,0,0
part_60__2021_09_24,Part 60,2021-09-24,1124,0,0,0,0,0
part_60__2021_09_25,Part 60,2021-09-25,1124,0,0,0,0,0
part_60__2021_09_26,Part 60,2021-09-26,1124,0,0,0,0,0
part_60__2021_09_27,Part 60,2021-09-27,1004,859,785,682,695,671
part_60__2021_09_28,Part 60,2021-09-28,1086,806,650,632,0,0
part_60__2021_09_29,Part 60,2021-09-29,1131,724,623,0,0,635
part_60__2021_09_30,Part 60,2021-09-30,1013,706,0,0,718,721
part_60__2021_10_01,Part 60,2021-10-01,855,0,0,647,655,654
part_60__2021_10_02,Part 60,2021-10-02,0,0,860,706,681,663
part_60__2021_10_03,Part 60,2021-10-03,0,0,860,706,681,663
part_60__2021_10_04,Part 60,2021-10-04,860,706,681,663,670,653
part_60__2021_10_05,Part 60,2021-10-05,590,353,358,323,0,0
part_60__2021_10_06,Part 60,2021-10-06,656,357,321,0,0,0
part_60__2021_10_07,Part 60,2021-10-07,689,312,0,0,0,686
part_60__2021_10_08,Part 60,2021-10-08,636,0,0,0,662,674
part_60__2021_10_09,Part 60,2021-10-09,636,0,0,0,662,674
part_60__2021_10_10,Part 60,2021-10-10,636,0,0,0,662,674
part_60__2021_10_11,Part 60,2021-10-11,636,0,0,0,662,674
part_60__2021_10_12,Part 60,2021-10-12,929,679,645,642,0,0
part_60__2021_10_13,Part 60,2021-10-13,828,662,653,0,0,658
part_60__2021_10_14,Part 60,2021-10-14,784,672,0,0,648,665
part_60__2021_10_15,Part 60,2021-10-15,759,0,0,675,665,665
part_60__2021_10_16,Part 60,2021-10-16,0,0,798,670,656,670
part_60__2021_10_17,Part 60,2021-10-17,0,0,798,670,656,670
part_60__2021_10_18,Part 60,2021-10-18,798,670,656,670,704,672
part_60__2021_10_19,Part 60,2021-10-19,729,667,665,707,0,0
part_60__2021_10_20,Part 60,2021-10-20,763,677,707,0,0,671
part_60__2021_10_21,Part 60,2021-10-21,743,694,0,0,677,671
part_60__2021_10_22,Part 60,2021-10-22,732,0,0,539,523,549
part_60__2021_10_23,Part 60,2021-10-23,732,0,0,539,523,549
part_60__2021_10_24,Part 60,2021-10-24,732,0,0,539,523,549
part_60__2021_10_25,Part 60,2021-10-25,329,267,252,260,308,0
part_60__2021_10_26,Part 60,2021-10-26,355,252,261,336,0,0
part_60__2021_10_27,Part 60,2021-10-27,372,257,346,0,0,730
part_60__2021_10_28,Part 60,2021-10-28,357,358,0,0,865,863
part_60__2021_10_29,Part 60,2021-10-29,456,0,0,761,828,821
part_60__2021_10_30,Part 60,2021-10-30,456,0,0,761,828,821
part_60__2021_11_01,Part 60,2021-11-01,938,804,812,815,715,770
part_61__2021_09_13,Part 61,2021-09-13,65,58,49,52,53,53
part_61__2021_09_14,Part 61,2021-09-14,67,52,53,53,0,0
part_61__2021_09_15,Part 61,2021-09-15,60,49,20,0,0,58
part_61__2021_09_16,Part 61,2021-09-16,59,20,0,0,58,55
part_61__2021_09_17,Part 61,2021-09-17,40,0,0,0,0,0
part_61__2021_09_18,Part 61,2021-09-18,40,0,0,0,0,0
part_61__2021_09_19,Part 61,2021-09-19,40,0,0,0,0,0
part_61__2021_09_20,Part 61,2021-09-20,40,0,0,0,0,0
part_61__2021_09_21,Part 61,2021-09-21,40,0,0,0,0,0
part_61__2021_09_22,Part 61,2021-09-22,40,0,0,0,0,0
part_61__2021_09_23,Part 61,2021-09-23,40,0,0,0,0,0
part_61__2021_09_24,Part 61,2021-09-24,40,0,0,0,0,0
part_61__2021_09_25,Part 61,2021-09-25,40,0,0,0,0,0
part_61__2021_09_26,Part 61,2021-09-26,40,0,0,0,0,0
part_61__2021_09_27,Part 61,2021-09-27,27,4,0,45,49,62
part_61__2021_09_28,Part 61,2021-09-28,9,0,45,72,0,0
part_61__2021_09_29,Part 61,2021-09-29,3,53,66,0,0,70
part_61__2021_09_30,Part 61,2021-09-30,43,81,0,0,68,67
part_61__2021_10_01,Part 61,2021-10-01,74,0,0,68,60,76
part_61__2021_10_02,Part 61,2021-10-02,0,0,72,33,46,67
part_61__2021_10_03,Part 61,2021-10-03,0,0,72,33,46,67
part_61__2021_10_04,Part 61,2021-10-04,72,33,46,67,63,70
part_61__2021_10_05,Part 61,2021-10-05,44,16,14,5,0,0
part_61__2021_10_06,Part 61,2021-10-06,29,13,6,0,0,0
part_61__2021_10_07,Part 61,2021-10-07,23,18,0,0,0,32
part_61__2021_10_08,Part 61,2021-10-08,28,0,0,0,58,48
part_61__2021_10_09,Part 61,2021-10-09,28,0,0,0,58,48
part_61__2021_10_10,Part 61,2021-10-10,28,0,0,0,58,48
part_61__2021_10_11,Part 61,2021-10-11,28,0,0,0,58,48
part_61__2021_10_12,Part 61,2021-10-12,71,50,67,87,0,0
part_61__2021_10_13,Part 61,2021-10-13,71,53,74,0,0,70
part_61__2021_10_14,Part 61,2021-10-14,79,55,0,0,81,56
part_61__2021_10_15,Part 61,2021-10-15,88,0,0,58,58,58
part_61__2021_10_16,Part 61,2021-10-16,0,0,81,52,52,21
part_61__2021_10_17,Part 61,2021-10-17,0,0,81,52,52,21
part_61__2021_10_18,Part 61,2021-10-18,81,52,52,21,16,64
part_61__2021_10_19,Part 61,2021-10-19,74,44,27,9,0,0
part_61__2021_10_20,Part 61,2021-10-20,65,14,8,0,0,65
part_61__2021_10_21,Part 61,2021-10-21,26,14,0,0,57,61
part_61__2021_10_22,Part 61,2021-10-22,18,0,0,73,81,91
part_61__2021_10_23,Part 61,2021-10-23,18,0,0,73,81,91
part_61__2021_10_24,Part 61,2021-10-24,18,0,0,73,81,91
part_61__2021_10_25,Part 61,2021-10-25,40,27,41,34,51,0
part_61__2021_10_26,Part 61,2021-10-26,39,38,30,64,0,0
part_61__2021_10_27,Part 61,2021-10-27,50,34,58,0,0,116
part_61__2021_10_28,Part 61,2021-10-28,51,51,0,0,108,54
part_61__2021_10_29,Part 61,2021-10-29,60,0,0,92,29,22
part_61__2021_10_30,Part 61,2021-10-30,60,0,0,92,29,22
part_61__2021_11_01,Part 61,2021-11-01,110,33,22,25,98,78
part_62__2021_09_13,Part 62,2021-09-13,90,64,64,96,96,96
part_62__2021_09_14,Part 62,2021-09-14,73,64,32,8,0,0
part_62__2021_09_15,Part 62,2021-09-15,71,24,5,0,0,0
part_62__2021_09_16,Part 62,2021-09-16,32,5,0,0,0,0
part_62__2021_09_17,Part 62,2021-09-17,10,0,0,0,0,0
part_62__2021_09_18,Part 62,2021-09-18,10,0,0,0,0,0
part_62__2021_09_19,Part 62,2021-09-19,10,0,0,0,0,0
part_62__2021_09_20,Part 62,2021-09-20,10,0,0,0,0,0
part_62__2021_09_21,Part 62,2021-09-21,10,0,0,0,0,0
part_62__2021_09_22,Part 62,2021-09-22,10,0,0,0,0,0
part_62__2021_09_23,Part 62,2021-09-23,10,0,0,0,0,0
part_62__2021_09_24,Part 62,2021-09-24,10,0,0,0,0,0
part_62__2021_09_25,Part 62,2021-09-25,10,0,0,0,0,0
part_62__2021_09_26,Part 62,2021-09-26,10,0,0,0,0,0
part_62__2021_09_27,Part 62,2021-09-27,16,16,16,126,126,126
part_62__2021_09_28,Part 62,2021-09-28,16,16,126,126,0,0
part_62__2021_09_29,Part 62,2021-09-29,8,8,126,0,0,126
part_62__2021_09_30,Part 62,2021-09-30,8,16,0,0,16,16
part_62__2021_10_01,Part 62,2021-10-01,0,0,0,0,0,126
part_62__2021_10_02,Part 62,2021-10-02,0,0,0,0,126,126
part_62__2021_10_03,Part 62,2021-10-03,0,0,0,0,126,126
part_62__2021_10_04,Part 62,2021-10-04,0,0,126,126,126,126
part_62__2021_10_05,Part 62,2021-10-05,0,0,0,64,0,0
part_62__2021_10_06,Part 62,2021-10-06,0,0,64,0,0,0
part_62__2021_10_07,Part 62,2021-10-07,22,80,0,0,0,126
part_62__2021_10_08,Part 62,2021-10-08,90,0,0,0,130,130
part_62__2021_10_09,Part 62,2021-10-09,90,0,0,0,130,130
part_62__2021_10_10,Part 62,2021-10-10,90,0,0,0,130,130
part_62__2021_10_11,Part 62,2021-10-11,90,0,0,0,130,130
part_62__2021_10_12,Part 62,2021-10-12,166,130,130,130,0,0
part_62__2021_10_13,Part 62,2021-10-13,142,130,130,0,0,126
part_62__2021_10_14,Part 62,2021-10-14,145,130,0,0,126,126
part_62__2021_10_15,Part 62,2021-10-15,136,0,0,126,126,126
part_62__2021_10_16,Part 62,2021-10-16,0,0,146,128,128,128
part_62__2021_10_17,Part 62,2021-10-17,0,0,146,128,128,128
part_62__2021_10_18,Part 62,2021-10-18,146,128,128,128,128,128
part_62__2021_10_19,Part 62,2021-10-19,141,128,128,128,0,0
part_62__2021_10_20,Part 62,2021-10-20,156,128,128,0,0,128
part_62__2021_10_21,Part 62,2021-10-21,144,128,0,0,128,128
part_62__2021_10_22,Part 62,2021-10-22,155,0,0,128,128,128
part_62__2021_10_23,Part 62,2021-10-23,155,0,0,128,128,128
part_62__2021_10_24,Part 62,2021-10-24,155,0,0,128,128,128
part_62__2021_10_25,Part 62,2021-10-25,145,128,128,128,128,0
part_62__2021_10_26,Part 62,2021-10-26,163,128,128,128,0,0
part_62__2021_10_27,Part 62,2021-10-27,166,128,128,0,0,77
part_62__2021_10_28,Part 62,2021-10-28,164,128,0,0,77,77
part_62__2021_10_29,Part 62,2021-10-29,170,0,0,77,77,77
part_62__2021_10_30,Part 62,2021-10-30,170,0,0,77,77,77
part_62__2021_11_01,Part 62,2021-11-01,100,77,77,77,77,77
part_63__2021_09_13,Part 63,2021-09-13,216,194,101,94,84,107
part_63__2021_09_14,Part 63,2021-09-14,218,111,143,141,0,0
part_63__2021_09_15,Part 63,2021-09-15,137,140,113,0,0,189
part_63__2021_09_16,Part 63,2021-09-16,157,114,0,0,187,210
part_63__2021_09_17,Part 63,2021-09-17,132,0,0,0,0,0
part_63__2021_09_18,Part 63,2021-09-18,132,0,0,0,0,0
part_63__2021_09_19,Part 63,2021-09-19,132,0,0,0,0,0
part_63__2021_09_20,Part 63,2021-09-20,132,0,0,0,0,0
part_63__2021_09_21,Part 63,2021-09-21,132,0,0,0,0,0
part_63__2021_09_22,Part 63,2021-09-22,132,0,0,0,0,0
part_63__2021_09_23,Part 63,2021-09-23,132,0,0,0,0,0
part_63__2021_09_24,Part 63,2021-09-24,132,0,0,0,0,0
part_63__2021_09_25,Part 63,2021-09-25,132,0,0,0,0,0
part_63__2021_09_26,Part 63,2021-09-26,132,0,0,0,0,0
part_63__2021_09_27,Part 63,2021-09-27,93,0,64,264,241,216
part_63__2021_09_28,Part 63,2021-09-28,23,58,263,242,0,0
part_63__2021_09_29,Part 63,2021-09-29,66,256,287,0,0,223
part_63__2021_09_30,Part 63,2021-09-30,277,270,0,0,252,245
part_63__2021_10_01,Part 63,2021-10-01,275,0,0,235,221,223
part_63__2021_10_02,Part 63,2021-10-02,0,0,270,178,186,206
part_63__2021_10_03,Part 63,2021-10-03,0,0,270,178,186,206
part_63__2021_10_04,Part 63,2021-10-04,270,178,186,206,199,205
part_63__2021_10_05,Part 63,2021-10-05,165,97,72,142,0,0
part_63__2021_10_06,Part 63,2021-10-06,152,77,136,0,0,0
part_63__2021_10_07,Part 63,2021-10-07,123,128,0,0,0,205
part_63__2021_10_08,Part 63,2021-10-08,147,0,0,0,208,204
part_63__2021_10_09,Part 63,2021-10-09,147,0,0,0,208,204
part_63__2021_10_10,Part 63,2021-10-10,147,0,0,0,208,204
part_63__2021_10_11,Part 63,2021-10-11,147,0,0,0,208,204
part_63__2021_10_12,Part 63,2021-10-12,283,205,208,199,0,0
part_63__2021_10_13,Part 63,2021-10-13,229,207,201,0,0,202
part_63__2021_10_14,Part 63,2021-10-14,219,198,0,0,201,214
part_63__2021_10_15,Part 63,2021-10-15,213,0,0,194,211,241
part_63__2021_10_16,Part 63,2021-10-16,0,0,215,210,240,230
part_63__2021_10_17,Part 63,2021-10-17,0,0,215,210,240,230
part_63__2021_10_18,Part 63,2021-10-18,215,210,240,230,241,245
part_63__2021_10_19,Part 63,2021-10-19,227,233,235,237,0,0
part_63__2021_10_20,Part 63,2021-10-20,271,237,237,0,0,210
part_63__2021_10_21,Part 63,2021-10-21,264,235,0,0,218,196
part_63__2021_10_22,Part 63,2021-10-22,276,0,0,281,249,266
part_63__2021_10_23,Part 63,2021-10-23,276,0,0,281,249,266
part_63__2021_10_24,Part 63,2021-10-24,276,0,0,281,249,266
part_63__2021_10_25,Part 63,2021-10-25,267,197,208,211,176,0
part_63__2021_10_26,Part 63,2021-10-26,234,211,217,157,0,0
part_63__2021_10_27,Part 63,2021-10-27,270,215,154,0,0,186
part_63__2021_10_28,Part 63,2021-10-28,274,135,0,0,56,106
part_63__2021_10_29,Part 63,2021-10-29,208,0,0,57,21,29
part_63__2021_10_30,Part 63,2021-10-30,208,0,0,57,21,29
part_63__2021_11_01,Part 63,2021-11-01,141,123,134,128,154,185
part_64__2021_09_13,Part 64,2021-09-13,16,21,49,33,44,23
part_64__2021_09_14,Part 64,2021-09-14,23,48,31,48,0,0
part_64__2021_09_15,Part 64,2021-09-15,48,32,36,0,0,46
part_64__2021_09_16,Part 64,2021-09-16,37,36,0,0,46,15
part_64__2021_09_17,Part 64,2021-09-17,37,0,0,0,0,0
part_64__2021_09_18,Part 64,2021-09-18,37,0,0,0,0,0
part_64__2021_09_19,Part 64,2021-09-19,37,0,0,0,0,0
part_64__2021_09_20,Part 64,2021-09-20,37,0,0,0,0,0
part_64__2021_09_21,Part 64,2021-09-21,37,0,0,0,0,0
part_64__2021_09_22,Part 64,2021-09-22,37,0,0,0,0,0
part_64__2021_09_23,Part 64,2021-09-23,37,0,0,0,0,0
part_64__2021_09_24,Part 64,2021-09-24,37,0,0,0,0,0
part_64__2021_09_25,Part 64,2021-09-25,37,0,0,0,0,0
part_64__2021_09_26,Part 64,2021-09-26,37,0,0,0,0,0
part_64__2021_09_27,Part 64,2021-09-27,10,0,0,1,24,50
part_64__2021_09_28,Part 64,2021-09-28,6,0,1,23,0,0
part_64__2021_09_29,Part 64,2021-09-29,6,1,27,0,0,53
part_64__2021_09_30,Part 64,2021-09-30,4,20,0,0,52,59
part_64__2021_10_01,Part 64,2021-10-01,5,0,0,36,52,52
part_64__2021_10_02,Part 64,2021-10-02,0,0,34,50,51,47
part_64__2021_10_03,Part 64,2021-10-03,0,0,34,50,51,47
part_64__2021_10_04,Part 64,2021-10-04,34,50,51,47,44,46
part_64__2021_10_05,Part 64,2021-10-05,29,24,24,38,0,0
part_64__2021_10_06,Part 64,2021-10-06,38,24,38,0,0,0
part_64__2021_10_07,Part 64,2021-10-07,35,36,0,0,0,48
part_64__2021_10_08,Part 64,2021-10-08,40,0,0,0,50,46
part_64__2021_10_09,Part 64,2021-10-09,40,0,0,0,50,46
part_64__2021_10_10,Part 64,2021-10-10,40,0,0,0,50,46
part_64__2021_10_11,Part 64,2021-10-11,40,0,0,0,50,46
part_64__2021_10_12,Part 64,2021-10-12,73,46,43,52,0,0
part_64__2021_10_13,Part 64,2021-10-13,53,43,50,0,0,49
part_64__2021_10_14,Part 64,2021-10-14,47,47,0,0,50,37
part_64__2021_10_15,Part 64,2021-10-15,48,0,0,48,39,10
part_64__2021_10_16,Part 64,2021-10-16,0,0,51,40,12,35
part_64__2021_10_17,Part 64,2021-10-17,0,0,51,40,12,35
part_64__2021_10_18,Part 64,2021-10-18,51,40,12,35,48,5
part_64__2021_10_19,Part 64,2021-10-19,45,18,26,48,0,0
part_64__2021_10_20,Part 64,2021-10-20,25,25,47,0,0,49
part_64__2021_10_21,Part 64,2021-10-21,19,46,0,0,50,52
part_64__2021_10_22,Part 64,2021-10-22,52,0,0,55,64,48
part_64__2021_10_23,Part 64,2021-10-23,52,0,0,55,64,48
part_64__2021_10_24,Part 64,2021-10-24,52,0,0,55,64,48
part_64__2021_10_25,Part 64,2021-10-25,45,51,45,41,42,0
part_64__2021_10_26,Part 64,2021-10-26,56,46,41,35,0,0
part_64__2021_10_27,Part 64,2021-10-27,63,43,33,0,0,40
part_64__2021_10_28,Part 64,2021-10-28,51,37,0,0,41,12
part_64__2021_10_29,Part 64,2021-10-29,53,0,0,36,15,0
part_64__2021_10_30,Part 64,2021-10-30,53,0,0,36,15,0
part_64__2021_11_01,Part 64,2021-11-01,46,23,13,19,37,38
part_65__2021_09_13,Part 65,2021-09-13,422,361,349,346,345,344
part_65__2021_09_14,Part 65,2021-09-14,420,355,336,330,0,0
part_65__2021_09_15,Part 65,2021-09-15,401,325,321,0,0,316
part_65__2021_09_16,Part 65,2021-09-16,385,322,0,0,327,330
part_65__2021_09_17,Part 65,2021-09-17,384,0,0,0,0,0
part_65__2021_09_18,Part 65,2021-09-18,384,0,0,0,0,0
part_65__2021_09_19,Part 65,2021-09-19,384,0,0,0,0,0
part_65__2021_09_20,Part 65,2021-09-20,384,0,0,0,0,0
part_65__2021_09_21,Part 65,2021-09-21,384,0,0,0,0,0
part_65__2021_09_22,Part 65,2021-09-22,384,0,0,0,0,0
part_65__2021_09_23,Part 65,2021-09-23,384,0,0,0,0,0
part_65__2021_09_24,Part 65,2021-09-24,384,0,0,0,0,0
part_65__2021_09_25,Part 65,2021-09-25,384,0,0,0,0,0
part_65__2021_09_26,Part 65,2021-09-26,384,0,0,0,0,0
part_65__2021_09_27,Part 65,2021-09-27,404,366,385,308,301,301
part_65__2021_09_28,Part 65,2021-09-28,422,385,344,336,0,0
part_65__2021_09_29,Part 65,2021-09-29,483,389,335,0,0,339
part_65__2021_09_30,Part 65,2021-09-30,482,382,0,0,378,378
part_65__2021_10_01,Part 65,2021-10-01,452,0,0,345,345,346
part_65__2021_10_02,Part 65,2021-10-02,0,0,429,359,358,346
part_65__2021_10_03,Part 65,2021-10-03,0,0,429,359,358,346
part_65__2021_10_04,Part 65,2021-10-04,429,359,358,346,355,345
part_65__2021_10_05,Part 65,2021-10-05,279,184,182,163,0,0
part_65__2021_10_06,Part 65,2021-10-06,290,185,166,0,0,0
part_65__2021_10_07,Part 65,2021-10-07,281,169,0,0,0,354
part_65__2021_10_08,Part 65,2021-10-08,264,0,0,0,349,352
part_65__2021_10_09,Part 65,2021-10-09,264,0,0,0,349,352
part_65__2021_10_10,Part 65,2021-10-10,264,0,0,0,349,352
part_65__2021_10_11,Part 65,2021-10-11,264,0,0,0,349,352
part_65__2021_10_12,Part 65,2021-10-12,432,345,345,345,0,0
part_65__2021_10_13,Part 65,2021-10-13,393,345,345,0,0,345
part_65__2021_10_14,Part 65,2021-10-14,393,348,0,0,345,345
part_65__2021_10_15,Part 65,2021-10-15,411,0,0,351,345,344
part_65__2021_10_16,Part 65,2021-10-16,0,0,415,345,358,374
part_65__2021_10_17,Part 65,2021-10-17,0,0,415,345,358,374
part_65__2021_10_18,Part 65,2021-10-18,415,345,358,374,353,337
part_65__2021_10_19,Part 65,2021-10-19,394,355,373,357,0,0
part_65__2021_10_20,Part 65,2021-10-20,426,373,358,0,0,338
part_65__2021_10_21,Part 65,2021-10-21,401,364,0,0,340,335
part_65__2021_10_22,Part 65,2021-10-22,408,0,0,387,395,352
part_65__2021_10_23,Part 65,2021-10-23,408,0,0,387,395,352
part_65__2021_10_24,Part 65,2021-10-24,408,0,0,387,395,352
part_65__2021_10_25,Part 65,2021-10-25,229,192,192,192,174,0
part_65__2021_10_26,Part 65,2021-10-26,306,190,189,164,0,0
part_65__2021_10_27,Part 65,2021-10-27,313,189,166,0,0,334
part_65__2021_10_28,Part 65,2021-10-28,323,171,0,0,334,363
part_65__2021_10_29,Part 65,2021-10-29,294,0,0,313,338,341
part_65__2021_10_30,Part 65,2021-10-30,294,0,0,313,338,341
part_65__2021_11_01,Part 65,2021-11-01,452,341,340,342,328,336
part_66__2021_09_13,Part 66,2021-09-13,898,796,856,832,832,832
part_66__2021_09_14,Part 66,2021-09-14,932,843,878,872,0,0
part_66__2021_09_15,Part 66,2021-09-15,961,852,885,0,0,837
part_66__2021_09_16,Part 66,2021-09-16,1043,883,0,0,827,851
part_66__2021_09_17,Part 66,2021-09-17,1124,0,0,0,0,0
part_66__2021_09_18,Part 66,2021-09-18,1124,0,0,0,0,0
part_66__2021_09_19,Part 66,2021-09-19,1124,0,0,0,0,0
part_66__2021_09_20,Part 66,2021-09-20,1124,0,0,0,0,0
part_66__2021_09_21,Part 66,2021-09-21,1124,0,0,0,0,0
part_66__2021_09_22,Part 66,2021-09-22,1124,0,0,0,0,0
part_66__2021_09_23,Part 66,2021-09-23,1124,0,0,0,0,0
part_66__2021_09_24,Part 66,2021-09-24,1124,0,0,0,0,0
part_66__2021_09_25,Part 66,2021-09-25,1124,0,0,0,0,0
part_66__2021_09_26,Part 66,2021-09-26,1124,0,0,0,0,0
part_66__2021_09_27,Part 66,2021-09-27,1004,859,785,682,695,671
part_66__2021_09_28,Part 66,2021-09-28,1086,806,650,632,0,0
part_66__2021_09_29,Part 66,2021-09-29,1131,724,623,0,0,635
part_66__2021_09_30,Part 66,2021-09-30,1013,706,0,0,718,721
part_66__2021_10_01,Part 66,2021-10-01,855,0,0,647,655,654
part_66__2021_10_02,Part 66,2021-10-02,0,0,860,706,681,663
part_66__2021_10_03,Part 66,2021-10-03,0,0,860,706,681,663
part_66__2021_10_04,Part 66,2021-10-04,860,706,681,663,670,653
part_66__2021_10_05,Part 66,2021-10-05,590,353,358,323,0,0
part_66__2021_10_06,Part 66,2021-10-06,656,357,321,0,0,0
part_66__2021_10_07,Part 66,2021-10-07,689,312,0,0,0,686
part_66__2021_10_08,Part 66,2021-10-08,636,0,0,0,662,674
part_66__2021_10_09,Part 66,2021-10-09,636,0,0,0,662,674
part_66__2021_10_10,Part 66,2021-10-10,636,0,0,0,662,674
part_66__2021_10_11,Part 66,2021-10-11,636,0,0,0,662,674
part_66__2021_10_12,Part 66,2021-10-12,929,679,645,642,0,0
part_66__2021_10_13,Part 66,2021-10-13,828,662,653,0,0,658
part_66__2021_10_14,Part 66,2021-10-14,784,672,0,0,648,665
part_66__2021_10_15,Part 66,2021-10-15,759,0,0,675,665,665
part_66__2021_10_16,Part 66,2021-10-16,0,0,798,670,656,670
part_66__2021_10_17,Part 66,2021-10-17,0,0,798,670,656,670
part_66__2021_10_18,Part 66,2021-10-18,798,670,656,670,704,672
part_66__2021_10_19,Part 66,2021-10-19,729,667,665,707,0,0
part_66__2021_10_20,Part 66,2021-10-20,763,677,707,0,0,671
part_66__2021_10_21,Part 66,2021-10-21,743,694,0,0,677,671
part_66__2021_10_22,Part 66,2021-10-22,732,0,0,539,523,549
part_66__2021_10_23,Part 66,2021-10-23,732,0,0,539,523,549
part_66__2021_10_24,Part 66,2021-10-24,732,0,0,539,523,549
part_66__2021_10_25,Part 66,2021-10-25,329,267,252,260,308,0
part_66__2021_10_26,Part 66,2021-10-26,355,252,261,336,0,0
part_66__2021_10_27,Part 66,2021-10-27,372,257,346,0,0,730
part_66__2021_10_28,Part 66,2021-10-28,357,358,0,0,865,863
part_66__2021_10_29,Part 66,2021-10-29,456,0,0,761,828,821
part_66__2021_10_30,Part 66,2021-10-30,456,0,0,761,828,821
part_66__2021_11_01,Part 66,2021-11-01,938,804,812,815,715,770
part_67__2021_09_13,Part 67,2021-09-13,65,58,49,52,53,53
part_67__2021_09_14,Part 67,2021-09-14,67,52,53,53,0,0
part_67__2021_09_15,Part 67,2021-09-15,60,49,20,0,0,58
part_67__2021_09_16,Part 67,2021-09-16,59,20,0,0,58,55
part_67__2021_09_17,Part 67,2021-09-17,40,0,0,0,0,0
part_67__2021_09_18,Part 67,2021-09-18,40,0,0,0,0,0
part_67__2021_09_19,Part 67,2021-09-19,40,0,0,0,0,0
part_67__2021_09_20,Part 67,2021-09-20,40,0,0,0,0,0
part_67__2021_09_21,Part 67,2021-09-21,40,0,0,0,0,0
part_67__2021_09_22,Part 67,2021-09-22,40,0,0,0,0,0
part_67__2021_09_23,Part 67,2021-09-23,40,0,0,0,0,0
part_67__2021_09_24,Part 67,2021-09-24,40,0,0,0,0,0
part_67__2021_09_25,Part 67,2021-09-25,40,0,0,0,0,0
part_67__2021_09_26,Part 67,2021-09-26,40,0,0,0,0,0
part_67__2021_09_27,Part 67,2021-09-27,27,4,0,45,49,62
part_67__2021_09_28,Part 67,2021-09-28,9,0,45,72,0,0
part_67__2021_09_29,Part 67,2021-09-29,3,53,66,0,0,70
part_67__2021_09_30,Part 67,2021-09-30,43,81,0,0,68,67
part_67__2021_10_01,Part 67,2021-10-01,74,0,0,68,60,76
part_67__2021_10_02,Part 67,2021-10-02,0,0,72,33,46,67
part_67__2021_10_03,Part 67,2021-10-03,0,0,72,33,46,67
part_67__2021_10_04,Part 67,2021-10-04,72,33,46,67,63,70
part_67__2021_10_05,Part 67,2021-10-05,44,16,14,5,0,0
part_67__2021_10_06,Part 67,2021-10-06,29,13,6,0,0,0
part_67__2021_10_07,Part 67,2021-10-07,23,18,0,0,0,32
part_67__2021_10_08,Part 67,2021-10-08,28,0,0,0,58,48
part_67__2021_10_09,Part 67,2021-10-09,28,0,0,0,58,48
part_67__2021_10_10,Part 67,2021-10-10,28,0,0,0,58,48
part_67__2021_10_11,Part 67,2021-10-11,28,0,0,0,58,48
part_67__2021_10_12,Part 67,2021-10-12,71,50,67,87,0,0
part_67__2021_10_13,Part 67,2021-10-13,71,53,74,0,0,70
part_67__2021_10_14,Part 67,2021-10-14,79,55,0,0,81,56
part_67__2021_10_15,Part 67,2021-10-15,88,0,0,58,58,58
part_67__2021_10_16,Part 67,2021-10-16,0,0,81,52,52,21
part_67__2021_10_17,Part 67,2021-10-17,0,0,81,52,52,21
part_67__2021_10_18,Part 67,2021-10-18,81,52,52,21,16,64
part_67__2021_10_19,Part 67,2021-10-19,74,44,27,9,0,0
part_67__2021_10_20,Part 67,2021-10-20,65,14,8,0,0,65
part_67__2021_10_21,Part 67,2021-10-21,26,14,0,0,57,61
part_67__2021_10_22,Part 67,2021-10-22,18,0,0,73,81,91
part_67__2021_10_23,Part 67,2021-10-23,18,0,0,73,81,91
part_67__2021_10_24,Part 67,2021-10-24,18,0,0,73,81,91
part_67__2021_10_25,Part 67,2021-10-25,40,27,41,34,51,0
part_67__2021_10_26,Part 67,2021-10-26,39,38,30,64,0,0
part_67__2021_10_27,Part 67,2021-10-27,50,34,58,0,0,116
part_67__2021_10_28,Part 67,2021-10-28,51,51,0,0,108,54
part_67__2021_10_29,Part 67,2021-10-29,60,0,0,92,29,22
part_67__2021_10_30,Part 67,2021-10-30,60,0,0,92,29,22
part_67__2021_11_01,Part 67,2021-11-01,110,33,22,25,98,78
part_68__2021_09_13,Part 68,2021-09-13,90,64,64,96,96,96
part_68__2021_09_14,Part 68,2021-09-14,73,64,32,8,0,0
part_68__2021_09_15,Part 68,2021-09-15,71,24,5,0,0,0
part_68__2021_09_16,Part 68,2021-09-16,32,5,0,0,0,0
part_68__2021_09_17,Part 68,2021-09-17,10,0,0,0,0,0
part_68__2021_09_18,Part 68,2021-09-18,10,0,0,0,0,0
part_68__2021_09_19,Part 68,2021-09-19,10,0,0,0,0,0
part_68__2021_09_20,Part 68,2021-09-20,10,0,0,0,0,0
part_68__2021_09_21,Part 68,2021-09-21,10,0,0,0,0,0
part_68__2021_09_22,Part 68,2021-09-22,10,0,0,0,0,0
part_68__2021_09_23,Part 68,2021-09-23,10,0,0,0,0,0
part_68__2021_09_24,Part 68,2021-09-24,10,0,0,0,0,0
part_68__2021_09_25,Part 68,2021-09-25,10,0,0,0,0,0
part_68__2021_09_26,Part 68,2021-09-26,10,0,0,0,0,0
part_68__2021_09_27,Part 68,2021-09-27,16,16,16,126,126,126
part_68__2021_09_28,Part 68,2021-09-28,16,16,126,126,0,0
part_68__2021_09_29,Part 68,2021-09-29,8,8,126,0,0,126
part_68__2021_09_30,Part 68,2021-09-30,8,16,0,0,16,16
part_68__2021_10_01,Part 68,2021-10-01,0,0,0,0,0,126
part_68__2021_10_02,Part 68,2021-10-02,0,0,0,0,126,126
part_68__2021_10_03,Part 68,2021-10-03,0,0,0,0,126,126
part_68__2021_10_04,Part 68,2021-10-04,0,0,126,126,126,126
part_68__2021_10_05,Part 68,2021-10-05,0,0,0,64,0,0
part_68__2021_10_06,Part 68,2021-10-06,0,0,64,0,0,0
part_68__2021_10_07,Part 68,2021-10-07,22,80,0,0,0,126
part_68__2021_10_08,Part 68,2021-10-08,90,0,0,0,130,130
part_68__2021_10_09,Part 68,2021-10-09,90,0,0,0,130,130
part_68__2021_10_10,Part 68,2021-10-10,90,0,0,0,130,130
part_68__2021_10_11,Part 68,2021-10-11,90,0,0,0,130,130
part_68__2021_10_12,Part 68,2021-10-12,166,130,130,130,0,0
part_68__2021_10_13,Part 68,2021-10-13,142,130,130,0,0,126
part_68__2021_10_14,Part 68,2021-10-14,145,130,0,0,126,126
part_68__2021_10_15,Part 68,2021-10-15,136,0,0,126,126,126
part_68__2021_10_16,Part 68,2021-10-16,0,0,146,128,128,128
part_68__2021_10_17,Part 68,2021-10-17,0,0,146,128,128,128
part_68__2021_10_18,Part 68,2021-10-18,146,128,128,128,128,128
part_68__2021_10_19,Part 68,2021-10-19,141,128,128,128,0,0
part_68__2021_10_20,Part 68,2021-10-20,156,128,128,0,0,128
part_68__2021_10_21,Part 68,2021-10-21,144,128,0,0,128,128
part_68__2021_10_22,Part 68,2021-10-22,155,0,0,128,128,128
part_68__2021_10_23,Part 68,2021-10-23,155,0,0,128,128,128
part_68__2021_10_24,Part 68,2021-10-24,155,0,0,128,128,128
part_68__2021_10_25,Part 68,2021-10-25,145,128,128,128,128,0
part_68__2021_10_26,Part 68,2021-10-26,163,128,128,128,0,0
part_68__2021_10_27,Part 68,2021-10-27,166,128,128,0,0,77
part_68__2021_10_28,Part 68,2021-10-28,164,128,0,0,77,77
part_68__2021_10_29,Part 68,2021-10-29,170,0,0,77,77,77
part_68__2021_10_30,Part 68,2021-10-30,170,0,0,77,77,77
part_68__2021_11_01,Part 68,2021-11-01,100,77,77,77,77,77
part_69__2021_09_13,Part 69,2021-09-13,216,194,101,94,84,107
part_69__2021_09_14,Part 69,2021-09-14,218,111,143,141,0,0
part_69__2021_09_15,Part 69,2021-09-15,137,140,113,0,0,189
part_69__2021_09_16,Part 69,2021-09-16,157,114,0,0,187,210
part_69__2021_09_17,Part 69,2021-09-17,132,0,0,0,0,0
part_69__2021_09_18,Part 69,2021-09-18,132,0,0,0,0,0
part_69__2021_09_19,Part 69,2021-09-19,132,0,0,0,0,0
part_69__2021_09_20,Part 69,2021-09-20,132,0,0,0,0,0
part_69__2021_09_21,Part 69,2021-09-21,132,0,0,0,0,0
part_69__2021_09_22,Part 69,2021-09-22,132,0,0,0,0,0
part_69__2021_09_23,Part 69,2021-09-23,132,0,0,0,0,0
part_69__2021_09_24,Part 69,2021-09-24,132,0,0,0,0,0
part_69__2021_09_25,Part 69,2021-09-25,132,0,0,0,0,0
part_69__2021_09_26,Part 69,2021-09-26,132,0,0,0,0,0
part_69__2021_09_27,Part 69,2021-09-27,93,0,64,264,241,216
part_69__2021_09_28,Part 69,2021-09-28,23,58,263,242,0,0
part_69__2021_09_29,Part 69,2021-09-29,66,256,287,0,0,223
part_69__2021_09_30,Part 69,2021-09-30,277,270,0,0,252,245
part_69__2021_10_01,Part 69,2021-10-01,275,0,0,235,221,223
part_69__2021_10_02,Part 69,2021-10-02,0,0,270,178,186,206
part_69__2021_10_03,Part 69,2021-10-03,0,0,270,178,186,206
part_69__2021_10_04,Part 69,2021-10-04,270,178,186,206,199,205
part_69__2021_10_05,Part 69,2021-10-05,165,97,72,142,0,0
part_69__2021_10_06,Part 69,2021-10-06,152,77,136,0,0,0
part_69__2021_10_07,Part 69,2021-10-07,123,128,0,0,0,205
part_69__2021_10_08,Part 69,2021-10-08,147,0,0,0,208,204
part_69__2021_10_09,Part 69,2021-10-09,147,0,0,0,208,204
part_69__2021_10_10,Part 69,2021-10-10,147,0,0,0,208,204
part_69__2021_10_11,Part 69,2021-10-11,147,0,0,0,208,204
part_69__2021_10_12,Part 69,2021-10-12,283,205,208,199,0,0
part_69__2021_10_13,Part 69,2021-10-13,229,207,201,0,0,202
part_69__2021_10_14,Part 69,2021-10-14,219,198,0,0,201,214
part_69__2021_10_15,Part 69,2021-10-15,213,0,0,194,211,241
part_69__2021_10_16,Part 69,2021-10-16,0,0,215,210,240,230
part_69__2021_10_17,Part 69,2021-10-17,0,0,215,210,240,230
part_69__2021_10_18,Part 69,2021-10-18,215,210,240,230,241,245
part_69__2021_10_19,Part 69,2021-10-19,227,233,235,237,0,0
part_69__2021_10_20,Part 69,2021-10-20,271,237,237,0,0,210
part_69__2021_10_21,Part 69,2021-10-21,264,235,0,0,218,196
part_69__2021_10_22,Part 69,2021-10-22,276,0,0,281,249,266
part_69__2021_10_23,Part 69,2021-10-23,276,0,0,281,249,266
part_69__2021_10_24,Part 69,2021-10-24,276,0,0,281,249,266
part_69__2021_10_25,Part 69,2021-10-25,267,197,208,211,176,0
part_69__2021_10_26,Part 69,2021-10-26,234,211,217,157,0,0
part_69__2021_10_27,Part 69,2021-10-27,270,215,154,0,0,186
part_69__2021_10_28,Part 69,2021-10-28,274,135,0,0,56,106
part_69__2021_10_29,Part 69,2021-10-29,208,0,0,57,21,29
part_69__2021_10_30,Part 69,2021-10-30,208,0,0,57,21,29
part_69__2021_11_01,Part 69,2021-11-01,141,123,134,128,154,185
part_7__2021_09_13,Part 7,2021-09-13,1,0,0,0,0,0
part_7__2021_09_14,Part 7,2021-09-14,2,1,1,1,0,0
part_7__2021_09_15,Part 7,2021-09-15,2,1,1,0,0,1
part_7__2021_09_16,Part 7,2021-09-16,2,1,0,0,1,1
part_7__2021_09_17,Part 7,2021-09-17,2,0,0,0,0,0
part_7__2021_09_18,Part 7,2021-09-18,2,0,0,0,0,0
part_7__2021_09_19,Part 7,2021-09-19,2,0,0,0,0,0
part_7__2021_09_20,Part 7,2021-09-20,2,0,0,0,0,0
part_7__2021_09_21,Part 7,2021-09-21,2,0,0,0,0,0
part_7__2021_09_22,Part 7,2021-09-22,2,0,0,0,0,0
part_7__2021_09_23,Part 7,2021-09-23,2,0,0,0,0,0
part_7__2021_09_24,Part 7,2021-09-24,2,0,0,0,0,0
part_7__2021_09_25,Part 7,2021-09-25,2,0,0,0,0,0
part_7__2021_09_26,Part 7,2021-09-26,2,0,0,0,0,0
part_7__2021_09_27,Part 7,2021-09-27,1,0,0,0,0,0
part_7__2021_09_28,Part 7,2021-09-28,21,25,25,1,0,0
part_7__2021_09_29,Part 7,2021-09-29,29,25,1,0,0,1
part_7__2021_09_30,Part 7,2021-09-30,6,1,0,0,1,1
part_7__2021_10_01,Part 7,2021-10-01,5,0,0,1,1,1
part_7__2021_10_02,Part 7,2021-10-02,0,0,5,1,1,1
part_7__2021_10_03,Part 7,2021-10-03,0,0,5,1,1,1
part_7__2021_10_04,Part 7,2021-10-04,5,1,1,1,1,1
part_7__2021_10_05,Part 7,2021-10-05,5,1,1,1,1,0
part_7__2021_10_06,Part 7,2021-10-06,5,1,1,1,0,0
part_7__2021_10_07,Part 7,2021-10-07,5,1,1,0,0,1
part_7__2021_10_08,Part 7,2021-10-08,5,1,0,0,1,1
part_7__2021_10_09,Part 7,2021-10-09,5,1,0,0,1,1
part_7__2021_10_10,Part 7,2021-10-10,5,1,0,0,1,1
part_7__2021_10_11,Part 7,2021-10-11,5,1,0,0,1,1
part_7__2021_10_12,Part 7,2021-10-12,5,1,1,1,1,0
part_7__2021_10_13,Part 7,2021-10-13,5,1,1,1,0,1
part_7__2021_10_14,Part 7,2021-10-14,5,1,1,0,1,1
part_7__2021_10_15,Part 7,2021-10-15,5,1,0,1,1,56
part_7__2021_10_16,Part 7,2021-10-16,5,0,1,1,1,1
part_7__2021_10_17,Part 7,2021-10-17,5,0,1,1,1,1
part_7__2021_10_18,Part 7,2021-10-18,5,1,1,1,1,1
part_7__2021_10_19,Part 7,2021-10-19,5,1,1,1,1,0
part_7__2021_10_20,Part 7,2021-10-20,0,1,1,1,0,48
part_7__2021_10_21,Part 7,2021-10-21,0,1,1,0,48,57
part_7__2021_10_22,Part 7,2021-10-22,1,1,0,36,67,61
part_7__2021_10_23,Part 7,2021-10-23,1,1,0,36,67,61
part_7__2021_10_24,Part 7,2021-10-24,1,1,0,36,67,61
part_7__2021_10_25,Part 7,2021-10-25,47,60,58,60,56,0
part_7__2021_10_26,Part 7,2021-10-26,46,71,60,64,0,0
part_7__2021_10_27,Part 7,2021-10-27,67,51,64,0,0,0
part_7__2021_10_28,Part 7,2021-10-28,61,64,0,0,0,0
part_7__2021_10_29,Part 7,2021-10-29,16,0,0,1,1,1
part_7__2021_10_30,Part 7,2021-10-30,16,0,0,1,1,1
part_7__2021_11_01,Part 7,2021-11-01,3,0,0,0,0,0
part_70__2021_09_13,Part 70,2021-09-13,16,21,49,33,44,23
part_70__2021_09_14,Part 70,2021-09-14,23,48,31,48,0,0
part_70__2021_09_15,Part 70,2021-09-15,48,32,36,0,0,46
part_70__2021_09_16,Part 70,2021-09-16,37,36,0,0,46,15
part_70__2021_09_17,Part 70,2021-09-17,37,0,0,0,0,0
part_70__2021_09_18,Part 70,2021-09-18,37,0,0,0,0,0
part_70__2021_09_19,Part 70,2021-09-19,37,0,0,0,0,0
part_70__2021_09_20,Part 70,2021-09-20,37,0,0,0,0,0
part_70__2021_09_21,Part 70,2021-09-21,37,0,0,0,0,0
part_70__2021_09_22,Part 70,2021-09-22,37,0,0,0,0,0
part_70__2021_09_23,Part 70,2021-09-23,37,0,0,0,0,0
part_70__2021_09_24,Part 70,2021-09-24,37,0,0,0,0,0
part_70__2021_09_25,Part 70,2021-09-25,37,0,0,0,0,0
part_70__2021_09_26,Part 70,2021-09-26,37,0,0,0,0,0
part_70__2021_09_27,Part 70,2021-09-27,10,0,0,1,24,50
part_70__2021_09_28,Part 70,2021-09-28,6,0,1,23,0,0
part_70__2021_09_29,Part 70,2021-09-29,6,1,27,0,0,53
part_70__2021_09_30,Part 70,2021-09-30,4,20,0,0,52,59
part_70__2021_10_01,Part 70,2021-10-01,5,0,0,36,52,52
part_70__2021_10_02,Part 70,2021-10-02,0,0,34,50,51,47
part_70__2021_10_03,Part 70,2021-10-03,0,0,34,50,51,47
part_70__2021_10_04,Part 70,2021-10-04,34,50,51,47,44,46
part_70__2021_10_05,Part 70,2021-10-05,29,24,24,38,0,0
part_70__2021_10_06,Part 70,2021-10-06,38,24,38,0,0,0
part_70__2021_10_07,Part 70,2021-10-07,35,36,0,0,0,48
part_70__2021_10_08,Part 70,2021-10-08,40,0,0,0,50,46
part_70__2021_10_09,Part 70,2021-10-09,40,0,0,0,50,46
part_70__2021_10_10,Part 70,2021-10-10,40,0,0,0,50,46
part_70__2021_10_11,Part 70,2021-10-11,40,0,0,0,50,46
part_70__2021_10_12,Part 70,2021-10-12,73,46,43,52,0,0
part_70__2021_10_13,Part 70,2021-10-13,53,43,50,0,0,49
part_70__2021_10_14,Part 70,2021-10-14,47,47,0,0,50,37
part_70__2021_10_15,Part 70,2021-10-15,48,0,0,48,39,10
part_70__2021_10_16,Part 70,2021-10-16,0,0,51,40,12,35
part_70__2021_10_17,Part 70,2021-10-17,0,0,51,40,12,35
part_70__2021_10_18,Part 70,2021-10-18,51,40,12,35,48,5
part_70__2021_10_19,Part 70,2021-10-19,45,18,26,48,0,0
part_70__2021_10_20,Part 70,2021-10-20,25,25,47,0,0,49
part_70__2021_10_21,Part 70,2021-10-21,19,46,0,0,50,52
part_70__2021_10_22,Part 70,2021-10-22,52,0,0,55,64,48
part_70__2021_10_23,Part 70,2021-10-23,52,0,0,55,64,48
part_70__2021_10_24,Part 70,2021-10-24,52,0,0,55,64,48
part_70__2021_10_25,Part 70,2021-10-25,45,51,45,41,42,0
part_70__2021_10_26,Part 70,2021-10-26,56,46,41,35,0,0
part_70__2021_10_27,Part 70,2021-10-27,63,43,33,0,0,40
part_70__2021_10_28,Part 70,2021-10-28,51,37,0,0,41,12
part_70__2021_10_29,Part 70,2021-10-29,53,0,0,36,15,0
part_70__2021_10_30,Part 70,2021-10-30,53,0,0,36,15,0
part_70__2021_11_01,Part 70,2021-11-01,46,23,13,19,37,38
part_71__2021_09_13,Part 71,2021-09-13,422,361,349,346,345,344
part_71__2021_09_14,Part 71,2021-09-14,420,355,336,330,0,0
part_71__2021_09_15,Part 71,2021-09-15,401,325,321,0,0,316
part_71__2021_09_16,Part 71,2021-09-16,385,322,0,0,327,330
part_71__2021_09_17,Part 71,2021-09-17,384,0,0,0,0,0
part_71__2021_09_18,Part 71,2021-09-18,384,0,0,0,0,0
part_71__2021_09_19,Part 71,2021-09-19,384,0,0,0,0,0
part_71__2021_09_20,Part 71,2021-09-20,384,0,0,0,0,0
part_71__2021_09_21,Part 71,2021-09-21,384,0,0,0,0,0
part_71__2021_09_22,Part 71,2021-09-22,384,0,0,0,0,0
part_71__2021_09_23,Part 71,2021-09-23,384,0,0,0,0,0
part_71__2021_09_24,Part 71,2021-09-24,384,0,0,0,0,0
part_71__2021_09_25,Part 71,2021-09-25,384,0,0,0,0,0
part_71__2021_09_26,Part 71,2021-09-26,384,0,0,0,0,0
part_71__2021_09_27,Part 71,2021-09-27,404,366,385,308,301,301
part_71__2021_09_28,Part 71,2021-09-28,422,385,344,336,0,0
part_71__2021_09_29,Part 71,2021-09-29,483,389,335,0,0,339
part_71__2021_09_30,Part 71,2021-09-30,482,382,0,0,378,378
part_71__2021_10_01,Part 71,2021-10-01,452,0,0,345,345,346
part_71__2021_10_02,Part 71,2021-10-02,0,0,429,359,358,346
part_71__2021_10_03,Part 71,2021-10-03,0,0,429,359,358,346
part_71__2021_10_04,Part 71,2021-10-04,429,359,358,346,355,345
part_71__2021_10_05,Part 71,2021-10-05,279,184,182,163,0,0
part_71__2021_10_06,Part 71,2021-10-06,290,185,166,0,0,0
part_71__2021_10_07,Part 71,2021-10-07,281,169,0,0,0,354
part_71__2021_10_08,Part 71,2021-10-08,264,0,0,0,349,352
part_71__2021_10_09,Part 71,2021-10-09,264,0,0,0,349,352
part_71__2021_10_10,Part 71,2021-10-10,264,0,0,0,349,352
part_71__2021_10_11,Part 71,2021-10-11,264,0,0,0,349,352
part_71__2021_10_12,Part 71,2021-10-12,432,345,345,345,0,0
part_71__2021_10_13,Part 71,2021-10-13,393,345,345,0,0,345
part_71__2021_10_14,Part 71,2021-10-14,393,348,0,0,345,345
part_71__2021_10_15,Part 71,2021-10-15,411,0,0,351,345,344
part_71__2021_10_16,Part 71,2021-10-16,0,0,415,345,358,374
part_71__2021_10_17,Part 71,2021-10-17,0,0,415,345,358,374
part_71__2021_10_18,Part 71,2021-10-18,415,345,358,374,353,337
part_71__2021_10_19,Part 71,2021-10-19,394,355,373,357,0,0
part_71__2021_10_20,Part 71,2021-10-20,426,373,358,0,0,338
part_71__2021_10_21,Part 71,2021-10-21,401,364,0,0,340,335
part_71__2021_10_22,Part 71,2021-10-22,408,0,0,387,395,352
part_71__2021_10_23,Part 71,2021-10-23,408,0,0,387,395,352
part_71__2021_10_24,Part 71,2021-10-24,408,0,0,387,395,352
part_71__2021_10_25,Part 71,2021-10-25,229,192,192,192,174,0
part_71__2021_10_26,Part 71,2021-10-26,306,190,189,164,0,0
part_71__2021_10_27,Part 71,2021-10-27,313,189,166,0,0,334
part_71__2021_10_28,Part 71,2021-10-28,323,171,0,0,334,363
part_71__2021_10_29,Part 71,2021-10-29,294,0,0,313,338,341
part_71__2021_10_30,Part 71,2021-10-30,294,0,0,313,338,341
part_71__2021_11_01,Part 71,2021-11-01,452,341,340,342,328,336
part_72__2021_09_13,Part 72,2021-09-13,0,0,40,47,43,25
part_72__2021_09_14,Part 72,2021-09-14,0,40,47,43,0,0
part_72__2021_09_15,Part 72,2021-09-15,40,47,43,0,0,25
part_72__2021_09_16,Part 72,2021-09-16,47,48,0,0,34,22
part_72__2021_09_17,Part 72,2021-09-17,48,0,0,40,33,9
part_72__2021_09_18,Part 72,2021-09-18,48,0,0,40,33,9
part_72__2021_09_19,Part 72,2021-09-19,48,0,0,40,33,9
part_72__2021_09_20,Part 72,2021-09-20,48,0,0,40,33,9
part_72__2021_09_21,Part 72,2021-09-21,48,0,0,40,33,9
part_72__2021_09_22,Part 72,2021-09-22,48,0,0,40,33,9
part_72__2021_09_23,Part 72,2021-09-23,48,0,0,40,33,9
part_72__2021_09_24,Part 72,2021-09-24,48,0,0,40,33,9
part_72__2021_09_25,Part 72,2021-09-25,48,0,0,40,33,9
part_72__2021_09_26,Part 72,2021-09-26,48,0,0,40,33,9
part_72__2021_09_27,Part 72,2021-09-27,51,30,15,3,9,16
part_72__2021_09_28,Part 72,2021-09-28,46,25,8,1,15,0
part_72__2021_09_29,Part 72,2021-09-29,40,16,4,0,0,8
part_72__2021_09_30,Part 72,2021-09-30,31,16,0,0,0,10
part_72__2021_10_01,Part 72,2021-10-01,24,0,0,4,1,34
part_72__2021_10_02,Part 72,2021-10-02,0,0,11,0,16,26
part_72__2021_10_03,Part 72,2021-10-03,0,0,11,0,16,26
part_72__2021_10_04,Part 72,2021-10-04,11,0,16,26,20,39
part_72__2021_10_05,Part 72,2021-10-05,1,2,21,22,26,0
part_72__2021_10_06,Part 72,2021-10-06,3,20,23,0,0,0
part_72__2021_10_07,Part 72,2021-10-07,21,24,0,0,0,23
part_72__2021_10_08,Part 72,2021-10-08,26,0,0,0,13,32
part_72__2021_10_09,Part 72,2021-10-09,26,0,0,0,13,32
part_72__2021_10_10,Part 72,2021-10-10,26,0,0,0,13,32
part_72__2021_10_11,Part 72,2021-10-11,26,0,0,0,13,32
part_72__2021_10_12,Part 72,2021-10-12,15,32,35,26,31,0
part_72__2021_10_13,Part 72,2021-10-13,37,35,28,31,0,20
part_72__2021_10_14,Part 72,2021-10-14,39,26,0,0,33,29
part_72__2021_10_15,Part 72,2021-10-15,32,0,0,32,32,21
part_72__2021_10_16,Part 72,2021-10-16,0,0,36,33,17,45
part_72__2021_10_17,Part 72,2021-10-17,0,0,36,33,17,45
part_72__2021_10_18,Part 72,2021-10-18,36,33,17,45,19,0
part_72__2021_10_19,Part 72,2021-10-19,38,16,40,31,6,0
part_72__2021_10_20,Part 72,2021-10-20,29,25,41,0,0,14
part_72__2021_10_21,Part 72,2021-10-21,18,46,0,0,22,0
part_72__2021_10_22,Part 72,2021-10-22,42,0,0,34,0,0
part_72__2021_10_23,Part 72,2021-10-23,42,0,0,34,0,0
part_72__2021_10_24,Part 72,2021-10-24,42,0,0,34,0,0
part_72__2021_10_25,Part 72,2021-10-25,42,4,0,47,56,30
part_72__2021_10_26,Part 72,2021-10-26,19,0,12,35,0,0
part_72__2021_10_27,Part 72,2021-10-27,8,0,32,0,0,32
part_72__2021_10_28,Part 72,2021-10-28,1,15,0,0,37,28
part_72__2021_10_29,Part 72,2021-10-29,10,0,0,37,30,36
part_72__2021_10_30,Part 72,2021-10-30,10,0,0,37,30,36
part_72__2021_11_01,Part 72,2021-11-01,35,32,32,39,36,35
part_73__2021_09_13,Part 73,2021-09-13,0,0,0,0,0,0
part_73__2021_09_14,Part 73,2021-09-14,0,56,67,69,0,0
part_73__2021_09_15,Part 73,2021-09-15,0,0,0,0,0,56
part_73__2021_09_16,Part 73,2021-09-16,0,0,0,0,56,67
part_73__2021_09_17,Part 73,2021-09-17,0,0,0,56,67,76
part_73__2021_09_18,Part 73,2021-09-18,0,0,0,56,67,76
part_73__2021_09_19,Part 73,2021-09-19,0,0,0,56,67,76
part_73__2021_09_20,Part 73,2021-09-20,0,0,0,56,67,76
part_73__2021_09_21,Part 73,2021-09-21,0,0,0,56,67,76
part_73__2021_09_22,Part 73,2021-09-22,0,0,0,56,67,76
part_73__2021_09_23,Part 73,2021-09-23,0,0,0,56,67,76
part_73__2021_09_24,Part 73,2021-09-24,0,0,0,56,67,76
part_73__2021_09_25,Part 73,2021-09-25,0,0,0,56,67,76
part_73__2021_09_26,Part 73,2021-09-26,0,0,0,56,67,76
part_73__2021_09_27,Part 73,2021-09-27,57,150,96,40,41,44
part_73__2021_09_28,Part 73,2021-09-28,120,167,89,26,27,0
part_73__2021_09_29,Part 73,2021-09-29,168,154,47,0,0,50
part_73__2021_09_30,Part 73,2021-09-30,167,78,0,0,51,50
part_73__2021_10_01,Part 73,2021-10-01,154,0,0,57,51,53
part_73__2021_10_02,Part 73,2021-10-02,0,0,133,50,54,50
part_73__2021_10_03,Part 73,2021-10-03,0,0,133,50,54,50
part_73__2021_10_04,Part 73,2021-10-04,133,50,54,50,53,53
part_73__2021_10_05,Part 73,2021-10-05,106,52,52,53,53,0
part_73__2021_10_06,Part 73,2021-10-06,88,49,52,0,0,0
part_73__2021_10_07,Part 73,2021-10-07,57,67,0,0,0,48
part_73__2021_10_08,Part 73,2021-10-08,63,0,0,0,116,71
part_73__2021_10_09,Part 73,2021-10-09,63,0,0,0,116,71
part_73__2021_10_10,Part 73,2021-10-10,63,0,0,0,116,71
part_73__2021_10_11,Part 73,2021-10-11,63,0,0,0,116,71
part_73__2021_10_12,Part 73,2021-10-12,116,73,49,51,53,0
part_73__2021_10_13,Part 73,2021-10-13,123,62,51,52,0,52
part_73__2021_10_14,Part 73,2021-10-14,118,85,0,0,70,59
part_73__2021_10_15,Part 73,2021-10-15,107,0,0,75,64,61
part_73__2021_10_16,Part 73,2021-10-16,0,0,90,61,54,57
part_73__2021_10_17,Part 73,2021-10-17,0,0,90,61,54,57
part_73__2021_10_18,Part 73,2021-10-18,90,61,54,57,30,29
part_73__2021_10_19,Part 73,2021-10-19,86,58,59,34,33,0
part_73__2021_10_20,Part 73,2021-10-20,80,45,55,0,0,37
part_73__2021_10_21,Part 73,2021-10-21,69,104,0,0,94,28
part_73__2021_10_22,Part 73,2021-10-22,103,0,0,71,49,28
part_73__2021_10_23,Part 73,2021-10-23,103,0,0,71,49,28
part_73__2021_10_24,Part 73,2021-10-24,103,0,0,71,49,28
part_73__2021_10_25,Part 73,2021-10-25,96,53,37,52,38,43
part_73__2021_10_26,Part 73,2021-10-26,81,48,44,47,0,0
part_73__2021_10_27,Part 73,2021-10-27,69,37,52,0,0,47
part_73__2021_10_28,Part 73,2021-10-28,58,36,0,0,54,51
part_73__2021_10_29,Part 73,2021-10-29,39,0,0,49,50,53
part_73__2021_10_30,Part 73,2021-10-30,39,0,0,49,50,53
part_73__2021_11_01,Part 73,2021-11-01,44,49,53,55,51,51
part_74__2021_09_13,Part 74,2021-09-13,0,0,162,70,68,116
part_74__2021_09_14,Part 74,2021-09-14,0,162,70,68,0,0
part_74__2021_09_15,Part 74,2021-09-15,162,70,68,0,0,119
part_74__2021_09_16,Part 74,2021-09-16,99,53,0,0,64,82
part_74__2021_09_17,Part 74,2021-09-17,71,0,0,60,65,82
part_74__2021_09_18,Part 74,2021-09-18,71,0,0,60,65,82
part_74__2021_09_19,Part 74,2021-09-19,71,0,0,60,65,82
part_74__2021_09_20,Part 74,2021-09-20,71,0,0,60,65,82
part_74__2021_09_21,Part 74,2021-09-21,71,0,0,60,65,82
part_74__2021_09_22,Part 74,2021-09-22,71,0,0,60,65,82
part_74__2021_09_23,Part 74,2021-09-23,71,0,0,60,65,82
part_74__2021_09_24,Part 74,2021-09-24,71,0,0,60,65,82
part_74__2021_09_25,Part 74,2021-09-25,71,0,0,60,65,82
part_74__2021_09_26,Part 74,2021-09-26,71,0,0,60,65,82
part_74__2021_09_27,Part 74,2021-09-27,67,70,65,116,121,123
part_74__2021_09_28,Part 74,2021-09-28,79,65,101,115,129,0
part_74__2021_09_29,Part 74,2021-09-29,91,53,82,0,0,114
part_74__2021_09_30,Part 74,2021-09-30,93,78,0,0,128,130
part_74__2021_10_01,Part 74,2021-10-01,69,0,0,105,145,137
part_74__2021_10_02,Part 74,2021-10-02,0,0,106,142,114,134
part_74__2021_10_03,Part 74,2021-10-03,0,0,106,142,114,134
part_74__2021_10_04,Part 74,2021-10-04,106,142,114,134,189,217
part_74__2021_10_05,Part 74,2021-10-05,123,100,114,151,197,0
part_74__2021_10_06,Part 74,2021-10-06,128,116,146,0,0,0
part_74__2021_10_07,Part 74,2021-10-07,142,121,0,0,0,57
part_74__2021_10_08,Part 74,2021-10-08,134,0,0,0,54,42
part_74__2021_10_09,Part 74,2021-10-09,134,0,0,0,54,42
part_74__2021_10_10,Part 74,2021-10-10,134,0,0,0,54,42
part_74__2021_10_11,Part 74,2021-10-11,134,0,0,0,54,42
part_74__2021_10_12,Part 74,2021-10-12,84,38,130,123,150,0
part_74__2021_10_13,Part 74,2021-10-13,88,133,116,144,0,122
part_74__2021_10_14,Part 74,2021-10-14,171,127,0,0,170,169
part_74__2021_10_15,Part 74,2021-10-15,171,0,0,168,170,152
part_74__2021_10_16,Part 74,2021-10-16,0,0,208,170,152,136
part_74__2021_10_17,Part 74,2021-10-17,0,0,208,170,152,136
part_74__2021_10_18,Part 74,2021-10-18,208,170,152,136,132,121
part_74__2021_10_19,Part 74,2021-10-19,208,152,145,137,128,0
part_74__2021_10_20,Part 74,2021-10-20,211,145,131,0,0,137
part_74__2021_10_21,Part 74,2021-10-21,185,121,0,0,119,122
part_74__2021_10_22,Part 74,2021-10-22,164,0,0,108,129,150
part_74__2021_10_23,Part 74,2021-10-23,164,0,0,108,129,150
part_74__2021_10_24,Part 74,2021-10-24,164,0,0,108,129,150
part_74__2021_10_25,Part 74,2021-10-25,134,127,149,136,136,123
part_74__2021_10_26,Part 74,2021-10-26,152,153,137,137,0,0
part_74__2021_10_27,Part 74,2021-10-27,166,159,143,0,0,137
part_74__2021_10_28,Part 74,2021-10-28,189,143,0,0,151,137
part_74__2021_10_29,Part 74,2021-10-29,180,0,0,146,141,140
part_74__2021_10_30,Part 74,2021-10-30,180,0,0,146,141,140
part_74__2021_11_01,Part 74,2021-11-01,179,141,138,136,146,152
part_75__2021_09_13,Part 75,2021-09-13,0,0,217,176,191,259
part_75__2021_09_14,Part 75,2021-09-14,0,217,176,194,0,0
part_75__2021_09_15,Part 75,2021-09-15,217,175,194,0,0,257
part_75__2021_09_16,Part 75,2021-09-16,192,209,0,0,219,257
part_75__2021_09_17,Part 75,2021-09-17,226,0,0,218,231,239
part_75__2021_09_18,Part 75,2021-09-18,226,0,0,218,231,239
part_75__2021_09_19,Part 75,2021-09-19,226,0,0,218,231,239
part_75__2021_09_20,Part 75,2021-09-20,226,0,0,218,231,239
part_75__2021_09_21,Part 75,2021-09-21,226,0,0,218,231,239
part_75__2021_09_22,Part 75,2021-09-22,226,0,0,218,231,239
part_75__2021_09_23,Part 75,2021-09-23,226,0,0,218,231,239
part_75__2021_09_24,Part 75,2021-09-24,226,0,0,218,231,239
part_75__2021_09_25,Part 75,2021-09-25,226,0,0,218,231,239
part_75__2021_09_26,Part 75,2021-09-26,226,0,0,218,231,239
part_75__2021_09_27,Part 75,2021-09-27,201,230,235,236,245,252
part_75__2021_09_28,Part 75,2021-09-28,196,236,235,239,249,0
part_75__2021_09_29,Part 75,2021-09-29,239,235,236,0,0,245
part_75__2021_09_30,Part 75,2021-09-30,255,193,0,0,228,252
part_75__2021_10_01,Part 75,2021-10-01,231,0,0,208,246,219
part_75__2021_10_02,Part 75,2021-10-02,0,0,202,216,223,239
part_75__2021_10_03,Part 75,2021-10-03,0,0,202,216,223,239
part_75__2021_10_04,Part 75,2021-10-04,202,216,223,239,236,258
part_75__2021_10_05,Part 75,2021-10-05,179,162,228,237,239,0
part_75__2021_10_06,Part 75,2021-10-06,178,228,237,0,0,0
part_75__2021_10_07,Part 75,2021-10-07,238,211,0,0,0,73
part_75__2021_10_08,Part 75,2021-10-08,227,0,0,0,63,75
part_75__2021_10_09,Part 75,2021-10-09,227,0,0,0,63,75
part_75__2021_10_10,Part 75,2021-10-10,227,0,0,0,63,75
part_75__2021_10_11,Part 75,2021-10-11,227,0,0,0,63,75
part_75__2021_10_12,Part 75,2021-10-12,82,75,76,101,240,0
part_75__2021_10_13,Part 75,2021-10-13,85,76,98,241,0,236
part_75__2021_10_14,Part 75,2021-10-14,95,93,0,0,179,189
part_75__2021_10_15,Part 75,2021-10-15,99,0,0,181,187,198
part_75__2021_10_16,Part 75,2021-10-16,0,0,187,186,197,195
part_75__2021_10_17,Part 75,2021-10-17,0,0,187,186,197,195
part_75__2021_10_18,Part 75,2021-10-18,187,186,197,195,252,278
part_75__2021_10_19,Part 75,2021-10-19,198,194,198,227,258,0
part_75__2021_10_20,Part 75,2021-10-20,204,199,203,0,0,255
part_75__2021_10_21,Part 75,2021-10-21,220,176,0,0,172,222
part_75__2021_10_22,Part 75,2021-10-22,204,0,0,175,206,244
part_75__2021_10_23,Part 75,2021-10-23,204,0,0,175,206,244
part_75__2021_10_24,Part 75,2021-10-24,204,0,0,175,206,244
part_75__2021_10_25,Part 75,2021-10-25,185,193,241,250,246,241
part_75__2021_10_26,Part 75,2021-10-26,196,228,246,257,0,0
part_75__2021_10_27,Part 75,2021-10-27,217,244,262,0,0,268
part_75__2021_10_28,Part 75,2021-10-28,251,254,0,0,262,253
part_75__2021_10_29,Part 75,2021-10-29,275,0,0,263,257,250
part_75__2021_10_30,Part 75,2021-10-30,275,0,0,263,257,250
part_75__2021_11_01,Part 75,2021-11-01,284,262,249,253,255,243
part_76__2021_09_13,Part 76,2021-09-13,0,0,5,5,5,3
part_76__2021_09_14,Part 76,2021-09-14,0,5,5,5,0,0
part_76__2021_09_15,Part 76,2021-09-15,5,5,5,0,0,3
part_76__2021_09_16,Part 76,2021-09-16,5,6,0,0,4,2
part_76__2021_09_17,Part 76,2021-09-17,5,0,0,5,1,2
part_76__2021_09_18,Part 76,2021-09-18,5,0,0,5,1,2
part_76__2021_09_19,Part 76,2021-09-19,5,0,0,5,1,2
part_76__2021_09_20,Part 76,2021-09-20,5,0,0,5,1,2
part_76__2021_09_21,Part 76,2021-09-21,5,0,0,5,1,2
part_76__2021_09_22,Part 76,2021-09-22,5,0,0,5,1,2
part_76__2021_09_23,Part 76,2021-09-23,5,0,0,5,1,2
part_76__2021_09_24,Part 76,2021-09-24,5,0,0,5,1,2
part_76__2021_09_25,Part 76,2021-09-25,5,0,0,5,1,2
part_76__2021_09_26,Part 76,2021-09-26,5,0,0,5,1,2
part_76__2021_09_27,Part 76,2021-09-27,5,4,0,0,0,8
part_76__2021_09_28,Part 76,2021-09-28,7,1,0,0,0,0
part_76__2021_09_29,Part 76,2021-09-29,5,0,0,0,0,0
part_76__2021_09_30,Part 76,2021-09-30,4,0,0,0,0,0
part_76__2021_10_01,Part 76,2021-10-01,0,0,0,0,0,9
part_76__2021_10_02,Part 76,2021-10-02,0,0,0,0,0,13
part_76__2021_10_03,Part 76,2021-10-03,0,0,0,0,0,13
part_76__2021_10_04,Part 76,2021-10-04,0,0,0,13,8,19
part_76__2021_10_05,Part 76,2021-10-05,0,0,3,10,12,0
part_76__2021_10_06,Part 76,2021-10-06,0,3,10,0,0,0
part_76__2021_10_07,Part 76,2021-10-07,2,11,0,0,0,11
part_76__2021_10_08,Part 76,2021-10-08,12,0,0,0,5,16
part_76__2021_10_09,Part 76,2021-10-09,12,0,0,0,5,16
part_76__2021_10_10,Part 76,2021-10-10,12,0,0,0,5,16
part_76__2021_10_11,Part 76,2021-10-11,12,0,0,0,5,16
part_76__2021_10_12,Part 76,2021-10-12,6,16,18,10,10,0
part_76__2021_10_13,Part 76,2021-10-13,18,18,11,10,0,0
part_76__2021_10_14,Part 76,2021-10-14,19,8,0,0,0,8
part_76__2021_10_15,Part 76,2021-10-15,13,0,0,0,7,9
part_76__2021_10_16,Part 76,2021-10-16,0,0,1,7,7,16
part_76__2021_10_17,Part 76,2021-10-17,0,0,1,7,7,16
part_76__2021_10_18,Part 76,2021-10-18,1,7,7,16,0,0
part_76__2021_10_19,Part 76,2021-10-19,2,9,14,5,0,0
part_76__2021_10_20,Part 76,2021-10-20,8,11,11,0,0,0
part_76__2021_10_21,Part 76,2021-10-21,9,15,0,0,2,0
part_76__2021_10_22,Part 76,2021-10-22,16,0,0,5,0,0
part_76__2021_10_23,Part 76,2021-10-23,16,0,0,5,0,0
part_76__2021_10_24,Part 76,2021-10-24,16,0,0,5,0,0
part_76__2021_10_25,Part 76,2021-10-25,10,0,0,23,26,3
part_76__2021_10_26,Part 76,2021-10-26,4,0,4,4,0,0
part_76__2021_10_27,Part 76,2021-10-27,2,0,8,0,0,0
part_76__2021_10_28,Part 76,2021-10-28,1,4,0,0,4,0
part_76__2021_10_29,Part 76,2021-10-29,4,0,0,5,0,3
part_76__2021_10_30,Part 76,2021-10-30,4,0,0,5,0,3
part_76__2021_11_01,Part 76,2021-11-01,8,0,1,8,4,4
part_77__2021_09_13,Part 77,2021-09-13,0,0,0,0,0,0
part_77__2021_09_14,Part 77,2021-09-14,0,41,63,64,0,0
part_77__2021_09_15,Part 77,2021-09-15,0,0,0,0,0,41
part_77__2021_09_16,Part 77,2021-09-16,0,0,0,0,41,63
part_77__2021_09_17,Part 77,2021-09-17,0,0,0,41,63,72
part_77__2021_09_18,Part 77,2021-09-18,0,0,0,41,63,72
part_77__2021_09_19,Part 77,2021-09-19,0,0,0,41,63,72
part_77__2021_09_20,Part 77,2021-09-20,0,0,0,41,63,72
part_77__2021_09_21,Part 77,2021-09-21,0,0,0,41,63,72
part_77__2021_09_22,Part 77,2021-09-22,0,0,0,41,63,72
part_77__2021_09_23,Part 77,2021-09-23,0,0,0,41,63,72
part_77__2021_09_24,Part 77,2021-09-24,0,0,0,41,63,72
part_77__2021_09_25,Part 77,2021-09-25,0,0,0,41,63,72
part_77__2021_09_26,Part 77,2021-09-26,0,0,0,41,63,72
part_77__2021_09_27,Part 77,2021-09-27,42,135,96,40,41,41
part_77__2021_09_28,Part 77,2021-09-28,105,167,88,23,25,0
part_77__2021_09_29,Part 77,2021-09-29,157,154,43,0,0,50
part_77__2021_09_30,Part 77,2021-09-30,161,73,0,0,48,49
part_77__2021_10_01,Part 77,2021-10-01,147,0,0,53,49,51
part_77__2021_10_02,Part 77,2021-10-02,0,0,126,46,52,48
part_77__2021_10_03,Part 77,2021-10-03,0,0,126,46,52,48
part_77__2021_10_04,Part 77,2021-10-04,126,46,52,48,53,53
part_77__2021_10_05,Part 77,2021-10-05,99,48,50,51,53,0
part_77__2021_10_06,Part 77,2021-10-06,77,49,50,0,0,0
part_77__2021_10_07,Part 77,2021-10-07,51,67,0,0,0,47
part_77__2021_10_08,Part 77,2021-10-08,63,0,0,0,112,70
part_77__2021_10_09,Part 77,2021-10-09,63,0,0,0,112,70
part_77__2021_10_10,Part 77,2021-10-10,63,0,0,0,112,70
part_77__2021_10_11,Part 77,2021-10-11,63,0,0,0,112,70
part_77__2021_10_12,Part 77,2021-10-12,112,72,49,51,53,0
part_77__2021_10_13,Part 77,2021-10-13,118,62,51,52,0,52
part_77__2021_10_14,Part 77,2021-10-14,113,85,0,0,65,56
part_77__2021_10_15,Part 77,2021-10-15,103,0,0,75,59,58
part_77__2021_10_16,Part 77,2021-10-16,0,0,86,61,49,54
part_77__2021_10_17,Part 77,2021-10-17,0,0,86,61,49,54
part_77__2021_10_18,Part 77,2021-10-18,86,61,49,54,28,26
part_77__2021_10_19,Part 77,2021-10-19,82,58,54,31,31,0
part_77__2021_10_20,Part 77,2021-10-20,76,45,50,0,0,34
part_77__2021_10_21,Part 77,2021-10-21,56,99,0,0,84,19
part_77__2021_10_22,Part 77,2021-10-22,90,0,0,66,39,19
part_77__2021_10_23,Part 77,2021-10-23,90,0,0,66,39,19
part_77__2021_10_24,Part 77,2021-10-24,90,0,0,66,39,19
part_77__2021_10_25,Part 77,2021-10-25,83,40,19,39,34,39
part_77__2021_10_26,Part 77,2021-10-26,68,35,26,34,0,0
part_77__2021_10_27,Part 77,2021-10-27,56,24,34,0,0,33
part_77__2021_10_28,Part 77,2021-10-28,45,23,0,0,36,37
part_77__2021_10_29,Part 77,2021-10-29,26,0,0,35,33,39
part_77__2021_10_30,Part 77,2021-10-30,26,0,0,35,33,39
part_77__2021_11_01,Part 77,2021-11-01,30,35,38,43,46,45
part_78__2021_09_13,Part 78,2021-09-13,0,0,0,0,0,0
part_78__2021_09_14,Part 78,2021-09-14,0,41,63,69,0,0
part_78__2021_09_15,Part 78,2021-09-15,0,0,0,0,0,41
part_78__2021_09_16,Part 78,2021-09-16,0,0,0,0,41,63
part_78__2021_09_17,Part 78,2021-09-17,0,0,0,41,63,76
part_78__2021_09_18,Part 78,2021-09-18,0,0,0,41,63,76
part_78__2021_09_19,Part 78,2021-09-19,0,0,0,41,63,76
part_78__2021_09_20,Part 78,2021-09-20,0,0,0,41,63,76
part_78__2021_09_21,Part 78,2021-09-21,0,0,0,41,63,76
part_78__2021_09_22,Part 78,2021-09-22,0,0,0,41,63,76
part_78__2021_09_23,Part 78,2021-09-23,0,0,0,41,63,76
part_78__2021_09_24,Part 78,2021-09-24,0,0,0,41,63,76
part_78__2021_09_25,Part 78,2021-09-25,0,0,0,41,63,76
part_78__2021_09_26,Part 78,2021-09-26,0,0,0,41,63,76
part_78__2021_09_27,Part 78,2021-09-27,42,147,96,40,41,44
part_78__2021_09_28,Part 78,2021-09-28,117,167,89,26,27,0
part_78__2021_09_29,Part 78,2021-09-29,168,154,47,0,0,50
part_78__2021_09_30,Part 78,2021-09-30,167,78,0,0,51,50
part_78__2021_10_01,Part 78,2021-10-01,154,0,0,57,51,53
part_78__2021_10_02,Part 78,2021-10-02,0,0,133,50,54,50
part_78__2021_10_03,Part 78,2021-10-03,0,0,133,50,54,50
part_78__2021_10_04,Part 78,2021-10-04,133,50,54,50,53,53
part_78__2021_10_05,Part 78,2021-10-05,106,52,52,53,53,0
part_78__2021_10_06,Part 78,2021-10-06,88,49,52,0,0,0
part_78__2021_10_07,Part 78,2021-10-07,57,67,0,0,0,48
part_78__2021_10_08,Part 78,2021-10-08,63,0,0,0,115,71
part_78__2021_10_09,Part 78,2021-10-09,63,0,0,0,115,71
part_78__2021_10_10,Part 78,2021-10-10,63,0,0,0,115,71
part_78__2021_10_11,Part 78,2021-10-11,63,0,0,0,115,71
part_78__2021_10_12,Part 78,2021-10-12,115,73,49,51,53,0
part_78__2021_10_13,Part 78,2021-10-13,122,62,51,52,0,52
part_78__2021_10_14,Part 78,2021-10-14,117,85,0,0,70,59
part_78__2021_10_15,Part 78,2021-10-15,107,0,0,75,64,61
part_78__2021_10_16,Part 78,2021-10-16,0,0,90,61,54,57
part_78__2021_10_17,Part 78,2021-10-17,0,0,90,61,54,57
part_78__2021_10_18,Part 78,2021-10-18,90,61,54,57,30,29
part_78__2021_10_19,Part 78,2021-10-19,86,58,59,34,33,0
part_78__2021_10_20,Part 78,2021-10-20,80,45,55,0,0,37
part_78__2021_10_21,Part 78,2021-10-21,69,104,0,0,94,28
part_78__2021_10_22,Part 78,2021-10-22,103,0,0,71,49,28
part_78__2021_10_23,Part 78,2021-10-23,103,0,0,71,49,28
part_78__2021_10_24,Part 78,2021-10-24,103,0,0,71,49,28
part_78__2021_10_25,Part 78,2021-10-25,96,53,37,52,38,43
part_78__2021_10_26,Part 78,2021-10-26,81,48,44,47,0,0
part_78__2021_10_27,Part 78,2021-10-27,69,37,52,0,0,47
part_78__2021_10_28,Part 78,2021-10-28,58,36,0,0,54,51
part_78__2021_10_29,Part 78,2021-10-29,39,0,0,49,50,53
part_78__2021_10_30,Part 78,2021-10-30,39,0,0,49,50,53
part_78__2021_11_01,Part 78,2021-11-01,44,49,53,55,51,51
part_79__2021_09_13,Part 79,2021-09-13,0,0,0,0,0,0
part_79__2021_09_14,Part 79,2021-09-14,0,0,0,5,0,0
part_79__2021_09_15,Part 79,2021-09-15,0,0,0,0,0,0
part_79__2021_09_16,Part 79,2021-09-16,0,0,0,0,0,0
part_79__2021_09_17,Part 79,2021-09-17,0,0,0,0,0,4
part_79__2021_09_18,Part 79,2021-09-18,0,0,0,0,0,4
part_79__2021_09_19,Part 79,2021-09-19,0,0,0,0,0,4
part_79__2021_09_20,Part 79,2021-09-20,0,0,0,0,0,4
part_79__2021_09_21,Part 79,2021-09-21,0,0,0,0,0,4
part_79__2021_09_22,Part 79,2021-09-22,0,0,0,0,0,4
part_79__2021_09_23,Part 79,2021-09-23,0,0,0,0,0,4
part_79__2021_09_24,Part 79,2021-09-24,0,0,0,0,0,4
part_79__2021_09_25,Part 79,2021-09-25,0,0,0,0,0,4
part_79__2021_09_26,Part 79,2021-09-26,0,0,0,0,0,4
part_79__2021_09_27,Part 79,2021-09-27,0,12,0,0,0,3
part_79__2021_09_28,Part 79,2021-09-28,12,0,1,3,2,0
part_79__2021_09_29,Part 79,2021-09-29,11,0,4,0,0,0
part_79__2021_09_30,Part 79,2021-09-30,6,5,0,0,3,1
part_79__2021_10_01,Part 79,2021-10-01,7,0,0,4,2,2
part_79__2021_10_02,Part 79,2021-10-02,0,0,7,4,2,2
part_79__2021_10_03,Part 79,2021-10-03,0,0,7,4,2,2
part_79__2021_10_04,Part 79,2021-10-04,7,4,2,2,0,0
part_79__2021_10_05,Part 79,2021-10-05,7,4,2,2,0,0
part_79__2021_10_06,Part 79,2021-10-06,11,0,2,0,0,0
part_79__2021_10_07,Part 79,2021-10-07,6,0,0,0,0,1
part_79__2021_10_08,Part 79,2021-10-08,0,0,0,0,3,1
part_79__2021_10_09,Part 79,2021-10-09,0,0,0,0,3,1
part_79__2021_10_10,Part 79,2021-10-10,0,0,0,0,3,1
part_79__2021_10_11,Part 79,2021-10-11,0,0,0,0,3,1
part_79__2021_10_12,Part 79,2021-10-12,3,1,0,0,0,0
part_79__2021_10_13,Part 79,2021-10-13,4,0,0,0,0,0
part_79__2021_10_14,Part 79,2021-10-14,4,0,0,0,5,3
part_79__2021_10_15,Part 79,2021-10-15,4,0,0,0,5,3
part_79__2021_10_16,Part 79,2021-10-16,0,0,4,0,5,3
part_79__2021_10_17,Part 79,2021-10-17,0,0,4,0,5,3
part_79__2021_10_18,Part 79,2021-10-18,4,0,5,3,2,3
part_79__2021_10_19,Part 79,2021-10-19,4,0,5,3,2,0
part_79__2021_10_20,Part 79,2021-10-20,4,0,5,0,0,3
part_79__2021_10_21,Part 79,2021-10-21,13,5,0,0,10,9
part_79__2021_10_22,Part 79,2021-10-22,13,0,0,5,10,9
part_79__2021_10_23,Part 79,2021-10-23,13,0,0,5,10,9
part_79__2021_10_24,Part 79,2021-10-24,13,0,0,5,10,9
part_79__2021_10_25,Part 79,2021-10-25,13,13,18,13,4,4
part_79__2021_10_26,Part 79,2021-10-26,13,13,18,13,0,0
part_79__2021_10_27,Part 79,2021-10-27,13,13,18,0,0,14
part_79__2021_10_28,Part 79,2021-10-28,13,13,0,0,18,14
part_79__2021_10_29,Part 79,2021-10-29,13,0,0,14,17,14
part_79__2021_10_30,Part 79,2021-10-30,13,0,0,14,17,14
part_79__2021_11_01,Part 79,2021-11-01,14,14,15,12,5,6
part_8__2021_09_13,Part 8,2021-09-13,1,0,0,0,0,0
part_8__2021_09_14,Part 8,2021-09-14,2,1,1,1,0,0
part_8__2021_09_15,Part 8,2021-09-15,2,1,1,0,0,1
part_8__2021_09_16,Part 8,2021-09-16,2,1,0,0,1,1
part_8__2021_09_17,Part 8,2021-09-17,2,0,0,0,0,0
part_8__2021_09_18,Part 8,2021-09-18,2,0,0,0,0,0
part_8__2021_09_19,Part 8,2021-09-19,2,0,0,0,0,0
part_8__2021_09_20,Part 8,2021-09-20,2,0,0,0,0,0
part_8__2021_09_21,Part 8,2021-09-21,2,0,0,0,0,0
part_8__2021_09_22,Part 8,2021-09-22,2,0,0,0,0,0
part_8__2021_09_23,Part 8,2021-09-23,2,0,0,0,0,0
part_8__2021_09_24,Part 8,2021-09-24,2,0,0,0,0,0
part_8__2021_09_25,Part 8,2021-09-25,2,0,0,0,0,0
part_8__2021_09_26,Part 8,2021-09-26,2,0,0,0,0,0
part_8__2021_09_27,Part 8,2021-09-27,1,0,0,0,0,0
part_8__2021_09_28,Part 8,2021-09-28,21,25,25,1,0,0
part_8__2021_09_29,Part 8,2021-09-29,29,25,1,0,0,1
part_8__2021_09_30,Part 8,2021-09-30,6,1,0,0,1,1
part_8__2021_10_01,Part 8,2021-10-01,5,0,0,1,1,1
part_8__2021_10_02,Part 8,2021-10-02,0,0,5,1,1,1
part_8__2021_10_03,Part 8,2021-10-03,0,0,5,1,1,1
part_8__2021_10_04,Part 8,2021-10-04,5,1,1,1,1,1
part_8__2021_10_05,Part 8,2021-10-05,5,1,1,1,1,0
part_8__2021_10_06,Part 8,2021-10-06,5,1,1,1,0,0
part_8__2021_10_07,Part 8,2021-10-07,5,1,1,0,0,1
part_8__2021_10_08,Part 8,2021-10-08,5,1,0,0,1,1
part_8__2021_10_09,Part 8,2021-10-09,5,1,0,0,1,1
part_8__2021_10_10,Part 8,2021-10-10,5,1,0,0,1,1
part_8__2021_10_11,Part 8,2021-10-11,5,1,0,0,1,1
part_8__2021_10_12,Part 8,2021-10-12,5,1,1,1,1,0
part_8__2021_10_13,Part 8,2021-10-13,5,1,1,1,0,1
part_8__2021_10_14,Part 8,2021-10-14,5,1,1,0,1,1
part_8__2021_10_15,Part 8,2021-10-15,5,1,0,1,1,56
part_8__2021_10_16,Part 8,2021-10-16,5,0,1,1,1,1
part_8__2021_10_17,Part 8,2021-10-17,5,0,1,1,1,1
part_8__2021_10_18,Part 8,2021-10-18,5,1,1,1,1,1
part_8__2021_10_19,Part 8,2021-10-19,5,1,1,1,1,0
part_8__2021_10_20,Part 8,2021-10-20,0,1,1,1,0,48
part_8__2021_10_21,Part 8,2021-10-21,0,1,1,0,48,59
part_8__2021_10_22,Part 8,2021-10-22,1,1,0,36,68,64
part_8__2021_10_23,Part 8,2021-10-23,1,1,0,36,68,64
part_8__2021_10_24,Part 8,2021-10-24,1,1,0,36,68,64
part_8__2021_10_25,Part 8,2021-10-25,47,60,64,64,56,0
part_8__2021_10_26,Part 8,2021-10-26,46,77,64,64,0,0
part_8__2021_10_27,Part 8,2021-10-27,73,55,64,0,0,0
part_8__2021_10_28,Part 8,2021-10-28,66,64,0,0,0,0
part_8__2021_10_29,Part 8,2021-10-29,16,0,0,1,1,1
part_8__2021_10_30,Part 8,2021-10-30,16,0,0,1,1,1
part_8__2021_11_01,Part 8,2021-11-01,3,0,0,0,0,0
part_80__2021_09_13,Part 80,2021-09-13,0,0,0,0,0,0
part_80__2021_09_14,Part 80,2021-09-14,0,277,230,222,0,0
part_80__2021_09_15,Part 80,2021-09-15,0,0,0,0,0,277
part_80__2021_09_16,Part 80,2021-09-16,0,0,0,0,277,229
part_80__2021_09_17,Part 80,2021-09-17,0,0,0,277,230,207
part_80__2021_09_18,Part 80,2021-09-18,0,0,0,277,230,207
part_80__2021_09_19,Part 80,2021-09-19,0,0,0,277,230,207
part_80__2021_09_20,Part 80,2021-09-20,0,0,0,277,230,207
part_80__2021_09_21,Part 80,2021-09-21,0,0,0,277,230,207
part_80__2021_09_22,Part 80,2021-09-22,0,0,0,277,230,207
part_80__2021_09_23,Part 80,2021-09-23,0,0,0,277,230,207
part_80__2021_09_24,Part 80,2021-09-24,0,0,0,277,230,207
part_80__2021_09_25,Part 80,2021-09-25,0,0,0,277,230,207
part_80__2021_09_26,Part 80,2021-09-26,0,0,0,277,230,207
part_80__2021_09_27,Part 80,2021-09-27,277,99,112,229,225,227
part_80__2021_09_28,Part 80,2021-09-28,180,0,135,242,237,0
part_80__2021_09_29,Part 80,2021-09-29,13,17,231,0,0,218
part_80__2021_09_30,Part 80,2021-09-30,6,177,0,0,223,219
part_80__2021_10_01,Part 80,2021-10-01,64,0,0,213,222,218
part_80__2021_10_02,Part 80,2021-10-02,0,0,146,227,218,220
part_80__2021_10_03,Part 80,2021-10-03,0,0,146,227,218,220
part_80__2021_10_04,Part 80,2021-10-04,146,227,218,221,226,229
part_80__2021_10_05,Part 80,2021-10-05,245,227,223,218,221,0
part_80__2021_10_06,Part 80,2021-10-06,311,227,222,0,0,0
part_80__2021_10_07,Part 80,2021-10-07,253,192,0,0,0,0
part_80__2021_10_08,Part 80,2021-10-08,220,0,0,0,89,180
part_80__2021_10_09,Part 80,2021-10-09,220,0,0,0,89,180
part_80__2021_10_10,Part 80,2021-10-10,220,0,0,0,89,180
part_80__2021_10_11,Part 80,2021-10-11,220,0,0,0,89,180
part_80__2021_10_12,Part 80,2021-10-12,110,177,221,219,226,0
part_80__2021_10_13,Part 80,2021-10-13,151,195,218,222,0,228
part_80__2021_10_14,Part 80,2021-10-14,187,143,0,0,194,208
part_80__2021_10_15,Part 80,2021-10-15,171,0,0,169,206,207
part_80__2021_10_16,Part 80,2021-10-16,0,0,165,203,213,213
part_80__2021_10_17,Part 80,2021-10-17,0,0,165,203,213,213
part_80__2021_10_18,Part 80,2021-10-18,165,203,213,214,249,254
part_80__2021_10_19,Part 80,2021-10-19,212,203,211,244,250,0
part_80__2021_10_20,Part 80,2021-10-20,221,217,220,0,0,245
part_80__2021_10_21,Part 80,2021-10-21,256,68,0,0,64,252
part_80__2021_10_22,Part 80,2021-10-22,145,0,0,127,213,256
part_80__2021_10_23,Part 80,2021-10-23,145,0,0,127,213,256
part_80__2021_10_24,Part 80,2021-10-24,145,0,0,127,213,256
part_80__2021_10_25,Part 80,2021-10-25,108,208,257,238,245,237
part_80__2021_10_26,Part 80,2021-10-26,166,221,251,244,0,0
part_80__2021_10_27,Part 80,2021-10-27,232,246,243,0,0,245
part_80__2021_10_28,Part 80,2021-10-28,277,254,0,0,242,241
part_80__2021_10_29,Part 80,2021-10-29,293,0,0,242,246,238
part_80__2021_10_30,Part 80,2021-10-30,293,0,0,242,246,238
part_80__2021_11_01,Part 80,2021-11-01,280,240,239,232,228,230
part_81__2021_09_13,Part 81,2021-09-13,0,0,0,0,0,0
part_81__2021_09_14,Part 81,2021-09-14,0,377,323,312,0,0
part_81__2021_09_15,Part 81,2021-09-15,0,0,0,0,0,378
part_81__2021_09_16,Part 81,2021-09-16,0,0,0,0,377,323
part_81__2021_09_17,Part 81,2021-09-17,0,0,0,377,323,299
part_81__2021_09_18,Part 81,2021-09-18,0,0,0,377,323,299
part_81__2021_09_19,Part 81,2021-09-19,0,0,0,377,323,299
part_81__2021_09_20,Part 81,2021-09-20,0,0,0,377,323,299
part_81__2021_09_21,Part 81,2021-09-21,0,0,0,377,323,299
part_81__2021_09_22,Part 81,2021-09-22,0,0,0,377,323,299
part_81__2021_09_23,Part 81,2021-09-23,0,0,0,377,323,299
part_81__2021_09_24,Part 81,2021-09-24,0,0,0,377,323,299
part_81__2021_09_25,Part 81,2021-09-25,0,0,0,377,323,299
part_81__2021_09_26,Part 81,2021-09-26,0,0,0,377,323,299
part_81__2021_09_27,Part 81,2021-09-27,376,183,211,328,325,317
part_81__2021_09_28,Part 81,2021-09-28,271,99,233,339,328,0
part_81__2021_09_29,Part 81,2021-09-29,101,116,329,0,0,312
part_81__2021_09_30,Part 81,2021-09-30,99,273,0,0,320,314
part_81__2021_10_01,Part 81,2021-10-01,157,0,0,310,322,313
part_81__2021_10_02,Part 81,2021-10-02,0,0,249,325,317,315
part_81__2021_10_03,Part 81,2021-10-03,0,0,249,325,317,315
part_81__2021_10_04,Part 81,2021-10-04,249,325,317,315,320,329
part_81__2021_10_05,Part 81,2021-10-05,349,322,321,317,317,0
part_81__2021_10_06,Part 81,2021-10-06,432,325,320,0,0,0
part_81__2021_10_07,Part 81,2021-10-07,349,289,0,0,0,30
part_81__2021_10_08,Part 81,2021-10-08,321,0,0,0,188,281
part_81__2021_10_09,Part 81,2021-10-09,321,0,0,0,188,281
part_81__2021_10_10,Part 81,2021-10-10,321,0,0,0,188,281
part_81__2021_10_11,Part 81,2021-10-11,321,0,0,0,188,281
part_81__2021_10_12,Part 81,2021-10-12,213,277,314,314,328,0
part_81__2021_10_13,Part 81,2021-10-13,250,294,309,319,0,333
part_81__2021_10_14,Part 81,2021-10-14,283,236,0,0,282,299
part_81__2021_10_15,Part 81,2021-10-15,267,0,0,262,294,298
part_81__2021_10_16,Part 81,2021-10-16,0,0,261,296,301,304
part_81__2021_10_17,Part 81,2021-10-17,0,0,261,296,301,304
part_81__2021_10_18,Part 81,2021-10-18,261,296,301,304,344,351
part_81__2021_10_19,Part 81,2021-10-19,308,296,299,334,345,0
part_81__2021_10_20,Part 81,2021-10-20,317,310,308,0,0,336
part_81__2021_10_21,Part 81,2021-10-21,343,156,0,0,147,337
part_81__2021_10_22,Part 81,2021-10-22,227,0,0,217,297,342
part_81__2021_10_23,Part 81,2021-10-23,227,0,0,217,297,342
part_81__2021_10_24,Part 81,2021-10-24,227,0,0,217,297,342
part_81__2021_10_25,Part 81,2021-10-25,190,290,333,319,339,333
part_81__2021_10_26,Part 81,2021-10-26,248,303,327,325,0,0
part_81__2021_10_27,Part 81,2021-10-27,315,328,319,0,0,326
part_81__2021_10_28,Part 81,2021-10-28,360,336,0,0,318,322
part_81__2021_10_29,Part 81,2021-10-29,380,0,0,323,323,319
part_81__2021_10_30,Part 81,2021-10-30,380,0,0,323,323,319
part_81__2021_11_01,Part 81,2021-11-01,370,320,318,315,321,324
part_82__2021_09_13,Part 82,2021-09-13,0,0,0,0,0,0
part_82__2021_09_14,Part 82,2021-09-14,0,100,93,90,0,0
part_82__2021_09_15,Part 82,2021-09-15,0,0,0,0,0,101
part_82__2021_09_16,Part 82,2021-09-16,0,0,0,0,100,94
part_82__2021_09_17,Part 82,2021-09-17,0,0,0,100,93,92
part_82__2021_09_18,Part 82,2021-09-18,0,0,0,100,93,92
part_82__2021_09_19,Part 82,2021-09-19,0,0,0,100,93,92
part_82__2021_09_20,Part 82,2021-09-20,0,0,0,100,93,92
part_82__2021_09_21,Part 82,2021-09-21,0,0,0,100,93,92
part_82__2021_09_22,Part 82,2021-09-22,0,0,0,100,93,92
part_82__2021_09_23,Part 82,2021-09-23,0,0,0,100,93,92
part_82__2021_09_24,Part 82,2021-09-24,0,0,0,100,93,92
part_82__2021_09_25,Part 82,2021-09-25,0,0,0,100,93,92
part_82__2021_09_26,Part 82,2021-09-26,0,0,0,100,93,92
part_82__2021_09_27,Part 82,2021-09-27,99,84,99,99,100,90
part_82__2021_09_28,Part 82,2021-09-28,91,99,98,97,91,0
part_82__2021_09_29,Part 82,2021-09-29,88,99,98,0,0,94
part_82__2021_09_30,Part 82,2021-09-30,93,96,0,0,97,95
part_82__2021_10_01,Part 82,2021-10-01,93,0,0,97,100,95
part_82__2021_10_02,Part 82,2021-10-02,0,0,103,98,99,95
part_82__2021_10_03,Part 82,2021-10-03,0,0,103,98,99,95
part_82__2021_10_04,Part 82,2021-10-04,103,98,99,94,94,100
part_82__2021_10_05,Part 82,2021-10-05,104,95,98,99,96,0
part_82__2021_10_06,Part 82,2021-10-06,121,98,98,0,0,0
part_82__2021_10_07,Part 82,2021-10-07,96,97,0,0,0,30
part_82__2021_10_08,Part 82,2021-10-08,101,0,0,0,99,101
part_82__2021_10_09,Part 82,2021-10-09,101,0,0,0,99,101
part_82__2021_10_10,Part 82,2021-10-10,101,0,0,0,99,101
part_82__2021_10_11,Part 82,2021-10-11,101,0,0,0,99,101
part_82__2021_10_12,Part 82,2021-10-12,103,100,93,95,102,0
part_82__2021_10_13,Part 82,2021-10-13,99,99,91,97,0,105
part_82__2021_10_14,Part 82,2021-10-14,96,93,0,0,88,91
part_82__2021_10_15,Part 82,2021-10-15,96,0,0,93,88,91
part_82__2021_10_16,Part 82,2021-10-16,0,0,96,93,88,91
part_82__2021_10_17,Part 82,2021-10-17,0,0,96,93,88,91
part_82__2021_10_18,Part 82,2021-10-18,96,93,88,90,95,97
part_82__2021_10_19,Part 82,2021-10-19,96,93,88,90,95,0
part_82__2021_10_20,Part 82,2021-10-20,96,93,88,0,0,91
part_82__2021_10_21,Part 82,2021-10-21,87,88,0,0,83,85
part_82__2021_10_22,Part 82,2021-10-22,82,0,0,90,84,86
part_82__2021_10_23,Part 82,2021-10-23,82,0,0,90,84,86
part_82__2021_10_24,Part 82,2021-10-24,82,0,0,90,84,86
part_82__2021_10_25,Part 82,2021-10-25,82,82,76,81,94,96
part_82__2021_10_26,Part 82,2021-10-26,82,82,76,81,0,0
part_82__2021_10_27,Part 82,2021-10-27,83,82,76,0,0,81
part_82__2021_10_28,Part 82,2021-10-28,83,82,0,0,76,81
part_82__2021_10_29,Part 82,2021-10-29,87,0,0,81,77,81
part_82__2021_10_30,Part 82,2021-10-30,87,0,0,81,77,81
part_82__2021_11_01,Part 82,2021-11-01,90,80,79,83,93,94
part_83__2021_09_13,Part 83,2021-09-13,0,0,0,0,0,0
part_83__2021_09_14,Part 83,2021-09-14,0,21,19,18,0,0
part_83__2021_09_15,Part 83,2021-09-15,0,0,0,0,0,21
part_83__2021_09_16,Part 83,2021-09-16,0,0,0,0,21,19
part_83__2021_09_17,Part 83,2021-09-17,0,0,0,21,19,19
part_83__2021_09_18,Part 83,2021-09-18,0,0,0,21,19,19
part_83__2021_09_19,Part 83,2021-09-19,0,0,0,21,19,19
part_83__2021_09_20,Part 83,2021-09-20,0,0,0,21,19,19
part_83__2021_09_21,Part 83,2021-09-21,0,0,0,21,19,19
part_83__2021_09_22,Part 83,2021-09-22,0,0,0,21,19,19
part_83__2021_09_23,Part 83,2021-09-23,0,0,0,21,19,19
part_83__2021_09_24,Part 83,2021-09-24,0,0,0,21,19,19
part_83__2021_09_25,Part 83,2021-09-25,0,0,0,21,19,19
part_83__2021_09_26,Part 83,2021-09-26,0,0,0,21,19,19
part_83__2021_09_27,Part 83,2021-09-27,21,11,10,18,20,24
part_83__2021_09_28,Part 83,2021-09-28,13,5,11,18,29,0
part_83__2021_09_29,Part 83,2021-09-29,6,6,13,0,0,26
part_83__2021_09_30,Part 83,2021-09-30,7,10,0,0,15,23
part_83__2021_10_01,Part 83,2021-10-01,9,0,0,11,15,22
part_83__2021_10_02,Part 83,2021-10-02,0,0,13,12,17,22
part_83__2021_10_03,Part 83,2021-10-03,0,0,13,12,17,22
part_83__2021_10_04,Part 83,2021-10-04,13,12,17,22,15,6
part_83__2021_10_05,Part 83,2021-10-05,17,14,15,17,18,0
part_83__2021_10_06,Part 83,2021-10-06,20,14,16,0,0,0
part_83__2021_10_07,Part 83,2021-10-07,15,12,0,0,0,0
part_83__2021_10_08,Part 83,2021-10-08,12,0,0,0,7,12
part_83__2021_10_09,Part 83,2021-10-09,12,0,0,0,7,12
part_83__2021_10_10,Part 83,2021-10-10,12,0,0,0,7,12
part_83__2021_10_11,Part 83,2021-10-11,12,0,0,0,7,12
part_83__2021_10_12,Part 83,2021-10-12,7,12,25,22,7,0
part_83__2021_10_13,Part 83,2021-10-13,9,16,27,17,0,3
part_83__2021_10_14,Part 83,2021-10-14,14,23,0,0,20,19
part_83__2021_10_15,Part 83,2021-10-15,14,0,0,22,19,19
part_83__2021_10_16,Part 83,2021-10-16,0,0,18,20,19,19
part_83__2021_10_17,Part 83,2021-10-17,0,0,18,20,19,19
part_83__2021_10_18,Part 83,2021-10-18,18,20,19,19,10,5
part_83__2021_10_19,Part 83,2021-10-19,16,20,19,16,7,0
part_83__2021_10_20,Part 83,2021-10-20,15,19,19,0,0,12
part_83__2021_10_21,Part 83,2021-10-21,16,14,0,0,12,17
part_83__2021_10_22,Part 83,2021-10-22,17,0,0,11,14,12
part_83__2021_10_23,Part 83,2021-10-23,17,0,0,11,14,12
part_83__2021_10_24,Part 83,2021-10-24,17,0,0,11,14,12
part_83__2021_10_25,Part 83,2021-10-25,11,14,11,11,6,6
part_83__2021_10_26,Part 83,2021-10-26,13,13,11,10,0,0
part_83__2021_10_27,Part 83,2021-10-27,15,11,11,0,0,10
part_83__2021_10_28,Part 83,2021-10-28,16,10,0,0,10,10
part_83__2021_10_29,Part 83,2021-10-29,12,0,0,10,10,10
part_83__2021_10_30,Part 83,2021-10-30,12,0,0,10,10,10
part_83__2021_11_01,Part 83,2021-11-01,12,10,10,12,11,7
part_84__2021_09_13,Part 84,2021-09-13,0,0,0,0,0,0
part_84__2021_09_14,Part 84,2021-09-14,0,21,19,18,0,0
part_84__2021_09_15,Part 84,2021-09-15,0,0,0,0,0,21
part_84__2021_09_16,Part 84,2021-09-16,0,0,0,0,21,19
part_84__2021_09_17,Part 84,2021-09-17,0,0,0,21,19,19
part_84__2021_09_18,Part 84,2021-09-18,0,0,0,21,19,19
part_84__2021_09_19,Part 84,2021-09-19,0,0,0,21,19,19
part_84__2021_09_20,Part 84,2021-09-20,0,0,0,21,19,19
part_84__2021_09_21,Part 84,2021-09-21,0,0,0,21,19,19
part_84__2021_09_22,Part 84,2021-09-22,0,0,0,21,19,19
part_84__2021_09_23,Part 84,2021-09-23,0,0,0,21,19,19
part_84__2021_09_24,Part 84,2021-09-24,0,0,0,21,19,19
part_84__2021_09_25,Part 84,2021-09-25,0,0,0,21,19,19
part_84__2021_09_26,Part 84,2021-09-26,0,0,0,21,19,19
part_84__2021_09_27,Part 84,2021-09-27,21,11,10,18,20,24
part_84__2021_09_28,Part 84,2021-09-28,13,5,11,18,29,0
part_84__2021_09_29,Part 84,2021-09-29,6,6,13,0,0,26
part_84__2021_09_30,Part 84,2021-09-30,7,10,0,0,15,23
part_84__2021_10_01,Part 84,2021-10-01,9,0,0,11,15,22
part_84__2021_10_02,Part 84,2021-10-02,0,0,13,12,17,22
part_84__2021_10_03,Part 84,2021-10-03,0,0,13,12,17,22
part_84__2021_10_04,Part 84,2021-10-04,13,12,17,22,15,6
part_84__2021_10_05,Part 84,2021-10-05,17,14,15,17,18,0
part_84__2021_10_06,Part 84,2021-10-06,20,14,16,0,0,0
part_84__2021_10_07,Part 84,2021-10-07,15,12,0,0,0,0
part_84__2021_10_08,Part 84,2021-10-08,12,0,0,0,7,12
part_84__2021_10_09,Part 84,2021-10-09,12,0,0,0,7,12
part_84__2021_10_10,Part 84,2021-10-10,12,0,0,0,7,12
part_84__2021_10_11,Part 84,2021-10-11,12,0,0,0,7,12
part_84__2021_10_12,Part 84,2021-10-12,7,12,25,22,7,0
part_84__2021_10_13,Part 84,2021-10-13,9,16,27,17,0,3
part_84__2021_10_14,Part 84,2021-10-14,14,23,0,0,20,19
part_84__2021_10_15,Part 84,2021-10-15,14,0,0,22,19,19
part_84__2021_10_16,Part 84,2021-10-16,0,0,18,20,19,19
part_84__2021_10_17,Part 84,2021-10-17,0,0,18,20,19,19
part_84__2021_10_18,Part 84,2021-10-18,18,20,19,19,10,5
part_84__2021_10_19,Part 84,2021-10-19,16,20,19,16,7,0
part_84__2021_10_20,Part 84,2021-10-20,15,19,19,0,0,12
part_84__2021_10_21,Part 84,2021-10-21,16,14,0,0,12,17
part_84__2021_10_22,Part 84,2021-10-22,17,0,0,11,14,12
part_84__2021_10_23,Part 84,2021-10-23,17,0,0,11,14,12
part_84__2021_10_24,Part 84,2021-10-24,17,0,0,11,14,12
part_84__2021_10_25,Part 84,2021-10-25,11,14,11,11,6,6
part_84__2021_10_26,Part 84,2021-10-26,13,13,11,10,0,0
part_84__2021_10_27,Part 84,2021-10-27,15,11,11,0,0,10
part_84__2021_10_28,Part 84,2021-10-28,16,10,0,0,10,10
part_84__2021_10_29,Part 84,2021-10-29,12,0,0,10,10,10
part_84__2021_10_30,Part 84,2021-10-30,12,0,0,10,10,10
part_84__2021_11_01,Part 84,2021-11-01,12,10,10,12,11,7
part_85__2021_09_13,Part 85,2021-09-13,0,3,4,3,6,0
part_85__2021_09_14,Part 85,2021-09-14,3,4,1,5,0,0
part_85__2021_09_15,Part 85,2021-09-15,6,8,7,0,0,0
part_85__2021_09_16,Part 85,2021-09-16,5,13,0,0,0,0
part_85__2021_09_17,Part 85,2021-09-17,13,3,0,0,0,0
part_85__2021_09_18,Part 85,2021-09-18,13,3,0,0,0,0
part_85__2021_09_19,Part 85,2021-09-19,13,3,0,0,0,0
part_85__2021_09_20,Part 85,2021-09-20,13,3,0,0,0,0
part_85__2021_09_21,Part 85,2021-09-21,13,3,0,0,0,0
part_85__2021_09_22,Part 85,2021-09-22,13,3,0,0,0,0
part_85__2021_09_23,Part 85,2021-09-23,13,3,0,0,0,0
part_85__2021_09_24,Part 85,2021-09-24,13,3,0,0,0,0
part_85__2021_09_25,Part 85,2021-09-25,13,3,0,0,0,0
part_85__2021_09_26,Part 85,2021-09-26,13,3,0,0,0,0
part_85__2021_09_27,Part 85,2021-09-27,0,0,0,0,3,0
part_85__2021_09_28,Part 85,2021-09-28,0,0,0,3,0,0
part_85__2021_09_29,Part 85,2021-09-29,0,0,3,0,0,1
part_85__2021_09_30,Part 85,2021-09-30,2,1,0,0,1,0
part_85__2021_10_01,Part 85,2021-10-01,3,0,0,1,0,12
part_85__2021_10_02,Part 85,2021-10-02,0,0,1,0,10,8
part_85__2021_10_03,Part 85,2021-10-03,0,0,1,0,10,8
part_85__2021_10_04,Part 85,2021-10-04,1,0,10,8,0,2
part_85__2021_10_05,Part 85,2021-10-05,1,10,8,0,2,0
part_85__2021_10_06,Part 85,2021-10-06,11,7,0,1,0,0
part_85__2021_10_07,Part 85,2021-10-07,14,0,0,0,0,8
part_85__2021_10_08,Part 85,2021-10-08,7,0,0,0,3,11
part_85__2021_10_09,Part 85,2021-10-09,7,0,0,0,3,11
part_85__2021_10_10,Part 85,2021-10-10,7,0,0,0,3,11
part_85__2021_10_11,Part 85,2021-10-11,7,0,0,0,3,11
part_85__2021_10_12,Part 85,2021-10-12,2,7,10,12,0,0
part_85__2021_10_13,Part 85,2021-10-13,11,8,12,12,0,0
part_85__2021_10_14,Part 85,2021-10-14,12,9,12,0,4,2
part_85__2021_10_15,Part 85,2021-10-15,12,10,0,6,0,12
part_85__2021_10_16,Part 85,2021-10-16,12,0,7,0,11,12
part_85__2021_10_17,Part 85,2021-10-17,12,0,7,0,11,12
part_85__2021_10_18,Part 85,2021-10-18,11,0,9,12,12,0
part_85__2021_10_19,Part 85,2021-10-19,1,7,22,23,0,0
part_85__2021_10_20,Part 85,2021-10-20,8,20,23,0,0,22
part_85__2021_10_21,Part 85,2021-10-21,23,21,0,0,22,22
part_85__2021_10_22,Part 85,2021-10-22,29,0,0,22,22,22
part_85__2021_10_23,Part 85,2021-10-23,29,0,0,22,22,22
part_85__2021_10_24,Part 85,2021-10-24,29,0,0,22,22,22
part_85__2021_10_25,Part 85,2021-10-25,25,22,21,24,11,0
part_85__2021_10_26,Part 85,2021-10-26,28,21,23,14,0,0
part_85__2021_10_27,Part 85,2021-10-27,29,21,14,0,0,15
part_85__2021_10_28,Part 85,2021-10-28,31,11,0,0,15,6
part_85__2021_10_29,Part 85,2021-10-29,20,0,0,13,7,2
part_85__2021_10_30,Part 85,2021-10-30,20,0,0,13,7,2
part_85__2021_11_01,Part 85,2021-11-01,19,8,1,3,23,0
part_86__2021_09_13,Part 86,2021-09-13,0,0,0,0,0,0
part_86__2021_09_14,Part 86,2021-09-14,0,0,0,0,0,0
part_86__2021_09_15,Part 86,2021-09-15,0,0,1,0,0,0
part_86__2021_09_16,Part 86,2021-09-16,0,0,0,0,0,0
part_86__2021_09_17,Part 86,2021-09-17,0,3,2,0,0,0
part_86__2021_09_18,Part 86,2021-09-18,0,3,2,0,0,0
part_86__2021_09_19,Part 86,2021-09-19,0,3,2,0,0,0
part_86__2021_09_20,Part 86,2021-09-20,0,3,2,0,0,0
part_86__2021_09_21,Part 86,2021-09-21,0,3,2,0,0,0
part_86__2021_09_22,Part 86,2021-09-22,0,3,2,0,0,0
part_86__2021_09_23,Part 86,2021-09-23,0,3,2,0,0,0
part_86__2021_09_24,Part 86,2021-09-24,0,3,2,0,0,0
part_86__2021_09_25,Part 86,2021-09-25,0,3,2,0,0,0
part_86__2021_09_26,Part 86,2021-09-26,0,3,2,0,0,0
part_86__2021_09_27,Part 86,2021-09-27,0,0,0,5,1,0
part_86__2021_09_28,Part 86,2021-09-28,0,0,5,2,0,0
part_86__2021_09_29,Part 86,2021-09-29,0,5,2,0,0,1
part_86__2021_09_30,Part 86,2021-09-30,1,5,0,0,1,0
part_86__2021_10_01,Part 86,2021-10-01,2,0,0,4,0,1
part_86__2021_10_02,Part 86,2021-10-02,0,0,2,4,0,2
part_86__2021_10_03,Part 86,2021-10-03,0,0,2,4,0,2
part_86__2021_10_04,Part 86,2021-10-04,2,4,0,2,0,0
part_86__2021_10_05,Part 86,2021-10-05,1,4,2,0,0,0
part_86__2021_10_06,Part 86,2021-10-06,1,6,0,0,0,0
part_86__2021_10_07,Part 86,2021-10-07,3,4,0,0,0,0
part_86__2021_10_08,Part 86,2021-10-08,2,4,0,0,0,1
part_86__2021_10_09,Part 86,2021-10-09,2,4,0,0,0,1
part_86__2021_10_10,Part 86,2021-10-10,2,4,0,0,0,1
part_86__2021_10_11,Part 86,2021-10-11,2,4,0,0,0,1
part_86__2021_10_12,Part 86,2021-10-12,1,4,1,0,0,0
part_86__2021_10_13,Part 86,2021-10-13,2,4,0,0,0,0
part_86__2021_10_14,Part 86,2021-10-14,1,5,0,0,0,0
part_86__2021_10_15,Part 86,2021-10-15,3,3,0,0,0,0
part_86__2021_10_16,Part 86,2021-10-16,6,0,0,0,0,0
part_86__2021_10_17,Part 86,2021-10-17,6,0,0,0,0,0
part_86__2021_10_18,Part 86,2021-10-18,3,0,0,0,0,0
part_86__2021_10_19,Part 86,2021-10-19,2,1,0,0,0,0
part_86__2021_10_20,Part 86,2021-10-20,1,2,0,0,0,0
part_86__2021_10_21,Part 86,2021-10-21,1,2,0,0,0,0
part_86__2021_10_22,Part 86,2021-10-22,3,0,0,0,0,2
part_86__2021_10_23,Part 86,2021-10-23,3,0,0,0,0,2
part_86__2021_10_24,Part 86,2021-10-24,3,0,0,0,0,2
part_86__2021_10_25,Part 86,2021-10-25,3,0,1,2,2,0
part_86__2021_10_26,Part 86,2021-10-26,1,1,2,2,0,0
part_86__2021_10_27,Part 86,2021-10-27,1,3,2,0,0,0
part_86__2021_10_28,Part 86,2021-10-28,1,4,0,0,1,0
part_86__2021_10_29,Part 86,2021-10-29,2,0,0,4,0,0
part_86__2021_10_30,Part 86,2021-10-30,2,0,0,4,0,0
part_86__2021_11_01,Part 86,2021-11-01,3,2,0,0,0,0
part_87__2021_09_13,Part 87,2021-09-13,23,15,14,15,12,0
part_87__2021_09_14,Part 87,2021-09-14,20,14,17,13,0,0
part_87__2021_09_15,Part 87,2021-09-15,18,10,10,0,0,0
part_87__2021_09_16,Part 87,2021-09-16,21,5,0,0,0,0
part_87__2021_09_17,Part 87,2021-09-17,16,12,16,0,0,0
part_87__2021_09_18,Part 87,2021-09-18,16,12,16,0,0,0
part_87__2021_09_19,Part 87,2021-09-19,16,12,16,0,0,0
part_87__2021_09_20,Part 87,2021-09-20,16,12,16,0,0,0
part_87__2021_09_21,Part 87,2021-09-21,16,12,16,0,0,0
part_87__2021_09_22,Part 87,2021-09-22,16,12,16,0,0,0
part_87__2021_09_23,Part 87,2021-09-23,16,12,16,0,0,0
part_87__2021_09_24,Part 87,2021-09-24,16,12,16,0,0,0
part_87__2021_09_25,Part 87,2021-09-25,16,12,16,0,0,0
part_87__2021_09_26,Part 87,2021-09-26,16,12,16,0,0,0
part_87__2021_09_27,Part 87,2021-09-27,0,0,0,20,14,0
part_87__2021_09_28,Part 87,2021-09-28,0,0,22,13,0,0
part_87__2021_09_29,Part 87,2021-09-29,0,22,13,0,0,16
part_87__2021_09_30,Part 87,2021-09-30,25,12,0,0,16,18
part_87__2021_10_01,Part 87,2021-10-01,27,0,0,13,18,5
part_87__2021_10_02,Part 87,2021-10-02,0,0,27,14,8,8
part_87__2021_10_03,Part 87,2021-10-03,0,0,27,14,8,8
part_87__2021_10_04,Part 87,2021-10-04,27,14,8,8,18,16
part_87__2021_10_05,Part 87,2021-10-05,29,4,8,18,16,0
part_87__2021_10_06,Part 87,2021-10-06,19,5,18,17,0,0
part_87__2021_10_07,Part 87,2021-10-07,11,14,18,0,0,10
part_87__2021_10_08,Part 87,2021-10-08,18,14,0,0,15,6
part_87__2021_10_09,Part 87,2021-10-09,18,14,0,0,15,6
part_87__2021_10_10,Part 87,2021-10-10,18,14,0,0,15,6
part_87__2021_10_11,Part 87,2021-10-11,18,14,0,0,15,6
part_87__2021_10_12,Part 87,2021-10-12,21,7,7,6,0,0
part_87__2021_10_13,Part 87,2021-10-13,14,6,6,6,0,18
part_87__2021_10_14,Part 87,2021-10-14,10,4,6,0,14,16
part_87__2021_10_15,Part 87,2021-10-15,7,5,0,12,18,6
part_87__2021_10_16,Part 87,2021-10-16,5,0,11,18,7,6
part_87__2021_10_17,Part 87,2021-10-17,5,0,11,18,7,6
part_87__2021_10_18,Part 87,2021-10-18,9,18,9,6,6,0
part_87__2021_10_19,Part 87,2021-10-19,19,10,12,11,0,0
part_87__2021_10_20,Part 87,2021-10-20,13,12,11,0,0,12
part_87__2021_10_21,Part 87,2021-10-21,13,11,0,0,12,12
part_87__2021_10_22,Part 87,2021-10-22,13,0,0,12,12,10
part_87__2021_10_23,Part 87,2021-10-23,13,0,0,12,12,10
part_87__2021_10_24,Part 87,2021-10-24,13,0,0,12,12,10
part_87__2021_10_25,Part 87,2021-10-25,14,12,12,8,21,0
part_87__2021_10_26,Part 87,2021-10-26,12,12,9,18,0,0
part_87__2021_10_27,Part 87,2021-10-27,13,10,18,0,0,19
part_87__2021_10_28,Part 87,2021-10-28,9,19,0,0,18,28
part_87__2021_10_29,Part 87,2021-10-29,20,0,0,17,27,32
part_87__2021_10_30,Part 87,2021-10-30,20,0,0,17,27,32
part_87__2021_11_01,Part 87,2021-11-01,17,24,33,31,11,0
part_88__2021_09_13,Part 88,2021-09-13,4,0,0,2,7,0
part_88__2021_09_14,Part 88,2021-09-14,0,11,2,0,0,0
part_88__2021_09_15,Part 88,2021-09-15,0,8,5,0,0,0
part_88__2021_09_16,Part 88,2021-09-16,12,1,0,0,0,0
part_88__2021_09_17,Part 88,2021-09-17,7,0,26,0,0,0
part_88__2021_09_18,Part 88,2021-09-18,7,0,26,0,0,0
part_88__2021_09_19,Part 88,2021-09-19,7,0,26,0,0,0
part_88__2021_09_20,Part 88,2021-09-20,7,0,26,0,0,0
part_88__2021_09_21,Part 88,2021-09-21,7,0,26,0,0,0
part_88__2021_09_22,Part 88,2021-09-22,7,0,26,0,0,0
part_88__2021_09_23,Part 88,2021-09-23,7,0,26,0,0,0
part_88__2021_09_24,Part 88,2021-09-24,7,0,26,0,0,0
part_88__2021_09_25,Part 88,2021-09-25,7,0,26,0,0,0
part_88__2021_09_26,Part 88,2021-09-26,7,0,26,0,0,0
part_88__2021_09_27,Part 88,2021-09-27,32,1,0,0,0,0
part_88__2021_09_28,Part 88,2021-09-28,2,0,0,0,0,0
part_88__2021_09_29,Part 88,2021-09-29,0,0,0,0,0,10
part_88__2021_09_30,Part 88,2021-09-30,0,0,0,0,10,0
part_88__2021_10_01,Part 88,2021-10-01,10,0,0,0,0,0
part_88__2021_10_02,Part 88,2021-10-02,0,0,0,0,0,19
part_88__2021_10_03,Part 88,2021-10-03,0,0,0,0,0,19
part_88__2021_10_04,Part 88,2021-10-04,0,0,0,19,85,0
part_88__2021_10_05,Part 88,2021-10-05,0,0,8,77,19,0
part_88__2021_10_06,Part 88,2021-10-06,0,6,68,30,0,0
part_88__2021_10_07,Part 88,2021-10-07,0,73,31,0,0,0
part_88__2021_10_08,Part 88,2021-10-08,71,2,0,0,39,31
part_88__2021_10_09,Part 88,2021-10-09,71,2,0,0,39,31
part_88__2021_10_10,Part 88,2021-10-10,71,2,0,0,39,31
part_88__2021_10_11,Part 88,2021-10-11,71,2,0,0,39,31
part_88__2021_10_12,Part 88,2021-10-12,24,48,1,0,0,0
part_88__2021_10_13,Part 88,2021-10-13,72,1,0,0,0,0
part_88__2021_10_14,Part 88,2021-10-14,15,0,0,0,0,68
part_88__2021_10_15,Part 88,2021-10-15,0,0,0,0,53,69
part_88__2021_10_16,Part 88,2021-10-16,0,0,0,38,79,5
part_88__2021_10_17,Part 88,2021-10-17,0,0,0,38,79,5
part_88__2021_10_18,Part 88,2021-10-18,0,28,89,5,0,0
part_88__2021_10_19,Part 88,2021-10-19,12,97,13,0,0,0
part_88__2021_10_20,Part 88,2021-10-20,108,9,5,0,0,0
part_88__2021_10_21,Part 88,2021-10-21,43,5,0,0,0,95
part_88__2021_10_22,Part 88,2021-10-22,5,0,0,0,132,109
part_88__2021_10_23,Part 88,2021-10-23,5,0,0,0,132,109
part_88__2021_10_24,Part 88,2021-10-24,5,0,0,0,132,109
part_88__2021_10_25,Part 88,2021-10-25,0,79,153,16,51,0
part_88__2021_10_26,Part 88,2021-10-26,56,170,22,19,0,0
part_88__2021_10_27,Part 88,2021-10-27,215,25,14,0,0,19
part_88__2021_10_28,Part 88,2021-10-28,28,13,0,0,76,0
part_88__2021_10_29,Part 88,2021-10-29,13,0,0,1,0,79
part_88__2021_10_30,Part 88,2021-10-30,13,0,0,1,0,79
part_88__2021_11_01,Part 88,2021-11-01,11,0,31,33,12,0
part_89__2021_09_13,Part 89,2021-09-13,16,0,3,1,0,0
part_89__2021_09_14,Part 89,2021-09-14,0,6,0,1,0,0
part_89__2021_09_15,Part 89,2021-09-15,0,6,0,0,0,0
part_89__2021_09_16,Part 89,2021-09-16,4,0,0,0,0,0
part_89__2021_09_17,Part 89,2021-09-17,0,0,5,0,0,0
part_89__2021_09_18,Part 89,2021-09-18,0,0,5,0,0,0
part_89__2021_09_19,Part 89,2021-09-19,0,0,5,0,0,0
part_89__2021_09_20,Part 89,2021-09-20,0,0,5,0,0,0
part_89__2021_09_21,Part 89,2021-09-21,0,0,5,0,0,0
part_89__2021_09_22,Part 89,2021-09-22,0,0,5,0,0,0
part_89__2021_09_23,Part 89,2021-09-23,0,0,5,0,0,0
part_89__2021_09_24,Part 89,2021-09-24,0,0,5,0,0,0
part_89__2021_09_25,Part 89,2021-09-25,0,0,5,0,0,0
part_89__2021_09_26,Part 89,2021-09-26,0,0,5,0,0,0
part_89__2021_09_27,Part 89,2021-09-27,26,0,0,0,0,0
part_89__2021_09_28,Part 89,2021-09-28,0,0,0,0,0,0
part_89__2021_09_29,Part 89,2021-09-29,0,0,0,0,0,68
part_89__2021_09_30,Part 89,2021-09-30,0,0,0,0,66,2
part_89__2021_10_01,Part 89,2021-10-01,0,0,0,66,2,0
part_89__2021_10_02,Part 89,2021-10-02,0,0,65,3,0,4
part_89__2021_10_03,Part 89,2021-10-03,0,0,65,3,0,4
part_89__2021_10_04,Part 89,2021-10-04,65,3,0,4,33,0
part_89__2021_10_05,Part 89,2021-10-05,24,0,2,23,0,0
part_89__2021_10_06,Part 89,2021-10-06,0,1,24,0,0,0
part_89__2021_10_07,Part 89,2021-10-07,1,24,0,0,0,2
part_89__2021_10_08,Part 89,2021-10-08,24,0,0,0,1,1
part_89__2021_10_09,Part 89,2021-10-09,24,0,0,0,1,1
part_89__2021_10_10,Part 89,2021-10-10,24,0,0,0,1,1
part_89__2021_10_11,Part 89,2021-10-11,24,0,0,0,1,1
part_89__2021_10_12,Part 89,2021-10-12,0,2,0,0,0,0
part_89__2021_10_13,Part 89,2021-10-13,2,0,0,0,0,0
part_89__2021_10_14,Part 89,2021-10-14,0,0,0,0,0,5
part_89__2021_10_15,Part 89,2021-10-15,0,0,0,0,4,3
part_89__2021_10_16,Part 89,2021-10-16,0,0,0,3,4,4
part_89__2021_10_17,Part 89,2021-10-17,0,0,0,3,4,4
part_89__2021_10_18,Part 89,2021-10-18,0,3,4,4,2,0
part_89__2021_10_19,Part 89,2021-10-19,0,0,0,0,0,0
part_89__2021_10_20,Part 89,2021-10-20,0,0,0,0,0,21
part_89__2021_10_21,Part 89,2021-10-21,0,0,0,0,21,0
part_89__2021_10_22,Part 89,2021-10-22,0,0,0,21,0,0
part_89__2021_10_23,Part 89,2021-10-23,0,0,0,21,0,0
part_89__2021_10_24,Part 89,2021-10-24,0,0,0,21,0,0
part_89__2021_10_25,Part 89,2021-10-25,20,1,0,14,33,0
part_89__2021_10_26,Part 89,2021-10-26,15,0,8,44,0,0
part_89__2021_10_27,Part 89,2021-10-27,0,8,40,0,0,28
part_89__2021_10_28,Part 89,2021-10-28,6,39,0,0,31,0
part_89__2021_10_29,Part 89,2021-10-29,38,0,0,6,0,8
part_89__2021_10_30,Part 89,2021-10-30,38,0,0,6,0,8
part_89__2021_11_01,Part 89,2021-11-01,9,0,3,2,4,0
part_9__2021_09_13,Part 9,2021-09-13,1,0,0,0,0,0
part_9__2021_09_14,Part 9,2021-09-14,2,1,1,1,0,0
part_9__2021_09_15,Part 9,2021-09-15,2,1,1,0,0,1
part_9__2021_09_16,Part 9,2021-09-16,2,1,0,0,1,1
part_9__2021_09_17,Part 9,2021-09-17,2,0,0,0,0,0
part_9__2021_09_18,Part 9,2021-09-18,2,0,0,0,0,0
part_9__2021_09_19,Part 9,2021-09-19,2,0,0,0,0,0
part_9__2021_09_20,Part 9,2021-09-20,2,0,0,0,0,0
part_9__2021_09_21,Part 9,2021-09-21,2,0,0,0,0,0
part_9__2021_09_22,Part 9,2021-09-22,2,0,0,0,0,0
part_9__2021_09_23,Part 9,2021-09-23,2,0,0,0,0,0
part_9__2021_09_24,Part 9,2021-09-24,2,0,0,0,0,0
part_9__2021_09_25,Part 9,2021-09-25,2,0,0,0,0,0
part_9__2021_09_26,Part 9,2021-09-26,2,0,0,0,0,0
part_9__2021_09_27,Part 9,2021-09-27,1,0,0,0,0,0
part_9__2021_09_28,Part 9,2021-09-28,21,25,25,1,0,0
part_9__2021_09_29,Part 9,2021-09-29,29,25,1,0,0,1
part_9__2021_09_30,Part 9,2021-09-30,6,1,0,0,1,1
part_9__2021_10_01,Part 9,2021-10-01,5,0,0,1,1,1
part_9__2021_10_02,Part 9,2021-10-02,0,0,5,1,1,1
part_9__2021_10_03,Part 9,2021-10-03,0,0,5,1,1,1
part_9__2021_10_04,Part 9,2021-10-04,5,1,1,1,1,1
part_9__2021_10_05,Part 9,2021-10-05,5,1,1,1,1,0
part_9__2021_10_06,Part 9,2021-10-06,5,1,1,1,0,0
part_9__2021_10_07,Part 9,2021-10-07,5,1,1,0,0,1
part_9__2021_10_08,Part 9,2021-10-08,5,1,0,0,1,1
part_9__2021_10_09,Part 9,2021-10-09,5,1,0,0,1,1
part_9__2021_10_10,Part 9,2021-10-10,5,1,0,0,1,1
part_9__2021_10_11,Part 9,2021-10-11,5,1,0,0,1,1
part_9__2021_10_12,Part 9,2021-10-12,5,1,1,1,1,0
part_9__2021_10_13,Part 9,2021-10-13,5,1,1,1,0,1
part_9__2021_10_14,Part 9,2021-10-14,5,1,1,0,1,1
part_9__2021_10_15,Part 9,2021-10-15,5,1,0,1,1,56
part_9__2021_10_16,Part 9,2021-10-16,5,0,1,1,1,1
part_9__2021_10_17,Part 9,2021-10-17,5,0,1,1,1,1
part_9__2021_10_18,Part 9,2021-10-18,5,1,1,1,1,1
part_9__2021_10_19,Part 9,2021-10-19,5,1,1,1,1,0
part_9__2021_10_20,Part 9,2021-10-20,0,1,1,1,0,48
part_9__2021_10_21,Part 9,2021-10-21,0,1,1,0,48,59
part_9__2021_10_22,Part 9,2021-10-22,1,1,0,36,68,64
part_9__2021_10_23,Part 9,2021-10-23,1,1,0,36,68,64
part_9__2021_10_24,Part 9,2021-10-24,1,1,0,36,68,64
part_9__2021_10_25,Part 9,2021-10-25,47,60,64,64,56,0
part_9__2021_10_26,Part 9,2021-10-26,46,77,64,64,0,0
part_9__2021_10_27,Part 9,2021-10-27,73,55,64,0,0,0
part_9__2021_10_28,Part 9,2021-10-28,66,64,0,0,0,0
part_9__2021_10_29,Part 9,2021-10-29,16,0,0,1,1,1
part_9__2021_10_30,Part 9,2021-10-30,16,0,0,1,1,1
part_9__2021_11_01,Part 9,2021-11-01,3,0,0,0,0,0
part_90__2021_09_13,Part 90,2021-09-13,23,15,14,15,12,0
part_90__2021_09_14,Part 90,2021-09-14,20,14,17,13,0,0
part_90__2021_09_15,Part 90,2021-09-15,18,10,10,0,0,0
part_90__2021_09_16,Part 90,2021-09-16,21,5,0,0,0,0
part_90__2021_09_17,Part 90,2021-09-17,16,12,16,0,0,0
part_90__2021_09_18,Part 90,2021-09-18,16,12,16,0,0,0
part_90__2021_09_19,Part 90,2021-09-19,16,12,16,0,0,0
part_90__2021_09_20,Part 90,2021-09-20,16,12,16,0,0,0
part_90__2021_09_21,Part 90,2021-09-21,16,12,16,0,0,0
part_90__2021_09_22,Part 90,2021-09-22,16,12,16,0,0,0
part_90__2021_09_23,Part 90,2021-09-23,16,12,16,0,0,0
part_90__2021_09_24,Part 90,2021-09-24,16,12,16,0,0,0
part_90__2021_09_25,Part 90,2021-09-25,16,12,16,0,0,0
part_90__2021_09_26,Part 90,2021-09-26,16,12,16,0,0,0
part_90__2021_09_27,Part 90,2021-09-27,0,0,0,20,14,0
part_90__2021_09_28,Part 90,2021-09-28,0,0,22,13,0,0
part_90__2021_09_29,Part 90,2021-09-29,0,22,13,0,0,16
part_90__2021_09_30,Part 90,2021-09-30,25,12,0,0,16,18
part_90__2021_10_01,Part 90,2021-10-01,27,0,0,13,18,5
part_90__2021_10_02,Part 90,2021-10-02,0,0,27,14,8,8
part_90__2021_10_03,Part 90,2021-10-03,0,0,27,14,8,8
part_90__2021_10_04,Part 90,2021-10-04,27,14,8,8,18,16
part_90__2021_10_05,Part 90,2021-10-05,29,4,8,18,16,0
part_90__2021_10_06,Part 90,2021-10-06,19,5,18,17,0,0
part_90__2021_10_07,Part 90,2021-10-07,11,14,18,0,0,10
part_90__2021_10_08,Part 90,2021-10-08,18,14,0,0,15,6
part_90__2021_10_09,Part 90,2021-10-09,18,14,0,0,15,6
part_90__2021_10_10,Part 90,2021-10-10,18,14,0,0,15,6
part_90__2021_10_11,Part 90,2021-10-11,18,14,0,0,15,6
part_90__2021_10_12,Part 90,2021-10-12,21,7,7,6,0,0
part_90__2021_10_13,Part 90,2021-10-13,14,6,6,6,0,18
part_90__2021_10_14,Part 90,2021-10-14,10,4,6,0,14,16
part_90__2021_10_15,Part 90,2021-10-15,7,5,0,12,18,6
part_90__2021_10_16,Part 90,2021-10-16,5,0,11,18,7,6
part_90__2021_10_17,Part 90,2021-10-17,5,0,11,18,7,6
part_90__2021_10_18,Part 90,2021-10-18,9,18,9,6,6,0
part_90__2021_10_19,Part 90,2021-10-19,19,10,12,11,0,0
part_90__2021_10_20,Part 90,2021-10-20,13,12,11,0,0,12
part_90__2021_10_21,Part 90,2021-10-21,13,11,0,0,12,12
part_90__2021_10_22,Part 90,2021-10-22,13,0,0,12,12,10
part_90__2021_10_23,Part 90,2021-10-23,13,0,0,12,12,10
part_90__2021_10_24,Part 90,2021-10-24,13,0,0,12,12,10
part_90__2021_10_25,Part 90,2021-10-25,14,12,12,8,21,0
part_90__2021_10_26,Part 90,2021-10-26,12,12,9,18,0,0
part_90__2021_10_27,Part 90,2021-10-27,13,10,18,0,0,19
part_90__2021_10_28,Part 90,2021-10-28,9,19,0,0,18,28
part_90__2021_10_29,Part 90,2021-10-29,20,0,0,17,27,32
part_90__2021_10_30,Part 90,2021-10-30,20,0,0,17,27,32
part_90__2021_11_01,Part 90,2021-11-01,17,24,33,31,11,0
part_91__2021_09_13,Part 91,2021-09-13,46,36,36,36,36,0
part_91__2021_09_14,Part 91,2021-09-14,46,36,36,36,0,0
part_91__2021_09_15,Part 91,2021-09-15,48,36,36,0,0,0
part_91__2021_09_16,Part 91,2021-09-16,52,36,0,0,0,0
part_91__2021_09_17,Part 91,2021-09-17,58,36,36,0,0,0
part_91__2021_09_18,Part 91,2021-09-18,58,36,36,0,0,0
part_91__2021_09_19,Part 91,2021-09-19,58,36,36,0,0,0
part_91__2021_09_20,Part 91,2021-09-20,58,36,36,0,0,0
part_91__2021_09_21,Part 91,2021-09-21,58,36,36,0,0,0
part_91__2021_09_22,Part 91,2021-09-22,58,36,36,0,0,0
part_91__2021_09_23,Part 91,2021-09-23,58,36,36,0,0,0
part_91__2021_09_24,Part 91,2021-09-24,58,36,36,0,0,0
part_91__2021_09_25,Part 91,2021-09-25,58,36,36,0,0,0
part_91__2021_09_26,Part 91,2021-09-26,58,36,36,0,0,0
part_91__2021_09_27,Part 91,2021-09-27,0,0,0,50,36,0
part_91__2021_09_28,Part 91,2021-09-28,0,0,54,36,0,0
part_91__2021_09_29,Part 91,2021-09-29,0,54,36,0,0,36
part_91__2021_09_30,Part 91,2021-09-30,56,36,0,0,36,36
part_91__2021_10_01,Part 91,2021-10-01,64,0,0,36,36,36
part_91__2021_10_02,Part 91,2021-10-02,0,0,60,36,36,36
part_91__2021_10_03,Part 91,2021-10-03,0,0,60,36,36,36
part_91__2021_10_04,Part 91,2021-10-04,60,36,36,36,36,36
part_91__2021_10_05,Part 91,2021-10-05,62,36,36,36,36,0
part_91__2021_10_06,Part 91,2021-10-06,62,36,36,36,0,0
part_91__2021_10_07,Part 91,2021-10-07,56,36,36,0,0,36
part_91__2021_10_08,Part 91,2021-10-08,54,36,0,0,36,36
part_91__2021_10_09,Part 91,2021-10-09,54,36,0,0,36,36
part_91__2021_10_10,Part 91,2021-10-10,54,36,0,0,36,36
part_91__2021_10_11,Part 91,2021-10-11,54,36,0,0,36,36
part_91__2021_10_12,Part 91,2021-10-12,48,36,36,36,0,0
part_91__2021_10_13,Part 91,2021-10-13,54,36,36,36,0,36
part_91__2021_10_14,Part 91,2021-10-14,46,36,36,0,36,36
part_91__2021_10_15,Part 91,2021-10-15,44,36,0,36,36,36
part_91__2021_10_16,Part 91,2021-10-16,46,0,36,36,36,36
part_91__2021_10_17,Part 91,2021-10-17,46,0,36,36,36,36
part_91__2021_10_18,Part 91,2021-10-18,46,36,36,36,36,0
part_91__2021_10_19,Part 91,2021-10-19,44,36,68,68,0,0
part_91__2021_10_20,Part 91,2021-10-20,44,68,68,0,0,68
part_91__2021_10_21,Part 91,2021-10-21,74,68,0,0,68,68
part_91__2021_10_22,Part 91,2021-10-22,90,0,0,68,68,68
part_91__2021_10_23,Part 91,2021-10-23,90,0,0,68,68,68
part_91__2021_10_24,Part 91,2021-10-24,90,0,0,68,68,68
part_91__2021_10_25,Part 91,2021-10-25,84,68,68,68,68,0
part_91__2021_10_26,Part 91,2021-10-26,82,68,68,68,0,0
part_91__2021_10_27,Part 91,2021-10-27,86,68,68,0,0,68
part_91__2021_10_28,Part 91,2021-10-28,82,68,0,0,68,68
part_91__2021_10_29,Part 91,2021-10-29,84,0,0,68,68,68
part_91__2021_10_30,Part 91,2021-10-30,84,0,0,68,68,68
part_91__2021_11_01,Part 91,2021-11-01,78,68,68,68,68,0
part_92__2021_09_13,Part 92,2021-09-13,266,4,554,554,554,0
part_92__2021_09_14,Part 92,2021-09-14,4,626,554,554,0,0
part_92__2021_09_15,Part 92,2021-09-15,0,562,490,0,0,0
part_92__2021_09_16,Part 92,2021-09-16,608,490,0,0,0,0
part_92__2021_09_17,Part 92,2021-09-17,566,554,554,0,0,0
part_92__2021_09_18,Part 92,2021-09-18,566,554,554,0,0,0
part_92__2021_09_19,Part 92,2021-09-19,566,554,554,0,0,0
part_92__2021_09_20,Part 92,2021-09-20,566,554,554,0,0,0
part_92__2021_09_21,Part 92,2021-09-21,566,554,554,0,0,0
part_92__2021_09_22,Part 92,2021-09-22,566,554,554,0,0,0
part_92__2021_09_23,Part 92,2021-09-23,566,554,554,0,0,0
part_92__2021_09_24,Part 92,2021-09-24,566,554,554,0,0,0
part_92__2021_09_25,Part 92,2021-09-25,566,554,554,0,0,0
part_92__2021_09_26,Part 92,2021-09-26,566,554,554,0,0,0
part_92__2021_09_27,Part 92,2021-09-27,640,554,574,554,564,0
part_92__2021_09_28,Part 92,2021-09-28,614,564,554,564,0,0
part_92__2021_09_29,Part 92,2021-09-29,638,586,596,0,0,554
part_92__2021_09_30,Part 92,2021-09-30,676,606,0,0,554,554
part_92__2021_10_01,Part 92,2021-10-01,666,0,0,586,586,586
part_92__2021_10_02,Part 92,2021-10-02,0,0,668,586,586,606
part_92__2021_10_03,Part 92,2021-10-03,0,0,668,586,586,606
part_92__2021_10_04,Part 92,2021-10-04,668,586,586,606,596,586
part_92__2021_10_05,Part 92,2021-10-05,670,586,606,596,586,0
part_92__2021_10_06,Part 92,2021-10-06,670,606,596,586,0,0
part_92__2021_10_07,Part 92,2021-10-07,666,596,586,0,0,596
part_92__2021_10_08,Part 92,2021-10-08,672,586,0,0,596,596
part_92__2021_10_09,Part 92,2021-10-09,672,586,0,0,596,596
part_92__2021_10_10,Part 92,2021-10-10,672,586,0,0,596,596
part_92__2021_10_11,Part 92,2021-10-11,672,586,0,0,596,596
part_92__2021_10_12,Part 92,2021-10-12,664,662,662,652,0,0
part_92__2021_10_13,Part 92,2021-10-13,724,662,652,652,0,586
part_92__2021_10_14,Part 92,2021-10-14,744,652,652,0,586,586
part_92__2021_10_15,Part 92,2021-10-15,726,652,0,586,586,586
part_92__2021_10_16,Part 92,2021-10-16,730,0,586,586,586,586
part_92__2021_10_17,Part 92,2021-10-17,730,0,586,586,586,586
part_92__2021_10_18,Part 92,2021-10-18,688,586,586,586,586,0
part_92__2021_10_19,Part 92,2021-10-19,658,586,550,550,0,0
part_92__2021_10_20,Part 92,2021-10-20,634,550,550,0,0,550
part_92__2021_10_21,Part 92,2021-10-21,586,618,0,0,550,550
part_92__2021_10_22,Part 92,2021-10-22,660,0,0,566,550,550
part_92__2021_10_23,Part 92,2021-10-23,660,0,0,566,550,550
part_92__2021_10_24,Part 92,2021-10-24,660,0,0,566,550,550
part_92__2021_10_25,Part 92,2021-10-25,636,550,550,566,550,0
part_92__2021_10_26,Part 92,2021-10-26,640,550,566,550,0,0
part_92__2021_10_27,Part 92,2021-10-27,628,578,550,0,0,586
part_92__2021_10_28,Part 92,2021-10-28,642,550,0,0,586,586
part_92__2021_10_29,Part 92,2021-10-29,630,0,0,102,0,586
part_92__2021_10_30,Part 92,2021-10-30,630,0,0,102,0,586
part_92__2021_11_01,Part 92,2021-11-01,124,0,204,204,204,0
part_93__2021_09_13,Part 93,2021-09-13,0,2,0,0,0,0
part_93__2021_09_14,Part 93,2021-09-14,0,0,0,0,0,0
part_93__2021_09_16,Part 93,2021-09-16,0,0,0,0,0,0
part_93__2021_09_17,Part 93,2021-09-17,0,0,0,0,0,0
part_93__2021_09_18,Part 93,2021-09-18,0,0,0,0,0,0
part_93__2021_09_19,Part 93,2021-09-19,0,0,0,0,0,0
part_93__2021_09_20,Part 93,2021-09-20,0,0,0,0,0,0
part_93__2021_09_21,Part 93,2021-09-21,0,0,0,0,0,0
part_93__2021_09_22,Part 93,2021-09-22,0,0,0,0,0,0
part_93__2021_09_23,Part 93,2021-09-23,0,0,0,0,0,0
part_93__2021_09_24,Part 93,2021-09-24,0,0,0,0,0,0
part_93__2021_09_25,Part 93,2021-09-25,0,0,0,0,0,0
part_93__2021_09_26,Part 93,2021-09-26,0,0,0,0,0,0
part_93__2021_09_27,Part 93,2021-09-27,0,0,2,0,1,0
part_93__2021_09_28,Part 93,2021-09-28,0,1,0,1,0,0
part_93__2021_09_29,Part 93,2021-09-29,2,0,1,0,0,0
part_93__2021_09_30,Part 93,2021-09-30,0,2,0,0,0,0
part_93__2021_10_01,Part 93,2021-10-01,0,0,0,0,0,0
part_93__2021_10_02,Part 93,2021-10-02,0,0,0,0,0,2
part_93__2021_10_03,Part 93,2021-10-03,0,0,0,0,0,2
part_93__2021_10_04,Part 93,2021-10-04,0,0,0,2,1,0
part_93__2021_10_05,Part 93,2021-10-05,0,0,2,1,0,0
part_93__2021_10_06,Part 93,2021-10-06,0,2,1,0,0,0
part_93__2021_10_07,Part 93,2021-10-07,1,1,0,0,0,1
part_93__2021_10_08,Part 93,2021-10-08,1,0,0,0,1,1
part_93__2021_10_09,Part 93,2021-10-09,1,0,0,0,1,1
part_93__2021_10_10,Part 93,2021-10-10,1,0,0,0,1,1
part_93__2021_10_11,Part 93,2021-10-11,1,0,0,0,1,1
part_93__2021_10_12,Part 93,2021-10-12,2,1,1,0,0,0
part_93__2021_10_13,Part 93,2021-10-13,4,0,0,0,0,0
part_93__2021_10_14,Part 93,2021-10-14,1,0,0,0,0,0
part_93__2021_10_15,Part 93,2021-10-15,1,0,0,0,0,0
part_93__2021_10_19,Part 93,2021-10-19,0,0,0,0,0,0
part_93__2021_10_20,Part 93,2021-10-20,0,0,0,0,0,0
part_93__2021_10_25,Part 93,2021-10-25,0,0,0,7,0,0
part_93__2021_10_27,Part 93,2021-10-27,0,5,0,0,0,0
part_93__2021_10_28,Part 93,2021-10-28,6,0,0,0,0,0
part_93__2021_10_29,Part 93,2021-10-29,6,0,0,0,0,0
part_94__2021_09_13,Part 94,2021-09-13,42,32,30,30,30,38
part_94__2021_09_14,Part 94,2021-09-14,40,30,30,30,0,45
part_94__2021_09_15,Part 94,2021-09-15,40,30,30,0,0,51
part_94__2021_09_16,Part 94,2021-09-16,47,30,0,0,0,39
part_94__2021_09_17,Part 94,2021-09-17,46,30,30,0,0,51
part_94__2021_09_18,Part 94,2021-09-18,46,30,30,0,0,40
part_94__2021_09_19,Part 94,2021-09-19,46,30,30,0,0,49
part_94__2021_09_20,Part 94,2021-09-20,46,30,30,0,0,45
part_94__2021_09_21,Part 94,2021-09-21,46,30,30,0,0,37
part_94__2021_09_22,Part 94,2021-09-22,46,30,30,0,0,35
part_94__2021_09_23,Part 94,2021-09-23,46,30,30,0,0,25
part_94__2021_09_24,Part 94,2021-09-24,46,30,30,0,0,33
part_94__2021_09_25,Part 94,2021-09-25,46,30,30,0,0,43
part_94__2021_09_26,Part 94,2021-09-26,46,30,30,0,0,30
part_94__2021_09_27,Part 94,2021-09-27,40,30,30,30,30,48
part_94__2021_09_28,Part 94,2021-09-28,35,30,30,30,0,46
part_94__2021_09_29,Part 94,2021-09-29,39,32,32,0,0,32
part_94__2021_09_30,Part 94,2021-09-30,45,32,0,0,32,32
part_94__2021_10_01,Part 94,2021-10-01,40,0,0,32,32,32
part_94__2021_10_02,Part 94,2021-10-02,0,0,40,34,34,34
part_94__2021_10_03,Part 94,2021-10-03,0,0,40,34,34,34
part_94__2021_10_04,Part 94,2021-10-04,40,34,34,34,34,34
part_94__2021_10_05,Part 94,2021-10-05,41,34,34,34,34,50
part_94__2021_10_06,Part 94,2021-10-06,39,34,34,34,0,36
part_94__2021_10_07,Part 94,2021-10-07,38,34,34,0,0,34
part_94__2021_10_08,Part 94,2021-10-08,42,34,0,0,34,34
part_94__2021_10_09,Part 94,2021-10-09,42,34,0,0,34,34
part_94__2021_10_10,Part 94,2021-10-10,42,34,0,0,34,34
part_94__2021_10_11,Part 94,2021-10-11,42,34,0,0,34,34
part_94__2021_10_12,Part 94,2021-10-12,42,0,0,0,0,39
part_94__2021_10_13,Part 94,2021-10-13,28,0,0,0,0,34
part_94__2021_10_14,Part 94,2021-10-14,0,0,0,0,36,34
part_94__2021_10_15,Part 94,2021-10-15,0,0,0,35,34,34
part_94__2021_10_16,Part 94,2021-10-16,0,0,36,34,34,34
part_94__2021_10_17,Part 94,2021-10-17,0,0,36,34,34,34
part_94__2021_10_18,Part 94,2021-10-18,37,34,34,34,34,40
part_94__2021_10_19,Part 94,2021-10-19,44,34,34,34,0,37
part_94__2021_10_20,Part 94,2021-10-20,45,34,34,0,0,34
part_94__2021_10_21,Part 94,2021-10-21,43,0,0,0,34,34
part_94__2021_10_22,Part 94,2021-10-22,0,0,0,37,34,34
part_94__2021_10_23,Part 94,2021-10-23,0,0,0,37,34,34
part_94__2021_10_24,Part 94,2021-10-24,0,0,0,37,34,34
part_94__2021_10_25,Part 94,2021-10-25,38,34,34,34,34,40
part_94__2021_10_26,Part 94,2021-10-26,45,34,34,34,0,19
part_94__2021_10_27,Part 94,2021-10-27,45,34,34,0,0,34
part_94__2021_10_28,Part 94,2021-10-28,47,34,0,0,34,34
part_94__2021_10_29,Part 94,2021-10-29,45,0,0,0,0,0
part_94__2021_10_30,Part 94,2021-10-30,45,0,0,0,0,0
part_94__2021_11_01,Part 94,2021-11-01,28,0,0,0,0,0
part_95__2021_09_13,Part 95,2021-09-13,113,0,274,274,270,251
part_95__2021_09_14,Part 95,2021-09-14,0,296,275,276,0,193
part_95__2021_09_15,Part 95,2021-09-15,0,267,240,0,0,331
part_95__2021_09_16,Part 95,2021-09-16,288,244,0,0,0,267
part_95__2021_09_17,Part 95,2021-09-17,276,277,246,0,0,354
part_95__2021_09_18,Part 95,2021-09-18,276,277,246,0,0,300
part_95__2021_09_19,Part 95,2021-09-19,276,277,246,0,0,345
part_95__2021_09_20,Part 95,2021-09-20,276,277,246,0,0,363
part_95__2021_09_21,Part 95,2021-09-21,276,277,246,0,0,314
part_95__2021_09_22,Part 95,2021-09-22,276,277,246,0,0,254
part_95__2021_09_23,Part 95,2021-09-23,276,277,246,0,0,257
part_95__2021_09_24,Part 95,2021-09-24,276,277,246,0,0,210
part_95__2021_09_25,Part 95,2021-09-25,276,277,246,0,0,269
part_95__2021_09_26,Part 95,2021-09-26,276,277,246,0,0,317
part_95__2021_09_27,Part 95,2021-09-27,262,276,277,277,277,288
part_95__2021_09_28,Part 95,2021-09-28,305,277,277,277,0,337
part_95__2021_09_29,Part 95,2021-09-29,309,293,293,0,0,199
part_95__2021_09_30,Part 95,2021-09-30,338,293,0,0,201,275
part_95__2021_10_01,Part 95,2021-10-01,323,0,0,227,291,293
part_95__2021_10_02,Part 95,2021-10-02,0,0,269,290,293,270
part_95__2021_10_03,Part 95,2021-10-03,0,0,269,290,293,270
part_95__2021_10_04,Part 95,2021-10-04,269,290,293,270,175,293
part_95__2021_10_05,Part 95,2021-10-05,311,293,283,193,274,295
part_95__2021_10_06,Part 95,2021-10-06,335,286,201,263,0,227
part_95__2021_10_07,Part 95,2021-10-07,327,196,262,0,0,291
part_95__2021_10_08,Part 95,2021-10-08,236,291,0,0,253,261
part_95__2021_10_09,Part 95,2021-10-09,236,291,0,0,253,261
part_95__2021_10_10,Part 95,2021-10-10,236,291,0,0,253,261
part_95__2021_10_11,Part 95,2021-10-11,236,291,0,0,253,261
part_95__2021_10_12,Part 95,2021-10-12,303,276,325,326,0,427
part_95__2021_10_13,Part 95,2021-10-13,276,325,326,326,0,293
part_95__2021_10_14,Part 95,2021-10-14,352,326,326,0,293,220
part_95__2021_10_15,Part 95,2021-10-15,363,326,0,293,236,221
part_95__2021_10_16,Part 95,2021-10-16,365,0,293,252,210,284
part_95__2021_10_17,Part 95,2021-10-17,365,0,293,252,210,284
part_95__2021_10_18,Part 95,2021-10-18,344,262,200,284,291,348
part_95__2021_10_19,Part 95,2021-10-19,317,196,262,275,0,359
part_95__2021_10_20,Part 95,2021-10-20,209,266,270,0,0,254
part_95__2021_10_21,Part 95,2021-10-21,250,304,0,0,254,180
part_95__2021_10_22,Part 95,2021-10-22,325,0,0,254,143,166
part_95__2021_10_23,Part 95,2021-10-23,325,0,0,254,143,166
part_95__2021_10_24,Part 95,2021-10-24,325,0,0,254,143,166
part_95__2021_10_25,Part 95,2021-10-25,290,195,122,245,191,172
part_95__2021_10_26,Part 95,2021-10-26,249,105,245,212,0,119
part_95__2021_10_27,Part 95,2021-10-27,99,242,221,0,0,246
part_95__2021_10_28,Part 95,2021-10-28,276,223,0,0,186,293
part_95__2021_10_29,Part 95,2021-10-29,264,0,0,44,0,206
part_95__2021_10_30,Part 95,2021-10-30,264,0,0,44,0,206
part_95__2021_11_01,Part 95,2021-11-01,42,0,68,67,86,0
part_96__2021_09_13,Part 96,2021-09-13,0,2,0,0,0,0
part_96__2021_09_14,Part 96,2021-09-14,0,0,0,0,0,0
part_96__2021_09_16,Part 96,2021-09-16,0,0,0,0,0,0
part_96__2021_09_17,Part 96,2021-09-17,0,0,0,0,0,0
part_96__2021_09_18,Part 96,2021-09-18,0,0,0,0,0,0
part_96__2021_09_19,Part 96,2021-09-19,0,0,0,0,0,0
part_96__2021_09_20,Part 96,2021-09-20,0,0,0,0,0,0
part_96__2021_09_21,Part 96,2021-09-21,0,0,0,0,0,0
part_96__2021_09_22,Part 96,2021-09-22,0,0,0,0,0,0
part_96__2021_09_23,Part 96,2021-09-23,0,0,0,0,0,0
part_96__2021_09_24,Part 96,2021-09-24,0,0,0,0,0,0
part_96__2021_09_25,Part 96,2021-09-25,0,0,0,0,0,0
part_96__2021_09_26,Part 96,2021-09-26,0,0,0,0,0,0
part_96__2021_09_27,Part 96,2021-09-27,0,0,2,0,1,0
part_96__2021_09_28,Part 96,2021-09-28,0,1,0,1,0,0
part_96__2021_09_29,Part 96,2021-09-29,2,0,1,0,0,0
part_96__2021_09_30,Part 96,2021-09-30,0,2,0,0,0,0
part_96__2021_10_01,Part 96,2021-10-01,0,0,0,0,0,0
part_96__2021_10_02,Part 96,2021-10-02,0,0,0,0,0,2
part_96__2021_10_03,Part 96,2021-10-03,0,0,0,0,0,2
part_96__2021_10_04,Part 96,2021-10-04,0,0,0,2,1,0
part_96__2021_10_05,Part 96,2021-10-05,0,0,2,1,0,0
part_96__2021_10_06,Part 96,2021-10-06,0,2,1,0,0,0
part_96__2021_10_07,Part 96,2021-10-07,1,1,0,0,0,1
part_96__2021_10_08,Part 96,2021-10-08,1,0,0,0,1,1
part_96__2021_10_09,Part 96,2021-10-09,1,0,0,0,1,1
part_96__2021_10_10,Part 96,2021-10-10,1,0,0,0,1,1
part_96__2021_10_11,Part 96,2021-10-11,1,0,0,0,1,1
part_96__2021_10_12,Part 96,2021-10-12,2,1,1,0,0,0
part_96__2021_10_13,Part 96,2021-10-13,4,0,0,0,0,0
part_96__2021_10_14,Part 96,2021-10-14,1,0,0,0,0,0
part_96__2021_10_15,Part 96,2021-10-15,1,0,0,0,0,0
part_96__2021_10_19,Part 96,2021-10-19,0,0,0,0,0,0
part_96__2021_10_20,Part 96,2021-10-20,0,0,0,0,0,0
part_96__2021_10_25,Part 96,2021-10-25,0,0,0,7,0,0
part_96__2021_10_27,Part 96,2021-10-27,0,5,0,0,0,0
part_96__2021_10_28,Part 96,2021-10-28,6,0,0,0,0,0
part_96__2021_10_29,Part 96,2021-10-29,6,0,0,0,0,0
part_97__2021_09_13,Part 97,2021-09-13,127,22,16,1,0,0
part_97__2021_09_14,Part 97,2021-09-14,32,19,0,0,0,0
part_97__2021_09_15,Part 97,2021-09-15,28,0,0,0,0,0
part_97__2021_09_16,Part 97,2021-09-16,28,0,0,0,0,0
part_97__2021_09_17,Part 97,2021-09-17,28,0,0,0,0,0
part_97__2021_09_18,Part 97,2021-09-18,28,0,0,0,0,0
part_97__2021_09_19,Part 97,2021-09-19,28,0,0,0,0,0
part_97__2021_09_20,Part 97,2021-09-20,28,0,0,0,0,0
part_97__2021_09_21,Part 97,2021-09-21,28,0,0,0,0,0
part_97__2021_09_22,Part 97,2021-09-22,28,0,0,0,0,0
part_97__2021_09_23,Part 97,2021-09-23,28,0,0,0,0,0
part_97__2021_09_24,Part 97,2021-09-24,28,0,0,0,0,0
part_97__2021_09_25,Part 97,2021-09-25,28,0,0,0,0,0
part_97__2021_09_26,Part 97,2021-09-26,28,0,0,0,0,0
part_97__2021_09_27,Part 97,2021-09-27,26,2,50,83,76,0
part_97__2021_09_28,Part 97,2021-09-28,10,29,94,94,0,0
part_97__2021_09_29,Part 97,2021-09-29,23,94,94,0,0,103
part_97__2021_09_30,Part 97,2021-09-30,107,101,0,0,99,120
part_97__2021_10_01,Part 97,2021-10-01,105,0,0,94,121,108
part_97__2021_10_02,Part 97,2021-10-02,0,0,100,117,109,97
part_97__2021_10_03,Part 97,2021-10-03,0,0,100,117,109,97
part_97__2021_10_04,Part 97,2021-10-04,100,117,109,97,82,0
part_97__2021_10_05,Part 97,2021-10-05,118,109,98,83,0,0
part_97__2021_10_06,Part 97,2021-10-06,118,98,83,0,0,0
part_97__2021_10_07,Part 97,2021-10-07,106,85,0,0,0,64
part_97__2021_10_08,Part 97,2021-10-08,99,0,0,0,66,76
part_97__2021_10_09,Part 97,2021-10-09,99,0,0,0,66,76
part_97__2021_10_10,Part 97,2021-10-10,99,0,0,0,66,76
part_97__2021_10_11,Part 97,2021-10-11,99,0,0,0,66,76
part_97__2021_10_12,Part 97,2021-10-12,85,76,91,81,88,0
part_97__2021_10_13,Part 97,2021-10-13,91,89,83,133,0,84
part_97__2021_10_14,Part 97,2021-10-14,99,114,144,0,126,137
part_97__2021_10_15,Part 97,2021-10-15,129,138,0,103,140,85
part_97__2021_10_16,Part 97,2021-10-16,162,0,92,121,99,99
part_97__2021_10_17,Part 97,2021-10-17,162,0,92,121,99,99
part_97__2021_10_18,Part 97,2021-10-18,114,115,101,99,106,0
part_97__2021_10_19,Part 97,2021-10-19,126,107,94,107,0,0
part_97__2021_10_20,Part 97,2021-10-20,127,120,101,0,0,124
part_97__2021_10_21,Part 97,2021-10-21,140,102,0,0,137,146
part_97__2021_10_22,Part 97,2021-10-22,107,0,0,31,1,0
part_97__2021_10_23,Part 97,2021-10-23,107,0,0,31,1,0
part_97__2021_10_24,Part 97,2021-10-24,107,0,0,31,1,0
part_97__2021_10_25,Part 97,2021-10-25,37,1,0,0,34,0
part_97__2021_10_26,Part 97,2021-10-26,7,0,0,23,0,0
part_97__2021_10_27,Part 97,2021-10-27,5,0,21,0,0,127
part_97__2021_10_28,Part 97,2021-10-28,4,22,0,0,100,98
part_97__2021_10_29,Part 97,2021-10-29,3,0,0,0,0,0
part_97__2021_10_30,Part 97,2021-10-30,3,0,0,0,0,0
part_97__2021_11_01,Part 97,2021-11-01,1,0,0,0,0,0
part_98__2021_09_13,Part 98,2021-09-13,40,21,14,13,3,0
part_98__2021_09_14,Part 98,2021-09-14,33,34,0,0,0,0
part_98__2021_09_15,Part 98,2021-09-15,43,0,0,0,0,0
part_98__2021_09_16,Part 98,2021-09-16,42,0,0,0,0,0
part_98__2021_09_17,Part 98,2021-09-17,42,0,0,0,0,0
part_98__2021_09_18,Part 98,2021-09-18,42,0,0,0,0,0
part_98__2021_09_19,Part 98,2021-09-19,42,0,0,0,0,0
part_98__2021_09_20,Part 98,2021-09-20,42,0,0,0,0,0
part_98__2021_09_21,Part 98,2021-09-21,42,0,0,0,0,0
part_98__2021_09_22,Part 98,2021-09-22,42,0,0,0,0,0
part_98__2021_09_23,Part 98,2021-09-23,42,0,0,0,0,0
part_98__2021_09_24,Part 98,2021-09-24,42,0,0,0,0,0
part_98__2021_09_25,Part 98,2021-09-25,42,0,0,0,0,0
part_98__2021_09_26,Part 98,2021-09-26,42,0,0,0,0,0
part_98__2021_09_27,Part 98,2021-09-27,40,2,9,16,21,0
part_98__2021_09_28,Part 98,2021-09-28,17,8,16,21,0,0
part_98__2021_09_29,Part 98,2021-09-29,9,18,21,0,0,22
part_98__2021_09_30,Part 98,2021-09-30,26,17,0,0,26,6
part_98__2021_10_01,Part 98,2021-10-01,25,0,0,30,6,7
part_98__2021_10_02,Part 98,2021-10-02,0,0,29,11,7,13
part_98__2021_10_03,Part 98,2021-10-03,0,0,29,11,7,13
part_98__2021_10_04,Part 98,2021-10-04,29,11,7,13,23,0
part_98__2021_10_05,Part 98,2021-10-05,18,7,12,22,0,0
part_98__2021_10_06,Part 98,2021-10-06,10,12,22,0,0,0
part_98__2021_10_07,Part 98,2021-10-07,15,22,0,0,0,45
part_98__2021_10_08,Part 98,2021-10-08,25,0,0,0,46,11
part_98__2021_10_09,Part 98,2021-10-09,25,0,0,0,46,11
part_98__2021_10_10,Part 98,2021-10-10,25,0,0,0,46,11
part_98__2021_10_11,Part 98,2021-10-11,25,0,0,0,46,11
part_98__2021_10_12,Part 98,2021-10-12,46,12,8,20,21,0
part_98__2021_10_13,Part 98,2021-10-13,13,10,20,22,0,26
part_98__2021_10_14,Part 98,2021-10-14,13,20,19,0,19,28
part_98__2021_10_15,Part 98,2021-10-15,23,19,0,53,33,39
part_98__2021_10_16,Part 98,2021-10-16,21,0,51,48,28,30
part_98__2021_10_17,Part 98,2021-10-17,21,0,51,48,28,30
part_98__2021_10_18,Part 98,2021-10-18,54,52,28,30,11,0
part_98__2021_10_19,Part 98,2021-10-19,61,24,34,11,0,0
part_98__2021_10_20,Part 98,2021-10-20,27,36,19,0,0,17
part_98__2021_10_21,Part 98,2021-10-21,38,20,0,0,17,11
part_98__2021_10_22,Part 98,2021-10-22,20,0,0,0,0,0
part_98__2021_10_23,Part 98,2021-10-23,20,0,0,0,0,0
part_98__2021_10_24,Part 98,2021-10-24,20,0,0,0,0,0
part_98__2021_10_25,Part 98,2021-10-25,3,0,0,0,8,0
part_98__2021_10_26,Part 98,2021-10-26,0,0,0,8,0,0
part_98__2021_10_27,Part 98,2021-10-27,0,0,8,0,0,17
part_98__2021_10_28,Part 98,2021-10-28,0,8,0,0,17,35
part_98__2021_10_29,Part 98,2021-10-29,0,0,0,0,0,0
part_98__2021_10_30,Part 98,2021-10-30,0,0,0,0,0,0
part_98__2021_11_01,Part 98,2021-11-01,0,0,0,0,0,0
part_99__2021_09_13,Part 99,2021-09-13,124,58,4,17,0,0
part_99__2021_09_14,Part 99,2021-09-14,150,45,10,27,0,0
part_99__2021_09_15,Part 99,2021-09-15,48,73,0,0,0,0
part_99__2021_09_16,Part 99,2021-09-16,39,81,0,0,0,0
part_99__2021_09_17,Part 99,2021-09-17,48,0,0,0,0,0
part_99__2021_09_18,Part 99,2021-09-18,48,0,0,0,0,0
part_99__2021_09_19,Part 99,2021-09-19,48,0,0,0,0,0
part_99__2021_09_20,Part 99,2021-09-20,48,0,0,0,0,0
part_99__2021_09_21,Part 99,2021-09-21,48,0,0,0,0,0
part_99__2021_09_22,Part 99,2021-09-22,48,0,0,0,0,0
part_99__2021_09_23,Part 99,2021-09-23,48,0,0,0,0,0
part_99__2021_09_24,Part 99,2021-09-24,48,0,0,0,0,0
part_99__2021_09_25,Part 99,2021-09-25,48,0,0,0,0,0
part_99__2021_09_26,Part 99,2021-09-26,48,0,0,0,0,0
part_99__2021_09_27,Part 99,2021-09-27,30,50,40,0,0,0
part_99__2021_09_28,Part 99,2021-09-28,49,32,8,10,0,0
part_99__2021_09_29,Part 99,2021-09-29,57,5,13,0,0,2
part_99__2021_09_30,Part 99,2021-09-30,11,13,0,0,2,0
part_99__2021_10_01,Part 99,2021-10-01,15,0,0,2,0,0
part_99__2021_10_02,Part 99,2021-10-02,0,0,5,1,0,0
part_99__2021_10_03,Part 99,2021-10-03,0,0,5,1,0,0
part_99__2021_10_04,Part 99,2021-10-04,5,1,0,0,0,0
part_99__2021_10_05,Part 99,2021-10-05,1,0,0,0,0,0
part_99__2021_10_06,Part 99,2021-10-06,0,0,0,0,0,0
part_99__2021_10_07,Part 99,2021-10-07,0,0,0,0,0,0
part_99__2021_10_08,Part 99,2021-10-08,0,0,0,0,0,0
part_99__2021_10_09,Part 99,2021-10-09,0,0,0,0,0,0
part_99__2021_10_10,Part 99,2021-10-10,0,0,0,0,0,0
part_99__2021_10_11,Part 99,2021-10-11,0,0,0,0,0,0
part_99__2021_10_12,Part 99,2021-10-12,0,0,0,0,18,0
part_99__2021_10_13,Part 99,2021-10-13,0,0,0,20,0,13
part_99__2021_10_14,Part 99,2021-10-14,0,0,15,0,14,7
part_99__2021_10_15,Part 99,2021-10-15,0,16,0,15,7,9
part_99__2021_10_16,Part 99,2021-10-16,13,0,18,8,8,11
part_99__2021_10_17,Part 99,2021-10-17,13,0,18,8,8,11
part_99__2021_10_18,Part 99,2021-10-18,19,8,8,12,7,0
part_99__2021_10_19,Part 99,2021-10-19,10,8,12,7,0,0
part_99__2021_10_20,Part 99,2021-10-20,14,13,6,0,0,61
part_99__2021_10_21,Part 99,2021-10-21,17,6,0,0,61,60
part_99__2021_10_22,Part 99,2021-10-22,12,0,0,40,61,26
part_99__2021_10_23,Part 99,2021-10-23,12,0,0,40,61,26
part_99__2021_10_24,Part 99,2021-10-24,12,0,0,40,61,26
part_99__2021_10_25,Part 99,2021-10-25,48,75,17,24,25,0
part_99__2021_10_26,Part 99,2021-10-26,81,17,24,27,0,0
part_99__2021_10_27,Part 99,2021-10-27,51,24,27,0,0,3
part_99__2021_10_28,Part 99,2021-10-28,46,26,0,0,4,22
part_99__2021_10_29,Part 99,2021-10-29,49,0,0,0,0,0
part_99__2021_10_30,Part 99,2021-10-30,49,0,0,0,0,0
part_99__2021_11_01,Part 99,2021-11-01,11,0,0,0,1,0
