파일,충방전,판정,시점,label,규칙_예측,RF_예측,PCA_예측,PCA_이상점수_Q,PCA_이상점수_T2
Test03_OK_chg,충전,OK,0,0,0,0,1,0.0686,100.4323
Test03_OK_chg,충전,OK,1,0,0,0,1,0.1011,95.156
Test03_OK_chg,충전,OK,2,0,0,0,1,0.0927,94.1773
Test03_OK_chg,충전,OK,3,0,0,0,1,8.831,131.5252
Test03_OK_chg,충전,OK,4,0,0,0,1,0.0657,100.9989
Test03_OK_chg,충전,OK,5,0,0,0,1,0.0945,95.4048
Test03_OK_chg,충전,OK,6,0,0,0,1,0.0971,94.8762
Test03_OK_chg,충전,OK,7,0,0,0,1,0.1235,95.1372
Test03_OK_chg,충전,OK,8,0,0,0,1,0.0898,94.5289
Test03_OK_chg,충전,OK,9,0,0,0,1,0.071,101.035
Test03_OK_chg,충전,OK,10,0,0,0,1,0.062,101.1897
Test03_OK_chg,충전,OK,11,0,0,0,1,0.0851,100.0869
Test03_OK_chg,충전,OK,12,0,0,0,1,0.0929,95.2442
Test03_OK_chg,충전,OK,13,0,0,0,1,0.1016,94.8783
Test03_OK_chg,충전,OK,14,0,0,0,1,0.0579,101.0472
Test03_OK_chg,충전,OK,15,0,0,0,1,0.0681,100.1817
Test03_OK_chg,충전,OK,16,0,0,0,1,0.0686,100.4389
Test03_OK_chg,충전,OK,17,0,0,0,1,0.0617,100.3035
Test03_OK_chg,충전,OK,18,0,0,0,1,0.1023,95.6592
Test03_OK_chg,충전,OK,19,0,0,0,1,0.0952,94.9854
Test03_OK_chg,충전,OK,20,0,0,0,1,0.0901,94.3038
Test03_OK_chg,충전,OK,21,0,0,0,1,0.0947,94.2299
Test03_OK_chg,충전,OK,22,0,0,0,1,0.064,100.2589
Test03_OK_chg,충전,OK,23,0,0,0,1,0.0637,100.1463
Test03_OK_chg,충전,OK,24,0,0,0,1,0.0224,102.0906
Test03_OK_chg,충전,OK,25,0,0,0,1,0.0594,101.0009
Test03_OK_chg,충전,OK,26,0,0,0,1,0.0928,94.2313
Test03_OK_chg,충전,OK,27,0,0,0,1,0.064,100.2655
Test03_OK_chg,충전,OK,28,0,0,0,1,8.8842,137.3877
Test03_OK_chg,충전,OK,29,0,0,0,1,0.0686,100.9091
Test03_OK_chg,충전,OK,30,0,0,0,1,0.0802,100.8151
Test03_OK_chg,충전,OK,31,0,0,0,1,0.0568,101.2815
Test03_OK_chg,충전,OK,32,0,0,0,1,0.0596,101.2603
Test03_OK_chg,충전,OK,33,0,0,0,1,0.0736,108.1357
Test03_OK_chg,충전,OK,34,0,0,0,1,0.3173,106.2147
Test03_OK_chg,충전,OK,35,0,0,0,1,0.0735,108.0103
Test03_OK_chg,충전,OK,36,0,0,0,1,0.4199,102.0701
Test03_OK_chg,충전,OK,37,0,0,0,1,0.0724,108.2089
Test03_OK_chg,충전,OK,38,0,0,0,1,0.3092,107.9944
Test03_OK_chg,충전,OK,39,0,0,0,1,0.0734,107.4873
Test03_OK_chg,충전,OK,40,0,0,0,1,0.3195,107.6991
Test03_OK_chg,충전,OK,41,0,0,0,1,0.0671,100.0656
Test03_OK_chg,충전,OK,42,0,0,0,1,0.0709,100.5067
Test03_OK_chg,충전,OK,43,0,0,0,1,0.0737,107.6619
Test03_OK_chg,충전,OK,44,0,0,0,1,6.0896,141.4139
Test03_OK_chg,충전,OK,45,0,0,0,1,0.058,101.0521
Test03_OK_chg,충전,OK,46,0,0,0,1,0.0562,101.213
Test03_OK_chg,충전,OK,47,0,0,0,1,0.0593,101.0257
Test03_OK_chg,충전,OK,48,0,0,0,1,0.0734,107.7636
Test03_OK_chg,충전,OK,49,0,0,0,1,0.1055,94.7323
Test03_OK_chg,충전,OK,50,0,0,0,1,0.0986,94.8375
Test03_OK_chg,충전,OK,51,0,0,0,1,0.092,94.9702
Test03_OK_chg,충전,OK,52,0,0,0,1,0.0966,95.413
Test03_OK_chg,충전,OK,53,0,0,0,1,0.1024,94.9268
Test03_OK_chg,충전,OK,54,0,0,0,1,0.0923,94.7083
Test03_OK_chg,충전,OK,55,0,0,0,1,0.3187,107.6058
Test03_OK_chg,충전,OK,56,0,1,1,1,151.8963,778.4409
Test03_OK_chg,충전,OK,57,0,0,1,1,0.0607,417.99
Test03_OK_chg,충전,OK,58,0,0,1,1,0.8318,97.3927
Test03_OK_chg,충전,OK,59,0,0,0,1,0.5604,80.6743
Test03_OK_chg,충전,OK,60,0,0,0,1,0.1021,87.6901
Test03_OK_chg,충전,OK,61,0,0,0,1,0.0408,85.5041
Test03_OK_chg,충전,OK,62,0,0,0,1,0.2271,78.8738
Test03_OK_chg,충전,OK,63,0,0,1,1,0.0177,80.7655
Test03_OK_chg,충전,OK,64,0,0,1,1,0.4805,74.818
Test03_OK_chg,충전,OK,65,0,0,0,1,0.5302,87.5
Test03_OK_chg,충전,OK,66,0,1,0,1,0.3435,30.5543
Test03_OK_chg,충전,OK,67,0,0,1,1,0.1088,85.9775
Test03_OK_chg,충전,OK,68,0,0,1,1,0.0046,80.7569
Test03_OK_chg,충전,OK,69,0,0,1,1,0.7472,85.0471
Test03_OK_chg,충전,OK,70,0,1,0,1,7.0979,35.503
Test03_OK_chg,충전,OK,71,0,0,0,1,0.2978,90.5167
Test03_OK_chg,충전,OK,72,0,0,1,1,0.0216,84.9711
Test03_OK_chg,충전,OK,73,0,0,0,1,0.0371,83.9789
Test03_OK_chg,충전,OK,74,0,0,0,1,0.0698,91.4161
Test03_OK_chg,충전,OK,75,0,0,0,1,0.0497,80.6837
Test03_OK_chg,충전,OK,76,0,0,0,1,0.2263,91.483
Test03_OK_chg,충전,OK,77,0,0,0,1,0.0716,88.0163
Test03_OK_chg,충전,OK,78,0,0,0,1,0.0129,90.7787
Test03_OK_chg,충전,OK,79,0,0,1,1,0.1106,89.515
Test03_OK_chg,충전,OK,80,0,0,1,1,0.4597,94.6051
Test03_OK_chg,충전,OK,81,0,0,0,1,0.1021,89.2157
Test03_OK_chg,충전,OK,82,0,0,1,1,0.114,41.6849
Test03_OK_chg,충전,OK,83,0,0,1,1,6.715,32.7887
Test03_OK_chg,충전,OK,84,0,1,0,1,1.2933,29.657
Test03_OK_chg,충전,OK,85,0,1,0,1,3.559,36.5064
Test03_OK_chg,충전,OK,86,0,1,1,1,0.6734,30.8586
Test03_OK_chg,충전,OK,87,0,1,0,1,7.0406,66.7721
Test03_OK_chg,충전,OK,88,0,0,1,1,0.2348,84.5088
Test03_OK_chg,충전,OK,89,0,0,0,1,0.2181,48.1045
Test03_OK_chg,충전,OK,90,0,1,0,1,2.9506,39.5673
Test03_OK_chg,충전,OK,91,0,0,0,1,0.0756,83.3362
Test03_OK_chg,충전,OK,92,0,0,0,1,0.1691,85.5358
Test03_OK_chg,충전,OK,93,0,1,0,1,2.3275,39.8338
Test03_OK_chg,충전,OK,94,0,0,1,1,0.0251,88.2582
Test03_OK_chg,충전,OK,95,0,0,1,1,0.0571,78.6198
Test03_OK_chg,충전,OK,96,0,0,0,1,0.0226,82.7564
Test03_OK_chg,충전,OK,97,0,0,0,1,0.1526,94.5838
Test03_OK_chg,충전,OK,98,0,0,1,1,0.1277,96.7694
Test03_OK_chg,충전,OK,99,0,0,0,1,0.0325,87.647
Test03_OK_chg,충전,OK,100,0,0,0,1,0.0151,90.2273
Test03_OK_chg,충전,OK,101,0,0,0,1,0.194,91.402
Test03_OK_chg,충전,OK,102,0,1,0,1,0.4622,47.0443
Test03_OK_chg,충전,OK,103,0,1,0,1,0.2306,40.7012
Test03_OK_chg,충전,OK,104,0,0,0,1,0.2571,45.8294
Test03_OK_chg,충전,OK,105,0,0,0,1,0.3303,78.7104
Test03_OK_chg,충전,OK,106,0,0,0,1,0.6499,78.1659
Test03_OK_chg,충전,OK,107,0,1,1,1,0.182,48.5118
Test03_OK_chg,충전,OK,108,0,0,0,1,0.0248,83.4113
Test03_OK_chg,충전,OK,109,0,0,0,1,0.3281,80.7361
Test03_OK_chg,충전,OK,110,0,0,0,1,0.1644,42.4856
Test03_OK_chg,충전,OK,111,0,0,1,1,0.5096,87.9878
Test03_OK_chg,충전,OK,112,0,0,0,1,2.6729,32.2418
Test03_OK_chg,충전,OK,113,0,0,1,1,0.1955,74.7914
Test03_OK_chg,충전,OK,114,0,0,0,1,0.6415,90.345
Test03_OK_chg,충전,OK,115,0,1,1,1,2.2605,40.2493
Test03_OK_chg,충전,OK,116,0,0,0,1,0.5932,78.6744
Test03_OK_chg,충전,OK,117,0,0,0,1,0.1554,86.047
Test03_OK_chg,충전,OK,118,0,0,1,1,0.2075,80.6921
Test03_OK_chg,충전,OK,119,0,0,0,1,0.0014,83.8652
Test03_OK_chg,충전,OK,120,0,0,0,1,0.5978,88.3865
Test03_OK_chg,충전,OK,121,0,0,0,1,0.4707,85.8038
Test03_OK_chg,충전,OK,122,0,0,1,1,0.1896,40.1839
Test03_OK_chg,충전,OK,123,0,0,1,1,4.4005,35.7346
Test03_OK_chg,충전,OK,124,0,0,0,1,0.1821,78.5253
Test03_OK_chg,충전,OK,125,0,0,0,1,0.2435,84.7747
Test03_OK_chg,충전,OK,126,0,0,0,1,0.4997,74.9149
Test03_OK_chg,충전,OK,127,0,0,1,1,0.0833,39.3333
Test03_OK_chg,충전,OK,128,0,0,0,1,0.2216,87.0629
Test03_OK_chg,충전,OK,129,0,0,0,1,1.2429,92.9629
Test03_OK_chg,충전,OK,130,0,1,0,1,0.8292,38.3587
Test03_OK_chg,충전,OK,131,0,1,0,1,0.4615,30.0177
Test03_OK_chg,충전,OK,132,0,0,0,1,11.3763,30.4809
Test03_OK_chg,충전,OK,133,0,0,1,1,1.1322,91.4185
Test03_OK_chg,충전,OK,134,0,0,0,1,0.1784,78.9803
Test03_OK_chg,충전,OK,135,0,0,0,1,0.0849,40.7598
Test03_OK_chg,충전,OK,136,0,0,0,1,0.235,77.4937
Test03_OK_chg,충전,OK,137,0,0,0,1,0.1161,41.1794
Test03_OK_chg,충전,OK,138,0,0,1,1,0.7666,86.4173
Test03_OK_chg,충전,OK,139,0,0,1,1,0.0856,82.8636
Test03_OK_chg,충전,OK,140,0,0,0,1,0.1258,79.2188
Test03_OK_chg,충전,OK,141,0,1,0,1,0.1298,39.522
Test03_OK_chg,충전,OK,142,0,1,0,1,2.0432,30.976
Test03_OK_chg,충전,OK,143,0,0,1,1,0.1417,36.8618
Test03_OK_chg,충전,OK,144,0,0,0,1,0.1345,36.3748
Test03_OK_chg,충전,OK,145,0,0,0,1,0.2849,72.3805
Test03_OK_chg,충전,OK,146,0,1,0,1,0.6623,37.315
Test03_OK_chg,충전,OK,147,0,0,0,1,0.1564,43.2841
Test03_OK_chg,충전,OK,148,0,0,0,1,0.3215,79.9553
Test03_OK_chg,충전,OK,149,0,1,1,1,0.2247,39.3741
Test03_OK_chg,충전,OK,150,0,1,0,1,0.5987,32.5086
Test03_OK_chg,충전,OK,151,0,0,0,1,0.0773,79.5719
Test03_OK_chg,충전,OK,152,0,1,0,1,0.6538,35.7018
Test03_OK_chg,충전,OK,153,0,0,0,1,1.1408,87.7261
Test03_OK_chg,충전,OK,154,0,0,0,1,0.5275,72.2667
Test03_OK_chg,충전,OK,155,0,1,0,1,0.7398,37.1514
Test03_OK_chg,충전,OK,156,0,1,0,1,1.1806,29.4094
Test03_OK_chg,충전,OK,157,0,0,0,1,0.1489,82.2459
Test03_OK_chg,충전,OK,158,0,0,0,1,0.2117,80.4415
Test03_OK_chg,충전,OK,159,0,0,1,1,10.7879,35.5932
Test03_OK_chg,충전,OK,160,0,0,0,1,0.1724,47.1202
Test03_OK_chg,충전,OK,161,0,0,1,1,0.1589,41.2725
Test03_OK_chg,충전,OK,162,0,0,0,1,1.1031,86.4741
Test03_OK_chg,충전,OK,163,0,1,1,1,0.5875,35.94
Test03_OK_chg,충전,OK,164,0,0,1,1,0.234,84.3256
Test03_OK_chg,충전,OK,165,0,1,1,1,0.4915,38.2587
Test03_OK_chg,충전,OK,166,0,0,0,1,0.0462,80.2404
Test03_OK_chg,충전,OK,167,0,0,0,1,0.0059,84.4169
Test03_OK_chg,충전,OK,168,0,0,0,1,0.3033,83.8829
Test03_OK_chg,충전,OK,169,0,0,0,1,0.4465,73.2341
Test03_OK_chg,충전,OK,170,0,0,1,1,1.2502,84.4243
Test03_OK_chg,충전,OK,171,0,0,0,1,0.0599,80.2712
Test03_OK_chg,충전,OK,172,0,0,0,1,0.2073,75.0239
Test03_OK_chg,충전,OK,173,0,0,1,1,0.1428,82.3832
Test03_OK_chg,충전,OK,174,0,0,1,1,0.0549,39.7778
Test03_OK_chg,충전,OK,175,0,0,0,1,0.0759,88.7407
Test03_OK_chg,충전,OK,176,0,0,0,1,0.0285,83.3511
Test03_OK_chg,충전,OK,177,0,1,0,1,11.0537,41.1266
Test03_OK_chg,충전,OK,178,0,0,1,1,0.1845,84.5844
Test03_OK_chg,충전,OK,179,0,1,0,1,1.7617,36.1357
Test03_OK_chg,충전,OK,180,0,0,0,1,0.289,41.2346
Test03_OK_chg,충전,OK,181,0,1,0,1,0.4417,37.9167
Test03_OK_chg,충전,OK,182,0,0,0,1,2.0115,25.4784
Test03_OK_chg,충전,OK,183,0,1,1,1,1.1026,31.6681
Test03_OK_chg,충전,OK,184,0,0,1,1,0.2568,69.7717
Test03_OK_chg,충전,OK,185,0,0,1,1,0.2745,71.9381
Test03_OK_chg,충전,OK,186,0,0,0,1,0.2882,45.8595
Test03_OK_chg,충전,OK,187,0,0,0,1,0.0537,88.8625
Test03_OK_chg,충전,OK,188,0,0,1,1,1.3443,83.4562
Test03_OK_chg,충전,OK,189,0,0,1,1,0.5761,68.15
Test03_OK_chg,충전,OK,190,0,0,0,1,0.1532,75.9404
Test03_OK_chg,충전,OK,191,0,1,0,1,0.9285,26.3872
Test03_OK_chg,충전,OK,192,0,0,0,1,0.2775,72.3583
Test03_OK_chg,충전,OK,193,0,1,0,1,0.7028,39.6461
Test03_OK_chg,충전,OK,194,0,0,0,1,0.174,79.7223
Test03_OK_chg,충전,OK,195,0,0,0,1,0.0781,91.4893
Test03_OK_chg,충전,OK,196,0,0,0,1,0.0976,83.0633
Test03_OK_chg,충전,OK,197,0,0,1,1,0.5758,72.4208
Test03_OK_chg,충전,OK,198,0,1,1,1,2.0386,41.1557
Test03_OK_chg,충전,OK,199,0,0,0,1,0.481,78.8241
Test03_OK_chg,충전,OK,200,0,0,0,1,0.1548,38.9785
Test03_OK_chg,충전,OK,201,0,0,1,1,0.3758,42.6256
Test03_OK_chg,충전,OK,202,0,0,1,1,0.0792,81.6824
Test03_OK_chg,충전,OK,203,0,0,0,1,2.9734,25.486
Test03_OK_chg,충전,OK,204,0,0,0,1,0.1957,39.503
Test03_OK_chg,충전,OK,205,0,0,1,1,0.0672,78.3122
Test03_OK_chg,충전,OK,206,0,0,0,1,0.728,79.6156
Test03_OK_chg,충전,OK,207,0,0,0,1,0.2379,40.4264
Test03_OK_chg,충전,OK,208,0,0,0,1,0.7264,80.178
Test03_OK_chg,충전,OK,209,0,1,1,1,0.846,36.4961
Test03_OK_chg,충전,OK,210,0,0,1,1,0.8676,88.4851
Test03_OK_chg,충전,OK,211,0,0,1,1,0.1019,76.414
Test03_OK_chg,충전,OK,212,0,0,1,1,0.3522,69.0729
Test03_OK_chg,충전,OK,213,0,0,1,1,0.1441,32.1756
Test03_OK_chg,충전,OK,214,0,0,1,1,0.1287,33.6132
Test03_OK_chg,충전,OK,215,0,0,1,1,0.1245,33.2129
Test03_OK_chg,충전,OK,216,0,0,1,1,0.4306,65.5884
Test03_OK_chg,충전,OK,217,0,0,1,1,0.248,35.4907
Test03_OK_chg,충전,OK,218,0,0,0,1,0.1978,73.7528
Test03_OK_chg,충전,OK,219,0,0,0,1,0.1255,80.7312
Test03_OK_chg,충전,OK,220,0,0,0,1,0.2239,71.6484
Test03_OK_chg,충전,OK,221,0,0,0,1,0.0821,67.699
Test03_OK_chg,충전,OK,222,0,0,1,1,0.1457,34.8807
Test03_OK_chg,충전,OK,223,0,0,1,1,0.1643,78.1024
Test03_OK_chg,충전,OK,224,0,1,0,1,0.3698,28.0058
Test03_OK_chg,충전,OK,225,0,0,0,1,8.8883,31.0457
Test03_OK_chg,충전,OK,226,0,0,0,1,2.7033,25.9459
Test03_OK_chg,충전,OK,227,0,0,0,1,0.0736,76.8748
Test03_OK_chg,충전,OK,228,0,0,0,1,0.0585,78.6585
Test03_OK_chg,충전,OK,229,0,1,0,1,1.0513,29.4218
Test03_OK_chg,충전,OK,230,0,0,0,1,0.3921,70.1496
Test03_OK_chg,충전,OK,231,0,0,0,1,0.2393,35.3862
Test03_OK_chg,충전,OK,232,0,0,0,1,0.1286,38.3148
Test03_OK_chg,충전,OK,233,0,0,0,1,1.7991,26.7059
Test03_OK_chg,충전,OK,234,0,1,0,1,5.5478,33.4193
Test03_OK_chg,충전,OK,235,0,0,1,1,0.1597,79.0408
Test03_OK_chg,충전,OK,236,0,0,0,1,1.9726,88.3327
Test03_OK_chg,충전,OK,237,0,0,1,1,0.2184,86.509
Test03_OK_chg,충전,OK,238,0,0,0,1,0.4317,69.4399
Test03_OK_chg,충전,OK,239,0,0,0,1,0.1,73.0186
Test03_OK_chg,충전,OK,240,0,0,0,1,0.3826,36.8687
Test03_OK_chg,충전,OK,241,0,1,0,1,7.0153,69.5444
Test03_OK_chg,충전,OK,242,0,0,1,1,0.1087,43.0831
Test03_OK_chg,충전,OK,243,0,1,1,1,0.5688,34.0511
Test03_OK_chg,충전,OK,244,0,1,1,1,0.3064,27.2464
Test03_OK_chg,충전,OK,245,0,0,0,1,0.1272,37.6111
Test03_OK_chg,충전,OK,246,0,0,0,1,0.2229,39.3005
Test03_OK_chg,충전,OK,247,0,0,1,1,0.1469,84.6598
Test03_OK_chg,충전,OK,248,0,0,1,1,0.1457,69.8154
Test03_OK_chg,충전,OK,249,0,0,0,1,0.6112,63.0014
Test03_OK_chg,충전,OK,250,0,1,0,1,0.4359,33.548
Test03_OK_chg,충전,OK,251,0,0,0,1,0.1824,38.2954
Test03_OK_chg,충전,OK,252,0,0,1,1,0.3584,76.4407
Test03_OK_chg,충전,OK,253,0,1,1,1,0.5596,33.4527
Test03_OK_chg,충전,OK,254,0,0,0,1,0.2341,73.0245
Test03_OK_chg,충전,OK,255,0,0,0,1,0.8579,70.7781
Test03_OK_chg,충전,OK,256,0,0,0,1,3.3087,28.1366
Test03_OK_chg,충전,OK,257,0,0,0,1,0.106,70.4916
Test03_OK_chg,충전,OK,258,0,1,0,1,0.9056,32.4801
Test03_OK_chg,충전,OK,259,0,0,0,1,0.1516,73.6984
Test03_OK_chg,충전,OK,260,0,1,0,1,0.6216,28.0177
Test03_OK_chg,충전,OK,261,0,0,1,1,0.1659,73.564
Test03_OK_chg,충전,OK,262,0,0,0,1,0.3209,73.8582
Test03_OK_chg,충전,OK,263,0,0,0,1,0.1381,74.5614
Test03_OK_chg,충전,OK,264,0,0,0,1,0.1821,79.5227
Test03_OK_chg,충전,OK,265,0,0,1,1,0.3279,78.9162
Test03_OK_chg,충전,OK,266,0,0,0,1,0.2123,67.7018
Test03_OK_chg,충전,OK,267,0,0,0,1,0.2519,66.5367
Test03_OK_chg,충전,OK,268,0,0,0,1,0.2026,69.5728
Test03_OK_chg,충전,OK,269,0,0,1,1,0.248,71.8808
Test03_OK_chg,충전,OK,270,0,0,0,1,0.2187,36.996
Test03_OK_chg,충전,OK,271,0,0,0,1,0.1071,73.1593
Test03_OK_chg,충전,OK,272,0,0,0,1,0.5965,70.0608
Test03_OK_chg,충전,OK,273,0,0,1,1,1.1657,92.3217
Test03_OK_chg,충전,OK,274,0,0,0,1,0.4692,73.9937
Test03_OK_chg,충전,OK,275,0,0,1,1,0.1547,67.7775
Test03_OK_chg,충전,OK,276,0,0,0,1,0.4626,68.8928
Test03_OK_chg,충전,OK,277,0,0,0,1,0.3045,33.8027
Test03_OK_chg,충전,OK,278,0,0,1,1,0.1742,71.077
Test03_OK_chg,충전,OK,279,0,0,0,1,8.4204,32.4775
Test03_OK_chg,충전,OK,280,0,0,0,1,0.2136,73.4526
Test03_OK_chg,충전,OK,281,0,1,0,1,6.8116,32.7471
Test03_OK_chg,충전,OK,282,0,1,0,1,0.4216,33.8029
Test03_OK_chg,충전,OK,283,0,0,1,1,0.1632,79.8916
Test03_OK_chg,충전,OK,284,0,0,1,1,0.2067,70.932
Test03_OK_chg,충전,OK,285,0,0,0,1,0.6294,66.3196
Test03_OK_chg,충전,OK,286,0,0,0,1,0.2411,34.0921
Test03_OK_chg,충전,OK,287,0,0,0,1,0.3416,34.2314
Test03_OK_chg,충전,OK,288,0,1,0,1,1.0584,32.314
Test03_OK_chg,충전,OK,289,0,0,0,1,0.1395,79.7375
Test03_OK_chg,충전,OK,290,0,0,0,1,0.8889,76.4496
Test03_OK_chg,충전,OK,291,0,0,0,1,0.1987,77.4532
Test03_OK_chg,충전,OK,292,0,0,1,1,0.2041,68.3399
Test03_OK_chg,충전,OK,293,0,0,1,1,0.1676,33.0057
Test03_OK_chg,충전,OK,294,0,0,0,1,0.2259,78.198
Test03_OK_chg,충전,OK,295,0,0,0,1,0.3931,77.1968
Test03_OK_chg,충전,OK,296,0,0,0,1,0.7636,64.2273
Test03_OK_chg,충전,OK,297,0,0,1,1,0.1113,67.9686
Test03_OK_chg,충전,OK,298,0,0,1,1,0.1076,40.639
Test03_OK_chg,충전,OK,299,0,0,1,1,0.1436,79.8116
Test03_OK_chg,충전,OK,300,0,0,0,1,0.057,68.6597
Test03_OK_chg,충전,OK,301,0,1,0,0,0.3684,25.2883
Test03_OK_chg,충전,OK,302,0,0,0,0,0.4461,65.2549
Test03_OK_chg,충전,OK,303,0,0,1,0,0.0742,69.7175
Test03_OK_chg,충전,OK,304,0,0,0,0,0.5962,62.0193
Test03_OK_chg,충전,OK,305,0,0,0,0,0.3767,37.1153
Test03_OK_chg,충전,OK,306,0,0,0,0,0.7507,63.6008
Test03_OK_chg,충전,OK,307,0,1,0,0,1.0,25.932
Test03_OK_chg,충전,OK,308,0,0,1,1,0.1252,69.6466
Test03_OK_chg,충전,OK,309,0,0,1,1,0.0153,75.7888
Test03_OK_chg,충전,OK,310,0,0,0,1,0.5033,66.7075
Test03_OK_chg,충전,OK,311,0,0,0,1,2.1369,22.7097
Test03_OK_chg,충전,OK,312,0,0,0,1,0.1293,71.9453
Test03_OK_chg,충전,OK,313,0,1,1,1,1.5509,30.3852
Test03_OK_chg,충전,OK,314,0,0,1,1,0.5567,69.7426
Test03_OK_chg,충전,OK,315,0,0,1,1,0.443,70.4997
Test03_OK_chg,충전,OK,316,0,0,1,1,0.4239,65.3623
Test03_OK_chg,충전,OK,317,0,1,0,1,0.4781,28.8348
Test03_OK_chg,충전,OK,318,0,1,0,1,7.5344,28.995
Test03_OK_chg,충전,OK,319,0,0,0,1,0.2889,63.9046
Test03_OK_chg,충전,OK,320,0,1,0,1,0.7795,31.041
Test03_OK_chg,충전,OK,321,0,1,0,0,0.4767,24.919
Test03_OK_chg,충전,OK,322,0,1,1,0,0.3803,24.5391
Test03_OK_chg,충전,OK,323,0,0,0,1,0.2132,70.7009
Test03_OK_chg,충전,OK,324,0,0,0,1,0.1658,70.5582
Test03_OK_chg,충전,OK,325,0,0,1,1,0.1119,76.6787
Test03_OK_chg,충전,OK,326,0,0,0,1,20.4156,51.7597
Test03_OK_chg,충전,OK,327,0,0,0,1,0.463,62.2961
Test03_OK_chg,충전,OK,328,0,0,0,1,0.136,31.2934
Test03_OK_chg,충전,OK,329,0,0,0,1,1.0237,77.5813
Test03_OK_chg,충전,OK,330,0,1,1,1,0.7994,33.9208
Test03_OK_chg,충전,OK,331,0,0,1,1,0.6012,60.7407
Test03_OK_chg,충전,OK,332,0,0,1,1,0.0526,64.5157
Test03_OK_chg,충전,OK,333,0,0,0,1,0.0819,70.9876
Test03_OK_chg,충전,OK,334,0,0,1,1,0.4148,61.7159
Test03_OK_chg,충전,OK,335,0,0,1,1,0.3634,37.9436
Test03_OK_chg,충전,OK,336,0,1,1,1,1.7307,35.1302
Test03_OK_chg,충전,OK,337,0,0,1,1,0.1379,30.4885
Test03_OK_chg,충전,OK,338,0,0,0,1,0.1569,31.9273
Test03_OK_chg,충전,OK,339,0,0,0,1,0.3633,62.0864
Test03_OK_chg,충전,OK,340,0,0,0,1,0.152,31.9261
Test03_OK_chg,충전,OK,341,0,0,1,1,1.4502,72.7472
Test03_OK_chg,충전,OK,342,0,0,1,1,0.2853,61.7296
Test03_OK_chg,충전,OK,343,0,0,0,1,0.3295,66.6173
Test03_OK_chg,충전,OK,344,0,0,0,1,0.5113,68.9897
Test03_OK_chg,충전,OK,345,0,0,0,1,1.0074,61.7856
Test03_OK_chg,충전,OK,346,0,0,1,1,0.6786,76.7535
Test03_OK_chg,충전,OK,347,0,1,1,1,0.427,31.5501
Test03_OK_chg,충전,OK,348,0,0,1,1,0.8635,60.7343
Test03_OK_chg,충전,OK,349,0,0,1,1,0.0612,67.054
Test03_OK_chg,충전,OK,350,0,0,0,1,0.1044,71.4639
Test03_OK_chg,충전,OK,351,0,0,1,1,0.3942,56.961
Test03_OK_chg,충전,OK,352,0,0,0,1,1.1512,65.0526
Test03_OK_chg,충전,OK,353,0,0,0,1,1.2239,55.0501
Test03_OK_chg,충전,OK,354,0,0,0,1,0.4797,53.8404
Test03_OK_chg,충전,OK,355,0,0,0,1,0.0485,67.514
Test03_OK_chg,충전,OK,356,0,0,0,1,0.0791,66.2449
Test03_OK_chg,충전,OK,357,0,0,0,1,0.0459,67.4187
Test03_OK_chg,충전,OK,358,0,0,0,1,0.036,65.6516
Test03_OK_chg,충전,OK,359,0,0,1,1,0.0403,68.4594
Test03_OK_chg,충전,OK,360,0,1,0,1,1.4494,42.9589
Test03_OK_chg,충전,OK,361,0,0,0,1,0.2556,65.7381
Test03_OK_chg,충전,OK,362,0,0,0,1,0.2312,28.833
Test03_OK_chg,충전,OK,363,0,0,0,1,1.0337,73.2557
Test03_OK_chg,충전,OK,364,0,0,1,1,0.8782,57.8649
Test03_OK_chg,충전,OK,365,0,0,1,1,0.0882,63.7702
Test03_OK_chg,충전,OK,366,0,0,0,1,0.6623,61.3574
Test03_OK_chg,충전,OK,367,0,0,0,1,0.6731,61.363
Test03_OK_chg,충전,OK,368,0,0,0,1,0.0323,72.6614
Test03_OK_chg,충전,OK,369,0,0,0,1,1.9798,20.5358
Test03_OK_chg,충전,OK,370,0,0,0,1,0.1011,60.8872
Test03_OK_chg,충전,OK,371,0,0,0,1,0.136,59.4092
Test03_OK_chg,충전,OK,372,0,1,0,0,0.4356,25.0441
Test03_OK_chg,충전,OK,373,0,0,0,0,2.1473,22.3188
Test03_OK_chg,충전,OK,374,0,0,0,0,0.8992,59.1631
Test03_OK_chg,충전,OK,375,0,0,0,0,0.5694,62.0984
Test03_OK_chg,충전,OK,376,0,0,1,0,0.052,74.0881
Test03_OK_chg,충전,OK,377,0,1,0,0,0.34,26.7021
Test03_OK_chg,충전,OK,378,0,0,0,0,0.1582,72.6175
Test03_OK_chg,충전,OK,379,0,0,0,0,0.0683,62.5494
Test03_OK_chg,충전,OK,380,0,1,0,0,0.4429,23.875
Test03_OK_chg,충전,OK,381,0,0,0,0,0.178,60.9189
Test03_OK_chg,충전,OK,382,0,0,0,0,0.4113,57.3541
Test03_OK_chg,충전,OK,383,0,0,1,0,1.5607,24.3885
Test03_OK_chg,충전,OK,384,0,0,1,0,0.0665,61.0261
Test03_OK_chg,충전,OK,385,0,0,1,0,0.046,66.4027
Test03_OK_chg,충전,OK,386,0,0,0,0,1.0886,77.5466
Test03_OK_chg,충전,OK,387,0,0,0,0,0.3502,67.1957
Test03_OK_chg,충전,OK,388,0,1,0,0,0.6119,25.8571
Test03_OK_chg,충전,OK,389,0,0,0,0,2.0443,20.0901
Test03_OK_chg,충전,OK,390,0,0,0,0,2.669,21.963
Test03_OK_chg,충전,OK,391,0,0,0,0,0.1269,27.8481
Test03_OK_chg,충전,OK,392,0,0,0,0,0.4574,56.8039
Test03_OK_chg,충전,OK,393,0,0,0,0,0.3986,62.3685
Test03_OK_chg,충전,OK,394,0,1,0,0,1.0625,25.9575
Test03_OK_chg,충전,OK,395,0,0,0,0,0.0644,61.9634
Test03_OK_chg,충전,OK,396,0,0,0,0,0.11,29.9265
Test03_OK_chg,충전,OK,397,0,0,0,0,0.1017,58.8861
Test03_OK_chg,충전,OK,398,0,0,1,0,0.2336,25.6585
Test03_OK_chg,충전,OK,399,0,0,0,0,0.6888,51.5915
Test03_OK_chg,충전,OK,400,0,1,1,0,8.9711,70.9437
Test03_OK_chg,충전,OK,401,0,0,0,0,0.0623,55.329
Test03_OK_chg,충전,OK,402,0,1,0,0,5.3586,25.1999
Test03_OK_chg,충전,OK,403,0,0,0,0,0.0259,70.0652
Test03_OK_chg,충전,OK,404,0,0,0,0,0.0485,62.1755
Test03_OK_chg,충전,OK,405,0,0,0,0,0.2688,58.273
Test03_OK_chg,충전,OK,406,0,1,0,0,0.9561,26.0082
Test03_OK_chg,충전,OK,407,0,1,0,0,0.5398,25.2741
Test03_OK_chg,충전,OK,408,0,0,1,1,0.2299,28.8074
Test03_OK_chg,충전,OK,409,0,0,0,1,0.5073,62.8637
Test03_OK_chg,충전,OK,410,0,0,0,1,0.2117,27.7347
Test03_OK_chg,충전,OK,411,0,0,0,1,0.0863,58.4611
Test03_OK_chg,충전,OK,412,0,0,0,1,0.0429,60.1565
Test03_OK_chg,충전,OK,413,0,0,0,1,0.2363,60.2869
Test03_OK_chg,충전,OK,414,0,1,0,1,1.0416,31.3249
Test03_OK_chg,충전,OK,415,0,0,0,1,0.1234,59.2868
Test03_OK_chg,충전,OK,416,0,0,0,1,0.1047,59.4075
Test03_OK_chg,충전,OK,417,0,0,0,1,0.129,28.2992
Test03_OK_chg,충전,OK,418,0,0,0,1,0.0774,26.8983
Test03_OK_chg,충전,OK,419,0,0,0,1,6.9617,31.6447
Test03_OK_chg,충전,OK,420,0,0,0,1,0.158,28.6754
Test03_OK_chg,충전,OK,421,0,0,0,1,0.1174,27.3532
Test03_OK_chg,충전,OK,422,0,0,0,1,0.2799,66.5389
Test03_OK_chg,충전,OK,423,0,0,0,1,0.3865,56.9064
Test03_OK_chg,충전,OK,424,0,0,0,0,0.3138,24.5034
Test03_OK_chg,충전,OK,425,0,0,0,0,0.1727,28.998
Test03_OK_chg,충전,OK,426,0,0,0,0,0.2164,56.7423
Test03_OK_chg,충전,OK,427,0,0,0,0,0.0363,60.9286
Test03_OK_chg,충전,OK,428,0,0,0,0,0.396,55.6982
Test03_OK_chg,충전,OK,429,0,0,0,0,0.0419,60.9927
Test03_OK_chg,충전,OK,430,0,0,0,0,0.262,64.54
Test03_OK_chg,충전,OK,431,0,0,0,0,2.0388,66.8381
Test03_OK_chg,충전,OK,432,0,1,0,0,0.6529,25.3622
Test03_OK_chg,충전,OK,433,0,0,0,1,0.0511,66.872
Test03_OK_chg,충전,OK,434,0,0,0,1,0.1267,55.1202
Test03_OK_chg,충전,OK,435,0,0,0,1,0.2898,51.4402
Test03_OK_chg,충전,OK,436,0,0,0,1,0.6169,56.0761
Test03_OK_chg,충전,OK,437,0,0,0,1,0.21,27.0571
Test03_OK_chg,충전,OK,438,0,0,0,1,0.6793,52.7017
Test03_OK_chg,충전,OK,439,0,0,0,1,2.4601,19.6879
Test03_OK_chg,충전,OK,440,0,0,0,1,0.4266,64.189
Test03_OK_chg,충전,OK,441,0,0,0,1,0.2514,73.043
Test03_OK_chg,충전,OK,442,0,0,0,1,0.104,67.5532
Test03_OK_chg,충전,OK,443,0,0,0,1,0.3899,66.0389
Test03_OK_chg,충전,OK,444,0,0,0,1,0.1262,52.2576
Test03_OK_chg,충전,OK,445,0,0,0,1,0.6999,55.1202
Test03_OK_chg,충전,OK,446,0,0,0,0,0.3723,21.6761
Test03_OK_chg,충전,OK,447,0,1,0,0,0.429,21.9744
Test03_OK_chg,충전,OK,448,0,1,0,0,0.8835,21.3226
Test03_OK_chg,충전,OK,449,0,0,1,0,0.158,54.8399
Test03_OK_chg,충전,OK,450,0,1,0,0,0.997,26.7523
Test03_OK_chg,충전,OK,451,0,0,0,0,0.2873,55.941
Test03_OK_chg,충전,OK,452,0,0,0,0,0.1126,47.4261
Test03_OK_chg,충전,OK,453,0,0,0,0,0.5994,46.2475
Test03_OK_chg,충전,OK,454,0,0,0,0,0.8463,50.7553
Test03_OK_chg,충전,OK,455,0,0,0,0,0.622,48.2929
Test03_OK_chg,충전,OK,456,0,1,0,0,0.9351,22.6687
Test03_OK_chg,충전,OK,457,0,0,0,0,0.1027,53.9241
Test03_OK_chg,충전,OK,458,0,0,0,0,0.4117,52.5079
Test03_OK_chg,충전,OK,459,0,1,0,0,0.257,23.9056
Test03_OK_chg,충전,OK,460,0,0,0,0,0.0696,58.2185
Test03_OK_chg,충전,OK,461,0,0,0,0,0.0832,62.598
Test03_OK_chg,충전,OK,462,0,1,0,0,1.092,26.0773
Test03_OK_chg,충전,OK,463,0,0,0,1,0.0453,64.7045
Test03_OK_chg,충전,OK,464,0,0,0,1,0.1102,54.4662
Test03_OK_chg,충전,OK,465,0,0,0,1,0.2354,27.5146
Test03_OK_chg,충전,OK,466,0,0,0,1,0.5628,50.6761
Test03_OK_chg,충전,OK,467,0,0,0,1,0.0828,26.6425
Test03_OK_chg,충전,OK,468,0,0,0,1,0.5291,54.5015
Test03_OK_chg,충전,OK,469,0,1,0,1,4.2823,33.1234
Test03_OK_chg,충전,OK,470,0,0,0,1,0.1042,30.5963
Test03_OK_chg,충전,OK,471,0,0,0,1,0.0742,29.9137
Test03_OK_chg,충전,OK,472,0,0,0,1,0.0508,57.2124
Test03_OK_chg,충전,OK,473,0,1,0,0,0.303,23.7684
Test03_OK_chg,충전,OK,474,0,0,0,0,0.0353,62.5232
Test03_OK_chg,충전,OK,475,0,0,0,0,0.1863,60.0245
Test03_OK_chg,충전,OK,476,0,0,0,0,0.0624,55.5354
Test03_OK_chg,충전,OK,477,0,0,0,0,0.3974,50.4957
Test03_OK_chg,충전,OK,478,0,0,0,0,0.2333,23.839
Test03_OK_chg,충전,OK,479,0,0,0,0,0.5856,52.0578
Test03_OK_chg,충전,OK,480,0,0,0,0,0.2371,55.1475
Test03_OK_chg,충전,OK,481,0,0,0,0,0.0192,58.5987
Test03_OK_chg,충전,OK,482,0,0,0,0,0.0249,60.5669
Test03_OK_chg,충전,OK,483,0,0,0,0,0.6539,55.2131
Test03_OK_chg,충전,OK,484,0,0,0,0,0.3559,54.0866
Test03_OK_chg,충전,OK,485,0,0,0,0,0.2284,58.0899
Test03_OK_chg,충전,OK,486,0,0,0,0,6.9789,31.6167
Test03_OK_chg,충전,OK,487,0,0,0,0,0.1962,60.537
Test03_OK_chg,충전,OK,488,0,0,0,0,0.3995,24.3107
Test03_OK_chg,충전,OK,489,0,0,0,0,0.1741,23.7131
Test03_OK_chg,충전,OK,490,0,0,0,0,0.1791,23.1814
Test03_OK_chg,충전,OK,491,0,0,0,0,0.421,22.0053
Test03_OK_chg,충전,OK,492,0,1,0,0,4.2933,22.8402
Test03_OK_chg,충전,OK,493,0,0,0,0,0.153,54.252
Test03_OK_chg,충전,OK,494,0,1,0,0,0.4581,26.183
Test03_OK_chg,충전,OK,495,0,1,0,0,0.2655,22.7145
Test03_OK_chg,충전,OK,496,0,0,0,0,2.1066,19.8458
Test03_OK_chg,충전,OK,497,0,1,0,0,0.2553,23.2282
Test03_OK_chg,충전,OK,498,0,0,0,0,0.3121,51.0598
Test03_OK_chg,충전,OK,499,0,0,0,0,0.9569,52.3811
Test03_OK_chg,충전,OK,500,0,0,0,0,0.9265,49.5431
Test03_OK_chg,충전,OK,501,0,0,0,0,2.5747,23.435
Test03_OK_chg,충전,OK,502,0,0,0,0,0.8787,60.9189
Test03_OK_chg,충전,OK,503,0,1,0,0,0.8878,20.1804
Test03_OK_chg,충전,OK,504,0,0,0,0,0.4145,53.8856
Test03_OK_chg,충전,OK,505,0,0,0,0,0.2896,54.8328
Test03_OK_chg,충전,OK,506,0,0,0,0,1.1782,45.0702
Test03_OK_chg,충전,OK,507,0,0,0,0,2.5588,17.4924
Test03_OK_chg,충전,OK,508,0,0,0,0,0.2044,56.9677
Test03_OK_chg,충전,OK,509,0,1,0,0,0.8411,24.7088
Test03_OK_chg,충전,OK,510,0,0,0,0,0.0152,60.5199
Test03_OK_chg,충전,OK,511,0,0,0,0,0.0506,59.6281
Test03_OK_chg,충전,OK,512,0,0,0,0,0.0682,54.6512
Test03_OK_chg,충전,OK,513,0,1,0,0,0.4267,23.2508
Test03_OK_chg,충전,OK,514,0,0,0,0,0.1022,59.1672
Test03_OK_chg,충전,OK,515,0,0,0,0,0.5352,46.7941
Test03_OK_chg,충전,OK,516,0,0,0,0,0.1179,53.5239
Test03_OK_chg,충전,OK,517,0,0,0,0,1.122,47.5378
Test03_OK_chg,충전,OK,518,0,0,0,0,0.0814,48.919
Test03_OK_chg,충전,OK,519,0,0,0,0,0.1046,50.3888
Test03_OK_chg,충전,OK,520,0,0,0,0,0.1407,57.9474
Test03_OK_chg,충전,OK,521,0,0,0,0,0.0837,24.6561
Test03_OK_chg,충전,OK,522,0,0,0,0,1.8151,17.7411
Test03_OK_chg,충전,OK,523,0,1,0,0,0.9432,23.0685
Test03_OK_chg,충전,OK,524,0,0,0,0,0.5172,49.3516
Test03_OK_chg,충전,OK,525,0,0,0,0,0.0516,55.7258
Test03_OK_chg,충전,OK,526,0,0,0,0,0.1045,55.7037
Test03_OK_chg,충전,OK,527,0,0,0,0,0.0535,23.7919
Test03_OK_chg,충전,OK,528,0,0,0,0,0.483,58.1925
Test03_OK_chg,충전,OK,529,0,0,0,0,0.0882,52.8345
Test03_OK_chg,충전,OK,530,0,0,0,0,0.0767,48.4934
Test03_OK_chg,충전,OK,531,0,1,0,0,2.5013,23.1778
Test03_OK_chg,충전,OK,532,0,0,0,0,0.275,50.8374
Test03_OK_chg,충전,OK,533,0,1,0,0,0.6112,26.4489
Test03_OK_chg,충전,OK,534,0,0,0,0,0.2663,59.403
Test03_OK_chg,충전,OK,535,0,0,0,0,0.1951,50.2535
Test03_OK_chg,충전,OK,536,0,0,0,0,0.0707,24.243
Test03_OK_chg,충전,OK,537,0,0,0,0,0.1447,23.7707
Test03_OK_chg,충전,OK,538,0,0,0,0,0.0758,24.5203
Test03_OK_chg,충전,OK,539,0,0,0,0,0.8864,49.3158
Test03_OK_chg,충전,OK,540,0,0,0,0,0.3186,50.2976
Test03_OK_chg,충전,OK,541,0,0,0,0,0.301,52.5266
Test03_OK_chg,충전,OK,542,0,0,0,0,0.0728,54.2801
Test03_OK_chg,충전,OK,543,0,0,0,0,0.4709,59.4582
Test03_OK_chg,충전,OK,544,0,0,0,0,1.4376,57.7448
Test03_OK_chg,충전,OK,545,0,0,0,0,0.1059,29.3199
Test03_OK_chg,충전,OK,546,0,0,0,0,0.2306,51.3732
Test03_OK_chg,충전,OK,547,0,0,0,0,0.0422,52.3298
Test03_OK_chg,충전,OK,548,0,0,0,0,0.1575,23.3091
Test03_OK_chg,충전,OK,549,0,0,0,0,0.6681,60.8873
Test03_OK_chg,충전,OK,550,0,0,0,0,0.2379,45.9469
Test03_OK_chg,충전,OK,551,0,0,0,0,0.0575,56.1208
Test03_OK_chg,충전,OK,552,0,0,0,0,0.4662,50.3304
Test03_OK_chg,충전,OK,553,0,0,0,0,0.5343,48.6546
Test03_OK_chg,충전,OK,554,0,0,0,0,0.3979,57.6925
Test03_OK_chg,충전,OK,555,0,1,0,0,0.4978,21.8367
Test03_OK_chg,충전,OK,556,0,1,0,0,0.2815,24.0092
Test03_OK_chg,충전,OK,557,0,0,0,0,0.1212,64.1656
Test03_OK_chg,충전,OK,558,0,0,0,0,0.4035,20.3632
Test03_OK_chg,충전,OK,559,0,1,0,0,0.4356,21.1147
Test03_OK_chg,충전,OK,560,0,0,0,0,0.0762,46.7135
Test03_OK_chg,충전,OK,561,0,0,0,0,1.8705,18.9089
Test03_OK_chg,충전,OK,562,0,0,0,0,0.0934,51.0947
Test03_OK_chg,충전,OK,563,0,0,0,0,0.1216,46.7788
Test03_OK_chg,충전,OK,564,0,0,0,0,0.1353,20.811
Test03_OK_chg,충전,OK,565,0,1,0,0,0.7283,51.325
Test03_OK_chg,충전,OK,566,0,0,0,0,0.0107,51.0712
Test03_OK_chg,충전,OK,567,0,0,0,0,0.0342,57.0616
Test03_OK_chg,충전,OK,568,0,0,0,0,0.2717,52.2786
Test03_OK_chg,충전,OK,569,0,0,0,0,1.3964,18.5852
Test03_OK_chg,충전,OK,570,0,0,0,0,0.0282,51.2944
Test03_OK_chg,충전,OK,571,0,0,0,0,0.1396,57.5496
Test03_OK_chg,충전,OK,572,0,0,0,0,0.3294,63.56
Test03_OK_chg,충전,OK,573,0,0,0,0,0.5838,67.858
Test03_OK_chg,충전,OK,574,0,0,0,0,0.1701,22.1211
Test03_OK_chg,충전,OK,575,0,0,0,0,1.1917,42.5615
Test03_OK_chg,충전,OK,576,0,1,0,0,0.4402,23.4817
Test03_OK_chg,충전,OK,577,0,1,0,0,1.2028,20.3605
Test03_OK_chg,충전,OK,578,0,0,0,0,0.2752,20.3747
Test03_OK_chg,충전,OK,579,0,1,0,0,0.5726,20.5056
Test03_OK_chg,충전,OK,580,0,0,0,0,6.4767,32.3323
Test03_OK_chg,충전,OK,581,0,1,0,0,0.8497,22.4954
Test03_OK_chg,충전,OK,582,0,0,0,0,0.3575,52.6174
Test03_OK_chg,충전,OK,583,0,0,0,0,0.1383,49.7723
Test03_OK_chg,충전,OK,584,0,0,0,0,0.1022,34.6968
Test03_OK_chg,충전,OK,585,0,0,0,0,1.7765,19.6041
Test03_OK_chg,충전,OK,586,0,0,0,0,0.4292,50.109
Test03_OK_chg,충전,OK,587,0,0,0,0,0.9881,45.9724
Test03_OK_chg,충전,OK,588,0,1,0,0,10.555,25.4372
Test03_OK_chg,충전,OK,589,0,1,0,0,1.0577,22.9623
Test03_OK_chg,충전,OK,590,0,0,0,0,0.081,18.6634
Test03_OK_chg,충전,OK,591,0,1,0,0,0.7454,18.3264
Test03_OK_chg,충전,OK,592,0,0,0,0,0.735,41.7228
Test03_OK_chg,충전,OK,593,0,1,0,0,0.38,20.9737
Test03_OK_chg,충전,OK,594,0,0,0,0,0.3008,21.439
Test03_OK_chg,충전,OK,595,0,0,0,0,0.1828,19.959
Test03_OK_chg,충전,OK,596,0,0,0,0,0.3946,18.8278
Test03_OK_chg,충전,OK,597,0,1,0,0,0.875,18.5172
Test03_OK_chg,충전,OK,598,0,0,0,0,1.2564,41.151
Test03_OK_chg,충전,OK,599,0,0,0,0,1.2615,43.6125
Test03_OK_chg,충전,OK,600,0,0,0,0,0.3852,48.7059
Test03_OK_chg,충전,OK,601,0,0,0,0,2.2704,17.8875
Test03_OK_chg,충전,OK,602,0,0,0,0,0.1615,24.3806
Test03_OK_chg,충전,OK,603,0,0,0,0,0.0234,49.5603
Test03_OK_chg,충전,OK,604,0,0,0,0,0.0857,23.7955
Test03_OK_chg,충전,OK,605,0,0,0,0,0.1262,22.195
Test03_OK_chg,충전,OK,606,0,0,0,0,0.1434,60.7873
Test03_OK_chg,충전,OK,607,0,0,0,0,0.2488,43.827
Test03_OK_chg,충전,OK,608,0,0,0,0,0.3437,44.4225
Test03_OK_chg,충전,OK,609,0,0,0,0,0.1836,20.4975
Test03_OK_chg,충전,OK,610,0,0,0,0,0.1186,20.5871
Test03_OK_chg,충전,OK,611,0,0,0,0,0.4005,44.2048
Test03_OK_chg,충전,OK,612,0,0,0,0,0.1313,22.5712
Test03_OK_chg,충전,OK,613,0,0,0,0,0.0898,46.3328
Test03_OK_chg,충전,OK,614,0,0,0,0,0.2021,21.532
Test03_OK_chg,충전,OK,615,0,0,0,0,0.1825,21.1957
Test03_OK_chg,충전,OK,616,0,0,0,0,0.0714,26.1538
Test03_OK_chg,충전,OK,617,0,0,0,0,0.0224,53.4158
Test03_OK_chg,충전,OK,618,0,0,0,0,0.3345,44.4285
Test03_OK_chg,충전,OK,619,0,1,0,0,1.4821,22.1886
Test03_OK_chg,충전,OK,620,0,0,0,0,1.2974,19.8119
Test03_OK_chg,충전,OK,621,0,1,0,0,0.9585,30.9946
Test03_OK_chg,충전,OK,622,0,0,0,0,0.1134,47.0759
Test03_OK_chg,충전,OK,623,0,0,0,0,0.1554,20.7595
Test03_OK_chg,충전,OK,624,0,0,0,0,0.3573,44.7232
Test03_OK_chg,충전,OK,625,0,0,0,0,0.4587,43.6732
Test03_OK_chg,충전,OK,626,0,0,0,0,0.0828,19.5723
Test03_OK_chg,충전,OK,627,0,0,0,0,0.5663,48.0615
Test03_OK_chg,충전,OK,628,0,0,0,0,1.1689,42.3563
Test03_OK_chg,충전,OK,629,0,0,0,0,0.975,40.8537
Test03_OK_chg,충전,OK,630,0,0,0,0,0.0465,46.9569
Test03_OK_chg,충전,OK,631,0,0,0,0,0.0821,48.2089
Test03_OK_chg,충전,OK,632,0,0,0,0,0.373,48.6994
Test03_OK_chg,충전,OK,633,0,0,0,0,0.1532,19.1095
Test03_OK_chg,충전,OK,634,0,0,0,0,0.1258,20.0183
Test03_OK_chg,충전,OK,635,0,0,0,0,0.3437,45.7707
Test03_OK_chg,충전,OK,636,0,0,0,0,0.7872,20.0213
Test03_OK_chg,충전,OK,637,0,0,0,0,0.0651,22.607
Test03_OK_chg,충전,OK,638,0,0,0,0,0.1984,21.7176
Test03_OK_chg,충전,OK,639,0,0,0,0,0.2698,53.3977
Test03_OK_chg,충전,OK,640,0,1,0,0,1.9391,20.1917
Test03_OK_chg,충전,OK,641,0,0,0,0,0.3852,41.2546
Test03_OK_chg,충전,OK,642,0,0,0,0,0.0981,19.4984
Test03_OK_chg,충전,OK,643,0,0,0,0,0.1286,19.6689
Test03_OK_chg,충전,OK,644,0,0,0,0,0.3734,41.52
Test03_OK_chg,충전,OK,645,0,0,0,0,0.0574,49.7609
Test03_OK_chg,충전,OK,646,0,0,0,0,0.1506,18.7666
Test03_OK_chg,충전,OK,647,0,0,0,0,0.6462,41.2115
Test03_OK_chg,충전,OK,648,0,0,0,0,0.1965,43.3676
Test03_OK_chg,충전,OK,649,0,0,0,0,0.1993,46.157
Test03_OK_chg,충전,OK,650,0,0,0,0,0.1311,18.9008
Test03_OK_chg,충전,OK,651,0,0,0,0,0.2628,43.1136
Test03_OK_chg,충전,OK,652,0,0,0,0,0.017,45.7821
Test03_OK_chg,충전,OK,653,0,0,0,0,0.3813,42.4737
Test03_OK_chg,충전,OK,654,0,1,0,0,0.6839,18.6664
Test03_OK_chg,충전,OK,655,0,0,0,0,0.0654,26.9189
Test03_OK_chg,충전,OK,656,0,0,0,0,0.1213,21.9578
Test03_OK_chg,충전,OK,657,0,1,0,0,1.8177,23.6411
Test03_OK_chg,충전,OK,658,0,0,0,0,0.0144,21.3886
Test03_OK_chg,충전,OK,659,0,1,0,0,0.3643,19.9384
Test03_OK_chg,충전,OK,660,0,0,0,0,0.289,25.2235
Test03_OK_chg,충전,OK,661,0,0,0,0,0.2124,18.4006
Test03_OK_chg,충전,OK,662,0,0,0,0,1.1092,38.6388
Test03_OK_chg,충전,OK,663,0,1,0,0,0.8896,32.3793
Test03_OK_chg,충전,OK,664,0,0,0,0,0.2794,25.4658
Test03_OK_chg,충전,OK,665,0,0,0,0,0.1078,44.4093
Test03_OK_chg,충전,OK,666,0,0,0,0,0.1094,17.8589
Test03_OK_chg,충전,OK,667,0,0,0,0,0.9742,21.7365
Test03_OK_chg,충전,OK,668,0,0,0,0,0.0673,41.4213
Test03_OK_chg,충전,OK,669,0,0,0,0,0.2986,44.2561
Test03_OK_chg,충전,OK,670,0,0,0,0,0.0438,45.1708
Test03_OK_chg,충전,OK,671,0,0,0,0,0.1017,17.4791
Test03_OK_chg,충전,OK,672,0,1,0,0,0.3989,25.9126
Test03_OK_chg,충전,OK,673,0,0,0,0,1.0481,38.1092
Test03_OK_chg,충전,OK,674,0,1,0,0,0.4933,19.1862
Test03_OK_chg,충전,OK,675,0,0,0,0,0.1136,21.2143
Test03_OK_chg,충전,OK,676,0,1,0,0,0.4879,16.1368
Test03_OK_chg,충전,OK,677,0,0,0,1,0.0698,51.3416
Test03_OK_chg,충전,OK,678,0,0,0,1,0.4479,40.1239
Test03_OK_chg,충전,OK,679,0,0,0,1,0.2443,52.5373
Test03_OK_chg,충전,OK,680,0,1,0,1,2.7012,41.358
Test03_OK_chg,충전,OK,681,0,0,0,1,0.879,38.8941
Test03_OK_chg,충전,OK,682,0,0,0,1,0.0275,48.5675
Test03_OK_chg,충전,OK,683,0,0,0,1,0.5184,38.6983
Test03_OK_chg,충전,OK,684,0,0,0,1,1.0578,39.6587
Test03_OK_chg,충전,OK,685,0,0,0,1,0.3219,42.0445
Test03_OK_chg,충전,OK,686,0,0,0,1,0.0554,46.388
Test03_OK_chg,충전,OK,687,0,0,0,1,0.3939,41.5264
Test03_OK_chg,충전,OK,688,0,0,0,0,0.2914,21.737
Test03_OK_chg,충전,OK,689,0,0,0,0,0.0602,18.1489
Test03_OK_chg,충전,OK,690,0,0,0,0,0.7825,39.7953
Test03_OK_chg,충전,OK,691,0,1,0,0,1.01,18.8422
Test03_OK_chg,충전,OK,692,0,0,0,0,0.0867,18.6834
Test03_OK_chg,충전,OK,693,0,1,0,0,4.5558,21.7978
Test03_OK_chg,충전,OK,694,0,1,0,0,2.7471,18.9469
Test03_OK_chg,충전,OK,695,0,0,0,0,0.2465,40.7308
Test03_OK_chg,충전,OK,696,0,0,0,0,0.9745,39.1664
Test03_OK_chg,충전,OK,697,0,0,0,0,1.131,38.4429
Test03_OK_chg,충전,OK,698,0,0,0,0,0.1276,16.1197
Test03_OK_chg,충전,OK,699,0,0,0,0,0.0871,50.7791
Test03_OK_chg,충전,OK,700,0,0,0,0,1.3113,36.6598
Test03_OK_chg,충전,OK,701,0,0,0,0,0.3038,38.9082
Test03_OK_chg,충전,OK,702,0,0,0,0,0.0499,18.5674
Test03_OK_chg,충전,OK,703,0,0,0,0,0.2528,40.3037
Test03_OK_chg,충전,OK,704,0,0,0,0,0.1718,42.9558
Test03_OK_chg,충전,OK,705,0,0,0,0,1.3216,37.1054
Test03_OK_chg,충전,OK,706,0,1,0,0,0.6022,17.8171
Test03_OK_chg,충전,OK,707,0,0,0,0,0.1948,43.2098
Test03_OK_chg,충전,OK,708,0,1,0,0,0.585,20.058
Test03_OK_chg,충전,OK,709,0,0,0,0,0.233,41.0515
Test03_OK_chg,충전,OK,710,0,0,0,0,1.124,36.6125
Test03_OK_chg,충전,OK,711,0,0,0,0,0.9671,37.3848
Test03_OK_chg,충전,OK,712,0,0,0,0,0.9433,21.0884
Test03_OK_chg,충전,OK,713,0,1,0,0,0.9736,16.4196
Test03_OK_chg,충전,OK,714,0,0,0,0,0.0477,27.6483
Test03_OK_chg,충전,OK,715,0,0,0,0,0.1835,37.4973
Test03_OK_chg,충전,OK,716,0,0,0,0,1.0465,35.6802
Test03_OK_chg,충전,OK,717,0,0,0,0,0.6057,34.9391
Test03_OK_chg,충전,OK,718,0,0,0,0,0.0862,15.8743
Test03_OK_chg,충전,OK,719,0,0,0,0,0.0954,38.4702
Test03_OK_chg,충전,OK,720,0,0,0,0,0.8621,37.3338
Test03_OK_chg,충전,OK,721,0,0,0,0,0.2444,16.1097
Test03_OK_chg,충전,OK,722,0,0,0,0,0.0329,17.5089
Test03_OK_chg,충전,OK,723,0,1,0,0,0.4865,15.9056
Test03_OK_chg,충전,OK,724,0,1,0,0,0.254,22.8369
Test03_OK_chg,충전,OK,725,0,1,0,0,0.0545,24.9626
Test03_OK_chg,충전,OK,726,0,0,0,0,0.0416,16.901
Test03_OK_chg,충전,OK,727,0,0,0,0,0.6497,35.7834
Test03_OK_chg,충전,OK,728,0,0,0,0,0.05,15.2136
Test03_OK_chg,충전,OK,729,0,0,0,0,0.0448,17.0364
Test03_OK_chg,충전,OK,730,0,0,0,0,0.0089,41.0667
Test03_OK_chg,충전,OK,731,0,1,0,0,0.4661,15.9069
Test03_OK_chg,충전,OK,732,0,1,0,0,1.7422,16.4382
Test03_OK_chg,충전,OK,733,0,0,0,0,0.7634,41.5191
Test03_OK_chg,충전,OK,734,0,0,0,0,1.571,30.1056
Test03_OK_chg,충전,OK,735,0,0,0,0,0.176,14.3122
Test03_OK_chg,충전,OK,736,0,0,0,0,0.1323,13.8747
Test03_OK_chg,충전,OK,737,0,0,0,0,0.4356,32.2711
Test03_OK_chg,충전,OK,738,0,0,0,0,0.7448,35.8817
Test03_OK_chg,충전,OK,739,0,0,0,0,0.1671,16.5467
Test03_OK_chg,충전,OK,740,0,0,0,0,0.4586,36.1455
Test03_OK_chg,충전,OK,741,0,0,0,0,0.048,18.1577
Test03_OK_chg,충전,OK,742,0,0,0,0,0.0268,16.8307
Test03_OK_chg,충전,OK,743,0,0,0,0,0.0392,16.9313
Test03_OK_chg,충전,OK,744,0,0,0,0,0.1037,16.1373
Test03_OK_chg,충전,OK,745,0,0,0,0,0.4657,37.51
Test03_OK_chg,충전,OK,746,0,0,0,0,1.1259,35.4148
Test03_OK_chg,충전,OK,747,0,0,0,0,0.1791,16.1259
Test03_OK_chg,충전,OK,748,0,1,0,0,0.6313,16.6673
Test03_OK_chg,충전,OK,749,0,0,0,0,0.0497,16.3273
Test03_OK_chg,충전,OK,750,0,0,0,0,0.0249,41.4819
Test03_OK_chg,충전,OK,751,0,0,0,0,0.2295,37.7928
Test03_OK_chg,충전,OK,752,0,0,0,0,0.1744,21.0619
Test03_OK_chg,충전,OK,753,0,0,0,0,0.3861,14.6965
Test03_OK_chg,충전,OK,754,0,0,0,0,0.1079,14.3564
Test03_OK_chg,충전,OK,755,0,0,0,0,0.6252,32.5573
Test03_OK_chg,충전,OK,756,0,0,0,0,0.0872,16.5474
Test03_OK_chg,충전,OK,757,0,0,0,0,0.8887,31.0952
Test03_OK_chg,충전,OK,758,0,0,0,0,0.0294,15.9282
Test03_OK_chg,충전,OK,759,0,0,0,0,0.1443,15.3685
Test03_OK_chg,충전,OK,760,0,1,0,0,0.5498,18.7238
Test03_OK_chg,충전,OK,761,0,0,0,0,0.0262,15.2752
Test03_OK_chg,충전,OK,762,0,1,0,0,0.7954,15.8023
Test03_OK_chg,충전,OK,763,0,0,0,0,0.0134,38.6248
Test03_OK_chg,충전,OK,764,0,0,0,0,0.281,14.8941
Test03_OK_chg,충전,OK,765,0,0,0,0,0.0075,15.0218
Test03_OK_chg,충전,OK,766,0,0,0,0,0.2584,35.3474
Test03_OK_chg,충전,OK,767,0,0,0,0,0.4837,34.6126
Test03_OK_chg,충전,OK,768,0,0,0,0,0.0715,42.4309
Test03_OK_chg,충전,OK,769,0,0,0,0,0.0706,21.2349
Test03_OK_chg,충전,OK,770,0,1,0,0,0.2551,21.4092
Test03_OK_chg,충전,OK,771,0,0,0,0,0.6465,34.2881
Test03_OK_chg,충전,OK,772,0,0,0,0,0.2935,42.3521
Test03_OK_chg,충전,OK,773,0,0,0,0,1.4803,29.7022
Test03_OK_chg,충전,OK,774,0,0,0,0,1.2763,28.8204
Test03_OK_chg,충전,OK,775,0,0,0,0,1.4822,29.1402
Test03_OK_chg,충전,OK,776,0,0,0,0,0.0636,34.0721
Test03_OK_chg,충전,OK,777,0,0,0,0,0.1107,15.4104
Test03_OK_chg,충전,OK,778,0,0,0,0,0.1683,14.6046
Test03_OK_chg,충전,OK,779,0,0,0,0,1.0877,32.9816
Test03_OK_chg,충전,OK,780,0,0,0,0,0.121,15.1203
Test03_OK_chg,충전,OK,781,0,1,0,0,4.4898,18.2379
Test03_OK_chg,충전,OK,782,0,0,0,0,0.8538,34.2408
Test03_OK_chg,충전,OK,783,0,0,0,0,0.9623,32.3799
Test03_OK_chg,충전,OK,784,0,0,0,0,0.132,16.6665
Test03_OK_chg,충전,OK,785,0,1,0,0,1.1243,15.4827
Test03_OK_chg,충전,OK,786,0,0,0,0,0.0208,14.6416
Test03_OK_chg,충전,OK,787,0,1,0,0,1.2302,14.8358
Test03_OK_chg,충전,OK,788,0,0,0,0,0.5966,33.9163
Test03_OK_chg,충전,OK,789,0,0,0,0,0.035,15.7958
Test03_OK_chg,충전,OK,790,0,0,0,0,0.458,38.4574
Test03_OK_chg,충전,OK,791,0,0,0,0,1.2452,33.5371
Test03_OK_chg,충전,OK,792,0,0,0,0,0.0825,20.5358
Test03_OK_chg,충전,OK,793,0,0,0,0,0.1185,15.2219
Test03_OK_chg,충전,OK,794,0,0,0,0,0.8735,17.3065
Test03_OK_chg,충전,OK,795,0,0,0,0,0.2838,13.4259
Test03_OK_chg,충전,OK,796,0,0,0,0,0.2451,18.9389
Test03_OK_chg,충전,OK,797,0,0,0,0,1.2181,32.5771
Test03_OK_chg,충전,OK,798,0,0,0,0,0.7169,33.5988
Test03_OK_chg,충전,OK,799,0,0,0,0,0.034,14.3624
Test03_OK_chg,충전,OK,800,0,0,0,0,1.026,33.1495
Test03_OK_chg,충전,OK,801,0,0,0,0,0.0402,17.5951
Test03_OK_chg,충전,OK,802,0,0,0,0,0.2455,14.7923
Test03_OK_chg,충전,OK,803,0,0,0,0,1.0228,31.9852
Test03_OK_chg,충전,OK,804,0,0,0,0,0.0385,14.0572
Test03_OK_chg,충전,OK,805,0,0,0,0,0.8146,33.0702
Test03_OK_chg,충전,OK,806,0,0,0,0,0.1354,18.7761
Test03_OK_chg,충전,OK,807,0,0,0,0,0.0804,20.2393
Test03_OK_chg,충전,OK,808,0,1,0,0,0.5736,13.3802
Test03_OK_chg,충전,OK,809,0,0,0,0,0.795,29.2653
Test03_OK_chg,충전,OK,810,0,0,0,0,0.3968,13.0172
Test03_OK_chg,충전,OK,811,0,0,0,0,0.0944,12.9284
Test03_OK_chg,충전,OK,812,0,1,0,0,0.6338,14.1338
Test03_OK_chg,충전,OK,813,0,0,0,0,1.6132,28.1088
Test03_OK_chg,충전,OK,814,0,0,0,0,0.0161,13.4289
Test03_OK_chg,충전,OK,815,0,0,0,0,0.0184,38.3934
Test03_OK_chg,충전,OK,816,0,0,0,0,0.8408,32.837
Test03_OK_chg,충전,OK,817,0,0,0,0,0.9977,31.2401
Test03_OK_chg,충전,OK,818,0,1,0,0,0.7776,19.3536
Test03_OK_chg,충전,OK,819,0,0,0,0,0.1354,14.3313
Test03_OK_chg,충전,OK,820,0,0,0,0,0.2045,13.7855
Test03_OK_chg,충전,OK,821,0,0,0,0,0.0649,37.5493
Test03_OK_chg,충전,OK,822,0,0,0,0,0.6957,33.2644
Test03_OK_chg,충전,OK,823,0,0,0,0,0.0945,14.5257
Test03_OK_chg,충전,OK,824,0,0,0,0,0.426,32.9897
Test03_OK_chg,충전,OK,825,0,0,0,0,0.9969,35.9756
Test03_OK_chg,충전,OK,826,0,0,0,0,0.3771,40.9897
Test03_OK_chg,충전,OK,827,0,0,0,0,0.1905,12.6043
Test03_OK_chg,충전,OK,828,0,0,0,0,0.214,12.8389
Test03_OK_chg,충전,OK,829,0,0,0,0,0.4947,13.5273
Test03_OK_chg,충전,OK,830,0,1,0,0,0.5301,13.2495
Test03_OK_chg,충전,OK,831,0,0,0,0,0.2486,12.8482
Test03_OK_chg,충전,OK,832,0,0,0,0,0.1466,12.759
Test03_OK_chg,충전,OK,833,0,0,0,0,0.1132,12.8235
Test03_OK_chg,충전,OK,834,0,0,0,0,0.1921,12.5002
Test03_OK_chg,충전,OK,835,0,0,0,0,0.578,28.5957
Test03_OK_chg,충전,OK,836,0,0,0,0,1.3545,27.3383
Test03_OK_chg,충전,OK,837,0,0,0,0,1.2399,27.5955
Test03_OK_chg,충전,OK,838,0,0,0,0,0.049,34.7579
Test03_OK_chg,충전,OK,839,0,0,0,0,1.1751,31.6231
Test03_OK_chg,충전,OK,840,0,0,0,0,0.0091,14.7251
Test03_OK_chg,충전,OK,841,0,0,0,0,0.179,14.4404
Test03_OK_chg,충전,OK,842,0,0,0,0,1.199,30.6384
Test03_OK_chg,충전,OK,843,0,0,0,0,0.3581,33.1488
Test03_OK_chg,충전,OK,844,0,0,0,0,0.0259,14.5072
Test03_OK_chg,충전,OK,845,0,0,0,0,0.7089,31.7376
Test03_OK_chg,충전,OK,846,0,0,0,0,0.1109,14.8194
Test03_OK_chg,충전,OK,847,0,0,0,0,0.2034,40.2354
Test03_OK_chg,충전,OK,848,0,0,0,0,0.0762,11.9584
Test03_OK_chg,충전,OK,849,0,0,0,0,1.5256,26.5896
Test03_OK_chg,충전,OK,850,0,0,0,0,0.066,12.2602
Test03_OK_chg,충전,OK,851,0,0,0,0,0.053,12.4297
Test03_OK_chg,충전,OK,852,0,0,0,0,1.048,29.6502
Test03_OK_chg,충전,OK,853,0,0,0,0,1.1619,28.5531
Test03_OK_chg,충전,OK,854,0,0,0,0,1.1375,29.0275
Test03_OK_chg,충전,OK,855,0,1,0,0,0.6197,12.2811
Test03_OK_chg,충전,OK,856,0,0,0,0,0.0442,12.4742
Test03_OK_chg,충전,OK,857,0,0,0,0,0.5106,30.7069
Test03_OK_chg,충전,OK,858,0,0,0,0,0.1961,12.3675
Test03_OK_chg,충전,OK,859,0,0,0,0,1.3139,30.5661
Test03_OK_chg,충전,OK,860,0,0,0,0,0.205,12.7322
Test03_OK_chg,충전,OK,861,0,1,0,0,1.0548,15.1045
Test03_OK_chg,충전,OK,862,0,1,0,0,0.6094,13.7882
Test03_OK_chg,충전,OK,863,0,0,0,0,0.2585,13.7432
Test03_OK_chg,충전,OK,864,0,1,0,0,0.2458,19.3097
Test03_OK_chg,충전,OK,865,0,0,0,0,0.2244,27.1754
Test03_OK_chg,충전,OK,866,0,0,0,0,0.0221,19.2882
Test03_OK_chg,충전,OK,867,0,0,0,0,0.2285,12.0076
Test03_OK_chg,충전,OK,868,0,1,0,0,1.0449,11.588
Test03_OK_chg,충전,OK,869,0,0,0,0,1.2118,25.5756
Test03_OK_chg,충전,OK,870,0,0,0,0,0.0965,11.1815
Test03_OK_chg,충전,OK,871,0,0,0,0,0.7174,27.3685
Test03_OK_chg,충전,OK,872,0,0,0,0,0.5334,28.1217
Test03_OK_chg,충전,OK,873,0,0,0,0,0.0711,35.0495
Test03_OK_chg,충전,OK,874,0,0,0,0,1.2292,26.1067
Test03_OK_chg,충전,OK,875,0,0,0,0,0.214,13.0288
Test03_OK_chg,충전,OK,876,0,0,0,0,0.0291,13.2397
Test03_OK_chg,충전,OK,877,0,0,0,0,0.1151,12.5528
Test03_OK_chg,충전,OK,878,0,0,0,0,0.9737,29.5906
Test03_OK_chg,충전,OK,879,0,0,0,0,0.0275,14.3987
Test03_OK_chg,충전,OK,880,0,0,0,0,1.418,29.2402
Test03_OK_chg,충전,OK,881,0,0,0,0,1.344,28.0823
Test03_OK_chg,충전,OK,882,0,0,0,0,0.8014,30.8299
Test03_OK_chg,충전,OK,883,0,0,0,0,0.0152,13.0202
Test03_OK_chg,충전,OK,884,0,0,0,0,0.0246,17.8008
Test03_OK_chg,충전,OK,885,0,0,0,0,0.2625,11.8869
Test03_OK_chg,충전,OK,886,0,1,0,0,0.7281,13.1815
Test03_OK_chg,충전,OK,887,0,0,0,0,0.2654,12.0098
Test03_OK_chg,충전,OK,888,0,0,0,0,0.306,12.08
Test03_OK_chg,충전,OK,889,0,0,0,0,0.7133,27.2593
Test03_OK_chg,충전,OK,890,0,1,0,0,0.5966,11.3312
Test03_OK_chg,충전,OK,891,0,0,0,0,0.0827,11.3813
Test03_OK_chg,충전,OK,892,0,0,0,0,1.3987,24.525
Test03_OK_chg,충전,OK,893,0,0,0,0,0.0207,11.8837
Test03_OK_chg,충전,OK,894,0,0,0,0,0.2015,35.9164
Test03_OK_chg,충전,OK,895,0,0,0,0,0.5293,11.2994
Test03_OK_chg,충전,OK,896,0,0,0,0,0.0696,11.3805
Test03_OK_chg,충전,OK,897,0,0,0,0,0.0223,12.5089
Test03_OK_chg,충전,OK,898,0,0,0,0,0.2063,12.5383
Test03_OK_chg,충전,OK,899,0,0,0,0,0.0642,16.1909
Test03_OK_chg,충전,OK,900,0,0,0,0,0.007,12.3894
Test03_OK_chg,충전,OK,901,0,0,0,0,0.2126,12.9916
Test03_OK_chg,충전,OK,902,0,0,0,0,0.0694,38.1602
Test03_OK_chg,충전,OK,903,0,0,0,0,0.0481,10.8502
Test03_OK_chg,충전,OK,904,0,0,0,0,1.1247,16.8023
Test03_OK_chg,충전,OK,905,0,0,0,0,1.2986,15.9461
Test03_OK_chg,충전,OK,906,0,1,0,0,1.2342,11.8454
Test03_OK_chg,충전,OK,907,0,0,0,0,1.0847,28.0772
Test03_OK_chg,충전,OK,908,0,0,0,0,0.9527,25.6956
Test03_OK_chg,충전,OK,909,0,0,0,0,1.5213,23.3839
Test03_OK_chg,충전,OK,910,0,1,0,0,1.3791,13.5281
Test03_OK_chg,충전,OK,911,0,0,0,0,0.2801,28.5989
Test03_OK_chg,충전,OK,912,0,0,0,0,1.1346,24.7892
Test03_OK_chg,충전,OK,913,0,0,0,0,0.0481,11.9636
Test03_OK_chg,충전,OK,914,0,0,0,0,0.0806,28.5595
Test03_OK_chg,충전,OK,915,0,0,0,0,0.8698,32.2621
Test03_OK_chg,충전,OK,916,0,0,0,0,0.1062,11.3564
Test03_OK_chg,충전,OK,917,0,0,0,0,0.3995,10.3492
Test03_OK_chg,충전,OK,918,0,0,0,0,0.3131,11.0331
Test03_OK_chg,충전,OK,919,0,0,0,0,1.3265,26.021
Test03_OK_chg,충전,OK,920,0,0,0,0,1.2976,30.1607
Test03_OK_chg,충전,OK,921,0,0,0,0,0.3959,11.6861
Test03_OK_chg,충전,OK,922,0,0,0,0,0.1042,11.7156
Test03_OK_chg,충전,OK,923,0,0,0,0,0.9368,25.3904
Test03_OK_chg,충전,OK,924,0,0,0,0,0.2333,11.4838
Test03_OK_chg,충전,OK,925,0,0,0,0,0.4206,11.1685
Test03_OK_chg,충전,OK,926,0,0,0,0,1.1315,23.7701
Test03_OK_chg,충전,OK,927,0,0,0,0,1.4841,23.8298
Test03_OK_chg,충전,OK,928,0,0,0,0,0.3652,27.2487
Test03_OK_chg,충전,OK,929,0,0,0,0,0.0426,10.0585
Test03_OK_chg,충전,OK,930,0,0,0,0,0.9583,25.7347
Test03_OK_chg,충전,OK,931,0,1,0,0,0.6589,12.0037
Test03_OK_chg,충전,OK,932,0,0,0,0,1.5276,23.5319
Test03_OK_chg,충전,OK,933,0,0,0,0,1.4806,23.3915
Test03_OK_chg,충전,OK,934,0,0,0,0,1.4993,22.982
Test03_OK_chg,충전,OK,935,0,0,0,0,0.1007,10.1471
Test03_OK_chg,충전,OK,936,0,1,0,0,1.0101,12.1129
Test03_OK_chg,충전,OK,937,0,0,0,0,1.284,23.8858
Test03_OK_chg,충전,OK,938,0,0,0,0,0.8052,25.1118
Test03_OK_chg,충전,OK,939,0,0,0,0,0.1338,17.3135
Test03_OK_chg,충전,OK,940,0,0,0,0,0.4705,23.6731
Test03_OK_chg,충전,OK,941,0,0,0,0,1.3206,26.5552
Test03_OK_chg,충전,OK,942,0,0,0,0,0.0992,17.2131
Test03_OK_chg,충전,OK,943,0,0,0,0,1.1152,24.3303
Test03_OK_chg,충전,OK,944,0,0,0,0,0.136,11.2976
Test03_OK_chg,충전,OK,945,0,0,0,0,1.5888,23.8002
Test03_OK_chg,충전,OK,946,0,0,0,0,0.0842,10.6006
Test03_OK_chg,충전,OK,947,0,0,0,0,0.8766,18.6615
Test03_OK_chg,충전,OK,948,0,0,0,0,1.091,25.5898
Test03_OK_chg,충전,OK,949,0,1,0,0,1.0435,11.5054
Test03_OK_chg,충전,OK,950,0,0,0,0,1.4834,17.9009
Test03_OK_chg,충전,OK,951,0,0,0,0,1.0949,24.6203
Test03_OK_chg,충전,OK,952,0,0,0,0,1.2447,24.6954
Test03_OK_chg,충전,OK,953,0,0,0,0,0.8598,24.1878
Test03_OK_chg,충전,OK,954,0,0,0,0,0.3972,27.8822
Test03_OK_chg,충전,OK,955,0,0,0,0,0.0658,10.5772
Test03_OK_chg,충전,OK,956,0,0,0,0,0.0855,10.3804
Test03_OK_chg,충전,OK,957,0,0,0,0,0.0612,10.7274
Test03_OK_chg,충전,OK,958,0,0,0,0,1.5193,23.5536
Test03_OK_chg,충전,OK,959,0,0,0,0,0.1035,13.1328
Test03_OK_chg,충전,OK,960,0,0,0,0,0.1049,12.7167
Test03_OK_chg,충전,OK,961,0,0,0,0,1.1059,24.0533
Test03_OK_chg,충전,OK,962,0,0,0,0,0.0606,10.7236
Test03_OK_chg,충전,OK,963,0,0,0,0,1.0741,24.3438
Test03_OK_chg,충전,OK,964,0,0,0,0,0.0861,10.902
Test03_OK_chg,충전,OK,965,0,0,0,0,0.4312,26.2848
Test03_OK_chg,충전,OK,966,0,0,0,0,1.2897,25.6516
Test03_OK_chg,충전,OK,967,0,0,0,0,0.7089,25.2611
Test03_OK_chg,충전,OK,968,0,0,0,0,0.9735,25.156
Test03_OK_chg,충전,OK,969,0,0,0,0,0.704,26.2544
Test03_OK_chg,충전,OK,970,0,0,0,0,1.2505,24.8035
Test03_OK_chg,충전,OK,971,0,0,0,0,1.0418,27.0734
Test03_OK_chg,충전,OK,972,0,0,0,0,1.224,24.829
Test03_OK_chg,충전,OK,973,0,0,0,0,0.3405,26.2909
Test03_OK_chg,충전,OK,974,0,0,0,0,0.1589,33.6146
Test03_OK_chg,충전,OK,975,0,0,0,0,0.5197,25.4901
Test03_OK_chg,충전,OK,976,0,0,0,0,0.5789,29.0634
Test03_OK_chg,충전,OK,977,0,0,0,0,0.1889,29.3338
Test03_OK_chg,충전,OK,978,0,0,0,0,0.2427,12.7455
Test03_OK_chg,충전,OK,979,0,0,0,0,0.866,29.3987
Test03_OK_chg,충전,OK,980,0,0,0,0,1.1596,25.4868
Test03_OK_chg,충전,OK,981,0,0,0,0,0.9051,24.8526
Test03_OK_chg,충전,OK,982,0,0,0,0,0.8626,28.2485
Test03_OK_chg,충전,OK,983,0,0,0,0,0.0617,10.641
Test03_OK_chg,충전,OK,984,0,0,0,0,0.963,28.8122
Test03_OK_chg,충전,OK,985,0,0,0,0,0.2412,31.4727
Test03_OK_chg,충전,OK,986,0,0,0,0,0.3143,29.0416
Test03_OK_chg,충전,OK,987,0,0,0,0,1.1105,24.7867
Test03_OK_chg,충전,OK,988,0,0,0,0,0.3257,31.0016
Test03_OK_chg,충전,OK,989,0,0,0,0,0.4892,29.7082
Test03_OK_chg,충전,OK,990,0,0,0,0,0.5603,28.1868
Test03_OK_chg,충전,OK,991,0,0,0,0,0.2814,35.4056
Test03_OK_chg,충전,OK,992,0,0,0,0,1.0499,38.2405
Test03_OK_chg,충전,OK,993,0,0,0,0,0.1829,31.0343
Test03_OK_chg,충전,OK,994,0,0,0,0,0.4908,29.0453
Test03_OK_chg,충전,OK,995,0,0,0,0,0.0202,36.1152
Test03_OK_chg,충전,OK,996,0,0,0,0,0.0664,13.3253
Test03_OK_chg,충전,OK,997,0,0,0,0,0.1232,9.3245
Test03_OK_chg,충전,OK,998,0,0,0,0,0.1612,24.9016
Test03_OK_chg,충전,OK,999,0,0,0,0,0.3777,36.4849
Test03_OK_chg,충전,OK,1000,0,0,0,0,1.7378,23.0868
Test03_OK_chg,충전,OK,1001,0,0,0,0,0.3656,27.2773
Test03_OK_chg,충전,OK,1002,0,0,0,0,1.4782,24.0357
Test03_OK_chg,충전,OK,1003,0,0,0,0,0.0447,28.5494
Test03_OK_chg,충전,OK,1004,0,0,0,0,0.199,33.2666
Test03_OK_chg,충전,OK,1005,0,0,0,0,0.134,26.4516
Test03_OK_chg,충전,OK,1006,0,0,0,0,0.4308,25.494
Test03_OK_chg,충전,OK,1007,0,0,0,1,0.1018,28.3015
Test03_OK_chg,충전,OK,1008,0,0,0,1,0.3391,26.3729
Test03_OK_chg,충전,OK,1009,0,0,0,1,0.0261,28.6871
Test03_OK_chg,충전,OK,1010,0,0,0,1,0.0264,31.1189
Test03_OK_chg,충전,OK,1011,0,0,0,1,0.4345,49.272
Test03_OK_chg,충전,OK,1012,0,0,0,1,1.278,28.1643
Test03_OK_chg,충전,OK,1013,0,0,0,1,1.0722,27.3709
Test03_OK_chg,충전,OK,1014,0,0,0,1,0.3419,28.2236
Test03_OK_chg,충전,OK,1015,0,0,0,1,0.5408,27.4185
Test03_OK_chg,충전,OK,1016,0,0,0,1,0.8872,26.2991
Test03_OK_chg,충전,OK,1017,0,0,0,1,0.3721,28.3074
Test03_OK_chg,충전,OK,1018,0,0,0,0,0.7871,25.9597
Test03_OK_chg,충전,OK,1019,0,0,0,0,0.36,28.0422
Test03_OK_chg,충전,OK,1020,0,0,0,0,1.0579,25.7247
Test03_OK_chg,충전,OK,1021,0,0,0,1,0.5752,26.3327
Test03_OK_chg,충전,OK,1022,0,0,0,1,0.417,27.5399
Test03_OK_chg,충전,OK,1023,0,0,0,1,0.7813,26.4234
Test03_OK_chg,충전,OK,1024,0,0,0,1,0.6021,26.3942
Test03_OK_chg,충전,OK,1025,0,0,0,1,0.3543,28.0896
Test03_OK_chg,충전,OK,1026,0,0,0,1,0.1699,28.3217
Test03_OK_chg,충전,OK,1027,0,0,0,1,0.8508,26.4508
Test03_OK_chg,충전,OK,1028,0,0,0,1,0.7709,26.1464
Test03_OK_chg,충전,OK,1029,0,0,0,1,0.3843,27.3474
Test03_OK_chg,충전,OK,1030,0,0,0,1,0.4862,27.5202
Test03_OK_chg,충전,OK,1031,0,0,0,0,1.1011,25.7677
Test03_OK_chg,충전,OK,1032,0,0,0,0,0.8432,25.9213
Test03_OK_chg,충전,OK,1033,0,0,0,1,0.7235,26.7678
Test03_OK_chg,충전,OK,1034,0,0,0,1,1.2122,38.4497
Test03_OK_chg,충전,OK,1035,0,0,0,1,0.094,38.468
Test03_OK_chg,충전,OK,1036,0,0,0,1,0.3329,28.0636
Test03_OK_chg,충전,OK,1037,0,0,0,1,0.1759,29.0017
Test03_OK_chg,충전,OK,1038,0,0,0,1,0.9481,26.2524
Test03_OK_chg,충전,OK,1039,0,0,0,1,0.7759,26.1913
Test03_OK_chg,충전,OK,1040,0,0,0,1,0.7074,27.1525
Test03_OK_chg,충전,OK,1041,0,0,0,1,0.5271,27.5341
Test03_OK_chg,충전,OK,1042,0,0,0,1,0.4315,27.8881
Test03_OK_chg,충전,OK,1043,0,0,0,1,0.3748,28.039
Test03_OK_chg,충전,OK,1044,0,0,0,1,0.2737,28.5552
Test03_OK_chg,충전,OK,1045,0,0,0,1,0.1641,29.3309
Test03_OK_chg,충전,OK,1046,0,0,0,0,0.9554,26.0969
Test03_OK_chg,충전,OK,1047,0,0,0,1,0.8,26.788
Test03_OK_chg,충전,OK,1048,0,0,0,1,1.3054,39.0333
Test03_OK_chg,충전,OK,1049,0,0,0,1,0.1808,38.5477
Test03_OK_chg,충전,OK,1050,0,0,0,1,0.4976,27.8498
Test03_OK_chg,충전,OK,1051,0,0,0,1,0.5219,27.7751
Test03_OK_chg,충전,OK,1052,0,0,0,1,0.4498,27.8087
Test03_OK_chg,충전,OK,1053,0,0,0,1,0.3436,28.385
Test03_OK_chg,충전,OK,1054,0,0,0,1,0.2322,28.7114
Test03_OK_chg,충전,OK,1055,0,0,0,1,0.1822,29.0714
Test03_OK_chg,충전,OK,1056,0,0,0,1,0.1382,29.5944
Test03_OK_chg,충전,OK,1057,0,0,0,1,0.0919,30.0751
Test03_OK_chg,충전,OK,1058,0,0,0,1,0.7795,27.3474
Test03_OK_chg,충전,OK,1059,0,0,0,1,0.7406,27.516
Test03_OK_chg,충전,OK,1060,0,0,0,1,0.7215,27.6798
Test03_OK_chg,충전,OK,1061,0,0,0,1,0.5883,28.0832
Test03_OK_chg,충전,OK,1062,0,0,0,1,0.5805,28.0056
Test03_OK_chg,충전,OK,1063,0,0,0,1,0.4709,28.7423
Test03_OK_chg,충전,OK,1064,0,0,0,1,0.4521,27.9839
Test03_OK_chg,충전,OK,1065,0,0,0,1,0.3461,28.3493
Test03_OK_chg,충전,OK,1066,0,0,0,1,0.2782,27.9497
Test03_OK_chg,충전,OK,1067,0,0,0,1,0.5993,40.8291
Test03_OK_chg,충전,OK,1068,0,0,0,1,0.1211,32.7471
Test03_OK_chg,충전,OK,1069,0,0,0,1,0.4196,37.6167
Test03_OK_chg,충전,OK,1070,0,0,0,1,1.6254,38.6818
Test03_OK_chg,충전,OK,1071,0,0,0,1,0.7239,30.3042
Test03_OK_chg,충전,OK,1072,0,0,0,1,0.2865,38.2682
Test03_OK_chg,충전,OK,1073,0,0,0,1,1.3549,39.2569
Test03_OK_chg,충전,OK,1074,0,0,0,1,0.5756,30.7023
Test03_OK_chg,충전,OK,1075,0,0,0,1,0.5842,30.6338
Test03_OK_chg,충전,OK,1076,0,0,0,1,0.5563,30.294
Test03_OK_chg,충전,OK,1077,0,0,0,1,0.1819,37.7793
Test03_OK_chg,충전,OK,1078,0,0,0,1,0.5446,27.4767
Test03_OK_chg,충전,OK,1079,0,0,0,1,0.9929,39.6345
Test03_OK_chg,충전,OK,1080,0,0,0,1,0.3527,31.2
Test03_OK_chg,충전,OK,1081,0,0,0,1,0.2897,31.9245
Test03_OK_chg,충전,OK,1082,0,0,0,1,0.2599,32.6123
Test03_OK_chg,충전,OK,1083,0,0,0,1,0.247,32.4712
Test03_OK_chg,충전,OK,1084,0,0,0,1,0.1931,32.3201
Test03_OK_chg,충전,OK,1085,0,0,0,1,0.1489,34.0258
Test03_OK_chg,충전,OK,1086,0,0,0,1,0.0974,34.0286
Test03_OK_chg,충전,OK,1087,0,0,0,1,0.7694,30.9436
Test03_OK_chg,충전,OK,1088,0,0,0,1,0.8592,30.1553
Test03_OK_chg,충전,OK,1089,0,0,0,1,0.1922,32.288
Test03_OK_chg,충전,OK,1090,0,0,0,1,0.6219,31.5981
Test03_OK_chg,충전,OK,1091,0,0,0,1,0.7205,31.1313
Test03_OK_chg,충전,OK,1092,0,0,0,1,0.2248,39.0973
Test03_OK_chg,충전,OK,1093,0,0,0,1,1.4485,39.293
Test03_OK_chg,충전,OK,1094,0,0,0,1,0.615,30.4408
Test03_OK_chg,충전,OK,1095,0,0,0,1,0.6018,29.9078
Test03_OK_chg,충전,OK,1096,0,0,0,1,0.5003,31.2384
Test03_OK_chg,충전,OK,1097,0,0,0,1,0.5698,30.8638
Test03_OK_chg,충전,OK,1098,0,0,0,1,0.4566,30.7625
Test03_OK_chg,충전,OK,1099,0,0,0,1,0.4062,31.4815
Test03_OK_chg,충전,OK,1100,0,0,0,1,0.392,31.7139
Test03_OK_chg,충전,OK,1101,0,0,0,1,0.3065,32.1439
Test03_OK_chg,충전,OK,1102,0,0,0,1,0.3706,31.6248
Test03_OK_chg,충전,OK,1103,0,0,0,1,0.2249,33.3328
Test03_OK_chg,충전,OK,1104,0,0,0,1,0.233,33.0707
Test03_OK_chg,충전,OK,1105,0,0,0,1,0.1947,32.7466
Test03_OK_chg,충전,OK,1106,0,0,0,1,0.1379,33.9773
Test03_OK_chg,충전,OK,1107,0,0,0,1,0.1016,34.2034
Test03_OK_chg,충전,OK,1108,0,0,0,1,0.1012,33.8058
Test03_OK_chg,충전,OK,1109,0,0,0,1,0.1121,34.1761
Test03_OK_chg,충전,OK,1110,0,0,0,1,0.825,30.9648
Test03_OK_chg,충전,OK,1111,0,0,0,1,0.8134,30.5187
Test03_OK_chg,충전,OK,1112,0,0,0,1,0.7668,31.8572
Test03_OK_chg,충전,OK,1113,0,0,0,1,0.8521,31.0263
Test03_OK_chg,충전,OK,1114,0,0,0,1,0.736,31.2575
Test03_OK_chg,충전,OK,1115,0,0,0,1,0.7934,29.9657
Test03_OK_chg,충전,OK,1116,0,0,0,1,0.7755,30.4866
Test03_OK_chg,충전,OK,1117,0,0,0,1,0.7342,30.8362
Test03_OK_chg,충전,OK,1118,0,0,0,1,0.6264,31.0232
Test03_OK_chg,충전,OK,1119,0,0,0,1,0.7165,30.3753
Test03_OK_chg,충전,OK,1120,0,0,0,1,0.7547,29.7349
Test03_OK_chg,충전,OK,1121,0,0,0,1,0.6553,30.5392
Test03_OK_chg,충전,OK,1122,0,0,0,1,0.5844,30.8232
Test03_OK_chg,충전,OK,1123,0,0,0,1,0.5057,31.8682
Test03_OK_chg,충전,OK,1124,0,0,0,1,0.4557,31.9671
Test03_OK_chg,충전,OK,1125,0,0,0,1,0.4457,32.0994
Test03_OK_chg,충전,OK,1126,0,0,0,1,0.4225,31.8404
Test03_OK_chg,충전,OK,1127,0,0,0,1,0.4335,31.2954
Test03_OK_chg,충전,OK,1128,0,0,0,1,0.3827,31.5698
Test03_OK_chg,충전,OK,1129,0,0,0,1,0.3763,33.3265
Test03_OK_chg,충전,OK,1130,0,0,0,1,0.3031,32.2686
Test03_OK_chg,충전,OK,1131,0,0,0,1,0.2215,33.2909
Test03_OK_chg,충전,OK,1132,0,0,0,1,0.232,32.5625
Test03_OK_chg,충전,OK,1133,0,0,0,1,0.2183,33.9999
Test03_OK_chg,충전,OK,1134,0,0,0,1,0.1794,33.3298
Test03_OK_chg,충전,OK,1135,0,0,0,1,0.1709,33.9302
Test03_OK_chg,충전,OK,1136,0,0,0,1,0.1757,34.0694
Test03_OK_chg,충전,OK,1137,0,0,0,1,0.1414,33.7484
Test03_OK_chg,충전,OK,1138,0,0,0,1,0.1408,33.0835
Test03_OK_chg,충전,OK,1139,0,0,0,1,0.1479,33.8006
Test03_OK_chg,충전,OK,1140,0,0,0,1,0.1153,33.8612
Test03_OK_chg,충전,OK,1141,0,0,0,1,0.1644,33.9403
Test03_OK_chg,충전,OK,1142,0,0,0,1,0.8087,31.687
Test03_OK_chg,충전,OK,1143,0,0,0,1,0.1378,33.1479
Test03_OK_chg,충전,OK,1144,0,0,0,1,0.7253,31.4056
Test03_OK_chg,충전,OK,1145,0,0,0,1,0.7398,31.1352
Test03_OK_chg,충전,OK,1146,0,0,0,1,0.8938,30.3984
Test03_OK_chg,충전,OK,1147,0,0,0,1,0.7392,31.3442
Test03_OK_chg,충전,OK,1148,0,0,0,1,0.7078,31.2281
Test03_OK_chg,충전,OK,1149,0,0,0,1,0.7865,30.088
Test03_OK_chg,충전,OK,1150,0,0,0,1,0.7883,30.6028
Test03_OK_chg,충전,OK,1151,0,0,0,1,0.6628,31.2769
Test03_OK_chg,충전,OK,1152,0,0,0,1,0.6964,30.8654
Test03_OK_chg,충전,OK,1153,0,0,0,1,0.6804,30.9638
Test03_OK_chg,충전,OK,1154,0,0,0,1,0.7868,30.7574
Test03_OK_chg,충전,OK,1155,0,0,0,1,0.7075,30.9587
Test03_OK_chg,충전,OK,1156,0,0,0,1,0.6271,31.33
Test03_OK_chg,충전,OK,1157,0,0,0,1,0.602,31.5548
Test03_OK_chg,충전,OK,1158,0,0,0,1,0.5414,31.6955
Test03_OK_chg,충전,OK,1159,0,0,0,1,0.576,31.8154
Test03_OK_chg,충전,OK,1160,0,0,0,1,0.5397,31.7014
Test03_OK_chg,충전,OK,1161,0,0,0,1,0.5125,32.2234
Test03_OK_chg,충전,OK,1162,0,0,0,1,0.4412,32.4332
Test03_OK_chg,충전,OK,1163,0,0,0,1,0.4318,32.3024
Test03_OK_chg,충전,OK,1164,0,0,0,1,0.4107,32.3778
Test03_OK_chg,충전,OK,1165,0,0,0,1,0.3833,32.6293
Test03_OK_chg,충전,OK,1166,0,0,0,1,0.3952,32.1592
Test03_OK_chg,충전,OK,1167,0,0,0,1,0.3883,32.6935
Test03_OK_chg,충전,OK,1168,0,0,0,1,0.2948,32.8597
Test03_OK_chg,충전,OK,1169,0,0,0,1,0.2741,32.9981
Test03_OK_chg,충전,OK,1170,0,0,0,1,0.2671,33.0012
Test03_OK_chg,충전,OK,1171,0,0,0,1,0.2931,32.9252
Test03_OK_chg,충전,OK,1172,0,0,0,1,0.2328,33.2769
Test03_OK_chg,충전,OK,1173,0,0,0,1,0.2107,33.3759
Test03_OK_chg,충전,OK,1174,0,0,0,1,0.2338,30.1668
Test03_OK_chg,충전,OK,1175,0,0,0,1,0.2177,33.3911
Test03_OK_chg,충전,OK,1176,0,0,0,1,0.1784,33.5955
Test03_OK_chg,충전,OK,1177,0,0,0,1,0.1647,33.7263
Test03_OK_chg,충전,OK,1178,0,0,0,1,0.1576,33.837
Test03_OK_chg,충전,OK,1179,0,0,0,1,0.1075,34.2082
Test03_OK_chg,충전,OK,1180,0,0,0,1,0.1102,34.4203
Test03_OK_chg,충전,OK,1181,0,0,0,1,0.125,34.1187
Test03_OK_chg,충전,OK,1182,0,0,0,1,0.1229,34.1223
Test03_OK_chg,충전,OK,1183,0,0,0,1,0.1147,34.0086
Test03_OK_chg,충전,OK,1184,0,0,0,1,0.1695,33.7473
Test03_OK_chg,충전,OK,1185,0,0,0,1,0.2195,33.6539
Test03_OK_chg,충전,OK,1186,0,0,0,1,0.2185,33.5184
Test03_OK_chg,충전,OK,1187,0,0,0,1,0.218,33.3931
Test03_OK_chg,충전,OK,1188,0,0,0,1,0.1956,33.4746
Test03_OK_chg,충전,OK,1189,0,0,0,1,0.2052,33.5118
Test03_OK_chg,충전,OK,1190,0,0,0,1,0.7458,31.7043
Test03_OK_chg,충전,OK,1191,0,0,0,1,0.2315,33.1432
Test03_OK_chg,충전,OK,1192,0,0,0,1,0.2907,32.7007
Test03_OK_chg,충전,OK,1193,0,0,0,1,0.7209,31.8071
Test03_OK_chg,충전,OK,1194,0,0,0,1,0.8673,31.0456
Test03_OK_chg,충전,OK,1195,0,0,0,1,0.8214,30.4441
Test03_OK_chg,충전,OK,1196,0,0,0,1,0.7851,30.6813
Test03_OK_chg,충전,OK,1197,0,0,0,1,0.7422,31.1965
Test03_OK_chg,충전,OK,1198,0,0,0,1,0.8264,30.4301
Test03_OK_chg,충전,OK,1199,0,0,0,1,0.8352,30.4667
Test03_OK_chg,충전,OK,1200,0,0,0,1,0.7111,31.5916
Test03_OK_chg,충전,OK,1201,0,0,0,1,0.7665,30.5472
Test03_OK_chg,충전,OK,1202,0,0,0,1,0.7237,30.6579
Test03_OK_chg,충전,OK,1203,0,0,0,1,0.7518,27.7757
Test03_OK_chg,충전,OK,1204,0,0,0,1,0.7773,27.3507
Test03_OK_chg,충전,OK,1205,0,0,0,1,0.7805,27.3578
Test03_OK_chg,충전,OK,1206,0,0,0,1,0.7267,31.0344
Test03_OK_chg,충전,OK,1207,0,0,0,1,0.5401,31.2538
Test03_OK_chg,충전,OK,1208,0,0,0,1,0.7954,28.3768
Test03_OK_chg,충전,OK,1209,0,0,0,1,0.7491,28.0034
Test03_OK_chg,충전,OK,1210,0,0,0,1,0.7273,28.1123
Test03_OK_chg,충전,OK,1211,0,0,0,1,0.5639,31.3501
Test03_OK_chg,충전,OK,1212,0,0,0,1,0.7167,27.8811
Test03_OK_chg,충전,OK,1213,0,0,0,1,0.6242,28.2993
Test03_OK_chg,충전,OK,1214,0,0,0,1,0.5963,28.8547
Test03_OK_chg,충전,OK,1215,0,0,0,1,0.6226,28.5446
Test03_OK_chg,충전,OK,1216,0,0,0,1,0.5143,28.7097
Test03_OK_chg,충전,OK,1217,0,0,0,1,0.4842,28.7401
Test03_OK_chg,충전,OK,1218,0,0,0,1,0.487,28.9407
Test03_OK_chg,충전,OK,1219,0,0,0,1,0.4808,28.5933
Test03_OK_chg,충전,OK,1220,0,0,0,1,0.416,28.9544
Test03_OK_chg,충전,OK,1221,0,0,0,1,0.4492,29.6292
Test03_OK_chg,충전,OK,1222,0,0,0,1,0.4785,29.3085
Test03_OK_chg,충전,OK,1223,0,0,0,1,0.3834,30.2847
Test03_OK_chg,충전,OK,1224,0,0,0,1,0.3857,29.9475
Test03_OK_chg,충전,OK,1225,0,0,0,1,0.406,29.0624
Test03_OK_chg,충전,OK,1226,0,0,0,1,0.3465,29.8712
Test03_OK_chg,충전,OK,1227,0,0,0,1,0.3031,29.8346
Test03_OK_chg,충전,OK,1228,0,0,0,1,0.3287,30.3958
Test03_OK_chg,충전,OK,1229,0,0,0,1,0.2816,29.9841
Test03_OK_chg,충전,OK,1230,0,0,0,1,0.2633,30.2621
Test03_OK_chg,충전,OK,1231,0,0,0,1,0.23,30.9512
Test03_OK_chg,충전,OK,1232,0,0,0,1,0.2836,30.9168
Test03_OK_chg,충전,OK,1233,0,0,0,1,0.2287,30.8465
Test03_OK_chg,충전,OK,1234,0,0,0,1,0.2864,31.0298
Test03_OK_chg,충전,OK,1235,0,0,0,1,0.215,31.784
Test03_OK_chg,충전,OK,1236,0,0,0,1,0.1893,31.2969
Test03_OK_chg,충전,OK,1237,0,0,0,1,0.226,30.6146
Test03_OK_chg,충전,OK,1238,0,0,0,1,0.192,31.3173
Test03_OK_chg,충전,OK,1239,0,0,0,1,0.2464,30.9359
Test03_OK_chg,충전,OK,1240,0,0,0,1,0.239,31.2867
Test03_OK_chg,충전,OK,1241,0,0,0,1,0.2308,31.7842
Test03_OK_chg,충전,OK,1242,0,0,0,1,0.2532,30.9755
Test03_OK_chg,충전,OK,1243,0,0,0,1,0.7475,42.8836
Test03_OK_chg,충전,OK,1244,0,0,0,1,0.1967,34.9077
Test03_OK_chg,충전,OK,1245,0,0,0,1,0.0226,42.6187
Test03_OK_chg,충전,OK,1246,0,0,0,1,0.8697,42.6761
Test03_OK_chg,충전,OK,1247,0,0,0,1,0.1946,34.8776
Test03_OK_chg,충전,OK,1248,0,0,0,1,0.2126,34.4588
Test03_OK_chg,충전,OK,1249,0,0,0,1,0.232,34.2947
Test03_OK_chg,충전,OK,1250,0,0,0,1,0.3063,34.1745
Test03_OK_chg,충전,OK,1251,0,0,0,1,0.2337,34.2888
Test03_OK_chg,충전,OK,1252,0,0,0,1,0.246,34.3688
Test03_OK_chg,충전,OK,1253,0,0,0,1,0.8235,32.7014
Test03_OK_chg,충전,OK,1254,0,0,0,1,0.2864,33.9068
Test03_OK_chg,충전,OK,1255,0,0,0,1,0.2285,34.296
Test03_OK_chg,충전,OK,1256,0,0,0,1,0.7636,32.6645
Test03_OK_chg,충전,OK,1257,0,0,0,1,0.7378,32.5241
Test03_OK_chg,충전,OK,1258,0,0,0,1,0.0607,35.8491
Test03_OK_chg,충전,OK,1259,0,0,0,1,0.7644,32.2833
Test03_OK_chg,충전,OK,1260,0,0,0,1,0.2923,33.672
Test03_OK_chg,충전,OK,1261,0,0,0,1,0.8984,31.8825
Test03_OK_chg,충전,OK,1262,0,0,0,1,0.8859,31.4026
Test03_OK_chg,충전,OK,1263,0,0,0,1,0.7256,31.7217
Test03_OK_chg,충전,OK,1264,0,0,0,1,0.8041,31.3421
Test03_OK_chg,충전,OK,1265,0,0,0,1,0.7413,31.8283
Test03_OK_chg,충전,OK,1266,0,0,0,1,0.6982,32.4303
Test03_OK_chg,충전,OK,1267,0,0,0,1,0.773,31.7946
Test03_OK_chg,충전,OK,1268,0,0,0,1,0.7366,31.9153
Test03_OK_chg,충전,OK,1269,0,0,0,1,0.699,31.8615
Test03_OK_chg,충전,OK,1270,0,0,0,1,0.6895,31.8655
Test03_OK_chg,충전,OK,1271,0,0,0,1,0.662,32.2437
Test03_OK_chg,충전,OK,1272,0,0,0,1,0.6876,31.7052
Test03_OK_chg,충전,OK,1273,0,0,0,1,0.6789,31.824
Test03_OK_chg,충전,OK,1274,0,0,0,1,0.6486,32.212
Test03_OK_chg,충전,OK,1275,0,0,0,1,0.6783,31.8795
Test03_OK_chg,충전,OK,1276,0,0,0,1,0.6728,32.0922
Test03_OK_chg,충전,OK,1277,0,0,0,1,0.634,32.5045
Test03_OK_chg,충전,OK,1278,0,0,0,1,0.6692,31.5759
Test03_OK_chg,충전,OK,1279,0,0,0,1,0.5891,31.8917
Test03_OK_chg,충전,OK,1280,0,0,0,1,0.6496,31.3068
Test03_OK_chg,충전,OK,1281,0,0,0,1,0.6789,31.2374
Test03_OK_chg,충전,OK,1282,0,0,0,1,0.6519,31.8326
Test03_OK_chg,충전,OK,1283,0,0,0,1,0.5923,31.8126
Test03_OK_chg,충전,OK,1284,0,0,0,1,0.5831,31.3502
Test03_OK_chg,충전,OK,1285,0,0,0,1,0.5486,31.9626
Test03_OK_chg,충전,OK,1286,0,0,0,1,0.5916,32.4131
Test03_OK_chg,충전,OK,1287,0,0,0,1,0.5258,31.4014
Test03_OK_chg,충전,OK,1288,0,0,0,1,0.5713,31.9825
Test03_OK_chg,충전,OK,1289,0,0,0,1,0.4633,32.4356
Test03_OK_chg,충전,OK,1290,0,0,0,1,0.483,31.9031
Test03_OK_chg,충전,OK,1291,0,0,0,1,0.5512,31.6925
Test03_OK_chg,충전,OK,1292,0,0,0,1,0.4883,31.9438
Test03_OK_chg,충전,OK,1293,0,0,0,1,0.4419,32.5547
Test03_OK_chg,충전,OK,1294,0,0,0,1,0.4302,32.1327
Test03_OK_chg,충전,OK,1295,0,0,0,1,0.3913,33.1238
Test03_OK_chg,충전,OK,1296,0,0,0,1,0.4033,32.5674
Test03_OK_chg,충전,OK,1297,0,0,0,1,0.4486,32.5354
Test03_OK_chg,충전,OK,1298,0,0,0,1,0.3573,32.7466
Test03_OK_chg,충전,OK,1299,0,0,0,1,0.4575,31.7421
Test03_OK_chg,충전,OK,1300,0,0,0,1,0.3597,32.2542
Test03_OK_chg,충전,OK,1301,0,0,0,1,0.3605,32.7654
Test03_OK_chg,충전,OK,1302,0,0,0,1,0.3605,32.238
Test03_OK_chg,충전,OK,1303,0,0,0,1,0.3729,33.1696
Test03_OK_chg,충전,OK,1304,0,0,0,1,0.3298,32.7913
Test03_OK_chg,충전,OK,1305,0,0,0,1,0.382,32.702
Test03_OK_chg,충전,OK,1306,0,0,0,1,0.3554,32.2899
Test03_OK_chg,충전,OK,1307,0,0,0,1,0.3011,32.6114
Test03_OK_chg,충전,OK,1308,0,0,0,1,0.2858,33.118
Test03_OK_chg,충전,OK,1309,0,0,0,1,0.2616,33.6507
Test03_OK_chg,충전,OK,1310,0,0,0,1,0.2519,33.7124
Test03_OK_chg,충전,OK,1311,0,0,0,1,0.2299,33.8437
Test03_OK_chg,충전,OK,1312,0,0,0,1,0.2472,33.6524
Test03_OK_chg,충전,OK,1313,0,0,0,1,0.2626,32.8867
Test03_OK_chg,충전,OK,1314,0,0,0,1,0.2184,33.936
Test03_OK_chg,충전,OK,1315,0,0,0,1,0.18,33.7112
Test03_OK_chg,충전,OK,1316,0,0,0,1,0.1848,33.7204
Test03_OK_chg,충전,OK,1317,0,0,0,1,0.1917,34.0325
Test03_OK_chg,충전,OK,1318,0,0,0,1,0.1882,33.3502
Test03_OK_chg,충전,OK,1319,0,0,0,1,0.1689,33.7688
Test03_OK_chg,충전,OK,1320,0,0,0,1,0.1788,33.2604
Test03_OK_chg,충전,OK,1321,0,0,0,1,0.1861,34.1447
Test03_OK_chg,충전,OK,1322,0,0,0,1,0.1761,33.6519
Test03_OK_chg,충전,OK,1323,0,0,0,1,0.1604,33.8252
Test03_OK_chg,충전,OK,1324,0,0,0,1,0.1604,33.4842
Test03_OK_chg,충전,OK,1325,0,0,0,1,0.1426,33.9269
Test03_OK_chg,충전,OK,1326,0,0,0,1,0.1724,33.7752
Test03_OK_chg,충전,OK,1327,0,0,0,1,0.1781,33.3194
Test03_OK_chg,충전,OK,1328,0,0,0,1,0.1529,33.8959
Test03_OK_chg,충전,OK,1329,0,0,0,1,0.1281,34.5529
Test03_OK_chg,충전,OK,1330,0,0,0,1,0.1876,33.6245
Test03_OK_chg,충전,OK,1331,0,0,0,1,0.1737,33.8709
Test03_OK_chg,충전,OK,1332,0,0,0,1,0.2,33.1634
Test03_OK_chg,충전,OK,1333,0,0,0,1,0.1891,33.7825
Test03_OK_chg,충전,OK,1334,0,0,0,1,0.2079,33.481
Test03_OK_chg,충전,OK,1335,0,0,0,1,0.2942,33.2759
Test03_OK_chg,충전,OK,1336,0,0,0,1,0.2676,33.1977
Test03_OK_chg,충전,OK,1337,0,0,0,1,0.305,33.2016
Test03_OK_chg,충전,OK,1338,0,0,0,1,0.2215,33.2683
Test03_OK_chg,충전,OK,1339,0,0,0,1,0.1026,34.2603
Test03_OK_chg,충전,OK,1340,0,0,0,1,0.2755,33.2707
Test03_OK_chg,충전,OK,1341,0,0,0,1,0.2522,32.8153
Test03_OK_chg,충전,OK,1342,0,0,0,1,0.2396,33.2322
Test03_OK_chg,충전,OK,1343,0,0,0,1,0.3215,32.9082
Test03_OK_chg,충전,OK,1344,0,0,0,1,0.0923,34.2714
Test03_OK_chg,충전,OK,1345,0,0,0,1,0.2945,33.0972
Test03_OK_chg,충전,OK,1346,0,0,0,1,0.2992,33.0338
Test03_OK_chg,충전,OK,1347,0,0,0,1,0.0795,34.6823
Test03_OK_chg,충전,OK,1348,0,0,0,1,0.0557,34.8005
Test03_OK_chg,충전,OK,1349,0,0,0,1,0.0799,34.701
Test03_OK_chg,충전,OK,1350,0,0,0,1,0.313,33.383
Test03_OK_chg,충전,OK,1351,0,0,0,1,0.3609,33.1311
Test03_OK_chg,충전,OK,1352,0,0,0,1,0.8345,31.3643
Test03_OK_chg,충전,OK,1353,0,0,0,1,0.3132,33.2706
Test03_OK_chg,충전,OK,1354,0,0,0,1,0.8314,31.5399
Test03_OK_chg,충전,OK,1355,0,0,0,1,0.9365,30.9789
Test03_OK_chg,충전,OK,1356,0,0,0,1,0.9196,31.2758
Test03_OK_chg,충전,OK,1357,0,0,0,1,0.0429,35.3136
Test03_OK_chg,충전,OK,1358,0,0,0,1,0.0548,34.9987
Test03_OK_chg,충전,OK,1359,0,0,0,1,0.0656,35.369
Test03_OK_chg,충전,OK,1360,0,0,0,1,0.7908,31.3208
Test03_OK_chg,충전,OK,1361,0,0,0,1,0.8276,31.0533
Test03_OK_chg,충전,OK,1362,0,0,0,1,0.0435,35.4671
Test03_OK_chg,충전,OK,1363,0,0,0,1,0.8134,31.3396
Test03_OK_chg,충전,OK,1364,0,0,0,1,0.858,31.118
Test03_OK_chg,충전,OK,1365,0,0,0,1,0.8131,31.4854
Test03_OK_chg,충전,OK,1366,0,0,0,1,0.7932,31.7441
Test03_OK_chg,충전,OK,1367,0,0,0,1,0.7362,31.2662
Test03_OK_chg,충전,OK,1368,0,0,0,1,0.7612,31.2848
Test03_OK_chg,충전,OK,1369,0,0,0,1,0.7007,31.5064
Test03_OK_chg,충전,OK,1370,0,0,0,1,0.0471,35.4919
Test03_OK_chg,충전,OK,1371,0,0,0,1,0.6773,31.5151
Test03_OK_chg,충전,OK,1372,0,0,0,1,0.6554,31.4239
Test03_OK_chg,충전,OK,1373,0,0,0,1,0.7151,31.49
Test03_OK_chg,충전,OK,1374,0,0,0,1,0.6758,31.3889
Test03_OK_chg,충전,OK,1375,0,0,0,1,0.7464,31.2109
Test03_OK_chg,충전,OK,1376,0,0,0,1,0.7411,31.6073
Test03_OK_chg,충전,OK,1377,0,0,0,1,0.7559,31.238
Test03_OK_chg,충전,OK,1378,0,0,0,1,0.773,31.1667
Test03_OK_chg,충전,OK,1379,0,0,0,1,0.7517,31.2794
Test03_OK_chg,충전,OK,1380,0,0,0,1,0.6893,30.9976
Test03_OK_chg,충전,OK,1381,0,0,0,1,0.6643,31.3075
Test03_OK_chg,충전,OK,1382,0,0,0,1,0.6991,31.6048
Test03_OK_chg,충전,OK,1383,0,0,0,1,0.6771,31.6752
Test03_OK_chg,충전,OK,1384,0,0,0,1,0.6721,31.3229
Test03_OK_chg,충전,OK,1385,0,0,0,1,0.7278,31.1759
Test03_OK_chg,충전,OK,1386,0,0,0,1,0.6273,31.4315
Test03_OK_chg,충전,OK,1387,0,0,0,1,0.7132,31.2251
Test03_OK_chg,충전,OK,1388,0,0,0,1,0.7076,31.3676
Test03_OK_chg,충전,OK,1389,0,0,0,1,0.6965,31.3298
Test03_OK_chg,충전,OK,1390,0,0,0,1,0.6085,31.6024
Test03_OK_chg,충전,OK,1391,0,0,0,1,0.6675,31.3708
Test03_OK_chg,충전,OK,1392,0,0,0,1,0.5289,32.4287
Test03_OK_chg,충전,OK,1393,0,0,0,1,0.6576,30.9918
Test03_OK_chg,충전,OK,1394,0,0,0,1,0.6335,31.4618
Test03_OK_chg,충전,OK,1395,0,0,0,1,0.5883,31.6073
Test03_OK_chg,충전,OK,1396,0,0,0,1,0.5947,31.8673
Test03_OK_chg,충전,OK,1397,0,0,0,1,0.5657,32.3799
Test03_OK_chg,충전,OK,1398,0,0,0,1,0.6716,31.0816
Test03_OK_chg,충전,OK,1399,0,0,0,1,0.5752,31.545
Test03_OK_chg,충전,OK,1400,0,0,0,1,0.4876,32.5218
Test03_OK_chg,충전,OK,1401,0,0,0,1,0.6417,31.7588
Test03_OK_chg,충전,OK,1402,0,0,0,1,0.4987,31.5733
Test03_OK_chg,충전,OK,1403,0,0,0,1,0.4458,32.7668
Test03_OK_chg,충전,OK,1404,0,0,0,1,0.5411,31.5492
Test03_OK_chg,충전,OK,1405,0,0,0,1,0.4809,31.5515
Test03_OK_chg,충전,OK,1406,0,0,0,1,0.5056,32.1461
Test03_OK_chg,충전,OK,1407,0,0,0,1,0.5137,31.5556
Test03_OK_chg,충전,OK,1408,0,0,0,1,0.3881,31.8987
Test03_OK_chg,충전,OK,1409,0,0,0,1,0.4229,31.7181
Test03_OK_chg,충전,OK,1410,0,0,0,1,0.3755,32.5731
Test03_OK_chg,충전,OK,1411,0,0,0,1,0.4538,32.3093
Test03_OK_chg,충전,OK,1412,0,0,0,1,0.4337,32.3866
Test03_OK_chg,충전,OK,1413,0,0,0,1,0.396,31.6871
Test03_OK_chg,충전,OK,1414,0,0,0,1,0.4128,32.4006
Test03_OK_chg,충전,OK,1415,0,0,0,1,0.4612,30.9937
Test03_OK_chg,충전,OK,1416,0,0,0,1,0.3657,32.6314
Test03_OK_chg,충전,OK,1417,0,0,0,1,0.434,31.8139
Test03_OK_chg,충전,OK,1418,0,0,0,1,0.3814,31.9883
Test03_OK_chg,충전,OK,1419,0,0,0,1,0.3944,31.7435
Test03_OK_chg,충전,OK,1420,0,0,0,1,0.4054,31.1407
Test04_OK_dchg,방전,OK,0,0,0,0,1,0.3053,32.1915
Test04_OK_dchg,방전,OK,1,0,0,0,1,0.3349,31.8824
Test04_OK_dchg,방전,OK,2,0,0,0,1,0.4238,28.5366
Test04_OK_dchg,방전,OK,3,0,0,0,1,0.2862,32.2553
Test04_OK_dchg,방전,OK,4,0,0,0,1,0.2816,32.3878
Test04_OK_dchg,방전,OK,5,0,0,0,1,0.3313,32.0538
Test04_OK_dchg,방전,OK,6,0,0,0,1,0.3998,28.4113
Test04_OK_dchg,방전,OK,7,0,0,0,1,0.2694,32.4334
Test04_OK_dchg,방전,OK,8,0,0,0,1,0.2718,32.5213
Test04_OK_dchg,방전,OK,9,0,0,0,1,0.2411,32.398
Test04_OK_dchg,방전,OK,10,0,0,0,1,0.2838,29.2022
Test04_OK_dchg,방전,OK,11,0,0,0,1,0.3475,28.8287
Test04_OK_dchg,방전,OK,12,0,0,0,1,0.3349,28.9251
Test04_OK_dchg,방전,OK,13,0,0,0,1,0.3051,29.009
Test04_OK_dchg,방전,OK,14,0,0,0,1,0.281,28.9328
Test04_OK_dchg,방전,OK,15,0,0,0,1,0.2103,32.4767
Test04_OK_dchg,방전,OK,16,0,0,0,1,0.6807,44.5483
Test04_OK_dchg,방전,OK,17,0,0,0,1,0.0199,40.5052
Test04_OK_dchg,방전,OK,18,0,0,0,1,0.2569,29.4359
Test04_OK_dchg,방전,OK,19,0,0,0,1,0.2624,29.228
Test04_OK_dchg,방전,OK,20,0,0,0,1,0.2323,32.4509
Test04_OK_dchg,방전,OK,21,0,0,0,1,0.2688,29.3681
Test04_OK_dchg,방전,OK,22,0,0,0,1,0.3081,28.4848
Test04_OK_dchg,방전,OK,23,0,0,0,1,0.2474,28.7684
Test04_OK_dchg,방전,OK,24,0,0,0,1,0.6627,40.5465
Test04_OK_dchg,방전,OK,25,0,0,0,1,0.0348,39.8625
Test04_OK_dchg,방전,OK,26,0,0,0,1,0.271,28.6289
Test04_OK_dchg,방전,OK,27,0,0,0,1,0.6557,40.5891
Test04_OK_dchg,방전,OK,28,0,0,0,1,0.2339,31.9549
Test04_OK_dchg,방전,OK,29,0,0,0,1,0.1976,32.1612
Test04_OK_dchg,방전,OK,30,0,0,0,1,0.2017,32.1125
Test04_OK_dchg,방전,OK,31,0,0,0,1,0.0286,40.3096
Test04_OK_dchg,방전,OK,32,0,0,0,1,0.6972,40.9378
Test04_OK_dchg,방전,OK,33,0,0,0,1,0.2657,31.9227
Test04_OK_dchg,방전,OK,34,0,0,0,1,0.241,32.3629
Test04_OK_dchg,방전,OK,35,0,0,0,1,0.2433,31.8251
Test04_OK_dchg,방전,OK,36,0,0,0,1,0.2389,32.2164
Test04_OK_dchg,방전,OK,37,0,0,0,1,0.2122,32.417
Test04_OK_dchg,방전,OK,38,0,0,0,1,0.2268,32.4203
Test04_OK_dchg,방전,OK,39,0,0,0,1,0.2252,32.6238
Test04_OK_dchg,방전,OK,40,0,0,0,1,0.2337,32.5363
Test04_OK_dchg,방전,OK,41,0,0,0,1,0.2412,32.6365
Test04_OK_dchg,방전,OK,42,0,0,0,1,0.2379,32.6424
Test04_OK_dchg,방전,OK,43,0,0,0,1,0.2875,32.486
Test04_OK_dchg,방전,OK,44,0,0,0,1,0.2753,32.5317
Test04_OK_dchg,방전,OK,45,0,0,0,1,0.2651,32.051
Test04_OK_dchg,방전,OK,46,0,0,0,1,0.2967,31.9544
Test04_OK_dchg,방전,OK,47,0,0,0,1,0.2644,32.3889
Test04_OK_dchg,방전,OK,48,0,0,0,1,0.233,32.6051
Test04_OK_dchg,방전,OK,49,0,0,0,1,0.2585,32.3527
Test04_OK_dchg,방전,OK,50,0,0,0,1,0.2778,32.2848
Test04_OK_dchg,방전,OK,51,0,0,0,1,0.2683,32.4354
Test04_OK_dchg,방전,OK,52,0,0,0,1,0.2642,32.4445
Test04_OK_dchg,방전,OK,53,0,0,0,1,0.2797,32.2414
Test04_OK_dchg,방전,OK,54,0,0,0,1,0.2771,32.2333
Test04_OK_dchg,방전,OK,55,0,0,0,1,0.3329,31.8744
Test04_OK_dchg,방전,OK,56,0,0,0,1,0.0048,41.105
Test04_OK_dchg,방전,OK,57,0,0,0,1,0.8537,40.7808
Test04_OK_dchg,방전,OK,58,0,0,0,1,0.1129,33.418
Test04_OK_dchg,방전,OK,59,0,0,0,1,0.0979,33.673
Test04_OK_dchg,방전,OK,60,0,0,0,1,0.4253,32.4626
Test04_OK_dchg,방전,OK,61,0,0,0,1,0.3312,32.4642
Test04_OK_dchg,방전,OK,62,0,0,0,1,0.2825,32.8685
Test04_OK_dchg,방전,OK,63,0,0,0,1,0.0832,34.2247
Test04_OK_dchg,방전,OK,64,0,0,0,1,0.131,33.6814
Test04_OK_dchg,방전,OK,65,0,0,0,1,0.368,32.9281
Test04_OK_dchg,방전,OK,66,0,0,0,1,0.0885,34.2348
Test04_OK_dchg,방전,OK,67,0,0,0,1,0.0979,34.1758
Test04_OK_dchg,방전,OK,68,0,0,0,1,0.0887,34.3719
Test04_OK_dchg,방전,OK,69,0,0,0,1,0.3886,32.5875
Test04_OK_dchg,방전,OK,70,0,0,0,1,0.0615,34.7081
Test04_OK_dchg,방전,OK,71,0,0,0,1,0.1147,33.873
Test04_OK_dchg,방전,OK,72,0,0,0,1,0.0735,34.8612
Test04_OK_dchg,방전,OK,73,0,0,0,1,0.0815,34.7374
Test04_OK_dchg,방전,OK,74,0,0,0,1,0.0792,35.1114
Test04_OK_dchg,방전,OK,75,0,0,0,1,0.0797,35.1168
Test04_OK_dchg,방전,OK,76,0,0,0,1,0.0519,35.4626
Test04_OK_dchg,방전,OK,77,0,0,0,1,0.0594,35.2891
Test04_OK_dchg,방전,OK,78,0,0,0,1,0.0854,34.8516
Test04_OK_dchg,방전,OK,79,0,0,0,1,0.4278,33.4539
Test04_OK_dchg,방전,OK,80,0,0,0,1,0.0788,34.94
Test04_OK_dchg,방전,OK,81,0,0,0,1,0.0496,35.5373
Test04_OK_dchg,방전,OK,82,0,0,0,1,0.0588,35.1681
Test04_OK_dchg,방전,OK,83,0,0,0,1,0.8392,31.843
Test04_OK_dchg,방전,OK,84,0,0,0,1,0.057,34.7562
Test04_OK_dchg,방전,OK,85,0,0,0,1,0.0516,35.3427
Test04_OK_dchg,방전,OK,86,0,0,0,1,0.0639,35.3429
Test04_OK_dchg,방전,OK,87,0,0,0,1,0.0623,34.8829
Test04_OK_dchg,방전,OK,88,0,0,0,1,0.0558,35.808
Test04_OK_dchg,방전,OK,89,0,0,0,1,0.0644,35.3313
Test04_OK_dchg,방전,OK,90,0,0,0,1,0.0435,35.6559
Test04_OK_dchg,방전,OK,91,0,0,0,1,0.0425,35.8368
Test04_OK_dchg,방전,OK,92,0,0,0,1,0.7436,31.924
Test04_OK_dchg,방전,OK,93,0,0,0,1,0.0502,35.5236
Test04_OK_dchg,방전,OK,94,0,0,0,1,0.0595,35.0813
Test04_OK_dchg,방전,OK,95,0,0,0,1,0.7904,31.7523
Test04_OK_dchg,방전,OK,96,0,0,0,1,0.784,31.6514
Test04_OK_dchg,방전,OK,97,0,0,0,1,0.0504,35.6804
Test04_OK_dchg,방전,OK,98,0,0,0,1,0.7676,31.6501
Test04_OK_dchg,방전,OK,99,0,0,0,1,0.7043,31.3885
Test04_OK_dchg,방전,OK,100,0,0,0,1,0.0526,34.614
Test04_OK_dchg,방전,OK,101,0,0,0,1,0.7375,31.39
Test04_OK_dchg,방전,OK,102,0,0,0,1,0.7722,31.2456
Test04_OK_dchg,방전,OK,103,0,0,0,1,0.7151,31.0239
Test04_OK_dchg,방전,OK,104,0,0,0,1,0.764,30.3241
Test04_OK_dchg,방전,OK,105,0,0,0,1,0.7874,30.9003
Test04_OK_dchg,방전,OK,106,0,0,0,1,0.8333,30.5347
Test04_OK_dchg,방전,OK,107,0,0,0,1,0.0484,34.4614
Test04_OK_dchg,방전,OK,108,0,0,0,1,0.7274,30.6669
Test04_OK_dchg,방전,OK,109,0,0,0,1,0.7809,30.7754
Test04_OK_dchg,방전,OK,110,0,0,0,1,0.7483,31.1338
Test04_OK_dchg,방전,OK,111,0,0,0,1,0.7477,30.4426
Test04_OK_dchg,방전,OK,112,0,0,0,1,0.7209,30.6208
Test04_OK_dchg,방전,OK,113,0,0,0,1,0.6775,30.5312
Test04_OK_dchg,방전,OK,114,0,0,0,1,0.7318,30.5116
Test04_OK_dchg,방전,OK,115,0,0,0,1,0.7188,30.3815
Test04_OK_dchg,방전,OK,116,0,0,0,1,0.7814,30.2996
Test04_OK_dchg,방전,OK,117,0,0,0,1,0.7039,30.3128
Test04_OK_dchg,방전,OK,118,0,0,0,1,0.7483,30.2067
Test04_OK_dchg,방전,OK,119,0,0,0,1,0.6528,30.8926
Test04_OK_dchg,방전,OK,120,0,0,0,1,0.7036,30.3644
Test04_OK_dchg,방전,OK,121,0,0,0,1,0.7227,30.278
Test04_OK_dchg,방전,OK,122,0,0,0,1,0.7517,30.3489
Test04_OK_dchg,방전,OK,123,0,0,0,1,0.7879,30.0771
Test04_OK_dchg,방전,OK,124,0,0,0,1,0.7317,30.3045
Test04_OK_dchg,방전,OK,125,0,0,0,1,0.7294,30.7636
Test04_OK_dchg,방전,OK,126,0,0,0,1,0.7876,30.2718
Test04_OK_dchg,방전,OK,127,0,0,0,1,0.6162,31.0129
Test04_OK_dchg,방전,OK,128,0,0,0,1,0.6703,31.4289
Test04_OK_dchg,방전,OK,129,0,0,0,1,0.696,31.4321
Test04_OK_dchg,방전,OK,130,0,0,0,1,0.6559,30.4632
Test04_OK_dchg,방전,OK,131,0,0,0,1,0.7243,30.3519
Test04_OK_dchg,방전,OK,132,0,0,0,1,0.7084,31.0404
Test04_OK_dchg,방전,OK,133,0,0,0,1,0.7217,30.475
Test04_OK_dchg,방전,OK,134,0,0,0,1,0.5535,31.3676
Test04_OK_dchg,방전,OK,135,0,0,0,1,0.6553,31.0634
Test04_OK_dchg,방전,OK,136,0,0,0,1,0.7081,30.8282
Test04_OK_dchg,방전,OK,137,0,0,0,1,0.745,29.9864
Test04_OK_dchg,방전,OK,138,0,0,0,1,0.6136,31.1768
Test04_OK_dchg,방전,OK,139,0,0,0,1,0.6252,31.1427
Test04_OK_dchg,방전,OK,140,0,0,0,1,0.5957,31.2201
Test04_OK_dchg,방전,OK,141,0,0,0,1,0.6103,31.2033
Test04_OK_dchg,방전,OK,142,0,0,0,1,0.6499,31.6689
Test04_OK_dchg,방전,OK,143,0,0,0,1,0.5247,31.6528
Test04_OK_dchg,방전,OK,144,0,0,0,1,0.5725,30.8905
Test04_OK_dchg,방전,OK,145,0,0,0,1,0.6968,30.9698
Test04_OK_dchg,방전,OK,146,0,0,0,1,0.5615,31.9473
Test04_OK_dchg,방전,OK,147,0,0,0,1,0.5147,31.1649
Test04_OK_dchg,방전,OK,148,0,0,0,1,0.4983,31.6727
Test04_OK_dchg,방전,OK,149,0,0,0,1,0.5558,30.9834
Test04_OK_dchg,방전,OK,150,0,0,0,1,0.6505,31.4256
Test04_OK_dchg,방전,OK,151,0,0,0,1,0.4966,31.7364
Test04_OK_dchg,방전,OK,152,0,0,0,1,0.4761,31.7709
Test04_OK_dchg,방전,OK,153,0,0,0,1,0.5143,31.1601
Test04_OK_dchg,방전,OK,154,0,0,0,1,0.4306,31.8385
Test04_OK_dchg,방전,OK,155,0,0,0,1,0.5463,31.8379
Test04_OK_dchg,방전,OK,156,0,0,0,1,0.4559,31.337
Test04_OK_dchg,방전,OK,157,0,0,0,1,0.4672,31.2448
Test04_OK_dchg,방전,OK,158,0,0,0,1,0.4642,31.2163
Test04_OK_dchg,방전,OK,159,0,0,0,1,0.6272,27.6935
Test04_OK_dchg,방전,OK,160,0,0,0,1,0.4839,31.3287
Test04_OK_dchg,방전,OK,161,0,0,0,1,0.5421,31.0271
Test04_OK_dchg,방전,OK,162,0,0,0,1,0.4656,28.2096
Test04_OK_dchg,방전,OK,163,0,0,0,1,0.4804,32.0532
Test04_OK_dchg,방전,OK,164,0,0,0,1,0.3711,32.1948
Test04_OK_dchg,방전,OK,165,0,0,0,1,0.3598,31.9117
Test04_OK_dchg,방전,OK,166,0,0,0,1,0.4366,31.37
Test04_OK_dchg,방전,OK,167,0,0,0,1,0.3892,32.052
Test04_OK_dchg,방전,OK,168,0,0,0,1,0.467,31.6744
Test04_OK_dchg,방전,OK,169,0,0,0,1,0.4511,31.5261
Test04_OK_dchg,방전,OK,170,0,0,0,1,0.4067,32.2653
Test04_OK_dchg,방전,OK,171,0,0,0,1,0.4566,31.7852
Test04_OK_dchg,방전,OK,172,0,0,0,1,0.4548,31.3798
Test04_OK_dchg,방전,OK,173,0,0,0,1,0.3843,32.1362
Test04_OK_dchg,방전,OK,174,0,0,0,1,0.3706,32.4133
Test04_OK_dchg,방전,OK,175,0,0,0,1,0.3337,32.5598
Test04_OK_dchg,방전,OK,176,0,0,0,1,0.3646,32.1866
Test04_OK_dchg,방전,OK,177,0,0,0,1,0.3903,31.7366
Test04_OK_dchg,방전,OK,178,0,0,0,1,0.3173,32.3229
Test04_OK_dchg,방전,OK,179,0,0,0,1,0.4196,29.0675
Test04_OK_dchg,방전,OK,180,0,0,0,1,0.4406,28.8076
Test04_OK_dchg,방전,OK,181,0,0,0,1,0.4087,32.5193
Test04_OK_dchg,방전,OK,182,0,0,0,1,0.7909,44.3835
Test04_OK_dchg,방전,OK,183,0,0,0,1,0.2678,32.4602
Test04_OK_dchg,방전,OK,184,0,0,0,1,0.0603,44.1821
Test04_OK_dchg,방전,OK,185,0,0,0,1,0.3041,32.598
Test04_OK_dchg,방전,OK,186,0,0,0,1,0.7531,44.4876
Test04_OK_dchg,방전,OK,187,0,0,0,1,0.0481,40.8191
Test04_OK_dchg,방전,OK,188,0,0,0,1,0.8191,44.084
Test04_OK_dchg,방전,OK,189,0,0,0,1,0.2972,32.5736
Test04_OK_dchg,방전,OK,190,0,0,0,1,0.279,32.6209
Test04_OK_dchg,방전,OK,191,0,0,0,1,0.3023,36.1076
Test04_OK_dchg,방전,OK,192,0,0,0,1,0.0566,43.9161
Test04_OK_dchg,방전,OK,193,0,0,0,1,0.8073,44.642
Test04_OK_dchg,방전,OK,194,0,0,0,1,0.2823,32.7387
Test04_OK_dchg,방전,OK,195,0,0,0,1,0.2815,32.6692
Test04_OK_dchg,방전,OK,196,0,0,0,1,0.3629,31.9802
Test04_OK_dchg,방전,OK,197,0,0,0,1,0.2831,32.329
Test04_OK_dchg,방전,OK,198,0,0,0,1,0.2888,32.4795
Test04_OK_dchg,방전,OK,199,0,0,0,1,0.2998,32.4517
Test04_OK_dchg,방전,OK,200,0,0,0,1,0.0538,40.5154
Test04_OK_dchg,방전,OK,201,0,0,0,1,0.884,41.0076
Test04_OK_dchg,방전,OK,202,0,0,0,1,0.3309,31.9156
Test04_OK_dchg,방전,OK,203,0,0,0,1,0.0638,40.6253
Test04_OK_dchg,방전,OK,204,0,0,0,1,0.8691,40.7768
Test04_OK_dchg,방전,OK,205,0,0,0,1,0.3304,32.2935
Test04_OK_dchg,방전,OK,206,0,0,0,1,0.289,32.3123
Test04_OK_dchg,방전,OK,207,0,0,0,1,0.2802,32.0473
Test04_OK_dchg,방전,OK,208,0,0,0,1,0.296,32.3487
Test04_OK_dchg,방전,OK,209,0,0,0,1,0.2585,32.6953
Test04_OK_dchg,방전,OK,210,0,0,0,1,0.2951,35.887
Test04_OK_dchg,방전,OK,211,0,0,0,1,0.3129,32.253
Test04_OK_dchg,방전,OK,212,0,0,0,1,0.26,32.441
Test04_OK_dchg,방전,OK,213,0,0,0,1,0.2407,32.5369
Test04_OK_dchg,방전,OK,214,0,0,0,1,0.2823,32.3879
Test04_OK_dchg,방전,OK,215,0,0,0,1,0.2679,32.2275
Test04_OK_dchg,방전,OK,216,0,0,0,1,0.2632,32.4093
Test04_OK_dchg,방전,OK,217,0,0,0,1,0.2397,32.5652
Test04_OK_dchg,방전,OK,218,0,0,0,1,0.2848,32.4231
Test04_OK_dchg,방전,OK,219,0,0,0,1,0.2573,32.523
Test04_OK_dchg,방전,OK,220,0,0,0,1,0.2722,32.3344
Test04_OK_dchg,방전,OK,221,0,0,0,1,0.2632,32.1276
Test04_OK_dchg,방전,OK,222,0,0,0,1,0.2261,32.312
Test04_OK_dchg,방전,OK,223,0,0,0,1,0.2754,32.0594
Test04_OK_dchg,방전,OK,224,0,0,0,1,0.2479,32.653
Test04_OK_dchg,방전,OK,225,0,0,0,1,0.2323,32.6355
Test04_OK_dchg,방전,OK,226,0,0,0,1,0.2649,32.2312
Test04_OK_dchg,방전,OK,227,0,0,0,1,0.2188,32.3876
Test04_OK_dchg,방전,OK,228,0,0,0,1,0.1856,32.7807
Test04_OK_dchg,방전,OK,229,0,0,0,1,0.2528,32.5982
Test04_OK_dchg,방전,OK,230,0,0,0,1,0.267,32.2656
Test04_OK_dchg,방전,OK,231,0,0,0,1,0.2599,32.6075
Test04_OK_dchg,방전,OK,232,0,0,0,1,0.2441,32.4242
Test04_OK_dchg,방전,OK,233,0,0,0,1,0.222,32.2858
Test04_OK_dchg,방전,OK,234,0,0,0,1,0.2211,32.7233
Test04_OK_dchg,방전,OK,235,0,0,0,1,0.2986,31.4491
Test04_OK_dchg,방전,OK,236,0,0,0,1,0.2417,31.7168
Test04_OK_dchg,방전,OK,237,0,0,0,1,0.24,31.5952
Test04_OK_dchg,방전,OK,238,0,0,0,1,0.3116,30.9848
Test04_OK_dchg,방전,OK,239,0,0,0,1,0.2374,32.1615
Test04_OK_dchg,방전,OK,240,0,0,0,1,0.2557,31.4249
Test04_OK_dchg,방전,OK,241,0,0,0,1,0.2049,32.8639
Test04_OK_dchg,방전,OK,242,0,0,0,1,0.2625,31.4473
Test04_OK_dchg,방전,OK,243,0,0,0,1,0.3565,31.7496
Test04_OK_dchg,방전,OK,244,0,0,0,1,0.2928,30.9551
Test04_OK_dchg,방전,OK,245,0,0,0,1,0.3071,31.3758
Test04_OK_dchg,방전,OK,246,0,0,0,1,0.2638,31.7515
Test04_OK_dchg,방전,OK,247,0,0,0,1,0.2922,30.9657
Test04_OK_dchg,방전,OK,248,0,0,0,1,0.314,31.5863
Test04_OK_dchg,방전,OK,249,0,0,0,1,0.3022,31.0106
Test04_OK_dchg,방전,OK,250,0,0,0,1,0.3128,30.8081
Test04_OK_dchg,방전,OK,251,0,0,0,1,0.3703,30.484
Test04_OK_dchg,방전,OK,252,0,0,0,1,0.3341,31.1079
Test04_OK_dchg,방전,OK,253,0,0,0,1,0.2186,31.5236
Test04_OK_dchg,방전,OK,254,0,0,0,1,0.2364,31.5614
Test04_OK_dchg,방전,OK,255,0,0,0,1,0.282,31.4845
Test04_OK_dchg,방전,OK,256,0,0,0,1,0.3665,31.1767
Test04_OK_dchg,방전,OK,257,0,0,0,1,0.3048,31.5081
Test04_OK_dchg,방전,OK,258,0,0,0,1,0.214,31.7413
Test04_OK_dchg,방전,OK,259,0,0,0,1,0.3355,31.3734
Test04_OK_dchg,방전,OK,260,0,0,0,1,0.1977,31.5736
Test04_OK_dchg,방전,OK,261,0,0,0,1,0.1917,32.0831
Test04_OK_dchg,방전,OK,262,0,0,0,1,0.31,32.1373
Test04_OK_dchg,방전,OK,263,0,0,0,1,0.3721,31.1597
Test04_OK_dchg,방전,OK,264,0,0,0,1,0.3531,31.5442
Test04_OK_dchg,방전,OK,265,0,0,0,1,0.2341,31.7424
Test04_OK_dchg,방전,OK,266,0,0,0,1,0.3212,31.9003
Test04_OK_dchg,방전,OK,267,0,0,0,1,0.348,31.8039
Test04_OK_dchg,방전,OK,268,0,0,0,1,0.2452,32.0255
Test04_OK_dchg,방전,OK,269,0,0,0,1,0.3149,31.8886
Test04_OK_dchg,방전,OK,270,0,0,0,1,0.3361,31.6149
Test04_OK_dchg,방전,OK,271,0,0,0,1,0.3556,31.3819
Test04_OK_dchg,방전,OK,272,0,0,0,1,0.138,32.827
Test04_OK_dchg,방전,OK,273,0,0,0,1,0.1827,32.3886
Test04_OK_dchg,방전,OK,274,0,0,0,1,0.1491,32.9542
Test04_OK_dchg,방전,OK,275,0,0,0,1,0.4112,31.5255
Test04_OK_dchg,방전,OK,276,0,0,0,1,0.1262,32.8122
Test04_OK_dchg,방전,OK,277,0,0,0,1,0.4281,31.8052
Test04_OK_dchg,방전,OK,278,0,0,0,1,0.1517,32.669
Test04_OK_dchg,방전,OK,279,0,0,0,1,0.1616,32.7195
Test04_OK_dchg,방전,OK,280,0,0,0,1,0.3585,32.4001
Test04_OK_dchg,방전,OK,281,0,0,0,1,0.1417,33.2998
Test04_OK_dchg,방전,OK,282,0,0,0,1,0.1238,33.4585
Test04_OK_dchg,방전,OK,283,0,0,0,1,0.1473,33.3405
Test04_OK_dchg,방전,OK,284,0,0,0,1,0.1172,33.4852
Test04_OK_dchg,방전,OK,285,0,0,0,1,0.1282,33.4866
Test04_OK_dchg,방전,OK,286,0,0,0,1,0.1202,33.6177
Test04_OK_dchg,방전,OK,287,0,0,0,1,0.1151,33.7914
Test04_OK_dchg,방전,OK,288,0,0,0,1,0.0735,34.1926
Test04_OK_dchg,방전,OK,289,0,0,0,1,0.4047,32.6564
Test04_OK_dchg,방전,OK,290,0,0,0,1,0.1065,33.8446
Test04_OK_dchg,방전,OK,291,0,0,0,1,0.1266,34.2116
Test04_OK_dchg,방전,OK,292,0,0,0,1,0.1279,33.7649
Test04_OK_dchg,방전,OK,293,0,0,0,1,0.1203,34.3031
Test04_OK_dchg,방전,OK,294,0,0,0,1,0.1184,33.851
Test04_OK_dchg,방전,OK,295,0,0,0,1,0.1224,34.1176
Test04_OK_dchg,방전,OK,296,0,0,0,1,0.093,34.634
Test04_OK_dchg,방전,OK,297,0,0,0,1,0.0655,34.8184
Test04_OK_dchg,방전,OK,298,0,0,0,1,0.1132,34.3715
Test04_OK_dchg,방전,OK,299,0,0,0,1,0.4214,33.2394
Test04_OK_dchg,방전,OK,300,0,0,0,1,0.0988,33.9903
Test04_OK_dchg,방전,OK,301,0,0,0,1,0.9661,31.0509
Test04_OK_dchg,방전,OK,302,0,0,0,1,0.0723,34.4242
Test04_OK_dchg,방전,OK,303,0,0,0,1,0.0889,34.4394
Test04_OK_dchg,방전,OK,304,0,0,0,1,0.0789,34.5643
Test04_OK_dchg,방전,OK,305,0,0,0,1,0.0632,34.7235
Test04_OK_dchg,방전,OK,306,0,0,0,1,0.0914,33.7239
Test04_OK_dchg,방전,OK,307,0,0,0,1,0.388,32.5092
Test04_OK_dchg,방전,OK,308,0,0,0,1,0.0545,34.8987
Test04_OK_dchg,방전,OK,309,0,0,0,1,0.0647,34.626
Test04_OK_dchg,방전,OK,310,0,0,0,1,0.0712,34.3883
Test04_OK_dchg,방전,OK,311,0,0,0,1,0.8336,31.553
Test04_OK_dchg,방전,OK,312,0,0,0,1,0.0876,34.0009
Test04_OK_dchg,방전,OK,313,0,0,0,1,0.1092,33.7916
Test04_OK_dchg,방전,OK,314,0,0,0,1,0.1047,33.8356
Test04_OK_dchg,방전,OK,315,0,0,0,1,0.0856,34.1629
Test04_OK_dchg,방전,OK,316,0,0,0,1,0.104,33.5429
Test04_OK_dchg,방전,OK,317,0,0,0,1,0.0797,33.8979
Test04_OK_dchg,방전,OK,318,0,0,0,1,0.0924,33.874
Test04_OK_dchg,방전,OK,319,0,0,0,1,0.86,31.0678
Test04_OK_dchg,방전,OK,320,0,0,0,1,0.0755,34.5053
Test04_OK_dchg,방전,OK,321,0,0,0,1,0.8823,31.04
Test04_OK_dchg,방전,OK,322,0,0,0,1,0.0702,34.5795
Test04_OK_dchg,방전,OK,323,0,0,0,1,0.8956,30.4232
Test04_OK_dchg,방전,OK,324,0,0,0,1,0.0985,33.8502
Test04_OK_dchg,방전,OK,325,0,0,0,1,0.1112,33.1779
Test04_OK_dchg,방전,OK,326,0,0,0,1,0.8386,30.334
Test04_OK_dchg,방전,OK,327,0,0,0,1,0.0939,33.5368
Test04_OK_dchg,방전,OK,328,0,0,0,1,0.0813,33.6736
Test04_OK_dchg,방전,OK,329,0,0,0,1,0.0676,34.3934
Test04_OK_dchg,방전,OK,330,0,0,0,1,0.0994,33.4798
Test04_OK_dchg,방전,OK,331,0,0,0,1,0.0621,34.4663
Test04_OK_dchg,방전,OK,332,0,0,0,1,0.0983,31.1676
Test04_OK_dchg,방전,OK,333,0,0,0,1,0.076,34.1747
Test04_OK_dchg,방전,OK,334,0,0,0,1,0.8692,30.9808
Test04_OK_dchg,방전,OK,335,0,0,0,1,0.0905,33.7731
Test04_OK_dchg,방전,OK,336,0,0,0,1,0.0989,33.8469
Test04_OK_dchg,방전,OK,337,0,0,0,1,0.8176,31.1275
Test04_OK_dchg,방전,OK,338,0,0,0,1,0.0667,34.1832
Test04_OK_dchg,방전,OK,339,0,0,0,1,0.0758,34.5265
Test04_OK_dchg,방전,OK,340,0,0,0,1,0.8566,30.4103
Test04_OK_dchg,방전,OK,341,0,0,0,1,0.7915,31.0272
Test04_OK_dchg,방전,OK,342,0,0,0,1,0.0734,33.5759
Test04_OK_dchg,방전,OK,343,0,0,0,1,0.0534,34.7968
Test04_OK_dchg,방전,OK,344,0,0,0,1,0.0724,33.9111
Test04_OK_dchg,방전,OK,345,0,0,0,1,0.7052,31.0288
Test04_OK_dchg,방전,OK,346,0,0,0,1,0.8712,29.8045
Test04_OK_dchg,방전,OK,347,0,0,0,1,0.8008,30.4263
Test04_OK_dchg,방전,OK,348,0,0,0,1,0.7644,30.9276
Test04_OK_dchg,방전,OK,349,0,0,0,1,0.8655,30.3235
Test04_OK_dchg,방전,OK,350,0,0,0,1,0.7921,29.5691
Test04_OK_dchg,방전,OK,351,0,0,0,1,0.7938,30.0049
Test04_OK_dchg,방전,OK,352,0,0,0,1,0.7941,30.3558
Test04_OK_dchg,방전,OK,353,0,0,0,1,0.8329,30.073
Test04_OK_dchg,방전,OK,354,0,0,0,1,0.7863,29.7182
Test04_OK_dchg,방전,OK,355,0,0,0,1,0.7948,29.7911
Test04_OK_dchg,방전,OK,356,0,0,0,1,0.9004,29.6641
Test04_OK_dchg,방전,OK,357,0,0,0,1,0.7699,30.2622
Test04_OK_dchg,방전,OK,358,0,0,0,1,0.7228,29.9389
Test04_OK_dchg,방전,OK,359,0,0,0,1,0.7769,29.3031
Test04_OK_dchg,방전,OK,360,0,0,0,1,0.7769,29.6989
Test04_OK_dchg,방전,OK,361,0,0,0,1,0.7228,29.9417
Test04_OK_dchg,방전,OK,362,0,0,0,1,0.7826,29.2399
Test04_OK_dchg,방전,OK,363,0,0,0,1,0.8349,27.0614
Test04_OK_dchg,방전,OK,364,0,0,0,1,0.742,30.1563
Test04_OK_dchg,방전,OK,365,0,0,0,1,0.9234,26.3602
Test04_OK_dchg,방전,OK,366,0,0,0,1,0.8265,26.5853
Test04_OK_dchg,방전,OK,367,0,0,0,1,0.7915,26.4859
Test04_OK_dchg,방전,OK,368,0,0,0,1,0.7653,26.7418
Test04_OK_dchg,방전,OK,369,0,0,0,1,0.7512,26.4886
Test04_OK_dchg,방전,OK,370,0,0,0,0,0.9227,25.4978
Test04_OK_dchg,방전,OK,371,0,0,0,0,0.9201,26.0035
Test04_OK_dchg,방전,OK,372,0,0,0,0,0.8686,25.8396
Test04_OK_dchg,방전,OK,373,0,0,0,0,0.7919,25.88
Test04_OK_dchg,방전,OK,374,0,0,0,0,0.8716,25.4733
Test04_OK_dchg,방전,OK,375,0,0,0,0,0.8987,25.791
Test04_OK_dchg,방전,OK,376,0,0,0,0,0.7756,26.1086
Test04_OK_dchg,방전,OK,377,0,0,0,0,0.8897,26.2784
Test04_OK_dchg,방전,OK,378,0,0,0,0,0.7854,26.0103
Test04_OK_dchg,방전,OK,379,0,0,0,0,0.8531,25.7691
Test04_OK_dchg,방전,OK,380,0,0,0,0,1.4973,37.6931
Test04_OK_dchg,방전,OK,381,0,0,0,0,0.3392,36.9424
Test04_OK_dchg,방전,OK,382,0,0,0,0,0.9081,25.6296
Test04_OK_dchg,방전,OK,383,0,0,0,0,0.7461,26.0066
Test04_OK_dchg,방전,OK,384,0,0,0,0,0.7464,26.0857
Test04_OK_dchg,방전,OK,385,0,0,0,0,0.8036,26.0906
Test04_OK_dchg,방전,OK,386,0,0,0,0,1.6065,37.3838
Test04_OK_dchg,방전,OK,387,0,0,0,0,0.3487,37.0265
Test04_OK_dchg,방전,OK,388,0,0,0,0,0.8375,26.014
Test04_OK_dchg,방전,OK,389,0,0,0,0,0.817,25.7624
Test04_OK_dchg,방전,OK,390,0,0,0,0,0.8074,25.495
Test04_OK_dchg,방전,OK,391,0,0,0,0,0.8204,26.3179
Test04_OK_dchg,방전,OK,392,0,0,0,0,1.4782,37.3335
Test04_OK_dchg,방전,OK,393,0,0,0,0,0.2304,37.6349
Test04_OK_dchg,방전,OK,394,0,0,0,0,0.8229,25.9512
Test04_OK_dchg,방전,OK,395,0,0,0,0,1.3477,37.7848
Test04_OK_dchg,방전,OK,396,0,0,0,0,0.3362,36.5696
Test04_OK_dchg,방전,OK,397,0,0,0,0,1.5017,37.4204
Test04_OK_dchg,방전,OK,398,0,0,0,0,0.2496,36.8367
Test04_OK_dchg,방전,OK,399,0,0,0,0,1.3446,37.9177
Test04_OK_dchg,방전,OK,400,0,0,0,0,0.2958,37.2245
Test04_OK_dchg,방전,OK,401,0,0,0,0,0.78,26.0366
Test04_OK_dchg,방전,OK,402,0,0,0,1,1.3105,38.0125
Test04_OK_dchg,방전,OK,403,0,0,0,1,0.7177,29.1747
Test04_OK_dchg,방전,OK,404,0,0,0,1,0.7168,29.2156
Test04_OK_dchg,방전,OK,405,0,0,0,1,0.6264,29.4317
Test04_OK_dchg,방전,OK,406,0,0,0,1,0.2297,37.4372
Test04_OK_dchg,방전,OK,407,0,0,0,1,1.3227,38.0245
Test04_OK_dchg,방전,OK,408,0,0,0,1,0.8056,29.0609
Test04_OK_dchg,방전,OK,409,0,0,0,1,0.6697,29.2841
Test04_OK_dchg,방전,OK,410,0,0,0,1,0.7236,29.2578
Test04_OK_dchg,방전,OK,411,0,0,0,1,0.2912,37.0219
Test04_OK_dchg,방전,OK,412,0,0,0,1,1.5126,37.549
Test04_OK_dchg,방전,OK,413,0,0,0,1,0.2848,37.2075
Test04_OK_dchg,방전,OK,414,0,0,0,1,1.1797,38.5447
Test04_OK_dchg,방전,OK,415,0,0,0,1,0.6101,29.5039
Test04_OK_dchg,방전,OK,416,0,0,0,1,0.6521,29.6232
Test04_OK_dchg,방전,OK,417,0,0,0,1,0.8366,28.919
Test04_OK_dchg,방전,OK,418,0,0,0,1,0.794,28.9264
Test04_OK_dchg,방전,OK,419,0,0,0,1,0.6335,29.5503
Test04_OK_dchg,방전,OK,420,0,0,0,1,0.6431,29.6366
Test04_OK_dchg,방전,OK,421,0,0,0,1,0.6778,29.2874
Test04_OK_dchg,방전,OK,422,0,0,0,1,0.6022,29.5971
Test04_OK_dchg,방전,OK,423,0,0,0,1,0.553,29.7676
Test04_OK_dchg,방전,OK,424,0,0,0,1,0.5843,29.7487
Test04_OK_dchg,방전,OK,425,0,0,0,1,0.6005,29.7303
Test04_OK_dchg,방전,OK,426,0,0,0,1,0.6298,29.7331
Test04_OK_dchg,방전,OK,427,0,0,0,1,0.5668,29.2432
Test04_OK_dchg,방전,OK,428,0,0,0,1,0.6017,29.4114
Test04_OK_dchg,방전,OK,429,0,0,0,1,0.6576,29.1666
Test04_OK_dchg,방전,OK,430,0,0,0,1,0.6245,29.5832
Test04_OK_dchg,방전,OK,431,0,0,0,1,0.6974,29.3628
Test04_OK_dchg,방전,OK,432,0,0,0,1,0.6484,29.6147
Test04_OK_dchg,방전,OK,433,0,0,0,1,0.531,29.6668
Test04_OK_dchg,방전,OK,434,0,0,0,1,0.5942,29.7986
Test04_OK_dchg,방전,OK,435,0,0,0,1,0.6027,29.2708
Test04_OK_dchg,방전,OK,436,0,0,0,1,0.5127,29.6278
Test04_OK_dchg,방전,OK,437,0,0,0,1,0.5825,29.5545
Test04_OK_dchg,방전,OK,438,0,0,0,1,0.5379,29.8259
Test04_OK_dchg,방전,OK,439,0,0,0,1,0.5607,29.6003
Test04_OK_dchg,방전,OK,440,0,0,0,1,0.5613,29.721
Test04_OK_dchg,방전,OK,441,0,0,0,1,0.558,29.7084
Test04_OK_dchg,방전,OK,442,0,0,0,1,0.587,29.9711
Test04_OK_dchg,방전,OK,443,0,0,0,1,1.2975,279.8806
Test04_OK_dchg,방전,OK,444,0,0,0,1,0.2665,142.221
Test04_OK_dchg,방전,OK,445,0,0,0,1,0.0536,41.8831
Test04_OK_dchg,방전,OK,446,0,0,0,1,0.1681,37.3441
Test04_OK_dchg,방전,OK,447,0,0,0,1,0.1861,38.869
Test04_OK_dchg,방전,OK,448,0,0,0,1,0.1175,33.108
Test04_OK_dchg,방전,OK,449,0,0,0,1,0.0998,28.1373
Test04_OK_dchg,방전,OK,450,0,0,0,1,0.4826,29.2232
Test04_OK_dchg,방전,OK,451,0,0,0,1,0.1409,29.038
Test04_OK_dchg,방전,OK,452,0,0,0,1,0.5836,27.6628
Test04_OK_dchg,방전,OK,453,0,0,0,1,0.0678,38.2569
Test04_OK_dchg,방전,OK,454,0,0,0,1,0.0576,33.5392
Test04_OK_dchg,방전,OK,455,0,0,0,0,0.0273,16.3291
Test04_OK_dchg,방전,OK,456,0,0,0,0,1.1504,26.2362
Test04_OK_dchg,방전,OK,457,0,0,0,0,0.0103,36.6516
Test04_OK_dchg,방전,OK,458,0,0,0,0,0.8887,22.813
Test04_OK_dchg,방전,OK,459,0,0,0,0,1.4178,20.5504
Test04_OK_dchg,방전,OK,460,0,0,0,0,0.659,22.0747
Test04_OK_dchg,방전,OK,461,0,0,0,0,0.9774,19.6836
Test04_OK_dchg,방전,OK,462,0,0,0,0,1.5644,19.5941
Test04_OK_dchg,방전,OK,463,0,0,0,0,0.1364,23.104
Test04_OK_dchg,방전,OK,464,0,0,0,0,0.2567,29.27
Test04_OK_dchg,방전,OK,465,0,0,0,0,0.3851,21.9753
Test04_OK_dchg,방전,OK,466,0,0,0,0,0.2619,23.8864
Test04_OK_dchg,방전,OK,467,0,0,0,0,0.2525,19.9098
Test04_OK_dchg,방전,OK,468,0,0,0,0,0.0712,22.8495
Test04_OK_dchg,방전,OK,469,0,0,0,0,0.3265,23.5702
Test04_OK_dchg,방전,OK,470,0,0,0,0,0.5556,20.9894
Test04_OK_dchg,방전,OK,471,0,0,0,0,0.0196,33.9876
Test04_OK_dchg,방전,OK,472,0,0,0,0,0.6399,22.0825
Test04_OK_dchg,방전,OK,473,0,0,0,0,0.605,17.336
Test04_OK_dchg,방전,OK,474,0,0,0,0,1.1844,16.5196
Test04_OK_dchg,방전,OK,475,0,0,0,0,0.6119,21.7103
Test04_OK_dchg,방전,OK,476,0,0,0,0,0.2384,22.4768
Test04_OK_dchg,방전,OK,477,0,0,0,0,0.0555,32.1979
Test04_OK_dchg,방전,OK,478,0,0,0,0,0.0839,9.272
Test04_OK_dchg,방전,OK,479,0,0,0,0,0.2246,9.1973
Test04_OK_dchg,방전,OK,480,0,0,0,0,0.2992,19.2166
Test04_OK_dchg,방전,OK,481,0,0,0,0,1.0487,18.4321
Test04_OK_dchg,방전,OK,482,0,0,0,0,0.6298,18.5024
Test04_OK_dchg,방전,OK,483,0,0,0,0,0.0843,29.604
Test04_OK_dchg,방전,OK,484,0,0,0,0,0.3771,20.4601
Test04_OK_dchg,방전,OK,485,0,0,0,0,0.2308,19.792
Test04_OK_dchg,방전,OK,486,0,0,0,0,0.5387,17.5817
Test04_OK_dchg,방전,OK,487,0,0,0,0,0.4893,21.4332
Test04_OK_dchg,방전,OK,488,0,0,0,0,0.0461,29.6014
Test04_OK_dchg,방전,OK,489,0,0,0,0,0.0318,21.1916
Test04_OK_dchg,방전,OK,490,0,0,0,0,0.7516,17.8953
Test04_OK_dchg,방전,OK,491,0,0,0,0,0.9642,20.9889
Test04_OK_dchg,방전,OK,492,0,0,0,0,1.326,19.5921
Test04_OK_dchg,방전,OK,493,0,0,0,0,0.6203,17.3891
Test04_OK_dchg,방전,OK,494,0,0,0,0,0.6213,36.564
Test04_OK_dchg,방전,OK,495,0,0,0,0,0.4623,17.0792
Test04_OK_dchg,방전,OK,496,0,0,0,0,1.6175,21.4932
Test04_OK_dchg,방전,OK,497,0,0,0,0,0.7952,14.9461
Test04_OK_dchg,방전,OK,498,0,0,0,0,0.4477,20.7007
Test04_OK_dchg,방전,OK,499,0,0,0,0,0.2952,17.7419
Test04_OK_dchg,방전,OK,500,0,0,0,0,0.6013,18.9465
Test04_OK_dchg,방전,OK,501,0,0,0,0,0.2084,20.3595
Test04_OK_dchg,방전,OK,502,0,0,0,0,0.0252,26.8652
Test04_OK_dchg,방전,OK,503,0,0,0,0,0.9465,26.3425
Test04_OK_dchg,방전,OK,504,0,0,0,0,0.1794,17.0955
Test04_OK_dchg,방전,OK,505,0,0,0,0,0.0911,17.0728
Test04_OK_dchg,방전,OK,506,0,0,0,0,0.3221,17.5146
Test04_OK_dchg,방전,OK,507,0,0,0,0,0.8157,16.9313
Test04_OK_dchg,방전,OK,508,0,0,0,0,0.3405,18.9514
Test04_OK_dchg,방전,OK,509,0,0,0,0,0.0608,26.6181
Test04_OK_dchg,방전,OK,510,0,0,0,0,1.5318,26.2868
Test04_OK_dchg,방전,OK,511,0,0,0,0,0.751,17.3095
Test04_OK_dchg,방전,OK,512,0,0,0,0,0.8616,20.9819
Test04_OK_dchg,방전,OK,513,0,0,0,0,1.437,13.095
Test04_OK_dchg,방전,OK,514,0,0,0,0,0.6782,17.1208
Test04_OK_dchg,방전,OK,515,0,0,0,0,0.0726,22.1124
Test04_OK_dchg,방전,OK,516,0,0,0,0,1.4894,12.8055
Test04_OK_dchg,방전,OK,517,0,0,0,0,0.6102,15.7546
Test04_OK_dchg,방전,OK,518,0,0,0,0,0.2149,19.8764
Test04_OK_dchg,방전,OK,519,0,0,0,0,0.3313,16.1514
Test04_OK_dchg,방전,OK,520,0,0,0,0,0.5269,25.5285
Test04_OK_dchg,방전,OK,521,0,0,0,0,0.1366,26.8736
Test04_OK_dchg,방전,OK,522,0,0,0,0,0.2362,17.5377
Test04_OK_dchg,방전,OK,523,0,0,0,0,0.4662,17.0609
Test04_OK_dchg,방전,OK,524,0,0,0,0,1.4802,14.0534
Test04_OK_dchg,방전,OK,525,0,0,0,0,0.0399,17.0556
Test04_OK_dchg,방전,OK,526,0,0,0,0,0.09,26.162
Test04_OK_dchg,방전,OK,527,0,0,0,0,0.3565,16.6967
Test04_OK_dchg,방전,OK,528,0,0,0,0,0.2246,18.6961
Test04_OK_dchg,방전,OK,529,0,0,0,0,0.0748,20.5955
Test04_OK_dchg,방전,OK,530,0,0,0,0,0.2698,16.5495
Test04_OK_dchg,방전,OK,531,0,0,0,0,0.2317,17.4779
Test04_OK_dchg,방전,OK,532,0,0,0,0,0.2081,10.2972
Test04_OK_dchg,방전,OK,533,0,0,0,0,0.0304,28.0892
Test04_OK_dchg,방전,OK,534,0,0,0,0,0.1327,17.6113
Test04_OK_dchg,방전,OK,535,0,0,0,0,1.1183,14.6572
Test04_OK_dchg,방전,OK,536,0,0,0,0,0.2763,16.1966
Test04_OK_dchg,방전,OK,537,0,0,0,0,0.0745,18.7348
Test04_OK_dchg,방전,OK,538,0,0,0,0,0.0148,18.5821
Test04_OK_dchg,방전,OK,539,0,0,0,0,0.0792,24.5877
Test04_OK_dchg,방전,OK,540,0,0,0,0,0.5985,16.4361
Test04_OK_dchg,방전,OK,541,0,0,0,0,0.0637,18.6419
Test04_OK_dchg,방전,OK,542,0,0,0,0,0.1659,8.4575
Test04_OK_dchg,방전,OK,543,0,0,0,0,0.9535,14.6023
Test04_OK_dchg,방전,OK,544,0,0,0,0,1.2361,25.3389
Test04_OK_dchg,방전,OK,545,0,0,0,0,0.7763,23.9365
Test04_OK_dchg,방전,OK,546,0,0,0,0,0.9914,12.6618
Test04_OK_dchg,방전,OK,547,0,0,0,0,0.5879,15.6639
Test04_OK_dchg,방전,OK,548,0,0,0,0,0.8425,12.7647
Test04_OK_dchg,방전,OK,549,0,0,0,0,0.067,17.9436
Test04_OK_dchg,방전,OK,550,0,0,0,0,0.025,26.0985
Test04_OK_dchg,방전,OK,551,0,0,0,0,1.9879,11.6643
Test04_OK_dchg,방전,OK,552,0,0,0,0,0.5767,15.0518
Test04_OK_dchg,방전,OK,553,0,0,0,0,1.9177,11.1256
Test04_OK_dchg,방전,OK,554,0,0,0,0,1.2305,12.1954
Test04_OK_dchg,방전,OK,555,0,0,0,0,0.7918,14.1736
Test04_OK_dchg,방전,OK,556,0,0,0,0,0.5749,31.2508
Test04_OK_dchg,방전,OK,557,0,0,0,0,0.5148,14.411
Test04_OK_dchg,방전,OK,558,0,0,0,0,1.9679,11.9934
Test04_OK_dchg,방전,OK,559,0,0,0,0,0.8559,15.6857
Test04_OK_dchg,방전,OK,560,0,0,0,0,0.6287,13.0109
Test04_OK_dchg,방전,OK,561,0,0,0,0,0.197,14.4393
Test04_OK_dchg,방전,OK,562,0,0,0,0,0.3301,12.7681
Test04_OK_dchg,방전,OK,563,0,0,0,0,0.5229,22.0682
Test04_OK_dchg,방전,OK,564,0,0,0,0,0.0769,16.6009
Test04_OK_dchg,방전,OK,565,0,0,0,0,0.5194,12.7321
Test04_OK_dchg,방전,OK,566,0,0,0,0,0.5566,14.3902
Test04_OK_dchg,방전,OK,567,0,0,0,0,0.012,23.3877
Test04_OK_dchg,방전,OK,568,0,0,0,0,0.7381,11.7017
Test04_OK_dchg,방전,OK,569,0,0,0,0,0.8927,12.8764
Test04_OK_dchg,방전,OK,570,0,0,0,0,0.8145,13.0638
Test04_OK_dchg,방전,OK,571,0,0,0,0,1.3604,12.1976
Test04_OK_dchg,방전,OK,572,0,0,0,0,0.2675,14.4624
Test04_OK_dchg,방전,OK,573,0,0,0,0,1.3393,17.2994
Test04_OK_dchg,방전,OK,574,0,0,0,0,0.1155,25.3004
Test04_OK_dchg,방전,OK,575,0,0,0,0,0.5284,12.7681
Test04_OK_dchg,방전,OK,576,0,0,0,0,0.2377,16.0779
Test04_OK_dchg,방전,OK,577,0,0,0,0,0.4534,13.2596
Test04_OK_dchg,방전,OK,578,0,0,0,0,1.7064,14.5516
Test04_OK_dchg,방전,OK,579,0,0,0,0,0.0306,22.7224
Test04_OK_dchg,방전,OK,580,0,0,0,0,0.1988,13.1506
Test04_OK_dchg,방전,OK,581,0,0,0,0,0.0583,15.2562
Test04_OK_dchg,방전,OK,582,0,0,0,0,0.487,11.0472
Test04_OK_dchg,방전,OK,583,0,0,0,0,1.4635,12.7114
Test04_OK_dchg,방전,OK,584,0,0,0,0,1.5514,11.224
Test04_OK_dchg,방전,OK,585,0,0,0,0,0.0172,19.2704
Test04_OK_dchg,방전,OK,586,0,0,0,0,0.0306,25.9291
Test04_OK_dchg,방전,OK,587,0,0,0,0,0.1505,8.9505
Test04_OK_dchg,방전,OK,588,0,0,0,0,0.4921,12.5865
Test04_OK_dchg,방전,OK,589,0,0,0,0,1.2005,13.6461
Test04_OK_dchg,방전,OK,590,0,0,0,0,0.5162,7.8438
Test04_OK_dchg,방전,OK,591,0,0,0,0,1.1476,28.5488
Test04_OK_dchg,방전,OK,592,0,0,0,0,1.0275,9.4826
Test04_OK_dchg,방전,OK,593,0,0,0,0,0.7546,12.1506
Test04_OK_dchg,방전,OK,594,0,0,0,0,0.3642,11.9637
Test04_OK_dchg,방전,OK,595,0,0,0,0,0.0652,20.2781
Test04_OK_dchg,방전,OK,596,0,0,0,0,0.3289,9.1538
Test04_OK_dchg,방전,OK,597,0,0,0,0,0.2699,24.6426
Test04_OK_dchg,방전,OK,598,0,0,0,0,0.8251,13.5098
Test04_OK_dchg,방전,OK,599,0,0,0,0,1.2811,11.1588
Test04_OK_dchg,방전,OK,600,0,0,0,0,1.1099,12.5261
Test04_OK_dchg,방전,OK,601,0,1,0,0,2.4226,13.7067
Test04_OK_dchg,방전,OK,602,0,0,0,0,0.0303,14.8912
Test04_OK_dchg,방전,OK,603,0,0,0,0,0.2774,22.3741
Test04_OK_dchg,방전,OK,604,0,0,0,0,0.2011,14.6154
Test04_OK_dchg,방전,OK,605,0,0,0,0,0.6298,10.9553
Test04_OK_dchg,방전,OK,606,0,0,0,0,0.5096,12.1399
Test04_OK_dchg,방전,OK,607,0,0,0,0,0.1958,7.7882
Test04_OK_dchg,방전,OK,608,0,0,0,0,0.0118,25.8456
Test04_OK_dchg,방전,OK,609,0,0,0,0,0.4314,14.2149
Test04_OK_dchg,방전,OK,610,0,0,0,0,0.8201,13.9606
Test04_OK_dchg,방전,OK,611,0,0,0,0,0.0404,13.1021
Test04_OK_dchg,방전,OK,612,0,0,0,0,1.3805,12.1913
Test04_OK_dchg,방전,OK,613,0,0,0,0,0.8798,16.7949
Test04_OK_dchg,방전,OK,614,0,0,0,0,2.5928,10.6124
Test04_OK_dchg,방전,OK,615,0,0,0,0,0.0474,24.3394
Test04_OK_dchg,방전,OK,616,0,0,0,0,2.1693,9.9681
Test04_OK_dchg,방전,OK,617,0,0,0,0,1.5393,18.3655
Test04_OK_dchg,방전,OK,618,0,0,0,0,2.2537,9.0229
Test04_OK_dchg,방전,OK,619,0,0,0,0,1.4122,11.2596
Test04_OK_dchg,방전,OK,620,0,0,0,0,0.5039,20.422
Test04_OK_dchg,방전,OK,621,0,0,0,0,0.7816,12.3762
Test04_OK_dchg,방전,OK,622,0,0,0,0,1.4203,9.6777
Test04_OK_dchg,방전,OK,623,0,0,0,0,1.5142,9.6054
Test04_OK_dchg,방전,OK,624,0,0,0,0,0.0711,15.4264
Test04_OK_dchg,방전,OK,625,0,0,0,0,0.6451,12.4262
Test04_OK_dchg,방전,OK,626,0,0,0,0,0.08,24.1937
Test04_OK_dchg,방전,OK,627,0,0,0,0,0.0643,11.5848
Test04_OK_dchg,방전,OK,628,0,0,0,0,0.9527,13.6183
Test04_OK_dchg,방전,OK,629,0,0,0,0,0.193,14.4364
Test04_OK_dchg,방전,OK,630,0,0,0,0,1.2132,12.7716
Test04_OK_dchg,방전,OK,631,0,0,0,0,1.007,19.7039
Test04_OK_dchg,방전,OK,632,0,0,0,0,1.1667,9.9901
Test04_OK_dchg,방전,OK,633,0,0,0,0,0.4104,14.0394
Test04_OK_dchg,방전,OK,634,0,0,0,0,1.1782,10.0414
Test04_OK_dchg,방전,OK,635,0,0,0,0,1.2806,16.5621
Test04_OK_dchg,방전,OK,636,0,0,0,0,0.3407,9.151
Test04_OK_dchg,방전,OK,637,0,0,0,0,1.353,22.5681
Test04_OK_dchg,방전,OK,638,0,0,0,0,1.2935,9.5799
Test04_OK_dchg,방전,OK,639,0,0,0,0,0.7488,11.1405
Test04_OK_dchg,방전,OK,640,0,0,0,0,1.1415,13.8809
Test04_OK_dchg,방전,OK,641,0,0,0,0,1.1289,11.1896
Test04_OK_dchg,방전,OK,642,0,0,0,0,1.3536,17.0636
Test04_OK_dchg,방전,OK,643,0,0,0,0,0.3339,19.597
Test04_OK_dchg,방전,OK,644,0,0,0,0,0.7063,10.5276
Test04_OK_dchg,방전,OK,645,0,0,0,0,1.0758,10.4968
Test04_OK_dchg,방전,OK,646,0,0,0,0,0.2045,12.3334
Test04_OK_dchg,방전,OK,647,0,0,0,0,1.611,10.5234
Test04_OK_dchg,방전,OK,648,0,0,0,0,0.6083,11.2647
Test04_OK_dchg,방전,OK,649,0,0,0,0,0.1995,15.9611
Test04_OK_dchg,방전,OK,650,0,0,0,0,1.4095,14.5177
Test04_OK_dchg,방전,OK,651,0,0,0,0,0.9648,9.2157
Test04_OK_dchg,방전,OK,652,0,0,0,0,0.1889,12.0725
Test04_OK_dchg,방전,OK,653,0,0,0,0,0.4905,10.1231
Test04_OK_dchg,방전,OK,654,0,0,0,0,0.3992,12.3722
Test04_OK_dchg,방전,OK,655,0,0,0,0,0.312,13.9711
Test04_OK_dchg,방전,OK,656,0,0,0,0,0.0832,18.0161
Test04_OK_dchg,방전,OK,657,0,0,0,0,0.2791,8.123
Test04_OK_dchg,방전,OK,658,0,0,0,0,1.6021,10.8295
Test04_OK_dchg,방전,OK,659,0,0,0,0,1.9173,9.3588
Test04_OK_dchg,방전,OK,660,0,0,0,0,0.09,21.5089
Test04_OK_dchg,방전,OK,661,0,0,0,0,2.7641,9.1305
Test04_OK_dchg,방전,OK,662,0,0,0,0,0.5172,11.526
Test04_OK_dchg,방전,OK,663,0,0,0,0,0.9031,11.359
Test04_OK_dchg,방전,OK,664,0,0,0,0,0.4603,11.7811
Test04_OK_dchg,방전,OK,665,0,0,0,0,0.6532,11.3781
Test04_OK_dchg,방전,OK,666,0,1,0,0,0.6477,39.6464
Test04_OK_dchg,방전,OK,667,0,0,0,0,0.3975,21.4217
Test04_OK_dchg,방전,OK,668,0,0,0,0,1.1576,9.2427
Test04_OK_dchg,방전,OK,669,0,0,0,0,1.3285,11.4841
Test04_OK_dchg,방전,OK,670,0,0,0,0,1.7547,10.0788
Test04_OK_dchg,방전,OK,671,0,0,0,0,0.6277,10.9855
Test04_OK_dchg,방전,OK,672,0,0,0,0,0.3419,10.5893
Test04_OK_dchg,방전,OK,673,0,0,0,0,1.4149,10.6195
Test04_OK_dchg,방전,OK,674,0,1,0,0,2.5103,19.8358
Test04_OK_dchg,방전,OK,675,0,0,0,0,0.0159,13.5991
Test04_OK_dchg,방전,OK,676,0,0,0,0,2.5284,12.8049
Test04_OK_dchg,방전,OK,677,0,0,0,0,0.9911,10.1192
Test04_OK_dchg,방전,OK,678,0,0,0,0,0.8819,10.2735
Test04_OK_dchg,방전,OK,679,0,0,0,0,0.1207,19.8429
Test04_OK_dchg,방전,OK,680,0,0,0,0,1.9432,9.7478
Test04_OK_dchg,방전,OK,681,0,0,0,0,2.9139,7.1927
Test04_OK_dchg,방전,OK,682,0,0,0,0,4.8114,64.2604
Test04_OK_dchg,방전,OK,683,0,0,0,0,0.9824,10.921
Test04_OK_dchg,방전,OK,684,0,0,0,0,1.5349,8.8359
Test04_OK_dchg,방전,OK,685,0,0,0,0,1.8168,8.1001
Test04_OK_dchg,방전,OK,686,0,0,0,0,0.9275,22.7918
Test04_OK_dchg,방전,OK,687,0,0,0,0,0.9657,9.8456
Test04_OK_dchg,방전,OK,688,0,0,0,0,1.8831,8.9619
Test04_OK_dchg,방전,OK,689,0,0,0,0,0.9526,9.7037
Test04_OK_dchg,방전,OK,690,0,0,0,0,0.492,11.1073
Test04_OK_dchg,방전,OK,691,0,0,0,0,0.1609,22.2097
Test04_OK_dchg,방전,OK,692,0,0,0,0,0.6059,8.4619
Test04_OK_dchg,방전,OK,693,0,0,0,0,1.9414,9.5558
Test04_OK_dchg,방전,OK,694,0,0,0,0,0.088,11.8606
Test04_OK_dchg,방전,OK,695,0,0,0,0,2.731,9.4276
Test04_OK_dchg,방전,OK,696,0,0,0,0,1.7381,8.265
Test04_OK_dchg,방전,OK,697,0,0,0,0,2.4375,9.6343
Test04_OK_dchg,방전,OK,698,0,0,0,0,0.9057,8.3768
Test04_OK_dchg,방전,OK,699,0,0,0,0,0.4788,19.2303
Test04_OK_dchg,방전,OK,700,0,0,0,0,0.8087,8.2087
Test04_OK_dchg,방전,OK,701,0,0,0,0,0.8651,8.6509
Test04_OK_dchg,방전,OK,702,0,0,0,0,0.7625,9.9535
Test04_OK_dchg,방전,OK,703,0,0,0,0,1.9307,9.0869
Test04_OK_dchg,방전,OK,704,0,0,0,0,0.3889,11.0139
Test04_OK_dchg,방전,OK,705,0,0,0,0,0.7242,10.306
Test04_OK_dchg,방전,OK,706,0,1,0,0,1.7161,15.3229
Test04_OK_dchg,방전,OK,707,0,1,0,0,1.6393,21.5937
Test04_OK_dchg,방전,OK,708,0,0,0,0,1.0995,8.3148
Test04_OK_dchg,방전,OK,709,0,0,0,0,0.5423,10.0724
Test04_OK_dchg,방전,OK,710,0,0,0,0,1.3535,8.3107
Test04_OK_dchg,방전,OK,711,0,0,0,0,2.5313,7.6015
Test04_OK_dchg,방전,OK,712,0,0,0,0,0.5376,13.3255
Test04_OK_dchg,방전,OK,713,0,0,0,0,1.4724,16.8691
Test04_OK_dchg,방전,OK,714,0,0,0,0,1.1594,7.611
Test04_OK_dchg,방전,OK,715,0,0,0,0,1.2031,7.4622
Test04_OK_dchg,방전,OK,716,0,0,0,0,0.5237,9.4442
Test04_OK_dchg,방전,OK,717,0,0,0,0,0.8464,9.9229
Test04_OK_dchg,방전,OK,718,0,0,0,0,0.8213,12.7468
Test04_OK_dchg,방전,OK,719,0,0,0,0,1.1351,13.5092
Test04_OK_dchg,방전,OK,720,0,0,0,0,2.0552,7.7833
Test04_OK_dchg,방전,OK,721,0,0,0,0,0.015,20.0075
Test04_OK_dchg,방전,OK,722,0,0,0,0,2.587,7.3126
Test04_OK_dchg,방전,OK,723,0,0,0,0,1.2228,7.8508
Test04_OK_dchg,방전,OK,724,0,0,0,0,0.5683,10.2267
Test04_OK_dchg,방전,OK,725,0,0,0,0,0.3545,10.6075
Test04_OK_dchg,방전,OK,726,0,0,0,0,2.3779,8.7641
Test04_OK_dchg,방전,OK,727,0,0,0,0,0.5418,10.8383
Test04_OK_dchg,방전,OK,728,0,0,0,0,1.3449,483.227
Test04_OK_dchg,방전,OK,729,0,0,0,0,0.9558,94.695
Test04_OK_dchg,방전,OK,730,0,0,0,0,0.8775,36.1411
Test04_OK_dchg,방전,OK,731,0,0,0,0,1.4344,38.8096
Test04_OK_dchg,방전,OK,732,0,0,0,0,0.8227,28.1042
Test04_OK_dchg,방전,OK,733,0,0,0,0,0.4783,31.1233
Test04_OK_dchg,방전,OK,734,0,0,0,0,1.8447,33.6067
Test04_OK_dchg,방전,OK,735,0,0,0,0,0.0433,28.2913
Test04_OK_dchg,방전,OK,736,0,0,0,0,0.3498,18.4195
Test04_OK_dchg,방전,OK,737,0,0,0,0,3.2866,16.5894
Test04_OK_dchg,방전,OK,738,0,0,0,0,0.0468,19.349
Test04_OK_dchg,방전,OK,739,0,0,0,0,0.1264,18.8712
Test04_OK_dchg,방전,OK,740,0,0,0,0,1.4251,16.2561
Test04_OK_dchg,방전,OK,741,0,0,0,0,0.0265,19.9991
Test04_OK_dchg,방전,OK,742,0,0,0,0,0.7319,17.1013
Test04_OK_dchg,방전,OK,743,0,0,0,0,0.0555,19.873
Test04_OK_dchg,방전,OK,744,0,0,0,0,1.2032,17.0872
Test04_OK_dchg,방전,OK,745,0,0,0,0,0.0185,21.0846
Test04_OK_dchg,방전,OK,746,0,0,0,0,2.5885,16.2962
Test04_OK_dchg,방전,OK,747,0,0,0,0,0.8716,17.8041
Test04_OK_dchg,방전,OK,748,0,0,0,0,0.0187,21.4408
Test04_OK_dchg,방전,OK,749,0,0,0,0,2.6924,16.5083
Test04_OK_dchg,방전,OK,750,0,0,0,0,1.6348,17.285
Test04_OK_dchg,방전,OK,751,0,0,0,0,0.597,18.4084
Test04_OK_dchg,방전,OK,752,0,0,0,0,0.0382,22.0045
Test04_OK_dchg,방전,OK,753,0,0,0,0,2.0811,16.6328
Test04_OK_dchg,방전,OK,754,0,0,0,0,1.9244,16.7905
Test04_OK_dchg,방전,OK,755,0,0,0,0,0.9271,17.6135
Test04_OK_dchg,방전,OK,756,0,0,0,0,0.1019,20.1085
Test04_OK_dchg,방전,OK,757,0,0,0,0,0.0183,21.3255
Test04_OK_dchg,방전,OK,758,0,0,0,0,0.1375,20.2613
Test04_OK_dchg,방전,OK,759,0,0,0,0,2.1303,17.0905
Test04_OK_dchg,방전,OK,760,0,0,0,0,1.0653,18.3922
Test04_OK_dchg,방전,OK,761,0,0,0,0,0.4122,18.882
Test04_OK_dchg,방전,OK,762,0,0,0,0,0.2195,19.6578
Test04_OK_dchg,방전,OK,763,0,0,0,0,0.0686,21.0653
Test04_OK_dchg,방전,OK,764,0,0,0,0,0.4343,11.5179
Test04_OK_dchg,방전,OK,765,0,0,0,0,2.2082,16.9461
Test04_OK_dchg,방전,OK,766,0,0,0,0,1.8022,17.6385
Test04_OK_dchg,방전,OK,767,0,0,0,0,1.9381,17.2651
Test04_OK_dchg,방전,OK,768,0,0,0,0,0.8909,17.8952
Test04_OK_dchg,방전,OK,769,0,0,0,0,0.5353,19.0973
Test04_OK_dchg,방전,OK,770,0,0,0,0,0.1879,20.2675
Test04_OK_dchg,방전,OK,771,0,0,0,0,0.0382,21.5937
Test04_OK_dchg,방전,OK,772,0,0,0,0,0.5587,11.4506
Test04_OK_dchg,방전,OK,773,0,0,0,0,2.7337,16.1545
Test04_OK_dchg,방전,OK,774,0,0,0,0,2.0585,16.6174
Test04_OK_dchg,방전,OK,775,0,0,0,0,1.7007,17.4169
Test04_OK_dchg,방전,OK,776,0,0,0,0,1.7787,17.0479
Test04_OK_dchg,방전,OK,777,0,0,0,0,1.0271,18.2218
Test04_OK_dchg,방전,OK,778,0,0,0,0,0.6259,18.4065
Test04_OK_dchg,방전,OK,779,0,0,0,0,0.5183,18.5967
Test04_OK_dchg,방전,OK,780,0,0,0,0,0.1548,19.6949
Test04_OK_dchg,방전,OK,781,0,0,0,0,0.2656,19.6644
Test04_OK_dchg,방전,OK,782,0,0,0,0,0.0824,20.5548
Test04_OK_dchg,방전,OK,783,0,0,0,0,0.0229,21.8073
Test04_OK_dchg,방전,OK,784,0,0,0,0,0.3682,11.2732
Test04_OK_dchg,방전,OK,785,0,0,0,0,2.3625,16.8342
Test04_OK_dchg,방전,OK,786,0,0,0,0,1.9235,17.0418
Test04_OK_dchg,방전,OK,787,0,0,0,0,1.5845,17.6358
Test04_OK_dchg,방전,OK,788,0,0,0,0,2.0968,17.0478
Test04_OK_dchg,방전,OK,789,0,0,0,0,1.9716,17.0285
Test04_OK_dchg,방전,OK,790,0,0,0,0,1.2213,17.5507
Test04_OK_dchg,방전,OK,791,0,0,0,0,1.2311,17.3312
Test04_OK_dchg,방전,OK,792,0,0,0,0,1.0671,17.4684
Test04_OK_dchg,방전,OK,793,0,0,0,0,0.9634,17.2379
Test04_OK_dchg,방전,OK,794,0,0,0,0,0.4285,18.6266
Test04_OK_dchg,방전,OK,795,0,0,0,0,0.2004,19.478
Test04_OK_dchg,방전,OK,796,0,0,0,0,0.2116,19.6271
Test04_OK_dchg,방전,OK,797,0,0,0,0,0.0998,20.7909
Test04_OK_dchg,방전,OK,798,0,0,0,0,0.0466,21.228
Test04_OK_dchg,방전,OK,799,0,0,0,0,1.1265,12.1905
Test04_OK_dchg,방전,OK,800,0,0,0,0,0.4697,11.7257
Test04_OK_dchg,방전,OK,801,0,0,0,0,0.4989,11.3806
Test04_OK_dchg,방전,OK,802,0,0,0,0,0.2631,10.9704
Test04_OK_dchg,방전,OK,803,0,0,0,0,1.9828,18.8292
Test04_OK_dchg,방전,OK,804,0,0,0,0,2.0691,16.9237
Test04_OK_dchg,방전,OK,805,0,0,0,0,1.6377,17.252
Test04_OK_dchg,방전,OK,806,0,0,0,0,1.4658,17.0832
Test04_OK_dchg,방전,OK,807,0,0,0,0,1.4724,16.9115
Test04_OK_dchg,방전,OK,808,0,0,0,0,1.7745,16.6401
Test04_OK_dchg,방전,OK,809,0,0,0,0,1.3803,17.2289
Test04_OK_dchg,방전,OK,810,0,0,0,0,1.0987,17.3855
Test04_OK_dchg,방전,OK,811,0,0,0,0,1.1094,17.3538
Test04_OK_dchg,방전,OK,812,0,0,0,0,0.4287,26.7114
Test04_OK_dchg,방전,OK,813,0,0,0,0,1.1795,27.3095
Test04_OK_dchg,방전,OK,814,0,0,0,0,0.5583,18.4937
Test04_OK_dchg,방전,OK,815,0,0,0,0,0.5599,18.3619
Test04_OK_dchg,방전,OK,816,0,0,0,0,0.4453,18.7521
Test04_OK_dchg,방전,OK,817,0,0,0,0,1.0283,17.7207
Test04_OK_dchg,방전,OK,818,0,0,0,0,0.2922,19.3351
Test04_OK_dchg,방전,OK,819,0,0,0,0,0.0348,28.9806
Test04_OK_dchg,방전,OK,820,0,0,0,0,0.6037,28.9448
Test04_OK_dchg,방전,OK,821,0,0,0,0,0.1028,20.8681
Test04_OK_dchg,방전,OK,822,0,0,0,0,0.1047,20.7979
Test04_OK_dchg,방전,OK,823,0,0,0,0,0.009,24.4966
Test04_OK_dchg,방전,OK,824,0,0,0,0,0.9285,12.136
Test04_OK_dchg,방전,OK,825,0,0,0,0,0.7138,11.8733
Test04_OK_dchg,방전,OK,826,0,0,0,0,0.6987,11.7405
Test04_OK_dchg,방전,OK,827,0,0,0,0,0.17,11.409
Test04_OK_dchg,방전,OK,828,0,0,0,0,0.2324,11.4243
Test04_OK_dchg,방전,OK,829,0,0,0,0,2.4591,16.8692
Test04_OK_dchg,방전,OK,830,0,0,0,0,2.7347,16.536
Test04_OK_dchg,방전,OK,831,0,0,0,0,1.9423,18.8534
Test04_OK_dchg,방전,OK,832,0,0,0,0,1.1162,27.7139
Test04_OK_dchg,방전,OK,833,0,0,0,0,2.6374,27.7595
Test04_OK_dchg,방전,OK,834,0,0,0,0,0.6658,28.4173
Test04_OK_dchg,방전,OK,835,0,0,0,0,2.1817,28.6873
Test04_OK_dchg,방전,OK,836,0,0,0,0,1.0528,19.884
Test04_OK_dchg,방전,OK,837,0,0,0,0,0.999,19.9706
Test04_OK_dchg,방전,OK,838,0,0,0,0,0.7289,20.4852
Test04_OK_dchg,방전,OK,839,0,0,0,0,0.7515,20.3913
Test04_OK_dchg,방전,OK,840,0,0,0,0,0.2963,29.4498
Test04_OK_dchg,방전,OK,841,0,0,0,0,1.3701,29.5307
Test04_OK_dchg,방전,OK,842,0,0,0,0,0.2271,29.6376
Test04_OK_dchg,방전,OK,843,0,0,0,0,1.0857,29.9739
Test04_OK_dchg,방전,OK,844,0,0,0,0,0.42,21.4597
Test04_OK_dchg,방전,OK,845,0,0,0,0,0.5758,20.8792
Test04_OK_dchg,방전,OK,846,0,0,0,0,0.5313,21.0852
Test04_OK_dchg,방전,OK,847,0,0,0,0,0.3908,21.4843
Test04_OK_dchg,방전,OK,848,0,0,0,0,0.1998,22.157
Test04_OK_dchg,방전,OK,849,0,0,0,0,0.017,31.1586
Test04_OK_dchg,방전,OK,850,0,1,0,0,2.3342,26.3293
Test04_OK_dchg,방전,OK,851,0,0,0,0,0.0049,31.2462
Test04_OK_dchg,방전,OK,852,0,0,0,0,0.6985,30.8278
Test04_OK_dchg,방전,OK,853,0,0,0,0,0.973,12.2469
Test04_OK_dchg,방전,OK,854,0,1,0,0,0.6727,18.5577
Test04_OK_dchg,방전,OK,855,0,0,0,0,1.6711,25.356
Test04_OK_dchg,방전,OK,856,0,0,0,0,0.9408,11.8846
Test04_OK_dchg,방전,OK,857,0,0,0,0,0.1968,27.5091
Test04_OK_dchg,방전,OK,858,0,0,0,0,1.007,11.5331
Test04_OK_dchg,방전,OK,859,0,0,0,0,1.8236,25.0376
Test04_OK_dchg,방전,OK,860,0,0,0,0,0.3591,17.717
Test04_OK_dchg,방전,OK,861,0,0,0,0,1.0683,24.036
Test04_OK_dchg,방전,OK,862,0,0,0,0,0.4833,10.6375
Test04_OK_dchg,방전,OK,863,0,0,0,0,0.3585,17.2969
Test04_OK_dchg,방전,OK,864,0,0,0,0,0.9585,23.7751
Test04_OK_dchg,방전,OK,865,0,0,0,0,0.3591,10.3089
Test04_OK_dchg,방전,OK,866,0,0,0,0,0.2853,16.8475
Test04_OK_dchg,방전,OK,867,0,0,0,0,1.0755,23.9717
Test04_OK_dchg,방전,OK,868,0,0,0,0,0.2833,10.2441
Test04_OK_dchg,방전,OK,869,0,0,0,0,2.6725,15.501
Test04_OK_dchg,방전,OK,870,0,0,0,0,1.7444,24.6768
Test04_OK_dchg,방전,OK,871,0,0,0,0,3.3808,24.9577
Test04_OK_dchg,방전,OK,872,0,0,0,0,1.5776,16.8006
Test04_OK_dchg,방전,OK,873,0,0,0,0,2.1989,16.1503
Test04_OK_dchg,방전,OK,874,0,0,0,0,1.7821,16.3487
Test04_OK_dchg,방전,OK,875,0,0,0,0,1.982,16.4461
Test04_OK_dchg,방전,OK,876,0,0,0,0,1.3515,17.312
Test04_OK_dchg,방전,OK,877,0,0,0,0,1.3374,16.9259
Test04_OK_dchg,방전,OK,878,0,0,0,0,1.2874,17.0006
Test04_OK_dchg,방전,OK,879,0,0,0,0,1.1514,16.9292
Test04_OK_dchg,방전,OK,880,0,0,0,0,0.8729,17.4582
Test04_OK_dchg,방전,OK,881,0,0,0,0,0.8474,17.7082
Test04_OK_dchg,방전,OK,882,0,0,0,0,0.9773,17.278
Test04_OK_dchg,방전,OK,883,0,0,0,0,0.6173,17.9417
Test04_OK_dchg,방전,OK,884,0,0,0,0,0.4762,18.1204
Test04_OK_dchg,방전,OK,885,0,0,0,0,0.4913,18.2552
Test04_OK_dchg,방전,OK,886,0,0,0,0,0.6954,17.8413
Test04_OK_dchg,방전,OK,887,0,0,0,0,0.5003,18.2347
Test04_OK_dchg,방전,OK,888,0,0,0,0,0.5087,18.2328
Test04_OK_dchg,방전,OK,889,0,0,0,0,0.4823,18.5321
Test04_OK_dchg,방전,OK,890,0,0,0,0,0.5731,18.2921
Test04_OK_dchg,방전,OK,891,0,0,0,0,0.2848,19.1173
Test04_OK_dchg,방전,OK,892,0,0,0,0,0.3861,18.8417
Test04_OK_dchg,방전,OK,893,0,0,0,0,0.6555,18.493
Test04_OK_dchg,방전,OK,894,0,0,0,0,0.8694,27.4953
Test04_OK_dchg,방전,OK,895,0,1,0,0,1.2796,12.242
Test04_OK_dchg,방전,OK,896,0,0,0,0,0.3205,18.8068
Test04_OK_dchg,방전,OK,897,0,0,0,0,0.2273,18.9656
Test04_OK_dchg,방전,OK,898,0,0,0,0,0.0948,19.6503
Test04_OK_dchg,방전,OK,899,0,0,0,0,0.9642,11.7216
Test04_OK_dchg,방전,OK,900,0,0,0,0,0.8561,11.4516
Test04_OK_dchg,방전,OK,901,0,0,0,0,0.8314,11.2968
Test04_OK_dchg,방전,OK,902,0,0,0,0,1.0783,11.5505
Test04_OK_dchg,방전,OK,903,0,0,0,0,0.8814,11.3513
Test04_OK_dchg,방전,OK,904,0,0,0,0,0.2041,18.8554
Test04_OK_dchg,방전,OK,905,0,0,0,0,0.841,11.2307
Test04_OK_dchg,방전,OK,906,0,0,0,0,0.8876,11.2812
Test04_OK_dchg,방전,OK,907,0,0,0,0,0.5563,10.6549
Test04_OK_dchg,방전,OK,908,0,0,0,0,0.4754,10.4717
Test04_OK_dchg,방전,OK,909,0,0,0,0,0.5874,10.6602
Test04_OK_dchg,방전,OK,910,0,0,0,0,1.0768,11.3647
Test04_OK_dchg,방전,OK,911,0,0,0,0,0.4927,10.5096
Test04_OK_dchg,방전,OK,912,0,0,0,0,0.5938,10.6811
Test04_OK_dchg,방전,OK,913,0,0,0,0,0.5965,10.6909
Test04_OK_dchg,방전,OK,914,0,0,0,0,0.5067,10.4715
Test04_OK_dchg,방전,OK,915,0,0,0,0,0.2777,10.0553
Test04_OK_dchg,방전,OK,916,0,0,0,0,0.3512,10.2134
Test04_OK_dchg,방전,OK,917,0,0,0,0,0.3747,10.2595
Test04_OK_dchg,방전,OK,918,0,0,0,0,0.3638,10.2409
Test04_OK_dchg,방전,OK,919,0,0,0,0,0.2767,10.0691
Test04_OK_dchg,방전,OK,920,0,0,0,0,0.2164,9.9358
Test04_OK_dchg,방전,OK,921,0,0,0,0,0.3204,10.1746
Test04_OK_dchg,방전,OK,922,0,0,0,0,2.4514,14.5857
Test04_OK_dchg,방전,OK,923,0,0,0,0,2.4938,14.5688
Test04_OK_dchg,방전,OK,924,0,0,0,0,2.566,14.5108
Test04_OK_dchg,방전,OK,925,0,0,0,0,2.4378,14.6099
Test04_OK_dchg,방전,OK,926,0,0,0,0,2.2984,14.7238
Test04_OK_dchg,방전,OK,927,0,0,0,0,2.1965,14.7927
Test04_OK_dchg,방전,OK,928,0,0,0,0,2.1596,14.8271
Test04_OK_dchg,방전,OK,929,0,0,0,0,1.5667,15.8007
Test04_OK_dchg,방전,OK,930,0,0,0,0,1.4569,15.7041
Test04_OK_dchg,방전,OK,931,0,0,0,0,1.5739,15.3505
Test04_OK_dchg,방전,OK,932,0,0,0,0,1.3914,15.5344
Test04_OK_dchg,방전,OK,933,0,0,0,0,1.2015,15.7786
Test04_OK_dchg,방전,OK,934,0,0,0,0,1.31,15.6775
Test04_OK_dchg,방전,OK,935,0,0,0,0,1.5185,15.4557
Test04_OK_dchg,방전,OK,936,0,0,0,0,0.9662,16.099
Test04_OK_dchg,방전,OK,937,0,0,0,0,1.2503,15.703
Test04_OK_dchg,방전,OK,938,0,0,0,0,0.9611,16.2997
Test04_OK_dchg,방전,OK,939,0,0,0,0,0.9719,16.0555
Test04_OK_dchg,방전,OK,940,0,0,0,0,0.7623,16.3688
Test04_OK_dchg,방전,OK,941,0,0,0,0,1.1249,15.8728
Test04_OK_dchg,방전,OK,942,0,0,0,0,0.7303,16.7077
Test04_OK_dchg,방전,OK,943,0,0,0,0,0.7307,16.9805
Test04_OK_dchg,방전,OK,944,0,0,0,0,0.5033,16.8639
Test04_OK_dchg,방전,OK,945,0,0,0,0,0.6936,16.7747
Test04_OK_dchg,방전,OK,946,0,0,0,0,0.8167,16.8392
Test04_OK_dchg,방전,OK,947,0,0,0,0,0.5459,17.2945
Test04_OK_dchg,방전,OK,948,0,0,0,0,0.6804,17.0576
Test04_OK_dchg,방전,OK,949,0,0,0,0,0.5443,17.319
Test04_OK_dchg,방전,OK,950,0,0,0,0,0.6074,17.1955
Test04_OK_dchg,방전,OK,951,0,0,0,0,0.5115,17.5102
Test04_OK_dchg,방전,OK,952,0,0,0,0,0.512,17.3907
Test04_OK_dchg,방전,OK,953,0,0,0,0,0.478,17.4253
Test04_OK_dchg,방전,OK,954,0,1,0,0,1.3246,11.9946
Test04_OK_dchg,방전,OK,955,0,0,0,0,0.423,17.2089
Test04_OK_dchg,방전,OK,956,0,0,0,0,0.4288,17.8035
Test04_OK_dchg,방전,OK,957,0,0,0,0,0.38,18.1023
Test04_OK_dchg,방전,OK,958,0,0,0,0,0.5283,17.7265
Test04_OK_dchg,방전,OK,959,0,0,0,0,0.4031,17.7506
Test04_OK_dchg,방전,OK,960,0,0,0,0,0.5932,15.8926
Test04_OK_dchg,방전,OK,961,0,0,0,0,0.4187,17.9134
Test04_OK_dchg,방전,OK,962,0,0,0,0,0.4244,18.2761
Test04_OK_dchg,방전,OK,963,0,0,0,0,0.8607,11.5593
Test04_OK_dchg,방전,OK,964,0,0,0,0,0.7076,10.6216
Test04_OK_dchg,방전,OK,965,0,0,0,0,0.9413,11.6765
Test04_OK_dchg,방전,OK,966,0,0,0,0,0.4808,17.8219
Test04_OK_dchg,방전,OK,967,0,0,0,0,0.8742,10.785
Test04_OK_dchg,방전,OK,968,0,0,0,0,0.8407,11.2789
Test04_OK_dchg,방전,OK,969,0,0,0,0,0.8773,10.6304
Test04_OK_dchg,방전,OK,970,0,0,0,0,0.7222,10.8934
Test04_OK_dchg,방전,OK,971,0,0,0,0,0.8378,10.6003
Test04_OK_dchg,방전,OK,972,0,0,0,0,0.5171,10.4632
Test04_OK_dchg,방전,OK,973,0,0,0,0,0.6759,10.4775
Test04_OK_dchg,방전,OK,974,0,0,0,0,0.8892,10.4779
Test04_OK_dchg,방전,OK,975,0,0,0,0,1.203,10.9331
Test04_OK_dchg,방전,OK,976,0,0,0,0,0.6097,10.2389
Test04_OK_dchg,방전,OK,977,0,0,0,0,0.7905,10.5315
Test04_OK_dchg,방전,OK,978,0,0,0,0,0.9221,10.5558
Test04_OK_dchg,방전,OK,979,0,0,0,0,0.7426,10.2133
Test04_OK_dchg,방전,OK,980,0,0,0,0,0.6282,10.0839
Test04_OK_dchg,방전,OK,981,0,0,0,0,0.6897,10.1496
Test04_OK_dchg,방전,OK,982,0,0,0,0,0.5892,10.098
Test04_OK_dchg,방전,OK,983,0,0,0,0,0.6183,10.2138
Test04_OK_dchg,방전,OK,984,0,0,0,0,0.5619,10.8579
Test04_OK_dchg,방전,OK,985,0,0,0,0,0.5804,10.0483
Test04_OK_dchg,방전,OK,986,0,0,0,0,0.4346,10.3353
Test04_OK_dchg,방전,OK,987,0,0,0,0,0.5569,10.0028
Test04_OK_dchg,방전,OK,988,0,0,0,0,0.4553,9.7901
Test04_OK_dchg,방전,OK,989,0,0,0,0,0.4965,9.9965
Test04_OK_dchg,방전,OK,990,0,0,0,0,0.4631,9.9115
Test04_OK_dchg,방전,OK,991,0,0,0,0,0.5444,10.0456
Test04_OK_dchg,방전,OK,992,0,0,0,0,0.4542,9.8783
Test04_OK_dchg,방전,OK,993,0,0,0,0,2.623,14.2825
Test04_OK_dchg,방전,OK,994,0,0,0,0,2.8183,12.9048
Test04_OK_dchg,방전,OK,995,0,0,0,0,0.4037,9.8951
Test04_OK_dchg,방전,OK,996,0,0,0,0,2.9704,12.5784
Test04_OK_dchg,방전,OK,997,0,0,0,0,0.3439,9.7648
Test04_OK_dchg,방전,OK,998,0,0,0,0,0.2711,9.9101
Test04_OK_dchg,방전,OK,999,0,0,0,0,2.9715,12.7297
Test04_OK_dchg,방전,OK,1000,0,0,0,0,2.446,13.1025
Test04_OK_dchg,방전,OK,1001,0,0,0,0,2.6504,12.4769
Test04_OK_dchg,방전,OK,1002,0,0,0,0,2.793,12.7342
Test04_OK_dchg,방전,OK,1003,0,0,0,0,2.996,12.5938
Test04_OK_dchg,방전,OK,1004,0,0,0,0,2.393,14.4621
Test04_OK_dchg,방전,OK,1005,0,0,0,0,3.8372,23.2982
Test04_OK_dchg,방전,OK,1006,0,0,0,0,1.2345,25.2969
Test04_OK_dchg,방전,OK,1007,0,0,0,0,2.3524,13.0922
Test04_OK_dchg,방전,OK,1008,0,0,0,0,2.4564,12.9936
Test04_OK_dchg,방전,OK,1009,0,0,0,0,2.5505,25.9982
Test04_OK_dchg,방전,OK,1010,0,0,0,0,1.4898,15.3333
Test04_OK_dchg,방전,OK,1011,0,0,0,0,1.6619,15.4887
Test04_OK_dchg,방전,OK,1012,0,0,0,0,1.8009,15.1237
Test04_OK_dchg,방전,OK,1013,0,0,0,0,1.8915,14.9529
Test04_OK_dchg,방전,OK,1014,0,0,0,0,1.3237,23.9318
Test04_OK_dchg,방전,OK,1015,0,0,0,0,2.6871,24.5236
Test04_OK_dchg,방전,OK,1016,0,0,0,0,1.7881,15.2849
Test04_OK_dchg,방전,OK,1017,0,0,0,0,1.8148,15.3589
Test04_OK_dchg,방전,OK,1018,0,0,0,0,2.0061,15.1999
Test04_OK_dchg,방전,OK,1019,0,0,0,0,1.4297,15.4018
Test04_OK_dchg,방전,OK,1020,0,0,0,0,1.7259,15.2764
Test04_OK_dchg,방전,OK,1021,0,0,0,0,1.2105,15.9334
Test04_OK_dchg,방전,OK,1022,0,0,0,0,1.529,15.559
Test04_OK_dchg,방전,OK,1023,0,0,0,0,1.2504,17.8109
Test04_OK_dchg,방전,OK,1024,0,0,0,0,1.0806,16.1396
Test04_OK_dchg,방전,OK,1025,0,0,0,0,1.3717,15.8689
Test04_OK_dchg,방전,OK,1026,0,0,0,0,1.0082,18.0987
Test04_OK_dchg,방전,OK,1027,0,0,0,0,1.2809,15.5255
Test04_OK_dchg,방전,OK,1028,0,0,0,0,0.9249,16.3649
Test04_OK_dchg,방전,OK,1029,0,0,0,0,1.2109,16.0216
Test04_OK_dchg,방전,OK,1030,0,0,0,0,0.9831,16.3133
Test04_OK_dchg,방전,OK,1031,0,0,0,0,1.001,16.4328
Test04_OK_dchg,방전,OK,1032,0,0,0,0,1.2318,15.9995
Test04_OK_dchg,방전,OK,1033,0,0,0,0,0.9064,16.5496
Test04_OK_dchg,방전,OK,1034,0,0,0,0,1.2104,16.161
Test04_OK_dchg,방전,OK,1035,0,0,0,0,0.7221,16.6661
Test04_OK_dchg,방전,OK,1036,0,0,0,0,0.8258,16.7055
Test04_OK_dchg,방전,OK,1037,0,0,0,0,0.912,16.4097
Test04_OK_dchg,방전,OK,1038,0,0,0,0,0.8732,16.6793
Test04_OK_dchg,방전,OK,1039,0,0,0,0,0.7638,16.9435
Test04_OK_dchg,방전,OK,1040,0,0,0,0,0.6006,17.0562
Test04_OK_dchg,방전,OK,1041,0,0,0,0,0.7897,17.1232
Test04_OK_dchg,방전,OK,1042,0,0,0,0,0.7403,17.2266
Test04_OK_dchg,방전,OK,1043,0,0,0,0,0.6959,17.4632
Test04_OK_dchg,방전,OK,1044,0,0,0,0,0.7848,16.9244
Test04_OK_dchg,방전,OK,1045,0,0,0,0,0.739,16.9778
Test04_OK_dchg,방전,OK,1046,0,0,0,0,0.7019,17.1695
Test04_OK_dchg,방전,OK,1047,0,0,0,0,0.7633,16.8658
Test04_OK_dchg,방전,OK,1048,0,0,0,0,0.5488,17.2615
Test04_OK_dchg,방전,OK,1049,0,0,0,0,1.0415,11.5276
Test04_OK_dchg,방전,OK,1050,0,0,0,0,0.6867,16.6302
Test04_OK_dchg,방전,OK,1051,0,0,0,0,0.5151,17.4257
Test04_OK_dchg,방전,OK,1052,0,0,0,0,0.4122,17.5951
Test04_OK_dchg,방전,OK,1053,0,0,0,0,0.6134,17.0913
Test04_OK_dchg,방전,OK,1054,0,0,0,0,0.5255,17.0175
Test04_OK_dchg,방전,OK,1055,0,0,0,0,1.231,11.4665
Test04_OK_dchg,방전,OK,1056,0,0,0,0,0.5869,15.5951
Test04_OK_dchg,방전,OK,1057,0,0,0,0,0.8505,11.0079
Test04_OK_dchg,방전,OK,1058,0,0,0,0,0.8517,10.8823
Test04_OK_dchg,방전,OK,1059,0,0,0,0,0.7365,15.136
Test04_OK_dchg,방전,OK,1060,0,0,0,0,1.028,10.9198
Test04_OK_dchg,방전,OK,1061,0,1,0,0,1.4909,11.4943
Test04_OK_dchg,방전,OK,1062,0,0,0,0,1.192,10.9692
Test04_OK_dchg,방전,OK,1063,0,0,0,0,0.9921,10.5674
Test04_OK_dchg,방전,OK,1064,0,0,0,0,0.7794,10.1868
Test04_OK_dchg,방전,OK,1065,0,0,0,0,0.9251,10.5406
Test04_OK_dchg,방전,OK,1066,0,0,0,0,0.7843,10.2563
Test04_OK_dchg,방전,OK,1067,0,0,0,0,1.1644,10.8528
Test04_OK_dchg,방전,OK,1068,0,0,0,0,0.8805,10.4726
Test04_OK_dchg,방전,OK,1069,0,0,0,0,1.0215,10.5251
Test04_OK_dchg,방전,OK,1070,0,0,0,0,0.918,10.3948
Test04_OK_dchg,방전,OK,1071,0,0,0,0,0.5803,14.7123
Test04_OK_dchg,방전,OK,1072,0,0,0,0,0.7732,10.2582
Test04_OK_dchg,방전,OK,1073,0,0,0,0,0.801,10.337
Test04_OK_dchg,방전,OK,1074,0,0,0,0,0.9192,10.4093
Test04_OK_dchg,방전,OK,1075,0,0,0,0,0.736,10.2358
Test04_OK_dchg,방전,OK,1076,0,0,0,0,0.8854,10.3798
Test04_OK_dchg,방전,OK,1077,0,0,0,0,0.8985,10.5747
Test04_OK_dchg,방전,OK,1078,0,0,0,0,0.6094,10.1416
Test04_OK_dchg,방전,OK,1079,0,0,0,0,0.7995,10.3491
Test04_OK_dchg,방전,OK,1080,0,0,0,0,0.7168,10.3265
Test04_OK_dchg,방전,OK,1081,0,0,0,0,0.5303,9.947
Test04_OK_dchg,방전,OK,1082,0,0,0,0,0.921,10.505
Test04_OK_dchg,방전,OK,1083,0,0,0,0,0.4953,9.8914
Test04_OK_dchg,방전,OK,1084,0,0,0,0,0.7374,10.0754
Test04_OK_dchg,방전,OK,1085,0,0,0,0,0.9023,10.4653
Test04_OK_dchg,방전,OK,1086,0,0,0,0,0.5843,10.0627
Test04_OK_dchg,방전,OK,1087,0,0,0,0,0.5079,9.8822
Test04_OK_dchg,방전,OK,1088,0,0,0,0,0.3803,9.6562
Test04_OK_dchg,방전,OK,1089,0,0,0,0,0.7472,10.1818
Test04_OK_dchg,방전,OK,1090,0,0,0,0,0.5043,9.8814
Test04_OK_dchg,방전,OK,1091,0,0,0,0,0.4627,9.8215
Test04_OK_dchg,방전,OK,1092,0,0,0,0,0.6401,9.8746
Test04_OK_dchg,방전,OK,1093,0,0,0,0,0.7159,10.0657
Test04_OK_dchg,방전,OK,1094,0,0,0,0,0.7446,10.1468
Test04_OK_dchg,방전,OK,1095,0,0,0,0,0.5568,9.9712
Test04_OK_dchg,방전,OK,1096,0,0,0,0,0.7598,10.1018
Test04_OK_dchg,방전,OK,1097,0,0,0,0,0.6871,9.975
Test04_OK_dchg,방전,OK,1098,0,0,0,0,0.5852,9.7704
Test04_OK_dchg,방전,OK,1099,0,0,0,0,0.5335,9.6552
Test04_OK_dchg,방전,OK,1100,0,0,0,0,0.7899,10.1626
Test04_OK_dchg,방전,OK,1101,0,0,0,0,0.5236,9.6399
Test04_OK_dchg,방전,OK,1102,0,0,0,0,0.6484,9.9085
Test04_OK_dchg,방전,OK,1103,0,0,0,0,0.6797,9.9717
Test04_OK_dchg,방전,OK,1104,0,0,0,0,0.5698,9.7477
Test04_OK_dchg,방전,OK,1105,0,0,0,0,0.5923,9.7962
Test04_OK_dchg,방전,OK,1106,0,0,0,0,0.5677,9.7455
Test04_OK_dchg,방전,OK,1107,0,0,0,0,0.5891,9.7928
Test04_OK_dchg,방전,OK,1108,0,0,0,0,0.4464,9.4743
Test04_OK_dchg,방전,OK,1109,0,0,0,0,0.4895,9.5799
Test04_OK_dchg,방전,OK,1110,0,0,0,0,1.1876,23.8688
Test04_OK_dchg,방전,OK,1111,0,0,0,0,0.4864,9.5751
Test04_OK_dchg,방전,OK,1112,0,0,0,0,0.5346,9.686
Test04_OK_dchg,방전,OK,1113,0,0,0,0,0.434,9.4387
Test04_OK_dchg,방전,OK,1114,0,0,0,0,1.0215,23.2494
Test04_OK_dchg,방전,OK,1115,0,0,0,0,0.1778,15.9022
Test04_OK_dchg,방전,OK,1116,0,0,0,0,0.4938,9.6564
Test04_OK_dchg,방전,OK,1117,0,0,0,0,0.4487,9.5464
Test04_OK_dchg,방전,OK,1118,0,0,0,0,4.1003,22.9346
Test04_OK_dchg,방전,OK,1119,0,0,0,0,0.2349,9.3193
Test04_OK_dchg,방전,OK,1120,0,0,0,0,0.3192,9.5424
Test04_OK_dchg,방전,OK,1121,0,0,0,0,0.2799,9.4499
Test04_OK_dchg,방전,OK,1122,0,0,0,0,0.2699,9.4547
Test04_OK_dchg,방전,OK,1123,0,0,0,0,0.216,15.855
Test04_OK_dchg,방전,OK,1124,0,0,0,0,0.7904,22.8454
Test04_OK_dchg,방전,OK,1125,0,0,0,0,2.7448,13.5573
Test04_OK_dchg,방전,OK,1126,0,0,0,0,0.2395,9.4169
Test04_OK_dchg,방전,OK,1127,0,0,0,0,2.4438,13.2589
Test04_OK_dchg,방전,OK,1128,0,0,0,0,0.286,9.463
Test04_OK_dchg,방전,OK,1129,0,0,0,0,0.2897,9.5106
Test04_OK_dchg,방전,OK,1130,0,0,0,0,2.6781,13.5889
Test04_OK_dchg,방전,OK,1131,0,0,0,0,2.3183,13.5999
Test04_OK_dchg,방전,OK,1132,0,0,0,0,2.7429,13.5398
Test04_OK_dchg,방전,OK,1133,0,0,0,0,2.362,14.0651
Test04_OK_dchg,방전,OK,1134,0,0,0,0,2.373,13.5775
Test04_OK_dchg,방전,OK,1135,0,0,0,0,0.2175,9.3435
Test04_OK_dchg,방전,OK,1136,0,0,0,1,2.5562,13.4544
Test04_OK_dchg,방전,OK,1137,0,0,0,1,2.5537,13.5614
Test04_OK_dchg,방전,OK,1138,0,0,0,1,2.5519,13.6053
Test04_OK_dchg,방전,OK,1139,0,0,0,1,2.4874,13.5915
Test04_OK_dchg,방전,OK,1140,0,0,0,1,2.6354,13.411
Test04_OK_dchg,방전,OK,1141,0,0,0,1,2.7607,13.3605
Test04_OK_dchg,방전,OK,1142,0,0,0,1,2.1481,13.8401
Test04_OK_dchg,방전,OK,1143,0,0,0,1,2.3782,13.701
Test04_OK_dchg,방전,OK,1144,0,0,0,1,2.0957,13.7324
Test04_OK_dchg,방전,OK,1145,0,0,0,1,2.3673,13.5868
Test04_OK_dchg,방전,OK,1146,0,0,0,1,2.3357,13.2774
Test04_OK_dchg,방전,OK,1147,0,0,0,1,2.3105,13.6215
Test04_OK_dchg,방전,OK,1148,0,0,0,1,2.0485,14.0314
Test04_OK_dchg,방전,OK,1149,0,0,0,1,2.5764,13.2843
Test04_OK_dchg,방전,OK,1150,0,0,0,1,2.1595,13.6676
Test04_OK_dchg,방전,OK,1151,0,0,0,0,1.759,13.774
Test04_OK_dchg,방전,OK,1152,0,0,0,1,2.2598,12.2023
Test04_OK_dchg,방전,OK,1153,0,0,0,1,2.1097,13.6054
Test04_OK_dchg,방전,OK,1154,0,0,0,1,2.6738,11.8026
Test04_OK_dchg,방전,OK,1155,0,0,0,1,2.328,13.7863
Test04_OK_dchg,방전,OK,1156,0,0,0,1,2.2096,12.2833
Test04_OK_dchg,방전,OK,1157,0,0,0,1,1.9527,12.1857
Test04_OK_dchg,방전,OK,1158,0,0,0,1,2.1985,12.2332
Test04_OK_dchg,방전,OK,1159,0,0,0,1,2.1007,12.5234
Test04_OK_dchg,방전,OK,1160,0,0,0,1,2.0223,12.1764
Test04_OK_dchg,방전,OK,1161,0,0,0,1,2.227,12.0455
Test04_OK_dchg,방전,OK,1162,0,0,0,1,1.8568,12.3513
Test04_OK_dchg,방전,OK,1163,0,0,0,1,2.1078,12.1277
Test04_OK_dchg,방전,OK,1164,0,0,0,1,1.8526,12.0566
Test04_OK_dchg,방전,OK,1165,0,0,0,1,1.9088,12.0257
Test04_OK_dchg,방전,OK,1166,0,0,0,1,2.2133,12.1241
Test04_OK_dchg,방전,OK,1167,0,0,0,1,1.9684,12.4884
Test04_OK_dchg,방전,OK,1168,0,0,0,1,1.979,12.2931
Test04_OK_dchg,방전,OK,1169,0,0,0,1,1.8765,12.7638
Test04_OK_dchg,방전,OK,1170,0,0,0,1,1.9244,12.6623
Test04_OK_dchg,방전,OK,1171,0,0,0,1,2.182,12.6773
Test04_OK_dchg,방전,OK,1172,0,0,0,1,1.9095,12.3257
Test04_OK_dchg,방전,OK,1173,0,0,0,1,2.011,12.5083
Test04_OK_dchg,방전,OK,1174,0,0,0,1,1.9112,12.4165
Test04_OK_dchg,방전,OK,1175,0,0,0,1,1.9163,12.4841
Test04_OK_dchg,방전,OK,1176,0,0,0,1,1.8635,12.317
Test04_OK_dchg,방전,OK,1177,0,0,0,1,1.9139,12.5779
Test04_OK_dchg,방전,OK,1178,0,0,0,1,2.2584,12.4647
Test04_OK_dchg,방전,OK,1179,0,0,0,1,2.122,12.3074
Test04_OK_dchg,방전,OK,1180,0,0,0,1,2.0693,12.3399
Test04_OK_dchg,방전,OK,1181,0,0,0,1,2.036,12.5288
Test04_OK_dchg,방전,OK,1182,0,0,0,1,1.9689,12.6189
Test04_OK_dchg,방전,OK,1183,0,0,0,0,1.8178,12.5062
Test04_OK_dchg,방전,OK,1184,0,0,0,0,1.8858,12.5176
Test04_OK_dchg,방전,OK,1185,0,0,0,0,2.0711,12.508
Test04_OK_dchg,방전,OK,1186,0,0,0,0,1.8093,12.4594
Test04_OK_dchg,방전,OK,1187,0,0,0,0,1.5384,12.9641
Test04_OK_dchg,방전,OK,1188,0,0,0,0,1.698,12.6298
Test04_OK_dchg,방전,OK,1189,0,0,0,0,1.5286,12.5266
Test04_OK_dchg,방전,OK,1190,0,0,0,0,1.4623,13.1621
Test04_OK_dchg,방전,OK,1191,0,0,0,0,1.7491,12.5891
Test04_OK_dchg,방전,OK,1192,0,0,0,0,2.544,23.4488
Test04_OK_dchg,방전,OK,1193,0,0,0,0,1.2802,14.5244
Test04_OK_dchg,방전,OK,1194,0,0,0,0,1.2876,14.6058
Test04_OK_dchg,방전,OK,1195,0,0,0,0,0.8612,23.2579
Test04_OK_dchg,방전,OK,1196,0,0,0,0,2.2778,23.2245
Test04_OK_dchg,방전,OK,1197,0,0,0,0,0.9483,23.3325
Test04_OK_dchg,방전,OK,1198,0,0,0,0,2.0281,23.874
Test04_OK_dchg,방전,OK,1199,0,0,0,0,1.2758,14.7446
Test04_OK_dchg,방전,OK,1200,0,0,0,0,1.1689,14.4951
Test04_OK_dchg,방전,OK,1201,0,0,0,0,1.4633,13.8641
Test04_OK_dchg,방전,OK,1202,0,0,0,0,1.2366,14.4456
Test04_OK_dchg,방전,OK,1203,0,0,0,0,1.3378,13.9463
Test04_OK_dchg,방전,OK,1204,0,0,0,0,1.2217,14.6342
Test04_OK_dchg,방전,OK,1205,0,0,0,0,0.9731,14.9935
Test04_OK_dchg,방전,OK,1206,0,0,0,0,1.3761,14.3765
Test04_OK_dchg,방전,OK,1207,0,0,0,0,1.1055,14.9438
Test04_OK_dchg,방전,OK,1208,0,0,0,0,1.4012,14.6276
Test04_OK_dchg,방전,OK,1209,0,0,0,0,1.0228,14.623
Test04_OK_dchg,방전,OK,1210,0,0,0,0,1.1608,14.5039
Test04_OK_dchg,방전,OK,1211,0,0,0,0,1.3238,14.3911
Test04_OK_dchg,방전,OK,1212,0,0,0,0,1.2471,14.7898
Test04_OK_dchg,방전,OK,1213,0,0,0,0,1.0228,15.0122
Test04_OK_dchg,방전,OK,1214,0,0,0,0,1.1815,14.7962
Test04_OK_dchg,방전,OK,1215,0,0,0,0,1.2254,14.7345
Test04_OK_dchg,방전,OK,1216,0,0,0,0,1.0468,14.567
Test04_OK_dchg,방전,OK,1217,0,0,0,0,1.1597,14.797
Test04_OK_dchg,방전,OK,1218,0,0,0,0,1.0431,14.934
Test04_OK_dchg,방전,OK,1219,0,0,0,0,1.0782,14.689
Test04_OK_dchg,방전,OK,1220,0,0,0,0,1.1076,14.5127
Test04_OK_dchg,방전,OK,1221,0,0,0,0,1.1251,14.5343
Test04_OK_dchg,방전,OK,1222,0,0,0,0,1.1567,12.8591
Test04_OK_dchg,방전,OK,1223,0,0,0,0,1.224,13.2763
Test04_OK_dchg,방전,OK,1224,0,1,0,0,1.4442,11.8527
Test04_OK_dchg,방전,OK,1225,0,0,0,0,1.1871,12.8111
Test04_OK_dchg,방전,OK,1226,0,0,0,0,1.2397,12.7177
Test04_OK_dchg,방전,OK,1227,0,0,0,0,1.3188,12.7926
Test04_OK_dchg,방전,OK,1228,0,1,0,0,1.8123,12.2635
Test04_OK_dchg,방전,OK,1229,0,0,0,0,1.2417,13.0656
Test04_OK_dchg,방전,OK,1230,0,0,0,0,1.3316,12.7414
Test04_OK_dchg,방전,OK,1231,0,0,0,0,1.0173,13.1558
Test04_OK_dchg,방전,OK,1232,0,0,0,0,1.0461,13.2616
Test04_OK_dchg,방전,OK,1233,0,0,0,0,1.0579,13.2058
Test04_OK_dchg,방전,OK,1234,0,0,0,0,1.3715,12.8279
Test04_OK_dchg,방전,OK,1235,0,0,0,0,1.2631,11.3052
Test04_OK_dchg,방전,OK,1236,0,0,0,0,1.2809,12.9674
Test04_OK_dchg,방전,OK,1237,0,0,0,0,1.1519,13.4005
Test04_OK_dchg,방전,OK,1238,0,0,0,0,1.0989,13.0445
Test04_OK_dchg,방전,OK,1239,0,0,0,0,1.2484,13.1699
Test04_OK_dchg,방전,OK,1240,0,0,0,0,1.0023,13.6737
Test04_OK_dchg,방전,OK,1241,0,0,0,0,0.7181,13.5823
Test04_OK_dchg,방전,OK,1242,0,0,0,0,0.9592,13.2697
Test04_OK_dchg,방전,OK,1243,0,1,0,0,1.5153,11.6834
Test04_OK_dchg,방전,OK,1244,0,0,0,0,0.9137,13.4667
Test04_OK_dchg,방전,OK,1245,0,0,0,0,0.9839,13.5655
Test04_OK_dchg,방전,OK,1246,0,0,0,0,1.4011,11.6757
Test04_OK_dchg,방전,OK,1247,0,0,0,0,0.8321,13.5669
Test04_OK_dchg,방전,OK,1248,0,0,0,0,1.0402,10.9923
Test04_OK_dchg,방전,OK,1249,0,1,0,0,1.611,11.7006
Test04_OK_dchg,방전,OK,1250,0,0,0,0,1.1707,10.9442
Test04_OK_dchg,방전,OK,1251,0,0,0,0,0.9247,12.7945
Test04_OK_dchg,방전,OK,1252,0,0,0,0,0.9022,12.9105
Test04_OK_dchg,방전,OK,1253,0,0,0,0,1.1993,11.0566
Test04_OK_dchg,방전,OK,1254,0,0,0,0,1.1797,12.8694
Test04_OK_dchg,방전,OK,1255,0,0,0,0,0.9155,12.8766
Test04_OK_dchg,방전,OK,1256,0,0,0,0,1.1701,10.8803
Test04_OK_dchg,방전,OK,1257,0,0,0,0,1.3216,11.0436
Test04_OK_dchg,방전,OK,1258,0,0,0,0,1.0382,10.6632
Test04_OK_dchg,방전,OK,1259,0,0,0,0,0.9891,13.0123
Test04_OK_dchg,방전,OK,1260,0,0,0,0,1.3572,11.1113
Test04_OK_dchg,방전,OK,1261,0,0,0,0,1.1631,10.7159
Test04_OK_dchg,방전,OK,1262,0,0,0,0,0.9124,13.1282
Test04_OK_dchg,방전,OK,1263,0,0,0,0,1.3534,11.011
Test04_OK_dchg,방전,OK,1264,0,0,0,0,1.0521,10.383
Test04_OK_dchg,방전,OK,1265,0,0,0,0,1.343,10.9484
Test04_OK_dchg,방전,OK,1266,0,0,0,0,1.0944,10.6032
Test04_OK_dchg,방전,OK,1267,0,0,0,0,0.7046,13.2623
Test04_OK_dchg,방전,OK,1268,0,0,0,0,1.3093,10.8187
Test04_OK_dchg,방전,OK,1269,0,0,0,0,0.8075,13.3086
Test04_OK_dchg,방전,OK,1270,0,1,0,0,1.4968,11.0461
Test04_OK_dchg,방전,OK,1271,0,0,0,0,0.7607,13.2847
Test04_OK_dchg,방전,OK,1272,0,0,0,0,1.4368,11.2875
Test04_OK_dchg,방전,OK,1273,0,0,0,0,1.2525,10.8823
Test04_OK_dchg,방전,OK,1274,0,0,0,0,1.1316,10.7059
Test04_OK_dchg,방전,OK,1275,0,0,0,0,1.2544,11.0492
Test04_OK_dchg,방전,OK,1276,0,0,0,0,1.6351,11.7655
Test04_OK_dchg,방전,OK,1277,0,0,0,0,1.2091,10.9132
Test04_OK_dchg,방전,OK,1278,0,0,0,0,1.588,11.4649
Test04_OK_dchg,방전,OK,1279,0,0,0,0,1.2388,10.909
Test04_OK_dchg,방전,OK,1280,0,0,0,0,1.4306,11.263
Test04_OK_dchg,방전,OK,1281,0,0,0,0,0.9802,11.3916
Test04_OK_dchg,방전,OK,1282,0,0,0,0,1.9475,24.2469
Test04_OK_dchg,방전,OK,1283,0,0,0,0,0.5862,16.9389
Test04_OK_dchg,방전,OK,1284,0,0,0,0,1.2505,10.9296
Test04_OK_dchg,방전,OK,1285,0,0,0,0,1.2257,10.845
Test04_OK_dchg,방전,OK,1286,0,0,0,0,1.9503,24.257
Test04_OK_dchg,방전,OK,1287,0,0,0,0,0.983,10.3946
Test04_OK_dchg,방전,OK,1288,0,0,0,0,0.9354,10.3645
Test04_OK_dchg,방전,OK,1289,0,0,0,0,0.8621,10.168
Test04_OK_dchg,방전,OK,1290,0,0,0,0,0.9573,10.3291
Test04_OK_dchg,방전,OK,1291,0,0,0,0,0.949,10.2816
Test04_OK_dchg,방전,OK,1292,0,0,0,0,0.6565,17.0019
Test04_OK_dchg,방전,OK,1293,0,0,0,0,1.8851,24.1485
Test04_OK_dchg,방전,OK,1294,0,0,0,0,0.9715,10.2478
Test04_OK_dchg,방전,OK,1295,0,0,0,0,0.9962,10.2903
Test04_OK_dchg,방전,OK,1296,0,0,0,0,1.0636,10.4022
Test04_OK_dchg,방전,OK,1297,0,0,0,0,0.9883,10.3192
Test04_OK_dchg,방전,OK,1298,0,0,0,0,0.9325,10.2283
Test04_OK_dchg,방전,OK,1299,0,0,0,0,1.12,10.4865
Test04_OK_dchg,방전,OK,1300,0,0,0,0,1.1319,10.5221
Test04_OK_dchg,방전,OK,1301,0,0,0,0,0.8069,9.9571
Test04_OK_dchg,방전,OK,1302,0,0,0,0,0.8009,10.0143
Test04_OK_dchg,방전,OK,1303,0,0,0,0,0.9178,10.2403
Test04_OK_dchg,방전,OK,1304,0,0,0,0,0.9045,10.1799
Test04_OK_dchg,방전,OK,1305,0,0,0,0,0.7471,9.8762
Test04_OK_dchg,방전,OK,1306,0,0,0,0,0.8981,10.2034
Test04_OK_dchg,방전,OK,1307,0,0,0,0,1.0496,10.3859
Test04_OK_dchg,방전,OK,1308,0,0,0,0,0.7829,10.056
Test04_OK_dchg,방전,OK,1309,0,0,0,0,0.9379,10.2353
Test04_OK_dchg,방전,OK,1310,0,0,0,0,0.9431,10.2896
Test04_OK_dchg,방전,OK,1311,0,0,0,0,0.7822,10.2665
Test04_OK_dchg,방전,OK,1312,0,0,0,0,0.7445,10.1108
Test04_OK_dchg,방전,OK,1313,0,0,0,0,0.8242,10.1682
Test04_OK_dchg,방전,OK,1314,0,0,0,0,0.7593,10.045
Test04_OK_dchg,방전,OK,1315,0,0,0,0,0.863,10.3894
Test04_OK_dchg,방전,OK,1316,0,0,0,0,0.9129,10.3911
Test04_OK_dchg,방전,OK,1317,0,0,0,0,0.9953,10.6973
Test04_OK_dchg,방전,OK,1318,0,0,0,0,0.7294,10.0257
Test04_OK_dchg,방전,OK,1319,0,0,0,0,0.9417,10.4907
Test04_OK_dchg,방전,OK,1320,0,0,0,0,0.9921,10.5746
Test04_OK_dchg,방전,OK,1321,0,0,0,0,0.9695,10.623
Test04_OK_dchg,방전,OK,1322,0,0,0,0,0.7556,10.2335
Test04_OK_dchg,방전,OK,1323,0,0,0,0,0.7522,10.1107
Test04_OK_dchg,방전,OK,1324,0,0,0,0,0.8027,10.2032
Test04_OK_dchg,방전,OK,1325,0,0,0,0,0.9658,10.457
Test04_OK_dchg,방전,OK,1326,0,0,0,0,0.7212,10.0651
Test04_OK_dchg,방전,OK,1327,0,0,0,0,0.7475,10.1003
Test04_OK_dchg,방전,OK,1328,0,0,0,0,0.8139,10.3251
Test04_OK_dchg,방전,OK,1329,0,0,0,0,0.9071,10.4271
Test04_OK_dchg,방전,OK,1330,0,0,0,0,1.0293,10.5456
Test04_OK_dchg,방전,OK,1331,0,0,0,0,0.7735,10.2142
Test04_OK_dchg,방전,OK,1332,0,0,0,0,0.8277,10.1528
Test04_OK_dchg,방전,OK,1333,0,0,0,0,0.5968,9.7935
Test04_OK_dchg,방전,OK,1334,0,0,0,0,0.8141,10.1789
Test04_OK_dchg,방전,OK,1335,0,0,0,0,0.8209,10.119
Test04_OK_dchg,방전,OK,1336,0,0,0,0,0.7289,10.1288
Test04_OK_dchg,방전,OK,1337,0,0,0,0,0.7393,10.1021
Test04_OK_dchg,방전,OK,1338,0,0,0,0,0.7479,10.0929
Test04_OK_dchg,방전,OK,1339,0,0,0,0,0.8075,10.1276
Test04_OK_dchg,방전,OK,1340,0,0,0,0,1.0234,10.7538
Test04_OK_dchg,방전,OK,1341,0,0,0,0,0.932,10.5406
Test04_OK_dchg,방전,OK,1342,0,0,0,0,1.0961,10.9237
Test04_OK_dchg,방전,OK,1343,0,0,0,0,0.7415,10.031
Test04_OK_dchg,방전,OK,1344,0,0,0,0,0.7097,10.0335
Test04_OK_dchg,방전,OK,1345,0,0,0,0,0.9189,10.4378
Test04_OK_dchg,방전,OK,1346,0,0,0,0,1.0552,10.6469
Test04_OK_dchg,방전,OK,1347,0,0,0,0,1.053,10.6331
Test04_OK_dchg,방전,OK,1348,0,0,0,0,0.9637,10.4035
Test04_OK_dchg,방전,OK,1349,0,0,0,0,0.9809,10.5344
Test04_OK_dchg,방전,OK,1350,0,0,0,0,0.9717,10.2893
Test04_OK_dchg,방전,OK,1351,0,0,0,0,0.7746,10.1392
Test04_OK_dchg,방전,OK,1352,0,0,0,0,0.7559,10.0704
Test04_OK_dchg,방전,OK,1353,0,0,0,0,1.0026,10.5788
Test04_OK_dchg,방전,OK,1354,0,0,0,0,1.1624,10.7214
Test04_OK_dchg,방전,OK,1355,0,0,0,0,0.9588,10.3364
Test04_OK_dchg,방전,OK,1356,0,0,0,0,0.9199,10.2949
Test04_OK_dchg,방전,OK,1357,0,0,0,0,1.0985,10.5519
Test04_OK_dchg,방전,OK,1358,0,0,0,0,1.0246,10.4314
Test04_OK_dchg,방전,OK,1359,0,0,0,0,0.8849,10.1584
Test04_OK_dchg,방전,OK,1360,0,0,0,0,1.037,10.4601
Test04_OK_dchg,방전,OK,1361,0,0,0,0,0.7647,10.0698
Test04_OK_dchg,방전,OK,1362,0,0,0,0,1.1214,10.7273
Test04_OK_dchg,방전,OK,1363,0,0,0,0,0.8028,9.9846
Test04_OK_dchg,방전,OK,1364,0,0,0,0,0.8206,10.1374
Test04_OK_dchg,방전,OK,1365,0,0,0,0,0.789,10.0661
Test04_OK_dchg,방전,OK,1366,0,0,0,0,1.0217,10.6586
Test04_OK_dchg,방전,OK,1367,0,0,0,0,1.0264,10.5248
Test04_OK_dchg,방전,OK,1368,0,0,0,0,0.6711,9.8018
Test04_OK_dchg,방전,OK,1369,0,0,0,0,0.8663,10.1752
Test04_OK_dchg,방전,OK,1370,0,0,0,0,0.819,10.0535
Test04_OK_dchg,방전,OK,1371,0,0,0,0,0.8975,10.2556
Test04_OK_dchg,방전,OK,1372,0,0,0,0,0.8975,10.2282
Test04_OK_dchg,방전,OK,1373,0,0,0,0,0.7843,9.9849
Test04_OK_dchg,방전,OK,1374,0,0,0,0,1.2394,11.0219
Test04_OK_dchg,방전,OK,1375,0,0,0,0,1.111,10.6316
Test04_OK_dchg,방전,OK,1376,0,0,0,0,1.1307,22.9269
Test04_OK_dchg,방전,OK,1377,0,0,0,0,0.5226,16.7077
Test04_OK_dchg,방전,OK,1378,0,0,0,0,0.9498,10.1999
Test04_OK_dchg,방전,OK,1379,0,0,0,0,1.1502,10.8232
Test04_OK_dchg,방전,OK,1380,0,0,0,0,1.1619,10.8399
Test04_OK_dchg,방전,OK,1381,0,0,0,0,1.1684,10.859
Test04_OK_dchg,방전,OK,1382,0,0,0,0,1.0995,10.5293
Test04_OK_dchg,방전,OK,1383,0,0,0,0,1.5115,23.6636
Test04_OK_dchg,방전,OK,1384,0,0,0,0,0.5208,16.7514
Test04_OK_dchg,방전,OK,1385,0,0,0,0,1.6631,23.9087
Test04_OK_dchg,방전,OK,1386,0,0,0,0,0.4285,16.3919
Test04_OK_dchg,방전,OK,1387,0,0,0,0,1.5543,23.6095
Test04_OK_dchg,방전,OK,1388,0,0,0,0,1.0712,10.6498
Test04_OK_dchg,방전,OK,1389,0,0,0,0,0.9649,10.4671
Test04_OK_dchg,방전,OK,1390,0,0,0,0,0.9814,10.782
Test04_OK_dchg,방전,OK,1391,0,0,0,0,0.6013,9.823
Test04_OK_dchg,방전,OK,1392,0,0,0,0,0.753,10.2584
Test04_OK_dchg,방전,OK,1393,0,0,0,0,0.5725,9.8277
Test04_OK_dchg,방전,OK,1394,0,0,0,0,0.587,9.9298
Test04_OK_dchg,방전,OK,1395,0,0,0,0,0.6019,9.605
Test04_OK_dchg,방전,OK,1396,0,0,0,0,0.8168,10.195
Test04_OK_dchg,방전,OK,1397,0,0,0,0,0.8295,10.2799
Test04_OK_dchg,방전,OK,1398,0,0,0,0,0.4208,9.3666
Test04_OK_dchg,방전,OK,1399,0,0,0,0,0.7267,9.9993
Test04_OK_dchg,방전,OK,1400,0,0,0,0,0.6328,9.9792
Test04_OK_dchg,방전,OK,1401,0,0,0,0,0.5594,9.6044
Test04_OK_dchg,방전,OK,1402,0,0,0,0,0.8009,10.2261
Test04_OK_dchg,방전,OK,1403,0,0,0,0,0.6653,9.8714
Test04_OK_dchg,방전,OK,1404,0,0,0,0,0.5489,9.4572
Test04_OK_dchg,방전,OK,1405,0,0,0,0,0.7902,10.0532
Test04_OK_dchg,방전,OK,1406,0,0,0,0,0.6407,9.6592
Test04_OK_dchg,방전,OK,1407,0,0,0,0,0.594,9.4251
Test04_OK_dchg,방전,OK,1408,0,0,0,0,0.744,9.8657
Test04_OK_dchg,방전,OK,1409,0,0,0,0,0.7865,10.0509
Test04_OK_dchg,방전,OK,1410,0,0,0,0,0.7357,9.7825
Test04_OK_dchg,방전,OK,1411,0,0,0,0,0.7021,9.7581
Test04_OK_dchg,방전,OK,1412,0,0,0,0,0.6363,9.5998
Test04_OK_dchg,방전,OK,1413,0,0,0,0,0.9752,10.3492
Test04_OK_dchg,방전,OK,1414,0,0,0,0,0.7122,9.7822
Test04_OK_dchg,방전,OK,1415,0,0,0,0,0.8203,10.0274
Test04_OK_dchg,방전,OK,1416,0,0,0,0,0.6889,9.7286
Test04_OK_dchg,방전,OK,1417,0,0,0,0,0.6511,9.6341
Test04_OK_dchg,방전,OK,1418,0,0,0,0,0.8582,10.1099
Test04_OK_dchg,방전,OK,1419,0,0,0,0,0.6689,9.6822
Test04_OK_dchg,방전,OK,1420,0,0,0,0,0.5835,9.4969
Test04_OK_dchg,방전,OK,1421,0,0,0,0,0.7945,10.0942
Test04_OK_dchg,방전,OK,1422,0,0,0,0,0.6217,9.6403
Test04_OK_dchg,방전,OK,1423,0,0,0,0,0.6405,9.6916
Test04_OK_dchg,방전,OK,1424,0,0,0,0,0.5333,9.45
Test04_OK_dchg,방전,OK,1425,0,0,0,0,0.7737,10.0426
Test04_OK_dchg,방전,OK,1426,0,0,0,0,3.3114,9.3764
Test04_OK_dchg,방전,OK,1427,0,0,0,0,0.6734,9.7701
Test04_OK_dchg,방전,OK,1428,0,0,0,0,0.7735,10.0338
Test04_OK_dchg,방전,OK,1429,0,0,0,0,0.7325,10.0175
Test04_OK_dchg,방전,OK,1430,0,0,0,0,0.6008,9.5487
Test04_OK_dchg,방전,OK,1431,0,0,0,0,0.572,9.9084
Test04_OK_dchg,방전,OK,1432,0,0,0,0,0.705,9.9096
Test04_OK_dchg,방전,OK,1433,0,0,0,0,0.6591,9.6972
Test04_OK_dchg,방전,OK,1434,0,0,0,0,0.5759,9.4759
Test04_OK_dchg,방전,OK,1435,0,0,0,0,0.5902,9.6172
Test04_OK_dchg,방전,OK,1436,0,0,0,0,0.5764,9.7128
Test04_OK_dchg,방전,OK,1437,0,0,0,0,0.629,9.5757
Test04_OK_dchg,방전,OK,1438,0,0,0,0,0.5774,9.5124
Test04_OK_dchg,방전,OK,1439,0,0,0,0,0.5722,9.7299
Test04_OK_dchg,방전,OK,1440,0,0,0,0,0.5356,9.6709
Test04_OK_dchg,방전,OK,1441,0,0,0,0,0.3902,9.2608
Test04_OK_dchg,방전,OK,1442,0,0,0,0,0.5147,9.651
Test04_OK_dchg,방전,OK,1443,0,0,0,0,0.6626,9.9152
Test04_OK_dchg,방전,OK,1444,0,0,0,0,0.3909,9.3542
Test04_OK_dchg,방전,OK,1445,0,0,0,0,0.5397,9.6063
Test04_OK_dchg,방전,OK,1446,0,0,0,0,0.609,9.6715
Test04_OK_dchg,방전,OK,1447,0,0,0,0,0.365,9.2355
Test04_OK_dchg,방전,OK,1448,0,0,0,0,0.5313,9.5805
Test04_OK_dchg,방전,OK,1449,0,0,0,0,0.7179,10.0697
Test04_OK_dchg,방전,OK,1450,0,0,0,0,0.6337,10.2472
Test04_OK_dchg,방전,OK,1451,0,0,0,0,0.4342,9.4317
Test04_OK_dchg,방전,OK,1452,0,0,0,0,0.4865,9.5653
Test04_OK_dchg,방전,OK,1453,0,0,0,0,0.636,9.8823
Test04_OK_dchg,방전,OK,1454,0,0,0,0,2.9598,9.3641
Test04_OK_dchg,방전,OK,1455,0,0,0,0,0.5025,9.5255
Test04_OK_dchg,방전,OK,1456,0,0,0,0,0.5937,9.7138
Test04_OK_dchg,방전,OK,1457,0,0,0,0,0.9655,22.921
Test04_OK_dchg,방전,OK,1458,0,0,0,0,0.1117,15.4031
Test04_OK_dchg,방전,OK,1459,0,0,0,0,0.5187,9.5164
Test04_OK_dchg,방전,OK,1460,0,0,0,0,0.6901,9.9591
Test04_OK_dchg,방전,OK,1461,0,0,0,0,0.7137,10.0116
Test04_OK_dchg,방전,OK,1462,0,0,0,0,1.0181,22.9698
Test04_OK_dchg,방전,OK,1463,0,0,0,0,0.4533,9.6187
Test04_OK_dchg,방전,OK,1464,0,0,0,0,0.3945,9.4715
Test04_OK_dchg,방전,OK,1465,0,0,0,0,0.4239,9.5394
Test04_OK_dchg,방전,OK,1466,0,0,0,0,0.3289,9.2545
Test04_OK_dchg,방전,OK,1467,0,0,0,0,0.4365,9.4863
Test04_OK_dchg,방전,OK,1468,0,0,0,0,0.3547,9.3768
Test04_OK_dchg,방전,OK,1469,0,0,0,0,2.9087,10.4365
Test04_OK_dchg,방전,OK,1470,0,0,0,0,0.3149,9.2001
Test04_OK_dchg,방전,OK,1471,0,0,0,0,0.3735,9.3618
Test04_OK_dchg,방전,OK,1472,0,0,0,0,0.3253,9.1271
Test04_OK_dchg,방전,OK,1473,0,0,0,0,0.3625,9.3462
Test04_OK_dchg,방전,OK,1474,0,0,0,0,0.3291,9.2025
Test04_OK_dchg,방전,OK,1475,0,0,0,0,0.3387,9.2701
Test04_OK_dchg,방전,OK,1476,0,0,0,0,3.0523,10.2391
Test04_OK_dchg,방전,OK,1477,0,0,0,0,0.466,9.5038
Test04_OK_dchg,방전,OK,1478,0,0,0,0,0.3487,9.0693
Test04_OK_dchg,방전,OK,1479,0,0,0,0,0.3525,9.2247
Test04_OK_dchg,방전,OK,1480,0,0,0,0,0.4388,9.4766
Test04_OK_dchg,방전,OK,1481,0,0,0,0,0.3815,9.3341
Test04_OK_dchg,방전,OK,1482,0,0,0,0,0.4385,9.545
Test04_OK_dchg,방전,OK,1483,0,0,0,0,0.3489,9.1474
Test04_OK_dchg,방전,OK,1484,0,0,0,0,2.9577,10.6234
Test04_OK_dchg,방전,OK,1485,0,0,0,0,0.3772,9.2983
Test04_OK_dchg,방전,OK,1486,0,0,0,0,0.3706,9.323
Test04_OK_dchg,방전,OK,1487,0,0,0,0,0.3416,9.1328
Test04_OK_dchg,방전,OK,1488,0,0,0,0,0.4004,9.1548
Test04_OK_dchg,방전,OK,1489,0,0,0,0,0.58,9.6493
Test04_OK_dchg,방전,OK,1490,0,0,0,0,0.3904,9.0658
Test04_OK_dchg,방전,OK,1491,0,0,0,0,0.3654,9.1911
Test04_OK_dchg,방전,OK,1492,0,0,0,0,2.9852,10.8305
Test04_OK_dchg,방전,OK,1493,0,0,0,0,0.4284,9.2997
Test04_OK_dchg,방전,OK,1494,0,0,0,0,0.4024,9.2717
Test04_OK_dchg,방전,OK,1495,0,0,0,0,0.4381,9.1577
Test04_OK_dchg,방전,OK,1496,0,0,0,0,0.3679,9.1045
Test04_OK_dchg,방전,OK,1497,0,0,0,0,0.4848,9.3552
Test04_OK_dchg,방전,OK,1498,0,0,0,0,0.3376,9.1336
Test04_OK_dchg,방전,OK,1499,0,0,0,0,0.524,9.5645
Test04_OK_dchg,방전,OK,1500,0,0,0,0,0.3429,9.0457
Test04_OK_dchg,방전,OK,1501,0,0,0,0,0.363,9.1551
Test04_OK_dchg,방전,OK,1502,0,0,0,0,2.6923,11.1503
Test04_OK_dchg,방전,OK,1503,0,0,0,0,0.5084,9.5496
Test04_OK_dchg,방전,OK,1504,0,0,0,0,0.3494,9.235
Test06_NG_chg,충전,NG,0,1,1,0,1,107.258,1268.3156
Test06_NG_chg,충전,NG,1,1,1,0,1,108.3106,1264.4205
Test06_NG_chg,충전,NG,2,1,1,0,1,108.6455,1262.8864
Test06_NG_chg,충전,NG,3,1,1,0,1,108.4222,1263.4646
Test06_NG_chg,충전,NG,4,1,1,0,1,107.4275,1267.489
Test06_NG_chg,충전,NG,5,1,1,0,1,109.0564,1263.6698
Test06_NG_chg,충전,NG,6,1,1,0,1,107.5326,1265.683
Test06_NG_chg,충전,NG,7,1,1,0,1,108.444,1266.1559
Test06_NG_chg,충전,NG,8,1,1,0,1,108.61,1262.7111
Test06_NG_chg,충전,NG,9,1,1,0,1,109.3737,1260.8911
Test06_NG_chg,충전,NG,10,1,1,0,1,107.3245,1265.6256
Test06_NG_chg,충전,NG,11,1,1,0,1,106.97,1267.7988
Test06_NG_chg,충전,NG,12,1,1,0,1,107.9816,1264.3178
Test06_NG_chg,충전,NG,13,1,1,0,1,107.4491,1266.5483
Test06_NG_chg,충전,NG,14,1,1,0,1,108.3518,1263.4469
Test06_NG_chg,충전,NG,15,1,1,0,1,108.2074,1263.4273
Test06_NG_chg,충전,NG,16,1,1,0,1,107.9995,1265.5099
Test06_NG_chg,충전,NG,17,1,1,0,1,106.9593,1266.6059
Test06_NG_chg,충전,NG,18,1,1,0,1,108.5981,1264.329
Test06_NG_chg,충전,NG,19,1,1,0,1,107.2785,1267.1132
Test06_NG_chg,충전,NG,20,1,1,0,1,108.1788,1266.3872
Test06_NG_chg,충전,NG,21,1,1,0,1,109.0853,1261.7278
Test06_NG_chg,충전,NG,22,1,1,0,1,107.4414,1265.8848
Test06_NG_chg,충전,NG,23,1,1,0,1,108.5083,1262.4976
Test06_NG_chg,충전,NG,24,1,1,0,1,108.5263,1261.5296
Test06_NG_chg,충전,NG,25,1,1,0,1,107.963,1263.1787
Test06_NG_chg,충전,NG,26,1,1,0,1,109.0507,1260.6027
Test06_NG_chg,충전,NG,27,1,1,0,1,107.4423,1265.3941
Test06_NG_chg,충전,NG,28,1,1,0,1,108.4122,1263.259
Test06_NG_chg,충전,NG,29,1,1,0,1,107.1242,1266.138
Test06_NG_chg,충전,NG,30,1,1,0,1,108.5671,1262.8602
Test06_NG_chg,충전,NG,31,1,1,0,1,108.2069,1262.9212
Test06_NG_chg,충전,NG,32,1,1,0,1,108.6571,1261.5622
Test06_NG_chg,충전,NG,33,1,1,0,1,108.0735,1265.0663
Test06_NG_chg,충전,NG,34,1,1,0,1,107.1872,1266.0497
Test06_NG_chg,충전,NG,35,1,1,0,1,108.098,1264.1776
Test06_NG_chg,충전,NG,36,1,1,0,1,108.3297,1262.316
Test06_NG_chg,충전,NG,37,1,1,0,1,108.2758,1263.6276
Test06_NG_chg,충전,NG,38,1,1,0,1,107.3819,1264.8068
Test06_NG_chg,충전,NG,39,1,1,0,1,108.897,1262.0254
Test06_NG_chg,충전,NG,40,1,1,0,1,108.2563,1263.6688
Test06_NG_chg,충전,NG,41,1,1,0,1,108.6272,1264.0795
Test06_NG_chg,충전,NG,42,1,1,0,1,108.7025,1262.5278
Test06_NG_chg,충전,NG,43,1,1,0,1,108.345,1258.2203
Test06_NG_chg,충전,NG,44,1,1,0,1,108.1996,1262.648
Test06_NG_chg,충전,NG,45,1,1,0,1,108.0553,1264.0672
Test06_NG_chg,충전,NG,46,1,1,0,1,108.6996,1261.4068
Test06_NG_chg,충전,NG,47,1,1,0,1,107.8646,1264.7076
Test06_NG_chg,충전,NG,48,1,1,0,1,108.3141,1262.3569
Test06_NG_chg,충전,NG,49,1,1,0,1,108.7297,1261.2717
Test06_NG_chg,충전,NG,50,1,1,0,1,109.456,1261.712
Test06_NG_chg,충전,NG,51,1,1,0,1,107.3237,1265.462
Test06_NG_chg,충전,NG,52,1,1,0,1,107.4441,1264.5105
Test06_NG_chg,충전,NG,53,1,1,0,1,107.4684,1265.2541
Test06_NG_chg,충전,NG,54,1,1,0,1,108.7721,1262.2517
Test06_NG_chg,충전,NG,55,1,1,0,1,107.5286,1264.2754
Test06_NG_chg,충전,NG,56,1,1,0,1,107.6102,1264.812
Test06_NG_chg,충전,NG,57,1,1,0,1,108.4824,1261.9893
Test06_NG_chg,충전,NG,58,1,1,0,1,107.9206,1262.9702
Test06_NG_chg,충전,NG,59,1,1,0,1,106.9378,1266.4872
Test06_NG_chg,충전,NG,60,1,1,0,1,107.9989,1263.3341
Test06_NG_chg,충전,NG,61,1,1,0,1,107.9431,1263.9174
Test06_NG_chg,충전,NG,62,1,1,0,1,108.0489,1263.146
Test06_NG_chg,충전,NG,63,1,1,0,1,108.7405,1261.212
Test06_NG_chg,충전,NG,64,1,1,0,1,107.2438,1265.3454
Test06_NG_chg,충전,NG,65,1,1,0,1,107.8456,1263.7399
Test06_NG_chg,충전,NG,66,1,1,0,1,108.0618,1263.2505
Test06_NG_chg,충전,NG,67,1,1,0,1,108.3712,1262.6506
Test06_NG_chg,충전,NG,68,1,1,0,1,109.0012,1260.7084
Test06_NG_chg,충전,NG,69,1,1,0,1,108.7645,1262.1072
Test06_NG_chg,충전,NG,70,1,1,0,1,107.0343,1266.5497
Test06_NG_chg,충전,NG,71,1,1,0,1,109.1276,1260.7427
Test06_NG_chg,충전,NG,72,1,1,0,1,108.5813,1261.572
Test06_NG_chg,충전,NG,73,1,1,0,1,108.3758,1262.3216
Test06_NG_chg,충전,NG,74,1,1,0,1,108.0889,1262.3266
Test06_NG_chg,충전,NG,75,1,1,0,1,108.7377,1261.1078
Test06_NG_chg,충전,NG,76,1,1,0,1,106.4,1266.6645
Test06_NG_chg,충전,NG,77,1,1,0,1,108.7525,1260.9717
Test06_NG_chg,충전,NG,78,1,1,0,1,108.9827,1260.7656
Test06_NG_chg,충전,NG,79,1,1,0,1,107.7649,1263.6396
Test06_NG_chg,충전,NG,80,1,1,0,1,108.4639,1261.9575
Test06_NG_chg,충전,NG,81,1,1,0,1,108.4253,1262.2547
Test06_NG_chg,충전,NG,82,1,1,0,1,107.4768,1264.1029
Test06_NG_chg,충전,NG,83,1,1,0,1,108.4617,1262.1402
Test06_NG_chg,충전,NG,84,1,1,0,1,108.4825,1261.0661
Test06_NG_chg,충전,NG,85,1,1,0,1,108.6991,1261.8423
Test06_NG_chg,충전,NG,86,1,1,0,1,109.0144,1260.073
Test06_NG_chg,충전,NG,87,1,1,0,1,108.9289,1260.555
Test06_NG_chg,충전,NG,88,1,1,0,1,109.1897,1259.3859
Test06_NG_chg,충전,NG,89,1,1,0,1,109.9427,1252.7755
Test06_NG_chg,충전,NG,90,1,1,0,1,107.7017,1263.004
Test06_NG_chg,충전,NG,91,1,1,0,1,108.8792,1260.5197
Test06_NG_chg,충전,NG,92,1,1,0,1,108.6535,1261.1744
Test06_NG_chg,충전,NG,93,1,1,0,1,107.9039,1262.962
Test06_NG_chg,충전,NG,94,1,1,0,1,108.8392,1259.7717
Test06_NG_chg,충전,NG,95,1,1,0,1,108.4953,1261.6048
Test06_NG_chg,충전,NG,96,1,1,0,1,107.5418,1264.322
Test06_NG_chg,충전,NG,97,1,1,0,1,108.2813,1262.7685
Test06_NG_chg,충전,NG,98,1,1,0,1,109.2303,1258.2882
Test06_NG_chg,충전,NG,99,1,1,0,1,108.1126,1257.371
Test06_NG_chg,충전,NG,100,1,1,0,1,107.7225,1264.4076
Test06_NG_chg,충전,NG,101,1,1,0,1,108.8327,1256.0652
Test06_NG_chg,충전,NG,102,1,1,0,1,107.8517,1263.3898
Test06_NG_chg,충전,NG,103,1,1,0,1,107.6049,1263.5954
Test06_NG_chg,충전,NG,104,1,1,0,1,109.7162,1259.5463
Test06_NG_chg,충전,NG,105,1,1,0,1,109.0353,1260.1071
Test06_NG_chg,충전,NG,106,1,1,0,1,109.0004,1254.1349
Test06_NG_chg,충전,NG,107,1,1,0,1,107.3947,1264.8294
Test06_NG_chg,충전,NG,108,1,1,0,1,108.7275,1261.1645
Test06_NG_chg,충전,NG,109,1,1,0,1,108.4703,1261.0193
Test06_NG_chg,충전,NG,110,1,1,0,1,108.7775,1260.9535
Test06_NG_chg,충전,NG,111,1,1,0,1,108.9089,1260.5602
Test06_NG_chg,충전,NG,112,1,1,0,1,109.0047,1259.6079
Test06_NG_chg,충전,NG,113,1,1,0,1,109.5215,1253.0888
Test06_NG_chg,충전,NG,114,1,1,0,1,109.6996,1258.0774
Test06_NG_chg,충전,NG,115,1,1,0,1,108.5869,1260.6986
Test06_NG_chg,충전,NG,116,1,1,0,1,108.6071,1260.9938
Test06_NG_chg,충전,NG,117,1,1,0,1,108.7835,1260.4068
Test06_NG_chg,충전,NG,118,1,1,0,1,108.7521,1260.2256
Test06_NG_chg,충전,NG,119,1,1,0,1,108.2895,1261.7322
Test06_NG_chg,충전,NG,120,1,1,0,1,108.0324,1262.2547
Test06_NG_chg,충전,NG,121,1,1,0,1,108.4925,1261.0882
Test06_NG_chg,충전,NG,122,1,1,0,1,108.6391,1260.5226
Test06_NG_chg,충전,NG,123,1,1,0,1,108.9489,1260.1051
Test06_NG_chg,충전,NG,124,1,1,0,1,108.3504,1256.8792
Test06_NG_chg,충전,NG,125,1,1,0,1,107.8095,1262.5689
Test06_NG_chg,충전,NG,126,1,1,0,1,108.8317,1260.4943
Test06_NG_chg,충전,NG,127,1,1,0,1,108.3151,1262.0914
Test06_NG_chg,충전,NG,128,1,1,0,1,108.5368,1261.6617
Test06_NG_chg,충전,NG,129,1,1,0,1,108.5676,1260.7014
Test06_NG_chg,충전,NG,130,1,1,0,1,106.7565,1265.0535
Test06_NG_chg,충전,NG,131,1,1,0,1,107.7387,1264.901
Test06_NG_chg,충전,NG,132,1,1,0,1,107.7201,1262.5364
Test06_NG_chg,충전,NG,133,1,1,0,1,108.8728,1260.7979
Test06_NG_chg,충전,NG,134,1,1,0,1,107.653,1263.1931
Test06_NG_chg,충전,NG,135,1,1,0,1,107.9105,1262.1274
Test06_NG_chg,충전,NG,136,1,1,0,1,108.3113,1255.9716
Test06_NG_chg,충전,NG,137,1,1,0,1,108.9706,1260.7493
Test06_NG_chg,충전,NG,138,1,1,0,1,108.5196,1255.9776
Test06_NG_chg,충전,NG,139,1,1,0,1,108.8668,1260.7977
Test06_NG_chg,충전,NG,140,1,1,0,1,108.2394,1261.5085
Test06_NG_chg,충전,NG,141,1,1,0,1,108.2494,1261.2498
Test06_NG_chg,충전,NG,142,1,1,0,1,109.3579,1253.6921
Test06_NG_chg,충전,NG,143,1,1,0,1,108.2102,1261.8824
Test06_NG_chg,충전,NG,144,1,1,0,1,108.2411,1256.1172
Test06_NG_chg,충전,NG,145,1,1,0,1,108.8946,1260.9977
Test06_NG_chg,충전,NG,146,1,1,0,1,109.0553,1254.782
Test06_NG_chg,충전,NG,147,1,1,0,1,109.2504,1259.429
Test06_NG_chg,충전,NG,148,1,1,0,1,109.3924,1258.9546
Test06_NG_chg,충전,NG,149,1,1,0,1,107.4391,1262.7419
Test06_NG_chg,충전,NG,150,1,1,0,1,109.1269,1259.0935
Test06_NG_chg,충전,NG,151,1,1,0,1,108.6365,1260.2059
Test06_NG_chg,충전,NG,152,1,1,0,1,109.4244,1259.6223
Test06_NG_chg,충전,NG,153,1,1,0,1,109.0954,1254.5571
Test06_NG_chg,충전,NG,154,1,1,0,1,108.6466,1260.4403
Test06_NG_chg,충전,NG,155,1,1,0,1,109.4464,1259.0252
Test06_NG_chg,충전,NG,156,1,1,0,1,108.2105,1262.441
Test06_NG_chg,충전,NG,157,1,1,0,1,107.9564,1261.9575
Test06_NG_chg,충전,NG,158,1,1,0,1,108.599,1260.8106
Test06_NG_chg,충전,NG,159,1,1,0,1,109.4065,1258.8102
Test06_NG_chg,충전,NG,160,1,1,0,1,108.9929,1259.8597
Test06_NG_chg,충전,NG,161,1,1,0,1,107.542,1262.5447
Test06_NG_chg,충전,NG,162,1,1,0,1,108.1144,1262.0846
Test06_NG_chg,충전,NG,163,1,1,0,1,109.2306,1258.8875
Test06_NG_chg,충전,NG,164,1,1,0,1,109.3098,1258.8821
Test06_NG_chg,충전,NG,165,1,1,0,1,108.7943,1260.2907
Test06_NG_chg,충전,NG,166,1,1,0,1,109.0782,1259.3548
Test06_NG_chg,충전,NG,167,1,1,0,1,109.0499,1254.3116
Test06_NG_chg,충전,NG,168,1,1,0,1,108.7346,1260.6253
Test06_NG_chg,충전,NG,169,1,1,0,1,108.1202,1256.2632
Test06_NG_chg,충전,NG,170,1,1,0,1,108.4958,1260.9748
Test06_NG_chg,충전,NG,171,1,1,0,1,108.0943,1261.8423
Test06_NG_chg,충전,NG,172,1,1,0,1,109.3101,1259.4067
Test06_NG_chg,충전,NG,173,1,1,0,1,108.295,1256.1779
Test06_NG_chg,충전,NG,174,1,1,0,1,107.9313,1262.4824
Test06_NG_chg,충전,NG,175,1,1,0,1,109.5071,1259.4303
Test06_NG_chg,충전,NG,176,1,1,0,1,108.1944,1261.317
Test06_NG_chg,충전,NG,177,1,1,0,1,107.4537,1262.9299
Test06_NG_chg,충전,NG,178,1,1,0,1,107.9715,1260.8101
Test06_NG_chg,충전,NG,179,1,1,0,1,108.8318,1259.4325
Test06_NG_chg,충전,NG,180,1,1,0,1,108.7441,1259.327
Test06_NG_chg,충전,NG,181,1,1,0,1,108.2135,1260.5775
Test06_NG_chg,충전,NG,182,1,1,0,1,109.4434,1256.4379
Test06_NG_chg,충전,NG,183,1,1,0,1,107.3759,1262.934
Test06_NG_chg,충전,NG,184,1,1,0,1,107.9236,1261.6223
Test06_NG_chg,충전,NG,185,1,1,0,1,108.88,1259.6044
Test06_NG_chg,충전,NG,186,1,1,0,1,108.881,1254.7774
Test06_NG_chg,충전,NG,187,1,1,0,1,108.4782,1254.7921
Test06_NG_chg,충전,NG,188,1,1,0,1,108.1484,1259.4977
Test06_NG_chg,충전,NG,189,1,1,0,1,106.3325,1265.787
Test06_NG_chg,충전,NG,190,1,1,0,1,107.6632,1263.7541
Test06_NG_chg,충전,NG,191,1,1,0,1,108.4672,1255.8806
Test06_NG_chg,충전,NG,192,1,1,0,1,108.014,1261.9858
Test06_NG_chg,충전,NG,193,1,1,0,1,109.5796,1257.461
Test06_NG_chg,충전,NG,194,1,1,0,1,108.7208,1260.043
Test06_NG_chg,충전,NG,195,1,1,0,1,107.5574,1263.3203
Test06_NG_chg,충전,NG,196,1,1,0,1,108.081,1262.0314
Test06_NG_chg,충전,NG,197,1,1,0,1,108.7523,1259.5242
Test06_NG_chg,충전,NG,198,1,1,0,1,108.0032,1261.2253
Test06_NG_chg,충전,NG,199,1,1,0,1,108.9256,1260.0695
Test06_NG_chg,충전,NG,200,1,1,0,1,109.1477,1258.1496
Test06_NG_chg,충전,NG,201,1,1,0,1,107.3262,1263.2612
Test06_NG_chg,충전,NG,202,1,1,0,1,108.4945,1260.9019
Test06_NG_chg,충전,NG,203,1,1,0,1,108.2738,1256.3663
Test06_NG_chg,충전,NG,204,1,1,0,1,108.2908,1260.4737
Test06_NG_chg,충전,NG,205,1,1,0,1,108.4652,1255.1976
Test06_NG_chg,충전,NG,206,1,1,0,1,108.558,1260.7969
Test06_NG_chg,충전,NG,207,1,1,0,1,108.8514,1254.0715
Test06_NG_chg,충전,NG,208,1,1,0,1,110.0914,1251.2058
Test06_NG_chg,충전,NG,209,1,1,0,1,108.6818,1254.483
Test06_NG_chg,충전,NG,210,1,1,0,1,108.6975,1258.2208
Test06_NG_chg,충전,NG,211,1,1,0,1,108.7667,1259.575
Test06_NG_chg,충전,NG,212,1,1,0,1,109.3301,1257.5964
Test06_NG_chg,충전,NG,213,1,1,0,1,109.0909,1257.8753
Test06_NG_chg,충전,NG,214,1,1,0,1,110.2871,1249.5662
Test06_NG_chg,충전,NG,215,1,1,0,1,107.4242,1261.7719
Test06_NG_chg,충전,NG,216,1,1,0,1,108.3937,1260.6684
Test06_NG_chg,충전,NG,217,1,1,0,1,109.2131,1253.6911
Test06_NG_chg,충전,NG,218,1,1,0,1,108.6379,1258.9436
Test06_NG_chg,충전,NG,219,1,1,0,1,108.4838,1259.383
Test06_NG_chg,충전,NG,220,1,1,0,1,107.5215,1262.6154
Test06_NG_chg,충전,NG,221,1,1,0,1,108.5794,1258.7944
Test06_NG_chg,충전,NG,222,1,1,0,1,109.204,1256.8235
Test06_NG_chg,충전,NG,223,1,1,0,1,108.9966,1253.8893
Test06_NG_chg,충전,NG,224,1,1,0,1,109.7066,1251.9387
Test06_NG_chg,충전,NG,225,1,1,0,1,109.0603,1257.211
Test06_NG_chg,충전,NG,226,1,1,0,1,108.8917,1258.7893
Test06_NG_chg,충전,NG,227,1,1,0,1,110.2656,1250.8813
Test06_NG_chg,충전,NG,228,1,1,0,1,107.7908,1261.0269
Test06_NG_chg,충전,NG,229,1,1,0,1,108.7997,1255.0148
Test06_NG_chg,충전,NG,230,1,1,0,1,109.7346,1257.5547
Test06_NG_chg,충전,NG,231,1,1,0,1,109.0894,1257.2586
Test06_NG_chg,충전,NG,232,1,1,0,1,109.663,1256.4999
Test06_NG_chg,충전,NG,233,1,1,0,1,108.729,1254.1758
Test06_NG_chg,충전,NG,234,1,1,0,1,109.861,1256.4227
Test06_NG_chg,충전,NG,235,1,1,0,1,109.3781,1258.2154
Test06_NG_chg,충전,NG,236,1,1,0,1,107.9142,1255.2898
Test06_NG_chg,충전,NG,237,1,1,0,1,107.7267,1262.7953
Test06_NG_chg,충전,NG,238,1,1,0,1,109.6805,1255.2287
Test06_NG_chg,충전,NG,239,1,1,0,1,108.4567,1254.3013
Test06_NG_chg,충전,NG,240,1,1,0,1,108.1779,1255.9273
Test06_NG_chg,충전,NG,241,1,1,0,1,109.4004,1256.4676
Test06_NG_chg,충전,NG,242,1,1,0,1,107.8267,1260.4742
Test06_NG_chg,충전,NG,243,1,1,0,1,110.2651,1254.9921
Test06_NG_chg,충전,NG,244,1,1,0,1,109.1445,1258.6816
Test06_NG_chg,충전,NG,245,1,1,0,1,108.4765,1254.3469
Test06_NG_chg,충전,NG,246,1,1,0,1,109.1427,1257.8391
Test06_NG_chg,충전,NG,247,1,1,0,1,108.8291,1258.3872
Test06_NG_chg,충전,NG,248,1,1,0,1,108.1211,1261.2003
Test06_NG_chg,충전,NG,249,1,1,0,1,108.3133,1256.087
Test06_NG_chg,충전,NG,250,1,1,0,1,108.2201,1259.4364
Test06_NG_chg,충전,NG,251,1,1,0,1,107.5495,1260.0557
Test06_NG_chg,충전,NG,252,1,1,0,1,109.3511,1255.6384
Test06_NG_chg,충전,NG,253,1,1,0,1,108.049,1254.3152
Test06_NG_chg,충전,NG,254,1,1,0,1,109.5441,1258.6926
Test06_NG_chg,충전,NG,255,1,1,0,1,109.81,1249.37
Test06_NG_chg,충전,NG,256,1,1,0,1,108.5691,1257.6233
Test06_NG_chg,충전,NG,257,1,1,0,1,109.981,1249.0438
Test06_NG_chg,충전,NG,258,1,1,0,1,107.5266,1262.9591
Test06_NG_chg,충전,NG,259,1,1,0,1,108.9226,1257.3578
Test06_NG_chg,충전,NG,260,1,1,0,1,109.6437,1250.1177
Test06_NG_chg,충전,NG,261,1,1,0,1,109.3753,1255.6718
Test06_NG_chg,충전,NG,262,1,1,0,1,108.4508,1253.3677
Test06_NG_chg,충전,NG,263,1,1,0,1,108.849,1251.6969
Test06_NG_chg,충전,NG,264,1,1,0,1,107.3527,1261.0344
Test06_NG_chg,충전,NG,265,1,1,0,1,109.8008,1250.0165
Test06_NG_chg,충전,NG,266,1,1,0,1,109.6966,1250.0784
Test06_NG_chg,충전,NG,267,1,1,0,1,108.6696,1253.9184
Test06_NG_chg,충전,NG,268,1,1,0,1,110.1555,1249.5329
Test06_NG_chg,충전,NG,269,1,1,0,1,109.122,1257.2646
Test06_NG_chg,충전,NG,270,1,1,0,1,109.0195,1258.2398
Test06_NG_chg,충전,NG,271,1,1,0,1,109.2562,1251.7206
Test06_NG_chg,충전,NG,272,1,1,0,1,109.2373,1256.6148
Test06_NG_chg,충전,NG,273,1,1,0,1,109.9917,1249.645
Test06_NG_chg,충전,NG,274,1,1,0,1,109.6441,1254.9028
Test06_NG_chg,충전,NG,275,1,1,0,1,109.1325,1251.5321
Test06_NG_chg,충전,NG,276,1,1,0,1,108.4377,1257.4996
Test06_NG_chg,충전,NG,277,1,1,0,1,109.5575,1251.285
Test06_NG_chg,충전,NG,278,1,1,0,1,108.0868,1259.7657
Test06_NG_chg,충전,NG,279,1,1,0,1,107.9915,1254.5507
Test06_NG_chg,충전,NG,280,1,1,0,1,107.4817,1260.6606
Test06_NG_chg,충전,NG,281,1,1,0,1,109.6695,1250.8696
Test06_NG_chg,충전,NG,282,1,1,0,1,109.2857,1257.2723
Test06_NG_chg,충전,NG,283,1,1,0,1,109.2228,1254.4643
Test06_NG_chg,충전,NG,284,1,1,0,1,109.6358,1251.3075
Test06_NG_chg,충전,NG,285,1,1,0,1,108.8598,1252.3557
Test06_NG_chg,충전,NG,286,1,1,0,1,106.8311,1263.4566
Test06_NG_chg,충전,NG,287,1,1,0,1,108.7871,1258.5959
Test06_NG_chg,충전,NG,288,1,1,0,1,109.6956,1250.16
Test06_NG_chg,충전,NG,289,1,1,0,1,107.8134,1260.3311
Test06_NG_chg,충전,NG,290,1,1,0,1,109.2576,1252.232
Test06_NG_chg,충전,NG,291,1,1,0,1,108.4306,1253.4794
Test06_NG_chg,충전,NG,292,1,1,0,1,107.9474,1259.3169
Test06_NG_chg,충전,NG,293,1,1,0,1,109.6781,1250.2477
Test06_NG_chg,충전,NG,294,1,1,0,1,109.5399,1255.5587
Test06_NG_chg,충전,NG,295,1,1,0,1,108.4679,1258.5101
Test06_NG_chg,충전,NG,296,1,1,0,1,109.6687,1250.1114
Test06_NG_chg,충전,NG,297,1,1,0,1,109.8814,1248.1659
Test06_NG_chg,충전,NG,298,1,1,0,1,108.3766,1253.3798
Test06_NG_chg,충전,NG,299,1,1,0,1,108.8703,1256.722
Test06_NG_chg,충전,NG,300,1,1,0,1,107.8045,1259.6743
Test06_NG_chg,충전,NG,301,1,1,0,1,109.358,1252.0949
Test06_NG_chg,충전,NG,302,1,1,0,1,109.8538,1249.6983
Test06_NG_chg,충전,NG,303,1,1,0,1,108.945,1256.6924
Test06_NG_chg,충전,NG,304,1,1,0,1,108.4373,1258.3402
Test06_NG_chg,충전,NG,305,1,1,0,1,109.1136,1251.1755
Test06_NG_chg,충전,NG,306,1,1,0,1,109.6862,1250.543
Test06_NG_chg,충전,NG,307,1,1,0,1,109.6389,1250.0376
Test06_NG_chg,충전,NG,308,1,1,0,1,108.5889,1256.9998
Test06_NG_chg,충전,NG,309,1,1,0,1,108.0782,1259.0427
Test06_NG_chg,충전,NG,310,1,1,0,1,108.152,1258.9264
Test06_NG_chg,충전,NG,311,1,1,0,1,109.5388,1251.5128
Test06_NG_chg,충전,NG,312,1,1,0,1,107.318,1255.9619
Test06_NG_chg,충전,NG,313,1,1,0,1,109.4318,1250.7572
Test06_NG_chg,충전,NG,314,1,1,0,1,109.9677,1249.3752
Test06_NG_chg,충전,NG,315,1,1,0,1,108.8979,1256.9587
Test06_NG_chg,충전,NG,316,1,1,0,1,109.5018,1255.4975
Test06_NG_chg,충전,NG,317,1,1,0,1,109.2114,1257.1271
Test06_NG_chg,충전,NG,318,1,1,0,1,108.3071,1258.1076
Test06_NG_chg,충전,NG,319,1,1,0,1,108.5318,1252.4939
Test06_NG_chg,충전,NG,320,1,1,0,1,108.1,1258.6938
Test06_NG_chg,충전,NG,321,1,1,0,1,110.3912,1248.0019
Test06_NG_chg,충전,NG,322,1,1,0,1,110.1039,1249.0828
Test06_NG_chg,충전,NG,323,1,1,0,1,110.2824,1249.8269
Test06_NG_chg,충전,NG,324,1,1,0,1,108.864,1255.9302
Test06_NG_chg,충전,NG,325,1,1,0,1,109.3693,1250.7701
Test06_NG_chg,충전,NG,326,1,1,0,1,109.22,1255.9272
Test06_NG_chg,충전,NG,327,1,1,0,1,108.0362,1259.6783
Test06_NG_chg,충전,NG,328,1,1,0,1,108.2643,1253.2027
Test06_NG_chg,충전,NG,329,1,1,0,1,109.0697,1255.9027
Test06_NG_chg,충전,NG,330,1,1,0,1,108.8739,1251.7197
Test06_NG_chg,충전,NG,331,1,1,0,1,109.9524,1249.1563
Test06_NG_chg,충전,NG,332,1,1,0,1,108.4669,1257.0581
Test06_NG_chg,충전,NG,333,1,1,0,1,107.4697,1256.1012
Test06_NG_chg,충전,NG,334,1,1,0,1,109.0568,1250.2614
Test06_NG_chg,충전,NG,335,1,1,0,1,110.157,1249.6759
Test06_NG_chg,충전,NG,336,1,1,0,1,109.2509,1250.9834
Test06_NG_chg,충전,NG,337,1,1,0,1,110.0074,1249.0081
Test06_NG_chg,충전,NG,338,1,1,0,1,109.9875,1248.3701
Test06_NG_chg,충전,NG,339,1,1,0,1,109.0009,1251.768
Test06_NG_chg,충전,NG,340,1,1,0,1,109.5686,1255.3
Test06_NG_chg,충전,NG,341,1,1,0,1,108.3641,1253.4422
Test06_NG_chg,충전,NG,342,1,1,0,1,109.8726,1249.5776
Test06_NG_chg,충전,NG,343,1,1,0,1,110.1347,1247.8989
Test06_NG_chg,충전,NG,344,1,1,0,1,109.6274,1255.4463
Test06_NG_chg,충전,NG,345,1,1,0,1,108.578,1252.0907
Test06_NG_chg,충전,NG,346,1,1,0,1,109.7831,1249.5182
Test06_NG_chg,충전,NG,347,1,1,0,1,108.7801,1257.7546
Test06_NG_chg,충전,NG,348,1,1,0,1,108.3679,1257.2455
Test06_NG_chg,충전,NG,349,1,1,0,1,108.8506,1251.9678
Test06_NG_chg,충전,NG,350,1,1,0,1,108.699,1256.8252
Test06_NG_chg,충전,NG,351,1,1,0,1,109.785,1249.7878
Test06_NG_chg,충전,NG,352,1,1,0,1,109.1544,1249.3732
Test06_NG_chg,충전,NG,353,1,1,0,1,108.5252,1252.7095
Test06_NG_chg,충전,NG,354,1,1,0,1,108.828,1252.6925
Test06_NG_chg,충전,NG,355,1,1,0,1,108.7764,1251.5516
Test06_NG_chg,충전,NG,356,1,1,0,1,108.5749,1252.7719
Test06_NG_chg,충전,NG,357,1,1,0,1,109.1337,1251.5368
Test06_NG_chg,충전,NG,358,1,1,0,1,108.9819,1251.9302
Test06_NG_chg,충전,NG,359,1,1,0,1,109.4603,1249.886
Test06_NG_chg,충전,NG,360,1,1,0,1,109.9123,1248.6701
Test06_NG_chg,충전,NG,361,1,1,0,1,109.9142,1249.4369
Test06_NG_chg,충전,NG,362,1,1,0,1,108.2723,1258.322
Test06_NG_chg,충전,NG,363,1,1,0,1,108.7419,1257.0178
Test06_NG_chg,충전,NG,364,1,1,0,1,109.4242,1251.0375
Test06_NG_chg,충전,NG,365,1,1,0,1,109.2934,1254.8302
Test06_NG_chg,충전,NG,366,1,1,0,1,109.7454,1249.3411
Test06_NG_chg,충전,NG,367,1,1,0,1,109.3345,1250.9516
Test06_NG_chg,충전,NG,368,1,1,0,1,109.6546,1250.1393
Test06_NG_chg,충전,NG,369,1,1,0,1,108.8184,1255.902
Test06_NG_chg,충전,NG,370,1,1,0,1,109.3863,1250.7818
Test06_NG_chg,충전,NG,371,1,1,0,1,108.8794,1252.4241
Test06_NG_chg,충전,NG,372,1,1,0,1,109.3251,1250.6963
Test06_NG_chg,충전,NG,373,1,1,0,1,110.6608,1246.9828
Test06_NG_chg,충전,NG,374,1,1,0,1,108.9472,1250.8962
Test06_NG_chg,충전,NG,375,1,1,0,1,108.9815,1250.9549
Test06_NG_chg,충전,NG,376,1,1,0,1,109.5611,1250.4173
Test06_NG_chg,충전,NG,377,1,1,0,1,109.1214,1250.6197
Test06_NG_chg,충전,NG,378,1,1,0,1,110.1827,1248.7633
Test06_NG_chg,충전,NG,379,1,1,0,1,108.9397,1251.7686
Test06_NG_chg,충전,NG,380,1,1,0,1,107.9975,1252.2128
Test06_NG_chg,충전,NG,381,1,1,0,1,109.9275,1247.9563
Test06_NG_chg,충전,NG,382,1,1,0,1,109.6432,1253.5072
Test06_NG_chg,충전,NG,383,1,1,0,1,109.8522,1248.4739
Test06_NG_chg,충전,NG,384,1,1,0,1,109.1602,1250.8203
Test06_NG_chg,충전,NG,385,1,1,0,1,109.5327,1254.1729
Test06_NG_chg,충전,NG,386,1,1,0,1,110.667,1247.4147
Test06_NG_chg,충전,NG,387,1,1,0,1,109.0916,1250.3603
Test06_NG_chg,충전,NG,388,1,1,0,1,109.3958,1250.613
Test06_NG_chg,충전,NG,389,1,1,0,1,108.9033,1256.1276
Test06_NG_chg,충전,NG,390,1,1,0,1,110.5467,1246.2749
Test06_NG_chg,충전,NG,391,1,1,0,1,109.4209,1254.3773
Test06_NG_chg,충전,NG,392,1,1,0,1,110.3524,1247.3413
Test06_NG_chg,충전,NG,393,1,1,0,1,110.1336,1247.6145
Test06_NG_chg,충전,NG,394,1,1,0,1,108.1505,1252.1993
Test06_NG_chg,충전,NG,395,1,1,0,1,108.831,1252.2853
Test06_NG_chg,충전,NG,396,1,1,0,1,109.8404,1248.8883
Test06_NG_chg,충전,NG,397,1,1,0,1,110.1086,1246.7898
Test06_NG_chg,충전,NG,398,1,1,0,1,109.2226,1248.7875
Test06_NG_chg,충전,NG,399,1,1,0,1,110.2414,1247.1518
Test06_NG_chg,충전,NG,400,1,1,0,1,110.0638,1248.2955
Test06_NG_chg,충전,NG,401,1,1,0,1,109.6188,1249.5163
Test06_NG_chg,충전,NG,402,1,1,0,1,108.5971,1252.6293
Test06_NG_chg,충전,NG,403,1,1,0,1,111.4705,1239.0802
Test06_NG_chg,충전,NG,404,1,1,0,1,109.0849,1249.9
Test06_NG_chg,충전,NG,405,1,1,0,1,108.1115,1258.6713
Test06_NG_chg,충전,NG,406,1,1,0,1,108.736,1250.1978
Test06_NG_chg,충전,NG,407,1,1,0,1,108.2542,1255.5443
Test06_NG_chg,충전,NG,408,1,1,0,1,110.5184,1247.8077
Test06_NG_chg,충전,NG,409,1,1,0,1,109.5114,1250.2613
Test06_NG_chg,충전,NG,410,1,1,0,1,109.3562,1249.977
Test06_NG_chg,충전,NG,411,1,1,0,1,109.5895,1253.8016
Test06_NG_chg,충전,NG,412,1,1,0,1,109.1699,1250.9735
Test06_NG_chg,충전,NG,413,1,1,0,1,109.4019,1250.5647
Test06_NG_chg,충전,NG,414,1,1,0,1,108.8985,1251.8249
Test06_NG_chg,충전,NG,415,1,1,0,1,109.4272,1249.4663
Test06_NG_chg,충전,NG,416,1,1,0,1,110.2304,1247.8788
Test06_NG_chg,충전,NG,417,1,1,0,1,108.5572,1252.6474
Test06_NG_chg,충전,NG,418,1,1,0,1,108.579,1250.9596
Test06_NG_chg,충전,NG,419,1,1,0,1,108.8913,1251.0262
Test06_NG_chg,충전,NG,420,1,1,0,1,110.7057,1246.622
Test06_NG_chg,충전,NG,421,1,1,0,1,110.1966,1246.9742
Test06_NG_chg,충전,NG,422,1,1,0,1,108.7596,1250.5791
Test06_NG_chg,충전,NG,423,1,1,0,1,109.8704,1247.5217
Test06_NG_chg,충전,NG,424,1,1,0,1,110.9047,1245.1891
Test06_NG_chg,충전,NG,425,1,1,0,1,108.9266,1250.6914
Test06_NG_chg,충전,NG,426,1,1,0,1,108.5734,1250.6751
Test06_NG_chg,충전,NG,427,1,1,0,1,109.5569,1249.311
Test06_NG_chg,충전,NG,428,1,1,0,1,109.4159,1249.4098
Test06_NG_chg,충전,NG,429,1,1,0,1,109.0113,1250.7079
Test06_NG_chg,충전,NG,430,1,1,0,1,108.5637,1252.5601
Test06_NG_chg,충전,NG,431,1,1,0,1,109.1841,1249.5261
Test06_NG_chg,충전,NG,432,1,1,0,1,109.5639,1253.5666
Test06_NG_chg,충전,NG,433,1,1,0,1,109.3015,1250.6928
Test06_NG_chg,충전,NG,434,1,1,0,1,109.5926,1248.3185
Test06_NG_chg,충전,NG,435,1,1,0,1,109.7108,1246.3741
Test06_NG_chg,충전,NG,436,1,1,0,1,109.7854,1248.1055
Test06_NG_chg,충전,NG,437,1,1,0,1,108.7578,1251.784
Test06_NG_chg,충전,NG,438,1,1,0,1,109.1389,1249.6122
Test06_NG_chg,충전,NG,439,1,1,0,1,109.9097,1249.1294
Test06_NG_chg,충전,NG,440,1,1,0,1,109.9871,1247.0804
Test06_NG_chg,충전,NG,441,1,1,0,1,108.9566,1248.5847
Test06_NG_chg,충전,NG,442,1,1,0,1,109.9987,1247.6223
Test06_NG_chg,충전,NG,443,1,1,0,1,108.8032,1248.8877
Test06_NG_chg,충전,NG,444,1,1,0,1,110.5292,1246.3083
Test06_NG_chg,충전,NG,445,1,1,0,1,109.2139,1254.7906
Test06_NG_chg,충전,NG,446,1,1,0,1,108.95,1249.6522
Test06_NG_chg,충전,NG,447,1,1,0,1,110.2655,1247.0276
Test06_NG_chg,충전,NG,448,1,1,0,1,108.8411,1250.1588
Test06_NG_chg,충전,NG,449,1,1,0,1,109.4862,1249.0623
Test06_NG_chg,충전,NG,450,1,1,0,1,110.866,1261.9819
Test06_NG_chg,충전,NG,451,1,1,0,1,108.8855,1250.0133
Test06_NG_chg,충전,NG,452,1,1,0,1,108.8439,1250.9827
Test06_NG_chg,충전,NG,453,1,1,0,1,107.8711,1253.659
Test06_NG_chg,충전,NG,454,1,1,0,1,108.7866,1250.4962
Test06_NG_chg,충전,NG,455,1,1,0,1,108.2817,1251.277
Test06_NG_chg,충전,NG,456,1,1,0,1,108.2023,1253.3588
Test06_NG_chg,충전,NG,457,1,1,0,1,108.684,1250.5733
Test06_NG_chg,충전,NG,458,1,1,0,1,109.7821,1249.1671
Test06_NG_chg,충전,NG,459,1,1,0,1,109.4545,1248.9667
Test06_NG_chg,충전,NG,460,1,1,0,1,109.4279,1248.0484
Test06_NG_chg,충전,NG,461,1,1,0,1,109.0106,1251.4089
Test06_NG_chg,충전,NG,462,1,1,0,1,108.8396,1251.6796
Test06_NG_chg,충전,NG,463,1,1,0,1,109.6845,1253.2752
Test06_NG_chg,충전,NG,464,1,1,0,1,108.902,1251.5037
Test06_NG_chg,충전,NG,465,1,1,0,1,109.3643,1247.6971
Test06_NG_chg,충전,NG,466,1,1,0,1,108.3461,1250.6046
Test06_NG_chg,충전,NG,467,1,1,0,1,109.3423,1249.5202
Test06_NG_chg,충전,NG,468,1,1,0,1,109.7982,1248.2536
Test06_NG_chg,충전,NG,469,1,1,0,1,109.351,1247.997
Test06_NG_chg,충전,NG,470,1,1,0,1,110.4452,1245.4774
Test06_NG_chg,충전,NG,471,1,1,0,1,109.1566,1248.2268
Test06_NG_chg,충전,NG,472,1,1,0,1,111.4423,1243.1098
Test06_NG_chg,충전,NG,473,1,1,0,1,109.4552,1247.9542
Test06_NG_chg,충전,NG,474,1,1,0,1,108.2916,1251.7726
Test06_NG_chg,충전,NG,475,1,1,0,1,109.09,1249.9535
Test06_NG_chg,충전,NG,476,1,1,0,1,109.1616,1249.9247
Test06_NG_chg,충전,NG,477,1,1,0,1,109.939,1247.9337
Test06_NG_chg,충전,NG,478,1,1,0,1,114.9243,1235.3745
Test06_NG_chg,충전,NG,479,1,1,0,1,115.7044,1229.2852
Test06_NG_chg,충전,NG,480,1,1,0,1,108.3195,1261.059
Test06_NG_chg,충전,NG,481,1,1,0,1,109.7663,1249.4732
Test06_NG_chg,충전,NG,482,1,1,0,1,109.0766,1251.1107
Test06_NG_chg,충전,NG,483,1,1,0,1,109.6812,1249.5604
Test06_NG_chg,충전,NG,484,1,1,0,1,109.8436,1249.9528
Test06_NG_chg,충전,NG,485,1,1,0,1,110.0358,1248.3099
Test06_NG_chg,충전,NG,486,1,1,0,1,108.6868,1252.9886
Test06_NG_chg,충전,NG,487,1,1,0,1,108.1779,1252.7529
Test06_NG_chg,충전,NG,488,1,1,0,1,109.5083,1250.8428
Test06_NG_chg,충전,NG,489,1,1,0,1,109.7122,1247.544
Test06_NG_chg,충전,NG,490,1,1,0,1,110.1123,1245.7377
Test06_NG_chg,충전,NG,491,1,1,0,1,108.5916,1256.2531
Test06_NG_chg,충전,NG,492,1,1,0,1,108.0337,1251.3602
Test06_NG_chg,충전,NG,493,1,1,0,1,109.448,1249.622
Test06_NG_chg,충전,NG,494,1,1,0,1,108.2205,1250.2255
Test06_NG_chg,충전,NG,495,1,1,0,1,129.9156,1620.848
Test06_NG_chg,충전,NG,496,1,1,0,1,65.3294,1369.6323
Test06_NG_chg,충전,NG,497,1,1,0,1,75.5536,1111.7104
Test06_NG_chg,충전,NG,498,1,1,0,1,53.0349,930.9285
Test06_NG_chg,충전,NG,499,1,1,0,1,52.8279,932.6821
Test06_NG_chg,충전,NG,500,1,1,0,1,56.8694,926.7925
Test06_NG_chg,충전,NG,501,1,1,0,1,52.1352,946.9729
Test06_NG_chg,충전,NG,502,1,1,0,1,50.8435,956.2254
Test06_NG_chg,충전,NG,503,1,1,0,1,52.1841,958.3157
Test06_NG_chg,충전,NG,504,1,1,0,1,51.4425,968.928
Test06_NG_chg,충전,NG,505,1,1,0,1,51.5837,950.3551
Test06_NG_chg,충전,NG,506,1,1,0,1,50.4895,954.5844
Test06_NG_chg,충전,NG,507,1,1,0,1,53.0082,946.776
Test06_NG_chg,충전,NG,508,1,1,0,1,53.1184,947.2001
Test06_NG_chg,충전,NG,509,1,1,0,1,51.8978,952.5914
Test06_NG_chg,충전,NG,510,1,1,0,1,52.6975,948.0188
Test06_NG_chg,충전,NG,511,1,1,0,1,52.9449,951.6723
Test06_NG_chg,충전,NG,512,1,1,0,1,52.9087,949.6707
Test06_NG_chg,충전,NG,513,1,1,0,1,53.9392,952.9375
Test06_NG_chg,충전,NG,514,1,1,0,1,53.1044,948.1419
Test06_NG_chg,충전,NG,515,1,1,0,1,53.0969,955.1697
Test06_NG_chg,충전,NG,516,1,1,0,1,52.0769,958.5425
Test06_NG_chg,충전,NG,517,1,1,0,1,52.9458,956.2446
Test06_NG_chg,충전,NG,518,1,1,0,1,52.7376,958.0708
Test06_NG_chg,충전,NG,519,1,1,0,1,53.723,955.0911
Test06_NG_chg,충전,NG,520,1,1,0,1,52.9291,956.2791
Test06_NG_chg,충전,NG,521,1,1,0,1,52.1481,957.5473
Test06_NG_chg,충전,NG,522,1,1,0,1,36.0383,783.0858
Test06_NG_chg,충전,NG,523,1,1,0,1,52.2163,961.5991
Test06_NG_chg,충전,NG,524,1,1,0,1,53.9525,954.7366
Test06_NG_chg,충전,NG,525,1,1,0,1,54.4947,954.5781
Test06_NG_chg,충전,NG,526,1,1,0,1,52.6138,960.4244
Test06_NG_chg,충전,NG,527,1,1,0,1,52.5497,963.4408
Test06_NG_chg,충전,NG,528,1,1,0,1,53.497,957.2422
Test06_NG_chg,충전,NG,529,1,1,0,1,52.9555,961.4187
Test06_NG_chg,충전,NG,530,1,1,0,1,52.5402,959.3292
Test06_NG_chg,충전,NG,531,1,1,0,1,53.7177,958.2821
Test06_NG_chg,충전,NG,532,1,1,0,1,53.9004,958.1633
Test06_NG_chg,충전,NG,533,1,1,0,1,53.8416,957.4808
Test06_NG_chg,충전,NG,534,1,1,0,1,53.3414,960.1599
Test06_NG_chg,충전,NG,535,1,1,0,1,54.0124,957.3619
Test06_NG_chg,충전,NG,536,1,1,0,1,53.2094,960.9882
Test06_NG_chg,충전,NG,537,1,1,0,1,53.8693,962.0871
Test06_NG_chg,충전,NG,538,1,1,0,1,53.7822,959.1062
Test06_NG_chg,충전,NG,539,1,1,0,1,53.9886,960.3673
Test06_NG_chg,충전,NG,540,1,1,0,1,52.6509,963.171
Test06_NG_chg,충전,NG,541,1,1,0,1,53.1949,962.1586
Test06_NG_chg,충전,NG,542,1,1,0,1,53.3964,963.486
Test06_NG_chg,충전,NG,543,1,1,0,1,54.0773,958.0883
Test06_NG_chg,충전,NG,544,1,1,0,1,52.7283,963.312
Test06_NG_chg,충전,NG,545,1,1,0,1,54.726,946.4227
Test06_NG_chg,충전,NG,546,1,1,0,1,53.1322,961.6538
Test06_NG_chg,충전,NG,547,1,1,0,1,53.1127,950.6109
Test06_NG_chg,충전,NG,548,1,1,0,1,54.414,945.617
Test06_NG_chg,충전,NG,549,1,1,0,1,74.4466,1135.364
Test06_NG_chg,충전,NG,550,1,1,0,1,53.5499,947.9154
Test06_NG_chg,충전,NG,551,1,1,0,1,53.2863,948.3306
Test06_NG_chg,충전,NG,552,1,1,0,1,53.0742,948.5836
Test06_NG_chg,충전,NG,553,1,1,0,1,36.0097,776.1785
Test06_NG_chg,충전,NG,554,1,1,0,1,53.7816,948.1364
Test06_NG_chg,충전,NG,555,1,1,0,1,53.4513,948.5973
Test06_NG_chg,충전,NG,556,1,1,0,1,75.2784,1133.7436
Test06_NG_chg,충전,NG,557,1,1,0,1,57.8941,937.4961
Test06_NG_chg,충전,NG,558,1,1,0,1,49.5425,995.6438
Test06_NG_chg,충전,NG,559,1,1,0,1,58.2258,937.0287
Test06_NG_chg,충전,NG,560,1,1,0,1,53.1269,967.9863
Test06_NG_chg,충전,NG,561,1,1,0,1,55.2611,962.1026
Test06_NG_chg,충전,NG,562,1,1,0,1,53.4791,962.692
Test06_NG_chg,충전,NG,563,1,1,0,1,53.359,966.9301
Test06_NG_chg,충전,NG,564,1,1,0,1,48.6737,998.086
Test06_NG_chg,충전,NG,565,1,1,0,1,57.9301,939.5384
Test06_NG_chg,충전,NG,566,1,1,0,1,54.2332,962.1241
Test06_NG_chg,충전,NG,567,1,1,0,1,73.3727,1158.2664
Test06_NG_chg,충전,NG,568,1,1,0,1,23.3686,629.9568
Test06_NG_chg,충전,NG,569,1,1,0,1,74.2373,1153.8842
Test06_NG_chg,충전,NG,570,1,1,0,1,36.2465,789.018
Test06_NG_chg,충전,NG,571,1,1,0,1,73.9102,1154.1296
Test06_NG_chg,충전,NG,572,1,1,0,1,54.0082,962.2041
Test06_NG_chg,충전,NG,573,1,1,0,1,54.44,959.2651
Test06_NG_chg,충전,NG,574,1,1,0,1,74.2815,1154.6791
Test06_NG_chg,충전,NG,575,1,1,0,1,73.8225,1155.3982
Test06_NG_chg,충전,NG,576,1,1,0,1,75.2491,1151.7398
Test06_NG_chg,충전,NG,577,1,1,0,1,54.4008,959.0797
Test06_NG_chg,충전,NG,578,1,1,0,1,75.4592,1148.448
Test06_NG_chg,충전,NG,579,1,1,0,1,53.5377,965.7619
Test06_NG_chg,충전,NG,580,1,1,0,1,75.2552,1148.6003
Test06_NG_chg,충전,NG,581,1,1,0,1,73.4276,1154.2161
Test06_NG_chg,충전,NG,582,1,1,0,1,53.6773,963.0941
Test06_NG_chg,충전,NG,583,1,1,0,1,74.6723,1157.7969
Test06_NG_chg,충전,NG,584,1,1,0,1,75.2397,1154.922
Test06_NG_chg,충전,NG,585,1,1,0,1,74.208,1157.5505
Test06_NG_chg,충전,NG,586,1,1,0,1,53.5841,965.5688
Test06_NG_chg,충전,NG,587,1,1,0,1,75.0052,1156.1969
Test06_NG_chg,충전,NG,588,1,1,0,1,55.0277,957.0149
Test06_NG_chg,충전,NG,589,1,1,0,1,76.6552,1145.883
Test06_NG_chg,충전,NG,590,1,1,0,1,53.9062,965.8342
Test06_NG_chg,충전,NG,591,1,1,0,1,74.5842,1154.7193
Test06_NG_chg,충전,NG,592,1,1,0,1,75.2443,1154.3995
Test06_NG_chg,충전,NG,593,1,1,0,1,54.0437,965.5706
Test06_NG_chg,충전,NG,594,1,1,0,1,75.7196,1154.6062
Test06_NG_chg,충전,NG,595,1,1,0,1,74.99,1157.3707
Test06_NG_chg,충전,NG,596,1,1,0,1,74.4736,1158.0008
Test06_NG_chg,충전,NG,597,1,1,0,1,53.0953,967.6696
Test06_NG_chg,충전,NG,598,1,1,0,1,11.8237,495.0796
Test06_NG_chg,충전,NG,599,1,1,0,1,53.8317,966.1475
Test06_NG_chg,충전,NG,600,1,1,0,1,75.0805,1155.9521
Test06_NG_chg,충전,NG,601,1,1,0,1,54.371,962.5159
Test06_NG_chg,충전,NG,602,1,1,0,1,55.2176,963.5243
Test06_NG_chg,충전,NG,603,1,1,0,1,73.9276,1158.5526
Test06_NG_chg,충전,NG,604,1,1,0,1,36.4709,790.6695
Test06_NG_chg,충전,NG,605,1,1,0,1,76.4328,1152.6824
Test06_NG_chg,충전,NG,606,1,1,0,1,53.9089,966.9886
Test06_NG_chg,충전,NG,607,1,1,0,1,74.2143,1157.0709
Test06_NG_chg,충전,NG,608,1,1,0,1,75.0268,1155.7496
Test06_NG_chg,충전,NG,609,1,1,0,1,53.4317,967.0194
Test06_NG_chg,충전,NG,610,1,1,0,1,55.0629,963.1261
Test06_NG_chg,충전,NG,611,1,1,0,1,74.319,1154.9606
Test06_NG_chg,충전,NG,612,1,1,0,1,36.903,789.0751
Test06_NG_chg,충전,NG,613,1,1,0,1,37.2367,787.3847
Test06_NG_chg,충전,NG,614,1,1,0,1,74.8292,1155.8188
Test06_NG_chg,충전,NG,615,1,1,0,1,54.9692,960.7088
Test06_NG_chg,충전,NG,616,1,1,0,1,75.2778,1152.7755
Test06_NG_chg,충전,NG,617,1,1,0,1,73.7665,1159.8154
Test06_NG_chg,충전,NG,618,1,1,0,1,37.1664,785.7702
Test06_NG_chg,충전,NG,619,1,1,0,1,36.4793,789.4758
Test06_NG_chg,충전,NG,620,1,1,0,1,37.053,785.3327
Test06_NG_chg,충전,NG,621,1,1,0,1,36.2288,789.8362
Test06_NG_chg,충전,NG,622,1,1,0,1,54.3195,960.9476
Test06_NG_chg,충전,NG,623,1,1,0,1,54.5092,958.7853
Test06_NG_chg,충전,NG,624,1,1,0,1,75.4342,1150.5938
Test06_NG_chg,충전,NG,625,1,1,0,1,54.2353,958.6772
Test06_NG_chg,충전,NG,626,1,1,0,1,75.4331,1132.1199
Test06_NG_chg,충전,NG,627,1,1,0,1,75.7737,1151.6432
Test06_NG_chg,충전,NG,628,1,1,0,1,54.6902,942.1232
Test06_NG_chg,충전,NG,629,1,1,0,1,36.6483,773.475
Test06_NG_chg,충전,NG,630,1,1,0,1,36.817,771.9116
Test06_NG_chg,충전,NG,631,1,1,0,1,54.6881,943.7978
Test06_NG_chg,충전,NG,632,1,1,0,1,54.2745,943.3186
Test06_NG_chg,충전,NG,633,1,1,0,1,55.4835,941.2567
Test06_NG_chg,충전,NG,634,1,1,0,1,37.3239,769.7531
Test06_NG_chg,충전,NG,635,1,1,0,1,54.4643,943.0849
Test06_NG_chg,충전,NG,636,1,1,0,1,37.0382,771.1325
Test06_NG_chg,충전,NG,637,1,1,0,1,37.7096,768.4604
Test06_NG_chg,충전,NG,638,1,1,0,1,37.3024,769.2242
Test06_NG_chg,충전,NG,639,1,1,0,1,54.6235,940.6344
Test06_NG_chg,충전,NG,640,1,1,0,1,75.9404,1130.1584
Test06_NG_chg,충전,NG,641,1,1,0,1,35.7862,774.5532
Test06_NG_chg,충전,NG,642,1,1,0,1,75.2849,1130.6684
Test06_NG_chg,충전,NG,643,1,1,0,1,75.0952,1133.0321
Test06_NG_chg,충전,NG,644,1,1,0,1,54.3072,942.9009
Test06_NG_chg,충전,NG,645,1,1,0,1,37.6757,768.4049
Test06_NG_chg,충전,NG,646,1,1,0,1,59.3286,930.0965
Test06_NG_chg,충전,NG,647,1,1,0,1,36.7426,786.346
Test06_NG_chg,충전,NG,648,1,1,0,1,23.3733,628.4136
Test06_NG_chg,충전,NG,649,1,1,0,1,50.4241,988.9299
Test06_NG_chg,충전,NG,650,1,1,0,1,54.587,940.8608
Test06_NG_chg,충전,NG,651,1,1,0,1,81.5712,1117.196
Test06_NG_chg,충전,NG,652,1,1,0,1,36.6507,786.3689
Test06_NG_chg,충전,NG,653,1,1,0,1,36.6056,788.682
Test06_NG_chg,충전,NG,654,1,1,0,1,74.8774,1157.1346
Test06_NG_chg,충전,NG,655,1,1,0,1,36.9096,788.4777
Test06_NG_chg,충전,NG,656,1,1,0,1,75.8107,1147.3217
Test06_NG_chg,충전,NG,657,1,1,0,1,74.9592,1160.084
Test06_NG_chg,충전,NG,658,1,1,0,1,37.689,784.4246
Test06_NG_chg,충전,NG,659,1,1,0,1,38.6159,780.6513
Test06_NG_chg,충전,NG,660,1,1,0,1,36.9151,787.9921
Test06_NG_chg,충전,NG,661,1,1,0,1,37.0613,786.4109
Test06_NG_chg,충전,NG,662,1,1,0,1,36.781,791.1792
Test06_NG_chg,충전,NG,663,1,1,0,1,36.4191,792.0886
Test06_NG_chg,충전,NG,664,1,1,0,1,36.0629,793.3087
Test06_NG_chg,충전,NG,665,1,1,0,1,36.461,790.5529
Test06_NG_chg,충전,NG,666,1,1,0,1,37.4368,789.2941
Test06_NG_chg,충전,NG,667,1,1,0,1,36.8429,787.7544
Test06_NG_chg,충전,NG,668,1,1,0,1,36.2649,791.3754
Test06_NG_chg,충전,NG,669,1,1,0,1,37.2355,786.905
Test06_NG_chg,충전,NG,670,1,1,0,1,36.9845,786.6352
Test06_NG_chg,충전,NG,671,1,1,0,1,36.7768,786.8811
Test06_NG_chg,충전,NG,672,1,1,0,1,36.8373,788.7254
Test06_NG_chg,충전,NG,673,1,1,0,1,37.4061,784.6387
Test06_NG_chg,충전,NG,674,1,1,0,1,54.8224,959.4382
Test06_NG_chg,충전,NG,675,1,1,0,1,36.9429,773.1527
Test06_NG_chg,충전,NG,676,1,1,0,1,54.4252,944.0503
Test06_NG_chg,충전,NG,677,1,1,0,1,38.6061,768.7366
Test06_NG_chg,충전,NG,678,1,1,0,1,37.7699,782.835
Test06_NG_chg,충전,NG,679,1,1,0,1,36.8851,772.8867
Test06_NG_chg,충전,NG,680,1,1,0,1,55.4612,956.549
Test06_NG_chg,충전,NG,681,1,1,0,1,11.8394,481.4135
Test06_NG_chg,충전,NG,682,1,1,0,1,54.8217,941.1847
Test06_NG_chg,충전,NG,683,1,1,0,1,36.7017,772.2258
Test06_NG_chg,충전,NG,684,1,1,0,1,37.4893,770.9999
Test06_NG_chg,충전,NG,685,1,1,0,1,37.3414,769.5641
Test06_NG_chg,충전,NG,686,1,1,0,1,74.9451,1133.001
Test06_NG_chg,충전,NG,687,1,1,0,1,36.9973,771.2494
Test06_NG_chg,충전,NG,688,1,1,0,1,23.2119,613.6872
Test06_NG_chg,충전,NG,689,1,1,0,1,53.7587,943.9355
Test06_NG_chg,충전,NG,690,1,1,0,1,22.5777,616.7301
Test06_NG_chg,충전,NG,691,1,1,0,1,12.4409,477.0613
Test06_NG_chg,충전,NG,692,1,1,0,1,23.779,611.533
Test06_NG_chg,충전,NG,693,1,1,0,1,37.5704,766.4808
Test06_NG_chg,충전,NG,694,1,1,0,1,12.117,478.8907
Test06_NG_chg,충전,NG,695,1,1,0,1,37.2683,767.5924
Test06_NG_chg,충전,NG,696,1,1,0,1,12.9682,474.3117
Test06_NG_chg,충전,NG,697,1,1,0,1,26.8821,600.7575
Test06_NG_chg,충전,NG,698,1,1,0,1,37.0344,769.6021
Test06_NG_chg,충전,NG,699,1,1,0,1,23.1305,615.209
Test06_NG_chg,충전,NG,700,1,1,0,1,37.56,764.3674
Test06_NG_chg,충전,NG,701,1,1,0,1,53.5425,944.24
Test06_NG_chg,충전,NG,702,1,1,0,1,37.8514,766.3627
Test06_NG_chg,충전,NG,703,1,1,0,1,36.9508,768.0917
Test06_NG_chg,충전,NG,704,1,1,0,1,37.9338,767.7752
Test06_NG_chg,충전,NG,705,1,1,0,1,23.6224,609.6142
Test06_NG_chg,충전,NG,706,1,1,0,1,36.7904,768.1419
Test06_NG_chg,충전,NG,707,1,1,0,1,23.5479,610.6067
Test06_NG_chg,충전,NG,708,1,1,0,1,38.1772,763.2943
Test06_NG_chg,충전,NG,709,1,1,0,1,38.115,761.6817
Test06_NG_chg,충전,NG,710,1,1,0,1,37.3945,765.8256
Test06_NG_chg,충전,NG,711,1,1,0,1,23.5992,609.5466
Test06_NG_chg,충전,NG,712,1,1,0,1,37.5908,761.7215
Test06_NG_chg,충전,NG,713,1,1,0,1,38.3567,763.6132
Test06_NG_chg,충전,NG,714,1,1,0,1,38.9305,760.3464
Test06_NG_chg,충전,NG,715,1,1,0,1,23.1496,611.1451
Test06_NG_chg,충전,NG,716,1,1,0,1,38.3178,761.8158
Test06_NG_chg,충전,NG,717,1,1,0,1,37.2799,765.2847
Test06_NG_chg,충전,NG,718,1,1,0,1,23.442,611.6273
Test06_NG_chg,충전,NG,719,1,1,0,1,42.0193,753.8058
Test06_NG_chg,충전,NG,720,1,1,0,1,34.0854,809.1076
Test06_NG_chg,충전,NG,721,1,1,0,1,23.8009,621.8891
Test06_NG_chg,충전,NG,722,1,1,0,1,37.5379,763.4874
Test06_NG_chg,충전,NG,723,1,1,0,1,25.7201,605.9384
Test06_NG_chg,충전,NG,724,1,1,0,1,23.417,627.0317
Test06_NG_chg,충전,NG,725,1,1,0,1,12.7252,485.2209
Test06_NG_chg,충전,NG,726,1,1,0,1,37.8113,780.8872
Test06_NG_chg,충전,NG,727,1,1,0,1,22.5974,629.5489
Test06_NG_chg,충전,NG,728,1,1,0,1,22.6163,626.3735
Test06_NG_chg,충전,NG,729,1,1,0,1,23.5143,627.6008
Test06_NG_chg,충전,NG,730,1,1,0,1,37.7708,779.2794
Test06_NG_chg,충전,NG,731,1,1,0,1,23.1243,626.9819
Test06_NG_chg,충전,NG,732,1,1,0,1,23.5412,621.1192
Test06_NG_chg,충전,NG,733,1,1,0,1,23.381,625.7919
Test06_NG_chg,충전,NG,734,1,1,0,1,37.4377,779.9192
Test06_NG_chg,충전,NG,735,1,1,0,1,36.7987,784.3706
Test06_NG_chg,충전,NG,736,1,1,0,1,12.7163,484.7689
Test06_NG_chg,충전,NG,737,1,1,0,1,23.6437,624.1682
Test06_NG_chg,충전,NG,738,1,1,0,1,37.4742,779.7984
Test06_NG_chg,충전,NG,739,1,1,0,1,23.3713,624.4334
Test06_NG_chg,충전,NG,740,1,1,0,1,23.0924,625.2259
Test06_NG_chg,충전,NG,741,1,1,0,1,12.3912,476.4229
Test06_NG_chg,충전,NG,742,1,1,0,1,23.2802,612.7256
Test06_NG_chg,충전,NG,743,1,1,0,1,37.8155,764.6001
Test06_NG_chg,충전,NG,744,1,1,0,1,23.5794,613.4359
Test06_NG_chg,충전,NG,745,1,1,0,1,23.7921,609.2555
Test06_NG_chg,충전,NG,746,1,1,0,1,23.5281,611.4863
Test06_NG_chg,충전,NG,747,1,1,0,1,23.1503,611.9949
Test06_NG_chg,충전,NG,748,1,1,0,1,38.1368,764.0057
Test06_NG_chg,충전,NG,749,1,1,0,1,37.2027,765.0255
Test06_NG_chg,충전,NG,750,1,1,0,1,23.2289,610.3014
Test06_NG_chg,충전,NG,751,1,1,0,1,36.8532,765.6856
Test06_NG_chg,충전,NG,752,1,1,0,1,12.6357,474.2197
Test06_NG_chg,충전,NG,753,1,1,0,1,23.6477,606.7239
Test06_NG_chg,충전,NG,754,1,1,0,1,23.1249,610.9659
Test06_NG_chg,충전,NG,755,1,1,0,1,23.0784,610.9083
Test06_NG_chg,충전,NG,756,1,1,0,1,13.6025,469.7468
Test06_NG_chg,충전,NG,757,1,1,0,1,23.7317,606.7639
Test06_NG_chg,충전,NG,758,1,1,0,1,37.3432,762.7391
Test06_NG_chg,충전,NG,759,1,1,0,1,23.639,609.5945
Test06_NG_chg,충전,NG,760,1,1,0,1,12.7361,471.1644
Test06_NG_chg,충전,NG,761,1,1,0,1,23.8718,606.1804
Test06_NG_chg,충전,NG,762,1,1,0,1,23.6643,607.0568
Test06_NG_chg,충전,NG,763,1,1,0,1,12.6901,471.3172
Test06_NG_chg,충전,NG,764,1,1,0,1,12.9842,469.1325
Test06_NG_chg,충전,NG,765,1,1,0,1,23.6507,606.1563
Test06_NG_chg,충전,NG,766,1,1,0,1,38.3579,759.3182
Test06_NG_chg,충전,NG,767,1,1,0,1,13.1639,468.2118
Test06_NG_chg,충전,NG,768,1,1,0,1,38.2883,756.3344
Test06_NG_chg,충전,NG,769,1,1,0,1,23.7433,605.4685
Test06_NG_chg,충전,NG,770,1,1,0,1,23.8449,603.5101
Test06_NG_chg,충전,NG,771,1,1,0,1,39.3636,754.7492
Test06_NG_chg,충전,NG,772,1,1,0,1,23.926,603.4484
Test06_NG_chg,충전,NG,773,1,1,0,1,25.9171,606.8957
Test06_NG_chg,충전,NG,774,1,1,0,1,21.6823,644.6774
Test06_NG_chg,충전,NG,775,1,1,0,1,15.3211,463.3046
Test06_NG_chg,충전,NG,776,1,1,0,1,21.0332,643.8491
Test06_NG_chg,충전,NG,777,1,1,0,1,26.2516,605.5387
Test06_NG_chg,충전,NG,778,1,1,0,1,23.3863,622.8054
Test06_NG_chg,충전,NG,779,1,1,0,1,22.6189,627.1095
Test06_NG_chg,충전,NG,780,1,1,0,1,23.5534,623.1273
Test06_NG_chg,충전,NG,781,1,1,0,1,12.4229,484.797
Test06_NG_chg,충전,NG,782,1,1,0,1,23.7393,624.1045
Test06_NG_chg,충전,NG,783,1,1,0,1,23.5217,623.5296
Test06_NG_chg,충전,NG,784,1,1,0,1,12.4918,486.9446
Test06_NG_chg,충전,NG,785,1,1,0,1,23.7278,622.3636
Test06_NG_chg,충전,NG,786,1,1,0,1,23.8433,620.1583
Test06_NG_chg,충전,NG,787,1,1,0,1,23.4824,624.0181
Test06_NG_chg,충전,NG,788,1,1,0,1,23.3511,625.0675
Test06_NG_chg,충전,NG,789,1,1,0,1,23.1685,625.233
Test06_NG_chg,충전,NG,790,1,1,0,1,12.4475,487.4487
Test06_NG_chg,충전,NG,791,1,1,0,1,23.6976,621.5041
Test06_NG_chg,충전,NG,792,1,1,0,1,23.6572,623.3631
Test06_NG_chg,충전,NG,793,1,1,0,1,12.6519,485.0344
Test06_NG_chg,충전,NG,794,1,1,0,1,24.5847,617.7987
Test06_NG_chg,충전,NG,795,1,1,0,1,23.6111,621.944
Test06_NG_chg,충전,NG,796,1,1,0,1,13.014,483.6326
Test06_NG_chg,충전,NG,797,1,1,0,1,23.6821,620.6808
Test06_NG_chg,충전,NG,798,1,1,0,1,23.6408,621.1879
Test06_NG_chg,충전,NG,799,1,1,0,1,23.2996,623.9976
Test06_NG_chg,충전,NG,800,1,1,0,1,13.1861,481.6852
Test06_NG_chg,충전,NG,801,1,1,0,1,23.9001,606.5234
Test06_NG_chg,충전,NG,802,1,1,0,1,13.1931,468.7033
Test06_NG_chg,충전,NG,803,1,1,0,1,38.3038,759.6853
Test06_NG_chg,충전,NG,804,1,1,0,1,23.5839,608.2575
Test06_NG_chg,충전,NG,805,1,1,0,1,23.7589,607.8152
Test06_NG_chg,충전,NG,806,1,1,0,1,13.0059,481.5494
Test06_NG_chg,충전,NG,807,1,1,0,1,12.828,469.4666
Test06_NG_chg,충전,NG,808,1,1,0,1,23.91,617.2684
Test06_NG_chg,충전,NG,809,1,1,0,1,13.1344,470.6212
Test06_NG_chg,충전,NG,810,1,1,0,1,23.6756,604.3215
Test06_NG_chg,충전,NG,811,1,1,0,1,12.4567,471.6644
Test06_NG_chg,충전,NG,812,1,1,0,1,13.5372,468.2372
Test06_NG_chg,충전,NG,813,1,1,0,1,12.6907,469.7835
Test06_NG_chg,충전,NG,814,1,1,0,1,13.1717,468.465
Test06_NG_chg,충전,NG,815,1,1,0,1,23.6285,606.1951
Test06_NG_chg,충전,NG,816,1,1,0,1,13.2117,468.1594
Test06_NG_chg,충전,NG,817,1,1,0,1,13.265,467.1323
Test06_NG_chg,충전,NG,818,1,1,0,1,13.2766,467.7347
Test06_NG_chg,충전,NG,819,1,1,0,1,13.0973,467.6183
Test06_NG_chg,충전,NG,820,1,1,0,1,24.2304,603.7175
Test06_NG_chg,충전,NG,821,1,1,0,1,24.4136,604.0158
Test06_NG_chg,충전,NG,822,1,1,0,1,12.6719,469.2591
Test06_NG_chg,충전,NG,823,1,1,0,1,13.156,468.4774
Test06_NG_chg,충전,NG,824,1,1,0,1,13.3424,466.9052
Test06_NG_chg,충전,NG,825,1,1,0,1,24.6349,601.2806
Test06_NG_chg,충전,NG,826,1,1,0,1,24.0694,602.0498
Test06_NG_chg,충전,NG,827,1,1,0,1,12.9743,467.0849
Test06_NG_chg,충전,NG,828,1,1,0,1,24.2504,599.9892
Test06_NG_chg,충전,NG,829,1,1,0,1,13.4365,463.6407
Test06_NG_chg,충전,NG,830,1,1,0,1,13.7271,462.3048
Test06_NG_chg,충전,NG,831,1,1,0,1,14.9307,461.5727
Test06_NG_chg,충전,NG,832,1,1,0,1,13.2253,479.1501
Test06_NG_chg,충전,NG,833,1,1,0,1,11.5386,498.8075
Test06_NG_chg,충전,NG,834,1,1,0,1,15.4088,459.7896
Test06_NG_chg,충전,NG,835,1,1,0,1,21.1723,641.7212
Test06_NG_chg,충전,NG,836,1,1,0,1,13.5971,461.868
Test06_NG_chg,충전,NG,837,1,1,0,1,24.4815,597.6838
Test06_NG_chg,충전,NG,838,1,1,0,1,15.0336,462.8477
Test06_NG_chg,충전,NG,839,1,1,0,1,6.2765,354.9979
Test06_NG_chg,충전,NG,840,1,1,0,1,13.4526,477.1504
Test06_NG_chg,충전,NG,841,1,1,0,1,13.0738,477.9579
Test06_NG_chg,충전,NG,842,1,1,0,1,13.1816,476.3912
Test06_NG_chg,충전,NG,843,1,1,0,1,13.1456,478.8013
Test06_NG_chg,충전,NG,844,1,1,0,1,13.5442,476.0906
Test06_NG_chg,충전,NG,845,1,1,0,1,13.3954,477.485
Test06_NG_chg,충전,NG,846,1,1,0,1,13.1437,478.9384
Test06_NG_chg,충전,NG,847,1,1,0,1,24.6857,617.6913
Test06_NG_chg,충전,NG,848,1,1,0,1,24.1091,613.9158
Test06_NG_chg,충전,NG,849,1,1,0,1,12.6826,483.4434
Test06_NG_chg,충전,NG,850,1,1,0,1,12.9208,479.5376
Test06_NG_chg,충전,NG,851,1,1,0,1,13.5351,480.068
Test06_NG_chg,충전,NG,852,1,1,0,1,24.2411,618.9858
Test06_NG_chg,충전,NG,853,1,1,0,1,137.3613,1356.2311
Test07_NG_dchg,방전,NG,0,0,1,1,1,4.3603,37.9346
Test07_NG_dchg,방전,NG,1,0,1,1,1,3.9201,39.0515
Test07_NG_dchg,방전,NG,2,0,1,1,1,3.944,37.4926
Test07_NG_dchg,방전,NG,3,0,1,1,1,3.9473,38.9656
Test07_NG_dchg,방전,NG,4,0,1,1,1,3.6869,39.6591
Test07_NG_dchg,방전,NG,5,0,1,1,1,3.6129,38.2596
Test07_NG_dchg,방전,NG,6,0,1,1,1,3.7621,39.4577
Test07_NG_dchg,방전,NG,7,0,1,1,1,3.9833,37.4069
Test07_NG_dchg,방전,NG,8,0,1,1,1,3.8542,37.7327
Test07_NG_dchg,방전,NG,9,0,1,1,1,4.0286,37.366
Test07_NG_dchg,방전,NG,10,0,1,1,1,3.8054,39.3644
Test07_NG_dchg,방전,NG,11,0,1,1,1,3.8947,39.1179
Test07_NG_dchg,방전,NG,12,0,1,1,1,3.8736,39.158
Test07_NG_dchg,방전,NG,13,0,1,1,1,4.0722,38.7002
Test07_NG_dchg,방전,NG,14,0,1,1,1,3.7294,39.5381
Test07_NG_dchg,방전,NG,15,0,1,1,1,3.7665,37.8948
Test07_NG_dchg,방전,NG,16,0,1,1,1,3.8099,39.3476
Test07_NG_dchg,방전,NG,17,0,1,1,1,3.9324,38.9934
Test07_NG_dchg,방전,NG,18,0,1,1,1,3.9792,38.8822
Test07_NG_dchg,방전,NG,19,0,1,1,1,3.82,39.2915
Test07_NG_dchg,방전,NG,20,0,1,1,1,3.7594,39.4674
Test07_NG_dchg,방전,NG,21,0,1,1,1,3.9447,38.9593
Test07_NG_dchg,방전,NG,22,0,1,1,1,4.1315,38.5408
Test07_NG_dchg,방전,NG,23,0,1,1,1,3.9256,39.0661
Test07_NG_dchg,방전,NG,24,0,1,1,1,4.0892,38.6051
Test07_NG_dchg,방전,NG,25,0,1,1,1,3.9987,38.8361
Test07_NG_dchg,방전,NG,26,0,1,1,1,3.5545,38.411
Test07_NG_dchg,방전,NG,27,0,1,1,1,3.8002,39.3355
Test07_NG_dchg,방전,NG,28,0,1,1,1,3.8726,39.1625
Test07_NG_dchg,방전,NG,29,0,1,1,1,3.8323,39.2795
Test07_NG_dchg,방전,NG,30,0,1,1,1,3.8298,39.265
Test07_NG_dchg,방전,NG,31,0,1,1,1,3.8521,39.2461
Test07_NG_dchg,방전,NG,32,0,1,1,1,3.8421,37.7364
Test07_NG_dchg,방전,NG,33,0,1,1,1,3.6404,39.7761
Test07_NG_dchg,방전,NG,34,0,1,1,1,3.8402,39.2875
Test07_NG_dchg,방전,NG,35,0,1,1,1,3.8349,39.2466
Test07_NG_dchg,방전,NG,36,0,1,1,1,4.0411,38.7598
Test07_NG_dchg,방전,NG,37,0,1,1,1,3.884,39.1131
Test07_NG_dchg,방전,NG,38,0,1,1,1,3.692,39.6105
Test07_NG_dchg,방전,NG,39,0,1,1,1,3.7601,37.9171
Test07_NG_dchg,방전,NG,40,0,1,1,1,3.6975,39.5964
Test07_NG_dchg,방전,NG,41,0,1,1,1,4.1409,37.0565
Test07_NG_dchg,방전,NG,42,0,1,1,1,3.9693,38.8862
Test07_NG_dchg,방전,NG,43,0,1,1,1,4.0694,38.6931
Test07_NG_dchg,방전,NG,44,0,1,1,1,3.8965,39.0599
Test07_NG_dchg,방전,NG,45,0,1,1,1,3.9858,38.8689
Test07_NG_dchg,방전,NG,46,0,1,1,1,4.1736,38.4052
Test07_NG_dchg,방전,NG,47,0,1,1,1,4.0987,38.5525
Test07_NG_dchg,방전,NG,48,0,1,1,1,3.852,39.1656
Test07_NG_dchg,방전,NG,49,0,1,1,1,3.9068,39.0396
Test07_NG_dchg,방전,NG,50,0,1,1,1,3.9414,38.9492
Test07_NG_dchg,방전,NG,51,0,1,1,1,3.6244,38.2126
Test07_NG_dchg,방전,NG,52,0,1,1,1,3.852,37.7012
Test07_NG_dchg,방전,NG,53,0,1,1,1,3.9439,38.9344
Test07_NG_dchg,방전,NG,54,0,1,1,1,3.7712,37.8902
Test07_NG_dchg,방전,NG,55,0,1,1,1,3.8165,37.7554
Test07_NG_dchg,방전,NG,56,0,1,1,1,3.9536,38.9293
Test07_NG_dchg,방전,NG,57,0,1,1,1,4.171,38.4018
Test07_NG_dchg,방전,NG,58,0,1,1,1,4.033,38.7563
Test07_NG_dchg,방전,NG,59,0,1,1,1,3.9687,38.901
Test07_NG_dchg,방전,NG,60,0,1,1,1,3.912,39.0074
Test07_NG_dchg,방전,NG,61,0,1,1,1,3.7324,39.4892
Test07_NG_dchg,방전,NG,62,0,1,1,1,3.7604,37.8832
Test07_NG_dchg,방전,NG,63,0,1,1,1,3.8272,37.7213
Test07_NG_dchg,방전,NG,64,0,1,1,1,3.8748,37.6005
Test07_NG_dchg,방전,NG,65,0,1,1,1,4.1643,38.4023
Test07_NG_dchg,방전,NG,66,0,1,1,1,3.957,37.451
Test07_NG_dchg,방전,NG,67,0,1,1,1,4.1597,38.44
Test07_NG_dchg,방전,NG,68,0,1,1,1,3.7737,39.3549
Test07_NG_dchg,방전,NG,69,0,1,1,1,3.7026,39.5765
Test07_NG_dchg,방전,NG,70,0,1,1,1,3.8633,39.1586
Test07_NG_dchg,방전,NG,71,0,1,1,1,3.8069,37.8309
Test07_NG_dchg,방전,NG,72,0,1,1,1,3.6114,38.2813
Test07_NG_dchg,방전,NG,73,0,1,1,1,3.8373,37.7357
Test07_NG_dchg,방전,NG,74,0,1,1,1,3.6695,38.141
Test07_NG_dchg,방전,NG,75,0,1,1,1,3.6517,39.7002
Test07_NG_dchg,방전,NG,76,0,1,1,1,3.7312,39.5119
Test07_NG_dchg,방전,NG,77,0,1,1,1,4.0142,37.369
Test07_NG_dchg,방전,NG,78,0,1,1,1,3.964,37.4318
Test07_NG_dchg,방전,NG,79,0,1,1,1,3.9326,37.4892
Test07_NG_dchg,방전,NG,80,0,1,1,1,3.9382,37.4636
Test07_NG_dchg,방전,NG,81,0,1,1,1,4.0133,37.2952
Test07_NG_dchg,방전,NG,82,0,1,1,1,4.0083,37.2809
Test07_NG_dchg,방전,NG,83,0,1,1,1,3.7793,39.3391
Test07_NG_dchg,방전,NG,84,0,1,1,1,3.7356,37.9534
Test07_NG_dchg,방전,NG,85,0,1,1,1,3.7357,37.9168
Test07_NG_dchg,방전,NG,86,0,1,1,1,3.8478,37.6517
Test07_NG_dchg,방전,NG,87,0,1,1,1,3.6615,39.6817
Test07_NG_dchg,방전,NG,88,0,1,1,1,3.8036,39.3017
Test07_NG_dchg,방전,NG,89,0,1,1,1,4.042,38.6636
Test07_NG_dchg,방전,NG,90,0,1,1,1,3.9264,37.4708
Test07_NG_dchg,방전,NG,91,0,1,1,1,3.7511,37.9149
Test07_NG_dchg,방전,NG,92,0,1,1,1,3.9576,37.4383
Test07_NG_dchg,방전,NG,93,0,1,1,1,3.6818,38.0591
Test07_NG_dchg,방전,NG,94,0,1,1,1,3.767,37.8772
Test07_NG_dchg,방전,NG,95,0,1,1,1,3.6861,39.61
Test07_NG_dchg,방전,NG,96,0,1,1,1,3.8425,39.177
Test07_NG_dchg,방전,NG,97,0,1,1,1,3.7267,37.9657
Test07_NG_dchg,방전,NG,98,0,1,1,1,3.5513,38.4103
Test07_NG_dchg,방전,NG,99,0,1,1,1,3.9208,37.53
Test07_NG_dchg,방전,NG,100,0,1,1,1,3.7424,39.4871
Test07_NG_dchg,방전,NG,101,0,1,1,1,3.4303,38.7162
Test07_NG_dchg,방전,NG,102,0,1,1,1,3.8185,37.7963
Test07_NG_dchg,방전,NG,103,0,1,1,1,3.7109,38.0137
Test07_NG_dchg,방전,NG,104,0,1,1,1,3.8349,37.7289
Test07_NG_dchg,방전,NG,105,0,1,1,1,3.9862,37.3793
Test07_NG_dchg,방전,NG,106,0,1,1,1,3.7842,37.8161
Test07_NG_dchg,방전,NG,107,0,1,1,1,3.688,38.0528
Test07_NG_dchg,방전,NG,108,0,1,1,1,3.7143,38.0176
Test07_NG_dchg,방전,NG,109,0,1,1,1,3.7644,37.9012
Test07_NG_dchg,방전,NG,110,0,1,1,1,3.6251,38.1936
Test07_NG_dchg,방전,NG,111,0,1,1,1,3.6292,38.1794
Test07_NG_dchg,방전,NG,112,0,1,1,1,3.6846,38.0783
Test07_NG_dchg,방전,NG,113,0,1,1,1,3.7941,37.7855
Test07_NG_dchg,방전,NG,114,0,1,1,1,3.9491,37.423
Test07_NG_dchg,방전,NG,115,0,1,1,1,3.6546,38.1282
Test07_NG_dchg,방전,NG,116,0,1,1,1,3.7609,37.8773
Test07_NG_dchg,방전,NG,117,0,1,1,1,3.5746,38.3154
Test07_NG_dchg,방전,NG,118,0,1,1,1,3.9728,37.3979
Test07_NG_dchg,방전,NG,119,0,1,1,1,3.7847,37.833
Test07_NG_dchg,방전,NG,120,0,1,1,1,3.6256,38.2266
Test07_NG_dchg,방전,NG,121,0,1,1,1,3.7348,37.947
Test07_NG_dchg,방전,NG,122,0,1,1,1,3.5603,38.3752
Test07_NG_dchg,방전,NG,123,0,1,1,1,3.655,38.1345
Test07_NG_dchg,방전,NG,124,0,1,1,1,3.6435,38.1561
Test07_NG_dchg,방전,NG,125,0,1,1,1,3.9202,37.5171
Test07_NG_dchg,방전,NG,126,0,1,1,1,3.452,38.6305
Test07_NG_dchg,방전,NG,127,0,1,1,1,3.9302,37.4894
Test07_NG_dchg,방전,NG,128,0,1,1,1,3.773,37.8407
Test07_NG_dchg,방전,NG,129,0,1,1,1,3.7305,37.9449
Test07_NG_dchg,방전,NG,130,0,1,1,1,3.6342,38.1966
Test07_NG_dchg,방전,NG,131,0,1,1,1,3.6889,38.0674
Test07_NG_dchg,방전,NG,132,0,1,1,1,3.3968,38.7816
Test07_NG_dchg,방전,NG,133,0,1,1,1,3.7598,37.9257
Test07_NG_dchg,방전,NG,134,0,1,1,1,3.8191,37.7576
Test07_NG_dchg,방전,NG,135,0,1,1,1,3.898,37.5477
Test07_NG_dchg,방전,NG,136,0,1,1,1,3.5565,38.3964
Test07_NG_dchg,방전,NG,137,0,1,1,1,3.4967,38.5234
Test07_NG_dchg,방전,NG,138,0,1,1,1,4.1449,37.0676
Test07_NG_dchg,방전,NG,139,0,1,1,1,3.6339,38.1931
Test07_NG_dchg,방전,NG,140,0,1,1,1,3.7205,37.9472
Test07_NG_dchg,방전,NG,141,0,1,1,1,3.6564,38.1377
Test07_NG_dchg,방전,NG,142,0,1,1,1,3.8521,37.6478
Test07_NG_dchg,방전,NG,143,0,1,1,1,3.5214,38.4417
Test07_NG_dchg,방전,NG,144,0,1,1,1,3.8521,37.6545
Test07_NG_dchg,방전,NG,145,0,1,1,1,3.9427,37.4237
Test07_NG_dchg,방전,NG,146,0,1,1,1,3.639,38.1772
Test07_NG_dchg,방전,NG,147,0,1,1,1,3.6291,38.1894
Test07_NG_dchg,방전,NG,148,0,1,1,1,3.6529,38.147
Test07_NG_dchg,방전,NG,149,0,1,1,1,3.9035,37.5453
Test07_NG_dchg,방전,NG,150,0,1,1,1,3.6748,38.0511
Test07_NG_dchg,방전,NG,151,0,1,1,1,3.4681,38.5725
Test07_NG_dchg,방전,NG,152,0,1,1,1,3.7027,38.028
Test07_NG_dchg,방전,NG,153,0,1,1,1,3.5836,38.347
Test07_NG_dchg,방전,NG,154,0,1,1,1,3.5843,38.2952
Test07_NG_dchg,방전,NG,155,0,1,1,1,3.9515,37.4121
Test07_NG_dchg,방전,NG,156,0,1,1,1,3.6194,38.1983
Test07_NG_dchg,방전,NG,157,0,1,1,1,3.7564,37.9026
Test07_NG_dchg,방전,NG,158,0,1,1,1,3.741,37.9674
Test07_NG_dchg,방전,NG,159,0,1,1,1,3.6418,38.1948
Test07_NG_dchg,방전,NG,160,0,1,1,1,3.5062,38.4994
Test07_NG_dchg,방전,NG,161,0,1,1,1,3.6237,38.2004
Test07_NG_dchg,방전,NG,162,0,1,1,1,3.7703,37.8463
Test07_NG_dchg,방전,NG,163,0,1,1,1,3.6444,38.146
Test07_NG_dchg,방전,NG,164,0,1,1,1,3.7198,37.9901
Test07_NG_dchg,방전,NG,165,0,1,1,1,3.7194,38.0112
Test07_NG_dchg,방전,NG,166,0,1,1,1,3.5965,38.2845
Test07_NG_dchg,방전,NG,167,0,1,1,1,3.6319,38.1625
Test07_NG_dchg,방전,NG,168,0,1,1,1,3.6901,38.0413
Test07_NG_dchg,방전,NG,169,0,1,1,1,3.6715,38.1451
Test07_NG_dchg,방전,NG,170,0,1,1,1,3.3726,38.8241
Test07_NG_dchg,방전,NG,171,0,1,1,1,3.5732,38.318
Test07_NG_dchg,방전,NG,172,0,1,1,1,3.8569,37.6544
Test07_NG_dchg,방전,NG,173,0,1,1,1,3.6545,38.1009
Test07_NG_dchg,방전,NG,174,0,1,1,1,3.5859,38.2901
Test07_NG_dchg,방전,NG,175,0,1,1,1,3.6766,38.1025
Test07_NG_dchg,방전,NG,176,0,1,1,1,3.7496,37.9386
Test07_NG_dchg,방전,NG,177,0,1,1,1,3.6627,38.0827
Test07_NG_dchg,방전,NG,178,0,1,1,1,3.6315,38.1789
Test07_NG_dchg,방전,NG,179,0,1,1,1,3.5928,38.2801
Test07_NG_dchg,방전,NG,180,0,1,1,1,3.8833,37.595
Test07_NG_dchg,방전,NG,181,0,1,1,1,3.8577,37.622
Test07_NG_dchg,방전,NG,182,0,1,1,1,3.7437,37.9431
Test07_NG_dchg,방전,NG,183,0,1,1,1,3.6186,38.2012
Test07_NG_dchg,방전,NG,184,0,1,1,1,3.8157,37.7139
Test07_NG_dchg,방전,NG,185,0,1,1,1,3.6391,38.1435
Test07_NG_dchg,방전,NG,186,0,1,1,1,3.8859,37.6226
Test07_NG_dchg,방전,NG,187,0,1,1,1,3.9507,37.4146
Test07_NG_dchg,방전,NG,188,0,1,1,1,3.5263,38.428
Test07_NG_dchg,방전,NG,189,0,1,1,1,3.6685,38.0914
Test07_NG_dchg,방전,NG,190,0,1,1,1,3.7017,38.0139
Test07_NG_dchg,방전,NG,191,0,1,1,1,3.8043,37.8347
Test07_NG_dchg,방전,NG,192,0,1,1,1,3.5982,38.277
Test07_NG_dchg,방전,NG,193,0,1,1,1,3.8842,37.6064
Test07_NG_dchg,방전,NG,194,0,1,1,1,3.4349,38.6607
Test07_NG_dchg,방전,NG,195,0,1,1,1,3.6021,38.2361
Test07_NG_dchg,방전,NG,196,0,1,1,1,3.6801,38.053
Test07_NG_dchg,방전,NG,197,0,1,1,1,3.4164,38.7216
Test07_NG_dchg,방전,NG,198,0,1,1,1,3.5786,38.298
Test07_NG_dchg,방전,NG,199,0,1,1,1,3.5947,38.2815
Test07_NG_dchg,방전,NG,200,0,1,1,1,3.777,37.844
Test07_NG_dchg,방전,NG,201,0,1,1,1,3.6384,38.1779
Test07_NG_dchg,방전,NG,202,0,1,1,1,3.8188,37.7293
Test07_NG_dchg,방전,NG,203,0,1,1,1,3.6387,38.1798
Test07_NG_dchg,방전,NG,204,0,1,1,1,3.7589,37.8611
Test07_NG_dchg,방전,NG,205,0,1,1,1,3.5451,38.4266
Test07_NG_dchg,방전,NG,206,0,1,1,1,3.7154,37.962
Test07_NG_dchg,방전,NG,207,0,1,1,1,3.73,37.9457
Test07_NG_dchg,방전,NG,208,0,1,1,1,3.6244,38.1935
Test07_NG_dchg,방전,NG,209,0,1,1,1,3.6849,38.0371
Test07_NG_dchg,방전,NG,210,0,1,1,1,3.8953,37.5674
Test07_NG_dchg,방전,NG,211,0,1,1,1,3.8615,37.6494
Test07_NG_dchg,방전,NG,212,0,1,1,1,3.8194,37.7643
Test07_NG_dchg,방전,NG,213,0,1,1,1,3.647,38.1154
Test07_NG_dchg,방전,NG,214,0,1,1,1,3.8404,37.6715
Test07_NG_dchg,방전,NG,215,0,1,1,1,3.8869,37.5397
Test07_NG_dchg,방전,NG,216,0,1,1,1,3.5255,38.3914
Test07_NG_dchg,방전,NG,217,0,1,1,1,4.7819,38.2005
Test07_NG_dchg,방전,NG,218,0,1,1,1,2.9183,58.829
Test07_NG_dchg,방전,NG,219,0,1,1,1,3.3972,38.7417
Test07_NG_dchg,방전,NG,220,0,1,1,1,3.6172,38.2008
Test07_NG_dchg,방전,NG,221,0,1,1,1,3.8871,37.5715
Test07_NG_dchg,방전,NG,222,0,1,1,1,3.5937,38.2571
Test07_NG_dchg,방전,NG,223,0,1,1,1,3.5015,38.5168
Test07_NG_dchg,방전,NG,224,0,1,1,1,3.3481,38.9112
Test07_NG_dchg,방전,NG,225,0,1,1,1,3.5284,38.4403
Test07_NG_dchg,방전,NG,226,0,1,1,1,3.6615,38.1194
Test07_NG_dchg,방전,NG,227,0,1,1,1,3.3941,38.7689
Test07_NG_dchg,방전,NG,228,0,1,1,1,3.7462,37.9614
Test07_NG_dchg,방전,NG,229,0,1,1,1,3.4761,38.5423
Test07_NG_dchg,방전,NG,230,0,1,1,1,3.6181,38.231
Test07_NG_dchg,방전,NG,231,0,1,1,1,3.7339,37.9569
Test07_NG_dchg,방전,NG,232,0,1,1,1,3.4385,38.6634
Test07_NG_dchg,방전,NG,233,0,1,1,1,3.5286,38.4328
Test07_NG_dchg,방전,NG,234,0,1,1,1,3.4554,38.679
Test07_NG_dchg,방전,NG,235,0,1,1,1,3.6374,38.2021
Test07_NG_dchg,방전,NG,236,0,1,1,1,3.6209,38.2005
Test07_NG_dchg,방전,NG,237,0,1,1,1,3.303,38.9984
Test07_NG_dchg,방전,NG,238,0,1,1,1,3.6809,38.0589
Test07_NG_dchg,방전,NG,239,0,1,1,1,3.6327,38.1577
Test07_NG_dchg,방전,NG,240,0,1,1,1,5.0147,37.7662
Test07_NG_dchg,방전,NG,241,0,1,1,1,3.1095,58.3844
Test07_NG_dchg,방전,NG,242,0,1,1,1,3.6514,38.1263
Test07_NG_dchg,방전,NG,243,0,1,1,1,3.8016,37.7697
Test07_NG_dchg,방전,NG,244,0,1,1,1,3.5343,38.4328
Test07_NG_dchg,방전,NG,245,0,1,1,1,3.4832,38.5233
Test07_NG_dchg,방전,NG,246,0,1,1,1,3.6004,38.2287
Test07_NG_dchg,방전,NG,247,0,1,1,1,3.6513,38.1079
Test07_NG_dchg,방전,NG,248,0,1,1,1,3.5792,38.273
Test07_NG_dchg,방전,NG,249,0,1,1,1,3.4845,38.4896
Test07_NG_dchg,방전,NG,250,0,1,1,1,3.74,37.9021
Test07_NG_dchg,방전,NG,251,0,1,1,1,3.8116,37.7241
Test07_NG_dchg,방전,NG,252,0,1,1,1,3.5571,38.3505
Test07_NG_dchg,방전,NG,253,0,1,1,1,3.3776,38.8073
Test07_NG_dchg,방전,NG,254,0,1,1,1,3.537,38.3962
Test07_NG_dchg,방전,NG,255,0,1,1,1,3.4846,38.5441
Test07_NG_dchg,방전,NG,256,0,1,1,1,3.7148,37.9742
Test07_NG_dchg,방전,NG,257,0,1,1,1,3.5898,38.2746
Test07_NG_dchg,방전,NG,258,0,1,1,1,3.8928,37.5979
Test07_NG_dchg,방전,NG,259,0,1,1,1,3.6279,38.1885
Test07_NG_dchg,방전,NG,260,0,1,1,1,3.461,38.5803
Test07_NG_dchg,방전,NG,261,0,1,1,1,3.3587,38.8709
Test07_NG_dchg,방전,NG,262,0,1,1,1,3.5809,38.3175
Test07_NG_dchg,방전,NG,263,0,1,1,1,3.5708,38.3127
Test07_NG_dchg,방전,NG,264,0,1,1,1,3.4515,38.6073
Test07_NG_dchg,방전,NG,265,0,1,1,1,3.2882,39.052
Test07_NG_dchg,방전,NG,266,0,1,1,1,3.5163,38.4363
Test07_NG_dchg,방전,NG,267,0,1,1,1,3.5341,38.4108
Test07_NG_dchg,방전,NG,268,0,1,1,1,3.3197,38.9914
Test07_NG_dchg,방전,NG,269,0,1,1,1,3.5249,38.4544
Test07_NG_dchg,방전,NG,270,0,1,1,1,3.504,38.4804
Test07_NG_dchg,방전,NG,271,0,1,1,1,3.5923,38.2968
Test07_NG_dchg,방전,NG,272,0,1,1,1,3.4959,38.5194
Test07_NG_dchg,방전,NG,273,0,1,1,1,3.5531,38.3976
Test07_NG_dchg,방전,NG,274,0,1,1,1,4.7395,38.331
Test07_NG_dchg,방전,NG,275,0,1,1,1,2.8114,59.2319
Test07_NG_dchg,방전,NG,276,0,1,1,1,3.7447,37.9576
Test07_NG_dchg,방전,NG,277,0,1,1,1,3.5126,38.449
Test07_NG_dchg,방전,NG,278,0,1,1,1,4.9115,38.0046
Test07_NG_dchg,방전,NG,279,0,1,1,1,2.5892,59.9414
Test07_NG_dchg,방전,NG,280,0,1,1,1,3.5732,38.3126
Test07_NG_dchg,방전,NG,281,0,1,1,1,4.9016,37.9763
Test07_NG_dchg,방전,NG,282,0,1,1,1,2.7251,59.4388
Test07_NG_dchg,방전,NG,283,0,1,1,1,3.5247,38.4211
Test07_NG_dchg,방전,NG,284,0,1,1,1,3.7062,38.0315
Test07_NG_dchg,방전,NG,285,0,1,1,1,3.697,38.0102
Test07_NG_dchg,방전,NG,286,0,1,1,1,3.7738,37.8554
Test07_NG_dchg,방전,NG,287,0,1,1,1,4.7708,38.2229
Test07_NG_dchg,방전,NG,288,0,1,1,1,2.6706,59.609
Test07_NG_dchg,방전,NG,289,0,1,1,1,3.5643,38.3095
Test07_NG_dchg,방전,NG,290,0,1,1,1,3.6711,38.0583
Test07_NG_dchg,방전,NG,291,0,1,1,1,3.2459,39.1344
Test07_NG_dchg,방전,NG,292,0,1,1,1,4.6118,38.5555
Test07_NG_dchg,방전,NG,293,0,1,1,1,3.4546,40.174
Test07_NG_dchg,방전,NG,294,0,1,1,1,2.7371,59.4703
Test07_NG_dchg,방전,NG,295,0,1,1,1,4.6552,38.4963
Test07_NG_dchg,방전,NG,296,0,1,1,1,2.7723,59.2615
Test07_NG_dchg,방전,NG,297,0,1,1,1,4.6051,38.599
Test07_NG_dchg,방전,NG,298,0,1,1,1,2.7307,59.3881
Test07_NG_dchg,방전,NG,299,0,1,1,1,4.6773,38.4249
Test07_NG_dchg,방전,NG,300,0,1,1,1,3.7662,39.4193
Test07_NG_dchg,방전,NG,301,0,1,1,1,2.7495,59.4091
Test07_NG_dchg,방전,NG,302,0,1,1,1,4.6786,38.4684
Test07_NG_dchg,방전,NG,303,0,1,1,1,3.4645,40.199
Test07_NG_dchg,방전,NG,304,0,1,1,1,3.8272,39.2399
Test07_NG_dchg,방전,NG,305,0,1,1,1,2.6173,59.7464
Test07_NG_dchg,방전,NG,306,0,1,1,1,4.9653,37.8301
Test07_NG_dchg,방전,NG,307,0,1,1,1,2.6037,59.8281
Test07_NG_dchg,방전,NG,308,0,1,1,1,4.639,38.5184
Test07_NG_dchg,방전,NG,309,0,1,1,1,2.4892,60.2278
Test07_NG_dchg,방전,NG,310,0,1,1,1,4.7,38.3627
Test07_NG_dchg,방전,NG,311,0,1,1,1,2.5706,59.8989
Test07_NG_dchg,방전,NG,312,0,1,1,1,3.6539,38.0901
Test07_NG_dchg,방전,NG,313,0,1,1,1,4.6573,38.4709
Test07_NG_dchg,방전,NG,314,0,1,1,1,2.8558,59.1045
Test07_NG_dchg,방전,NG,315,0,1,1,1,4.2844,39.3194
Test07_NG_dchg,방전,NG,316,0,1,1,1,3.6529,39.677
Test07_NG_dchg,방전,NG,317,0,1,1,1,2.875,59.0221
Test07_NG_dchg,방전,NG,318,0,1,1,1,3.4829,38.5389
Test07_NG_dchg,방전,NG,319,0,1,1,1,4.5845,38.6632
Test07_NG_dchg,방전,NG,320,0,1,1,1,3.5718,39.9151
Test07_NG_dchg,방전,NG,321,0,1,1,1,2.8236,59.1725
Test07_NG_dchg,방전,NG,322,0,1,1,1,3.9462,37.4243
Test07_NG_dchg,방전,NG,323,0,1,1,1,4.6796,38.4323
Test07_NG_dchg,방전,NG,324,0,1,1,1,2.8319,59.1445
Test07_NG_dchg,방전,NG,325,0,1,1,1,4.7539,38.294
Test07_NG_dchg,방전,NG,326,0,1,1,1,3.5248,39.9725
Test07_NG_dchg,방전,NG,327,0,1,1,1,2.4581,60.2827
Test07_NG_dchg,방전,NG,328,0,1,1,1,3.2491,39.1343
Test07_NG_dchg,방전,NG,329,0,1,1,1,4.5399,38.76
Test07_NG_dchg,방전,NG,330,0,1,1,1,2.8603,59.0685
Test07_NG_dchg,방전,NG,331,0,1,1,1,3.6284,38.1808
Test07_NG_dchg,방전,NG,332,0,1,1,1,4.9417,37.9014
Test07_NG_dchg,방전,NG,333,0,1,1,1,2.7935,59.2285
Test07_NG_dchg,방전,NG,334,0,1,1,1,3.7159,37.9647
Test07_NG_dchg,방전,NG,335,0,1,1,1,4.8663,38.0472
Test07_NG_dchg,방전,NG,336,0,1,1,1,3.4307,40.2613
Test07_NG_dchg,방전,NG,337,0,1,1,1,3.7106,39.4794
Test07_NG_dchg,방전,NG,338,0,1,1,1,3.5657,39.8928
Test07_NG_dchg,방전,NG,339,0,1,1,1,3.5127,40.011
Test07_NG_dchg,방전,NG,340,0,1,1,1,3.7606,39.3796
Test07_NG_dchg,방전,NG,341,0,1,1,1,4.0062,38.7462
Test07_NG_dchg,방전,NG,342,0,1,1,1,3.7334,39.4366
Test07_NG_dchg,방전,NG,343,0,1,1,1,2.6218,59.7714
Test07_NG_dchg,방전,NG,344,0,1,1,1,3.8428,37.7002
Test07_NG_dchg,방전,NG,345,0,1,1,1,4.7207,38.3072
Test07_NG_dchg,방전,NG,346,0,1,1,1,2.7332,59.3732
Test07_NG_dchg,방전,NG,347,0,1,1,1,4.6045,38.5706
Test07_NG_dchg,방전,NG,348,0,1,1,1,3.7617,39.3156
Test07_NG_dchg,방전,NG,349,0,1,1,1,2.6662,59.566
Test07_NG_dchg,방전,NG,350,0,1,1,1,3.6958,37.9864
Test07_NG_dchg,방전,NG,351,0,1,1,1,4.4671,38.8772
Test07_NG_dchg,방전,NG,352,0,1,1,1,3.5167,40.0092
Test07_NG_dchg,방전,NG,353,0,1,1,1,3.7849,39.2902
Test07_NG_dchg,방전,NG,354,0,1,1,1,3.7755,39.3626
Test07_NG_dchg,방전,NG,355,0,1,1,1,3.6667,39.643
Test07_NG_dchg,방전,NG,356,0,1,1,1,2.7158,59.4523
Test07_NG_dchg,방전,NG,357,0,1,1,1,4.8542,38.0628
Test07_NG_dchg,방전,NG,358,0,1,1,1,3.8305,39.1904
Test07_NG_dchg,방전,NG,359,0,1,1,1,3.551,39.8981
Test07_NG_dchg,방전,NG,360,0,1,1,1,3.7619,39.3396
Test07_NG_dchg,방전,NG,361,0,1,1,1,3.3003,40.607
Test07_NG_dchg,방전,NG,362,0,1,1,1,3.7298,39.4379
Test07_NG_dchg,방전,NG,363,0,1,1,1,3.637,39.7577
Test07_NG_dchg,방전,NG,364,0,1,1,1,3.8156,39.2723
Test07_NG_dchg,방전,NG,365,0,1,1,1,3.6238,39.7713
Test07_NG_dchg,방전,NG,366,0,1,1,1,3.5368,39.9646
Test07_NG_dchg,방전,NG,367,0,1,1,1,3.6373,39.6934
Test07_NG_dchg,방전,NG,368,0,1,1,1,2.5628,59.9087
Test07_NG_dchg,방전,NG,369,0,1,1,1,4.7628,38.2493
Test07_NG_dchg,방전,NG,370,0,1,1,1,3.4067,40.302
Test07_NG_dchg,방전,NG,371,0,1,1,1,3.5671,39.8352
Test07_NG_dchg,방전,NG,372,0,1,1,1,3.2778,40.6657
Test07_NG_dchg,방전,NG,373,0,1,1,1,3.5135,40.0197
Test07_NG_dchg,방전,NG,374,0,1,1,1,3.5167,40.0276
Test07_NG_dchg,방전,NG,375,0,1,1,1,3.4415,40.2375
Test07_NG_dchg,방전,NG,376,0,1,1,1,2.4669,60.2189
Test07_NG_dchg,방전,NG,377,0,1,1,1,4.5988,38.6782
Test07_NG_dchg,방전,NG,378,0,1,1,1,3.7451,39.4418
Test07_NG_dchg,방전,NG,379,0,1,1,1,3.4828,40.1018
Test07_NG_dchg,방전,NG,380,0,1,1,1,3.819,39.2277
Test07_NG_dchg,방전,NG,381,0,1,1,1,3.5007,40.0737
Test07_NG_dchg,방전,NG,382,0,1,1,1,3.6112,39.7613
Test07_NG_dchg,방전,NG,383,0,1,1,1,3.4867,40.0695
Test07_NG_dchg,방전,NG,384,0,1,1,1,3.6146,39.7298
Test07_NG_dchg,방전,NG,385,0,1,1,1,3.6935,39.5254
Test07_NG_dchg,방전,NG,386,0,1,1,1,4.0783,38.6079
Test07_NG_dchg,방전,NG,387,0,1,1,1,3.4318,40.2079
Test07_NG_dchg,방전,NG,388,0,1,1,1,3.5559,39.9209
Test07_NG_dchg,방전,NG,389,0,1,1,1,3.4254,40.2378
Test07_NG_dchg,방전,NG,390,0,1,1,1,2.7561,59.3093
Test07_NG_dchg,방전,NG,391,0,1,1,1,4.7705,38.2268
Test07_NG_dchg,방전,NG,392,0,1,1,1,3.4267,40.2625
Test07_NG_dchg,방전,NG,393,0,1,1,1,3.6816,39.5732
Test07_NG_dchg,방전,NG,394,0,1,1,1,3.8077,39.2517
Test07_NG_dchg,방전,NG,395,0,1,1,1,3.6774,39.5709
Test07_NG_dchg,방전,NG,396,0,1,1,1,3.6715,39.5717
Test07_NG_dchg,방전,NG,397,0,1,1,1,2.7543,59.3587
Test07_NG_dchg,방전,NG,398,0,1,1,1,4.5852,38.6125
Test07_NG_dchg,방전,NG,399,0,1,1,1,3.4171,40.2356
Test07_NG_dchg,방전,NG,400,0,1,1,1,3.613,39.7438
Test07_NG_dchg,방전,NG,401,0,1,1,1,3.5904,39.7686
Test07_NG_dchg,방전,NG,402,0,1,1,1,3.6526,39.6315
Test07_NG_dchg,방전,NG,403,0,1,1,1,3.6337,39.6424
Test07_NG_dchg,방전,NG,404,0,1,1,1,3.6888,39.5568
Test07_NG_dchg,방전,NG,405,0,1,1,1,3.6828,39.5473
Test07_NG_dchg,방전,NG,406,0,1,1,1,3.7189,39.4534
Test07_NG_dchg,방전,NG,407,0,1,1,1,3.5618,39.8909
Test07_NG_dchg,방전,NG,408,0,1,1,1,3.662,39.6235
Test07_NG_dchg,방전,NG,409,0,1,1,1,3.734,39.4338
Test07_NG_dchg,방전,NG,410,0,1,1,1,3.2803,40.6359
Test07_NG_dchg,방전,NG,411,0,1,1,1,3.7859,39.2759
Test07_NG_dchg,방전,NG,412,0,1,1,1,3.49,40.0586
Test07_NG_dchg,방전,NG,413,0,1,1,1,3.6158,39.736
Test07_NG_dchg,방전,NG,414,0,1,1,1,3.6697,39.57
Test07_NG_dchg,방전,NG,415,0,1,1,1,3.6842,39.5319
Test07_NG_dchg,방전,NG,416,0,1,1,1,3.666,39.6075
Test07_NG_dchg,방전,NG,417,0,1,1,1,3.6516,39.6146
Test07_NG_dchg,방전,NG,418,0,1,1,1,3.5587,39.8864
Test07_NG_dchg,방전,NG,419,0,1,1,1,3.5736,39.8239
Test07_NG_dchg,방전,NG,420,0,1,1,1,3.4402,40.1949
Test07_NG_dchg,방전,NG,421,0,1,1,1,3.3442,40.5013
Test07_NG_dchg,방전,NG,422,0,1,1,1,3.5882,39.8106
Test07_NG_dchg,방전,NG,423,0,1,1,1,3.3902,40.3395
Test07_NG_dchg,방전,NG,424,0,1,1,1,3.6242,39.6874
Test07_NG_dchg,방전,NG,425,0,1,1,1,3.6389,39.7019
Test07_NG_dchg,방전,NG,426,0,1,1,1,3.671,39.5656
Test07_NG_dchg,방전,NG,427,0,1,1,1,3.6004,39.763
Test07_NG_dchg,방전,NG,428,0,1,1,1,3.5977,39.7526
Test07_NG_dchg,방전,NG,429,0,1,1,1,3.4726,40.1158
Test07_NG_dchg,방전,NG,430,0,1,1,1,3.6633,39.6037
Test07_NG_dchg,방전,NG,431,0,1,1,1,3.3655,40.3824
Test07_NG_dchg,방전,NG,432,0,1,1,1,3.7024,39.5103
Test07_NG_dchg,방전,NG,433,0,1,1,1,3.6831,39.5187
Test07_NG_dchg,방전,NG,434,0,1,1,1,3.4,40.3147
Test07_NG_dchg,방전,NG,435,0,1,1,1,3.7456,39.4534
Test07_NG_dchg,방전,NG,436,0,1,1,1,3.3222,40.5076
Test07_NG_dchg,방전,NG,437,0,1,1,1,3.5442,39.9343
Test07_NG_dchg,방전,NG,438,0,1,1,1,3.6864,39.5423
Test07_NG_dchg,방전,NG,439,0,1,1,1,3.5434,39.957
Test07_NG_dchg,방전,NG,440,0,1,1,1,3.4129,40.2632
Test07_NG_dchg,방전,NG,441,0,1,1,1,3.5225,39.9769
Test07_NG_dchg,방전,NG,442,0,1,1,1,3.1817,40.944
Test07_NG_dchg,방전,NG,443,0,1,1,1,3.5937,39.7548
Test07_NG_dchg,방전,NG,444,0,1,1,1,3.5485,39.9166
Test07_NG_dchg,방전,NG,445,0,1,1,1,3.5538,39.8891
Test07_NG_dchg,방전,NG,446,0,1,1,1,3.3828,40.3991
Test07_NG_dchg,방전,NG,447,0,1,1,1,3.6236,39.7279
Test07_NG_dchg,방전,NG,448,0,1,1,1,3.8289,39.1379
Test07_NG_dchg,방전,NG,449,0,1,1,1,3.5972,39.7519
Test07_NG_dchg,방전,NG,450,0,1,1,1,3.7378,39.4001
Test07_NG_dchg,방전,NG,451,0,1,1,1,3.4752,40.1332
Test07_NG_dchg,방전,NG,452,0,1,1,1,3.6102,39.7791
Test07_NG_dchg,방전,NG,453,0,1,1,1,3.4266,40.243
Test07_NG_dchg,방전,NG,454,0,1,1,1,3.488,40.064
Test07_NG_dchg,방전,NG,455,0,1,1,1,3.7612,39.353
Test07_NG_dchg,방전,NG,456,0,1,1,1,3.2437,40.735
Test07_NG_dchg,방전,NG,457,0,1,1,1,3.3461,40.4393
Test07_NG_dchg,방전,NG,458,0,1,1,1,3.5754,39.8366
Test07_NG_dchg,방전,NG,459,0,1,1,1,3.547,39.9022
Test07_NG_dchg,방전,NG,460,0,1,1,1,3.5205,39.966
Test07_NG_dchg,방전,NG,461,0,1,1,1,3.3205,40.5405
Test07_NG_dchg,방전,NG,462,0,1,1,1,3.5795,39.8194
Test07_NG_dchg,방전,NG,463,0,1,1,1,3.3304,40.4905
Test07_NG_dchg,방전,NG,464,0,1,1,1,3.5378,39.9165
Test07_NG_dchg,방전,NG,465,0,1,1,1,3.4179,40.2597
Test07_NG_dchg,방전,NG,466,0,1,1,1,3.5663,39.8797
Test07_NG_dchg,방전,NG,467,0,1,1,1,3.548,39.8837
Test07_NG_dchg,방전,NG,468,0,1,1,1,3.3857,40.3333
Test07_NG_dchg,방전,NG,469,0,1,1,1,3.5266,39.9241
Test07_NG_dchg,방전,NG,470,0,1,1,1,3.3612,40.4086
Test07_NG_dchg,방전,NG,471,0,1,1,1,3.73,39.4324
Test07_NG_dchg,방전,NG,472,0,1,1,1,3.5603,39.8281
Test07_NG_dchg,방전,NG,473,0,1,1,1,3.3763,40.3954
Test07_NG_dchg,방전,NG,474,0,1,1,1,3.4196,40.2379
Test07_NG_dchg,방전,NG,475,0,1,1,1,3.4213,40.2571
Test07_NG_dchg,방전,NG,476,0,1,1,1,3.4577,40.1491
Test07_NG_dchg,방전,NG,477,0,1,1,1,3.673,39.6048
Test07_NG_dchg,방전,NG,478,0,1,1,1,3.717,39.4547
Test07_NG_dchg,방전,NG,479,0,1,1,1,3.347,40.4366
Test07_NG_dchg,방전,NG,480,0,1,1,1,3.6774,39.5581
Test07_NG_dchg,방전,NG,481,0,1,1,1,3.3742,40.4016
Test07_NG_dchg,방전,NG,482,0,1,1,1,3.5553,39.904
Test07_NG_dchg,방전,NG,483,0,1,1,1,3.5615,39.8623
Test07_NG_dchg,방전,NG,484,0,1,1,1,3.3368,40.4928
Test07_NG_dchg,방전,NG,485,0,1,1,1,3.405,40.3264
Test07_NG_dchg,방전,NG,486,0,1,1,1,3.6195,39.7265
Test07_NG_dchg,방전,NG,487,0,1,1,1,3.5715,39.8793
Test07_NG_dchg,방전,NG,488,0,1,1,1,3.3128,40.5745
Test07_NG_dchg,방전,NG,489,0,1,1,1,3.3702,40.3814
Test07_NG_dchg,방전,NG,490,0,1,1,1,3.3942,40.3101
Test07_NG_dchg,방전,NG,491,0,1,1,1,3.8592,39.0753
Test07_NG_dchg,방전,NG,492,0,1,1,1,3.5344,39.9013
Test07_NG_dchg,방전,NG,493,0,1,1,1,3.6982,39.4986
Test07_NG_dchg,방전,NG,494,0,1,1,1,3.5656,39.8351
Test07_NG_dchg,방전,NG,495,0,1,1,1,3.2521,40.7093
Test07_NG_dchg,방전,NG,496,0,1,1,1,3.8313,39.1488
Test07_NG_dchg,방전,NG,497,0,1,1,1,3.5583,39.8847
Test07_NG_dchg,방전,NG,498,0,1,1,1,3.4845,40.1124
Test07_NG_dchg,방전,NG,499,0,1,1,1,3.4852,40.0777
Test07_NG_dchg,방전,NG,500,0,1,1,1,3.5415,39.9219
Test07_NG_dchg,방전,NG,501,0,1,1,1,3.6069,39.7371
Test07_NG_dchg,방전,NG,502,0,1,1,1,3.5714,39.8777
Test07_NG_dchg,방전,NG,503,0,1,1,1,3.615,39.7336
Test07_NG_dchg,방전,NG,504,0,1,1,1,3.3326,40.4878
Test07_NG_dchg,방전,NG,505,0,1,1,1,3.4763,40.1269
Test07_NG_dchg,방전,NG,506,0,1,1,1,3.5074,40.0388
Test07_NG_dchg,방전,NG,507,0,1,1,1,3.7451,39.4151
Test07_NG_dchg,방전,NG,508,0,1,1,1,3.4984,40.0102
Test07_NG_dchg,방전,NG,509,0,1,1,1,3.718,39.4865
Test07_NG_dchg,방전,NG,510,0,1,1,1,3.7623,39.3936
Test07_NG_dchg,방전,NG,511,0,1,1,1,3.537,39.918
Test07_NG_dchg,방전,NG,512,0,1,1,1,3.3258,40.4985
Test07_NG_dchg,방전,NG,513,0,1,1,1,3.7625,39.3447
Test07_NG_dchg,방전,NG,514,0,1,1,1,3.255,40.6676
Test07_NG_dchg,방전,NG,515,0,1,1,1,3.3547,40.4116
Test07_NG_dchg,방전,NG,516,0,1,1,1,3.2996,40.5863
Test07_NG_dchg,방전,NG,517,0,1,1,1,3.5669,39.8401
Test07_NG_dchg,방전,NG,518,0,1,1,1,3.5401,39.9264
Test07_NG_dchg,방전,NG,519,0,1,1,1,3.6242,39.6888
Test07_NG_dchg,방전,NG,520,0,1,1,1,3.3307,40.5393
Test07_NG_dchg,방전,NG,521,0,1,1,1,3.4787,40.1081
Test07_NG_dchg,방전,NG,522,0,1,1,1,3.6147,39.7028
Test07_NG_dchg,방전,NG,523,0,1,1,1,3.6122,39.727
Test07_NG_dchg,방전,NG,524,0,1,1,1,3.2184,40.8277
Test07_NG_dchg,방전,NG,525,0,1,1,1,3.6266,39.7037
Test07_NG_dchg,방전,NG,526,0,1,1,1,3.595,39.8044
Test07_NG_dchg,방전,NG,527,0,1,1,1,3.6066,39.765
Test07_NG_dchg,방전,NG,528,0,1,1,1,3.4713,40.118
Test07_NG_dchg,방전,NG,529,0,1,1,1,3.6738,39.5693
Test07_NG_dchg,방전,NG,530,0,1,1,1,3.3052,40.6247
Test07_NG_dchg,방전,NG,531,0,1,1,1,3.7046,39.4776
Test07_NG_dchg,방전,NG,532,0,1,1,1,3.5702,39.8483
Test07_NG_dchg,방전,NG,533,0,1,1,1,3.5465,39.8963
Test07_NG_dchg,방전,NG,534,0,1,1,1,3.5081,40.1448
Test07_NG_dchg,방전,NG,535,0,1,1,1,3.8929,39.0007
Test07_NG_dchg,방전,NG,536,0,1,1,1,3.632,39.7236
Test07_NG_dchg,방전,NG,537,0,1,1,1,3.6328,39.6552
Test07_NG_dchg,방전,NG,538,0,1,1,1,3.6957,39.5388
Test07_NG_dchg,방전,NG,539,0,1,1,1,3.3544,40.4463
Test07_NG_dchg,방전,NG,540,0,1,1,1,3.2359,40.7925
Test07_NG_dchg,방전,NG,541,0,1,1,1,3.6291,39.7124
Test07_NG_dchg,방전,NG,542,0,1,1,1,3.583,39.8175
Test07_NG_dchg,방전,NG,543,0,1,1,1,3.3417,40.4567
Test07_NG_dchg,방전,NG,544,0,1,1,1,3.5559,39.891
Test07_NG_dchg,방전,NG,545,0,1,1,1,3.6209,39.7447
Test07_NG_dchg,방전,NG,546,0,1,1,1,3.6894,39.5699
Test07_NG_dchg,방전,NG,547,0,1,1,1,3.5237,39.9719
Test07_NG_dchg,방전,NG,548,0,1,1,1,3.5687,39.8874
Test07_NG_dchg,방전,NG,549,0,1,1,1,3.7263,39.4448
Test07_NG_dchg,방전,NG,550,0,1,1,1,3.5196,39.9896
Test07_NG_dchg,방전,NG,551,0,1,1,1,3.5024,40.0457
Test07_NG_dchg,방전,NG,552,0,1,1,1,3.4163,40.2665
Test07_NG_dchg,방전,NG,553,0,1,1,1,3.6584,39.5933
Test07_NG_dchg,방전,NG,554,0,1,1,1,3.7311,39.4578
Test07_NG_dchg,방전,NG,555,0,1,1,1,3.4741,40.1389
Test07_NG_dchg,방전,NG,556,0,1,1,1,3.3338,40.494
Test07_NG_dchg,방전,NG,557,0,1,1,1,3.6402,39.6745
Test07_NG_dchg,방전,NG,558,0,1,1,1,3.6103,39.7212
Test07_NG_dchg,방전,NG,559,0,1,1,1,3.4325,40.2768
Test07_NG_dchg,방전,NG,560,0,1,1,1,3.6167,39.7663
Test07_NG_dchg,방전,NG,561,0,1,1,1,3.5471,39.9463
Test07_NG_dchg,방전,NG,562,0,1,1,1,3.6651,39.6016
Test07_NG_dchg,방전,NG,563,0,1,1,1,3.7588,39.3404
Test07_NG_dchg,방전,NG,564,0,1,1,1,3.6246,39.7388
Test07_NG_dchg,방전,NG,565,0,1,1,1,3.6456,39.6784
Test07_NG_dchg,방전,NG,566,0,1,1,1,3.4556,40.1904
Test07_NG_dchg,방전,NG,567,0,1,1,1,3.3757,40.3933
Test07_NG_dchg,방전,NG,568,0,1,1,1,3.6269,39.682
Test07_NG_dchg,방전,NG,569,0,1,1,1,3.7591,39.34
Test07_NG_dchg,방전,NG,570,0,1,1,1,3.7842,39.2939
Test07_NG_dchg,방전,NG,571,0,1,1,1,3.7435,39.4026
Test07_NG_dchg,방전,NG,572,0,1,1,1,3.4862,40.098
Test07_NG_dchg,방전,NG,573,0,1,1,1,3.7486,39.4335
Test07_NG_dchg,방전,NG,574,0,1,1,1,3.7747,39.315
Test07_NG_dchg,방전,NG,575,0,1,1,1,3.4585,40.2031
Test07_NG_dchg,방전,NG,576,0,1,1,1,3.6786,39.5865
Test07_NG_dchg,방전,NG,577,0,1,1,1,3.6583,39.6221
Test07_NG_dchg,방전,NG,578,0,1,1,1,3.6955,39.5254
Test07_NG_dchg,방전,NG,579,0,1,1,1,3.544,39.9155
Test07_NG_dchg,방전,NG,580,0,1,1,1,3.7532,39.368
Test07_NG_dchg,방전,NG,581,0,1,1,1,3.7262,39.3949
Test07_NG_dchg,방전,NG,582,0,1,1,1,3.7729,39.3131
Test07_NG_dchg,방전,NG,583,0,1,1,1,3.483,40.072
Test07_NG_dchg,방전,NG,584,0,1,1,1,3.925,38.9385
Test07_NG_dchg,방전,NG,585,0,1,1,1,3.7346,39.4521
Test07_NG_dchg,방전,NG,586,0,1,1,1,3.7321,39.4461
Test07_NG_dchg,방전,NG,587,0,1,1,1,3.6992,39.5288
Test07_NG_dchg,방전,NG,588,0,1,1,1,3.6816,39.5576
Test07_NG_dchg,방전,NG,589,0,1,1,1,3.7043,39.5158
Test07_NG_dchg,방전,NG,590,0,1,1,1,3.5933,39.7963
Test07_NG_dchg,방전,NG,591,0,1,1,1,3.6451,39.6259
Test07_NG_dchg,방전,NG,592,0,1,1,1,3.6866,39.5485
Test07_NG_dchg,방전,NG,593,0,1,1,1,3.5009,40.0382
Test07_NG_dchg,방전,NG,594,0,1,1,1,3.6528,39.624
Test07_NG_dchg,방전,NG,595,0,1,1,1,3.5809,39.7867
Test07_NG_dchg,방전,NG,596,0,1,1,1,3.6016,39.7683
Test07_NG_dchg,방전,NG,597,0,1,1,1,3.8204,39.2357
Test07_NG_dchg,방전,NG,598,0,1,1,1,3.6114,39.7692
Test07_NG_dchg,방전,NG,599,0,1,1,1,3.553,39.9155
Test07_NG_dchg,방전,NG,600,0,1,1,1,3.7079,39.5031
Test07_NG_dchg,방전,NG,601,0,1,1,1,3.7322,39.4435
Test07_NG_dchg,방전,NG,602,0,1,1,1,3.3855,40.3715
Test07_NG_dchg,방전,NG,603,0,1,1,1,3.4249,40.2969
Test07_NG_dchg,방전,NG,604,0,1,1,1,3.6086,39.7644
Test07_NG_dchg,방전,NG,605,0,1,1,1,3.6919,39.5263
Test07_NG_dchg,방전,NG,606,0,1,1,1,3.4734,40.1105
Test07_NG_dchg,방전,NG,607,0,1,1,1,3.7607,39.3974
Test07_NG_dchg,방전,NG,608,0,1,1,1,3.4448,40.2466
Test07_NG_dchg,방전,NG,609,0,1,1,1,3.7445,39.3916
Test07_NG_dchg,방전,NG,610,0,1,1,1,3.6649,39.6531
Test07_NG_dchg,방전,NG,611,0,1,1,1,3.8218,39.247
Test07_NG_dchg,방전,NG,612,0,1,1,1,3.5911,39.846
Test07_NG_dchg,방전,NG,613,0,1,1,1,3.857,39.1145
Test07_NG_dchg,방전,NG,614,0,1,1,1,3.3432,40.5286
Test07_NG_dchg,방전,NG,615,0,1,1,1,3.6116,39.8054
Test07_NG_dchg,방전,NG,616,0,1,1,1,3.4791,40.1388
Test07_NG_dchg,방전,NG,617,0,1,1,1,3.722,39.5135
Test07_NG_dchg,방전,NG,618,0,1,1,1,3.7251,39.457
Test07_NG_dchg,방전,NG,619,0,1,1,1,3.623,39.7635
Test07_NG_dchg,방전,NG,620,0,1,1,1,3.3569,40.5052
Test07_NG_dchg,방전,NG,621,0,1,1,1,3.7113,39.5135
Test07_NG_dchg,방전,NG,622,0,1,1,1,3.6968,39.5575
Test07_NG_dchg,방전,NG,623,0,1,1,1,3.5218,40.0308
Test07_NG_dchg,방전,NG,624,0,1,1,1,3.4173,40.3064
Test07_NG_dchg,방전,NG,625,0,1,1,1,3.5321,40.0046
Test07_NG_dchg,방전,NG,626,0,1,1,1,3.6225,39.7505
Test07_NG_dchg,방전,NG,627,0,1,1,1,3.5967,39.8446
Test07_NG_dchg,방전,NG,628,0,1,1,1,3.7785,39.3921
Test07_NG_dchg,방전,NG,629,0,1,1,1,3.9288,38.9645
Test07_NG_dchg,방전,NG,630,0,1,1,1,3.7703,39.3563
Test07_NG_dchg,방전,NG,631,0,1,1,1,3.6174,39.7535
Test07_NG_dchg,방전,NG,632,0,1,1,1,3.1662,41.0778
Test07_NG_dchg,방전,NG,633,0,1,1,1,3.6894,39.6963
Test07_NG_dchg,방전,NG,634,0,1,1,1,3.5739,39.9397
Test07_NG_dchg,방전,NG,635,0,1,1,1,3.5605,39.9092
Test07_NG_dchg,방전,NG,636,0,1,1,1,3.5451,39.9719
Test07_NG_dchg,방전,NG,637,0,1,1,1,3.5527,39.9762
Test07_NG_dchg,방전,NG,638,0,1,1,1,3.4339,38.7134
Test07_NG_dchg,방전,NG,639,0,1,1,1,3.3591,38.8675
Test07_NG_dchg,방전,NG,640,0,1,1,1,3.7063,39.5409
Test07_NG_dchg,방전,NG,641,0,1,1,1,3.4224,40.2938
Test07_NG_dchg,방전,NG,642,0,1,1,1,3.4456,40.2449
Test07_NG_dchg,방전,NG,643,0,1,1,1,3.619,39.7663
Test07_NG_dchg,방전,NG,644,0,1,1,1,3.859,39.1893
Test07_NG_dchg,방전,NG,645,0,1,1,1,3.7668,39.398
Test07_NG_dchg,방전,NG,646,0,1,1,1,3.3932,40.3982
Test07_NG_dchg,방전,NG,647,0,1,1,1,3.6439,39.6899
Test07_NG_dchg,방전,NG,648,0,1,1,1,3.7036,39.6083
Test07_NG_dchg,방전,NG,649,0,1,1,1,3.7587,39.4345
Test07_NG_dchg,방전,NG,650,0,1,1,1,3.7465,39.4767
Test07_NG_dchg,방전,NG,651,0,1,1,1,3.9659,38.9199
Test07_NG_dchg,방전,NG,652,0,1,1,1,3.6302,39.7833
Test07_NG_dchg,방전,NG,653,0,1,1,1,3.6821,39.5749
Test07_NG_dchg,방전,NG,654,0,1,1,1,3.6595,39.6769
Test07_NG_dchg,방전,NG,655,0,1,1,1,3.6753,39.687
Test07_NG_dchg,방전,NG,656,0,1,1,1,3.4661,38.6252
Test07_NG_dchg,방전,NG,657,0,1,1,1,3.7588,39.3957
Test07_NG_dchg,방전,NG,658,0,1,1,1,3.8602,39.1144
Test07_NG_dchg,방전,NG,659,0,1,1,1,3.6894,39.6023
Test07_NG_dchg,방전,NG,660,0,1,1,1,3.7128,39.5384
Test07_NG_dchg,방전,NG,661,0,1,1,1,3.475,40.1495
Test07_NG_dchg,방전,NG,662,0,1,1,1,3.5709,39.9047
Test07_NG_dchg,방전,NG,663,0,1,1,1,3.7532,39.419
Test07_NG_dchg,방전,NG,664,0,1,1,1,3.605,39.8441
Test07_NG_dchg,방전,NG,665,0,1,1,1,3.5431,39.9899
Test07_NG_dchg,방전,NG,666,0,1,1,1,3.6983,39.5997
Test07_NG_dchg,방전,NG,667,0,1,1,1,3.626,39.8411
Test07_NG_dchg,방전,NG,668,0,1,1,1,3.7846,39.3764
Test07_NG_dchg,방전,NG,669,0,1,1,1,3.6476,39.7262
Test07_NG_dchg,방전,NG,670,0,1,1,1,3.7962,39.3464
Test07_NG_dchg,방전,NG,671,0,1,1,1,3.5892,39.8975
Test07_NG_dchg,방전,NG,672,0,1,1,1,3.6376,39.7459
Test07_NG_dchg,방전,NG,673,0,1,1,1,3.5571,39.9701
Test07_NG_dchg,방전,NG,674,0,1,1,1,3.5226,40.0748
Test07_NG_dchg,방전,NG,675,0,1,1,1,3.4031,40.3773
Test07_NG_dchg,방전,NG,676,0,1,1,1,3.6763,39.6471
Test07_NG_dchg,방전,NG,677,0,1,1,1,3.7444,39.4852
Test07_NG_dchg,방전,NG,678,0,1,1,1,3.5308,40.0513
Test07_NG_dchg,방전,NG,679,0,1,1,1,3.6616,38.1312
Test07_NG_dchg,방전,NG,680,0,1,1,1,3.6926,39.5884
Test07_NG_dchg,방전,NG,681,0,1,1,1,3.7081,39.5491
Test07_NG_dchg,방전,NG,682,0,1,1,1,3.5834,39.8837
Test07_NG_dchg,방전,NG,683,0,1,1,1,3.5419,40.0221
Test07_NG_dchg,방전,NG,684,0,1,1,1,3.6797,39.6078
Test07_NG_dchg,방전,NG,685,0,1,1,1,3.7547,39.4374
Test07_NG_dchg,방전,NG,686,0,1,1,1,3.6823,39.6197
Test07_NG_dchg,방전,NG,687,0,1,1,1,3.7878,39.3568
Test07_NG_dchg,방전,NG,688,0,1,1,1,3.6612,39.6489
Test07_NG_dchg,방전,NG,689,0,1,1,1,3.7736,39.3611
Test07_NG_dchg,방전,NG,690,0,1,1,1,3.9557,38.9357
Test07_NG_dchg,방전,NG,691,0,1,1,1,3.7042,39.5648
Test07_NG_dchg,방전,NG,692,0,1,1,1,3.7656,39.4061
Test07_NG_dchg,방전,NG,693,0,1,1,1,3.4878,40.1634
Test07_NG_dchg,방전,NG,694,0,1,1,1,3.5471,39.9656
Test07_NG_dchg,방전,NG,695,0,1,1,1,3.4092,40.3391
Test07_NG_dchg,방전,NG,696,0,1,1,1,3.6718,38.1118
Test07_NG_dchg,방전,NG,697,0,1,1,1,3.4976,40.1155
Test07_NG_dchg,방전,NG,698,0,1,1,1,3.7558,39.4406
Test07_NG_dchg,방전,NG,699,0,1,1,1,3.2919,40.6776
Test07_NG_dchg,방전,NG,700,0,1,1,1,3.8886,39.1044
Test07_NG_dchg,방전,NG,701,0,1,1,1,3.8503,39.2153
Test07_NG_dchg,방전,NG,702,0,1,1,1,3.5772,38.3188
Test07_NG_dchg,방전,NG,703,0,1,1,1,3.5767,39.9
Test07_NG_dchg,방전,NG,704,0,1,1,1,3.6385,39.7075
Test07_NG_dchg,방전,NG,705,0,1,1,1,3.7093,39.5362
Test07_NG_dchg,방전,NG,706,0,1,1,1,3.7699,39.4105
Test07_NG_dchg,방전,NG,707,0,1,1,1,3.5577,39.9722
Test07_NG_dchg,방전,NG,708,0,1,1,1,3.6896,39.6263
Test07_NG_dchg,방전,NG,709,0,1,1,1,3.5893,38.289
Test07_NG_dchg,방전,NG,710,0,1,1,1,3.7002,38.0402
Test07_NG_dchg,방전,NG,711,0,1,1,1,3.8518,39.1917
Test07_NG_dchg,방전,NG,712,0,1,1,1,3.9118,39.0445
Test07_NG_dchg,방전,NG,713,0,1,1,1,3.7475,39.4442
Test07_NG_dchg,방전,NG,714,0,1,1,1,3.3935,38.7957
Test07_NG_dchg,방전,NG,715,0,1,1,1,3.5632,39.9068
Test07_NG_dchg,방전,NG,716,0,1,1,1,3.8416,39.1761
Test07_NG_dchg,방전,NG,717,0,1,1,1,3.9082,39.0178
Test07_NG_dchg,방전,NG,718,0,1,1,1,3.7017,39.5805
Test07_NG_dchg,방전,NG,719,0,1,1,1,3.5043,40.0847
Test07_NG_dchg,방전,NG,720,0,1,1,1,3.7204,37.9797
Test07_NG_dchg,방전,NG,721,0,1,1,1,3.4336,40.3473
Test07_NG_dchg,방전,NG,722,0,1,1,1,3.6901,39.5939
Test07_NG_dchg,방전,NG,723,0,1,1,1,3.8157,37.7611
Test07_NG_dchg,방전,NG,724,0,1,1,1,3.8409,39.2235
Test07_NG_dchg,방전,NG,725,0,1,1,1,3.641,39.7296
Test07_NG_dchg,방전,NG,726,0,1,1,1,3.6633,39.6917
Test07_NG_dchg,방전,NG,727,0,1,1,1,3.5647,39.9478
Test07_NG_dchg,방전,NG,728,0,1,1,1,3.5017,38.5228
Test07_NG_dchg,방전,NG,729,0,1,1,1,3.6057,39.8327
Test07_NG_dchg,방전,NG,730,0,1,1,1,3.8575,39.2272
Test07_NG_dchg,방전,NG,731,0,1,1,1,3.8042,39.3374
Test07_NG_dchg,방전,NG,732,0,1,1,1,3.6228,39.8123
Test07_NG_dchg,방전,NG,733,0,1,1,1,3.4842,40.1305
Test07_NG_dchg,방전,NG,734,0,1,1,1,3.4929,40.1129
Test07_NG_dchg,방전,NG,735,0,1,1,1,3.889,39.0755
Test07_NG_dchg,방전,NG,736,0,1,1,1,3.9766,38.8782
Test07_NG_dchg,방전,NG,737,0,1,1,1,3.5629,39.9386
Test07_NG_dchg,방전,NG,738,0,1,1,1,3.7561,39.4078
Test07_NG_dchg,방전,NG,739,0,1,1,1,3.6011,39.8596
Test07_NG_dchg,방전,NG,740,0,1,1,1,3.6275,39.7089
Test07_NG_dchg,방전,NG,741,0,1,1,1,3.5159,40.0509
Test07_NG_dchg,방전,NG,742,0,1,1,1,3.5273,40.0142
Test07_NG_dchg,방전,NG,743,0,1,1,1,3.4908,40.1233
Test07_NG_dchg,방전,NG,744,0,1,1,1,3.7538,39.402
Test07_NG_dchg,방전,NG,745,0,1,1,1,3.6599,38.1343
Test07_NG_dchg,방전,NG,746,0,1,1,1,3.5836,39.8743
Test07_NG_dchg,방전,NG,747,0,1,1,1,3.4906,40.1119
Test07_NG_dchg,방전,NG,748,0,1,1,1,3.633,39.7838
Test07_NG_dchg,방전,NG,749,0,1,1,1,3.7429,39.4818
Test07_NG_dchg,방전,NG,750,0,1,1,1,3.7979,39.3362
Test07_NG_dchg,방전,NG,751,0,1,1,1,3.7409,39.4867
Test07_NG_dchg,방전,NG,752,0,1,1,1,3.6821,39.6397
Test07_NG_dchg,방전,NG,753,0,1,1,1,3.7033,39.5849
Test07_NG_dchg,방전,NG,754,0,1,1,1,3.7511,39.4654
Test07_NG_dchg,방전,NG,755,0,1,1,1,3.5902,39.8819
Test07_NG_dchg,방전,NG,756,0,1,1,1,3.5047,38.4966
Test07_NG_dchg,방전,NG,757,0,1,1,1,3.8242,39.2529
Test07_NG_dchg,방전,NG,758,0,1,1,1,3.6739,38.1213
Test07_NG_dchg,방전,NG,759,0,1,1,1,3.7717,39.3917
Test07_NG_dchg,방전,NG,760,0,1,1,1,3.7368,39.4857
Test07_NG_dchg,방전,NG,761,0,1,1,1,3.5704,38.3743
Test07_NG_dchg,방전,NG,762,0,1,1,1,3.6137,39.8095
Test07_NG_dchg,방전,NG,763,0,1,1,1,3.496,40.1099
Test07_NG_dchg,방전,NG,764,0,1,1,1,3.518,38.4624
Test07_NG_dchg,방전,NG,765,0,1,1,1,3.5965,39.8739
Test07_NG_dchg,방전,NG,766,0,1,1,1,3.7789,39.3561
Test07_NG_dchg,방전,NG,767,0,1,1,1,3.8869,37.5891
Test07_NG_dchg,방전,NG,768,0,1,1,1,3.3584,40.4693
Test07_NG_dchg,방전,NG,769,0,1,1,1,3.8639,37.6565
Test07_NG_dchg,방전,NG,770,0,1,1,1,3.8001,39.3483
Test07_NG_dchg,방전,NG,771,0,1,1,1,3.4977,40.137
Test07_NG_dchg,방전,NG,772,0,1,1,1,3.6558,39.6904
Test07_NG_dchg,방전,NG,773,0,1,1,1,3.1209,39.5253
Test07_NG_dchg,방전,NG,774,0,1,1,1,3.4638,40.2163
Test07_NG_dchg,방전,NG,775,0,1,1,1,3.3492,38.913
Test07_NG_dchg,방전,NG,776,0,1,1,1,3.7093,39.5781
Test07_NG_dchg,방전,NG,777,0,1,1,1,3.6135,38.2467
Test07_NG_dchg,방전,NG,778,0,1,1,1,3.6856,39.5773
Test07_NG_dchg,방전,NG,779,0,1,1,1,3.5851,38.3062
Test07_NG_dchg,방전,NG,780,0,1,1,1,3.6403,38.1657
Test07_NG_dchg,방전,NG,781,0,1,1,1,3.6321,38.2143
Test07_NG_dchg,방전,NG,782,0,1,1,1,3.5292,38.4637
Test07_NG_dchg,방전,NG,783,0,1,1,1,3.7592,39.4199
Test07_NG_dchg,방전,NG,784,0,1,1,1,3.483,38.5491
Test07_NG_dchg,방전,NG,785,0,1,1,1,3.8607,39.1504
Test07_NG_dchg,방전,NG,786,0,1,1,1,3.6403,39.7496
Test07_NG_dchg,방전,NG,787,0,1,1,1,3.1491,39.4478
Test07_NG_dchg,방전,NG,788,0,1,1,1,3.4215,38.755
Test07_NG_dchg,방전,NG,789,0,1,1,1,3.5578,38.3724
Test07_NG_dchg,방전,NG,790,0,1,1,1,3.6258,38.2465
Test07_NG_dchg,방전,NG,791,0,1,1,1,3.624,39.8042
Test07_NG_dchg,방전,NG,792,0,1,1,1,3.6093,39.791
Test07_NG_dchg,방전,NG,793,0,1,1,1,3.7686,39.4029
Test07_NG_dchg,방전,NG,794,0,1,1,1,3.6093,38.2742
Test07_NG_dchg,방전,NG,795,0,1,1,1,3.8141,39.2573
Test07_NG_dchg,방전,NG,796,0,1,1,1,3.6504,38.1579
Test07_NG_dchg,방전,NG,797,0,1,1,1,3.443,40.2859
Test07_NG_dchg,방전,NG,798,0,1,1,1,3.9515,38.9388
Test07_NG_dchg,방전,NG,799,0,1,1,1,3.5123,38.5028
Test07_NG_dchg,방전,NG,800,0,1,1,1,3.2851,39.0766
Test07_NG_dchg,방전,NG,801,0,1,1,1,3.4629,40.2112
Test07_NG_dchg,방전,NG,802,0,1,1,1,3.6348,39.745
Test07_NG_dchg,방전,NG,803,0,1,1,1,3.6948,38.0295
Test07_NG_dchg,방전,NG,804,0,1,1,1,3.554,38.4128
Test07_NG_dchg,방전,NG,805,0,1,1,1,3.6477,38.1777
Test07_NG_dchg,방전,NG,806,0,1,1,1,3.5419,38.4002
Test07_NG_dchg,방전,NG,807,0,1,1,1,3.6079,38.2582
Test07_NG_dchg,방전,NG,808,0,1,1,1,3.4797,40.1435
Test07_NG_dchg,방전,NG,809,0,1,1,1,3.7432,39.4362
Test07_NG_dchg,방전,NG,810,0,1,1,1,3.3758,38.8318
Test07_NG_dchg,방전,NG,811,0,1,1,1,3.4199,40.3034
Test07_NG_dchg,방전,NG,812,0,1,1,1,3.4883,38.5775
Test07_NG_dchg,방전,NG,813,0,1,1,1,3.6024,39.7819
Test07_NG_dchg,방전,NG,814,0,1,1,1,3.3869,38.8252
Test07_NG_dchg,방전,NG,815,0,1,1,1,3.5371,38.4391
Test07_NG_dchg,방전,NG,816,0,1,1,1,3.7618,39.3681
Test07_NG_dchg,방전,NG,817,0,1,1,1,3.4428,40.2326
Test07_NG_dchg,방전,NG,818,0,1,1,1,3.6133,38.256
Test07_NG_dchg,방전,NG,819,0,1,1,1,3.6033,39.8101
Test07_NG_dchg,방전,NG,820,0,1,1,1,3.6223,39.81
Test07_NG_dchg,방전,NG,821,0,1,1,1,3.681,38.094
Test07_NG_dchg,방전,NG,822,0,1,1,1,3.4711,40.1689
Test07_NG_dchg,방전,NG,823,0,1,1,1,3.5865,39.9271
Test07_NG_dchg,방전,NG,824,0,1,1,1,3.3892,38.8115
Test07_NG_dchg,방전,NG,825,0,1,1,1,3.6245,38.2303
Test07_NG_dchg,방전,NG,826,0,1,1,1,3.4712,38.5866
Test07_NG_dchg,방전,NG,827,0,1,1,1,3.5204,38.4829
Test07_NG_dchg,방전,NG,828,0,1,1,1,3.4568,38.6187
Test07_NG_dchg,방전,NG,829,0,1,1,1,3.6622,39.6765
Test07_NG_dchg,방전,NG,830,0,1,1,1,3.8229,39.2337
Test07_NG_dchg,방전,NG,831,0,1,1,1,3.2279,40.8661
Test07_NG_dchg,방전,NG,832,0,1,1,1,3.7266,37.9937
Test07_NG_dchg,방전,NG,833,0,1,1,1,3.5191,40.039
Test07_NG_dchg,방전,NG,834,0,1,1,1,3.6042,38.3277
Test07_NG_dchg,방전,NG,835,0,1,1,1,3.5069,38.5275
Test07_NG_dchg,방전,NG,836,0,1,1,1,3.7208,39.4799
Test07_NG_dchg,방전,NG,837,0,1,1,1,3.4152,38.7336
Test07_NG_dchg,방전,NG,838,0,1,1,1,3.7174,39.5185
Test07_NG_dchg,방전,NG,839,0,1,1,1,3.537,40.0102
Test07_NG_dchg,방전,NG,840,0,1,1,1,3.604,38.3061
Test07_NG_dchg,방전,NG,841,0,1,1,1,3.5344,38.438
Test07_NG_dchg,방전,NG,842,0,1,1,1,3.6112,38.2796
Test07_NG_dchg,방전,NG,843,0,1,1,1,3.6433,38.1855
Test07_NG_dchg,방전,NG,844,0,1,1,1,3.5699,39.9681
Test07_NG_dchg,방전,NG,845,0,1,1,1,3.6614,39.6961
Test07_NG_dchg,방전,NG,846,0,1,1,1,3.4969,38.508
Test07_NG_dchg,방전,NG,847,0,1,1,1,3.7358,38.0043
Test07_NG_dchg,방전,NG,848,0,1,1,1,3.6515,39.6796
Test07_NG_dchg,방전,NG,849,0,1,1,1,3.8183,39.249
Test07_NG_dchg,방전,NG,850,0,1,1,1,3.6885,39.5693
Test07_NG_dchg,방전,NG,851,0,1,1,1,3.3782,38.8119
Test07_NG_dchg,방전,NG,852,0,1,1,1,3.5456,38.4022
Test07_NG_dchg,방전,NG,853,0,1,1,1,3.5976,38.3141
Test07_NG_dchg,방전,NG,854,0,1,1,1,3.4761,40.1707
Test07_NG_dchg,방전,NG,855,0,1,1,1,3.7635,37.8581
Test07_NG_dchg,방전,NG,856,0,1,1,1,3.6343,38.2338
Test07_NG_dchg,방전,NG,857,0,1,1,1,3.5043,38.5284
Test07_NG_dchg,방전,NG,858,0,1,1,1,3.2998,39.0699
Test07_NG_dchg,방전,NG,859,0,1,1,1,3.3272,39.001
Test07_NG_dchg,방전,NG,860,0,1,1,1,3.6277,38.2157
Test07_NG_dchg,방전,NG,861,0,1,1,1,3.5703,39.8976
Test07_NG_dchg,방전,NG,862,0,1,1,1,3.3226,38.9881
Test07_NG_dchg,방전,NG,863,0,1,1,1,3.6681,38.1457
Test07_NG_dchg,방전,NG,864,0,1,1,1,3.6924,38.1412
Test07_NG_dchg,방전,NG,865,0,1,1,1,3.6112,39.799
Test07_NG_dchg,방전,NG,866,0,1,1,1,3.3811,38.8491
Test07_NG_dchg,방전,NG,867,0,1,1,1,3.5233,38.444
Test07_NG_dchg,방전,NG,868,0,1,1,1,3.4886,38.5445
Test07_NG_dchg,방전,NG,869,0,1,1,1,3.4499,38.623
Test07_NG_dchg,방전,NG,870,0,1,1,1,3.7002,39.6209
Test07_NG_dchg,방전,NG,871,0,1,1,1,3.6664,39.7022
Test07_NG_dchg,방전,NG,872,0,1,1,1,3.4304,38.6685
Test07_NG_dchg,방전,NG,873,0,1,1,1,3.5055,38.4985
Test07_NG_dchg,방전,NG,874,0,1,1,1,3.4888,38.5961
Test07_NG_dchg,방전,NG,875,0,1,1,1,3.6204,39.77
Test07_NG_dchg,방전,NG,876,0,1,1,1,3.796,39.3275
Test07_NG_dchg,방전,NG,877,0,1,1,1,3.5537,38.4101
Test07_NG_dchg,방전,NG,878,0,1,1,1,3.5519,39.9529
Test07_NG_dchg,방전,NG,879,0,1,1,1,3.6104,39.8263
Test07_NG_dchg,방전,NG,880,0,1,1,1,3.4562,38.6465
Test07_NG_dchg,방전,NG,881,0,1,1,1,3.4434,40.3106
Test07_NG_dchg,방전,NG,882,0,1,1,1,3.7738,39.3756
Test07_NG_dchg,방전,NG,883,0,1,1,1,3.5665,38.3639
Test07_NG_dchg,방전,NG,884,0,1,1,1,3.4982,38.5532
Test07_NG_dchg,방전,NG,885,0,1,1,1,3.5469,38.4067
Test07_NG_dchg,방전,NG,886,0,1,1,1,3.4872,38.5606
Test07_NG_dchg,방전,NG,887,0,1,1,1,3.4111,38.7446
Test07_NG_dchg,방전,NG,888,0,1,1,1,3.5254,38.4921
Test07_NG_dchg,방전,NG,889,0,1,1,1,3.6184,38.2636
Test07_NG_dchg,방전,NG,890,0,1,1,1,3.5093,38.5124
Test07_NG_dchg,방전,NG,891,0,1,1,1,3.4123,38.7483
Test07_NG_dchg,방전,NG,892,0,1,1,1,3.3356,38.9766
Test07_NG_dchg,방전,NG,893,0,1,1,1,3.7479,37.9703
Test07_NG_dchg,방전,NG,894,0,1,1,1,3.5578,39.9674
Test07_NG_dchg,방전,NG,895,0,1,1,1,3.4218,38.7368
Test07_NG_dchg,방전,NG,896,0,1,1,1,3.5914,39.8756
Test07_NG_dchg,방전,NG,897,0,1,1,1,3.4638,40.1862
Test07_NG_dchg,방전,NG,898,0,1,1,1,3.4875,40.1609
Test07_NG_dchg,방전,NG,899,0,1,1,1,3.6875,38.0591
Test07_NG_dchg,방전,NG,900,0,1,1,1,3.4159,38.7406
Test07_NG_dchg,방전,NG,901,0,1,1,1,3.5123,40.0666
Test07_NG_dchg,방전,NG,902,0,1,1,1,3.4226,38.7066
Test07_NG_dchg,방전,NG,903,0,1,1,1,3.5875,39.8583
Test07_NG_dchg,방전,NG,904,0,1,1,1,3.4461,38.6892
Test07_NG_dchg,방전,NG,905,0,1,1,1,3.2164,39.2719
Test07_NG_dchg,방전,NG,906,0,1,1,1,3.4107,38.7643
Test07_NG_dchg,방전,NG,907,0,1,1,1,3.4448,40.2647
Test07_NG_dchg,방전,NG,908,0,1,1,1,3.4025,38.8225
Test07_NG_dchg,방전,NG,909,0,1,1,1,3.2704,40.7761
Test07_NG_dchg,방전,NG,910,0,1,1,1,3.4715,38.6124
Test07_NG_dchg,방전,NG,911,0,1,1,1,3.4849,38.5856
Test07_NG_dchg,방전,NG,912,0,1,1,1,3.3984,38.8195
Test07_NG_dchg,방전,NG,913,0,1,1,1,3.6393,39.7735
Test07_NG_dchg,방전,NG,914,0,1,1,1,3.4391,38.716
Test07_NG_dchg,방전,NG,915,0,1,1,1,3.73,38.0078
Test07_NG_dchg,방전,NG,916,0,1,1,1,3.6021,39.8624
Test07_NG_dchg,방전,NG,917,0,1,1,1,3.3903,38.8123
Test07_NG_dchg,방전,NG,918,0,1,1,1,3.4297,38.793
Test07_NG_dchg,방전,NG,919,0,1,1,1,3.3565,38.9286
Test07_NG_dchg,방전,NG,920,0,1,1,1,3.4033,38.813
Test07_NG_dchg,방전,NG,921,0,1,1,1,3.6021,38.2641
Test07_NG_dchg,방전,NG,922,0,1,1,1,3.4755,38.6197
Test07_NG_dchg,방전,NG,923,0,1,1,1,3.2414,39.2046
Test07_NG_dchg,방전,NG,924,0,1,1,1,3.5877,38.3149
Test07_NG_dchg,방전,NG,925,0,1,1,1,3.3065,40.6536
Test07_NG_dchg,방전,NG,926,0,1,1,1,3.3451,38.9186
Test07_NG_dchg,방전,NG,927,0,1,1,1,3.3105,39.0185
Test07_NG_dchg,방전,NG,928,0,1,1,1,3.5433,40.0356
Test07_NG_dchg,방전,NG,929,0,1,1,1,3.5391,38.4298
Test07_NG_dchg,방전,NG,930,0,1,1,1,3.5741,39.9637
Test07_NG_dchg,방전,NG,931,0,1,1,1,3.4965,38.5665
Test07_NG_dchg,방전,NG,932,0,1,1,1,3.3393,38.95
Test07_NG_dchg,방전,NG,933,0,1,1,1,3.1215,39.5378
Test07_NG_dchg,방전,NG,934,0,1,1,1,3.3759,40.5505
Test07_NG_dchg,방전,NG,935,0,1,1,1,3.7204,38.018
Test07_NG_dchg,방전,NG,936,0,1,1,1,3.3164,39.0198
Test07_NG_dchg,방전,NG,937,0,1,1,1,3.5706,39.9424
Test07_NG_dchg,방전,NG,938,0,1,1,1,3.8057,39.3275
Test07_NG_dchg,방전,NG,939,0,1,1,1,3.6134,39.7896
Test07_NG_dchg,방전,NG,940,0,1,1,1,3.6122,38.2664
Test07_NG_dchg,방전,NG,941,0,1,1,1,3.5902,38.3185
Test07_NG_dchg,방전,NG,942,0,1,1,1,3.816,37.7577
Test07_NG_dchg,방전,NG,943,0,1,1,1,3.5046,38.4873
Test07_NG_dchg,방전,NG,944,0,1,1,1,3.6397,38.1926
Test07_NG_dchg,방전,NG,945,0,1,1,1,3.4253,38.7233
Test07_NG_dchg,방전,NG,946,0,1,1,1,3.6885,39.6198
Test07_NG_dchg,방전,NG,947,0,1,1,1,3.4375,38.6679
Test07_NG_dchg,방전,NG,948,0,1,1,1,3.513,38.5022
Test07_NG_dchg,방전,NG,949,0,1,1,1,3.6346,39.7549
Test07_NG_dchg,방전,NG,950,0,1,1,1,3.303,39.0588
Test07_NG_dchg,방전,NG,951,0,1,1,1,3.7193,39.5748
Test07_NG_dchg,방전,NG,952,0,1,1,1,3.7926,37.8337
Test07_NG_dchg,방전,NG,953,0,1,1,1,3.549,39.965
Test07_NG_dchg,방전,NG,954,0,1,1,1,3.4733,38.5819
Test07_NG_dchg,방전,NG,955,0,1,1,1,3.5333,38.4385
Test07_NG_dchg,방전,NG,956,0,1,1,1,3.4593,38.5924
Test07_NG_dchg,방전,NG,957,0,1,1,1,3.4574,38.6527
Test07_NG_dchg,방전,NG,958,0,1,1,1,3.5379,38.4243
Test07_NG_dchg,방전,NG,959,0,1,1,1,3.6629,39.6603
Test07_NG_dchg,방전,NG,960,0,1,1,1,3.2573,39.1443
Test07_NG_dchg,방전,NG,961,0,1,1,1,3.5227,38.4511
Test07_NG_dchg,방전,NG,962,0,1,1,1,3.4123,38.729
Test07_NG_dchg,방전,NG,963,0,1,1,1,3.7038,38.079
Test07_NG_dchg,방전,NG,964,0,1,1,1,3.6066,38.281
Test07_NG_dchg,방전,NG,965,0,1,1,1,3.5824,39.8864
Test07_NG_dchg,방전,NG,966,0,1,1,1,3.4991,38.499
Test07_NG_dchg,방전,NG,967,0,1,1,1,3.5077,38.5001
Test07_NG_dchg,방전,NG,968,0,1,1,1,3.3586,38.8989
Test07_NG_dchg,방전,NG,969,0,1,1,1,3.3965,40.4188
Test07_NG_dchg,방전,NG,970,0,1,1,1,3.6421,39.7644
Test07_NG_dchg,방전,NG,971,0,1,1,1,3.6086,38.27
Test07_NG_dchg,방전,NG,972,0,1,1,1,3.4813,38.6082
Test07_NG_dchg,방전,NG,973,0,1,1,1,3.3233,40.6432
Test07_NG_dchg,방전,NG,974,0,1,1,1,3.4324,38.7132
Test07_NG_dchg,방전,NG,975,0,1,1,1,3.4077,40.3879
Test07_NG_dchg,방전,NG,976,0,1,1,1,3.7261,38.0132
Test07_NG_dchg,방전,NG,977,0,1,1,1,3.5939,39.9415
Test07_NG_dchg,방전,NG,978,0,1,1,1,3.4864,40.1759
Test07_NG_dchg,방전,NG,979,0,1,1,1,3.5545,38.4116
Test07_NG_dchg,방전,NG,980,0,1,1,1,3.433,38.7058
Test07_NG_dchg,방전,NG,981,0,1,1,1,3.3085,39.013
Test07_NG_dchg,방전,NG,982,0,1,1,1,3.7135,38.0364
Test07_NG_dchg,방전,NG,983,0,1,1,1,3.4745,38.5726
Test07_NG_dchg,방전,NG,984,0,1,1,1,3.5956,38.3106
Test07_NG_dchg,방전,NG,985,0,1,1,1,3.4837,38.5606
Test07_NG_dchg,방전,NG,986,0,1,1,1,3.704,38.0462
Test07_NG_dchg,방전,NG,987,0,1,1,1,3.4361,38.697
Test07_NG_dchg,방전,NG,988,0,1,1,1,3.5233,38.4533
Test07_NG_dchg,방전,NG,989,0,1,1,1,3.5752,38.3369
Test07_NG_dchg,방전,NG,990,0,1,1,1,3.5087,38.517
Test07_NG_dchg,방전,NG,991,0,1,1,1,3.4235,38.7258
Test07_NG_dchg,방전,NG,992,0,1,1,1,3.6644,39.7493
Test07_NG_dchg,방전,NG,993,0,1,1,1,3.3263,38.984
Test07_NG_dchg,방전,NG,994,0,1,1,1,3.7542,39.4511
Test07_NG_dchg,방전,NG,995,0,1,1,1,3.6132,38.2817
Test07_NG_dchg,방전,NG,996,0,1,1,1,3.6049,38.3037
Test07_NG_dchg,방전,NG,997,0,1,1,1,3.5822,38.3314
Test07_NG_dchg,방전,NG,998,0,1,1,1,3.5398,39.9951
Test07_NG_dchg,방전,NG,999,0,1,1,1,3.4837,40.1435
Test07_NG_dchg,방전,NG,1000,0,1,1,1,3.4209,38.7699
Test07_NG_dchg,방전,NG,1001,0,1,1,1,3.7867,39.3355
Test07_NG_dchg,방전,NG,1002,0,1,1,1,3.6392,38.1788
Test07_NG_dchg,방전,NG,1003,0,1,1,1,3.7019,38.0218
Test07_NG_dchg,방전,NG,1004,0,1,1,1,3.517,38.4919
Test07_NG_dchg,방전,NG,1005,0,1,1,1,3.3822,38.8122
Test07_NG_dchg,방전,NG,1006,0,1,1,1,3.6373,38.1875
Test07_NG_dchg,방전,NG,1007,0,1,1,1,3.5517,39.9555
Test07_NG_dchg,방전,NG,1008,0,1,1,1,3.4954,40.1254
Test07_NG_dchg,방전,NG,1009,0,1,1,1,3.6726,38.1102
Test07_NG_dchg,방전,NG,1010,0,1,1,1,3.605,38.2659
Test07_NG_dchg,방전,NG,1011,0,1,1,1,3.3097,37.7744
Test07_NG_dchg,방전,NG,1012,0,1,1,1,3.6857,38.0907
Test07_NG_dchg,방전,NG,1013,0,1,1,1,3.4925,38.547
Test07_NG_dchg,방전,NG,1014,0,1,1,1,3.4304,40.3084
Test07_NG_dchg,방전,NG,1015,0,1,1,1,3.6726,38.1014
Test07_NG_dchg,방전,NG,1016,0,1,1,1,3.8435,37.773
Test07_NG_dchg,방전,NG,1017,0,1,1,1,3.4183,38.7335
Test07_NG_dchg,방전,NG,1018,0,1,1,1,3.4082,38.765
Test07_NG_dchg,방전,NG,1019,0,1,1,1,3.6111,38.2574
Test07_NG_dchg,방전,NG,1020,0,1,1,1,3.7726,39.3783
Test07_NG_dchg,방전,NG,1021,0,1,1,1,3.8089,37.7985
Test07_NG_dchg,방전,NG,1022,0,1,1,1,3.7914,37.867
Test07_NG_dchg,방전,NG,1023,0,1,1,1,3.5629,39.9281
Test07_NG_dchg,방전,NG,1024,0,1,1,1,3.6687,39.6471
Test07_NG_dchg,방전,NG,1025,0,1,1,1,3.4287,38.6997
Test07_NG_dchg,방전,NG,1026,0,1,1,1,3.5623,38.3626
Test07_NG_dchg,방전,NG,1027,0,1,1,1,3.65,38.161
Test07_NG_dchg,방전,NG,1028,0,1,1,1,3.6616,39.6632
Test07_NG_dchg,방전,NG,1029,0,1,1,1,3.7376,39.4776
Test07_NG_dchg,방전,NG,1030,0,1,1,1,3.7061,37.999
Test07_NG_dchg,방전,NG,1031,0,1,1,1,3.4866,38.6125
Test07_NG_dchg,방전,NG,1032,0,1,1,1,3.7765,39.4511
Test07_NG_dchg,방전,NG,1033,0,1,1,1,3.5142,38.4818
Test07_NG_dchg,방전,NG,1034,0,1,1,1,3.6147,39.8166
Test07_NG_dchg,방전,NG,1035,0,1,1,1,3.6991,39.5683
Test07_NG_dchg,방전,NG,1036,0,1,1,1,3.2098,39.269
Test07_NG_dchg,방전,NG,1037,0,1,1,1,3.5999,38.2614
Test07_NG_dchg,방전,NG,1038,0,1,1,1,3.3647,38.8886
Test07_NG_dchg,방전,NG,1039,0,1,1,1,3.6289,38.23
Test07_NG_dchg,방전,NG,1040,0,1,1,1,3.8069,37.8057
Test07_NG_dchg,방전,NG,1041,0,1,1,1,3.7215,39.5121
Test07_NG_dchg,방전,NG,1042,0,1,1,1,3.366,40.4859
Test07_NG_dchg,방전,NG,1043,0,1,1,1,3.5954,39.8394
Test07_NG_dchg,방전,NG,1044,0,1,1,1,3.6189,38.2867
Test07_NG_dchg,방전,NG,1045,0,1,1,1,3.7197,38.0129
Test07_NG_dchg,방전,NG,1046,0,1,1,1,3.5729,38.3752
Test07_NG_dchg,방전,NG,1047,0,1,1,1,3.6667,39.6816
Test07_NG_dchg,방전,NG,1048,0,1,1,1,3.6413,39.7583
Test07_NG_dchg,방전,NG,1049,0,1,1,1,3.4008,38.8052
Test07_NG_dchg,방전,NG,1050,0,1,1,1,3.7755,39.4139
Test07_NG_dchg,방전,NG,1051,0,1,1,1,3.6486,39.6945
Test07_NG_dchg,방전,NG,1052,0,1,1,1,3.473,38.5918
Test07_NG_dchg,방전,NG,1053,0,1,1,1,3.6623,39.6834
Test07_NG_dchg,방전,NG,1054,0,1,1,1,3.5401,38.4471
Test07_NG_dchg,방전,NG,1055,0,1,1,1,3.5837,39.8948
Test07_NG_dchg,방전,NG,1056,0,1,1,1,3.5126,38.5141
Test07_NG_dchg,방전,NG,1057,0,1,1,1,3.6181,39.7847
Test07_NG_dchg,방전,NG,1058,0,1,1,1,3.4743,38.5913
Test07_NG_dchg,방전,NG,1059,0,1,1,1,3.5075,38.503
Test07_NG_dchg,방전,NG,1060,0,1,1,1,3.938,37.5354
Test07_NG_dchg,방전,NG,1061,0,1,1,1,3.6997,39.5831
Test07_NG_dchg,방전,NG,1062,0,1,1,1,3.8629,37.6744
Test07_NG_dchg,방전,NG,1063,0,1,1,1,3.625,38.1884
Test07_NG_dchg,방전,NG,1064,0,1,1,1,3.6573,38.1382
Test07_NG_dchg,방전,NG,1065,0,1,1,1,3.2727,39.0896
Test07_NG_dchg,방전,NG,1066,0,1,1,1,3.5082,38.5034
Test07_NG_dchg,방전,NG,1067,0,1,1,1,3.4114,38.7349
Test07_NG_dchg,방전,NG,1068,0,1,1,1,3.4333,38.6682
Test07_NG_dchg,방전,NG,1069,0,1,1,1,3.6959,38.048
Test07_NG_dchg,방전,NG,1070,0,1,1,1,3.644,38.1678
Test07_NG_dchg,방전,NG,1071,0,1,1,1,3.6436,38.1524
Test07_NG_dchg,방전,NG,1072,0,1,1,1,3.71,39.5029
Test07_NG_dchg,방전,NG,1073,0,1,1,1,3.5651,39.9313
Test07_NG_dchg,방전,NG,1074,0,1,1,1,3.5199,38.4661
Test07_NG_dchg,방전,NG,1075,0,1,1,1,3.5391,40.0021
Test07_NG_dchg,방전,NG,1076,0,1,1,1,3.5375,38.4171
Test07_NG_dchg,방전,NG,1077,0,1,1,1,3.7398,37.9654
Test07_NG_dchg,방전,NG,1078,0,1,1,1,3.5498,38.4141
Test07_NG_dchg,방전,NG,1079,0,1,1,1,3.6701,38.1242
Test07_NG_dchg,방전,NG,1080,0,1,1,1,3.4225,38.6994
Test07_NG_dchg,방전,NG,1081,0,1,1,1,3.4404,38.6776
Test07_NG_dchg,방전,NG,1082,0,1,1,1,3.4625,38.6438
Test07_NG_dchg,방전,NG,1083,0,1,1,1,3.4492,38.6537
Test07_NG_dchg,방전,NG,1084,0,1,1,1,3.5224,38.4772
Test07_NG_dchg,방전,NG,1085,0,1,1,1,3.6701,39.6623
Test07_NG_dchg,방전,NG,1086,0,1,1,1,3.4148,38.7644
Test07_NG_dchg,방전,NG,1087,0,1,1,1,3.5765,38.3539
Test07_NG_dchg,방전,NG,1088,0,1,1,1,3.461,40.2016
Test07_NG_dchg,방전,NG,1089,0,1,1,1,3.4425,38.701
Test07_NG_dchg,방전,NG,1090,0,1,1,1,3.5748,38.3667
Test07_NG_dchg,방전,NG,1091,0,1,1,1,3.4663,38.6246
Test07_NG_dchg,방전,NG,1092,0,1,1,1,3.4992,38.5515
Test07_NG_dchg,방전,NG,1093,0,1,1,1,3.5255,38.4724
Test07_NG_dchg,방전,NG,1094,0,1,1,1,3.5781,39.9156
Test07_NG_dchg,방전,NG,1095,0,1,1,1,3.4651,38.6639
Test07_NG_dchg,방전,NG,1096,0,1,1,1,3.3646,38.8923
Test07_NG_dchg,방전,NG,1097,0,1,1,1,3.6929,38.1308
Test07_NG_dchg,방전,NG,1098,0,1,1,1,3.5562,38.4354
Test07_NG_dchg,방전,NG,1099,0,1,1,1,3.4402,40.2961
Test07_NG_dchg,방전,NG,1100,0,1,1,1,3.6744,39.6554
Test07_NG_dchg,방전,NG,1101,0,1,1,1,3.3965,40.42
Test07_NG_dchg,방전,NG,1102,0,1,1,1,3.5187,38.481
Test07_NG_dchg,방전,NG,1103,0,1,1,1,3.3304,38.9463
Test07_NG_dchg,방전,NG,1104,0,1,1,1,3.4382,38.7028
Test07_NG_dchg,방전,NG,1105,0,1,1,1,3.3876,38.8076
Test07_NG_dchg,방전,NG,1106,0,1,1,1,3.3784,38.8472
Test07_NG_dchg,방전,NG,1107,0,1,1,1,3.3158,40.6482
Test07_NG_dchg,방전,NG,1108,0,1,1,1,3.4744,40.2226
Test07_NG_dchg,방전,NG,1109,0,1,1,1,3.657,39.6976
Test07_NG_dchg,방전,NG,1110,0,1,1,1,3.3911,38.8111
Test07_NG_dchg,방전,NG,1111,0,1,1,1,3.2408,39.1857
Test07_NG_dchg,방전,NG,1112,0,1,1,1,3.5093,38.5303
Test07_NG_dchg,방전,NG,1113,0,1,1,1,3.419,38.7781
Test07_NG_dchg,방전,NG,1114,0,1,1,1,3.7121,39.5472
Test07_NG_dchg,방전,NG,1115,0,1,1,1,3.6478,39.7286
Test07_NG_dchg,방전,NG,1116,0,1,1,1,3.6157,38.2418
Test07_NG_dchg,방전,NG,1117,0,1,1,1,3.3816,40.4618
Test07_NG_dchg,방전,NG,1118,0,1,1,1,3.7915,37.823
Test07_NG_dchg,방전,NG,1119,0,1,1,1,3.6938,39.6084
Test07_NG_dchg,방전,NG,1120,0,1,1,1,3.3973,40.3924
Test07_NG_dchg,방전,NG,1121,0,1,1,1,3.2755,39.1038
Test07_NG_dchg,방전,NG,1122,0,1,1,1,3.7366,39.4777
Test07_NG_dchg,방전,NG,1123,0,1,1,1,3.5668,38.3803
Test07_NG_dchg,방전,NG,1124,0,1,1,1,3.4673,40.2213
Test07_NG_dchg,방전,NG,1125,0,1,1,1,3.8783,39.152
Test07_NG_dchg,방전,NG,1126,0,1,1,1,3.462,38.6141
Test07_NG_dchg,방전,NG,1127,0,1,1,1,3.3204,38.9795
Test07_NG_dchg,방전,NG,1128,0,1,1,1,3.4343,40.3203
Test07_NG_dchg,방전,NG,1129,0,1,1,1,3.518,38.5395
Test07_NG_dchg,방전,NG,1130,0,1,1,1,3.5599,38.378
Test07_NG_dchg,방전,NG,1131,0,1,1,1,3.7145,39.5635
Test07_NG_dchg,방전,NG,1132,0,1,1,1,3.5925,39.8727
Test07_NG_dchg,방전,NG,1133,0,1,1,1,3.4698,38.6114
Test07_NG_dchg,방전,NG,1134,0,1,1,1,3.5922,39.8399
Test07_NG_dchg,방전,NG,1135,0,1,1,1,3.5791,38.3551
Test07_NG_dchg,방전,NG,1136,0,1,1,1,3.4805,38.5687
Test07_NG_dchg,방전,NG,1137,0,1,1,1,3.6812,39.6169
Test07_NG_dchg,방전,NG,1138,0,1,1,1,3.5399,38.4206
Test07_NG_dchg,방전,NG,1139,0,1,1,1,3.5774,38.3646
Test07_NG_dchg,방전,NG,1140,0,1,1,1,3.3917,38.8178
Test07_NG_dchg,방전,NG,1141,0,1,1,1,3.6186,39.814
Test07_NG_dchg,방전,NG,1142,0,1,1,1,3.5154,38.4906
Test07_NG_dchg,방전,NG,1143,0,1,1,1,3.4435,38.7172
Test07_NG_dchg,방전,NG,1144,0,1,1,1,3.3267,38.9528
Test07_NG_dchg,방전,NG,1145,0,1,1,1,3.7861,39.3548
Test07_NG_dchg,방전,NG,1146,0,1,1,1,3.7731,39.3625
Test07_NG_dchg,방전,NG,1147,0,1,1,1,3.6067,39.8059
Test07_NG_dchg,방전,NG,1148,0,1,1,1,3.5057,38.5162
Test07_NG_dchg,방전,NG,1149,0,1,1,1,3.2134,39.2681
Test07_NG_dchg,방전,NG,1150,0,1,1,1,3.3685,38.8785
Test07_NG_dchg,방전,NG,1151,0,1,1,1,3.4267,40.3377
Test07_NG_dchg,방전,NG,1152,0,1,1,1,3.6098,39.8468
Test07_NG_dchg,방전,NG,1153,0,1,1,1,3.5074,38.5456
Test07_NG_dchg,방전,NG,1154,0,1,1,1,3.453,38.679
Test07_NG_dchg,방전,NG,1155,0,1,1,1,3.3858,38.8246
Test07_NG_dchg,방전,NG,1156,0,1,1,1,3.5072,40.148
Test07_NG_dchg,방전,NG,1157,0,1,1,1,3.6357,39.765
Test07_NG_dchg,방전,NG,1158,0,1,1,1,3.7384,37.9586
Test07_NG_dchg,방전,NG,1159,0,1,1,1,3.9423,37.4891
Test07_NG_dchg,방전,NG,1160,0,1,1,1,3.8181,39.2888
Test07_NG_dchg,방전,NG,1161,0,1,1,1,3.5566,39.9378
Test07_NG_dchg,방전,NG,1162,0,1,1,1,3.6491,38.1461
Test07_NG_dchg,방전,NG,1163,0,1,1,1,3.6524,38.1387
Test07_NG_dchg,방전,NG,1164,0,1,1,1,3.7294,39.4713
Test07_NG_dchg,방전,NG,1165,0,1,1,1,3.7353,37.934
Test07_NG_dchg,방전,NG,1166,0,1,1,1,3.6929,39.5536
Test07_NG_dchg,방전,NG,1167,0,1,1,1,3.3896,40.3831
Test07_NG_dchg,방전,NG,1168,0,1,1,1,3.5086,38.4835
Test07_NG_dchg,방전,NG,1169,0,1,1,1,3.7633,37.8982
Test07_NG_dchg,방전,NG,1170,0,1,1,1,3.4773,38.6086
Test07_NG_dchg,방전,NG,1171,0,1,1,1,3.6573,38.1438
Test07_NG_dchg,방전,NG,1172,0,1,1,1,3.7687,37.8656
Test07_NG_dchg,방전,NG,1173,0,1,1,1,3.483,40.161
Test07_NG_dchg,방전,NG,1174,0,1,1,1,3.5666,38.3524
Test07_NG_dchg,방전,NG,1175,0,1,1,1,3.6965,39.5981
Test07_NG_dchg,방전,NG,1176,0,1,1,1,3.4581,38.6407
Test07_NG_dchg,방전,NG,1177,0,1,1,1,3.5595,38.3931
Test07_NG_dchg,방전,NG,1178,0,1,1,1,3.6311,39.7503
Test07_NG_dchg,방전,NG,1179,0,1,1,1,3.4271,40.3037
Test07_NG_dchg,방전,NG,1180,0,1,1,1,3.7183,39.5361
Test07_NG_dchg,방전,NG,1181,0,1,1,1,3.6468,39.7231
Test07_NG_dchg,방전,NG,1182,0,1,1,1,3.3976,40.3894
Test07_NG_dchg,방전,NG,1183,0,1,1,1,3.5126,40.0681
Test07_NG_dchg,방전,NG,1184,0,1,1,1,3.7238,39.5784
Test07_NG_dchg,방전,NG,1185,0,1,1,1,3.4201,38.7244
Test07_NG_dchg,방전,NG,1186,0,1,1,1,3.5714,39.9496
Test07_NG_dchg,방전,NG,1187,0,1,1,1,3.6843,39.5896
Test07_NG_dchg,방전,NG,1188,0,1,1,1,3.3231,38.9772
Test07_NG_dchg,방전,NG,1189,0,1,1,1,3.6891,39.6043
Test07_NG_dchg,방전,NG,1190,0,1,1,1,3.5358,40.0136
Test07_NG_dchg,방전,NG,1191,0,1,1,1,3.1153,39.5307
Test07_NG_dchg,방전,NG,1192,0,1,1,1,3.3553,40.5389
Test07_NG_dchg,방전,NG,1193,0,1,1,1,3.6978,39.6231
Test07_NG_dchg,방전,NG,1194,0,1,1,1,3.6744,39.6556
Test07_NG_dchg,방전,NG,1195,0,1,1,1,3.442,40.271
Test07_NG_dchg,방전,NG,1196,0,1,1,1,3.1819,41.0427
Test07_NG_dchg,방전,NG,1197,0,1,1,1,3.5016,40.1167
Test07_NG_dchg,방전,NG,1198,0,1,1,1,3.6351,38.1922
Test07_NG_dchg,방전,NG,1199,0,1,1,1,3.2564,39.2023
Test07_NG_dchg,방전,NG,1200,0,1,1,1,3.7106,39.5748
Test07_NG_dchg,방전,NG,1201,0,1,1,1,3.6897,39.5792
Test07_NG_dchg,방전,NG,1202,0,1,1,1,3.5587,39.9511
Test07_NG_dchg,방전,NG,1203,0,1,1,1,3.4425,38.6803
Test07_NG_dchg,방전,NG,1204,0,1,1,1,3.4014,38.7829
Test07_NG_dchg,방전,NG,1205,0,1,1,1,3.7037,39.6338
Test07_NG_dchg,방전,NG,1206,0,1,1,1,3.4771,40.2225
Test07_NG_dchg,방전,NG,1207,0,1,1,1,3.675,39.6548
Test07_NG_dchg,방전,NG,1208,0,1,1,1,3.1765,39.428
Test07_NG_dchg,방전,NG,1209,0,1,1,1,3.2893,39.1188
Test07_NG_dchg,방전,NG,1210,0,1,1,1,3.2688,40.8161
Test07_NG_dchg,방전,NG,1211,0,1,1,1,3.6731,38.1648
Test07_NG_dchg,방전,NG,1212,0,1,1,1,3.5579,38.4187
Test07_NG_dchg,방전,NG,1213,0,1,1,1,3.7193,38.0366
Test07_NG_dchg,방전,NG,1214,0,1,1,1,3.11,41.2587
Test07_NG_dchg,방전,NG,1215,0,1,1,1,3.6033,39.8596
Test07_NG_dchg,방전,NG,1216,0,1,1,1,3.6271,39.7951
Test07_NG_dchg,방전,NG,1217,0,1,1,1,3.9448,38.9644
Test07_NG_dchg,방전,NG,1218,0,1,1,1,3.6481,39.7297
Test07_NG_dchg,방전,NG,1219,0,1,1,1,3.5828,38.3448
Test07_NG_dchg,방전,NG,1220,0,1,1,1,3.2494,39.1636
Test07_NG_dchg,방전,NG,1221,0,1,1,1,3.5368,38.4551
Test07_NG_dchg,방전,NG,1222,0,1,1,1,3.5336,38.4643
Test07_NG_dchg,방전,NG,1223,0,1,1,1,3.5646,38.4238
Test07_NG_dchg,방전,NG,1224,0,1,1,1,3.595,38.3146
Test07_NG_dchg,방전,NG,1225,0,1,1,1,3.3195,39.0197
Test07_NG_dchg,방전,NG,1226,0,1,1,1,3.4107,40.3858
Test07_NG_dchg,방전,NG,1227,0,1,1,1,3.8272,37.7661
Test07_NG_dchg,방전,NG,1228,0,1,1,1,3.5002,38.5646
Test07_NG_dchg,방전,NG,1229,0,1,1,1,3.4195,38.725
Test07_NG_dchg,방전,NG,1230,0,1,1,1,3.7666,37.8727
Test07_NG_dchg,방전,NG,1231,0,1,1,1,3.6677,39.6995
Test07_NG_dchg,방전,NG,1232,0,1,1,1,3.7324,38.0255
Test07_NG_dchg,방전,NG,1233,0,1,1,1,3.6642,39.6876
Test07_NG_dchg,방전,NG,1234,0,1,1,1,3.4086,38.7406
Test07_NG_dchg,방전,NG,1235,0,1,1,1,3.5482,38.4052
Test07_NG_dchg,방전,NG,1236,0,1,1,1,3.6199,39.7786
Test07_NG_dchg,방전,NG,1237,0,1,1,1,3.4068,40.3771
Test07_NG_dchg,방전,NG,1238,0,1,1,1,3.7126,39.5408
Test07_NG_dchg,방전,NG,1239,0,1,1,1,3.7528,39.4162
Test07_NG_dchg,방전,NG,1240,0,1,1,1,3.6802,39.6356
Test07_NG_dchg,방전,NG,1241,0,1,1,1,3.7765,39.3576
Test07_NG_dchg,방전,NG,1242,0,1,1,1,3.6844,39.6221
Test07_NG_dchg,방전,NG,1243,0,1,1,1,3.561,39.9985
Test07_NG_dchg,방전,NG,1244,0,1,1,1,3.581,38.3518
Test07_NG_dchg,방전,NG,1245,0,1,1,1,3.5493,39.9942
Test07_NG_dchg,방전,NG,1246,0,1,1,1,3.6505,39.7036
Test07_NG_dchg,방전,NG,1247,0,1,1,1,3.6438,39.7575
Test07_NG_dchg,방전,NG,1248,0,1,1,1,3.4744,38.5888
Test07_NG_dchg,방전,NG,1249,0,1,1,1,3.4871,40.16
Test07_NG_dchg,방전,NG,1250,0,1,1,1,3.528,40.0337
Test07_NG_dchg,방전,NG,1251,0,1,1,1,3.571,38.4374
Test07_NG_dchg,방전,NG,1252,0,1,1,1,3.676,39.7101
Test07_NG_dchg,방전,NG,1253,0,1,1,1,3.8658,39.1448
Test07_NG_dchg,방전,NG,1254,0,1,1,1,3.5557,38.377
Test07_NG_dchg,방전,NG,1255,0,1,1,1,3.5742,39.9316
Test07_NG_dchg,방전,NG,1256,0,1,1,1,3.5514,39.9931
Test07_NG_dchg,방전,NG,1257,0,1,1,1,3.5295,40.0294
Test07_NG_dchg,방전,NG,1258,0,1,1,1,3.6346,39.8322
Test07_NG_dchg,방전,NG,1259,0,1,1,1,3.5261,40.0458
Test07_NG_dchg,방전,NG,1260,0,1,1,1,3.5804,39.8855
Test07_NG_dchg,방전,NG,1261,0,1,1,1,3.8668,39.1816
Test07_NG_dchg,방전,NG,1262,0,1,1,1,3.3013,39.0736
Test07_NG_dchg,방전,NG,1263,0,1,1,1,3.2042,40.9769
Test07_NG_dchg,방전,NG,1264,0,1,1,1,3.4253,40.3504
Test07_NG_dchg,방전,NG,1265,0,1,1,1,3.5944,39.8579
Test07_NG_dchg,방전,NG,1266,0,1,1,1,3.5028,38.5366
Test07_NG_dchg,방전,NG,1267,0,1,1,1,3.5602,39.9562
Test07_NG_dchg,방전,NG,1268,0,1,1,1,3.4985,38.5364
Test07_NG_dchg,방전,NG,1269,0,1,1,1,3.4365,38.6962
Test07_NG_dchg,방전,NG,1270,0,1,1,1,3.6088,39.8145
Test07_NG_dchg,방전,NG,1271,0,1,1,1,3.4782,40.1803
Test07_NG_dchg,방전,NG,1272,0,1,1,1,3.3481,40.5891
Test07_NG_dchg,방전,NG,1273,0,1,1,1,3.8707,37.6827
Test07_NG_dchg,방전,NG,1274,0,1,1,1,3.719,38.0185
Test07_NG_dchg,방전,NG,1275,0,1,1,1,3.4723,40.1943
Test07_NG_dchg,방전,NG,1276,0,1,1,1,3.2009,39.3394
Test07_NG_dchg,방전,NG,1277,0,1,1,1,3.1646,39.45
Test07_NG_dchg,방전,NG,1278,0,1,1,1,3.4465,38.7235
Test07_NG_dchg,방전,NG,1279,0,1,1,1,3.6961,38.118
Test07_NG_dchg,방전,NG,1280,0,1,1,1,3.2705,39.1543
Test07_NG_dchg,방전,NG,1281,0,1,1,1,3.1804,39.441
Test07_NG_dchg,방전,NG,1282,0,1,1,1,3.5028,40.1386
Test07_NG_dchg,방전,NG,1283,0,1,1,1,3.3206,40.6594
Test07_NG_dchg,방전,NG,1284,0,1,1,1,3.3202,40.676
Test07_NG_dchg,방전,NG,1285,0,1,1,1,3.5004,40.2182
Test07_NG_dchg,방전,NG,1286,0,1,1,1,3.5457,40.0753
Test07_NG_dchg,방전,NG,1287,0,1,1,1,3.6519,39.7524
Test07_NG_dchg,방전,NG,1288,0,1,1,1,3.8272,37.7721
Test07_NG_dchg,방전,NG,1289,0,1,1,1,3.6785,39.6821
Test07_NG_dchg,방전,NG,1290,0,1,1,1,3.5663,39.9576
Test07_NG_dchg,방전,NG,1291,0,1,1,1,3.7125,38.0381
Test07_NG_dchg,방전,NG,1292,0,1,1,1,3.6532,39.7376
Test07_NG_dchg,방전,NG,1293,0,1,1,1,3.2924,39.0539
Test07_NG_dchg,방전,NG,1294,0,1,1,1,3.3418,38.8969
Test07_NG_dchg,방전,NG,1295,0,1,1,1,3.9075,39.0286
Test07_NG_dchg,방전,NG,1296,0,1,1,1,3.6768,39.649
Test07_NG_dchg,방전,NG,1297,0,1,1,1,3.1839,41.0275
Test07_NG_dchg,방전,NG,1298,0,1,1,1,3.3817,38.8282
Test07_NG_dchg,방전,NG,1299,0,1,1,1,3.8005,39.3396
Test07_NG_dchg,방전,NG,1300,0,1,1,1,3.3852,38.8109
Test07_NG_dchg,방전,NG,1301,0,1,1,1,3.7157,39.5418
Test07_NG_dchg,방전,NG,1302,0,1,1,1,3.3678,38.8943
Test07_NG_dchg,방전,NG,1303,0,1,1,1,3.8316,39.2442
Test07_NG_dchg,방전,NG,1304,0,1,1,1,3.4536,38.6609
Test07_NG_dchg,방전,NG,1305,0,1,1,1,3.5598,38.4532
Test07_NG_dchg,방전,NG,1306,0,1,1,1,3.6347,39.7598
Test07_NG_dchg,방전,NG,1307,0,1,1,1,3.3071,39.0287
Test07_NG_dchg,방전,NG,1308,0,1,1,1,3.3344,38.9858
Test07_NG_dchg,방전,NG,1309,0,1,1,1,3.6527,39.7332
Test07_NG_dchg,방전,NG,1310,0,1,1,1,3.7361,39.5113
Test07_NG_dchg,방전,NG,1311,0,1,1,1,3.6444,39.738
Test07_NG_dchg,방전,NG,1312,0,1,1,1,3.6803,39.6538
Test07_NG_dchg,방전,NG,1313,0,1,1,1,3.4596,38.6434
Test07_NG_dchg,방전,NG,1314,0,1,1,1,3.7402,37.9943
Test07_NG_dchg,방전,NG,1315,0,1,1,1,3.677,39.6499
Test07_NG_dchg,방전,NG,1316,0,1,1,1,3.4164,38.7592
Test07_NG_dchg,방전,NG,1317,0,1,1,1,3.2279,39.2496
Test07_NG_dchg,방전,NG,1318,0,1,1,1,3.4554,40.272
Test07_NG_dchg,방전,NG,1319,0,1,1,1,3.5374,40.0044
Test07_NG_dchg,방전,NG,1320,0,1,1,1,3.5835,38.3512
Test07_NG_dchg,방전,NG,1321,0,1,1,1,3.3907,38.8177
Test07_NG_dchg,방전,NG,1322,0,1,1,1,3.2922,40.7466
Test07_NG_dchg,방전,NG,1323,0,1,1,1,3.6951,39.6335
Test07_NG_dchg,방전,NG,1324,0,1,1,1,3.4981,38.6475
Test07_NG_dchg,방전,NG,1325,0,1,1,1,3.6081,39.8442
Test07_NG_dchg,방전,NG,1326,0,1,1,1,3.4401,40.2767
Test07_NG_dchg,방전,NG,1327,0,1,1,1,3.2782,39.1471
Test07_NG_dchg,방전,NG,1328,0,1,1,1,3.5274,38.5218
Test07_NG_dchg,방전,NG,1329,0,1,1,1,3.4248,40.3562
Test07_NG_dchg,방전,NG,1330,0,1,1,1,3.3569,38.9211
Test07_NG_dchg,방전,NG,1331,0,1,1,1,3.1049,39.6093
Test07_NG_dchg,방전,NG,1332,0,1,1,1,3.2945,39.0648
Test07_NG_dchg,방전,NG,1333,0,1,1,1,3.2879,39.0906
Test07_NG_dchg,방전,NG,1334,0,1,1,1,3.5382,40.0639
Test07_NG_dchg,방전,NG,1335,0,1,1,1,3.5425,40.0404
Test07_NG_dchg,방전,NG,1336,0,1,1,1,3.6533,39.7183
Test07_NG_dchg,방전,NG,1337,0,1,1,1,3.3012,40.6808
Test07_NG_dchg,방전,NG,1338,0,1,1,1,3.3494,40.5478
Test07_NG_dchg,방전,NG,1339,0,1,1,1,3.3296,38.9856
Test07_NG_dchg,방전,NG,1340,0,1,1,1,3.3488,38.9506
Test07_NG_dchg,방전,NG,1341,0,1,1,1,3.3336,40.642
Test07_NG_dchg,방전,NG,1342,0,1,1,1,3.5254,40.1459
Test07_NG_dchg,방전,NG,1343,0,1,1,1,3.723,39.5345
Test07_NG_dchg,방전,NG,1344,0,1,1,1,3.5888,39.9503
Test07_NG_dchg,방전,NG,1345,0,1,1,1,3.5326,40.0363
Test07_NG_dchg,방전,NG,1346,0,1,1,1,3.4664,38.6039
Test07_NG_dchg,방전,NG,1347,0,1,1,1,3.5496,40.0257
Test07_NG_dchg,방전,NG,1348,0,1,1,1,3.6215,39.8121
Test07_NG_dchg,방전,NG,1349,0,1,1,1,3.5541,39.9765
Test07_NG_dchg,방전,NG,1350,0,1,1,1,3.4774,38.5938
Test07_NG_dchg,방전,NG,1351,0,1,1,1,3.6564,39.6892
Test07_NG_dchg,방전,NG,1352,0,1,1,1,3.8369,39.2428
Test07_NG_dchg,방전,NG,1353,0,1,1,1,3.8025,37.8005
Test07_NG_dchg,방전,NG,1354,0,1,1,1,3.5099,40.1038
Test07_NG_dchg,방전,NG,1355,0,1,1,1,3.4433,40.2639
Test07_NG_dchg,방전,NG,1356,0,1,1,1,3.4869,40.188
Test07_NG_dchg,방전,NG,1357,0,1,1,1,3.5986,39.8401
Test07_NG_dchg,방전,NG,1358,0,1,1,1,3.4472,38.6725
Test07_NG_dchg,방전,NG,1359,0,1,1,1,3.4969,40.1129
Test07_NG_dchg,방전,NG,1360,0,1,1,1,3.5073,40.1007
Test07_NG_dchg,방전,NG,1361,0,1,1,1,3.4434,38.6965
Test07_NG_dchg,방전,NG,1362,0,1,1,1,3.3156,39.0491
Test07_NG_dchg,방전,NG,1363,0,1,1,1,3.3975,38.7885
Test07_NG_dchg,방전,NG,1364,0,1,1,1,3.7103,39.5879
Test07_NG_dchg,방전,NG,1365,0,1,1,1,3.5191,40.0795
Test07_NG_dchg,방전,NG,1366,0,1,1,1,3.453,38.6563
Test07_NG_dchg,방전,NG,1367,0,1,1,1,3.4914,40.1359
Test07_NG_dchg,방전,NG,1368,0,1,1,1,3.7937,39.3791
Test07_NG_dchg,방전,NG,1369,0,1,1,1,3.6136,38.3006
Test07_NG_dchg,방전,NG,1370,0,1,1,1,3.6427,39.7393
Test07_NG_dchg,방전,NG,1371,0,1,1,1,3.4594,38.6365
Test07_NG_dchg,방전,NG,1372,0,1,1,1,3.6631,39.7082
Test07_NG_dchg,방전,NG,1373,0,1,1,1,3.4848,40.1492
Test07_NG_dchg,방전,NG,1374,0,1,1,1,3.4152,40.3223
Test07_NG_dchg,방전,NG,1375,0,1,1,1,3.3691,40.4668
Test07_NG_dchg,방전,NG,1376,0,1,1,1,3.4717,40.1717
Test07_NG_dchg,방전,NG,1377,0,1,1,1,3.6082,39.8357
Test07_NG_dchg,방전,NG,1378,0,1,1,1,3.7335,39.4999
Test07_NG_dchg,방전,NG,1379,0,1,1,1,3.4586,38.6663
Test07_NG_dchg,방전,NG,1380,0,1,1,1,3.6643,38.1478
Test07_NG_dchg,방전,NG,1381,0,1,1,1,3.5046,40.1078
Test07_NG_dchg,방전,NG,1382,0,1,1,1,3.2476,39.1931
Test07_NG_dchg,방전,NG,1383,0,1,1,1,3.4262,40.3425
Test07_NG_dchg,방전,NG,1384,0,1,1,1,3.5924,38.2953
Test07_NG_dchg,방전,NG,1385,0,1,1,1,3.7572,39.4823
Test07_NG_dchg,방전,NG,1386,0,1,1,1,3.6569,39.6875
Test07_NG_dchg,방전,NG,1387,0,1,1,1,3.5685,39.9502
Test07_NG_dchg,방전,NG,1388,0,1,1,1,3.4072,38.7861
Test07_NG_dchg,방전,NG,1389,0,1,1,1,3.4571,40.2381
Test07_NG_dchg,방전,NG,1390,0,1,1,1,3.3891,40.4257
Test07_NG_dchg,방전,NG,1391,0,1,1,1,3.4982,40.1363
Test07_NG_dchg,방전,NG,1392,0,1,1,1,3.668,39.7008
Test07_NG_dchg,방전,NG,1393,0,1,1,1,3.7289,37.9911
Test07_NG_dchg,방전,NG,1394,0,1,1,1,3.5843,39.9126
Test07_NG_dchg,방전,NG,1395,0,1,1,1,3.4168,40.3411
Test07_NG_dchg,방전,NG,1396,0,1,1,1,3.5835,39.9347
Test07_NG_dchg,방전,NG,1397,0,1,1,1,3.5009,40.1476
Test07_NG_dchg,방전,NG,1398,0,1,1,1,3.7522,39.5077
Test07_NG_dchg,방전,NG,1399,0,1,1,1,3.4091,40.3945
Test07_NG_dchg,방전,NG,1400,0,1,1,1,3.6201,39.7981
Test07_NG_dchg,방전,NG,1401,0,1,1,1,3.4654,38.6449
Test07_NG_dchg,방전,NG,1402,0,1,1,1,3.2991,39.0684
Test07_NG_dchg,방전,NG,1403,0,1,1,1,3.6798,39.6454
Test07_NG_dchg,방전,NG,1404,0,1,1,1,3.5062,38.5712
Test07_NG_dchg,방전,NG,1405,0,1,1,1,3.4469,40.2922
Test07_NG_dchg,방전,NG,1406,0,1,1,1,3.6543,39.6899
Test07_NG_dchg,방전,NG,1407,0,1,1,1,3.2891,39.0642
Test07_NG_dchg,방전,NG,1408,0,1,1,1,3.4144,40.3448
Test07_NG_dchg,방전,NG,1409,0,1,1,1,3.6447,39.7472
Test07_NG_dchg,방전,NG,1410,0,1,1,1,3.4557,40.2536
Test07_NG_dchg,방전,NG,1411,0,1,1,1,3.2879,39.073
Test07_NG_dchg,방전,NG,1412,0,1,1,1,3.8702,39.1619
Test07_NG_dchg,방전,NG,1413,0,1,1,1,3.3598,38.8845
Test07_NG_dchg,방전,NG,1414,0,1,1,1,3.3939,40.4105
Test07_NG_dchg,방전,NG,1415,0,1,1,1,3.5516,39.9936
Test07_NG_dchg,방전,NG,1416,0,1,1,1,3.5727,39.9518
Test07_NG_dchg,방전,NG,1417,0,1,1,1,3.5887,39.8731
Test07_NG_dchg,방전,NG,1418,0,1,1,1,3.7938,39.3524
Test07_NG_dchg,방전,NG,1419,0,1,1,1,3.7448,39.4785
Test07_NG_dchg,방전,NG,1420,0,1,1,1,3.4088,40.3933
Test07_NG_dchg,방전,NG,1421,0,1,1,1,3.3707,38.8994
Test07_NG_dchg,방전,NG,1422,0,1,1,1,3.6536,39.7396
Test07_NG_dchg,방전,NG,1423,0,1,1,1,3.5456,40.013
Test07_NG_dchg,방전,NG,1424,0,1,1,1,3.6656,39.6987
Test07_NG_dchg,방전,NG,1425,0,1,1,1,3.5054,40.0998
Test07_NG_dchg,방전,NG,1426,0,1,1,1,3.8432,37.7053
Test07_NG_dchg,방전,NG,1427,0,1,1,1,3.6544,38.1725
Test07_NG_dchg,방전,NG,1428,0,1,1,1,3.4996,38.5139
Test07_NG_dchg,방전,NG,1429,0,1,1,1,3.4761,40.1893
Test07_NG_dchg,방전,NG,1430,0,1,1,1,3.3696,40.4559
Test07_NG_dchg,방전,NG,1431,0,1,1,1,3.4103,40.384
Test07_NG_dchg,방전,NG,1432,0,1,1,1,3.5699,39.9141
Test07_NG_dchg,방전,NG,1433,0,1,1,1,3.2995,39.0659
Test07_NG_dchg,방전,NG,1434,0,1,1,1,3.2894,40.6863
Test07_NG_dchg,방전,NG,1435,0,1,1,1,3.1967,39.3517
Test07_NG_dchg,방전,NG,1436,0,1,1,1,3.3424,40.5998
Test07_NG_dchg,방전,NG,1437,0,1,1,1,3.4269,40.3417
Test07_NG_dchg,방전,NG,1438,0,1,1,1,3.5203,40.1034
Test07_NG_dchg,방전,NG,1439,0,1,1,1,3.6351,39.8035
Test07_NG_dchg,방전,NG,1440,0,1,1,1,3.4515,40.2961
Test07_NG_dchg,방전,NG,1441,0,1,1,1,3.6609,39.6939
Test07_NG_dchg,방전,NG,1442,0,1,1,1,3.5741,39.9421
Test07_NG_dchg,방전,NG,1443,0,1,1,1,3.2402,39.2414
Test07_NG_dchg,방전,NG,1444,0,1,1,1,3.4828,38.6188
Test07_NG_dchg,방전,NG,1445,0,1,1,1,3.4809,38.594
Test07_NG_dchg,방전,NG,1446,0,1,1,1,3.2185,40.9391
Test07_NG_dchg,방전,NG,1447,0,1,1,1,3.533,40.0322
Test07_NG_dchg,방전,NG,1448,0,1,1,1,3.3124,39.019
Test07_NG_dchg,방전,NG,1449,0,1,1,1,3.2923,39.0701
Test07_NG_dchg,방전,NG,1450,0,1,1,1,3.7311,39.5529
Test07_NG_dchg,방전,NG,1451,0,1,1,1,3.7793,39.3619
Test07_NG_dchg,방전,NG,1452,0,1,1,1,3.4921,40.1942
Test07_NG_dchg,방전,NG,1453,0,1,1,1,3.456,38.6519
Test07_NG_dchg,방전,NG,1454,0,1,1,1,3.8042,39.3093
Test07_NG_dchg,방전,NG,1455,0,1,1,1,3.386,40.4528
Test07_NG_dchg,방전,NG,1456,0,1,1,1,3.4119,38.759
Test07_NG_dchg,방전,NG,1457,0,1,1,1,3.5659,39.929
Test07_NG_dchg,방전,NG,1458,0,1,1,1,3.4649,40.1974
Test07_NG_dchg,방전,NG,1459,0,1,1,1,3.4522,40.2453
Test07_NG_dchg,방전,NG,1460,0,1,1,1,3.464,40.2573
Test07_NG_dchg,방전,NG,1461,0,1,1,1,3.7281,39.5369
Test07_NG_dchg,방전,NG,1462,0,1,1,1,3.5538,39.9881
Test07_NG_dchg,방전,NG,1463,0,1,1,1,3.4016,38.781
Test07_NG_dchg,방전,NG,1464,0,1,1,1,3.4606,38.654
Test07_NG_dchg,방전,NG,1465,0,1,1,1,3.5227,40.0962
Test07_NG_dchg,방전,NG,1466,0,1,1,1,3.367,40.5114
Test07_NG_dchg,방전,NG,1467,0,1,1,1,3.2479,39.2006
Test07_NG_dchg,방전,NG,1468,0,1,1,1,3.7335,39.5531
Test07_NG_dchg,방전,NG,1469,0,1,1,1,3.6292,38.2315
Test07_NG_dchg,방전,NG,1470,0,1,1,1,3.2665,39.1409
Test07_NG_dchg,방전,NG,1471,0,1,1,1,3.6126,38.2764
Test07_NG_dchg,방전,NG,1472,0,1,1,1,3.5348,40.041
Test07_NG_dchg,방전,NG,1473,0,1,1,1,3.9058,39.0713
Test07_NG_dchg,방전,NG,1474,0,1,1,1,3.3643,40.5009
Test07_NG_dchg,방전,NG,1475,0,1,1,1,3.3847,40.429
Test07_NG_dchg,방전,NG,1476,0,1,1,1,3.3605,38.8707
Test07_NG_dchg,방전,NG,1477,0,1,1,1,3.52,38.4752
Test07_NG_dchg,방전,NG,1478,0,1,1,1,3.4902,40.1394
Test07_NG_dchg,방전,NG,1479,0,1,1,1,3.6051,39.8894
Test07_NG_dchg,방전,NG,1480,0,1,1,1,3.5165,40.0854
Test07_NG_dchg,방전,NG,1481,0,1,1,1,3.1719,39.392
Test07_NG_dchg,방전,NG,1482,0,1,1,1,3.5788,38.4009
Test07_NG_dchg,방전,NG,1483,0,1,1,1,3.6919,39.6031
Test07_NG_dchg,방전,NG,1484,0,1,1,1,3.6151,39.8635
Test07_NG_dchg,방전,NG,1485,0,1,1,1,3.6731,39.7363
Test07_NG_dchg,방전,NG,1486,0,1,1,1,3.3573,40.4887
Test07_NG_dchg,방전,NG,1487,0,1,1,1,3.708,39.5193
Test07_NG_dchg,방전,NG,1488,0,1,1,1,3.5543,39.9465
Test07_NG_dchg,방전,NG,1489,0,1,1,1,3.6849,39.6243
Test07_NG_dchg,방전,NG,1490,0,1,1,1,3.4044,40.3581
Test07_NG_dchg,방전,NG,1491,0,1,1,1,3.3945,38.8
Test07_NG_dchg,방전,NG,1492,0,1,1,1,3.7152,37.9968
Test07_NG_dchg,방전,NG,1493,0,1,1,1,3.5207,38.5111
Test07_NG_dchg,방전,NG,1494,0,1,1,1,3.7705,39.4031
Test07_NG_dchg,방전,NG,1495,0,1,1,1,3.5655,38.385
Test07_NG_dchg,방전,NG,1496,0,1,1,1,3.6308,39.7666
Test07_NG_dchg,방전,NG,1497,0,1,1,1,3.473,40.1862
Test07_NG_dchg,방전,NG,1498,0,1,1,1,3.5087,38.4848
Test07_NG_dchg,방전,NG,1499,0,1,1,1,3.7028,39.5778
Test07_NG_dchg,방전,NG,1500,0,1,1,1,3.7764,39.35
Test07_NG_dchg,방전,NG,1501,0,1,1,1,3.5485,39.9892
Test07_NG_dchg,방전,NG,1502,0,1,1,1,3.448,38.6459
Test07_NG_dchg,방전,NG,1503,0,1,1,1,3.5923,39.8786
Test07_NG_dchg,방전,NG,1504,0,1,1,1,3.5456,38.4377
Test07_NG_dchg,방전,NG,1505,0,1,1,1,3.3768,38.8607
Test07_NG_dchg,방전,NG,1506,0,1,1,1,3.4259,40.3163
Test07_NG_dchg,방전,NG,1507,0,1,1,1,3.4683,38.6201
Test07_NG_dchg,방전,NG,1508,0,1,1,1,3.647,39.7273
Test07_NG_dchg,방전,NG,1509,0,1,1,1,3.4263,40.3362
Test07_NG_dchg,방전,NG,1510,0,1,1,1,3.6584,38.1901
Test07_NG_dchg,방전,NG,1511,0,1,1,1,3.8968,39.1319
Test07_NG_dchg,방전,NG,1512,0,1,1,1,3.3608,40.506
Test07_NG_dchg,방전,NG,1513,0,1,1,1,3.4999,40.1527
Test07_NG_dchg,방전,NG,1514,0,1,1,1,3.4475,38.6846
Test07_NG_dchg,방전,NG,1515,0,1,1,1,3.6298,39.7904
Test07_NG_dchg,방전,NG,1516,0,1,1,1,3.565,39.9447
Test07_NG_dchg,방전,NG,1517,0,1,1,1,3.7553,39.4489
Test07_NG_dchg,방전,NG,1518,0,1,1,1,3.5515,39.966
Test07_NG_dchg,방전,NG,1519,0,1,1,1,3.587,39.8692
Test07_NG_dchg,방전,NG,1520,0,1,1,1,3.809,39.2661
Test07_NG_dchg,방전,NG,1521,0,1,1,1,3.5514,39.9828
Test07_NG_dchg,방전,NG,1522,0,1,1,1,3.6148,39.7802
Test07_NG_dchg,방전,NG,1523,0,1,1,1,3.6792,39.6409
Test07_NG_dchg,방전,NG,1524,0,1,1,1,3.5595,39.9474
Test07_NG_dchg,방전,NG,1525,0,1,1,1,3.7821,39.3734
Test07_NG_dchg,방전,NG,1526,0,1,1,1,3.6216,39.7784
Test07_NG_dchg,방전,NG,1527,0,1,1,1,3.5789,39.8905
Test07_NG_dchg,방전,NG,1528,0,1,1,1,3.58,39.8756
Test07_NG_dchg,방전,NG,1529,0,1,1,1,3.4944,38.5439
Test07_NG_dchg,방전,NG,1530,0,1,1,1,3.2745,39.1153
Test07_NG_dchg,방전,NG,1531,0,1,1,1,3.4203,38.7228
Test07_NG_dchg,방전,NG,1532,0,1,1,1,3.4148,40.3416
Test07_NG_dchg,방전,NG,1533,0,1,1,1,3.5842,39.882
Test07_NG_dchg,방전,NG,1534,0,1,1,1,3.7561,37.8985
Test07_NG_dchg,방전,NG,1535,0,1,1,1,3.4517,40.2018
Test07_NG_dchg,방전,NG,1536,0,1,1,1,3.4727,40.1505
Test07_NG_dchg,방전,NG,1537,0,1,1,1,3.6738,39.6882
Test07_NG_dchg,방전,NG,1538,0,1,1,1,3.1779,39.3642
Test07_NG_dchg,방전,NG,1539,0,1,1,1,3.5397,40.0217
Test07_NG_dchg,방전,NG,1540,0,1,1,1,3.6124,39.8267
Test07_NG_dchg,방전,NG,1541,0,1,1,1,3.604,39.8606
Test07_NG_dchg,방전,NG,1542,0,1,1,1,3.6311,39.7852
Test07_NG_dchg,방전,NG,1543,0,1,1,1,3.2974,39.0961
Test07_NG_dchg,방전,NG,1544,0,1,1,1,3.6134,39.8326
Test07_NG_dchg,방전,NG,1545,0,1,1,1,3.5271,40.0525
Test07_NG_dchg,방전,NG,1546,0,1,1,1,3.614,39.7881
Test07_NG_dchg,방전,NG,1547,0,1,1,1,3.8023,39.3274
Test07_NG_dchg,방전,NG,1548,0,1,1,1,3.7419,39.4345
Test07_NG_dchg,방전,NG,1549,0,1,1,1,3.7172,39.5203
Test07_NG_dchg,방전,NG,1550,0,1,1,1,3.503,38.4982
Test07_NG_dchg,방전,NG,1551,0,1,1,1,3.683,38.061
Test07_NG_dchg,방전,NG,1552,0,1,1,1,3.8453,39.2121
Test07_NG_dchg,방전,NG,1553,0,1,1,1,3.5344,39.9777
Test07_NG_dchg,방전,NG,1554,0,1,1,1,3.5446,39.9815
Test07_NG_dchg,방전,NG,1555,0,1,1,1,3.6995,39.5437
Test07_NG_dchg,방전,NG,1556,0,1,1,1,3.6111,39.7934
Test07_NG_dchg,방전,NG,1557,0,1,1,1,3.841,39.1645
Test07_NG_dchg,방전,NG,1558,0,1,1,1,3.4642,38.5886
Test07_NG_dchg,방전,NG,1559,0,1,1,1,3.4285,40.3149
Test07_NG_dchg,방전,NG,1560,0,1,1,1,3.5626,39.9578
Test07_NG_dchg,방전,NG,1561,0,1,1,1,3.5041,38.5179
Test07_NG_dchg,방전,NG,1562,0,1,1,1,3.7239,39.5181
Test07_NG_dchg,방전,NG,1563,0,1,1,1,3.734,39.5156
Test07_NG_dchg,방전,NG,1564,0,1,1,1,3.7222,39.5152
Test07_NG_dchg,방전,NG,1565,0,1,1,1,3.4598,38.6487
Test07_NG_dchg,방전,NG,1566,0,1,1,1,3.5448,39.989
Test07_NG_dchg,방전,NG,1567,0,1,1,1,3.4976,40.1118
Test07_NG_dchg,방전,NG,1568,0,1,1,1,3.6512,39.685
Test07_NG_dchg,방전,NG,1569,0,1,1,1,3.6551,39.7332
Test07_NG_dchg,방전,NG,1570,0,1,1,1,3.6741,39.6702
Test07_NG_dchg,방전,NG,1571,0,1,1,1,3.5362,39.973
Test07_NG_dchg,방전,NG,1572,0,1,1,1,3.4817,40.1315
Test07_NG_dchg,방전,NG,1573,0,1,1,1,3.3635,38.8428
Test07_NG_dchg,방전,NG,1574,0,1,1,1,3.7681,39.3772
Test07_NG_dchg,방전,NG,1575,0,1,1,1,3.5723,39.9214
Test07_NG_dchg,방전,NG,1576,0,1,1,1,3.7852,39.3616
Test07_NG_dchg,방전,NG,1577,0,1,1,1,3.9074,39.1161
Test07_NG_dchg,방전,NG,1578,0,1,1,1,3.4309,40.2689
Test07_NG_dchg,방전,NG,1579,0,1,1,1,3.8583,39.1565
Test07_NG_dchg,방전,NG,1580,0,1,1,1,3.2325,40.8922
Test07_NG_dchg,방전,NG,1581,0,1,1,1,3.2227,39.2339
Test07_NG_dchg,방전,NG,1582,0,1,1,1,3.492,40.1347
Test07_NG_dchg,방전,NG,1583,0,1,1,1,3.6545,38.1762
Test07_NG_dchg,방전,NG,1584,0,1,1,1,3.8039,39.3053
Test07_NG_dchg,방전,NG,1585,0,1,1,1,3.464,40.209
Test07_NG_dchg,방전,NG,1586,0,1,1,1,3.7393,39.4451
Test07_NG_dchg,방전,NG,1587,0,1,1,1,3.7654,39.3914
Test07_NG_dchg,방전,NG,1588,0,1,1,1,3.5365,40.0208
Test07_NG_dchg,방전,NG,1589,0,1,1,1,3.6812,39.6368
Test07_NG_dchg,방전,NG,1590,0,1,1,1,3.7295,39.5083
Test07_NG_dchg,방전,NG,1591,0,1,1,1,3.4927,38.5423
Test07_NG_dchg,방전,NG,1592,0,1,1,1,3.4567,40.2016
Test07_NG_dchg,방전,NG,1593,0,1,1,1,3.6797,39.6071
Test07_NG_dchg,방전,NG,1594,0,1,1,1,3.1658,39.4245
Test07_NG_dchg,방전,NG,1595,0,1,1,1,3.3856,38.8478
Test07_NG_dchg,방전,NG,1596,0,1,1,1,3.649,39.7809
Test07_NG_dchg,방전,NG,1597,0,1,1,1,3.3708,38.876
Test07_NG_dchg,방전,NG,1598,0,1,1,1,3.6623,39.6964
Test07_NG_dchg,방전,NG,1599,0,1,1,1,3.3313,40.5619
Test07_NG_dchg,방전,NG,1600,0,1,1,1,3.5965,38.3225
Test07_NG_dchg,방전,NG,1601,0,1,1,1,3.6282,39.7919
Test07_NG_dchg,방전,NG,1602,0,1,1,1,3.6623,39.7215
Test07_NG_dchg,방전,NG,1603,0,1,1,1,3.6042,39.8317
Test07_NG_dchg,방전,NG,1604,0,1,1,1,3.4967,40.0938
Test07_NG_dchg,방전,NG,1605,0,1,1,1,3.605,38.2604
Test07_NG_dchg,방전,NG,1606,0,1,1,1,3.433,40.2847
Test07_NG_dchg,방전,NG,1607,0,1,1,1,3.4166,40.3443
Test07_NG_dchg,방전,NG,1608,0,1,1,1,3.7348,39.4639
Test07_NG_dchg,방전,NG,1609,0,1,1,1,3.5794,39.8743
Test07_NG_dchg,방전,NG,1610,0,1,1,1,3.5054,40.1074
Test07_NG_dchg,방전,NG,1611,0,1,1,1,3.4713,40.1772
Test07_NG_dchg,방전,NG,1612,0,1,1,1,3.5907,39.8799
Test07_NG_dchg,방전,NG,1613,0,1,1,1,3.5086,40.0684
Test07_NG_dchg,방전,NG,1614,0,1,1,1,3.473,40.1885
Test07_NG_dchg,방전,NG,1615,0,1,1,1,3.8625,39.1736
Test07_NG_dchg,방전,NG,1616,0,1,1,1,3.512,40.0806
Test07_NG_dchg,방전,NG,1617,0,1,1,1,3.7285,39.4877
Test07_NG_dchg,방전,NG,1618,0,1,1,1,3.4836,40.1528
Test07_NG_dchg,방전,NG,1619,0,1,1,1,3.6371,39.7473
Test07_NG_dchg,방전,NG,1620,0,1,1,1,3.6294,39.7744
Test07_NG_dchg,방전,NG,1621,0,1,1,1,3.6789,39.6502
Test07_NG_dchg,방전,NG,1622,0,1,1,1,3.6651,39.689
Test07_NG_dchg,방전,NG,1623,0,1,1,1,3.6454,39.7597
Test07_NG_dchg,방전,NG,1624,0,1,1,1,3.7086,39.5694
Test07_NG_dchg,방전,NG,1625,0,1,1,1,3.5656,39.948
Test07_NG_dchg,방전,NG,1626,0,1,1,1,3.7436,37.9809
Test07_NG_dchg,방전,NG,1627,0,1,1,1,3.6256,39.7794
Test07_NG_dchg,방전,NG,1628,0,1,1,1,3.6732,39.6507
Test07_NG_dchg,방전,NG,1629,0,1,1,1,3.8103,37.7868
Test07_NG_dchg,방전,NG,1630,0,1,1,1,3.5857,39.9577
Test07_NG_dchg,방전,NG,1631,0,1,1,1,3.5521,39.9601
Test07_NG_dchg,방전,NG,1632,0,1,1,1,3.6105,39.8095
Test07_NG_dchg,방전,NG,1633,0,1,1,1,3.6024,39.7979
Test07_NG_dchg,방전,NG,1634,0,1,1,1,3.8259,39.2374
Test07_NG_dchg,방전,NG,1635,0,1,1,1,3.5309,40.0199
Test07_NG_dchg,방전,NG,1636,0,1,1,1,3.6776,39.634
Test07_NG_dchg,방전,NG,1637,0,1,1,1,3.3742,40.4596
Test07_NG_dchg,방전,NG,1638,0,1,1,1,3.5612,39.9178
Test07_NG_dchg,방전,NG,1639,0,1,1,1,3.3991,38.7624
Test07_NG_dchg,방전,NG,1640,0,1,1,1,3.543,39.9895
Test07_NG_dchg,방전,NG,1641,0,1,1,1,3.8029,39.3746
Test07_NG_dchg,방전,NG,1642,0,1,1,1,3.4444,40.289
Test07_NG_dchg,방전,NG,1643,0,1,1,1,3.5076,38.5163
Test07_NG_dchg,방전,NG,1644,0,1,1,1,3.3308,40.5813
Test07_NG_dchg,방전,NG,1645,0,1,1,1,3.3452,40.5419
Test07_NG_dchg,방전,NG,1646,0,1,1,1,3.3476,40.5313
Test07_NG_dchg,방전,NG,1647,0,1,1,1,3.5476,39.9807
Test07_NG_dchg,방전,NG,1648,0,1,1,1,3.6468,39.7742
Test07_NG_dchg,방전,NG,1649,0,1,1,1,3.4024,38.7897
Test07_NG_dchg,방전,NG,1650,0,1,1,1,3.589,39.8568
Test07_NG_dchg,방전,NG,1651,0,1,1,1,3.652,39.6912
Test07_NG_dchg,방전,NG,1652,0,1,1,1,3.6107,39.8079
Test07_NG_dchg,방전,NG,1653,0,1,1,1,3.8141,39.2848
Test07_NG_dchg,방전,NG,1654,0,1,1,1,3.4797,38.6111
Test07_NG_dchg,방전,NG,1655,0,1,1,1,3.5941,39.8384
Test07_NG_dchg,방전,NG,1656,0,1,1,1,3.5767,39.914
Test07_NG_dchg,방전,NG,1657,0,1,1,1,3.6161,39.8071
Test07_NG_dchg,방전,NG,1658,0,1,1,1,3.7234,39.5288
Test07_NG_dchg,방전,NG,1659,0,1,1,1,3.5664,38.3575
Test07_NG_dchg,방전,NG,1660,0,1,1,1,3.565,39.9201
Test07_NG_dchg,방전,NG,1661,0,1,1,1,3.5477,39.9957
Test07_NG_dchg,방전,NG,1662,0,1,1,1,3.5877,39.8712
Test07_NG_dchg,방전,NG,1663,0,1,1,1,3.6906,39.6071
Test07_NG_dchg,방전,NG,1664,0,1,1,1,3.7959,39.3924
Test07_NG_dchg,방전,NG,1665,0,1,1,1,3.6217,39.7795
Test07_NG_dchg,방전,NG,1666,0,1,1,1,3.6475,39.7163
Test07_NG_dchg,방전,NG,1667,0,1,1,1,3.5791,39.9014
Test07_NG_dchg,방전,NG,1668,0,1,1,1,3.5123,40.079
Test07_NG_dchg,방전,NG,1669,0,1,1,1,3.753,39.4196
Test07_NG_dchg,방전,NG,1670,0,1,1,1,3.6208,39.7615
Test07_NG_dchg,방전,NG,1671,0,1,1,1,3.6585,39.6875
Test07_NG_dchg,방전,NG,1672,0,1,1,1,3.6375,39.73
Test07_NG_dchg,방전,NG,1673,0,1,1,1,3.2777,40.7399
Test07_NG_dchg,방전,NG,1674,0,1,1,1,3.5837,39.8865
Test07_NG_dchg,방전,NG,1675,0,1,1,1,3.6095,39.8241
Test07_NG_dchg,방전,NG,1676,0,1,1,1,3.5799,39.9827
Test07_NG_dchg,방전,NG,1677,0,1,1,1,3.2391,40.8544
Test07_NG_dchg,방전,NG,1678,0,1,1,1,3.6344,39.7721
Test07_NG_dchg,방전,NG,1679,0,1,1,1,3.4826,40.2016
Test07_NG_dchg,방전,NG,1680,0,1,1,1,3.7686,39.3984
Test07_NG_dchg,방전,NG,1681,0,1,1,1,3.7595,39.4202
Test07_NG_dchg,방전,NG,1682,0,1,1,1,3.5447,40.0301
Test07_NG_dchg,방전,NG,1683,0,1,1,1,3.7031,39.6063
Test07_NG_dchg,방전,NG,1684,0,1,1,1,3.4674,38.636
Test07_NG_dchg,방전,NG,1685,0,1,1,1,3.7887,39.3357
Test07_NG_dchg,방전,NG,1686,0,1,1,1,3.5742,39.8921
Test07_NG_dchg,방전,NG,1687,0,1,1,1,3.7796,39.3425
Test07_NG_dchg,방전,NG,1688,0,1,1,1,3.5042,40.0993
Test07_NG_dchg,방전,NG,1689,0,1,1,1,3.5657,39.9282
Test07_NG_dchg,방전,NG,1690,0,1,1,1,3.6011,39.8488
Test07_NG_dchg,방전,NG,1691,0,1,1,1,3.384,40.4129
Test07_NG_dchg,방전,NG,1692,0,1,1,1,3.8395,39.253
Test07_NG_dchg,방전,NG,1693,0,1,1,1,3.4519,40.2909
Test07_NG_dchg,방전,NG,1694,0,1,1,1,3.5735,39.9493
Test07_NG_dchg,방전,NG,1695,0,1,1,1,3.3076,39.0217
Test07_NG_dchg,방전,NG,1696,0,1,1,1,3.5007,40.1481
Test07_NG_dchg,방전,NG,1697,0,1,1,1,3.4897,40.1671
Test07_NG_dchg,방전,NG,1698,0,1,1,1,3.555,40.0291
Test07_NG_dchg,방전,NG,1699,0,1,1,1,3.5937,39.8659
Test07_NG_dchg,방전,NG,1700,0,1,1,1,3.622,39.8336
Test07_NG_dchg,방전,NG,1701,0,1,1,1,3.7132,39.5808
Test07_NG_dchg,방전,NG,1702,0,1,1,1,3.7077,39.5618
Test07_NG_dchg,방전,NG,1703,0,1,1,1,3.7735,39.3745
Test07_NG_dchg,방전,NG,1704,0,1,1,1,3.5642,39.9126
Test07_NG_dchg,방전,NG,1705,0,1,1,1,3.8313,39.2179
Test07_NG_dchg,방전,NG,1706,0,1,1,1,3.7505,39.4257
Test07_NG_dchg,방전,NG,1707,0,1,1,1,3.7219,39.4992
Test07_NG_dchg,방전,NG,1708,0,1,1,1,3.7758,39.3696
Test07_NG_dchg,방전,NG,1709,0,1,1,1,3.3876,40.3948
Test07_NG_dchg,방전,NG,1710,0,1,1,1,3.7304,39.4904
Test07_NG_dchg,방전,NG,1711,0,1,1,1,3.5788,39.9127
Test07_NG_dchg,방전,NG,1712,0,1,1,1,3.5467,40.005
Test07_NG_dchg,방전,NG,1713,0,1,1,1,3.6525,38.217
Test07_NG_dchg,방전,NG,1714,0,1,1,1,3.6168,39.7897
Test07_NG_dchg,방전,NG,1715,0,1,1,1,3.6986,38.056
Test07_NG_dchg,방전,NG,1716,0,1,1,1,3.5716,39.9309
Test07_NG_dchg,방전,NG,1717,0,1,1,1,3.6594,39.6913
Test07_NG_dchg,방전,NG,1718,0,1,1,1,3.7673,39.3922
Test07_NG_dchg,방전,NG,1719,0,1,1,1,3.8257,39.2399
Test07_NG_dchg,방전,NG,1720,0,1,1,1,3.4487,40.2892
Test07_NG_dchg,방전,NG,1721,0,1,1,1,3.799,39.3354
Test07_NG_dchg,방전,NG,1722,0,1,1,1,3.3974,40.456
Test07_NG_dchg,방전,NG,1723,0,1,1,1,3.7499,39.4841
Test07_NG_dchg,방전,NG,1724,0,1,1,1,3.4991,40.1691
Test07_NG_dchg,방전,NG,1725,0,1,1,1,3.6535,39.7335
Test07_NG_dchg,방전,NG,1726,0,1,1,1,3.6156,39.8445
Test07_NG_dchg,방전,NG,1727,0,1,1,1,3.4655,40.2289
Test07_NG_dchg,방전,NG,1728,0,1,1,1,3.522,40.1139
Test07_NG_dchg,방전,NG,1729,0,1,1,1,3.6494,39.7037
Test07_NG_dchg,방전,NG,1730,0,1,1,1,3.559,39.9599
Test07_NG_dchg,방전,NG,1731,0,1,1,1,3.4721,40.2107
Test07_NG_dchg,방전,NG,1732,0,1,1,1,3.6709,39.7059
Test07_NG_dchg,방전,NG,1733,0,1,1,1,3.6432,39.7644
Test07_NG_dchg,방전,NG,1734,0,1,1,1,3.555,39.9807
Test07_NG_dchg,방전,NG,1735,0,1,1,1,3.6408,39.7733
Test07_NG_dchg,방전,NG,1736,0,1,1,1,3.4211,40.3512
Test07_NG_dchg,방전,NG,1737,0,1,1,1,3.3892,38.822
Test07_NG_dchg,방전,NG,1738,0,1,1,1,3.1818,40.9995
Test07_NG_dchg,방전,NG,1739,0,1,1,1,3.6338,39.7648
Test07_NG_dchg,방전,NG,1740,0,1,1,1,3.7056,39.6025
Test07_NG_dchg,방전,NG,1741,0,1,1,1,3.431,40.3126
Test07_NG_dchg,방전,NG,1742,0,1,1,1,3.5502,40.0338
Test07_NG_dchg,방전,NG,1743,0,1,1,1,3.653,39.7126
Test07_NG_dchg,방전,NG,1744,0,1,1,1,3.561,39.9268
Test07_NG_dchg,방전,NG,1745,0,1,1,1,3.5714,39.9555
Test07_NG_dchg,방전,NG,1746,0,1,1,1,3.5737,39.9348
Test07_NG_dchg,방전,NG,1747,0,1,1,1,3.6264,39.7716
Test07_NG_dchg,방전,NG,1748,0,1,1,1,3.6218,39.7971
Test07_NG_dchg,방전,NG,1749,0,1,1,1,3.7856,39.3752
Test07_NG_dchg,방전,NG,1750,0,1,1,1,3.3258,39.0081
Test07_NG_dchg,방전,NG,1751,0,1,1,1,3.5628,39.918
Test07_NG_dchg,방전,NG,1752,0,1,1,1,3.4804,40.2119
Test07_NG_dchg,방전,NG,1753,0,1,1,1,3.4334,40.3017
Test07_NG_dchg,방전,NG,1754,0,1,1,1,3.785,39.4114
Test07_NG_dchg,방전,NG,1755,0,1,1,1,3.6042,39.8459
Test07_NG_dchg,방전,NG,1756,0,1,1,1,3.6044,39.8233
Test07_NG_dchg,방전,NG,1757,0,1,1,1,3.4826,40.1595
Test07_NG_dchg,방전,NG,1758,0,1,1,1,3.7434,39.4826
Test07_NG_dchg,방전,NG,1759,0,1,1,1,3.3686,40.5082
Test07_NG_dchg,방전,NG,1760,0,1,1,1,3.7331,37.9795
Test07_NG_dchg,방전,NG,1761,0,1,1,1,3.6254,39.773
Test07_NG_dchg,방전,NG,1762,0,1,1,1,3.3198,40.6121
Test07_NG_dchg,방전,NG,1763,0,1,1,1,3.6423,39.7239
Test07_NG_dchg,방전,NG,1764,0,1,1,1,3.431,40.3604
Test07_NG_dchg,방전,NG,1765,0,1,1,1,3.5945,39.8863
Test07_NG_dchg,방전,NG,1766,0,1,1,1,3.3131,40.6424
Test07_NG_dchg,방전,NG,1767,0,1,1,1,3.397,40.4283
Test07_NG_dchg,방전,NG,1768,0,1,1,1,3.6428,39.7439
Test07_NG_dchg,방전,NG,1769,0,1,1,1,3.517,40.1098
Test07_NG_dchg,방전,NG,1770,0,1,1,1,3.5093,40.1598
Test07_NG_dchg,방전,NG,1771,0,1,1,1,3.2543,40.8689
Test07_NG_dchg,방전,NG,1772,0,1,1,1,3.5788,39.941
Test07_NG_dchg,방전,NG,1773,0,1,1,1,3.4091,40.4067
Test07_NG_dchg,방전,NG,1774,0,1,1,1,3.5617,39.9938
Test07_NG_dchg,방전,NG,1775,0,1,1,1,3.3619,40.5337
Test07_NG_dchg,방전,NG,1776,0,1,1,1,3.3809,40.4921
Test07_NG_dchg,방전,NG,1777,0,1,1,1,3.7546,39.4426
Test07_NG_dchg,방전,NG,1778,0,1,1,1,3.3521,38.9121
Test07_NG_dchg,방전,NG,1779,0,1,1,1,3.4137,40.3792
Test07_NG_dchg,방전,NG,1780,0,1,1,1,3.6353,39.794
Test07_NG_dchg,방전,NG,1781,0,1,1,1,3.6893,39.6492
Test07_NG_dchg,방전,NG,1782,0,1,1,1,3.506,40.1568
Test07_NG_dchg,방전,NG,1783,0,1,1,1,3.514,40.0843
Test07_NG_dchg,방전,NG,1784,0,1,1,1,3.3735,40.5062
Test07_NG_dchg,방전,NG,1785,0,1,1,1,3.601,39.8866
Test07_NG_dchg,방전,NG,1786,0,1,1,1,3.4338,40.2921
Test07_NG_dchg,방전,NG,1787,0,1,1,1,3.3628,38.8989
Test07_NG_dchg,방전,NG,1788,0,1,1,1,3.484,40.1734
Test07_NG_dchg,방전,NG,1789,0,1,1,1,3.7152,39.5683
Test07_NG_dchg,방전,NG,1790,0,1,1,1,3.573,39.9416
Test07_NG_dchg,방전,NG,1791,0,1,1,1,3.4768,40.1665
Test07_NG_dchg,방전,NG,1792,0,1,1,1,3.6718,39.6596
Test07_NG_dchg,방전,NG,1793,0,1,1,1,3.6705,39.6825
Test07_NG_dchg,방전,NG,1794,0,1,1,1,3.7489,39.4685
Test07_NG_dchg,방전,NG,1795,0,1,1,1,3.6649,39.6903
Test07_NG_dchg,방전,NG,1796,0,1,1,1,3.4088,38.7438
Test07_NG_dchg,방전,NG,1797,0,1,1,1,3.6891,38.0817
Test07_NG_dchg,방전,NG,1798,0,1,1,1,3.5557,39.9537
Test07_NG_dchg,방전,NG,1799,0,1,1,1,3.7784,39.4295
Test07_NG_dchg,방전,NG,1800,0,1,1,1,3.7688,39.4119
Test07_NG_dchg,방전,NG,1801,0,1,1,1,3.3942,40.42
Test07_NG_dchg,방전,NG,1802,0,1,1,1,3.6925,39.5774
Test07_NG_dchg,방전,NG,1803,0,1,1,1,3.7504,39.4291
Test07_NG_dchg,방전,NG,1804,0,1,1,1,3.8744,39.1222
Test07_NG_dchg,방전,NG,1805,0,1,1,1,3.5728,39.9299
Test07_NG_dchg,방전,NG,1806,0,1,1,1,3.136,39.4782
Test07_NG_dchg,방전,NG,1807,0,1,1,1,3.43,40.3017
Test07_NG_dchg,방전,NG,1808,0,1,1,1,3.6993,39.5927
Test07_NG_dchg,방전,NG,1809,0,1,1,1,3.7007,39.596
Test07_NG_dchg,방전,NG,1810,0,1,1,1,3.5265,40.0879
Test07_NG_dchg,방전,NG,1811,0,1,1,1,3.8424,39.2784
Test07_NG_dchg,방전,NG,1812,0,1,1,1,3.4919,40.1197
Test07_NG_dchg,방전,NG,1813,0,1,1,1,3.6121,39.8416
Test07_NG_dchg,방전,NG,1814,0,1,1,1,3.7281,39.4784
Test07_NG_dchg,방전,NG,1815,0,1,1,1,3.6847,39.6659
Test07_NG_dchg,방전,NG,1816,0,1,1,1,3.5658,39.9183
Test07_NG_dchg,방전,NG,1817,0,1,1,1,3.737,39.469
Test07_NG_dchg,방전,NG,1818,0,1,1,1,3.6317,39.7351
Test07_NG_dchg,방전,NG,1819,0,1,1,1,3.6546,39.6573
Test07_NG_dchg,방전,NG,1820,0,1,1,1,3.7606,39.3943
Test07_NG_dchg,방전,NG,1821,0,1,1,1,3.5196,40.0529
Test07_NG_dchg,방전,NG,1822,0,1,1,1,3.7004,39.565
Test07_NG_dchg,방전,NG,1823,0,1,1,1,3.6467,39.7048
Test07_NG_dchg,방전,NG,1824,0,1,1,1,3.5605,39.9674
Test07_NG_dchg,방전,NG,1825,0,1,1,1,3.6328,39.7515
Test07_NG_dchg,방전,NG,1826,0,1,1,1,3.6364,39.7456
Test07_NG_dchg,방전,NG,1827,0,1,1,1,3.7004,39.6104
Test07_NG_dchg,방전,NG,1828,0,1,1,1,3.6361,39.7568
Test07_NG_dchg,방전,NG,1829,0,1,1,1,3.7681,39.4121
Test07_NG_dchg,방전,NG,1830,0,1,1,1,3.7002,39.6061
Test07_NG_dchg,방전,NG,1831,0,1,1,1,3.9013,39.0849
Test07_NG_dchg,방전,NG,1832,0,1,1,1,3.375,40.4361
Test07_NG_dchg,방전,NG,1833,0,1,1,1,3.7082,39.565
Test07_NG_dchg,방전,NG,1834,0,1,1,1,3.6897,39.5933
Test07_NG_dchg,방전,NG,1835,0,1,1,1,3.5528,39.9473
Test07_NG_dchg,방전,NG,1836,0,1,1,1,3.6963,39.5775
Test07_NG_dchg,방전,NG,1837,0,1,1,1,3.701,39.6182
Test07_NG_dchg,방전,NG,1838,0,1,1,1,3.1948,40.9934
Test07_NG_dchg,방전,NG,1839,0,1,1,1,3.5971,39.8366
Test07_NG_dchg,방전,NG,1840,0,1,1,1,3.603,39.832
Test07_NG_dchg,방전,NG,1841,0,1,1,1,3.5609,39.9688
Test07_NG_dchg,방전,NG,1842,0,1,1,1,3.5955,39.8738
Test07_NG_dchg,방전,NG,1843,0,1,1,1,3.5926,39.8797
Test07_NG_dchg,방전,NG,1844,0,1,1,1,3.6868,39.6247
Test07_NG_dchg,방전,NG,1845,0,1,1,1,3.4677,40.2173
Test07_NG_dchg,방전,NG,1846,0,1,1,1,3.3748,40.4347
Test07_NG_dchg,방전,NG,1847,0,1,1,1,3.5383,39.9982
Test07_NG_dchg,방전,NG,1848,0,1,1,1,3.592,39.8414
Test07_NG_dchg,방전,NG,1849,0,1,1,1,3.6616,39.7133
Test07_NG_dchg,방전,NG,1850,0,1,1,1,3.6578,39.7165
Test07_NG_dchg,방전,NG,1851,0,1,1,1,3.5767,39.931
Test07_NG_dchg,방전,NG,1852,0,1,1,1,3.7353,39.4905
Test07_NG_dchg,방전,NG,1853,0,1,1,1,3.6248,39.7795
Test07_NG_dchg,방전,NG,1854,0,1,1,1,3.2095,40.9633
Test07_NG_dchg,방전,NG,1855,0,1,1,1,3.6543,39.7287
Test07_NG_dchg,방전,NG,1856,0,1,1,1,3.4359,40.3006
Test07_NG_dchg,방전,NG,1857,0,1,1,1,3.3318,40.5719
Test07_NG_dchg,방전,NG,1858,0,1,1,1,3.6044,39.8494
Test07_NG_dchg,방전,NG,1859,0,1,1,1,3.6804,39.5989
Test07_NG_dchg,방전,NG,1860,0,1,1,1,3.6719,39.6213
Test07_NG_dchg,방전,NG,1861,0,1,1,1,3.3826,40.4577
Test07_NG_dchg,방전,NG,1862,0,1,1,1,3.4182,40.3615
Test07_NG_dchg,방전,NG,1863,0,1,1,1,3.5824,39.9167
Test07_NG_dchg,방전,NG,1864,0,1,1,1,3.3252,40.6182
Test07_NG_dchg,방전,NG,1865,0,1,1,1,3.5919,39.9253
Test07_NG_dchg,방전,NG,1866,0,1,1,1,3.7031,39.6273
Test07_NG_dchg,방전,NG,1867,0,1,1,1,3.8096,39.3823
Test07_NG_dchg,방전,NG,1868,0,1,1,1,3.3371,40.5437
Test07_NG_dchg,방전,NG,1869,0,1,1,1,3.5566,39.9845
Test07_NG_dchg,방전,NG,1870,0,1,1,1,3.615,39.8287
Test07_NG_dchg,방전,NG,1871,0,1,1,1,3.681,39.6244
Test07_NG_dchg,방전,NG,1872,0,1,1,1,3.3364,40.5728
Test07_NG_dchg,방전,NG,1873,0,1,1,1,3.9024,39.0447
Test07_NG_dchg,방전,NG,1874,0,1,1,1,3.7263,39.4773
Test07_NG_dchg,방전,NG,1875,0,1,1,1,3.6508,39.6843
Test07_NG_dchg,방전,NG,1876,0,1,1,1,3.5883,39.8767
Test07_NG_dchg,방전,NG,1877,0,1,1,1,3.5939,39.8585
Test07_NG_dchg,방전,NG,1878,0,1,1,1,3.3732,40.4683
Test07_NG_dchg,방전,NG,1879,0,1,1,1,3.674,38.086
Test07_NG_dchg,방전,NG,1880,0,1,1,1,3.4523,40.2366
Test07_NG_dchg,방전,NG,1881,0,1,1,1,3.4985,40.1095
Test07_NG_dchg,방전,NG,1882,0,1,1,1,3.3871,40.4204
Test07_NG_dchg,방전,NG,1883,0,1,1,1,3.6889,38.0703
Test07_NG_dchg,방전,NG,1884,0,1,1,1,3.7316,39.5199
Test07_NG_dchg,방전,NG,1885,0,1,1,1,3.514,40.1092
Test07_NG_dchg,방전,NG,1886,0,1,1,1,3.3962,40.4043
Test07_NG_dchg,방전,NG,1887,0,1,1,1,3.4073,38.7778
Test07_NG_dchg,방전,NG,1888,0,1,1,1,3.4741,40.1681
Test07_NG_dchg,방전,NG,1889,0,1,1,1,3.6808,39.6035
Test07_NG_dchg,방전,NG,1890,0,1,1,1,3.3706,40.4923
Test07_NG_dchg,방전,NG,1891,0,1,1,1,3.5826,39.882
Test07_NG_dchg,방전,NG,1892,0,1,1,1,3.4797,40.1882
Test07_NG_dchg,방전,NG,1893,0,1,1,1,3.5783,39.9271
Test07_NG_dchg,방전,NG,1894,0,1,1,1,3.6897,39.6312
Test07_NG_dchg,방전,NG,1895,0,1,1,1,3.5146,38.5065
Test07_NG_dchg,방전,NG,1896,0,1,1,1,3.4891,40.1507
Test07_NG_dchg,방전,NG,1897,0,1,1,1,3.6466,39.7897
Test07_NG_dchg,방전,NG,1898,0,1,1,1,3.4782,40.2176
Test07_NG_dchg,방전,NG,1899,0,1,1,1,3.6971,39.5981
Test07_NG_dchg,방전,NG,1900,0,1,1,1,3.7864,39.342
Test07_NG_dchg,방전,NG,1901,0,1,1,1,3.6114,39.8034
Test07_NG_dchg,방전,NG,1902,0,1,1,1,3.4669,40.1933
Test07_NG_dchg,방전,NG,1903,0,1,1,1,3.6057,39.7948
Test07_NG_dchg,방전,NG,1904,0,1,1,1,3.8126,39.2986
Test07_NG_dchg,방전,NG,1905,0,1,1,1,3.2825,40.7282
Test07_NG_dchg,방전,NG,1906,0,1,1,1,3.6023,39.8213
Test07_NG_dchg,방전,NG,1907,0,1,1,1,3.4173,40.3109
Test07_NG_dchg,방전,NG,1908,0,1,1,1,3.661,39.6962
Test07_NG_dchg,방전,NG,1909,0,1,1,1,3.6421,39.7182
Test07_NG_dchg,방전,NG,1910,0,1,1,1,3.7286,39.5145
Test07_NG_dchg,방전,NG,1911,0,1,1,1,3.664,39.7106
Test07_NG_dchg,방전,NG,1912,0,1,1,1,3.5023,40.0906
Test07_NG_dchg,방전,NG,1913,0,1,1,1,3.6781,39.6121
Test07_NG_dchg,방전,NG,1914,0,1,1,1,3.4366,40.2705
Test07_NG_dchg,방전,NG,1915,0,1,1,1,3.4924,40.1377
Test07_NG_dchg,방전,NG,1916,0,1,1,1,3.3619,38.8693
Test07_NG_dchg,방전,NG,1917,0,1,1,1,3.6647,39.6558
Test07_NG_dchg,방전,NG,1918,0,1,1,1,3.4644,40.205
Test07_NG_dchg,방전,NG,1919,0,1,1,1,3.7205,39.5473
Test07_NG_dchg,방전,NG,1920,0,1,1,1,3.5527,40.0097
Test07_NG_dchg,방전,NG,1921,0,1,1,1,3.4632,40.2409
Test07_NG_dchg,방전,NG,1922,0,1,1,1,3.7778,39.4434
Test07_NG_dchg,방전,NG,1923,0,1,1,1,3.7262,39.4974
Test07_NG_dchg,방전,NG,1924,0,1,1,1,3.4296,40.3164
Test07_NG_dchg,방전,NG,1925,0,1,1,1,3.7297,39.514
Test07_NG_dchg,방전,NG,1926,0,1,1,1,3.7161,39.5204
Test07_NG_dchg,방전,NG,1927,0,1,1,1,3.464,40.2166
Test07_NG_dchg,방전,NG,1928,0,1,1,1,3.5396,39.9921
Test07_NG_dchg,방전,NG,1929,0,1,1,1,3.6037,39.8101
Test07_NG_dchg,방전,NG,1930,0,1,1,1,3.2602,40.7846
Test07_NG_dchg,방전,NG,1931,0,1,1,1,3.5464,39.9987
Test07_NG_dchg,방전,NG,1932,0,1,1,1,3.1838,41.0131
Test07_NG_dchg,방전,NG,1933,0,1,1,1,3.6548,39.7718
Test07_NG_dchg,방전,NG,1934,0,1,1,1,3.4714,38.6034
Test07_NG_dchg,방전,NG,1935,0,1,1,1,3.7425,39.5169
Test07_NG_dchg,방전,NG,1936,0,1,1,1,3.7861,39.3583
Test07_NG_dchg,방전,NG,1937,0,1,1,1,3.5526,39.9574
Test07_NG_dchg,방전,NG,1938,0,1,1,1,3.4041,40.3814
Test07_NG_dchg,방전,NG,1939,0,1,1,1,3.3959,40.4308
Test07_NG_dchg,방전,NG,1940,0,1,1,1,3.3441,40.5574
Test07_NG_dchg,방전,NG,1941,0,1,1,1,3.4682,40.2067
Test07_NG_dchg,방전,NG,1942,0,1,1,1,3.6621,39.6637
Test07_NG_dchg,방전,NG,1943,0,1,1,1,3.6454,39.7154
Test07_NG_dchg,방전,NG,1944,0,1,1,1,3.5957,39.8349
Test07_NG_dchg,방전,NG,1945,0,1,1,1,3.5124,40.0979
Test07_NG_dchg,방전,NG,1946,0,1,1,1,3.8452,39.2493
Test07_NG_dchg,방전,NG,1947,0,1,1,1,3.5024,40.1151
Test07_NG_dchg,방전,NG,1948,0,1,1,1,3.5749,39.9196
Test07_NG_dchg,방전,NG,1949,0,1,1,1,3.5155,40.0449
Test07_NG_dchg,방전,NG,1950,0,1,1,1,3.6937,39.6301
Test07_NG_dchg,방전,NG,1951,0,1,1,1,3.4537,40.202
Test07_NG_dchg,방전,NG,1952,0,1,1,1,3.5458,39.9613
Test07_NG_dchg,방전,NG,1953,0,1,1,1,3.4924,40.1014
Test07_NG_dchg,방전,NG,1954,0,1,1,1,3.8102,39.247
Test07_NG_dchg,방전,NG,1955,0,1,1,1,3.8244,39.2196
Test07_NG_dchg,방전,NG,1956,0,1,1,1,3.3906,40.4212
Test07_NG_dchg,방전,NG,1957,0,1,1,1,3.4271,40.2827
Test07_NG_dchg,방전,NG,1958,0,1,1,1,3.5535,39.9767
Test07_NG_dchg,방전,NG,1959,0,1,1,1,3.5935,39.8735
Test07_NG_dchg,방전,NG,1960,0,1,1,1,3.5442,40.0132
Test07_NG_dchg,방전,NG,1961,0,1,1,1,3.5254,40.063
Test07_NG_dchg,방전,NG,1962,0,1,1,1,3.6669,39.6863
Test07_NG_dchg,방전,NG,1963,0,1,1,1,3.5271,40.0315
Test07_NG_dchg,방전,NG,1964,0,1,1,1,3.4979,40.1629
Test07_NG_dchg,방전,NG,1965,0,1,1,1,3.7302,39.491
Test07_NG_dchg,방전,NG,1966,0,1,1,1,3.3425,40.5484
Test07_NG_dchg,방전,NG,1967,0,1,1,1,3.4571,40.2225
Test07_NG_dchg,방전,NG,1968,0,1,1,1,3.5289,40.037
Test07_NG_dchg,방전,NG,1969,0,1,1,1,3.5865,39.9259
Test07_NG_dchg,방전,NG,1970,0,1,1,1,3.5051,40.093
Test07_NG_dchg,방전,NG,1971,0,1,1,1,3.6893,39.632
Test07_NG_dchg,방전,NG,1972,0,1,1,1,3.548,40.0376
Test07_NG_dchg,방전,NG,1973,0,1,1,1,3.5457,40.0042
Test07_NG_dchg,방전,NG,1974,0,1,1,1,3.4852,40.148
Test07_NG_dchg,방전,NG,1975,0,1,1,1,3.4038,38.7724
Test07_NG_dchg,방전,NG,1976,0,1,1,1,3.4944,40.1393
Test07_NG_dchg,방전,NG,1977,0,1,1,1,3.5876,39.8864
Test07_NG_dchg,방전,NG,1978,0,1,1,1,3.6165,39.8105
Test07_NG_dchg,방전,NG,1979,0,1,1,1,3.5558,39.9713
Test07_NG_dchg,방전,NG,1980,0,1,1,1,3.754,39.4536
Test07_NG_dchg,방전,NG,1981,0,1,1,1,3.5348,40.0102
Test07_NG_dchg,방전,NG,1982,0,1,1,1,3.5251,40.0452
Test07_NG_dchg,방전,NG,1983,0,1,1,1,3.4834,40.1601
Test07_NG_dchg,방전,NG,1984,0,1,1,1,3.2879,40.7097
Test07_NG_dchg,방전,NG,1985,0,1,1,1,3.5126,40.1397
Test07_NG_dchg,방전,NG,1986,0,1,1,1,3.7249,39.5443
Test07_NG_dchg,방전,NG,1987,0,1,1,1,3.6047,39.8643
Test07_NG_dchg,방전,NG,1988,0,1,1,1,3.5031,40.1264
Test07_NG_dchg,방전,NG,1989,0,1,1,1,3.4954,40.156
Test07_NG_dchg,방전,NG,1990,0,1,1,1,3.4779,40.1944
Test07_NG_dchg,방전,NG,1991,0,1,1,1,3.6681,39.686
Test07_NG_dchg,방전,NG,1992,0,1,1,1,3.6887,39.6174
Test07_NG_dchg,방전,NG,1993,0,1,1,1,3.5609,39.9557
Test07_NG_dchg,방전,NG,1994,0,1,1,1,3.4316,40.3277
Test07_NG_dchg,방전,NG,1995,0,1,1,1,3.4995,40.1149
Test07_NG_dchg,방전,NG,1996,0,1,1,1,3.6533,39.7013
Test07_NG_dchg,방전,NG,1997,0,1,1,1,3.38,40.4125
Test07_NG_dchg,방전,NG,1998,0,1,1,1,3.2334,40.8605
Test07_NG_dchg,방전,NG,1999,0,1,1,1,3.5437,39.9937
Test07_NG_dchg,방전,NG,2000,0,1,1,1,3.5408,40.0138
Test07_NG_dchg,방전,NG,2001,0,1,1,1,3.4361,40.3267
Test07_NG_dchg,방전,NG,2002,0,1,1,1,3.4448,40.2564
Test07_NG_dchg,방전,NG,2003,0,1,1,1,3.501,40.1577
Test07_NG_dchg,방전,NG,2004,0,1,1,1,3.6442,39.7497
Test07_NG_dchg,방전,NG,2005,0,1,1,1,3.4079,40.3716
Test07_NG_dchg,방전,NG,2006,0,1,1,1,3.5763,39.8832
Test07_NG_dchg,방전,NG,2007,0,1,1,1,3.8127,39.3297
Test07_NG_dchg,방전,NG,2008,0,1,1,1,3.5031,40.1057
Test07_NG_dchg,방전,NG,2009,0,1,1,1,3.4735,40.2015
Test07_NG_dchg,방전,NG,2010,0,1,1,1,3.7015,39.6163
Test07_NG_dchg,방전,NG,2011,0,1,1,1,3.5584,39.9474
Test07_NG_dchg,방전,NG,2012,0,1,1,1,3.689,39.5928
Test07_NG_dchg,방전,NG,2013,0,1,1,1,3.6246,39.7889
Test07_NG_dchg,방전,NG,2014,0,1,1,1,3.2521,39.1687
Test07_NG_dchg,방전,NG,2015,0,1,1,1,3.7012,39.5948
Test07_NG_dchg,방전,NG,2016,0,1,1,1,3.7393,39.4594
Test07_NG_dchg,방전,NG,2017,0,1,1,1,3.4116,40.3356
Test07_NG_dchg,방전,NG,2018,0,1,1,1,3.5468,39.9903
Test07_NG_dchg,방전,NG,2019,0,1,1,1,3.6911,39.6089
Test07_NG_dchg,방전,NG,2020,0,1,1,1,3.4223,40.3104
Test07_NG_dchg,방전,NG,2021,0,1,1,1,3.4867,40.136
Test07_NG_dchg,방전,NG,2022,0,1,1,1,3.1756,41.0362
Test07_NG_dchg,방전,NG,2023,0,1,1,1,3.3288,38.9716
Test07_NG_dchg,방전,NG,2024,0,1,1,1,3.721,39.5416
Test07_NG_dchg,방전,NG,2025,0,1,1,1,3.5192,40.1063
Test07_NG_dchg,방전,NG,2026,0,1,1,1,3.6483,39.7346
Test07_NG_dchg,방전,NG,2027,0,1,1,1,3.5472,40.0224
Test07_NG_dchg,방전,NG,2028,0,1,1,1,3.6586,39.7164
Test07_NG_dchg,방전,NG,2029,0,1,1,1,3.5186,40.0961
Test07_NG_dchg,방전,NG,2030,0,1,1,1,3.626,39.7707
Test07_NG_dchg,방전,NG,2031,0,1,1,1,3.315,40.6346
Test07_NG_dchg,방전,NG,2032,0,1,1,1,3.5401,40.0044
Test07_NG_dchg,방전,NG,2033,0,1,1,1,3.5049,40.0951
Test07_NG_dchg,방전,NG,2034,0,1,1,1,3.6309,39.7392
Test07_NG_dchg,방전,NG,2035,0,1,1,1,3.5795,39.9003
Test07_NG_dchg,방전,NG,2036,0,1,1,1,3.3739,40.4365
Test07_NG_dchg,방전,NG,2037,0,1,1,1,3.6976,39.5707
Test07_NG_dchg,방전,NG,2038,0,1,1,1,3.4542,40.2759
Test07_NG_dchg,방전,NG,2039,0,1,1,1,3.4145,40.3578
Test07_NG_dchg,방전,NG,2040,0,1,1,1,3.516,40.1136
Test07_NG_dchg,방전,NG,2041,0,1,1,1,3.7068,39.5694
Test07_NG_dchg,방전,NG,2042,0,1,1,1,3.3938,40.4054
Test07_NG_dchg,방전,NG,2043,0,1,1,1,3.5369,40.0197
Test07_NG_dchg,방전,NG,2044,0,1,1,1,3.4586,40.2327
Test07_NG_dchg,방전,NG,2045,0,1,1,1,3.6291,39.8435
Test07_NG_dchg,방전,NG,2046,0,1,1,1,3.407,40.3521
Test07_NG_dchg,방전,NG,2047,0,1,1,1,3.5304,40.0179
Test07_NG_dchg,방전,NG,2048,0,1,1,1,3.4656,40.1907
Test07_NG_dchg,방전,NG,2049,0,1,1,1,3.5169,38.4884
Test07_NG_dchg,방전,NG,2050,0,1,1,1,3.5294,40.0237
Test07_NG_dchg,방전,NG,2051,0,1,1,1,3.5116,40.0553
Test07_NG_dchg,방전,NG,2052,0,1,1,1,3.5151,40.0627
Test07_NG_dchg,방전,NG,2053,0,1,1,1,3.8637,39.1494
Test07_NG_dchg,방전,NG,2054,0,1,1,1,3.5562,39.9528
Test07_NG_dchg,방전,NG,2055,0,1,1,1,3.3583,40.4953
Test07_NG_dchg,방전,NG,2056,0,1,1,1,3.2853,40.6981
Test07_NG_dchg,방전,NG,2057,0,1,1,1,3.4929,40.1101
Test07_NG_dchg,방전,NG,2058,0,1,1,1,3.1692,41.0188
Test07_NG_dchg,방전,NG,2059,0,1,1,1,3.4849,40.1513
Test07_NG_dchg,방전,NG,2060,0,1,1,1,3.5804,39.9282
Test07_NG_dchg,방전,NG,2061,0,1,1,1,3.6424,39.7425
Test07_NG_dchg,방전,NG,2062,0,1,1,1,3.3776,40.4756
Test07_NG_dchg,방전,NG,2063,0,1,1,1,3.4339,40.2992
Test07_NG_dchg,방전,NG,2064,0,1,1,1,3.5903,39.9266
Test07_NG_dchg,방전,NG,2065,0,1,1,1,3.4953,40.1402
Test07_NG_dchg,방전,NG,2066,0,1,1,1,3.6065,39.8337
Test07_NG_dchg,방전,NG,2067,0,1,1,1,3.5154,40.0734
Test07_NG_dchg,방전,NG,2068,0,1,1,1,3.3826,40.4479
Test07_NG_dchg,방전,NG,2069,0,1,1,1,3.2263,40.8832
Test07_NG_dchg,방전,NG,2070,0,1,1,1,3.3821,40.4568
Test07_NG_dchg,방전,NG,2071,0,1,1,1,3.4412,40.3199
Test07_NG_dchg,방전,NG,2072,0,1,1,1,3.4707,40.17
Test07_NG_dchg,방전,NG,2073,0,1,1,1,3.5162,40.0527
Test07_NG_dchg,방전,NG,2074,0,1,1,1,3.5955,39.8751
Test07_NG_dchg,방전,NG,2075,0,1,1,1,3.7624,39.3879
Test07_NG_dchg,방전,NG,2076,0,1,1,1,3.3751,40.4462
Test07_NG_dchg,방전,NG,2077,0,1,1,1,3.6111,39.8187
Test07_NG_dchg,방전,NG,2078,0,1,1,1,3.4268,40.3006
Test07_NG_dchg,방전,NG,2079,0,1,1,1,3.4821,40.133
Test07_NG_dchg,방전,NG,2080,0,1,1,1,3.5661,39.9428
Test07_NG_dchg,방전,NG,2081,0,1,1,1,3.7334,39.5098
Test07_NG_dchg,방전,NG,2082,0,1,1,1,3.5445,40.0184
Test07_NG_dchg,방전,NG,2083,0,1,1,1,3.5026,40.1201
Test07_NG_dchg,방전,NG,2084,0,1,1,1,3.8039,39.3697
Test07_NG_dchg,방전,NG,2085,0,1,1,1,3.4703,40.2004
Test07_NG_dchg,방전,NG,2086,0,1,1,1,3.3261,40.6233
Test07_NG_dchg,방전,NG,2087,0,1,1,1,3.8558,39.1682
Test07_NG_dchg,방전,NG,2088,0,1,1,1,3.4771,40.2243
Test07_NG_dchg,방전,NG,2089,0,1,1,1,3.5303,40.0253
Test07_NG_dchg,방전,NG,2090,0,1,1,1,3.3907,40.3811
Test07_NG_dchg,방전,NG,2091,0,1,1,1,3.5421,39.9823
Test07_NG_dchg,방전,NG,2092,0,1,1,1,3.5845,39.8783
Test07_NG_dchg,방전,NG,2093,0,1,1,1,3.2883,40.7188
Test07_NG_dchg,방전,NG,2094,0,1,1,1,3.5128,40.0735
Test07_NG_dchg,방전,NG,2095,0,1,1,1,3.5516,38.4121
Test07_NG_dchg,방전,NG,2096,0,1,1,1,3.3075,40.6679
Test07_NG_dchg,방전,NG,2097,0,1,1,1,3.6028,39.8344
Test07_NG_dchg,방전,NG,2098,0,1,1,1,3.6029,39.835
Test07_NG_dchg,방전,NG,2099,0,1,1,1,3.4937,40.1424
Test07_NG_dchg,방전,NG,2100,0,1,1,1,3.6574,39.7089
Test07_NG_dchg,방전,NG,2101,0,1,1,1,3.6186,39.8045
Test07_NG_dchg,방전,NG,2102,0,1,1,1,3.796,39.3158
Test07_NG_dchg,방전,NG,2103,0,1,1,1,3.5685,39.9048
Test07_NG_dchg,방전,NG,2104,0,1,1,1,3.5458,39.9706
Test07_NG_dchg,방전,NG,2105,0,1,1,1,3.644,39.7187
Test07_NG_dchg,방전,NG,2106,0,1,1,1,3.6105,39.7896
Test07_NG_dchg,방전,NG,2107,0,1,1,1,3.4647,40.1926
Test07_NG_dchg,방전,NG,2108,0,1,1,1,3.5434,39.9745
Test07_NG_dchg,방전,NG,2109,0,1,1,1,3.4589,40.2261
Test07_NG_dchg,방전,NG,2110,0,1,1,1,3.6744,39.6814
Test07_NG_dchg,방전,NG,2111,0,1,1,1,3.3616,40.4926
Test07_NG_dchg,방전,NG,2112,0,1,1,1,3.4097,40.3716
Test07_NG_dchg,방전,NG,2113,0,1,1,1,3.4719,40.1815
Test07_NG_dchg,방전,NG,2114,0,1,1,1,3.4467,40.2583
Test07_NG_dchg,방전,NG,2115,0,1,1,1,3.7542,39.4462
Test07_NG_dchg,방전,NG,2116,0,1,1,1,3.4877,40.1405
Test07_NG_dchg,방전,NG,2117,0,1,1,1,3.3755,40.4936
Test07_NG_dchg,방전,NG,2118,0,1,1,1,3.4318,40.3196
Test07_NG_dchg,방전,NG,2119,0,1,1,1,3.6142,39.8489
Test07_NG_dchg,방전,NG,2120,0,1,1,1,3.6984,39.6388
Test07_NG_dchg,방전,NG,2121,0,1,1,1,3.6073,39.8688
Test07_NG_dchg,방전,NG,2122,0,1,1,1,3.6125,39.8449
Test07_NG_dchg,방전,NG,2123,0,1,1,1,3.5983,39.876
Test07_NG_dchg,방전,NG,2124,0,1,1,1,3.3156,40.6075
Test07_NG_dchg,방전,NG,2125,0,1,1,1,3.5168,40.0986
Test07_NG_dchg,방전,NG,2126,0,1,1,1,3.4739,40.1879
Test07_NG_dchg,방전,NG,2127,0,1,1,1,3.5922,39.8379
Test07_NG_dchg,방전,NG,2128,0,1,1,1,3.4074,40.3626
Test07_NG_dchg,방전,NG,2129,0,1,1,1,3.6926,39.589
Test07_NG_dchg,방전,NG,2130,0,1,1,1,3.3769,40.4603
Test07_NG_dchg,방전,NG,2131,0,1,1,1,3.5679,39.977
Test07_NG_dchg,방전,NG,2132,0,1,1,1,3.4198,40.3435
Test07_NG_dchg,방전,NG,2133,0,1,1,1,3.2966,40.6623
Test07_NG_dchg,방전,NG,2134,0,1,1,1,3.388,40.4087
Test07_NG_dchg,방전,NG,2135,0,1,1,1,3.5513,39.9472
Test07_NG_dchg,방전,NG,2136,0,1,1,1,3.1631,41.0828
Test07_NG_dchg,방전,NG,2137,0,1,1,1,3.2877,40.7047
Test07_NG_dchg,방전,NG,2138,0,1,1,1,3.3672,40.5162
Test07_NG_dchg,방전,NG,2139,0,1,1,1,3.121,41.1991
Test07_NG_dchg,방전,NG,2140,0,1,1,1,3.5069,40.11
Test07_NG_dchg,방전,NG,2141,0,1,1,1,3.3348,40.5992
Test07_NG_dchg,방전,NG,2142,0,1,1,1,3.465,40.2451
Test07_NG_dchg,방전,NG,2143,0,1,1,1,3.4248,40.356
Test07_NG_dchg,방전,NG,2144,0,1,1,1,3.3325,40.6314
Test07_NG_dchg,방전,NG,2145,0,1,1,1,3.3562,40.5254
Test07_NG_dchg,방전,NG,2146,0,1,1,1,3.5261,40.1003
Test07_NG_dchg,방전,NG,2147,0,1,1,1,3.3535,40.5536
Test07_NG_dchg,방전,NG,2148,0,1,1,1,3.6784,39.7011
Test07_NG_dchg,방전,NG,2149,0,1,1,1,3.5615,39.9772
Test07_NG_dchg,방전,NG,2150,0,1,1,1,3.4265,40.3066
Test07_NG_dchg,방전,NG,2151,0,1,1,1,3.3585,40.5073
Test07_NG_dchg,방전,NG,2152,0,1,1,1,3.4107,40.3666
Test07_NG_dchg,방전,NG,2153,0,1,1,1,3.4823,40.1759
Test07_NG_dchg,방전,NG,2154,0,1,1,1,3.3598,40.5266
Test07_NG_dchg,방전,NG,2155,0,1,1,1,3.2604,40.7686
Test07_NG_dchg,방전,NG,2156,0,1,1,1,3.6566,39.69
Test07_NG_dchg,방전,NG,2157,0,1,1,1,3.6913,39.6088
Test07_NG_dchg,방전,NG,2158,0,1,1,1,3.4778,40.1964
Test07_NG_dchg,방전,NG,2159,0,1,1,1,3.411,40.417
Test07_NG_dchg,방전,NG,2160,0,1,1,1,3.5299,40.0587
Test07_NG_dchg,방전,NG,2161,0,1,1,1,3.312,40.677
Test07_NG_dchg,방전,NG,2162,0,1,1,1,3.721,39.52
Test07_NG_dchg,방전,NG,2163,0,1,1,1,3.5316,40.0425
Test07_NG_dchg,방전,NG,2164,0,1,1,1,3.4489,40.3108
Test07_NG_dchg,방전,NG,2165,0,1,1,1,3.3966,40.4404
Test07_NG_dchg,방전,NG,2166,0,1,1,1,3.4781,40.2275
Test07_NG_dchg,방전,NG,2167,0,1,1,1,3.6236,39.7607
Test07_NG_dchg,방전,NG,2168,0,1,1,1,3.5047,40.115
Test07_NG_dchg,방전,NG,2169,0,1,1,1,3.3883,40.4525
Test07_NG_dchg,방전,NG,2170,0,1,1,1,3.3653,40.4739
Test07_NG_dchg,방전,NG,2171,0,1,1,1,3.3721,40.4737
Test07_NG_dchg,방전,NG,2172,0,1,1,1,3.5871,39.8873
Test07_NG_dchg,방전,NG,2173,0,1,1,1,3.5605,39.9318
Test07_NG_dchg,방전,NG,2174,0,1,1,1,3.5368,40.0146
Test07_NG_dchg,방전,NG,2175,0,1,1,1,3.6317,39.7334
Test07_NG_dchg,방전,NG,2176,0,1,1,1,3.3486,40.5619
Test07_NG_dchg,방전,NG,2177,0,1,1,1,3.469,40.1794
Test07_NG_dchg,방전,NG,2178,0,1,1,1,3.2494,39.1688
Test07_NG_dchg,방전,NG,2179,0,1,1,1,3.347,40.5286
Test07_NG_dchg,방전,NG,2180,0,1,1,1,3.2203,40.8942
Test07_NG_dchg,방전,NG,2181,0,1,1,1,3.2697,40.8328
Test07_NG_dchg,방전,NG,2182,0,1,1,1,3.7603,39.4245
Test07_NG_dchg,방전,NG,2183,0,1,1,1,3.641,39.7203
Test07_NG_dchg,방전,NG,2184,0,1,1,1,3.3492,40.5571
Test07_NG_dchg,방전,NG,2185,0,1,1,1,3.6449,39.7224
Test07_NG_dchg,방전,NG,2186,0,1,1,1,3.4597,40.254
Test07_NG_dchg,방전,NG,2187,0,1,1,1,3.5951,39.8938
Test07_NG_dchg,방전,NG,2188,0,1,1,1,3.4683,40.2409
Test07_NG_dchg,방전,NG,2189,0,1,1,1,3.2709,40.7563
Test07_NG_dchg,방전,NG,2190,0,1,1,1,3.8101,39.2837
Test07_NG_dchg,방전,NG,2191,0,1,1,1,3.5027,40.0917
Test07_NG_dchg,방전,NG,2192,0,1,1,1,3.4777,40.1651
Test07_NG_dchg,방전,NG,2193,0,1,1,1,3.5253,40.0344
Test07_NG_dchg,방전,NG,2194,0,1,1,1,3.3869,40.4252
Test07_NG_dchg,방전,NG,2195,0,1,1,1,3.551,39.9502
Test07_NG_dchg,방전,NG,2196,0,1,1,1,3.3835,38.8116
Test07_NG_dchg,방전,NG,2197,0,1,1,1,3.5458,39.9847
Test07_NG_dchg,방전,NG,2198,0,1,1,1,3.3718,40.4374
Test07_NG_dchg,방전,NG,2199,0,1,1,1,3.4105,40.349
Test07_NG_dchg,방전,NG,2200,0,1,1,1,3.3446,40.5495
Test07_NG_dchg,방전,NG,2201,0,1,1,1,3.4544,38.7169
Test07_NG_dchg,방전,NG,2202,0,1,1,1,3.4653,40.2124
Test07_NG_dchg,방전,NG,2203,0,1,1,1,3.5742,39.9057
Test07_NG_dchg,방전,NG,2204,0,1,1,1,3.5027,40.1065
Test07_NG_dchg,방전,NG,2205,0,1,1,1,3.7522,39.4502
Test07_NG_dchg,방전,NG,2206,0,1,1,1,3.7003,39.6062
Test07_NG_dchg,방전,NG,2207,0,1,1,1,3.3777,40.4618
Test07_NG_dchg,방전,NG,2208,0,1,1,1,3.6463,39.7431
Test07_NG_dchg,방전,NG,2209,0,1,1,1,3.3705,40.47
Test07_NG_dchg,방전,NG,2210,0,1,1,1,3.4905,40.1406
Test07_NG_dchg,방전,NG,2211,0,1,1,1,3.4986,40.1082
Test07_NG_dchg,방전,NG,2212,0,1,1,1,3.5462,40.0353
Test07_NG_dchg,방전,NG,2213,0,1,1,1,3.5043,40.111
Test07_NG_dchg,방전,NG,2214,0,1,1,1,3.2064,40.9366
Test07_NG_dchg,방전,NG,2215,0,1,1,1,3.1914,40.9821
Test07_NG_dchg,방전,NG,2216,0,1,1,1,3.5016,40.1105
Test07_NG_dchg,방전,NG,2217,0,1,1,1,3.3683,40.46
Test07_NG_dchg,방전,NG,2218,0,1,1,1,3.7113,39.6317
Test07_NG_dchg,방전,NG,2219,0,1,1,1,3.212,40.9432
Test07_NG_dchg,방전,NG,2220,0,1,1,1,3.7023,39.5875
Test07_NG_dchg,방전,NG,2221,0,1,1,1,3.7706,39.4404
Test07_NG_dchg,방전,NG,2222,0,1,1,1,3.3103,40.6265
Test07_NG_dchg,방전,NG,2223,0,1,1,1,3.6284,39.8021
Test07_NG_dchg,방전,NG,2224,0,1,1,1,3.4975,40.149
Test07_NG_dchg,방전,NG,2225,0,1,1,1,3.4893,40.154
Test07_NG_dchg,방전,NG,2226,0,1,1,1,3.4932,40.1419
Test07_NG_dchg,방전,NG,2227,0,1,1,1,3.5273,40.0389
Test07_NG_dchg,방전,NG,2228,0,1,1,1,3.3245,40.632
Test07_NG_dchg,방전,NG,2229,0,1,1,1,3.4404,40.2748
Test07_NG_dchg,방전,NG,2230,0,1,1,1,3.6932,39.5766
Test07_NG_dchg,방전,NG,2231,0,1,1,1,3.4256,40.3115
Test07_NG_dchg,방전,NG,2232,0,1,1,1,3.5796,39.91
Test07_NG_dchg,방전,NG,2233,0,1,1,1,3.3009,40.6477
Test07_NG_dchg,방전,NG,2234,0,1,1,1,3.3384,40.5534
Test07_NG_dchg,방전,NG,2235,0,1,1,1,3.5689,39.978
Test07_NG_dchg,방전,NG,2236,0,1,1,1,3.4198,40.3318
Test07_NG_dchg,방전,NG,2237,0,1,1,1,3.5167,40.0791
Test07_NG_dchg,방전,NG,2238,0,1,1,1,3.364,40.4966
Test07_NG_dchg,방전,NG,2239,0,1,1,1,3.6875,39.641
Test07_NG_dchg,방전,NG,2240,0,1,1,1,3.35,40.568
Test07_NG_dchg,방전,NG,2241,0,1,1,1,3.5111,40.1252
Test07_NG_dchg,방전,NG,2242,0,1,1,1,3.3787,40.4426
Test07_NG_dchg,방전,NG,2243,0,1,1,1,3.624,39.8007
Test07_NG_dchg,방전,NG,2244,0,1,1,1,3.5107,40.102
Test07_NG_dchg,방전,NG,2245,0,1,1,1,3.5032,40.1533
Test07_NG_dchg,방전,NG,2246,0,1,1,1,3.5375,40.0588
Test07_NG_dchg,방전,NG,2247,0,1,1,1,3.4385,40.2994
Test07_NG_dchg,방전,NG,2248,0,1,1,1,3.6835,39.6571
Test07_NG_dchg,방전,NG,2249,0,1,1,1,3.4493,40.2539
Test07_NG_dchg,방전,NG,2250,0,1,1,1,3.7374,39.4874
Test07_NG_dchg,방전,NG,2251,0,1,1,1,3.4161,40.354
Test07_NG_dchg,방전,NG,2252,0,1,1,1,3.2688,40.7405
Test07_NG_dchg,방전,NG,2253,0,1,1,1,3.4139,40.3693
Test07_NG_dchg,방전,NG,2254,0,1,1,1,3.716,39.5856
Test07_NG_dchg,방전,NG,2255,0,1,1,1,3.657,39.7241
Test07_NG_dchg,방전,NG,2256,0,1,1,1,3.4471,40.2796
Test07_NG_dchg,방전,NG,2257,0,1,1,1,3.6385,39.7538
Test07_NG_dchg,방전,NG,2258,0,1,1,1,3.4776,40.2259
Test07_NG_dchg,방전,NG,2259,0,1,1,1,3.3541,40.5756
Test07_NG_dchg,방전,NG,2260,0,1,1,1,3.5653,39.9399
Test07_NG_dchg,방전,NG,2261,0,1,1,1,3.7048,39.583
Test07_NG_dchg,방전,NG,2262,0,1,1,1,3.6365,39.7383
Test07_NG_dchg,방전,NG,2263,0,1,1,1,3.5525,39.9521
Test07_NG_dchg,방전,NG,2264,0,1,1,1,3.658,39.6622
Test07_NG_dchg,방전,NG,2265,0,1,1,1,3.3137,40.6368
Test07_NG_dchg,방전,NG,2266,0,1,1,1,3.3621,40.5364
Test07_NG_dchg,방전,NG,2267,0,1,1,1,3.3924,40.4096
Test07_NG_dchg,방전,NG,2268,0,1,1,1,3.5061,40.0869
Test07_NG_dchg,방전,NG,2269,0,1,1,1,3.4611,40.2403
Test07_NG_dchg,방전,NG,2270,0,1,1,1,3.5915,39.8768
Test07_NG_dchg,방전,NG,2271,0,1,1,1,3.5777,39.9408
Test07_NG_dchg,방전,NG,2272,0,1,1,1,3.5179,40.0552
Test07_NG_dchg,방전,NG,2273,0,1,1,1,3.3721,40.485
Test07_NG_dchg,방전,NG,2274,0,1,1,1,3.3895,40.4583
Test07_NG_dchg,방전,NG,2275,0,1,1,1,3.5383,39.9971
Test07_NG_dchg,방전,NG,2276,0,1,1,1,3.6146,39.8281
Test07_NG_dchg,방전,NG,2277,0,1,1,1,3.6823,39.6754
Test07_NG_dchg,방전,NG,2278,0,1,1,1,3.4112,40.3578
Test07_NG_dchg,방전,NG,2279,0,1,1,1,3.3196,40.6088
Test07_NG_dchg,방전,NG,2280,0,1,1,1,3.5464,40.0093
Test07_NG_dchg,방전,NG,2281,0,1,1,1,3.6362,39.7593
Test07_NG_dchg,방전,NG,2282,0,1,1,1,3.4535,40.2595
Test07_NG_dchg,방전,NG,2283,0,1,1,1,3.4363,40.2897
Test07_NG_dchg,방전,NG,2284,0,1,1,1,3.4423,40.3003
Test07_NG_dchg,방전,NG,2285,0,1,1,1,3.5309,40.0002
Test07_NG_dchg,방전,NG,2286,0,1,1,1,3.6417,39.7173
Test07_NG_dchg,방전,NG,2287,0,1,1,1,3.4023,40.3696
Test07_NG_dchg,방전,NG,2288,0,1,1,1,3.4751,38.5646
Test07_NG_dchg,방전,NG,2289,0,1,1,1,3.6213,39.7535
Test07_NG_dchg,방전,NG,2290,0,1,1,1,3.6136,39.8021
Test07_NG_dchg,방전,NG,2291,0,1,1,1,3.3257,40.5856
Test07_NG_dchg,방전,NG,2292,0,1,1,1,3.2849,40.7182
Test07_NG_dchg,방전,NG,2293,0,1,1,1,3.4941,40.1452
Test07_NG_dchg,방전,NG,2294,0,1,1,1,3.566,39.9925
Test07_NG_dchg,방전,NG,2295,0,1,1,1,3.7585,39.4316
Test07_NG_dchg,방전,NG,2296,0,1,1,1,3.8076,39.3358
Test07_NG_dchg,방전,NG,2297,0,1,1,1,3.639,38.2499
Test07_NG_dchg,방전,NG,2298,0,1,1,1,3.4558,40.2209
Test07_NG_dchg,방전,NG,2299,0,1,1,1,3.332,38.9551
Test07_NG_dchg,방전,NG,2300,0,1,1,1,3.2775,39.1439
Test07_NG_dchg,방전,NG,2301,0,1,1,1,3.313,40.6846
Test07_NG_dchg,방전,NG,2302,0,1,1,1,3.3577,40.4705
Test07_NG_dchg,방전,NG,2303,0,1,1,1,3.485,40.1548
Test07_NG_dchg,방전,NG,2304,0,1,1,1,3.6629,39.6906
Test07_NG_dchg,방전,NG,2305,0,1,1,1,3.5554,39.9558
Test07_NG_dchg,방전,NG,2306,0,1,1,1,3.4808,40.1906
Test07_NG_dchg,방전,NG,2307,0,1,1,1,3.4932,40.1394
Test07_NG_dchg,방전,NG,2308,0,1,1,1,3.3729,40.4365
Test07_NG_dchg,방전,NG,2309,0,1,1,1,3.5557,39.992
Test07_NG_dchg,방전,NG,2310,0,1,1,1,3.7773,39.3841
Test07_NG_dchg,방전,NG,2311,0,1,1,1,3.5841,39.8864
Test07_NG_dchg,방전,NG,2312,0,1,1,1,3.5792,39.9167
Test07_NG_dchg,방전,NG,2313,0,1,1,1,3.4164,40.3368
Test07_NG_dchg,방전,NG,2314,0,1,1,1,3.5198,40.0398
Test07_NG_dchg,방전,NG,2315,0,1,1,1,3.4138,38.7309
Test07_NG_dchg,방전,NG,2316,0,1,1,1,3.7389,39.4702
Test07_NG_dchg,방전,NG,2317,0,1,1,1,3.469,40.188
Test07_NG_dchg,방전,NG,2318,0,1,1,1,3.4835,40.1438
Test07_NG_dchg,방전,NG,2319,0,1,1,1,3.3336,38.9433
Test07_NG_dchg,방전,NG,2320,0,1,1,1,3.3636,40.4698
Test07_NG_dchg,방전,NG,2321,0,1,1,1,3.5498,39.9987
Test07_NG_dchg,방전,NG,2322,0,1,1,1,3.4733,40.1546
Test07_NG_dchg,방전,NG,2323,0,1,1,1,3.6321,39.7938
Test07_NG_dchg,방전,NG,2324,0,1,1,1,3.4167,40.3234
Test07_NG_dchg,방전,NG,2325,0,1,1,1,3.4942,40.1499
Test07_NG_dchg,방전,NG,2326,0,1,1,1,3.5569,39.9465
Test07_NG_dchg,방전,NG,2327,0,1,1,1,3.3917,40.3795
Test07_NG_dchg,방전,NG,2328,0,1,1,1,3.2682,40.7654
Test07_NG_dchg,방전,NG,2329,0,1,1,1,3.6084,39.8303
Test07_NG_dchg,방전,NG,2330,0,1,1,1,3.3671,40.4705
Test07_NG_dchg,방전,NG,2331,0,1,1,1,3.2281,40.8627
Test07_NG_dchg,방전,NG,2332,0,1,1,1,3.7479,39.4466
Test07_NG_dchg,방전,NG,2333,0,1,1,1,3.465,40.2218
Test07_NG_dchg,방전,NG,2334,0,1,1,1,3.4798,40.1555
Test07_NG_dchg,방전,NG,2335,0,1,1,1,3.4859,40.1484
Test07_NG_dchg,방전,NG,2336,0,1,1,1,3.3278,40.6328
Test07_NG_dchg,방전,NG,2337,0,1,1,1,3.5243,40.0457
Test07_NG_dchg,방전,NG,2338,0,1,1,1,3.318,40.6039
Test07_NG_dchg,방전,NG,2339,0,1,1,1,3.5563,39.9523
Test07_NG_dchg,방전,NG,2340,0,1,1,1,3.4105,40.3781
Test07_NG_dchg,방전,NG,2341,0,1,1,1,3.3751,40.4529
Test07_NG_dchg,방전,NG,2342,0,1,1,1,3.3871,40.4776
Test07_NG_dchg,방전,NG,2343,0,1,1,1,3.3022,40.6966
Test07_NG_dchg,방전,NG,2344,0,1,1,1,3.499,40.1211
Test07_NG_dchg,방전,NG,2345,0,1,1,1,3.5991,39.8522
Test07_NG_dchg,방전,NG,2346,0,1,1,1,3.7614,39.4475
Test07_NG_dchg,방전,NG,2347,0,1,1,1,3.4414,40.3414
Test07_NG_dchg,방전,NG,2348,0,1,1,1,3.8192,39.3097
Test07_NG_dchg,방전,NG,2349,0,1,1,1,3.6496,39.699
Test07_NG_dchg,방전,NG,2350,0,1,1,1,3.4106,40.367
Test07_NG_dchg,방전,NG,2351,0,1,1,1,3.3685,40.4747
Test07_NG_dchg,방전,NG,2352,0,1,1,1,3.7571,39.4311
Test07_NG_dchg,방전,NG,2353,0,1,1,1,3.7974,39.3032
Test07_NG_dchg,방전,NG,2354,0,1,1,1,3.5224,40.0104
Test07_NG_dchg,방전,NG,2355,0,1,1,1,3.5955,39.835
Test07_NG_dchg,방전,NG,2356,0,1,1,1,3.1447,41.1052
Test07_NG_dchg,방전,NG,2357,0,1,1,1,3.5722,39.9188
Test07_NG_dchg,방전,NG,2358,0,1,1,1,3.5062,40.0661
Test07_NG_dchg,방전,NG,2359,0,1,1,1,3.7568,39.4756
Test07_NG_dchg,방전,NG,2360,0,1,1,1,3.392,40.3817
Test07_NG_dchg,방전,NG,2361,0,1,1,1,3.5382,39.9771
Test07_NG_dchg,방전,NG,2362,0,1,1,1,3.7414,39.4621
Test07_NG_dchg,방전,NG,2363,0,1,1,1,3.4005,40.3887
Test07_NG_dchg,방전,NG,2364,0,1,1,1,3.4384,40.2703
Test07_NG_dchg,방전,NG,2365,0,1,1,1,3.531,40.0445
Test07_NG_dchg,방전,NG,2366,0,1,1,1,3.5454,39.9925
Test07_NG_dchg,방전,NG,2367,0,1,1,1,3.6184,39.7866
Test07_NG_dchg,방전,NG,2368,0,1,1,1,3.278,39.1016
Test07_NG_dchg,방전,NG,2369,0,1,1,1,3.4594,40.2303
Test07_NG_dchg,방전,NG,2370,0,1,1,1,3.4876,40.1609
Test07_NG_dchg,방전,NG,2371,0,1,1,1,3.1416,41.1292
Test07_NG_dchg,방전,NG,2372,0,1,1,1,3.5972,39.8602
Test07_NG_dchg,방전,NG,2373,0,1,1,1,3.4634,40.239
Test07_NG_dchg,방전,NG,2374,0,1,1,1,3.5919,39.8614
Test07_NG_dchg,방전,NG,2375,0,1,1,1,3.5288,40.0127
Test07_NG_dchg,방전,NG,2376,0,1,1,1,3.3355,40.5755
Test07_NG_dchg,방전,NG,2377,0,1,1,1,3.5446,40.0145
Test07_NG_dchg,방전,NG,2378,0,1,1,1,3.6073,39.8713
Test07_NG_dchg,방전,NG,2379,0,1,1,1,3.1211,41.1893
Test07_NG_dchg,방전,NG,2380,0,1,1,1,3.422,40.3696
Test07_NG_dchg,방전,NG,2381,0,1,1,1,3.5347,40.032
Test07_NG_dchg,방전,NG,2382,0,1,1,1,3.5689,39.9554
Test07_NG_dchg,방전,NG,2383,0,1,1,1,3.5505,39.9927
Test07_NG_dchg,방전,NG,2384,0,1,1,1,3.5272,40.0911
Test07_NG_dchg,방전,NG,2385,0,1,1,1,3.613,39.8193
Test07_NG_dchg,방전,NG,2386,0,1,1,1,3.5265,40.0401
Test07_NG_dchg,방전,NG,2387,0,1,1,1,3.8321,39.2832
Test07_NG_dchg,방전,NG,2388,0,1,1,1,3.6182,39.7977
Test07_NG_dchg,방전,NG,2389,0,1,1,1,3.2902,40.6681
Test07_NG_dchg,방전,NG,2390,0,1,1,1,3.181,41.0026
Test07_NG_dchg,방전,NG,2391,0,1,1,1,3.3128,40.6363
Test07_NG_dchg,방전,NG,2392,0,1,1,1,3.3831,40.4533
Test07_NG_dchg,방전,NG,2393,0,1,1,1,3.657,39.6897
Test07_NG_dchg,방전,NG,2394,0,1,1,1,3.3888,40.4536
Test07_NG_dchg,방전,NG,2395,0,1,1,1,3.5363,40.0174
Test07_NG_dchg,방전,NG,2396,0,1,1,1,3.6082,39.8568
Test07_NG_dchg,방전,NG,2397,0,1,1,1,3.3785,40.4522
Test07_NG_dchg,방전,NG,2398,0,1,1,1,3.4878,40.1546
Test07_NG_dchg,방전,NG,2399,0,1,1,1,3.7692,39.411
Test07_NG_dchg,방전,NG,2400,0,1,1,1,3.5433,39.9854
Test07_NG_dchg,방전,NG,2401,0,1,1,1,3.6793,39.6176
Test07_NG_dchg,방전,NG,2402,0,1,1,1,3.5152,40.0658
Test07_NG_dchg,방전,NG,2403,0,1,1,1,3.8016,39.3025
Test07_NG_dchg,방전,NG,2404,0,1,1,1,3.6024,39.87
Test07_NG_dchg,방전,NG,2405,0,1,1,1,3.5792,39.8872
Test07_NG_dchg,방전,NG,2406,0,1,1,1,3.5908,39.8593
Test07_NG_dchg,방전,NG,2407,0,1,1,1,3.5275,40.0249
Test07_NG_dchg,방전,NG,2408,0,1,1,1,3.2889,40.6967
Test07_NG_dchg,방전,NG,2409,0,1,1,1,3.2783,40.7205
Test07_NG_dchg,방전,NG,2410,0,1,1,1,3.4028,40.3715
Test07_NG_dchg,방전,NG,2411,0,1,1,1,3.541,40.0072
Test07_NG_dchg,방전,NG,2412,0,1,1,1,3.448,40.2535
Test07_NG_dchg,방전,NG,2413,0,1,1,1,3.6205,39.7956
Test07_NG_dchg,방전,NG,2414,0,1,1,1,3.5065,40.0839
Test07_NG_dchg,방전,NG,2415,0,1,1,1,3.5046,40.1175
Test07_NG_dchg,방전,NG,2416,0,1,1,1,3.3699,38.8779
Test07_NG_dchg,방전,NG,2417,0,1,1,1,3.4978,40.1618
Test07_NG_dchg,방전,NG,2418,0,1,1,1,3.3815,40.4611
Test07_NG_dchg,방전,NG,2419,0,1,1,1,3.5878,39.89
Test07_NG_dchg,방전,NG,2420,0,1,1,1,3.3539,40.547
Test07_NG_dchg,방전,NG,2421,0,1,1,1,3.0858,41.3217
Test07_NG_dchg,방전,NG,2422,0,1,1,1,3.5446,40.0248
Test07_NG_dchg,방전,NG,2423,0,1,1,1,3.7188,39.5417
Test07_NG_dchg,방전,NG,2424,0,1,1,1,3.5503,39.9977
Test07_NG_dchg,방전,NG,2425,0,1,1,1,3.3721,40.4638
Test07_NG_dchg,방전,NG,2426,0,1,1,1,3.5759,39.9453
Test07_NG_dchg,방전,NG,2427,0,1,1,1,3.4957,40.1275
Test07_NG_dchg,방전,NG,2428,0,1,1,1,3.664,39.6673
Test07_NG_dchg,방전,NG,2429,0,1,1,1,3.7988,39.3751
Test07_NG_dchg,방전,NG,2430,0,1,1,1,3.5735,39.9087
Test07_NG_dchg,방전,NG,2431,0,1,1,1,3.3712,40.426
Test07_NG_dchg,방전,NG,2432,0,1,1,1,3.5865,39.897
Test07_NG_dchg,방전,NG,2433,0,1,1,1,3.4547,40.2138
Test07_NG_dchg,방전,NG,2434,0,1,1,1,3.6086,39.8412
Test07_NG_dchg,방전,NG,2435,0,1,1,1,3.5095,40.0679
Test07_NG_dchg,방전,NG,2436,0,1,1,1,3.7414,39.4461
Test07_NG_dchg,방전,NG,2437,0,1,1,1,3.261,40.7958
Test07_NG_dchg,방전,NG,2438,0,1,1,1,3.6837,39.6033
Test07_NG_dchg,방전,NG,2439,0,1,1,1,3.4366,40.2955
Test07_NG_dchg,방전,NG,2440,0,1,1,1,3.4326,40.3317
Test07_NG_dchg,방전,NG,2441,0,1,1,1,3.4259,40.2897
Test07_NG_dchg,방전,NG,2442,0,1,1,1,3.3253,40.5688
Test07_NG_dchg,방전,NG,2443,0,1,1,1,3.5891,39.823
Test07_NG_dchg,방전,NG,2444,0,1,1,1,3.6161,39.7851
Test07_NG_dchg,방전,NG,2445,0,1,1,1,3.2597,40.8078
Test07_NG_dchg,방전,NG,2446,0,1,1,1,3.5481,39.9619
Test07_NG_dchg,방전,NG,2447,0,1,1,1,3.3967,38.7576
Test07_NG_dchg,방전,NG,2448,0,1,1,1,2.8551,41.9977
Test07_NG_dchg,방전,NG,2449,0,1,1,1,3.8642,39.1503
Test07_NG_dchg,방전,NG,2450,0,1,1,1,3.694,39.592
Test07_NG_dchg,방전,NG,2451,0,1,1,1,3.4468,40.3011
Test07_NG_dchg,방전,NG,2452,0,1,1,1,3.4201,40.3436
Test07_NG_dchg,방전,NG,2453,0,1,1,1,3.6586,39.6797
Test07_NG_dchg,방전,NG,2454,0,1,1,1,3.8724,39.1711
Test07_NG_dchg,방전,NG,2455,0,1,1,1,3.4708,40.1751
Test07_NG_dchg,방전,NG,2456,0,1,1,1,3.6985,39.5747
Test07_NG_dchg,방전,NG,2457,0,1,1,1,3.3209,40.6161
Test07_NG_dchg,방전,NG,2458,0,1,1,1,3.3775,40.4309
Test07_NG_dchg,방전,NG,2459,0,1,1,1,3.4386,40.2975
Test07_NG_dchg,방전,NG,2460,0,1,1,1,3.4552,40.2197
Test07_NG_dchg,방전,NG,2461,0,1,1,1,3.4678,40.2178
Test07_NG_dchg,방전,NG,2462,0,1,1,1,3.6959,39.6124
Test07_NG_dchg,방전,NG,2463,0,1,1,1,3.4744,40.1799
Test07_NG_dchg,방전,NG,2464,0,1,1,1,3.3492,40.5424
Test07_NG_dchg,방전,NG,2465,0,1,1,1,3.5199,40.0691
Test07_NG_dchg,방전,NG,2466,0,1,1,1,3.5419,40.013
Test07_NG_dchg,방전,NG,2467,0,1,1,1,3.3684,40.4927
Test07_NG_dchg,방전,NG,2468,0,1,1,1,3.3798,40.457
Test07_NG_dchg,방전,NG,2469,0,1,1,1,3.8383,39.2732
Test07_NG_dchg,방전,NG,2470,0,1,1,1,3.5015,40.1194
Test07_NG_dchg,방전,NG,2471,0,1,1,1,3.546,40.0136
Test07_NG_dchg,방전,NG,2472,0,1,1,1,3.6224,39.7778
Test07_NG_dchg,방전,NG,2473,0,1,1,1,3.6633,39.6674
Test07_NG_dchg,방전,NG,2474,0,1,1,1,3.5543,39.9722
Test07_NG_dchg,방전,NG,2475,0,1,1,1,3.4001,40.3902
Test07_NG_dchg,방전,NG,2476,0,1,1,1,3.6046,39.7973
Test07_NG_dchg,방전,NG,2477,0,1,1,1,3.4798,40.1471
Test07_NG_dchg,방전,NG,2478,0,1,1,1,3.4173,40.3477
Test07_NG_dchg,방전,NG,2479,0,1,1,1,3.5311,40.0281
Test07_NG_dchg,방전,NG,2480,0,1,1,1,3.7531,39.4334
Test07_NG_dchg,방전,NG,2481,0,1,1,1,3.4513,40.2855
Test07_NG_dchg,방전,NG,2482,0,1,1,1,3.3338,40.5615
Test07_NG_dchg,방전,NG,2483,0,1,1,1,3.5672,39.9658
Test07_NG_dchg,방전,NG,2484,0,1,1,1,3.6449,39.7423
Test07_NG_dchg,방전,NG,2485,0,1,1,1,3.7259,39.5431
Test07_NG_dchg,방전,NG,2486,0,1,1,1,3.5,40.1407
Test07_NG_dchg,방전,NG,2487,0,1,1,1,3.6901,39.6008
Test07_NG_dchg,방전,NG,2488,0,1,1,1,3.2747,40.7418
Test07_NG_dchg,방전,NG,2489,0,1,1,1,3.4128,40.3776
Test07_NG_dchg,방전,NG,2490,0,1,1,1,3.3628,40.5209
Test07_NG_dchg,방전,NG,2491,0,1,1,1,3.608,39.838
Test07_NG_dchg,방전,NG,2492,0,1,1,1,3.4836,38.5709
Test07_NG_dchg,방전,NG,2493,0,1,1,1,3.5776,39.9251
Test07_NG_dchg,방전,NG,2494,0,1,1,1,3.6041,39.8252
Test07_NG_dchg,방전,NG,2495,0,1,1,1,3.5213,40.0703
Test07_NG_dchg,방전,NG,2496,0,1,1,1,3.4643,40.2325
Test07_NG_dchg,방전,NG,2497,0,1,1,1,3.515,40.0617
Test07_NG_dchg,방전,NG,2498,0,1,1,1,3.4982,40.1419
Test07_NG_dchg,방전,NG,2499,0,1,1,1,3.6206,39.7732
Test07_NG_dchg,방전,NG,2500,0,1,1,1,3.5851,39.8639
Test07_NG_dchg,방전,NG,2501,0,1,1,1,3.7143,39.5566
Test07_NG_dchg,방전,NG,2502,0,1,1,1,3.6876,39.6222
Test07_NG_dchg,방전,NG,2503,0,1,1,1,3.4143,40.3859
Test07_NG_dchg,방전,NG,2504,0,1,1,1,3.3923,40.409
Test07_NG_dchg,방전,NG,2505,0,1,1,1,3.3006,40.6825
Test07_NG_dchg,방전,NG,2506,0,1,1,1,3.5251,40.0281
Test07_NG_dchg,방전,NG,2507,0,1,1,1,3.3199,40.6082
Test07_NG_dchg,방전,NG,2508,0,1,1,1,3.427,40.3057
Test07_NG_dchg,방전,NG,2509,0,1,1,1,3.4458,40.2586
Test07_NG_dchg,방전,NG,2510,0,1,1,1,3.2802,40.7389
Test07_NG_dchg,방전,NG,2511,0,1,1,1,3.3878,40.442
Test07_NG_dchg,방전,NG,2512,0,1,1,1,3.4125,40.3926
Test07_NG_dchg,방전,NG,2513,0,1,1,1,3.4886,40.191
Test07_NG_dchg,방전,NG,2514,0,1,1,1,3.5213,40.1025
Test07_NG_dchg,방전,NG,2515,0,1,1,1,3.457,40.2586
Test07_NG_dchg,방전,NG,2516,0,1,1,1,3.4097,40.4084
Test07_NG_dchg,방전,NG,2517,0,1,1,1,3.4812,40.1926
Test07_NG_dchg,방전,NG,2518,0,1,1,1,3.5529,39.9986
Test07_NG_dchg,방전,NG,2519,0,1,1,1,3.6534,39.7381
Test07_NG_dchg,방전,NG,2520,0,1,1,1,3.5583,39.9804
Test07_NG_dchg,방전,NG,2521,0,1,1,1,3.7737,39.3994
Test07_NG_dchg,방전,NG,2522,0,1,1,1,3.6625,39.6754
Test07_NG_dchg,방전,NG,2523,0,1,1,1,3.4129,38.7351
Test07_NG_dchg,방전,NG,2524,0,1,1,1,3.1753,41.0489
Test07_NG_dchg,방전,NG,2525,0,1,1,1,3.3971,40.4158
Test07_NG_dchg,방전,NG,2526,0,1,1,1,3.2873,40.7031
Test07_NG_dchg,방전,NG,2527,0,1,1,1,3.4635,40.2141
Test07_NG_dchg,방전,NG,2528,0,1,1,1,3.3976,40.4213
Test07_NG_dchg,방전,NG,2529,0,1,1,1,3.7072,39.5958
Test07_NG_dchg,방전,NG,2530,0,1,1,1,3.8274,39.2865
Test07_NG_dchg,방전,NG,2531,0,1,1,1,3.3651,40.4715
Test07_NG_dchg,방전,NG,2532,0,1,1,1,3.7531,39.476
Test07_NG_dchg,방전,NG,2533,0,1,1,1,3.4539,40.234
Test07_NG_dchg,방전,NG,2534,0,1,1,1,3.4822,40.1538
Test07_NG_dchg,방전,NG,2535,0,1,1,1,3.4843,40.1755
Test07_NG_dchg,방전,NG,2536,0,1,1,1,3.1316,41.1564
Test07_NG_dchg,방전,NG,2537,0,1,1,1,3.0982,41.2623
Test07_NG_dchg,방전,NG,2538,0,1,1,1,3.631,39.7834
Test07_NG_dchg,방전,NG,2539,0,1,1,1,3.5366,40.0377
Test07_NG_dchg,방전,NG,2540,0,1,1,1,3.5267,40.0545
Test07_NG_dchg,방전,NG,2541,0,1,1,1,3.5601,38.4403
Test07_NG_dchg,방전,NG,2542,0,1,1,1,3.2874,40.7103
Test07_NG_dchg,방전,NG,2543,0,1,1,1,3.5613,39.9589
Test07_NG_dchg,방전,NG,2544,0,1,1,1,3.6088,39.7941
Test07_NG_dchg,방전,NG,2545,0,1,1,1,3.4013,40.335
Test07_NG_dchg,방전,NG,2546,0,1,1,1,3.4804,38.5748
Test07_NG_dchg,방전,NG,2547,0,1,1,1,3.6943,39.5723
Test07_NG_dchg,방전,NG,2548,0,1,1,1,3.4354,40.2488
Test07_NG_dchg,방전,NG,2549,0,1,1,1,3.5552,39.9321
Test07_NG_dchg,방전,NG,2550,0,1,1,1,3.6034,39.8491
Test07_NG_dchg,방전,NG,2551,0,1,1,1,3.4444,40.2461
Test07_NG_dchg,방전,NG,2552,0,1,1,1,3.5005,40.1271
Test07_NG_dchg,방전,NG,2553,0,1,1,1,3.4639,38.6469
Test07_NG_dchg,방전,NG,2554,0,1,1,1,3.5286,38.4599
Test07_NG_dchg,방전,NG,2555,0,1,1,1,3.3817,40.4442
Test07_NG_dchg,방전,NG,2556,0,1,1,1,3.6131,39.8646
Test07_NG_dchg,방전,NG,2557,0,1,1,1,3.5389,40.0061
Test07_NG_dchg,방전,NG,2558,0,1,1,1,3.3185,40.615
Test07_NG_dchg,방전,NG,2559,0,1,1,1,3.385,40.4104
Test07_NG_dchg,방전,NG,2560,0,1,1,1,3.7796,39.3778
Test07_NG_dchg,방전,NG,2561,0,1,1,1,3.3544,40.5726
Test07_NG_dchg,방전,NG,2562,0,1,1,1,3.4532,40.2288
Test07_NG_dchg,방전,NG,2563,0,1,1,1,3.6209,39.7989
Test07_NG_dchg,방전,NG,2564,0,1,1,1,3.1945,40.9764
Test07_NG_dchg,방전,NG,2565,0,1,1,1,3.594,39.8748
Test07_NG_dchg,방전,NG,2566,0,1,1,1,3.38,40.4421
Test07_NG_dchg,방전,NG,2567,0,1,1,1,3.7369,39.488
Test07_NG_dchg,방전,NG,2568,0,1,1,1,3.2827,39.1117
Test07_NG_dchg,방전,NG,2569,0,1,1,1,3.1572,41.0979
Test07_NG_dchg,방전,NG,2570,0,1,1,1,3.7826,39.4104
Test07_NG_dchg,방전,NG,2571,0,1,1,1,3.5243,40.0862
Test07_NG_dchg,방전,NG,2572,0,1,1,1,3.6664,39.6818
Test07_NG_dchg,방전,NG,2573,0,1,1,1,3.0383,41.4269
Test07_NG_dchg,방전,NG,2574,0,1,1,1,3.3272,40.6237
Test07_NG_dchg,방전,NG,2575,0,1,1,1,3.4494,40.2606
Test07_NG_dchg,방전,NG,2576,0,1,1,1,3.3416,40.5673
Test07_NG_dchg,방전,NG,2577,0,1,1,1,3.7435,39.5097
Test07_NG_dchg,방전,NG,2578,0,1,1,1,3.3817,40.4481
Test07_NG_dchg,방전,NG,2579,0,1,1,1,3.6042,39.8438
Test07_NG_dchg,방전,NG,2580,0,1,1,1,3.5996,39.837
Test07_NG_dchg,방전,NG,2581,0,1,1,1,3.5063,40.0975
Test07_NG_dchg,방전,NG,2582,0,1,1,1,3.5043,38.5518
Test07_NG_dchg,방전,NG,2583,0,1,1,1,3.6247,39.7914
Test07_NG_dchg,방전,NG,2584,0,1,1,1,3.4578,40.2218
Test07_NG_dchg,방전,NG,2585,0,1,1,1,3.4845,40.1349
Test07_NG_dchg,방전,NG,2586,0,1,1,1,3.6529,39.7022
Test07_NG_dchg,방전,NG,2587,0,1,1,1,3.6935,39.5924
Test07_NG_dchg,방전,NG,2588,0,1,1,1,3.6644,39.6818
Test07_NG_dchg,방전,NG,2589,0,1,1,1,3.4571,40.2499
Test07_NG_dchg,방전,NG,2590,0,1,1,1,3.4746,40.1727
Test07_NG_dchg,방전,NG,2591,0,1,1,1,3.3504,40.5104
Test07_NG_dchg,방전,NG,2592,0,1,1,1,3.1805,41.0371
Test07_NG_dchg,방전,NG,2593,0,1,1,1,3.3965,40.3981
Test07_NG_dchg,방전,NG,2594,0,1,1,1,3.3293,40.5774
Test07_NG_dchg,방전,NG,2595,0,1,1,1,3.1655,41.0566
Test07_NG_dchg,방전,NG,2596,0,1,1,1,3.6174,39.8361
Test07_NG_dchg,방전,NG,2597,0,1,1,1,3.4235,38.7897
Test07_NG_dchg,방전,NG,2598,0,1,1,1,3.5972,39.8793
Test07_NG_dchg,방전,NG,2599,0,1,1,1,3.2955,39.0777
Test07_NG_dchg,방전,NG,2600,0,1,1,1,3.2417,39.2504
Test07_NG_dchg,방전,NG,2601,0,1,1,1,3.4489,38.7162
Test07_NG_dchg,방전,NG,2602,0,1,1,1,3.5345,40.0253
Test07_NG_dchg,방전,NG,2603,0,1,1,1,3.3246,40.6287
Test07_NG_dchg,방전,NG,2604,0,1,1,1,3.3809,40.4458
Test07_NG_dchg,방전,NG,2605,0,1,1,1,3.576,39.9035
Test07_NG_dchg,방전,NG,2606,0,1,1,1,3.5049,40.1159
Test07_NG_dchg,방전,NG,2607,0,1,1,1,3.3993,40.3986
Test07_NG_dchg,방전,NG,2608,0,1,1,1,3.5948,39.8717
Test07_NG_dchg,방전,NG,2609,0,1,1,1,3.1811,39.3485
Test07_NG_dchg,방전,NG,2610,0,1,1,1,3.2034,39.3055
Test07_NG_dchg,방전,NG,2611,0,1,1,1,3.557,39.9349
Test07_NG_dchg,방전,NG,2612,0,1,1,1,3.38,40.45
Test07_NG_dchg,방전,NG,2613,0,1,1,1,3.6091,39.8334
Test07_NG_dchg,방전,NG,2614,0,1,1,1,3.5477,39.9719
Test07_NG_dchg,방전,NG,2615,0,1,1,1,3.4977,38.5348
Test07_NG_dchg,방전,NG,2616,0,1,1,1,3.7684,39.4205
Test07_NG_dchg,방전,NG,2617,0,1,1,1,3.5206,40.0642
Test07_NG_dchg,방전,NG,2618,0,1,1,1,3.4486,40.2706
Test07_NG_dchg,방전,NG,2619,0,1,1,1,3.2068,40.9593
Test07_NG_dchg,방전,NG,2620,0,1,1,1,3.4103,40.3811
Test07_NG_dchg,방전,NG,2621,0,1,1,1,3.6347,39.7547
Test07_NG_dchg,방전,NG,2622,0,1,1,1,3.4728,40.1771
Test07_NG_dchg,방전,NG,2623,0,1,1,1,3.3698,40.4789
Test07_NG_dchg,방전,NG,2624,0,1,1,1,3.5031,38.5241
Test07_NG_dchg,방전,NG,2625,0,1,1,1,3.3106,40.6459
Test07_NG_dchg,방전,NG,2626,0,1,1,1,3.4821,40.1757
Test07_NG_dchg,방전,NG,2627,0,1,1,1,3.4385,40.2583
Test07_NG_dchg,방전,NG,2628,0,1,1,1,3.3687,40.463
Test07_NG_dchg,방전,NG,2629,0,1,1,1,3.0512,41.4183
Test07_NG_dchg,방전,NG,2630,0,1,1,1,3.4168,40.3445
Test07_NG_dchg,방전,NG,2631,0,1,1,1,3.4778,40.1883
Test07_NG_dchg,방전,NG,2632,0,1,1,1,3.6453,39.7451
Test07_NG_dchg,방전,NG,2633,0,1,1,1,3.6118,39.8376
Test07_NG_dchg,방전,NG,2634,0,1,1,1,3.4169,40.349
Test07_NG_dchg,방전,NG,2635,0,1,1,1,3.412,40.3794
Test07_NG_dchg,방전,NG,2636,0,1,1,1,3.0277,41.5069
Test07_NG_dchg,방전,NG,2637,0,1,1,1,3.3606,38.9219
Test07_NG_dchg,방전,NG,2638,0,1,1,1,3.3114,40.6633
Test07_NG_dchg,방전,NG,2639,0,1,1,1,3.2883,40.7229
Test07_NG_dchg,방전,NG,2640,0,1,1,1,3.5195,40.0698
Test07_NG_dchg,방전,NG,2641,0,1,1,1,3.3592,40.5265
Test07_NG_dchg,방전,NG,2642,0,1,1,1,3.4202,38.7692
Test07_NG_dchg,방전,NG,2643,0,1,1,1,3.4432,40.3287
Test07_NG_dchg,방전,NG,2644,0,1,1,1,3.5347,40.0557
Test07_NG_dchg,방전,NG,2645,0,1,1,1,3.3741,40.4618
Test07_NG_dchg,방전,NG,2646,0,1,1,1,3.7957,39.3435
Test07_NG_dchg,방전,NG,2647,0,1,1,1,3.4525,40.2437
Test07_NG_dchg,방전,NG,2648,0,1,1,1,3.3838,38.8517
Test07_NG_dchg,방전,NG,2649,0,1,1,1,3.5967,39.9044
Test07_NG_dchg,방전,NG,2650,0,1,1,1,3.4499,40.2728
Test07_NG_dchg,방전,NG,2651,0,1,1,1,3.1154,39.5507
Test07_NG_dchg,방전,NG,2652,0,1,1,1,3.456,40.2279
Test07_NG_dchg,방전,NG,2653,0,1,1,1,3.3628,40.4678
Test07_NG_dchg,방전,NG,2654,0,1,1,1,3.6246,38.2409
Test07_NG_dchg,방전,NG,2655,0,1,1,1,3.2171,40.8903
Test07_NG_dchg,방전,NG,2656,0,1,1,1,3.452,40.2488
Test07_NG_dchg,방전,NG,2657,0,1,1,1,3.5326,40.0277
Test07_NG_dchg,방전,NG,2658,0,1,1,1,3.5732,39.9473
Test07_NG_dchg,방전,NG,2659,0,1,1,1,3.5759,39.9601
Test07_NG_dchg,방전,NG,2660,0,1,1,1,3.0571,39.6926
Test07_NG_dchg,방전,NG,2661,0,1,1,1,3.3527,40.5346
Test07_NG_dchg,방전,NG,2662,0,1,1,1,3.4382,40.3069
Test07_NG_dchg,방전,NG,2663,0,1,1,1,3.2529,40.833
Test07_NG_dchg,방전,NG,2664,0,1,1,1,3.3909,38.8355
Test07_NG_dchg,방전,NG,2665,0,1,1,1,3.4964,40.1465
Test07_NG_dchg,방전,NG,2666,0,1,1,1,3.364,40.5069
Test07_NG_dchg,방전,NG,2667,0,1,1,1,3.4637,40.2136
Test07_NG_dchg,방전,NG,2668,0,1,1,1,3.2655,40.7647
Test07_NG_dchg,방전,NG,2669,0,1,1,1,3.3538,40.5656
Test07_NG_dchg,방전,NG,2670,0,1,1,1,3.4028,40.3978
Test07_NG_dchg,방전,NG,2671,0,1,1,1,3.5328,40.0984
Test07_NG_dchg,방전,NG,2672,0,1,1,1,3.3705,38.8872
Test07_NG_dchg,방전,NG,2673,0,1,1,1,3.2934,40.7521
Test07_NG_dchg,방전,NG,2674,0,1,1,1,3.2606,39.1963
Test07_NG_dchg,방전,NG,2675,0,1,1,1,3.368,40.5382
Test07_NG_dchg,방전,NG,2676,0,1,1,1,3.538,40.0499
Test07_NG_dchg,방전,NG,2677,0,1,1,1,3.3669,40.5233
Test07_NG_dchg,방전,NG,2678,0,1,1,1,3.5246,40.1213
Test07_NG_dchg,방전,NG,2679,0,1,1,1,3.4419,40.3088
Test07_NG_dchg,방전,NG,2680,0,1,1,1,3.4729,40.2463
Test07_NG_dchg,방전,NG,2681,0,1,1,1,3.449,40.2734
Test07_NG_dchg,방전,NG,2682,0,1,1,1,3.3848,40.4394
Test07_NG_dchg,방전,NG,2683,0,1,1,1,3.2516,40.8114
Test07_NG_dchg,방전,NG,2684,0,1,1,1,3.5056,40.1144
Test07_NG_dchg,방전,NG,2685,0,1,1,1,3.3537,40.5541
Test07_NG_dchg,방전,NG,2686,0,1,1,1,3.2292,40.8677
Test07_NG_dchg,방전,NG,2687,0,1,1,1,3.3278,40.5619
Test07_NG_dchg,방전,NG,2688,0,1,1,1,3.3174,40.6247
Test07_NG_dchg,방전,NG,2689,0,1,1,1,3.3762,40.461
Test07_NG_dchg,방전,NG,2690,0,1,1,1,3.4276,40.3161
Test07_NG_dchg,방전,NG,2691,0,1,1,1,3.4945,40.1347
Test07_NG_dchg,방전,NG,2692,0,1,1,1,3.6265,39.8197
Test07_NG_dchg,방전,NG,2693,0,1,1,1,3.2291,40.8891
Test07_NG_dchg,방전,NG,2694,0,1,1,1,3.582,38.3786
Test07_NG_dchg,방전,NG,2695,0,1,1,1,3.6424,39.7791
Test07_NG_dchg,방전,NG,2696,0,1,1,1,3.6665,39.6687
Test07_NG_dchg,방전,NG,2697,0,1,1,1,3.6502,39.7484
Test07_NG_dchg,방전,NG,2698,0,1,1,1,3.3913,40.417
Test07_NG_dchg,방전,NG,2699,0,1,1,1,3.3958,40.4187
Test07_NG_dchg,방전,NG,2700,0,1,1,1,3.0455,39.7518
Test07_NG_dchg,방전,NG,2701,0,1,1,1,3.2896,40.7147
Test07_NG_dchg,방전,NG,2702,0,1,1,1,3.6192,39.83
Test07_NG_dchg,방전,NG,2703,0,1,1,1,3.3178,40.6391
Test07_NG_dchg,방전,NG,2704,0,1,1,1,3.1959,40.9759
Test07_NG_dchg,방전,NG,2705,0,1,1,1,3.4467,40.2741
Test07_NG_dchg,방전,NG,2706,0,1,1,1,3.5381,40.035
Test07_NG_dchg,방전,NG,2707,0,1,1,1,3.5092,40.1062
Test07_NG_dchg,방전,NG,2708,0,1,1,1,3.2653,39.1441
Test07_NG_dchg,방전,NG,2709,0,1,1,1,3.392,40.4555
Test07_NG_dchg,방전,NG,2710,0,1,1,1,3.3529,40.5338
Test07_NG_dchg,방전,NG,2711,0,1,1,1,3.4227,40.3893
Test07_NG_dchg,방전,NG,2712,0,1,1,1,3.437,40.3041
Test07_NG_dchg,방전,NG,2713,0,1,1,1,3.185,39.3563
Test07_NG_dchg,방전,NG,2714,0,1,1,1,3.5511,40.0164
Test07_NG_dchg,방전,NG,2715,0,1,1,1,3.5898,39.8995
Test07_NG_dchg,방전,NG,2716,0,1,1,1,3.4221,40.3303
Test07_NG_dchg,방전,NG,2717,0,1,1,1,3.5466,40.0011
Test07_NG_dchg,방전,NG,2718,0,1,1,1,3.2921,40.7246
Test07_NG_dchg,방전,NG,2719,0,1,1,1,3.411,38.7833
Test07_NG_dchg,방전,NG,2720,0,1,1,1,3.1689,41.0588
Test07_NG_dchg,방전,NG,2721,0,1,1,1,3.5526,40.0247
Test07_NG_dchg,방전,NG,2722,0,1,1,1,3.492,40.1483
Test07_NG_dchg,방전,NG,2723,0,1,1,1,3.4988,38.5498
Test07_NG_dchg,방전,NG,2724,0,1,1,1,3.4039,40.3921
Test07_NG_dchg,방전,NG,2725,0,1,1,1,3.3034,40.6801
Test07_NG_dchg,방전,NG,2726,0,1,1,1,3.1409,39.48
Test07_NG_dchg,방전,NG,2727,0,1,1,1,3.3237,40.6311
Test07_NG_dchg,방전,NG,2728,0,1,1,1,3.3972,40.4819
Test07_NG_dchg,방전,NG,2729,0,1,1,1,3.6225,39.8241
Test07_NG_dchg,방전,NG,2730,0,1,1,1,3.5803,39.9805
Test07_NG_dchg,방전,NG,2731,0,1,1,1,3.5305,40.0629
Test07_NG_dchg,방전,NG,2732,0,1,1,1,3.5203,40.0805
Test07_NG_dchg,방전,NG,2733,0,1,1,1,3.5433,40.0186
Test07_NG_dchg,방전,NG,2734,0,1,1,1,3.3166,40.604
Test07_NG_dchg,방전,NG,2735,0,1,1,1,3.4083,40.351
Test07_NG_dchg,방전,NG,2736,0,1,1,1,3.6059,39.8223
Test07_NG_dchg,방전,NG,2737,0,1,1,1,3.497,40.082
Test07_NG_dchg,방전,NG,2738,0,1,1,1,3.5454,40.0134
Test07_NG_dchg,방전,NG,2739,0,1,1,1,3.5945,39.8399
Test07_NG_dchg,방전,NG,2740,0,1,1,1,3.5509,40.0386
Test07_NG_dchg,방전,NG,2741,0,1,1,1,3.3724,40.4638
Test07_NG_dchg,방전,NG,2742,0,1,1,1,3.5407,38.4711
Test07_NG_dchg,방전,NG,2743,0,1,1,1,3.3564,40.5453
Test07_NG_dchg,방전,NG,2744,0,1,1,1,3.3732,40.4747
Test07_NG_dchg,방전,NG,2745,0,1,1,1,3.3549,40.5687
Test07_NG_dchg,방전,NG,2746,0,1,1,1,3.506,40.0947
Test07_NG_dchg,방전,NG,2747,0,1,1,1,3.3168,40.6162
Test07_NG_dchg,방전,NG,2748,0,1,1,1,3.486,40.1562
Test07_NG_dchg,방전,NG,2749,0,1,1,1,3.3523,40.5041
Test07_NG_dchg,방전,NG,2750,0,1,1,1,3.4151,40.3456
Test07_NG_dchg,방전,NG,2751,0,1,1,1,3.5379,40.0365
Test07_NG_dchg,방전,NG,2752,0,1,1,1,3.1138,39.5587
Test07_NG_dchg,방전,NG,2753,0,1,1,1,3.3853,38.8085
Test07_NG_dchg,방전,NG,2754,0,1,1,1,3.6509,39.6916
Test07_NG_dchg,방전,NG,2755,0,1,1,1,3.5968,39.8917
Test07_NG_dchg,방전,NG,2756,0,1,1,1,3.3647,40.5009
Test07_NG_dchg,방전,NG,2757,0,1,1,1,3.5952,39.8854
Test07_NG_dchg,방전,NG,2758,0,1,1,1,3.2632,40.8187
Test07_NG_dchg,방전,NG,2759,0,1,1,1,3.3295,38.9721
Test07_NG_dchg,방전,NG,2760,0,1,1,1,3.4661,40.1655
Test07_NG_dchg,방전,NG,2761,0,1,1,1,3.7395,39.5013
Test07_NG_dchg,방전,NG,2762,0,1,1,1,3.386,40.3966
Test07_NG_dchg,방전,NG,2763,0,1,1,1,3.3568,40.5793
Test07_NG_dchg,방전,NG,2764,0,1,1,1,3.7742,39.4158
Test07_NG_dchg,방전,NG,2765,0,1,1,1,3.526,40.0398
Test07_NG_dchg,방전,NG,2766,0,1,1,1,3.7735,39.3536
Test07_NG_dchg,방전,NG,2767,0,1,1,1,3.4618,40.2176
Test07_NG_dchg,방전,NG,2768,0,1,1,1,3.3061,40.6891
Test07_NG_dchg,방전,NG,2769,0,1,1,1,3.4561,40.1999
Test07_NG_dchg,방전,NG,2770,0,1,1,1,3.5315,40.0097
Test07_NG_dchg,방전,NG,2771,0,1,1,1,3.4809,40.1684
Test07_NG_dchg,방전,NG,2772,0,1,1,1,3.2027,40.9373
Test07_NG_dchg,방전,NG,2773,0,1,1,1,3.405,40.3672
Test07_NG_dchg,방전,NG,2774,0,1,1,1,3.4888,40.1514
Test07_NG_dchg,방전,NG,2775,0,1,1,1,3.3895,40.427
Test07_NG_dchg,방전,NG,2776,0,1,1,1,3.103,41.2539
Test07_NG_dchg,방전,NG,2777,0,1,1,1,3.6357,39.7838
Test07_NG_dchg,방전,NG,2778,0,1,1,1,3.356,40.516
Test07_NG_dchg,방전,NG,2779,0,1,1,1,3.4486,40.2664
Test07_NG_dchg,방전,NG,2780,0,1,1,1,3.4599,40.2485
Test07_NG_dchg,방전,NG,2781,0,1,1,1,3.552,38.4699
Test07_NG_dchg,방전,NG,2782,0,1,1,1,3.5642,39.956
Test07_NG_dchg,방전,NG,2783,0,1,1,1,3.4873,40.1437
Test07_NG_dchg,방전,NG,2784,0,1,1,1,3.5423,40.0206
Test07_NG_dchg,방전,NG,2785,0,1,1,1,3.2288,40.9125
Test07_NG_dchg,방전,NG,2786,0,1,1,1,3.3988,40.4049
Test07_NG_dchg,방전,NG,2787,0,1,1,1,3.383,38.8315
Test07_NG_dchg,방전,NG,2788,0,1,1,1,3.3763,40.4674
Test07_NG_dchg,방전,NG,2789,0,1,1,1,3.5009,38.5274
Test07_NG_dchg,방전,NG,2790,0,1,1,1,3.6572,39.7464
Test07_NG_dchg,방전,NG,2791,0,1,1,1,3.6727,39.6756
Test07_NG_dchg,방전,NG,2792,0,1,1,1,3.0991,41.2484
Test07_NG_dchg,방전,NG,2793,0,1,1,1,3.0503,39.7116
Test07_NG_dchg,방전,NG,2794,0,1,1,1,3.6392,39.738
Test07_NG_dchg,방전,NG,2795,0,1,1,1,3.369,40.4706
Test07_NG_dchg,방전,NG,2796,0,1,1,1,3.2773,40.7712
Test07_NG_dchg,방전,NG,2797,0,1,1,1,3.5832,39.9217
Test07_NG_dchg,방전,NG,2798,0,1,1,1,3.7324,39.5394
Test07_NG_dchg,방전,NG,2799,0,1,1,1,3.5159,40.0991
Test07_NG_dchg,방전,NG,2800,0,1,1,1,3.342,40.5514
Test07_NG_dchg,방전,NG,2801,0,1,1,1,3.3958,40.4321
Test07_NG_dchg,방전,NG,2802,0,1,1,1,3.4659,40.2262
Test07_NG_dchg,방전,NG,2803,0,1,1,1,3.5581,39.9863
Test07_NG_dchg,방전,NG,2804,0,1,1,1,3.69,39.6413
Test07_NG_dchg,방전,NG,2805,0,1,1,1,3.6293,39.7607
Test07_NG_dchg,방전,NG,2806,0,1,1,1,3.5972,39.8783
Test07_NG_dchg,방전,NG,2807,0,1,1,1,3.2451,39.1855
Test07_NG_dchg,방전,NG,2808,0,1,1,1,3.4357,40.2737
Test07_NG_dchg,방전,NG,2809,0,1,1,1,3.4165,40.3389
Test07_NG_dchg,방전,NG,2810,0,1,1,1,3.3221,40.5938
Test07_NG_dchg,방전,NG,2811,0,1,1,1,3.6002,39.8883
Test07_NG_dchg,방전,NG,2812,0,1,1,1,3.5114,38.506
Test07_NG_dchg,방전,NG,2813,0,1,1,1,3.7279,37.9612
Test07_NG_dchg,방전,NG,2814,0,1,1,1,3.4521,40.2688
Test07_NG_dchg,방전,NG,2815,0,1,1,1,3.6414,39.7564
Test07_NG_dchg,방전,NG,2816,0,1,1,1,3.441,40.2573
Test07_NG_dchg,방전,NG,2817,0,1,1,1,3.4095,40.3542
Test07_NG_dchg,방전,NG,2818,0,1,1,1,3.8082,39.28
Test07_NG_dchg,방전,NG,2819,0,1,1,1,3.5598,39.9132
Test07_NG_dchg,방전,NG,2820,0,1,1,1,3.3634,40.4682
Test07_NG_dchg,방전,NG,2821,0,1,1,1,3.6072,39.7933
Test07_NG_dchg,방전,NG,2822,0,1,1,1,3.5186,40.0129
Test07_NG_dchg,방전,NG,2823,0,1,1,1,3.4138,40.3423
Test07_NG_dchg,방전,NG,2824,0,1,1,1,3.6607,39.7109
Test07_NG_dchg,방전,NG,2825,0,1,1,1,3.3565,40.4963
Test07_NG_dchg,방전,NG,2826,0,1,1,1,3.8248,39.2667
Test07_NG_dchg,방전,NG,2827,0,1,1,1,3.5472,39.9832
Test07_NG_dchg,방전,NG,2828,0,1,1,1,3.3781,40.4589
Test07_NG_dchg,방전,NG,2829,0,1,1,1,3.8165,39.3
Test07_NG_dchg,방전,NG,2830,0,1,1,1,3.3732,40.495
Test07_NG_dchg,방전,NG,2831,0,1,1,1,3.279,40.7267
Test07_NG_dchg,방전,NG,2832,0,1,1,1,3.6223,39.8194
Test07_NG_dchg,방전,NG,2833,0,1,1,1,3.1102,39.5585
Test07_NG_dchg,방전,NG,2834,0,1,1,1,3.6983,39.659
Test07_NG_dchg,방전,NG,2835,0,1,1,1,3.6563,39.7003
Test07_NG_dchg,방전,NG,2836,0,1,1,1,3.8019,39.3043
Test07_NG_dchg,방전,NG,2837,0,1,1,1,3.4317,40.2848
Test07_NG_dchg,방전,NG,2838,0,1,1,1,3.6096,39.8353
Test07_NG_dchg,방전,NG,2839,0,1,1,1,3.6202,39.7525
Test07_NG_dchg,방전,NG,2840,0,1,1,1,3.551,39.9254
Test07_NG_dchg,방전,NG,2841,0,1,1,1,3.7691,39.3842
Test07_NG_dchg,방전,NG,2842,0,1,1,1,3.4189,40.3222
Test07_NG_dchg,방전,NG,2843,0,1,1,1,3.6311,39.7401
Test07_NG_dchg,방전,NG,2844,0,1,1,1,3.5855,39.833
Test07_NG_dchg,방전,NG,2845,0,1,1,1,3.6505,39.6793
Test07_NG_dchg,방전,NG,2846,0,1,1,1,3.5086,38.5038
Test07_NG_dchg,방전,NG,2847,0,1,1,1,3.5764,39.9332
Test07_NG_dchg,방전,NG,2848,0,1,1,1,3.1594,39.4104
Test07_NG_dchg,방전,NG,2849,0,1,1,1,3.5565,39.9884
Test07_NG_dchg,방전,NG,2850,0,1,1,1,3.4983,40.1353
Test07_NG_dchg,방전,NG,2851,0,1,1,1,3.2595,39.1453
Test07_NG_dchg,방전,NG,2852,0,1,1,1,3.3513,40.5595
Test07_NG_dchg,방전,NG,2853,0,1,1,1,3.5397,40.0169
Test07_NG_dchg,방전,NG,2854,0,1,1,1,3.445,40.3298
Test07_NG_dchg,방전,NG,2855,0,1,1,1,3.5264,40.0571
Test07_NG_dchg,방전,NG,2856,0,1,1,1,3.31,40.6466
Test07_NG_dchg,방전,NG,2857,0,1,1,1,3.3002,40.6571
Test07_NG_dchg,방전,NG,2858,0,1,1,1,3.5019,40.0951
Test07_NG_dchg,방전,NG,2859,0,1,1,1,3.3751,40.4416
Test07_NG_dchg,방전,NG,2860,0,1,1,1,3.4232,38.7308
Test07_NG_dchg,방전,NG,2861,0,1,1,1,3.7582,39.4092
Test07_NG_dchg,방전,NG,2862,0,1,1,1,3.4911,40.1419
Test07_NG_dchg,방전,NG,2863,0,1,1,1,3.4235,40.3662
Test07_NG_dchg,방전,NG,2864,0,1,1,1,3.7236,39.5192
Test07_NG_dchg,방전,NG,2865,0,1,1,1,3.7631,39.392
Test07_NG_dchg,방전,NG,2866,0,1,1,1,3.5331,40.0385
Test07_NG_dchg,방전,NG,2867,0,1,1,1,3.0917,41.2816
Test07_NG_dchg,방전,NG,2868,0,1,1,1,3.606,38.2718
Test07_NG_dchg,방전,NG,2869,0,1,1,1,3.5611,39.9675
Test07_NG_dchg,방전,NG,2870,0,1,1,1,3.4204,38.7399
Test07_NG_dchg,방전,NG,2871,0,1,1,1,3.3863,40.4185
Test07_NG_dchg,방전,NG,2872,0,1,1,1,3.7943,39.3128
Test07_NG_dchg,방전,NG,2873,0,1,1,1,3.4915,40.1251
Test07_NG_dchg,방전,NG,2874,0,1,1,1,3.2198,39.2688
Test07_NG_dchg,방전,NG,2875,0,1,1,1,3.4779,40.2176
Test07_NG_dchg,방전,NG,2876,0,1,1,1,3.4836,38.6164
Test07_NG_dchg,방전,NG,2877,0,1,1,1,3.3498,40.5682
Test07_NG_dchg,방전,NG,2878,0,1,1,1,3.4982,40.144
Test07_NG_dchg,방전,NG,2879,0,1,1,1,3.4768,40.1881
Test07_NG_dchg,방전,NG,2880,0,1,1,1,3.4612,40.228
Test07_NG_dchg,방전,NG,2881,0,1,1,1,3.4455,40.2837
Test07_NG_dchg,방전,NG,2882,0,1,1,1,3.4857,40.1466
Test07_NG_dchg,방전,NG,2883,0,1,1,1,3.3109,40.6373
Test07_NG_dchg,방전,NG,2884,0,1,1,1,3.5216,40.0387
Test07_NG_dchg,방전,NG,2885,0,1,1,1,3.4898,40.1259
Test07_NG_dchg,방전,NG,2886,0,1,1,1,3.5085,40.1127
Test07_NG_dchg,방전,NG,2887,0,1,1,1,3.7187,39.5086
Test07_NG_dchg,방전,NG,2888,0,1,1,1,3.6041,38.3037
Test07_NG_dchg,방전,NG,2889,0,1,1,1,3.4345,40.2868
Test07_NG_dchg,방전,NG,2890,0,1,1,1,3.4697,40.1589
Test07_NG_dchg,방전,NG,2891,0,1,1,1,3.3182,39.0308
Test07_NG_dchg,방전,NG,2892,0,1,1,1,3.4731,40.1718
Test07_NG_dchg,방전,NG,2893,0,1,1,1,3.3312,38.9458
Test07_NG_dchg,방전,NG,2894,0,1,1,1,3.5927,38.3189
Test07_NG_dchg,방전,NG,2895,0,1,1,1,3.5214,40.0313
Test07_NG_dchg,방전,NG,2896,0,1,1,1,3.6503,39.6873
Test07_NG_dchg,방전,NG,2897,0,1,1,1,3.0953,39.5806
Test07_NG_dchg,방전,NG,2898,0,1,1,1,3.4221,40.3312
Test07_NG_dchg,방전,NG,2899,0,1,1,1,3.4076,40.367
Test07_NG_dchg,방전,NG,2900,0,1,1,1,3.7272,39.4856
Test07_NG_dchg,방전,NG,2901,0,1,1,1,3.3809,38.82
Test07_NG_dchg,방전,NG,2902,0,1,1,1,3.3958,40.3977
Test07_NG_dchg,방전,NG,2903,0,1,1,1,3.5306,40.034
Test07_NG_dchg,방전,NG,2904,0,1,1,1,3.9049,39.0534
Test07_NG_dchg,방전,NG,2905,0,1,1,1,3.3151,40.6305
Test07_NG_dchg,방전,NG,2906,0,1,1,1,3.6601,39.6573
Test07_NG_dchg,방전,NG,2907,0,1,1,1,3.3429,38.9103
Test07_NG_dchg,방전,NG,2908,0,1,1,1,3.4871,40.1388
Test07_NG_dchg,방전,NG,2909,0,1,1,1,3.581,39.8544
Test07_NG_dchg,방전,NG,2910,0,1,1,1,3.2855,39.0683
Test07_NG_dchg,방전,NG,2911,0,1,1,1,3.4355,40.2796
Test07_NG_dchg,방전,NG,2912,0,1,1,1,3.5799,38.3366
Test07_NG_dchg,방전,NG,2913,0,1,1,1,3.6722,39.643
Test07_NG_dchg,방전,NG,2914,0,1,1,1,3.3426,40.5667
Test07_NG_dchg,방전,NG,2915,0,1,1,1,3.3974,38.7875
Test07_NG_dchg,방전,NG,2916,0,1,1,1,3.5484,40.003
Test07_NG_dchg,방전,NG,2917,0,1,1,1,3.2872,39.1088
Test07_NG_dchg,방전,NG,2918,0,1,1,1,3.4196,40.315
Test07_NG_dchg,방전,NG,2919,0,1,1,1,3.6564,39.6728
Test07_NG_dchg,방전,NG,2920,0,1,1,1,3.2272,39.2269
Test07_NG_dchg,방전,NG,2921,0,1,1,1,3.3145,40.5884
Test07_NG_dchg,방전,NG,2922,0,1,1,1,3.539,39.9515
Test07_NG_dchg,방전,NG,2923,0,1,1,1,3.3122,38.992
Test07_NG_dchg,방전,NG,2924,0,1,1,1,3.5271,40.0122
Test07_NG_dchg,방전,NG,2925,0,1,1,1,3.3985,40.3593
Test07_NG_dchg,방전,NG,2926,0,1,1,1,3.3539,40.5114
Test07_NG_dchg,방전,NG,2927,0,1,1,1,3.3425,38.9425
Test07_NG_dchg,방전,NG,2928,0,1,1,1,3.2878,39.0625
Test07_NG_dchg,방전,NG,2929,0,1,1,1,3.5357,40.0324
Test07_NG_dchg,방전,NG,2930,0,1,1,1,3.7077,39.5843
Test07_NG_dchg,방전,NG,2931,0,1,1,1,3.5633,39.9818
Test07_NG_dchg,방전,NG,2932,0,1,1,1,3.4084,40.3653
Test07_NG_dchg,방전,NG,2933,0,1,1,1,3.5446,39.9955
Test07_NG_dchg,방전,NG,2934,0,1,1,1,3.533,40.0195
Test07_NG_dchg,방전,NG,2935,0,1,1,1,3.6633,39.6709
Test07_NG_dchg,방전,NG,2936,0,1,1,1,3.593,39.8301
Test07_NG_dchg,방전,NG,2937,0,1,1,1,3.3437,40.5367
Test07_NG_dchg,방전,NG,2938,0,1,1,1,3.5743,38.3375
Test07_NG_dchg,방전,NG,2939,0,1,1,1,3.4725,38.5704
Test07_NG_dchg,방전,NG,2940,0,1,1,1,3.3884,40.4292
Test07_NG_dchg,방전,NG,2941,0,1,1,1,3.6014,39.8377
Test07_NG_dchg,방전,NG,2942,0,1,1,1,3.4496,38.654
Test07_NG_dchg,방전,NG,2943,0,1,1,1,3.5611,39.9273
Test07_NG_dchg,방전,NG,2944,0,1,1,1,3.4081,38.7424
Test07_NG_dchg,방전,NG,2945,0,1,1,1,3.5058,38.4999
Test07_NG_dchg,방전,NG,2946,0,1,1,1,3.4592,38.614
Test07_NG_dchg,방전,NG,2947,0,1,1,1,3.7001,39.6145
Test07_NG_dchg,방전,NG,2948,0,1,1,1,3.2515,40.8198
Test07_NG_dchg,방전,NG,2949,0,1,1,1,3.513,38.4938
Test07_NG_dchg,방전,NG,2950,0,1,1,1,3.4912,40.1226
Test07_NG_dchg,방전,NG,2951,0,1,1,1,3.3756,40.4503
Test07_NG_dchg,방전,NG,2952,0,1,1,1,3.4454,38.6732
Test07_NG_dchg,방전,NG,2953,0,1,1,1,3.4393,40.2671
Test07_NG_dchg,방전,NG,2954,0,1,1,1,3.4558,40.2418
Test07_NG_dchg,방전,NG,2955,0,1,1,1,3.7892,39.3365
Test07_NG_dchg,방전,NG,2956,0,1,1,1,3.602,39.7931
Test07_NG_dchg,방전,NG,2957,0,1,1,1,3.4792,40.1551
Test07_NG_dchg,방전,NG,2958,0,1,1,1,3.1331,39.454
Test07_NG_dchg,방전,NG,2959,0,1,1,1,3.6114,39.7601
Test07_NG_dchg,방전,NG,2960,0,1,1,1,3.5591,39.9371
Test07_NG_dchg,방전,NG,2961,0,1,1,1,3.5797,39.8813
Test07_NG_dchg,방전,NG,2962,0,1,1,1,3.308,39.0216
Test07_NG_dchg,방전,NG,2963,0,1,1,1,3.3783,40.4566
Test07_NG_dchg,방전,NG,2964,0,1,1,1,3.689,39.6285
Test07_NG_dchg,방전,NG,2965,0,1,1,1,3.5383,38.4347
Test07_NG_dchg,방전,NG,2966,0,1,1,1,3.5321,40.0266
Test07_NG_dchg,방전,NG,2967,0,1,1,1,3.4292,40.3448
Test07_NG_dchg,방전,NG,2968,0,1,1,1,3.2572,39.1504
Test07_NG_dchg,방전,NG,2969,0,1,1,1,3.43,40.2825
Test07_NG_dchg,방전,NG,2970,0,1,1,1,3.5319,40.0246
Test07_NG_dchg,방전,NG,2971,0,1,1,1,3.4404,38.6802
Test07_NG_dchg,방전,NG,2972,0,1,1,1,3.5012,40.1043
Test07_NG_dchg,방전,NG,2973,0,1,1,1,3.3598,38.8817
Test07_NG_dchg,방전,NG,2974,0,1,1,1,3.4401,40.3225
Test07_NG_dchg,방전,NG,2975,0,1,1,1,3.4838,38.5479
Test07_NG_dchg,방전,NG,2976,0,1,1,1,3.8597,39.1277
Test07_NG_dchg,방전,NG,2977,0,1,1,1,3.4942,40.1042
Test07_NG_dchg,방전,NG,2978,0,1,1,1,3.6128,39.7858
Test07_NG_dchg,방전,NG,2979,0,1,1,1,3.773,39.3934
Test07_NG_dchg,방전,NG,2980,0,1,1,1,3.5409,38.394
Test07_NG_dchg,방전,NG,2981,0,1,1,1,3.4217,40.3318
Test07_NG_dchg,방전,NG,2982,0,1,1,1,3.6444,39.6769
Test07_NG_dchg,방전,NG,2983,0,1,1,1,3.499,40.0967
Test07_NG_dchg,방전,NG,2984,0,1,1,1,3.5163,40.0399
Test07_NG_dchg,방전,NG,2985,0,1,1,1,3.7165,39.5075
Test07_NG_dchg,방전,NG,2986,0,1,1,1,3.46,40.1871
Test07_NG_dchg,방전,NG,2987,0,1,1,1,3.6077,39.8008
Test07_NG_dchg,방전,NG,2988,0,1,1,1,3.5169,40.0394
Test07_NG_dchg,방전,NG,2989,0,1,1,1,3.6151,39.7588
Test07_NG_dchg,방전,NG,2990,0,1,1,1,3.171,39.373
Test07_NG_dchg,방전,NG,2991,0,1,1,1,3.5594,38.383
Test07_NG_dchg,방전,NG,2992,0,1,1,1,3.3526,40.502
Test07_NG_dchg,방전,NG,2993,0,1,1,1,3.3369,38.9388
Test07_NG_dchg,방전,NG,2994,0,1,1,1,3.6157,39.7706
Test07_NG_dchg,방전,NG,2995,0,1,1,1,3.2573,40.774
Test07_NG_dchg,방전,NG,2996,0,1,1,1,3.3617,40.4787
Test07_NG_dchg,방전,NG,2997,0,1,1,1,3.6947,39.5765
Test07_NG_dchg,방전,NG,2998,0,1,1,1,3.1154,39.5355
Test07_NG_dchg,방전,NG,2999,0,1,1,1,3.4216,38.7444
Test07_NG_dchg,방전,NG,3000,0,1,1,1,3.7424,39.4555
Test07_NG_dchg,방전,NG,3001,0,1,1,1,3.6882,39.6627
Test07_NG_dchg,방전,NG,3002,0,1,1,1,3.9014,39.0672
Test07_NG_dchg,방전,NG,3003,0,1,1,1,3.4363,40.2452
Test07_NG_dchg,방전,NG,3004,0,1,1,1,3.5141,40.0584
Test07_NG_dchg,방전,NG,3005,0,1,1,1,3.5695,39.8967
Test07_NG_dchg,방전,NG,3006,0,1,1,1,3.4816,40.1376
Test07_NG_dchg,방전,NG,3007,0,1,1,1,3.3274,40.5267
Test07_NG_dchg,방전,NG,3008,0,1,1,1,3.3749,40.4302
Test07_NG_dchg,방전,NG,3009,0,1,1,1,3.3733,40.4314
Test07_NG_dchg,방전,NG,3010,0,1,1,1,3.5785,38.3292
Test07_NG_dchg,방전,NG,3011,0,1,1,1,3.6871,38.0532
Test07_NG_dchg,방전,NG,3012,0,1,1,1,3.692,39.5653
Test07_NG_dchg,방전,NG,3013,0,1,1,1,3.5884,39.8693
Test07_NG_dchg,방전,NG,3014,0,1,1,1,3.4168,40.3244
Test07_NG_dchg,방전,NG,3015,0,1,1,1,3.6327,39.7284
Test07_NG_dchg,방전,NG,3016,0,1,1,1,3.6333,39.7279
Test07_NG_dchg,방전,NG,3017,0,1,1,1,3.6076,39.8146
Test07_NG_dchg,방전,NG,3018,0,1,1,1,3.3406,38.8987
Test07_NG_dchg,방전,NG,3019,0,1,1,1,3.5864,39.8582
Test07_NG_dchg,방전,NG,3020,0,1,1,1,3.3801,40.4034
Test07_NG_dchg,방전,NG,3021,0,1,1,1,3.8292,39.2196
Test07_NG_dchg,방전,NG,3022,0,1,1,1,3.4419,40.2341
Test07_NG_dchg,방전,NG,3023,0,1,1,1,3.319,40.6392
Test07_NG_dchg,방전,NG,3024,0,1,1,1,3.4587,40.2225
Test07_NG_dchg,방전,NG,3025,0,1,1,1,3.3941,38.7932
Test07_NG_dchg,방전,NG,3026,0,1,1,1,3.6602,39.6836
Test07_NG_dchg,방전,NG,3027,0,1,1,1,3.6552,39.6944
Test07_NG_dchg,방전,NG,3028,0,1,1,1,3.307,39.0115
Test07_NG_dchg,방전,NG,3029,0,1,1,1,3.3518,40.4822
Test07_NG_dchg,방전,NG,3030,0,1,1,1,3.4867,40.1053
Test07_NG_dchg,방전,NG,3031,0,1,1,1,3.5058,38.5178
Test07_NG_dchg,방전,NG,3032,0,1,1,1,3.5788,38.2953
Test07_NG_dchg,방전,NG,3033,0,1,1,1,3.4095,40.3177
Test07_NG_dchg,방전,NG,3034,0,1,1,1,3.5624,39.9124
Test07_NG_dchg,방전,NG,3035,0,1,1,1,3.6221,39.7547
Test07_NG_dchg,방전,NG,3036,0,1,1,1,3.3344,40.5461
Test07_NG_dchg,방전,NG,3037,0,1,1,1,3.1893,39.3156
Test07_NG_dchg,방전,NG,3038,0,1,1,1,3.5924,39.8577
Test07_NG_dchg,방전,NG,3039,0,1,1,1,3.8259,39.2577
Test07_NG_dchg,방전,NG,3040,0,1,1,1,3.3317,38.9413
Test07_NG_dchg,방전,NG,3041,0,1,1,1,3.2241,40.8962
Test07_NG_dchg,방전,NG,3042,0,1,1,1,3.7179,39.5129
Test07_NG_dchg,방전,NG,3043,0,1,1,1,3.4176,40.3205
Test07_NG_dchg,방전,NG,3044,0,1,1,1,3.528,38.494
Test07_NG_dchg,방전,NG,3045,0,1,1,1,3.5728,39.9099
Test07_NG_dchg,방전,NG,3046,0,1,1,1,3.4215,38.7262
Test07_NG_dchg,방전,NG,3047,0,1,1,1,3.6597,39.6582
Test07_NG_dchg,방전,NG,3048,0,1,1,1,3.2551,39.1509
Test07_NG_dchg,방전,NG,3049,0,1,1,1,3.637,39.7458
Test07_NG_dchg,방전,NG,3050,0,1,1,1,3.5764,39.9043
Test07_NG_dchg,방전,NG,3051,0,1,1,1,3.6254,38.2105
Test07_NG_dchg,방전,NG,3052,0,1,1,1,3.5578,39.9298
Test07_NG_dchg,방전,NG,3053,0,1,1,1,3.4529,40.1944
Test07_NG_dchg,방전,NG,3054,0,1,1,1,3.4641,38.6499
Test07_NG_dchg,방전,NG,3055,0,1,1,1,3.6147,39.7756
Test07_NG_dchg,방전,NG,3056,0,1,1,1,3.4465,40.3172
Test07_NG_dchg,방전,NG,3057,0,1,1,1,3.3483,38.9133
Test07_NG_dchg,방전,NG,3058,0,1,1,1,3.6408,39.7265
Test07_NG_dchg,방전,NG,3059,0,1,1,1,3.4854,38.5507
Test07_NG_dchg,방전,NG,3060,0,1,1,1,3.5677,39.8985
Test07_NG_dchg,방전,NG,3061,0,1,1,1,3.4508,38.6553
Test07_NG_dchg,방전,NG,3062,0,1,1,1,3.5475,39.9688
Test07_NG_dchg,방전,NG,3063,0,1,1,1,3.5133,38.489
Test07_NG_dchg,방전,NG,3064,0,1,1,1,3.6099,39.8065
Test07_NG_dchg,방전,NG,3065,0,1,1,1,3.5004,38.5192
Test07_NG_dchg,방전,NG,3066,0,1,1,1,3.5103,40.0946
Test07_NG_dchg,방전,NG,3067,0,1,1,1,3.4518,38.6173
Test07_NG_dchg,방전,NG,3068,0,1,1,1,3.5441,39.955
Test07_NG_dchg,방전,NG,3069,0,1,1,1,3.6779,38.0915
Test07_NG_dchg,방전,NG,3070,0,1,1,1,3.3923,40.3514
Test07_NG_dchg,방전,NG,3071,0,1,1,1,3.66,39.6916
Test07_NG_dchg,방전,NG,3072,0,1,1,1,3.4539,40.2104
Test07_NG_dchg,방전,NG,3073,0,1,1,1,3.4887,38.5368
Test07_NG_dchg,방전,NG,3074,0,1,1,1,3.6199,39.748
Test07_NG_dchg,방전,NG,3075,0,1,1,1,3.4657,38.6227
Test07_NG_dchg,방전,NG,3076,0,1,1,1,3.5637,39.9467
Test07_NG_dchg,방전,NG,3077,0,1,1,1,3.7086,39.5605
Test07_NG_dchg,방전,NG,3078,0,1,1,1,3.7408,39.4678
Test07_NG_dchg,방전,NG,3079,0,1,1,1,3.4414,40.2546
Test07_NG_dchg,방전,NG,3080,0,1,1,1,3.3601,40.4754
Test07_NG_dchg,방전,NG,3081,0,1,1,1,3.838,39.2404
Test07_NG_dchg,방전,NG,3082,0,1,1,1,3.8447,39.2057
Test07_NG_dchg,방전,NG,3083,0,1,1,1,3.3657,40.4587
Test07_NG_dchg,방전,NG,3084,0,1,1,1,3.2035,39.2618
Test07_NG_dchg,방전,NG,3085,0,1,1,1,3.5691,39.8751
Test07_NG_dchg,방전,NG,3086,0,1,1,1,3.8555,39.1671
Test07_NG_dchg,방전,NG,3087,0,1,1,1,3.4007,38.7625
Test07_NG_dchg,방전,NG,3088,0,1,1,1,3.4555,40.2483
Test07_NG_dchg,방전,NG,3089,0,1,1,1,3.5371,40.0674
Test07_NG_dchg,방전,NG,3090,0,1,1,1,3.7882,39.3319
Test07_NG_dchg,방전,NG,3091,0,1,1,1,3.5954,39.8423
Test07_NG_dchg,방전,NG,3092,0,1,1,1,3.4175,38.7341
Test07_NG_dchg,방전,NG,3093,0,1,1,1,3.3692,38.8393
Test07_NG_dchg,방전,NG,3094,0,1,1,1,3.4334,40.2745
Test07_NG_dchg,방전,NG,3095,0,1,1,1,3.4551,40.2623
Test07_NG_dchg,방전,NG,3096,0,1,1,1,3.4604,40.2157
Test07_NG_dchg,방전,NG,3097,0,1,1,1,3.4059,38.7553
Test07_NG_dchg,방전,NG,3098,0,1,1,1,3.569,38.3572
Test07_NG_dchg,방전,NG,3099,0,1,1,1,3.7013,38.0446
Test07_NG_dchg,방전,NG,3100,0,1,1,1,3.14,41.1452
Test07_NG_dchg,방전,NG,3101,0,1,1,1,3.5176,40.0439
Test07_NG_dchg,방전,NG,3102,0,1,1,1,3.6497,38.1985
Test07_NG_dchg,방전,NG,3103,0,1,1,1,3.5755,39.8793
Test07_NG_dchg,방전,NG,3104,0,1,1,1,3.7218,39.4926
Test07_NG_dchg,방전,NG,3105,0,1,1,1,3.4349,38.6676
Test07_NG_dchg,방전,NG,3106,0,1,1,1,3.4088,38.7175
Test07_NG_dchg,방전,NG,3107,0,1,1,1,3.4806,40.1223
Test07_NG_dchg,방전,NG,3108,0,1,1,1,3.3603,38.869
Test07_NG_dchg,방전,NG,3109,0,1,1,1,3.3809,38.8054
Test07_NG_dchg,방전,NG,3110,0,1,1,1,3.5147,38.467
Test07_NG_dchg,방전,NG,3111,0,1,1,1,3.4869,40.1165
Test07_NG_dchg,방전,NG,3112,0,1,1,1,3.5642,39.9211
Test07_NG_dchg,방전,NG,3113,0,1,1,1,3.6612,39.6953
Test07_NG_dchg,방전,NG,3114,0,1,1,1,3.7616,37.9019
Test07_NG_dchg,방전,NG,3115,0,1,1,1,3.5964,39.8637
Test07_NG_dchg,방전,NG,3116,0,1,1,1,3.3513,38.908
Test07_NG_dchg,방전,NG,3117,0,1,1,1,3.7373,39.4611
Test07_NG_dchg,방전,NG,3118,0,1,1,1,3.6155,39.7478
Test07_NG_dchg,방전,NG,3119,0,1,1,1,3.6582,39.6623
Test07_NG_dchg,방전,NG,3120,0,1,1,1,3.7168,39.5301
Test07_NG_dchg,방전,NG,3121,0,1,1,1,3.4745,38.5715
Test07_NG_dchg,방전,NG,3122,0,1,1,1,3.6186,38.2124
Test07_NG_dchg,방전,NG,3123,0,1,1,1,3.7307,39.472
Test07_NG_dchg,방전,NG,3124,0,1,1,1,3.7362,39.4806
Test07_NG_dchg,방전,NG,3125,0,1,1,1,3.576,39.8424
Test07_NG_dchg,방전,NG,3126,0,1,1,1,3.4255,40.3018
Test07_NG_dchg,방전,NG,3127,0,1,1,1,3.6364,38.1779
Test07_NG_dchg,방전,NG,3128,0,1,1,1,3.4074,40.3313
Test07_NG_dchg,방전,NG,3129,0,1,1,1,3.5756,39.9103
Test07_NG_dchg,방전,NG,3130,0,1,1,1,3.3433,40.4965
Test07_NG_dchg,방전,NG,3131,0,1,1,1,3.5939,39.8368
Test07_NG_dchg,방전,NG,3132,0,1,1,1,3.4644,40.1973
Test07_NG_dchg,방전,NG,3133,0,1,1,1,3.6413,39.7142
Test07_NG_dchg,방전,NG,3134,0,1,1,1,3.2839,39.0631
Test07_NG_dchg,방전,NG,3135,0,1,1,1,3.8765,39.1399
Test07_NG_dchg,방전,NG,3136,0,1,1,1,3.5124,38.5006
Test07_NG_dchg,방전,NG,3137,0,1,1,1,3.6067,39.8129
Test07_NG_dchg,방전,NG,3138,0,1,1,1,3.637,38.1719
Test07_NG_dchg,방전,NG,3139,0,1,1,1,3.485,38.556
Test07_NG_dchg,방전,NG,3140,0,1,1,1,3.4829,38.5571
Test07_NG_dchg,방전,NG,3141,0,1,1,1,3.2213,39.2141
Test07_NG_dchg,방전,NG,3142,0,1,1,1,3.6169,39.7658
Test07_NG_dchg,방전,NG,3143,0,1,1,1,3.5584,38.3694
Test07_NG_dchg,방전,NG,3144,0,1,1,1,3.3893,38.7873
Test07_NG_dchg,방전,NG,3145,0,1,1,1,3.2795,39.0947
Test07_NG_dchg,방전,NG,3146,0,1,1,1,3.4339,38.7046
Test07_NG_dchg,방전,NG,3147,0,1,1,1,3.2862,39.0824
Test07_NG_dchg,방전,NG,3148,0,1,1,1,3.2993,39.0482
Test07_NG_dchg,방전,NG,3149,0,1,1,1,3.2712,39.1307
Test07_NG_dchg,방전,NG,3150,0,1,1,1,3.3315,40.5905
Test07_NG_dchg,방전,NG,3151,0,1,1,1,3.462,38.6153
Test07_NG_dchg,방전,NG,3152,0,1,1,1,3.6033,38.299
Test07_NG_dchg,방전,NG,3153,0,1,1,1,3.4665,38.6107
Test07_NG_dchg,방전,NG,3154,0,1,1,1,3.6919,39.5729
Test07_NG_dchg,방전,NG,3155,0,1,1,1,3.705,39.5681
Test07_NG_dchg,방전,NG,3156,0,1,1,1,3.5576,38.4111
Test07_NG_dchg,방전,NG,3157,0,1,1,1,3.4533,38.6917
Test07_NG_dchg,방전,NG,3158,0,1,1,1,3.4095,38.7868
Test07_NG_dchg,방전,NG,3159,0,1,1,1,3.7703,37.9181
Test07_NG_dchg,방전,NG,3160,0,1,1,1,3.4899,38.5182
Test07_NG_dchg,방전,NG,3161,0,1,1,1,3.5742,39.8626
Test07_NG_dchg,방전,NG,3162,0,1,1,1,3.5728,38.4031
Test07_NG_dchg,방전,NG,3163,0,1,1,1,3.4168,38.7039
Test07_NG_dchg,방전,NG,3164,0,1,1,1,3.4789,40.111
Test07_NG_dchg,방전,NG,3165,0,1,1,1,3.3453,38.89
Test07_NG_dchg,방전,NG,3166,0,1,1,1,3.6601,38.0805
Test07_NG_dchg,방전,NG,3167,0,1,1,1,3.6948,38.0316
Test07_NG_dchg,방전,NG,3168,0,1,1,1,3.6039,39.7783
Test07_NG_dchg,방전,NG,3169,0,1,1,1,3.6359,38.1786
Test07_NG_dchg,방전,NG,3170,0,1,1,1,3.4794,40.1148
Test07_NG_dchg,방전,NG,3171,0,1,1,1,3.4549,38.5915
Test07_NG_dchg,방전,NG,3172,0,1,1,1,3.5089,40.0875
Test07_NG_dchg,방전,NG,3173,0,1,1,1,3.454,40.1715
Test07_NG_dchg,방전,NG,3174,0,1,1,1,3.6782,39.6261
Test07_NG_dchg,방전,NG,3175,0,1,1,1,3.5667,39.9034
Test07_NG_dchg,방전,NG,3176,0,1,1,1,3.3753,40.4324
Test07_NG_dchg,방전,NG,3177,0,1,1,1,3.5129,40.0678
Test07_NG_dchg,방전,NG,3178,0,1,1,1,3.3088,40.63
Test07_NG_dchg,방전,NG,3179,0,1,1,1,3.522,40.0701
Test07_NG_dchg,방전,NG,3180,0,1,1,1,3.3892,40.4188
Test07_NG_dchg,방전,NG,3181,0,1,1,1,3.297,39.0252
Test07_NG_dchg,방전,NG,3182,0,1,1,1,3.321,40.632
Test07_NG_dchg,방전,NG,3183,0,1,1,1,3.2876,40.6868
Test07_NG_dchg,방전,NG,3184,0,1,1,1,3.4957,40.0988
Test07_NG_dchg,방전,NG,3185,0,1,1,1,3.4133,38.757
Test07_NG_dchg,방전,NG,3186,0,1,1,1,3.4975,40.1131
Test07_NG_dchg,방전,NG,3187,0,1,1,1,3.4645,38.5954
Test07_NG_dchg,방전,NG,3188,0,1,1,1,3.4021,38.7814
Test07_NG_dchg,방전,NG,3189,0,1,1,1,3.4721,38.5948
Test07_NG_dchg,방전,NG,3190,0,1,1,1,3.42,38.7155
Test07_NG_dchg,방전,NG,3191,0,1,1,1,3.3793,38.8172
Test07_NG_dchg,방전,NG,3192,0,1,1,1,3.4451,40.2643
Test07_NG_dchg,방전,NG,3193,0,1,1,1,3.4825,40.158
Test07_NG_dchg,방전,NG,3194,0,1,1,1,3.3745,38.8325
Test07_NG_dchg,방전,NG,3195,0,1,1,1,3.5135,40.0777
Test07_NG_dchg,방전,NG,3196,0,1,1,1,3.4725,40.1972
Test07_NG_dchg,방전,NG,3197,0,1,1,1,3.4906,38.5518
Test07_NG_dchg,방전,NG,3198,0,1,1,1,3.4639,40.2086
Test07_NG_dchg,방전,NG,3199,0,1,1,1,3.447,40.2206
Test07_NG_dchg,방전,NG,3200,0,1,1,1,3.4421,38.6737
Test07_NG_dchg,방전,NG,3201,0,1,1,1,3.319,38.9779
Test07_NG_dchg,방전,NG,3202,0,1,1,1,3.6459,39.7069
Test07_NG_dchg,방전,NG,3203,0,1,1,1,3.3703,38.8514
Test07_NG_dchg,방전,NG,3204,0,1,1,1,3.4381,38.6544
Test07_NG_dchg,방전,NG,3205,0,1,1,1,3.4888,40.1184
Test07_NG_dchg,방전,NG,3206,0,1,1,1,3.6971,38.0243
Test07_NG_dchg,방전,NG,3207,0,1,1,1,3.3827,38.7908
Test07_NG_dchg,방전,NG,3208,0,1,1,1,3.5973,39.8289
Test07_NG_dchg,방전,NG,3209,0,1,1,1,3.1287,39.4858
Test07_NG_dchg,방전,NG,3210,0,1,1,1,3.5764,38.3493
Test07_NG_dchg,방전,NG,3211,0,1,1,1,3.4368,40.2462
Test07_NG_dchg,방전,NG,3212,0,1,1,1,3.5313,38.4367
Test07_NG_dchg,방전,NG,3213,0,1,1,1,3.3507,38.9094
Test07_NG_dchg,방전,NG,3214,0,1,1,1,3.5104,40.0601
Test07_NG_dchg,방전,NG,3215,0,1,1,1,3.5705,38.3716
Test07_NG_dchg,방전,NG,3216,0,1,1,1,3.3691,38.8439
Test07_NG_dchg,방전,NG,3217,0,1,1,1,3.521,38.4405
Test07_NG_dchg,방전,NG,3218,0,1,1,1,3.5158,38.4721
Test07_NG_dchg,방전,NG,3219,0,1,1,1,3.4804,40.1486
Test07_NG_dchg,방전,NG,3220,0,1,1,1,3.4109,38.7802
Test07_NG_dchg,방전,NG,3221,0,1,1,1,3.3642,38.8362
Test07_NG_dchg,방전,NG,3222,0,1,1,1,3.7409,39.4693
Test07_NG_dchg,방전,NG,3223,0,1,1,1,3.3335,38.944
Test07_NG_dchg,방전,NG,3224,0,1,1,1,3.6008,39.8223
Test07_NG_dchg,방전,NG,3225,0,1,1,1,3.5395,38.3859
Test07_NG_dchg,방전,NG,3226,0,1,1,1,3.3208,38.9546
Test07_NG_dchg,방전,NG,3227,0,1,1,1,3.4722,38.5912
Test07_NG_dchg,방전,NG,3228,0,1,1,1,3.4924,38.5268
Test07_NG_dchg,방전,NG,3229,0,1,1,1,3.6079,38.2418
Test07_NG_dchg,방전,NG,3230,0,1,1,1,3.4496,40.2372
Test07_NG_dchg,방전,NG,3231,0,1,1,1,3.3235,38.9493
Test07_NG_dchg,방전,NG,3232,0,1,1,1,3.3113,39.0117
Test07_NG_dchg,방전,NG,3233,0,1,1,1,3.5581,39.9367
Test07_NG_dchg,방전,NG,3234,0,1,1,1,3.2679,39.1266
Test07_NG_dchg,방전,NG,3235,0,1,1,1,3.6126,38.2443
Test07_NG_dchg,방전,NG,3236,0,1,1,1,3.6225,39.7272
Test07_NG_dchg,방전,NG,3237,0,1,1,1,3.5126,38.5188
Test07_NG_dchg,방전,NG,3238,0,1,1,1,3.4627,38.6059
Test07_NG_dchg,방전,NG,3239,0,1,1,1,3.6777,39.615
Test07_NG_dchg,방전,NG,3240,0,1,1,1,3.282,39.0637
Test07_NG_dchg,방전,NG,3241,0,1,1,1,3.5962,38.2998
Test07_NG_dchg,방전,NG,3242,0,1,1,1,3.3056,40.6662
Test07_NG_dchg,방전,NG,3243,0,1,1,1,3.4098,40.3283
Test07_NG_dchg,방전,NG,3244,0,1,1,1,3.5512,38.3639
Test07_NG_dchg,방전,NG,3245,0,1,1,1,3.4662,38.6299
Test07_NG_dchg,방전,NG,3246,0,1,1,1,3.3593,38.8786
Test07_NG_dchg,방전,NG,3247,0,1,1,1,3.6019,39.8116
Test07_NG_dchg,방전,NG,3248,0,1,1,1,3.4252,38.7065
Test07_NG_dchg,방전,NG,3249,0,1,1,1,3.444,40.2351
Test07_NG_dchg,방전,NG,3250,0,1,1,1,3.3617,38.8495
Test07_NG_dchg,방전,NG,3251,0,1,1,1,3.6595,39.6873
Test07_NG_dchg,방전,NG,3252,0,1,1,1,3.4397,38.654
Test07_NG_dchg,방전,NG,3253,0,1,1,1,3.1912,39.3201
Test07_NG_dchg,방전,NG,3254,0,1,1,1,3.4273,40.3337
Test07_NG_dchg,방전,NG,3255,0,1,1,1,3.2618,40.8037
Test07_NG_dchg,방전,NG,3256,0,1,1,1,3.5928,39.8956
Test07_NG_dchg,방전,NG,3257,0,1,1,1,3.2642,39.1145
Test07_NG_dchg,방전,NG,3258,0,1,1,1,3.5942,38.3147
Test07_NG_dchg,방전,NG,3259,0,1,1,1,3.5298,40.0468
Test07_NG_dchg,방전,NG,3260,0,1,1,1,3.4178,40.3387
Test07_NG_dchg,방전,NG,3261,0,1,1,1,3.5418,39.9708
Test07_NG_dchg,방전,NG,3262,0,1,1,1,3.4485,38.6334
Test07_NG_dchg,방전,NG,3263,0,1,1,1,3.6338,38.1905
Test07_NG_dchg,방전,NG,3264,0,1,1,1,3.7852,39.3092
Test07_NG_dchg,방전,NG,3265,0,1,1,1,3.4504,38.6368
Test07_NG_dchg,방전,NG,3266,0,1,1,1,3.483,40.1361
Test07_NG_dchg,방전,NG,3267,0,1,1,1,3.5427,38.4042
Test07_NG_dchg,방전,NG,3268,0,1,1,1,3.5468,39.9968
Test07_NG_dchg,방전,NG,3269,0,1,1,1,3.4292,40.2802
Test07_NG_dchg,방전,NG,3270,0,1,1,1,3.4696,38.5914
Test07_NG_dchg,방전,NG,3271,0,1,1,1,3.5733,39.8994
Test07_NG_dchg,방전,NG,3272,0,1,1,1,3.3961,40.385
Test07_NG_dchg,방전,NG,3273,0,1,1,1,3.2773,39.1043
Test07_NG_dchg,방전,NG,3274,0,1,1,1,3.6847,39.6487
Test07_NG_dchg,방전,NG,3275,0,1,1,1,3.4682,38.6581
Test07_NG_dchg,방전,NG,3276,0,1,1,1,3.4157,38.7512
Test07_NG_dchg,방전,NG,3277,0,1,1,1,3.2295,39.2238
Test07_NG_dchg,방전,NG,3278,0,1,1,1,3.4777,38.5689
Test07_NG_dchg,방전,NG,3279,0,1,1,1,3.5073,38.4945
Test07_NG_dchg,방전,NG,3280,0,1,1,1,3.3015,40.6569
Test07_NG_dchg,방전,NG,3281,0,1,1,1,3.4567,38.6417
Test07_NG_dchg,방전,NG,3282,0,1,1,1,3.7277,37.9513
Test07_NG_dchg,방전,NG,3283,0,1,1,1,3.2397,39.1899
Test07_NG_dchg,방전,NG,3284,0,1,1,1,3.4981,38.5303
Test07_NG_dchg,방전,NG,3285,0,1,1,1,2.9995,39.84
Test07_NG_dchg,방전,NG,3286,0,1,1,1,3.3185,39.0262
Test07_NG_dchg,방전,NG,3287,0,1,1,1,3.5776,38.379
Test07_NG_dchg,방전,NG,3288,0,1,1,1,3.5165,38.4557
Test07_NG_dchg,방전,NG,3289,0,1,1,1,3.4164,40.3125
Test07_NG_dchg,방전,NG,3290,0,1,1,1,3.0444,39.7289
Test07_NG_dchg,방전,NG,3291,0,1,1,1,3.5152,38.5109
Test07_NG_dchg,방전,NG,3292,0,1,1,1,3.4409,38.6539
Test07_NG_dchg,방전,NG,3293,0,1,1,1,3.4788,38.5716
Test07_NG_dchg,방전,NG,3294,0,1,1,1,3.4828,38.6103
Test07_NG_dchg,방전,NG,3295,0,1,1,1,3.5589,40.0028
Test07_NG_dchg,방전,NG,3296,0,1,1,1,3.3586,38.8908
Test07_NG_dchg,방전,NG,3297,0,1,1,1,3.5764,39.9201
Test07_NG_dchg,방전,NG,3298,0,1,1,1,3.5398,40.0048
Test07_NG_dchg,방전,NG,3299,0,1,1,1,3.2177,39.2418
Test07_NG_dchg,방전,NG,3300,0,1,1,1,3.3981,38.787
Test07_NG_dchg,방전,NG,3301,0,1,1,1,3.36,38.9101
Test07_NG_dchg,방전,NG,3302,0,1,1,1,3.4211,38.6946
Test07_NG_dchg,방전,NG,3303,0,1,1,1,3.5336,40.0228
Test07_NG_dchg,방전,NG,3304,0,1,1,1,3.3968,38.744
Test07_NG_dchg,방전,NG,3305,0,1,1,1,3.3733,38.8161
Test07_NG_dchg,방전,NG,3306,0,1,1,1,3.4642,40.2013
Test07_NG_dchg,방전,NG,3307,0,1,1,1,3.4654,38.6208
Test07_NG_dchg,방전,NG,3308,0,1,1,1,3.4785,40.1888
Test07_NG_dchg,방전,NG,3309,0,1,1,1,3.5797,38.3311
Test07_NG_dchg,방전,NG,3310,0,1,1,1,3.4087,38.7745
Test07_NG_dchg,방전,NG,3311,0,1,1,1,3.733,37.9351
Test07_NG_dchg,방전,NG,3312,0,1,1,1,3.2853,39.0577
Test07_NG_dchg,방전,NG,3313,0,1,1,1,3.2401,39.1867
Test07_NG_dchg,방전,NG,3314,0,1,1,1,3.3856,38.8269
Test07_NG_dchg,방전,NG,3315,0,1,1,1,3.5444,39.9551
Test07_NG_dchg,방전,NG,3316,0,1,1,1,3.6809,38.0533
Test07_NG_dchg,방전,NG,3317,0,1,1,1,3.6879,39.5508
Test07_NG_dchg,방전,NG,3318,0,1,1,1,3.4936,38.5041
Test07_NG_dchg,방전,NG,3319,0,1,1,1,3.5245,38.4317
Test07_NG_dchg,방전,NG,3320,0,1,1,1,3.3065,39.0056
Test07_NG_dchg,방전,NG,3321,0,1,1,1,3.5934,39.8256
Test07_NG_dchg,방전,NG,3322,0,1,1,1,3.3403,38.8965
Test07_NG_dchg,방전,NG,3323,0,1,1,1,3.4883,38.5337
Test07_NG_dchg,방전,NG,3324,0,1,1,1,3.3723,38.8284
Test07_NG_dchg,방전,NG,3325,0,1,1,1,3.281,39.0835
Test07_NG_dchg,방전,NG,3326,0,1,1,1,3.491,40.1085
Test07_NG_dchg,방전,NG,3327,0,1,1,1,3.5928,38.3003
Test07_NG_dchg,방전,NG,3328,0,1,1,1,3.6411,38.1995
Test07_NG_dchg,방전,NG,3329,0,1,1,1,3.3849,40.4185
Test07_NG_dchg,방전,NG,3330,0,1,1,1,3.334,38.9385
Test07_NG_dchg,방전,NG,3331,0,1,1,1,3.4531,38.6595
Test07_NG_dchg,방전,NG,3332,0,1,1,1,3.7314,37.9551
Test07_NG_dchg,방전,NG,3333,0,1,1,1,3.3666,40.4566
Test07_NG_dchg,방전,NG,3334,0,1,1,1,3.4793,40.1283
Test07_NG_dchg,방전,NG,3335,0,1,1,1,3.6979,38.0399
Test07_NG_dchg,방전,NG,3336,0,1,1,1,3.5822,38.3262
Test07_NG_dchg,방전,NG,3337,0,1,1,1,3.7099,39.5157
Test07_NG_dchg,방전,NG,3338,0,1,1,1,3.4443,40.2264
Test07_NG_dchg,방전,NG,3339,0,1,1,1,3.4972,40.1088
Test07_NG_dchg,방전,NG,3340,0,1,1,1,3.4965,38.5302
Test07_NG_dchg,방전,NG,3341,0,1,1,1,3.3658,38.84
Test07_NG_dchg,방전,NG,3342,0,1,1,1,3.1743,39.353
Test07_NG_dchg,방전,NG,3343,0,1,1,1,3.5271,40.0377
Test07_NG_dchg,방전,NG,3344,0,1,1,1,3.7451,39.463
Test07_NG_dchg,방전,NG,3345,0,1,1,1,3.4053,38.7294
Test07_NG_dchg,방전,NG,3346,0,1,1,1,3.3398,38.9401
Test07_NG_dchg,방전,NG,3347,0,1,1,1,3.5177,38.4792
Test07_NG_dchg,방전,NG,3348,0,1,1,1,3.4334,38.6993
Test07_NG_dchg,방전,NG,3349,0,1,1,1,3.0496,39.7076
Test07_NG_dchg,방전,NG,3350,0,1,1,1,3.4507,38.6583
Test07_NG_dchg,방전,NG,3351,0,1,1,1,3.4632,38.6317
Test07_NG_dchg,방전,NG,3352,0,1,1,1,3.5794,38.3271
Test07_NG_dchg,방전,NG,3353,0,1,1,1,3.6771,38.107
Test07_NG_dchg,방전,NG,3354,0,1,1,1,3.4427,38.6677
Test07_NG_dchg,방전,NG,3355,0,1,1,1,3.5215,38.4598
Test07_NG_dchg,방전,NG,3356,0,1,1,1,3.5682,38.3236
Test07_NG_dchg,방전,NG,3357,0,1,1,1,3.6623,38.1402
Test07_NG_dchg,방전,NG,3358,0,1,1,1,3.6255,38.2034
Test07_NG_dchg,방전,NG,3359,0,1,1,1,3.1877,39.3426
Test07_NG_dchg,방전,NG,3360,0,1,1,1,3.3064,39.0101
Test07_NG_dchg,방전,NG,3361,0,1,1,1,3.3526,40.5191
Test07_NG_dchg,방전,NG,3362,0,1,1,1,3.6227,38.2478
Test07_NG_dchg,방전,NG,3363,0,1,1,1,3.2795,39.1038
Test07_NG_dchg,방전,NG,3364,0,1,1,1,3.3519,40.4967
Test07_NG_dchg,방전,NG,3365,0,1,1,1,3.3508,40.5057
Test07_NG_dchg,방전,NG,3366,0,1,1,1,3.5786,38.3341
Test07_NG_dchg,방전,NG,3367,0,1,1,1,3.6051,38.2308
Test07_NG_dchg,방전,NG,3368,0,1,1,1,3.4599,38.6278
Test07_NG_dchg,방전,NG,3369,0,1,1,1,3.4207,38.7244
Test07_NG_dchg,방전,NG,3370,0,1,1,1,3.5861,38.2827
Test07_NG_dchg,방전,NG,3371,0,1,1,1,3.5677,39.9222
Test07_NG_dchg,방전,NG,3372,0,1,1,1,3.0745,39.651
Test07_NG_dchg,방전,NG,3373,0,1,1,1,3.5702,38.3835
Test07_NG_dchg,방전,NG,3374,0,1,1,1,3.6763,39.6535
Test07_NG_dchg,방전,NG,3375,0,1,1,1,3.5027,38.5709
Test07_NG_dchg,방전,NG,3376,0,1,1,1,3.874,39.1832
Test07_NG_dchg,방전,NG,3377,0,1,1,1,3.4599,38.6209
Test07_NG_dchg,방전,NG,3378,0,1,1,1,3.6148,38.2205
Test07_NG_dchg,방전,NG,3379,0,1,1,1,3.6922,39.5763
Test07_NG_dchg,방전,NG,3380,0,1,1,1,3.354,38.8858
Test07_NG_dchg,방전,NG,3381,0,1,1,1,3.6092,38.231
Test07_NG_dchg,방전,NG,3382,0,1,1,1,3.6997,39.5502
Test07_NG_dchg,방전,NG,3383,0,1,1,1,3.5167,38.4863
Test07_NG_dchg,방전,NG,3384,0,1,1,1,3.4842,38.5961
Test07_NG_dchg,방전,NG,3385,0,1,1,1,3.5777,38.3038
Test07_NG_dchg,방전,NG,3386,0,1,1,1,3.7175,37.982
Test07_NG_dchg,방전,NG,3387,0,1,1,1,3.6538,39.6508
Test07_NG_dchg,방전,NG,3388,0,1,1,1,3.4808,38.549
Test07_NG_dchg,방전,NG,3389,0,1,1,1,3.4512,38.6222
Test07_NG_dchg,방전,NG,3390,0,1,1,1,3.0547,39.6716
Test07_NG_dchg,방전,NG,3391,0,1,1,1,3.5955,38.2744
Test07_NG_dchg,방전,NG,3392,0,1,1,1,3.348,38.8876
Test07_NG_dchg,방전,NG,3393,0,1,1,1,3.4185,38.7141
Test07_NG_dchg,방전,NG,3394,0,1,1,1,3.6966,39.5654
Test07_NG_dchg,방전,NG,3395,0,1,1,1,3.2908,39.082
Test07_NG_dchg,방전,NG,3396,0,1,1,1,3.3493,38.9644
Test07_NG_dchg,방전,NG,3397,0,1,1,1,3.3952,38.8561
Test07_NG_dchg,방전,NG,3398,0,1,1,1,3.3645,38.9191
Test07_NG_dchg,방전,NG,3399,0,1,1,1,3.7827,37.8968
Test07_NG_dchg,방전,NG,3400,0,1,1,1,3.759,37.906
Test07_NG_dchg,방전,NG,3401,0,1,1,1,3.1551,39.4243
Test07_NG_dchg,방전,NG,3402,0,1,1,1,3.6046,39.803
Test07_NG_dchg,방전,NG,3403,0,1,1,1,3.6555,38.1559
Test07_NG_dchg,방전,NG,3404,0,1,1,1,3.5245,38.4527
Test07_NG_dchg,방전,NG,3405,0,1,1,1,3.4361,38.6577
Test07_NG_dchg,방전,NG,3406,0,1,1,1,3.2574,39.1283
Test07_NG_dchg,방전,NG,3407,0,1,1,1,3.496,38.5265
Test07_NG_dchg,방전,NG,3408,0,1,1,1,3.491,38.5422
Test07_NG_dchg,방전,NG,3409,0,1,1,1,3.4336,38.6868
Test07_NG_dchg,방전,NG,3410,0,1,1,1,3.6937,38.0508
Test07_NG_dchg,방전,NG,3411,0,1,1,1,3.1759,39.3253
Test07_NG_dchg,방전,NG,3412,0,1,1,1,3.2413,39.1653
Test07_NG_dchg,방전,NG,3413,0,1,1,1,3.8032,39.3035
Test07_NG_dchg,방전,NG,3414,0,1,1,1,3.4562,38.6478
Test07_NG_dchg,방전,NG,3415,0,1,1,1,3.8279,37.7299
Test07_NG_dchg,방전,NG,3416,0,1,1,1,3.7307,39.5079
Test07_NG_dchg,방전,NG,3417,0,1,1,1,3.4288,38.7254
Test07_NG_dchg,방전,NG,3418,0,1,1,1,3.4291,38.7221
Test07_NG_dchg,방전,NG,3419,0,1,1,1,3.4937,38.5301
Test07_NG_dchg,방전,NG,3420,0,1,1,1,3.4768,38.5639
Test07_NG_dchg,방전,NG,3421,0,1,1,1,3.362,38.8262
Test07_NG_dchg,방전,NG,3422,0,1,1,1,3.5324,38.4409
Test07_NG_dchg,방전,NG,3423,0,1,1,1,3.4672,38.6213
Test07_NG_dchg,방전,NG,3424,0,1,1,1,3.3581,40.4621
Test07_NG_dchg,방전,NG,3425,0,1,1,1,3.5521,39.9433
Test07_NG_dchg,방전,NG,3426,0,1,1,1,3.3235,38.9568
Test07_NG_dchg,방전,NG,3427,0,1,1,1,3.4881,38.5374
Test07_NG_dchg,방전,NG,3428,0,1,1,1,3.4474,38.6834
Test07_NG_dchg,방전,NG,3429,0,1,1,1,3.6066,38.2736
Test07_NG_dchg,방전,NG,3430,0,1,1,1,3.4665,40.185
Test07_NG_dchg,방전,NG,3431,0,1,1,1,3.4978,40.0959
Test07_NG_dchg,방전,NG,3432,0,1,1,1,3.3969,38.7855
Test07_NG_dchg,방전,NG,3433,0,1,1,1,3.4462,38.6678
Test07_NG_dchg,방전,NG,3434,0,1,1,1,3.4472,38.6866
Test07_NG_dchg,방전,NG,3435,0,1,1,1,3.5833,38.3638
Test07_NG_dchg,방전,NG,3436,0,1,1,1,3.4932,38.5511
Test07_NG_dchg,방전,NG,3437,0,1,1,1,3.4215,38.7055
Test07_NG_dchg,방전,NG,3438,0,1,1,1,3.3513,38.8729
Test07_NG_dchg,방전,NG,3439,0,1,1,1,3.1801,39.344
Test07_NG_dchg,방전,NG,3440,0,1,1,1,3.7089,38.0618
Test07_NG_dchg,방전,NG,3441,0,1,1,1,3.1401,39.47
Test07_NG_dchg,방전,NG,3442,0,1,1,1,3.4315,40.2701
Test07_NG_dchg,방전,NG,3443,0,1,1,1,3.7695,39.3651
Test07_NG_dchg,방전,NG,3444,0,1,1,1,3.3478,38.9021
Test07_NG_dchg,방전,NG,3445,0,1,1,1,3.6515,39.7073
Test07_NG_dchg,방전,NG,3446,0,1,1,1,3.3747,38.868
Test07_NG_dchg,방전,NG,3447,0,1,1,1,3.3623,38.9007
Test07_NG_dchg,방전,NG,3448,0,1,1,1,3.4086,40.3474
Test07_NG_dchg,방전,NG,3449,0,1,1,1,3.357,38.8821
Test07_NG_dchg,방전,NG,3450,0,1,1,1,3.3748,38.8447
Test07_NG_dchg,방전,NG,3451,0,1,1,1,3.5734,38.3562
Test07_NG_dchg,방전,NG,3452,0,1,1,1,3.6822,39.6248
Test07_NG_dchg,방전,NG,3453,0,1,1,1,3.6183,39.7768
Test07_NG_dchg,방전,NG,3454,0,1,1,1,3.1652,39.3863
Test07_NG_dchg,방전,NG,3455,0,1,1,1,3.2948,39.0611
Test07_NG_dchg,방전,NG,3456,0,1,1,1,3.6022,38.278
Test07_NG_dchg,방전,NG,3457,0,1,1,1,3.3704,38.8792
Test07_NG_dchg,방전,NG,3458,0,1,1,1,3.3014,39.0178
Test07_NG_dchg,방전,NG,3459,0,1,1,1,3.4953,38.5528
Test07_NG_dchg,방전,NG,3460,0,1,1,1,3.59,39.8277
Test07_NG_dchg,방전,NG,3461,0,1,1,1,3.4385,40.2417
Test07_NG_dchg,방전,NG,3462,0,1,1,1,3.4649,38.6021
Test07_NG_dchg,방전,NG,3463,0,1,1,1,3.5887,38.3592
Test07_NG_dchg,방전,NG,3464,0,1,1,1,3.5609,38.3439
Test07_NG_dchg,방전,NG,3465,0,1,1,1,3.5539,38.36
Test07_NG_dchg,방전,NG,3466,0,1,1,1,3.6507,38.1608
Test07_NG_dchg,방전,NG,3467,0,1,1,1,3.5031,38.4879
Test07_NG_dchg,방전,NG,3468,0,1,1,1,3.6636,38.1072
Test07_NG_dchg,방전,NG,3469,0,1,1,1,3.3605,38.8513
Test07_NG_dchg,방전,NG,3470,0,1,1,1,3.2799,39.0581
Test07_NG_dchg,방전,NG,3471,0,1,1,1,3.3046,39.0166
Test07_NG_dchg,방전,NG,3472,0,1,1,1,3.4654,38.6171
Test07_NG_dchg,방전,NG,3473,0,1,1,1,3.5969,38.2689
Test07_NG_dchg,방전,NG,3474,0,1,1,1,3.5811,38.3252
Test07_NG_dchg,방전,NG,3475,0,1,1,1,3.2946,39.0569
Test07_NG_dchg,방전,NG,3476,0,1,1,1,3.7136,38.0099
Test07_NG_dchg,방전,NG,3477,0,1,1,1,3.4513,40.2493
Test07_NG_dchg,방전,NG,3478,0,1,1,1,3.2477,39.1901
Test07_NG_dchg,방전,NG,3479,0,1,1,1,3.5396,38.4569
Test07_NG_dchg,방전,NG,3480,0,1,1,1,3.8451,37.7022
Test07_NG_dchg,방전,NG,3481,0,1,1,1,3.5289,38.4269
Test07_NG_dchg,방전,NG,3482,0,1,1,1,3.3899,38.8022
Test07_NG_dchg,방전,NG,3483,0,1,1,1,3.5445,38.3962
Test07_NG_dchg,방전,NG,3484,0,1,1,1,3.4074,38.735
Test07_NG_dchg,방전,NG,3485,0,1,1,1,3.4899,38.5294
Test07_NG_dchg,방전,NG,3486,0,1,1,1,3.3411,38.9273
Test07_NG_dchg,방전,NG,3487,0,1,1,1,3.391,38.7837
Test07_NG_dchg,방전,NG,3488,0,1,1,1,3.5665,38.3405
Test07_NG_dchg,방전,NG,3489,0,1,1,1,3.3765,38.8227
Test07_NG_dchg,방전,NG,3490,0,1,1,1,3.2991,39.0476
Test07_NG_dchg,방전,NG,3491,0,1,1,1,3.3299,38.9344
Test07_NG_dchg,방전,NG,3492,0,1,1,1,3.4526,38.6214
Test07_NG_dchg,방전,NG,3493,0,1,1,1,3.3787,38.8343
Test07_NG_dchg,방전,NG,3494,0,1,1,1,3.5206,38.5045
Test07_NG_dchg,방전,NG,3495,0,1,1,1,3.3512,38.8955
Test07_NG_dchg,방전,NG,3496,0,1,1,1,3.5774,38.3417
Test07_NG_dchg,방전,NG,3497,0,1,1,1,3.5754,39.8749
Test07_NG_dchg,방전,NG,3498,0,1,1,1,3.202,39.2878
Test07_NG_dchg,방전,NG,3499,0,1,1,1,3.5847,39.8706
Test07_NG_dchg,방전,NG,3500,0,1,1,1,3.3937,38.782
Test07_NG_dchg,방전,NG,3501,0,1,1,1,3.622,38.2334
Test07_NG_dchg,방전,NG,3502,0,1,1,1,3.8218,37.7577
Test07_NG_dchg,방전,NG,3503,0,1,1,1,3.3759,40.4184
Test07_NG_dchg,방전,NG,3504,0,1,1,1,3.5506,38.388
Test07_NG_dchg,방전,NG,3505,0,1,1,1,3.4685,38.5893
Test07_NG_dchg,방전,NG,3506,0,1,1,1,3.5395,38.4179
Test07_NG_dchg,방전,NG,3507,0,1,1,1,3.3456,38.9442
Test07_NG_dchg,방전,NG,3508,0,1,1,1,3.3239,40.61
Test07_NG_dchg,방전,NG,3509,0,1,1,1,3.6682,39.6446
Test07_NG_dchg,방전,NG,3510,0,1,1,1,3.6246,39.7642
Test07_NG_dchg,방전,NG,3511,0,1,1,1,3.6292,39.7447
Test07_NG_dchg,방전,NG,3512,0,1,1,1,3.2865,39.0666
Test07_NG_dchg,방전,NG,3513,0,1,1,1,3.6784,38.1172
Test07_NG_dchg,방전,NG,3514,0,1,1,1,3.2207,39.2673
Test07_NG_dchg,방전,NG,3515,0,1,1,1,3.5034,38.4806
Test07_NG_dchg,방전,NG,3516,0,1,1,1,3.6782,38.1378
Test07_NG_dchg,방전,NG,3517,0,1,1,1,3.4506,38.6426
Test07_NG_dchg,방전,NG,3518,0,1,1,1,3.4613,38.6186
Test07_NG_dchg,방전,NG,3519,0,1,1,1,3.5062,38.4885
Test07_NG_dchg,방전,NG,3520,0,1,1,1,3.3647,38.8533
Test07_NG_dchg,방전,NG,3521,0,1,1,1,3.5591,39.9269
Test07_NG_dchg,방전,NG,3522,0,1,1,1,3.5631,39.9061
Test07_NG_dchg,방전,NG,3523,0,1,1,1,3.5546,39.9331
Test07_NG_dchg,방전,NG,3524,0,1,1,1,3.2999,39.0233
Test07_NG_dchg,방전,NG,3525,0,1,1,1,3.5615,38.3478
Test07_NG_dchg,방전,NG,3526,0,1,1,1,3.5873,39.8575
Test07_NG_dchg,방전,NG,3527,0,1,1,1,3.4905,38.5756
Test07_NG_dchg,방전,NG,3528,0,1,1,1,3.8056,37.792
Test07_NG_dchg,방전,NG,3529,0,1,1,1,3.5285,38.423
Test07_NG_dchg,방전,NG,3530,0,1,1,1,3.3849,40.4079
Test07_NG_dchg,방전,NG,3531,0,1,1,1,3.2621,39.1126
Test07_NG_dchg,방전,NG,3532,0,1,1,1,3.2745,40.7096
Test07_NG_dchg,방전,NG,3533,0,1,1,1,3.3898,38.813
Test07_NG_dchg,방전,NG,3534,0,1,1,1,3.6627,38.1517
Test07_NG_dchg,방전,NG,3535,0,1,1,1,3.4225,38.6982
Test07_NG_dchg,방전,NG,3536,0,1,1,1,3.1507,39.4027
Test07_NG_dchg,방전,NG,3537,0,1,1,1,3.2644,39.1252
Test07_NG_dchg,방전,NG,3538,0,1,1,1,3.5532,39.9691
Test07_NG_dchg,방전,NG,3539,0,1,1,1,3.346,40.5382
Test07_NG_dchg,방전,NG,3540,0,1,1,1,3.4493,38.7161
Test07_NG_dchg,방전,NG,3541,0,1,1,1,3.2452,39.1989
Test07_NG_dchg,방전,NG,3542,0,1,1,1,3.4936,40.1013
Test07_NG_dchg,방전,NG,3543,0,1,1,1,3.3331,38.9664
Test07_NG_dchg,방전,NG,3544,0,1,1,1,3.437,38.6715
Test07_NG_dchg,방전,NG,3545,0,1,1,1,3.4673,38.641
Test07_NG_dchg,방전,NG,3546,0,1,1,1,3.5149,40.0654
Test07_NG_dchg,방전,NG,3547,0,1,1,1,3.2339,39.2326
Test07_NG_dchg,방전,NG,3548,0,1,1,1,3.666,38.1259
Test07_NG_dchg,방전,NG,3549,0,1,1,1,3.4942,38.5318
Test07_NG_dchg,방전,NG,3550,0,1,1,1,3.7131,38.0209
Test07_NG_dchg,방전,NG,3551,0,1,1,1,3.3832,38.8122
Test07_NG_dchg,방전,NG,3552,0,1,1,1,3.3936,38.7821
Test07_NG_dchg,방전,NG,3553,0,1,1,1,3.3941,38.7703
Test07_NG_dchg,방전,NG,3554,0,1,1,1,3.171,39.3905
Test07_NG_dchg,방전,NG,3555,0,1,1,1,3.441,38.6591
Test07_NG_dchg,방전,NG,3556,0,1,1,1,3.4705,40.2132
Test07_NG_dchg,방전,NG,3557,0,1,1,1,3.4098,38.7562
Test07_NG_dchg,방전,NG,3558,0,1,1,1,3.3872,38.8208
Test07_NG_dchg,방전,NG,3559,0,1,1,1,3.4479,38.6928
Test07_NG_dchg,방전,NG,3560,0,1,1,1,3.4645,40.2075
Test07_NG_dchg,방전,NG,3561,0,1,1,1,3.4436,38.679
Test07_NG_dchg,방전,NG,3562,0,1,1,1,3.186,39.3578
Test07_NG_dchg,방전,NG,3563,0,1,1,1,3.5448,38.4244
Test07_NG_dchg,방전,NG,3564,0,1,1,1,3.4559,38.6172
Test07_NG_dchg,방전,NG,3565,0,1,1,1,3.4793,38.6096
Test07_NG_dchg,방전,NG,3566,0,1,1,1,3.4567,40.2105
Test07_NG_dchg,방전,NG,3567,0,1,1,1,3.5453,39.96
Test07_NG_dchg,방전,NG,3568,0,1,1,1,3.6271,38.2077
Test07_NG_dchg,방전,NG,3569,0,1,1,1,3.3647,38.8746
Test07_NG_dchg,방전,NG,3570,0,1,1,1,3.3942,38.8295
Test07_NG_dchg,방전,NG,3571,0,1,1,1,3.6717,38.1155
Test07_NG_dchg,방전,NG,3572,0,1,1,1,3.6332,38.1998
Test07_NG_dchg,방전,NG,3573,0,1,1,1,3.3127,39.0191
Test07_NG_dchg,방전,NG,3574,0,1,1,1,3.6897,38.0402
Test07_NG_dchg,방전,NG,3575,0,1,1,1,3.3535,38.8883
Test07_NG_dchg,방전,NG,3576,0,1,1,1,3.6635,38.1063
Test07_NG_dchg,방전,NG,3577,0,1,1,1,3.3625,38.8865
Test07_NG_dchg,방전,NG,3578,0,1,1,1,3.5747,38.3545
Test07_NG_dchg,방전,NG,3579,0,1,1,1,3.6146,38.2293
Test07_NG_dchg,방전,NG,3580,0,1,1,1,3.4858,38.531
Test07_NG_dchg,방전,NG,3581,0,1,1,1,3.4336,40.2688
Test07_NG_dchg,방전,NG,3582,0,1,1,1,3.3386,38.9188
Test07_NG_dchg,방전,NG,3583,0,1,1,1,3.7648,37.8693
Test07_NG_dchg,방전,NG,3584,0,1,1,1,3.6358,38.1914
Test07_NG_dchg,방전,NG,3585,0,1,1,1,3.338,38.9273
Test07_NG_dchg,방전,NG,3586,0,1,1,1,3.3942,40.372
Test07_NG_dchg,방전,NG,3587,0,1,1,1,3.4636,38.6157
Test07_NG_dchg,방전,NG,3588,0,1,1,1,3.4023,38.7964
Test07_NG_dchg,방전,NG,3589,0,1,1,1,3.728,37.9843
Test07_NG_dchg,방전,NG,3590,0,1,1,1,3.3289,40.5822
Test07_NG_dchg,방전,NG,3591,0,1,1,1,3.6117,38.248
Test07_NG_dchg,방전,NG,3592,0,1,1,1,3.5124,38.486
Test07_NG_dchg,방전,NG,3593,0,1,1,1,3.3711,38.8359
Test07_NG_dchg,방전,NG,3594,0,1,1,1,3.3128,38.9796
Test07_NG_dchg,방전,NG,3595,0,1,1,1,3.4172,38.7226
Test07_NG_dchg,방전,NG,3596,0,1,1,1,3.4109,38.756
Test07_NG_dchg,방전,NG,3597,0,1,1,1,3.3065,39.015
Test07_NG_dchg,방전,NG,3598,0,1,1,1,3.7813,39.3423
Test07_NG_dchg,방전,NG,3599,0,1,1,1,3.3494,38.8897
Test07_NG_dchg,방전,NG,3600,0,1,1,1,3.6381,38.1798
Test07_NG_dchg,방전,NG,3601,0,1,1,1,3.2379,39.1786
Test07_NG_dchg,방전,NG,3602,0,1,1,1,3.3557,38.879
Test07_NG_dchg,방전,NG,3603,0,1,1,1,3.577,38.3405
Test07_NG_dchg,방전,NG,3604,0,1,1,1,3.2911,39.0619
Test07_NG_dchg,방전,NG,3605,0,1,1,1,3.566,38.348
Test07_NG_dchg,방전,NG,3606,0,1,1,1,3.569,38.3341
Test07_NG_dchg,방전,NG,3607,0,1,1,1,3.3707,38.8347
Test07_NG_dchg,방전,NG,3608,0,1,1,1,3.1893,39.3237
Test07_NG_dchg,방전,NG,3609,0,1,1,1,3.5015,38.5314
Test07_NG_dchg,방전,NG,3610,0,1,1,1,3.2376,39.1809
Test07_NG_dchg,방전,NG,3611,0,1,1,1,3.6143,39.7745
Test07_NG_dchg,방전,NG,3612,0,1,1,1,3.4076,38.7544
Test07_NG_dchg,방전,NG,3613,0,1,1,1,3.5349,38.4586
Test07_NG_dchg,방전,NG,3614,0,1,1,1,3.6122,38.2707
Test07_NG_dchg,방전,NG,3615,0,1,1,1,3.3305,38.9892
Test07_NG_dchg,방전,NG,3616,0,1,1,1,3.2794,39.0842
Test07_NG_dchg,방전,NG,3617,0,1,1,1,3.3747,38.8484
Test07_NG_dchg,방전,NG,3618,0,1,1,1,3.5714,38.3439
Test07_NG_dchg,방전,NG,3619,0,1,1,1,3.4871,38.574
Test07_NG_dchg,방전,NG,3620,0,1,1,1,3.2774,39.0734
Test07_NG_dchg,방전,NG,3621,0,1,1,1,3.471,38.605
Test07_NG_dchg,방전,NG,3622,0,1,1,1,3.4961,38.5479
Test07_NG_dchg,방전,NG,3623,0,1,1,1,3.3319,38.9492
Test07_NG_dchg,방전,NG,3624,0,1,1,1,3.2294,39.2226
Test07_NG_dchg,방전,NG,3625,0,1,1,1,3.606,38.2577
Test07_NG_dchg,방전,NG,3626,0,1,1,1,3.5337,38.4252
Test07_NG_dchg,방전,NG,3627,0,1,1,1,3.2971,39.0391
Test07_NG_dchg,방전,NG,3628,0,1,1,1,3.5447,38.4334
Test07_NG_dchg,방전,NG,3629,0,1,1,1,3.4982,38.544
Test07_NG_dchg,방전,NG,3630,0,1,1,1,3.5667,38.3508
Test07_NG_dchg,방전,NG,3631,0,1,1,1,3.5369,38.4309
Test07_NG_dchg,방전,NG,3632,0,1,1,1,3.4891,38.558
Test07_NG_dchg,방전,NG,3633,0,1,1,1,3.1335,39.5039
Test07_NG_dchg,방전,NG,3634,0,1,1,1,3.4166,38.7532
Test07_NG_dchg,방전,NG,3635,0,1,1,1,3.4808,38.5653
Test07_NG_dchg,방전,NG,3636,0,1,1,1,3.4163,40.3464
Test07_NG_dchg,방전,NG,3637,0,1,1,1,3.4498,38.6563
Test07_NG_dchg,방전,NG,3638,0,1,1,1,3.4558,38.6465
Test07_NG_dchg,방전,NG,3639,0,1,1,1,3.3677,38.8755
Test07_NG_dchg,방전,NG,3640,0,1,1,1,3.5392,38.4352
Test07_NG_dchg,방전,NG,3641,0,1,1,1,3.3853,40.4132
Test07_NG_dchg,방전,NG,3642,0,1,1,1,3.49,38.5485
Test07_NG_dchg,방전,NG,3643,0,1,1,1,3.5185,38.4465
Test07_NG_dchg,방전,NG,3644,0,1,1,1,3.5593,39.9195
Test07_NG_dchg,방전,NG,3645,0,1,1,1,3.1784,39.335
Test07_NG_dchg,방전,NG,3646,0,1,1,1,3.2248,39.2257
Test07_NG_dchg,방전,NG,3647,0,1,1,1,3.1937,39.3057
Test07_NG_dchg,방전,NG,3648,0,1,1,1,3.5762,39.9034
Test07_NG_dchg,방전,NG,3649,0,1,1,1,3.1195,39.5334
Test07_NG_dchg,방전,NG,3650,0,1,1,1,3.3034,39.052
Test07_NG_dchg,방전,NG,3651,0,1,1,1,3.455,38.6439
Test07_NG_dchg,방전,NG,3652,0,1,1,1,3.5268,40.0693
Test07_NG_dchg,방전,NG,3653,0,1,1,1,3.5401,38.5085
Test07_NG_dchg,방전,NG,3654,0,1,1,1,3.4261,38.7427
Test07_NG_dchg,방전,NG,3655,0,1,1,1,3.4641,38.6654
Test07_NG_dchg,방전,NG,3656,0,1,1,1,3.4682,38.6459
Test07_NG_dchg,방전,NG,3657,0,1,1,1,3.5404,38.4441
Test07_NG_dchg,방전,NG,3658,0,1,1,1,3.3628,38.9024
Test07_NG_dchg,방전,NG,3659,0,1,1,1,3.6191,39.7952
Test07_NG_dchg,방전,NG,3660,0,1,1,1,3.4185,38.7343
Test07_NG_dchg,방전,NG,3661,0,1,1,1,3.422,40.2977
Test07_NG_dchg,방전,NG,3662,0,1,1,1,3.3364,38.9256
Test07_NG_dchg,방전,NG,3663,0,1,1,1,3.3156,38.9866
Test07_NG_dchg,방전,NG,3664,0,1,1,1,3.2063,39.2701
Test07_NG_dchg,방전,NG,3665,0,1,1,1,3.5641,38.3793
Test07_NG_dchg,방전,NG,3666,0,1,1,1,3.4399,38.7107
Test07_NG_dchg,방전,NG,3667,0,1,1,1,3.4372,38.7082
Test07_NG_dchg,방전,NG,3668,0,1,1,1,3.4848,38.5742
Test07_NG_dchg,방전,NG,3669,0,1,1,1,3.3873,38.8195
Test07_NG_dchg,방전,NG,3670,0,1,1,1,3.4603,38.7063
Test07_NG_dchg,방전,NG,3671,0,1,1,1,3.3987,38.8274
Test07_NG_dchg,방전,NG,3672,0,1,1,1,3.5134,38.4939
Test07_NG_dchg,방전,NG,3673,0,1,1,1,3.5528,38.3866
Test07_NG_dchg,방전,NG,3674,0,1,1,1,3.3523,38.8665
Test07_NG_dchg,방전,NG,3675,0,1,1,1,3.4186,38.7147
Test07_NG_dchg,방전,NG,3676,0,1,1,1,3.1636,39.3916
Test07_NG_dchg,방전,NG,3677,0,1,1,1,3.5653,39.891
Test07_NG_dchg,방전,NG,3678,0,1,1,1,3.4005,38.7918
Test07_NG_dchg,방전,NG,3679,0,1,1,1,3.3901,38.8178
Test07_NG_dchg,방전,NG,3680,0,1,1,1,3.3061,39.0692
Test07_NG_dchg,방전,NG,3681,0,1,1,1,3.3991,40.3666
Test07_NG_dchg,방전,NG,3682,0,1,1,1,3.1627,39.3899
Test07_NG_dchg,방전,NG,3683,0,1,1,1,3.4184,38.7589
Test07_NG_dchg,방전,NG,3684,0,1,1,1,3.4296,38.7273
Test07_NG_dchg,방전,NG,3685,0,1,1,1,3.4282,38.7095
Test07_NG_dchg,방전,NG,3686,0,1,1,1,3.2879,39.0782
Test07_NG_dchg,방전,NG,3687,0,1,1,1,3.4047,38.7506
Test07_NG_dchg,방전,NG,3688,0,1,1,1,3.2971,39.0287
Test07_NG_dchg,방전,NG,3689,0,1,1,1,3.2014,39.2927
Test07_NG_dchg,방전,NG,3690,0,1,1,1,3.5799,38.3669
Test07_NG_dchg,방전,NG,3691,0,1,1,1,3.6952,38.0465
Test07_NG_dchg,방전,NG,3692,0,1,1,1,3.3124,38.9663
Test07_NG_dchg,방전,NG,3693,0,1,1,1,3.0926,39.5958
Test07_NG_dchg,방전,NG,3694,0,1,1,1,3.6625,38.1144
Test07_NG_dchg,방전,NG,3695,0,1,1,1,3.5508,38.4245
Test07_NG_dchg,방전,NG,3696,0,1,1,1,3.2338,39.2088
Test07_NG_dchg,방전,NG,3697,0,1,1,1,3.4978,38.5302
Test07_NG_dchg,방전,NG,3698,0,1,1,1,3.4112,38.7441
Test07_NG_dchg,방전,NG,3699,0,1,1,1,3.6819,38.0705
Test07_NG_dchg,방전,NG,3700,0,1,1,1,3.3962,38.772
Test07_NG_dchg,방전,NG,3701,0,1,1,1,3.4083,38.7677
Test07_NG_dchg,방전,NG,3702,0,1,1,1,3.5215,38.5106
Test07_NG_dchg,방전,NG,3703,0,1,1,1,3.4191,38.7277
Test07_NG_dchg,방전,NG,3704,0,1,1,1,3.5049,38.5187
Test07_NG_dchg,방전,NG,3705,0,1,1,1,3.5344,38.4598
Test07_NG_dchg,방전,NG,3706,0,1,1,1,3.3494,38.9487
Test07_NG_dchg,방전,NG,3707,0,1,1,1,3.1311,39.5158
Test07_NG_dchg,방전,NG,3708,0,1,1,1,3.422,38.715
Test07_NG_dchg,방전,NG,3709,0,1,1,1,3.5271,38.4755
Test07_NG_dchg,방전,NG,3710,0,1,1,1,3.4707,38.5868
Test07_NG_dchg,방전,NG,3711,0,1,1,1,3.3803,38.8077
Test07_NG_dchg,방전,NG,3712,0,1,1,1,3.6498,38.1415
Test07_NG_dchg,방전,NG,3713,0,1,1,1,3.2967,39.0424
Test07_NG_dchg,방전,NG,3714,0,1,1,1,3.3609,38.8779
Test07_NG_dchg,방전,NG,3715,0,1,1,1,3.5804,38.2937
Test07_NG_dchg,방전,NG,3716,0,1,1,1,3.6431,38.1681
Test07_NG_dchg,방전,NG,3717,0,1,1,1,3.2951,39.0471
Test07_NG_dchg,방전,NG,3718,0,1,1,1,3.3035,39.0007
Test07_NG_dchg,방전,NG,3719,0,1,1,1,3.2442,39.1685
Test07_NG_dchg,방전,NG,3720,0,1,1,1,3.4583,38.6278
Test07_NG_dchg,방전,NG,3721,0,1,1,1,3.313,38.9981
Test07_NG_dchg,방전,NG,3722,0,1,1,1,3.4024,38.7731
Test07_NG_dchg,방전,NG,3723,0,1,1,1,3.3226,38.9611
Test07_NG_dchg,방전,NG,3724,0,1,1,1,3.6354,38.2121
Test07_NG_dchg,방전,NG,3725,0,1,1,1,3.5573,38.3749
Test07_NG_dchg,방전,NG,3726,0,1,1,1,3.4207,38.7236
Test07_NG_dchg,방전,NG,3727,0,1,1,1,3.2576,39.1593
Test07_NG_dchg,방전,NG,3728,0,1,1,1,3.266,39.1739
Test07_NG_dchg,방전,NG,3729,0,1,1,1,3.8075,37.791
Test07_NG_dchg,방전,NG,3730,0,1,1,1,3.2865,39.0734
Test07_NG_dchg,방전,NG,3731,0,1,1,1,3.3604,38.8881
Test07_NG_dchg,방전,NG,3732,0,1,1,1,3.4168,38.7787
Test07_NG_dchg,방전,NG,3733,0,1,1,1,3.3241,38.9643
Test07_NG_dchg,방전,NG,3734,0,1,1,1,3.4695,38.6215
Test07_NG_dchg,방전,NG,3735,0,1,1,1,3.3624,38.887
Test07_NG_dchg,방전,NG,3736,0,1,1,1,3.1821,39.3501
Test07_NG_dchg,방전,NG,3737,0,1,1,1,3.5622,38.3761
Test07_NG_dchg,방전,NG,3738,0,1,1,1,3.2394,39.1891
Test07_NG_dchg,방전,NG,3739,0,1,1,1,3.2021,39.2909
Test07_NG_dchg,방전,NG,3740,0,1,1,1,3.5216,38.4803
Test07_NG_dchg,방전,NG,3741,0,1,1,1,3.5812,39.8711
Test07_NG_dchg,방전,NG,3742,0,1,1,1,3.2704,39.1149
Test07_NG_dchg,방전,NG,3743,0,1,1,1,3.3034,39.006
Test07_NG_dchg,방전,NG,3744,0,1,1,1,3.273,39.1079
Test07_NG_dchg,방전,NG,3745,0,1,1,1,3.2396,39.2036
Test07_NG_dchg,방전,NG,3746,0,1,1,1,3.3349,38.9798
Test07_NG_dchg,방전,NG,3747,0,1,1,1,3.3432,38.9191
Test07_NG_dchg,방전,NG,3748,0,1,1,1,3.5165,38.5096
Test07_NG_dchg,방전,NG,3749,0,1,1,1,3.5396,38.4469
Test07_NG_dchg,방전,NG,3750,0,1,1,1,3.2687,39.1137
Test07_NG_dchg,방전,NG,3751,0,1,1,1,3.5455,38.4358
Test07_NG_dchg,방전,NG,3752,0,1,1,1,3.5784,38.3455
Test07_NG_dchg,방전,NG,3753,0,1,1,1,3.5525,38.3917
Test07_NG_dchg,방전,NG,3754,0,1,1,1,3.3868,38.7887
Test07_NG_dchg,방전,NG,3755,0,1,1,1,3.6031,39.833
Test07_NG_dchg,방전,NG,3756,0,1,1,1,3.4327,38.701
Test07_NG_dchg,방전,NG,3757,0,1,1,1,3.4996,38.5061
Test07_NG_dchg,방전,NG,3758,0,1,1,1,3.2594,39.1267
Test07_NG_dchg,방전,NG,3759,0,1,1,1,3.4589,38.6387
Test07_NG_dchg,방전,NG,3760,0,1,1,1,3.5236,38.4729
Test07_NG_dchg,방전,NG,3761,0,1,1,1,3.4458,38.649
Test07_NG_dchg,방전,NG,3762,0,1,1,1,3.3625,38.8624
Test07_NG_dchg,방전,NG,3763,0,1,1,1,3.3938,38.8061
Test07_NG_dchg,방전,NG,3764,0,1,1,1,3.1914,39.3248
Test07_NG_dchg,방전,NG,3765,0,1,1,1,3.2128,39.2689
Test07_NG_dchg,방전,NG,3766,0,1,1,1,3.5138,38.4972
Test07_NG_dchg,방전,NG,3767,0,1,1,1,3.6657,38.1586
Test07_NG_dchg,방전,NG,3768,0,1,1,1,3.4151,38.7371
Test07_NG_dchg,방전,NG,3769,0,1,1,1,3.4274,38.7476
Test07_NG_dchg,방전,NG,3770,0,1,1,1,3.4581,38.6277
Test07_NG_dchg,방전,NG,3771,0,1,1,1,3.473,38.5736
Test07_NG_dchg,방전,NG,3772,0,1,1,1,3.4866,38.5141
Test07_NG_dchg,방전,NG,3773,0,1,1,1,3.5377,38.4354
Test07_NG_dchg,방전,NG,3774,0,1,1,1,3.2016,39.2756
Test07_NG_dchg,방전,NG,3775,0,1,1,1,3.5563,39.9179
Test07_NG_dchg,방전,NG,3776,0,1,1,1,3.3777,38.838
Test07_NG_dchg,방전,NG,3777,0,1,1,1,3.458,38.6225
Test07_NG_dchg,방전,NG,3778,0,1,1,1,3.5796,39.9427
Test07_NG_dchg,방전,NG,3779,0,1,1,1,3.4944,38.5576
Test07_NG_dchg,방전,NG,3780,0,1,1,1,3.4339,38.6869
Test07_NG_dchg,방전,NG,3781,0,1,1,1,3.3423,38.9428
Test07_NG_dchg,방전,NG,3782,0,1,1,1,3.4945,38.5318
Test07_NG_dchg,방전,NG,3783,0,1,1,1,3.326,38.9789
Test07_NG_dchg,방전,NG,3784,0,1,1,1,3.3618,38.8831
Test07_NG_dchg,방전,NG,3785,0,1,1,1,3.3875,38.8036
Test07_NG_dchg,방전,NG,3786,0,1,1,1,3.385,38.7802
Test07_NG_dchg,방전,NG,3787,0,1,1,1,3.3824,38.8237
Test07_NG_dchg,방전,NG,3788,0,1,1,1,3.5927,38.2875
Test07_NG_dchg,방전,NG,3789,0,1,1,1,3.341,38.9408
Test07_NG_dchg,방전,NG,3790,0,1,1,1,3.4771,38.5921
Test07_NG_dchg,방전,NG,3791,0,1,1,1,3.4804,38.5601
Test07_NG_dchg,방전,NG,3792,0,1,1,1,3.0966,39.5749
Test07_NG_dchg,방전,NG,3793,0,1,1,1,3.4402,38.6595
Test07_NG_dchg,방전,NG,3794,0,1,1,1,3.3782,38.8215
Test07_NG_dchg,방전,NG,3795,0,1,1,1,3.3415,38.9712
Test07_NG_dchg,방전,NG,3796,0,1,1,1,3.5577,38.3896
Test07_NG_dchg,방전,NG,3797,0,1,1,1,3.5867,38.3012
Test07_NG_dchg,방전,NG,3798,0,1,1,1,3.5096,38.5029
Test07_NG_dchg,방전,NG,3799,0,1,1,1,3.5534,38.3862
Test07_NG_dchg,방전,NG,3800,0,1,1,1,3.349,38.884
Test07_NG_dchg,방전,NG,3801,0,1,1,1,3.3758,38.8151
Test07_NG_dchg,방전,NG,3802,0,1,1,1,3.455,38.6111
Test07_NG_dchg,방전,NG,3803,0,1,1,1,3.4419,38.6839
Test07_NG_dchg,방전,NG,3804,0,1,1,1,3.3671,38.8437
Test07_NG_dchg,방전,NG,3805,0,1,1,1,3.6251,38.2555
Test07_NG_dchg,방전,NG,3806,0,1,1,1,3.5451,38.4201
Test07_NG_dchg,방전,NG,3807,0,1,1,1,3.2847,39.0926
Test07_NG_dchg,방전,NG,3808,0,1,1,1,3.3817,38.8241
Test07_NG_dchg,방전,NG,3809,0,1,1,1,3.4348,38.6887
Test07_NG_dchg,방전,NG,3810,0,1,1,1,3.3859,38.7964
Test07_NG_dchg,방전,NG,3811,0,1,1,1,3.3618,38.8772
Test07_NG_dchg,방전,NG,3812,0,1,1,1,3.3957,38.8288
Test07_NG_dchg,방전,NG,3813,0,1,1,1,3.4249,38.6956
Test07_NG_dchg,방전,NG,3814,0,1,1,1,3.2645,39.1272
Test07_NG_dchg,방전,NG,3815,0,1,1,1,3.3698,38.8882
Test07_NG_dchg,방전,NG,3816,0,1,1,1,3.4477,38.6488
Test07_NG_dchg,방전,NG,3817,0,1,1,1,3.2146,39.2627
Test07_NG_dchg,방전,NG,3818,0,1,1,1,3.3132,39.0256
Test07_NG_dchg,방전,NG,3819,0,1,1,1,3.2824,39.0873
Test07_NG_dchg,방전,NG,3820,0,1,1,1,3.4101,38.7777
Test07_NG_dchg,방전,NG,3821,0,1,1,1,3.3324,38.9734
Test07_NG_dchg,방전,NG,3822,0,1,1,1,3.1931,39.3733
Test07_NG_dchg,방전,NG,3823,0,1,1,1,3.4391,38.7098
Test07_NG_dchg,방전,NG,3824,0,1,1,1,3.4333,38.717
Test07_NG_dchg,방전,NG,3825,0,1,1,1,3.4471,38.7123
Test07_NG_dchg,방전,NG,3826,0,1,1,1,3.1217,39.5227
Test07_NG_dchg,방전,NG,3827,0,1,1,1,3.5519,38.4506
Test07_NG_dchg,방전,NG,3828,0,1,1,1,3.4817,38.5821
Test07_NG_dchg,방전,NG,3829,0,1,1,1,3.4399,38.6646
Test07_NG_dchg,방전,NG,3830,0,1,1,1,3.7864,37.8821
Test07_NG_dchg,방전,NG,3831,0,1,1,1,3.6897,38.052
Test07_NG_dchg,방전,NG,3832,0,1,1,1,3.3592,38.9
Test07_NG_dchg,방전,NG,3833,0,1,1,1,3.6213,38.2243
Test07_NG_dchg,방전,NG,3834,0,1,1,1,3.4816,38.5565
Test07_NG_dchg,방전,NG,3835,0,1,1,1,3.5302,38.4475
Test07_NG_dchg,방전,NG,3836,0,1,1,1,3.3454,38.9384
Test07_NG_dchg,방전,NG,3837,0,1,1,1,3.2352,39.2146
Test07_NG_dchg,방전,NG,3838,0,1,1,1,3.5355,38.4345
Test07_NG_dchg,방전,NG,3839,0,1,1,1,3.3831,38.8005
Test07_NG_dchg,방전,NG,3840,0,1,1,1,3.712,38.0038
Test07_NG_dchg,방전,NG,3841,0,1,1,1,3.5872,38.3295
Test07_NG_dchg,방전,NG,3842,0,1,1,1,3.6094,38.2701
Test07_NG_dchg,방전,NG,3843,0,1,1,1,3.375,38.8266
Test07_NG_dchg,방전,NG,3844,0,1,1,1,3.4532,38.6171
Test07_NG_dchg,방전,NG,3845,0,1,1,1,3.6645,39.63
Test07_NG_dchg,방전,NG,3846,0,1,1,1,3.4519,38.6178
Test07_NG_dchg,방전,NG,3847,0,1,1,1,3.7493,37.8888
Test07_NG_dchg,방전,NG,3848,0,1,1,1,3.4804,38.5735
Test07_NG_dchg,방전,NG,3849,0,1,1,1,3.6334,38.2166
Test07_NG_dchg,방전,NG,3850,0,1,1,1,3.267,39.0953
Test07_NG_dchg,방전,NG,3851,0,1,1,1,3.4401,38.6679
Test07_NG_dchg,방전,NG,3852,0,1,1,1,3.4828,38.571
Test07_NG_dchg,방전,NG,3853,0,1,1,1,3.1882,39.3537
Test07_NG_dchg,방전,NG,3854,0,1,1,1,3.3492,38.9122
Test07_NG_dchg,방전,NG,3855,0,1,1,1,3.6232,38.269
Test07_NG_dchg,방전,NG,3856,0,1,1,1,3.6199,38.2352
Test07_NG_dchg,방전,NG,3857,0,1,1,1,3.6846,38.0765
Test07_NG_dchg,방전,NG,3858,0,1,1,1,3.3451,38.8899
Test07_NG_dchg,방전,NG,3859,0,1,1,1,3.324,38.9522
Test07_NG_dchg,방전,NG,3860,0,1,1,1,3.4981,38.5222
Test07_NG_dchg,방전,NG,3861,0,1,1,1,3.3278,38.9722
Test07_NG_dchg,방전,NG,3862,0,1,1,1,3.2833,39.064
Test07_NG_dchg,방전,NG,3863,0,1,1,1,3.2439,39.1722
Test07_NG_dchg,방전,NG,3864,0,1,1,1,3.597,38.3079
Test07_NG_dchg,방전,NG,3865,0,1,1,1,3.5049,38.5679
Test07_NG_dchg,방전,NG,3866,0,1,1,1,3.7453,38.0243
Test07_NG_dchg,방전,NG,3867,0,1,1,1,3.5832,38.3437
Test07_NG_dchg,방전,NG,3868,0,1,1,1,3.6881,38.0596
Test07_NG_dchg,방전,NG,3869,0,1,1,1,3.53,38.4338
Test07_NG_dchg,방전,NG,3870,0,1,1,1,3.6286,38.1959
Test07_NG_dchg,방전,NG,3871,0,1,1,1,3.4869,38.5619
Test07_NG_dchg,방전,NG,3872,0,1,1,1,3.5674,38.3209
Test07_NG_dchg,방전,NG,3873,0,1,1,1,3.5771,38.3097
Test07_NG_dchg,방전,NG,3874,0,1,1,1,3.49,38.58
Test07_NG_dchg,방전,NG,3875,0,1,1,1,3.3899,38.7936
Test07_NG_dchg,방전,NG,3876,0,1,1,1,3.4678,38.5834
Test07_NG_dchg,방전,NG,3877,0,1,1,1,3.6001,38.2961
Test07_NG_dchg,방전,NG,3878,0,1,1,1,3.4764,38.5812
Test07_NG_dchg,방전,NG,3879,0,1,1,1,3.4716,38.5709
Test07_NG_dchg,방전,NG,3880,0,1,1,1,3.533,38.4287
Test07_NG_dchg,방전,NG,3881,0,1,1,1,3.5531,38.3897
Test07_NG_dchg,방전,NG,3882,0,1,1,1,3.5659,38.3624
Test07_NG_dchg,방전,NG,3883,0,1,1,1,3.5092,38.4666
Test07_NG_dchg,방전,NG,3884,0,1,1,1,3.2759,39.0702
Test07_NG_dchg,방전,NG,3885,0,1,1,1,3.7386,37.9831
Test07_NG_dchg,방전,NG,3886,0,1,1,1,3.5286,38.4475
Test07_NG_dchg,방전,NG,3887,0,1,1,1,3.4772,38.604
Test07_NG_dchg,방전,NG,3888,0,1,1,1,3.469,38.5888
Test07_NG_dchg,방전,NG,3889,0,1,1,1,3.599,38.2924
Test07_NG_dchg,방전,NG,3890,0,1,1,1,3.4574,38.6347
Test07_NG_dchg,방전,NG,3891,0,1,1,1,3.5703,38.4091
Test07_NG_dchg,방전,NG,3892,0,1,1,1,3.6889,38.0718
Test07_NG_dchg,방전,NG,3893,0,1,1,1,3.4269,38.7098
Test07_NG_dchg,방전,NG,3894,0,1,1,1,3.5593,38.3586
Test07_NG_dchg,방전,NG,3895,0,1,1,1,3.5107,38.5018
Test07_NG_dchg,방전,NG,3896,0,1,1,1,3.3221,39.0029
Test07_NG_dchg,방전,NG,3897,0,1,1,1,3.2824,39.0975
Test07_NG_dchg,방전,NG,3898,0,1,1,1,3.5013,38.5093
Test07_NG_dchg,방전,NG,3899,0,1,1,1,3.2861,39.098
Test07_NG_dchg,방전,NG,3900,0,1,1,1,3.5165,38.5168
Test07_NG_dchg,방전,NG,3901,0,1,1,1,3.3435,38.933
Test07_NG_dchg,방전,NG,3902,0,1,1,1,3.4287,38.7765
Test07_NG_dchg,방전,NG,3903,0,1,1,1,3.5073,38.5094
Test07_NG_dchg,방전,NG,3904,0,1,1,1,3.602,38.3048
Test07_NG_dchg,방전,NG,3905,0,1,1,1,3.3495,38.8986
Test07_NG_dchg,방전,NG,3906,0,1,1,1,3.5243,38.4597
Test07_NG_dchg,방전,NG,3907,0,1,1,1,3.33,38.9573
Test07_NG_dchg,방전,NG,3908,0,1,1,1,3.4759,38.6081
Test07_NG_dchg,방전,NG,3909,0,1,1,1,3.4512,38.6682
Test07_NG_dchg,방전,NG,3910,0,1,1,1,3.2045,39.3481
Test07_NG_dchg,방전,NG,3911,0,1,1,1,3.505,38.5537
Test07_NG_dchg,방전,NG,3912,0,1,1,1,3.2178,39.2567
Test07_NG_dchg,방전,NG,3913,0,1,1,1,3.4862,38.5809
Test07_NG_dchg,방전,NG,3914,0,1,1,1,3.2824,39.1424
Test07_NG_dchg,방전,NG,3915,0,1,1,1,3.4702,38.6159
Test07_NG_dchg,방전,NG,3916,0,1,1,1,3.7804,37.9032
Test07_NG_dchg,방전,NG,3917,0,1,1,1,3.5116,38.483
Test07_NG_dchg,방전,NG,3918,0,1,1,1,3.3442,38.9102
Test07_NG_dchg,방전,NG,3919,0,1,1,1,3.7194,38.0091
Test07_NG_dchg,방전,NG,3920,0,1,1,1,3.1806,39.3737
Test07_NG_dchg,방전,NG,3921,0,1,1,1,3.7752,37.8825
Test07_NG_dchg,방전,NG,3922,0,1,1,1,3.5117,38.5204
Test07_NG_dchg,방전,NG,3923,0,1,1,1,3.5974,38.2898
Test07_NG_dchg,방전,NG,3924,0,1,1,1,3.4446,38.6565
Test07_NG_dchg,방전,NG,3925,0,1,1,1,3.616,38.2253
Test07_NG_dchg,방전,NG,3926,0,1,1,1,3.5633,39.9366
Test07_NG_dchg,방전,NG,3927,0,1,1,1,3.3888,38.8304
Test07_NG_dchg,방전,NG,3928,0,1,1,1,3.418,38.7273
Test07_NG_dchg,방전,NG,3929,0,1,1,1,3.1895,39.3632
Test07_NG_dchg,방전,NG,3930,0,1,1,1,3.6444,38.193
Test07_NG_dchg,방전,NG,3931,0,1,1,1,3.5097,38.537
Test07_NG_dchg,방전,NG,3932,0,1,1,1,3.3257,38.955
Test07_NG_dchg,방전,NG,3933,0,1,1,1,3.4201,38.7203
Test07_NG_dchg,방전,NG,3934,0,1,1,1,3.7415,37.9362
Test07_NG_dchg,방전,NG,3935,0,1,1,1,3.347,38.9076
Test07_NG_dchg,방전,NG,3936,0,1,1,1,3.3418,38.9202
Test07_NG_dchg,방전,NG,3937,0,1,1,1,3.588,38.3344
Test07_NG_dchg,방전,NG,3938,0,1,1,1,3.3867,38.7879
Test07_NG_dchg,방전,NG,3939,0,1,1,1,3.3843,38.7993
Test07_NG_dchg,방전,NG,3940,0,1,1,1,3.4522,38.6555
Test07_NG_dchg,방전,NG,3941,0,1,1,1,3.6892,38.0912
Test07_NG_dchg,방전,NG,3942,0,1,1,1,3.5205,38.4822
Test07_NG_dchg,방전,NG,3943,0,1,1,1,3.6852,38.0762
Test07_NG_dchg,방전,NG,3944,0,1,1,1,3.6958,38.0294
Test07_NG_dchg,방전,NG,3945,0,1,1,1,3.467,38.6222
Test07_NG_dchg,방전,NG,3946,0,1,1,1,3.0492,39.7347
Test07_NG_dchg,방전,NG,3947,0,1,1,1,3.525,38.4759
Test07_NG_dchg,방전,NG,3948,0,1,1,1,3.5249,38.4934
Test07_NG_dchg,방전,NG,3949,0,1,1,1,3.621,38.2121
Test07_NG_dchg,방전,NG,3950,0,1,1,1,3.2354,39.256
Test07_NG_dchg,방전,NG,3951,0,1,1,1,3.3946,38.8134
Test07_NG_dchg,방전,NG,3952,0,1,1,1,3.6304,38.2396
Test07_NG_dchg,방전,NG,3953,0,1,1,1,3.611,38.2896
Test07_NG_dchg,방전,NG,3954,0,1,1,1,3.4077,38.7548
Test07_NG_dchg,방전,NG,3955,0,1,1,1,3.3813,38.8243
Test07_NG_dchg,방전,NG,3956,0,1,1,1,3.4742,38.6049
Test07_NG_dchg,방전,NG,3957,0,1,1,1,3.2795,39.0751
Test07_NG_dchg,방전,NG,3958,0,1,1,1,3.6947,38.0389
Test07_NG_dchg,방전,NG,3959,0,1,1,1,3.4695,38.6483
Test07_NG_dchg,방전,NG,3960,0,1,1,1,3.3972,38.768
Test07_NG_dchg,방전,NG,3961,0,1,1,1,3.3539,38.8979
Test07_NG_dchg,방전,NG,3962,0,1,1,1,3.3216,39.0457
Test07_NG_dchg,방전,NG,3963,0,1,1,1,3.3146,39.0088
Test07_NG_dchg,방전,NG,3964,0,1,1,1,3.724,38.0301
Test07_NG_dchg,방전,NG,3965,0,1,1,1,3.379,38.8387
Test07_NG_dchg,방전,NG,3966,0,1,1,1,3.4967,38.57
Test07_NG_dchg,방전,NG,3967,0,1,1,1,3.4165,38.7653
Test07_NG_dchg,방전,NG,3968,0,1,1,1,3.4486,38.6788
Test07_NG_dchg,방전,NG,3969,0,1,1,1,3.4181,38.7611
Test07_NG_dchg,방전,NG,3970,0,1,1,1,3.1529,39.4622
Test07_NG_dchg,방전,NG,3971,0,1,1,1,3.1576,39.4318
Test07_NG_dchg,방전,NG,3972,0,1,1,1,3.3064,39.0197
Test07_NG_dchg,방전,NG,3973,0,1,1,1,3.4562,38.6445
Test07_NG_dchg,방전,NG,3974,0,1,1,1,3.2912,39.0603
Test07_NG_dchg,방전,NG,3975,0,1,1,1,3.6178,38.2839
Test07_NG_dchg,방전,NG,3976,0,1,1,1,3.3385,38.9357
Test07_NG_dchg,방전,NG,3977,0,1,1,1,3.5004,38.5338
Test07_NG_dchg,방전,NG,3978,0,1,1,1,3.5731,38.3395
Test07_NG_dchg,방전,NG,3979,0,1,1,1,3.3868,38.8456
Test07_NG_dchg,방전,NG,3980,0,1,1,1,3.5733,38.3622
Test07_NG_dchg,방전,NG,3981,0,1,1,1,3.4229,38.7836
Test07_NG_dchg,방전,NG,3982,0,1,1,1,3.1406,39.4529
Test07_NG_dchg,방전,NG,3983,0,1,1,1,3.2197,39.2668
Test07_NG_dchg,방전,NG,3984,0,1,1,1,3.4405,38.689
Test07_NG_dchg,방전,NG,3985,0,1,1,1,3.5103,38.5433
Test07_NG_dchg,방전,NG,3986,0,1,1,1,3.4755,38.5984
Test07_NG_dchg,방전,NG,3987,0,1,1,1,3.5625,38.3806
Test07_NG_dchg,방전,NG,3988,0,1,1,1,3.6341,38.2128
Test07_NG_dchg,방전,NG,3989,0,1,1,1,3.5752,38.3759
Test07_NG_dchg,방전,NG,3990,0,1,1,1,3.5947,38.3212
Test07_NG_dchg,방전,NG,3991,0,1,1,1,3.6336,38.229
Test07_NG_dchg,방전,NG,3992,0,1,1,1,3.3342,38.9597
Test07_NG_dchg,방전,NG,3993,0,1,1,1,3.2445,39.1539
Test07_NG_dchg,방전,NG,3994,0,1,1,1,3.4221,38.7324
Test07_NG_dchg,방전,NG,3995,0,1,1,1,3.8042,37.8032
Test07_NG_dchg,방전,NG,3996,0,1,1,1,3.464,38.6023
Test07_NG_dchg,방전,NG,3997,0,1,1,1,3.4977,38.5479
Test07_NG_dchg,방전,NG,3998,0,1,1,1,3.4975,38.5254
Test07_NG_dchg,방전,NG,3999,0,1,1,1,3.1111,39.5502
Test07_NG_dchg,방전,NG,4000,0,1,1,1,3.1441,39.4976
Test07_NG_dchg,방전,NG,4001,0,1,1,1,3.4852,38.5857
Test07_NG_dchg,방전,NG,4002,0,1,1,1,3.4868,38.5995
Test07_NG_dchg,방전,NG,4003,0,1,1,1,3.4557,38.6427
Test07_NG_dchg,방전,NG,4004,0,1,1,1,3.4452,38.6757
Test07_NG_dchg,방전,NG,4005,0,1,1,1,3.419,38.7652
Test07_NG_dchg,방전,NG,4006,0,1,1,1,3.4119,38.7296
Test07_NG_dchg,방전,NG,4007,0,1,1,1,3.5695,38.4207
Test07_NG_dchg,방전,NG,4008,0,1,1,1,3.299,39.0383
Test07_NG_dchg,방전,NG,4009,0,1,1,1,3.3249,38.9729
Test07_NG_dchg,방전,NG,4010,0,1,1,1,3.5364,38.4351
Test07_NG_dchg,방전,NG,4011,0,1,1,1,3.3313,38.9477
Test07_NG_dchg,방전,NG,4012,0,1,1,1,3.3004,39.0718
Test07_NG_dchg,방전,NG,4013,0,1,1,1,3.3308,38.968
Test07_NG_dchg,방전,NG,4014,0,1,1,1,3.3093,39.0236
Test07_NG_dchg,방전,NG,4015,0,1,1,1,3.4694,38.622
Test07_NG_dchg,방전,NG,4016,0,1,1,1,3.4834,38.5646
Test07_NG_dchg,방전,NG,4017,0,1,1,1,3.4606,38.6668
Test07_NG_dchg,방전,NG,4018,0,1,1,1,3.5097,38.54
Test07_NG_dchg,방전,NG,4019,0,1,1,1,3.5717,38.38
Test07_NG_dchg,방전,NG,4020,0,1,1,1,3.4816,38.6221
Test07_NG_dchg,방전,NG,4021,0,1,1,1,3.4644,38.6301
Test07_NG_dchg,방전,NG,4022,0,1,1,1,3.2201,39.2472
Test07_NG_dchg,방전,NG,4023,0,1,1,1,3.3904,38.8321
Test07_NG_dchg,방전,NG,4024,0,1,1,1,3.0211,39.7951
Test07_NG_dchg,방전,NG,4025,0,1,1,1,3.2123,39.2867
Test07_NG_dchg,방전,NG,4026,0,1,1,1,3.4745,38.5974
Test07_NG_dchg,방전,NG,4027,0,1,1,1,3.2439,39.2137
Test07_NG_dchg,방전,NG,4028,0,1,1,1,3.4993,38.5961
Test07_NG_dchg,방전,NG,4029,0,1,1,1,3.1973,39.361
Test07_NG_dchg,방전,NG,4030,0,1,1,1,3.5906,38.4013
Test07_NG_dchg,방전,NG,4031,0,1,1,1,3.4147,38.777
Test07_NG_dchg,방전,NG,4032,0,1,1,1,3.4229,38.7752
Test07_NG_dchg,방전,NG,4033,0,1,1,1,3.3395,38.9508
Test07_NG_dchg,방전,NG,4034,0,1,1,1,3.3362,38.9473
Test07_NG_dchg,방전,NG,4035,0,1,1,1,3.384,38.8234
Test07_NG_dchg,방전,NG,4036,0,1,1,1,3.2626,39.1251
Test07_NG_dchg,방전,NG,4037,0,1,1,1,3.2875,39.0592
Test07_NG_dchg,방전,NG,4038,0,1,1,1,3.4135,38.7258
Test07_NG_dchg,방전,NG,4039,0,1,1,1,3.7343,37.9467
Test07_NG_dchg,방전,NG,4040,0,1,1,1,3.5741,38.3641
Test07_NG_dchg,방전,NG,4041,0,1,1,1,3.228,39.2416
Test07_NG_dchg,방전,NG,4042,0,1,1,1,3.4668,38.6344
Test07_NG_dchg,방전,NG,4043,0,1,1,1,3.4385,38.69
Test07_NG_dchg,방전,NG,4044,0,1,1,1,3.2962,39.0328
Test07_NG_dchg,방전,NG,4045,0,1,1,1,3.4351,38.7282
Test07_NG_dchg,방전,NG,4046,0,1,1,1,3.3413,38.9406
Test07_NG_dchg,방전,NG,4047,0,1,1,1,3.5832,38.3363
Test07_NG_dchg,방전,NG,4048,0,1,1,1,3.5106,38.5027
Test07_NG_dchg,방전,NG,4049,0,1,1,1,3.3123,38.9978
Test07_NG_dchg,방전,NG,4050,0,1,1,1,3.3285,38.9568
Test07_NG_dchg,방전,NG,4051,0,1,1,1,3.5459,38.4148
Test07_NG_dchg,방전,NG,4052,0,1,1,1,3.3367,38.932
Test07_NG_dchg,방전,NG,4053,0,1,1,1,3.1952,39.3058
Test07_NG_dchg,방전,NG,4054,0,1,1,1,3.3344,38.9454
Test07_NG_dchg,방전,NG,4055,0,1,1,1,3.2735,39.1234
Test07_NG_dchg,방전,NG,4056,0,1,1,1,3.3027,39.0291
Test07_NG_dchg,방전,NG,4057,0,1,1,1,3.2854,39.0592
Test07_NG_dchg,방전,NG,4058,0,1,1,1,3.3426,38.9407
Test07_NG_dchg,방전,NG,4059,0,1,1,1,3.783,37.8483
Test07_NG_dchg,방전,NG,4060,0,1,1,1,3.7291,37.9668
Test07_NG_dchg,방전,NG,4061,0,1,1,1,3.5156,38.5028
Test07_NG_dchg,방전,NG,4062,0,1,1,1,3.4328,38.675
Test07_NG_dchg,방전,NG,4063,0,1,1,1,3.2755,39.1037
Test07_NG_dchg,방전,NG,4064,0,1,1,1,3.4873,38.569
Test07_NG_dchg,방전,NG,4065,0,1,1,1,3.2589,39.1422
Test07_NG_dchg,방전,NG,4066,0,1,1,1,3.3442,38.9259
Test07_NG_dchg,방전,NG,4067,0,1,1,1,3.2302,39.239
Test07_NG_dchg,방전,NG,4068,0,1,1,1,3.3309,38.9526
Test07_NG_dchg,방전,NG,4069,0,1,1,1,3.3847,38.8019
Test07_NG_dchg,방전,NG,4070,0,1,1,1,3.3577,38.8728
Test07_NG_dchg,방전,NG,4071,0,1,1,1,3.4425,38.6932
Test07_NG_dchg,방전,NG,4072,0,1,1,1,3.3673,38.8643
Test07_NG_dchg,방전,NG,4073,0,1,1,1,3.1333,39.5004
Test07_NG_dchg,방전,NG,4074,0,1,1,1,3.3811,38.855
Test07_NG_dchg,방전,NG,4075,0,1,1,1,3.4597,38.65
Test07_NG_dchg,방전,NG,4076,0,1,1,1,3.3679,38.8665
Test07_NG_dchg,방전,NG,4077,0,1,1,1,3.3565,38.9008
Test07_NG_dchg,방전,NG,4078,0,1,1,1,3.4567,38.6753
Test07_NG_dchg,방전,NG,4079,0,1,1,1,3.3011,39.0374
Test07_NG_dchg,방전,NG,4080,0,1,1,1,3.2058,39.3244
Test07_NG_dchg,방전,NG,4081,0,1,1,1,3.1545,39.4435
Test07_NG_dchg,방전,NG,4082,0,1,1,1,2.9779,39.9179
Test07_NG_dchg,방전,NG,4083,0,1,1,1,3.5146,38.497
Test07_NG_dchg,방전,NG,4084,0,1,1,1,3.1697,39.4007
Test07_NG_dchg,방전,NG,4085,0,1,1,1,3.4753,38.5825
Test07_NG_dchg,방전,NG,4086,0,1,1,1,3.1893,39.356
Test07_NG_dchg,방전,NG,4087,0,1,1,1,3.489,38.5806
Test07_NG_dchg,방전,NG,4088,0,1,1,1,3.4513,38.6793
Test07_NG_dchg,방전,NG,4089,0,1,1,1,3.4923,38.5698
Test07_NG_dchg,방전,NG,4090,0,1,1,1,3.6477,38.1708
Test07_NG_dchg,방전,NG,4091,0,1,1,1,3.5027,38.5165
Test07_NG_dchg,방전,NG,4092,0,1,1,1,3.2289,39.2262
Test07_NG_dchg,방전,NG,4093,0,1,1,1,3.4082,38.7463
Test07_NG_dchg,방전,NG,4094,0,1,1,1,3.5226,38.4674
Test07_NG_dchg,방전,NG,4095,0,1,1,1,3.4053,38.7533
Test07_NG_dchg,방전,NG,4096,0,1,1,1,3.6469,38.1593
Test07_NG_dchg,방전,NG,4097,0,1,1,1,3.388,38.8022
Test07_NG_dchg,방전,NG,4098,0,1,1,1,3.4284,38.712
Test07_NG_dchg,방전,NG,4099,0,1,1,1,3.1639,39.3923
Test07_NG_dchg,방전,NG,4100,0,1,1,1,3.6332,38.2346
Test07_NG_dchg,방전,NG,4101,0,1,1,1,3.4418,38.6908
Test07_NG_dchg,방전,NG,4102,0,1,1,1,3.2506,39.1914
Test07_NG_dchg,방전,NG,4103,0,1,1,1,3.4189,38.7364
Test07_NG_dchg,방전,NG,4104,0,1,1,1,3.3972,38.812
Test07_NG_dchg,방전,NG,4105,0,1,1,1,3.3922,38.7988
Test07_NG_dchg,방전,NG,4106,0,1,1,1,3.4292,38.7021
Test07_NG_dchg,방전,NG,4107,0,1,1,1,3.1425,39.4508
Test07_NG_dchg,방전,NG,4108,0,1,1,1,3.3749,38.8437
Test07_NG_dchg,방전,NG,4109,0,1,1,1,3.3989,38.8053
Test07_NG_dchg,방전,NG,4110,0,1,1,1,3.3727,38.8678
Test07_NG_dchg,방전,NG,4111,0,1,1,1,3.2377,39.1994
Test07_NG_dchg,방전,NG,4112,0,1,1,1,3.279,39.1022
Test07_NG_dchg,방전,NG,4113,0,1,1,1,3.3922,38.7977
Test07_NG_dchg,방전,NG,4114,0,1,1,1,3.3879,38.8159
Test07_NG_dchg,방전,NG,4115,0,1,1,1,3.278,39.0986
Test07_NG_dchg,방전,NG,4116,0,1,1,1,3.3704,38.8618
Test07_NG_dchg,방전,NG,4117,0,1,1,1,3.3435,38.9186
Test07_NG_dchg,방전,NG,4118,0,1,1,1,3.5239,38.4548
Test07_NG_dchg,방전,NG,4119,0,1,1,1,3.4488,38.6856
Test07_NG_dchg,방전,NG,4120,0,1,1,1,3.3802,38.835
Test07_NG_dchg,방전,NG,4121,0,1,1,1,3.3221,38.9687
Test07_NG_dchg,방전,NG,4122,0,1,1,1,3.3404,38.9196
Test07_NG_dchg,방전,NG,4123,0,1,1,1,3.2829,39.1153
Test07_NG_dchg,방전,NG,4124,0,1,1,1,3.2773,39.0977
Test07_NG_dchg,방전,NG,4125,0,1,1,1,3.6481,38.1788
Test07_NG_dchg,방전,NG,4126,0,1,1,1,3.288,39.1239
Test07_NG_dchg,방전,NG,4127,0,1,1,1,3.2319,39.223
Test07_NG_dchg,방전,NG,4128,0,1,1,1,3.3417,38.9353
Test07_NG_dchg,방전,NG,4129,0,1,1,1,3.3423,38.9091
Test07_NG_dchg,방전,NG,4130,0,1,1,1,3.216,39.2345
Test07_NG_dchg,방전,NG,4131,0,1,1,1,3.3523,38.9218
Test07_NG_dchg,방전,NG,4132,0,1,1,1,3.2729,39.087
Test07_NG_dchg,방전,NG,4133,0,1,1,1,3.3779,38.8289
Test07_NG_dchg,방전,NG,4134,0,1,1,1,3.3732,38.8429
Test07_NG_dchg,방전,NG,4135,0,1,1,1,3.0769,39.6285
Test07_NG_dchg,방전,NG,4136,0,1,1,1,3.6,38.2831
Test07_NG_dchg,방전,NG,4137,0,1,1,1,3.2772,39.095
Test07_NG_dchg,방전,NG,4138,0,1,1,1,3.2566,39.1974
Test07_NG_dchg,방전,NG,4139,0,1,1,1,3.1929,39.3275
Test07_NG_dchg,방전,NG,4140,0,1,1,1,3.2776,39.1375
Test07_NG_dchg,방전,NG,4141,0,1,1,1,3.2745,39.1045
Test07_NG_dchg,방전,NG,4142,0,1,1,1,3.2611,39.1646
Test07_NG_dchg,방전,NG,4143,0,1,1,1,3.5008,38.5204
Test07_NG_dchg,방전,NG,4144,0,1,1,1,3.1909,39.377
Test07_NG_dchg,방전,NG,4145,0,1,1,1,3.2752,39.1006
Test07_NG_dchg,방전,NG,4146,0,1,1,1,3.5108,38.5238
Test07_NG_dchg,방전,NG,4147,0,1,1,1,3.3635,38.8928
Test07_NG_dchg,방전,NG,4148,0,1,1,1,2.9748,39.9299
Test07_NG_dchg,방전,NG,4149,0,1,1,1,3.535,38.4453
Test07_NG_dchg,방전,NG,4150,0,1,1,1,3.3516,38.9282
Test07_NG_dchg,방전,NG,4151,0,1,1,1,3.418,38.7341
Test07_NG_dchg,방전,NG,4152,0,1,1,1,3.3328,38.9529
Test07_NG_dchg,방전,NG,4153,0,1,1,1,3.2428,39.2323
Test07_NG_dchg,방전,NG,4154,0,1,1,1,3.282,39.1101
Test07_NG_dchg,방전,NG,4155,0,1,1,1,3.1678,39.461
Test07_NG_dchg,방전,NG,4156,0,1,1,1,3.1629,39.5146
Test07_NG_dchg,방전,NG,4157,0,1,1,1,3.2398,39.3048
Test07_NG_dchg,방전,NG,4158,0,1,1,1,3.9246,37.638
Test07_NG_dchg,방전,NG,4159,0,1,1,1,2.1815,42.8094
Test07_NG_dchg,방전,NG,4160,0,1,1,1,3.0248,39.9264
Test07_NG_dchg,방전,NG,4161,0,1,1,1,2.5014,41.52
Test07_NG_dchg,방전,NG,4162,0,1,1,1,4.0561,37.3493
Test07_NG_dchg,방전,NG,4163,0,1,1,1,3.8284,37.9681
Test07_NG_dchg,방전,NG,4164,0,1,1,1,3.3753,38.9579
Test07_NG_dchg,방전,NG,4165,0,1,1,1,3.8786,37.6037
Test07_NG_dchg,방전,NG,4166,0,1,1,1,3.2931,39.1876
Test07_NG_dchg,방전,NG,4167,0,1,1,1,3.1853,39.6949
Test07_NG_dchg,방전,NG,4168,0,1,1,1,3.1623,39.5885
Test07_NG_dchg,방전,NG,4169,0,1,1,1,3.4372,38.8531
Test07_NG_dchg,방전,NG,4170,0,1,1,1,3.2035,40.9518
Test07_NG_dchg,방전,NG,4171,0,1,1,1,3.1483,39.4534
Test07_NG_dchg,방전,NG,4172,0,1,1,1,3.2968,39.1085
Test07_NG_dchg,방전,NG,4173,0,1,1,1,3.3451,39.058
Test07_NG_dchg,방전,NG,4174,0,1,1,1,3.6292,38.3648
Test07_NG_dchg,방전,NG,4175,0,1,1,1,3.3367,39.0508
Test07_NG_dchg,방전,NG,4176,0,1,1,1,3.3049,39.0495
Test07_NG_dchg,방전,NG,4177,0,1,1,1,3.126,39.4572
Test07_NG_dchg,방전,NG,4178,0,1,1,1,3.3515,38.8989
Test07_NG_dchg,방전,NG,4179,0,1,1,1,2.6608,42.896
Test07_NG_dchg,방전,NG,4180,0,1,1,1,2.9054,40.2657
Test07_NG_dchg,방전,NG,4181,0,1,1,1,3.9434,37.801
Test07_NG_dchg,방전,NG,4182,0,1,1,1,3.1465,39.456
Test07_NG_dchg,방전,NG,4183,0,1,1,1,3.2607,39.2041
Test07_NG_dchg,방전,NG,4184,0,1,1,1,2.9707,40.0498
Test07_NG_dchg,방전,NG,4185,0,1,1,1,3.3842,39.1005
Test07_NG_dchg,방전,NG,4186,0,1,1,1,2.9727,39.9949
Test07_NG_dchg,방전,NG,4187,0,1,1,1,2.9355,40.1357
Test07_NG_dchg,방전,NG,4188,0,1,1,1,3.3154,39.0916
Test07_NG_dchg,방전,NG,4189,0,1,1,1,2.4085,41.8702
Test07_NG_dchg,방전,NG,4190,0,1,1,1,2.8143,40.4881
Test07_NG_dchg,방전,NG,4191,0,1,1,1,2.3589,42.118
Test07_NG_dchg,방전,NG,4192,0,1,1,1,2.8971,40.3489
Test07_NG_dchg,방전,NG,4193,0,1,1,1,2.8683,40.3252
Test07_NG_dchg,방전,NG,4194,0,1,1,1,3.712,38.5066
Test07_NG_dchg,방전,NG,4195,0,1,1,1,3.203,39.5403
Test07_NG_dchg,방전,NG,4196,0,1,1,1,3.0804,39.7569
Test07_NG_dchg,방전,NG,4197,0,1,1,1,3.5948,38.5423
Test07_NG_dchg,방전,NG,4198,0,1,1,1,3.2583,39.318
Test07_NG_dchg,방전,NG,4199,0,1,1,1,2.5337,41.374
Test07_NG_dchg,방전,NG,4200,0,1,1,1,3.1308,39.5407
Test07_NG_dchg,방전,NG,4201,0,1,1,1,3.1908,39.3494
Test07_NG_dchg,방전,NG,4202,0,1,1,1,2.6068,41.4524
Test07_NG_dchg,방전,NG,4203,0,1,1,1,3.3578,38.9708
Test07_NG_dchg,방전,NG,4204,0,1,1,0,0.5674,21.1074
Test07_NG_dchg,방전,NG,4205,0,1,1,1,2.3109,42.1753
Test07_NG_dchg,방전,NG,4206,0,1,1,1,3.5415,38.6657
Test07_NG_dchg,방전,NG,4207,0,1,1,1,2.8809,40.3438
Test07_NG_dchg,방전,NG,4208,0,1,1,1,2.7647,40.8684
Test07_NG_dchg,방전,NG,4209,0,1,1,1,3.2764,39.1414
Test07_NG_dchg,방전,NG,4210,0,1,1,1,3.199,39.5963
Test07_NG_dchg,방전,NG,4211,0,1,1,1,3.2502,39.3046
Test07_NG_dchg,방전,NG,4212,0,1,1,1,3.3077,39.2199
Test07_NG_dchg,방전,NG,4213,0,1,1,1,3.4767,38.7994
Test07_NG_dchg,방전,NG,4214,0,1,1,1,2.2543,42.3732
Test07_NG_dchg,방전,NG,4215,0,1,1,1,3.1963,39.3077
Test07_NG_dchg,방전,NG,4216,0,1,1,1,3.9056,37.6071
Test07_NG_dchg,방전,NG,4217,0,1,1,1,2.4505,41.7716
Test07_NG_dchg,방전,NG,4218,0,1,1,1,3.6799,38.1424
Test07_NG_dchg,방전,NG,4219,0,1,1,1,3.3384,38.9063
Test07_NG_dchg,방전,NG,4220,0,1,1,1,2.7229,40.7728
Test07_NG_dchg,방전,NG,4221,0,1,1,1,3.3,39.1499
Test07_NG_dchg,방전,NG,4222,0,1,1,1,3.1648,39.5324
Test07_NG_dchg,방전,NG,4223,0,1,1,1,2.0068,43.4348
Test07_NG_dchg,방전,NG,4224,0,1,1,1,3.82,37.8007
Test07_NG_dchg,방전,NG,4225,0,1,1,1,2.7925,40.5667
Test07_NG_dchg,방전,NG,4226,0,1,1,1,3.3584,39.0327
Test07_NG_dchg,방전,NG,4227,0,1,1,1,3.772,38.0349
Test07_NG_dchg,방전,NG,4228,0,1,1,1,3.8118,37.9108
Test07_NG_dchg,방전,NG,4229,0,1,1,1,2.7287,40.8791
Test07_NG_dchg,방전,NG,4230,0,1,1,1,3.0066,39.8597
Test07_NG_dchg,방전,NG,4231,0,1,1,1,3.4189,38.7933
Test07_NG_dchg,방전,NG,4232,0,1,1,1,3.602,38.4023
Test07_NG_dchg,방전,NG,4233,0,1,1,1,3.4682,38.7797
Test07_NG_dchg,방전,NG,4234,0,1,1,1,3.2563,39.2802
Test07_NG_dchg,방전,NG,4235,0,1,1,1,3.0199,39.8262
Test07_NG_dchg,방전,NG,4236,0,1,1,1,2.7544,40.5859
Test07_NG_dchg,방전,NG,4237,0,1,1,1,2.757,40.6001
Test07_NG_dchg,방전,NG,4238,0,1,1,1,2.905,40.2518
Test07_NG_dchg,방전,NG,4239,0,1,1,1,3.2954,39.1986
Test07_NG_dchg,방전,NG,4240,0,1,1,1,2.8823,40.2462
Test07_NG_dchg,방전,NG,4241,0,1,1,1,3.1096,39.5791
Test07_NG_dchg,방전,NG,4242,0,1,1,1,2.8783,40.3189
Test07_NG_dchg,방전,NG,4243,0,1,1,1,2.5651,41.2651
Test07_NG_dchg,방전,NG,4244,0,1,1,1,2.415,41.7765
Test07_NG_dchg,방전,NG,4245,0,1,1,1,2.5718,41.2229
Test07_NG_dchg,방전,NG,4246,0,1,1,1,3.0662,39.937
Test07_NG_dchg,방전,NG,4247,0,1,1,1,2.6592,40.9745
Test07_NG_dchg,방전,NG,4248,0,1,1,1,2.7959,40.4897
Test07_NG_dchg,방전,NG,4249,0,1,1,1,3.1274,39.5732
Test07_NG_dchg,방전,NG,4250,0,1,1,1,2.6117,41.1522
Test07_NG_dchg,방전,NG,4251,0,1,1,1,2.9097,40.3956
Test07_NG_dchg,방전,NG,4252,0,1,1,1,3.2444,39.3282
Test07_NG_dchg,방전,NG,4253,0,1,1,1,3.5462,38.668
Test07_NG_dchg,방전,NG,4254,0,1,1,1,2.9997,39.9703
Test07_NG_dchg,방전,NG,4255,0,1,1,1,3.5471,38.4687
Test07_NG_dchg,방전,NG,4256,0,1,1,1,2.7137,40.8728
Test07_NG_dchg,방전,NG,4257,0,1,1,1,3.4316,38.6755
Test07_NG_dchg,방전,NG,4258,0,1,1,1,3.6962,38.3278
Test07_NG_dchg,방전,NG,4259,0,1,1,1,2.4934,41.4991
Test07_NG_dchg,방전,NG,4260,0,1,1,1,3.5072,38.4616
Test07_NG_dchg,방전,NG,4261,0,1,1,1,3.2169,39.2486
Test07_NG_dchg,방전,NG,4262,0,1,1,1,3.5475,38.4475
Test07_NG_dchg,방전,NG,4263,0,1,1,1,2.7439,40.6708
Test07_NG_dchg,방전,NG,4264,0,1,1,1,4.2475,36.692
Test07_NG_dchg,방전,NG,4265,0,1,1,1,3.1741,39.3828
Test07_NG_dchg,방전,NG,4266,0,1,1,1,3.328,38.9682
Test07_NG_dchg,방전,NG,4267,0,1,1,1,3.2292,39.2345
Test07_NG_dchg,방전,NG,4268,0,1,1,1,3.3374,39.0427
Test07_NG_dchg,방전,NG,4269,0,1,1,1,4.1524,37.1502
Test07_NG_dchg,방전,NG,4270,0,1,1,1,3.1454,39.4363
Test07_NG_dchg,방전,NG,4271,0,1,1,1,2.4797,41.4016
Test07_NG_dchg,방전,NG,4272,0,1,1,1,3.3139,40.7536
Test07_NG_dchg,방전,NG,4273,0,1,1,1,3.1478,39.398
Test07_NG_dchg,방전,NG,4274,0,1,1,1,3.2688,39.0669
Test07_NG_dchg,방전,NG,4275,0,1,1,1,3.3243,38.9721
Test07_NG_dchg,방전,NG,4276,0,1,1,1,2.6683,40.8543
Test07_NG_dchg,방전,NG,4277,0,1,1,1,3.3823,38.8073
Test07_NG_dchg,방전,NG,4278,0,1,1,1,3.2141,39.2982
Test07_NG_dchg,방전,NG,4279,0,1,1,1,3.1931,39.363
Test07_NG_dchg,방전,NG,4280,0,1,1,1,2.9955,39.8725
Test07_NG_dchg,방전,NG,4281,0,1,1,1,3.084,39.6928
Test07_NG_dchg,방전,NG,4282,0,1,1,1,3.6064,38.3271
Test07_NG_dchg,방전,NG,4283,0,1,1,1,2.6435,40.8947
Test07_NG_dchg,방전,NG,4284,0,1,1,1,2.5884,41.1823
Test07_NG_dchg,방전,NG,4285,0,1,1,1,3.8763,37.661
Test07_NG_dchg,방전,NG,4286,0,1,1,1,3.4135,38.8001
Test07_NG_dchg,방전,NG,4287,0,1,1,1,3.3386,39.0901
Test07_NG_dchg,방전,NG,4288,0,1,1,1,4.0791,37.2521
Test07_NG_dchg,방전,NG,4289,0,1,1,1,4.2498,36.8058
Test07_NG_dchg,방전,NG,4290,0,1,1,1,3.0284,39.7633
Test07_NG_dchg,방전,NG,4291,0,1,1,1,2.9301,40.0185
Test07_NG_dchg,방전,NG,4292,0,1,1,1,4.2652,36.7511
Test07_NG_dchg,방전,NG,4293,0,1,1,1,3.0458,39.6639
Test07_NG_dchg,방전,NG,4294,0,1,1,1,3.2738,39.1447
Test07_NG_dchg,방전,NG,4295,0,1,1,1,2.7268,40.857
Test07_NG_dchg,방전,NG,4296,0,1,1,0,0.6706,19.7677
Test07_NG_dchg,방전,NG,4297,0,1,1,0,0.5869,22.456
Test07_NG_dchg,방전,NG,4298,0,1,1,1,3.2052,39.3384
Test07_NG_dchg,방전,NG,4299,0,1,1,1,3.9611,37.6681
Test07_NG_dchg,방전,NG,4300,0,1,1,1,3.2233,39.2636
Test07_NG_dchg,방전,NG,4301,0,1,1,1,3.2393,39.1991
Test07_NG_dchg,방전,NG,4302,0,1,1,1,3.6187,38.2974
Test07_NG_dchg,방전,NG,4303,0,1,1,1,3.0943,39.5432
Test07_NG_dchg,방전,NG,4304,0,1,1,1,3.3948,38.7313
Test07_NG_dchg,방전,NG,4305,0,1,1,1,3.5154,38.449
Test07_NG_dchg,방전,NG,4306,0,1,1,1,3.5465,38.3723
Test07_NG_dchg,방전,NG,4307,0,1,1,1,3.2977,39.0056
Test07_NG_dchg,방전,NG,4308,0,1,1,1,3.8159,37.7573
Test07_NG_dchg,방전,NG,4309,0,1,1,1,3.0196,39.7519
Test07_NG_dchg,방전,NG,4310,0,1,1,1,3.3957,38.7459
Test07_NG_dchg,방전,NG,4311,0,1,1,1,3.8801,37.751
Test07_NG_dchg,방전,NG,4312,0,1,1,1,3.0488,39.7166
Test07_NG_dchg,방전,NG,4313,0,1,1,1,3.278,39.096
Test07_NG_dchg,방전,NG,4314,0,1,1,1,2.9158,40.0865
Test07_NG_dchg,방전,NG,4315,0,1,1,1,3.3484,38.9082
Test07_NG_dchg,방전,NG,4316,0,1,1,1,3.2106,39.3098
Test07_NG_dchg,방전,NG,4317,0,1,1,1,2.8551,40.2805
Test07_NG_dchg,방전,NG,4318,0,1,1,1,3.2627,39.0811
Test07_NG_dchg,방전,NG,4319,0,1,1,1,3.4925,38.5122
Test07_NG_dchg,방전,NG,4320,0,1,1,1,3.7941,37.8346
Test07_NG_dchg,방전,NG,4321,0,1,1,1,3.2089,39.28
Test07_NG_dchg,방전,NG,4322,0,1,1,1,3.226,39.1624
Test07_NG_dchg,방전,NG,4323,0,1,1,1,3.3261,38.9225
Test07_NG_dchg,방전,NG,4324,0,1,1,1,3.4618,38.6014
Test07_NG_dchg,방전,NG,4325,0,1,1,1,3.3788,38.7665
Test07_NG_dchg,방전,NG,4326,0,1,1,1,3.4599,38.5799
Test07_NG_dchg,방전,NG,4327,0,1,1,1,3.3766,38.7763
Test07_NG_dchg,방전,NG,4328,0,1,1,1,3.0996,39.5163
Test07_NG_dchg,방전,NG,4329,0,1,1,1,3.2984,38.9804
Test07_NG_dchg,방전,NG,4330,0,1,1,1,3.4294,38.6705
Test07_NG_dchg,방전,NG,4331,0,1,1,1,3.4538,38.6049
Test07_NG_dchg,방전,NG,4332,0,1,1,1,3.4075,38.717
Test07_NG_dchg,방전,NG,4333,0,1,1,1,3.1933,39.3007
Test07_NG_dchg,방전,NG,4334,0,1,1,1,3.335,38.9348
Test07_NG_dchg,방전,NG,4335,0,1,1,1,3.3047,38.9947
Test07_NG_dchg,방전,NG,4336,0,1,1,1,3.4123,38.72
Test07_NG_dchg,방전,NG,4337,0,1,1,1,3.1235,39.4662
Test07_NG_dchg,방전,NG,4338,0,1,1,1,3.2237,39.2231
Test07_NG_dchg,방전,NG,4339,0,1,1,1,3.2865,39.059
Test07_NG_dchg,방전,NG,4340,0,1,1,1,3.2938,39.0437
Test07_NG_dchg,방전,NG,4341,0,1,1,1,3.1587,39.4045
Test07_NG_dchg,방전,NG,4342,0,1,1,1,3.2835,39.0521
Test07_NG_dchg,방전,NG,4343,0,1,1,1,3.36,38.8579
Test07_NG_dchg,방전,NG,4344,0,1,1,1,3.4173,38.7179
Test07_NG_dchg,방전,NG,4345,0,1,1,1,3.4603,38.6002
Test07_NG_dchg,방전,NG,4346,0,1,1,1,3.3598,38.85
Test07_NG_dchg,방전,NG,4347,0,1,1,1,3.7032,38.0009
Test07_NG_dchg,방전,NG,4348,0,1,1,1,3.1146,39.5286
Test07_NG_dchg,방전,NG,4349,0,1,1,1,3.1621,39.3707
Test07_NG_dchg,방전,NG,4350,0,1,1,1,3.198,39.2839
Test07_NG_dchg,방전,NG,4351,0,1,1,1,3.4557,38.6469
Test07_NG_dchg,방전,NG,4352,0,1,1,1,3.5146,38.4919
Test07_NG_dchg,방전,NG,4353,0,1,1,1,3.2334,39.1512
Test07_NG_dchg,방전,NG,4354,0,1,1,1,3.1528,39.377
Test07_NG_dchg,방전,NG,4355,0,1,1,1,3.1929,39.2661
Test07_NG_dchg,방전,NG,4356,0,1,1,1,3.2707,39.1008
Test07_NG_dchg,방전,NG,4357,0,1,1,1,3.3033,39.0008
Test07_NG_dchg,방전,NG,4358,0,1,1,1,3.0898,39.5673
Test07_NG_dchg,방전,NG,4359,0,1,1,1,3.2591,39.1035
Test07_NG_dchg,방전,NG,4360,0,1,1,1,3.2092,39.2514
Test07_NG_dchg,방전,NG,4361,0,1,1,1,3.4756,38.5945
Test07_NG_dchg,방전,NG,4362,0,1,1,1,3.2658,39.1584
Test07_NG_dchg,방전,NG,4363,0,1,1,1,3.5225,38.4797
Test07_NG_dchg,방전,NG,4364,0,1,1,1,3.3697,38.8368
Test07_NG_dchg,방전,NG,4365,0,1,1,1,3.4056,38.7271
Test07_NG_dchg,방전,NG,4366,0,1,1,1,3.4039,38.7391
Test07_NG_dchg,방전,NG,4367,1,1,1,1,0.1175,61.6862
Test07_NG_dchg,방전,NG,4368,1,1,1,1,0.1151,60.7989
Test07_NG_dchg,방전,NG,4369,1,1,1,1,0.1231,59.074
Test07_NG_dchg,방전,NG,4370,1,1,1,1,0.1321,59.0936
Test07_NG_dchg,방전,NG,4371,1,1,1,1,0.1235,58.0727
Test07_NG_dchg,방전,NG,4372,1,1,1,1,0.2819,56.2814
Test07_NG_dchg,방전,NG,4373,1,1,1,1,0.2783,58.823
Test07_NG_dchg,방전,NG,4374,1,1,1,1,0.3268,57.408
Test07_NG_dchg,방전,NG,4375,1,1,1,1,0.3465,58.2914
Test07_NG_dchg,방전,NG,4376,1,1,1,1,0.3487,58.9399
Test07_NG_dchg,방전,NG,4377,1,1,1,1,0.2989,58.6689
Test07_NG_dchg,방전,NG,4378,1,1,1,1,0.3301,58.8594
Test07_NG_dchg,방전,NG,4379,1,1,1,1,0.35,58.3389
Test07_NG_dchg,방전,NG,4380,1,1,1,1,0.3109,58.0982
Test07_NG_dchg,방전,NG,4381,1,1,1,1,0.3263,59.0052
Test07_NG_dchg,방전,NG,4382,1,1,1,1,0.3173,58.8829
Test07_NG_dchg,방전,NG,4383,1,1,1,1,0.3253,58.7634
Test07_NG_dchg,방전,NG,4384,1,1,1,1,0.3195,58.1473
Test07_NG_dchg,방전,NG,4385,1,1,1,1,0.285,59.2973
Test07_NG_dchg,방전,NG,4386,1,1,1,1,0.3711,58.508
Test07_NG_dchg,방전,NG,4387,1,1,1,1,0.2978,59.0309
Test07_NG_dchg,방전,NG,4388,1,1,1,1,0.324,59.2856
Test07_NG_dchg,방전,NG,4389,1,1,1,1,0.2952,59.253
Test07_NG_dchg,방전,NG,4390,1,1,1,1,0.3212,58.2184
Test07_NG_dchg,방전,NG,4391,1,1,1,1,0.3173,58.0517
Test07_NG_dchg,방전,NG,4392,1,1,1,1,0.3138,57.9231
Test07_NG_dchg,방전,NG,4393,1,1,1,1,0.3617,57.9186
Test07_NG_dchg,방전,NG,4394,1,1,1,1,0.3128,58.1997
Test07_NG_dchg,방전,NG,4395,1,1,1,1,0.3103,58.6855
Test07_NG_dchg,방전,NG,4396,1,1,1,1,0.301,59.1648
Test07_NG_dchg,방전,NG,4397,1,1,1,1,0.3052,58.5408
Test07_NG_dchg,방전,NG,4398,1,1,1,1,0.3095,59.1027
Test07_NG_dchg,방전,NG,4399,1,1,1,1,0.3068,58.3269
Test07_NG_dchg,방전,NG,4400,1,1,1,1,0.3666,57.4121
Test07_NG_dchg,방전,NG,4401,1,1,1,1,0.3667,59.2195
Test07_NG_dchg,방전,NG,4402,1,1,1,1,0.3346,58.7281
Test07_NG_dchg,방전,NG,4403,1,1,1,1,0.3278,59.2111
Test07_NG_dchg,방전,NG,4404,1,1,1,1,0.3328,59.0149
Test07_NG_dchg,방전,NG,4405,1,1,1,1,0.3174,58.0182
Test07_NG_dchg,방전,NG,4406,1,1,1,1,0.397,58.1151
Test07_NG_dchg,방전,NG,4407,1,1,1,1,0.336,58.6527
Test07_NG_dchg,방전,NG,4408,1,1,1,1,0.3342,58.4604
Test07_NG_dchg,방전,NG,4409,1,1,1,1,0.2887,58.329
Test07_NG_dchg,방전,NG,4410,1,1,1,1,0.3899,58.8719
Test07_NG_dchg,방전,NG,4411,1,1,1,1,0.334,58.6086
Test07_NG_dchg,방전,NG,4412,1,1,1,1,0.3357,58.7106
Test07_NG_dchg,방전,NG,4413,1,1,1,1,0.3229,57.6971
Test07_NG_dchg,방전,NG,4414,1,1,1,1,0.369,58.4214
Test07_NG_dchg,방전,NG,4415,1,1,1,1,0.3048,57.9429
Test07_NG_dchg,방전,NG,4416,1,1,1,1,0.3352,59.357
Test07_NG_dchg,방전,NG,4417,1,1,1,1,0.3859,58.1973
Test07_NG_dchg,방전,NG,4418,1,1,1,1,0.3383,59.1188
Test07_NG_dchg,방전,NG,4419,1,1,1,1,0.3065,58.5292
Test07_NG_dchg,방전,NG,4420,1,1,1,1,0.3225,58.1231
Test07_NG_dchg,방전,NG,4421,1,1,1,1,0.2984,58.6632
Test07_NG_dchg,방전,NG,4422,1,1,1,1,0.338,57.9316
Test07_NG_dchg,방전,NG,4423,1,1,1,1,0.4148,58.1609
Test07_NG_dchg,방전,NG,4424,1,1,1,1,0.3347,59.8319
Test07_NG_dchg,방전,NG,4425,1,1,1,1,0.3571,59.507
Test07_NG_dchg,방전,NG,4426,1,1,1,1,0.3232,59.7998
Test07_NG_dchg,방전,NG,4427,1,1,1,1,0.3286,59.0391
Test07_NG_dchg,방전,NG,4428,1,1,1,1,0.3101,58.6155
Test07_NG_dchg,방전,NG,4429,1,1,1,1,0.3289,59.5305
Test07_NG_dchg,방전,NG,4430,1,1,1,1,0.2822,58.7856
Test07_NG_dchg,방전,NG,4431,1,1,1,1,0.3129,58.4188
Test07_NG_dchg,방전,NG,4432,1,1,1,1,0.3048,59.0678
Test07_NG_dchg,방전,NG,4433,1,1,1,1,0.3396,59.1227
Test07_NG_dchg,방전,NG,4434,1,1,1,1,0.3385,57.7101
Test07_NG_dchg,방전,NG,4435,1,1,1,1,0.3471,58.1134
Test07_NG_dchg,방전,NG,4436,1,1,1,1,0.3225,59.161
Test07_NG_dchg,방전,NG,4437,1,1,1,1,0.3116,57.8437
Test07_NG_dchg,방전,NG,4438,1,1,1,1,0.3237,58.695
Test07_NG_dchg,방전,NG,4439,1,1,1,1,0.3206,58.2334
Test07_NG_dchg,방전,NG,4440,1,1,1,1,0.2975,58.0866
Test07_NG_dchg,방전,NG,4441,1,1,1,1,0.372,59.1253
Test07_NG_dchg,방전,NG,4442,1,1,1,1,0.3457,58.156
Test07_NG_dchg,방전,NG,4443,1,1,1,1,0.3638,59.1453
Test07_NG_dchg,방전,NG,4444,1,1,1,1,0.3575,57.513
Test07_NG_dchg,방전,NG,4445,1,1,1,1,0.3177,58.7928
Test07_NG_dchg,방전,NG,4446,1,1,1,1,0.3323,58.7446
Test07_NG_dchg,방전,NG,4447,1,1,1,1,0.3155,57.8645
Test07_NG_dchg,방전,NG,4448,1,1,1,1,0.28,58.8165
Test07_NG_dchg,방전,NG,4449,1,1,1,1,2.8554,95.9791
Test07_NG_dchg,방전,NG,4450,1,1,1,1,1.6347,28.1393
Test07_NG_dchg,방전,NG,4451,1,1,1,1,1.8329,28.6152
Test07_NG_dchg,방전,NG,4452,1,1,1,1,1.5785,28.0279
Test07_NG_dchg,방전,NG,4453,1,1,1,1,1.817,28.8578
Test07_NG_dchg,방전,NG,4454,1,1,1,1,1.7654,28.6578
Test07_NG_dchg,방전,NG,4455,1,1,1,1,1.8616,28.7341
Test07_NG_dchg,방전,NG,4456,1,1,1,1,1.6803,28.2839
Test07_NG_dchg,방전,NG,4457,1,1,1,1,1.7595,28.5776
Test07_NG_dchg,방전,NG,4458,1,1,1,1,1.6926,28.3674
Test07_NG_dchg,방전,NG,4459,1,1,1,1,1.4796,27.7825
Test07_NG_dchg,방전,NG,4460,1,1,1,1,1.7241,28.4458
Test07_NG_dchg,방전,NG,4461,1,1,1,1,1.6101,28.1917
Test07_NG_dchg,방전,NG,4462,1,1,1,1,1.7161,28.4456
Test07_NG_dchg,방전,NG,4463,1,1,1,1,1.4918,27.9456
Test07_NG_dchg,방전,NG,4464,1,1,1,1,1.5965,28.252
Test07_NG_dchg,방전,NG,4465,1,1,1,1,1.5316,27.9828
Test07_NG_dchg,방전,NG,4466,1,1,1,1,1.6345,28.3631
Test07_NG_dchg,방전,NG,4467,1,1,1,1,1.5907,28.2551
Test07_NG_dchg,방전,NG,4468,1,1,1,1,1.4484,27.8297
Test07_NG_dchg,방전,NG,4469,1,1,1,1,1.614,28.2829
Test07_NG_dchg,방전,NG,4470,1,1,1,1,1.6527,28.3461
Test07_NG_dchg,방전,NG,4471,1,1,1,1,1.583,28.2366
Test07_NG_dchg,방전,NG,4472,1,1,1,1,1.5235,28.0774
Test07_NG_dchg,방전,NG,4473,1,1,1,1,1.4041,27.6676
Test07_NG_dchg,방전,NG,4474,1,1,1,1,1.4034,27.6802
Test07_NG_dchg,방전,NG,4475,1,1,1,1,1.5066,28.0193
Test07_NG_dchg,방전,NG,4476,1,1,1,1,1.4497,27.8841
Test07_NG_dchg,방전,NG,4477,1,1,1,1,1.4043,27.7488
Test07_NG_dchg,방전,NG,4478,1,1,1,1,1.3629,27.6535
Test07_NG_dchg,방전,NG,4479,1,1,1,1,1.5716,28.2135
Test07_NG_dchg,방전,NG,4480,1,1,1,1,1.6032,28.3405
Test07_NG_dchg,방전,NG,4481,1,1,1,1,1.8326,28.9334
Test07_NG_dchg,방전,NG,4482,1,1,1,1,1.6399,28.4593
Test07_NG_dchg,방전,NG,4483,1,1,1,1,1.4692,27.9323
Test07_NG_dchg,방전,NG,4484,1,1,1,1,1.6024,28.3445
Test07_NG_dchg,방전,NG,4485,1,1,1,1,1.5464,28.1672
Test07_NG_dchg,방전,NG,4486,1,1,1,1,1.6236,28.3163
Test07_NG_dchg,방전,NG,4487,1,1,1,1,1.4797,27.9897
Test07_NG_dchg,방전,NG,4488,1,1,1,1,6028.4272,336079.7823
Test07_NG_dchg,방전,NG,4489,1,1,1,1,5880.779,267227.9804
Test07_NG_dchg,방전,NG,4490,1,1,1,1,5972.8211,218482.0298
Test07_NG_dchg,방전,NG,4491,1,1,1,1,5841.0616,161803.022
Test07_NG_dchg,방전,NG,4492,1,1,1,1,5699.5275,114878.3366
Test07_NG_dchg,방전,NG,4493,1,1,1,1,5581.036,77313.2675
Test07_NG_dchg,방전,NG,4494,1,1,1,1,5477.7289,48970.1752
Test07_NG_dchg,방전,NG,4495,1,1,1,1,5449.186,30735.6669
Test07_NG_dchg,방전,NG,4496,1,1,1,1,5343.5778,20382.1941
Test07_NG_dchg,방전,NG,4497,1,1,1,1,5359.9141,20080.0225
Test07_NG_dchg,방전,NG,4498,1,1,1,1,5319.4333,20246.3616
Test07_NG_dchg,방전,NG,4499,1,1,1,1,5277.5257,20416.8986
Test07_NG_dchg,방전,NG,4500,1,1,1,1,5327.8453,20399.4976
Test07_NG_dchg,방전,NG,4501,1,1,1,1,5320.8156,20438.0397
Test07_NG_dchg,방전,NG,4502,1,1,1,1,5388.3411,20416.2384
Test07_NG_dchg,방전,NG,4503,1,1,1,1,5409.4359,20474.0362
Test07_NG_dchg,방전,NG,4504,1,1,1,1,5443.1851,20501.6465
Test07_NG_dchg,방전,NG,4505,1,1,1,1,5394.9983,20566.0274
Test07_NG_dchg,방전,NG,4506,1,1,1,1,5380.19,20635.1421
Test07_NG_dchg,방전,NG,4507,1,1,1,1,5418.1355,20620.1713
Test07_NG_dchg,방전,NG,4508,1,1,1,1,5425.9411,20659.3869
Test07_NG_dchg,방전,NG,4509,1,1,1,1,5418.7654,20724.5277
Test07_NG_dchg,방전,NG,4510,1,1,1,1,5475.5166,20752.2374
Test07_NG_dchg,방전,NG,4511,1,1,1,1,5439.6658,20831.7671
Test07_NG_dchg,방전,NG,4512,1,1,1,1,5493.1241,20829.7583
Test07_NG_dchg,방전,NG,4513,1,1,1,1,5485.2281,20867.2316
Test07_NG_dchg,방전,NG,4514,1,1,1,1,5481.5709,20891.0962
Test07_NG_dchg,방전,NG,4515,1,1,1,1,5496.4833,20920.6259
Test07_NG_dchg,방전,NG,4516,1,1,1,1,5464.5342,21006.4136
Test07_NG_dchg,방전,NG,4517,1,1,1,1,5474.6381,21012.5222
Test07_NG_dchg,방전,NG,4518,1,1,1,1,5473.0679,21046.7262
Test07_NG_dchg,방전,NG,4519,1,1,1,1,5461.5856,21084.8591
Test07_NG_dchg,방전,NG,4520,1,1,1,1,5484.9968,21058.1809
Test07_NG_dchg,방전,NG,4521,1,1,1,1,5474.9404,21087.0874
Test07_NG_dchg,방전,NG,4522,1,1,1,1,5562.9712,21026.5145
Test07_NG_dchg,방전,NG,4523,1,1,1,1,5525.0547,21075.8254
Test07_NG_dchg,방전,NG,4524,1,1,1,1,5478.6323,21137.939
Test07_NG_dchg,방전,NG,4525,1,1,1,1,5485.8942,21126.1986
Test07_NG_dchg,방전,NG,4526,1,1,1,1,5513.3559,21111.1109
Test07_NG_dchg,방전,NG,4527,1,1,1,1,5553.7882,21108.0598
Test07_NG_dchg,방전,NG,4528,1,1,1,1,5499.9302,21185.2981
Test07_NG_dchg,방전,NG,4529,1,1,1,1,5549.3954,21167.1455
Test07_NG_dchg,방전,NG,4530,1,1,1,1,5487.9982,21238.3715
Test07_NG_dchg,방전,NG,4531,1,1,1,1,5516.2211,21226.045
Test07_NG_dchg,방전,NG,4532,1,1,1,1,5502.0459,21213.4252
Test07_NG_dchg,방전,NG,4533,1,1,1,1,5500.2279,21207.1959
Test07_NG_dchg,방전,NG,4534,1,1,1,1,5508.651,21207.2349
Test07_NG_dchg,방전,NG,4535,1,1,1,1,5532.0622,21204.216
Test07_NG_dchg,방전,NG,4536,1,1,1,1,5533.8501,21211.1853
Test07_NG_dchg,방전,NG,4537,1,1,1,1,5540.4149,21192.4188
Test07_NG_dchg,방전,NG,4538,1,1,1,1,5480.1287,21277.5079
Test07_NG_dchg,방전,NG,4539,1,1,1,1,5588.4589,21165.9921
Test07_NG_dchg,방전,NG,4540,1,1,1,1,5522.179,21242.678
Test07_NG_dchg,방전,NG,4541,1,1,1,1,5534.8728,21240.1203
Test07_NG_dchg,방전,NG,4542,1,1,1,1,5539.9007,21247.3278
Test07_NG_dchg,방전,NG,4543,1,1,1,1,5535.7638,21272.9431
Test07_NG_dchg,방전,NG,4544,1,1,1,1,5551.6479,21271.1457
Test07_NG_dchg,방전,NG,4545,1,1,1,1,5598.6766,21256.383
Test07_NG_dchg,방전,NG,4546,1,1,1,1,5588.0432,21294.249
Test07_NG_dchg,방전,NG,4547,1,1,1,1,5581.9917,21306.3681
Test07_NG_dchg,방전,NG,4548,1,1,1,1,5618.1585,21337.6059
Test07_NG_dchg,방전,NG,4549,1,1,1,1,5607.8694,21362.2815
Test07_NG_dchg,방전,NG,4550,1,1,1,1,5607.7139,21404.5169
Test07_NG_dchg,방전,NG,4551,1,1,1,1,5771.472,21399.7864
Test07_NG_dchg,방전,NG,4552,1,1,1,1,5783.5822,21492.9279
Test07_NG_dchg,방전,NG,4553,1,1,1,1,5804.4931,21589.6862
Test07_NG_dchg,방전,NG,4554,1,1,1,1,5800.3275,21685.992
Test07_NG_dchg,방전,NG,4555,1,1,1,1,5774.5309,21760.3009
Test07_NG_dchg,방전,NG,4556,1,1,1,1,5850.9279,21836.8945
Test07_NG_dchg,방전,NG,4557,1,1,1,1,5854.3673,21941.1678
Test07_NG_dchg,방전,NG,4558,1,1,1,1,5817.795,22046.4262
Test07_NG_dchg,방전,NG,4559,1,1,1,1,5821.4455,22149.1644
Test07_NG_dchg,방전,NG,4560,1,1,1,1,5814.4273,22259.4569
Test07_NG_dchg,방전,NG,4561,1,1,1,1,5837.5296,22263.2842
Test07_NG_dchg,방전,NG,4562,1,1,1,1,5795.4455,22334.0672
Test07_NG_dchg,방전,NG,4563,1,1,1,1,5789.9073,22342.0551
Test07_NG_dchg,방전,NG,4564,1,1,1,1,5863.0276,22265.4748
Test07_NG_dchg,방전,NG,4565,1,1,1,1,5829.121,22348.8352
Test07_NG_dchg,방전,NG,4566,1,1,1,1,5822.7676,22342.043
Test07_NG_dchg,방전,NG,4567,1,1,1,1,5811.6762,22341.1746
Test07_NG_dchg,방전,NG,4568,1,1,1,1,5828.8056,22310.8264
Test07_NG_dchg,방전,NG,4569,1,1,1,1,5810.875,22344.1126
Test07_NG_dchg,방전,NG,4570,1,1,1,1,5787.4267,22355.89
Test07_NG_dchg,방전,NG,4571,1,1,1,1,5800.9097,22315.2017
Test07_NG_dchg,방전,NG,4572,1,1,1,1,5845.0643,22293.3183
Test07_NG_dchg,방전,NG,4573,1,1,1,1,5868.8402,22291.3987
Test07_NG_dchg,방전,NG,4574,1,1,1,1,5820.9775,22326.7283
Test07_NG_dchg,방전,NG,4575,1,1,1,1,5858.9171,22304.1707
Test07_NG_dchg,방전,NG,4576,1,1,1,1,5843.9439,22320.9766
Test07_NG_dchg,방전,NG,4577,1,1,1,1,5826.5251,22358.0061
Test07_NG_dchg,방전,NG,4578,1,1,1,1,5894.6943,22308.0991
Test07_NG_dchg,방전,NG,4579,1,1,1,1,5818.4477,22400.6544
Test07_NG_dchg,방전,NG,4580,1,1,1,1,5817.2943,22425.7666
Test07_NG_dchg,방전,NG,4581,1,1,1,1,5810.8169,22440.8735
Test07_NG_dchg,방전,NG,4582,1,1,1,1,5874.9807,22359.0749
Test07_NG_dchg,방전,NG,4583,1,1,1,1,5814.4523,22416.0794
Test07_NG_dchg,방전,NG,4584,1,1,1,1,5838.3148,22401.5534
Test07_NG_dchg,방전,NG,4585,1,1,1,1,5858.2638,22373.6579
Test07_NG_dchg,방전,NG,4586,1,1,1,1,5828.2662,22408.223
Test07_NG_dchg,방전,NG,4587,1,1,1,1,5859.1571,22367.1285
Test07_NG_dchg,방전,NG,4588,1,1,1,1,5827.7968,22391.4438
Test07_NG_dchg,방전,NG,4589,1,1,1,1,5801.1669,22422.3031
Test07_NG_dchg,방전,NG,4590,1,1,1,1,5865.7494,22362.924
Test07_NG_dchg,방전,NG,4591,1,1,1,1,5822.2106,22405.2276
Test07_NG_dchg,방전,NG,4592,1,1,1,1,5812.7148,22402.7226
Test07_NG_dchg,방전,NG,4593,1,1,1,1,5787.9467,22416.7955
Test08_NG_chg,충전,NG,0,1,1,1,1,23.5706,48.4239
Test08_NG_chg,충전,NG,1,1,1,1,1,25.8249,53.54
Test08_NG_chg,충전,NG,2,1,1,1,1,22.7529,42.0032
Test08_NG_chg,충전,NG,3,1,1,1,1,23.6101,43.8505
Test08_NG_chg,충전,NG,4,1,1,1,1,19.2179,55.5695
Test08_NG_chg,충전,NG,5,1,1,1,1,23.3695,47.2211
Test08_NG_chg,충전,NG,6,1,1,1,1,25.8815,53.5924
Test08_NG_chg,충전,NG,7,1,1,1,1,20.5387,56.8098
Test08_NG_chg,충전,NG,8,1,1,1,1,26.2355,53.9303
Test08_NG_chg,충전,NG,9,1,1,1,1,20.5504,56.108
Test08_NG_chg,충전,NG,10,1,1,1,1,26.8718,53.623
Test08_NG_chg,충전,NG,11,1,1,1,1,18.262,94.5565
Test08_NG_chg,충전,NG,12,1,1,1,1,26.3927,53.021
Test08_NG_chg,충전,NG,13,1,1,1,1,23.168,43.4091
Test08_NG_chg,충전,NG,14,1,1,1,1,21.4942,57.8955
Test08_NG_chg,충전,NG,15,1,1,1,1,25.4927,52.9587
Test08_NG_chg,충전,NG,16,1,1,1,1,21.1857,57.5407
Test08_NG_chg,충전,NG,17,1,1,1,1,24.6047,48.8208
Test08_NG_chg,충전,NG,18,1,1,1,1,26.7577,54.1188
Test08_NG_chg,충전,NG,19,1,1,1,1,20.7897,56.3828
Test08_NG_chg,충전,NG,20,1,1,1,1,24.4562,47.6768
Test08_NG_chg,충전,NG,21,1,1,1,1,23.8591,47.9875
Test08_NG_chg,충전,NG,22,1,1,1,1,21.8852,45.7775
Test08_NG_chg,충전,NG,23,1,1,1,1,23.7772,47.6781
Test08_NG_chg,충전,NG,24,1,1,1,1,22.0148,45.1218
Test08_NG_chg,충전,NG,25,1,1,1,1,25.8907,52.9088
Test08_NG_chg,충전,NG,26,1,1,1,1,20.3892,56.712
Test08_NG_chg,충전,NG,27,1,1,1,1,25.245,52.3024
Test08_NG_chg,충전,NG,28,1,1,1,1,20.816,57.1972
Test08_NG_chg,충전,NG,29,1,1,1,1,21.7465,44.9133
Test08_NG_chg,충전,NG,30,1,1,1,1,24.1088,47.8507
Test08_NG_chg,충전,NG,31,1,1,1,1,24.0495,48.1801
Test08_NG_chg,충전,NG,32,1,1,1,1,17.1489,117.4584
Test08_NG_chg,충전,NG,33,1,1,1,1,19.6541,102.0843
Test08_NG_chg,충전,NG,34,1,1,1,1,22.5887,48.7023
Test08_NG_chg,충전,NG,35,1,1,1,1,23.3787,49.0295
Test08_NG_chg,충전,NG,36,1,1,1,1,24.5666,50.1752
Test08_NG_chg,충전,NG,37,1,1,1,1,26.1333,54.9719
Test08_NG_chg,충전,NG,38,1,1,1,1,18.9838,56.0753
Test08_NG_chg,충전,NG,39,1,1,1,1,19.9721,91.3367
Test08_NG_chg,충전,NG,40,1,1,1,1,23.5455,48.5368
Test08_NG_chg,충전,NG,41,1,1,1,1,22.1209,47.4334
Test08_NG_chg,충전,NG,42,1,1,1,1,23.6144,47.7603
Test08_NG_chg,충전,NG,43,1,1,1,1,22.5031,46.2998
Test08_NG_chg,충전,NG,44,1,1,1,1,23.1238,46.5801
Test08_NG_chg,충전,NG,45,1,1,1,1,22.6734,46.7027
Test08_NG_chg,충전,NG,46,1,1,1,1,23.0914,46.9115
Test08_NG_chg,충전,NG,47,1,1,1,1,23.3984,46.7848
Test08_NG_chg,충전,NG,48,1,1,1,1,24.3319,52.0573
Test08_NG_chg,충전,NG,49,1,1,1,1,19.8684,55.9243
Test08_NG_chg,충전,NG,50,1,1,1,1,18.33,1333.656
Test08_NG_chg,충전,NG,51,1,1,1,1,16.6524,249.926
Test08_NG_chg,충전,NG,52,1,1,1,1,18.873,322.9337
Test08_NG_chg,충전,NG,53,1,1,1,1,17.9033,230.1246
Test08_NG_chg,충전,NG,54,1,1,1,1,18.495,306.4265
Test08_NG_chg,충전,NG,55,1,1,1,1,18.4837,304.7076
Test08_NG_chg,충전,NG,56,1,1,1,1,18.4831,296.4386
Test08_NG_chg,충전,NG,57,1,1,1,1,18.0902,300.0458
Test08_NG_chg,충전,NG,58,1,1,1,1,17.866,304.1276
Test08_NG_chg,충전,NG,59,1,1,1,1,18.1671,212.2833
Test08_NG_chg,충전,NG,60,1,1,1,1,18.2965,213.1272
Test08_NG_chg,충전,NG,61,1,1,1,1,18.3954,214.6475
Test08_NG_chg,충전,NG,62,1,1,1,1,17.9706,309.8903
Test08_NG_chg,충전,NG,63,1,1,1,1,17.8416,308.0498
Test08_NG_chg,충전,NG,64,1,1,1,1,18.101,215.9909
Test08_NG_chg,충전,NG,65,1,1,1,1,18.005,312.1268
Test08_NG_chg,충전,NG,66,1,1,1,1,18.1934,217.4547
Test08_NG_chg,충전,NG,67,1,1,1,1,17.9026,312.5047
Test08_NG_chg,충전,NG,68,1,1,1,1,16.6543,209.738
Test08_NG_chg,충전,NG,69,1,1,1,1,18.1609,217.7815
Test08_NG_chg,충전,NG,70,1,1,1,1,16.8053,211.963
Test08_NG_chg,충전,NG,71,1,1,1,1,18.3528,219.031
Test08_NG_chg,충전,NG,72,1,1,1,1,18.0525,317.4585
Test08_NG_chg,충전,NG,73,1,1,1,1,16.5238,209.0853
Test08_NG_chg,충전,NG,74,1,1,1,1,16.5843,208.8139
Test08_NG_chg,충전,NG,75,1,1,1,1,16.8701,210.3337
Test08_NG_chg,충전,NG,76,1,1,1,1,16.9805,212.8616
Test08_NG_chg,충전,NG,77,1,1,1,1,17.2206,213.9713
Test08_NG_chg,충전,NG,78,1,1,1,1,17.2266,213.4904
Test08_NG_chg,충전,NG,79,1,1,1,1,16.6101,309.0453
Test08_NG_chg,충전,NG,80,1,1,1,1,16.1013,222.2069
Test08_NG_chg,충전,NG,81,1,1,1,1,17.6886,222.3244
Test08_NG_chg,충전,NG,82,1,1,1,1,17.5869,318.7732
Test08_NG_chg,충전,NG,83,1,1,1,1,17.8769,225.0098
Test08_NG_chg,충전,NG,84,1,1,1,1,17.5819,318.8802
Test08_NG_chg,충전,NG,85,1,1,1,1,18.0737,225.3544
Test08_NG_chg,충전,NG,86,1,1,1,1,17.5855,318.3438
Test08_NG_chg,충전,NG,87,1,1,1,1,18.0878,226.0022
Test08_NG_chg,충전,NG,88,1,1,1,1,17.9797,224.0637
Test08_NG_chg,충전,NG,89,1,1,1,1,18.2515,222.4569
Test08_NG_chg,충전,NG,90,1,1,1,1,18.4711,224.7245
Test08_NG_chg,충전,NG,91,1,1,1,1,18.2518,222.1434
Test08_NG_chg,충전,NG,92,1,1,1,1,17.0381,217.8695
Test08_NG_chg,충전,NG,93,1,1,1,1,16.8283,215.869
Test08_NG_chg,충전,NG,94,1,1,1,1,16.8869,216.4362
Test08_NG_chg,충전,NG,95,1,1,1,1,16.6,214.425
Test08_NG_chg,충전,NG,96,1,1,1,1,16.5367,213.2201
Test08_NG_chg,충전,NG,97,1,1,1,1,16.6728,213.0439
Test08_NG_chg,충전,NG,98,1,1,1,1,16.5602,310.1509
Test08_NG_chg,충전,NG,99,1,1,1,1,15.9261,226.3087
Test08_NG_chg,충전,NG,100,1,1,1,1,17.4934,224.7934
Test08_NG_chg,충전,NG,101,1,1,1,1,17.8747,226.8774
Test08_NG_chg,충전,NG,102,1,1,1,1,17.834,225.3017
Test08_NG_chg,충전,NG,103,1,1,1,1,17.6877,224.6448
Test08_NG_chg,충전,NG,104,1,1,1,1,17.5707,323.6658
Test08_NG_chg,충전,NG,105,1,1,1,1,17.904,227.1811
Test08_NG_chg,충전,NG,106,1,1,1,1,18.1959,227.7829
Test08_NG_chg,충전,NG,107,1,1,1,1,18.0812,228.6872
Test08_NG_chg,충전,NG,108,1,1,1,1,18.0422,227.0008
Test08_NG_chg,충전,NG,109,1,1,1,1,18.1205,226.4513
Test08_NG_chg,충전,NG,110,1,1,1,1,17.709,223.2948
Test08_NG_chg,충전,NG,111,1,1,1,1,17.9469,227.9903
Test08_NG_chg,충전,NG,112,1,1,1,1,17.0087,219.4193
Test08_NG_chg,충전,NG,113,1,1,1,1,18.5291,227.1725
Test08_NG_chg,충전,NG,114,1,1,1,1,16.8584,218.5858
Test08_NG_chg,충전,NG,115,1,1,1,1,16.9309,218.7836
Test08_NG_chg,충전,NG,116,1,1,1,1,16.3974,214.1812
Test08_NG_chg,충전,NG,117,1,1,1,1,17.0767,219.6545
Test08_NG_chg,충전,NG,118,1,1,1,1,16.652,215.5021
Test08_NG_chg,충전,NG,119,1,1,1,1,15.849,227.8742
Test08_NG_chg,충전,NG,120,1,1,1,1,18.1036,231.0717
Test08_NG_chg,충전,NG,121,1,1,1,1,17.9084,231.702
Test08_NG_chg,충전,NG,122,1,1,1,1,17.3893,226.7597
Test08_NG_chg,충전,NG,123,1,1,1,1,18.0239,230.6749
Test08_NG_chg,충전,NG,124,1,1,1,1,17.8939,228.3971
Test08_NG_chg,충전,NG,125,1,1,1,1,18.0519,230.3505
Test08_NG_chg,충전,NG,126,1,1,1,1,17.7945,226.5981
Test08_NG_chg,충전,NG,127,1,1,1,1,17.8429,227.4656
Test08_NG_chg,충전,NG,128,1,1,1,1,18.3134,230.4508
Test08_NG_chg,충전,NG,129,1,1,1,1,16.9326,222.2945
Test08_NG_chg,충전,NG,130,1,1,1,1,16.7573,218.188
Test08_NG_chg,충전,NG,131,1,1,1,1,17.0383,220.0559
Test08_NG_chg,충전,NG,132,1,1,1,1,16.9819,219.4447
Test08_NG_chg,충전,NG,133,1,1,1,1,16.4285,316.9448
Test08_NG_chg,충전,NG,134,1,1,1,1,16.6563,217.7379
Test08_NG_chg,충전,NG,135,1,1,1,1,16.7408,219.2342
Test08_NG_chg,충전,NG,136,1,1,1,1,16.8007,218.6749
Test08_NG_chg,충전,NG,137,1,1,1,1,16.9839,221.1476
Test08_NG_chg,충전,NG,138,1,1,1,1,16.9117,219.1245
Test08_NG_chg,충전,NG,139,1,1,1,1,15.6484,228.3875
Test08_NG_chg,충전,NG,140,1,1,1,1,17.8611,233.4532
Test08_NG_chg,충전,NG,141,1,1,1,1,17.5151,231.307
Test08_NG_chg,충전,NG,142,1,1,1,1,17.7081,231.8583
Test08_NG_chg,충전,NG,143,1,1,1,1,17.5621,230.5699
Test08_NG_chg,충전,NG,144,1,1,1,1,17.5927,230.3239
Test08_NG_chg,충전,NG,145,1,1,1,1,17.7399,228.3763
Test08_NG_chg,충전,NG,146,1,1,1,1,17.8152,228.8418
Test08_NG_chg,충전,NG,147,1,1,1,1,17.8348,226.9899
Test08_NG_chg,충전,NG,148,1,1,1,1,18.1848,228.7938
Test08_NG_chg,충전,NG,149,1,1,1,1,16.3319,312.9346
Test08_NG_chg,충전,NG,150,1,1,1,1,16.5003,218.6033
Test08_NG_chg,충전,NG,151,1,1,1,1,16.8663,221.5729
Test08_NG_chg,충전,NG,152,1,1,1,1,16.6096,218.2741
Test08_NG_chg,충전,NG,153,1,1,1,1,17.0009,219.1701
Test08_NG_chg,충전,NG,154,1,1,1,1,16.8088,218.7965
Test08_NG_chg,충전,NG,155,1,1,1,1,16.4224,314.921
Test08_NG_chg,충전,NG,156,1,1,1,1,16.9156,220.423
Test08_NG_chg,충전,NG,157,1,1,1,1,16.898,219.6496
Test08_NG_chg,충전,NG,158,1,1,1,1,17.2778,222.6902
Test08_NG_chg,충전,NG,159,1,1,1,1,16.5093,216.8675
Test08_NG_chg,충전,NG,160,1,1,1,1,16.0055,233.0206
Test08_NG_chg,충전,NG,161,1,1,1,1,17.4036,230.1649
Test08_NG_chg,충전,NG,162,1,1,1,1,17.7691,233.0099
Test08_NG_chg,충전,NG,163,1,1,1,1,17.9767,233.1351
Test08_NG_chg,충전,NG,164,1,1,1,1,17.7195,232.8148
Test08_NG_chg,충전,NG,165,1,1,1,1,17.4603,329.3677
Test08_NG_chg,충전,NG,166,1,1,1,1,17.8698,229.8243
Test08_NG_chg,충전,NG,167,1,1,1,1,18.417,228.9982
Test08_NG_chg,충전,NG,168,1,1,1,1,18.0255,227.8859
Test08_NG_chg,충전,NG,169,1,1,1,1,18.2875,229.6852
Test08_NG_chg,충전,NG,170,1,1,1,1,16.7483,218.854
Test08_NG_chg,충전,NG,171,1,1,1,1,16.4477,218.9744
Test08_NG_chg,충전,NG,172,1,1,1,1,16.6417,220.0636
Test08_NG_chg,충전,NG,173,1,1,1,1,16.7581,218.8511
Test08_NG_chg,충전,NG,174,1,1,1,1,16.6668,217.0473
Test08_NG_chg,충전,NG,175,1,1,1,1,16.921,218.5812
Test08_NG_chg,충전,NG,176,1,1,1,1,16.8112,220.381
Test08_NG_chg,충전,NG,177,1,1,1,1,15.6933,229.4177
Test08_NG_chg,충전,NG,178,1,1,1,1,17.7862,232.8344
Test08_NG_chg,충전,NG,179,1,1,1,1,17.3282,230.361
Test08_NG_chg,충전,NG,180,1,1,1,1,17.0936,327.5327
Test08_NG_chg,충전,NG,181,1,1,1,1,17.7993,232.8639
Test08_NG_chg,충전,NG,182,1,1,1,1,17.8741,232.5801
Test08_NG_chg,충전,NG,183,1,1,1,1,17.7551,229.0056
Test08_NG_chg,충전,NG,184,1,1,1,1,17.9776,230.891
Test08_NG_chg,충전,NG,185,1,1,1,1,17.7616,230.0246
Test08_NG_chg,충전,NG,186,1,1,1,1,18.2245,226.0239
Test08_NG_chg,충전,NG,187,1,1,1,1,17.9115,223.5074
Test08_NG_chg,충전,NG,188,1,1,1,1,17.0203,221.7321
Test08_NG_chg,충전,NG,189,1,1,1,1,16.8024,219.9784
Test08_NG_chg,충전,NG,190,1,1,1,1,16.4072,217.3891
Test08_NG_chg,충전,NG,191,1,1,1,1,17.1158,222.0086
Test08_NG_chg,충전,NG,192,1,1,1,1,16.468,216.2148
Test08_NG_chg,충전,NG,193,1,1,1,1,16.5992,217.5947
Test08_NG_chg,충전,NG,194,1,1,1,1,16.956,219.5339
Test08_NG_chg,충전,NG,195,1,1,1,1,15.4819,225.6412
Test08_NG_chg,충전,NG,196,1,1,1,1,18.7811,239.5331
Test08_NG_chg,충전,NG,197,1,1,1,1,15.8014,229.8873
Test08_NG_chg,충전,NG,198,1,1,1,1,17.5626,231.3494
Test08_NG_chg,충전,NG,199,1,1,1,1,17.8308,231.8961
Test08_NG_chg,충전,NG,200,1,1,1,1,17.6312,231.7031
Test08_NG_chg,충전,NG,201,1,1,1,1,17.5863,230.436
Test08_NG_chg,충전,NG,202,1,1,1,1,18.2802,232.2496
Test08_NG_chg,충전,NG,203,1,1,1,1,18.0914,229.9447
Test08_NG_chg,충전,NG,204,1,1,1,1,18.1906,231.1244
Test08_NG_chg,충전,NG,205,1,1,1,1,17.6311,325.9345
Test08_NG_chg,충전,NG,206,1,1,1,1,16.6723,218.9507
Test08_NG_chg,충전,NG,207,1,1,1,1,16.579,217.37
Test08_NG_chg,충전,NG,208,1,1,1,1,16.6826,219.1114
Test08_NG_chg,충전,NG,209,1,1,1,1,16.6346,219.2643
Test08_NG_chg,충전,NG,210,1,1,1,1,16.4417,216.9838
Test08_NG_chg,충전,NG,211,1,1,1,1,16.3328,316.1684
Test08_NG_chg,충전,NG,212,1,1,1,1,16.4196,216.1811
Test08_NG_chg,충전,NG,213,1,1,1,1,16.4513,213.6636
Test08_NG_chg,충전,NG,214,1,1,1,1,16.7236,217.2901
Test08_NG_chg,충전,NG,215,1,1,1,1,16.9064,219.0872
Test08_NG_chg,충전,NG,216,1,1,1,1,15.6028,226.8494
Test08_NG_chg,충전,NG,217,1,1,1,1,17.6858,231.2125
Test08_NG_chg,충전,NG,218,1,1,1,1,17.0911,227.4613
Test08_NG_chg,충전,NG,219,1,1,1,1,17.2502,227.0539
Test08_NG_chg,충전,NG,220,1,1,1,1,17.3613,225.3666
Test08_NG_chg,충전,NG,221,1,1,1,1,17.89,229.9853
Test08_NG_chg,충전,NG,222,1,1,1,1,18.0263,230.8425
Test08_NG_chg,충전,NG,223,1,1,1,1,17.8663,225.1016
Test08_NG_chg,충전,NG,224,1,1,1,1,17.6614,324.7166
Test08_NG_chg,충전,NG,225,1,1,1,1,16.6062,217.0176
Test08_NG_chg,충전,NG,226,1,1,1,1,17.944,226.6145
Test08_NG_chg,충전,NG,227,1,1,1,1,16.8217,220.115
Test08_NG_chg,충전,NG,228,1,1,1,1,16.3889,216.4964
Test08_NG_chg,충전,NG,229,1,1,1,1,17.2286,221.1463
Test08_NG_chg,충전,NG,230,1,1,1,1,16.3106,214.1474
Test08_NG_chg,충전,NG,231,1,1,1,1,16.6749,217.7303
Test08_NG_chg,충전,NG,232,1,1,1,1,17.0245,220.2455
Test08_NG_chg,충전,NG,233,1,1,1,1,16.752,218.7815
Test08_NG_chg,충전,NG,234,1,1,1,1,15.7072,229.4685
Test08_NG_chg,충전,NG,235,1,1,1,1,17.766,232.1968
Test08_NG_chg,충전,NG,236,1,1,1,1,17.0148,327.5308
Test08_NG_chg,충전,NG,237,1,1,1,1,17.8259,232.2984
Test08_NG_chg,충전,NG,238,1,1,1,1,17.5773,230.502
Test08_NG_chg,충전,NG,239,1,1,1,1,17.7863,229.7681
Test08_NG_chg,충전,NG,240,1,1,1,1,18.1048,229.9836
Test08_NG_chg,충전,NG,241,1,1,1,1,17.2774,226.1373
Test08_NG_chg,충전,NG,242,1,1,1,1,16.5239,220.6649
Test08_NG_chg,충전,NG,243,1,1,1,1,16.1568,217.3625
Test08_NG_chg,충전,NG,244,1,1,1,1,16.2409,217.9231
Test08_NG_chg,충전,NG,245,1,1,1,1,16.9797,221.4175
Test08_NG_chg,충전,NG,246,1,1,1,1,16.9088,219.2788
Test08_NG_chg,충전,NG,247,1,1,1,1,16.4723,214.2108
Test08_NG_chg,충전,NG,248,1,1,1,1,17.368,222.5985
Test08_NG_chg,충전,NG,249,1,1,1,1,16.5006,215.6313
Test08_NG_chg,충전,NG,250,1,1,1,1,15.8671,228.5635
Test08_NG_chg,충전,NG,251,1,1,1,1,17.9289,231.4941
Test08_NG_chg,충전,NG,252,1,1,1,1,17.0405,328.0792
Test08_NG_chg,충전,NG,253,1,1,1,1,17.0494,226.7741
Test08_NG_chg,충전,NG,254,1,1,1,1,17.2868,228.1692
Test08_NG_chg,충전,NG,255,1,1,1,1,17.4314,229.2388
Test08_NG_chg,충전,NG,256,1,1,1,1,17.7749,230.6388
Test08_NG_chg,충전,NG,257,1,1,1,1,17.6175,227.2844
Test08_NG_chg,충전,NG,258,1,1,1,1,17.6079,229.0954
Test08_NG_chg,충전,NG,259,1,1,1,1,16.626,219.8061
Test08_NG_chg,충전,NG,260,1,1,1,1,15.8025,215.8173
Test08_NG_chg,충전,NG,261,1,1,1,1,16.4263,217.4166
Test08_NG_chg,충전,NG,262,1,1,1,1,16.4091,216.4481
Test08_NG_chg,충전,NG,263,1,1,1,1,16.6211,215.5987
Test08_NG_chg,충전,NG,264,1,1,1,1,16.3772,215.5394
Test08_NG_chg,충전,NG,265,1,1,1,1,17.0348,218.8994
Test08_NG_chg,충전,NG,266,1,1,1,1,16.5639,215.0321
Test08_NG_chg,충전,NG,267,1,1,1,1,15.5589,228.8287
Test08_NG_chg,충전,NG,268,1,1,1,1,16.8971,223.958
Test08_NG_chg,충전,NG,269,1,1,1,1,17.2132,227.2483
Test08_NG_chg,충전,NG,270,1,1,1,1,17.5933,228.0449
Test08_NG_chg,충전,NG,271,1,1,1,1,17.7602,230.2286
Test08_NG_chg,충전,NG,272,1,1,1,1,17.5904,229.3538
Test08_NG_chg,충전,NG,273,1,1,1,1,17.6092,228.3753
Test08_NG_chg,충전,NG,274,1,1,1,1,17.6303,228.554
Test08_NG_chg,충전,NG,275,1,1,1,1,17.577,225.4681
Test08_NG_chg,충전,NG,276,1,1,1,1,17.758,227.0349
Test08_NG_chg,충전,NG,277,1,1,1,1,16.0504,217.0516
Test08_NG_chg,충전,NG,278,1,1,1,1,16.4224,218.2593
Test08_NG_chg,충전,NG,279,1,1,1,1,16.0976,215.52
Test08_NG_chg,충전,NG,280,1,1,1,1,16.4162,214.7193
Test08_NG_chg,충전,NG,281,1,1,1,1,16.5716,213.9908
Test08_NG_chg,충전,NG,282,1,1,1,1,17.0018,217.7186
Test08_NG_chg,충전,NG,283,1,1,1,1,15.5768,225.6976
Test08_NG_chg,충전,NG,284,1,1,1,1,17.6027,227.8243
Test08_NG_chg,충전,NG,285,1,1,1,1,16.9081,223.3293
Test08_NG_chg,충전,NG,286,1,1,1,1,17.4296,228.4254
Test08_NG_chg,충전,NG,287,1,1,1,1,16.8304,223.8062
Test08_NG_chg,충전,NG,288,1,1,1,1,17.4144,224.0849
Test08_NG_chg,충전,NG,289,1,1,1,1,17.2696,225.2726
Test08_NG_chg,충전,NG,290,1,1,1,1,17.8836,230.3184
Test08_NG_chg,충전,NG,291,1,1,1,1,17.5555,227.0086
Test08_NG_chg,충전,NG,292,1,1,1,1,17.4834,225.6577
Test08_NG_chg,충전,NG,293,1,1,1,1,16.1028,215.3894
Test08_NG_chg,충전,NG,294,1,1,1,1,16.0221,215.1005
Test08_NG_chg,충전,NG,295,1,1,1,1,16.0878,212.5901
Test08_NG_chg,충전,NG,296,1,1,1,1,16.4063,215.4834
Test08_NG_chg,충전,NG,297,1,1,1,1,16.6677,216.5473
Test08_NG_chg,충전,NG,298,1,1,1,1,16.5789,214.5257
Test08_NG_chg,충전,NG,299,1,1,1,1,16.1552,211.7783
Test08_NG_chg,충전,NG,300,1,1,1,1,15.5355,223.8114
Test08_NG_chg,충전,NG,301,1,1,1,1,17.087,222.3398
Test08_NG_chg,충전,NG,302,1,1,1,1,17.2707,226.8655
Test08_NG_chg,충전,NG,303,1,1,1,1,17.0404,223.3858
Test08_NG_chg,충전,NG,304,1,1,1,1,17.2968,224.8341
Test08_NG_chg,충전,NG,305,1,1,1,1,17.2757,224.5894
Test08_NG_chg,충전,NG,306,1,1,1,1,17.5625,226.1758
Test08_NG_chg,충전,NG,307,1,1,1,1,17.7708,223.302
Test08_NG_chg,충전,NG,308,1,1,1,1,17.68,223.6141
Test08_NG_chg,충전,NG,309,1,1,1,1,17.55,221.6655
Test08_NG_chg,충전,NG,310,1,1,1,1,15.8352,213.0357
Test08_NG_chg,충전,NG,311,1,1,1,1,16.0739,216.7618
Test08_NG_chg,충전,NG,312,1,1,1,1,16.0252,214.973
Test08_NG_chg,충전,NG,313,1,1,1,1,16.375,216.3831
Test08_NG_chg,충전,NG,314,1,1,1,1,15.4984,226.2921
Test08_NG_chg,충전,NG,315,1,1,1,1,17.1972,226.3428
Test08_NG_chg,충전,NG,316,1,1,1,1,17.4113,225.7393
Test08_NG_chg,충전,NG,317,1,1,1,1,17.304,227.8961
Test08_NG_chg,충전,NG,318,1,1,1,1,17.1204,224.3
Test08_NG_chg,충전,NG,319,1,1,1,1,16.9013,222.3221
Test08_NG_chg,충전,NG,320,1,1,1,1,17.0084,224.0582
Test08_NG_chg,충전,NG,321,1,1,1,1,17.1489,223.9831
Test08_NG_chg,충전,NG,322,1,1,1,1,17.0224,222.2141
Test08_NG_chg,충전,NG,323,1,1,1,1,17.2233,221.4312
Test08_NG_chg,충전,NG,324,1,1,1,1,17.5419,224.702
Test08_NG_chg,충전,NG,325,1,1,1,1,17.6707,222.5014
Test08_NG_chg,충전,NG,326,1,1,1,1,16.1809,214.717
Test08_NG_chg,충전,NG,327,1,1,1,1,15.9496,211.5566
Test08_NG_chg,충전,NG,328,1,1,1,1,16.1179,215.4229
Test08_NG_chg,충전,NG,329,1,1,1,1,14.9476,222.1373
Test08_NG_chg,충전,NG,330,1,1,1,1,16.702,223.3907
Test08_NG_chg,충전,NG,331,1,1,1,1,17.1675,224.6776
Test08_NG_chg,충전,NG,332,1,1,1,1,16.8491,223.9244
Test08_NG_chg,충전,NG,333,1,1,1,1,17.4529,226.2879
Test08_NG_chg,충전,NG,334,1,1,1,1,17.4291,227.8189
Test08_NG_chg,충전,NG,335,1,1,1,1,17.0321,225.4022
Test08_NG_chg,충전,NG,336,1,1,1,1,17.1465,222.1359
Test08_NG_chg,충전,NG,337,1,1,1,1,17.2474,224.4258
Test08_NG_chg,충전,NG,338,1,1,1,1,17.1958,224.2052
Test08_NG_chg,충전,NG,339,1,1,1,1,17.2481,222.9495
Test08_NG_chg,충전,NG,340,1,1,1,1,17.1078,220.6636
Test08_NG_chg,충전,NG,341,1,1,1,1,17.4773,220.9937
Test08_NG_chg,충전,NG,342,1,1,1,1,17.9146,223.2059
Test08_NG_chg,충전,NG,343,1,1,1,1,16.2325,213.3627
Test08_NG_chg,충전,NG,344,1,1,1,1,16.5609,214.1816
Test08_NG_chg,충전,NG,345,1,1,1,1,16.4395,212.4463
Test08_NG_chg,충전,NG,346,1,1,1,1,16.2725,211.5622
Test08_NG_chg,충전,NG,347,1,1,1,1,15.7252,225.7517
Test08_NG_chg,충전,NG,348,1,1,1,1,17.1387,223.4454
Test08_NG_chg,충전,NG,349,1,1,1,1,16.8862,221.4624
Test08_NG_chg,충전,NG,350,1,1,1,1,17.0834,223.5138
Test08_NG_chg,충전,NG,351,1,1,1,1,17.3033,225.314
Test08_NG_chg,충전,NG,352,1,1,1,1,16.8744,222.0124
Test08_NG_chg,충전,NG,353,1,1,1,1,16.5879,218.9925
Test08_NG_chg,충전,NG,354,1,1,1,1,17.8054,226.7318
Test08_NG_chg,충전,NG,355,1,1,1,1,17.0233,222.6383
Test08_NG_chg,충전,NG,356,1,1,1,1,17.2529,220.8698
Test08_NG_chg,충전,NG,357,1,1,1,1,16.7913,217.5864
Test08_NG_chg,충전,NG,358,1,1,1,1,18.0985,223.7912
Test08_NG_chg,충전,NG,359,1,1,1,1,17.6816,220.8061
Test08_NG_chg,충전,NG,360,1,1,1,1,16.8897,216.4174
Test08_NG_chg,충전,NG,361,1,1,1,1,15.8615,207.0936
Test08_NG_chg,충전,NG,362,1,1,1,1,15.5688,222.7636
Test08_NG_chg,충전,NG,363,1,1,1,1,16.9032,221.8686
Test08_NG_chg,충전,NG,364,1,1,1,1,16.8044,319.7054
Test08_NG_chg,충전,NG,365,1,1,1,1,17.1875,221.6602
Test08_NG_chg,충전,NG,366,1,1,1,1,17.8812,226.0103
Test08_NG_chg,충전,NG,367,1,1,1,1,17.173,220.4495
Test08_NG_chg,충전,NG,368,1,1,1,1,17.1085,217.6637
Test08_NG_chg,충전,NG,369,1,1,1,1,16.9181,220.5932
Test08_NG_chg,충전,NG,370,1,1,1,1,17.317,224.0532
Test08_NG_chg,충전,NG,371,1,1,1,1,16.7877,219.943
Test08_NG_chg,충전,NG,372,1,1,1,1,17.0679,218.955
Test08_NG_chg,충전,NG,373,1,1,1,1,16.8961,215.9584
Test08_NG_chg,충전,NG,374,1,1,1,1,18.121,224.2364
Test08_NG_chg,충전,NG,375,1,1,1,1,17.0866,216.0157
Test08_NG_chg,충전,NG,376,1,1,1,1,15.9309,209.2731
Test08_NG_chg,충전,NG,377,1,1,1,1,16.3779,211.4008
Test08_NG_chg,충전,NG,378,1,1,1,1,16.3243,212.2196
Test08_NG_chg,충전,NG,379,1,1,1,1,15.7867,206.313
Test08_NG_chg,충전,NG,380,1,1,1,1,15.2982,218.6642
Test08_NG_chg,충전,NG,381,1,1,1,1,17.1826,221.4179
Test08_NG_chg,충전,NG,382,1,1,1,1,16.7702,217.2183
Test08_NG_chg,충전,NG,383,1,1,1,1,17.7056,223.568
Test08_NG_chg,충전,NG,384,1,1,1,1,17.4107,221.87
Test08_NG_chg,충전,NG,385,1,1,1,1,18.2324,227.7832
Test08_NG_chg,충전,NG,386,1,1,1,1,17.0934,221.5661
Test08_NG_chg,충전,NG,387,1,1,1,1,16.8853,218.7815
Test08_NG_chg,충전,NG,388,1,1,1,1,17.1914,218.6981
Test08_NG_chg,충전,NG,389,1,1,1,1,17.4594,219.2096
Test08_NG_chg,충전,NG,390,1,1,1,1,17.3403,218.1742
Test08_NG_chg,충전,NG,391,1,1,1,1,16.549,229.0286
Test08_NG_chg,충전,NG,392,1,1,1,1,16.5133,218.5591
Test08_NG_chg,충전,NG,393,1,1,1,1,16.9612,222.5955
Test08_NG_chg,충전,NG,394,1,1,1,1,16.9304,221.7787
Test08_NG_chg,충전,NG,395,1,1,1,1,16.7624,218.6805
Test08_NG_chg,충전,NG,396,1,1,1,1,16.7068,217.6218
Test08_NG_chg,충전,NG,397,1,1,1,1,17.0586,221.8882
Test08_NG_chg,충전,NG,398,1,1,1,1,16.7215,218.4726
Test08_NG_chg,충전,NG,399,1,1,1,1,17.1048,221.6815
Test08_NG_chg,충전,NG,400,1,1,1,1,17.0337,219.6589
Test08_NG_chg,충전,NG,401,1,1,1,1,17.7655,224.8776
Test08_NG_chg,충전,NG,402,1,1,1,1,17.1471,221.8428
Test08_NG_chg,충전,NG,403,1,1,1,1,17.0927,220.1347
Test08_NG_chg,충전,NG,404,1,1,1,1,16.9078,217.731
Test08_NG_chg,충전,NG,405,1,1,1,1,17.2214,217.1719
Test08_NG_chg,충전,NG,406,1,1,1,1,17.6226,218.0014
Test08_NG_chg,충전,NG,407,1,1,1,1,16.9161,215.1376
Test08_NG_chg,충전,NG,408,1,1,1,1,15.1335,219.5509
Test08_NG_chg,충전,NG,409,1,1,1,1,17.4533,224.8399
Test08_NG_chg,충전,NG,410,1,1,1,1,16.5698,218.4112
Test08_NG_chg,충전,NG,411,1,1,1,1,16.4915,216.7732
Test08_NG_chg,충전,NG,412,1,1,1,1,16.7023,217.3591
Test08_NG_chg,충전,NG,413,1,1,1,1,16.7721,219.7544
Test08_NG_chg,충전,NG,414,1,1,1,1,16.9929,221.7391
Test08_NG_chg,충전,NG,415,1,1,1,1,16.4042,217.9165
Test08_NG_chg,충전,NG,416,1,1,1,1,16.8361,216.2441
Test08_NG_chg,충전,NG,417,1,1,1,1,16.9126,218.8036
Test08_NG_chg,충전,NG,418,1,1,1,1,17.1034,218.7695
Test08_NG_chg,충전,NG,419,1,1,1,1,16.921,214.64
Test08_NG_chg,충전,NG,420,1,1,1,1,15.5967,205.2711
Test08_NG_chg,충전,NG,421,1,1,1,1,16.1663,209.73
Test08_NG_chg,충전,NG,422,1,1,1,1,15.7881,206.4601
Test08_NG_chg,충전,NG,423,1,1,1,1,15.774,204.5959
Test08_NG_chg,충전,NG,424,1,1,1,1,15.0453,216.5502
Test08_NG_chg,충전,NG,425,1,1,1,1,17.0812,221.0414
Test08_NG_chg,충전,NG,426,1,1,1,1,16.8404,218.8187
Test08_NG_chg,충전,NG,427,1,1,1,1,17.0952,217.9242
Test08_NG_chg,충전,NG,428,1,1,1,1,16.8476,216.8581
Test08_NG_chg,충전,NG,429,1,1,1,1,21.0673,144.9005
Test08_NG_chg,충전,NG,430,1,1,1,1,17.0613,219.5942
Test08_NG_chg,충전,NG,431,1,1,1,1,16.6363,218.6087
Test08_NG_chg,충전,NG,432,1,1,1,1,16.4689,218.9359
Test08_NG_chg,충전,NG,433,1,1,1,1,16.3519,216.1446
Test08_NG_chg,충전,NG,434,1,1,1,1,16.6534,217.2554
Test08_NG_chg,충전,NG,435,1,1,1,1,17.1459,220.1308
Test08_NG_chg,충전,NG,436,1,1,1,1,17.2436,217.7304
Test08_NG_chg,충전,NG,437,1,1,1,1,15.8692,207.9473
Test08_NG_chg,충전,NG,438,1,1,1,1,15.0234,217.1311
Test08_NG_chg,충전,NG,439,1,1,1,1,17.9062,227.6305
Test08_NG_chg,충전,NG,440,1,1,1,1,15.0436,215.5564
Test08_NG_chg,충전,NG,441,1,1,1,1,16.7959,216.3235
Test08_NG_chg,충전,NG,442,1,1,1,1,16.6077,214.3004
Test08_NG_chg,충전,NG,443,1,1,1,1,16.7124,215.4084
Test08_NG_chg,충전,NG,444,1,1,1,1,16.5748,213.9275
Test08_NG_chg,충전,NG,445,1,1,1,1,16.9125,215.3066
Test08_NG_chg,충전,NG,446,1,1,1,1,17.1773,217.0822
Test08_NG_chg,충전,NG,447,1,1,1,1,16.4201,215.2966
Test08_NG_chg,충전,NG,448,1,1,1,1,19.6519,140.9702
Test08_NG_chg,충전,NG,449,1,1,1,1,17.0482,218.97
Test08_NG_chg,충전,NG,450,1,1,1,1,16.9158,217.7002
Test08_NG_chg,충전,NG,451,1,1,1,1,16.8573,213.5084
Test08_NG_chg,충전,NG,452,1,1,1,1,17.1719,215.7724
Test08_NG_chg,충전,NG,453,1,1,1,1,17.1627,212.9541
Test08_NG_chg,충전,NG,454,1,1,1,1,15.681,203.7509
Test08_NG_chg,충전,NG,455,1,1,1,1,15.614,202.885
Test08_NG_chg,충전,NG,456,1,1,1,1,15.1014,215.5735
Test08_NG_chg,충전,NG,457,1,1,1,1,17.1143,219.3643
Test08_NG_chg,충전,NG,458,1,1,1,1,16.581,212.4164
Test08_NG_chg,충전,NG,459,1,1,1,1,16.7768,215.9985
Test08_NG_chg,충전,NG,460,1,1,1,1,16.6205,214.0911
Test08_NG_chg,충전,NG,461,1,1,1,1,16.6259,214.6792
Test08_NG_chg,충전,NG,462,1,1,1,1,17.1569,218.1412
Test08_NG_chg,충전,NG,463,1,1,1,1,16.6084,213.3874
Test08_NG_chg,충전,NG,464,1,1,1,1,16.4976,213.659
Test08_NG_chg,충전,NG,465,1,1,1,1,16.7281,216.6996
Test08_NG_chg,충전,NG,466,1,1,1,1,16.6719,213.8254
Test08_NG_chg,충전,NG,467,1,1,1,1,16.6841,213.4603
Test08_NG_chg,충전,NG,468,1,1,1,1,16.9894,215.5405
Test08_NG_chg,충전,NG,469,1,1,1,1,17.2689,213.4678
Test08_NG_chg,충전,NG,470,1,1,1,1,15.4627,201.0619
Test08_NG_chg,충전,NG,471,1,1,1,1,15.0019,215.2186
Test08_NG_chg,충전,NG,472,1,1,1,1,17.9621,226.3834
Test08_NG_chg,충전,NG,473,1,1,1,1,14.9238,210.6881
Test08_NG_chg,충전,NG,474,1,1,1,1,16.4378,210.4032
Test08_NG_chg,충전,NG,475,1,1,1,1,16.6167,213.6526
Test08_NG_chg,충전,NG,476,1,1,1,1,16.6174,211.0451
Test08_NG_chg,충전,NG,477,1,1,1,1,16.8389,213.8091
Test08_NG_chg,충전,NG,478,1,1,1,1,16.7009,216.1228
Test08_NG_chg,충전,NG,479,1,1,1,1,17.0264,214.2225
Test08_NG_chg,충전,NG,480,1,1,1,1,16.5684,211.2475
Test08_NG_chg,충전,NG,481,1,1,1,1,17.1924,218.795
Test08_NG_chg,충전,NG,482,1,1,1,1,16.8756,214.0852
Test08_NG_chg,충전,NG,483,1,1,1,1,16.6923,210.3269
Test08_NG_chg,충전,NG,484,1,1,1,1,22.1174,143.5092
Test08_NG_chg,충전,NG,485,1,1,1,1,15.1866,216.2467
Test08_NG_chg,충전,NG,486,1,1,1,1,16.5997,214.6938
Test08_NG_chg,충전,NG,487,1,1,1,1,16.322,211.414
Test08_NG_chg,충전,NG,488,1,1,1,1,16.2985,212.3235
Test08_NG_chg,충전,NG,489,1,1,1,1,16.5672,213.497
Test08_NG_chg,충전,NG,490,1,1,1,1,16.6464,211.3123
Test08_NG_chg,충전,NG,491,1,1,1,1,21.5935,143.8293
Test08_NG_chg,충전,NG,492,1,1,1,1,16.7714,213.6457
Test08_NG_chg,충전,NG,493,1,1,1,1,16.6519,212.726
Test08_NG_chg,충전,NG,494,1,1,1,1,16.5131,212.734
Test08_NG_chg,충전,NG,495,1,1,1,1,16.8846,212.9082
Test08_NG_chg,충전,NG,496,1,1,1,1,16.9547,212.1849
Test08_NG_chg,충전,NG,497,1,1,1,1,16.6779,211.5767
Test08_NG_chg,충전,NG,498,1,1,1,1,16.9159,209.9747
Test08_NG_chg,충전,NG,499,1,1,1,1,15.247,202.1221
Test08_NG_chg,충전,NG,500,1,1,1,1,15.3595,202.4294
Test08_NG_chg,충전,NG,501,1,1,1,1,14.7742,209.7565
Test08_NG_chg,충전,NG,502,1,1,1,1,21.6681,145.1561
Test08_NG_chg,충전,NG,503,1,1,1,1,19.483,139.311
Test08_NG_chg,충전,NG,504,1,1,1,1,16.669,212.5041
Test08_NG_chg,충전,NG,505,1,1,1,1,16.4693,210.3408
Test08_NG_chg,충전,NG,506,1,1,1,1,16.6877,213.4175
Test08_NG_chg,충전,NG,507,1,1,1,1,16.8439,213.251
Test08_NG_chg,충전,NG,508,1,1,1,1,16.5641,210.4672
Test08_NG_chg,충전,NG,509,1,1,1,1,16.46,211.7684
Test08_NG_chg,충전,NG,510,1,1,1,1,16.5378,212.7184
Test08_NG_chg,충전,NG,511,1,1,1,1,16.7184,212.5117
Test08_NG_chg,충전,NG,512,1,1,1,1,16.3729,208.425
Test08_NG_chg,충전,NG,513,1,1,1,1,16.5552,208.8062
Test08_NG_chg,충전,NG,514,1,1,1,1,16.9521,207.9336
Test08_NG_chg,충전,NG,515,1,1,1,1,16.7508,211.0306
Test08_NG_chg,충전,NG,516,1,1,1,1,15.9364,206.813
Test08_NG_chg,충전,NG,517,1,1,1,1,15.4752,198.9838
Test08_NG_chg,충전,NG,518,1,1,1,1,15.8275,200.8154
Test08_NG_chg,충전,NG,519,1,1,1,1,14.7989,207.7712
Test08_NG_chg,충전,NG,520,1,1,1,1,16.9131,213.046
Test08_NG_chg,충전,NG,521,1,1,1,1,16.8328,212.8474
Test08_NG_chg,충전,NG,522,1,1,1,1,16.4476,209.8424
Test08_NG_chg,충전,NG,523,1,1,1,1,16.7563,212.6107
Test08_NG_chg,충전,NG,524,1,1,1,1,16.3783,207.8406
Test08_NG_chg,충전,NG,525,1,1,1,1,16.2959,208.4132
Test08_NG_chg,충전,NG,526,1,1,1,1,16.6332,209.9723
Test08_NG_chg,충전,NG,527,1,1,1,1,20.7876,140.5021
Test08_NG_chg,충전,NG,528,1,1,1,1,16.9464,211.4541
Test08_NG_chg,충전,NG,529,1,1,1,1,16.8327,210.5512
Test08_NG_chg,충전,NG,530,1,1,1,1,20.816,140.3345
Test08_NG_chg,충전,NG,531,1,1,1,1,17.2582,211.5299
Test08_NG_chg,충전,NG,532,1,1,1,1,16.7478,207.164
Test08_NG_chg,충전,NG,533,1,1,1,1,15.3185,198.4358
Test08_NG_chg,충전,NG,534,1,1,1,1,14.4723,210.6359
Test08_NG_chg,충전,NG,535,1,1,1,1,17.6709,220.8677
Test08_NG_chg,충전,NG,536,1,1,1,1,15.0198,209.3138
Test08_NG_chg,충전,NG,537,1,1,1,1,16.6388,209.84
Test08_NG_chg,충전,NG,538,1,1,1,1,16.9089,212.5564
Test08_NG_chg,충전,NG,539,1,1,1,1,16.4748,209.8919
Test08_NG_chg,충전,NG,540,1,1,1,1,16.3855,208.8123
Test08_NG_chg,충전,NG,541,1,1,1,1,16.7379,210.8219
Test08_NG_chg,충전,NG,542,1,1,1,1,16.5211,209.4861
Test08_NG_chg,충전,NG,543,1,1,1,1,17.0048,212.5197
Test08_NG_chg,충전,NG,544,1,1,1,1,16.3966,206.7981
Test08_NG_chg,충전,NG,545,1,1,1,1,20.2614,138.5615
Test08_NG_chg,충전,NG,546,1,1,1,1,16.3078,208.3047
Test08_NG_chg,충전,NG,547,1,1,1,1,16.8292,210.7246
Test08_NG_chg,충전,NG,548,1,1,1,1,15.3086,199.6041
Test08_NG_chg,충전,NG,549,1,1,1,1,19.7173,132.2024
Test08_NG_chg,충전,NG,550,1,1,1,1,15.6059,200.3988
Test08_NG_chg,충전,NG,551,1,1,1,1,15.5508,198.9464
Test08_NG_chg,충전,NG,552,1,1,1,1,18.3863,127.5563
Test08_NG_chg,충전,NG,553,1,1,1,1,14.7668,208.2528
Test08_NG_chg,충전,NG,554,1,1,1,1,16.4934,207.8678
Test08_NG_chg,충전,NG,555,1,1,1,1,16.4536,207.9544
Test08_NG_chg,충전,NG,556,1,1,1,1,20.1792,138.8083
Test08_NG_chg,충전,NG,557,1,1,1,1,16.4185,209.5286
Test08_NG_chg,충전,NG,558,1,1,1,1,16.3469,209.1641
Test08_NG_chg,충전,NG,559,1,1,1,1,16.4375,207.3607
Test08_NG_chg,충전,NG,560,1,1,1,1,20.361,138.9338
Test08_NG_chg,충전,NG,561,1,1,1,1,16.6667,211.6856
Test08_NG_chg,충전,NG,562,1,1,1,1,16.3319,207.3369
Test08_NG_chg,충전,NG,563,1,1,1,1,16.6387,205.7385
Test08_NG_chg,충전,NG,564,1,1,1,1,18.9514,129.4704
Test08_NG_chg,충전,NG,565,1,1,1,1,15.6788,203.0309
Test08_NG_chg,충전,NG,566,1,1,1,1,15.4981,198.5651
Test08_NG_chg,충전,NG,567,1,1,1,1,18.9009,129.0634
Test08_NG_chg,충전,NG,568,1,1,1,1,15.5568,197.676
Test08_NG_chg,충전,NG,569,1,1,1,1,15.3555,198.3141
Test08_NG_chg,충전,NG,570,1,1,1,1,14.4491,208.2308
Test08_NG_chg,충전,NG,571,1,1,1,1,16.1036,208.6581
Test08_NG_chg,충전,NG,572,1,1,1,1,16.2947,207.296
Test08_NG_chg,충전,NG,573,1,1,1,1,16.5867,210.6288
Test08_NG_chg,충전,NG,574,1,1,1,1,20.5491,139.1339
Test08_NG_chg,충전,NG,575,1,1,1,1,16.1241,205.3347
Test08_NG_chg,충전,NG,576,1,1,1,1,16.4499,208.329
Test08_NG_chg,충전,NG,577,1,1,1,1,16.5158,208.8419
Test08_NG_chg,충전,NG,578,1,1,1,1,19.6184,136.9497
Test08_NG_chg,충전,NG,579,1,1,1,1,16.5077,207.9185
Test08_NG_chg,충전,NG,580,1,1,1,1,16.3382,207.1656
Test08_NG_chg,충전,NG,581,1,1,1,1,20.3953,136.5748
Test08_NG_chg,충전,NG,582,1,1,1,1,16.9225,207.4629
Test08_NG_chg,충전,NG,583,1,1,1,1,15.174,196.9522
Test08_NG_chg,충전,NG,584,1,1,1,1,15.2964,198.5393
Test08_NG_chg,충전,NG,585,1,1,1,1,15.2835,199.1741
Test08_NG_chg,충전,NG,586,1,1,1,1,15.204,196.9245
Test08_NG_chg,충전,NG,587,1,1,1,1,14.5482,207.2698
Test08_NG_chg,충전,NG,588,1,1,1,1,16.1118,207.8125
Test08_NG_chg,충전,NG,589,1,1,1,1,16.0467,206.6785
Test08_NG_chg,충전,NG,590,1,1,1,1,16.381,206.7195
Test08_NG_chg,충전,NG,591,1,1,1,1,16.204,205.4997
Test08_NG_chg,충전,NG,592,1,1,1,1,20.7295,139.574
Test08_NG_chg,충전,NG,593,1,1,1,1,15.4176,199.2927
Test08_NG_chg,충전,NG,594,1,1,1,1,14.9651,198.5841
Test08_NG_chg,충전,NG,595,1,1,1,1,14.9835,197.7433
Test08_NG_chg,충전,NG,596,1,1,1,1,14.8914,197.3363
Test08_NG_chg,충전,NG,597,1,1,1,1,19.1069,130.6272
Test08_NG_chg,충전,NG,598,1,1,1,1,15.2069,200.3692
Test08_NG_chg,충전,NG,599,1,1,1,1,15.2777,196.7414
Test08_NG_chg,충전,NG,600,1,1,1,1,15.2688,197.4304
Test08_NG_chg,충전,NG,601,1,1,1,1,15.1286,197.7675
Test08_NG_chg,충전,NG,602,1,1,1,1,19.0139,130.1413
Test08_NG_chg,충전,NG,603,1,1,1,1,15.0748,194.0728
Test08_NG_chg,충전,NG,604,1,1,1,1,14.5873,209.0103
Test08_NG_chg,충전,NG,605,1,1,1,1,15.9888,206.2001
Test08_NG_chg,충전,NG,606,1,1,1,1,16.3554,209.0464
Test08_NG_chg,충전,NG,607,1,1,1,1,16.6108,207.8242
Test08_NG_chg,충전,NG,608,1,1,1,1,16.5261,207.9173
Test08_NG_chg,충전,NG,609,1,1,1,1,16.3047,207.2177
Test08_NG_chg,충전,NG,610,1,1,1,1,16.1638,205.5814
Test08_NG_chg,충전,NG,611,1,1,1,1,15.3273,199.7498
Test08_NG_chg,충전,NG,612,1,1,1,1,19.3961,131.3588
Test08_NG_chg,충전,NG,613,1,1,1,1,14.8721,197.2288
Test08_NG_chg,충전,NG,614,1,1,1,1,14.989,197.8227
Test08_NG_chg,충전,NG,615,1,1,1,1,14.7397,195.9408
Test08_NG_chg,충전,NG,616,1,1,1,1,14.396,208.2962
Test08_NG_chg,충전,NG,617,1,1,1,1,20.1075,139.8781
Test08_NG_chg,충전,NG,618,1,1,1,1,20.1368,139.5291
Test08_NG_chg,충전,NG,619,1,1,1,1,19.5813,137.5361
Test08_NG_chg,충전,NG,620,1,1,1,1,16.2332,211.696
Test08_NG_chg,충전,NG,621,1,1,1,1,16.1496,208.833
Test08_NG_chg,충전,NG,622,1,1,1,1,19.7589,136.4321
Test08_NG_chg,충전,NG,623,1,1,1,1,19.067,134.3739
Test08_NG_chg,충전,NG,624,1,1,1,1,16.1146,206.4163
Test08_NG_chg,충전,NG,625,1,1,1,1,16.3344,206.1785
Test08_NG_chg,충전,NG,626,1,1,1,1,15.9495,203.9249
Test08_NG_chg,충전,NG,627,1,1,1,1,16.0765,205.373
Test08_NG_chg,충전,NG,628,1,1,1,1,14.7181,196.6408
Test08_NG_chg,충전,NG,629,1,1,1,1,14.7954,194.7456
Test08_NG_chg,충전,NG,630,1,1,1,1,14.8251,196.7164
Test08_NG_chg,충전,NG,631,1,1,1,1,15.027,198.3541
Test08_NG_chg,충전,NG,632,1,1,1,1,15.0568,197.8975
Test08_NG_chg,충전,NG,633,1,1,1,1,15.0546,197.6147
Test08_NG_chg,충전,NG,634,1,1,1,1,19.3951,129.8611
Test08_NG_chg,충전,NG,635,1,1,1,1,14.1947,204.7586
Test08_NG_chg,충전,NG,636,1,1,1,1,16.1363,208.9413
Test08_NG_chg,충전,NG,637,1,1,1,1,16.0226,207.086
Test08_NG_chg,충전,NG,638,1,1,1,1,15.8416,204.7605
Test08_NG_chg,충전,NG,639,1,1,1,1,16.113,206.4979
Test08_NG_chg,충전,NG,640,1,1,1,1,16.097,205.5129
Test08_NG_chg,충전,NG,641,1,1,1,1,19.5673,135.591
Test08_NG_chg,충전,NG,642,1,1,1,1,16.0922,204.8149
Test08_NG_chg,충전,NG,643,1,1,1,1,16.3168,207.652
Test08_NG_chg,충전,NG,644,1,1,1,1,15.9398,205.1604
Test08_NG_chg,충전,NG,645,1,1,1,1,20.6336,137.215
Test08_NG_chg,충전,NG,646,1,1,1,1,16.9817,209.3071
Test08_NG_chg,충전,NG,647,1,1,1,1,15.1047,197.8028
Test08_NG_chg,충전,NG,648,1,1,1,1,14.9763,195.7535
Test08_NG_chg,충전,NG,649,1,1,1,1,15.4304,199.3702
Test08_NG_chg,충전,NG,650,1,1,1,1,14.8939,194.709
Test08_NG_chg,충전,NG,651,1,1,1,1,17.7198,124.5232
Test08_NG_chg,충전,NG,652,1,1,1,1,15.1497,196.9013
Test08_NG_chg,충전,NG,653,1,1,1,1,14.3585,206.6274
Test08_NG_chg,충전,NG,654,1,1,1,1,15.8689,206.7446
Test08_NG_chg,충전,NG,655,1,1,1,1,15.8725,204.8018
Test08_NG_chg,충전,NG,656,1,1,1,1,15.981,205.2948
Test08_NG_chg,충전,NG,657,1,1,1,1,16.2976,205.6624
Test08_NG_chg,충전,NG,658,1,1,1,1,16.1746,202.7592
Test08_NG_chg,충전,NG,659,1,1,1,1,20.3349,136.245
Test08_NG_chg,충전,NG,660,1,1,1,1,16.258,204.3572
Test08_NG_chg,충전,NG,661,1,1,1,1,16.1357,204.0075
Test08_NG_chg,충전,NG,662,1,1,1,1,20.3976,135.3661
Test08_NG_chg,충전,NG,663,1,1,1,1,16.6987,207.5528
Test08_NG_chg,충전,NG,664,1,1,1,1,18.4272,127.9308
Test08_NG_chg,충전,NG,665,1,1,1,1,15.0968,196.892
Test08_NG_chg,충전,NG,666,1,1,1,1,15.0573,195.4886
Test08_NG_chg,충전,NG,667,1,1,1,1,17.6122,124.8807
Test08_NG_chg,충전,NG,668,1,1,1,1,14.9628,194.264
Test08_NG_chg,충전,NG,669,1,1,1,1,14.2151,204.0154
Test08_NG_chg,충전,NG,670,1,1,1,1,15.7822,206.8126
Test08_NG_chg,충전,NG,671,1,1,1,1,16.5916,213.7575
Test08_NG_chg,충전,NG,672,1,1,1,1,14.5462,209.2779
Test08_NG_chg,충전,NG,673,1,1,1,1,19.0006,133.4174
Test08_NG_chg,충전,NG,674,1,1,1,1,15.634,204.0019
Test08_NG_chg,충전,NG,675,1,1,1,1,16.4244,203.5671
Test08_NG_chg,충전,NG,676,1,1,1,1,16.1861,203.8909
Test08_NG_chg,충전,NG,677,1,1,1,1,16.2174,202.9426
Test08_NG_chg,충전,NG,678,1,1,1,1,16.3307,203.9466
Test08_NG_chg,충전,NG,679,1,1,1,1,16.5661,203.0667
Test08_NG_chg,충전,NG,680,1,1,1,1,20.043,134.036
Test08_NG_chg,충전,NG,681,1,1,1,1,16.1505,203.0379
Test08_NG_chg,충전,NG,682,1,1,1,1,15.1976,195.2513
Test08_NG_chg,충전,NG,683,1,1,1,1,14.8947,193.1481
Test08_NG_chg,충전,NG,684,1,1,1,1,19.3085,128.1466
Test08_NG_chg,충전,NG,685,1,1,1,1,14.2773,204.3886
Test08_NG_chg,충전,NG,686,1,1,1,1,19.2546,134.7233
Test08_NG_chg,충전,NG,687,1,1,1,1,18.8751,133.3241
Test08_NG_chg,충전,NG,688,1,1,1,1,20.4519,138.7478
Test08_NG_chg,충전,NG,689,1,1,1,1,18.9143,133.3525
Test08_NG_chg,충전,NG,690,1,1,1,1,18.9155,132.9855
Test08_NG_chg,충전,NG,691,1,1,1,1,19.3324,133.2845
Test08_NG_chg,충전,NG,692,1,1,1,1,16.5169,206.9974
Test08_NG_chg,충전,NG,693,1,1,1,1,20.2535,136.3116
Test08_NG_chg,충전,NG,694,1,1,1,1,15.9749,204.4102
Test08_NG_chg,충전,NG,695,1,1,1,1,16.1872,204.4415
Test08_NG_chg,충전,NG,696,1,1,1,1,20.3587,135.7621
Test08_NG_chg,충전,NG,697,1,1,1,1,16.3516,204.6246
Test08_NG_chg,충전,NG,698,1,1,1,1,16.539,204.8859
Test08_NG_chg,충전,NG,699,1,1,1,1,16.1502,201.3423
Test08_NG_chg,충전,NG,700,1,1,1,1,18.5604,127.3784
Test08_NG_chg,충전,NG,701,1,1,1,1,14.71,194.306
Test08_NG_chg,충전,NG,702,1,1,1,1,14.3208,207.7726
Test08_NG_chg,충전,NG,703,1,1,1,1,15.627,203.217
Test08_NG_chg,충전,NG,704,1,1,1,1,19.5001,135.0693
Test08_NG_chg,충전,NG,705,1,1,1,1,15.7982,204.819
Test08_NG_chg,충전,NG,706,1,1,1,1,16.3103,205.0709
Test08_NG_chg,충전,NG,707,1,1,1,1,15.9151,202.6538
Test08_NG_chg,충전,NG,708,1,1,1,1,20.0407,135.1468
Test08_NG_chg,충전,NG,709,1,1,1,1,16.0966,203.5053
Test08_NG_chg,충전,NG,710,1,1,1,1,19.8868,134.9172
Test08_NG_chg,충전,NG,711,1,1,1,1,18.9404,132.8758
Test08_NG_chg,충전,NG,712,1,1,1,1,20.6659,136.5813
Test08_NG_chg,충전,NG,713,1,1,1,1,19.9987,136.2429
Test08_NG_chg,충전,NG,714,1,1,1,1,18.9669,132.0909
Test08_NG_chg,충전,NG,715,1,1,1,1,16.015,200.5645
Test08_NG_chg,충전,NG,716,1,1,1,1,15.1784,197.0742
Test08_NG_chg,충전,NG,717,1,1,1,1,19.0561,128.2424
Test08_NG_chg,충전,NG,718,1,1,1,1,14.7858,192.851
Test08_NG_chg,충전,NG,719,1,1,1,1,14.8183,193.752
Test08_NG_chg,충전,NG,720,1,1,1,1,14.831,194.0013
Test08_NG_chg,충전,NG,721,1,1,1,1,14.2061,202.1914
Test08_NG_chg,충전,NG,722,1,1,1,1,19.0811,133.9641
Test08_NG_chg,충전,NG,723,1,1,1,1,20.5491,137.3307
Test08_NG_chg,충전,NG,724,1,1,1,1,19.5033,135.011
Test08_NG_chg,충전,NG,725,1,1,1,1,16.108,204.4497
Test08_NG_chg,충전,NG,726,1,1,1,1,16.2706,202.3804
Test08_NG_chg,충전,NG,727,1,1,1,1,19.4416,132.0634
Test08_NG_chg,충전,NG,728,1,1,1,1,19.9777,133.4105
Test08_NG_chg,충전,NG,729,1,1,1,1,16.1121,201.0442
Test08_NG_chg,충전,NG,730,1,1,1,1,16.3735,202.5199
Test08_NG_chg,충전,NG,731,1,1,1,1,14.8096,192.5613
Test08_NG_chg,충전,NG,732,1,1,1,1,14.8514,190.7022
Test08_NG_chg,충전,NG,733,1,1,1,1,14.706,191.0798
Test08_NG_chg,충전,NG,734,1,1,1,1,18.1718,125.3593
Test08_NG_chg,충전,NG,735,1,1,1,1,18.6322,126.237
Test08_NG_chg,충전,NG,736,1,1,1,1,17.7032,123.4181
Test08_NG_chg,충전,NG,737,1,1,1,1,18.0763,123.8998
Test08_NG_chg,충전,NG,738,1,1,1,1,17.9873,125.0728
Test08_NG_chg,충전,NG,739,1,1,1,1,14.8087,191.1376
Test08_NG_chg,충전,NG,740,1,1,1,1,14.1417,200.1002
Test08_NG_chg,충전,NG,741,1,1,1,1,19.1308,133.6352
Test08_NG_chg,충전,NG,742,1,1,1,1,15.7667,201.7304
Test08_NG_chg,충전,NG,743,1,1,1,1,19.1874,132.4126
Test08_NG_chg,충전,NG,744,1,1,1,1,16.3171,205.0742
Test08_NG_chg,충전,NG,745,1,1,1,1,20.6478,138.5195
Test08_NG_chg,충전,NG,746,1,1,1,1,16.5181,202.6836
Test08_NG_chg,충전,NG,747,1,1,1,1,16.2005,199.2974
Test08_NG_chg,충전,NG,748,1,1,1,1,19.6802,132.2223
Test08_NG_chg,충전,NG,749,1,1,1,1,18.7883,126.4928
Test08_NG_chg,충전,NG,750,1,1,1,1,18.6963,126.3991
Test08_NG_chg,충전,NG,751,1,1,1,1,14.9943,193.0677
Test08_NG_chg,충전,NG,752,1,1,1,1,18.8744,127.94
Test08_NG_chg,충전,NG,753,1,1,1,1,14.8767,193.7325
Test08_NG_chg,충전,NG,754,1,1,1,1,18.4234,125.0158
Test08_NG_chg,충전,NG,755,1,1,1,1,19.2053,127.3774
Test08_NG_chg,충전,NG,756,1,1,1,1,18.3945,125.8826
Test08_NG_chg,충전,NG,757,1,1,1,1,14.8635,191.9532
Test08_NG_chg,충전,NG,758,1,1,1,1,16.9079,138.3925
Test08_NG_chg,충전,NG,759,1,1,1,1,18.2368,130.1598
Test08_NG_chg,충전,NG,760,1,1,1,1,19.047,132.692
Test08_NG_chg,충전,NG,761,1,1,1,1,16.1268,205.3197
Test08_NG_chg,충전,NG,762,1,1,1,1,19.541,131.5493
Test08_NG_chg,충전,NG,763,1,1,1,1,16.0087,200.834
Test08_NG_chg,충전,NG,764,1,1,1,1,20.9078,135.1146
Test08_NG_chg,충전,NG,765,1,1,1,1,19.0943,130.3207
Test08_NG_chg,충전,NG,766,1,1,1,1,19.6101,131.787
Test08_NG_chg,충전,NG,767,1,1,1,1,19.303,128.9568
Test08_NG_chg,충전,NG,768,1,1,1,1,18.775,126.5708
Test08_NG_chg,충전,NG,769,1,1,1,1,18.1219,124.9871
Test08_NG_chg,충전,NG,770,1,1,1,1,17.8365,123.9464
Test08_NG_chg,충전,NG,771,1,1,1,1,17.9596,123.9545
Test08_NG_chg,충전,NG,772,1,1,1,1,17.841,122.9445
Test08_NG_chg,충전,NG,773,1,1,1,1,18.8137,126.3911
Test08_NG_chg,충전,NG,774,1,1,1,1,16.9116,137.6396
Test08_NG_chg,충전,NG,775,1,1,1,1,15.5649,201.3681
Test08_NG_chg,충전,NG,776,1,1,1,1,20.3041,135.7052
Test08_NG_chg,충전,NG,777,1,1,1,1,19.6384,135.4462
Test08_NG_chg,충전,NG,778,1,1,1,1,18.9747,132.4163
Test08_NG_chg,충전,NG,779,1,1,1,1,18.6282,131.668
Test08_NG_chg,충전,NG,780,1,1,1,1,19.2609,133.0091
Test08_NG_chg,충전,NG,781,1,1,1,1,16.2745,205.1869
Test08_NG_chg,충전,NG,782,1,1,1,1,16.1885,202.4301
Test08_NG_chg,충전,NG,783,1,1,1,1,18.6439,130.7933
Test08_NG_chg,충전,NG,784,1,1,1,1,19.4744,132.0992
Test08_NG_chg,충전,NG,785,1,1,1,1,16.4581,203.1211
Test08_NG_chg,충전,NG,786,1,1,1,1,16.2752,199.532
Test08_NG_chg,충전,NG,787,1,1,1,1,14.676,191.3049
Test08_NG_chg,충전,NG,788,1,1,1,1,18.4991,125.8017
Test08_NG_chg,충전,NG,789,1,1,1,1,14.8728,194.2205
Test08_NG_chg,충전,NG,790,1,1,1,1,14.8698,193.4255
Test08_NG_chg,충전,NG,791,1,1,1,1,18.1678,125.5468
Test08_NG_chg,충전,NG,792,1,1,1,1,17.4762,139.6382
Test08_NG_chg,충전,NG,793,1,1,1,1,19.1956,134.127
Test08_NG_chg,충전,NG,794,1,1,1,1,18.7629,131.6518
Test08_NG_chg,충전,NG,795,1,1,1,1,19.2043,131.7301
Test08_NG_chg,충전,NG,796,1,1,1,1,19.3806,134.116
Test08_NG_chg,충전,NG,797,1,1,1,1,19.2644,132.4747
Test08_NG_chg,충전,NG,798,1,1,1,1,18.9717,130.9352
Test08_NG_chg,충전,NG,799,1,1,1,1,15.9401,199.7446
Test08_NG_chg,충전,NG,800,1,1,1,1,18.2082,125.7444
Test08_NG_chg,충전,NG,801,1,1,1,1,14.7934,190.55
Test08_NG_chg,충전,NG,802,1,1,1,1,18.2614,124.5027
Test08_NG_chg,충전,NG,803,1,1,1,1,14.9271,192.4802
Test08_NG_chg,충전,NG,804,1,1,1,1,14.982,193.6889
Test08_NG_chg,충전,NG,805,1,1,1,1,18.7311,127.4888
Test08_NG_chg,충전,NG,806,1,1,1,1,14.6518,191.2068
Test08_NG_chg,충전,NG,807,1,1,1,1,18.6221,125.9302
Test08_NG_chg,충전,NG,808,1,1,1,1,14.5764,189.2896
Test08_NG_chg,충전,NG,809,1,1,1,1,18.1504,125.445
Test08_NG_chg,충전,NG,810,1,1,1,1,15.6864,134.6927
Test08_NG_chg,충전,NG,811,1,1,1,1,15.7106,204.6583
Test08_NG_chg,충전,NG,812,1,1,1,1,19.4807,134.0556
Test08_NG_chg,충전,NG,813,1,1,1,1,18.9103,131.8062
Test08_NG_chg,충전,NG,814,1,1,1,1,15.5959,200.9313
Test08_NG_chg,충전,NG,815,1,1,1,1,15.7604,202.153
Test08_NG_chg,충전,NG,816,1,1,1,1,18.8829,131.5105
Test08_NG_chg,충전,NG,817,1,1,1,1,15.8893,198.0738
Test08_NG_chg,충전,NG,818,1,1,1,1,19.3273,131.0177
Test08_NG_chg,충전,NG,819,1,1,1,1,18.5007,125.1079
Test08_NG_chg,충전,NG,820,1,1,1,1,15.1252,192.5845
Test08_NG_chg,충전,NG,821,1,1,1,1,18.1309,123.5491
Test08_NG_chg,충전,NG,822,1,1,1,1,18.4507,125.7981
Test08_NG_chg,충전,NG,823,1,1,1,1,14.7164,190.2899
Test08_NG_chg,충전,NG,824,1,1,1,1,18.2537,123.8759
Test08_NG_chg,충전,NG,825,1,1,1,1,18.2399,124.7745
Test08_NG_chg,충전,NG,826,1,1,1,1,18.3743,124.0582
Test08_NG_chg,충전,NG,827,1,1,1,1,17.6183,121.9832
Test08_NG_chg,충전,NG,828,1,1,1,1,18.6015,125.207
Test08_NG_chg,충전,NG,829,1,1,1,1,14.9676,192.4035
Test08_NG_chg,충전,NG,830,1,1,1,1,14.2077,201.11
Test08_NG_chg,충전,NG,831,1,1,1,1,19.3471,134.5601
Test08_NG_chg,충전,NG,832,1,1,1,1,19.557,134.1461
Test08_NG_chg,충전,NG,833,1,1,1,1,18.6265,132.1954
Test08_NG_chg,충전,NG,834,1,1,1,1,16.0957,203.9409
Test08_NG_chg,충전,NG,835,1,1,1,1,19.4062,131.8016
Test08_NG_chg,충전,NG,836,1,1,1,1,15.97,202.5058
Test08_NG_chg,충전,NG,837,1,1,1,1,17.9615,124.4653
Test08_NG_chg,충전,NG,838,1,1,1,1,19.415,129.7532
Test08_NG_chg,충전,NG,839,1,1,1,1,17.5525,123.2155
Test08_NG_chg,충전,NG,840,1,1,1,1,17.8826,122.8189
Test08_NG_chg,충전,NG,841,1,1,1,1,18.3978,124.7855
Test08_NG_chg,충전,NG,842,1,1,1,1,17.9583,123.3708
Test08_NG_chg,충전,NG,843,1,1,1,1,17.9949,123.5631
Test08_NG_chg,충전,NG,844,1,1,1,1,18.1998,123.3477
Test08_NG_chg,충전,NG,845,1,1,1,1,18.7488,125.605
Test08_NG_chg,충전,NG,846,1,1,1,1,18.3892,125.2099
Test08_NG_chg,충전,NG,847,1,1,1,1,17.9132,122.5706
Test08_NG_chg,충전,NG,848,1,1,1,1,18.3466,123.7981
Test08_NG_chg,충전,NG,849,1,1,1,1,18.8691,125.9234
Test08_NG_chg,충전,NG,850,1,1,1,1,16.7124,136.678
Test08_NG_chg,충전,NG,851,1,1,1,1,15.6888,200.4773
Test08_NG_chg,충전,NG,852,1,1,1,1,18.8605,131.2307
Test08_NG_chg,충전,NG,853,1,1,1,1,15.9797,204.0808
Test08_NG_chg,충전,NG,854,1,1,1,1,19.8678,132.5993
Test08_NG_chg,충전,NG,855,1,1,1,1,19.8259,133.5665
Test08_NG_chg,충전,NG,856,1,1,1,1,14.6412,191.5946
Test08_NG_chg,충전,NG,857,1,1,1,1,18.1709,124.6367
Test08_NG_chg,충전,NG,858,1,1,1,1,14.7064,192.0979
Test08_NG_chg,충전,NG,859,1,1,1,1,14.7025,191.8602
Test08_NG_chg,충전,NG,860,1,1,1,1,15.4493,275.8719
Test08_NG_chg,충전,NG,861,1,1,1,1,17.8128,123.8711
Test08_NG_chg,충전,NG,862,1,1,1,1,14.8613,191.8333
Test08_NG_chg,충전,NG,863,1,1,1,1,17.376,122.0271
Test08_NG_chg,충전,NG,864,1,1,1,1,14.4824,190.9826
Test08_NG_chg,충전,NG,865,1,1,1,1,18.1824,124.1119
Test08_NG_chg,충전,NG,866,1,1,1,1,18.3506,143.3886
Test08_NG_chg,충전,NG,867,1,1,1,1,18.1966,131.6313
Test08_NG_chg,충전,NG,868,1,1,1,1,18.7458,132.25
Test08_NG_chg,충전,NG,869,1,1,1,1,15.5237,201.3457
Test08_NG_chg,충전,NG,870,1,1,1,1,20.6899,135.6771
Test08_NG_chg,충전,NG,871,1,1,1,1,18.4823,129.5051
Test08_NG_chg,충전,NG,872,1,1,1,1,19.8359,133.7876
Test08_NG_chg,충전,NG,873,1,1,1,1,19.7574,132.7779
Test08_NG_chg,충전,NG,874,1,1,1,1,20.1318,132.5328
Test08_NG_chg,충전,NG,875,1,1,1,1,19.5685,129.803
Test08_NG_chg,충전,NG,876,1,1,1,1,19.3788,129.7495
Test08_NG_chg,충전,NG,877,1,1,1,1,14.8132,191.0201
Test08_NG_chg,충전,NG,878,1,1,1,1,15.4216,275.8289
Test08_NG_chg,충전,NG,879,1,1,1,1,18.5176,124.9648
Test08_NG_chg,충전,NG,880,1,1,1,1,18.6366,124.3762
Test08_NG_chg,충전,NG,881,1,1,1,1,18.637,126.2439
Test08_NG_chg,충전,NG,882,1,1,1,1,15.1723,277.3956
Test08_NG_chg,충전,NG,883,1,1,1,1,17.9892,124.9906
Test08_NG_chg,충전,NG,884,1,1,1,1,18.0475,123.7274
Test08_NG_chg,충전,NG,885,1,1,1,1,18.6454,125.7207
Test08_NG_chg,충전,NG,886,1,1,1,1,16.7542,136.3954
Test08_NG_chg,충전,NG,887,1,1,1,1,15.6219,199.4584
Test08_NG_chg,충전,NG,888,1,1,1,1,19.5334,134.1174
Test08_NG_chg,충전,NG,889,1,1,1,1,18.8023,131.1892
Test08_NG_chg,충전,NG,890,1,1,1,1,19.4433,132.0338
Test08_NG_chg,충전,NG,891,1,1,1,1,14.1714,192.048
Test08_NG_chg,충전,NG,892,1,1,1,1,18.6162,127.5698
Test08_NG_chg,충전,NG,893,1,1,1,1,14.2912,192.2749
Test08_NG_chg,충전,NG,894,1,1,1,1,18.2572,126.6173
Test08_NG_chg,충전,NG,895,1,1,1,1,18.0491,123.8383
Test08_NG_chg,충전,NG,896,1,1,1,1,14.6927,194.9063
Test08_NG_chg,충전,NG,897,1,1,1,1,17.9743,124.738
Test08_NG_chg,충전,NG,898,1,1,1,1,18.0975,124.5391
Test08_NG_chg,충전,NG,899,1,1,1,1,14.58,191.3307
Test08_NG_chg,충전,NG,900,1,1,1,1,19.03,127.1003
Test08_NG_chg,충전,NG,901,1,1,1,1,22.7394,70.6567
Test08_NG_chg,충전,NG,902,1,1,1,1,14.5535,192.5626
Test08_NG_chg,충전,NG,903,1,1,1,1,17.8335,123.6272
Test08_NG_chg,충전,NG,904,1,1,1,1,18.2741,126.8235
Test08_NG_chg,충전,NG,905,1,1,1,1,14.6831,190.9753
Test08_NG_chg,충전,NG,906,1,1,1,1,17.6362,121.5523
Test08_NG_chg,충전,NG,907,1,1,1,1,17.2104,137.4458
Test08_NG_chg,충전,NG,908,1,1,1,1,19.7735,135.3735
Test08_NG_chg,충전,NG,909,1,1,1,1,19.4891,133.0985
Test08_NG_chg,충전,NG,910,1,1,1,1,17.8818,126.2506
Test08_NG_chg,충전,NG,911,1,1,1,1,17.7352,125.7804
Test08_NG_chg,충전,NG,912,1,1,1,1,18.1261,126.2217
Test08_NG_chg,충전,NG,913,1,1,1,1,14.4085,192.5255
Test08_NG_chg,충전,NG,914,1,1,1,1,17.3851,123.4549
Test08_NG_chg,충전,NG,915,1,1,1,1,17.6408,125.2588
Test08_NG_chg,충전,NG,916,1,1,1,1,18.0304,125.0591
Test08_NG_chg,충전,NG,917,1,1,1,1,17.3376,123.252
Test08_NG_chg,충전,NG,918,1,1,1,1,18.5678,125.782
Test08_NG_chg,충전,NG,919,1,1,1,1,14.547,191.8069
Test08_NG_chg,충전,NG,920,1,1,1,1,18.4999,126.5477
Test08_NG_chg,충전,NG,921,1,1,1,1,17.7924,123.9481
Test08_NG_chg,충전,NG,922,1,1,1,1,17.3148,123.0741
Test08_NG_chg,충전,NG,923,1,1,1,1,14.5375,188.5919
Test08_NG_chg,충전,NG,924,1,1,1,1,18.2041,123.9866
Test08_NG_chg,충전,NG,925,1,1,1,1,17.4068,121.725
Test08_NG_chg,충전,NG,926,1,1,1,1,17.4928,121.1902
Test08_NG_chg,충전,NG,927,1,1,1,1,18.9048,124.4391
Test08_NG_chg,충전,NG,928,1,1,1,1,16.6697,135.5876
Test08_NG_chg,충전,NG,929,1,1,1,1,18.8675,130.5314
Test08_NG_chg,충전,NG,930,1,1,1,1,15.9035,204.0138
Test08_NG_chg,충전,NG,931,1,1,1,1,17.3704,123.2974
Test08_NG_chg,충전,NG,932,1,1,1,1,22.7354,70.3723
Test08_NG_chg,충전,NG,933,1,1,1,1,18.9256,126.7574
Test08_NG_chg,충전,NG,934,1,1,1,1,14.7826,193.3375
Test08_NG_chg,충전,NG,935,1,1,1,1,17.5863,123.8111
Test08_NG_chg,충전,NG,936,1,1,1,1,18.1788,125.9539
Test08_NG_chg,충전,NG,937,1,1,1,1,18.5318,126.3535
Test08_NG_chg,충전,NG,938,1,1,1,1,18.0277,126.0962
Test08_NG_chg,충전,NG,939,1,1,1,1,17.7472,124.5927
Test08_NG_chg,충전,NG,940,1,1,1,1,17.9609,126.359
Test08_NG_chg,충전,NG,941,1,1,1,1,18.03,125.5068
Test08_NG_chg,충전,NG,942,1,1,1,1,14.6565,189.3593
Test08_NG_chg,충전,NG,943,1,1,1,1,18.1886,125.6318
Test08_NG_chg,충전,NG,944,1,1,1,1,14.6264,191.4264
Test08_NG_chg,충전,NG,945,1,1,1,1,15.1337,192.0752
Test08_NG_chg,충전,NG,946,1,1,1,1,14.8512,189.2059
Test08_NG_chg,충전,NG,947,1,1,1,1,19.1471,125.7328
Test08_NG_chg,충전,NG,948,1,1,1,1,14.9317,189.4772
Test08_NG_chg,충전,NG,949,1,1,1,1,16.2421,134.1408
Test08_NG_chg,충전,NG,950,1,1,1,1,20.1971,134.6675
Test08_NG_chg,충전,NG,951,1,1,1,1,15.4518,200.3732
Test08_NG_chg,충전,NG,952,1,1,1,1,18.1272,125.3856
Test08_NG_chg,충전,NG,953,1,1,1,1,17.1924,125.5181
Test08_NG_chg,충전,NG,954,1,1,1,1,19.0342,127.8975
Test08_NG_chg,충전,NG,955,1,1,1,1,18.5081,126.6732
Test08_NG_chg,충전,NG,956,1,1,1,1,14.5138,193.0332
Test08_NG_chg,충전,NG,957,1,1,1,1,14.5185,191.5725
Test08_NG_chg,충전,NG,958,1,1,1,1,17.7075,124.7955
Test08_NG_chg,충전,NG,959,1,1,1,1,14.318,190.8111
Test08_NG_chg,충전,NG,960,1,1,1,1,14.4585,191.8294
Test08_NG_chg,충전,NG,961,1,1,1,1,14.7769,194.0321
Test08_NG_chg,충전,NG,962,1,1,1,1,17.5858,125.5303
Test08_NG_chg,충전,NG,963,1,1,1,1,18.5473,126.0512
Test08_NG_chg,충전,NG,964,1,1,1,1,17.4303,124.1169
Test08_NG_chg,충전,NG,965,1,1,1,1,14.4684,189.1199
Test08_NG_chg,충전,NG,966,1,1,1,1,17.6105,122.5208
Test08_NG_chg,충전,NG,967,1,1,1,1,17.8274,121.7715
Test08_NG_chg,충전,NG,968,1,1,1,1,18.044,122.0093
Test08_NG_chg,충전,NG,969,1,1,1,1,14.933,188.927
Test08_NG_chg,충전,NG,970,1,1,1,1,18.0593,140.0096
Test08_NG_chg,충전,NG,971,1,1,1,1,15.8063,203.3194
Test08_NG_chg,충전,NG,972,1,1,1,1,17.7306,125.1218
Test08_NG_chg,충전,NG,973,1,1,1,1,14.3827,192.0467
Test08_NG_chg,충전,NG,974,1,1,1,1,14.4314,193.7413
Test08_NG_chg,충전,NG,975,1,1,1,1,14.4486,195.2145
Test08_NG_chg,충전,NG,976,1,1,1,1,16.9978,122.0518
Test08_NG_chg,충전,NG,977,1,1,1,1,18.6618,127.9401
Test08_NG_chg,충전,NG,978,1,1,1,1,17.3002,123.9062
Test08_NG_chg,충전,NG,979,1,1,1,1,14.3207,193.2818
Test08_NG_chg,충전,NG,980,1,1,1,1,17.0787,124.1124
Test08_NG_chg,충전,NG,981,1,1,1,1,17.004,122.0299
Test08_NG_chg,충전,NG,982,1,1,1,1,14.3304,189.9462
Test08_NG_chg,충전,NG,983,1,1,1,1,18.5917,126.2427
Test08_NG_chg,충전,NG,984,1,1,1,1,14.5461,192.4014
Test08_NG_chg,충전,NG,985,1,1,1,1,17.3284,122.675
Test08_NG_chg,충전,NG,986,1,1,1,1,14.6376,190.1537
Test08_NG_chg,충전,NG,987,1,1,1,1,16.873,117.439
Test08_NG_chg,충전,NG,988,1,1,1,1,12.8571,193.3216
Test08_NG_chg,충전,NG,989,1,1,1,1,14.1734,192.3179
Test08_NG_chg,충전,NG,990,1,1,1,1,16.856,123.5845
Test08_NG_chg,충전,NG,991,1,1,1,1,18.4911,126.7095
Test08_NG_chg,충전,NG,992,1,1,1,1,14.095,193.6641
Test08_NG_chg,충전,NG,993,1,1,1,1,14.551,194.2804
Test08_NG_chg,충전,NG,994,1,1,1,1,17.136,123.5408
Test08_NG_chg,충전,NG,995,1,1,1,1,13.9246,193.7454
Test08_NG_chg,충전,NG,996,1,1,1,1,14.3306,195.2424
Test08_NG_chg,충전,NG,997,1,1,1,1,17.3908,126.1728
Test08_NG_chg,충전,NG,998,1,1,1,1,18.0352,125.1944
Test08_NG_chg,충전,NG,999,1,1,1,1,14.1927,191.9303
Test08_NG_chg,충전,NG,1000,1,1,1,1,14.304,191.3955
Test08_NG_chg,충전,NG,1001,1,1,1,1,14.3474,192.6858
Test08_NG_chg,충전,NG,1002,1,1,1,1,17.9783,124.4298
Test08_NG_chg,충전,NG,1003,1,1,1,1,14.5342,190.9115
Test08_NG_chg,충전,NG,1004,1,1,1,1,17.333,122.4064
Test08_NG_chg,충전,NG,1005,1,1,1,1,14.4542,188.9567
Test08_NG_chg,충전,NG,1006,1,1,1,1,14.5795,190.2241
Test08_NG_chg,충전,NG,1007,1,1,1,1,15.0084,191.7117
Test08_NG_chg,충전,NG,1008,1,1,1,1,15.9127,133.6167
Test08_NG_chg,충전,NG,1009,1,1,1,1,14.0607,190.6542
Test08_NG_chg,충전,NG,1010,1,1,1,1,17.3321,124.6441
Test08_NG_chg,충전,NG,1011,1,1,1,1,14.5743,194.3012
Test08_NG_chg,충전,NG,1012,1,1,1,1,14.4932,193.371
Test08_NG_chg,충전,NG,1013,1,1,1,1,17.1763,123.6084
Test08_NG_chg,충전,NG,1014,1,1,1,1,16.8746,124.3791
Test08_NG_chg,충전,NG,1015,1,1,1,1,16.6888,123.0106
Test08_NG_chg,충전,NG,1016,1,1,1,1,22.5446,71.6438
Test08_NG_chg,충전,NG,1017,1,1,1,1,16.8405,122.9127
Test08_NG_chg,충전,NG,1018,1,1,1,1,17.0839,124.555
Test08_NG_chg,충전,NG,1019,1,1,1,1,14.2592,193.124
Test08_NG_chg,충전,NG,1020,1,1,1,1,14.4958,195.0847
Test08_NG_chg,충전,NG,1021,1,1,1,1,14.3238,193.5009
Test08_NG_chg,충전,NG,1022,1,1,1,1,18.8929,127.4798
Test08_NG_chg,충전,NG,1023,1,1,1,1,17.141,122.6561
Test08_NG_chg,충전,NG,1024,1,1,1,1,14.6312,192.0054
Test08_NG_chg,충전,NG,1025,1,1,1,1,14.5885,191.6449
Test08_NG_chg,충전,NG,1026,1,1,1,1,18.5794,126.1118
Test08_NG_chg,충전,NG,1027,1,1,1,1,14.6442,191.282
Test08_NG_chg,충전,NG,1028,1,1,1,1,13.1523,183.0844
Test08_NG_chg,충전,NG,1029,1,1,1,1,16.1613,135.4436
Test08_NG_chg,충전,NG,1030,1,1,1,1,14.2243,193.5719
Test08_NG_chg,충전,NG,1031,1,1,1,1,14.2504,191.3148
Test08_NG_chg,충전,NG,1032,1,1,1,1,17.0984,123.0645
Test08_NG_chg,충전,NG,1033,1,1,1,1,14.1825,190.1766
Test08_NG_chg,충전,NG,1034,1,1,1,1,18.0042,126.3351
Test08_NG_chg,충전,NG,1035,1,1,1,1,14.4546,193.996
Test08_NG_chg,충전,NG,1036,1,1,1,1,17.0802,122.9886
Test08_NG_chg,충전,NG,1037,1,1,1,1,14.188,192.9225
Test08_NG_chg,충전,NG,1038,1,1,1,1,17.058,123.6771
Test08_NG_chg,충전,NG,1039,1,1,1,1,17.299,125.6952
Test08_NG_chg,충전,NG,1040,1,1,1,1,14.0272,191.2285
Test08_NG_chg,충전,NG,1041,1,1,1,1,16.9383,124.1415
Test08_NG_chg,충전,NG,1042,1,1,1,1,17.4591,124.6548
Test08_NG_chg,충전,NG,1043,1,1,1,1,17.1202,123.1679
Test08_NG_chg,충전,NG,1044,1,1,1,1,14.3944,192.8951
Test08_NG_chg,충전,NG,1045,1,1,1,1,14.6305,191.7285
Test08_NG_chg,충전,NG,1046,1,1,1,1,14.6568,192.23
Test08_NG_chg,충전,NG,1047,1,1,1,1,14.8673,190.8547
Test08_NG_chg,충전,NG,1048,1,1,1,1,17.6778,121.3072
Test08_NG_chg,충전,NG,1049,1,1,1,1,17.7677,121.895
Test08_NG_chg,충전,NG,1050,1,1,1,1,16.0222,134.9344
Test08_NG_chg,충전,NG,1051,1,1,1,1,15.6907,200.0219
Test08_NG_chg,충전,NG,1052,1,1,1,1,14.301,191.1726
Test08_NG_chg,충전,NG,1053,1,1,1,1,14.4277,191.7428
Test08_NG_chg,충전,NG,1054,1,1,1,1,14.381,191.5425
Test08_NG_chg,충전,NG,1055,1,1,1,1,14.5705,191.4961
Test08_NG_chg,충전,NG,1056,1,1,1,1,17.9274,124.9298
Test08_NG_chg,충전,NG,1057,1,1,1,1,16.8883,123.2818
Test08_NG_chg,충전,NG,1058,1,1,1,1,14.3214,192.0409
Test08_NG_chg,충전,NG,1059,1,1,1,1,14.3746,193.1905
Test08_NG_chg,충전,NG,1060,1,1,1,1,14.0319,192.5406
Test08_NG_chg,충전,NG,1061,1,1,1,1,14.0496,192.1854
Test08_NG_chg,충전,NG,1062,1,1,1,1,17.9456,126.5631
Test08_NG_chg,충전,NG,1063,1,1,1,1,16.714,124.7574
Test08_NG_chg,충전,NG,1064,1,1,1,1,16.9544,122.8231
Test08_NG_chg,충전,NG,1065,1,1,1,1,16.5807,123.3679
Test08_NG_chg,충전,NG,1066,1,1,1,1,17.662,124.1272
Test08_NG_chg,충전,NG,1067,1,1,1,1,14.3506,191.5261
Test08_NG_chg,충전,NG,1068,1,1,1,1,17.7901,123.5381
Test08_NG_chg,충전,NG,1069,1,1,1,1,17.5018,121.7332
Test08_NG_chg,충전,NG,1070,1,1,1,1,17.4864,122.1571
Test08_NG_chg,충전,NG,1071,1,1,1,1,14.6924,190.1283
Test08_NG_chg,충전,NG,1072,1,1,1,1,14.6178,188.2104
Test08_NG_chg,충전,NG,1073,1,1,1,1,12.606,193.817
Test08_NG_chg,충전,NG,1074,1,1,1,1,19.1254,133.1353
Test08_NG_chg,충전,NG,1075,1,1,1,1,14.8514,128.179
Test08_NG_chg,충전,NG,1076,1,1,1,1,14.3734,193.3418
Test08_NG_chg,충전,NG,1077,1,1,1,1,14.201,191.9697
Test08_NG_chg,충전,NG,1078,1,1,1,1,16.9721,122.6561
Test08_NG_chg,충전,NG,1079,1,1,1,1,17.6123,124.0787
Test08_NG_chg,충전,NG,1080,1,1,1,1,14.4144,191.4959
Test08_NG_chg,충전,NG,1081,1,1,1,1,14.3674,192.4563
Test08_NG_chg,충전,NG,1082,1,1,1,1,14.302,191.5231
Test08_NG_chg,충전,NG,1083,1,1,1,1,17.3268,125.1914
Test08_NG_chg,충전,NG,1084,1,1,1,1,17.0758,123.3523
Test08_NG_chg,충전,NG,1085,1,1,1,1,16.9351,123.5929
Test08_NG_chg,충전,NG,1086,1,1,1,1,14.476,195.209
Test08_NG_chg,충전,NG,1087,1,1,1,1,16.9607,122.9999
Test08_NG_chg,충전,NG,1088,1,1,1,1,14.4909,192.0955
Test08_NG_chg,충전,NG,1089,1,1,1,1,22.5658,70.1665
Test08_NG_chg,충전,NG,1090,1,1,1,1,13.9275,202.8862
Test08_NG_chg,충전,NG,1091,1,1,1,1,18.0403,130.7002
Test08_NG_chg,충전,NG,1092,1,1,1,1,15.3205,201.6463
Test08_NG_chg,충전,NG,1093,1,1,1,1,18.7806,133.1306
Test08_NG_chg,충전,NG,1094,1,1,1,1,18.0176,127.561
Test08_NG_chg,충전,NG,1095,1,1,1,1,16.44,124.2885
Test08_NG_chg,충전,NG,1096,1,1,1,1,14.0786,195.2606
Test08_NG_chg,충전,NG,1097,1,1,1,1,13.9684,191.9216
Test08_NG_chg,충전,NG,1098,1,1,1,1,16.5688,124.8212
Test08_NG_chg,충전,NG,1099,1,1,1,1,16.723,123.197
Test08_NG_chg,충전,NG,1100,1,1,1,1,16.8342,123.6363
Test08_NG_chg,충전,NG,1101,1,1,1,1,14.1305,191.3076
Test08_NG_chg,충전,NG,1102,1,1,1,1,17.4555,126.7377
Test08_NG_chg,충전,NG,1103,1,1,1,1,16.7615,122.7747
Test08_NG_chg,충전,NG,1104,1,1,1,1,14.2625,190.4883
Test08_NG_chg,충전,NG,1105,1,1,1,1,17.9138,124.8742
Test08_NG_chg,충전,NG,1106,1,1,1,1,14.4624,191.8723
Test08_NG_chg,충전,NG,1107,1,1,1,1,14.7734,190.4279
Test08_NG_chg,충전,NG,1108,1,1,1,1,17.799,123.5174
Test08_NG_chg,충전,NG,1109,1,1,1,1,17.2284,121.4902
Test08_NG_chg,충전,NG,1110,1,1,1,1,17.8056,124.8848
Test08_NG_chg,충전,NG,1111,1,1,1,1,17.605,123.2885
Test08_NG_chg,충전,NG,1112,1,1,1,1,15.8611,135.9812
Test08_NG_chg,충전,NG,1113,1,1,1,1,14.7034,202.6358
Test08_NG_chg,충전,NG,1114,1,1,1,1,14.3672,128.7439
Test08_NG_chg,충전,NG,1115,1,1,1,1,14.0507,193.3208
Test08_NG_chg,충전,NG,1116,1,1,1,1,17.1416,126.8617
Test08_NG_chg,충전,NG,1117,1,1,1,1,17.4647,125.6036
Test08_NG_chg,충전,NG,1118,1,1,1,1,16.6873,124.8467
Test08_NG_chg,충전,NG,1119,1,1,1,1,13.8463,193.7971
Test08_NG_chg,충전,NG,1120,1,1,1,1,16.6004,123.328
Test08_NG_chg,충전,NG,1121,1,1,1,1,16.7924,125.1596
Test08_NG_chg,충전,NG,1122,1,1,1,1,16.9268,124.0332
Test08_NG_chg,충전,NG,1123,1,1,1,1,16.885,124.5924
Test08_NG_chg,충전,NG,1124,1,1,1,1,17.0651,123.8793
Test08_NG_chg,충전,NG,1125,1,1,1,1,16.6957,125.7186
Test08_NG_chg,충전,NG,1126,1,1,1,1,14.019,193.5412
Test08_NG_chg,충전,NG,1127,1,1,1,1,17.5049,125.134
Test08_NG_chg,충전,NG,1128,1,1,1,1,16.9368,123.1199
Test08_NG_chg,충전,NG,1129,1,1,1,1,17.0902,123.2374
Test08_NG_chg,충전,NG,1130,1,1,1,1,14.5048,191.6102
Test08_NG_chg,충전,NG,1131,1,1,1,1,17.2908,123.0628
Test08_NG_chg,충전,NG,1132,1,1,1,1,17.2401,123.4464
Test08_NG_chg,충전,NG,1133,1,1,1,1,16.062,118.825
Test08_NG_chg,충전,NG,1134,1,1,1,1,15.6315,116.8394
Test08_NG_chg,충전,NG,1135,1,1,1,1,15.8513,116.8253
Test08_NG_chg,충전,NG,1136,1,1,1,1,15.5268,115.0161
Test08_NG_chg,충전,NG,1137,1,1,1,1,14.1994,128.963
Test08_NG_chg,충전,NG,1138,1,1,1,1,16.8022,124.7342
Test08_NG_chg,충전,NG,1139,1,1,1,1,16.7739,124.8516
Test08_NG_chg,충전,NG,1140,1,1,1,1,16.4272,123.7767
Test08_NG_chg,충전,NG,1141,1,1,1,1,17.3103,126.8693
Test08_NG_chg,충전,NG,1142,1,1,1,1,14.0764,191.515
Test08_NG_chg,충전,NG,1143,1,1,1,1,16.9151,125.2733
Test08_NG_chg,충전,NG,1144,1,1,1,1,13.9905,191.0968
Test08_NG_chg,충전,NG,1145,1,1,1,1,16.8897,124.9755
Test08_NG_chg,충전,NG,1146,1,1,1,1,17.2862,125.3861
Test08_NG_chg,충전,NG,1147,1,1,1,1,16.8537,123.4732
Test08_NG_chg,충전,NG,1148,1,1,1,1,17.3223,127.6057
Test08_NG_chg,충전,NG,1149,1,1,1,1,22.5766,71.9031
Test08_NG_chg,충전,NG,1150,1,1,1,1,22.6519,71.5594
Test08_NG_chg,충전,NG,1151,1,1,1,1,17.0174,123.3427
Test08_NG_chg,충전,NG,1152,1,1,1,1,17.1736,124.0614
Test08_NG_chg,충전,NG,1153,1,1,1,1,17.1771,123.113
Test08_NG_chg,충전,NG,1154,1,1,1,1,17.2395,122.263
Test08_NG_chg,충전,NG,1155,1,1,1,1,17.0076,121.7134
Test08_NG_chg,충전,NG,1156,1,1,1,1,17.5237,124.4038
Test08_NG_chg,충전,NG,1157,1,1,1,1,15.4577,115.7962
Test08_NG_chg,충전,NG,1158,1,1,1,1,15.696,115.5624
Test08_NG_chg,충전,NG,1159,1,1,1,1,15.7738,115.8904
Test08_NG_chg,충전,NG,1160,1,1,1,1,15.7519,115.553
Test08_NG_chg,충전,NG,1161,1,1,1,1,19.2881,80.4604
Test08_NG_chg,충전,NG,1162,1,1,1,1,16.6954,124.9742
Test08_NG_chg,충전,NG,1163,1,1,1,1,17.0411,124.8164
Test08_NG_chg,충전,NG,1164,1,1,1,1,16.7493,124.5027
Test08_NG_chg,충전,NG,1165,1,1,1,1,16.7198,124.0865
Test08_NG_chg,충전,NG,1166,1,1,1,1,16.8681,124.9629
Test08_NG_chg,충전,NG,1167,1,1,1,1,16.713,123.9814
Test08_NG_chg,충전,NG,1168,1,1,1,1,17.2654,126.9777
Test08_NG_chg,충전,NG,1169,1,1,1,1,16.9818,124.3792
Test08_NG_chg,충전,NG,1170,1,1,1,1,16.7063,124.6733
Test08_NG_chg,충전,NG,1171,1,1,1,1,22.2581,71.6329
Test08_NG_chg,충전,NG,1172,1,1,1,1,17.4182,127.2687
Test08_NG_chg,충전,NG,1173,1,1,1,1,16.7549,124.5288
Test08_NG_chg,충전,NG,1174,1,1,1,1,16.8817,124.9076
Test08_NG_chg,충전,NG,1175,1,1,1,1,16.991,123.985
Test08_NG_chg,충전,NG,1176,1,1,1,1,17.9265,125.9168
Test08_NG_chg,충전,NG,1177,1,1,1,1,17.4224,125.3233
Test08_NG_chg,충전,NG,1178,1,1,1,1,14.3371,191.4476
Test08_NG_chg,충전,NG,1179,1,1,1,1,21.1674,65.9093
Test08_NG_chg,충전,NG,1180,1,1,1,1,15.9117,117.7086
Test08_NG_chg,충전,NG,1181,1,1,1,1,15.4539,116.6587
Test08_NG_chg,충전,NG,1182,1,1,1,1,15.9878,117.6356
Test08_NG_chg,충전,NG,1183,1,1,1,1,16.3895,119.0094
Test08_NG_chg,충전,NG,1184,1,1,1,1,14.4617,129.3681
Test08_NG_chg,충전,NG,1185,1,1,1,1,18.288,132.972
Test08_NG_chg,충전,NG,1186,1,1,1,1,14.2502,127.7178
Test08_NG_chg,충전,NG,1187,1,1,1,1,17.068,127.0064
Test08_NG_chg,충전,NG,1188,1,1,1,1,16.8386,125.0494
Test08_NG_chg,충전,NG,1189,1,1,1,1,16.7179,126.0524
Test08_NG_chg,충전,NG,1190,1,1,1,1,17.383,126.8621
Test08_NG_chg,충전,NG,1191,1,1,1,1,16.4551,124.8906
Test08_NG_chg,충전,NG,1192,1,1,1,1,22.5791,72.3706
Test08_NG_chg,충전,NG,1193,1,1,1,1,17.0309,124.0568
Test08_NG_chg,충전,NG,1194,1,1,1,1,22.5341,72.5858
Test08_NG_chg,충전,NG,1195,1,1,1,1,16.6886,123.5369
Test08_NG_chg,충전,NG,1196,1,1,1,1,16.854,124.0677
Test08_NG_chg,충전,NG,1197,1,1,1,1,17.2746,125.6997
Test08_NG_chg,충전,NG,1198,1,1,1,1,17.005,123.4141
Test08_NG_chg,충전,NG,1199,1,1,1,1,22.7051,71.7688
Test08_NG_chg,충전,NG,1200,1,1,1,1,17.5286,126.5604
Test08_NG_chg,충전,NG,1201,1,1,1,1,15.6217,117.4146
Test08_NG_chg,충전,NG,1202,1,1,1,1,15.6185,116.4998
Test08_NG_chg,충전,NG,1203,1,1,1,1,15.5739,116.4697
Test08_NG_chg,충전,NG,1204,1,1,1,1,15.8294,117.963
Test08_NG_chg,충전,NG,1205,1,1,1,1,15.8127,118.0248
Test08_NG_chg,충전,NG,1206,1,1,1,1,15.8337,117.6969
Test08_NG_chg,충전,NG,1207,1,1,1,1,19.0588,80.8511
Test08_NG_chg,충전,NG,1208,1,1,1,1,16.8716,126.8299
Test08_NG_chg,충전,NG,1209,1,1,1,1,16.522,126.0764
Test08_NG_chg,충전,NG,1210,1,1,1,1,17.2026,125.2037
Test08_NG_chg,충전,NG,1211,1,1,1,1,16.7835,126.324
Test08_NG_chg,충전,NG,1212,1,1,1,1,16.6779,125.3664
Test08_NG_chg,충전,NG,1213,1,1,1,1,16.4735,126.2813
Test08_NG_chg,충전,NG,1214,1,1,1,1,17.0269,125.3229
Test08_NG_chg,충전,NG,1215,1,1,1,1,16.4473,125.5862
Test08_NG_chg,충전,NG,1216,1,1,1,1,17.0555,126.662
Test08_NG_chg,충전,NG,1217,1,1,1,1,15.4007,119.0234
Test08_NG_chg,충전,NG,1218,1,1,1,1,15.6499,120.1366
Test08_NG_chg,충전,NG,1219,1,1,1,1,20.8714,68.424
Test08_NG_chg,충전,NG,1220,1,1,1,1,15.2865,118.4014
Test08_NG_chg,충전,NG,1221,1,1,1,1,15.3126,119.0815
Test08_NG_chg,충전,NG,1222,1,1,1,1,15.7523,119.425
Test08_NG_chg,충전,NG,1223,1,1,1,1,15.2476,117.5508
Test08_NG_chg,충전,NG,1224,1,1,1,1,15.7923,117.6963
Test08_NG_chg,충전,NG,1225,1,1,1,1,15.174,117.5422
Test08_NG_chg,충전,NG,1226,1,1,1,1,14.3583,131.0629
Test08_NG_chg,충전,NG,1227,1,1,1,1,16.309,125.9097
Test08_NG_chg,충전,NG,1228,1,1,1,1,16.4446,125.9304
Test08_NG_chg,충전,NG,1229,1,1,1,1,17.029,127.3028
Test08_NG_chg,충전,NG,1230,1,1,1,1,16.5124,125.7347
Test08_NG_chg,충전,NG,1231,1,1,1,1,16.6336,125.0218
Test08_NG_chg,충전,NG,1232,1,1,1,1,22.3783,72.5378
Test08_NG_chg,충전,NG,1233,1,1,1,1,16.6542,125.524
Test08_NG_chg,충전,NG,1234,1,1,1,1,16.5957,124.9833
Test08_NG_chg,충전,NG,1235,1,1,1,1,16.5583,124.1871
Test08_NG_chg,충전,NG,1236,1,1,1,1,22.4363,72.5122
Test08_NG_chg,충전,NG,1237,1,1,1,1,17.1393,126.9965
Test08_NG_chg,충전,NG,1238,1,1,1,1,16.7098,125.19
Test08_NG_chg,충전,NG,1239,1,1,1,1,16.9297,125.413
Test08_NG_chg,충전,NG,1240,1,1,1,1,22.0377,72.0679
Test08_NG_chg,충전,NG,1241,1,1,1,1,15.47,118.8404
Test08_NG_chg,충전,NG,1242,1,1,1,1,15.1758,118.1467
Test08_NG_chg,충전,NG,1243,1,1,1,1,22.5661,72.0111
Test08_NG_chg,충전,NG,1244,1,1,1,1,15.6466,118.3207
Test08_NG_chg,충전,NG,1245,1,1,1,1,15.8213,119.3246
Test08_NG_chg,충전,NG,1246,1,1,1,1,15.2283,118.1031
Test08_NG_chg,충전,NG,1247,1,1,1,1,15.5939,119.0417
Test08_NG_chg,충전,NG,1248,1,1,1,1,15.6394,118.6377
Test08_NG_chg,충전,NG,1249,1,1,1,1,15.3082,118.0558
Test08_NG_chg,충전,NG,1250,1,1,1,1,15.486,116.6262
Test08_NG_chg,충전,NG,1251,1,1,1,1,14.1939,130.4267
Test08_NG_chg,충전,NG,1252,1,1,1,1,16.9975,128.2501
Test08_NG_chg,충전,NG,1253,1,1,1,1,16.6938,127.1603
Test08_NG_chg,충전,NG,1254,1,1,1,1,16.1925,126.6282
Test08_NG_chg,충전,NG,1255,1,1,1,1,16.6729,126.2647
Test08_NG_chg,충전,NG,1256,1,1,1,1,16.6526,126.0293
Test08_NG_chg,충전,NG,1257,1,1,1,1,17.3891,128.6511
Test08_NG_chg,충전,NG,1258,1,1,1,1,16.7476,126.9138
Test08_NG_chg,충전,NG,1259,1,1,1,1,17.1673,126.2793
Test08_NG_chg,충전,NG,1260,1,1,1,1,22.1886,72.6474
Test08_NG_chg,충전,NG,1261,1,1,1,1,16.9169,126.165
Test08_NG_chg,충전,NG,1262,1,1,1,1,16.7977,126.317
Test08_NG_chg,충전,NG,1263,1,1,1,1,17.134,126.5441
Test08_NG_chg,충전,NG,1264,1,1,1,1,16.9759,127.0702
Test08_NG_chg,충전,NG,1265,1,1,1,1,16.4691,124.9822
Test08_NG_chg,충전,NG,1266,1,1,1,1,15.4402,120.1173
Test08_NG_chg,충전,NG,1267,1,1,1,1,15.5226,119.1833
Test08_NG_chg,충전,NG,1268,1,1,1,1,20.8748,67.3021
Test08_NG_chg,충전,NG,1269,1,1,1,1,15.4592,119.2438
Test08_NG_chg,충전,NG,1270,1,1,1,1,15.4693,119.0477
Test08_NG_chg,충전,NG,1271,1,1,1,1,15.5761,119.4502
Test08_NG_chg,충전,NG,1272,1,1,1,1,15.6608,117.9243
Test08_NG_chg,충전,NG,1273,1,1,1,1,16.0502,119.8992
Test08_NG_chg,충전,NG,1274,1,1,1,1,15.3645,117.0511
Test08_NG_chg,충전,NG,1275,1,1,1,1,14.0967,131.8841
Test08_NG_chg,충전,NG,1276,1,1,1,1,16.5062,126.5758
Test08_NG_chg,충전,NG,1277,1,1,1,1,16.5299,126.0858
Test08_NG_chg,충전,NG,1278,1,1,1,1,16.6088,125.8972
Test08_NG_chg,충전,NG,1279,1,1,1,1,16.9531,128.7113
Test08_NG_chg,충전,NG,1280,1,1,1,1,16.2371,124.8473
Test08_NG_chg,충전,NG,1281,1,1,1,1,16.8303,127.0843
Test08_NG_chg,충전,NG,1282,1,1,1,1,16.7889,126.9851
Test08_NG_chg,충전,NG,1283,1,1,1,1,16.7281,127.1316
Test08_NG_chg,충전,NG,1284,1,1,1,1,16.8362,127.3331
Test08_NG_chg,충전,NG,1285,1,1,1,1,17.0822,127.1953
Test08_NG_chg,충전,NG,1286,1,1,1,1,16.3316,125.5682
Test08_NG_chg,충전,NG,1287,1,1,1,1,16.9853,127.2336
Test08_NG_chg,충전,NG,1288,1,1,1,1,16.5137,126.3392
Test08_NG_chg,충전,NG,1289,1,1,1,1,15.1512,120.6504
Test08_NG_chg,충전,NG,1290,1,1,1,1,20.7718,68.3569
Test08_NG_chg,충전,NG,1291,1,1,1,1,16.1,120.6295
Test08_NG_chg,충전,NG,1292,1,1,1,1,14.4959,133.1619
Test08_NG_chg,충전,NG,1293,1,1,1,1,16.1625,127.368
Test08_NG_chg,충전,NG,1294,1,1,1,1,17.6944,134.4602
Test08_NG_chg,충전,NG,1295,1,1,1,1,14.604,133.5584
Test08_NG_chg,충전,NG,1296,1,1,1,1,16.9048,128.7168
Test08_NG_chg,충전,NG,1297,1,1,1,1,16.7596,127.7749
Test08_NG_chg,충전,NG,1298,1,1,1,1,16.4311,127.169
Test08_NG_chg,충전,NG,1299,1,1,1,1,16.4777,127.1487
Test08_NG_chg,충전,NG,1300,1,1,1,1,16.4187,127.5825
Test08_NG_chg,충전,NG,1301,1,1,1,1,16.65,127.4743
Test08_NG_chg,충전,NG,1302,1,1,1,1,16.555,127.8879
Test08_NG_chg,충전,NG,1303,1,1,1,1,16.514,126.0605
Test08_NG_chg,충전,NG,1304,1,1,1,1,17.6642,130.1632
Test08_NG_chg,충전,NG,1305,1,1,1,1,17.7477,128.6544
Test08_NG_chg,충전,NG,1306,1,1,1,1,16.9074,128.0839
Test08_NG_chg,충전,NG,1307,1,1,1,1,16.5019,125.9845
Test08_NG_chg,충전,NG,1308,1,1,1,1,17.0365,127.5581
Test08_NG_chg,충전,NG,1309,1,1,1,1,16.8765,126.2696
Test08_NG_chg,충전,NG,1310,1,1,1,1,17.0571,127.7437
Test08_NG_chg,충전,NG,1311,1,1,1,1,16.8075,126.7697
Test08_NG_chg,충전,NG,1312,1,1,1,1,16.8952,127.8825
Test08_NG_chg,충전,NG,1313,1,1,1,1,17.2223,127.5462
Test08_NG_chg,충전,NG,1314,1,1,1,1,15.2279,120.5692
Test08_NG_chg,충전,NG,1315,1,1,1,1,20.8865,67.681
Test08_NG_chg,충전,NG,1316,1,1,1,1,15.5405,119.7532
Test08_NG_chg,충전,NG,1317,1,1,1,1,15.6663,121.6265
Test08_NG_chg,충전,NG,1318,1,1,1,1,15.9394,119.6342
Test08_NG_chg,충전,NG,1319,1,1,1,1,15.4037,119.8262
Test08_NG_chg,충전,NG,1320,1,1,1,1,15.9317,119.0687
Test08_NG_chg,충전,NG,1321,1,1,1,1,13.9841,131.0248
Test08_NG_chg,충전,NG,1322,1,1,1,1,16.3304,128.3521
Test08_NG_chg,충전,NG,1323,1,1,1,1,16.9334,129.5267
Test08_NG_chg,충전,NG,1324,1,1,1,1,16.641,127.3322
Test08_NG_chg,충전,NG,1325,1,1,1,1,22.0678,73.4452
Test08_NG_chg,충전,NG,1326,1,1,1,1,17.2195,129.6201
Test08_NG_chg,충전,NG,1327,1,1,1,1,16.8665,127.036
Test08_NG_chg,충전,NG,1328,1,1,1,1,16.8541,126.6865
Test08_NG_chg,충전,NG,1329,1,1,1,1,22.0071,73.406
Test08_NG_chg,충전,NG,1330,1,1,1,1,16.4172,127.1031
Test08_NG_chg,충전,NG,1331,1,1,1,1,22.2772,73.6658
Test08_NG_chg,충전,NG,1332,1,1,1,1,16.572,127.0874
Test08_NG_chg,충전,NG,1333,1,1,1,1,16.8932,127.0021
Test08_NG_chg,충전,NG,1334,1,1,1,1,17.0415,126.7985
Test08_NG_chg,충전,NG,1335,1,1,1,1,17.3913,128.1417
Test08_NG_chg,충전,NG,1336,1,1,1,1,16.862,126.5777
Test08_NG_chg,충전,NG,1337,1,1,1,1,16.69,126.745
Test08_NG_chg,충전,NG,1338,1,1,1,1,15.7755,122.5217
Test08_NG_chg,충전,NG,1339,1,1,1,1,15.3065,120.914
Test08_NG_chg,충전,NG,1340,1,1,1,1,15.0567,120.6955
Test08_NG_chg,충전,NG,1341,1,1,1,1,15.4619,119.6732
Test08_NG_chg,충전,NG,1342,1,1,1,1,15.8343,119.8838
Test08_NG_chg,충전,NG,1343,1,1,1,1,15.9722,118.9002
Test08_NG_chg,충전,NG,1344,1,1,1,1,15.8469,118.9377
Test08_NG_chg,충전,NG,1345,1,1,1,1,15.9331,118.4133
Test08_NG_chg,충전,NG,1346,1,1,1,1,19.2075,81.8099
Test08_NG_chg,충전,NG,1347,1,1,1,1,16.5277,126.355
Test08_NG_chg,충전,NG,1348,1,1,1,1,16.596,126.2015
Test08_NG_chg,충전,NG,1349,1,1,1,1,17.0098,127.8284
Test08_NG_chg,충전,NG,1350,1,1,1,1,16.9274,127.7529
Test08_NG_chg,충전,NG,1351,1,1,1,1,16.8855,127.4735
Test08_NG_chg,충전,NG,1352,1,1,1,1,16.8476,127.539
Test08_NG_chg,충전,NG,1353,1,1,1,1,16.7174,126.8119
Test08_NG_chg,충전,NG,1354,1,1,1,1,16.9524,126.7568
Test08_NG_chg,충전,NG,1355,1,1,1,1,15.0711,121.6495
Test08_NG_chg,충전,NG,1356,1,1,1,1,14.9718,120.2977
Test08_NG_chg,충전,NG,1357,1,1,1,1,15.2894,123.3761
Test08_NG_chg,충전,NG,1358,1,1,1,1,15.1161,121.0342
Test08_NG_chg,충전,NG,1359,1,1,1,1,15.0234,120.5314
Test08_NG_chg,충전,NG,1360,1,1,1,1,15.3099,120.4036
Test08_NG_chg,충전,NG,1361,1,1,1,1,15.1639,120.9541
Test08_NG_chg,충전,NG,1362,1,1,1,1,15.6116,121.7993
Test08_NG_chg,충전,NG,1363,1,1,1,1,15.2672,119.3318
Test08_NG_chg,충전,NG,1364,1,1,1,1,15.9123,121.6505
Test08_NG_chg,충전,NG,1365,1,1,1,1,15.6251,121.0035
Test08_NG_chg,충전,NG,1366,1,1,1,1,15.3286,119.0397
Test08_NG_chg,충전,NG,1367,1,1,1,1,15.818,121.41
Test08_NG_chg,충전,NG,1368,1,1,1,1,15.5574,121.2566
Test08_NG_chg,충전,NG,1369,1,1,1,1,15.4506,118.7897
Test08_NG_chg,충전,NG,1370,1,1,1,1,16.0701,121.2531
Test08_NG_chg,충전,NG,1371,1,1,1,1,15.6531,118.5929
Test08_NG_chg,충전,NG,1372,1,1,1,1,14.6487,131.4912
Test08_NG_chg,충전,NG,1373,1,1,1,1,16.4122,126.1052
Test08_NG_chg,충전,NG,1374,1,1,1,1,16.604,128.4563
Test08_NG_chg,충전,NG,1375,1,1,1,1,16.9897,128.4987
Test08_NG_chg,충전,NG,1376,1,1,1,1,16.6687,127.5051
Test08_NG_chg,충전,NG,1377,1,1,1,1,16.4669,127.1307
Test08_NG_chg,충전,NG,1378,1,1,1,1,16.5211,128.3553
Test08_NG_chg,충전,NG,1379,1,1,1,1,16.4757,128.1673
Test08_NG_chg,충전,NG,1380,1,1,1,1,15.0047,122.5096
Test08_NG_chg,충전,NG,1381,1,1,1,1,14.9195,122.2803
Test08_NG_chg,충전,NG,1382,1,1,1,1,14.7263,121.511
Test08_NG_chg,충전,NG,1383,1,1,1,1,15.3307,123.3751
Test08_NG_chg,충전,NG,1384,1,1,1,1,14.8237,121.1796
Test08_NG_chg,충전,NG,1385,1,1,1,1,14.8469,121.3199
Test08_NG_chg,충전,NG,1386,1,1,1,1,15.0844,122.0947
Test08_NG_chg,충전,NG,1387,1,1,1,1,15.5835,120.424
Test08_NG_chg,충전,NG,1388,1,1,1,1,15.5122,120.6648
Test08_NG_chg,충전,NG,1389,1,1,1,1,15.2139,119.4435
Test08_NG_chg,충전,NG,1390,1,1,1,1,14.3301,134.3165
Test08_NG_chg,충전,NG,1391,1,1,1,1,16.0508,128.0419
Test08_NG_chg,충전,NG,1392,1,1,1,1,21.3751,74.6779
Test08_NG_chg,충전,NG,1393,1,1,1,1,16.2952,127.9994
Test08_NG_chg,충전,NG,1394,1,1,1,1,22.1527,74.7437
Test08_NG_chg,충전,NG,1395,1,1,1,1,16.7114,128.4139
Test08_NG_chg,충전,NG,1396,1,1,1,1,16.6612,127.989
Test08_NG_chg,충전,NG,1397,1,1,1,1,16.5425,128.0642
Test08_NG_chg,충전,NG,1398,1,1,1,1,16.6266,127.0379
Test08_NG_chg,충전,NG,1399,1,1,1,1,17.2158,129.4498
Test08_NG_chg,충전,NG,1400,1,1,1,1,17.2511,130.2718
Test08_NG_chg,충전,NG,1401,1,1,1,1,17.2728,130.846
Test08_NG_chg,충전,NG,1402,1,1,1,1,15.42,122.4066
Test08_NG_chg,충전,NG,1403,1,1,1,1,16.9551,127.9121
Test08_NG_chg,충전,NG,1404,1,1,1,1,16.6175,127.7976
Test08_NG_chg,충전,NG,1405,1,1,1,1,14.9297,120.5257
Test08_NG_chg,충전,NG,1406,1,1,1,1,15.1576,121.0717
Test08_NG_chg,충전,NG,1407,1,1,1,1,20.5842,69.2894
Test08_NG_chg,충전,NG,1408,1,1,1,1,20.7997,70.1132
Test08_NG_chg,충전,NG,1409,1,1,1,1,20.4718,69.1054
Test08_NG_chg,충전,NG,1410,1,1,1,1,15.6721,121.3141
Test08_NG_chg,충전,NG,1411,1,1,1,1,15.8568,122.2801
Test08_NG_chg,충전,NG,1412,1,1,1,1,15.4265,120.7189
Test08_NG_chg,충전,NG,1413,1,1,1,1,15.9947,120.9281
Test08_NG_chg,충전,NG,1414,1,1,1,1,20.9589,68.3403
Test08_NG_chg,충전,NG,1415,1,1,1,1,15.5924,118.6273
Test08_NG_chg,충전,NG,1416,1,1,1,1,15.7942,120.3539
Test08_NG_chg,충전,NG,1417,1,1,1,1,14.4425,132.9869
Test08_NG_chg,충전,NG,1418,1,1,1,1,16.4469,128.2473
Test08_NG_chg,충전,NG,1419,1,1,1,1,16.3503,128.6473
Test08_NG_chg,충전,NG,1420,1,1,1,1,16.6551,130.093
Test08_NG_chg,충전,NG,1421,1,1,1,1,16.8389,130.256
Test08_NG_chg,충전,NG,1422,1,1,1,1,16.4096,129.4794
Test08_NG_chg,충전,NG,1423,1,1,1,1,16.3899,129.496
Test08_NG_chg,충전,NG,1424,1,1,1,1,16.879,130.8766
Test08_NG_chg,충전,NG,1425,1,1,1,1,15.0786,122.6413
Test08_NG_chg,충전,NG,1426,1,1,1,1,15.0878,122.5904
Test08_NG_chg,충전,NG,1427,1,1,1,1,20.323,70.0348
Test08_NG_chg,충전,NG,1428,1,1,1,1,14.9511,121.0472
Test08_NG_chg,충전,NG,1429,1,1,1,1,15.646,124.546
Test08_NG_chg,충전,NG,1430,1,1,1,1,15.0973,121.3485
Test08_NG_chg,충전,NG,1431,1,1,1,1,15.0715,122.3328
Test08_NG_chg,충전,NG,1432,1,1,1,1,15.6794,123.4628
Test08_NG_chg,충전,NG,1433,1,1,1,1,15.0554,121.4815
Test08_NG_chg,충전,NG,1434,1,1,1,1,15.1301,120.4788
Test08_NG_chg,충전,NG,1435,1,1,1,1,15.2922,121.1713
Test08_NG_chg,충전,NG,1436,1,1,1,1,15.4026,121.1323
Test08_NG_chg,충전,NG,1437,1,1,1,1,15.0203,121.3247
Test08_NG_chg,충전,NG,1438,1,1,1,1,15.535,120.988
Test08_NG_chg,충전,NG,1439,1,1,1,1,15.8545,120.1836
Test08_NG_chg,충전,NG,1440,1,1,1,1,15.7122,121.218
Test08_NG_chg,충전,NG,1441,1,1,1,1,15.5095,119.1891
Test08_NG_chg,충전,NG,1442,1,1,1,1,15.5116,120.5015
Test08_NG_chg,충전,NG,1443,1,1,1,1,14.2532,131.2259
Test08_NG_chg,충전,NG,1444,1,1,1,1,16.752,129.4589
Test08_NG_chg,충전,NG,1445,1,1,1,1,16.6808,129.4073
Test08_NG_chg,충전,NG,1446,1,1,1,1,16.5185,129.4722
Test08_NG_chg,충전,NG,1447,1,1,1,1,16.3775,129.9916
Test08_NG_chg,충전,NG,1448,1,1,1,1,16.2019,129.1932
Test08_NG_chg,충전,NG,1449,1,1,1,1,20.5514,71.4999
Test08_NG_chg,충전,NG,1450,1,1,1,1,15.0556,123.6435
Test08_NG_chg,충전,NG,1451,1,1,1,1,15.4897,124.1796
Test08_NG_chg,충전,NG,1452,1,1,1,1,19.913,69.9546
Test08_NG_chg,충전,NG,1453,1,1,1,1,14.7003,123.1415
Test08_NG_chg,충전,NG,1454,1,1,1,1,14.6651,123.233
Test08_NG_chg,충전,NG,1455,1,1,1,1,15.2455,123.0897
Test08_NG_chg,충전,NG,1456,1,1,1,1,15.1312,122.0301
Test08_NG_chg,충전,NG,1457,1,1,1,1,15.3028,121.5471
Test08_NG_chg,충전,NG,1458,1,1,1,1,15.4883,121.9064
Test08_NG_chg,충전,NG,1459,1,1,1,1,15.1588,120.4879
Test08_NG_chg,충전,NG,1460,1,1,1,1,15.2733,121.6922
Test08_NG_chg,충전,NG,1461,1,1,1,1,15.4989,120.3465
Test08_NG_chg,충전,NG,1462,1,1,1,1,21.0157,68.8727
Test08_NG_chg,충전,NG,1463,1,1,1,1,15.5091,120.6866
Test08_NG_chg,충전,NG,1464,1,1,1,1,15.6676,121.2576
Test08_NG_chg,충전,NG,1465,1,1,1,1,15.3493,120.6088
Test08_NG_chg,충전,NG,1466,1,1,1,1,15.6278,120.919
Test08_NG_chg,충전,NG,1467,1,1,1,1,15.5349,120.6048
Test08_NG_chg,충전,NG,1468,1,1,1,1,15.482,120.9678
Test08_NG_chg,충전,NG,1469,1,1,1,1,15.7465,120.2601
Test08_NG_chg,충전,NG,1470,1,1,1,1,14.3641,134.6101
Test08_NG_chg,충전,NG,1471,1,1,1,1,16.2315,130.4223
Test08_NG_chg,충전,NG,1472,1,1,1,1,16.0827,131.2044
Test08_NG_chg,충전,NG,1473,1,1,1,1,16.0881,129.5115
Test08_NG_chg,충전,NG,1474,1,1,1,1,16.0645,130.7496
Test08_NG_chg,충전,NG,1475,1,1,1,1,16.0279,129.5095
Test08_NG_chg,충전,NG,1476,1,1,1,1,15.361,126.5154
Test08_NG_chg,충전,NG,1477,1,1,1,1,14.7044,122.9433
Test08_NG_chg,충전,NG,1478,1,1,1,1,14.9458,122.9365
Test08_NG_chg,충전,NG,1479,1,1,1,1,14.9006,122.2924
Test08_NG_chg,충전,NG,1480,1,1,1,1,15.0314,123.0189
Test08_NG_chg,충전,NG,1481,1,1,1,1,15.0735,122.5886
Test08_NG_chg,충전,NG,1482,1,1,1,1,15.0364,122.8689
Test08_NG_chg,충전,NG,1483,1,1,1,1,16.4902,129.5811
Test08_NG_chg,충전,NG,1484,1,1,1,1,15.1328,120.9922
Test08_NG_chg,충전,NG,1485,1,1,1,1,15.8039,122.26
Test08_NG_chg,충전,NG,1486,1,1,1,1,15.3755,121.7497
Test08_NG_chg,충전,NG,1487,1,1,1,1,14.0369,132.7767
Test08_NG_chg,충전,NG,1488,1,1,1,1,16.3192,129.9168
Test08_NG_chg,충전,NG,1489,1,1,1,1,17.9554,137.2016
Test08_NG_chg,충전,NG,1490,1,1,1,1,19.0432,83.4311
Test08_NG_chg,충전,NG,1491,1,1,1,1,21.9353,75.9755
Test08_NG_chg,충전,NG,1492,1,1,1,1,21.961,75.8982
Test08_NG_chg,충전,NG,1493,1,1,1,1,21.9243,75.3586
Test08_NG_chg,충전,NG,1494,1,1,1,1,22.0102,75.9905
Test08_NG_chg,충전,NG,1495,1,1,1,1,16.42,130.5705
Test08_NG_chg,충전,NG,1496,1,1,1,1,21.9933,75.8464
Test08_NG_chg,충전,NG,1497,1,1,1,1,16.1213,129.9597
Test08_NG_chg,충전,NG,1498,1,1,1,1,16.5371,130.3036
Test08_NG_chg,충전,NG,1499,1,1,1,1,16.3785,130.5567
Test08_NG_chg,충전,NG,1500,1,1,1,1,16.5574,130.5816
Test08_NG_chg,충전,NG,1501,1,1,1,1,14.9549,123.8186
Test08_NG_chg,충전,NG,1502,1,1,1,1,14.9268,122.6046
Test08_NG_chg,충전,NG,1503,1,1,1,1,15.1191,122.3835
Test08_NG_chg,충전,NG,1504,1,1,1,1,15.0648,121.9018
Test08_NG_chg,충전,NG,1505,1,1,1,1,15.3839,123.7915
Test08_NG_chg,충전,NG,1506,1,1,1,1,15.3969,122.4343
Test08_NG_chg,충전,NG,1507,1,1,1,1,15.5531,122.4776
Test08_NG_chg,충전,NG,1508,1,1,1,1,15.1862,120.7661
Test08_NG_chg,충전,NG,1509,1,1,1,1,15.1422,120.9819
Test08_NG_chg,충전,NG,1510,1,1,1,1,15.2979,120.9154
Test08_NG_chg,충전,NG,1511,1,1,1,1,15.5076,120.9533
Test08_NG_chg,충전,NG,1512,1,1,1,1,15.255,120.56
Test08_NG_chg,충전,NG,1513,1,1,1,1,15.5527,120.6317
Test08_NG_chg,충전,NG,1514,1,1,1,1,18.5146,84.0057
Test08_NG_chg,충전,NG,1515,1,1,1,1,17.9559,138.5277
Test08_NG_chg,충전,NG,1516,1,1,1,1,15.6162,122.3802
Test08_NG_chg,충전,NG,1517,1,1,1,1,18.7421,84.6606
Test08_NG_chg,충전,NG,1518,1,1,1,1,21.9102,76.7889
Test08_NG_chg,충전,NG,1519,1,1,1,1,20.5626,72.3963
Test08_NG_chg,충전,NG,1520,1,1,1,1,14.5126,124.2449
Test08_NG_chg,충전,NG,1521,1,1,1,1,14.5522,123.9942
Test08_NG_chg,충전,NG,1522,1,1,1,1,15.1856,126.4372
Test08_NG_chg,충전,NG,1523,1,1,1,1,15.2013,125.6726
Test08_NG_chg,충전,NG,1524,1,1,1,1,14.59,123.8353
Test08_NG_chg,충전,NG,1525,1,1,1,1,15.1474,124.75
Test08_NG_chg,충전,NG,1526,1,1,1,1,14.6305,124.7168
Test08_NG_chg,충전,NG,1527,1,1,1,1,14.6953,124.5616
Test08_NG_chg,충전,NG,1528,1,1,1,1,14.6879,123.8878
Test08_NG_chg,충전,NG,1529,1,1,1,1,15.0167,124.8824
Test08_NG_chg,충전,NG,1530,1,1,1,1,15.3668,124.3898
Test08_NG_chg,충전,NG,1531,1,1,1,1,15.5954,124.4628
Test08_NG_chg,충전,NG,1532,1,1,1,1,15.0602,122.0079
Test08_NG_chg,충전,NG,1533,1,1,1,1,20.5117,70.4157
Test08_NG_chg,충전,NG,1534,1,1,1,1,15.4685,122.3543
Test08_NG_chg,충전,NG,1535,1,1,1,1,14.8501,121.871
Test08_NG_chg,충전,NG,1536,1,1,1,1,21.0282,70.2528
Test08_NG_chg,충전,NG,1537,1,1,1,1,15.2276,120.4305
Test08_NG_chg,충전,NG,1538,1,1,1,1,20.709,70.3407
Test08_NG_chg,충전,NG,1539,1,1,1,1,15.0464,121.0976
Test08_NG_chg,충전,NG,1540,1,1,1,1,15.3798,121.6506
Test08_NG_chg,충전,NG,1541,1,1,1,1,15.3184,122.289
Test08_NG_chg,충전,NG,1542,1,1,1,1,13.7894,134.6685
Test08_NG_chg,충전,NG,1543,1,1,1,1,21.2309,76.4276
Test08_NG_chg,충전,NG,1544,1,1,1,1,20.0756,72.5752
Test08_NG_chg,충전,NG,1545,1,1,1,1,14.8142,124.9475
Test08_NG_chg,충전,NG,1546,1,1,1,1,20.3537,72.5094
Test08_NG_chg,충전,NG,1547,1,1,1,1,14.5196,123.6452
Test08_NG_chg,충전,NG,1548,1,1,1,1,20.3679,72.3574
Test08_NG_chg,충전,NG,1549,1,1,1,1,14.6866,124.31
Test08_NG_chg,충전,NG,1550,1,1,1,1,14.8824,124.6662
Test08_NG_chg,충전,NG,1551,1,1,1,1,20.5338,71.8923
Test08_NG_chg,충전,NG,1552,1,1,1,1,14.5411,124.419
Test08_NG_chg,충전,NG,1553,1,1,1,1,14.9848,125.2743
Test08_NG_chg,충전,NG,1554,1,1,1,1,20.4794,71.4639
Test08_NG_chg,충전,NG,1555,1,1,1,1,15.3248,123.9042
Test08_NG_chg,충전,NG,1556,1,1,1,1,15.0858,124.1027
Test08_NG_chg,충전,NG,1557,1,1,1,1,15.0783,122.956
Test08_NG_chg,충전,NG,1558,1,1,1,1,15.0284,122.1266
Test08_NG_chg,충전,NG,1559,1,1,1,1,15.4901,123.5288
Test08_NG_chg,충전,NG,1560,1,1,1,1,15.3613,122.2721
Test08_NG_chg,충전,NG,1561,1,1,1,1,21.0651,71.1598
Test08_NG_chg,충전,NG,1562,1,1,1,1,15.276,123.3611
Test08_NG_chg,충전,NG,1563,1,1,1,1,18.906,85.5537
Test08_NG_chg,충전,NG,1564,1,1,1,1,15.736,132.2067
Test08_NG_chg,충전,NG,1565,1,1,1,1,16.073,133.5276
Test08_NG_chg,충전,NG,1566,1,1,1,1,16.1761,132.5631
Test08_NG_chg,충전,NG,1567,1,1,1,1,16.1926,131.3549
Test08_NG_chg,충전,NG,1568,1,1,1,1,16.0855,132.0102
Test08_NG_chg,충전,NG,1569,1,1,1,1,15.9299,131.7406
Test08_NG_chg,충전,NG,1570,1,1,1,1,16.2373,130.9267
Test08_NG_chg,충전,NG,1571,1,1,1,1,22.0966,77.4656
Test08_NG_chg,충전,NG,1572,1,1,1,1,14.9899,126.4926
Test08_NG_chg,충전,NG,1573,1,1,1,1,14.6719,125.2396
Test08_NG_chg,충전,NG,1574,1,1,1,1,19.927,72.2092
Test08_NG_chg,충전,NG,1575,1,1,1,1,14.7227,125.1147
Test08_NG_chg,충전,NG,1576,1,1,1,1,20.4766,71.8587
Test08_NG_chg,충전,NG,1577,1,1,1,1,20.4609,72.0175
Test08_NG_chg,충전,NG,1578,1,1,1,1,14.6917,124.0906
Test08_NG_chg,충전,NG,1579,1,1,1,1,19.5565,70.1223
Test08_NG_chg,충전,NG,1580,1,1,1,1,20.6562,70.2204
Test08_NG_chg,충전,NG,1581,1,1,1,1,20.8703,71.0135
Test08_NG_chg,충전,NG,1582,1,1,1,1,15.2806,122.6275
Test08_NG_chg,충전,NG,1583,1,1,1,1,20.8049,70.6125
Test08_NG_chg,충전,NG,1584,1,1,1,1,14.7933,123.104
Test08_NG_chg,충전,NG,1585,1,1,1,1,15.0567,123.5187
Test08_NG_chg,충전,NG,1586,1,1,1,1,15.2239,124.9451
Test08_NG_chg,충전,NG,1587,1,1,1,1,15.3701,124.5718
Test08_NG_chg,충전,NG,1588,1,1,1,1,15.1548,123.2144
Test08_NG_chg,충전,NG,1589,1,1,1,1,15.0602,123.5928
Test08_NG_chg,충전,NG,1590,1,1,1,1,14.9533,123.2703
Test08_NG_chg,충전,NG,1591,1,1,1,1,13.7468,136.5731
Test08_NG_chg,충전,NG,1592,1,1,1,1,16.3772,133.9469
Test08_NG_chg,충전,NG,1593,1,1,1,1,21.5592,77.8181
Test08_NG_chg,충전,NG,1594,1,1,1,1,21.7052,78.886
Test08_NG_chg,충전,NG,1595,1,1,1,1,15.963,131.5639
Test08_NG_chg,충전,NG,1596,1,1,1,1,14.817,125.6116
Test08_NG_chg,충전,NG,1597,1,1,1,1,21.9617,77.8142
Test08_NG_chg,충전,NG,1598,1,1,1,1,19.8984,71.6689
Test08_NG_chg,충전,NG,1599,1,1,1,1,14.4676,124.7136
Test08_NG_chg,충전,NG,1600,1,1,1,1,15.1044,124.8209
Test08_NG_chg,충전,NG,1601,1,1,1,1,14.7712,124.4626
Test08_NG_chg,충전,NG,1602,1,1,1,1,14.8085,123.2477
Test08_NG_chg,충전,NG,1603,1,1,1,1,20.6212,72.2175
Test08_NG_chg,충전,NG,1604,1,1,1,1,14.9859,125.3912
Test08_NG_chg,충전,NG,1605,1,1,1,1,15.2037,124.6791
Test08_NG_chg,충전,NG,1606,1,1,1,1,15.3186,125.157
Test08_NG_chg,충전,NG,1607,1,1,1,1,14.682,124.103
Test08_NG_chg,충전,NG,1608,1,1,1,1,15.0386,124.2552
Test08_NG_chg,충전,NG,1609,1,1,1,1,14.9405,124.275
Test08_NG_chg,충전,NG,1610,1,1,1,1,15.4422,125.9223
Test08_NG_chg,충전,NG,1611,1,1,1,1,15.109,125.3804
Test08_NG_chg,충전,NG,1612,1,1,1,1,14.9151,123.4429
Test08_NG_chg,충전,NG,1613,1,1,1,1,20.9312,72.5341
Test08_NG_chg,충전,NG,1614,1,1,1,1,20.3432,71.8333
Test08_NG_chg,충전,NG,1615,1,1,1,1,19.1735,67.1586
Test08_NG_chg,충전,NG,1616,1,1,1,1,13.5915,117.5766
Test08_NG_chg,충전,NG,1617,1,1,1,1,13.6684,117.9181
Test08_NG_chg,충전,NG,1618,1,1,1,1,12.307,130.5904
Test08_NG_chg,충전,NG,1619,1,1,1,1,14.3056,126.1979
Test08_NG_chg,충전,NG,1620,1,1,1,1,20.2951,73.9745
Test08_NG_chg,충전,NG,1621,1,1,1,1,14.5839,126.9523
Test08_NG_chg,충전,NG,1622,1,1,1,1,14.8651,126.3008
Test08_NG_chg,충전,NG,1623,1,1,1,1,14.6975,125.3866
Test08_NG_chg,충전,NG,1624,1,1,1,1,14.4242,126.6035
Test08_NG_chg,충전,NG,1625,1,1,1,1,14.6164,127.0172
Test08_NG_chg,충전,NG,1626,1,1,1,1,20.5155,72.9308
Test08_NG_chg,충전,NG,1627,1,1,1,1,20.2137,72.8143
Test08_NG_chg,충전,NG,1628,1,1,1,1,14.7625,125.2584
Test08_NG_chg,충전,NG,1629,1,1,1,1,14.668,124.9443
Test08_NG_chg,충전,NG,1630,1,1,1,1,15.2707,125.2339
Test08_NG_chg,충전,NG,1631,1,1,1,1,20.5968,72.942
Test08_NG_chg,충전,NG,1632,1,1,1,1,20.0173,71.3164
Test08_NG_chg,충전,NG,1633,1,1,1,1,15.0196,125.1759
Test08_NG_chg,충전,NG,1634,1,1,1,1,15.5312,126.3159
Test08_NG_chg,충전,NG,1635,1,1,1,1,14.8457,124.3386
Test08_NG_chg,충전,NG,1636,1,1,1,1,14.9815,125.4345
Test08_NG_chg,충전,NG,1637,1,1,1,1,15.3118,125.5904
Test08_NG_chg,충전,NG,1638,1,1,1,1,15.0014,124.9701
Test08_NG_chg,충전,NG,1639,1,1,1,1,20.4902,72.4083
Test08_NG_chg,충전,NG,1640,1,1,1,1,20.5944,71.2406
Test08_NG_chg,충전,NG,1641,1,1,1,1,20.4037,72.4432
Test08_NG_chg,충전,NG,1642,1,1,1,1,19.3647,67.456
Test08_NG_chg,충전,NG,1643,1,1,1,1,13.7231,119.4288
Test08_NG_chg,충전,NG,1644,1,1,1,1,19.0798,67.238
Test08_NG_chg,충전,NG,1645,1,1,1,1,16.5988,81.2464
Test08_NG_chg,충전,NG,1646,1,1,1,1,14.4018,127.2581
Test08_NG_chg,충전,NG,1647,1,1,1,1,20.1518,74.2508
Test08_NG_chg,충전,NG,1648,1,1,1,1,20.2375,74.4752
Test08_NG_chg,충전,NG,1649,1,1,1,1,20.1643,73.7943
Test08_NG_chg,충전,NG,1650,1,1,1,1,15.0322,128.7507
Test08_NG_chg,충전,NG,1651,1,1,1,1,20.2317,73.2096
Test08_NG_chg,충전,NG,1652,1,1,1,1,14.9548,127.4193
Test08_NG_chg,충전,NG,1653,1,1,1,1,20.4127,73.0239
Test08_NG_chg,충전,NG,1654,1,1,1,1,20.0303,72.319
Test08_NG_chg,충전,NG,1655,1,1,1,1,15.249,125.8799
Test08_NG_chg,충전,NG,1656,1,1,1,1,14.7436,124.9591
Test08_NG_chg,충전,NG,1657,1,1,1,1,20.5557,72.4345
Test08_NG_chg,충전,NG,1658,1,1,1,1,20.4515,73.4815
Test08_NG_chg,충전,NG,1659,1,1,1,1,14.8855,126.6691
Test08_NG_chg,충전,NG,1660,1,1,1,1,14.9116,125.5702
Test08_NG_chg,충전,NG,1661,1,1,1,1,20.6229,73.1747
Test08_NG_chg,충전,NG,1662,1,1,1,1,14.8144,124.8946
Test08_NG_chg,충전,NG,1663,1,1,1,1,14.845,125.877
Test08_NG_chg,충전,NG,1664,1,1,1,1,20.0224,72.3582
Test08_NG_chg,충전,NG,1665,1,1,1,1,20.5542,72.9282
Test08_NG_chg,충전,NG,1666,1,1,1,1,18.411,87.2822
Test08_NG_chg,충전,NG,1667,1,1,1,1,14.044,128.5103
Test08_NG_chg,충전,NG,1668,1,1,1,1,15.9578,134.151
Test08_NG_chg,충전,NG,1669,1,1,1,1,14.4383,128.9139
Test08_NG_chg,충전,NG,1670,1,1,1,1,19.9696,74.677
Test08_NG_chg,충전,NG,1671,1,1,1,1,19.2891,73.9828
Test08_NG_chg,충전,NG,1672,1,1,1,1,20.3613,74.5711
Test08_NG_chg,충전,NG,1673,1,1,1,1,14.7574,128.7706
Test08_NG_chg,충전,NG,1674,1,1,1,1,14.4809,127.7506
Test08_NG_chg,충전,NG,1675,1,1,1,1,20.5801,73.7141
Test08_NG_chg,충전,NG,1676,1,1,1,1,20.6168,73.4565
Test08_NG_chg,충전,NG,1677,1,1,1,1,20.4667,73.5757
Test08_NG_chg,충전,NG,1678,1,1,1,1,20.6218,74.485
Test08_NG_chg,충전,NG,1679,1,1,1,1,20.4737,72.9537
Test08_NG_chg,충전,NG,1680,1,1,1,1,20.6188,73.8196
Test08_NG_chg,충전,NG,1681,1,1,1,1,14.7254,126.0535
Test08_NG_chg,충전,NG,1682,1,1,1,1,14.8273,125.5141
Test08_NG_chg,충전,NG,1683,1,1,1,1,14.951,125.2585
Test08_NG_chg,충전,NG,1684,1,1,1,1,14.773,125.5648
Test08_NG_chg,충전,NG,1685,1,1,1,1,14.7802,126.2556
Test08_NG_chg,충전,NG,1686,1,1,1,1,14.8825,125.8411
Test08_NG_chg,충전,NG,1687,1,1,1,1,14.8205,126.7688
Test08_NG_chg,충전,NG,1688,1,1,1,1,20.1964,72.6404
Test08_NG_chg,충전,NG,1689,1,1,1,1,13.3507,120.0987
Test08_NG_chg,충전,NG,1690,1,1,1,1,13.5703,122.113
Test08_NG_chg,충전,NG,1691,1,1,1,1,18.9985,69.0381
Test08_NG_chg,충전,NG,1692,1,1,1,1,13.4408,120.5728
Test08_NG_chg,충전,NG,1693,1,1,1,1,12.3209,134.8687
Test08_NG_chg,충전,NG,1694,1,1,1,1,14.0889,130.0107
Test08_NG_chg,충전,NG,1695,1,1,1,1,14.6793,131.1584
Test08_NG_chg,충전,NG,1696,1,1,1,1,14.2045,128.5604
Test08_NG_chg,충전,NG,1697,1,1,1,1,19.6296,74.9261
Test08_NG_chg,충전,NG,1698,1,1,1,1,20.2387,75.7371
Test08_NG_chg,충전,NG,1699,1,1,1,1,19.4897,73.9103
Test08_NG_chg,충전,NG,1700,1,1,1,1,14.5472,127.9227
Test08_NG_chg,충전,NG,1701,1,1,1,1,14.8451,129.3767
Test08_NG_chg,충전,NG,1702,1,1,1,1,14.6925,128.3536
Test08_NG_chg,충전,NG,1703,1,1,1,1,20.5518,73.9408
Test08_NG_chg,충전,NG,1704,1,1,1,1,20.0112,73.7156
Test08_NG_chg,충전,NG,1705,1,1,1,1,14.3387,127.552
Test08_NG_chg,충전,NG,1706,1,1,1,1,20.2723,73.5649
Test08_NG_chg,충전,NG,1707,1,1,1,1,14.6185,126.7077
Test08_NG_chg,충전,NG,1708,1,1,1,1,19.9809,73.1358
Test08_NG_chg,충전,NG,1709,1,1,1,1,20.6193,74.3942
Test08_NG_chg,충전,NG,1710,1,1,1,1,14.7242,126.7076
Test08_NG_chg,충전,NG,1711,1,1,1,1,14.8951,126.9727
Test08_NG_chg,충전,NG,1712,1,1,1,1,14.7798,126.6908
Test08_NG_chg,충전,NG,1713,1,1,1,1,19.1894,69.017
Test08_NG_chg,충전,NG,1714,1,1,1,1,13.4405,120.2502
Test08_NG_chg,충전,NG,1715,1,1,1,1,18.974,68.937
Test08_NG_chg,충전,NG,1716,1,1,1,1,18.7158,68.5237
Test08_NG_chg,충전,NG,1717,1,1,1,1,13.2888,120.8527
Test08_NG_chg,충전,NG,1718,1,1,1,1,18.8225,68.9304
Test08_NG_chg,충전,NG,1719,1,1,1,1,12.0862,134.1588
Test08_NG_chg,충전,NG,1720,1,1,1,1,19.963,76.8748
Test08_NG_chg,충전,NG,1721,1,1,1,1,19.9822,75.8854
Test08_NG_chg,충전,NG,1722,1,1,1,1,20.1221,76.6794
Test08_NG_chg,충전,NG,1723,1,1,1,1,14.1786,130.1144
Test08_NG_chg,충전,NG,1724,1,1,1,1,14.224,130.1472
Test08_NG_chg,충전,NG,1725,1,1,1,1,20.1465,75.8838
Test08_NG_chg,충전,NG,1726,1,1,1,1,20.0884,75.7869
Test08_NG_chg,충전,NG,1727,1,1,1,1,14.5852,129.2802
Test08_NG_chg,충전,NG,1728,1,1,1,1,14.631,128.4555
Test08_NG_chg,충전,NG,1729,1,1,1,1,20.5428,74.813
Test08_NG_chg,충전,NG,1730,1,1,1,1,14.6993,126.6869
Test08_NG_chg,충전,NG,1731,1,1,1,1,14.6823,126.9032
Test08_NG_chg,충전,NG,1732,1,1,1,1,20.4041,74.703
Test08_NG_chg,충전,NG,1733,1,1,1,1,20.6657,74.5839
Test08_NG_chg,충전,NG,1734,1,1,1,1,14.7005,126.5083
Test08_NG_chg,충전,NG,1735,1,1,1,1,20.3403,74.5291
Test08_NG_chg,충전,NG,1736,1,1,1,1,14.447,127.032
Test08_NG_chg,충전,NG,1737,1,1,1,1,20.2498,73.9194
Test08_NG_chg,충전,NG,1738,1,1,1,1,20.21,74.4715
Test08_NG_chg,충전,NG,1739,1,1,1,1,20.3002,74.4017
Test08_NG_chg,충전,NG,1740,1,1,1,1,11.4562,207.8568
Test08_NG_chg,충전,NG,1741,1,1,1,1,21.2129,81.308
Test08_NG_chg,충전,NG,1742,1,1,1,1,19.9444,76.8895
Test08_NG_chg,충전,NG,1743,1,1,1,1,11.435,201.6092
Test08_NG_chg,충전,NG,1744,1,1,1,1,11.3559,202.485
Test08_NG_chg,충전,NG,1745,1,1,1,1,14.4813,131.2808
Test08_NG_chg,충전,NG,1746,1,1,1,1,13.9881,130.245
Test08_NG_chg,충전,NG,1747,1,1,1,1,14.2338,130.3613
Test08_NG_chg,충전,NG,1748,1,1,1,1,14.1707,130.0487
Test08_NG_chg,충전,NG,1749,1,1,1,1,14.5148,128.8637
Test08_NG_chg,충전,NG,1750,1,1,1,1,11.8298,200.6479
Test08_NG_chg,충전,NG,1751,1,1,1,1,14.4936,131.0496
Test08_NG_chg,충전,NG,1752,1,1,1,1,14.4973,130.6376
Test08_NG_chg,충전,NG,1753,1,1,1,1,20.4776,74.4479
Test08_NG_chg,충전,NG,1754,1,1,1,1,11.8028,198.2784
Test08_NG_chg,충전,NG,1755,1,1,1,1,15.1481,128.4023
Test08_NG_chg,충전,NG,1756,1,1,1,1,12.1278,197.6184
Test08_NG_chg,충전,NG,1757,1,1,1,1,20.6254,74.6453
Test08_NG_chg,충전,NG,1758,1,1,1,1,12.1446,197.3142
Test08_NG_chg,충전,NG,1759,1,1,1,1,15.1411,128.3023
Test08_NG_chg,충전,NG,1760,1,1,1,1,14.6563,126.8263
Test08_NG_chg,충전,NG,1761,1,1,1,1,20.6487,73.894
Test08_NG_chg,충전,NG,1762,1,1,1,1,14.8022,126.5762
Test08_NG_chg,충전,NG,1763,1,1,1,1,12.4174,198.7872
Test08_NG_chg,충전,NG,1764,1,1,1,1,13.476,121.3347
Test08_NG_chg,충전,NG,1765,1,1,1,1,12.1465,197.927
Test08_NG_chg,충전,NG,1766,1,1,1,1,20.16,74.354
Test08_NG_chg,충전,NG,1767,1,1,1,1,12.2993,198.613
Test08_NG_chg,충전,NG,1768,1,1,1,1,10.7116,190.4631
Test08_NG_chg,충전,NG,1769,1,1,1,1,11.9687,133.1374
Test08_NG_chg,충전,NG,1770,1,1,1,1,16.5697,139.1958
Test08_NG_chg,충전,NG,1771,1,1,1,1,10.2764,201.2642
Test08_NG_chg,충전,NG,1772,1,1,1,1,11.597,201.1929
Test08_NG_chg,충전,NG,1773,1,1,1,1,11.6252,201.433
Test08_NG_chg,충전,NG,1774,1,1,1,1,11.7223,203.4047
Test08_NG_chg,충전,NG,1775,1,1,1,1,11.677,202.2163
Test08_NG_chg,충전,NG,1776,1,1,1,1,14.2003,130.202
Test08_NG_chg,충전,NG,1777,1,1,1,1,19.9249,76.0805
Test08_NG_chg,충전,NG,1778,1,1,1,1,14.5263,130.7942
Test08_NG_chg,충전,NG,1779,1,1,1,1,12.0173,202.1082
Test08_NG_chg,충전,NG,1780,1,1,1,1,20.0127,75.3351
Test08_NG_chg,충전,NG,1781,1,1,1,1,14.9332,128.8528
Test08_NG_chg,충전,NG,1782,1,1,1,1,14.4839,129.5247
Test08_NG_chg,충전,NG,1783,1,1,1,1,11.8956,200.8938
Test08_NG_chg,충전,NG,1784,1,1,1,1,12.4332,198.9633
Test08_NG_chg,충전,NG,1785,1,1,1,1,14.6102,128.9789
Test08_NG_chg,충전,NG,1786,1,1,1,1,14.943,128.3805
Test08_NG_chg,충전,NG,1787,1,1,1,1,12.1202,199.6063
Test08_NG_chg,충전,NG,1788,1,1,1,1,13.8247,122.5541
Test08_NG_chg,충전,NG,1789,1,1,1,1,15.3737,128.5116
Test08_NG_chg,충전,NG,1790,1,1,1,1,15.3959,128.4204
Test08_NG_chg,충전,NG,1791,1,1,1,1,12.3858,198.5915
Test08_NG_chg,충전,NG,1792,1,1,1,1,14.0441,121.1104
Test08_NG_chg,충전,NG,1793,1,1,1,1,11.3821,191.5285
Test08_NG_chg,충전,NG,1794,1,1,1,1,14.4041,121.9979
Test08_NG_chg,충전,NG,1795,1,1,1,1,10.6014,201.0556
Test08_NG_chg,충전,NG,1796,1,1,1,1,12.033,202.4871
Test08_NG_chg,충전,NG,1797,1,1,1,1,15.0364,131.1171
Test08_NG_chg,충전,NG,1798,1,1,1,1,11.7716,200.9055
Test08_NG_chg,충전,NG,1799,1,1,1,1,11.7172,203.5691
Test08_NG_chg,충전,NG,1800,1,1,1,1,15.6731,135.3007
Test08_NG_chg,충전,NG,1801,1,1,1,1,15.2317,132.6369
Test08_NG_chg,충전,NG,1802,1,1,1,1,14.8057,132.4791
Test08_NG_chg,충전,NG,1803,1,1,1,1,14.9259,131.7275
Test08_NG_chg,충전,NG,1804,1,1,1,1,11.8827,204.1064
Test08_NG_chg,충전,NG,1805,1,1,1,1,11.7835,203.2961
Test08_NG_chg,충전,NG,1806,1,1,1,1,15.1022,131.6252
Test08_NG_chg,충전,NG,1807,1,1,1,1,12.0665,203.4203
Test08_NG_chg,충전,NG,1808,1,1,1,1,15.2655,131.2113
Test08_NG_chg,충전,NG,1809,1,1,1,1,12.3991,204.814
Test08_NG_chg,충전,NG,1810,1,1,1,1,12.091,203.883
Test08_NG_chg,충전,NG,1811,1,1,1,1,12.3869,202.4698
Test08_NG_chg,충전,NG,1812,1,1,1,1,12.4441,204.3197
Test08_NG_chg,충전,NG,1813,1,1,1,1,12.243,203.9499
Test08_NG_chg,충전,NG,1814,1,1,1,1,15.2956,131.4773
Test08_NG_chg,충전,NG,1815,1,1,1,1,15.597,130.9799
Test08_NG_chg,충전,NG,1816,1,1,1,1,12.3985,202.3942
Test08_NG_chg,충전,NG,1817,1,1,1,1,12.5553,203.244
Test08_NG_chg,충전,NG,1818,1,1,1,1,12.382,203.4505
Test08_NG_chg,충전,NG,1819,1,1,1,1,12.3115,202.3816
Test08_NG_chg,충전,NG,1820,1,1,1,1,12.559,200.4793
Test08_NG_chg,충전,NG,1821,1,1,1,1,15.5925,129.6503
Test08_NG_chg,충전,NG,1822,1,1,1,1,16.4356,133.5011
Test08_NG_chg,충전,NG,1823,1,1,1,1,15.3623,129.6925
Test08_NG_chg,충전,NG,1824,1,1,1,1,11.0457,194.5864
Test08_NG_chg,충전,NG,1825,1,1,1,1,12.4011,198.8801
Test08_NG_chg,충전,NG,1826,1,1,1,1,15.4645,130.5833
Test08_NG_chg,충전,NG,1827,1,1,1,1,16.3148,130.6466
Test08_NG_chg,충전,NG,1828,1,1,1,1,14.8707,124.3431
Test08_NG_chg,충전,NG,1829,1,1,1,1,14.5367,124.1846
Test08_NG_chg,충전,NG,1830,1,1,1,1,11.3268,194.6788
Test08_NG_chg,충전,NG,1831,1,1,1,1,14.8127,124.153
Test08_NG_chg,충전,NG,1832,1,1,1,1,11.5364,194.9163
Test08_NG_chg,충전,NG,1833,1,1,1,1,14.9042,123.9016
Test08_NG_chg,충전,NG,1834,1,1,1,1,13.3092,136.3959
Test08_NG_chg,충전,NG,1835,1,1,1,1,17.1867,141.0272
Test08_NG_chg,충전,NG,1836,1,1,1,1,13.1792,136.5551
Test08_NG_chg,충전,NG,1837,1,1,1,1,15.7535,134.5532
Test08_NG_chg,충전,NG,1838,1,1,1,1,14.8661,131.41
Test08_NG_chg,충전,NG,1839,1,1,1,1,17.8477,141.9365
Test08_NG_chg,충전,NG,1840,1,1,1,1,13.2763,136.3496
Test08_NG_chg,충전,NG,1841,1,1,1,1,15.889,134.1527
Test08_NG_chg,충전,NG,1842,1,1,1,1,12.315,206.656
Test08_NG_chg,충전,NG,1843,1,1,1,1,16.0805,134.1304
Test08_NG_chg,충전,NG,1844,1,1,1,1,15.7607,132.2929
Test08_NG_chg,충전,NG,1845,1,1,1,1,12.16,204.7753
Test08_NG_chg,충전,NG,1846,1,1,1,1,16.4098,134.236
Test08_NG_chg,충전,NG,1847,1,1,1,1,15.8555,133.3854
Test08_NG_chg,충전,NG,1848,1,1,1,1,12.0783,206.5805
Test08_NG_chg,충전,NG,1849,1,1,1,1,12.5255,206.3353
Test08_NG_chg,충전,NG,1850,1,1,1,1,15.9417,132.1178
Test08_NG_chg,충전,NG,1851,1,1,1,1,16.0518,132.1196
Test08_NG_chg,충전,NG,1852,1,1,1,1,16.0522,134.1762
Test08_NG_chg,충전,NG,1853,1,1,1,1,16.4321,132.2044
Test08_NG_chg,충전,NG,1854,1,1,1,1,16.9626,133.4592
Test08_NG_chg,충전,NG,1855,1,1,1,1,16.4889,133.3392
Test08_NG_chg,충전,NG,1856,1,1,1,1,12.742,205.1479
Test08_NG_chg,충전,NG,1857,1,1,1,1,12.9283,204.3882
Test08_NG_chg,충전,NG,1858,1,1,1,1,17.0374,132.5348
Test08_NG_chg,충전,NG,1859,1,1,1,1,13.2277,204.5501
Test08_NG_chg,충전,NG,1860,1,1,1,1,13.1306,205.1626
Test08_NG_chg,충전,NG,1861,1,1,1,1,13.1714,203.7294
Test08_NG_chg,충전,NG,1862,1,1,1,1,16.528,132.0708
Test08_NG_chg,충전,NG,1863,1,1,1,1,17.0095,133.6264
Test08_NG_chg,충전,NG,1864,1,1,1,1,13.0357,204.4425
Test08_NG_chg,충전,NG,1865,1,1,1,1,15.006,126.7411
Test08_NG_chg,충전,NG,1866,1,1,1,1,11.482,199.6822
Test08_NG_chg,충전,NG,1867,1,1,1,1,11.5955,197.2696
Test08_NG_chg,충전,NG,1868,1,1,1,1,15.2511,127.6669
Test08_NG_chg,충전,NG,1869,1,1,1,1,14.991,126.4517
Test08_NG_chg,충전,NG,1870,1,1,1,1,15.3889,126.7065
Test08_NG_chg,충전,NG,1871,1,1,1,1,14.9569,125.3828
Test08_NG_chg,충전,NG,1872,1,1,1,1,11.401,196.8394
Test08_NG_chg,충전,NG,1873,1,1,1,1,11.8386,196.7836
Test08_NG_chg,충전,NG,1874,1,1,1,1,15.603,127.0571
Test08_NG_chg,충전,NG,1875,1,1,1,1,14.7731,124.6378
Test08_NG_chg,충전,NG,1876,1,1,1,1,15.6775,126.9486
Test08_NG_chg,충전,NG,1877,1,1,1,1,14.3528,140.3936
Test08_NG_chg,충전,NG,1878,1,1,1,1,18.762,144.3086
Test08_NG_chg,충전,NG,1879,1,1,1,1,15.3885,125.873
Test08_NG_chg,충전,NG,1880,1,1,1,1,11.1826,207.1147
Test08_NG_chg,충전,NG,1881,1,1,1,1,14.0636,218.9717
Test08_NG_chg,충전,NG,1882,1,1,1,1,15.7608,124.8137
Test08_NG_chg,충전,NG,1883,1,1,1,1,14.9668,139.9273
Test08_NG_chg,충전,NG,1884,1,1,1,1,16.9215,135.7445
Test08_NG_chg,충전,NG,1885,1,1,1,1,13.0701,209.3502
Test08_NG_chg,충전,NG,1886,1,1,1,1,12.9909,207.3338
Test08_NG_chg,충전,NG,1887,1,1,1,1,17.1468,135.3412
Test08_NG_chg,충전,NG,1888,1,1,1,1,13.0384,208.4743
Test08_NG_chg,충전,NG,1889,1,1,1,1,17.3549,136.1043
Test08_NG_chg,충전,NG,1890,1,1,1,1,17.0612,135.6577
Test08_NG_chg,충전,NG,1891,1,1,1,1,17.3709,135.956
Test08_NG_chg,충전,NG,1892,1,1,1,1,17.4311,136.1933
Test08_NG_chg,충전,NG,1893,1,1,1,1,17.0912,134.8571
Test08_NG_chg,충전,NG,1894,1,1,1,1,17.3283,135.3506
Test08_NG_chg,충전,NG,1895,1,1,1,1,17.6617,136.1634
Test08_NG_chg,충전,NG,1896,1,1,1,1,17.0274,134.4995
Test08_NG_chg,충전,NG,1897,1,1,1,1,16.7223,133.3129
Test08_NG_chg,충전,NG,1898,1,1,1,1,17.1364,133.9458
Test08_NG_chg,충전,NG,1899,1,1,1,1,15.8373,128.7128
Test08_NG_chg,충전,NG,1900,1,1,1,1,16.651,129.5119
Test08_NG_chg,충전,NG,1901,1,1,1,1,11.8707,199.2768
Test08_NG_chg,충전,NG,1902,1,1,1,1,16.1701,128.587
Test08_NG_chg,충전,NG,1903,1,1,1,1,15.8234,127.0851
Test08_NG_chg,충전,NG,1904,1,1,1,1,16.0943,129.2743
Test08_NG_chg,충전,NG,1905,1,1,1,1,16.2991,127.8017
Test08_NG_chg,충전,NG,1906,1,1,1,1,12.5136,199.5764
Test08_NG_chg,충전,NG,1907,1,1,1,1,12.3482,200.0296
Test08_NG_chg,충전,NG,1908,1,1,1,1,16.661,127.8442
Test08_NG_chg,충전,NG,1909,1,1,1,1,16.2141,128.8164
Test08_NG_chg,충전,NG,1910,1,1,1,1,17.0383,129.9461
Test08_NG_chg,충전,NG,1911,1,1,1,1,12.4622,200.0723
Test08_NG_chg,충전,NG,1912,1,1,1,1,15.9379,127.172
Test08_NG_chg,충전,NG,1913,1,1,1,1,12.5735,201.9338
Test08_NG_chg,충전,NG,1914,1,1,1,1,12.2834,200.9769
Test08_NG_chg,충전,NG,1915,1,1,1,1,12.2406,200.1808
Test08_NG_chg,충전,NG,1916,1,1,1,1,16.1836,128.1057
Test08_NG_chg,충전,NG,1917,1,1,1,1,17.1371,130.7515
Test08_NG_chg,충전,NG,1918,1,1,1,1,16.4527,128.4672
Test08_NG_chg,충전,NG,1919,1,1,1,1,16.3169,129.7261
Test08_NG_chg,충전,NG,1920,1,1,1,1,16.8959,129.5539
Test08_NG_chg,충전,NG,1921,1,1,1,1,14.7079,142.4449
Test08_NG_chg,충전,NG,1922,1,1,1,1,12.6849,211.2387
Test08_NG_chg,충전,NG,1923,1,1,1,1,16.953,137.3839
Test08_NG_chg,충전,NG,1924,1,1,1,1,17.8254,139.4489
Test08_NG_chg,충전,NG,1925,1,1,1,1,13.1475,213.1793
Test08_NG_chg,충전,NG,1926,1,1,1,1,13.2445,213.7649
Test08_NG_chg,충전,NG,1927,1,1,1,1,17.8801,139.8583
Test08_NG_chg,충전,NG,1928,1,1,1,1,13.1576,212.1621
Test08_NG_chg,충전,NG,1929,1,1,1,1,17.4801,137.5647
Test08_NG_chg,충전,NG,1930,1,1,1,1,17.56,138.3178
Test08_NG_chg,충전,NG,1931,1,1,1,1,18.1547,139.3537
Test08_NG_chg,충전,NG,1932,1,1,1,1,18.0824,139.1277
Test08_NG_chg,충전,NG,1933,1,1,1,1,17.3553,138.5197
Test08_NG_chg,충전,NG,1934,1,1,1,1,17.9995,138.8695
Test08_NG_chg,충전,NG,1935,1,1,1,1,17.7577,137.4093
Test08_NG_chg,충전,NG,1936,1,1,1,1,18.3944,139.7321
Test08_NG_chg,충전,NG,1937,1,1,1,1,17.9751,137.8069
Test08_NG_chg,충전,NG,1938,1,1,1,1,18.1453,138.7659
Test08_NG_chg,충전,NG,1939,1,1,1,1,18.2634,137.9664
Test08_NG_chg,충전,NG,1940,1,1,1,1,18.015,137.4754
Test08_NG_chg,충전,NG,1941,1,1,1,1,17.863,138.0731
Test08_NG_chg,충전,NG,1942,1,1,1,1,13.7199,211.8349
Test08_NG_chg,충전,NG,1943,1,1,1,1,18.1636,137.8032
Test08_NG_chg,충전,NG,1944,1,1,1,1,18.6211,138.9725
Test08_NG_chg,충전,NG,1945,1,1,1,1,18.2865,138.9001
Test08_NG_chg,충전,NG,1946,1,1,1,1,16.7031,129.9472
Test08_NG_chg,충전,NG,1947,1,1,1,1,16.2792,129.0634
Test08_NG_chg,충전,NG,1948,1,1,1,1,13.8559,210.9549
Test08_NG_chg,충전,NG,1949,1,1,1,1,19.0931,138.0262
Test08_NG_chg,충전,NG,1950,1,1,1,1,17.1728,132.3169
Test08_NG_chg,충전,NG,1951,1,1,1,1,17.0032,130.741
Test08_NG_chg,충전,NG,1952,1,1,1,1,17.4263,131.2495
Test08_NG_chg,충전,NG,1953,1,1,1,1,17.4426,130.7206
Test08_NG_chg,충전,NG,1954,1,1,1,1,16.7523,129.2817
Test08_NG_chg,충전,NG,1955,1,1,1,1,18.3326,137.6329
Test08_NG_chg,충전,NG,1956,1,1,1,1,16.9945,129.4991
Test08_NG_chg,충전,NG,1957,1,1,1,1,17.78,131.9136
Test08_NG_chg,충전,NG,1958,1,1,1,1,17.3515,131.0012
Test08_NG_chg,충전,NG,1959,1,1,1,1,18.1525,132.0328
Test08_NG_chg,충전,NG,1960,1,1,1,1,16.9037,128.8388
Test08_NG_chg,충전,NG,1961,1,1,1,1,17.068,128.2397
Test08_NG_chg,충전,NG,1962,1,1,1,1,13.3849,204.5758
Test08_NG_chg,충전,NG,1963,1,1,1,1,17.561,130.1313
Test08_NG_chg,충전,NG,1964,1,1,1,1,12.8705,202.7059
Test08_NG_chg,충전,NG,1965,1,1,1,1,16.4274,128.6931
Test08_NG_chg,충전,NG,1966,1,1,1,1,17.2136,130.2295
Test08_NG_chg,충전,NG,1967,1,1,1,1,13.1372,204.8636
Test08_NG_chg,충전,NG,1968,1,1,1,1,18.021,132.2585
Test08_NG_chg,충전,NG,1969,1,1,1,1,16.9193,129.7763
Test08_NG_chg,충전,NG,1970,1,1,1,1,17.6094,132.6083
Test08_NG_chg,충전,NG,1971,1,1,1,1,17.1751,129.5466
Test08_NG_chg,충전,NG,1972,1,1,1,1,17.4583,131.6521
Test08_NG_chg,충전,NG,1973,1,1,1,1,18.1268,131.9034
Test08_NG_chg,충전,NG,1974,1,1,1,1,17.7583,132.3368
Test08_NG_chg,충전,NG,1975,1,1,1,1,12.8961,202.7026
Test08_NG_chg,충전,NG,1976,1,1,1,1,18.0642,132.2439
Test08_NG_chg,충전,NG,1977,1,1,1,1,17.9429,132.7479
Test08_NG_chg,충전,NG,1978,1,1,1,1,17.6722,132.1965
Test08_NG_chg,충전,NG,1979,1,1,1,1,17.4854,131.6465
Test08_NG_chg,충전,NG,1980,1,1,1,1,17.6743,132.1749
Test08_NG_chg,충전,NG,1981,1,1,1,1,18.3431,132.813
Test08_NG_chg,충전,NG,1982,1,1,1,1,15.8516,144.9723
Test08_NG_chg,충전,NG,1983,1,1,1,1,20.8211,148.1206
Test08_NG_chg,충전,NG,1984,1,1,1,1,16.0936,145.2634
Test08_NG_chg,충전,NG,1985,1,1,1,1,18.7834,141.0557
Test08_NG_chg,충전,NG,1986,1,1,1,1,21.4339,150.1051
Test08_NG_chg,충전,NG,1987,1,1,1,1,16.1716,145.14
Test08_NG_chg,충전,NG,1988,1,1,1,1,18.5029,141.2688
Test08_NG_chg,충전,NG,1989,1,1,1,1,17.5089,135.0466
Test08_NG_chg,충전,NG,1990,1,1,1,1,18.8884,142.066
Test08_NG_chg,충전,NG,1991,1,1,1,1,19.2328,142.7743
Test08_NG_chg,충전,NG,1992,1,1,1,1,18.7843,141.0565
Test08_NG_chg,충전,NG,1993,1,1,1,1,17.1865,134.0667
Test08_NG_chg,충전,NG,1994,1,1,1,1,17.5656,135.6404
Test08_NG_chg,충전,NG,1995,1,1,1,1,12.9238,208.4688
Test08_NG_chg,충전,NG,1996,1,1,1,1,13.0437,210.1778
Test08_NG_chg,충전,NG,1997,1,1,1,1,17.6287,134.2879
Test08_NG_chg,충전,NG,1998,1,1,1,1,17.9258,135.8391
Test08_NG_chg,충전,NG,1999,1,1,1,1,17.9049,135.988
Test08_NG_chg,충전,NG,2000,1,1,1,1,17.235,134.2979
Test08_NG_chg,충전,NG,2001,1,1,1,1,18.0183,135.7113
Test08_NG_chg,충전,NG,2002,1,1,1,1,18.0331,136.1018
Test08_NG_chg,충전,NG,2003,1,1,1,1,18.5052,136.2778
Test08_NG_chg,충전,NG,2004,1,1,1,1,17.9278,134.7804
Test08_NG_chg,충전,NG,2005,1,1,1,1,17.891,133.6671
Test08_NG_chg,충전,NG,2006,1,1,1,1,17.8377,133.8234
Test08_NG_chg,충전,NG,2007,1,1,1,1,18.5993,135.4287
Test08_NG_chg,충전,NG,2008,1,1,1,1,18.4022,137.8283
Test08_NG_chg,충전,NG,2009,1,1,1,1,17.5408,133.3811
Test08_NG_chg,충전,NG,2010,1,1,1,1,17.1272,132.8419
Test08_NG_chg,충전,NG,2011,1,1,1,1,18.0749,133.8015
Test08_NG_chg,충전,NG,2012,1,1,1,1,17.3735,135.2675
Test08_NG_chg,충전,NG,2013,1,1,1,1,18.3595,135.4668
Test08_NG_chg,충전,NG,2014,1,1,1,1,17.4406,132.861
Test08_NG_chg,충전,NG,2015,1,1,1,1,18.0678,135.0253
Test08_NG_chg,충전,NG,2016,1,1,1,1,18.8298,137.0116
Test08_NG_chg,충전,NG,2017,1,1,1,1,18.5537,135.7995
Test08_NG_chg,충전,NG,2018,1,1,1,1,18.3108,134.8212
Test08_NG_chg,충전,NG,2019,1,1,1,1,18.7961,136.379
Test08_NG_chg,충전,NG,2020,1,1,1,1,18.0275,134.9672
Test08_NG_chg,충전,NG,2021,1,1,1,1,18.948,136.3745
Test08_NG_chg,충전,NG,2022,1,1,1,1,17.9464,132.9822
Test08_NG_chg,충전,NG,2023,1,1,1,1,18.218,134.9962
Test08_NG_chg,충전,NG,2024,1,1,1,1,18.6599,135.141
Test08_NG_chg,충전,NG,2025,1,1,1,1,18.9306,135.836
Test08_NG_chg,충전,NG,2026,1,1,1,1,18.4388,134.3768
Test08_NG_chg,충전,NG,2027,1,1,1,1,17.9353,133.8044
Test08_NG_chg,충전,NG,2028,1,1,1,1,18.4849,133.8943
Test08_NG_chg,충전,NG,2029,1,1,1,1,18.4576,134.7388
Test08_NG_chg,충전,NG,2030,1,1,1,1,18.6318,134.707
Test08_NG_chg,충전,NG,2031,1,1,1,1,18.0792,134.6407
Test08_NG_chg,충전,NG,2032,1,1,1,1,13.4668,210.3594
Test08_NG_chg,충전,NG,2033,1,1,1,1,18.9825,135.7936
Test08_NG_chg,충전,NG,2034,1,1,1,1,18.6736,134.6254
Test08_NG_chg,충전,NG,2035,1,1,1,1,18.7737,135.1476
Test08_NG_chg,충전,NG,2036,1,1,1,1,19.0194,135.6821
Test08_NG_chg,충전,NG,2037,1,1,1,1,18.9327,135.3245
Test08_NG_chg,충전,NG,2038,1,1,1,1,16.7425,145.3594
Test08_NG_chg,충전,NG,2039,1,1,1,1,20.0037,144.1266
Test08_NG_chg,충전,NG,2040,1,1,1,1,21.8017,149.6996
Test08_NG_chg,충전,NG,2041,1,1,1,1,18.7541,135.4331
Test08_NG_chg,충전,NG,2042,1,1,1,1,17.27,146.7674
Test08_NG_chg,충전,NG,2043,1,1,1,1,21.7543,150.5019
Test08_NG_chg,충전,NG,2044,1,1,1,1,19.3578,135.0519
Test08_NG_chg,충전,NG,2045,1,1,1,1,19.244,135.1088
Test08_NG_chg,충전,NG,2046,1,1,1,1,17.8854,131.4853
Test08_NG_chg,충전,NG,2047,1,1,1,1,16.926,146.3311
Test08_NG_chg,충전,NG,2048,1,1,1,1,22.117,151.2546
Test08_NG_chg,충전,NG,2049,1,1,1,1,16.8968,146.0644
Test08_NG_chg,충전,NG,2050,1,1,1,1,20.3132,144.564
Test08_NG_chg,충전,NG,2051,1,1,1,1,20.0743,143.0191
Test08_NG_chg,충전,NG,2052,1,1,1,1,20.3008,141.9305
Test08_NG_chg,충전,NG,2053,1,1,1,1,20.4492,143.6746
Test08_NG_chg,충전,NG,2054,1,1,1,1,19.9159,143.2228
Test08_NG_chg,충전,NG,2055,1,1,1,1,18.9975,137.4856
Test08_NG_chg,충전,NG,2056,1,1,1,1,19.9701,142.0035
Test08_NG_chg,충전,NG,2057,1,1,1,1,20.3277,144.6164
Test08_NG_chg,충전,NG,2058,1,1,1,1,17.9793,135.9607
Test08_NG_chg,충전,NG,2059,1,1,1,1,19.9857,143.6496
Test08_NG_chg,충전,NG,2060,1,1,1,1,20.564,146.2832
Test08_NG_chg,충전,NG,2061,1,1,1,1,19.8841,143.4351
Test08_NG_chg,충전,NG,2062,1,1,1,1,17.914,135.45
Test08_NG_chg,충전,NG,2063,1,1,1,1,19.1092,137.7498
Test08_NG_chg,충전,NG,2064,1,1,1,1,19.4891,139.3332
Test08_NG_chg,충전,NG,2065,1,1,1,1,19.4493,137.6774
Test08_NG_chg,충전,NG,2066,1,1,1,1,19.2634,137.2393
Test08_NG_chg,충전,NG,2067,1,1,1,1,19.0914,138.8898
Test08_NG_chg,충전,NG,2068,1,1,1,1,19.5275,139.3221
Test08_NG_chg,충전,NG,2069,1,1,1,1,19.174,138.2044
Test08_NG_chg,충전,NG,2070,1,1,1,1,18.871,136.6206
Test08_NG_chg,충전,NG,2071,1,1,1,1,19.1886,138.4222
Test08_NG_chg,충전,NG,2072,1,1,1,1,19.5323,138.7618
Test08_NG_chg,충전,NG,2073,1,1,1,1,19.7171,138.9433
Test08_NG_chg,충전,NG,2074,1,1,1,1,19.0479,136.811
Test08_NG_chg,충전,NG,2075,1,1,1,1,18.9351,137.192
Test08_NG_chg,충전,NG,2076,1,1,1,1,19.1247,138.0878
Test08_NG_chg,충전,NG,2077,1,1,1,1,18.0143,134.7438
Test08_NG_chg,충전,NG,2078,1,1,1,1,19.9968,140.0818
Test08_NG_chg,충전,NG,2079,1,1,1,1,19.6207,137.9385
Test08_NG_chg,충전,NG,2080,1,1,1,1,18.6968,135.6047
Test08_NG_chg,충전,NG,2081,1,1,1,1,14.2886,212.5167
Test08_NG_chg,충전,NG,2082,1,1,1,1,19.4523,138.3176
Test08_NG_chg,충전,NG,2083,1,1,1,1,18.4787,136.0226
Test08_NG_chg,충전,NG,2084,1,1,1,1,18.4668,135.5828
Test08_NG_chg,충전,NG,2085,1,1,1,1,19.1797,137.5648
Test08_NG_chg,충전,NG,2086,1,1,1,1,19.7435,138.4778
Test08_NG_chg,충전,NG,2087,1,1,1,1,19.5825,138.8484
Test08_NG_chg,충전,NG,2088,1,1,1,1,19.1364,137.7472
Test08_NG_chg,충전,NG,2089,1,1,1,1,19.1355,136.1165
Test08_NG_chg,충전,NG,2090,1,1,1,1,19.3661,136.3122
Test08_NG_chg,충전,NG,2091,1,1,1,1,18.885,136.7736
Test08_NG_chg,충전,NG,2092,1,1,1,1,19.2314,137.2197
Test08_NG_chg,충전,NG,2093,1,1,1,1,19.2242,137.4839
Test08_NG_chg,충전,NG,2094,1,1,1,1,19.1964,135.9888
Test08_NG_chg,충전,NG,2095,1,1,1,1,19.7456,138.1681
Test08_NG_chg,충전,NG,2096,1,1,1,1,19.8441,138.2612
Test08_NG_chg,충전,NG,2097,1,1,1,1,19.3891,137.2025
Test08_NG_chg,충전,NG,2098,1,1,1,1,19.3,136.8267
Test08_NG_chg,충전,NG,2099,1,1,1,1,19.4028,137.0236
Test08_NG_chg,충전,NG,2100,1,1,1,1,19.249,136.0259
Test08_NG_chg,충전,NG,2101,1,1,1,1,20.1033,139.4775
Test08_NG_chg,충전,NG,2102,1,1,1,1,19.6398,136.9779
Test08_NG_chg,충전,NG,2103,1,1,1,1,19.673,136.6427
Test08_NG_chg,충전,NG,2104,1,1,1,1,20.0209,138.5509
Test08_NG_chg,충전,NG,2105,1,1,1,1,19.1709,137.5062
Test08_NG_chg,충전,NG,2106,1,1,1,1,19.2105,136.3731
Test08_NG_chg,충전,NG,2107,1,1,1,1,19.3996,137.7546
Test08_NG_chg,충전,NG,2108,1,1,1,1,19.6575,137.539
Test08_NG_chg,충전,NG,2109,1,1,1,1,19.6544,137.6519
Test08_NG_chg,충전,NG,2110,1,1,1,1,19.3824,136.7729
Test08_NG_chg,충전,NG,2111,1,1,1,1,19.919,138.303
Test08_NG_chg,충전,NG,2112,1,1,1,1,19.9571,138.1273
Test08_NG_chg,충전,NG,2113,1,1,1,1,19.5655,137.7723
Test08_NG_chg,충전,NG,2114,1,1,1,1,19.5941,135.8364
Test08_NG_chg,충전,NG,2115,1,1,1,1,20.5982,140.0395
Test08_NG_chg,충전,NG,2116,1,1,1,1,19.9908,138.8214
Test08_NG_chg,충전,NG,2117,1,1,1,1,19.465,137.8743
Test08_NG_chg,충전,NG,2118,1,1,1,1,19.3135,136.0825
Test08_NG_chg,충전,NG,2119,1,1,1,1,19.7327,136.0722
Test08_NG_chg,충전,NG,2120,1,1,1,1,19.7123,138.163
Test08_NG_chg,충전,NG,2121,1,1,1,1,20.2354,139.2825
Test08_NG_chg,충전,NG,2122,1,1,1,1,20.3425,138.1986
Test08_NG_chg,충전,NG,2123,1,1,1,1,20.1688,138.4135
Test08_NG_chg,충전,NG,2124,1,1,1,1,19.567,137.3915
Test08_NG_chg,충전,NG,2125,1,1,1,1,20.6664,139.6614
Test08_NG_chg,충전,NG,2126,1,1,1,1,19.9772,138.1399
Test08_NG_chg,충전,NG,2127,1,1,1,1,19.7216,136.749
Test08_NG_chg,충전,NG,2128,1,1,1,1,19.4844,136.5296
Test08_NG_chg,충전,NG,2129,1,1,1,1,19.9484,137.9073
Test08_NG_chg,충전,NG,2130,1,1,1,1,19.9237,138.2058
Test08_NG_chg,충전,NG,2131,1,1,1,1,20.0818,138.3046
Test08_NG_chg,충전,NG,2132,1,1,1,1,19.7929,136.8666
Test08_NG_chg,충전,NG,2133,1,1,1,1,20.4516,138.9135
Test08_NG_chg,충전,NG,2134,1,1,1,1,19.5363,136.7406
Test08_NG_chg,충전,NG,2135,1,1,1,1,20.5037,139.6448
Test08_NG_chg,충전,NG,2136,1,1,1,1,19.9797,137.6498
Test08_NG_chg,충전,NG,2137,1,1,1,1,20.2264,138.7622
Test08_NG_chg,충전,NG,2138,1,1,1,1,19.4705,137.7642
Test08_NG_chg,충전,NG,2139,1,1,1,1,19.8367,137.6742
Test08_NG_chg,충전,NG,2140,1,1,1,1,20.3509,138.8414
Test08_NG_chg,충전,NG,2141,1,1,1,1,20.3472,137.9333
Test08_NG_chg,충전,NG,2142,1,1,1,1,19.9905,137.7175
Test08_NG_chg,충전,NG,2143,1,1,1,1,19.9318,137.0936
Test08_NG_chg,충전,NG,2144,1,1,1,1,20.13,137.7312
Test08_NG_chg,충전,NG,2145,1,1,1,1,20.1648,138.3886
Test08_NG_chg,충전,NG,2146,1,1,1,1,20.1484,138.9173
Test08_NG_chg,충전,NG,2147,1,1,1,1,20.0504,137.3178
Test08_NG_chg,충전,NG,2148,1,1,1,1,17.7361,150.0836
Test08_NG_chg,충전,NG,2149,1,1,1,1,21.7431,148.4307
Test08_NG_chg,충전,NG,2150,1,1,1,1,20.3257,138.1287
Test08_NG_chg,충전,NG,2151,1,1,1,1,18.7839,132.5146
Test08_NG_chg,충전,NG,2152,1,1,1,1,19.5631,133.6571
Test08_NG_chg,충전,NG,2153,1,1,1,1,19.0301,131.1493
Test08_NG_chg,충전,NG,2154,1,1,1,1,16.9613,144.6434
Test08_NG_chg,충전,NG,2155,1,1,1,1,19.7938,141.2098
Test08_NG_chg,충전,NG,2156,1,1,1,1,21.6287,147.1236
Test08_NG_chg,충전,NG,2157,1,1,1,1,19.1715,132.7625
Test08_NG_chg,충전,NG,2158,1,1,1,1,17.1111,144.2444
Test08_NG_chg,충전,NG,2159,1,1,1,1,19.5331,139.9415
Test08_NG_chg,충전,NG,2160,1,1,1,1,20.4695,142.6105
Test08_NG_chg,충전,NG,2161,1,1,1,1,19.994,140.1219
Test08_NG_chg,충전,NG,2162,1,1,1,1,22.3069,147.3621
Test08_NG_chg,충전,NG,2163,1,1,1,1,16.9963,143.8211
Test08_NG_chg,충전,NG,2164,1,1,1,1,20.0886,141.6981
Test08_NG_chg,충전,NG,2165,1,1,1,1,20.5966,141.5261
Test08_NG_chg,충전,NG,2166,1,1,1,1,22.5263,149.1052
Test08_NG_chg,충전,NG,2167,1,1,1,1,17.3368,144.9428
Test08_NG_chg,충전,NG,2168,1,1,1,1,20.5305,141.5961
Test08_NG_chg,충전,NG,2169,1,1,1,1,19.9965,141.3116
Test08_NG_chg,충전,NG,2170,1,1,1,1,21.0593,142.4028
Test08_NG_chg,충전,NG,2171,1,1,1,1,19.537,139.5876
Test08_NG_chg,충전,NG,2172,1,1,1,1,20.2635,140.2323
Test08_NG_chg,충전,NG,2173,1,1,1,1,21.1084,143.5321
Test08_NG_chg,충전,NG,2174,1,1,1,1,20.1176,140.2886
Test08_NG_chg,충전,NG,2175,1,1,1,1,20.2498,140.4367
Test08_NG_chg,충전,NG,2176,1,1,1,1,19.5518,138.2706
Test08_NG_chg,충전,NG,2177,1,1,1,1,20.7437,141.356
Test08_NG_chg,충전,NG,2178,1,1,1,1,19.985,139.0599
Test08_NG_chg,충전,NG,2179,1,1,1,1,19.8468,139.6684
Test08_NG_chg,충전,NG,2180,1,1,1,1,20.8093,141.0157
Test08_NG_chg,충전,NG,2181,1,1,1,1,20.2351,140.8495
Test08_NG_chg,충전,NG,2182,1,1,1,1,20.8463,140.6174
Test08_NG_chg,충전,NG,2183,1,1,1,1,19.6449,138.1979
Test08_NG_chg,충전,NG,2184,1,1,1,1,20.8996,139.9228
Test08_NG_chg,충전,NG,2185,1,1,1,1,20.5592,139.9421
Test08_NG_chg,충전,NG,2186,1,1,1,1,20.5012,140.0738
Test08_NG_chg,충전,NG,2187,1,1,1,1,20.521,139.3957
Test08_NG_chg,충전,NG,2188,1,1,1,1,20.9841,139.5062
Test08_NG_chg,충전,NG,2189,1,1,1,1,20.0106,138.4933
Test08_NG_chg,충전,NG,2190,1,1,1,1,20.595,140.1912
Test08_NG_chg,충전,NG,2191,1,1,1,1,20.1228,138.8074
Test08_NG_chg,충전,NG,2192,1,1,1,1,20.4564,139.2593
Test08_NG_chg,충전,NG,2193,1,1,1,1,20.6532,139.2437
Test08_NG_chg,충전,NG,2194,1,1,1,1,20.4287,140.1118
Test08_NG_chg,충전,NG,2195,1,1,1,1,20.2231,139.6118
Test08_NG_chg,충전,NG,2196,1,1,1,1,20.3826,139.4106
Test08_NG_chg,충전,NG,2197,1,1,1,1,20.7792,140.1193
Test08_NG_chg,충전,NG,2198,1,1,1,1,20.9334,140.3201
Test08_NG_chg,충전,NG,2199,1,1,1,1,20.6986,139.6709
Test08_NG_chg,충전,NG,2200,1,1,1,1,20.0503,137.9352
Test08_NG_chg,충전,NG,2201,1,1,1,1,21.2027,140.4546
Test08_NG_chg,충전,NG,2202,1,1,1,1,20.3881,140.1054
Test08_NG_chg,충전,NG,2203,1,1,1,1,20.9063,139.9795
Test08_NG_chg,충전,NG,2204,1,1,1,1,20.7839,140.0098
Test08_NG_chg,충전,NG,2205,1,1,1,1,20.4739,139.1087
Test08_NG_chg,충전,NG,2206,1,1,1,1,21.3593,141.3012
Test08_NG_chg,충전,NG,2207,1,1,1,1,21.0886,140.4352
Test08_NG_chg,충전,NG,2208,1,1,1,1,20.4206,138.8539
Test08_NG_chg,충전,NG,2209,1,1,1,1,20.9742,140.4116
Test08_NG_chg,충전,NG,2210,1,1,1,1,20.8749,140.2711
Test08_NG_chg,충전,NG,2211,1,1,1,1,20.6332,139.18
Test08_NG_chg,충전,NG,2212,1,1,1,1,20.6026,140.5559
Test08_NG_chg,충전,NG,2213,1,1,1,1,21.0035,139.9464
Test08_NG_chg,충전,NG,2214,1,1,1,1,21.1404,140.5335
Test08_NG_chg,충전,NG,2215,1,1,1,1,21.6378,142.0587
Test08_NG_chg,충전,NG,2216,1,1,1,1,21.0886,140.2992
Test08_NG_chg,충전,NG,2217,1,1,1,1,20.9126,140.0605
Test08_NG_chg,충전,NG,2218,1,1,1,1,20.9484,140.7833
Test08_NG_chg,충전,NG,2219,1,1,1,1,20.5252,139.7956
Test08_NG_chg,충전,NG,2220,1,1,1,1,21.6278,141.4189
Test08_NG_chg,충전,NG,2221,1,1,1,1,20.5528,139.6911
Test08_NG_chg,충전,NG,2222,1,1,1,1,21.0382,140.3243
Test08_NG_chg,충전,NG,2223,1,1,1,1,21.0767,139.6446
Test08_NG_chg,충전,NG,2224,1,1,1,1,21.0779,140.5762
Test08_NG_chg,충전,NG,2225,1,1,1,1,21.6726,142.1538
Test08_NG_chg,충전,NG,2226,1,1,1,1,20.7046,138.9268
Test08_NG_chg,충전,NG,2227,1,1,1,1,21.5716,142.1378
Test08_NG_chg,충전,NG,2228,1,1,1,1,21.9686,142.4381
Test08_NG_chg,충전,NG,2229,1,1,1,1,20.7879,140.6402
Test08_NG_chg,충전,NG,2230,1,1,1,1,21.5902,142.2962
Test08_NG_chg,충전,NG,2231,1,1,1,1,21.0309,141.1441
Test08_NG_chg,충전,NG,2232,1,1,1,1,21.4131,141.0168
Test08_NG_chg,충전,NG,2233,1,1,1,1,20.6016,138.3756
Test08_NG_chg,충전,NG,2234,1,1,1,1,21.5573,142.4199
Test08_NG_chg,충전,NG,2235,1,1,1,1,21.7563,140.3502
Test08_NG_chg,충전,NG,2236,1,1,1,1,20.7471,140.3432
Test08_NG_chg,충전,NG,2237,1,1,1,1,20.9271,139.6936
Test08_NG_chg,충전,NG,2238,1,1,1,1,20.9252,140.1172
Test08_NG_chg,충전,NG,2239,1,1,1,1,20.9521,139.337
Test08_NG_chg,충전,NG,2240,1,1,1,1,21.7041,140.6572
Test08_NG_chg,충전,NG,2241,1,1,1,1,21.1738,141.2462
Test08_NG_chg,충전,NG,2242,1,1,1,1,21.6493,140.6687
Test08_NG_chg,충전,NG,2243,1,1,1,1,19.982,134.6076
Test08_NG_chg,충전,NG,2244,1,1,1,1,20.124,134.0263
Test08_NG_chg,충전,NG,2245,1,1,1,1,21.0246,136.3112
Test08_NG_chg,충전,NG,2246,1,1,1,1,21.2133,139.6857
Test08_NG_chg,충전,NG,2247,1,1,1,1,19.9066,134.3097
Test08_NG_chg,충전,NG,2248,1,1,1,1,19.7983,133.5521
Test08_NG_chg,충전,NG,2249,1,1,1,1,21.2102,139.2824
Test08_NG_chg,충전,NG,2250,1,1,1,1,19.7904,133.6853
Test08_NG_chg,충전,NG,2251,1,1,1,1,19.7226,133.4416
Test08_NG_chg,충전,NG,2252,1,1,1,1,20.421,134.9672
Test08_NG_chg,충전,NG,2253,1,1,1,1,20.0845,134.3006
Test08_NG_chg,충전,NG,2254,1,1,1,1,20.6101,135.6954
Test08_NG_chg,충전,NG,2255,1,1,1,1,19.9058,134.4602
Test08_NG_chg,충전,NG,2256,1,1,1,1,19.4884,132.7693
Test08_NG_chg,충전,NG,2257,1,1,1,1,19.8142,133.8949
Test08_NG_chg,충전,NG,2258,1,1,1,1,20.3758,134.2682
Test08_NG_chg,충전,NG,2259,1,1,1,1,19.9149,133.0641
Test08_NG_chg,충전,NG,2260,1,1,1,1,20.0054,133.6177
Test08_NG_chg,충전,NG,2261,1,1,1,1,19.765,133.5495
Test08_NG_chg,충전,NG,2262,1,1,1,1,19.8245,132.6893
Test08_NG_chg,충전,NG,2263,1,1,1,1,20.1407,134.6009
Test08_NG_chg,충전,NG,2264,1,1,1,1,19.966,132.5568
Test08_NG_chg,충전,NG,2265,1,1,1,1,20.456,133.9024
Test08_NG_chg,충전,NG,2266,1,1,1,1,20.1243,133.0645
Test08_NG_chg,충전,NG,2267,1,1,1,1,20.3389,134.3212
Test08_NG_chg,충전,NG,2268,1,1,1,1,19.9385,132.8962
Test08_NG_chg,충전,NG,2269,1,1,1,1,20.8311,136.0922
Test08_NG_chg,충전,NG,2270,1,1,1,1,20.312,134.2796
Test08_NG_chg,충전,NG,2271,1,1,1,1,20.7812,134.6159
Test08_NG_chg,충전,NG,2272,1,1,1,1,20.4882,133.6539
Test08_NG_chg,충전,NG,2273,1,1,1,1,20.5611,134.701
Test08_NG_chg,충전,NG,2274,1,1,1,1,20.1961,133.2447
Test08_NG_chg,충전,NG,2275,1,1,1,1,19.7898,132.6689
Test08_NG_chg,충전,NG,2276,1,1,1,1,20.1453,133.3841
Test08_NG_chg,충전,NG,2277,1,1,1,1,20.1384,133.3443
Test08_NG_chg,충전,NG,2278,1,1,1,1,20.0464,132.5948
Test08_NG_chg,충전,NG,2279,1,1,1,1,20.0801,132.6476
Test08_NG_chg,충전,NG,2280,1,1,1,1,20.0365,132.6429
Test08_NG_chg,충전,NG,2281,1,1,1,1,20.3418,133.611
Test08_NG_chg,충전,NG,2282,1,1,1,1,20.3135,133.2626
Test08_NG_chg,충전,NG,2283,1,1,1,1,20.7041,133.4992
Test08_NG_chg,충전,NG,2284,1,1,1,1,19.9895,132.169
Test08_NG_chg,충전,NG,2285,1,1,1,1,20.3915,133.3591
Test08_NG_chg,충전,NG,2286,1,1,1,1,20.0582,131.9768
Test08_NG_chg,충전,NG,2287,1,1,1,1,20.4518,133.429
Test08_NG_chg,충전,NG,2288,1,1,1,1,19.7605,131.4514
Test08_NG_chg,충전,NG,2289,1,1,1,1,20.7177,133.7616
Test08_NG_chg,충전,NG,2290,1,1,1,1,20.6645,133.5825
Test08_NG_chg,충전,NG,2291,1,1,1,1,20.3465,132.8775
Test08_NG_chg,충전,NG,2292,1,1,1,1,20.5616,133.5384
Test08_NG_chg,충전,NG,2293,1,1,1,1,20.3457,133.0175
Test08_NG_chg,충전,NG,2294,1,1,1,1,20.0303,132.1452
Test08_NG_chg,충전,NG,2295,1,1,1,1,20.4421,132.7526
Test08_NG_chg,충전,NG,2296,1,1,1,1,20.5733,133.527
Test08_NG_chg,충전,NG,2297,1,1,1,1,20.2686,132.4755
Test08_NG_chg,충전,NG,2298,1,1,1,1,20.4519,132.1991
Test08_NG_chg,충전,NG,2299,1,1,1,1,20.9606,133.7307
Test08_NG_chg,충전,NG,2300,1,1,1,1,20.0695,131.2761
Test08_NG_chg,충전,NG,2301,1,1,1,1,20.3016,132.841
Test08_NG_chg,충전,NG,2302,1,1,1,1,20.2462,131.7589
Test08_NG_chg,충전,NG,2303,1,1,1,1,20.1057,132.5169
Test08_NG_chg,충전,NG,2304,1,1,1,1,20.2135,131.8965
Test08_NG_chg,충전,NG,2305,1,1,1,1,20.5938,132.7307
Test08_NG_chg,충전,NG,2306,1,1,1,1,20.5091,132.4508
Test08_NG_chg,충전,NG,2307,1,1,1,1,20.2258,131.2678
Test08_NG_chg,충전,NG,2308,1,1,1,1,20.9401,135.0137
Test08_NG_chg,충전,NG,2309,1,1,1,1,20.521,133.4685
Test08_NG_chg,충전,NG,2310,1,1,1,1,20.4895,132.4751
Test08_NG_chg,충전,NG,2311,1,1,1,1,20.7506,133.675
Test08_NG_chg,충전,NG,2312,1,1,1,1,20.2143,132.0131
Test08_NG_chg,충전,NG,2313,1,1,1,1,21.0387,133.7894
Test08_NG_chg,충전,NG,2314,1,1,1,1,20.0446,132.6217
Test08_NG_chg,충전,NG,2315,1,1,1,1,20.9309,133.0651
Test08_NG_chg,충전,NG,2316,1,1,1,1,20.4142,132.5117
Test08_NG_chg,충전,NG,2317,1,1,1,1,20.9272,133.7636
Test08_NG_chg,충전,NG,2318,1,1,1,1,20.9762,132.9723
Test08_NG_chg,충전,NG,2319,1,1,1,1,20.8987,132.4312
Test08_NG_chg,충전,NG,2320,1,1,1,1,20.2466,131.939
Test08_NG_chg,충전,NG,2321,1,1,1,1,20.1774,131.7713
Test08_NG_chg,충전,NG,2322,1,1,1,1,20.6653,134.1301
Test08_NG_chg,충전,NG,2323,1,1,1,1,20.7192,131.6542
Test08_NG_chg,충전,NG,2324,1,1,1,1,20.2245,132.3268
Test08_NG_chg,충전,NG,2325,1,1,1,1,20.8031,132.783
Test08_NG_chg,충전,NG,2326,1,1,1,1,20.0265,130.3755
Test08_NG_chg,충전,NG,2327,1,1,1,1,20.3781,132.3852
Test08_NG_chg,충전,NG,2328,1,1,1,1,20.8892,133.9828
Test08_NG_chg,충전,NG,2329,1,1,1,1,20.387,133.9387
Test08_NG_chg,충전,NG,2330,1,1,1,1,20.0079,132.4942
Test08_NG_chg,충전,NG,2331,1,1,1,1,20.5096,133.1899
Test08_NG_chg,충전,NG,2332,1,1,1,1,20.5753,131.8421
Test08_NG_chg,충전,NG,2333,1,1,1,1,20.6303,131.9145
Test08_NG_chg,충전,NG,2334,1,1,1,1,20.9963,133.8673
Test08_NG_chg,충전,NG,2335,1,1,1,1,20.9524,132.3458
Test08_NG_chg,충전,NG,2336,1,1,1,1,20.7905,132.432
Test08_NG_chg,충전,NG,2337,1,1,1,1,20.2944,131.8661
Test08_NG_chg,충전,NG,2338,1,1,1,1,19.9704,130.222
Test08_NG_chg,충전,NG,2339,1,1,1,1,20.7596,132.2841
Test08_NG_chg,충전,NG,2340,1,1,1,1,20.407,132.2982
Test08_NG_chg,충전,NG,2341,1,1,1,1,20.3832,132.5285
Test08_NG_chg,충전,NG,2342,1,1,1,1,20.7929,132.5136
Test08_NG_chg,충전,NG,2343,1,1,1,1,20.4893,131.8944
Test08_NG_chg,충전,NG,2344,1,1,1,1,21.5156,133.9895
Test08_NG_chg,충전,NG,2345,1,1,1,1,20.521,133.5902
Test08_NG_chg,충전,NG,2346,1,1,1,1,20.414,132.6023
Test08_NG_chg,충전,NG,2347,1,1,1,1,20.4055,132.5676
Test08_NG_chg,충전,NG,2348,1,1,1,1,20.9055,133.8228
Test08_NG_chg,충전,NG,2349,1,1,1,1,20.6187,132.7527
Test08_NG_chg,충전,NG,2350,1,1,1,1,20.8507,133.2406
Test08_NG_chg,충전,NG,2351,1,1,1,1,20.8066,131.4707
Test08_NG_chg,충전,NG,2352,1,1,1,1,18.0796,144.5057
Test08_NG_chg,충전,NG,2353,1,1,1,1,24.175,150.5184
Test08_NG_chg,충전,NG,2354,1,1,1,1,20.6052,132.3941
Test08_NG_chg,충전,NG,2355,1,1,1,1,20.6861,133.336
Test08_NG_chg,충전,NG,2356,1,1,1,1,20.6316,132.5038
Test08_NG_chg,충전,NG,2357,1,1,1,1,20.737,133.6969
Test08_NG_chg,충전,NG,2358,1,1,1,1,20.1901,132.0443
Test08_NG_chg,충전,NG,2359,1,1,1,1,18.4837,144.9944
Test08_NG_chg,충전,NG,2360,1,1,1,1,23.883,150.6766
Test08_NG_chg,충전,NG,2361,1,1,1,1,20.4578,133.0476
Test08_NG_chg,충전,NG,2362,1,1,1,1,20.3934,131.9882
Test08_NG_chg,충전,NG,2363,1,1,1,1,18.4575,145.7231
Test08_NG_chg,충전,NG,2364,1,1,1,1,24.191,149.1246
Test08_NG_chg,충전,NG,2365,1,1,1,1,18.3275,144.1652
Test08_NG_chg,충전,NG,2366,1,1,1,1,21.3991,141.7778
Test08_NG_chg,충전,NG,2367,1,1,1,1,24.2365,150.3688
Test08_NG_chg,충전,NG,2368,1,1,1,1,18.6246,146.1119
Test08_NG_chg,충전,NG,2369,1,1,1,1,21.0303,140.5103
Test08_NG_chg,충전,NG,2370,1,1,1,1,21.6617,142.31
Test08_NG_chg,충전,NG,2371,1,1,1,1,24.4958,150.0416
Test08_NG_chg,충전,NG,2372,1,1,1,1,18.7096,145.6977
Test08_NG_chg,충전,NG,2373,1,1,1,1,23.2601,147.6388
Test08_NG_chg,충전,NG,2374,1,1,1,1,20.964,133.7331
Test08_NG_chg,충전,NG,2375,1,1,1,1,17.8805,142.992
Test08_NG_chg,충전,NG,2376,1,1,1,1,21.9643,142.5484
Test08_NG_chg,충전,NG,2377,1,1,1,1,21.7592,142.6642
Test08_NG_chg,충전,NG,2378,1,1,1,1,24.4522,150.1471
Test08_NG_chg,충전,NG,2379,1,1,1,1,18.7635,145.7137
Test08_NG_chg,충전,NG,2380,1,1,1,1,22.0548,143.0885
Test08_NG_chg,충전,NG,2381,1,1,1,1,21.1415,141.8088
Test08_NG_chg,충전,NG,2382,1,1,1,1,22.0334,144.5376
Test08_NG_chg,충전,NG,2383,1,1,1,1,20.7645,140.8949
Test08_NG_chg,충전,NG,2384,1,1,1,1,24.1233,151.1282
Test08_NG_chg,충전,NG,2385,1,1,1,1,18.0016,144.0952
Test08_NG_chg,충전,NG,2386,1,1,1,1,21.3703,140.9486
Test08_NG_chg,충전,NG,2387,1,1,1,1,23.0468,148.8817
Test08_NG_chg,충전,NG,2388,1,1,1,1,18.4493,145.6099
Test08_NG_chg,충전,NG,2389,1,1,1,1,21.3492,141.577
Test08_NG_chg,충전,NG,2390,1,1,1,1,21.6137,142.8522
Test08_NG_chg,충전,NG,2391,1,1,1,1,20.8298,140.6958
Test08_NG_chg,충전,NG,2392,1,1,1,1,22.0338,142.2756
Test08_NG_chg,충전,NG,2393,1,1,1,1,22.0657,144.0081
Test08_NG_chg,충전,NG,2394,1,1,1,1,21.6353,142.9756
Test08_NG_chg,충전,NG,2395,1,1,1,1,21.9761,143.5312
